player_id,player_display_name,position,season,week,season_type,game_id,team,opponent_team,completions,attempts,passing_yards,passing_tds,passing_interceptions,sacks_suffered,sack_yards_lost,carries,rushing_yards,rushing_tds
00-0023459,Aaron Rodgers,QB,2025,1,REG,2025_01_PIT_NYJ,PIT,NYJ,22,30,244,4,0,4,-26,1,-1,0
00-0026158,Joe Flacco,QB,2025,1,REG,2025_01_CIN_CLE,CLE,CIN,31,45,290,1,2,2,-12,2,6,0
00-0026498,Matthew Stafford,QB,2025,1,REG,2025_01_HOU_LA,LA,HOU,21,29,245,1,0,3,-21,4,-2,0
00-0029263,Russell Wilson,QB,2025,1,REG,2025_01_NYG_WAS,NYG,WAS,17,37,168,0,0,2,-11,8,44,0
00-0030565,Geno Smith,QB,2025,1,REG,2025_01_LV_NE,LV,NE,24,34,362,1,1,4,-29,2,10,0
00-0032764,Derrick Henry,RB,2025,1,REG,2025_01_BAL_BUF,BAL,BUF,0,0,0,0,0,0,0,18,169,2
00-0033077,Dak Prescott,QB,2025,1,REG,2025_01_DAL_PHI,DAL,PHI,21,34,188,0,0,0,0,1,3,0
00-0033106,Jared Goff,QB,2025,1,REG,2025_01_DET_GB,DET,GB,31,39,225,1,1,4,-25,1,-1,0
00-0033280,Christian McCaffrey,RB,2025,1,REG,2025_01_SF_SEA,SF,SEA,0,0,0,0,0,0,0,22,69,0
00-0033293,Aaron Jones,RB,2025,1,REG,2025_01_MIN_CHI,MIN,CHI,0,0,0,0,0,0,0,8,23,0
00-0033553,James Conner,RB,2025,1,REG,2025_01_ARI_NO,ARI,NO,0,0,0,0,0,0,0,12,39,0
00-0033699,Austin Ekeler,RB,2025,1,REG,2025_01_NYG_WAS,WAS,NYG,0,0,0,0,0,0,0,6,26,0
00-0033854,Dare Ogunbowale,RB,2025,1,REG,2025_01_HOU_LA,HOU,LA,0,0,0,0,0,0,0,2,9,0
00-0033873,Patrick Mahomes,QB,2025,1,REG,2025_01_KC_LAC,KC,LAC,24,39,258,1,0,2,-9,6,57,1
00-0033906,Alvin Kamara,RB,2025,1,REG,2025_01_ARI_NO,NO,ARI,0,0,0,0,0,0,0,11,45,1
00-0033923,Kareem Hunt,RB,2025,1,REG,2025_01_KC_LAC,KC,LAC,0,0,0,0,0,0,0,5,16,0
00-0033955,Jeremy McNichols,RB,2025,1,REG,2025_01_NYG_WAS,WAS,NYG,0,0,0,0,0,0,0,4,25,0
00-0034270,Tyler Conklin,TE,2025,1,REG,2025_01_KC_LAC,LAC,KC,0,0,0,0,0,0,0,1,2,0
00-0034791,Nick Chubb,RB,2025,1,REG,2025_01_HOU_LA,HOU,LA,0,0,0,0,0,0,0,13,60,0
00-0034796,Lamar Jackson,QB,2025,1,REG,2025_01_BAL_BUF,BAL,BUF,14,19,209,2,0,2,-15,6,70,1
00-0034827,DJ Moore,WR,2025,1,REG,2025_01_MIN_CHI,CHI,MIN,0,0,0,0,0,0,0,3,8,0
00-0034844,Saquon Barkley,RB,2025,1,REG,2025_01_DAL_PHI,PHI,DAL,0,0,0,0,0,0,0,18,60,1
00-0034855,Baker Mayfield,QB,2025,1,REG,2025_01_TB_ATL,TB,ATL,17,32,167,3,0,1,-8,5,39,0
00-0034857,Josh Allen,QB,2025,1,REG,2025_01_BAL_BUF,BUF,BAL,33,46,394,2,0,1,-5,14,30,2
00-0034869,Sam Darnold,QB,2025,1,REG,2025_01_SF_SEA,SEA,SF,16,23,150,0,0,1,-4,2,14,0
00-0034975,Justice Hill,RB,2025,1,REG,2025_01_BAL_BUF,BAL,BUF,0,0,0,0,0,0,0,2,-14,0
00-0035021,Ashton Dulin,WR,2025,1,REG,2025_01_MIA_IND,IND,MIA,0,0,0,0,0,0,0,1,15,0
00-0035228,Kyler Murray,QB,2025,1,REG,2025_01_ARI_NO,ARI,NO,21,29,163,2,0,5,-33,7,38,0
00-0035243,Miles Sanders,RB,2025,1,REG,2025_01_DAL_PHI,DAL,PHI,0,0,0,0,0,0,0,4,53,0
00-0035250,Devin Singletary,RB,2025,1,REG,2025_01_NYG_WAS,NYG,WAS,0,0,0,0,0,0,0,3,9,0
00-0035261,Tony Pollard,RB,2025,1,REG,2025_01_TEN_DEN,TEN,DEN,0,0,0,0,0,0,0,18,60,0
00-0035537,Ty Johnson,RB,2025,1,REG,2025_01_BAL_BUF,BUF,BAL,0,0,0,0,0,0,0,2,24,0
00-0035685,David Montgomery,RB,2025,1,REG,2025_01_DET_GB,DET,GB,0,0,0,0,0,0,0,11,25,0
00-0035700,Josh Jacobs,RB,2025,1,REG,2025_01_DET_GB,GB,DET,0,0,0,0,0,0,0,19,66,1
00-0035710,Daniel Jones,QB,2025,1,REG,2025_01_MIA_IND,IND,MIA,22,29,272,1,0,1,-10,7,26,2
00-0035719,Deebo Samuel Sr.,WR,2025,1,REG,2025_01_NYG_WAS,WAS,NYG,0,0,0,0,0,0,0,1,19,1
00-0036139,Rico Dowdle,RB,2025,1,REG,2025_01_CAR_JAX,CAR,JAX,0,0,0,0,0,0,0,3,12,0
00-0036158,J.K. Dobbins,RB,2025,1,REG,2025_01_TEN_DEN,DEN,TEN,0,0,0,0,0,0,0,16,63,1
00-0036212,Tua Tagovailoa,QB,2025,1,REG,2025_01_MIA_IND,MIA,IND,14,23,114,1,2,3,-13,1,7,0
00-0036223,Jonathan Taylor,RB,2025,1,REG,2025_01_MIA_IND,IND,MIA,0,0,0,0,0,0,0,18,71,0
00-0036264,Jordan Love,QB,2025,1,REG,2025_01_DET_GB,GB,DET,16,22,188,2,0,0,0,3,4,0
00-0036265,AJ Dillon,RB,2025,1,REG,2025_01_DAL_PHI,PHI,DAL,0,0,0,0,0,0,0,3,10,0
00-0036275,D'Andre Swift,RB,2025,1,REG,2025_01_MIN_CHI,CHI,MIN,0,0,0,0,0,0,0,17,53,0
00-0036322,Justin Jefferson,WR,2025,1,REG,2025_01_MIN_CHI,MIN,CHI,0,0,0,0,0,0,0,1,4,0
00-0036328,Antonio Gibson,RB,2025,1,REG,2025_01_LV_NE,NE,LV,0,0,0,0,0,0,0,1,3,0
00-0036355,Justin Herbert,QB,2025,1,REG,2025_01_KC_LAC,LAC,KC,25,34,318,3,0,3,-14,7,32,0
00-0036389,Jalen Hurts,QB,2025,1,REG,2025_01_DAL_PHI,PHI,DAL,19,23,152,0,0,1,-8,14,62,2
00-0036442,Joe Burrow,QB,2025,1,REG,2025_01_CIN_CLE,CIN,CLE,14,23,113,1,0,3,-18,2,3,0
00-0036555,Chuba Hubbard,RB,2025,1,REG,2025_01_CAR_JAX,CAR,JAX,0,0,0,0,0,0,0,16,57,0
00-0036626,Dyami Brown,WR,2025,1,REG,2025_01_CAR_JAX,JAX,CAR,0,0,0,0,0,0,0,2,6,0
00-0036875,Rhamondre Stevenson,RB,2025,1,REG,2025_01_LV_NE,NE,LV,0,0,0,0,0,0,0,7,15,0
00-0036893,Najee Harris,RB,2025,1,REG,2025_01_KC_LAC,LAC,KC,0,0,0,0,0,0,0,1,5,0
00-0036919,Kenny Gainwell,RB,2025,1,REG,2025_01_PIT_NYJ,PIT,NYJ,0,0,0,0,0,0,0,7,19,0
00-0036945,Justin Fields,QB,2025,1,REG,2025_01_PIT_NYJ,NYJ,PIT,16,22,218,1,0,1,-6,12,48,2
00-0036971,Trevor Lawrence,QB,2025,1,REG,2025_01_CAR_JAX,JAX,CAR,19,31,178,1,1,0,0,4,12,0
00-0036973,Travis Etienne,RB,2025,1,REG,2025_01_CAR_JAX,JAX,CAR,0,0,0,0,0,0,0,16,143,0
00-0036980,Elijah Moore,WR,2025,1,REG,2025_01_BAL_BUF,BUF,BAL,0,0,0,0,0,0,0,1,8,0
00-0036997,Javonte Williams,RB,2025,1,REG,2025_01_DAL_PHI,DAL,PHI,0,0,0,0,0,0,0,15,54,2
00-0037013,Zach Wilson,QB,2025,1,REG,2025_01_MIA_IND,MIA,IND,5,8,32,0,0,0,0,1,3,0
00-0037197,Isiah Pacheco,RB,2025,1,REG,2025_01_KC_LAC,KC,LAC,0,0,0,0,0,0,0,5,25,0
00-0037228,Jaylen Warren,RB,2025,1,REG,2025_01_PIT_NYJ,PIT,NYJ,0,0,0,0,0,0,0,11,37,0
00-0037240,Jameson Williams,WR,2025,1,REG,2025_01_DET_GB,DET,GB,0,0,0,0,0,0,0,1,3,0
00-0037248,James Cook,RB,2025,1,REG,2025_01_BAL_BUF,BUF,BAL,0,0,0,0,0,0,0,13,44,1
00-0037256,Rachaad White,RB,2025,1,REG,2025_01_TB_ATL,TB,ATL,0,0,0,0,0,0,0,2,14,0
00-0037258,Dameon Pierce,RB,2025,1,REG,2025_01_HOU_LA,HOU,LA,0,0,0,0,0,0,0,3,5,0
00-0037263,Tyler Allgeier,RB,2025,1,REG,2025_01_TB_ATL,ATL,TB,0,0,0,0,0,0,0,10,24,0
00-0037267,Jerome Ford,RB,2025,1,REG,2025_01_CIN_CLE,CLE,CIN,0,0,0,0,0,0,0,6,8,0
00-0037525,Jordan Mason,RB,2025,1,REG,2025_01_MIN_CHI,MIN,CHI,0,0,0,0,0,0,0,15,68,0
00-0037594,Julius Chestnut,RB,2025,1,REG,2025_01_TEN_DEN,TEN,DEN,0,0,0,0,0,0,0,2,2,0
00-0037746,Brian Robinson,RB,2025,1,REG,2025_01_SF_SEA,SF,SEA,0,0,0,0,0,0,0,9,33,0
00-0037801,KaVontae Turpin,WR,2025,1,REG,2025_01_DAL_PHI,DAL,PHI,0,0,0,0,0,0,0,2,9,0
00-0037834,Brock Purdy,QB,2025,1,REG,2025_01_SF_SEA,SF,SEA,26,35,277,2,2,1,-12,5,17,0
00-0037840,Kyren Williams,RB,2025,1,REG,2025_01_HOU_LA,LA,HOU,0,0,0,0,0,0,0,18,66,1
00-0038040,Zamir White,RB,2025,1,REG,2025_01_LV_NE,LV,NE,0,0,0,0,0,0,0,3,8,0
00-0038120,Breece Hall,RB,2025,1,REG,2025_01_PIT_NYJ,NYJ,PIT,0,0,0,0,0,0,0,19,107,0
00-0038134,Kenneth Walker III,RB,2025,1,REG,2025_01_SF_SEA,SEA,SF,0,0,0,0,0,0,0,10,20,0
00-0038542,Bijan Robinson,RB,2025,1,REG,2025_01_TB_ATL,ATL,TB,0,0,0,0,0,0,0,12,24,0
00-0038551,Kendre Miller,RB,2025,1,REG,2025_01_ARI_NO,NO,ARI,0,0,0,0,0,0,0,5,24,0
00-0038555,Tank Bigsby,RB,2025,1,REG,2025_01_CAR_JAX,JAX,CAR,0,0,0,0,0,0,0,5,12,0
00-0038573,Derius Davis,WR,2025,1,REG,2025_01_KC_LAC,LAC,KC,0,0,0,0,0,0,0,1,3,0
00-0038597,Chase Brown,RB,2025,1,REG,2025_01_CIN_CLE,CIN,CLE,0,0,0,0,0,0,0,21,43,1
00-0038618,Xavier Hutchinson,WR,2025,1,REG,2025_01_HOU_LA,HOU,LA,0,0,0,0,0,0,0,1,5,0
00-0038621,DeMario Douglas,WR,2025,1,REG,2025_01_LV_NE,NE,LV,0,0,0,0,0,0,0,1,4,0
00-0038685,Chris Brooks,RB,2025,1,REG,2025_01_DET_GB,GB,DET,0,0,0,0,0,0,0,1,1,0
00-0038797,Emanuel Wilson,RB,2025,1,REG,2025_01_DET_GB,GB,DET,0,0,0,0,0,0,0,1,4,0
00-0038951,Sean Tucker,RB,2025,1,REG,2025_01_TB_ATL,TB,ATL,0,0,0,0,0,0,0,1,2,0
00-0038996,Tucker Kraft,TE,2025,1,REG,2025_01_DET_GB,GB,DET,0,0,0,0,0,0,0,1,3,0
00-0039040,De'Von Achane,RB,2025,1,REG,2025_01_MIA_IND,MIA,IND,0,0,0,0,0,0,0,7,55,0
00-0039064,Zay Flowers,WR,2025,1,REG,2025_01_BAL_BUF,BAL,BUF,0,0,0,0,0,0,0,2,8,0
00-0039075,Puka Nacua,WR,2025,1,REG,2025_01_HOU_LA,LA,HOU,0,0,0,0,0,0,0,1,1,0
00-0039139,Jahmyr Gibbs,RB,2025,1,REG,2025_01_DET_GB,DET,GB,0,0,0,0,0,0,0,9,19,0
00-0039150,Bryce Young,QB,2025,1,REG,2025_01_CAR_JAX,CAR,JAX,18,35,154,1,2,1,-12,5,40,0
00-0039163,C.J. Stroud,QB,2025,1,REG,2025_01_HOU_LA,HOU,LA,19,27,188,0,1,3,-37,5,32,0
00-0039165,Zach Charbonnet,RB,2025,1,REG,2025_01_SF_SEA,SEA,SF,0,0,0,0,0,0,0,12,47,1
00-0039361,Bucky Irving,RB,2025,1,REG,2025_01_TB_ATL,TB,ATL,0,0,0,0,0,0,0,14,37,0
00-0039376,Spencer Rattler,QB,2025,1,REG,2025_01_ARI_NO,NO,ARI,27,46,214,0,0,1,-6,4,29,0
00-0039384,Tyrone Tracy Jr.,RB,2025,1,REG,2025_01_NYG_WAS,NYG,WAS,0,0,0,0,0,0,0,10,24,0
00-0039732,Bo Nix,QB,2025,1,REG,2025_01_TEN_DEN,DEN,TEN,25,40,176,1,2,1,-10,8,18,0
00-0039738,Blake Corum,RB,2025,1,REG,2025_01_HOU_LA,LA,HOU,0,0,0,0,0,0,0,1,2,0
00-0039746,Will Shipley,RB,2025,1,REG,2025_01_DAL_PHI,PHI,DAL,0,0,0,0,0,0,0,3,26,0
00-0039751,Jordan Whittington,WR,2025,1,REG,2025_01_HOU_LA,LA,HOU,0,0,0,0,0,0,0,1,5,0
00-0039793,AJ Barner,TE,2025,1,REG,2025_01_SF_SEA,SEA,SF,0,0,0,0,0,0,0,1,2,0
00-0039794,Braelon Allen,RB,2025,1,REG,2025_01_PIT_NYJ,NYJ,PIT,0,0,0,0,0,0,0,6,9,1
00-0039796,Rasheen Ali,RB,2025,1,REG,2025_01_BAL_BUF,BAL,BUF,0,0,0,0,0,0,0,1,5,0
00-0039798,Isaiah Davis,RB,2025,1,REG,2025_01_PIT_NYJ,NYJ,PIT,0,0,0,0,0,0,0,2,18,0
00-0039851,Drake Maye,QB,2025,1,REG,2025_01_LV_NE,NE,LV,30,46,287,1,1,4,-11,4,11,0
00-0039875,Ray Davis,RB,2025,1,REG,2025_01_BAL_BUF,BUF,BAL,0,0,0,0,0,0,0,1,2,0
00-0039880,Malik Washington,WR,2025,1,REG,2025_01_MIA_IND,MIA,IND,0,0,0,0,0,0,0,1,9,0
00-0039893,Brian Thomas Jr.,WR,2025,1,REG,2025_01_CAR_JAX,JAX,CAR,0,0,0,0,0,0,0,1,9,1
00-0039894,Xavier Worthy,WR,2025,1,REG,2025_01_KC_LAC,KC,LAC,0,0,0,0,0,0,0,1,0,0
00-0039910,Jayden Daniels,QB,2025,1,REG,2025_01_NYG_WAS,WAS,NYG,19,30,233,1,0,3,-21,11,68,0
00-0039917,Michael Penix Jr.,QB,2025,1,REG,2025_01_TB_ATL,ATL,TB,27,42,298,1,0,1,-9,6,21,1
00-0039918,Caleb Williams,QB,2025,1,REG,2025_01_MIN_CHI,CHI,MIN,21,35,210,1,0,2,-12,6,58,1
00-0039921,Trey Benson,RB,2025,1,REG,2025_01_ARI_NO,ARI,NO,0,0,0,0,0,0,0,8,69,0
00-0039923,J.J. McCarthy,QB,2025,1,REG,2025_01_MIN_CHI,MIN,CHI,13,20,143,2,1,3,-9,2,25,1
00-0040122,Ashton Jeanty,RB,2025,1,REG,2025_01_LV_NE,LV,NE,0,0,0,0,0,0,0,19,38,1
00-0040128,Tyler Warren,TE,2025,1,REG,2025_01_MIA_IND,IND,MIA,0,0,0,0,0,0,0,1,3,0
00-0040129,Emeka Egbuka,WR,2025,1,REG,2025_01_TB_ATL,TB,ATL,0,0,0,0,0,0,0,1,9,0
00-0040142,Kaleb Johnson,RB,2025,1,REG,2025_01_PIT_NYJ,PIT,NYJ,0,0,0,0,0,0,0,1,-2,0
00-0040162,Dylan Sampson,RB,2025,1,REG,2025_01_CIN_CLE,CLE,CIN,0,0,0,0,0,0,0,12,29,0
00-0040179,DJ Giddens,RB,2025,1,REG,2025_01_MIA_IND,IND,MIA,0,0,0,0,0,0,0,12,41,0
00-0040198,Ollie Gordon II,RB,2025,1,REG,2025_01_MIA_IND,MIA,IND,0,0,0,0,0,0,0,2,4,0
00-0040202,Devin Neal,RB,2025,1,REG,2025_01_ARI_NO,NO,ARI,0,0,0,0,0,0,0,2,9,0
00-0040238,LeQuint Allen Jr.,RB,2025,1,REG,2025_01_CAR_JAX,JAX,CAR,0,0,0,0,0,0,0,1,7,0
00-0040242,Jacory Croskey-Merritt,RB,2025,1,REG,2025_01_NYG_WAS,WAS,NYG,0,0,0,0,0,0,0,10,82,1
00-0040466,Raheim Sanders,RB,2025,1,REG,2025_01_CIN_CLE,CLE,CIN,0,0,0,0,0,0,0,3,3,1
00-0040476,Ulysses Bentley IV,RB,2025,1,REG,2025_01_MIA_IND,IND,MIA,0,0,0,0,0,0,0,1,0,0
00-0040583,Woody Marks,RB,2025,1,REG,2025_01_HOU_LA,HOU,LA,0,0,0,0,0,0,0,3,3,0
00-0040644,Trevor Etienne,RB,2025,1,REG,2025_01_CAR_JAX,CAR,JAX,0,0,0,0,0,0,0,1,4,0
00-0040663,Harold Fannin Jr.,TE,2025,1,REG,2025_01_CIN_CLE,CLE,CIN,0,0,0,0,0,0,0,1,3,0
00-0040666,Omarion Hampton,RB,2025,1,REG,2025_01_KC_LAC,LAC,KC,0,0,0,0,0,0,0,15,48,0
00-0040673,Jalen Milroe,QB,2025,1,REG,2025_01_SF_SEA,SEA,SF,0,0,0,0,0,0,0,1,1,0
00-0040676,Cam Ward,QB,2025,1,REG,2025_01_TEN_DEN,TEN,DEN,12,28,112,0,0,6,-50,0,0,0
00-0040705,Chimere Dike,WR,2025,1,REG,2025_01_TEN_DEN,TEN,DEN,0,0,0,0,0,0,0,1,9,0
00-0040715,Cam Skattebo,RB,2025,1,REG,2025_01_NYG_WAS,NYG,WAS,0,0,0,0,0,0,0,2,-3,0
00-0040719,Bhayshul Tuten,RB,2025,1,REG,2025_01_CAR_JAX,JAX,CAR,0,0,0,0,0,0,0,3,11,0
00-0040730,RJ Harvey,RB,2025,1,REG,2025_01_TEN_DEN,DEN,TEN,0,0,0,0,0,0,0,6,70,0
00-0040734,TreVeyon Henderson,RB,2025,1,REG,2025_01_LV_NE,NE,LV,0,0,0,0,0,0,0,5,27,0
00-0023459,Aaron Rodgers,QB,2025,2,REG,2025_02_SEA_PIT,PIT,SEA,18,33,203,1,2,3,-20,1,3,0
00-0026158,Joe Flacco,QB,2025,2,REG,2025_02_CLE_BAL,CLE,BAL,25,45,199,1,1,2,-11,1,8,0
00-0026498,Matthew Stafford,QB,2025,2,REG,2025_02_LA_TEN,LA,TEN,23,33,298,2,1,1,-8,2,-6,0
00-0028118,Tyrod Taylor,QB,2025,2,REG,2025_02_BUF_NYJ,NYJ,BUF,7,11,56,1,0,2,-10,3,21,0
00-0029263,Russell Wilson,QB,2025,2,REG,2025_02_NYG_DAL,NYG,DAL,30,41,450,3,1,3,-28,3,23,0
00-0030565,Geno Smith,QB,2025,2,REG,2025_02_LAC_LV,LV,LAC,24,43,180,0,3,3,-30,5,20,0
00-0032464,Kalif Raymond,WR,2025,2,REG,2025_02_CHI_DET,DET,CHI,0,0,0,0,0,0,0,1,9,0
00-0032764,Derrick Henry,RB,2025,2,REG,2025_02_CLE_BAL,BAL,CLE,0,0,0,0,0,0,0,11,23,0
00-0033077,Dak Prescott,QB,2025,2,REG,2025_02_NYG_DAL,DAL,NYG,38,52,361,2,1,3,-18,3,17,0
00-0033106,Jared Goff,QB,2025,2,REG,2025_02_CHI_DET,DET,CHI,23,28,334,5,0,0,0,1,6,0
00-0033119,Jacoby Brissett,QB,2025,2,REG,2025_02_CAR_ARI,ARI,CAR,0,0,0,0,0,0,0,1,2,0
00-0033280,Christian McCaffrey,RB,2025,2,REG,2025_02_SF_NO,SF,NO,0,0,0,0,0,0,0,13,55,0
00-0033293,Aaron Jones,RB,2025,2,REG,2025_02_ATL_MIN,MIN,ATL,0,0,0,0,0,0,0,5,23,0
00-0033553,James Conner,RB,2025,2,REG,2025_02_CAR_ARI,ARI,CAR,0,0,0,0,0,0,0,11,34,1
00-0033662,Cooper Rush,QB,2025,2,REG,2025_02_CLE_BAL,BAL,CLE,0,0,0,0,0,0,0,3,-4,0
00-0033699,Austin Ekeler,RB,2025,2,REG,2025_02_WAS_GB,WAS,GB,0,0,0,0,0,0,0,8,17,0
00-0033869,Mitchell Trubisky,QB,2025,2,REG,2025_02_BUF_NYJ,BUF,NYJ,1,2,32,0,0,0,0,3,-3,0
00-0033873,Patrick Mahomes,QB,2025,2,REG,2025_02_PHI_KC,KC,PHI,16,29,187,1,1,2,-14,7,66,1
00-0033906,Alvin Kamara,RB,2025,2,REG,2025_02_SF_NO,NO,SF,0,0,0,0,0,0,0,21,99,0
00-0033923,Kareem Hunt,RB,2025,2,REG,2025_02_PHI_KC,KC,PHI,0,0,0,0,0,0,0,8,31,0
00-0034753,Mark Andrews,TE,2025,2,REG,2025_02_CLE_BAL,BAL,CLE,0,0,0,0,0,0,0,1,2,0
00-0034771,Mason Rudolph,QB,2025,2,REG,2025_02_SEA_PIT,PIT,SEA,2,2,12,0,0,0,0,0,0,0
00-0034791,Nick Chubb,RB,2025,2,REG,2025_02_TB_HOU,HOU,TB,0,0,0,0,0,0,0,12,43,1
00-0034796,Lamar Jackson,QB,2025,2,REG,2025_02_CLE_BAL,BAL,CLE,19,29,225,4,0,3,-28,2,13,0
00-0034844,Saquon Barkley,RB,2025,2,REG,2025_02_PHI_KC,PHI,KC,0,0,0,0,0,0,0,22,88,1
00-0034855,Baker Mayfield,QB,2025,2,REG,2025_02_TB_HOU,TB,HOU,25,38,215,2,0,4,-24,3,33,0
00-0034857,Josh Allen,QB,2025,2,REG,2025_02_BUF_NYJ,BUF,NYJ,14,25,148,0,0,1,-1,6,59,0
00-0034869,Sam Darnold,QB,2025,2,REG,2025_02_SEA_PIT,SEA,PIT,22,33,295,2,2,2,-17,0,0,0
00-0034975,Justice Hill,RB,2025,2,REG,2025_02_CLE_BAL,BAL,CLE,0,0,0,0,0,0,0,3,7,0
00-0035100,Jake Browning,QB,2025,2,REG,2025_02_JAX_CIN,CIN,JAX,21,32,241,2,3,1,-7,1,1,1
00-0035208,Olamide Zaccheaus,WR,2025,2,REG,2025_02_CHI_DET,CHI,DET,0,0,0,0,0,0,0,1,9,0
00-0035228,Kyler Murray,QB,2025,2,REG,2025_02_CAR_ARI,ARI,CAR,17,25,220,1,1,1,-9,7,32,0
00-0035243,Miles Sanders,RB,2025,2,REG,2025_02_NYG_DAL,DAL,NYG,0,0,0,0,0,0,0,5,15,1
00-0035250,Devin Singletary,RB,2025,2,REG,2025_02_NYG_DAL,NYG,DAL,0,0,0,0,0,0,0,1,4,0
00-0035261,Tony Pollard,RB,2025,2,REG,2025_02_LA_TEN,TEN,LA,0,0,0,0,0,0,0,20,92,0
00-0035537,Ty Johnson,RB,2025,2,REG,2025_02_BUF_NYJ,BUF,NYJ,0,0,0,0,0,0,0,2,6,0
00-0035567,Craig Reynolds,RB,2025,2,REG,2025_02_CHI_DET,DET,CHI,0,0,0,0,0,0,0,3,4,0
00-0035685,David Montgomery,RB,2025,2,REG,2025_02_CHI_DET,DET,CHI,0,0,0,0,0,0,0,11,57,1
00-0035700,Josh Jacobs,RB,2025,2,REG,2025_02_WAS_GB,GB,WAS,0,0,0,0,0,0,0,23,84,1
00-0035710,Daniel Jones,QB,2025,2,REG,2025_02_DEN_IND,IND,DEN,23,34,316,1,0,1,-10,6,2,1
00-0036139,Rico Dowdle,RB,2025,2,REG,2025_02_CAR_ARI,CAR,ARI,0,0,0,0,0,0,0,6,9,0
00-0036158,J.K. Dobbins,RB,2025,2,REG,2025_02_DEN_IND,DEN,IND,0,0,0,0,0,0,0,14,76,1
00-0036212,Tua Tagovailoa,QB,2025,2,REG,2025_02_NE_MIA,MIA,NE,26,32,315,2,1,5,-18,0,0,0
00-0036223,Jonathan Taylor,RB,2025,2,REG,2025_02_DEN_IND,IND,DEN,0,0,0,0,0,0,0,25,165,0
00-0036264,Jordan Love,QB,2025,2,REG,2025_02_WAS_GB,GB,WAS,19,31,292,2,0,2,-23,3,12,0
00-0036265,AJ Dillon,RB,2025,2,REG,2025_02_PHI_KC,PHI,KC,0,0,0,0,0,0,0,3,19,0
00-0036275,D'Andre Swift,RB,2025,2,REG,2025_02_CHI_DET,CHI,DET,0,0,0,0,0,0,0,12,63,1
00-0036328,Antonio Gibson,RB,2025,2,REG,2025_02_NE_MIA,NE,MIA,0,0,0,0,0,0,0,5,27,0
00-0036355,Justin Herbert,QB,2025,2,REG,2025_02_LAC_LV,LAC,LV,19,27,242,2,0,2,-6,9,31,0
00-0036389,Jalen Hurts,QB,2025,2,REG,2025_02_PHI_KC,PHI,KC,15,22,101,0,0,2,-7,9,15,1
00-0036442,Joe Burrow,QB,2025,2,REG,2025_02_JAX_CIN,CIN,JAX,7,13,76,1,0,2,-8,0,0,0
00-0036555,Chuba Hubbard,RB,2025,2,REG,2025_02_CAR_ARI,CAR,ARI,0,0,0,0,0,0,0,10,38,0
00-0036626,Dyami Brown,WR,2025,2,REG,2025_02_JAX_CIN,JAX,CIN,0,0,0,0,0,0,0,1,9,0
00-0036875,Rhamondre Stevenson,RB,2025,2,REG,2025_02_NE_MIA,NE,MIA,0,0,0,0,0,0,0,11,54,0
00-0036893,Najee Harris,RB,2025,2,REG,2025_02_LAC_LV,LAC,LV,0,0,0,0,0,0,0,8,28,0
00-0036919,Kenny Gainwell,RB,2025,2,REG,2025_02_SEA_PIT,PIT,SEA,0,0,0,0,0,0,0,5,20,0
00-0036945,Justin Fields,QB,2025,2,REG,2025_02_BUF_NYJ,NYJ,BUF,3,11,27,0,0,2,-19,5,49,0
00-0036963,Amon-Ra St. Brown,WR,2025,2,REG,2025_02_CHI_DET,DET,CHI,0,0,0,0,0,0,0,2,7,0
00-0036971,Trevor Lawrence,QB,2025,2,REG,2025_02_JAX_CIN,JAX,CIN,24,42,271,3,2,1,-10,2,4,0
00-0036972,Mac Jones,QB,2025,2,REG,2025_02_SF_NO,SF,NO,26,39,279,3,0,3,-12,6,6,0
00-0036973,Travis Etienne,RB,2025,2,REG,2025_02_JAX_CIN,JAX,CIN,0,0,0,0,0,0,0,14,71,0
00-0036980,Elijah Moore,WR,2025,2,REG,2025_02_BUF_NYJ,BUF,NYJ,0,0,0,0,0,0,0,2,6,1
00-0036997,Javonte Williams,RB,2025,2,REG,2025_02_NYG_DAL,DAL,NYG,0,0,0,0,0,0,0,18,97,1
00-0037085,Tyler Badie,RB,2025,2,REG,2025_02_DEN_IND,DEN,IND,0,0,0,0,0,0,0,1,3,0
00-0037197,Isiah Pacheco,RB,2025,2,REG,2025_02_PHI_KC,KC,PHI,0,0,0,0,0,0,0,10,22,0
00-0037228,Jaylen Warren,RB,2025,2,REG,2025_02_SEA_PIT,PIT,SEA,0,0,0,0,0,0,0,14,48,0
00-0037248,James Cook,RB,2025,2,REG,2025_02_BUF_NYJ,BUF,NYJ,0,0,0,0,0,0,0,21,132,2
00-0037256,Rachaad White,RB,2025,2,REG,2025_02_TB_HOU,TB,HOU,0,0,0,0,0,0,0,10,65,1
00-0037263,Tyler Allgeier,RB,2025,2,REG,2025_02_ATL_MIN,ATL,MIN,0,0,0,0,0,0,0,16,76,1
00-0037267,Jerome Ford,RB,2025,2,REG,2025_02_CLE_BAL,CLE,BAL,0,0,0,0,0,0,0,6,31,0
00-0037525,Jordan Mason,RB,2025,2,REG,2025_02_ATL_MIN,MIN,ATL,0,0,0,0,0,0,0,9,30,0
00-0037746,Brian Robinson,RB,2025,2,REG,2025_02_SF_NO,SF,NO,0,0,0,0,0,0,0,6,20,0
00-0037801,KaVontae Turpin,WR,2025,2,REG,2025_02_NYG_DAL,DAL,NYG,0,0,0,0,0,0,0,2,6,0
00-0037840,Kyren Williams,RB,2025,2,REG,2025_02_LA_TEN,LA,TEN,0,0,0,0,0,0,0,17,66,0
00-0038040,Zamir White,RB,2025,2,REG,2025_02_LAC_LV,LV,LAC,0,0,0,0,0,0,0,2,-2,0
00-0038120,Breece Hall,RB,2025,2,REG,2025_02_BUF_NYJ,NYJ,BUF,0,0,0,0,0,0,0,10,29,0
00-0038134,Kenneth Walker III,RB,2025,2,REG,2025_02_SEA_PIT,SEA,PIT,0,0,0,0,0,0,0,13,105,1
00-0038416,Tyson Bagent,QB,2025,2,REG,2025_02_CHI_DET,CHI,DET,2,3,27,0,0,0,0,2,7,0
00-0038542,Bijan Robinson,RB,2025,2,REG,2025_02_ATL_MIN,ATL,MIN,0,0,0,0,0,0,0,22,143,0
00-0038544,Quentin Johnston,WR,2025,2,REG,2025_02_LAC_LV,LAC,LV,0,0,0,0,0,0,0,1,-2,0
00-0038551,Kendre Miller,RB,2025,2,REG,2025_02_SF_NO,NO,SF,0,0,0,0,0,0,0,5,8,0
00-0038563,Tre Tucker,WR,2025,2,REG,2025_02_LAC_LV,LV,LAC,0,0,0,0,0,0,0,1,7,0
00-0038597,Chase Brown,RB,2025,2,REG,2025_02_JAX_CIN,CIN,JAX,0,0,0,0,0,0,0,16,47,0
00-0039040,De'Von Achane,RB,2025,2,REG,2025_02_NE_MIA,MIA,NE,0,0,0,0,0,0,0,11,30,0
00-0039064,Zay Flowers,WR,2025,2,REG,2025_02_CLE_BAL,BAL,CLE,0,0,0,0,0,0,0,1,4,0
00-0039075,Puka Nacua,WR,2025,2,REG,2025_02_LA_TEN,LA,TEN,0,0,0,0,0,0,0,1,45,1
00-0039139,Jahmyr Gibbs,RB,2025,2,REG,2025_02_CHI_DET,DET,CHI,0,0,0,0,0,0,0,12,94,1
00-0039150,Bryce Young,QB,2025,2,REG,2025_02_CAR_ARI,CAR,ARI,35,55,328,3,1,3,-25,2,2,0
00-0039163,C.J. Stroud,QB,2025,2,REG,2025_02_TB_HOU,HOU,TB,13,24,207,1,0,3,-25,4,27,0
00-0039165,Zach Charbonnet,RB,2025,2,REG,2025_02_SEA_PIT,SEA,PIT,0,0,0,0,0,0,0,15,10,0
00-0039342,Xavier Legette,WR,2025,2,REG,2025_02_CAR_ARI,CAR,ARI,0,0,0,0,0,0,0,1,0,0
00-0039361,Bucky Irving,RB,2025,2,REG,2025_02_TB_HOU,TB,HOU,0,0,0,0,0,0,0,17,71,0
00-0039376,Spencer Rattler,QB,2025,2,REG,2025_02_SF_NO,NO,SF,25,34,207,3,0,3,-21,4,14,0
00-0039384,Tyrone Tracy Jr.,RB,2025,2,REG,2025_02_NYG_DAL,NYG,DAL,0,0,0,0,0,0,0,5,15,0
00-0039732,Bo Nix,QB,2025,2,REG,2025_02_DEN_IND,DEN,IND,22,30,206,3,1,0,0,3,20,0
00-0039738,Blake Corum,RB,2025,2,REG,2025_02_LA_TEN,LA,TEN,0,0,0,0,0,0,0,5,44,1
00-0039793,AJ Barner,TE,2025,2,REG,2025_02_SEA_PIT,SEA,PIT,0,0,0,0,0,0,0,1,2,0
00-0039794,Braelon Allen,RB,2025,2,REG,2025_02_BUF_NYJ,NYJ,BUF,0,0,0,0,0,0,0,2,11,0
00-0039851,Drake Maye,QB,2025,2,REG,2025_02_NE_MIA,NE,MIA,19,23,230,2,0,3,-19,10,31,1
00-0039868,Troy Franklin,WR,2025,2,REG,2025_02_DEN_IND,DEN,IND,0,0,0,0,0,0,0,1,11,0
00-0039875,Ray Davis,RB,2025,2,REG,2025_02_BUF_NYJ,BUF,NYJ,0,0,0,0,0,0,0,9,24,0
00-0039880,Malik Washington,WR,2025,2,REG,2025_02_NE_MIA,MIA,NE,0,0,0,0,0,0,0,3,23,0
00-0039910,Jayden Daniels,QB,2025,2,REG,2025_02_WAS_GB,WAS,GB,24,42,200,2,0,4,-21,7,17,0
00-0039916,Ricky Pearsall,WR,2025,2,REG,2025_02_SF_NO,SF,NO,0,0,0,0,0,0,0,1,-4,0
00-0039917,Michael Penix Jr.,QB,2025,2,REG,2025_02_ATL_MIN,ATL,MIN,13,21,135,0,0,3,-27,1,-1,0
00-0039918,Caleb Williams,QB,2025,2,REG,2025_02_CHI_DET,CHI,DET,19,30,207,2,1,4,-29,5,27,0
00-0039921,Trey Benson,RB,2025,2,REG,2025_02_CAR_ARI,ARI,CAR,0,0,0,0,0,0,0,3,14,0
00-0039923,J.J. McCarthy,QB,2025,2,REG,2025_02_ATL_MIN,MIN,ATL,11,21,158,0,2,6,-38,5,25,0
00-0040009,Savion Williams,WR,2025,2,REG,2025_02_WAS_GB,GB,WAS,0,0,0,0,0,0,0,2,24,0
00-0040078,Brashard Smith,RB,2025,2,REG,2025_02_PHI_KC,KC,PHI,0,0,0,0,0,0,0,1,2,0
00-0040122,Ashton Jeanty,RB,2025,2,REG,2025_02_LAC_LV,LV,LAC,0,0,0,0,0,0,0,11,43,0
00-0040128,Tyler Warren,TE,2025,2,REG,2025_02_DEN_IND,IND,DEN,0,0,0,0,0,0,0,1,0,0
00-0040142,Kaleb Johnson,RB,2025,2,REG,2025_02_SEA_PIT,PIT,SEA,0,0,0,0,0,0,0,1,1,0
00-0040162,Dylan Sampson,RB,2025,2,REG,2025_02_CLE_BAL,CLE,BAL,0,0,0,0,0,0,0,4,6,0
00-0040198,Ollie Gordon II,RB,2025,2,REG,2025_02_NE_MIA,MIA,NE,0,0,0,0,0,0,0,1,8,0
00-0040236,Kyle Monangai,RB,2025,2,REG,2025_02_CHI_DET,CHI,DET,0,0,0,0,0,0,0,7,28,0
00-0040238,LeQuint Allen Jr.,RB,2025,2,REG,2025_02_JAX_CIN,JAX,CIN,0,0,0,0,0,0,0,2,13,0
00-0040242,Jacory Croskey-Merritt,RB,2025,2,REG,2025_02_WAS_GB,WAS,GB,0,0,0,0,0,0,0,4,17,0
00-0040582,Arian Smith,WR,2025,2,REG,2025_02_BUF_NYJ,NYJ,BUF,0,0,0,0,0,0,0,1,-10,0
00-0040583,Woody Marks,RB,2025,2,REG,2025_02_TB_HOU,HOU,TB,0,0,0,0,0,0,0,3,14,0
00-0040666,Omarion Hampton,RB,2025,2,REG,2025_02_LAC_LV,LAC,LV,0,0,0,0,0,0,0,8,24,0
00-0040667,Matthew Golden,WR,2025,2,REG,2025_02_WAS_GB,GB,WAS,0,0,0,0,0,0,0,2,15,0
00-0040676,Cam Ward,QB,2025,2,REG,2025_02_LA_TEN,TEN,LA,19,33,175,1,0,5,-32,4,8,0
00-0040691,Jaxson Dart,QB,2025,2,REG,2025_02_NYG_DAL,NYG,DAL,0,0,0,0,0,0,0,1,-3,0
00-0040704,Dillon Gabriel,QB,2025,2,REG,2025_02_CLE_BAL,CLE,BAL,3,3,19,1,0,0,0,0,0,0
00-0040705,Chimere Dike,WR,2025,2,REG,2025_02_LA_TEN,TEN,LA,0,0,0,0,0,0,0,2,9,0
00-0040715,Cam Skattebo,RB,2025,2,REG,2025_02_NYG_DAL,NYG,DAL,0,0,0,0,0,0,0,11,45,1
00-0040719,Bhayshul Tuten,RB,2025,2,REG,2025_02_JAX_CIN,JAX,CIN,0,0,0,0,0,0,0,8,42,0
00-0040730,RJ Harvey,RB,2025,2,REG,2025_02_DEN_IND,DEN,IND,0,0,0,0,0,0,0,5,8,0
00-0040734,TreVeyon Henderson,RB,2025,2,REG,2025_02_NE_MIA,NE,MIA,0,0,0,0,0,0,0,3,10,0
00-0040782,Isaiah Bond,WR,2025,2,REG,2025_02_CLE_BAL,CLE,BAL,0,0,0,0,0,0,0,1,9,0
00-0040784,Quinshon Judkins,RB,2025,2,REG,2025_02_CLE_BAL,CLE,BAL,0,0,0,0,0,0,0,10,61,0
00-0023459,Aaron Rodgers,QB,2025,3,REG,2025_03_PIT_NE,PIT,NE,16,23,139,2,1,0,0,4,1,0
00-0026158,Joe Flacco,QB,2025,3,REG,2025_03_GB_CLE,CLE,GB,21,36,142,0,1,2,-17,0,0,0
00-0026498,Matthew Stafford,QB,2025,3,REG,2025_03_LA_PHI,LA,PHI,19,33,196,2,1,1,0,0,0,0
00-0027973,Andy Dalton,QB,2025,3,REG,2025_03_ATL_CAR,CAR,ATL,0,0,0,0,0,0,0,1,-1,0
00-0028118,Tyrod Taylor,QB,2025,3,REG,2025_03_NYJ_TB,NYJ,TB,26,36,197,2,1,4,-29,8,48,0
00-0029263,Russell Wilson,QB,2025,3,REG,2025_03_KC_NYG,NYG,KC,18,32,160,0,2,2,-9,5,27,0
00-0029604,Kirk Cousins,QB,2025,3,REG,2025_03_ATL_CAR,ATL,CAR,5,7,29,0,0,0,0,0,0,0
00-0030565,Geno Smith,QB,2025,3,REG,2025_03_LV_WAS,LV,WAS,19,29,289,3,0,5,-28,2,5,0
00-0032268,Marcus Mariota,QB,2025,3,REG,2025_03_LV_WAS,WAS,LV,15,21,207,1,0,1,-8,6,40,1
00-0032764,Derrick Henry,RB,2025,3,REG,2025_03_DET_BAL,BAL,DET,0,1,0,0,0,0,0,12,50,1
00-0032950,Carson Wentz,QB,2025,3,REG,2025_03_CIN_MIN,MIN,CIN,14,20,173,2,0,3,-19,2,4,0
00-0033077,Dak Prescott,QB,2025,3,REG,2025_03_DAL_CHI,DAL,CHI,31,40,251,1,2,2,-17,0,0,0
00-0033106,Jared Goff,QB,2025,3,REG,2025_03_DET_BAL,DET,BAL,20,28,202,1,0,0,0,4,6,0
00-0033280,Christian McCaffrey,RB,2025,3,REG,2025_03_ARI_SF,SF,ARI,0,0,0,0,0,0,0,17,52,0
00-0033526,Samaje Perine,RB,2025,3,REG,2025_03_CIN_MIN,CIN,MIN,0,0,0,0,0,0,0,4,21,0
00-0033553,James Conner,RB,2025,3,REG,2025_03_ARI_SF,ARI,SF,0,0,0,0,0,0,0,9,22,0
00-0033873,Patrick Mahomes,QB,2025,3,REG,2025_03_KC_NYG,KC,NYG,22,37,224,1,0,2,-23,5,2,0
00-0033906,Alvin Kamara,RB,2025,3,REG,2025_03_NO_SEA,NO,SEA,0,0,0,0,0,0,0,18,42,0
00-0033923,Kareem Hunt,RB,2025,3,REG,2025_03_KC_NYG,KC,NYG,0,0,0,0,0,0,0,10,34,1
00-0033955,Jeremy McNichols,RB,2025,3,REG,2025_03_LV_WAS,WAS,LV,0,0,0,0,0,0,0,4,78,1
00-0034791,Nick Chubb,RB,2025,3,REG,2025_03_HOU_JAX,HOU,JAX,0,0,0,0,0,0,0,9,38,0
00-0034796,Lamar Jackson,QB,2025,3,REG,2025_03_DET_BAL,BAL,DET,21,27,288,3,0,7,-55,7,35,0
00-0034827,DJ Moore,WR,2025,3,REG,2025_03_DAL_CHI,CHI,DAL,0,0,0,0,0,0,0,3,7,0
00-0034844,Saquon Barkley,RB,2025,3,REG,2025_03_LA_PHI,PHI,LA,0,0,0,0,0,0,0,18,46,0
00-0034855,Baker Mayfield,QB,2025,3,REG,2025_03_NYJ_TB,TB,NYJ,19,29,233,1,0,1,-8,4,44,0
00-0034857,Josh Allen,QB,2025,3,REG,2025_03_MIA_BUF,BUF,MIA,22,28,213,3,0,2,-10,4,25,0
00-0034869,Sam Darnold,QB,2025,3,REG,2025_03_NO_SEA,SEA,NO,14,18,218,2,0,0,0,0,0,0
00-0034955,Brett Rypien,QB,2025,3,REG,2025_03_CIN_MIN,CIN,MIN,0,0,0,0,0,1,-2,0,0,0
00-0035100,Jake Browning,QB,2025,3,REG,2025_03_CIN_MIN,CIN,MIN,19,27,140,1,2,3,-20,1,3,0
00-0035208,Olamide Zaccheaus,WR,2025,3,REG,2025_03_DAL_CHI,CHI,DAL,0,0,0,0,0,0,0,1,12,0
00-0035228,Kyler Murray,QB,2025,3,REG,2025_03_ARI_SF,ARI,SF,22,35,159,1,0,1,-5,6,37,0
00-0035243,Miles Sanders,RB,2025,3,REG,2025_03_DAL_CHI,DAL,CHI,0,0,0,0,0,0,0,9,41,0
00-0035250,Devin Singletary,RB,2025,3,REG,2025_03_KC_NYG,NYG,KC,0,0,0,0,0,0,0,4,11,0
00-0035261,Tony Pollard,RB,2025,3,REG,2025_03_IND_TEN,TEN,IND,0,0,0,0,0,0,0,16,45,1
00-0035500,Greg Dortch,WR,2025,3,REG,2025_03_ARI_SF,ARI,SF,0,0,0,0,0,0,0,1,5,0
00-0035537,Ty Johnson,RB,2025,3,REG,2025_03_MIA_BUF,BUF,MIA,0,0,0,0,0,0,0,3,13,0
00-0035685,David Montgomery,RB,2025,3,REG,2025_03_DET_BAL,DET,BAL,0,0,0,0,0,0,0,12,151,2
00-0035700,Josh Jacobs,RB,2025,3,REG,2025_03_GB_CLE,GB,CLE,0,0,0,0,0,0,0,16,30,0
00-0035704,Drew Lock,QB,2025,3,REG,2025_03_NO_SEA,SEA,NO,2,3,15,0,0,0,0,1,-1,0
00-0035710,Daniel Jones,QB,2025,3,REG,2025_03_IND_TEN,IND,TEN,18,25,228,1,0,0,0,4,27,0
00-0035719,Deebo Samuel Sr.,WR,2025,3,REG,2025_03_LV_WAS,WAS,LV,0,0,0,0,0,0,0,3,18,0
00-0036139,Rico Dowdle,RB,2025,3,REG,2025_03_ATL_CAR,CAR,ATL,0,0,0,0,0,0,0,10,30,1
00-0036158,J.K. Dobbins,RB,2025,3,REG,2025_03_DEN_LAC,DEN,LAC,0,0,0,0,0,0,0,11,83,1
00-0036212,Tua Tagovailoa,QB,2025,3,REG,2025_03_MIA_BUF,MIA,BUF,22,34,146,2,1,0,0,2,10,0
00-0036223,Jonathan Taylor,RB,2025,3,REG,2025_03_IND_TEN,IND,TEN,0,0,0,0,0,0,0,17,102,3
00-0036264,Jordan Love,QB,2025,3,REG,2025_03_GB_CLE,GB,CLE,18,25,183,1,1,5,-34,4,18,0
00-0036275,D'Andre Swift,RB,2025,3,REG,2025_03_DAL_CHI,CHI,DAL,0,0,0,0,0,0,0,13,33,0
00-0036328,Antonio Gibson,RB,2025,3,REG,2025_03_PIT_NE,NE,PIT,0,0,0,0,0,0,0,7,28,0
00-0036355,Justin Herbert,QB,2025,3,REG,2025_03_DEN_LAC,LAC,DEN,28,47,300,1,1,5,-30,2,6,0
00-0036389,Jalen Hurts,QB,2025,3,REG,2025_03_LA_PHI,PHI,LA,21,32,226,3,0,4,-24,9,40,1
00-0036414,Cam Akers,RB,2025,3,REG,2025_03_CIN_MIN,MIN,CIN,0,0,0,0,0,0,0,5,19,0
00-0036555,Chuba Hubbard,RB,2025,3,REG,2025_03_ATL_CAR,CAR,ATL,0,0,0,0,0,0,0,17,73,0
00-0036875,Rhamondre Stevenson,RB,2025,3,REG,2025_03_PIT_NE,NE,PIT,0,0,0,0,0,0,0,4,18,0
00-0036893,Najee Harris,RB,2025,3,REG,2025_03_DEN_LAC,LAC,DEN,0,0,0,0,0,0,0,6,28,0
00-0036900,Ja'Marr Chase,WR,2025,3,REG,2025_03_CIN_MIN,CIN,MIN,0,0,0,0,0,0,0,1,9,0
00-0036919,Kenny Gainwell,RB,2025,3,REG,2025_03_PIT_NE,PIT,NE,0,0,0,0,0,0,0,4,16,1
00-0036971,Trevor Lawrence,QB,2025,3,REG,2025_03_HOU_JAX,JAX,HOU,20,40,222,0,1,2,-17,2,9,0
00-0036972,Mac Jones,QB,2025,3,REG,2025_03_ARI_SF,SF,ARI,27,41,284,1,1,1,-2,1,-1,0
00-0036973,Travis Etienne,RB,2025,3,REG,2025_03_HOU_JAX,JAX,HOU,0,0,0,0,0,0,0,16,56,1
00-0036980,Elijah Moore,WR,2025,3,REG,2025_03_MIA_BUF,BUF,MIA,0,0,0,0,0,0,0,1,11,0
00-0036997,Javonte Williams,RB,2025,3,REG,2025_03_DAL_CHI,DAL,CHI,0,0,0,0,0,0,0,10,76,0
00-0037120,Tyler Goodson,RB,2025,3,REG,2025_03_IND_TEN,IND,TEN,0,0,0,0,0,0,0,2,6,0
00-0037197,Isiah Pacheco,RB,2025,3,REG,2025_03_KC_NYG,KC,NYG,0,0,0,0,0,0,0,10,45,0
00-0037228,Jaylen Warren,RB,2025,3,REG,2025_03_PIT_NE,PIT,NE,0,0,0,0,0,0,0,18,47,0
00-0037248,James Cook,RB,2025,3,REG,2025_03_MIA_BUF,BUF,MIA,0,0,0,0,0,0,0,19,108,1
00-0037256,Rachaad White,RB,2025,3,REG,2025_03_NYJ_TB,TB,NYJ,0,0,0,0,0,0,0,5,12,0
00-0037263,Tyler Allgeier,RB,2025,3,REG,2025_03_ATL_CAR,ATL,CAR,0,0,0,0,0,0,0,1,4,0
00-0037525,Jordan Mason,RB,2025,3,REG,2025_03_CIN_MIN,MIN,CIN,0,0,0,0,0,0,0,16,116,2
00-0037594,Julius Chestnut,RB,2025,3,REG,2025_03_IND_TEN,TEN,IND,0,0,0,0,0,0,0,2,26,0
00-0037746,Brian Robinson,RB,2025,3,REG,2025_03_ARI_SF,SF,ARI,0,0,0,0,0,0,0,2,22,0
00-0037801,KaVontae Turpin,WR,2025,3,REG,2025_03_DAL_CHI,DAL,CHI,0,0,0,0,0,0,0,1,4,0
00-0037840,Kyren Williams,RB,2025,3,REG,2025_03_LA_PHI,LA,PHI,0,0,0,0,0,0,0,20,94,0
00-0038040,Zamir White,RB,2025,3,REG,2025_03_LV_WAS,LV,WAS,0,0,0,0,0,0,0,5,19,0
00-0038120,Breece Hall,RB,2025,3,REG,2025_03_NYJ_TB,NYJ,TB,0,0,0,0,0,0,0,9,21,0
00-0038134,Kenneth Walker III,RB,2025,3,REG,2025_03_NO_SEA,SEA,NO,0,0,0,0,0,0,0,16,38,2
00-0038440,Zavier Scott,RB,2025,3,REG,2025_03_CIN_MIN,MIN,CIN,0,0,0,0,0,0,0,8,30,0
00-0038519,Nikko Remigio,WR,2025,3,REG,2025_03_KC_NYG,KC,NYG,0,0,0,0,0,0,0,1,11,0
00-0038542,Bijan Robinson,RB,2025,3,REG,2025_03_ATL_CAR,ATL,CAR,0,0,0,0,0,0,0,13,72,0
00-0038551,Kendre Miller,RB,2025,3,REG,2025_03_NO_SEA,NO,SEA,0,0,0,0,0,0,0,7,27,0
00-0038563,Tre Tucker,WR,2025,3,REG,2025_03_LV_WAS,LV,WAS,0,0,0,0,0,0,0,1,4,0
00-0038573,Derius Davis,WR,2025,3,REG,2025_03_DEN_LAC,LAC,DEN,0,0,0,0,0,0,0,1,2,0
00-0038597,Chase Brown,RB,2025,3,REG,2025_03_CIN_MIN,CIN,MIN,0,0,0,0,0,0,0,10,3,0
00-0038611,Chris Rodriguez Jr.,RB,2025,3,REG,2025_03_LV_WAS,WAS,LV,0,0,0,0,0,0,0,11,39,0
00-0038705,Emari Demercado,RB,2025,3,REG,2025_03_ARI_SF,ARI,SF,0,0,0,0,0,0,0,2,0,0
00-0038797,Emanuel Wilson,RB,2025,3,REG,2025_03_GB_CLE,GB,CLE,0,0,0,0,0,0,0,6,25,0
00-0039040,De'Von Achane,RB,2025,3,REG,2025_03_MIA_BUF,MIA,BUF,0,0,0,0,0,0,0,12,62,0
00-0039075,Puka Nacua,WR,2025,3,REG,2025_03_LA_PHI,LA,PHI,0,0,0,0,0,0,0,1,6,0
00-0039139,Jahmyr Gibbs,RB,2025,3,REG,2025_03_DET_BAL,DET,BAL,0,0,0,0,0,0,0,22,67,2
00-0039150,Bryce Young,QB,2025,3,REG,2025_03_ATL_CAR,CAR,ATL,16,24,121,0,0,1,-7,2,8,1
00-0039163,C.J. Stroud,QB,2025,3,REG,2025_03_HOU_JAX,HOU,JAX,25,38,204,1,2,2,-20,4,22,0
00-0039164,Anthony Richardson,QB,2025,3,REG,2025_03_IND_TEN,IND,TEN,0,0,0,0,0,0,0,4,-1,0
00-0039299,George Holani,RB,2025,3,REG,2025_03_NO_SEA,SEA,NO,0,0,0,0,0,0,0,10,27,0
00-0039361,Bucky Irving,RB,2025,3,REG,2025_03_NYJ_TB,TB,NYJ,0,0,0,0,0,0,0,25,66,0
00-0039376,Spencer Rattler,QB,2025,3,REG,2025_03_NO_SEA,NO,SEA,28,39,218,1,1,2,-13,2,10,0
00-0039384,Tyrone Tracy Jr.,RB,2025,3,REG,2025_03_KC_NYG,NYG,KC,0,0,0,0,0,0,0,7,29,0
00-0039398,Joe Milton III,QB,2025,3,REG,2025_03_DAL_CHI,DAL,CHI,3,5,41,0,1,0,0,0,0,0
00-0039407,Dylan Laube,RB,2025,3,REG,2025_03_LV_WAS,LV,WAS,0,0,0,0,0,0,0,3,2,0
00-0039732,Bo Nix,QB,2025,3,REG,2025_03_DEN_LAC,DEN,LAC,14,25,153,1,0,2,-6,8,33,0
00-0039738,Blake Corum,RB,2025,3,REG,2025_03_LA_PHI,LA,PHI,0,0,0,0,0,0,0,8,53,0
00-0039750,Joshua Karty,K,2025,3,REG,2025_03_LA_PHI,LA,PHI,0,1,0,0,0,0,0,0,0,0
00-0039751,Jordan Whittington,WR,2025,3,REG,2025_03_LA_PHI,LA,PHI,0,0,0,0,0,0,0,2,7,0
00-0039794,Braelon Allen,RB,2025,3,REG,2025_03_NYJ_TB,NYJ,TB,0,0,0,0,0,0,0,6,30,0
00-0039851,Drake Maye,QB,2025,3,REG,2025_03_PIT_NE,NE,PIT,28,37,268,2,1,5,-18,7,45,0
00-0039880,Malik Washington,WR,2025,3,REG,2025_03_MIA_BUF,MIA,BUF,0,0,0,0,0,0,0,2,20,0
00-0039917,Michael Penix Jr.,QB,2025,3,REG,2025_03_ATL_CAR,ATL,CAR,18,36,172,0,2,0,0,2,9,0
00-0039918,Caleb Williams,QB,2025,3,REG,2025_03_DAL_CHI,CHI,DAL,19,28,298,4,0,0,0,5,12,0
00-0039921,Trey Benson,RB,2025,3,REG,2025_03_ARI_SF,ARI,SF,0,0,0,0,0,0,0,10,42,0
00-0040009,Savion Williams,WR,2025,3,REG,2025_03_GB_CLE,GB,CLE,0,0,0,0,0,0,0,2,-1,0
00-0040067,Jacardia Wright,RB,2025,3,REG,2025_03_NO_SEA,SEA,NO,0,0,0,0,0,0,0,5,20,0
00-0040078,Brashard Smith,RB,2025,3,REG,2025_03_KC_NYG,KC,NYG,0,0,0,0,0,0,0,2,13,0
00-0040122,Ashton Jeanty,RB,2025,3,REG,2025_03_LV_WAS,LV,WAS,0,0,0,0,0,0,0,17,63,0
00-0040162,Dylan Sampson,RB,2025,3,REG,2025_03_GB_CLE,CLE,GB,0,0,0,0,0,0,0,1,2,0
00-0040179,DJ Giddens,RB,2025,3,REG,2025_03_IND_TEN,IND,TEN,0,0,0,0,0,0,0,1,3,0
00-0040198,Ollie Gordon II,RB,2025,3,REG,2025_03_MIA_BUF,MIA,BUF,0,0,0,0,0,0,0,9,38,1
00-0040208,Tahj Brooks,RB,2025,3,REG,2025_03_CIN_MIN,CIN,MIN,0,0,0,0,0,0,0,5,17,0
00-0040236,Kyle Monangai,RB,2025,3,REG,2025_03_DAL_CHI,CHI,DAL,0,0,0,0,0,0,0,6,16,0
00-0040242,Jacory Croskey-Merritt,RB,2025,3,REG,2025_03_LV_WAS,WAS,LV,0,0,0,0,0,0,0,8,26,1
00-0040494,Max Brosmer,QB,2025,3,REG,2025_03_CIN_MIN,MIN,CIN,2,4,29,0,0,0,0,0,0,0
00-0040547,Nate Carter,RB,2025,3,REG,2025_03_ATL_CAR,ATL,CAR,0,0,0,0,0,0,0,7,46,0
00-0040583,Woody Marks,RB,2025,3,REG,2025_03_HOU_JAX,HOU,JAX,0,0,0,0,0,0,0,6,27,0
00-0040666,Omarion Hampton,RB,2025,3,REG,2025_03_DEN_LAC,LAC,DEN,0,0,0,0,0,0,0,19,70,1
00-0040667,Matthew Golden,WR,2025,3,REG,2025_03_GB_CLE,GB,CLE,0,0,0,0,0,0,0,3,9,0
00-0040673,Jalen Milroe,QB,2025,3,REG,2025_03_NO_SEA,SEA,NO,0,0,0,0,0,0,0,1,3,0
00-0040676,Cam Ward,QB,2025,3,REG,2025_03_IND_TEN,TEN,IND,23,38,219,1,1,4,-23,3,12,0
00-0040691,Jaxson Dart,QB,2025,3,REG,2025_03_KC_NYG,NYG,KC,0,0,0,0,0,0,0,1,3,0
00-0040705,Chimere Dike,WR,2025,3,REG,2025_03_IND_TEN,TEN,IND,0,0,0,0,0,0,0,2,3,0
00-0040715,Cam Skattebo,RB,2025,3,REG,2025_03_KC_NYG,NYG,KC,0,0,0,0,0,0,0,10,60,1
00-0040719,Bhayshul Tuten,RB,2025,3,REG,2025_03_HOU_JAX,JAX,HOU,0,0,0,0,0,0,0,6,21,1
00-0040730,RJ Harvey,RB,2025,3,REG,2025_03_DEN_LAC,DEN,LAC,0,0,0,0,0,0,0,2,2,0
00-0040734,TreVeyon Henderson,RB,2025,3,REG,2025_03_PIT_NE,NE,PIT,0,0,0,0,0,0,0,11,28,0
00-0040735,Luther Burden III,WR,2025,3,REG,2025_03_DAL_CHI,CHI,DAL,0,0,0,0,0,0,0,1,7,0
00-0040743,Tyler Shough,QB,2025,3,REG,2025_03_NO_SEA,NO,SEA,0,2,0,0,0,0,0,0,0,0
00-0040784,Quinshon Judkins,RB,2025,3,REG,2025_03_GB_CLE,CLE,GB,0,0,0,0,0,0,0,18,94,1
00-0023459,Aaron Rodgers,QB,2025,4,REG,2025_04_MIN_PIT,PIT,MIN,18,22,200,1,0,2,-18,3,8,0
00-0026158,Joe Flacco,QB,2025,4,REG,2025_04_CLE_DET,CLE,DET,16,34,184,0,2,3,-14,3,-1,0
00-0026498,Matthew Stafford,QB,2025,4,REG,2025_04_IND_LA,LA,IND,29,41,375,3,0,3,-15,4,4,0
00-0027973,Andy Dalton,QB,2025,4,REG,2025_04_CAR_NE,CAR,NE,5,6,58,1,0,0,0,0,0,0
00-0029263,Russell Wilson,QB,2025,4,REG,2025_04_LAC_NYG,NYG,LAC,1,1,8,0,0,1,-5,0,0,0
00-0030565,Geno Smith,QB,2025,4,REG,2025_04_CHI_LV,LV,CHI,14,21,117,2,3,0,0,4,31,0
00-0031687,Raheem Mostert,RB,2025,4,REG,2025_04_CHI_LV,LV,CHI,0,0,0,0,0,0,0,4,62,0
00-0032268,Marcus Mariota,QB,2025,4,REG,2025_04_WAS_ATL,WAS,ATL,16,27,156,2,1,2,-9,2,20,0
00-0032385,Sterling Shepard,WR,2025,4,REG,2025_04_PHI_TB,TB,PHI,0,0,0,0,0,0,0,1,6,0
00-0032398,Chris Moore,WR,2025,4,REG,2025_04_WAS_ATL,WAS,ATL,0,0,0,0,0,0,0,1,9,0
00-0032764,Derrick Henry,RB,2025,4,REG,2025_04_BAL_KC,BAL,KC,0,0,0,0,0,0,0,8,42,0
00-0032950,Carson Wentz,QB,2025,4,REG,2025_04_MIN_PIT,MIN,PIT,30,46,350,2,2,6,-48,2,12,0
00-0033077,Dak Prescott,QB,2025,4,REG,2025_04_GB_DAL,DAL,GB,31,40,319,3,0,1,0,1,2,1
00-0033106,Jared Goff,QB,2025,4,REG,2025_04_CLE_DET,DET,CLE,16,27,168,2,1,0,0,0,0,0
00-0033280,Christian McCaffrey,RB,2025,4,REG,2025_04_JAX_SF,SF,JAX,0,0,0,0,0,0,0,17,49,0
00-0033526,Samaje Perine,RB,2025,4,REG,2025_04_CIN_DEN,CIN,DEN,0,0,0,0,0,0,0,1,4,0
00-0033589,David Moore,WR,2025,4,REG,2025_04_CAR_NE,CAR,NE,0,0,0,0,0,0,0,1,12,0
00-0033662,Cooper Rush,QB,2025,4,REG,2025_04_BAL_KC,BAL,KC,9,13,52,0,0,0,0,0,0,0
00-0033873,Patrick Mahomes,QB,2025,4,REG,2025_04_BAL_KC,KC,BAL,25,37,270,4,0,1,-6,4,5,0
00-0033906,Alvin Kamara,RB,2025,4,REG,2025_04_NO_BUF,NO,BUF,0,0,0,0,0,0,0,15,70,0
00-0033923,Kareem Hunt,RB,2025,4,REG,2025_04_BAL_KC,KC,BAL,0,0,0,0,0,0,0,13,34,0
00-0033949,Joshua Dobbs,QB,2025,4,REG,2025_04_CAR_NE,NE,CAR,0,1,0,0,0,0,0,3,-2,0
00-0033955,Jeremy McNichols,RB,2025,4,REG,2025_04_WAS_ATL,WAS,ATL,0,0,0,0,0,0,0,2,3,0
00-0034577,Kyle Allen,QB,2025,4,REG,2025_04_CLE_DET,DET,CLE,0,0,0,0,0,0,0,2,-2,0
00-0034791,Nick Chubb,RB,2025,4,REG,2025_04_TEN_HOU,HOU,TEN,0,0,0,0,0,0,0,13,47,0
00-0034796,Lamar Jackson,QB,2025,4,REG,2025_04_BAL_KC,BAL,KC,14,20,147,1,1,3,-5,6,48,0
00-0034844,Saquon Barkley,RB,2025,4,REG,2025_04_PHI_TB,PHI,TB,0,0,0,0,0,0,0,19,43,1
00-0034855,Baker Mayfield,QB,2025,4,REG,2025_04_PHI_TB,TB,PHI,22,40,289,2,1,2,-17,2,13,0
00-0034857,Josh Allen,QB,2025,4,REG,2025_04_NO_BUF,BUF,NO,16,22,209,2,1,3,-18,7,45,1
00-0034869,Sam Darnold,QB,2025,4,REG,2025_04_SEA_ARI,SEA,ARI,18,26,242,1,0,3,-13,1,24,0
00-0034975,Justice Hill,RB,2025,4,REG,2025_04_BAL_KC,BAL,KC,0,0,0,0,0,0,0,3,76,1
00-0035021,Ashton Dulin,WR,2025,4,REG,2025_04_IND_LA,IND,LA,0,0,0,0,0,0,0,1,7,0
00-0035100,Jake Browning,QB,2025,4,REG,2025_04_CIN_DEN,CIN,DEN,14,25,125,0,0,3,-19,3,4,0
00-0035228,Kyler Murray,QB,2025,4,REG,2025_04_SEA_ARI,ARI,SEA,27,41,200,2,2,6,-36,5,41,0
00-0035243,Miles Sanders,RB,2025,4,REG,2025_04_GB_DAL,DAL,GB,0,0,0,0,0,0,0,2,8,0
00-0035250,Devin Singletary,RB,2025,4,REG,2025_04_LAC_NYG,NYG,LAC,0,0,0,0,0,0,0,7,28,0
00-0035261,Tony Pollard,RB,2025,4,REG,2025_04_TEN_HOU,TEN,HOU,0,0,0,0,0,0,0,14,64,0
00-0035289,Gardner Minshew,QB,2025,4,REG,2025_04_BAL_KC,KC,BAL,0,0,0,0,0,0,0,2,-3,0
00-0035500,Greg Dortch,WR,2025,4,REG,2025_04_SEA_ARI,ARI,SEA,0,0,0,0,0,0,0,1,4,0
00-0035537,Ty Johnson,RB,2025,4,REG,2025_04_NO_BUF,BUF,NO,0,0,0,0,0,0,0,1,0,0
00-0035685,David Montgomery,RB,2025,4,REG,2025_04_CLE_DET,DET,CLE,0,0,0,0,0,0,0,9,12,0
00-0035700,Josh Jacobs,RB,2025,4,REG,2025_04_GB_DAL,GB,DAL,0,0,0,0,0,0,0,22,86,2
00-0035710,Daniel Jones,QB,2025,4,REG,2025_04_IND_LA,IND,LA,24,33,262,1,2,2,-14,1,-1,0
00-0035719,Deebo Samuel Sr.,WR,2025,4,REG,2025_04_WAS_ATL,WAS,ATL,0,0,0,0,0,0,0,3,9,0
00-0036139,Rico Dowdle,RB,2025,4,REG,2025_04_CAR_NE,CAR,NE,0,0,0,0,0,0,0,9,32,0
00-0036158,J.K. Dobbins,RB,2025,4,REG,2025_04_CIN_DEN,DEN,CIN,0,0,0,0,0,0,0,16,101,0
00-0036212,Tua Tagovailoa,QB,2025,4,REG,2025_04_NYJ_MIA,MIA,NYJ,17,25,177,2,0,0,0,3,6,0
00-0036223,Jonathan Taylor,RB,2025,4,REG,2025_04_IND_LA,IND,LA,0,0,0,0,0,0,0,17,76,0
00-0036264,Jordan Love,QB,2025,4,REG,2025_04_GB_DAL,GB,DAL,31,43,337,3,0,1,-12,3,28,0
00-0036265,AJ Dillon,RB,2025,4,REG,2025_04_PHI_TB,PHI,TB,0,0,0,0,0,0,0,3,17,0
00-0036275,D'Andre Swift,RB,2025,4,REG,2025_04_CHI_LV,CHI,LV,0,0,0,0,0,0,0,14,38,1
00-0036313,Braden Mann,P,2025,4,REG,2025_04_PHI_TB,PHI,TB,0,0,0,0,0,0,0,1,-34,0
00-0036328,Antonio Gibson,RB,2025,4,REG,2025_04_CAR_NE,NE,CAR,0,0,0,0,0,0,0,6,27,1
00-0036355,Justin Herbert,QB,2025,4,REG,2025_04_LAC_NYG,LAC,NYG,23,41,203,1,2,2,-17,1,24,0
00-0036389,Jalen Hurts,QB,2025,4,REG,2025_04_PHI_TB,PHI,TB,15,24,130,2,0,2,-18,9,62,0
00-0036555,Chuba Hubbard,RB,2025,4,REG,2025_04_CAR_NE,CAR,NE,0,0,0,0,0,0,0,10,49,0
00-0036727,Adam Prentice,FB,2025,4,REG,2025_04_CIN_DEN,DEN,CIN,0,0,0,0,0,0,0,1,4,0
00-0036875,Rhamondre Stevenson,RB,2025,4,REG,2025_04_CAR_NE,NE,CAR,0,0,0,0,0,0,0,9,38,0
00-0036919,Kenny Gainwell,RB,2025,4,REG,2025_04_MIN_PIT,PIT,MIN,0,0,0,0,0,0,0,19,99,2
00-0036924,Michael Carter,RB,2025,4,REG,2025_04_SEA_ARI,ARI,SEA,0,0,0,0,0,0,0,1,1,0
00-0036945,Justin Fields,QB,2025,4,REG,2025_04_NYJ_MIA,NYJ,MIA,20,27,226,1,0,2,-19,7,81,1
00-0036971,Trevor Lawrence,QB,2025,4,REG,2025_04_JAX_SF,JAX,SF,21,31,174,1,0,0,0,7,7,0
00-0036973,Travis Etienne,RB,2025,4,REG,2025_04_JAX_SF,JAX,SF,0,0,0,0,0,0,0,19,124,1
00-0036980,Elijah Moore,WR,2025,4,REG,2025_04_NO_BUF,BUF,NO,0,0,0,0,0,0,0,1,0,0
00-0036997,Javonte Williams,RB,2025,4,REG,2025_04_GB_DAL,DAL,GB,0,0,0,0,0,0,0,20,85,1
00-0037197,Isiah Pacheco,RB,2025,4,REG,2025_04_BAL_KC,KC,BAL,0,0,0,0,0,0,0,7,35,0
00-0037239,Chris Olave,WR,2025,4,REG,2025_04_NO_BUF,NO,BUF,0,1,0,0,1,0,0,0,0,0
00-0037240,Jameson Williams,WR,2025,4,REG,2025_04_CLE_DET,DET,CLE,0,0,0,0,0,0,0,1,-3,0
00-0037248,James Cook,RB,2025,4,REG,2025_04_NO_BUF,BUF,NO,0,0,0,0,0,0,0,22,117,1
00-0037256,Rachaad White,RB,2025,4,REG,2025_04_PHI_TB,TB,PHI,0,0,0,0,0,0,0,6,17,0
00-0037263,Tyler Allgeier,RB,2025,4,REG,2025_04_WAS_ATL,ATL,WAS,0,0,0,0,0,0,0,16,51,1
00-0037267,Jerome Ford,RB,2025,4,REG,2025_04_CLE_DET,CLE,DET,0,0,0,0,0,0,0,1,-1,0
00-0037304,Connor Heyward,FB,2025,4,REG,2025_04_MIN_PIT,PIT,MIN,0,0,0,0,0,0,0,1,2,0
00-0037525,Jordan Mason,RB,2025,4,REG,2025_04_MIN_PIT,MIN,PIT,0,0,0,0,0,0,0,16,57,0
00-0037545,Rashid Shaheed,WR,2025,4,REG,2025_04_NO_BUF,NO,BUF,0,0,0,0,0,0,0,2,5,0
00-0037594,Julius Chestnut,RB,2025,4,REG,2025_04_TEN_HOU,TEN,HOU,0,0,0,0,0,0,0,1,0,0
00-0037746,Brian Robinson,RB,2025,4,REG,2025_04_JAX_SF,SF,JAX,0,0,0,0,0,0,0,5,21,0
00-0037801,KaVontae Turpin,WR,2025,4,REG,2025_04_GB_DAL,DAL,GB,0,0,0,0,0,0,0,1,4,0
00-0037834,Brock Purdy,QB,2025,4,REG,2025_04_JAX_SF,SF,JAX,22,38,309,2,2,1,-3,2,13,0
00-0037840,Kyren Williams,RB,2025,4,REG,2025_04_IND_LA,LA,IND,0,0,0,0,0,0,0,13,77,0
00-0038120,Breece Hall,RB,2025,4,REG,2025_04_NYJ_MIA,NYJ,MIA,0,0,0,0,0,0,0,14,81,0
00-0038134,Kenneth Walker III,RB,2025,4,REG,2025_04_SEA_ARI,SEA,ARI,0,0,0,0,0,0,0,19,81,0
00-0038440,Zavier Scott,RB,2025,4,REG,2025_04_MIN_PIT,MIN,PIT,0,0,0,0,0,0,0,2,1,0
00-0038542,Bijan Robinson,RB,2025,4,REG,2025_04_WAS_ATL,ATL,WAS,0,0,0,0,0,0,0,17,75,1
00-0038543,Jaxon Smith-Njigba,WR,2025,4,REG,2025_04_SEA_ARI,SEA,ARI,0,0,0,0,0,0,0,3,11,0
00-0038551,Kendre Miller,RB,2025,4,REG,2025_04_NO_BUF,NO,BUF,0,0,0,0,0,0,0,11,65,1
00-0038563,Tre Tucker,WR,2025,4,REG,2025_04_CHI_LV,LV,CHI,0,0,0,0,0,0,0,2,9,0
00-0038597,Chase Brown,RB,2025,4,REG,2025_04_CIN_DEN,CIN,DEN,0,0,0,0,0,0,0,10,40,0
00-0038606,Parker Washington,WR,2025,4,REG,2025_04_JAX_SF,JAX,SF,0,0,0,0,0,0,0,1,-1,0
00-0038611,Chris Rodriguez Jr.,RB,2025,4,REG,2025_04_WAS_ATL,WAS,ATL,0,0,0,0,0,0,0,7,59,0
00-0038619,Andrei Iosivas,WR,2025,4,REG,2025_04_CIN_DEN,CIN,DEN,0,0,0,0,0,0,0,1,5,0
00-0038705,Emari Demercado,RB,2025,4,REG,2025_04_SEA_ARI,ARI,SEA,0,0,0,0,0,0,0,2,8,0
00-0038738,Hunter Luepke,RB,2025,4,REG,2025_04_GB_DAL,DAL,GB,0,0,0,0,0,0,0,1,6,0
00-0038797,Emanuel Wilson,RB,2025,4,REG,2025_04_GB_DAL,GB,DAL,0,0,0,0,0,0,0,8,44,0
00-0038896,Jacob Saylors,RB,2025,4,REG,2025_04_CLE_DET,DET,CLE,0,0,0,0,0,0,0,2,11,0
00-0038976,Marvin Mims Jr.,WR,2025,4,REG,2025_04_CIN_DEN,DEN,CIN,0,0,0,0,0,0,0,1,16,1
00-0039040,De'Von Achane,RB,2025,4,REG,2025_04_NYJ_MIA,MIA,NYJ,0,0,0,0,0,0,0,20,99,1
00-0039139,Jahmyr Gibbs,RB,2025,4,REG,2025_04_CLE_DET,DET,CLE,0,0,0,0,0,0,0,15,91,1
00-0039150,Bryce Young,QB,2025,4,REG,2025_04_CAR_NE,CAR,NE,18,30,150,1,0,1,-11,1,3,0
00-0039163,C.J. Stroud,QB,2025,4,REG,2025_04_TEN_HOU,HOU,TEN,22,28,233,2,0,2,-9,4,11,0
00-0039165,Zach Charbonnet,RB,2025,4,REG,2025_04_SEA_ARI,SEA,ARI,0,0,0,0,0,0,0,12,39,1
00-0039361,Bucky Irving,RB,2025,4,REG,2025_04_PHI_TB,TB,PHI,0,0,0,0,0,0,0,15,63,0
00-0039376,Spencer Rattler,QB,2025,4,REG,2025_04_NO_BUF,NO,BUF,18,27,126,1,0,3,-17,6,49,0
00-0039410,Ryan Flournoy,WR,2025,4,REG,2025_04_GB_DAL,DAL,GB,0,0,0,0,0,0,0,1,12,0
00-0039732,Bo Nix,QB,2025,4,REG,2025_04_CIN_DEN,DEN,CIN,29,42,326,2,1,0,0,6,7,1
00-0039738,Blake Corum,RB,2025,4,REG,2025_04_IND_LA,LA,IND,0,0,0,0,0,0,0,9,21,0
00-0039794,Braelon Allen,RB,2025,4,REG,2025_04_NYJ_MIA,NYJ,MIA,0,0,0,0,0,0,0,4,26,0
00-0039798,Isaiah Davis,RB,2025,4,REG,2025_04_NYJ_MIA,NYJ,MIA,0,0,0,0,0,0,0,3,9,0
00-0039851,Drake Maye,QB,2025,4,REG,2025_04_CAR_NE,NE,CAR,14,17,203,2,0,1,0,3,11,1
00-0039875,Ray Davis,RB,2025,4,REG,2025_04_NO_BUF,BUF,NO,0,0,0,0,0,0,0,1,3,0
00-0039880,Malik Washington,WR,2025,4,REG,2025_04_NYJ_MIA,MIA,NYJ,0,0,0,0,0,0,0,2,8,0
00-0039893,Brian Thomas Jr.,WR,2025,4,REG,2025_04_JAX_SF,JAX,SF,0,0,0,0,0,0,0,1,7,0
00-0039894,Xavier Worthy,WR,2025,4,REG,2025_04_BAL_KC,KC,BAL,0,0,0,0,0,0,0,2,38,0
00-0039917,Michael Penix Jr.,QB,2025,4,REG,2025_04_WAS_ATL,ATL,WAS,20,26,313,2,1,1,-6,4,2,0
00-0039918,Caleb Williams,QB,2025,4,REG,2025_04_CHI_LV,CHI,LV,22,37,212,1,1,1,-10,8,13,0
00-0039921,Trey Benson,RB,2025,4,REG,2025_04_SEA_ARI,ARI,SEA,0,0,0,0,0,0,0,8,35,0
00-0040009,Savion Williams,WR,2025,4,REG,2025_04_GB_DAL,GB,DAL,0,0,0,0,0,0,0,1,1,0
00-0040078,Brashard Smith,RB,2025,4,REG,2025_04_BAL_KC,KC,BAL,0,0,0,0,0,0,0,4,9,0
00-0040122,Ashton Jeanty,RB,2025,4,REG,2025_04_CHI_LV,LV,CHI,0,0,0,0,0,0,0,21,138,1
00-0040128,Tyler Warren,TE,2025,4,REG,2025_04_IND_LA,IND,LA,0,0,0,0,0,0,0,2,3,1
00-0040129,Emeka Egbuka,WR,2025,4,REG,2025_04_PHI_TB,TB,PHI,0,0,0,0,0,0,0,1,0,0
00-0040131,Kyle Williams,WR,2025,4,REG,2025_04_CAR_NE,NE,CAR,0,0,0,0,0,0,0,1,-2,0
00-0040138,Jaylin Noel,WR,2025,4,REG,2025_04_TEN_HOU,HOU,TEN,0,0,0,0,0,0,0,1,2,0
00-0040142,Kaleb Johnson,RB,2025,4,REG,2025_04_MIN_PIT,PIT,MIN,0,0,0,0,0,0,0,6,22,0
00-0040162,Dylan Sampson,RB,2025,4,REG,2025_04_CLE_DET,CLE,DET,0,0,0,0,0,0,0,1,-2,0
00-0040198,Ollie Gordon II,RB,2025,4,REG,2025_04_NYJ_MIA,MIA,NYJ,0,0,0,0,0,0,0,6,10,0
00-0040236,Kyle Monangai,RB,2025,4,REG,2025_04_CHI_LV,CHI,LV,0,0,0,0,0,0,0,4,18,0
00-0040237,Tez Johnson,WR,2025,4,REG,2025_04_PHI_TB,TB,PHI,0,0,0,0,0,0,0,1,5,0
00-0040242,Jacory Croskey-Merritt,RB,2025,4,REG,2025_04_WAS_ATL,WAS,ATL,0,0,0,0,0,0,0,7,47,0
00-0040583,Woody Marks,RB,2025,4,REG,2025_04_TEN_HOU,HOU,TEN,0,0,0,0,0,0,0,17,69,1
00-0040644,Trevor Etienne,RB,2025,4,REG,2025_04_CAR_NE,CAR,NE,0,0,0,0,0,0,0,7,33,0
00-0040663,Harold Fannin Jr.,TE,2025,4,REG,2025_04_CLE_DET,CLE,DET,0,0,0,0,0,0,0,1,1,0
00-0040666,Omarion Hampton,RB,2025,4,REG,2025_04_LAC_NYG,LAC,NYG,0,0,0,0,0,0,0,12,128,1
00-0040667,Matthew Golden,WR,2025,4,REG,2025_04_GB_DAL,GB,DAL,0,0,0,0,0,0,0,1,5,0
00-0040676,Cam Ward,QB,2025,4,REG,2025_04_TEN_HOU,TEN,HOU,10,26,108,0,1,2,-15,2,22,0
00-0040691,Jaxson Dart,QB,2025,4,REG,2025_04_LAC_NYG,NYG,LAC,13,20,111,1,0,5,-25,10,54,1
00-0040704,Dillon Gabriel,QB,2025,4,REG,2025_04_CLE_DET,CLE,DET,0,1,0,0,0,0,0,0,0,0
00-0040705,Chimere Dike,WR,2025,4,REG,2025_04_TEN_HOU,TEN,HOU,0,0,0,0,0,0,0,1,-4,0
00-0040715,Cam Skattebo,RB,2025,4,REG,2025_04_LAC_NYG,NYG,LAC,0,0,0,0,0,0,0,25,79,0
00-0040719,Bhayshul Tuten,RB,2025,4,REG,2025_04_JAX_SF,JAX,SF,0,0,0,0,0,0,0,4,14,0
00-0040730,RJ Harvey,RB,2025,4,REG,2025_04_CIN_DEN,DEN,CIN,0,0,0,0,0,0,0,14,58,0
00-0040734,TreVeyon Henderson,RB,2025,4,REG,2025_04_CAR_NE,NE,CAR,0,0,0,0,0,0,0,7,32,1
00-0040784,Quinshon Judkins,RB,2025,4,REG,2025_04_CLE_DET,CLE,DET,0,0,0,0,0,0,0,21,82,1
00-0026498,Matthew Stafford,QB,2025,5,REG,2025_05_SF_LA,LA,SF,30,47,389,3,0,1,-11,1,0,0
00-0029892,Kyle Juszczyk,FB,2025,5,REG,2025_05_SF_LA,SF,LA,0,0,0,0,0,0,0,1,-1,0
00-0030565,Geno Smith,QB,2025,5,REG,2025_05_LV_IND,LV,IND,25,36,228,0,2,4,-38,3,8,0
00-0031687,Raheem Mostert,RB,2025,5,REG,2025_05_LV_IND,LV,IND,0,0,0,0,0,0,0,7,22,0
00-0032104,Ameer Abdullah,RB,2025,5,REG,2025_05_LV_IND,IND,LV,0,0,0,0,0,0,0,2,6,1
00-0032385,Sterling Shepard,WR,2025,5,REG,2025_05_TB_SEA,TB,SEA,0,0,0,0,0,0,0,1,-5,0
00-0032764,Derrick Henry,RB,2025,5,REG,2025_05_HOU_BAL,BAL,HOU,0,0,0,0,0,0,0,15,33,1
00-0032950,Carson Wentz,QB,2025,5,REG,2025_05_MIN_CLE,MIN,CLE,25,34,236,1,0,3,-16,3,13,0
00-0033077,Dak Prescott,QB,2025,5,REG,2025_05_DAL_NYJ,DAL,NYJ,18,29,237,4,0,1,-1,7,28,0
00-0033106,Jared Goff,QB,2025,5,REG,2025_05_DET_CIN,DET,CIN,19,23,258,3,0,4,-14,2,-2,0
00-0033119,Jacoby Brissett,QB,2025,5,REG,2025_05_TEN_ARI,ARI,TEN,0,1,0,0,0,0,0,0,0,0
00-0033280,Christian McCaffrey,RB,2025,5,REG,2025_05_SF_LA,SF,LA,0,0,0,0,0,0,0,22,57,0
00-0033357,Taysom Hill,TE,2025,5,REG,2025_05_NYG_NO,NO,NYG,1,1,19,0,0,0,0,6,-1,0
00-0033526,Samaje Perine,RB,2025,5,REG,2025_05_DET_CIN,CIN,DET,0,0,0,0,0,0,0,4,27,0
00-0033662,Cooper Rush,QB,2025,5,REG,2025_05_HOU_BAL,BAL,HOU,14,20,179,0,3,1,-16,0,0,0
00-0033873,Patrick Mahomes,QB,2025,5,REG,2025_05_KC_JAX,KC,JAX,29,41,318,1,1,0,0,6,60,1
00-0033906,Alvin Kamara,RB,2025,5,REG,2025_05_NYG_NO,NO,NYG,0,0,0,0,0,0,0,8,27,0
00-0033923,Kareem Hunt,RB,2025,5,REG,2025_05_KC_JAX,KC,JAX,0,0,0,0,0,0,0,7,49,2
00-0033955,Jeremy McNichols,RB,2025,5,REG,2025_05_WAS_LAC,WAS,LAC,0,0,0,0,0,0,0,1,6,0
00-0034791,Nick Chubb,RB,2025,5,REG,2025_05_HOU_BAL,HOU,BAL,0,0,0,0,0,0,0,11,61,1
00-0034844,Saquon Barkley,RB,2025,5,REG,2025_05_DEN_PHI,PHI,DEN,0,0,0,0,0,0,0,6,30,0
00-0034855,Baker Mayfield,QB,2025,5,REG,2025_05_TB_SEA,TB,SEA,29,33,379,2,0,1,-9,5,15,0
00-0034857,Josh Allen,QB,2025,5,REG,2025_05_NE_BUF,BUF,NE,22,31,253,2,1,1,-8,9,53,0
00-0034869,Sam Darnold,QB,2025,5,REG,2025_05_TB_SEA,SEA,TB,28,34,341,4,1,0,0,0,0,0
00-0034975,Justice Hill,RB,2025,5,REG,2025_05_HOU_BAL,BAL,HOU,0,0,0,0,0,0,0,1,3,0
00-0035100,Jake Browning,QB,2025,5,REG,2025_05_DET_CIN,CIN,DET,26,40,251,3,3,2,-14,4,31,0
00-0035228,Kyler Murray,QB,2025,5,REG,2025_05_TEN_ARI,ARI,TEN,23,31,220,0,0,3,-28,4,25,1
00-0035250,Devin Singletary,RB,2025,5,REG,2025_05_NYG_NO,NYG,NO,0,0,0,0,0,0,0,6,20,0
00-0035261,Tony Pollard,RB,2025,5,REG,2025_05_TEN_ARI,TEN,ARI,0,0,0,0,0,0,0,14,67,1
00-0035537,Ty Johnson,RB,2025,5,REG,2025_05_NE_BUF,BUF,NE,0,0,0,0,0,0,0,2,10,0
00-0035685,David Montgomery,RB,2025,5,REG,2025_05_DET_CIN,DET,CIN,1,1,3,1,0,0,0,18,65,1
00-0035710,Daniel Jones,QB,2025,5,REG,2025_05_LV_IND,IND,LV,20,29,212,2,0,0,0,1,2,0
00-0036139,Rico Dowdle,RB,2025,5,REG,2025_05_MIA_CAR,CAR,MIA,0,0,0,0,0,0,0,23,206,1
00-0036158,J.K. Dobbins,RB,2025,5,REG,2025_05_DEN_PHI,DEN,PHI,0,0,0,0,0,0,0,20,79,1
00-0036212,Tua Tagovailoa,QB,2025,5,REG,2025_05_MIA_CAR,MIA,CAR,27,36,256,3,0,3,-27,1,5,0
00-0036223,Jonathan Taylor,RB,2025,5,REG,2025_05_LV_IND,IND,LV,0,0,0,0,0,0,0,17,66,3
00-0036265,AJ Dillon,RB,2025,5,REG,2025_05_DEN_PHI,PHI,DEN,0,0,0,0,0,0,0,2,12,0
00-0036328,Antonio Gibson,RB,2025,5,REG,2025_05_NE_BUF,NE,BUF,0,0,0,0,0,0,0,6,21,0
00-0036355,Justin Herbert,QB,2025,5,REG,2025_05_WAS_LAC,LAC,WAS,22,29,166,1,1,4,-24,4,60,0
00-0036389,Jalen Hurts,QB,2025,5,REG,2025_05_DEN_PHI,PHI,DEN,23,38,280,2,0,6,-23,2,3,0
00-0036414,Cam Akers,RB,2025,5,REG,2025_05_MIN_CLE,MIN,CLE,1,1,32,1,0,0,0,0,0,0
00-0036554,Nico Collins,WR,2025,5,REG,2025_05_HOU_BAL,HOU,BAL,0,0,0,0,0,0,0,1,8,0
00-0036727,Adam Prentice,FB,2025,5,REG,2025_05_DEN_PHI,DEN,PHI,0,0,0,0,0,0,0,1,8,0
00-0036875,Rhamondre Stevenson,RB,2025,5,REG,2025_05_NE_BUF,NE,BUF,0,0,0,0,0,0,0,7,14,2
00-0036898,Davis Mills,QB,2025,5,REG,2025_05_HOU_BAL,HOU,BAL,2,4,23,0,0,0,0,3,3,0
00-0036924,Michael Carter,RB,2025,5,REG,2025_05_TEN_ARI,ARI,TEN,0,0,0,0,0,0,0,18,51,1
00-0036945,Justin Fields,QB,2025,5,REG,2025_05_DAL_NYJ,NYJ,DAL,32,46,283,2,0,5,-49,7,26,0
00-0036971,Trevor Lawrence,QB,2025,5,REG,2025_05_KC_JAX,JAX,KC,18,25,221,1,1,3,-11,10,54,2
00-0036972,Mac Jones,QB,2025,5,REG,2025_05_SF_LA,SF,LA,33,49,342,2,0,1,-9,4,5,0
00-0036973,Travis Etienne,RB,2025,5,REG,2025_05_KC_JAX,JAX,KC,0,0,0,0,0,0,0,12,49,0
00-0036997,Javonte Williams,RB,2025,5,REG,2025_05_DAL_NYJ,DAL,NYJ,0,0,0,0,0,0,0,16,135,1
00-0037012,Trey Lance,QB,2025,5,REG,2025_05_WAS_LAC,LAC,WAS,3,4,44,0,0,1,-5,1,11,0
00-0037157,Bam Knight,RB,2025,5,REG,2025_05_TEN_ARI,ARI,TEN,0,0,0,0,0,0,0,4,11,1
00-0037197,Isiah Pacheco,RB,2025,5,REG,2025_05_KC_JAX,KC,JAX,0,0,0,0,0,0,0,7,36,0
00-0037240,Jameson Williams,WR,2025,5,REG,2025_05_DET_CIN,DET,CIN,0,0,0,0,0,0,0,1,1,0
00-0037248,James Cook,RB,2025,5,REG,2025_05_NE_BUF,BUF,NE,0,0,0,0,0,0,0,15,49,0
00-0037256,Rachaad White,RB,2025,5,REG,2025_05_TB_SEA,TB,SEA,0,0,0,0,0,0,0,14,41,2
00-0037258,Dameon Pierce,RB,2025,5,REG,2025_05_HOU_BAL,HOU,BAL,0,0,0,0,0,0,0,7,21,0
00-0037261,Khalil Shakir,WR,2025,5,REG,2025_05_NE_BUF,BUF,NE,0,0,0,0,0,0,0,1,5,0
00-0037267,Jerome Ford,RB,2025,5,REG,2025_05_MIN_CLE,CLE,MIN,0,0,0,0,0,0,0,5,18,0
00-0037291,Jalen Nailor,WR,2025,5,REG,2025_05_MIN_CLE,MIN,CLE,0,0,0,0,0,0,0,1,15,0
00-0037525,Jordan Mason,RB,2025,5,REG,2025_05_MIN_CLE,MIN,CLE,0,0,0,0,0,0,0,13,52,1
00-0037594,Julius Chestnut,RB,2025,5,REG,2025_05_TEN_ARI,TEN,ARI,0,0,0,0,0,0,0,1,3,0
00-0037617,Hassan Haskins,RB,2025,5,REG,2025_05_WAS_LAC,LAC,WAS,0,0,0,0,0,0,0,5,13,0
00-0037746,Brian Robinson,RB,2025,5,REG,2025_05_SF_LA,SF,LA,0,0,0,0,0,0,0,5,12,0
00-0037840,Kyren Williams,RB,2025,5,REG,2025_05_SF_LA,LA,SF,0,0,0,0,0,0,0,14,65,0
00-0038090,Skyy Moore,WR,2025,5,REG,2025_05_SF_LA,SF,LA,0,0,0,0,0,0,0,1,1,0
00-0038117,Wan'Dale Robinson,WR,2025,5,REG,2025_05_NYG_NO,NYG,NO,0,0,0,0,0,0,0,1,2,0
00-0038120,Breece Hall,RB,2025,5,REG,2025_05_DAL_NYJ,NYJ,DAL,0,0,0,0,0,0,0,14,113,0
00-0038134,Kenneth Walker III,RB,2025,5,REG,2025_05_TB_SEA,SEA,TB,0,0,0,0,0,0,0,10,86,0
00-0038440,Zavier Scott,RB,2025,5,REG,2025_05_MIN_CLE,MIN,CLE,0,0,0,0,0,0,0,5,18,0
00-0038454,Keaton Mitchell,RB,2025,5,REG,2025_05_HOU_BAL,BAL,HOU,0,0,0,0,0,0,0,3,8,0
00-0038544,Quentin Johnston,WR,2025,5,REG,2025_05_WAS_LAC,LAC,WAS,0,0,0,0,0,0,0,1,9,0
00-0038551,Kendre Miller,RB,2025,5,REG,2025_05_NYG_NO,NO,NYG,0,0,0,0,0,0,0,10,41,0
00-0038563,Tre Tucker,WR,2025,5,REG,2025_05_LV_IND,LV,IND,0,0,0,0,0,0,0,1,9,0
00-0038597,Chase Brown,RB,2025,5,REG,2025_05_DET_CIN,CIN,DET,0,0,0,0,0,0,0,8,27,0
00-0038611,Chris Rodriguez Jr.,RB,2025,5,REG,2025_05_WAS_LAC,WAS,LAC,0,0,0,0,0,0,0,5,7,0
00-0038705,Emari Demercado,RB,2025,5,REG,2025_05_TEN_ARI,ARI,TEN,0,0,0,0,0,0,0,3,81,0
00-0038951,Sean Tucker,RB,2025,5,REG,2025_05_TB_SEA,TB,SEA,0,0,0,0,0,0,0,3,3,0
00-0038976,Marvin Mims Jr.,WR,2025,5,REG,2025_05_DEN_PHI,DEN,PHI,0,0,0,0,0,0,0,1,9,0
00-0039032,Tyjae Spears,RB,2025,5,REG,2025_05_TEN_ARI,TEN,ARI,0,0,0,0,0,0,0,4,14,0
00-0039040,De'Von Achane,RB,2025,5,REG,2025_05_MIA_CAR,MIA,CAR,0,0,0,0,0,0,0,10,16,0
00-0039139,Jahmyr Gibbs,RB,2025,5,REG,2025_05_DET_CIN,DET,CIN,0,0,0,0,0,0,0,12,54,0
00-0039150,Bryce Young,QB,2025,5,REG,2025_05_MIA_CAR,CAR,MIA,19,30,198,2,1,3,-19,3,1,0
00-0039163,C.J. Stroud,QB,2025,5,REG,2025_05_HOU_BAL,HOU,BAL,23,27,244,4,0,2,-17,1,30,0
00-0039164,Anthony Richardson,QB,2025,5,REG,2025_05_LV_IND,IND,LV,1,2,9,0,0,0,0,0,0,0
00-0039165,Zach Charbonnet,RB,2025,5,REG,2025_05_TB_SEA,SEA,TB,0,0,0,0,0,0,0,9,36,1
00-0039376,Spencer Rattler,QB,2025,5,REG,2025_05_NYG_NO,NO,NYG,21,31,225,1,0,0,0,6,21,0
00-0039391,Kimani Vidal,RB,2025,5,REG,2025_05_WAS_LAC,LAC,WAS,0,0,0,0,0,0,0,4,18,0
00-0039410,Ryan Flournoy,WR,2025,5,REG,2025_05_DAL_NYJ,DAL,NYJ,0,0,0,0,0,0,0,2,10,0
00-0039589,Kameron Johnson,WR,2025,5,REG,2025_05_TB_SEA,TB,SEA,0,0,0,0,0,0,0,1,2,0
00-0039603,British Brooks,RB,2025,5,REG,2025_05_HOU_BAL,HOU,BAL,0,0,0,0,0,0,0,2,15,0
00-0039732,Bo Nix,QB,2025,5,REG,2025_05_DEN_PHI,DEN,PHI,24,39,242,1,0,2,-14,3,22,0
00-0039738,Blake Corum,RB,2025,5,REG,2025_05_SF_LA,LA,SF,0,0,0,0,0,0,0,1,13,0
00-0039746,Will Shipley,RB,2025,5,REG,2025_05_DEN_PHI,PHI,DEN,0,0,0,0,0,0,0,1,0,0
00-0039798,Isaiah Davis,RB,2025,5,REG,2025_05_DAL_NYJ,NYJ,DAL,0,0,0,0,0,0,0,1,5,0
00-0039851,Drake Maye,QB,2025,5,REG,2025_05_NE_BUF,NE,BUF,22,30,273,0,0,4,-6,3,12,0
00-0039875,Ray Davis,RB,2025,5,REG,2025_05_NE_BUF,BUF,NE,0,0,0,0,0,0,0,2,1,0
00-0039894,Xavier Worthy,WR,2025,5,REG,2025_05_KC_JAX,KC,JAX,0,0,0,0,0,0,0,1,9,0
00-0039910,Jayden Daniels,QB,2025,5,REG,2025_05_WAS_LAC,WAS,LAC,15,26,231,1,0,1,-5,8,39,0
00-0039920,Malachi Corley,WR,2025,5,REG,2025_05_MIN_CLE,CLE,MIN,0,0,0,0,0,0,0,1,11,0
00-0040078,Brashard Smith,RB,2025,5,REG,2025_05_KC_JAX,KC,JAX,0,0,0,0,0,0,0,1,4,0
00-0040122,Ashton Jeanty,RB,2025,5,REG,2025_05_LV_IND,LV,IND,0,0,0,0,0,0,0,14,67,0
00-0040128,Tyler Warren,TE,2025,5,REG,2025_05_LV_IND,IND,LV,0,1,0,0,0,0,0,0,0,0
00-0040138,Jaylin Noel,WR,2025,5,REG,2025_05_HOU_BAL,HOU,BAL,0,0,0,0,0,0,0,1,5,0
00-0040162,Dylan Sampson,RB,2025,5,REG,2025_05_MIN_CLE,CLE,MIN,0,0,0,0,0,0,0,1,-4,0
00-0040179,DJ Giddens,RB,2025,5,REG,2025_05_LV_IND,IND,LV,0,0,0,0,0,0,0,5,22,0
00-0040198,Ollie Gordon II,RB,2025,5,REG,2025_05_MIA_CAR,MIA,CAR,0,0,0,0,0,0,0,3,-2,0
00-0040218,Jimmy Horn Jr.,WR,2025,5,REG,2025_05_MIA_CAR,CAR,MIA,0,0,0,0,0,0,0,2,10,0
00-0040242,Jacory Croskey-Merritt,RB,2025,5,REG,2025_05_WAS_LAC,WAS,LAC,0,0,0,0,0,0,0,14,111,2
00-0040494,Max Brosmer,QB,2025,5,REG,2025_05_MIN_CLE,MIN,CLE,0,0,0,0,0,0,0,1,-1,0
00-0040583,Woody Marks,RB,2025,5,REG,2025_05_HOU_BAL,HOU,BAL,0,0,0,0,0,0,0,7,24,0
00-0040586,Jaydon Blue,RB,2025,5,REG,2025_05_DAL_NYJ,DAL,NYJ,0,0,0,0,0,0,0,4,7,0
00-0040644,Trevor Etienne,RB,2025,5,REG,2025_05_MIA_CAR,CAR,MIA,0,0,0,0,0,0,0,4,22,0
00-0040666,Omarion Hampton,RB,2025,5,REG,2025_05_WAS_LAC,LAC,WAS,0,0,0,0,0,0,0,12,44,0
00-0040673,Jalen Milroe,QB,2025,5,REG,2025_05_TB_SEA,SEA,TB,0,0,0,0,0,0,0,1,0,0
00-0040676,Cam Ward,QB,2025,5,REG,2025_05_TEN_ARI,TEN,ARI,21,39,265,0,1,2,-16,5,-6,0
00-0040691,Jaxson Dart,QB,2025,5,REG,2025_05_NYG_NO,NYG,NO,26,40,202,2,2,1,-3,7,55,0
00-0040704,Dillon Gabriel,QB,2025,5,REG,2025_05_MIN_CLE,CLE,MIN,19,33,190,2,0,2,-8,2,5,0
00-0040715,Cam Skattebo,RB,2025,5,REG,2025_05_NYG_NO,NYG,NO,0,0,0,0,0,0,0,15,59,0
00-0040719,Bhayshul Tuten,RB,2025,5,REG,2025_05_KC_JAX,JAX,KC,0,0,0,0,0,0,0,4,6,0
00-0040730,RJ Harvey,RB,2025,5,REG,2025_05_DEN_PHI,DEN,PHI,0,0,0,0,0,0,0,4,12,0
00-0040734,TreVeyon Henderson,RB,2025,5,REG,2025_05_NE_BUF,NE,BUF,0,0,0,0,0,0,0,6,24,0
00-0040784,Quinshon Judkins,RB,2025,5,REG,2025_05_MIN_CLE,CLE,MIN,0,0,0,0,0,0,0,23,110,0
00-0023459,Aaron Rodgers,QB,2025,6,REG,2025_06_CLE_PIT,PIT,CLE,21,30,235,2,0,0,0,1,1,0
00-0026158,Joe Flacco,QB,2025,6,REG,2025_06_CIN_GB,CIN,GB,29,45,219,2,0,1,-6,0,0,0
00-0026498,Matthew Stafford,QB,2025,6,REG,2025_06_LA_BAL,LA,BAL,17,26,181,1,0,2,-14,4,1,0
00-0029263,Russell Wilson,QB,2025,6,REG,2025_06_PHI_NYG,NYG,PHI,0,1,0,0,0,0,0,0,0,0
00-0030565,Geno Smith,QB,2025,6,REG,2025_06_TEN_LV,LV,TEN,17,23,174,1,1,2,-16,4,-3,0
00-0031687,Raheem Mostert,RB,2025,6,REG,2025_06_TEN_LV,LV,TEN,0,0,0,0,0,0,0,5,-4,0
00-0032104,Ameer Abdullah,RB,2025,6,REG,2025_06_ARI_IND,IND,ARI,0,0,0,0,0,0,0,1,7,0
00-0032764,Derrick Henry,RB,2025,6,REG,2025_06_LA_BAL,BAL,LA,0,0,0,0,0,0,0,24,122,0
00-0033077,Dak Prescott,QB,2025,6,REG,2025_06_DAL_CAR,DAL,CAR,25,34,261,3,0,0,0,2,-1,0
00-0033106,Jared Goff,QB,2025,6,REG,2025_06_DET_KC,DET,KC,23,29,203,2,0,1,-4,1,7,0
00-0033119,Jacoby Brissett,QB,2025,6,REG,2025_06_ARI_IND,ARI,IND,27,44,320,2,1,2,-8,3,19,0
00-0033280,Christian McCaffrey,RB,2025,6,REG,2025_06_SF_TB,SF,TB,0,0,0,0,0,0,0,17,54,1
00-0033357,Taysom Hill,TE,2025,6,REG,2025_06_NE_NO,NO,NE,0,0,0,0,0,0,0,1,1,1
00-0033526,Samaje Perine,RB,2025,6,REG,2025_06_CIN_GB,CIN,GB,0,0,0,0,0,0,0,6,16,0
00-0033662,Cooper Rush,QB,2025,6,REG,2025_06_LA_BAL,BAL,LA,11,19,72,0,1,0,0,1,0,0
00-0033858,Jonnu Smith,TE,2025,6,REG,2025_06_CLE_PIT,PIT,CLE,0,0,0,0,0,0,0,1,10,0
00-0033873,Patrick Mahomes,QB,2025,6,REG,2025_06_DET_KC,KC,DET,22,30,257,3,0,3,-14,10,32,1
00-0033881,Evan Engram,TE,2025,6,REG,2025_06_DEN_NYJ,DEN,NYJ,0,0,0,0,0,0,0,1,7,0
00-0033906,Alvin Kamara,RB,2025,6,REG,2025_06_NE_NO,NO,NE,0,0,0,0,0,0,0,10,31,0
00-0033923,Kareem Hunt,RB,2025,6,REG,2025_06_DET_KC,KC,DET,0,0,0,0,0,0,0,6,23,0
00-0033955,Jeremy McNichols,RB,2025,6,REG,2025_06_CHI_WAS,WAS,CHI,0,0,0,0,0,0,0,2,5,0
00-0034753,Mark Andrews,TE,2025,6,REG,2025_06_LA_BAL,BAL,LA,0,0,0,0,0,0,0,3,2,0
00-0034771,Mason Rudolph,QB,2025,6,REG,2025_06_CLE_PIT,PIT,CLE,0,0,0,0,0,0,0,3,0,0
00-0034827,DJ Moore,WR,2025,6,REG,2025_06_CHI_WAS,CHI,WAS,0,0,0,0,0,0,0,2,10,0
00-0034844,Saquon Barkley,RB,2025,6,REG,2025_06_PHI_NYG,PHI,NYG,0,0,0,0,0,0,0,12,58,0
00-0034855,Baker Mayfield,QB,2025,6,REG,2025_06_SF_TB,TB,SF,17,23,256,2,0,1,-8,3,14,0
00-0034857,Josh Allen,QB,2025,6,REG,2025_06_BUF_ATL,BUF,ATL,15,26,180,2,2,4,-23,6,42,0
00-0034869,Sam Darnold,QB,2025,6,REG,2025_06_SEA_JAX,SEA,JAX,16,27,295,2,0,1,-9,4,2,0
00-0034975,Justice Hill,RB,2025,6,REG,2025_06_LA_BAL,BAL,LA,0,0,0,0,0,0,0,6,16,0
00-0035125,Alec Ingold,FB,2025,6,REG,2025_06_LAC_MIA,MIA,LAC,0,0,0,0,0,0,0,1,3,0
00-0035208,Olamide Zaccheaus,WR,2025,6,REG,2025_06_CHI_WAS,CHI,WAS,0,0,0,0,0,0,0,1,4,0
00-0035250,Devin Singletary,RB,2025,6,REG,2025_06_PHI_NYG,NYG,PHI,0,0,0,0,0,0,0,3,10,0
00-0035261,Tony Pollard,RB,2025,6,REG,2025_06_TEN_LV,TEN,LV,0,0,0,0,0,0,0,10,34,0
00-0035537,Ty Johnson,RB,2025,6,REG,2025_06_BUF_ATL,BUF,ATL,0,0,0,0,0,0,0,1,5,0
00-0035685,David Montgomery,RB,2025,6,REG,2025_06_DET_KC,DET,KC,0,0,0,0,0,0,0,4,24,0
00-0035700,Josh Jacobs,RB,2025,6,REG,2025_06_CIN_GB,GB,CIN,0,0,0,0,0,0,0,18,93,2
00-0035710,Daniel Jones,QB,2025,6,REG,2025_06_ARI_IND,IND,ARI,22,30,212,2,1,1,-7,5,20,1
00-0035719,Deebo Samuel Sr.,WR,2025,6,REG,2025_06_CHI_WAS,WAS,CHI,0,0,0,0,0,0,0,1,-1,0
00-0035993,Tyler Huntley,QB,2025,6,REG,2025_06_LA_BAL,BAL,LA,10,15,68,0,0,4,-23,3,39,0
00-0036139,Rico Dowdle,RB,2025,6,REG,2025_06_DAL_CAR,CAR,DAL,0,0,0,0,0,0,0,30,183,0
00-0036158,J.K. Dobbins,RB,2025,6,REG,2025_06_DEN_NYJ,DEN,NYJ,0,0,0,0,0,0,0,14,40,0
00-0036212,Tua Tagovailoa,QB,2025,6,REG,2025_06_LAC_MIA,MIA,LAC,21,32,205,1,3,2,-9,1,4,0
00-0036223,Jonathan Taylor,RB,2025,6,REG,2025_06_ARI_IND,IND,ARI,0,0,0,0,0,0,0,21,123,1
00-0036264,Jordan Love,QB,2025,6,REG,2025_06_CIN_GB,GB,CIN,19,26,259,1,1,1,-3,7,26,0
00-0036265,AJ Dillon,RB,2025,6,REG,2025_06_PHI_NYG,PHI,NYG,0,0,0,0,0,0,0,1,2,0
00-0036275,D'Andre Swift,RB,2025,6,REG,2025_06_CHI_WAS,CHI,WAS,0,0,0,0,0,0,0,14,108,0
00-0036355,Justin Herbert,QB,2025,6,REG,2025_06_LAC_MIA,LAC,MIA,29,38,264,2,0,1,-1,1,2,0
00-0036389,Jalen Hurts,QB,2025,6,REG,2025_06_PHI_NYG,PHI,NYG,24,33,283,1,1,3,-17,7,13,1
00-0036425,DeeJay Dallas,RB,2025,6,REG,2025_06_DAL_CAR,CAR,DAL,0,0,0,0,0,0,0,1,0,0
00-0036613,Jaylen Waddle,WR,2025,6,REG,2025_06_LAC_MIA,MIA,LAC,1,1,8,0,0,0,0,0,0,0
00-0036626,Dyami Brown,WR,2025,6,REG,2025_06_SEA_JAX,JAX,SEA,0,0,0,0,0,0,0,1,7,0
00-0036727,Adam Prentice,FB,2025,6,REG,2025_06_DEN_NYJ,DEN,NYJ,0,0,0,0,0,0,0,1,3,0
00-0036825,Feleipe Franks,TE,2025,6,REG,2025_06_BUF_ATL,ATL,BUF,0,0,0,0,0,0,0,1,2,0
00-0036875,Rhamondre Stevenson,RB,2025,6,REG,2025_06_NE_NO,NE,NO,0,0,0,0,0,0,0,13,18,0
00-0036900,Ja'Marr Chase,WR,2025,6,REG,2025_06_CIN_GB,CIN,GB,0,0,0,0,0,0,0,1,-3,0
00-0036919,Kenny Gainwell,RB,2025,6,REG,2025_06_CLE_PIT,PIT,CLE,0,0,0,0,0,0,0,6,22,0
00-0036924,Michael Carter,RB,2025,6,REG,2025_06_ARI_IND,ARI,IND,0,0,0,0,0,0,0,9,34,0
00-0036945,Justin Fields,QB,2025,6,REG,2025_06_DEN_NYJ,NYJ,DEN,9,17,45,0,0,9,-55,7,31,0
00-0036963,Amon-Ra St. Brown,WR,2025,6,REG,2025_06_DET_KC,DET,KC,0,0,0,0,0,0,0,1,2,0
00-0036971,Trevor Lawrence,QB,2025,6,REG,2025_06_SEA_JAX,JAX,SEA,27,42,258,2,0,7,-44,3,9,0
00-0036972,Mac Jones,QB,2025,6,REG,2025_06_SF_TB,SF,TB,27,39,347,0,2,6,-51,5,13,0
00-0036973,Travis Etienne,RB,2025,6,REG,2025_06_SEA_JAX,JAX,SEA,0,0,0,0,0,0,0,12,27,0
00-0036997,Javonte Williams,RB,2025,6,REG,2025_06_DAL_CAR,DAL,CAR,0,0,0,0,0,0,0,13,29,0
00-0037091,Bo Melton,WR,2025,6,REG,2025_06_CIN_GB,GB,CIN,0,0,0,0,0,0,0,1,3,0
00-0037157,Bam Knight,RB,2025,6,REG,2025_06_ARI_IND,ARI,IND,0,0,0,0,0,0,0,11,34,1
00-0037197,Isiah Pacheco,RB,2025,6,REG,2025_06_DET_KC,KC,DET,0,0,0,0,0,0,0,12,51,0
00-0037228,Jaylen Warren,RB,2025,6,REG,2025_06_CLE_PIT,PIT,CLE,0,0,0,0,0,0,0,11,52,0
00-0037248,James Cook,RB,2025,6,REG,2025_06_BUF_ATL,BUF,ATL,0,0,0,0,0,0,0,17,87,0
00-0037256,Rachaad White,RB,2025,6,REG,2025_06_SF_TB,TB,SF,0,0,0,0,0,0,0,17,65,1
00-0037263,Tyler Allgeier,RB,2025,6,REG,2025_06_BUF_ATL,ATL,BUF,0,0,0,0,0,0,0,10,32,1
00-0037267,Jerome Ford,RB,2025,6,REG,2025_06_CLE_PIT,CLE,PIT,0,0,0,0,0,0,0,2,17,0
00-0037617,Hassan Haskins,RB,2025,6,REG,2025_06_LAC_MIA,LAC,MIA,0,0,0,0,0,0,0,6,14,0
00-0037840,Kyren Williams,RB,2025,6,REG,2025_06_LA_BAL,LA,BAL,0,0,0,0,0,0,0,13,50,1
00-0038120,Breece Hall,RB,2025,6,REG,2025_06_DEN_NYJ,NYJ,DEN,0,0,0,0,0,0,0,22,59,0
00-0038134,Kenneth Walker III,RB,2025,6,REG,2025_06_SEA_JAX,SEA,JAX,0,0,0,0,0,0,0,10,34,0
00-0038542,Bijan Robinson,RB,2025,6,REG,2025_06_BUF_ATL,ATL,BUF,0,0,0,0,0,0,0,19,170,1
00-0038551,Kendre Miller,RB,2025,6,REG,2025_06_NE_NO,NO,NE,0,0,0,0,0,0,0,8,21,0
00-0038597,Chase Brown,RB,2025,6,REG,2025_06_CIN_GB,CIN,GB,0,0,0,0,0,0,0,9,42,0
00-0038685,Chris Brooks,RB,2025,6,REG,2025_06_CIN_GB,GB,CIN,0,0,0,0,0,0,0,1,1,0
00-0038705,Emari Demercado,RB,2025,6,REG,2025_06_ARI_IND,ARI,IND,0,0,0,0,0,0,0,1,1,0
00-0038794,Jaleel McLaughlin,RB,2025,6,REG,2025_06_DEN_NYJ,DEN,NYJ,0,0,0,0,0,0,0,1,0,0
00-0038797,Emanuel Wilson,RB,2025,6,REG,2025_06_CIN_GB,GB,CIN,0,0,0,0,0,0,0,3,11,0
00-0038951,Sean Tucker,RB,2025,6,REG,2025_06_SF_TB,TB,SF,0,0,0,0,0,0,0,6,25,1
00-0038976,Marvin Mims Jr.,WR,2025,6,REG,2025_06_DEN_NYJ,DEN,NYJ,0,0,0,0,0,0,0,1,-2,0
00-0039021,Roschon Johnson,RB,2025,6,REG,2025_06_CHI_WAS,CHI,WAS,0,0,0,0,0,0,0,1,6,0
00-0039032,Tyjae Spears,RB,2025,6,REG,2025_06_TEN_LV,TEN,LV,0,0,0,0,0,0,0,5,31,0
00-0039040,De'Von Achane,RB,2025,6,REG,2025_06_LAC_MIA,MIA,LAC,0,0,0,0,0,0,0,16,128,2
00-0039139,Jahmyr Gibbs,RB,2025,6,REG,2025_06_DET_KC,DET,KC,0,0,0,0,0,0,0,17,65,0
00-0039150,Bryce Young,QB,2025,6,REG,2025_06_DAL_CAR,CAR,DAL,17,25,199,3,1,1,-5,3,5,0
00-0039165,Zach Charbonnet,RB,2025,6,REG,2025_06_SEA_JAX,SEA,JAX,0,0,0,0,0,0,0,12,24,0
00-0039376,Spencer Rattler,QB,2025,6,REG,2025_06_NE_NO,NO,NE,20,26,227,0,0,2,-4,4,20,0
00-0039384,Tyrone Tracy Jr.,RB,2025,6,REG,2025_06_PHI_NYG,NYG,PHI,0,0,0,0,0,0,0,4,6,0
00-0039391,Kimani Vidal,RB,2025,6,REG,2025_06_LAC_MIA,LAC,MIA,0,0,0,0,0,0,0,18,124,0
00-0039410,Ryan Flournoy,WR,2025,6,REG,2025_06_DAL_CAR,DAL,CAR,0,0,0,0,0,0,0,1,3,0
00-0039732,Bo Nix,QB,2025,6,REG,2025_06_DEN_NYJ,DEN,NYJ,19,30,174,1,0,1,-6,5,24,0
00-0039738,Blake Corum,RB,2025,6,REG,2025_06_LA_BAL,LA,BAL,0,0,0,0,0,0,0,5,23,0
00-0039798,Isaiah Davis,RB,2025,6,REG,2025_06_DEN_NYJ,NYJ,DEN,0,0,0,0,0,0,0,2,2,0
00-0039851,Drake Maye,QB,2025,6,REG,2025_06_NE_NO,NE,NO,18,26,261,3,0,1,-1,9,28,0
00-0039868,Troy Franklin,WR,2025,6,REG,2025_06_DEN_NYJ,DEN,NYJ,0,0,0,0,0,0,0,1,2,0
00-0039880,Malik Washington,WR,2025,6,REG,2025_06_LAC_MIA,MIA,LAC,0,0,0,0,0,0,0,1,1,0
00-0039894,Xavier Worthy,WR,2025,6,REG,2025_06_DET_KC,KC,DET,0,0,0,0,0,0,0,1,6,0
00-0039910,Jayden Daniels,QB,2025,6,REG,2025_06_CHI_WAS,WAS,CHI,19,26,211,3,1,3,-6,10,52,0
00-0039917,Michael Penix Jr.,QB,2025,6,REG,2025_06_BUF_ATL,ATL,BUF,20,32,250,1,0,2,-17,2,6,0
00-0039918,Caleb Williams,QB,2025,6,REG,2025_06_CHI_WAS,CHI,WAS,17,29,252,1,0,3,-16,4,3,1
00-0040009,Savion Williams,WR,2025,6,REG,2025_06_CIN_GB,GB,CIN,0,0,0,0,0,0,0,1,3,0
00-0040122,Ashton Jeanty,RB,2025,6,REG,2025_06_TEN_LV,LV,TEN,0,0,0,0,0,0,0,23,75,1
00-0040142,Kaleb Johnson,RB,2025,6,REG,2025_06_CLE_PIT,PIT,CLE,0,0,0,0,0,0,0,6,15,0
00-0040162,Dylan Sampson,RB,2025,6,REG,2025_06_CLE_PIT,CLE,PIT,0,0,0,0,0,0,0,3,12,0
00-0040164,Jaylin Lane,WR,2025,6,REG,2025_06_CHI_WAS,WAS,CHI,0,0,0,0,0,0,0,1,7,0
00-0040198,Ollie Gordon II,RB,2025,6,REG,2025_06_LAC_MIA,MIA,LAC,0,0,0,0,0,0,0,2,1,0
00-0040218,Jimmy Horn Jr.,WR,2025,6,REG,2025_06_DAL_CAR,CAR,DAL,0,0,0,0,0,0,0,1,11,0
00-0040236,Kyle Monangai,RB,2025,6,REG,2025_06_CHI_WAS,CHI,WAS,0,0,0,0,0,0,0,5,19,0
00-0040238,LeQuint Allen Jr.,RB,2025,6,REG,2025_06_SEA_JAX,JAX,SEA,0,0,0,0,0,0,0,1,2,0
00-0040242,Jacory Croskey-Merritt,RB,2025,6,REG,2025_06_CHI_WAS,WAS,CHI,0,0,0,0,0,0,0,17,61,0
00-0040586,Jaydon Blue,RB,2025,6,REG,2025_06_DAL_CAR,DAL,CAR,0,0,0,0,0,0,0,3,0,0
00-0040644,Trevor Etienne,RB,2025,6,REG,2025_06_DAL_CAR,CAR,DAL,0,0,0,0,0,0,0,3,17,0
00-0040667,Matthew Golden,WR,2025,6,REG,2025_06_CIN_GB,GB,CIN,0,0,0,0,0,0,0,2,16,0
00-0040676,Cam Ward,QB,2025,6,REG,2025_06_TEN_LV,TEN,LV,26,38,222,1,1,6,-62,0,0,0
00-0040691,Jaxson Dart,QB,2025,6,REG,2025_06_PHI_NYG,NYG,PHI,17,25,195,1,0,2,-1,13,58,1
00-0040704,Dillon Gabriel,QB,2025,6,REG,2025_06_CLE_PIT,CLE,PIT,29,52,221,0,0,6,-38,0,0,0
00-0040715,Cam Skattebo,RB,2025,6,REG,2025_06_PHI_NYG,NYG,PHI,0,0,0,0,0,0,0,19,98,3
00-0040719,Bhayshul Tuten,RB,2025,6,REG,2025_06_SEA_JAX,JAX,SEA,0,0,0,0,0,0,0,2,14,0
00-0040730,RJ Harvey,RB,2025,6,REG,2025_06_DEN_NYJ,DEN,NYJ,0,0,0,0,0,0,0,2,4,0
00-0040734,TreVeyon Henderson,RB,2025,6,REG,2025_06_NE_NO,NE,NO,0,0,0,0,0,0,0,9,27,0
00-0040737,Terrance Ferguson,TE,2025,6,REG,2025_06_LA_BAL,LA,BAL,0,0,0,0,0,0,0,1,0,0
00-0040784,Quinshon Judkins,RB,2025,6,REG,2025_06_CLE_PIT,CLE,PIT,0,0,0,0,0,0,0,12,36,0
00-0023459,Aaron Rodgers,QB,2025,7,REG,2025_07_PIT_CIN,PIT,CIN,23,34,249,4,2,0,0,1,6,0
00-0026158,Joe Flacco,QB,2025,7,REG,2025_07_PIT_CIN,CIN,PIT,31,47,342,3,0,2,-14,5,3,0
00-0026498,Matthew Stafford,QB,2025,7,REG,2025_07_LA_JAX,LA,JAX,21,33,182,5,0,0,0,2,1,0
00-0027973,Andy Dalton,QB,2025,7,REG,2025_07_CAR_NYJ,CAR,NYJ,4,7,60,0,0,1,-9,2,-2,0
00-0028118,Tyrod Taylor,QB,2025,7,REG,2025_07_CAR_NYJ,NYJ,CAR,10,22,126,0,2,3,-12,3,11,0
00-0029892,Kyle Juszczyk,FB,2025,7,REG,2025_07_ATL_SF,SF,ATL,0,0,0,0,0,0,0,1,-2,0
00-0030565,Geno Smith,QB,2025,7,REG,2025_07_LV_KC,LV,KC,10,16,67,0,0,1,-5,2,1,0
00-0031237,Teddy Bridgewater,QB,2025,7,REG,2025_07_TB_DET,TB,DET,0,0,0,0,0,0,0,1,-1,0
00-0031345,Jimmy Garoppolo,QB,2025,7,REG,2025_07_LA_JAX,LA,JAX,0,0,0,0,0,0,0,3,-3,0
00-0032104,Ameer Abdullah,RB,2025,7,REG,2025_07_IND_LAC,IND,LAC,0,0,0,0,0,0,0,2,19,0
00-0032268,Marcus Mariota,QB,2025,7,REG,2025_07_WAS_DAL,WAS,DAL,4,10,63,0,1,2,-9,2,34,0
00-0032950,Carson Wentz,QB,2025,7,REG,2025_07_PHI_MIN,MIN,PHI,26,42,313,0,2,2,-15,4,28,0
00-0033077,Dak Prescott,QB,2025,7,REG,2025_07_WAS_DAL,DAL,WAS,21,30,264,3,0,1,-7,5,7,0
00-0033106,Jared Goff,QB,2025,7,REG,2025_07_TB_DET,DET,TB,20,29,241,1,1,4,-26,2,7,0
00-0033119,Jacoby Brissett,QB,2025,7,REG,2025_07_GB_ARI,ARI,GB,25,36,279,2,0,6,-43,6,26,0
00-0033280,Christian McCaffrey,RB,2025,7,REG,2025_07_ATL_SF,SF,ATL,0,0,0,0,0,0,0,24,129,2
00-0033357,Taysom Hill,TE,2025,7,REG,2025_07_NO_CHI,NO,CHI,0,0,0,0,0,0,0,2,-4,0
00-0033526,Samaje Perine,RB,2025,7,REG,2025_07_PIT_CIN,CIN,PIT,0,0,0,0,0,0,0,7,31,0
00-0033555,Mack Hollins,WR,2025,7,REG,2025_07_NE_TEN,NE,TEN,0,0,0,0,0,0,0,1,4,0
00-0033873,Patrick Mahomes,QB,2025,7,REG,2025_07_LV_KC,KC,LV,26,35,286,3,0,1,-4,4,28,0
00-0033906,Alvin Kamara,RB,2025,7,REG,2025_07_NO_CHI,NO,CHI,0,0,0,0,0,0,0,11,28,0
00-0033908,Cooper Kupp,WR,2025,7,REG,2025_07_HOU_SEA,SEA,HOU,0,1,0,0,1,0,0,0,0,0
00-0033923,Kareem Hunt,RB,2025,7,REG,2025_07_LV_KC,KC,LV,0,0,0,0,0,0,0,4,18,0
00-0033949,Joshua Dobbs,QB,2025,7,REG,2025_07_NE_TEN,NE,TEN,1,1,12,0,0,0,0,2,-2,0
00-0033955,Jeremy McNichols,RB,2025,7,REG,2025_07_WAS_DAL,WAS,DAL,0,0,0,0,0,0,0,2,22,0
00-0034791,Nick Chubb,RB,2025,7,REG,2025_07_HOU_SEA,HOU,SEA,0,0,0,0,0,0,0,5,16,0
00-0034827,DJ Moore,WR,2025,7,REG,2025_07_NO_CHI,CHI,NO,0,0,0,0,0,0,0,1,9,0
00-0034844,Saquon Barkley,RB,2025,7,REG,2025_07_PHI_MIN,PHI,MIN,0,0,0,0,0,0,0,18,44,0
00-0034855,Baker Mayfield,QB,2025,7,REG,2025_07_TB_DET,TB,DET,28,50,228,1,1,4,-18,0,0,0
00-0034869,Sam Darnold,QB,2025,7,REG,2025_07_HOU_SEA,SEA,HOU,17,31,213,1,1,2,-15,3,1,0
00-0035208,Olamide Zaccheaus,WR,2025,7,REG,2025_07_NO_CHI,CHI,NO,0,0,0,0,0,0,0,1,0,0
00-0035250,Devin Singletary,RB,2025,7,REG,2025_07_NYG_DEN,NYG,DEN,0,0,0,0,0,0,0,2,2,0
00-0035261,Tony Pollard,RB,2025,7,REG,2025_07_NE_TEN,TEN,NE,0,0,0,0,0,0,0,6,18,0
00-0035289,Gardner Minshew,QB,2025,7,REG,2025_07_LV_KC,KC,LV,0,0,0,0,0,0,0,3,-3,0
00-0035628,D'Ernest Johnson,RB,2025,7,REG,2025_07_GB_ARI,ARI,GB,0,0,0,0,0,0,0,1,0,0
00-0035685,David Montgomery,RB,2025,7,REG,2025_07_TB_DET,DET,TB,0,0,0,0,0,0,0,13,21,0
00-0035700,Josh Jacobs,RB,2025,7,REG,2025_07_GB_ARI,GB,ARI,0,0,0,0,0,0,0,13,55,2
00-0035710,Daniel Jones,QB,2025,7,REG,2025_07_IND_LAC,IND,LAC,23,34,288,2,0,1,-7,5,7,0
00-0036139,Rico Dowdle,RB,2025,7,REG,2025_07_CAR_NYJ,CAR,NYJ,0,0,0,0,0,0,0,17,79,0
00-0036158,J.K. Dobbins,RB,2025,7,REG,2025_07_NYG_DEN,DEN,NYG,0,0,0,0,0,0,0,14,81,0
00-0036212,Tua Tagovailoa,QB,2025,7,REG,2025_07_MIA_CLE,MIA,CLE,12,23,100,0,3,2,-13,3,6,0
00-0036223,Jonathan Taylor,RB,2025,7,REG,2025_07_IND_LAC,IND,LAC,0,0,0,0,0,0,0,16,94,3
00-0036264,Jordan Love,QB,2025,7,REG,2025_07_GB_ARI,GB,ARI,19,29,179,1,0,1,-11,4,22,0
00-0036275,D'Andre Swift,RB,2025,7,REG,2025_07_NO_CHI,CHI,NO,0,0,0,0,0,0,0,19,124,1
00-0036355,Justin Herbert,QB,2025,7,REG,2025_07_IND_LAC,LAC,IND,37,55,420,3,2,3,-29,6,31,0
00-0036389,Jalen Hurts,QB,2025,7,REG,2025_07_PHI_MIN,PHI,MIN,19,23,326,3,0,3,-10,4,-10,0
00-0036555,Chuba Hubbard,RB,2025,7,REG,2025_07_CAR_NYJ,CAR,NYJ,0,0,0,0,0,0,0,14,31,0
00-0036875,Rhamondre Stevenson,RB,2025,7,REG,2025_07_NE_TEN,NE,TEN,0,0,0,0,0,0,0,18,88,1
00-0036919,Kenny Gainwell,RB,2025,7,REG,2025_07_PIT_CIN,PIT,CIN,0,0,0,0,0,0,0,3,14,0
00-0036924,Michael Carter,RB,2025,7,REG,2025_07_GB_ARI,ARI,GB,0,0,0,0,0,0,0,7,11,0
00-0036945,Justin Fields,QB,2025,7,REG,2025_07_CAR_NYJ,NYJ,CAR,6,12,46,0,0,3,-21,4,22,0
00-0036971,Trevor Lawrence,QB,2025,7,REG,2025_07_LA_JAX,JAX,LA,23,48,296,1,0,7,-32,2,18,0
00-0036972,Mac Jones,QB,2025,7,REG,2025_07_ATL_SF,SF,ATL,17,26,152,0,1,1,-2,5,11,0
00-0036973,Travis Etienne,RB,2025,7,REG,2025_07_LA_JAX,JAX,LA,0,0,0,0,0,0,0,8,44,0
00-0036997,Javonte Williams,RB,2025,7,REG,2025_07_WAS_DAL,DAL,WAS,0,0,0,0,0,0,0,19,116,1
00-0037157,Bam Knight,RB,2025,7,REG,2025_07_GB_ARI,ARI,GB,0,0,0,0,0,0,0,14,57,0
00-0037197,Isiah Pacheco,RB,2025,7,REG,2025_07_LV_KC,KC,LV,0,0,0,0,0,0,0,15,57,1
00-0037228,Jaylen Warren,RB,2025,7,REG,2025_07_PIT_CIN,PIT,CIN,0,0,0,0,0,0,0,16,127,0
00-0037256,Rachaad White,RB,2025,7,REG,2025_07_TB_DET,TB,DET,0,0,0,0,0,0,0,10,38,0
00-0037263,Tyler Allgeier,RB,2025,7,REG,2025_07_ATL_SF,ATL,SF,0,0,0,0,0,0,0,4,16,0
00-0037267,Jerome Ford,RB,2025,7,REG,2025_07_MIA_CLE,CLE,MIA,0,0,0,0,0,0,0,1,0,0
00-0037525,Jordan Mason,RB,2025,7,REG,2025_07_PHI_MIN,MIN,PHI,0,0,0,0,0,0,0,15,57,1
00-0037617,Hassan Haskins,RB,2025,7,REG,2025_07_IND_LAC,LAC,IND,0,0,0,0,0,0,0,1,3,0
00-0037746,Brian Robinson,RB,2025,7,REG,2025_07_ATL_SF,SF,ATL,0,0,0,0,0,0,0,9,36,0
00-0037840,Kyren Williams,RB,2025,7,REG,2025_07_LA_JAX,LA,JAX,0,0,0,0,0,0,0,12,54,0
00-0038102,Kenny Pickett,QB,2025,7,REG,2025_07_LV_KC,LV,KC,2,2,8,0,0,0,0,1,0,0
00-0038120,Breece Hall,RB,2025,7,REG,2025_07_CAR_NYJ,NYJ,CAR,0,0,0,0,0,0,0,11,38,0
00-0038134,Kenneth Walker III,RB,2025,7,REG,2025_07_HOU_SEA,SEA,HOU,0,0,0,0,0,0,0,17,66,0
00-0038440,Zavier Scott,RB,2025,7,REG,2025_07_PHI_MIN,MIN,PHI,0,0,0,0,0,0,0,4,4,0
00-0038542,Bijan Robinson,RB,2025,7,REG,2025_07_ATL_SF,ATL,SF,0,0,0,0,0,0,0,14,40,0
00-0038551,Kendre Miller,RB,2025,7,REG,2025_07_NO_CHI,NO,CHI,0,0,0,0,0,0,0,1,7,0
00-0038555,Tank Bigsby,RB,2025,7,REG,2025_07_PHI_MIN,PHI,MIN,0,0,0,0,0,0,0,1,11,0
00-0038597,Chase Brown,RB,2025,7,REG,2025_07_PIT_CIN,CIN,PIT,0,0,0,0,0,0,0,11,108,0
00-0038606,Parker Washington,WR,2025,7,REG,2025_07_LA_JAX,JAX,LA,0,0,0,0,0,0,0,3,10,0
00-0038611,Chris Rodriguez Jr.,RB,2025,7,REG,2025_07_WAS_DAL,WAS,DAL,0,0,0,0,0,0,0,3,12,1
00-0038797,Emanuel Wilson,RB,2025,7,REG,2025_07_GB_ARI,GB,ARI,0,0,0,0,0,0,0,6,17,0
00-0038951,Sean Tucker,RB,2025,7,REG,2025_07_TB_DET,TB,DET,0,0,0,0,0,0,0,1,4,0
00-0038976,Marvin Mims Jr.,WR,2025,7,REG,2025_07_NYG_DEN,DEN,NYG,0,0,0,0,0,0,0,1,13,0
00-0039021,Roschon Johnson,RB,2025,7,REG,2025_07_NO_CHI,CHI,NO,0,0,0,0,0,0,0,1,11,0
00-0039032,Tyjae Spears,RB,2025,7,REG,2025_07_NE_TEN,TEN,NE,0,0,0,0,0,0,0,5,22,0
00-0039040,De'Von Achane,RB,2025,7,REG,2025_07_MIA_CLE,MIA,CLE,0,0,0,0,0,0,0,13,82,0
00-0039139,Jahmyr Gibbs,RB,2025,7,REG,2025_07_TB_DET,DET,TB,0,0,0,0,0,0,0,17,136,2
00-0039150,Bryce Young,QB,2025,7,REG,2025_07_CAR_NYJ,CAR,NYJ,15,25,138,1,0,1,-12,2,10,0
00-0039163,C.J. Stroud,QB,2025,7,REG,2025_07_HOU_SEA,HOU,SEA,23,49,229,1,1,3,-31,2,25,0
00-0039165,Zach Charbonnet,RB,2025,7,REG,2025_07_HOU_SEA,SEA,HOU,0,0,0,0,0,0,0,12,49,2
00-0039376,Spencer Rattler,QB,2025,7,REG,2025_07_NO_CHI,NO,CHI,20,32,233,2,3,4,-24,2,12,0
00-0039384,Tyrone Tracy Jr.,RB,2025,7,REG,2025_07_NYG_DEN,NYG,DEN,0,0,0,0,0,0,0,9,46,1
00-0039391,Kimani Vidal,RB,2025,7,REG,2025_07_IND_LAC,LAC,IND,0,0,0,0,0,0,0,9,20,0
00-0039407,Dylan Laube,RB,2025,7,REG,2025_07_LV_KC,LV,KC,0,0,0,0,0,0,0,2,3,0
00-0039732,Bo Nix,QB,2025,7,REG,2025_07_NYG_DEN,DEN,NYG,27,50,279,2,0,2,-14,5,48,2
00-0039738,Blake Corum,RB,2025,7,REG,2025_07_LA_JAX,LA,JAX,0,0,0,0,0,0,0,12,37,0
00-0039757,Terrell Jennings,RB,2025,7,REG,2025_07_NE_TEN,NE,TEN,0,0,0,0,0,0,0,5,18,0
00-0039793,AJ Barner,TE,2025,7,REG,2025_07_HOU_SEA,SEA,HOU,0,0,0,0,0,0,0,1,2,0
00-0039798,Isaiah Davis,RB,2025,7,REG,2025_07_CAR_NYJ,NYJ,CAR,0,0,0,0,0,0,0,2,10,0
00-0039851,Drake Maye,QB,2025,7,REG,2025_07_NE_TEN,NE,TEN,21,23,222,2,0,4,-22,8,62,0
00-0039894,Xavier Worthy,WR,2025,7,REG,2025_07_LV_KC,KC,LV,0,0,0,0,0,0,0,1,13,0
00-0039910,Jayden Daniels,QB,2025,7,REG,2025_07_WAS_DAL,WAS,DAL,12,22,156,1,0,2,-5,8,35,1
00-0039917,Michael Penix Jr.,QB,2025,7,REG,2025_07_ATL_SF,ATL,SF,21,38,241,1,0,2,-11,2,6,0
00-0039918,Caleb Williams,QB,2025,7,REG,2025_07_NO_CHI,CHI,NO,15,26,172,0,1,1,-8,4,-2,0
00-0040078,Brashard Smith,RB,2025,7,REG,2025_07_LV_KC,KC,LV,0,0,0,0,0,0,0,14,39,0
00-0040122,Ashton Jeanty,RB,2025,7,REG,2025_07_LV_KC,LV,KC,0,0,0,0,0,0,0,6,21,0
00-0040162,Dylan Sampson,RB,2025,7,REG,2025_07_MIA_CLE,CLE,MIA,0,0,0,0,0,0,0,3,8,0
00-0040198,Ollie Gordon II,RB,2025,7,REG,2025_07_MIA_CLE,MIA,CLE,0,0,0,0,0,0,0,5,11,0
00-0040202,Devin Neal,RB,2025,7,REG,2025_07_NO_CHI,NO,CHI,0,0,0,0,0,0,0,1,1,0
00-0040218,Jimmy Horn Jr.,WR,2025,7,REG,2025_07_CAR_NYJ,CAR,NYJ,0,0,0,0,0,0,0,1,7,0
00-0040234,Quinn Ewers,QB,2025,7,REG,2025_07_MIA_CLE,MIA,CLE,5,8,53,0,0,2,-20,1,0,0
00-0040236,Kyle Monangai,RB,2025,7,REG,2025_07_NO_CHI,CHI,NO,0,0,0,0,0,0,0,13,81,1
00-0040242,Jacory Croskey-Merritt,RB,2025,7,REG,2025_07_WAS_DAL,WAS,DAL,0,0,0,0,0,0,0,13,33,0
00-0040583,Woody Marks,RB,2025,7,REG,2025_07_HOU_SEA,HOU,SEA,0,0,0,0,0,0,0,10,15,0
00-0040586,Jaydon Blue,RB,2025,7,REG,2025_07_WAS_DAL,DAL,WAS,0,0,0,0,0,0,0,7,29,0
00-0040676,Cam Ward,QB,2025,7,REG,2025_07_NE_TEN,TEN,NE,25,34,255,1,1,5,-39,0,0,0
00-0040691,Jaxson Dart,QB,2025,7,REG,2025_07_NYG_DEN,NYG,DEN,15,33,283,3,1,4,-15,5,11,1
00-0040704,Dillon Gabriel,QB,2025,7,REG,2025_07_MIA_CLE,CLE,MIA,13,18,116,0,0,2,-14,4,12,0
00-0040705,Chimere Dike,WR,2025,7,REG,2025_07_NE_TEN,TEN,NE,0,0,0,0,0,0,0,1,-1,0
00-0040715,Cam Skattebo,RB,2025,7,REG,2025_07_NYG_DEN,NYG,DEN,0,0,0,0,0,0,0,16,60,0
00-0040718,Travis Hunter,CB,2025,7,REG,2025_07_LA_JAX,JAX,LA,0,0,0,0,0,0,0,1,0,0
00-0040719,Bhayshul Tuten,RB,2025,7,REG,2025_07_LA_JAX,JAX,LA,0,0,0,0,0,0,0,5,22,0
00-0040730,RJ Harvey,RB,2025,7,REG,2025_07_NYG_DEN,DEN,NYG,0,0,0,0,0,0,0,4,0,0
00-0040734,TreVeyon Henderson,RB,2025,7,REG,2025_07_NE_TEN,NE,TEN,0,0,0,0,0,0,0,2,5,0
00-0040735,Luther Burden III,WR,2025,7,REG,2025_07_NO_CHI,CHI,NO,0,0,0,0,0,0,0,1,-1,0
00-0040784,Quinshon Judkins,RB,2025,7,REG,2025_07_MIA_CLE,CLE,MIA,0,0,0,0,0,0,0,25,84,3
00-0023459,Aaron Rodgers,QB,2025,8,REG,2025_08_GB_PIT,PIT,GB,24,36,219,2,0,3,-17,0,0,0
00-0026158,Joe Flacco,QB,2025,8,REG,2025_08_NYJ_CIN,CIN,NYJ,21,34,223,2,0,1,-6,2,14,1
00-0027973,Andy Dalton,QB,2025,8,REG,2025_08_BUF_CAR,CAR,BUF,16,24,175,0,1,7,-45,2,1,0
00-0029604,Kirk Cousins,QB,2025,8,REG,2025_08_MIA_ATL,ATL,MIA,21,31,173,0,0,1,-5,2,2,0
00-0032104,Ameer Abdullah,RB,2025,8,REG,2025_08_TEN_IND,IND,TEN,0,0,0,0,0,0,0,2,5,0
00-0032268,Marcus Mariota,QB,2025,8,REG,2025_08_WAS_KC,WAS,KC,21,30,213,1,2,2,-13,8,28,0
00-0032764,Derrick Henry,RB,2025,8,REG,2025_08_CHI_BAL,BAL,CHI,0,0,0,0,0,0,0,21,71,2
00-0032950,Carson Wentz,QB,2025,8,REG,2025_08_MIN_LAC,MIN,LAC,15,27,144,1,1,5,-27,0,0,0
00-0033077,Dak Prescott,QB,2025,8,REG,2025_08_DAL_DEN,DAL,DEN,19,31,188,0,2,2,-15,6,31,0
00-0033280,Christian McCaffrey,RB,2025,8,REG,2025_08_SF_HOU,SF,HOU,0,0,0,0,0,0,0,8,25,0
00-0033293,Aaron Jones,RB,2025,8,REG,2025_08_MIN_LAC,MIN,LAC,0,0,0,0,0,0,0,5,15,0
00-0033357,Taysom Hill,TE,2025,8,REG,2025_08_TB_NO,NO,TB,0,0,0,0,0,0,0,2,6,0
00-0033526,Samaje Perine,RB,2025,8,REG,2025_08_NYJ_CIN,CIN,NYJ,0,0,0,0,0,0,0,9,94,1
00-0033854,Dare Ogunbowale,RB,2025,8,REG,2025_08_SF_HOU,HOU,SF,0,0,0,0,0,0,0,1,9,0
00-0033869,Mitchell Trubisky,QB,2025,8,REG,2025_08_BUF_CAR,BUF,CAR,2,4,22,0,0,0,0,0,0,0
00-0033873,Patrick Mahomes,QB,2025,8,REG,2025_08_WAS_KC,KC,WAS,25,34,299,3,2,3,-15,4,30,0
00-0033906,Alvin Kamara,RB,2025,8,REG,2025_08_TB_NO,NO,TB,0,0,0,0,0,0,0,6,21,0
00-0033923,Kareem Hunt,RB,2025,8,REG,2025_08_WAS_KC,KC,WAS,0,0,0,0,0,0,0,9,40,1
00-0033955,Jeremy McNichols,RB,2025,8,REG,2025_08_WAS_KC,WAS,KC,0,0,0,0,0,0,0,1,4,0
00-0034367,Nyheim Hines,RB,2025,8,REG,2025_08_MIN_LAC,LAC,MIN,0,0,0,0,0,0,0,2,-2,0
00-0034791,Nick Chubb,RB,2025,8,REG,2025_08_SF_HOU,HOU,SF,0,0,0,0,0,0,0,17,56,0
00-0034827,DJ Moore,WR,2025,8,REG,2025_08_CHI_BAL,CHI,BAL,0,0,0,0,0,0,0,2,3,0
00-0034844,Saquon Barkley,RB,2025,8,REG,2025_08_NYG_PHI,PHI,NYG,0,0,0,0,0,0,0,14,150,1
00-0034855,Baker Mayfield,QB,2025,8,REG,2025_08_TB_NO,TB,NO,15,24,152,0,0,3,-28,0,0,0
00-0034857,Josh Allen,QB,2025,8,REG,2025_08_BUF_CAR,BUF,CAR,12,19,163,1,0,2,-20,3,7,2
00-0034975,Justice Hill,RB,2025,8,REG,2025_08_CHI_BAL,BAL,CHI,0,0,0,0,0,0,0,1,2,0
00-0035250,Devin Singletary,RB,2025,8,REG,2025_08_NYG_PHI,NYG,PHI,0,0,0,0,0,0,0,2,0,0
00-0035261,Tony Pollard,RB,2025,8,REG,2025_08_TEN_IND,TEN,IND,0,0,0,0,0,0,0,11,44,0
00-0035264,Jarrett Stidham,QB,2025,8,REG,2025_08_DAL_DEN,DEN,DAL,0,0,0,0,0,0,0,1,-1,0
00-0035537,Ty Johnson,RB,2025,8,REG,2025_08_BUF_CAR,BUF,CAR,0,0,0,0,0,0,0,4,6,0
00-0035700,Josh Jacobs,RB,2025,8,REG,2025_08_GB_PIT,GB,PIT,0,0,0,0,0,0,0,13,33,1
00-0035710,Daniel Jones,QB,2025,8,REG,2025_08_TEN_IND,IND,TEN,21,29,272,3,0,3,-16,1,3,0
00-0035719,Deebo Samuel Sr.,WR,2025,8,REG,2025_08_WAS_KC,WAS,KC,0,0,0,0,0,0,0,1,1,0
00-0035993,Tyler Huntley,QB,2025,8,REG,2025_08_CHI_BAL,BAL,CHI,17,22,186,1,0,2,-8,8,53,0
00-0036139,Rico Dowdle,RB,2025,8,REG,2025_08_BUF_CAR,CAR,BUF,0,0,0,0,0,0,0,8,54,0
00-0036158,J.K. Dobbins,RB,2025,8,REG,2025_08_DAL_DEN,DEN,DAL,0,0,0,0,0,0,0,15,111,0
00-0036212,Tua Tagovailoa,QB,2025,8,REG,2025_08_MIA_ATL,MIA,ATL,20,26,205,4,0,1,-8,0,0,0
00-0036223,Jonathan Taylor,RB,2025,8,REG,2025_08_TEN_IND,IND,TEN,0,0,0,0,0,0,0,12,153,2
00-0036264,Jordan Love,QB,2025,8,REG,2025_08_GB_PIT,GB,PIT,29,37,360,3,0,0,0,1,-1,0
00-0036275,D'Andre Swift,RB,2025,8,REG,2025_08_CHI_BAL,CHI,BAL,0,0,0,0,0,0,0,11,45,1
00-0036355,Justin Herbert,QB,2025,8,REG,2025_08_MIN_LAC,LAC,MIN,18,25,227,3,1,2,-15,7,62,0
00-0036358,CeeDee Lamb,WR,2025,8,REG,2025_08_DAL_DEN,DAL,DEN,0,0,0,0,0,0,0,1,2,0
00-0036389,Jalen Hurts,QB,2025,8,REG,2025_08_NYG_PHI,PHI,NYG,15,20,179,4,0,4,-28,4,22,0
00-0036555,Chuba Hubbard,RB,2025,8,REG,2025_08_BUF_CAR,CAR,BUF,0,0,0,0,0,0,0,12,34,1
00-0036755,Jaret Patterson,RB,2025,8,REG,2025_08_MIN_LAC,LAC,MIN,0,0,0,0,0,0,0,11,30,0
00-0036875,Rhamondre Stevenson,RB,2025,8,REG,2025_08_CLE_NE,NE,CLE,0,0,0,0,0,0,0,14,34,0
00-0036919,Kenny Gainwell,RB,2025,8,REG,2025_08_GB_PIT,PIT,GB,0,0,0,0,0,0,0,5,31,0
00-0036945,Justin Fields,QB,2025,8,REG,2025_08_NYJ_CIN,NYJ,CIN,21,32,244,1,0,0,0,11,31,0
00-0036972,Mac Jones,QB,2025,8,REG,2025_08_SF_HOU,SF,HOU,19,32,193,2,1,2,-18,2,23,0
00-0036997,Javonte Williams,RB,2025,8,REG,2025_08_DAL_DEN,DAL,DEN,0,0,0,0,0,0,0,13,41,2
00-0037013,Zach Wilson,QB,2025,8,REG,2025_08_MIA_ATL,MIA,ATL,1,1,0,0,0,0,0,0,0,0
00-0037085,Tyler Badie,RB,2025,8,REG,2025_08_DAL_DEN,DEN,DAL,0,0,0,0,0,0,0,1,6,0
00-0037120,Tyler Goodson,RB,2025,8,REG,2025_08_TEN_IND,IND,TEN,0,0,0,0,0,0,0,2,2,0
00-0037197,Isiah Pacheco,RB,2025,8,REG,2025_08_WAS_KC,KC,WAS,0,0,0,0,0,0,0,12,58,0
00-0037228,Jaylen Warren,RB,2025,8,REG,2025_08_GB_PIT,PIT,GB,0,0,0,0,0,0,0,13,62,0
00-0037239,Chris Olave,WR,2025,8,REG,2025_08_TB_NO,NO,TB,0,0,0,0,0,0,0,1,-3,0
00-0037248,James Cook,RB,2025,8,REG,2025_08_BUF_CAR,BUF,CAR,0,0,0,0,0,0,0,19,216,2
00-0037256,Rachaad White,RB,2025,8,REG,2025_08_TB_NO,TB,NO,0,0,0,0,0,0,0,13,35,0
00-0037263,Tyler Allgeier,RB,2025,8,REG,2025_08_MIA_ATL,ATL,MIA,0,0,0,0,0,0,0,4,4,1
00-0037525,Jordan Mason,RB,2025,8,REG,2025_08_MIN_LAC,MIN,LAC,0,0,0,0,0,0,0,4,3,0
00-0037563,Malik Davis,RB,2025,8,REG,2025_08_DAL_DEN,DAL,DEN,0,0,0,0,0,0,0,2,3,0
00-0037594,Julius Chestnut,RB,2025,8,REG,2025_08_TEN_IND,TEN,IND,0,0,0,0,0,0,0,2,5,0
00-0038120,Breece Hall,RB,2025,8,REG,2025_08_NYJ_CIN,NYJ,CIN,1,1,4,1,0,0,0,18,133,2
00-0038400,Tanner McKee,QB,2025,8,REG,2025_08_NYG_PHI,PHI,NYG,0,0,0,0,0,0,0,3,-2,0
00-0038440,Zavier Scott,RB,2025,8,REG,2025_08_MIN_LAC,MIN,LAC,0,0,0,0,0,0,0,2,16,0
00-0038454,Keaton Mitchell,RB,2025,8,REG,2025_08_CHI_BAL,BAL,CHI,0,0,0,0,0,0,0,4,43,0
00-0038542,Bijan Robinson,RB,2025,8,REG,2025_08_MIA_ATL,ATL,MIA,0,0,0,0,0,0,0,9,25,0
00-0038555,Tank Bigsby,RB,2025,8,REG,2025_08_NYG_PHI,PHI,NYG,0,0,0,0,0,0,0,9,104,0
00-0038597,Chase Brown,RB,2025,8,REG,2025_08_NYJ_CIN,CIN,NYJ,0,0,0,0,0,0,0,12,73,1
00-0038611,Chris Rodriguez Jr.,RB,2025,8,REG,2025_08_WAS_KC,WAS,KC,0,0,0,0,0,0,0,1,2,0
00-0038621,DeMario Douglas,WR,2025,8,REG,2025_08_CLE_NE,NE,CLE,0,0,0,0,0,0,0,2,3,0
00-0038738,Hunter Luepke,RB,2025,8,REG,2025_08_DAL_DEN,DAL,DEN,0,0,0,0,0,0,0,1,2,0
00-0038797,Emanuel Wilson,RB,2025,8,REG,2025_08_GB_PIT,GB,PIT,0,0,0,0,0,0,0,11,61,0
00-0038951,Sean Tucker,RB,2025,8,REG,2025_08_TB_NO,TB,NO,0,0,0,0,0,0,0,12,42,1
00-0038976,Marvin Mims Jr.,WR,2025,8,REG,2025_08_DAL_DEN,DEN,DAL,0,0,0,0,0,0,0,3,18,0
00-0039032,Tyjae Spears,RB,2025,8,REG,2025_08_TEN_IND,TEN,IND,0,0,0,0,0,0,0,9,59,1
00-0039040,De'Von Achane,RB,2025,8,REG,2025_08_MIA_ATL,MIA,ATL,0,0,0,0,0,0,0,18,67,0
00-0039064,Zay Flowers,WR,2025,8,REG,2025_08_CHI_BAL,BAL,CHI,0,0,0,0,0,0,0,1,8,0
00-0039067,Rashee Rice,WR,2025,8,REG,2025_08_WAS_KC,KC,WAS,0,0,0,0,0,0,0,2,12,0
00-0039163,C.J. Stroud,QB,2025,8,REG,2025_08_SF_HOU,HOU,SF,30,39,318,2,1,0,0,7,30,0
00-0039376,Spencer Rattler,QB,2025,8,REG,2025_08_TB_NO,NO,TB,15,21,136,0,1,3,-19,3,12,0
00-0039384,Tyrone Tracy Jr.,RB,2025,8,REG,2025_08_NYG_PHI,NYG,PHI,0,0,0,0,0,0,0,10,39,0
00-0039391,Kimani Vidal,RB,2025,8,REG,2025_08_MIN_LAC,LAC,MIN,0,0,0,0,0,0,0,23,117,1
00-0039398,Joe Milton III,QB,2025,8,REG,2025_08_DAL_DEN,DAL,DEN,3,4,58,1,0,0,0,0,0,0
00-0039451,Isaiah Williams,WR,2025,8,REG,2025_08_NYJ_CIN,NYJ,CIN,0,0,0,0,0,0,0,1,25,0
00-0039732,Bo Nix,QB,2025,8,REG,2025_08_DAL_DEN,DEN,DAL,19,29,247,4,1,0,0,1,-1,0
00-0039746,Will Shipley,RB,2025,8,REG,2025_08_NYG_PHI,PHI,NYG,0,0,0,0,0,0,0,3,2,0
00-0039757,Terrell Jennings,RB,2025,8,REG,2025_08_CLE_NE,NE,CLE,0,0,0,0,0,0,0,2,15,0
00-0039798,Isaiah Davis,RB,2025,8,REG,2025_08_NYJ_CIN,NYJ,CIN,0,0,0,0,0,0,0,7,65,0
00-0039851,Drake Maye,QB,2025,8,REG,2025_08_CLE_NE,NE,CLE,18,24,282,3,1,6,-37,7,50,0
00-0039874,Jaylen Wright,RB,2025,8,REG,2025_08_MIA_ATL,MIA,ATL,0,0,0,0,0,0,0,9,28,0
00-0039875,Ray Davis,RB,2025,8,REG,2025_08_BUF_CAR,BUF,CAR,0,0,0,0,0,0,0,9,16,0
00-0039918,Caleb Williams,QB,2025,8,REG,2025_08_CHI_BAL,CHI,BAL,25,38,285,0,1,1,-9,3,24,0
00-0039920,Malachi Corley,WR,2025,8,REG,2025_08_CLE_NE,CLE,NE,0,0,0,0,0,0,0,1,31,0
00-0040009,Savion Williams,WR,2025,8,REG,2025_08_GB_PIT,GB,PIT,0,0,0,0,0,0,0,1,1,0
00-0040078,Brashard Smith,RB,2025,8,REG,2025_08_WAS_KC,KC,WAS,0,0,0,0,0,0,0,3,8,0
00-0040162,Dylan Sampson,RB,2025,8,REG,2025_08_CLE_NE,CLE,NE,0,0,0,0,0,0,0,3,0,0
00-0040198,Ollie Gordon II,RB,2025,8,REG,2025_08_MIA_ATL,MIA,ATL,0,0,0,0,0,0,0,10,46,0
00-0040206,Riley Leonard,QB,2025,8,REG,2025_08_TEN_IND,IND,TEN,0,2,0,0,0,0,0,1,1,0
00-0040218,Jimmy Horn Jr.,WR,2025,8,REG,2025_08_BUF_CAR,CAR,BUF,0,0,0,0,0,0,0,2,9,0
00-0040236,Kyle Monangai,RB,2025,8,REG,2025_08_CHI_BAL,CHI,BAL,0,0,0,0,0,0,0,7,24,0
00-0040242,Jacory Croskey-Merritt,RB,2025,8,REG,2025_08_WAS_KC,WAS,KC,0,0,0,0,0,0,0,9,25,0
00-0040259,Gage Larvadain,WR,2025,8,REG,2025_08_CLE_NE,CLE,NE,0,0,0,0,0,0,0,1,3,0
00-0040429,Josh Williams,RB,2025,8,REG,2025_08_TB_NO,TB,NO,0,0,0,0,0,0,0,4,11,0
00-0040494,Max Brosmer,QB,2025,8,REG,2025_08_MIN_LAC,MIN,LAC,3,4,13,0,0,0,0,0,0,0
00-0040547,Nate Carter,RB,2025,8,REG,2025_08_MIA_ATL,ATL,MIA,0,0,0,0,0,0,0,2,14,0
00-0040583,Woody Marks,RB,2025,8,REG,2025_08_SF_HOU,HOU,SF,0,0,0,0,0,0,0,11,62,0
00-0040586,Jaydon Blue,RB,2025,8,REG,2025_08_DAL_DEN,DAL,DEN,0,0,0,0,0,0,0,8,29,0
00-0040644,Trevor Etienne,RB,2025,8,REG,2025_08_BUF_CAR,CAR,BUF,0,0,0,0,0,0,0,4,16,0
00-0040663,Harold Fannin Jr.,TE,2025,8,REG,2025_08_CLE_NE,CLE,NE,0,0,0,0,0,0,0,1,2,0
00-0040676,Cam Ward,QB,2025,8,REG,2025_08_TEN_IND,TEN,IND,22,38,259,1,1,4,-31,2,4,0
00-0040691,Jaxson Dart,QB,2025,8,REG,2025_08_NYG_PHI,NYG,PHI,14,24,193,1,0,5,-15,6,17,1
00-0040704,Dillon Gabriel,QB,2025,8,REG,2025_08_CLE_NE,CLE,NE,21,35,156,2,2,1,-11,1,13,0
00-0040705,Chimere Dike,WR,2025,8,REG,2025_08_TEN_IND,TEN,IND,0,0,0,0,0,0,0,1,1,0
00-0040715,Cam Skattebo,RB,2025,8,REG,2025_08_NYG_PHI,NYG,PHI,0,0,0,0,0,0,0,3,12,0
00-0040730,RJ Harvey,RB,2025,8,REG,2025_08_DAL_DEN,DEN,DAL,0,0,0,0,0,0,0,7,46,2
00-0040734,TreVeyon Henderson,RB,2025,8,REG,2025_08_CLE_NE,NE,CLE,0,0,0,0,0,0,0,10,75,0
00-0040743,Tyler Shough,QB,2025,8,REG,2025_08_TB_NO,NO,TB,17,30,128,0,1,2,-18,3,12,0
00-0040784,Quinshon Judkins,RB,2025,8,REG,2025_08_CLE_NE,CLE,NE,0,0,0,0,0,0,0,9,19,0
00-0023459,Aaron Rodgers,QB,2025,9,REG,2025_09_IND_PIT,PIT,IND,25,35,203,1,0,3,-16,2,0,0
00-0026158,Joe Flacco,QB,2025,9,REG,2025_09_CHI_CIN,CIN,CHI,31,47,470,4,2,3,-21,1,-1,0
00-0026498,Matthew Stafford,QB,2025,9,REG,2025_09_NO_LA,LA,NO,24,32,281,4,0,2,-14,4,-4,0
00-0030565,Geno Smith,QB,2025,9,REG,2025_09_JAX_LV,LV,JAX,29,39,284,4,1,2,-10,5,9,0
00-0032104,Ameer Abdullah,RB,2025,9,REG,2025_09_IND_PIT,IND,PIT,0,0,0,0,0,0,0,1,3,0
00-0032764,Derrick Henry,RB,2025,9,REG,2025_09_BAL_MIA,BAL,MIA,0,0,0,0,0,0,0,19,119,0
00-0033077,Dak Prescott,QB,2025,9,REG,2025_09_ARI_DAL,DAL,ARI,24,39,250,1,1,5,-40,4,34,0
00-0033106,Jared Goff,QB,2025,9,REG,2025_09_MIN_DET,DET,MIN,25,37,284,2,0,5,-44,0,0,0
00-0033119,Jacoby Brissett,QB,2025,9,REG,2025_09_ARI_DAL,ARI,DAL,21,31,261,2,0,5,-40,5,4,1
00-0033280,Christian McCaffrey,RB,2025,9,REG,2025_09_SF_NYG,SF,NYG,0,0,0,0,0,0,0,28,106,1
00-0033288,George Kittle,TE,2025,9,REG,2025_09_SF_NYG,SF,NYG,0,0,0,0,0,0,0,1,-3,0
00-0033293,Aaron Jones,RB,2025,9,REG,2025_09_MIN_DET,MIN,DET,0,0,0,0,0,0,0,9,78,0
00-0033357,Taysom Hill,TE,2025,9,REG,2025_09_NO_LA,NO,LA,0,1,0,0,0,0,0,4,30,0
00-0033526,Samaje Perine,RB,2025,9,REG,2025_09_CHI_CIN,CIN,CHI,0,0,0,0,0,0,0,1,5,0
00-0033873,Patrick Mahomes,QB,2025,9,REG,2025_09_KC_BUF,KC,BUF,15,34,250,0,1,3,-24,1,5,0
00-0033906,Alvin Kamara,RB,2025,9,REG,2025_09_NO_LA,NO,LA,0,0,0,0,0,0,0,6,14,0
00-0033923,Kareem Hunt,RB,2025,9,REG,2025_09_KC_BUF,KC,BUF,0,0,0,0,0,0,0,11,49,1
00-0033955,Jeremy McNichols,RB,2025,9,REG,2025_09_SEA_WAS,WAS,SEA,0,0,0,0,0,0,0,1,0,0
00-0034753,Mark Andrews,TE,2025,9,REG,2025_09_BAL_MIA,BAL,MIA,0,0,0,0,0,0,0,2,4,0
00-0034791,Nick Chubb,RB,2025,9,REG,2025_09_DEN_HOU,HOU,DEN,0,0,0,0,0,0,0,11,34,0
00-0034796,Lamar Jackson,QB,2025,9,REG,2025_09_BAL_MIA,BAL,MIA,18,23,204,4,0,2,-16,5,14,0
00-0034827,DJ Moore,WR,2025,9,REG,2025_09_CHI_CIN,CHI,CIN,1,1,2,1,0,0,0,1,17,1
00-0034857,Josh Allen,QB,2025,9,REG,2025_09_KC_BUF,BUF,KC,23,26,273,1,0,3,-10,6,19,2
00-0034869,Sam Darnold,QB,2025,9,REG,2025_09_SEA_WAS,SEA,WAS,21,24,330,4,1,0,0,0,0,0
00-0034975,Justice Hill,RB,2025,9,REG,2025_09_BAL_MIA,BAL,MIA,0,0,0,0,0,0,0,1,2,0
00-0035250,Devin Singletary,RB,2025,9,REG,2025_09_SF_NYG,NYG,SF,0,0,0,0,0,0,0,8,43,0
00-0035261,Tony Pollard,RB,2025,9,REG,2025_09_LAC_TEN,TEN,LAC,0,0,0,0,0,0,0,10,56,0
00-0035500,Greg Dortch,WR,2025,9,REG,2025_09_ARI_DAL,ARI,DAL,0,0,0,0,0,0,0,1,9,0
00-0035537,Ty Johnson,RB,2025,9,REG,2025_09_KC_BUF,BUF,KC,0,0,0,0,0,0,0,2,8,1
00-0035685,David Montgomery,RB,2025,9,REG,2025_09_MIN_DET,DET,MIN,0,0,0,0,0,0,0,11,40,1
00-0035700,Josh Jacobs,RB,2025,9,REG,2025_09_CAR_GB,GB,CAR,0,0,0,0,0,0,0,17,87,1
00-0035710,Daniel Jones,QB,2025,9,REG,2025_09_IND_PIT,IND,PIT,31,50,342,1,3,5,-29,3,4,1
00-0035719,Deebo Samuel Sr.,WR,2025,9,REG,2025_09_SEA_WAS,WAS,SEA,0,0,0,0,0,0,0,1,3,0
00-0036139,Rico Dowdle,RB,2025,9,REG,2025_09_CAR_GB,CAR,GB,0,0,0,0,0,0,0,25,130,2
00-0036158,J.K. Dobbins,RB,2025,9,REG,2025_09_DEN_HOU,DEN,HOU,0,0,0,0,0,0,0,15,61,0
00-0036212,Tua Tagovailoa,QB,2025,9,REG,2025_09_BAL_MIA,MIA,BAL,25,40,261,0,1,2,-16,1,1,0
00-0036223,Jonathan Taylor,RB,2025,9,REG,2025_09_IND_PIT,IND,PIT,0,0,0,0,0,0,0,14,45,0
00-0036264,Jordan Love,QB,2025,9,REG,2025_09_CAR_GB,GB,CAR,26,37,273,0,1,1,-8,1,1,0
00-0036290,Cole Kmet,TE,2025,9,REG,2025_09_CHI_CIN,CHI,CIN,0,1,0,0,0,0,0,0,0,0
00-0036355,Justin Herbert,QB,2025,9,REG,2025_09_LAC_TEN,LAC,TEN,19,29,250,2,1,6,-38,9,57,1
00-0036360,Clyde Edwards-Helaire,RB,2025,9,REG,2025_09_KC_BUF,KC,BUF,0,0,0,0,0,0,0,2,5,0
00-0036555,Chuba Hubbard,RB,2025,9,REG,2025_09_CAR_GB,CAR,GB,0,0,0,0,0,0,0,5,17,0
00-0036626,Dyami Brown,WR,2025,9,REG,2025_09_JAX_LV,JAX,LV,0,0,0,0,0,0,0,1,4,0
00-0036727,Adam Prentice,FB,2025,9,REG,2025_09_DEN_HOU,DEN,HOU,0,0,0,0,0,0,0,1,2,0
00-0036755,Jaret Patterson,RB,2025,9,REG,2025_09_LAC_TEN,LAC,TEN,0,0,0,0,0,0,0,9,44,0
00-0036898,Davis Mills,QB,2025,9,REG,2025_09_DEN_HOU,HOU,DEN,17,30,137,0,0,2,-16,2,7,0
00-0036919,Kenny Gainwell,RB,2025,9,REG,2025_09_IND_PIT,PIT,IND,0,0,0,0,0,0,0,3,-1,0
00-0036971,Trevor Lawrence,QB,2025,9,REG,2025_09_JAX_LV,JAX,LV,23,34,220,0,1,1,-4,9,24,2
00-0036972,Mac Jones,QB,2025,9,REG,2025_09_SF_NYG,SF,NYG,19,24,235,2,0,2,-14,4,4,0
00-0036973,Travis Etienne,RB,2025,9,REG,2025_09_JAX_LV,JAX,LV,0,0,0,0,0,0,0,22,84,0
00-0036997,Javonte Williams,RB,2025,9,REG,2025_09_ARI_DAL,DAL,ARI,0,0,0,0,0,0,0,15,83,0
00-0037157,Bam Knight,RB,2025,9,REG,2025_09_ARI_DAL,ARI,DAL,0,0,0,0,0,0,0,9,27,0
00-0037228,Jaylen Warren,RB,2025,9,REG,2025_09_IND_PIT,PIT,IND,0,0,0,0,0,0,0,16,31,2
00-0037248,James Cook,RB,2025,9,REG,2025_09_KC_BUF,BUF,KC,0,0,0,0,0,0,0,27,114,0
00-0037263,Tyler Allgeier,RB,2025,9,REG,2025_09_ATL_NE,ATL,NE,0,0,0,0,0,0,0,2,6,0
00-0037304,Connor Heyward,FB,2025,9,REG,2025_09_IND_PIT,PIT,IND,0,0,0,0,0,0,0,1,4,0
00-0037323,Rodney Thomas,SAF,2025,9,REG,2025_09_IND_PIT,IND,PIT,0,0,0,0,0,0,0,1,3,0
00-0037329,Brittain Brown,RB,2025,9,REG,2025_09_CHI_CIN,CHI,CIN,0,0,0,0,0,0,0,5,37,1
00-0037525,Jordan Mason,RB,2025,9,REG,2025_09_MIN_DET,MIN,DET,0,0,0,0,0,0,0,10,36,0
00-0037563,Malik Davis,RB,2025,9,REG,2025_09_ARI_DAL,DAL,ARI,0,0,0,0,0,0,0,1,3,0
00-0037746,Brian Robinson,RB,2025,9,REG,2025_09_SF_NYG,SF,NYG,0,0,0,0,0,0,0,5,53,1
00-0037801,KaVontae Turpin,WR,2025,9,REG,2025_09_ARI_DAL,DAL,ARI,0,0,0,0,0,0,0,1,3,0
00-0037840,Kyren Williams,RB,2025,9,REG,2025_09_NO_LA,LA,NO,0,0,0,0,0,0,0,25,114,1
00-0038134,Kenneth Walker III,RB,2025,9,REG,2025_09_SEA_WAS,SEA,WAS,0,0,0,0,0,0,0,11,42,0
00-0038416,Tyson Bagent,QB,2025,9,REG,2025_09_CHI_CIN,CHI,CIN,1,1,20,0,0,0,0,0,0,0
00-0038454,Keaton Mitchell,RB,2025,9,REG,2025_09_BAL_MIA,BAL,MIA,0,0,0,0,0,0,0,4,11,0
00-0038542,Bijan Robinson,RB,2025,9,REG,2025_09_ATL_NE,ATL,NE,0,0,0,0,0,0,0,12,46,0
00-0038543,Jaxon Smith-Njigba,WR,2025,9,REG,2025_09_SEA_WAS,SEA,WAS,0,0,0,0,0,0,0,1,11,0
00-0038597,Chase Brown,RB,2025,9,REG,2025_09_CHI_CIN,CIN,CHI,0,0,0,0,0,0,0,11,37,0
00-0038611,Chris Rodriguez Jr.,RB,2025,9,REG,2025_09_SEA_WAS,WAS,SEA,0,0,0,0,0,0,0,12,65,1
00-0038619,Andrei Iosivas,WR,2025,9,REG,2025_09_CHI_CIN,CIN,CHI,0,0,0,0,0,0,0,1,4,0
00-0038658,Adrian Martinez,QB,2025,9,REG,2025_09_SF_NYG,SF,NYG,0,0,0,0,0,0,0,1,-1,0
00-0038705,Emari Demercado,RB,2025,9,REG,2025_09_ARI_DAL,ARI,DAL,0,0,0,0,0,0,0,14,79,0
00-0038797,Emanuel Wilson,RB,2025,9,REG,2025_09_CAR_GB,GB,CAR,0,0,0,0,0,0,0,6,16,0
00-0038994,Jordan Addison,WR,2025,9,REG,2025_09_MIN_DET,MIN,DET,0,0,0,0,0,0,0,1,16,0
00-0039032,Tyjae Spears,RB,2025,9,REG,2025_09_LAC_TEN,TEN,LAC,0,0,0,0,0,0,0,7,26,0
00-0039040,De'Von Achane,RB,2025,9,REG,2025_09_BAL_MIA,MIA,BAL,0,0,0,0,0,0,0,14,67,0
00-0039067,Rashee Rice,WR,2025,9,REG,2025_09_KC_BUF,KC,BUF,0,0,0,0,0,0,0,2,6,1
00-0039075,Puka Nacua,WR,2025,9,REG,2025_09_NO_LA,LA,NO,0,0,0,0,0,0,0,1,3,0
00-0039139,Jahmyr Gibbs,RB,2025,9,REG,2025_09_MIN_DET,DET,MIN,0,0,0,0,0,0,0,9,25,0
00-0039150,Bryce Young,QB,2025,9,REG,2025_09_CAR_GB,CAR,GB,11,20,102,0,1,1,0,2,9,0
00-0039163,C.J. Stroud,QB,2025,9,REG,2025_09_DEN_HOU,HOU,DEN,6,10,79,0,0,2,-9,2,12,0
00-0039165,Zach Charbonnet,RB,2025,9,REG,2025_09_SEA_WAS,SEA,WAS,0,0,0,0,0,0,0,8,25,0
00-0039299,George Holani,RB,2025,9,REG,2025_09_SEA_WAS,SEA,WAS,0,0,0,0,0,0,0,3,9,0
00-0039338,Brock Bowers,TE,2025,9,REG,2025_09_JAX_LV,LV,JAX,0,0,0,0,0,0,0,1,6,0
00-0039384,Tyrone Tracy Jr.,RB,2025,9,REG,2025_09_SF_NYG,NYG,SF,0,0,0,0,0,0,0,5,18,0
00-0039391,Kimani Vidal,RB,2025,9,REG,2025_09_LAC_TEN,LAC,TEN,0,0,0,0,0,0,0,12,30,0
00-0039603,British Brooks,RB,2025,9,REG,2025_09_DEN_HOU,HOU,DEN,0,0,0,0,0,0,0,2,0,0
00-0039732,Bo Nix,QB,2025,9,REG,2025_09_DEN_HOU,DEN,HOU,18,37,173,2,1,1,-2,3,36,0
00-0039738,Blake Corum,RB,2025,9,REG,2025_09_NO_LA,LA,NO,0,0,0,0,0,0,0,13,58,0
00-0039757,Terrell Jennings,RB,2025,9,REG,2025_09_ATL_NE,NE,ATL,0,0,0,0,0,0,0,11,35,1
00-0039793,AJ Barner,TE,2025,9,REG,2025_09_SEA_WAS,SEA,WAS,0,0,0,0,0,0,0,1,1,1
00-0039851,Drake Maye,QB,2025,9,REG,2025_09_ATL_NE,NE,ATL,19,29,259,2,1,6,-38,8,20,0
00-0039868,Troy Franklin,WR,2025,9,REG,2025_09_DEN_HOU,DEN,HOU,0,0,0,0,0,0,0,2,-4,0
00-0039880,Malik Washington,WR,2025,9,REG,2025_09_BAL_MIA,MIA,BAL,0,0,0,0,0,0,0,3,13,0
00-0039894,Xavier Worthy,WR,2025,9,REG,2025_09_KC_BUF,KC,BUF,0,0,0,0,0,0,0,1,7,0
00-0039910,Jayden Daniels,QB,2025,9,REG,2025_09_SEA_WAS,WAS,SEA,16,22,153,0,1,4,-20,10,51,1
00-0039917,Michael Penix Jr.,QB,2025,9,REG,2025_09_ATL_NE,ATL,NE,22,37,221,3,0,1,-4,2,19,0
00-0039918,Caleb Williams,QB,2025,9,REG,2025_09_CHI_CIN,CHI,CIN,20,34,280,3,0,2,-9,5,53,0
00-0039923,J.J. McCarthy,QB,2025,9,REG,2025_09_MIN_DET,MIN,DET,14,25,143,2,1,5,-27,9,12,1
00-0040009,Savion Williams,WR,2025,9,REG,2025_09_CAR_GB,GB,CAR,0,0,0,0,0,0,0,1,0,0
00-0040078,Brashard Smith,RB,2025,9,REG,2025_09_KC_BUF,KC,BUF,0,0,0,0,0,0,0,3,7,0
00-0040122,Ashton Jeanty,RB,2025,9,REG,2025_09_JAX_LV,LV,JAX,0,0,0,0,0,0,0,13,42,0
00-0040138,Jaylin Noel,WR,2025,9,REG,2025_09_DEN_HOU,HOU,DEN,0,0,0,0,0,0,0,1,-3,0
00-0040142,Kaleb Johnson,RB,2025,9,REG,2025_09_IND_PIT,PIT,IND,0,0,0,0,0,0,0,1,4,0
00-0040198,Ollie Gordon II,RB,2025,9,REG,2025_09_BAL_MIA,MIA,BAL,0,0,0,0,0,0,0,2,6,0
00-0040202,Devin Neal,RB,2025,9,REG,2025_09_NO_LA,NO,LA,0,0,0,0,0,0,0,3,11,0
00-0040208,Tahj Brooks,RB,2025,9,REG,2025_09_CHI_CIN,CIN,CHI,0,0,0,0,0,0,0,1,1,0
00-0040218,Jimmy Horn Jr.,WR,2025,9,REG,2025_09_CAR_GB,CAR,GB,0,0,0,0,0,0,0,1,7,0
00-0040236,Kyle Monangai,RB,2025,9,REG,2025_09_CHI_CIN,CHI,CIN,0,0,0,0,0,0,0,26,176,0
00-0040238,LeQuint Allen Jr.,RB,2025,9,REG,2025_09_JAX_LV,JAX,LV,0,0,0,0,0,0,0,1,10,0
00-0040242,Jacory Croskey-Merritt,RB,2025,9,REG,2025_09_SEA_WAS,WAS,SEA,0,0,0,0,0,0,0,12,38,0
00-0040583,Woody Marks,RB,2025,9,REG,2025_09_DEN_HOU,HOU,DEN,0,0,0,0,0,0,0,10,27,0
00-0040676,Cam Ward,QB,2025,9,REG,2025_09_LAC_TEN,TEN,LAC,12,21,145,0,0,4,-27,2,6,0
00-0040691,Jaxson Dart,QB,2025,9,REG,2025_09_SF_NYG,NYG,SF,24,33,191,2,0,2,-12,8,56,1
00-0040719,Bhayshul Tuten,RB,2025,9,REG,2025_09_JAX_LV,JAX,LV,0,0,0,0,0,0,0,9,29,1
00-0040730,RJ Harvey,RB,2025,9,REG,2025_09_DEN_HOU,DEN,HOU,0,0,0,0,0,0,0,2,5,0
00-0040734,TreVeyon Henderson,RB,2025,9,REG,2025_09_ATL_NE,NE,ATL,0,0,0,0,0,0,0,14,55,0
00-0040743,Tyler Shough,QB,2025,9,REG,2025_09_NO_LA,NO,LA,15,24,176,1,1,1,-9,1,2,0
00-0023459,Aaron Rodgers,QB,2025,10,REG,2025_10_PIT_LAC,PIT,LAC,16,31,161,1,2,3,-13,0,0,0
00-0026498,Matthew Stafford,QB,2025,10,REG,2025_10_LA_SF,LA,SF,24,36,280,4,0,1,-5,3,-3,0
00-0029263,Russell Wilson,QB,2025,10,REG,2025_10_NYG_CHI,NYG,CHI,3,7,45,0,0,2,-13,2,12,0
00-0030565,Geno Smith,QB,2025,10,REG,2025_10_LV_DEN,LV,DEN,16,26,143,0,1,6,-29,3,7,0
00-0031687,Raheem Mostert,RB,2025,10,REG,2025_10_LV_DEN,LV,DEN,0,0,0,0,0,0,0,1,4,0
00-0032268,Marcus Mariota,QB,2025,10,REG,2025_10_DET_WAS,WAS,DET,16,22,213,2,0,2,-18,5,22,0
00-0032385,Sterling Shepard,WR,2025,10,REG,2025_10_NE_TB,TB,NE,0,0,0,0,0,0,0,1,11,0
00-0032464,Kalif Raymond,WR,2025,10,REG,2025_10_DET_WAS,DET,WAS,0,0,0,0,0,0,0,1,10,0
00-0032764,Derrick Henry,RB,2025,10,REG,2025_10_BAL_MIN,BAL,MIN,0,0,0,0,0,0,0,20,75,0
00-0033106,Jared Goff,QB,2025,10,REG,2025_10_DET_WAS,DET,WAS,25,33,320,3,0,0,0,0,0,0
00-0033119,Jacoby Brissett,QB,2025,10,REG,2025_10_ARI_SEA,ARI,SEA,22,44,258,2,0,5,-52,4,31,0
00-0033280,Christian McCaffrey,RB,2025,10,REG,2025_10_LA_SF,SF,LA,0,0,0,0,0,0,0,12,30,0
00-0033293,Aaron Jones,RB,2025,10,REG,2025_10_BAL_MIN,MIN,BAL,0,0,0,0,0,0,0,9,47,1
00-0033357,Taysom Hill,TE,2025,10,REG,2025_10_NO_CAR,NO,CAR,0,1,0,0,0,0,0,7,20,0
00-0033376,Patrick Ricard,RB,2025,10,REG,2025_10_BAL_MIN,BAL,MIN,0,0,0,0,0,0,0,1,3,0
00-0033869,Mitchell Trubisky,QB,2025,10,REG,2025_10_BUF_MIA,BUF,MIA,0,0,0,0,0,0,0,1,4,0
00-0033906,Alvin Kamara,RB,2025,10,REG,2025_10_NO_CAR,NO,CAR,0,0,0,0,0,0,0,22,83,0
00-0033955,Jeremy McNichols,RB,2025,10,REG,2025_10_DET_WAS,WAS,DET,0,0,0,0,0,0,0,5,25,0
00-0034348,Courtland Sutton,WR,2025,10,REG,2025_10_LV_DEN,DEN,LV,0,0,0,0,0,1,-5,0,0,0
00-0034577,Kyle Allen,QB,2025,10,REG,2025_10_DET_WAS,DET,WAS,0,2,0,0,0,0,0,1,-1,0
00-0034791,Nick Chubb,RB,2025,10,REG,2025_10_JAX_HOU,HOU,JAX,0,0,0,0,0,0,0,5,47,0
00-0034796,Lamar Jackson,QB,2025,10,REG,2025_10_BAL_MIN,BAL,MIN,17,29,176,1,0,1,-7,9,36,0
00-0034844,Saquon Barkley,RB,2025,10,REG,2025_10_PHI_GB,PHI,GB,0,0,0,0,0,0,0,22,60,0
00-0034855,Baker Mayfield,QB,2025,10,REG,2025_10_NE_TB,TB,NE,28,43,273,3,0,2,-15,0,0,0
00-0034857,Josh Allen,QB,2025,10,REG,2025_10_BUF_MIA,BUF,MIA,28,40,306,2,1,3,-17,4,31,0
00-0034869,Sam Darnold,QB,2025,10,REG,2025_10_ARI_SEA,SEA,ARI,10,12,178,1,1,1,-4,3,-2,0
00-0034975,Justice Hill,RB,2025,10,REG,2025_10_BAL_MIN,BAL,MIN,0,0,0,0,0,0,0,1,1,1
00-0035021,Ashton Dulin,WR,2025,10,REG,2025_10_ATL_IND,IND,ATL,0,0,0,0,0,0,0,1,22,0
00-0035125,Alec Ingold,FB,2025,10,REG,2025_10_BUF_MIA,MIA,BUF,0,0,0,0,0,0,0,1,6,0
00-0035250,Devin Singletary,RB,2025,10,REG,2025_10_NYG_CHI,NYG,CHI,0,0,0,0,0,0,0,8,20,0
00-0035500,Greg Dortch,WR,2025,10,REG,2025_10_ARI_SEA,ARI,SEA,0,0,0,0,0,0,0,2,2,1
00-0035537,Ty Johnson,RB,2025,10,REG,2025_10_BUF_MIA,BUF,MIA,0,0,0,0,0,0,0,1,2,0
00-0035628,D'Ernest Johnson,RB,2025,10,REG,2025_10_NE_TB,NE,TB,0,0,0,0,0,0,0,1,1,0
00-0035685,David Montgomery,RB,2025,10,REG,2025_10_DET_WAS,DET,WAS,0,0,0,0,0,0,0,15,71,0
00-0035700,Josh Jacobs,RB,2025,10,REG,2025_10_PHI_GB,GB,PHI,0,0,0,0,0,0,0,21,74,1
00-0035704,Drew Lock,QB,2025,10,REG,2025_10_ARI_SEA,SEA,ARI,0,0,0,0,0,0,0,4,-4,0
00-0035710,Daniel Jones,QB,2025,10,REG,2025_10_ATL_IND,IND,ATL,19,26,255,1,1,7,-59,7,53,0
00-0036139,Rico Dowdle,RB,2025,10,REG,2025_10_NO_CAR,CAR,NO,0,0,0,0,0,0,0,18,53,1
00-0036158,J.K. Dobbins,RB,2025,10,REG,2025_10_LV_DEN,DEN,LV,0,0,0,0,0,0,0,18,77,0
00-0036212,Tua Tagovailoa,QB,2025,10,REG,2025_10_BUF_MIA,MIA,BUF,15,21,173,2,2,0,0,2,-1,0
00-0036223,Jonathan Taylor,RB,2025,10,REG,2025_10_ATL_IND,IND,ATL,0,0,0,0,0,0,0,32,244,3
00-0036264,Jordan Love,QB,2025,10,REG,2025_10_PHI_GB,GB,PHI,20,36,176,0,0,3,-19,5,28,0
00-0036275,D'Andre Swift,RB,2025,10,REG,2025_10_NYG_CHI,CHI,NYG,0,0,0,0,0,0,0,13,80,0
00-0036355,Justin Herbert,QB,2025,10,REG,2025_10_PIT_LAC,LAC,PIT,20,33,220,1,0,5,-21,5,19,0
00-0036389,Jalen Hurts,QB,2025,10,REG,2025_10_PHI_GB,PHI,GB,15,26,183,1,0,0,0,5,27,0
00-0036555,Chuba Hubbard,RB,2025,10,REG,2025_10_NO_CAR,CAR,NO,0,0,0,0,0,0,0,3,14,0
00-0036755,Jaret Patterson,RB,2025,10,REG,2025_10_PIT_LAC,LAC,PIT,0,0,0,0,0,0,0,1,1,0
00-0036898,Davis Mills,QB,2025,10,REG,2025_10_JAX_HOU,HOU,JAX,27,45,292,2,1,2,-10,3,20,1
00-0036924,Michael Carter,RB,2025,10,REG,2025_10_ARI_SEA,ARI,SEA,0,0,0,0,0,0,0,3,4,0
00-0036945,Justin Fields,QB,2025,10,REG,2025_10_CLE_NYJ,NYJ,CLE,6,11,54,1,1,3,-12,7,28,0
00-0036971,Trevor Lawrence,QB,2025,10,REG,2025_10_JAX_HOU,JAX,HOU,13,23,158,1,1,5,-39,5,35,0
00-0036972,Mac Jones,QB,2025,10,REG,2025_10_LA_SF,SF,LA,33,39,319,3,1,0,0,1,3,0
00-0036973,Travis Etienne,RB,2025,10,REG,2025_10_JAX_HOU,JAX,HOU,0,0,0,0,0,0,0,16,58,1
00-0036980,Elijah Moore,WR,2025,10,REG,2025_10_BUF_MIA,BUF,MIA,0,0,0,0,0,0,0,1,-1,0
00-0037120,Tyler Goodson,RB,2025,10,REG,2025_10_ATL_IND,IND,ATL,0,0,0,0,0,0,0,1,4,0
00-0037157,Bam Knight,RB,2025,10,REG,2025_10_ARI_SEA,ARI,SEA,0,0,0,0,0,0,0,10,28,0
00-0037228,Jaylen Warren,RB,2025,10,REG,2025_10_PIT_LAC,PIT,LAC,0,0,0,0,0,0,0,14,70,0
00-0037248,James Cook,RB,2025,10,REG,2025_10_BUF_MIA,BUF,MIA,0,0,0,0,0,0,0,13,53,0
00-0037256,Rachaad White,RB,2025,10,REG,2025_10_NE_TB,TB,NE,0,0,0,0,0,0,0,10,38,0
00-0037263,Tyler Allgeier,RB,2025,10,REG,2025_10_ATL_IND,ATL,IND,0,0,0,0,0,0,0,11,57,2
00-0037267,Jerome Ford,RB,2025,10,REG,2025_10_CLE_NYJ,CLE,NYJ,0,0,0,0,0,0,0,1,1,0
00-0037525,Jordan Mason,RB,2025,10,REG,2025_10_BAL_MIN,MIN,BAL,0,0,0,0,0,0,0,4,25,0
00-0037545,Rashid Shaheed,WR,2025,10,REG,2025_10_ARI_SEA,SEA,ARI,0,0,0,0,0,0,0,2,20,0
00-0037614,John Metchie III,WR,2025,10,REG,2025_10_CLE_NYJ,NYJ,CLE,0,0,0,0,0,0,0,1,-7,0
00-0037746,Brian Robinson,RB,2025,10,REG,2025_10_LA_SF,SF,LA,0,0,0,0,0,0,0,8,41,1
00-0037840,Kyren Williams,RB,2025,10,REG,2025_10_LA_SF,LA,SF,0,0,0,0,0,0,0,14,73,2
00-0038102,Kenny Pickett,QB,2025,10,REG,2025_10_LV_DEN,LV,DEN,0,1,0,0,0,0,0,0,0,0
00-0038120,Breece Hall,RB,2025,10,REG,2025_10_CLE_NYJ,NYJ,CLE,0,0,0,0,0,0,0,21,83,0
00-0038134,Kenneth Walker III,RB,2025,10,REG,2025_10_ARI_SEA,SEA,ARI,0,0,0,0,0,0,0,14,67,0
00-0038454,Keaton Mitchell,RB,2025,10,REG,2025_10_BAL_MIN,BAL,MIN,0,0,0,0,0,0,0,4,31,0
00-0038542,Bijan Robinson,RB,2025,10,REG,2025_10_ATL_IND,ATL,IND,0,0,0,0,0,0,0,17,84,0
00-0038555,Tank Bigsby,RB,2025,10,REG,2025_10_PHI_GB,PHI,GB,0,0,0,0,0,0,0,3,7,0
00-0038563,Tre Tucker,WR,2025,10,REG,2025_10_LV_DEN,LV,DEN,0,0,0,0,0,0,0,1,7,0
00-0038606,Parker Washington,WR,2025,10,REG,2025_10_JAX_HOU,JAX,HOU,0,0,0,0,0,0,0,2,-4,0
00-0038611,Chris Rodriguez Jr.,RB,2025,10,REG,2025_10_DET_WAS,WAS,DET,0,0,0,0,0,0,0,6,16,1
00-0038621,DeMario Douglas,WR,2025,10,REG,2025_10_NE_TB,NE,TB,0,0,0,0,0,0,0,1,0,0
00-0038705,Emari Demercado,RB,2025,10,REG,2025_10_ARI_SEA,ARI,SEA,0,0,0,0,0,0,0,4,64,0
00-0038797,Emanuel Wilson,RB,2025,10,REG,2025_10_PHI_GB,GB,PHI,0,0,0,0,0,0,0,1,2,0
00-0038951,Sean Tucker,RB,2025,10,REG,2025_10_NE_TB,TB,NE,0,0,0,0,0,0,0,9,53,0
00-0039040,De'Von Achane,RB,2025,10,REG,2025_10_BUF_MIA,MIA,BUF,0,0,0,0,0,0,0,22,174,2
00-0039064,Zay Flowers,WR,2025,10,REG,2025_10_BAL_MIN,BAL,MIN,0,0,0,0,0,0,0,1,6,0
00-0039139,Jahmyr Gibbs,RB,2025,10,REG,2025_10_DET_WAS,DET,WAS,0,0,0,0,0,0,0,15,142,2
00-0039150,Bryce Young,QB,2025,10,REG,2025_10_NO_CAR,CAR,NO,17,25,124,0,1,2,-22,2,6,0
00-0039165,Zach Charbonnet,RB,2025,10,REG,2025_10_ARI_SEA,SEA,ARI,0,0,0,0,0,0,0,14,83,1
00-0039299,George Holani,RB,2025,10,REG,2025_10_ARI_SEA,SEA,ARI,0,0,0,0,0,0,0,7,31,1
00-0039338,Brock Bowers,TE,2025,10,REG,2025_10_LV_DEN,LV,DEN,0,0,0,0,0,0,0,1,-4,0
00-0039364,Sione Vaki,RB,2025,10,REG,2025_10_DET_WAS,DET,WAS,0,0,0,0,0,0,0,1,4,0
00-0039384,Tyrone Tracy Jr.,RB,2025,10,REG,2025_10_NYG_CHI,NYG,CHI,0,0,0,0,0,0,0,14,71,0
00-0039391,Kimani Vidal,RB,2025,10,REG,2025_10_PIT_LAC,LAC,PIT,0,0,0,0,0,0,0,25,95,1
00-0039577,Kedon Slovis,QB,2025,10,REG,2025_10_ARI_SEA,ARI,SEA,0,1,0,0,0,0,0,0,0,0
00-0039589,Kameron Johnson,WR,2025,10,REG,2025_10_NE_TB,TB,NE,0,0,0,0,0,0,0,1,11,0
00-0039732,Bo Nix,QB,2025,10,REG,2025_10_LV_DEN,DEN,LV,16,28,150,1,2,1,-9,5,-2,0
00-0039738,Blake Corum,RB,2025,10,REG,2025_10_LA_SF,LA,SF,0,0,0,0,0,0,0,13,56,0
00-0039746,Will Shipley,RB,2025,10,REG,2025_10_PHI_GB,PHI,GB,0,0,0,0,0,0,0,4,17,0
00-0039757,Terrell Jennings,RB,2025,10,REG,2025_10_NE_TB,NE,TB,0,0,0,0,0,0,0,4,5,0
00-0039793,AJ Barner,TE,2025,10,REG,2025_10_ARI_SEA,SEA,ARI,0,0,0,0,0,0,0,2,3,0
00-0039798,Isaiah Davis,RB,2025,10,REG,2025_10_CLE_NYJ,NYJ,CLE,0,0,0,0,0,0,0,3,10,0
00-0039851,Drake Maye,QB,2025,10,REG,2025_10_NE_TB,NE,TB,16,31,270,2,1,1,-1,7,13,0
00-0039874,Jaylen Wright,RB,2025,10,REG,2025_10_BUF_MIA,MIA,BUF,0,0,0,0,0,0,0,5,17,0
00-0039875,Ray Davis,RB,2025,10,REG,2025_10_BUF_MIA,BUF,MIA,0,0,0,0,0,0,0,2,-2,0
00-0039880,Malik Washington,WR,2025,10,REG,2025_10_BUF_MIA,MIA,BUF,0,0,0,0,0,0,0,1,4,0
00-0039917,Michael Penix Jr.,QB,2025,10,REG,2025_10_ATL_IND,ATL,IND,12,28,177,1,0,3,-27,1,-1,0
00-0039918,Caleb Williams,QB,2025,10,REG,2025_10_NYG_CHI,CHI,NYG,20,36,220,1,0,0,0,8,63,1
00-0039920,Malachi Corley,WR,2025,10,REG,2025_10_CLE_NYJ,CLE,NYJ,0,0,0,0,0,0,0,2,32,0
00-0039923,J.J. McCarthy,QB,2025,10,REG,2025_10_BAL_MIN,MIN,BAL,20,42,248,1,2,1,-3,5,48,0
00-0040122,Ashton Jeanty,RB,2025,10,REG,2025_10_LV_DEN,LV,DEN,0,0,0,0,0,0,0,19,60,1
00-0040142,Kaleb Johnson,RB,2025,10,REG,2025_10_PIT_LAC,PIT,LAC,0,0,0,0,0,0,0,2,3,0
00-0040162,Dylan Sampson,RB,2025,10,REG,2025_10_CLE_NYJ,CLE,NYJ,0,0,0,0,0,0,0,2,-4,0
00-0040198,Ollie Gordon II,RB,2025,10,REG,2025_10_BUF_MIA,MIA,BUF,0,0,0,0,0,0,0,1,-3,0
00-0040202,Devin Neal,RB,2025,10,REG,2025_10_NO_CAR,NO,CAR,0,0,0,0,0,0,0,4,22,0
00-0040236,Kyle Monangai,RB,2025,10,REG,2025_10_NYG_CHI,CHI,NYG,0,0,0,0,0,0,0,7,28,1
00-0040242,Jacory Croskey-Merritt,RB,2025,10,REG,2025_10_DET_WAS,WAS,DET,0,0,0,0,0,0,0,11,30,0
00-0040582,Arian Smith,WR,2025,10,REG,2025_10_CLE_NYJ,NYJ,CLE,0,0,0,0,0,0,0,1,13,0
00-0040583,Woody Marks,RB,2025,10,REG,2025_10_JAX_HOU,HOU,JAX,0,0,0,0,0,0,0,14,63,1
00-0040691,Jaxson Dart,QB,2025,10,REG,2025_10_NYG_CHI,NYG,CHI,19,29,242,0,0,2,-12,6,66,2
00-0040704,Dillon Gabriel,QB,2025,10,REG,2025_10_CLE_NYJ,CLE,NYJ,17,32,167,2,0,6,-47,5,54,0
00-0040719,Bhayshul Tuten,RB,2025,10,REG,2025_10_JAX_HOU,JAX,HOU,0,0,0,0,0,0,0,4,5,0
00-0040730,RJ Harvey,RB,2025,10,REG,2025_10_LV_DEN,DEN,LV,0,0,0,0,0,0,0,4,9,0
00-0040734,TreVeyon Henderson,RB,2025,10,REG,2025_10_NE_TB,NE,TB,0,0,0,0,0,0,0,14,147,2
00-0040743,Tyler Shough,QB,2025,10,REG,2025_10_NO_CAR,NO,CAR,19,27,282,2,0,2,-16,4,-3,0
00-0040784,Quinshon Judkins,RB,2025,10,REG,2025_10_CLE_NYJ,CLE,NYJ,0,0,0,0,0,0,0,22,75,0
00-0023459,Aaron Rodgers,QB,2025,11,REG,2025_11_CIN_PIT,PIT,CIN,9,15,116,1,0,1,-11,1,8,0
00-0026158,Joe Flacco,QB,2025,11,REG,2025_11_CIN_PIT,CIN,PIT,23,40,199,1,1,1,-7,1,-1,0
00-0026498,Matthew Stafford,QB,2025,11,REG,2025_11_SEA_LA,LA,SEA,15,28,130,2,0,0,0,0,0,0
00-0029604,Kirk Cousins,QB,2025,11,REG,2025_11_CAR_ATL,ATL,CAR,6,14,48,0,0,0,0,1,2,0
00-0030565,Geno Smith,QB,2025,11,REG,2025_11_DAL_LV,LV,DAL,27,42,238,1,1,4,-29,4,14,0
00-0031237,Teddy Bridgewater,QB,2025,11,REG,2025_11_TB_BUF,TB,BUF,0,0,0,0,0,0,0,1,-1,0
00-0031503,Jameis Winston,QB,2025,11,REG,2025_11_GB_NYG,NYG,GB,19,29,201,0,1,2,-7,3,10,1
00-0031687,Raheem Mostert,RB,2025,11,REG,2025_11_DAL_LV,LV,DAL,0,0,0,0,0,0,0,2,6,0
00-0032268,Marcus Mariota,QB,2025,11,REG,2025_11_WAS_MIA,WAS,MIA,20,30,213,1,1,1,-6,4,49,0
00-0032385,Sterling Shepard,WR,2025,11,REG,2025_11_TB_BUF,TB,BUF,0,0,0,0,0,0,0,1,7,0
00-0032764,Derrick Henry,RB,2025,11,REG,2025_11_BAL_CLE,BAL,CLE,0,0,0,0,0,0,0,18,103,1
00-0033077,Dak Prescott,QB,2025,11,REG,2025_11_DAL_LV,DAL,LV,25,33,268,4,0,1,-1,4,-4,0
00-0033106,Jared Goff,QB,2025,11,REG,2025_11_DET_PHI,DET,PHI,14,37,255,1,1,2,-12,1,-1,0
00-0033119,Jacoby Brissett,QB,2025,11,REG,2025_11_SF_ARI,ARI,SF,47,57,452,2,2,0,0,2,-2,0
00-0033280,Christian McCaffrey,RB,2025,11,REG,2025_11_SF_ARI,SF,ARI,0,0,0,0,0,0,0,13,81,2
00-0033293,Aaron Jones,RB,2025,11,REG,2025_11_CHI_MIN,MIN,CHI,0,0,0,0,0,0,0,16,70,0
00-0033873,Patrick Mahomes,QB,2025,11,REG,2025_11_KC_DEN,KC,DEN,29,45,276,1,1,3,-27,1,3,0
00-0033923,Kareem Hunt,RB,2025,11,REG,2025_11_KC_DEN,KC,DEN,0,0,0,0,0,0,0,13,59,1
00-0033955,Jeremy McNichols,RB,2025,11,REG,2025_11_WAS_MIA,WAS,MIA,0,0,0,0,0,0,0,4,13,0
00-0034753,Mark Andrews,TE,2025,11,REG,2025_11_BAL_CLE,BAL,CLE,0,0,0,0,0,0,0,1,35,1
00-0034771,Mason Rudolph,QB,2025,11,REG,2025_11_CIN_PIT,PIT,CIN,12,16,127,1,0,0,0,1,-1,0
00-0034791,Nick Chubb,RB,2025,11,REG,2025_11_HOU_TEN,HOU,TEN,0,0,0,0,0,0,0,3,17,0
00-0034796,Lamar Jackson,QB,2025,11,REG,2025_11_BAL_CLE,BAL,CLE,14,25,193,0,2,5,-26,4,10,0
00-0034827,DJ Moore,WR,2025,11,REG,2025_11_CHI_MIN,CHI,MIN,0,0,0,0,0,0,0,1,3,0
00-0034844,Saquon Barkley,RB,2025,11,REG,2025_11_DET_PHI,PHI,DET,0,0,0,0,0,0,0,26,83,0
00-0034855,Baker Mayfield,QB,2025,11,REG,2025_11_TB_BUF,TB,BUF,16,28,173,1,1,1,-8,5,39,1
00-0034857,Josh Allen,QB,2025,11,REG,2025_11_TB_BUF,BUF,TB,19,30,317,3,2,0,0,6,40,3
00-0034869,Sam Darnold,QB,2025,11,REG,2025_11_SEA_LA,SEA,LA,29,44,279,0,4,0,0,2,11,0
00-0035250,Devin Singletary,RB,2025,11,REG,2025_11_GB_NYG,NYG,GB,0,0,0,0,0,0,0,16,44,2
00-0035261,Tony Pollard,RB,2025,11,REG,2025_11_HOU_TEN,TEN,HOU,0,0,0,0,0,0,0,10,22,0
00-0035291,Trayveon Williams,RB,2025,11,REG,2025_11_LAC_JAX,LAC,JAX,0,0,0,0,0,0,0,3,-1,0
00-0035537,Ty Johnson,RB,2025,11,REG,2025_11_TB_BUF,BUF,TB,0,0,0,0,0,0,0,1,9,0
00-0035594,Travis Homer,RB,2025,11,REG,2025_11_CHI_MIN,CHI,MIN,0,0,0,0,0,0,0,1,-2,0
00-0035628,D'Ernest Johnson,RB,2025,11,REG,2025_11_NYJ_NE,NE,NYJ,0,0,0,0,0,0,0,3,6,0
00-0035685,David Montgomery,RB,2025,11,REG,2025_11_DET_PHI,DET,PHI,0,0,0,0,0,0,0,6,27,0
00-0035700,Josh Jacobs,RB,2025,11,REG,2025_11_GB_NYG,GB,NYG,0,0,0,0,0,0,0,7,40,0
00-0035719,Deebo Samuel Sr.,WR,2025,11,REG,2025_11_WAS_MIA,WAS,MIA,0,0,0,0,0,0,0,1,3,0
00-0036139,Rico Dowdle,RB,2025,11,REG,2025_11_CAR_ATL,CAR,ATL,0,0,0,0,0,0,0,19,45,0
00-0036212,Tua Tagovailoa,QB,2025,11,REG,2025_11_WAS_MIA,MIA,WAS,14,20,171,0,0,3,-29,0,0,0
00-0036264,Jordan Love,QB,2025,11,REG,2025_11_GB_NYG,GB,NYG,13,24,174,2,0,2,-12,2,7,0
00-0036275,D'Andre Swift,RB,2025,11,REG,2025_11_CHI_MIN,CHI,MIN,0,0,0,0,0,0,0,21,90,0
00-0036355,Justin Herbert,QB,2025,11,REG,2025_11_LAC_JAX,LAC,JAX,10,18,81,0,1,2,-18,3,21,0
00-0036389,Jalen Hurts,QB,2025,11,REG,2025_11_DET_PHI,PHI,DET,14,28,135,0,0,1,-11,10,31,1
00-0036555,Chuba Hubbard,RB,2025,11,REG,2025_11_CAR_ATL,CAR,ATL,0,0,0,0,0,0,0,4,21,0
00-0036672,Grant Stuard,LB,2025,11,REG,2025_11_DET_PHI,DET,PHI,0,0,0,0,0,0,0,1,0,0
00-0036898,Davis Mills,QB,2025,11,REG,2025_11_HOU_TEN,HOU,TEN,26,41,274,1,0,4,-34,2,14,0
00-0036919,Kenny Gainwell,RB,2025,11,REG,2025_11_CIN_PIT,PIT,CIN,0,0,0,0,0,0,0,9,24,0
00-0036924,Michael Carter,RB,2025,11,REG,2025_11_SF_ARI,ARI,SF,0,0,0,0,0,0,0,2,6,0
00-0036945,Justin Fields,QB,2025,11,REG,2025_11_NYJ_NE,NYJ,NE,15,26,116,1,0,2,-11,11,67,1
00-0036971,Trevor Lawrence,QB,2025,11,REG,2025_11_LAC_JAX,JAX,LAC,14,22,153,1,1,0,0,5,9,1
00-0036972,Mac Jones,QB,2025,11,REG,2025_11_SF_ARI,SF,ARI,0,0,0,0,0,0,0,3,-3,0
00-0036973,Travis Etienne,RB,2025,11,REG,2025_11_LAC_JAX,JAX,LAC,0,0,0,0,0,0,0,19,73,2
00-0036997,Javonte Williams,RB,2025,11,REG,2025_11_DAL_LV,DAL,LV,0,0,0,0,0,0,0,22,93,0
00-0037012,Trey Lance,QB,2025,11,REG,2025_11_LAC_JAX,LAC,JAX,3,8,37,0,0,1,-7,3,1,0
00-0037091,Bo Melton,WR,2025,11,REG,2025_11_GB_NYG,GB,NYG,0,0,0,0,0,0,0,1,17,0
00-0037157,Bam Knight,RB,2025,11,REG,2025_11_SF_ARI,ARI,SF,0,0,0,0,0,0,0,5,24,1
00-0037228,Jaylen Warren,RB,2025,11,REG,2025_11_CIN_PIT,PIT,CIN,0,0,0,0,0,0,0,10,62,0
00-0037240,Jameson Williams,WR,2025,11,REG,2025_11_DET_PHI,DET,PHI,0,0,0,0,0,0,0,1,9,0
00-0037248,James Cook,RB,2025,11,REG,2025_11_TB_BUF,BUF,TB,0,0,0,0,0,0,0,16,48,0
00-0037256,Rachaad White,RB,2025,11,REG,2025_11_TB_BUF,TB,BUF,0,0,0,0,0,0,0,10,51,0
00-0037263,Tyler Allgeier,RB,2025,11,REG,2025_11_CAR_ATL,ATL,CAR,0,0,0,0,0,0,0,3,10,1
00-0037267,Jerome Ford,RB,2025,11,REG,2025_11_BAL_CLE,CLE,BAL,0,0,0,0,0,0,0,1,2,0
00-0037304,Connor Heyward,FB,2025,11,REG,2025_11_CIN_PIT,PIT,CIN,0,0,0,0,0,0,0,2,3,0
00-0037525,Jordan Mason,RB,2025,11,REG,2025_11_CHI_MIN,MIN,CHI,0,0,0,0,0,0,0,6,45,1
00-0037545,Rashid Shaheed,WR,2025,11,REG,2025_11_SEA_LA,SEA,LA,0,0,0,0,0,0,0,1,2,0
00-0037563,Malik Davis,RB,2025,11,REG,2025_11_DAL_LV,DAL,LV,0,0,0,0,0,0,0,4,20,0
00-0037746,Brian Robinson,RB,2025,11,REG,2025_11_SF_ARI,SF,ARI,0,0,0,0,0,0,0,8,24,0
00-0037834,Brock Purdy,QB,2025,11,REG,2025_11_SF_ARI,SF,ARI,19,26,200,3,0,1,-14,1,-7,0
00-0037840,Kyren Williams,RB,2025,11,REG,2025_11_SEA_LA,LA,SEA,0,0,0,0,0,0,0,12,91,1
00-0038120,Breece Hall,RB,2025,11,REG,2025_11_NYJ_NE,NYJ,NE,0,0,0,0,0,0,0,14,58,0
00-0038128,Malik Willis,QB,2025,11,REG,2025_11_GB_NYG,GB,NYG,2,2,6,1,0,0,0,1,16,0
00-0038134,Kenneth Walker III,RB,2025,11,REG,2025_11_SEA_LA,SEA,LA,0,0,0,0,0,0,0,16,67,1
00-0038454,Keaton Mitchell,RB,2025,11,REG,2025_11_BAL_CLE,BAL,CLE,0,0,0,0,0,0,0,6,31,0
00-0038542,Bijan Robinson,RB,2025,11,REG,2025_11_CAR_ATL,ATL,CAR,0,0,0,0,0,0,0,23,104,2
00-0038543,Jaxon Smith-Njigba,WR,2025,11,REG,2025_11_SEA_LA,SEA,LA,0,0,0,0,0,0,0,1,11,0
00-0038555,Tank Bigsby,RB,2025,11,REG,2025_11_DET_PHI,PHI,DET,0,0,0,0,0,0,0,4,34,0
00-0038597,Chase Brown,RB,2025,11,REG,2025_11_CIN_PIT,CIN,PIT,0,0,0,0,0,0,0,18,99,0
00-0038611,Chris Rodriguez Jr.,RB,2025,11,REG,2025_11_WAS_MIA,WAS,MIA,0,0,0,0,0,0,0,15,79,0
00-0038621,DeMario Douglas,WR,2025,11,REG,2025_11_NYJ_NE,NE,NYJ,0,0,0,0,0,0,0,1,-5,0
00-0038685,Chris Brooks,RB,2025,11,REG,2025_11_GB_NYG,GB,NYG,0,0,0,0,0,0,0,1,8,0
00-0038705,Emari Demercado,RB,2025,11,REG,2025_11_SF_ARI,ARI,SF,0,0,0,0,0,0,0,5,8,0
00-0038738,Hunter Luepke,RB,2025,11,REG,2025_11_DAL_LV,DAL,LV,0,0,0,0,0,0,0,1,5,0
00-0038794,Jaleel McLaughlin,RB,2025,11,REG,2025_11_KC_DEN,DEN,KC,0,0,0,0,0,0,0,6,19,1
00-0038797,Emanuel Wilson,RB,2025,11,REG,2025_11_GB_NYG,GB,NYG,0,0,0,0,0,0,0,11,40,1
00-0038951,Sean Tucker,RB,2025,11,REG,2025_11_TB_BUF,TB,BUF,0,0,0,0,0,0,0,19,106,2
00-0038976,Marvin Mims Jr.,WR,2025,11,REG,2025_11_KC_DEN,DEN,KC,0,0,0,0,0,0,0,1,2,0
00-0039032,Tyjae Spears,RB,2025,11,REG,2025_11_HOU_TEN,TEN,HOU,0,0,0,0,0,0,0,4,3,0
00-0039040,De'Von Achane,RB,2025,11,REG,2025_11_WAS_MIA,MIA,WAS,0,0,0,0,0,0,0,21,120,0
00-0039064,Zay Flowers,WR,2025,11,REG,2025_11_BAL_CLE,BAL,CLE,0,0,0,0,0,0,0,1,5,0
00-0039075,Puka Nacua,WR,2025,11,REG,2025_11_SEA_LA,LA,SEA,0,0,0,0,0,0,0,2,18,0
00-0039139,Jahmyr Gibbs,RB,2025,11,REG,2025_11_DET_PHI,DET,PHI,0,0,0,0,0,0,0,12,39,0
00-0039150,Bryce Young,QB,2025,11,REG,2025_11_CAR_ATL,CAR,ATL,31,45,448,3,0,5,-29,1,-1,0
00-0039165,Zach Charbonnet,RB,2025,11,REG,2025_11_SEA_LA,SEA,LA,0,0,0,0,0,0,0,11,37,0
00-0039266,Kendall Milton,RB,2025,11,REG,2025_11_CIN_PIT,CIN,PIT,0,0,0,0,0,0,0,2,2,0
00-0039299,George Holani,RB,2025,11,REG,2025_11_SEA_LA,SEA,LA,0,0,0,0,0,0,0,2,6,0
00-0039384,Tyrone Tracy Jr.,RB,2025,11,REG,2025_11_GB_NYG,NYG,GB,0,0,0,0,0,0,0,19,88,0
00-0039391,Kimani Vidal,RB,2025,11,REG,2025_11_LAC_JAX,LAC,JAX,0,0,0,0,0,0,0,5,13,0
00-0039451,Isaiah Williams,WR,2025,11,REG,2025_11_NYJ_NE,NYJ,NE,0,1,0,0,0,0,0,1,4,0
00-0039732,Bo Nix,QB,2025,11,REG,2025_11_KC_DEN,DEN,KC,24,37,295,0,0,2,-12,3,8,0
00-0039738,Blake Corum,RB,2025,11,REG,2025_11_SEA_LA,LA,SEA,0,0,0,0,0,0,0,8,10,0
00-0039793,AJ Barner,TE,2025,11,REG,2025_11_SEA_LA,SEA,LA,0,0,0,0,0,0,0,2,1,0
00-0039798,Isaiah Davis,RB,2025,11,REG,2025_11_NYJ_NE,NYJ,NE,0,0,0,0,0,0,0,2,11,0
00-0039851,Drake Maye,QB,2025,11,REG,2025_11_NYJ_NE,NE,NYJ,25,34,281,1,0,1,-10,4,2,0
00-0039874,Jaylen Wright,RB,2025,11,REG,2025_11_WAS_MIA,MIA,WAS,0,0,0,0,0,0,0,1,4,0
00-0039917,Michael Penix Jr.,QB,2025,11,REG,2025_11_CAR_ATL,ATL,CAR,13,16,175,0,0,0,0,1,9,0
00-0039918,Caleb Williams,QB,2025,11,REG,2025_11_CHI_MIN,CHI,MIN,16,32,193,0,0,2,-13,4,26,0
00-0039923,J.J. McCarthy,QB,2025,11,REG,2025_11_CHI_MIN,MIN,CHI,16,32,150,1,2,0,0,0,0,0
00-0040039,Amar Johnson,RB,2025,11,REG,2025_11_LAC_JAX,LAC,JAX,0,0,0,0,0,0,0,2,8,0
00-0040122,Ashton Jeanty,RB,2025,11,REG,2025_11_DAL_LV,LV,DAL,0,0,0,0,0,0,0,6,7,0
00-0040142,Kaleb Johnson,RB,2025,11,REG,2025_11_CIN_PIT,PIT,CIN,0,0,0,0,0,0,0,5,15,0
00-0040162,Dylan Sampson,RB,2025,11,REG,2025_11_BAL_CLE,CLE,BAL,0,0,0,0,0,0,0,1,19,0
00-0040198,Ollie Gordon II,RB,2025,11,REG,2025_11_WAS_MIA,MIA,WAS,0,0,0,0,0,0,0,9,45,1
00-0040208,Tahj Brooks,RB,2025,11,REG,2025_11_CIN_PIT,CIN,PIT,0,0,0,0,0,0,0,1,5,0
00-0040236,Kyle Monangai,RB,2025,11,REG,2025_11_CHI_MIN,CHI,MIN,0,0,0,0,0,0,0,12,23,1
00-0040237,Tez Johnson,WR,2025,11,REG,2025_11_TB_BUF,TB,BUF,0,0,0,0,0,0,0,3,0,0
00-0040238,LeQuint Allen Jr.,RB,2025,11,REG,2025_11_LAC_JAX,JAX,LAC,0,0,0,0,0,0,0,8,36,0
00-0040242,Jacory Croskey-Merritt,RB,2025,11,REG,2025_11_WAS_MIA,WAS,MIA,0,0,0,0,0,0,0,9,28,0
00-0040583,Woody Marks,RB,2025,11,REG,2025_11_HOU_TEN,HOU,TEN,0,0,0,0,0,0,0,18,44,0
00-0040644,Trevor Etienne,RB,2025,11,REG,2025_11_CAR_ATL,CAR,ATL,0,0,0,0,0,0,0,1,2,0
00-0040668,Shedeur Sanders,QB,2025,11,REG,2025_11_BAL_CLE,CLE,BAL,4,16,47,0,1,2,-27,3,16,0
00-0040676,Cam Ward,QB,2025,11,REG,2025_11_HOU_TEN,TEN,HOU,24,37,194,1,0,3,-23,3,33,0
00-0040704,Dillon Gabriel,QB,2025,11,REG,2025_11_BAL_CLE,CLE,BAL,7,10,68,0,0,1,-7,2,2,0
00-0040719,Bhayshul Tuten,RB,2025,11,REG,2025_11_LAC_JAX,JAX,LAC,0,0,0,0,0,0,0,15,74,1
00-0040730,RJ Harvey,RB,2025,11,REG,2025_11_KC_DEN,DEN,KC,0,1,0,0,0,0,0,11,30,0
00-0040734,TreVeyon Henderson,RB,2025,11,REG,2025_11_NYJ_NE,NE,NYJ,0,0,0,0,0,0,0,19,62,2
00-0040782,Isaiah Bond,WR,2025,11,REG,2025_11_BAL_CLE,CLE,BAL,0,0,0,0,0,0,0,1,8,0
00-0040784,Quinshon Judkins,RB,2025,11,REG,2025_11_BAL_CLE,CLE,BAL,0,0,0,0,0,0,0,17,59,0
00-0026158,Joe Flacco,QB,2025,12,REG,2025_12_NE_CIN,CIN,NE,19,37,183,1,1,1,-10,1,3,0
00-0026498,Matthew Stafford,QB,2025,12,REG,2025_12_TB_LA,LA,TB,25,35,273,3,0,1,-10,0,0,0
00-0028118,Tyrod Taylor,QB,2025,12,REG,2025_12_NYJ_BAL,NYJ,BAL,17,28,222,1,1,3,-18,5,19,0
00-0029604,Kirk Cousins,QB,2025,12,REG,2025_12_ATL_NO,ATL,NO,16,23,199,2,1,3,-18,2,5,0
00-0030506,Travis Kelce,TE,2025,12,REG,2025_12_IND_KC,KC,IND,0,0,0,0,0,0,0,1,1,0
00-0030565,Geno Smith,QB,2025,12,REG,2025_12_CLE_LV,LV,CLE,30,44,285,1,0,10,-77,3,8,0
00-0031237,Teddy Bridgewater,QB,2025,12,REG,2025_12_TB_LA,TB,LA,8,15,62,0,0,2,-21,1,6,0
00-0031503,Jameis Winston,QB,2025,12,REG,2025_12_NYG_DET,NYG,DET,18,36,366,2,1,1,-4,4,13,0
00-0031687,Raheem Mostert,RB,2025,12,REG,2025_12_CLE_LV,LV,CLE,0,0,0,0,0,0,0,1,2,0
00-0032764,Derrick Henry,RB,2025,12,REG,2025_12_NYJ_BAL,BAL,NYJ,0,0,0,0,0,0,0,21,64,2
00-0033077,Dak Prescott,QB,2025,12,REG,2025_12_PHI_DAL,DAL,PHI,23,36,354,2,1,1,-6,5,9,1
00-0033106,Jared Goff,QB,2025,12,REG,2025_12_NYG_DET,DET,NYG,28,42,279,2,1,3,-22,0,0,0
00-0033119,Jacoby Brissett,QB,2025,12,REG,2025_12_JAX_ARI,ARI,JAX,33,49,317,1,0,6,-44,3,20,0
00-0033280,Christian McCaffrey,RB,2025,12,REG,2025_12_CAR_SF,SF,CAR,0,0,0,0,0,0,0,24,89,1
00-0033293,Aaron Jones,RB,2025,12,REG,2025_12_MIN_GB,MIN,GB,0,0,0,0,0,0,0,9,41,0
00-0033357,Taysom Hill,TE,2025,12,REG,2025_12_ATL_NO,NO,ATL,0,2,0,0,0,0,0,10,17,0
00-0033858,Jonnu Smith,TE,2025,12,REG,2025_12_PIT_CHI,PIT,CHI,0,0,0,0,0,0,0,2,7,0
00-0033873,Patrick Mahomes,QB,2025,12,REG,2025_12_IND_KC,KC,IND,29,46,352,0,1,4,-6,4,30,0
00-0033906,Alvin Kamara,RB,2025,12,REG,2025_12_ATL_NO,NO,ATL,0,0,0,0,0,0,0,3,11,0
00-0033923,Kareem Hunt,RB,2025,12,REG,2025_12_IND_KC,KC,IND,0,0,0,0,0,0,0,30,104,1
00-0034753,Mark Andrews,TE,2025,12,REG,2025_12_NYJ_BAL,BAL,NYJ,0,0,0,0,0,0,0,2,2,0
00-0034771,Mason Rudolph,QB,2025,12,REG,2025_12_PIT_CHI,PIT,CHI,24,31,171,1,1,2,-12,3,7,0
00-0034791,Nick Chubb,RB,2025,12,REG,2025_12_BUF_HOU,HOU,BUF,0,0,0,0,0,0,0,6,16,0
00-0034796,Lamar Jackson,QB,2025,12,REG,2025_12_NYJ_BAL,BAL,NYJ,13,23,153,0,0,1,-10,7,11,0
00-0034844,Saquon Barkley,RB,2025,12,REG,2025_12_PHI_DAL,PHI,DAL,0,0,0,0,0,0,0,10,22,0
00-0034855,Baker Mayfield,QB,2025,12,REG,2025_12_TB_LA,TB,LA,9,19,41,1,2,2,-12,4,19,0
00-0034857,Josh Allen,QB,2025,12,REG,2025_12_BUF_HOU,BUF,HOU,24,34,253,0,2,8,-70,5,20,0
00-0034869,Sam Darnold,QB,2025,12,REG,2025_12_SEA_TEN,SEA,TEN,16,26,244,2,0,1,-5,1,-1,0
00-0035100,Jake Browning,QB,2025,12,REG,2025_12_NE_CIN,CIN,NE,1,1,14,0,0,0,0,0,0,0
00-0035229,T.J. Hockenson,TE,2025,12,REG,2025_12_MIN_GB,MIN,GB,0,0,0,0,0,0,0,1,0,0
00-0035250,Devin Singletary,RB,2025,12,REG,2025_12_NYG_DET,NYG,DET,0,0,0,0,0,0,0,14,47,0
00-0035261,Tony Pollard,RB,2025,12,REG,2025_12_SEA_TEN,TEN,SEA,0,0,0,0,0,0,0,11,20,0
00-0035500,Greg Dortch,WR,2025,12,REG,2025_12_JAX_ARI,ARI,JAX,0,0,0,0,0,0,0,2,-5,0
00-0035537,Ty Johnson,RB,2025,12,REG,2025_12_BUF_HOU,BUF,HOU,0,0,0,0,0,0,0,2,7,0
00-0035640,DK Metcalf,WR,2025,12,REG,2025_12_PIT_CHI,PIT,CHI,0,0,0,0,0,0,0,2,12,1
00-0035645,Gunner Olszewski,WR,2025,12,REG,2025_12_NYG_DET,NYG,DET,1,1,33,1,0,0,0,0,0,0
00-0035685,David Montgomery,RB,2025,12,REG,2025_12_NYG_DET,DET,NYG,0,0,0,0,0,0,0,5,18,0
00-0035710,Daniel Jones,QB,2025,12,REG,2025_12_IND_KC,IND,KC,19,31,181,2,0,0,0,3,16,0
00-0036139,Rico Dowdle,RB,2025,12,REG,2025_12_CAR_SF,CAR,SF,0,0,0,0,0,0,0,6,38,0
00-0036223,Jonathan Taylor,RB,2025,12,REG,2025_12_IND_KC,IND,KC,0,0,0,0,0,0,0,16,58,0
00-0036264,Jordan Love,QB,2025,12,REG,2025_12_MIN_GB,GB,MIN,14,21,139,0,0,1,-4,3,15,0
00-0036275,D'Andre Swift,RB,2025,12,REG,2025_12_PIT_CHI,CHI,PIT,0,0,0,0,0,0,0,8,15,0
00-0036360,Clyde Edwards-Helaire,RB,2025,12,REG,2025_12_IND_KC,KC,IND,0,0,0,0,0,0,0,5,8,0
00-0036389,Jalen Hurts,QB,2025,12,REG,2025_12_PHI_DAL,PHI,DAL,27,39,289,1,0,1,-13,7,33,2
00-0036555,Chuba Hubbard,RB,2025,12,REG,2025_12_CAR_SF,CAR,SF,0,0,0,0,0,0,0,3,16,0
00-0036825,Feleipe Franks,TE,2025,12,REG,2025_12_ATL_NO,ATL,NO,0,0,0,0,0,0,0,1,2,0
00-0036875,Rhamondre Stevenson,RB,2025,12,REG,2025_12_NE_CIN,NE,CIN,0,0,0,0,0,0,0,6,5,0
00-0036898,Davis Mills,QB,2025,12,REG,2025_12_BUF_HOU,HOU,BUF,16,30,153,2,0,0,0,2,4,0
00-0036919,Kenny Gainwell,RB,2025,12,REG,2025_12_PIT_CHI,PIT,CHI,0,0,0,0,0,0,0,10,92,0
00-0036924,Michael Carter,RB,2025,12,REG,2025_12_JAX_ARI,ARI,JAX,0,0,0,0,0,0,0,5,28,0
00-0036971,Trevor Lawrence,QB,2025,12,REG,2025_12_JAX_ARI,JAX,ARI,18,30,256,3,3,3,-19,5,29,0
00-0036973,Travis Etienne,RB,2025,12,REG,2025_12_JAX_ARI,JAX,ARI,0,0,0,0,0,0,0,15,86,0
00-0036997,Javonte Williams,RB,2025,12,REG,2025_12_PHI_DAL,DAL,PHI,0,0,0,0,0,0,0,20,87,0
00-0037157,Bam Knight,RB,2025,12,REG,2025_12_JAX_ARI,ARI,JAX,0,0,0,0,0,0,0,10,12,1
00-0037228,Jaylen Warren,RB,2025,12,REG,2025_12_PIT_CHI,PIT,CHI,0,0,0,0,0,0,0,18,68,1
00-0037248,James Cook,RB,2025,12,REG,2025_12_BUF_HOU,BUF,HOU,0,0,0,0,0,0,0,17,116,1
00-0037256,Rachaad White,RB,2025,12,REG,2025_12_TB_LA,TB,LA,0,0,0,0,0,0,0,7,38,0
00-0037263,Tyler Allgeier,RB,2025,12,REG,2025_12_ATL_NO,ATL,NO,0,0,0,0,0,0,0,12,44,0
00-0037267,Jerome Ford,RB,2025,12,REG,2025_12_CLE_LV,CLE,LV,0,0,0,0,0,0,0,1,-3,0
00-0037304,Connor Heyward,FB,2025,12,REG,2025_12_PIT_CHI,PIT,CHI,0,0,0,0,0,0,0,1,0,0
00-0037525,Jordan Mason,RB,2025,12,REG,2025_12_MIN_GB,MIN,GB,0,0,0,0,0,0,0,8,42,0
00-0037545,Rashid Shaheed,WR,2025,12,REG,2025_12_SEA_TEN,SEA,TEN,0,0,0,0,0,0,0,1,5,0
00-0037563,Malik Davis,RB,2025,12,REG,2025_12_PHI_DAL,DAL,PHI,0,0,0,0,0,0,0,3,24,0
00-0037594,Julius Chestnut,RB,2025,12,REG,2025_12_SEA_TEN,TEN,SEA,0,0,0,0,0,0,0,2,3,0
00-0037746,Brian Robinson,RB,2025,12,REG,2025_12_CAR_SF,SF,CAR,0,0,0,0,0,0,0,7,40,0
00-0037801,KaVontae Turpin,WR,2025,12,REG,2025_12_PHI_DAL,DAL,PHI,0,0,0,0,0,0,0,2,4,0
00-0037834,Brock Purdy,QB,2025,12,REG,2025_12_CAR_SF,SF,CAR,23,32,193,1,3,0,0,6,16,0
00-0037840,Kyren Williams,RB,2025,12,REG,2025_12_TB_LA,LA,TB,0,0,0,0,0,0,0,12,46,0
00-0038041,Jake Ferguson,TE,2025,12,REG,2025_12_PHI_DAL,DAL,PHI,0,0,0,0,0,0,0,1,1,0
00-0038117,Wan'Dale Robinson,WR,2025,12,REG,2025_12_NYG_DET,NYG,DET,0,0,0,0,0,0,0,1,0,0
00-0038120,Breece Hall,RB,2025,12,REG,2025_12_NYJ_BAL,NYJ,BAL,0,0,0,0,0,0,0,16,44,0
00-0038128,Malik Willis,QB,2025,12,REG,2025_12_MIN_GB,GB,MIN,1,1,7,0,0,0,0,2,3,0
00-0038134,Kenneth Walker III,RB,2025,12,REG,2025_12_SEA_TEN,SEA,TEN,0,0,0,0,0,0,0,11,71,0
00-0038454,Keaton Mitchell,RB,2025,12,REG,2025_12_NYJ_BAL,BAL,NYJ,0,0,0,0,0,0,0,2,10,0
00-0038458,Owen Wright,RB,2025,12,REG,2025_12_TB_LA,TB,LA,0,0,0,0,0,0,0,3,6,0
00-0038542,Bijan Robinson,RB,2025,12,REG,2025_12_ATL_NO,ATL,NO,0,0,0,0,0,0,0,14,70,0
00-0038543,Jaxon Smith-Njigba,WR,2025,12,REG,2025_12_SEA_TEN,SEA,TEN,0,0,0,0,0,0,0,1,4,0
00-0038555,Tank Bigsby,RB,2025,12,REG,2025_12_PHI_DAL,PHI,DAL,0,0,0,0,0,0,0,1,8,0
00-0038597,Chase Brown,RB,2025,12,REG,2025_12_NE_CIN,CIN,NE,0,0,0,0,0,0,0,19,107,0
00-0038618,Xavier Hutchinson,WR,2025,12,REG,2025_12_BUF_HOU,HOU,BUF,0,0,0,0,0,0,0,1,9,0
00-0038619,Andrei Iosivas,WR,2025,12,REG,2025_12_NE_CIN,CIN,NE,0,0,0,0,0,0,0,1,5,0
00-0038621,DeMario Douglas,WR,2025,12,REG,2025_12_NE_CIN,NE,CIN,0,0,0,0,0,0,0,1,14,0
00-0038685,Chris Brooks,RB,2025,12,REG,2025_12_MIN_GB,GB,MIN,0,0,0,0,0,0,0,8,21,0
00-0038797,Emanuel Wilson,RB,2025,12,REG,2025_12_MIN_GB,GB,MIN,0,0,0,0,0,0,0,28,107,2
00-0038951,Sean Tucker,RB,2025,12,REG,2025_12_TB_LA,TB,LA,0,0,0,0,0,0,0,12,42,0
00-0039032,Tyjae Spears,RB,2025,12,REG,2025_12_SEA_TEN,TEN,SEA,0,0,0,0,0,0,0,3,4,0
00-0039064,Zay Flowers,WR,2025,12,REG,2025_12_NYJ_BAL,BAL,NYJ,0,0,0,0,0,0,0,2,11,0
00-0039139,Jahmyr Gibbs,RB,2025,12,REG,2025_12_NYG_DET,DET,NYG,0,0,0,0,0,0,0,15,219,2
00-0039150,Bryce Young,QB,2025,12,REG,2025_12_CAR_SF,CAR,SF,18,29,169,1,2,1,-8,4,15,0
00-0039165,Zach Charbonnet,RB,2025,12,REG,2025_12_SEA_TEN,SEA,TEN,0,0,0,0,0,0,0,6,35,1
00-0039384,Tyrone Tracy Jr.,RB,2025,12,REG,2025_12_NYG_DET,NYG,DET,0,0,0,0,0,0,0,20,62,0
00-0039577,Kedon Slovis,QB,2025,12,REG,2025_12_JAX_ARI,ARI,JAX,1,1,-2,0,0,0,0,0,0,0
00-0039623,Mason Tipton,WR,2025,12,REG,2025_12_ATL_NO,NO,ATL,0,0,0,0,0,0,0,1,11,0
00-0039738,Blake Corum,RB,2025,12,REG,2025_12_TB_LA,LA,TB,0,0,0,0,0,0,0,7,24,0
00-0039757,Terrell Jennings,RB,2025,12,REG,2025_12_NE_CIN,NE,CIN,0,0,0,0,0,0,0,1,0,0
00-0039798,Isaiah Davis,RB,2025,12,REG,2025_12_NYJ_BAL,NYJ,BAL,0,0,0,0,0,0,0,4,7,0
00-0039851,Drake Maye,QB,2025,12,REG,2025_12_NE_CIN,NE,CIN,22,35,294,1,1,1,-9,5,22,0
00-0039916,Ricky Pearsall,WR,2025,12,REG,2025_12_CAR_SF,SF,CAR,0,0,0,0,0,0,0,1,2,0
00-0039918,Caleb Williams,QB,2025,12,REG,2025_12_PIT_CHI,CHI,PIT,19,35,239,3,0,1,-10,4,21,0
00-0039920,Malachi Corley,WR,2025,12,REG,2025_12_CLE_LV,CLE,LV,0,0,0,0,0,0,0,1,-6,0
00-0039923,J.J. McCarthy,QB,2025,12,REG,2025_12_MIN_GB,MIN,GB,12,19,87,0,2,5,-35,2,10,0
00-0040009,Savion Williams,WR,2025,12,REG,2025_12_MIN_GB,GB,MIN,0,0,0,0,0,0,0,1,0,0
00-0040078,Brashard Smith,RB,2025,12,REG,2025_12_IND_KC,KC,IND,0,0,0,0,0,0,0,1,5,0
00-0040122,Ashton Jeanty,RB,2025,12,REG,2025_12_CLE_LV,LV,CLE,0,0,0,0,0,0,0,17,50,0
00-0040138,Jaylin Noel,WR,2025,12,REG,2025_12_BUF_HOU,HOU,BUF,0,0,0,0,0,0,0,1,5,0
00-0040162,Dylan Sampson,RB,2025,12,REG,2025_12_CLE_LV,CLE,LV,0,0,0,0,0,0,0,7,23,0
00-0040202,Devin Neal,RB,2025,12,REG,2025_12_ATL_NO,NO,ATL,0,0,0,0,0,0,0,7,18,0
00-0040208,Tahj Brooks,RB,2025,12,REG,2025_12_NE_CIN,CIN,NE,0,0,0,0,0,0,0,2,5,0
00-0040236,Kyle Monangai,RB,2025,12,REG,2025_12_PIT_CHI,CHI,PIT,0,0,0,0,0,0,0,12,48,1
00-0040237,Tez Johnson,WR,2025,12,REG,2025_12_TB_LA,TB,LA,0,0,0,0,0,0,0,2,12,0
00-0040238,LeQuint Allen Jr.,RB,2025,12,REG,2025_12_JAX_ARI,JAX,ARI,0,0,0,0,0,0,0,1,2,0
00-0040582,Arian Smith,WR,2025,12,REG,2025_12_NYJ_BAL,NYJ,BAL,0,0,0,0,0,0,0,1,8,0
00-0040583,Woody Marks,RB,2025,12,REG,2025_12_BUF_HOU,HOU,BUF,0,0,0,0,0,0,0,16,74,0
00-0040663,Harold Fannin Jr.,TE,2025,12,REG,2025_12_CLE_LV,CLE,LV,0,0,0,0,0,0,0,1,4,0
00-0040668,Shedeur Sanders,QB,2025,12,REG,2025_12_CLE_LV,CLE,LV,11,20,209,1,1,1,-3,1,-1,0
00-0040676,Cam Ward,QB,2025,12,REG,2025_12_SEA_TEN,TEN,SEA,28,42,256,1,0,4,-24,6,37,1
00-0040719,Bhayshul Tuten,RB,2025,12,REG,2025_12_JAX_ARI,JAX,ARI,0,0,0,0,0,0,0,7,17,0
00-0040734,TreVeyon Henderson,RB,2025,12,REG,2025_12_NE_CIN,NE,CIN,0,0,0,0,0,0,0,18,66,0
00-0040735,Luther Burden III,WR,2025,12,REG,2025_12_PIT_CHI,CHI,PIT,0,0,0,0,0,0,0,1,15,0
00-0040743,Tyler Shough,QB,2025,12,REG,2025_12_ATL_NO,NO,ATL,30,43,243,0,1,5,-29,7,22,0
00-0040784,Quinshon Judkins,RB,2025,12,REG,2025_12_CLE_LV,CLE,LV,0,0,0,0,0,0,0,16,47,2
00-0023459,Aaron Rodgers,QB,2025,13,REG,2025_13_BUF_PIT,PIT,BUF,10,21,117,0,0,1,-9,1,0,0
00-0026498,Matthew Stafford,QB,2025,13,REG,2025_13_LA_CAR,LA,CAR,18,28,243,2,2,2,-16,1,-1,0
00-0028118,Tyrod Taylor,QB,2025,13,REG,2025_13_ATL_NYJ,NYJ,ATL,19,33,172,1,0,2,-13,8,44,1
00-0029604,Kirk Cousins,QB,2025,13,REG,2025_13_ATL_NYJ,ATL,NYJ,21,33,234,1,0,2,-12,0,0,0
00-0030565,Geno Smith,QB,2025,13,REG,2025_13_LV_LAC,LV,LAC,18,23,165,2,1,5,-40,2,-6,0
00-0031687,Raheem Mostert,RB,2025,13,REG,2025_13_LV_LAC,LV,LAC,0,0,0,0,0,0,0,1,6,0
00-0032268,Marcus Mariota,QB,2025,13,REG,2025_13_DEN_WAS,WAS,DEN,28,50,294,2,1,2,-18,10,55,0
00-0032764,Derrick Henry,RB,2025,13,REG,2025_13_CIN_BAL,BAL,CIN,0,0,0,0,0,0,0,10,60,1
00-0032775,Demarcus Robinson,WR,2025,13,REG,2025_13_SF_CLE,SF,CLE,0,0,0,0,0,0,0,1,6,0
00-0033077,Dak Prescott,QB,2025,13,REG,2025_13_KC_DAL,DAL,KC,27,39,320,2,1,0,0,3,-2,0
00-0033106,Jared Goff,QB,2025,13,REG,2025_13_GB_DET,DET,GB,20,26,256,2,0,3,-23,1,24,0
00-0033119,Jacoby Brissett,QB,2025,13,REG,2025_13_ARI_TB,ARI,TB,29,40,301,2,1,2,-10,3,16,0
00-0033280,Christian McCaffrey,RB,2025,13,REG,2025_13_SF_CLE,SF,CLE,0,1,0,0,0,0,0,20,53,1
00-0033293,Aaron Jones,RB,2025,13,REG,2025_13_MIN_SEA,MIN,SEA,0,0,0,0,0,0,0,6,3,0
00-0033319,Nick Mullens,QB,2025,13,REG,2025_13_JAX_TEN,JAX,TEN,0,0,0,0,0,0,0,3,-3,0
00-0033357,Taysom Hill,TE,2025,13,REG,2025_13_NO_MIA,NO,MIA,0,0,0,0,0,0,0,1,2,0
00-0033526,Samaje Perine,RB,2025,13,REG,2025_13_CIN_BAL,CIN,BAL,0,0,0,0,0,0,0,14,39,0
00-0033873,Patrick Mahomes,QB,2025,13,REG,2025_13_KC_DAL,KC,DAL,23,34,261,4,0,3,-18,3,30,0
00-0033923,Kareem Hunt,RB,2025,13,REG,2025_13_KC_DAL,KC,DAL,0,0,0,0,0,0,0,14,58,0
00-0033955,Jeremy McNichols,RB,2025,13,REG,2025_13_DEN_WAS,WAS,DEN,0,0,0,0,0,0,0,6,30,0
00-0034771,Mason Rudolph,QB,2025,13,REG,2025_13_BUF_PIT,PIT,BUF,0,3,0,0,1,0,0,0,0,0
00-0034791,Nick Chubb,RB,2025,13,REG,2025_13_HOU_IND,HOU,IND,0,0,0,0,0,0,0,9,34,1
00-0034796,Lamar Jackson,QB,2025,13,REG,2025_13_CIN_BAL,BAL,CIN,17,32,246,0,1,3,-23,6,27,0
00-0034827,DJ Moore,WR,2025,13,REG,2025_13_CHI_PHI,CHI,PHI,0,0,0,0,0,0,0,1,10,0
00-0034844,Saquon Barkley,RB,2025,13,REG,2025_13_CHI_PHI,PHI,CHI,0,0,0,0,0,0,0,13,56,0
00-0034855,Baker Mayfield,QB,2025,13,REG,2025_13_ARI_TB,TB,ARI,18,28,194,1,0,2,-10,6,27,0
00-0034857,Josh Allen,QB,2025,13,REG,2025_13_BUF_PIT,BUF,PIT,15,23,123,1,1,0,0,8,38,1
00-0034869,Sam Darnold,QB,2025,13,REG,2025_13_MIN_SEA,SEA,MIN,14,26,128,0,0,4,-34,0,0,0
00-0034960,Jakobi Meyers,WR,2025,13,REG,2025_13_JAX_TEN,JAX,TEN,0,0,0,0,0,0,0,1,3,0
00-0035042,Jamie Gillan,P,2025,13,REG,2025_13_NYG_NE,NYG,NE,0,0,0,0,0,0,0,1,-13,0
00-0035250,Devin Singletary,RB,2025,13,REG,2025_13_NYG_NE,NYG,NE,0,0,0,0,0,0,0,12,68,1
00-0035261,Tony Pollard,RB,2025,13,REG,2025_13_JAX_TEN,TEN,JAX,0,0,0,0,0,0,0,10,60,0
00-0035311,Myles Gaskin,RB,2025,13,REG,2025_13_MIN_SEA,SEA,MIN,0,0,0,0,0,0,0,3,6,0
00-0035537,Ty Johnson,RB,2025,13,REG,2025_13_BUF_PIT,BUF,PIT,0,0,0,0,0,0,0,2,5,0
00-0035631,Drew Sample,TE,2025,13,REG,2025_13_CIN_BAL,CIN,BAL,0,0,0,0,0,0,0,1,3,0
00-0035685,David Montgomery,RB,2025,13,REG,2025_13_GB_DET,DET,GB,0,1,0,0,0,0,0,8,32,1
00-0035700,Josh Jacobs,RB,2025,13,REG,2025_13_GB_DET,GB,DET,0,0,0,0,0,0,0,17,83,0
00-0035710,Daniel Jones,QB,2025,13,REG,2025_13_HOU_IND,IND,HOU,14,27,201,2,0,1,-6,1,1,0
00-0035719,Deebo Samuel Sr.,WR,2025,13,REG,2025_13_DEN_WAS,WAS,DEN,0,0,0,0,0,0,0,2,-3,0
00-0036139,Rico Dowdle,RB,2025,13,REG,2025_13_LA_CAR,CAR,LA,0,0,0,0,0,0,0,18,58,0
00-0036212,Tua Tagovailoa,QB,2025,13,REG,2025_13_NO_MIA,MIA,NO,12,23,157,0,1,4,-23,4,4,0
00-0036223,Jonathan Taylor,RB,2025,13,REG,2025_13_HOU_IND,IND,HOU,0,0,0,0,0,0,0,21,85,0
00-0036264,Jordan Love,QB,2025,13,REG,2025_13_GB_DET,GB,DET,18,30,234,4,0,0,0,5,4,0
00-0036275,D'Andre Swift,RB,2025,13,REG,2025_13_CHI_PHI,CHI,PHI,0,0,0,0,0,0,0,18,125,1
00-0036355,Justin Herbert,QB,2025,13,REG,2025_13_LV_LAC,LAC,LV,15,20,151,2,1,3,-11,3,8,0
00-0036389,Jalen Hurts,QB,2025,13,REG,2025_13_CHI_PHI,PHI,CHI,19,34,230,2,1,0,0,4,31,0
00-0036442,Joe Burrow,QB,2025,13,REG,2025_13_CIN_BAL,CIN,BAL,24,46,261,2,0,1,-7,3,8,0
00-0036554,Nico Collins,WR,2025,13,REG,2025_13_HOU_IND,HOU,IND,0,0,0,0,0,0,0,1,7,1
00-0036555,Chuba Hubbard,RB,2025,13,REG,2025_13_LA_CAR,CAR,LA,0,0,0,0,0,0,0,17,83,0
00-0036727,Adam Prentice,FB,2025,13,REG,2025_13_DEN_WAS,DEN,WAS,0,0,0,0,0,0,0,1,3,0
00-0036755,Jaret Patterson,RB,2025,13,REG,2025_13_LV_LAC,LAC,LV,0,0,0,0,0,0,0,11,54,1
00-0036875,Rhamondre Stevenson,RB,2025,13,REG,2025_13_NYG_NE,NE,NYG,0,0,0,0,0,0,0,12,40,0
00-0036919,Kenny Gainwell,RB,2025,13,REG,2025_13_BUF_PIT,PIT,BUF,0,0,0,0,0,0,0,5,20,0
00-0036924,Michael Carter,RB,2025,13,REG,2025_13_ARI_TB,ARI,TB,0,0,0,0,0,0,0,5,17,0
00-0036971,Trevor Lawrence,QB,2025,13,REG,2025_13_JAX_TEN,JAX,TEN,16,27,229,2,0,3,-27,3,25,0
00-0036972,Mac Jones,QB,2025,13,REG,2025_13_SF_CLE,SF,CLE,0,0,0,0,0,0,0,2,2,0
00-0036973,Travis Etienne,RB,2025,13,REG,2025_13_JAX_TEN,JAX,TEN,0,0,0,0,0,0,0,12,28,0
00-0036997,Javonte Williams,RB,2025,13,REG,2025_13_KC_DAL,DAL,KC,0,0,0,0,0,0,0,17,59,0
00-0037012,Trey Lance,QB,2025,13,REG,2025_13_LV_LAC,LAC,LV,1,1,9,0,0,0,0,4,4,0
00-0037091,Bo Melton,WR,2025,13,REG,2025_13_GB_DET,GB,DET,0,0,0,0,0,0,0,2,15,0
00-0037157,Bam Knight,RB,2025,13,REG,2025_13_ARI_TB,ARI,TB,0,0,0,0,0,0,0,11,62,0
00-0037197,Isiah Pacheco,RB,2025,13,REG,2025_13_KC_DAL,KC,DAL,0,0,0,0,0,0,0,3,16,0
00-0037228,Jaylen Warren,RB,2025,13,REG,2025_13_BUF_PIT,PIT,BUF,0,0,0,0,0,0,0,10,35,1
00-0037240,Jameson Williams,WR,2025,13,REG,2025_13_GB_DET,DET,GB,0,0,0,0,0,0,0,1,-5,0
00-0037248,James Cook,RB,2025,13,REG,2025_13_BUF_PIT,BUF,PIT,0,0,0,0,0,0,0,32,144,0
00-0037256,Rachaad White,RB,2025,13,REG,2025_13_ARI_TB,TB,ARI,0,0,0,0,0,0,0,2,7,0
00-0037263,Tyler Allgeier,RB,2025,13,REG,2025_13_ATL_NYJ,ATL,NYJ,0,0,0,0,0,0,0,8,20,1
00-0037487,Deven Thompkins,WR,2025,13,REG,2025_13_ATL_NYJ,ATL,NYJ,0,0,0,0,0,0,0,1,5,0
00-0037525,Jordan Mason,RB,2025,13,REG,2025_13_MIN_SEA,MIN,SEA,0,0,0,0,0,0,0,6,47,0
00-0037545,Rashid Shaheed,WR,2025,13,REG,2025_13_MIN_SEA,SEA,MIN,0,0,0,0,0,0,0,1,9,0
00-0037563,Malik Davis,RB,2025,13,REG,2025_13_KC_DAL,DAL,KC,0,0,0,0,0,0,0,3,47,1
00-0037614,John Metchie III,WR,2025,13,REG,2025_13_ATL_NYJ,NYJ,ATL,0,0,0,0,0,0,0,1,-2,0
00-0037746,Brian Robinson,RB,2025,13,REG,2025_13_SF_CLE,SF,CLE,0,0,0,0,0,0,0,8,26,0
00-0037801,KaVontae Turpin,WR,2025,13,REG,2025_13_KC_DAL,DAL,KC,0,0,0,0,0,0,0,3,33,0
00-0037834,Brock Purdy,QB,2025,13,REG,2025_13_SF_CLE,SF,CLE,16,29,168,1,0,1,-7,2,4,1
00-0037840,Kyren Williams,RB,2025,13,REG,2025_13_LA_CAR,LA,CAR,0,0,0,0,0,0,0,13,72,1
00-0038120,Breece Hall,RB,2025,13,REG,2025_13_ATL_NYJ,NYJ,ATL,0,0,0,0,0,0,0,19,68,1
00-0038124,Christian Watson,WR,2025,13,REG,2025_13_GB_DET,GB,DET,0,0,0,0,0,0,0,1,3,0
00-0038134,Kenneth Walker III,RB,2025,13,REG,2025_13_MIN_SEA,SEA,MIN,0,0,0,0,0,0,0,13,56,0
00-0038393,Dontayvion Wicks,WR,2025,13,REG,2025_13_GB_DET,GB,DET,0,0,0,0,0,0,0,1,6,0
00-0038397,Evan Hull,RB,2025,13,REG,2025_13_NO_MIA,NO,MIA,0,0,0,0,0,0,0,5,15,0
00-0038440,Zavier Scott,RB,2025,13,REG,2025_13_MIN_SEA,MIN,SEA,0,0,0,0,0,0,0,3,17,0
00-0038454,Keaton Mitchell,RB,2025,13,REG,2025_13_CIN_BAL,BAL,CIN,0,0,0,0,0,0,0,2,19,1
00-0038542,Bijan Robinson,RB,2025,13,REG,2025_13_ATL_NYJ,ATL,NYJ,0,0,0,0,0,0,0,23,142,1
00-0038597,Chase Brown,RB,2025,13,REG,2025_13_CIN_BAL,CIN,BAL,0,0,0,0,0,0,0,15,78,0
00-0038611,Chris Rodriguez Jr.,RB,2025,13,REG,2025_13_DEN_WAS,WAS,DEN,0,0,0,0,0,0,0,11,41,1
00-0038794,Jaleel McLaughlin,RB,2025,13,REG,2025_13_DEN_WAS,DEN,WAS,0,0,0,0,0,0,0,6,24,0
00-0038797,Emanuel Wilson,RB,2025,13,REG,2025_13_GB_DET,GB,DET,0,0,0,0,0,0,0,4,14,0
00-0038951,Sean Tucker,RB,2025,13,REG,2025_13_ARI_TB,TB,ARI,0,0,0,0,0,0,0,2,0,0
00-0038976,Marvin Mims Jr.,WR,2025,13,REG,2025_13_DEN_WAS,DEN,WAS,0,0,0,0,0,0,0,1,9,0
00-0039032,Tyjae Spears,RB,2025,13,REG,2025_13_JAX_TEN,TEN,JAX,0,0,0,0,0,0,0,2,-1,0
00-0039040,De'Von Achane,RB,2025,13,REG,2025_13_NO_MIA,MIA,NO,0,0,0,0,0,0,0,22,134,1
00-0039067,Rashee Rice,WR,2025,13,REG,2025_13_KC_DAL,KC,DAL,0,0,0,0,0,0,0,1,2,0
00-0039139,Jahmyr Gibbs,RB,2025,13,REG,2025_13_GB_DET,DET,GB,0,0,0,0,0,0,0,20,68,0
00-0039150,Bryce Young,QB,2025,13,REG,2025_13_LA_CAR,CAR,LA,15,20,206,3,0,2,-12,5,23,0
00-0039163,C.J. Stroud,QB,2025,13,REG,2025_13_HOU_IND,HOU,IND,22,35,276,0,1,2,-20,1,0,0
00-0039165,Zach Charbonnet,RB,2025,13,REG,2025_13_MIN_SEA,SEA,MIN,0,0,0,0,0,0,0,14,52,1
00-0039359,Cade Stover,TE,2025,13,REG,2025_13_HOU_IND,HOU,IND,0,0,0,0,0,0,0,4,3,0
00-0039361,Bucky Irving,RB,2025,13,REG,2025_13_ARI_TB,TB,ARI,0,0,0,0,0,0,0,17,61,1
00-0039384,Tyrone Tracy Jr.,RB,2025,13,REG,2025_13_NYG_NE,NYG,NE,0,0,0,0,0,0,0,10,36,0
00-0039391,Kimani Vidal,RB,2025,13,REG,2025_13_LV_LAC,LAC,LV,0,0,0,0,0,0,0,25,126,1
00-0039623,Mason Tipton,WR,2025,13,REG,2025_13_NO_MIA,NO,MIA,0,0,0,0,0,0,0,1,-1,0
00-0039732,Bo Nix,QB,2025,13,REG,2025_13_DEN_WAS,DEN,WAS,29,45,321,1,1,1,-6,2,16,0
00-0039738,Blake Corum,RB,2025,13,REG,2025_13_LA_CAR,LA,CAR,0,0,0,0,0,0,0,7,81,1
00-0039793,AJ Barner,TE,2025,13,REG,2025_13_MIN_SEA,SEA,MIN,0,0,0,0,0,0,0,1,2,0
00-0039796,Rasheen Ali,RB,2025,13,REG,2025_13_CIN_BAL,BAL,CIN,0,0,0,0,0,0,0,4,17,0
00-0039851,Drake Maye,QB,2025,13,REG,2025_13_NYG_NE,NE,NYG,24,31,282,2,0,3,-6,6,12,0
00-0039874,Jaylen Wright,RB,2025,13,REG,2025_13_NO_MIA,MIA,NO,0,0,0,0,0,0,0,3,16,0
00-0039875,Ray Davis,RB,2025,13,REG,2025_13_BUF_PIT,BUF,PIT,0,0,0,0,0,0,0,9,62,0
00-0039894,Xavier Worthy,WR,2025,13,REG,2025_13_KC_DAL,KC,DAL,0,0,0,0,0,0,0,2,13,0
00-0039918,Caleb Williams,QB,2025,13,REG,2025_13_CHI_PHI,CHI,PHI,17,36,154,1,1,2,-10,5,13,0
00-0039920,Malachi Corley,WR,2025,13,REG,2025_13_SF_CLE,CLE,SF,0,0,0,0,0,0,0,1,9,0
00-0040122,Ashton Jeanty,RB,2025,13,REG,2025_13_LV_LAC,LV,LAC,0,0,0,0,0,0,0,15,31,0
00-0040128,Tyler Warren,TE,2025,13,REG,2025_13_HOU_IND,IND,HOU,0,0,0,0,0,0,0,1,0,0
00-0040142,Kaleb Johnson,RB,2025,13,REG,2025_13_BUF_PIT,PIT,BUF,0,0,0,0,0,0,0,2,3,0
00-0040162,Dylan Sampson,RB,2025,13,REG,2025_13_SF_CLE,CLE,SF,0,0,0,0,0,0,0,4,23,0
00-0040198,Ollie Gordon II,RB,2025,13,REG,2025_13_NO_MIA,MIA,NO,0,0,0,0,0,0,0,3,10,0
00-0040202,Devin Neal,RB,2025,13,REG,2025_13_NO_MIA,NO,MIA,0,0,0,0,0,0,0,14,47,0
00-0040236,Kyle Monangai,RB,2025,13,REG,2025_13_CHI_PHI,CHI,PHI,0,0,0,0,0,0,0,22,130,1
00-0040242,Jacory Croskey-Merritt,RB,2025,13,REG,2025_13_DEN_WAS,WAS,DEN,0,0,0,0,0,0,0,4,20,0
00-0040494,Max Brosmer,QB,2025,13,REG,2025_13_MIN_SEA,MIN,SEA,19,30,126,0,4,4,-30,1,-1,0
00-0040583,Woody Marks,RB,2025,13,REG,2025_13_HOU_IND,HOU,IND,0,0,0,0,0,0,0,19,64,0
00-0040663,Harold Fannin Jr.,TE,2025,13,REG,2025_13_SF_CLE,CLE,SF,0,0,0,0,0,0,0,1,0,0
00-0040668,Shedeur Sanders,QB,2025,13,REG,2025_13_SF_CLE,CLE,SF,16,25,149,1,0,3,-34,1,6,0
00-0040676,Cam Ward,QB,2025,13,REG,2025_13_JAX_TEN,TEN,JAX,24,38,141,0,0,3,-20,1,7,0
00-0040691,Jaxson Dart,QB,2025,13,REG,2025_13_NYG_NE,NYG,NE,17,24,139,1,0,2,-11,4,20,0
00-0040704,Dillon Gabriel,QB,2025,13,REG,2025_13_SF_CLE,CLE,SF,1,1,0,0,0,0,0,0,0,0
00-0040705,Chimere Dike,WR,2025,13,REG,2025_13_JAX_TEN,TEN,JAX,0,0,0,0,0,0,0,1,1,0
00-0040719,Bhayshul Tuten,RB,2025,13,REG,2025_13_JAX_TEN,JAX,TEN,0,0,0,0,0,0,0,8,17,1
00-0040730,RJ Harvey,RB,2025,13,REG,2025_13_DEN_WAS,DEN,WAS,0,0,0,0,0,0,0,13,35,2
00-0040734,TreVeyon Henderson,RB,2025,13,REG,2025_13_NYG_NE,NE,NYG,0,0,0,0,0,0,0,11,67,0
00-0040735,Luther Burden III,WR,2025,13,REG,2025_13_CHI_PHI,CHI,PHI,0,0,0,0,0,0,0,1,3,0
00-0040743,Tyler Shough,QB,2025,13,REG,2025_13_NO_MIA,NO,MIA,26,38,239,2,1,4,-26,6,18,0
00-0040782,Isaiah Bond,WR,2025,13,REG,2025_13_SF_CLE,CLE,SF,0,0,0,0,0,0,0,1,9,0
00-0040784,Quinshon Judkins,RB,2025,13,REG,2025_13_SF_CLE,CLE,SF,0,0,0,0,0,0,0,23,91,0
00-0023459,Aaron Rodgers,QB,2025,14,REG,2025_14_PIT_BAL,PIT,BAL,23,34,284,1,0,0,0,2,0,1
00-0026498,Matthew Stafford,QB,2025,14,REG,2025_14_LA_ARI,LA,ARI,22,31,281,3,0,0,0,0,0,0
00-0028118,Tyrod Taylor,QB,2025,14,REG,2025_14_MIA_NYJ,NYJ,MIA,1,4,6,0,1,0,0,0,0,0
00-0029604,Kirk Cousins,QB,2025,14,REG,2025_14_SEA_ATL,ATL,SEA,15,30,162,0,2,1,-8,0,0,0
00-0030565,Geno Smith,QB,2025,14,REG,2025_14_DEN_LV,LV,DEN,13,21,116,1,0,3,-19,1,4,0
00-0031345,Jimmy Garoppolo,QB,2025,14,REG,2025_14_LA_ARI,LA,ARI,0,0,0,0,0,0,0,3,-4,0
00-0031610,Darren Waller,TE,2025,14,REG,2025_14_MIA_NYJ,MIA,NYJ,0,0,0,0,0,0,0,1,4,0
00-0032104,Ameer Abdullah,RB,2025,14,REG,2025_14_IND_JAX,IND,JAX,0,0,0,0,0,0,0,1,4,0
00-0032268,Marcus Mariota,QB,2025,14,REG,2025_14_WAS_MIN,WAS,MIN,2,4,30,0,1,1,-8,2,7,0
00-0032764,Derrick Henry,RB,2025,14,REG,2025_14_PIT_BAL,BAL,PIT,0,0,0,0,0,0,0,25,94,0
00-0033077,Dak Prescott,QB,2025,14,REG,2025_14_DAL_DET,DAL,DET,31,47,376,1,2,5,-50,3,14,0
00-0033106,Jared Goff,QB,2025,14,REG,2025_14_DAL_DET,DET,DAL,25,34,309,1,0,1,-10,2,-2,0
00-0033119,Jacoby Brissett,QB,2025,14,REG,2025_14_LA_ARI,ARI,LA,25,44,271,2,1,3,-8,4,22,0
00-0033293,Aaron Jones,RB,2025,14,REG,2025_14_WAS_MIN,MIN,WAS,0,0,0,0,0,0,0,14,76,0
00-0033319,Nick Mullens,QB,2025,14,REG,2025_14_IND_JAX,JAX,IND,1,1,3,0,0,0,0,3,-1,0
00-0033357,Taysom Hill,TE,2025,14,REG,2025_14_NO_TB,NO,TB,0,0,0,0,0,0,0,2,-1,0
00-0033526,Samaje Perine,RB,2025,14,REG,2025_14_CIN_BUF,CIN,BUF,0,0,0,0,0,0,0,6,31,0
00-0033854,Dare Ogunbowale,RB,2025,14,REG,2025_14_HOU_KC,HOU,KC,0,0,0,0,0,0,0,1,5,1
00-0033873,Patrick Mahomes,QB,2025,14,REG,2025_14_HOU_KC,KC,HOU,14,33,160,0,3,2,-12,7,59,0
00-0033923,Kareem Hunt,RB,2025,14,REG,2025_14_HOU_KC,KC,HOU,0,0,0,0,0,0,0,12,30,1
00-0034791,Nick Chubb,RB,2025,14,REG,2025_14_HOU_KC,HOU,KC,0,0,0,0,0,0,0,1,3,0
00-0034796,Lamar Jackson,QB,2025,14,REG,2025_14_PIT_BAL,BAL,PIT,19,35,219,1,1,2,-16,7,43,1
00-0034844,Saquon Barkley,RB,2025,14,REG,2025_14_PHI_LAC,PHI,LAC,0,0,0,0,0,0,0,20,122,1
00-0034855,Baker Mayfield,QB,2025,14,REG,2025_14_NO_TB,TB,NO,14,30,122,1,1,0,0,6,42,0
00-0034857,Josh Allen,QB,2025,14,REG,2025_14_CIN_BUF,BUF,CIN,22,28,251,3,0,3,-18,9,78,1
00-0034869,Sam Darnold,QB,2025,14,REG,2025_14_SEA_ATL,SEA,ATL,20,30,249,3,1,2,-13,3,23,0
00-0034960,Jakobi Meyers,WR,2025,14,REG,2025_14_IND_JAX,JAX,IND,0,0,0,0,0,0,0,3,9,0
00-0035261,Tony Pollard,RB,2025,14,REG,2025_14_TEN_CLE,TEN,CLE,0,0,0,0,0,0,0,25,161,2
00-0035537,Ty Johnson,RB,2025,14,REG,2025_14_CIN_BUF,BUF,CIN,0,0,0,0,0,0,0,2,25,0
00-0035685,David Montgomery,RB,2025,14,REG,2025_14_DAL_DET,DET,DAL,0,0,0,0,0,0,0,6,60,1
00-0035700,Josh Jacobs,RB,2025,14,REG,2025_14_CHI_GB,GB,CHI,0,0,0,0,0,0,0,20,86,1
00-0035704,Drew Lock,QB,2025,14,REG,2025_14_SEA_ATL,SEA,ATL,0,0,0,0,0,0,0,1,0,0
00-0035710,Daniel Jones,QB,2025,14,REG,2025_14_IND_JAX,IND,JAX,5,7,60,0,1,0,0,1,4,0
00-0036212,Tua Tagovailoa,QB,2025,14,REG,2025_14_MIA_NYJ,MIA,NYJ,13,21,127,1,0,1,-8,1,0,0
00-0036223,Jonathan Taylor,RB,2025,14,REG,2025_14_IND_JAX,IND,JAX,0,0,0,0,0,0,0,21,74,1
00-0036264,Jordan Love,QB,2025,14,REG,2025_14_CHI_GB,GB,CHI,17,25,234,3,1,1,-14,1,-1,0
00-0036275,D'Andre Swift,RB,2025,14,REG,2025_14_CHI_GB,CHI,GB,0,0,0,0,0,0,0,13,63,0
00-0036355,Justin Herbert,QB,2025,14,REG,2025_14_PHI_LAC,LAC,PHI,12,26,139,1,1,7,-33,10,66,0
00-0036389,Jalen Hurts,QB,2025,14,REG,2025_14_PHI_LAC,PHI,LAC,21,40,240,0,4,1,-9,4,8,0
00-0036442,Joe Burrow,QB,2025,14,REG,2025_14_CIN_BUF,CIN,BUF,25,36,284,4,2,1,-8,0,0,0
00-0036613,Jaylen Waddle,WR,2025,14,REG,2025_14_MIA_NYJ,MIA,NYJ,0,0,0,0,0,0,0,1,21,0
00-0036727,Adam Prentice,FB,2025,14,REG,2025_14_DEN_LV,DEN,LV,0,0,0,0,0,0,0,2,22,0
00-0036900,Ja'Marr Chase,WR,2025,14,REG,2025_14_CIN_BUF,CIN,BUF,0,0,0,0,0,0,0,1,8,0
00-0036919,Kenny Gainwell,RB,2025,14,REG,2025_14_PIT_BAL,PIT,BAL,0,0,0,0,0,0,0,4,15,1
00-0036924,Michael Carter,RB,2025,14,REG,2025_14_LA_ARI,ARI,LA,0,0,0,0,0,0,0,3,13,0
00-0036971,Trevor Lawrence,QB,2025,14,REG,2025_14_IND_JAX,JAX,IND,17,30,244,2,0,0,0,4,16,0
00-0036973,Travis Etienne,RB,2025,14,REG,2025_14_IND_JAX,JAX,IND,0,0,0,0,0,0,0,20,74,2
00-0036997,Javonte Williams,RB,2025,14,REG,2025_14_DAL_DET,DAL,DET,0,0,0,0,0,0,0,17,67,1
00-0037013,Zach Wilson,QB,2025,14,REG,2025_14_MIA_NYJ,MIA,NYJ,0,0,0,0,0,0,0,2,-2,0
00-0037085,Tyler Badie,RB,2025,14,REG,2025_14_DEN_LV,DEN,LV,0,0,0,0,0,0,0,4,16,0
00-0037157,Bam Knight,RB,2025,14,REG,2025_14_LA_ARI,ARI,LA,0,0,0,0,0,0,0,7,16,0
00-0037197,Isiah Pacheco,RB,2025,14,REG,2025_14_HOU_KC,KC,HOU,0,0,0,0,0,0,0,9,30,0
00-0037228,Jaylen Warren,RB,2025,14,REG,2025_14_PIT_BAL,PIT,BAL,0,0,0,0,0,0,0,8,13,0
00-0037240,Jameson Williams,WR,2025,14,REG,2025_14_DAL_DET,DET,DAL,0,0,0,0,0,0,0,1,7,0
00-0037248,James Cook,RB,2025,14,REG,2025_14_CIN_BUF,BUF,CIN,0,0,0,0,0,0,0,18,80,0
00-0037256,Rachaad White,RB,2025,14,REG,2025_14_NO_TB,TB,NO,0,0,0,0,0,0,0,11,53,0
00-0037263,Tyler Allgeier,RB,2025,14,REG,2025_14_SEA_ATL,ATL,SEA,0,0,0,0,0,0,0,11,34,0
00-0037304,Connor Heyward,FB,2025,14,REG,2025_14_PIT_BAL,PIT,BAL,0,0,0,0,0,0,0,1,2,0
00-0037525,Jordan Mason,RB,2025,14,REG,2025_14_WAS_MIN,MIN,WAS,0,0,0,0,0,0,0,11,52,1
00-0037557,Ronnie Rivers,RB,2025,14,REG,2025_14_LA_ARI,LA,ARI,0,0,0,0,0,0,0,8,41,0
00-0037563,Malik Davis,RB,2025,14,REG,2025_14_DAL_DET,DAL,DET,0,0,0,0,0,0,0,3,6,0
00-0037745,Velus Jones Jr.,WR,2025,14,REG,2025_14_SEA_ATL,SEA,ATL,0,0,0,0,0,0,0,4,32,0
00-0037801,KaVontae Turpin,WR,2025,14,REG,2025_14_DAL_DET,DAL,DET,0,0,0,0,0,0,0,1,4,0
00-0037840,Kyren Williams,RB,2025,14,REG,2025_14_LA_ARI,LA,ARI,0,0,0,0,0,0,0,13,84,1
00-0038102,Kenny Pickett,QB,2025,14,REG,2025_14_DEN_LV,LV,DEN,8,11,97,1,0,1,-5,1,6,0
00-0038120,Breece Hall,RB,2025,14,REG,2025_14_MIA_NYJ,NYJ,MIA,0,0,0,0,0,0,0,14,43,0
00-0038134,Kenneth Walker III,RB,2025,14,REG,2025_14_SEA_ATL,SEA,ATL,0,0,0,0,0,0,0,10,29,0
00-0038397,Evan Hull,RB,2025,14,REG,2025_14_NO_TB,NO,TB,0,0,0,0,0,0,0,1,4,0
00-0038440,Zavier Scott,RB,2025,14,REG,2025_14_WAS_MIN,MIN,WAS,0,0,0,0,0,0,0,3,15,0
00-0038454,Keaton Mitchell,RB,2025,14,REG,2025_14_PIT_BAL,BAL,PIT,0,0,0,0,0,0,0,6,76,0
00-0038542,Bijan Robinson,RB,2025,14,REG,2025_14_SEA_ATL,ATL,SEA,0,0,0,0,0,0,0,20,86,0
00-0038543,Jaxon Smith-Njigba,WR,2025,14,REG,2025_14_SEA_ATL,SEA,ATL,0,0,0,0,0,0,0,1,-1,0
00-0038555,Tank Bigsby,RB,2025,14,REG,2025_14_PHI_LAC,PHI,LAC,0,0,0,0,0,0,0,1,4,0
00-0038597,Chase Brown,RB,2025,14,REG,2025_14_CIN_BUF,CIN,BUF,0,0,0,0,0,0,0,12,23,1
00-0038611,Chris Rodriguez Jr.,RB,2025,14,REG,2025_14_WAS_MIN,WAS,MIN,0,0,0,0,0,0,0,10,52,0
00-0038794,Jaleel McLaughlin,RB,2025,14,REG,2025_14_DEN_LV,DEN,LV,0,0,0,0,0,0,0,4,22,0
00-0038797,Emanuel Wilson,RB,2025,14,REG,2025_14_CHI_GB,GB,CHI,0,0,0,0,0,0,0,3,10,0
00-0038911,Malik Cunningham,WR,2025,14,REG,2025_14_DAL_DET,DET,DAL,0,0,0,0,0,0,0,1,1,0
00-0038951,Sean Tucker,RB,2025,14,REG,2025_14_NO_TB,TB,NO,0,0,0,0,0,0,0,7,29,1
00-0038976,Marvin Mims Jr.,WR,2025,14,REG,2025_14_DEN_LV,DEN,LV,0,0,0,0,0,0,0,1,2,0
00-0039032,Tyjae Spears,RB,2025,14,REG,2025_14_TEN_CLE,TEN,CLE,0,0,0,0,0,0,0,8,19,0
00-0039040,De'Von Achane,RB,2025,14,REG,2025_14_MIA_NYJ,MIA,NYJ,0,0,0,0,0,0,0,7,92,1
00-0039064,Zay Flowers,WR,2025,14,REG,2025_14_PIT_BAL,BAL,PIT,0,0,0,0,0,0,0,1,2,0
00-0039139,Jahmyr Gibbs,RB,2025,14,REG,2025_14_DAL_DET,DET,DAL,0,0,0,0,0,0,0,12,43,3
00-0039146,Jayden Reed,WR,2025,14,REG,2025_14_CHI_GB,GB,CHI,0,0,0,0,0,0,0,2,22,0
00-0039163,C.J. Stroud,QB,2025,14,REG,2025_14_HOU_KC,HOU,KC,15,31,203,1,0,3,-17,2,5,0
00-0039165,Zach Charbonnet,RB,2025,14,REG,2025_14_SEA_ATL,SEA,ATL,0,0,0,0,0,0,0,7,46,0
00-0039361,Bucky Irving,RB,2025,14,REG,2025_14_NO_TB,TB,NO,0,0,0,0,0,0,0,15,55,0
00-0039373,Audric Estimé,RB,2025,14,REG,2025_14_NO_TB,NO,TB,0,0,0,0,0,0,0,3,11,0
00-0039391,Kimani Vidal,RB,2025,14,REG,2025_14_PHI_LAC,LAC,PHI,0,0,0,0,0,0,0,14,44,0
00-0039732,Bo Nix,QB,2025,14,REG,2025_14_DEN_LV,DEN,LV,31,38,212,0,0,3,-8,3,15,1
00-0039738,Blake Corum,RB,2025,14,REG,2025_14_LA_ARI,LA,ARI,0,0,0,0,0,0,0,12,128,2
00-0039796,Rasheen Ali,RB,2025,14,REG,2025_14_PIT_BAL,BAL,PIT,0,0,0,0,0,0,0,1,2,0
00-0039798,Isaiah Davis,RB,2025,14,REG,2025_14_MIA_NYJ,NYJ,MIA,0,0,0,0,0,0,0,2,22,0
00-0039874,Jaylen Wright,RB,2025,14,REG,2025_14_MIA_NYJ,MIA,NYJ,0,0,0,0,0,0,0,24,107,1
00-0039910,Jayden Daniels,QB,2025,14,REG,2025_14_WAS_MIN,WAS,MIN,9,20,78,0,1,1,-1,4,16,0
00-0039918,Caleb Williams,QB,2025,14,REG,2025_14_CHI_GB,CHI,GB,19,35,186,2,1,1,-9,4,15,0
00-0039920,Malachi Corley,WR,2025,14,REG,2025_14_TEN_CLE,CLE,TEN,0,0,0,0,0,0,0,1,2,0
00-0039923,J.J. McCarthy,QB,2025,14,REG,2025_14_WAS_MIN,MIN,WAS,16,23,163,3,0,4,-12,6,19,0
00-0040078,Brashard Smith,RB,2025,14,REG,2025_14_HOU_KC,KC,HOU,0,0,0,0,0,0,0,1,7,0
00-0040122,Ashton Jeanty,RB,2025,14,REG,2025_14_DEN_LV,LV,DEN,0,0,0,0,0,0,0,10,30,0
00-0040128,Tyler Warren,TE,2025,14,REG,2025_14_IND_JAX,IND,JAX,0,0,0,0,0,0,0,1,2,0
00-0040138,Jaylin Noel,WR,2025,14,REG,2025_14_HOU_KC,HOU,KC,0,0,0,0,0,0,0,1,1,0
00-0040142,Kaleb Johnson,RB,2025,14,REG,2025_14_PIT_BAL,PIT,BAL,0,0,0,0,0,0,0,2,4,0
00-0040162,Dylan Sampson,RB,2025,14,REG,2025_14_TEN_CLE,CLE,TEN,0,0,0,0,0,0,0,2,4,0
00-0040198,Ollie Gordon II,RB,2025,14,REG,2025_14_MIA_NYJ,MIA,NYJ,0,0,0,0,0,0,0,5,17,1
00-0040202,Devin Neal,RB,2025,14,REG,2025_14_NO_TB,NO,TB,0,0,0,0,0,0,0,19,70,1
00-0040206,Riley Leonard,QB,2025,14,REG,2025_14_IND_JAX,IND,JAX,18,29,145,0,1,1,-9,2,5,1
00-0040236,Kyle Monangai,RB,2025,14,REG,2025_14_CHI_GB,CHI,GB,0,0,0,0,0,0,0,14,57,0
00-0040242,Jacory Croskey-Merritt,RB,2025,14,REG,2025_14_WAS_MIN,WAS,MIN,0,0,0,0,0,0,0,7,32,0
00-0040398,Brady Cook,QB,2025,14,REG,2025_14_MIA_NYJ,NYJ,MIA,14,30,163,0,2,6,-27,1,0,0
00-0040583,Woody Marks,RB,2025,14,REG,2025_14_HOU_KC,HOU,KC,0,0,0,0,0,0,0,26,68,0
00-0040666,Omarion Hampton,RB,2025,14,REG,2025_14_PHI_LAC,LAC,PHI,0,0,0,0,0,0,0,13,56,0
00-0040668,Shedeur Sanders,QB,2025,14,REG,2025_14_TEN_CLE,CLE,TEN,23,42,364,3,1,2,-13,3,29,1
00-0040676,Cam Ward,QB,2025,14,REG,2025_14_TEN_CLE,TEN,CLE,14,28,117,2,1,1,-9,2,4,0
00-0040719,Bhayshul Tuten,RB,2025,14,REG,2025_14_IND_JAX,JAX,IND,0,0,0,0,0,0,0,2,5,0
00-0040727,Tre Harris,WR,2025,14,REG,2025_14_PHI_LAC,LAC,PHI,0,0,0,0,0,0,0,1,3,0
00-0040730,RJ Harvey,RB,2025,14,REG,2025_14_DEN_LV,DEN,LV,0,0,0,0,0,0,0,17,75,1
00-0040735,Luther Burden III,WR,2025,14,REG,2025_14_CHI_GB,CHI,GB,0,0,0,0,0,0,0,1,3,0
00-0040743,Tyler Shough,QB,2025,14,REG,2025_14_NO_TB,NO,TB,13,20,144,0,1,3,-23,7,55,2
00-0040784,Quinshon Judkins,RB,2025,14,REG,2025_14_TEN_CLE,CLE,TEN,0,0,0,0,0,0,0,14,26,0
00-0022942,Philip Rivers,QB,2025,15,REG,2025_15_IND_SEA,IND,SEA,18,27,120,1,1,1,-2,1,0,0
00-0023459,Aaron Rodgers,QB,2025,15,REG,2025_15_MIA_PIT,PIT,MIA,23,27,224,2,0,3,-23,0,0,0
00-0026498,Matthew Stafford,QB,2025,15,REG,2025_15_DET_LA,LA,DET,24,38,368,2,1,2,-8,1,2,0
00-0029604,Kirk Cousins,QB,2025,15,REG,2025_15_ATL_TB,ATL,TB,30,44,373,3,0,1,-8,0,0,0
00-0031503,Jameis Winston,QB,2025,15,REG,2025_15_WAS_NYG,NYG,WAS,0,1,0,0,0,0,0,0,0,0
00-0032104,Ameer Abdullah,RB,2025,15,REG,2025_15_IND_SEA,IND,SEA,0,0,0,0,0,0,0,4,15,0
00-0032268,Marcus Mariota,QB,2025,15,REG,2025_15_WAS_NYG,WAS,NYG,10,19,211,1,0,2,-16,10,43,0
00-0032764,Derrick Henry,RB,2025,15,REG,2025_15_BAL_CIN,BAL,CIN,0,0,0,0,0,0,0,11,100,0
00-0032918,C.J. Ham,FB,2025,15,REG,2025_15_MIN_DAL,MIN,DAL,0,0,0,0,0,0,0,1,1,1
00-0033077,Dak Prescott,QB,2025,15,REG,2025_15_MIN_DAL,DAL,MIN,23,38,294,0,0,2,-9,1,2,0
00-0033106,Jared Goff,QB,2025,15,REG,2025_15_DET_LA,DET,LA,25,41,338,3,0,1,-12,0,0,0
00-0033119,Jacoby Brissett,QB,2025,15,REG,2025_15_ARI_HOU,ARI,HOU,27,40,249,3,1,2,-14,3,6,0
00-0033280,Christian McCaffrey,RB,2025,15,REG,2025_15_TEN_SF,SF,TEN,0,0,0,0,0,0,0,22,73,1
00-0033293,Aaron Jones,RB,2025,15,REG,2025_15_MIN_DAL,MIN,DAL,0,0,0,0,0,0,0,12,34,0
00-0033319,Nick Mullens,QB,2025,15,REG,2025_15_NYJ_JAX,JAX,NYJ,0,0,0,0,0,0,0,3,-2,0
00-0033357,Taysom Hill,TE,2025,15,REG,2025_15_CAR_NO,NO,CAR,0,0,0,0,0,0,0,2,2,0
00-0033526,Samaje Perine,RB,2025,15,REG,2025_15_BAL_CIN,CIN,BAL,0,0,0,0,0,0,0,14,42,0
00-0033854,Dare Ogunbowale,RB,2025,15,REG,2025_15_ARI_HOU,HOU,ARI,0,0,0,0,0,0,0,5,2,0
00-0033858,Jonnu Smith,TE,2025,15,REG,2025_15_MIA_PIT,PIT,MIA,0,0,0,0,0,0,0,1,14,1
00-0033873,Patrick Mahomes,QB,2025,15,REG,2025_15_LAC_KC,KC,LAC,16,28,189,0,1,5,-21,2,15,1
00-0033923,Kareem Hunt,RB,2025,15,REG,2025_15_LAC_KC,KC,LAC,0,0,0,0,0,0,0,6,12,0
00-0033955,Jeremy McNichols,RB,2025,15,REG,2025_15_WAS_NYG,WAS,NYG,0,0,0,0,0,0,0,9,6,0
00-0034796,Lamar Jackson,QB,2025,15,REG,2025_15_BAL_CIN,BAL,CIN,8,12,150,2,1,4,-22,2,26,0
00-0034844,Saquon Barkley,RB,2025,15,REG,2025_15_LV_PHI,PHI,LV,0,0,0,0,0,0,0,22,78,1
00-0034855,Baker Mayfield,QB,2025,15,REG,2025_15_ATL_TB,TB,ATL,19,34,277,2,1,5,-27,1,1,0
00-0034857,Josh Allen,QB,2025,15,REG,2025_15_BUF_NE,BUF,NE,19,28,193,3,0,2,-12,11,48,0
00-0034869,Sam Darnold,QB,2025,15,REG,2025_15_IND_SEA,SEA,IND,22,36,271,0,0,1,-7,4,5,0
00-0034959,Andrew Beck,FB,2025,15,REG,2025_15_NYJ_JAX,NYJ,JAX,0,0,0,0,0,0,0,1,5,0
00-0035250,Devin Singletary,RB,2025,15,REG,2025_15_WAS_NYG,NYG,WAS,0,0,0,0,0,0,0,5,13,0
00-0035261,Tony Pollard,RB,2025,15,REG,2025_15_TEN_SF,TEN,SF,0,0,0,0,0,0,0,14,104,1
00-0035289,Gardner Minshew,QB,2025,15,REG,2025_15_LAC_KC,KC,LAC,3,5,22,0,1,0,0,0,0,0
00-0035291,Trayveon Williams,RB,2025,15,REG,2025_15_CLE_CHI,CLE,CHI,0,0,0,0,0,0,0,1,3,0
00-0035537,Ty Johnson,RB,2025,15,REG,2025_15_BUF_NE,BUF,NE,0,0,0,0,0,0,0,4,13,0
00-0035685,David Montgomery,RB,2025,15,REG,2025_15_DET_LA,DET,LA,0,0,0,0,0,0,0,7,32,1
00-0035700,Josh Jacobs,RB,2025,15,REG,2025_15_GB_DEN,GB,DEN,0,0,0,0,0,0,0,12,73,1
00-0035993,Tyler Huntley,QB,2025,15,REG,2025_15_BAL_CIN,BAL,CIN,0,0,0,0,0,0,0,3,-3,0
00-0036139,Rico Dowdle,RB,2025,15,REG,2025_15_CAR_NO,CAR,NO,0,0,0,0,0,0,0,16,49,1
00-0036212,Tua Tagovailoa,QB,2025,15,REG,2025_15_MIA_PIT,MIA,PIT,22,28,253,2,1,4,-31,1,1,0
00-0036223,Jonathan Taylor,RB,2025,15,REG,2025_15_IND_SEA,IND,SEA,0,0,0,0,0,0,0,25,87,0
00-0036264,Jordan Love,QB,2025,15,REG,2025_15_GB_DEN,GB,DEN,24,40,276,1,2,3,-29,3,29,0
00-0036275,D'Andre Swift,RB,2025,15,REG,2025_15_CLE_CHI,CHI,CLE,0,0,0,0,0,0,0,18,98,2
00-0036355,Justin Herbert,QB,2025,15,REG,2025_15_LAC_KC,LAC,KC,19,29,210,1,1,4,-9,2,0,0
00-0036389,Jalen Hurts,QB,2025,15,REG,2025_15_LV_PHI,PHI,LV,12,15,175,3,0,1,-4,7,39,0
00-0036442,Joe Burrow,QB,2025,15,REG,2025_15_BAL_CIN,CIN,BAL,25,39,225,0,2,3,-27,2,5,0
00-0036555,Chuba Hubbard,RB,2025,15,REG,2025_15_CAR_NO,CAR,NO,0,0,0,0,0,0,0,8,29,0
00-0036626,Dyami Brown,WR,2025,15,REG,2025_15_NYJ_JAX,JAX,NYJ,0,0,0,0,0,0,0,1,4,0
00-0036727,Adam Prentice,FB,2025,15,REG,2025_15_GB_DEN,DEN,GB,0,0,0,0,0,0,0,1,-1,0
00-0036875,Rhamondre Stevenson,RB,2025,15,REG,2025_15_BUF_NE,NE,BUF,0,0,0,0,0,0,0,6,50,0
00-0036906,Khalil Herbert,RB,2025,15,REG,2025_15_NYJ_JAX,NYJ,JAX,0,0,0,0,0,0,0,2,5,0
00-0036919,Kenny Gainwell,RB,2025,15,REG,2025_15_MIA_PIT,PIT,MIA,0,0,0,0,0,0,0,13,80,0
00-0036924,Michael Carter,RB,2025,15,REG,2025_15_ARI_HOU,ARI,HOU,0,0,0,0,0,0,0,14,56,0
00-0036971,Trevor Lawrence,QB,2025,15,REG,2025_15_NYJ_JAX,JAX,NYJ,20,32,330,5,0,0,0,5,51,1
00-0036973,Travis Etienne,RB,2025,15,REG,2025_15_NYJ_JAX,JAX,NYJ,0,0,0,0,0,0,0,12,32,0
00-0036997,Javonte Williams,RB,2025,15,REG,2025_15_MIN_DAL,DAL,MIN,0,0,0,0,0,0,0,15,91,1
00-0037091,Bo Melton,WR,2025,15,REG,2025_15_GB_DEN,GB,DEN,0,0,0,0,0,0,0,1,0,0
00-0037157,Bam Knight,RB,2025,15,REG,2025_15_ARI_HOU,ARI,HOU,0,0,0,0,0,0,0,1,-2,0
00-0037197,Isiah Pacheco,RB,2025,15,REG,2025_15_LAC_KC,KC,LAC,0,0,0,0,0,0,0,11,21,0
00-0037228,Jaylen Warren,RB,2025,15,REG,2025_15_MIA_PIT,PIT,MIA,0,0,0,0,0,0,0,12,33,0
00-0037248,James Cook,RB,2025,15,REG,2025_15_BUF_NE,BUF,NE,0,0,0,0,0,0,0,22,107,2
00-0037256,Rachaad White,RB,2025,15,REG,2025_15_ATL_TB,TB,ATL,0,0,0,0,0,0,0,1,20,0
00-0037263,Tyler Allgeier,RB,2025,15,REG,2025_15_ATL_TB,ATL,TB,0,0,0,0,0,0,0,2,18,0
00-0037291,Jalen Nailor,WR,2025,15,REG,2025_15_MIN_DAL,MIN,DAL,0,0,0,0,0,0,0,1,-2,0
00-0037304,Connor Heyward,FB,2025,15,REG,2025_15_MIA_PIT,PIT,MIA,0,0,0,0,0,0,0,4,4,1
00-0037525,Jordan Mason,RB,2025,15,REG,2025_15_MIN_DAL,MIN,DAL,0,0,0,0,0,0,0,10,29,0
00-0037545,Rashid Shaheed,WR,2025,15,REG,2025_15_IND_SEA,SEA,IND,0,0,0,0,0,0,0,1,-3,0
00-0037563,Malik Davis,RB,2025,15,REG,2025_15_MIN_DAL,DAL,MIN,0,0,0,0,0,0,0,8,21,1
00-0037614,John Metchie III,WR,2025,15,REG,2025_15_NYJ_JAX,NYJ,JAX,0,0,0,0,0,0,0,1,4,0
00-0037692,Brandon Aubrey,K,2025,15,REG,2025_15_MIN_DAL,DAL,MIN,0,0,0,0,0,0,0,1,6,0
00-0037746,Brian Robinson,RB,2025,15,REG,2025_15_TEN_SF,SF,TEN,0,0,0,0,0,0,0,9,21,0
00-0037801,KaVontae Turpin,WR,2025,15,REG,2025_15_MIN_DAL,DAL,MIN,0,0,0,0,0,0,0,1,2,0
00-0037834,Brock Purdy,QB,2025,15,REG,2025_15_TEN_SF,SF,TEN,23,30,295,3,0,2,-3,7,44,0
00-0037840,Kyren Williams,RB,2025,15,REG,2025_15_DET_LA,LA,DET,0,0,0,0,0,0,0,15,78,2
00-0038102,Kenny Pickett,QB,2025,15,REG,2025_15_LV_PHI,LV,PHI,15,25,64,0,1,4,-35,2,7,0
00-0038120,Breece Hall,RB,2025,15,REG,2025_15_NYJ_JAX,NYJ,JAX,0,0,0,0,0,0,0,12,23,0
00-0038134,Kenneth Walker III,RB,2025,15,REG,2025_15_IND_SEA,SEA,IND,0,0,0,0,0,0,0,9,17,0
00-0038397,Evan Hull,RB,2025,15,REG,2025_15_CAR_NO,NO,CAR,0,0,0,0,0,0,0,4,12,0
00-0038400,Tanner McKee,QB,2025,15,REG,2025_15_LV_PHI,PHI,LV,3,3,33,0,0,0,0,1,9,0
00-0038454,Keaton Mitchell,RB,2025,15,REG,2025_15_BAL_CIN,BAL,CIN,0,0,0,0,0,0,0,8,66,0
00-0038542,Bijan Robinson,RB,2025,15,REG,2025_15_ATL_TB,ATL,TB,0,0,0,0,0,0,0,19,93,1
00-0038555,Tank Bigsby,RB,2025,15,REG,2025_15_LV_PHI,PHI,LV,0,0,0,0,0,0,0,17,57,0
00-0038597,Chase Brown,RB,2025,15,REG,2025_15_BAL_CIN,CIN,BAL,0,0,0,0,0,0,0,13,53,0
00-0038621,DeMario Douglas,WR,2025,15,REG,2025_15_BUF_NE,NE,BUF,0,0,0,0,0,0,0,1,5,0
00-0038685,Chris Brooks,RB,2025,15,REG,2025_15_GB_DEN,GB,DEN,0,0,0,0,0,0,0,2,10,0
00-0038705,Emari Demercado,RB,2025,15,REG,2025_15_ARI_HOU,ARI,HOU,0,0,0,0,0,0,0,1,1,0
00-0038738,Hunter Luepke,RB,2025,15,REG,2025_15_MIN_DAL,DAL,MIN,0,0,0,0,0,0,0,3,16,0
00-0038794,Jaleel McLaughlin,RB,2025,15,REG,2025_15_GB_DEN,DEN,GB,0,0,0,0,0,0,0,2,4,0
00-0038797,Emanuel Wilson,RB,2025,15,REG,2025_15_GB_DEN,GB,DEN,0,0,0,0,0,0,0,2,3,0
00-0038951,Sean Tucker,RB,2025,15,REG,2025_15_ATL_TB,TB,ATL,0,0,0,0,0,0,0,4,7,1
00-0038976,Marvin Mims Jr.,WR,2025,15,REG,2025_15_GB_DEN,DEN,GB,0,0,0,0,0,0,0,1,8,0
00-0039032,Tyjae Spears,RB,2025,15,REG,2025_15_TEN_SF,TEN,SF,0,0,0,0,0,0,0,3,34,0
00-0039040,De'Von Achane,RB,2025,15,REG,2025_15_MIA_PIT,MIA,PIT,0,0,0,0,0,0,0,12,60,0
00-0039075,Puka Nacua,WR,2025,15,REG,2025_15_DET_LA,LA,DET,0,0,0,0,0,0,0,2,8,0
00-0039139,Jahmyr Gibbs,RB,2025,15,REG,2025_15_DET_LA,DET,LA,0,0,0,0,0,0,0,13,38,0
00-0039150,Bryce Young,QB,2025,15,REG,2025_15_CAR_NO,CAR,NO,15,24,163,1,0,1,-9,7,49,0
00-0039163,C.J. Stroud,QB,2025,15,REG,2025_15_ARI_HOU,HOU,ARI,22,29,260,3,0,1,-4,6,10,0
00-0039165,Zach Charbonnet,RB,2025,15,REG,2025_15_IND_SEA,SEA,IND,0,0,0,0,0,0,0,8,31,0
00-0039361,Bucky Irving,RB,2025,15,REG,2025_15_ATL_TB,TB,ATL,0,0,0,0,0,0,0,16,60,0
00-0039373,Audric Estimé,RB,2025,15,REG,2025_15_CAR_NO,NO,CAR,0,0,0,0,0,0,0,3,11,0
00-0039376,Spencer Rattler,QB,2025,15,REG,2025_15_CAR_NO,NO,CAR,0,1,0,0,0,0,0,0,0,0
00-0039384,Tyrone Tracy Jr.,RB,2025,15,REG,2025_15_WAS_NYG,NYG,WAS,0,0,0,0,0,0,0,15,70,1
00-0039391,Kimani Vidal,RB,2025,15,REG,2025_15_LAC_KC,LAC,KC,0,0,0,0,0,0,0,12,33,0
00-0039405,Jawhar Jordan,RB,2025,15,REG,2025_15_ARI_HOU,HOU,ARI,0,0,0,0,0,0,0,15,101,0
00-0039407,Dylan Laube,RB,2025,15,REG,2025_15_LV_PHI,LV,PHI,0,0,0,0,0,0,0,2,4,0
00-0039623,Mason Tipton,WR,2025,15,REG,2025_15_CAR_NO,NO,CAR,0,0,0,0,0,0,0,1,-4,0
00-0039732,Bo Nix,QB,2025,15,REG,2025_15_GB_DEN,DEN,GB,23,34,302,4,0,0,0,7,10,0
00-0039738,Blake Corum,RB,2025,15,REG,2025_15_DET_LA,LA,DET,0,0,0,0,0,0,0,11,71,1
00-0039798,Isaiah Davis,RB,2025,15,REG,2025_15_NYJ_JAX,NYJ,JAX,0,0,0,0,0,0,0,9,58,1
00-0039851,Drake Maye,QB,2025,15,REG,2025_15_BUF_NE,NE,BUF,14,23,155,0,1,3,-16,4,43,2
00-0039868,Troy Franklin,WR,2025,15,REG,2025_15_GB_DEN,DEN,GB,0,0,0,0,0,0,0,1,3,0
00-0039874,Jaylen Wright,RB,2025,15,REG,2025_15_MIA_PIT,MIA,PIT,0,0,0,0,0,0,0,1,2,0
00-0039890,Adonai Mitchell,WR,2025,15,REG,2025_15_NYJ_JAX,NYJ,JAX,0,0,0,0,0,0,0,1,-4,0
00-0039893,Brian Thomas Jr.,WR,2025,15,REG,2025_15_NYJ_JAX,JAX,NYJ,0,0,0,0,0,0,0,1,5,0
00-0039918,Caleb Williams,QB,2025,15,REG,2025_15_CLE_CHI,CHI,CLE,17,28,242,2,0,3,-23,3,13,0
00-0039923,J.J. McCarthy,QB,2025,15,REG,2025_15_MIN_DAL,MIN,DAL,15,24,250,2,1,0,0,4,15,1
00-0040078,Brashard Smith,RB,2025,15,REG,2025_15_LAC_KC,KC,LAC,0,0,0,0,0,0,0,2,1,0
00-0040122,Ashton Jeanty,RB,2025,15,REG,2025_15_LV_PHI,LV,PHI,0,0,0,0,0,0,0,9,35,0
00-0040126,Colston Loveland,TE,2025,15,REG,2025_15_CLE_CHI,CHI,CLE,0,0,0,0,0,0,0,1,-2,0
00-0040142,Kaleb Johnson,RB,2025,15,REG,2025_15_MIA_PIT,PIT,MIA,0,0,0,0,0,0,0,2,4,0
00-0040198,Ollie Gordon II,RB,2025,15,REG,2025_15_MIA_PIT,MIA,PIT,0,0,0,0,0,0,0,2,0,0
00-0040202,Devin Neal,RB,2025,15,REG,2025_15_CAR_NO,NO,CAR,0,0,0,0,0,0,0,7,28,1
00-0040205,Kalel Mullings,RB,2025,15,REG,2025_15_TEN_SF,TEN,SF,0,0,0,0,0,0,0,1,3,0
00-0040236,Kyle Monangai,RB,2025,15,REG,2025_15_CLE_CHI,CHI,CLE,0,0,0,0,0,0,0,11,33,0
00-0040238,LeQuint Allen Jr.,RB,2025,15,REG,2025_15_NYJ_JAX,JAX,NYJ,0,0,0,0,0,0,0,4,11,0
00-0040242,Jacory Croskey-Merritt,RB,2025,15,REG,2025_15_WAS_NYG,WAS,NYG,0,0,0,0,0,0,0,18,96,1
00-0040398,Brady Cook,QB,2025,15,REG,2025_15_NYJ_JAX,NYJ,JAX,22,33,176,1,3,3,-22,6,39,0
00-0040556,Corey Kiner,RB,2025,15,REG,2025_15_ARI_HOU,ARI,HOU,0,0,0,0,0,0,0,2,11,0
00-0040583,Woody Marks,RB,2025,15,REG,2025_15_ARI_HOU,HOU,ARI,0,0,0,0,0,0,0,7,30,0
00-0040663,Harold Fannin Jr.,TE,2025,15,REG,2025_15_CLE_CHI,CLE,CHI,0,0,0,0,0,0,0,1,2,0
00-0040666,Omarion Hampton,RB,2025,15,REG,2025_15_LAC_KC,LAC,KC,0,0,0,0,0,0,0,15,61,0
00-0040668,Shedeur Sanders,QB,2025,15,REG,2025_15_CLE_CHI,CLE,CHI,18,35,177,0,3,5,-35,2,24,0
00-0040676,Cam Ward,QB,2025,15,REG,2025_15_TEN_SF,TEN,SF,18,29,170,2,0,0,0,1,2,0
00-0040691,Jaxson Dart,QB,2025,15,REG,2025_15_WAS_NYG,NYG,WAS,20,36,246,2,1,1,-8,9,63,0
00-0040705,Chimere Dike,WR,2025,15,REG,2025_15_TEN_SF,TEN,SF,0,0,0,0,0,0,0,1,-7,0
00-0040719,Bhayshul Tuten,RB,2025,15,REG,2025_15_NYJ_JAX,JAX,NYJ,0,0,0,0,0,0,0,1,7,0
00-0040730,RJ Harvey,RB,2025,15,REG,2025_15_GB_DEN,DEN,GB,0,0,0,0,0,0,0,19,65,1
00-0040734,TreVeyon Henderson,RB,2025,15,REG,2025_15_BUF_NE,NE,BUF,0,0,0,0,0,0,0,14,148,2
00-0040743,Tyler Shough,QB,2025,15,REG,2025_15_CAR_NO,NO,CAR,24,32,272,1,0,5,-16,8,32,0
00-0040784,Quinshon Judkins,RB,2025,15,REG,2025_15_CLE_CHI,CLE,CHI,0,0,0,0,0,0,0,12,21,0
00-0022942,Philip Rivers,QB,2025,16,REG,2025_16_SF_IND,IND,SF,23,35,277,2,1,2,-23,0,0,0
00-0023459,Aaron Rodgers,QB,2025,16,REG,2025_16_PIT_DET,PIT,DET,27,41,266,1,0,2,-15,2,9,0
00-0026158,Joe Flacco,QB,2025,16,REG,2025_16_CIN_MIA,CIN,MIA,1,1,4,0,0,0,0,0,0,0
00-0026300,Josh Johnson,QB,2025,16,REG,2025_16_PHI_WAS,WAS,PHI,5,9,43,0,1,1,-6,1,0,0
00-0026498,Matthew Stafford,QB,2025,16,REG,2025_16_LA_SEA,LA,SEA,29,49,457,3,0,0,0,2,6,0
00-0029604,Kirk Cousins,QB,2025,16,REG,2025_16_ATL_ARI,ATL,ARI,21,35,197,2,1,1,-7,5,-3,1
00-0030565,Geno Smith,QB,2025,16,REG,2025_16_LV_HOU,LV,HOU,16,23,201,2,1,3,-31,0,0,0
00-0031687,Raheem Mostert,RB,2025,16,REG,2025_16_LV_HOU,LV,HOU,0,0,0,0,0,0,0,1,6,0
00-0032268,Marcus Mariota,QB,2025,16,REG,2025_16_PHI_WAS,WAS,PHI,7,14,95,0,0,1,-2,1,-1,0
00-0032764,Derrick Henry,RB,2025,16,REG,2025_16_NE_BAL,BAL,NE,0,0,0,0,0,0,0,18,128,2
00-0032918,C.J. Ham,FB,2025,16,REG,2025_16_MIN_NYG,MIN,NYG,0,0,0,0,0,0,0,1,3,0
00-0033077,Dak Prescott,QB,2025,16,REG,2025_16_LAC_DAL,DAL,LAC,21,30,244,2,0,1,-6,2,14,0
00-0033106,Jared Goff,QB,2025,16,REG,2025_16_PIT_DET,DET,PIT,34,54,364,3,0,3,-18,1,-1,0
00-0033119,Jacoby Brissett,QB,2025,16,REG,2025_16_ATL_ARI,ARI,ATL,16,31,203,1,1,2,-15,1,5,0
00-0033280,Christian McCaffrey,RB,2025,16,REG,2025_16_SF_IND,SF,IND,0,0,0,0,0,0,0,21,117,0
00-0033293,Aaron Jones,RB,2025,16,REG,2025_16_MIN_NYG,MIN,NYG,0,0,0,0,0,0,0,21,85,0
00-0033357,Taysom Hill,TE,2025,16,REG,2025_16_NYJ_NO,NO,NYJ,1,1,38,1,0,0,0,12,42,0
00-0033526,Samaje Perine,RB,2025,16,REG,2025_16_CIN_MIA,CIN,MIA,0,0,0,0,0,0,0,7,25,1
00-0033854,Dare Ogunbowale,RB,2025,16,REG,2025_16_LV_HOU,HOU,LV,0,0,0,0,0,0,0,1,-3,0
00-0033858,Jonnu Smith,TE,2025,16,REG,2025_16_PIT_DET,PIT,DET,0,0,0,0,0,0,0,2,28,0
00-0033923,Kareem Hunt,RB,2025,16,REG,2025_16_KC_TEN,KC,TEN,0,0,0,0,0,0,0,3,2,0
00-0033955,Jeremy McNichols,RB,2025,16,REG,2025_16_PHI_WAS,WAS,PHI,0,0,0,0,0,0,0,1,3,0
00-0034721,Corey Bojorquez,P,2025,16,REG,2025_16_BUF_CLE,CLE,BUF,0,1,0,0,0,0,0,0,0,0
00-0034753,Mark Andrews,TE,2025,16,REG,2025_16_NE_BAL,BAL,NE,0,0,0,0,0,0,0,1,3,0
00-0034791,Nick Chubb,RB,2025,16,REG,2025_16_LV_HOU,HOU,LV,0,0,0,0,0,0,0,6,33,0
00-0034796,Lamar Jackson,QB,2025,16,REG,2025_16_NE_BAL,BAL,NE,7,10,101,0,0,0,0,2,7,0
00-0034827,DJ Moore,WR,2025,16,REG,2025_16_GB_CHI,CHI,GB,0,0,0,0,0,0,0,1,12,0
00-0034844,Saquon Barkley,RB,2025,16,REG,2025_16_PHI_WAS,PHI,WAS,0,0,0,0,0,0,0,21,132,1
00-0034855,Baker Mayfield,QB,2025,16,REG,2025_16_TB_CAR,TB,CAR,18,26,145,1,1,2,-18,4,49,0
00-0034857,Josh Allen,QB,2025,16,REG,2025_16_BUF_CLE,BUF,CLE,12,19,130,0,0,2,-35,7,17,0
00-0034869,Sam Darnold,QB,2025,16,REG,2025_16_LA_SEA,SEA,LA,22,34,270,2,2,4,-26,3,7,0
00-0034960,Jakobi Meyers,WR,2025,16,REG,2025_16_JAX_DEN,JAX,DEN,0,0,0,0,0,0,0,1,1,0
00-0035250,Devin Singletary,RB,2025,16,REG,2025_16_MIN_NYG,NYG,MIN,0,0,0,0,0,0,0,11,47,0
00-0035261,Tony Pollard,RB,2025,16,REG,2025_16_KC_TEN,TEN,KC,0,0,0,0,0,0,0,21,102,0
00-0035289,Gardner Minshew,QB,2025,16,REG,2025_16_KC_TEN,KC,TEN,3,8,15,0,0,0,0,1,8,0
00-0035291,Trayveon Williams,RB,2025,16,REG,2025_16_BUF_CLE,CLE,BUF,0,0,0,0,0,0,0,3,17,0
00-0035537,Ty Johnson,RB,2025,16,REG,2025_16_BUF_CLE,BUF,CLE,0,0,0,0,0,0,0,3,16,1
00-0035685,David Montgomery,RB,2025,16,REG,2025_16_PIT_DET,DET,PIT,0,0,0,0,0,0,0,4,14,0
00-0035700,Josh Jacobs,RB,2025,16,REG,2025_16_GB_CHI,GB,CHI,0,0,0,0,0,0,0,12,36,0
00-0035993,Tyler Huntley,QB,2025,16,REG,2025_16_NE_BAL,BAL,NE,9,10,65,0,0,1,-7,2,2,0
00-0036139,Rico Dowdle,RB,2025,16,REG,2025_16_TB_CAR,CAR,TB,0,0,0,0,0,0,0,9,29,0
00-0036223,Jonathan Taylor,RB,2025,16,REG,2025_16_SF_IND,IND,SF,0,0,0,0,0,0,0,16,46,1
00-0036264,Jordan Love,QB,2025,16,REG,2025_16_GB_CHI,GB,CHI,8,13,77,0,0,0,0,2,7,0
00-0036275,D'Andre Swift,RB,2025,16,REG,2025_16_GB_CHI,CHI,GB,0,0,0,0,0,0,0,13,58,0
00-0036355,Justin Herbert,QB,2025,16,REG,2025_16_LAC_DAL,LAC,DAL,23,29,300,2,0,0,0,8,42,1
00-0036389,Jalen Hurts,QB,2025,16,REG,2025_16_PHI_WAS,PHI,WAS,22,30,185,2,0,2,-7,7,40,0
00-0036442,Joe Burrow,QB,2025,16,REG,2025_16_CIN_MIA,CIN,MIA,25,32,309,4,0,2,-11,2,6,0
00-0036555,Chuba Hubbard,RB,2025,16,REG,2025_16_TB_CAR,CAR,TB,0,0,0,0,0,0,0,6,27,0
00-0036875,Rhamondre Stevenson,RB,2025,16,REG,2025_16_NE_BAL,NE,BAL,0,0,0,0,0,0,0,8,51,1
00-0036919,Kenny Gainwell,RB,2025,16,REG,2025_16_PIT_DET,PIT,DET,0,0,0,0,0,0,0,9,50,0
00-0036924,Michael Carter,RB,2025,16,REG,2025_16_ATL_ARI,ARI,ATL,0,0,0,0,0,0,0,11,65,0
00-0036971,Trevor Lawrence,QB,2025,16,REG,2025_16_JAX_DEN,JAX,DEN,23,36,279,3,0,5,-14,6,20,1
00-0036972,Mac Jones,QB,2025,16,REG,2025_16_SF_IND,SF,IND,0,0,0,0,0,0,0,3,-3,0
00-0036973,Travis Etienne,RB,2025,16,REG,2025_16_JAX_DEN,JAX,DEN,0,0,0,0,0,0,0,16,50,0
00-0036997,Javonte Williams,RB,2025,16,REG,2025_16_LAC_DAL,DAL,LAC,0,0,0,0,0,0,0,9,34,0
00-0037120,Tyler Goodson,RB,2025,16,REG,2025_16_SF_IND,IND,SF,0,0,0,0,0,0,0,3,9,0
00-0037197,Isiah Pacheco,RB,2025,16,REG,2025_16_KC_TEN,KC,TEN,0,0,0,0,0,0,0,8,34,0
00-0037228,Jaylen Warren,RB,2025,16,REG,2025_16_PIT_DET,PIT,DET,0,0,0,0,0,0,0,14,143,2
00-0037248,James Cook,RB,2025,16,REG,2025_16_BUF_CLE,BUF,CLE,0,0,0,0,0,0,0,16,117,2
00-0037256,Rachaad White,RB,2025,16,REG,2025_16_TB_CAR,TB,CAR,0,0,0,0,0,0,0,5,45,0
00-0037263,Tyler Allgeier,RB,2025,16,REG,2025_16_ATL_ARI,ATL,ARI,0,0,0,0,0,0,0,16,79,0
00-0037324,Chris Oladokun,QB,2025,16,REG,2025_16_KC_TEN,KC,TEN,11,16,111,0,0,4,-44,2,7,0
00-0037525,Jordan Mason,RB,2025,16,REG,2025_16_MIN_NYG,MIN,NYG,0,0,0,0,0,0,0,2,5,0
00-0037545,Rashid Shaheed,WR,2025,16,REG,2025_16_LA_SEA,SEA,LA,0,0,0,0,0,0,0,1,31,0
00-0037563,Malik Davis,RB,2025,16,REG,2025_16_LAC_DAL,DAL,LAC,0,0,0,0,0,0,0,8,23,0
00-0037594,Julius Chestnut,RB,2025,16,REG,2025_16_KC_TEN,TEN,KC,0,0,0,0,0,0,0,1,1,0
00-0037617,Hassan Haskins,RB,2025,16,REG,2025_16_LAC_DAL,LAC,DAL,0,0,0,0,0,0,0,4,14,0
00-0037746,Brian Robinson,RB,2025,16,REG,2025_16_SF_IND,SF,IND,0,0,0,0,0,0,0,5,20,0
00-0037801,KaVontae Turpin,WR,2025,16,REG,2025_16_LAC_DAL,DAL,LAC,0,0,0,0,0,0,0,2,13,0
00-0037834,Brock Purdy,QB,2025,16,REG,2025_16_SF_IND,SF,IND,25,34,295,5,1,1,0,2,11,0
00-0037840,Kyren Williams,RB,2025,16,REG,2025_16_LA_SEA,LA,SEA,0,0,0,0,0,0,0,23,70,0
00-0038117,Wan'Dale Robinson,WR,2025,16,REG,2025_16_MIN_NYG,NYG,MIN,0,0,0,0,0,0,0,1,3,0
00-0038120,Breece Hall,RB,2025,16,REG,2025_16_NYJ_NO,NYJ,NO,0,0,0,0,0,0,0,16,54,0
00-0038128,Malik Willis,QB,2025,16,REG,2025_16_GB_CHI,GB,CHI,9,11,121,1,0,2,-6,10,44,0
00-0038134,Kenneth Walker III,RB,2025,16,REG,2025_16_LA_SEA,SEA,LA,0,0,0,0,0,0,0,11,100,1
00-0038397,Evan Hull,RB,2025,16,REG,2025_16_NYJ_NO,NO,NYJ,0,0,0,0,0,0,0,5,3,0
00-0038400,Tanner McKee,QB,2025,16,REG,2025_16_PHI_WAS,PHI,WAS,0,0,0,0,0,0,0,2,-2,0
00-0038440,Zavier Scott,RB,2025,16,REG,2025_16_MIN_NYG,MIN,NYG,0,0,0,0,0,0,0,2,4,0
00-0038454,Keaton Mitchell,RB,2025,16,REG,2025_16_NE_BAL,BAL,NE,0,0,0,0,0,0,0,9,13,0
00-0038542,Bijan Robinson,RB,2025,16,REG,2025_16_ATL_ARI,ATL,ARI,0,0,0,0,0,0,0,16,76,0
00-0038555,Tank Bigsby,RB,2025,16,REG,2025_16_PHI_WAS,PHI,WAS,0,0,0,0,0,0,0,4,37,1
00-0038563,Tre Tucker,WR,2025,16,REG,2025_16_LV_HOU,LV,HOU,0,0,0,0,0,0,0,2,11,0
00-0038597,Chase Brown,RB,2025,16,REG,2025_16_CIN_MIA,CIN,MIA,0,0,0,0,0,0,0,12,66,1
00-0038611,Chris Rodriguez Jr.,RB,2025,16,REG,2025_16_PHI_WAS,WAS,PHI,0,0,0,0,0,0,0,15,63,1
00-0038685,Chris Brooks,RB,2025,16,REG,2025_16_GB_CHI,GB,CHI,0,0,0,0,0,0,0,1,4,0
00-0038705,Emari Demercado,RB,2025,16,REG,2025_16_ATL_ARI,ARI,ATL,0,0,0,0,0,0,0,5,30,0
00-0038738,Hunter Luepke,RB,2025,16,REG,2025_16_LAC_DAL,DAL,LAC,0,0,0,0,0,0,0,1,0,0
00-0038794,Jaleel McLaughlin,RB,2025,16,REG,2025_16_JAX_DEN,DEN,JAX,0,0,0,0,0,0,0,5,37,0
00-0038797,Emanuel Wilson,RB,2025,16,REG,2025_16_GB_CHI,GB,CHI,0,0,0,0,0,0,0,14,82,0
00-0038951,Sean Tucker,RB,2025,16,REG,2025_16_TB_CAR,TB,CAR,0,0,0,0,0,0,0,4,3,1
00-0038976,Marvin Mims Jr.,WR,2025,16,REG,2025_16_JAX_DEN,DEN,JAX,0,0,0,0,0,0,0,1,3,0
00-0038997,Josh Downs,WR,2025,16,REG,2025_16_SF_IND,IND,SF,0,0,0,0,0,0,0,1,3,0
00-0039032,Tyjae Spears,RB,2025,16,REG,2025_16_KC_TEN,TEN,KC,0,0,0,0,0,0,0,13,52,1
00-0039040,De'Von Achane,RB,2025,16,REG,2025_16_CIN_MIA,MIA,CIN,0,0,0,0,0,0,0,15,81,1
00-0039054,Marte Mapu,LB,2025,16,REG,2025_16_NE_BAL,NE,BAL,0,0,0,0,0,1,0,0,0,0
00-0039064,Zay Flowers,WR,2025,16,REG,2025_16_NE_BAL,BAL,NE,0,0,0,0,0,0,0,1,18,1
00-0039139,Jahmyr Gibbs,RB,2025,16,REG,2025_16_PIT_DET,DET,PIT,0,0,0,0,0,0,0,7,2,0
00-0039146,Jayden Reed,WR,2025,16,REG,2025_16_GB_CHI,GB,CHI,0,0,0,0,0,0,0,1,6,0
00-0039150,Bryce Young,QB,2025,16,REG,2025_16_TB_CAR,CAR,TB,21,32,191,2,0,2,-17,4,20,0
00-0039163,C.J. Stroud,QB,2025,16,REG,2025_16_LV_HOU,HOU,LV,23,35,187,1,0,0,0,4,0,0
00-0039165,Zach Charbonnet,RB,2025,16,REG,2025_16_LA_SEA,SEA,LA,0,0,0,0,0,0,0,9,32,1
00-0039361,Bucky Irving,RB,2025,16,REG,2025_16_TB_CAR,TB,CAR,0,0,0,0,0,0,0,19,71,0
00-0039373,Audric Estimé,RB,2025,16,REG,2025_16_NYJ_NO,NO,NYJ,0,0,0,0,0,0,0,5,19,0
00-0039384,Tyrone Tracy Jr.,RB,2025,16,REG,2025_16_MIN_NYG,NYG,MIN,0,0,0,0,0,0,0,16,71,0
00-0039391,Kimani Vidal,RB,2025,16,REG,2025_16_LAC_DAL,LAC,DAL,0,0,0,0,0,0,0,5,11,0
00-0039398,Joe Milton III,QB,2025,16,REG,2025_16_LAC_DAL,DAL,LAC,2,2,11,0,0,0,0,1,7,0
00-0039405,Jawhar Jordan,RB,2025,16,REG,2025_16_LV_HOU,HOU,LV,0,0,0,0,0,0,0,15,53,0
00-0039623,Mason Tipton,WR,2025,16,REG,2025_16_NYJ_NO,NO,NYJ,0,0,0,0,0,0,0,1,12,0
00-0039732,Bo Nix,QB,2025,16,REG,2025_16_JAX_DEN,DEN,JAX,28,47,352,1,1,1,-8,4,11,0
00-0039738,Blake Corum,RB,2025,16,REG,2025_16_LA_SEA,LA,SEA,0,0,0,0,0,0,0,14,48,1
00-0039793,AJ Barner,TE,2025,16,REG,2025_16_LA_SEA,SEA,LA,0,0,0,0,0,0,0,1,1,0
00-0039798,Isaiah Davis,RB,2025,16,REG,2025_16_NYJ_NO,NYJ,NO,0,0,0,0,0,0,0,3,8,0
00-0039851,Drake Maye,QB,2025,16,REG,2025_16_NE_BAL,NE,BAL,31,44,380,2,1,3,-6,10,25,0
00-0039855,Jalen McMillan,WR,2025,16,REG,2025_16_TB_CAR,TB,CAR,0,0,0,0,0,0,0,1,1,0
00-0039874,Jaylen Wright,RB,2025,16,REG,2025_16_CIN_MIA,MIA,CIN,0,0,0,0,0,0,0,9,35,1
00-0039875,Ray Davis,RB,2025,16,REG,2025_16_BUF_CLE,BUF,CLE,0,0,0,0,0,0,0,3,14,0
00-0039880,Malik Washington,WR,2025,16,REG,2025_16_CIN_MIA,MIA,CIN,0,0,0,0,0,0,0,1,9,1
00-0039894,Xavier Worthy,WR,2025,16,REG,2025_16_KC_TEN,KC,TEN,0,0,0,0,0,0,0,1,0,0
00-0039918,Caleb Williams,QB,2025,16,REG,2025_16_GB_CHI,CHI,GB,19,34,250,2,0,0,0,3,30,0
00-0039920,Malachi Corley,WR,2025,16,REG,2025_16_BUF_CLE,CLE,BUF,0,0,0,0,0,0,0,3,30,0
00-0039923,J.J. McCarthy,QB,2025,16,REG,2025_16_MIN_NYG,MIN,NYG,9,14,108,0,1,3,-25,2,20,1
00-0040009,Savion Williams,WR,2025,16,REG,2025_16_GB_CHI,GB,CHI,0,0,0,0,0,0,0,2,9,0
00-0040122,Ashton Jeanty,RB,2025,16,REG,2025_16_LV_HOU,LV,HOU,0,0,0,0,0,0,0,24,128,1
00-0040198,Ollie Gordon II,RB,2025,16,REG,2025_16_CIN_MIA,MIA,CIN,0,0,0,0,0,0,0,1,-1,0
00-0040205,Kalel Mullings,RB,2025,16,REG,2025_16_KC_TEN,TEN,KC,0,0,0,0,0,0,0,1,0,0
00-0040206,Riley Leonard,QB,2025,16,REG,2025_16_SF_IND,IND,SF,0,1,0,0,0,0,0,0,0,0
00-0040208,Tahj Brooks,RB,2025,16,REG,2025_16_CIN_MIA,CIN,MIA,0,0,0,0,0,0,0,4,7,0
00-0040218,Jimmy Horn Jr.,WR,2025,16,REG,2025_16_TB_CAR,CAR,TB,0,0,0,0,0,0,0,1,25,0
00-0040234,Quinn Ewers,QB,2025,16,REG,2025_16_CIN_MIA,MIA,CIN,20,30,260,0,2,0,0,2,5,0
00-0040236,Kyle Monangai,RB,2025,16,REG,2025_16_GB_CHI,CHI,GB,0,0,0,0,0,0,0,9,50,0
00-0040238,LeQuint Allen Jr.,RB,2025,16,REG,2025_16_JAX_DEN,JAX,DEN,0,0,0,0,0,0,0,4,10,0
00-0040242,Jacory Croskey-Merritt,RB,2025,16,REG,2025_16_PHI_WAS,WAS,PHI,0,0,0,0,0,0,0,8,25,1
00-0040398,Brady Cook,QB,2025,16,REG,2025_16_NYJ_NO,NYJ,NO,22,35,188,0,1,8,-57,1,2,0
00-0040466,Raheim Sanders,RB,2025,16,REG,2025_16_BUF_CLE,CLE,BUF,0,0,0,0,0,0,0,11,42,0
00-0040494,Max Brosmer,QB,2025,16,REG,2025_16_MIN_NYG,MIN,NYG,7,9,52,0,0,1,-9,3,-3,0
00-0040534,Ke'Shawn Williams,WR,2025,16,REG,2025_16_CIN_MIA,CIN,MIA,0,0,0,0,0,0,0,1,1,0
00-0040556,Corey Kiner,RB,2025,16,REG,2025_16_ATL_ARI,ARI,ATL,0,0,0,0,0,0,0,6,32,0
00-0040663,Harold Fannin Jr.,TE,2025,16,REG,2025_16_BUF_CLE,CLE,BUF,0,0,0,0,0,0,0,1,1,1
00-0040666,Omarion Hampton,RB,2025,16,REG,2025_16_LAC_DAL,LAC,DAL,0,0,0,0,0,0,0,16,85,1
00-0040667,Matthew Golden,WR,2025,16,REG,2025_16_GB_CHI,GB,CHI,0,0,0,0,0,0,0,2,4,0
00-0040668,Shedeur Sanders,QB,2025,16,REG,2025_16_BUF_CLE,CLE,BUF,20,29,157,1,2,2,-21,4,49,0
00-0040676,Cam Ward,QB,2025,16,REG,2025_16_KC_TEN,TEN,KC,21,28,228,2,0,2,-16,4,9,0
00-0040691,Jaxson Dart,QB,2025,16,REG,2025_16_MIN_NYG,NYG,MIN,7,13,33,0,1,5,-20,2,7,0
00-0040704,Dillon Gabriel,QB,2025,16,REG,2025_16_BUF_CLE,CLE,BUF,0,0,0,0,0,1,-2,0,0,0
00-0040730,RJ Harvey,RB,2025,16,REG,2025_16_JAX_DEN,DEN,JAX,0,0,0,0,0,0,0,7,50,1
00-0040734,TreVeyon Henderson,RB,2025,16,REG,2025_16_NE_BAL,NE,BAL,0,0,0,0,0,0,0,5,3,0
00-0040743,Tyler Shough,QB,2025,16,REG,2025_16_NYJ_NO,NO,NYJ,32,49,308,1,0,3,-18,2,8,0
00-0040782,Isaiah Bond,WR,2025,16,REG,2025_16_BUF_CLE,CLE,BUF,0,0,0,0,0,0,0,1,-1,0
00-0040784,Quinshon Judkins,RB,2025,16,REG,2025_16_BUF_CLE,CLE,BUF,0,0,0,0,0,0,0,8,22,0
00-0022942,Philip Rivers,QB,2025,17,REG,2025_17_JAX_IND,IND,JAX,17,30,147,1,1,2,-12,1,-1,0
00-0023459,Aaron Rodgers,QB,2025,17,REG,2025_17_PIT_CLE,PIT,CLE,21,39,168,0,0,2,-8,1,6,0
00-0026158,Joe Flacco,QB,2025,17,REG,2025_17_ARI_CIN,CIN,ARI,3,5,24,0,0,0,0,4,2,0
00-0026300,Josh Johnson,QB,2025,17,REG,2025_17_DAL_WAS,WAS,DAL,15,23,198,0,0,1,-8,2,10,0
00-0026498,Matthew Stafford,QB,2025,17,REG,2025_17_LA_ATL,LA,ATL,22,38,269,2,3,3,-21,0,0,0
00-0029604,Kirk Cousins,QB,2025,17,REG,2025_17_LA_ATL,ATL,LA,13,20,126,1,0,0,0,1,1,0
00-0030565,Geno Smith,QB,2025,17,REG,2025_17_NYG_LV,LV,NYG,20,28,176,1,2,3,-24,1,1,0
00-0032764,Derrick Henry,RB,2025,17,REG,2025_17_BAL_GB,BAL,GB,0,0,0,0,0,0,0,36,216,4
00-0033077,Dak Prescott,QB,2025,17,REG,2025_17_DAL_WAS,DAL,WAS,19,37,307,2,0,6,-38,4,24,0
00-0033106,Jared Goff,QB,2025,17,REG,2025_17_DET_MIN,DET,MIN,18,29,197,1,2,5,-34,3,2,0
00-0033119,Jacoby Brissett,QB,2025,17,REG,2025_17_ARI_CIN,ARI,CIN,21,37,212,2,0,4,-21,0,0,0
00-0033280,Christian McCaffrey,RB,2025,17,REG,2025_17_CHI_SF,SF,CHI,0,0,0,0,0,0,0,23,140,1
00-0033293,Aaron Jones,RB,2025,17,REG,2025_17_DET_MIN,MIN,DET,0,0,0,0,0,0,0,18,53,1
00-0033357,Taysom Hill,TE,2025,17,REG,2025_17_NO_TEN,NO,TEN,0,0,0,0,0,0,0,3,0,0
00-0033526,Samaje Perine,RB,2025,17,REG,2025_17_ARI_CIN,CIN,ARI,0,0,0,0,0,0,0,3,5,1
00-0033858,Jonnu Smith,TE,2025,17,REG,2025_17_PIT_CLE,PIT,CLE,0,0,0,0,0,0,0,2,9,0
00-0033923,Kareem Hunt,RB,2025,17,REG,2025_17_DEN_KC,KC,DEN,0,0,0,0,0,0,0,7,38,0
00-0033949,Joshua Dobbs,QB,2025,17,REG,2025_17_NE_NYJ,NE,NYJ,3,4,30,0,0,0,0,2,-1,0
00-0033955,Jeremy McNichols,RB,2025,17,REG,2025_17_DAL_WAS,WAS,DAL,0,0,0,0,0,0,0,1,-2,0
00-0034791,Nick Chubb,RB,2025,17,REG,2025_17_HOU_LAC,HOU,LAC,0,0,0,0,0,0,0,1,1,0
00-0034844,Saquon Barkley,RB,2025,17,REG,2025_17_PHI_BUF,PHI,BUF,0,0,0,0,0,0,0,19,68,0
00-0034855,Baker Mayfield,QB,2025,17,REG,2025_17_TB_MIA,TB,MIA,33,44,346,2,2,3,-19,3,16,0
00-0034857,Josh Allen,QB,2025,17,REG,2025_17_PHI_BUF,BUF,PHI,23,35,262,0,0,5,-51,7,27,2
00-0034869,Sam Darnold,QB,2025,17,REG,2025_17_SEA_CAR,SEA,CAR,18,27,147,1,1,3,-22,3,2,0
00-0035250,Devin Singletary,RB,2025,17,REG,2025_17_NYG_LV,NYG,LV,0,0,0,0,0,0,0,8,45,1
00-0035261,Tony Pollard,RB,2025,17,REG,2025_17_NO_TEN,TEN,NO,0,0,0,0,0,0,0,18,85,0
00-0035291,Trayveon Williams,RB,2025,17,REG,2025_17_PIT_CLE,CLE,PIT,0,0,0,0,0,0,0,2,10,0
00-0035537,Ty Johnson,RB,2025,17,REG,2025_17_PHI_BUF,BUF,PHI,0,0,0,0,0,0,0,5,15,0
00-0035628,D'Ernest Johnson,RB,2025,17,REG,2025_17_NE_NYJ,NE,NYJ,0,0,0,0,0,0,0,4,5,0
00-0035685,David Montgomery,RB,2025,17,REG,2025_17_DET_MIN,DET,MIN,0,0,0,0,0,0,0,10,25,0
00-0035700,Josh Jacobs,RB,2025,17,REG,2025_17_BAL_GB,GB,BAL,0,0,0,0,0,0,0,4,3,0
00-0035719,Deebo Samuel Sr.,WR,2025,17,REG,2025_17_DAL_WAS,WAS,DAL,0,0,0,0,0,0,0,2,25,0
00-0035993,Tyler Huntley,QB,2025,17,REG,2025_17_BAL_GB,BAL,GB,16,20,107,1,0,1,0,8,60,0
00-0036139,Rico Dowdle,RB,2025,17,REG,2025_17_SEA_CAR,CAR,SEA,0,0,0,0,0,0,0,12,59,0
00-0036223,Jonathan Taylor,RB,2025,17,REG,2025_17_JAX_IND,IND,JAX,0,0,0,0,0,0,0,21,70,1
00-0036275,D'Andre Swift,RB,2025,17,REG,2025_17_CHI_SF,CHI,SF,0,0,0,0,0,0,0,9,54,2
00-0036355,Justin Herbert,QB,2025,17,REG,2025_17_HOU_LAC,LAC,HOU,21,32,236,1,1,5,-35,6,37,0
00-0036389,Jalen Hurts,QB,2025,17,REG,2025_17_PHI_BUF,PHI,BUF,13,27,110,1,0,1,-2,3,5,0
00-0036425,DeeJay Dallas,RB,2025,17,REG,2025_17_JAX_IND,JAX,IND,0,0,0,0,0,0,0,2,21,0
00-0036442,Joe Burrow,QB,2025,17,REG,2025_17_ARI_CIN,CIN,ARI,24,31,305,2,0,3,-20,3,2,0
00-0036555,Chuba Hubbard,RB,2025,17,REG,2025_17_SEA_CAR,CAR,SEA,0,0,0,0,0,0,0,4,12,0
00-0036613,Jaylen Waddle,WR,2025,17,REG,2025_17_TB_MIA,MIA,TB,0,0,0,0,0,0,0,1,7,0
00-0036727,Adam Prentice,FB,2025,17,REG,2025_17_DEN_KC,DEN,KC,0,0,0,0,0,0,0,2,3,0
00-0036755,Jaret Patterson,RB,2025,17,REG,2025_17_HOU_LAC,LAC,HOU,0,0,0,0,0,0,0,1,1,0
00-0036842,Kene Nwangwu,RB,2025,17,REG,2025_17_NE_NYJ,NYJ,NE,0,0,0,0,0,0,0,6,31,0
00-0036875,Rhamondre Stevenson,RB,2025,17,REG,2025_17_NE_NYJ,NE,NYJ,0,0,0,0,0,0,0,8,47,1
00-0036906,Khalil Herbert,RB,2025,17,REG,2025_17_NE_NYJ,NYJ,NE,0,0,0,0,0,0,0,2,5,0
00-0036919,Kenny Gainwell,RB,2025,17,REG,2025_17_PIT_CLE,PIT,CLE,0,0,0,0,0,0,0,7,26,0
00-0036924,Michael Carter,RB,2025,17,REG,2025_17_ARI_CIN,ARI,CIN,0,0,0,0,0,0,0,7,29,0
00-0036971,Trevor Lawrence,QB,2025,17,REG,2025_17_JAX_IND,JAX,IND,23,37,263,0,1,2,-14,8,26,2
00-0036973,Travis Etienne,RB,2025,17,REG,2025_17_JAX_IND,JAX,IND,0,0,0,0,0,0,0,17,76,0
00-0036997,Javonte Williams,RB,2025,17,REG,2025_17_DAL_WAS,DAL,WAS,0,0,0,0,0,0,0,13,54,1
00-0037197,Isiah Pacheco,RB,2025,17,REG,2025_17_DEN_KC,KC,DEN,0,0,0,0,0,0,0,9,32,0
00-0037228,Jaylen Warren,RB,2025,17,REG,2025_17_PIT_CLE,PIT,CLE,0,0,0,0,0,0,0,12,64,0
00-0037248,James Cook,RB,2025,17,REG,2025_17_PHI_BUF,BUF,PHI,0,0,0,0,0,0,0,20,74,0
00-0037252,Greg Dulcich,TE,2025,17,REG,2025_17_TB_MIA,MIA,TB,0,0,0,0,0,0,0,1,-7,0
00-0037256,Rachaad White,RB,2025,17,REG,2025_17_TB_MIA,TB,MIA,0,0,0,0,0,0,0,2,10,0
00-0037263,Tyler Allgeier,RB,2025,17,REG,2025_17_LA_ATL,ATL,LA,0,0,0,0,0,0,0,10,23,0
00-0037276,Ty Chandler,RB,2025,17,REG,2025_17_DET_MIN,MIN,DET,0,0,0,0,0,0,0,7,24,0
00-0037304,Connor Heyward,FB,2025,17,REG,2025_17_PIT_CLE,PIT,CLE,0,0,0,0,0,0,0,2,26,0
00-0037324,Chris Oladokun,QB,2025,17,REG,2025_17_DEN_KC,KC,DEN,13,22,66,1,0,1,-9,2,11,0
00-0037557,Ronnie Rivers,RB,2025,17,REG,2025_17_LA_ATL,LA,ATL,0,0,0,0,0,0,0,1,5,0
00-0037563,Malik Davis,RB,2025,17,REG,2025_17_DAL_WAS,DAL,WAS,0,0,0,0,0,0,0,20,103,0
00-0037742,Treylon Burks,WR,2025,17,REG,2025_17_DAL_WAS,WAS,DAL,0,0,0,0,0,1,0,0,0,0
00-0037746,Brian Robinson,RB,2025,17,REG,2025_17_CHI_SF,SF,CHI,0,0,0,0,0,0,0,4,22,0
00-0037834,Brock Purdy,QB,2025,17,REG,2025_17_CHI_SF,SF,CHI,24,33,303,3,1,1,-7,6,28,2
00-0037840,Kyren Williams,RB,2025,17,REG,2025_17_LA_ATL,LA,ATL,0,0,0,0,0,0,0,13,92,0
00-0038040,Zamir White,RB,2025,17,REG,2025_17_NYG_LV,LV,NYG,0,0,0,0,0,0,0,1,2,0
00-0038090,Skyy Moore,WR,2025,17,REG,2025_17_CHI_SF,SF,CHI,0,0,0,0,0,0,0,1,10,0
00-0038102,Kenny Pickett,QB,2025,17,REG,2025_17_NYG_LV,LV,NYG,2,2,16,0,0,1,0,0,0,0
00-0038120,Breece Hall,RB,2025,17,REG,2025_17_NE_NYJ,NYJ,NE,0,0,0,0,0,0,0,14,111,1
00-0038128,Malik Willis,QB,2025,17,REG,2025_17_BAL_GB,GB,BAL,18,21,288,1,0,1,-9,9,60,2
00-0038134,Kenneth Walker III,RB,2025,17,REG,2025_17_SEA_CAR,SEA,CAR,0,0,0,0,0,0,0,15,51,0
00-0038397,Evan Hull,RB,2025,17,REG,2025_17_NO_TEN,NO,TEN,0,0,0,0,0,0,0,2,3,0
00-0038454,Keaton Mitchell,RB,2025,17,REG,2025_17_BAL_GB,BAL,GB,0,0,0,0,0,0,0,9,31,0
00-0038542,Bijan Robinson,RB,2025,17,REG,2025_17_LA_ATL,ATL,LA,0,0,0,0,0,0,0,22,195,1
00-0038555,Tank Bigsby,RB,2025,17,REG,2025_17_PHI_BUF,PHI,BUF,0,0,0,0,0,0,0,2,7,0
00-0038563,Tre Tucker,WR,2025,17,REG,2025_17_NYG_LV,LV,NYG,0,0,0,0,0,0,0,2,0,0
00-0038582,Clayton Tune,QB,2025,17,REG,2025_17_BAL_GB,GB,BAL,1,4,8,0,1,1,-3,1,0,0
00-0038597,Chase Brown,RB,2025,17,REG,2025_17_ARI_CIN,CIN,ARI,0,0,0,0,0,0,0,22,101,2
00-0038606,Parker Washington,WR,2025,17,REG,2025_17_JAX_IND,JAX,IND,0,0,0,0,0,0,0,1,-5,0
00-0038618,Xavier Hutchinson,WR,2025,17,REG,2025_17_HOU_LAC,HOU,LAC,0,0,0,0,0,0,0,1,8,0
00-0038705,Emari Demercado,RB,2025,17,REG,2025_17_ARI_CIN,ARI,CIN,0,0,0,0,0,0,0,5,11,0
00-0038738,Hunter Luepke,RB,2025,17,REG,2025_17_DAL_WAS,DAL,WAS,0,0,0,0,0,0,0,7,30,0
00-0038794,Jaleel McLaughlin,RB,2025,17,REG,2025_17_DEN_KC,DEN,KC,0,0,0,0,0,0,0,7,40,0
00-0038797,Emanuel Wilson,RB,2025,17,REG,2025_17_BAL_GB,GB,BAL,0,0,0,0,0,0,0,3,16,0
00-0038951,Sean Tucker,RB,2025,17,REG,2025_17_TB_MIA,TB,MIA,0,0,0,0,0,0,0,2,8,0
00-0038994,Jordan Addison,WR,2025,17,REG,2025_17_DET_MIN,MIN,DET,0,0,0,0,0,0,0,1,65,1
00-0039032,Tyjae Spears,RB,2025,17,REG,2025_17_NO_TEN,TEN,NO,0,0,0,0,0,0,0,6,2,0
00-0039040,De'Von Achane,RB,2025,17,REG,2025_17_TB_MIA,MIA,TB,0,0,0,0,0,0,0,18,83,0
00-0039139,Jahmyr Gibbs,RB,2025,17,REG,2025_17_DET_MIN,DET,MIN,0,0,0,0,0,0,0,17,41,0
00-0039150,Bryce Young,QB,2025,17,REG,2025_17_SEA_CAR,CAR,SEA,14,24,54,0,1,2,-14,9,27,1
00-0039163,C.J. Stroud,QB,2025,17,REG,2025_17_HOU_LAC,HOU,LAC,16,28,244,2,2,0,0,4,0,0
00-0039165,Zach Charbonnet,RB,2025,17,REG,2025_17_SEA_CAR,SEA,CAR,0,0,0,0,0,0,0,18,110,2
00-0039361,Bucky Irving,RB,2025,17,REG,2025_17_TB_MIA,TB,MIA,0,0,0,0,0,0,0,9,19,0
00-0039373,Audric Estimé,RB,2025,17,REG,2025_17_NO_TEN,NO,TEN,0,0,0,0,0,0,0,14,94,1
00-0039384,Tyrone Tracy Jr.,RB,2025,17,REG,2025_17_NYG_LV,NYG,LV,0,0,0,0,0,0,0,14,62,0
00-0039405,Jawhar Jordan,RB,2025,17,REG,2025_17_HOU_LAC,HOU,LAC,0,0,0,0,0,0,0,8,36,0
00-0039451,Isaiah Williams,WR,2025,17,REG,2025_17_NE_NYJ,NYJ,NE,0,0,0,0,0,0,0,1,5,0
00-0039634,Austin McNamara,P,2025,17,REG,2025_17_NE_NYJ,NYJ,NE,1,1,3,0,0,0,0,0,0,0
00-0039732,Bo Nix,QB,2025,17,REG,2025_17_DEN_KC,DEN,KC,26,38,182,1,1,1,-7,9,42,1
00-0039738,Blake Corum,RB,2025,17,REG,2025_17_LA_ATL,LA,ATL,0,0,0,0,0,0,0,6,18,0
00-0039746,Will Shipley,RB,2025,17,REG,2025_17_PHI_BUF,PHI,BUF,0,0,0,0,0,0,0,2,2,0
00-0039798,Isaiah Davis,RB,2025,17,REG,2025_17_NE_NYJ,NYJ,NE,0,0,0,0,0,0,0,3,11,0
00-0039851,Drake Maye,QB,2025,17,REG,2025_17_NE_NYJ,NE,NYJ,19,21,256,5,0,1,-1,3,22,0
00-0039874,Jaylen Wright,RB,2025,17,REG,2025_17_TB_MIA,MIA,TB,0,0,0,0,0,0,0,5,56,0
00-0039875,Ray Davis,RB,2025,17,REG,2025_17_PHI_BUF,BUF,PHI,0,0,0,0,0,0,0,1,4,0
00-0039880,Malik Washington,WR,2025,17,REG,2025_17_TB_MIA,MIA,TB,0,0,0,0,0,0,0,1,1,0
00-0039894,Xavier Worthy,WR,2025,17,REG,2025_17_DEN_KC,KC,DEN,0,0,0,0,0,0,0,1,1,0
00-0039918,Caleb Williams,QB,2025,17,REG,2025_17_CHI_SF,CHI,SF,25,42,330,2,0,0,0,5,18,0
00-0040122,Ashton Jeanty,RB,2025,17,REG,2025_17_NYG_LV,LV,NYG,0,0,0,0,0,0,0,16,60,0
00-0040138,Jaylin Noel,WR,2025,17,REG,2025_17_HOU_LAC,HOU,LAC,0,0,0,0,0,0,0,1,2,0
00-0040162,Dylan Sampson,RB,2025,17,REG,2025_17_PIT_CLE,CLE,PIT,0,0,0,0,0,0,0,11,27,0
00-0040187,Mitchell Evans,TE,2025,17,REG,2025_17_SEA_CAR,CAR,SEA,0,0,0,0,0,0,0,1,1,0
00-0040205,Kalel Mullings,RB,2025,17,REG,2025_17_NO_TEN,TEN,NO,0,0,0,0,0,0,0,1,4,0
00-0040206,Riley Leonard,QB,2025,17,REG,2025_17_JAX_IND,IND,JAX,0,1,0,0,1,0,0,0,0,0
00-0040208,Tahj Brooks,RB,2025,17,REG,2025_17_ARI_CIN,CIN,ARI,0,0,0,0,0,0,0,3,10,0
00-0040234,Quinn Ewers,QB,2025,17,REG,2025_17_TB_MIA,MIA,TB,14,22,172,2,0,2,-19,4,5,0
00-0040236,Kyle Monangai,RB,2025,17,REG,2025_17_CHI_SF,CHI,SF,0,0,0,0,0,0,0,8,38,0
00-0040238,LeQuint Allen Jr.,RB,2025,17,REG,2025_17_JAX_IND,JAX,IND,0,0,0,0,0,0,0,1,3,0
00-0040242,Jacory Croskey-Merritt,RB,2025,17,REG,2025_17_DAL_WAS,WAS,DAL,0,0,0,0,0,0,0,11,105,2
00-0040398,Brady Cook,QB,2025,17,REG,2025_17_NE_NYJ,NYJ,NE,19,33,152,0,1,1,-12,2,1,0
00-0040466,Raheim Sanders,RB,2025,17,REG,2025_17_PIT_CLE,CLE,PIT,0,0,0,0,0,0,0,8,21,0
00-0040494,Max Brosmer,QB,2025,17,REG,2025_17_DET_MIN,MIN,DET,9,16,51,0,0,7,-48,2,16,0
00-0040556,Corey Kiner,RB,2025,17,REG,2025_17_ARI_CIN,ARI,CIN,0,0,0,0,0,0,0,1,2,0
00-0040583,Woody Marks,RB,2025,17,REG,2025_17_HOU_LAC,HOU,LAC,0,0,0,0,0,0,0,19,71,0
00-0040666,Omarion Hampton,RB,2025,17,REG,2025_17_HOU_LAC,LAC,HOU,0,0,0,0,0,0,0,14,29,1
00-0040668,Shedeur Sanders,QB,2025,17,REG,2025_17_PIT_CLE,CLE,PIT,17,23,186,1,2,2,-2,4,20,0
00-0040676,Cam Ward,QB,2025,17,REG,2025_17_NO_TEN,TEN,NO,21,40,251,2,0,4,-23,2,10,0
00-0040691,Jaxson Dart,QB,2025,17,REG,2025_17_NYG_LV,NYG,LV,22,30,207,0,0,2,-19,9,48,2
00-0040705,Chimere Dike,WR,2025,17,REG,2025_17_NO_TEN,TEN,NO,0,0,0,0,0,0,0,1,7,0
00-0040727,Tre Harris,WR,2025,17,REG,2025_17_HOU_LAC,LAC,HOU,0,0,0,0,0,0,0,1,7,0
00-0040730,RJ Harvey,RB,2025,17,REG,2025_17_DEN_KC,DEN,KC,0,0,0,0,0,0,0,14,43,0
00-0040734,TreVeyon Henderson,RB,2025,17,REG,2025_17_NE_NYJ,NE,NYJ,0,0,0,0,0,0,0,19,82,0
00-0040743,Tyler Shough,QB,2025,17,REG,2025_17_NO_TEN,NO,TEN,22,27,333,2,0,2,-13,4,6,0
00-0023459,Aaron Rodgers,QB,2025,18,REG,2025_18_BAL_PIT,PIT,BAL,31,47,294,1,0,2,-4,1,20,0
00-0026158,Joe Flacco,QB,2025,18,REG,2025_18_CLE_CIN,CIN,CLE,0,0,0,0,0,0,0,1,2,0
00-0026300,Josh Johnson,QB,2025,18,REG,2025_18_WAS_PHI,WAS,PHI,14,22,131,1,1,0,0,9,45,1
00-0026498,Matthew Stafford,QB,2025,18,REG,2025_18_ARI_LA,LA,ARI,25,40,259,4,0,1,-7,1,3,0
00-0029604,Kirk Cousins,QB,2025,18,REG,2025_18_NO_ATL,ATL,NO,18,32,180,1,1,4,-21,3,0,0
00-0031345,Jimmy Garoppolo,QB,2025,18,REG,2025_18_ARI_LA,LA,ARI,0,0,0,0,0,0,0,3,-3,0
00-0032104,Ameer Abdullah,RB,2025,18,REG,2025_18_IND_HOU,IND,HOU,0,0,0,0,0,0,0,1,1,0
00-0032434,Brandon Allen,QB,2025,18,REG,2025_18_TEN_JAX,TEN,JAX,17,30,72,0,1,1,-7,0,0,0
00-0032764,Derrick Henry,RB,2025,18,REG,2025_18_BAL_PIT,BAL,PIT,0,0,0,0,0,0,0,20,126,0
00-0032918,C.J. Ham,FB,2025,18,REG,2025_18_GB_MIN,MIN,GB,0,0,0,0,0,0,0,1,1,1
00-0033077,Dak Prescott,QB,2025,18,REG,2025_18_DAL_NYG,DAL,NYG,7,11,70,0,0,0,0,2,-1,0
00-0033106,Jared Goff,QB,2025,18,REG,2025_18_DET_CHI,DET,CHI,27,42,331,1,1,2,-15,0,0,0
00-0033119,Jacoby Brissett,QB,2025,18,REG,2025_18_ARI_LA,ARI,LA,22,31,243,2,1,6,-33,3,19,0
00-0033269,Rigoberto Sanchez,P,2025,18,REG,2025_18_IND_HOU,IND,HOU,1,1,16,0,0,0,0,0,0,0
00-0033280,Christian McCaffrey,RB,2025,18,REG,2025_18_SEA_SF,SF,SEA,0,0,0,0,0,0,0,8,23,0
00-0033319,Nick Mullens,QB,2025,18,REG,2025_18_TEN_JAX,JAX,TEN,2,2,16,0,0,0,0,3,-2,0
00-0033400,Matt Haack,P,2025,18,REG,2025_18_ARI_LA,ARI,LA,1,1,28,0,0,0,0,0,0,0
00-0033526,Samaje Perine,RB,2025,18,REG,2025_18_CLE_CIN,CIN,CLE,0,0,0,0,0,0,0,8,42,0
00-0033854,Dare Ogunbowale,RB,2025,18,REG,2025_18_IND_HOU,HOU,IND,0,0,0,0,0,0,0,1,3,0
00-0033858,Jonnu Smith,TE,2025,18,REG,2025_18_BAL_PIT,PIT,BAL,0,0,0,0,0,0,0,1,2,0
00-0033869,Mitchell Trubisky,QB,2025,18,REG,2025_18_NYJ_BUF,BUF,NYJ,22,29,259,4,0,0,0,5,5,0
00-0033923,Kareem Hunt,RB,2025,18,REG,2025_18_KC_LV,KC,LV,0,0,0,0,0,0,0,5,14,0
00-0033949,Joshua Dobbs,QB,2025,18,REG,2025_18_MIA_NE,NE,MIA,3,4,23,0,0,0,0,3,0,0
00-0033955,Jeremy McNichols,RB,2025,18,REG,2025_18_WAS_PHI,WAS,PHI,0,0,0,0,0,0,0,1,3,0
00-0034796,Lamar Jackson,QB,2025,18,REG,2025_18_BAL_PIT,BAL,PIT,11,18,238,3,1,3,-16,4,9,0
00-0034855,Baker Mayfield,QB,2025,18,REG,2025_18_CAR_TB,TB,CAR,16,22,203,1,1,2,-5,4,31,0
00-0034869,Sam Darnold,QB,2025,18,REG,2025_18_SEA_SF,SEA,SF,20,26,198,0,0,2,-17,6,9,0
00-0035250,Devin Singletary,RB,2025,18,REG,2025_18_DAL_NYG,NYG,DAL,0,0,0,0,0,0,0,9,26,1
00-0035261,Tony Pollard,RB,2025,18,REG,2025_18_TEN_JAX,TEN,JAX,0,0,0,0,0,0,0,14,48,0
00-0035291,Trayveon Williams,RB,2025,18,REG,2025_18_CLE_CIN,CLE,CIN,0,0,0,0,0,0,0,1,7,0
00-0035537,Ty Johnson,RB,2025,18,REG,2025_18_NYJ_BUF,BUF,NYJ,0,0,0,0,0,0,0,13,36,1
00-0035628,D'Ernest Johnson,RB,2025,18,REG,2025_18_MIA_NE,NE,MIA,0,0,0,0,0,0,0,5,13,0
00-0035645,Gunner Olszewski,WR,2025,18,REG,2025_18_DAL_NYG,NYG,DAL,0,1,0,0,0,0,0,0,0,0
00-0035685,David Montgomery,RB,2025,18,REG,2025_18_DET_CHI,DET,CHI,0,0,0,0,0,1,-5,8,42,0
00-0035719,Deebo Samuel Sr.,WR,2025,18,REG,2025_18_WAS_PHI,WAS,PHI,0,0,0,0,0,0,0,2,1,0
00-0036139,Rico Dowdle,RB,2025,18,REG,2025_18_CAR_TB,CAR,TB,0,0,0,0,0,0,0,7,10,0
00-0036187,Reggie Gilliam,RB,2025,18,REG,2025_18_NYJ_BUF,BUF,NYJ,0,0,0,0,0,0,0,2,4,0
00-0036223,Jonathan Taylor,RB,2025,18,REG,2025_18_IND_HOU,IND,HOU,0,0,0,0,0,0,0,14,26,0
00-0036275,D'Andre Swift,RB,2025,18,REG,2025_18_DET_CHI,CHI,DET,0,0,0,0,0,0,0,10,40,0
00-0036322,Justin Jefferson,WR,2025,18,REG,2025_18_GB_MIN,MIN,GB,0,0,0,0,0,0,0,1,3,0
00-0036407,Jerry Jeudy,WR,2025,18,REG,2025_18_CLE_CIN,CLE,CIN,0,0,0,0,0,0,0,1,5,0
00-0036442,Joe Burrow,QB,2025,18,REG,2025_18_CLE_CIN,CIN,CLE,29,39,236,3,1,2,-14,2,17,0
00-0036555,Chuba Hubbard,RB,2025,18,REG,2025_18_CAR_TB,CAR,TB,0,0,0,0,0,0,0,5,10,0
00-0036679,Shane Buechele,QB,2025,18,REG,2025_18_KC_LV,KC,LV,7,14,88,0,0,5,-22,1,4,0
00-0036755,Jaret Patterson,RB,2025,18,REG,2025_18_LAC_DEN,LAC,DEN,0,0,0,0,0,0,0,8,29,0
00-0036842,Kene Nwangwu,RB,2025,18,REG,2025_18_NYJ_BUF,NYJ,BUF,0,0,0,0,0,0,0,7,18,0
00-0036875,Rhamondre Stevenson,RB,2025,18,REG,2025_18_MIA_NE,NE,MIA,0,0,0,0,0,0,0,7,131,2
00-0036898,Davis Mills,QB,2025,18,REG,2025_18_IND_HOU,HOU,IND,3,9,36,0,0,0,0,1,12,0
00-0036906,Khalil Herbert,RB,2025,18,REG,2025_18_NYJ_BUF,NYJ,BUF,0,0,0,0,0,0,0,12,42,0
00-0036919,Kenny Gainwell,RB,2025,18,REG,2025_18_BAL_PIT,PIT,BAL,0,0,0,0,0,0,0,5,10,1
00-0036924,Michael Carter,RB,2025,18,REG,2025_18_ARI_LA,ARI,LA,0,0,0,0,0,0,0,7,18,0
00-0036971,Trevor Lawrence,QB,2025,18,REG,2025_18_TEN_JAX,JAX,TEN,22,30,255,3,0,2,-16,2,11,0
00-0036973,Travis Etienne,RB,2025,18,REG,2025_18_TEN_JAX,JAX,TEN,0,0,0,0,0,0,0,14,32,0
00-0037012,Trey Lance,QB,2025,18,REG,2025_18_LAC_DEN,LAC,DEN,20,44,136,0,1,4,-32,9,69,0
00-0037013,Zach Wilson,QB,2025,18,REG,2025_18_MIA_NE,MIA,NE,0,2,0,0,0,0,0,0,0,0
00-0037085,Tyler Badie,RB,2025,18,REG,2025_18_LAC_DEN,DEN,LAC,0,0,0,0,0,0,0,2,-2,0
00-0037120,Tyler Goodson,RB,2025,18,REG,2025_18_IND_HOU,IND,HOU,0,0,0,0,0,0,0,1,3,0
00-0037228,Jaylen Warren,RB,2025,18,REG,2025_18_BAL_PIT,PIT,BAL,0,0,0,0,0,0,0,14,66,0
00-0037248,James Cook,RB,2025,18,REG,2025_18_NYJ_BUF,BUF,NYJ,0,0,0,0,0,0,0,2,15,0
00-0037256,Rachaad White,RB,2025,18,REG,2025_18_CAR_TB,TB,CAR,0,0,0,0,0,0,0,7,23,0
00-0037258,Dameon Pierce,RB,2025,18,REG,2025_18_KC_LV,KC,LV,0,0,0,0,0,0,0,4,10,0
00-0037263,Tyler Allgeier,RB,2025,18,REG,2025_18_NO_ATL,ATL,NO,0,0,0,0,0,0,0,7,16,0
00-0037276,Ty Chandler,RB,2025,18,REG,2025_18_GB_MIN,MIN,GB,0,0,0,0,0,0,0,10,23,0
00-0037304,Connor Heyward,FB,2025,18,REG,2025_18_BAL_PIT,PIT,BAL,0,0,0,0,0,0,0,3,2,1
00-0037324,Chris Oladokun,QB,2025,18,REG,2025_18_KC_LV,KC,LV,11,17,58,0,0,3,-40,1,0,0
00-0037512,Isaiah Pola-Mao,SAF,2025,18,REG,2025_18_KC_LV,LV,KC,0,0,0,0,0,0,0,1,3,0
00-0037525,Jordan Mason,RB,2025,18,REG,2025_18_GB_MIN,MIN,GB,0,0,0,0,0,0,0,14,94,0
00-0037617,Hassan Haskins,RB,2025,18,REG,2025_18_LAC_DEN,LAC,DEN,0,0,0,0,0,0,0,1,3,0
00-0037746,Brian Robinson,RB,2025,18,REG,2025_18_SEA_SF,SF,SEA,0,0,0,0,0,0,0,2,9,0
00-0037801,KaVontae Turpin,WR,2025,18,REG,2025_18_DAL_NYG,DAL,NYG,0,0,0,0,0,0,0,1,7,0
00-0037834,Brock Purdy,QB,2025,18,REG,2025_18_SEA_SF,SF,SEA,19,27,127,0,1,3,-7,2,21,0
00-0037840,Kyren Williams,RB,2025,18,REG,2025_18_ARI_LA,LA,ARI,0,0,0,0,0,0,0,12,60,0
00-0038040,Zamir White,RB,2025,18,REG,2025_18_KC_LV,LV,KC,0,0,0,0,0,0,0,1,5,0
00-0038102,Kenny Pickett,QB,2025,18,REG,2025_18_KC_LV,LV,KC,1,4,3,0,1,2,-14,1,9,0
00-0038134,Kenneth Walker III,RB,2025,18,REG,2025_18_SEA_SF,SEA,SF,0,0,0,0,0,0,0,16,97,0
00-0038397,Evan Hull,RB,2025,18,REG,2025_18_NO_ATL,NO,ATL,0,0,0,0,0,0,0,2,11,0
00-0038400,Tanner McKee,QB,2025,18,REG,2025_18_WAS_PHI,PHI,WAS,21,40,241,1,1,3,-14,2,3,0
00-0038440,Zavier Scott,RB,2025,18,REG,2025_18_GB_MIN,MIN,GB,0,0,0,0,0,0,0,3,9,0
00-0038454,Keaton Mitchell,RB,2025,18,REG,2025_18_BAL_PIT,BAL,PIT,0,0,0,0,0,0,0,2,2,0
00-0038542,Bijan Robinson,RB,2025,18,REG,2025_18_NO_ATL,ATL,NO,0,0,0,0,0,0,0,15,33,0
00-0038555,Tank Bigsby,RB,2025,18,REG,2025_18_WAS_PHI,PHI,WAS,0,0,0,0,0,0,0,16,75,1
00-0038563,Tre Tucker,WR,2025,18,REG,2025_18_KC_LV,LV,KC,0,0,0,0,0,0,0,1,4,0
00-0038579,Aidan O'Connell,QB,2025,18,REG,2025_18_KC_LV,LV,KC,10,22,102,0,0,1,-5,1,7,0
00-0038582,Clayton Tune,QB,2025,18,REG,2025_18_GB_MIN,GB,MIN,6,11,34,0,0,4,-41,4,23,0
00-0038597,Chase Brown,RB,2025,18,REG,2025_18_CLE_CIN,CIN,CLE,0,0,0,0,0,0,0,13,72,0
00-0038611,Chris Rodriguez Jr.,RB,2025,18,REG,2025_18_WAS_PHI,WAS,PHI,0,0,0,0,0,0,0,16,65,1
00-0038685,Chris Brooks,RB,2025,18,REG,2025_18_GB_MIN,GB,MIN,0,0,0,0,0,0,0,13,61,0
00-0038705,Emari Demercado,RB,2025,18,REG,2025_18_ARI_LA,ARI,LA,0,0,0,0,0,0,0,2,29,0
00-0038738,Hunter Luepke,RB,2025,18,REG,2025_18_DAL_NYG,DAL,NYG,0,0,0,0,0,0,0,2,12,0
00-0038794,Jaleel McLaughlin,RB,2025,18,REG,2025_18_LAC_DEN,DEN,LAC,0,0,0,0,0,0,0,6,41,0
00-0038797,Emanuel Wilson,RB,2025,18,REG,2025_18_GB_MIN,GB,MIN,0,0,0,0,0,0,0,18,44,0
00-0038891,Shedrick Jackson,WR,2025,18,REG,2025_18_KC_LV,LV,KC,0,0,0,0,0,0,0,1,3,0
00-0038951,Sean Tucker,RB,2025,18,REG,2025_18_CAR_TB,TB,CAR,0,0,0,0,0,0,0,4,-4,0
00-0038997,Josh Downs,WR,2025,18,REG,2025_18_IND_HOU,IND,HOU,0,0,0,0,0,0,0,1,-5,0
00-0039032,Tyjae Spears,RB,2025,18,REG,2025_18_TEN_JAX,TEN,JAX,0,0,0,0,0,0,0,3,18,0
00-0039075,Puka Nacua,WR,2025,18,REG,2025_18_ARI_LA,LA,ARI,0,0,0,0,0,0,0,2,24,0
00-0039139,Jahmyr Gibbs,RB,2025,18,REG,2025_18_DET_CHI,DET,CHI,0,0,0,0,0,0,0,19,80,0
00-0039150,Bryce Young,QB,2025,18,REG,2025_18_CAR_TB,CAR,TB,24,35,266,2,1,0,0,2,-1,0
00-0039163,C.J. Stroud,QB,2025,18,REG,2025_18_IND_HOU,HOU,IND,14,23,169,1,0,0,0,2,5,1
00-0039165,Zach Charbonnet,RB,2025,18,REG,2025_18_SEA_SF,SEA,SF,0,0,0,0,0,0,0,17,74,1
00-0039361,Bucky Irving,RB,2025,18,REG,2025_18_CAR_TB,TB,CAR,0,0,0,0,0,0,0,26,85,0
00-0039373,Audric Estimé,RB,2025,18,REG,2025_18_NO_ATL,NO,ATL,0,0,0,0,0,0,0,21,63,0
00-0039384,Tyrone Tracy Jr.,RB,2025,18,REG,2025_18_DAL_NYG,NYG,DAL,0,0,0,0,0,0,0,18,103,0
00-0039391,Kimani Vidal,RB,2025,18,REG,2025_18_LAC_DEN,LAC,DEN,0,0,0,0,0,0,0,3,12,0
00-0039398,Joe Milton III,QB,2025,18,REG,2025_18_DAL_NYG,DAL,NYG,7,13,73,0,1,0,0,4,43,0
00-0039405,Jawhar Jordan,RB,2025,18,REG,2025_18_IND_HOU,HOU,IND,0,0,0,0,0,0,0,5,3,0
00-0039603,British Brooks,RB,2025,18,REG,2025_18_IND_HOU,HOU,IND,0,0,0,0,0,0,0,13,63,0
00-0039732,Bo Nix,QB,2025,18,REG,2025_18_LAC_DEN,DEN,LAC,14,23,141,0,0,4,-17,8,49,0
00-0039738,Blake Corum,RB,2025,18,REG,2025_18_ARI_LA,LA,ARI,0,0,0,0,0,0,0,13,59,0
00-0039746,Will Shipley,RB,2025,18,REG,2025_18_WAS_PHI,PHI,WAS,0,0,0,0,0,0,0,1,2,0
00-0039796,Rasheen Ali,RB,2025,18,REG,2025_18_BAL_PIT,BAL,PIT,0,0,0,0,0,0,0,1,0,0
00-0039851,Drake Maye,QB,2025,18,REG,2025_18_MIA_NE,NE,MIA,14,18,191,1,0,0,0,5,41,0
00-0039874,Jaylen Wright,RB,2025,18,REG,2025_18_MIA_NE,MIA,NE,0,0,0,0,0,0,0,13,23,0
00-0039875,Ray Davis,RB,2025,18,REG,2025_18_NYJ_BUF,BUF,NYJ,0,0,0,0,0,0,0,21,151,0
00-0039880,Malik Washington,WR,2025,18,REG,2025_18_MIA_NE,MIA,NE,0,0,0,0,0,0,0,2,22,0
00-0039918,Caleb Williams,QB,2025,18,REG,2025_18_DET_CHI,CHI,DET,20,33,212,2,1,1,-7,1,1,0
00-0039920,Malachi Corley,WR,2025,18,REG,2025_18_CLE_CIN,CLE,CIN,0,0,0,0,0,0,0,3,18,0
00-0039923,J.J. McCarthy,QB,2025,18,REG,2025_18_GB_MIN,MIN,GB,14,23,182,0,0,0,0,2,7,0
00-0040021,Phil Mafah,RB,2025,18,REG,2025_18_DAL_NYG,DAL,NYG,0,0,0,0,0,0,0,5,18,1
00-0040078,Brashard Smith,RB,2025,18,REG,2025_18_KC_LV,KC,LV,0,0,0,0,0,0,0,12,56,0
00-0040122,Ashton Jeanty,RB,2025,18,REG,2025_18_KC_LV,LV,KC,0,0,0,0,0,0,0,26,87,0
00-0040131,Kyle Williams,WR,2025,18,REG,2025_18_MIA_NE,NE,MIA,0,0,0,0,0,0,0,1,5,0
00-0040162,Dylan Sampson,RB,2025,18,REG,2025_18_CLE_CIN,CLE,CIN,0,0,0,0,0,0,0,10,32,0
00-0040179,DJ Giddens,RB,2025,18,REG,2025_18_IND_HOU,IND,HOU,0,0,0,0,0,0,0,8,30,0
00-0040198,Ollie Gordon II,RB,2025,18,REG,2025_18_MIA_NE,MIA,NE,0,0,0,0,0,0,0,9,9,0
00-0040206,Riley Leonard,QB,2025,18,REG,2025_18_IND_HOU,IND,HOU,21,34,270,2,1,1,-8,3,21,1
00-0040234,Quinn Ewers,QB,2025,18,REG,2025_18_MIA_NE,MIA,NE,16,23,137,1,1,4,-20,1,9,0
00-0040236,Kyle Monangai,RB,2025,18,REG,2025_18_DET_CHI,CHI,DET,0,0,0,0,0,0,0,6,14,0
00-0040237,Tez Johnson,WR,2025,18,REG,2025_18_CAR_TB,TB,CAR,0,0,0,0,0,0,0,1,5,0
00-0040242,Jacory Croskey-Merritt,RB,2025,18,REG,2025_18_WAS_PHI,WAS,PHI,0,0,0,0,0,0,0,13,29,0
00-0040398,Brady Cook,QB,2025,18,REG,2025_18_NYJ_BUF,NYJ,BUF,11,22,60,1,0,1,-7,3,7,0
00-0040466,Raheim Sanders,RB,2025,18,REG,2025_18_CLE_CIN,CLE,CIN,0,0,0,0,0,0,0,5,26,0
00-0040494,Max Brosmer,QB,2025,18,REG,2025_18_GB_MIN,MIN,GB,7,8,57,0,0,2,-13,0,0,0
00-0040534,Ke'Shawn Williams,WR,2025,18,REG,2025_18_CLE_CIN,CIN,CLE,0,0,0,0,0,0,0,1,9,0
00-0040556,Corey Kiner,RB,2025,18,REG,2025_18_ARI_LA,ARI,LA,0,0,0,0,0,0,0,3,13,0
00-0040582,Arian Smith,WR,2025,18,REG,2025_18_NYJ_BUF,NYJ,BUF,0,0,0,0,0,0,0,1,2,0
00-0040583,Woody Marks,RB,2025,18,REG,2025_18_IND_HOU,HOU,IND,0,0,0,0,0,0,0,10,48,0
00-0040586,Jaydon Blue,RB,2025,18,REG,2025_18_DAL_NYG,DAL,NYG,0,0,0,0,0,0,0,16,64,1
00-0040668,Shedeur Sanders,QB,2025,18,REG,2025_18_CLE_CIN,CLE,CIN,11,22,111,0,0,6,-29,3,26,0
00-0040676,Cam Ward,QB,2025,18,REG,2025_18_TEN_JAX,TEN,JAX,3,3,52,0,0,0,0,2,11,1
00-0040691,Jaxson Dart,QB,2025,18,REG,2025_18_DAL_NYG,NYG,DAL,22,32,230,2,0,4,-11,5,32,0
00-0040719,Bhayshul Tuten,RB,2025,18,REG,2025_18_TEN_JAX,JAX,TEN,0,0,0,0,0,0,0,5,23,1
00-0040730,RJ Harvey,RB,2025,18,REG,2025_18_LAC_DEN,DEN,LAC,0,0,0,0,0,0,0,15,28,0
00-0040734,TreVeyon Henderson,RB,2025,18,REG,2025_18_MIA_NE,NE,MIA,0,0,0,0,0,0,0,13,53,2
00-0040735,Luther Burden III,WR,2025,18,REG,2025_18_DET_CHI,CHI,DET,0,0,0,0,0,0,0,1,10,0
00-0040743,Tyler Shough,QB,2025,18,REG,2025_18_NO_ATL,NO,ATL,23,35,259,1,1,4,-27,3,34,1
00-0040782,Isaiah Bond,WR,2025,18,REG,2025_18_CLE_CIN,CLE,CIN,0,0,0,0,0,0,0,1,4,0
00-0023459,Aaron Rodgers,QB,2025,19,POST,2025_19_HOU_PIT,PIT,HOU,17,33,146,0,1,4,-36,0,0,0
00-0026498,Matthew Stafford,QB,2025,19,POST,2025_19_LA_CAR,LA,CAR,24,42,304,3,1,1,-9,2,0,0
00-0033280,Christian McCaffrey,RB,2025,19,POST,2025_19_SF_PHI,SF,PHI,0,0,0,0,0,0,0,15,48,0
00-0034351,Dallas Goedert,TE,2025,19,POST,2025_19_SF_PHI,PHI,SF,0,0,0,0,0,0,0,1,1,1
00-0034771,Mason Rudolph,QB,2025,19,POST,2025_19_HOU_PIT,PIT,HOU,1,1,2,0,0,0,0,0,0,0
00-0034791,Nick Chubb,RB,2025,19,POST,2025_19_HOU_PIT,HOU,PIT,0,0,0,0,0,0,0,10,48,0
00-0034827,DJ Moore,WR,2025,19,POST,2025_19_GB_CHI,CHI,GB,0,0,0,0,0,0,0,1,-5,0
00-0034844,Saquon Barkley,RB,2025,19,POST,2025_19_SF_PHI,PHI,SF,0,0,0,0,0,0,0,26,106,0
00-0034857,Josh Allen,QB,2025,19,POST,2025_19_BUF_JAX,BUF,JAX,28,35,273,1,0,1,-12,11,33,2
00-0035700,Josh Jacobs,RB,2025,19,POST,2025_19_GB_CHI,GB,CHI,0,0,0,0,0,0,0,19,55,0
00-0036139,Rico Dowdle,RB,2025,19,POST,2025_19_LA_CAR,CAR,LA,0,0,0,0,0,0,0,5,9,0
00-0036259,Jauan Jennings,WR,2025,19,POST,2025_19_SF_PHI,SF,PHI,1,1,29,1,0,0,0,0,0,0
00-0036264,Jordan Love,QB,2025,19,POST,2025_19_GB_CHI,GB,CHI,24,46,323,4,0,1,-1,1,11,0
00-0036275,D'Andre Swift,RB,2025,19,POST,2025_19_GB_CHI,CHI,GB,0,0,0,0,0,0,0,13,54,1
00-0036290,Cole Kmet,TE,2025,19,POST,2025_19_GB_CHI,CHI,GB,0,0,0,0,0,0,0,1,1,0
00-0036355,Justin Herbert,QB,2025,19,POST,2025_19_LAC_NE,LAC,NE,19,31,159,0,0,6,-39,10,57,0
00-0036389,Jalen Hurts,QB,2025,19,POST,2025_19_SF_PHI,PHI,SF,20,35,168,1,0,1,-1,5,14,0
00-0036555,Chuba Hubbard,RB,2025,19,POST,2025_19_LA_CAR,CAR,LA,0,0,0,0,0,0,0,13,46,2
00-0036875,Rhamondre Stevenson,RB,2025,19,POST,2025_19_LAC_NE,NE,LAC,0,0,0,0,0,0,0,10,53,0
00-0036919,Kenny Gainwell,RB,2025,19,POST,2025_19_HOU_PIT,PIT,HOU,0,0,0,0,0,0,0,6,20,0
00-0036971,Trevor Lawrence,QB,2025,19,POST,2025_19_BUF_JAX,JAX,BUF,18,30,207,3,2,1,-2,6,31,0
00-0036973,Travis Etienne,RB,2025,19,POST,2025_19_BUF_JAX,JAX,BUF,0,0,0,0,0,0,0,10,67,0
00-0037228,Jaylen Warren,RB,2025,19,POST,2025_19_HOU_PIT,PIT,HOU,0,0,0,0,0,0,0,12,43,0
00-0037248,James Cook,RB,2025,19,POST,2025_19_BUF_JAX,BUF,JAX,0,0,0,0,0,0,0,15,46,0
00-0037834,Brock Purdy,QB,2025,19,POST,2025_19_SF_PHI,SF,PHI,18,31,262,2,2,1,-5,9,24,0
00-0037840,Kyren Williams,RB,2025,19,POST,2025_19_LA_CAR,LA,CAR,0,0,0,0,0,0,0,13,57,0
00-0038090,Skyy Moore,WR,2025,19,POST,2025_19_SF_PHI,SF,PHI,0,0,0,0,0,0,0,1,3,0
00-0038555,Tank Bigsby,RB,2025,19,POST,2025_19_SF_PHI,PHI,SF,0,0,0,0,0,0,0,4,19,0
00-0038606,Parker Washington,WR,2025,19,POST,2025_19_BUF_JAX,JAX,BUF,0,0,0,0,0,0,0,2,2,0
00-0038685,Chris Brooks,RB,2025,19,POST,2025_19_GB_CHI,GB,CHI,0,0,0,0,0,0,0,1,16,0
00-0038797,Emanuel Wilson,RB,2025,19,POST,2025_19_GB_CHI,GB,CHI,0,0,0,0,0,0,0,1,3,0
00-0039075,Puka Nacua,WR,2025,19,POST,2025_19_LA_CAR,LA,CAR,0,0,0,0,0,0,0,3,14,1
00-0039146,Jayden Reed,WR,2025,19,POST,2025_19_GB_CHI,GB,CHI,0,0,0,0,0,0,0,1,14,0
00-0039150,Bryce Young,QB,2025,19,POST,2025_19_LA_CAR,CAR,LA,21,40,264,1,1,2,-14,3,24,1
00-0039163,C.J. Stroud,QB,2025,19,POST,2025_19_HOU_PIT,HOU,PIT,21,32,250,1,1,3,-6,1,0,0
00-0039359,Cade Stover,TE,2025,19,POST,2025_19_HOU_PIT,HOU,PIT,0,0,0,0,0,0,0,1,4,0
00-0039391,Kimani Vidal,RB,2025,19,POST,2025_19_LAC_NE,LAC,NE,0,0,0,0,0,0,0,11,31,0
00-0039738,Blake Corum,RB,2025,19,POST,2025_19_LA_CAR,LA,CAR,0,0,0,0,0,0,0,11,45,0
00-0039851,Drake Maye,QB,2025,19,POST,2025_19_LAC_NE,NE,LAC,17,29,268,1,1,5,-33,10,66,0
00-0039918,Caleb Williams,QB,2025,19,POST,2025_19_GB_CHI,CHI,GB,24,48,361,2,2,1,-9,4,20,0
00-0040236,Kyle Monangai,RB,2025,19,POST,2025_19_GB_CHI,CHI,GB,0,0,0,0,0,0,0,8,27,0
00-0040238,LeQuint Allen Jr.,RB,2025,19,POST,2025_19_BUF_JAX,JAX,BUF,0,0,0,0,0,0,0,1,3,0
00-0040563,Efton Chism III,WR,2025,19,POST,2025_19_LAC_NE,NE,LAC,0,1,0,0,0,0,0,0,0,0
00-0040583,Woody Marks,RB,2025,19,POST,2025_19_HOU_PIT,HOU,PIT,0,0,0,0,0,0,0,19,112,1
00-0040644,Trevor Etienne,RB,2025,19,POST,2025_19_LA_CAR,CAR,LA,0,0,0,0,0,0,0,1,4,0
00-0040666,Omarion Hampton,RB,2025,19,POST,2025_19_LAC_NE,LAC,NE,0,0,0,0,0,0,0,1,-1,0
00-0040719,Bhayshul Tuten,RB,2025,19,POST,2025_19_BUF_JAX,JAX,BUF,0,0,0,0,0,0,0,4,51,0
00-0040734,TreVeyon Henderson,RB,2025,19,POST,2025_19_LAC_NE,NE,LAC,0,0,0,0,0,0,0,9,27,0
00-0040735,Luther Burden III,WR,2025,19,POST,2025_19_GB_CHI,CHI,GB,0,0,0,0,0,0,0,1,-4,0
00-0026498,Matthew Stafford,QB,2025,20,POST,2025_20_LA_CHI,LA,CHI,20,42,258,0,0,4,-29,1,-1,0
00-0029892,Kyle Juszczyk,FB,2025,20,POST,2025_20_SF_SEA,SF,SEA,0,0,0,0,0,0,0,1,-3,0
00-0033280,Christian McCaffrey,RB,2025,20,POST,2025_20_SF_SEA,SF,SEA,0,0,0,0,0,0,0,11,35,0
00-0034791,Nick Chubb,RB,2025,20,POST,2025_20_HOU_NE,HOU,NE,0,0,0,0,0,0,0,4,14,0
00-0034827,DJ Moore,WR,2025,20,POST,2025_20_LA_CHI,CHI,LA,0,0,0,0,0,0,0,1,8,0
00-0034857,Josh Allen,QB,2025,20,POST,2025_20_BUF_DEN,BUF,DEN,25,39,283,3,2,3,-17,12,66,0
00-0034869,Sam Darnold,QB,2025,20,POST,2025_20_SF_SEA,SEA,SF,12,17,124,1,0,2,-18,0,0,0
00-0036275,D'Andre Swift,RB,2025,20,POST,2025_20_LA_CHI,CHI,LA,0,0,0,0,0,0,0,19,76,0
00-0036875,Rhamondre Stevenson,RB,2025,20,POST,2025_20_HOU_NE,NE,HOU,0,0,0,0,0,0,0,16,70,0
00-0036972,Mac Jones,QB,2025,20,POST,2025_20_SF_SEA,SF,SEA,2,4,4,0,0,0,0,1,7,0
00-0037248,James Cook,RB,2025,20,POST,2025_20_BUF_DEN,BUF,DEN,0,0,0,0,0,0,0,24,117,0
00-0037545,Rashid Shaheed,WR,2025,20,POST,2025_20_SF_SEA,SEA,SF,0,0,0,0,0,0,0,2,27,0
00-0037745,Velus Jones Jr.,WR,2025,20,POST,2025_20_SF_SEA,SEA,SF,0,0,0,0,0,0,0,6,10,0
00-0037746,Brian Robinson,RB,2025,20,POST,2025_20_SF_SEA,SF,SEA,0,0,0,0,0,0,0,3,4,0
00-0037834,Brock Purdy,QB,2025,20,POST,2025_20_SF_SEA,SF,SEA,15,27,140,0,1,2,-16,5,37,0
00-0037840,Kyren Williams,RB,2025,20,POST,2025_20_LA_CHI,LA,CHI,0,0,0,0,0,0,0,21,87,2
00-0038134,Kenneth Walker III,RB,2025,20,POST,2025_20_SF_SEA,SEA,SF,0,0,0,0,0,0,0,19,116,3
00-0038794,Jaleel McLaughlin,RB,2025,20,POST,2025_20_BUF_DEN,DEN,BUF,0,0,0,0,0,0,0,4,21,0
00-0039075,Puka Nacua,WR,2025,20,POST,2025_20_LA_CHI,LA,CHI,0,0,0,0,0,0,0,2,6,0
00-0039163,C.J. Stroud,QB,2025,20,POST,2025_20_HOU_NE,HOU,NE,20,47,212,1,4,3,-19,2,11,0
00-0039165,Zach Charbonnet,RB,2025,20,POST,2025_20_SF_SEA,SEA,SF,0,0,0,0,0,0,0,5,20,0
00-0039359,Cade Stover,TE,2025,20,POST,2025_20_HOU_NE,HOU,NE,0,0,0,0,0,0,0,2,6,0
00-0039732,Bo Nix,QB,2025,20,POST,2025_20_BUF_DEN,DEN,BUF,26,46,279,3,1,0,0,12,29,0
00-0039738,Blake Corum,RB,2025,20,POST,2025_20_LA_CHI,LA,CHI,0,0,0,0,0,0,0,6,19,0
00-0039751,Jordan Whittington,WR,2025,20,POST,2025_20_LA_CHI,LA,CHI,0,0,0,0,0,0,0,1,0,0
00-0039793,AJ Barner,TE,2025,20,POST,2025_20_SF_SEA,SEA,SF,0,0,0,0,0,0,0,1,2,0
00-0039851,Drake Maye,QB,2025,20,POST,2025_20_HOU_NE,NE,HOU,16,27,179,3,1,5,-36,4,10,0
00-0039918,Caleb Williams,QB,2025,20,POST,2025_20_LA_CHI,CHI,LA,23,42,257,2,3,0,0,5,40,0
00-0040177,Jordan James,RB,2025,20,POST,2025_20_SF_SEA,SF,SEA,0,0,0,0,0,0,0,6,28,0
00-0040236,Kyle Monangai,RB,2025,20,POST,2025_20_LA_CHI,CHI,LA,0,0,0,0,0,0,0,13,36,0
00-0040583,Woody Marks,RB,2025,20,POST,2025_20_HOU_NE,HOU,NE,0,0,0,0,0,0,0,14,17,0
00-0040730,RJ Harvey,RB,2025,20,POST,2025_20_BUF_DEN,DEN,BUF,0,0,0,0,0,0,0,6,20,0
00-0040734,TreVeyon Henderson,RB,2025,20,POST,2025_20_HOU_NE,NE,HOU,0,0,0,0,0,0,0,12,25,0
00-0040735,Luther Burden III,WR,2025,20,POST,2025_20_LA_CHI,CHI,LA,0,0,0,0,0,0,0,1,0,0
00-0026498,Matthew Stafford,QB,2025,21,POST,2025_21_LA_SEA,LA,SEA,22,35,374,3,0,1,-9,2,16,0
00-0034869,Sam Darnold,QB,2025,21,POST,2025_21_LA_SEA,SEA,LA,25,36,346,3,0,3,-25,3,9,0
00-0035264,Jarrett Stidham,QB,2025,21,POST,2025_21_NE_DEN,DEN,NE,17,31,133,1,1,3,-31,4,23,0
00-0036727,Adam Prentice,FB,2025,21,POST,2025_21_NE_DEN,DEN,NE,0,0,0,0,0,0,0,1,3,0
00-0036875,Rhamondre Stevenson,RB,2025,21,POST,2025_21_NE_DEN,NE,DEN,0,0,0,0,0,0,0,25,71,0
00-0037085,Tyler Badie,RB,2025,21,POST,2025_21_NE_DEN,DEN,NE,0,0,0,0,0,0,0,1,4,0
00-0037545,Rashid Shaheed,WR,2025,21,POST,2025_21_LA_SEA,SEA,LA,0,0,0,0,0,0,0,1,0,0
00-0037840,Kyren Williams,RB,2025,21,POST,2025_21_LA_SEA,LA,SEA,0,0,0,0,0,0,0,10,39,0
00-0038134,Kenneth Walker III,RB,2025,21,POST,2025_21_LA_SEA,SEA,LA,0,0,0,0,0,0,0,19,62,1
00-0038794,Jaleel McLaughlin,RB,2025,21,POST,2025_21_NE_DEN,DEN,NE,0,0,0,0,0,0,0,4,11,0
00-0039075,Puka Nacua,WR,2025,21,POST,2025_21_LA_SEA,LA,SEA,0,0,0,0,0,0,0,1,4,0
00-0039299,George Holani,RB,2025,21,POST,2025_21_LA_SEA,SEA,LA,0,0,0,0,0,0,0,3,4,0
00-0039738,Blake Corum,RB,2025,21,POST,2025_21_LA_SEA,LA,SEA,0,0,0,0,0,0,0,9,55,0
00-0039851,Drake Maye,QB,2025,21,POST,2025_21_NE_DEN,NE,DEN,10,21,86,0,0,5,-21,10,65,1
00-0040134,Pat Bryant,WR,2025,21,POST,2025_21_NE_DEN,DEN,NE,0,0,0,0,0,0,0,1,1,0
00-0040730,RJ Harvey,RB,2025,21,POST,2025_21_NE_DEN,DEN,NE,0,0,0,0,0,0,0,13,37,0
00-0040734,TreVeyon Henderson,RB,2025,21,POST,2025_21_NE_DEN,NE,DEN,0,0,0,0,0,0,0,3,5,0
00-0034869,Sam Darnold,QB,2025,22,POST,2025_22_SEA_NE,SEA,NE,19,38,202,1,0,1,-8,2,5,0
00-0036875,Rhamondre Stevenson,RB,2025,22,POST,2025_22_SEA_NE,NE,SEA,0,0,0,0,0,0,0,7,23,0
00-0037545,Rashid Shaheed,WR,2025,22,POST,2025_22_SEA_NE,SEA,NE,0,0,0,0,0,0,0,1,-5,0
00-0038134,Kenneth Walker III,RB,2025,22,POST,2025_22_SEA_NE,SEA,NE,0,0,0,0,0,0,0,27,135,0
00-0039299,George Holani,RB,2025,22,POST,2025_22_SEA_NE,SEA,NE,0,0,0,0,0,0,0,2,6,0
00-0039851,Drake Maye,QB,2025,22,POST,2025_22_SEA_NE,NE,SEA,27,43,295,2,2,6,-43,5,37,0
00-0040734,TreVeyon Henderson,RB,2025,22,POST,2025_22_SEA_NE,NE,SEA,0,0,0,0,0,0,0,6,19,0
