player_id,player_display_name,position,season,week,season_type,game_id,team,opponent_team,completions,attempts,passing_yards,passing_tds,passing_interceptions,sacks_suffered,sack_yards_lost,carries,rushing_yards,rushing_tds
00-0000210,James Allen,RB,2002,1,REG,2002_01_DAL_HOU,HOU,DAL,0,0,0,0,0,0,0,19,56,0
00-0000251,Mike Alstott,FB,2002,1,REG,2002_01_NO_TB,TB,NO,0,0,0,0,0,0,0,6,11,0
00-0000745,Tiki Barber,RB,2002,1,REG,2002_01_SF_NYG,NYG,SF,0,0,0,0,0,0,0,15,29,1
00-0000942,Fred Beasley,FB,2002,1,REG,2002_01_SF_NYG,SF,NYG,0,0,0,0,0,0,0,1,9,0
00-0001098,Brandon Bennett,RB,2002,1,REG,2002_01_SD_CIN,CIN,LAC,0,0,0,0,0,0,0,2,12,0
00-0001215,Jerome Bettis,RB,2002,1,REG,2002_01_PIT_NE,PIT,NE,0,0,0,0,0,0,0,8,35,0
00-0001361,Drew Bledsoe,QB,2002,1,REG,2002_01_NYJ_BUF,BUF,NYJ,26,39,271,1,2,4,-29,0,0,0
00-0001823,Aaron Brooks,QB,2002,1,REG,2002_01_NO_TB,NO,TB,24,42,260,2,1,2,-10,3,9,0
00-0002110,Mark Brunell,QB,2002,1,REG,2002_01_IND_JAX,IND,JAX,22,35,228,2,1,1,-3,4,19,0
00-0003292,Kerry Collins,QB,2002,1,REG,2002_01_SF_NYG,NYG,SF,28,45,342,0,3,3,-24,1,4,0
00-0003396,Curtis Conway,WR,2002,1,REG,2002_01_SD_CIN,LAC,CIN,0,0,0,0,0,0,0,1,22,0
00-0003739,Daunte Culpepper,QB,2002,1,REG,2002_01_MIN_CHI,MIN,CHI,16,28,234,1,2,1,-6,5,6,1
00-0004052,Stephen Davis,RB,2002,1,REG,2002_01_ARI_WAS,WAS,ARI,0,0,0,0,0,0,0,26,104,1
00-0004304,Corey Dillon,RB,2002,1,REG,2002_01_SD_CIN,CIN,LAC,0,0,0,0,0,0,0,9,10,0
00-0004640,Warrick Dunn,RB,2002,1,REG,2002_01_ATL_GB,ATL,GB,0,0,0,0,0,0,0,15,69,2
00-0004673,Tim Dwight,WR,2002,1,REG,2002_01_SD_CIN,LAC,CIN,0,0,0,0,0,0,0,1,20,0
00-0004694,Kevin Dyson,WR,2002,1,REG,2002_01_PHI_TEN,TEN,PHI,0,0,0,0,0,0,0,1,-9,0
00-0004768,Marc Edwards,FB,2002,1,REG,2002_01_PIT_NE,NE,PIT,0,0,0,0,0,0,0,1,3,0
00-0004774,Robert Edwards,RB,2002,1,REG,2002_01_DET_MIA,MIA,DET,0,0,0,0,0,0,0,4,20,1
00-0005092,Marshall Faulk,RB,2002,1,REG,2002_01_STL_DEN,LA,DEN,0,0,0,0,0,0,0,10,19,1
00-0005106,Brett Favre,QB,2002,1,REG,2002_01_ATL_GB,GB,ATL,25,36,284,2,0,2,-11,2,6,0
00-0005180,Jay Fiedler,QB,2002,1,REG,2002_01_DET_MIA,MIA,DET,18,27,207,3,0,0,0,3,9,0
00-0005324,Terrell Fletcher,RB,2002,1,REG,2002_01_SD_CIN,LAC,CIN,0,0,0,0,0,0,0,16,73,1
00-0005589,Gus Frerotte,QB,2002,1,REG,2002_01_SD_CIN,CIN,LAC,18,31,198,0,1,4,-31,2,14,0
00-0005720,Joey Galloway,WR,2002,1,REG,2002_01_DAL_HOU,DAL,HOU,0,0,0,0,0,0,0,1,21,0
00-0005741,Rich Gannon,QB,2002,1,REG,2002_01_SEA_OAK,LV,SEA,19,28,214,2,1,2,-12,3,14,0
00-0005755,Jeff Garcia,QB,2002,1,REG,2002_01_SF_NYG,SF,NYG,16,26,166,1,1,0,0,3,21,0
00-0005779,Charlie Garner,RB,2002,1,REG,2002_01_SEA_OAK,LV,SEA,0,0,0,0,0,0,0,15,127,1
00-0005816,Olandis Gary,RB,2002,1,REG,2002_01_STL_DEN,DEN,LA,0,0,0,0,0,0,0,11,37,0
00-0005883,Eddie George,RB,2002,1,REG,2002_01_PHI_TEN,TEN,PHI,0,0,0,0,0,0,0,18,42,1
00-0006305,Ahman Green,RB,2002,1,REG,2002_01_ATL_GB,GB,ATL,0,0,0,0,0,0,0,27,155,0
00-0006355,Trent Green,QB,2002,1,REG,2002_01_KC_CLE,KC,CLE,20,29,276,1,1,0,0,2,17,0
00-0006423,Brian Griese,QB,2002,1,REG,2002_01_STL_DEN,DEN,LA,18,27,202,2,2,4,-15,3,16,0
00-0007091,Matt Hasselbeck,QB,2002,1,REG,2002_01_SEA_OAK,SEA,LV,23,32,155,2,0,3,-12,2,6,0
00-0007180,Garrison Hearst,RB,2002,1,REG,2002_01_SF_NYG,SF,NYG,0,0,0,0,0,0,0,12,40,0
00-0007254,William Henderson,FB,2002,1,REG,2002_01_ATL_GB,GB,ATL,0,0,0,0,0,0,0,1,1,1
00-0007357,Chris Hetherington,FB,2002,1,REG,2002_01_STL_DEN,LA,DEN,0,0,0,0,0,0,0,1,0,0
00-0007576,Kelly Holcomb,QB,2002,1,REG,2002_01_KC_CLE,CLE,KC,27,39,326,3,0,1,-7,0,0,0
00-0007579,Robert Holcombe,FB,2002,1,REG,2002_01_PHI_TEN,TEN,PHI,0,0,0,0,0,0,0,1,4,0
00-0007661,Priest Holmes,RB,2002,1,REG,2002_01_KC_CLE,KC,CLE,0,0,0,0,0,0,0,22,122,4
00-0008241,Edgerrin James,RB,2002,1,REG,2002_01_IND_JAX,IND,JAX,0,0,0,0,0,0,0,26,99,0
00-0008442,Brad Johnson,QB,2002,1,REG,2002_01_NO_TB,TB,NO,28,52,278,2,0,3,-17,3,11,0
00-0008560,Kevin Johnson,WR,2002,1,REG,2002_01_KC_CLE,CLE,KC,1,1,33,1,0,0,0,0,0,0
00-0008568,Leon Johnson,RB,2002,1,REG,2002_01_MIN_CHI,CHI,MIN,0,0,0,0,0,0,0,4,31,0
00-0008921,Randy Jordan,RB,2002,1,REG,2002_01_SEA_OAK,LV,SEA,0,0,0,0,0,0,0,2,14,1
00-0009288,Terry Kirby,RB,2002,1,REG,2002_01_SEA_OAK,LV,SEA,0,0,0,0,0,0,0,1,-3,0
00-0009417,Rob Konrad,FB,2002,1,REG,2002_01_DET_MIA,MIA,DET,0,0,0,0,0,0,0,1,-1,0
00-0009829,Dorsey Levens,RB,2002,1,REG,2002_01_PHI_TEN,PHI,TEN,0,0,0,0,0,0,0,3,9,0
00-0009869,Jermaine Lewis,WR,2002,1,REG,2002_01_DAL_HOU,HOU,DAL,0,0,0,0,0,0,0,1,5,0
00-0010137,Ray Lucas,QB,2002,1,REG,2002_01_DET_MIA,MIA,DET,0,0,0,0,0,0,0,2,-2,0
00-0010240,Stacey Mack,RB,2002,1,REG,2002_01_IND_JAX,IND,JAX,0,0,0,0,0,0,0,4,16,0
00-0010346,Peyton Manning,QB,2002,1,REG,2002_01_IND_JAX,IND,JAX,19,31,211,3,0,1,-8,2,5,0
00-0010436,Cecil Martin,RB,2002,1,REG,2002_01_PHI_TEN,PHI,TEN,0,0,0,0,0,0,0,1,-4,0
00-0010442,Curtis Martin,RB,2002,1,REG,2002_01_NYJ_BUF,NYJ,BUF,0,0,0,0,0,0,0,4,6,0
00-0010560,Shane Matthews,QB,2002,1,REG,2002_01_ARI_WAS,WAS,ARI,28,40,327,3,1,1,-7,4,0,0
00-0010747,Fred McCrary,RB,2002,1,REG,2002_01_SD_CIN,LAC,CIN,0,0,0,0,0,0,0,1,-1,0
00-0011022,Donovan McNabb,QB,2002,1,REG,2002_01_PHI_TEN,PHI,TEN,18,36,212,3,2,6,-31,3,15,0
00-0011024,Steve McNair,QB,2002,1,REG,2002_01_PHI_TEN,TEN,PHI,24,34,269,2,1,1,-2,5,24,0
00-0011276,Jim Miller,QB,2002,1,REG,2002_01_MIN_CHI,CHI,MIN,20,33,297,2,1,1,-9,3,4,0
00-0011795,Muhsin Muhammad,WR,2002,1,REG,2002_01_BAL_CAR,CAR,BAL,0,0,0,0,0,0,0,1,17,0
00-0012478,Terrell Owens,WR,2002,1,REG,2002_01_SF_NYG,SF,NYG,0,0,0,0,0,0,0,1,10,0
00-0012732,Rodney Peete,QB,2002,1,REG,2002_01_BAL_CAR,CAR,BAL,12,19,136,1,0,2,-16,2,-4,0
00-0013013,Michael Pittman,RB,2002,1,REG,2002_01_NO_TB,TB,NO,0,0,0,0,0,0,0,12,50,0
00-0013042,Jake Plummer,QB,2002,1,REG,2002_01_ARI_WAS,ARI,WAS,14,36,187,1,1,1,0,2,11,1
00-0013232,Peerless Price,WR,2002,1,REG,2002_01_NYJ_BUF,BUF,NYJ,0,0,0,0,0,0,0,1,-7,0
00-0013694,Tony Richardson,FB,2002,1,REG,2002_01_KC_CLE,KC,CLE,0,0,0,0,0,0,0,3,13,0
00-0014328,Frank Sanders,WR,2002,1,REG,2002_01_ARI_WAS,ARI,WAS,0,0,0,0,0,0,0,1,5,0
00-0014450,Cory Schlesinger,FB,2002,1,REG,2002_01_DET_MIA,DET,MIA,0,0,0,0,0,0,0,8,28,1
00-0015091,Antowain Smith,RB,2002,1,REG,2002_01_PIT_NE,NE,PIT,0,0,0,0,0,0,0,17,60,0
00-0015165,Emmitt Smith,RB,2002,1,REG,2002_01_DAL_HOU,DAL,HOU,0,0,0,0,0,0,0,17,67,0
00-0015242,Lamar Smith,RB,2002,1,REG,2002_01_BAL_CAR,CAR,BAL,0,0,0,0,0,0,0,24,84,0
00-0015523,Duce Staley,RB,2002,1,REG,2002_01_PHI_TEN,PHI,TEN,0,0,0,0,0,0,0,7,18,0
00-0015700,Kordell Stewart,QB,2002,1,REG,2002_01_PIT_NE,PIT,NE,24,37,242,1,3,5,-38,8,16,1
00-0015754,Brandon Stokley,WR,2002,1,REG,2002_01_BAL_CAR,BAL,CAR,0,0,0,0,0,0,0,1,14,0
00-0016021,John Tait,OT,2002,1,REG,2002_01_KC_CLE,KC,CLE,0,0,0,0,0,0,0,1,28,0
00-0016098,Fred Taylor,RB,2002,1,REG,2002_01_IND_JAX,IND,JAX,0,0,0,0,0,0,0,24,83,1
00-0016193,Vinny Testaverde,QB,2002,1,REG,2002_01_NYJ_BUF,NYJ,BUF,24,30,210,2,0,3,-17,1,24,0
00-0016373,Derrius Thompson,WR,2002,1,REG,2002_01_ARI_WAS,WAS,ARI,0,0,0,0,0,0,0,1,13,0
00-0016683,Tom Tupa,P,2002,1,REG,2002_01_NO_TB,TB,NO,0,1,0,0,1,0,0,0,0,0
00-0017200,Kurt Warner,QB,2002,1,REG,2002_01_STL_DEN,LA,DEN,32,41,315,0,1,3,-20,1,8,0
00-0017218,Lamont Warren,RB,2002,1,REG,2002_01_DET_MIA,DET,MIA,0,0,0,0,0,0,0,5,8,0
00-0017486,Tyrone Wheatley,RB,2002,1,REG,2002_01_SEA_OAK,LV,SEA,0,0,0,0,0,0,0,18,65,0
00-0017892,Moe Williams,RB,2002,1,REG,2002_01_MIN_CHI,MIN,CHI,0,0,0,0,0,0,0,7,48,0
00-0017915,Ricky Williams,RB,2002,1,REG,2002_01_DET_MIA,MIA,DET,0,0,0,0,0,0,0,20,111,2
00-0018501,Amos Zereoue,RB,2002,1,REG,2002_01_PIT_NE,PIT,NE,0,0,0,0,0,0,0,7,14,0
00-0019057,Jamel White,RB,2002,1,REG,2002_01_KC_CLE,CLE,KC,0,0,0,0,0,0,0,12,42,0
00-0019100,Brad Hoover,FB,2002,1,REG,2002_01_BAL_CAR,CAR,BAL,0,0,0,0,0,0,0,5,29,0
00-0019516,Troy Hambrick,RB,2002,1,REG,2002_01_DAL_HOU,DAL,HOU,0,0,0,0,0,0,0,4,16,0
00-0019534,Rondell Mealey,RB,2002,1,REG,2002_01_ATL_GB,GB,ATL,0,0,0,0,0,0,0,5,30,1
00-0019539,Dante Hall,WR,2002,1,REG,2002_01_KC_CLE,KC,CLE,0,0,0,0,0,0,0,2,14,0
00-0019590,Chad Morton,RB,2002,1,REG,2002_01_NYJ_BUF,NYJ,BUF,0,0,0,0,0,0,0,1,-1,0
00-0019594,Mike Anderson,RB,2002,1,REG,2002_01_STL_DEN,DEN,LA,0,0,0,0,0,0,0,7,17,0
00-0019596,Tom Brady,QB,2002,1,REG,2002_01_PIT_NE,NE,PIT,29,43,294,3,0,2,-14,0,0,0
00-0019614,Michael Wiley,RB,2002,1,REG,2002_01_DAL_HOU,DAL,HOU,0,0,0,0,0,0,0,1,46,1
00-0019641,Thomas Jones,RB,2002,1,REG,2002_01_ARI_WAS,ARI,WAS,0,0,0,0,0,0,0,17,54,0
00-0019643,Ron Dayne,RB,2002,1,REG,2002_01_SF_NYG,NYG,SF,0,0,0,0,0,0,0,6,10,0
00-0019647,Shaun Alexander,RB,2002,1,REG,2002_01_SEA_OAK,SEA,LV,0,0,0,0,0,0,0,13,36,0
00-0019649,Trung Canidate,RB,2002,1,REG,2002_01_STL_DEN,LA,DEN,0,0,0,0,0,0,0,1,5,0
00-0019663,Darrell Jackson,WR,2002,1,REG,2002_01_SEA_OAK,SEA,LV,0,0,0,0,0,0,0,1,1,0
00-0019693,Jamal Lewis,RB,2002,1,REG,2002_01_BAL_CAR,BAL,CAR,0,0,0,0,0,0,0,17,64,0
00-0019703,Jerry Porter,WR,2002,1,REG,2002_01_SEA_OAK,LV,SEA,0,0,0,0,0,0,0,1,4,0
00-0019709,Chris Redman,QB,2002,1,REG,2002_01_BAL_CAR,BAL,CAR,20,34,218,1,1,2,-6,1,-1,0
00-0019712,Doug Chapman,RB,2002,1,REG,2002_01_MIN_CHI,MIN,CHI,0,0,0,0,0,0,0,5,33,0
00-0019794,Aveion Cason,RB,2002,1,REG,2002_01_DET_MIA,DET,MIA,0,0,0,0,0,0,0,4,4,0
00-0019808,Kenny Watson,RB,2002,1,REG,2002_01_ARI_WAS,WAS,ARI,0,0,0,0,0,0,0,1,5,0
00-0019831,Nick Goings,RB,2002,1,REG,2002_01_BAL_CAR,CAR,BAL,0,0,0,0,0,0,0,4,19,0
00-0020245,Mike Vick,QB,2002,1,REG,2002_01_ATL_GB,ATL,GB,15,23,209,1,0,4,-15,9,72,1
00-0020308,Mike McMahon,QB,2002,1,REG,2002_01_DET_MIA,DET,MIA,13,25,179,1,1,3,-14,2,11,1
00-0020403,Anthony Thomas,RB,2002,1,REG,2002_01_MIN_CHI,CHI,MIN,0,0,0,0,0,0,0,19,45,1
00-0020404,Quincy Carter,QB,2002,1,REG,2002_01_DAL_HOU,DAL,HOU,13,30,131,0,1,3,-19,1,5,0
00-0020448,Travis Minor,RB,2002,1,REG,2002_01_DET_MIA,MIA,DET,0,0,0,0,0,0,0,11,45,0
00-0020462,LaMont Jordan,RB,2002,1,REG,2002_01_NYJ_BUF,NYJ,BUF,0,0,0,0,0,0,0,7,32,0
00-0020471,Travis Henry,RB,2002,1,REG,2002_01_NYJ_BUF,BUF,NYJ,0,0,0,0,0,0,0,31,149,3
00-0020474,Kevan Barlow,RB,2002,1,REG,2002_01_SF_NYG,SF,NYG,0,0,0,0,0,0,0,8,33,0
00-0020494,Santana Moss,WR,2002,1,REG,2002_01_NYJ_BUF,NYJ,BUF,0,0,0,0,0,0,0,1,12,0
00-0020514,Michael Bennett,RB,2002,1,REG,2002_01_MIN_CHI,MIN,CHI,0,0,0,0,0,0,0,16,53,0
00-0020527,Deuce McAllister,RB,2002,1,REG,2002_01_NO_TB,NO,TB,0,0,0,0,0,0,0,31,109,0
00-0020531,Drew Brees,QB,2002,1,REG,2002_01_SD_CIN,LAC,CIN,15,19,160,2,0,1,0,5,13,0
00-0020536,LaDainian Tomlinson,RB,2002,1,REG,2002_01_SD_CIN,LAC,CIN,0,0,0,0,0,0,0,21,114,1
00-0020608,David Carr,QB,2002,1,REG,2002_01_DAL_HOU,HOU,DAL,10,22,145,2,1,6,-22,4,7,0
00-0021141,Joey Harrington,QB,2002,1,REG,2002_01_DET_MIA,DET,MIA,4,11,41,0,0,0,0,0,0,0
00-0021150,William Green,RB,2002,1,REG,2002_01_KC_CLE,CLE,KC,0,0,0,0,0,0,0,8,17,0
00-0021153,Javon Walker,WR,2002,1,REG,2002_01_ATL_GB,GB,ATL,0,0,0,0,0,0,0,1,11,0
00-0021179,Clinton Portis,RB,2002,1,REG,2002_01_STL_DEN,DEN,LA,0,0,0,0,0,0,0,5,34,0
00-0021190,Antwaan Randle El,WR,2002,1,REG,2002_01_PIT_NE,PIT,NE,1,1,5,0,0,0,0,1,9,0
00-0021216,Brian Westbrook,RB,2002,1,REG,2002_01_PHI_TEN,PHI,TEN,0,0,0,0,0,0,0,8,42,0
00-0021223,Jonathan Wells,RB,2002,1,REG,2002_01_DAL_HOU,HOU,DAL,0,0,0,0,0,0,0,9,18,0
00-0021252,Najeh Davenport,RB,2002,1,REG,2002_01_ATL_GB,GB,ATL,0,0,0,0,0,0,0,2,8,0
00-0021253,Jarrod Baxter,RB,2002,1,REG,2002_01_DAL_HOU,HOU,DAL,0,0,0,0,0,0,0,2,1,0
00-0021376,T.J. Duckett,RB,2002,1,REG,2002_01_ATL_GB,ATL,GB,0,0,0,0,0,0,0,6,39,0
00-0000210,James Allen,RB,2002,2,REG,2002_02_HOU_SD,HOU,LAC,0,0,0,0,0,0,0,13,51,0
00-0000251,Mike Alstott,FB,2002,2,REG,2002_02_TB_BAL,TB,BAL,0,0,0,0,0,0,0,11,23,0
00-0000339,Richie Anderson,FB,2002,2,REG,2002_02_NE_NYJ,NYJ,NE,0,0,0,0,0,0,0,1,1,0
00-0000585,Champ Bailey,CB,2002,2,REG,2002_02_PHI_WAS,WAS,PHI,0,0,0,0,0,0,0,1,4,0
00-0000745,Tiki Barber,RB,2002,2,REG,2002_02_NYG_STL,NYG,LA,0,0,0,0,0,0,0,19,80,0
00-0000942,Fred Beasley,FB,2002,2,REG,2002_02_DEN_SF,SF,DEN,0,0,0,0,0,0,0,3,6,0
00-0001215,Jerome Bettis,RB,2002,2,REG,2002_02_OAK_PIT,PIT,LV,0,0,0,0,0,0,0,10,41,0
00-0001361,Drew Bledsoe,QB,2002,2,REG,2002_02_BUF_MIN,BUF,MIN,35,49,463,3,0,3,-26,1,0,0
00-0001823,Aaron Brooks,QB,2002,2,REG,2002_02_GB_NO,NO,GB,16,28,217,2,2,1,-6,5,13,0
00-0002110,Mark Brunell,QB,2002,2,REG,2002_02_JAX_KC,JAX,KC,25,36,320,2,0,0,0,7,12,0
00-0002846,Larry Centers,FB,2002,2,REG,2002_02_BUF_MIN,BUF,MIN,0,0,0,0,0,0,0,1,1,0
00-0003136,Mike Cloud,RB,2002,2,REG,2002_02_JAX_KC,KC,JAX,0,0,0,0,0,0,0,1,7,0
00-0003292,Kerry Collins,QB,2002,2,REG,2002_02_NYG_STL,NYG,LA,22,26,307,1,1,2,-16,7,3,0
00-0003396,Curtis Conway,WR,2002,2,REG,2002_02_HOU_SD,LAC,HOU,0,0,0,0,0,0,0,1,3,1
00-0003663,Zack Crockett,RB,2002,2,REG,2002_02_OAK_PIT,LV,PIT,0,0,0,0,0,0,0,1,3,0
00-0003739,Daunte Culpepper,QB,2002,2,REG,2002_02_BUF_MIN,MIN,BUF,25,45,281,3,0,5,-45,7,20,1
00-0004052,Stephen Davis,RB,2002,2,REG,2002_02_PHI_WAS,WAS,PHI,0,0,0,0,0,0,0,12,53,0
00-0004293,Trent Dilfer,QB,2002,2,REG,2002_02_ARI_SEA,SEA,ARI,29,47,352,1,0,1,-7,2,0,0
00-0004304,Corey Dillon,RB,2002,2,REG,2002_02_CIN_CLE,CIN,CLE,0,0,0,0,0,0,0,22,108,0
00-0004640,Warrick Dunn,RB,2002,2,REG,2002_02_CHI_ATL,ATL,CHI,0,0,0,0,0,0,0,15,34,0
00-0004673,Tim Dwight,WR,2002,2,REG,2002_02_HOU_SD,LAC,HOU,0,0,0,0,0,0,0,1,20,0
00-0004768,Marc Edwards,FB,2002,2,REG,2002_02_NE_NYJ,NE,NYJ,0,0,0,0,0,0,0,7,21,0
00-0005091,Kevin Faulk,RB,2002,2,REG,2002_02_NE_NYJ,NE,NYJ,0,0,0,0,0,0,0,10,48,1
00-0005092,Marshall Faulk,RB,2002,2,REG,2002_02_NYG_STL,LA,NYG,0,0,0,0,0,0,0,14,87,2
00-0005106,Brett Favre,QB,2002,2,REG,2002_02_GB_NO,GB,NO,29,44,270,2,1,1,-8,3,15,0
00-0005180,Jay Fiedler,QB,2002,2,REG,2002_02_MIA_IND,MIA,IND,13,18,187,2,1,1,-8,7,30,1
00-0005324,Terrell Fletcher,RB,2002,2,REG,2002_02_HOU_SD,LAC,HOU,0,0,0,0,0,0,0,3,10,0
00-0005589,Gus Frerotte,QB,2002,2,REG,2002_02_CIN_CLE,CIN,CLE,26,47,239,1,3,5,-38,2,8,0
00-0005741,Rich Gannon,QB,2002,2,REG,2002_02_OAK_PIT,LV,PIT,43,64,403,1,2,5,-34,0,0,0
00-0005755,Jeff Garcia,QB,2002,2,REG,2002_02_DEN_SF,SF,DEN,27,36,205,1,1,2,-15,5,13,1
00-0005779,Charlie Garner,RB,2002,2,REG,2002_02_OAK_PIT,LV,PIT,0,0,0,0,0,0,0,6,56,1
00-0005816,Olandis Gary,RB,2002,2,REG,2002_02_DEN_SF,DEN,SF,0,0,0,0,0,0,0,12,61,1
00-0005883,Eddie George,RB,2002,2,REG,2002_02_TEN_DAL,TEN,DAL,0,0,0,0,0,0,0,19,65,0
00-0006305,Ahman Green,RB,2002,2,REG,2002_02_GB_NO,GB,NO,0,0,0,0,0,0,0,17,81,0
00-0006355,Trent Green,QB,2002,2,REG,2002_02_JAX_KC,KC,JAX,16,31,199,1,2,1,-3,1,14,0
00-0006423,Brian Griese,QB,2002,2,REG,2002_02_DEN_SF,DEN,SF,14,19,119,2,0,4,-21,4,14,0
00-0007091,Matt Hasselbeck,QB,2002,2,REG,2002_02_ARI_SEA,SEA,ARI,0,0,0,0,0,0,0,1,1,0
00-0007180,Garrison Hearst,RB,2002,2,REG,2002_02_DEN_SF,SF,DEN,0,0,0,0,0,0,0,5,5,0
00-0007308,Craig Hentrich,P,2002,2,REG,2002_02_TEN_DAL,TEN,DAL,1,1,17,0,0,0,0,0,0,0
00-0007576,Kelly Holcomb,QB,2002,2,REG,2002_02_CIN_CLE,CLE,CIN,17,30,198,2,0,1,-8,2,1,0
00-0007661,Priest Holmes,RB,2002,2,REG,2002_02_JAX_KC,KC,JAX,0,1,0,0,0,0,0,22,84,0
00-0008241,Edgerrin James,RB,2002,2,REG,2002_02_MIA_IND,IND,MIA,0,0,0,0,0,0,0,30,138,0
00-0008357,MarTay Jenkins,WR,2002,2,REG,2002_02_ARI_SEA,ARI,SEA,0,0,0,0,0,0,0,1,10,0
00-0008442,Brad Johnson,QB,2002,2,REG,2002_02_TB_BAL,TB,BAL,24,31,211,0,0,1,-6,1,-1,0
00-0008568,Leon Johnson,RB,2002,2,REG,2002_02_CHI_ATL,CHI,ATL,0,0,0,0,0,0,0,2,2,0
00-0008598,Pat Johnson,WR,2002,2,REG,2002_02_JAX_KC,JAX,KC,0,0,0,0,0,0,0,1,-9,0
00-0009163,Eddie Kennison,WR,2002,2,REG,2002_02_JAX_KC,KC,JAX,0,0,0,0,0,0,0,1,12,0
00-0009288,Terry Kirby,RB,2002,2,REG,2002_02_OAK_PIT,LV,PIT,0,1,0,0,0,0,0,7,23,0
00-0009829,Dorsey Levens,RB,2002,2,REG,2002_02_PHI_WAS,PHI,WAS,0,0,0,0,0,0,0,6,65,1
00-0009869,Jermaine Lewis,WR,2002,2,REG,2002_02_HOU_SD,HOU,LAC,0,0,0,0,0,0,0,1,1,0
00-0010240,Stacey Mack,RB,2002,2,REG,2002_02_JAX_KC,JAX,KC,0,0,0,0,0,0,0,1,13,0
00-0010346,Peyton Manning,QB,2002,2,REG,2002_02_MIA_IND,IND,MIA,26,45,289,1,3,0,0,1,5,0
00-0010442,Curtis Martin,RB,2002,2,REG,2002_02_NE_NYJ,NYJ,NE,0,0,0,0,0,0,0,4,5,0
00-0010560,Shane Matthews,QB,2002,2,REG,2002_02_PHI_WAS,WAS,PHI,10,22,62,0,1,0,0,2,16,0
00-0010650,Ed McCaffrey,WR,2002,2,REG,2002_02_DEN_SF,DEN,SF,0,0,0,0,0,0,0,2,22,0
00-0011022,Donovan McNabb,QB,2002,2,REG,2002_02_PHI_WAS,PHI,WAS,26,38,292,2,0,2,-9,5,36,1
00-0011024,Steve McNair,QB,2002,2,REG,2002_02_TEN_DAL,TEN,DAL,20,38,226,1,1,3,-24,4,23,0
00-0011276,Jim Miller,QB,2002,2,REG,2002_02_CHI_ATL,CHI,ATL,12,24,143,1,1,1,-7,2,-1,0
00-0011727,Johnnie Morton,WR,2002,2,REG,2002_02_JAX_KC,KC,JAX,0,0,0,0,0,0,0,1,20,0
00-0011754,Randy Moss,WR,2002,2,REG,2002_02_BUF_MIN,MIN,BUF,0,1,0,0,0,0,0,1,5,0
00-0011958,Lorenzo Neal,FB,2002,2,REG,2002_02_CIN_CLE,CIN,CLE,0,0,0,0,0,0,0,1,5,0
00-0012261,Neil O'Donnell,QB,2002,2,REG,2002_02_TEN_DAL,TEN,DAL,2,4,16,0,0,0,0,2,-2,0
00-0012732,Rodney Peete,QB,2002,2,REG,2002_02_DET_CAR,CAR,DET,21,32,310,1,0,0,0,1,0,0
00-0013013,Michael Pittman,RB,2002,2,REG,2002_02_TB_BAL,TB,BAL,0,0,0,0,0,0,0,13,37,0
00-0013042,Jake Plummer,QB,2002,2,REG,2002_02_ARI_SEA,ARI,SEA,10,22,107,1,1,2,-9,2,27,0
00-0013694,Tony Richardson,FB,2002,2,REG,2002_02_JAX_KC,KC,JAX,0,0,0,0,0,0,0,1,-1,0
00-0014450,Cory Schlesinger,FB,2002,2,REG,2002_02_DET_CAR,DET,CAR,0,0,0,0,0,0,0,3,1,0
00-0015091,Antowain Smith,RB,2002,2,REG,2002_02_NE_NYJ,NE,NYJ,0,0,0,0,0,0,0,15,66,0
00-0015165,Emmitt Smith,RB,2002,2,REG,2002_02_TEN_DAL,DAL,TEN,0,0,0,0,0,0,0,18,59,0
00-0015242,Lamar Smith,RB,2002,2,REG,2002_02_DET_CAR,CAR,DET,0,0,0,0,0,0,0,20,60,2
00-0015290,Rod Smith,WR,2002,2,REG,2002_02_DEN_SF,DEN,SF,0,0,0,0,0,0,0,3,-3,0
00-0015420,Jerald Sowell,FB,2002,2,REG,2002_02_NE_NYJ,NYJ,NE,0,0,0,0,0,0,0,1,0,0
00-0015523,Duce Staley,RB,2002,2,REG,2002_02_PHI_WAS,PHI,WAS,0,0,0,0,0,0,0,15,55,0
00-0015601,Aaron Stecker,RB,2002,2,REG,2002_02_TB_BAL,TB,BAL,0,0,0,0,0,0,0,5,15,0
00-0015698,James Stewart,RB,2002,2,REG,2002_02_DET_CAR,DET,CAR,0,0,0,0,0,0,0,12,53,0
00-0015700,Kordell Stewart,QB,2002,2,REG,2002_02_OAK_PIT,PIT,LV,18,34,201,2,1,0,0,3,10,0
00-0015830,Mack Strong,FB,2002,2,REG,2002_02_ARI_SEA,SEA,ARI,0,0,0,0,0,0,0,1,2,0
00-0016098,Fred Taylor,RB,2002,2,REG,2002_02_JAX_KC,JAX,KC,0,0,0,0,0,0,0,20,114,1
00-0016193,Vinny Testaverde,QB,2002,2,REG,2002_02_NE_NYJ,NYJ,NE,15,23,150,1,1,3,-17,0,0,0
00-0016550,Amani Toomer,WR,2002,2,REG,2002_02_NYG_STL,NYG,LA,0,0,0,0,0,0,0,1,2,0
00-0016689,Matt Turk,P,2002,2,REG,2002_02_NE_NYJ,NYJ,NE,0,0,0,0,0,0,0,1,14,0
00-0017162,Hines Ward,WR,2002,2,REG,2002_02_OAK_PIT,PIT,LV,0,0,0,0,0,0,0,1,-1,0
00-0017200,Kurt Warner,QB,2002,2,REG,2002_02_NYG_STL,LA,NYG,26,39,266,1,2,1,-6,2,5,0
00-0017486,Tyrone Wheatley,RB,2002,2,REG,2002_02_OAK_PIT,LV,PIT,0,0,0,0,0,0,0,3,13,0
00-0017892,Moe Williams,RB,2002,2,REG,2002_02_BUF_MIN,MIN,BUF,0,0,0,0,0,0,0,17,102,1
00-0017915,Ricky Williams,RB,2002,2,REG,2002_02_MIA_IND,MIA,IND,0,0,0,0,0,0,0,24,132,0
00-0018333,Danny Wuerffel,QB,2002,2,REG,2002_02_PHI_WAS,WAS,PHI,6,9,57,0,1,4,-29,0,0,0
00-0018501,Amos Zereoue,RB,2002,2,REG,2002_02_OAK_PIT,PIT,LV,0,0,0,0,0,0,0,3,12,0
00-0019057,Jamel White,RB,2002,2,REG,2002_02_CIN_CLE,CLE,CIN,0,0,0,0,0,0,0,8,38,0
00-0019100,Brad Hoover,FB,2002,2,REG,2002_02_DET_CAR,CAR,DET,0,0,0,0,0,0,0,3,16,0
00-0019455,Peter Warrick,WR,2002,2,REG,2002_02_CIN_CLE,CIN,CLE,0,0,0,0,0,0,0,1,11,0
00-0019516,Troy Hambrick,RB,2002,2,REG,2002_02_TEN_DAL,DAL,TEN,0,0,0,0,0,0,0,2,3,0
00-0019533,Patrick Pass,RB,2002,2,REG,2002_02_NE_NYJ,NE,NYJ,0,0,0,0,0,0,0,4,27,0
00-0019534,Rondell Mealey,RB,2002,2,REG,2002_02_GB_NO,GB,NO,0,0,0,0,0,0,0,1,-1,0
00-0019539,Dante Hall,WR,2002,2,REG,2002_02_JAX_KC,KC,JAX,0,0,0,0,0,0,0,1,4,0
00-0019559,Chad Pennington,QB,2002,2,REG,2002_02_NE_NYJ,NYJ,NE,3,10,39,0,0,2,-4,1,9,0
00-0019576,Mike Green,RB,2002,2,REG,2002_02_TEN_DAL,TEN,DAL,0,0,0,0,0,0,0,1,12,0
00-0019587,Terrelle Smith,FB,2002,2,REG,2002_02_GB_NO,NO,GB,0,0,0,0,0,0,0,1,-1,0
00-0019594,Mike Anderson,RB,2002,2,REG,2002_02_DEN_SF,DEN,SF,0,0,0,0,0,0,0,10,95,0
00-0019596,Tom Brady,QB,2002,2,REG,2002_02_NE_NYJ,NE,NYJ,25,35,269,2,1,0,0,2,5,0
00-0019614,Michael Wiley,RB,2002,2,REG,2002_02_TEN_DAL,DAL,TEN,0,0,0,0,0,0,0,2,-2,0
00-0019641,Thomas Jones,RB,2002,2,REG,2002_02_ARI_SEA,ARI,SEA,0,0,0,0,0,0,0,24,173,1
00-0019643,Ron Dayne,RB,2002,2,REG,2002_02_NYG_STL,NYG,LA,0,0,0,0,0,0,0,11,18,0
00-0019647,Shaun Alexander,RB,2002,2,REG,2002_02_ARI_SEA,SEA,ARI,0,0,0,0,0,0,0,17,37,0
00-0019649,Trung Canidate,RB,2002,2,REG,2002_02_NYG_STL,LA,NYG,0,0,0,0,0,0,0,1,0,0
00-0019660,Dez White,WR,2002,2,REG,2002_02_CHI_ATL,CHI,ATL,0,0,0,0,0,0,0,1,21,0
00-0019693,Jamal Lewis,RB,2002,2,REG,2002_02_TB_BAL,BAL,TB,0,0,0,0,0,0,0,17,53,0
00-0019709,Chris Redman,QB,2002,2,REG,2002_02_TB_BAL,BAL,TB,16,38,141,0,1,3,-23,1,0,0
00-0019712,Doug Chapman,RB,2002,2,REG,2002_02_BUF_MIN,MIN,BUF,0,0,0,0,0,0,0,4,41,0
00-0019794,Aveion Cason,RB,2002,2,REG,2002_02_DET_CAR,DET,CAR,0,0,0,0,0,0,0,3,6,0
00-0019808,Kenny Watson,RB,2002,2,REG,2002_02_PHI_WAS,WAS,PHI,0,0,0,0,0,0,0,3,16,0
00-0019831,Nick Goings,RB,2002,2,REG,2002_02_DET_CAR,CAR,DET,0,0,0,0,0,0,0,2,5,0
00-0020022,Marcel Shipp,RB,2002,2,REG,2002_02_ARI_SEA,ARI,SEA,0,0,0,0,0,0,0,8,39,0
00-0020094,Stephen Trejo,RB,2002,2,REG,2002_02_DET_CAR,DET,CAR,0,0,0,0,0,0,0,1,0,0
00-0020173,James Fenderson,RB,2002,2,REG,2002_02_GB_NO,NO,GB,0,0,0,0,0,0,0,1,11,0
00-0020245,Mike Vick,QB,2002,2,REG,2002_02_CHI_ATL,ATL,CHI,17,28,166,1,0,4,-31,10,56,0
00-0020308,Mike McMahon,QB,2002,2,REG,2002_02_DET_CAR,DET,CAR,9,23,95,0,1,6,-57,3,13,1
00-0020337,Steve Smith,WR,2002,2,REG,2002_02_DET_CAR,CAR,DET,0,0,0,0,0,0,0,1,-4,0
00-0020376,Dee Brown,RB,2002,2,REG,2002_02_DET_CAR,CAR,DET,0,0,0,0,0,0,0,3,-2,0
00-0020403,Anthony Thomas,RB,2002,2,REG,2002_02_CHI_ATL,CHI,ATL,0,0,0,0,0,0,0,26,84,1
00-0020404,Quincy Carter,QB,2002,2,REG,2002_02_TEN_DAL,DAL,TEN,14,24,240,2,0,1,-10,4,7,0
00-0020407,Rudi Johnson,RB,2002,2,REG,2002_02_CIN_CLE,CIN,CLE,0,0,0,0,0,0,0,5,24,0
00-0020434,Chris Weinke,QB,2002,2,REG,2002_02_DET_CAR,CAR,DET,0,1,0,0,0,0,0,0,0,0
00-0020448,Travis Minor,RB,2002,2,REG,2002_02_MIA_IND,MIA,IND,0,0,0,0,0,0,0,3,1,0
00-0020462,LaMont Jordan,RB,2002,2,REG,2002_02_NE_NYJ,NYJ,NE,0,0,0,0,0,0,0,1,3,0
00-0020471,Travis Henry,RB,2002,2,REG,2002_02_BUF_MIN,BUF,MIN,0,0,0,0,0,0,0,12,30,0
00-0020474,Kevan Barlow,RB,2002,2,REG,2002_02_DEN_SF,SF,DEN,0,0,0,0,0,0,0,7,47,0
00-0020490,Koren Robinson,WR,2002,2,REG,2002_02_ARI_SEA,SEA,ARI,0,0,0,0,0,0,0,1,6,0
00-0020514,Michael Bennett,RB,2002,2,REG,2002_02_BUF_MIN,MIN,BUF,0,0,0,0,0,0,0,10,45,0
00-0020527,Deuce McAllister,RB,2002,2,REG,2002_02_GB_NO,NO,GB,0,0,0,0,0,0,0,21,123,2
00-0020531,Drew Brees,QB,2002,2,REG,2002_02_HOU_SD,LAC,HOU,15,28,163,1,1,2,-20,3,7,0
00-0020536,LaDainian Tomlinson,RB,2002,2,REG,2002_02_HOU_SD,LAC,HOU,0,0,0,0,0,0,0,27,84,0
00-0020608,David Carr,QB,2002,2,REG,2002_02_HOU_SD,HOU,LAC,6,25,87,0,2,9,-58,3,27,0
00-0021141,Joey Harrington,QB,2002,2,REG,2002_02_DET_CAR,DET,CAR,3,7,11,0,1,0,0,0,0,0
00-0021150,William Green,RB,2002,2,REG,2002_02_CIN_CLE,CLE,CIN,0,0,0,0,0,0,0,17,36,0
00-0021179,Clinton Portis,RB,2002,2,REG,2002_02_DEN_SF,DEN,SF,0,0,0,0,0,0,0,4,12,0
00-0021182,Maurice Morris,RB,2002,2,REG,2002_02_ARI_SEA,SEA,ARI,0,0,0,0,0,0,0,7,35,0
00-0021190,Antwaan Randle El,WR,2002,2,REG,2002_02_OAK_PIT,PIT,LV,0,0,0,0,0,0,0,1,10,0
00-0021216,Brian Westbrook,RB,2002,2,REG,2002_02_PHI_WAS,PHI,WAS,0,0,0,0,0,0,0,2,12,0
00-0021223,Jonathan Wells,RB,2002,2,REG,2002_02_HOU_SD,HOU,LAC,0,0,0,0,0,0,0,6,3,0
00-0021238,Rohan Davey,QB,2002,2,REG,2002_02_NE_NYJ,NE,NYJ,0,0,0,0,0,0,0,2,-4,0
00-0021253,Jarrod Baxter,RB,2002,2,REG,2002_02_HOU_SD,HOU,LAC,0,0,0,0,0,0,0,2,7,0
00-0021314,Chester Taylor,RB,2002,2,REG,2002_02_TB_BAL,BAL,TB,0,0,0,0,0,0,0,2,2,0
00-0021376,T.J. Duckett,RB,2002,2,REG,2002_02_CHI_ATL,ATL,CHI,0,0,0,0,0,0,0,5,32,0
00-0000108,David Akers,K,2002,3,REG,2002_03_DAL_PHI,PHI,DAL,0,0,0,0,0,0,0,1,10,0
00-0000210,James Allen,RB,2002,3,REG,2002_03_IND_HOU,HOU,IND,0,0,0,0,0,0,0,11,27,0
00-0000251,Mike Alstott,FB,2002,3,REG,2002_03_STL_TB,TB,LA,0,0,0,0,0,0,0,5,10,1
00-0000745,Tiki Barber,RB,2002,3,REG,2002_03_SEA_NYG,NYG,SEA,0,0,0,0,0,0,0,21,50,0
00-0001361,Drew Bledsoe,QB,2002,3,REG,2002_03_BUF_DEN,BUF,DEN,27,41,283,2,0,4,-31,0,0,0
00-0001532,David Boston,WR,2002,3,REG,2002_03_SD_ARI,ARI,LAC,0,0,0,0,0,0,0,1,7,0
00-0001627,Corey Bradford,WR,2002,3,REG,2002_03_IND_HOU,HOU,IND,0,0,0,0,0,0,0,1,-11,0
00-0001823,Aaron Brooks,QB,2002,3,REG,2002_03_NO_CHI,NO,CHI,22,34,233,3,1,1,-4,7,28,1
00-0002159,Shawn Bryson,RB,2002,3,REG,2002_03_BUF_DEN,BUF,DEN,0,0,0,0,0,0,0,2,4,0
00-0002970,Bob Christian,FB,2002,3,REG,2002_03_CIN_ATL,ATL,CIN,0,0,0,0,0,0,0,1,0,0
00-0003292,Kerry Collins,QB,2002,3,REG,2002_03_SEA_NYG,NYG,SEA,23,38,282,0,0,3,-25,3,-4,0
00-0003344,Greg Comella,RB,2002,3,REG,2002_03_CLE_TEN,TEN,CLE,0,0,0,0,0,0,0,1,0,0
00-0003535,Tim Couch,QB,2002,3,REG,2002_03_CLE_TEN,CLE,TEN,36,50,326,3,1,3,-15,3,23,0
00-0003739,Daunte Culpepper,QB,2002,3,REG,2002_03_CAR_MIN,MIN,CAR,19,30,191,1,4,5,-14,4,32,0
00-0004052,Stephen Davis,RB,2002,3,REG,2002_03_WAS_SF,WAS,SF,0,0,0,0,0,0,0,13,59,0
00-0004229,Koy Detmer,QB,2002,3,REG,2002_03_DAL_PHI,PHI,DAL,1,2,-3,0,0,0,0,1,3,0
00-0004293,Trent Dilfer,QB,2002,3,REG,2002_03_SEA_NYG,SEA,NYG,16,25,118,0,1,2,-13,2,1,0
00-0004304,Corey Dillon,RB,2002,3,REG,2002_03_CIN_ATL,CIN,ATL,0,0,0,0,0,0,0,18,66,0
00-0004640,Warrick Dunn,RB,2002,3,REG,2002_03_CIN_ATL,ATL,CIN,0,0,0,0,0,0,0,8,18,1
00-0004673,Tim Dwight,WR,2002,3,REG,2002_03_SD_ARI,LAC,ARI,0,0,0,0,0,0,0,2,3,0
00-0004768,Marc Edwards,FB,2002,3,REG,2002_03_KC_NE,NE,KC,0,0,0,0,0,0,0,2,4,0
00-0004774,Robert Edwards,RB,2002,3,REG,2002_03_NYJ_MIA,MIA,NYJ,0,0,0,0,0,0,0,2,16,0
00-0005091,Kevin Faulk,RB,2002,3,REG,2002_03_KC_NE,NE,KC,0,1,0,0,0,0,0,1,-1,0
00-0005092,Marshall Faulk,RB,2002,3,REG,2002_03_STL_TB,LA,TB,0,0,0,0,0,0,0,6,9,1
00-0005106,Brett Favre,QB,2002,3,REG,2002_03_GB_DET,GB,DET,31,47,357,3,1,1,-10,1,-1,0
00-0005180,Jay Fiedler,QB,2002,3,REG,2002_03_NYJ_MIA,MIA,NYJ,16,30,185,1,0,1,-2,2,5,0
00-0005324,Terrell Fletcher,RB,2002,3,REG,2002_03_SD_ARI,LAC,ARI,0,0,0,0,0,0,0,2,4,0
00-0005589,Gus Frerotte,QB,2002,3,REG,2002_03_CIN_ATL,CIN,ATL,0,7,0,0,1,1,-5,0,0,0
00-0005755,Jeff Garcia,QB,2002,3,REG,2002_03_WAS_SF,SF,WAS,10,19,84,0,1,1,-9,3,21,0
00-0005883,Eddie George,RB,2002,3,REG,2002_03_CLE_TEN,TEN,CLE,0,0,0,0,0,0,0,23,59,1
00-0006331,Jacquez Green,WR,2002,3,REG,2002_03_WAS_SF,WAS,SF,0,0,0,0,0,0,0,1,1,0
00-0006355,Trent Green,QB,2002,3,REG,2002_03_KC_NE,KC,NE,16,25,149,3,2,3,-21,2,7,0
00-0006423,Brian Griese,QB,2002,3,REG,2002_03_BUF_DEN,DEN,BUF,19,31,211,2,0,4,-32,5,4,0
00-0006627,Az-Zahir Hakim,WR,2002,3,REG,2002_03_GB_DET,DET,GB,0,0,0,0,0,0,0,1,-5,0
00-0007180,Garrison Hearst,RB,2002,3,REG,2002_03_WAS_SF,SF,WAS,0,0,0,0,0,0,0,19,97,0
00-0007661,Priest Holmes,RB,2002,3,REG,2002_03_KC_NE,KC,NE,0,0,0,0,0,0,0,30,180,2
00-0008241,Edgerrin James,RB,2002,3,REG,2002_03_IND_HOU,IND,HOU,0,0,0,0,0,0,0,25,88,0
00-0008391,Travis Jervey,RB,2002,3,REG,2002_03_CIN_ATL,ATL,CIN,0,0,0,0,0,0,0,2,4,0
00-0008442,Brad Johnson,QB,2002,3,REG,2002_03_STL_TB,TB,LA,23,32,199,1,0,1,-10,0,0,0
00-0008568,Leon Johnson,RB,2002,3,REG,2002_03_NO_CHI,CHI,NO,0,0,0,0,0,0,0,1,7,0
00-0009311,Jon Kitna,QB,2002,3,REG,2002_03_CIN_ATL,CIN,ATL,18,35,136,0,1,1,-6,1,-3,0
00-0009829,Dorsey Levens,RB,2002,3,REG,2002_03_DAL_PHI,PHI,DAL,0,0,0,0,0,0,0,1,-1,0
00-0010346,Peyton Manning,QB,2002,3,REG,2002_03_IND_HOU,IND,HOU,21,28,272,2,0,3,-21,2,0,0
00-0010442,Curtis Martin,RB,2002,3,REG,2002_03_NYJ_MIA,NYJ,MIA,0,0,0,0,0,0,0,16,43,0
00-0010560,Shane Matthews,QB,2002,3,REG,2002_03_WAS_SF,WAS,SF,17,28,169,1,0,2,-17,0,0,0
00-0010974,James McKnight,WR,2002,3,REG,2002_03_NYJ_MIA,MIA,NYJ,0,0,0,0,0,0,0,2,12,0
00-0011022,Donovan McNabb,QB,2002,3,REG,2002_03_DAL_PHI,PHI,DAL,24,37,287,3,0,3,-15,6,67,1
00-0011024,Steve McNair,QB,2002,3,REG,2002_03_CLE_TEN,TEN,CLE,15,23,107,2,0,1,-6,5,17,0
00-0011276,Jim Miller,QB,2002,3,REG,2002_03_NO_CHI,CHI,NO,26,40,236,2,1,1,-8,2,7,0
00-0011958,Lorenzo Neal,FB,2002,3,REG,2002_03_CIN_ATL,CIN,ATL,0,0,0,0,0,0,0,1,3,0
00-0012478,Terrell Owens,WR,2002,3,REG,2002_03_WAS_SF,SF,WAS,0,0,0,0,0,0,0,1,38,1
00-0012732,Rodney Peete,QB,2002,3,REG,2002_03_CAR_MIN,CAR,MIN,20,30,221,1,2,3,-15,0,0,0
00-0013013,Michael Pittman,RB,2002,3,REG,2002_03_STL_TB,TB,LA,0,0,0,0,0,0,0,11,53,0
00-0013042,Jake Plummer,QB,2002,3,REG,2002_03_SD_ARI,ARI,LAC,16,36,229,2,2,3,-29,3,17,0
00-0014083,Tom Rouen,P,2002,3,REG,2002_03_BUF_DEN,DEN,BUF,0,0,0,0,0,0,0,1,0,0
00-0014450,Cory Schlesinger,FB,2002,3,REG,2002_03_GB_DET,DET,GB,0,0,0,0,0,0,0,5,12,1
00-0015091,Antowain Smith,RB,2002,3,REG,2002_03_KC_NE,NE,KC,0,0,0,0,0,0,0,16,92,1
00-0015165,Emmitt Smith,RB,2002,3,REG,2002_03_DAL_PHI,DAL,PHI,0,0,0,0,0,0,0,11,52,0
00-0015242,Lamar Smith,RB,2002,3,REG,2002_03_CAR_MIN,CAR,MIN,0,0,0,0,0,0,0,30,154,2
00-0015523,Duce Staley,RB,2002,3,REG,2002_03_DAL_PHI,PHI,DAL,0,0,0,0,0,0,0,11,41,0
00-0015698,James Stewart,RB,2002,3,REG,2002_03_GB_DET,DET,GB,0,0,0,0,0,0,0,14,88,0
00-0016193,Vinny Testaverde,QB,2002,3,REG,2002_03_NYJ_MIA,NYJ,MIA,14,25,125,0,2,2,-18,1,-1,0
00-0016316,Robert Thomas,FB,2002,3,REG,2002_03_DAL_PHI,DAL,PHI,0,0,0,0,0,0,0,3,20,0
00-0016373,Derrius Thompson,WR,2002,3,REG,2002_03_WAS_SF,WAS,SF,0,0,0,0,0,0,0,1,-5,0
00-0016440,James Thrash,WR,2002,3,REG,2002_03_DAL_PHI,PHI,DAL,0,0,0,0,0,0,0,2,33,0
00-0017200,Kurt Warner,QB,2002,3,REG,2002_03_STL_TB,LA,TB,30,45,301,0,4,5,-32,3,19,0
00-0017218,Lamont Warren,RB,2002,3,REG,2002_03_GB_DET,DET,GB,0,0,0,0,0,0,0,1,0,0
00-0017697,Terrence Wilkins,WR,2002,3,REG,2002_03_STL_TB,LA,TB,0,0,0,0,0,0,0,1,2,0
00-0017892,Moe Williams,RB,2002,3,REG,2002_03_CAR_MIN,MIN,CAR,0,0,0,0,0,0,0,4,16,0
00-0017915,Ricky Williams,RB,2002,3,REG,2002_03_NYJ_MIA,MIA,NYJ,0,0,0,0,0,0,0,24,151,1
00-0018333,Danny Wuerffel,QB,2002,3,REG,2002_03_WAS_SF,WAS,SF,1,2,14,0,1,1,-6,0,0,0
00-0019057,Jamel White,RB,2002,3,REG,2002_03_CLE_TEN,CLE,TEN,0,0,0,0,0,0,0,9,43,0
00-0019087,Doug Johnson,QB,2002,3,REG,2002_03_CIN_ATL,ATL,CIN,0,0,0,0,0,0,0,2,-2,0
00-0019109,Scottie Montgomery,WR,2002,3,REG,2002_03_BUF_DEN,DEN,BUF,0,0,0,0,0,0,0,1,28,0
00-0019516,Troy Hambrick,RB,2002,3,REG,2002_03_DAL_PHI,DAL,PHI,0,0,0,0,0,0,0,5,11,0
00-0019534,Rondell Mealey,RB,2002,3,REG,2002_03_GB_DET,GB,DET,0,0,0,0,0,0,0,5,7,0
00-0019539,Dante Hall,WR,2002,3,REG,2002_03_KC_NE,KC,NE,0,0,0,0,0,0,0,2,34,0
00-0019559,Chad Pennington,QB,2002,3,REG,2002_03_NYJ_MIA,NYJ,MIA,2,3,32,0,1,1,-8,0,0,0
00-0019576,Mike Green,RB,2002,3,REG,2002_03_CLE_TEN,TEN,CLE,0,0,0,0,0,0,0,4,9,0
00-0019594,Mike Anderson,RB,2002,3,REG,2002_03_BUF_DEN,DEN,BUF,0,0,0,0,0,0,0,7,28,0
00-0019596,Tom Brady,QB,2002,3,REG,2002_03_KC_NE,NE,KC,39,54,410,4,1,4,-11,1,2,0
00-0019614,Michael Wiley,RB,2002,3,REG,2002_03_DAL_PHI,DAL,PHI,0,0,0,0,0,0,0,4,20,0
00-0019623,Tim Rattay,QB,2002,3,REG,2002_03_WAS_SF,SF,WAS,5,9,41,0,0,1,-2,3,2,0
00-0019641,Thomas Jones,RB,2002,3,REG,2002_03_SD_ARI,ARI,LAC,0,0,0,0,0,0,0,17,73,0
00-0019643,Ron Dayne,RB,2002,3,REG,2002_03_SEA_NYG,NYG,SEA,0,0,0,0,0,0,0,11,48,0
00-0019647,Shaun Alexander,RB,2002,3,REG,2002_03_SEA_NYG,SEA,NYG,0,0,0,0,0,0,0,14,37,0
00-0019649,Trung Canidate,RB,2002,3,REG,2002_03_STL_TB,LA,TB,0,0,0,0,0,0,0,6,15,0
00-0019663,Darrell Jackson,WR,2002,3,REG,2002_03_SEA_NYG,SEA,NYG,0,0,0,0,0,0,0,2,2,0
00-0019712,Doug Chapman,RB,2002,3,REG,2002_03_CAR_MIN,MIN,CAR,0,0,0,0,0,0,0,1,2,0
00-0019831,Nick Goings,RB,2002,3,REG,2002_03_CAR_MIN,CAR,MIN,0,0,0,0,0,0,0,3,10,0
00-0020245,Mike Vick,QB,2002,3,REG,2002_03_CIN_ATL,ATL,CIN,16,26,174,2,0,1,-11,5,56,0
00-0020403,Anthony Thomas,RB,2002,3,REG,2002_03_NO_CHI,CHI,NO,0,0,0,0,0,0,0,27,111,0
00-0020404,Quincy Carter,QB,2002,3,REG,2002_03_DAL_PHI,DAL,PHI,21,35,201,0,1,3,-18,3,-6,0
00-0020446,Chris Chambers,WR,2002,3,REG,2002_03_NYJ_MIA,MIA,NYJ,0,0,0,0,0,0,0,1,6,0
00-0020448,Travis Minor,RB,2002,3,REG,2002_03_NYJ_MIA,MIA,NYJ,0,0,0,0,0,0,0,4,21,1
00-0020462,LaMont Jordan,RB,2002,3,REG,2002_03_NYJ_MIA,NYJ,MIA,0,0,0,0,0,0,0,4,11,0
00-0020471,Travis Henry,RB,2002,3,REG,2002_03_BUF_DEN,BUF,DEN,0,0,0,0,0,0,0,12,35,1
00-0020474,Kevan Barlow,RB,2002,3,REG,2002_03_WAS_SF,SF,WAS,0,0,0,0,0,0,0,15,94,1
00-0020494,Santana Moss,WR,2002,3,REG,2002_03_NYJ_MIA,NYJ,MIA,0,0,0,0,0,0,0,1,5,0
00-0020514,Michael Bennett,RB,2002,3,REG,2002_03_CAR_MIN,MIN,CAR,0,0,0,0,0,0,0,9,23,1
00-0020527,Deuce McAllister,RB,2002,3,REG,2002_03_NO_CHI,NO,CHI,0,0,0,0,0,0,0,17,45,0
00-0020531,Drew Brees,QB,2002,3,REG,2002_03_SD_ARI,LAC,ARI,17,31,181,0,1,2,-17,3,21,0
00-0020536,LaDainian Tomlinson,RB,2002,3,REG,2002_03_SD_ARI,LAC,ARI,0,0,0,0,0,0,0,26,91,2
00-0020608,David Carr,QB,2002,3,REG,2002_03_IND_HOU,HOU,IND,12,22,99,0,1,4,-21,4,17,0
00-0020964,Tony Fisher,RB,2002,3,REG,2002_03_GB_DET,GB,DET,0,0,0,0,0,0,0,3,5,0
00-0021031,John Simon,RB,2002,3,REG,2002_03_CLE_TEN,TEN,CLE,0,0,0,0,0,0,0,1,1,0
00-0021141,Joey Harrington,QB,2002,3,REG,2002_03_GB_DET,DET,GB,15,35,182,2,4,1,-6,0,0,0
00-0021150,William Green,RB,2002,3,REG,2002_03_CLE_TEN,CLE,TEN,0,0,0,0,0,0,0,8,26,0
00-0021176,Reche Caldwell,WR,2002,3,REG,2002_03_SD_ARI,LAC,ARI,0,0,0,0,0,0,0,1,6,0
00-0021179,Clinton Portis,RB,2002,3,REG,2002_03_BUF_DEN,DEN,BUF,0,0,0,0,0,0,0,18,103,1
00-0021184,Ladell Betts,RB,2002,3,REG,2002_03_WAS_SF,WAS,SF,0,0,0,0,0,0,0,1,2,0
00-0021191,Antonio Bryant,WR,2002,3,REG,2002_03_DAL_PHI,DAL,PHI,0,0,0,0,0,0,0,1,24,0
00-0021209,Lamar Gordon,RB,2002,3,REG,2002_03_STL_TB,LA,TB,0,0,0,0,0,0,0,4,44,1
00-0021216,Brian Westbrook,RB,2002,3,REG,2002_03_DAL_PHI,PHI,DAL,1,1,25,1,0,0,0,4,0,0
00-0021223,Jonathan Wells,RB,2002,3,REG,2002_03_IND_HOU,HOU,IND,0,0,0,0,0,0,0,14,93,0
00-0021252,Najeh Davenport,RB,2002,3,REG,2002_03_GB_DET,GB,DET,0,0,0,0,0,0,0,22,84,0
00-0021376,T.J. Duckett,RB,2002,3,REG,2002_03_CIN_ATL,ATL,CIN,0,0,0,0,0,0,0,18,67,0
00-0000210,James Allen,RB,2002,4,REG,2002_04_HOU_PHI,HOU,PHI,0,0,0,0,0,0,0,14,41,0
00-0000251,Mike Alstott,FB,2002,4,REG,2002_04_TB_CIN,TB,CIN,0,0,0,0,0,0,0,7,29,1
00-0000745,Tiki Barber,RB,2002,4,REG,2002_04_NYG_ARI,NYG,ARI,0,0,0,0,0,0,0,13,55,1
00-0001098,Brandon Bennett,RB,2002,4,REG,2002_04_TB_CIN,CIN,TB,0,0,0,0,0,0,0,2,0,0
00-0001215,Jerome Bettis,RB,2002,4,REG,2002_04_CLE_PIT,PIT,CLE,0,0,0,0,0,0,0,14,24,0
00-0001361,Drew Bledsoe,QB,2002,4,REG,2002_04_CHI_BUF,BUF,CHI,28,36,328,4,0,2,-21,2,4,0
00-0001823,Aaron Brooks,QB,2002,4,REG,2002_04_NO_DET,NO,DET,27,48,269,2,2,3,-22,4,49,0
00-0002058,Tim Brown,WR,2002,4,REG,2002_04_TEN_OAK,LV,TEN,0,0,0,0,0,0,0,1,-2,0
00-0002099,Isaac Bruce,WR,2002,4,REG,2002_04_DAL_STL,LA,DAL,0,0,0,0,0,0,0,1,13,0
00-0002110,Mark Brunell,QB,2002,4,REG,2002_04_NYJ_JAX,NYJ,JAX,10,15,173,0,0,1,-6,2,13,0
00-0002159,Shawn Bryson,RB,2002,4,REG,2002_04_CHI_BUF,BUF,CHI,0,0,0,0,0,0,0,11,31,0
00-0003136,Mike Cloud,RB,2002,4,REG,2002_04_MIA_KC,KC,MIA,0,0,0,0,0,0,0,3,8,0
00-0003292,Kerry Collins,QB,2002,4,REG,2002_04_NYG_ARI,NYG,ARI,19,36,199,0,2,1,-3,0,0,0
00-0003396,Curtis Conway,WR,2002,4,REG,2002_04_NE_SD,LAC,NE,0,0,0,0,0,0,0,1,5,0
00-0003400,Ernie Conwell,TE,2002,4,REG,2002_04_DAL_STL,LA,DAL,0,0,0,0,0,0,0,1,2,0
00-0003535,Tim Couch,QB,2002,4,REG,2002_04_CLE_PIT,CLE,PIT,16,29,144,0,2,3,-22,1,2,0
00-0003739,Daunte Culpepper,QB,2002,4,REG,2002_04_MIN_SEA,MIN,SEA,29,53,273,0,2,4,-24,9,63,1
00-0004293,Trent Dilfer,QB,2002,4,REG,2002_04_MIN_SEA,SEA,MIN,13,28,222,1,0,0,0,3,5,0
00-0004304,Corey Dillon,RB,2002,4,REG,2002_04_TB_CIN,CIN,TB,0,0,0,0,0,0,0,21,59,0
00-0004541,Donald Driver,WR,2002,4,REG,2002_04_CAR_GB,GB,CAR,0,0,0,0,0,0,0,1,15,0
00-0004768,Marc Edwards,FB,2002,4,REG,2002_04_NE_SD,NE,LAC,0,0,0,0,0,0,0,3,3,0
00-0004774,Robert Edwards,RB,2002,4,REG,2002_04_MIA_KC,MIA,KC,0,0,0,0,0,0,0,1,5,0
00-0005091,Kevin Faulk,RB,2002,4,REG,2002_04_NE_SD,NE,LAC,0,0,0,0,0,0,0,1,3,0
00-0005092,Marshall Faulk,RB,2002,4,REG,2002_04_DAL_STL,LA,DAL,0,0,0,0,0,0,0,18,73,0
00-0005106,Brett Favre,QB,2002,4,REG,2002_04_CAR_GB,GB,CAR,18,32,200,1,1,4,-32,1,-1,0
00-0005113,Jeff Feagles,P,2002,4,REG,2002_04_MIN_SEA,SEA,MIN,0,0,0,0,0,0,0,1,-8,0
00-0005180,Jay Fiedler,QB,2002,4,REG,2002_04_MIA_KC,MIA,KC,29,45,310,1,4,2,-16,3,15,1
00-0005324,Terrell Fletcher,RB,2002,4,REG,2002_04_NE_SD,LAC,NE,0,0,0,0,0,0,0,2,12,0
00-0005620,Chris Fuamatu-Ma'afala,RB,2002,4,REG,2002_04_CLE_PIT,PIT,CLE,0,0,0,0,0,0,0,5,20,0
00-0005720,Joey Galloway,WR,2002,4,REG,2002_04_DAL_STL,DAL,LA,0,0,0,0,0,0,0,1,-7,0
00-0005741,Rich Gannon,QB,2002,4,REG,2002_04_TEN_OAK,LV,TEN,29,39,381,4,0,2,-7,0,0,0
00-0005779,Charlie Garner,RB,2002,4,REG,2002_04_TEN_OAK,LV,TEN,0,0,0,0,0,0,0,11,57,0
00-0005816,Olandis Gary,RB,2002,4,REG,2002_04_DEN_BAL,DEN,BAL,0,0,0,0,0,0,0,5,18,0
00-0005883,Eddie George,RB,2002,4,REG,2002_04_TEN_OAK,TEN,LV,0,0,0,0,0,0,0,11,26,1
00-0006305,Ahman Green,RB,2002,4,REG,2002_04_CAR_GB,GB,CAR,0,0,0,0,0,0,0,17,73,0
00-0006355,Trent Green,QB,2002,4,REG,2002_04_MIA_KC,KC,MIA,24,34,328,5,0,0,0,3,48,0
00-0006423,Brian Griese,QB,2002,4,REG,2002_04_DEN_BAL,DEN,BAL,35,53,328,1,3,3,-22,2,4,1
00-0007661,Priest Holmes,RB,2002,4,REG,2002_04_MIA_KC,KC,MIA,0,0,0,0,0,0,0,23,52,1
00-0007969,Richard Huntley,RB,2002,4,REG,2002_04_NO_DET,DET,NO,0,0,0,0,0,0,0,3,4,0
00-0008357,MarTay Jenkins,WR,2002,4,REG,2002_04_NYG_ARI,ARI,NYG,0,0,0,0,0,0,0,1,-9,0
00-0008401,John Jett,P,2002,4,REG,2002_04_NO_DET,DET,NO,0,0,0,0,0,0,0,1,0,0
00-0008442,Brad Johnson,QB,2002,4,REG,2002_04_TB_CIN,TB,CIN,19,30,277,3,2,2,-15,0,0,0
00-0008568,Leon Johnson,RB,2002,4,REG,2002_04_CHI_BUF,CHI,BUF,0,0,0,0,0,0,0,1,5,0
00-0008598,Pat Johnson,WR,2002,4,REG,2002_04_NYJ_JAX,NYJ,JAX,0,0,0,0,0,1,-7,0,0,0
00-0008612,Rob Johnson,QB,2002,4,REG,2002_04_TB_CIN,TB,CIN,0,0,0,0,0,0,0,1,4,0
00-0009163,Eddie Kennison,WR,2002,4,REG,2002_04_MIA_KC,KC,MIA,0,0,0,0,0,0,0,1,4,0
00-0009288,Terry Kirby,RB,2002,4,REG,2002_04_TEN_OAK,LV,TEN,0,0,0,0,0,0,0,2,16,0
00-0009829,Dorsey Levens,RB,2002,4,REG,2002_04_HOU_PHI,PHI,HOU,0,0,0,0,0,0,0,5,20,0
00-0010240,Stacey Mack,RB,2002,4,REG,2002_04_NYJ_JAX,NYJ,JAX,0,0,0,0,0,0,0,15,70,3
00-0010261,Tommy Maddox,QB,2002,4,REG,2002_04_CLE_PIT,PIT,CLE,11,13,122,1,1,0,0,2,1,0
00-0010442,Curtis Martin,RB,2002,4,REG,2002_04_NYJ_JAX,NYJ,JAX,0,0,0,0,0,0,0,8,44,0
00-0010455,Jamie Martin,QB,2002,4,REG,2002_04_DAL_STL,LA,DAL,24,37,262,1,1,1,-6,1,5,0
00-0010974,James McKnight,WR,2002,4,REG,2002_04_MIA_KC,MIA,KC,0,0,0,0,0,0,0,1,19,0
00-0011022,Donovan McNabb,QB,2002,4,REG,2002_04_HOU_PHI,PHI,HOU,24,42,259,1,1,3,-27,7,23,0
00-0011024,Steve McNair,QB,2002,4,REG,2002_04_TEN_OAK,TEN,LV,32,46,398,2,4,2,-11,1,6,0
00-0011276,Jim Miller,QB,2002,4,REG,2002_04_CHI_BUF,CHI,BUF,19,31,188,2,0,0,0,1,-1,0
00-0011399,Brian Mitchell,RB,2002,4,REG,2002_04_HOU_PHI,PHI,HOU,1,1,57,1,0,0,0,0,0,0
00-0011754,Randy Moss,WR,2002,4,REG,2002_04_MIN_SEA,MIN,SEA,0,0,0,0,0,0,0,1,11,0
00-0011958,Lorenzo Neal,FB,2002,4,REG,2002_04_TB_CIN,CIN,TB,0,0,0,0,0,0,0,2,10,0
00-0012732,Rodney Peete,QB,2002,4,REG,2002_04_CAR_GB,CAR,GB,10,24,202,0,0,4,-9,1,-1,0
00-0013013,Michael Pittman,RB,2002,4,REG,2002_04_TB_CIN,TB,CIN,0,0,0,0,0,0,0,19,54,0
00-0013042,Jake Plummer,QB,2002,4,REG,2002_04_NYG_ARI,ARI,NYG,23,32,168,1,0,1,-7,7,9,0
00-0013268,Ricky Proehl,WR,2002,4,REG,2002_04_DAL_STL,LA,DAL,0,1,0,0,0,0,0,0,0,0
00-0013639,Jerry Rice,WR,2002,4,REG,2002_04_TEN_OAK,LV,TEN,0,0,0,0,0,0,0,1,7,0
00-0013694,Tony Richardson,FB,2002,4,REG,2002_04_MIA_KC,KC,MIA,0,0,0,0,0,0,0,2,5,0
00-0014450,Cory Schlesinger,FB,2002,4,REG,2002_04_NO_DET,DET,NO,0,0,0,0,0,0,0,6,19,0
00-0015082,Akili Smith,QB,2002,4,REG,2002_04_TB_CIN,CIN,TB,12,33,117,0,1,3,-23,4,5,0
00-0015091,Antowain Smith,RB,2002,4,REG,2002_04_NE_SD,NE,LAC,0,0,0,0,0,0,0,16,78,0
00-0015165,Emmitt Smith,RB,2002,4,REG,2002_04_DAL_STL,DAL,LA,0,0,0,0,0,0,0,13,58,0
00-0015242,Lamar Smith,RB,2002,4,REG,2002_04_CAR_GB,CAR,GB,0,0,0,0,0,0,0,22,66,2
00-0015290,Rod Smith,WR,2002,4,REG,2002_04_DEN_BAL,DEN,BAL,0,1,0,0,0,0,0,0,0,0
00-0015523,Duce Staley,RB,2002,4,REG,2002_04_HOU_PHI,PHI,HOU,0,0,0,0,0,0,0,12,33,2
00-0015601,Aaron Stecker,RB,2002,4,REG,2002_04_TB_CIN,TB,CIN,0,0,0,0,0,0,0,1,14,0
00-0015698,James Stewart,RB,2002,4,REG,2002_04_NO_DET,DET,NO,0,0,0,0,0,0,0,18,65,0
00-0015700,Kordell Stewart,QB,2002,4,REG,2002_04_CLE_PIT,PIT,CLE,15,25,143,0,1,0,0,7,30,0
00-0015754,Brandon Stokley,WR,2002,4,REG,2002_04_DEN_BAL,BAL,DEN,0,0,0,0,0,0,0,1,6,0
00-0015830,Mack Strong,FB,2002,4,REG,2002_04_MIN_SEA,SEA,MIN,0,0,0,0,0,0,0,1,9,0
00-0016098,Fred Taylor,RB,2002,4,REG,2002_04_NYJ_JAX,NYJ,JAX,0,0,0,0,0,0,0,21,142,1
00-0016193,Vinny Testaverde,QB,2002,4,REG,2002_04_NYJ_JAX,NYJ,JAX,0,4,0,0,0,1,-10,0,0,0
00-0016316,Robert Thomas,FB,2002,4,REG,2002_04_DAL_STL,DAL,LA,0,0,0,0,0,0,0,1,3,0
00-0016440,James Thrash,WR,2002,4,REG,2002_04_HOU_PHI,PHI,HOU,0,0,0,0,0,0,0,1,19,0
00-0016689,Matt Turk,P,2002,4,REG,2002_04_NYJ_JAX,NYJ,JAX,0,1,0,0,1,0,0,0,0,0
00-0017200,Kurt Warner,QB,2002,4,REG,2002_04_DAL_STL,LA,DAL,1,2,17,0,1,0,0,0,0,0
00-0017486,Tyrone Wheatley,RB,2002,4,REG,2002_04_TEN_OAK,LV,TEN,0,0,0,0,0,0,0,4,15,0
00-0017892,Moe Williams,RB,2002,4,REG,2002_04_MIN_SEA,MIN,SEA,0,0,0,0,0,0,0,6,19,2
00-0017915,Ricky Williams,RB,2002,4,REG,2002_04_MIA_KC,MIA,KC,0,0,0,0,0,0,0,14,66,1
00-0018501,Amos Zereoue,RB,2002,4,REG,2002_04_CLE_PIT,PIT,CLE,0,0,0,0,0,0,0,4,10,0
00-0018958,Laveranues Coles,WR,2002,4,REG,2002_04_NYJ_JAX,NYJ,JAX,0,0,0,0,0,0,0,1,-1,0
00-0019057,Jamel White,RB,2002,4,REG,2002_04_CLE_PIT,CLE,PIT,0,0,0,0,0,0,0,16,105,1
00-0019100,Brad Hoover,FB,2002,4,REG,2002_04_CAR_GB,CAR,GB,0,0,0,0,0,0,0,3,22,0
00-0019516,Troy Hambrick,RB,2002,4,REG,2002_04_DAL_STL,DAL,LA,0,0,0,0,0,0,0,6,40,0
00-0019539,Dante Hall,WR,2002,4,REG,2002_04_MIA_KC,KC,MIA,0,0,0,0,0,0,0,1,5,0
00-0019559,Chad Pennington,QB,2002,4,REG,2002_04_NYJ_JAX,NYJ,JAX,21,34,281,0,1,1,-4,0,0,0
00-0019590,Chad Morton,RB,2002,4,REG,2002_04_NYJ_JAX,NYJ,JAX,0,0,0,0,0,0,0,1,1,0
00-0019594,Mike Anderson,RB,2002,4,REG,2002_04_DEN_BAL,DEN,BAL,0,0,0,0,0,0,0,5,19,0
00-0019596,Tom Brady,QB,2002,4,REG,2002_04_NE_SD,NE,LAC,36,53,353,2,2,0,0,1,3,0
00-0019610,Reuben Droughns,RB,2002,4,REG,2002_04_DEN_BAL,DEN,BAL,0,0,0,0,0,0,0,1,1,1
00-0019614,Michael Wiley,RB,2002,4,REG,2002_04_DAL_STL,DAL,LA,0,0,0,0,0,0,0,2,2,0
00-0019641,Thomas Jones,RB,2002,4,REG,2002_04_NYG_ARI,ARI,NYG,0,0,0,0,0,0,0,11,10,0
00-0019643,Ron Dayne,RB,2002,4,REG,2002_04_NYG_ARI,NYG,ARI,0,0,0,0,0,0,0,3,2,0
00-0019644,Bubba Franks,TE,2002,4,REG,2002_04_CAR_GB,GB,CAR,1,1,31,1,0,0,0,0,0,0
00-0019647,Shaun Alexander,RB,2002,4,REG,2002_04_MIN_SEA,SEA,MIN,0,0,0,0,0,0,0,24,139,4
00-0019660,Dez White,WR,2002,4,REG,2002_04_CHI_BUF,CHI,BUF,0,0,0,0,0,0,0,1,0,0
00-0019693,Jamal Lewis,RB,2002,4,REG,2002_04_DEN_BAL,BAL,DEN,0,0,0,0,0,0,0,25,78,1
00-0019709,Chris Redman,QB,2002,4,REG,2002_04_DEN_BAL,BAL,DEN,13,24,152,2,0,1,-6,4,0,0
00-0019712,Doug Chapman,RB,2002,4,REG,2002_04_MIN_SEA,MIN,SEA,0,0,0,0,0,0,0,1,10,0
00-0019722,J.R. Redmond,RB,2002,4,REG,2002_04_NE_SD,NE,LAC,0,0,0,0,0,0,0,1,-4,0
00-0020022,Marcel Shipp,RB,2002,4,REG,2002_04_NYG_ARI,ARI,NYG,0,0,0,0,0,0,0,17,92,1
00-0020214,Matt Allen,P,2002,4,REG,2002_04_NYG_ARI,NYG,ARI,0,0,0,0,0,0,0,1,10,0
00-0020376,Dee Brown,RB,2002,4,REG,2002_04_CAR_GB,CAR,GB,0,0,0,0,0,0,0,9,52,0
00-0020403,Anthony Thomas,RB,2002,4,REG,2002_04_CHI_BUF,CHI,BUF,0,0,0,0,0,0,0,23,48,0
00-0020404,Quincy Carter,QB,2002,4,REG,2002_04_DAL_STL,DAL,LA,26,36,204,1,1,2,-11,4,26,0
00-0020405,Marques Tuiasosopo,QB,2002,4,REG,2002_04_TEN_OAK,LV,TEN,0,0,0,0,0,0,0,2,-3,0
00-0020462,LaMont Jordan,RB,2002,4,REG,2002_04_NYJ_JAX,NYJ,JAX,0,0,0,0,0,0,0,12,34,0
00-0020471,Travis Henry,RB,2002,4,REG,2002_04_CHI_BUF,BUF,CHI,0,0,0,0,0,0,0,12,68,0
00-0020490,Koren Robinson,WR,2002,4,REG,2002_04_MIN_SEA,SEA,MIN,0,0,0,0,0,0,0,1,11,0
00-0020497,Freddie Mitchell,WR,2002,4,REG,2002_04_HOU_PHI,PHI,HOU,0,1,0,0,0,0,0,0,0,0
00-0020514,Michael Bennett,RB,2002,4,REG,2002_04_MIN_SEA,MIN,SEA,0,0,0,0,0,0,0,15,91,0
00-0020527,Deuce McAllister,RB,2002,4,REG,2002_04_NO_DET,NO,DET,0,0,0,0,0,0,0,12,61,1
00-0020531,Drew Brees,QB,2002,4,REG,2002_04_NE_SD,LAC,NE,10,18,104,1,0,0,0,4,4,0
00-0020536,LaDainian Tomlinson,RB,2002,4,REG,2002_04_NE_SD,LAC,NE,0,0,0,0,0,0,0,27,217,2
00-0020608,David Carr,QB,2002,4,REG,2002_04_HOU_PHI,HOU,PHI,16,29,188,2,2,7,-37,2,17,0
00-0021031,John Simon,RB,2002,4,REG,2002_04_TEN_OAK,TEN,LV,0,0,0,0,0,0,0,4,11,1
00-0021141,Joey Harrington,QB,2002,4,REG,2002_04_NO_DET,DET,NO,20,35,267,1,0,0,0,2,-3,0
00-0021150,William Green,RB,2002,4,REG,2002_04_CLE_PIT,CLE,PIT,0,0,0,0,0,0,0,7,16,0
00-0021179,Clinton Portis,RB,2002,4,REG,2002_04_DEN_BAL,DEN,BAL,0,0,0,0,0,0,0,8,55,0
00-0021182,Maurice Morris,RB,2002,4,REG,2002_04_MIN_SEA,SEA,MIN,0,0,0,0,0,0,0,1,3,0
00-0021190,Antwaan Randle El,WR,2002,4,REG,2002_04_CLE_PIT,PIT,CLE,0,1,0,0,0,0,0,2,8,0
00-0021192,Deion Branch,WR,2002,4,REG,2002_04_NE_SD,NE,LAC,0,0,0,0,0,0,0,1,4,0
00-0021216,Brian Westbrook,RB,2002,4,REG,2002_04_HOU_PHI,PHI,HOU,0,0,0,0,0,0,0,4,7,0
00-0021223,Jonathan Wells,RB,2002,4,REG,2002_04_HOU_PHI,HOU,PHI,0,0,0,0,0,0,0,8,33,0
00-0021231,David Garrard,QB,2002,4,REG,2002_04_NYJ_JAX,NYJ,JAX,0,0,0,0,0,0,0,2,-2,0
00-0021252,Najeh Davenport,RB,2002,4,REG,2002_04_CAR_GB,GB,CAR,0,0,0,0,0,0,0,3,12,0
00-0000251,Mike Alstott,FB,2002,5,REG,2002_05_TB_ATL,TB,ATL,0,0,0,0,0,0,0,4,9,0
00-0000339,Richie Anderson,FB,2002,5,REG,2002_05_KC_NYJ,NYJ,KC,0,0,0,0,0,0,0,1,16,0
00-0000745,Tiki Barber,RB,2002,5,REG,2002_05_NYG_DAL,NYG,DAL,0,0,0,0,0,0,0,17,94,0
00-0001215,Jerome Bettis,RB,2002,5,REG,2002_05_PIT_NO,PIT,NO,0,0,0,0,0,0,0,19,84,1
00-0001361,Drew Bledsoe,QB,2002,5,REG,2002_05_OAK_BUF,BUF,LV,32,53,417,2,3,5,-18,2,17,0
00-0001823,Aaron Brooks,QB,2002,5,REG,2002_05_PIT_NO,NO,PIT,13,23,205,1,0,2,-11,3,0,0
00-0002110,Mark Brunell,QB,2002,5,REG,2002_05_PHI_JAX,PHI,JAX,13,23,197,1,0,1,0,3,20,0
00-0002469,Isaac Byrd,WR,2002,5,REG,2002_05_ARI_CAR,CAR,ARI,0,0,0,0,0,0,0,1,0,0
00-0002846,Larry Centers,FB,2002,5,REG,2002_05_OAK_BUF,BUF,LV,0,0,0,0,0,0,0,1,5,1
00-0003136,Mike Cloud,RB,2002,5,REG,2002_05_KC_NYJ,KC,NYJ,0,0,0,0,0,0,0,1,7,0
00-0003292,Kerry Collins,QB,2002,5,REG,2002_05_NYG_DAL,NYG,DAL,18,27,228,3,1,2,-16,5,-4,0
00-0003396,Curtis Conway,WR,2002,5,REG,2002_05_SD_DEN,LAC,DEN,0,0,0,0,0,0,0,1,8,0
00-0003535,Tim Couch,QB,2002,5,REG,2002_05_BAL_CLE,CLE,BAL,16,26,216,1,2,2,-25,2,14,0
00-0003663,Zack Crockett,RB,2002,5,REG,2002_05_OAK_BUF,LV,BUF,0,0,0,0,0,0,0,3,4,1
00-0004052,Stephen Davis,RB,2002,5,REG,2002_05_WAS_TEN,WAS,TEN,0,0,0,0,0,0,0,18,90,1
00-0004304,Corey Dillon,RB,2002,5,REG,2002_05_CIN_IND,CIN,IND,0,0,0,0,0,0,0,23,164,2
00-0004541,Donald Driver,WR,2002,5,REG,2002_05_GB_CHI,GB,CHI,0,0,0,0,0,0,0,1,13,0
00-0004640,Warrick Dunn,RB,2002,5,REG,2002_05_TB_ATL,ATL,TB,0,0,0,0,0,0,0,9,14,0
00-0004768,Marc Edwards,FB,2002,5,REG,2002_05_NE_MIA,NE,MIA,0,0,0,0,0,0,0,1,1,0
00-0004774,Robert Edwards,RB,2002,5,REG,2002_05_NE_MIA,MIA,NE,0,0,0,0,0,0,0,4,13,0
00-0005091,Kevin Faulk,RB,2002,5,REG,2002_05_NE_MIA,NE,MIA,0,0,0,0,0,0,0,2,17,0
00-0005092,Marshall Faulk,RB,2002,5,REG,2002_05_STL_SF,LA,SF,0,0,0,0,0,0,0,18,73,0
00-0005106,Brett Favre,QB,2002,5,REG,2002_05_GB_CHI,GB,CHI,22,33,359,3,0,3,-26,1,1,0
00-0005180,Jay Fiedler,QB,2002,5,REG,2002_05_NE_MIA,MIA,NE,17,27,190,2,0,1,-8,3,18,1
00-0005324,Terrell Fletcher,RB,2002,5,REG,2002_05_SD_DEN,LAC,DEN,0,0,0,0,0,0,0,1,14,0
00-0005741,Rich Gannon,QB,2002,5,REG,2002_05_OAK_BUF,LV,BUF,23,38,357,3,0,1,-4,11,29,1
00-0005755,Jeff Garcia,QB,2002,5,REG,2002_05_STL_SF,SF,LA,18,26,214,1,0,1,-7,2,12,1
00-0005779,Charlie Garner,RB,2002,5,REG,2002_05_OAK_BUF,LV,BUF,0,0,0,0,0,0,0,8,94,1
00-0005816,Olandis Gary,RB,2002,5,REG,2002_05_SD_DEN,DEN,LAC,0,0,0,0,0,0,0,4,8,0
00-0005883,Eddie George,RB,2002,5,REG,2002_05_WAS_TEN,TEN,WAS,0,0,0,0,0,0,0,10,26,0
00-0006305,Ahman Green,RB,2002,5,REG,2002_05_GB_CHI,GB,CHI,0,0,0,0,0,0,0,27,107,0
00-0006355,Trent Green,QB,2002,5,REG,2002_05_KC_NYJ,KC,NYJ,23,33,296,2,1,1,-7,0,0,0
00-0006423,Brian Griese,QB,2002,5,REG,2002_05_SD_DEN,DEN,LAC,26,35,316,2,1,2,-16,5,2,0
00-0006777,Karl Hankton,WR,2002,5,REG,2002_05_ARI_CAR,CAR,ARI,0,0,0,0,0,0,0,1,2,0
00-0007180,Garrison Hearst,RB,2002,5,REG,2002_05_STL_SF,SF,LA,0,0,0,0,0,0,0,13,116,1
00-0007576,Kelly Holcomb,QB,2002,5,REG,2002_05_BAL_CLE,CLE,BAL,13,23,180,2,2,0,0,2,9,0
00-0007661,Priest Holmes,RB,2002,5,REG,2002_05_KC_NYJ,KC,NYJ,0,0,0,0,0,0,0,23,152,1
00-0007744,Joe Horn,WR,2002,5,REG,2002_05_PIT_NO,NO,PIT,0,0,0,0,0,0,0,1,2,0
00-0008241,Edgerrin James,RB,2002,5,REG,2002_05_CIN_IND,IND,CIN,0,0,0,0,0,0,0,22,60,1
00-0008442,Brad Johnson,QB,2002,5,REG,2002_05_TB_ATL,TB,ATL,17,31,261,1,1,2,-8,1,2,0
00-0008568,Leon Johnson,RB,2002,5,REG,2002_05_GB_CHI,CHI,GB,0,0,0,0,0,0,0,1,0,0
00-0009288,Terry Kirby,RB,2002,5,REG,2002_05_OAK_BUF,LV,BUF,0,0,0,0,0,0,0,2,10,0
00-0009311,Jon Kitna,QB,2002,5,REG,2002_05_CIN_IND,CIN,IND,31,43,244,1,3,1,-7,0,0,0
00-0009417,Rob Konrad,FB,2002,5,REG,2002_05_NE_MIA,MIA,NE,0,0,0,0,0,0,0,1,1,0
00-0009829,Dorsey Levens,RB,2002,5,REG,2002_05_PHI_JAX,PHI,JAX,0,0,0,0,0,0,0,3,12,0
00-0010007,Kevin Lockett,WR,2002,5,REG,2002_05_WAS_TEN,WAS,TEN,1,1,14,1,0,0,0,0,0,0
00-0010240,Stacey Mack,RB,2002,5,REG,2002_05_PHI_JAX,PHI,JAX,0,0,0,0,0,0,0,3,2,1
00-0010261,Tommy Maddox,QB,2002,5,REG,2002_05_PIT_NO,PIT,NO,22,38,268,3,1,4,-24,0,0,0
00-0010292,Joel Makovicka,FB,2002,5,REG,2002_05_ARI_CAR,ARI,CAR,0,0,0,0,0,0,0,2,10,0
00-0010346,Peyton Manning,QB,2002,5,REG,2002_05_CIN_IND,IND,CIN,21,34,224,2,1,0,0,2,10,1
00-0010442,Curtis Martin,RB,2002,5,REG,2002_05_KC_NYJ,NYJ,KC,0,0,0,0,0,0,0,21,119,1
00-0010455,Jamie Martin,QB,2002,5,REG,2002_05_STL_SF,LA,SF,23,40,232,1,2,1,-7,0,0,0
00-0010668,Keenan McCardell,WR,2002,5,REG,2002_05_TB_ATL,TB,ATL,0,0,0,0,0,0,0,1,3,0
00-0010747,Fred McCrary,RB,2002,5,REG,2002_05_SD_DEN,LAC,DEN,0,0,0,0,0,0,0,1,2,0
00-0011022,Donovan McNabb,QB,2002,5,REG,2002_05_PHI_JAX,PHI,JAX,28,48,230,2,0,5,-23,12,100,1
00-0011024,Steve McNair,QB,2002,5,REG,2002_05_WAS_TEN,TEN,WAS,24,39,245,1,3,4,-15,3,26,1
00-0011276,Jim Miller,QB,2002,5,REG,2002_05_GB_CHI,CHI,GB,27,49,353,3,3,3,-18,0,0,0
00-0011463,Chris Mohr,P,2002,5,REG,2002_05_TB_ATL,ATL,TB,0,1,0,0,1,0,0,0,0,0
00-0011727,Johnnie Morton,WR,2002,5,REG,2002_05_KC_NYJ,KC,NYJ,0,0,0,0,0,0,0,2,51,0
00-0011958,Lorenzo Neal,FB,2002,5,REG,2002_05_CIN_IND,CIN,IND,0,0,0,0,0,0,0,1,9,0
00-0012478,Terrell Owens,WR,2002,5,REG,2002_05_STL_SF,SF,LA,0,0,0,0,0,0,0,1,2,0
00-0012642,David Patten,WR,2002,5,REG,2002_05_NE_MIA,NE,MIA,0,0,0,0,0,0,0,1,-1,0
00-0012732,Rodney Peete,QB,2002,5,REG,2002_05_ARI_CAR,CAR,ARI,20,34,196,1,2,2,-10,2,6,0
00-0013013,Michael Pittman,RB,2002,5,REG,2002_05_TB_ATL,TB,ATL,0,0,0,0,0,0,0,19,62,0
00-0013042,Jake Plummer,QB,2002,5,REG,2002_05_ARI_CAR,ARI,CAR,18,40,221,1,1,1,0,3,15,0
00-0013694,Tony Richardson,FB,2002,5,REG,2002_05_KC_NYJ,KC,NYJ,0,0,0,0,0,0,0,1,4,0
00-0014328,Frank Sanders,WR,2002,5,REG,2002_05_ARI_CAR,ARI,CAR,0,0,0,0,0,0,0,1,5,0
00-0015091,Antowain Smith,RB,2002,5,REG,2002_05_NE_MIA,NE,MIA,0,0,0,0,0,0,0,9,14,0
00-0015165,Emmitt Smith,RB,2002,5,REG,2002_05_NYG_DAL,DAL,NYG,0,0,0,0,0,0,0,13,70,1
00-0015242,Lamar Smith,RB,2002,5,REG,2002_05_ARI_CAR,CAR,ARI,0,0,0,0,0,0,0,18,49,0
00-0015523,Duce Staley,RB,2002,5,REG,2002_05_PHI_JAX,PHI,JAX,0,0,0,0,0,0,0,13,82,0
00-0015601,Aaron Stecker,RB,2002,5,REG,2002_05_TB_ATL,TB,ATL,0,0,0,0,0,0,0,1,-2,0
00-0015754,Brandon Stokley,WR,2002,5,REG,2002_05_BAL_CLE,BAL,CLE,0,0,0,0,0,0,0,1,9,0
00-0016098,Fred Taylor,RB,2002,5,REG,2002_05_PHI_JAX,PHI,JAX,0,0,0,0,0,0,0,21,48,0
00-0016316,Robert Thomas,FB,2002,5,REG,2002_05_NYG_DAL,DAL,NYG,0,0,0,0,0,0,0,1,4,0
00-0016440,James Thrash,WR,2002,5,REG,2002_05_PHI_JAX,PHI,JAX,0,0,0,0,0,0,0,1,4,0
00-0017162,Hines Ward,WR,2002,5,REG,2002_05_PIT_NO,PIT,NO,0,0,0,0,0,0,0,1,11,0
00-0017486,Tyrone Wheatley,RB,2002,5,REG,2002_05_OAK_BUF,LV,BUF,0,0,0,0,0,0,0,3,5,0
00-0017915,Ricky Williams,RB,2002,5,REG,2002_05_NE_MIA,MIA,NE,0,0,0,0,0,0,0,36,105,0
00-0018333,Danny Wuerffel,QB,2002,5,REG,2002_05_WAS_TEN,WAS,TEN,1,3,11,0,0,0,0,1,3,0
00-0018501,Amos Zereoue,RB,2002,5,REG,2002_05_PIT_NO,PIT,NO,0,0,0,0,0,0,0,5,35,0
00-0019019,Micah Knorr,P,2002,5,REG,2002_05_NYG_DAL,DAL,NYG,0,0,0,0,0,0,0,1,-10,0
00-0019057,Jamel White,RB,2002,5,REG,2002_05_BAL_CLE,CLE,BAL,0,0,0,0,0,0,0,7,34,0
00-0019087,Doug Johnson,QB,2002,5,REG,2002_05_TB_ATL,ATL,TB,13,25,150,0,3,1,0,1,3,0
00-0019100,Brad Hoover,FB,2002,5,REG,2002_05_ARI_CAR,CAR,ARI,0,0,0,0,0,0,0,1,1,0
00-0019109,Scottie Montgomery,WR,2002,5,REG,2002_05_SD_DEN,DEN,LAC,0,0,0,0,0,0,0,1,4,0
00-0019172,Bryan Johnson,FB,2002,5,REG,2002_05_WAS_TEN,WAS,TEN,0,0,0,0,0,0,0,1,0,0
00-0019456,Brian Urlacher,MLB,2002,5,REG,2002_05_GB_CHI,CHI,GB,0,1,0,0,0,0,0,0,0,0
00-0019516,Troy Hambrick,RB,2002,5,REG,2002_05_NYG_DAL,DAL,NYG,0,0,0,0,0,0,0,3,10,0
00-0019539,Dante Hall,WR,2002,5,REG,2002_05_KC_NYJ,KC,NYJ,0,0,0,0,0,0,0,1,1,0
00-0019552,Troy Walters,WR,2002,5,REG,2002_05_CIN_IND,IND,CIN,0,0,0,0,0,0,0,1,17,0
00-0019559,Chad Pennington,QB,2002,5,REG,2002_05_KC_NYJ,NYJ,KC,22,29,237,2,1,3,-25,3,3,0
00-0019596,Tom Brady,QB,2002,5,REG,2002_05_NE_MIA,NE,MIA,17,31,240,2,2,3,-32,1,0,0
00-0019610,Reuben Droughns,RB,2002,5,REG,2002_05_SD_DEN,DEN,LAC,0,0,0,0,0,0,0,1,1,0
00-0019614,Michael Wiley,RB,2002,5,REG,2002_05_NYG_DAL,DAL,NYG,0,0,0,0,0,1,-4,0,0,0
00-0019623,Tim Rattay,QB,2002,5,REG,2002_05_STL_SF,SF,LA,0,1,0,0,0,0,0,1,-1,0
00-0019643,Ron Dayne,RB,2002,5,REG,2002_05_NYG_DAL,NYG,DAL,0,0,0,0,0,0,0,5,13,0
00-0019650,Dennis Northcutt,WR,2002,5,REG,2002_05_BAL_CLE,CLE,BAL,0,0,0,0,0,0,0,1,7,0
00-0019693,Jamal Lewis,RB,2002,5,REG,2002_05_BAL_CLE,BAL,CLE,0,0,0,0,0,0,0,26,187,0
00-0019709,Chris Redman,QB,2002,5,REG,2002_05_BAL_CLE,BAL,CLE,19,30,208,2,0,0,0,2,2,0
00-0019721,Travis Taylor,WR,2002,5,REG,2002_05_BAL_CLE,BAL,CLE,0,0,0,0,0,0,0,2,-4,0
00-0019722,J.R. Redmond,RB,2002,5,REG,2002_05_NE_MIA,NE,MIA,0,0,0,0,0,0,0,3,6,0
00-0019808,Kenny Watson,RB,2002,5,REG,2002_05_WAS_TEN,WAS,TEN,0,0,0,0,0,0,0,8,62,0
00-0020173,James Fenderson,RB,2002,5,REG,2002_05_PIT_NO,NO,PIT,0,0,0,0,0,0,0,1,-4,0
00-0020245,Mike Vick,QB,2002,5,REG,2002_05_TB_ATL,ATL,TB,4,12,37,0,0,3,-14,1,1,0
00-0020376,Dee Brown,RB,2002,5,REG,2002_05_ARI_CAR,CAR,ARI,0,0,0,0,0,0,0,1,0,0
00-0020403,Anthony Thomas,RB,2002,5,REG,2002_05_GB_CHI,CHI,GB,0,0,0,0,0,0,0,15,45,0
00-0020404,Quincy Carter,QB,2002,5,REG,2002_05_NYG_DAL,DAL,NYG,23,42,262,1,0,2,-13,5,18,0
00-0020427,Quincy Morgan,WR,2002,5,REG,2002_05_BAL_CLE,CLE,BAL,0,0,0,0,0,0,0,1,-4,0
00-0020462,LaMont Jordan,RB,2002,5,REG,2002_05_KC_NYJ,NYJ,KC,0,0,0,0,0,0,0,1,1,0
00-0020471,Travis Henry,RB,2002,5,REG,2002_05_OAK_BUF,BUF,LV,0,0,0,0,0,0,0,15,58,1
00-0020474,Kevan Barlow,RB,2002,5,REG,2002_05_STL_SF,SF,LA,0,0,0,0,0,0,0,10,50,0
00-0020494,Santana Moss,WR,2002,5,REG,2002_05_KC_NYJ,NYJ,KC,0,0,0,0,0,0,0,1,8,0
00-0020527,Deuce McAllister,RB,2002,5,REG,2002_05_PIT_NO,NO,PIT,0,0,0,0,0,0,0,23,123,2
00-0020531,Drew Brees,QB,2002,5,REG,2002_05_SD_DEN,LAC,DEN,26,42,235,1,2,0,0,1,7,0
00-0020536,LaDainian Tomlinson,RB,2002,5,REG,2002_05_SD_DEN,LAC,DEN,0,0,0,0,0,0,0,14,48,0
00-0020564,Delvin Joyce,RB,2002,5,REG,2002_05_NYG_DAL,NYG,DAL,0,0,0,0,0,0,0,1,1,0
00-0021031,John Simon,RB,2002,5,REG,2002_05_WAS_TEN,TEN,WAS,0,0,0,0,0,0,0,2,7,0
00-0021048,Damien Anderson,RB,2002,5,REG,2002_05_ARI_CAR,ARI,CAR,0,0,0,0,0,0,0,23,61,0
00-0021150,William Green,RB,2002,5,REG,2002_05_BAL_CLE,CLE,BAL,0,0,0,0,0,0,0,4,2,0
00-0021179,Clinton Portis,RB,2002,5,REG,2002_05_SD_DEN,DEN,LAC,0,0,0,0,0,0,0,20,102,0
00-0021190,Antwaan Randle El,WR,2002,5,REG,2002_05_PIT_NO,PIT,NO,0,0,0,0,0,0,0,1,-10,0
00-0021191,Antonio Bryant,WR,2002,5,REG,2002_05_NYG_DAL,DAL,NYG,0,0,0,0,0,0,0,1,3,0
00-0021209,Lamar Gordon,RB,2002,5,REG,2002_05_STL_SF,LA,SF,0,0,0,0,0,0,0,6,15,0
00-0021216,Brian Westbrook,RB,2002,5,REG,2002_05_PHI_JAX,PHI,JAX,0,0,0,0,0,0,0,1,1,0
00-0021252,Najeh Davenport,RB,2002,5,REG,2002_05_GB_CHI,GB,CHI,0,0,0,0,0,0,0,1,3,0
00-0021314,Chester Taylor,RB,2002,5,REG,2002_05_BAL_CLE,BAL,CLE,0,0,0,0,0,0,0,3,7,0
00-0021376,T.J. Duckett,RB,2002,5,REG,2002_05_TB_ATL,ATL,TB,0,0,0,0,0,0,0,11,52,0
00-0021379,Patrick Ramsey,QB,2002,5,REG,2002_05_WAS_TEN,WAS,TEN,20,34,268,2,0,1,-7,2,1,0
00-0000210,James Allen,RB,2002,6,REG,2002_06_BUF_HOU,HOU,BUF,1,1,5,1,0,0,0,8,21,0
00-0000251,Mike Alstott,FB,2002,6,REG,2002_06_CLE_TB,TB,CLE,0,0,0,0,0,0,0,17,126,2
00-0000745,Tiki Barber,RB,2002,6,REG,2002_06_ATL_NYG,NYG,ATL,0,0,0,0,0,0,0,14,57,0
00-0000942,Fred Beasley,FB,2002,6,REG,2002_06_SF_SEA,SF,SEA,0,0,0,0,0,0,0,2,4,0
00-0001215,Jerome Bettis,RB,2002,6,REG,2002_06_PIT_CIN,PIT,CIN,0,0,0,0,0,0,0,21,109,2
00-0001361,Drew Bledsoe,QB,2002,6,REG,2002_06_BUF_HOU,BUF,HOU,19,33,254,2,0,3,-24,3,-2,0
00-0001823,Aaron Brooks,QB,2002,6,REG,2002_06_NO_WAS,NO,WAS,12,23,205,3,1,2,-13,4,-3,0
00-0002110,Mark Brunell,QB,2002,6,REG,2002_06_JAX_TEN,JAX,TEN,3,6,31,0,0,0,0,0,0,0
00-0002846,Larry Centers,FB,2002,6,REG,2002_06_BUF_HOU,BUF,HOU,0,0,0,0,0,0,0,2,16,0
00-0002970,Bob Christian,FB,2002,6,REG,2002_06_ATL_NYG,ATL,NYG,0,0,0,0,0,0,0,1,8,0
00-0003292,Kerry Collins,QB,2002,6,REG,2002_06_ATL_NYG,NYG,ATL,20,31,204,1,1,3,-14,2,-3,0
00-0003396,Curtis Conway,WR,2002,6,REG,2002_06_KC_SD,LAC,KC,0,0,0,0,0,0,0,1,11,1
00-0003400,Ernie Conwell,TE,2002,6,REG,2002_06_OAK_STL,LA,LV,0,0,0,0,0,0,0,1,1,0
00-0003535,Tim Couch,QB,2002,6,REG,2002_06_CLE_TB,CLE,TB,20,40,151,0,1,2,-17,0,0,0
00-0003663,Zack Crockett,RB,2002,6,REG,2002_06_OAK_STL,LV,LA,0,0,0,0,0,0,0,1,0,0
00-0003739,Daunte Culpepper,QB,2002,6,REG,2002_06_DET_MIN,MIN,DET,27,36,295,2,1,1,-4,7,39,1
00-0004052,Stephen Davis,RB,2002,6,REG,2002_06_NO_WAS,WAS,NO,0,0,0,0,0,0,0,14,51,1
00-0004293,Trent Dilfer,QB,2002,6,REG,2002_06_SF_SEA,SEA,SF,21,31,212,1,2,1,-1,3,21,0
00-0004304,Corey Dillon,RB,2002,6,REG,2002_06_PIT_CIN,CIN,PIT,0,0,0,0,0,0,0,17,57,1
00-0004541,Donald Driver,WR,2002,6,REG,2002_06_GB_NE,GB,NE,0,0,0,0,0,0,0,1,5,0
00-0004640,Warrick Dunn,RB,2002,6,REG,2002_06_ATL_NYG,ATL,NYG,0,0,0,0,0,0,0,6,8,0
00-0004673,Tim Dwight,WR,2002,6,REG,2002_06_KC_SD,LAC,KC,0,0,0,0,0,0,0,2,37,1
00-0004768,Marc Edwards,FB,2002,6,REG,2002_06_GB_NE,NE,GB,0,0,0,0,0,0,0,1,2,0
00-0004774,Robert Edwards,RB,2002,6,REG,2002_06_MIA_DEN,MIA,DEN,0,0,0,0,0,0,0,1,2,0
00-0005091,Kevin Faulk,RB,2002,6,REG,2002_06_GB_NE,NE,GB,0,0,0,0,0,0,0,3,20,0
00-0005092,Marshall Faulk,RB,2002,6,REG,2002_06_OAK_STL,LA,LV,0,0,0,0,0,0,0,26,158,0
00-0005106,Brett Favre,QB,2002,6,REG,2002_06_GB_NE,GB,NE,17,27,147,3,0,1,-4,1,5,0
00-0005180,Jay Fiedler,QB,2002,6,REG,2002_06_MIA_DEN,MIA,DEN,19,29,210,0,1,1,-9,1,-9,0
00-0005741,Rich Gannon,QB,2002,6,REG,2002_06_OAK_STL,LV,LA,30,45,332,1,2,4,-30,3,3,0
00-0005755,Jeff Garcia,QB,2002,6,REG,2002_06_SF_SEA,SF,SEA,16,29,202,2,0,2,-12,7,48,0
00-0005779,Charlie Garner,RB,2002,6,REG,2002_06_OAK_STL,LV,LA,0,0,0,0,0,0,0,10,61,0
00-0005883,Eddie George,RB,2002,6,REG,2002_06_JAX_TEN,TEN,JAX,0,0,0,0,0,0,0,31,113,1
00-0006305,Ahman Green,RB,2002,6,REG,2002_06_GB_NE,GB,NE,0,0,0,0,0,0,0,31,136,1
00-0006355,Trent Green,QB,2002,6,REG,2002_06_KC_SD,KC,LAC,17,29,236,3,2,1,-5,4,25,0
00-0006423,Brian Griese,QB,2002,6,REG,2002_06_MIA_DEN,DEN,MIA,27,46,335,1,2,3,-36,3,19,0
00-0006627,Az-Zahir Hakim,WR,2002,6,REG,2002_06_DET_MIN,DET,MIN,0,0,0,0,0,0,0,1,10,0
00-0007180,Garrison Hearst,RB,2002,6,REG,2002_06_SF_SEA,SF,SEA,0,0,0,0,0,0,0,10,41,0
00-0007308,Craig Hentrich,P,2002,6,REG,2002_06_JAX_TEN,TEN,JAX,0,0,0,0,0,0,0,1,5,0
00-0007468,Ike Hilliard,WR,2002,6,REG,2002_06_ATL_NYG,NYG,ATL,0,0,0,0,0,0,0,1,7,0
00-0007661,Priest Holmes,RB,2002,6,REG,2002_06_KC_SD,KC,LAC,0,0,0,0,0,0,0,23,63,1
00-0008241,Edgerrin James,RB,2002,6,REG,2002_06_BAL_IND,IND,BAL,0,0,0,0,0,0,0,17,43,0
00-0008442,Brad Johnson,QB,2002,6,REG,2002_06_CLE_TB,TB,CLE,15,32,194,0,1,0,0,1,5,0
00-0009288,Terry Kirby,RB,2002,6,REG,2002_06_OAK_STL,LV,LA,0,0,0,0,0,0,0,2,3,0
00-0009311,Jon Kitna,QB,2002,6,REG,2002_06_PIT_CIN,CIN,PIT,23,35,222,0,3,5,-32,4,4,0
00-0010261,Tommy Maddox,QB,2002,6,REG,2002_06_PIT_CIN,PIT,CIN,16,25,216,1,2,2,-19,0,0,0
00-0010346,Peyton Manning,QB,2002,6,REG,2002_06_BAL_IND,IND,BAL,30,40,284,1,1,5,-27,2,17,0
00-0010974,James McKnight,WR,2002,6,REG,2002_06_MIA_DEN,MIA,DEN,0,0,0,0,0,0,0,1,16,0
00-0011024,Steve McNair,QB,2002,6,REG,2002_06_JAX_TEN,TEN,JAX,26,36,226,1,0,1,-8,5,22,0
00-0012732,Rodney Peete,QB,2002,6,REG,2002_06_CAR_DAL,CAR,DAL,9,15,84,1,0,0,0,2,9,0
00-0013013,Michael Pittman,RB,2002,6,REG,2002_06_CLE_TB,TB,CLE,0,0,0,0,0,0,0,16,53,0
00-0013694,Tony Richardson,FB,2002,6,REG,2002_06_KC_SD,KC,LAC,0,0,0,0,0,0,0,1,0,0
00-0014450,Cory Schlesinger,FB,2002,6,REG,2002_06_DET_MIN,DET,MIN,0,0,0,0,0,0,0,3,-1,0
00-0015091,Antowain Smith,RB,2002,6,REG,2002_06_GB_NE,NE,GB,0,0,0,0,0,0,0,13,75,0
00-0015165,Emmitt Smith,RB,2002,6,REG,2002_06_CAR_DAL,DAL,CAR,0,0,0,0,0,0,0,13,59,0
00-0015242,Lamar Smith,RB,2002,6,REG,2002_06_CAR_DAL,CAR,DAL,0,0,0,0,0,0,0,25,81,0
00-0015601,Aaron Stecker,RB,2002,6,REG,2002_06_CLE_TB,TB,CLE,0,0,0,0,0,0,0,3,11,0
00-0015698,James Stewart,RB,2002,6,REG,2002_06_DET_MIN,DET,MIN,0,0,0,0,0,0,0,10,42,0
00-0015830,Mack Strong,FB,2002,6,REG,2002_06_SF_SEA,SEA,SF,0,0,0,0,0,0,0,2,6,0
00-0015980,Reggie Swinton,WR,2002,6,REG,2002_06_CAR_DAL,DAL,CAR,0,0,0,0,0,0,0,1,23,0
00-0016098,Fred Taylor,RB,2002,6,REG,2002_06_JAX_TEN,JAX,TEN,0,0,0,0,0,0,0,19,59,0
00-0016683,Tom Tupa,P,2002,6,REG,2002_06_CLE_TB,TB,CLE,0,0,0,0,0,0,0,1,-9,0
00-0017162,Hines Ward,WR,2002,6,REG,2002_06_PIT_CIN,PIT,CIN,0,0,0,0,0,0,0,1,20,0
00-0017486,Tyrone Wheatley,RB,2002,6,REG,2002_06_OAK_STL,LV,LA,0,0,0,0,0,0,0,1,-2,0
00-0017892,Moe Williams,RB,2002,6,REG,2002_06_DET_MIN,MIN,DET,0,0,0,0,0,0,0,2,4,1
00-0017915,Ricky Williams,RB,2002,6,REG,2002_06_MIA_DEN,MIA,DEN,0,0,0,0,0,0,0,20,49,2
00-0018501,Amos Zereoue,RB,2002,6,REG,2002_06_PIT_CIN,PIT,CIN,0,0,0,0,0,0,0,10,51,0
00-0019057,Jamel White,RB,2002,6,REG,2002_06_CLE_TB,CLE,TB,0,0,0,0,0,0,0,9,38,0
00-0019087,Doug Johnson,QB,2002,6,REG,2002_06_ATL_NYG,ATL,NYG,19,25,257,1,0,2,-11,1,15,1
00-0019100,Brad Hoover,FB,2002,6,REG,2002_06_CAR_DAL,CAR,DAL,0,0,0,0,0,0,0,1,7,0
00-0019455,Peter Warrick,WR,2002,6,REG,2002_06_PIT_CIN,CIN,PIT,0,0,0,0,0,0,0,3,17,0
00-0019466,Curtis Keaton,RB,2002,6,REG,2002_06_NO_WAS,NO,WAS,0,0,0,0,0,0,0,1,1,0
00-0019516,Troy Hambrick,RB,2002,6,REG,2002_06_CAR_DAL,DAL,CAR,0,0,0,0,0,0,0,3,15,0
00-0019539,Dante Hall,WR,2002,6,REG,2002_06_KC_SD,KC,LAC,0,0,0,0,0,0,0,1,0,0
00-0019576,Mike Green,RB,2002,6,REG,2002_06_JAX_TEN,TEN,JAX,0,0,0,0,0,0,0,3,12,0
00-0019594,Mike Anderson,RB,2002,6,REG,2002_06_MIA_DEN,DEN,MIA,0,0,0,0,0,0,0,5,17,0
00-0019596,Tom Brady,QB,2002,6,REG,2002_06_GB_NE,NE,GB,24,44,183,1,3,2,-17,5,26,0
00-0019599,Marc Bulger,QB,2002,6,REG,2002_06_OAK_STL,LA,LV,14,21,186,3,0,3,-22,4,-1,1
00-0019614,Michael Wiley,RB,2002,6,REG,2002_06_CAR_DAL,DAL,CAR,0,0,0,0,0,0,0,3,13,0
00-0019643,Ron Dayne,RB,2002,6,REG,2002_06_ATL_NYG,NYG,ATL,0,0,0,0,0,0,0,9,43,0
00-0019647,Shaun Alexander,RB,2002,6,REG,2002_06_SF_SEA,SEA,SF,0,0,0,0,0,0,0,25,96,1
00-0019693,Jamal Lewis,RB,2002,6,REG,2002_06_BAL_IND,BAL,IND,0,0,0,0,0,0,0,21,75,2
00-0019709,Chris Redman,QB,2002,6,REG,2002_06_BAL_IND,BAL,IND,15,28,163,0,1,3,-24,1,6,0
00-0019794,Aveion Cason,RB,2002,6,REG,2002_06_DET_MIN,DET,MIN,0,0,0,0,0,0,0,2,2,0
00-0019831,Nick Goings,RB,2002,6,REG,2002_06_CAR_DAL,CAR,DAL,0,0,0,0,0,0,0,2,9,0
00-0020376,Dee Brown,RB,2002,6,REG,2002_06_CAR_DAL,CAR,DAL,0,0,0,0,0,0,0,2,9,0
00-0020404,Quincy Carter,QB,2002,6,REG,2002_06_CAR_DAL,DAL,CAR,15,32,225,2,1,6,-51,4,27,0
00-0020427,Quincy Morgan,WR,2002,6,REG,2002_06_CLE_TB,CLE,TB,0,0,0,0,0,0,0,1,0,0
00-0020434,Chris Weinke,QB,2002,6,REG,2002_06_CAR_DAL,CAR,DAL,7,12,114,0,0,0,0,2,-5,0
00-0020471,Travis Henry,RB,2002,6,REG,2002_06_BUF_HOU,BUF,HOU,0,0,0,0,0,0,0,28,159,2
00-0020474,Kevan Barlow,RB,2002,6,REG,2002_06_SF_SEA,SF,SEA,0,0,0,0,0,0,0,12,68,1
00-0020514,Michael Bennett,RB,2002,6,REG,2002_06_DET_MIN,MIN,DET,0,0,0,0,0,0,0,16,68,0
00-0020516,Todd Heap,TE,2002,6,REG,2002_06_BAL_IND,BAL,IND,0,0,0,0,0,0,0,1,14,0
00-0020527,Deuce McAllister,RB,2002,6,REG,2002_06_NO_WAS,NO,WAS,0,0,0,0,0,0,0,29,121,0
00-0020531,Drew Brees,QB,2002,6,REG,2002_06_KC_SD,LAC,KC,28,41,319,2,2,1,-7,5,27,0
00-0020536,LaDainian Tomlinson,RB,2002,6,REG,2002_06_KC_SD,LAC,KC,0,0,0,0,0,0,0,20,78,1
00-0020608,David Carr,QB,2002,6,REG,2002_06_BUF_HOU,HOU,BUF,12,23,218,1,0,5,-26,8,50,1
00-0020964,Tony Fisher,RB,2002,6,REG,2002_06_GB_NE,GB,NE,0,0,0,0,0,0,0,3,12,0
00-0021141,Joey Harrington,QB,2002,6,REG,2002_06_DET_MIN,DET,MIN,25,41,309,2,1,1,-8,1,0,0
00-0021150,William Green,RB,2002,6,REG,2002_06_CLE_TB,CLE,TB,0,0,0,0,0,0,0,8,22,0
00-0021174,Tim Carter,WR,2002,6,REG,2002_06_ATL_NYG,NYG,ATL,0,0,0,0,0,0,0,1,9,0
00-0021179,Clinton Portis,RB,2002,6,REG,2002_06_MIA_DEN,DEN,MIA,0,0,0,0,0,0,0,18,75,0
00-0021184,Ladell Betts,RB,2002,6,REG,2002_06_NO_WAS,WAS,NO,0,0,0,0,0,0,0,2,2,0
00-0021190,Antwaan Randle El,WR,2002,6,REG,2002_06_PIT_CIN,PIT,CIN,0,0,0,0,0,0,0,1,24,0
00-0021209,Lamar Gordon,RB,2002,6,REG,2002_06_OAK_STL,LA,LV,0,0,0,0,0,0,0,1,0,0
00-0021223,Jonathan Wells,RB,2002,6,REG,2002_06_BUF_HOU,HOU,BUF,0,0,0,0,0,0,0,12,70,0
00-0021231,David Garrard,QB,2002,6,REG,2002_06_JAX_TEN,JAX,TEN,4,7,53,0,2,3,-16,7,71,2
00-0021253,Jarrod Baxter,RB,2002,6,REG,2002_06_BUF_HOU,HOU,BUF,0,0,0,0,0,0,0,1,0,0
00-0021279,Verron Haynes,FB,2002,6,REG,2002_06_PIT_CIN,PIT,CIN,0,0,0,0,0,0,0,2,7,0
00-0021313,Javin Hunter,WR,2002,6,REG,2002_06_BAL_IND,BAL,IND,0,0,0,0,0,0,0,1,9,0
00-0021314,Chester Taylor,RB,2002,6,REG,2002_06_BAL_IND,BAL,IND,0,0,0,0,0,0,0,2,1,0
00-0021376,T.J. Duckett,RB,2002,6,REG,2002_06_ATL_NYG,ATL,NYG,0,0,0,0,0,0,0,16,36,0
00-0021379,Patrick Ramsey,QB,2002,6,REG,2002_06_NO_WAS,WAS,NO,21,43,320,1,4,7,-56,1,1,1
00-0000210,James Allen,RB,2002,7,REG,2002_07_HOU_CLE,HOU,CLE,0,0,0,0,0,0,0,5,61,0
00-0000251,Mike Alstott,FB,2002,7,REG,2002_07_TB_PHI,TB,PHI,0,0,0,0,0,0,0,5,14,0
00-0000942,Fred Beasley,FB,2002,7,REG,2002_07_SF_NO,SF,NO,0,0,0,0,0,0,0,1,2,0
00-0001215,Jerome Bettis,RB,2002,7,REG,2002_07_IND_PIT,PIT,IND,0,0,0,0,0,0,0,11,33,2
00-0001361,Drew Bledsoe,QB,2002,7,REG,2002_07_BUF_MIA,BUF,MIA,15,31,182,1,0,5,-20,4,6,0
00-0001823,Aaron Brooks,QB,2002,7,REG,2002_07_SF_NO,NO,SF,23,35,254,3,0,3,-11,4,26,1
00-0002110,Mark Brunell,QB,2002,7,REG,2002_07_JAX_BAL,JAX,BAL,24,46,231,0,3,2,-7,2,18,0
00-0002876,Chris Chandler,QB,2002,7,REG,2002_07_CHI_DET,CHI,DET,16,25,163,1,1,3,-28,1,-1,0
00-0002970,Bob Christian,FB,2002,7,REG,2002_07_CAR_ATL,ATL,CAR,0,0,0,0,0,0,0,2,18,0
00-0003535,Tim Couch,QB,2002,7,REG,2002_07_HOU_CLE,CLE,HOU,21,31,148,1,0,1,-7,0,0,0
00-0003739,Daunte Culpepper,QB,2002,7,REG,2002_07_MIN_NYJ,MIN,NYJ,26,39,288,0,3,0,0,5,26,0
00-0004052,Stephen Davis,RB,2002,7,REG,2002_07_WAS_GB,WAS,GB,0,0,0,0,0,0,0,24,91,0
00-0004293,Trent Dilfer,QB,2002,7,REG,2002_07_SEA_STL,SEA,LA,8,25,232,1,2,3,-15,0,0,0
00-0004640,Warrick Dunn,RB,2002,7,REG,2002_07_CAR_ATL,ATL,CAR,0,0,0,0,0,0,0,8,17,0
00-0004673,Tim Dwight,WR,2002,7,REG,2002_07_SD_OAK,LAC,LV,0,0,0,0,0,0,0,1,19,0
00-0004774,Robert Edwards,RB,2002,7,REG,2002_07_BUF_MIA,MIA,BUF,0,0,0,0,0,0,0,2,9,0
00-0005092,Marshall Faulk,RB,2002,7,REG,2002_07_SEA_STL,LA,SEA,0,0,0,0,0,0,0,32,183,3
00-0005106,Brett Favre,QB,2002,7,REG,2002_07_WAS_GB,GB,WAS,11,14,89,0,0,1,-12,1,0,0
00-0005620,Chris Fuamatu-Ma'afala,RB,2002,7,REG,2002_07_IND_PIT,PIT,IND,0,0,0,0,0,0,0,2,25,0
00-0005720,Joey Galloway,WR,2002,7,REG,2002_07_DAL_ARI,DAL,ARI,0,0,0,0,0,0,0,1,11,0
00-0005741,Rich Gannon,QB,2002,7,REG,2002_07_SD_OAK,LV,LAC,35,45,361,3,1,3,-8,3,11,0
00-0005755,Jeff Garcia,QB,2002,7,REG,2002_07_SF_NO,SF,NO,23,39,275,1,1,0,0,3,24,0
00-0005779,Charlie Garner,RB,2002,7,REG,2002_07_SD_OAK,LV,LAC,0,0,0,0,0,0,0,7,24,0
00-0006305,Ahman Green,RB,2002,7,REG,2002_07_WAS_GB,GB,WAS,0,0,0,0,0,0,0,24,88,3
00-0006331,Jacquez Green,WR,2002,7,REG,2002_07_WAS_GB,WAS,GB,0,0,0,0,0,0,0,1,8,0
00-0006355,Trent Green,QB,2002,7,REG,2002_07_DEN_KC,KC,DEN,20,33,172,0,0,4,-29,2,18,0
00-0006423,Brian Griese,QB,2002,7,REG,2002_07_DEN_KC,DEN,KC,30,50,376,2,0,1,-10,2,13,0
00-0007091,Matt Hasselbeck,QB,2002,7,REG,2002_07_SEA_STL,SEA,LA,2,5,23,0,0,0,0,1,4,0
00-0007180,Garrison Hearst,RB,2002,7,REG,2002_07_SF_NO,SF,NO,0,0,0,0,0,0,0,14,87,2
00-0007661,Priest Holmes,RB,2002,7,REG,2002_07_DEN_KC,KC,DEN,0,0,0,0,0,0,0,24,113,3
00-0008241,Edgerrin James,RB,2002,7,REG,2002_07_IND_PIT,IND,PIT,0,0,0,0,0,0,0,20,62,0
00-0008357,MarTay Jenkins,WR,2002,7,REG,2002_07_DAL_ARI,ARI,DAL,0,0,0,0,0,0,0,1,5,0
00-0008391,Travis Jervey,RB,2002,7,REG,2002_07_CAR_ATL,ATL,CAR,0,0,0,0,0,0,0,8,13,0
00-0008442,Brad Johnson,QB,2002,7,REG,2002_07_TB_PHI,TB,PHI,19,31,124,0,1,5,-27,0,0,0
00-0008568,Leon Johnson,RB,2002,7,REG,2002_07_CHI_DET,CHI,DET,0,0,0,0,0,0,0,2,6,0
00-0008612,Rob Johnson,QB,2002,7,REG,2002_07_TB_PHI,TB,PHI,4,7,31,0,0,1,-2,3,10,0
00-0009288,Terry Kirby,RB,2002,7,REG,2002_07_SD_OAK,LV,LAC,0,0,0,0,0,0,0,2,2,0
00-0009829,Dorsey Levens,RB,2002,7,REG,2002_07_TB_PHI,PHI,TB,0,0,0,0,0,0,0,2,9,0
00-0009869,Jermaine Lewis,WR,2002,7,REG,2002_07_HOU_CLE,HOU,CLE,0,0,0,0,0,0,0,1,2,0
00-0010137,Ray Lucas,QB,2002,7,REG,2002_07_BUF_MIA,MIA,BUF,13,33,165,1,4,1,-10,5,18,0
00-0010240,Stacey Mack,RB,2002,7,REG,2002_07_JAX_BAL,JAX,BAL,0,0,0,0,0,0,0,3,4,0
00-0010261,Tommy Maddox,QB,2002,7,REG,2002_07_IND_PIT,PIT,IND,15,23,188,2,1,1,-6,0,0,0
00-0010346,Peyton Manning,QB,2002,7,REG,2002_07_IND_PIT,IND,PIT,32,48,304,1,3,2,-9,1,10,0
00-0010442,Curtis Martin,RB,2002,7,REG,2002_07_MIN_NYJ,NYJ,MIN,0,0,0,0,0,0,0,21,70,1
00-0011022,Donovan McNabb,QB,2002,7,REG,2002_07_TB_PHI,PHI,TB,12,25,127,1,1,2,-17,6,4,1
00-0011626,Brian Moorman,P,2002,7,REG,2002_07_BUF_MIA,BUF,MIA,0,0,0,0,0,0,0,1,-6,0
00-0011727,Johnnie Morton,WR,2002,7,REG,2002_07_DEN_KC,KC,DEN,0,0,0,0,0,0,0,1,6,0
00-0012478,Terrell Owens,WR,2002,7,REG,2002_07_SF_NO,SF,NO,0,0,0,0,0,0,0,1,2,0
00-0012726,Doug Pederson,QB,2002,7,REG,2002_07_WAS_GB,GB,WAS,9,15,78,0,0,0,0,0,0,0
00-0013013,Michael Pittman,RB,2002,7,REG,2002_07_TB_PHI,TB,PHI,0,0,0,0,0,0,0,12,49,0
00-0013042,Jake Plummer,QB,2002,7,REG,2002_07_DAL_ARI,ARI,DAL,23,46,232,0,0,1,-4,4,46,0
00-0013262,Stanley Pritchett,RB,2002,7,REG,2002_07_CHI_DET,CHI,DET,0,0,0,0,0,0,0,1,2,0
00-0013694,Tony Richardson,FB,2002,7,REG,2002_07_DEN_KC,KC,DEN,0,0,0,0,0,0,0,3,21,1
00-0014450,Cory Schlesinger,FB,2002,7,REG,2002_07_CHI_DET,DET,CHI,0,0,0,0,0,0,0,2,4,0
00-0015165,Emmitt Smith,RB,2002,7,REG,2002_07_DAL_ARI,DAL,ARI,0,0,0,0,0,0,0,22,82,0
00-0015242,Lamar Smith,RB,2002,7,REG,2002_07_CAR_ATL,CAR,ATL,0,0,0,0,0,0,0,8,19,0
00-0015523,Duce Staley,RB,2002,7,REG,2002_07_TB_PHI,PHI,TB,0,0,0,0,0,0,0,24,152,0
00-0015601,Aaron Stecker,RB,2002,7,REG,2002_07_TB_PHI,TB,PHI,0,0,0,0,0,0,0,1,8,0
00-0015698,James Stewart,RB,2002,7,REG,2002_07_CHI_DET,DET,CHI,0,0,0,0,0,0,0,32,172,2
00-0015754,Brandon Stokley,WR,2002,7,REG,2002_07_JAX_BAL,BAL,JAX,0,0,0,0,0,0,0,1,-10,0
00-0016098,Fred Taylor,RB,2002,7,REG,2002_07_JAX_BAL,JAX,BAL,0,0,0,0,0,0,0,25,151,1
00-0016316,Robert Thomas,FB,2002,7,REG,2002_07_DAL_ARI,DAL,ARI,0,0,0,0,0,0,0,1,1,0
00-0016373,Derrius Thompson,WR,2002,7,REG,2002_07_WAS_GB,WAS,GB,0,0,0,0,0,0,0,4,48,0
00-0016440,James Thrash,WR,2002,7,REG,2002_07_TB_PHI,PHI,TB,0,0,0,0,0,0,0,1,-5,0
00-0017162,Hines Ward,WR,2002,7,REG,2002_07_IND_PIT,PIT,IND,0,0,0,0,0,0,0,1,8,0
00-0017697,Terrence Wilkins,WR,2002,7,REG,2002_07_SEA_STL,LA,SEA,0,0,0,0,0,0,0,3,32,0
00-0017892,Moe Williams,RB,2002,7,REG,2002_07_MIN_NYJ,MIN,NYJ,0,0,0,0,0,0,0,5,16,1
00-0017915,Ricky Williams,RB,2002,7,REG,2002_07_BUF_MIA,MIA,BUF,0,0,0,0,0,0,0,25,97,0
00-0018501,Amos Zereoue,RB,2002,7,REG,2002_07_IND_PIT,PIT,IND,0,0,0,0,0,0,0,15,87,0
00-0018958,Laveranues Coles,WR,2002,7,REG,2002_07_MIN_NYJ,NYJ,MIN,0,0,0,0,0,0,0,1,7,0
00-0019057,Jamel White,RB,2002,7,REG,2002_07_HOU_CLE,CLE,HOU,0,0,0,0,0,0,0,12,65,1
00-0019087,Doug Johnson,QB,2002,7,REG,2002_07_CAR_ATL,ATL,CAR,4,5,36,0,0,0,0,3,1,0
00-0019135,Dan Kreider,FB,2002,7,REG,2002_07_IND_PIT,PIT,IND,0,0,0,0,0,0,0,1,2,0
00-0019466,Curtis Keaton,RB,2002,7,REG,2002_07_SF_NO,NO,SF,0,0,0,0,0,0,0,1,-1,0
00-0019516,Troy Hambrick,RB,2002,7,REG,2002_07_DAL_ARI,DAL,ARI,0,0,0,0,0,0,0,5,34,0
00-0019559,Chad Pennington,QB,2002,7,REG,2002_07_MIN_NYJ,NYJ,MIN,24,29,324,1,0,2,-8,0,0,0
00-0019594,Mike Anderson,RB,2002,7,REG,2002_07_DEN_KC,DEN,KC,0,0,0,0,0,0,0,9,34,1
00-0019599,Marc Bulger,QB,2002,7,REG,2002_07_SEA_STL,LA,SEA,22,40,265,1,1,1,-5,3,-5,0
00-0019600,Michael L. Lewis,WR,2002,7,REG,2002_07_SF_NO,NO,SF,0,0,0,0,0,0,0,1,15,0
00-0019614,Michael Wiley,RB,2002,7,REG,2002_07_DAL_ARI,DAL,ARI,0,0,0,0,0,0,0,1,6,0
00-0019641,Thomas Jones,RB,2002,7,REG,2002_07_DAL_ARI,ARI,DAL,0,0,0,0,0,0,0,22,68,0
00-0019647,Shaun Alexander,RB,2002,7,REG,2002_07_SEA_STL,SEA,LA,0,0,0,0,0,0,0,12,30,0
00-0019660,Dez White,WR,2002,7,REG,2002_07_CHI_DET,CHI,DET,0,0,0,0,0,0,0,1,-10,0
00-0019693,Jamal Lewis,RB,2002,7,REG,2002_07_JAX_BAL,BAL,JAX,0,0,0,0,0,0,0,28,119,0
00-0019709,Chris Redman,QB,2002,7,REG,2002_07_JAX_BAL,BAL,JAX,14,28,152,2,0,2,-9,1,1,0
00-0019712,Doug Chapman,RB,2002,7,REG,2002_07_MIN_NYJ,MIN,NYJ,0,0,0,0,0,0,0,1,3,0
00-0019794,Aveion Cason,RB,2002,7,REG,2002_07_CHI_DET,DET,CHI,0,0,0,0,0,0,0,3,9,0
00-0019808,Kenny Watson,RB,2002,7,REG,2002_07_WAS_GB,WAS,GB,0,0,0,0,0,0,0,2,1,0
00-0019831,Nick Goings,RB,2002,7,REG,2002_07_CAR_ATL,CAR,ATL,0,0,0,0,0,0,0,2,12,0
00-0020022,Marcel Shipp,RB,2002,7,REG,2002_07_DAL_ARI,ARI,DAL,0,0,0,0,0,0,0,11,33,0
00-0020245,Mike Vick,QB,2002,7,REG,2002_07_CAR_ATL,ATL,CAR,16,22,178,0,0,1,-8,6,91,1
00-0020315,Derrick Blaylock,RB,2002,7,REG,2002_07_DEN_KC,KC,DEN,0,0,0,0,0,0,0,1,4,0
00-0020376,Dee Brown,RB,2002,7,REG,2002_07_CAR_ATL,CAR,ATL,0,0,0,0,0,0,0,1,-3,0
00-0020403,Anthony Thomas,RB,2002,7,REG,2002_07_CHI_DET,CHI,DET,0,0,0,0,0,0,0,26,92,1
00-0020404,Quincy Carter,QB,2002,7,REG,2002_07_DAL_ARI,DAL,ARI,13,22,202,1,4,2,-8,6,14,0
00-0020434,Chris Weinke,QB,2002,7,REG,2002_07_CAR_ATL,CAR,ATL,3,8,26,0,0,3,-15,2,15,0
00-0020448,Travis Minor,RB,2002,7,REG,2002_07_BUF_MIA,MIA,BUF,0,0,0,0,0,0,0,2,8,0
00-0020462,LaMont Jordan,RB,2002,7,REG,2002_07_MIN_NYJ,NYJ,MIN,0,0,0,0,0,0,0,7,14,0
00-0020471,Travis Henry,RB,2002,7,REG,2002_07_BUF_MIA,BUF,MIA,0,0,0,0,0,0,0,22,132,0
00-0020474,Kevan Barlow,RB,2002,7,REG,2002_07_SF_NO,SF,NO,0,0,0,0,0,0,0,6,28,0
00-0020490,Koren Robinson,WR,2002,7,REG,2002_07_SEA_STL,SEA,LA,0,0,0,0,0,0,0,1,-5,0
00-0020514,Michael Bennett,RB,2002,7,REG,2002_07_MIN_NYJ,MIN,NYJ,0,0,0,0,0,0,0,12,56,0
00-0020516,Todd Heap,TE,2002,7,REG,2002_07_JAX_BAL,BAL,JAX,0,0,0,0,0,0,0,1,7,0
00-0020527,Deuce McAllister,RB,2002,7,REG,2002_07_SF_NO,NO,SF,0,0,0,0,0,0,0,21,139,0
00-0020531,Drew Brees,QB,2002,7,REG,2002_07_SD_OAK,LAC,LV,16,25,170,2,0,2,-9,2,0,1
00-0020536,LaDainian Tomlinson,RB,2002,7,REG,2002_07_SD_OAK,LAC,LV,0,0,0,0,0,0,0,39,153,1
00-0020608,David Carr,QB,2002,7,REG,2002_07_HOU_CLE,HOU,CLE,22,36,267,1,0,8,-41,3,3,0
00-0021141,Joey Harrington,QB,2002,7,REG,2002_07_CHI_DET,DET,CHI,16,29,199,0,0,2,-29,2,7,0
00-0021150,William Green,RB,2002,7,REG,2002_07_HOU_CLE,CLE,HOU,0,0,0,0,0,0,0,12,24,1
00-0021152,Ashley Lelie,WR,2002,7,REG,2002_07_DEN_KC,DEN,KC,0,0,0,0,0,0,0,1,24,0
00-0021163,Jabar Gaffney,WR,2002,7,REG,2002_07_HOU_CLE,HOU,CLE,1,1,39,1,0,0,0,0,0,0
00-0021179,Clinton Portis,RB,2002,7,REG,2002_07_DEN_KC,DEN,KC,0,0,0,0,0,0,0,15,70,1
00-0021182,Maurice Morris,RB,2002,7,REG,2002_07_SEA_STL,SEA,LA,0,0,0,0,0,0,0,2,21,0
00-0021184,Ladell Betts,RB,2002,7,REG,2002_07_WAS_GB,WAS,GB,0,0,0,0,0,0,0,1,-2,0
00-0021190,Antwaan Randle El,WR,2002,7,REG,2002_07_IND_PIT,PIT,IND,0,0,0,0,0,0,0,3,27,0
00-0021209,Lamar Gordon,RB,2002,7,REG,2002_07_SEA_STL,LA,SEA,0,0,0,0,0,0,0,4,8,0
00-0021216,Brian Westbrook,RB,2002,7,REG,2002_07_TB_PHI,PHI,TB,0,0,0,0,0,0,0,1,-1,0
00-0021223,Jonathan Wells,RB,2002,7,REG,2002_07_HOU_CLE,HOU,CLE,0,0,0,0,0,0,0,13,23,0
00-0021254,Randy Fasani,QB,2002,7,REG,2002_07_CAR_ATL,CAR,ATL,6,18,100,0,1,1,-7,8,58,0
00-0021314,Chester Taylor,RB,2002,7,REG,2002_07_JAX_BAL,BAL,JAX,0,0,0,0,0,0,0,1,1,0
00-0021376,T.J. Duckett,RB,2002,7,REG,2002_07_CAR_ATL,ATL,CAR,0,0,0,0,0,0,0,12,47,2
00-0021379,Patrick Ramsey,QB,2002,7,REG,2002_07_WAS_GB,WAS,GB,10,24,135,0,0,6,-43,2,0,0
00-0000210,James Allen,RB,2002,8,REG,2002_08_HOU_JAX,HOU,JAX,0,0,0,0,0,0,0,10,40,0
00-0000251,Mike Alstott,FB,2002,8,REG,2002_08_TB_CAR,TB,CAR,0,0,0,0,0,0,0,5,4,0
00-0000339,Richie Anderson,FB,2002,8,REG,2002_08_CLE_NYJ,NYJ,CLE,0,0,0,0,0,0,0,1,2,0
00-0000745,Tiki Barber,RB,2002,8,REG,2002_08_NYG_PHI,NYG,PHI,0,0,0,0,0,0,0,15,79,0
00-0000942,Fred Beasley,FB,2002,8,REG,2002_08_ARI_SF,SF,ARI,0,0,0,0,0,0,0,1,5,0
00-0001098,Brandon Bennett,RB,2002,8,REG,2002_08_TEN_CIN,CIN,TEN,0,0,0,0,0,0,0,3,27,0
00-0001335,Jeff Blake,QB,2002,8,REG,2002_08_PIT_BAL,BAL,PIT,29,50,298,1,3,1,-5,6,25,1
00-0001361,Drew Bledsoe,QB,2002,8,REG,2002_08_DET_BUF,BUF,DET,21,36,302,1,0,4,-33,4,10,0
00-0001532,David Boston,WR,2002,8,REG,2002_08_ARI_SF,ARI,SF,0,0,0,0,0,0,0,1,22,0
00-0001823,Aaron Brooks,QB,2002,8,REG,2002_08_ATL_NO,NO,ATL,16,35,192,2,2,0,0,6,38,0
00-0002058,Tim Brown,WR,2002,8,REG,2002_08_OAK_KC,LV,KC,0,0,0,0,0,0,0,2,8,0
00-0002068,Troy Brown,WR,2002,8,REG,2002_08_DEN_NE,NE,DEN,0,0,0,0,0,0,0,1,-5,0
00-0002110,Mark Brunell,QB,2002,8,REG,2002_08_HOU_JAX,HOU,JAX,16,34,202,1,0,5,-38,1,4,0
00-0002876,Chris Chandler,QB,2002,8,REG,2002_08_CHI_MIN,CHI,MIN,15,25,176,1,1,5,-29,1,7,0
00-0002962,Wayne Chrebet,WR,2002,8,REG,2002_08_CLE_NYJ,NYJ,CLE,0,1,0,0,0,0,0,0,0,0
00-0002970,Bob Christian,FB,2002,8,REG,2002_08_ATL_NO,ATL,NO,0,0,0,0,0,0,0,5,27,1
00-0003292,Kerry Collins,QB,2002,8,REG,2002_08_NYG_PHI,NYG,PHI,20,34,251,0,0,1,-6,2,-1,0
00-0003535,Tim Couch,QB,2002,8,REG,2002_08_CLE_NYJ,CLE,NYJ,32,48,294,2,0,2,-15,3,9,0
00-0003663,Zack Crockett,RB,2002,8,REG,2002_08_OAK_KC,LV,KC,0,0,0,0,0,0,0,1,1,0
00-0003739,Daunte Culpepper,QB,2002,8,REG,2002_08_CHI_MIN,MIN,CHI,22,29,216,1,0,0,0,8,31,0
00-0004052,Stephen Davis,RB,2002,8,REG,2002_08_IND_WAS,WAS,IND,0,0,0,0,0,0,0,16,80,0
00-0004293,Trent Dilfer,QB,2002,8,REG,2002_08_SEA_DAL,SEA,DAL,7,12,46,0,1,0,0,0,0,0
00-0004304,Corey Dillon,RB,2002,8,REG,2002_08_TEN_CIN,CIN,TEN,0,0,0,0,0,0,0,30,138,1
00-0004640,Warrick Dunn,RB,2002,8,REG,2002_08_ATL_NO,ATL,NO,0,0,0,0,0,0,0,23,142,1
00-0004768,Marc Edwards,FB,2002,8,REG,2002_08_DEN_NE,NE,DEN,0,0,0,0,0,0,0,2,6,0
00-0005091,Kevin Faulk,RB,2002,8,REG,2002_08_DEN_NE,NE,DEN,0,0,0,0,0,0,0,1,5,0
00-0005620,Chris Fuamatu-Ma'afala,RB,2002,8,REG,2002_08_PIT_BAL,PIT,BAL,0,0,0,0,0,0,0,8,21,0
00-0005741,Rich Gannon,QB,2002,8,REG,2002_08_OAK_KC,LV,KC,35,55,334,1,1,0,0,2,16,0
00-0005755,Jeff Garcia,QB,2002,8,REG,2002_08_ARI_SF,SF,ARI,18,28,252,4,0,1,0,5,14,0
00-0005779,Charlie Garner,RB,2002,8,REG,2002_08_OAK_KC,LV,KC,0,0,0,0,0,0,0,10,47,0
00-0005883,Eddie George,RB,2002,8,REG,2002_08_TEN_CIN,TEN,CIN,0,0,0,0,0,0,0,21,106,0
00-0006355,Trent Green,QB,2002,8,REG,2002_08_OAK_KC,KC,LV,18,30,208,1,2,3,-18,2,32,0
00-0006423,Brian Griese,QB,2002,8,REG,2002_08_DEN_NE,DEN,NE,18,23,229,1,1,2,-14,3,-1,0
00-0007024,Marvin Harrison,WR,2002,8,REG,2002_08_IND_WAS,IND,WAS,0,0,0,0,0,0,0,1,8,0
00-0007091,Matt Hasselbeck,QB,2002,8,REG,2002_08_SEA_DAL,SEA,DAL,12,19,131,0,1,1,-7,3,11,0
00-0007180,Garrison Hearst,RB,2002,8,REG,2002_08_ARI_SF,SF,ARI,0,0,0,0,0,0,0,5,35,0
00-0007661,Priest Holmes,RB,2002,8,REG,2002_08_OAK_KC,KC,LV,0,0,0,0,0,0,0,23,91,1
00-0008241,Edgerrin James,RB,2002,8,REG,2002_08_IND_WAS,IND,WAS,0,0,0,0,0,0,0,14,33,0
00-0008612,Rob Johnson,QB,2002,8,REG,2002_08_TB_CAR,TB,CAR,22,33,179,0,1,6,-31,4,17,0
00-0009266,Shaun King,QB,2002,8,REG,2002_08_TB_CAR,TB,CAR,1,1,7,0,0,0,0,0,0,0
00-0009311,Jon Kitna,QB,2002,8,REG,2002_08_TEN_CIN,CIN,TEN,17,23,193,2,0,0,0,4,21,0
00-0009829,Dorsey Levens,RB,2002,8,REG,2002_08_NYG_PHI,PHI,NYG,0,0,0,0,0,0,0,5,33,0
00-0010240,Stacey Mack,RB,2002,8,REG,2002_08_HOU_JAX,HOU,JAX,0,0,0,0,0,0,0,6,38,1
00-0010261,Tommy Maddox,QB,2002,8,REG,2002_08_PIT_BAL,PIT,BAL,18,24,172,2,1,0,0,4,-9,0
00-0010346,Peyton Manning,QB,2002,8,REG,2002_08_IND_WAS,IND,WAS,21,32,214,2,2,3,-19,1,1,1
00-0010442,Curtis Martin,RB,2002,8,REG,2002_08_CLE_NYJ,NYJ,CLE,0,0,0,0,0,0,0,18,65,0
00-0010560,Shane Matthews,QB,2002,8,REG,2002_08_IND_WAS,WAS,IND,17,35,210,2,0,1,-5,3,10,0
00-0011022,Donovan McNabb,QB,2002,8,REG,2002_08_NYG_PHI,PHI,NYG,14,30,137,0,0,1,-10,8,107,1
00-0011024,Steve McNair,QB,2002,8,REG,2002_08_TEN_CIN,TEN,CIN,16,27,215,3,0,1,-7,6,28,0
00-0011727,Johnnie Morton,WR,2002,8,REG,2002_08_OAK_KC,KC,LV,0,0,0,0,0,0,0,1,6,0
00-0011754,Randy Moss,WR,2002,8,REG,2002_08_CHI_MIN,MIN,CHI,0,1,0,0,0,0,0,1,2,0
00-0011958,Lorenzo Neal,FB,2002,8,REG,2002_08_TEN_CIN,CIN,TEN,0,0,0,0,0,0,0,2,4,0
00-0013013,Michael Pittman,RB,2002,8,REG,2002_08_TB_CAR,TB,CAR,0,0,0,0,0,0,0,12,36,0
00-0013042,Jake Plummer,QB,2002,8,REG,2002_08_ARI_SF,ARI,SF,24,36,286,0,3,3,-17,5,48,1
00-0013639,Jerry Rice,WR,2002,8,REG,2002_08_OAK_KC,LV,KC,0,0,0,0,0,0,0,1,12,0
00-0013694,Tony Richardson,FB,2002,8,REG,2002_08_OAK_KC,KC,LV,0,0,0,0,0,0,0,3,2,0
00-0015091,Antowain Smith,RB,2002,8,REG,2002_08_DEN_NE,NE,DEN,0,0,0,0,0,0,0,13,58,1
00-0015165,Emmitt Smith,RB,2002,8,REG,2002_08_SEA_DAL,DAL,SEA,0,0,0,0,0,0,0,24,109,1
00-0015242,Lamar Smith,RB,2002,8,REG,2002_08_TB_CAR,CAR,TB,0,0,0,0,0,0,0,22,82,0
00-0015290,Rod Smith,WR,2002,8,REG,2002_08_DEN_NE,DEN,NE,0,0,0,0,0,0,0,1,1,0
00-0015523,Duce Staley,RB,2002,8,REG,2002_08_NYG_PHI,PHI,NYG,0,0,0,0,0,0,0,24,126,0
00-0015601,Aaron Stecker,RB,2002,8,REG,2002_08_TB_CAR,TB,CAR,0,0,0,0,0,0,0,5,17,0
00-0015698,James Stewart,RB,2002,8,REG,2002_08_DET_BUF,DET,BUF,0,0,0,0,0,0,0,24,83,1
00-0015700,Kordell Stewart,QB,2002,8,REG,2002_08_PIT_BAL,PIT,BAL,1,1,7,0,0,0,0,1,0,0
00-0015830,Mack Strong,FB,2002,8,REG,2002_08_SEA_DAL,SEA,DAL,0,0,0,0,0,0,0,2,4,0
00-0016098,Fred Taylor,RB,2002,8,REG,2002_08_HOU_JAX,HOU,JAX,0,0,0,0,0,0,0,25,84,0
00-0016373,Derrius Thompson,WR,2002,8,REG,2002_08_IND_WAS,WAS,IND,0,0,0,0,0,0,0,1,3,0
00-0017847,Karl Williams,WR,2002,8,REG,2002_08_TB_CAR,TB,CAR,0,0,0,0,0,0,0,1,-3,0
00-0017892,Moe Williams,RB,2002,8,REG,2002_08_CHI_MIN,MIN,CHI,0,0,0,0,0,0,0,6,9,1
00-0018501,Amos Zereoue,RB,2002,8,REG,2002_08_PIT_BAL,PIT,BAL,0,0,0,0,0,0,0,13,53,2
00-0019057,Jamel White,RB,2002,8,REG,2002_08_CLE_NYJ,CLE,NYJ,0,0,0,0,0,0,0,14,25,0
00-0019087,Doug Johnson,QB,2002,8,REG,2002_08_ATL_NO,ATL,NO,0,1,0,0,0,0,0,0,0,0
00-0019100,Brad Hoover,FB,2002,8,REG,2002_08_TB_CAR,CAR,TB,0,0,0,0,0,0,0,2,7,0
00-0019109,Scottie Montgomery,WR,2002,8,REG,2002_08_DEN_NE,DEN,NE,0,0,0,0,0,0,0,1,0,0
00-0019455,Peter Warrick,WR,2002,8,REG,2002_08_TEN_CIN,CIN,TEN,0,0,0,0,0,0,0,1,1,0
00-0019516,Troy Hambrick,RB,2002,8,REG,2002_08_SEA_DAL,DAL,SEA,0,0,0,0,0,0,0,3,5,0
00-0019539,Dante Hall,WR,2002,8,REG,2002_08_OAK_KC,KC,LV,0,0,0,0,0,0,0,1,2,0
00-0019559,Chad Pennington,QB,2002,8,REG,2002_08_CLE_NYJ,NYJ,CLE,19,26,183,2,1,1,-8,1,-1,0
00-0019594,Mike Anderson,RB,2002,8,REG,2002_08_DEN_NE,DEN,NE,0,0,0,0,0,0,0,7,21,0
00-0019596,Tom Brady,QB,2002,8,REG,2002_08_DEN_NE,NE,DEN,15,29,130,1,0,5,-20,2,5,0
00-0019610,Reuben Droughns,RB,2002,8,REG,2002_08_DEN_NE,DEN,NE,0,0,0,0,0,0,0,1,0,0
00-0019641,Thomas Jones,RB,2002,8,REG,2002_08_ARI_SF,ARI,SF,0,0,0,0,0,0,0,15,54,1
00-0019643,Ron Dayne,RB,2002,8,REG,2002_08_NYG_PHI,NYG,PHI,0,0,0,0,0,0,0,4,11,0
00-0019647,Shaun Alexander,RB,2002,8,REG,2002_08_SEA_DAL,SEA,DAL,0,0,0,0,0,0,0,23,58,2
00-0019650,Dennis Northcutt,WR,2002,8,REG,2002_08_CLE_NYJ,CLE,NYJ,0,0,0,0,0,0,0,1,13,0
00-0019693,Jamal Lewis,RB,2002,8,REG,2002_08_PIT_BAL,BAL,PIT,0,0,0,0,0,0,0,13,34,0
00-0019703,Jerry Porter,WR,2002,8,REG,2002_08_OAK_KC,LV,KC,0,0,0,0,0,0,0,1,-1,0
00-0019764,Henry Burris,QB,2002,8,REG,2002_08_CHI_MIN,CHI,MIN,1,6,28,0,1,1,-1,2,19,0
00-0019808,Kenny Watson,RB,2002,8,REG,2002_08_IND_WAS,WAS,IND,0,0,0,0,0,0,0,15,67,0
00-0019831,Nick Goings,RB,2002,8,REG,2002_08_TB_CAR,CAR,TB,0,0,0,0,0,0,0,2,6,0
00-0020022,Marcel Shipp,RB,2002,8,REG,2002_08_ARI_SF,ARI,SF,0,0,0,0,0,0,0,6,27,2
00-0020173,James Fenderson,RB,2002,8,REG,2002_08_ATL_NO,NO,ATL,0,0,0,0,0,0,0,1,6,0
00-0020214,Matt Allen,P,2002,8,REG,2002_08_NYG_PHI,NYG,PHI,0,0,0,0,0,0,0,1,13,0
00-0020245,Mike Vick,QB,2002,8,REG,2002_08_ATL_NO,ATL,NO,16,24,195,0,0,3,-9,10,91,2
00-0020403,Anthony Thomas,RB,2002,8,REG,2002_08_CHI_MIN,CHI,MIN,0,0,0,0,0,0,0,9,18,0
00-0020471,Travis Henry,RB,2002,8,REG,2002_08_DET_BUF,BUF,DET,0,0,0,0,0,0,0,19,64,2
00-0020474,Kevan Barlow,RB,2002,8,REG,2002_08_ARI_SF,SF,ARI,0,0,0,0,0,0,0,18,51,1
00-0020514,Michael Bennett,RB,2002,8,REG,2002_08_CHI_MIN,MIN,CHI,0,0,0,0,0,0,0,29,106,0
00-0020516,Todd Heap,TE,2002,8,REG,2002_08_PIT_BAL,BAL,PIT,0,1,0,0,0,0,0,0,0,0
00-0020525,Rod Gardner,WR,2002,8,REG,2002_08_IND_WAS,WAS,IND,0,1,0,0,0,0,0,0,0,0
00-0020527,Deuce McAllister,RB,2002,8,REG,2002_08_ATL_NO,NO,ATL,0,0,0,0,0,0,0,17,115,2
00-0020562,Chad Hutchinson,QB,2002,8,REG,2002_08_SEA_DAL,DAL,SEA,12,24,145,1,0,2,-13,1,-9,0
00-0020564,Delvin Joyce,RB,2002,8,REG,2002_08_NYG_PHI,NYG,PHI,0,0,0,0,0,0,0,1,1,0
00-0020608,David Carr,QB,2002,8,REG,2002_08_HOU_JAX,HOU,JAX,11,18,184,1,0,4,-23,4,14,0
00-0020739,Ricky Williams,RB,2002,8,REG,2002_08_IND_WAS,IND,WAS,0,0,0,0,0,0,0,3,21,0
00-0020917,Joe Burns,RB,2002,8,REG,2002_08_DET_BUF,BUF,DET,0,0,0,0,0,0,0,1,0,0
00-0021141,Joey Harrington,QB,2002,8,REG,2002_08_DET_BUF,DET,BUF,20,42,199,1,1,0,0,0,0,0
00-0021150,William Green,RB,2002,8,REG,2002_08_CLE_NYJ,CLE,NYJ,0,0,0,0,0,0,0,3,8,0
00-0021152,Ashley Lelie,WR,2002,8,REG,2002_08_DEN_NE,DEN,NE,0,0,0,0,0,0,0,1,4,0
00-0021179,Clinton Portis,RB,2002,8,REG,2002_08_DEN_NE,DEN,NE,0,0,0,0,0,0,0,26,111,2
00-0021182,Maurice Morris,RB,2002,8,REG,2002_08_SEA_DAL,SEA,DAL,0,0,0,0,0,0,0,6,24,0
00-0021184,Ladell Betts,RB,2002,8,REG,2002_08_IND_WAS,WAS,IND,0,0,0,0,0,0,0,2,5,0
00-0021190,Antwaan Randle El,WR,2002,8,REG,2002_08_PIT_BAL,PIT,BAL,0,0,0,0,0,0,0,1,16,0
00-0021216,Brian Westbrook,RB,2002,8,REG,2002_08_NYG_PHI,PHI,NYG,0,0,0,0,0,0,0,3,29,0
00-0021223,Jonathan Wells,RB,2002,8,REG,2002_08_HOU_JAX,HOU,JAX,0,0,0,0,0,0,0,17,27,1
00-0021254,Randy Fasani,QB,2002,8,REG,2002_08_TB_CAR,CAR,TB,5,18,46,0,3,3,-26,5,15,0
00-0021279,Verron Haynes,FB,2002,8,REG,2002_08_PIT_BAL,PIT,BAL,0,0,0,0,0,0,0,3,23,0
00-0021314,Chester Taylor,RB,2002,8,REG,2002_08_PIT_BAL,BAL,PIT,0,0,0,0,0,0,0,2,8,0
00-0000210,James Allen,RB,2002,9,REG,2002_09_CIN_HOU,HOU,CIN,0,0,0,0,0,0,0,10,27,0
00-0000251,Mike Alstott,FB,2002,9,REG,2002_09_MIN_TB,TB,MIN,0,0,0,0,0,0,0,26,55,0
00-0000745,Tiki Barber,RB,2002,9,REG,2002_09_JAX_NYG,NYG,JAX,0,0,0,0,0,0,0,19,101,2
00-0000942,Fred Beasley,FB,2002,9,REG,2002_09_SF_OAK,SF,LV,0,0,0,0,0,0,0,5,10,0
00-0001098,Brandon Bennett,RB,2002,9,REG,2002_09_CIN_HOU,CIN,HOU,0,0,0,0,0,0,0,11,34,0
00-0001335,Jeff Blake,QB,2002,9,REG,2002_09_BAL_ATL,BAL,ATL,14,27,229,1,1,6,-42,5,22,0
00-0001361,Drew Bledsoe,QB,2002,9,REG,2002_09_NE_BUF,BUF,NE,28,45,302,1,1,4,-36,1,2,0
00-0001477,Marty Booker,WR,2002,9,REG,2002_09_PHI_CHI,CHI,PHI,0,1,0,0,0,0,0,0,0,0
00-0002099,Isaac Bruce,WR,2002,9,REG,2002_09_STL_ARI,LA,ARI,0,0,0,0,0,0,0,1,-1,0
00-0002110,Mark Brunell,QB,2002,9,REG,2002_09_JAX_NYG,JAX,NYG,23,38,230,2,0,2,-27,5,63,0
00-0002846,Larry Centers,FB,2002,9,REG,2002_09_NE_BUF,BUF,NE,0,0,0,0,0,0,0,1,10,0
00-0002970,Bob Christian,FB,2002,9,REG,2002_09_BAL_ATL,ATL,BAL,0,0,0,0,0,0,0,4,16,0
00-0003292,Kerry Collins,QB,2002,9,REG,2002_09_JAX_NYG,NYG,JAX,20,28,228,1,0,3,-11,2,11,0
00-0003396,Curtis Conway,WR,2002,9,REG,2002_09_NYJ_SD,LAC,NYJ,0,0,0,0,0,0,0,1,-2,0
00-0003400,Ernie Conwell,TE,2002,9,REG,2002_09_STL_ARI,LA,ARI,0,0,0,0,0,0,0,1,15,0
00-0003535,Tim Couch,QB,2002,9,REG,2002_09_PIT_CLE,CLE,PIT,15,24,181,2,2,4,-24,3,2,0
00-0003663,Zack Crockett,RB,2002,9,REG,2002_09_SF_OAK,LV,SF,0,0,0,0,0,0,0,2,10,0
00-0003739,Daunte Culpepper,QB,2002,9,REG,2002_09_MIN_TB,MIN,TB,18,29,225,0,2,3,-11,4,8,0
00-0004304,Corey Dillon,RB,2002,9,REG,2002_09_CIN_HOU,CIN,HOU,0,0,0,0,0,0,0,22,92,0
00-0004640,Warrick Dunn,RB,2002,9,REG,2002_09_BAL_ATL,ATL,BAL,0,0,0,0,0,0,0,10,40,0
00-0004694,Kevin Dyson,WR,2002,9,REG,2002_09_TEN_IND,TEN,IND,0,0,0,0,0,0,0,1,5,0
00-0004768,Marc Edwards,FB,2002,9,REG,2002_09_NE_BUF,NE,BUF,0,0,0,0,0,0,0,1,0,0
00-0004774,Robert Edwards,RB,2002,9,REG,2002_09_MIA_GB,MIA,GB,0,0,0,0,0,0,0,3,34,0
00-0005091,Kevin Faulk,RB,2002,9,REG,2002_09_NE_BUF,NE,BUF,0,0,0,0,0,0,0,4,53,1
00-0005092,Marshall Faulk,RB,2002,9,REG,2002_09_STL_ARI,LA,ARI,0,0,0,0,0,0,0,27,178,1
00-0005106,Brett Favre,QB,2002,9,REG,2002_09_MIA_GB,GB,MIA,16,25,187,1,1,2,-14,2,0,0
00-0005229,Jim Finn,FB,2002,9,REG,2002_09_TEN_IND,IND,TEN,0,0,0,0,0,0,0,2,8,0
00-0005324,Terrell Fletcher,RB,2002,9,REG,2002_09_NYJ_SD,LAC,NYJ,0,0,0,0,0,0,0,1,15,0
00-0005741,Rich Gannon,QB,2002,9,REG,2002_09_SF_OAK,LV,SF,18,28,164,1,0,1,-6,1,6,0
00-0005755,Jeff Garcia,QB,2002,9,REG,2002_09_SF_OAK,SF,LV,25,36,282,2,0,0,0,10,46,0
00-0005779,Charlie Garner,RB,2002,9,REG,2002_09_SF_OAK,LV,SF,0,0,0,0,0,0,0,14,52,1
00-0005883,Eddie George,RB,2002,9,REG,2002_09_TEN_IND,TEN,IND,0,0,0,0,0,0,0,22,95,0
00-0006305,Ahman Green,RB,2002,9,REG,2002_09_MIA_GB,GB,MIA,0,0,0,0,0,0,0,19,72,1
00-0006627,Az-Zahir Hakim,WR,2002,9,REG,2002_09_DAL_DET,DET,DAL,0,0,0,0,0,0,0,2,-2,0
00-0007091,Matt Hasselbeck,QB,2002,9,REG,2002_09_WAS_SEA,SEA,WAS,28,44,264,0,0,4,-24,4,15,0
00-0007180,Garrison Hearst,RB,2002,9,REG,2002_09_SF_OAK,SF,LV,0,0,0,0,0,0,0,18,36,0
00-0008442,Brad Johnson,QB,2002,9,REG,2002_09_MIN_TB,TB,MIN,24,31,313,5,0,0,0,0,0,0
00-0008568,Leon Johnson,RB,2002,9,REG,2002_09_PHI_CHI,CHI,PHI,0,0,0,0,0,0,0,7,22,0
00-0008921,Randy Jordan,RB,2002,9,REG,2002_09_SF_OAK,LV,SF,0,0,0,0,0,0,0,1,0,0
00-0009311,Jon Kitna,QB,2002,9,REG,2002_09_CIN_HOU,CIN,HOU,22,27,263,4,0,0,0,2,1,0
00-0009417,Rob Konrad,FB,2002,9,REG,2002_09_MIA_GB,MIA,GB,0,0,0,0,0,0,0,1,2,0
00-0009584,Sean Landeta,P,2002,9,REG,2002_09_PHI_CHI,PHI,CHI,0,0,0,0,0,0,0,1,0,0
00-0009829,Dorsey Levens,RB,2002,9,REG,2002_09_PHI_CHI,PHI,CHI,0,0,0,0,0,0,0,1,2,0
00-0010137,Ray Lucas,QB,2002,9,REG,2002_09_MIA_GB,MIA,GB,22,39,198,0,2,5,-35,9,49,1
00-0010240,Stacey Mack,RB,2002,9,REG,2002_09_JAX_NYG,JAX,NYG,0,0,0,0,0,0,0,9,54,0
00-0010261,Tommy Maddox,QB,2002,9,REG,2002_09_PIT_CLE,PIT,CLE,23,42,239,2,1,2,-10,3,8,0
00-0010346,Peyton Manning,QB,2002,9,REG,2002_09_TEN_IND,IND,TEN,37,50,327,2,1,3,-29,1,12,0
00-0010442,Curtis Martin,RB,2002,9,REG,2002_09_NYJ_SD,NYJ,LAC,0,0,0,0,0,0,0,13,37,1
00-0010560,Shane Matthews,QB,2002,9,REG,2002_09_WAS_SEA,WAS,SEA,10,27,114,2,1,1,-1,1,-1,0
00-0010974,James McKnight,WR,2002,9,REG,2002_09_MIA_GB,MIA,GB,0,0,0,0,0,0,0,1,-1,0
00-0011022,Donovan McNabb,QB,2002,9,REG,2002_09_PHI_CHI,PHI,CHI,18,33,209,0,1,3,-17,9,46,1
00-0011024,Steve McNair,QB,2002,9,REG,2002_09_TEN_IND,TEN,IND,14,19,82,1,0,1,-5,6,13,0
00-0011276,Jim Miller,QB,2002,9,REG,2002_09_PHI_CHI,CHI,PHI,19,36,205,0,0,3,-19,1,0,0
00-0011754,Randy Moss,WR,2002,9,REG,2002_09_MIN_TB,MIN,TB,0,0,0,0,0,0,0,2,8,0
00-0012726,Doug Pederson,QB,2002,9,REG,2002_09_MIA_GB,GB,MIA,1,2,1,0,0,1,-8,0,0,0
00-0013013,Michael Pittman,RB,2002,9,REG,2002_09_MIN_TB,TB,MIN,0,0,0,0,0,0,0,3,19,0
00-0013042,Jake Plummer,QB,2002,9,REG,2002_09_STL_ARI,ARI,LA,19,30,193,1,1,3,-22,4,24,0
00-0014450,Cory Schlesinger,FB,2002,9,REG,2002_09_DAL_DET,DET,DAL,0,0,0,0,0,0,0,1,3,0
00-0015091,Antowain Smith,RB,2002,9,REG,2002_09_NE_BUF,NE,BUF,0,0,0,0,0,0,0,29,111,1
00-0015165,Emmitt Smith,RB,2002,9,REG,2002_09_DAL_DET,DAL,DET,0,0,0,0,0,0,0,16,39,0
00-0015523,Duce Staley,RB,2002,9,REG,2002_09_PHI_CHI,PHI,CHI,0,0,0,0,0,0,0,19,39,0
00-0015601,Aaron Stecker,RB,2002,9,REG,2002_09_MIN_TB,TB,MIN,0,0,0,0,0,0,0,1,59,0
00-0015698,James Stewart,RB,2002,9,REG,2002_09_DAL_DET,DET,DAL,0,0,0,0,0,0,0,19,50,0
00-0015754,Brandon Stokley,WR,2002,9,REG,2002_09_BAL_ATL,BAL,ATL,0,0,0,0,0,0,0,2,12,0
00-0015830,Mack Strong,FB,2002,9,REG,2002_09_WAS_SEA,SEA,WAS,0,0,0,0,0,0,0,1,3,0
00-0016098,Fred Taylor,RB,2002,9,REG,2002_09_JAX_NYG,JAX,NYG,0,0,0,0,0,0,0,6,9,0
00-0016316,Robert Thomas,FB,2002,9,REG,2002_09_DAL_DET,DAL,DET,0,0,0,0,0,0,0,2,2,0
00-0016440,James Thrash,WR,2002,9,REG,2002_09_PHI_CHI,PHI,CHI,0,0,0,0,0,0,0,3,18,0
00-0017162,Hines Ward,WR,2002,9,REG,2002_09_PIT_CLE,PIT,CLE,0,0,0,0,0,0,0,1,8,0
00-0017486,Tyrone Wheatley,RB,2002,9,REG,2002_09_SF_OAK,LV,SF,0,0,0,0,0,0,0,3,13,0
00-0017892,Moe Williams,RB,2002,9,REG,2002_09_MIN_TB,MIN,TB,0,0,0,0,0,0,0,7,43,2
00-0017915,Ricky Williams,RB,2002,9,REG,2002_09_MIA_GB,MIA,GB,0,0,0,0,0,0,0,14,47,0
00-0018501,Amos Zereoue,RB,2002,9,REG,2002_09_PIT_CLE,PIT,CLE,0,0,0,0,0,0,0,29,111,0
00-0018588,Alan Ricard,RB,2002,9,REG,2002_09_BAL_ATL,BAL,ATL,0,0,0,0,0,0,0,3,27,1
00-0019057,Jamel White,RB,2002,9,REG,2002_09_PIT_CLE,CLE,PIT,0,0,0,0,0,0,0,6,19,0
00-0019135,Dan Kreider,FB,2002,9,REG,2002_09_PIT_CLE,PIT,CLE,0,0,0,0,0,0,0,1,2,0
00-0019516,Troy Hambrick,RB,2002,9,REG,2002_09_DAL_DET,DAL,DET,0,0,0,0,0,0,0,5,12,1
00-0019559,Chad Pennington,QB,2002,9,REG,2002_09_NYJ_SD,NYJ,LAC,28,37,253,1,0,2,-5,3,21,1
00-0019576,Mike Green,RB,2002,9,REG,2002_09_TEN_IND,TEN,IND,0,0,0,0,0,0,0,2,8,0
00-0019596,Tom Brady,QB,2002,9,REG,2002_09_NE_BUF,NE,BUF,22,26,265,3,0,1,-2,1,-1,0
00-0019599,Marc Bulger,QB,2002,9,REG,2002_09_STL_ARI,LA,ARI,20,29,245,2,2,2,-22,2,-4,0
00-0019614,Michael Wiley,RB,2002,9,REG,2002_09_DAL_DET,DAL,DET,0,0,0,0,0,0,0,2,16,0
00-0019641,Thomas Jones,RB,2002,9,REG,2002_09_STL_ARI,ARI,LA,0,0,0,0,0,0,0,12,25,0
00-0019643,Ron Dayne,RB,2002,9,REG,2002_09_JAX_NYG,NYG,JAX,0,0,0,0,0,0,0,13,52,0
00-0019647,Shaun Alexander,RB,2002,9,REG,2002_09_WAS_SEA,SEA,WAS,0,0,0,0,0,0,0,19,67,0
00-0019649,Trung Canidate,RB,2002,9,REG,2002_09_STL_ARI,LA,ARI,0,0,0,0,0,0,0,5,4,0
00-0019650,Dennis Northcutt,WR,2002,9,REG,2002_09_PIT_CLE,CLE,PIT,0,0,0,0,0,0,0,1,5,0
00-0019693,Jamal Lewis,RB,2002,9,REG,2002_09_BAL_ATL,BAL,ATL,0,0,0,0,0,0,0,12,36,0
00-0019721,Travis Taylor,WR,2002,9,REG,2002_09_BAL_ATL,BAL,ATL,0,0,0,0,0,0,0,1,39,0
00-0019808,Kenny Watson,RB,2002,9,REG,2002_09_WAS_SEA,WAS,SEA,0,0,0,0,0,0,0,23,110,0
00-0020022,Marcel Shipp,RB,2002,9,REG,2002_09_STL_ARI,ARI,LA,0,0,0,0,0,0,0,3,15,0
00-0020245,Mike Vick,QB,2002,9,REG,2002_09_BAL_ATL,ATL,BAL,12,24,136,0,1,3,-21,7,-5,0
00-0020308,Mike McMahon,QB,2002,9,REG,2002_09_DAL_DET,DET,DAL,0,0,0,0,0,0,0,1,1,0
00-0020403,Anthony Thomas,RB,2002,9,REG,2002_09_PHI_CHI,CHI,PHI,0,0,0,0,0,0,0,16,52,1
00-0020448,Travis Minor,RB,2002,9,REG,2002_09_MIA_GB,MIA,GB,0,0,0,0,0,0,0,1,4,0
00-0020462,LaMont Jordan,RB,2002,9,REG,2002_09_NYJ_SD,NYJ,LAC,0,0,0,0,0,0,0,13,107,1
00-0020471,Travis Henry,RB,2002,9,REG,2002_09_NE_BUF,BUF,NE,0,0,0,0,0,0,0,11,53,0
00-0020474,Kevan Barlow,RB,2002,9,REG,2002_09_SF_OAK,SF,LV,0,0,0,0,0,0,0,15,60,0
00-0020480,Sage Rosenfels,QB,2002,9,REG,2002_09_MIA_GB,MIA,GB,0,3,0,0,0,0,0,0,0,0
00-0020490,Koren Robinson,WR,2002,9,REG,2002_09_WAS_SEA,SEA,WAS,0,0,0,0,0,0,0,1,-1,0
00-0020494,Santana Moss,WR,2002,9,REG,2002_09_NYJ_SD,NYJ,LAC,0,0,0,0,0,0,0,1,0,0
00-0020514,Michael Bennett,RB,2002,9,REG,2002_09_MIN_TB,MIN,TB,0,0,0,0,0,0,0,10,114,1
00-0020531,Drew Brees,QB,2002,9,REG,2002_09_NYJ_SD,LAC,NYJ,22,35,192,1,2,2,-22,0,0,0
00-0020536,LaDainian Tomlinson,RB,2002,9,REG,2002_09_NYJ_SD,LAC,NYJ,0,0,0,0,0,0,0,12,60,1
00-0020562,Chad Hutchinson,QB,2002,9,REG,2002_09_DAL_DET,DAL,DET,22,39,208,0,0,5,-58,1,-1,0
00-0020608,David Carr,QB,2002,9,REG,2002_09_CIN_HOU,HOU,CIN,18,32,199,0,2,2,-13,2,9,0
00-0020700,James Mungro,RB,2002,9,REG,2002_09_TEN_IND,IND,TEN,0,0,0,0,0,0,0,16,60,0
00-0020964,Tony Fisher,RB,2002,9,REG,2002_09_MIA_GB,GB,MIA,0,0,0,0,0,0,0,1,28,0
00-0021141,Joey Harrington,QB,2002,9,REG,2002_09_DAL_DET,DET,DAL,14,33,104,0,2,1,-8,0,0,0
00-0021150,William Green,RB,2002,9,REG,2002_09_PIT_CLE,CLE,PIT,0,0,0,0,0,0,0,4,10,0
00-0021174,Tim Carter,WR,2002,9,REG,2002_09_JAX_NYG,NYG,JAX,0,0,0,0,0,0,0,1,13,0
00-0021184,Ladell Betts,RB,2002,9,REG,2002_09_WAS_SEA,WAS,SEA,0,0,0,0,0,0,0,5,37,0
00-0021190,Antwaan Randle El,WR,2002,9,REG,2002_09_PIT_CLE,PIT,CLE,2,2,26,0,0,0,0,1,2,0
00-0021191,Antonio Bryant,WR,2002,9,REG,2002_09_DAL_DET,DAL,DET,0,0,0,0,0,0,0,1,3,0
00-0021192,Deion Branch,WR,2002,9,REG,2002_09_NE_BUF,NE,BUF,0,0,0,0,0,0,0,1,-4,0
00-0021216,Brian Westbrook,RB,2002,9,REG,2002_09_PHI_CHI,PHI,CHI,0,0,0,0,0,0,0,4,12,0
00-0021223,Jonathan Wells,RB,2002,9,REG,2002_09_CIN_HOU,HOU,CIN,0,0,0,0,0,0,0,12,44,0
00-0021235,Dave Zastudil,P,2002,9,REG,2002_09_BAL_ATL,BAL,ATL,0,1,0,0,0,0,0,0,0,0
00-0021236,Randy McMichael,TE,2002,9,REG,2002_09_MIA_GB,MIA,GB,0,0,0,0,0,0,0,1,8,0
00-0021252,Najeh Davenport,RB,2002,9,REG,2002_09_MIA_GB,GB,MIA,0,0,0,0,0,0,0,1,4,0
00-0021253,Jarrod Baxter,RB,2002,9,REG,2002_09_CIN_HOU,HOU,CIN,0,0,0,0,0,0,0,1,2,0
00-0021279,Verron Haynes,FB,2002,9,REG,2002_09_PIT_CLE,PIT,CLE,0,0,0,0,0,0,0,4,5,0
00-0021314,Chester Taylor,RB,2002,9,REG,2002_09_BAL_ATL,BAL,ATL,0,0,0,0,0,0,0,1,17,0
00-0021376,T.J. Duckett,RB,2002,9,REG,2002_09_BAL_ATL,ATL,BAL,0,0,0,0,0,0,0,13,75,1
00-0000210,James Allen,RB,2002,10,REG,2002_10_HOU_TEN,HOU,TEN,0,0,0,0,0,0,0,2,5,0
00-0000339,Richie Anderson,FB,2002,10,REG,2002_10_MIA_NYJ,NYJ,MIA,0,0,0,0,0,0,0,1,5,0
00-0000745,Tiki Barber,RB,2002,10,REG,2002_10_NYG_MIN,NYG,MIN,0,0,0,0,0,0,0,24,127,1
00-0000942,Fred Beasley,FB,2002,10,REG,2002_10_KC_SF,SF,KC,0,0,0,0,0,0,0,5,21,0
00-0001098,Brandon Bennett,RB,2002,10,REG,2002_10_CIN_BAL,CIN,BAL,0,0,0,0,0,0,0,6,20,0
00-0001335,Jeff Blake,QB,2002,10,REG,2002_10_CIN_BAL,BAL,CIN,16,24,183,1,0,2,-20,4,-3,0
00-0001477,Marty Booker,WR,2002,10,REG,2002_10_NE_CHI,CHI,NE,1,1,44,1,0,0,0,0,0,0
00-0001545,Todd Bouman,QB,2002,10,REG,2002_10_NYG_MIN,MIN,NYG,3,6,85,0,0,2,-22,1,9,0
00-0001823,Aaron Brooks,QB,2002,10,REG,2002_10_NO_CAR,NO,CAR,20,37,259,1,0,2,-11,4,26,0
00-0002110,Mark Brunell,QB,2002,10,REG,2002_10_WAS_JAX,WAS,JAX,19,29,194,0,0,3,-27,4,4,0
00-0002876,Chris Chandler,QB,2002,10,REG,2002_10_NE_CHI,CHI,NE,6,10,40,0,0,1,-6,2,16,0
00-0002970,Bob Christian,FB,2002,10,REG,2002_10_ATL_PIT,ATL,PIT,0,0,0,0,0,0,0,1,1,1
00-0003292,Kerry Collins,QB,2002,10,REG,2002_10_NYG_MIN,NYG,MIN,25,35,300,2,1,1,-9,3,-4,0
00-0003396,Curtis Conway,WR,2002,10,REG,2002_10_SD_STL,LAC,LA,0,0,0,0,0,0,0,1,6,0
00-0003663,Zack Crockett,RB,2002,10,REG,2002_10_OAK_DEN,LV,DEN,0,0,0,0,0,0,0,1,2,0
00-0003739,Daunte Culpepper,QB,2002,10,REG,2002_10_NYG_MIN,MIN,NYG,9,20,91,0,0,3,-22,6,42,0
00-0004161,Jake Delhomme,QB,2002,10,REG,2002_10_NO_CAR,NO,CAR,0,1,0,0,0,0,0,0,0,0
00-0004200,Autry Denson,RB,2002,10,REG,2002_10_IND_PHI,IND,PHI,0,0,0,0,0,0,0,2,2,0
00-0004304,Corey Dillon,RB,2002,10,REG,2002_10_CIN_BAL,CIN,BAL,0,0,0,0,0,0,0,21,102,0
00-0004640,Warrick Dunn,RB,2002,10,REG,2002_10_ATL_PIT,ATL,PIT,0,0,0,0,0,0,0,20,129,1
00-0004673,Tim Dwight,WR,2002,10,REG,2002_10_SD_STL,LAC,LA,0,0,0,0,0,0,0,1,-3,0
00-0004774,Robert Edwards,RB,2002,10,REG,2002_10_MIA_NYJ,MIA,NYJ,0,0,0,0,0,0,0,1,6,0
00-0004780,Troy Edwards,WR,2002,10,REG,2002_10_SD_STL,LA,LAC,0,0,0,0,0,0,0,1,27,0
00-0005091,Kevin Faulk,RB,2002,10,REG,2002_10_NE_CHI,NE,CHI,0,0,0,0,0,0,0,5,21,0
00-0005092,Marshall Faulk,RB,2002,10,REG,2002_10_SD_STL,LA,LAC,0,0,0,0,0,0,0,13,36,0
00-0005106,Brett Favre,QB,2002,10,REG,2002_10_DET_GB,GB,DET,26,39,351,2,0,2,-10,0,0,0
00-0005229,Jim Finn,FB,2002,10,REG,2002_10_IND_PHI,IND,PHI,0,0,0,0,0,0,0,3,0,0
00-0005324,Terrell Fletcher,RB,2002,10,REG,2002_10_SD_STL,LAC,LA,0,0,0,0,0,0,0,1,0,0
00-0005741,Rich Gannon,QB,2002,10,REG,2002_10_OAK_DEN,LV,DEN,34,38,352,3,0,1,-5,3,12,0
00-0005755,Jeff Garcia,QB,2002,10,REG,2002_10_KC_SF,SF,KC,25,35,175,0,1,3,-7,4,5,0
00-0005779,Charlie Garner,RB,2002,10,REG,2002_10_OAK_DEN,LV,DEN,0,0,0,0,0,0,0,5,2,0
00-0005883,Eddie George,RB,2002,10,REG,2002_10_HOU_TEN,TEN,HOU,0,0,0,0,0,0,0,25,86,0
00-0006305,Ahman Green,RB,2002,10,REG,2002_10_DET_GB,GB,DET,0,0,0,0,0,0,0,12,50,0
00-0006355,Trent Green,QB,2002,10,REG,2002_10_KC_SF,KC,SF,15,27,193,0,0,3,-17,1,7,0
00-0006423,Brian Griese,QB,2002,10,REG,2002_10_OAK_DEN,DEN,LV,34,47,293,0,1,4,-28,3,7,0
00-0006777,Karl Hankton,WR,2002,10,REG,2002_10_NO_CAR,CAR,NO,0,0,0,0,0,0,0,1,-6,0
00-0007091,Matt Hasselbeck,QB,2002,10,REG,2002_10_SEA_ARI,SEA,ARI,23,31,260,1,0,1,-5,4,3,0
00-0007180,Garrison Hearst,RB,2002,10,REG,2002_10_KC_SF,SF,KC,0,0,0,0,0,0,0,15,69,1
00-0007661,Priest Holmes,RB,2002,10,REG,2002_10_KC_SF,KC,SF,0,0,0,0,0,0,0,11,51,1
00-0007835,Damon Huard,QB,2002,10,REG,2002_10_NE_CHI,NE,CHI,0,0,0,0,0,0,0,1,4,0
00-0008568,Leon Johnson,RB,2002,10,REG,2002_10_NE_CHI,CHI,NE,1,1,27,0,0,0,0,5,10,0
00-0009163,Eddie Kennison,WR,2002,10,REG,2002_10_KC_SF,KC,SF,0,0,0,0,0,0,0,1,8,0
00-0009311,Jon Kitna,QB,2002,10,REG,2002_10_CIN_BAL,CIN,BAL,28,41,272,2,3,3,-23,0,0,0
00-0009323,Jimmy Kleinsasser,TE,2002,10,REG,2002_10_NYG_MIN,MIN,NYG,0,0,0,0,0,0,0,1,4,0
00-0009829,Dorsey Levens,RB,2002,10,REG,2002_10_IND_PHI,PHI,IND,0,1,0,0,0,0,0,7,44,0
00-0010137,Ray Lucas,QB,2002,10,REG,2002_10_MIA_NYJ,MIA,NYJ,19,28,227,1,0,3,-17,2,10,0
00-0010240,Stacey Mack,RB,2002,10,REG,2002_10_WAS_JAX,WAS,JAX,0,0,0,0,0,0,0,7,56,1
00-0010261,Tommy Maddox,QB,2002,10,REG,2002_10_ATL_PIT,PIT,ATL,28,41,473,4,1,2,-10,2,7,0
00-0010346,Peyton Manning,QB,2002,10,REG,2002_10_IND_PHI,IND,PHI,18,23,319,3,0,0,0,2,11,0
00-0010442,Curtis Martin,RB,2002,10,REG,2002_10_MIA_NYJ,NYJ,MIA,0,0,0,0,0,0,0,19,74,1
00-0010560,Shane Matthews,QB,2002,10,REG,2002_10_WAS_JAX,WAS,JAX,27,50,256,1,2,2,-17,1,4,0
00-0011022,Donovan McNabb,QB,2002,10,REG,2002_10_IND_PHI,PHI,IND,27,47,281,1,0,2,-12,7,62,0
00-0011024,Steve McNair,QB,2002,10,REG,2002_10_HOU_TEN,TEN,HOU,10,21,109,2,2,0,0,8,46,0
00-0011276,Jim Miller,QB,2002,10,REG,2002_10_NE_CHI,CHI,NE,8,18,72,1,1,1,-3,0,0,0
00-0011727,Johnnie Morton,WR,2002,10,REG,2002_10_KC_SF,KC,SF,0,0,0,0,0,0,0,1,13,0
00-0012478,Terrell Owens,WR,2002,10,REG,2002_10_KC_SF,SF,KC,0,0,0,0,0,0,0,2,23,0
00-0012726,Doug Pederson,QB,2002,10,REG,2002_10_DET_GB,GB,DET,3,3,12,0,0,0,0,0,0,0
00-0012732,Rodney Peete,QB,2002,10,REG,2002_10_NO_CAR,CAR,NO,23,40,310,2,1,2,-14,1,1,0
00-0013042,Jake Plummer,QB,2002,10,REG,2002_10_SEA_ARI,ARI,SEA,17,29,226,0,2,0,0,2,2,0
00-0013682,Kyle Richardson,P,2002,10,REG,2002_10_NYG_MIN,MIN,NYG,0,0,0,0,0,0,0,1,0,0
00-0013694,Tony Richardson,FB,2002,10,REG,2002_10_KC_SF,KC,SF,0,0,0,0,0,0,0,1,2,0
00-0014083,Tom Rouen,P,2002,10,REG,2002_10_NYG_MIN,NYG,MIN,0,0,0,0,0,0,0,1,0,0
00-0014450,Cory Schlesinger,FB,2002,10,REG,2002_10_DET_GB,DET,GB,0,0,0,0,0,0,0,1,4,0
00-0015091,Antowain Smith,RB,2002,10,REG,2002_10_NE_CHI,NE,CHI,0,0,0,0,0,0,0,10,41,0
00-0015242,Lamar Smith,RB,2002,10,REG,2002_10_NO_CAR,CAR,NO,0,0,0,0,0,0,0,17,80,1
00-0015523,Duce Staley,RB,2002,10,REG,2002_10_IND_PHI,PHI,IND,0,0,0,0,0,0,0,6,15,0
00-0015550,Chad Stanley,P,2002,10,REG,2002_10_HOU_TEN,HOU,TEN,0,0,0,0,0,0,0,1,6,0
00-0015698,James Stewart,RB,2002,10,REG,2002_10_DET_GB,DET,GB,0,0,0,0,0,0,0,15,122,0
00-0015830,Mack Strong,FB,2002,10,REG,2002_10_SEA_ARI,SEA,ARI,0,0,0,0,0,0,0,1,4,0
00-0016098,Fred Taylor,RB,2002,10,REG,2002_10_WAS_JAX,WAS,JAX,0,0,0,0,0,0,0,21,82,1
00-0016373,Derrius Thompson,WR,2002,10,REG,2002_10_WAS_JAX,WAS,JAX,0,0,0,0,0,0,0,1,12,0
00-0017162,Hines Ward,WR,2002,10,REG,2002_10_ATL_PIT,PIT,ATL,0,0,0,0,0,0,0,1,29,0
00-0017470,Michael Westbrook,WR,2002,10,REG,2002_10_CIN_BAL,CIN,BAL,0,0,0,0,0,0,0,1,1,0
00-0017486,Tyrone Wheatley,RB,2002,10,REG,2002_10_OAK_DEN,LV,DEN,0,0,0,0,0,0,0,4,9,0
00-0017892,Moe Williams,RB,2002,10,REG,2002_10_NYG_MIN,MIN,NYG,0,0,0,0,0,0,0,2,2,1
00-0017915,Ricky Williams,RB,2002,10,REG,2002_10_MIA_NYJ,MIA,NYJ,0,0,0,0,0,0,0,20,53,0
00-0018501,Amos Zereoue,RB,2002,10,REG,2002_10_ATL_PIT,PIT,ATL,0,0,0,0,0,0,0,37,123,0
00-0018588,Alan Ricard,RB,2002,10,REG,2002_10_CIN_BAL,BAL,CIN,0,0,0,0,0,0,0,1,0,0
00-0019100,Brad Hoover,FB,2002,10,REG,2002_10_NO_CAR,CAR,NO,0,0,0,0,0,0,0,1,0,0
00-0019539,Dante Hall,WR,2002,10,REG,2002_10_KC_SF,KC,SF,0,0,0,0,0,0,0,1,-1,0
00-0019559,Chad Pennington,QB,2002,10,REG,2002_10_MIA_NYJ,NYJ,MIA,17,27,167,0,0,1,0,4,2,0
00-0019576,Mike Green,RB,2002,10,REG,2002_10_HOU_TEN,TEN,HOU,0,0,0,0,0,0,0,4,10,0
00-0019594,Mike Anderson,RB,2002,10,REG,2002_10_OAK_DEN,DEN,LV,0,0,0,0,0,0,0,3,8,0
00-0019596,Tom Brady,QB,2002,10,REG,2002_10_NE_CHI,NE,CHI,36,55,328,3,1,2,-13,3,16,0
00-0019599,Marc Bulger,QB,2002,10,REG,2002_10_SD_STL,LA,LAC,36,48,453,4,0,0,0,1,-1,0
00-0019606,Todd Pinkston,WR,2002,10,REG,2002_10_IND_PHI,PHI,IND,0,0,0,0,0,0,0,1,-15,0
00-0019641,Thomas Jones,RB,2002,10,REG,2002_10_SEA_ARI,ARI,SEA,0,0,0,0,0,0,0,11,24,0
00-0019643,Ron Dayne,RB,2002,10,REG,2002_10_NYG_MIN,NYG,MIN,0,0,0,0,0,0,0,6,40,1
00-0019647,Shaun Alexander,RB,2002,10,REG,2002_10_SEA_ARI,SEA,ARI,0,0,0,0,0,0,0,12,42,2
00-0019693,Jamal Lewis,RB,2002,10,REG,2002_10_CIN_BAL,BAL,CIN,0,0,0,0,0,0,0,21,135,2
00-0019703,Jerry Porter,WR,2002,10,REG,2002_10_OAK_DEN,LV,DEN,0,0,0,0,0,0,0,1,2,0
00-0019721,Travis Taylor,WR,2002,10,REG,2002_10_CIN_BAL,BAL,CIN,0,0,0,0,0,0,0,1,5,0
00-0019808,Kenny Watson,RB,2002,10,REG,2002_10_WAS_JAX,WAS,JAX,0,0,0,0,0,0,0,14,52,0
00-0019831,Nick Goings,RB,2002,10,REG,2002_10_NO_CAR,CAR,NO,0,0,0,0,0,0,0,4,8,0
00-0020022,Marcel Shipp,RB,2002,10,REG,2002_10_SEA_ARI,ARI,SEA,0,0,0,0,0,0,0,16,85,0
00-0020245,Mike Vick,QB,2002,10,REG,2002_10_ATL_PIT,ATL,PIT,24,46,294,1,0,3,-15,10,38,1
00-0020376,Dee Brown,RB,2002,10,REG,2002_10_NO_CAR,CAR,NO,0,0,0,0,0,0,0,3,17,0
00-0020381,Justin McCareins,WR,2002,10,REG,2002_10_HOU_TEN,TEN,HOU,0,0,0,0,0,0,0,1,2,0
00-0020403,Anthony Thomas,RB,2002,10,REG,2002_10_NE_CHI,CHI,NE,0,0,0,0,0,0,0,21,99,1
00-0020462,LaMont Jordan,RB,2002,10,REG,2002_10_MIA_NYJ,NYJ,MIA,0,0,0,0,0,0,0,6,20,0
00-0020474,Kevan Barlow,RB,2002,10,REG,2002_10_KC_SF,SF,KC,0,0,0,0,0,0,0,9,37,1
00-0020490,Koren Robinson,WR,2002,10,REG,2002_10_SEA_ARI,SEA,ARI,0,0,0,0,0,0,0,1,20,0
00-0020494,Santana Moss,WR,2002,10,REG,2002_10_MIA_NYJ,NYJ,MIA,0,0,0,0,0,0,0,1,-4,0
00-0020507,Heath Evans,FB,2002,10,REG,2002_10_SEA_ARI,SEA,ARI,0,0,0,0,0,0,0,3,10,0
00-0020514,Michael Bennett,RB,2002,10,REG,2002_10_NYG_MIN,MIN,NYG,0,0,0,0,0,0,0,15,167,1
00-0020527,Deuce McAllister,RB,2002,10,REG,2002_10_NO_CAR,NO,CAR,0,0,0,0,0,0,0,21,71,2
00-0020531,Drew Brees,QB,2002,10,REG,2002_10_SD_STL,LAC,LA,12,20,139,0,2,1,-9,2,3,0
00-0020536,LaDainian Tomlinson,RB,2002,10,REG,2002_10_SD_STL,LAC,LA,0,0,0,0,0,0,0,24,120,1
00-0020608,David Carr,QB,2002,10,REG,2002_10_HOU_TEN,HOU,TEN,19,34,182,1,2,4,-17,3,16,0
00-0020700,James Mungro,RB,2002,10,REG,2002_10_IND_PHI,IND,PHI,0,0,0,0,0,0,0,28,114,2
00-0020964,Tony Fisher,RB,2002,10,REG,2002_10_DET_GB,GB,DET,0,0,0,0,0,0,0,12,27,0
00-0021031,John Simon,RB,2002,10,REG,2002_10_HOU_TEN,TEN,HOU,0,0,0,0,0,0,0,1,-2,0
00-0021141,Joey Harrington,QB,2002,10,REG,2002_10_DET_GB,DET,GB,20,44,236,2,2,0,0,1,0,0
00-0021152,Ashley Lelie,WR,2002,10,REG,2002_10_OAK_DEN,DEN,LV,0,0,0,0,0,0,0,2,12,0
00-0021174,Tim Carter,WR,2002,10,REG,2002_10_NYG_MIN,NYG,MIN,0,0,0,0,0,0,0,1,6,0
00-0021179,Clinton Portis,RB,2002,10,REG,2002_10_OAK_DEN,DEN,LV,0,0,0,0,0,0,0,14,50,1
00-0021182,Maurice Morris,RB,2002,10,REG,2002_10_SEA_ARI,SEA,ARI,0,0,0,0,0,0,0,15,72,0
00-0021190,Antwaan Randle El,WR,2002,10,REG,2002_10_ATL_PIT,PIT,ATL,0,0,0,0,0,0,0,2,23,0
00-0021209,Lamar Gordon,RB,2002,10,REG,2002_10_SD_STL,LA,LAC,0,0,0,0,0,0,0,1,9,0
00-0021216,Brian Westbrook,RB,2002,10,REG,2002_10_IND_PHI,PHI,IND,0,0,0,0,0,0,0,1,-1,0
00-0021223,Jonathan Wells,RB,2002,10,REG,2002_10_HOU_TEN,HOU,TEN,0,0,0,0,0,0,0,18,41,0
00-0021252,Najeh Davenport,RB,2002,10,REG,2002_10_DET_GB,GB,DET,0,0,0,0,0,0,0,10,73,1
00-0021314,Chester Taylor,RB,2002,10,REG,2002_10_CIN_BAL,BAL,CIN,0,0,0,0,0,0,0,5,25,0
00-0021379,Patrick Ramsey,QB,2002,10,REG,2002_10_WAS_JAX,WAS,JAX,0,1,0,0,1,0,0,0,0,0
00-0000210,James Allen,RB,2002,11,REG,2002_11_JAX_HOU,HOU,JAX,0,0,0,0,0,0,0,11,30,0
00-0000251,Mike Alstott,FB,2002,11,REG,2002_11_CAR_TB,TB,CAR,0,0,0,0,0,0,0,2,8,0
00-0000745,Tiki Barber,RB,2002,11,REG,2002_11_WAS_NYG,NYG,WAS,0,0,0,0,0,0,0,24,64,0
00-0000942,Fred Beasley,FB,2002,11,REG,2002_11_SF_SD,SF,LAC,0,0,0,0,0,0,0,2,0,0
00-0001098,Brandon Bennett,RB,2002,11,REG,2002_11_CLE_CIN,CIN,CLE,0,0,0,0,0,0,0,1,3,0
00-0001215,Jerome Bettis,RB,2002,11,REG,2002_11_PIT_TEN,PIT,TEN,0,0,0,0,0,0,0,4,6,0
00-0001218,Steve Beuerlein,QB,2002,11,REG,2002_11_DEN_SEA,DEN,SEA,2,2,15,2,0,0,0,2,0,0
00-0001335,Jeff Blake,QB,2002,11,REG,2002_11_BAL_MIA,BAL,MIA,14,28,127,1,1,7,-36,2,8,0
00-0001361,Drew Bledsoe,QB,2002,11,REG,2002_11_BUF_KC,BUF,KC,24,36,225,1,1,2,-14,2,7,0
00-0001477,Marty Booker,WR,2002,11,REG,2002_11_CHI_STL,CHI,LA,0,2,0,0,0,0,0,0,0,0
00-0001627,Corey Bradford,WR,2002,11,REG,2002_11_JAX_HOU,HOU,JAX,0,0,0,0,0,0,0,1,0,0
00-0001823,Aaron Brooks,QB,2002,11,REG,2002_11_NO_ATL,NO,ATL,20,31,279,2,1,2,-15,5,26,0
00-0002058,Tim Brown,WR,2002,11,REG,2002_11_NE_OAK,LV,NE,0,0,0,0,0,0,0,1,1,0
00-0002068,Troy Brown,WR,2002,11,REG,2002_11_NE_OAK,NE,LV,0,0,0,0,0,0,0,1,-2,0
00-0002110,Mark Brunell,QB,2002,11,REG,2002_11_JAX_HOU,JAX,HOU,15,25,224,2,1,5,-25,3,12,0
00-0002876,Chris Chandler,QB,2002,11,REG,2002_11_CHI_STL,CHI,LA,20,33,157,0,0,7,-40,1,6,0
00-0002970,Bob Christian,FB,2002,11,REG,2002_11_NO_ATL,ATL,NO,0,0,0,0,0,0,0,4,10,0
00-0003292,Kerry Collins,QB,2002,11,REG,2002_11_WAS_NYG,NYG,WAS,22,46,211,1,2,0,0,4,-5,0
00-0003400,Ernie Conwell,TE,2002,11,REG,2002_11_CHI_STL,LA,CHI,0,0,0,0,0,0,0,1,1,1
00-0003535,Tim Couch,QB,2002,11,REG,2002_11_CLE_CIN,CLE,CIN,22,35,242,3,1,0,0,1,5,0
00-0003663,Zack Crockett,RB,2002,11,REG,2002_11_NE_OAK,LV,NE,0,0,0,0,0,0,0,5,11,2
00-0003739,Daunte Culpepper,QB,2002,11,REG,2002_11_GB_MIN,MIN,GB,13,26,217,2,2,2,-10,10,48,1
00-0004052,Stephen Davis,RB,2002,11,REG,2002_11_WAS_NYG,WAS,NYG,0,0,0,0,0,0,0,19,59,0
00-0004304,Corey Dillon,RB,2002,11,REG,2002_11_CLE_CIN,CIN,CLE,0,0,0,0,0,0,0,19,92,0
00-0004640,Warrick Dunn,RB,2002,11,REG,2002_11_NO_ATL,ATL,NO,0,0,0,0,0,0,0,26,90,0
00-0004673,Tim Dwight,WR,2002,11,REG,2002_11_SF_SD,LAC,SF,0,0,0,0,0,0,0,1,2,0
00-0005106,Brett Favre,QB,2002,11,REG,2002_11_GB_MIN,GB,MIN,24,43,296,2,3,0,0,0,0,0
00-0005741,Rich Gannon,QB,2002,11,REG,2002_11_NE_OAK,LV,NE,26,38,297,0,1,1,-8,5,15,1
00-0005755,Jeff Garcia,QB,2002,11,REG,2002_11_SF_SD,SF,LAC,25,43,337,2,1,1,-6,4,21,0
00-0005779,Charlie Garner,RB,2002,11,REG,2002_11_NE_OAK,LV,NE,0,0,0,0,0,0,0,15,57,0
00-0005816,Olandis Gary,RB,2002,11,REG,2002_11_DEN_SEA,DEN,SEA,0,0,0,0,0,0,0,1,19,0
00-0005883,Eddie George,RB,2002,11,REG,2002_11_PIT_TEN,TEN,PIT,0,0,0,0,0,0,0,28,79,2
00-0006305,Ahman Green,RB,2002,11,REG,2002_11_GB_MIN,GB,MIN,0,0,0,0,0,0,0,18,71,1
00-0006355,Trent Green,QB,2002,11,REG,2002_11_BUF_KC,KC,BUF,12,20,197,0,0,1,-5,4,19,1
00-0006423,Brian Griese,QB,2002,11,REG,2002_11_DEN_SEA,DEN,SEA,17,27,194,0,1,1,-10,2,16,0
00-0007091,Matt Hasselbeck,QB,2002,11,REG,2002_11_DEN_SEA,SEA,DEN,22,36,180,0,2,5,-27,2,13,0
00-0007180,Garrison Hearst,RB,2002,11,REG,2002_11_SF_SD,SF,LAC,0,0,0,0,0,0,0,12,66,0
00-0007546,James Hodgins,RB,2002,11,REG,2002_11_CHI_STL,LA,CHI,0,0,0,0,0,0,0,1,2,0
00-0007579,Robert Holcombe,FB,2002,11,REG,2002_11_PIT_TEN,TEN,PIT,0,0,0,0,0,0,0,3,18,0
00-0007661,Priest Holmes,RB,2002,11,REG,2002_11_BUF_KC,KC,BUF,0,0,0,0,0,0,0,31,104,1
00-0007681,Torry Holt,WR,2002,11,REG,2002_11_CHI_STL,LA,CHI,0,0,0,0,0,0,0,1,14,0
00-0008241,Edgerrin James,RB,2002,11,REG,2002_11_DAL_IND,IND,DAL,0,0,0,0,0,0,0,24,106,0
00-0008442,Brad Johnson,QB,2002,11,REG,2002_11_CAR_TB,TB,CAR,22,40,253,2,0,2,-6,4,6,0
00-0008568,Leon Johnson,RB,2002,11,REG,2002_11_CHI_STL,CHI,LA,0,0,0,0,0,0,0,6,16,0
00-0009163,Eddie Kennison,WR,2002,11,REG,2002_11_BUF_KC,KC,BUF,0,0,0,0,0,0,0,1,1,0
00-0009311,Jon Kitna,QB,2002,11,REG,2002_11_CLE_CIN,CIN,CLE,17,30,258,1,0,1,-10,1,3,1
00-0009829,Dorsey Levens,RB,2002,11,REG,2002_11_ARI_PHI,PHI,ARI,0,0,0,0,0,0,0,7,57,0
00-0010137,Ray Lucas,QB,2002,11,REG,2002_11_BAL_MIA,MIA,BAL,18,26,221,0,0,0,0,11,12,1
00-0010240,Stacey Mack,RB,2002,11,REG,2002_11_JAX_HOU,JAX,HOU,0,0,0,0,0,0,0,12,54,1
00-0010261,Tommy Maddox,QB,2002,11,REG,2002_11_PIT_TEN,PIT,TEN,14,28,194,1,3,1,-6,1,12,0
00-0010346,Peyton Manning,QB,2002,11,REG,2002_11_DAL_IND,IND,DAL,29,38,252,2,1,0,0,5,4,0
00-0010442,Curtis Martin,RB,2002,11,REG,2002_11_NYJ_DET,NYJ,DET,0,0,0,0,0,0,0,22,112,0
00-0010560,Shane Matthews,QB,2002,11,REG,2002_11_WAS_NYG,WAS,NYG,15,35,113,2,1,2,-7,1,2,0
00-0010609,Brad Maynard,P,2002,11,REG,2002_11_CHI_STL,CHI,LA,0,0,0,0,0,0,0,1,20,0
00-0010974,James McKnight,WR,2002,11,REG,2002_11_BAL_MIA,MIA,BAL,0,0,0,0,0,0,0,1,2,0
00-0011022,Donovan McNabb,QB,2002,11,REG,2002_11_ARI_PHI,PHI,ARI,20,25,255,4,1,1,-5,0,0,0
00-0011024,Steve McNair,QB,2002,11,REG,2002_11_PIT_TEN,TEN,PIT,18,33,257,2,0,0,0,9,24,0
00-0011727,Johnnie Morton,WR,2002,11,REG,2002_11_BUF_KC,KC,BUF,0,0,0,0,0,0,0,1,4,0
00-0012732,Rodney Peete,QB,2002,11,REG,2002_11_CAR_TB,CAR,TB,22,38,205,1,3,4,-37,0,0,0
00-0013013,Michael Pittman,RB,2002,11,REG,2002_11_CAR_TB,TB,CAR,0,0,0,0,0,0,0,21,57,0
00-0013042,Jake Plummer,QB,2002,11,REG,2002_11_ARI_PHI,ARI,PHI,20,35,163,2,1,4,-39,2,18,0
00-0014450,Cory Schlesinger,FB,2002,11,REG,2002_11_NYJ_DET,DET,NYJ,0,0,0,0,0,0,0,2,11,0
00-0015091,Antowain Smith,RB,2002,11,REG,2002_11_NE_OAK,NE,LV,0,0,0,0,0,0,0,15,49,0
00-0015165,Emmitt Smith,RB,2002,11,REG,2002_11_DAL_IND,DAL,IND,0,0,0,0,0,0,0,8,22,0
00-0015242,Lamar Smith,RB,2002,11,REG,2002_11_CAR_TB,CAR,TB,0,0,0,0,0,0,0,15,46,0
00-0015290,Rod Smith,WR,2002,11,REG,2002_11_DEN_SEA,DEN,SEA,0,0,0,0,0,0,0,2,11,0
00-0015523,Duce Staley,RB,2002,11,REG,2002_11_ARI_PHI,PHI,ARI,0,0,0,0,0,0,0,31,135,0
00-0015601,Aaron Stecker,RB,2002,11,REG,2002_11_CAR_TB,TB,CAR,0,0,0,0,0,0,0,2,-4,0
00-0015698,James Stewart,RB,2002,11,REG,2002_11_NYJ_DET,DET,NYJ,0,0,0,0,0,0,0,16,93,0
00-0015700,Kordell Stewart,QB,2002,11,REG,2002_11_PIT_TEN,PIT,TEN,13,17,124,2,0,0,0,1,11,0
00-0015830,Mack Strong,FB,2002,11,REG,2002_11_DEN_SEA,SEA,DEN,0,0,0,0,0,0,0,1,7,0
00-0016098,Fred Taylor,RB,2002,11,REG,2002_11_JAX_HOU,JAX,HOU,0,0,0,0,0,0,0,13,56,0
00-0016316,Robert Thomas,FB,2002,11,REG,2002_11_DAL_IND,DAL,IND,0,0,0,0,0,0,0,1,0,0
00-0016440,James Thrash,WR,2002,11,REG,2002_11_ARI_PHI,PHI,ARI,0,0,0,0,0,0,0,1,4,1
00-0017200,Kurt Warner,QB,2002,11,REG,2002_11_CHI_STL,LA,CHI,1,2,13,0,0,1,-7,0,0,0
00-0017486,Tyrone Wheatley,RB,2002,11,REG,2002_11_NE_OAK,LV,NE,0,0,0,0,0,0,0,5,13,0
00-0017892,Moe Williams,RB,2002,11,REG,2002_11_GB_MIN,MIN,GB,0,0,0,0,0,0,0,6,29,1
00-0017915,Ricky Williams,RB,2002,11,REG,2002_11_BAL_MIA,MIA,BAL,0,0,0,0,0,0,0,26,102,2
00-0018501,Amos Zereoue,RB,2002,11,REG,2002_11_PIT_TEN,PIT,TEN,0,0,0,0,0,0,0,9,16,0
00-0018588,Alan Ricard,RB,2002,11,REG,2002_11_BAL_MIA,BAL,MIA,0,0,0,0,0,0,0,2,8,0
00-0019455,Peter Warrick,WR,2002,11,REG,2002_11_CLE_CIN,CIN,CLE,0,0,0,0,0,0,0,1,4,0
00-0019516,Troy Hambrick,RB,2002,11,REG,2002_11_DAL_IND,DAL,IND,0,0,0,0,0,0,0,7,42,0
00-0019559,Chad Pennington,QB,2002,11,REG,2002_11_NYJ_DET,NYJ,DET,21,26,229,4,1,1,-10,5,1,0
00-0019594,Mike Anderson,RB,2002,11,REG,2002_11_DEN_SEA,DEN,SEA,0,0,0,0,0,0,0,4,20,1
00-0019596,Tom Brady,QB,2002,11,REG,2002_11_NE_OAK,NE,LV,18,30,172,0,0,4,-25,1,1,0
00-0019599,Marc Bulger,QB,2002,11,REG,2002_11_CHI_STL,LA,CHI,21,35,347,2,1,3,-26,1,-1,0
00-0019641,Thomas Jones,RB,2002,11,REG,2002_11_ARI_PHI,ARI,PHI,0,0,0,0,0,0,0,9,30,0
00-0019643,Ron Dayne,RB,2002,11,REG,2002_11_WAS_NYG,NYG,WAS,0,0,0,0,0,0,0,10,29,0
00-0019647,Shaun Alexander,RB,2002,11,REG,2002_11_DEN_SEA,SEA,DEN,0,0,0,0,0,0,0,11,18,0
00-0019693,Jamal Lewis,RB,2002,11,REG,2002_11_BAL_MIA,BAL,MIA,0,0,0,0,0,0,0,17,47,0
00-0019794,Aveion Cason,RB,2002,11,REG,2002_11_NYJ_DET,DET,NYJ,0,0,0,0,0,0,0,2,4,0
00-0019808,Kenny Watson,RB,2002,11,REG,2002_11_WAS_NYG,WAS,NYG,0,0,0,0,0,0,0,1,-1,0
00-0020022,Marcel Shipp,RB,2002,11,REG,2002_11_ARI_PHI,ARI,PHI,0,0,0,0,0,0,0,9,76,0
00-0020173,James Fenderson,RB,2002,11,REG,2002_11_NO_ATL,NO,ATL,0,0,0,0,0,0,0,2,13,0
00-0020245,Mike Vick,QB,2002,11,REG,2002_11_NO_ATL,ATL,NO,11,23,160,2,1,3,-23,7,55,1
00-0020376,Dee Brown,RB,2002,11,REG,2002_11_CAR_TB,CAR,TB,0,0,0,0,0,0,0,4,17,0
00-0020403,Anthony Thomas,RB,2002,11,REG,2002_11_CHI_STL,CHI,LA,0,0,0,0,0,0,0,14,61,1
00-0020427,Quincy Morgan,WR,2002,11,REG,2002_11_CLE_CIN,CLE,CIN,0,0,0,0,0,0,0,1,11,0
00-0020430,James Jackson,RB,2002,11,REG,2002_11_CLE_CIN,CLE,CIN,0,0,0,0,0,0,0,7,27,0
00-0020446,Chris Chambers,WR,2002,11,REG,2002_11_BAL_MIA,MIA,BAL,0,0,0,0,0,0,0,1,0,0
00-0020462,LaMont Jordan,RB,2002,11,REG,2002_11_NYJ_DET,NYJ,DET,0,0,0,0,0,0,0,11,63,0
00-0020471,Travis Henry,RB,2002,11,REG,2002_11_BUF_KC,BUF,KC,0,0,0,0,0,0,0,24,126,0
00-0020474,Kevan Barlow,RB,2002,11,REG,2002_11_SF_SD,SF,LAC,0,0,0,0,0,0,0,13,49,0
00-0020490,Koren Robinson,WR,2002,11,REG,2002_11_DEN_SEA,SEA,DEN,0,0,0,0,0,0,0,1,9,0
00-0020494,Santana Moss,WR,2002,11,REG,2002_11_NYJ_DET,NYJ,DET,0,0,0,0,0,0,0,1,13,0
00-0020507,Heath Evans,FB,2002,11,REG,2002_11_DEN_SEA,SEA,DEN,0,0,0,0,0,0,0,1,4,0
00-0020514,Michael Bennett,RB,2002,11,REG,2002_11_GB_MIN,MIN,GB,0,0,0,0,0,0,0,20,130,0
00-0020527,Deuce McAllister,RB,2002,11,REG,2002_11_NO_ATL,NO,ATL,0,0,0,0,0,0,0,13,43,0
00-0020531,Drew Brees,QB,2002,11,REG,2002_11_SF_SD,LAC,SF,29,50,336,2,1,0,0,2,15,0
00-0020536,LaDainian Tomlinson,RB,2002,11,REG,2002_11_SF_SD,LAC,SF,0,0,0,0,0,0,0,24,88,0
00-0020562,Chad Hutchinson,QB,2002,11,REG,2002_11_DAL_IND,DAL,IND,11,23,131,0,0,5,-37,1,5,0
00-0020608,David Carr,QB,2002,11,REG,2002_11_JAX_HOU,HOU,JAX,22,30,228,1,1,4,-34,7,33,2
00-0020700,James Mungro,RB,2002,11,REG,2002_11_DAL_IND,IND,DAL,0,0,0,0,0,0,0,5,0,0
00-0020754,Kelly Campbell,WR,2002,11,REG,2002_11_GB_MIN,MIN,GB,0,0,0,0,0,0,0,1,11,0
00-0020780,Frisman Jackson,WR,2002,11,REG,2002_11_CLE_CIN,CLE,CIN,0,1,0,0,0,0,0,0,0,0
00-0020820,Jesse Chatman,RB,2002,11,REG,2002_11_SF_SD,LAC,SF,0,0,0,0,0,0,0,1,0,0
00-0021141,Joey Harrington,QB,2002,11,REG,2002_11_NYJ_DET,DET,NYJ,15,30,171,2,1,0,0,0,0,0
00-0021147,Donte' Stallworth,WR,2002,11,REG,2002_11_NO_ATL,NO,ATL,0,0,0,0,0,0,0,1,-2,0
00-0021150,William Green,RB,2002,11,REG,2002_11_CLE_CIN,CLE,CIN,0,0,0,0,0,0,0,25,96,0
00-0021175,Andre Davis,WR,2002,11,REG,2002_11_CLE_CIN,CLE,CIN,0,0,0,0,0,0,0,1,1,0
00-0021179,Clinton Portis,RB,2002,11,REG,2002_11_DEN_SEA,DEN,SEA,0,0,0,0,0,0,0,23,136,0
00-0021191,Antonio Bryant,WR,2002,11,REG,2002_11_DAL_IND,DAL,IND,0,0,0,0,0,0,0,1,15,0
00-0021209,Lamar Gordon,RB,2002,11,REG,2002_11_CHI_STL,LA,CHI,0,0,0,0,0,0,0,16,45,0
00-0021216,Brian Westbrook,RB,2002,11,REG,2002_11_ARI_PHI,PHI,ARI,0,0,0,0,0,0,0,4,16,0
00-0021223,Jonathan Wells,RB,2002,11,REG,2002_11_JAX_HOU,HOU,JAX,0,0,0,0,0,0,0,9,15,0
00-0021314,Chester Taylor,RB,2002,11,REG,2002_11_BAL_MIA,BAL,MIA,0,0,0,0,0,0,0,1,3,0
00-0000210,James Allen,RB,2002,12,REG,2002_12_NYG_HOU,HOU,NYG,0,0,0,0,0,0,0,5,1,0
00-0000251,Mike Alstott,FB,2002,12,REG,2002_12_GB_TB,TB,GB,0,0,0,0,0,0,0,9,30,0
00-0000745,Tiki Barber,RB,2002,12,REG,2002_12_NYG_HOU,NYG,HOU,0,0,0,0,0,0,0,20,147,1
00-0001215,Jerome Bettis,RB,2002,12,REG,2002_12_CIN_PIT,PIT,CIN,0,0,0,0,0,0,0,22,79,2
00-0001218,Steve Beuerlein,QB,2002,12,REG,2002_12_IND_DEN,DEN,IND,15,24,185,1,2,2,-13,0,0,0
00-0001335,Jeff Blake,QB,2002,12,REG,2002_12_TEN_BAL,BAL,TEN,11,24,109,0,1,4,-22,4,-1,0
00-0001361,Drew Bledsoe,QB,2002,12,REG,2002_12_BUF_NYJ,BUF,NYJ,21,33,181,0,2,2,-16,0,0,0
00-0001823,Aaron Brooks,QB,2002,12,REG,2002_12_CLE_NO,NO,CLE,23,40,318,0,3,2,-9,3,9,0
00-0002058,Tim Brown,WR,2002,12,REG,2002_12_OAK_ARI,LV,ARI,0,0,0,0,0,0,0,1,3,0
00-0002110,Mark Brunell,QB,2002,12,REG,2002_12_JAX_DAL,JAX,DAL,22,40,202,1,1,2,-8,2,17,0
00-0002846,Larry Centers,FB,2002,12,REG,2002_12_BUF_NYJ,BUF,NYJ,0,0,0,0,0,0,0,1,-1,0
00-0002876,Chris Chandler,QB,2002,12,REG,2002_12_DET_CHI,CHI,DET,10,16,111,1,0,1,-2,1,1,0
00-0002970,Bob Christian,FB,2002,12,REG,2002_12_ATL_CAR,ATL,CAR,0,0,0,0,0,0,0,4,12,0
00-0003136,Mike Cloud,RB,2002,12,REG,2002_12_KC_SEA,KC,SEA,0,0,0,0,0,0,0,1,1,0
00-0003292,Kerry Collins,QB,2002,12,REG,2002_12_NYG_HOU,NYG,HOU,18,41,214,1,2,2,-13,0,0,0
00-0003535,Tim Couch,QB,2002,12,REG,2002_12_CLE_NO,CLE,NO,12,21,182,1,2,1,-6,5,3,0
00-0003663,Zack Crockett,RB,2002,12,REG,2002_12_OAK_ARI,LV,ARI,0,0,0,0,0,0,0,2,-1,0
00-0003739,Daunte Culpepper,QB,2002,12,REG,2002_12_MIN_NE,MIN,NE,24,49,272,2,0,4,-8,5,59,0
00-0004052,Stephen Davis,RB,2002,12,REG,2002_12_STL_WAS,WAS,LA,0,0,0,0,0,0,0,31,88,3
00-0004229,Koy Detmer,QB,2002,12,REG,2002_12_PHI_SF,PHI,SF,18,26,227,2,0,1,-8,1,1,1
00-0004304,Corey Dillon,RB,2002,12,REG,2002_12_CIN_PIT,CIN,PIT,0,0,0,0,0,0,0,19,60,2
00-0004386,Chris Doering,WR,2002,12,REG,2002_12_STL_WAS,WAS,LA,0,1,0,0,0,0,0,0,0,0
00-0004541,Donald Driver,WR,2002,12,REG,2002_12_GB_TB,GB,TB,0,0,0,0,0,0,0,1,16,0
00-0004640,Warrick Dunn,RB,2002,12,REG,2002_12_ATL_CAR,ATL,CAR,0,0,0,0,0,0,0,15,52,1
00-0004768,Marc Edwards,FB,2002,12,REG,2002_12_MIN_NE,NE,MIN,0,0,0,0,0,0,0,5,15,0
00-0004774,Robert Edwards,RB,2002,12,REG,2002_12_SD_MIA,MIA,LAC,0,0,0,0,0,0,0,2,2,0
00-0005091,Kevin Faulk,RB,2002,12,REG,2002_12_MIN_NE,NE,MIN,0,0,0,0,0,0,0,4,3,0
00-0005106,Brett Favre,QB,2002,12,REG,2002_12_GB_TB,GB,TB,20,38,196,1,4,3,-25,1,17,0
00-0005741,Rich Gannon,QB,2002,12,REG,2002_12_OAK_ARI,LV,ARI,27,45,340,3,1,1,-7,4,2,0
00-0005755,Jeff Garcia,QB,2002,12,REG,2002_12_PHI_SF,SF,PHI,29,51,284,2,0,3,-26,3,13,0
00-0005779,Charlie Garner,RB,2002,12,REG,2002_12_OAK_ARI,LV,ARI,0,0,0,0,0,0,0,16,100,1
00-0005816,Olandis Gary,RB,2002,12,REG,2002_12_IND_DEN,DEN,IND,0,0,0,0,0,0,0,1,8,0
00-0005883,Eddie George,RB,2002,12,REG,2002_12_TEN_BAL,TEN,BAL,0,0,0,0,0,0,0,16,61,0
00-0006305,Ahman Green,RB,2002,12,REG,2002_12_GB_TB,GB,TB,0,0,0,0,0,0,0,18,56,0
00-0006355,Trent Green,QB,2002,12,REG,2002_12_KC_SEA,KC,SEA,26,34,343,2,1,2,-8,1,7,0
00-0007091,Matt Hasselbeck,QB,2002,12,REG,2002_12_KC_SEA,SEA,KC,25,36,362,3,0,1,-8,3,23,0
00-0007180,Garrison Hearst,RB,2002,12,REG,2002_12_PHI_SF,SF,PHI,0,0,0,0,0,0,0,10,65,0
00-0007579,Robert Holcombe,FB,2002,12,REG,2002_12_TEN_BAL,TEN,BAL,0,0,0,0,0,0,0,10,46,0
00-0007661,Priest Holmes,RB,2002,12,REG,2002_12_KC_SEA,KC,SEA,0,0,0,0,0,0,0,23,197,2
00-0007681,Torry Holt,WR,2002,12,REG,2002_12_STL_WAS,LA,WAS,0,0,0,0,0,0,0,1,4,0
00-0008241,Edgerrin James,RB,2002,12,REG,2002_12_IND_DEN,IND,DEN,0,0,0,0,0,0,0,26,84,1
00-0008442,Brad Johnson,QB,2002,12,REG,2002_12_GB_TB,TB,GB,15,25,134,2,0,0,0,1,5,0
00-0008560,Kevin Johnson,WR,2002,12,REG,2002_12_CLE_NO,CLE,NO,0,1,0,0,0,0,0,0,0,0
00-0008568,Leon Johnson,RB,2002,12,REG,2002_12_DET_CHI,CHI,DET,0,0,0,0,0,0,0,9,34,0
00-0008612,Rob Johnson,QB,2002,12,REG,2002_12_GB_TB,TB,GB,3,5,33,0,1,2,-14,2,8,0
00-0009311,Jon Kitna,QB,2002,12,REG,2002_12_CIN_PIT,CIN,PIT,22,39,298,1,0,1,0,1,-6,0
00-0009829,Dorsey Levens,RB,2002,12,REG,2002_12_PHI_SF,PHI,SF,0,0,0,0,0,0,0,4,15,0
00-0010137,Ray Lucas,QB,2002,12,REG,2002_12_SD_MIA,MIA,LAC,14,23,194,1,0,1,-3,4,31,0
00-0010240,Stacey Mack,RB,2002,12,REG,2002_12_JAX_DAL,JAX,DAL,0,0,0,0,0,0,0,4,15,1
00-0010346,Peyton Manning,QB,2002,12,REG,2002_12_IND_DEN,IND,DEN,27,44,229,0,1,2,-13,6,22,0
00-0010442,Curtis Martin,RB,2002,12,REG,2002_12_BUF_NYJ,NYJ,BUF,0,0,0,0,0,0,0,21,120,1
00-0010632,Fred McAfee,RB,2002,12,REG,2002_12_CLE_NO,NO,CLE,0,0,0,0,0,0,0,1,11,0
00-0011024,Steve McNair,QB,2002,12,REG,2002_12_TEN_BAL,TEN,BAL,21,43,283,0,3,1,-15,4,14,0
00-0011276,Jim Miller,QB,2002,12,REG,2002_12_DET_CHI,CHI,DET,21,35,250,1,0,2,-12,1,0,0
00-0011727,Johnnie Morton,WR,2002,12,REG,2002_12_KC_SEA,KC,SEA,0,0,0,0,0,0,0,1,12,0
00-0011958,Lorenzo Neal,FB,2002,12,REG,2002_12_CIN_PIT,CIN,PIT,0,0,0,0,0,0,0,1,0,0
00-0012732,Rodney Peete,QB,2002,12,REG,2002_12_ATL_CAR,CAR,ATL,6,11,64,0,2,5,-37,1,10,0
00-0013013,Michael Pittman,RB,2002,12,REG,2002_12_GB_TB,TB,GB,0,0,0,0,0,0,0,13,50,0
00-0013042,Jake Plummer,QB,2002,12,REG,2002_12_OAK_ARI,ARI,LV,16,34,145,2,2,2,-14,2,1,0
00-0013232,Peerless Price,WR,2002,12,REG,2002_12_BUF_NYJ,BUF,NYJ,0,0,0,0,0,0,0,1,1,0
00-0014328,Frank Sanders,WR,2002,12,REG,2002_12_OAK_ARI,ARI,LV,0,0,0,0,0,0,0,1,-8,0
00-0014450,Cory Schlesinger,FB,2002,12,REG,2002_12_DET_CHI,DET,CHI,0,0,0,0,0,0,0,6,17,0
00-0015091,Antowain Smith,RB,2002,12,REG,2002_12_MIN_NE,NE,MIN,0,0,0,0,0,0,0,18,58,0
00-0015165,Emmitt Smith,RB,2002,12,REG,2002_12_JAX_DAL,DAL,JAX,0,0,0,0,0,0,0,20,73,1
00-0015242,Lamar Smith,RB,2002,12,REG,2002_12_ATL_CAR,CAR,ATL,0,0,0,0,0,0,0,8,16,0
00-0015523,Duce Staley,RB,2002,12,REG,2002_12_PHI_SF,PHI,SF,0,0,0,0,0,0,0,16,55,0
00-0015698,James Stewart,RB,2002,12,REG,2002_12_DET_CHI,DET,CHI,0,0,0,0,0,0,0,22,85,1
00-0015700,Kordell Stewart,QB,2002,12,REG,2002_12_CIN_PIT,PIT,CIN,22,26,236,1,0,1,-1,11,40,0
00-0015830,Mack Strong,FB,2002,12,REG,2002_12_KC_SEA,SEA,KC,0,0,0,0,0,0,0,2,5,0
00-0016098,Fred Taylor,RB,2002,12,REG,2002_12_JAX_DAL,JAX,DAL,0,0,0,0,0,0,0,20,100,0
00-0016316,Robert Thomas,FB,2002,12,REG,2002_12_JAX_DAL,DAL,JAX,0,0,0,0,0,0,0,1,1,0
00-0016440,James Thrash,WR,2002,12,REG,2002_12_PHI_SF,PHI,SF,0,0,0,0,0,0,0,5,29,0
00-0016838,Alex Van Pelt,QB,2002,12,REG,2002_12_BUF_NYJ,BUF,NYJ,2,2,5,0,0,0,0,0,0,0
00-0017162,Hines Ward,WR,2002,12,REG,2002_12_CIN_PIT,PIT,CIN,0,0,0,0,0,0,0,1,39,0
00-0017200,Kurt Warner,QB,2002,12,REG,2002_12_STL_WAS,LA,WAS,34,49,301,2,1,3,-21,1,0,0
00-0017486,Tyrone Wheatley,RB,2002,12,REG,2002_12_OAK_ARI,LV,ARI,0,0,0,0,0,0,0,13,82,1
00-0017697,Terrence Wilkins,WR,2002,12,REG,2002_12_STL_WAS,LA,WAS,0,0,0,0,0,0,0,1,18,0
00-0017892,Moe Williams,RB,2002,12,REG,2002_12_MIN_NE,MIN,NE,0,0,0,0,0,0,0,6,39,0
00-0017915,Ricky Williams,RB,2002,12,REG,2002_12_SD_MIA,MIA,LAC,0,0,0,0,0,0,0,29,143,2
00-0018333,Danny Wuerffel,QB,2002,12,REG,2002_12_STL_WAS,WAS,LA,16,23,235,0,0,0,0,3,10,0
00-0018343,Frank Wycheck,TE,2002,12,REG,2002_12_TEN_BAL,TEN,BAL,1,1,13,0,0,0,0,0,0,0
00-0018958,Laveranues Coles,WR,2002,12,REG,2002_12_BUF_NYJ,NYJ,BUF,0,0,0,0,0,0,0,1,4,0
00-0019087,Doug Johnson,QB,2002,12,REG,2002_12_ATL_CAR,ATL,CAR,1,1,5,1,0,0,0,1,-1,0
00-0019466,Curtis Keaton,RB,2002,12,REG,2002_12_CLE_NO,NO,CLE,0,0,0,0,0,0,0,10,19,0
00-0019484,Sammy Morris,RB,2002,12,REG,2002_12_BUF_NYJ,BUF,NYJ,0,0,0,0,0,0,0,1,5,0
00-0019516,Troy Hambrick,RB,2002,12,REG,2002_12_JAX_DAL,DAL,JAX,0,0,0,0,0,0,0,4,38,0
00-0019559,Chad Pennington,QB,2002,12,REG,2002_12_BUF_NYJ,NYJ,BUF,15,24,178,1,0,1,-8,2,4,1
00-0019594,Mike Anderson,RB,2002,12,REG,2002_12_IND_DEN,DEN,IND,0,0,0,0,0,0,0,2,8,0
00-0019596,Tom Brady,QB,2002,12,REG,2002_12_MIN_NE,NE,MIN,21,34,239,3,0,2,-20,6,4,0
00-0019610,Reuben Droughns,RB,2002,12,REG,2002_12_IND_DEN,DEN,IND,0,0,0,0,0,0,0,1,9,0
00-0019614,Michael Wiley,RB,2002,12,REG,2002_12_JAX_DAL,DAL,JAX,0,0,0,0,0,0,0,1,2,0
00-0019623,Tim Rattay,QB,2002,12,REG,2002_12_PHI_SF,SF,PHI,7,12,53,0,0,1,-6,0,0,0
00-0019643,Ron Dayne,RB,2002,12,REG,2002_12_NYG_HOU,NYG,HOU,0,0,0,0,0,0,0,5,21,0
00-0019647,Shaun Alexander,RB,2002,12,REG,2002_12_KC_SEA,SEA,KC,0,0,0,0,0,0,0,23,145,2
00-0019649,Trung Canidate,RB,2002,12,REG,2002_12_STL_WAS,LA,WAS,0,0,0,0,0,0,0,1,22,0
00-0019650,Dennis Northcutt,WR,2002,12,REG,2002_12_CLE_NO,CLE,NO,0,0,0,0,0,0,0,2,35,1
00-0019673,Paul Smith,RB,2002,12,REG,2002_12_PHI_SF,SF,PHI,0,0,0,0,0,0,0,2,29,0
00-0019693,Jamal Lewis,RB,2002,12,REG,2002_12_TEN_BAL,BAL,TEN,0,0,0,0,0,0,0,17,95,0
00-0019703,Jerry Porter,WR,2002,12,REG,2002_12_OAK_ARI,LV,ARI,0,0,0,0,0,0,0,1,1,0
00-0019721,Travis Taylor,WR,2002,12,REG,2002_12_TEN_BAL,BAL,TEN,0,0,0,0,0,0,0,1,6,0
00-0019808,Kenny Watson,RB,2002,12,REG,2002_12_STL_WAS,WAS,LA,0,0,0,0,0,0,0,5,29,0
00-0020022,Marcel Shipp,RB,2002,12,REG,2002_12_OAK_ARI,ARI,LV,0,0,0,0,0,0,0,16,135,1
00-0020173,James Fenderson,RB,2002,12,REG,2002_12_CLE_NO,NO,CLE,0,0,0,0,0,0,0,7,35,1
00-0020214,Matt Allen,P,2002,12,REG,2002_12_NYG_HOU,NYG,HOU,0,0,0,0,0,0,0,1,0,0
00-0020245,Mike Vick,QB,2002,12,REG,2002_12_ATL_CAR,ATL,CAR,19,24,272,2,0,0,0,5,20,0
00-0020305,A.J. Feeley,QB,2002,12,REG,2002_12_PHI_SF,PHI,SF,3,3,17,1,0,0,0,2,-3,0
00-0020376,Dee Brown,RB,2002,12,REG,2002_12_ATL_CAR,CAR,ATL,0,0,0,0,0,0,0,4,29,0
00-0020403,Anthony Thomas,RB,2002,12,REG,2002_12_DET_CHI,CHI,DET,0,0,0,0,0,0,0,14,40,0
00-0020430,James Jackson,RB,2002,12,REG,2002_12_CLE_NO,CLE,NO,0,0,0,0,0,0,0,2,11,0
00-0020434,Chris Weinke,QB,2002,12,REG,2002_12_ATL_CAR,CAR,ATL,3,8,26,0,2,0,0,0,0,0
00-0020446,Chris Chambers,WR,2002,12,REG,2002_12_SD_MIA,MIA,LAC,0,0,0,0,0,0,0,1,13,0
00-0020448,Travis Minor,RB,2002,12,REG,2002_12_SD_MIA,MIA,LAC,0,0,0,0,0,0,0,8,33,0
00-0020462,LaMont Jordan,RB,2002,12,REG,2002_12_BUF_NYJ,NYJ,BUF,0,0,0,0,0,0,0,13,27,1
00-0020471,Travis Henry,RB,2002,12,REG,2002_12_BUF_NYJ,BUF,NYJ,0,0,0,0,0,0,0,17,83,1
00-0020474,Kevan Barlow,RB,2002,12,REG,2002_12_PHI_SF,SF,PHI,0,0,0,0,0,0,0,3,-3,0
00-0020490,Koren Robinson,WR,2002,12,REG,2002_12_KC_SEA,SEA,KC,0,0,0,0,0,0,0,1,6,0
00-0020507,Heath Evans,FB,2002,12,REG,2002_12_KC_SEA,SEA,KC,0,0,0,0,0,0,0,1,1,0
00-0020514,Michael Bennett,RB,2002,12,REG,2002_12_MIN_NE,MIN,NE,0,0,0,0,0,0,0,14,55,0
00-0020516,Todd Heap,TE,2002,12,REG,2002_12_TEN_BAL,BAL,TEN,0,0,0,0,0,0,0,1,2,0
00-0020531,Drew Brees,QB,2002,12,REG,2002_12_SD_MIA,LAC,MIA,15,22,107,0,1,3,-27,2,1,0
00-0020536,LaDainian Tomlinson,RB,2002,12,REG,2002_12_SD_MIA,LAC,MIA,0,0,0,0,0,0,0,14,45,0
00-0020562,Chad Hutchinson,QB,2002,12,REG,2002_12_JAX_DAL,DAL,JAX,16,24,301,2,2,3,-14,4,1,0
00-0020608,David Carr,QB,2002,12,REG,2002_12_NYG_HOU,HOU,NYG,10,23,103,0,0,5,-14,6,54,0
00-0020700,James Mungro,RB,2002,12,REG,2002_12_IND_DEN,IND,DEN,0,0,0,0,0,0,0,7,22,1
00-0020820,Jesse Chatman,RB,2002,12,REG,2002_12_SD_MIA,LAC,MIA,0,0,0,0,0,0,0,4,18,0
00-0020964,Tony Fisher,RB,2002,12,REG,2002_12_GB_TB,GB,TB,0,0,0,0,0,0,0,3,7,0
00-0021048,Damien Anderson,RB,2002,12,REG,2002_12_OAK_ARI,ARI,LV,0,0,0,0,0,0,0,1,4,0
00-0021141,Joey Harrington,QB,2002,12,REG,2002_12_DET_CHI,DET,CHI,21,40,213,1,1,2,-14,1,0,0
00-0021150,William Green,RB,2002,12,REG,2002_12_CLE_NO,CLE,NO,0,0,0,0,0,0,0,28,114,1
00-0021179,Clinton Portis,RB,2002,12,REG,2002_12_IND_DEN,DEN,IND,0,0,0,0,0,0,0,18,88,2
00-0021190,Antwaan Randle El,WR,2002,12,REG,2002_12_CIN_PIT,PIT,CIN,0,0,0,0,0,0,0,1,-2,0
00-0021191,Antonio Bryant,WR,2002,12,REG,2002_12_JAX_DAL,DAL,JAX,0,0,0,0,0,0,0,1,3,0
00-0021209,Lamar Gordon,RB,2002,12,REG,2002_12_STL_WAS,LA,WAS,0,0,0,0,0,0,0,13,40,0
00-0021216,Brian Westbrook,RB,2002,12,REG,2002_12_PHI_SF,PHI,SF,0,0,0,0,0,0,0,3,10,0
00-0021223,Jonathan Wells,RB,2002,12,REG,2002_12_NYG_HOU,HOU,NYG,0,0,0,0,0,0,0,24,68,1
00-0021254,Randy Fasani,QB,2002,12,REG,2002_12_ATL_CAR,CAR,ATL,4,7,25,0,0,3,-27,1,16,0
00-0021314,Chester Taylor,RB,2002,12,REG,2002_12_TEN_BAL,BAL,TEN,0,0,0,0,0,0,0,4,10,0
00-0021376,T.J. Duckett,RB,2002,12,REG,2002_12_ATL_CAR,ATL,CAR,0,0,0,0,0,0,0,22,66,1
00-0000210,James Allen,RB,2002,13,REG,2002_13_HOU_IND,HOU,IND,0,0,0,0,0,0,0,16,64,0
00-0000251,Mike Alstott,FB,2002,13,REG,2002_13_TB_NO,TB,NO,0,0,0,0,0,0,0,8,17,0
00-0000339,Richie Anderson,FB,2002,13,REG,2002_13_NYJ_OAK,NYJ,LV,0,0,0,0,0,0,0,1,3,0
00-0000745,Tiki Barber,RB,2002,13,REG,2002_13_TEN_NYG,NYG,TEN,0,0,0,0,0,0,0,22,64,1
00-0000942,Fred Beasley,FB,2002,13,REG,2002_13_SEA_SF,SF,SEA,0,0,0,0,0,0,0,1,2,0
00-0001215,Jerome Bettis,RB,2002,13,REG,2002_13_PIT_JAX,PIT,JAX,0,0,0,0,0,0,0,20,86,0
00-0001218,Steve Beuerlein,QB,2002,13,REG,2002_13_DEN_SD,DEN,LAC,22,39,288,1,2,4,-27,0,0,0
00-0001335,Jeff Blake,QB,2002,13,REG,2002_13_BAL_CIN,BAL,CIN,10,19,115,2,0,3,-16,5,19,0
00-0001361,Drew Bledsoe,QB,2002,13,REG,2002_13_MIA_BUF,BUF,MIA,15,27,306,3,0,4,-36,1,2,1
00-0001823,Aaron Brooks,QB,2002,13,REG,2002_13_TB_NO,NO,TB,9,25,155,2,0,4,-29,2,5,0
00-0002058,Tim Brown,WR,2002,13,REG,2002_13_NYJ_OAK,LV,NYJ,0,0,0,0,0,0,0,1,9,0
00-0002099,Isaac Bruce,WR,2002,13,REG,2002_13_STL_PHI,LA,PHI,0,0,0,0,0,0,0,1,6,0
00-0002110,Mark Brunell,QB,2002,13,REG,2002_13_PIT_JAX,PIT,JAX,12,23,146,2,0,3,-22,2,8,0
00-0002846,Larry Centers,FB,2002,13,REG,2002_13_MIA_BUF,BUF,MIA,0,0,0,0,0,0,0,1,8,0
00-0002970,Bob Christian,FB,2002,13,REG,2002_13_ATL_MIN,ATL,MIN,0,0,0,0,0,0,0,3,3,1
00-0003136,Mike Cloud,RB,2002,13,REG,2002_13_ARI_KC,KC,ARI,0,0,0,0,0,0,0,9,20,0
00-0003292,Kerry Collins,QB,2002,13,REG,2002_13_TEN_NYG,NYG,TEN,22,36,283,2,0,1,0,2,-4,0
00-0003315,Todd Collins,QB,2002,13,REG,2002_13_ARI_KC,KC,ARI,4,5,57,1,0,0,0,1,7,0
00-0003400,Ernie Conwell,TE,2002,13,REG,2002_13_STL_PHI,LA,PHI,0,0,0,0,0,0,0,1,8,0
00-0003535,Tim Couch,QB,2002,13,REG,2002_13_CAR_CLE,CLE,CAR,12,27,130,0,3,3,-12,0,0,0
00-0003663,Zack Crockett,RB,2002,13,REG,2002_13_NYJ_OAK,LV,NYJ,0,0,0,0,0,0,0,2,3,1
00-0003739,Daunte Culpepper,QB,2002,13,REG,2002_13_ATL_MIN,MIN,ATL,23,43,266,1,3,6,-36,7,35,1
00-0004052,Stephen Davis,RB,2002,13,REG,2002_13_WAS_DAL,WAS,DAL,0,0,0,0,0,0,0,20,51,0
00-0004161,Jake Delhomme,QB,2002,13,REG,2002_13_TB_NO,NO,TB,1,1,10,0,0,0,0,2,-2,0
00-0004304,Corey Dillon,RB,2002,13,REG,2002_13_BAL_CIN,CIN,BAL,0,0,0,0,0,0,0,23,70,1
00-0004541,Donald Driver,WR,2002,13,REG,2002_13_CHI_GB,GB,CHI,0,0,0,0,0,0,0,1,3,0
00-0004640,Warrick Dunn,RB,2002,13,REG,2002_13_ATL_MIN,ATL,MIN,0,0,0,0,0,0,0,5,14,0
00-0004768,Marc Edwards,FB,2002,13,REG,2002_13_NE_DET,NE,DET,0,0,0,0,0,0,0,4,31,0
00-0004780,Troy Edwards,WR,2002,13,REG,2002_13_STL_PHI,LA,PHI,0,0,0,0,0,0,0,1,2,0
00-0005091,Kevin Faulk,RB,2002,13,REG,2002_13_NE_DET,NE,DET,0,0,0,0,0,0,0,5,16,0
00-0005092,Marshall Faulk,RB,2002,13,REG,2002_13_STL_PHI,LA,PHI,0,0,0,0,0,0,0,9,29,0
00-0005106,Brett Favre,QB,2002,13,REG,2002_13_CHI_GB,GB,CHI,24,42,221,2,1,1,-6,2,9,0
00-0005180,Jay Fiedler,QB,2002,13,REG,2002_13_MIA_BUF,MIA,BUF,5,9,15,0,1,0,0,0,0,0
00-0005720,Joey Galloway,WR,2002,13,REG,2002_13_WAS_DAL,DAL,WAS,0,0,0,0,0,0,0,1,6,0
00-0005741,Rich Gannon,QB,2002,13,REG,2002_13_NYJ_OAK,LV,NYJ,31,42,342,1,0,4,-29,4,18,0
00-0005755,Jeff Garcia,QB,2002,13,REG,2002_13_SEA_SF,SF,SEA,16,29,164,0,2,1,-7,5,12,0
00-0005779,Charlie Garner,RB,2002,13,REG,2002_13_NYJ_OAK,LV,NYJ,0,0,0,0,0,0,0,12,52,0
00-0005816,Olandis Gary,RB,2002,13,REG,2002_13_DEN_SD,DEN,LAC,0,0,0,0,0,0,0,1,-4,0
00-0005883,Eddie George,RB,2002,13,REG,2002_13_TEN_NYG,TEN,NYG,0,0,0,0,0,0,0,20,64,1
00-0006305,Ahman Green,RB,2002,13,REG,2002_13_CHI_GB,GB,CHI,0,0,0,0,0,0,0,12,78,0
00-0006355,Trent Green,QB,2002,13,REG,2002_13_ARI_KC,KC,ARI,14,20,209,2,0,1,-5,0,0,0
00-0007091,Matt Hasselbeck,QB,2002,13,REG,2002_13_SEA_SF,SEA,SF,30,55,427,3,2,0,0,2,8,0
00-0007180,Garrison Hearst,RB,2002,13,REG,2002_13_SEA_SF,SF,SEA,0,0,0,0,0,0,0,31,124,3
00-0007579,Robert Holcombe,FB,2002,13,REG,2002_13_TEN_NYG,TEN,NYG,0,0,0,0,0,0,0,7,24,0
00-0007661,Priest Holmes,RB,2002,13,REG,2002_13_ARI_KC,KC,ARI,0,0,0,0,0,0,0,16,113,2
00-0008241,Edgerrin James,RB,2002,13,REG,2002_13_HOU_IND,IND,HOU,0,0,0,0,0,0,0,20,65,0
00-0008442,Brad Johnson,QB,2002,13,REG,2002_13_TB_NO,TB,NO,28,44,276,2,1,4,-27,0,0,0
00-0008568,Leon Johnson,RB,2002,13,REG,2002_13_CHI_GB,CHI,GB,0,0,0,0,0,0,0,11,46,0
00-0009163,Eddie Kennison,WR,2002,13,REG,2002_13_ARI_KC,KC,ARI,0,0,0,0,0,0,0,1,31,0
00-0009311,Jon Kitna,QB,2002,13,REG,2002_13_BAL_CIN,CIN,BAL,30,46,308,2,1,1,-5,1,9,0
00-0009323,Jimmy Kleinsasser,TE,2002,13,REG,2002_13_ATL_MIN,MIN,ATL,0,0,0,0,0,0,0,1,4,0
00-0009829,Dorsey Levens,RB,2002,13,REG,2002_13_STL_PHI,PHI,LA,0,0,0,0,0,0,0,12,64,0
00-0010137,Ray Lucas,QB,2002,13,REG,2002_13_MIA_BUF,MIA,BUF,6,11,40,1,0,2,-25,3,8,0
00-0010240,Stacey Mack,RB,2002,13,REG,2002_13_PIT_JAX,PIT,JAX,0,0,0,0,0,0,0,6,14,0
00-0010346,Peyton Manning,QB,2002,13,REG,2002_13_HOU_IND,IND,HOU,15,28,190,1,0,0,0,3,-2,0
00-0010442,Curtis Martin,RB,2002,13,REG,2002_13_NYJ_OAK,NYJ,LV,0,0,0,0,0,1,-4,11,26,0
00-0010609,Brad Maynard,P,2002,13,REG,2002_13_CHI_GB,CHI,GB,1,1,12,1,0,0,0,0,0,0
00-0011024,Steve McNair,QB,2002,13,REG,2002_13_TEN_NYG,TEN,NYG,30,43,334,3,0,1,0,4,38,0
00-0011276,Jim Miller,QB,2002,13,REG,2002_13_CHI_GB,CHI,GB,25,36,191,1,1,3,-18,2,2,0
00-0011727,Johnnie Morton,WR,2002,13,REG,2002_13_ARI_KC,KC,ARI,0,0,0,0,0,0,0,1,15,0
00-0012478,Terrell Owens,WR,2002,13,REG,2002_13_SEA_SF,SF,SEA,0,0,0,0,0,0,0,1,4,0
00-0012732,Rodney Peete,QB,2002,13,REG,2002_13_CAR_CLE,CAR,CLE,8,17,89,1,1,0,0,3,-3,0
00-0013013,Michael Pittman,RB,2002,13,REG,2002_13_TB_NO,TB,NO,0,0,0,0,0,0,0,8,17,0
00-0013028,Scott Player,P,2002,13,REG,2002_13_ARI_KC,ARI,KC,0,0,0,0,0,0,0,1,0,0
00-0013042,Jake Plummer,QB,2002,13,REG,2002_13_ARI_KC,ARI,KC,14,31,88,0,3,2,-10,0,0,0
00-0013338,Jonathan Quinn,QB,2002,13,REG,2002_13_ARI_KC,KC,ARI,0,0,0,0,0,0,0,1,-1,0
00-0013639,Jerry Rice,WR,2002,13,REG,2002_13_NYJ_OAK,LV,NYJ,0,0,0,0,0,0,0,1,1,0
00-0013694,Tony Richardson,FB,2002,13,REG,2002_13_ARI_KC,KC,ARI,0,0,0,0,0,0,0,2,8,1
00-0015091,Antowain Smith,RB,2002,13,REG,2002_13_NE_DET,NE,DET,0,0,0,0,0,0,0,25,80,1
00-0015165,Emmitt Smith,RB,2002,13,REG,2002_13_WAS_DAL,DAL,WAS,0,0,0,0,0,0,0,23,144,0
00-0015523,Duce Staley,RB,2002,13,REG,2002_13_STL_PHI,PHI,LA,0,0,0,0,0,0,0,14,32,0
00-0015698,James Stewart,RB,2002,13,REG,2002_13_NE_DET,DET,NE,0,0,0,0,0,0,0,13,57,0
00-0015700,Kordell Stewart,QB,2002,13,REG,2002_13_PIT_JAX,PIT,JAX,16,26,202,0,1,1,-7,12,84,1
00-0016098,Fred Taylor,RB,2002,13,REG,2002_13_PIT_JAX,PIT,JAX,0,0,0,0,0,0,0,13,80,1
00-0016440,James Thrash,WR,2002,13,REG,2002_13_STL_PHI,PHI,LA,0,0,0,0,0,0,0,2,5,0
00-0017162,Hines Ward,WR,2002,13,REG,2002_13_PIT_JAX,PIT,JAX,0,0,0,0,0,0,0,2,19,0
00-0017200,Kurt Warner,QB,2002,13,REG,2002_13_STL_PHI,LA,PHI,20,42,218,0,2,8,-44,1,1,0
00-0017486,Tyrone Wheatley,RB,2002,13,REG,2002_13_NYJ_OAK,LV,NYJ,0,0,0,0,0,0,0,6,15,0
00-0017892,Moe Williams,RB,2002,13,REG,2002_13_ATL_MIN,MIN,ATL,0,0,0,0,0,0,0,5,3,0
00-0017915,Ricky Williams,RB,2002,13,REG,2002_13_MIA_BUF,MIA,BUF,0,0,0,0,0,0,0,27,228,2
00-0018333,Danny Wuerffel,QB,2002,13,REG,2002_13_WAS_DAL,WAS,DAL,21,36,243,3,3,1,-11,4,28,0
00-0018501,Amos Zereoue,RB,2002,13,REG,2002_13_PIT_JAX,PIT,JAX,0,0,0,0,0,0,0,5,14,0
00-0018588,Alan Ricard,RB,2002,13,REG,2002_13_BAL_CIN,BAL,CIN,0,0,0,0,0,0,0,1,4,0
00-0019057,Jamel White,RB,2002,13,REG,2002_13_CAR_CLE,CLE,CAR,0,0,0,0,0,0,0,1,7,0
00-0019100,Brad Hoover,FB,2002,13,REG,2002_13_CAR_CLE,CAR,CLE,0,0,0,0,0,0,0,4,20,0
00-0019109,Scottie Montgomery,WR,2002,13,REG,2002_13_DEN_SD,DEN,LAC,0,0,0,0,0,0,0,1,-5,0
00-0019455,Peter Warrick,WR,2002,13,REG,2002_13_BAL_CIN,CIN,BAL,0,0,0,0,0,0,0,1,-11,0
00-0019516,Troy Hambrick,RB,2002,13,REG,2002_13_WAS_DAL,DAL,WAS,0,0,0,0,0,0,0,9,23,0
00-0019559,Chad Pennington,QB,2002,13,REG,2002_13_NYJ_OAK,NYJ,LV,22,34,265,2,1,2,-19,1,3,0
00-0019594,Mike Anderson,RB,2002,13,REG,2002_13_DEN_SD,DEN,LAC,0,0,0,0,0,0,0,2,6,0
00-0019596,Tom Brady,QB,2002,13,REG,2002_13_NE_DET,NE,DET,18,30,210,0,1,0,0,4,12,0
00-0019614,Michael Wiley,RB,2002,13,REG,2002_13_WAS_DAL,DAL,WAS,0,0,0,0,0,0,0,2,31,0
00-0019643,Ron Dayne,RB,2002,13,REG,2002_13_TEN_NYG,NYG,TEN,0,0,0,0,0,0,0,1,2,0
00-0019647,Shaun Alexander,RB,2002,13,REG,2002_13_SEA_SF,SEA,SF,0,0,0,0,0,0,0,16,74,0
00-0019650,Dennis Northcutt,WR,2002,13,REG,2002_13_CAR_CLE,CLE,CAR,0,0,0,0,0,0,0,1,34,0
00-0019693,Jamal Lewis,RB,2002,13,REG,2002_13_BAL_CIN,BAL,CIN,0,0,0,0,0,0,0,22,121,0
00-0019721,Travis Taylor,WR,2002,13,REG,2002_13_BAL_CIN,BAL,CIN,0,0,0,0,0,0,0,1,-5,0
00-0019764,Henry Burris,QB,2002,13,REG,2002_13_CHI_GB,CHI,GB,1,1,45,1,0,0,0,0,0,0
00-0019808,Kenny Watson,RB,2002,13,REG,2002_13_WAS_DAL,WAS,DAL,0,0,0,0,0,0,0,1,4,0
00-0020022,Marcel Shipp,RB,2002,13,REG,2002_13_ARI_KC,ARI,KC,0,0,0,0,0,0,0,14,26,0
00-0020245,Mike Vick,QB,2002,13,REG,2002_13_ATL_MIN,ATL,MIN,11,28,173,1,1,2,-21,10,173,2
00-0020305,A.J. Feeley,QB,2002,13,REG,2002_13_STL_PHI,PHI,LA,14,30,181,0,0,3,-24,2,3,0
00-0020308,Mike McMahon,QB,2002,13,REG,2002_13_NE_DET,DET,NE,0,0,0,0,0,0,0,1,2,0
00-0020315,Derrick Blaylock,RB,2002,13,REG,2002_13_ARI_KC,KC,ARI,0,0,0,0,0,0,0,7,23,0
00-0020376,Dee Brown,RB,2002,13,REG,2002_13_CAR_CLE,CAR,CLE,0,1,0,0,1,0,0,27,122,0
00-0020381,Justin McCareins,WR,2002,13,REG,2002_13_TEN_NYG,TEN,NYG,0,0,0,0,0,0,0,1,16,0
00-0020403,Anthony Thomas,RB,2002,13,REG,2002_13_CHI_GB,CHI,GB,0,0,0,0,0,0,0,4,26,0
00-0020407,Rudi Johnson,RB,2002,13,REG,2002_13_BAL_CIN,CIN,BAL,0,0,0,0,0,0,0,4,10,0
00-0020430,James Jackson,RB,2002,13,REG,2002_13_CAR_CLE,CLE,CAR,0,0,0,0,0,0,0,2,5,0
00-0020448,Travis Minor,RB,2002,13,REG,2002_13_MIA_BUF,MIA,BUF,0,0,0,0,0,0,0,4,34,0
00-0020462,LaMont Jordan,RB,2002,13,REG,2002_13_NYJ_OAK,NYJ,LV,0,0,0,0,0,0,0,1,0,0
00-0020471,Travis Henry,RB,2002,13,REG,2002_13_MIA_BUF,BUF,MIA,0,0,0,0,0,0,0,35,151,1
00-0020514,Michael Bennett,RB,2002,13,REG,2002_13_ATL_MIN,MIN,ATL,0,0,0,0,0,0,0,18,86,1
00-0020527,Deuce McAllister,RB,2002,13,REG,2002_13_TB_NO,NO,TB,0,0,0,0,0,0,0,27,99,1
00-0020531,Drew Brees,QB,2002,13,REG,2002_13_DEN_SD,LAC,DEN,27,41,217,0,0,1,-3,1,0,0
00-0020536,LaDainian Tomlinson,RB,2002,13,REG,2002_13_DEN_SD,LAC,DEN,0,0,0,0,0,0,0,37,220,3
00-0020562,Chad Hutchinson,QB,2002,13,REG,2002_13_WAS_DAL,DAL,WAS,12,25,145,2,0,4,-28,1,7,0
00-0020608,David Carr,QB,2002,13,REG,2002_13_HOU_IND,HOU,IND,20,35,137,0,0,6,-37,1,1,0
00-0020676,Nick Davis,WR,2002,13,REG,2002_13_ATL_MIN,MIN,ATL,0,0,0,0,0,0,0,1,11,0
00-0020692,Eddie Drummond,WR,2002,13,REG,2002_13_NE_DET,DET,NE,0,0,0,0,0,0,0,1,23,0
00-0020700,James Mungro,RB,2002,13,REG,2002_13_HOU_IND,IND,HOU,0,0,0,0,0,0,0,4,13,1
00-0020739,Ricky Williams,RB,2002,13,REG,2002_13_HOU_IND,IND,HOU,0,0,0,0,0,0,0,5,12,0
00-0020964,Tony Fisher,RB,2002,13,REG,2002_13_CHI_GB,GB,CHI,0,0,0,0,0,0,0,17,91,1
00-0021141,Joey Harrington,QB,2002,13,REG,2002_13_NE_DET,DET,NE,22,44,210,0,3,0,0,0,0,0
00-0021150,William Green,RB,2002,13,REG,2002_13_CAR_CLE,CLE,CAR,0,0,0,0,0,0,0,24,94,0
00-0021179,Clinton Portis,RB,2002,13,REG,2002_13_DEN_SD,DEN,LAC,0,0,0,0,0,0,0,23,159,2
00-0021182,Maurice Morris,RB,2002,13,REG,2002_13_SEA_SF,SEA,SF,0,0,0,0,0,0,0,1,-2,0
00-0021190,Antwaan Randle El,WR,2002,13,REG,2002_13_PIT_JAX,PIT,JAX,1,1,-1,0,0,1,-10,0,0,0
00-0021206,Josh McCown,QB,2002,13,REG,2002_13_ARI_KC,ARI,KC,4,12,45,0,1,3,-27,0,0,0
00-0021209,Lamar Gordon,RB,2002,13,REG,2002_13_STL_PHI,LA,PHI,0,0,0,0,0,0,0,7,30,0
00-0021216,Brian Westbrook,RB,2002,13,REG,2002_13_STL_PHI,PHI,LA,0,0,0,0,0,0,0,1,4,0
00-0021223,Jonathan Wells,RB,2002,13,REG,2002_13_HOU_IND,HOU,IND,0,0,0,0,0,0,0,3,0,0
00-0021254,Randy Fasani,QB,2002,13,REG,2002_13_CAR_CLE,CAR,CLE,0,1,0,0,0,0,0,4,6,0
00-0021279,Verron Haynes,FB,2002,13,REG,2002_13_PIT_JAX,PIT,JAX,0,0,0,0,0,0,0,1,16,0
00-0021314,Chester Taylor,RB,2002,13,REG,2002_13_BAL_CIN,BAL,CIN,0,0,0,0,0,0,0,2,9,0
00-0021376,T.J. Duckett,RB,2002,13,REG,2002_13_ATL_MIN,ATL,MIN,0,0,0,0,0,0,0,11,37,0
00-0021379,Patrick Ramsey,QB,2002,13,REG,2002_13_WAS_DAL,WAS,DAL,0,1,0,0,1,0,0,0,0,0
00-0000210,James Allen,RB,2002,14,REG,2002_14_HOU_PIT,HOU,PIT,0,0,0,0,0,0,0,13,19,0
00-0000251,Mike Alstott,FB,2002,14,REG,2002_14_ATL_TB,TB,ATL,0,0,0,0,0,0,0,13,95,0
00-0000745,Tiki Barber,RB,2002,14,REG,2002_14_NYG_WAS,NYG,WAS,0,0,0,0,0,0,0,20,96,1
00-0001215,Jerome Bettis,RB,2002,14,REG,2002_14_HOU_PIT,PIT,HOU,0,0,0,0,0,0,0,14,30,0
00-0001335,Jeff Blake,QB,2002,14,REG,2002_14_NO_BAL,BAL,NO,18,39,316,2,2,2,-20,2,13,0
00-0001361,Drew Bledsoe,QB,2002,14,REG,2002_14_BUF_NE,BUF,NE,32,51,328,2,4,2,-16,2,11,0
00-0001823,Aaron Brooks,QB,2002,14,REG,2002_14_NO_BAL,NO,BAL,9,25,123,1,0,2,-17,3,11,0
00-0002068,Troy Brown,WR,2002,14,REG,2002_14_BUF_NE,NE,BUF,0,0,0,0,0,0,0,1,21,0
00-0002110,Mark Brunell,QB,2002,14,REG,2002_14_CLE_JAX,CLE,JAX,10,14,73,1,0,3,-19,4,6,0
00-0002846,Larry Centers,FB,2002,14,REG,2002_14_BUF_NE,BUF,NE,0,0,0,0,0,0,0,1,7,0
00-0002876,Chris Chandler,QB,2002,14,REG,2002_14_CHI_MIA,CHI,MIA,7,17,86,0,2,1,-6,0,0,0
00-0002970,Bob Christian,FB,2002,14,REG,2002_14_ATL_TB,ATL,TB,0,0,0,0,0,0,0,4,6,0
00-0003136,Mike Cloud,RB,2002,14,REG,2002_14_STL_KC,KC,LA,0,0,0,0,0,0,0,4,15,1
00-0003292,Kerry Collins,QB,2002,14,REG,2002_14_NYG_WAS,NYG,WAS,17,31,212,2,0,1,-7,0,0,0
00-0003315,Todd Collins,QB,2002,14,REG,2002_14_STL_KC,KC,LA,1,1,16,0,0,0,0,0,0,0
00-0003535,Tim Couch,QB,2002,14,REG,2002_14_CLE_JAX,CLE,JAX,21,35,264,2,2,3,-20,1,12,0
00-0003663,Zack Crockett,RB,2002,14,REG,2002_14_OAK_SD,LV,LAC,0,0,0,0,0,0,0,4,6,1
00-0003739,Daunte Culpepper,QB,2002,14,REG,2002_14_MIN_GB,MIN,GB,15,28,136,1,1,3,-11,4,26,1
00-0004052,Stephen Davis,RB,2002,14,REG,2002_14_NYG_WAS,WAS,NYG,0,0,0,0,0,0,0,12,70,1
00-0004161,Jake Delhomme,QB,2002,14,REG,2002_14_NO_BAL,NO,BAL,7,8,103,0,0,0,0,2,0,0
00-0004304,Corey Dillon,RB,2002,14,REG,2002_14_CIN_CAR,CIN,CAR,0,0,0,0,0,0,0,18,55,0
00-0004541,Donald Driver,WR,2002,14,REG,2002_14_MIN_GB,GB,MIN,0,0,0,0,0,0,0,1,17,0
00-0004673,Tim Dwight,WR,2002,14,REG,2002_14_OAK_SD,LAC,LV,0,0,0,0,0,0,0,1,2,0
00-0004768,Marc Edwards,FB,2002,14,REG,2002_14_BUF_NE,NE,BUF,0,0,0,0,0,0,0,2,3,0
00-0005091,Kevin Faulk,RB,2002,14,REG,2002_14_BUF_NE,NE,BUF,0,0,0,0,0,0,0,1,5,0
00-0005092,Marshall Faulk,RB,2002,14,REG,2002_14_STL_KC,LA,KC,0,0,0,0,0,0,0,10,13,0
00-0005106,Brett Favre,QB,2002,14,REG,2002_14_MIN_GB,GB,MIN,22,32,214,2,1,1,-10,1,8,0
00-0005113,Jeff Feagles,P,2002,14,REG,2002_14_PHI_SEA,SEA,PHI,0,0,0,0,0,0,0,1,-15,0
00-0005180,Jay Fiedler,QB,2002,14,REG,2002_14_CHI_MIA,MIA,CHI,15,29,196,1,1,1,-8,1,10,0
00-0005741,Rich Gannon,QB,2002,14,REG,2002_14_OAK_SD,LV,LAC,26,41,328,0,0,1,-2,1,9,0
00-0005755,Jeff Garcia,QB,2002,14,REG,2002_14_SF_DAL,SF,DAL,36,55,276,3,0,1,0,7,50,1
00-0005779,Charlie Garner,RB,2002,14,REG,2002_14_OAK_SD,LV,LAC,0,0,0,0,0,0,0,11,24,1
00-0005816,Olandis Gary,RB,2002,14,REG,2002_14_DEN_NYJ,DEN,NYJ,0,0,0,0,0,0,0,1,0,0
00-0005883,Eddie George,RB,2002,14,REG,2002_14_IND_TEN,TEN,IND,0,0,0,0,0,0,0,22,51,2
00-0006208,Jay Graham,RB,2002,14,REG,2002_14_MIN_GB,GB,MIN,0,0,0,0,0,0,0,1,3,0
00-0006355,Trent Green,QB,2002,14,REG,2002_14_STL_KC,KC,LA,10,15,100,1,0,1,-3,1,0,0
00-0006423,Brian Griese,QB,2002,14,REG,2002_14_DEN_NYJ,DEN,NYJ,28,37,266,1,1,2,-8,3,5,0
00-0007091,Matt Hasselbeck,QB,2002,14,REG,2002_14_PHI_SEA,SEA,PHI,24,45,223,2,3,4,-28,6,62,0
00-0007180,Garrison Hearst,RB,2002,14,REG,2002_14_SF_DAL,SF,DAL,0,0,0,0,0,0,0,9,35,0
00-0007579,Robert Holcombe,FB,2002,14,REG,2002_14_IND_TEN,TEN,IND,0,0,0,0,0,0,0,5,15,0
00-0007661,Priest Holmes,RB,2002,14,REG,2002_14_STL_KC,KC,LA,0,0,0,0,0,0,0,24,132,2
00-0008241,Edgerrin James,RB,2002,14,REG,2002_14_IND_TEN,IND,TEN,0,0,0,0,0,0,0,18,70,0
00-0008442,Brad Johnson,QB,2002,14,REG,2002_14_ATL_TB,TB,ATL,23,31,276,4,0,1,-5,0,0,0
00-0008568,Leon Johnson,RB,2002,14,REG,2002_14_CHI_MIA,CHI,MIA,0,0,0,0,0,0,0,15,44,0
00-0009266,Shaun King,QB,2002,14,REG,2002_14_ATL_TB,TB,ATL,0,0,0,0,0,0,0,1,2,0
00-0009311,Jon Kitna,QB,2002,14,REG,2002_14_CIN_CAR,CIN,CAR,25,37,295,2,0,4,-38,5,20,1
00-0009829,Dorsey Levens,RB,2002,14,REG,2002_14_PHI_SEA,PHI,SEA,0,1,0,0,0,0,0,5,19,0
00-0010240,Stacey Mack,RB,2002,14,REG,2002_14_CLE_JAX,CLE,JAX,0,0,0,0,0,0,0,4,6,0
00-0010261,Tommy Maddox,QB,2002,14,REG,2002_14_HOU_PIT,PIT,HOU,30,57,325,0,2,6,-32,2,6,0
00-0010292,Joel Makovicka,FB,2002,14,REG,2002_14_DET_ARI,ARI,DET,0,0,0,0,0,0,0,2,27,0
00-0010346,Peyton Manning,QB,2002,14,REG,2002_14_IND_TEN,IND,TEN,26,42,297,1,3,1,0,2,10,0
00-0010442,Curtis Martin,RB,2002,14,REG,2002_14_DEN_NYJ,NYJ,DEN,0,0,0,0,0,0,0,18,57,1
00-0010455,Jamie Martin,QB,2002,14,REG,2002_14_STL_KC,LA,KC,24,35,218,1,2,6,-48,1,2,0
00-0010974,James McKnight,WR,2002,14,REG,2002_14_CHI_MIA,MIA,CHI,0,0,0,0,0,0,0,1,10,0
00-0011024,Steve McNair,QB,2002,14,REG,2002_14_IND_TEN,TEN,IND,19,23,237,1,0,1,-8,5,49,0
00-0011276,Jim Miller,QB,2002,14,REG,2002_14_CHI_MIA,CHI,MIA,3,12,9,0,1,1,-7,1,0,0
00-0011727,Johnnie Morton,WR,2002,14,REG,2002_14_STL_KC,KC,LA,0,0,0,0,0,0,0,1,-3,0
00-0011795,Muhsin Muhammad,WR,2002,14,REG,2002_14_CIN_CAR,CAR,CIN,0,0,0,0,0,0,0,1,3,0
00-0011958,Lorenzo Neal,FB,2002,14,REG,2002_14_CIN_CAR,CIN,CAR,0,0,0,0,0,0,0,1,0,0
00-0012732,Rodney Peete,QB,2002,14,REG,2002_14_CIN_CAR,CAR,CIN,21,29,319,3,1,0,0,2,-1,0
00-0013013,Michael Pittman,RB,2002,14,REG,2002_14_ATL_TB,TB,ATL,0,0,0,0,0,0,0,9,25,0
00-0013042,Jake Plummer,QB,2002,14,REG,2002_14_DET_ARI,ARI,DET,24,43,228,2,1,6,-48,3,12,0
00-0013268,Ricky Proehl,WR,2002,14,REG,2002_14_STL_KC,LA,KC,0,0,0,0,0,1,-1,0,0,0
00-0013694,Tony Richardson,FB,2002,14,REG,2002_14_STL_KC,KC,LA,0,0,0,0,0,0,0,4,27,0
00-0015091,Antowain Smith,RB,2002,14,REG,2002_14_BUF_NE,NE,BUF,0,0,0,0,0,0,0,17,68,1
00-0015165,Emmitt Smith,RB,2002,14,REG,2002_14_SF_DAL,DAL,SF,0,0,0,0,0,0,0,19,66,2
00-0015523,Duce Staley,RB,2002,14,REG,2002_14_PHI_SEA,PHI,SEA,0,0,0,0,0,0,0,21,100,1
00-0015601,Aaron Stecker,RB,2002,14,REG,2002_14_ATL_TB,TB,ATL,0,0,0,0,0,0,0,4,30,0
00-0015698,James Stewart,RB,2002,14,REG,2002_14_DET_ARI,DET,ARI,0,1,0,0,0,0,0,13,52,0
00-0016098,Fred Taylor,RB,2002,14,REG,2002_14_CLE_JAX,CLE,JAX,0,0,0,0,0,0,0,23,145,1
00-0016373,Derrius Thompson,WR,2002,14,REG,2002_14_NYG_WAS,WAS,NYG,0,0,0,0,0,0,0,1,5,0
00-0017162,Hines Ward,WR,2002,14,REG,2002_14_HOU_PIT,PIT,HOU,0,0,0,0,0,0,0,2,7,0
00-0017486,Tyrone Wheatley,RB,2002,14,REG,2002_14_OAK_SD,LV,LAC,0,0,0,0,0,0,0,9,28,1
00-0017697,Terrence Wilkins,WR,2002,14,REG,2002_14_STL_KC,LA,KC,0,0,0,0,0,0,0,1,4,0
00-0017847,Karl Williams,WR,2002,14,REG,2002_14_ATL_TB,TB,ATL,0,0,0,0,0,0,0,2,-2,0
00-0017892,Moe Williams,RB,2002,14,REG,2002_14_MIN_GB,MIN,GB,0,0,0,0,0,0,0,2,45,0
00-0017915,Ricky Williams,RB,2002,14,REG,2002_14_CHI_MIA,MIA,CHI,0,0,0,0,0,0,0,31,216,2
00-0018333,Danny Wuerffel,QB,2002,14,REG,2002_14_NYG_WAS,WAS,NYG,13,19,159,0,1,5,-37,2,35,0
00-0018501,Amos Zereoue,RB,2002,14,REG,2002_14_HOU_PIT,PIT,HOU,0,0,0,0,0,0,0,11,69,0
00-0018588,Alan Ricard,RB,2002,14,REG,2002_14_NO_BAL,BAL,NO,0,0,0,0,0,0,0,1,1,0
00-0018958,Laveranues Coles,WR,2002,14,REG,2002_14_DEN_NYJ,NYJ,DEN,0,0,0,0,0,0,0,1,3,0
00-0019057,Jamel White,RB,2002,14,REG,2002_14_CLE_JAX,CLE,JAX,0,0,0,0,0,0,0,4,22,0
00-0019100,Brad Hoover,FB,2002,14,REG,2002_14_CIN_CAR,CAR,CIN,0,0,0,0,0,0,0,5,12,0
00-0019135,Dan Kreider,FB,2002,14,REG,2002_14_HOU_PIT,PIT,HOU,0,0,0,0,0,0,0,1,5,0
00-0019516,Troy Hambrick,RB,2002,14,REG,2002_14_SF_DAL,DAL,SF,0,0,0,0,0,0,0,6,16,0
00-0019559,Chad Pennington,QB,2002,14,REG,2002_14_DEN_NYJ,NYJ,DEN,19,30,244,1,0,3,-27,3,4,0
00-0019576,Mike Green,RB,2002,14,REG,2002_14_IND_TEN,TEN,IND,0,0,0,0,0,0,0,1,4,0
00-0019587,Terrelle Smith,FB,2002,14,REG,2002_14_NO_BAL,NO,BAL,0,0,0,0,0,0,0,4,12,0
00-0019594,Mike Anderson,RB,2002,14,REG,2002_14_DEN_NYJ,DEN,NYJ,0,0,0,0,0,0,0,1,3,0
00-0019596,Tom Brady,QB,2002,14,REG,2002_14_BUF_NE,NE,BUF,15,27,183,2,0,0,0,5,-5,0
00-0019614,Michael Wiley,RB,2002,14,REG,2002_14_SF_DAL,DAL,SF,0,0,0,0,0,0,0,1,10,0
00-0019643,Ron Dayne,RB,2002,14,REG,2002_14_NYG_WAS,NYG,WAS,0,0,0,0,0,0,0,8,11,0
00-0019647,Shaun Alexander,RB,2002,14,REG,2002_14_PHI_SEA,SEA,PHI,0,0,0,0,0,0,0,17,123,0
00-0019673,Paul Smith,RB,2002,14,REG,2002_14_SF_DAL,SF,DAL,0,0,0,0,0,0,0,13,40,0
00-0019693,Jamal Lewis,RB,2002,14,REG,2002_14_NO_BAL,BAL,NO,0,0,0,0,0,0,0,17,48,1
00-0019721,Travis Taylor,WR,2002,14,REG,2002_14_NO_BAL,BAL,NO,0,0,0,0,0,0,0,2,44,0
00-0019725,Rafael Cooper,RB,2002,14,REG,2002_14_DET_ARI,DET,ARI,0,0,0,0,0,0,0,1,1,0
00-0019764,Henry Burris,QB,2002,14,REG,2002_14_CHI_MIA,CHI,MIA,1,3,6,1,0,0,0,5,52,0
00-0019808,Kenny Watson,RB,2002,14,REG,2002_14_NYG_WAS,WAS,NYG,0,0,0,0,0,0,0,2,12,0
00-0019831,Nick Goings,RB,2002,14,REG,2002_14_CIN_CAR,CAR,CIN,0,0,0,0,0,0,0,4,23,0
00-0020022,Marcel Shipp,RB,2002,14,REG,2002_14_DET_ARI,ARI,DET,0,0,0,0,0,0,0,25,85,0
00-0020245,Mike Vick,QB,2002,14,REG,2002_14_ATL_TB,ATL,TB,12,25,125,1,1,1,-6,6,9,0
00-0020256,Kevin Kasper,WR,2002,14,REG,2002_14_DET_ARI,ARI,DET,0,0,0,0,0,0,0,1,9,0
00-0020305,A.J. Feeley,QB,2002,14,REG,2002_14_PHI_SEA,PHI,SEA,21,35,190,2,1,0,0,3,0,0
00-0020308,Mike McMahon,QB,2002,14,REG,2002_14_DET_ARI,DET,ARI,0,1,0,0,0,0,0,0,0,0
00-0020315,Derrick Blaylock,RB,2002,14,REG,2002_14_STL_KC,KC,LA,0,0,0,0,0,0,0,3,9,0
00-0020376,Dee Brown,RB,2002,14,REG,2002_14_CIN_CAR,CAR,CIN,0,0,0,0,0,0,0,17,45,1
00-0020407,Rudi Johnson,RB,2002,14,REG,2002_14_CIN_CAR,CIN,CAR,0,0,0,0,0,0,0,5,8,0
00-0020430,James Jackson,RB,2002,14,REG,2002_14_CLE_JAX,CLE,JAX,0,0,0,0,0,0,0,1,11,0
00-0020448,Travis Minor,RB,2002,14,REG,2002_14_CHI_MIA,MIA,CHI,0,0,0,0,0,0,0,8,21,0
00-0020464,Darnerien McCants,WR,2002,14,REG,2002_14_NYG_WAS,WAS,NYG,0,0,0,0,0,0,0,1,9,0
00-0020471,Travis Henry,RB,2002,14,REG,2002_14_BUF_NE,BUF,NE,0,0,0,0,0,0,0,15,60,0
00-0020480,Sage Rosenfels,QB,2002,14,REG,2002_14_CHI_MIA,MIA,CHI,0,0,0,0,0,0,0,2,-9,0
00-0020507,Heath Evans,FB,2002,14,REG,2002_14_PHI_SEA,SEA,PHI,0,0,0,0,0,0,0,1,2,0
00-0020514,Michael Bennett,RB,2002,14,REG,2002_14_MIN_GB,MIN,GB,0,0,0,0,0,0,0,19,120,0
00-0020527,Deuce McAllister,RB,2002,14,REG,2002_14_NO_BAL,NO,BAL,0,0,0,0,0,0,0,32,127,3
00-0020531,Drew Brees,QB,2002,14,REG,2002_14_OAK_SD,LAC,LV,22,41,239,0,3,2,-13,5,5,0
00-0020536,LaDainian Tomlinson,RB,2002,14,REG,2002_14_OAK_SD,LAC,LV,0,0,0,0,0,0,0,18,57,1
00-0020562,Chad Hutchinson,QB,2002,14,REG,2002_14_SF_DAL,DAL,SF,11,28,147,0,2,0,0,1,18,0
00-0020608,David Carr,QB,2002,14,REG,2002_14_HOU_PIT,HOU,PIT,3,10,33,0,0,4,-23,3,6,0
00-0020692,Eddie Drummond,WR,2002,14,REG,2002_14_DET_ARI,DET,ARI,0,0,0,0,0,0,0,1,-2,0
00-0020700,James Mungro,RB,2002,14,REG,2002_14_IND_TEN,IND,TEN,0,0,0,0,0,0,0,4,12,1
00-0020820,Jesse Chatman,RB,2002,14,REG,2002_14_OAK_SD,LAC,LV,0,0,0,0,0,0,0,1,1,0
00-0020964,Tony Fisher,RB,2002,14,REG,2002_14_MIN_GB,GB,MIN,0,0,0,0,0,0,0,25,96,1
00-0021141,Joey Harrington,QB,2002,14,REG,2002_14_DET_ARI,DET,ARI,20,37,152,1,0,0,0,0,0,0
00-0021150,William Green,RB,2002,14,REG,2002_14_CLE_JAX,CLE,JAX,0,0,0,0,0,0,0,26,119,1
00-0021175,Andre Davis,WR,2002,14,REG,2002_14_CLE_JAX,CLE,JAX,0,0,0,0,0,0,0,1,9,0
00-0021179,Clinton Portis,RB,2002,14,REG,2002_14_DEN_NYJ,DEN,NYJ,0,0,0,0,0,0,0,24,103,0
00-0021184,Ladell Betts,RB,2002,14,REG,2002_14_NYG_WAS,WAS,NYG,0,0,0,0,0,0,0,1,0,0
00-0021190,Antwaan Randle El,WR,2002,14,REG,2002_14_HOU_PIT,PIT,HOU,1,1,1,0,0,0,0,1,11,0
00-0021209,Lamar Gordon,RB,2002,14,REG,2002_14_STL_KC,LA,KC,0,0,0,0,0,0,0,5,14,0
00-0021216,Brian Westbrook,RB,2002,14,REG,2002_14_PHI_SEA,PHI,SEA,0,0,0,0,0,0,0,2,7,0
00-0021223,Jonathan Wells,RB,2002,14,REG,2002_14_HOU_PIT,HOU,PIT,0,0,0,0,0,0,0,10,12,0
00-0021306,Adrian Peterson,RB,2002,14,REG,2002_14_CHI_MIA,CHI,MIA,0,0,0,0,0,0,0,3,11,0
00-0021314,Chester Taylor,RB,2002,14,REG,2002_14_NO_BAL,BAL,NO,0,0,0,0,0,0,0,2,8,0
00-0021330,Daryl Jones,WR,2002,14,REG,2002_14_NYG_WAS,NYG,WAS,0,0,0,0,0,0,0,1,4,0
00-0021357,Rock Cartwright,RB,2002,14,REG,2002_14_NYG_WAS,WAS,NYG,0,0,0,0,0,0,0,1,1,0
00-0021376,T.J. Duckett,RB,2002,14,REG,2002_14_ATL_TB,ATL,TB,0,0,0,0,0,0,0,13,47,0
00-0021379,Patrick Ramsey,QB,2002,14,REG,2002_14_NYG_WAS,WAS,NYG,12,27,204,1,0,1,-11,0,0,0
00-0000210,James Allen,RB,2002,15,REG,2002_15_BAL_HOU,HOU,BAL,0,0,0,0,0,0,0,8,46,0
00-0000251,Mike Alstott,FB,2002,15,REG,2002_15_TB_DET,TB,DET,0,0,0,0,0,0,0,11,47,1
00-0000745,Tiki Barber,RB,2002,15,REG,2002_15_DAL_NYG,NYG,DAL,0,0,0,0,0,0,0,11,81,1
00-0001098,Brandon Bennett,RB,2002,15,REG,2002_15_JAX_CIN,CIN,JAX,0,0,0,0,0,0,0,1,1,0
00-0001215,Jerome Bettis,RB,2002,15,REG,2002_15_CAR_PIT,PIT,CAR,0,0,0,0,0,0,0,18,73,2
00-0001335,Jeff Blake,QB,2002,15,REG,2002_15_BAL_HOU,BAL,HOU,18,30,228,2,0,0,0,7,10,0
00-0001361,Drew Bledsoe,QB,2002,15,REG,2002_15_SD_BUF,BUF,LAC,11,33,107,0,0,2,-6,1,0,0
00-0001823,Aaron Brooks,QB,2002,15,REG,2002_15_MIN_NO,NO,MIN,21,33,255,2,0,4,-34,3,5,0
00-0002110,Mark Brunell,QB,2002,15,REG,2002_15_JAX_CIN,JAX,CIN,19,28,223,3,0,3,-11,3,7,0
00-0002846,Larry Centers,FB,2002,15,REG,2002_15_SD_BUF,BUF,LAC,0,0,0,0,0,0,0,1,4,0
00-0002876,Chris Chandler,QB,2002,15,REG,2002_15_NYJ_CHI,CHI,NYJ,22,27,177,0,0,3,-16,3,3,0
00-0003136,Mike Cloud,RB,2002,15,REG,2002_15_KC_DEN,KC,DEN,0,0,0,0,0,0,0,5,15,1
00-0003292,Kerry Collins,QB,2002,15,REG,2002_15_DAL_NYG,NYG,DAL,13,27,190,0,0,0,0,2,-1,0
00-0003535,Tim Couch,QB,2002,15,REG,2002_15_IND_CLE,CLE,IND,21,35,287,2,0,4,-34,3,8,0
00-0003739,Daunte Culpepper,QB,2002,15,REG,2002_15_MIN_NO,MIN,NO,26,36,312,2,0,3,-19,7,73,2
00-0004052,Stephen Davis,RB,2002,15,REG,2002_15_WAS_PHI,WAS,PHI,0,0,0,0,0,0,0,2,24,0
00-0004304,Corey Dillon,RB,2002,15,REG,2002_15_JAX_CIN,CIN,JAX,0,0,0,0,0,0,0,21,59,0
00-0004541,Donald Driver,WR,2002,15,REG,2002_15_GB_SF,GB,SF,0,0,0,0,0,0,0,1,2,0
00-0004640,Warrick Dunn,RB,2002,15,REG,2002_15_SEA_ATL,ATL,SEA,0,0,0,0,0,0,0,20,101,0
00-0004673,Tim Dwight,WR,2002,15,REG,2002_15_SD_BUF,LAC,BUF,0,0,0,0,0,0,0,1,0,0
00-0005091,Kevin Faulk,RB,2002,15,REG,2002_15_NE_TEN,NE,TEN,0,0,0,0,0,0,0,5,15,0
00-0005092,Marshall Faulk,RB,2002,15,REG,2002_15_ARI_STL,LA,ARI,0,0,0,0,0,0,0,9,39,0
00-0005106,Brett Favre,QB,2002,15,REG,2002_15_GB_SF,GB,SF,25,33,201,1,0,1,-3,5,2,0
00-0005180,Jay Fiedler,QB,2002,15,REG,2002_15_OAK_MIA,MIA,LV,21,32,237,1,0,3,-24,4,10,0
00-0005363,Doug Flutie,QB,2002,15,REG,2002_15_SD_BUF,LAC,BUF,3,11,64,0,0,0,0,1,6,0
00-0005741,Rich Gannon,QB,2002,15,REG,2002_15_OAK_MIA,LV,MIA,17,31,204,1,1,5,-42,2,10,0
00-0005755,Jeff Garcia,QB,2002,15,REG,2002_15_GB_SF,SF,GB,19,34,156,1,1,0,0,5,32,0
00-0005779,Charlie Garner,RB,2002,15,REG,2002_15_OAK_MIA,LV,MIA,0,0,0,0,0,0,0,6,13,0
00-0005883,Eddie George,RB,2002,15,REG,2002_15_NE_TEN,TEN,NE,0,0,0,0,0,0,0,31,101,0
00-0006305,Ahman Green,RB,2002,15,REG,2002_15_GB_SF,GB,SF,0,0,0,0,0,0,0,24,90,1
00-0006355,Trent Green,QB,2002,15,REG,2002_15_KC_DEN,KC,DEN,18,42,310,2,0,1,-1,2,9,0
00-0006423,Brian Griese,QB,2002,15,REG,2002_15_KC_DEN,DEN,KC,18,26,297,1,1,2,-12,2,8,0
00-0007091,Matt Hasselbeck,QB,2002,15,REG,2002_15_SEA_ATL,SEA,ATL,22,31,298,1,0,2,0,2,6,0
00-0007180,Garrison Hearst,RB,2002,15,REG,2002_15_GB_SF,SF,GB,0,0,0,0,0,0,0,12,51,0
00-0007546,James Hodgins,RB,2002,15,REG,2002_15_ARI_STL,LA,ARI,0,0,0,0,0,0,0,1,5,0
00-0007579,Robert Holcombe,FB,2002,15,REG,2002_15_NE_TEN,TEN,NE,0,0,0,0,0,0,0,10,85,0
00-0007661,Priest Holmes,RB,2002,15,REG,2002_15_KC_DEN,KC,DEN,0,0,0,0,0,0,0,18,161,0
00-0008241,Edgerrin James,RB,2002,15,REG,2002_15_IND_CLE,IND,CLE,0,0,0,0,0,0,0,10,42,0
00-0008442,Brad Johnson,QB,2002,15,REG,2002_15_TB_DET,TB,DET,24,41,253,0,0,0,0,2,2,0
00-0008568,Leon Johnson,RB,2002,15,REG,2002_15_NYJ_CHI,CHI,NYJ,0,0,0,0,0,1,0,14,56,1
00-0009311,Jon Kitna,QB,2002,15,REG,2002_15_JAX_CIN,CIN,JAX,22,42,258,0,1,3,-23,2,5,1
00-0009323,Jimmy Kleinsasser,TE,2002,15,REG,2002_15_MIN_NO,MIN,NO,0,0,0,0,0,0,0,1,0,0
00-0009829,Dorsey Levens,RB,2002,15,REG,2002_15_WAS_PHI,PHI,WAS,0,0,0,0,0,0,0,8,43,0
00-0010240,Stacey Mack,RB,2002,15,REG,2002_15_JAX_CIN,JAX,CIN,0,0,0,0,0,0,0,9,31,1
00-0010261,Tommy Maddox,QB,2002,15,REG,2002_15_CAR_PIT,PIT,CAR,20,33,209,1,1,2,-12,1,0,0
00-0010292,Joel Makovicka,FB,2002,15,REG,2002_15_ARI_STL,ARI,LA,0,0,0,0,0,0,0,1,17,0
00-0010346,Peyton Manning,QB,2002,15,REG,2002_15_IND_CLE,IND,CLE,20,34,277,2,1,1,-3,6,24,0
00-0010442,Curtis Martin,RB,2002,15,REG,2002_15_NYJ_CHI,NYJ,CHI,0,0,0,0,0,0,0,21,127,0
00-0011024,Steve McNair,QB,2002,15,REG,2002_15_NE_TEN,TEN,NE,11,24,136,0,1,2,-9,6,49,2
00-0011754,Randy Moss,WR,2002,15,REG,2002_15_MIN_NO,MIN,NO,0,0,0,0,0,0,0,1,25,0
00-0011770,Eric Moulds,WR,2002,15,REG,2002_15_SD_BUF,BUF,LAC,0,0,0,0,0,0,0,1,7,0
00-0011795,Muhsin Muhammad,WR,2002,15,REG,2002_15_CAR_PIT,CAR,PIT,0,0,0,0,0,0,0,1,20,0
00-0012732,Rodney Peete,QB,2002,15,REG,2002_15_CAR_PIT,CAR,PIT,14,27,112,1,0,4,-27,2,0,0
00-0013013,Michael Pittman,RB,2002,15,REG,2002_15_TB_DET,TB,DET,0,0,0,0,0,0,0,11,46,1
00-0013042,Jake Plummer,QB,2002,15,REG,2002_15_ARI_STL,ARI,LA,17,27,258,2,1,1,-9,4,33,0
00-0013694,Tony Richardson,FB,2002,15,REG,2002_15_KC_DEN,KC,DEN,0,0,0,0,0,0,0,1,0,0
00-0014450,Cory Schlesinger,FB,2002,15,REG,2002_15_TB_DET,DET,TB,0,0,0,0,0,0,0,6,31,0
00-0015091,Antowain Smith,RB,2002,15,REG,2002_15_NE_TEN,NE,TEN,0,0,0,0,0,0,0,6,31,0
00-0015165,Emmitt Smith,RB,2002,15,REG,2002_15_DAL_NYG,DAL,NYG,0,0,0,0,0,0,0,11,32,0
00-0015523,Duce Staley,RB,2002,15,REG,2002_15_WAS_PHI,PHI,WAS,0,0,0,0,0,0,0,20,62,1
00-0015601,Aaron Stecker,RB,2002,15,REG,2002_15_TB_DET,TB,DET,0,0,0,0,0,0,0,4,28,0
00-0015830,Mack Strong,FB,2002,15,REG,2002_15_SEA_ATL,SEA,ATL,0,0,0,0,0,0,0,3,13,0
00-0016098,Fred Taylor,RB,2002,15,REG,2002_15_JAX_CIN,JAX,CIN,0,0,0,0,0,0,0,18,71,0
00-0017162,Hines Ward,WR,2002,15,REG,2002_15_CAR_PIT,PIT,CAR,0,0,0,0,0,0,0,1,2,0
00-0017486,Tyrone Wheatley,RB,2002,15,REG,2002_15_OAK_MIA,LV,MIA,0,0,0,0,0,0,0,4,33,0
00-0017892,Moe Williams,RB,2002,15,REG,2002_15_MIN_NO,MIN,NO,0,0,0,0,0,0,0,1,2,0
00-0017915,Ricky Williams,RB,2002,15,REG,2002_15_OAK_MIA,MIA,LV,0,0,0,0,0,0,0,27,101,0
00-0018501,Amos Zereoue,RB,2002,15,REG,2002_15_CAR_PIT,PIT,CAR,0,0,0,0,0,0,0,14,40,0
00-0018588,Alan Ricard,RB,2002,15,REG,2002_15_BAL_HOU,BAL,HOU,0,0,0,0,0,0,0,2,4,0
00-0018958,Laveranues Coles,WR,2002,15,REG,2002_15_NYJ_CHI,NYJ,CHI,0,0,0,0,0,0,0,1,5,0
00-0019057,Jamel White,RB,2002,15,REG,2002_15_IND_CLE,CLE,IND,0,0,0,0,0,0,0,3,19,0
00-0019100,Brad Hoover,FB,2002,15,REG,2002_15_CAR_PIT,CAR,PIT,0,0,0,0,0,0,0,1,3,0
00-0019135,Dan Kreider,FB,2002,15,REG,2002_15_CAR_PIT,PIT,CAR,0,0,0,0,0,0,0,2,4,0
00-0019510,Ahmad Merritt,WR,2002,15,REG,2002_15_NYJ_CHI,CHI,NYJ,0,0,0,0,0,0,0,1,5,0
00-0019516,Troy Hambrick,RB,2002,15,REG,2002_15_DAL_NYG,DAL,NYG,0,0,0,0,0,0,0,10,42,0
00-0019559,Chad Pennington,QB,2002,15,REG,2002_15_NYJ_CHI,NYJ,CHI,22,33,207,1,0,1,-7,1,0,0
00-0019576,Mike Green,RB,2002,15,REG,2002_15_NE_TEN,TEN,NE,0,0,0,0,0,0,0,1,3,0
00-0019590,Chad Morton,RB,2002,15,REG,2002_15_NYJ_CHI,NYJ,CHI,0,0,0,0,0,0,0,1,2,0
00-0019594,Mike Anderson,RB,2002,15,REG,2002_15_KC_DEN,DEN,KC,0,0,0,0,0,0,0,12,59,0
00-0019596,Tom Brady,QB,2002,15,REG,2002_15_NE_TEN,NE,TEN,14,29,134,0,1,3,-17,2,10,1
00-0019599,Marc Bulger,QB,2002,15,REG,2002_15_ARI_STL,LA,ARI,24,40,319,2,2,2,-19,1,-1,0
00-0019614,Michael Wiley,RB,2002,15,REG,2002_15_DAL_NYG,DAL,NYG,0,0,0,0,0,0,0,2,18,0
00-0019643,Ron Dayne,RB,2002,15,REG,2002_15_DAL_NYG,NYG,DAL,0,0,0,0,0,0,0,19,80,2
00-0019647,Shaun Alexander,RB,2002,15,REG,2002_15_SEA_ATL,SEA,ATL,0,0,0,0,0,0,0,28,127,2
00-0019693,Jamal Lewis,RB,2002,15,REG,2002_15_BAL_HOU,BAL,HOU,0,0,0,0,0,0,0,20,49,0
00-0019725,Rafael Cooper,RB,2002,15,REG,2002_15_TB_DET,DET,TB,0,0,0,0,0,0,0,8,50,0
00-0019764,Henry Burris,QB,2002,15,REG,2002_15_NYJ_CHI,CHI,NYJ,0,0,0,0,0,0,0,1,2,0
00-0019794,Aveion Cason,RB,2002,15,REG,2002_15_TB_DET,DET,TB,0,0,0,0,0,0,0,10,62,0
00-0019808,Kenny Watson,RB,2002,15,REG,2002_15_WAS_PHI,WAS,PHI,0,0,0,0,0,0,0,4,9,0
00-0019831,Nick Goings,RB,2002,15,REG,2002_15_CAR_PIT,CAR,PIT,0,0,0,0,0,0,0,3,9,0
00-0020022,Marcel Shipp,RB,2002,15,REG,2002_15_ARI_STL,ARI,LA,0,0,0,0,0,0,0,26,79,2
00-0020173,James Fenderson,RB,2002,15,REG,2002_15_MIN_NO,NO,MIN,0,0,0,0,0,0,0,1,4,0
00-0020245,Mike Vick,QB,2002,15,REG,2002_15_SEA_ATL,ATL,SEA,21,38,240,2,2,2,-17,13,40,0
00-0020305,A.J. Feeley,QB,2002,15,REG,2002_15_WAS_PHI,PHI,WAS,16,28,220,2,1,2,-10,2,5,0
00-0020308,Mike McMahon,QB,2002,15,REG,2002_15_TB_DET,DET,TB,10,21,158,1,1,0,0,2,1,1
00-0020376,Dee Brown,RB,2002,15,REG,2002_15_CAR_PIT,CAR,PIT,0,0,0,0,0,0,0,8,19,1
00-0020434,Chris Weinke,QB,2002,15,REG,2002_15_CAR_PIT,CAR,PIT,3,7,14,0,1,2,-18,1,-1,0
00-0020448,Travis Minor,RB,2002,15,REG,2002_15_OAK_MIA,MIA,LV,0,0,0,0,0,0,0,2,10,1
00-0020471,Travis Henry,RB,2002,15,REG,2002_15_SD_BUF,BUF,LAC,0,0,0,0,0,0,0,22,144,2
00-0020474,Kevan Barlow,RB,2002,15,REG,2002_15_GB_SF,SF,GB,0,0,0,0,0,0,0,6,24,0
00-0020483,Jesse Palmer,QB,2002,15,REG,2002_15_DAL_NYG,NYG,DAL,3,4,30,0,0,0,0,1,-3,0
00-0020490,Koren Robinson,WR,2002,15,REG,2002_15_SEA_ATL,SEA,ATL,0,0,0,0,0,0,0,1,10,0
00-0020507,Heath Evans,FB,2002,15,REG,2002_15_SEA_ATL,SEA,ATL,0,0,0,0,0,0,0,3,10,0
00-0020514,Michael Bennett,RB,2002,15,REG,2002_15_MIN_NO,MIN,NO,0,0,0,0,0,0,0,15,46,0
00-0020516,Todd Heap,TE,2002,15,REG,2002_15_BAL_HOU,BAL,HOU,0,0,0,0,0,0,0,1,15,0
00-0020525,Rod Gardner,WR,2002,15,REG,2002_15_WAS_PHI,WAS,PHI,0,0,0,0,0,0,0,1,1,0
00-0020527,Deuce McAllister,RB,2002,15,REG,2002_15_MIN_NO,NO,MIN,0,0,0,0,0,0,0,18,69,0
00-0020531,Drew Brees,QB,2002,15,REG,2002_15_SD_BUF,LAC,BUF,13,24,148,0,0,3,-20,0,0,0
00-0020536,LaDainian Tomlinson,RB,2002,15,REG,2002_15_SD_BUF,LAC,BUF,0,0,0,0,0,0,0,28,110,1
00-0020562,Chad Hutchinson,QB,2002,15,REG,2002_15_DAL_NYG,DAL,NYG,16,40,161,1,2,3,-24,3,20,0
00-0020608,David Carr,QB,2002,15,REG,2002_15_BAL_HOU,HOU,BAL,19,34,196,0,2,2,-14,2,1,0
00-0020700,James Mungro,RB,2002,15,REG,2002_15_IND_CLE,IND,CLE,0,0,0,0,0,0,0,14,75,2
00-0020739,Ricky Williams,RB,2002,15,REG,2002_15_IND_CLE,IND,CLE,0,0,0,0,0,0,0,3,2,0
00-0020964,Tony Fisher,RB,2002,15,REG,2002_15_GB_SF,GB,SF,0,0,0,0,0,0,0,3,10,0
00-0021141,Joey Harrington,QB,2002,15,REG,2002_15_TB_DET,DET,TB,0,1,0,0,0,1,-10,0,0,0
00-0021150,William Green,RB,2002,15,REG,2002_15_IND_CLE,CLE,IND,0,0,0,0,0,0,0,22,69,1
00-0021179,Clinton Portis,RB,2002,15,REG,2002_15_KC_DEN,DEN,KC,0,0,0,0,0,0,0,21,130,3
00-0021184,Ladell Betts,RB,2002,15,REG,2002_15_WAS_PHI,WAS,PHI,0,0,0,0,0,0,0,16,49,0
00-0021190,Antwaan Randle El,WR,2002,15,REG,2002_15_CAR_PIT,PIT,CAR,1,1,6,0,0,0,0,2,10,0
00-0021191,Antonio Bryant,WR,2002,15,REG,2002_15_DAL_NYG,DAL,NYG,0,0,0,0,0,0,0,1,-8,0
00-0021209,Lamar Gordon,RB,2002,15,REG,2002_15_ARI_STL,LA,ARI,0,0,0,0,0,0,0,8,23,0
00-0021223,Jonathan Wells,RB,2002,15,REG,2002_15_BAL_HOU,HOU,BAL,0,0,0,0,0,0,0,14,48,1
00-0021235,Dave Zastudil,P,2002,15,REG,2002_15_BAL_HOU,BAL,HOU,0,0,0,0,0,0,0,1,-12,0
00-0021238,Rohan Davey,QB,2002,15,REG,2002_15_NE_TEN,NE,TEN,1,2,3,0,0,0,0,0,0,0
00-0021306,Adrian Peterson,RB,2002,15,REG,2002_15_NYJ_CHI,CHI,NYJ,0,0,0,0,0,0,0,7,39,1
00-0021314,Chester Taylor,RB,2002,15,REG,2002_15_BAL_HOU,BAL,HOU,0,0,0,0,0,0,0,2,4,0
00-0021376,T.J. Duckett,RB,2002,15,REG,2002_15_SEA_ATL,ATL,SEA,0,0,0,0,0,0,0,2,9,0
00-0021379,Patrick Ramsey,QB,2002,15,REG,2002_15_WAS_PHI,WAS,PHI,23,35,213,3,0,2,-7,2,3,0
00-0000210,James Allen,RB,2002,16,REG,2002_16_HOU_WAS,HOU,WAS,0,0,0,0,0,0,0,4,10,0
00-0000251,Mike Alstott,FB,2002,16,REG,2002_16_PIT_TB,TB,PIT,0,0,0,0,0,0,0,5,28,0
00-0000339,Richie Anderson,FB,2002,16,REG,2002_16_NYJ_NE,NYJ,NE,0,1,0,0,0,0,0,0,0,0
00-0000745,Tiki Barber,RB,2002,16,REG,2002_16_NYG_IND,NYG,IND,0,0,0,0,0,0,0,18,60,2
00-0000942,Fred Beasley,FB,2002,16,REG,2002_16_SF_ARI,SF,ARI,0,0,0,0,0,0,0,4,13,0
00-0001098,Brandon Bennett,RB,2002,16,REG,2002_16_NO_CIN,CIN,NO,0,0,0,0,0,0,0,7,58,0
00-0001215,Jerome Bettis,RB,2002,16,REG,2002_16_PIT_TB,PIT,TB,0,0,0,0,0,0,0,26,66,0
00-0001218,Steve Beuerlein,QB,2002,16,REG,2002_16_DEN_OAK,DEN,LV,13,28,234,0,1,4,-26,2,9,1
00-0001335,Jeff Blake,QB,2002,16,REG,2002_16_CLE_BAL,BAL,CLE,16,28,143,1,1,2,-14,3,12,0
00-0001361,Drew Bledsoe,QB,2002,16,REG,2002_16_BUF_GB,BUF,GB,18,36,179,0,2,6,-37,1,2,0
00-0001823,Aaron Brooks,QB,2002,16,REG,2002_16_NO_CIN,NO,CIN,16,38,203,1,0,3,-26,4,3,0
00-0002110,Mark Brunell,QB,2002,16,REG,2002_16_TEN_JAX,TEN,JAX,12,23,114,0,1,3,-17,1,4,0
00-0002846,Larry Centers,FB,2002,16,REG,2002_16_BUF_GB,BUF,GB,0,0,0,0,0,0,0,1,2,0
00-0002876,Chris Chandler,QB,2002,16,REG,2002_16_CHI_CAR,CHI,CAR,7,8,113,1,0,2,-17,1,0,0
00-0002970,Bob Christian,FB,2002,16,REG,2002_16_DET_ATL,ATL,DET,0,0,0,0,0,0,0,2,18,0
00-0003136,Mike Cloud,RB,2002,16,REG,2002_16_SD_KC,KC,LAC,0,0,0,0,0,0,0,16,19,0
00-0003292,Kerry Collins,QB,2002,16,REG,2002_16_NYG_IND,NYG,IND,23,29,366,4,0,0,0,5,-3,0
00-0003400,Ernie Conwell,TE,2002,16,REG,2002_16_STL_SEA,LA,SEA,0,0,0,0,0,0,0,1,3,0
00-0003535,Tim Couch,QB,2002,16,REG,2002_16_CLE_BAL,CLE,BAL,22,31,209,1,1,2,-16,1,-1,0
00-0003663,Zack Crockett,RB,2002,16,REG,2002_16_DEN_OAK,LV,DEN,0,0,0,0,0,0,0,7,7,2
00-0003739,Daunte Culpepper,QB,2002,16,REG,2002_16_MIA_MIN,MIN,MIA,20,29,244,0,2,4,-18,10,67,0
00-0004304,Corey Dillon,RB,2002,16,REG,2002_16_NO_CIN,CIN,NO,0,0,0,0,0,0,0,18,126,0
00-0004640,Warrick Dunn,RB,2002,16,REG,2002_16_DET_ATL,ATL,DET,0,0,0,0,0,0,0,30,132,1
00-0004768,Marc Edwards,FB,2002,16,REG,2002_16_NYJ_NE,NE,NYJ,0,0,0,0,0,0,0,2,7,0
00-0005091,Kevin Faulk,RB,2002,16,REG,2002_16_NYJ_NE,NE,NYJ,0,0,0,0,0,0,0,2,13,0
00-0005092,Marshall Faulk,RB,2002,16,REG,2002_16_STL_SEA,LA,SEA,0,0,0,0,0,0,0,9,13,0
00-0005106,Brett Favre,QB,2002,16,REG,2002_16_BUF_GB,GB,BUF,15,33,114,1,2,2,-10,2,-1,0
00-0005180,Jay Fiedler,QB,2002,16,REG,2002_16_MIA_MIN,MIA,MIN,15,21,177,2,1,1,-7,2,2,0
00-0005741,Rich Gannon,QB,2002,16,REG,2002_16_DEN_OAK,LV,DEN,18,27,201,1,0,4,-15,5,7,1
00-0005755,Jeff Garcia,QB,2002,16,REG,2002_16_SF_ARI,SF,ARI,23,39,256,1,1,1,-4,5,5,0
00-0005779,Charlie Garner,RB,2002,16,REG,2002_16_DEN_OAK,LV,DEN,0,0,0,0,0,0,0,7,61,0
00-0005816,Olandis Gary,RB,2002,16,REG,2002_16_DEN_OAK,DEN,LV,0,0,0,0,0,0,0,1,0,0
00-0005883,Eddie George,RB,2002,16,REG,2002_16_TEN_JAX,TEN,JAX,0,0,0,0,0,0,0,21,89,2
00-0006305,Ahman Green,RB,2002,16,REG,2002_16_BUF_GB,GB,BUF,0,0,0,0,0,0,0,26,116,0
00-0006355,Trent Green,QB,2002,16,REG,2002_16_SD_KC,KC,LAC,23,36,337,3,1,3,-14,4,13,0
00-0006423,Brian Griese,QB,2002,16,REG,2002_16_DEN_OAK,DEN,LV,7,15,48,0,2,2,-13,0,0,0
00-0007091,Matt Hasselbeck,QB,2002,16,REG,2002_16_STL_SEA,SEA,LA,20,32,303,1,0,2,-11,3,8,0
00-0007180,Garrison Hearst,RB,2002,16,REG,2002_16_SF_ARI,SF,ARI,0,0,0,0,0,0,0,11,38,1
00-0007579,Robert Holcombe,FB,2002,16,REG,2002_16_TEN_JAX,TEN,JAX,0,0,0,0,0,0,0,4,15,0
00-0008241,Edgerrin James,RB,2002,16,REG,2002_16_NYG_IND,IND,NYG,0,0,0,0,0,0,0,10,13,0
00-0008568,Leon Johnson,RB,2002,16,REG,2002_16_CHI_CAR,CHI,CAR,0,0,0,0,0,0,0,16,29,0
00-0008612,Rob Johnson,QB,2002,16,REG,2002_16_PIT_TB,TB,PIT,12,18,159,1,0,5,-24,1,5,0
00-0009163,Eddie Kennison,WR,2002,16,REG,2002_16_SD_KC,KC,LAC,0,0,0,0,0,0,0,2,2,0
00-0009266,Shaun King,QB,2002,16,REG,2002_16_PIT_TB,TB,PIT,9,26,73,0,1,1,-5,3,23,0
00-0009311,Jon Kitna,QB,2002,16,REG,2002_16_NO_CIN,CIN,NO,20,40,190,1,2,2,-7,2,-3,0
00-0009323,Jimmy Kleinsasser,TE,2002,16,REG,2002_16_MIA_MIN,MIN,MIA,0,0,0,0,0,0,0,2,6,0
00-0009829,Dorsey Levens,RB,2002,16,REG,2002_16_PHI_DAL,PHI,DAL,0,0,0,0,0,0,0,2,2,0
00-0010240,Stacey Mack,RB,2002,16,REG,2002_16_TEN_JAX,TEN,JAX,0,0,0,0,0,0,0,9,28,0
00-0010261,Tommy Maddox,QB,2002,16,REG,2002_16_PIT_TB,PIT,TB,17,23,236,1,0,2,-11,2,-2,0
00-0010346,Peyton Manning,QB,2002,16,REG,2002_16_NYG_IND,IND,NYG,30,46,365,3,2,2,-16,0,0,0
00-0010442,Curtis Martin,RB,2002,16,REG,2002_16_NYJ_NE,NYJ,NE,0,0,0,0,0,0,0,26,106,0
00-0010455,Jamie Martin,QB,2002,16,REG,2002_16_STL_SEA,LA,SEA,31,48,259,1,3,1,-8,2,-1,0
00-0011024,Steve McNair,QB,2002,16,REG,2002_16_TEN_JAX,TEN,JAX,13,21,115,1,0,0,0,8,58,0
00-0011506,Joe Montgomery,RB,2002,16,REG,2002_16_CHI_CAR,CAR,CHI,0,0,0,0,0,0,0,7,20,0
00-0011754,Randy Moss,WR,2002,16,REG,2002_16_MIA_MIN,MIN,MIA,1,1,13,1,0,0,0,0,0,0
00-0012261,Neil O'Donnell,QB,2002,16,REG,2002_16_TEN_JAX,TEN,JAX,1,1,8,0,0,0,0,1,-1,0
00-0012642,David Patten,WR,2002,16,REG,2002_16_NYJ_NE,NE,NYJ,0,0,0,0,0,0,0,1,7,0
00-0012732,Rodney Peete,QB,2002,16,REG,2002_16_CHI_CAR,CAR,CHI,18,35,179,1,0,3,-14,3,-4,0
00-0013013,Michael Pittman,RB,2002,16,REG,2002_16_PIT_TB,TB,PIT,0,0,0,0,0,0,0,4,20,0
00-0013042,Jake Plummer,QB,2002,16,REG,2002_16_SF_ARI,ARI,SF,16,26,109,2,1,5,-33,2,14,0
00-0013232,Peerless Price,WR,2002,16,REG,2002_16_BUF_GB,BUF,GB,0,0,0,0,0,0,0,1,-7,0
00-0014450,Cory Schlesinger,FB,2002,16,REG,2002_16_DET_ATL,DET,ATL,0,0,0,0,0,0,0,4,6,0
00-0015091,Antowain Smith,RB,2002,16,REG,2002_16_NYJ_NE,NE,NYJ,0,0,0,0,0,0,0,14,46,0
00-0015165,Emmitt Smith,RB,2002,16,REG,2002_16_PHI_DAL,DAL,PHI,0,0,0,0,0,0,0,8,30,0
00-0015523,Duce Staley,RB,2002,16,REG,2002_16_PHI_DAL,PHI,DAL,0,0,0,0,0,0,0,19,56,1
00-0015601,Aaron Stecker,RB,2002,16,REG,2002_16_PIT_TB,TB,PIT,0,0,0,0,0,0,0,1,-2,0
00-0015698,James Stewart,RB,2002,16,REG,2002_16_DET_ATL,DET,ATL,0,0,0,0,0,0,0,12,34,0
00-0015830,Mack Strong,FB,2002,16,REG,2002_16_STL_SEA,SEA,LA,0,0,0,0,0,0,0,2,9,0
00-0016098,Fred Taylor,RB,2002,16,REG,2002_16_TEN_JAX,TEN,JAX,0,0,0,0,0,0,0,3,17,0
00-0016373,Derrius Thompson,WR,2002,16,REG,2002_16_HOU_WAS,WAS,HOU,0,0,0,0,0,0,0,1,1,0
00-0016440,James Thrash,WR,2002,16,REG,2002_16_PHI_DAL,PHI,DAL,0,0,0,0,0,0,0,1,-1,0
00-0017486,Tyrone Wheatley,RB,2002,16,REG,2002_16_DEN_OAK,LV,DEN,0,0,0,0,0,0,0,18,61,0
00-0017892,Moe Williams,RB,2002,16,REG,2002_16_MIA_MIN,MIN,MIA,0,0,0,0,0,0,0,2,2,1
00-0017896,Nicolas Luchey,RB,2002,16,REG,2002_16_NO_CIN,CIN,NO,0,0,0,0,0,0,0,12,59,2
00-0017915,Ricky Williams,RB,2002,16,REG,2002_16_MIA_MIN,MIA,MIN,0,0,0,0,0,0,0,15,67,0
00-0018501,Amos Zereoue,RB,2002,16,REG,2002_16_PIT_TB,PIT,TB,0,0,0,0,0,0,0,5,23,0
00-0018588,Alan Ricard,RB,2002,16,REG,2002_16_CLE_BAL,BAL,CLE,0,0,0,0,0,0,0,1,4,0
00-0019057,Jamel White,RB,2002,16,REG,2002_16_CLE_BAL,CLE,BAL,0,0,0,0,0,0,0,4,11,1
00-0019135,Dan Kreider,FB,2002,16,REG,2002_16_PIT_TB,PIT,TB,0,0,0,0,0,0,0,1,3,0
00-0019484,Sammy Morris,RB,2002,16,REG,2002_16_BUF_GB,BUF,GB,0,0,0,0,0,0,0,1,0,0
00-0019516,Troy Hambrick,RB,2002,16,REG,2002_16_PHI_DAL,DAL,PHI,0,0,0,0,0,0,0,6,4,0
00-0019552,Troy Walters,WR,2002,16,REG,2002_16_NYG_IND,IND,NYG,0,0,0,0,0,0,0,1,16,0
00-0019559,Chad Pennington,QB,2002,16,REG,2002_16_NYJ_NE,NYJ,NE,23,33,285,3,0,0,0,3,0,0
00-0019576,Mike Green,RB,2002,16,REG,2002_16_TEN_JAX,TEN,JAX,0,0,0,0,0,0,0,5,13,0
00-0019594,Mike Anderson,RB,2002,16,REG,2002_16_DEN_OAK,DEN,LV,0,0,0,0,0,0,0,3,20,0
00-0019596,Tom Brady,QB,2002,16,REG,2002_16_NYJ_NE,NE,NYJ,19,37,133,1,1,2,-14,4,24,0
00-0019599,Marc Bulger,QB,2002,16,REG,2002_16_STL_SEA,LA,SEA,1,1,11,0,0,1,-8,0,0,0
00-0019614,Michael Wiley,RB,2002,16,REG,2002_16_PHI_DAL,DAL,PHI,0,0,0,0,0,0,0,1,6,0
00-0019643,Ron Dayne,RB,2002,16,REG,2002_16_NYG_IND,NYG,IND,0,0,0,0,0,0,0,13,46,0
00-0019647,Shaun Alexander,RB,2002,16,REG,2002_16_STL_SEA,SEA,LA,0,0,0,0,0,0,0,26,79,2
00-0019649,Trung Canidate,RB,2002,16,REG,2002_16_STL_SEA,LA,SEA,0,0,0,0,0,0,0,3,2,0
00-0019693,Jamal Lewis,RB,2002,16,REG,2002_16_CLE_BAL,BAL,CLE,0,0,0,0,0,0,0,21,100,0
00-0019721,Travis Taylor,WR,2002,16,REG,2002_16_CLE_BAL,BAL,CLE,0,0,0,0,0,0,0,3,20,0
00-0019725,Rafael Cooper,RB,2002,16,REG,2002_16_DET_ATL,DET,ATL,0,0,0,0,0,0,0,2,5,0
00-0019764,Henry Burris,QB,2002,16,REG,2002_16_CHI_CAR,CHI,CAR,8,22,50,1,0,2,-15,3,17,0
00-0019794,Aveion Cason,RB,2002,16,REG,2002_16_DET_ATL,DET,ATL,0,0,0,0,0,0,0,1,17,0
00-0019808,Kenny Watson,RB,2002,16,REG,2002_16_HOU_WAS,WAS,HOU,0,0,0,0,0,0,0,20,110,0
00-0019831,Nick Goings,RB,2002,16,REG,2002_16_CHI_CAR,CAR,CHI,0,0,0,0,0,0,0,6,17,0
00-0020022,Marcel Shipp,RB,2002,16,REG,2002_16_SF_ARI,ARI,SF,0,0,0,0,0,0,0,20,84,0
00-0020245,Mike Vick,QB,2002,16,REG,2002_16_DET_ATL,ATL,DET,20,38,337,2,1,1,-1,8,42,0
00-0020256,Kevin Kasper,WR,2002,16,REG,2002_16_SF_ARI,ARI,SF,0,0,0,0,0,0,0,2,10,0
00-0020305,A.J. Feeley,QB,2002,16,REG,2002_16_PHI_DAL,PHI,DAL,19,33,253,1,2,1,-8,2,2,0
00-0020308,Mike McMahon,QB,2002,16,REG,2002_16_DET_ATL,DET,ATL,11,33,149,2,3,3,-28,2,25,0
00-0020315,Derrick Blaylock,RB,2002,16,REG,2002_16_SD_KC,KC,LAC,0,0,0,0,0,0,0,2,19,0
00-0020376,Dee Brown,RB,2002,16,REG,2002_16_CHI_CAR,CAR,CHI,0,0,0,0,0,0,0,23,55,2
00-0020462,LaMont Jordan,RB,2002,16,REG,2002_16_NYJ_NE,NYJ,NE,0,0,0,0,0,0,0,2,2,0
00-0020471,Travis Henry,RB,2002,16,REG,2002_16_BUF_GB,BUF,GB,0,0,0,0,0,0,0,20,46,0
00-0020474,Kevan Barlow,RB,2002,16,REG,2002_16_SF_ARI,SF,ARI,0,0,0,0,0,0,0,13,50,0
00-0020479,George Layne,RB,2002,16,REG,2002_16_DET_ATL,ATL,DET,0,0,0,0,0,0,0,1,5,0
00-0020507,Heath Evans,FB,2002,16,REG,2002_16_STL_SEA,SEA,LA,0,0,0,0,0,0,0,3,4,0
00-0020514,Michael Bennett,RB,2002,16,REG,2002_16_MIA_MIN,MIN,MIA,0,0,0,0,0,0,0,18,54,0
00-0020527,Deuce McAllister,RB,2002,16,REG,2002_16_NO_CIN,NO,CIN,0,0,0,0,0,0,0,15,26,0
00-0020531,Drew Brees,QB,2002,16,REG,2002_16_SD_KC,LAC,KC,26,40,242,2,0,1,-7,2,17,0
00-0020536,LaDainian Tomlinson,RB,2002,16,REG,2002_16_SD_KC,LAC,KC,0,0,0,0,0,0,0,24,131,0
00-0020562,Chad Hutchinson,QB,2002,16,REG,2002_16_PHI_DAL,DAL,PHI,15,24,128,0,1,7,-50,4,28,0
00-0020608,David Carr,QB,2002,16,REG,2002_16_HOU_WAS,HOU,WAS,12,31,112,0,1,3,-13,4,20,0
00-0020700,James Mungro,RB,2002,16,REG,2002_16_NYG_IND,IND,NYG,0,0,0,0,0,0,0,8,21,0
00-0020964,Tony Fisher,RB,2002,16,REG,2002_16_BUF_GB,GB,BUF,0,0,0,0,0,0,0,2,4,0
00-0021031,John Simon,RB,2002,16,REG,2002_16_TEN_JAX,TEN,JAX,0,0,0,0,0,0,0,1,1,0
00-0021147,Donte' Stallworth,WR,2002,16,REG,2002_16_NO_CIN,NO,CIN,0,0,0,0,0,0,0,1,4,0
00-0021150,William Green,RB,2002,16,REG,2002_16_CLE_BAL,CLE,BAL,0,0,0,0,0,0,0,20,56,0
00-0021175,Andre Davis,WR,2002,16,REG,2002_16_CLE_BAL,CLE,BAL,0,0,0,0,0,0,0,1,-3,0
00-0021179,Clinton Portis,RB,2002,16,REG,2002_16_DEN_OAK,DEN,LV,0,0,0,0,0,0,0,12,52,1
00-0021184,Ladell Betts,RB,2002,16,REG,2002_16_HOU_WAS,WAS,HOU,0,0,0,0,0,0,0,20,116,1
00-0021190,Antwaan Randle El,WR,2002,16,REG,2002_16_PIT_TB,PIT,TB,1,1,8,0,0,0,0,1,4,0
00-0021216,Brian Westbrook,RB,2002,16,REG,2002_16_PHI_DAL,PHI,DAL,0,0,0,0,0,0,0,8,55,0
00-0021223,Jonathan Wells,RB,2002,16,REG,2002_16_HOU_WAS,HOU,WAS,0,0,0,0,0,0,0,15,33,0
00-0021231,David Garrard,QB,2002,16,REG,2002_16_TEN_JAX,TEN,JAX,6,13,43,1,0,1,-1,5,26,0
00-0021253,Jarrod Baxter,RB,2002,16,REG,2002_16_HOU_WAS,HOU,WAS,0,0,0,0,0,0,0,1,4,0
00-0021306,Adrian Peterson,RB,2002,16,REG,2002_16_CHI_CAR,CHI,CAR,0,0,0,0,0,0,0,2,9,0
00-0021314,Chester Taylor,RB,2002,16,REG,2002_16_CLE_BAL,BAL,CLE,0,0,0,0,0,0,0,1,10,0
00-0021357,Rock Cartwright,RB,2002,16,REG,2002_16_HOU_WAS,WAS,HOU,0,0,0,0,0,0,0,2,21,0
00-0021379,Patrick Ramsey,QB,2002,16,REG,2002_16_HOU_WAS,WAS,HOU,14,31,190,2,0,0,0,3,-1,0
00-0000210,James Allen,RB,2002,17,REG,2002_17_TEN_HOU,HOU,TEN,0,1,0,0,0,0,0,6,20,0
00-0000251,Mike Alstott,FB,2002,17,REG,2002_17_TB_CHI,TB,CHI,0,0,0,0,0,0,0,12,42,0
00-0000745,Tiki Barber,RB,2002,17,REG,2002_17_PHI_NYG,NYG,PHI,0,0,0,0,0,0,0,32,203,0
00-0000942,Fred Beasley,FB,2002,17,REG,2002_17_SF_STL,SF,LA,0,0,0,0,0,0,0,1,3,0
00-0001218,Steve Beuerlein,QB,2002,17,REG,2002_17_ARI_DEN,DEN,ARI,16,24,203,2,0,2,-12,1,0,0
00-0001335,Jeff Blake,QB,2002,17,REG,2002_17_BAL_PIT,BAL,PIT,19,26,336,2,2,3,-28,1,1,0
00-0001361,Drew Bledsoe,QB,2002,17,REG,2002_17_CIN_BUF,BUF,CIN,23,31,231,1,0,2,-6,3,8,1
00-0001477,Marty Booker,WR,2002,17,REG,2002_17_TB_CHI,CHI,TB,0,1,0,0,0,0,0,0,0,0
00-0001823,Aaron Brooks,QB,2002,17,REG,2002_17_CAR_NO,NO,CAR,12,31,145,0,2,3,-18,2,8,0
00-0002846,Larry Centers,FB,2002,17,REG,2002_17_CIN_BUF,BUF,CIN,0,0,0,0,0,0,0,1,4,1
00-0003136,Mike Cloud,RB,2002,17,REG,2002_17_KC_OAK,KC,LV,0,0,0,0,0,0,0,9,23,0
00-0003292,Kerry Collins,QB,2002,17,REG,2002_17_PHI_NYG,NYG,PHI,25,35,256,1,1,1,-8,6,8,0
00-0003535,Tim Couch,QB,2002,17,REG,2002_17_ATL_CLE,CLE,ATL,7,11,68,0,1,0,0,0,0,0
00-0003557,Scott Covington,QB,2002,17,REG,2002_17_SF_STL,LA,SF,2,5,7,0,0,2,-16,0,0,0
00-0003663,Zack Crockett,RB,2002,17,REG,2002_17_KC_OAK,LV,KC,0,0,0,0,0,0,0,11,72,1
00-0003739,Daunte Culpepper,QB,2002,17,REG,2002_17_MIN_DET,MIN,DET,21,29,312,2,1,3,-16,8,34,1
00-0004304,Corey Dillon,RB,2002,17,REG,2002_17_CIN_BUF,CIN,BUF,0,0,0,0,0,0,0,13,53,0
00-0004541,Donald Driver,WR,2002,17,REG,2002_17_GB_NYJ,GB,NYJ,0,0,0,0,0,0,0,1,-1,0
00-0004640,Warrick Dunn,RB,2002,17,REG,2002_17_ATL_CLE,ATL,CLE,0,0,0,0,0,0,0,20,67,0
00-0004673,Tim Dwight,WR,2002,17,REG,2002_17_SEA_SD,LAC,SEA,0,0,0,0,0,0,0,1,8,0
00-0004780,Troy Edwards,WR,2002,17,REG,2002_17_SF_STL,LA,SF,0,0,0,0,0,0,0,1,-8,0
00-0005091,Kevin Faulk,RB,2002,17,REG,2002_17_MIA_NE,NE,MIA,0,0,0,0,0,0,0,8,53,0
00-0005092,Marshall Faulk,RB,2002,17,REG,2002_17_SF_STL,LA,SF,0,0,0,0,0,0,0,11,43,0
00-0005106,Brett Favre,QB,2002,17,REG,2002_17_GB_NYJ,GB,NYJ,16,33,172,1,1,1,-7,2,13,0
00-0005180,Jay Fiedler,QB,2002,17,REG,2002_17_MIA_NE,MIA,NE,11,25,110,1,0,2,-7,2,9,0
00-0005620,Chris Fuamatu-Ma'afala,RB,2002,17,REG,2002_17_BAL_PIT,PIT,BAL,0,0,0,0,0,0,0,8,49,0
00-0005741,Rich Gannon,QB,2002,17,REG,2002_17_KC_OAK,LV,KC,7,14,79,1,0,1,-5,3,4,0
00-0005755,Jeff Garcia,QB,2002,17,REG,2002_17_SF_STL,SF,LA,2,3,16,0,0,0,0,2,16,0
00-0005779,Charlie Garner,RB,2002,17,REG,2002_17_KC_OAK,LV,KC,0,0,0,0,0,0,0,29,135,1
00-0005883,Eddie George,RB,2002,17,REG,2002_17_TEN_HOU,TEN,HOU,0,0,0,0,0,0,0,25,102,1
00-0006305,Ahman Green,RB,2002,17,REG,2002_17_GB_NYJ,GB,NYJ,0,0,0,0,0,0,0,14,67,0
00-0006355,Trent Green,QB,2002,17,REG,2002_17_KC_OAK,KC,LV,15,32,137,0,1,1,-5,2,9,0
00-0007024,Marvin Harrison,WR,2002,17,REG,2002_17_JAX_IND,IND,JAX,0,0,0,0,0,0,0,1,2,0
00-0007091,Matt Hasselbeck,QB,2002,17,REG,2002_17_SEA_SD,SEA,LAC,36,53,449,2,2,3,-21,7,42,1
00-0007180,Garrison Hearst,RB,2002,17,REG,2002_17_SF_STL,SF,LA,0,0,0,0,0,0,0,19,67,0
00-0007254,William Henderson,FB,2002,17,REG,2002_17_GB_NYJ,GB,NYJ,0,0,0,0,0,0,0,6,26,0
00-0007546,James Hodgins,RB,2002,17,REG,2002_17_SF_STL,LA,SF,0,0,0,0,0,0,0,1,0,0
00-0007576,Kelly Holcomb,QB,2002,17,REG,2002_17_ATL_CLE,CLE,ATL,7,14,86,1,2,3,-25,4,-1,0
00-0007579,Robert Holcombe,FB,2002,17,REG,2002_17_TEN_HOU,TEN,HOU,0,0,0,0,0,0,0,7,35,0
00-0008241,Edgerrin James,RB,2002,17,REG,2002_17_JAX_IND,IND,JAX,0,0,0,0,0,0,0,15,86,0
00-0008568,Leon Johnson,RB,2002,17,REG,2002_17_TB_CHI,CHI,TB,0,0,0,0,0,0,0,9,21,0
00-0008612,Rob Johnson,QB,2002,17,REG,2002_17_TB_CHI,TB,CHI,16,25,134,0,0,5,-23,3,29,0
00-0009311,Jon Kitna,QB,2002,17,REG,2002_17_CIN_BUF,CIN,BUF,19,35,241,0,2,2,-8,1,6,1
00-0009323,Jimmy Kleinsasser,TE,2002,17,REG,2002_17_MIN_DET,MIN,DET,0,0,0,0,0,0,0,1,3,0
00-0009829,Dorsey Levens,RB,2002,17,REG,2002_17_PHI_NYG,PHI,NYG,0,0,0,0,0,0,0,4,18,0
00-0010240,Stacey Mack,RB,2002,17,REG,2002_17_JAX_IND,JAX,IND,0,0,0,0,0,0,0,6,35,0
00-0010261,Tommy Maddox,QB,2002,17,REG,2002_17_BAL_PIT,PIT,BAL,20,30,194,2,2,4,-18,2,20,0
00-0010346,Peyton Manning,QB,2002,17,REG,2002_17_JAX_IND,IND,JAX,20,28,146,1,0,0,0,2,19,0
00-0010442,Curtis Martin,RB,2002,17,REG,2002_17_GB_NYJ,NYJ,GB,0,0,0,0,0,0,0,18,83,1
00-0010455,Jamie Martin,QB,2002,17,REG,2002_17_SF_STL,LA,SF,22,35,245,3,2,1,-8,1,0,0
00-0011024,Steve McNair,QB,2002,17,REG,2002_17_TEN_HOU,TEN,HOU,8,22,148,0,0,2,-11,3,3,0
00-0011151,Eric Metcalf,WR,2002,17,REG,2002_17_GB_NYJ,GB,NYJ,0,0,0,0,0,0,0,2,7,0
00-0012642,David Patten,WR,2002,17,REG,2002_17_MIA_NE,NE,MIA,0,1,0,0,0,0,0,0,0,0
00-0012726,Doug Pederson,QB,2002,17,REG,2002_17_GB_NYJ,GB,NYJ,6,8,43,1,0,0,0,1,-1,0
00-0012732,Rodney Peete,QB,2002,17,REG,2002_17_CAR_NO,CAR,NO,19,30,203,1,2,2,-13,2,1,0
00-0013013,Michael Pittman,RB,2002,17,REG,2002_17_TB_CHI,TB,CHI,0,0,0,0,0,0,0,21,90,0
00-0013042,Jake Plummer,QB,2002,17,REG,2002_17_ARI_DEN,ARI,DEN,13,27,132,1,0,1,-7,1,6,0
00-0014384,Cory Sauter,QB,2002,17,REG,2002_17_TB_CHI,CHI,TB,6,9,59,0,0,0,0,2,8,0
00-0014450,Cory Schlesinger,FB,2002,17,REG,2002_17_MIN_DET,DET,MIN,0,0,0,0,0,0,0,2,4,0
00-0014544,Darnay Scott,WR,2002,17,REG,2002_17_DAL_WAS,DAL,WAS,0,0,0,0,0,0,0,1,14,0
00-0015091,Antowain Smith,RB,2002,17,REG,2002_17_MIA_NE,NE,MIA,0,0,0,0,0,0,0,19,55,1
00-0015165,Emmitt Smith,RB,2002,17,REG,2002_17_DAL_WAS,DAL,WAS,0,0,0,0,0,0,0,18,13,0
00-0015218,Jimmy Smith,WR,2002,17,REG,2002_17_JAX_IND,JAX,IND,0,0,0,0,0,0,0,1,2,0
00-0015523,Duce Staley,RB,2002,17,REG,2002_17_PHI_NYG,PHI,NYG,0,0,0,0,0,0,0,17,28,0
00-0015698,James Stewart,RB,2002,17,REG,2002_17_MIN_DET,DET,MIN,0,0,0,0,0,0,0,11,25,0
00-0015830,Mack Strong,FB,2002,17,REG,2002_17_SEA_SD,SEA,LAC,0,0,0,0,0,0,0,7,32,0
00-0016098,Fred Taylor,RB,2002,17,REG,2002_17_JAX_IND,JAX,IND,0,0,0,0,0,0,0,15,73,1
00-0016193,Vinny Testaverde,QB,2002,17,REG,2002_17_GB_NYJ,NYJ,GB,1,1,14,0,0,0,0,0,0,0
00-0016440,James Thrash,WR,2002,17,REG,2002_17_PHI_NYG,PHI,NYG,0,0,0,0,0,0,0,1,20,1
00-0017486,Tyrone Wheatley,RB,2002,17,REG,2002_17_KC_OAK,LV,KC,0,0,0,0,0,0,0,17,69,0
00-0017892,Moe Williams,RB,2002,17,REG,2002_17_MIN_DET,MIN,DET,0,0,0,0,0,0,0,6,35,0
00-0017915,Ricky Williams,RB,2002,17,REG,2002_17_MIA_NE,MIA,NE,0,0,0,0,0,0,0,31,185,2
00-0018343,Frank Wycheck,TE,2002,17,REG,2002_17_TEN_HOU,TEN,HOU,0,1,0,0,0,0,0,0,0,0
00-0018501,Amos Zereoue,RB,2002,17,REG,2002_17_BAL_PIT,PIT,BAL,0,0,0,0,0,0,0,26,104,2
00-0018588,Alan Ricard,RB,2002,17,REG,2002_17_BAL_PIT,BAL,PIT,0,0,0,0,0,0,0,3,10,1
00-0018958,Laveranues Coles,WR,2002,17,REG,2002_17_GB_NYJ,NYJ,GB,0,0,0,0,0,0,0,1,21,0
00-0019057,Jamel White,RB,2002,17,REG,2002_17_ATL_CLE,CLE,ATL,0,0,0,0,0,0,0,1,2,0
00-0019100,Brad Hoover,FB,2002,17,REG,2002_17_CAR_NO,CAR,NO,0,0,0,0,0,0,0,5,12,0
00-0019453,Rod Smart,RB,2002,17,REG,2002_17_CAR_NO,CAR,NO,0,0,0,0,0,0,0,1,2,0
00-0019455,Peter Warrick,WR,2002,17,REG,2002_17_CIN_BUF,CIN,BUF,0,0,0,0,0,0,0,1,0,0
00-0019516,Troy Hambrick,RB,2002,17,REG,2002_17_DAL_WAS,DAL,WAS,0,0,0,0,0,0,0,1,6,0
00-0019539,Dante Hall,WR,2002,17,REG,2002_17_KC_OAK,KC,LV,0,0,0,0,0,0,0,1,-5,0
00-0019559,Chad Pennington,QB,2002,17,REG,2002_17_GB_NYJ,NYJ,GB,17,24,196,4,0,1,-2,2,3,0
00-0019590,Chad Morton,RB,2002,17,REG,2002_17_GB_NYJ,NYJ,GB,0,0,0,0,0,0,0,1,6,0
00-0019594,Mike Anderson,RB,2002,17,REG,2002_17_ARI_DEN,DEN,ARI,0,0,0,0,0,0,0,7,31,0
00-0019596,Tom Brady,QB,2002,17,REG,2002_17_MIA_NE,NE,MIA,25,44,221,1,1,1,-5,4,8,0
00-0019623,Tim Rattay,QB,2002,17,REG,2002_17_SF_STL,SF,LA,14,21,138,2,0,3,-18,1,-1,0
00-0019643,Ron Dayne,RB,2002,17,REG,2002_17_PHI_NYG,NYG,PHI,0,0,0,0,0,0,0,1,2,0
00-0019647,Shaun Alexander,RB,2002,17,REG,2002_17_SEA_SD,SEA,LAC,0,0,0,0,0,0,0,15,67,1
00-0019650,Dennis Northcutt,WR,2002,17,REG,2002_17_ATL_CLE,CLE,ATL,0,0,0,0,0,0,0,2,10,0
00-0019673,Paul Smith,RB,2002,17,REG,2002_17_SF_STL,SF,LA,0,0,0,0,0,0,0,3,21,0
00-0019693,Jamal Lewis,RB,2002,17,REG,2002_17_BAL_PIT,BAL,PIT,0,0,0,0,0,0,0,14,86,0
00-0019725,Rafael Cooper,RB,2002,17,REG,2002_17_MIN_DET,DET,MIN,0,0,0,0,0,0,0,1,1,0
00-0019764,Henry Burris,QB,2002,17,REG,2002_17_TB_CHI,CHI,TB,7,19,78,0,4,1,-4,4,14,0
00-0019794,Aveion Cason,RB,2002,17,REG,2002_17_MIN_DET,DET,MIN,0,0,0,0,0,0,0,1,3,0
00-0019808,Kenny Watson,RB,2002,17,REG,2002_17_DAL_WAS,WAS,DAL,0,0,0,0,0,0,0,17,58,1
00-0019831,Nick Goings,RB,2002,17,REG,2002_17_CAR_NO,CAR,NO,0,0,0,0,0,0,0,18,70,0
00-0020022,Marcel Shipp,RB,2002,17,REG,2002_17_ARI_DEN,ARI,DEN,0,0,0,0,0,0,0,17,58,0
00-0020245,Mike Vick,QB,2002,17,REG,2002_17_ATL_CLE,ATL,CLE,17,40,240,1,1,2,-14,6,38,0
00-0020305,A.J. Feeley,QB,2002,17,REG,2002_17_PHI_NYG,PHI,NYG,13,25,150,0,1,1,-6,1,-1,0
00-0020308,Mike McMahon,QB,2002,17,REG,2002_17_MIN_DET,DET,MIN,19,44,293,3,3,0,0,3,43,0
00-0020315,Derrick Blaylock,RB,2002,17,REG,2002_17_KC_OAK,KC,LV,0,0,0,0,0,0,0,3,17,0
00-0020407,Rudi Johnson,RB,2002,17,REG,2002_17_CIN_BUF,CIN,BUF,0,0,0,0,0,0,0,3,25,0
00-0020434,Chris Weinke,QB,2002,17,REG,2002_17_CAR_NO,CAR,NO,1,2,0,0,0,1,-2,0,0,0
00-0020446,Chris Chambers,WR,2002,17,REG,2002_17_MIA_NE,MIA,NE,0,0,0,0,0,0,0,3,59,0
00-0020448,Travis Minor,RB,2002,17,REG,2002_17_MIA_NE,MIA,NE,0,0,0,0,0,0,0,1,3,0
00-0020462,LaMont Jordan,RB,2002,17,REG,2002_17_GB_NYJ,NYJ,GB,0,0,0,0,0,0,0,6,2,1
00-0020471,Travis Henry,RB,2002,17,REG,2002_17_CIN_BUF,BUF,CIN,0,0,0,0,0,0,0,30,80,0
00-0020474,Kevan Barlow,RB,2002,17,REG,2002_17_SF_STL,SF,LA,0,0,0,0,0,0,0,10,87,0
00-0020494,Santana Moss,WR,2002,17,REG,2002_17_GB_NYJ,NYJ,GB,0,0,0,0,0,0,0,1,14,0
00-0020507,Heath Evans,FB,2002,17,REG,2002_17_SEA_SD,SEA,LAC,0,0,0,0,0,0,0,5,22,0
00-0020514,Michael Bennett,RB,2002,17,REG,2002_17_MIN_DET,MIN,DET,0,0,0,0,0,0,0,19,82,1
00-0020527,Deuce McAllister,RB,2002,17,REG,2002_17_CAR_NO,NO,CAR,0,0,0,0,0,1,-8,28,117,0
00-0020531,Drew Brees,QB,2002,17,REG,2002_17_SEA_SD,LAC,SEA,27,49,332,3,1,3,-26,1,10,0
00-0020536,LaDainian Tomlinson,RB,2002,17,REG,2002_17_SEA_SD,LAC,SEA,0,0,0,0,0,0,0,17,67,0
00-0020562,Chad Hutchinson,QB,2002,17,REG,2002_17_DAL_WAS,DAL,WAS,12,23,189,1,1,5,-41,2,5,0
00-0020608,David Carr,QB,2002,17,REG,2002_17_TEN_HOU,HOU,TEN,21,40,214,0,1,3,-18,3,7,0
00-0020692,Eddie Drummond,WR,2002,17,REG,2002_17_MIN_DET,DET,MIN,0,0,0,0,0,0,0,2,17,0
00-0020700,James Mungro,RB,2002,17,REG,2002_17_JAX_IND,IND,JAX,0,0,0,0,0,0,0,11,19,1
00-0020917,Joe Burns,RB,2002,17,REG,2002_17_CIN_BUF,BUF,CIN,0,0,0,0,0,0,0,4,7,0
00-0020964,Tony Fisher,RB,2002,17,REG,2002_17_GB_NYJ,GB,NYJ,0,0,0,0,0,0,0,1,3,0
00-0021150,William Green,RB,2002,17,REG,2002_17_ATL_CLE,CLE,ATL,0,0,0,0,0,0,0,27,178,2
00-0021176,Reche Caldwell,WR,2002,17,REG,2002_17_SEA_SD,LAC,SEA,1,1,20,0,0,0,0,1,3,0
00-0021179,Clinton Portis,RB,2002,17,REG,2002_17_ARI_DEN,DEN,ARI,0,0,0,0,0,0,0,24,228,2
00-0021184,Ladell Betts,RB,2002,17,REG,2002_17_DAL_WAS,WAS,DAL,0,0,0,0,0,0,0,17,98,0
00-0021190,Antwaan Randle El,WR,2002,17,REG,2002_17_BAL_PIT,PIT,BAL,0,0,0,0,0,0,0,1,2,0
00-0021206,Josh McCown,QB,2002,17,REG,2002_17_ARI_DEN,ARI,DEN,3,6,21,0,1,2,-23,1,20,0
00-0021223,Jonathan Wells,RB,2002,17,REG,2002_17_TEN_HOU,HOU,TEN,0,0,0,0,0,0,0,13,1,0
00-0021231,David Garrard,QB,2002,17,REG,2002_17_JAX_IND,JAX,IND,13,26,135,0,0,3,-23,11,44,0
00-0021306,Adrian Peterson,RB,2002,17,REG,2002_17_TB_CHI,CHI,TB,0,0,0,0,0,0,0,7,42,0
00-0021314,Chester Taylor,RB,2002,17,REG,2002_17_BAL_PIT,BAL,PIT,0,0,0,0,0,0,0,5,17,0
00-0021376,T.J. Duckett,RB,2002,17,REG,2002_17_ATL_CLE,ATL,CLE,0,0,0,0,0,0,0,1,0,0
00-0021379,Patrick Ramsey,QB,2002,17,REG,2002_17_DAL_WAS,WAS,DAL,17,31,209,0,2,1,-8,3,-5,0
00-0000339,Richie Anderson,FB,2002,18,POST,2002_18_IND_NYJ,NYJ,IND,0,0,0,0,0,0,0,1,6,0
00-0000745,Tiki Barber,RB,2002,18,POST,2002_18_NYG_SF,NYG,SF,0,0,0,0,0,0,0,26,115,1
00-0000942,Fred Beasley,FB,2002,18,POST,2002_18_NYG_SF,SF,NYG,0,0,0,0,0,0,0,3,3,0
00-0001215,Jerome Bettis,RB,2002,18,POST,2002_18_CLE_PIT,PIT,CLE,0,0,0,0,0,0,0,1,-2,0
00-0003292,Kerry Collins,QB,2002,18,POST,2002_18_NYG_SF,NYG,SF,29,43,342,4,1,2,-15,0,0,0
00-0004640,Warrick Dunn,RB,2002,18,POST,2002_18_ATL_GB,ATL,GB,0,0,0,0,0,0,0,15,64,0
00-0005106,Brett Favre,QB,2002,18,POST,2002_18_ATL_GB,GB,ATL,20,42,247,1,2,2,-14,2,-1,0
00-0005620,Chris Fuamatu-Ma'afala,RB,2002,18,POST,2002_18_CLE_PIT,PIT,CLE,0,0,0,0,0,0,0,2,4,1
00-0005755,Jeff Garcia,QB,2002,18,POST,2002_18_NYG_SF,SF,NYG,27,44,331,3,1,0,0,7,60,1
00-0006305,Ahman Green,RB,2002,18,POST,2002_18_ATL_GB,GB,ATL,0,0,0,0,0,0,0,11,34,0
00-0007180,Garrison Hearst,RB,2002,18,POST,2002_18_NYG_SF,SF,NYG,0,0,0,0,0,0,0,6,15,0
00-0007576,Kelly Holcomb,QB,2002,18,POST,2002_18_CLE_PIT,CLE,PIT,26,43,429,3,1,1,-5,2,3,0
00-0008241,Edgerrin James,RB,2002,18,POST,2002_18_IND_NYJ,IND,NYJ,0,0,0,0,0,0,0,9,14,0
00-0008560,Kevin Johnson,WR,2002,18,POST,2002_18_CLE_PIT,CLE,PIT,0,0,0,0,0,1,-15,0,0,0
00-0010261,Tommy Maddox,QB,2002,18,POST,2002_18_CLE_PIT,PIT,CLE,30,48,367,3,2,3,-24,2,7,0
00-0010346,Peyton Manning,QB,2002,18,POST,2002_18_IND_NYJ,IND,NYJ,14,31,137,0,2,1,-13,1,2,0
00-0010442,Curtis Martin,RB,2002,18,POST,2002_18_IND_NYJ,NYJ,IND,0,0,0,0,0,0,0,15,67,0
00-0012478,Terrell Owens,WR,2002,18,POST,2002_18_NYG_SF,SF,NYG,1,1,25,0,0,0,0,0,0,0
00-0015420,Jerald Sowell,FB,2002,18,POST,2002_18_IND_NYJ,NYJ,IND,0,0,0,0,0,0,0,1,2,0
00-0016193,Vinny Testaverde,QB,2002,18,POST,2002_18_IND_NYJ,NYJ,IND,0,0,0,0,0,0,0,2,-2,0
00-0017162,Hines Ward,WR,2002,18,POST,2002_18_CLE_PIT,PIT,CLE,0,0,0,0,0,0,0,1,4,0
00-0018501,Amos Zereoue,RB,2002,18,POST,2002_18_CLE_PIT,PIT,CLE,0,0,0,0,0,0,0,13,73,0
00-0018958,Laveranues Coles,WR,2002,18,POST,2002_18_IND_NYJ,NYJ,IND,0,0,0,0,0,0,0,1,-1,0
00-0019559,Chad Pennington,QB,2002,18,POST,2002_18_IND_NYJ,NYJ,IND,19,25,222,3,0,2,-6,1,3,0
00-0019590,Chad Morton,RB,2002,18,POST,2002_18_IND_NYJ,NYJ,IND,0,0,0,0,0,0,0,1,3,0
00-0019643,Ron Dayne,RB,2002,18,POST,2002_18_NYG_SF,NYG,SF,0,0,0,0,0,0,0,3,4,0
00-0019650,Dennis Northcutt,WR,2002,18,POST,2002_18_CLE_PIT,CLE,PIT,0,0,0,0,0,0,0,1,5,0
00-0020214,Matt Allen,P,2002,18,POST,2002_18_NYG_SF,NYG,SF,0,1,0,0,0,0,0,0,0,0
00-0020245,Mike Vick,QB,2002,18,POST,2002_18_ATL_GB,ATL,GB,13,25,117,1,0,0,0,10,64,0
00-0020340,Quentin McCord,WR,2002,18,POST,2002_18_ATL_GB,ATL,GB,0,0,0,0,0,0,0,2,19,0
00-0020462,LaMont Jordan,RB,2002,18,POST,2002_18_IND_NYJ,NYJ,IND,0,0,0,0,0,0,0,20,102,2
00-0020474,Kevan Barlow,RB,2002,18,POST,2002_18_NYG_SF,SF,NYG,0,0,0,0,0,0,0,4,12,1
00-0020700,James Mungro,RB,2002,18,POST,2002_18_IND_NYJ,IND,NYJ,0,0,0,0,0,0,0,4,36,0
00-0020964,Tony Fisher,RB,2002,18,POST,2002_18_ATL_GB,GB,ATL,0,0,0,0,0,0,0,6,23,0
00-0021150,William Green,RB,2002,18,POST,2002_18_CLE_PIT,CLE,PIT,0,0,0,0,0,0,0,25,30,1
00-0021190,Antwaan Randle El,WR,2002,18,POST,2002_18_CLE_PIT,PIT,CLE,0,0,0,0,0,0,0,1,3,0
00-0021376,T.J. Duckett,RB,2002,18,POST,2002_18_ATL_GB,ATL,GB,0,0,0,0,0,0,0,17,45,1
00-0000251,Mike Alstott,FB,2002,19,POST,2002_19_SF_TB,TB,SF,0,0,0,0,0,0,0,17,60,2
00-0000339,Richie Anderson,FB,2002,19,POST,2002_19_NYJ_OAK,NYJ,LV,0,0,0,0,0,0,0,2,8,0
00-0001215,Jerome Bettis,RB,2002,19,POST,2002_19_PIT_TEN,PIT,TEN,0,0,0,0,0,0,0,3,6,0
00-0003663,Zack Crockett,RB,2002,19,POST,2002_19_NYJ_OAK,LV,NYJ,0,0,0,0,0,0,0,2,7,1
00-0004640,Warrick Dunn,RB,2002,19,POST,2002_19_ATL_PHI,ATL,PHI,0,0,0,0,0,0,0,14,45,0
00-0005741,Rich Gannon,QB,2002,19,POST,2002_19_NYJ_OAK,LV,NYJ,20,30,283,2,1,2,-11,3,-3,0
00-0005755,Jeff Garcia,QB,2002,19,POST,2002_19_SF_TB,SF,TB,22,41,193,0,3,4,-27,0,0,0
00-0005779,Charlie Garner,RB,2002,19,POST,2002_19_NYJ_OAK,LV,NYJ,0,0,0,0,0,0,0,21,93,0
00-0005883,Eddie George,RB,2002,19,POST,2002_19_PIT_TEN,TEN,PIT,0,0,0,0,0,0,0,15,33,1
00-0007180,Garrison Hearst,RB,2002,19,POST,2002_19_SF_TB,SF,TB,0,0,0,0,0,0,0,10,55,0
00-0007579,Robert Holcombe,FB,2002,19,POST,2002_19_PIT_TEN,TEN,PIT,0,0,0,0,0,0,0,11,17,0
00-0008442,Brad Johnson,QB,2002,19,POST,2002_19_SF_TB,TB,SF,15,31,196,2,1,1,-9,1,5,0
00-0008612,Rob Johnson,QB,2002,19,POST,2002_19_SF_TB,TB,SF,1,1,21,0,0,0,0,1,7,0
00-0009829,Dorsey Levens,RB,2002,19,POST,2002_19_ATL_PHI,PHI,ATL,0,0,0,0,0,0,0,1,0,0
00-0010261,Tommy Maddox,QB,2002,19,POST,2002_19_PIT_TEN,PIT,TEN,21,41,266,2,1,1,-9,0,0,0
00-0010442,Curtis Martin,RB,2002,19,POST,2002_19_NYJ_OAK,NYJ,LV,0,0,0,0,0,0,0,16,74,0
00-0010500,Derrick Mason,WR,2002,19,POST,2002_19_PIT_TEN,TEN,PIT,0,0,0,0,0,0,0,2,20,0
00-0011022,Donovan McNabb,QB,2002,19,POST,2002_19_ATL_PHI,PHI,ATL,20,30,247,1,0,2,-20,4,24,0
00-0011024,Steve McNair,QB,2002,19,POST,2002_19_PIT_TEN,TEN,PIT,27,44,338,2,2,1,-7,8,29,1
00-0012261,Neil O'Donnell,QB,2002,19,POST,2002_19_PIT_TEN,TEN,PIT,0,1,0,0,0,0,0,0,0,0
00-0013013,Michael Pittman,RB,2002,19,POST,2002_19_SF_TB,TB,SF,0,0,0,0,0,0,0,17,41,0
00-0015523,Duce Staley,RB,2002,19,POST,2002_19_ATL_PHI,PHI,ATL,0,0,0,0,0,0,0,18,63,0
00-0015601,Aaron Stecker,RB,2002,19,POST,2002_19_SF_TB,TB,SF,0,0,0,0,0,0,0,2,8,0
00-0016440,James Thrash,WR,2002,19,POST,2002_19_ATL_PHI,PHI,ATL,0,0,0,0,0,0,0,2,4,0
00-0017162,Hines Ward,WR,2002,19,POST,2002_19_PIT_TEN,PIT,TEN,0,0,0,0,0,0,0,2,1,0
00-0017486,Tyrone Wheatley,RB,2002,19,POST,2002_19_NYJ_OAK,LV,NYJ,0,0,0,0,0,0,0,4,30,0
00-0018501,Amos Zereoue,RB,2002,19,POST,2002_19_PIT_TEN,PIT,TEN,0,0,0,0,0,0,0,14,49,1
00-0019087,Doug Johnson,QB,2002,19,POST,2002_19_ATL_PHI,ATL,PHI,1,1,14,0,0,0,0,0,0,0
00-0019559,Chad Pennington,QB,2002,19,POST,2002_19_NYJ_OAK,NYJ,LV,21,47,183,1,2,4,-16,2,3,0
00-0020245,Mike Vick,QB,2002,19,POST,2002_19_ATL_PHI,ATL,PHI,22,38,274,0,2,3,-27,6,30,0
00-0020340,Quentin McCord,WR,2002,19,POST,2002_19_ATL_PHI,ATL,PHI,0,0,0,0,0,0,0,2,13,0
00-0020462,LaMont Jordan,RB,2002,19,POST,2002_19_NYJ_OAK,NYJ,LV,0,0,0,0,0,0,0,2,3,0
00-0020474,Kevan Barlow,RB,2002,19,POST,2002_19_SF_TB,SF,TB,0,0,0,0,0,0,0,3,7,0
00-0020494,Santana Moss,WR,2002,19,POST,2002_19_NYJ_OAK,NYJ,LV,0,0,0,0,0,0,0,2,32,0
00-0021190,Antwaan Randle El,WR,2002,19,POST,2002_19_PIT_TEN,PIT,TEN,0,1,0,0,0,0,0,1,11,0
00-0021216,Brian Westbrook,RB,2002,19,POST,2002_19_ATL_PHI,PHI,ATL,0,0,0,0,0,0,0,1,0,0
00-0021376,T.J. Duckett,RB,2002,19,POST,2002_19_ATL_PHI,ATL,PHI,0,0,0,0,0,0,0,2,5,0
00-0000251,Mike Alstott,FB,2002,20,POST,2002_20_TB_PHI,TB,PHI,0,0,0,0,0,0,0,17,25,1
00-0003663,Zack Crockett,RB,2002,20,POST,2002_20_TEN_OAK,LV,TEN,0,0,0,0,0,0,0,1,7,1
00-0005741,Rich Gannon,QB,2002,20,POST,2002_20_TEN_OAK,LV,TEN,29,41,286,3,0,0,0,8,41,1
00-0005779,Charlie Garner,RB,2002,20,POST,2002_20_TEN_OAK,LV,TEN,0,0,0,0,0,0,0,7,36,0
00-0005883,Eddie George,RB,2002,20,POST,2002_20_TEN_OAK,TEN,LV,0,0,0,0,0,0,0,15,67,0
00-0007308,Craig Hentrich,P,2002,20,POST,2002_20_TEN_OAK,TEN,LV,0,0,0,0,0,0,0,1,-6,0
00-0007579,Robert Holcombe,FB,2002,20,POST,2002_20_TEN_OAK,TEN,LV,0,0,0,0,0,0,0,9,24,0
00-0008442,Brad Johnson,QB,2002,20,POST,2002_20_TB_PHI,TB,PHI,20,33,259,1,1,0,0,6,-2,0
00-0009829,Dorsey Levens,RB,2002,20,POST,2002_20_TB_PHI,PHI,TB,0,0,0,0,0,0,0,3,0,0
00-0011022,Donovan McNabb,QB,2002,20,POST,2002_20_TB_PHI,PHI,TB,26,49,243,0,1,2,-11,3,17,0
00-0011024,Steve McNair,QB,2002,20,POST,2002_20_TEN_OAK,TEN,LV,21,36,194,1,0,2,-20,5,53,2
00-0013013,Michael Pittman,RB,2002,20,POST,2002_20_TB_PHI,TB,PHI,0,0,0,0,0,0,0,8,17,0
00-0015523,Duce Staley,RB,2002,20,POST,2002_20_TB_PHI,PHI,TB,0,0,0,0,0,0,0,13,58,1
00-0015601,Aaron Stecker,RB,2002,20,POST,2002_20_TB_PHI,TB,PHI,0,0,0,0,0,0,0,1,9,0
00-0017486,Tyrone Wheatley,RB,2002,20,POST,2002_20_TEN_OAK,LV,TEN,0,0,0,0,0,0,0,1,5,0
00-0021216,Brian Westbrook,RB,2002,20,POST,2002_20_TB_PHI,PHI,TB,0,0,0,0,0,0,0,2,5,0
00-0000251,Mike Alstott,FB,2002,21,POST,2002_21_OAK_TB,TB,LV,0,0,0,0,0,0,0,10,15,1
00-0003663,Zack Crockett,RB,2002,21,POST,2002_21_OAK_TB,LV,TB,0,0,0,0,0,0,0,2,6,0
00-0005741,Rich Gannon,QB,2002,21,POST,2002_21_OAK_TB,LV,TB,24,44,272,2,5,5,-22,2,3,0
00-0005779,Charlie Garner,RB,2002,21,POST,2002_21_OAK_TB,LV,TB,0,0,0,0,0,0,0,7,10,0
00-0008442,Brad Johnson,QB,2002,21,POST,2002_21_OAK_TB,TB,LV,18,34,215,2,1,0,0,1,10,0
00-0013013,Michael Pittman,RB,2002,21,POST,2002_21_OAK_TB,TB,LV,0,0,0,0,0,0,0,29,124,0
00-0015601,Aaron Stecker,RB,2002,21,POST,2002_21_OAK_TB,TB,LV,0,0,0,0,0,0,0,1,1,0
00-0016683,Tom Tupa,P,2002,21,POST,2002_21_OAK_TB,TB,LV,0,0,0,0,0,0,0,1,0,0
