player_id,player_display_name,position,season,week,season_type,game_id,team,opponent_team,completions,attempts,passing_yards,passing_tds,passing_interceptions,sacks_suffered,sack_yards_lost,carries,rushing_yards,rushing_tds,rushing_first_downs,rushing_fumbles_lost,receptions,targets,receiving_yards,receiving_tds,receiving_first_downs,receiving_fumbles_lost,fg_made,fg_att,fg_long,fg_made_0_19,fg_made_20_29,fg_made_30_39,fg_made_40_49,fg_made_50_59,fg_made_60_,pat_made,pat_att,pt_att,pt_yards,pt_net_yards,pt_long,pt_inside_20
00-0000003,Abdul-Karim al-Jabbar,RB,1999,1,REG,1999_01_MIA_DEN,MIA,DEN,0,0,0,0,0,0,0,16,60,1,4,0,1,1,7,0,0,0,0,0,,0,0,0,0,0,0,0,0,0,0,0,,0
00-0000007,Rabih Abdullah,RB,1999,1,REG,1999_01_NYG_TB,TB,NYG,0,0,0,0,0,0,0,1,0,0,0,0,0,0,0,0,0,0,0,0,,0,0,0,0,0,0,0,0,0,0,0,,0
00-0000104,Troy Aikman,QB,1999,1,REG,1999_01_DAL_WAS,DAL,WAS,28,49,362,5,3,1,-7,2,4,0,1,0,0,0,0,0,0,0,0,0,,0,0,0,0,0,0,0,0,0,0,0,,0
00-0000145,Derrick Alexander,WR,1999,1,REG,1999_01_KC_CHI,KC,CHI,0,0,0,0,0,0,0,0,0,0,0,0,6,10,154,1,4,0,0,0,,0,0,0,0,0,0,0,0,0,0,0,,0
00-0000166,Stephen Alexander,TE,1999,1,REG,1999_01_DAL_WAS,WAS,DAL,0,0,0,0,0,0,0,0,0,0,0,0,1,1,5,0,1,0,0,0,,0,0,0,0,0,0,0,0,0,0,0,,0
00-0000232,Terry Allen,RB,1999,1,REG,1999_01_NE_NYJ,NE,NYJ,0,0,0,0,0,0,0,15,54,1,3,0,1,1,-5,0,0,0,0,0,,0,0,0,0,0,0,0,0,0,0,0,,0
00-0000242,John Allred,TE,1999,1,REG,1999_01_KC_CHI,CHI,KC,0,0,0,0,0,0,0,0,0,0,0,0,1,1,1,1,1,0,0,0,,0,0,0,0,0,0,0,0,0,0,0,,0
00-0000251,Mike Alstott,FB,1999,1,REG,1999_01_NYG_TB,TB,NYG,0,0,0,0,0,0,0,9,12,0,1,0,2,3,25,0,2,0,0,0,,0,0,0,0,0,0,0,0,0,0,0,,0
00-0000279,Kimble Anders,RB,1999,1,REG,1999_01_KC_CHI,KC,CHI,0,0,0,0,0,0,0,10,39,0,2,0,2,5,14,0,1,0,0,0,,0,0,0,0,0,0,0,0,0,0,0,,0
00-0000282,Morten Andersen,K,1999,1,REG,1999_01_MIN_ATL,ATL,MIN,0,0,0,0,0,0,0,0,0,0,0,0,0,0,0,0,0,0,0,2,,0,0,0,0,0,0,2,2,0,0,0,,0
00-0000313,Gary Anderson,K,1999,1,REG,1999_01_MIN_ATL,MIN,ATL,0,0,0,0,0,0,0,0,0,0,0,0,0,0,0,0,0,0,1,3,36,0,0,1,0,0,0,2,2,0,0,0,,0
00-0000316,Jamal Anderson,RB,1999,1,REG,1999_01_MIN_ATL,ATL,MIN,0,0,0,0,0,0,0,16,50,0,1,0,2,2,34,0,1,0,0,0,,0,0,0,0,0,0,0,0,0,0,0,,0
00-0000339,Richie Anderson,FB,1999,1,REG,1999_01_NE_NYJ,NYJ,NE,0,0,0,0,0,0,0,1,16,0,1,0,1,1,27,1,1,0,0,0,,0,0,0,0,0,0,0,0,0,0,0,,0
00-0000387,Reidel Anthony,WR,1999,1,REG,1999_01_NYG_TB,TB,NYG,0,0,0,0,0,0,0,0,0,0,0,0,2,4,10,0,1,0,0,0,,0,0,0,0,0,0,0,0,0,0,0,,0
00-0000400,Leo Araguz,P,1999,1,REG,1999_01_OAK_GB,LV,GB,0,0,0,0,0,0,0,0,0,0,0,0,0,0,0,0,0,0,0,0,,0,0,0,0,0,0,0,0,5,208,148,55,1
00-0000541,John Avery,RB,1999,1,REG,1999_01_MIA_DEN,MIA,DEN,0,0,0,0,0,0,0,0,0,0,0,0,0,2,0,0,0,0,0,0,,0,0,0,0,0,0,0,0,0,0,0,,0
00-0000721,Tavian Banks,RB,1999,1,REG,1999_01_SF_JAX,JAX,SF,0,0,0,0,0,0,0,2,-2,0,0,0,0,0,0,0,0,0,0,0,,0,0,0,0,0,0,0,0,0,0,0,,0
00-0000745,Tiki Barber,RB,1999,1,REG,1999_01_NYG_TB,NYG,TB,0,0,0,0,0,0,0,0,0,0,0,0,0,1,0,0,0,0,0,0,,0,0,0,0,0,0,0,0,0,0,0,,0
00-0000754,Bryan Barker,P,1999,1,REG,1999_01_SF_JAX,JAX,SF,0,0,0,0,0,0,0,0,0,0,0,0,0,0,0,0,0,0,0,0,,0,0,0,0,0,0,0,0,5,217,179,64,1
00-0000765,Reggie Barlow,WR,1999,1,REG,1999_01_SF_JAX,JAX,SF,0,0,0,0,0,0,0,0,0,0,0,0,2,3,41,0,1,0,0,0,,0,0,0,0,0,0,0,0,0,0,0,,0
00-0000811,Tommy Barnhardt,P,1999,1,REG,1999_01_CAR_NO,NO,CAR,0,0,0,0,0,0,0,0,0,0,0,0,0,0,0,0,0,0,0,0,,0,0,0,0,0,0,0,0,10,362,340,45,1
00-0000838,Brent Bartholomew,P,1999,1,REG,1999_01_MIA_DEN,MIA,DEN,0,0,0,0,0,0,0,0,0,0,0,0,0,0,0,0,0,0,0,0,,0,0,0,0,0,0,0,0,4,174,151,47,1
00-0000865,Charlie Batch,QB,1999,1,REG,1999_01_DET_SEA,DET,SEA,16,26,216,3,1,5,-14,3,-3,0,0,0,0,0,0,0,0,0,0,0,,0,0,0,0,0,0,0,0,0,0,0,,0
00-0000871,Mario Bates,RB,1999,1,REG,1999_01_ARI_PHI,ARI,PHI,0,0,0,0,0,0,0,4,6,1,2,0,0,0,0,0,0,0,0,0,,0,0,0,0,0,0,0,0,0,0,0,,0
00-0000872,Michael Bates,WR,1999,1,REG,1999_01_CAR_NO,CAR,NO,0,0,0,0,0,0,0,0,0,0,0,0,1,1,2,0,0,0,0,0,,0,0,0,0,0,0,0,0,0,0,0,,0
00-0000911,Fred Baxter,TE,1999,1,REG,1999_01_NE_NYJ,NYJ,NE,0,0,0,0,0,0,0,0,0,0,0,0,1,1,7,1,1,0,0,0,,0,0,0,0,0,0,0,0,0,0,0,,0
00-0001103,Edgar Bennett,RB,1999,1,REG,1999_01_KC_CHI,CHI,KC,0,0,0,0,0,0,0,0,0,0,0,0,0,1,0,0,0,0,0,0,,0,0,0,0,0,0,0,0,0,0,0,,0
00-0001112,Sean Bennett,RB,1999,1,REG,1999_01_NYG_TB,NYG,TB,0,0,0,0,0,0,0,13,24,0,1,0,1,2,7,0,0,0,0,0,,0,0,0,0,0,0,0,0,0,0,0,,0
00-0001157,Mitch Berger,P,1999,1,REG,1999_01_MIN_ATL,MIN,ATL,0,0,0,0,0,0,0,0,0,0,0,0,0,0,0,0,0,0,0,0,,0,0,0,0,0,0,0,0,3,121,101,46,1
00-0001215,Jerome Bettis,RB,1999,1,REG,1999_01_PIT_CLE,PIT,CLE,0,0,0,0,0,0,0,18,89,0,3,0,1,1,2,0,0,0,0,0,,0,0,0,0,0,0,0,0,0,0,0,,0
00-0001218,Steve Beuerlein,QB,1999,1,REG,1999_01_CAR_NO,CAR,NO,16,32,207,1,1,7,-46,1,8,0,0,0,0,0,0,0,0,0,0,0,,0,0,0,0,0,0,0,0,0,0,0,,0
00-0001224,Tim Biakabutuka,RB,1999,1,REG,1999_01_CAR_NO,CAR,NO,0,0,0,0,0,0,0,8,45,0,2,0,1,2,5,0,0,0,0,0,,0,0,0,0,0,0,0,0,0,0,0,,0
00-0001281,Eric Bjornson,TE,1999,1,REG,1999_01_DAL_WAS,DAL,WAS,0,0,0,0,0,0,0,0,0,0,0,0,1,1,13,0,1,0,0,0,,0,0,0,0,0,0,0,0,0,0,0,,0
00-0001317,Will Blackwell,WR,1999,1,REG,1999_01_PIT_CLE,PIT,CLE,0,0,0,0,0,0,0,0,0,0,0,0,2,2,18,0,1,0,0,0,,0,0,0,0,0,0,0,0,0,0,0,,0
00-0001335,Jeff Blake,QB,1999,1,REG,1999_01_CIN_TEN,CIN,TEN,18,31,182,2,2,1,0,11,90,0,7,0,0,0,0,0,0,0,0,0,,0,0,0,0,0,0,0,0,0,0,0,,0
00-0001361,Drew Bledsoe,QB,1999,1,REG,1999_01_NE_NYJ,NE,NYJ,21,30,340,1,1,2,-14,1,-1,0,0,0,0,0,0,0,0,0,0,0,,0,0,0,0,0,0,0,0,0,0,0,,0
00-0001532,David Boston,WR,1999,1,REG,1999_01_ARI_PHI,ARI,PHI,0,0,0,0,0,0,0,1,1,0,0,0,4,6,21,0,1,0,0,0,,0,0,0,0,0,0,0,0,0,0,0,,0
00-0001582,Fabien Bownes,WR,1999,1,REG,1999_01_DET_SEA,SEA,DET,0,0,0,0,0,0,0,0,0,0,0,0,1,1,9,0,0,0,0,0,,0,0,0,0,0,0,0,0,0,0,0,,0
00-0001627,Corey Bradford,WR,1999,1,REG,1999_01_OAK_GB,GB,LV,0,0,0,0,0,0,0,0,0,0,0,0,2,3,27,1,2,0,0,0,,0,0,0,0,0,0,0,0,0,0,0,,0
00-0001661,Kyle Brady,TE,1999,1,REG,1999_01_SF_JAX,JAX,SF,0,0,0,0,0,0,0,0,0,0,0,0,2,3,13,0,0,0,0,0,,0,0,0,0,0,0,0,0,0,0,0,,0
00-0001752,Will Brice,P,1999,1,REG,1999_01_CIN_TEN,CIN,TEN,0,0,0,0,0,0,0,0,0,0,0,0,0,0,0,0,0,0,0,0,,0,0,0,0,0,0,0,0,3,132,70,72,1
00-0001759,Doug Brien,K,1999,1,REG,1999_01_CAR_NO,NO,CAR,0,0,0,0,0,0,0,0,0,0,0,0,0,0,0,0,0,0,2,2,46,0,1,0,1,0,0,1,2,0,0,0,,0
00-0001766,Jeremy Brigham,TE,1999,1,REG,1999_01_OAK_GB,LV,GB,0,0,0,0,0,0,0,0,0,0,0,0,1,2,4,0,0,0,0,0,,0,0,0,0,0,0,0,0,0,0,0,,0
00-0001842,Macey Brooks,WR,1999,1,REG,1999_01_KC_CHI,CHI,KC,0,0,0,0,0,0,0,0,0,0,0,0,2,3,28,0,1,0,0,0,,0,0,0,0,0,0,0,0,0,0,0,,0
00-0001862,Luther Broughton,TE,1999,1,REG,1999_01_ARI_PHI,PHI,ARI,0,0,0,0,0,0,0,0,0,0,0,0,3,5,29,1,2,0,0,0,,0,0,0,0,0,0,0,0,0,0,0,,0
00-0001980,Kris Brown,K,1999,1,REG,1999_01_PIT_CLE,PIT,CLE,0,0,0,0,0,0,0,0,0,0,0,0,0,0,0,0,0,0,3,3,28,2,1,0,0,0,0,4,5,0,0,0,,0
00-0002027,Reggie Brown,FB,1999,1,REG,1999_01_DET_SEA,SEA,DET,0,0,0,0,0,0,0,1,3,0,0,0,5,6,25,0,2,0,0,0,,0,0,0,0,0,0,0,0,0,0,0,,0
00-0002058,Tim Brown,WR,1999,1,REG,1999_01_OAK_GB,LV,GB,0,0,0,0,0,0,0,0,0,0,0,0,4,7,51,0,3,0,0,0,,0,0,0,0,0,0,0,0,0,0,0,,0
00-0002068,Troy Brown,WR,1999,1,REG,1999_01_NE_NYJ,NE,NYJ,0,0,0,0,0,0,0,0,0,0,0,0,2,5,33,0,2,0,0,0,,0,0,0,0,0,0,0,0,0,0,0,,0
00-0002102,Mark Bruener,TE,1999,1,REG,1999_01_PIT_CLE,PIT,CLE,0,0,0,0,0,0,0,0,0,0,0,0,0,1,0,0,0,0,0,0,,0,0,0,0,0,0,0,0,0,0,0,,0
00-0002110,Mark Brunell,QB,1999,1,REG,1999_01_SF_JAX,JAX,SF,22,30,265,1,0,2,-18,2,12,0,1,0,0,0,0,0,0,0,0,0,,0,0,0,0,0,0,0,0,0,0,0,,0
00-0002544,Chris Calloway,WR,1999,1,REG,1999_01_MIN_ATL,ATL,MIN,0,0,0,0,0,0,0,0,0,0,0,0,5,7,84,1,5,0,0,0,,0,0,0,0,0,0,0,0,0,0,0,,0
00-0002701,Rae Carruth,WR,1999,1,REG,1999_01_CAR_NO,CAR,NO,0,0,0,0,0,0,0,0,0,0,0,0,5,8,63,0,2,0,0,0,,0,0,0,0,0,0,0,0,0,0,0,,0
00-0002709,Dwayne Carswell,OT,1999,1,REG,1999_01_MIA_DEN,DEN,MIA,0,0,0,0,0,0,0,0,0,0,0,0,0,1,0,0,0,0,0,0,,0,0,0,0,0,0,0,0,0,0,0,,0
00-0002721,Cris Carter,WR,1999,1,REG,1999_01_MIN_ATL,MIN,ATL,0,0,0,0,0,0,0,0,0,0,0,0,7,10,70,1,5,0,0,0,,0,0,0,0,0,0,0,0,0,0,0,,0
00-0002743,Ki-Jana Carter,RB,1999,1,REG,1999_01_CIN_TEN,CIN,TEN,0,0,0,0,0,0,0,6,15,1,1,0,1,2,11,0,1,0,0,0,,0,0,0,0,0,0,0,0,0,0,0,,0
00-0002846,Larry Centers,FB,1999,1,REG,1999_01_DAL_WAS,WAS,DAL,0,0,0,0,0,0,0,1,2,0,0,0,6,12,42,0,3,0,0,0,,0,0,0,0,0,0,0,0,0,0,0,,0
00-0002861,Byron Chamberlain,TE,1999,1,REG,1999_01_MIA_DEN,DEN,MIA,0,0,0,0,0,0,0,0,0,0,0,0,4,6,52,0,4,0,0,0,,0,0,0,0,0,0,0,0,0,0,0,,0
00-0002876,Chris Chandler,QB,1999,1,REG,1999_01_MIN_ATL,ATL,MIN,17,30,258,1,0,2,-12,3,21,0,1,0,0,0,0,0,0,0,0,0,,0,0,0,0,0,0,0,0,0,0,0,,0
00-0002958,Mark Chmura,TE,1999,1,REG,1999_01_OAK_GB,GB,LV,0,0,0,0,0,0,0,0,0,0,0,0,4,7,44,0,3,0,0,0,,0,0,0,0,0,0,0,0,0,0,0,,0
00-0002970,Bob Christian,FB,1999,1,REG,1999_01_MIN_ATL,ATL,MIN,0,0,0,0,0,0,0,1,1,1,1,0,1,2,14,0,1,0,0,0,,0,0,0,0,0,0,0,0,0,0,0,,0
00-0002975,Steve Christie,K,1999,1,REG,1999_01_BUF_IND,BUF,IND,0,0,0,0,0,0,0,0,0,0,0,0,0,0,0,0,0,0,2,2,36,0,1,1,0,0,0,0,0,0,0,0,,0
00-0003142,Ben Coates,TE,1999,1,REG,1999_01_NE_NYJ,NE,NYJ,0,0,0,0,0,0,0,0,0,0,0,0,3,4,51,0,3,0,0,0,,0,0,0,0,0,0,0,0,0,0,0,,0
00-0003378,Albert Connell,WR,1999,1,REG,1999_01_DAL_WAS,WAS,DAL,0,0,0,0,0,0,0,1,8,0,1,0,4,5,137,1,4,0,0,0,,0,0,0,0,0,0,0,0,0,0,0,,0
00-0003395,Brett Conway,K,1999,1,REG,1999_01_DAL_WAS,WAS,DAL,0,1,0,0,0,0,0,0,0,0,0,0,0,0,0,0,0,0,2,2,42,0,1,0,1,0,0,3,3,0,0,0,,0
00-0003396,Curtis Conway,WR,1999,1,REG,1999_01_KC_CHI,CHI,KC,0,0,0,0,0,0,0,0,0,0,0,0,9,12,88,0,4,0,0,0,,0,0,0,0,0,0,0,0,0,0,0,,0
00-0003535,Tim Couch,QB,1999,1,REG,1999_01_PIT_CLE,CLE,PIT,0,3,0,0,1,1,-7,0,0,0,0,0,0,0,0,0,0,0,0,0,,0,0,0,0,0,0,0,0,0,0,0,,0
00-0003557,Scott Covington,QB,1999,1,REG,1999_01_CIN_TEN,CIN,TEN,1,1,4,0,0,0,0,0,0,0,0,0,0,0,0,0,0,0,0,0,,0,0,0,0,0,0,0,0,0,0,0,,0
00-0003610,Aaron Craver,FB,1999,1,REG,1999_01_CAR_NO,NO,CAR,0,0,0,0,0,0,0,5,16,0,0,0,4,6,23,0,2,0,0,0,,0,0,0,0,0,0,0,0,0,0,0,,0
00-0003681,Howard Cross,TE,1999,1,REG,1999_01_NYG_TB,NYG,TB,0,0,0,0,0,0,0,0,0,0,0,0,0,1,0,0,0,0,0,0,,0,0,0,0,0,0,0,0,0,0,0,,0
00-0003700,Germane Crowell,WR,1999,1,REG,1999_01_DET_SEA,DET,SEA,0,0,0,0,0,0,0,0,0,0,0,0,7,11,141,2,6,0,0,0,,0,0,0,0,0,0,0,0,0,0,0,,0
00-0003715,Carlester Crumpler,TE,1999,1,REG,1999_01_MIN_ATL,MIN,ATL,0,0,0,0,0,0,0,0,0,0,0,0,1,1,4,0,0,0,0,0,,0,0,0,0,0,0,0,0,0,0,0,,0
00-0003761,Randall Cunningham,QB,1999,1,REG,1999_01_MIN_ATL,MIN,ATL,22,33,184,1,0,0,0,3,12,0,1,0,0,0,0,0,0,0,0,0,,0,0,0,0,0,0,0,0,0,0,0,,0
00-0003762,Richie Cunningham,K,1999,1,REG,1999_01_DAL_WAS,DAL,WAS,0,0,0,0,0,0,0,0,0,0,0,0,0,0,0,0,0,0,0,0,,0,0,0,0,0,0,5,5,0,0,0,,0
00-0003841,Brad Daluiso,K,1999,1,REG,1999_01_NYG_TB,NYG,TB,0,0,0,0,0,0,0,0,0,0,0,0,0,0,0,0,0,0,1,1,36,0,0,1,0,0,0,2,2,0,0,0,,0
00-0004052,Stephen Davis,RB,1999,1,REG,1999_01_DAL_WAS,WAS,DAL,0,0,0,0,0,0,0,24,109,2,6,1,1,2,5,0,0,0,0,0,,0,0,0,0,0,0,0,0,0,0,0,,0
00-0004054,Terrell Davis,RB,1999,1,REG,1999_01_MIA_DEN,DEN,MIA,0,0,0,0,0,0,0,19,61,0,2,0,1,1,8,0,1,0,0,0,,0,0,0,0,0,0,0,0,0,0,0,,0
00-0004060,Troy Davis,RB,1999,1,REG,1999_01_CAR_NO,NO,CAR,0,0,0,0,0,0,0,9,18,0,2,0,0,0,0,0,0,0,0,0,,0,0,0,0,0,0,0,0,0,0,0,,0
00-0004063,Tyrone Davis,TE,1999,1,REG,1999_01_OAK_GB,GB,LV,0,0,0,0,0,0,0,0,0,0,0,0,2,2,50,0,2,0,0,0,,0,0,0,0,0,0,0,0,0,0,0,,0
00-0004077,Sean Dawkins,WR,1999,1,REG,1999_01_DET_SEA,SEA,DET,0,0,0,0,0,0,0,0,0,0,0,0,7,9,85,2,5,1,0,0,,0,0,0,0,0,0,0,0,0,0,0,,0
00-0004147,Al Del Greco,K,1999,1,REG,1999_01_CIN_TEN,TEN,CIN,0,0,0,0,0,0,0,0,0,0,0,0,0,0,0,0,0,0,2,2,50,0,0,1,0,1,0,4,4,0,0,0,,0
00-0004230,Ty Detmer,QB,1999,1,REG,1999_01_PIT_CLE,CLE,PIT,6,13,52,0,1,2,-14,1,-1,0,0,0,0,0,0,0,0,0,0,0,,0,0,0,0,0,0,0,0,0,0,0,,0
00-0004293,Trent Dilfer,QB,1999,1,REG,1999_01_NYG_TB,TB,NYG,15,31,174,1,3,2,-11,1,4,0,0,0,0,0,0,0,0,0,0,0,,0,0,0,0,0,0,0,0,0,0,0,,0
00-0004294,Ken Dilger,TE,1999,1,REG,1999_01_BUF_IND,IND,BUF,0,0,0,0,0,0,0,0,0,0,0,0,2,2,19,0,1,0,0,0,,0,0,0,0,0,0,0,0,0,0,0,,0
00-0004304,Corey Dillon,RB,1999,1,REG,1999_01_CIN_TEN,CIN,TEN,0,0,0,0,0,0,0,21,66,1,3,0,2,3,11,0,0,0,0,0,,0,0,0,0,0,0,0,0,0,0,0,,0
00-0004386,Chris Doering,WR,1999,1,REG,1999_01_MIA_DEN,DEN,MIA,0,0,0,0,0,0,0,0,0,0,0,0,3,3,22,0,2,0,0,0,,0,0,0,0,0,0,0,0,0,0,0,,0
00-0004524,Troy Drayton,TE,1999,1,REG,1999_01_MIA_DEN,MIA,DEN,0,0,0,0,0,0,0,0,0,0,0,0,2,3,21,0,2,0,0,0,,0,0,0,0,0,0,0,0,0,0,0,,0
00-0004574,Rickey Dudley,TE,1999,1,REG,1999_01_OAK_GB,LV,GB,0,0,0,0,0,0,0,0,0,0,0,0,0,1,0,0,0,0,0,0,,0,0,0,0,0,0,0,0,0,0,0,,0
00-0004640,Warrick Dunn,RB,1999,1,REG,1999_01_NYG_TB,TB,NYG,0,0,0,0,0,0,0,15,46,0,2,0,3,5,26,0,2,0,0,0,,0,0,0,0,0,0,0,0,0,0,0,,0
00-0004694,Kevin Dyson,WR,1999,1,REG,1999_01_CIN_TEN,TEN,CIN,0,0,0,0,0,0,0,0,0,0,0,0,9,13,162,2,8,0,0,0,,0,0,0,0,0,0,0,0,0,0,0,,0
00-0004705,Quinn Early,WR,1999,1,REG,1999_01_NE_NYJ,NYJ,NE,0,0,0,0,0,0,0,0,0,0,0,0,0,2,0,0,0,0,0,0,,0,0,0,0,0,0,0,0,0,0,0,,0
00-0004768,Marc Edwards,FB,1999,1,REG,1999_01_PIT_CLE,CLE,PIT,0,0,0,0,0,0,0,1,1,0,0,0,1,1,5,0,0,0,0,0,,0,0,0,0,0,0,0,0,0,0,0,,0
00-0004780,Troy Edwards,WR,1999,1,REG,1999_01_PIT_CLE,PIT,CLE,0,0,0,0,0,0,0,0,0,0,0,0,4,5,45,0,3,0,0,0,,0,0,0,0,0,0,0,0,0,0,0,,0
00-0004811,Jason Elam,K,1999,1,REG,1999_01_MIA_DEN,DEN,MIA,0,0,0,0,0,0,0,0,0,0,0,0,0,0,0,0,0,0,0,2,,0,0,0,0,0,0,3,3,0,0,0,,0
00-0004888,Bert Emanuel,WR,1999,1,REG,1999_01_NYG_TB,TB,NYG,0,0,0,0,0,0,0,0,0,0,0,0,3,12,53,0,2,0,0,0,,0,0,0,0,0,0,0,0,0,0,0,,0
00-0004915,Bobby Engram,WR,1999,1,REG,1999_01_KC_CHI,CHI,KC,0,0,0,0,0,0,0,1,9,0,1,0,6,8,53,0,2,0,0,0,,0,0,0,0,0,0,0,0,0,0,0,,0
00-0004916,Curtis Enis,RB,1999,1,REG,1999_01_KC_CHI,CHI,KC,0,0,0,0,0,0,0,22,64,0,4,0,5,8,69,1,3,0,0,0,,0,0,0,0,0,0,0,0,0,0,0,,0
00-0005060,Chad Fann,TE,1999,1,REG,1999_01_SF_JAX,SF,JAX,0,0,0,0,0,0,0,0,0,0,0,0,0,2,0,0,0,0,0,0,,0,0,0,0,0,0,0,0,0,0,0,,0
00-0005091,Kevin Faulk,RB,1999,1,REG,1999_01_NE_NYJ,NE,NYJ,0,0,0,0,0,0,0,10,17,0,0,0,1,2,8,0,0,0,0,0,,0,0,0,0,0,0,0,0,0,0,0,,0
00-0005101,Christian Fauria,TE,1999,1,REG,1999_01_DET_SEA,SEA,DET,0,0,0,0,0,0,0,0,0,0,0,0,0,1,0,0,0,0,0,0,,0,0,0,0,0,0,0,0,0,0,0,,0
00-0005106,Brett Favre,QB,1999,1,REG,1999_01_OAK_GB,GB,LV,28,47,333,4,3,3,-15,2,13,0,0,0,0,0,0,0,0,0,0,0,,0,0,0,0,0,0,0,0,0,0,0,,0
00-0005113,Jeff Feagles,P,1999,1,REG,1999_01_DET_SEA,SEA,DET,0,0,0,0,0,0,0,1,0,0,0,0,0,0,0,0,0,0,0,0,,0,0,0,0,0,0,0,0,6,286,275,54,2
00-0005180,Jay Fiedler,QB,1999,1,REG,1999_01_SF_JAX,JAX,SF,0,1,0,0,0,0,0,2,-2,0,0,0,0,0,0,0,0,0,0,0,,0,0,0,0,0,0,0,0,0,0,0,,0
00-0005231,Brian Finneran,WR,1999,1,REG,1999_01_ARI_PHI,PHI,ARI,0,0,0,0,0,0,0,0,0,0,0,0,1,3,10,0,0,0,0,0,,0,0,0,0,0,0,0,0,0,0,0,,0
00-0005361,William Floyd,FB,1999,1,REG,1999_01_CAR_NO,CAR,NO,0,0,0,0,0,0,0,1,2,0,0,0,0,0,0,0,0,0,0,0,,0,0,0,0,0,0,0,0,0,0,0,,0
00-0005363,Doug Flutie,QB,1999,1,REG,1999_01_BUF_IND,BUF,IND,22,42,300,1,2,5,-26,4,24,0,1,0,0,0,0,0,0,0,0,0,,0,0,0,0,0,0,0,0,0,0,0,,0
00-0005562,Antonio Freeman,WR,1999,1,REG,1999_01_OAK_GB,GB,LV,0,0,0,0,0,0,0,0,0,0,0,0,7,9,111,1,5,0,0,0,,0,0,0,0,0,0,0,0,0,0,0,,0
00-0005616,Irving Fryar,WR,1999,1,REG,1999_01_DAL_WAS,WAS,DAL,0,0,0,0,0,0,0,0,0,0,0,0,3,4,34,0,2,0,0,0,,0,0,0,0,0,0,0,0,0,0,0,,0
00-0005741,Rich Gannon,QB,1999,1,REG,1999_01_OAK_GB,LV,GB,16,31,227,0,1,4,-17,1,6,0,0,0,0,0,0,0,0,0,0,0,,0,0,0,0,0,0,0,0,0,0,0,,0
00-0005755,Jeff Garcia,QB,1999,1,REG,1999_01_SF_JAX,SF,JAX,5,9,45,0,1,2,-14,0,0,0,0,0,0,0,0,0,0,0,0,0,,0,0,0,0,0,0,0,0,0,0,0,,0
00-0005771,Chris Gardocki,P,1999,1,REG,1999_01_PIT_CLE,CLE,PIT,0,0,0,0,0,0,0,0,0,0,0,0,0,0,0,0,0,0,0,0,,0,0,0,0,0,0,0,0,6,285,228,60,0
00-0005779,Charlie Garner,RB,1999,1,REG,1999_01_SF_JAX,SF,JAX,0,0,0,0,0,0,0,11,61,0,2,0,1,3,14,0,1,0,0,0,,0,0,0,0,0,0,0,0,0,0,0,,0
00-0005822,Sam Gash,FB,1999,1,REG,1999_01_BUF_IND,BUF,IND,0,0,0,0,0,0,0,0,0,0,0,0,1,1,12,0,1,0,0,0,,0,0,0,0,0,0,0,0,0,0,0,,0
00-0005883,Eddie George,RB,1999,1,REG,1999_01_CIN_TEN,TEN,CIN,0,0,0,0,0,0,0,12,42,0,1,1,3,4,37,1,1,0,0,0,,0,0,0,0,0,0,0,0,0,0,0,,0
00-0006043,Terry Glenn,WR,1999,1,REG,1999_01_NE_NYJ,NE,NYJ,0,0,0,0,0,0,0,0,0,0,0,0,7,7,113,0,4,0,0,0,,0,0,0,0,0,0,0,0,0,0,0,,0
00-0006047,Andrew Glover,TE,1999,1,REG,1999_01_MIN_ATL,MIN,ATL,0,0,0,0,0,0,0,0,0,0,0,0,3,3,37,0,2,0,0,0,,0,0,0,0,0,0,0,0,0,0,0,,0
00-0006100,Pete Gonzalez,QB,1999,1,REG,1999_01_PIT_CLE,PIT,CLE,1,1,8,0,0,0,0,2,-3,0,0,0,0,0,0,0,0,0,0,0,,0,0,0,0,0,0,0,0,0,0,0,,0
00-0006181,Toby Gowin,P,1999,1,REG,1999_01_DAL_WAS,DAL,WAS,0,0,0,0,0,0,0,0,0,0,0,0,0,0,0,0,0,0,0,0,,0,0,0,0,0,0,0,0,4,168,120,52,0
00-0006182,Brian Gowins,K,1999,1,REG,1999_01_KC_CHI,CHI,KC,0,0,0,0,0,0,0,0,0,0,0,0,0,0,0,0,0,0,2,2,24,0,2,0,0,0,0,2,2,0,0,0,,0
00-0006212,Kent Graham,QB,1999,1,REG,1999_01_NYG_TB,NYG,TB,12,24,91,0,0,2,-12,6,2,0,0,0,0,0,0,0,0,0,0,0,,0,0,0,0,0,0,0,0,0,0,0,,0
00-0006223,Martin Gramatica,K,1999,1,REG,1999_01_NYG_TB,TB,NYG,0,0,0,0,0,0,0,0,0,0,0,0,0,0,0,0,0,0,2,2,36,0,1,1,0,0,0,1,1,0,0,0,,0
00-0006299,Tony Graziani,QB,1999,1,REG,1999_01_MIN_ATL,ATL,MIN,1,1,32,0,0,0,0,0,0,0,0,0,0,0,0,0,0,0,0,0,,0,0,0,0,0,0,0,0,0,0,0,,0
00-0006300,Elvis Grbac,QB,1999,1,REG,1999_01_KC_CHI,KC,CHI,20,42,283,1,1,1,-5,0,0,0,0,0,0,0,0,0,0,0,0,0,,0,0,0,0,0,0,0,0,0,0,0,,0
00-0006322,E.G. Green,WR,1999,1,REG,1999_01_BUF_IND,IND,BUF,0,0,0,0,0,0,0,0,0,0,0,0,5,8,124,0,5,0,0,0,,0,0,0,0,0,0,0,0,0,0,0,,0
00-0006324,Eric Green,TE,1999,1,REG,1999_01_NE_NYJ,NYJ,NE,0,0,0,0,0,0,0,0,0,0,0,0,1,2,3,0,0,0,0,0,,0,0,0,0,0,0,0,0,0,0,0,,0
00-0006331,Jacquez Green,WR,1999,1,REG,1999_01_NYG_TB,TB,NYG,0,0,0,0,0,0,0,1,15,0,1,0,3,7,27,0,1,0,0,0,,0,0,0,0,0,0,0,0,0,0,0,,0
00-0006359,Yatil Green,WR,1999,1,REG,1999_01_MIA_DEN,MIA,DEN,0,0,0,0,0,0,0,0,0,0,0,0,1,1,6,0,1,0,0,0,,0,0,0,0,0,0,0,0,0,0,0,,0
00-0006423,Brian Griese,QB,1999,1,REG,1999_01_MIA_DEN,DEN,MIA,24,40,270,3,0,2,-30,2,4,0,1,0,0,0,0,0,0,0,0,0,,0,0,0,0,0,0,0,0,0,0,0,,0
00-0006456,Howard Griffith,RB,1999,1,REG,1999_01_MIA_DEN,DEN,MIA,0,0,0,0,0,0,0,0,0,0,0,0,2,3,21,0,2,0,0,0,,0,0,0,0,0,0,0,0,0,0,0,,0
00-0006662,John Hall,K,1999,1,REG,1999_01_NE_NYJ,NYJ,NE,0,0,0,0,0,0,0,0,0,0,0,0,0,0,0,0,0,0,0,0,,0,0,0,0,0,0,2,2,0,0,0,,0
00-0006692,Ty Hallock,LB,1999,1,REG,1999_01_KC_CHI,CHI,KC,0,0,0,0,0,0,0,0,0,0,0,0,1,2,3,0,0,0,0,0,,0,0,0,0,0,0,0,0,0,0,0,,0
00-0006799,Chris Hanson,P,1999,1,REG,1999_01_OAK_GB,GB,LV,0,0,0,0,0,0,0,0,0,0,0,0,0,0,0,0,0,0,0,0,,0,0,0,0,0,0,0,0,4,157,154,44,0
00-0006800,Jason Hanson,K,1999,1,REG,1999_01_DET_SEA,DET,SEA,0,0,0,0,0,0,0,0,0,0,0,0,0,0,0,0,0,0,2,2,51,0,0,0,1,1,0,2,3,0,0,0,,0
00-0006803,Byron Hanspard,RB,1999,1,REG,1999_01_MIN_ATL,ATL,MIN,0,0,0,0,0,0,0,3,9,0,0,0,0,0,0,0,0,0,0,0,,0,0,0,0,0,0,0,0,0,0,0,,0
00-0006804,Patrick Hape,TE,1999,1,REG,1999_01_NYG_TB,TB,NYG,0,0,0,0,0,0,0,0,0,0,0,0,0,1,0,0,0,0,0,0,,0,0,0,0,0,0,0,0,0,0,0,,0
00-0006848,Terry Hardy,TE,1999,1,REG,1999_01_ARI_PHI,ARI,PHI,0,0,0,0,0,0,0,0,0,0,0,0,5,6,49,0,3,0,0,0,,0,0,0,0,0,0,0,0,0,0,0,,0
00-0006977,Mark Harris,WR,1999,1,REG,1999_01_SF_JAX,SF,JAX,0,0,0,0,0,0,0,0,0,0,0,0,1,1,4,0,0,0,0,0,,0,0,0,0,0,0,0,0,0,0,0,,0
00-0006994,Ronnie Harris,WR,1999,1,REG,1999_01_MIN_ATL,ATL,MIN,0,0,0,0,0,0,0,0,0,0,0,0,3,4,63,0,2,1,0,0,,0,0,0,0,0,0,0,0,0,0,0,,0
00-0007024,Marvin Harrison,WR,1999,1,REG,1999_01_BUF_IND,IND,BUF,0,0,0,0,0,0,0,0,0,0,0,0,8,13,121,2,7,0,0,0,,0,0,0,0,0,0,0,0,0,0,0,,0
00-0007093,Andre Hastings,WR,1999,1,REG,1999_01_CAR_NO,NO,CAR,0,0,0,0,0,0,0,0,0,0,0,0,1,1,12,0,1,0,0,0,,0,0,0,0,0,0,0,0,0,0,0,,0
00-0007120,Courtney Hawkins,WR,1999,1,REG,1999_01_PIT_CLE,PIT,CLE,0,0,0,0,0,0,0,0,0,0,0,0,3,5,27,0,2,0,0,0,,0,0,0,0,0,0,0,0,0,0,0,,0
00-0007144,Donald Hayes,WR,1999,1,REG,1999_01_CAR_NO,CAR,NO,0,0,0,0,0,0,0,0,0,0,0,0,0,1,0,0,0,0,0,0,,0,0,0,0,0,0,0,0,0,0,0,,0
00-0007254,William Henderson,FB,1999,1,REG,1999_01_OAK_GB,GB,LV,0,0,0,0,0,0,0,0,0,0,0,0,2,3,12,0,1,0,0,0,,0,0,0,0,0,0,0,0,0,0,0,,0
00-0007308,Craig Hentrich,P,1999,1,REG,1999_01_CIN_TEN,TEN,CIN,0,0,0,0,0,0,0,0,0,0,0,0,0,0,0,0,0,0,0,0,,0,0,0,0,0,0,0,0,2,93,73,47,0
00-0007389,Skip Hicks,RB,1999,1,REG,1999_01_DAL_WAS,WAS,DAL,0,0,0,0,0,0,0,1,4,0,0,0,0,0,0,0,0,0,0,0,,0,0,0,0,0,0,0,0,0,0,0,,0
00-0007436,Greg Hill,RB,1999,1,REG,1999_01_DET_SEA,DET,SEA,0,0,0,0,0,0,0,7,24,0,1,0,0,0,0,0,0,0,0,0,,0,0,0,0,0,0,0,0,0,0,0,,0
00-0007468,Ike Hilliard,WR,1999,1,REG,1999_01_NYG_TB,NYG,TB,0,0,0,0,0,0,0,0,0,0,0,0,2,3,18,0,1,0,0,0,,0,0,0,0,0,0,0,0,0,0,0,,0
00-0007520,Leroy Hoard,RB,1999,1,REG,1999_01_MIN_ATL,MIN,ATL,0,0,0,0,0,0,0,12,50,1,3,0,2,2,24,0,1,0,0,0,,0,0,0,0,0,0,0,0,0,0,0,,0
00-0007530,Billy Joe Hobert,QB,1999,1,REG,1999_01_CAR_NO,NO,CAR,11,22,132,1,0,4,-24,4,7,0,0,0,0,0,0,0,0,0,0,0,,0,0,0,0,0,0,0,0,0,0,0,,0
00-0007622,Mike Hollis,K,1999,1,REG,1999_01_SF_JAX,JAX,SF,0,0,0,0,0,0,0,0,0,0,0,0,0,0,0,0,0,0,4,4,50,0,0,1,2,1,0,3,3,0,0,0,,0
00-0007744,Joe Horn,WR,1999,1,REG,1999_01_KC_CHI,KC,CHI,0,0,0,0,0,0,0,0,0,0,0,0,1,1,10,0,1,0,0,0,,0,0,0,0,0,0,0,0,0,0,0,,0
00-0007969,Richard Huntley,RB,1999,1,REG,1999_01_PIT_CLE,PIT,CLE,0,0,0,0,0,0,0,10,41,1,4,0,5,6,67,2,5,0,0,0,,0,0,0,0,0,0,0,0,0,0,0,,0
00-0007983,Michael Husted,K,1999,1,REG,1999_01_OAK_GB,LV,GB,0,0,0,0,0,0,0,0,0,0,0,0,0,0,0,0,0,0,1,3,41,0,0,0,1,0,0,3,3,0,0,0,,0
00-0008044,Michael Irvin,WR,1999,1,REG,1999_01_DAL_WAS,DAL,WAS,0,0,0,0,0,0,0,0,0,0,0,0,5,11,122,2,5,0,0,0,,0,0,0,0,0,0,0,0,0,0,0,,0
00-0008046,Sedrick Irvin,RB,1999,1,REG,1999_01_DET_SEA,DET,SEA,0,0,0,0,0,0,0,0,0,0,0,0,1,1,0,0,0,0,0,0,,0,0,0,0,0,0,0,0,0,0,0,,0
00-0008060,Raghib Ismail,WR,1999,1,REG,1999_01_DAL_WAS,DAL,WAS,0,0,0,0,0,0,0,1,15,0,1,0,8,14,149,1,4,0,0,0,,0,0,0,0,0,0,0,0,0,0,0,,0
00-0008080,Chris Jacke,K,1999,1,REG,1999_01_ARI_PHI,ARI,PHI,0,0,0,0,0,0,0,0,0,0,0,0,0,0,0,0,0,0,4,4,32,0,1,3,0,0,0,1,1,0,0,0,,0
00-0008196,Terry Jackson,RB,1999,1,REG,1999_01_SF_JAX,SF,JAX,0,0,0,0,0,0,0,0,0,0,0,0,1,1,3,0,0,0,0,0,,0,0,0,0,0,0,0,0,0,0,0,,0
00-0008210,Willie Jackson,WR,1999,1,REG,1999_01_CIN_TEN,CIN,TEN,0,0,0,0,0,0,0,0,0,0,0,0,5,9,60,1,4,0,0,0,,0,0,0,0,0,0,0,0,0,0,0,,0
00-0008241,Edgerrin James,RB,1999,1,REG,1999_01_BUF_IND,IND,BUF,0,0,0,0,0,0,0,26,112,1,5,1,4,4,14,0,0,0,0,0,,0,0,0,0,0,0,0,0,0,0,0,,0
00-0008300,Patrick Jeffers,WR,1999,1,REG,1999_01_CAR_NO,CAR,NO,0,0,0,0,0,0,0,0,0,0,0,0,0,1,0,0,0,0,0,0,,0,0,0,0,0,0,0,0,0,0,0,,0
00-0008313,Shawn Jefferson,WR,1999,1,REG,1999_01_NE_NYJ,NE,NYJ,0,0,0,0,0,0,0,0,0,0,0,0,4,6,67,0,2,0,0,0,,0,0,0,0,0,0,0,0,0,0,0,,0
00-0008329,Dietrich Jells,WR,1999,1,REG,1999_01_ARI_PHI,PHI,ARI,0,0,0,0,0,0,0,0,0,0,0,0,2,2,9,0,1,0,0,0,,0,0,0,0,0,0,0,0,0,0,0,,0
00-0008346,James Jenkins,TE,1999,1,REG,1999_01_DAL_WAS,WAS,DAL,0,0,0,0,0,0,0,0,0,0,0,0,0,1,0,0,0,0,0,0,,0,0,0,0,0,0,0,0,0,0,0,,0
00-0008400,James Jett,WR,1999,1,REG,1999_01_OAK_GB,LV,GB,0,0,0,0,0,0,0,0,0,0,0,0,3,8,88,0,3,0,0,0,,0,0,0,0,0,0,0,0,0,0,0,,0
00-0008401,John Jett,P,1999,1,REG,1999_01_DET_SEA,DET,SEA,0,0,0,0,0,0,0,0,0,0,0,0,0,0,0,0,0,0,0,0,,0,0,0,0,0,0,0,0,7,278,252,55,3
00-0008442,Brad Johnson,QB,1999,1,REG,1999_01_DAL_WAS,WAS,DAL,20,33,382,2,0,2,-13,0,0,0,0,0,0,0,0,0,0,0,0,0,,0,0,0,0,0,0,0,0,0,0,0,,0
00-0008454,Charles Johnson,WR,1999,1,REG,1999_01_ARI_PHI,PHI,ARI,0,0,0,0,0,0,0,0,0,0,0,0,3,6,24,0,1,0,0,0,,0,0,0,0,0,0,0,0,0,0,0,,0
00-0008529,J.J. Johnson,RB,1999,1,REG,1999_01_MIA_DEN,MIA,DEN,0,0,0,0,0,0,0,14,45,1,1,0,0,0,0,0,0,0,0,0,,0,0,0,0,0,0,0,0,0,0,0,,0
00-0008560,Kevin Johnson,WR,1999,1,REG,1999_01_PIT_CLE,CLE,PIT,0,0,0,0,0,0,0,0,0,0,0,0,2,5,13,0,0,0,0,0,,0,0,0,0,0,0,0,0,0,0,0,,0
00-0008561,Keyshawn Johnson,WR,1999,1,REG,1999_01_NE_NYJ,NYJ,NE,0,0,0,0,0,0,0,1,0,0,0,0,8,14,194,1,6,0,0,0,,0,0,0,0,0,0,0,0,0,0,0,,0
00-0008566,Lee Johnson,P,1999,1,REG,1999_01_NE_NYJ,NE,NYJ,0,0,0,0,0,0,0,1,0,0,0,0,0,0,0,0,0,0,0,0,,0,0,0,0,0,0,0,0,4,192,169,51,1
00-0008568,Leon Johnson,RB,1999,1,REG,1999_01_NE_NYJ,NYJ,NE,0,0,0,0,0,0,0,1,2,0,1,0,0,0,0,0,0,0,0,0,,0,0,0,0,0,0,0,0,0,0,0,,0
00-0008572,Lonnie Johnson,TE,1999,1,REG,1999_01_KC_CHI,KC,CHI,0,0,0,0,0,0,0,0,0,0,0,0,3,4,41,0,3,0,0,0,,0,0,0,0,0,0,0,0,0,0,0,,0
00-0008593,Norm Johnson,K,1999,1,REG,1999_01_ARI_PHI,PHI,ARI,0,0,0,0,0,0,0,0,0,0,0,0,0,0,0,0,0,0,1,1,25,0,1,0,0,0,0,3,3,0,0,0,,0
00-0008660,Daryl Johnston,RB,1999,1,REG,1999_01_DAL_WAS,DAL,WAS,0,0,0,0,0,0,0,0,0,0,0,0,1,2,4,0,0,0,0,0,,0,0,0,0,0,0,0,0,0,0,0,,0
00-0008723,Damon Jones,TE,1999,1,REG,1999_01_SF_JAX,JAX,SF,0,0,0,0,0,0,0,0,0,0,0,0,1,2,4,1,1,0,0,0,,0,0,0,0,0,0,0,0,0,0,0,,0
00-0008921,Randy Jordan,RB,1999,1,REG,1999_01_OAK_GB,LV,GB,0,0,0,0,0,0,0,3,3,2,2,0,3,3,49,0,2,0,0,0,,0,0,0,0,0,0,0,0,0,0,0,,0
00-0008962,Joe Jurevicius,WR,1999,1,REG,1999_01_NYG_TB,NYG,TB,0,0,0,0,0,0,0,0,0,0,0,0,1,3,4,0,0,0,0,0,,0,0,0,0,0,0,0,0,0,0,0,,0
00-0009028,John Kasay,K,1999,1,REG,1999_01_CAR_NO,CAR,NO,0,0,0,0,0,0,0,0,0,0,0,0,0,0,0,0,0,0,1,2,52,0,0,0,0,1,0,1,1,0,0,0,,0
00-0009038,Napoleon Kaufman,RB,1999,1,REG,1999_01_OAK_GB,LV,GB,0,0,0,0,0,0,0,11,87,0,2,0,1,1,6,0,0,0,0,0,,0,0,0,0,0,0,0,0,0,0,0,,0
00-0009163,Eddie Kennison,WR,1999,1,REG,1999_01_CAR_NO,NO,CAR,0,0,0,0,0,0,0,0,0,0,0,0,2,4,11,0,0,0,0,0,,0,0,0,0,0,0,0,0,0,0,0,,0
00-0009288,Terry Kirby,RB,1999,1,REG,1999_01_PIT_CLE,CLE,PIT,0,0,0,0,0,0,0,5,10,0,0,0,1,3,2,0,0,0,0,0,,0,0,0,0,0,0,0,0,0,0,0,,0
00-0009311,Jon Kitna,QB,1999,1,REG,1999_01_DET_SEA,SEA,DET,20,30,202,2,0,6,-28,1,7,0,0,0,0,0,0,0,0,0,0,0,,0,0,0,0,0,0,0,0,0,0,0,,0
00-0009417,Rob Konrad,FB,1999,1,REG,1999_01_MIA_DEN,MIA,DEN,0,0,0,0,0,0,0,2,7,0,2,0,3,3,26,1,2,0,0,0,,0,0,0,0,0,0,0,0,0,0,0,,0
00-0009443,Brian Kozlowski,TE,1999,1,REG,1999_01_MIN_ATL,ATL,MIN,0,0,0,0,0,0,0,0,0,0,0,0,1,1,2,0,1,0,0,0,,0,0,0,0,0,0,0,0,0,0,0,,0
00-0009550,David LaFleur,TE,1999,1,REG,1999_01_DAL_WAS,DAL,WAS,0,0,0,0,0,0,0,0,0,0,0,0,4,7,41,2,2,0,0,0,,0,0,0,0,0,0,0,0,0,0,0,,0
00-0009584,Sean Landeta,P,1999,1,REG,1999_01_ARI_PHI,PHI,ARI,0,0,0,0,0,0,0,0,0,0,0,0,0,0,0,0,0,0,0,0,,0,0,0,0,0,0,0,0,7,298,242,55,2
00-0009599,Fred Lane,RB,1999,1,REG,1999_01_CAR_NO,CAR,NO,0,0,0,0,0,0,0,6,30,0,1,0,2,2,36,0,2,0,0,0,,0,0,0,0,0,0,0,0,0,0,0,,0
00-0009829,Dorsey Levens,RB,1999,1,REG,1999_01_OAK_GB,GB,LV,0,0,0,0,0,0,0,18,78,0,5,1,6,10,46,0,1,0,0,0,,0,0,0,0,0,0,0,0,0,0,0,,0
00-0009960,Jonathan Linton,FB,1999,1,REG,1999_01_BUF_IND,BUF,IND,0,0,0,0,0,0,0,5,16,0,0,0,3,6,42,0,2,0,0,0,,0,0,0,0,0,0,0,0,0,0,0,,0
00-0010007,Kevin Lockett,WR,1999,1,REG,1999_01_KC_CHI,KC,CHI,0,0,0,0,0,0,0,0,0,0,0,0,1,4,8,0,0,0,0,0,,0,0,0,0,0,0,0,0,0,0,0,,0
00-0010072,Ryan Longwell,K,1999,1,REG,1999_01_OAK_GB,GB,LV,0,0,0,0,0,0,0,0,0,0,0,0,0,0,0,0,0,0,0,0,,0,0,0,0,0,0,4,4,0,0,0,,0
00-0010107,Derek Loville,RB,1999,1,REG,1999_01_MIA_DEN,DEN,MIA,0,0,0,0,0,0,0,5,48,0,2,0,1,1,15,0,1,0,0,0,,0,0,0,0,0,0,0,0,0,0,0,,0
00-0010292,Joel Makovicka,FB,1999,1,REG,1999_01_ARI_PHI,ARI,PHI,0,0,0,0,0,0,0,1,-7,0,0,1,1,2,4,0,0,0,0,0,,0,0,0,0,0,0,0,0,0,0,0,,0
00-0010346,Peyton Manning,QB,1999,1,REG,1999_01_BUF_IND,IND,BUF,21,33,284,2,2,0,0,3,-3,0,0,0,0,0,0,0,0,0,0,0,,0,0,0,0,0,0,0,0,0,0,0,,0
00-0010373,Olindo Mare,K,1999,1,REG,1999_01_MIA_DEN,MIA,DEN,0,0,0,0,0,0,0,0,0,0,0,0,0,0,0,0,0,0,1,1,37,0,0,1,0,0,0,5,5,0,0,0,,0
00-0010379,Dan Marino,QB,1999,1,REG,1999_01_MIA_DEN,MIA,DEN,15,23,215,2,0,0,0,1,-1,0,0,0,0,0,0,0,0,0,0,0,,0,0,0,0,0,0,0,0,0,0,0,,0
00-0010442,Curtis Martin,RB,1999,1,REG,1999_01_NE_NYJ,NYJ,NE,0,0,0,0,0,0,0,19,80,0,4,0,4,5,17,0,1,0,0,0,,0,0,0,0,0,0,0,0,0,0,0,,0
00-0010477,Tony Martin,WR,1999,1,REG,1999_01_MIA_DEN,MIA,DEN,0,0,0,0,0,0,0,0,0,0,0,0,4,5,101,0,4,0,0,0,,0,0,0,0,0,0,0,0,0,0,0,,0
00-0010539,Terance Mathis,WR,1999,1,REG,1999_01_MIN_ATL,ATL,MIN,0,0,0,0,0,0,0,0,0,0,0,0,4,9,40,0,4,0,0,0,,0,0,0,0,0,0,0,0,0,0,0,,0
00-0010560,Shane Matthews,QB,1999,1,REG,1999_01_KC_CHI,CHI,KC,25,38,245,2,0,1,-15,3,-3,0,0,0,0,0,0,0,0,0,0,0,,0,0,0,0,0,0,0,0,0,0,0,,0
00-0010598,Alonzo Mayes,TE,1999,1,REG,1999_01_KC_CHI,CHI,KC,0,0,0,0,0,0,0,0,0,0,0,0,0,1,0,0,0,0,0,0,,0,0,0,0,0,0,0,0,0,0,0,,0
00-0010599,Derrick Mayes,WR,1999,1,REG,1999_01_DET_SEA,SEA,DET,0,0,0,0,0,0,0,0,0,0,0,0,3,8,54,0,3,0,0,0,,0,0,0,0,0,0,0,0,0,0,0,,0
00-0010609,Brad Maynard,P,1999,1,REG,1999_01_NYG_TB,NYG,TB,0,0,0,0,0,0,0,0,0,0,0,0,0,0,0,0,0,0,0,0,,0,0,0,0,0,0,0,0,12,526,476,52,6
00-0010650,Ed McCaffrey,WR,1999,1,REG,1999_01_MIA_DEN,DEN,MIA,0,0,0,0,0,0,0,0,0,0,0,0,6,11,105,3,5,0,0,0,,0,0,0,0,0,0,0,0,0,0,0,,0
00-0010668,Keenan McCardell,WR,1999,1,REG,1999_01_SF_JAX,JAX,SF,0,0,0,0,0,0,0,0,0,0,0,0,8,10,78,0,3,0,0,0,,0,0,0,0,0,0,0,0,0,0,0,,0
00-0010796,Darnell McDonald,WR,1999,1,REG,1999_01_NYG_TB,TB,NYG,0,0,0,0,0,0,0,0,0,0,0,0,1,1,6,0,1,0,0,0,,0,0,0,0,0,0,0,0,0,0,0,,0
00-0010824,O.J. McDuffie,WR,1999,1,REG,1999_01_MIA_DEN,MIA,DEN,0,0,0,0,0,0,0,0,0,0,0,0,4,7,54,1,4,0,0,0,,0,0,0,0,0,0,0,0,0,0,0,,0
00-0010843,Wane McGarity,WR,1999,1,REG,1999_01_DAL_WAS,DAL,WAS,0,0,0,0,0,0,0,0,0,0,0,0,0,2,0,0,0,0,0,0,,0,0,0,0,0,0,0,0,0,0,0,,0
00-0010859,Tony McGee,TE,1999,1,REG,1999_01_CIN_TEN,CIN,TEN,0,0,0,0,0,0,0,0,0,0,0,0,2,2,14,1,2,0,0,0,,0,0,0,0,0,0,0,0,0,0,0,,0
00-0011024,Steve McNair,QB,1999,1,REG,1999_01_CIN_TEN,TEN,CIN,21,32,341,3,1,2,-7,6,27,1,5,0,0,0,0,0,0,0,0,0,,0,0,0,0,0,0,0,0,0,0,0,,0
00-0011044,Cade McNown,QB,1999,1,REG,1999_01_KC_CHI,CHI,KC,6,9,77,0,0,0,0,0,0,0,0,0,0,0,0,0,0,0,0,0,,0,0,0,0,0,0,0,0,0,0,0,,0
00-0011187,Terry Mickens,WR,1999,1,REG,1999_01_OAK_GB,LV,GB,0,0,0,0,0,0,0,0,0,0,0,0,0,1,0,0,0,0,0,0,,0,0,0,0,0,0,0,0,0,0,0,,0
00-0011213,Glyn Milburn,WR,1999,1,REG,1999_01_KC_CHI,CHI,KC,0,0,0,0,0,0,0,2,11,0,1,0,1,3,8,0,1,0,0,0,,0,0,0,0,0,0,0,0,0,0,0,,0
00-0011279,Josh Miller,P,1999,1,REG,1999_01_PIT_CLE,PIT,CLE,0,0,0,0,0,0,0,0,0,0,0,0,0,0,0,0,0,0,0,0,,0,0,0,0,0,0,0,0,1,35,35,35,0
00-0011328,Ernie Mills,WR,1999,1,REG,1999_01_DAL_WAS,DAL,WAS,0,0,0,0,0,0,0,0,0,0,0,0,3,4,24,0,1,0,0,0,,0,0,0,0,0,0,0,0,0,0,0,,0
00-0011341,Brian Milne,RB,1999,1,REG,1999_01_CIN_TEN,CIN,TEN,0,0,0,0,0,0,0,3,30,0,1,0,0,0,0,0,0,0,0,0,,0,0,0,0,0,0,0,0,0,0,0,,0
00-0011378,Rick Mirer,QB,1999,1,REG,1999_01_NE_NYJ,NYJ,NE,4,11,28,0,2,1,-2,0,0,0,0,0,0,0,0,0,0,0,0,0,,0,0,0,0,0,0,0,0,0,0,0,,0
00-0011399,Brian Mitchell,RB,1999,1,REG,1999_01_DAL_WAS,WAS,DAL,0,0,0,0,0,0,0,3,12,0,1,0,0,1,0,0,0,0,0,0,,0,0,0,0,0,0,0,0,0,0,0,,0
00-0011425,Pete Mitchell,TE,1999,1,REG,1999_01_NYG_TB,NYG,TB,0,0,0,0,0,0,0,0,0,0,0,0,3,4,25,0,1,0,0,0,,0,0,0,0,0,0,0,0,0,0,0,,0
00-0011463,Chris Mohr,P,1999,1,REG,1999_01_BUF_IND,BUF,IND,0,0,0,0,0,0,0,0,0,0,0,0,0,0,0,0,0,0,0,0,,0,0,0,0,0,0,0,0,6,206,166,44,0
00-0011551,Dave Moore,TE,1999,1,REG,1999_01_NYG_TB,TB,NYG,0,0,0,0,0,0,0,0,0,0,0,0,2,3,27,1,2,0,0,0,,0,0,0,0,0,0,0,0,0,0,0,,0
00-0011601,Rob Moore,WR,1999,1,REG,1999_01_ARI_PHI,ARI,PHI,0,0,0,0,0,0,0,0,0,0,0,0,3,8,77,1,3,0,0,0,,0,0,0,0,0,0,0,0,0,0,0,,0
00-0011727,Johnnie Morton,WR,1999,1,REG,1999_01_DET_SEA,DET,SEA,0,0,0,0,0,0,0,0,0,0,0,0,0,2,0,0,0,0,0,0,,0,0,0,0,0,0,0,0,0,0,0,,0
00-0011754,Randy Moss,WR,1999,1,REG,1999_01_MIN_ATL,MIN,ATL,0,0,0,0,0,0,0,1,6,0,0,0,3,5,24,0,0,0,0,0,,0,0,0,0,0,0,0,0,0,0,0,,0
00-0011770,Eric Moulds,WR,1999,1,REG,1999_01_BUF_IND,BUF,IND,0,0,0,0,0,0,0,0,0,0,0,0,10,16,147,0,6,0,0,0,,0,0,0,0,0,0,0,0,0,0,0,,0
00-0011795,Muhsin Muhammad,WR,1999,1,REG,1999_01_CAR_NO,CAR,NO,0,0,0,0,0,0,0,0,0,0,0,0,4,9,64,0,3,0,0,0,,0,0,0,0,0,0,0,0,0,0,0,,0
00-0011869,Adrian Murrell,RB,1999,1,REG,1999_01_ARI_PHI,ARI,PHI,0,0,0,0,0,0,0,24,53,0,2,0,5,5,47,0,2,0,0,0,,0,0,0,0,0,0,0,0,0,0,0,,0
00-0011958,Lorenzo Neal,FB,1999,1,REG,1999_01_CIN_TEN,TEN,CIN,0,0,0,0,0,0,0,0,0,0,0,0,0,1,0,0,0,0,0,0,,0,0,0,0,0,0,0,0,0,0,0,,0
00-0012321,Jeff Ogden,WR,1999,1,REG,1999_01_DAL_WAS,DAL,WAS,0,0,0,0,0,0,0,0,0,0,0,0,1,2,8,0,1,0,0,0,,0,0,0,0,0,0,0,0,0,0,0,,0
00-0012478,Terrell Owens,WR,1999,1,REG,1999_01_SF_JAX,SF,JAX,0,0,0,0,0,0,0,0,0,0,0,0,5,8,76,0,4,0,0,0,,0,0,0,0,0,0,0,0,0,0,0,,0
00-0012515,David Palmer,RB,1999,1,REG,1999_01_MIN_ATL,MIN,ATL,0,0,0,0,0,0,0,0,0,0,0,0,0,1,0,0,0,0,0,0,,0,0,0,0,0,0,0,0,0,0,0,,0
00-0012637,Jerome Pathon,WR,1999,1,REG,1999_01_BUF_IND,IND,BUF,0,0,0,0,0,0,0,0,0,0,0,0,2,5,6,0,0,0,0,0,,0,0,0,0,0,0,0,0,0,0,0,,0
00-0012642,David Patten,WR,1999,1,REG,1999_01_NYG_TB,NYG,TB,0,0,0,0,0,0,0,0,0,0,0,0,0,1,0,0,0,0,0,0,,0,0,0,0,0,0,0,0,0,0,0,,0
00-0012726,Doug Pederson,QB,1999,1,REG,1999_01_ARI_PHI,PHI,ARI,12,26,91,2,2,3,-16,2,21,0,1,0,0,0,0,0,0,0,0,0,,0,0,0,0,0,0,0,0,0,0,0,,0
00-0012742,Doug Pelfrey,K,1999,1,REG,1999_01_CIN_TEN,CIN,TEN,0,0,0,0,0,0,0,0,0,0,0,0,0,0,0,0,0,0,2,2,38,0,0,2,0,0,0,1,1,0,0,0,,0
00-0012875,Todd Peterson,K,1999,1,REG,1999_01_DET_SEA,SEA,DET,0,0,0,0,0,0,0,0,0,0,0,0,0,0,0,0,0,0,0,1,,0,0,0,0,0,0,2,2,0,0,0,,0
00-0012931,Lawrence Phillips,RB,1999,1,REG,1999_01_SF_JAX,SF,JAX,0,0,0,0,0,0,0,3,8,0,0,0,1,1,5,0,0,0,0,0,,0,0,0,0,0,0,0,0,0,0,0,,0
00-0012953,Carl Pickens,WR,1999,1,REG,1999_01_CIN_TEN,CIN,TEN,0,0,0,0,0,0,0,0,0,0,0,0,3,4,21,0,1,0,0,0,,0,0,0,0,0,0,0,0,0,0,0,,0
00-0013013,Michael Pittman,RB,1999,1,REG,1999_01_ARI_PHI,ARI,PHI,0,0,0,0,0,0,0,0,0,0,0,0,2,4,26,0,2,0,0,0,,0,0,0,0,0,0,0,0,0,0,0,,0
00-0013028,Scott Player,P,1999,1,REG,1999_01_ARI_PHI,ARI,PHI,0,0,0,0,0,0,0,0,0,0,0,0,0,0,0,0,0,0,0,0,,0,0,0,0,0,0,0,0,5,172,170,40,0
00-0013042,Jake Plummer,QB,1999,1,REG,1999_01_ARI_PHI,ARI,PHI,25,48,274,1,3,1,-8,6,25,0,2,0,0,0,0,0,0,0,0,0,,0,0,0,0,0,0,0,0,0,0,0,,0
00-0013097,Keith Poole,WR,1999,1,REG,1999_01_CAR_NO,NO,CAR,0,0,0,0,0,0,0,0,0,0,0,0,3,6,89,1,2,0,0,0,,0,0,0,0,0,0,0,0,0,0,0,,0
00-0013108,Daniel Pope,P,1999,1,REG,1999_01_KC_CHI,KC,CHI,0,0,0,0,0,0,0,0,0,0,0,0,0,0,0,0,0,0,0,0,,0,0,0,0,0,0,0,0,4,178,138,64,1
00-0013232,Peerless Price,WR,1999,1,REG,1999_01_BUF_IND,BUF,IND,0,0,0,0,0,0,0,0,0,0,0,0,3,3,51,0,2,0,0,0,,0,0,0,0,0,0,0,0,0,0,0,,0
00-0013499,Andre Reed,WR,1999,1,REG,1999_01_BUF_IND,BUF,IND,0,0,0,0,0,0,0,0,0,0,0,0,4,9,39,1,3,0,0,0,,0,0,0,0,0,0,0,0,0,0,0,,0
00-0013512,Jake Reed,WR,1999,1,REG,1999_01_MIN_ATL,MIN,ATL,0,0,0,0,0,0,0,0,0,0,0,0,2,4,13,0,1,0,0,0,,0,0,0,0,0,0,0,0,0,0,0,,0
00-0013639,Jerry Rice,WR,1999,1,REG,1999_01_SF_JAX,SF,JAX,0,0,0,0,0,0,0,0,0,0,0,0,2,9,17,0,0,0,0,0,,0,0,0,0,0,0,0,0,0,0,0,,0
00-0013694,Tony Richardson,FB,1999,1,REG,1999_01_KC_CHI,KC,CHI,0,0,0,0,0,0,0,3,19,0,2,0,4,5,24,0,0,0,0,0,,0,0,0,0,0,0,0,0,0,0,0,,0
00-0013699,Wade Richey,K,1999,1,REG,1999_01_SF_JAX,SF,JAX,0,0,0,0,0,0,0,0,0,0,0,0,0,0,0,0,0,0,1,1,42,0,0,0,1,0,0,0,0,0,0,0,,0
00-0013728,Jay Riemersma,TE,1999,1,REG,1999_01_BUF_IND,BUF,IND,0,0,0,0,0,0,0,0,0,0,0,0,0,4,0,0,0,0,0,0,,0,0,0,0,0,0,0,0,0,0,0,,0
00-0013770,Andre Rison,WR,1999,1,REG,1999_01_KC_CHI,KC,CHI,0,0,0,0,0,0,0,0,0,0,0,0,1,9,12,0,1,0,0,0,,0,0,0,0,0,0,0,0,0,0,0,,0
00-0013773,Jon Ritchie,FB,1999,1,REG,1999_01_OAK_GB,LV,GB,0,0,0,0,0,0,0,2,5,0,2,0,2,3,19,0,2,0,0,0,,0,0,0,0,0,0,0,0,0,0,0,,0
00-0013785,Ron Rivers,RB,1999,1,REG,1999_01_DET_SEA,DET,SEA,0,0,0,0,0,0,0,16,96,0,5,0,4,4,39,0,1,0,0,0,,0,0,0,0,0,0,0,0,0,0,0,,0
00-0013888,Marcus Robinson,WR,1999,1,REG,1999_01_KC_CHI,CHI,KC,0,0,0,0,0,0,0,0,0,0,0,0,4,4,47,0,3,0,0,0,,0,0,0,0,0,0,0,0,0,0,0,,0
00-0014083,Tom Rouen,P,1999,1,REG,1999_01_MIA_DEN,DEN,MIA,0,0,0,0,0,0,0,0,0,0,0,0,0,0,0,0,0,0,0,0,,0,0,0,0,0,0,0,0,3,115,95,54,1
00-0014115,Mark Royals,P,1999,1,REG,1999_01_NYG_TB,TB,NYG,0,0,0,0,0,0,0,0,0,0,0,0,0,0,0,0,0,0,0,0,,0,0,0,0,0,0,0,0,8,368,343,53,3
00-0014211,Rod Rutledge,TE,1999,1,REG,1999_01_NE_NYJ,NE,NYJ,0,0,0,0,0,0,0,0,0,0,0,0,1,1,9,0,0,0,0,0,,0,0,0,0,0,0,0,0,0,0,0,,0
00-0014319,Chris Sanders,WR,1999,1,REG,1999_01_CIN_TEN,TEN,CIN,0,0,0,0,0,0,0,0,0,0,0,0,2,3,17,0,0,0,0,0,,0,0,0,0,0,0,0,0,0,0,0,,0
00-0014328,Frank Sanders,WR,1999,1,REG,1999_01_ARI_PHI,ARI,PHI,0,0,0,0,0,0,0,0,0,0,0,0,5,16,50,0,4,0,0,0,,0,0,0,0,0,0,0,0,0,0,0,,0
00-0014350,O.J. Santiago,TE,1999,1,REG,1999_01_MIN_ATL,ATL,MIN,0,0,0,0,0,0,0,0,0,0,0,0,2,6,53,0,2,0,0,0,,0,0,0,0,0,0,0,0,0,0,0,,0
00-0014377,Todd Sauerbrun,P,1999,1,REG,1999_01_KC_CHI,CHI,KC,0,0,0,0,0,0,0,0,0,0,0,0,0,0,0,0,0,0,0,0,,0,0,0,0,0,0,0,0,5,183,176,47,3
00-0014450,Cory Schlesinger,FB,1999,1,REG,1999_01_DET_SEA,DET,SEA,0,0,0,0,0,0,0,10,50,0,3,0,1,2,5,0,0,0,0,0,,0,0,0,0,0,0,0,0,0,0,0,,0
00-0014489,Bill Schroeder,WR,1999,1,REG,1999_01_OAK_GB,GB,LV,0,0,0,0,0,0,0,0,0,0,0,0,4,7,42,1,4,0,0,0,,0,0,0,0,0,0,0,0,0,0,0,,0
00-0014544,Darnay Scott,WR,1999,1,REG,1999_01_CIN_TEN,CIN,TEN,0,0,0,0,0,0,0,0,0,0,0,0,7,12,80,0,6,0,0,0,,0,0,0,0,0,0,0,0,0,0,0,,0
00-0014722,Shannon Sharpe,TE,1999,1,REG,1999_01_MIA_DEN,DEN,MIA,0,0,0,0,0,0,0,0,0,0,0,0,7,11,47,0,2,0,0,0,,0,0,0,0,0,0,0,0,0,0,0,,0
00-0014729,Bobby Shaw,WR,1999,1,REG,1999_01_PIT_CLE,PIT,CLE,0,0,0,0,0,0,0,0,0,0,0,0,3,3,26,0,2,0,0,0,,0,0,0,0,0,0,0,0,0,0,0,,0
00-0014742,Sedrick Shaw,RB,1999,1,REG,1999_01_PIT_CLE,CLE,PIT,0,0,0,0,0,0,0,2,-1,0,0,0,0,0,0,0,0,0,0,0,,0,0,0,0,0,0,0,0,0,0,0,,0
00-0014759,Rashaan Shehee,RB,1999,1,REG,1999_01_KC_CHI,KC,CHI,0,0,0,0,0,0,0,4,13,0,1,0,2,3,20,0,1,0,0,0,,0,0,0,0,0,0,0,0,0,0,0,,0
00-0014790,Leslie Shepherd,WR,1999,1,REG,1999_01_PIT_CLE,CLE,PIT,0,0,0,0,0,0,0,0,0,0,0,0,2,4,32,0,2,0,0,0,,0,0,0,0,0,0,0,0,0,0,0,,0
00-0014918,Tony Simmons,WR,1999,1,REG,1999_01_NE_NYJ,NE,NYJ,0,0,0,0,0,0,0,0,0,0,0,0,1,2,58,1,1,0,0,0,,0,0,0,0,0,0,0,0,0,0,0,,0
00-0015048,David Sloan,TE,1999,1,REG,1999_01_DET_SEA,DET,SEA,0,0,0,0,0,0,0,0,0,0,0,0,3,3,31,1,3,0,0,0,,0,0,0,0,0,0,0,0,0,0,0,,0
00-0015053,Scott Slutzker,TE,1999,1,REG,1999_01_CAR_NO,NO,CAR,0,0,0,0,0,0,0,0,0,0,0,0,0,2,0,0,0,0,0,0,,0,0,0,0,0,0,0,0,0,0,0,,0
00-0015063,Torrance Small,WR,1999,1,REG,1999_01_ARI_PHI,PHI,ARI,0,0,0,0,0,0,0,0,0,0,0,0,0,1,0,0,0,0,0,0,,0,0,0,0,0,0,0,0,0,0,0,,0
00-0015082,Akili Smith,QB,1999,1,REG,1999_01_CIN_TEN,CIN,TEN,1,2,11,0,0,0,0,1,0,0,0,0,0,0,0,0,0,0,0,0,,0,0,0,0,0,0,0,0,0,0,0,,0
00-0015091,Antowain Smith,RB,1999,1,REG,1999_01_BUF_IND,BUF,IND,0,0,0,0,0,0,0,6,7,0,0,0,1,1,9,0,1,0,0,0,,0,0,0,0,0,0,0,0,0,0,0,,0
00-0015165,Emmitt Smith,RB,1999,1,REG,1999_01_DAL_WAS,DAL,WAS,0,0,0,0,0,0,0,23,109,1,8,0,4,4,-3,0,1,0,0,0,,0,0,0,0,0,0,0,0,0,0,0,,0
00-0015194,Hunter Smith,P,1999,1,REG,1999_01_BUF_IND,IND,BUF,0,0,0,0,0,0,0,0,0,0,0,0,0,0,0,0,0,0,0,0,,0,0,0,0,0,0,0,0,3,132,85,53,0
00-0015218,Jimmy Smith,WR,1999,1,REG,1999_01_SF_JAX,JAX,SF,0,0,0,0,0,0,0,0,0,0,0,0,6,9,139,0,6,0,0,0,,0,0,0,0,0,0,0,0,0,0,0,,0
00-0015242,Lamar Smith,RB,1999,1,REG,1999_01_CAR_NO,NO,CAR,0,0,0,0,0,0,0,13,66,0,4,0,1,2,-3,0,0,0,0,0,,0,0,0,0,0,0,0,0,0,0,0,,0
00-0015286,Robert Smith,RB,1999,1,REG,1999_01_MIN_ATL,MIN,ATL,0,0,0,0,0,0,0,16,47,0,2,0,3,4,6,0,0,0,0,0,,0,0,0,0,0,0,0,0,0,0,0,,0
00-0015290,Rod Smith,WR,1999,1,REG,1999_01_MIA_DEN,DEN,MIA,0,0,0,0,0,0,0,0,0,0,0,0,0,2,0,0,0,0,0,0,,0,0,0,0,0,0,0,0,0,0,0,,0
00-0015507,Brian Stablein,WR,1999,1,REG,1999_01_DET_SEA,DET,SEA,0,0,0,0,0,0,0,0,0,0,0,0,0,3,0,0,0,0,0,0,,0,0,0,0,0,0,0,0,0,0,0,,0
00-0015523,Duce Staley,RB,1999,1,REG,1999_01_ARI_PHI,PHI,ARI,0,0,0,0,0,1,-8,21,111,1,3,1,3,8,19,1,2,0,0,0,,0,0,0,0,0,0,0,0,0,0,0,,0
00-0015550,Chad Stanley,P,1999,1,REG,1999_01_SF_JAX,SF,JAX,0,0,0,0,0,0,0,0,0,0,0,0,0,0,0,0,0,0,0,0,,0,0,0,0,0,0,0,0,8,372,298,70,1
00-0015698,James Stewart,RB,1999,1,REG,1999_01_SF_JAX,JAX,SF,0,0,0,0,0,0,0,4,15,1,2,0,0,0,0,0,0,0,0,0,,0,0,0,0,0,0,0,0,0,0,0,,0
00-0015700,Kordell Stewart,QB,1999,1,REG,1999_01_PIT_CLE,PIT,CLE,15,23,173,1,0,1,-12,7,35,1,4,0,0,0,0,0,0,0,0,0,,0,0,0,0,0,0,0,0,0,0,0,,0
00-0015751,J.J. Stokes,WR,1999,1,REG,1999_01_SF_JAX,SF,JAX,0,0,0,0,0,0,0,0,0,0,0,0,1,4,5,0,0,0,0,0,,0,0,0,0,0,0,0,0,0,0,0,,0
00-0015791,Pete Stoyanovich,K,1999,1,REG,1999_01_KC_CHI,KC,CHI,0,0,0,0,0,0,0,0,0,0,0,0,0,0,0,0,0,0,1,2,27,0,1,0,0,0,0,2,2,0,0,0,,0
00-0015842,Dan Stryzinski,P,1999,1,REG,1999_01_MIN_ATL,ATL,MIN,0,0,0,0,0,0,0,0,0,0,0,0,0,0,0,0,0,0,0,0,,0,0,0,0,0,0,0,0,2,88,89,48,1
00-0016061,Robert Tate,DB,1999,1,REG,1999_01_MIN_ATL,MIN,ATL,0,0,0,0,0,0,0,0,0,0,0,0,0,1,0,0,0,0,0,0,,0,0,0,0,0,0,0,0,0,0,0,,0
00-0016098,Fred Taylor,RB,1999,1,REG,1999_01_SF_JAX,JAX,SF,0,0,0,0,0,0,0,24,74,0,5,0,2,2,-7,0,0,0,0,0,,0,0,0,0,0,0,0,0,0,0,0,,0
00-0016193,Vinny Testaverde,QB,1999,1,REG,1999_01_NE_NYJ,NYJ,NE,10,15,96,1,1,0,0,0,0,0,0,0,0,0,0,0,0,0,0,0,,0,0,0,0,0,0,0,0,0,0,0,,0
00-0016214,Yancey Thigpen,WR,1999,1,REG,1999_01_CIN_TEN,TEN,CIN,0,0,0,0,0,0,0,0,0,0,0,0,4,7,74,0,2,1,0,0,,0,0,0,0,0,0,0,0,0,0,0,,0
00-0016331,Thurman Thomas,RB,1999,1,REG,1999_01_BUF_IND,BUF,IND,0,0,0,0,0,0,0,0,0,0,0,0,0,1,0,0,0,0,0,0,,0,0,0,0,0,0,0,0,0,0,0,,0
00-0016347,Jeff Thomason,TE,1999,1,REG,1999_01_OAK_GB,GB,LV,0,0,0,0,0,0,0,0,0,0,0,0,1,1,1,1,1,0,0,0,,0,0,0,0,0,0,0,0,0,0,0,,0
00-0016538,Mike Tomczak,QB,1999,1,REG,1999_01_PIT_CLE,PIT,CLE,8,8,78,2,0,0,0,0,0,0,0,0,0,0,0,0,0,0,0,0,,0,0,0,0,0,0,0,0,0,0,0,,0
00-0016550,Amani Toomer,WR,1999,1,REG,1999_01_NYG_TB,NYG,TB,0,0,0,0,0,0,0,0,0,0,0,0,4,7,36,0,1,0,0,0,,0,0,0,0,0,0,0,0,0,0,0,,0
00-0016683,Tom Tupa,P,1999,1,REG,1999_01_NE_NYJ,NYJ,NE,6,10,165,2,0,3,-30,2,8,0,0,0,0,0,0,0,0,0,0,0,,0,0,0,0,0,0,0,0,3,123,90,49,1
00-0016689,Matt Turk,P,1999,1,REG,1999_01_DAL_WAS,WAS,DAL,0,0,0,0,0,0,0,0,0,0,0,0,0,0,0,0,0,0,0,0,,0,0,0,0,0,0,0,0,5,195,175,48,2
00-0016723,Kevin Turner,FB,1999,1,REG,1999_01_ARI_PHI,PHI,ARI,0,0,0,0,0,0,0,3,6,0,0,0,0,0,0,0,0,0,0,0,,0,0,0,0,0,0,0,0,0,0,0,,0
00-0016830,Mike Vanderjagt,K,1999,1,REG,1999_01_BUF_IND,IND,BUF,0,0,0,0,0,0,0,0,0,0,0,0,0,0,0,0,0,0,1,2,35,0,0,1,0,0,0,4,4,0,0,0,,0
00-0016842,Tommy Vardell,FB,1999,1,REG,1999_01_SF_JAX,SF,JAX,0,0,0,0,0,0,0,0,0,0,0,0,2,4,17,0,1,0,0,0,,0,0,0,0,0,0,0,0,0,0,0,,0
00-0016919,Adam Vinatieri,K,1999,1,REG,1999_01_NE_NYJ,NE,NYJ,0,0,0,0,0,0,0,0,0,0,0,0,0,0,0,0,0,0,3,3,33,0,2,1,0,0,0,3,3,0,0,0,,0
00-0017109,Wesley Walls,TE,1999,1,REG,1999_01_CAR_NO,CAR,NO,0,0,0,0,0,0,0,0,0,0,0,0,3,6,37,1,2,0,0,0,,0,0,0,0,0,0,0,0,0,0,0,,0
00-0017110,Chris Walsh,WR,1999,1,REG,1999_01_MIN_ATL,MIN,ATL,0,0,0,0,0,0,0,0,0,0,0,0,1,1,6,0,0,0,0,0,,0,0,0,0,0,0,0,0,0,0,0,,0
00-0017127,Ken Walter,P,1999,1,REG,1999_01_CAR_NO,CAR,NO,0,0,0,0,0,0,0,0,0,0,0,0,0,0,0,0,0,0,0,0,,0,0,0,0,0,0,0,0,8,355,324,51,1
00-0017160,Dedric Ward,WR,1999,1,REG,1999_01_NE_NYJ,NYJ,NE,0,0,0,0,0,0,0,0,0,0,0,0,5,8,41,0,3,0,0,0,,0,0,0,0,0,0,0,0,0,0,0,,0
00-0017162,Hines Ward,WR,1999,1,REG,1999_01_PIT_CLE,PIT,CLE,0,0,0,0,0,0,0,0,0,0,0,0,3,4,51,1,2,0,0,0,,0,0,0,0,0,0,0,0,0,0,0,,0
00-0017209,Chris Warren,RB,1999,1,REG,1999_01_DAL_WAS,DAL,WAS,0,0,0,0,0,0,0,8,58,0,3,0,1,2,4,0,0,0,0,0,,0,0,0,0,0,0,0,0,0,0,0,,0
00-0017218,Lamont Warren,RB,1999,1,REG,1999_01_NE_NYJ,NE,NYJ,0,0,0,0,0,0,0,0,0,0,0,0,1,2,6,0,1,0,0,0,,0,0,0,0,0,0,0,0,0,0,0,,0
00-0017322,Ricky Watters,RB,1999,1,REG,1999_01_DET_SEA,SEA,DET,0,0,0,0,0,0,0,13,21,0,1,0,4,4,29,0,0,0,0,0,,0,0,0,0,0,0,0,0,0,0,0,,0
00-0017337,Charles Way,FB,1999,1,REG,1999_01_NYG_TB,NYG,TB,0,0,0,0,0,0,0,6,2,0,0,0,1,1,1,0,0,0,0,0,,0,0,0,0,0,0,0,0,0,0,0,,0
00-0017356,Jed Weaver,TE,1999,1,REG,1999_01_ARI_PHI,PHI,ARI,0,0,0,0,0,0,0,0,0,0,0,0,0,1,0,0,0,0,0,0,,0,0,0,0,0,0,0,0,0,0,0,,0
00-0017470,Michael Westbrook,WR,1999,1,REG,1999_01_DAL_WAS,WAS,DAL,0,0,0,0,0,0,0,0,0,0,0,0,5,7,159,1,4,0,0,0,,0,0,0,0,0,0,0,0,0,0,0,,0
00-0017480,Ryan Wetnight,TE,1999,1,REG,1999_01_KC_CHI,CHI,KC,0,0,0,0,0,0,0,0,0,0,0,0,2,3,25,0,1,0,0,0,,0,0,0,0,0,0,0,0,0,0,0,,0
00-0017486,Tyrone Wheatley,RB,1999,1,REG,1999_01_OAK_GB,LV,GB,0,0,0,0,0,0,0,15,52,1,3,0,2,2,10,0,0,0,0,0,,0,0,0,0,0,0,0,0,0,0,0,,0
00-0017611,Alvis Whitted,WR,1999,1,REG,1999_01_SF_JAX,JAX,SF,0,0,0,0,0,0,0,0,0,0,0,0,0,1,0,0,0,0,0,0,,0,0,0,0,0,0,0,0,0,0,0,,0
00-0017637,Zach Wiegert,OT,1999,1,REG,1999_01_SF_JAX,JAX,SF,0,0,0,0,0,0,0,0,0,0,0,0,1,1,-3,0,0,0,0,0,,0,0,0,0,0,0,0,0,0,0,0,,0
00-0017847,Karl Williams,WR,1999,1,REG,1999_01_NYG_TB,TB,NYG,0,0,0,0,0,0,0,0,0,0,0,0,2,3,14,0,0,0,0,0,,0,0,0,0,0,0,0,0,0,0,0,,0
00-0017860,Kevin R. Williams,WR,1999,1,REG,1999_01_BUF_IND,BUF,IND,0,0,0,0,0,0,0,0,0,0,0,0,0,1,0,0,0,0,0,0,,0,0,0,0,0,0,0,0,0,0,0,,0
00-0017915,Ricky Williams,RB,1999,1,REG,1999_01_CAR_NO,NO,CAR,0,0,0,0,0,0,0,10,40,0,1,0,0,0,0,0,0,0,0,0,,0,0,0,0,0,0,0,0,0,0,0,,0
00-0018141,Jon Witman,FB,1999,1,REG,1999_01_PIT_CLE,PIT,CLE,0,0,0,0,0,0,0,3,11,0,1,0,2,4,9,0,0,0,0,0,,0,0,0,0,0,0,0,0,0,0,0,,0
00-0018343,Frank Wycheck,TE,1999,1,REG,1999_01_CIN_TEN,TEN,CIN,0,0,0,0,0,0,0,0,0,0,0,0,3,4,51,0,3,0,0,0,,0,0,0,0,0,0,0,0,0,0,0,,0
00-0018382,Craig Yeast,WR,1999,1,REG,1999_01_CIN_TEN,CIN,TEN,0,0,0,0,0,0,0,0,0,0,0,0,0,1,0,0,0,0,0,0,,0,0,0,0,0,0,0,0,0,0,0,,0
00-0018441,Steve Young,QB,1999,1,REG,1999_01_SF_JAX,SF,JAX,9,25,96,0,2,2,-18,6,25,0,1,0,0,0,0,0,0,0,0,0,,0,0,0,0,0,0,0,0,0,0,0,,0
00-0018483,Eric Zeier,QB,1999,1,REG,1999_01_NYG_TB,TB,NYG,3,11,14,0,1,0,0,0,0,0,0,0,0,0,0,0,0,0,0,0,,0,0,0,0,0,0,0,0,0,0,0,,0
00-0018501,Amos Zereoue,RB,1999,1,REG,1999_01_PIT_CLE,PIT,CLE,0,0,0,0,0,0,0,17,44,0,3,0,1,1,14,0,1,0,0,0,,0,0,0,0,0,0,0,0,0,0,0,,0
00-0000003,Abdul-Karim al-Jabbar,RB,1999,2,REG,1999_02_ARI_MIA,MIA,ARI,0,0,0,0,0,0,0,9,33,0,1,0,3,4,18,0,1,0,0,0,,0,0,0,0,0,0,0,0,0,0,0,,0
00-0000098,Louie Aguiar,P,1999,2,REG,1999_02_GB_DET,GB,DET,0,0,0,0,0,0,0,0,0,0,0,0,0,0,0,0,0,0,0,0,,0,0,0,0,0,0,0,0,6,234,175,45,1
00-0000104,Troy Aikman,QB,1999,2,REG,1999_02_ATL_DAL,DAL,ATL,10,22,109,0,2,2,-11,1,2,0,0,0,0,0,0,0,0,0,0,0,,0,0,0,0,0,0,0,0,0,0,0,,0
00-0000145,Derrick Alexander,WR,1999,2,REG,1999_02_DEN_KC,KC,DEN,0,0,0,0,0,0,0,0,0,0,0,0,6,7,117,0,3,0,0,0,,0,0,0,0,0,0,0,0,0,0,0,,0
00-0000166,Stephen Alexander,TE,1999,2,REG,1999_02_WAS_NYG,WAS,NYG,0,0,0,0,0,0,0,0,0,0,0,0,5,7,86,2,5,0,0,0,,0,0,0,0,0,0,0,0,0,0,0,,0
00-0000232,Terry Allen,RB,1999,2,REG,1999_02_IND_NE,NE,IND,0,0,0,0,0,0,0,15,74,0,4,0,2,3,8,1,1,0,0,0,,0,0,0,0,0,0,0,0,0,0,0,,0
00-0000242,John Allred,TE,1999,2,REG,1999_02_SEA_CHI,CHI,SEA,0,0,0,0,0,0,0,0,0,0,0,0,2,2,17,0,0,0,0,0,,0,0,0,0,0,0,0,0,0,0,0,,0
00-0000251,Mike Alstott,FB,1999,2,REG,1999_02_TB_PHI,TB,PHI,0,0,0,0,0,0,0,15,64,0,4,0,3,3,33,1,2,0,0,0,,0,0,0,0,0,0,0,0,0,0,0,,0
00-0000279,Kimble Anders,RB,1999,2,REG,1999_02_DEN_KC,KC,DEN,0,0,0,0,0,0,0,22,142,0,4,0,0,0,0,0,0,0,0,0,,0,0,0,0,0,0,0,0,0,0,0,,0
00-0000282,Morten Andersen,K,1999,2,REG,1999_02_ATL_DAL,ATL,DAL,0,0,0,0,0,0,0,0,0,0,0,0,0,0,0,0,0,0,0,1,,0,0,0,0,0,0,1,1,0,0,0,,0
00-0000313,Gary Anderson,K,1999,2,REG,1999_02_OAK_MIN,MIN,LV,0,0,0,0,0,0,0,0,0,0,0,0,0,0,0,0,0,0,1,3,36,0,0,1,0,0,0,2,2,0,0,0,,0
00-0000316,Jamal Anderson,RB,1999,2,REG,1999_02_ATL_DAL,ATL,DAL,0,0,0,0,0,0,0,3,9,0,0,0,0,0,0,0,0,0,0,0,,0,0,0,0,0,0,0,0,0,0,0,,0
00-0000339,Richie Anderson,FB,1999,2,REG,1999_02_NYJ_BUF,NYJ,BUF,0,0,0,0,0,0,0,2,9,0,0,0,3,5,40,0,3,0,0,0,,0,0,0,0,0,0,0,0,0,0,0,,0
00-0000400,Leo Araguz,P,1999,2,REG,1999_02_OAK_MIN,LV,MIN,0,0,0,0,0,0,0,0,0,0,0,0,0,0,0,0,0,0,0,0,,0,0,0,0,0,0,0,0,6,225,214,45,3
00-0000422,Justin Armour,WR,1999,2,REG,1999_02_PIT_BAL,BAL,PIT,0,0,0,0,0,0,0,0,0,0,0,0,2,3,43,0,2,0,0,0,,0,0,0,0,0,0,0,0,0,0,0,,0
00-0000721,Tavian Banks,RB,1999,2,REG,1999_02_JAX_CAR,JAX,CAR,0,0,0,0,0,0,0,8,43,0,1,0,1,1,6,0,0,0,0,0,,0,0,0,0,0,0,0,0,0,0,0,,0
00-0000745,Tiki Barber,RB,1999,2,REG,1999_02_WAS_NYG,NYG,WAS,0,0,0,0,0,0,0,0,0,0,0,0,1,3,4,0,0,0,0,0,,0,0,0,0,0,0,0,0,0,0,0,,0
00-0000754,Bryan Barker,P,1999,2,REG,1999_02_JAX_CAR,JAX,CAR,0,0,0,0,0,0,0,0,0,0,0,0,0,0,0,0,0,0,0,0,,0,0,0,0,0,0,0,0,3,143,128,57,0
00-0000765,Reggie Barlow,WR,1999,2,REG,1999_02_JAX_CAR,JAX,CAR,0,0,0,0,0,0,0,0,0,0,0,0,1,2,1,0,0,0,0,0,,0,0,0,0,0,0,0,0,0,0,0,,0
00-0000811,Tommy Barnhardt,P,1999,2,REG,1999_02_NO_SF,NO,SF,0,0,0,0,0,0,0,1,4,0,0,0,0,0,0,0,0,0,0,0,,0,0,0,0,0,0,0,0,4,158,158,51,2
00-0000838,Brent Bartholomew,P,1999,2,REG,1999_02_ARI_MIA,MIA,ARI,0,0,0,0,0,0,0,0,0,0,0,0,0,0,0,0,0,0,0,0,,0,0,0,0,0,0,0,0,3,134,77,51,0
00-0000865,Charlie Batch,QB,1999,2,REG,1999_02_GB_DET,DET,GB,9,16,219,2,2,4,-23,3,9,1,1,0,0,0,0,0,0,0,0,0,,0,0,0,0,0,0,0,0,0,0,0,,0
00-0000911,Fred Baxter,TE,1999,2,REG,1999_02_NYJ_BUF,NYJ,BUF,0,0,0,0,0,0,0,0,0,0,0,0,1,1,2,0,0,0,0,0,,0,0,0,0,0,0,0,0,0,0,0,,0
00-0001101,Darren Bennett,P,1999,2,REG,1999_02_SD_CIN,LAC,CIN,0,0,0,0,0,0,0,0,0,0,0,0,0,0,0,0,0,0,0,0,,0,0,0,0,0,0,0,0,7,328,280,60,1
00-0001103,Edgar Bennett,RB,1999,2,REG,1999_02_SEA_CHI,CHI,SEA,0,0,0,0,0,0,0,1,4,0,0,0,0,0,0,0,0,0,0,0,,0,0,0,0,0,0,0,0,0,0,0,,0
00-0001112,Sean Bennett,RB,1999,2,REG,1999_02_WAS_NYG,NYG,WAS,0,0,0,0,0,0,0,4,45,0,1,0,2,4,14,0,1,0,0,0,,0,0,0,0,0,0,0,0,0,0,0,,0
00-0001157,Mitch Berger,P,1999,2,REG,1999_02_OAK_MIN,MIN,LV,0,0,0,0,0,0,0,0,0,0,0,0,0,0,0,0,0,0,0,0,,0,0,0,0,0,0,0,0,3,164,153,64,0
00-0001215,Jerome Bettis,RB,1999,2,REG,1999_02_PIT_BAL,PIT,BAL,0,0,0,0,0,0,0,16,46,0,3,0,0,0,0,0,0,0,0,0,,0,0,0,0,0,0,0,0,0,0,0,,0
00-0001218,Steve Beuerlein,QB,1999,2,REG,1999_02_JAX_CAR,CAR,JAX,16,26,216,3,1,4,-20,1,1,0,0,0,0,0,0,0,0,0,0,0,,0,0,0,0,0,0,0,0,0,0,0,,0
00-0001224,Tim Biakabutuka,RB,1999,2,REG,1999_02_JAX_CAR,CAR,JAX,0,0,0,0,0,0,0,6,47,0,2,0,1,1,2,0,0,0,0,0,,0,0,0,0,0,0,0,0,0,0,0,,0
00-0001281,Eric Bjornson,TE,1999,2,REG,1999_02_ATL_DAL,DAL,ATL,0,0,0,0,0,0,0,0,0,0,0,0,1,1,18,0,1,0,0,0,,0,0,0,0,0,0,0,0,0,0,0,,0
00-0001335,Jeff Blake,QB,1999,2,REG,1999_02_SD_CIN,CIN,LAC,7,16,68,1,0,1,-18,3,6,0,1,1,0,0,0,0,0,0,0,0,,0,0,0,0,0,0,0,0,0,0,0,,0
00-0001361,Drew Bledsoe,QB,1999,2,REG,1999_02_IND_NE,NE,IND,27,45,299,4,0,1,-7,3,7,0,1,0,0,0,0,0,0,0,0,0,,0,0,0,0,0,0,0,0,0,0,0,,0
00-0001532,David Boston,WR,1999,2,REG,1999_02_ARI_MIA,ARI,MIA,0,0,0,0,0,0,0,1,2,0,0,0,1,2,5,0,0,0,0,0,,0,0,0,0,0,0,0,0,0,0,0,,0
00-0001582,Fabien Bownes,WR,1999,2,REG,1999_02_SEA_CHI,SEA,CHI,0,0,0,0,0,0,0,0,0,0,0,0,2,3,54,1,1,0,0,0,,0,0,0,0,0,0,0,0,0,0,0,,0
00-0001627,Corey Bradford,WR,1999,2,REG,1999_02_GB_DET,GB,DET,0,0,0,0,0,0,0,0,0,0,0,0,3,6,25,0,1,0,0,0,,0,0,0,0,0,0,0,0,0,0,0,,0
00-0001661,Kyle Brady,TE,1999,2,REG,1999_02_JAX_CAR,JAX,CAR,0,0,0,0,0,0,0,0,0,0,0,0,3,3,22,0,2,0,0,0,,0,0,0,0,0,0,0,0,0,0,0,,0
00-0001752,Will Brice,P,1999,2,REG,1999_02_SD_CIN,CIN,LAC,0,0,0,0,0,0,0,0,0,0,0,0,0,0,0,0,0,0,0,0,,0,0,0,0,0,0,0,0,8,318,293,52,3
00-0001759,Doug Brien,K,1999,2,REG,1999_02_NO_SF,NO,SF,0,0,0,0,0,0,0,0,0,0,0,0,0,0,0,0,0,0,0,0,,0,0,0,0,0,0,3,3,0,0,0,,0
00-0001766,Jeremy Brigham,TE,1999,2,REG,1999_02_OAK_MIN,LV,MIN,0,0,0,0,0,0,0,0,0,0,0,0,2,2,39,0,2,0,0,0,,0,0,0,0,0,0,0,0,0,0,0,,0
00-0001785,Bubby Brister,QB,1999,2,REG,1999_02_DEN_KC,DEN,KC,9,15,65,0,1,0,0,1,0,0,0,0,0,0,0,0,0,0,0,0,,0,0,0,0,0,0,0,0,0,0,0,,0
00-0001842,Macey Brooks,WR,1999,2,REG,1999_02_SEA_CHI,CHI,SEA,0,0,0,0,0,0,0,0,0,0,0,0,1,1,15,0,1,0,0,0,,0,0,0,0,0,0,0,0,0,0,0,,0
00-0001862,Luther Broughton,TE,1999,2,REG,1999_02_TB_PHI,PHI,TB,0,0,0,0,0,0,0,0,0,0,0,0,2,3,19,0,2,0,0,0,,0,0,0,0,0,0,0,0,0,0,0,,0
00-0001980,Kris Brown,K,1999,2,REG,1999_02_PIT_BAL,PIT,BAL,0,0,0,0,0,0,0,0,0,0,0,0,0,0,0,0,0,0,3,3,36,0,1,2,0,0,0,2,2,0,0,0,,0
00-0002005,Na Brown,WR,1999,2,REG,1999_02_TB_PHI,PHI,TB,0,0,0,0,0,0,0,0,0,0,0,0,0,1,0,0,0,0,0,0,,0,0,0,0,0,0,0,0,0,0,0,,0
00-0002027,Reggie Brown,FB,1999,2,REG,1999_02_SEA_CHI,SEA,CHI,0,0,0,0,0,0,0,1,2,0,0,0,3,4,26,0,2,0,0,0,,0,0,0,0,0,0,0,0,0,0,0,,0
00-0002058,Tim Brown,WR,1999,2,REG,1999_02_OAK_MIN,LV,MIN,0,0,0,0,0,0,0,0,0,0,0,0,9,12,86,0,4,0,0,0,,0,0,0,0,0,0,0,0,0,0,0,,0
00-0002068,Troy Brown,WR,1999,2,REG,1999_02_IND_NE,NE,IND,0,0,0,0,0,0,0,0,0,0,0,0,2,4,37,0,2,0,0,0,,0,0,0,0,0,0,0,0,0,0,0,,0
00-0002102,Mark Bruener,TE,1999,2,REG,1999_02_PIT_BAL,PIT,BAL,0,0,0,0,0,0,0,0,0,0,0,0,2,3,4,0,0,0,0,0,,0,0,0,0,0,0,0,0,0,0,0,,0
00-0002110,Mark Brunell,QB,1999,2,REG,1999_02_JAX_CAR,JAX,CAR,20,32,214,0,0,2,-14,6,20,0,3,0,0,0,0,0,0,0,0,0,,0,0,0,0,0,0,0,0,0,0,0,,0
00-0002459,Kenny Bynum,RB,1999,2,REG,1999_02_SD_CIN,LAC,CIN,0,0,0,0,0,0,0,3,4,0,0,0,0,0,0,0,0,0,0,0,,0,0,0,0,0,0,0,0,0,0,0,,0
00-0002544,Chris Calloway,WR,1999,2,REG,1999_02_ATL_DAL,ATL,DAL,0,0,0,0,0,0,0,0,0,0,0,0,3,9,52,0,2,0,0,0,,0,0,0,0,0,0,0,0,0,0,0,,0
00-0002565,Dan Campbell,TE,1999,2,REG,1999_02_WAS_NYG,NYG,WAS,0,0,0,0,0,0,0,0,0,0,0,0,0,1,0,0,0,0,0,0,,0,0,0,0,0,0,0,0,0,0,0,,0
00-0002586,Mark Campbell,TE,1999,2,REG,1999_02_CLE_TEN,CLE,TEN,0,0,0,0,0,0,0,0,0,0,0,0,2,3,28,0,2,0,0,0,,0,0,0,0,0,0,0,0,0,0,0,,0
00-0002655,John Carney,K,1999,2,REG,1999_02_SD_CIN,LAC,CIN,0,0,0,0,0,0,0,0,0,0,0,0,0,0,0,0,0,0,4,4,42,0,3,0,1,0,0,2,2,0,0,0,,0
00-0002701,Rae Carruth,WR,1999,2,REG,1999_02_JAX_CAR,CAR,JAX,0,0,0,0,0,0,0,0,0,0,0,0,2,5,27,0,2,0,0,0,,0,0,0,0,0,0,0,0,0,0,0,,0
00-0002713,Tony Carter,RB,1999,2,REG,1999_02_IND_NE,NE,IND,0,0,0,0,0,0,0,0,0,0,0,0,4,6,24,0,1,0,0,0,,0,0,0,0,0,0,0,0,0,0,0,,0
00-0002721,Cris Carter,WR,1999,2,REG,1999_02_OAK_MIN,MIN,LV,0,0,0,0,0,0,0,0,0,0,0,0,5,6,70,0,4,0,0,0,,0,0,0,0,0,0,0,0,0,0,0,,0
00-0002743,Ki-Jana Carter,RB,1999,2,REG,1999_02_SD_CIN,CIN,LAC,0,0,0,0,0,0,0,0,0,0,0,0,2,3,13,0,0,0,0,0,,0,0,0,0,0,0,0,0,0,0,0,,0
00-0002787,Stoney Case,QB,1999,2,REG,1999_02_PIT_BAL,BAL,PIT,7,15,130,1,0,1,-6,1,8,0,0,0,0,0,0,0,0,0,0,0,,0,0,0,0,0,0,0,0,0,0,0,,0
00-0002846,Larry Centers,FB,1999,2,REG,1999_02_WAS_NYG,WAS,NYG,0,0,0,0,0,0,0,1,-2,0,0,0,4,4,39,0,3,0,0,0,,0,0,0,0,0,0,0,0,0,0,0,,0
00-0002861,Byron Chamberlain,TE,1999,2,REG,1999_02_DEN_KC,DEN,KC,0,0,0,0,0,0,0,0,0,0,0,0,1,1,17,0,1,0,0,0,,0,0,0,0,0,0,0,0,0,0,0,,0
00-0002942,Darrin Chiaverini,WR,1999,2,REG,1999_02_CLE_TEN,CLE,TEN,0,0,0,0,0,0,0,0,0,0,0,0,0,2,0,0,0,0,0,0,,0,0,0,0,0,0,0,0,0,0,0,,0
00-0002958,Mark Chmura,TE,1999,2,REG,1999_02_GB_DET,GB,DET,0,0,0,0,0,0,0,0,0,0,0,0,1,2,11,0,0,0,0,0,,0,0,0,0,0,0,0,0,0,0,0,,0
00-0002970,Bob Christian,FB,1999,2,REG,1999_02_ATL_DAL,ATL,DAL,0,0,0,0,0,0,0,0,0,0,0,0,1,1,8,0,1,0,0,0,,0,0,0,0,0,0,0,0,0,0,0,,0
00-0002975,Steve Christie,K,1999,2,REG,1999_02_NYJ_BUF,BUF,NYJ,0,0,0,0,0,0,0,0,0,0,0,0,0,0,0,0,0,0,1,3,35,0,0,1,0,0,0,2,2,0,0,0,,0
00-0003103,Cameron Cleeland,TE,1999,2,REG,1999_02_NO_SF,NO,SF,0,0,0,0,0,0,0,0,0,0,0,0,2,4,32,0,2,0,0,0,,0,0,0,0,0,0,0,0,0,0,0,,0
00-0003142,Ben Coates,TE,1999,2,REG,1999_02_IND_NE,NE,IND,0,0,0,0,0,0,0,0,0,0,0,0,4,9,34,2,3,0,0,0,,0,0,0,0,0,0,0,0,0,0,0,,0
00-0003266,Bobby Collins,TE,1999,2,REG,1999_02_NYJ_BUF,BUF,NYJ,0,0,0,0,0,0,0,0,0,0,0,0,0,1,0,0,0,0,0,0,,0,0,0,0,0,0,0,0,0,0,0,,0
00-0003271,Cecil Collins,RB,1999,2,REG,1999_02_ARI_MIA,MIA,ARI,0,0,0,0,0,0,0,15,45,0,2,0,0,0,0,0,0,0,0,0,,0,0,0,0,0,0,0,0,0,0,0,,0
00-0003292,Kerry Collins,QB,1999,2,REG,1999_02_WAS_NYG,NYG,WAS,3,7,44,0,1,0,0,0,0,0,0,0,0,0,0,0,0,0,0,0,,0,0,0,0,0,0,0,0,0,0,0,,0
00-0003378,Albert Connell,WR,1999,2,REG,1999_02_WAS_NYG,WAS,NYG,0,0,0,0,0,0,0,0,0,0,0,0,4,8,29,0,2,0,0,0,,0,0,0,0,0,0,0,0,0,0,0,,0
00-0003395,Brett Conway,K,1999,2,REG,1999_02_WAS_NYG,WAS,NYG,0,0,0,0,0,0,0,0,0,0,0,0,0,0,0,0,0,0,1,1,48,0,0,0,1,0,0,5,6,0,0,0,,0
00-0003396,Curtis Conway,WR,1999,2,REG,1999_02_SEA_CHI,CHI,SEA,0,0,0,0,0,0,0,1,-2,0,0,0,3,7,26,0,1,0,0,0,,0,0,0,0,0,0,0,0,0,0,0,,0
00-0003441,Andre Cooper,WR,1999,2,REG,1999_02_DEN_KC,DEN,KC,0,0,0,0,0,0,0,0,0,0,0,0,0,1,0,0,0,0,0,0,,0,0,0,0,0,0,0,0,0,0,0,,0
00-0003535,Tim Couch,QB,1999,2,REG,1999_02_CLE_TEN,CLE,TEN,12,24,134,1,0,7,-44,5,40,0,3,0,0,0,0,0,0,0,0,0,,0,0,0,0,0,0,0,0,0,0,0,,0
00-0003610,Aaron Craver,FB,1999,2,REG,1999_02_NO_SF,NO,SF,0,0,0,0,0,0,0,3,4,0,0,0,3,6,14,0,1,0,0,0,,0,0,0,0,0,0,0,0,0,0,0,,0
00-0003681,Howard Cross,TE,1999,2,REG,1999_02_WAS_NYG,NYG,WAS,0,0,0,0,0,0,0,0,0,0,0,0,0,1,0,0,0,0,0,0,,0,0,0,0,0,0,0,0,0,0,0,,0
00-0003700,Germane Crowell,WR,1999,2,REG,1999_02_GB_DET,DET,GB,0,0,0,0,0,0,0,0,0,0,0,0,1,4,3,0,0,0,0,0,,0,0,0,0,0,0,0,0,0,0,0,,0
00-0003715,Carlester Crumpler,TE,1999,2,REG,1999_02_OAK_MIN,MIN,LV,0,0,0,0,0,0,0,0,0,0,0,0,1,2,31,1,1,0,0,0,,0,0,0,0,0,0,0,0,0,0,0,,0
00-0003761,Randall Cunningham,QB,1999,2,REG,1999_02_OAK_MIN,MIN,LV,23,39,364,2,2,6,-44,1,0,0,0,1,0,0,0,0,0,0,0,0,,0,0,0,0,0,0,0,0,0,0,0,,0
00-0003762,Richie Cunningham,K,1999,2,REG,1999_02_ATL_DAL,DAL,ATL,0,0,0,0,0,0,0,0,0,0,0,0,0,0,0,0,0,0,1,2,23,0,1,0,0,0,0,0,0,0,0,0,,0
00-0003841,Brad Daluiso,K,1999,2,REG,1999_02_WAS_NYG,NYG,WAS,0,0,0,0,0,0,0,0,0,0,0,0,0,0,0,0,0,0,0,0,,0,0,0,0,0,0,3,3,0,0,0,,0
00-0004052,Stephen Davis,RB,1999,2,REG,1999_02_WAS_NYG,WAS,NYG,0,0,0,0,0,0,0,23,126,3,8,0,1,2,5,0,0,0,0,0,,0,0,0,0,0,0,0,0,0,0,0,,0
00-0004054,Terrell Davis,RB,1999,2,REG,1999_02_DEN_KC,DEN,KC,0,0,0,0,0,0,0,21,79,1,4,1,2,2,18,0,1,0,0,0,,0,0,0,0,0,0,0,0,0,0,0,,0
00-0004063,Tyrone Davis,TE,1999,2,REG,1999_02_GB_DET,GB,DET,0,0,0,0,0,0,0,0,0,0,0,0,2,3,27,0,1,0,0,0,,0,0,0,0,0,0,0,0,0,0,0,,0
00-0004077,Sean Dawkins,WR,1999,2,REG,1999_02_SEA_CHI,SEA,CHI,0,0,0,0,0,0,0,0,0,0,0,0,1,5,7,0,0,0,0,0,,0,0,0,0,0,0,0,0,0,0,0,,0
00-0004079,Lawrence Dawsey,WR,1999,2,REG,1999_02_NO_SF,NO,SF,0,0,0,0,0,0,0,0,0,0,0,0,3,4,34,1,2,0,0,0,,0,0,0,0,0,0,0,0,0,0,0,,0
00-0004091,Phil Dawson,K,1999,2,REG,1999_02_CLE_TEN,CLE,TEN,0,0,0,0,0,0,0,0,0,0,0,0,0,0,0,0,0,0,1,1,41,0,0,0,1,0,0,0,0,0,0,0,,0
00-0004147,Al Del Greco,K,1999,2,REG,1999_02_CLE_TEN,TEN,CLE,0,0,0,0,0,0,0,0,0,0,0,0,0,0,0,0,0,0,1,2,35,0,0,1,0,0,0,3,3,0,0,0,,0
00-0004172,Greg DeLong,TE,1999,2,REG,1999_02_PIT_BAL,BAL,PIT,0,0,0,0,0,0,0,0,0,0,0,0,1,1,5,0,0,0,0,0,,0,0,0,0,0,0,0,0,0,0,0,,0
00-0004293,Trent Dilfer,QB,1999,2,REG,1999_02_TB_PHI,TB,PHI,7,14,89,2,2,2,-25,5,10,0,1,0,0,0,0,0,0,0,0,0,,0,0,0,0,0,0,0,0,0,0,0,,0
00-0004294,Ken Dilger,TE,1999,2,REG,1999_02_IND_NE,IND,NE,0,0,0,0,0,0,0,0,0,0,0,0,0,2,0,0,0,0,0,0,,0,0,0,0,0,0,0,0,0,0,0,,0
00-0004304,Corey Dillon,RB,1999,2,REG,1999_02_SD_CIN,CIN,LAC,0,0,0,0,0,0,0,12,37,0,2,0,0,1,0,0,0,0,0,0,,0,0,0,0,0,0,0,0,0,0,0,,0
00-0004386,Chris Doering,WR,1999,2,REG,1999_02_DEN_KC,DEN,KC,0,0,0,0,0,0,0,0,0,0,0,0,0,1,0,0,0,0,0,0,,0,0,0,0,0,0,0,0,0,0,0,,0
00-0004463,Dameane Douglas,WR,1999,2,REG,1999_02_TB_PHI,PHI,TB,0,0,0,0,0,0,0,0,0,0,0,0,3,4,15,0,0,0,0,0,,0,0,0,0,0,0,0,0,0,0,0,,0
00-0004524,Troy Drayton,TE,1999,2,REG,1999_02_ARI_MIA,MIA,ARI,0,0,0,0,0,0,0,0,0,0,0,0,5,7,50,1,4,0,0,0,,0,0,0,0,0,0,0,0,0,0,0,,0
00-0004574,Rickey Dudley,TE,1999,2,REG,1999_02_OAK_MIN,LV,MIN,0,0,0,0,0,0,0,0,0,0,0,0,2,4,49,0,2,0,0,0,,0,0,0,0,0,0,0,0,0,0,0,,0
00-0004640,Warrick Dunn,RB,1999,2,REG,1999_02_TB_PHI,TB,PHI,0,0,0,0,0,0,0,24,82,0,4,0,0,0,0,0,0,0,0,0,,0,0,0,0,0,0,0,0,0,0,0,,0
00-0004673,Tim Dwight,WR,1999,2,REG,1999_02_ATL_DAL,ATL,DAL,0,0,0,0,0,0,0,0,0,0,0,0,1,1,45,1,1,0,0,0,,0,0,0,0,0,0,0,0,0,0,0,,0
00-0004694,Kevin Dyson,WR,1999,2,REG,1999_02_CLE_TEN,TEN,CLE,0,0,0,0,0,0,0,0,0,0,0,0,5,7,52,0,3,0,0,0,,0,0,0,0,0,0,0,0,0,0,0,,0
00-0004705,Quinn Early,WR,1999,2,REG,1999_02_NYJ_BUF,NYJ,BUF,0,0,0,0,0,0,0,0,0,0,0,0,1,4,13,0,1,0,0,0,,0,0,0,0,0,0,0,0,0,0,0,,0
00-0004780,Troy Edwards,WR,1999,2,REG,1999_02_PIT_BAL,PIT,BAL,0,0,0,0,0,0,0,0,0,0,0,0,5,7,38,0,2,0,0,0,,0,0,0,0,0,0,0,0,0,0,0,,0
00-0004811,Jason Elam,K,1999,2,REG,1999_02_DEN_KC,DEN,KC,0,0,0,0,0,0,0,0,0,0,0,0,0,0,0,0,0,0,1,1,50,0,0,0,0,1,0,1,1,0,0,0,,0
00-0004888,Bert Emanuel,WR,1999,2,REG,1999_02_TB_PHI,TB,PHI,0,0,0,0,0,0,0,0,0,0,0,0,1,2,19,1,1,0,0,0,,0,0,0,0,0,0,0,0,0,0,0,,0
00-0004915,Bobby Engram,WR,1999,2,REG,1999_02_SEA_CHI,CHI,SEA,0,0,0,0,0,0,0,0,0,0,0,0,3,8,33,0,3,0,0,0,,0,0,0,0,0,0,0,0,0,0,0,,0
00-0004916,Curtis Enis,RB,1999,2,REG,1999_02_SEA_CHI,CHI,SEA,0,0,0,0,0,0,0,25,94,1,6,1,3,7,29,0,1,0,0,0,,0,0,0,0,0,0,0,0,0,0,0,,0
00-0004972,Chuck Evans,RB,1999,2,REG,1999_02_PIT_BAL,BAL,PIT,0,0,0,0,0,0,0,4,13,0,0,0,0,1,0,0,0,0,0,0,,0,0,0,0,0,0,0,0,0,0,0,,0
00-0005060,Chad Fann,TE,1999,2,REG,1999_02_NO_SF,SF,NO,0,0,0,0,0,0,0,0,0,0,0,0,0,1,0,0,0,0,0,0,,0,0,0,0,0,0,0,0,0,0,0,,0
00-0005091,Kevin Faulk,RB,1999,2,REG,1999_02_IND_NE,NE,IND,0,0,0,0,0,0,0,5,9,0,0,1,1,2,1,0,0,0,0,0,,0,0,0,0,0,0,0,0,0,0,0,,0
00-0005106,Brett Favre,QB,1999,2,REG,1999_02_GB_DET,GB,DET,20,41,288,0,1,1,-5,2,1,0,1,1,0,0,0,0,0,0,0,0,,0,0,0,0,0,0,0,0,0,0,0,,0
00-0005113,Jeff Feagles,P,1999,2,REG,1999_02_SEA_CHI,SEA,CHI,0,0,0,0,0,0,0,1,0,0,0,1,0,0,0,0,0,0,0,0,,0,0,0,0,0,0,0,0,6,209,135,52,1
00-0005324,Terrell Fletcher,RB,1999,2,REG,1999_02_SD_CIN,LAC,CIN,0,0,0,0,0,0,0,3,9,0,1,0,2,3,6,0,0,0,0,0,,0,0,0,0,0,0,0,0,0,0,0,,0
00-0005361,William Floyd,FB,1999,2,REG,1999_02_JAX_CAR,CAR,JAX,0,0,0,0,0,0,0,2,5,0,0,0,2,2,13,0,1,0,0,0,,0,0,0,0,0,0,0,0,0,0,0,,0
00-0005363,Doug Flutie,QB,1999,2,REG,1999_02_NYJ_BUF,BUF,NYJ,15,25,160,0,0,0,0,7,67,1,3,0,0,0,0,0,0,0,0,0,,0,0,0,0,0,0,0,0,0,0,0,,0
00-0005379,Glenn Foley,QB,1999,2,REG,1999_02_SEA_CHI,SEA,CHI,18,30,283,2,0,6,-34,3,-1,0,0,1,0,0,0,0,0,0,0,0,,0,0,0,0,0,0,0,0,0,0,0,,0
00-0005562,Antonio Freeman,WR,1999,2,REG,1999_02_GB_DET,GB,DET,0,0,0,0,0,0,0,0,0,0,0,0,6,17,85,0,3,0,0,0,,0,0,0,0,0,0,0,0,0,0,0,,0
00-0005616,Irving Fryar,WR,1999,2,REG,1999_02_WAS_NYG,WAS,NYG,0,0,0,0,0,0,0,0,0,0,0,0,1,2,10,0,1,0,0,0,,0,0,0,0,0,0,0,0,0,0,0,,0
00-0005668,Oronde Gadsden,WR,1999,2,REG,1999_02_ARI_MIA,MIA,ARI,0,0,0,0,0,0,0,0,0,0,0,0,2,2,11,0,0,0,0,0,,0,0,0,0,0,0,0,0,0,0,0,,0
00-0005741,Rich Gannon,QB,1999,2,REG,1999_02_OAK_MIN,LV,MIN,21,33,248,1,0,1,-8,5,48,1,2,0,0,0,0,0,0,0,0,0,,0,0,0,0,0,0,0,0,0,0,0,,0
00-0005771,Chris Gardocki,P,1999,2,REG,1999_02_CLE_TEN,CLE,TEN,0,0,0,0,0,0,0,0,0,0,0,0,0,0,0,0,0,0,0,0,,0,0,0,0,0,0,0,0,5,239,210,55,2
00-0005779,Charlie Garner,RB,1999,2,REG,1999_02_NO_SF,SF,NO,0,0,0,0,0,0,0,12,72,0,4,0,5,5,88,0,2,0,0,0,,0,0,0,0,0,0,0,0,0,0,0,,0
00-0005822,Sam Gash,FB,1999,2,REG,1999_02_NYJ_BUF,BUF,NYJ,0,0,0,0,0,0,0,0,0,0,0,0,3,5,18,0,0,0,0,0,,0,0,0,0,0,0,0,0,0,0,0,,0
00-0005883,Eddie George,RB,1999,2,REG,1999_02_CLE_TEN,TEN,CLE,0,0,0,0,0,0,0,31,97,2,9,0,4,4,27,0,1,0,0,0,,0,0,0,0,0,0,0,0,0,0,0,,0
00-0006043,Terry Glenn,WR,1999,2,REG,1999_02_IND_NE,NE,IND,0,0,0,0,0,0,0,0,0,0,0,0,7,10,122,0,6,0,0,0,,0,0,0,0,0,0,0,0,0,0,0,,0
00-0006047,Andrew Glover,TE,1999,2,REG,1999_02_OAK_MIN,MIN,LV,0,0,0,0,0,0,0,0,0,0,0,0,4,9,60,0,2,0,0,0,,0,0,0,0,0,0,0,0,0,0,0,,0
00-0006101,Tony Gonzalez,TE,1999,2,REG,1999_02_DEN_KC,KC,DEN,0,0,0,0,0,0,0,0,0,0,0,0,2,2,27,0,2,0,0,0,,0,0,0,0,0,0,0,0,0,0,0,,0
00-0006133,Hunter Goodwin,TE,1999,2,REG,1999_02_ARI_MIA,MIA,ARI,0,0,0,0,0,0,0,0,0,0,0,0,1,1,1,0,0,0,0,0,,0,0,0,0,0,0,0,0,0,0,0,,0
00-0006181,Toby Gowin,P,1999,2,REG,1999_02_ATL_DAL,DAL,ATL,0,0,0,0,0,0,0,0,0,0,0,0,0,0,0,0,0,0,0,0,,0,0,0,0,0,0,3,3,6,221,217,51,2
00-0006182,Brian Gowins,K,1999,2,REG,1999_02_SEA_CHI,CHI,SEA,0,0,0,0,0,0,0,0,0,0,0,0,0,0,0,0,0,0,2,4,43,0,1,0,1,0,0,1,1,0,0,0,,0
00-0006210,Jeff Graham,WR,1999,2,REG,1999_02_SD_CIN,LAC,CIN,0,0,0,0,0,0,0,0,0,0,0,0,2,3,45,1,2,0,0,0,,0,0,0,0,0,0,0,0,0,0,0,,0
00-0006212,Kent Graham,QB,1999,2,REG,1999_02_WAS_NYG,NYG,WAS,20,31,268,1,1,2,-22,2,5,0,1,0,0,0,0,0,0,0,0,0,,0,0,0,0,0,0,0,0,0,0,0,,0
00-0006223,Martin Gramatica,K,1999,2,REG,1999_02_TB_PHI,TB,PHI,0,0,0,0,0,0,0,0,0,0,0,0,0,0,0,0,0,0,2,2,51,0,1,0,0,1,0,1,1,0,0,0,,0
00-0006299,Tony Graziani,QB,1999,2,REG,1999_02_ATL_DAL,ATL,DAL,7,16,90,0,1,1,0,1,0,0,0,0,0,0,0,0,0,0,0,0,,0,0,0,0,0,0,0,0,0,0,0,,0
00-0006300,Elvis Grbac,QB,1999,2,REG,1999_02_DEN_KC,KC,DEN,15,20,179,0,1,1,-2,1,0,0,0,0,0,0,0,0,0,0,0,0,,0,0,0,0,0,0,0,0,0,0,0,,0
00-0006322,E.G. Green,WR,1999,2,REG,1999_02_IND_NE,IND,NE,0,0,0,0,0,0,0,0,0,0,0,0,5,9,61,0,4,0,0,0,,0,0,0,0,0,0,0,0,0,0,0,,0
00-0006331,Jacquez Green,WR,1999,2,REG,1999_02_TB_PHI,TB,PHI,0,0,0,0,0,0,0,0,0,0,0,0,1,2,14,0,1,0,0,0,,0,0,0,0,0,0,0,0,0,0,0,,0
00-0006359,Yatil Green,WR,1999,2,REG,1999_02_ARI_MIA,MIA,ARI,0,0,0,0,0,0,0,0,0,0,0,0,1,1,7,0,0,0,0,0,,0,0,0,0,0,0,0,0,0,0,0,,0
00-0006380,Scott Greene,RB,1999,2,REG,1999_02_IND_NE,IND,NE,0,0,0,0,0,0,0,0,0,0,0,0,1,1,4,0,0,0,0,0,,0,0,0,0,0,0,0,0,0,0,0,,0
00-0006423,Brian Griese,QB,1999,2,REG,1999_02_DEN_KC,DEN,KC,11,16,107,0,1,2,-16,2,0,0,0,0,0,0,0,0,0,0,0,0,,0,0,0,0,0,0,0,0,0,0,0,,0
00-0006456,Howard Griffith,RB,1999,2,REG,1999_02_DEN_KC,DEN,KC,0,0,0,0,0,0,0,1,2,0,0,0,4,4,20,0,1,0,0,0,,0,0,0,0,0,0,0,0,0,0,0,,0
00-0006482,Clif Groce,FB,1999,2,REG,1999_02_SD_CIN,CIN,LAC,0,0,0,0,0,0,0,0,0,0,0,0,2,2,3,0,0,0,0,0,,0,0,0,0,0,0,0,0,0,0,0,,0
00-0006662,John Hall,K,1999,2,REG,1999_02_NYJ_BUF,NYJ,BUF,0,0,0,0,0,0,0,0,0,0,0,0,0,0,0,0,0,0,1,1,31,0,0,1,0,0,0,0,0,0,0,0,,0
00-0006692,Ty Hallock,LB,1999,2,REG,1999_02_SEA_CHI,CHI,SEA,0,0,0,0,0,0,0,0,0,0,0,0,2,3,8,0,1,0,0,0,,0,0,0,0,0,0,0,0,0,0,0,,0
00-0006800,Jason Hanson,K,1999,2,REG,1999_02_GB_DET,DET,GB,0,0,0,0,0,0,0,0,0,0,0,0,0,0,0,0,0,0,1,1,48,0,0,0,1,0,0,2,2,0,0,0,,0
00-0006803,Byron Hanspard,RB,1999,2,REG,1999_02_ATL_DAL,ATL,DAL,0,0,0,0,0,0,0,19,76,0,2,0,1,5,7,0,1,0,0,0,,0,0,0,0,0,0,0,0,0,0,0,,0
00-0006808,Jim Harbaugh,QB,1999,2,REG,1999_02_SD_CIN,LAC,CIN,15,27,159,2,0,4,-26,1,0,0,0,0,0,0,0,0,0,0,0,0,,0,0,0,0,0,0,0,0,0,0,0,,0
00-0006949,Jackie Harris,TE,1999,2,REG,1999_02_CLE_TEN,TEN,CLE,0,0,0,0,0,0,0,0,0,0,0,0,2,3,16,0,0,0,0,0,,0,0,0,0,0,0,0,0,0,0,0,,0
00-0006977,Mark Harris,WR,1999,2,REG,1999_02_NO_SF,SF,NO,0,0,0,0,0,0,0,0,0,0,0,0,0,1,0,0,0,0,0,0,,0,0,0,0,0,0,0,0,0,0,0,,0
00-0006994,Ronnie Harris,WR,1999,2,REG,1999_02_ATL_DAL,ATL,DAL,0,0,0,0,0,0,0,0,0,0,0,0,3,4,46,0,1,0,0,0,,0,0,0,0,0,0,0,0,0,0,0,,0
00-0007024,Marvin Harrison,WR,1999,2,REG,1999_02_IND_NE,IND,NE,0,0,0,0,0,0,0,0,0,0,0,0,7,11,105,3,5,0,0,0,,0,0,0,0,0,0,0,0,0,0,0,,0
00-0007093,Andre Hastings,WR,1999,2,REG,1999_02_NO_SF,NO,SF,0,0,0,0,0,0,0,0,0,0,0,0,2,3,23,0,2,0,0,0,,0,0,0,0,0,0,0,0,0,0,0,,0
00-0007120,Courtney Hawkins,WR,1999,2,REG,1999_02_PIT_BAL,PIT,BAL,0,0,0,0,0,0,0,0,0,0,0,0,6,8,54,0,4,0,0,0,,0,0,0,0,0,0,0,0,0,0,0,,0
00-0007254,William Henderson,FB,1999,2,REG,1999_02_GB_DET,GB,DET,0,0,0,0,0,0,0,0,0,0,0,0,0,1,0,0,0,0,0,0,,0,0,0,0,0,0,0,0,0,0,0,,0
00-0007308,Craig Hentrich,P,1999,2,REG,1999_02_CLE_TEN,TEN,CLE,0,0,0,0,0,0,0,0,0,0,0,0,0,0,0,0,0,0,0,0,,0,0,0,0,0,0,0,0,4,159,156,52,3
00-0007389,Skip Hicks,RB,1999,2,REG,1999_02_WAS_NYG,WAS,NYG,0,0,0,0,0,0,0,8,22,0,1,0,0,0,0,0,0,0,0,0,,0,0,0,0,0,0,0,0,0,0,0,,0
00-0007436,Greg Hill,RB,1999,2,REG,1999_02_GB_DET,DET,GB,0,0,0,0,0,0,0,3,8,0,0,0,1,1,0,0,0,0,0,0,,0,0,0,0,0,0,0,0,0,0,0,,0
00-0007468,Ike Hilliard,WR,1999,2,REG,1999_02_WAS_NYG,NYG,WAS,0,0,0,0,0,0,0,0,0,0,0,0,8,10,114,1,6,0,0,0,,0,0,0,0,0,0,0,0,0,0,0,,0
00-0007520,Leroy Hoard,RB,1999,2,REG,1999_02_OAK_MIN,MIN,LV,0,0,0,0,0,0,0,2,-1,0,0,0,1,1,2,0,0,0,0,0,,0,0,0,0,0,0,0,0,0,0,0,,0
00-0007530,Billy Joe Hobert,QB,1999,2,REG,1999_02_NO_SF,NO,SF,20,37,223,3,2,0,0,2,2,0,1,1,0,0,0,0,0,0,0,0,,0,0,0,0,0,0,0,0,0,0,0,,0
00-0007622,Mike Hollis,K,1999,2,REG,1999_02_JAX_CAR,JAX,CAR,0,0,0,0,0,0,0,0,0,0,0,0,0,0,0,0,0,0,3,4,40,0,0,2,1,0,0,1,1,0,0,0,,0
00-0007661,Priest Holmes,RB,1999,2,REG,1999_02_PIT_BAL,BAL,PIT,0,0,0,0,0,0,0,1,2,0,0,0,0,0,0,0,0,0,0,0,,0,0,0,0,0,0,0,0,0,0,0,,0
00-0007969,Richard Huntley,RB,1999,2,REG,1999_02_PIT_BAL,PIT,BAL,0,0,0,0,0,0,0,10,49,1,3,0,2,3,10,0,0,0,0,0,,0,0,0,0,0,0,0,0,0,0,0,,0
00-0007983,Michael Husted,K,1999,2,REG,1999_02_OAK_MIN,LV,MIN,0,0,0,0,0,0,0,0,0,0,0,0,0,0,0,0,0,0,3,3,42,0,0,2,1,0,0,1,1,0,0,0,,0
00-0008044,Michael Irvin,WR,1999,2,REG,1999_02_ATL_DAL,DAL,ATL,0,0,0,0,0,0,0,0,0,0,0,0,2,5,13,0,1,0,0,0,,0,0,0,0,0,0,0,0,0,0,0,,0
00-0008046,Sedrick Irvin,RB,1999,2,REG,1999_02_GB_DET,DET,GB,0,0,0,0,0,0,0,1,1,0,0,0,0,0,0,0,0,0,0,0,,0,0,0,0,0,0,0,0,0,0,0,,0
00-0008059,Qadry Ismail,WR,1999,2,REG,1999_02_PIT_BAL,BAL,PIT,0,0,0,0,0,0,0,0,0,0,0,0,4,12,53,1,3,0,0,0,,0,0,0,0,0,0,0,0,0,0,0,,0
00-0008060,Raghib Ismail,WR,1999,2,REG,1999_02_ATL_DAL,DAL,ATL,0,0,0,0,0,0,0,0,0,0,0,0,1,3,38,0,1,0,0,0,,0,0,0,0,0,0,0,0,0,0,0,,0
00-0008080,Chris Jacke,K,1999,2,REG,1999_02_ARI_MIA,ARI,MIA,0,0,0,0,0,0,0,0,0,0,0,0,0,0,0,0,0,0,3,4,44,0,0,2,1,0,0,1,1,0,0,0,,0
00-0008210,Willie Jackson,WR,1999,2,REG,1999_02_SD_CIN,CIN,LAC,0,0,0,0,0,0,0,0,0,0,0,0,1,2,5,0,0,0,0,0,,0,0,0,0,0,0,0,0,0,0,0,,0
00-0008241,Edgerrin James,RB,1999,2,REG,1999_02_IND_NE,IND,NE,0,0,0,0,0,0,0,32,118,1,7,1,1,2,9,0,1,0,0,0,,0,0,0,0,0,0,0,0,0,0,0,,0
00-0008313,Shawn Jefferson,WR,1999,2,REG,1999_02_IND_NE,NE,IND,0,0,0,0,0,0,0,0,0,0,0,0,3,5,34,1,3,0,0,0,,0,0,0,0,0,0,0,0,0,0,0,,0
00-0008329,Dietrich Jells,WR,1999,2,REG,1999_02_TB_PHI,PHI,TB,0,0,0,0,0,0,0,0,0,0,0,0,0,3,0,0,0,0,0,0,,0,0,0,0,0,0,0,0,0,0,0,,0
00-0008400,James Jett,WR,1999,2,REG,1999_02_OAK_MIN,LV,MIN,0,0,0,0,0,0,0,0,0,0,0,0,2,4,40,1,2,0,0,0,,0,0,0,0,0,0,0,0,0,0,0,,0
00-0008401,John Jett,P,1999,2,REG,1999_02_GB_DET,DET,GB,0,0,0,0,0,0,0,1,0,0,0,0,0,0,0,0,0,0,0,0,,0,0,0,0,0,0,0,0,5,206,180,54,2
00-0008430,Anthony Johnson,RB,1999,2,REG,1999_02_JAX_CAR,CAR,JAX,0,0,0,0,0,0,0,1,2,0,0,0,1,1,0,0,0,0,0,0,,0,0,0,0,0,0,0,0,0,0,0,,0
00-0008442,Brad Johnson,QB,1999,2,REG,1999_02_WAS_NYG,WAS,NYG,20,28,231,3,0,0,0,2,11,0,1,0,0,0,0,0,0,0,0,0,,0,0,0,0,0,0,0,0,0,0,0,,0
00-0008454,Charles Johnson,WR,1999,2,REG,1999_02_TB_PHI,PHI,TB,0,0,0,0,0,0,0,0,0,0,0,0,3,6,38,0,1,0,0,0,,0,0,0,0,0,0,0,0,0,0,0,,0
00-0008529,J.J. Johnson,RB,1999,2,REG,1999_02_ARI_MIA,MIA,ARI,0,0,0,0,0,0,0,3,4,0,0,0,1,2,5,0,0,0,0,0,,0,0,0,0,0,0,0,0,0,0,0,,0
00-0008560,Kevin Johnson,WR,1999,2,REG,1999_02_CLE_TEN,CLE,TEN,0,0,0,0,0,0,0,0,0,0,0,0,4,4,62,1,3,0,0,0,,0,0,0,0,0,0,0,0,0,0,0,,0
00-0008561,Keyshawn Johnson,WR,1999,2,REG,1999_02_NYJ_BUF,NYJ,BUF,0,0,0,0,0,0,0,0,0,0,0,0,3,7,47,0,2,0,0,0,,0,0,0,0,0,0,0,0,0,0,0,,0
00-0008566,Lee Johnson,P,1999,2,REG,1999_02_IND_NE,NE,IND,0,0,0,0,0,0,0,0,0,0,0,0,0,0,0,0,0,0,0,0,,0,0,0,0,0,0,0,0,6,295,237,57,1
00-0008570,LeShon Johnson,RB,1999,2,REG,1999_02_WAS_NYG,NYG,WAS,0,0,0,0,0,0,0,8,18,1,1,1,1,1,8,0,0,0,0,0,,0,0,0,0,0,0,0,0,0,0,0,,0
00-0008593,Norm Johnson,K,1999,2,REG,1999_02_TB_PHI,PHI,TB,0,0,0,0,0,0,0,0,0,0,0,0,0,0,0,0,0,0,1,3,39,0,0,1,0,0,0,0,0,0,0,0,,0
00-0008598,Pat Johnson,WR,1999,2,REG,1999_02_PIT_BAL,BAL,PIT,0,0,0,0,0,0,0,0,0,0,0,0,0,2,0,0,0,0,0,0,,0,0,0,0,0,0,0,0,0,0,0,,0
00-0008723,Damon Jones,TE,1999,2,REG,1999_02_JAX_CAR,JAX,CAR,0,0,0,0,0,0,0,0,0,0,0,0,1,2,31,0,1,0,0,0,,0,0,0,0,0,0,0,0,0,0,0,,0
00-0008749,Freddie Jones,TE,1999,2,REG,1999_02_SD_CIN,LAC,CIN,0,0,0,0,0,0,0,0,0,0,0,0,1,5,3,0,0,0,0,0,,0,0,0,0,0,0,0,0,0,0,0,,0
00-0008921,Randy Jordan,RB,1999,2,REG,1999_02_OAK_MIN,LV,MIN,0,0,0,0,0,0,0,1,0,0,0,0,2,4,12,0,1,0,0,0,,0,0,0,0,0,0,0,0,0,0,0,,0
00-0008962,Joe Jurevicius,WR,1999,2,REG,1999_02_WAS_NYG,NYG,WAS,0,0,0,0,0,0,0,0,0,0,0,0,3,4,36,0,2,0,0,0,,0,0,0,0,0,0,0,0,0,0,0,,0
00-0009007,Danny Kanell,QB,1999,2,REG,1999_02_ATL_DAL,ATL,DAL,9,22,172,1,2,3,-23,0,0,0,0,0,0,0,0,0,0,0,0,0,,0,0,0,0,0,0,0,0,0,0,0,,0
00-0009028,John Kasay,K,1999,2,REG,1999_02_JAX_CAR,CAR,JAX,0,0,0,0,0,0,0,0,0,0,0,0,0,0,0,0,0,0,0,0,,0,0,0,0,0,0,2,2,0,0,0,,0
00-0009038,Napoleon Kaufman,RB,1999,2,REG,1999_02_OAK_MIN,LV,MIN,0,0,0,0,0,0,0,9,31,0,3,0,1,2,3,0,0,0,0,0,,0,0,0,0,0,0,0,0,0,0,0,,0
00-0009163,Eddie Kennison,WR,1999,2,REG,1999_02_NO_SF,NO,SF,0,0,0,0,0,0,0,0,0,0,0,0,5,12,46,1,3,0,0,0,,0,0,0,0,0,0,0,0,0,0,0,,0
00-0009288,Terry Kirby,RB,1999,2,REG,1999_02_CLE_TEN,CLE,TEN,0,0,0,0,0,0,0,10,40,0,2,0,2,5,27,0,1,0,0,0,,0,0,0,0,0,0,0,0,0,0,0,,0
00-0009323,Jimmy Kleinsasser,TE,1999,2,REG,1999_02_OAK_MIN,MIN,LV,0,0,0,0,0,0,0,0,0,0,0,0,1,1,6,0,0,0,0,0,,0,0,0,0,0,0,0,0,0,0,0,,0
00-0009417,Rob Konrad,FB,1999,2,REG,1999_02_ARI_MIA,MIA,ARI,0,0,0,0,0,0,0,3,3,0,1,0,2,5,12,0,0,0,0,0,,0,0,0,0,0,0,0,0,0,0,0,,0
00-0009443,Brian Kozlowski,TE,1999,2,REG,1999_02_ATL_DAL,ATL,DAL,0,0,0,0,0,0,0,0,0,0,0,0,1,1,14,0,1,0,0,0,,0,0,0,0,0,0,0,0,0,0,0,,0
00-0009451,Erik Kramer,QB,1999,2,REG,1999_02_SD_CIN,LAC,CIN,3,4,42,0,0,0,0,1,-1,0,0,0,0,0,0,0,0,0,0,0,,0,0,0,0,0,0,0,0,0,0,0,,0
00-0009550,David LaFleur,TE,1999,2,REG,1999_02_ATL_DAL,DAL,ATL,0,0,0,0,0,0,0,0,0,0,0,0,1,2,9,0,0,0,0,0,,0,0,0,0,0,0,0,0,0,0,0,,0
00-0009584,Sean Landeta,P,1999,2,REG,1999_02_TB_PHI,PHI,TB,0,0,0,0,0,0,0,0,0,0,0,0,0,0,0,0,0,0,0,0,,0,0,0,0,0,0,0,0,9,370,333,56,0
00-0009599,Fred Lane,RB,1999,2,REG,1999_02_JAX_CAR,CAR,JAX,0,0,0,0,0,0,0,8,32,0,3,0,1,2,18,0,1,0,0,0,,0,0,0,0,0,0,0,0,0,0,0,,0
00-0009829,Dorsey Levens,RB,1999,2,REG,1999_02_GB_DET,GB,DET,0,0,0,0,0,0,0,29,153,1,8,1,4,4,53,0,3,0,0,0,,0,0,0,0,0,0,0,0,0,0,0,,0
00-0009869,Jermaine Lewis,WR,1999,2,REG,1999_02_PIT_BAL,BAL,PIT,0,0,0,0,0,0,0,0,0,0,0,0,3,6,48,0,2,0,0,0,,0,0,0,0,0,0,0,0,0,0,0,,0
00-0009960,Jonathan Linton,FB,1999,2,REG,1999_02_NYJ_BUF,BUF,NYJ,0,0,0,0,0,0,0,10,44,0,2,0,0,0,0,0,0,0,0,0,,0,0,0,0,0,0,0,0,0,0,0,,0
00-0010007,Kevin Lockett,WR,1999,2,REG,1999_02_DEN_KC,KC,DEN,0,0,0,0,0,0,0,0,0,0,0,0,1,1,5,0,0,0,0,0,,0,0,0,0,0,0,0,0,0,0,0,,0
00-0010072,Ryan Longwell,K,1999,2,REG,1999_02_GB_DET,GB,DET,0,0,0,0,0,0,0,0,0,0,0,0,0,0,0,0,0,0,2,2,45,0,1,0,1,0,0,1,1,0,0,0,,0
00-0010107,Derek Loville,RB,1999,2,REG,1999_02_DEN_KC,DEN,KC,0,0,0,0,0,0,0,0,0,0,0,0,1,1,5,0,0,0,0,0,,0,0,0,0,0,0,0,0,0,0,0,,0
00-0010346,Peyton Manning,QB,1999,2,REG,1999_02_IND_NE,IND,NE,18,30,223,3,2,0,0,1,3,0,0,0,0,0,0,0,0,0,0,0,,0,0,0,0,0,0,0,0,0,0,0,,0
00-0010373,Olindo Mare,K,1999,2,REG,1999_02_ARI_MIA,MIA,ARI,0,0,0,0,0,0,0,0,0,0,0,0,0,0,0,0,0,0,4,5,51,0,0,1,2,1,0,1,1,1,36,30,36,0
00-0010379,Dan Marino,QB,1999,2,REG,1999_02_ARI_MIA,MIA,ARI,21,35,221,1,2,0,0,1,-2,0,0,0,0,0,0,0,0,0,0,0,,0,0,0,0,0,0,0,0,0,0,0,,0
00-0010442,Curtis Martin,RB,1999,2,REG,1999_02_NYJ_BUF,NYJ,BUF,0,0,0,0,0,0,0,9,45,0,2,0,1,1,4,0,0,0,0,0,,0,0,0,0,0,0,0,0,0,0,0,,0
00-0010477,Tony Martin,WR,1999,2,REG,1999_02_ARI_MIA,MIA,ARI,0,0,0,0,0,0,0,0,0,0,0,0,2,3,32,0,2,0,0,0,,0,0,0,0,0,0,0,0,0,0,0,,0
00-0010539,Terance Mathis,WR,1999,2,REG,1999_02_ATL_DAL,ATL,DAL,0,0,0,0,0,0,0,1,0,0,0,0,4,9,73,0,3,0,0,0,,0,0,0,0,0,0,0,0,0,0,0,,0
00-0010560,Shane Matthews,QB,1999,2,REG,1999_02_SEA_CHI,CHI,SEA,22,42,212,0,0,3,-20,1,-1,0,0,0,0,0,0,0,0,0,0,0,,0,0,0,0,0,0,0,0,0,0,0,,0
00-0010598,Alonzo Mayes,TE,1999,2,REG,1999_02_SEA_CHI,CHI,SEA,0,0,0,0,0,0,0,0,0,0,0,0,1,2,11,0,1,0,0,0,,0,0,0,0,0,0,0,0,0,0,0,,0
00-0010599,Derrick Mayes,WR,1999,2,REG,1999_02_SEA_CHI,SEA,CHI,0,0,0,0,0,0,0,0,0,0,0,0,7,11,137,1,7,0,0,0,,0,0,0,0,0,0,0,0,0,0,0,,0
00-0010609,Brad Maynard,P,1999,2,REG,1999_02_WAS_NYG,NYG,WAS,0,0,0,0,0,0,0,0,0,0,0,0,0,0,0,0,0,0,0,0,,0,0,0,0,0,0,0,0,5,233,194,55,2
00-0010650,Ed McCaffrey,WR,1999,2,REG,1999_02_DEN_KC,DEN,KC,0,0,0,0,0,0,0,0,0,0,0,0,4,9,44,0,3,0,0,0,,0,0,0,0,0,0,0,0,0,0,0,,0
00-0010668,Keenan McCardell,WR,1999,2,REG,1999_02_JAX_CAR,JAX,CAR,0,0,0,0,0,0,0,0,0,0,0,0,2,6,22,0,2,0,0,0,,0,0,0,0,0,0,0,0,0,0,0,,0
00-0010747,Fred McCrary,RB,1999,2,REG,1999_02_SD_CIN,LAC,CIN,0,0,0,0,0,0,0,0,0,0,0,0,1,1,5,0,0,0,0,0,,0,0,0,0,0,0,0,0,0,0,0,,0
00-0010824,O.J. McDuffie,WR,1999,2,REG,1999_02_ARI_MIA,MIA,ARI,0,0,0,0,0,0,0,0,0,0,0,0,4,9,85,0,3,1,0,0,,0,0,0,0,0,0,0,0,0,0,0,,0
00-0010843,Wane McGarity,WR,1999,2,REG,1999_02_ATL_DAL,DAL,ATL,0,0,0,0,0,0,0,0,0,0,0,0,0,3,0,0,0,0,0,0,,0,0,0,0,0,0,0,0,0,0,0,,0
00-0010859,Tony McGee,TE,1999,2,REG,1999_02_SD_CIN,CIN,LAC,0,0,0,0,0,0,0,0,0,0,0,0,2,3,32,1,2,0,0,0,,0,0,0,0,0,0,0,0,0,0,0,,0
00-0011022,Donovan McNabb,QB,1999,2,REG,1999_02_TB_PHI,PHI,TB,4,11,26,0,0,6,-42,5,38,0,1,0,0,0,0,0,0,0,0,0,,0,0,0,0,0,0,0,0,0,0,0,,0
00-0011044,Cade McNown,QB,1999,2,REG,1999_02_SEA_CHI,CHI,SEA,1,2,4,0,0,0,0,0,0,0,0,0,0,0,0,0,0,0,0,0,,0,0,0,0,0,0,0,0,0,0,0,,0
00-0011081,Natrone Means,RB,1999,2,REG,1999_02_SD_CIN,LAC,CIN,0,0,0,0,0,0,0,27,79,0,3,0,2,2,14,1,1,0,0,0,,0,0,0,0,0,0,0,0,0,0,0,,0
00-0011187,Terry Mickens,WR,1999,2,REG,1999_02_OAK_MIN,LV,MIN,0,0,0,0,0,0,0,0,0,0,0,0,1,3,12,0,1,0,0,0,,0,0,0,0,0,0,0,0,0,0,0,,0
00-0011213,Glyn Milburn,WR,1999,2,REG,1999_02_SEA_CHI,CHI,SEA,0,0,0,0,0,0,0,2,20,0,1,0,2,4,18,0,0,0,0,0,,0,0,0,0,0,0,0,0,0,0,0,,0
00-0011224,Itula Mili,TE,1999,2,REG,1999_02_SEA_CHI,SEA,CHI,0,0,0,0,0,0,0,0,0,0,0,0,1,2,4,0,0,1,0,0,,0,0,0,0,0,0,0,0,0,0,0,,0
00-0011279,Josh Miller,P,1999,2,REG,1999_02_PIT_BAL,PIT,BAL,0,0,0,0,0,0,0,0,0,0,0,0,0,0,0,0,0,0,0,0,,0,0,0,0,0,0,0,0,9,414,338,53,0
00-0011328,Ernie Mills,WR,1999,2,REG,1999_02_ATL_DAL,DAL,ATL,0,0,0,0,0,0,0,0,0,0,0,0,1,2,8,0,1,0,0,0,,0,0,0,0,0,0,0,0,0,0,0,,0
00-0011378,Rick Mirer,QB,1999,2,REG,1999_02_NYJ_BUF,NYJ,BUF,13,28,121,0,0,2,-5,3,16,0,1,0,0,0,0,0,0,0,0,0,,0,0,0,0,0,0,0,0,0,0,0,,0
00-0011399,Brian Mitchell,RB,1999,2,REG,1999_02_WAS_NYG,WAS,NYG,0,0,0,0,0,0,0,3,13,0,0,0,0,0,0,0,0,0,0,0,,0,0,0,0,0,0,0,0,0,0,0,,0
00-0011425,Pete Mitchell,TE,1999,2,REG,1999_02_WAS_NYG,NYG,WAS,0,0,0,0,0,0,0,0,0,0,0,0,2,4,28,0,2,0,0,0,,0,0,0,0,0,0,0,0,0,0,0,,0
00-0011434,Scott Mitchell,QB,1999,2,REG,1999_02_PIT_BAL,BAL,PIT,7,16,48,0,2,1,-5,1,1,0,0,0,0,0,0,0,0,0,0,0,,0,0,0,0,0,0,0,0,0,0,0,,0
00-0011463,Chris Mohr,P,1999,2,REG,1999_02_NYJ_BUF,BUF,NYJ,0,0,0,0,0,0,0,0,0,0,0,0,0,0,0,0,0,0,0,0,,0,0,0,0,0,0,0,0,3,129,123,47,2
00-0011551,Dave Moore,TE,1999,2,REG,1999_02_TB_PHI,TB,PHI,0,0,0,0,0,0,0,0,0,0,0,0,2,5,23,0,1,0,0,0,,0,0,0,0,0,0,0,0,0,0,0,,0
00-0011601,Rob Moore,WR,1999,2,REG,1999_02_ARI_MIA,ARI,MIA,0,0,0,0,0,0,0,0,0,0,0,0,2,10,48,0,2,0,0,0,,0,0,0,0,0,0,0,0,0,0,0,,0
00-0011675,Bam Morris,RB,1999,2,REG,1999_02_DEN_KC,KC,DEN,0,0,0,0,0,0,0,11,32,1,1,0,0,0,0,0,0,0,0,0,,0,0,0,0,0,0,0,0,0,0,0,,0
00-0011727,Johnnie Morton,WR,1999,2,REG,1999_02_GB_DET,DET,GB,0,0,0,0,0,0,0,0,0,0,0,0,4,6,118,1,3,0,0,0,,0,0,0,0,0,0,0,0,0,0,0,,0
00-0011754,Randy Moss,WR,1999,2,REG,1999_02_OAK_MIN,MIN,LV,0,0,0,0,0,0,0,1,11,0,1,0,4,7,86,0,4,0,0,0,,0,0,0,0,0,0,0,0,0,0,0,,0
00-0011770,Eric Moulds,WR,1999,2,REG,1999_02_NYJ_BUF,BUF,NYJ,0,0,0,0,0,0,0,0,0,0,0,0,3,6,38,0,3,0,0,0,,0,0,0,0,0,0,0,0,0,0,0,,0
00-0011795,Muhsin Muhammad,WR,1999,2,REG,1999_02_JAX_CAR,CAR,JAX,0,0,0,0,0,0,0,0,0,0,0,0,4,8,103,1,3,0,0,0,,0,0,0,0,0,0,0,0,0,0,0,,0
00-0011854,Yo Murphy,WR,1999,2,REG,1999_02_TB_PHI,TB,PHI,0,0,0,0,0,0,0,0,0,0,0,0,0,2,0,0,0,0,0,0,,0,0,0,0,0,0,0,0,0,0,0,,0
00-0011869,Adrian Murrell,RB,1999,2,REG,1999_02_ARI_MIA,ARI,MIA,0,0,0,0,0,0,0,20,59,0,2,0,2,3,9,0,0,0,0,0,,0,0,0,0,0,0,0,0,0,0,0,,0
00-0011932,Marcus Nash,WR,1999,2,REG,1999_02_DEN_KC,DEN,KC,0,0,0,0,0,0,0,0,0,0,0,0,0,1,0,0,0,0,0,0,,0,0,0,0,0,0,0,0,0,0,0,,0
00-0012261,Neil O'Donnell,QB,1999,2,REG,1999_02_CLE_TEN,TEN,CLE,31,40,310,1,0,0,0,2,-1,0,0,0,0,0,0,0,0,0,0,0,,0,0,0,0,0,0,0,0,0,0,0,,0
00-0012321,Jeff Ogden,WR,1999,2,REG,1999_02_ATL_DAL,DAL,ATL,0,0,0,0,0,0,0,0,0,0,0,0,2,2,18,0,0,0,0,0,,0,0,0,0,0,0,0,0,0,0,0,,0
00-0012478,Terrell Owens,WR,1999,2,REG,1999_02_NO_SF,SF,NO,0,0,0,0,0,0,0,0,0,0,0,0,5,8,49,2,3,0,0,0,,0,0,0,0,0,0,0,0,0,0,0,,0
00-0012515,David Palmer,RB,1999,2,REG,1999_02_OAK_MIN,MIN,LV,0,0,0,0,0,0,0,0,0,0,0,0,1,1,3,0,1,0,0,0,,0,0,0,0,0,0,0,0,0,0,0,,0
00-0012603,Bernie Parmalee,RB,1999,2,REG,1999_02_NYJ_BUF,NYJ,BUF,0,0,0,0,0,0,0,0,0,0,0,0,1,1,1,0,0,0,0,0,,0,0,0,0,0,0,0,0,0,0,0,,0
00-0012642,David Patten,WR,1999,2,REG,1999_02_WAS_NYG,NYG,WAS,0,0,0,0,0,0,0,0,0,0,0,0,1,3,3,0,0,0,0,0,,0,0,0,0,0,0,0,0,0,0,0,,0
00-0012726,Doug Pederson,QB,1999,2,REG,1999_02_TB_PHI,PHI,TB,12,19,100,0,1,3,-18,1,2,0,0,0,0,0,0,0,0,0,0,0,,0,0,0,0,0,0,0,0,0,0,0,,0
00-0012742,Doug Pelfrey,K,1999,2,REG,1999_02_SD_CIN,CIN,LAC,0,0,0,0,0,0,0,0,0,0,0,0,0,0,0,0,0,0,0,0,,0,0,0,0,0,0,1,1,0,0,0,,0
00-0012764,Chris Penn,WR,1999,2,REG,1999_02_SD_CIN,LAC,CIN,0,0,0,0,0,0,0,0,0,0,0,0,0,1,0,0,0,0,0,0,,0,0,0,0,0,0,0,0,0,0,0,,0
00-0012875,Todd Peterson,K,1999,2,REG,1999_02_SEA_CHI,SEA,CHI,0,0,0,0,0,0,0,0,0,0,0,0,0,0,0,0,0,0,0,0,,0,0,0,0,0,0,2,2,0,0,0,,0
00-0012931,Lawrence Phillips,RB,1999,2,REG,1999_02_NO_SF,SF,NO,0,0,0,0,0,0,0,2,2,0,1,0,5,6,61,0,2,0,0,0,,0,0,0,0,0,0,0,0,0,0,0,,0
00-0012953,Carl Pickens,WR,1999,2,REG,1999_02_SD_CIN,CIN,LAC,0,0,0,0,0,0,0,0,0,0,0,0,2,5,10,0,1,0,0,0,,0,0,0,0,0,0,0,0,0,0,0,,0
00-0012971,Aaron Pierce,TE,1999,2,REG,1999_02_PIT_BAL,BAL,PIT,0,0,0,0,0,0,0,0,0,0,0,0,2,2,19,0,1,0,0,0,,0,0,0,0,0,0,0,0,0,0,0,,0
00-0013013,Michael Pittman,RB,1999,2,REG,1999_02_ARI_MIA,ARI,MIA,1,1,26,0,0,0,0,5,-1,0,1,0,0,2,0,0,0,0,0,0,,0,0,0,0,0,0,0,0,0,0,0,,0
00-0013028,Scott Player,P,1999,2,REG,1999_02_ARI_MIA,ARI,MIA,0,0,0,0,0,0,0,0,0,0,0,0,0,0,0,0,0,0,0,0,,0,0,0,0,0,0,0,0,5,201,174,49,0
00-0013042,Jake Plummer,QB,1999,2,REG,1999_02_ARI_MIA,ARI,MIA,11,27,112,0,4,2,-18,2,4,0,0,0,0,0,0,0,0,0,0,0,,0,0,0,0,0,0,0,0,0,0,0,,0
00-0013080,Marcus Pollard,TE,1999,2,REG,1999_02_IND_NE,IND,NE,0,0,0,0,0,0,0,0,0,0,0,0,4,5,44,0,1,1,0,0,,0,0,0,0,0,0,0,0,0,0,0,,0
00-0013097,Keith Poole,WR,1999,2,REG,1999_02_NO_SF,NO,SF,0,0,0,0,0,0,0,0,0,0,0,0,2,3,69,1,2,0,0,0,,0,0,0,0,0,0,0,0,0,0,0,,0
00-0013108,Daniel Pope,P,1999,2,REG,1999_02_DEN_KC,KC,DEN,0,0,0,0,0,0,0,0,0,0,0,0,0,0,0,0,0,0,0,0,,0,0,0,0,0,0,0,0,4,160,154,50,0
00-0013232,Peerless Price,WR,1999,2,REG,1999_02_NYJ_BUF,BUF,NYJ,0,0,0,0,0,0,0,0,0,0,0,0,0,2,0,0,0,0,0,0,,0,0,0,0,0,0,0,0,0,0,0,,0
00-0013258,Mike Pritchard,WR,1999,2,REG,1999_02_SEA_CHI,SEA,CHI,0,0,0,0,0,0,0,0,0,0,0,0,1,2,21,0,1,0,0,0,,0,0,0,0,0,0,0,0,0,0,0,,0
00-0013298,Alfred Pupunu,TE,1999,2,REG,1999_02_SD_CIN,LAC,CIN,0,0,0,0,0,0,0,0,0,0,0,0,2,2,10,0,0,0,0,0,,0,0,0,0,0,0,0,0,0,0,0,,0
00-0013308,Lovett Purnell,TE,1999,2,REG,1999_02_PIT_BAL,BAL,PIT,0,0,0,0,0,0,0,0,0,0,0,0,2,3,10,0,0,0,0,0,,0,0,0,0,0,0,0,0,0,0,0,,0
00-0013499,Andre Reed,WR,1999,2,REG,1999_02_NYJ_BUF,BUF,NYJ,0,0,0,0,0,0,0,0,0,0,0,0,4,5,35,0,3,0,0,0,,0,0,0,0,0,0,0,0,0,0,0,,0
00-0013512,Jake Reed,WR,1999,2,REG,1999_02_OAK_MIN,MIN,LV,0,0,0,0,0,0,0,0,0,0,0,0,5,8,100,1,3,0,0,0,,0,0,0,0,0,0,0,0,0,0,0,,0
00-0013622,Errict Rhett,RB,1999,2,REG,1999_02_PIT_BAL,BAL,PIT,0,0,0,0,0,0,0,22,101,1,5,0,0,1,0,0,0,0,0,0,,0,0,0,0,0,0,0,0,0,0,0,,0
00-0013639,Jerry Rice,WR,1999,2,REG,1999_02_NO_SF,SF,NO,0,0,0,0,0,0,0,0,0,0,0,0,5,9,47,0,2,0,0,0,,0,0,0,0,0,0,0,0,0,0,0,,0
00-0013682,Kyle Richardson,P,1999,2,REG,1999_02_PIT_BAL,BAL,PIT,0,0,0,0,0,0,0,0,0,0,0,0,0,0,0,0,0,0,0,0,,0,0,0,0,0,0,0,0,7,282,236,51,3
00-0013694,Tony Richardson,FB,1999,2,REG,1999_02_DEN_KC,KC,DEN,0,0,0,0,0,0,0,4,7,1,3,0,1,1,-1,0,0,0,0,0,,0,0,0,0,0,0,0,0,0,0,0,,0
00-0013699,Wade Richey,K,1999,2,REG,1999_02_NO_SF,SF,NO,0,0,0,0,0,0,0,0,0,0,0,0,0,0,0,0,0,0,0,0,,0,0,0,0,0,0,4,4,0,0,0,,0
00-0013712,Mikhael Ricks,TE,1999,2,REG,1999_02_SD_CIN,LAC,CIN,0,0,0,0,0,0,0,0,0,0,0,0,4,5,86,0,4,0,0,0,,0,0,0,0,0,0,0,0,0,0,0,,0
00-0013728,Jay Riemersma,TE,1999,2,REG,1999_02_NYJ_BUF,BUF,NYJ,0,0,0,0,0,0,0,0,0,0,0,0,2,2,29,0,2,0,0,0,,0,0,0,0,0,0,0,0,0,0,0,,0
00-0013770,Andre Rison,WR,1999,2,REG,1999_02_DEN_KC,KC,DEN,0,0,0,0,0,0,0,0,0,0,0,0,2,2,24,0,1,0,0,0,,0,0,0,0,0,0,0,0,0,0,0,,0
00-0013773,Jon Ritchie,FB,1999,2,REG,1999_02_OAK_MIN,LV,MIN,0,0,0,0,0,0,0,0,0,0,0,0,1,1,5,0,0,0,0,0,,0,0,0,0,0,0,0,0,0,0,0,,0
00-0013785,Ron Rivers,RB,1999,2,REG,1999_02_GB_DET,DET,GB,0,0,0,0,0,0,0,17,54,0,1,0,1,2,11,0,1,0,0,0,,0,0,0,0,0,0,0,0,0,0,0,,0
00-0013792,Michael Roan,TE,1999,2,REG,1999_02_CLE_TEN,TEN,CLE,0,0,0,0,0,0,0,0,0,0,0,0,1,3,9,0,1,0,0,0,,0,0,0,0,0,0,0,0,0,0,0,,0
00-0013888,Marcus Robinson,WR,1999,2,REG,1999_02_SEA_CHI,CHI,SEA,0,0,0,0,0,0,0,0,0,0,0,0,3,6,42,0,2,0,0,0,,0,0,0,0,0,0,0,0,0,0,0,,0
00-0014083,Tom Rouen,P,1999,2,REG,1999_02_DEN_KC,DEN,KC,0,0,0,0,0,0,0,0,0,0,0,0,0,0,0,0,0,0,0,0,,0,0,0,0,0,0,0,0,4,161,151,45,2
00-0014115,Mark Royals,P,1999,2,REG,1999_02_TB_PHI,TB,PHI,0,0,0,0,0,0,0,0,0,0,0,0,0,0,0,0,0,0,0,0,,0,0,0,0,0,0,0,0,5,207,178,55,2
00-0014211,Rod Rutledge,TE,1999,2,REG,1999_02_IND_NE,NE,IND,0,0,0,0,0,0,0,0,0,0,0,0,1,2,7,0,0,0,0,0,,0,0,0,0,0,0,0,0,0,0,0,,0
00-0014319,Chris Sanders,WR,1999,2,REG,1999_02_CLE_TEN,TEN,CLE,0,0,0,0,0,0,0,0,0,0,0,0,2,2,27,0,2,0,0,0,,0,0,0,0,0,0,0,0,0,0,0,,0
00-0014328,Frank Sanders,WR,1999,2,REG,1999_02_ARI_MIA,ARI,MIA,0,0,0,0,0,0,0,0,0,0,0,0,7,11,76,0,3,0,0,0,,0,0,0,0,0,0,0,0,0,0,0,,0
00-0014350,O.J. Santiago,TE,1999,2,REG,1999_02_ATL_DAL,ATL,DAL,0,0,0,0,0,0,0,0,0,0,0,0,2,4,17,0,1,0,0,0,,0,0,0,0,0,0,0,0,0,0,0,,0
00-0014377,Todd Sauerbrun,P,1999,2,REG,1999_02_SEA_CHI,CHI,SEA,0,0,0,0,0,0,0,0,0,0,0,0,0,0,0,0,0,0,0,0,,0,0,0,0,0,0,0,0,5,238,153,58,1
00-0014450,Cory Schlesinger,FB,1999,2,REG,1999_02_GB_DET,DET,GB,0,0,0,0,0,0,0,7,10,0,1,0,0,0,0,0,0,0,0,0,,0,0,0,0,0,0,0,0,0,0,0,,0
00-0014489,Bill Schroeder,WR,1999,2,REG,1999_02_GB_DET,GB,DET,0,0,0,0,0,0,0,0,0,0,0,0,4,8,87,0,2,0,0,0,,0,0,0,0,0,0,0,0,0,0,0,,0
00-0014544,Darnay Scott,WR,1999,2,REG,1999_02_SD_CIN,CIN,LAC,0,0,0,0,0,0,0,0,0,0,0,0,6,12,88,0,3,0,0,0,,0,0,0,0,0,0,0,0,0,0,0,,0
00-0014619,Junior Seau,LB,1999,2,REG,1999_02_SD_CIN,LAC,CIN,0,0,0,0,0,0,0,0,0,0,0,0,0,1,0,0,0,0,0,0,,0,0,0,0,0,0,0,0,0,0,0,,0
00-0014655,Mike Sellers,TE,1999,2,REG,1999_02_WAS_NYG,WAS,NYG,0,0,0,0,0,0,0,0,0,0,0,0,1,1,3,0,0,0,0,0,,0,0,0,0,0,0,0,0,0,0,0,,0
00-0014722,Shannon Sharpe,TE,1999,2,REG,1999_02_DEN_KC,DEN,KC,0,0,0,0,0,0,0,0,0,0,0,0,6,7,52,0,2,0,0,0,,0,0,0,0,0,0,0,0,0,0,0,,0
00-0014742,Sedrick Shaw,RB,1999,2,REG,1999_02_CLE_TEN,CLE,TEN,0,0,0,0,0,0,0,1,3,0,1,0,2,2,8,0,0,0,0,0,,0,0,0,0,0,0,0,0,0,0,0,,0
00-0014759,Rashaan Shehee,RB,1999,2,REG,1999_02_DEN_KC,KC,DEN,0,0,0,0,0,0,0,3,7,0,1,0,3,4,7,0,1,0,0,0,,0,0,0,0,0,0,0,0,0,0,0,,0
00-0014775,Daimon Shelton,FB,1999,2,REG,1999_02_JAX_CAR,JAX,CAR,0,0,0,0,0,0,0,0,0,0,0,0,1,1,6,0,0,0,0,0,,0,0,0,0,0,0,0,0,0,0,0,,0
00-0014790,Leslie Shepherd,WR,1999,2,REG,1999_02_CLE_TEN,CLE,TEN,0,0,0,0,0,0,0,0,0,0,0,0,1,6,7,0,0,0,0,0,,0,0,0,0,0,0,0,0,0,0,0,,0
00-0014918,Tony Simmons,WR,1999,2,REG,1999_02_IND_NE,NE,IND,0,0,0,0,0,0,0,0,0,0,0,0,2,2,16,0,0,0,0,0,,0,0,0,0,0,0,0,0,0,0,0,,0
00-0015048,David Sloan,TE,1999,2,REG,1999_02_GB_DET,DET,GB,0,0,0,0,0,0,0,0,0,0,0,0,1,1,74,1,1,0,0,0,,0,0,0,0,0,0,0,0,0,0,0,,0
00-0015082,Akili Smith,QB,1999,2,REG,1999_02_SD_CIN,CIN,LAC,10,17,100,0,1,2,-17,2,4,0,0,0,0,0,0,0,0,0,0,0,,0,0,0,0,0,0,0,0,0,0,0,,0
00-0015091,Antowain Smith,RB,1999,2,REG,1999_02_NYJ_BUF,BUF,NYJ,0,0,0,0,0,0,0,30,113,1,6,1,0,0,0,0,0,0,0,0,,0,0,0,0,0,0,0,0,0,0,0,,0
00-0015152,Detron Smith,RB,1999,2,REG,1999_02_DEN_KC,DEN,KC,0,0,0,0,0,0,0,1,7,0,0,0,2,2,16,0,2,0,0,0,,0,0,0,0,0,0,0,0,0,0,0,,0
00-0015165,Emmitt Smith,RB,1999,2,REG,1999_02_ATL_DAL,DAL,ATL,0,0,0,0,0,0,0,29,109,2,7,0,1,1,1,0,0,0,0,0,,0,0,0,0,0,0,0,0,0,0,0,,0
00-0015194,Hunter Smith,P,1999,2,REG,1999_02_IND_NE,IND,NE,0,0,0,0,0,0,0,0,0,0,0,0,0,0,0,0,0,0,0,0,,0,0,0,0,0,0,0,0,5,195,170,46,2
00-0015195,Irv Smith,TE,1999,2,REG,1999_02_CLE_TEN,CLE,TEN,0,0,0,0,0,0,0,0,0,0,0,0,1,2,2,0,0,0,0,0,,0,0,0,0,0,0,0,0,0,0,0,,0
00-0015218,Jimmy Smith,WR,1999,2,REG,1999_02_JAX_CAR,JAX,CAR,0,0,0,0,0,0,0,0,0,0,0,0,10,14,115,0,8,0,0,0,,0,0,0,0,0,0,0,0,0,0,0,,0
00-0015242,Lamar Smith,RB,1999,2,REG,1999_02_NO_SF,NO,SF,0,0,0,0,0,0,0,2,11,0,1,0,0,0,0,0,0,0,0,0,,0,0,0,0,0,0,0,0,0,0,0,,0
00-0015286,Robert Smith,RB,1999,2,REG,1999_02_OAK_MIN,MIN,LV,0,0,0,0,0,0,0,11,24,0,1,0,1,2,6,0,0,0,0,0,,0,0,0,0,0,0,0,0,0,0,0,,0
00-0015420,Jerald Sowell,FB,1999,2,REG,1999_02_NYJ_BUF,NYJ,BUF,0,0,0,0,0,0,0,3,5,0,1,0,0,0,0,0,0,0,0,0,,0,0,0,0,0,0,0,0,0,0,0,,0
00-0015452,Blake Spence,TE,1999,2,REG,1999_02_NYJ_BUF,NYJ,BUF,0,0,0,0,0,0,0,0,0,0,0,0,2,2,13,0,0,0,0,0,,0,0,0,0,0,0,0,0,0,0,0,,0
00-0015507,Brian Stablein,WR,1999,2,REG,1999_02_GB_DET,DET,GB,0,0,0,0,0,0,0,0,0,0,0,0,1,1,13,0,1,0,0,0,,0,0,0,0,0,0,0,0,0,0,0,,0
00-0015523,Duce Staley,RB,1999,2,REG,1999_02_TB_PHI,PHI,TB,0,0,0,0,0,0,0,13,42,0,2,0,2,3,22,0,1,0,0,0,,0,0,0,0,0,0,0,0,0,0,0,,0
00-0015550,Chad Stanley,P,1999,2,REG,1999_02_NO_SF,SF,NO,0,0,0,0,0,0,0,1,0,0,0,0,0,0,0,0,0,0,0,0,,0,0,0,0,0,0,0,0,4,157,137,48,1
00-0015698,James Stewart,RB,1999,2,REG,1999_02_JAX_CAR,JAX,CAR,0,0,0,0,0,0,0,27,124,2,6,0,1,1,11,0,1,0,0,0,,0,0,0,0,0,0,0,0,0,0,0,,0
00-0015700,Kordell Stewart,QB,1999,2,REG,1999_02_PIT_BAL,PIT,BAL,18,27,138,0,0,3,-17,8,51,1,3,0,0,0,0,0,0,0,0,0,,0,0,0,0,0,0,0,0,0,0,0,,0
00-0015723,Bryan Still,WR,1999,2,REG,1999_02_SD_CIN,LAC,CIN,0,0,0,0,0,0,0,0,0,0,0,0,4,7,32,0,3,0,0,0,,0,0,0,0,0,0,0,0,0,0,0,,0
00-0015751,J.J. Stokes,WR,1999,2,REG,1999_02_NO_SF,SF,NO,0,0,0,0,0,0,0,0,0,0,0,0,2,3,12,0,0,0,0,0,,0,0,0,0,0,0,0,0,0,0,0,,0
00-0015759,Dwight Stone,WR,1999,2,REG,1999_02_NYJ_BUF,NYJ,BUF,0,0,0,0,0,0,0,0,0,0,0,0,0,1,0,0,0,0,0,0,,0,0,0,0,0,0,0,0,0,0,0,,0
00-0015784,Matt Stover,K,1999,2,REG,1999_02_PIT_BAL,BAL,PIT,0,0,0,0,0,0,0,0,0,0,0,0,0,0,0,0,0,0,2,2,45,0,1,0,1,0,0,2,2,0,0,0,,0
00-0015791,Pete Stoyanovich,K,1999,2,REG,1999_02_DEN_KC,KC,DEN,0,0,0,0,0,0,0,0,0,0,0,0,0,0,0,0,0,0,4,4,44,1,1,0,2,0,0,2,2,0,0,0,,0
00-0015842,Dan Stryzinski,P,1999,2,REG,1999_02_ATL_DAL,ATL,DAL,0,0,0,0,0,0,0,0,0,0,0,0,0,0,0,0,0,0,0,0,,0,0,0,0,0,0,0,0,7,284,268,49,1
00-0016098,Fred Taylor,RB,1999,2,REG,1999_02_JAX_CAR,JAX,CAR,0,0,0,0,0,0,0,5,27,0,2,0,0,0,0,0,0,0,0,0,,0,0,0,0,0,0,0,0,0,0,0,,0
00-0016214,Yancey Thigpen,WR,1999,2,REG,1999_02_CLE_TEN,TEN,CLE,0,0,0,0,0,0,0,0,0,0,0,0,6,9,84,1,4,0,0,0,,0,0,0,0,0,0,0,0,0,0,0,,0
00-0016321,Rodney Thomas,RB,1999,2,REG,1999_02_CLE_TEN,TEN,CLE,0,0,0,0,0,0,0,1,6,0,0,0,2,2,15,0,1,0,0,0,,0,0,0,0,0,0,0,0,0,0,0,,0
00-0016550,Amani Toomer,WR,1999,2,REG,1999_02_WAS_NYG,NYG,WAS,0,0,0,0,0,0,0,0,0,0,0,0,5,6,105,0,3,0,0,0,,0,0,0,0,0,0,0,0,0,0,0,,0
00-0016654,Jason Tucker,WR,1999,2,REG,1999_02_ATL_DAL,DAL,ATL,0,0,0,0,0,0,0,1,8,0,0,0,0,1,0,0,0,0,0,0,,0,0,0,0,0,0,0,0,0,0,0,,0
00-0016683,Tom Tupa,P,1999,2,REG,1999_02_NYJ_BUF,NYJ,BUF,0,0,0,0,0,0,0,0,0,0,0,0,0,0,0,0,0,0,0,0,,0,0,0,0,0,0,0,0,6,293,231,54,1
00-0016689,Matt Turk,P,1999,2,REG,1999_02_WAS_NYG,WAS,NYG,0,0,0,0,0,0,0,0,0,0,0,0,0,0,0,0,0,0,0,0,,0,0,0,0,0,0,0,0,3,127,119,50,0
00-0016723,Kevin Turner,FB,1999,2,REG,1999_02_TB_PHI,PHI,TB,0,0,0,0,0,0,0,1,2,0,0,0,6,7,32,0,2,0,0,0,,0,0,0,0,0,0,0,0,0,0,0,,0
00-0016830,Mike Vanderjagt,K,1999,2,REG,1999_02_IND_NE,IND,NE,0,0,0,0,0,0,0,0,0,0,0,0,0,0,0,0,0,0,0,0,,0,0,0,0,0,0,4,4,0,0,0,,0
00-0016842,Tommy Vardell,FB,1999,2,REG,1999_02_NO_SF,SF,NO,0,0,0,0,0,0,0,5,1,1,2,0,1,2,1,0,0,0,0,0,,0,0,0,0,0,0,0,0,0,0,0,,0
00-0016919,Adam Vinatieri,K,1999,2,REG,1999_02_IND_NE,NE,IND,0,0,0,0,0,0,0,0,0,0,0,0,0,0,0,0,0,0,1,1,26,0,1,0,0,0,0,4,4,0,0,0,,0
00-0017109,Wesley Walls,TE,1999,2,REG,1999_02_JAX_CAR,CAR,JAX,0,0,0,0,0,0,0,0,0,0,0,0,5,6,53,2,4,0,0,0,,0,0,0,0,0,0,0,0,0,0,0,,0
00-0017127,Ken Walter,P,1999,2,REG,1999_02_JAX_CAR,CAR,JAX,0,0,0,0,0,0,0,0,0,0,0,0,0,0,0,0,0,0,0,0,,0,0,0,0,0,0,0,0,5,225,223,53,3
00-0017160,Dedric Ward,WR,1999,2,REG,1999_02_NYJ_BUF,NYJ,BUF,0,0,0,0,0,0,0,1,-1,0,0,0,1,5,1,0,0,0,0,0,,0,0,0,0,0,0,0,0,0,0,0,,0
00-0017162,Hines Ward,WR,1999,2,REG,1999_02_PIT_BAL,PIT,BAL,0,0,0,0,0,0,0,1,3,0,0,0,2,5,31,0,1,0,0,0,,0,0,0,0,0,0,0,0,0,0,0,,0
00-0017209,Chris Warren,RB,1999,2,REG,1999_02_ATL_DAL,DAL,ATL,0,0,0,0,0,0,0,6,15,0,1,0,1,1,4,0,0,0,0,0,,0,0,0,0,0,0,0,0,0,0,0,,0
00-0017218,Lamont Warren,RB,1999,2,REG,1999_02_IND_NE,NE,IND,0,0,0,0,0,0,0,4,18,0,1,0,1,2,16,0,1,0,0,0,,0,0,0,0,0,0,0,0,0,0,0,,0
00-0017322,Ricky Watters,RB,1999,2,REG,1999_02_SEA_CHI,SEA,CHI,0,0,0,0,0,0,0,23,99,0,4,0,3,3,34,0,2,0,0,0,,0,0,0,0,0,0,0,0,0,0,0,,0
00-0017337,Charles Way,FB,1999,2,REG,1999_02_WAS_NYG,NYG,WAS,0,0,0,0,0,0,0,3,15,1,1,0,0,1,0,0,0,0,0,0,,0,0,0,0,0,0,0,0,0,0,0,,0
00-0017356,Jed Weaver,TE,1999,2,REG,1999_02_TB_PHI,PHI,TB,0,0,0,0,0,0,0,0,0,0,0,0,0,1,0,0,0,0,0,0,,0,0,0,0,0,0,0,0,0,0,0,,0
00-0017415,Casey Weldon,QB,1999,2,REG,1999_02_WAS_NYG,WAS,NYG,0,0,0,0,0,0,0,3,-2,0,0,0,0,0,0,0,0,0,0,0,,0,0,0,0,0,0,0,0,0,0,0,,0
00-0017470,Michael Westbrook,WR,1999,2,REG,1999_02_WAS_NYG,WAS,NYG,0,0,0,0,0,0,0,1,-4,0,0,0,4,4,59,1,3,0,0,0,,0,0,0,0,0,0,0,0,0,0,0,,0
00-0017480,Ryan Wetnight,TE,1999,2,REG,1999_02_SEA_CHI,CHI,SEA,0,0,0,0,0,0,0,0,0,0,0,0,3,4,17,0,1,0,0,0,,0,0,0,0,0,0,0,0,0,0,0,,0
00-0017486,Tyrone Wheatley,RB,1999,2,REG,1999_02_OAK_MIN,LV,MIN,0,0,0,0,0,0,0,18,83,0,3,1,1,1,2,0,0,0,0,0,,0,0,0,0,0,0,0,0,0,0,0,,0
00-0017860,Kevin R. Williams,WR,1999,2,REG,1999_02_NYJ_BUF,BUF,NYJ,0,0,0,0,0,0,0,0,0,0,0,0,3,3,40,0,2,0,0,0,,0,0,0,0,0,0,0,0,0,0,0,,0
00-0017896,Nicolas Luchey,RB,1999,2,REG,1999_02_SD_CIN,CIN,LAC,0,0,0,0,0,0,0,0,0,0,0,0,2,2,17,0,0,0,0,0,,0,0,0,0,0,0,0,0,0,0,0,,0
00-0017915,Ricky Williams,RB,1999,2,REG,1999_02_NO_SF,NO,SF,0,0,0,0,0,0,0,22,80,0,3,0,3,5,5,0,0,0,0,0,,0,0,0,0,0,0,0,0,0,0,0,,0
00-0018141,Jon Witman,FB,1999,2,REG,1999_02_PIT_BAL,PIT,BAL,0,0,0,0,0,0,0,1,0,0,0,0,1,1,1,0,0,0,0,0,,0,0,0,0,0,0,0,0,0,0,0,,0
00-0018343,Frank Wycheck,TE,1999,2,REG,1999_02_CLE_TEN,TEN,CLE,0,0,0,0,0,0,0,0,0,0,0,0,9,10,80,0,3,0,0,0,,0,0,0,0,0,0,0,0,0,0,0,,0
00-0018441,Steve Young,QB,1999,2,REG,1999_02_NO_SF,SF,NO,23,35,258,2,1,5,-35,3,13,0,1,0,0,0,0,0,0,0,0,0,,0,0,0,0,0,0,0,0,0,0,0,,0
00-0000098,Louie Aguiar,P,1999,3,REG,1999_03_MIN_GB,GB,MIN,0,0,0,0,0,0,0,0,0,0,0,0,0,0,0,0,0,0,0,0,,0,0,0,0,0,0,0,0,3,131,131,57,2
00-0000145,Derrick Alexander,WR,1999,3,REG,1999_03_DET_KC,KC,DET,0,0,0,0,0,0,0,0,0,0,0,0,3,6,69,0,3,0,0,0,,0,0,0,0,0,0,0,0,0,0,0,,0
00-0000166,Stephen Alexander,TE,1999,3,REG,1999_03_WAS_NYJ,WAS,NYJ,0,0,0,0,0,0,0,0,0,0,0,0,4,5,62,0,3,0,0,0,,0,0,0,0,0,0,0,0,0,0,0,,0
00-0000232,Terry Allen,RB,1999,3,REG,1999_03_NYG_NE,NE,NYG,0,0,0,0,0,0,0,20,50,1,3,0,1,1,0,0,0,0,0,0,,0,0,0,0,0,0,0,0,0,0,0,,0
00-0000242,John Allred,TE,1999,3,REG,1999_03_CHI_OAK,CHI,LV,0,0,0,0,0,0,0,0,0,0,0,0,1,1,3,0,0,0,0,0,,0,0,0,0,0,0,0,0,0,0,0,,0
00-0000251,Mike Alstott,FB,1999,3,REG,1999_03_DEN_TB,TB,DEN,0,0,0,0,0,0,0,25,131,1,4,1,1,1,5,0,0,0,0,0,,0,0,0,0,0,0,0,0,0,0,0,,0
00-0000282,Morten Andersen,K,1999,3,REG,1999_03_ATL_STL,ATL,LA,0,0,0,0,0,0,0,0,0,0,0,0,0,0,0,0,0,0,0,0,,0,0,0,0,0,0,1,1,0,0,0,,0
00-0000313,Gary Anderson,K,1999,3,REG,1999_03_MIN_GB,MIN,GB,0,0,0,0,0,0,0,0,0,0,0,0,0,0,0,0,0,0,2,2,34,0,1,1,0,0,0,2,2,0,0,0,,0
00-0000339,Richie Anderson,FB,1999,3,REG,1999_03_WAS_NYJ,NYJ,WAS,0,0,0,0,0,0,0,0,0,0,0,0,5,5,71,0,3,0,0,0,,0,0,0,0,0,0,0,0,0,0,0,,0
00-0000387,Reidel Anthony,WR,1999,3,REG,1999_03_DEN_TB,TB,DEN,0,0,0,0,0,0,0,1,2,0,0,0,2,2,18,0,2,0,0,0,,0,0,0,0,0,0,0,0,0,0,0,,0
00-0000400,Leo Araguz,P,1999,3,REG,1999_03_CHI_OAK,LV,CHI,0,0,0,0,0,0,0,0,0,0,0,0,0,0,0,0,0,0,0,0,,0,0,0,0,0,0,0,0,3,115,95,52,1
00-0000422,Justin Armour,WR,1999,3,REG,1999_03_CLE_BAL,BAL,CLE,0,0,0,0,0,0,0,0,0,0,0,0,1,4,16,0,1,0,0,0,,0,0,0,0,0,0,0,0,0,0,0,,0
00-0000721,Tavian Banks,RB,1999,3,REG,1999_03_TEN_JAX,JAX,TEN,0,0,0,0,0,0,0,1,0,0,0,0,1,1,7,0,1,0,0,0,,0,0,0,0,0,0,0,0,0,0,0,,0
00-0000745,Tiki Barber,RB,1999,3,REG,1999_03_NYG_NE,NYG,NE,0,0,0,0,0,0,0,1,3,0,0,0,5,6,46,1,4,0,0,0,,0,0,0,0,0,0,0,0,0,0,0,,0
00-0000754,Bryan Barker,P,1999,3,REG,1999_03_TEN_JAX,JAX,TEN,0,0,0,0,0,0,0,1,6,0,0,0,0,0,0,0,0,0,0,0,,0,0,0,0,0,0,0,0,5,229,199,59,2
00-0000765,Reggie Barlow,WR,1999,3,REG,1999_03_TEN_JAX,JAX,TEN,0,0,0,0,0,0,0,0,0,0,0,0,0,2,0,0,0,0,0,0,,0,0,0,0,0,0,0,0,0,0,0,,0
00-0000865,Charlie Batch,QB,1999,3,REG,1999_03_DET_KC,DET,KC,16,34,213,2,2,4,-20,4,12,0,0,0,0,0,0,0,0,0,0,0,,0,0,0,0,0,0,0,0,0,0,0,,0
00-0000871,Mario Bates,RB,1999,3,REG,1999_03_SF_ARI,ARI,SF,0,0,0,0,0,0,0,1,1,1,1,0,0,0,0,0,0,0,0,0,,0,0,0,0,0,0,0,0,0,0,0,,0
00-0000883,Marco Battaglia,TE,1999,3,REG,1999_03_CIN_CAR,CIN,CAR,0,0,0,0,0,0,0,0,0,0,0,0,1,5,7,0,0,0,0,0,,0,0,0,0,0,0,0,0,0,0,0,,0
00-0001101,Darren Bennett,P,1999,3,REG,1999_03_IND_SD,LAC,IND,0,0,0,0,0,0,0,0,0,0,0,0,0,0,0,0,0,0,0,0,,0,0,0,0,0,0,0,0,8,307,276,48,3
00-0001102,Donnell Bennett,FB,1999,3,REG,1999_03_DET_KC,KC,DET,0,0,0,0,0,0,0,12,73,1,3,0,0,0,0,0,0,0,0,0,,0,0,0,0,0,0,0,0,0,0,0,,0
00-0001112,Sean Bennett,RB,1999,3,REG,1999_03_NYG_NE,NYG,NE,0,0,0,0,0,0,0,1,1,0,0,0,0,0,0,0,0,0,0,0,,0,0,0,0,0,0,0,0,0,0,0,,0
00-0001157,Mitch Berger,P,1999,3,REG,1999_03_MIN_GB,MIN,GB,0,0,0,0,0,0,0,0,0,0,0,0,0,0,0,0,0,0,0,0,,0,0,0,0,0,0,0,0,3,177,117,65,0
00-0001215,Jerome Bettis,RB,1999,3,REG,1999_03_SEA_PIT,PIT,SEA,0,0,0,0,0,0,0,11,39,0,2,0,2,2,9,0,0,0,0,0,,0,0,0,0,0,0,0,0,0,0,0,,0
00-0001218,Steve Beuerlein,QB,1999,3,REG,1999_03_CIN_CAR,CAR,CIN,17,23,204,1,0,1,-7,3,0,0,0,0,0,0,0,0,0,0,0,0,,0,0,0,0,0,0,0,0,0,0,0,,0
00-0001224,Tim Biakabutuka,RB,1999,3,REG,1999_03_CIN_CAR,CAR,CIN,0,0,0,0,0,0,0,8,132,2,2,0,1,1,4,0,0,0,0,0,,0,0,0,0,0,0,0,0,0,0,0,,0
00-0001317,Will Blackwell,WR,1999,3,REG,1999_03_SEA_PIT,PIT,SEA,0,0,0,0,0,0,0,0,0,0,0,0,0,5,0,0,0,0,0,0,,0,0,0,0,0,0,0,0,0,0,0,,0
00-0001335,Jeff Blake,QB,1999,3,REG,1999_03_CIN_CAR,CIN,CAR,24,43,251,0,1,3,-8,4,9,0,1,0,0,0,0,0,0,0,0,0,,0,0,0,0,0,0,0,0,0,0,0,,0
00-0001361,Drew Bledsoe,QB,1999,3,REG,1999_03_NYG_NE,NE,NYG,20,28,233,0,0,1,-10,3,0,0,1,0,0,0,0,0,0,0,0,0,,0,0,0,0,0,0,0,0,0,0,0,,0
00-0001525,James Bostic,RB,1999,3,REG,1999_03_PHI_BUF,PHI,BUF,0,0,0,0,0,0,0,0,0,0,0,0,4,6,2,0,1,0,0,0,,0,0,0,0,0,0,0,0,0,0,0,,0
00-0001532,David Boston,WR,1999,3,REG,1999_03_SF_ARI,ARI,SF,0,0,0,0,0,0,0,0,0,0,0,0,0,5,0,0,0,0,0,0,,0,0,0,0,0,0,0,0,0,0,0,,0
00-0001582,Fabien Bownes,WR,1999,3,REG,1999_03_SEA_PIT,SEA,PIT,0,0,0,0,0,0,0,1,-14,0,0,0,0,0,0,0,0,0,0,0,,0,0,0,0,0,0,0,0,0,0,0,,0
00-0001627,Corey Bradford,WR,1999,3,REG,1999_03_MIN_GB,GB,MIN,0,0,0,0,0,0,0,0,0,0,0,0,4,8,72,1,2,0,0,0,,0,0,0,0,0,0,0,0,0,0,0,,0
00-0001661,Kyle Brady,TE,1999,3,REG,1999_03_TEN_JAX,JAX,TEN,0,0,0,0,0,0,0,0,0,0,0,0,2,5,12,0,0,0,0,0,,0,0,0,0,0,0,0,0,0,0,0,,0
00-0001752,Will Brice,P,1999,3,REG,1999_03_CIN_CAR,CIN,CAR,0,0,0,0,0,0,0,0,0,0,0,0,0,0,0,0,0,0,0,0,,0,0,0,0,0,0,0,0,4,150,116,47,0
00-0001766,Jeremy Brigham,TE,1999,3,REG,1999_03_CHI_OAK,LV,CHI,0,0,0,0,0,0,0,0,0,0,0,0,2,2,15,0,1,0,0,0,,0,0,0,0,0,0,0,0,0,0,0,,0
00-0001842,Macey Brooks,WR,1999,3,REG,1999_03_CHI_OAK,CHI,LV,0,0,0,0,0,0,0,0,0,0,0,0,3,4,51,0,3,0,0,0,,0,0,0,0,0,0,0,0,0,0,0,,0
00-0001862,Luther Broughton,TE,1999,3,REG,1999_03_PHI_BUF,PHI,BUF,0,0,0,0,0,0,0,0,0,0,0,0,3,4,52,0,2,0,0,0,,0,0,0,0,0,0,0,0,0,0,0,,0
00-0001980,Kris Brown,K,1999,3,REG,1999_03_SEA_PIT,PIT,SEA,0,0,0,0,0,0,0,0,0,0,0,0,0,0,0,0,0,0,1,1,33,0,0,1,0,0,0,1,1,0,0,0,,0
00-0002027,Reggie Brown,FB,1999,3,REG,1999_03_SEA_PIT,SEA,PIT,0,0,0,0,0,0,0,1,9,0,0,0,0,2,0,0,0,0,0,0,,0,0,0,0,0,0,0,0,0,0,0,,0
00-0002058,Tim Brown,WR,1999,3,REG,1999_03_CHI_OAK,LV,CHI,0,0,0,0,0,0,0,0,0,0,0,0,9,12,121,1,6,0,0,0,,0,0,0,0,0,0,0,0,0,0,0,,0
00-0002068,Troy Brown,WR,1999,3,REG,1999_03_NYG_NE,NE,NYG,0,0,0,0,0,0,0,0,0,0,0,0,4,4,50,0,3,0,0,0,,0,0,0,0,0,0,0,0,0,0,0,,0
00-0002099,Isaac Bruce,WR,1999,3,REG,1999_03_ATL_STL,LA,ATL,0,0,0,0,0,0,0,1,11,0,1,0,3,7,68,1,2,0,0,0,,0,0,0,0,0,0,0,0,0,0,0,,0
00-0002102,Mark Bruener,TE,1999,3,REG,1999_03_SEA_PIT,PIT,SEA,0,0,0,0,0,0,0,0,0,0,0,0,3,5,25,0,1,0,0,0,,0,0,0,0,0,0,0,0,0,0,0,,0
00-0002110,Mark Brunell,QB,1999,3,REG,1999_03_TEN_JAX,JAX,TEN,22,42,232,1,3,0,0,6,33,0,3,0,0,0,0,0,0,0,0,0,,0,0,0,0,0,0,0,0,0,0,0,,0
00-0002544,Chris Calloway,WR,1999,3,REG,1999_03_ATL_STL,ATL,LA,0,0,0,0,0,0,0,0,0,0,0,0,2,3,21,0,1,0,0,0,,0,0,0,0,0,0,0,0,0,0,0,,0
00-0002586,Mark Campbell,TE,1999,3,REG,1999_03_CLE_BAL,CLE,BAL,0,0,0,0,0,0,0,0,0,0,0,0,0,1,0,0,0,0,0,0,,0,0,0,0,0,0,0,0,0,0,0,,0
00-0002655,John Carney,K,1999,3,REG,1999_03_IND_SD,LAC,IND,0,0,0,0,0,0,0,0,0,0,0,0,0,0,0,0,0,0,1,1,50,0,0,0,0,1,0,2,2,0,0,0,,0
00-0002701,Rae Carruth,WR,1999,3,REG,1999_03_CIN_CAR,CAR,CIN,0,0,0,0,0,0,0,0,0,0,0,0,3,3,35,0,2,0,0,0,,0,0,0,0,0,0,0,0,0,0,0,,0
00-0002709,Dwayne Carswell,OT,1999,3,REG,1999_03_DEN_TB,DEN,TB,0,0,0,0,0,0,0,0,0,0,0,0,1,2,17,0,1,0,0,0,,0,0,0,0,0,0,0,0,0,0,0,,0
00-0002713,Tony Carter,RB,1999,3,REG,1999_03_NYG_NE,NE,NYG,0,0,0,0,0,0,0,2,10,0,2,0,2,2,8,0,0,0,0,0,,0,0,0,0,0,0,0,0,0,0,0,,0
00-0002721,Cris Carter,WR,1999,3,REG,1999_03_MIN_GB,MIN,GB,0,0,0,0,0,0,0,0,0,0,0,0,4,7,85,0,4,0,0,0,,0,0,0,0,0,0,0,0,0,0,0,,0
00-0002743,Ki-Jana Carter,RB,1999,3,REG,1999_03_CIN_CAR,CIN,CAR,0,0,0,0,0,0,0,0,0,0,0,0,0,1,0,0,0,0,0,0,,0,0,0,0,0,0,0,0,0,0,0,,0
00-0002787,Stoney Case,QB,1999,3,REG,1999_03_CLE_BAL,BAL,CLE,12,25,165,0,3,4,-15,11,57,2,5,0,0,0,0,0,0,0,0,0,,0,0,0,0,0,0,0,0,0,0,0,,0
00-0002846,Larry Centers,FB,1999,3,REG,1999_03_WAS_NYJ,WAS,NYJ,0,0,0,0,0,0,0,0,0,0,0,0,1,2,-3,0,0,0,0,0,,0,0,0,0,0,0,0,0,0,0,0,,0
00-0002876,Chris Chandler,QB,1999,3,REG,1999_03_ATL_STL,ATL,LA,5,9,28,0,1,1,-4,1,0,0,0,0,0,0,0,0,0,0,0,0,,0,0,0,0,0,0,0,0,0,0,0,,0
00-0002970,Bob Christian,FB,1999,3,REG,1999_03_ATL_STL,ATL,LA,0,0,0,0,0,0,0,1,3,0,0,0,5,7,37,0,1,0,0,0,,0,0,0,0,0,0,0,0,0,0,0,,0
00-0002975,Steve Christie,K,1999,3,REG,1999_03_PHI_BUF,BUF,PHI,0,0,0,0,0,0,0,0,0,0,0,0,0,0,0,0,0,0,4,5,36,1,2,1,0,0,0,2,2,0,0,0,,0
00-0003142,Ben Coates,TE,1999,3,REG,1999_03_NYG_NE,NE,NYG,0,0,0,0,0,0,0,0,0,0,0,0,3,5,33,0,2,0,0,0,,0,0,0,0,0,0,0,0,0,0,0,,0
00-0003378,Albert Connell,WR,1999,3,REG,1999_03_WAS_NYJ,WAS,NYJ,0,0,0,0,0,0,0,0,0,0,0,0,5,7,75,0,4,0,0,0,,0,0,0,0,0,0,0,0,0,0,0,,0
00-0003395,Brett Conway,K,1999,3,REG,1999_03_WAS_NYJ,WAS,NYJ,0,0,0,0,0,0,0,0,0,0,0,0,0,0,0,0,0,0,2,2,50,0,1,0,0,1,0,3,3,0,0,0,,0
00-0003396,Curtis Conway,WR,1999,3,REG,1999_03_CHI_OAK,CHI,LV,0,0,0,0,0,0,0,0,0,0,0,0,4,11,33,1,1,1,0,0,,0,0,0,0,0,0,0,0,0,0,0,,0
00-0003441,Andre Cooper,WR,1999,3,REG,1999_03_DEN_TB,DEN,TB,0,0,0,0,0,0,0,0,0,0,0,0,1,2,21,0,0,0,0,0,,0,0,0,0,0,0,0,0,0,0,0,,0
00-0003535,Tim Couch,QB,1999,3,REG,1999_03_CLE_BAL,CLE,BAL,13,31,123,1,1,4,-34,6,49,0,3,0,0,0,0,0,0,0,0,0,,0,0,0,0,0,0,0,0,0,0,0,,0
00-0003681,Howard Cross,TE,1999,3,REG,1999_03_NYG_NE,NYG,NE,0,0,0,0,0,0,0,0,0,0,0,0,1,1,6,0,0,0,0,0,,0,0,0,0,0,0,0,0,0,0,0,,0
00-0003700,Germane Crowell,WR,1999,3,REG,1999_03_DET_KC,DET,KC,0,0,0,0,0,0,0,1,20,0,1,0,2,3,48,0,2,0,0,0,,0,0,0,0,0,0,0,0,0,0,0,,0
00-0003761,Randall Cunningham,QB,1999,3,REG,1999_03_MIN_GB,MIN,GB,18,32,244,1,2,2,-13,2,1,0,1,0,0,0,0,0,0,0,0,0,,0,0,0,0,0,0,0,0,0,0,0,,0
00-0003841,Brad Daluiso,K,1999,3,REG,1999_03_NYG_NE,NYG,NE,0,0,0,0,0,0,0,0,0,0,0,0,0,0,0,0,0,0,0,1,,0,0,0,0,0,0,2,2,0,0,0,,0
00-0004052,Stephen Davis,RB,1999,3,REG,1999_03_WAS_NYJ,WAS,NYJ,0,0,0,0,0,0,0,24,93,3,7,0,1,1,8,0,0,0,0,0,,0,0,0,0,0,0,0,0,0,0,0,,0
00-0004054,Terrell Davis,RB,1999,3,REG,1999_03_DEN_TB,DEN,TB,0,0,0,0,0,0,0,19,53,0,3,0,0,0,0,0,0,0,0,0,,0,0,0,0,0,0,0,0,0,0,0,,0
00-0004063,Tyrone Davis,TE,1999,3,REG,1999_03_MIN_GB,GB,MIN,0,0,0,0,0,0,0,0,0,0,0,0,0,1,0,0,0,0,0,0,,0,0,0,0,0,0,0,0,0,0,0,,0
00-0004077,Sean Dawkins,WR,1999,3,REG,1999_03_SEA_PIT,SEA,PIT,0,0,0,0,0,0,0,0,0,0,0,0,5,7,105,0,5,0,0,0,,0,0,0,0,0,0,0,0,0,0,0,,0
00-0004091,Phil Dawson,K,1999,3,REG,1999_03_CLE_BAL,CLE,BAL,0,0,0,0,0,0,0,0,0,0,0,0,0,0,0,0,0,0,1,1,49,0,0,0,1,0,0,1,1,0,0,0,,0
00-0004147,Al Del Greco,K,1999,3,REG,1999_03_TEN_JAX,TEN,JAX,0,0,0,0,0,0,0,0,0,0,0,0,0,0,0,0,0,0,2,2,48,0,0,0,2,0,0,2,2,0,0,0,,0
00-0004293,Trent Dilfer,QB,1999,3,REG,1999_03_DEN_TB,TB,DEN,15,18,135,0,0,7,-57,8,17,0,2,0,0,0,0,0,0,0,0,0,,0,0,0,0,0,0,0,0,0,0,0,,0
00-0004294,Ken Dilger,TE,1999,3,REG,1999_03_IND_SD,IND,LAC,0,0,0,0,0,0,0,0,0,0,0,0,3,5,36,0,1,0,0,0,,0,0,0,0,0,0,0,0,0,0,0,,0
00-0004304,Corey Dillon,RB,1999,3,REG,1999_03_CIN_CAR,CIN,CAR,0,0,0,0,0,0,0,20,113,0,6,0,3,4,24,0,1,0,0,0,,0,0,0,0,0,0,0,0,0,0,0,,0
00-0004386,Chris Doering,WR,1999,3,REG,1999_03_DEN_TB,DEN,TB,0,0,0,0,0,0,0,0,0,0,0,0,0,1,0,0,0,0,0,0,,0,0,0,0,0,0,0,0,0,0,0,,0
00-0004463,Dameane Douglas,WR,1999,3,REG,1999_03_PHI_BUF,PHI,BUF,0,0,0,0,0,0,0,0,0,0,0,0,1,2,8,0,0,0,0,0,,0,0,0,0,0,0,0,0,0,0,0,,0
00-0004574,Rickey Dudley,TE,1999,3,REG,1999_03_CHI_OAK,LV,CHI,0,0,0,0,0,0,0,0,0,0,0,0,3,3,35,1,2,0,0,0,,0,0,0,0,0,0,0,0,0,0,0,,0
00-0004640,Warrick Dunn,RB,1999,3,REG,1999_03_DEN_TB,TB,DEN,0,0,0,0,0,0,0,8,15,0,1,0,9,11,82,0,5,0,0,0,,0,0,0,0,0,0,0,0,0,0,0,,0
00-0004694,Kevin Dyson,WR,1999,3,REG,1999_03_TEN_JAX,TEN,JAX,0,0,0,0,0,0,0,0,0,0,0,0,6,10,79,0,5,0,0,0,,0,0,0,0,0,0,0,0,0,0,0,,0
00-0004705,Quinn Early,WR,1999,3,REG,1999_03_WAS_NYJ,NYJ,WAS,0,0,0,0,0,0,0,0,0,0,0,0,2,3,39,0,2,0,0,0,,0,0,0,0,0,0,0,0,0,0,0,,0
00-0004768,Marc Edwards,FB,1999,3,REG,1999_03_CLE_BAL,CLE,BAL,0,0,0,0,0,0,0,0,0,0,0,0,3,5,16,0,0,0,0,0,,0,0,0,0,0,0,0,0,0,0,0,,0
00-0004780,Troy Edwards,WR,1999,3,REG,1999_03_SEA_PIT,PIT,SEA,0,0,0,0,0,0,0,0,0,0,0,0,6,11,72,1,4,0,0,0,,0,0,0,0,0,0,0,0,0,0,0,,0
00-0004811,Jason Elam,K,1999,3,REG,1999_03_DEN_TB,DEN,TB,0,0,0,0,0,0,0,0,0,0,0,0,0,0,0,0,0,0,1,1,44,0,0,0,1,0,0,1,1,0,0,0,,0
00-0004888,Bert Emanuel,WR,1999,3,REG,1999_03_DEN_TB,TB,DEN,0,0,0,0,0,0,0,0,0,0,0,0,1,2,14,0,1,0,0,0,,0,0,0,0,0,0,0,0,0,0,0,,0
00-0004915,Bobby Engram,WR,1999,3,REG,1999_03_CHI_OAK,CHI,LV,0,0,0,0,0,0,0,0,0,0,0,0,3,5,42,0,2,0,0,0,,0,0,0,0,0,0,0,0,0,0,0,,0
00-0004916,Curtis Enis,RB,1999,3,REG,1999_03_CHI_OAK,CHI,LV,0,0,0,0,0,0,0,15,35,0,1,0,4,4,37,1,2,0,0,0,,0,0,0,0,0,0,0,0,0,0,0,,0
00-0004972,Chuck Evans,RB,1999,3,REG,1999_03_CLE_BAL,BAL,CLE,0,0,0,0,0,0,0,3,13,0,1,0,2,3,37,0,2,0,0,0,,0,0,0,0,0,0,0,0,0,0,0,,0
00-0005060,Chad Fann,TE,1999,3,REG,1999_03_SF_ARI,SF,ARI,0,0,0,0,0,0,0,0,0,0,0,0,0,1,0,0,0,0,0,0,,0,0,0,0,0,0,0,0,0,0,0,,0
00-0005092,Marshall Faulk,RB,1999,3,REG,1999_03_ATL_STL,LA,ATL,0,0,0,0,0,0,0,17,105,0,3,0,5,5,67,1,3,0,0,0,,0,0,0,0,0,0,0,0,0,0,0,,0
00-0005101,Christian Fauria,TE,1999,3,REG,1999_03_SEA_PIT,SEA,PIT,0,0,0,0,0,0,0,0,0,0,0,0,2,2,30,0,2,0,0,0,,0,0,0,0,0,0,0,0,0,0,0,,0
00-0005106,Brett Favre,QB,1999,3,REG,1999_03_MIN_GB,GB,MIN,24,38,304,1,0,2,-15,3,13,0,1,0,0,0,0,0,0,0,0,0,,0,0,0,0,0,0,0,0,0,0,0,,0
00-0005113,Jeff Feagles,P,1999,3,REG,1999_03_SEA_PIT,SEA,PIT,0,0,0,0,0,0,0,0,0,0,0,0,0,0,0,0,0,0,0,0,,0,0,0,0,0,0,0,0,4,154,115,45,3
00-0005231,Brian Finneran,WR,1999,3,REG,1999_03_PHI_BUF,PHI,BUF,0,0,0,0,0,0,0,0,0,0,0,0,1,1,11,0,1,0,0,0,,0,0,0,0,0,0,0,0,0,0,0,,0
00-0005324,Terrell Fletcher,RB,1999,3,REG,1999_03_IND_SD,LAC,IND,0,0,0,0,0,0,0,2,14,0,1,0,0,2,0,0,0,0,0,0,,0,0,0,0,0,0,0,0,0,0,0,,0
00-0005361,William Floyd,FB,1999,3,REG,1999_03_CIN_CAR,CAR,CIN,0,0,0,0,0,0,0,2,9,0,0,1,1,1,8,0,0,0,0,0,,0,0,0,0,0,0,0,0,0,0,0,,0
00-0005363,Doug Flutie,QB,1999,3,REG,1999_03_PHI_BUF,BUF,PHI,18,26,175,1,1,0,0,5,32,0,2,0,0,0,0,0,0,0,0,0,,0,0,0,0,0,0,0,0,0,0,0,,0
00-0005562,Antonio Freeman,WR,1999,3,REG,1999_03_MIN_GB,GB,MIN,0,0,0,0,0,0,0,0,0,0,0,0,4,5,56,0,4,0,0,0,,0,0,0,0,0,0,0,0,0,0,0,,0
00-0005616,Irving Fryar,WR,1999,3,REG,1999_03_WAS_NYJ,WAS,NYJ,0,0,0,0,0,0,0,0,0,0,0,0,0,1,0,0,0,0,0,0,,0,0,0,0,0,0,0,0,0,0,0,,0
00-0005741,Rich Gannon,QB,1999,3,REG,1999_03_CHI_OAK,LV,CHI,26,35,295,2,0,4,-12,5,47,0,2,0,0,0,0,0,0,0,0,0,,0,0,0,0,0,0,0,0,0,0,0,,0
00-0005755,Jeff Garcia,QB,1999,3,REG,1999_03_SF_ARI,SF,ARI,5,6,30,0,0,0,0,3,9,0,1,0,0,0,0,0,0,0,0,0,,0,0,0,0,0,0,0,0,0,0,0,,0
00-0005771,Chris Gardocki,P,1999,3,REG,1999_03_CLE_BAL,CLE,BAL,0,0,0,0,0,0,0,0,0,0,0,0,0,0,0,0,0,0,0,0,,0,0,0,0,0,0,0,0,10,447,344,58,1
00-0005779,Charlie Garner,RB,1999,3,REG,1999_03_SF_ARI,SF,ARI,0,0,0,0,0,0,0,21,75,1,2,0,3,3,0,0,0,0,0,0,,0,0,0,0,0,0,0,0,0,0,0,,0
00-0005822,Sam Gash,FB,1999,3,REG,1999_03_PHI_BUF,BUF,PHI,0,0,0,0,0,0,0,0,0,0,0,0,3,3,25,0,1,0,0,0,,0,0,0,0,0,0,0,0,0,0,0,,0
00-0005883,Eddie George,RB,1999,3,REG,1999_03_TEN_JAX,TEN,JAX,0,0,0,0,0,0,0,18,57,0,2,1,4,4,36,1,3,0,0,0,,0,0,0,0,0,0,0,0,0,0,0,,0
00-0006043,Terry Glenn,WR,1999,3,REG,1999_03_NYG_NE,NE,NYG,0,0,0,0,0,0,0,0,0,0,0,0,5,9,95,0,4,0,0,0,,0,0,0,0,0,0,0,0,0,0,0,,0
00-0006047,Andrew Glover,TE,1999,3,REG,1999_03_MIN_GB,MIN,GB,0,0,0,0,0,0,0,0,0,0,0,0,2,4,13,0,0,0,0,0,,0,0,0,0,0,0,0,0,0,0,0,,0
00-0006101,Tony Gonzalez,TE,1999,3,REG,1999_03_DET_KC,KC,DET,0,0,0,0,0,0,0,0,0,0,0,0,7,9,72,1,4,0,0,0,,0,0,0,0,0,0,0,0,0,0,0,,0
00-0006210,Jeff Graham,WR,1999,3,REG,1999_03_IND_SD,LAC,IND,0,0,0,0,0,0,0,0,0,0,0,0,4,11,48,0,3,0,0,0,,0,0,0,0,0,0,0,0,0,0,0,,0
00-0006212,Kent Graham,QB,1999,3,REG,1999_03_NYG_NE,NYG,NE,23,36,216,2,0,1,-15,6,12,0,1,0,0,0,0,0,0,0,0,0,,0,0,0,0,0,0,0,0,0,0,0,,0
00-0006223,Martin Gramatica,K,1999,3,REG,1999_03_DEN_TB,TB,DEN,0,0,0,0,0,0,0,0,0,0,0,0,0,0,0,0,0,0,2,2,38,0,0,2,0,0,0,1,1,0,0,0,,0
00-0006299,Tony Graziani,QB,1999,3,REG,1999_03_ATL_STL,ATL,LA,14,22,152,1,0,1,-11,1,9,0,0,0,0,0,0,0,0,0,0,0,,0,0,0,0,0,0,0,0,0,0,0,,0
00-0006300,Elvis Grbac,QB,1999,3,REG,1999_03_DET_KC,KC,DET,20,29,235,2,0,1,-7,2,6,0,0,0,0,0,0,0,0,0,0,0,,0,0,0,0,0,0,0,0,0,0,0,,0
00-0006322,E.G. Green,WR,1999,3,REG,1999_03_IND_SD,IND,LAC,0,0,0,0,0,0,0,0,0,0,0,0,3,7,29,0,2,0,0,0,,0,0,0,0,0,0,0,0,0,0,0,,0
00-0006324,Eric Green,TE,1999,3,REG,1999_03_WAS_NYJ,NYJ,WAS,0,0,0,0,0,0,0,0,0,0,0,0,1,1,2,0,0,0,0,0,,0,0,0,0,0,0,0,0,0,0,0,,0
00-0006331,Jacquez Green,WR,1999,3,REG,1999_03_DEN_TB,TB,DEN,0,0,0,0,0,0,0,0,0,0,0,0,1,1,7,0,0,0,0,0,,0,0,0,0,0,0,0,0,0,0,0,,0
00-0006423,Brian Griese,QB,1999,3,REG,1999_03_DEN_TB,DEN,TB,14,29,132,1,1,2,-12,1,0,0,0,0,0,0,0,0,0,0,0,0,,0,0,0,0,0,0,0,0,0,0,0,,0
00-0006431,Damon Griffin,WR,1999,3,REG,1999_03_CIN_CAR,CIN,CAR,0,0,0,0,0,0,0,0,0,0,0,0,1,2,7,0,1,0,0,0,,0,0,0,0,0,0,0,0,0,0,0,,0
00-0006456,Howard Griffith,RB,1999,3,REG,1999_03_DEN_TB,DEN,TB,0,0,0,0,0,0,0,0,0,0,0,0,2,4,5,0,0,0,0,0,,0,0,0,0,0,0,0,0,0,0,0,,0
00-0006482,Clif Groce,FB,1999,3,REG,1999_03_CIN_CAR,CIN,CAR,0,0,0,0,0,0,0,1,3,0,0,0,3,4,20,0,1,0,0,0,,0,0,0,0,0,0,0,0,0,0,0,,0
00-0006627,Az-Zahir Hakim,WR,1999,3,REG,1999_03_ATL_STL,LA,ATL,0,0,0,0,0,0,0,0,0,0,0,0,2,2,17,0,1,0,0,0,,0,0,0,0,0,0,0,0,0,0,0,,0
00-0006662,John Hall,K,1999,3,REG,1999_03_WAS_NYJ,NYJ,WAS,0,0,0,0,0,0,0,0,0,0,0,0,0,0,0,0,0,0,2,2,37,0,0,2,0,0,0,2,2,0,0,0,,0
00-0006692,Ty Hallock,LB,1999,3,REG,1999_03_CHI_OAK,CHI,LV,0,0,0,0,0,0,0,0,0,0,0,0,1,1,3,0,0,0,0,0,,0,0,0,0,0,0,0,0,0,0,0,,0
00-0006800,Jason Hanson,K,1999,3,REG,1999_03_DET_KC,DET,KC,0,0,0,0,0,0,0,0,0,0,0,0,0,0,0,0,0,0,0,0,,0,0,0,0,0,0,1,1,0,0,0,,0
00-0006803,Byron Hanspard,RB,1999,3,REG,1999_03_ATL_STL,ATL,LA,0,0,0,0,0,0,0,17,50,0,2,0,2,5,40,0,1,0,0,0,,0,0,0,0,0,0,0,0,0,0,0,,0
00-0006808,Jim Harbaugh,QB,1999,3,REG,1999_03_IND_SD,LAC,IND,15,37,188,0,1,3,-9,4,22,0,1,0,0,0,0,0,0,0,0,0,,0,0,0,0,0,0,0,0,0,0,0,,0
00-0006848,Terry Hardy,TE,1999,3,REG,1999_03_SF_ARI,ARI,SF,0,0,0,0,0,0,0,0,0,0,0,0,4,5,31,0,1,0,0,0,,0,0,0,0,0,0,0,0,0,0,0,,0
00-0006977,Mark Harris,WR,1999,3,REG,1999_03_SF_ARI,SF,ARI,0,0,0,0,0,0,0,0,0,0,0,0,1,1,7,0,1,0,0,0,,0,0,0,0,0,0,0,0,0,0,0,,0
00-0006994,Ronnie Harris,WR,1999,3,REG,1999_03_ATL_STL,ATL,LA,0,0,0,0,0,0,0,0,0,0,0,0,0,2,0,0,0,0,0,0,,0,0,0,0,0,0,0,0,0,0,0,,0
00-0007024,Marvin Harrison,WR,1999,3,REG,1999_03_IND_SD,IND,LAC,0,0,0,0,0,0,0,1,4,0,0,0,13,21,196,1,11,0,0,0,,0,0,0,0,0,0,0,0,0,0,0,,0
00-0007103,Matt Hatchette,WR,1999,3,REG,1999_03_MIN_GB,MIN,GB,0,0,0,0,0,0,0,0,0,0,0,0,0,1,0,0,0,0,0,0,,0,0,0,0,0,0,0,0,0,0,0,,0
00-0007120,Courtney Hawkins,WR,1999,3,REG,1999_03_SEA_PIT,PIT,SEA,0,0,0,0,0,0,0,0,0,0,0,0,5,9,63,0,4,0,0,0,,0,0,0,0,0,0,0,0,0,0,0,,0
00-0007254,William Henderson,FB,1999,3,REG,1999_03_MIN_GB,GB,MIN,0,0,0,0,0,0,0,1,9,0,0,0,2,3,7,0,0,0,0,0,,0,0,0,0,0,0,0,0,0,0,0,,0
00-0007308,Craig Hentrich,P,1999,3,REG,1999_03_TEN_JAX,TEN,JAX,0,0,0,0,0,0,0,0,0,0,0,0,0,0,0,0,0,0,0,0,,0,0,0,0,0,0,0,0,6,222,208,48,3
00-0007468,Ike Hilliard,WR,1999,3,REG,1999_03_NYG_NE,NYG,NE,0,0,0,0,0,0,0,0,0,0,0,0,4,8,47,0,2,0,0,0,,0,0,0,0,0,0,0,0,0,0,0,,0
00-0007520,Leroy Hoard,RB,1999,3,REG,1999_03_MIN_GB,MIN,GB,0,0,0,0,0,0,0,4,1,1,1,0,0,0,0,0,0,0,0,0,,0,0,0,0,0,0,0,0,0,0,0,,0
00-0007579,Robert Holcombe,FB,1999,3,REG,1999_03_ATL_STL,LA,ATL,0,0,0,0,0,0,0,8,24,1,3,0,2,2,42,0,2,0,0,0,,0,0,0,0,0,0,0,0,0,0,0,,0
00-0007622,Mike Hollis,K,1999,3,REG,1999_03_TEN_JAX,JAX,TEN,0,0,0,0,0,0,0,0,0,0,0,0,0,0,0,0,0,0,1,1,42,0,0,0,1,0,0,2,2,0,0,0,,0
00-0007681,Torry Holt,WR,1999,3,REG,1999_03_ATL_STL,LA,ATL,0,0,0,0,0,0,0,0,0,0,0,0,2,3,47,1,1,0,0,0,,0,0,0,0,0,0,0,0,0,0,0,,0
00-0007744,Joe Horn,WR,1999,3,REG,1999_03_DET_KC,KC,DET,0,0,0,0,0,0,0,0,0,0,0,0,2,2,35,1,2,0,0,0,,0,0,0,0,0,0,0,0,0,0,0,,0
00-0007969,Richard Huntley,RB,1999,3,REG,1999_03_SEA_PIT,PIT,SEA,0,0,0,0,0,0,0,5,19,0,0,0,2,2,30,0,2,0,0,0,,0,0,0,0,0,0,0,0,0,0,0,,0
00-0007983,Michael Husted,K,1999,3,REG,1999_03_CHI_OAK,LV,CHI,0,0,0,0,0,0,0,0,0,0,0,0,0,0,0,0,0,0,1,1,47,0,0,0,1,0,0,3,3,0,0,0,,0
00-0008046,Sedrick Irvin,RB,1999,3,REG,1999_03_DET_KC,DET,KC,0,0,0,0,0,0,0,3,20,1,1,0,1,2,21,0,1,0,0,0,,0,0,0,0,0,0,0,0,0,0,0,,0
00-0008059,Qadry Ismail,WR,1999,3,REG,1999_03_CLE_BAL,BAL,CLE,0,0,0,0,0,0,0,0,0,0,0,0,2,6,49,0,1,0,0,0,,0,0,0,0,0,0,0,0,0,0,0,,0
00-0008080,Chris Jacke,K,1999,3,REG,1999_03_SF_ARI,ARI,SF,0,0,0,0,0,0,0,0,0,0,0,0,0,0,0,0,0,0,1,1,43,0,0,0,1,0,0,1,1,0,0,0,,0
00-0008190,Sheldon Jackson,TE,1999,3,REG,1999_03_PHI_BUF,BUF,PHI,0,0,0,0,0,0,0,0,0,0,0,0,1,1,5,0,0,0,0,0,,0,0,0,0,0,0,0,0,0,0,0,,0
00-0008210,Willie Jackson,WR,1999,3,REG,1999_03_CIN_CAR,CIN,CAR,0,0,0,0,0,0,0,0,0,0,0,0,3,4,33,0,2,0,0,0,,0,0,0,0,0,0,0,0,0,0,0,,0
00-0008231,Jeff Jaeger,K,1999,3,REG,1999_03_CHI_OAK,CHI,LV,0,0,0,0,0,0,0,0,0,0,0,0,0,0,0,0,0,0,1,3,52,0,0,0,0,1,0,2,2,0,0,0,,0
00-0008241,Edgerrin James,RB,1999,3,REG,1999_03_IND_SD,IND,LAC,0,0,0,0,0,0,0,17,46,0,2,0,3,7,36,0,2,0,0,0,,0,0,0,0,0,0,0,0,0,0,0,,0
00-0008300,Patrick Jeffers,WR,1999,3,REG,1999_03_CIN_CAR,CAR,CIN,0,0,0,0,0,0,0,0,0,0,0,0,1,2,17,0,1,0,0,0,,0,0,0,0,0,0,0,0,0,0,0,,0
00-0008313,Shawn Jefferson,WR,1999,3,REG,1999_03_NYG_NE,NE,NYG,0,0,0,0,0,0,0,0,0,0,0,0,4,5,35,0,1,0,0,0,,0,0,0,0,0,0,0,0,0,0,0,,0
00-0008329,Dietrich Jells,WR,1999,3,REG,1999_03_PHI_BUF,PHI,BUF,0,0,0,0,0,0,0,0,0,0,0,0,0,3,0,0,0,0,0,0,,0,0,0,0,0,0,0,0,0,0,0,,0
00-0008400,James Jett,WR,1999,3,REG,1999_03_CHI_OAK,LV,CHI,0,0,0,0,0,0,0,0,0,0,0,0,2,4,29,0,2,0,0,0,,0,0,0,0,0,0,0,0,0,0,0,,0
00-0008401,John Jett,P,1999,3,REG,1999_03_DET_KC,DET,KC,0,0,0,0,0,0,0,0,0,0,0,0,0,0,0,0,0,0,0,0,,0,0,0,0,0,0,0,0,8,406,302,62,1
00-0008430,Anthony Johnson,RB,1999,3,REG,1999_03_CIN_CAR,CAR,CIN,0,0,0,0,0,0,0,0,0,0,0,0,0,1,0,0,0,0,0,0,,0,0,0,0,0,0,0,0,0,0,0,,0
00-0008442,Brad Johnson,QB,1999,3,REG,1999_03_WAS_NYJ,WAS,NYJ,17,28,241,0,0,1,-4,3,1,0,0,0,0,0,0,0,0,0,0,0,,0,0,0,0,0,0,0,0,0,0,0,,0
00-0008454,Charles Johnson,WR,1999,3,REG,1999_03_PHI_BUF,PHI,BUF,0,0,0,0,0,0,0,0,0,0,0,0,4,6,45,0,2,0,0,0,,0,0,0,0,0,0,0,0,0,0,0,,0
00-0008560,Kevin Johnson,WR,1999,3,REG,1999_03_CLE_BAL,CLE,BAL,0,0,0,0,0,0,0,0,0,0,0,0,2,8,18,1,1,0,0,0,,0,0,0,0,0,0,0,0,0,0,0,,0
00-0008561,Keyshawn Johnson,WR,1999,3,REG,1999_03_WAS_NYJ,NYJ,WAS,0,0,0,0,0,0,0,0,0,0,0,0,3,9,27,0,2,0,0,0,,0,0,0,0,0,0,0,0,0,0,0,,0
00-0008566,Lee Johnson,P,1999,3,REG,1999_03_NYG_NE,NE,NYG,0,0,0,0,0,0,0,0,0,0,0,0,0,0,0,0,0,0,0,0,,0,0,0,0,0,0,0,0,4,164,144,58,1
00-0008570,LeShon Johnson,RB,1999,3,REG,1999_03_NYG_NE,NYG,NE,0,0,0,0,0,0,0,10,18,0,1,0,3,3,18,1,2,0,0,0,,0,0,0,0,0,0,0,0,0,0,0,,0
00-0008593,Norm Johnson,K,1999,3,REG,1999_03_PHI_BUF,PHI,BUF,0,0,0,0,0,0,0,0,0,0,0,0,0,0,0,0,0,0,0,1,,0,0,0,0,0,0,0,0,0,0,0,,0
00-0008612,Rob Johnson,QB,1999,3,REG,1999_03_PHI_BUF,BUF,PHI,1,2,11,0,0,1,-9,1,25,0,1,0,0,0,0,0,0,0,0,0,,0,0,0,0,0,0,0,0,0,0,0,,0
00-0008723,Damon Jones,TE,1999,3,REG,1999_03_TEN_JAX,JAX,TEN,0,0,0,0,0,0,0,0,0,0,0,0,2,2,15,0,1,0,0,0,,0,0,0,0,0,0,0,0,0,0,0,,0
00-0008749,Freddie Jones,TE,1999,3,REG,1999_03_IND_SD,LAC,IND,0,0,0,0,0,0,0,0,0,0,0,0,5,8,45,0,4,0,0,0,,0,0,0,0,0,0,0,0,0,0,0,,0
00-0008921,Randy Jordan,RB,1999,3,REG,1999_03_CHI_OAK,LV,CHI,0,0,0,0,0,0,0,2,4,0,1,1,1,2,3,0,0,0,0,0,,0,0,0,0,0,0,0,0,0,0,0,,0
00-0009028,John Kasay,K,1999,3,REG,1999_03_CIN_CAR,CAR,CIN,0,0,0,0,0,0,0,0,0,0,0,0,0,0,0,0,0,0,2,2,48,0,1,0,1,0,0,3,3,0,0,0,,0
00-0009038,Napoleon Kaufman,RB,1999,3,REG,1999_03_CHI_OAK,LV,CHI,0,0,0,0,0,0,0,10,18,0,1,1,2,2,22,0,1,0,0,0,,0,0,0,0,0,0,0,0,0,0,0,,0
00-0009237,Brian Kinchen,TE,1999,3,REG,1999_03_CIN_CAR,CAR,CIN,0,0,0,0,0,0,0,0,0,0,0,0,0,1,0,0,0,0,0,0,,0,0,0,0,0,0,0,0,0,0,0,,0
00-0009288,Terry Kirby,RB,1999,3,REG,1999_03_CLE_BAL,CLE,BAL,0,0,0,0,0,0,0,18,51,0,2,0,7,8,75,0,1,0,0,0,,0,0,0,0,0,0,0,0,0,0,0,,0
00-0009311,Jon Kitna,QB,1999,3,REG,1999_03_SEA_PIT,SEA,PIT,18,29,265,0,0,1,-14,3,-3,0,0,0,0,0,0,0,0,0,0,0,,0,0,0,0,0,0,0,0,0,0,0,,0
00-0009443,Brian Kozlowski,TE,1999,3,REG,1999_03_ATL_STL,ATL,LA,0,0,0,0,0,0,0,0,0,0,0,0,2,2,2,1,1,0,0,0,,0,0,0,0,0,0,0,0,0,0,0,,0
00-0009584,Sean Landeta,P,1999,3,REG,1999_03_PHI_BUF,PHI,BUF,0,0,0,0,0,0,0,0,0,0,0,0,0,0,0,0,0,0,0,0,,0,0,0,0,0,0,0,0,9,443,317,60,0
00-0009599,Fred Lane,RB,1999,3,REG,1999_03_CIN_CAR,CAR,CIN,0,0,0,0,0,0,0,5,5,0,1,0,2,2,19,0,1,0,0,0,,0,0,0,0,0,0,0,0,0,0,0,,0
00-0009829,Dorsey Levens,RB,1999,3,REG,1999_03_MIN_GB,GB,MIN,0,0,0,0,0,0,0,18,49,0,3,0,9,11,84,0,6,0,0,0,,0,0,0,0,0,0,0,0,0,0,0,,0
00-0009869,Jermaine Lewis,WR,1999,3,REG,1999_03_CLE_BAL,BAL,CLE,0,0,0,0,0,0,0,1,1,0,0,0,3,5,23,0,1,0,0,0,,0,0,0,0,0,0,0,0,0,0,0,,0
00-0009960,Jonathan Linton,FB,1999,3,REG,1999_03_PHI_BUF,BUF,PHI,0,0,0,0,0,0,0,15,57,0,3,0,4,5,31,0,1,0,0,0,,0,0,0,0,0,0,0,0,0,0,0,,0
00-0010007,Kevin Lockett,WR,1999,3,REG,1999_03_DET_KC,KC,DET,0,0,0,0,0,0,0,0,0,0,0,0,4,5,36,0,4,0,0,0,,0,0,0,0,0,0,0,0,0,0,0,,0
00-0010072,Ryan Longwell,K,1999,3,REG,1999_03_MIN_GB,GB,MIN,0,0,0,0,0,0,0,0,0,0,0,0,0,0,0,0,0,0,3,3,35,0,1,2,0,0,0,2,2,0,0,0,,0
00-0010092,Kamil Loud,WR,1999,3,REG,1999_03_PHI_BUF,BUF,PHI,0,0,0,0,0,0,0,0,0,0,0,0,1,2,11,0,1,0,0,0,,0,0,0,0,0,0,0,0,0,0,0,,0
00-0010292,Joel Makovicka,FB,1999,3,REG,1999_03_SF_ARI,ARI,SF,0,0,0,0,0,0,0,1,3,0,0,0,0,0,0,0,0,0,0,0,,0,0,0,0,0,0,0,0,0,0,0,,0
00-0010346,Peyton Manning,QB,1999,3,REG,1999_03_IND_SD,IND,LAC,29,53,404,2,1,0,0,4,14,1,2,0,0,0,0,0,0,0,0,0,,0,0,0,0,0,0,0,0,0,0,0,,0
00-0010442,Curtis Martin,RB,1999,3,REG,1999_03_WAS_NYJ,NYJ,WAS,0,0,0,0,0,0,0,20,85,1,7,0,2,4,1,0,0,0,0,0,,0,0,0,0,0,0,0,0,0,0,0,,0
00-0010539,Terance Mathis,WR,1999,3,REG,1999_03_ATL_STL,ATL,LA,0,0,0,0,0,0,0,0,0,0,0,0,4,7,51,0,4,0,0,0,,0,0,0,0,0,0,0,0,0,0,0,,0
00-0010560,Shane Matthews,QB,1999,3,REG,1999_03_CHI_OAK,CHI,LV,20,30,178,2,1,2,-11,1,-1,0,0,0,0,0,0,0,0,0,0,0,,0,0,0,0,0,0,0,0,0,0,0,,0
00-0010599,Derrick Mayes,WR,1999,3,REG,1999_03_SEA_PIT,SEA,PIT,0,0,0,0,0,0,0,0,0,0,0,0,3,5,28,0,1,0,0,0,,0,0,0,0,0,0,0,0,0,0,0,,0
00-0010609,Brad Maynard,P,1999,3,REG,1999_03_NYG_NE,NYG,NE,0,0,0,0,0,0,0,0,0,0,0,0,0,0,0,0,0,0,0,0,,0,0,0,0,0,0,0,0,5,182,164,57,2
00-0010650,Ed McCaffrey,WR,1999,3,REG,1999_03_DEN_TB,DEN,TB,0,0,0,0,0,0,0,0,0,0,0,0,3,4,26,1,2,0,0,0,,0,0,0,0,0,0,0,0,0,0,0,,0
00-0010668,Keenan McCardell,WR,1999,3,REG,1999_03_TEN_JAX,JAX,TEN,0,0,0,0,0,0,0,0,0,0,0,0,4,10,55,0,4,0,0,0,,0,0,0,0,0,0,0,0,0,0,0,,0
00-0010762,Andy McCullough,WR,1999,3,REG,1999_03_SF_ARI,ARI,SF,0,0,0,0,0,0,0,0,0,0,0,0,2,4,43,0,2,0,0,0,,0,0,0,0,0,0,0,0,0,0,0,,0
00-0010859,Tony McGee,TE,1999,3,REG,1999_03_CIN_CAR,CIN,CAR,0,0,0,0,0,0,0,0,0,0,0,0,1,3,24,0,1,0,0,0,,0,0,0,0,0,0,0,0,0,0,0,,0
00-0011022,Donovan McNabb,QB,1999,3,REG,1999_03_PHI_BUF,PHI,BUF,6,11,34,0,0,0,0,1,10,0,1,0,0,0,0,0,0,0,0,0,,0,0,0,0,0,0,0,0,0,0,0,,0
00-0011044,Cade McNown,QB,1999,3,REG,1999_03_CHI_OAK,CHI,LV,3,5,38,0,0,1,-7,0,0,0,0,0,0,0,0,0,0,0,0,0,,0,0,0,0,0,0,0,0,0,0,0,,0
00-0011068,Johnny McWilliams,TE,1999,3,REG,1999_03_SF_ARI,ARI,SF,0,0,0,0,0,0,0,0,0,0,0,0,1,2,7,0,0,0,0,0,,0,0,0,0,0,0,0,0,0,0,0,,0
00-0011081,Natrone Means,RB,1999,3,REG,1999_03_IND_SD,LAC,IND,0,0,0,0,0,0,0,19,59,1,2,0,2,5,16,0,1,0,0,0,,0,0,0,0,0,0,0,0,0,0,0,,0
00-0011187,Terry Mickens,WR,1999,3,REG,1999_03_CHI_OAK,LV,CHI,0,0,0,0,0,0,0,0,0,0,0,0,1,2,15,0,0,0,0,0,,0,0,0,0,0,0,0,0,0,0,0,,0
00-0011213,Glyn Milburn,WR,1999,3,REG,1999_03_CHI_OAK,CHI,LV,0,0,0,0,0,0,0,0,0,0,0,0,2,2,9,0,0,0,0,0,,0,0,0,0,0,0,0,0,0,0,0,,0
00-0011279,Josh Miller,P,1999,3,REG,1999_03_SEA_PIT,PIT,SEA,0,0,0,0,0,0,0,0,0,0,0,0,0,0,0,0,0,0,0,0,,0,0,0,0,0,0,0,0,5,280,154,68,2
00-0011378,Rick Mirer,QB,1999,3,REG,1999_03_WAS_NYJ,NYJ,WAS,17,31,227,1,1,6,-32,1,6,0,0,0,0,0,0,0,0,0,0,0,,0,0,0,0,0,0,0,0,0,0,0,,0
00-0011399,Brian Mitchell,RB,1999,3,REG,1999_03_WAS_NYJ,WAS,NYJ,0,0,0,0,0,0,0,2,2,0,0,0,2,3,15,0,1,0,0,0,,0,0,0,0,0,0,0,0,0,0,0,,0
00-0011425,Pete Mitchell,TE,1999,3,REG,1999_03_NYG_NE,NYG,NE,0,0,0,0,0,0,0,0,0,0,0,0,3,5,30,0,2,0,0,0,,0,0,0,0,0,0,0,0,0,0,0,,0
00-0011463,Chris Mohr,P,1999,3,REG,1999_03_PHI_BUF,BUF,PHI,0,0,0,0,0,0,0,0,0,0,0,0,0,0,0,0,0,0,0,0,,0,0,0,0,0,0,0,0,4,137,137,40,3
00-0011551,Dave Moore,TE,1999,3,REG,1999_03_DEN_TB,TB,DEN,0,0,0,0,0,0,0,0,0,0,0,0,0,1,0,0,0,0,0,0,,0,0,0,0,0,0,0,0,0,0,0,,0
00-0011675,Bam Morris,RB,1999,3,REG,1999_03_DET_KC,KC,DET,0,0,0,0,0,0,0,7,16,0,0,0,0,0,0,0,0,0,0,0,,0,0,0,0,0,0,0,0,0,0,0,,0
00-0011727,Johnnie Morton,WR,1999,3,REG,1999_03_DET_KC,DET,KC,0,0,0,0,0,0,0,0,0,0,0,0,2,9,31,0,2,0,0,0,,0,0,0,0,0,0,0,0,0,0,0,,0
00-0011754,Randy Moss,WR,1999,3,REG,1999_03_MIN_GB,MIN,GB,0,0,0,0,0,0,0,0,0,0,0,0,2,5,13,1,1,0,0,0,,0,0,0,0,0,0,0,0,0,0,0,,0
00-0011770,Eric Moulds,WR,1999,3,REG,1999_03_PHI_BUF,BUF,PHI,0,0,0,0,0,0,0,1,1,0,0,0,3,7,37,0,3,0,0,0,,0,0,0,0,0,0,0,0,0,0,0,,0
00-0011795,Muhsin Muhammad,WR,1999,3,REG,1999_03_CIN_CAR,CAR,CIN,0,0,0,0,0,0,0,0,0,0,0,0,8,9,117,0,5,0,0,0,,0,0,0,0,0,0,0,0,0,0,0,,0
00-0011869,Adrian Murrell,RB,1999,3,REG,1999_03_SF_ARI,ARI,SF,0,0,0,0,0,0,0,16,42,0,3,0,1,2,10,0,1,0,0,0,,0,0,0,0,0,0,0,0,0,0,0,,0
00-0012261,Neil O'Donnell,QB,1999,3,REG,1999_03_TEN_JAX,TEN,JAX,17,32,204,2,1,2,-13,6,1,0,0,0,0,0,0,0,0,0,0,0,,0,0,0,0,0,0,0,0,0,0,0,,0
00-0012478,Terrell Owens,WR,1999,3,REG,1999_03_SF_ARI,SF,ARI,0,0,0,0,0,0,0,0,0,0,0,0,4,5,59,0,3,0,0,0,,0,0,0,0,0,0,0,0,0,0,0,,0
00-0012480,Ken Oxendine,RB,1999,3,REG,1999_03_ATL_STL,ATL,LA,0,0,0,0,0,0,0,2,6,0,0,0,0,0,0,0,0,0,0,0,,0,0,0,0,0,0,0,0,0,0,0,,0
00-0012515,David Palmer,RB,1999,3,REG,1999_03_MIN_GB,MIN,GB,0,0,0,0,0,0,0,0,0,0,0,0,1,2,6,0,1,0,0,0,,0,0,0,0,0,0,0,0,0,0,0,,0
00-0012603,Bernie Parmalee,RB,1999,3,REG,1999_03_WAS_NYJ,NYJ,WAS,0,0,0,0,0,0,0,10,51,0,2,0,1,1,14,0,0,0,0,0,,0,0,0,0,0,0,0,0,0,0,0,,0
00-0012637,Jerome Pathon,WR,1999,3,REG,1999_03_IND_SD,IND,LAC,0,0,0,0,0,0,0,0,0,0,0,0,4,9,55,0,2,0,0,0,,0,0,0,0,0,0,0,0,0,0,0,,0
00-0012642,David Patten,WR,1999,3,REG,1999_03_NYG_NE,NYG,NE,0,0,0,0,0,0,0,0,0,0,0,0,0,2,0,0,0,0,0,0,,0,0,0,0,0,0,0,0,0,0,0,,0
00-0012726,Doug Pederson,QB,1999,3,REG,1999_03_PHI_BUF,PHI,BUF,14,26,137,0,0,2,-24,1,6,0,0,0,0,0,0,0,0,0,0,0,,0,0,0,0,0,0,0,0,0,0,0,,0
00-0012742,Doug Pelfrey,K,1999,3,REG,1999_03_CIN_CAR,CIN,CAR,0,0,0,0,0,0,0,0,0,0,0,0,0,0,0,0,0,0,1,4,40,0,0,0,1,0,0,0,0,0,0,0,,0
00-0012764,Chris Penn,WR,1999,3,REG,1999_03_IND_SD,LAC,IND,0,0,0,0,0,0,0,0,0,0,0,0,0,1,0,0,0,0,0,0,,0,0,0,0,0,0,0,0,0,0,0,,0
00-0012875,Todd Peterson,K,1999,3,REG,1999_03_SEA_PIT,SEA,PIT,0,0,0,0,0,0,0,0,0,0,0,0,0,0,0,0,0,0,5,6,51,0,1,1,2,1,0,2,2,0,0,0,,0
00-0012931,Lawrence Phillips,RB,1999,3,REG,1999_03_SF_ARI,SF,ARI,0,0,0,0,0,0,0,9,102,1,5,0,3,4,15,0,1,0,0,0,,0,0,0,0,0,0,0,0,0,0,0,,0
00-0012953,Carl Pickens,WR,1999,3,REG,1999_03_CIN_CAR,CIN,CAR,0,0,0,0,0,0,0,0,0,0,0,0,5,7,58,0,2,0,0,0,,0,0,0,0,0,0,0,0,0,0,0,,0
00-0012971,Aaron Pierce,TE,1999,3,REG,1999_03_CLE_BAL,BAL,CLE,0,0,0,0,0,0,0,0,0,0,0,0,1,1,13,0,0,0,0,0,,0,0,0,0,0,0,0,0,0,0,0,,0
00-0013013,Michael Pittman,RB,1999,3,REG,1999_03_SF_ARI,ARI,SF,0,0,0,0,0,0,0,6,35,0,2,0,1,2,11,0,0,0,0,0,,0,0,0,0,0,0,0,0,0,0,0,,0
00-0013028,Scott Player,P,1999,3,REG,1999_03_SF_ARI,ARI,SF,0,0,0,0,0,0,0,0,0,0,0,0,0,0,0,0,0,0,0,0,,0,0,0,0,0,0,0,0,6,252,218,50,3
00-0013042,Jake Plummer,QB,1999,3,REG,1999_03_SF_ARI,ARI,SF,16,31,176,0,2,5,-27,5,20,0,2,0,0,0,0,0,0,0,0,0,,0,0,0,0,0,0,0,0,0,0,0,,0
00-0013080,Marcus Pollard,TE,1999,3,REG,1999_03_IND_SD,IND,LAC,0,0,0,0,0,0,0,0,0,0,0,0,1,2,15,0,0,0,0,0,,0,0,0,0,0,0,0,0,0,0,0,,0
00-0013108,Daniel Pope,P,1999,3,REG,1999_03_DET_KC,KC,DET,0,0,0,0,0,0,0,0,0,0,0,0,0,0,0,0,0,0,0,0,,0,0,0,0,0,0,0,0,7,315,291,57,3
00-0013232,Peerless Price,WR,1999,3,REG,1999_03_PHI_BUF,BUF,PHI,0,0,0,0,0,0,0,0,0,0,0,0,1,3,9,0,1,0,0,0,,0,0,0,0,0,0,0,0,0,0,0,,0
00-0013258,Mike Pritchard,WR,1999,3,REG,1999_03_SEA_PIT,SEA,PIT,0,0,0,0,0,0,0,0,0,0,0,0,6,10,90,0,3,0,0,0,,0,0,0,0,0,0,0,0,0,0,0,,0
00-0013268,Ricky Proehl,WR,1999,3,REG,1999_03_ATL_STL,LA,ATL,0,0,0,0,0,0,0,0,0,0,0,0,0,2,0,0,0,0,0,0,,0,0,0,0,0,0,0,0,0,0,0,,0
00-0013422,Walter Rasby,TE,1999,3,REG,1999_03_DET_KC,DET,KC,0,0,0,0,0,0,0,0,0,0,0,0,1,1,3,1,1,0,0,0,,0,0,0,0,0,0,0,0,0,0,0,,0
00-0013499,Andre Reed,WR,1999,3,REG,1999_03_PHI_BUF,BUF,PHI,0,0,0,0,0,0,0,0,0,0,0,0,3,3,41,0,3,0,0,0,,0,0,0,0,0,0,0,0,0,0,0,,0
00-0013512,Jake Reed,WR,1999,3,REG,1999_03_MIN_GB,MIN,GB,0,0,0,0,0,0,0,0,0,0,0,0,6,8,108,0,3,0,0,0,,0,0,0,0,0,0,0,0,0,0,0,,0
00-0013622,Errict Rhett,RB,1999,3,REG,1999_03_CLE_BAL,BAL,CLE,0,0,0,0,0,0,0,22,113,0,4,0,3,3,27,0,1,0,0,0,,0,0,0,0,0,0,0,0,0,0,0,,0
00-0013639,Jerry Rice,WR,1999,3,REG,1999_03_SF_ARI,SF,ARI,0,0,0,0,0,0,0,0,0,0,0,0,3,10,28,1,2,0,0,0,,0,0,0,0,0,0,0,0,0,0,0,,0
00-0013682,Kyle Richardson,P,1999,3,REG,1999_03_CLE_BAL,BAL,CLE,0,0,0,0,0,0,0,0,0,0,0,0,0,0,0,0,0,0,0,0,,0,0,0,0,0,0,0,0,8,332,302,51,4
00-0013694,Tony Richardson,FB,1999,3,REG,1999_03_DET_KC,KC,DET,0,0,0,0,0,0,0,3,14,0,1,0,0,1,0,0,0,0,0,0,,0,0,0,0,0,0,0,0,0,0,0,,0
00-0013699,Wade Richey,K,1999,3,REG,1999_03_SF_ARI,SF,ARI,0,0,0,0,0,0,0,0,0,0,0,0,0,0,0,0,0,0,1,1,33,0,0,1,0,0,0,3,3,0,0,0,,0
00-0013712,Mikhael Ricks,TE,1999,3,REG,1999_03_IND_SD,LAC,IND,0,0,0,0,0,0,0,0,0,0,0,0,1,2,9,0,0,0,0,0,,0,0,0,0,0,0,0,0,0,0,0,,0
00-0013728,Jay Riemersma,TE,1999,3,REG,1999_03_PHI_BUF,BUF,PHI,0,0,0,0,0,0,0,0,0,0,0,0,2,2,22,1,2,0,0,0,,0,0,0,0,0,0,0,0,0,0,0,,0
00-0013770,Andre Rison,WR,1999,3,REG,1999_03_DET_KC,KC,DET,0,0,0,0,0,0,0,0,0,0,0,0,1,3,8,0,0,0,0,0,,0,0,0,0,0,0,0,0,0,0,0,,0
00-0013773,Jon Ritchie,FB,1999,3,REG,1999_03_CHI_OAK,LV,CHI,0,0,0,0,0,0,0,1,-1,0,0,0,4,4,41,0,2,0,0,0,,0,0,0,0,0,0,0,0,0,0,0,,0
00-0013785,Ron Rivers,RB,1999,3,REG,1999_03_DET_KC,DET,KC,0,0,0,0,0,0,0,13,66,0,4,0,3,3,46,1,3,0,0,0,,0,0,0,0,0,0,0,0,0,0,0,,0
00-0013792,Michael Roan,TE,1999,3,REG,1999_03_TEN_JAX,TEN,JAX,0,0,0,0,0,0,0,0,0,0,0,0,1,3,12,1,1,0,0,0,,0,0,0,0,0,0,0,0,0,0,0,,0
00-0013872,Jeff Robinson,LS,1999,3,REG,1999_03_ATL_STL,LA,ATL,0,0,0,0,0,0,0,0,0,0,0,0,1,1,3,0,0,0,0,0,,0,0,0,0,0,0,0,0,0,0,0,,0
00-0013888,Marcus Robinson,WR,1999,3,REG,1999_03_CHI_OAK,CHI,LV,0,0,0,0,0,0,0,0,0,0,0,0,2,4,29,0,1,0,0,0,,0,0,0,0,0,0,0,0,0,0,0,,0
00-0014083,Tom Rouen,P,1999,3,REG,1999_03_DEN_TB,DEN,TB,0,0,0,0,0,0,0,0,0,0,0,0,0,0,0,0,0,0,0,0,,0,0,0,0,0,0,0,0,7,327,287,61,2
00-0014115,Mark Royals,P,1999,3,REG,1999_03_DEN_TB,TB,DEN,0,1,0,0,0,0,0,0,0,0,0,0,0,0,0,0,0,0,0,0,,0,0,0,0,0,0,0,0,6,270,230,52,2
00-0014319,Chris Sanders,WR,1999,3,REG,1999_03_TEN_JAX,TEN,JAX,0,0,0,0,0,0,0,0,0,0,0,0,0,1,0,0,0,0,0,0,,0,0,0,0,0,0,0,0,0,0,0,,0
00-0014328,Frank Sanders,WR,1999,3,REG,1999_03_SF_ARI,ARI,SF,0,0,0,0,0,0,0,0,0,0,0,0,7,9,74,0,5,1,0,0,,0,0,0,0,0,0,0,0,0,0,0,,0
00-0014350,O.J. Santiago,TE,1999,3,REG,1999_03_ATL_STL,ATL,LA,0,0,0,0,0,0,0,0,0,0,0,0,4,5,29,0,2,0,0,0,,0,0,0,0,0,0,0,0,0,0,0,,0
00-0014377,Todd Sauerbrun,P,1999,3,REG,1999_03_CHI_OAK,CHI,LV,0,0,0,0,0,0,0,0,0,0,0,0,0,0,0,0,0,0,0,0,,0,0,0,0,0,0,0,0,4,192,172,55,1
00-0014450,Cory Schlesinger,FB,1999,3,REG,1999_03_DET_KC,DET,KC,0,0,0,0,0,0,0,1,0,0,0,0,3,4,33,0,1,0,0,0,,0,0,0,0,0,0,0,0,0,0,0,,0
00-0014489,Bill Schroeder,WR,1999,3,REG,1999_03_MIN_GB,GB,MIN,0,0,0,0,0,0,0,0,0,0,0,0,5,9,85,0,3,0,0,0,,0,0,0,0,0,0,0,0,0,0,0,,0
00-0014544,Darnay Scott,WR,1999,3,REG,1999_03_CIN_CAR,CIN,CAR,0,0,0,0,0,0,0,0,0,0,0,0,7,12,78,0,5,0,0,0,,0,0,0,0,0,0,0,0,0,0,0,,0
00-0014619,Junior Seau,LB,1999,3,REG,1999_03_IND_SD,LAC,IND,0,0,0,0,0,0,0,0,0,0,0,0,0,1,0,0,0,0,0,0,,0,0,0,0,0,0,0,0,0,0,0,,0
00-0014655,Mike Sellers,TE,1999,3,REG,1999_03_WAS_NYJ,WAS,NYJ,0,0,0,0,0,0,0,0,0,0,0,0,0,1,0,0,0,0,0,0,,0,0,0,0,0,0,0,0,0,0,0,,0
00-0014722,Shannon Sharpe,TE,1999,3,REG,1999_03_DEN_TB,DEN,TB,0,0,0,0,0,0,0,0,0,0,0,0,5,7,39,0,1,0,0,0,,0,0,0,0,0,0,0,0,0,0,0,,0
00-0014759,Rashaan Shehee,RB,1999,3,REG,1999_03_DET_KC,KC,DET,0,0,0,0,0,0,0,11,46,1,3,0,3,3,15,0,0,0,0,0,,0,0,0,0,0,0,0,0,0,0,0,,0
00-0014775,Daimon Shelton,FB,1999,3,REG,1999_03_TEN_JAX,JAX,TEN,0,0,0,0,0,0,0,0,0,0,0,0,1,1,13,0,1,0,0,0,,0,0,0,0,0,0,0,0,0,0,0,,0
00-0014790,Leslie Shepherd,WR,1999,3,REG,1999_03_CLE_BAL,CLE,BAL,0,0,0,0,0,0,0,0,0,0,0,0,1,8,14,0,1,0,0,0,,0,0,0,0,0,0,0,0,0,0,0,,0
00-0015048,David Sloan,TE,1999,3,REG,1999_03_DET_KC,DET,KC,0,0,0,0,0,0,0,0,0,0,0,0,4,5,31,0,1,0,0,0,,0,0,0,0,0,0,0,0,0,0,0,,0
00-0015063,Torrance Small,WR,1999,3,REG,1999_03_PHI_BUF,PHI,BUF,0,0,0,0,0,0,0,0,0,0,0,0,1,4,12,0,1,0,0,0,,0,0,0,0,0,0,0,0,0,0,0,,0
00-0015091,Antowain Smith,RB,1999,3,REG,1999_03_PHI_BUF,BUF,PHI,0,0,0,0,0,0,0,16,64,1,4,0,0,0,0,0,0,0,0,0,,0,0,0,0,0,0,0,0,0,0,0,,0
00-0015194,Hunter Smith,P,1999,3,REG,1999_03_IND_SD,IND,LAC,0,0,0,0,0,0,0,0,0,0,0,0,0,0,0,0,0,0,0,0,,0,0,0,0,0,0,0,0,2,84,64,48,0
00-0015218,Jimmy Smith,WR,1999,3,REG,1999_03_TEN_JAX,JAX,TEN,0,0,0,0,0,0,0,0,0,0,0,0,10,16,129,1,7,0,0,0,,0,0,0,0,0,0,0,0,0,0,0,,0
00-0015286,Robert Smith,RB,1999,3,REG,1999_03_MIN_GB,MIN,GB,0,0,0,0,0,0,0,21,85,0,5,0,3,3,19,0,1,0,0,0,,0,0,0,0,0,0,0,0,0,0,0,,0
00-0015290,Rod Smith,WR,1999,3,REG,1999_03_DEN_TB,DEN,TB,0,0,0,0,0,0,0,0,0,0,0,0,2,7,24,0,1,0,0,0,,0,0,0,0,0,0,0,0,0,0,0,,0
00-0015507,Brian Stablein,WR,1999,3,REG,1999_03_DET_KC,DET,KC,0,0,0,0,0,0,0,0,0,0,0,0,0,2,0,0,0,0,0,0,,0,0,0,0,0,0,0,0,0,0,0,,0
00-0015523,Duce Staley,RB,1999,3,REG,1999_03_PHI_BUF,PHI,BUF,0,0,0,0,0,0,0,10,6,0,0,0,4,7,19,0,1,0,0,0,,0,0,0,0,0,0,0,0,0,0,0,,0
00-0015550,Chad Stanley,P,1999,3,REG,1999_03_SF_ARI,SF,ARI,0,0,0,0,0,0,0,0,0,0,0,0,0,0,0,0,0,0,0,0,,0,0,0,0,0,0,0,0,7,317,283,52,3
00-0015698,James Stewart,RB,1999,3,REG,1999_03_TEN_JAX,JAX,TEN,0,0,0,0,0,0,0,25,98,0,4,1,2,3,1,0,0,0,0,0,,0,0,0,0,0,0,0,0,0,0,0,,0
00-0015700,Kordell Stewart,QB,1999,3,REG,1999_03_SEA_PIT,PIT,SEA,7,14,61,0,3,2,-13,2,3,0,0,0,0,0,0,0,0,0,0,0,,0,0,0,0,0,0,0,0,0,0,0,,0
00-0015723,Bryan Still,WR,1999,3,REG,1999_03_IND_SD,LAC,IND,0,0,0,0,0,0,0,0,0,0,0,0,2,3,24,0,1,0,0,0,,0,0,0,0,0,0,0,0,0,0,0,,0
00-0015751,J.J. Stokes,WR,1999,3,REG,1999_03_SF_ARI,SF,ARI,0,0,0,0,0,0,0,0,0,0,0,0,2,2,4,0,0,0,0,0,,0,0,0,0,0,0,0,0,0,0,0,,0
00-0015759,Dwight Stone,WR,1999,3,REG,1999_03_WAS_NYJ,NYJ,WAS,0,0,0,0,0,0,0,0,0,0,0,0,0,2,0,0,0,0,0,0,,0,0,0,0,0,0,0,0,0,0,0,,0
00-0015784,Matt Stover,K,1999,3,REG,1999_03_CLE_BAL,BAL,CLE,0,0,0,0,0,0,0,0,0,0,0,0,0,0,0,0,0,0,1,1,44,0,0,0,1,0,0,2,2,0,0,0,,0
00-0015791,Pete Stoyanovich,K,1999,3,REG,1999_03_DET_KC,KC,DET,0,0,0,0,0,0,0,0,0,0,0,0,0,0,0,0,0,0,1,1,51,0,0,0,0,1,0,4,4,1,35,35,35,1
00-0015842,Dan Stryzinski,P,1999,3,REG,1999_03_ATL_STL,ATL,LA,0,0,0,0,0,0,0,0,0,0,0,0,0,0,0,0,0,0,0,0,,0,0,0,0,0,0,0,0,4,157,131,47,1
00-0016214,Yancey Thigpen,WR,1999,3,REG,1999_03_TEN_JAX,TEN,JAX,0,0,0,0,0,0,0,0,0,0,0,0,2,7,42,0,1,0,0,0,,0,0,0,0,0,0,0,0,0,0,0,,0
00-0016321,Rodney Thomas,RB,1999,3,REG,1999_03_TEN_JAX,TEN,JAX,0,0,0,0,0,0,0,2,-7,0,0,0,1,1,1,0,0,0,0,0,,0,0,0,0,0,0,0,0,0,0,0,,0
00-0016538,Mike Tomczak,QB,1999,3,REG,1999_03_SEA_PIT,PIT,SEA,14,27,159,1,2,0,0,1,4,0,0,0,0,0,0,0,0,0,0,0,,0,0,0,0,0,0,0,0,0,0,0,,0
00-0016550,Amani Toomer,WR,1999,3,REG,1999_03_NYG_NE,NYG,NE,0,0,0,0,0,0,0,0,0,0,0,0,7,10,69,0,3,0,0,0,,0,0,0,0,0,0,0,0,0,0,0,,0
00-0016683,Tom Tupa,P,1999,3,REG,1999_03_WAS_NYJ,NYJ,WAS,0,0,0,0,0,0,0,0,0,0,0,0,0,0,0,0,0,0,0,0,,0,0,0,0,0,0,0,0,6,288,241,55,1
00-0016689,Matt Turk,P,1999,3,REG,1999_03_WAS_NYJ,WAS,NYJ,0,0,0,0,0,0,0,0,0,0,0,0,0,0,0,0,0,0,0,0,,0,0,0,0,0,0,0,0,6,265,228,57,1
00-0016753,Rick Tuten,P,1999,3,REG,1999_03_ATL_STL,LA,ATL,0,0,0,0,0,0,0,0,0,0,0,0,0,0,0,0,0,0,0,0,,0,0,0,0,0,0,0,0,3,112,72,51,1
00-0016811,Iheanyi Uwaezuoke,WR,1999,3,REG,1999_03_DET_KC,DET,KC,0,0,0,0,0,0,0,0,0,0,0,0,0,1,0,0,0,0,0,0,,0,0,0,0,0,0,0,0,0,0,0,,0
00-0016830,Mike Vanderjagt,K,1999,3,REG,1999_03_IND_SD,IND,LAC,0,0,0,0,0,0,0,0,0,0,0,0,0,0,0,0,0,0,2,4,42,0,0,1,1,0,0,3,3,0,0,0,,0
00-0016838,Alex Van Pelt,QB,1999,3,REG,1999_03_PHI_BUF,BUF,PHI,1,1,9,0,0,0,0,1,-1,0,0,0,0,0,0,0,0,0,0,0,,0,0,0,0,0,0,0,0,0,0,0,,0
00-0016842,Tommy Vardell,FB,1999,3,REG,1999_03_SF_ARI,SF,ARI,0,0,0,0,0,0,0,1,5,0,0,0,2,2,9,0,0,0,0,0,,0,0,0,0,0,0,0,0,0,0,0,,0
00-0016919,Adam Vinatieri,K,1999,3,REG,1999_03_NYG_NE,NE,NYG,0,0,0,0,0,0,0,0,0,0,0,0,0,0,0,0,0,0,3,3,41,1,0,1,1,0,0,1,1,0,0,0,,0
00-0017109,Wesley Walls,TE,1999,3,REG,1999_03_CIN_CAR,CAR,CIN,0,0,0,0,0,0,0,0,0,0,0,0,1,2,4,1,1,0,0,0,,0,0,0,0,0,0,0,0,0,0,0,,0
00-0017127,Ken Walter,P,1999,3,REG,1999_03_CIN_CAR,CAR,CIN,0,0,0,0,0,0,0,0,0,0,0,0,0,0,0,0,0,0,0,0,,0,0,0,0,0,0,0,0,3,128,126,56,3
00-0017160,Dedric Ward,WR,1999,3,REG,1999_03_WAS_NYJ,NYJ,WAS,0,0,0,0,0,0,0,0,0,0,0,0,3,5,73,1,3,0,0,0,,0,0,0,0,0,0,0,0,0,0,0,,0
00-0017162,Hines Ward,WR,1999,3,REG,1999_03_SEA_PIT,PIT,SEA,0,0,0,0,0,0,0,0,0,0,0,0,2,5,18,0,1,0,0,0,,0,0,0,0,0,0,0,0,0,0,0,,0
00-0017200,Kurt Warner,QB,1999,3,REG,1999_03_ATL_STL,LA,ATL,17,25,275,3,0,0,0,2,7,1,1,0,0,0,0,0,0,0,0,0,,0,0,0,0,0,0,0,0,0,0,0,,0
00-0017218,Lamont Warren,RB,1999,3,REG,1999_03_NYG_NE,NE,NYG,0,0,0,0,0,0,0,4,7,0,0,0,1,1,12,0,1,0,0,0,,0,0,0,0,0,0,0,0,0,0,0,,0
00-0017303,Justin Watson,RB,1999,3,REG,1999_03_ATL_STL,LA,ATL,0,0,0,0,0,0,0,6,20,0,1,0,0,0,0,0,0,0,0,0,,0,0,0,0,0,0,0,0,0,0,0,,0
00-0017322,Ricky Watters,RB,1999,3,REG,1999_03_SEA_PIT,SEA,PIT,0,0,0,0,0,0,0,29,98,0,3,1,2,3,12,0,1,0,0,0,,0,0,0,0,0,0,0,0,0,0,0,,0
00-0017337,Charles Way,FB,1999,3,REG,1999_03_NYG_NE,NYG,NE,0,0,0,0,0,0,0,8,23,0,2,0,0,1,0,0,0,0,0,0,,0,0,0,0,0,0,0,0,0,0,0,,0
00-0017356,Jed Weaver,TE,1999,3,REG,1999_03_PHI_BUF,PHI,BUF,0,0,0,0,0,0,0,0,0,0,0,0,2,4,22,0,1,0,0,0,,0,0,0,0,0,0,0,0,0,0,0,,0
00-0017470,Michael Westbrook,WR,1999,3,REG,1999_03_WAS_NYJ,WAS,NYJ,0,0,0,0,0,0,0,0,0,0,0,0,4,8,84,0,2,0,0,0,,0,0,0,0,0,0,0,0,0,0,0,,0
00-0017480,Ryan Wetnight,TE,1999,3,REG,1999_03_CHI_OAK,CHI,LV,0,0,0,0,0,0,0,0,0,0,0,0,3,3,9,0,0,0,0,0,,0,0,0,0,0,0,0,0,0,0,0,,0
00-0017486,Tyrone Wheatley,RB,1999,3,REG,1999_03_CHI_OAK,LV,CHI,0,0,0,0,0,0,0,8,41,1,2,0,2,3,14,0,0,0,0,0,,0,0,0,0,0,0,0,0,0,0,0,,0
00-0017693,Jeff Wilkins,K,1999,3,REG,1999_03_ATL_STL,LA,ATL,0,0,0,0,0,0,0,0,0,0,0,0,0,0,0,0,0,0,0,0,,0,0,0,0,0,0,5,5,0,0,0,,0
00-0017697,Terrence Wilkins,WR,1999,3,REG,1999_03_IND_SD,IND,LAC,0,0,0,0,0,0,0,0,0,0,0,0,2,2,37,1,2,0,0,0,,0,0,0,0,0,0,0,0,0,0,0,,0
00-0017847,Karl Williams,WR,1999,3,REG,1999_03_DEN_TB,TB,DEN,0,0,0,0,0,0,0,0,0,0,0,0,1,1,9,0,0,0,0,0,,0,0,0,0,0,0,0,0,0,0,0,,0
00-0017860,Kevin R. Williams,WR,1999,3,REG,1999_03_PHI_BUF,BUF,PHI,0,0,0,0,0,0,0,1,13,0,1,0,2,3,14,0,1,0,0,0,,0,0,0,0,0,0,0,0,0,0,0,,0
00-0017892,Moe Williams,RB,1999,3,REG,1999_03_MIN_GB,MIN,GB,0,0,0,0,0,0,0,2,10,0,1,0,0,0,0,0,0,0,0,0,,0,0,0,0,0,0,0,0,0,0,0,,0
00-0017896,Nicolas Luchey,RB,1999,3,REG,1999_03_CIN_CAR,CIN,CAR,0,0,0,0,0,0,0,3,4,0,0,0,0,1,0,0,0,0,0,0,,0,0,0,0,0,0,0,0,0,0,0,,0
00-0017924,Roland Williams,TE,1999,3,REG,1999_03_ATL_STL,LA,ATL,0,0,0,0,0,0,0,0,0,0,0,0,2,3,31,0,1,0,0,0,,0,0,0,0,0,0,0,0,0,0,0,,0
00-0018343,Frank Wycheck,TE,1999,3,REG,1999_03_TEN_JAX,TEN,JAX,0,0,0,0,0,0,0,0,0,0,0,0,3,6,34,0,2,0,0,0,,0,0,0,0,0,0,0,0,0,0,0,,0
00-0018441,Steve Young,QB,1999,3,REG,1999_03_SF_ARI,SF,ARI,13,23,92,1,1,1,-10,2,19,0,1,0,0,0,0,0,0,0,0,0,,0,0,0,0,0,0,0,0,0,0,0,,0
00-0018501,Amos Zereoue,RB,1999,3,REG,1999_03_SEA_PIT,PIT,SEA,0,0,0,0,0,0,0,0,0,0,0,0,1,1,3,0,0,0,0,0,,0,0,0,0,0,0,0,0,0,0,0,,0
00-0018608,Reggie Davis,TE,1999,3,REG,1999_03_IND_SD,LAC,IND,0,0,0,0,0,0,0,0,0,0,0,0,1,1,46,0,1,0,0,0,,0,0,0,0,0,0,0,0,0,0,0,,0
00-0000003,Abdul-Karim al-Jabbar,RB,1999,4,REG,1999_04_BUF_MIA,MIA,BUF,0,0,0,0,0,0,0,3,2,0,0,0,0,1,0,0,0,0,0,0,,0,0,0,0,0,0,0,0,0,0,0,,0
00-0000104,Troy Aikman,QB,1999,4,REG,1999_04_ARI_DAL,DAL,ARI,15,21,192,2,0,0,0,2,1,0,0,0,0,0,0,0,0,0,0,0,,0,0,0,0,0,0,0,0,0,0,0,,0
00-0000145,Derrick Alexander,WR,1999,4,REG,1999_04_KC_SD,KC,LAC,0,0,0,0,0,0,0,1,0,0,0,0,1,8,14,0,1,0,0,0,,0,0,0,0,0,0,0,0,0,0,0,,0
00-0000166,Stephen Alexander,TE,1999,4,REG,1999_04_CAR_WAS,WAS,CAR,0,0,0,0,0,0,0,0,0,0,0,0,1,2,5,0,1,0,0,0,,0,0,0,0,0,0,0,0,0,0,0,,0
00-0000210,James Allen,RB,1999,4,REG,1999_04_NO_CHI,CHI,NO,0,0,0,0,0,0,0,1,4,0,0,0,0,0,0,0,0,0,0,0,,0,0,0,0,0,0,0,0,0,0,0,,0
00-0000232,Terry Allen,RB,1999,4,REG,1999_04_NE_CLE,NE,CLE,0,0,0,0,0,0,0,21,68,1,4,0,0,1,0,0,0,0,0,0,,0,0,0,0,0,0,0,0,0,0,0,,0
00-0000251,Mike Alstott,FB,1999,4,REG,1999_04_TB_MIN,TB,MIN,0,0,0,0,0,0,0,6,32,0,1,0,3,3,22,0,1,0,0,0,,0,0,0,0,0,0,0,0,0,0,0,,0
00-0000282,Morten Andersen,K,1999,4,REG,1999_04_BAL_ATL,ATL,BAL,0,0,0,0,0,0,0,0,0,0,0,0,0,0,0,0,0,0,2,3,41,0,0,1,1,0,0,1,1,0,0,0,,0
00-0000313,Gary Anderson,K,1999,4,REG,1999_04_TB_MIN,MIN,TB,0,0,0,0,0,0,0,0,0,0,0,0,0,0,0,0,0,0,0,1,,0,0,0,0,0,0,3,3,0,0,0,,0
00-0000339,Richie Anderson,FB,1999,4,REG,1999_04_NYJ_DEN,NYJ,DEN,0,0,0,0,0,0,0,0,0,0,0,0,1,3,9,0,1,0,0,0,,0,0,0,0,0,0,0,0,0,0,0,,0
00-0000387,Reidel Anthony,WR,1999,4,REG,1999_04_TB_MIN,TB,MIN,0,0,0,0,0,0,0,0,0,0,0,0,7,9,94,1,6,0,0,0,,0,0,0,0,0,0,0,0,0,0,0,,0
00-0000400,Leo Araguz,P,1999,4,REG,1999_04_OAK_SEA,LV,SEA,0,0,0,0,0,0,0,0,0,0,0,0,0,0,0,0,0,0,0,0,,0,0,0,0,0,0,0,0,5,176,101,49,2
00-0000422,Justin Armour,WR,1999,4,REG,1999_04_BAL_ATL,BAL,ATL,0,0,0,0,0,0,0,0,0,0,0,0,1,1,54,1,1,0,0,0,,0,0,0,0,0,0,0,0,0,0,0,,0
00-0000721,Tavian Banks,RB,1999,4,REG,1999_04_JAX_PIT,JAX,PIT,0,0,0,0,0,0,0,1,2,0,0,0,1,1,3,0,0,0,0,0,,0,0,0,0,0,0,0,0,0,0,0,,0
00-0000745,Tiki Barber,RB,1999,4,REG,1999_04_PHI_NYG,NYG,PHI,0,0,0,0,0,0,0,0,0,0,0,0,2,2,6,0,0,0,0,0,,0,0,0,0,0,0,0,0,0,0,0,,0
00-0000754,Bryan Barker,P,1999,4,REG,1999_04_JAX_PIT,JAX,PIT,0,0,0,0,0,0,0,0,0,0,0,0,0,0,0,0,0,0,0,0,,0,0,0,0,0,0,0,0,8,332,296,55,6
00-0000811,Tommy Barnhardt,P,1999,4,REG,1999_04_NO_CHI,NO,CHI,0,0,0,0,0,0,0,0,0,0,0,0,0,0,0,0,0,0,0,0,,0,0,0,0,0,0,0,0,6,225,187,46,0
00-0000856,Michael Basnight,RB,1999,4,REG,1999_04_STL_CIN,CIN,LA,0,0,0,0,0,0,0,6,27,0,0,0,1,1,6,0,1,0,0,0,,0,0,0,0,0,0,0,0,0,0,0,,0
00-0000883,Marco Battaglia,TE,1999,4,REG,1999_04_STL_CIN,CIN,LA,0,0,0,0,0,0,0,0,0,0,0,0,3,4,30,0,1,0,0,0,,0,0,0,0,0,0,0,0,0,0,0,,0
00-0000942,Fred Beasley,FB,1999,4,REG,1999_04_TEN_SF,SF,TEN,0,0,0,0,0,0,0,2,4,0,1,0,2,3,27,0,1,0,0,0,,0,0,0,0,0,0,0,0,0,0,0,,0
00-0000969,Brett Bech,WR,1999,4,REG,1999_04_NO_CHI,NO,CHI,0,0,0,0,0,0,0,0,0,0,0,0,0,1,0,0,0,0,0,0,,0,0,0,0,0,0,0,0,0,0,0,,0
00-0001101,Darren Bennett,P,1999,4,REG,1999_04_KC_SD,LAC,KC,0,0,0,0,0,0,0,0,0,0,0,0,0,0,0,0,0,0,0,0,,0,0,0,0,0,0,0,0,9,356,269,51,2
00-0001102,Donnell Bennett,FB,1999,4,REG,1999_04_KC_SD,KC,LAC,0,0,0,0,0,0,0,10,31,0,1,0,0,0,0,0,0,0,0,0,,0,0,0,0,0,0,0,0,0,0,0,,0
00-0001103,Edgar Bennett,RB,1999,4,REG,1999_04_NO_CHI,CHI,NO,0,0,0,0,0,0,0,0,0,0,0,0,3,3,27,0,1,1,0,0,,0,0,0,0,0,0,0,0,0,0,0,,0
00-0001157,Mitch Berger,P,1999,4,REG,1999_04_TB_MIN,MIN,TB,0,0,0,0,0,0,0,0,0,0,0,0,0,0,0,0,0,0,0,0,,0,0,0,0,0,0,0,0,5,253,197,56,1
00-0001215,Jerome Bettis,RB,1999,4,REG,1999_04_JAX_PIT,PIT,JAX,0,0,0,0,0,0,0,20,58,0,3,0,4,4,27,0,0,0,0,0,,0,0,0,0,0,0,0,0,0,0,0,,0
00-0001218,Steve Beuerlein,QB,1999,4,REG,1999_04_CAR_WAS,CAR,WAS,23,47,334,1,1,2,-6,0,0,0,0,0,0,0,0,0,0,0,0,0,,0,0,0,0,0,0,0,0,0,0,0,,0
00-0001224,Tim Biakabutuka,RB,1999,4,REG,1999_04_CAR_WAS,CAR,WAS,0,0,0,0,0,0,0,12,142,3,6,0,1,1,12,0,1,0,0,0,,0,0,0,0,0,0,0,0,0,0,0,,0
00-0001317,Will Blackwell,WR,1999,4,REG,1999_04_JAX_PIT,PIT,JAX,0,0,0,0,0,0,0,0,0,0,0,0,2,4,18,0,2,0,0,0,,0,0,0,0,0,0,0,0,0,0,0,,0
00-0001335,Jeff Blake,QB,1999,4,REG,1999_04_STL_CIN,CIN,LA,12,23,114,0,0,3,-26,2,14,0,1,0,0,0,0,0,0,0,0,0,,0,0,0,0,0,0,0,0,0,0,0,,0
00-0001361,Drew Bledsoe,QB,1999,4,REG,1999_04_NE_CLE,NE,CLE,29,43,393,1,0,4,-32,4,-1,0,1,0,0,0,0,0,0,0,0,0,,0,0,0,0,0,0,0,0,0,0,0,,0
00-0001525,James Bostic,RB,1999,4,REG,1999_04_PHI_NYG,PHI,NYG,0,0,0,0,0,0,0,1,5,0,0,0,1,1,6,0,1,0,0,0,,0,0,0,0,0,0,0,0,0,0,0,,0
00-0001532,David Boston,WR,1999,4,REG,1999_04_ARI_DAL,ARI,DAL,0,0,0,0,0,0,0,0,0,0,0,0,2,4,11,0,0,0,0,0,,0,0,0,0,0,0,0,0,0,0,0,,0
00-0001661,Kyle Brady,TE,1999,4,REG,1999_04_JAX_PIT,JAX,PIT,0,0,0,0,0,0,0,0,0,0,0,0,2,5,20,0,1,0,0,0,,0,0,0,0,0,0,0,0,0,0,0,,0
00-0001752,Will Brice,P,1999,4,REG,1999_04_STL_CIN,CIN,LA,0,0,0,0,0,0,0,0,0,0,0,0,0,0,0,0,0,0,0,0,,0,0,0,0,0,0,0,0,8,317,170,61,1
00-0001759,Doug Brien,K,1999,4,REG,1999_04_NO_CHI,NO,CHI,0,0,0,0,0,0,0,0,0,0,0,0,0,0,0,0,0,0,1,1,30,0,0,1,0,0,0,1,1,1,20,20,20,1
00-0001766,Jeremy Brigham,TE,1999,4,REG,1999_04_OAK_SEA,LV,SEA,0,0,0,0,0,0,0,0,0,0,0,0,0,2,0,0,0,0,0,0,,0,0,0,0,0,0,0,0,0,0,0,,0
00-0001783,Vincent Brisby,WR,1999,4,REG,1999_04_NE_CLE,NE,CLE,0,0,0,0,0,0,0,0,0,0,0,0,2,2,27,0,2,0,0,0,,0,0,0,0,0,0,0,0,0,0,0,,0
00-0001785,Bubby Brister,QB,1999,4,REG,1999_04_NYJ_DEN,DEN,NYJ,3,5,22,0,2,0,0,1,17,0,1,0,0,0,0,0,0,0,0,0,,0,0,0,0,0,0,0,0,0,0,0,,0
00-0001842,Macey Brooks,WR,1999,4,REG,1999_04_NO_CHI,CHI,NO,0,0,0,0,0,0,0,0,0,0,0,0,1,4,4,0,0,0,0,0,,0,0,0,0,0,0,0,0,0,0,0,,0
00-0001862,Luther Broughton,TE,1999,4,REG,1999_04_PHI_NYG,PHI,NYG,0,0,0,0,0,0,0,0,0,0,0,0,1,2,32,0,1,0,0,0,,0,0,0,0,0,0,0,0,0,0,0,,0
00-0001907,Dave Brown,QB,1999,4,REG,1999_04_ARI_DAL,ARI,DAL,4,6,30,0,1,0,0,0,0,0,0,0,0,0,0,0,0,0,0,0,,0,0,0,0,0,0,0,0,0,0,0,,0
00-0001938,Gary Brown,RB,1999,4,REG,1999_04_PHI_NYG,NYG,PHI,0,0,0,0,0,0,0,27,87,0,6,0,1,1,1,0,0,0,0,0,,0,0,0,0,0,0,0,0,0,0,0,,0
00-0001980,Kris Brown,K,1999,4,REG,1999_04_JAX_PIT,PIT,JAX,0,0,0,0,0,0,0,0,0,0,0,0,0,0,0,0,0,0,1,1,48,0,0,0,1,0,0,0,0,0,0,0,,0
00-0002027,Reggie Brown,FB,1999,4,REG,1999_04_OAK_SEA,SEA,LV,0,0,0,0,0,0,0,1,4,0,0,0,1,1,21,1,1,0,0,0,,0,0,0,0,0,0,0,0,0,0,0,,0
00-0002058,Tim Brown,WR,1999,4,REG,1999_04_OAK_SEA,LV,SEA,0,0,0,0,0,0,0,0,0,0,0,0,4,5,56,1,4,0,0,0,,0,0,0,0,0,0,0,0,0,0,0,,0
00-0002068,Troy Brown,WR,1999,4,REG,1999_04_NE_CLE,NE,CLE,0,0,0,0,0,0,0,0,0,0,0,0,4,4,59,0,3,0,0,0,,0,0,0,0,0,0,0,0,0,0,0,,0
00-0002099,Isaac Bruce,WR,1999,4,REG,1999_04_STL_CIN,LA,CIN,0,0,0,0,0,0,0,0,0,0,0,0,6,8,152,0,5,0,0,0,,0,0,0,0,0,0,0,0,0,0,0,,0
00-0002102,Mark Bruener,TE,1999,4,REG,1999_04_JAX_PIT,PIT,JAX,0,0,0,0,0,0,0,0,0,0,0,0,1,1,5,0,0,0,0,0,,0,0,0,0,0,0,0,0,0,0,0,,0
00-0002110,Mark Brunell,QB,1999,4,REG,1999_04_JAX_PIT,JAX,PIT,10,25,85,1,1,1,-5,5,21,0,2,0,0,0,0,0,0,0,0,0,,0,0,0,0,0,0,0,0,0,0,0,,0
00-0002459,Kenny Bynum,RB,1999,4,REG,1999_04_KC_SD,LAC,KC,0,0,0,0,0,0,0,1,0,0,0,0,1,1,18,1,1,0,0,0,,0,0,0,0,0,0,0,0,0,0,0,,0
00-0002544,Chris Calloway,WR,1999,4,REG,1999_04_BAL_ATL,ATL,BAL,0,0,0,0,0,0,0,0,0,0,0,0,4,11,53,0,4,0,0,0,,0,0,0,0,0,0,0,0,0,0,0,,0
00-0002586,Mark Campbell,TE,1999,4,REG,1999_04_NE_CLE,CLE,NE,0,0,0,0,0,0,0,0,0,0,0,0,0,2,0,0,0,0,0,0,,0,0,0,0,0,0,0,0,0,0,0,,0
00-0002655,John Carney,K,1999,4,REG,1999_04_KC_SD,LAC,KC,0,0,0,0,0,0,0,0,0,0,0,0,0,0,0,0,0,0,0,0,,0,0,0,0,0,0,3,3,0,0,0,,0
00-0002701,Rae Carruth,WR,1999,4,REG,1999_04_CAR_WAS,CAR,WAS,0,0,0,0,0,0,0,1,4,0,1,0,3,8,62,0,2,0,0,0,,0,0,0,0,0,0,0,0,0,0,0,,0
00-0002709,Dwayne Carswell,OT,1999,4,REG,1999_04_NYJ_DEN,DEN,NYJ,0,0,0,0,0,0,0,0,0,0,0,0,0,1,0,0,0,0,0,0,,0,0,0,0,0,0,0,0,0,0,0,,0
00-0002713,Tony Carter,RB,1999,4,REG,1999_04_NE_CLE,NE,CLE,0,0,0,0,0,0,0,1,4,0,0,0,3,4,13,0,0,0,0,0,,0,0,0,0,0,0,0,0,0,0,0,,0
00-0002721,Cris Carter,WR,1999,4,REG,1999_04_TB_MIN,MIN,TB,0,0,0,0,0,0,0,0,0,0,0,0,6,9,41,0,4,0,0,0,,0,0,0,0,0,0,0,0,0,0,0,,0
00-0002787,Stoney Case,QB,1999,4,REG,1999_04_BAL_ATL,BAL,ATL,13,27,192,2,0,5,-29,5,3,0,1,0,0,0,0,0,0,0,0,0,,0,0,0,0,0,0,0,0,0,0,0,,0
00-0002846,Larry Centers,FB,1999,4,REG,1999_04_CAR_WAS,WAS,CAR,0,0,0,0,0,0,0,0,0,0,0,0,4,5,35,0,2,0,0,0,,0,0,0,0,0,0,0,0,0,0,0,,0
00-0002861,Byron Chamberlain,TE,1999,4,REG,1999_04_NYJ_DEN,DEN,NYJ,0,0,0,0,0,0,0,0,0,0,0,0,1,1,13,0,0,0,0,0,,0,0,0,0,0,0,0,0,0,0,0,,0
00-0002942,Darrin Chiaverini,WR,1999,4,REG,1999_04_NE_CLE,CLE,NE,0,0,0,0,0,0,0,0,0,0,0,0,2,4,23,0,1,0,0,0,,0,0,0,0,0,0,0,0,0,0,0,,0
00-0002970,Bob Christian,FB,1999,4,REG,1999_04_BAL_ATL,ATL,BAL,0,0,0,0,0,0,0,1,5,0,0,0,4,6,33,0,1,1,0,0,,0,0,0,0,0,0,0,0,0,0,0,,0
00-0002975,Steve Christie,K,1999,4,REG,1999_04_BUF_MIA,BUF,MIA,0,0,0,0,0,0,0,0,0,0,0,0,0,0,0,0,0,0,3,3,52,0,1,1,0,1,0,2,2,0,0,0,,0
00-0003039,Greg Clark,TE,1999,4,REG,1999_04_TEN_SF,SF,TEN,0,0,0,0,0,0,0,0,0,0,0,0,3,4,29,0,1,0,0,0,,0,0,0,0,0,0,0,0,0,0,0,,0
00-0003103,Cameron Cleeland,TE,1999,4,REG,1999_04_NO_CHI,NO,CHI,0,0,0,0,0,0,0,0,0,0,0,0,1,3,13,0,1,0,0,0,,0,0,0,0,0,0,0,0,0,0,0,,0
00-0003128,Tony Cline,TE,1999,4,REG,1999_04_TEN_SF,SF,TEN,0,0,0,0,0,0,0,0,0,0,0,0,2,2,39,0,2,0,0,0,,0,0,0,0,0,0,0,0,0,0,0,,0
00-0003142,Ben Coates,TE,1999,4,REG,1999_04_NE_CLE,NE,CLE,0,0,0,0,0,0,0,0,0,0,0,0,0,1,0,0,0,0,0,0,,0,0,0,0,0,0,0,0,0,0,0,,0
00-0003175,Mac Cody,WR,1999,4,REG,1999_04_ARI_DAL,ARI,DAL,0,0,0,0,0,0,0,0,0,0,0,0,1,3,11,0,1,0,0,0,,0,0,0,0,0,0,0,0,0,0,0,,0
00-0003271,Cecil Collins,RB,1999,4,REG,1999_04_BUF_MIA,MIA,BUF,0,0,0,0,0,0,0,16,47,0,4,0,2,2,5,0,0,0,0,0,,0,0,0,0,0,0,0,0,0,0,0,,0
00-0003292,Kerry Collins,QB,1999,4,REG,1999_04_PHI_NYG,NYG,PHI,6,12,86,0,0,1,-11,2,-2,0,0,0,0,0,0,0,0,0,0,0,,0,0,0,0,0,0,0,0,0,0,0,,0
00-0003378,Albert Connell,WR,1999,4,REG,1999_04_CAR_WAS,WAS,CAR,0,0,0,0,0,0,0,0,0,0,0,0,5,10,134,2,2,0,0,0,,0,0,0,0,0,0,0,0,0,0,0,,0
00-0003395,Brett Conway,K,1999,4,REG,1999_04_CAR_WAS,WAS,CAR,0,0,0,0,0,0,0,0,0,0,0,0,0,0,0,0,0,0,1,1,31,0,0,1,0,0,0,5,5,0,0,0,,0
00-0003396,Curtis Conway,WR,1999,4,REG,1999_04_NO_CHI,CHI,NO,0,0,0,0,0,0,0,0,0,0,0,0,8,12,103,2,5,0,0,0,,0,0,0,0,0,0,0,0,0,0,0,,0
00-0003441,Andre Cooper,WR,1999,4,REG,1999_04_NYJ_DEN,DEN,NYJ,0,0,0,0,0,0,0,0,0,0,0,0,0,2,0,0,0,0,0,0,,0,0,0,0,0,0,0,0,0,0,0,,0
00-0003535,Tim Couch,QB,1999,4,REG,1999_04_NE_CLE,CLE,NE,13,28,201,1,0,4,-21,3,11,0,0,0,0,0,0,0,0,0,0,0,,0,0,0,0,0,0,0,0,0,0,0,,0
00-0003610,Aaron Craver,FB,1999,4,REG,1999_04_NO_CHI,NO,CHI,0,0,0,0,0,0,0,1,0,0,0,1,3,4,12,0,0,0,0,0,,0,0,0,0,0,0,0,0,0,0,0,,0
00-0003663,Zack Crockett,RB,1999,4,REG,1999_04_OAK_SEA,LV,SEA,0,0,0,0,0,0,0,3,11,0,2,0,0,0,0,0,0,0,0,0,,0,0,0,0,0,0,0,0,0,0,0,,0
00-0003681,Howard Cross,TE,1999,4,REG,1999_04_PHI_NYG,NYG,PHI,0,0,0,0,0,0,0,0,0,0,0,0,1,1,3,0,0,0,0,0,,0,0,0,0,0,0,0,0,0,0,0,,0
00-0003761,Randall Cunningham,QB,1999,4,REG,1999_04_TB_MIN,MIN,TB,26,34,296,3,1,0,0,1,3,0,0,0,0,0,0,0,0,0,0,0,,0,0,0,0,0,0,0,0,0,0,0,,0
00-0003841,Brad Daluiso,K,1999,4,REG,1999_04_PHI_NYG,NYG,PHI,0,0,0,0,0,0,0,0,0,0,0,0,0,0,0,0,0,0,3,3,35,0,2,1,0,0,0,1,1,0,0,0,,0
00-0003944,Billy Davis,WR,1999,4,REG,1999_04_BAL_ATL,BAL,ATL,0,0,0,0,0,0,0,0,0,0,0,0,1,2,8,0,1,0,0,0,,0,0,0,0,0,0,0,0,0,0,0,,0
00-0004052,Stephen Davis,RB,1999,4,REG,1999_04_CAR_WAS,WAS,CAR,0,0,0,0,0,0,0,21,72,1,7,0,0,0,0,0,0,0,0,0,,0,0,0,0,0,0,0,0,0,0,0,,0
00-0004054,Terrell Davis,RB,1999,4,REG,1999_04_NYJ_DEN,DEN,NYJ,0,0,0,0,0,0,0,8,18,1,2,0,0,0,0,0,0,0,0,0,,0,0,0,0,0,0,0,0,0,0,0,,0
00-0004077,Sean Dawkins,WR,1999,4,REG,1999_04_OAK_SEA,SEA,LV,0,0,0,0,0,0,0,0,0,0,0,0,1,4,17,0,1,0,0,0,,0,0,0,0,0,0,0,0,0,0,0,,0
00-0004091,Phil Dawson,K,1999,4,REG,1999_04_NE_CLE,CLE,NE,0,0,0,0,0,0,0,0,0,0,0,0,0,0,0,0,0,0,0,1,,0,0,0,0,0,0,1,1,0,0,0,,0
00-0004147,Al Del Greco,K,1999,4,REG,1999_04_TEN_SF,TEN,SF,0,0,0,0,0,0,0,0,0,0,0,0,0,0,0,0,0,0,3,3,28,0,3,0,0,0,0,1,1,0,0,0,,0
00-0004172,Greg DeLong,TE,1999,4,REG,1999_04_BAL_ATL,BAL,ATL,0,0,0,0,0,0,0,0,0,0,0,0,1,1,3,0,0,0,0,0,,0,0,0,0,0,0,0,0,0,0,0,,0
00-0004293,Trent Dilfer,QB,1999,4,REG,1999_04_TB_MIN,TB,MIN,25,39,301,2,1,3,-15,2,3,0,1,0,0,0,0,0,0,0,0,0,,0,0,0,0,0,0,0,0,0,0,0,,0
00-0004304,Corey Dillon,RB,1999,4,REG,1999_04_STL_CIN,CIN,LA,0,0,0,0,0,0,0,15,39,0,1,0,1,2,0,0,0,0,0,0,,0,0,0,0,0,0,0,0,0,0,0,,0
00-0004524,Troy Drayton,TE,1999,4,REG,1999_04_BUF_MIA,MIA,BUF,0,0,0,0,0,0,0,0,0,0,0,0,3,5,29,0,1,0,0,0,,0,0,0,0,0,0,0,0,0,0,0,,0
00-0004574,Rickey Dudley,TE,1999,4,REG,1999_04_OAK_SEA,LV,SEA,0,0,0,0,0,0,0,0,0,0,0,0,4,6,40,1,3,0,0,0,,0,0,0,0,0,0,0,0,0,0,0,,0
00-0004640,Warrick Dunn,RB,1999,4,REG,1999_04_TB_MIN,TB,MIN,0,0,0,0,0,0,0,16,49,0,2,0,4,7,52,0,2,0,0,0,,0,0,0,0,0,0,0,0,0,0,0,,0
00-0004694,Kevin Dyson,WR,1999,4,REG,1999_04_TEN_SF,TEN,SF,0,0,0,0,0,0,0,0,0,0,0,0,2,8,25,0,1,0,0,0,,0,0,0,0,0,0,0,0,0,0,0,,0
00-0004705,Quinn Early,WR,1999,4,REG,1999_04_NYJ_DEN,NYJ,DEN,0,0,0,0,0,0,0,0,0,0,0,0,0,1,0,0,0,0,0,0,,0,0,0,0,0,0,0,0,0,0,0,,0
00-0004780,Troy Edwards,WR,1999,4,REG,1999_04_JAX_PIT,PIT,JAX,0,0,0,0,0,0,0,0,0,0,0,0,2,3,22,0,2,0,0,0,,0,0,0,0,0,0,0,0,0,0,0,,0
00-0004811,Jason Elam,K,1999,4,REG,1999_04_NYJ_DEN,DEN,NYJ,0,0,0,0,0,0,0,0,0,0,0,0,0,0,0,0,0,0,2,2,51,0,1,0,0,1,0,1,1,0,0,0,,0
00-0004915,Bobby Engram,WR,1999,4,REG,1999_04_NO_CHI,CHI,NO,0,0,0,0,0,0,0,0,0,0,0,0,4,7,33,0,3,0,0,0,,0,0,0,0,0,0,0,0,0,0,0,,0
00-0004916,Curtis Enis,RB,1999,4,REG,1999_04_NO_CHI,CHI,NO,0,0,0,0,0,0,0,23,83,0,6,1,1,3,2,0,0,0,0,0,,0,0,0,0,0,0,0,0,0,0,0,,0
00-0004972,Chuck Evans,RB,1999,4,REG,1999_04_BAL_ATL,BAL,ATL,0,0,0,0,0,0,0,1,4,0,0,0,0,2,0,0,0,0,0,0,,0,0,0,0,0,0,0,0,0,0,0,,0
00-0005060,Chad Fann,TE,1999,4,REG,1999_04_TEN_SF,SF,TEN,0,0,0,0,0,0,0,0,0,0,0,0,0,1,0,0,0,0,0,0,,0,0,0,0,0,0,0,0,0,0,0,,0
00-0005092,Marshall Faulk,RB,1999,4,REG,1999_04_STL_CIN,LA,CIN,0,0,0,0,0,0,0,11,23,0,2,0,3,3,17,0,0,0,0,0,,0,0,0,0,0,0,0,0,0,0,0,,0
00-0005101,Christian Fauria,TE,1999,4,REG,1999_04_OAK_SEA,SEA,LV,0,0,0,0,0,0,0,0,0,0,0,0,2,5,17,0,0,0,0,0,,0,0,0,0,0,0,0,0,0,0,0,,0
00-0005113,Jeff Feagles,P,1999,4,REG,1999_04_OAK_SEA,SEA,LV,0,0,0,0,0,0,0,0,0,0,0,0,0,0,0,0,0,0,0,0,,0,0,0,0,0,0,0,0,4,186,182,55,2
00-0005324,Terrell Fletcher,RB,1999,4,REG,1999_04_KC_SD,LAC,KC,0,0,0,0,0,0,0,1,7,0,0,0,3,5,7,0,1,0,0,0,,0,0,0,0,0,0,0,0,0,0,0,,0
00-0005348,Chris Floyd,FB,1999,4,REG,1999_04_NE_CLE,NE,CLE,0,0,0,0,0,0,0,3,9,0,0,0,1,1,11,0,1,0,0,0,,0,0,0,0,0,0,0,0,0,0,0,,0
00-0005361,William Floyd,FB,1999,4,REG,1999_04_CAR_WAS,CAR,WAS,0,0,0,0,0,0,0,2,0,0,0,0,0,1,0,0,0,0,0,0,,0,0,0,0,0,0,0,0,0,0,0,,0
00-0005363,Doug Flutie,QB,1999,4,REG,1999_04_BUF_MIA,BUF,MIA,12,25,186,1,0,1,-9,9,29,0,2,0,0,0,0,0,0,0,0,0,,0,0,0,0,0,0,0,0,0,0,0,,0
00-0005616,Irving Fryar,WR,1999,4,REG,1999_04_CAR_WAS,WAS,CAR,0,0,0,0,0,0,0,0,0,0,0,0,2,3,23,0,1,0,0,0,,0,0,0,0,0,0,0,0,0,0,0,,0
00-0005668,Oronde Gadsden,WR,1999,4,REG,1999_04_BUF_MIA,MIA,BUF,0,0,0,0,0,0,0,0,0,0,0,0,3,8,46,0,1,0,0,0,,0,0,0,0,0,0,0,0,0,0,0,,0
00-0005741,Rich Gannon,QB,1999,4,REG,1999_04_OAK_SEA,LV,SEA,19,34,220,2,1,2,-3,2,13,0,1,0,0,0,0,0,0,0,0,0,,0,0,0,0,0,0,0,0,0,0,0,,0
00-0005755,Jeff Garcia,QB,1999,4,REG,1999_04_TEN_SF,SF,TEN,21,33,243,2,0,1,0,8,8,1,1,0,0,0,0,0,0,0,0,0,,0,0,0,0,0,0,0,0,0,0,0,,0
00-0005771,Chris Gardocki,P,1999,4,REG,1999_04_NE_CLE,CLE,NE,0,0,0,0,0,0,0,0,0,0,0,0,0,0,0,0,0,0,0,0,,0,0,0,0,0,0,0,0,9,393,318,53,1
00-0005779,Charlie Garner,RB,1999,4,REG,1999_04_TEN_SF,SF,TEN,0,0,0,0,0,0,0,12,69,0,2,0,4,4,47,1,1,0,0,0,,0,0,0,0,0,0,0,0,0,0,0,,0
00-0005794,Jason Garrett,QB,1999,4,REG,1999_04_ARI_DAL,DAL,ARI,0,0,0,0,0,0,0,2,-2,0,0,0,0,0,0,0,0,0,0,0,,0,0,0,0,0,0,0,0,0,0,0,,0
00-0005822,Sam Gash,FB,1999,4,REG,1999_04_BUF_MIA,BUF,MIA,0,0,0,0,0,0,0,0,0,0,0,0,0,1,0,0,0,0,0,0,,0,0,0,0,0,0,0,0,0,0,0,,0
00-0005883,Eddie George,RB,1999,4,REG,1999_04_TEN_SF,TEN,SF,0,0,0,0,0,0,0,15,26,0,2,0,3,5,81,1,2,0,0,0,,0,0,0,0,0,0,0,0,0,0,0,,0
00-0005885,Jeff George,QB,1999,4,REG,1999_04_TB_MIN,MIN,TB,0,1,0,0,0,0,0,0,0,0,0,0,0,0,0,0,0,0,0,0,,0,0,0,0,0,0,0,0,0,0,0,,0
00-0005903,Jammi German,WR,1999,4,REG,1999_04_BAL_ATL,ATL,BAL,0,0,0,0,0,0,0,0,0,0,0,0,3,3,48,1,2,0,0,0,,0,0,0,0,0,0,0,0,0,0,0,,0
00-0006043,Terry Glenn,WR,1999,4,REG,1999_04_NE_CLE,NE,CLE,0,0,0,0,0,0,0,0,0,0,0,0,13,18,214,1,8,2,0,0,,0,0,0,0,0,0,0,0,0,0,0,,0
00-0006047,Andrew Glover,TE,1999,4,REG,1999_04_TB_MIN,MIN,TB,0,0,0,0,0,0,0,0,0,0,0,0,2,2,37,1,2,0,0,0,,0,0,0,0,0,0,0,0,0,0,0,,0
00-0006101,Tony Gonzalez,TE,1999,4,REG,1999_04_KC_SD,KC,LAC,0,0,0,0,0,0,0,0,0,0,0,0,7,10,68,1,4,0,0,0,,0,0,0,0,0,0,0,0,0,0,0,,0
00-0006181,Toby Gowin,P,1999,4,REG,1999_04_ARI_DAL,DAL,ARI,0,0,0,0,0,0,0,0,0,0,0,0,0,0,0,0,0,0,0,1,,0,0,0,0,0,0,5,5,6,267,208,57,2
00-0006210,Jeff Graham,WR,1999,4,REG,1999_04_KC_SD,LAC,KC,0,0,0,0,0,0,0,0,0,0,0,0,0,5,0,0,0,0,0,0,,0,0,0,0,0,0,0,0,0,0,0,,0
00-0006212,Kent Graham,QB,1999,4,REG,1999_04_PHI_NYG,NYG,PHI,15,29,171,1,3,1,-13,3,23,0,3,0,0,0,0,0,0,0,0,0,,0,0,0,0,0,0,0,0,0,0,0,,0
00-0006223,Martin Gramatica,K,1999,4,REG,1999_04_TB_MIN,TB,MIN,0,0,0,0,0,0,0,0,0,0,0,0,0,0,0,0,0,0,0,0,,0,0,0,0,0,0,2,2,0,0,0,,0
00-0006299,Tony Graziani,QB,1999,4,REG,1999_04_BAL_ATL,ATL,BAL,9,13,73,0,0,1,-5,0,0,0,0,0,0,0,0,0,0,0,0,0,,0,0,0,0,0,0,0,0,0,0,0,,0
00-0006300,Elvis Grbac,QB,1999,4,REG,1999_04_KC_SD,KC,LAC,19,40,200,2,4,1,-7,1,1,0,0,0,0,0,0,0,0,0,0,0,,0,0,0,0,0,0,0,0,0,0,0,,0
00-0006324,Eric Green,TE,1999,4,REG,1999_04_NYJ_DEN,NYJ,DEN,0,0,0,0,0,0,0,0,0,0,0,0,0,1,0,0,0,0,0,0,,0,0,0,0,0,0,0,0,0,0,0,,0
00-0006331,Jacquez Green,WR,1999,4,REG,1999_04_TB_MIN,TB,MIN,0,0,0,0,0,0,0,0,0,0,0,0,4,5,49,0,3,0,0,0,,0,0,0,0,0,0,0,0,0,0,0,,0
00-0006423,Brian Griese,QB,1999,4,REG,1999_04_NYJ_DEN,DEN,NYJ,15,31,212,0,3,1,-16,4,16,0,2,0,0,0,0,0,0,0,0,0,,0,0,0,0,0,0,0,0,0,0,0,,0
00-0006431,Damon Griffin,WR,1999,4,REG,1999_04_STL_CIN,CIN,LA,0,0,0,0,0,0,0,0,0,0,0,0,3,4,34,0,3,0,0,0,,0,0,0,0,0,0,0,0,0,0,0,,0
00-0006456,Howard Griffith,RB,1999,4,REG,1999_04_NYJ_DEN,DEN,NYJ,0,0,0,0,0,0,0,0,0,0,0,0,3,3,13,0,0,0,0,0,,0,0,0,0,0,0,0,0,0,0,0,,0
00-0006482,Clif Groce,FB,1999,4,REG,1999_04_STL_CIN,CIN,LA,0,0,0,0,0,0,0,0,0,0,0,0,1,4,2,0,0,0,0,0,,0,0,0,0,0,0,0,0,0,0,0,,0
00-0006627,Az-Zahir Hakim,WR,1999,4,REG,1999_04_STL_CIN,LA,CIN,0,0,0,0,0,0,0,0,0,0,0,0,3,5,78,3,3,0,0,0,,0,0,0,0,0,0,0,0,0,0,0,,0
00-0006662,John Hall,K,1999,4,REG,1999_04_NYJ_DEN,NYJ,DEN,0,0,0,0,0,0,0,0,0,0,0,0,0,0,0,0,0,0,0,1,,0,0,0,0,0,0,3,3,0,0,0,,0
00-0006803,Byron Hanspard,RB,1999,4,REG,1999_04_BAL_ATL,ATL,BAL,0,0,0,0,0,0,0,14,20,0,2,1,2,2,14,0,1,0,0,0,,0,0,0,0,0,0,0,0,0,0,0,,0
00-0006808,Jim Harbaugh,QB,1999,4,REG,1999_04_KC_SD,LAC,KC,6,9,38,0,1,1,-10,0,0,0,0,0,0,0,0,0,0,0,0,0,,0,0,0,0,0,0,0,0,0,0,0,,0
00-0006848,Terry Hardy,TE,1999,4,REG,1999_04_ARI_DAL,ARI,DAL,0,0,0,0,0,0,0,0,0,0,0,0,5,7,17,0,2,0,0,0,,0,0,0,0,0,0,0,0,0,0,0,,0
00-0006977,Mark Harris,WR,1999,4,REG,1999_04_TEN_SF,SF,TEN,0,0,0,0,0,0,0,0,0,0,0,0,0,3,0,0,0,0,0,0,,0,0,0,0,0,0,0,0,0,0,0,,0
00-0006994,Ronnie Harris,WR,1999,4,REG,1999_04_BAL_ATL,ATL,BAL,0,0,0,0,0,0,0,0,0,0,0,0,1,5,10,0,1,0,0,0,,0,0,0,0,0,0,0,0,0,0,0,,0
00-0007093,Andre Hastings,WR,1999,4,REG,1999_04_NO_CHI,NO,CHI,0,0,0,0,0,0,0,0,0,0,0,0,2,2,15,0,1,0,0,0,,0,0,0,0,0,0,0,0,0,0,0,,0
00-0007120,Courtney Hawkins,WR,1999,4,REG,1999_04_JAX_PIT,PIT,JAX,0,0,0,0,0,0,0,0,0,0,0,0,1,7,19,0,1,0,0,0,,0,0,0,0,0,0,0,0,0,0,0,,0
00-0007308,Craig Hentrich,P,1999,4,REG,1999_04_TEN_SF,TEN,SF,0,0,0,0,0,0,0,0,0,0,0,0,0,0,0,0,0,0,0,0,,0,0,0,0,0,0,0,0,5,203,146,53,2
00-0007468,Ike Hilliard,WR,1999,4,REG,1999_04_PHI_NYG,NYG,PHI,0,0,0,0,0,0,0,0,0,0,0,0,4,8,64,1,3,0,0,0,,0,0,0,0,0,0,0,0,0,0,0,,0
00-0007530,Billy Joe Hobert,QB,1999,4,REG,1999_04_NO_CHI,NO,CHI,8,13,76,0,0,2,-29,1,2,1,1,0,0,0,0,0,0,0,0,0,,0,0,0,0,0,0,0,0,0,0,0,,0
00-0007546,James Hodgins,RB,1999,4,REG,1999_04_STL_CIN,LA,CIN,0,0,0,0,0,0,0,2,3,0,0,0,0,0,0,0,0,0,0,0,,0,0,0,0,0,0,0,0,0,0,0,,0
00-0007579,Robert Holcombe,FB,1999,4,REG,1999_04_STL_CIN,LA,CIN,0,0,0,0,0,0,0,7,20,1,1,0,1,1,5,0,0,0,0,0,,0,0,0,0,0,0,0,0,0,0,0,,0
00-0007622,Mike Hollis,K,1999,4,REG,1999_04_JAX_PIT,JAX,PIT,0,0,0,0,0,0,0,0,0,0,0,0,0,0,0,0,0,0,2,2,41,0,1,0,1,0,0,1,1,0,0,0,,0
00-0007681,Torry Holt,WR,1999,4,REG,1999_04_STL_CIN,LA,CIN,0,0,0,0,0,0,0,1,14,0,1,0,4,4,58,0,3,1,0,0,,0,0,0,0,0,0,0,0,0,0,0,,0
00-0007744,Joe Horn,WR,1999,4,REG,1999_04_KC_SD,KC,LAC,0,0,0,0,0,0,0,0,0,0,0,0,2,3,41,1,2,0,0,0,,0,0,0,0,0,0,0,0,0,0,0,,0
00-0007969,Richard Huntley,RB,1999,4,REG,1999_04_JAX_PIT,PIT,JAX,0,0,0,0,0,0,0,5,18,0,1,0,1,1,-1,0,0,0,0,0,,0,0,0,0,0,0,0,0,0,0,0,,0
00-0007983,Michael Husted,K,1999,4,REG,1999_04_OAK_SEA,LV,SEA,0,0,0,0,0,0,0,0,0,0,0,0,0,0,0,0,0,0,0,1,,0,0,0,0,0,0,3,3,0,0,0,,0
00-0007993,Tom Hutton,P,1999,4,REG,1999_04_BUF_MIA,MIA,BUF,0,0,0,0,0,0,0,0,0,0,0,0,0,0,0,0,0,0,0,0,,0,0,0,0,0,0,0,0,5,196,162,52,1
00-0008044,Michael Irvin,WR,1999,4,REG,1999_04_ARI_DAL,DAL,ARI,0,0,0,0,0,0,0,0,0,0,0,0,2,2,24,1,2,0,0,0,,0,0,0,0,0,0,0,0,0,0,0,,0
00-0008059,Qadry Ismail,WR,1999,4,REG,1999_04_BAL_ATL,BAL,ATL,0,0,0,0,0,0,0,0,0,0,0,0,6,9,65,0,5,0,0,0,,0,0,0,0,0,0,0,0,0,0,0,,0
00-0008060,Raghib Ismail,WR,1999,4,REG,1999_04_ARI_DAL,DAL,ARI,0,0,0,0,0,0,0,2,14,0,1,0,4,6,101,1,3,0,0,0,,0,0,0,0,0,0,0,0,0,0,0,,0
00-0008080,Chris Jacke,K,1999,4,REG,1999_04_ARI_DAL,ARI,DAL,0,0,0,0,0,0,0,0,0,0,0,0,0,0,0,0,0,0,0,0,,0,0,0,0,0,0,1,1,0,0,0,,0
00-0008210,Willie Jackson,WR,1999,4,REG,1999_04_STL_CIN,CIN,LA,0,0,0,0,0,0,0,0,0,0,0,0,1,3,13,0,1,0,0,0,,0,0,0,0,0,0,0,0,0,0,0,,0
00-0008231,Jeff Jaeger,K,1999,4,REG,1999_04_NO_CHI,CHI,NO,0,0,0,0,0,0,0,0,0,0,0,0,0,0,0,0,0,0,0,1,,0,0,0,0,0,0,2,2,0,0,0,,0
00-0008300,Patrick Jeffers,WR,1999,4,REG,1999_04_CAR_WAS,CAR,WAS,0,0,0,0,0,0,0,0,0,0,0,0,5,7,57,0,4,0,0,0,,0,0,0,0,0,0,0,0,0,0,0,,0
00-0008313,Shawn Jefferson,WR,1999,4,REG,1999_04_NE_CLE,NE,CLE,0,0,0,0,0,0,0,0,0,0,0,0,1,3,32,0,1,0,0,0,,0,0,0,0,0,0,0,0,0,0,0,,0
00-0008329,Dietrich Jells,WR,1999,4,REG,1999_04_PHI_NYG,PHI,NYG,0,0,0,0,0,0,0,0,0,0,0,0,1,1,13,0,1,0,0,0,,0,0,0,0,0,0,0,0,0,0,0,,0
00-0008400,James Jett,WR,1999,4,REG,1999_04_OAK_SEA,LV,SEA,0,0,0,0,0,0,0,0,0,0,0,0,2,4,17,0,1,0,0,0,,0,0,0,0,0,0,0,0,0,0,0,,0
00-0008430,Anthony Johnson,RB,1999,4,REG,1999_04_CAR_WAS,CAR,WAS,0,0,0,0,0,0,0,0,0,0,0,0,2,2,9,0,0,0,0,0,,0,0,0,0,0,0,0,0,0,0,0,,0
00-0008442,Brad Johnson,QB,1999,4,REG,1999_04_CAR_WAS,WAS,CAR,20,33,337,4,0,3,-29,4,11,0,0,0,0,0,0,0,0,0,0,0,,0,0,0,0,0,0,0,0,0,0,0,,0
00-0008454,Charles Johnson,WR,1999,4,REG,1999_04_PHI_NYG,PHI,NYG,0,0,0,0,0,0,0,0,0,0,0,0,3,7,38,0,3,0,0,0,,0,0,0,0,0,0,0,0,0,0,0,,0
00-0008529,J.J. Johnson,RB,1999,4,REG,1999_04_BUF_MIA,MIA,BUF,0,0,0,0,0,0,0,4,11,0,1,0,1,2,3,0,0,0,0,0,,0,0,0,0,0,0,0,0,0,0,0,,0
00-0008560,Kevin Johnson,WR,1999,4,REG,1999_04_NE_CLE,CLE,NE,0,0,0,0,0,0,0,0,0,0,0,0,6,9,131,1,4,0,0,0,,0,0,0,0,0,0,0,0,0,0,0,,0
00-0008561,Keyshawn Johnson,WR,1999,4,REG,1999_04_NYJ_DEN,NYJ,DEN,0,0,0,0,0,0,0,1,-1,0,0,0,8,10,98,1,4,0,0,0,,0,0,0,0,0,0,0,0,0,0,0,,0
00-0008566,Lee Johnson,P,1999,4,REG,1999_04_NE_CLE,NE,CLE,0,0,0,0,0,0,0,0,0,0,0,0,0,0,0,0,0,0,0,0,,0,0,0,0,0,0,0,0,6,248,236,56,1
00-0008570,LeShon Johnson,RB,1999,4,REG,1999_04_PHI_NYG,NYG,PHI,0,0,0,0,0,0,0,1,1,0,0,0,0,0,0,0,0,0,0,0,,0,0,0,0,0,0,0,0,0,0,0,,0
00-0008572,Lonnie Johnson,TE,1999,4,REG,1999_04_KC_SD,KC,LAC,0,0,0,0,0,0,0,0,0,0,0,0,0,3,0,0,0,0,0,0,,0,0,0,0,0,0,0,0,0,0,0,,0
00-0008593,Norm Johnson,K,1999,4,REG,1999_04_PHI_NYG,PHI,NYG,0,0,0,0,0,0,0,0,0,0,0,0,0,0,0,0,0,0,2,2,32,0,1,1,0,0,0,1,1,0,0,0,,0
00-0008598,Pat Johnson,WR,1999,4,REG,1999_04_BAL_ATL,BAL,ATL,0,0,0,0,0,0,0,0,0,0,0,0,1,1,52,1,1,0,0,0,,0,0,0,0,0,0,0,0,0,0,0,,0
00-0008749,Freddie Jones,TE,1999,4,REG,1999_04_KC_SD,LAC,KC,0,0,0,0,0,0,0,0,0,0,0,0,4,4,48,0,2,0,0,0,,0,0,0,0,0,0,0,0,0,0,0,,0
00-0008751,George Jones,RB,1999,4,REG,1999_04_NE_CLE,CLE,NE,0,0,0,0,0,0,0,1,2,0,0,0,0,0,0,0,0,0,0,0,,0,0,0,0,0,0,0,0,0,0,0,,0
00-0008921,Randy Jordan,RB,1999,4,REG,1999_04_OAK_SEA,LV,SEA,0,0,0,0,0,0,0,0,0,0,0,0,1,2,9,0,0,0,0,0,,0,0,0,0,0,0,0,0,0,0,0,,0
00-0008962,Joe Jurevicius,WR,1999,4,REG,1999_04_PHI_NYG,NYG,PHI,0,0,0,0,0,0,0,0,0,0,0,0,1,5,26,0,0,1,0,0,,0,0,0,0,0,0,0,0,0,0,0,,0
00-0008970,Paul Justin,QB,1999,4,REG,1999_04_STL_CIN,LA,CIN,1,1,27,0,0,0,0,0,0,0,0,0,0,0,0,0,0,0,0,0,,0,0,0,0,0,0,0,0,0,0,0,,0
00-0009007,Danny Kanell,QB,1999,4,REG,1999_04_BAL_ATL,ATL,BAL,15,33,184,1,0,1,-6,0,0,0,0,0,0,0,0,0,0,0,0,0,,0,0,0,0,0,0,0,0,0,0,0,,0
00-0009028,John Kasay,K,1999,4,REG,1999_04_CAR_WAS,CAR,WAS,0,0,0,0,0,0,0,0,0,0,0,0,0,0,0,0,0,0,3,4,43,0,0,0,3,0,0,3,3,0,0,0,,0
00-0009038,Napoleon Kaufman,RB,1999,4,REG,1999_04_OAK_SEA,LV,SEA,0,0,0,0,0,0,0,7,42,0,2,0,5,5,41,0,2,0,0,0,,0,0,0,0,0,0,0,0,0,0,0,,0
00-0009163,Eddie Kennison,WR,1999,4,REG,1999_04_NO_CHI,NO,CHI,0,0,0,0,0,0,0,0,0,0,0,0,4,8,55,0,2,0,0,0,,0,0,0,0,0,0,0,0,0,0,0,,0
00-0009288,Terry Kirby,RB,1999,4,REG,1999_04_NE_CLE,CLE,NE,0,0,0,0,0,0,0,15,71,0,3,0,4,7,39,0,2,0,0,0,,0,0,0,0,0,0,0,0,0,0,0,,0
00-0009311,Jon Kitna,QB,1999,4,REG,1999_04_OAK_SEA,SEA,LV,15,30,213,2,1,2,-12,1,0,0,0,0,0,0,0,0,0,0,0,0,,0,0,0,0,0,0,0,0,0,0,0,,0
00-0009323,Jimmy Kleinsasser,TE,1999,4,REG,1999_04_TB_MIN,MIN,TB,0,0,0,0,0,0,0,0,0,0,0,0,2,2,9,0,1,0,0,0,,0,0,0,0,0,0,0,0,0,0,0,,0
00-0009417,Rob Konrad,FB,1999,4,REG,1999_04_BUF_MIA,MIA,BUF,0,0,0,0,0,0,0,0,0,0,0,0,3,4,48,0,3,0,0,0,,0,0,0,0,0,0,0,0,0,0,0,,0
00-0009451,Erik Kramer,QB,1999,4,REG,1999_04_KC_SD,LAC,KC,8,20,72,2,1,1,-8,0,0,0,0,0,0,0,0,0,0,0,0,0,,0,0,0,0,0,0,0,0,0,0,0,,0
00-0009550,David LaFleur,TE,1999,4,REG,1999_04_ARI_DAL,DAL,ARI,0,0,0,0,0,0,0,0,0,0,0,0,0,1,0,0,0,0,0,0,,0,0,0,0,0,0,0,0,0,0,0,,0
00-0009584,Sean Landeta,P,1999,4,REG,1999_04_PHI_NYG,PHI,NYG,0,0,0,0,0,0,0,0,0,0,0,0,0,0,0,0,0,0,0,0,,0,0,0,0,0,0,0,0,7,347,289,57,2
00-0009599,Fred Lane,RB,1999,4,REG,1999_04_CAR_WAS,CAR,WAS,0,0,0,0,0,0,0,4,9,0,0,0,1,1,5,0,0,0,0,0,,0,0,0,0,0,0,0,0,0,0,0,,0
00-0009819,Tim Lester,RB,1999,4,REG,1999_04_ARI_DAL,DAL,ARI,0,0,0,0,0,0,0,0,0,0,0,0,1,1,3,0,0,0,0,0,,0,0,0,0,0,0,0,0,0,0,0,,0
00-0009869,Jermaine Lewis,WR,1999,4,REG,1999_04_BAL_ATL,BAL,ATL,0,0,0,0,0,0,0,1,1,0,0,0,2,6,6,0,1,0,0,0,,0,0,0,0,0,0,0,0,0,0,0,,0
00-0009960,Jonathan Linton,FB,1999,4,REG,1999_04_BUF_MIA,BUF,MIA,0,0,0,0,0,0,0,6,8,0,0,0,2,2,15,0,0,0,0,0,,0,0,0,0,0,0,0,0,0,0,0,,0
00-0010007,Kevin Lockett,WR,1999,4,REG,1999_04_KC_SD,KC,LAC,0,0,0,0,0,0,0,0,0,0,0,0,4,5,33,0,3,0,0,0,,0,0,0,0,0,0,0,0,0,0,0,,0
00-0010107,Derek Loville,RB,1999,4,REG,1999_04_NYJ_DEN,DEN,NYJ,0,0,0,0,0,0,0,16,57,0,3,0,3,4,15,0,1,0,0,0,,0,0,0,0,0,0,0,0,0,0,0,,0
00-0010146,Mike Lucky,TE,1999,4,REG,1999_04_ARI_DAL,DAL,ARI,0,0,0,0,0,0,0,0,0,0,0,0,1,1,2,0,1,0,0,0,,0,0,0,0,0,0,0,0,0,0,0,,0
00-0010202,Mitch Lyons,TE,1999,4,REG,1999_04_JAX_PIT,PIT,JAX,0,0,0,0,0,0,0,0,0,0,0,0,1,2,13,0,1,0,0,0,,0,0,0,0,0,0,0,0,0,0,0,,0
00-0010292,Joel Makovicka,FB,1999,4,REG,1999_04_ARI_DAL,ARI,DAL,0,0,0,0,0,0,0,0,0,0,0,0,1,2,2,1,1,0,0,0,,0,0,0,0,0,0,0,0,0,0,0,,0
00-0010373,Olindo Mare,K,1999,4,REG,1999_04_BUF_MIA,MIA,BUF,0,0,0,0,0,0,0,0,0,0,0,0,0,0,0,0,0,0,4,4,44,0,2,1,1,0,0,0,0,0,0,0,,0
00-0010379,Dan Marino,QB,1999,4,REG,1999_04_BUF_MIA,MIA,BUF,22,44,251,1,2,2,-18,0,0,0,0,0,0,0,0,0,0,0,0,0,,0,0,0,0,0,0,0,0,0,0,0,,0
00-0010436,Cecil Martin,RB,1999,4,REG,1999_04_PHI_NYG,PHI,NYG,0,0,0,0,0,0,0,1,1,0,1,0,0,3,0,0,0,0,0,0,,0,0,0,0,0,0,0,0,0,0,0,,0
00-0010442,Curtis Martin,RB,1999,4,REG,1999_04_NYJ_DEN,NYJ,DEN,0,0,0,0,0,0,0,31,95,1,7,0,3,4,28,0,0,0,0,0,,0,0,0,0,0,0,0,0,0,0,0,,0
00-0010477,Tony Martin,WR,1999,4,REG,1999_04_BUF_MIA,MIA,BUF,0,0,0,0,0,0,0,0,0,0,0,0,2,4,38,0,1,0,0,0,,0,0,0,0,0,0,0,0,0,0,0,,0
00-0010500,Derrick Mason,WR,1999,4,REG,1999_04_TEN_SF,TEN,SF,0,0,0,0,0,0,0,0,0,0,0,0,0,1,0,0,0,0,0,0,,0,0,0,0,0,0,0,0,0,0,0,,0
00-0010539,Terance Mathis,WR,1999,4,REG,1999_04_BAL_ATL,ATL,BAL,0,0,0,0,0,0,0,0,0,0,0,0,7,11,66,0,4,0,0,0,,0,0,0,0,0,0,0,0,0,0,0,,0
00-0010560,Shane Matthews,QB,1999,4,REG,1999_04_NO_CHI,CHI,NO,25,39,224,2,2,3,-12,3,23,0,2,0,0,0,0,0,0,0,0,0,,0,0,0,0,0,0,0,0,0,0,0,,0
00-0010598,Alonzo Mayes,TE,1999,4,REG,1999_04_NO_CHI,CHI,NO,0,0,0,0,0,0,0,0,0,0,0,0,1,2,3,0,0,0,0,0,,0,0,0,0,0,0,0,0,0,0,0,,0
00-0010599,Derrick Mayes,WR,1999,4,REG,1999_04_OAK_SEA,SEA,LV,0,0,0,0,0,0,0,0,0,0,0,0,2,4,36,1,1,0,0,0,,0,0,0,0,0,0,0,0,0,0,0,,0
00-0010609,Brad Maynard,P,1999,4,REG,1999_04_PHI_NYG,NYG,PHI,0,0,0,0,0,0,0,0,0,0,0,0,0,0,0,0,0,0,0,0,,0,0,0,0,0,0,0,0,3,104,96,43,2
00-0010650,Ed McCaffrey,WR,1999,4,REG,1999_04_NYJ_DEN,DEN,NYJ,0,0,0,0,0,0,0,0,0,0,0,0,3,5,17,0,1,0,0,0,,0,0,0,0,0,0,0,0,0,0,0,,0
00-0010668,Keenan McCardell,WR,1999,4,REG,1999_04_JAX_PIT,JAX,PIT,0,0,0,0,0,0,0,0,0,0,0,0,3,10,24,1,2,0,0,0,,0,0,0,0,0,0,0,0,0,0,0,,0
00-0010747,Fred McCrary,RB,1999,4,REG,1999_04_KC_SD,LAC,KC,0,0,0,0,0,0,0,0,0,0,0,0,2,4,15,0,1,0,0,0,,0,0,0,0,0,0,0,0,0,0,0,,0
00-0010762,Andy McCullough,WR,1999,4,REG,1999_04_ARI_DAL,ARI,DAL,0,0,0,0,0,0,0,0,0,0,0,0,1,2,2,0,0,0,0,0,,0,0,0,0,0,0,0,0,0,0,0,,0
00-0010796,Darnell McDonald,WR,1999,4,REG,1999_04_TB_MIN,TB,MIN,0,0,0,0,0,0,0,0,0,0,0,0,0,1,0,0,0,0,0,0,,0,0,0,0,0,0,0,0,0,0,0,,0
00-0010824,O.J. McDuffie,WR,1999,4,REG,1999_04_BUF_MIA,MIA,BUF,0,0,0,0,0,0,0,0,0,0,0,0,7,14,64,1,4,0,0,0,,0,0,0,0,0,0,0,0,0,0,0,,0
00-0010859,Tony McGee,TE,1999,4,REG,1999_04_STL_CIN,CIN,LA,0,0,0,0,0,0,0,0,0,0,0,0,1,4,15,0,1,0,0,0,,0,0,0,0,0,0,0,0,0,0,0,,0
00-0011022,Donovan McNabb,QB,1999,4,REG,1999_04_PHI_NYG,PHI,NYG,3,7,38,0,0,4,-22,1,13,0,0,0,0,0,0,0,0,0,0,0,,0,0,0,0,0,0,0,0,0,0,0,,0
00-0011044,Cade McNown,QB,1999,4,REG,1999_04_NO_CHI,CHI,NO,0,4,0,0,0,0,0,1,2,0,0,0,0,0,0,0,0,0,0,0,,0,0,0,0,0,0,0,0,0,0,0,,0
00-0011068,Johnny McWilliams,TE,1999,4,REG,1999_04_ARI_DAL,ARI,DAL,0,0,0,0,0,0,0,0,0,0,0,0,1,2,3,0,0,0,0,0,,0,0,0,0,0,0,0,0,0,0,0,,0
00-0011081,Natrone Means,RB,1999,4,REG,1999_04_KC_SD,LAC,KC,0,0,0,0,0,0,0,14,26,1,2,0,2,2,5,0,0,0,0,0,,0,0,0,0,0,0,0,0,0,0,0,,0
00-0011151,Eric Metcalf,WR,1999,4,REG,1999_04_CAR_WAS,CAR,WAS,0,0,0,0,0,0,0,0,0,0,0,0,1,1,19,0,0,0,0,0,,0,0,0,0,0,0,0,0,0,0,0,,0
00-0011187,Terry Mickens,WR,1999,4,REG,1999_04_OAK_SEA,LV,SEA,0,0,0,0,0,0,0,0,0,0,0,0,1,3,30,0,1,0,0,0,,0,0,0,0,0,0,0,0,0,0,0,,0
00-0011224,Itula Mili,TE,1999,4,REG,1999_04_OAK_SEA,SEA,LV,0,0,0,0,0,0,0,0,0,0,0,0,1,2,8,0,0,0,0,0,,0,0,0,0,0,0,0,0,0,0,0,,0
00-0011279,Josh Miller,P,1999,4,REG,1999_04_JAX_PIT,PIT,JAX,0,0,0,0,0,0,0,0,0,0,0,0,0,0,0,0,0,0,0,0,,0,0,0,0,0,0,0,0,6,266,219,56,1
00-0011328,Ernie Mills,WR,1999,4,REG,1999_04_ARI_DAL,DAL,ARI,0,0,0,0,0,0,0,0,0,0,0,0,2,4,23,0,1,0,0,0,,0,0,0,0,0,0,0,0,0,0,0,,0
00-0011378,Rick Mirer,QB,1999,4,REG,1999_04_NYJ_DEN,NYJ,DEN,17,28,242,2,2,4,-18,2,-2,0,0,0,0,0,0,0,0,0,0,0,,0,0,0,0,0,0,0,0,0,0,0,,0
00-0011399,Brian Mitchell,RB,1999,4,REG,1999_04_CAR_WAS,WAS,CAR,0,0,0,0,0,0,0,5,15,0,1,0,0,0,0,0,0,0,0,0,,0,0,0,0,0,0,0,0,0,0,0,,0
00-0011425,Pete Mitchell,TE,1999,4,REG,1999_04_PHI_NYG,NYG,PHI,0,0,0,0,0,0,0,0,0,0,0,0,2,5,20,0,1,0,0,0,,0,0,0,0,0,0,0,0,0,0,0,,0
00-0011463,Chris Mohr,P,1999,4,REG,1999_04_BUF_MIA,BUF,MIA,0,0,0,0,0,0,0,0,0,0,0,0,0,0,0,0,0,0,0,0,,0,0,0,0,0,0,0,0,7,265,257,47,1
00-0011551,Dave Moore,TE,1999,4,REG,1999_04_TB_MIN,TB,MIN,0,0,0,0,0,0,0,0,0,0,0,0,4,5,58,1,2,0,0,0,,0,0,0,0,0,0,0,0,0,0,0,,0
00-0011754,Randy Moss,WR,1999,4,REG,1999_04_TB_MIN,MIN,TB,0,0,0,0,0,0,0,0,0,0,0,0,4,7,120,2,4,0,0,0,,0,0,0,0,0,0,0,0,0,0,0,,0
00-0011770,Eric Moulds,WR,1999,4,REG,1999_04_BUF_MIA,BUF,MIA,0,0,0,0,0,0,0,0,0,0,0,0,4,7,60,1,3,0,0,0,,0,0,0,0,0,0,0,0,0,0,0,,0
00-0011795,Muhsin Muhammad,WR,1999,4,REG,1999_04_CAR_WAS,CAR,WAS,0,0,0,0,0,0,0,0,0,0,0,0,8,14,151,0,7,0,0,0,,0,0,0,0,0,0,0,0,0,0,0,,0
00-0011854,Yo Murphy,WR,1999,4,REG,1999_04_TB_MIN,TB,MIN,0,0,0,0,0,0,0,0,0,0,0,0,0,1,0,0,0,0,0,0,,0,0,0,0,0,0,0,0,0,0,0,,0
00-0011869,Adrian Murrell,RB,1999,4,REG,1999_04_ARI_DAL,ARI,DAL,0,0,0,0,0,0,0,14,44,0,1,0,3,3,11,0,0,0,0,0,,0,0,0,0,0,0,0,0,0,0,0,,0
00-0012261,Neil O'Donnell,QB,1999,4,REG,1999_04_TEN_SF,TEN,SF,20,40,355,2,1,3,-18,1,1,0,0,0,0,0,0,0,0,0,0,0,,0,0,0,0,0,0,0,0,0,0,0,,0
00-0012321,Jeff Ogden,WR,1999,4,REG,1999_04_ARI_DAL,DAL,ARI,0,0,0,0,0,0,0,0,0,0,0,0,1,1,10,0,1,0,0,0,,0,0,0,0,0,0,0,0,0,0,0,,0
00-0012478,Terrell Owens,WR,1999,4,REG,1999_04_TEN_SF,SF,TEN,0,0,0,0,0,0,0,0,0,0,0,0,3,4,33,1,1,0,0,0,,0,0,0,0,0,0,0,0,0,0,0,,0
00-0012480,Ken Oxendine,RB,1999,4,REG,1999_04_BAL_ATL,ATL,BAL,0,0,0,0,0,0,0,11,27,0,2,0,2,2,24,0,2,0,0,0,,0,0,0,0,0,0,0,0,0,0,0,,0
00-0012515,David Palmer,RB,1999,4,REG,1999_04_TB_MIN,MIN,TB,0,0,0,0,0,0,0,1,5,0,0,0,2,2,16,0,1,0,0,0,,0,0,0,0,0,0,0,0,0,0,0,,0
00-0012603,Bernie Parmalee,RB,1999,4,REG,1999_04_NYJ_DEN,NYJ,DEN,0,0,0,0,0,0,0,1,18,0,1,0,1,1,23,0,1,0,0,0,,0,0,0,0,0,0,0,0,0,0,0,,0
00-0012642,David Patten,WR,1999,4,REG,1999_04_PHI_NYG,NYG,PHI,0,0,0,0,0,0,0,0,0,0,0,0,0,1,0,0,0,0,0,0,,0,0,0,0,0,0,0,0,0,0,0,,0
00-0012726,Doug Pederson,QB,1999,4,REG,1999_04_PHI_NYG,PHI,NYG,6,15,75,0,2,1,-1,2,3,0,0,0,0,0,0,0,0,0,0,0,,0,0,0,0,0,0,0,0,0,0,0,,0
00-0012742,Doug Pelfrey,K,1999,4,REG,1999_04_STL_CIN,CIN,LA,0,0,0,0,0,0,0,0,0,0,0,0,0,0,0,0,0,0,1,2,36,0,0,1,0,0,0,1,1,0,0,0,,0
00-0012764,Chris Penn,WR,1999,4,REG,1999_04_KC_SD,LAC,KC,0,0,0,0,0,0,0,0,0,0,0,0,1,2,11,1,1,0,0,0,,0,0,0,0,0,0,0,0,0,0,0,,0
00-0012875,Todd Peterson,K,1999,4,REG,1999_04_OAK_SEA,SEA,LV,0,0,0,0,0,0,0,0,0,0,0,0,0,0,0,0,0,0,3,3,45,0,2,0,1,0,0,1,1,0,0,0,,0
00-0012931,Lawrence Phillips,RB,1999,4,REG,1999_04_TEN_SF,SF,TEN,0,0,0,0,0,0,0,4,5,0,0,0,0,1,0,0,0,0,0,0,,0,0,0,0,0,0,0,0,0,0,0,,0
00-0012953,Carl Pickens,WR,1999,4,REG,1999_04_STL_CIN,CIN,LA,0,0,0,0,0,0,0,0,0,0,0,0,2,7,30,0,2,0,0,0,,0,0,0,0,0,0,0,0,0,0,0,,0
00-0012971,Aaron Pierce,TE,1999,4,REG,1999_04_BAL_ATL,BAL,ATL,0,0,0,0,0,0,0,0,0,0,0,0,1,3,4,0,0,0,0,0,,0,0,0,0,0,0,0,0,0,0,0,,0
00-0013013,Michael Pittman,RB,1999,4,REG,1999_04_ARI_DAL,ARI,DAL,0,0,0,0,0,0,0,4,9,0,0,0,4,5,42,0,2,0,0,0,,0,0,0,0,0,0,0,0,0,0,0,,0
00-0013028,Scott Player,P,1999,4,REG,1999_04_ARI_DAL,ARI,DAL,0,0,0,0,0,0,0,0,0,0,0,0,0,0,0,0,0,0,0,0,,0,0,0,0,0,0,0,0,8,362,310,50,1
00-0013042,Jake Plummer,QB,1999,4,REG,1999_04_ARI_DAL,ARI,DAL,16,33,111,1,3,1,-4,3,18,0,1,0,0,0,0,0,0,0,0,0,,0,0,0,0,0,0,0,0,0,0,0,,0
00-0013097,Keith Poole,WR,1999,4,REG,1999_04_NO_CHI,NO,CHI,0,0,0,0,0,0,0,0,0,0,0,0,2,6,45,0,1,0,0,0,,0,0,0,0,0,0,0,0,0,0,0,,0
00-0013108,Daniel Pope,P,1999,4,REG,1999_04_KC_SD,KC,LAC,0,0,0,0,0,0,0,1,0,0,0,0,0,0,0,0,0,0,0,0,,0,0,0,0,0,0,0,0,5,223,185,50,2
00-0013176,Ronnie Powell,WR,1999,4,REG,1999_04_NE_CLE,CLE,NE,0,0,0,0,0,0,0,1,-14,0,0,0,0,0,0,0,0,0,0,0,,0,0,0,0,0,0,0,0,0,0,0,,0
00-0013232,Peerless Price,WR,1999,4,REG,1999_04_BUF_MIA,BUF,MIA,0,0,0,0,0,0,0,0,0,0,0,0,0,1,0,0,0,0,0,0,,0,0,0,0,0,0,0,0,0,0,0,,0
00-0013258,Mike Pritchard,WR,1999,4,REG,1999_04_OAK_SEA,SEA,LV,0,0,0,0,0,0,0,0,0,0,0,0,3,9,59,0,3,0,0,0,,0,0,0,0,0,0,0,0,0,0,0,,0
00-0013262,Stanley Pritchett,RB,1999,4,REG,1999_04_BUF_MIA,MIA,BUF,0,0,0,0,0,0,0,1,-1,0,0,0,1,2,18,0,1,0,0,0,,0,0,0,0,0,0,0,0,0,0,0,,0
00-0013268,Ricky Proehl,WR,1999,4,REG,1999_04_STL_CIN,LA,CIN,0,0,0,0,0,0,0,0,0,0,0,0,1,1,27,0,1,0,0,0,,0,0,0,0,0,0,0,0,0,0,0,,0
00-0013298,Alfred Pupunu,TE,1999,4,REG,1999_04_KC_SD,LAC,KC,0,0,0,0,0,0,0,0,0,0,0,0,1,1,6,0,0,0,0,0,,0,0,0,0,0,0,0,0,0,0,0,,0
00-0013499,Andre Reed,WR,1999,4,REG,1999_04_BUF_MIA,BUF,MIA,0,0,0,0,0,0,0,0,0,0,0,0,0,5,0,0,0,0,0,0,,0,0,0,0,0,0,0,0,0,0,0,,0
00-0013512,Jake Reed,WR,1999,4,REG,1999_04_TB_MIN,MIN,TB,0,0,0,0,0,0,0,0,0,0,0,0,2,4,37,0,2,0,0,0,,0,0,0,0,0,0,0,0,0,0,0,,0
00-0013622,Errict Rhett,RB,1999,4,REG,1999_04_BAL_ATL,BAL,ATL,0,0,0,0,0,0,0,27,136,0,7,0,0,2,0,0,0,0,0,0,,0,0,0,0,0,0,0,0,0,0,0,,0
00-0013639,Jerry Rice,WR,1999,4,REG,1999_04_TEN_SF,SF,TEN,0,0,0,0,0,0,0,0,0,0,0,0,6,8,56,0,6,0,0,0,,0,0,0,0,0,0,0,0,0,0,0,,0
00-0013682,Kyle Richardson,P,1999,4,REG,1999_04_BAL_ATL,BAL,ATL,0,0,0,0,0,0,0,0,0,0,0,0,0,0,0,0,0,0,0,0,,0,0,0,0,0,0,0,0,7,256,224,49,1
00-0013694,Tony Richardson,FB,1999,4,REG,1999_04_KC_SD,KC,LAC,0,0,0,0,0,0,0,3,3,0,1,0,2,2,6,0,1,0,0,0,,0,0,0,0,0,0,0,0,0,0,0,,0
00-0013699,Wade Richey,K,1999,4,REG,1999_04_TEN_SF,SF,TEN,0,0,0,0,0,0,0,0,0,0,0,0,0,0,0,0,0,0,1,1,39,0,0,1,0,0,0,3,3,0,0,0,,0
00-0013712,Mikhael Ricks,TE,1999,4,REG,1999_04_KC_SD,LAC,KC,0,0,0,0,0,0,0,1,7,0,0,0,0,3,0,0,0,0,0,0,,0,0,0,0,0,0,0,0,0,0,0,,0
00-0013728,Jay Riemersma,TE,1999,4,REG,1999_04_BUF_MIA,BUF,MIA,0,0,0,0,0,0,0,0,0,0,0,0,4,5,85,0,2,0,0,0,,0,0,0,0,0,0,0,0,0,0,0,,0
00-0013770,Andre Rison,WR,1999,4,REG,1999_04_KC_SD,KC,LAC,0,0,0,0,0,0,0,0,0,0,0,0,2,4,25,0,1,0,0,0,,0,0,0,0,0,0,0,0,0,0,0,,0
00-0013773,Jon Ritchie,FB,1999,4,REG,1999_04_OAK_SEA,LV,SEA,0,0,0,0,0,0,0,0,0,0,0,0,1,2,19,0,1,0,0,0,,0,0,0,0,0,0,0,0,0,0,0,,0
00-0013792,Michael Roan,TE,1999,4,REG,1999_04_TEN_SF,TEN,SF,0,0,0,0,0,0,0,0,0,0,0,0,3,5,24,0,2,0,0,0,,0,0,0,0,0,0,0,0,0,0,0,,0
00-0013888,Marcus Robinson,WR,1999,4,REG,1999_04_NO_CHI,CHI,NO,0,0,0,0,0,0,0,0,0,0,0,0,1,5,5,0,0,0,0,0,,0,0,0,0,0,0,0,0,0,0,0,,0
00-0014083,Tom Rouen,P,1999,4,REG,1999_04_NYJ_DEN,DEN,NYJ,0,0,0,0,0,0,0,0,0,0,0,0,0,0,0,0,0,0,0,0,,0,0,0,0,0,0,0,0,3,149,106,54,1
00-0014115,Mark Royals,P,1999,4,REG,1999_04_TB_MIN,TB,MIN,0,0,0,0,0,0,0,0,0,0,0,0,0,0,0,0,0,0,0,0,,0,0,0,0,0,0,0,0,5,205,176,50,2
00-0014319,Chris Sanders,WR,1999,4,REG,1999_04_TEN_SF,TEN,SF,0,0,0,0,0,0,0,0,0,0,0,0,1,1,32,0,1,0,0,0,,0,0,0,0,0,0,0,0,0,0,0,,0
00-0014328,Frank Sanders,WR,1999,4,REG,1999_04_ARI_DAL,ARI,DAL,0,0,0,0,0,0,0,0,0,0,0,0,2,11,42,0,2,0,0,0,,0,0,0,0,0,0,0,0,0,0,0,,0
00-0014350,O.J. Santiago,TE,1999,4,REG,1999_04_BAL_ATL,ATL,BAL,0,0,0,0,0,0,0,0,0,0,0,0,1,3,9,0,0,0,0,0,,0,0,0,0,0,0,0,0,0,0,0,,0
00-0014377,Todd Sauerbrun,P,1999,4,REG,1999_04_NO_CHI,CHI,NO,0,0,0,0,0,0,0,0,0,0,0,0,0,0,0,0,0,0,0,0,,0,0,0,0,0,0,0,0,5,221,167,54,1
00-0014544,Darnay Scott,WR,1999,4,REG,1999_04_STL_CIN,CIN,LA,0,0,0,0,0,0,0,0,0,0,0,0,6,11,61,0,4,0,0,0,,0,0,0,0,0,0,0,0,0,0,0,,0
00-0014722,Shannon Sharpe,TE,1999,4,REG,1999_04_NYJ_DEN,DEN,NYJ,0,0,0,0,0,0,0,0,0,0,0,0,5,9,86,0,4,0,0,0,,0,0,0,0,0,0,0,0,0,0,0,,0
00-0014759,Rashaan Shehee,RB,1999,4,REG,1999_04_KC_SD,KC,LAC,0,0,0,0,0,0,0,22,86,0,4,0,1,2,13,0,0,0,0,0,,0,0,0,0,0,0,0,0,0,0,0,,0
00-0014775,Daimon Shelton,FB,1999,4,REG,1999_04_JAX_PIT,JAX,PIT,0,0,0,0,0,0,0,0,0,0,0,0,1,1,13,0,1,0,0,0,,0,0,0,0,0,0,0,0,0,0,0,,0
00-0014790,Leslie Shepherd,WR,1999,4,REG,1999_04_NE_CLE,CLE,NE,0,0,0,0,0,0,0,0,0,0,0,0,1,5,8,0,1,0,0,0,,0,0,0,0,0,0,0,0,0,0,0,,0
00-0014918,Tony Simmons,WR,1999,4,REG,1999_04_NE_CLE,NE,CLE,0,0,0,0,0,0,0,0,0,0,0,0,4,5,29,0,2,0,0,0,,0,0,0,0,0,0,0,0,0,0,0,,0
00-0015053,Scott Slutzker,TE,1999,4,REG,1999_04_NO_CHI,NO,CHI,0,0,0,0,0,0,0,0,0,0,0,0,1,1,12,0,1,0,0,0,,0,0,0,0,0,0,0,0,0,0,0,,0
00-0015063,Torrance Small,WR,1999,4,REG,1999_04_PHI_NYG,PHI,NYG,0,0,0,0,0,0,0,0,0,0,0,0,2,4,15,0,1,0,0,0,,0,0,0,0,0,0,0,0,0,0,0,,0
00-0015082,Akili Smith,QB,1999,4,REG,1999_04_STL_CIN,CIN,LA,7,18,77,0,1,0,0,3,12,1,2,0,0,0,0,0,0,0,0,0,,0,0,0,0,0,0,0,0,0,0,0,,0
00-0015091,Antowain Smith,RB,1999,4,REG,1999_04_BUF_MIA,BUF,MIA,0,0,0,0,0,0,0,12,36,0,2,0,0,0,0,0,0,0,0,0,,0,0,0,0,0,0,0,0,0,0,0,,0
00-0015165,Emmitt Smith,RB,1999,4,REG,1999_04_ARI_DAL,DAL,ARI,0,0,0,0,0,0,0,22,77,1,5,1,0,0,0,0,0,0,0,0,,0,0,0,0,0,0,0,0,0,0,0,,0
00-0015218,Jimmy Smith,WR,1999,4,REG,1999_04_JAX_PIT,JAX,PIT,0,0,0,0,0,0,0,0,0,0,0,0,2,4,18,0,1,0,0,0,,0,0,0,0,0,0,0,0,0,0,0,,0
00-0015242,Lamar Smith,RB,1999,4,REG,1999_04_NO_CHI,NO,CHI,0,0,0,0,0,0,0,10,19,0,0,0,1,2,16,0,1,0,0,0,,0,0,0,0,0,0,0,0,0,0,0,,0
00-0015286,Robert Smith,RB,1999,4,REG,1999_04_TB_MIN,MIN,TB,0,0,0,0,0,0,0,19,59,0,1,0,6,7,21,0,1,0,0,0,,0,0,0,0,0,0,0,0,0,0,0,,0
00-0015290,Rod Smith,WR,1999,4,REG,1999_04_NYJ_DEN,DEN,NYJ,0,0,0,0,0,0,0,0,0,0,0,0,3,8,90,0,2,0,0,0,,0,0,0,0,0,0,0,0,0,0,0,,0
00-0015523,Duce Staley,RB,1999,4,REG,1999_04_PHI_NYG,PHI,NYG,0,0,0,0,0,0,0,21,62,0,2,1,0,0,0,0,0,0,0,0,,0,0,0,0,0,0,0,0,0,0,0,,0
00-0015550,Chad Stanley,P,1999,4,REG,1999_04_TEN_SF,SF,TEN,0,0,0,0,0,0,0,0,0,0,0,0,0,0,0,0,0,0,0,0,,0,0,0,0,0,0,0,0,5,195,187,44,1
00-0015698,James Stewart,RB,1999,4,REG,1999_04_JAX_PIT,JAX,PIT,0,0,0,0,0,0,0,21,73,0,2,0,1,2,7,0,0,0,0,0,,0,0,0,0,0,0,0,0,0,0,0,,0
00-0015700,Kordell Stewart,QB,1999,4,REG,1999_04_JAX_PIT,PIT,JAX,15,32,126,0,1,4,-27,6,41,0,1,1,0,0,0,0,0,0,0,0,,0,0,0,0,0,0,0,0,0,0,0,,0
00-0015751,J.J. Stokes,WR,1999,4,REG,1999_04_TEN_SF,SF,TEN,0,0,0,0,0,0,0,0,0,0,0,0,1,2,12,0,1,0,0,0,,0,0,0,0,0,0,0,0,0,0,0,,0
00-0015784,Matt Stover,K,1999,4,REG,1999_04_BAL_ATL,BAL,ATL,0,0,0,0,0,0,0,0,0,0,0,0,0,0,0,0,0,0,2,3,38,0,1,1,0,0,0,1,1,0,0,0,,0
00-0015791,Pete Stoyanovich,K,1999,4,REG,1999_04_KC_SD,KC,LAC,0,0,0,0,0,0,0,0,0,0,0,0,0,0,0,0,0,0,0,1,,0,0,0,0,0,0,2,2,0,0,0,,0
00-0015842,Dan Stryzinski,P,1999,4,REG,1999_04_BAL_ATL,ATL,BAL,0,0,0,0,0,0,0,0,0,0,0,0,0,0,0,0,0,0,0,0,,0,0,0,0,0,0,0,0,6,255,229,54,3
00-0016061,Robert Tate,DB,1999,4,REG,1999_04_TB_MIN,MIN,TB,0,0,0,0,0,0,0,0,0,0,0,0,1,1,3,0,0,0,0,0,,0,0,0,0,0,0,0,0,0,0,0,,0
00-0016098,Fred Taylor,RB,1999,4,REG,1999_04_JAX_PIT,JAX,PIT,0,0,0,0,0,0,0,8,28,0,2,0,0,1,0,0,0,0,0,0,,0,0,0,0,0,0,0,0,0,0,0,,0
00-0016214,Yancey Thigpen,WR,1999,4,REG,1999_04_TEN_SF,TEN,SF,0,0,0,0,0,0,0,0,0,0,0,0,6,11,143,1,5,0,0,0,,0,0,0,0,0,0,0,0,0,0,0,,0
00-0016316,Robert Thomas,FB,1999,4,REG,1999_04_ARI_DAL,DAL,ARI,0,0,0,0,0,0,0,0,0,0,0,0,2,2,19,0,0,0,0,0,,0,0,0,0,0,0,0,0,0,0,0,,0
00-0016321,Rodney Thomas,RB,1999,4,REG,1999_04_TEN_SF,TEN,SF,0,0,0,0,0,0,0,5,28,0,1,0,0,1,0,0,0,0,0,0,,0,0,0,0,0,0,0,0,0,0,0,,0
00-0016534,Billy Joe Tolliver,QB,1999,4,REG,1999_04_NO_CHI,NO,CHI,7,15,102,0,0,2,-17,2,32,0,1,0,0,0,0,0,0,0,0,0,,0,0,0,0,0,0,0,0,0,0,0,,0
00-0016550,Amani Toomer,WR,1999,4,REG,1999_04_PHI_NYG,NYG,PHI,0,0,0,0,0,0,0,0,0,0,0,0,8,13,123,0,6,0,0,0,,0,0,0,0,0,0,0,0,0,0,0,,0
00-0016677,Jerame Tuman,TE,1999,4,REG,1999_04_JAX_PIT,PIT,JAX,0,0,0,0,0,0,0,0,0,0,0,0,0,1,0,0,0,0,0,0,,0,0,0,0,0,0,0,0,0,0,0,,0
00-0016683,Tom Tupa,P,1999,4,REG,1999_04_NYJ_DEN,NYJ,DEN,0,0,0,0,0,0,0,0,0,0,0,0,0,0,0,0,0,0,0,0,,0,0,0,0,0,0,0,0,5,206,180,49,3
00-0016689,Matt Turk,P,1999,4,REG,1999_04_CAR_WAS,WAS,CAR,0,0,0,0,0,0,0,0,0,0,0,0,0,0,0,0,0,0,0,0,,0,0,0,0,0,0,0,0,6,259,237,55,0
00-0016753,Rick Tuten,P,1999,4,REG,1999_04_STL_CIN,LA,CIN,0,0,0,0,0,0,0,0,0,0,0,0,0,0,0,0,0,0,0,0,,0,0,0,0,0,0,0,0,4,215,154,70,0
00-0016842,Tommy Vardell,FB,1999,4,REG,1999_04_TEN_SF,SF,TEN,0,0,0,0,0,0,0,0,0,0,0,0,0,1,0,0,0,0,0,0,,0,0,0,0,0,0,0,0,0,0,0,,0
00-0016919,Adam Vinatieri,K,1999,4,REG,1999_04_NE_CLE,NE,CLE,0,0,0,0,0,0,0,0,0,0,0,0,0,0,0,0,0,0,2,3,22,0,2,0,0,0,0,1,1,0,0,0,,0
00-0017027,Derrick Walker,TE,1999,4,REG,1999_04_OAK_SEA,LV,SEA,0,0,0,0,0,0,0,0,0,0,0,0,0,1,0,0,0,0,0,0,,0,0,0,0,0,0,0,0,0,0,0,,0
00-0017109,Wesley Walls,TE,1999,4,REG,1999_04_CAR_WAS,CAR,WAS,0,0,0,0,0,0,0,0,0,0,0,0,2,11,19,1,2,0,0,0,,0,0,0,0,0,0,0,0,0,0,0,,0
00-0017127,Ken Walter,P,1999,4,REG,1999_04_CAR_WAS,CAR,WAS,0,0,0,0,0,0,0,0,0,0,0,0,0,0,0,0,0,0,0,0,,0,0,0,0,0,0,0,0,5,204,185,49,2
00-0017160,Dedric Ward,WR,1999,4,REG,1999_04_NYJ_DEN,NYJ,DEN,0,0,0,0,0,0,0,0,0,0,0,0,4,6,84,1,4,0,0,0,,0,0,0,0,0,0,0,0,0,0,0,,0
00-0017162,Hines Ward,WR,1999,4,REG,1999_04_JAX_PIT,PIT,JAX,0,0,0,0,0,0,0,0,0,0,0,0,2,7,19,0,2,0,0,0,,0,0,0,0,0,0,0,0,0,0,0,,0
00-0017200,Kurt Warner,QB,1999,4,REG,1999_04_STL_CIN,LA,CIN,17,21,310,3,0,2,-11,1,0,0,0,1,0,0,0,0,0,0,0,0,,0,0,0,0,0,0,0,0,0,0,0,,0
00-0017209,Chris Warren,RB,1999,4,REG,1999_04_ARI_DAL,DAL,ARI,0,0,0,0,0,0,0,11,24,0,2,0,2,2,10,0,0,0,0,0,,0,0,0,0,0,0,0,0,0,0,0,,0
00-0017218,Lamont Warren,RB,1999,4,REG,1999_04_NE_CLE,NE,CLE,0,0,0,0,0,0,0,6,10,0,0,0,1,2,8,0,0,0,0,0,,0,0,0,0,0,0,0,0,0,0,0,,0
00-0017303,Justin Watson,RB,1999,4,REG,1999_04_STL_CIN,LA,CIN,0,0,0,0,0,0,0,6,13,0,0,0,0,0,0,0,0,0,0,0,,0,0,0,0,0,0,0,0,0,0,0,,0
00-0017322,Ricky Watters,RB,1999,4,REG,1999_04_OAK_SEA,SEA,LV,0,0,0,0,0,0,0,24,71,0,3,0,5,5,55,0,2,0,0,0,,0,0,0,0,0,0,0,0,0,0,0,,0
00-0017337,Charles Way,FB,1999,4,REG,1999_04_PHI_NYG,NYG,PHI,0,0,0,0,0,0,0,5,19,0,0,0,2,4,14,0,1,0,0,0,,0,0,0,0,0,0,0,0,0,0,0,,0
00-0017356,Jed Weaver,TE,1999,4,REG,1999_04_PHI_NYG,PHI,NYG,0,0,0,0,0,0,0,0,0,0,0,0,1,3,9,0,0,0,0,0,,0,0,0,0,0,0,0,0,0,0,0,,0
00-0017470,Michael Westbrook,WR,1999,4,REG,1999_04_CAR_WAS,WAS,CAR,0,0,0,0,0,0,0,1,12,0,1,0,8,12,140,2,5,0,0,0,,0,0,0,0,0,0,0,0,0,0,0,,0
00-0017480,Ryan Wetnight,TE,1999,4,REG,1999_04_NO_CHI,CHI,NO,0,0,0,0,0,0,0,0,0,0,0,0,6,7,47,0,2,0,0,0,,0,0,0,0,0,0,0,0,0,0,0,,0
00-0017486,Tyrone Wheatley,RB,1999,4,REG,1999_04_OAK_SEA,LV,SEA,0,0,0,0,0,0,0,20,100,1,4,0,1,2,8,0,0,0,0,0,,0,0,0,0,0,0,0,0,0,0,0,,0
00-0017693,Jeff Wilkins,K,1999,4,REG,1999_04_STL_CIN,LA,CIN,0,0,0,0,0,0,0,0,0,0,0,0,0,0,0,0,0,0,1,1,19,1,0,0,0,0,0,5,5,0,0,0,,0
00-0017847,Karl Williams,WR,1999,4,REG,1999_04_TB_MIN,TB,MIN,0,0,0,0,0,0,0,0,0,0,0,0,3,7,26,0,2,0,0,0,,0,0,0,0,0,0,0,0,0,0,0,,0
00-0017860,Kevin R. Williams,WR,1999,4,REG,1999_04_BUF_MIA,BUF,MIA,0,0,0,0,0,0,0,0,0,0,0,0,2,4,26,0,1,0,0,0,,0,0,0,0,0,0,0,0,0,0,0,,0
00-0017892,Moe Williams,RB,1999,4,REG,1999_04_TB_MIN,MIN,TB,0,0,0,0,0,0,0,2,1,0,1,0,1,1,12,0,1,0,0,0,,0,0,0,0,0,0,0,0,0,0,0,,0
00-0017915,Ricky Williams,RB,1999,4,REG,1999_04_NO_CHI,NO,CHI,0,0,0,0,0,0,0,21,84,0,5,0,1,1,10,0,1,0,0,0,,0,0,0,0,0,0,0,0,0,0,0,,0
00-0018141,Jon Witman,FB,1999,4,REG,1999_04_JAX_PIT,PIT,JAX,0,0,0,0,0,0,0,0,0,0,0,0,1,2,4,0,0,0,0,0,,0,0,0,0,0,0,0,0,0,0,0,,0
00-0018343,Frank Wycheck,TE,1999,4,REG,1999_04_TEN_SF,TEN,SF,0,0,0,0,0,0,0,0,0,0,0,0,5,8,50,0,1,0,0,0,,0,0,0,0,0,0,0,0,0,0,0,,0
00-0000098,Louie Aguiar,P,1999,5,REG,1999_05_TB_GB,GB,TB,0,0,0,0,0,0,0,0,0,0,0,0,0,0,0,0,0,0,0,0,,0,0,0,0,0,0,0,0,4,139,71,41,0
00-0000104,Troy Aikman,QB,1999,5,REG,1999_05_DAL_PHI,DAL,PHI,21,39,177,1,2,1,-7,1,-1,0,0,0,0,0,0,0,0,0,0,0,,0,0,0,0,0,0,0,0,0,0,0,,0
00-0000145,Derrick Alexander,WR,1999,5,REG,1999_05_NE_KC,KC,NE,0,0,0,0,0,0,0,0,0,0,0,0,2,5,25,0,1,0,0,0,,0,0,0,0,0,0,0,0,0,0,0,,0
00-0000210,James Allen,RB,1999,5,REG,1999_05_CHI_MIN,CHI,MIN,0,0,0,0,0,0,0,1,1,0,0,0,0,0,0,0,0,0,0,0,,0,0,0,0,0,0,0,0,0,0,0,,0
00-0000232,Terry Allen,RB,1999,5,REG,1999_05_NE_KC,NE,KC,0,0,0,0,0,0,0,11,53,0,2,1,3,3,39,0,2,0,0,0,,0,0,0,0,0,0,0,0,0,0,0,,0
00-0000242,John Allred,TE,1999,5,REG,1999_05_CHI_MIN,CHI,MIN,0,0,0,0,0,0,0,0,0,0,0,0,2,2,16,0,1,0,0,0,,0,0,0,0,0,0,0,0,0,0,0,,0
00-0000251,Mike Alstott,FB,1999,5,REG,1999_05_TB_GB,TB,GB,0,0,0,0,0,0,0,14,87,1,6,0,2,4,16,0,1,0,0,0,,0,0,0,0,0,0,0,0,0,0,0,,0
00-0000282,Morten Andersen,K,1999,5,REG,1999_05_ATL_NO,ATL,NO,0,0,0,0,0,0,0,0,0,0,0,0,0,0,0,0,0,0,2,2,44,0,0,1,1,0,0,2,2,0,0,0,,0
00-0000313,Gary Anderson,K,1999,5,REG,1999_05_CHI_MIN,MIN,CHI,0,0,0,0,0,0,0,0,0,0,0,0,0,0,0,0,0,0,5,5,40,0,3,1,1,0,0,1,1,0,0,0,,0
00-0000339,Richie Anderson,FB,1999,5,REG,1999_05_JAX_NYJ,NYJ,JAX,0,0,0,0,0,0,0,0,0,0,0,0,4,5,14,0,0,0,0,0,,0,0,0,0,0,0,0,0,0,0,0,,0
00-0000387,Reidel Anthony,WR,1999,5,REG,1999_05_TB_GB,TB,GB,0,0,0,0,0,0,0,0,0,0,0,0,3,5,23,0,1,0,0,0,,0,0,0,0,0,0,0,0,0,0,0,,0
00-0000400,Leo Araguz,P,1999,5,REG,1999_05_DEN_OAK,LV,DEN,0,0,0,0,0,0,0,0,0,0,0,0,0,0,0,0,0,0,0,0,,0,0,0,0,0,0,0,0,4,183,179,56,3
00-0000422,Justin Armour,WR,1999,5,REG,1999_05_BAL_TEN,BAL,TEN,0,0,0,0,0,0,0,0,0,0,0,0,2,5,35,0,2,0,0,0,,0,0,0,0,0,0,0,0,0,0,0,,0
00-0000721,Tavian Banks,RB,1999,5,REG,1999_05_JAX_NYJ,JAX,NYJ,0,0,0,0,0,0,0,3,14,0,1,0,3,5,26,0,0,0,0,0,,0,0,0,0,0,0,0,0,0,0,0,,0
00-0000745,Tiki Barber,RB,1999,5,REG,1999_05_NYG_ARI,NYG,ARI,0,0,0,0,0,0,0,1,7,0,0,0,4,4,23,0,2,0,0,0,,0,0,0,0,0,0,0,0,0,0,0,,0
00-0000754,Bryan Barker,P,1999,5,REG,1999_05_JAX_NYJ,JAX,NYJ,0,0,0,0,0,0,0,0,0,0,0,0,0,0,0,0,0,0,0,0,,0,0,0,0,0,0,0,0,7,321,262,83,1
00-0000765,Reggie Barlow,WR,1999,5,REG,1999_05_JAX_NYJ,JAX,NYJ,0,0,0,0,0,0,0,0,0,0,0,0,1,2,31,0,1,0,0,0,,0,0,0,0,0,0,0,0,0,0,0,,0
00-0000811,Tommy Barnhardt,P,1999,5,REG,1999_05_ATL_NO,NO,ATL,0,0,0,0,0,0,0,0,0,0,0,0,0,0,0,0,0,0,0,0,,0,0,0,0,0,0,0,0,4,144,149,43,0
00-0000856,Michael Basnight,RB,1999,5,REG,1999_05_CIN_CLE,CIN,CLE,0,0,0,0,0,0,0,5,38,0,2,0,0,0,0,0,0,0,0,0,,0,0,0,0,0,0,0,0,0,0,0,,0
00-0000865,Charlie Batch,QB,1999,5,REG,1999_05_SD_DET,DET,LAC,21,38,230,1,1,6,-38,5,20,0,3,0,0,0,0,0,0,0,0,0,,0,0,0,0,0,0,0,0,0,0,0,,0
00-0000871,Mario Bates,RB,1999,5,REG,1999_05_NYG_ARI,ARI,NYG,0,0,0,0,0,0,0,1,0,0,0,0,0,0,0,0,0,0,0,0,,0,0,0,0,0,0,0,0,0,0,0,,0
00-0000942,Fred Beasley,FB,1999,5,REG,1999_05_SF_STL,SF,LA,0,0,0,0,0,0,0,2,4,0,0,0,1,2,9,0,0,0,0,0,,0,0,0,0,0,0,0,0,0,0,0,,0
00-0000969,Brett Bech,WR,1999,5,REG,1999_05_ATL_NO,NO,ATL,0,0,0,0,0,0,0,0,0,0,0,0,2,2,37,1,2,0,0,0,,0,0,0,0,0,0,0,0,0,0,0,,0
00-0001101,Darren Bennett,P,1999,5,REG,1999_05_SD_DET,LAC,DET,0,0,0,0,0,0,0,0,0,0,0,0,0,0,0,0,0,0,0,0,,0,0,0,0,0,0,0,0,5,255,222,57,2
00-0001102,Donnell Bennett,FB,1999,5,REG,1999_05_NE_KC,KC,NE,0,0,0,0,0,0,0,15,52,1,5,0,4,4,12,0,1,0,0,0,,0,0,0,0,0,0,0,0,0,0,0,,0
00-0001103,Edgar Bennett,RB,1999,5,REG,1999_05_CHI_MIN,CHI,MIN,0,0,0,0,0,0,0,1,15,0,1,0,1,2,7,0,1,0,0,0,,0,0,0,0,0,0,0,0,0,0,0,,0
00-0001157,Mitch Berger,P,1999,5,REG,1999_05_CHI_MIN,MIN,CHI,0,0,0,0,0,0,0,0,0,0,0,0,0,0,0,0,0,0,0,0,,0,0,0,0,0,0,0,0,3,142,135,49,1
00-0001215,Jerome Bettis,RB,1999,5,REG,1999_05_PIT_BUF,PIT,BUF,0,0,0,0,0,0,0,13,24,1,1,0,2,2,10,0,0,0,0,0,,0,0,0,0,0,0,0,0,0,0,0,,0
00-0001317,Will Blackwell,WR,1999,5,REG,1999_05_PIT_BUF,PIT,BUF,0,0,0,0,0,0,0,0,0,0,0,0,1,2,10,0,1,0,0,0,,0,0,0,0,0,0,0,0,0,0,0,,0
00-0001361,Drew Bledsoe,QB,1999,5,REG,1999_05_NE_KC,NE,KC,23,45,334,2,2,3,-18,2,1,0,1,0,0,0,0,0,0,0,0,0,,0,0,0,0,0,0,0,0,0,0,0,,0
00-0001525,James Bostic,RB,1999,5,REG,1999_05_DAL_PHI,PHI,DAL,0,0,0,0,0,0,0,1,4,0,0,0,0,0,0,0,0,0,0,0,,0,0,0,0,0,0,0,0,0,0,0,,0
00-0001532,David Boston,WR,1999,5,REG,1999_05_NYG_ARI,ARI,NYG,0,0,0,0,0,0,0,0,0,0,0,0,8,12,101,1,5,0,0,0,,0,0,0,0,0,0,0,0,0,0,0,,0
00-0001627,Corey Bradford,WR,1999,5,REG,1999_05_TB_GB,GB,TB,0,0,0,0,0,0,0,0,0,0,0,0,1,4,19,0,0,1,0,0,,0,0,0,0,0,0,0,0,0,0,0,,0
00-0001661,Kyle Brady,TE,1999,5,REG,1999_05_JAX_NYJ,JAX,NYJ,0,0,0,0,0,0,0,0,0,0,0,0,5,5,42,0,0,0,0,0,,0,0,0,0,0,0,0,0,0,0,0,,0
00-0001752,Will Brice,P,1999,5,REG,1999_05_CIN_CLE,CIN,CLE,0,0,0,0,0,0,0,0,0,0,0,0,0,0,0,0,0,0,0,0,,0,0,0,0,0,0,0,0,6,288,205,54,1
00-0001759,Doug Brien,K,1999,5,REG,1999_05_ATL_NO,NO,ATL,0,0,0,0,0,0,0,0,0,0,0,0,0,0,0,0,0,0,1,3,42,0,0,0,1,0,0,2,2,0,0,0,,0
00-0001766,Jeremy Brigham,TE,1999,5,REG,1999_05_DEN_OAK,LV,DEN,0,0,0,0,0,0,0,0,0,0,0,0,1,2,12,0,0,0,0,0,,0,0,0,0,0,0,0,0,0,0,0,,0
00-0001842,Macey Brooks,WR,1999,5,REG,1999_05_CHI_MIN,CHI,MIN,0,0,0,0,0,0,0,0,0,0,0,0,1,2,6,0,0,0,0,0,,0,0,0,0,0,0,0,0,0,0,0,,0
00-0001862,Luther Broughton,TE,1999,5,REG,1999_05_DAL_PHI,PHI,DAL,0,0,0,0,0,0,0,0,0,0,0,0,1,3,11,0,1,0,0,0,,0,0,0,0,0,0,0,0,0,0,0,,0
00-0001907,Dave Brown,QB,1999,5,REG,1999_05_NYG_ARI,ARI,NYG,4,8,41,0,0,1,-1,0,0,0,0,0,0,0,0,0,0,0,0,0,,0,0,0,0,0,0,0,0,0,0,0,,0
00-0001919,Derek Brown,TE,1999,5,REG,1999_05_NYG_ARI,ARI,NYG,0,0,0,0,0,0,0,0,0,0,0,0,0,1,0,0,0,0,0,0,,0,0,0,0,0,0,0,0,0,0,0,,0
00-0001938,Gary Brown,RB,1999,5,REG,1999_05_NYG_ARI,NYG,ARI,0,0,0,0,0,0,0,18,67,0,3,0,1,1,1,0,0,0,0,0,,0,0,0,0,0,0,0,0,0,0,0,,0
00-0001980,Kris Brown,K,1999,5,REG,1999_05_PIT_BUF,PIT,BUF,0,0,0,0,0,0,0,0,0,0,0,0,0,0,0,0,0,0,0,0,,0,0,0,0,0,0,3,3,0,0,0,,0
00-0002058,Tim Brown,WR,1999,5,REG,1999_05_DEN_OAK,LV,DEN,0,0,0,0,0,0,0,0,0,0,0,0,6,12,51,0,2,0,0,0,,0,0,0,0,0,0,0,0,0,0,0,,0
00-0002099,Isaac Bruce,WR,1999,5,REG,1999_05_SF_STL,LA,SF,0,0,0,0,0,0,0,0,0,0,0,0,5,6,134,4,5,0,0,0,,0,0,0,0,0,0,0,0,0,0,0,,0
00-0002102,Mark Bruener,TE,1999,5,REG,1999_05_PIT_BUF,PIT,BUF,0,0,0,0,0,0,0,0,0,0,0,0,1,2,5,0,0,0,0,0,,0,0,0,0,0,0,0,0,0,0,0,,0
00-0002110,Mark Brunell,QB,1999,5,REG,1999_05_JAX_NYJ,JAX,NYJ,21,35,215,0,0,2,-18,2,6,0,1,0,0,0,0,0,0,0,0,0,,0,0,0,0,0,0,0,0,0,0,0,,0
00-0002380,Steve Bush,RB,1999,5,REG,1999_05_CIN_CLE,CIN,CLE,0,0,0,0,0,0,0,0,0,0,0,0,1,1,4,0,0,0,0,0,,0,0,0,0,0,0,0,0,0,0,0,,0
00-0002459,Kenny Bynum,RB,1999,5,REG,1999_05_SD_DET,LAC,DET,0,0,0,0,0,0,0,9,37,0,3,1,2,2,12,0,0,0,0,0,,0,0,0,0,0,0,0,0,0,0,0,,0
00-0002469,Isaac Byrd,WR,1999,5,REG,1999_05_BAL_TEN,TEN,BAL,0,0,0,0,0,0,0,0,0,0,0,0,3,3,22,0,1,0,0,0,,0,0,0,0,0,0,0,0,0,0,0,,0
00-0002544,Chris Calloway,WR,1999,5,REG,1999_05_ATL_NO,ATL,NO,0,0,0,0,0,0,0,0,0,0,0,0,1,1,9,0,0,0,0,0,,0,0,0,0,0,0,0,0,0,0,0,,0
00-0002586,Mark Campbell,TE,1999,5,REG,1999_05_CIN_CLE,CLE,CIN,0,0,0,0,0,0,0,0,0,0,0,0,0,1,0,0,0,0,0,0,,0,0,0,0,0,0,0,0,0,0,0,,0
00-0002655,John Carney,K,1999,5,REG,1999_05_SD_DET,LAC,DET,0,0,0,0,0,0,0,0,0,0,0,0,0,0,0,0,0,0,2,3,33,0,1,1,0,0,0,2,2,0,0,0,,0
00-0002713,Tony Carter,RB,1999,5,REG,1999_05_NE_KC,NE,KC,0,0,0,0,0,0,0,0,0,0,0,0,1,2,5,0,0,0,0,0,,0,0,0,0,0,0,0,0,0,0,0,,0
00-0002721,Cris Carter,WR,1999,5,REG,1999_05_CHI_MIN,MIN,CHI,0,0,0,0,0,0,0,0,0,0,0,0,5,12,62,0,4,0,0,0,,0,0,0,0,0,0,0,0,0,0,0,,0
00-0002787,Stoney Case,QB,1999,5,REG,1999_05_BAL_TEN,BAL,TEN,15,36,207,0,0,3,-29,3,2,0,1,1,0,0,0,0,0,0,0,0,,0,0,0,0,0,0,0,0,0,0,0,,0
00-0002861,Byron Chamberlain,TE,1999,5,REG,1999_05_DEN_OAK,DEN,LV,0,0,0,0,0,0,0,0,0,0,0,0,3,4,40,0,1,0,0,0,,0,0,0,0,0,0,0,0,0,0,0,,0
00-0002942,Darrin Chiaverini,WR,1999,5,REG,1999_05_CIN_CLE,CLE,CIN,0,0,0,0,0,0,0,0,0,0,0,0,1,2,10,0,1,0,0,0,,0,0,0,0,0,0,0,0,0,0,0,,0
00-0002970,Bob Christian,FB,1999,5,REG,1999_05_ATL_NO,ATL,NO,0,0,0,0,0,0,0,1,1,1,1,0,1,1,4,0,0,0,0,0,,0,0,0,0,0,0,0,0,0,0,0,,0
00-0002975,Steve Christie,K,1999,5,REG,1999_05_PIT_BUF,BUF,PIT,0,0,0,0,0,0,0,0,0,0,0,0,0,0,0,0,0,0,1,2,29,0,1,0,0,0,0,3,3,0,0,0,,0
00-0003039,Greg Clark,TE,1999,5,REG,1999_05_SF_STL,SF,LA,0,0,0,0,0,0,0,0,0,0,0,0,0,4,0,0,0,0,0,0,,0,0,0,0,0,0,0,0,0,0,0,,0
00-0003103,Cameron Cleeland,TE,1999,5,REG,1999_05_ATL_NO,NO,ATL,0,0,0,0,0,0,0,0,0,0,0,0,5,6,69,0,3,0,0,0,,0,0,0,0,0,0,0,0,0,0,0,,0
00-0003142,Ben Coates,TE,1999,5,REG,1999_05_NE_KC,NE,KC,0,0,0,0,0,0,0,0,0,0,0,0,1,2,18,0,1,0,0,0,,0,0,0,0,0,0,0,0,0,0,0,,0
00-0003175,Mac Cody,WR,1999,5,REG,1999_05_NYG_ARI,ARI,NYG,0,0,0,0,0,0,0,0,0,0,0,0,0,1,0,0,0,0,0,0,,0,0,0,0,0,0,0,0,0,0,0,,0
00-0003271,Cecil Collins,RB,1999,5,REG,1999_05_MIA_IND,MIA,IND,0,0,0,0,0,0,0,21,76,1,2,0,0,1,0,0,0,0,0,0,,0,0,0,0,0,0,0,0,0,0,0,,0
00-0003292,Kerry Collins,QB,1999,5,REG,1999_05_NYG_ARI,NYG,ARI,24,38,202,0,1,3,-24,4,23,0,2,1,0,0,0,0,0,0,0,0,,0,0,0,0,0,0,0,0,0,0,0,,0
00-0003396,Curtis Conway,WR,1999,5,REG,1999_05_CHI_MIN,CHI,MIN,0,0,0,0,0,0,0,0,0,0,0,0,5,9,60,1,4,0,0,0,,0,0,0,0,0,0,0,0,0,0,0,,0
00-0003535,Tim Couch,QB,1999,5,REG,1999_05_CIN_CLE,CLE,CIN,15,27,164,0,1,3,-20,1,5,0,0,0,0,0,0,0,0,0,0,0,,0,0,0,0,0,0,0,0,0,0,0,,0
00-0003610,Aaron Craver,FB,1999,5,REG,1999_05_ATL_NO,NO,ATL,0,0,0,0,0,0,0,0,0,0,0,0,0,1,0,0,0,0,0,0,,0,0,0,0,0,0,0,0,0,0,0,,0
00-0003663,Zack Crockett,RB,1999,5,REG,1999_05_DEN_OAK,LV,DEN,0,0,0,0,0,0,0,6,11,0,2,0,4,4,22,0,1,0,0,0,,0,0,0,0,0,0,0,0,0,0,0,,0
00-0003681,Howard Cross,TE,1999,5,REG,1999_05_NYG_ARI,NYG,ARI,0,0,0,0,0,0,0,0,0,0,0,0,1,1,9,0,0,0,0,0,,0,0,0,0,0,0,0,0,0,0,0,,0
00-0003700,Germane Crowell,WR,1999,5,REG,1999_05_SD_DET,DET,LAC,0,0,0,0,0,0,0,0,0,0,0,0,6,16,99,1,3,0,0,0,,0,0,0,0,0,0,0,0,0,0,0,,0
00-0003761,Randall Cunningham,QB,1999,5,REG,1999_05_CHI_MIN,MIN,CHI,25,46,309,1,3,4,-30,3,42,0,3,0,0,0,0,0,0,0,0,0,,0,0,0,0,0,0,0,0,0,0,0,,0
00-0003762,Richie Cunningham,K,1999,5,REG,1999_05_DAL_PHI,DAL,PHI,0,0,0,0,0,0,0,0,0,0,0,0,0,0,0,0,0,0,1,2,42,0,0,0,1,0,0,1,1,0,0,0,,0
00-0003841,Brad Daluiso,K,1999,5,REG,1999_05_NYG_ARI,NYG,ARI,0,0,0,0,0,0,0,0,0,0,0,0,0,0,0,0,0,0,1,2,31,0,0,1,0,0,0,0,0,0,0,0,,0
00-0004063,Tyrone Davis,TE,1999,5,REG,1999_05_TB_GB,GB,TB,0,0,0,0,0,0,0,0,0,0,0,0,0,1,0,0,0,0,0,0,,0,0,0,0,0,0,0,0,0,0,0,,0
00-0004091,Phil Dawson,K,1999,5,REG,1999_05_CIN_CLE,CLE,CIN,0,0,0,0,0,0,0,1,4,1,1,0,0,0,0,0,0,0,1,1,33,0,0,1,0,0,0,2,2,0,0,0,,0
00-0004147,Al Del Greco,K,1999,5,REG,1999_05_BAL_TEN,TEN,BAL,0,0,0,0,0,0,0,0,0,0,0,0,0,0,0,0,0,0,0,0,,0,0,0,0,0,0,2,2,0,0,0,,0
00-0004172,Greg DeLong,TE,1999,5,REG,1999_05_BAL_TEN,BAL,TEN,0,0,0,0,0,0,0,0,0,0,0,0,0,1,0,0,0,0,0,0,,0,0,0,0,0,0,0,0,0,0,0,,0
00-0004293,Trent Dilfer,QB,1999,5,REG,1999_05_TB_GB,TB,GB,16,26,110,1,3,2,-10,4,47,0,3,0,0,0,0,0,0,0,0,0,,0,0,0,0,0,0,0,0,0,0,0,,0
00-0004294,Ken Dilger,TE,1999,5,REG,1999_05_MIA_IND,IND,MIA,0,0,0,0,0,0,0,0,0,0,0,0,2,2,22,0,1,0,0,0,,0,0,0,0,0,0,0,0,0,0,0,,0
00-0004304,Corey Dillon,RB,1999,5,REG,1999_05_CIN_CLE,CIN,CLE,0,0,0,0,0,0,0,28,168,0,10,0,1,3,1,0,0,0,0,0,,0,0,0,0,0,0,0,0,0,0,0,,0
00-0004463,Dameane Douglas,WR,1999,5,REG,1999_05_DAL_PHI,PHI,DAL,0,0,0,0,0,0,0,0,0,0,0,0,0,1,0,0,0,0,0,0,,0,0,0,0,0,0,0,0,0,0,0,,0
00-0004524,Troy Drayton,TE,1999,5,REG,1999_05_MIA_IND,MIA,IND,0,0,0,0,0,0,0,0,0,0,0,0,1,1,11,0,1,0,0,0,,0,0,0,0,0,0,0,0,0,0,0,,0
00-0004574,Rickey Dudley,TE,1999,5,REG,1999_05_DEN_OAK,LV,DEN,0,0,0,0,0,0,0,0,0,0,0,0,2,2,25,0,2,0,0,0,,0,0,0,0,0,0,0,0,0,0,0,,0
00-0004640,Warrick Dunn,RB,1999,5,REG,1999_05_TB_GB,TB,GB,0,0,0,0,0,0,0,14,39,0,2,0,6,6,41,1,3,0,0,0,,0,0,0,0,0,0,0,0,0,0,0,,0
00-0004694,Kevin Dyson,WR,1999,5,REG,1999_05_BAL_TEN,TEN,BAL,0,0,0,0,0,0,0,0,0,0,0,0,4,6,34,0,1,0,0,0,,0,0,0,0,0,0,0,0,0,0,0,,0
00-0004705,Quinn Early,WR,1999,5,REG,1999_05_JAX_NYJ,NYJ,JAX,0,0,0,0,0,0,0,0,0,0,0,0,1,3,17,0,1,0,0,0,,0,0,0,0,0,0,0,0,0,0,0,,0
00-0004768,Marc Edwards,FB,1999,5,REG,1999_05_CIN_CLE,CLE,CIN,0,0,0,0,0,0,0,0,0,0,0,0,2,3,29,0,1,0,0,0,,0,0,0,0,0,0,0,0,0,0,0,,0
00-0004780,Troy Edwards,WR,1999,5,REG,1999_05_PIT_BUF,PIT,BUF,0,0,0,0,0,0,0,0,0,0,0,0,4,7,50,1,2,0,0,0,,0,0,0,0,0,0,0,0,0,0,0,,0
00-0004811,Jason Elam,K,1999,5,REG,1999_05_DEN_OAK,DEN,LV,0,0,0,0,0,0,0,0,0,0,0,0,0,0,0,0,0,0,3,3,48,0,1,0,2,0,0,1,1,0,0,0,,0
00-0004888,Bert Emanuel,WR,1999,5,REG,1999_05_TB_GB,TB,GB,0,0,0,0,0,0,0,0,0,0,0,0,2,5,8,0,1,0,0,0,,0,0,0,0,0,0,0,0,0,0,0,,0
00-0004915,Bobby Engram,WR,1999,5,REG,1999_05_CHI_MIN,CHI,MIN,0,0,0,0,0,0,0,0,0,0,0,0,3,5,17,0,0,0,0,0,,0,0,0,0,0,0,0,0,0,0,0,,0
00-0004916,Curtis Enis,RB,1999,5,REG,1999_05_CHI_MIN,CHI,MIN,0,0,0,0,0,0,0,27,66,0,3,0,3,4,32,0,1,0,0,0,,0,0,0,0,0,0,0,0,0,0,0,,0
00-0004972,Chuck Evans,RB,1999,5,REG,1999_05_BAL_TEN,BAL,TEN,0,0,0,0,0,0,0,2,7,0,1,0,2,3,10,0,0,0,0,0,,0,0,0,0,0,0,0,0,0,0,0,,0
00-0005091,Kevin Faulk,RB,1999,5,REG,1999_05_NE_KC,NE,KC,0,0,0,0,0,0,0,3,2,0,0,0,0,1,0,0,0,0,0,0,,0,0,0,0,0,0,0,0,0,0,0,,0
00-0005092,Marshall Faulk,RB,1999,5,REG,1999_05_SF_STL,LA,SF,0,0,0,0,0,0,0,7,6,0,0,0,4,4,38,0,2,0,0,0,,0,0,0,0,0,0,0,0,0,0,0,,0
00-0005106,Brett Favre,QB,1999,5,REG,1999_05_TB_GB,GB,TB,22,40,390,2,0,5,-38,1,-1,0,0,0,0,0,0,0,0,0,0,0,,0,0,0,0,0,0,0,0,0,0,0,,0
00-0005324,Terrell Fletcher,RB,1999,5,REG,1999_05_SD_DET,LAC,DET,0,0,0,0,0,0,0,11,24,0,1,0,3,5,51,0,2,0,0,0,,0,0,0,0,0,0,0,0,0,0,0,,0
00-0005348,Chris Floyd,FB,1999,5,REG,1999_05_NE_KC,NE,KC,0,0,0,0,0,0,0,1,1,0,0,0,1,2,5,0,0,0,0,0,,0,0,0,0,0,0,0,0,0,0,0,,0
00-0005363,Doug Flutie,QB,1999,5,REG,1999_05_PIT_BUF,BUF,PIT,21,32,261,3,0,2,-7,7,39,0,1,0,0,0,0,0,0,0,0,0,,0,0,0,0,0,0,0,0,0,0,0,,0
00-0005562,Antonio Freeman,WR,1999,5,REG,1999_05_TB_GB,GB,TB,0,0,0,0,0,0,0,0,0,0,0,0,7,13,152,2,6,0,0,0,,0,0,0,0,0,0,0,0,0,0,0,,0
00-0005668,Oronde Gadsden,WR,1999,5,REG,1999_05_MIA_IND,MIA,IND,0,0,0,0,0,0,0,0,0,0,0,0,4,6,123,1,4,0,0,0,,0,0,0,0,0,0,0,0,0,0,0,,0
00-0005741,Rich Gannon,QB,1999,5,REG,1999_05_DEN_OAK,LV,DEN,25,36,248,1,2,6,-38,4,8,0,0,0,1,1,-3,0,0,0,0,0,,0,0,0,0,0,0,0,0,0,0,0,,0
00-0005755,Jeff Garcia,QB,1999,5,REG,1999_05_SF_STL,SF,LA,22,36,233,0,3,0,0,1,5,0,1,0,0,0,0,0,0,0,0,0,,0,0,0,0,0,0,0,0,0,0,0,,0
00-0005771,Chris Gardocki,P,1999,5,REG,1999_05_CIN_CLE,CLE,CIN,0,0,0,0,0,0,0,0,0,0,0,0,0,0,0,0,0,0,0,0,,0,0,0,0,0,0,0,0,8,341,289,60,4
00-0005779,Charlie Garner,RB,1999,5,REG,1999_05_SF_STL,SF,LA,0,0,0,0,0,0,0,13,52,0,1,0,5,5,57,0,3,0,0,0,,0,0,0,0,0,0,0,0,0,0,0,,0
00-0005816,Olandis Gary,RB,1999,5,REG,1999_05_DEN_OAK,DEN,LV,0,0,0,0,0,0,0,20,64,0,2,0,1,1,10,0,0,0,0,0,,0,0,0,0,0,0,0,0,0,0,0,,0
00-0005822,Sam Gash,FB,1999,5,REG,1999_05_PIT_BUF,BUF,PIT,0,0,0,0,0,0,0,0,0,0,0,0,3,3,14,1,2,0,0,0,,0,0,0,0,0,0,0,0,0,0,0,,0
00-0005883,Eddie George,RB,1999,5,REG,1999_05_BAL_TEN,TEN,BAL,0,0,0,0,0,0,0,20,55,0,4,0,5,5,23,0,1,0,0,0,,0,0,0,0,0,0,0,0,0,0,0,,0
00-0005903,Jammi German,WR,1999,5,REG,1999_05_ATL_NO,ATL,NO,0,0,0,0,0,0,0,0,0,0,0,0,1,2,62,0,1,0,0,0,,0,0,0,0,0,0,0,0,0,0,0,,0
00-0006043,Terry Glenn,WR,1999,5,REG,1999_05_NE_KC,NE,KC,0,0,0,0,0,0,0,0,0,0,0,0,5,10,92,1,3,0,0,0,,0,0,0,0,0,0,0,0,0,0,0,,0
00-0006047,Andrew Glover,TE,1999,5,REG,1999_05_CHI_MIN,MIN,CHI,0,0,0,0,0,0,0,0,0,0,0,0,5,8,48,0,3,0,0,0,,0,0,0,0,0,0,0,0,0,0,0,,0
00-0006101,Tony Gonzalez,TE,1999,5,REG,1999_05_NE_KC,KC,NE,0,0,0,0,0,0,0,0,0,0,0,0,3,4,40,0,2,1,0,0,,0,0,0,0,0,0,0,0,0,0,0,,0
00-0006181,Toby Gowin,P,1999,5,REG,1999_05_DAL_PHI,DAL,PHI,0,0,0,0,0,0,0,0,0,0,0,0,0,0,0,0,0,0,0,0,,0,0,0,0,0,0,0,0,6,226,193,43,2
00-0006210,Jeff Graham,WR,1999,5,REG,1999_05_SD_DET,LAC,DET,0,0,0,0,0,0,0,0,0,0,0,0,0,2,0,0,0,0,0,0,,0,0,0,0,0,0,0,0,0,0,0,,0
00-0006223,Martin Gramatica,K,1999,5,REG,1999_05_TB_GB,TB,GB,0,0,0,0,0,0,0,0,0,0,0,0,0,0,0,0,0,0,3,3,41,0,0,2,1,0,0,2,2,0,0,0,,0
00-0006299,Tony Graziani,QB,1999,5,REG,1999_05_ATL_NO,ATL,NO,11,20,162,1,0,3,-15,2,14,0,1,0,0,0,0,0,0,0,0,0,,0,0,0,0,0,0,0,0,0,0,0,,0
00-0006300,Elvis Grbac,QB,1999,5,REG,1999_05_NE_KC,KC,NE,18,26,198,0,1,2,-9,2,0,0,0,0,0,0,0,0,0,0,0,0,,0,0,0,0,0,0,0,0,0,0,0,,0
00-0006324,Eric Green,TE,1999,5,REG,1999_05_JAX_NYJ,NYJ,JAX,0,0,0,0,0,0,0,0,0,0,0,0,0,1,0,0,0,0,0,0,,0,0,0,0,0,0,0,0,0,0,0,,0
00-0006331,Jacquez Green,WR,1999,5,REG,1999_05_TB_GB,TB,GB,0,0,0,0,0,0,0,0,0,0,0,0,1,1,12,0,1,0,0,0,,0,0,0,0,0,0,0,0,0,0,0,,0
00-0006423,Brian Griese,QB,1999,5,REG,1999_05_DEN_OAK,DEN,LV,17,29,234,1,1,2,-13,7,16,0,3,0,0,0,0,0,0,0,0,0,,0,0,0,0,0,0,0,0,0,0,0,,0
00-0006431,Damon Griffin,WR,1999,5,REG,1999_05_CIN_CLE,CIN,CLE,0,0,0,0,0,0,0,0,0,0,0,0,2,6,10,0,0,0,0,0,,0,0,0,0,0,0,0,0,0,0,0,,0
00-0006456,Howard Griffith,RB,1999,5,REG,1999_05_DEN_OAK,DEN,LV,0,0,0,0,0,0,0,0,0,0,0,0,1,2,17,0,1,0,0,0,,0,0,0,0,0,0,0,0,0,0,0,,0
00-0006482,Clif Groce,FB,1999,5,REG,1999_05_CIN_CLE,CIN,CLE,0,0,0,0,0,0,0,0,0,0,0,0,3,4,25,0,1,0,0,0,,0,0,0,0,0,0,0,0,0,0,0,,0
00-0006627,Az-Zahir Hakim,WR,1999,5,REG,1999_05_SF_STL,LA,SF,0,0,0,0,0,0,0,0,0,0,0,0,2,2,22,0,1,0,0,0,,0,0,0,0,0,0,0,0,0,0,0,,0
00-0006662,John Hall,K,1999,5,REG,1999_05_JAX_NYJ,NYJ,JAX,0,0,0,0,0,0,0,0,0,0,0,0,0,0,0,0,0,0,2,2,42,0,0,1,1,0,0,0,0,0,0,0,,0
00-0006800,Jason Hanson,K,1999,5,REG,1999_05_SD_DET,DET,LAC,0,0,0,0,0,0,0,0,0,0,0,0,0,0,0,0,0,0,1,1,23,0,1,0,0,0,0,1,1,0,0,0,,0
00-0006803,Byron Hanspard,RB,1999,5,REG,1999_05_ATL_NO,ATL,NO,0,0,0,0,0,0,0,10,32,0,2,0,0,0,0,0,0,0,0,0,,0,0,0,0,0,0,0,0,0,0,0,,0
00-0006848,Terry Hardy,TE,1999,5,REG,1999_05_NYG_ARI,ARI,NYG,0,0,0,0,0,0,0,0,0,0,0,0,2,2,31,0,2,0,0,0,,0,0,0,0,0,0,0,0,0,0,0,,0
00-0007024,Marvin Harrison,WR,1999,5,REG,1999_05_MIA_IND,IND,MIA,0,0,0,0,0,0,0,0,0,0,0,0,3,8,91,1,3,0,0,0,,0,0,0,0,0,0,0,0,0,0,0,,0
00-0007093,Andre Hastings,WR,1999,5,REG,1999_05_ATL_NO,NO,ATL,0,0,0,0,0,0,0,0,0,0,0,0,1,4,5,0,0,0,0,0,,0,0,0,0,0,0,0,0,0,0,0,,0
00-0007103,Matt Hatchette,WR,1999,5,REG,1999_05_CHI_MIN,MIN,CHI,0,0,0,0,0,0,0,0,0,0,0,0,1,2,22,0,1,0,0,0,,0,0,0,0,0,0,0,0,0,0,0,,0
00-0007120,Courtney Hawkins,WR,1999,5,REG,1999_05_PIT_BUF,PIT,BUF,0,0,0,0,0,0,0,0,0,0,0,0,2,3,11,0,1,0,0,0,,0,0,0,0,0,0,0,0,0,0,0,,0
00-0007254,William Henderson,FB,1999,5,REG,1999_05_TB_GB,GB,TB,0,0,0,0,0,0,0,0,0,0,0,0,2,3,4,0,0,0,0,0,,0,0,0,0,0,0,0,0,0,0,0,,0
00-0007308,Craig Hentrich,P,1999,5,REG,1999_05_BAL_TEN,TEN,BAL,0,0,0,0,0,0,0,0,0,0,0,0,0,0,0,0,0,0,0,0,,0,0,0,0,0,0,0,0,9,397,378,59,3
00-0007436,Greg Hill,RB,1999,5,REG,1999_05_SD_DET,DET,LAC,0,0,0,0,0,0,0,3,-3,0,0,0,0,0,0,0,0,0,0,0,,0,0,0,0,0,0,0,0,0,0,0,,0
00-0007468,Ike Hilliard,WR,1999,5,REG,1999_05_NYG_ARI,NYG,ARI,0,0,0,0,0,0,0,0,0,0,0,0,5,7,78,0,5,0,0,0,,0,0,0,0,0,0,0,0,0,0,0,,0
00-0007520,Leroy Hoard,RB,1999,5,REG,1999_05_CHI_MIN,MIN,CHI,0,0,0,0,0,0,0,5,17,0,0,0,1,1,29,0,1,0,0,0,,0,0,0,0,0,0,0,0,0,0,0,,0
00-0007530,Billy Joe Hobert,QB,1999,5,REG,1999_05_ATL_NO,NO,ATL,9,14,153,1,0,1,0,0,0,0,0,0,0,0,0,0,0,0,0,0,,0,0,0,0,0,0,0,0,0,0,0,,0
00-0007546,James Hodgins,RB,1999,5,REG,1999_05_SF_STL,LA,SF,0,0,0,0,0,0,0,1,2,0,0,0,1,1,10,0,1,0,0,0,,0,0,0,0,0,0,0,0,0,0,0,,0
00-0007579,Robert Holcombe,FB,1999,5,REG,1999_05_SF_STL,LA,SF,0,0,0,0,0,0,0,6,47,0,2,0,2,3,15,0,1,0,0,0,,0,0,0,0,0,0,0,0,0,0,0,,0
00-0007622,Mike Hollis,K,1999,5,REG,1999_05_JAX_NYJ,JAX,NYJ,0,0,0,0,0,0,0,0,0,0,0,0,0,0,0,0,0,0,3,3,44,0,1,1,1,0,0,1,1,0,0,0,,0
00-0007681,Torry Holt,WR,1999,5,REG,1999_05_SF_STL,LA,SF,0,0,0,0,0,0,0,0,0,0,0,0,3,4,67,0,1,0,0,0,,0,0,0,0,0,0,0,0,0,0,0,,0
00-0007744,Joe Horn,WR,1999,5,REG,1999_05_NE_KC,KC,NE,0,0,0,0,0,0,0,0,0,0,0,0,4,5,75,0,3,0,0,0,,0,0,0,0,0,0,0,0,0,0,0,,0
00-0007795,Chris Howard,RB,1999,5,REG,1999_05_JAX_NYJ,JAX,NYJ,0,0,0,0,0,0,0,3,9,0,1,0,0,1,0,0,0,0,0,0,,0,0,0,0,0,0,0,0,0,0,0,,0
00-0007969,Richard Huntley,RB,1999,5,REG,1999_05_PIT_BUF,PIT,BUF,0,0,0,0,0,0,0,5,16,0,0,0,3,3,32,0,2,0,0,0,,0,0,0,0,0,0,0,0,0,0,0,,0
00-0007983,Michael Husted,K,1999,5,REG,1999_05_DEN_OAK,LV,DEN,0,0,0,0,0,0,0,0,0,0,0,0,0,0,0,0,0,0,2,3,47,1,0,0,1,0,0,1,1,0,0,0,,0
00-0007993,Tom Hutton,P,1999,5,REG,1999_05_MIA_IND,MIA,IND,0,0,0,0,0,0,0,0,0,0,0,0,0,0,0,0,0,0,0,0,,0,0,0,0,0,0,0,0,3,128,114,49,2
00-0008044,Michael Irvin,WR,1999,5,REG,1999_05_DAL_PHI,DAL,PHI,0,0,0,0,0,0,0,0,0,0,0,0,1,1,8,0,0,0,0,0,,0,0,0,0,0,0,0,0,0,0,0,,0
00-0008046,Sedrick Irvin,RB,1999,5,REG,1999_05_SD_DET,DET,LAC,0,0,0,0,0,0,0,1,-5,0,0,1,0,0,0,0,0,0,0,0,,0,0,0,0,0,0,0,0,0,0,0,,0
00-0008059,Qadry Ismail,WR,1999,5,REG,1999_05_BAL_TEN,BAL,TEN,0,0,0,0,0,0,0,0,0,0,0,0,3,9,47,0,1,0,0,0,,0,0,0,0,0,0,0,0,0,0,0,,0
00-0008060,Raghib Ismail,WR,1999,5,REG,1999_05_DAL_PHI,DAL,PHI,0,0,0,0,0,0,0,1,17,0,1,0,7,11,88,0,4,0,0,0,,0,0,0,0,0,0,0,0,0,0,0,,0
00-0008080,Chris Jacke,K,1999,5,REG,1999_05_NYG_ARI,ARI,NYG,0,0,0,0,0,0,0,0,0,0,0,0,0,0,0,0,0,0,0,2,,0,0,0,0,0,0,2,2,0,0,0,,0
00-0008190,Sheldon Jackson,TE,1999,5,REG,1999_05_PIT_BUF,BUF,PIT,0,0,0,0,0,0,0,0,0,0,0,0,1,2,7,0,0,0,0,0,,0,0,0,0,0,0,0,0,0,0,0,,0
00-0008210,Willie Jackson,WR,1999,5,REG,1999_05_CIN_CLE,CIN,CLE,0,0,0,0,0,0,0,0,0,0,0,0,0,2,0,0,0,0,0,0,,0,0,0,0,0,0,0,0,0,0,0,,0
00-0008231,Jeff Jaeger,K,1999,5,REG,1999_05_CHI_MIN,CHI,MIN,0,0,0,0,0,0,0,0,0,0,0,0,0,0,0,0,0,0,1,4,41,0,0,0,1,0,0,3,3,0,0,0,,0
00-0008241,Edgerrin James,RB,1999,5,REG,1999_05_MIA_IND,IND,MIA,0,0,0,0,0,0,0,22,81,0,5,1,2,2,1,0,0,0,0,0,,0,0,0,0,0,0,0,0,0,0,0,,0
00-0008313,Shawn Jefferson,WR,1999,5,REG,1999_05_NE_KC,NE,KC,0,0,0,0,0,0,0,0,0,0,0,0,2,7,35,1,2,0,0,0,,0,0,0,0,0,0,0,0,0,0,0,,0
00-0008329,Dietrich Jells,WR,1999,5,REG,1999_05_DAL_PHI,PHI,DAL,0,0,0,0,0,0,0,0,0,0,0,0,0,3,0,0,0,0,0,0,,0,0,0,0,0,0,0,0,0,0,0,,0
00-0008400,James Jett,WR,1999,5,REG,1999_05_DEN_OAK,LV,DEN,0,0,0,0,0,0,0,0,0,0,0,0,1,4,19,0,1,0,0,0,,0,0,0,0,0,0,0,0,0,0,0,,0
00-0008401,John Jett,P,1999,5,REG,1999_05_SD_DET,DET,LAC,0,0,0,0,0,0,0,0,0,0,0,0,0,0,0,0,0,0,0,0,,0,0,0,0,0,0,0,0,5,191,178,49,1
00-0008454,Charles Johnson,WR,1999,5,REG,1999_05_DAL_PHI,PHI,DAL,0,0,0,0,0,0,0,0,0,0,0,0,2,6,64,1,2,0,0,0,,0,0,0,0,0,0,0,0,0,0,0,,0
00-0008529,J.J. Johnson,RB,1999,5,REG,1999_05_MIA_IND,MIA,IND,0,0,0,0,0,0,0,3,6,0,0,0,0,0,0,0,0,0,0,0,,0,0,0,0,0,0,0,0,0,0,0,,0
00-0008560,Kevin Johnson,WR,1999,5,REG,1999_05_CIN_CLE,CLE,CIN,0,0,0,0,0,0,0,0,0,0,0,0,5,13,73,0,2,0,0,0,,0,0,0,0,0,0,0,0,0,0,0,,0
00-0008561,Keyshawn Johnson,WR,1999,5,REG,1999_05_JAX_NYJ,NYJ,JAX,0,0,0,0,0,0,0,0,0,0,0,0,8,13,94,0,5,0,0,0,,0,0,0,0,0,0,0,0,0,0,0,,0
00-0008566,Lee Johnson,P,1999,5,REG,1999_05_NE_KC,NE,KC,0,0,0,0,0,0,0,0,0,0,0,0,0,0,0,0,0,0,0,0,,0,0,0,0,0,0,0,0,3,139,130,52,1
00-0008572,Lonnie Johnson,TE,1999,5,REG,1999_05_NE_KC,KC,NE,0,0,0,0,0,0,0,0,0,0,0,0,0,1,0,0,0,0,0,0,,0,0,0,0,0,0,0,0,0,0,0,,0
00-0008593,Norm Johnson,K,1999,5,REG,1999_05_DAL_PHI,PHI,DAL,0,0,0,0,0,0,0,0,0,0,0,0,0,0,0,0,0,0,2,2,48,0,0,1,1,0,0,1,1,0,0,0,,0
00-0008598,Pat Johnson,WR,1999,5,REG,1999_05_BAL_TEN,BAL,TEN,0,0,0,0,0,0,0,0,0,0,0,0,4,9,57,0,3,0,0,0,,0,0,0,0,0,0,0,0,0,0,0,,0
00-0008723,Damon Jones,TE,1999,5,REG,1999_05_JAX_NYJ,JAX,NYJ,0,0,0,0,0,0,0,0,0,0,0,0,1,1,10,0,1,0,0,0,,0,0,0,0,0,0,0,0,0,0,0,,0
00-0008749,Freddie Jones,TE,1999,5,REG,1999_05_SD_DET,LAC,DET,0,0,0,0,0,0,0,0,0,0,0,0,2,3,9,0,0,0,0,0,,0,0,0,0,0,0,0,0,0,0,0,,0
00-0008751,George Jones,RB,1999,5,REG,1999_05_CIN_CLE,CLE,CIN,0,0,0,0,0,0,0,6,14,0,0,0,0,0,0,0,0,0,0,0,,0,0,0,0,0,0,0,0,0,0,0,,0
00-0008962,Joe Jurevicius,WR,1999,5,REG,1999_05_NYG_ARI,NYG,ARI,0,0,0,0,0,0,0,0,0,0,0,0,0,1,0,0,0,0,0,0,,0,0,0,0,0,0,0,0,0,0,0,,0
00-0008970,Paul Justin,QB,1999,5,REG,1999_05_SF_STL,LA,SF,0,0,0,0,0,0,0,2,-2,0,0,0,0,0,0,0,0,0,0,0,,0,0,0,0,0,0,0,0,0,0,0,,0
00-0009038,Napoleon Kaufman,RB,1999,5,REG,1999_05_DEN_OAK,LV,DEN,0,0,0,0,0,0,0,3,6,0,0,0,1,1,17,0,1,0,0,0,,0,0,0,0,0,0,0,0,0,0,0,,0
00-0009119,Reggie Kelly,TE,1999,5,REG,1999_05_ATL_NO,ATL,NO,0,0,0,0,0,0,0,0,0,0,0,0,1,1,16,0,1,0,0,0,,0,0,0,0,0,0,0,0,0,0,0,,0
00-0009163,Eddie Kennison,WR,1999,5,REG,1999_05_ATL_NO,NO,ATL,0,0,0,0,0,0,0,0,0,0,0,0,4,7,138,1,3,0,0,0,,0,0,0,0,0,0,0,0,0,0,0,,0
00-0009288,Terry Kirby,RB,1999,5,REG,1999_05_CIN_CLE,CLE,CIN,0,0,0,0,0,0,0,15,57,1,5,0,4,4,30,0,1,0,0,0,,0,0,0,0,0,0,0,0,0,0,0,,0
00-0009323,Jimmy Kleinsasser,TE,1999,5,REG,1999_05_CHI_MIN,MIN,CHI,0,0,0,0,0,0,0,0,0,0,0,0,2,3,-13,0,0,2,0,0,,0,0,0,0,0,0,0,0,0,0,0,,0
00-0009417,Rob Konrad,FB,1999,5,REG,1999_05_MIA_IND,MIA,IND,0,0,0,0,0,0,0,1,0,0,0,0,4,7,33,0,2,0,0,0,,0,0,0,0,0,0,0,0,0,0,0,,0
00-0009443,Brian Kozlowski,TE,1999,5,REG,1999_05_ATL_NO,ATL,NO,0,0,0,0,0,0,0,0,0,0,0,0,0,1,0,0,0,0,0,0,,0,0,0,0,0,0,0,0,0,0,0,,0
00-0009451,Erik Kramer,QB,1999,5,REG,1999_05_SD_DET,LAC,DET,20,34,208,0,1,2,-16,1,-1,0,0,0,0,0,0,0,0,0,0,0,,0,0,0,0,0,0,0,0,0,0,0,,0
00-0009550,David LaFleur,TE,1999,5,REG,1999_05_DAL_PHI,DAL,PHI,0,0,0,0,0,0,0,0,0,0,0,0,3,3,22,0,0,0,0,0,,0,0,0,0,0,0,0,0,0,0,0,,0
00-0009584,Sean Landeta,P,1999,5,REG,1999_05_DAL_PHI,PHI,DAL,0,0,0,0,0,0,0,0,0,0,0,0,0,0,0,0,0,0,0,0,,0,0,0,0,0,0,0,0,8,360,305,55,1
00-0009819,Tim Lester,RB,1999,5,REG,1999_05_DAL_PHI,DAL,PHI,0,0,0,0,0,0,0,0,0,0,0,0,0,1,0,0,0,0,0,0,,0,0,0,0,0,0,0,0,0,0,0,,0
00-0009829,Dorsey Levens,RB,1999,5,REG,1999_05_TB_GB,GB,TB,0,0,0,0,0,0,0,22,99,0,5,0,5,7,57,0,1,0,0,0,,0,0,0,0,0,0,0,0,0,0,0,,0
00-0009869,Jermaine Lewis,WR,1999,5,REG,1999_05_BAL_TEN,BAL,TEN,0,0,0,0,0,0,0,0,0,0,0,0,4,7,58,0,2,0,0,0,,0,0,0,0,0,0,0,0,0,0,0,,0
00-0009960,Jonathan Linton,FB,1999,5,REG,1999_05_PIT_BUF,BUF,PIT,0,0,0,0,0,0,0,15,45,0,6,0,1,1,15,0,1,0,0,0,,0,0,0,0,0,0,0,0,0,0,0,,0
00-0010007,Kevin Lockett,WR,1999,5,REG,1999_05_NE_KC,KC,NE,0,0,0,0,0,0,0,0,0,0,0,0,4,5,40,0,3,0,0,0,,0,0,0,0,0,0,0,0,0,0,0,,0
00-0010072,Ryan Longwell,K,1999,5,REG,1999_05_TB_GB,GB,TB,0,0,0,0,0,0,0,0,0,0,0,0,0,0,0,0,0,0,4,5,49,0,0,1,3,0,0,2,2,0,0,0,,0
00-0010194,Anthony Lynn,RB,1999,5,REG,1999_05_DEN_OAK,DEN,LV,0,0,0,0,0,0,0,1,1,0,0,0,0,0,0,0,0,0,0,0,,0,0,0,0,0,0,0,0,0,0,0,,0
00-0010202,Mitch Lyons,TE,1999,5,REG,1999_05_PIT_BUF,PIT,BUF,0,0,0,0,0,0,0,0,0,0,0,0,2,3,31,0,1,0,0,0,,0,0,0,0,0,0,0,0,0,0,0,,0
00-0010292,Joel Makovicka,FB,1999,5,REG,1999_05_NYG_ARI,ARI,NYG,0,0,0,0,0,0,0,1,0,0,0,0,0,1,0,0,0,0,0,0,,0,0,0,0,0,0,0,0,0,0,0,,0
00-0010346,Peyton Manning,QB,1999,5,REG,1999_05_MIA_IND,IND,MIA,17,24,274,3,1,2,-10,2,-13,0,0,0,0,0,0,0,0,0,0,0,,0,0,0,0,0,0,0,0,0,0,0,,0
00-0010373,Olindo Mare,K,1999,5,REG,1999_05_MIA_IND,MIA,IND,0,0,0,0,0,0,0,0,0,0,0,0,0,0,0,0,0,0,4,4,43,0,2,1,1,0,0,2,2,0,0,0,,0
00-0010379,Dan Marino,QB,1999,5,REG,1999_05_MIA_IND,MIA,IND,25,38,393,2,0,0,0,1,-1,0,0,0,0,0,0,0,0,0,0,0,,0,0,0,0,0,0,0,0,0,0,0,,0
00-0010442,Curtis Martin,RB,1999,5,REG,1999_05_JAX_NYJ,NYJ,JAX,0,0,0,0,0,0,0,18,59,0,4,0,3,4,15,0,0,0,0,0,,0,0,0,0,0,0,0,0,0,0,0,,0
00-0010477,Tony Martin,WR,1999,5,REG,1999_05_MIA_IND,MIA,IND,0,0,0,0,0,0,0,1,-6,0,0,0,10,15,166,1,7,0,0,0,,0,0,0,0,0,0,0,0,0,0,0,,0
00-0010500,Derrick Mason,WR,1999,5,REG,1999_05_BAL_TEN,TEN,BAL,0,0,0,0,0,0,0,0,0,0,0,0,1,1,4,0,1,0,0,0,,0,0,0,0,0,0,0,0,0,0,0,,0
00-0010539,Terance Mathis,WR,1999,5,REG,1999_05_ATL_NO,ATL,NO,0,0,0,0,0,0,0,0,0,0,0,0,5,10,67,1,2,0,0,0,,0,0,0,0,0,0,0,0,0,0,0,,0
00-0010560,Shane Matthews,QB,1999,5,REG,1999_05_CHI_MIN,CHI,MIN,19,28,184,2,0,0,0,1,6,0,0,0,0,0,0,0,0,0,0,0,,0,0,0,0,0,0,0,0,0,0,0,,0
00-0010598,Alonzo Mayes,TE,1999,5,REG,1999_05_CHI_MIN,CHI,MIN,0,0,0,0,0,0,0,0,0,0,0,0,1,1,12,0,1,0,0,0,,0,0,0,0,0,0,0,0,0,0,0,,0
00-0010609,Brad Maynard,P,1999,5,REG,1999_05_NYG_ARI,NYG,ARI,0,0,0,0,0,0,0,0,0,0,0,0,0,0,0,0,0,0,0,0,,0,0,0,0,0,0,0,0,6,284,232,62,2
00-0010650,Ed McCaffrey,WR,1999,5,REG,1999_05_DEN_OAK,DEN,LV,0,0,0,0,0,0,0,0,0,0,0,0,5,9,88,0,3,0,0,0,,0,0,0,0,0,0,0,0,0,0,0,,0
00-0010668,Keenan McCardell,WR,1999,5,REG,1999_05_JAX_NYJ,JAX,NYJ,0,0,0,0,0,0,0,0,0,0,0,0,4,8,60,0,2,0,0,0,,0,0,0,0,0,0,0,0,0,0,0,,0
00-0010747,Fred McCrary,RB,1999,5,REG,1999_05_SD_DET,LAC,DET,0,0,0,0,0,0,0,0,0,0,0,0,4,4,17,0,0,0,0,0,,0,0,0,0,0,0,0,0,0,0,0,,0
00-0010824,O.J. McDuffie,WR,1999,5,REG,1999_05_MIA_IND,MIA,IND,0,0,0,0,0,0,0,0,0,0,0,0,4,5,42,0,2,0,0,0,,0,0,0,0,0,0,0,0,0,0,0,,0
00-0010859,Tony McGee,TE,1999,5,REG,1999_05_CIN_CLE,CIN,CLE,0,0,0,0,0,0,0,0,0,0,0,0,3,3,33,0,1,0,0,0,,0,0,0,0,0,0,0,0,0,0,0,,0
00-0010892,Travis McGriff,WR,1999,5,REG,1999_05_DEN_OAK,DEN,LV,0,0,0,0,0,0,0,0,0,0,0,0,0,1,0,0,0,0,0,0,,0,0,0,0,0,0,0,0,0,0,0,,0
00-0011044,Cade McNown,QB,1999,5,REG,1999_05_CHI_MIN,CHI,MIN,9,14,97,0,0,1,-3,2,17,0,1,0,0,0,0,0,0,0,0,0,,0,0,0,0,0,0,0,0,0,0,0,,0
00-0011187,Terry Mickens,WR,1999,5,REG,1999_05_DEN_OAK,LV,DEN,0,0,0,0,0,0,0,0,0,0,0,0,2,3,22,0,1,0,0,0,,0,0,0,0,0,0,0,0,0,0,0,,0
00-0011213,Glyn Milburn,WR,1999,5,REG,1999_05_CHI_MIN,CHI,MIN,0,0,0,0,0,0,0,1,-4,0,0,0,2,3,15,0,1,0,0,0,,0,0,0,0,0,0,0,0,0,0,0,,0
00-0011279,Josh Miller,P,1999,5,REG,1999_05_PIT_BUF,PIT,BUF,0,0,0,0,0,0,0,0,0,0,0,0,0,0,0,0,0,0,0,0,,0,0,0,0,0,0,0,0,6,239,227,48,3
00-0011328,Ernie Mills,WR,1999,5,REG,1999_05_DAL_PHI,DAL,PHI,0,0,0,0,0,0,0,0,0,0,0,0,2,7,16,0,0,0,0,0,,0,0,0,0,0,0,0,0,0,0,0,,0
00-0011378,Rick Mirer,QB,1999,5,REG,1999_05_JAX_NYJ,NYJ,JAX,19,38,164,0,2,4,-23,2,14,0,1,0,0,0,0,0,0,0,0,0,,0,0,0,0,0,0,0,0,0,0,0,,0
00-0011425,Pete Mitchell,TE,1999,5,REG,1999_05_NYG_ARI,NYG,ARI,0,0,0,0,0,0,0,0,0,0,0,0,4,6,30,0,1,0,0,0,,0,0,0,0,0,0,0,0,0,0,0,,0
00-0011463,Chris Mohr,P,1999,5,REG,1999_05_PIT_BUF,BUF,PIT,0,0,0,0,0,0,0,0,0,0,0,0,0,0,0,0,0,0,0,0,,0,0,0,0,0,0,0,0,4,165,140,56,1
00-0011551,Dave Moore,TE,1999,5,REG,1999_05_TB_GB,TB,GB,0,0,0,0,0,0,0,0,0,0,0,0,1,1,3,0,0,0,0,0,,0,0,0,0,0,0,0,0,0,0,0,,0
00-0011675,Bam Morris,RB,1999,5,REG,1999_05_NE_KC,KC,NE,0,0,0,0,0,0,0,15,45,0,2,0,0,0,0,0,0,0,0,0,,0,0,0,0,0,0,0,0,0,0,0,,0
00-0011727,Johnnie Morton,WR,1999,5,REG,1999_05_SD_DET,DET,LAC,0,0,0,0,0,0,0,0,0,0,0,0,6,10,68,0,2,0,0,0,,0,0,0,0,0,0,0,0,0,0,0,,0
00-0011754,Randy Moss,WR,1999,5,REG,1999_05_CHI_MIN,MIN,CHI,0,0,0,0,0,0,0,0,0,0,0,0,8,11,122,0,6,0,0,0,,0,0,0,0,0,0,0,0,0,0,0,,0
00-0011770,Eric Moulds,WR,1999,5,REG,1999_05_PIT_BUF,BUF,PIT,0,0,0,0,0,0,0,0,0,0,0,0,6,9,122,1,6,0,0,0,,0,0,0,0,0,0,0,0,0,0,0,,0
00-0011869,Adrian Murrell,RB,1999,5,REG,1999_05_NYG_ARI,ARI,NYG,0,0,0,0,0,0,0,14,8,0,0,0,1,1,7,0,0,0,0,0,,0,0,0,0,0,0,0,0,0,0,0,,0
00-0011958,Lorenzo Neal,FB,1999,5,REG,1999_05_BAL_TEN,TEN,BAL,0,0,0,0,0,0,0,1,1,1,1,0,1,1,8,0,0,0,0,0,,0,0,0,0,0,0,0,0,0,0,0,,0
00-0012261,Neil O'Donnell,QB,1999,5,REG,1999_05_BAL_TEN,TEN,BAL,24,35,216,1,0,0,0,1,-1,0,0,0,0,0,0,0,0,0,0,0,,0,0,0,0,0,0,0,0,0,0,0,,0
00-0012317,A.J. Ofodile,TE,1999,5,REG,1999_05_BAL_TEN,BAL,TEN,0,0,0,0,0,0,0,0,0,0,0,0,0,2,0,0,0,0,0,0,,0,0,0,0,0,0,0,0,0,0,0,,0
00-0012321,Jeff Ogden,WR,1999,5,REG,1999_05_DAL_PHI,DAL,PHI,0,0,0,0,0,0,0,0,0,0,0,0,0,3,0,0,0,0,0,0,,0,0,0,0,0,0,0,0,0,0,0,,0
00-0012478,Terrell Owens,WR,1999,5,REG,1999_05_SF_STL,SF,LA,0,0,0,0,0,0,0,0,0,0,0,0,6,7,60,0,4,0,0,0,,0,0,0,0,0,0,0,0,0,0,0,,0
00-0012480,Ken Oxendine,RB,1999,5,REG,1999_05_ATL_NO,ATL,NO,0,0,0,0,0,0,0,20,57,0,4,1,2,3,4,0,0,0,0,0,,0,0,0,0,0,0,0,0,0,0,0,,0
00-0012603,Bernie Parmalee,RB,1999,5,REG,1999_05_JAX_NYJ,NYJ,JAX,0,0,0,0,0,0,0,4,16,0,1,0,1,2,8,0,0,0,0,0,,0,0,0,0,0,0,0,0,0,0,0,,0
00-0012637,Jerome Pathon,WR,1999,5,REG,1999_05_MIA_IND,IND,MIA,0,0,0,0,0,0,0,0,0,0,0,0,1,2,12,0,1,0,0,0,,0,0,0,0,0,0,0,0,0,0,0,,0
00-0012642,David Patten,WR,1999,5,REG,1999_05_NYG_ARI,NYG,ARI,0,0,0,0,0,0,0,0,0,0,0,0,1,2,10,0,0,0,0,0,,0,0,0,0,0,0,0,0,0,0,0,,0
00-0012726,Doug Pederson,QB,1999,5,REG,1999_05_DAL_PHI,PHI,DAL,11,29,145,1,1,2,-6,4,-9,0,0,0,0,0,0,0,0,0,0,0,,0,0,0,0,0,0,0,0,0,0,0,,0
00-0012742,Doug Pelfrey,K,1999,5,REG,1999_05_CIN_CLE,CIN,CLE,0,0,0,0,0,0,0,0,0,0,0,0,0,0,0,0,0,0,2,2,27,0,2,0,0,0,0,0,0,0,0,0,,0
00-0012764,Chris Penn,WR,1999,5,REG,1999_05_SD_DET,LAC,DET,0,0,0,0,0,0,0,0,0,0,0,0,7,10,79,0,6,0,0,0,,0,0,0,0,0,0,0,0,0,0,0,,0
00-0012931,Lawrence Phillips,RB,1999,5,REG,1999_05_SF_STL,SF,LA,0,0,0,0,0,0,0,4,9,1,1,0,2,2,11,0,1,0,0,0,,0,0,0,0,0,0,0,0,0,0,0,,0
00-0012953,Carl Pickens,WR,1999,5,REG,1999_05_CIN_CLE,CIN,CLE,0,0,0,0,0,0,0,0,0,0,0,0,7,8,38,2,3,0,0,0,,0,0,0,0,0,0,0,0,0,0,0,,0
00-0013013,Michael Pittman,RB,1999,5,REG,1999_05_NYG_ARI,ARI,NYG,0,0,0,0,0,0,0,8,20,0,1,0,1,1,21,0,1,0,0,0,,0,0,0,0,0,0,0,0,0,0,0,,0
00-0013028,Scott Player,P,1999,5,REG,1999_05_NYG_ARI,ARI,NYG,0,0,0,0,0,0,0,0,0,0,0,0,0,0,0,0,0,0,0,0,,0,0,0,0,0,0,0,0,9,419,333,54,2
00-0013042,Jake Plummer,QB,1999,5,REG,1999_05_NYG_ARI,ARI,NYG,13,19,156,1,0,3,-21,3,3,1,1,0,0,0,0,0,0,0,0,0,,0,0,0,0,0,0,0,0,0,0,0,,0
00-0013080,Marcus Pollard,TE,1999,5,REG,1999_05_MIA_IND,IND,MIA,0,0,0,0,0,0,0,0,0,0,0,0,4,5,64,2,4,0,0,0,,0,0,0,0,0,0,0,0,0,0,0,,0
00-0013097,Keith Poole,WR,1999,5,REG,1999_05_ATL_NO,NO,ATL,0,0,0,0,0,0,0,0,0,0,0,0,3,5,50,0,3,0,0,0,,0,0,0,0,0,0,0,0,0,0,0,,0
00-0013108,Daniel Pope,P,1999,5,REG,1999_05_NE_KC,KC,NE,0,0,0,0,0,0,0,0,0,0,0,0,0,0,0,0,0,0,0,0,,0,0,0,0,0,0,0,0,5,157,138,45,1
00-0013232,Peerless Price,WR,1999,5,REG,1999_05_PIT_BUF,BUF,PIT,0,0,0,0,0,0,0,0,0,0,0,0,0,2,0,0,0,0,0,0,,0,0,0,0,0,0,0,0,0,0,0,,0
00-0013262,Stanley Pritchett,RB,1999,5,REG,1999_05_MIA_IND,MIA,IND,0,0,0,0,0,0,0,1,1,0,0,0,2,3,18,0,1,0,0,0,,0,0,0,0,0,0,0,0,0,0,0,,0
00-0013268,Ricky Proehl,WR,1999,5,REG,1999_05_SF_STL,LA,SF,0,0,0,0,0,0,0,0,0,0,0,0,1,1,6,0,1,0,0,0,,0,0,0,0,0,0,0,0,0,0,0,,0
00-0013499,Andre Reed,WR,1999,5,REG,1999_05_PIT_BUF,BUF,PIT,0,0,0,0,0,0,0,0,0,0,0,0,6,6,68,0,4,0,0,0,,0,0,0,0,0,0,0,0,0,0,0,,0
00-0013512,Jake Reed,WR,1999,5,REG,1999_05_CHI_MIN,MIN,CHI,0,0,0,0,0,0,0,0,0,0,0,0,1,4,23,0,1,0,0,0,,0,0,0,0,0,0,0,0,0,0,0,,0
00-0013622,Errict Rhett,RB,1999,5,REG,1999_05_BAL_TEN,BAL,TEN,0,0,0,0,0,0,0,21,59,0,3,0,0,0,0,0,0,0,0,0,,0,0,0,0,0,0,0,0,0,0,0,,0
00-0013639,Jerry Rice,WR,1999,5,REG,1999_05_SF_STL,SF,LA,0,0,0,0,0,0,0,1,2,0,0,0,4,7,42,0,2,0,0,0,,0,0,0,0,0,0,0,0,0,0,0,,0
00-0013682,Kyle Richardson,P,1999,5,REG,1999_05_BAL_TEN,BAL,TEN,0,0,0,0,0,0,0,0,0,0,0,0,0,0,0,0,0,0,0,0,,0,0,0,0,0,0,0,0,8,374,348,60,4
00-0013694,Tony Richardson,FB,1999,5,REG,1999_05_NE_KC,KC,NE,0,0,0,0,0,0,0,5,15,0,2,0,0,0,0,0,0,0,0,0,,0,0,0,0,0,0,0,0,0,0,0,,0
00-0013699,Wade Richey,K,1999,5,REG,1999_05_SF_STL,SF,LA,0,0,0,0,0,0,0,0,0,0,0,0,0,0,0,0,0,0,2,2,43,0,0,0,2,0,0,2,2,0,0,0,,0
00-0013712,Mikhael Ricks,TE,1999,5,REG,1999_05_SD_DET,LAC,DET,0,0,0,0,0,0,0,0,0,0,0,0,0,1,0,0,0,0,0,0,,0,0,0,0,0,0,0,0,0,0,0,,0
00-0013728,Jay Riemersma,TE,1999,5,REG,1999_05_PIT_BUF,BUF,PIT,0,0,0,0,0,0,0,0,0,0,0,0,4,9,35,1,2,0,0,0,,0,0,0,0,0,0,0,0,0,0,0,,0
00-0013770,Andre Rison,WR,1999,5,REG,1999_05_NE_KC,KC,NE,0,0,0,0,0,0,0,0,0,0,0,0,1,1,6,0,0,0,0,0,,0,0,0,0,0,0,0,0,0,0,0,,0
00-0013773,Jon Ritchie,FB,1999,5,REG,1999_05_DEN_OAK,LV,DEN,0,0,0,0,0,0,0,0,0,0,0,0,4,4,47,0,3,0,0,0,,0,0,0,0,0,0,0,0,0,0,0,,0
00-0013785,Ron Rivers,RB,1999,5,REG,1999_05_SD_DET,DET,LAC,0,0,0,0,0,0,0,13,30,0,3,0,9,9,63,0,2,0,0,0,,0,0,0,0,0,0,0,0,0,0,0,,0
00-0013792,Michael Roan,TE,1999,5,REG,1999_05_BAL_TEN,TEN,BAL,0,0,0,0,0,0,0,0,0,0,0,0,1,2,7,0,0,0,0,0,,0,0,0,0,0,0,0,0,0,0,0,,0
00-0013872,Jeff Robinson,LS,1999,5,REG,1999_05_SF_STL,LA,SF,0,0,0,0,0,0,0,0,0,0,0,0,2,2,31,1,2,0,0,0,,0,0,0,0,0,0,0,0,0,0,0,,0
00-0013888,Marcus Robinson,WR,1999,5,REG,1999_05_CHI_MIN,CHI,MIN,0,0,0,0,0,0,0,0,0,0,0,0,8,11,90,1,5,0,0,0,,0,0,0,0,0,0,0,0,0,0,0,,0
00-0014083,Tom Rouen,P,1999,5,REG,1999_05_DEN_OAK,DEN,LV,0,0,0,0,0,0,0,0,0,0,0,0,0,0,0,0,0,0,0,0,,0,0,0,0,0,0,0,0,5,271,142,63,1
00-0014115,Mark Royals,P,1999,5,REG,1999_05_TB_GB,TB,GB,0,0,0,0,0,0,0,0,0,0,0,0,0,0,0,0,0,0,0,0,,0,0,0,0,0,0,0,0,3,133,129,51,1
00-0014211,Rod Rutledge,TE,1999,5,REG,1999_05_NE_KC,NE,KC,0,0,0,0,0,0,0,0,0,0,0,0,1,1,8,0,0,0,0,0,,0,0,0,0,0,0,0,0,0,0,0,,0
00-0014319,Chris Sanders,WR,1999,5,REG,1999_05_BAL_TEN,TEN,BAL,0,0,0,0,0,0,0,0,0,0,0,0,0,3,0,0,0,0,0,0,,0,0,0,0,0,0,0,0,0,0,0,,0
00-0014328,Frank Sanders,WR,1999,5,REG,1999_05_NYG_ARI,ARI,NYG,0,0,0,0,0,0,0,0,0,0,0,0,5,8,37,0,3,0,0,0,,0,0,0,0,0,0,0,0,0,0,0,,0
00-0014377,Todd Sauerbrun,P,1999,5,REG,1999_05_CHI_MIN,CHI,MIN,0,0,0,0,0,0,0,0,0,0,0,0,0,0,0,0,0,0,0,0,,0,0,0,0,0,0,0,0,5,184,164,46,1
00-0014450,Cory Schlesinger,FB,1999,5,REG,1999_05_SD_DET,DET,LAC,0,0,0,0,0,0,0,2,-5,0,0,1,0,1,0,0,0,0,0,0,,0,0,0,0,0,0,0,0,0,0,0,,0
00-0014489,Bill Schroeder,WR,1999,5,REG,1999_05_TB_GB,GB,TB,0,0,0,0,0,0,0,0,0,0,0,0,7,10,158,0,5,0,0,0,,0,0,0,0,0,0,0,0,0,0,0,,0
00-0014544,Darnay Scott,WR,1999,5,REG,1999_05_CIN_CLE,CIN,CLE,0,0,0,0,0,0,0,0,0,0,0,0,8,12,110,0,5,0,0,0,,0,0,0,0,0,0,0,0,0,0,0,,0
00-0014722,Shannon Sharpe,TE,1999,5,REG,1999_05_DEN_OAK,DEN,LV,0,0,0,0,0,0,0,0,0,0,0,0,0,3,0,0,0,0,0,0,,0,0,0,0,0,0,0,0,0,0,0,,0
00-0014759,Rashaan Shehee,RB,1999,5,REG,1999_05_NE_KC,KC,NE,0,0,0,0,0,0,0,5,28,0,1,0,0,0,0,0,0,0,0,0,,0,0,0,0,0,0,0,0,0,0,0,,0
00-0014775,Daimon Shelton,FB,1999,5,REG,1999_05_JAX_NYJ,JAX,NYJ,0,0,0,0,0,0,0,0,0,0,0,0,2,2,14,0,0,0,0,0,,0,0,0,0,0,0,0,0,0,0,0,,0
00-0014790,Leslie Shepherd,WR,1999,5,REG,1999_05_CIN_CLE,CLE,CIN,0,0,0,0,0,0,0,0,0,0,0,0,3,4,22,0,1,0,0,0,,0,0,0,0,0,0,0,0,0,0,0,,0
00-0014809,Paul Shields,RB,1999,5,REG,1999_05_MIA_IND,IND,MIA,0,0,0,0,0,0,0,0,0,0,0,0,1,1,3,0,0,0,0,0,,0,0,0,0,0,0,0,0,0,0,0,,0
00-0014918,Tony Simmons,WR,1999,5,REG,1999_05_NE_KC,NE,KC,0,0,0,0,0,0,0,0,0,0,0,0,7,10,107,0,5,0,0,0,,0,0,0,0,0,0,0,0,0,0,0,,0
00-0015048,David Sloan,TE,1999,5,REG,1999_05_SD_DET,DET,LAC,0,0,0,0,0,0,0,0,0,0,0,0,0,1,0,0,0,0,0,0,,0,0,0,0,0,0,0,0,0,0,0,,0
00-0015053,Scott Slutzker,TE,1999,5,REG,1999_05_ATL_NO,NO,ATL,0,0,0,0,0,0,0,0,0,0,0,0,2,4,14,0,0,0,0,0,,0,0,0,0,0,0,0,0,0,0,0,,0
00-0015063,Torrance Small,WR,1999,5,REG,1999_05_DAL_PHI,PHI,DAL,0,1,0,0,0,0,0,0,0,0,0,0,3,6,48,0,1,0,0,0,,0,0,0,0,0,0,0,0,0,0,0,,0
00-0015082,Akili Smith,QB,1999,5,REG,1999_05_CIN_CLE,CIN,CLE,25,41,221,2,0,4,-17,3,9,0,0,0,0,0,0,0,0,0,0,0,,0,0,0,0,0,0,0,0,0,0,0,,0
00-0015091,Antowain Smith,RB,1999,5,REG,1999_05_PIT_BUF,BUF,PIT,0,0,0,0,0,0,0,11,27,0,1,1,0,0,0,0,0,0,0,0,,0,0,0,0,0,0,0,0,0,0,0,,0
00-0015165,Emmitt Smith,RB,1999,5,REG,1999_05_DAL_PHI,DAL,PHI,0,0,0,0,0,0,0,30,114,0,9,1,5,6,31,1,1,0,0,0,,0,0,0,0,0,0,0,0,0,0,0,,0
00-0015194,Hunter Smith,P,1999,5,REG,1999_05_MIA_IND,IND,MIA,0,0,0,0,0,0,0,0,0,0,0,0,0,0,0,0,0,0,0,0,,0,0,0,0,0,0,0,0,2,74,46,38,0
00-0015218,Jimmy Smith,WR,1999,5,REG,1999_05_JAX_NYJ,JAX,NYJ,0,0,0,0,0,0,0,0,0,0,0,0,3,4,21,0,1,0,0,0,,0,0,0,0,0,0,0,0,0,0,0,,0
00-0015242,Lamar Smith,RB,1999,5,REG,1999_05_ATL_NO,NO,ATL,0,0,0,0,0,0,0,2,9,0,0,0,2,5,9,0,1,0,0,0,,0,0,0,0,0,0,0,0,0,0,0,,0
00-0015286,Robert Smith,RB,1999,5,REG,1999_05_CHI_MIN,MIN,CHI,0,0,0,0,0,0,0,12,107,0,4,0,1,2,-2,0,0,0,0,0,,0,0,0,0,0,0,0,0,0,0,0,,0
00-0015290,Rod Smith,WR,1999,5,REG,1999_05_DEN_OAK,DEN,LV,0,1,0,0,0,0,0,0,0,0,0,0,7,10,79,1,5,1,0,0,,0,0,0,0,0,0,0,0,0,0,0,,0
00-0015452,Blake Spence,TE,1999,5,REG,1999_05_JAX_NYJ,NYJ,JAX,0,0,0,0,0,0,0,0,0,0,0,0,0,2,0,0,0,0,0,0,,0,0,0,0,0,0,0,0,0,0,0,,0
00-0015523,Duce Staley,RB,1999,5,REG,1999_05_DAL_PHI,PHI,DAL,0,0,0,0,0,0,0,22,110,0,6,0,4,7,19,0,0,0,0,0,,0,0,0,0,0,0,0,0,0,0,0,,0
00-0015550,Chad Stanley,P,1999,5,REG,1999_05_SF_STL,SF,LA,0,0,0,0,0,0,0,0,0,0,0,0,0,0,0,0,0,0,0,0,,0,0,0,0,0,0,0,0,4,154,154,53,3
00-0015655,Tremayne Stephens,RB,1999,5,REG,1999_05_SD_DET,LAC,DET,0,0,0,0,0,0,0,3,4,1,1,0,0,0,0,0,0,0,0,0,,0,0,0,0,0,0,0,0,0,0,0,,0
00-0015698,James Stewart,RB,1999,5,REG,1999_05_JAX_NYJ,JAX,NYJ,0,0,0,0,0,0,0,26,96,1,8,1,2,3,11,0,0,0,0,0,,0,0,0,0,0,0,0,0,0,0,0,,0
00-0015700,Kordell Stewart,QB,1999,5,REG,1999_05_PIT_BUF,PIT,BUF,21,29,216,2,1,2,-9,3,11,0,1,0,0,0,0,0,0,0,0,0,,0,0,0,0,0,0,0,0,0,0,0,,0
00-0015723,Bryan Still,WR,1999,5,REG,1999_05_SD_DET,LAC,DET,0,0,0,0,0,0,0,0,0,0,0,0,2,7,40,0,2,0,0,0,,0,0,0,0,0,0,0,0,0,0,0,,0
00-0015751,J.J. Stokes,WR,1999,5,REG,1999_05_SF_STL,SF,LA,0,0,0,0,0,0,0,0,0,0,0,0,4,9,54,0,3,0,0,0,,0,0,0,0,0,0,0,0,0,0,0,,0
00-0015759,Dwight Stone,WR,1999,5,REG,1999_05_JAX_NYJ,NYJ,JAX,0,0,0,0,0,0,0,0,0,0,0,0,0,2,0,0,0,0,0,0,,0,0,0,0,0,0,0,0,0,0,0,,0
00-0015784,Matt Stover,K,1999,5,REG,1999_05_BAL_TEN,BAL,TEN,0,0,0,0,0,0,0,0,0,0,0,0,0,0,0,0,0,0,3,3,50,0,0,0,2,1,0,0,0,0,0,0,,0
00-0015791,Pete Stoyanovich,K,1999,5,REG,1999_05_NE_KC,KC,NE,0,0,0,0,0,0,0,0,0,0,0,0,0,0,0,0,0,0,3,3,41,0,2,0,1,0,0,1,1,0,0,0,,0
00-0015842,Dan Stryzinski,P,1999,5,REG,1999_05_ATL_NO,ATL,NO,0,0,0,0,0,0,0,0,0,0,0,0,0,0,0,0,0,0,0,0,,0,0,0,0,0,0,0,0,6,241,236,49,5
00-0016214,Yancey Thigpen,WR,1999,5,REG,1999_05_BAL_TEN,TEN,BAL,0,0,0,0,0,0,0,0,0,0,0,0,5,7,99,1,4,0,0,0,,0,0,0,0,0,0,0,0,0,0,0,,0
00-0016321,Rodney Thomas,RB,1999,5,REG,1999_05_BAL_TEN,TEN,BAL,0,0,0,0,0,0,0,2,1,0,0,0,0,0,0,0,0,0,0,0,,0,0,0,0,0,0,0,0,0,0,0,,0
00-0016347,Jeff Thomason,TE,1999,5,REG,1999_05_TB_GB,GB,TB,0,0,0,0,0,0,0,0,0,0,0,0,0,1,0,0,0,0,0,0,,0,0,0,0,0,0,0,0,0,0,0,,0
00-0016534,Billy Joe Tolliver,QB,1999,5,REG,1999_05_ATL_NO,NO,ATL,13,26,185,1,2,2,-19,3,9,0,1,0,0,0,0,0,0,0,0,0,,0,0,0,0,0,0,0,0,0,0,0,,0
00-0016550,Amani Toomer,WR,1999,5,REG,1999_05_NYG_ARI,NYG,ARI,0,0,0,0,0,0,0,0,0,0,0,0,5,12,34,0,1,0,0,0,,0,0,0,0,0,0,0,0,0,0,0,,0
00-0016654,Jason Tucker,WR,1999,5,REG,1999_05_DAL_PHI,DAL,PHI,0,0,0,0,0,0,0,0,0,0,0,0,1,4,6,0,1,0,0,0,,0,0,0,0,0,0,0,0,0,0,0,,0
00-0016683,Tom Tupa,P,1999,5,REG,1999_05_JAX_NYJ,NYJ,JAX,0,0,0,0,0,0,0,0,0,0,0,0,0,0,0,0,0,0,0,0,,0,0,0,0,0,0,0,0,7,316,291,60,3
00-0016753,Rick Tuten,P,1999,5,REG,1999_05_SF_STL,LA,SF,0,0,0,0,0,0,0,0,0,0,0,0,0,0,0,0,0,0,0,0,,0,0,0,0,0,0,0,0,2,61,61,35,1
00-0016830,Mike Vanderjagt,K,1999,5,REG,1999_05_MIA_IND,IND,MIA,0,0,0,0,0,0,0,0,0,0,0,0,0,0,0,0,0,0,1,1,41,0,0,0,1,0,0,4,4,0,0,0,,0
00-0016919,Adam Vinatieri,K,1999,5,REG,1999_05_NE_KC,NE,KC,0,0,0,0,0,0,0,0,0,0,0,0,0,0,0,0,0,0,0,2,,0,0,0,0,0,0,2,2,0,0,0,,0
00-0017027,Derrick Walker,TE,1999,5,REG,1999_05_DEN_OAK,LV,DEN,0,0,0,0,0,0,0,0,0,0,0,0,1,1,21,1,1,0,0,0,,0,0,0,0,0,0,0,0,0,0,0,,0
00-0017110,Chris Walsh,WR,1999,5,REG,1999_05_CHI_MIN,MIN,CHI,0,0,0,0,0,0,0,0,0,0,0,0,1,1,18,1,1,0,0,0,,0,0,0,0,0,0,0,0,0,0,0,,0
00-0017160,Dedric Ward,WR,1999,5,REG,1999_05_JAX_NYJ,NYJ,JAX,0,0,0,0,0,0,0,0,0,0,0,0,2,3,16,0,1,0,0,0,,0,0,0,0,0,0,0,0,0,0,0,,0
00-0017162,Hines Ward,WR,1999,5,REG,1999_05_PIT_BUF,PIT,BUF,0,0,0,0,0,0,0,1,-5,0,0,0,6,6,67,1,4,0,0,0,,0,0,0,0,0,0,0,0,0,0,0,,0
00-0017200,Kurt Warner,QB,1999,5,REG,1999_05_SF_STL,LA,SF,20,23,323,5,1,1,-9,1,10,0,1,0,0,0,0,0,0,0,0,0,,0,0,0,0,0,0,0,0,0,0,0,,0
00-0017209,Chris Warren,RB,1999,5,REG,1999_05_DAL_PHI,DAL,PHI,0,0,0,0,0,0,0,0,0,0,0,0,2,3,6,0,1,0,0,0,,0,0,0,0,0,0,0,0,0,0,0,,0
00-0017218,Lamont Warren,RB,1999,5,REG,1999_05_NE_KC,NE,KC,0,0,0,0,0,0,0,2,5,0,0,0,2,4,25,0,1,0,0,0,,0,0,0,0,0,0,0,0,0,0,0,,0
00-0017303,Justin Watson,RB,1999,5,REG,1999_05_SF_STL,LA,SF,0,0,0,0,0,0,0,11,46,0,1,0,0,0,0,0,0,0,0,0,,0,0,0,0,0,0,0,0,0,0,0,,0
00-0017337,Charles Way,FB,1999,5,REG,1999_05_NYG_ARI,NYG,ARI,0,0,0,0,0,0,0,5,10,0,0,0,3,3,17,0,1,0,0,0,,0,0,0,0,0,0,0,0,0,0,0,,0
00-0017356,Jed Weaver,TE,1999,5,REG,1999_05_DAL_PHI,PHI,DAL,0,0,0,0,0,0,0,0,0,0,0,0,1,1,3,0,0,0,0,0,,0,0,0,0,0,0,0,0,0,0,0,,0
00-0017480,Ryan Wetnight,TE,1999,5,REG,1999_05_CHI_MIN,CHI,MIN,0,0,0,0,0,0,0,0,0,0,0,0,2,3,26,0,2,0,0,0,,0,0,0,0,0,0,0,0,0,0,0,,0
00-0017486,Tyrone Wheatley,RB,1999,5,REG,1999_05_DEN_OAK,LV,DEN,0,0,0,0,0,0,0,11,30,0,2,0,2,2,15,0,1,0,0,0,,0,0,0,0,0,0,0,0,0,0,0,,0
00-0017693,Jeff Wilkins,K,1999,5,REG,1999_05_SF_STL,LA,SF,0,0,0,0,0,0,0,0,0,0,0,0,0,0,0,0,0,0,0,0,,0,0,0,0,0,0,6,6,0,0,0,,0
00-0017697,Terrence Wilkins,WR,1999,5,REG,1999_05_MIA_IND,IND,MIA,0,0,0,0,0,0,0,0,0,0,0,0,4,4,81,0,2,0,0,0,,0,0,0,0,0,0,0,0,0,0,0,,0
00-0017847,Karl Williams,WR,1999,5,REG,1999_05_TB_GB,TB,GB,0,0,0,0,0,0,0,0,0,0,0,0,1,3,7,0,1,0,0,0,,0,0,0,0,0,0,0,0,0,0,0,,0
00-0017915,Ricky Williams,RB,1999,5,REG,1999_05_ATL_NO,NO,ATL,0,0,0,0,0,0,0,19,53,0,3,0,3,4,16,0,0,0,0,0,,0,0,0,0,0,0,0,0,0,0,0,,0
00-0018141,Jon Witman,FB,1999,5,REG,1999_05_PIT_BUF,PIT,BUF,0,0,0,0,0,0,0,1,2,0,0,0,0,1,0,0,0,0,0,0,,0,0,0,0,0,0,0,0,0,0,0,,0
00-0018343,Frank Wycheck,TE,1999,5,REG,1999_05_BAL_TEN,TEN,BAL,0,0,0,0,0,0,0,0,0,0,0,0,4,7,19,0,2,0,0,0,,0,0,0,0,0,0,0,0,0,0,0,,0
00-0000098,Louie Aguiar,P,1999,6,REG,1999_06_GB_DEN,GB,DEN,0,0,0,0,0,0,0,0,0,0,0,0,0,0,0,0,0,0,0,0,,0,0,0,0,0,0,0,0,7,358,314,64,1
00-0000104,Troy Aikman,QB,1999,6,REG,1999_06_DAL_NYG,DAL,NYG,20,33,266,0,1,3,-16,1,0,0,0,0,0,0,0,0,0,0,0,0,,0,0,0,0,0,0,0,0,0,0,0,,0
00-0000166,Stephen Alexander,TE,1999,6,REG,1999_06_WAS_ARI,WAS,ARI,0,0,0,0,0,0,0,0,0,0,0,0,2,3,18,1,2,0,0,0,,0,0,0,0,0,0,0,0,0,0,0,,0
00-0000232,Terry Allen,RB,1999,6,REG,1999_06_MIA_NE,NE,MIA,0,0,0,0,0,0,0,10,19,0,0,0,2,2,18,0,1,1,0,0,,0,0,0,0,0,0,0,0,0,0,0,,0
00-0000242,John Allred,TE,1999,6,REG,1999_06_PHI_CHI,CHI,PHI,0,0,0,0,0,0,0,0,0,0,0,0,1,1,3,0,0,0,0,0,,0,0,0,0,0,0,0,0,0,0,0,,0
00-0000282,Morten Andersen,K,1999,6,REG,1999_06_STL_ATL,ATL,LA,0,0,0,0,0,0,0,0,0,0,0,0,0,0,0,0,0,0,2,2,25,1,1,0,0,0,0,1,1,0,0,0,,0
00-0000313,Gary Anderson,K,1999,6,REG,1999_06_MIN_DET,MIN,DET,0,0,0,0,0,0,0,0,0,0,0,0,0,0,0,0,0,0,1,1,26,0,1,0,0,0,0,2,2,0,0,0,,0
00-0000339,Richie Anderson,FB,1999,6,REG,1999_06_IND_NYJ,NYJ,IND,0,0,0,0,0,0,0,0,0,0,0,0,1,1,18,1,1,0,0,0,,0,0,0,0,0,0,0,0,0,0,0,,0
00-0000400,Leo Araguz,P,1999,6,REG,1999_06_OAK_BUF,LV,BUF,0,0,0,0,0,0,0,0,0,0,0,0,0,0,0,0,0,0,0,0,,0,0,0,0,0,0,0,0,6,250,199,47,0
00-0000541,John Avery,RB,1999,6,REG,1999_06_GB_DEN,DEN,GB,0,0,0,0,0,0,0,2,6,0,1,0,1,2,11,0,1,0,0,0,,0,0,0,0,0,0,0,0,0,0,0,,0
00-0000721,Tavian Banks,RB,1999,6,REG,1999_06_CLE_JAX,JAX,CLE,0,0,0,0,0,0,0,1,1,0,0,0,5,6,40,0,3,0,0,0,,0,0,0,0,0,0,0,0,0,0,0,,0
00-0000745,Tiki Barber,RB,1999,6,REG,1999_06_DAL_NYG,NYG,DAL,0,0,0,0,0,0,0,10,35,0,2,0,5,6,73,0,1,0,0,0,,0,0,0,0,0,0,0,0,0,0,0,,0
00-0000754,Bryan Barker,P,1999,6,REG,1999_06_CLE_JAX,JAX,CLE,0,0,0,0,0,0,0,0,0,0,0,0,0,0,0,0,0,0,0,0,,0,0,0,0,0,0,0,0,4,176,158,56,2
00-0000811,Tommy Barnhardt,P,1999,6,REG,1999_06_TEN_NO,NO,TEN,0,0,0,0,0,0,0,0,0,0,0,0,0,0,0,0,0,0,0,0,,0,0,0,0,0,0,0,0,5,190,184,44,1
00-0000856,Michael Basnight,RB,1999,6,REG,1999_06_PIT_CIN,CIN,PIT,0,0,0,0,0,0,0,1,-1,0,0,0,0,0,0,0,0,0,0,0,,0,0,0,0,0,0,0,0,0,0,0,,0
00-0000865,Charlie Batch,QB,1999,6,REG,1999_06_MIN_DET,DET,MIN,9,16,70,0,0,1,-1,0,0,0,0,0,0,0,0,0,0,0,0,0,,0,0,0,0,0,0,0,0,0,0,0,,0
00-0000869,D'Wayne Bates,WR,1999,6,REG,1999_06_PHI_CHI,CHI,PHI,0,0,0,0,0,0,0,0,0,0,0,0,0,1,0,0,0,0,0,0,,0,0,0,0,0,0,0,0,0,0,0,,0
00-0000883,Marco Battaglia,TE,1999,6,REG,1999_06_PIT_CIN,CIN,PIT,0,0,0,0,0,0,0,0,0,0,0,0,2,4,15,0,1,0,0,0,,0,0,0,0,0,0,0,0,0,0,0,,0
00-0000911,Fred Baxter,TE,1999,6,REG,1999_06_IND_NYJ,NYJ,IND,0,0,0,0,0,0,0,0,0,0,0,0,1,1,3,0,1,0,0,0,,0,0,0,0,0,0,0,0,0,0,0,,0
00-0000942,Fred Beasley,FB,1999,6,REG,1999_06_CAR_SF,SF,CAR,0,0,0,0,0,0,0,1,-3,0,0,0,4,7,46,0,3,0,0,0,,0,0,0,0,0,0,0,0,0,0,0,,0
00-0000969,Brett Bech,WR,1999,6,REG,1999_06_TEN_NO,NO,TEN,0,0,0,0,0,0,0,0,0,0,0,0,1,1,15,0,1,0,0,0,,0,0,0,0,0,0,0,0,0,0,0,,0
00-0001101,Darren Bennett,P,1999,6,REG,1999_06_SEA_SD,LAC,SEA,0,0,0,0,0,0,0,0,0,0,0,0,0,0,0,0,0,0,0,0,,0,0,0,0,0,0,0,0,5,235,212,57,2
00-0001103,Edgar Bennett,RB,1999,6,REG,1999_06_PHI_CHI,CHI,PHI,0,0,0,0,0,0,0,0,0,0,0,0,3,3,22,0,1,0,0,0,,0,0,0,0,0,0,0,0,0,0,0,,0
00-0001157,Mitch Berger,P,1999,6,REG,1999_06_MIN_DET,MIN,DET,0,0,0,0,0,0,0,0,0,0,0,0,0,0,0,0,0,0,0,0,,0,0,0,0,0,0,0,0,2,89,74,48,0
00-0001215,Jerome Bettis,RB,1999,6,REG,1999_06_PIT_CIN,PIT,CIN,0,0,0,0,0,0,0,26,111,2,10,0,1,2,4,0,0,0,0,0,,0,0,0,0,0,0,0,0,0,0,0,,0
00-0001218,Steve Beuerlein,QB,1999,6,REG,1999_06_CAR_SF,CAR,SF,23,36,300,4,3,2,-18,1,4,0,0,0,0,0,0,0,0,0,0,0,,0,0,0,0,0,0,0,0,0,0,0,,0
00-0001224,Tim Biakabutuka,RB,1999,6,REG,1999_06_CAR_SF,CAR,SF,0,0,0,0,0,0,0,20,83,0,4,1,1,3,0,0,0,0,0,0,,0,0,0,0,0,0,0,0,0,0,0,,0
00-0001317,Will Blackwell,WR,1999,6,REG,1999_06_PIT_CIN,PIT,CIN,0,0,0,0,0,0,0,0,0,0,0,0,3,4,24,0,2,0,0,0,,0,0,0,0,0,0,0,0,0,0,0,,0
00-0001361,Drew Bledsoe,QB,1999,6,REG,1999_06_MIA_NE,NE,MIA,17,36,225,1,1,2,-12,1,6,0,0,0,0,0,0,0,0,0,0,0,,0,0,0,0,0,0,0,0,0,0,0,,0
00-0001460,Chris Boniol,K,1999,6,REG,1999_06_PHI_CHI,CHI,PHI,0,0,0,0,0,0,0,0,0,0,0,0,0,0,0,0,0,0,3,4,46,0,0,0,3,0,0,1,1,0,0,0,,0
00-0001532,David Boston,WR,1999,6,REG,1999_06_WAS_ARI,ARI,WAS,0,0,0,0,0,0,0,1,-8,0,0,0,3,4,44,0,3,0,0,0,,0,0,0,0,0,0,0,0,0,0,0,,0
00-0001627,Corey Bradford,WR,1999,6,REG,1999_06_GB_DEN,GB,DEN,0,0,0,0,0,0,0,0,0,0,0,0,1,2,54,0,1,0,0,0,,0,0,0,0,0,0,0,0,0,0,0,,0
00-0001661,Kyle Brady,TE,1999,6,REG,1999_06_CLE_JAX,JAX,CLE,0,0,0,0,0,0,0,0,0,0,0,0,2,2,21,1,2,0,0,0,,0,0,0,0,0,0,0,0,0,0,0,,0
00-0001752,Will Brice,P,1999,6,REG,1999_06_PIT_CIN,CIN,PIT,0,0,0,0,0,0,0,0,0,0,0,0,0,0,0,0,0,0,0,0,,0,0,0,0,0,0,0,0,6,219,189,44,1
00-0001759,Doug Brien,K,1999,6,REG,1999_06_TEN_NO,NO,TEN,0,0,0,0,0,0,0,0,0,0,0,0,0,0,0,0,0,0,2,2,42,0,1,0,1,0,0,1,1,0,0,0,,0
00-0001783,Vincent Brisby,WR,1999,6,REG,1999_06_MIA_NE,NE,MIA,0,0,0,0,0,0,0,0,0,0,0,0,3,4,68,0,2,0,0,0,,0,0,0,0,0,0,0,0,0,0,0,,0
00-0001842,Macey Brooks,WR,1999,6,REG,1999_06_PHI_CHI,CHI,PHI,0,0,0,0,0,0,0,0,0,0,0,0,0,2,0,0,0,0,0,0,,0,0,0,0,0,0,0,0,0,0,0,,0
00-0001862,Luther Broughton,TE,1999,6,REG,1999_06_PHI_CHI,PHI,CHI,0,0,0,0,0,0,0,0,0,0,0,0,2,3,18,1,2,0,0,0,,0,0,0,0,0,0,0,0,0,0,0,,0
00-0001907,Dave Brown,QB,1999,6,REG,1999_06_WAS_ARI,ARI,WAS,8,20,117,1,1,0,0,1,6,0,0,0,0,0,0,0,0,0,0,0,,0,0,0,0,0,0,0,0,0,0,0,,0
00-0001938,Gary Brown,RB,1999,6,REG,1999_06_DAL_NYG,NYG,DAL,0,0,0,0,0,0,0,10,23,0,1,0,0,0,0,0,0,0,0,0,,0,0,0,0,0,0,0,0,0,0,0,,0
00-0001980,Kris Brown,K,1999,6,REG,1999_06_PIT_CIN,PIT,CIN,0,0,0,0,0,0,0,0,0,0,0,0,0,0,0,0,0,0,1,1,43,0,0,0,1,0,0,2,2,0,0,0,,0
00-0002005,Na Brown,WR,1999,6,REG,1999_06_PHI_CHI,PHI,CHI,0,0,0,0,0,0,0,0,0,0,0,0,1,2,12,0,1,0,0,0,,0,0,0,0,0,0,0,0,0,0,0,,0
00-0002027,Reggie Brown,FB,1999,6,REG,1999_06_SEA_SD,SEA,LAC,0,0,0,0,0,0,0,4,7,0,0,0,2,2,9,0,1,0,0,0,,0,0,0,0,0,0,0,0,0,0,0,,0
00-0002058,Tim Brown,WR,1999,6,REG,1999_06_OAK_BUF,LV,BUF,0,0,0,0,0,0,0,0,0,0,0,0,3,6,47,0,2,0,0,0,,0,0,0,0,0,0,0,0,0,0,0,,0
00-0002099,Isaac Bruce,WR,1999,6,REG,1999_06_STL_ATL,LA,ATL,0,0,0,0,0,0,0,0,0,0,0,0,6,8,48,1,3,0,0,0,,0,0,0,0,0,0,0,0,0,0,0,,0
00-0002110,Mark Brunell,QB,1999,6,REG,1999_06_CLE_JAX,JAX,CLE,12,19,109,0,0,0,0,2,8,0,1,0,0,0,0,0,0,0,0,0,,0,0,0,0,0,0,0,0,0,0,0,,0
00-0002459,Kenny Bynum,RB,1999,6,REG,1999_06_SEA_SD,LAC,SEA,0,0,0,0,0,0,0,2,16,0,1,0,0,0,0,0,0,0,0,0,,0,0,0,0,0,0,0,0,0,0,0,,0
00-0002469,Isaac Byrd,WR,1999,6,REG,1999_06_TEN_NO,TEN,NO,0,0,0,0,0,0,0,0,0,0,0,0,1,1,4,0,0,0,0,0,,0,0,0,0,0,0,0,0,0,0,0,,0
00-0002544,Chris Calloway,WR,1999,6,REG,1999_06_STL_ATL,ATL,LA,0,0,0,0,0,0,0,0,0,0,0,0,2,4,19,0,1,0,0,0,,0,0,0,0,0,0,0,0,0,0,0,,0
00-0002655,John Carney,K,1999,6,REG,1999_06_SEA_SD,LAC,SEA,0,0,0,0,0,0,0,0,0,0,0,0,0,0,0,0,0,0,2,3,41,0,1,0,1,0,0,1,1,0,0,0,,0
00-0002701,Rae Carruth,WR,1999,6,REG,1999_06_CAR_SF,CAR,SF,0,0,0,0,0,0,0,0,0,0,0,0,1,2,13,0,1,0,0,0,,0,0,0,0,0,0,0,0,0,0,0,,0
00-0002709,Dwayne Carswell,OT,1999,6,REG,1999_06_GB_DEN,DEN,GB,0,0,0,0,0,0,0,0,0,0,0,0,2,2,17,0,2,0,0,0,,0,0,0,0,0,0,0,0,0,0,0,,0
00-0002721,Cris Carter,WR,1999,6,REG,1999_06_MIN_DET,MIN,DET,0,0,0,0,0,0,0,0,0,0,0,0,4,6,45,1,3,0,0,0,,0,0,0,0,0,0,0,0,0,0,0,,0
00-0002846,Larry Centers,FB,1999,6,REG,1999_06_WAS_ARI,WAS,ARI,0,0,0,0,0,0,0,3,18,0,2,0,5,5,34,0,1,0,0,0,,0,0,0,0,0,0,0,0,0,0,0,,0
00-0002861,Byron Chamberlain,TE,1999,6,REG,1999_06_GB_DEN,DEN,GB,0,0,0,0,0,0,0,0,0,0,0,0,3,6,123,0,2,0,0,0,,0,0,0,0,0,0,0,0,0,0,0,,0
00-0002876,Chris Chandler,QB,1999,6,REG,1999_06_STL_ATL,ATL,LA,10,18,168,1,1,2,-15,1,4,0,0,0,0,0,0,0,0,0,0,0,,0,0,0,0,0,0,0,0,0,0,0,,0
00-0002942,Darrin Chiaverini,WR,1999,6,REG,1999_06_CLE_JAX,CLE,JAX,0,0,0,0,0,0,0,0,0,0,0,0,5,7,45,0,3,0,0,0,,0,0,0,0,0,0,0,0,0,0,0,,0
00-0002962,Wayne Chrebet,WR,1999,6,REG,1999_06_IND_NYJ,NYJ,IND,0,0,0,0,0,0,0,0,0,0,0,0,5,12,51,0,3,0,0,0,,0,0,0,0,0,0,0,0,0,0,0,,0
00-0002970,Bob Christian,FB,1999,6,REG,1999_06_STL_ATL,ATL,LA,0,0,0,0,0,0,0,3,-2,0,1,0,3,6,31,1,2,0,0,0,,0,0,0,0,0,0,0,0,0,0,0,,0
00-0002975,Steve Christie,K,1999,6,REG,1999_06_OAK_BUF,BUF,LV,0,0,0,0,0,0,0,0,0,0,0,0,0,0,0,0,0,0,0,0,,0,0,0,0,0,0,2,2,0,0,0,,0
00-0003035,Desmond Clark,TE,1999,6,REG,1999_06_GB_DEN,DEN,GB,0,0,0,0,0,0,0,0,0,0,0,0,1,1,5,0,0,0,0,0,,0,0,0,0,0,0,0,0,0,0,0,,0
00-0003039,Greg Clark,TE,1999,6,REG,1999_06_CAR_SF,SF,CAR,0,0,0,0,0,0,0,0,0,0,0,0,5,7,43,0,4,0,0,0,,0,0,0,0,0,0,0,0,0,0,0,,0
00-0003103,Cameron Cleeland,TE,1999,6,REG,1999_06_TEN_NO,NO,TEN,0,0,0,0,0,0,0,0,0,0,0,0,7,7,84,0,4,0,0,0,,0,0,0,0,0,0,0,0,0,0,0,,0
00-0003142,Ben Coates,TE,1999,6,REG,1999_06_MIA_NE,NE,MIA,0,0,0,0,0,0,0,0,0,0,0,0,2,6,8,0,0,0,0,0,,0,0,0,0,0,0,0,0,0,0,0,,0
00-0003175,Mac Cody,WR,1999,6,REG,1999_06_WAS_ARI,ARI,WAS,0,0,0,0,0,0,0,0,0,0,0,0,1,2,16,0,1,0,0,0,,0,0,0,0,0,0,0,0,0,0,0,,0
00-0003271,Cecil Collins,RB,1999,6,REG,1999_06_MIA_NE,MIA,NE,0,0,0,0,0,0,0,20,59,0,3,0,1,2,5,0,0,0,0,0,,0,0,0,0,0,0,0,0,0,0,0,,0
00-0003378,Albert Connell,WR,1999,6,REG,1999_06_WAS_ARI,WAS,ARI,0,0,0,0,0,0,0,0,0,0,0,0,8,14,110,0,7,0,0,0,,0,0,0,0,0,0,0,0,0,0,0,,0
00-0003395,Brett Conway,K,1999,6,REG,1999_06_WAS_ARI,WAS,ARI,0,0,0,0,0,0,0,0,0,0,0,0,0,0,0,0,0,0,1,2,36,0,0,1,0,0,0,3,3,0,0,0,,0
00-0003441,Andre Cooper,WR,1999,6,REG,1999_06_GB_DEN,DEN,GB,0,0,0,0,0,0,0,0,0,0,0,0,0,1,0,0,0,0,0,0,,0,0,0,0,0,0,0,0,0,0,0,,0
00-0003535,Tim Couch,QB,1999,6,REG,1999_06_CLE_JAX,CLE,JAX,18,23,161,1,0,4,-31,2,36,0,2,0,0,0,0,0,0,0,0,0,,0,0,0,0,0,0,0,0,0,0,0,,0
00-0003610,Aaron Craver,FB,1999,6,REG,1999_06_TEN_NO,NO,TEN,0,0,0,0,0,0,0,0,0,0,0,0,4,7,22,0,0,0,0,0,,0,0,0,0,0,0,0,0,0,0,0,,0
00-0003663,Zack Crockett,RB,1999,6,REG,1999_06_OAK_BUF,LV,BUF,0,0,0,0,0,0,0,7,4,0,2,0,0,0,0,0,0,0,0,0,,0,0,0,0,0,0,0,0,0,0,0,,0
00-0003700,Germane Crowell,WR,1999,6,REG,1999_06_MIN_DET,DET,MIN,0,0,0,0,0,0,0,1,2,0,0,0,8,9,61,0,3,0,0,0,,0,0,0,0,0,0,0,0,0,0,0,,0
00-0003761,Randall Cunningham,QB,1999,6,REG,1999_06_MIN_DET,MIN,DET,10,15,78,0,1,3,-14,0,0,0,0,0,0,0,0,0,0,0,0,0,,0,0,0,0,0,0,0,0,0,0,0,,0
00-0003762,Richie Cunningham,K,1999,6,REG,1999_06_DAL_NYG,DAL,NYG,0,0,0,0,0,0,0,0,0,0,0,0,0,0,0,0,0,0,1,3,38,0,0,1,0,0,0,1,1,0,0,0,,0
00-0003841,Brad Daluiso,K,1999,6,REG,1999_06_DAL_NYG,NYG,DAL,0,0,0,0,0,0,0,0,0,0,0,0,0,0,0,0,0,0,2,2,27,0,2,0,0,0,0,1,1,0,0,0,,0
00-0004052,Stephen Davis,RB,1999,6,REG,1999_06_WAS_ARI,WAS,ARI,0,0,0,0,0,0,0,18,91,0,3,0,1,2,2,0,1,0,0,0,,0,0,0,0,0,0,0,0,0,0,0,,0
00-0004063,Tyrone Davis,TE,1999,6,REG,1999_06_GB_DEN,GB,DEN,0,0,0,0,0,0,0,0,0,0,0,0,1,1,16,0,1,0,0,0,,0,0,0,0,0,0,0,0,0,0,0,,0
00-0004077,Sean Dawkins,WR,1999,6,REG,1999_06_SEA_SD,SEA,LAC,0,0,0,0,0,0,0,0,0,0,0,0,1,1,13,0,1,0,0,0,,0,0,0,0,0,0,0,0,0,0,0,,0
00-0004091,Phil Dawson,K,1999,6,REG,1999_06_CLE_JAX,CLE,JAX,0,0,0,0,0,0,0,0,0,0,0,0,0,0,0,0,0,0,0,0,,0,0,0,0,0,0,1,1,0,0,0,,0
00-0004147,Al Del Greco,K,1999,6,REG,1999_06_TEN_NO,TEN,NO,0,0,0,0,0,0,0,0,0,0,0,0,0,0,0,0,0,0,1,2,19,1,0,0,0,0,0,3,3,0,0,0,,0
00-0004294,Ken Dilger,TE,1999,6,REG,1999_06_IND_NYJ,IND,NYJ,0,0,0,0,0,0,0,0,0,0,0,0,4,4,59,0,3,0,0,0,,0,0,0,0,0,0,0,0,0,0,0,,0
00-0004304,Corey Dillon,RB,1999,6,REG,1999_06_PIT_CIN,CIN,PIT,0,0,0,0,0,0,0,16,78,0,3,0,2,3,24,0,0,0,0,0,,0,0,0,0,0,0,0,0,0,0,0,,0
00-0004524,Troy Drayton,TE,1999,6,REG,1999_06_MIA_NE,MIA,NE,0,0,0,0,0,0,0,0,0,0,0,0,4,5,49,0,1,0,0,0,,0,0,0,0,0,0,0,0,0,0,0,,0
00-0004574,Rickey Dudley,TE,1999,6,REG,1999_06_OAK_BUF,LV,BUF,0,0,0,0,0,0,0,0,0,0,0,0,0,1,0,0,0,0,0,0,,0,0,0,0,0,0,0,0,0,0,0,,0
00-0004634,David Dunn,WR,1999,6,REG,1999_06_CLE_JAX,CLE,JAX,0,0,0,0,0,0,0,0,0,0,0,0,1,1,4,0,1,0,0,0,,0,0,0,0,0,0,0,0,0,0,0,,0
00-0004673,Tim Dwight,WR,1999,6,REG,1999_06_STL_ATL,ATL,LA,0,0,0,0,0,0,0,1,9,0,0,0,2,3,56,0,2,0,0,0,,0,0,0,0,0,0,0,0,0,0,0,,0
00-0004694,Kevin Dyson,WR,1999,6,REG,1999_06_TEN_NO,TEN,NO,0,0,0,0,0,0,0,1,3,0,0,0,3,6,41,1,3,0,0,0,,0,0,0,0,0,0,0,0,0,0,0,,0
00-0004705,Quinn Early,WR,1999,6,REG,1999_06_IND_NYJ,NYJ,IND,0,0,0,0,0,0,0,0,0,0,0,0,1,1,9,0,0,0,0,0,,0,0,0,0,0,0,0,0,0,0,0,,0
00-0004768,Marc Edwards,FB,1999,6,REG,1999_06_CLE_JAX,CLE,JAX,0,0,0,0,0,0,0,2,5,0,0,0,3,4,35,0,2,0,0,0,,0,0,0,0,0,0,0,0,0,0,0,,0
00-0004780,Troy Edwards,WR,1999,6,REG,1999_06_PIT_CIN,PIT,CIN,0,0,0,0,0,0,0,0,0,0,0,0,4,9,58,0,3,0,0,0,,0,0,0,0,0,0,0,0,0,0,0,,0
00-0004811,Jason Elam,K,1999,6,REG,1999_06_GB_DEN,DEN,GB,0,0,0,0,0,0,0,0,0,0,0,0,0,0,0,0,0,0,1,2,20,0,1,0,0,0,0,4,4,0,0,0,,0
00-0004915,Bobby Engram,WR,1999,6,REG,1999_06_PHI_CHI,CHI,PHI,0,0,0,0,0,0,0,0,0,0,0,0,6,12,59,0,3,0,0,0,,0,0,0,0,0,0,0,0,0,0,0,,0
00-0004916,Curtis Enis,RB,1999,6,REG,1999_06_PHI_CHI,CHI,PHI,0,0,0,0,0,0,0,24,86,0,3,0,0,0,0,0,0,0,0,0,,0,0,0,0,0,0,0,0,0,0,0,,0
00-0005060,Chad Fann,TE,1999,6,REG,1999_06_CAR_SF,SF,CAR,0,0,0,0,0,0,0,0,0,0,0,0,1,1,6,0,0,1,0,0,,0,0,0,0,0,0,0,0,0,0,0,,0
00-0005091,Kevin Faulk,RB,1999,6,REG,1999_06_MIA_NE,NE,MIA,0,0,0,0,0,0,0,2,3,0,0,0,0,0,0,0,0,0,0,0,,0,0,0,0,0,0,0,0,0,0,0,,0
00-0005092,Marshall Faulk,RB,1999,6,REG,1999_06_STL_ATL,LA,ATL,0,0,0,0,0,0,0,18,181,1,8,0,3,4,32,0,1,0,0,0,,0,0,0,0,0,0,0,0,0,0,0,,0
00-0005101,Christian Fauria,TE,1999,6,REG,1999_06_SEA_SD,SEA,LAC,0,0,0,0,0,0,0,0,0,0,0,0,4,5,60,0,2,0,0,0,,0,0,0,0,0,0,0,0,0,0,0,,0
00-0005106,Brett Favre,QB,1999,6,REG,1999_06_GB_DEN,GB,DEN,7,23,120,0,3,1,-8,1,9,0,0,0,0,0,0,0,0,0,0,0,,0,0,0,0,0,0,0,0,0,0,0,,0
00-0005113,Jeff Feagles,P,1999,6,REG,1999_06_SEA_SD,SEA,LAC,0,0,0,0,0,0,0,0,0,0,0,0,0,0,0,0,0,0,0,0,,0,0,0,0,0,0,0,0,8,331,281,52,3
00-0005180,Jay Fiedler,QB,1999,6,REG,1999_06_CLE_JAX,JAX,CLE,12,14,113,1,0,0,0,3,27,0,1,0,0,0,0,0,0,0,0,0,,0,0,0,0,0,0,0,0,0,0,0,,0
00-0005324,Terrell Fletcher,RB,1999,6,REG,1999_06_SEA_SD,LAC,SEA,0,0,0,0,0,0,0,2,-2,0,0,0,6,8,57,0,3,0,0,0,,0,0,0,0,0,0,0,0,0,0,0,,0
00-0005361,William Floyd,FB,1999,6,REG,1999_06_CAR_SF,CAR,SF,0,0,0,0,0,0,0,2,3,0,0,0,1,1,9,0,0,0,0,0,,0,0,0,0,0,0,0,0,0,0,0,,0
00-0005363,Doug Flutie,QB,1999,6,REG,1999_06_OAK_BUF,BUF,LV,19,41,210,1,3,1,-9,3,23,0,2,0,0,0,0,0,0,0,0,0,,0,0,0,0,0,0,0,0,0,0,0,,0
00-0005562,Antonio Freeman,WR,1999,6,REG,1999_06_GB_DEN,GB,DEN,0,0,0,0,0,0,0,0,0,0,0,0,1,8,9,0,0,0,0,0,,0,0,0,0,0,0,0,0,0,0,0,,0
00-0005589,Gus Frerotte,QB,1999,6,REG,1999_06_MIN_DET,DET,MIN,15,24,140,0,0,3,-20,1,4,0,0,0,0,0,0,0,0,0,0,0,,0,0,0,0,0,0,0,0,0,0,0,,0
00-0005616,Irving Fryar,WR,1999,6,REG,1999_06_WAS_ARI,WAS,ARI,0,0,0,0,0,0,0,0,0,0,0,0,2,3,20,0,2,0,0,0,,0,0,0,0,0,0,0,0,0,0,0,,0
00-0005668,Oronde Gadsden,WR,1999,6,REG,1999_06_MIA_NE,MIA,NE,0,0,0,0,0,0,0,0,0,0,0,0,1,5,4,0,0,0,0,0,,0,0,0,0,0,0,0,0,0,0,0,,0
00-0005741,Rich Gannon,QB,1999,6,REG,1999_06_OAK_BUF,LV,BUF,15,22,155,0,0,2,-7,4,22,0,1,0,0,0,0,0,0,0,0,0,,0,0,0,0,0,0,0,0,0,0,0,,0
00-0005755,Jeff Garcia,QB,1999,6,REG,1999_06_CAR_SF,SF,CAR,22,45,236,1,0,2,-19,4,24,0,0,0,0,0,0,0,0,0,0,0,,0,0,0,0,0,0,0,0,0,0,0,,0
00-0005771,Chris Gardocki,P,1999,6,REG,1999_06_CLE_JAX,CLE,JAX,0,0,0,0,0,0,0,0,0,0,0,0,0,0,0,0,0,0,0,0,,0,0,0,0,0,0,0,0,7,248,187,54,1
00-0005779,Charlie Garner,RB,1999,6,REG,1999_06_CAR_SF,SF,CAR,0,0,0,0,0,1,-8,16,85,0,4,0,3,4,24,0,2,0,0,0,,0,0,0,0,0,0,0,0,0,0,0,,0
00-0005816,Olandis Gary,RB,1999,6,REG,1999_06_GB_DEN,DEN,GB,0,0,0,0,0,0,0,37,124,1,8,0,2,3,26,0,1,0,0,0,,0,0,0,0,0,0,0,0,0,0,0,,0
00-0005883,Eddie George,RB,1999,6,REG,1999_06_TEN_NO,TEN,NO,0,0,0,0,0,0,0,28,155,0,7,0,1,2,12,0,1,0,0,0,,0,0,0,0,0,0,0,0,0,0,0,,0
00-0005885,Jeff George,QB,1999,6,REG,1999_06_MIN_DET,MIN,DET,10,12,214,2,1,2,-11,0,0,0,0,0,0,0,0,0,0,0,0,0,,0,0,0,0,0,0,0,0,0,0,0,,0
00-0006043,Terry Glenn,WR,1999,6,REG,1999_06_MIA_NE,NE,MIA,0,0,0,0,0,0,0,0,0,0,0,0,0,5,0,0,0,0,0,0,,0,0,0,0,0,0,0,0,0,0,0,,0
00-0006047,Andrew Glover,TE,1999,6,REG,1999_06_MIN_DET,MIN,DET,0,0,0,0,0,0,0,0,0,0,0,0,2,3,42,0,1,0,0,0,,0,0,0,0,0,0,0,0,0,0,0,,0
00-0006181,Toby Gowin,P,1999,6,REG,1999_06_DAL_NYG,DAL,NYG,0,0,0,0,0,0,0,0,0,0,0,0,0,0,0,0,0,0,0,0,,0,0,0,0,0,0,0,0,5,242,119,64,0
00-0006210,Jeff Graham,WR,1999,6,REG,1999_06_SEA_SD,LAC,SEA,0,0,0,0,0,0,0,0,0,0,0,0,6,8,92,0,3,0,0,0,,0,0,0,0,0,0,0,0,0,0,0,,0
00-0006212,Kent Graham,QB,1999,6,REG,1999_06_DAL_NYG,NYG,DAL,15,21,183,0,0,5,-30,7,10,0,1,0,0,0,0,0,0,0,0,0,,0,0,0,0,0,0,0,0,0,0,0,,0
00-0006299,Tony Graziani,QB,1999,6,REG,1999_06_STL_ATL,ATL,LA,10,18,126,0,1,2,-9,0,0,0,0,0,0,0,0,0,0,0,0,0,,0,0,0,0,0,0,0,0,0,0,0,,0
00-0006322,E.G. Green,WR,1999,6,REG,1999_06_IND_NYJ,IND,NYJ,0,0,0,0,0,0,0,0,0,0,0,0,0,1,0,0,0,0,0,0,,0,0,0,0,0,0,0,0,0,0,0,,0
00-0006423,Brian Griese,QB,1999,6,REG,1999_06_GB_DEN,DEN,GB,19,31,363,2,1,0,0,5,-4,1,1,0,0,0,0,0,0,0,0,0,,0,0,0,0,0,0,0,0,0,0,0,,0
00-0006431,Damon Griffin,WR,1999,6,REG,1999_06_PIT_CIN,CIN,PIT,0,0,0,0,0,0,0,0,0,0,0,0,4,7,46,0,2,0,0,0,,0,0,0,0,0,0,0,0,0,0,0,,0
00-0006456,Howard Griffith,RB,1999,6,REG,1999_06_GB_DEN,DEN,GB,0,0,0,0,0,0,0,7,25,0,1,0,1,2,8,0,1,0,0,0,,0,0,0,0,0,0,0,0,0,0,0,,0
00-0006482,Clif Groce,FB,1999,6,REG,1999_06_PIT_CIN,CIN,PIT,0,0,0,0,0,0,0,0,0,0,0,0,2,3,11,0,0,0,0,0,,0,0,0,0,0,0,0,0,0,0,0,,0
00-0006662,John Hall,K,1999,6,REG,1999_06_IND_NYJ,NYJ,IND,0,0,0,0,0,0,0,0,0,0,0,0,0,0,0,0,0,0,2,3,45,0,0,1,1,0,0,1,1,0,0,0,,0
00-0006800,Jason Hanson,K,1999,6,REG,1999_06_MIN_DET,DET,MIN,0,0,0,0,0,0,0,0,0,0,0,0,0,0,0,0,0,0,6,7,49,0,2,1,3,0,0,1,1,0,0,0,,0
00-0006803,Byron Hanspard,RB,1999,6,REG,1999_06_STL_ATL,ATL,LA,0,0,0,0,0,0,0,5,3,0,0,0,1,1,23,0,1,0,0,0,,0,0,0,0,0,0,0,0,0,0,0,,0
00-0006848,Terry Hardy,TE,1999,6,REG,1999_06_WAS_ARI,ARI,WAS,0,0,0,0,0,0,0,0,0,0,0,0,1,3,7,0,0,0,0,0,,0,0,0,0,0,0,0,0,0,0,0,,0
00-0006977,Mark Harris,WR,1999,6,REG,1999_06_CAR_SF,SF,CAR,0,0,0,0,0,0,0,0,0,0,0,0,1,3,5,0,0,0,0,0,,0,0,0,0,0,0,0,0,0,0,0,,0
00-0007024,Marvin Harrison,WR,1999,6,REG,1999_06_IND_NYJ,IND,NYJ,0,0,0,0,0,0,0,0,0,0,0,0,6,10,40,0,2,0,0,0,,0,0,0,0,0,0,0,0,0,0,0,,0
00-0007093,Andre Hastings,WR,1999,6,REG,1999_06_TEN_NO,NO,TEN,0,0,0,0,0,0,0,0,0,0,0,0,1,2,42,0,1,0,0,0,,0,0,0,0,0,0,0,0,0,0,0,,0
00-0007120,Courtney Hawkins,WR,1999,6,REG,1999_06_PIT_CIN,PIT,CIN,0,0,0,0,0,0,0,0,0,0,0,0,3,5,17,0,1,0,0,0,,0,0,0,0,0,0,0,0,0,0,0,,0
00-0007308,Craig Hentrich,P,1999,6,REG,1999_06_TEN_NO,TEN,NO,0,0,0,0,0,0,0,0,0,0,0,0,0,0,0,0,0,0,0,0,,0,0,0,0,0,0,0,0,5,241,201,58,3
00-0007387,Robert Hicks,OT,1999,6,REG,1999_06_OAK_BUF,BUF,LV,0,0,0,0,0,0,0,0,0,0,0,0,1,1,-6,0,0,0,0,0,,0,0,0,0,0,0,0,0,0,0,0,,0
00-0007389,Skip Hicks,RB,1999,6,REG,1999_06_WAS_ARI,WAS,ARI,0,0,0,0,0,0,0,9,45,1,1,0,1,2,13,0,1,0,0,0,,0,0,0,0,0,0,0,0,0,0,0,,0
00-0007436,Greg Hill,RB,1999,6,REG,1999_06_MIN_DET,DET,MIN,0,0,0,0,0,0,0,11,67,0,3,0,2,2,15,0,0,0,0,0,,0,0,0,0,0,0,0,0,0,0,0,,0
00-0007468,Ike Hilliard,WR,1999,6,REG,1999_06_DAL_NYG,NYG,DAL,0,0,0,0,0,0,0,0,0,0,0,0,2,2,41,0,2,0,0,0,,0,0,0,0,0,0,0,0,0,0,0,,0
00-0007520,Leroy Hoard,RB,1999,6,REG,1999_06_MIN_DET,MIN,DET,0,0,0,0,0,0,0,13,45,1,4,1,0,0,0,0,0,0,0,0,,0,0,0,0,0,0,0,0,0,0,0,,0
00-0007579,Robert Holcombe,FB,1999,6,REG,1999_06_STL_ATL,LA,ATL,0,0,0,0,0,0,0,5,2,1,2,1,2,2,14,0,1,0,0,0,,0,0,0,0,0,0,0,0,0,0,0,,0
00-0007622,Mike Hollis,K,1999,6,REG,1999_06_CLE_JAX,JAX,CLE,0,0,0,0,0,0,0,0,0,0,0,0,0,0,0,0,0,0,3,3,36,0,2,1,0,0,0,1,1,0,0,0,,0
00-0007681,Torry Holt,WR,1999,6,REG,1999_06_STL_ATL,LA,ATL,0,0,0,0,0,0,0,0,0,0,0,0,0,4,0,0,0,0,0,0,,0,0,0,0,0,0,0,0,0,0,0,,0
00-0007795,Chris Howard,RB,1999,6,REG,1999_06_CLE_JAX,JAX,CLE,0,0,0,0,0,0,0,3,7,0,0,0,0,0,0,0,0,0,0,0,,0,0,0,0,0,0,0,0,0,0,0,,0
00-0007835,Damon Huard,QB,1999,6,REG,1999_06_MIA_NE,MIA,NE,24,42,240,2,1,9,-53,6,54,0,3,0,0,0,0,0,0,0,0,0,,0,0,0,0,0,0,0,0,0,0,0,,0
00-0007969,Richard Huntley,RB,1999,6,REG,1999_06_PIT_CIN,PIT,CIN,0,0,0,0,0,0,0,4,18,0,0,0,2,2,8,0,0,0,0,0,,0,0,0,0,0,0,0,0,0,0,0,,0
00-0007983,Michael Husted,K,1999,6,REG,1999_06_OAK_BUF,LV,BUF,0,0,0,0,0,0,0,0,0,0,0,0,0,0,0,0,0,0,2,3,32,0,1,1,0,0,0,2,2,0,0,0,,0
00-0007993,Tom Hutton,P,1999,6,REG,1999_06_MIA_NE,MIA,NE,0,0,0,0,0,0,0,0,0,0,0,0,0,0,0,0,0,0,0,0,,0,0,0,0,0,0,0,0,5,202,185,47,2
00-0008060,Raghib Ismail,WR,1999,6,REG,1999_06_DAL_NYG,DAL,NYG,0,0,0,0,0,0,0,1,-7,0,0,0,4,7,74,0,3,0,0,0,,0,0,0,0,0,0,0,0,0,0,0,,0
00-0008080,Chris Jacke,K,1999,6,REG,1999_06_WAS_ARI,ARI,WAS,0,0,0,0,0,0,0,0,0,0,0,0,0,0,0,0,0,0,1,2,44,0,0,0,1,0,0,1,1,0,0,0,,0
00-0008210,Willie Jackson,WR,1999,6,REG,1999_06_PIT_CIN,CIN,PIT,0,0,0,0,0,0,0,0,0,0,0,0,3,5,39,0,2,0,0,0,,0,0,0,0,0,0,0,0,0,0,0,,0
00-0008241,Edgerrin James,RB,1999,6,REG,1999_06_IND_NYJ,IND,NYJ,0,0,0,0,0,0,0,26,111,0,6,0,4,5,20,0,0,0,0,0,,0,0,0,0,0,0,0,0,0,0,0,,0
00-0008300,Patrick Jeffers,WR,1999,6,REG,1999_06_CAR_SF,CAR,SF,0,0,0,0,0,0,0,0,0,0,0,0,6,10,93,2,5,0,0,0,,0,0,0,0,0,0,0,0,0,0,0,,0
00-0008313,Shawn Jefferson,WR,1999,6,REG,1999_06_MIA_NE,NE,MIA,0,0,0,0,0,0,0,0,0,0,0,0,4,6,65,0,4,0,0,0,,0,0,0,0,0,0,0,0,0,0,0,,0
00-0008329,Dietrich Jells,WR,1999,6,REG,1999_06_PHI_CHI,PHI,CHI,0,0,0,0,0,0,0,0,0,0,0,0,2,3,69,1,2,0,0,0,,0,0,0,0,0,0,0,0,0,0,0,,0
00-0008400,James Jett,WR,1999,6,REG,1999_06_OAK_BUF,LV,BUF,0,0,0,0,0,0,0,0,0,0,0,0,4,6,37,0,3,0,0,0,,0,0,0,0,0,0,0,0,0,0,0,,0
00-0008401,John Jett,P,1999,6,REG,1999_06_MIN_DET,DET,MIN,0,0,0,0,0,0,0,1,-8,0,0,1,0,0,0,0,0,0,0,0,,0,0,0,0,0,0,0,0,2,77,59,43,1
00-0008442,Brad Johnson,QB,1999,6,REG,1999_06_WAS_ARI,WAS,ARI,24,40,248,1,2,1,-5,2,2,0,0,0,0,0,0,0,0,0,0,0,,0,0,0,0,0,0,0,0,0,0,0,,0
00-0008454,Charles Johnson,WR,1999,6,REG,1999_06_PHI_CHI,PHI,CHI,0,0,0,0,0,0,0,0,0,0,0,0,4,9,30,0,1,0,0,0,,0,0,0,0,0,0,0,0,0,0,0,,0
00-0008529,J.J. Johnson,RB,1999,6,REG,1999_06_MIA_NE,MIA,NE,0,0,0,0,0,0,0,2,-2,0,0,0,2,2,16,0,1,0,0,0,,0,0,0,0,0,0,0,0,0,0,0,,0
00-0008560,Kevin Johnson,WR,1999,6,REG,1999_06_CLE_JAX,CLE,JAX,0,0,0,0,0,0,0,0,0,0,0,0,3,4,38,0,2,0,0,0,,0,0,0,0,0,0,0,0,0,0,0,,0
00-0008561,Keyshawn Johnson,WR,1999,6,REG,1999_06_IND_NYJ,NYJ,IND,0,0,0,0,0,0,0,0,0,0,0,0,5,11,45,0,2,0,0,0,,0,0,0,0,0,0,0,0,0,0,0,,0
00-0008566,Lee Johnson,P,1999,6,REG,1999_06_MIA_NE,NE,MIA,0,0,0,0,0,0,0,0,0,0,0,0,0,0,0,0,0,0,0,0,,0,0,0,0,0,0,0,0,6,251,145,57,0
00-0008593,Norm Johnson,K,1999,6,REG,1999_06_PHI_CHI,PHI,CHI,0,0,0,0,0,0,0,0,0,0,0,0,0,0,0,0,0,0,2,2,28,0,2,0,0,0,0,2,2,0,0,0,,0
00-0008749,Freddie Jones,TE,1999,6,REG,1999_06_SEA_SD,LAC,SEA,0,0,0,0,0,0,0,0,0,0,0,0,5,9,74,0,4,0,0,0,,0,0,0,0,0,0,0,0,0,0,0,,0
00-0008751,George Jones,RB,1999,6,REG,1999_06_CLE_JAX,CLE,JAX,0,0,0,0,0,0,0,1,-1,0,0,0,0,0,0,0,0,0,0,0,,0,0,0,0,0,0,0,0,0,0,0,,0
00-0008962,Joe Jurevicius,WR,1999,6,REG,1999_06_DAL_NYG,NYG,DAL,0,0,0,0,0,0,0,0,0,0,0,0,1,2,11,0,1,0,0,0,,0,0,0,0,0,0,0,0,0,0,0,,0
00-0009028,John Kasay,K,1999,6,REG,1999_06_CAR_SF,CAR,SF,0,0,0,0,0,0,0,0,0,0,0,0,0,0,0,0,0,0,1,1,19,1,0,0,0,0,0,4,4,0,0,0,,0
00-0009038,Napoleon Kaufman,RB,1999,6,REG,1999_06_OAK_BUF,LV,BUF,0,0,0,0,0,0,0,12,72,0,4,0,1,1,1,0,0,0,0,0,,0,0,0,0,0,0,0,0,0,0,0,,0
00-0009119,Reggie Kelly,TE,1999,6,REG,1999_06_STL_ATL,ATL,LA,0,0,0,0,0,0,0,0,0,0,0,0,3,4,70,0,2,0,0,0,,0,0,0,0,0,0,0,0,0,0,0,,0
00-0009163,Eddie Kennison,WR,1999,6,REG,1999_06_TEN_NO,NO,TEN,0,0,0,0,0,0,0,0,0,0,0,0,7,13,94,0,6,0,0,0,,0,0,0,0,0,0,0,0,0,0,0,,0
00-0009288,Terry Kirby,RB,1999,6,REG,1999_06_CLE_JAX,CLE,JAX,0,0,0,0,0,0,0,22,71,0,2,1,3,3,21,1,1,0,0,0,,0,0,0,0,0,0,0,0,0,0,0,,0
00-0009311,Jon Kitna,QB,1999,6,REG,1999_06_SEA_SD,SEA,LAC,17,29,151,1,1,3,-11,1,0,0,0,0,0,0,0,0,0,0,0,0,,0,0,0,0,0,0,0,0,0,0,0,,0
00-0009417,Rob Konrad,FB,1999,6,REG,1999_06_MIA_NE,MIA,NE,0,0,0,0,0,0,0,1,3,0,1,0,1,1,3,0,0,0,0,0,,0,0,0,0,0,0,0,0,0,0,0,,0
00-0009443,Brian Kozlowski,TE,1999,6,REG,1999_06_STL_ATL,ATL,LA,0,0,0,0,0,0,0,0,0,0,0,0,0,2,0,0,0,0,0,0,,0,0,0,0,0,0,0,0,0,0,0,,0
00-0009451,Erik Kramer,QB,1999,6,REG,1999_06_SEA_SD,LAC,SEA,27,44,296,0,4,2,-15,0,0,0,0,0,0,0,0,0,0,0,0,0,,0,0,0,0,0,0,0,0,0,0,0,,0
00-0009550,David LaFleur,TE,1999,6,REG,1999_06_DAL_NYG,DAL,NYG,0,0,0,0,0,0,0,0,0,0,0,0,2,3,15,0,0,0,0,0,,0,0,0,0,0,0,0,0,0,0,0,,0
00-0009584,Sean Landeta,P,1999,6,REG,1999_06_PHI_CHI,PHI,CHI,0,0,0,0,0,0,0,0,0,0,0,0,0,0,0,0,0,0,0,0,,0,0,0,0,0,0,0,0,7,222,209,41,3
00-0009599,Fred Lane,RB,1999,6,REG,1999_06_CAR_SF,CAR,SF,0,0,0,0,0,0,0,4,11,0,0,0,0,0,0,0,0,0,0,0,,0,0,0,0,0,0,0,0,0,0,0,,0
00-0009738,Amp Lee,RB,1999,6,REG,1999_06_STL_ATL,LA,ATL,0,0,0,0,0,0,0,3,3,0,0,0,0,0,0,0,0,0,0,0,,0,0,0,0,0,0,0,0,0,0,0,,0
00-0009819,Tim Lester,RB,1999,6,REG,1999_06_DAL_NYG,DAL,NYG,0,0,0,0,0,0,0,0,0,0,0,0,0,1,0,0,0,0,0,0,,0,0,0,0,0,0,0,0,0,0,0,,0
00-0009829,Dorsey Levens,RB,1999,6,REG,1999_06_GB_DEN,GB,DEN,0,0,0,0,0,0,0,10,12,1,1,0,1,3,0,0,0,0,0,0,,0,0,0,0,0,0,0,0,0,0,0,,0
00-0009960,Jonathan Linton,FB,1999,6,REG,1999_06_OAK_BUF,BUF,LV,0,0,0,0,0,0,0,5,29,0,2,0,5,5,20,0,0,0,0,0,,0,0,0,0,0,0,0,0,0,0,0,,0
00-0010072,Ryan Longwell,K,1999,6,REG,1999_06_GB_DEN,GB,DEN,0,0,0,0,0,0,0,0,0,0,0,0,0,0,0,0,0,0,1,1,50,0,0,0,0,1,0,1,1,0,0,0,,0
00-0010137,Ray Lucas,QB,1999,6,REG,1999_06_IND_NYJ,NYJ,IND,16,30,137,1,1,1,-12,3,14,0,1,1,0,0,0,0,0,0,0,0,,0,0,0,0,0,0,0,0,0,0,0,,0
00-0010292,Joel Makovicka,FB,1999,6,REG,1999_06_WAS_ARI,ARI,WAS,0,0,0,0,0,0,0,1,3,0,0,0,2,3,18,0,1,0,0,0,,0,0,0,0,0,0,0,0,0,0,0,,0
00-0010346,Peyton Manning,QB,1999,6,REG,1999_06_IND_NYJ,IND,NYJ,21,35,210,1,1,0,0,2,-3,0,0,0,0,0,0,0,0,0,0,0,,0,0,0,0,0,0,0,0,0,0,0,,0
00-0010373,Olindo Mare,K,1999,6,REG,1999_06_MIA_NE,MIA,NE,0,0,0,0,0,0,0,0,0,0,0,0,0,0,0,0,0,0,6,6,53,0,1,1,3,1,0,1,1,0,0,0,,0
00-0010379,Dan Marino,QB,1999,6,REG,1999_06_MIA_NE,MIA,NE,1,3,8,0,1,0,0,0,0,0,0,0,0,0,0,0,0,0,0,0,,0,0,0,0,0,0,0,0,0,0,0,,0
00-0010436,Cecil Martin,RB,1999,6,REG,1999_06_PHI_CHI,PHI,CHI,0,0,0,0,0,0,0,1,0,0,0,0,2,2,1,0,0,0,0,0,,0,0,0,0,0,0,0,0,0,0,0,,0
00-0010442,Curtis Martin,RB,1999,6,REG,1999_06_IND_NYJ,NYJ,IND,0,0,0,0,0,0,0,23,128,0,8,0,1,1,8,0,0,0,0,0,,0,0,0,0,0,0,0,0,0,0,0,,0
00-0010477,Tony Martin,WR,1999,6,REG,1999_06_MIA_NE,MIA,NE,0,0,0,0,0,0,0,0,0,0,0,0,7,15,118,1,5,0,0,0,,0,0,0,0,0,0,0,0,0,0,0,,0
00-0010500,Derrick Mason,WR,1999,6,REG,1999_06_TEN_NO,TEN,NO,0,0,0,0,0,0,0,0,0,0,0,0,1,1,31,0,1,0,0,0,,0,0,0,0,0,0,0,0,0,0,0,,0
00-0010539,Terance Mathis,WR,1999,6,REG,1999_06_STL_ATL,ATL,LA,0,0,0,0,0,0,0,0,0,0,0,0,7,9,75,0,5,0,0,0,,0,0,0,0,0,0,0,0,0,0,0,,0
00-0010598,Alonzo Mayes,TE,1999,6,REG,1999_06_PHI_CHI,CHI,PHI,0,0,0,0,0,0,0,0,0,0,0,0,1,1,16,0,1,0,0,0,,0,0,0,0,0,0,0,0,0,0,0,,0
00-0010599,Derrick Mayes,WR,1999,6,REG,1999_06_SEA_SD,SEA,LAC,0,0,0,0,0,0,0,0,0,0,0,0,4,8,32,0,2,0,0,0,,0,0,0,0,0,0,0,0,0,0,0,,0
00-0010609,Brad Maynard,P,1999,6,REG,1999_06_DAL_NYG,NYG,DAL,0,0,0,0,0,0,0,0,0,0,0,0,0,0,0,0,0,0,0,0,,0,0,0,0,0,0,0,0,8,285,275,50,2
00-0010650,Ed McCaffrey,WR,1999,6,REG,1999_06_GB_DEN,DEN,GB,0,0,0,0,0,0,0,0,0,0,0,0,5,5,116,2,5,0,0,0,,0,0,0,0,0,0,0,0,0,0,0,,0
00-0010668,Keenan McCardell,WR,1999,6,REG,1999_06_CLE_JAX,JAX,CLE,0,0,0,0,0,0,0,0,0,0,0,0,7,8,76,0,6,0,0,0,,0,0,0,0,0,0,0,0,0,0,0,,0
00-0010747,Fred McCrary,RB,1999,6,REG,1999_06_SEA_SD,LAC,SEA,0,0,0,0,0,0,0,0,0,0,0,0,1,1,5,0,0,0,0,0,,0,0,0,0,0,0,0,0,0,0,0,,0
00-0010824,O.J. McDuffie,WR,1999,6,REG,1999_06_MIA_NE,MIA,NE,0,0,0,0,0,0,0,0,0,0,0,0,3,5,20,0,2,0,0,0,,0,0,0,0,0,0,0,0,0,0,0,,0
00-0010843,Wane McGarity,WR,1999,6,REG,1999_06_DAL_NYG,DAL,NYG,0,0,0,0,0,0,0,0,0,0,0,0,3,6,36,0,1,0,0,0,,0,0,0,0,0,0,0,0,0,0,0,,0
00-0010859,Tony McGee,TE,1999,6,REG,1999_06_PIT_CIN,CIN,PIT,0,0,0,0,0,0,0,0,0,0,0,0,1,3,7,0,0,0,0,0,,0,0,0,0,0,0,0,0,0,0,0,,0
00-0011044,Cade McNown,QB,1999,6,REG,1999_06_PHI_CHI,CHI,PHI,17,33,255,1,2,4,-16,4,23,0,2,0,0,0,0,0,0,0,0,0,,0,0,0,0,0,0,0,0,0,0,0,,0
00-0011081,Natrone Means,RB,1999,6,REG,1999_06_SEA_SD,LAC,SEA,0,0,0,0,0,0,0,17,35,1,2,0,2,3,7,0,0,0,0,0,,0,0,0,0,0,0,0,0,0,0,0,,0
00-0011151,Eric Metcalf,WR,1999,6,REG,1999_06_CAR_SF,CAR,SF,0,0,0,0,0,0,0,0,0,0,0,0,3,7,19,0,1,0,0,0,,0,0,0,0,0,0,0,0,0,0,0,,0
00-0011187,Terry Mickens,WR,1999,6,REG,1999_06_OAK_BUF,LV,BUF,0,0,0,0,0,0,0,0,0,0,0,0,1,1,12,0,1,0,0,0,,0,0,0,0,0,0,0,0,0,0,0,,0
00-0011213,Glyn Milburn,WR,1999,6,REG,1999_06_PHI_CHI,CHI,PHI,0,0,0,0,0,0,0,1,4,0,0,0,0,0,0,0,0,0,0,0,,0,0,0,0,0,0,0,0,0,0,0,,0
00-0011224,Itula Mili,TE,1999,6,REG,1999_06_SEA_SD,SEA,LAC,0,0,0,0,0,0,0,0,0,0,0,0,1,1,1,1,1,0,0,0,,0,0,0,0,0,0,0,0,0,0,0,,0
00-0011279,Josh Miller,P,1999,6,REG,1999_06_PIT_CIN,PIT,CIN,0,0,0,0,0,0,0,0,0,0,0,0,0,0,0,0,0,0,0,0,,0,0,0,0,0,0,0,0,7,301,251,58,1
00-0011328,Ernie Mills,WR,1999,6,REG,1999_06_DAL_NYG,DAL,NYG,0,0,0,0,0,0,0,0,0,0,0,0,6,7,76,0,2,0,0,0,,0,0,0,0,0,0,0,0,0,0,0,,0
00-0011333,John Henry Mills,RB,1999,6,REG,1999_06_MIN_DET,MIN,DET,0,0,0,0,0,0,0,0,0,0,0,0,1,1,14,0,1,0,0,0,,0,0,0,0,0,0,0,0,0,0,0,,0
00-0011399,Brian Mitchell,RB,1999,6,REG,1999_06_WAS_ARI,WAS,ARI,0,0,0,0,0,0,0,1,9,0,0,0,1,2,9,0,0,0,0,0,,0,0,0,0,0,0,0,0,0,0,0,,0
00-0011425,Pete Mitchell,TE,1999,6,REG,1999_06_DAL_NYG,NYG,DAL,0,0,0,0,0,0,0,0,0,0,0,0,2,3,14,0,1,0,0,0,,0,0,0,0,0,0,0,0,0,0,0,,0
00-0011463,Chris Mohr,P,1999,6,REG,1999_06_OAK_BUF,BUF,LV,0,0,0,0,0,0,0,0,0,0,0,0,0,0,0,0,0,0,0,0,,0,0,0,0,0,0,0,0,5,229,210,60,3
00-0011601,Rob Moore,WR,1999,6,REG,1999_06_WAS_ARI,ARI,WAS,0,0,0,0,0,0,0,0,0,0,0,0,1,9,10,1,1,0,0,0,,0,0,0,0,0,0,0,0,0,0,0,,0
00-0011727,Johnnie Morton,WR,1999,6,REG,1999_06_MIN_DET,DET,MIN,0,0,0,0,0,0,0,0,0,0,0,0,8,11,74,0,7,0,0,0,,0,0,0,0,0,0,0,0,0,0,0,,0
00-0011754,Randy Moss,WR,1999,6,REG,1999_06_MIN_DET,MIN,DET,0,0,0,0,0,0,0,0,0,0,0,0,10,13,125,1,5,0,0,0,,0,0,0,0,0,0,0,0,0,0,0,,0
00-0011770,Eric Moulds,WR,1999,6,REG,1999_06_OAK_BUF,BUF,LV,0,0,0,0,0,0,0,0,0,0,0,0,3,8,54,1,2,0,0,0,,0,0,0,0,0,0,0,0,0,0,0,,0
00-0011795,Muhsin Muhammad,WR,1999,6,REG,1999_06_CAR_SF,CAR,SF,0,0,0,0,0,0,0,0,0,0,0,0,6,7,96,1,4,0,0,0,,0,0,0,0,0,0,0,0,0,0,0,,0
00-0011869,Adrian Murrell,RB,1999,6,REG,1999_06_WAS_ARI,ARI,WAS,0,0,0,0,0,0,0,15,51,0,1,0,7,9,20,0,1,0,0,0,,0,0,0,0,0,0,0,0,0,0,0,,0
00-0011958,Lorenzo Neal,FB,1999,6,REG,1999_06_TEN_NO,TEN,NO,0,0,0,0,0,0,0,0,0,0,0,0,3,4,15,1,2,0,0,0,,0,0,0,0,0,0,0,0,0,0,0,,0
00-0012261,Neil O'Donnell,QB,1999,6,REG,1999_06_TEN_NO,TEN,NO,12,25,124,2,2,1,-11,5,4,0,0,0,0,0,0,0,0,0,0,0,,0,0,0,0,0,0,0,0,0,0,0,,0
00-0012480,Ken Oxendine,RB,1999,6,REG,1999_06_STL_ATL,ATL,LA,0,0,0,0,0,0,0,9,32,0,1,1,2,4,20,0,1,0,0,0,,0,0,0,0,0,0,0,0,0,0,0,,0
00-0012603,Bernie Parmalee,RB,1999,6,REG,1999_06_IND_NYJ,NYJ,IND,0,0,0,0,0,0,0,3,14,0,0,0,1,2,-2,0,0,0,0,0,,0,0,0,0,0,0,0,0,0,0,0,,0
00-0012637,Jerome Pathon,WR,1999,6,REG,1999_06_IND_NYJ,IND,NYJ,0,0,0,0,0,0,0,0,0,0,0,0,4,9,42,0,3,0,0,0,,0,0,0,0,0,0,0,0,0,0,0,,0
00-0012642,David Patten,WR,1999,6,REG,1999_06_DAL_NYG,NYG,DAL,0,0,0,0,0,0,0,0,0,0,0,0,0,1,0,0,0,0,0,0,,0,0,0,0,0,0,0,0,0,0,0,,0
00-0012726,Doug Pederson,QB,1999,6,REG,1999_06_PHI_CHI,PHI,CHI,22,38,228,2,0,1,-11,2,-2,0,0,0,0,0,0,0,0,0,0,0,,0,0,0,0,0,0,0,0,0,0,0,,0
00-0012742,Doug Pelfrey,K,1999,6,REG,1999_06_PIT_CIN,CIN,PIT,0,0,0,0,0,0,0,0,0,0,0,0,0,0,0,0,0,0,1,2,37,0,0,1,0,0,0,0,0,0,0,0,,0
00-0012764,Chris Penn,WR,1999,6,REG,1999_06_SEA_SD,LAC,SEA,0,0,0,0,0,0,0,0,0,0,0,0,1,3,16,0,1,0,0,0,,0,0,0,0,0,0,0,0,0,0,0,,0
00-0012875,Todd Peterson,K,1999,6,REG,1999_06_SEA_SD,SEA,LAC,0,0,0,0,0,0,0,0,0,0,0,0,0,0,0,0,0,0,1,2,40,0,0,0,1,0,0,1,1,0,0,0,,0
00-0012931,Lawrence Phillips,RB,1999,6,REG,1999_06_CAR_SF,SF,CAR,0,0,0,0,0,0,0,3,18,0,1,0,0,1,0,0,0,0,0,0,,0,0,0,0,0,0,0,0,0,0,0,,0
00-0012953,Carl Pickens,WR,1999,6,REG,1999_06_PIT_CIN,CIN,PIT,0,0,0,0,0,0,0,0,0,0,0,0,4,8,54,0,3,0,0,0,,0,0,0,0,0,0,0,0,0,0,0,,0
00-0013013,Michael Pittman,RB,1999,6,REG,1999_06_WAS_ARI,ARI,WAS,0,0,0,0,0,0,0,2,15,0,1,0,2,2,33,0,2,0,0,0,,0,0,0,0,0,0,0,0,0,0,0,,0
00-0013028,Scott Player,P,1999,6,REG,1999_06_WAS_ARI,ARI,WAS,0,0,0,0,0,0,0,0,0,0,0,0,0,0,0,0,0,0,0,0,,0,0,0,0,0,0,0,0,7,309,314,58,2
00-0013042,Jake Plummer,QB,1999,6,REG,1999_06_WAS_ARI,ARI,WAS,12,23,99,0,2,2,-9,0,0,0,0,0,0,0,0,0,0,0,0,0,,0,0,0,0,0,0,0,0,0,0,0,,0
00-0013080,Marcus Pollard,TE,1999,6,REG,1999_06_IND_NYJ,IND,NYJ,0,0,0,0,0,0,0,0,0,0,0,0,0,2,0,0,0,0,0,0,,0,0,0,0,0,0,0,0,0,0,0,,0
00-0013097,Keith Poole,WR,1999,6,REG,1999_06_TEN_NO,NO,TEN,0,0,0,0,0,0,0,0,0,0,0,0,2,5,25,0,1,0,0,0,,0,0,0,0,0,0,0,0,0,0,0,,0
00-0013232,Peerless Price,WR,1999,6,REG,1999_06_OAK_BUF,BUF,LV,0,0,0,0,0,0,0,0,0,0,0,0,2,6,30,0,1,0,0,0,,0,0,0,0,0,0,0,0,0,0,0,,0
00-0013258,Mike Pritchard,WR,1999,6,REG,1999_06_SEA_SD,SEA,LAC,0,0,0,0,0,0,0,0,0,0,0,0,3,5,24,0,1,0,0,0,,0,0,0,0,0,0,0,0,0,0,0,,0
00-0013262,Stanley Pritchett,RB,1999,6,REG,1999_06_MIA_NE,MIA,NE,0,0,0,0,0,0,0,3,8,0,2,0,6,7,33,1,3,0,0,0,,0,0,0,0,0,0,0,0,0,0,0,,0
00-0013298,Alfred Pupunu,TE,1999,6,REG,1999_06_SEA_SD,LAC,SEA,0,0,0,0,0,0,0,0,0,0,0,0,1,2,1,0,0,0,0,0,,0,0,0,0,0,0,0,0,0,0,0,,0
00-0013422,Walter Rasby,TE,1999,6,REG,1999_06_MIN_DET,DET,MIN,0,0,0,0,0,0,0,0,0,0,0,0,0,1,0,0,0,0,0,0,,0,0,0,0,0,0,0,0,0,0,0,,0
00-0013499,Andre Reed,WR,1999,6,REG,1999_06_OAK_BUF,BUF,LV,0,0,0,0,0,0,0,0,0,0,0,0,2,10,23,0,1,0,0,0,,0,0,0,0,0,0,0,0,0,0,0,,0
00-0013512,Jake Reed,WR,1999,6,REG,1999_06_MIN_DET,MIN,DET,0,0,0,0,0,0,0,0,0,0,0,0,3,3,66,0,2,0,0,0,,0,0,0,0,0,0,0,0,0,0,0,,0
00-0013639,Jerry Rice,WR,1999,6,REG,1999_06_CAR_SF,SF,CAR,0,0,0,0,0,0,0,0,0,0,0,0,5,12,59,1,3,0,0,0,,0,0,0,0,0,0,0,0,0,0,0,,0
00-0013699,Wade Richey,K,1999,6,REG,1999_06_CAR_SF,SF,CAR,0,0,0,0,0,0,0,0,0,0,0,0,0,0,0,0,0,0,3,3,40,0,0,2,1,0,0,2,2,0,0,0,,0
00-0013712,Mikhael Ricks,TE,1999,6,REG,1999_06_SEA_SD,LAC,SEA,0,1,0,0,0,0,0,0,0,0,0,0,2,5,22,0,1,0,0,0,,0,0,0,0,0,0,0,0,0,0,0,,0
00-0013728,Jay Riemersma,TE,1999,6,REG,1999_06_OAK_BUF,BUF,LV,0,0,0,0,0,0,0,0,0,0,0,0,2,4,26,0,2,0,0,0,,0,0,0,0,0,0,0,0,0,0,0,,0
00-0013773,Jon Ritchie,FB,1999,6,REG,1999_06_OAK_BUF,LV,BUF,0,0,0,0,0,0,0,0,0,0,0,0,2,2,20,0,2,0,0,0,,0,0,0,0,0,0,0,0,0,0,0,,0
00-0013785,Ron Rivers,RB,1999,6,REG,1999_06_MIN_DET,DET,MIN,0,0,0,0,0,0,0,11,45,0,2,0,1,2,6,0,0,0,0,0,,0,0,0,0,0,0,0,0,0,0,0,,0
00-0013792,Michael Roan,TE,1999,6,REG,1999_06_TEN_NO,TEN,NO,0,0,0,0,0,0,0,0,0,0,0,0,0,1,0,0,0,0,0,0,,0,0,0,0,0,0,0,0,0,0,0,,0
00-0013888,Marcus Robinson,WR,1999,6,REG,1999_06_PHI_CHI,CHI,PHI,0,0,0,0,0,0,0,0,0,0,0,0,4,11,136,1,3,0,0,0,,0,0,0,0,0,0,0,0,0,0,0,,0
00-0014083,Tom Rouen,P,1999,6,REG,1999_06_GB_DEN,DEN,GB,0,0,0,0,0,0,0,0,0,0,0,0,0,0,0,0,0,0,0,0,,0,0,0,0,0,0,0,0,4,204,173,60,1
00-0014211,Rod Rutledge,TE,1999,6,REG,1999_06_MIA_NE,NE,MIA,0,0,0,0,0,0,0,0,0,0,0,0,0,1,0,0,0,0,0,0,,0,0,0,0,0,0,0,0,0,0,0,,0
00-0014256,Rashaan Salaam,RB,1999,6,REG,1999_06_CLE_JAX,CLE,JAX,0,0,0,0,0,0,0,1,2,0,0,0,0,0,0,0,0,0,0,0,,0,0,0,0,0,0,0,0,0,0,0,,0
00-0014319,Chris Sanders,WR,1999,6,REG,1999_06_TEN_NO,TEN,NO,0,0,0,0,0,0,0,0,0,0,0,0,2,7,16,0,0,0,0,0,,0,0,0,0,0,0,0,0,0,0,0,,0
00-0014328,Frank Sanders,WR,1999,6,REG,1999_06_WAS_ARI,ARI,WAS,0,0,0,0,0,0,0,0,0,0,0,0,3,8,68,0,3,0,0,0,,0,0,0,0,0,0,0,0,0,0,0,,0
00-0014350,O.J. Santiago,TE,1999,6,REG,1999_06_STL_ATL,ATL,LA,0,0,0,0,0,0,0,0,0,0,0,0,0,1,0,0,0,0,0,0,,0,0,0,0,0,0,0,0,0,0,0,,0
00-0014377,Todd Sauerbrun,P,1999,6,REG,1999_06_PHI_CHI,CHI,PHI,0,0,0,0,0,0,0,0,0,0,0,0,0,0,0,0,0,0,0,0,,0,0,0,0,0,0,0,0,6,236,199,46,1
00-0014450,Cory Schlesinger,FB,1999,6,REG,1999_06_MIN_DET,DET,MIN,0,0,0,0,0,0,0,0,0,0,0,0,0,2,0,0,0,0,0,0,,0,0,0,0,0,0,0,0,0,0,0,,0
00-0014489,Bill Schroeder,WR,1999,6,REG,1999_06_GB_DEN,GB,DEN,0,0,0,0,0,0,0,0,0,0,0,0,3,5,41,0,2,0,0,0,,0,0,0,0,0,0,0,0,0,0,0,,0
00-0014544,Darnay Scott,WR,1999,6,REG,1999_06_PIT_CIN,CIN,PIT,0,0,0,0,0,0,0,0,0,0,0,0,1,2,11,0,1,0,0,0,,0,0,0,0,0,0,0,0,0,0,0,,0
00-0014655,Mike Sellers,TE,1999,6,REG,1999_06_WAS_ARI,WAS,ARI,0,0,0,0,0,0,0,0,0,0,0,0,1,2,17,0,1,0,0,0,,0,0,0,0,0,0,0,0,0,0,0,,0
00-0014775,Daimon Shelton,FB,1999,6,REG,1999_06_CLE_JAX,JAX,CLE,0,0,0,0,0,0,0,1,2,0,0,0,1,1,11,0,1,0,0,0,,0,0,0,0,0,0,0,0,0,0,0,,0
00-0014809,Paul Shields,RB,1999,6,REG,1999_06_IND_NYJ,IND,NYJ,0,0,0,0,0,0,0,0,0,0,0,0,1,2,9,0,1,0,0,0,,0,0,0,0,0,0,0,0,0,0,0,,0
00-0014918,Tony Simmons,WR,1999,6,REG,1999_06_MIA_NE,NE,MIA,0,0,0,0,0,0,0,0,0,0,0,0,3,7,49,1,2,0,0,0,,0,0,0,0,0,0,0,0,0,0,0,,0
00-0015048,David Sloan,TE,1999,6,REG,1999_06_MIN_DET,DET,MIN,0,0,0,0,0,0,0,0,0,0,0,0,3,6,30,0,2,0,0,0,,0,0,0,0,0,0,0,0,0,0,0,,0
00-0015053,Scott Slutzker,TE,1999,6,REG,1999_06_TEN_NO,NO,TEN,0,0,0,0,0,0,0,0,0,0,0,0,4,5,63,1,2,0,0,0,,0,0,0,0,0,0,0,0,0,0,0,,0
00-0015063,Torrance Small,WR,1999,6,REG,1999_06_PHI_CHI,PHI,CHI,0,1,0,0,0,0,0,0,0,0,0,0,6,12,50,0,4,0,0,0,,0,0,0,0,0,0,0,0,0,0,0,,0
00-0015082,Akili Smith,QB,1999,6,REG,1999_06_PIT_CIN,CIN,PIT,19,38,207,0,2,4,-30,3,7,0,1,0,0,0,0,0,0,0,0,0,,0,0,0,0,0,0,0,0,0,0,0,,0
00-0015091,Antowain Smith,RB,1999,6,REG,1999_06_OAK_BUF,BUF,LV,0,0,0,0,0,0,0,5,57,1,1,0,0,0,0,0,0,0,0,0,,0,0,0,0,0,0,0,0,0,0,0,,0
00-0015165,Emmitt Smith,RB,1999,6,REG,1999_06_DAL_NYG,DAL,NYG,0,0,0,0,0,0,0,22,26,1,2,0,0,2,0,0,0,0,0,0,,0,0,0,0,0,0,0,0,0,0,0,,0
00-0015194,Hunter Smith,P,1999,6,REG,1999_06_IND_NYJ,IND,NYJ,0,0,0,0,0,0,0,0,0,0,0,0,0,0,0,0,0,0,0,0,,0,0,0,0,0,0,0,0,4,168,126,57,1
00-0015195,Irv Smith,TE,1999,6,REG,1999_06_CLE_JAX,CLE,JAX,0,0,0,0,0,0,0,0,0,0,0,0,3,3,18,0,1,0,0,0,,0,0,0,0,0,0,0,0,0,0,0,,0
00-0015218,Jimmy Smith,WR,1999,6,REG,1999_06_CLE_JAX,JAX,CLE,0,0,0,0,0,0,0,0,0,0,0,0,6,13,62,0,4,0,0,0,,0,0,0,0,0,0,0,0,0,0,0,,0
00-0015242,Lamar Smith,RB,1999,6,REG,1999_06_TEN_NO,NO,TEN,0,0,0,0,0,0,0,2,16,0,1,0,2,4,9,1,1,0,0,0,,0,0,0,0,0,0,0,0,0,0,0,,0
00-0015286,Robert Smith,RB,1999,6,REG,1999_06_MIN_DET,MIN,DET,0,0,0,0,0,0,0,4,14,0,1,0,0,0,0,0,0,0,0,0,,0,0,0,0,0,0,0,0,0,0,0,,0
00-0015290,Rod Smith,WR,1999,6,REG,1999_06_GB_DEN,DEN,GB,0,0,0,0,0,0,0,0,0,0,0,0,4,7,57,0,3,0,0,0,,0,0,0,0,0,0,0,0,0,0,0,,0
00-0015507,Brian Stablein,WR,1999,6,REG,1999_06_MIN_DET,DET,MIN,0,0,0,0,0,0,0,0,0,0,0,0,2,3,24,0,1,0,0,0,,0,0,0,0,0,0,0,0,0,0,0,,0
00-0015523,Duce Staley,RB,1999,6,REG,1999_06_PHI_CHI,PHI,CHI,0,0,0,0,0,0,0,23,101,0,3,1,4,6,37,0,2,0,0,0,,0,0,0,0,0,0,0,0,0,0,0,,0
00-0015550,Chad Stanley,P,1999,6,REG,1999_06_CAR_SF,SF,CAR,0,0,0,0,0,0,0,0,0,0,0,0,0,0,0,0,0,0,0,0,,0,0,0,0,0,0,0,0,5,184,164,54,4
00-0015655,Tremayne Stephens,RB,1999,6,REG,1999_06_SEA_SD,LAC,SEA,0,0,0,0,0,0,0,0,0,0,0,0,3,4,22,0,2,0,0,0,,0,0,0,0,0,0,0,0,0,0,0,,0
00-0015698,James Stewart,RB,1999,6,REG,1999_06_CLE_JAX,JAX,CLE,0,0,0,0,0,0,0,23,58,1,2,0,3,3,12,0,0,0,0,0,,0,0,0,0,0,0,0,0,0,0,0,,0
00-0015700,Kordell Stewart,QB,1999,6,REG,1999_06_PIT_CIN,PIT,CIN,17,29,134,0,0,2,-9,7,1,0,0,0,0,0,0,0,0,0,0,0,,0,0,0,0,0,0,0,0,0,0,0,,0
00-0015751,J.J. Stokes,WR,1999,6,REG,1999_06_CAR_SF,SF,CAR,0,0,0,0,0,0,0,0,0,0,0,0,3,9,53,0,3,0,0,0,,0,0,0,0,0,0,0,0,0,0,0,,0
00-0015830,Mack Strong,FB,1999,6,REG,1999_06_SEA_SD,SEA,LAC,0,0,0,0,0,0,0,1,0,0,0,0,0,0,0,0,0,0,0,0,,0,0,0,0,0,0,0,0,0,0,0,,0
00-0015842,Dan Stryzinski,P,1999,6,REG,1999_06_STL_ATL,ATL,LA,0,0,0,0,0,0,0,0,0,0,0,0,0,0,0,0,0,0,0,0,,0,0,0,0,0,0,0,0,5,199,202,42,0
00-0016316,Robert Thomas,FB,1999,6,REG,1999_06_DAL_NYG,DAL,NYG,0,0,0,0,0,0,0,0,0,0,0,0,0,1,0,0,0,0,0,0,,0,0,0,0,0,0,0,0,0,0,0,,0
00-0016321,Rodney Thomas,RB,1999,6,REG,1999_06_TEN_NO,TEN,NO,0,0,0,0,0,0,0,1,3,0,0,0,0,0,0,0,0,0,0,0,,0,0,0,0,0,0,0,0,0,0,0,,0
00-0016534,Billy Joe Tolliver,QB,1999,6,REG,1999_06_TEN_NO,NO,TEN,28,45,354,2,2,0,0,2,4,0,0,1,0,0,0,0,0,0,0,0,,0,0,0,0,0,0,0,0,0,0,0,,0
00-0016550,Amani Toomer,WR,1999,6,REG,1999_06_DAL_NYG,NYG,DAL,0,0,0,0,0,0,0,0,0,0,0,0,5,5,44,0,2,0,0,0,,0,0,0,0,0,0,0,0,0,0,0,,0
00-0016654,Jason Tucker,WR,1999,6,REG,1999_06_DAL_NYG,DAL,NYG,0,0,0,0,0,0,0,0,0,0,0,0,2,2,25,0,1,0,0,0,,0,0,0,0,0,0,0,0,0,0,0,,0
00-0016683,Tom Tupa,P,1999,6,REG,1999_06_IND_NYJ,NYJ,IND,0,0,0,0,0,0,0,0,0,0,0,0,0,0,0,0,0,0,0,0,,0,0,0,0,0,0,0,0,4,177,166,51,2
00-0016689,Matt Turk,P,1999,6,REG,1999_06_WAS_ARI,WAS,ARI,0,0,0,0,0,0,0,0,0,0,0,0,0,0,0,0,0,0,0,0,,0,0,0,0,0,0,0,0,6,239,219,51,2
00-0016753,Rick Tuten,P,1999,6,REG,1999_06_STL_ATL,LA,ATL,0,0,0,0,0,0,0,0,0,0,0,0,0,0,0,0,0,0,0,0,,0,0,0,0,0,0,0,0,3,98,85,39,1
00-0016830,Mike Vanderjagt,K,1999,6,REG,1999_06_IND_NYJ,IND,NYJ,0,0,0,0,0,0,0,0,0,0,0,0,0,0,0,0,0,0,3,3,31,1,1,1,0,0,0,1,1,0,0,0,,0
00-0016919,Adam Vinatieri,K,1999,6,REG,1999_06_MIA_NE,NE,MIA,0,0,0,0,0,0,0,0,0,0,0,0,0,0,0,0,0,0,3,3,41,0,0,2,1,0,0,3,3,0,0,0,,0
00-0017027,Derrick Walker,TE,1999,6,REG,1999_06_OAK_BUF,LV,BUF,0,0,0,0,0,0,0,0,0,0,0,0,2,2,17,0,1,0,0,0,,0,0,0,0,0,0,0,0,0,0,0,,0
00-0017109,Wesley Walls,TE,1999,6,REG,1999_06_CAR_SF,CAR,SF,0,0,0,0,0,0,0,0,0,0,0,0,5,6,70,1,3,0,0,0,,0,0,0,0,0,0,0,0,0,0,0,,0
00-0017127,Ken Walter,P,1999,6,REG,1999_06_CAR_SF,CAR,SF,0,0,0,0,0,0,0,0,0,0,0,0,0,0,0,0,0,0,0,0,,0,0,0,0,0,0,0,0,6,218,204,44,3
00-0017160,Dedric Ward,WR,1999,6,REG,1999_06_IND_NYJ,NYJ,IND,0,0,0,0,0,0,0,0,0,0,0,0,1,1,5,0,0,0,0,0,,0,0,0,0,0,0,0,0,0,0,0,,0
00-0017162,Hines Ward,WR,1999,6,REG,1999_06_PIT_CIN,PIT,CIN,0,0,0,0,0,0,0,0,0,0,0,0,3,5,18,0,1,0,0,0,,0,0,0,0,0,0,0,0,0,0,0,,0
00-0017200,Kurt Warner,QB,1999,6,REG,1999_06_STL_ATL,LA,ATL,13,20,111,1,0,2,-17,2,3,0,0,0,0,0,0,0,0,0,0,0,,0,0,0,0,0,0,0,0,0,0,0,,0
00-0017209,Chris Warren,RB,1999,6,REG,1999_06_DAL_NYG,DAL,NYG,0,0,0,0,0,0,0,1,5,0,0,0,3,3,40,0,3,0,0,0,,0,0,0,0,0,0,0,0,0,0,0,,0
00-0017218,Lamont Warren,RB,1999,6,REG,1999_06_MIA_NE,NE,MIA,0,0,0,0,0,0,0,1,18,0,1,0,3,5,17,0,1,0,0,0,,0,0,0,0,0,0,0,0,0,0,0,,0
00-0017322,Ricky Watters,RB,1999,6,REG,1999_06_SEA_SD,SEA,LAC,0,0,0,0,0,0,0,21,54,0,3,0,2,5,12,0,1,0,0,0,,0,0,0,0,0,0,0,0,0,0,0,,0
00-0017337,Charles Way,FB,1999,6,REG,1999_06_DAL_NYG,NYG,DAL,0,0,0,0,0,0,0,3,7,0,1,0,0,2,0,0,0,0,0,0,,0,0,0,0,0,0,0,0,0,0,0,,0
00-0017356,Jed Weaver,TE,1999,6,REG,1999_06_PHI_CHI,PHI,CHI,0,0,0,0,0,0,0,0,0,0,0,0,1,1,11,0,1,0,0,0,,0,0,0,0,0,0,0,0,0,0,0,,0
00-0017470,Michael Westbrook,WR,1999,6,REG,1999_06_WAS_ARI,WAS,ARI,0,0,0,0,0,0,0,1,2,0,0,0,3,6,25,0,3,0,0,0,,0,0,0,0,0,0,0,0,0,0,0,,0
00-0017480,Ryan Wetnight,TE,1999,6,REG,1999_06_PHI_CHI,CHI,PHI,0,0,0,0,0,0,0,0,0,0,0,0,2,2,19,0,2,0,0,0,,0,0,0,0,0,0,0,0,0,0,0,,0
00-0017486,Tyrone Wheatley,RB,1999,6,REG,1999_06_OAK_BUF,LV,BUF,0,0,0,0,0,0,0,25,97,2,3,0,2,3,21,0,1,0,0,0,,0,0,0,0,0,0,0,0,0,0,0,,0
00-0017693,Jeff Wilkins,K,1999,6,REG,1999_06_STL_ATL,LA,ATL,0,0,0,0,0,0,0,0,0,0,0,0,0,0,0,0,0,0,2,2,49,0,1,0,1,0,0,5,5,0,0,0,,0
00-0017697,Terrence Wilkins,WR,1999,6,REG,1999_06_IND_NYJ,IND,NYJ,0,0,0,0,0,0,0,0,0,0,0,0,2,2,40,1,2,0,0,0,,0,0,0,0,0,0,0,0,0,0,0,,0
00-0017860,Kevin R. Williams,WR,1999,6,REG,1999_06_OAK_BUF,BUF,LV,0,0,0,0,0,0,0,0,0,0,0,0,4,6,63,0,3,0,0,0,,0,0,0,0,0,0,0,0,0,0,0,,0
00-0017892,Moe Williams,RB,1999,6,REG,1999_06_MIN_DET,MIN,DET,0,0,0,0,0,0,0,2,1,0,0,0,0,0,0,0,0,0,0,0,,0,0,0,0,0,0,0,0,0,0,0,,0
00-0017915,Ricky Williams,RB,1999,6,REG,1999_06_TEN_NO,NO,TEN,0,0,0,0,0,0,0,17,35,0,3,1,0,0,0,0,0,0,0,0,,0,0,0,0,0,0,0,0,0,0,0,,0
00-0017924,Roland Williams,TE,1999,6,REG,1999_06_STL_ATL,LA,ATL,0,0,0,0,0,0,0,0,0,0,0,0,2,2,17,0,1,0,0,0,,0,0,0,0,0,0,0,0,0,0,0,,0
00-0018141,Jon Witman,FB,1999,6,REG,1999_06_PIT_CIN,PIT,CIN,0,0,0,0,0,0,0,0,0,0,0,0,1,1,5,0,0,0,0,0,,0,0,0,0,0,0,0,0,0,0,0,,0
00-0018343,Frank Wycheck,TE,1999,6,REG,1999_06_TEN_NO,TEN,NO,0,0,0,0,0,0,0,0,0,0,0,0,1,3,5,0,1,0,0,0,,0,0,0,0,0,0,0,0,0,0,0,,0
00-0000003,Abdul-Karim al-Jabbar,RB,1999,7,REG,1999_07_CLE_STL,CLE,LA,0,0,0,0,0,0,0,6,27,0,0,0,2,2,8,0,0,0,0,0,,0,0,0,0,0,0,0,0,0,0,0,,0
00-0000098,Louie Aguiar,P,1999,7,REG,1999_07_GB_SD,GB,LAC,0,0,0,0,0,0,0,0,0,0,0,0,0,0,0,0,0,0,0,0,,0,0,0,0,0,0,0,0,4,158,139,51,1
00-0000104,Troy Aikman,QB,1999,7,REG,1999_07_WAS_DAL,DAL,WAS,20,32,244,2,0,0,0,1,1,1,1,0,0,0,0,0,0,0,0,0,,0,0,0,0,0,0,0,0,0,0,0,,0
00-0000108,David Akers,K,1999,7,REG,1999_07_PHI_MIA,PHI,MIA,0,0,0,0,0,0,0,0,0,0,0,0,0,0,0,0,0,0,1,1,53,0,0,0,0,1,0,0,0,0,0,0,,0
00-0000145,Derrick Alexander,WR,1999,7,REG,1999_07_KC_BAL,KC,BAL,0,0,0,0,0,0,0,0,0,0,0,0,0,3,0,0,0,0,0,0,,0,0,0,0,0,0,0,0,0,0,0,,0
00-0000166,Stephen Alexander,TE,1999,7,REG,1999_07_WAS_DAL,WAS,DAL,0,0,0,0,0,0,0,0,0,0,0,0,3,4,24,0,1,0,0,0,,0,0,0,0,0,0,0,0,0,0,0,,0
00-0000232,Terry Allen,RB,1999,7,REG,1999_07_DEN_NE,NE,DEN,0,0,0,0,0,0,0,17,106,2,5,0,0,1,0,0,0,0,0,0,,0,0,0,0,0,0,0,0,0,0,0,,0
00-0000242,John Allred,TE,1999,7,REG,1999_07_CHI_TB,CHI,TB,0,0,0,0,0,0,0,0,0,0,0,0,1,2,2,0,0,0,0,0,,0,0,0,0,0,0,0,0,0,0,0,,0
00-0000251,Mike Alstott,FB,1999,7,REG,1999_07_CHI_TB,TB,CHI,0,0,0,0,0,0,0,14,72,0,4,0,0,0,0,0,0,0,0,0,,0,0,0,0,0,0,0,0,0,0,0,,0
00-0000282,Morten Andersen,K,1999,7,REG,1999_07_ATL_PIT,ATL,PIT,0,0,0,0,0,0,0,0,0,0,0,0,0,0,0,0,0,0,0,1,,0,0,0,0,0,0,1,1,0,0,0,,0
00-0000313,Gary Anderson,K,1999,7,REG,1999_07_SF_MIN,MIN,SF,0,0,0,0,0,0,0,0,0,0,0,0,0,0,0,0,0,0,1,2,33,0,0,1,0,0,0,5,5,0,0,0,,0
00-0000339,Richie Anderson,FB,1999,7,REG,1999_07_NYJ_OAK,NYJ,LV,0,0,0,0,0,0,0,1,4,0,0,0,1,2,9,0,0,0,0,0,,0,0,0,0,0,0,0,0,0,0,0,,0
00-0000387,Reidel Anthony,WR,1999,7,REG,1999_07_CHI_TB,TB,CHI,0,0,0,0,0,0,0,0,0,0,0,0,5,10,47,0,2,0,0,0,,0,0,0,0,0,0,0,0,0,0,0,,0
00-0000400,Leo Araguz,P,1999,7,REG,1999_07_NYJ_OAK,LV,NYJ,0,0,0,0,0,0,0,0,0,0,0,0,0,0,0,0,0,0,0,0,,0,0,0,0,0,0,0,0,4,153,153,40,3
00-0000422,Justin Armour,WR,1999,7,REG,1999_07_KC_BAL,BAL,KC,0,0,0,0,0,0,0,0,0,0,0,0,6,13,70,0,2,0,0,0,,0,0,0,0,0,0,0,0,0,0,0,,0
00-0000541,John Avery,RB,1999,7,REG,1999_07_DEN_NE,DEN,NE,0,0,0,0,0,0,0,2,13,0,1,0,3,4,13,0,0,0,0,0,,0,0,0,0,0,0,0,0,0,0,0,,0
00-0000722,Tony Banks,QB,1999,7,REG,1999_07_KC_BAL,BAL,KC,8,14,69,0,0,0,0,2,6,0,1,0,0,0,0,0,0,0,0,0,,0,0,0,0,0,0,0,0,0,0,0,,0
00-0000745,Tiki Barber,RB,1999,7,REG,1999_07_NO_NYG,NYG,NO,0,0,0,0,0,0,0,1,9,0,0,0,1,1,7,0,1,0,0,0,,0,0,0,0,0,0,0,0,0,0,0,,0
00-0000811,Tommy Barnhardt,P,1999,7,REG,1999_07_NO_NYG,NO,NYG,0,0,0,0,0,0,0,0,0,0,0,0,0,0,0,0,0,0,0,0,,0,0,0,0,0,0,0,0,6,234,189,44,1
00-0000856,Michael Basnight,RB,1999,7,REG,1999_07_CIN_IND,CIN,IND,0,0,0,0,0,0,0,11,26,0,2,0,0,0,0,0,0,0,0,0,,0,0,0,0,0,0,0,0,0,0,0,,0
00-0000865,Charlie Batch,QB,1999,7,REG,1999_07_DET_CAR,DET,CAR,16,27,210,2,1,0,0,5,13,0,1,0,0,0,0,0,0,0,0,0,,0,0,0,0,0,0,0,0,0,0,0,,0
00-0000883,Marco Battaglia,TE,1999,7,REG,1999_07_CIN_IND,CIN,IND,0,0,0,0,0,0,0,0,0,0,0,0,2,2,15,0,1,0,0,0,,0,0,0,0,0,0,0,0,0,0,0,,0
00-0000942,Fred Beasley,FB,1999,7,REG,1999_07_SF_MIN,SF,MIN,0,0,0,0,0,0,0,5,20,0,2,0,1,2,4,0,0,0,0,0,,0,0,0,0,0,0,0,0,0,0,0,,0
00-0000969,Brett Bech,WR,1999,7,REG,1999_07_NO_NYG,NO,NYG,0,0,0,0,0,0,0,0,0,0,0,0,0,2,0,0,0,0,0,0,,0,0,0,0,0,0,0,0,0,0,0,,0
00-0001101,Darren Bennett,P,1999,7,REG,1999_07_GB_SD,LAC,GB,0,0,0,0,0,0,0,0,0,0,0,0,0,0,0,0,0,0,0,0,,0,0,0,0,0,0,0,0,3,105,105,37,2
00-0001102,Donnell Bennett,FB,1999,7,REG,1999_07_KC_BAL,KC,BAL,0,0,0,0,0,0,0,12,40,0,1,0,0,0,0,0,0,0,0,0,,0,0,0,0,0,0,0,0,0,0,0,,0
00-0001103,Edgar Bennett,RB,1999,7,REG,1999_07_CHI_TB,CHI,TB,0,0,0,0,0,0,0,0,0,0,0,0,0,2,0,0,0,0,0,0,,0,0,0,0,0,0,0,0,0,0,0,,0
00-0001157,Mitch Berger,P,1999,7,REG,1999_07_SF_MIN,MIN,SF,0,0,0,0,0,0,0,0,0,0,0,0,0,0,0,0,0,0,0,0,,0,0,0,0,0,0,0,0,2,121,101,75,1
00-0001215,Jerome Bettis,RB,1999,7,REG,1999_07_ATL_PIT,PIT,ATL,0,0,0,0,0,0,0,23,80,0,5,1,2,3,14,0,1,0,0,0,,0,0,0,0,0,0,0,0,0,0,0,,0
00-0001218,Steve Beuerlein,QB,1999,7,REG,1999_07_DET_CAR,CAR,DET,26,47,299,0,1,4,-40,2,16,0,1,0,0,0,0,0,0,0,0,0,,0,0,0,0,0,0,0,0,0,0,0,,0
00-0001224,Tim Biakabutuka,RB,1999,7,REG,1999_07_DET_CAR,CAR,DET,0,0,0,0,0,0,0,9,10,0,2,0,2,2,35,0,1,0,0,0,,0,0,0,0,0,0,0,0,0,0,0,,0
00-0001281,Eric Bjornson,TE,1999,7,REG,1999_07_WAS_DAL,DAL,WAS,0,0,0,0,0,0,0,0,0,0,0,0,0,1,0,0,0,0,0,0,,0,0,0,0,0,0,0,0,0,0,0,,0
00-0001317,Will Blackwell,WR,1999,7,REG,1999_07_ATL_PIT,PIT,ATL,0,0,0,0,0,0,0,0,0,0,0,0,3,3,46,0,3,0,0,0,,0,0,0,0,0,0,0,0,0,0,0,,0
00-0001335,Jeff Blake,QB,1999,7,REG,1999_07_CIN_IND,CIN,IND,5,7,52,1,0,0,0,1,12,0,1,0,0,0,0,0,0,0,0,0,,0,0,0,0,0,0,0,0,0,0,0,,0
00-0001343,Cary Blanchard,K,1999,7,REG,1999_07_NO_NYG,NYG,NO,0,0,0,0,0,0,0,0,0,0,0,0,0,0,0,0,0,0,1,1,41,0,0,0,1,0,0,4,4,0,0,0,,0
00-0001361,Drew Bledsoe,QB,1999,7,REG,1999_07_DEN_NE,NE,DEN,13,22,214,0,0,4,-22,3,-2,0,0,0,0,0,0,0,0,0,0,0,,0,0,0,0,0,0,0,0,0,0,0,,0
00-0001460,Chris Boniol,K,1999,7,REG,1999_07_CHI_TB,CHI,TB,0,0,0,0,0,0,0,0,0,0,0,0,0,0,0,0,0,0,1,2,28,0,1,0,0,0,0,0,0,0,0,0,,0
00-0001477,Marty Booker,WR,1999,7,REG,1999_07_CHI_TB,CHI,TB,0,0,0,0,0,0,0,0,0,0,0,0,0,1,0,0,0,0,0,0,,0,0,0,0,0,0,0,0,0,0,0,,0
00-0001627,Corey Bradford,WR,1999,7,REG,1999_07_GB_SD,GB,LAC,0,0,0,0,0,0,0,0,0,0,0,0,0,3,0,0,0,0,0,0,,0,0,0,0,0,0,0,0,0,0,0,,0
00-0001752,Will Brice,P,1999,7,REG,1999_07_CIN_IND,CIN,IND,0,0,0,0,0,0,0,0,0,0,0,0,0,0,0,0,0,0,0,0,,0,0,0,0,0,0,0,0,8,283,255,50,2
00-0001759,Doug Brien,K,1999,7,REG,1999_07_NO_NYG,NO,NYG,0,0,0,0,0,0,0,0,0,0,0,0,0,0,0,0,0,0,1,1,25,0,1,0,0,0,0,0,0,0,0,0,,0
00-0001766,Jeremy Brigham,TE,1999,7,REG,1999_07_NYJ_OAK,LV,NYJ,0,0,0,0,0,0,0,0,0,0,0,0,1,3,9,0,0,0,0,0,,0,0,0,0,0,0,0,0,0,0,0,,0
00-0001783,Vincent Brisby,WR,1999,7,REG,1999_07_DEN_NE,NE,DEN,0,0,0,0,0,0,0,0,0,0,0,0,1,1,27,0,1,0,0,0,,0,0,0,0,0,0,0,0,0,0,0,,0
00-0001842,Macey Brooks,WR,1999,7,REG,1999_07_CHI_TB,CHI,TB,0,0,0,0,0,0,0,1,7,0,0,0,3,4,23,0,2,0,0,0,,0,0,0,0,0,0,0,0,0,0,0,,0
00-0001862,Luther Broughton,TE,1999,7,REG,1999_07_PHI_MIA,PHI,MIA,0,0,0,0,0,0,0,0,0,0,0,0,0,1,0,0,0,0,0,0,,0,0,0,0,0,0,0,0,0,0,0,,0
00-0001980,Kris Brown,K,1999,7,REG,1999_07_ATL_PIT,PIT,ATL,0,0,0,0,0,0,0,0,0,0,0,0,0,0,0,0,0,0,2,2,51,0,1,0,0,1,0,1,1,0,0,0,,0
00-0002027,Reggie Brown,FB,1999,7,REG,1999_07_BUF_SEA,SEA,BUF,0,0,0,0,0,0,0,1,2,0,0,0,3,4,37,0,1,0,0,0,,0,0,0,0,0,0,0,0,0,0,0,,0
00-0002058,Tim Brown,WR,1999,7,REG,1999_07_NYJ_OAK,LV,NYJ,0,0,0,0,0,0,0,0,0,0,0,0,11,13,190,1,8,0,0,0,,0,0,0,0,0,0,0,0,0,0,0,,0
00-0002099,Isaac Bruce,WR,1999,7,REG,1999_07_CLE_STL,LA,CLE,0,0,0,0,0,0,0,1,6,0,1,0,4,6,44,1,3,0,0,0,,0,0,0,0,0,0,0,0,0,0,0,,0
00-0002102,Mark Bruener,TE,1999,7,REG,1999_07_ATL_PIT,PIT,ATL,0,0,0,0,0,0,0,0,0,0,0,0,0,1,0,0,0,0,0,0,,0,0,0,0,0,0,0,0,0,0,0,,0
00-0002459,Kenny Bynum,RB,1999,7,REG,1999_07_GB_SD,LAC,GB,0,0,0,0,0,0,0,6,30,0,3,0,1,3,8,0,0,0,0,0,,0,0,0,0,0,0,0,0,0,0,0,,0
00-0002544,Chris Calloway,WR,1999,7,REG,1999_07_ATL_PIT,ATL,PIT,0,0,0,0,0,0,0,0,0,0,0,0,1,1,10,0,1,0,0,0,,0,0,0,0,0,0,0,0,0,0,0,,0
00-0002655,John Carney,K,1999,7,REG,1999_07_GB_SD,LAC,GB,0,0,0,0,0,0,0,0,0,0,0,0,0,0,0,0,0,0,1,1,28,0,1,0,0,0,0,0,0,0,0,0,,0
00-0002709,Dwayne Carswell,OT,1999,7,REG,1999_07_DEN_NE,DEN,NE,0,0,0,0,0,0,0,0,0,0,0,0,3,3,31,0,2,0,0,0,,0,0,0,0,0,0,0,0,0,0,0,,0
00-0002713,Tony Carter,RB,1999,7,REG,1999_07_DEN_NE,NE,DEN,0,0,0,0,0,0,0,1,6,0,0,0,2,2,31,0,2,0,0,0,,0,0,0,0,0,0,0,0,0,0,0,,0
00-0002721,Cris Carter,WR,1999,7,REG,1999_07_SF_MIN,MIN,SF,0,0,0,0,0,0,0,0,0,0,0,0,7,9,84,1,5,0,0,0,,0,0,0,0,0,0,0,0,0,0,0,,0
00-0002787,Stoney Case,QB,1999,7,REG,1999_07_KC_BAL,BAL,KC,15,37,103,0,3,0,0,5,38,0,2,0,0,0,0,0,0,0,0,0,,0,0,0,0,0,0,0,0,0,0,0,,0
00-0002846,Larry Centers,FB,1999,7,REG,1999_07_WAS_DAL,WAS,DAL,0,0,0,0,0,0,0,1,0,0,0,0,3,4,20,0,1,0,0,0,,0,0,0,0,0,0,0,0,0,0,0,,0
00-0002861,Byron Chamberlain,TE,1999,7,REG,1999_07_DEN_NE,DEN,NE,0,0,0,0,0,0,0,0,0,0,0,0,4,6,46,0,3,0,0,0,,0,0,0,0,0,0,0,0,0,0,0,,0
00-0002876,Chris Chandler,QB,1999,7,REG,1999_07_ATL_PIT,ATL,PIT,20,34,233,1,1,7,-46,2,5,0,0,0,0,0,0,0,0,0,0,0,,0,0,0,0,0,0,0,0,0,0,0,,0
00-0002962,Wayne Chrebet,WR,1999,7,REG,1999_07_NYJ_OAK,NYJ,LV,0,0,0,0,0,0,0,0,0,0,0,0,2,4,49,0,2,0,0,0,,0,0,0,0,0,0,0,0,0,0,0,,0
00-0002970,Bob Christian,FB,1999,7,REG,1999_07_ATL_PIT,ATL,PIT,0,0,0,0,0,0,0,3,0,0,1,0,4,5,13,0,1,0,0,0,,0,0,0,0,0,0,0,0,0,0,0,,0
00-0002975,Steve Christie,K,1999,7,REG,1999_07_BUF_SEA,BUF,SEA,0,0,0,0,0,0,0,0,0,0,0,0,0,0,0,0,0,0,1,1,50,0,0,0,0,1,0,1,1,0,0,0,,0
00-0003039,Greg Clark,TE,1999,7,REG,1999_07_SF_MIN,SF,MIN,0,0,0,0,0,0,0,0,0,0,0,0,3,8,27,0,2,0,0,0,,0,0,0,0,0,0,0,0,0,0,0,,0
00-0003128,Tony Cline,TE,1999,7,REG,1999_07_SF_MIN,SF,MIN,0,0,0,0,0,0,0,0,0,0,0,0,1,1,3,0,0,0,0,0,,0,0,0,0,0,0,0,0,0,0,0,,0
00-0003142,Ben Coates,TE,1999,7,REG,1999_07_DEN_NE,NE,DEN,0,0,0,0,0,0,0,0,0,0,0,0,3,6,40,0,2,0,0,0,,0,0,0,0,0,0,0,0,0,0,0,,0
00-0003266,Bobby Collins,TE,1999,7,REG,1999_07_BUF_SEA,BUF,SEA,0,0,0,0,0,0,0,0,0,0,0,0,1,4,22,0,1,0,0,0,,0,0,0,0,0,0,0,0,0,0,0,,0
00-0003271,Cecil Collins,RB,1999,7,REG,1999_07_PHI_MIA,MIA,PHI,0,0,0,0,0,0,0,26,97,0,4,1,1,1,6,0,0,0,0,0,,0,0,0,0,0,0,0,0,0,0,0,,0
00-0003378,Albert Connell,WR,1999,7,REG,1999_07_WAS_DAL,WAS,DAL,0,0,0,0,0,0,0,0,0,0,0,0,2,7,52,1,1,0,0,0,,0,0,0,0,0,0,0,0,0,0,0,,0
00-0003395,Brett Conway,K,1999,7,REG,1999_07_WAS_DAL,WAS,DAL,0,0,0,0,0,0,0,0,0,0,0,0,0,0,0,0,0,0,2,2,36,0,1,1,0,0,0,2,2,0,0,0,,0
00-0003441,Andre Cooper,WR,1999,7,REG,1999_07_DEN_NE,DEN,NE,0,0,0,0,0,0,0,0,0,0,0,0,2,2,21,0,0,0,0,0,,0,0,0,0,0,0,0,0,0,0,0,,0
00-0003535,Tim Couch,QB,1999,7,REG,1999_07_CLE_STL,CLE,LA,22,40,185,0,2,1,-7,2,50,0,2,0,0,0,0,0,0,0,0,0,,0,0,0,0,0,0,0,0,0,0,0,,0
00-0003610,Aaron Craver,FB,1999,7,REG,1999_07_NO_NYG,NO,NYG,0,0,0,0,0,0,0,0,0,0,0,0,3,7,51,0,2,0,0,0,,0,0,0,0,0,0,0,0,0,0,0,,0
00-0003663,Zack Crockett,RB,1999,7,REG,1999_07_NYJ_OAK,LV,NYJ,0,0,0,0,0,0,0,3,6,1,2,0,0,2,0,0,0,0,0,0,,0,0,0,0,0,0,0,0,0,0,0,,0
00-0003681,Howard Cross,TE,1999,7,REG,1999_07_NO_NYG,NYG,NO,0,0,0,0,0,0,0,0,0,0,0,0,1,1,2,0,0,0,0,0,,0,0,0,0,0,0,0,0,0,0,0,,0
00-0003700,Germane Crowell,WR,1999,7,REG,1999_07_DET_CAR,DET,CAR,0,0,0,0,0,0,0,0,0,0,0,0,3,6,45,0,2,0,0,0,,0,0,0,0,0,0,0,0,0,0,0,,0
00-0003739,Daunte Culpepper,QB,1999,7,REG,1999_07_SF_MIN,MIN,SF,0,0,0,0,0,0,0,3,6,0,1,0,0,0,0,0,0,0,0,0,,0,0,0,0,0,0,0,0,0,0,0,,0
00-0003762,Richie Cunningham,K,1999,7,REG,1999_07_WAS_DAL,DAL,WAS,0,0,0,0,0,0,0,0,0,0,0,0,0,0,0,0,0,0,1,1,32,0,0,1,0,0,0,5,5,0,0,0,,0
00-0004052,Stephen Davis,RB,1999,7,REG,1999_07_WAS_DAL,WAS,DAL,0,0,0,0,0,0,0,14,62,0,5,0,5,5,20,0,1,0,0,0,,0,0,0,0,0,0,0,0,0,0,0,,0
00-0004063,Tyrone Davis,TE,1999,7,REG,1999_07_GB_SD,GB,LAC,0,0,0,0,0,0,0,0,0,0,0,0,1,1,14,0,1,0,0,0,,0,0,0,0,0,0,0,0,0,0,0,,0
00-0004077,Sean Dawkins,WR,1999,7,REG,1999_07_BUF_SEA,SEA,BUF,0,0,0,0,0,0,0,0,0,0,0,0,4,10,91,0,4,0,0,0,,0,0,0,0,0,0,0,0,0,0,0,,0
00-0004079,Lawrence Dawsey,WR,1999,7,REG,1999_07_NO_NYG,NO,NYG,0,0,0,0,0,0,0,0,0,0,0,0,2,5,18,0,1,0,0,0,,0,0,0,0,0,0,0,0,0,0,0,,0
00-0004091,Phil Dawson,K,1999,7,REG,1999_07_CLE_STL,CLE,LA,0,0,0,0,0,0,0,0,0,0,0,0,0,0,0,0,0,0,1,1,47,0,0,0,1,0,0,0,0,0,0,0,,0
00-0004172,Greg DeLong,TE,1999,7,REG,1999_07_KC_BAL,BAL,KC,0,0,0,0,0,0,0,0,0,0,0,0,2,4,5,0,0,0,0,0,,0,0,0,0,0,0,0,0,0,0,0,,0
00-0004293,Trent Dilfer,QB,1999,7,REG,1999_07_CHI_TB,TB,CHI,16,27,121,0,0,2,-20,5,31,0,2,0,0,0,0,0,0,0,0,0,,0,0,0,0,0,0,0,0,0,0,0,,0
00-0004294,Ken Dilger,TE,1999,7,REG,1999_07_CIN_IND,IND,CIN,0,0,0,0,0,0,0,0,0,0,0,0,3,5,25,1,2,0,0,0,,0,0,0,0,0,0,0,0,0,0,0,,0
00-0004304,Corey Dillon,RB,1999,7,REG,1999_07_CIN_IND,CIN,IND,0,0,0,0,0,0,0,6,7,0,0,0,1,2,6,0,0,0,0,0,,0,0,0,0,0,0,0,0,0,0,0,,0
00-0004524,Troy Drayton,TE,1999,7,REG,1999_07_PHI_MIA,MIA,PHI,0,0,0,0,0,0,0,0,0,0,0,0,4,4,38,0,1,0,0,0,,0,0,0,0,0,0,0,0,0,0,0,,0
00-0004574,Rickey Dudley,TE,1999,7,REG,1999_07_NYJ_OAK,LV,NYJ,0,0,0,0,0,0,0,0,0,0,0,0,2,3,36,0,2,0,0,0,,0,0,0,0,0,0,0,0,0,0,0,,0
00-0004634,David Dunn,WR,1999,7,REG,1999_07_CLE_STL,CLE,LA,0,0,0,0,0,0,0,0,0,0,0,0,0,1,0,0,0,0,0,0,,0,0,0,0,0,0,0,0,0,0,0,,0
00-0004640,Warrick Dunn,RB,1999,7,REG,1999_07_CHI_TB,TB,CHI,0,0,0,0,0,0,0,9,21,0,1,0,5,7,27,0,0,0,0,0,,0,0,0,0,0,0,0,0,0,0,0,,0
00-0004673,Tim Dwight,WR,1999,7,REG,1999_07_ATL_PIT,ATL,PIT,0,0,0,0,0,0,0,2,8,0,0,0,3,7,44,0,2,0,0,0,,0,0,0,0,0,0,0,0,0,0,0,,0
00-0004768,Marc Edwards,FB,1999,7,REG,1999_07_CLE_STL,CLE,LA,0,0,0,0,0,0,0,0,0,0,0,0,2,3,8,0,1,0,0,0,,0,0,0,0,0,0,0,0,0,0,0,,0
00-0004780,Troy Edwards,WR,1999,7,REG,1999_07_ATL_PIT,PIT,ATL,0,0,0,0,0,0,0,0,0,0,0,0,0,2,0,0,0,0,0,0,,0,0,0,0,0,0,0,0,0,0,0,,0
00-0004811,Jason Elam,K,1999,7,REG,1999_07_DEN_NE,DEN,NE,0,0,0,0,0,0,0,0,0,0,0,0,0,0,0,0,0,0,3,4,40,0,1,1,1,0,0,2,2,0,0,0,,0
00-0004915,Bobby Engram,WR,1999,7,REG,1999_07_CHI_TB,CHI,TB,0,0,0,0,0,0,0,0,0,0,0,0,4,11,64,0,1,0,0,0,,0,0,0,0,0,0,0,0,0,0,0,,0
00-0004916,Curtis Enis,RB,1999,7,REG,1999_07_CHI_TB,CHI,TB,0,0,0,0,0,0,0,20,69,0,5,0,3,6,10,0,1,0,0,0,,0,0,0,0,0,0,0,0,0,0,0,,0
00-0004972,Chuck Evans,RB,1999,7,REG,1999_07_KC_BAL,BAL,KC,0,0,0,0,0,0,0,0,0,0,0,0,4,4,13,0,1,0,0,0,,0,0,0,0,0,0,0,0,0,0,0,,0
00-0005091,Kevin Faulk,RB,1999,7,REG,1999_07_DEN_NE,NE,DEN,0,0,0,0,0,0,0,5,24,1,1,0,1,1,4,0,0,0,0,0,,0,0,0,0,0,0,0,0,0,0,0,,0
00-0005092,Marshall Faulk,RB,1999,7,REG,1999_07_CLE_STL,LA,CLE,0,0,0,0,0,0,0,16,133,1,7,0,9,9,67,0,3,0,0,0,,0,0,0,0,0,0,0,0,0,0,0,,0
00-0005101,Christian Fauria,TE,1999,7,REG,1999_07_BUF_SEA,SEA,BUF,0,0,0,0,0,0,0,0,0,0,0,0,3,5,42,0,2,0,0,0,,0,0,0,0,0,0,0,0,0,0,0,,0
00-0005106,Brett Favre,QB,1999,7,REG,1999_07_GB_SD,GB,LAC,12,22,173,3,1,1,-7,0,0,0,0,0,0,0,0,0,0,0,0,0,,0,0,0,0,0,0,0,0,0,0,0,,0
00-0005113,Jeff Feagles,P,1999,7,REG,1999_07_BUF_SEA,SEA,BUF,0,0,0,0,0,0,0,0,0,0,0,0,0,0,0,0,0,0,0,0,,0,0,0,0,0,0,0,0,5,160,160,38,3
00-0005324,Terrell Fletcher,RB,1999,7,REG,1999_07_GB_SD,LAC,GB,0,0,0,0,0,0,0,1,1,0,0,0,3,5,32,0,2,0,0,0,,0,0,0,0,0,0,0,0,0,0,0,,0
00-0005361,William Floyd,FB,1999,7,REG,1999_07_DET_CAR,CAR,DET,0,0,0,0,0,0,0,3,-2,0,0,0,0,1,0,0,0,0,0,0,,0,0,0,0,0,0,0,0,0,0,0,,0
00-0005363,Doug Flutie,QB,1999,7,REG,1999_07_BUF_SEA,BUF,SEA,24,50,294,2,2,3,-40,6,43,0,4,0,0,0,0,0,0,0,0,0,,0,0,0,0,0,0,0,0,0,0,0,,0
00-0005562,Antonio Freeman,WR,1999,7,REG,1999_07_GB_SD,GB,LAC,0,0,0,0,0,0,0,0,0,0,0,0,5,9,82,1,4,0,0,0,,0,0,0,0,0,0,0,0,0,0,0,,0
00-0005616,Irving Fryar,WR,1999,7,REG,1999_07_WAS_DAL,WAS,DAL,0,0,0,0,0,0,0,0,0,0,0,0,2,4,8,0,0,0,0,0,,0,0,0,0,0,0,0,0,0,0,0,,0
00-0005668,Oronde Gadsden,WR,1999,7,REG,1999_07_PHI_MIA,MIA,PHI,0,0,0,0,0,0,0,0,0,0,0,0,1,3,17,0,0,0,0,0,,0,0,0,0,0,0,0,0,0,0,0,,0
00-0005741,Rich Gannon,QB,1999,7,REG,1999_07_NYJ_OAK,LV,NYJ,26,51,352,2,1,2,-8,5,60,0,3,0,0,0,0,0,0,0,0,0,,0,0,0,0,0,0,0,0,0,0,0,,0
00-0005755,Jeff Garcia,QB,1999,7,REG,1999_07_SF_MIN,SF,MIN,14,31,188,0,2,2,-17,5,35,0,2,0,0,0,0,0,0,0,0,0,,0,0,0,0,0,0,0,0,0,0,0,,0
00-0005771,Chris Gardocki,P,1999,7,REG,1999_07_CLE_STL,CLE,LA,0,0,0,0,0,0,0,0,0,0,0,0,0,0,0,0,0,0,0,0,,0,0,0,0,0,0,0,0,5,244,229,58,1
00-0005779,Charlie Garner,RB,1999,7,REG,1999_07_SF_MIN,SF,MIN,0,0,0,0,0,0,0,10,27,0,1,0,2,5,13,0,0,0,0,0,,0,0,0,0,0,0,0,0,0,0,0,,0
00-0005816,Olandis Gary,RB,1999,7,REG,1999_07_DEN_NE,DEN,NE,0,0,0,0,0,0,0,19,90,0,4,0,4,4,39,0,2,0,0,0,,0,0,0,0,0,0,0,0,0,0,0,,0
00-0005822,Sam Gash,FB,1999,7,REG,1999_07_BUF_SEA,BUF,SEA,0,0,0,0,0,0,0,0,0,0,0,0,2,3,16,0,1,0,0,0,,0,0,0,0,0,0,0,0,0,0,0,,0
00-0005885,Jeff George,QB,1999,7,REG,1999_07_SF_MIN,MIN,SF,15,28,250,3,1,1,-10,0,0,0,0,0,0,0,0,0,0,0,0,0,,0,0,0,0,0,0,0,0,0,0,0,,0
00-0005902,Joe Germaine,QB,1999,7,REG,1999_07_CLE_STL,LA,CLE,0,0,0,0,0,0,0,2,-2,0,0,0,0,0,0,0,0,0,0,0,,0,0,0,0,0,0,0,0,0,0,0,,0
00-0006043,Terry Glenn,WR,1999,7,REG,1999_07_DEN_NE,NE,DEN,0,0,0,0,0,0,0,0,0,0,0,0,2,4,80,0,2,0,0,0,,0,0,0,0,0,0,0,0,0,0,0,,0
00-0006047,Andrew Glover,TE,1999,7,REG,1999_07_SF_MIN,MIN,SF,0,0,0,0,0,0,0,0,0,0,0,0,1,3,5,0,0,0,0,0,,0,0,0,0,0,0,0,0,0,0,0,,0
00-0006101,Tony Gonzalez,TE,1999,7,REG,1999_07_KC_BAL,KC,BAL,0,0,0,0,0,0,0,0,0,0,0,0,4,4,54,2,4,0,0,0,,0,0,0,0,0,0,0,0,0,0,0,,0
00-0006133,Hunter Goodwin,TE,1999,7,REG,1999_07_PHI_MIA,MIA,PHI,0,0,0,0,0,0,0,0,0,0,0,0,1,1,14,0,1,0,0,0,,0,0,0,0,0,0,0,0,0,0,0,,0
00-0006181,Toby Gowin,P,1999,7,REG,1999_07_WAS_DAL,DAL,WAS,0,0,0,0,0,0,0,0,0,0,0,0,0,0,0,0,0,0,0,0,,0,0,0,0,0,0,0,0,4,213,181,62,1
00-0006210,Jeff Graham,WR,1999,7,REG,1999_07_GB_SD,LAC,GB,0,0,0,0,0,0,0,0,0,0,0,0,2,13,39,0,1,0,0,0,,0,0,0,0,0,0,0,0,0,0,0,,0
00-0006212,Kent Graham,QB,1999,7,REG,1999_07_NO_NYG,NYG,NO,19,29,239,2,1,4,-24,3,9,1,2,0,0,0,0,0,0,0,0,0,,0,0,0,0,0,0,0,0,0,0,0,,0
00-0006223,Martin Gramatica,K,1999,7,REG,1999_07_CHI_TB,TB,CHI,0,0,0,0,0,0,0,0,0,0,0,0,0,0,0,0,0,0,2,4,49,0,0,1,1,0,0,0,0,0,0,0,,0
00-0006300,Elvis Grbac,QB,1999,7,REG,1999_07_KC_BAL,KC,BAL,9,16,112,2,0,1,-6,2,7,0,0,0,0,0,0,0,0,0,0,0,,0,0,0,0,0,0,0,0,0,0,0,,0
00-0006305,Ahman Green,RB,1999,7,REG,1999_07_BUF_SEA,SEA,BUF,0,0,0,0,0,0,0,3,29,0,2,0,0,2,0,0,0,0,0,0,,0,0,0,0,0,0,0,0,0,0,0,,0
00-0006322,E.G. Green,WR,1999,7,REG,1999_07_CIN_IND,IND,CIN,0,0,0,0,0,0,0,0,0,0,0,0,0,1,0,0,0,0,0,0,,0,0,0,0,0,0,0,0,0,0,0,,0
00-0006324,Eric Green,TE,1999,7,REG,1999_07_NYJ_OAK,NYJ,LV,0,0,0,0,0,0,0,0,0,0,0,0,2,2,7,1,2,0,0,0,,0,0,0,0,0,0,0,0,0,0,0,,0
00-0006331,Jacquez Green,WR,1999,7,REG,1999_07_CHI_TB,TB,CHI,0,0,0,0,0,0,0,0,0,0,0,0,1,2,14,0,1,0,0,0,,0,0,0,0,0,0,0,0,0,0,0,,0
00-0006423,Brian Griese,QB,1999,7,REG,1999_07_DEN_NE,DEN,NE,25,38,316,1,0,3,-7,3,23,1,2,0,0,0,0,0,0,0,0,0,,0,0,0,0,0,0,0,0,0,0,0,,0
00-0006431,Damon Griffin,WR,1999,7,REG,1999_07_CIN_IND,CIN,IND,0,0,0,0,0,0,0,0,0,0,0,0,1,1,7,0,0,0,0,0,,0,0,0,0,0,0,0,0,0,0,0,,0
00-0006456,Howard Griffith,RB,1999,7,REG,1999_07_DEN_NE,DEN,NE,0,0,0,0,0,0,0,2,7,0,0,0,0,2,0,0,0,0,0,0,,0,0,0,0,0,0,0,0,0,0,0,,0
00-0006482,Clif Groce,FB,1999,7,REG,1999_07_CIN_IND,CIN,IND,0,0,0,0,0,0,0,0,0,0,0,0,1,2,3,0,0,0,0,0,,0,0,0,0,0,0,0,0,0,0,0,,0
00-0006662,John Hall,K,1999,7,REG,1999_07_NYJ_OAK,NYJ,LV,0,0,0,0,0,0,0,0,0,0,0,0,0,0,0,0,0,0,3,3,43,0,0,2,1,0,0,2,2,0,0,0,,0
00-0006791,Brian Hansen,P,1999,7,REG,1999_07_WAS_DAL,WAS,DAL,0,0,0,0,0,0,0,0,0,0,0,0,0,0,0,0,0,0,0,0,,0,0,0,0,0,0,0,0,6,229,148,43,0
00-0006800,Jason Hanson,K,1999,7,REG,1999_07_DET_CAR,DET,CAR,0,0,0,0,0,0,0,0,0,0,0,0,0,0,0,0,0,0,1,1,29,0,1,0,0,0,0,3,3,0,0,0,,0
00-0006803,Byron Hanspard,RB,1999,7,REG,1999_07_ATL_PIT,ATL,PIT,0,0,0,0,0,0,0,4,6,0,0,0,0,0,0,0,0,0,0,0,,0,0,0,0,0,0,0,0,0,0,0,,0
00-0006808,Jim Harbaugh,QB,1999,7,REG,1999_07_GB_SD,LAC,GB,7,18,78,0,3,2,-9,0,0,0,0,0,0,0,0,0,0,0,0,0,,0,0,0,0,0,0,0,0,0,0,0,,0
00-0006877,Alvin Harper,WR,1999,7,REG,1999_07_WAS_DAL,DAL,WAS,0,0,0,0,0,0,0,0,0,0,0,0,0,1,0,0,0,0,0,0,,0,0,0,0,0,0,0,0,0,0,0,,0
00-0006977,Mark Harris,WR,1999,7,REG,1999_07_SF_MIN,SF,MIN,0,0,0,0,0,0,0,0,0,0,0,0,1,1,33,0,1,0,0,0,,0,0,0,0,0,0,0,0,0,0,0,,0
00-0007024,Marvin Harrison,WR,1999,7,REG,1999_07_CIN_IND,IND,CIN,0,0,0,0,0,0,0,0,0,0,0,0,8,16,156,1,5,0,0,0,,0,0,0,0,0,0,0,0,0,0,0,,0
00-0007091,Matt Hasselbeck,QB,1999,7,REG,1999_07_GB_SD,GB,LAC,0,3,0,0,0,0,0,2,12,0,1,0,0,0,0,0,0,0,0,0,,0,0,0,0,0,0,0,0,0,0,0,,0
00-0007093,Andre Hastings,WR,1999,7,REG,1999_07_NO_NYG,NO,NYG,0,0,0,0,0,0,0,0,0,0,0,0,1,6,24,0,1,0,0,0,,0,0,0,0,0,0,0,0,0,0,0,,0
00-0007103,Matt Hatchette,WR,1999,7,REG,1999_07_SF_MIN,MIN,SF,0,0,0,0,0,0,0,0,0,0,0,0,2,2,88,1,2,0,0,0,,0,0,0,0,0,0,0,0,0,0,0,,0
00-0007120,Courtney Hawkins,WR,1999,7,REG,1999_07_ATL_PIT,PIT,ATL,0,0,0,0,0,0,0,0,0,0,0,0,3,6,27,0,2,0,0,0,,0,0,0,0,0,0,0,0,0,0,0,,0
00-0007144,Donald Hayes,WR,1999,7,REG,1999_07_DET_CAR,CAR,DET,0,0,0,0,0,0,0,0,0,0,0,0,1,3,7,0,0,0,0,0,,0,0,0,0,0,0,0,0,0,0,0,,0
00-0007254,William Henderson,FB,1999,7,REG,1999_07_GB_SD,GB,LAC,0,0,0,0,0,0,0,0,0,0,0,0,1,2,7,1,1,0,0,0,,0,0,0,0,0,0,0,0,0,0,0,,0
00-0007387,Robert Hicks,OT,1999,7,REG,1999_07_BUF_SEA,BUF,SEA,0,0,0,0,0,0,0,1,-2,0,0,0,0,0,0,0,0,0,0,0,,0,0,0,0,0,0,0,0,0,0,0,,0
00-0007436,Greg Hill,RB,1999,7,REG,1999_07_DET_CAR,DET,CAR,0,0,0,0,0,0,0,16,70,0,2,0,1,3,5,0,0,0,0,0,,0,0,0,0,0,0,0,0,0,0,0,,0
00-0007468,Ike Hilliard,WR,1999,7,REG,1999_07_NO_NYG,NYG,NO,0,0,0,0,0,0,0,1,24,0,1,0,3,6,17,0,2,0,0,0,,0,0,0,0,0,0,0,0,0,0,0,,0
00-0007520,Leroy Hoard,RB,1999,7,REG,1999_07_SF_MIN,MIN,SF,0,0,0,0,0,0,0,17,105,1,5,1,0,0,0,0,0,0,0,0,,0,0,0,0,0,0,0,0,0,0,0,,0
00-0007546,James Hodgins,RB,1999,7,REG,1999_07_CLE_STL,LA,CLE,0,0,0,0,0,0,0,0,0,0,0,0,2,2,14,0,0,0,0,0,,0,0,0,0,0,0,0,0,0,0,0,,0
00-0007681,Torry Holt,WR,1999,7,REG,1999_07_CLE_STL,LA,CLE,0,0,0,0,0,0,0,1,5,0,0,0,2,2,24,0,1,0,0,0,,0,0,0,0,0,0,0,0,0,0,0,,0
00-0007744,Joe Horn,WR,1999,7,REG,1999_07_KC_BAL,KC,BAL,0,0,0,0,0,0,0,0,0,0,0,0,1,1,17,0,1,0,0,0,,0,0,0,0,0,0,0,0,0,0,0,,0
00-0007798,Desmond Howard,WR,1999,7,REG,1999_07_GB_SD,GB,LAC,0,0,0,0,0,0,0,0,0,0,0,0,0,1,0,0,0,0,0,0,,0,0,0,0,0,0,0,0,0,0,0,,0
00-0007835,Damon Huard,QB,1999,7,REG,1999_07_PHI_MIA,MIA,PHI,15,21,142,0,1,1,-8,6,12,0,2,0,0,0,0,0,0,0,0,0,,0,0,0,0,0,0,0,0,0,0,0,,0
00-0007969,Richard Huntley,RB,1999,7,REG,1999_07_ATL_PIT,PIT,ATL,0,0,0,0,0,0,0,1,3,0,0,0,2,2,12,1,1,0,0,0,,0,0,0,0,0,0,0,0,0,0,0,,0
00-0007983,Michael Husted,K,1999,7,REG,1999_07_NYJ_OAK,LV,NYJ,0,0,0,0,0,0,0,0,0,0,0,0,0,0,0,0,0,0,1,1,25,0,1,0,0,0,0,3,3,0,0,0,,0
00-0007993,Tom Hutton,P,1999,7,REG,1999_07_PHI_MIA,MIA,PHI,0,0,0,0,0,0,0,0,0,0,0,0,0,0,0,0,0,0,0,0,,0,0,0,0,0,0,0,0,4,172,118,55,0
00-0008046,Sedrick Irvin,RB,1999,7,REG,1999_07_DET_CAR,DET,CAR,0,0,0,0,0,0,0,5,9,1,2,0,2,2,28,0,2,0,0,0,,0,0,0,0,0,0,0,0,0,0,0,,0
00-0008059,Qadry Ismail,WR,1999,7,REG,1999_07_KC_BAL,BAL,KC,0,0,0,0,0,0,0,0,0,0,0,0,3,10,25,0,1,0,0,0,,0,0,0,0,0,0,0,0,0,0,0,,0
00-0008060,Raghib Ismail,WR,1999,7,REG,1999_07_WAS_DAL,DAL,WAS,0,0,0,0,0,0,0,1,19,0,1,0,6,7,76,1,3,1,0,0,,0,0,0,0,0,0,0,0,0,0,0,,0
00-0008190,Sheldon Jackson,TE,1999,7,REG,1999_07_BUF_SEA,BUF,SEA,0,0,0,0,0,0,0,0,0,0,0,0,0,1,0,0,0,0,0,0,,0,0,0,0,0,0,0,0,0,0,0,,0
00-0008210,Willie Jackson,WR,1999,7,REG,1999_07_CIN_IND,CIN,IND,0,0,0,0,0,0,0,0,0,0,0,0,2,6,27,0,2,0,0,0,,0,0,0,0,0,0,0,0,0,0,0,,0
00-0008241,Edgerrin James,RB,1999,7,REG,1999_07_CIN_IND,IND,CIN,0,0,0,0,0,0,0,26,52,2,3,0,1,4,33,0,1,0,0,0,,0,0,0,0,0,0,0,0,0,0,0,,0
00-0008300,Patrick Jeffers,WR,1999,7,REG,1999_07_DET_CAR,CAR,DET,0,0,0,0,0,0,0,0,0,0,0,0,5,7,60,0,2,0,0,0,,0,0,0,0,0,0,0,0,0,0,0,,0
00-0008313,Shawn Jefferson,WR,1999,7,REG,1999_07_DEN_NE,NE,DEN,0,0,0,0,0,0,0,0,0,0,0,0,2,2,11,0,1,0,0,0,,0,0,0,0,0,0,0,0,0,0,0,,0
00-0008329,Dietrich Jells,WR,1999,7,REG,1999_07_PHI_MIA,PHI,MIA,0,0,0,0,0,0,0,0,0,0,0,0,1,2,8,0,0,0,0,0,,0,0,0,0,0,0,0,0,0,0,0,,0
00-0008400,James Jett,WR,1999,7,REG,1999_07_NYJ_OAK,LV,NYJ,0,0,0,0,0,0,0,0,0,0,0,0,4,10,58,1,4,0,0,0,,0,0,0,0,0,0,0,0,0,0,0,,0
00-0008401,John Jett,P,1999,7,REG,1999_07_DET_CAR,DET,CAR,0,0,0,0,0,0,0,0,0,0,0,0,0,0,0,0,0,0,0,0,,0,0,0,0,0,0,0,0,3,114,75,43,1
00-0008430,Anthony Johnson,RB,1999,7,REG,1999_07_DET_CAR,CAR,DET,0,0,0,0,0,0,0,0,0,0,0,0,4,4,41,0,2,0,0,0,,0,0,0,0,0,0,0,0,0,0,0,,0
00-0008442,Brad Johnson,QB,1999,7,REG,1999_07_WAS_DAL,WAS,DAL,23,35,218,2,0,1,-7,1,-1,0,0,0,0,0,0,0,0,0,0,0,,0,0,0,0,0,0,0,0,0,0,0,,0
00-0008454,Charles Johnson,WR,1999,7,REG,1999_07_PHI_MIA,PHI,MIA,0,0,0,0,0,0,0,0,0,0,0,0,4,10,59,0,4,0,0,0,,0,0,0,0,0,0,0,0,0,0,0,,0
00-0008529,J.J. Johnson,RB,1999,7,REG,1999_07_PHI_MIA,MIA,PHI,0,0,0,0,0,0,0,5,35,1,2,0,0,0,0,0,0,0,0,0,,0,0,0,0,0,0,0,0,0,0,0,,0
00-0008560,Kevin Johnson,WR,1999,7,REG,1999_07_CLE_STL,CLE,LA,0,0,0,0,0,0,0,0,0,0,0,0,3,8,35,0,2,0,0,0,,0,0,0,0,0,0,0,0,0,0,0,,0
00-0008561,Keyshawn Johnson,WR,1999,7,REG,1999_07_NYJ_OAK,NYJ,LV,0,0,0,0,0,0,0,0,0,0,0,0,5,9,72,0,3,0,0,0,,0,0,0,0,0,0,0,0,0,0,0,,0
00-0008566,Lee Johnson,P,1999,7,REG,1999_07_DEN_NE,NE,DEN,0,0,0,0,0,0,0,0,0,0,0,0,0,0,0,0,0,0,0,0,,0,0,0,0,0,0,0,0,7,319,254,55,3
00-0008570,LeShon Johnson,RB,1999,7,REG,1999_07_NO_NYG,NYG,NO,0,0,0,0,0,0,0,18,36,0,2,0,2,3,16,0,0,0,0,0,,0,0,0,0,0,0,0,0,0,0,0,,0
00-0008572,Lonnie Johnson,TE,1999,7,REG,1999_07_KC_BAL,KC,BAL,0,0,0,0,0,0,0,0,0,0,0,0,1,2,6,0,1,0,0,0,,0,0,0,0,0,0,0,0,0,0,0,,0
00-0008593,Norm Johnson,K,1999,7,REG,1999_07_PHI_MIA,PHI,MIA,0,0,0,0,0,0,0,0,0,0,0,0,0,0,0,0,0,0,1,2,44,0,0,0,1,0,0,1,1,0,0,0,,0
00-0008749,Freddie Jones,TE,1999,7,REG,1999_07_GB_SD,LAC,GB,0,0,0,0,0,0,0,0,0,0,0,0,7,11,87,0,5,0,0,0,,0,0,0,0,0,0,0,0,0,0,0,,0
00-0008903,Andrew Jordan,TE,1999,7,REG,1999_07_SF_MIN,MIN,SF,0,0,0,0,0,0,0,0,0,0,0,0,1,1,7,1,1,0,0,0,,0,0,0,0,0,0,0,0,0,0,0,,0
00-0008921,Randy Jordan,RB,1999,7,REG,1999_07_NYJ_OAK,LV,NYJ,0,0,0,0,0,0,0,0,0,0,0,0,1,3,9,0,0,0,0,0,,0,0,0,0,0,0,0,0,0,0,0,,0
00-0008962,Joe Jurevicius,WR,1999,7,REG,1999_07_NO_NYG,NYG,NO,0,0,0,0,0,0,0,0,0,0,0,0,2,3,63,1,2,0,0,0,,0,0,0,0,0,0,0,0,0,0,0,,0
00-0008970,Paul Justin,QB,1999,7,REG,1999_07_CLE_STL,LA,CLE,4,5,25,0,0,1,-3,0,0,0,0,0,0,0,0,0,0,0,0,0,,0,0,0,0,0,0,0,0,0,0,0,,0
00-0009028,John Kasay,K,1999,7,REG,1999_07_DET_CAR,CAR,DET,0,0,0,0,0,0,0,0,0,0,0,0,0,0,0,0,0,0,3,3,30,0,2,1,0,0,0,0,0,0,0,0,,0
00-0009038,Napoleon Kaufman,RB,1999,7,REG,1999_07_NYJ_OAK,LV,NYJ,0,0,0,0,0,0,0,7,33,0,1,0,0,2,0,0,0,0,0,0,,0,0,0,0,0,0,0,0,0,0,0,,0
00-0009163,Eddie Kennison,WR,1999,7,REG,1999_07_NO_NYG,NO,NYG,0,0,0,0,0,0,0,0,0,0,0,0,5,8,62,0,2,0,0,0,,0,0,0,0,0,0,0,0,0,0,0,,0
00-0009237,Brian Kinchen,TE,1999,7,REG,1999_07_DET_CAR,CAR,DET,0,0,0,0,0,0,0,0,0,0,0,0,1,1,8,0,1,0,0,0,,0,0,0,0,0,0,0,0,0,0,0,,0
00-0009288,Terry Kirby,RB,1999,7,REG,1999_07_CLE_STL,CLE,LA,0,0,0,0,0,0,0,6,12,0,0,0,6,8,18,0,1,0,0,0,,0,0,0,0,0,0,0,0,0,0,0,,0
00-0009311,Jon Kitna,QB,1999,7,REG,1999_07_BUF_SEA,SEA,BUF,17,30,276,2,0,1,-1,6,4,0,0,0,0,0,0,0,0,0,0,0,,0,0,0,0,0,0,0,0,0,0,0,,0
00-0009451,Erik Kramer,QB,1999,7,REG,1999_07_GB_SD,LAC,GB,18,36,161,0,3,1,-3,3,3,0,0,0,0,0,0,0,0,0,0,0,,0,0,0,0,0,0,0,0,0,0,0,,0
00-0009550,David LaFleur,TE,1999,7,REG,1999_07_WAS_DAL,DAL,WAS,0,0,0,0,0,0,0,0,0,0,0,0,4,6,34,1,2,0,0,0,,0,0,0,0,0,0,0,0,0,0,0,,0
00-0009584,Sean Landeta,P,1999,7,REG,1999_07_PHI_MIA,PHI,MIA,0,0,0,0,0,0,0,0,0,0,0,0,0,0,0,0,0,0,0,0,,0,0,0,0,0,0,0,0,5,239,170,53,0
00-0009599,Fred Lane,RB,1999,7,REG,1999_07_DET_CAR,CAR,DET,0,0,0,0,0,0,0,6,20,0,1,0,2,3,3,0,0,0,0,0,,0,0,0,0,0,0,0,0,0,0,0,,0
00-0009819,Tim Lester,RB,1999,7,REG,1999_07_WAS_DAL,DAL,WAS,0,0,0,0,0,0,0,0,0,0,0,0,1,1,6,0,0,0,0,0,,0,0,0,0,0,0,0,0,0,0,0,,0
00-0009829,Dorsey Levens,RB,1999,7,REG,1999_07_GB_SD,GB,LAC,0,0,0,0,0,0,0,21,77,1,6,1,1,2,25,0,1,0,0,0,,0,0,0,0,0,0,0,0,0,0,0,,0
00-0009869,Jermaine Lewis,WR,1999,7,REG,1999_07_KC_BAL,BAL,KC,0,0,0,0,0,0,0,1,2,0,0,0,2,6,4,0,1,0,0,0,,0,0,0,0,0,0,0,0,0,0,0,,0
00-0009960,Jonathan Linton,FB,1999,7,REG,1999_07_BUF_SEA,BUF,SEA,0,0,0,0,0,0,0,8,23,0,1,0,2,4,11,0,0,0,0,0,,0,0,0,0,0,0,0,0,0,0,0,,0
00-0010007,Kevin Lockett,WR,1999,7,REG,1999_07_KC_BAL,KC,BAL,0,0,0,0,0,0,0,0,0,0,0,0,2,4,31,0,2,0,0,0,,0,0,0,0,0,0,0,0,0,0,0,,0
00-0010072,Ryan Longwell,K,1999,7,REG,1999_07_GB_SD,GB,LAC,0,0,0,0,0,0,0,0,0,0,0,0,0,0,0,0,0,0,1,1,46,0,0,0,1,0,0,4,4,0,0,0,,0
00-0010092,Kamil Loud,WR,1999,7,REG,1999_07_BUF_SEA,BUF,SEA,0,0,0,0,0,0,0,0,0,0,0,0,5,6,55,0,3,0,0,0,,0,0,0,0,0,0,0,0,0,0,0,,0
00-0010146,Mike Lucky,TE,1999,7,REG,1999_07_WAS_DAL,DAL,WAS,0,0,0,0,0,0,0,0,0,0,0,0,1,1,5,0,0,0,0,0,,0,0,0,0,0,0,0,0,0,0,0,,0
00-0010346,Peyton Manning,QB,1999,7,REG,1999_07_CIN_IND,IND,CIN,17,33,284,2,1,1,-6,2,5,0,0,0,0,0,0,0,0,0,0,0,,0,0,0,0,0,0,0,0,0,0,0,,0
00-0010373,Olindo Mare,K,1999,7,REG,1999_07_PHI_MIA,MIA,PHI,0,0,0,0,0,0,0,0,0,0,0,0,0,0,0,0,0,0,3,3,54,0,0,2,0,1,0,1,1,0,0,0,,0
00-0010442,Curtis Martin,RB,1999,7,REG,1999_07_NYJ_OAK,NYJ,LV,0,0,0,0,0,0,0,26,123,0,4,0,2,2,14,0,1,0,0,0,,0,0,0,0,0,0,0,0,0,0,0,,0
00-0010477,Tony Martin,WR,1999,7,REG,1999_07_PHI_MIA,MIA,PHI,0,0,0,0,0,0,0,0,0,0,0,0,3,6,26,0,1,0,0,0,,0,0,0,0,0,0,0,0,0,0,0,,0
00-0010539,Terance Mathis,WR,1999,7,REG,1999_07_ATL_PIT,ATL,PIT,0,0,0,0,0,0,0,0,0,0,0,0,12,17,166,1,10,0,0,0,,0,0,0,0,0,0,0,0,0,0,0,,0
00-0010599,Derrick Mayes,WR,1999,7,REG,1999_07_BUF_SEA,SEA,BUF,0,0,0,0,0,0,0,0,0,0,0,0,6,7,105,2,4,0,0,0,,0,0,0,0,0,0,0,0,0,0,0,,0
00-0010609,Brad Maynard,P,1999,7,REG,1999_07_NO_NYG,NYG,NO,0,0,0,0,0,0,0,0,0,0,0,0,0,0,0,0,0,0,0,0,,0,0,0,0,0,0,0,0,6,241,210,55,1
00-0010650,Ed McCaffrey,WR,1999,7,REG,1999_07_DEN_NE,DEN,NE,0,0,0,0,0,0,0,0,0,0,0,0,5,8,111,0,3,0,0,0,,0,0,0,0,0,0,0,0,0,0,0,,0
00-0010747,Fred McCrary,RB,1999,7,REG,1999_07_GB_SD,LAC,GB,0,0,0,0,0,0,0,0,0,0,0,0,1,2,-1,0,0,0,0,0,,0,0,0,0,0,0,0,0,0,0,0,,0
00-0010796,Darnell McDonald,WR,1999,7,REG,1999_07_CHI_TB,TB,CHI,0,0,0,0,0,0,0,0,0,0,0,0,3,4,17,0,0,0,0,0,,0,0,0,0,0,0,0,0,0,0,0,,0
00-0010824,O.J. McDuffie,WR,1999,7,REG,1999_07_PHI_MIA,MIA,PHI,0,0,0,0,0,0,0,0,0,0,0,0,4,4,41,0,3,0,0,0,,0,0,0,0,0,0,0,0,0,0,0,,0
00-0010859,Tony McGee,TE,1999,7,REG,1999_07_CIN_IND,CIN,IND,0,0,0,0,0,0,0,0,0,0,0,0,0,2,0,0,0,0,0,0,,0,0,0,0,0,0,0,0,0,0,0,,0
00-0011044,Cade McNown,QB,1999,7,REG,1999_07_CHI_TB,CHI,TB,9,23,82,0,1,2,-10,3,10,0,1,0,0,0,0,0,0,0,0,0,,0,0,0,0,0,0,0,0,0,0,0,,0
00-0011081,Natrone Means,RB,1999,7,REG,1999_07_GB_SD,LAC,GB,0,0,0,0,0,0,0,12,28,0,2,0,0,0,0,0,0,0,0,0,,0,0,0,0,0,0,0,0,0,0,0,,0
00-0011151,Eric Metcalf,WR,1999,7,REG,1999_07_DET_CAR,CAR,DET,0,0,0,0,0,0,0,1,17,0,1,0,0,1,0,0,0,0,0,0,,0,0,0,0,0,0,0,0,0,0,0,,0
00-0011187,Terry Mickens,WR,1999,7,REG,1999_07_NYJ_OAK,LV,NYJ,0,0,0,0,0,0,0,0,0,0,0,0,4,6,42,0,2,0,0,0,,0,0,0,0,0,0,0,0,0,0,0,,0
00-0011236,Billy Miller,TE,1999,7,REG,1999_07_DEN_NE,DEN,NE,0,0,0,0,0,0,0,0,0,0,0,0,1,1,11,0,1,0,0,0,,0,0,0,0,0,0,0,0,0,0,0,,0
00-0011276,Jim Miller,QB,1999,7,REG,1999_07_CHI_TB,CHI,TB,10,22,117,0,1,0,0,0,0,0,0,0,0,0,0,0,0,0,0,0,,0,0,0,0,0,0,0,0,0,0,0,,0
00-0011279,Josh Miller,P,1999,7,REG,1999_07_ATL_PIT,PIT,ATL,0,0,0,0,0,0,0,1,-9,0,0,0,0,0,0,0,0,0,0,0,,0,0,0,0,0,0,0,0,6,274,239,60,2
00-0011328,Ernie Mills,WR,1999,7,REG,1999_07_WAS_DAL,DAL,WAS,0,0,0,0,0,0,0,0,0,0,0,0,3,4,24,0,2,0,0,0,,0,0,0,0,0,0,0,0,0,0,0,,0
00-0011378,Rick Mirer,QB,1999,7,REG,1999_07_NYJ_OAK,NYJ,LV,13,22,158,1,2,2,-11,6,14,1,1,0,0,0,0,0,0,0,0,0,,0,0,0,0,0,0,0,0,0,0,0,,0
00-0011392,Basil Mitchell,RB,1999,7,REG,1999_07_GB_SD,GB,LAC,0,0,0,0,0,0,0,1,5,0,0,0,0,0,0,0,0,0,0,0,,0,0,0,0,0,0,0,0,0,0,0,,0
00-0011399,Brian Mitchell,RB,1999,7,REG,1999_07_WAS_DAL,WAS,DAL,0,0,0,0,0,0,0,0,0,0,0,0,3,5,17,0,1,0,0,0,,0,0,0,0,0,0,0,0,0,0,0,,0
00-0011425,Pete Mitchell,TE,1999,7,REG,1999_07_NO_NYG,NYG,NO,0,0,0,0,0,0,0,0,0,0,0,0,5,5,69,0,4,0,0,0,,0,0,0,0,0,0,0,0,0,0,0,,0
00-0011463,Chris Mohr,P,1999,7,REG,1999_07_BUF_SEA,BUF,SEA,0,0,0,0,0,0,0,0,0,0,0,0,0,0,0,0,0,0,0,0,,0,0,0,0,0,0,0,0,6,219,214,40,2
00-0011506,Joe Montgomery,RB,1999,7,REG,1999_07_NO_NYG,NYG,NO,0,0,0,0,0,0,0,14,28,1,1,1,0,0,0,0,0,0,0,0,,0,0,0,0,0,0,0,0,0,0,0,,0
00-0011551,Dave Moore,TE,1999,7,REG,1999_07_CHI_TB,TB,CHI,0,0,0,0,0,0,0,0,0,0,0,0,1,2,7,0,0,0,0,0,,0,0,0,0,0,0,0,0,0,0,0,,0
00-0011675,Bam Morris,RB,1999,7,REG,1999_07_KC_BAL,KC,BAL,0,0,0,0,0,0,0,16,70,1,2,0,0,0,0,0,0,0,0,0,,0,0,0,0,0,0,0,0,0,0,0,,0
00-0011718,Harold Morrow,FB,1999,7,REG,1999_07_SF_MIN,MIN,SF,0,0,0,0,0,0,0,2,1,0,0,0,0,0,0,0,0,0,0,0,,0,0,0,0,0,0,0,0,0,0,0,,0
00-0011727,Johnnie Morton,WR,1999,7,REG,1999_07_DET_CAR,DET,CAR,0,0,0,0,0,0,0,0,0,0,0,0,5,5,66,0,4,0,0,0,,0,0,0,0,0,0,0,0,0,0,0,,0
00-0011754,Randy Moss,WR,1999,7,REG,1999_07_SF_MIN,MIN,SF,0,0,0,0,0,0,0,1,11,0,1,0,1,4,24,0,1,0,0,0,,0,0,0,0,0,0,0,0,0,0,0,,0
00-0011795,Muhsin Muhammad,WR,1999,7,REG,1999_07_DET_CAR,CAR,DET,0,0,0,0,0,0,0,0,0,0,0,0,4,12,62,0,3,0,0,0,,0,0,0,0,0,0,0,0,0,0,0,,0
00-0012317,A.J. Ofodile,TE,1999,7,REG,1999_07_KC_BAL,BAL,KC,0,0,0,0,0,0,0,0,0,0,0,0,2,2,13,0,0,0,0,0,,0,0,0,0,0,0,0,0,0,0,0,,0
00-0012321,Jeff Ogden,WR,1999,7,REG,1999_07_WAS_DAL,DAL,WAS,0,0,0,0,0,0,0,0,0,0,0,0,1,2,25,0,1,0,0,0,,0,0,0,0,0,0,0,0,0,0,0,,0
00-0012480,Ken Oxendine,RB,1999,7,REG,1999_07_ATL_PIT,ATL,PIT,0,0,0,0,0,0,0,14,30,0,0,0,0,1,0,0,0,0,0,0,,0,0,0,0,0,0,0,0,0,0,0,,0
00-0012515,David Palmer,RB,1999,7,REG,1999_07_SF_MIN,MIN,SF,0,0,0,0,0,0,0,2,7,0,0,0,0,0,0,0,0,0,0,0,,0,0,0,0,0,0,0,0,0,0,0,,0
00-0012556,De'Mond Parker,RB,1999,7,REG,1999_07_GB_SD,GB,LAC,0,0,0,0,0,0,0,4,35,0,1,0,0,0,0,0,0,0,0,0,,0,0,0,0,0,0,0,0,0,0,0,,0
00-0012603,Bernie Parmalee,RB,1999,7,REG,1999_07_NYJ_OAK,NYJ,LV,0,0,0,0,0,0,0,0,0,0,0,0,1,1,7,0,0,0,0,0,,0,0,0,0,0,0,0,0,0,0,0,,0
00-0012642,David Patten,WR,1999,7,REG,1999_07_NO_NYG,NYG,NO,0,0,0,0,0,0,0,0,0,0,0,0,0,1,0,0,0,0,0,0,,0,0,0,0,0,0,0,0,0,0,0,,0
00-0012726,Doug Pederson,QB,1999,7,REG,1999_07_PHI_MIA,PHI,MIA,13,25,108,0,1,4,-19,3,20,0,1,0,0,0,0,0,0,0,0,0,,0,0,0,0,0,0,0,0,0,0,0,,0
00-0012742,Doug Pelfrey,K,1999,7,REG,1999_07_CIN_IND,CIN,IND,0,0,0,0,0,0,0,0,0,0,0,0,0,0,0,0,0,0,1,1,32,0,0,1,0,0,0,1,1,0,0,0,,0
00-0012764,Chris Penn,WR,1999,7,REG,1999_07_GB_SD,LAC,GB,0,0,0,0,0,0,0,0,0,0,0,0,2,6,23,0,2,0,0,0,,0,0,0,0,0,0,0,0,0,0,0,,0
00-0012875,Todd Peterson,K,1999,7,REG,1999_07_BUF_SEA,SEA,BUF,0,0,0,0,0,0,0,0,0,0,0,0,0,0,0,0,0,0,4,4,42,0,1,1,2,0,0,2,2,0,0,0,,0
00-0012931,Lawrence Phillips,RB,1999,7,REG,1999_07_SF_MIN,SF,MIN,0,0,0,0,0,0,0,1,0,0,0,0,3,4,49,0,1,0,0,0,,0,0,0,0,0,0,0,0,0,0,0,,0
00-0012953,Carl Pickens,WR,1999,7,REG,1999_07_CIN_IND,CIN,IND,0,0,0,0,0,0,0,0,0,0,0,0,3,8,46,0,2,0,0,0,,0,0,0,0,0,0,0,0,0,0,0,,0
00-0012971,Aaron Pierce,TE,1999,7,REG,1999_07_KC_BAL,BAL,KC,0,0,0,0,0,0,0,0,0,0,0,0,2,5,35,0,2,0,0,0,,0,0,0,0,0,0,0,0,0,0,0,,0
00-0013080,Marcus Pollard,TE,1999,7,REG,1999_07_CIN_IND,IND,CIN,0,0,0,0,0,0,0,0,0,0,0,0,2,2,16,0,1,0,0,0,,0,0,0,0,0,0,0,0,0,0,0,,0
00-0013108,Daniel Pope,P,1999,7,REG,1999_07_KC_BAL,KC,BAL,0,0,0,0,0,0,0,0,0,0,0,0,0,0,0,0,0,0,0,0,,0,0,0,0,0,0,0,0,8,359,316,52,0
00-0013173,Marvin Powell,RB,1999,7,REG,1999_07_NO_NYG,NO,NYG,0,0,0,0,0,0,0,1,1,0,0,0,0,0,0,0,0,0,0,0,,0,0,0,0,0,0,0,0,0,0,0,,0
00-0013232,Peerless Price,WR,1999,7,REG,1999_07_BUF_SEA,BUF,SEA,0,0,0,0,0,0,0,0,0,0,0,0,5,10,106,1,4,0,0,0,,0,0,0,0,0,0,0,0,0,0,0,,0
00-0013262,Stanley Pritchett,RB,1999,7,REG,1999_07_PHI_MIA,MIA,PHI,0,0,0,0,0,0,0,2,5,0,0,0,1,1,0,0,0,0,0,0,,0,0,0,0,0,0,0,0,0,0,0,,0
00-0013268,Ricky Proehl,WR,1999,7,REG,1999_07_CLE_STL,LA,CLE,0,0,0,0,0,0,0,0,0,0,0,0,5,8,29,0,3,0,0,0,,0,0,0,0,0,0,0,0,0,0,0,,0
00-0013499,Andre Reed,WR,1999,7,REG,1999_07_BUF_SEA,BUF,SEA,0,0,0,0,0,0,0,0,0,0,0,0,4,12,31,0,1,0,0,0,,0,0,0,0,0,0,0,0,0,0,0,,0
00-0013512,Jake Reed,WR,1999,7,REG,1999_07_SF_MIN,MIN,SF,0,0,0,0,0,0,0,0,0,0,0,0,3,6,42,0,1,0,0,0,,0,0,0,0,0,0,0,0,0,0,0,,0
00-0013622,Errict Rhett,RB,1999,7,REG,1999_07_KC_BAL,BAL,KC,0,0,0,0,0,0,0,19,59,1,5,0,2,2,7,0,0,0,0,0,,0,0,0,0,0,0,0,0,0,0,0,,0
00-0013639,Jerry Rice,WR,1999,7,REG,1999_07_SF_MIN,SF,MIN,0,0,0,0,0,0,0,0,0,0,0,0,5,7,45,0,2,0,0,0,,0,0,0,0,0,0,0,0,0,0,0,,0
00-0013682,Kyle Richardson,P,1999,7,REG,1999_07_KC_BAL,BAL,KC,0,0,0,0,0,0,0,0,0,0,0,0,0,0,0,0,0,0,0,0,,0,0,0,0,0,0,0,0,7,289,261,54,4
00-0013694,Tony Richardson,FB,1999,7,REG,1999_07_KC_BAL,KC,BAL,0,0,0,0,0,0,0,0,0,0,0,0,1,1,4,0,0,0,0,0,,0,0,0,0,0,0,0,0,0,0,0,,0
00-0013699,Wade Richey,K,1999,7,REG,1999_07_SF_MIN,SF,MIN,0,0,0,0,0,0,0,0,0,0,0,0,0,0,0,0,0,0,3,3,31,0,2,1,0,0,0,1,1,0,0,0,,0
00-0013712,Mikhael Ricks,TE,1999,7,REG,1999_07_GB_SD,LAC,GB,0,0,0,0,0,0,0,1,4,0,0,0,6,9,42,0,3,0,0,0,,0,0,0,0,0,0,0,0,0,0,0,,0
00-0013728,Jay Riemersma,TE,1999,7,REG,1999_07_BUF_SEA,BUF,SEA,0,0,0,0,0,0,0,0,0,0,0,0,1,1,1,1,1,0,0,0,,0,0,0,0,0,0,0,0,0,0,0,,0
00-0013770,Andre Rison,WR,1999,7,REG,1999_07_KC_BAL,KC,BAL,0,0,0,0,0,0,0,0,0,0,0,0,0,1,0,0,0,0,0,0,,0,0,0,0,0,0,0,0,0,0,0,,0
00-0013773,Jon Ritchie,FB,1999,7,REG,1999_07_NYJ_OAK,LV,NYJ,0,0,0,0,0,0,0,0,0,0,0,0,2,4,9,0,0,0,0,0,,0,0,0,0,0,0,0,0,0,0,0,,0
00-0013785,Ron Rivers,RB,1999,7,REG,1999_07_DET_CAR,DET,CAR,0,0,0,0,0,0,0,1,-2,0,0,0,0,0,0,0,0,0,0,0,,0,0,0,0,0,0,0,0,0,0,0,,0
00-0013888,Marcus Robinson,WR,1999,7,REG,1999_07_CHI_TB,CHI,TB,0,0,0,0,0,0,0,0,0,0,0,0,5,11,80,0,4,0,0,0,,0,0,0,0,0,0,0,0,0,0,0,,0
00-0014083,Tom Rouen,P,1999,7,REG,1999_07_DEN_NE,DEN,NE,0,0,0,0,0,0,0,1,0,0,0,0,0,0,0,0,0,0,0,0,,0,0,0,0,0,0,0,0,5,265,195,65,0
00-0014115,Mark Royals,P,1999,7,REG,1999_07_CHI_TB,TB,CHI,0,0,0,0,0,0,0,0,0,0,0,0,0,0,0,0,0,0,0,0,,0,0,0,0,0,0,0,0,7,287,233,54,1
00-0014377,Todd Sauerbrun,P,1999,7,REG,1999_07_CHI_TB,CHI,TB,0,0,0,0,0,0,0,0,0,0,0,0,0,0,0,0,0,0,0,0,,0,0,0,0,0,0,0,0,8,323,223,59,0
00-0014450,Cory Schlesinger,FB,1999,7,REG,1999_07_DET_CAR,DET,CAR,0,0,0,0,0,0,0,0,0,0,0,0,1,1,20,0,1,0,0,0,,0,0,0,0,0,0,0,0,0,0,0,,0
00-0014489,Bill Schroeder,WR,1999,7,REG,1999_07_GB_SD,GB,LAC,0,0,0,0,0,0,0,0,0,0,0,0,4,6,45,1,2,0,0,0,,0,0,0,0,0,0,0,0,0,0,0,,0
00-0014544,Darnay Scott,WR,1999,7,REG,1999_07_CIN_IND,CIN,IND,0,0,0,0,0,0,0,0,0,0,0,0,5,6,49,1,1,0,0,0,,0,0,0,0,0,0,0,0,0,0,0,,0
00-0014655,Mike Sellers,TE,1999,7,REG,1999_07_WAS_DAL,WAS,DAL,0,0,0,0,0,0,0,0,0,0,0,0,2,2,39,1,1,0,0,0,,0,0,0,0,0,0,0,0,0,0,0,,0
00-0014759,Rashaan Shehee,RB,1999,7,REG,1999_07_KC_BAL,KC,BAL,0,0,0,0,0,0,0,5,-5,0,0,0,0,0,0,0,0,0,0,0,,0,0,0,0,0,0,0,0,0,0,0,,0
00-0014790,Leslie Shepherd,WR,1999,7,REG,1999_07_CLE_STL,CLE,LA,0,0,0,0,0,0,0,1,5,0,1,0,6,12,85,0,3,0,0,0,,0,0,0,0,0,0,0,0,0,0,0,,0
00-0014809,Paul Shields,RB,1999,7,REG,1999_07_CIN_IND,IND,CIN,0,0,0,0,0,0,0,0,0,0,0,0,0,1,0,0,0,0,0,0,,0,0,0,0,0,0,0,0,0,0,0,,0
00-0015048,David Sloan,TE,1999,7,REG,1999_07_DET_CAR,DET,CAR,0,0,0,0,0,0,0,0,0,0,0,0,2,7,39,1,2,0,0,0,,0,0,0,0,0,0,0,0,0,0,0,,0
00-0015063,Torrance Small,WR,1999,7,REG,1999_07_PHI_MIA,PHI,MIA,0,0,0,0,0,0,0,0,0,0,0,0,1,2,10,0,1,0,0,0,,0,0,0,0,0,0,0,0,0,0,0,,0
00-0015082,Akili Smith,QB,1999,7,REG,1999_07_CIN_IND,CIN,IND,12,24,122,0,0,5,-25,4,42,0,1,0,0,0,0,0,0,0,0,0,,0,0,0,0,0,0,0,0,0,0,0,,0
00-0015091,Antowain Smith,RB,1999,7,REG,1999_07_BUF_SEA,BUF,SEA,0,0,0,0,0,0,0,10,34,0,4,0,0,0,0,0,0,0,0,0,,0,0,0,0,0,0,0,0,0,0,0,,0
00-0015165,Emmitt Smith,RB,1999,7,REG,1999_07_WAS_DAL,DAL,WAS,0,0,0,0,0,0,0,24,80,1,6,0,1,1,1,0,0,0,0,0,,0,0,0,0,0,0,0,0,0,0,0,,0
00-0015194,Hunter Smith,P,1999,7,REG,1999_07_CIN_IND,IND,CIN,0,0,0,0,0,0,0,0,0,0,0,0,0,0,0,0,0,0,0,0,,0,0,0,0,0,0,0,0,5,202,149,57,1
00-0015195,Irv Smith,TE,1999,7,REG,1999_07_CLE_STL,CLE,LA,0,0,0,0,0,0,0,0,0,0,0,0,3,6,31,0,3,0,0,0,,0,0,0,0,0,0,0,0,0,0,0,,0
00-0015242,Lamar Smith,RB,1999,7,REG,1999_07_NO_NYG,NO,NYG,0,1,0,0,0,0,0,1,-5,0,0,0,0,0,0,0,0,0,0,0,,0,0,0,0,0,0,0,0,0,0,0,,0
00-0015290,Rod Smith,WR,1999,7,REG,1999_07_DEN_NE,DEN,NE,0,0,0,0,0,0,0,0,0,0,0,0,3,8,44,1,2,0,0,0,,0,0,0,0,0,0,0,0,0,0,0,,0
00-0015507,Brian Stablein,WR,1999,7,REG,1999_07_DET_CAR,DET,CAR,0,0,0,0,0,0,0,0,0,0,0,0,2,3,7,1,1,0,0,0,,0,0,0,0,0,0,0,0,0,0,0,,0
00-0015523,Duce Staley,RB,1999,7,REG,1999_07_PHI_MIA,PHI,MIA,0,0,0,0,0,0,0,19,73,0,4,0,2,2,1,0,0,0,0,0,,0,0,0,0,0,0,0,0,0,0,0,,0
00-0015550,Chad Stanley,P,1999,7,REG,1999_07_SF_MIN,SF,MIN,0,0,0,0,0,0,0,0,0,0,0,0,0,0,0,0,0,0,0,0,,0,0,0,0,0,0,0,0,4,136,124,43,1
00-0015627,Steve Stenstrom,QB,1999,7,REG,1999_07_SF_MIN,SF,MIN,4,4,13,0,0,1,-6,0,0,0,0,0,0,0,0,0,0,0,0,0,,0,0,0,0,0,0,0,0,0,0,0,,0
00-0015655,Tremayne Stephens,RB,1999,7,REG,1999_07_GB_SD,LAC,GB,0,0,0,0,0,0,0,4,10,0,1,0,2,3,7,0,0,0,0,0,,0,0,0,0,0,0,0,0,0,0,0,,0
00-0015700,Kordell Stewart,QB,1999,7,REG,1999_07_ATL_PIT,PIT,ATL,13,21,127,1,0,1,-12,10,37,0,0,0,0,0,0,0,0,0,0,0,,0,0,0,0,0,0,0,0,0,0,0,,0
00-0015751,J.J. Stokes,WR,1999,7,REG,1999_07_SF_MIN,SF,MIN,0,0,0,0,0,0,0,0,0,0,0,0,2,7,27,0,2,0,0,0,,0,0,0,0,0,0,0,0,0,0,0,,0
00-0015754,Brandon Stokley,WR,1999,7,REG,1999_07_KC_BAL,BAL,KC,0,0,0,0,0,0,0,0,0,0,0,0,0,3,0,0,0,0,0,0,,0,0,0,0,0,0,0,0,0,0,0,,0
00-0015759,Dwight Stone,WR,1999,7,REG,1999_07_NYJ_OAK,NYJ,LV,0,0,0,0,0,0,0,1,36,0,1,0,0,0,0,0,0,0,0,0,,0,0,0,0,0,0,0,0,0,0,0,,0
00-0015784,Matt Stover,K,1999,7,REG,1999_07_KC_BAL,BAL,KC,0,0,0,0,0,0,0,0,0,0,0,0,0,0,0,0,0,0,0,1,,0,0,0,0,0,0,0,0,0,0,0,,0
00-0015791,Pete Stoyanovich,K,1999,7,REG,1999_07_KC_BAL,KC,BAL,0,0,0,0,0,0,0,0,0,0,0,0,0,0,0,0,0,0,0,1,,0,0,0,0,0,0,5,5,0,0,0,,0
00-0015842,Dan Stryzinski,P,1999,7,REG,1999_07_ATL_PIT,ATL,PIT,0,0,0,0,0,0,0,0,0,0,0,0,0,0,0,0,0,0,0,0,,0,0,0,0,0,0,0,0,6,223,222,42,4
00-0016061,Robert Tate,DB,1999,7,REG,1999_07_SF_MIN,MIN,SF,0,0,0,0,0,0,0,0,0,0,0,0,0,1,0,0,0,0,0,0,,0,0,0,0,0,0,0,0,0,0,0,,0
00-0016347,Jeff Thomason,TE,1999,7,REG,1999_07_GB_SD,GB,LAC,0,0,0,0,0,0,0,0,0,0,0,0,0,1,0,0,0,0,0,0,,0,0,0,0,0,0,0,0,0,0,0,,0
00-0016534,Billy Joe Tolliver,QB,1999,7,REG,1999_07_NO_NYG,NO,NYG,14,33,176,0,3,2,-13,0,0,0,0,0,0,0,0,0,0,0,0,0,,0,0,0,0,0,0,0,0,0,0,0,,0
00-0016550,Amani Toomer,WR,1999,7,REG,1999_07_NO_NYG,NYG,NO,0,0,0,0,0,0,0,0,0,0,0,0,3,4,59,1,3,0,0,0,,0,0,0,0,0,0,0,0,0,0,0,,0
00-0016654,Jason Tucker,WR,1999,7,REG,1999_07_WAS_DAL,DAL,WAS,0,0,0,0,0,0,0,0,0,0,0,0,1,1,52,0,1,0,0,0,,0,0,0,0,0,0,0,0,0,0,0,,0
00-0016683,Tom Tupa,P,1999,7,REG,1999_07_NYJ_OAK,NYJ,LV,0,0,0,0,0,0,0,0,0,0,0,0,0,0,0,0,0,0,0,0,,0,0,0,0,0,0,0,0,5,231,202,58,0
00-0016723,Kevin Turner,FB,1999,7,REG,1999_07_PHI_MIA,PHI,MIA,0,0,0,0,0,0,0,0,0,0,0,0,1,1,3,0,0,0,0,0,,0,0,0,0,0,0,0,0,0,0,0,,0
00-0016753,Rick Tuten,P,1999,7,REG,1999_07_CLE_STL,LA,CLE,0,0,0,0,0,0,0,0,0,0,0,0,0,0,0,0,0,0,0,0,,0,0,0,0,0,0,0,0,3,157,144,55,2
00-0016830,Mike Vanderjagt,K,1999,7,REG,1999_07_CIN_IND,IND,CIN,0,0,0,0,0,0,0,0,0,0,0,0,0,0,0,0,0,0,1,2,22,0,1,0,0,0,0,4,4,0,0,0,,0
00-0016919,Adam Vinatieri,K,1999,7,REG,1999_07_DEN_NE,NE,DEN,0,0,0,0,0,0,0,0,0,0,0,0,0,0,0,0,0,0,1,1,28,0,1,0,0,0,0,3,3,0,0,0,,0
00-0017109,Wesley Walls,TE,1999,7,REG,1999_07_DET_CAR,CAR,DET,0,0,0,0,0,0,0,0,0,0,0,0,7,13,83,0,5,0,0,0,,0,0,0,0,0,0,0,0,0,0,0,,0
00-0017127,Ken Walter,P,1999,7,REG,1999_07_DET_CAR,CAR,DET,0,0,0,0,0,0,0,0,0,0,0,0,0,0,0,0,0,0,0,0,,0,0,0,0,0,0,0,0,4,175,175,47,1
00-0017160,Dedric Ward,WR,1999,7,REG,1999_07_NYJ_OAK,NYJ,LV,0,0,0,0,0,0,0,0,0,0,0,0,0,1,0,0,0,0,0,0,,0,0,0,0,0,0,0,0,0,0,0,,0
00-0017162,Hines Ward,WR,1999,7,REG,1999_07_ATL_PIT,PIT,ATL,0,0,0,0,0,0,0,0,0,0,0,0,3,4,28,0,1,0,0,0,,0,0,0,0,0,0,0,0,0,0,0,,0
00-0017200,Kurt Warner,QB,1999,7,REG,1999_07_CLE_STL,LA,CLE,23,29,203,3,0,1,0,0,0,0,0,0,0,0,0,0,0,0,0,0,,0,0,0,0,0,0,0,0,0,0,0,,0
00-0017209,Chris Warren,RB,1999,7,REG,1999_07_WAS_DAL,DAL,WAS,0,0,0,0,0,0,0,8,8,0,1,0,2,7,21,0,2,0,0,0,,0,0,0,0,0,0,0,0,0,0,0,,0
00-0017218,Lamont Warren,RB,1999,7,REG,1999_07_DEN_NE,NE,DEN,0,0,0,0,0,0,0,2,-1,0,0,0,2,4,21,0,1,0,0,0,,0,0,0,0,0,0,0,0,0,0,0,,0
00-0017303,Justin Watson,RB,1999,7,REG,1999_07_CLE_STL,LA,CLE,0,0,0,0,0,0,0,9,69,0,3,0,0,2,0,0,0,0,0,0,,0,0,0,0,0,0,0,0,0,0,0,,0
00-0017322,Ricky Watters,RB,1999,7,REG,1999_07_BUF_SEA,SEA,BUF,0,0,0,0,0,0,0,22,75,0,3,0,1,2,1,0,0,0,0,0,,0,0,0,0,0,0,0,0,0,0,0,,0
00-0017337,Charles Way,FB,1999,7,REG,1999_07_NO_NYG,NYG,NO,0,0,0,0,0,0,0,0,0,0,0,0,2,3,6,0,0,0,0,0,,0,0,0,0,0,0,0,0,0,0,0,,0
00-0017356,Jed Weaver,TE,1999,7,REG,1999_07_PHI_MIA,PHI,MIA,0,0,0,0,0,0,0,0,0,0,0,0,4,5,27,0,1,0,0,0,,0,0,0,0,0,0,0,0,0,0,0,,0
00-0017470,Michael Westbrook,WR,1999,7,REG,1999_07_WAS_DAL,WAS,DAL,0,0,0,0,0,0,0,0,0,0,0,0,3,4,38,0,1,0,0,0,,0,0,0,0,0,0,0,0,0,0,0,,0
00-0017480,Ryan Wetnight,TE,1999,7,REG,1999_07_CHI_TB,CHI,TB,0,0,0,0,0,0,0,0,0,0,0,0,3,6,20,0,1,0,0,0,,0,0,0,0,0,0,0,0,0,0,0,,0
00-0017486,Tyrone Wheatley,RB,1999,7,REG,1999_07_NYJ_OAK,LV,NYJ,0,0,0,0,0,0,0,8,18,0,0,2,1,4,-1,0,0,0,0,0,,0,0,0,0,0,0,0,0,0,0,0,,0
00-0017662,Josh Wilcox,TE,1999,7,REG,1999_07_NO_NYG,NO,NYG,0,0,0,0,0,0,0,0,0,0,0,0,2,2,30,0,2,0,0,0,,0,0,0,0,0,0,0,0,0,0,0,,0
00-0017693,Jeff Wilkins,K,1999,7,REG,1999_07_CLE_STL,LA,CLE,0,0,0,0,0,0,0,0,0,0,0,0,0,0,0,0,0,0,2,2,36,0,1,1,0,0,0,4,4,0,0,0,,0
00-0017697,Terrence Wilkins,WR,1999,7,REG,1999_07_CIN_IND,IND,CIN,0,0,0,0,0,0,0,0,0,0,0,0,3,4,54,0,3,0,0,0,,0,0,0,0,0,0,0,0,0,0,0,,0
00-0017829,Jermaine Williams,RB,1999,7,REG,1999_07_NYJ_OAK,LV,NYJ,0,0,0,0,0,0,0,0,0,0,0,0,0,1,0,0,0,0,0,0,,0,0,0,0,0,0,0,0,0,0,0,,0
00-0017847,Karl Williams,WR,1999,7,REG,1999_07_CHI_TB,TB,CHI,0,0,0,0,0,0,0,0,0,0,0,0,1,2,9,0,1,0,0,0,,0,0,0,0,0,0,0,0,0,0,0,,0
00-0017860,Kevin R. Williams,WR,1999,7,REG,1999_07_BUF_SEA,BUF,SEA,0,0,0,0,0,0,0,0,0,0,0,0,4,9,52,0,2,0,0,0,,0,0,0,0,0,0,0,0,0,0,0,,0
00-0017892,Moe Williams,RB,1999,7,REG,1999_07_SF_MIN,MIN,SF,0,0,0,0,0,0,0,6,25,1,2,0,0,2,0,0,0,0,0,0,,0,0,0,0,0,0,0,0,0,0,0,,0
00-0017896,Nicolas Luchey,RB,1999,7,REG,1999_07_CIN_IND,CIN,IND,0,0,0,0,0,0,0,4,18,0,1,0,2,2,21,0,1,0,0,0,,0,0,0,0,0,0,0,0,0,0,0,,0
00-0017915,Ricky Williams,RB,1999,7,REG,1999_07_NO_NYG,NO,NYG,0,0,0,0,0,0,0,24,111,0,4,0,1,2,-9,0,0,0,0,0,,0,0,0,0,0,0,0,0,0,0,0,,0
00-0017924,Roland Williams,TE,1999,7,REG,1999_07_CLE_STL,LA,CLE,0,0,0,0,0,0,0,0,0,0,0,0,5,5,50,2,5,0,0,0,,0,0,0,0,0,0,0,0,0,0,0,,0
00-0018333,Danny Wuerffel,QB,1999,7,REG,1999_07_NO_NYG,NO,NYG,0,1,0,0,0,0,0,1,0,0,0,0,0,0,0,0,0,0,0,0,,0,0,0,0,0,0,0,0,0,0,0,,0
00-0018608,Reggie Davis,TE,1999,7,REG,1999_07_GB_SD,LAC,GB,0,0,0,0,0,0,0,0,0,0,0,0,1,2,2,0,0,0,0,0,,0,0,0,0,0,0,0,0,0,0,0,,0
00-0000003,Abdul-Karim al-Jabbar,RB,1999,8,REG,1999_08_CLE_NO,CLE,NO,0,0,0,0,0,0,0,13,39,0,2,0,0,0,0,0,0,0,0,0,,0,0,0,0,0,0,0,0,0,0,0,,0
00-0000007,Rabih Abdullah,RB,1999,8,REG,1999_08_TB_DET,TB,DET,0,0,0,0,0,0,0,0,0,0,0,0,1,2,8,0,0,0,0,0,,0,0,0,0,0,0,0,0,0,0,0,,0
00-0000098,Louie Aguiar,P,1999,8,REG,1999_08_SEA_GB,GB,SEA,0,0,0,0,0,0,0,0,0,0,0,0,0,0,0,0,0,0,0,0,,0,0,0,0,0,0,0,0,6,237,232,43,4
00-0000104,Troy Aikman,QB,1999,8,REG,1999_08_DAL_IND,DAL,IND,19,24,159,0,0,4,-27,1,1,0,1,0,0,0,0,0,0,0,0,0,,0,0,0,0,0,0,0,0,0,0,0,,0
00-0000108,David Akers,K,1999,8,REG,1999_08_NYG_PHI,PHI,NYG,0,0,0,0,0,0,0,0,0,0,0,0,0,0,0,0,0,0,0,1,,0,0,0,0,0,0,0,0,0,0,0,,0
00-0000145,Derrick Alexander,WR,1999,8,REG,1999_08_SD_KC,KC,LAC,0,0,0,0,0,0,0,0,0,0,0,0,2,2,113,1,2,0,0,0,,0,0,0,0,0,0,0,0,0,0,0,,0
00-0000166,Stephen Alexander,TE,1999,8,REG,1999_08_CHI_WAS,WAS,CHI,0,0,0,0,0,0,0,0,0,0,0,0,1,2,4,0,0,0,0,0,,0,0,0,0,0,0,0,0,0,0,0,,0
00-0000232,Terry Allen,RB,1999,8,REG,1999_08_NE_ARI,NE,ARI,0,0,0,0,0,0,0,21,88,0,5,0,1,1,38,0,1,0,0,0,,0,0,0,0,0,0,0,0,0,0,0,,0
00-0000242,John Allred,TE,1999,8,REG,1999_08_CHI_WAS,CHI,WAS,0,0,0,0,0,0,0,0,0,0,0,0,1,2,8,0,0,0,0,0,,0,0,0,0,0,0,0,0,0,0,0,,0
00-0000251,Mike Alstott,FB,1999,8,REG,1999_08_TB_DET,TB,DET,0,0,0,0,0,0,0,10,32,0,2,1,1,1,16,0,1,0,0,0,,0,0,0,0,0,0,0,0,0,0,0,,0
00-0000282,Morten Andersen,K,1999,8,REG,1999_08_CAR_ATL,ATL,CAR,0,0,0,0,0,0,0,0,0,0,0,0,0,0,0,0,0,0,2,2,39,0,1,1,0,0,0,3,3,0,0,0,,0
00-0000313,Gary Anderson,K,1999,8,REG,1999_08_MIN_DEN,MIN,DEN,0,0,0,0,0,0,0,0,0,0,0,0,0,0,0,0,0,0,1,1,23,0,1,0,0,0,0,2,2,0,0,0,,0
00-0000387,Reidel Anthony,WR,1999,8,REG,1999_08_TB_DET,TB,DET,0,0,0,0,0,0,0,0,0,0,0,0,2,4,14,0,1,0,0,0,,0,0,0,0,0,0,0,0,0,0,0,,0
00-0000400,Leo Araguz,P,1999,8,REG,1999_08_MIA_OAK,LV,MIA,0,0,0,0,0,0,0,0,0,0,0,0,0,0,0,0,0,0,0,0,,0,0,0,0,0,0,0,0,8,353,280,54,3
00-0000422,Justin Armour,WR,1999,8,REG,1999_08_BUF_BAL,BAL,BUF,0,0,0,0,0,0,0,0,0,0,0,0,3,10,35,1,3,0,0,0,,0,0,0,0,0,0,0,0,0,0,0,,0
00-0000721,Tavian Banks,RB,1999,8,REG,1999_08_JAX_CIN,JAX,CIN,0,0,0,0,0,0,0,6,12,0,0,0,2,4,50,0,2,0,0,0,,0,0,0,0,0,0,0,0,0,0,0,,0
00-0000722,Tony Banks,QB,1999,8,REG,1999_08_BUF_BAL,BAL,BUF,13,34,129,1,1,3,-11,1,3,0,0,1,0,0,0,0,0,0,0,0,,0,0,0,0,0,0,0,0,0,0,0,,0
00-0000745,Tiki Barber,RB,1999,8,REG,1999_08_NYG_PHI,NYG,PHI,0,0,0,0,0,0,0,1,4,0,0,0,4,5,43,0,2,0,0,0,,0,0,0,0,0,0,0,0,0,0,0,,0
00-0000754,Bryan Barker,P,1999,8,REG,1999_08_JAX_CIN,JAX,CIN,0,0,0,0,0,0,0,0,0,0,0,0,0,0,0,0,0,0,0,0,,0,0,0,0,0,0,0,0,2,89,79,49,2
00-0000765,Reggie Barlow,WR,1999,8,REG,1999_08_JAX_CIN,JAX,CIN,0,0,0,0,0,0,0,0,0,0,0,0,1,1,11,0,1,0,0,0,,0,0,0,0,0,0,0,0,0,0,0,,0
00-0000811,Tommy Barnhardt,P,1999,8,REG,1999_08_CLE_NO,NO,CLE,0,0,0,0,0,0,0,0,0,0,0,0,0,0,0,0,0,0,0,0,,0,0,0,0,0,0,0,0,2,92,84,49,2
00-0000856,Michael Basnight,RB,1999,8,REG,1999_08_JAX_CIN,CIN,JAX,0,0,0,0,0,0,0,4,11,0,0,0,3,4,47,0,1,0,0,0,,0,0,0,0,0,0,0,0,0,0,0,,0
00-0000865,Charlie Batch,QB,1999,8,REG,1999_08_TB_DET,DET,TB,10,19,128,0,0,3,-19,5,15,0,1,0,0,0,0,0,0,0,0,0,,0,0,0,0,0,0,0,0,0,0,0,,0
00-0000869,D'Wayne Bates,WR,1999,8,REG,1999_08_CHI_WAS,CHI,WAS,0,0,0,0,0,0,0,0,0,0,0,0,1,1,11,0,1,0,0,0,,0,0,0,0,0,0,0,0,0,0,0,,0
00-0000883,Marco Battaglia,TE,1999,8,REG,1999_08_JAX_CIN,CIN,JAX,0,0,0,0,0,0,0,0,0,0,0,0,1,1,23,0,1,0,0,0,,0,0,0,0,0,0,0,0,0,0,0,,0
00-0000969,Brett Bech,WR,1999,8,REG,1999_08_CLE_NO,NO,CLE,0,0,0,0,0,0,0,0,0,0,0,0,0,1,0,0,0,0,0,0,,0,0,0,0,0,0,0,0,0,0,0,,0
00-0001101,Darren Bennett,P,1999,8,REG,1999_08_SD_KC,LAC,KC,0,0,0,0,0,0,0,0,0,0,0,0,0,0,0,0,0,0,0,0,,0,0,0,0,0,0,0,0,8,322,306,55,2
00-0001102,Donnell Bennett,FB,1999,8,REG,1999_08_SD_KC,KC,LAC,0,0,0,0,0,0,0,14,38,1,3,0,0,0,0,0,0,0,0,0,,0,0,0,0,0,0,0,0,0,0,0,,0
00-0001103,Edgar Bennett,RB,1999,8,REG,1999_08_CHI_WAS,CHI,WAS,0,0,0,0,0,0,0,2,6,0,0,0,2,3,10,0,0,0,0,0,,0,0,0,0,0,0,0,0,0,0,0,,0
00-0001157,Mitch Berger,P,1999,8,REG,1999_08_MIN_DEN,MIN,DEN,0,0,0,0,0,0,0,0,0,0,0,0,0,0,0,0,0,0,0,0,,0,0,0,0,0,0,0,0,6,263,201,56,2
00-0001218,Steve Beuerlein,QB,1999,8,REG,1999_08_CAR_ATL,CAR,ATL,21,35,256,0,3,6,-29,3,8,1,1,1,0,0,0,0,0,0,0,0,,0,0,0,0,0,0,0,0,0,0,0,,0
00-0001335,Jeff Blake,QB,1999,8,REG,1999_08_JAX_CIN,CIN,JAX,13,23,155,1,0,0,0,2,10,0,1,0,0,0,0,0,0,0,0,0,,0,0,0,0,0,0,0,0,0,0,0,,0
00-0001343,Cary Blanchard,K,1999,8,REG,1999_08_NYG_PHI,NYG,PHI,0,0,0,0,0,0,0,0,0,0,0,0,0,0,0,0,0,0,1,2,28,0,1,0,0,0,0,2,2,0,0,0,,0
00-0001361,Drew Bledsoe,QB,1999,8,REG,1999_08_NE_ARI,NE,ARI,14,22,276,4,0,5,-32,0,0,0,0,0,0,0,0,0,0,0,0,0,,0,0,0,0,0,0,0,0,0,0,0,,0
00-0001460,Chris Boniol,K,1999,8,REG,1999_08_CHI_WAS,CHI,WAS,0,0,0,0,0,0,0,0,0,0,0,0,0,0,0,0,0,0,0,0,,0,0,0,0,0,0,2,2,0,0,0,,0
00-0001525,James Bostic,RB,1999,8,REG,1999_08_NYG_PHI,PHI,NYG,0,0,0,0,0,0,0,1,2,0,0,0,0,0,0,0,0,0,0,0,,0,0,0,0,0,0,0,0,0,0,0,,0
00-0001532,David Boston,WR,1999,8,REG,1999_08_NE_ARI,ARI,NE,0,0,0,0,0,0,0,0,0,0,0,0,2,10,14,0,1,0,0,0,,0,0,0,0,0,0,0,0,0,0,0,,0
00-0001627,Corey Bradford,WR,1999,8,REG,1999_08_SEA_GB,GB,SEA,0,0,0,0,0,0,0,0,0,0,0,0,3,9,106,1,2,0,0,0,,0,0,0,0,0,0,0,0,0,0,0,,0
00-0001661,Kyle Brady,TE,1999,8,REG,1999_08_JAX_CIN,JAX,CIN,0,0,0,0,0,0,0,0,0,0,0,0,2,3,29,0,1,0,0,0,,0,0,0,0,0,0,0,0,0,0,0,,0
00-0001752,Will Brice,P,1999,8,REG,1999_08_JAX_CIN,CIN,JAX,0,0,0,0,0,0,0,0,0,0,0,0,0,0,0,0,0,0,0,0,,0,0,0,0,0,0,0,0,4,158,124,46,0
00-0001759,Doug Brien,K,1999,8,REG,1999_08_CLE_NO,NO,CLE,0,0,0,0,0,0,0,0,0,0,0,0,0,0,0,0,0,0,3,4,49,0,1,0,2,0,0,1,1,0,0,0,,0
00-0001783,Vincent Brisby,WR,1999,8,REG,1999_08_NE_ARI,NE,ARI,0,0,0,0,0,0,0,0,0,0,0,0,2,3,41,0,2,0,0,0,,0,0,0,0,0,0,0,0,0,0,0,,0
00-0001842,Macey Brooks,WR,1999,8,REG,1999_08_CHI_WAS,CHI,WAS,0,0,0,0,0,0,0,0,0,0,0,0,2,5,23,0,2,0,0,0,,0,0,0,0,0,0,0,0,0,0,0,,0
00-0001862,Luther Broughton,TE,1999,8,REG,1999_08_NYG_PHI,PHI,NYG,0,0,0,0,0,0,0,0,0,0,0,0,2,2,8,0,1,0,0,0,,0,0,0,0,0,0,0,0,0,0,0,,0
00-0001907,Dave Brown,QB,1999,8,REG,1999_08_NE_ARI,ARI,NE,12,33,107,0,2,3,-21,0,0,0,0,0,0,0,0,0,0,0,0,0,,0,0,0,0,0,0,0,0,0,0,0,,0
00-0002027,Reggie Brown,FB,1999,8,REG,1999_08_SEA_GB,SEA,GB,0,0,0,0,0,0,0,2,4,0,0,1,0,1,0,0,0,0,0,0,,0,0,0,0,0,0,0,0,0,0,0,,0
00-0002058,Tim Brown,WR,1999,8,REG,1999_08_MIA_OAK,LV,MIA,0,0,0,0,0,0,0,0,0,0,0,0,7,16,113,0,5,0,0,0,,0,0,0,0,0,0,0,0,0,0,0,,0
00-0002099,Isaac Bruce,WR,1999,8,REG,1999_08_STL_TEN,LA,TEN,0,0,0,0,0,0,0,0,0,0,0,0,6,9,53,1,4,0,0,0,,0,0,0,0,0,0,0,0,0,0,0,,0
00-0002110,Mark Brunell,QB,1999,8,REG,1999_08_JAX_CIN,JAX,CIN,11,19,145,2,0,1,-10,2,11,0,1,0,0,0,0,0,0,0,0,0,,0,0,0,0,0,0,0,0,0,0,0,,0
00-0002459,Kenny Bynum,RB,1999,8,REG,1999_08_SD_KC,LAC,KC,0,0,0,0,0,0,0,12,55,0,1,0,3,3,26,0,1,0,0,0,,0,0,0,0,0,0,0,0,0,0,0,,0
00-0002544,Chris Calloway,WR,1999,8,REG,1999_08_CAR_ATL,ATL,CAR,0,0,0,0,0,0,0,0,0,0,0,0,1,3,11,0,1,0,0,0,,0,0,0,0,0,0,0,0,0,0,0,,0
00-0002709,Dwayne Carswell,OT,1999,8,REG,1999_08_MIN_DEN,DEN,MIN,0,0,0,0,0,0,0,0,0,0,0,0,3,4,31,0,2,0,0,0,,0,0,0,0,0,0,0,0,0,0,0,,0
00-0002713,Tony Carter,RB,1999,8,REG,1999_08_NE_ARI,NE,ARI,0,0,0,0,0,0,0,2,6,0,0,0,2,4,8,0,0,0,0,0,,0,0,0,0,0,0,0,0,0,0,0,,0
00-0002721,Cris Carter,WR,1999,8,REG,1999_08_MIN_DEN,MIN,DEN,0,0,0,0,0,0,0,0,0,0,0,0,8,11,144,2,6,0,0,0,,0,0,0,0,0,0,0,0,0,0,0,,0
00-0002846,Larry Centers,FB,1999,8,REG,1999_08_CHI_WAS,WAS,CHI,0,0,0,0,0,0,0,0,0,0,0,0,3,6,32,1,1,0,0,0,,0,0,0,0,0,0,0,0,0,0,0,,0
00-0002861,Byron Chamberlain,TE,1999,8,REG,1999_08_MIN_DEN,DEN,MIN,0,0,0,0,0,0,0,0,0,0,0,0,5,9,42,1,2,0,0,0,,0,0,0,0,0,0,0,0,0,0,0,,0
00-0002876,Chris Chandler,QB,1999,8,REG,1999_08_CAR_ATL,ATL,CAR,14,21,201,2,0,3,-25,1,-1,0,0,0,0,0,0,0,0,0,0,0,,0,0,0,0,0,0,0,0,0,0,0,,0
00-0002942,Darrin Chiaverini,WR,1999,8,REG,1999_08_CLE_NO,CLE,NO,0,0,0,0,0,0,0,0,0,0,0,0,0,1,0,0,0,0,0,0,,0,0,0,0,0,0,0,0,0,0,0,,0
00-0002970,Bob Christian,FB,1999,8,REG,1999_08_CAR_ATL,ATL,CAR,0,0,0,0,0,0,0,0,0,0,0,0,3,3,40,0,2,0,0,0,,0,0,0,0,0,0,0,0,0,0,0,,0
00-0002975,Steve Christie,K,1999,8,REG,1999_08_BUF_BAL,BUF,BAL,0,0,0,0,0,0,0,0,0,0,0,0,0,0,0,0,0,0,2,2,40,0,1,0,1,0,0,1,1,0,0,0,,0
00-0003103,Cameron Cleeland,TE,1999,8,REG,1999_08_CLE_NO,NO,CLE,0,0,0,0,0,0,0,0,0,0,0,0,1,3,8,0,0,0,0,0,,0,0,0,0,0,0,0,0,0,0,0,,0
00-0003136,Mike Cloud,RB,1999,8,REG,1999_08_SD_KC,KC,LAC,0,0,0,0,0,0,0,7,21,0,1,0,1,1,6,0,0,0,0,0,,0,0,0,0,0,0,0,0,0,0,0,,0
00-0003142,Ben Coates,TE,1999,8,REG,1999_08_NE_ARI,NE,ARI,0,0,0,0,0,0,0,0,0,0,0,0,0,2,0,0,0,0,0,0,,0,0,0,0,0,0,0,0,0,0,0,,0
00-0003271,Cecil Collins,RB,1999,8,REG,1999_08_MIA_OAK,MIA,LV,0,0,0,0,0,0,0,15,49,1,4,0,2,2,16,0,0,0,0,0,,0,0,0,0,0,0,0,0,0,0,0,,0
00-0003378,Albert Connell,WR,1999,8,REG,1999_08_CHI_WAS,WAS,CHI,0,0,0,0,0,0,0,0,0,0,0,0,2,4,46,0,2,0,0,0,,0,0,0,0,0,0,0,0,0,0,0,,0
00-0003395,Brett Conway,K,1999,8,REG,1999_08_CHI_WAS,WAS,CHI,0,0,0,0,0,0,0,0,0,0,0,0,0,0,0,0,0,0,2,3,51,0,0,0,0,2,0,6,6,0,0,0,,0
00-0003441,Andre Cooper,WR,1999,8,REG,1999_08_MIN_DEN,DEN,MIN,0,0,0,0,0,0,0,0,0,0,0,0,4,4,38,0,2,0,0,0,,0,0,0,0,0,0,0,0,0,0,0,,0
00-0003535,Tim Couch,QB,1999,8,REG,1999_08_CLE_NO,CLE,NO,11,19,193,3,0,2,-12,2,5,0,0,0,0,0,0,0,0,0,0,0,,0,0,0,0,0,0,0,0,0,0,0,,0
00-0003610,Aaron Craver,FB,1999,8,REG,1999_08_CLE_NO,NO,CLE,0,0,0,0,0,0,0,1,2,0,1,0,2,7,32,0,1,0,0,0,,0,0,0,0,0,0,0,0,0,0,0,,0
00-0003681,Howard Cross,TE,1999,8,REG,1999_08_NYG_PHI,NYG,PHI,0,0,0,0,0,0,0,0,0,0,0,0,3,3,31,0,2,0,0,0,,0,0,0,0,0,0,0,0,0,0,0,,0
00-0003700,Germane Crowell,WR,1999,8,REG,1999_08_TB_DET,DET,TB,0,0,0,0,0,0,0,0,0,0,0,0,1,3,8,0,1,0,0,0,,0,0,0,0,0,0,0,0,0,0,0,,0
00-0003762,Richie Cunningham,K,1999,8,REG,1999_08_DAL_IND,DAL,IND,0,0,0,0,0,0,0,0,0,0,0,0,0,0,0,0,0,0,1,1,24,0,1,0,0,0,0,3,3,0,0,0,,0
00-0004052,Stephen Davis,RB,1999,8,REG,1999_08_CHI_WAS,WAS,CHI,0,0,0,0,0,0,0,12,143,2,5,0,2,2,26,0,1,0,0,0,,0,0,0,0,0,0,0,0,0,0,0,,0
00-0004063,Tyrone Davis,TE,1999,8,REG,1999_08_SEA_GB,GB,SEA,0,0,0,0,0,0,0,0,0,0,0,0,1,7,10,0,1,0,0,0,,0,0,0,0,0,0,0,0,0,0,0,,0
00-0004077,Sean Dawkins,WR,1999,8,REG,1999_08_SEA_GB,SEA,GB,0,0,0,0,0,0,0,0,0,0,0,0,3,5,23,1,1,0,0,0,,0,0,0,0,0,0,0,0,0,0,0,,0
00-0004079,Lawrence Dawsey,WR,1999,8,REG,1999_08_CLE_NO,NO,CLE,0,0,0,0,0,0,0,0,0,0,0,0,1,3,11,0,0,0,0,0,,0,0,0,0,0,0,0,0,0,0,0,,0
00-0004091,Phil Dawson,K,1999,8,REG,1999_08_CLE_NO,CLE,NO,0,0,0,0,0,0,0,0,0,0,0,0,0,0,0,0,0,0,0,1,,0,0,0,0,0,0,3,3,0,0,0,,0
00-0004147,Al Del Greco,K,1999,8,REG,1999_08_STL_TEN,TEN,LA,0,0,0,0,0,0,0,0,0,0,0,0,0,0,0,0,0,0,1,1,27,0,1,0,0,0,0,3,3,0,0,0,,0
00-0004294,Ken Dilger,TE,1999,8,REG,1999_08_DAL_IND,IND,DAL,0,0,0,0,0,0,0,0,0,0,0,0,2,2,22,0,1,0,0,0,,0,0,0,0,0,0,0,0,0,0,0,,0
00-0004304,Corey Dillon,RB,1999,8,REG,1999_08_JAX_CIN,CIN,JAX,0,0,0,0,0,0,0,14,32,0,1,1,2,3,25,0,0,0,0,0,,0,0,0,0,0,0,0,0,0,0,0,,0
00-0004524,Troy Drayton,TE,1999,8,REG,1999_08_MIA_OAK,MIA,LV,0,0,0,0,0,0,0,0,0,0,0,0,0,3,0,0,0,0,0,0,,0,0,0,0,0,0,0,0,0,0,0,,0
00-0004574,Rickey Dudley,TE,1999,8,REG,1999_08_MIA_OAK,LV,MIA,0,0,0,0,0,0,0,0,0,0,0,0,0,4,0,0,0,0,0,0,,0,0,0,0,0,0,0,0,0,0,0,,0
00-0004640,Warrick Dunn,RB,1999,8,REG,1999_08_TB_DET,TB,DET,0,0,0,0,0,0,0,9,33,0,1,0,11,12,77,0,4,0,0,0,,0,0,0,0,0,0,0,0,0,0,0,,0
00-0004673,Tim Dwight,WR,1999,8,REG,1999_08_CAR_ATL,ATL,CAR,0,0,0,0,0,0,0,0,0,0,0,0,3,4,61,2,3,0,0,0,,0,0,0,0,0,0,0,0,0,0,0,,0
00-0004694,Kevin Dyson,WR,1999,8,REG,1999_08_STL_TEN,TEN,LA,0,0,0,0,0,0,0,0,0,0,0,0,2,6,19,0,1,0,0,0,,0,0,0,0,0,0,0,0,0,0,0,,0
00-0004768,Marc Edwards,FB,1999,8,REG,1999_08_CLE_NO,CLE,NO,0,0,0,0,0,0,0,0,0,0,0,0,2,3,37,1,2,0,0,0,,0,0,0,0,0,0,0,0,0,0,0,,0
00-0004811,Jason Elam,K,1999,8,REG,1999_08_MIN_DEN,DEN,MIN,0,0,0,0,0,0,0,0,0,0,0,0,0,0,0,0,0,0,1,2,19,1,0,0,0,0,0,1,1,0,0,0,,0
00-0004871,Jerry Ellison,RB,1999,8,REG,1999_08_NE_ARI,NE,ARI,0,0,0,0,0,0,0,1,8,0,1,0,0,0,0,0,0,0,0,0,,0,0,0,0,0,0,0,0,0,0,0,,0
00-0004915,Bobby Engram,WR,1999,8,REG,1999_08_CHI_WAS,CHI,WAS,0,0,0,0,0,0,0,1,2,0,1,0,7,12,65,0,3,0,0,0,,0,0,0,0,0,0,0,0,0,0,0,,0
00-0004916,Curtis Enis,RB,1999,8,REG,1999_08_CHI_WAS,CHI,WAS,0,0,0,0,0,0,0,19,56,0,4,0,6,8,39,0,1,0,0,0,,0,0,0,0,0,0,0,0,0,0,0,,0
00-0004972,Chuck Evans,RB,1999,8,REG,1999_08_BUF_BAL,BAL,BUF,0,0,0,0,0,0,0,2,6,0,1,0,3,4,26,0,1,0,0,0,,0,0,0,0,0,0,0,0,0,0,0,,0
00-0005091,Kevin Faulk,RB,1999,8,REG,1999_08_NE_ARI,NE,ARI,0,0,0,0,0,0,0,17,42,0,1,0,0,0,0,0,0,0,0,0,,0,0,0,0,0,0,0,0,0,0,0,,0
00-0005092,Marshall Faulk,RB,1999,8,REG,1999_08_STL_TEN,LA,TEN,0,0,0,0,0,0,0,16,90,0,5,1,6,6,94,1,2,0,0,0,,0,0,0,0,0,0,0,0,0,0,0,,0
00-0005101,Christian Fauria,TE,1999,8,REG,1999_08_SEA_GB,SEA,GB,0,0,0,0,0,0,0,0,0,0,0,0,2,2,11,0,1,0,0,0,,0,0,0,0,0,0,0,0,0,0,0,,0
00-0005106,Brett Favre,QB,1999,8,REG,1999_08_SEA_GB,GB,SEA,14,35,180,1,4,3,-21,3,16,0,1,0,0,0,0,0,0,0,0,0,,0,0,0,0,0,0,0,0,0,0,0,,0
00-0005113,Jeff Feagles,P,1999,8,REG,1999_08_SEA_GB,SEA,GB,0,0,0,0,0,0,0,0,0,0,0,0,0,0,0,0,0,0,0,0,,0,0,0,0,0,0,0,0,8,317,291,49,3
00-0005180,Jay Fiedler,QB,1999,8,REG,1999_08_JAX_CIN,JAX,CIN,6,9,69,0,0,1,-10,1,0,0,0,0,0,0,0,0,0,0,0,0,,0,0,0,0,0,0,0,0,0,0,0,,0
00-0005324,Terrell Fletcher,RB,1999,8,REG,1999_08_SD_KC,LAC,KC,0,0,0,0,0,0,0,3,7,0,0,0,2,3,19,0,1,0,0,0,,0,0,0,0,0,0,0,0,0,0,0,,0
00-0005363,Doug Flutie,QB,1999,8,REG,1999_08_BUF_BAL,BUF,BAL,18,40,155,1,3,3,-17,8,50,0,3,0,0,0,0,0,0,0,0,0,,0,0,0,0,0,0,0,0,0,0,0,,0
00-0005562,Antonio Freeman,WR,1999,8,REG,1999_08_SEA_GB,GB,SEA,0,0,0,0,0,0,0,0,0,0,0,0,2,6,10,0,1,0,0,0,,0,0,0,0,0,0,0,0,0,0,0,,0
00-0005600,John Friesz,QB,1999,8,REG,1999_08_NE_ARI,NE,ARI,0,0,0,0,0,0,0,2,-2,0,0,0,0,0,0,0,0,0,0,0,,0,0,0,0,0,0,0,0,0,0,0,,0
00-0005616,Irving Fryar,WR,1999,8,REG,1999_08_CHI_WAS,WAS,CHI,0,0,0,0,0,0,0,0,0,0,0,0,1,6,6,0,1,0,0,0,,0,0,0,0,0,0,0,0,0,0,0,,0
00-0005668,Oronde Gadsden,WR,1999,8,REG,1999_08_MIA_OAK,MIA,LV,0,0,0,0,0,0,0,0,0,0,0,0,3,6,70,0,2,0,0,0,,0,0,0,0,0,0,0,0,0,0,0,,0
00-0005741,Rich Gannon,QB,1999,8,REG,1999_08_MIA_OAK,LV,MIA,7,28,130,0,1,5,-33,0,0,0,0,0,0,0,0,0,0,0,0,0,,0,0,0,0,0,0,0,0,0,0,0,,0
00-0005771,Chris Gardocki,P,1999,8,REG,1999_08_CLE_NO,CLE,NO,0,0,0,0,0,0,0,0,0,0,0,0,0,0,0,0,0,0,0,0,,0,0,0,0,0,0,0,0,7,305,253,60,1
00-0005794,Jason Garrett,QB,1999,8,REG,1999_08_DAL_IND,DAL,IND,0,1,0,0,0,1,-3,0,0,0,0,0,0,0,0,0,0,0,0,0,,0,0,0,0,0,0,0,0,0,0,0,,0
00-0005816,Olandis Gary,RB,1999,8,REG,1999_08_MIN_DEN,DEN,MIN,0,0,0,0,0,0,0,19,79,0,6,0,0,0,0,0,0,0,0,0,,0,0,0,0,0,0,0,0,0,0,0,,0
00-0005822,Sam Gash,FB,1999,8,REG,1999_08_BUF_BAL,BUF,BAL,0,0,0,0,0,0,0,0,0,0,0,0,1,2,1,0,0,0,0,0,,0,0,0,0,0,0,0,0,0,0,0,,0
00-0005883,Eddie George,RB,1999,8,REG,1999_08_STL_TEN,TEN,LA,0,0,0,0,0,0,0,17,68,0,2,0,3,4,35,1,2,0,0,0,,0,0,0,0,0,0,0,0,0,0,0,,0
00-0005885,Jeff George,QB,1999,8,REG,1999_08_MIN_DEN,MIN,DEN,17,29,218,2,0,2,-13,1,0,0,0,0,0,0,0,0,0,0,0,0,,0,0,0,0,0,0,0,0,0,0,0,,0
00-0006043,Terry Glenn,WR,1999,8,REG,1999_08_NE_ARI,NE,ARI,0,0,0,0,0,0,0,0,0,0,0,0,4,4,63,1,2,0,0,0,,0,0,0,0,0,0,0,0,0,0,0,,0
00-0006047,Andrew Glover,TE,1999,8,REG,1999_08_MIN_DEN,MIN,DEN,0,0,0,0,0,0,0,0,0,0,0,0,2,3,11,0,0,0,0,0,,0,0,0,0,0,0,0,0,0,0,0,,0
00-0006101,Tony Gonzalez,TE,1999,8,REG,1999_08_SD_KC,KC,LAC,0,0,0,0,0,0,0,0,0,0,0,0,1,2,4,0,0,0,0,0,,0,0,0,0,0,0,0,0,0,0,0,,0
00-0006181,Toby Gowin,P,1999,8,REG,1999_08_DAL_IND,DAL,IND,0,0,0,0,0,0,0,0,0,0,0,0,0,0,0,0,0,0,0,0,,0,0,0,0,0,0,0,0,4,176,164,59,2
00-0006210,Jeff Graham,WR,1999,8,REG,1999_08_SD_KC,LAC,KC,0,0,0,0,0,0,0,0,0,0,0,0,3,6,26,0,1,0,0,0,,0,0,0,0,0,0,0,0,0,0,0,,0
00-0006212,Kent Graham,QB,1999,8,REG,1999_08_NYG_PHI,NYG,PHI,26,41,240,1,0,5,-33,5,41,0,2,0,1,1,-1,0,0,0,0,0,,0,0,0,0,0,0,0,0,0,0,0,,0
00-0006223,Martin Gramatica,K,1999,8,REG,1999_08_TB_DET,TB,DET,0,0,0,0,0,0,0,0,0,0,0,0,0,0,0,0,0,0,1,2,49,0,0,0,1,0,0,0,0,0,0,0,,0
00-0006300,Elvis Grbac,QB,1999,8,REG,1999_08_SD_KC,KC,LAC,11,15,194,2,0,1,-8,1,-1,0,0,0,0,0,0,0,0,0,0,0,,0,0,0,0,0,0,0,0,0,0,0,,0
00-0006331,Jacquez Green,WR,1999,8,REG,1999_08_TB_DET,TB,DET,0,0,0,0,0,0,0,0,0,0,0,0,7,12,96,0,4,0,0,0,,0,0,0,0,0,0,0,0,0,0,0,,0
00-0006410,Chris Greisen,QB,1999,8,REG,1999_08_NE_ARI,ARI,NE,1,6,4,0,0,0,0,0,0,0,0,0,0,0,0,0,0,0,0,0,,0,0,0,0,0,0,0,0,0,0,0,,0
00-0006423,Brian Griese,QB,1999,8,REG,1999_08_MIN_DEN,DEN,MIN,24,39,274,1,1,4,-18,7,10,0,2,2,0,0,0,0,0,0,0,0,,0,0,0,0,0,0,0,0,0,0,0,,0
00-0006456,Howard Griffith,RB,1999,8,REG,1999_08_MIN_DEN,DEN,MIN,0,0,0,0,0,0,0,0,0,0,0,0,1,1,9,0,1,0,0,0,,0,0,0,0,0,0,0,0,0,0,0,,0
00-0006482,Clif Groce,FB,1999,8,REG,1999_08_JAX_CIN,CIN,JAX,0,0,0,0,0,0,0,0,0,0,0,0,1,1,9,0,0,0,0,0,,0,0,0,0,0,0,0,0,0,0,0,,0
00-0006627,Az-Zahir Hakim,WR,1999,8,REG,1999_08_STL_TEN,LA,TEN,0,0,0,0,0,0,0,1,16,0,0,0,5,8,62,0,3,0,0,0,,0,0,0,0,0,0,0,0,0,0,0,,0
00-0006666,Lamont Hall,TE,1999,8,REG,1999_08_SEA_GB,GB,SEA,0,0,0,0,0,0,0,0,0,0,0,0,1,1,13,0,0,0,0,0,,0,0,0,0,0,0,0,0,0,0,0,,0
00-0006791,Brian Hansen,P,1999,8,REG,1999_08_CHI_WAS,WAS,CHI,0,0,0,0,0,0,0,0,0,0,0,0,0,0,0,0,0,0,0,0,,0,0,0,0,0,0,0,0,3,133,74,49,1
00-0006800,Jason Hanson,K,1999,8,REG,1999_08_TB_DET,DET,TB,0,0,0,0,0,0,0,0,0,0,0,0,0,0,0,0,0,0,2,2,50,0,0,0,1,1,0,2,2,0,0,0,,0
00-0006803,Byron Hanspard,RB,1999,8,REG,1999_08_CAR_ATL,ATL,CAR,0,0,0,0,0,0,0,14,44,0,3,0,1,1,-2,0,0,0,0,0,,0,0,0,0,0,0,0,0,0,0,0,,0
00-0006804,Patrick Hape,TE,1999,8,REG,1999_08_TB_DET,TB,DET,0,0,0,0,0,0,0,0,0,0,0,0,2,2,6,0,1,0,0,0,,0,0,0,0,0,0,0,0,0,0,0,,0
00-0006808,Jim Harbaugh,QB,1999,8,REG,1999_08_SD_KC,LAC,KC,18,34,174,0,1,4,-22,3,8,0,1,1,0,0,0,0,0,0,0,0,,0,0,0,0,0,0,0,0,0,0,0,,0
00-0006848,Terry Hardy,TE,1999,8,REG,1999_08_NE_ARI,ARI,NE,0,0,0,0,0,0,0,0,0,0,0,0,1,3,3,0,0,0,0,0,,0,0,0,0,0,0,0,0,0,0,0,,0
00-0006877,Alvin Harper,WR,1999,8,REG,1999_08_DAL_IND,DAL,IND,0,0,0,0,0,0,0,0,0,0,0,0,0,1,0,0,0,0,0,0,,0,0,0,0,0,0,0,0,0,0,0,,0
00-0006949,Jackie Harris,TE,1999,8,REG,1999_08_STL_TEN,TEN,LA,0,0,0,0,0,0,0,0,0,0,0,0,3,5,44,0,1,0,0,0,,0,0,0,0,0,0,0,0,0,0,0,,0
00-0007024,Marvin Harrison,WR,1999,8,REG,1999_08_DAL_IND,IND,DAL,0,0,0,0,0,0,0,0,0,0,0,0,6,11,85,1,3,0,0,0,,0,0,0,0,0,0,0,0,0,0,0,,0
00-0007091,Matt Hasselbeck,QB,1999,8,REG,1999_08_SEA_GB,GB,SEA,2,6,32,0,0,1,-9,0,0,0,0,0,0,0,0,0,0,0,0,0,,0,0,0,0,0,0,0,0,0,0,0,,0
00-0007144,Donald Hayes,WR,1999,8,REG,1999_08_CAR_ATL,CAR,ATL,0,0,0,0,0,0,0,0,0,0,0,0,2,2,60,0,2,0,0,0,,0,0,0,0,0,0,0,0,0,0,0,,0
00-0007254,William Henderson,FB,1999,8,REG,1999_08_SEA_GB,GB,SEA,0,0,0,0,0,0,0,0,0,0,0,0,3,4,30,0,2,0,0,0,,0,0,0,0,0,0,0,0,0,0,0,,0
00-0007308,Craig Hentrich,P,1999,8,REG,1999_08_STL_TEN,TEN,LA,0,0,0,0,0,0,0,0,0,0,0,0,0,0,0,0,0,0,0,0,,0,0,0,0,0,0,0,0,9,410,342,65,2
00-0007389,Skip Hicks,RB,1999,8,REG,1999_08_CHI_WAS,WAS,CHI,0,0,0,0,0,0,0,7,22,0,0,0,2,2,8,0,1,0,0,0,,0,0,0,0,0,0,0,0,0,0,0,,0
00-0007436,Greg Hill,RB,1999,8,REG,1999_08_TB_DET,DET,TB,0,0,0,0,0,0,0,16,123,0,4,0,0,1,0,0,0,0,0,0,,0,0,0,0,0,0,0,0,0,0,0,,0
00-0007468,Ike Hilliard,WR,1999,8,REG,1999_08_NYG_PHI,NYG,PHI,0,0,0,0,0,0,0,0,0,0,0,0,3,5,33,0,2,0,0,0,,0,0,0,0,0,0,0,0,0,0,0,,0
00-0007520,Leroy Hoard,RB,1999,8,REG,1999_08_MIN_DEN,MIN,DEN,0,0,0,0,0,0,0,18,84,0,3,0,1,1,6,0,0,0,0,0,,0,0,0,0,0,0,0,0,0,0,0,,0
00-0007530,Billy Joe Hobert,QB,1999,8,REG,1999_08_CLE_NO,NO,CLE,4,9,28,1,1,0,0,1,9,0,1,0,0,0,0,0,0,0,0,0,,0,0,0,0,0,0,0,0,0,0,0,,0
00-0007546,James Hodgins,RB,1999,8,REG,1999_08_STL_TEN,LA,TEN,0,0,0,0,0,0,0,0,0,0,0,0,1,1,0,0,0,0,0,0,,0,0,0,0,0,0,0,0,0,0,0,,0
00-0007622,Mike Hollis,K,1999,8,REG,1999_08_JAX_CIN,JAX,CIN,0,0,0,0,0,0,0,0,0,0,0,0,0,0,0,0,0,0,2,2,43,0,1,0,1,0,0,5,5,0,0,0,,0
00-0007681,Torry Holt,WR,1999,8,REG,1999_08_STL_TEN,LA,TEN,0,0,0,0,0,0,0,0,0,0,0,0,5,13,55,0,3,0,0,0,,0,0,0,0,0,0,0,0,0,0,0,,0
00-0007744,Joe Horn,WR,1999,8,REG,1999_08_SD_KC,KC,LAC,0,0,0,0,0,0,0,0,0,0,0,0,3,4,26,1,2,0,0,0,,0,0,0,0,0,0,0,0,0,0,0,,0
00-0007832,Bobby Hoying,QB,1999,8,REG,1999_08_MIA_OAK,LV,MIA,2,3,10,0,0,0,0,0,0,0,0,0,0,0,0,0,0,0,0,0,,0,0,0,0,0,0,0,0,0,0,0,,0
00-0007835,Damon Huard,QB,1999,8,REG,1999_08_MIA_OAK,MIA,LV,16,32,221,0,0,5,-37,6,6,0,2,0,1,1,0,0,0,0,0,0,,0,0,0,0,0,0,0,0,0,0,0,,0
00-0007983,Michael Husted,K,1999,8,REG,1999_08_MIA_OAK,LV,MIA,0,0,0,0,0,0,0,0,0,0,0,0,0,0,0,0,0,0,3,3,49,0,0,1,2,0,0,0,0,0,0,0,,0
00-0007993,Tom Hutton,P,1999,8,REG,1999_08_MIA_OAK,MIA,LV,0,0,0,0,0,0,0,0,0,0,0,0,0,0,0,0,0,0,0,0,,0,0,0,0,0,0,0,0,6,245,203,58,3
00-0008046,Sedrick Irvin,RB,1999,8,REG,1999_08_TB_DET,DET,TB,0,0,0,0,0,0,0,2,5,1,1,0,2,3,19,0,0,0,0,0,,0,0,0,0,0,0,0,0,0,0,0,,0
00-0008059,Qadry Ismail,WR,1999,8,REG,1999_08_BUF_BAL,BAL,BUF,0,0,0,0,0,0,0,0,0,0,0,0,5,12,54,0,4,0,0,0,,0,0,0,0,0,0,0,0,0,0,0,,0
00-0008060,Raghib Ismail,WR,1999,8,REG,1999_08_DAL_IND,DAL,IND,0,0,0,0,0,0,0,0,0,0,0,0,4,6,31,0,2,0,0,0,,0,0,0,0,0,0,0,0,0,0,0,,0
00-0008080,Chris Jacke,K,1999,8,REG,1999_08_NE_ARI,ARI,NE,0,0,0,0,0,0,0,0,0,0,0,0,0,0,0,0,0,0,1,1,24,0,1,0,0,0,0,0,0,0,0,0,,0
00-0008210,Willie Jackson,WR,1999,8,REG,1999_08_JAX_CIN,CIN,JAX,0,0,0,0,0,0,0,0,0,0,0,0,2,3,22,1,1,0,0,0,,0,0,0,0,0,0,0,0,0,0,0,,0
00-0008224,Mitch Jacoby,TE,1999,8,REG,1999_08_SD_KC,KC,LAC,0,0,0,0,0,0,0,0,0,0,0,0,1,1,6,0,0,0,0,0,,0,0,0,0,0,0,0,0,0,0,0,,0
00-0008241,Edgerrin James,RB,1999,8,REG,1999_08_DAL_IND,IND,DAL,0,0,0,0,0,0,0,27,117,1,8,0,7,12,92,0,2,0,0,0,,0,0,0,0,0,0,0,0,0,0,0,,0
00-0008313,Shawn Jefferson,WR,1999,8,REG,1999_08_NE_ARI,NE,ARI,0,0,0,0,0,0,0,0,0,0,0,0,3,3,113,2,3,0,0,0,,0,0,0,0,0,0,0,0,0,0,0,,0
00-0008329,Dietrich Jells,WR,1999,8,REG,1999_08_NYG_PHI,PHI,NYG,0,0,0,0,0,0,0,0,0,0,0,0,1,2,8,0,0,0,0,0,,0,0,0,0,0,0,0,0,0,0,0,,0
00-0008400,James Jett,WR,1999,8,REG,1999_08_MIA_OAK,LV,MIA,0,0,0,0,0,0,0,0,0,0,0,0,1,3,7,0,1,0,0,0,,0,0,0,0,0,0,0,0,0,0,0,,0
00-0008401,John Jett,P,1999,8,REG,1999_08_TB_DET,DET,TB,0,0,0,0,0,0,0,0,0,0,0,0,0,0,0,0,0,0,0,0,,0,0,0,0,0,0,0,0,6,239,217,48,4
00-0008430,Anthony Johnson,RB,1999,8,REG,1999_08_CAR_ATL,CAR,ATL,0,0,0,0,0,0,0,0,0,0,0,0,3,3,31,0,1,0,0,0,,0,0,0,0,0,0,0,0,0,0,0,,0
00-0008442,Brad Johnson,QB,1999,8,REG,1999_08_CHI_WAS,WAS,CHI,15,25,204,2,0,0,0,1,1,1,1,0,0,0,0,0,0,0,0,0,,0,0,0,0,0,0,0,0,0,0,0,,0
00-0008454,Charles Johnson,WR,1999,8,REG,1999_08_NYG_PHI,PHI,NYG,0,0,0,0,0,0,0,0,0,0,0,0,8,10,84,0,4,0,0,0,,0,0,0,0,0,0,0,0,0,0,0,,0
00-0008529,J.J. Johnson,RB,1999,8,REG,1999_08_MIA_OAK,MIA,LV,0,0,0,0,0,0,0,21,86,0,4,0,1,1,17,0,1,0,0,0,,0,0,0,0,0,0,0,0,0,0,0,,0
00-0008560,Kevin Johnson,WR,1999,8,REG,1999_08_CLE_NO,CLE,NO,0,0,0,0,0,0,0,0,0,0,0,0,4,6,96,2,3,0,0,0,,0,0,0,0,0,0,0,0,0,0,0,,0
00-0008566,Lee Johnson,P,1999,8,REG,1999_08_NE_ARI,NE,ARI,0,0,0,0,0,0,0,0,0,0,0,0,0,0,0,0,0,0,0,0,,0,0,0,0,0,0,0,0,10,376,287,54,5
00-0008570,LeShon Johnson,RB,1999,8,REG,1999_08_NYG_PHI,NYG,PHI,0,0,0,0,0,0,0,14,31,1,3,0,4,5,35,0,1,0,0,0,,0,0,0,0,0,0,0,0,0,0,0,,0
00-0008593,Norm Johnson,K,1999,8,REG,1999_08_NYG_PHI,PHI,NYG,0,0,0,0,0,0,0,0,0,0,0,0,0,0,0,0,0,0,1,2,28,0,1,0,0,0,0,2,2,0,0,0,,0
00-0008704,Charlie Jones,WR,1999,8,REG,1999_08_SD_KC,LAC,KC,0,0,0,0,0,0,0,0,0,0,0,0,2,4,5,0,0,0,0,0,,0,0,0,0,0,0,0,0,0,0,0,,0
00-0008723,Damon Jones,TE,1999,8,REG,1999_08_JAX_CIN,JAX,CIN,0,0,0,0,0,0,0,0,0,0,0,0,1,1,11,0,1,0,0,0,,0,0,0,0,0,0,0,0,0,0,0,,0
00-0008749,Freddie Jones,TE,1999,8,REG,1999_08_SD_KC,LAC,KC,0,0,0,0,0,0,0,0,0,0,0,0,4,5,57,0,2,0,0,0,,0,0,0,0,0,0,0,0,0,0,0,,0
00-0008903,Andrew Jordan,TE,1999,8,REG,1999_08_MIN_DEN,MIN,DEN,0,0,0,0,0,0,0,0,0,0,0,0,0,1,0,0,0,0,0,0,,0,0,0,0,0,0,0,0,0,0,0,,0
00-0008921,Randy Jordan,RB,1999,8,REG,1999_08_MIA_OAK,LV,MIA,0,0,0,0,0,0,0,3,25,0,2,0,0,1,0,0,0,0,0,0,,0,0,0,0,0,0,0,0,0,0,0,,0
00-0008962,Joe Jurevicius,WR,1999,8,REG,1999_08_NYG_PHI,NYG,PHI,0,0,0,0,0,0,0,0,0,0,0,0,1,3,12,0,1,0,0,0,,0,0,0,0,0,0,0,0,0,0,0,,0
00-0009028,John Kasay,K,1999,8,REG,1999_08_CAR_ATL,CAR,ATL,0,0,0,0,0,0,0,0,0,0,0,0,0,0,0,0,0,0,2,2,51,0,0,1,0,1,0,2,2,0,0,0,,0
00-0009038,Napoleon Kaufman,RB,1999,8,REG,1999_08_MIA_OAK,LV,MIA,0,0,0,0,0,0,0,8,39,0,2,0,0,0,0,0,0,0,0,0,,0,0,0,0,0,0,0,0,0,0,0,,0
00-0009163,Eddie Kennison,WR,1999,8,REG,1999_08_CLE_NO,NO,CLE,0,0,0,0,0,0,0,0,0,0,0,0,2,5,27,0,2,0,0,0,,0,0,0,0,0,0,0,0,0,0,0,,0
00-0009288,Terry Kirby,RB,1999,8,REG,1999_08_CLE_NO,CLE,NO,0,0,0,0,0,0,0,6,18,0,0,0,1,1,8,0,0,0,0,0,,0,0,0,0,0,0,0,0,0,0,0,,0
00-0009311,Jon Kitna,QB,1999,8,REG,1999_08_SEA_GB,SEA,GB,12,19,109,2,0,2,-19,3,3,0,0,0,0,0,0,0,0,0,0,0,,0,0,0,0,0,0,0,0,0,0,0,,0
00-0009417,Rob Konrad,FB,1999,8,REG,1999_08_MIA_OAK,MIA,LV,0,0,0,0,0,0,0,0,0,0,0,0,1,2,11,0,1,0,0,0,,0,0,0,0,0,0,0,0,0,0,0,,0
00-0009443,Brian Kozlowski,TE,1999,8,REG,1999_08_CAR_ATL,ATL,CAR,0,0,0,0,0,0,0,0,0,0,0,0,0,1,0,0,0,0,0,0,,0,0,0,0,0,0,0,0,0,0,0,,0
00-0009451,Erik Kramer,QB,1999,8,REG,1999_08_SD_KC,LAC,KC,2,3,9,0,1,1,-20,0,0,0,0,0,0,0,0,0,0,0,0,0,,0,0,0,0,0,0,0,0,0,0,0,,0
00-0009550,David LaFleur,TE,1999,8,REG,1999_08_DAL_IND,DAL,IND,0,0,0,0,0,0,0,0,0,0,0,0,2,3,31,0,2,0,0,0,,0,0,0,0,0,0,0,0,0,0,0,,0
00-0009584,Sean Landeta,P,1999,8,REG,1999_08_NYG_PHI,PHI,NYG,0,0,0,0,0,0,0,0,0,0,0,0,0,0,0,0,0,0,0,0,,0,0,0,0,0,0,0,0,5,210,180,53,2
00-0009599,Fred Lane,RB,1999,8,REG,1999_08_CAR_ATL,CAR,ATL,0,0,0,0,0,0,0,15,55,0,3,0,4,4,17,0,0,0,0,0,,0,0,0,0,0,0,0,0,0,0,0,,0
00-0009738,Amp Lee,RB,1999,8,REG,1999_08_STL_TEN,LA,TEN,0,0,0,0,0,0,0,0,0,0,0,0,1,1,15,1,1,0,0,0,,0,0,0,0,0,0,0,0,0,0,0,,0
00-0009829,Dorsey Levens,RB,1999,8,REG,1999_08_SEA_GB,GB,SEA,0,0,0,0,0,0,0,24,104,0,5,1,3,4,22,0,1,0,0,0,,0,0,0,0,0,0,0,0,0,0,0,,0
00-0009869,Jermaine Lewis,WR,1999,8,REG,1999_08_BUF_BAL,BAL,BUF,0,0,0,0,0,0,0,0,0,0,0,0,1,4,6,0,1,0,0,0,,0,0,0,0,0,0,0,0,0,0,0,,0
00-0009960,Jonathan Linton,FB,1999,8,REG,1999_08_BUF_BAL,BUF,BAL,0,0,0,0,0,0,0,14,56,0,4,0,2,5,10,1,1,0,0,0,,0,0,0,0,0,0,0,0,0,0,0,,0
00-0010007,Kevin Lockett,WR,1999,8,REG,1999_08_SD_KC,KC,LAC,0,0,0,0,0,0,0,0,0,0,0,0,2,3,40,0,2,0,0,0,,0,0,0,0,0,0,0,0,0,0,0,,0
00-0010072,Ryan Longwell,K,1999,8,REG,1999_08_SEA_GB,GB,SEA,0,0,0,0,0,0,0,0,0,0,0,0,0,0,0,0,0,0,0,1,,0,0,0,0,0,0,1,1,0,0,0,,0
00-0010092,Kamil Loud,WR,1999,8,REG,1999_08_BUF_BAL,BUF,BAL,0,0,0,0,0,0,0,0,0,0,0,0,0,1,0,0,0,0,0,0,,0,0,0,0,0,0,0,0,0,0,0,,0
00-0010107,Derek Loville,RB,1999,8,REG,1999_08_MIN_DEN,DEN,MIN,0,0,0,0,0,0,0,3,45,1,1,0,0,0,0,0,0,0,0,0,,0,0,0,0,0,0,0,0,0,0,0,,0
00-0010194,Anthony Lynn,RB,1999,8,REG,1999_08_MIN_DEN,DEN,MIN,0,0,0,0,0,0,0,1,1,0,0,0,0,0,0,0,0,0,0,0,,0,0,0,0,0,0,0,0,0,0,0,,0
00-0010292,Joel Makovicka,FB,1999,8,REG,1999_08_NE_ARI,ARI,NE,0,0,0,0,0,0,0,2,0,0,0,0,0,1,0,0,0,0,0,0,,0,0,0,0,0,0,0,0,0,0,0,,0
00-0010333,Kris Mangum,TE,1999,8,REG,1999_08_CAR_ATL,CAR,ATL,0,0,0,0,0,0,0,0,0,0,0,0,1,1,6,0,1,0,0,0,,0,0,0,0,0,0,0,0,0,0,0,,0
00-0010346,Peyton Manning,QB,1999,8,REG,1999_08_DAL_IND,IND,DAL,22,34,313,1,0,1,-13,0,0,0,0,0,0,0,0,0,0,0,0,0,,0,0,0,0,0,0,0,0,0,0,0,,0
00-0010373,Olindo Mare,K,1999,8,REG,1999_08_MIA_OAK,MIA,LV,0,0,0,0,0,0,0,0,0,0,0,0,0,0,0,0,0,0,3,4,44,0,1,1,1,0,0,1,1,0,0,0,,0
00-0010477,Tony Martin,WR,1999,8,REG,1999_08_MIA_OAK,MIA,LV,0,0,0,0,0,0,0,0,0,0,0,0,3,6,34,0,2,0,0,0,,0,0,0,0,0,0,0,0,0,0,0,,0
00-0010539,Terance Mathis,WR,1999,8,REG,1999_08_CAR_ATL,ATL,CAR,0,0,0,0,0,0,0,0,0,0,0,0,4,6,53,0,3,0,0,0,,0,0,0,0,0,0,0,0,0,0,0,,0
00-0010560,Shane Matthews,QB,1999,8,REG,1999_08_CHI_WAS,CHI,WAS,13,23,113,0,1,1,-1,1,0,0,0,0,0,0,0,0,0,0,0,0,,0,0,0,0,0,0,0,0,0,0,0,,0
00-0010599,Derrick Mayes,WR,1999,8,REG,1999_08_SEA_GB,SEA,GB,0,0,0,0,0,0,0,0,0,0,0,0,4,7,36,1,3,0,0,0,,0,0,0,0,0,0,0,0,0,0,0,,0
00-0010609,Brad Maynard,P,1999,8,REG,1999_08_NYG_PHI,NYG,PHI,0,0,0,0,0,0,0,0,0,0,0,0,0,0,0,0,0,0,0,0,,0,0,0,0,0,0,0,0,8,338,300,63,3
00-0010650,Ed McCaffrey,WR,1999,8,REG,1999_08_MIN_DEN,DEN,MIN,0,0,0,0,0,0,0,0,0,0,0,0,2,4,18,0,1,0,0,0,,0,0,0,0,0,0,0,0,0,0,0,,0
00-0010668,Keenan McCardell,WR,1999,8,REG,1999_08_JAX_CIN,JAX,CIN,0,0,0,0,0,0,0,0,0,0,0,0,1,6,23,1,1,0,0,0,,0,0,0,0,0,0,0,0,0,0,0,,0
00-0010747,Fred McCrary,RB,1999,8,REG,1999_08_SD_KC,LAC,KC,0,0,0,0,0,0,0,0,0,0,0,0,4,6,25,0,1,0,0,0,,0,0,0,0,0,0,0,0,0,0,0,,0
00-0010796,Darnell McDonald,WR,1999,8,REG,1999_08_TB_DET,TB,DET,0,0,0,0,0,0,0,0,0,0,0,0,1,4,11,0,0,0,0,0,,0,0,0,0,0,0,0,0,0,0,0,,0
00-0010824,O.J. McDuffie,WR,1999,8,REG,1999_08_MIA_OAK,MIA,LV,0,0,0,0,0,0,0,0,0,0,0,0,2,6,54,0,2,0,0,0,,0,0,0,0,0,0,0,0,0,0,0,,0
00-0010859,Tony McGee,TE,1999,8,REG,1999_08_JAX_CIN,CIN,JAX,0,0,0,0,0,0,0,0,0,0,0,0,2,5,18,0,1,0,0,0,,0,0,0,0,0,0,0,0,0,0,0,,0
00-0010892,Travis McGriff,WR,1999,8,REG,1999_08_MIN_DEN,DEN,MIN,0,0,0,0,0,0,0,0,0,0,0,0,1,2,15,0,1,0,0,0,,0,0,0,0,0,0,0,0,0,0,0,,0
00-0010951,Dennis McKinley,RB,1999,8,REG,1999_08_NE_ARI,ARI,NE,0,0,0,0,0,0,0,0,0,0,0,0,1,1,4,0,0,0,0,0,,0,0,0,0,0,0,0,0,0,0,0,,0
00-0011022,Donovan McNabb,QB,1999,8,REG,1999_08_NYG_PHI,PHI,NYG,1,2,0,0,0,0,0,0,0,0,0,0,0,0,0,0,0,0,0,0,,0,0,0,0,0,0,0,0,0,0,0,,0
00-0011024,Steve McNair,QB,1999,8,REG,1999_08_STL_TEN,TEN,LA,13,29,186,2,0,1,-8,12,36,1,5,0,0,0,0,0,0,0,0,0,,0,0,0,0,0,0,0,0,0,0,0,,0
00-0011044,Cade McNown,QB,1999,8,REG,1999_08_CHI_WAS,CHI,WAS,23,40,272,3,3,2,-13,2,10,0,0,1,0,0,0,0,0,0,0,0,,0,0,0,0,0,0,0,0,0,0,0,,0
00-0011068,Johnny McWilliams,TE,1999,8,REG,1999_08_NE_ARI,ARI,NE,0,0,0,0,0,0,0,0,0,0,0,0,0,1,0,0,0,0,0,0,,0,0,0,0,0,0,0,0,0,0,0,,0
00-0011151,Eric Metcalf,WR,1999,8,REG,1999_08_CAR_ATL,CAR,ATL,0,0,0,0,0,0,0,0,0,0,0,0,3,6,32,0,2,0,0,0,,0,0,0,0,0,0,0,0,0,0,0,,0
00-0011187,Terry Mickens,WR,1999,8,REG,1999_08_MIA_OAK,LV,MIA,0,0,0,0,0,0,0,0,0,0,0,0,0,4,0,0,0,0,0,0,,0,0,0,0,0,0,0,0,0,0,0,,0
00-0011213,Glyn Milburn,WR,1999,8,REG,1999_08_CHI_WAS,CHI,WAS,0,0,0,0,0,0,0,1,0,0,0,0,6,7,59,0,3,0,0,0,,0,0,0,0,0,0,0,0,0,0,0,,0
00-0011224,Itula Mili,TE,1999,8,REG,1999_08_SEA_GB,SEA,GB,0,0,0,0,0,0,0,0,0,0,0,0,1,1,7,0,0,0,0,0,,0,0,0,0,0,0,0,0,0,0,0,,0
00-0011236,Billy Miller,TE,1999,8,REG,1999_08_MIN_DEN,DEN,MIN,0,0,0,0,0,0,0,0,0,0,0,0,1,1,4,0,0,0,0,0,,0,0,0,0,0,0,0,0,0,0,0,,0
00-0011328,Ernie Mills,WR,1999,8,REG,1999_08_DAL_IND,DAL,IND,0,0,0,0,0,0,0,0,0,0,0,0,4,4,37,0,3,0,0,0,,0,0,0,0,0,0,0,0,0,0,0,,0
00-0011392,Basil Mitchell,RB,1999,8,REG,1999_08_SEA_GB,GB,SEA,0,0,0,0,0,0,0,2,5,0,1,0,0,0,0,0,0,0,0,0,,0,0,0,0,0,0,0,0,0,0,0,,0
00-0011399,Brian Mitchell,RB,1999,8,REG,1999_08_CHI_WAS,WAS,CHI,0,0,0,0,0,0,0,2,-1,0,0,0,1,1,5,0,0,0,0,0,,0,0,0,0,0,0,0,0,0,0,0,,0
00-0011425,Pete Mitchell,TE,1999,8,REG,1999_08_NYG_PHI,NYG,PHI,0,0,0,0,0,0,0,0,0,0,0,0,6,9,41,1,2,0,0,0,,0,0,0,0,0,0,0,0,0,0,0,,0
00-0011463,Chris Mohr,P,1999,8,REG,1999_08_BUF_BAL,BUF,BAL,0,0,0,0,0,0,0,1,0,0,0,0,0,0,0,0,0,0,0,0,,0,0,0,0,0,0,0,0,6,234,226,45,0
00-0011551,Dave Moore,TE,1999,8,REG,1999_08_TB_DET,TB,DET,0,0,0,0,0,0,0,0,0,0,0,0,0,1,0,0,0,0,0,0,,0,0,0,0,0,0,0,0,0,0,0,,0
00-0011601,Rob Moore,WR,1999,8,REG,1999_08_NE_ARI,ARI,NE,0,0,0,0,0,0,0,0,0,0,0,0,2,5,27,0,1,0,0,0,,0,0,0,0,0,0,0,0,0,0,0,,0
00-0011675,Bam Morris,RB,1999,8,REG,1999_08_SD_KC,KC,LAC,0,0,0,0,0,0,0,11,25,0,0,0,1,1,-1,0,0,0,0,0,,0,0,0,0,0,0,0,0,0,0,0,,0
00-0011727,Johnnie Morton,WR,1999,8,REG,1999_08_TB_DET,DET,TB,0,0,0,0,0,0,0,0,0,0,0,0,3,4,54,0,2,0,0,0,,0,0,0,0,0,0,0,0,0,0,0,,0
00-0011754,Randy Moss,WR,1999,8,REG,1999_08_MIN_DEN,MIN,DEN,0,0,0,0,0,0,0,0,0,0,0,0,3,5,39,0,2,0,0,0,,0,0,0,0,0,0,0,0,0,0,0,,0
00-0011795,Muhsin Muhammad,WR,1999,8,REG,1999_08_CAR_ATL,CAR,ATL,0,0,0,0,0,0,0,0,0,0,0,0,5,10,62,0,4,0,0,0,,0,0,0,0,0,0,0,0,0,0,0,,0
00-0011854,Yo Murphy,WR,1999,8,REG,1999_08_TB_DET,TB,DET,0,0,0,0,0,0,0,0,0,0,0,0,4,5,28,0,1,0,0,0,,0,0,0,0,0,0,0,0,0,0,0,,0
00-0011869,Adrian Murrell,RB,1999,8,REG,1999_08_NE_ARI,ARI,NE,0,0,0,0,0,0,0,13,47,0,3,0,3,4,29,0,1,0,0,0,,0,0,0,0,0,0,0,0,0,0,0,,0
00-0011958,Lorenzo Neal,FB,1999,8,REG,1999_08_STL_TEN,TEN,LA,0,0,0,0,0,0,0,0,0,0,0,0,1,1,1,1,1,0,0,0,,0,0,0,0,0,0,0,0,0,0,0,,0
00-0012321,Jeff Ogden,WR,1999,8,REG,1999_08_DAL_IND,DAL,IND,0,0,0,0,0,0,0,0,0,0,0,0,2,3,25,0,1,0,0,0,,0,0,0,0,0,0,0,0,0,0,0,,0
00-0012480,Ken Oxendine,RB,1999,8,REG,1999_08_CAR_ATL,ATL,CAR,0,0,0,0,0,0,0,17,64,1,6,0,2,2,38,0,1,0,0,0,,0,0,0,0,0,0,0,0,0,0,0,,0
00-0012515,David Palmer,RB,1999,8,REG,1999_08_MIN_DEN,MIN,DEN,0,0,0,0,0,0,0,0,0,0,0,0,0,1,0,0,0,0,0,0,,0,0,0,0,0,0,0,0,0,0,0,,0
00-0012637,Jerome Pathon,WR,1999,8,REG,1999_08_DAL_IND,IND,DAL,0,0,0,0,0,0,0,0,0,0,0,0,1,1,38,0,1,0,0,0,,0,0,0,0,0,0,0,0,0,0,0,,0
00-0012726,Doug Pederson,QB,1999,8,REG,1999_08_NYG_PHI,PHI,NYG,18,28,256,1,2,3,-8,2,6,0,0,0,0,0,0,0,0,0,0,0,,0,0,0,0,0,0,0,0,0,0,0,,0
00-0012732,Rodney Peete,QB,1999,8,REG,1999_08_CHI_WAS,WAS,CHI,2,8,8,0,1,0,0,2,-1,0,0,0,0,0,0,0,0,0,0,0,,0,0,0,0,0,0,0,0,0,0,0,,0
00-0012742,Doug Pelfrey,K,1999,8,REG,1999_08_JAX_CIN,CIN,JAX,0,0,0,0,0,0,0,0,0,0,0,0,0,0,0,0,0,0,1,1,29,0,1,0,0,0,0,1,1,0,0,0,,0
00-0012764,Chris Penn,WR,1999,8,REG,1999_08_SD_KC,LAC,KC,0,0,0,0,0,0,0,0,0,0,0,0,1,3,16,0,1,0,0,0,,0,0,0,0,0,0,0,0,0,0,0,,0
00-0012875,Todd Peterson,K,1999,8,REG,1999_08_SEA_GB,SEA,GB,0,0,0,0,0,0,0,0,0,0,0,0,0,0,0,0,0,0,2,2,29,1,1,0,0,0,0,3,3,0,0,0,,0
00-0012953,Carl Pickens,WR,1999,8,REG,1999_08_JAX_CIN,CIN,JAX,1,1,6,0,0,0,0,0,0,0,0,0,2,4,31,0,2,0,0,0,,0,0,0,0,0,0,0,0,0,0,0,,0
00-0012971,Aaron Pierce,TE,1999,8,REG,1999_08_BUF_BAL,BAL,BUF,0,0,0,0,0,0,0,0,0,0,0,0,0,1,0,0,0,0,0,0,,0,0,0,0,0,0,0,0,0,0,0,,0
00-0013013,Michael Pittman,RB,1999,8,REG,1999_08_NE_ARI,ARI,NE,0,0,0,0,0,0,0,4,29,0,1,0,0,2,0,0,0,0,0,0,,0,0,0,0,0,0,0,0,0,0,0,,0
00-0013028,Scott Player,P,1999,8,REG,1999_08_NE_ARI,ARI,NE,0,0,0,0,0,0,0,0,0,0,0,0,0,0,0,0,0,0,0,0,,0,0,0,0,0,0,0,0,9,390,346,49,0
00-0013080,Marcus Pollard,TE,1999,8,REG,1999_08_DAL_IND,IND,DAL,0,0,0,0,0,0,0,0,0,0,0,0,1,1,16,0,1,0,0,0,,0,0,0,0,0,0,0,0,0,0,0,,0
00-0013097,Keith Poole,WR,1999,8,REG,1999_08_CLE_NO,NO,CLE,0,0,0,0,0,0,0,0,0,0,0,0,3,3,23,1,2,0,0,0,,0,0,0,0,0,0,0,0,0,0,0,,0
00-0013108,Daniel Pope,P,1999,8,REG,1999_08_SD_KC,KC,LAC,0,0,0,0,0,0,0,0,0,0,0,0,0,0,0,0,0,0,0,0,,0,0,0,0,0,0,0,0,6,282,241,52,1
00-0013173,Marvin Powell,RB,1999,8,REG,1999_08_CLE_NO,NO,CLE,0,0,0,0,0,0,0,0,0,0,0,0,0,1,0,0,0,0,0,0,,0,0,0,0,0,0,0,0,0,0,0,,0
00-0013232,Peerless Price,WR,1999,8,REG,1999_08_BUF_BAL,BUF,BAL,0,0,0,0,0,0,0,0,0,0,0,0,3,7,26,0,1,0,0,0,,0,0,0,0,0,0,0,0,0,0,0,,0
00-0013258,Mike Pritchard,WR,1999,8,REG,1999_08_SEA_GB,SEA,GB,0,0,0,0,0,0,0,0,0,0,0,0,1,2,11,0,1,0,0,0,,0,0,0,0,0,0,0,0,0,0,0,,0
00-0013262,Stanley Pritchett,RB,1999,8,REG,1999_08_MIA_OAK,MIA,LV,0,0,0,0,0,0,0,0,0,0,0,0,3,4,19,0,1,0,0,0,,0,0,0,0,0,0,0,0,0,0,0,,0
00-0013268,Ricky Proehl,WR,1999,8,REG,1999_08_STL_TEN,LA,TEN,0,0,0,0,0,0,0,0,0,0,0,0,4,4,45,0,2,0,0,0,,0,0,0,0,0,0,0,0,0,0,0,,0
00-0013499,Andre Reed,WR,1999,8,REG,1999_08_BUF_BAL,BUF,BAL,0,0,0,0,0,0,0,0,0,0,0,0,7,14,76,0,4,0,0,0,,0,0,0,0,0,0,0,0,0,0,0,,0
00-0013512,Jake Reed,WR,1999,8,REG,1999_08_MIN_DEN,MIN,DEN,0,0,0,0,0,0,0,0,0,0,0,0,3,6,18,0,1,0,0,0,,0,0,0,0,0,0,0,0,0,0,0,,0
00-0013622,Errict Rhett,RB,1999,8,REG,1999_08_BUF_BAL,BAL,BUF,0,0,0,0,0,0,0,24,73,0,2,0,1,1,8,0,0,0,0,0,,0,0,0,0,0,0,0,0,0,0,0,,0
00-0013682,Kyle Richardson,P,1999,8,REG,1999_08_BUF_BAL,BAL,BUF,0,0,0,0,0,0,0,0,0,0,0,0,0,0,0,0,0,0,0,0,,0,0,0,0,0,0,0,0,7,334,302,58,4
00-0013694,Tony Richardson,FB,1999,8,REG,1999_08_SD_KC,KC,LAC,0,0,0,0,0,0,0,6,14,0,0,0,0,1,0,0,0,0,0,0,,0,0,0,0,0,0,0,0,0,0,0,,0
00-0013712,Mikhael Ricks,TE,1999,8,REG,1999_08_SD_KC,LAC,KC,0,0,0,0,0,0,0,0,0,0,0,0,1,1,9,0,1,0,0,0,,0,0,0,0,0,0,0,0,0,0,0,,0
00-0013728,Jay Riemersma,TE,1999,8,REG,1999_08_BUF_BAL,BUF,BAL,0,0,0,0,0,0,0,0,0,0,0,0,1,3,7,0,0,0,0,0,,0,0,0,0,0,0,0,0,0,0,0,,0
00-0013773,Jon Ritchie,FB,1999,8,REG,1999_08_MIA_OAK,LV,MIA,0,0,0,0,0,0,0,0,0,0,0,0,0,2,0,0,0,0,0,0,,0,0,0,0,0,0,0,0,0,0,0,,0
00-0013872,Jeff Robinson,LS,1999,8,REG,1999_08_STL_TEN,LA,TEN,0,0,0,0,0,0,0,0,0,0,0,0,0,1,0,0,0,0,0,0,,0,0,0,0,0,0,0,0,0,0,0,,0
00-0013888,Marcus Robinson,WR,1999,8,REG,1999_08_CHI_WAS,CHI,WAS,0,0,0,0,0,0,0,0,0,0,0,0,9,14,161,2,5,0,0,0,,0,0,0,0,0,0,0,0,0,0,0,,0
00-0014083,Tom Rouen,P,1999,8,REG,1999_08_MIN_DEN,DEN,MIN,0,0,0,0,0,0,0,0,0,0,0,0,0,0,0,0,0,0,0,0,,0,0,0,0,0,0,0,0,4,217,153,63,0
00-0014115,Mark Royals,P,1999,8,REG,1999_08_TB_DET,TB,DET,0,0,0,0,0,0,0,0,0,0,0,0,0,0,0,0,0,0,0,0,,0,0,0,0,0,0,0,0,4,164,147,48,1
00-0014211,Rod Rutledge,TE,1999,8,REG,1999_08_NE_ARI,NE,ARI,0,0,0,0,0,0,0,0,0,0,0,0,1,1,10,0,1,0,0,0,,0,0,0,0,0,0,0,0,0,0,0,,0
00-0014319,Chris Sanders,WR,1999,8,REG,1999_08_STL_TEN,TEN,LA,0,0,0,0,0,0,0,0,0,0,0,0,0,1,0,0,0,0,0,0,,0,0,0,0,0,0,0,0,0,0,0,,0
00-0014328,Frank Sanders,WR,1999,8,REG,1999_08_NE_ARI,ARI,NE,0,0,0,0,0,0,0,0,0,0,0,0,4,12,34,0,1,0,0,0,,0,0,0,0,0,0,0,0,0,0,0,,0
00-0014350,O.J. Santiago,TE,1999,8,REG,1999_08_CAR_ATL,ATL,CAR,0,0,0,0,0,0,0,0,0,0,0,0,0,1,0,0,0,0,0,0,,0,0,0,0,0,0,0,0,0,0,0,,0
00-0014377,Todd Sauerbrun,P,1999,8,REG,1999_08_CHI_WAS,CHI,WAS,0,0,0,0,0,0,0,0,0,0,0,0,0,0,0,0,0,0,0,0,,0,0,0,0,0,0,0,0,5,220,210,56,2
00-0014450,Cory Schlesinger,FB,1999,8,REG,1999_08_TB_DET,DET,TB,0,0,0,0,0,0,0,1,4,0,0,0,1,1,9,0,0,0,0,0,,0,0,0,0,0,0,0,0,0,0,0,,0
00-0014489,Bill Schroeder,WR,1999,8,REG,1999_08_SEA_GB,GB,SEA,0,0,0,0,0,0,0,0,0,0,0,0,3,7,21,0,1,0,0,0,,0,0,0,0,0,0,0,0,0,0,0,,0
00-0014544,Darnay Scott,WR,1999,8,REG,1999_08_JAX_CIN,CIN,JAX,0,0,0,0,0,0,0,0,0,0,0,0,2,7,11,0,1,0,0,0,,0,0,0,0,0,0,0,0,0,0,0,,0
00-0014790,Leslie Shepherd,WR,1999,8,REG,1999_08_CLE_NO,CLE,NO,0,0,0,0,0,0,0,0,0,0,0,0,4,8,52,0,2,0,0,0,,0,0,0,0,0,0,0,0,0,0,0,,0
00-0014918,Tony Simmons,WR,1999,8,REG,1999_08_NE_ARI,NE,ARI,0,0,0,0,0,0,0,0,0,0,0,0,0,1,0,0,0,0,0,0,,0,0,0,0,0,0,0,0,0,0,0,,0
00-0015048,David Sloan,TE,1999,8,REG,1999_08_TB_DET,DET,TB,0,0,0,0,0,0,0,0,0,0,0,0,2,3,36,0,2,0,0,0,,0,0,0,0,0,0,0,0,0,0,0,,0
00-0015063,Torrance Small,WR,1999,8,REG,1999_08_NYG_PHI,PHI,NYG,0,0,0,0,0,0,0,0,0,0,0,0,4,8,119,1,3,0,0,0,,0,0,0,0,0,0,0,0,0,0,0,,0
00-0015082,Akili Smith,QB,1999,8,REG,1999_08_JAX_CIN,CIN,JAX,6,12,67,0,2,4,-21,3,40,0,2,0,1,1,6,0,1,0,0,0,,0,0,0,0,0,0,0,0,0,0,0,,0
00-0015091,Antowain Smith,RB,1999,8,REG,1999_08_BUF_BAL,BUF,BAL,0,0,0,0,0,0,0,6,5,0,0,0,0,0,0,0,0,0,0,0,,0,0,0,0,0,0,0,0,0,0,0,,0
00-0015161,Ed Smith,TE,1999,8,REG,1999_08_NYG_PHI,PHI,NYG,0,0,0,0,0,0,0,0,0,0,0,0,0,1,0,0,0,0,0,0,,0,0,0,0,0,0,0,0,0,0,0,,0
00-0015165,Emmitt Smith,RB,1999,8,REG,1999_08_DAL_IND,DAL,IND,0,0,0,0,0,0,0,22,93,2,7,0,3,3,6,0,0,0,0,0,,0,0,0,0,0,0,0,0,0,0,0,,0
00-0015194,Hunter Smith,P,1999,8,REG,1999_08_DAL_IND,IND,DAL,0,0,0,0,0,0,0,0,0,0,0,0,0,0,0,0,0,0,0,0,,0,0,0,0,0,0,0,0,3,145,49,54,1
00-0015218,Jimmy Smith,WR,1999,8,REG,1999_08_JAX_CIN,JAX,CIN,0,0,0,0,0,0,0,0,0,0,0,0,8,11,89,1,6,0,0,0,,0,0,0,0,0,0,0,0,0,0,0,,0
00-0015242,Lamar Smith,RB,1999,8,REG,1999_08_CLE_NO,NO,CLE,0,0,0,0,0,0,0,4,17,0,0,0,1,1,11,0,1,0,0,0,,0,0,0,0,0,0,0,0,0,0,0,,0
00-0015290,Rod Smith,WR,1999,8,REG,1999_08_MIN_DEN,DEN,MIN,0,0,0,0,0,0,0,0,0,0,0,0,7,11,117,0,5,0,0,0,,0,0,0,0,0,0,0,0,0,0,0,,0
00-0015507,Brian Stablein,WR,1999,8,REG,1999_08_TB_DET,DET,TB,0,0,0,0,0,0,0,0,0,0,0,0,1,4,2,0,0,0,0,0,,0,0,0,0,0,0,0,0,0,0,0,,0
00-0015523,Duce Staley,RB,1999,8,REG,1999_08_NYG_PHI,PHI,NYG,0,0,0,0,0,0,0,26,97,1,4,1,3,3,32,0,2,0,0,0,,0,0,0,0,0,0,0,0,0,0,0,,0
00-0015655,Tremayne Stephens,RB,1999,8,REG,1999_08_SD_KC,LAC,KC,0,0,0,0,0,0,0,2,2,0,0,0,0,0,0,0,0,0,0,0,,0,0,0,0,0,0,0,0,0,0,0,,0
00-0015698,James Stewart,RB,1999,8,REG,1999_08_JAX_CIN,JAX,CIN,0,0,0,0,0,0,0,10,32,2,4,0,1,1,-2,0,0,0,0,0,,0,0,0,0,0,0,0,0,0,0,0,,0
00-0015784,Matt Stover,K,1999,8,REG,1999_08_BUF_BAL,BAL,BUF,0,0,0,0,0,0,0,0,0,0,0,0,0,0,0,0,0,0,1,2,37,0,0,1,0,0,0,1,1,0,0,0,,0
00-0015791,Pete Stoyanovich,K,1999,8,REG,1999_08_SD_KC,KC,LAC,0,0,0,0,0,0,0,0,0,0,0,0,0,0,0,0,0,0,2,2,43,0,0,1,1,0,0,4,4,0,0,0,,0
00-0015842,Dan Stryzinski,P,1999,8,REG,1999_08_CAR_ATL,ATL,CAR,0,0,0,0,0,0,0,0,0,0,0,0,0,0,0,0,0,0,0,0,,0,0,0,0,0,0,0,0,6,236,228,52,1
00-0016061,Robert Tate,DB,1999,8,REG,1999_08_MIN_DEN,MIN,DEN,0,0,0,0,0,0,0,1,4,0,0,0,0,0,0,0,0,0,0,0,,0,0,0,0,0,0,0,0,0,0,0,,0
00-0016098,Fred Taylor,RB,1999,8,REG,1999_08_JAX_CIN,JAX,CIN,0,0,0,0,0,0,0,15,128,1,5,0,1,1,3,0,1,0,0,0,,0,0,0,0,0,0,0,0,0,0,0,,0
00-0016214,Yancey Thigpen,WR,1999,8,REG,1999_08_STL_TEN,TEN,LA,0,0,0,0,0,0,0,0,0,0,0,0,2,4,49,0,2,0,0,0,,0,0,0,0,0,0,0,0,0,0,0,,0
00-0016316,Robert Thomas,FB,1999,8,REG,1999_08_DAL_IND,DAL,IND,0,0,0,0,0,0,0,0,0,0,0,0,1,1,9,0,0,0,0,0,,0,0,0,0,0,0,0,0,0,0,0,,0
00-0016321,Rodney Thomas,RB,1999,8,REG,1999_08_STL_TEN,TEN,LA,0,0,0,0,0,0,0,2,-1,0,0,0,0,0,0,0,0,0,0,0,,0,0,0,0,0,0,0,0,0,0,0,,0
00-0016534,Billy Joe Tolliver,QB,1999,8,REG,1999_08_CLE_NO,NO,CLE,9,20,92,0,1,0,0,4,24,0,2,1,0,0,0,0,0,0,0,0,,0,0,0,0,0,0,0,0,0,0,0,,0
00-0016550,Amani Toomer,WR,1999,8,REG,1999_08_NYG_PHI,NYG,PHI,0,0,0,0,0,0,0,0,0,0,0,0,1,5,25,0,1,0,0,0,,0,0,0,0,0,0,0,0,0,0,0,,0
00-0016654,Jason Tucker,WR,1999,8,REG,1999_08_DAL_IND,DAL,IND,0,0,0,0,0,0,0,0,0,0,0,0,0,1,0,0,0,0,0,0,,0,0,0,0,0,0,0,0,0,0,0,,0
00-0016723,Kevin Turner,FB,1999,8,REG,1999_08_NYG_PHI,PHI,NYG,0,0,0,0,0,0,0,2,7,0,1,0,1,1,5,0,0,0,0,0,,0,0,0,0,0,0,0,0,0,0,0,,0
00-0016753,Rick Tuten,P,1999,8,REG,1999_08_STL_TEN,LA,TEN,0,0,0,0,0,0,0,0,0,0,0,0,0,0,0,0,0,0,0,0,,0,0,0,0,0,0,0,0,7,330,260,53,2
00-0016830,Mike Vanderjagt,K,1999,8,REG,1999_08_DAL_IND,IND,DAL,0,0,0,0,0,0,0,0,0,0,0,0,0,0,0,0,0,0,4,4,43,0,1,2,1,0,0,2,2,0,0,0,,0
00-0016919,Adam Vinatieri,K,1999,8,REG,1999_08_NE_ARI,NE,ARI,0,0,0,0,0,0,0,0,0,0,0,0,0,0,0,0,0,0,0,0,,0,0,0,0,0,0,3,4,0,0,0,,0
00-0017109,Wesley Walls,TE,1999,8,REG,1999_08_CAR_ATL,CAR,ATL,0,0,0,0,0,0,0,0,0,0,0,0,3,6,48,0,2,0,0,0,,0,0,0,0,0,0,0,0,0,0,0,,0
00-0017127,Ken Walter,P,1999,8,REG,1999_08_CAR_ATL,CAR,ATL,0,0,0,0,0,0,0,0,0,0,0,0,0,0,0,0,0,0,0,0,,0,0,0,0,0,0,0,0,2,72,61,51,0
00-0017200,Kurt Warner,QB,1999,8,REG,1999_08_STL_TEN,LA,TEN,29,46,328,3,0,6,-41,2,22,0,1,1,0,0,0,0,0,0,0,0,,0,0,0,0,0,0,0,0,0,0,0,,0
00-0017209,Chris Warren,RB,1999,8,REG,1999_08_DAL_IND,DAL,IND,0,0,0,0,0,0,0,3,9,1,2,0,3,3,20,0,0,0,0,0,,0,0,0,0,0,0,0,0,0,0,0,,0
00-0017218,Lamont Warren,RB,1999,8,REG,1999_08_NE_ARI,NE,ARI,0,0,0,0,0,0,0,0,0,0,0,0,1,2,3,1,1,0,0,0,,0,0,0,0,0,0,0,0,0,0,0,,0
00-0017322,Ricky Watters,RB,1999,8,REG,1999_08_SEA_GB,SEA,GB,0,0,0,0,0,0,0,31,125,0,4,0,1,1,21,0,1,0,0,0,,0,0,0,0,0,0,0,0,0,0,0,,0
00-0017337,Charles Way,FB,1999,8,REG,1999_08_NYG_PHI,NYG,PHI,0,0,0,0,0,0,0,5,16,0,2,0,3,4,21,0,0,0,0,0,,0,0,0,0,0,0,0,0,0,0,0,,0
00-0017356,Jed Weaver,TE,1999,8,REG,1999_08_NYG_PHI,PHI,NYG,0,0,0,0,0,0,0,0,0,0,0,0,0,2,0,0,0,0,0,0,,0,0,0,0,0,0,0,0,0,0,0,,0
00-0017470,Michael Westbrook,WR,1999,8,REG,1999_08_CHI_WAS,WAS,CHI,0,0,0,0,0,0,0,0,0,0,0,0,5,7,85,1,5,0,0,0,,0,0,0,0,0,0,0,0,0,0,0,,0
00-0017480,Ryan Wetnight,TE,1999,8,REG,1999_08_CHI_WAS,CHI,WAS,0,0,0,0,0,0,0,0,0,0,0,0,2,5,9,1,2,0,0,0,,0,0,0,0,0,0,0,0,0,0,0,,0
00-0017486,Tyrone Wheatley,RB,1999,8,REG,1999_08_MIA_OAK,LV,MIA,0,0,0,0,0,0,0,8,16,0,1,0,0,0,0,0,0,0,0,0,,0,0,0,0,0,0,0,0,0,0,0,,0
00-0017662,Josh Wilcox,TE,1999,8,REG,1999_08_CLE_NO,NO,CLE,0,0,0,0,0,0,0,0,0,0,0,0,0,1,0,0,0,0,0,0,,0,0,0,0,0,0,0,0,0,0,0,,0
00-0017693,Jeff Wilkins,K,1999,8,REG,1999_08_STL_TEN,LA,TEN,0,0,0,0,0,0,0,0,0,0,0,0,0,0,0,0,0,0,0,2,,0,0,0,0,0,0,3,3,0,0,0,,0
00-0017697,Terrence Wilkins,WR,1999,8,REG,1999_08_DAL_IND,IND,DAL,0,0,0,0,0,0,0,1,2,0,0,0,5,7,60,0,3,0,0,0,,0,0,0,0,0,0,0,0,0,0,0,,0
00-0017829,Jermaine Williams,RB,1999,8,REG,1999_08_MIA_OAK,LV,MIA,0,0,0,0,0,0,0,0,0,0,0,0,1,1,20,0,0,0,0,0,,0,0,0,0,0,0,0,0,0,0,0,,0
00-0017860,Kevin R. Williams,WR,1999,8,REG,1999_08_BUF_BAL,BUF,BAL,0,0,0,0,0,0,0,0,0,0,0,0,4,8,35,0,3,0,0,0,,0,0,0,0,0,0,0,0,0,0,0,,0
00-0017892,Moe Williams,RB,1999,8,REG,1999_08_MIN_DEN,MIN,DEN,0,0,0,0,0,0,0,4,9,0,0,0,0,0,0,0,0,0,0,0,,0,0,0,0,0,0,0,0,0,0,0,,0
00-0017896,Nicolas Luchey,RB,1999,8,REG,1999_08_JAX_CIN,CIN,JAX,0,0,0,0,0,0,0,0,0,0,0,0,1,2,16,0,1,0,0,0,,0,0,0,0,0,0,0,0,0,0,0,,0
00-0017915,Ricky Williams,RB,1999,8,REG,1999_08_CLE_NO,NO,CLE,0,0,0,0,0,0,0,40,179,0,12,2,3,3,8,0,0,0,0,0,,0,0,0,0,0,0,0,0,0,0,0,,0
00-0017924,Roland Williams,TE,1999,8,REG,1999_08_STL_TEN,LA,TEN,0,0,0,0,0,0,0,0,0,0,0,0,1,1,4,0,0,0,0,0,,0,0,0,0,0,0,0,0,0,0,0,,0
00-0018343,Frank Wycheck,TE,1999,8,REG,1999_08_STL_TEN,TEN,LA,0,0,0,0,0,0,0,0,0,0,0,0,2,8,38,0,2,0,0,0,,0,0,0,0,0,0,0,0,0,0,0,,0
00-0018382,Craig Yeast,WR,1999,8,REG,1999_08_JAX_CIN,CIN,JAX,0,0,0,0,0,0,0,0,0,0,0,0,3,4,20,0,1,0,0,0,,0,0,0,0,0,0,0,0,0,0,0,,0
00-0018483,Eric Zeier,QB,1999,8,REG,1999_08_TB_DET,TB,DET,29,43,256,0,0,5,-36,3,7,0,1,0,0,0,0,0,0,0,0,0,,0,0,0,0,0,0,0,0,0,0,0,,0
00-0000003,Abdul-Karim al-Jabbar,RB,1999,9,REG,1999_09_BAL_CLE,CLE,BAL,0,0,0,0,0,0,0,9,23,0,1,0,1,2,2,0,0,0,0,0,,0,0,0,0,0,0,0,0,0,0,0,,0
00-0000098,Louie Aguiar,P,1999,9,REG,1999_09_CHI_GB,GB,CHI,0,0,0,0,0,0,0,0,0,0,0,0,0,0,0,0,0,0,0,0,,0,0,0,0,0,0,0,0,5,198,172,49,1
00-0000104,Troy Aikman,QB,1999,9,REG,1999_09_DAL_MIN,DAL,MIN,14,24,129,0,0,2,-10,1,0,0,0,0,0,0,0,0,0,0,0,0,,0,0,0,0,0,0,0,0,0,0,0,,0
00-0000145,Derrick Alexander,WR,1999,9,REG,1999_09_KC_IND,KC,IND,0,0,0,0,0,0,0,0,0,0,0,0,3,6,42,0,2,0,0,0,,0,0,0,0,0,0,0,0,0,0,0,,0
00-0000166,Stephen Alexander,TE,1999,9,REG,1999_09_BUF_WAS,WAS,BUF,0,0,0,0,0,0,0,0,0,0,0,0,2,4,9,0,0,0,0,0,,0,0,0,0,0,0,0,0,0,0,0,,0
00-0000210,James Allen,RB,1999,9,REG,1999_09_CHI_GB,CHI,GB,0,0,0,0,0,0,0,4,17,0,1,0,0,0,0,0,0,0,0,0,,0,0,0,0,0,0,0,0,0,0,0,,0
00-0000242,John Allred,TE,1999,9,REG,1999_09_CHI_GB,CHI,GB,0,0,0,0,0,0,0,0,0,0,0,0,1,2,6,0,1,0,0,0,,0,0,0,0,0,0,0,0,0,0,0,,0
00-0000251,Mike Alstott,FB,1999,9,REG,1999_09_TB_NO,TB,NO,0,0,0,0,0,0,0,25,117,1,5,0,1,1,15,0,1,0,0,0,,0,0,0,0,0,0,0,0,0,0,0,,0
00-0000282,Morten Andersen,K,1999,9,REG,1999_09_JAX_ATL,ATL,JAX,0,0,0,0,0,0,0,0,0,0,0,0,0,0,0,0,0,0,0,0,,0,0,0,0,0,0,1,1,0,0,0,,0
00-0000313,Gary Anderson,K,1999,9,REG,1999_09_DAL_MIN,MIN,DAL,0,0,0,0,0,0,0,0,0,0,0,0,0,0,0,0,0,0,2,3,40,0,0,1,1,0,0,3,3,0,0,0,,0
00-0000339,Richie Anderson,FB,1999,9,REG,1999_09_ARI_NYJ,NYJ,ARI,0,0,0,0,0,0,0,0,0,0,0,0,1,2,7,0,0,0,0,0,,0,0,0,0,0,0,0,0,0,0,0,,0
00-0000387,Reidel Anthony,WR,1999,9,REG,1999_09_TB_NO,TB,NO,0,0,0,0,0,0,0,0,0,0,0,0,2,5,14,0,1,0,0,0,,0,0,0,0,0,0,0,0,0,0,0,,0
00-0000422,Justin Armour,WR,1999,9,REG,1999_09_BAL_CLE,BAL,CLE,0,0,0,0,0,0,0,0,0,0,0,0,5,8,38,0,4,0,0,0,,0,0,0,0,0,0,0,0,0,0,0,,0
00-0000541,John Avery,RB,1999,9,REG,1999_09_DEN_SD,DEN,LAC,0,0,0,0,0,0,0,0,0,0,0,0,0,1,0,0,0,0,0,0,,0,0,0,0,0,0,0,0,0,0,0,,0
00-0000721,Tavian Banks,RB,1999,9,REG,1999_09_JAX_ATL,JAX,ATL,0,0,0,0,0,0,0,1,12,0,1,0,1,1,5,0,0,0,0,0,,0,0,0,0,0,0,0,0,0,0,0,,0
00-0000722,Tony Banks,QB,1999,9,REG,1999_09_BAL_CLE,BAL,CLE,14,25,129,1,0,2,-17,4,23,0,3,0,0,0,0,0,0,0,0,0,,0,0,0,0,0,0,0,0,0,0,0,,0
00-0000754,Bryan Barker,P,1999,9,REG,1999_09_JAX_ATL,JAX,ATL,0,0,0,0,0,0,0,0,0,0,0,0,0,0,0,0,0,0,0,0,,0,0,0,0,0,0,0,0,4,167,140,56,2
00-0000765,Reggie Barlow,WR,1999,9,REG,1999_09_JAX_ATL,JAX,ATL,0,0,0,0,0,0,0,0,0,0,0,0,1,1,20,0,1,0,0,0,,0,0,0,0,0,0,0,0,0,0,0,,0
00-0000811,Tommy Barnhardt,P,1999,9,REG,1999_09_TB_NO,NO,TB,0,0,0,0,0,0,0,0,0,0,0,0,0,0,0,0,0,0,0,0,,0,0,0,0,0,0,0,0,3,118,118,47,0
00-0000856,Michael Basnight,RB,1999,9,REG,1999_09_CIN_SEA,CIN,SEA,0,0,0,0,0,0,0,1,1,0,0,0,2,4,7,0,0,0,0,0,,0,0,0,0,0,0,0,0,0,0,0,,0
00-0000865,Charlie Batch,QB,1999,9,REG,1999_09_STL_DET,DET,LA,10,20,148,1,0,3,-12,0,0,0,0,0,0,0,0,0,0,0,0,0,,0,0,0,0,0,0,0,0,0,0,0,,0
00-0000869,D'Wayne Bates,WR,1999,9,REG,1999_09_CHI_GB,CHI,GB,0,0,0,0,0,0,0,0,0,0,0,0,1,2,8,0,0,0,0,0,,0,0,0,0,0,0,0,0,0,0,0,,0
00-0000872,Michael Bates,WR,1999,9,REG,1999_09_PHI_CAR,CAR,PHI,0,0,0,0,0,0,0,2,14,0,1,0,0,0,0,0,0,0,0,0,,0,0,0,0,0,0,0,0,0,0,0,,0
00-0000883,Marco Battaglia,TE,1999,9,REG,1999_09_CIN_SEA,CIN,SEA,0,0,0,0,0,0,0,0,0,0,0,0,3,3,24,0,1,0,0,0,,0,0,0,0,0,0,0,0,0,0,0,,0
00-0000911,Fred Baxter,TE,1999,9,REG,1999_09_ARI_NYJ,NYJ,ARI,0,0,0,0,0,0,0,0,0,0,0,0,1,2,24,0,1,0,0,0,,0,0,0,0,0,0,0,0,0,0,0,,0
00-0000942,Fred Beasley,FB,1999,9,REG,1999_09_PIT_SF,SF,PIT,0,0,0,0,0,0,0,5,25,0,1,0,1,2,9,0,1,0,0,0,,0,0,0,0,0,0,0,0,0,0,0,,0
00-0000969,Brett Bech,WR,1999,9,REG,1999_09_TB_NO,NO,TB,0,0,0,0,0,0,0,0,0,0,0,0,1,1,13,0,1,0,0,0,,0,0,0,0,0,0,0,0,0,0,0,,0
00-0001101,Darren Bennett,P,1999,9,REG,1999_09_DEN_SD,LAC,DEN,0,0,0,0,0,0,0,0,0,0,0,0,0,0,0,0,0,0,0,0,,0,0,0,0,0,0,0,0,3,132,120,48,1
00-0001102,Donnell Bennett,FB,1999,9,REG,1999_09_KC_IND,KC,IND,0,0,0,0,0,0,0,12,64,1,3,0,2,3,6,0,1,0,0,0,,0,0,0,0,0,0,0,0,0,0,0,,0
00-0001103,Edgar Bennett,RB,1999,9,REG,1999_09_CHI_GB,CHI,GB,0,0,0,0,0,0,0,1,1,0,0,0,1,1,5,0,1,0,0,0,,0,0,0,0,0,0,0,0,0,0,0,,0
00-0001157,Mitch Berger,P,1999,9,REG,1999_09_DAL_MIN,MIN,DAL,0,0,0,0,0,0,0,0,0,0,0,0,0,0,0,0,0,0,0,0,,0,0,0,0,0,0,0,0,6,269,218,59,0
00-0001215,Jerome Bettis,RB,1999,9,REG,1999_09_PIT_SF,PIT,SF,0,0,0,0,0,0,0,18,53,2,2,0,0,0,0,0,0,0,0,0,,0,0,0,0,0,0,0,0,0,0,0,,0
00-0001218,Steve Beuerlein,QB,1999,9,REG,1999_09_PHI_CAR,CAR,PHI,21,34,281,3,0,2,-11,1,6,0,1,0,0,0,0,0,0,0,0,0,,0,0,0,0,0,0,0,0,0,0,0,,0
00-0001317,Will Blackwell,WR,1999,9,REG,1999_09_PIT_SF,PIT,SF,0,0,0,0,0,0,0,0,0,0,0,0,2,3,6,0,0,0,0,0,,0,0,0,0,0,0,0,0,0,0,0,,0
00-0001335,Jeff Blake,QB,1999,9,REG,1999_09_CIN_SEA,CIN,SEA,18,35,287,1,2,1,-8,5,34,1,4,0,0,0,0,0,0,0,0,0,,0,0,0,0,0,0,0,0,0,0,0,,0
00-0001460,Chris Boniol,K,1999,9,REG,1999_09_CHI_GB,CHI,GB,0,0,0,0,0,0,0,0,0,0,0,0,0,0,0,0,0,0,0,1,,0,0,0,0,0,0,2,2,0,0,0,,0
00-0001471,Steve Bono,QB,1999,9,REG,1999_09_PHI_CAR,,,0,1,0,0,0,0,0,2,-2,0,0,0,0,0,0,0,0,0,0,0,,0,0,0,0,0,0,0,0,0,0,0,,0
00-0001525,James Bostic,RB,1999,9,REG,1999_09_PHI_CAR,PHI,CAR,0,0,0,0,0,0,0,2,8,0,0,1,0,0,0,0,0,0,0,0,,0,0,0,0,0,0,0,0,0,0,0,,0
00-0001627,Corey Bradford,WR,1999,9,REG,1999_09_CHI_GB,GB,CHI,0,0,0,0,0,0,0,0,0,0,0,0,3,5,53,0,2,0,0,0,,0,0,0,0,0,0,0,0,0,0,0,,0
00-0001661,Kyle Brady,TE,1999,9,REG,1999_09_JAX_ATL,JAX,ATL,0,0,0,0,0,0,0,0,0,0,0,0,1,4,11,0,1,0,0,0,,0,0,0,0,0,0,0,0,0,0,0,,0
00-0001752,Will Brice,P,1999,9,REG,1999_09_CIN_SEA,CIN,SEA,0,0,0,0,0,0,0,0,0,0,0,0,0,0,0,0,0,0,0,0,,0,0,0,0,0,0,0,0,3,118,109,61,0
00-0001759,Doug Brien,K,1999,9,REG,1999_09_TB_NO,NO,TB,0,0,0,0,0,0,0,0,0,0,0,0,0,0,0,0,0,0,3,3,39,0,1,2,0,0,0,1,1,0,0,0,,0
00-0001842,Macey Brooks,WR,1999,9,REG,1999_09_CHI_GB,CHI,GB,0,0,0,0,0,0,0,0,0,0,0,0,1,2,10,0,1,0,0,0,,0,0,0,0,0,0,0,0,0,0,0,,0
00-0001862,Luther Broughton,TE,1999,9,REG,1999_09_PHI_CAR,PHI,CAR,0,0,0,0,0,0,0,0,0,0,0,0,1,4,6,0,1,0,0,0,,0,0,0,0,0,0,0,0,0,0,0,,0
00-0001907,Dave Brown,QB,1999,9,REG,1999_09_ARI_NYJ,ARI,NYJ,16,26,199,0,0,6,-48,1,3,0,0,0,0,0,0,0,0,0,0,0,,0,0,0,0,0,0,0,0,0,0,0,,0
00-0001980,Kris Brown,K,1999,9,REG,1999_09_PIT_SF,PIT,SF,0,0,0,0,0,0,0,0,0,0,0,0,0,0,0,0,0,0,2,3,38,0,1,1,0,0,0,3,3,0,0,0,,0
00-0002099,Isaac Bruce,WR,1999,9,REG,1999_09_STL_DET,LA,DET,0,0,0,0,0,0,0,0,0,0,0,0,2,7,34,0,2,0,0,0,,0,0,0,0,0,0,0,0,0,0,0,,0
00-0002102,Mark Bruener,TE,1999,9,REG,1999_09_PIT_SF,PIT,SF,0,0,0,0,0,0,0,0,0,0,0,0,1,3,0,0,0,0,0,0,,0,0,0,0,0,0,0,0,0,0,0,,0
00-0002110,Mark Brunell,QB,1999,9,REG,1999_09_JAX_ATL,JAX,ATL,14,27,203,3,0,2,-16,2,7,0,0,0,0,0,0,0,0,0,0,0,,0,0,0,0,0,0,0,0,0,0,0,,0
00-0002459,Kenny Bynum,RB,1999,9,REG,1999_09_DEN_SD,LAC,DEN,0,0,0,0,0,0,0,11,24,0,0,0,3,7,10,0,0,0,0,0,,0,0,0,0,0,0,0,0,0,0,0,,0
00-0002469,Isaac Byrd,WR,1999,9,REG,1999_09_TEN_MIA,TEN,MIA,0,0,0,0,0,0,0,0,0,0,0,0,0,2,0,0,0,0,0,0,,0,0,0,0,0,0,0,0,0,0,0,,0
00-0002655,John Carney,K,1999,9,REG,1999_09_DEN_SD,LAC,DEN,0,0,0,0,0,0,0,0,0,0,0,0,0,0,0,0,0,0,1,1,46,0,0,0,1,0,0,2,2,0,0,0,,0
00-0002709,Dwayne Carswell,OT,1999,9,REG,1999_09_DEN_SD,DEN,LAC,0,0,0,0,0,0,0,0,0,0,0,0,1,1,8,0,0,0,0,0,,0,0,0,0,0,0,0,0,0,0,0,,0
00-0002721,Cris Carter,WR,1999,9,REG,1999_09_DAL_MIN,MIN,DAL,0,0,0,0,0,0,0,0,0,0,0,0,9,10,116,1,6,0,0,0,,0,0,0,0,0,0,0,0,0,0,0,,0
00-0002787,Stoney Case,QB,1999,9,REG,1999_09_BAL_CLE,BAL,CLE,0,0,0,0,0,0,0,4,17,1,1,0,0,0,0,0,0,0,0,0,,0,0,0,0,0,0,0,0,0,0,0,,0
00-0002846,Larry Centers,FB,1999,9,REG,1999_09_BUF_WAS,WAS,BUF,0,0,0,0,0,0,0,0,0,0,0,0,3,5,1,0,0,0,0,0,,0,0,0,0,0,0,0,0,0,0,0,,0
00-0002876,Chris Chandler,QB,1999,9,REG,1999_09_JAX_ATL,ATL,JAX,14,25,163,1,2,8,-54,0,0,0,0,0,0,0,0,0,0,0,0,0,,0,0,0,0,0,0,0,0,0,0,0,,0
00-0002942,Darrin Chiaverini,WR,1999,9,REG,1999_09_BAL_CLE,CLE,BAL,0,0,0,0,0,0,0,0,0,0,0,0,0,4,0,0,0,0,0,0,,0,0,0,0,0,0,0,0,0,0,0,,0
00-0002962,Wayne Chrebet,WR,1999,9,REG,1999_09_ARI_NYJ,NYJ,ARI,0,0,0,0,0,0,0,0,0,0,0,0,2,3,19,0,1,0,0,0,,0,0,0,0,0,0,0,0,0,0,0,,0
00-0002970,Bob Christian,FB,1999,9,REG,1999_09_JAX_ATL,ATL,JAX,0,0,0,0,0,0,0,1,10,0,0,0,2,4,8,0,0,0,0,0,,0,0,0,0,0,0,0,0,0,0,0,,0
00-0002975,Steve Christie,K,1999,9,REG,1999_09_BUF_WAS,BUF,WAS,0,0,0,0,0,0,0,0,0,0,0,0,0,0,0,0,0,0,2,2,23,0,2,0,0,0,0,4,4,0,0,0,,0
00-0002985,Pete Chryplewicz,TE,1999,9,REG,1999_09_STL_DET,DET,LA,0,0,0,0,0,0,0,0,0,0,0,0,2,2,18,0,0,0,0,0,,0,0,0,0,0,0,0,0,0,0,0,,0
00-0003103,Cameron Cleeland,TE,1999,9,REG,1999_09_TB_NO,NO,TB,0,0,0,0,0,0,0,0,0,0,0,0,2,7,39,0,2,0,0,0,,0,0,0,0,0,0,0,0,0,0,0,,0
00-0003128,Tony Cline,TE,1999,9,REG,1999_09_PIT_SF,SF,PIT,0,0,0,0,0,0,0,0,0,0,0,0,1,2,3,0,0,0,0,0,,0,0,0,0,0,0,0,0,0,0,0,,0
00-0003266,Bobby Collins,TE,1999,9,REG,1999_09_BUF_WAS,BUF,WAS,0,0,0,0,0,0,0,0,0,0,0,0,1,1,6,1,1,0,0,0,,0,0,0,0,0,0,0,0,0,0,0,,0
00-0003271,Cecil Collins,RB,1999,9,REG,1999_09_TEN_MIA,MIA,TEN,0,0,0,0,0,0,0,14,41,0,1,0,0,0,0,0,0,0,0,0,,0,0,0,0,0,0,0,0,0,0,0,,0
00-0003378,Albert Connell,WR,1999,9,REG,1999_09_BUF_WAS,WAS,BUF,0,0,0,0,0,0,0,0,0,0,0,0,4,12,84,1,3,0,0,0,,0,0,0,0,0,0,0,0,0,0,0,,0
00-0003395,Brett Conway,K,1999,9,REG,1999_09_BUF_WAS,WAS,BUF,0,0,0,0,0,0,0,0,0,0,0,0,0,0,0,0,0,0,1,2,41,0,0,0,1,0,0,2,2,0,0,0,,0
00-0003441,Andre Cooper,WR,1999,9,REG,1999_09_DEN_SD,DEN,LAC,0,0,0,0,0,0,0,0,0,0,0,0,2,5,18,0,1,0,0,0,,0,0,0,0,0,0,0,0,0,0,0,,0
00-0003535,Tim Couch,QB,1999,9,REG,1999_09_BAL_CLE,CLE,BAL,9,21,57,0,1,3,-24,4,7,0,1,0,0,0,0,0,0,0,0,0,,0,0,0,0,0,0,0,0,0,0,0,,0
00-0003557,Scott Covington,QB,1999,9,REG,1999_09_CIN_SEA,CIN,SEA,2,3,15,0,0,0,0,0,0,0,0,0,0,0,0,0,0,0,0,0,,0,0,0,0,0,0,0,0,0,0,0,,0
00-0003610,Aaron Craver,FB,1999,9,REG,1999_09_TB_NO,NO,TB,0,0,0,0,0,0,0,1,3,0,0,0,0,2,0,0,0,0,0,0,,0,0,0,0,0,0,0,0,0,0,0,,0
00-0003700,Germane Crowell,WR,1999,9,REG,1999_09_STL_DET,DET,LA,0,0,0,0,0,0,0,0,0,0,0,0,8,13,163,1,6,0,0,0,,0,0,0,0,0,0,0,0,0,0,0,,0
00-0003762,Richie Cunningham,K,1999,9,REG,1999_09_DAL_MIN,DAL,MIN,0,0,0,0,0,0,0,0,0,0,0,0,0,0,0,0,0,0,1,3,39,0,0,1,0,0,0,2,2,0,0,0,,0
00-0004004,John Davis,TE,1999,9,REG,1999_09_TB_NO,TB,NO,0,0,0,0,0,0,0,0,0,0,0,0,1,1,1,1,1,0,0,0,,0,0,0,0,0,0,0,0,0,0,0,,0
00-0004052,Stephen Davis,RB,1999,9,REG,1999_09_BUF_WAS,WAS,BUF,0,0,0,0,0,0,0,9,33,1,2,0,2,3,27,0,1,0,0,0,,0,0,0,0,0,0,0,0,0,0,0,,0
00-0004063,Tyrone Davis,TE,1999,9,REG,1999_09_CHI_GB,GB,CHI,0,0,0,0,0,0,0,0,0,0,0,0,3,7,24,1,2,0,0,0,,0,0,0,0,0,0,0,0,0,0,0,,0
00-0004077,Sean Dawkins,WR,1999,9,REG,1999_09_CIN_SEA,SEA,CIN,0,0,0,0,0,0,0,0,0,0,0,0,3,7,52,0,3,0,0,0,,0,0,0,0,0,0,0,0,0,0,0,,0
00-0004091,Phil Dawson,K,1999,9,REG,1999_09_BAL_CLE,CLE,BAL,0,0,0,0,0,0,0,0,0,0,0,0,0,0,0,0,0,0,1,1,25,0,1,0,0,0,0,0,1,0,0,0,,0
00-0004147,Al Del Greco,K,1999,9,REG,1999_09_TEN_MIA,TEN,MIA,0,0,0,0,0,0,0,0,0,0,0,0,0,0,0,0,0,0,0,1,,0,0,0,0,0,0,0,0,0,0,0,,0
00-0004230,Ty Detmer,QB,1999,9,REG,1999_09_BAL_CLE,CLE,BAL,7,15,81,1,1,0,0,1,7,0,0,0,0,0,0,0,0,0,0,0,,0,0,0,0,0,0,0,0,0,0,0,,0
00-0004293,Trent Dilfer,QB,1999,9,REG,1999_09_TB_NO,TB,NO,15,20,227,3,0,1,-2,2,2,0,0,0,0,0,0,0,0,0,0,0,,0,0,0,0,0,0,0,0,0,0,0,,0
00-0004294,Ken Dilger,TE,1999,9,REG,1999_09_KC_IND,IND,KC,0,0,0,0,0,0,0,0,0,0,0,0,1,3,30,0,1,0,0,0,,0,0,0,0,0,0,0,0,0,0,0,,0
00-0004304,Corey Dillon,RB,1999,9,REG,1999_09_CIN_SEA,CIN,SEA,0,0,0,0,0,0,0,16,81,0,3,0,0,2,0,0,0,0,0,0,,0,0,0,0,0,0,0,0,0,0,0,,0
00-0004640,Warrick Dunn,RB,1999,9,REG,1999_09_TB_NO,TB,NO,0,0,0,0,0,0,0,12,42,0,3,1,3,3,54,0,3,0,0,0,,0,0,0,0,0,0,0,0,0,0,0,,0
00-0004673,Tim Dwight,WR,1999,9,REG,1999_09_JAX_ATL,ATL,JAX,0,0,0,0,0,0,0,0,0,0,0,0,2,4,47,1,2,0,0,0,,0,0,0,0,0,0,0,0,0,0,0,,0
00-0004694,Kevin Dyson,WR,1999,9,REG,1999_09_TEN_MIA,TEN,MIA,0,0,0,0,0,0,0,0,0,0,0,0,3,7,32,0,2,0,0,0,,0,0,0,0,0,0,0,0,0,0,0,,0
00-0004768,Marc Edwards,FB,1999,9,REG,1999_09_BAL_CLE,CLE,BAL,0,0,0,0,0,0,0,0,0,0,0,0,2,3,9,0,0,0,0,0,,0,0,0,0,0,0,0,0,0,0,0,,0
00-0004780,Troy Edwards,WR,1999,9,REG,1999_09_PIT_SF,PIT,SF,0,0,0,0,0,0,0,0,0,0,0,0,6,9,76,0,4,0,0,0,,0,0,0,0,0,0,0,0,0,0,0,,0
00-0004811,Jason Elam,K,1999,9,REG,1999_09_DEN_SD,DEN,LAC,0,0,0,0,0,0,0,0,0,0,0,0,0,0,0,0,0,0,4,4,55,0,1,0,2,1,0,3,3,0,0,0,,0
00-0004915,Bobby Engram,WR,1999,9,REG,1999_09_CHI_GB,CHI,GB,0,0,0,0,0,0,0,0,0,0,0,0,6,10,48,1,4,0,0,0,,0,0,0,0,0,0,0,0,0,0,0,,0
00-0004916,Curtis Enis,RB,1999,9,REG,1999_09_CHI_GB,CHI,GB,0,0,0,0,0,0,0,20,88,0,6,1,1,2,8,0,0,0,0,0,,0,0,0,0,0,0,0,0,0,0,0,,0
00-0004972,Chuck Evans,RB,1999,9,REG,1999_09_BAL_CLE,BAL,CLE,0,0,0,0,0,0,0,3,6,0,0,0,0,1,0,0,0,0,0,0,,0,0,0,0,0,0,0,0,0,0,0,,0
00-0005092,Marshall Faulk,RB,1999,9,REG,1999_09_STL_DET,LA,DET,0,1,0,0,0,0,0,11,15,0,1,0,10,11,78,0,2,0,0,0,,0,0,0,0,0,0,0,0,0,0,0,,0
00-0005101,Christian Fauria,TE,1999,9,REG,1999_09_CIN_SEA,SEA,CIN,0,0,0,0,0,0,0,0,0,0,0,0,1,1,14,0,1,0,0,0,,0,0,0,0,0,0,0,0,0,0,0,,0
00-0005106,Brett Favre,QB,1999,9,REG,1999_09_CHI_GB,GB,CHI,27,40,267,1,1,3,-13,2,8,0,0,0,0,0,0,0,0,0,0,0,,0,0,0,0,0,0,0,0,0,0,0,,0
00-0005113,Jeff Feagles,P,1999,9,REG,1999_09_CIN_SEA,SEA,CIN,0,0,0,0,0,0,0,0,0,0,0,0,0,0,0,0,0,0,0,0,,0,0,0,0,0,0,0,0,2,73,65,37,0
00-0005180,Jay Fiedler,QB,1999,9,REG,1999_09_JAX_ATL,JAX,ATL,5,7,35,0,0,1,-7,2,-2,0,0,0,0,0,0,0,0,0,0,0,,0,0,0,0,0,0,0,0,0,0,0,,0
00-0005324,Terrell Fletcher,RB,1999,9,REG,1999_09_DEN_SD,LAC,DEN,0,0,0,0,0,0,0,3,8,0,0,0,0,0,0,0,0,0,0,0,,0,0,0,0,0,0,0,0,0,0,0,,0
00-0005361,William Floyd,FB,1999,9,REG,1999_09_PHI_CAR,CAR,PHI,0,0,0,0,0,0,0,4,8,0,0,0,1,2,14,0,1,0,0,0,,0,0,0,0,0,0,0,0,0,0,0,,0
00-0005363,Doug Flutie,QB,1999,9,REG,1999_09_BUF_WAS,BUF,WAS,16,22,211,2,0,1,-2,5,40,0,4,0,0,0,0,0,0,0,0,0,,0,0,0,0,0,0,0,0,0,0,0,,0
00-0005562,Antonio Freeman,WR,1999,9,REG,1999_09_CHI_GB,GB,CHI,0,0,0,0,0,0,0,1,-2,0,0,0,8,11,71,0,4,0,0,0,,0,0,0,0,0,0,0,0,0,0,0,,0
00-0005589,Gus Frerotte,QB,1999,9,REG,1999_09_STL_DET,DET,LA,12,16,209,2,0,4,-34,5,8,0,0,0,0,0,0,0,0,0,0,0,,0,0,0,0,0,0,0,0,0,0,0,,0
00-0005668,Oronde Gadsden,WR,1999,9,REG,1999_09_TEN_MIA,MIA,TEN,0,0,0,0,0,0,0,0,0,0,0,0,2,4,47,0,2,0,0,0,,0,0,0,0,0,0,0,0,0,0,0,,0
00-0005755,Jeff Garcia,QB,1999,9,REG,1999_09_PIT_SF,SF,PIT,7,18,39,0,0,0,0,4,25,0,3,0,0,0,0,0,0,0,0,0,,0,0,0,0,0,0,0,0,0,0,0,,0
00-0005771,Chris Gardocki,P,1999,9,REG,1999_09_BAL_CLE,CLE,BAL,0,0,0,0,0,0,0,0,0,0,0,0,0,0,0,0,0,0,0,0,,0,0,0,0,0,0,0,0,8,366,297,55,1
00-0005779,Charlie Garner,RB,1999,9,REG,1999_09_PIT_SF,SF,PIT,0,0,0,0,0,0,0,20,166,0,6,1,3,7,33,0,1,0,0,0,,0,0,0,0,0,0,0,0,0,0,0,,0
00-0005794,Jason Garrett,QB,1999,9,REG,1999_09_DAL_MIN,DAL,MIN,3,11,4,0,1,0,0,2,11,0,0,0,0,0,0,0,0,0,0,0,,0,0,0,0,0,0,0,0,0,0,0,,0
00-0005816,Olandis Gary,RB,1999,9,REG,1999_09_DEN_SD,DEN,LAC,0,0,0,0,0,0,0,30,108,2,7,0,2,2,11,0,0,0,0,0,,0,0,0,0,0,0,0,0,0,0,0,,0
00-0005883,Eddie George,RB,1999,9,REG,1999_09_TEN_MIA,TEN,MIA,0,0,0,0,0,0,0,14,65,0,3,0,2,3,20,0,1,0,0,0,,0,0,0,0,0,0,0,0,0,0,0,,0
00-0005885,Jeff George,QB,1999,9,REG,1999_09_DAL_MIN,MIN,DAL,17,30,218,3,1,4,-28,5,11,0,1,0,0,0,0,0,0,0,0,0,,0,0,0,0,0,0,0,0,0,0,0,,0
00-0005903,Jammi German,WR,1999,9,REG,1999_09_JAX_ATL,ATL,JAX,0,0,0,0,0,0,0,0,0,0,0,0,1,1,23,0,1,0,0,0,,0,0,0,0,0,0,0,0,0,0,0,,0
00-0006047,Andrew Glover,TE,1999,9,REG,1999_09_DAL_MIN,MIN,DAL,0,0,0,0,0,0,0,0,0,0,0,0,1,2,2,0,0,0,0,0,,0,0,0,0,0,0,0,0,0,0,0,,0
00-0006101,Tony Gonzalez,TE,1999,9,REG,1999_09_KC_IND,KC,IND,0,0,0,0,0,0,0,0,0,0,0,0,3,5,37,0,3,0,0,0,,0,0,0,0,0,0,0,0,0,0,0,,0
00-0006133,Hunter Goodwin,TE,1999,9,REG,1999_09_TEN_MIA,MIA,TEN,0,0,0,0,0,0,0,0,0,0,0,0,0,1,0,0,0,0,0,0,,0,0,0,0,0,0,0,0,0,0,0,,0
00-0006181,Toby Gowin,P,1999,9,REG,1999_09_DAL_MIN,DAL,MIN,0,0,0,0,0,0,0,0,0,0,0,0,0,0,0,0,0,0,0,0,,0,0,0,0,0,0,0,0,6,280,182,54,0
00-0006210,Jeff Graham,WR,1999,9,REG,1999_09_DEN_SD,LAC,DEN,0,0,0,0,0,0,0,0,0,0,0,0,2,5,11,0,1,0,0,0,,0,0,0,0,0,0,0,0,0,0,0,,0
00-0006223,Martin Gramatica,K,1999,9,REG,1999_09_TB_NO,TB,NO,0,0,0,0,0,0,0,0,0,0,0,0,0,0,0,0,0,0,1,2,35,0,0,1,0,0,0,3,3,0,0,0,,0
00-0006299,Tony Graziani,QB,1999,9,REG,1999_09_JAX_ATL,ATL,JAX,3,5,40,0,1,1,-9,0,0,0,0,0,0,0,0,0,0,0,0,0,,0,0,0,0,0,0,0,0,0,0,0,,0
00-0006300,Elvis Grbac,QB,1999,9,REG,1999_09_KC_IND,KC,IND,18,31,196,1,0,1,-5,1,2,0,0,0,0,0,0,0,0,0,0,0,,0,0,0,0,0,0,0,0,0,0,0,,0
00-0006305,Ahman Green,RB,1999,9,REG,1999_09_CIN_SEA,SEA,CIN,0,0,0,0,0,0,0,9,40,0,4,0,0,0,0,0,0,0,0,0,,0,0,0,0,0,0,0,0,0,0,0,,0
00-0006331,Jacquez Green,WR,1999,9,REG,1999_09_TB_NO,TB,NO,0,0,0,0,0,0,0,1,-5,0,0,0,4,6,89,1,2,0,0,0,,0,0,0,0,0,0,0,0,0,0,0,,0
00-0006456,Howard Griffith,RB,1999,9,REG,1999_09_DEN_SD,DEN,LAC,0,0,0,0,0,0,0,1,6,0,1,0,2,3,23,0,1,0,0,0,,0,0,0,0,0,0,0,0,0,0,0,,0
00-0006482,Clif Groce,FB,1999,9,REG,1999_09_CIN_SEA,CIN,SEA,0,0,0,0,0,0,0,0,0,0,0,0,0,1,0,0,0,0,0,0,,0,0,0,0,0,0,0,0,0,0,0,,0
00-0006627,Az-Zahir Hakim,WR,1999,9,REG,1999_09_STL_DET,LA,DET,0,0,0,0,0,0,0,0,0,0,0,0,2,6,94,1,2,0,0,0,,0,0,0,0,0,0,0,0,0,0,0,,0
00-0006662,John Hall,K,1999,9,REG,1999_09_ARI_NYJ,NYJ,ARI,0,0,0,0,0,0,0,0,0,0,0,0,0,0,0,0,0,0,2,4,44,0,0,1,1,0,0,0,0,0,0,0,,0
00-0006800,Jason Hanson,K,1999,9,REG,1999_09_STL_DET,DET,LA,0,0,0,0,0,0,0,0,0,0,0,0,0,0,0,0,0,0,3,3,44,0,1,0,2,0,0,2,2,0,0,0,,0
00-0006803,Byron Hanspard,RB,1999,9,REG,1999_09_JAX_ATL,ATL,JAX,0,0,0,0,0,0,0,4,11,0,1,0,2,2,7,0,0,0,0,0,,0,0,0,0,0,0,0,0,0,0,0,,0
00-0006808,Jim Harbaugh,QB,1999,9,REG,1999_09_DEN_SD,LAC,DEN,25,39,235,2,2,4,-21,2,14,0,1,0,0,0,0,0,0,0,0,0,,0,0,0,0,0,0,0,0,0,0,0,,0
00-0006848,Terry Hardy,TE,1999,9,REG,1999_09_ARI_NYJ,ARI,NYJ,0,0,0,0,0,0,0,0,0,0,0,0,0,1,0,0,0,0,0,0,,0,0,0,0,0,0,0,0,0,0,0,,0
00-0006949,Jackie Harris,TE,1999,9,REG,1999_09_TEN_MIA,TEN,MIA,0,0,0,0,0,0,0,0,0,0,0,0,5,5,32,0,1,0,0,0,,0,0,0,0,0,0,0,0,0,0,0,,0
00-0007024,Marvin Harrison,WR,1999,9,REG,1999_09_KC_IND,IND,KC,0,0,0,0,0,0,0,0,0,0,0,0,7,12,93,0,4,0,0,0,,0,0,0,0,0,0,0,0,0,0,0,,0
00-0007093,Andre Hastings,WR,1999,9,REG,1999_09_TB_NO,NO,TB,0,0,0,0,0,0,0,0,0,0,0,0,2,2,45,0,2,0,0,0,,0,0,0,0,0,0,0,0,0,0,0,,0
00-0007103,Matt Hatchette,WR,1999,9,REG,1999_09_DAL_MIN,MIN,DAL,0,0,0,0,0,0,0,0,0,0,0,0,0,1,0,0,0,0,0,0,,0,0,0,0,0,0,0,0,0,0,0,,0
00-0007120,Courtney Hawkins,WR,1999,9,REG,1999_09_PIT_SF,PIT,SF,0,0,0,0,0,0,0,0,0,0,0,0,2,3,26,0,1,0,0,0,,0,0,0,0,0,0,0,0,0,0,0,,0
00-0007144,Donald Hayes,WR,1999,9,REG,1999_09_PHI_CAR,CAR,PHI,0,0,0,0,0,0,0,0,0,0,0,0,0,1,0,0,0,0,0,0,,0,0,0,0,0,0,0,0,0,0,0,,0
00-0007254,William Henderson,FB,1999,9,REG,1999_09_CHI_GB,GB,CHI,0,0,0,0,0,0,0,0,0,0,0,0,3,4,25,0,1,0,0,0,,0,0,0,0,0,0,0,0,0,0,0,,0
00-0007308,Craig Hentrich,P,1999,9,REG,1999_09_TEN_MIA,TEN,MIA,0,0,0,0,0,0,0,0,0,0,0,0,0,0,0,0,0,0,0,0,,0,0,0,0,0,0,0,0,6,231,214,46,2
00-0007357,Chris Hetherington,FB,1999,9,REG,1999_09_PHI_CAR,CAR,PHI,0,0,0,0,0,0,0,2,7,0,0,0,0,0,0,0,0,0,0,0,,0,0,0,0,0,0,0,0,0,0,0,,0
00-0007436,Greg Hill,RB,1999,9,REG,1999_09_STL_DET,DET,LA,0,0,0,0,0,0,0,11,3,0,0,0,0,1,0,0,0,0,0,0,,0,0,0,0,0,0,0,0,0,0,0,,0
00-0007520,Leroy Hoard,RB,1999,9,REG,1999_09_DAL_MIN,MIN,DAL,0,0,0,0,0,0,0,21,87,0,4,0,0,1,0,0,0,0,0,0,,0,0,0,0,0,0,0,0,0,0,0,,0
00-0007579,Robert Holcombe,FB,1999,9,REG,1999_09_STL_DET,LA,DET,0,0,0,0,0,0,0,2,16,0,1,0,0,0,0,0,0,0,0,0,,0,0,0,0,0,0,0,0,0,0,0,,0
00-0007622,Mike Hollis,K,1999,9,REG,1999_09_JAX_ATL,JAX,ATL,0,0,0,0,0,0,0,0,0,0,0,0,0,0,0,0,0,0,3,4,34,0,2,1,0,0,0,3,3,0,0,0,,0
00-0007661,Priest Holmes,RB,1999,9,REG,1999_09_BAL_CLE,BAL,CLE,0,0,0,0,0,0,0,10,40,0,3,0,0,0,0,0,0,0,0,0,,0,0,0,0,0,0,0,0,0,0,0,,0
00-0007681,Torry Holt,WR,1999,9,REG,1999_09_STL_DET,LA,DET,0,0,0,0,0,0,0,0,0,0,0,0,3,5,31,0,2,0,0,0,,0,0,0,0,0,0,0,0,0,0,0,,0
00-0007744,Joe Horn,WR,1999,9,REG,1999_09_KC_IND,KC,IND,0,0,0,0,0,0,0,0,0,0,0,0,2,5,20,0,1,0,0,0,,0,0,0,0,0,0,0,0,0,0,0,,0
00-0007835,Damon Huard,QB,1999,9,REG,1999_09_TEN_MIA,MIA,TEN,15,25,210,2,0,4,-25,2,2,0,0,0,0,0,0,0,0,0,0,0,,0,0,0,0,0,0,0,0,0,0,0,,0
00-0007969,Richard Huntley,RB,1999,9,REG,1999_09_PIT_SF,PIT,SF,0,0,0,0,0,0,0,7,83,0,3,0,0,2,0,0,0,0,0,0,,0,0,0,0,0,0,0,0,0,0,0,,0
00-0007993,Tom Hutton,P,1999,9,REG,1999_09_TEN_MIA,MIA,TEN,0,0,0,0,0,0,0,0,0,0,0,0,0,0,0,0,0,0,0,0,,0,0,0,0,0,0,0,0,7,311,268,63,4
00-0008046,Sedrick Irvin,RB,1999,9,REG,1999_09_STL_DET,DET,LA,0,0,0,0,0,0,0,4,10,0,1,0,4,4,65,0,3,0,0,0,,0,0,0,0,0,0,0,0,0,0,0,,0
00-0008059,Qadry Ismail,WR,1999,9,REG,1999_09_BAL_CLE,BAL,CLE,0,0,0,0,0,0,0,0,0,0,0,0,2,7,43,1,2,0,0,0,,0,0,0,0,0,0,0,0,0,0,0,,0
00-0008060,Raghib Ismail,WR,1999,9,REG,1999_09_DAL_MIN,DAL,MIN,0,0,0,0,0,0,0,1,2,0,0,0,7,12,63,0,4,0,0,0,,0,0,0,0,0,0,0,0,0,0,0,,0
00-0008080,Chris Jacke,K,1999,9,REG,1999_09_ARI_NYJ,ARI,NYJ,0,0,0,0,0,0,0,0,0,0,0,0,0,0,0,0,0,0,0,0,,0,0,0,0,0,0,1,1,0,0,0,,0
00-0008210,Willie Jackson,WR,1999,9,REG,1999_09_CIN_SEA,CIN,SEA,0,0,0,0,0,0,0,0,0,0,0,0,4,6,75,0,4,0,0,0,,0,0,0,0,0,0,0,0,0,0,0,,0
00-0008241,Edgerrin James,RB,1999,9,REG,1999_09_KC_IND,IND,KC,0,0,0,0,0,0,0,20,109,0,5,0,7,8,90,1,4,0,0,0,,0,0,0,0,0,0,0,0,0,0,0,,0
00-0008300,Patrick Jeffers,WR,1999,9,REG,1999_09_PHI_CAR,CAR,PHI,0,0,0,0,0,0,0,0,0,0,0,0,2,4,30,1,1,0,0,0,,0,0,0,0,0,0,0,0,0,0,0,,0
00-0008329,Dietrich Jells,WR,1999,9,REG,1999_09_PHI_CAR,PHI,CAR,0,0,0,0,0,0,0,0,0,0,0,0,0,2,0,0,0,0,0,0,,0,0,0,0,0,0,0,0,0,0,0,,0
00-0008401,John Jett,P,1999,9,REG,1999_09_STL_DET,DET,LA,0,0,0,0,0,0,0,0,0,0,0,0,0,0,0,0,0,0,0,0,,0,0,0,0,0,0,0,0,6,246,212,49,1
00-0008430,Anthony Johnson,RB,1999,9,REG,1999_09_PHI_CAR,CAR,PHI,0,0,0,0,0,0,0,7,4,0,1,0,1,2,11,0,1,0,0,0,,0,0,0,0,0,0,0,0,0,0,0,,0
00-0008442,Brad Johnson,QB,1999,9,REG,1999_09_BUF_WAS,WAS,BUF,19,37,232,1,1,2,-10,0,0,0,0,0,0,0,0,0,0,0,0,0,,0,0,0,0,0,0,0,0,0,0,0,,0
00-0008454,Charles Johnson,WR,1999,9,REG,1999_09_PHI_CAR,PHI,CAR,0,0,0,0,0,0,0,0,0,0,0,0,3,6,32,0,2,0,0,0,,0,0,0,0,0,0,0,0,0,0,0,,0
00-0008529,J.J. Johnson,RB,1999,9,REG,1999_09_TEN_MIA,MIA,TEN,0,0,0,0,0,0,0,11,9,0,0,0,1,2,4,0,0,0,0,0,,0,0,0,0,0,0,0,0,0,0,0,,0
00-0008560,Kevin Johnson,WR,1999,9,REG,1999_09_BAL_CLE,CLE,BAL,0,0,0,0,0,0,0,0,0,0,0,0,3,7,43,0,1,0,0,0,,0,0,0,0,0,0,0,0,0,0,0,,0
00-0008561,Keyshawn Johnson,WR,1999,9,REG,1999_09_ARI_NYJ,NYJ,ARI,0,0,0,0,0,0,0,1,12,0,1,0,2,2,51,1,1,0,0,0,,0,0,0,0,0,0,0,0,0,0,0,,0
00-0008572,Lonnie Johnson,TE,1999,9,REG,1999_09_KC_IND,KC,IND,0,0,0,0,0,0,0,0,0,0,0,0,3,3,33,0,2,0,0,0,,0,0,0,0,0,0,0,0,0,0,0,,0
00-0008593,Norm Johnson,K,1999,9,REG,1999_09_PHI_CAR,PHI,CAR,0,0,0,0,0,0,0,0,0,0,0,0,0,0,0,0,0,0,0,0,,0,0,0,0,0,0,1,1,0,0,0,,0
00-0008598,Pat Johnson,WR,1999,9,REG,1999_09_BAL_CLE,BAL,CLE,0,0,0,0,0,0,0,0,0,0,0,0,1,3,10,0,1,0,0,0,,0,0,0,0,0,0,0,0,0,0,0,,0
00-0008704,Charlie Jones,WR,1999,9,REG,1999_09_DEN_SD,LAC,DEN,0,0,0,0,0,0,0,0,0,0,0,0,2,2,53,1,1,0,0,0,,0,0,0,0,0,0,0,0,0,0,0,,0
00-0008723,Damon Jones,TE,1999,9,REG,1999_09_JAX_ATL,JAX,ATL,0,0,0,0,0,0,0,0,0,0,0,0,1,1,9,1,1,0,0,0,,0,0,0,0,0,0,0,0,0,0,0,,0
00-0008749,Freddie Jones,TE,1999,9,REG,1999_09_DEN_SD,LAC,DEN,0,0,0,0,0,0,0,0,0,0,0,0,4,6,65,1,4,0,0,0,,0,0,0,0,0,0,0,0,0,0,0,,0
00-0008903,Andrew Jordan,TE,1999,9,REG,1999_09_DAL_MIN,MIN,DAL,0,0,0,0,0,0,0,0,0,0,0,0,1,2,9,0,0,0,0,0,,0,0,0,0,0,0,0,0,0,0,0,,0
00-0008907,Charles Jordan,WR,1999,9,REG,1999_09_CIN_SEA,SEA,CIN,0,0,0,0,0,0,0,0,0,0,0,0,1,2,6,0,0,0,0,0,,0,0,0,0,0,0,0,0,0,0,0,,0
00-0009028,John Kasay,K,1999,9,REG,1999_09_PHI_CAR,CAR,PHI,0,0,0,0,0,0,0,0,0,0,0,0,0,0,0,0,0,0,4,4,38,0,2,2,0,0,0,3,3,0,0,0,,0
00-0009163,Eddie Kennison,WR,1999,9,REG,1999_09_TB_NO,NO,TB,0,0,0,0,0,0,0,1,4,0,0,0,2,5,42,0,2,0,0,0,,0,0,0,0,0,0,0,0,0,0,0,,0
00-0009288,Terry Kirby,RB,1999,9,REG,1999_09_BAL_CLE,CLE,BAL,0,0,0,0,0,0,0,6,19,0,1,0,5,6,52,1,3,0,0,0,,0,0,0,0,0,0,0,0,0,0,0,,0
00-0009298,Levon Kirkland,MLB,1999,9,REG,1999_09_PIT_SF,PIT,SF,0,0,0,0,0,0,0,0,0,0,0,0,0,1,0,0,0,0,0,0,,0,0,0,0,0,0,0,0,0,0,0,,0
00-0009311,Jon Kitna,QB,1999,9,REG,1999_09_CIN_SEA,SEA,CIN,14,24,202,3,2,2,-15,1,0,0,0,0,0,0,0,0,0,0,0,0,,0,0,0,0,0,0,0,0,0,0,0,,0
00-0009323,Jimmy Kleinsasser,TE,1999,9,REG,1999_09_DAL_MIN,MIN,DAL,0,0,0,0,0,0,0,0,0,0,0,0,0,1,0,0,0,0,0,0,,0,0,0,0,0,0,0,0,0,0,0,,0
00-0009417,Rob Konrad,FB,1999,9,REG,1999_09_TEN_MIA,MIA,TEN,0,0,0,0,0,0,0,0,0,0,0,0,1,3,8,0,0,0,0,0,,0,0,0,0,0,0,0,0,0,0,0,,0
00-0009443,Brian Kozlowski,TE,1999,9,REG,1999_09_JAX_ATL,ATL,JAX,0,0,0,0,0,0,0,0,0,0,0,0,3,3,49,0,3,0,0,0,,0,0,0,0,0,0,0,0,0,0,0,,0
00-0009550,David LaFleur,TE,1999,9,REG,1999_09_DAL_MIN,DAL,MIN,0,0,0,0,0,0,0,0,0,0,0,0,0,1,0,0,0,0,0,0,,0,0,0,0,0,0,0,0,0,0,0,,0
00-0009584,Sean Landeta,P,1999,9,REG,1999_09_PHI_CAR,PHI,CAR,0,0,0,0,0,0,0,0,0,0,0,0,0,0,0,0,0,0,0,0,,0,0,0,0,0,0,0,0,5,215,178,50,0
00-0009599,Fred Lane,RB,1999,9,REG,1999_09_PHI_CAR,CAR,PHI,0,0,0,0,0,0,0,20,74,0,7,0,2,2,20,0,0,0,0,0,,0,0,0,0,0,0,0,0,0,0,0,,0
00-0009738,Amp Lee,RB,1999,9,REG,1999_09_STL_DET,LA,DET,0,0,0,0,0,0,0,0,0,0,0,0,1,1,9,0,0,0,0,0,,0,0,0,0,0,0,0,0,0,0,0,,0
00-0009829,Dorsey Levens,RB,1999,9,REG,1999_09_CHI_GB,GB,CHI,0,0,0,0,0,0,0,26,79,0,2,0,4,6,25,0,2,0,0,0,,0,0,0,0,0,0,0,0,0,0,0,,0
00-0009960,Jonathan Linton,FB,1999,9,REG,1999_09_BUF_WAS,BUF,WAS,0,0,0,0,0,0,0,24,96,0,4,0,2,3,7,0,0,0,0,0,,0,0,0,0,0,0,0,0,0,0,0,,0
00-0010007,Kevin Lockett,WR,1999,9,REG,1999_09_KC_IND,KC,IND,0,0,0,0,0,0,0,0,0,0,0,0,3,4,54,1,3,0,0,0,,0,0,0,0,0,0,0,0,0,0,0,,0
00-0010072,Ryan Longwell,K,1999,9,REG,1999_09_CHI_GB,GB,CHI,0,0,0,0,0,0,0,0,0,0,0,0,0,0,0,0,0,0,2,3,37,0,1,1,0,0,0,1,1,0,0,0,,0
00-0010202,Mitch Lyons,TE,1999,9,REG,1999_09_PIT_SF,PIT,SF,0,0,0,0,0,0,0,0,0,0,0,0,0,1,0,0,0,0,0,0,,0,0,0,0,0,0,0,0,0,0,0,,0
00-0010292,Joel Makovicka,FB,1999,9,REG,1999_09_ARI_NYJ,ARI,NYJ,0,0,0,0,0,0,0,1,1,0,0,0,1,1,15,0,1,0,0,0,,0,0,0,0,0,0,0,0,0,0,0,,0
00-0010346,Peyton Manning,QB,1999,9,REG,1999_09_KC_IND,IND,KC,21,33,290,1,1,3,-34,3,10,1,1,1,0,0,0,0,0,0,0,0,,0,0,0,0,0,0,0,0,0,0,0,,0
00-0010373,Olindo Mare,K,1999,9,REG,1999_09_TEN_MIA,MIA,TEN,0,0,0,0,0,0,0,0,0,0,0,0,0,0,0,0,0,0,1,2,46,0,0,0,1,0,0,2,2,0,0,0,,0
00-0010442,Curtis Martin,RB,1999,9,REG,1999_09_ARI_NYJ,NYJ,ARI,0,0,0,0,0,0,0,38,131,0,7,0,4,5,2,0,0,0,0,0,,0,0,0,0,0,0,0,0,0,0,0,,0
00-0010477,Tony Martin,WR,1999,9,REG,1999_09_TEN_MIA,MIA,TEN,0,0,0,0,0,0,0,0,0,0,0,0,5,6,95,1,4,0,0,0,,0,0,0,0,0,0,0,0,0,0,0,,0
00-0010539,Terance Mathis,WR,1999,9,REG,1999_09_JAX_ATL,ATL,JAX,0,0,0,0,0,0,0,0,0,0,0,0,3,8,28,0,2,0,0,0,,0,0,0,0,0,0,0,0,0,0,0,,0
00-0010599,Derrick Mayes,WR,1999,9,REG,1999_09_CIN_SEA,SEA,CIN,0,0,0,0,0,0,0,0,0,0,0,0,5,5,61,1,4,0,0,0,,0,0,0,0,0,0,0,0,0,0,0,,0
00-0010668,Keenan McCardell,WR,1999,9,REG,1999_09_JAX_ATL,JAX,ATL,0,0,0,0,0,0,0,0,0,0,0,0,9,17,62,1,4,0,0,0,,0,0,0,0,0,0,0,0,0,0,0,,0
00-0010747,Fred McCrary,RB,1999,9,REG,1999_09_DEN_SD,LAC,DEN,0,0,0,0,0,0,0,0,0,0,0,0,4,4,4,0,1,0,0,0,,0,0,0,0,0,0,0,0,0,0,0,,0
00-0010796,Darnell McDonald,WR,1999,9,REG,1999_09_TB_NO,TB,NO,0,0,0,0,0,0,0,0,0,0,0,0,3,3,47,1,2,0,0,0,,0,0,0,0,0,0,0,0,0,0,0,,0
00-0010824,O.J. McDuffie,WR,1999,9,REG,1999_09_TEN_MIA,MIA,TEN,0,0,0,0,0,0,0,0,0,0,0,0,4,6,41,0,4,0,0,0,,0,0,0,0,0,0,0,0,0,0,0,,0
00-0010859,Tony McGee,TE,1999,9,REG,1999_09_CIN_SEA,CIN,SEA,0,0,0,0,0,0,0,0,0,0,0,0,5,8,77,0,3,0,0,0,,0,0,0,0,0,0,0,0,0,0,0,,0
00-0011022,Donovan McNabb,QB,1999,9,REG,1999_09_PHI_CAR,PHI,CAR,8,20,68,0,1,2,-9,3,21,0,1,0,0,0,0,0,0,0,0,0,,0,0,0,0,0,0,0,0,0,0,0,,0
00-0011024,Steve McNair,QB,1999,9,REG,1999_09_TEN_MIA,TEN,MIA,22,42,205,0,3,4,-15,7,33,0,2,0,0,0,0,0,0,0,0,0,,0,0,0,0,0,0,0,0,0,0,0,,0
00-0011044,Cade McNown,QB,1999,9,REG,1999_09_CHI_GB,CHI,GB,2,5,15,0,0,0,0,1,0,0,0,0,0,0,0,0,0,0,0,0,,0,0,0,0,0,0,0,0,0,0,0,,0
00-0011068,Johnny McWilliams,TE,1999,9,REG,1999_09_ARI_NYJ,ARI,NYJ,0,0,0,0,0,0,0,0,0,0,0,0,2,2,12,0,0,0,0,0,,0,0,0,0,0,0,0,0,0,0,0,,0
00-0011151,Eric Metcalf,WR,1999,9,REG,1999_09_PHI_CAR,CAR,PHI,0,0,0,0,0,0,0,0,0,0,0,0,2,2,48,0,2,0,0,0,,0,0,0,0,0,0,0,0,0,0,0,,0
00-0011213,Glyn Milburn,WR,1999,9,REG,1999_09_CHI_GB,CHI,GB,0,0,0,0,0,0,0,3,54,1,2,0,2,2,1,0,0,0,0,0,,0,0,0,0,0,0,0,0,0,0,0,,0
00-0011236,Billy Miller,TE,1999,9,REG,1999_09_DEN_SD,DEN,LAC,0,0,0,0,0,0,0,0,0,0,0,0,2,4,36,0,2,0,0,0,,0,0,0,0,0,0,0,0,0,0,0,,0
00-0011244,Chris Miller,QB,1999,9,REG,1999_09_DEN_SD,DEN,LAC,14,24,166,0,0,5,-39,0,0,0,0,0,0,0,0,0,0,0,0,0,,0,0,0,0,0,0,0,0,0,0,0,,0
00-0011276,Jim Miller,QB,1999,9,REG,1999_09_CHI_GB,CHI,GB,16,29,142,1,3,1,-6,0,0,0,0,0,0,0,0,0,0,0,0,0,,0,0,0,0,0,0,0,0,0,0,0,,0
00-0011279,Josh Miller,P,1999,9,REG,1999_09_PIT_SF,PIT,SF,0,0,0,0,0,0,0,0,0,0,0,0,0,0,0,0,0,0,0,0,,0,0,0,0,0,0,0,0,5,209,184,53,2
00-0011328,Ernie Mills,WR,1999,9,REG,1999_09_DAL_MIN,DAL,MIN,0,0,0,0,0,0,0,0,0,0,0,0,3,5,31,0,2,0,0,0,,0,0,0,0,0,0,0,0,0,0,0,,0
00-0011378,Rick Mirer,QB,1999,9,REG,1999_09_ARI_NYJ,NYJ,ARI,12,18,122,1,0,3,-11,7,41,0,1,0,0,0,0,0,0,0,0,0,,0,0,0,0,0,0,0,0,0,0,0,,0
00-0011399,Brian Mitchell,RB,1999,9,REG,1999_09_BUF_WAS,WAS,BUF,0,0,0,0,0,0,0,2,12,0,2,0,4,5,39,0,1,0,0,0,,0,0,0,0,0,0,0,0,0,0,0,,0
00-0011463,Chris Mohr,P,1999,9,REG,1999_09_BUF_WAS,BUF,WAS,0,0,0,0,0,0,0,0,0,0,0,0,0,0,0,0,0,0,0,0,,0,0,0,0,0,0,0,0,2,57,57,33,1
00-0011524,Warren Moon,QB,1999,9,REG,1999_09_KC_IND,KC,IND,1,3,20,0,0,0,0,0,0,0,0,0,0,0,0,0,0,0,0,0,,0,0,0,0,0,0,0,0,0,0,0,,0
00-0011551,Dave Moore,TE,1999,9,REG,1999_09_TB_NO,TB,NO,0,0,0,0,0,0,0,0,0,0,0,0,1,1,7,0,0,0,0,0,,0,0,0,0,0,0,0,0,0,0,0,,0
00-0011601,Rob Moore,WR,1999,9,REG,1999_09_ARI_NYJ,ARI,NYJ,0,0,0,0,0,0,0,0,0,0,0,0,3,8,98,0,2,0,0,0,,0,0,0,0,0,0,0,0,0,0,0,,0
00-0011675,Bam Morris,RB,1999,9,REG,1999_09_KC_IND,KC,IND,0,0,0,0,0,0,0,13,37,0,2,0,2,3,13,0,0,0,0,0,,0,0,0,0,0,0,0,0,0,0,0,,0
00-0011727,Johnnie Morton,WR,1999,9,REG,1999_09_STL_DET,DET,LA,0,0,0,0,0,0,0,0,0,0,0,0,4,9,59,1,3,0,0,0,,0,0,0,0,0,0,0,0,0,0,0,,0
00-0011754,Randy Moss,WR,1999,9,REG,1999_09_DAL_MIN,MIN,DAL,0,0,0,0,0,0,0,0,0,0,0,0,6,10,91,2,3,0,0,0,,0,0,0,0,0,0,0,0,0,0,0,,0
00-0011770,Eric Moulds,WR,1999,9,REG,1999_09_BUF_WAS,BUF,WAS,0,0,0,0,0,0,0,0,0,0,0,0,5,7,61,1,3,0,0,0,,0,0,0,0,0,0,0,0,0,0,0,,0
00-0011795,Muhsin Muhammad,WR,1999,9,REG,1999_09_PHI_CAR,CAR,PHI,0,0,0,0,0,0,0,0,0,0,0,0,8,11,88,2,5,0,0,0,,0,0,0,0,0,0,0,0,0,0,0,,0
00-0011869,Adrian Murrell,RB,1999,9,REG,1999_09_ARI_NYJ,ARI,NYJ,0,0,0,0,0,0,0,7,10,0,2,0,3,3,19,0,0,1,0,0,,0,0,0,0,0,0,0,0,0,0,0,,0
00-0011958,Lorenzo Neal,FB,1999,9,REG,1999_09_TEN_MIA,TEN,MIA,0,0,0,0,0,0,0,0,0,0,0,0,1,1,2,0,0,0,0,0,,0,0,0,0,0,0,0,0,0,0,0,,0
00-0012321,Jeff Ogden,WR,1999,9,REG,1999_09_DAL_MIN,DAL,MIN,0,0,0,0,0,0,0,0,0,0,0,0,0,4,0,0,0,0,0,0,,0,0,0,0,0,0,0,0,0,0,0,,0
00-0012368,Winslow Oliver,RB,1999,9,REG,1999_09_JAX_ATL,ATL,JAX,0,0,0,0,0,0,0,1,10,0,0,0,0,0,0,0,0,0,0,0,,0,0,0,0,0,0,0,0,0,0,0,,0
00-0012478,Terrell Owens,WR,1999,9,REG,1999_09_PIT_SF,SF,PIT,0,0,0,0,0,0,0,0,0,0,0,0,2,10,15,0,1,0,0,0,,0,0,0,0,0,0,0,0,0,0,0,,0
00-0012480,Ken Oxendine,RB,1999,9,REG,1999_09_JAX_ATL,ATL,JAX,0,0,0,0,0,0,0,5,11,0,0,0,3,3,39,0,1,0,0,0,,0,0,0,0,0,0,0,0,0,0,0,,0
00-0012603,Bernie Parmalee,RB,1999,9,REG,1999_09_ARI_NYJ,NYJ,ARI,0,0,0,0,0,0,0,0,0,0,0,0,1,1,8,0,0,0,0,0,,0,0,0,0,0,0,0,0,0,0,0,,0
00-0012637,Jerome Pathon,WR,1999,9,REG,1999_09_KC_IND,IND,KC,0,0,0,0,0,0,0,0,0,0,0,0,0,3,0,0,0,0,0,0,,0,0,0,0,0,0,0,0,0,0,0,,0
00-0012726,Doug Pederson,QB,1999,9,REG,1999_09_PHI_CAR,PHI,CAR,3,9,28,0,0,1,-6,1,-1,0,0,0,0,0,0,0,0,0,0,0,,0,0,0,0,0,0,0,0,0,0,0,,0
00-0012742,Doug Pelfrey,K,1999,9,REG,1999_09_CIN_SEA,CIN,SEA,0,0,0,0,0,0,0,0,0,0,0,0,0,0,0,0,0,0,2,2,50,0,0,1,0,1,0,2,2,0,0,0,,0
00-0012764,Chris Penn,WR,1999,9,REG,1999_09_DEN_SD,LAC,DEN,0,0,0,0,0,0,0,0,0,0,0,0,2,2,13,0,0,1,0,0,,0,0,0,0,0,0,0,0,0,0,0,,0
00-0012875,Todd Peterson,K,1999,9,REG,1999_09_CIN_SEA,SEA,CIN,0,0,0,0,0,0,0,0,0,0,0,0,0,0,0,0,0,0,3,3,45,0,1,1,1,0,0,4,4,0,0,0,,0
00-0012931,Lawrence Phillips,RB,1999,9,REG,1999_09_PIT_SF,SF,PIT,0,0,0,0,0,0,0,4,0,0,0,0,1,1,11,0,0,0,0,0,,0,0,0,0,0,0,0,0,0,0,0,,0
00-0012953,Carl Pickens,WR,1999,9,REG,1999_09_CIN_SEA,CIN,SEA,0,0,0,0,0,0,0,0,0,0,0,0,4,10,104,1,2,0,0,0,,0,0,0,0,0,0,0,0,0,0,0,,0
00-0012971,Aaron Pierce,TE,1999,9,REG,1999_09_BAL_CLE,BAL,CLE,0,0,0,0,0,0,0,0,0,0,0,0,2,2,17,0,1,0,0,0,,0,0,0,0,0,0,0,0,0,0,0,,0
00-0013013,Michael Pittman,RB,1999,9,REG,1999_09_ARI_NYJ,ARI,NYJ,0,0,0,0,0,0,0,9,41,1,2,0,2,3,11,0,0,0,0,0,,0,0,0,0,0,0,0,0,0,0,0,,0
00-0013028,Scott Player,P,1999,9,REG,1999_09_ARI_NYJ,ARI,NYJ,0,0,0,0,0,0,0,0,0,0,0,0,0,0,0,0,0,0,0,0,,0,0,0,0,0,0,0,0,10,340,296,46,1
00-0013080,Marcus Pollard,TE,1999,9,REG,1999_09_KC_IND,IND,KC,0,0,0,0,0,0,0,0,0,0,0,0,2,2,30,0,1,0,0,0,,0,0,0,0,0,0,0,0,0,0,0,,0
00-0013097,Keith Poole,WR,1999,9,REG,1999_09_TB_NO,NO,TB,0,0,0,0,0,0,0,0,0,0,0,0,3,8,23,1,3,0,0,0,,0,0,0,0,0,0,0,0,0,0,0,,0
00-0013108,Daniel Pope,P,1999,9,REG,1999_09_KC_IND,KC,IND,0,0,0,0,0,0,0,0,0,0,0,0,0,0,0,0,0,0,0,0,,0,0,0,0,0,0,0,0,5,213,186,47,1
00-0013258,Mike Pritchard,WR,1999,9,REG,1999_09_CIN_SEA,SEA,CIN,0,0,0,0,0,0,0,0,0,0,0,0,3,5,61,1,2,0,0,0,,0,0,0,0,0,0,0,0,0,0,0,,0
00-0013262,Stanley Pritchett,RB,1999,9,REG,1999_09_TEN_MIA,MIA,TEN,0,0,0,0,0,0,0,0,0,0,0,0,2,2,15,1,2,0,0,0,,0,0,0,0,0,0,0,0,0,0,0,,0
00-0013268,Ricky Proehl,WR,1999,9,REG,1999_09_STL_DET,LA,DET,0,0,0,0,0,0,0,0,0,0,0,0,4,7,36,0,3,0,0,0,,0,0,0,0,0,0,0,0,0,0,0,,0
00-0013499,Andre Reed,WR,1999,9,REG,1999_09_BUF_WAS,BUF,WAS,0,0,0,0,0,0,0,0,0,0,0,0,4,5,51,0,4,0,0,0,,0,0,0,0,0,0,0,0,0,0,0,,0
00-0013512,Jake Reed,WR,1999,9,REG,1999_09_DAL_MIN,MIN,DAL,0,0,0,0,0,0,0,0,0,0,0,0,0,2,0,0,0,0,0,0,,0,0,0,0,0,0,0,0,0,0,0,,0
00-0013622,Errict Rhett,RB,1999,9,REG,1999_09_BAL_CLE,BAL,CLE,0,0,0,0,0,0,0,17,117,2,4,0,4,4,21,0,1,0,0,0,,0,0,0,0,0,0,0,0,0,0,0,,0
00-0013639,Jerry Rice,WR,1999,9,REG,1999_09_PIT_SF,SF,PIT,0,0,0,0,0,0,0,0,0,0,0,0,2,4,2,0,0,0,0,0,,0,0,0,0,0,0,0,0,0,0,0,,0
00-0013682,Kyle Richardson,P,1999,9,REG,1999_09_BAL_CLE,BAL,CLE,0,0,0,0,0,0,0,0,0,0,0,0,0,0,0,0,0,0,0,0,,0,0,0,0,0,0,0,0,4,162,158,44,1
00-0013694,Tony Richardson,FB,1999,9,REG,1999_09_KC_IND,KC,IND,0,0,0,0,0,0,0,3,5,0,0,0,0,0,0,0,0,0,0,0,,0,0,0,0,0,0,0,0,0,0,0,,0
00-0013699,Wade Richey,K,1999,9,REG,1999_09_PIT_SF,SF,PIT,0,0,0,0,0,0,0,0,0,0,0,0,0,0,0,0,0,0,2,3,20,1,1,0,0,0,0,0,0,0,0,0,,0
00-0013712,Mikhael Ricks,TE,1999,9,REG,1999_09_DEN_SD,LAC,DEN,0,0,0,0,0,0,0,0,0,0,0,0,5,8,41,0,4,0,0,0,,0,0,0,0,0,0,0,0,0,0,0,,0
00-0013728,Jay Riemersma,TE,1999,9,REG,1999_09_BUF_WAS,BUF,WAS,0,0,0,0,0,0,0,0,0,0,0,0,4,6,86,0,4,0,0,0,,0,0,0,0,0,0,0,0,0,0,0,,0
00-0013770,Andre Rison,WR,1999,9,REG,1999_09_KC_IND,KC,IND,0,0,0,0,0,0,0,0,0,0,0,0,1,3,11,0,1,0,0,0,,0,0,0,0,0,0,0,0,0,0,0,,0
00-0013872,Jeff Robinson,LS,1999,9,REG,1999_09_STL_DET,LA,DET,0,0,0,0,0,0,0,0,0,0,0,0,1,3,6,1,1,0,0,0,,0,0,0,0,0,0,0,0,0,0,0,,0
00-0013888,Marcus Robinson,WR,1999,9,REG,1999_09_CHI_GB,CHI,GB,0,0,0,0,0,0,0,0,0,0,0,0,4,9,66,0,2,0,0,0,,0,0,0,0,0,0,0,0,0,0,0,,0
00-0014083,Tom Rouen,P,1999,9,REG,1999_09_DEN_SD,DEN,LAC,0,0,0,0,0,0,0,0,0,0,0,0,0,0,0,0,0,0,0,0,,0,0,0,0,0,0,0,0,4,161,135,52,1
00-0014115,Mark Royals,P,1999,9,REG,1999_09_TB_NO,TB,NO,0,0,0,0,0,0,0,0,0,0,0,0,0,0,0,0,0,0,0,0,,0,0,0,0,0,0,0,0,2,94,84,50,1
00-0014319,Chris Sanders,WR,1999,9,REG,1999_09_TEN_MIA,TEN,MIA,0,0,0,0,0,0,0,0,0,0,0,0,1,3,40,0,1,0,0,0,,0,0,0,0,0,0,0,0,0,0,0,,0
00-0014328,Frank Sanders,WR,1999,9,REG,1999_09_ARI_NYJ,ARI,NYJ,0,0,0,0,0,0,0,0,0,0,0,0,5,8,44,0,3,0,0,0,,0,0,0,0,0,0,0,0,0,0,0,,0
00-0014350,O.J. Santiago,TE,1999,9,REG,1999_09_JAX_ATL,ATL,JAX,0,0,0,0,0,0,0,0,0,0,0,0,1,1,2,0,0,0,0,0,,0,0,0,0,0,0,0,0,0,0,0,,0
00-0014377,Todd Sauerbrun,P,1999,9,REG,1999_09_CHI_GB,CHI,GB,0,0,0,0,0,0,0,0,0,0,0,0,0,0,0,0,0,0,0,0,,0,0,0,0,0,0,0,0,4,155,149,50,2
00-0014450,Cory Schlesinger,FB,1999,9,REG,1999_09_STL_DET,DET,LA,0,0,0,0,0,0,0,0,0,0,0,0,1,1,3,1,1,0,0,0,,0,0,0,0,0,0,0,0,0,0,0,,0
00-0014489,Bill Schroeder,WR,1999,9,REG,1999_09_CHI_GB,GB,CHI,0,0,0,0,0,0,0,0,0,0,0,0,4,4,57,0,4,0,0,0,,0,0,0,0,0,0,0,0,0,0,0,,0
00-0014544,Darnay Scott,WR,1999,9,REG,1999_09_CIN_SEA,CIN,SEA,0,0,0,0,0,0,0,0,0,0,0,0,0,1,0,0,0,0,0,0,,0,0,0,0,0,0,0,0,0,0,0,,0
00-0014790,Leslie Shepherd,WR,1999,9,REG,1999_09_BAL_CLE,CLE,BAL,0,0,0,0,0,0,0,0,0,0,0,0,3,6,23,0,1,0,0,0,,0,0,0,0,0,0,0,0,0,0,0,,0
00-0014809,Paul Shields,RB,1999,9,REG,1999_09_KC_IND,IND,KC,0,0,0,0,0,0,0,0,0,0,0,0,1,1,21,0,1,0,0,0,,0,0,0,0,0,0,0,0,0,0,0,,0
00-0015048,David Sloan,TE,1999,9,REG,1999_09_STL_DET,DET,LA,0,0,0,0,0,0,0,0,0,0,0,0,1,1,1,0,0,0,0,0,,0,0,0,0,0,0,0,0,0,0,0,,0
00-0015063,Torrance Small,WR,1999,9,REG,1999_09_PHI_CAR,PHI,CAR,0,0,0,0,0,0,0,0,0,0,0,0,4,10,39,0,3,0,0,0,,0,0,0,0,0,0,0,0,0,0,0,,0
00-0015091,Antowain Smith,RB,1999,9,REG,1999_09_BUF_WAS,BUF,WAS,0,0,0,0,0,0,0,20,68,2,4,0,0,0,0,0,0,0,0,0,,0,0,0,0,0,0,0,0,0,0,0,,0
00-0015165,Emmitt Smith,RB,1999,9,REG,1999_09_DAL_MIN,DAL,MIN,0,0,0,0,0,0,0,13,140,2,4,0,1,2,9,0,0,0,0,0,,0,0,0,0,0,0,0,0,0,0,0,,0
00-0015194,Hunter Smith,P,1999,9,REG,1999_09_KC_IND,IND,KC,0,0,0,0,0,0,0,0,0,0,0,0,0,0,0,0,0,0,0,0,,0,0,0,0,0,0,0,0,2,105,70,54,1
00-0015195,Irv Smith,TE,1999,9,REG,1999_09_BAL_CLE,CLE,BAL,0,0,0,0,0,0,0,0,0,0,0,0,2,4,9,0,0,0,0,0,,0,0,0,0,0,0,0,0,0,0,0,,0
00-0015218,Jimmy Smith,WR,1999,9,REG,1999_09_JAX_ATL,JAX,ATL,0,0,0,0,0,0,0,0,0,0,0,0,4,7,77,1,3,0,0,0,,0,0,0,0,0,0,0,0,0,0,0,,0
00-0015242,Lamar Smith,RB,1999,9,REG,1999_09_TB_NO,NO,TB,0,0,0,0,0,0,0,2,22,0,2,0,4,4,27,0,2,0,0,0,,0,0,0,0,0,0,0,0,0,0,0,,0
00-0015290,Rod Smith,WR,1999,9,REG,1999_09_DEN_SD,DEN,LAC,0,0,0,0,0,0,0,0,0,0,0,0,5,7,70,0,4,0,0,0,,0,0,0,0,0,0,0,0,0,0,0,,0
00-0015507,Brian Stablein,WR,1999,9,REG,1999_09_STL_DET,DET,LA,0,0,0,0,0,0,0,0,0,0,0,0,2,4,48,0,1,0,0,0,,0,0,0,0,0,0,0,0,0,0,0,,0
00-0015523,Duce Staley,RB,1999,9,REG,1999_09_PHI_CAR,PHI,CAR,0,0,0,0,0,0,0,17,140,1,7,0,2,3,11,0,0,0,0,0,,0,0,0,0,0,0,0,0,0,0,0,,0
00-0015550,Chad Stanley,P,1999,9,REG,1999_09_PIT_SF,SF,PIT,0,0,0,0,0,0,0,0,0,0,0,0,0,0,0,0,0,0,0,0,,0,0,0,0,0,0,0,0,3,135,103,60,1
00-0015627,Steve Stenstrom,QB,1999,9,REG,1999_09_PIT_SF,SF,PIT,5,15,54,0,1,1,-3,1,7,0,0,0,1,1,9,0,0,0,0,0,,0,0,0,0,0,0,0,0,0,0,0,,0
00-0015655,Tremayne Stephens,RB,1999,9,REG,1999_09_DEN_SD,LAC,DEN,0,0,0,0,0,0,0,3,13,0,2,0,3,3,38,0,1,0,0,0,,0,0,0,0,0,0,0,0,0,0,0,,0
00-0015698,James Stewart,RB,1999,9,REG,1999_09_JAX_ATL,JAX,ATL,0,0,0,0,0,0,0,2,11,0,0,0,0,0,0,0,0,0,0,0,,0,0,0,0,0,0,0,0,0,0,0,,0
00-0015700,Kordell Stewart,QB,1999,9,REG,1999_09_PIT_SF,PIT,SF,15,26,139,1,0,1,-9,3,8,0,1,0,0,0,0,0,0,0,0,0,,0,0,0,0,0,0,0,0,0,0,0,,0
00-0015751,J.J. Stokes,WR,1999,9,REG,1999_09_PIT_SF,SF,PIT,0,0,0,0,0,0,0,0,0,0,0,0,1,6,11,0,1,0,0,0,,0,0,0,0,0,0,0,0,0,0,0,,0
00-0015784,Matt Stover,K,1999,9,REG,1999_09_BAL_CLE,BAL,CLE,0,0,0,0,0,0,0,0,0,0,0,0,0,0,0,0,0,0,2,2,44,0,1,0,1,0,0,5,5,0,0,0,,0
00-0015791,Pete Stoyanovich,K,1999,9,REG,1999_09_KC_IND,KC,IND,0,0,0,0,0,0,0,0,0,0,0,0,0,0,0,0,0,0,1,2,38,0,0,1,0,0,0,2,2,0,0,0,,0
00-0015842,Dan Stryzinski,P,1999,9,REG,1999_09_JAX_ATL,ATL,JAX,0,0,0,0,0,0,0,0,0,0,0,0,0,0,0,0,0,0,0,0,,0,0,0,0,0,0,0,0,6,221,212,46,1
00-0016098,Fred Taylor,RB,1999,9,REG,1999_09_JAX_ATL,JAX,ATL,0,0,0,0,0,0,0,27,124,0,7,0,2,2,54,0,2,0,0,0,,0,0,0,0,0,0,0,0,0,0,0,,0
00-0016214,Yancey Thigpen,WR,1999,9,REG,1999_09_TEN_MIA,TEN,MIA,0,0,0,0,0,0,0,0,0,0,0,0,5,10,60,0,4,0,0,0,,0,0,0,0,0,0,0,0,0,0,0,,0
00-0016316,Robert Thomas,FB,1999,9,REG,1999_09_DAL_MIN,DAL,MIN,0,0,0,0,0,0,0,0,0,0,0,0,0,2,0,0,0,0,0,0,,0,0,0,0,0,0,0,0,0,0,0,,0
00-0016321,Rodney Thomas,RB,1999,9,REG,1999_09_TEN_MIA,TEN,MIA,0,0,0,0,0,0,0,2,5,0,0,0,2,2,4,0,0,0,0,0,,0,0,0,0,0,0,0,0,0,0,0,,0
00-0016347,Jeff Thomason,TE,1999,9,REG,1999_09_CHI_GB,GB,CHI,0,0,0,0,0,0,0,0,0,0,0,0,2,3,12,0,1,0,0,0,,0,0,0,0,0,0,0,0,0,0,0,,0
00-0016534,Billy Joe Tolliver,QB,1999,9,REG,1999_09_TB_NO,NO,TB,18,37,211,1,2,1,-6,5,28,0,3,0,0,0,0,0,0,0,0,0,,0,0,0,0,0,0,0,0,0,0,0,,0
00-0016538,Mike Tomczak,QB,1999,9,REG,1999_09_PIT_SF,PIT,SF,0,0,0,0,0,0,0,3,-3,0,0,0,0,0,0,0,0,0,0,0,,0,0,0,0,0,0,0,0,0,0,0,,0
00-0016654,Jason Tucker,WR,1999,9,REG,1999_09_DAL_MIN,DAL,MIN,0,0,0,0,0,0,0,0,0,0,0,0,1,3,1,0,0,0,0,0,,0,0,0,0,0,0,0,0,0,0,0,,0
00-0016660,Ryan Tucker,G,1999,9,REG,1999_09_STL_DET,LA,DET,0,0,0,0,0,0,0,0,0,0,0,0,1,1,2,1,1,0,0,0,,0,0,0,0,0,0,0,0,0,0,0,,0
00-0016683,Tom Tupa,P,1999,9,REG,1999_09_ARI_NYJ,NYJ,ARI,0,0,0,0,0,0,0,0,0,0,0,0,0,0,0,0,0,0,0,0,,0,0,0,0,0,0,0,0,6,284,261,69,2
00-0016689,Matt Turk,P,1999,9,REG,1999_09_BUF_WAS,WAS,BUF,0,0,0,0,0,0,0,0,0,0,0,0,0,0,0,0,0,0,0,0,,0,0,0,0,0,0,0,0,2,61,61,32,0
00-0016723,Kevin Turner,FB,1999,9,REG,1999_09_PHI_CAR,PHI,CAR,0,0,0,0,0,0,0,0,0,0,0,0,0,1,0,0,0,0,0,0,,0,0,0,0,0,0,0,0,0,0,0,,0
00-0016753,Rick Tuten,P,1999,9,REG,1999_09_STL_DET,LA,DET,0,0,0,0,0,0,0,0,0,0,0,0,0,0,0,0,0,0,0,0,,0,0,0,0,0,0,0,0,6,238,194,50,2
00-0016795,Morris Unutoa,C,1999,9,REG,1999_09_TB_NO,TB,NO,0,0,0,0,0,0,0,0,0,0,0,0,0,0,0,0,0,0,0,0,,0,0,0,0,0,0,1,1,0,0,0,,0
00-0016830,Mike Vanderjagt,K,1999,9,REG,1999_09_KC_IND,IND,KC,0,0,0,0,0,0,0,0,0,0,0,0,0,0,0,0,0,0,4,4,47,0,1,2,1,0,0,1,1,0,0,0,,0
00-0017109,Wesley Walls,TE,1999,9,REG,1999_09_PHI_CAR,CAR,PHI,0,0,0,0,0,0,0,0,0,0,0,0,5,9,70,0,3,0,0,0,,0,0,0,0,0,0,0,0,0,0,0,,0
00-0017127,Ken Walter,P,1999,9,REG,1999_09_PHI_CAR,CAR,PHI,0,0,0,0,0,0,0,0,0,0,0,0,0,0,0,0,0,0,0,0,,0,0,0,0,0,0,0,0,3,110,109,51,1
00-0017160,Dedric Ward,WR,1999,9,REG,1999_09_ARI_NYJ,NYJ,ARI,0,0,0,0,0,0,0,0,0,0,0,0,1,3,11,0,1,0,0,0,,0,0,0,0,0,0,0,0,0,0,0,,0
00-0017162,Hines Ward,WR,1999,9,REG,1999_09_PIT_SF,PIT,SF,0,0,0,0,0,0,0,0,0,0,0,0,4,4,31,1,2,0,0,0,,0,0,0,0,0,0,0,0,0,0,0,,0
00-0017200,Kurt Warner,QB,1999,9,REG,1999_09_STL_DET,LA,DET,25,42,305,3,2,4,-30,3,26,0,1,0,0,0,0,0,0,0,0,0,,0,0,0,0,0,0,0,0,0,0,0,,0
00-0017209,Chris Warren,RB,1999,9,REG,1999_09_DAL_MIN,DAL,MIN,0,0,0,0,0,0,0,7,52,0,2,0,5,6,29,0,1,0,0,0,,0,0,0,0,0,0,0,0,0,0,0,,0
00-0017322,Ricky Watters,RB,1999,9,REG,1999_09_CIN_SEA,SEA,CIN,0,0,0,0,0,0,0,27,133,1,8,0,1,4,8,1,1,0,0,0,,0,0,0,0,0,0,0,0,0,0,0,,0
00-0017356,Jed Weaver,TE,1999,9,REG,1999_09_PHI_CAR,PHI,CAR,0,0,0,0,0,0,0,0,0,0,0,0,1,2,8,0,0,0,0,0,,0,0,0,0,0,0,0,0,0,0,0,,0
00-0017421,Dean Wells,LB,1999,9,REG,1999_09_PHI_CAR,CAR,PHI,0,0,0,0,0,0,0,0,0,0,0,0,0,1,0,0,0,0,0,0,,0,0,0,0,0,0,0,0,0,0,0,,0
00-0017470,Michael Westbrook,WR,1999,9,REG,1999_09_BUF_WAS,WAS,BUF,0,0,0,0,0,0,0,2,12,0,1,0,4,7,72,0,4,0,0,0,,0,0,0,0,0,0,0,0,0,0,0,,0
00-0017480,Ryan Wetnight,TE,1999,9,REG,1999_09_CHI_GB,CHI,GB,0,0,0,0,0,0,0,0,0,0,0,0,1,4,5,0,0,0,0,0,,0,0,0,0,0,0,0,0,0,0,0,,0
00-0017611,Alvis Whitted,WR,1999,9,REG,1999_09_JAX_ATL,JAX,ATL,0,0,0,0,0,0,0,0,0,0,0,0,0,1,0,0,0,0,0,0,,0,0,0,0,0,0,0,0,0,0,0,,0
00-0017693,Jeff Wilkins,K,1999,9,REG,1999_09_STL_DET,LA,DET,0,0,0,0,0,0,0,0,0,0,0,0,0,0,0,0,0,0,1,1,34,0,0,1,0,0,0,2,2,2,57,54,34,1
00-0017697,Terrence Wilkins,WR,1999,9,REG,1999_09_KC_IND,IND,KC,0,0,0,0,0,0,0,0,0,0,0,0,3,4,26,0,2,0,0,0,,0,0,0,0,0,0,0,0,0,0,0,,0
00-0017892,Moe Williams,RB,1999,9,REG,1999_09_DAL_MIN,MIN,DAL,0,0,0,0,0,0,0,6,20,0,2,0,0,0,0,0,0,0,0,0,,0,0,0,0,0,0,0,0,0,0,0,,0
00-0017896,Nicolas Luchey,RB,1999,9,REG,1999_09_CIN_SEA,CIN,SEA,0,0,0,0,0,0,0,0,0,0,0,0,2,2,15,0,1,0,0,0,,0,0,0,0,0,0,0,0,0,0,0,,0
00-0017915,Ricky Williams,RB,1999,9,REG,1999_09_TB_NO,NO,TB,0,0,0,0,0,0,0,14,41,0,4,0,4,6,22,0,0,0,0,0,,0,0,0,0,0,0,0,0,0,0,0,,0
00-0017924,Roland Williams,TE,1999,9,REG,1999_09_STL_DET,LA,DET,0,0,0,0,0,0,0,0,0,0,0,0,1,2,15,0,1,0,0,0,,0,0,0,0,0,0,0,0,0,0,0,,0
00-0018343,Frank Wycheck,TE,1999,9,REG,1999_09_TEN_MIA,TEN,MIA,0,0,0,0,0,0,0,0,0,0,0,0,3,6,15,0,0,0,0,0,,0,0,0,0,0,0,0,0,0,0,0,,0
00-0018382,Craig Yeast,WR,1999,9,REG,1999_09_CIN_SEA,CIN,SEA,0,0,0,0,0,0,0,1,-13,0,0,0,0,0,0,0,0,0,0,0,,0,0,0,0,0,0,0,0,0,0,0,,0
00-0000003,Abdul-Karim al-Jabbar,RB,1999,10,REG,1999_10_CLE_PIT,CLE,PIT,0,0,0,0,0,0,0,18,56,0,4,0,1,1,7,0,1,0,0,0,,0,0,0,0,0,0,0,0,0,0,0,,0
00-0000098,Louie Aguiar,P,1999,10,REG,1999_10_GB_DAL,GB,DAL,0,0,0,0,0,0,0,0,0,0,0,0,0,0,0,0,0,0,0,0,,0,0,0,0,0,0,0,0,6,252,175,58,1
00-0000145,Derrick Alexander,WR,1999,10,REG,1999_10_KC_TB,KC,TB,0,0,0,0,0,0,0,0,0,0,0,0,7,9,41,0,2,0,0,0,,0,0,0,0,0,0,0,0,0,0,0,,0
00-0000166,Stephen Alexander,TE,1999,10,REG,1999_10_WAS_PHI,WAS,PHI,0,0,0,0,0,0,0,0,0,0,0,0,3,3,23,0,1,0,0,0,,0,0,0,0,0,0,0,0,0,0,0,,0
00-0000210,James Allen,RB,1999,10,REG,1999_10_MIN_CHI,CHI,MIN,0,0,0,0,0,0,0,1,2,0,0,0,1,1,2,0,0,0,0,0,,0,0,0,0,0,0,0,0,0,0,0,,0
00-0000232,Terry Allen,RB,1999,10,REG,1999_10_NYJ_NE,NE,NYJ,0,0,0,0,0,0,0,14,36,0,1,0,1,1,5,0,0,0,0,0,,0,0,0,0,0,0,0,0,0,0,0,,0
00-0000242,John Allred,TE,1999,10,REG,1999_10_MIN_CHI,CHI,MIN,0,0,0,0,0,0,0,0,0,0,0,0,0,1,0,0,0,0,0,0,,0,0,0,0,0,0,0,0,0,0,0,,0
00-0000251,Mike Alstott,FB,1999,10,REG,1999_10_KC_TB,TB,KC,0,0,0,0,0,0,0,16,33,0,0,3,1,1,7,0,0,0,0,0,,0,0,0,0,0,0,0,0,0,0,0,,0
00-0000313,Gary Anderson,K,1999,10,REG,1999_10_MIN_CHI,MIN,CHI,0,0,0,0,0,0,0,0,0,0,0,0,0,0,0,0,0,0,2,3,38,0,0,2,0,0,0,3,3,0,0,0,,0
00-0000339,Richie Anderson,FB,1999,10,REG,1999_10_NYJ_NE,NYJ,NE,0,0,0,0,0,0,0,4,21,0,2,0,1,3,8,0,0,0,0,0,,0,0,0,0,0,0,0,0,0,0,0,,0
00-0000387,Reidel Anthony,WR,1999,10,REG,1999_10_KC_TB,TB,KC,0,0,0,0,0,0,0,0,0,0,0,0,3,8,28,0,1,0,0,0,,0,0,0,0,0,0,0,0,0,0,0,,0
00-0000400,Leo Araguz,P,1999,10,REG,1999_10_SD_OAK,LV,LAC,0,0,0,0,0,0,0,0,0,0,0,0,0,0,0,0,0,0,0,0,,0,0,0,0,0,0,0,0,3,107,104,42,2
00-0000422,Justin Armour,WR,1999,10,REG,1999_10_BAL_JAX,BAL,JAX,0,0,0,0,0,0,0,0,0,0,0,0,2,2,44,0,1,0,0,0,,0,0,0,0,0,0,0,0,0,0,0,,0
00-0000541,John Avery,RB,1999,10,REG,1999_10_DEN_SEA,DEN,SEA,0,0,0,0,0,0,0,1,2,0,0,0,0,0,0,0,0,0,0,0,,0,0,0,0,0,0,0,0,0,0,0,,0
00-0000552,Obafemi Ayanbadejo,RB,1999,10,REG,1999_10_BAL_JAX,BAL,JAX,0,0,0,0,0,0,0,0,0,0,0,0,1,1,2,0,0,0,0,0,,0,0,0,0,0,0,0,0,0,0,0,,0
00-0000722,Tony Banks,QB,1999,10,REG,1999_10_BAL_JAX,BAL,JAX,10,21,73,0,0,4,-22,3,22,0,2,0,0,0,0,0,0,0,0,0,,0,0,0,0,0,0,0,0,0,0,0,,0
00-0000745,Tiki Barber,RB,1999,10,REG,1999_10_IND_NYG,NYG,IND,0,0,0,0,0,0,0,9,57,0,4,0,4,6,15,0,2,0,0,0,,0,0,0,0,0,0,0,0,0,0,0,,0
00-0000754,Bryan Barker,P,1999,10,REG,1999_10_BAL_JAX,JAX,BAL,0,0,0,0,0,0,0,0,0,0,0,0,0,0,0,0,0,0,0,0,,0,0,0,0,0,0,0,0,9,383,369,50,8
00-0000765,Reggie Barlow,WR,1999,10,REG,1999_10_BAL_JAX,JAX,BAL,0,0,0,0,0,0,0,0,0,0,0,0,1,2,7,0,1,0,0,0,,0,0,0,0,0,0,0,0,0,0,0,,0
00-0000811,Tommy Barnhardt,P,1999,10,REG,1999_10_SF_NO,NO,SF,0,0,0,0,0,0,0,0,0,0,0,0,0,0,0,0,0,0,0,0,,0,0,0,0,0,0,0,0,2,94,76,49,0
00-0000871,Mario Bates,RB,1999,10,REG,1999_10_DET_ARI,ARI,DET,0,0,0,0,0,0,0,1,3,1,1,0,0,0,0,0,0,0,0,0,,0,0,0,0,0,0,0,0,0,0,0,,0
00-0000883,Marco Battaglia,TE,1999,10,REG,1999_10_TEN_CIN,CIN,TEN,0,0,0,0,0,0,0,0,0,0,0,0,0,2,0,0,0,0,0,0,,0,0,0,0,0,0,0,0,0,0,0,,0
00-0000911,Fred Baxter,TE,1999,10,REG,1999_10_NYJ_NE,NYJ,NE,0,0,0,0,0,0,0,0,0,0,0,0,2,2,10,1,1,0,0,0,,0,0,0,0,0,0,0,0,0,0,0,,0
00-0000942,Fred Beasley,FB,1999,10,REG,1999_10_SF_NO,SF,NO,0,0,0,0,0,0,0,6,26,0,3,0,2,3,19,0,1,0,0,0,,0,0,0,0,0,0,0,0,0,0,0,,0
00-0001101,Darren Bennett,P,1999,10,REG,1999_10_SD_OAK,LAC,LV,0,0,0,0,0,0,0,0,0,0,0,0,0,0,0,0,0,0,0,0,,0,0,0,0,0,0,0,0,5,246,214,59,3
00-0001102,Donnell Bennett,FB,1999,10,REG,1999_10_KC_TB,KC,TB,0,0,0,0,0,0,0,9,23,0,0,1,0,0,0,0,0,0,0,0,,0,0,0,0,0,0,0,0,0,0,0,,0
00-0001103,Edgar Bennett,RB,1999,10,REG,1999_10_MIN_CHI,CHI,MIN,0,0,0,0,0,0,0,0,0,0,0,0,2,2,36,0,1,0,0,0,,0,0,0,0,0,0,0,0,0,0,0,,0
00-0001112,Sean Bennett,RB,1999,10,REG,1999_10_IND_NYG,NYG,IND,0,0,0,0,0,0,0,1,3,0,0,0,0,0,0,0,0,0,0,0,,0,0,0,0,0,0,0,0,0,0,0,,0
00-0001157,Mitch Berger,P,1999,10,REG,1999_10_MIN_CHI,MIN,CHI,0,0,0,0,0,0,0,0,0,0,0,0,0,0,0,0,0,0,0,0,,0,0,0,0,0,0,0,0,5,208,169,49,3
00-0001215,Jerome Bettis,RB,1999,10,REG,1999_10_CLE_PIT,PIT,CLE,0,0,0,0,0,0,0,26,99,0,5,0,1,1,7,0,0,0,0,0,,0,0,0,0,0,0,0,0,0,0,0,,0
00-0001218,Steve Beuerlein,QB,1999,10,REG,1999_10_CAR_STL,CAR,LA,24,37,286,1,2,6,-26,3,20,0,0,0,0,0,0,0,0,0,0,0,,0,0,0,0,0,0,0,0,0,0,0,,0
00-0001233,Eric Bieniemy,RB,1999,10,REG,1999_10_WAS_PHI,PHI,WAS,0,0,0,0,0,0,0,5,27,1,1,0,0,0,0,0,0,0,0,0,,0,0,0,0,0,0,0,0,0,0,0,,0
00-0001281,Eric Bjornson,TE,1999,10,REG,1999_10_GB_DAL,DAL,GB,0,0,0,0,0,0,0,0,0,0,0,0,1,2,32,0,1,0,0,0,,0,0,0,0,0,0,0,0,0,0,0,,0
00-0001317,Will Blackwell,WR,1999,10,REG,1999_10_CLE_PIT,PIT,CLE,0,0,0,0,0,0,0,0,0,0,0,0,1,3,4,0,0,0,0,0,,0,0,0,0,0,0,0,0,0,0,0,,0
00-0001335,Jeff Blake,QB,1999,10,REG,1999_10_TEN_CIN,CIN,TEN,18,32,236,1,0,7,-39,5,34,0,0,0,0,0,0,0,0,0,0,0,,0,0,0,0,0,0,0,0,0,0,0,,0
00-0001343,Cary Blanchard,K,1999,10,REG,1999_10_IND_NYG,NYG,IND,0,0,0,0,0,0,0,0,0,0,0,0,0,0,0,0,0,0,2,2,42,0,0,1,1,0,0,1,1,0,0,0,,0
00-0001361,Drew Bledsoe,QB,1999,10,REG,1999_10_NYJ_NE,NE,NYJ,15,36,170,2,3,3,-20,3,25,0,1,0,0,0,0,0,0,0,0,0,,0,0,0,0,0,0,0,0,0,0,0,,0
00-0001460,Chris Boniol,K,1999,10,REG,1999_10_MIN_CHI,CHI,MIN,0,0,0,0,0,0,0,0,0,0,0,0,0,0,0,0,0,0,1,2,34,0,0,1,0,0,0,3,3,0,0,0,,0
00-0001477,Marty Booker,WR,1999,10,REG,1999_10_MIN_CHI,CHI,MIN,0,0,0,0,0,0,0,0,0,0,0,0,7,8,134,2,4,0,0,0,,0,0,0,0,0,0,0,0,0,0,0,,0
00-0001532,David Boston,WR,1999,10,REG,1999_10_DET_ARI,ARI,DET,0,0,0,0,0,0,0,0,0,0,0,0,4,4,53,0,2,0,0,0,,0,0,0,0,0,0,0,0,0,0,0,,0
00-0001627,Corey Bradford,WR,1999,10,REG,1999_10_GB_DAL,GB,DAL,0,0,0,0,0,0,0,0,0,0,0,0,3,11,35,0,3,0,0,0,,0,0,0,0,0,0,0,0,0,0,0,,0
00-0001661,Kyle Brady,TE,1999,10,REG,1999_10_BAL_JAX,JAX,BAL,0,0,0,0,0,0,0,0,0,0,0,0,2,3,17,0,1,0,0,0,,0,0,0,0,0,0,0,0,0,0,0,,0
00-0001752,Will Brice,P,1999,10,REG,1999_10_TEN_CIN,CIN,TEN,0,0,0,0,0,0,0,0,0,0,0,0,0,0,0,0,0,0,0,0,,0,0,0,0,0,0,0,0,5,186,181,50,2
00-0001759,Doug Brien,K,1999,10,REG,1999_10_SF_NO,NO,SF,0,0,0,0,0,0,0,0,0,0,0,0,0,0,0,0,0,0,1,1,28,0,1,0,0,0,0,3,3,0,0,0,,0
00-0001783,Vincent Brisby,WR,1999,10,REG,1999_10_NYJ_NE,NE,NYJ,0,0,0,0,0,0,0,0,0,0,0,0,0,1,0,0,0,0,0,0,,0,0,0,0,0,0,0,0,0,0,0,,0
00-0001862,Luther Broughton,TE,1999,10,REG,1999_10_WAS_PHI,PHI,WAS,0,0,0,0,0,0,0,0,0,0,0,0,1,2,2,0,0,0,0,0,,0,0,0,0,0,0,0,0,0,0,0,,0
00-0001907,Dave Brown,QB,1999,10,REG,1999_10_DET_ARI,ARI,DET,16,30,209,0,0,3,-25,6,19,0,3,0,0,0,0,0,0,0,0,0,,0,0,0,0,0,0,0,0,0,0,0,,0
00-0001980,Kris Brown,K,1999,10,REG,1999_10_CLE_PIT,PIT,CLE,0,0,0,0,0,0,0,0,0,0,0,0,0,0,0,0,0,0,3,3,47,0,0,1,2,0,0,0,0,0,0,0,,0
00-0002027,Reggie Brown,FB,1999,10,REG,1999_10_DEN_SEA,SEA,DEN,0,0,0,0,0,0,0,0,0,0,0,0,1,1,5,0,0,0,0,0,,0,0,0,0,0,0,0,0,0,0,0,,0
00-0002058,Tim Brown,WR,1999,10,REG,1999_10_SD_OAK,LV,LAC,0,0,0,0,0,0,0,1,4,0,0,0,7,8,117,0,6,0,0,0,,0,0,0,0,0,0,0,0,0,0,0,,0
00-0002068,Troy Brown,WR,1999,10,REG,1999_10_NYJ_NE,NE,NYJ,0,0,0,0,0,0,0,0,0,0,0,0,2,4,41,1,2,0,0,0,,0,0,0,0,0,0,0,0,0,0,0,,0
00-0002099,Isaac Bruce,WR,1999,10,REG,1999_10_CAR_STL,LA,CAR,0,0,0,0,0,0,0,0,0,0,0,0,5,7,69,1,4,0,0,0,,0,0,0,0,0,0,0,0,0,0,0,,0
00-0002102,Mark Bruener,TE,1999,10,REG,1999_10_CLE_PIT,PIT,CLE,0,0,0,0,0,0,0,0,0,0,0,0,2,4,20,0,2,0,0,0,,0,0,0,0,0,0,0,0,0,0,0,,0
00-0002110,Mark Brunell,QB,1999,10,REG,1999_10_BAL_JAX,JAX,BAL,20,29,118,0,0,6,-33,1,10,0,0,0,0,0,0,0,0,0,0,0,,0,0,0,0,0,0,0,0,0,0,0,,0
00-0002459,Kenny Bynum,RB,1999,10,REG,1999_10_SD_OAK,LAC,LV,0,0,0,0,0,0,0,0,0,0,0,0,1,1,16,0,0,0,0,0,,0,0,0,0,0,0,0,0,0,0,0,,0
00-0002469,Isaac Byrd,WR,1999,10,REG,1999_10_TEN_CIN,TEN,CIN,0,0,0,0,0,0,0,0,0,0,0,0,1,2,12,0,1,0,0,0,,0,0,0,0,0,0,0,0,0,0,0,,0
00-0002586,Mark Campbell,TE,1999,10,REG,1999_10_CLE_PIT,CLE,PIT,0,0,0,0,0,0,0,0,0,0,0,0,1,1,12,0,1,0,0,0,,0,0,0,0,0,0,0,0,0,0,0,,0
00-0002655,John Carney,K,1999,10,REG,1999_10_SD_OAK,LAC,LV,0,0,0,0,0,0,0,0,0,0,0,0,0,0,0,0,0,0,1,1,39,0,0,1,0,0,0,0,0,0,0,0,,0
00-0002709,Dwayne Carswell,OT,1999,10,REG,1999_10_DEN_SEA,DEN,SEA,0,0,0,0,0,0,0,0,0,0,0,0,1,2,8,0,1,0,0,0,,0,0,0,0,0,0,0,0,0,0,0,,0
00-0002721,Cris Carter,WR,1999,10,REG,1999_10_MIN_CHI,MIN,CHI,0,0,0,0,0,0,0,0,0,0,0,0,9,12,141,3,5,0,0,0,,0,0,0,0,0,0,0,0,0,0,0,,0
00-0002787,Stoney Case,QB,1999,10,REG,1999_10_BAL_JAX,BAL,JAX,7,12,103,0,0,0,0,2,16,0,0,0,0,0,0,0,0,0,0,0,,0,0,0,0,0,0,0,0,0,0,0,,0
00-0002846,Larry Centers,FB,1999,10,REG,1999_10_WAS_PHI,WAS,PHI,0,0,0,0,0,0,0,0,0,0,0,0,1,1,1,0,0,0,0,0,,0,0,0,0,0,0,0,0,0,0,0,,0
00-0002861,Byron Chamberlain,TE,1999,10,REG,1999_10_DEN_SEA,DEN,SEA,0,0,0,0,0,0,0,0,0,0,0,0,1,3,2,0,0,0,0,0,,0,0,0,0,0,0,0,0,0,0,0,,0
00-0002873,Robert Chancey,RB,1999,10,REG,1999_10_GB_DAL,DAL,GB,0,0,0,0,0,0,0,14,57,0,3,0,0,0,0,0,0,0,0,0,,0,0,0,0,0,0,0,0,0,0,0,,0
00-0002942,Darrin Chiaverini,WR,1999,10,REG,1999_10_CLE_PIT,CLE,PIT,0,0,0,0,0,0,0,0,0,0,0,0,3,5,44,0,1,0,0,0,,0,0,0,0,0,0,0,0,0,0,0,,0
00-0002962,Wayne Chrebet,WR,1999,10,REG,1999_10_NYJ_NE,NYJ,NE,0,0,0,0,0,0,0,0,0,0,0,0,7,10,70,0,2,0,0,0,,0,0,0,0,0,0,0,0,0,0,0,,0
00-0002975,Steve Christie,K,1999,10,REG,1999_10_MIA_BUF,BUF,MIA,0,0,0,0,0,0,0,0,0,0,0,0,0,0,0,0,0,0,3,4,48,0,0,1,2,0,0,2,2,0,0,0,,0
00-0003039,Greg Clark,TE,1999,10,REG,1999_10_SF_NO,SF,NO,0,0,0,0,0,0,0,0,0,0,0,0,1,3,8,0,0,0,0,0,,0,0,0,0,0,0,0,0,0,0,0,,0
00-0003142,Ben Coates,TE,1999,10,REG,1999_10_NYJ_NE,NE,NYJ,0,0,0,0,0,0,0,0,0,0,0,0,2,4,14,0,0,0,0,0,,0,0,0,0,0,0,0,0,0,0,0,,0
00-0003266,Bobby Collins,TE,1999,10,REG,1999_10_MIA_BUF,BUF,MIA,0,0,0,0,0,0,0,0,0,0,0,0,0,1,0,0,0,0,0,0,,0,0,0,0,0,0,0,0,0,0,0,,0
00-0003271,Cecil Collins,RB,1999,10,REG,1999_10_MIA_BUF,MIA,BUF,0,0,0,0,0,0,0,4,0,0,0,0,0,0,0,0,0,0,0,0,,0,0,0,0,0,0,0,0,0,0,0,,0
00-0003378,Albert Connell,WR,1999,10,REG,1999_10_WAS_PHI,WAS,PHI,0,0,0,0,0,0,0,0,0,0,0,0,6,12,88,1,3,1,0,0,,0,0,0,0,0,0,0,0,0,0,0,,0
00-0003395,Brett Conway,K,1999,10,REG,1999_10_WAS_PHI,WAS,PHI,0,0,0,0,0,0,0,0,0,0,0,0,0,0,0,0,0,0,0,1,,0,0,0,0,0,0,4,4,0,0,0,,0
00-0003535,Tim Couch,QB,1999,10,REG,1999_10_CLE_PIT,CLE,PIT,18,28,199,2,1,6,-38,2,15,0,0,0,0,0,0,0,0,0,0,0,,0,0,0,0,0,0,0,0,0,0,0,,0
00-0003663,Zack Crockett,RB,1999,10,REG,1999_10_SD_OAK,LV,LAC,0,0,0,0,0,0,0,1,2,0,1,0,0,0,0,0,0,0,0,0,,0,0,0,0,0,0,0,0,0,0,0,,0
00-0003700,Germane Crowell,WR,1999,10,REG,1999_10_DET_ARI,DET,ARI,0,0,0,0,0,0,0,0,0,0,0,0,5,10,142,1,4,1,0,0,,0,0,0,0,0,0,0,0,0,0,0,,0
00-0003762,Richie Cunningham,K,1999,10,REG,1999_10_GB_DAL,DAL,GB,0,0,0,0,0,0,0,0,0,0,0,0,0,0,0,0,0,0,2,3,47,0,0,0,2,0,0,3,3,0,0,0,,0
00-0003944,Billy Davis,WR,1999,10,REG,1999_10_BAL_JAX,BAL,JAX,0,0,0,0,0,0,0,0,0,0,0,0,1,5,11,0,1,0,0,0,,0,0,0,0,0,0,0,0,0,0,0,,0
00-0004052,Stephen Davis,RB,1999,10,REG,1999_10_WAS_PHI,WAS,PHI,0,0,0,0,0,0,0,25,122,2,11,0,1,1,8,0,1,0,0,0,,0,0,0,0,0,0,0,0,0,0,0,,0
00-0004063,Tyrone Davis,TE,1999,10,REG,1999_10_GB_DAL,GB,DAL,0,0,0,0,0,0,0,0,0,0,0,0,3,5,9,0,0,0,0,0,,0,0,0,0,0,0,0,0,0,0,0,,0
00-0004077,Sean Dawkins,WR,1999,10,REG,1999_10_DEN_SEA,SEA,DEN,0,0,0,0,0,0,0,0,0,0,0,0,5,8,91,1,5,0,0,0,,0,0,0,0,0,0,0,0,0,0,0,,0
00-0004091,Phil Dawson,K,1999,10,REG,1999_10_CLE_PIT,CLE,PIT,0,0,0,0,0,0,0,0,0,0,0,0,0,0,0,0,0,0,1,1,39,0,0,1,0,0,0,1,1,0,0,0,,0
00-0004147,Al Del Greco,K,1999,10,REG,1999_10_TEN_CIN,TEN,CIN,0,0,0,0,0,0,0,0,0,0,0,0,0,0,0,0,0,0,1,1,26,0,1,0,0,0,0,3,3,0,0,0,,0
00-0004172,Greg DeLong,TE,1999,10,REG,1999_10_BAL_JAX,BAL,JAX,0,0,0,0,0,0,0,0,0,0,0,0,1,1,4,0,0,0,0,0,,0,0,0,0,0,0,0,0,0,0,0,,0
00-0004293,Trent Dilfer,QB,1999,10,REG,1999_10_KC_TB,TB,KC,17,27,270,2,1,0,0,3,1,0,0,1,0,0,0,0,0,0,0,0,,0,0,0,0,0,0,0,0,0,0,0,,0
00-0004294,Ken Dilger,TE,1999,10,REG,1999_10_IND_NYG,IND,NYG,0,0,0,0,0,0,0,0,0,0,0,0,3,3,26,0,2,0,0,0,,0,0,0,0,0,0,0,0,0,0,0,,0
00-0004304,Corey Dillon,RB,1999,10,REG,1999_10_TEN_CIN,CIN,TEN,0,0,0,0,0,0,0,14,33,0,1,0,3,4,37,0,1,0,0,0,,0,0,0,0,0,0,0,0,0,0,0,,0
00-0004541,Donald Driver,WR,1999,10,REG,1999_10_GB_DAL,GB,DAL,0,0,0,0,0,0,0,0,0,0,0,0,0,1,0,0,0,0,0,0,,0,0,0,0,0,0,0,0,0,0,0,,0
00-0004574,Rickey Dudley,TE,1999,10,REG,1999_10_SD_OAK,LV,LAC,0,0,0,0,0,0,0,0,0,0,0,0,2,3,14,2,2,0,0,0,,0,0,0,0,0,0,0,0,0,0,0,,0
00-0004640,Warrick Dunn,RB,1999,10,REG,1999_10_KC_TB,TB,KC,0,0,0,0,0,0,0,18,66,0,3,1,2,3,11,0,1,0,0,0,,0,0,0,0,0,0,0,0,0,0,0,,0
00-0004694,Kevin Dyson,WR,1999,10,REG,1999_10_TEN_CIN,TEN,CIN,0,0,0,0,0,0,0,0,0,0,0,0,4,9,39,0,2,0,0,0,,0,0,0,0,0,0,0,0,0,0,0,,0
00-0004705,Quinn Early,WR,1999,10,REG,1999_10_NYJ_NE,NYJ,NE,0,0,0,0,0,0,0,0,0,0,0,0,0,1,0,0,0,0,0,0,,0,0,0,0,0,0,0,0,0,0,0,,0
00-0004768,Marc Edwards,FB,1999,10,REG,1999_10_CLE_PIT,CLE,PIT,0,0,0,0,0,0,0,0,0,0,0,0,4,4,22,1,1,0,0,0,,0,0,0,0,0,0,0,0,0,0,0,,0
00-0004780,Troy Edwards,WR,1999,10,REG,1999_10_CLE_PIT,PIT,CLE,0,0,0,0,0,0,0,0,0,0,0,0,2,6,29,0,1,0,0,0,,0,0,0,0,0,0,0,0,0,0,0,,0
00-0004811,Jason Elam,K,1999,10,REG,1999_10_DEN_SEA,DEN,SEA,0,0,0,0,0,0,0,0,0,0,0,0,0,0,0,0,0,0,1,1,25,0,1,0,0,0,0,2,2,0,0,0,,0
00-0004915,Bobby Engram,WR,1999,10,REG,1999_10_MIN_CHI,CHI,MIN,0,0,0,0,0,0,0,0,0,0,0,0,6,12,42,0,2,0,0,0,,0,0,0,0,0,0,0,0,0,0,0,,0
00-0004916,Curtis Enis,RB,1999,10,REG,1999_10_MIN_CHI,CHI,MIN,0,0,0,0,0,0,0,19,54,0,4,0,4,4,26,0,3,0,0,0,,0,0,0,0,0,0,0,0,0,0,0,,0
00-0004972,Chuck Evans,RB,1999,10,REG,1999_10_BAL_JAX,BAL,JAX,0,0,0,0,0,0,0,0,0,0,0,0,2,3,33,0,2,0,0,0,,0,0,0,0,0,0,0,0,0,0,0,,0
00-0005091,Kevin Faulk,RB,1999,10,REG,1999_10_NYJ_NE,NE,NYJ,0,0,0,0,0,0,0,2,7,0,0,0,2,3,21,1,1,0,0,0,,0,0,0,0,0,0,0,0,0,0,0,,0
00-0005092,Marshall Faulk,RB,1999,10,REG,1999_10_CAR_STL,LA,CAR,0,0,0,0,0,0,0,16,73,1,2,0,2,2,64,0,1,0,0,0,,0,0,0,0,0,0,0,0,0,0,0,,0
00-0005101,Christian Fauria,TE,1999,10,REG,1999_10_DEN_SEA,SEA,DEN,0,0,0,0,0,0,0,0,0,0,0,0,1,3,6,0,0,0,0,0,,0,0,0,0,0,0,0,0,0,0,0,,0
00-0005106,Brett Favre,QB,1999,10,REG,1999_10_GB_DAL,GB,DAL,26,50,260,1,2,3,-16,2,9,0,0,0,0,0,0,0,0,0,0,0,,0,0,0,0,0,0,0,0,0,0,0,,0
00-0005110,Jermaine Fazande,RB,1999,10,REG,1999_10_SD_OAK,LAC,LV,0,0,0,0,0,0,0,13,29,0,0,0,0,0,0,0,0,0,0,0,,0,0,0,0,0,0,0,0,0,0,0,,0
00-0005113,Jeff Feagles,P,1999,10,REG,1999_10_DEN_SEA,SEA,DEN,0,0,0,0,0,0,0,0,0,0,0,0,0,0,0,0,0,0,0,0,,0,0,0,0,0,0,0,0,4,151,129,46,0
00-0005361,William Floyd,FB,1999,10,REG,1999_10_CAR_STL,CAR,LA,0,0,0,0,0,0,0,5,14,0,1,0,3,3,31,0,2,0,0,0,,0,0,0,0,0,0,0,0,0,0,0,,0
00-0005363,Doug Flutie,QB,1999,10,REG,1999_10_MIA_BUF,BUF,MIA,10,20,157,1,0,0,0,7,8,0,1,0,0,0,0,0,0,0,0,0,,0,0,0,0,0,0,0,0,0,0,0,,0
00-0005562,Antonio Freeman,WR,1999,10,REG,1999_10_GB_DAL,GB,DAL,0,0,0,0,0,0,0,0,0,0,0,0,6,10,110,1,5,0,0,0,,0,0,0,0,0,0,0,0,0,0,0,,0
00-0005589,Gus Frerotte,QB,1999,10,REG,1999_10_DET_ARI,DET,ARI,24,39,375,2,0,5,-44,0,0,0,0,0,0,0,0,0,0,0,0,0,,0,0,0,0,0,0,0,0,0,0,0,,0
00-0005616,Irving Fryar,WR,1999,10,REG,1999_10_WAS_PHI,WAS,PHI,0,0,0,0,0,0,0,0,0,0,0,0,0,2,0,0,0,0,0,0,,0,0,0,0,0,0,0,0,0,0,0,,0
00-0005668,Oronde Gadsden,WR,1999,10,REG,1999_10_MIA_BUF,MIA,BUF,0,0,0,0,0,0,0,0,0,0,0,0,0,1,0,0,0,0,0,0,,0,0,0,0,0,0,0,0,0,0,0,,0
00-0005720,Joey Galloway,WR,1999,10,REG,1999_10_DEN_SEA,SEA,DEN,0,0,0,0,0,0,0,0,0,0,0,0,4,6,88,0,3,0,0,0,,0,0,0,0,0,0,0,0,0,0,0,,0
00-0005741,Rich Gannon,QB,1999,10,REG,1999_10_SD_OAK,LV,LAC,18,24,254,4,0,1,-10,7,43,0,2,0,0,0,0,0,0,0,0,0,,0,0,0,0,0,0,0,0,0,0,0,,0
00-0005771,Chris Gardocki,P,1999,10,REG,1999_10_CLE_PIT,CLE,PIT,0,0,0,0,0,0,0,0,0,0,0,0,0,0,0,0,0,0,0,0,,0,0,0,0,0,0,0,0,8,347,260,61,1
00-0005779,Charlie Garner,RB,1999,10,REG,1999_10_SF_NO,SF,NO,0,0,0,0,0,0,0,12,60,0,4,0,2,3,8,0,0,0,0,0,,0,0,0,0,0,0,0,0,0,0,0,,0
00-0005794,Jason Garrett,QB,1999,10,REG,1999_10_GB_DAL,DAL,GB,13,23,199,2,0,2,-9,0,0,0,0,0,0,0,0,0,0,0,0,0,,0,0,0,0,0,0,0,0,0,0,0,,0
00-0005816,Olandis Gary,RB,1999,10,REG,1999_10_DEN_SEA,DEN,SEA,0,0,0,0,0,0,0,26,65,0,4,0,3,4,20,0,0,0,0,0,,0,0,0,0,0,0,0,0,0,0,0,,0
00-0005822,Sam Gash,FB,1999,10,REG,1999_10_MIA_BUF,BUF,MIA,0,0,0,0,0,0,0,0,0,0,0,0,1,1,12,0,1,0,0,0,,0,0,0,0,0,0,0,0,0,0,0,,0
00-0005883,Eddie George,RB,1999,10,REG,1999_10_TEN_CIN,TEN,CIN,0,0,0,0,0,0,0,29,123,2,6,1,0,1,0,0,0,0,0,0,,0,0,0,0,0,0,0,0,0,0,0,,0
00-0005885,Jeff George,QB,1999,10,REG,1999_10_MIN_CHI,MIN,CHI,25,44,374,3,1,3,-25,1,-1,0,0,0,0,0,0,0,0,0,0,0,,0,0,0,0,0,0,0,0,0,0,0,,0
00-0006043,Terry Glenn,WR,1999,10,REG,1999_10_NYJ_NE,NE,NYJ,0,0,0,0,0,0,0,0,0,0,0,0,4,9,58,0,4,0,0,0,,0,0,0,0,0,0,0,0,0,0,0,,0
00-0006047,Andrew Glover,TE,1999,10,REG,1999_10_MIN_CHI,MIN,CHI,0,0,0,0,0,0,0,0,0,0,0,0,1,3,2,0,0,0,0,0,,0,0,0,0,0,0,0,0,0,0,0,,0
00-0006101,Tony Gonzalez,TE,1999,10,REG,1999_10_KC_TB,KC,TB,0,0,0,0,0,0,0,0,0,0,0,0,6,11,62,0,3,0,0,0,,0,0,0,0,0,0,0,0,0,0,0,,0
00-0006155,Lennox Gordon,RB,1999,10,REG,1999_10_MIA_BUF,BUF,MIA,0,0,0,0,0,0,0,5,15,0,1,0,0,0,0,0,0,0,0,0,,0,0,0,0,0,0,0,0,0,0,0,,0
00-0006181,Toby Gowin,P,1999,10,REG,1999_10_GB_DAL,DAL,GB,0,0,0,0,0,0,0,0,0,0,0,0,0,0,0,0,0,0,0,0,,0,0,0,0,0,0,0,0,4,179,159,56,1
00-0006210,Jeff Graham,WR,1999,10,REG,1999_10_SD_OAK,LAC,LV,0,0,0,0,0,0,0,0,0,0,0,0,3,7,66,0,3,0,0,0,,0,0,0,0,0,0,0,0,0,0,0,,0
00-0006212,Kent Graham,QB,1999,10,REG,1999_10_IND_NYG,NYG,IND,27,50,253,2,2,3,-16,3,30,0,2,0,0,0,0,0,0,0,0,0,,0,0,0,0,0,0,0,0,0,0,0,,0
00-0006223,Martin Gramatica,K,1999,10,REG,1999_10_KC_TB,TB,KC,0,0,0,0,0,0,0,0,0,0,0,0,0,0,0,0,0,0,1,1,25,0,1,0,0,0,0,2,2,0,0,0,,0
00-0006300,Elvis Grbac,QB,1999,10,REG,1999_10_KC_TB,KC,TB,23,38,202,1,1,2,-18,1,3,0,0,0,0,0,0,0,0,0,0,0,,0,0,0,0,0,0,0,0,0,0,0,,0
00-0006305,Ahman Green,RB,1999,10,REG,1999_10_DEN_SEA,SEA,DEN,0,0,0,0,0,0,0,2,13,0,2,0,0,0,0,0,0,0,0,0,,0,0,0,0,0,0,0,0,0,0,0,,0
00-0006331,Jacquez Green,WR,1999,10,REG,1999_10_KC_TB,TB,KC,0,0,0,0,0,0,0,0,0,0,0,0,7,9,164,1,6,0,0,0,,0,0,0,0,0,0,0,0,0,0,0,,0
00-0006456,Howard Griffith,RB,1999,10,REG,1999_10_DEN_SEA,DEN,SEA,0,0,0,0,0,0,0,0,0,0,0,0,2,2,21,1,2,0,0,0,,0,0,0,0,0,0,0,0,0,0,0,,0
00-0006482,Clif Groce,FB,1999,10,REG,1999_10_TEN_CIN,CIN,TEN,0,0,0,0,0,0,0,0,0,0,0,0,2,4,20,0,1,0,0,0,,0,0,0,0,0,0,0,0,0,0,0,,0
00-0006577,Brian Habib,G,1999,10,REG,1999_10_DEN_SEA,SEA,DEN,0,0,0,0,0,0,0,0,0,0,0,0,0,1,0,0,0,0,0,0,,0,0,0,0,0,0,0,0,0,0,0,,0
00-0006627,Az-Zahir Hakim,WR,1999,10,REG,1999_10_CAR_STL,LA,CAR,0,0,0,0,0,0,0,1,0,0,0,0,1,2,5,0,1,0,0,0,,0,0,0,0,0,0,0,0,0,0,0,,0
00-0006662,John Hall,K,1999,10,REG,1999_10_NYJ_NE,NYJ,NE,0,0,0,0,0,0,0,0,0,0,0,0,0,0,0,0,0,0,1,1,26,0,1,0,0,0,0,3,3,0,0,0,,0
00-0006692,Ty Hallock,LB,1999,10,REG,1999_10_MIN_CHI,CHI,MIN,0,0,0,0,0,0,0,0,0,0,0,0,1,1,1,0,0,0,0,0,,0,0,0,0,0,0,0,0,0,0,0,,0
00-0006800,Jason Hanson,K,1999,10,REG,1999_10_DET_ARI,DET,ARI,0,0,0,0,0,0,0,0,0,0,0,0,0,0,0,0,0,0,0,1,,0,0,0,0,0,0,1,1,0,0,0,,0
00-0006804,Patrick Hape,TE,1999,10,REG,1999_10_KC_TB,TB,KC,0,0,0,0,0,0,0,0,0,0,0,0,1,1,4,0,1,0,0,0,,0,0,0,0,0,0,0,0,0,0,0,,0
00-0006808,Jim Harbaugh,QB,1999,10,REG,1999_10_SD_OAK,LAC,LV,18,32,204,1,0,2,-12,1,3,0,0,0,0,0,0,0,0,0,0,0,,0,0,0,0,0,0,0,0,0,0,0,,0
00-0006949,Jackie Harris,TE,1999,10,REG,1999_10_TEN_CIN,TEN,CIN,0,0,0,0,0,0,0,0,0,0,0,0,3,5,21,0,1,0,0,0,,0,0,0,0,0,0,0,0,0,0,0,,0
00-0006977,Mark Harris,WR,1999,10,REG,1999_10_SF_NO,SF,NO,0,0,0,0,0,0,0,0,0,0,0,0,0,1,0,0,0,0,0,0,,0,0,0,0,0,0,0,0,0,0,0,,0
00-0007024,Marvin Harrison,WR,1999,10,REG,1999_10_IND_NYG,IND,NYG,0,0,0,0,0,0,0,0,0,0,0,0,6,16,109,2,4,0,0,0,,0,0,0,0,0,0,0,0,0,0,0,,0
00-0007093,Andre Hastings,WR,1999,10,REG,1999_10_SF_NO,NO,SF,0,0,0,0,0,0,0,0,0,0,0,0,2,2,53,1,2,0,0,0,,0,0,0,0,0,0,0,0,0,0,0,,0
00-0007103,Matt Hatchette,WR,1999,10,REG,1999_10_MIN_CHI,MIN,CHI,0,0,0,0,0,0,0,0,0,0,0,0,0,2,0,0,0,0,0,0,,0,0,0,0,0,0,0,0,0,0,0,,0
00-0007120,Courtney Hawkins,WR,1999,10,REG,1999_10_CLE_PIT,PIT,CLE,0,0,0,0,0,0,0,0,0,0,0,0,3,5,29,0,2,0,0,0,,0,0,0,0,0,0,0,0,0,0,0,,0
00-0007144,Donald Hayes,WR,1999,10,REG,1999_10_CAR_STL,CAR,LA,0,0,0,0,0,0,0,0,0,0,0,0,1,3,24,0,1,0,0,0,,0,0,0,0,0,0,0,0,0,0,0,,0
00-0007254,William Henderson,FB,1999,10,REG,1999_10_GB_DAL,GB,DAL,0,0,0,0,0,0,0,0,0,0,0,0,2,2,5,0,0,0,0,0,,0,0,0,0,0,0,0,0,0,0,0,,0
00-0007308,Craig Hentrich,P,1999,10,REG,1999_10_TEN_CIN,TEN,CIN,0,0,0,0,0,0,0,1,0,0,0,0,0,0,0,0,0,0,0,0,,0,0,0,0,0,0,0,0,7,300,296,51,3
00-0007436,Greg Hill,RB,1999,10,REG,1999_10_DET_ARI,DET,ARI,0,0,0,0,0,0,0,10,25,0,1,0,1,3,3,0,0,0,0,0,,0,0,0,0,0,0,0,0,0,0,0,,0
00-0007468,Ike Hilliard,WR,1999,10,REG,1999_10_IND_NYG,NYG,IND,0,0,0,0,0,0,0,1,-2,0,0,0,6,9,78,0,3,0,0,0,,0,0,0,0,0,0,0,0,0,0,0,,0
00-0007520,Leroy Hoard,RB,1999,10,REG,1999_10_MIN_CHI,MIN,CHI,0,0,0,0,0,0,0,7,28,0,1,0,0,0,0,0,0,0,0,0,,0,0,0,0,0,0,0,0,0,0,0,,0
00-0007579,Robert Holcombe,FB,1999,10,REG,1999_10_CAR_STL,LA,CAR,0,0,0,0,0,0,0,2,4,0,0,0,2,2,46,0,1,1,0,0,,0,0,0,0,0,0,0,0,0,0,0,,0
00-0007622,Mike Hollis,K,1999,10,REG,1999_10_BAL_JAX,JAX,BAL,0,0,0,0,0,0,0,0,0,0,0,0,0,0,0,0,0,0,2,3,28,0,2,0,0,0,0,0,0,0,0,0,,0
00-0007681,Torry Holt,WR,1999,10,REG,1999_10_CAR_STL,LA,CAR,0,0,0,0,0,0,0,0,0,0,0,0,2,6,16,0,1,0,0,0,,0,0,0,0,0,0,0,0,0,0,0,,0
00-0007737,Mike Horan,P,1999,10,REG,1999_10_CAR_STL,LA,CAR,0,0,0,0,0,0,0,0,0,0,0,0,0,0,0,0,0,0,0,0,,0,0,0,0,0,0,0,0,5,196,187,48,3
00-0007744,Joe Horn,WR,1999,10,REG,1999_10_KC_TB,KC,TB,0,0,0,0,0,0,0,0,0,0,0,0,3,8,63,1,2,0,0,0,,0,0,0,0,0,0,0,0,0,0,0,,0
00-0007835,Damon Huard,QB,1999,10,REG,1999_10_MIA_BUF,MIA,BUF,9,25,65,0,1,3,-24,2,9,0,0,0,0,0,0,0,0,0,0,0,,0,0,0,0,0,0,0,0,0,0,0,,0
00-0007969,Richard Huntley,RB,1999,10,REG,1999_10_CLE_PIT,PIT,CLE,0,0,0,0,0,0,0,4,12,1,2,0,1,1,7,0,1,0,0,0,,0,0,0,0,0,0,0,0,0,0,0,,0
00-0007983,Michael Husted,K,1999,10,REG,1999_10_SD_OAK,LV,LAC,0,0,0,0,0,0,0,0,0,0,0,0,0,0,0,0,0,0,0,1,,0,0,0,0,0,0,4,4,0,0,0,,0
00-0007993,Tom Hutton,P,1999,10,REG,1999_10_MIA_BUF,MIA,BUF,0,0,0,0,0,0,0,0,0,0,0,0,0,0,0,0,0,0,0,0,,0,0,0,0,0,0,0,0,8,321,234,52,0
00-0008046,Sedrick Irvin,RB,1999,10,REG,1999_10_DET_ARI,DET,ARI,0,0,0,0,0,0,0,4,17,0,1,0,3,4,18,0,1,0,0,0,,0,0,0,0,0,0,0,0,0,0,0,,0
00-0008059,Qadry Ismail,WR,1999,10,REG,1999_10_BAL_JAX,BAL,JAX,0,0,0,0,0,0,0,0,0,0,0,0,3,5,33,0,2,0,0,0,,0,0,0,0,0,0,0,0,0,0,0,,0
00-0008060,Raghib Ismail,WR,1999,10,REG,1999_10_GB_DAL,DAL,GB,0,0,0,0,0,0,0,1,7,0,0,0,6,10,86,1,4,0,0,0,,0,0,0,0,0,0,0,0,0,0,0,,0
00-0008080,Chris Jacke,K,1999,10,REG,1999_10_DET_ARI,ARI,DET,0,0,0,0,0,0,0,0,0,0,0,0,0,0,0,0,0,0,3,5,49,0,0,2,1,0,0,2,2,0,0,0,,0
00-0008210,Willie Jackson,WR,1999,10,REG,1999_10_TEN_CIN,CIN,TEN,0,0,0,0,0,0,0,0,0,0,0,0,2,5,17,0,2,0,0,0,,0,0,0,0,0,0,0,0,0,0,0,,0
00-0008229,Nate Jacquet,WR,1999,10,REG,1999_10_MIA_BUF,MIA,BUF,0,0,0,0,0,0,0,0,0,0,0,0,0,1,0,0,0,0,0,0,,0,0,0,0,0,0,0,0,0,0,0,,0
00-0008241,Edgerrin James,RB,1999,10,REG,1999_10_IND_NYG,IND,NYG,0,0,0,0,0,0,0,16,108,0,2,0,5,5,72,0,2,0,0,0,,0,0,0,0,0,0,0,0,0,0,0,,0
00-0008300,Patrick Jeffers,WR,1999,10,REG,1999_10_CAR_STL,CAR,LA,0,0,0,0,0,0,0,0,0,0,0,0,3,9,43,0,1,0,0,0,,0,0,0,0,0,0,0,0,0,0,0,,0
00-0008313,Shawn Jefferson,WR,1999,10,REG,1999_10_NYJ_NE,NE,NYJ,0,0,0,0,0,0,0,0,0,0,0,0,1,7,11,0,1,0,0,0,,0,0,0,0,0,0,0,0,0,0,0,,0
00-0008400,James Jett,WR,1999,10,REG,1999_10_SD_OAK,LV,LAC,0,0,0,0,0,0,0,0,0,0,0,0,3,4,52,0,3,0,0,0,,0,0,0,0,0,0,0,0,0,0,0,,0
00-0008401,John Jett,P,1999,10,REG,1999_10_DET_ARI,DET,ARI,0,0,0,0,0,0,0,0,0,0,0,0,0,0,0,0,0,0,0,0,,0,0,0,0,0,0,0,0,7,305,230,57,1
00-0008430,Anthony Johnson,RB,1999,10,REG,1999_10_CAR_STL,CAR,LA,0,0,0,0,0,0,0,2,29,0,1,0,0,1,0,0,0,0,0,0,,0,0,0,0,0,0,0,0,0,0,0,,0
00-0008442,Brad Johnson,QB,1999,10,REG,1999_10_WAS_PHI,WAS,PHI,18,33,313,2,3,4,-19,1,-1,0,0,0,0,0,0,0,0,0,0,0,,0,0,0,0,0,0,0,0,0,0,0,,0
00-0008454,Charles Johnson,WR,1999,10,REG,1999_10_WAS_PHI,PHI,WAS,0,0,0,0,0,0,0,0,0,0,0,0,0,4,0,0,0,0,0,0,,0,0,0,0,0,0,0,0,0,0,0,,0
00-0008529,J.J. Johnson,RB,1999,10,REG,1999_10_MIA_BUF,MIA,BUF,0,0,0,0,0,0,0,12,50,0,2,0,3,5,11,0,0,0,0,0,,0,0,0,0,0,0,0,0,0,0,0,,0
00-0008560,Kevin Johnson,WR,1999,10,REG,1999_10_CLE_PIT,CLE,PIT,0,0,0,0,0,0,0,0,0,0,0,0,5,7,73,1,2,0,0,0,,0,0,0,0,0,0,0,0,0,0,0,,0
00-0008561,Keyshawn Johnson,WR,1999,10,REG,1999_10_NYJ_NE,NYJ,NE,0,0,0,0,0,0,0,1,3,0,0,0,6,10,57,1,5,0,0,0,,0,0,0,0,0,0,0,0,0,0,0,,0
00-0008566,Lee Johnson,P,1999,10,REG,1999_10_NYJ_NE,NE,NYJ,0,0,0,0,0,0,0,0,0,0,0,0,0,0,0,0,0,0,0,0,,0,0,0,0,0,0,0,0,4,154,126,48,0
00-0008570,LeShon Johnson,RB,1999,10,REG,1999_10_IND_NYG,NYG,IND,0,0,0,0,0,0,0,5,36,0,1,1,2,2,9,0,1,0,0,0,,0,0,0,0,0,0,0,0,0,0,0,,0
00-0008593,Norm Johnson,K,1999,10,REG,1999_10_WAS_PHI,PHI,WAS,0,0,0,0,0,0,0,0,0,0,0,0,0,0,0,0,0,0,4,5,49,0,2,1,1,0,0,1,1,0,0,0,,0
00-0008704,Charlie Jones,WR,1999,10,REG,1999_10_SD_OAK,LAC,LV,0,0,0,0,0,0,0,1,-8,0,0,0,3,5,17,0,1,0,0,0,,0,0,0,0,0,0,0,0,0,0,0,,0
00-0008723,Damon Jones,TE,1999,10,REG,1999_10_BAL_JAX,JAX,BAL,0,0,0,0,0,0,0,0,0,0,0,0,2,4,9,0,0,0,0,0,,0,0,0,0,0,0,0,0,0,0,0,,0
00-0008749,Freddie Jones,TE,1999,10,REG,1999_10_SD_OAK,LAC,LV,0,0,0,0,0,0,0,0,0,0,0,0,5,8,65,1,5,0,0,0,,0,0,0,0,0,0,0,0,0,0,0,,0
00-0008903,Andrew Jordan,TE,1999,10,REG,1999_10_MIN_CHI,MIN,CHI,0,0,0,0,0,0,0,0,0,0,0,0,1,1,11,0,1,0,0,0,,0,0,0,0,0,0,0,0,0,0,0,,0
00-0008962,Joe Jurevicius,WR,1999,10,REG,1999_10_IND_NYG,NYG,IND,0,0,0,0,0,0,0,0,0,0,0,0,1,3,18,0,1,0,0,0,,0,0,0,0,0,0,0,0,0,0,0,,0
00-0009028,John Kasay,K,1999,10,REG,1999_10_CAR_STL,CAR,LA,0,0,0,0,0,0,0,0,0,0,0,0,0,0,0,0,0,0,1,1,24,0,1,0,0,0,0,1,1,0,0,0,,0
00-0009038,Napoleon Kaufman,RB,1999,10,REG,1999_10_SD_OAK,LV,LAC,0,0,0,0,0,0,0,12,65,0,4,0,0,0,0,0,0,0,0,0,,0,0,0,0,0,0,0,0,0,0,0,,0
00-0009163,Eddie Kennison,WR,1999,10,REG,1999_10_SF_NO,NO,SF,0,0,0,0,0,0,0,0,0,0,0,0,3,5,41,0,2,0,0,0,,0,0,0,0,0,0,0,0,0,0,0,,0
00-0009237,Brian Kinchen,TE,1999,10,REG,1999_10_CAR_STL,CAR,LA,0,0,0,0,0,0,0,0,0,0,0,0,0,1,0,0,0,0,0,0,,0,0,0,0,0,0,0,0,0,0,0,,0
00-0009288,Terry Kirby,RB,1999,10,REG,1999_10_CLE_PIT,CLE,PIT,0,0,0,0,0,0,0,1,3,0,0,0,2,3,10,0,0,0,0,0,,0,0,0,0,0,0,0,0,0,0,0,,0
00-0009311,Jon Kitna,QB,1999,10,REG,1999_10_DEN_SEA,SEA,DEN,16,31,235,2,1,1,-5,2,-1,0,0,0,0,0,0,0,0,0,0,0,,0,0,0,0,0,0,0,0,0,0,0,,0
00-0009323,Jimmy Kleinsasser,TE,1999,10,REG,1999_10_MIN_CHI,MIN,CHI,0,0,0,0,0,0,0,0,0,0,0,0,0,2,0,0,0,0,0,0,,0,0,0,0,0,0,0,0,0,0,0,,0
00-0009417,Rob Konrad,FB,1999,10,REG,1999_10_MIA_BUF,MIA,BUF,0,0,0,0,0,0,0,1,1,0,0,0,1,3,2,0,0,0,0,0,,0,0,0,0,0,0,0,0,0,0,0,,0
00-0009550,David LaFleur,TE,1999,10,REG,1999_10_GB_DAL,DAL,GB,0,0,0,0,0,0,0,0,0,0,0,0,2,2,16,1,2,0,0,0,,0,0,0,0,0,0,0,0,0,0,0,,0
00-0009584,Sean Landeta,P,1999,10,REG,1999_10_WAS_PHI,PHI,WAS,0,0,0,0,0,0,0,0,0,0,0,0,0,0,0,0,0,0,0,0,,0,0,0,0,0,0,0,0,4,146,126,47,2
00-0009599,Fred Lane,RB,1999,10,REG,1999_10_CAR_STL,CAR,LA,0,0,0,0,0,0,0,13,54,0,2,0,3,3,9,0,0,0,0,0,,0,0,0,0,0,0,0,0,0,0,0,,0
00-0009738,Amp Lee,RB,1999,10,REG,1999_10_CAR_STL,LA,CAR,0,0,0,0,0,0,0,0,0,0,0,0,1,1,-2,0,0,0,0,0,,0,0,0,0,0,0,0,0,0,0,0,,0
00-0009829,Dorsey Levens,RB,1999,10,REG,1999_10_GB_DAL,GB,DAL,0,0,0,0,0,0,0,15,31,0,2,0,8,11,40,0,2,0,0,0,,0,0,0,0,0,0,0,0,0,0,0,,0
00-0009869,Jermaine Lewis,WR,1999,10,REG,1999_10_BAL_JAX,BAL,JAX,0,0,0,0,0,0,0,0,0,0,0,0,3,9,13,0,1,0,0,0,,0,0,0,0,0,0,0,0,0,0,0,,0
00-0009960,Jonathan Linton,FB,1999,10,REG,1999_10_MIA_BUF,BUF,MIA,0,0,0,0,0,0,0,7,28,1,2,0,1,1,10,0,1,0,0,0,,0,0,0,0,0,0,0,0,0,0,0,,0
00-0010007,Kevin Lockett,WR,1999,10,REG,1999_10_KC_TB,KC,TB,0,0,0,0,0,0,0,0,0,0,0,0,2,3,26,0,2,0,0,0,,0,0,0,0,0,0,0,0,0,0,0,,0
00-0010072,Ryan Longwell,K,1999,10,REG,1999_10_GB_DAL,GB,DAL,0,0,0,0,0,0,0,0,0,0,0,0,0,0,0,0,0,0,2,3,38,0,0,2,0,0,0,1,1,0,0,0,,0
00-0010137,Ray Lucas,QB,1999,10,REG,1999_10_NYJ_NE,NYJ,NE,18,31,153,2,2,0,0,6,15,0,1,0,0,0,0,0,0,0,0,0,,0,0,0,0,0,0,0,0,0,0,0,,0
00-0010292,Joel Makovicka,FB,1999,10,REG,1999_10_DET_ARI,ARI,DET,0,0,0,0,0,0,0,0,0,0,0,0,0,2,0,0,0,0,0,0,,0,0,0,0,0,0,0,0,0,0,0,,0
00-0010346,Peyton Manning,QB,1999,10,REG,1999_10_IND_NYG,IND,NYG,20,35,237,2,1,0,0,3,-3,0,0,0,0,0,0,0,0,0,0,0,,0,0,0,0,0,0,0,0,0,0,0,,0
00-0010373,Olindo Mare,K,1999,10,REG,1999_10_MIA_BUF,MIA,BUF,0,0,0,0,0,0,0,0,0,0,0,0,0,0,0,0,0,0,1,1,30,0,0,1,0,0,0,0,0,0,0,0,,0
00-0010442,Curtis Martin,RB,1999,10,REG,1999_10_NYJ_NE,NYJ,NE,0,0,0,0,0,0,0,31,149,1,7,0,2,3,8,0,0,0,0,0,,0,0,0,0,0,0,0,0,0,0,0,,0
00-0010477,Tony Martin,WR,1999,10,REG,1999_10_MIA_BUF,MIA,BUF,0,0,0,0,0,0,0,0,0,0,0,0,2,7,27,0,2,0,0,0,,0,0,0,0,0,0,0,0,0,0,0,,0
00-0010599,Derrick Mayes,WR,1999,10,REG,1999_10_DEN_SEA,SEA,DEN,0,0,0,0,0,0,0,0,0,0,0,0,4,8,39,1,2,0,0,0,,0,0,0,0,0,0,0,0,0,0,0,,0
00-0010609,Brad Maynard,P,1999,10,REG,1999_10_IND_NYG,NYG,IND,0,0,0,0,0,0,0,0,0,0,0,0,0,0,0,0,0,0,0,0,,0,0,0,0,0,0,0,0,5,189,133,43,2
00-0010650,Ed McCaffrey,WR,1999,10,REG,1999_10_DEN_SEA,DEN,SEA,0,0,0,0,0,0,0,0,0,0,0,0,6,9,125,1,3,0,0,0,,0,0,0,0,0,0,0,0,0,0,0,,0
00-0010668,Keenan McCardell,WR,1999,10,REG,1999_10_BAL_JAX,JAX,BAL,0,0,0,0,0,0,0,0,0,0,0,0,4,6,18,0,1,0,0,0,,0,0,0,0,0,0,0,0,0,0,0,,0
00-0010747,Fred McCrary,RB,1999,10,REG,1999_10_SD_OAK,LAC,LV,0,0,0,0,0,0,0,0,0,0,0,0,2,2,14,0,1,0,0,0,,0,0,0,0,0,0,0,0,0,0,0,,0
00-0010796,Darnell McDonald,WR,1999,10,REG,1999_10_KC_TB,TB,KC,0,0,0,0,0,0,0,0,0,0,0,0,0,1,0,0,0,0,0,0,,0,0,0,0,0,0,0,0,0,0,0,,0
00-0010824,O.J. McDuffie,WR,1999,10,REG,1999_10_MIA_BUF,MIA,BUF,0,0,0,0,0,0,0,0,0,0,0,0,2,7,21,0,1,0,0,0,,0,0,0,0,0,0,0,0,0,0,0,,0
00-0010859,Tony McGee,TE,1999,10,REG,1999_10_TEN_CIN,CIN,TEN,0,0,0,0,0,0,0,0,0,0,0,0,2,2,49,0,2,0,0,0,,0,0,0,0,0,0,0,0,0,0,0,,0
00-0011022,Donovan McNabb,QB,1999,10,REG,1999_10_WAS_PHI,PHI,WAS,8,21,60,0,0,3,-22,9,49,0,2,0,0,0,0,0,0,0,0,0,,0,0,0,0,0,0,0,0,0,0,0,,0
00-0011024,Steve McNair,QB,1999,10,REG,1999_10_TEN_CIN,TEN,CIN,12,25,103,0,0,1,-5,5,14,1,2,0,0,0,0,0,0,0,0,0,,0,0,0,0,0,0,0,0,0,0,0,,0
00-0011068,Johnny McWilliams,TE,1999,10,REG,1999_10_DET_ARI,ARI,DET,0,0,0,0,0,0,0,0,0,0,0,0,1,2,3,0,0,0,0,0,,0,0,0,0,0,0,0,0,0,0,0,,0
00-0011213,Glyn Milburn,WR,1999,10,REG,1999_10_MIN_CHI,CHI,MIN,0,0,0,0,0,0,0,2,-7,0,0,0,2,2,6,0,0,0,0,0,,0,0,0,0,0,0,0,0,0,0,0,,0
00-0011236,Billy Miller,TE,1999,10,REG,1999_10_DEN_SEA,DEN,SEA,0,0,0,0,0,0,0,0,0,0,0,0,0,1,0,0,0,0,0,0,,0,0,0,0,0,0,0,0,0,0,0,,0
00-0011244,Chris Miller,QB,1999,10,REG,1999_10_DEN_SEA,DEN,SEA,20,30,239,2,1,1,-3,4,20,0,2,0,0,0,0,0,0,0,0,0,,0,0,0,0,0,0,0,0,0,0,0,,0
00-0011276,Jim Miller,QB,1999,10,REG,1999_10_MIN_CHI,CHI,MIN,34,48,422,3,1,3,-15,0,0,0,0,0,0,0,0,0,0,0,0,0,,0,0,0,0,0,0,0,0,0,0,0,,0
00-0011279,Josh Miller,P,1999,10,REG,1999_10_CLE_PIT,PIT,CLE,0,0,0,0,0,0,0,0,0,0,0,0,0,0,0,0,0,0,0,0,,0,0,0,0,0,0,0,0,6,240,195,53,2
00-0011328,Ernie Mills,WR,1999,10,REG,1999_10_GB_DAL,DAL,GB,0,0,0,0,0,0,0,0,0,0,0,0,2,5,49,0,2,0,0,0,,0,0,0,0,0,0,0,0,0,0,0,,0
00-0011333,John Henry Mills,RB,1999,10,REG,1999_10_MIN_CHI,MIN,CHI,0,0,0,0,0,0,0,0,0,0,0,0,2,2,16,0,2,0,0,0,,0,0,0,0,0,0,0,0,0,0,0,,0
00-0011399,Brian Mitchell,RB,1999,10,REG,1999_10_WAS_PHI,WAS,PHI,0,0,0,0,0,0,0,0,0,0,0,0,2,3,9,0,0,0,0,0,,0,0,0,0,0,0,0,0,0,0,0,,0
00-0011425,Pete Mitchell,TE,1999,10,REG,1999_10_IND_NYG,NYG,IND,0,0,0,0,0,0,0,0,0,0,0,0,9,13,62,1,5,1,0,0,,0,0,0,0,0,0,0,0,0,0,0,,0
00-0011463,Chris Mohr,P,1999,10,REG,1999_10_MIA_BUF,BUF,MIA,0,0,0,0,0,0,0,0,0,0,0,0,0,0,0,0,0,0,0,0,,0,0,0,0,0,0,0,0,4,150,105,42,2
00-0011551,Dave Moore,TE,1999,10,REG,1999_10_KC_TB,TB,KC,0,0,0,0,0,0,0,0,0,0,0,0,3,3,56,1,1,0,0,0,,0,0,0,0,0,0,0,0,0,0,0,,0
00-0011601,Rob Moore,WR,1999,10,REG,1999_10_DET_ARI,ARI,DET,0,0,0,0,0,0,0,0,0,0,0,0,3,7,24,0,1,0,0,0,,0,0,0,0,0,0,0,0,0,0,0,,0
00-0011727,Johnnie Morton,WR,1999,10,REG,1999_10_DET_ARI,DET,ARI,0,0,0,0,0,0,0,0,0,0,0,0,4,6,110,0,3,0,0,0,,0,0,0,0,0,0,0,0,0,0,0,,0
00-0011754,Randy Moss,WR,1999,10,REG,1999_10_MIN_CHI,MIN,CHI,0,0,0,0,0,0,0,0,0,0,0,0,12,21,204,0,7,0,0,0,,0,0,0,0,0,0,0,0,0,0,0,,0
00-0011770,Eric Moulds,WR,1999,10,REG,1999_10_MIA_BUF,BUF,MIA,0,0,0,0,0,0,0,0,0,0,0,0,1,4,53,1,1,0,0,0,,0,0,0,0,0,0,0,0,0,0,0,,0
00-0011795,Muhsin Muhammad,WR,1999,10,REG,1999_10_CAR_STL,CAR,LA,0,0,0,0,0,0,0,0,0,0,0,0,9,11,125,0,5,0,0,0,,0,0,0,0,0,0,0,0,0,0,0,,0
00-0011869,Adrian Murrell,RB,1999,10,REG,1999_10_DET_ARI,ARI,DET,0,0,0,0,0,0,0,2,4,0,0,0,1,1,-1,0,0,0,0,0,,0,0,0,0,0,0,0,0,0,0,0,,0
00-0011958,Lorenzo Neal,FB,1999,10,REG,1999_10_TEN_CIN,TEN,CIN,0,0,0,0,0,0,0,0,0,0,0,0,0,1,0,0,0,0,0,0,,0,0,0,0,0,0,0,0,0,0,0,,0
00-0012317,A.J. Ofodile,TE,1999,10,REG,1999_10_BAL_JAX,BAL,JAX,0,0,0,0,0,0,0,0,0,0,0,0,1,1,9,0,0,0,0,0,,0,0,0,0,0,0,0,0,0,0,0,,0
00-0012321,Jeff Ogden,WR,1999,10,REG,1999_10_GB_DAL,DAL,GB,0,0,0,0,0,0,0,0,0,0,0,0,0,1,0,0,0,0,0,0,,0,0,0,0,0,0,0,0,0,0,0,,0
00-0012478,Terrell Owens,WR,1999,10,REG,1999_10_SF_NO,SF,NO,0,0,0,0,0,0,0,0,0,0,0,0,5,9,56,0,2,0,0,0,,0,0,0,0,0,0,0,0,0,0,0,,0
00-0012603,Bernie Parmalee,RB,1999,10,REG,1999_10_NYJ_NE,NYJ,NE,0,0,0,0,0,0,0,1,0,0,0,0,0,0,0,0,0,0,0,0,,0,0,0,0,0,0,0,0,0,0,0,,0
00-0012637,Jerome Pathon,WR,1999,10,REG,1999_10_IND_NYG,IND,NYG,0,0,0,0,0,0,0,0,0,0,0,0,2,3,10,0,0,0,0,0,,0,0,0,0,0,0,0,0,0,0,0,,0
00-0012742,Doug Pelfrey,K,1999,10,REG,1999_10_TEN_CIN,CIN,TEN,0,0,0,0,0,0,0,0,0,0,0,0,0,0,0,0,0,0,0,1,,0,0,0,0,0,0,2,2,0,0,0,,0
00-0012764,Chris Penn,WR,1999,10,REG,1999_10_SD_OAK,LAC,LV,0,0,0,0,0,0,0,0,0,0,0,0,0,1,0,0,0,0,0,0,,0,0,0,0,0,0,0,0,0,0,0,,0
00-0012875,Todd Peterson,K,1999,10,REG,1999_10_DEN_SEA,SEA,DEN,0,0,0,0,0,0,0,0,0,0,0,0,0,0,0,0,0,0,2,2,43,0,0,1,1,0,0,2,2,0,0,0,,0
00-0012953,Carl Pickens,WR,1999,10,REG,1999_10_TEN_CIN,CIN,TEN,0,0,0,0,0,0,0,0,0,0,0,0,4,7,28,0,1,1,0,0,,0,0,0,0,0,0,0,0,0,0,0,,0
00-0012971,Aaron Pierce,TE,1999,10,REG,1999_10_BAL_JAX,BAL,JAX,0,0,0,0,0,0,0,0,0,0,0,0,1,2,7,0,0,1,0,0,,0,0,0,0,0,0,0,0,0,0,0,,0
00-0013013,Michael Pittman,RB,1999,10,REG,1999_10_DET_ARI,ARI,DET,0,0,0,0,0,0,0,23,133,1,3,1,2,3,44,0,1,0,0,0,,0,0,0,0,0,0,0,0,0,0,0,,0
00-0013028,Scott Player,P,1999,10,REG,1999_10_DET_ARI,ARI,DET,0,0,0,0,0,0,0,0,0,0,0,0,0,0,0,0,0,0,0,0,,0,0,0,0,0,0,0,0,5,225,197,50,1
00-0013080,Marcus Pollard,TE,1999,10,REG,1999_10_IND_NYG,IND,NYG,0,0,0,0,0,0,0,0,0,0,0,0,3,3,17,0,1,0,0,0,,0,0,0,0,0,0,0,0,0,0,0,,0
00-0013097,Keith Poole,WR,1999,10,REG,1999_10_SF_NO,NO,SF,0,0,0,0,0,0,0,0,0,0,0,0,2,3,74,0,2,0,0,0,,0,0,0,0,0,0,0,0,0,0,0,,0
00-0013108,Daniel Pope,P,1999,10,REG,1999_10_KC_TB,KC,TB,0,0,0,0,0,0,0,0,0,0,0,0,0,0,0,0,0,0,0,0,,0,0,0,0,0,0,0,0,9,337,324,52,2
00-0013232,Peerless Price,WR,1999,10,REG,1999_10_MIA_BUF,BUF,MIA,0,0,0,0,0,0,0,0,0,0,0,0,1,1,9,0,1,0,0,0,,0,0,0,0,0,0,0,0,0,0,0,,0
00-0013258,Mike Pritchard,WR,1999,10,REG,1999_10_DEN_SEA,SEA,DEN,0,0,0,0,0,0,0,0,0,0,0,0,0,1,0,0,0,0,0,0,,0,0,0,0,0,0,0,0,0,0,0,,0
00-0013262,Stanley Pritchett,RB,1999,10,REG,1999_10_MIA_BUF,MIA,BUF,0,0,0,0,0,0,0,0,0,0,0,0,1,1,4,0,0,0,0,0,,0,0,0,0,0,0,0,0,0,0,0,,0
00-0013268,Ricky Proehl,WR,1999,10,REG,1999_10_CAR_STL,LA,CAR,0,0,0,0,0,0,0,0,0,0,0,0,2,3,18,0,1,0,0,0,,0,0,0,0,0,0,0,0,0,0,0,,0
00-0013499,Andre Reed,WR,1999,10,REG,1999_10_MIA_BUF,BUF,MIA,0,0,0,0,0,0,0,0,0,0,0,0,2,2,23,0,2,0,0,0,,0,0,0,0,0,0,0,0,0,0,0,,0
00-0013512,Jake Reed,WR,1999,10,REG,1999_10_MIN_CHI,MIN,CHI,0,0,0,0,0,0,0,0,0,0,0,0,0,1,0,0,0,0,0,0,,0,0,0,0,0,0,0,0,0,0,0,,0
00-0013622,Errict Rhett,RB,1999,10,REG,1999_10_BAL_JAX,BAL,JAX,0,0,0,0,0,0,0,19,50,0,2,0,2,3,20,0,1,0,0,0,,0,0,0,0,0,0,0,0,0,0,0,,0
00-0013639,Jerry Rice,WR,1999,10,REG,1999_10_SF_NO,SF,NO,0,0,0,0,0,0,0,0,0,0,0,0,4,5,31,0,2,0,0,0,,0,0,0,0,0,0,0,0,0,0,0,,0
00-0013682,Kyle Richardson,P,1999,10,REG,1999_10_BAL_JAX,BAL,JAX,0,0,0,0,0,0,0,0,0,0,0,0,0,0,0,0,0,0,0,0,,0,0,0,0,0,0,0,0,8,341,268,53,1
00-0013694,Tony Richardson,FB,1999,10,REG,1999_10_KC_TB,KC,TB,0,0,0,0,0,0,0,2,7,0,1,0,2,2,2,0,0,0,0,0,,0,0,0,0,0,0,0,0,0,0,0,,0
00-0013699,Wade Richey,K,1999,10,REG,1999_10_SF_NO,SF,NO,0,0,0,0,0,0,0,0,0,0,0,0,0,0,0,0,0,0,2,2,52,0,1,0,0,1,0,0,0,0,0,0,,0
00-0013712,Mikhael Ricks,TE,1999,10,REG,1999_10_SD_OAK,LAC,LV,0,0,0,0,0,0,0,0,0,0,0,0,2,4,12,0,0,0,0,0,,0,0,0,0,0,0,0,0,0,0,0,,0
00-0013728,Jay Riemersma,TE,1999,10,REG,1999_10_MIA_BUF,BUF,MIA,0,0,0,0,0,0,0,0,0,0,0,0,2,6,35,0,1,0,0,0,,0,0,0,0,0,0,0,0,0,0,0,,0
00-0013770,Andre Rison,WR,1999,10,REG,1999_10_KC_TB,KC,TB,0,0,0,0,0,0,0,0,0,0,0,0,0,1,0,0,0,0,0,0,,0,0,0,0,0,0,0,0,0,0,0,,0
00-0013773,Jon Ritchie,FB,1999,10,REG,1999_10_SD_OAK,LV,LAC,0,0,0,0,0,0,0,0,0,0,0,0,3,4,19,0,1,0,0,0,,0,0,0,0,0,0,0,0,0,0,0,,0
00-0013872,Jeff Robinson,LS,1999,10,REG,1999_10_CAR_STL,LA,CAR,0,0,0,0,0,0,0,0,0,0,0,0,1,1,30,0,1,0,0,0,,0,0,0,0,0,0,0,0,0,0,0,,0
00-0013888,Marcus Robinson,WR,1999,10,REG,1999_10_MIN_CHI,CHI,MIN,0,0,0,0,0,0,0,0,0,0,0,0,7,12,148,1,4,0,0,0,,0,0,0,0,0,0,0,0,0,0,0,,0
00-0014083,Tom Rouen,P,1999,10,REG,1999_10_DEN_SEA,DEN,SEA,0,0,0,0,0,0,0,0,0,0,0,0,0,0,0,0,0,0,0,0,,0,0,0,0,0,0,0,0,5,202,149,45,1
00-0014115,Mark Royals,P,1999,10,REG,1999_10_KC_TB,TB,KC,0,0,0,0,0,0,0,0,0,0,0,0,0,0,0,0,0,0,0,0,,0,0,0,0,0,0,0,0,6,263,221,53,2
00-0014211,Rod Rutledge,TE,1999,10,REG,1999_10_NYJ_NE,NE,NYJ,0,0,0,0,0,0,0,0,0,0,0,0,1,2,13,0,1,0,0,0,,0,0,0,0,0,0,0,0,0,0,0,,0
00-0014328,Frank Sanders,WR,1999,10,REG,1999_10_DET_ARI,ARI,DET,0,0,0,0,0,0,0,0,0,0,0,0,5,10,86,0,5,0,0,0,,0,0,0,0,0,0,0,0,0,0,0,,0
00-0014377,Todd Sauerbrun,P,1999,10,REG,1999_10_MIN_CHI,CHI,MIN,0,0,0,0,0,0,0,0,0,0,0,0,0,0,0,0,0,0,0,0,,0,0,0,0,0,0,0,0,6,201,201,42,3
00-0014450,Cory Schlesinger,FB,1999,10,REG,1999_10_DET_ARI,DET,ARI,0,0,0,0,0,0,0,0,0,0,0,0,3,3,9,0,1,0,0,0,,0,0,0,0,0,0,0,0,0,0,0,,0
00-0014489,Bill Schroeder,WR,1999,10,REG,1999_10_GB_DAL,GB,DAL,0,0,0,0,0,0,0,0,0,0,0,0,4,7,61,0,3,0,0,0,,0,0,0,0,0,0,0,0,0,0,0,,0
00-0014544,Darnay Scott,WR,1999,10,REG,1999_10_TEN_CIN,CIN,TEN,0,0,0,0,0,0,0,0,0,0,0,0,5,8,85,1,5,0,0,0,,0,0,0,0,0,0,0,0,0,0,0,,0
00-0014655,Mike Sellers,TE,1999,10,REG,1999_10_WAS_PHI,WAS,PHI,0,0,0,0,0,0,0,0,0,0,0,0,1,2,32,0,1,0,0,0,,0,0,0,0,0,0,0,0,0,0,0,,0
00-0014729,Bobby Shaw,WR,1999,10,REG,1999_10_CLE_PIT,PIT,CLE,0,0,0,0,0,0,0,0,0,0,0,0,0,2,0,0,0,0,0,0,,0,0,0,0,0,0,0,0,0,0,0,,0
00-0014759,Rashaan Shehee,RB,1999,10,REG,1999_10_KC_TB,KC,TB,0,0,0,0,0,0,0,10,54,0,1,0,3,3,8,0,0,0,0,0,,0,0,0,0,0,0,0,0,0,0,0,,0
00-0014775,Daimon Shelton,FB,1999,10,REG,1999_10_BAL_JAX,JAX,BAL,0,0,0,0,0,0,0,0,0,0,0,0,1,1,6,0,0,0,0,0,,0,0,0,0,0,0,0,0,0,0,0,,0
00-0014790,Leslie Shepherd,WR,1999,10,REG,1999_10_CLE_PIT,CLE,PIT,0,0,0,0,0,0,0,0,0,0,0,0,2,5,31,0,2,0,0,0,,0,0,0,0,0,0,0,0,0,0,0,,0
00-0014918,Tony Simmons,WR,1999,10,REG,1999_10_NYJ_NE,NE,NYJ,0,0,0,0,0,0,0,0,0,0,0,0,1,3,7,0,0,0,0,0,,0,0,0,0,0,0,0,0,0,0,0,,0
00-0015048,David Sloan,TE,1999,10,REG,1999_10_DET_ARI,DET,ARI,0,0,0,0,0,0,0,0,0,0,0,0,7,10,88,1,4,0,0,0,,0,0,0,0,0,0,0,0,0,0,0,,0
00-0015053,Scott Slutzker,TE,1999,10,REG,1999_10_SF_NO,NO,SF,0,0,0,0,0,0,0,0,0,0,0,0,1,1,11,0,1,0,0,0,,0,0,0,0,0,0,0,0,0,0,0,,0
00-0015063,Torrance Small,WR,1999,10,REG,1999_10_WAS_PHI,PHI,WAS,0,0,0,0,0,0,0,0,0,0,0,0,4,5,30,0,2,0,0,0,,0,0,0,0,0,0,0,0,0,0,0,,0
00-0015091,Antowain Smith,RB,1999,10,REG,1999_10_MIA_BUF,BUF,MIA,0,0,0,0,0,0,0,29,126,0,4,0,0,0,0,0,0,0,0,0,,0,0,0,0,0,0,0,0,0,0,0,,0
00-0015161,Ed Smith,TE,1999,10,REG,1999_10_WAS_PHI,PHI,WAS,0,0,0,0,0,0,0,0,0,0,0,0,0,1,0,0,0,0,0,0,,0,0,0,0,0,0,0,0,0,0,0,,0
00-0015194,Hunter Smith,P,1999,10,REG,1999_10_IND_NYG,IND,NYG,0,0,0,0,0,0,0,0,0,0,0,0,0,0,0,0,0,0,0,0,,0,0,0,0,0,0,0,0,5,190,123,44,0
00-0015195,Irv Smith,TE,1999,10,REG,1999_10_CLE_PIT,CLE,PIT,0,0,0,0,0,0,0,0,0,0,0,0,0,2,0,0,0,0,0,0,,0,0,0,0,0,0,0,0,0,0,0,,0
00-0015218,Jimmy Smith,WR,1999,10,REG,1999_10_BAL_JAX,JAX,BAL,0,0,0,0,0,0,0,0,0,0,0,0,7,9,52,0,3,0,0,0,,0,0,0,0,0,0,0,0,0,0,0,,0
00-0015242,Lamar Smith,RB,1999,10,REG,1999_10_SF_NO,NO,SF,0,0,0,0,0,0,0,3,8,0,1,0,1,1,6,0,0,0,0,0,,0,0,0,0,0,0,0,0,0,0,0,,0
00-0015286,Robert Smith,RB,1999,10,REG,1999_10_MIN_CHI,MIN,CHI,0,0,0,0,0,0,0,20,83,0,4,0,0,0,0,0,0,0,0,0,,0,0,0,0,0,0,0,0,0,0,0,,0
00-0015290,Rod Smith,WR,1999,10,REG,1999_10_DEN_SEA,DEN,SEA,0,0,0,0,0,0,0,0,0,0,0,0,7,9,63,0,3,0,0,0,,0,0,0,0,0,0,0,0,0,0,0,,0
00-0015507,Brian Stablein,WR,1999,10,REG,1999_10_DET_ARI,DET,ARI,0,0,0,0,0,0,0,0,0,0,0,0,0,2,0,0,0,0,0,0,,0,0,0,0,0,0,0,0,0,0,0,,0
00-0015523,Duce Staley,RB,1999,10,REG,1999_10_WAS_PHI,PHI,WAS,0,0,0,0,0,0,0,28,122,1,6,0,1,2,11,0,1,0,0,0,,0,0,0,0,0,0,0,0,0,0,0,,0
00-0015550,Chad Stanley,P,1999,10,REG,1999_10_SF_NO,SF,NO,0,0,0,0,0,0,0,0,0,0,0,0,0,0,0,0,0,0,0,0,,0,0,0,0,0,0,0,0,4,138,115,41,0
00-0015627,Steve Stenstrom,QB,1999,10,REG,1999_10_SF_NO,SF,NO,18,32,157,0,1,2,-17,1,8,0,0,0,0,0,0,0,0,0,0,0,,0,0,0,0,0,0,0,0,0,0,0,,0
00-0015655,Tremayne Stephens,RB,1999,10,REG,1999_10_SD_OAK,LAC,LV,0,0,0,0,0,0,0,1,9,0,0,0,2,3,14,0,0,0,0,0,,0,0,0,0,0,0,0,0,0,0,0,,0
00-0015698,James Stewart,RB,1999,10,REG,1999_10_BAL_JAX,JAX,BAL,0,0,0,0,0,0,0,18,25,0,0,0,2,3,6,0,0,0,0,0,,0,0,0,0,0,0,0,0,0,0,0,,0
00-0015700,Kordell Stewart,QB,1999,10,REG,1999_10_CLE_PIT,PIT,CLE,15,32,137,0,2,1,-7,6,52,0,1,0,0,0,0,0,0,0,0,0,,0,0,0,0,0,0,0,0,0,0,0,,0
00-0015751,J.J. Stokes,WR,1999,10,REG,1999_10_SF_NO,SF,NO,0,0,0,0,0,0,0,0,0,0,0,0,4,7,35,0,2,0,0,0,,0,0,0,0,0,0,0,0,0,0,0,,0
00-0015784,Matt Stover,K,1999,10,REG,1999_10_BAL_JAX,BAL,JAX,0,0,0,0,0,0,0,0,0,0,0,0,0,0,0,0,0,0,1,1,23,0,1,0,0,0,0,0,0,0,0,0,,0
00-0015791,Pete Stoyanovich,K,1999,10,REG,1999_10_KC_TB,KC,TB,0,0,0,0,0,0,0,0,0,0,0,0,0,0,0,0,0,0,1,2,20,0,1,0,0,0,0,1,1,0,0,0,,0
00-0016098,Fred Taylor,RB,1999,10,REG,1999_10_BAL_JAX,JAX,BAL,0,0,0,0,0,0,0,7,12,0,1,0,1,1,3,0,0,0,0,0,,0,0,0,0,0,0,0,0,0,0,0,,0
00-0016214,Yancey Thigpen,WR,1999,10,REG,1999_10_TEN_CIN,TEN,CIN,0,0,0,0,0,0,0,0,0,0,0,0,2,5,30,0,2,0,0,0,,0,0,0,0,0,0,0,0,0,0,0,,0
00-0016321,Rodney Thomas,RB,1999,10,REG,1999_10_TEN_CIN,TEN,CIN,0,0,0,0,0,0,0,2,12,0,1,0,0,0,0,0,0,0,0,0,,0,0,0,0,0,0,0,0,0,0,0,,0
00-0016347,Jeff Thomason,TE,1999,10,REG,1999_10_GB_DAL,GB,DAL,0,0,0,0,0,0,0,0,0,0,0,0,0,1,0,0,0,0,0,0,,0,0,0,0,0,0,0,0,0,0,0,,0
00-0016534,Billy Joe Tolliver,QB,1999,10,REG,1999_10_SF_NO,NO,SF,12,15,242,1,0,2,-20,6,36,2,4,0,0,0,0,0,0,0,0,0,,0,0,0,0,0,0,0,0,0,0,0,,0
00-0016550,Amani Toomer,WR,1999,10,REG,1999_10_IND_NYG,NYG,IND,0,0,0,0,0,0,0,0,0,0,0,0,5,16,71,1,3,0,0,0,,0,0,0,0,0,0,0,0,0,0,0,,0
00-0016654,Jason Tucker,WR,1999,10,REG,1999_10_GB_DAL,DAL,GB,0,0,0,0,0,0,0,0,0,0,0,0,1,1,11,0,1,0,0,0,,0,0,0,0,0,0,0,0,0,0,0,,0
00-0016683,Tom Tupa,P,1999,10,REG,1999_10_NYJ_NE,NYJ,NE,0,0,0,0,0,0,0,0,0,0,0,0,0,0,0,0,0,0,0,0,,0,0,0,0,0,0,0,0,7,319,262,56,1
00-0016689,Matt Turk,P,1999,10,REG,1999_10_WAS_PHI,WAS,PHI,0,0,0,0,0,0,0,0,0,0,0,0,0,0,0,0,0,0,0,0,,0,0,0,0,0,0,0,0,2,93,93,51,0
00-0016723,Kevin Turner,FB,1999,10,REG,1999_10_WAS_PHI,PHI,WAS,0,0,0,0,0,0,0,0,0,0,0,0,1,3,6,0,1,0,0,0,,0,0,0,0,0,0,0,0,0,0,0,,0
00-0016811,Iheanyi Uwaezuoke,WR,1999,10,REG,1999_10_DET_ARI,DET,ARI,0,0,0,0,0,0,0,0,0,0,0,0,1,1,5,0,0,0,0,0,,0,0,0,0,0,0,0,0,0,0,0,,0
00-0016821,Alex Van Dyke,WR,1999,10,REG,1999_10_WAS_PHI,PHI,WAS,0,0,0,0,0,0,0,0,0,0,0,0,0,2,0,0,0,0,0,0,,0,0,0,0,0,0,0,0,0,0,0,,0
00-0016830,Mike Vanderjagt,K,1999,10,REG,1999_10_IND_NYG,IND,NYG,0,0,0,0,0,0,0,0,0,0,0,0,0,0,0,0,0,0,2,2,40,0,0,1,1,0,0,3,3,0,0,0,,0
00-0016919,Adam Vinatieri,K,1999,10,REG,1999_10_NYJ_NE,NE,NYJ,0,0,0,0,0,0,0,0,0,0,0,0,0,0,0,0,0,0,1,1,22,0,1,0,0,0,0,2,2,0,0,0,,0
00-0017027,Derrick Walker,TE,1999,10,REG,1999_10_SD_OAK,LV,LAC,0,0,0,0,0,0,0,0,0,0,0,0,0,1,0,0,0,0,0,0,,0,0,0,0,0,0,0,0,0,0,0,,0
00-0017109,Wesley Walls,TE,1999,10,REG,1999_10_CAR_STL,CAR,LA,0,0,0,0,0,0,0,0,0,0,0,0,5,6,54,1,4,1,0,0,,0,0,0,0,0,0,0,0,0,0,0,,0
00-0017127,Ken Walter,P,1999,10,REG,1999_10_CAR_STL,CAR,LA,0,0,0,0,0,0,0,0,0,0,0,0,0,0,0,0,0,0,0,0,,0,0,0,0,0,0,0,0,5,186,151,44,0
00-0017160,Dedric Ward,WR,1999,10,REG,1999_10_NYJ_NE,NYJ,NE,0,0,0,0,0,0,0,0,0,0,0,0,0,1,0,0,0,0,0,0,,0,0,0,0,0,0,0,0,0,0,0,,0
00-0017162,Hines Ward,WR,1999,10,REG,1999_10_CLE_PIT,PIT,CLE,0,0,0,0,0,0,0,0,0,0,0,0,4,9,39,0,3,0,0,0,,0,0,0,0,0,0,0,0,0,0,0,,0
00-0017200,Kurt Warner,QB,1999,10,REG,1999_10_CAR_STL,LA,CAR,19,29,284,2,1,0,0,1,2,0,0,0,0,0,0,0,0,0,0,0,,0,0,0,0,0,0,0,0,0,0,0,,0
00-0017209,Chris Warren,RB,1999,10,REG,1999_10_GB_DAL,DAL,GB,0,0,0,0,0,0,0,19,85,0,3,2,1,2,5,0,0,0,0,0,,0,0,0,0,0,0,0,0,0,0,0,,0
00-0017218,Lamont Warren,RB,1999,10,REG,1999_10_NYJ_NE,NE,NYJ,0,0,0,0,0,0,0,1,11,0,1,0,1,1,0,0,0,0,0,0,,0,0,0,0,0,0,0,0,0,0,0,,0
00-0017322,Ricky Watters,RB,1999,10,REG,1999_10_DEN_SEA,SEA,DEN,0,0,0,0,0,0,0,17,29,0,1,0,1,3,6,0,1,0,0,0,,0,0,0,0,0,0,0,0,0,0,0,,0
00-0017337,Charles Way,FB,1999,10,REG,1999_10_IND_NYG,NYG,IND,0,0,0,0,0,0,0,5,23,0,2,0,0,0,0,0,0,0,0,0,,0,0,0,0,0,0,0,0,0,0,0,,0
00-0017356,Jed Weaver,TE,1999,10,REG,1999_10_WAS_PHI,PHI,WAS,0,0,0,0,0,0,0,0,0,0,0,0,1,2,11,0,1,0,0,0,,0,0,0,0,0,0,0,0,0,0,0,,0
00-0017470,Michael Westbrook,WR,1999,10,REG,1999_10_WAS_PHI,WAS,PHI,0,0,0,0,0,0,0,1,9,0,0,0,4,8,152,1,3,0,0,0,,0,0,0,0,0,0,0,0,0,0,0,,0
00-0017480,Ryan Wetnight,TE,1999,10,REG,1999_10_MIN_CHI,CHI,MIN,0,0,0,0,0,0,0,0,0,0,0,0,4,5,27,0,2,0,0,0,,0,0,0,0,0,0,0,0,0,0,0,,0
00-0017486,Tyrone Wheatley,RB,1999,10,REG,1999_10_SD_OAK,LV,LAC,0,0,0,0,0,0,0,22,59,0,2,0,2,2,33,2,2,0,0,0,,0,0,0,0,0,0,0,0,0,0,0,,0
00-0017693,Jeff Wilkins,K,1999,10,REG,1999_10_CAR_STL,LA,CAR,0,0,0,0,0,0,0,0,0,0,0,0,0,0,0,0,0,0,0,0,,0,0,0,0,0,0,5,5,0,0,0,,0
00-0017697,Terrence Wilkins,WR,1999,10,REG,1999_10_IND_NYG,IND,NYG,0,0,0,0,0,0,0,0,0,0,0,0,1,5,3,0,0,0,0,0,,0,0,0,0,0,0,0,0,0,0,0,,0
00-0017860,Kevin R. Williams,WR,1999,10,REG,1999_10_MIA_BUF,BUF,MIA,0,0,0,0,0,0,0,0,0,0,0,0,2,3,15,0,1,0,0,0,,0,0,0,0,0,0,0,0,0,0,0,,0
00-0017915,Ricky Williams,RB,1999,10,REG,1999_10_SF_NO,NO,SF,0,0,0,0,0,0,0,30,99,0,2,0,3,3,57,0,3,0,0,0,,0,0,0,0,0,0,0,0,0,0,0,,0
00-0017924,Roland Williams,TE,1999,10,REG,1999_10_CAR_STL,LA,CAR,0,0,0,0,0,0,0,0,0,0,0,0,3,5,38,1,2,0,0,0,,0,0,0,0,0,0,0,0,0,0,0,,0
00-0018141,Jon Witman,FB,1999,10,REG,1999_10_CLE_PIT,PIT,CLE,0,0,0,0,0,0,0,1,5,0,0,0,1,1,2,0,0,0,0,0,,0,0,0,0,0,0,0,0,0,0,0,,0
00-0018227,Charles Woodson,FS,1999,10,REG,1999_10_SD_OAK,LV,LAC,0,0,0,0,0,0,0,0,0,0,0,0,1,1,19,0,1,0,0,0,,0,0,0,0,0,0,0,0,0,0,0,,0
00-0018343,Frank Wycheck,TE,1999,10,REG,1999_10_TEN_CIN,TEN,CIN,0,0,0,0,0,0,0,0,0,0,0,0,2,2,1,0,0,0,0,0,,0,0,0,0,0,0,0,0,0,0,0,,0
00-0000003,Abdul-Karim al-Jabbar,RB,1999,11,REG,1999_11_CAR_CLE,CLE,CAR,0,0,0,0,0,0,0,7,11,0,0,0,2,3,2,0,1,0,0,0,,0,0,0,0,0,0,0,0,0,0,0,,0
00-0000098,Louie Aguiar,P,1999,11,REG,1999_11_DET_GB,GB,DET,0,0,0,0,0,0,0,0,0,0,0,0,0,0,0,0,0,0,0,0,,0,0,0,0,0,0,0,0,3,116,102,46,1
00-0000108,David Akers,K,1999,11,REG,1999_11_IND_PHI,PHI,IND,0,0,0,0,0,0,0,0,0,0,0,0,0,0,0,0,0,0,1,1,48,0,0,0,1,0,0,2,2,0,0,0,,0
00-0000145,Derrick Alexander,WR,1999,11,REG,1999_11_SEA_KC,KC,SEA,0,0,0,0,0,0,0,0,0,0,0,0,8,13,101,0,6,0,0,0,,0,0,0,0,0,0,0,0,0,0,0,,0
00-0000166,Stephen Alexander,TE,1999,11,REG,1999_11_NYG_WAS,WAS,NYG,0,0,0,0,0,0,0,0,0,0,0,0,0,3,0,0,0,0,0,0,,0,0,0,0,0,0,0,0,0,0,0,,0
00-0000210,James Allen,RB,1999,11,REG,1999_11_CHI_SD,CHI,LAC,0,0,0,0,0,0,0,5,21,0,0,0,0,0,0,0,0,0,0,0,,0,0,0,0,0,0,0,0,0,0,0,,0
00-0000232,Terry Allen,RB,1999,11,REG,1999_11_NE_MIA,NE,MIA,0,0,0,0,0,0,0,13,42,1,2,0,1,1,8,0,0,0,0,0,,0,0,0,0,0,0,0,0,0,0,0,,0
00-0000251,Mike Alstott,FB,1999,11,REG,1999_11_ATL_TB,TB,ATL,0,0,0,0,0,0,0,12,48,0,3,0,2,2,9,0,0,0,0,0,,0,0,0,0,0,0,0,0,0,0,0,,0
00-0000282,Morten Andersen,K,1999,11,REG,1999_11_ATL_TB,ATL,TB,0,0,0,0,0,0,0,0,0,0,0,0,0,0,0,0,0,0,1,1,28,0,1,0,0,0,0,1,1,0,0,0,,0
00-0000339,Richie Anderson,FB,1999,11,REG,1999_11_BUF_NYJ,NYJ,BUF,0,0,0,0,0,0,0,1,0,0,0,0,2,3,21,0,1,0,0,0,,0,0,0,0,0,0,0,0,0,0,0,,0
00-0000400,Leo Araguz,P,1999,11,REG,1999_11_OAK_DEN,LV,DEN,0,0,0,0,0,0,0,0,0,0,0,0,0,0,0,0,0,0,0,0,,0,0,0,0,0,0,0,0,6,182,176,43,0
00-0000722,Tony Banks,QB,1999,11,REG,1999_11_BAL_CIN,BAL,CIN,24,40,274,2,1,7,-49,2,17,0,2,0,0,0,0,0,0,0,0,0,,0,0,0,0,0,0,0,0,0,0,0,,0
00-0000745,Tiki Barber,RB,1999,11,REG,1999_11_NYG_WAS,NYG,WAS,0,0,0,0,0,0,0,10,44,0,2,0,4,5,46,0,2,0,0,0,,0,0,0,0,0,0,0,0,0,0,0,,0
00-0000754,Bryan Barker,P,1999,11,REG,1999_11_NO_JAX,JAX,NO,0,0,0,0,0,0,0,0,0,0,0,0,0,0,0,0,0,0,0,0,,0,0,0,0,0,0,0,0,2,52,48,40,1
00-0000765,Reggie Barlow,WR,1999,11,REG,1999_11_NO_JAX,JAX,NO,0,0,0,0,0,0,0,0,0,0,0,0,2,3,30,0,2,0,0,0,,0,0,0,0,0,0,0,0,0,0,0,,0
00-0000811,Tommy Barnhardt,P,1999,11,REG,1999_11_NO_JAX,NO,JAX,0,0,0,0,0,0,0,0,0,0,0,0,0,0,0,0,0,0,0,0,,0,0,0,0,0,0,0,0,4,172,89,49,1
00-0000856,Michael Basnight,RB,1999,11,REG,1999_11_BAL_CIN,CIN,BAL,0,0,0,0,0,0,0,1,0,0,0,0,1,1,19,0,0,0,0,0,,0,0,0,0,0,0,0,0,0,0,0,,0
00-0000871,Mario Bates,RB,1999,11,REG,1999_11_DAL_ARI,ARI,DAL,0,0,0,0,0,0,0,6,20,0,1,0,0,0,0,0,0,0,0,0,,0,0,0,0,0,0,0,0,0,0,0,,0
00-0000883,Marco Battaglia,TE,1999,11,REG,1999_11_BAL_CIN,CIN,BAL,0,0,0,0,0,0,0,0,0,0,0,0,0,1,0,0,0,0,0,0,,0,0,0,0,0,0,0,0,0,0,0,,0
00-0000942,Fred Beasley,FB,1999,11,REG,1999_11_STL_SF,SF,LA,0,0,0,0,0,0,0,4,16,1,2,0,3,4,25,0,1,0,0,0,,0,0,0,0,0,0,0,0,0,0,0,,0
00-0001102,Donnell Bennett,FB,1999,11,REG,1999_11_SEA_KC,KC,SEA,0,0,0,0,0,0,0,17,60,2,6,0,0,1,0,0,0,0,0,0,,0,0,0,0,0,0,0,0,0,0,0,,0
00-0001112,Sean Bennett,RB,1999,11,REG,1999_11_NYG_WAS,NYG,WAS,0,0,0,0,0,0,0,0,0,0,0,0,0,1,0,0,0,0,0,0,,0,0,0,0,0,0,0,0,0,0,0,,0
00-0001215,Jerome Bettis,RB,1999,11,REG,1999_11_PIT_TEN,PIT,TEN,0,0,0,0,0,0,0,14,88,0,4,0,0,0,0,0,0,0,0,0,,0,0,0,0,0,0,0,0,0,0,0,,0
00-0001218,Steve Beuerlein,QB,1999,11,REG,1999_11_CAR_CLE,CAR,CLE,21,27,199,2,0,1,-3,1,4,0,0,0,0,0,0,0,0,0,0,0,,0,0,0,0,0,0,0,0,0,0,0,,0
00-0001224,Tim Biakabutuka,RB,1999,11,REG,1999_11_CAR_CLE,CAR,CLE,0,0,0,0,0,0,0,17,93,0,5,0,3,3,42,0,2,0,0,0,,0,0,0,0,0,0,0,0,0,0,0,,0
00-0001233,Eric Bieniemy,RB,1999,11,REG,1999_11_IND_PHI,PHI,IND,0,0,0,0,0,0,0,1,3,0,1,0,1,1,1,0,0,0,0,0,,0,0,0,0,0,0,0,0,0,0,0,,0
00-0001281,Eric Bjornson,TE,1999,11,REG,1999_11_DAL_ARI,DAL,ARI,0,0,0,0,0,0,0,0,0,0,0,0,1,1,7,0,0,0,0,0,,0,0,0,0,0,0,0,0,0,0,0,,0
00-0001317,Will Blackwell,WR,1999,11,REG,1999_11_PIT_TEN,PIT,TEN,0,0,0,0,0,0,0,0,0,0,0,0,4,5,41,0,1,0,0,0,,0,0,0,0,0,0,0,0,0,0,0,,0
00-0001335,Jeff Blake,QB,1999,11,REG,1999_11_BAL_CIN,CIN,BAL,20,39,246,3,2,0,0,5,27,0,1,0,0,0,0,0,0,0,0,0,,0,0,0,0,0,0,0,0,0,0,0,,0
00-0001343,Cary Blanchard,K,1999,11,REG,1999_11_NYG_WAS,NYG,WAS,0,0,0,0,0,0,0,0,0,0,0,0,0,0,0,0,0,0,2,2,45,0,0,0,2,0,0,1,1,0,0,0,,0
00-0001361,Drew Bledsoe,QB,1999,11,REG,1999_11_NE_MIA,NE,MIA,15,34,201,1,5,4,-26,1,-1,0,0,0,0,0,0,0,0,0,0,0,,0,0,0,0,0,0,0,0,0,0,0,,0
00-0001460,Chris Boniol,K,1999,11,REG,1999_11_CHI_SD,CHI,LAC,0,0,0,0,0,0,0,0,0,0,0,0,0,0,0,0,0,0,3,4,36,0,2,1,0,0,0,2,2,0,0,0,,0
00-0001477,Marty Booker,WR,1999,11,REG,1999_11_CHI_SD,CHI,LAC,0,0,0,0,0,0,0,1,8,0,0,0,1,2,3,0,0,0,0,0,,0,0,0,0,0,0,0,0,0,0,0,,0
00-0001532,David Boston,WR,1999,11,REG,1999_11_DAL_ARI,ARI,DAL,0,0,0,0,0,0,0,1,7,0,0,0,3,7,47,0,1,0,0,0,,0,0,0,0,0,0,0,0,0,0,0,,0
00-0001627,Corey Bradford,WR,1999,11,REG,1999_11_DET_GB,GB,DET,0,0,0,0,0,0,0,0,0,0,0,0,6,8,94,1,5,0,0,0,,0,0,0,0,0,0,0,0,0,0,0,,0
00-0001661,Kyle Brady,TE,1999,11,REG,1999_11_NO_JAX,JAX,NO,0,0,0,0,0,0,0,0,0,0,0,0,1,2,30,0,1,0,0,0,,0,0,0,0,0,0,0,0,0,0,0,,0
00-0001752,Will Brice,P,1999,11,REG,1999_11_BAL_CIN,CIN,BAL,0,0,0,0,0,0,0,0,0,0,0,0,0,0,0,0,0,0,0,0,,0,0,0,0,0,0,0,0,5,249,220,55,1
00-0001759,Doug Brien,K,1999,11,REG,1999_11_NO_JAX,NO,JAX,0,0,0,0,0,0,0,0,0,0,0,0,0,0,0,0,0,0,1,2,52,0,0,0,0,1,0,2,2,0,0,0,,0
00-0001766,Jeremy Brigham,TE,1999,11,REG,1999_11_OAK_DEN,LV,DEN,0,0,0,0,0,0,0,0,0,0,0,0,1,1,29,0,1,0,0,0,,0,0,0,0,0,0,0,0,0,0,0,,0
00-0001783,Vincent Brisby,WR,1999,11,REG,1999_11_NE_MIA,NE,MIA,0,0,0,0,0,0,0,0,0,0,0,0,1,4,7,0,0,0,0,0,,0,0,0,0,0,0,0,0,0,0,0,,0
00-0001862,Luther Broughton,TE,1999,11,REG,1999_11_IND_PHI,PHI,IND,0,0,0,0,0,0,0,0,0,0,0,0,4,5,65,0,3,0,0,0,,0,0,0,0,0,0,0,0,0,0,0,,0
00-0001907,Dave Brown,QB,1999,11,REG,1999_11_DAL_ARI,ARI,DAL,13,29,115,1,2,2,-10,4,17,0,2,0,0,0,0,0,0,0,0,0,,0,0,0,0,0,0,0,0,0,0,0,,0
00-0001980,Kris Brown,K,1999,11,REG,1999_11_PIT_TEN,PIT,TEN,0,0,0,0,0,0,0,0,0,0,0,0,0,0,0,0,0,0,1,2,24,0,1,0,0,0,0,1,1,0,0,0,,0
00-0002005,Na Brown,WR,1999,11,REG,1999_11_IND_PHI,PHI,IND,0,0,0,0,0,0,0,0,0,0,0,0,2,4,9,0,1,0,0,0,,0,0,0,0,0,0,0,0,0,0,0,,0
00-0002027,Reggie Brown,FB,1999,11,REG,1999_11_SEA_KC,SEA,KC,0,0,0,0,0,0,0,0,0,0,0,0,1,1,4,0,0,0,0,0,,0,0,0,0,0,0,0,0,0,0,0,,0
00-0002058,Tim Brown,WR,1999,11,REG,1999_11_OAK_DEN,LV,DEN,0,0,0,0,0,0,0,0,0,0,0,0,3,5,46,0,3,0,0,0,,0,0,0,0,0,0,0,0,0,0,0,,0
00-0002068,Troy Brown,WR,1999,11,REG,1999_11_NE_MIA,NE,MIA,0,0,0,0,0,0,0,0,0,0,0,0,3,4,26,0,2,0,0,0,,0,0,0,0,0,0,0,0,0,0,0,,0
00-0002099,Isaac Bruce,WR,1999,11,REG,1999_11_STL_SF,LA,SF,0,0,0,0,0,0,0,1,4,0,0,0,11,12,93,1,6,0,0,0,,0,0,0,0,0,0,0,0,0,0,0,,0
00-0002102,Mark Bruener,TE,1999,11,REG,1999_11_PIT_TEN,PIT,TEN,0,0,0,0,0,0,0,0,0,0,0,0,0,2,0,0,0,0,0,0,,0,0,0,0,0,0,0,0,0,0,0,,0
00-0002110,Mark Brunell,QB,1999,11,REG,1999_11_NO_JAX,JAX,NO,19,30,351,2,1,3,-17,3,27,0,2,0,0,0,0,0,0,0,0,0,,0,0,0,0,0,0,0,0,0,0,0,,0
00-0002459,Kenny Bynum,RB,1999,11,REG,1999_11_CHI_SD,LAC,CHI,0,0,0,0,0,0,0,1,5,0,0,0,0,0,0,0,0,0,0,0,,0,0,0,0,0,0,0,0,0,0,0,,0
00-0002469,Isaac Byrd,WR,1999,11,REG,1999_11_PIT_TEN,TEN,PIT,0,0,0,0,0,0,0,0,0,0,0,0,0,3,0,0,0,0,0,0,,0,0,0,0,0,0,0,0,0,0,0,,0
00-0002586,Mark Campbell,TE,1999,11,REG,1999_11_CAR_CLE,CLE,CAR,0,0,0,0,0,0,0,0,0,0,0,0,1,1,21,0,1,0,0,0,,0,0,0,0,0,0,0,0,0,0,0,,0
00-0002655,John Carney,K,1999,11,REG,1999_11_CHI_SD,LAC,CHI,0,0,0,0,0,0,0,0,0,0,0,0,0,0,0,0,0,0,2,3,28,0,2,0,0,0,0,2,2,6,265,221,55,0
00-0002713,Tony Carter,RB,1999,11,REG,1999_11_NE_MIA,NE,MIA,0,0,0,0,0,0,0,0,0,0,0,0,1,1,2,0,0,0,0,0,,0,0,0,0,0,0,0,0,0,0,0,,0
00-0002846,Larry Centers,FB,1999,11,REG,1999_11_NYG_WAS,WAS,NYG,0,0,0,0,0,0,0,0,0,0,0,0,6,7,69,0,4,0,0,0,,0,0,0,0,0,0,0,0,0,0,0,,0
00-0002861,Byron Chamberlain,TE,1999,11,REG,1999_11_OAK_DEN,DEN,LV,0,0,0,0,0,0,0,0,0,0,0,0,1,3,11,0,0,0,0,0,,0,0,0,0,0,0,0,0,0,0,0,,0
00-0002876,Chris Chandler,QB,1999,11,REG,1999_11_ATL_TB,ATL,TB,14,25,109,0,2,2,-17,2,3,0,1,0,0,0,0,0,0,0,0,0,,0,0,0,0,0,0,0,0,0,0,0,,0
00-0002942,Darrin Chiaverini,WR,1999,11,REG,1999_11_CAR_CLE,CLE,CAR,0,0,0,0,0,0,0,0,0,0,0,0,8,10,72,1,4,0,0,0,,0,0,0,0,0,0,0,0,0,0,0,,0
00-0002962,Wayne Chrebet,WR,1999,11,REG,1999_11_BUF_NYJ,NYJ,BUF,0,0,0,0,0,0,0,0,0,0,0,0,3,5,37,0,1,0,0,0,,0,0,0,0,0,0,0,0,0,0,0,,0
00-0002970,Bob Christian,FB,1999,11,REG,1999_11_ATL_TB,ATL,TB,0,0,0,0,0,0,0,3,14,0,2,0,3,4,36,0,1,0,0,0,,0,0,0,0,0,0,0,0,0,0,0,,0
00-0002975,Steve Christie,K,1999,11,REG,1999_11_BUF_NYJ,BUF,NYJ,0,0,0,0,0,0,0,0,0,0,0,0,0,0,0,0,0,0,0,2,,0,0,0,0,0,0,1,1,0,0,0,,0
00-0003039,Greg Clark,TE,1999,11,REG,1999_11_STL_SF,SF,LA,0,0,0,0,0,0,0,0,0,0,0,0,2,3,22,0,2,0,0,0,,0,0,0,0,0,0,0,0,0,0,0,,0
00-0003136,Mike Cloud,RB,1999,11,REG,1999_11_SEA_KC,KC,SEA,0,0,0,0,0,0,0,1,3,0,0,0,0,0,0,0,0,0,0,0,,0,0,0,0,0,0,0,0,0,0,0,,0
00-0003142,Ben Coates,TE,1999,11,REG,1999_11_NE_MIA,NE,MIA,0,0,0,0,0,0,0,0,0,0,0,0,2,6,27,0,2,0,0,0,,0,0,0,0,0,0,0,0,0,0,0,,0
00-0003266,Bobby Collins,TE,1999,11,REG,1999_11_BUF_NYJ,BUF,NYJ,0,0,0,0,0,0,0,0,0,0,0,0,1,3,12,0,1,0,0,0,,0,0,0,0,0,0,0,0,0,0,0,,0
00-0003292,Kerry Collins,QB,1999,11,REG,1999_11_NYG_WAS,NYG,WAS,13,21,221,0,1,1,-9,4,-3,0,1,1,0,0,0,0,0,0,0,0,,0,0,0,0,0,0,0,0,0,0,0,,0
00-0003378,Albert Connell,WR,1999,11,REG,1999_11_NYG_WAS,WAS,NYG,0,0,0,0,0,0,0,0,0,0,0,0,1,4,16,0,1,0,0,0,,0,0,0,0,0,0,0,0,0,0,0,,0
00-0003395,Brett Conway,K,1999,11,REG,1999_11_NYG_WAS,WAS,NYG,0,0,0,0,0,0,0,0,0,0,0,0,0,0,0,0,0,0,3,6,37,0,2,1,0,0,0,2,2,0,0,0,,0
00-0003396,Curtis Conway,WR,1999,11,REG,1999_11_CHI_SD,CHI,LAC,0,0,0,0,0,0,0,0,0,0,0,0,4,8,24,0,1,0,0,0,,0,0,0,0,0,0,0,0,0,0,0,,0
00-0003535,Tim Couch,QB,1999,11,REG,1999_11_CAR_CLE,CLE,CAR,29,45,259,1,2,1,-2,6,16,0,2,0,0,0,0,0,0,0,0,0,,0,0,0,0,0,0,0,0,0,0,0,,0
00-0003610,Aaron Craver,FB,1999,11,REG,1999_11_NO_JAX,NO,JAX,0,0,0,0,0,0,0,2,6,0,1,0,0,0,0,0,0,0,0,0,,0,0,0,0,0,0,0,0,0,0,0,,0
00-0003681,Howard Cross,TE,1999,11,REG,1999_11_NYG_WAS,NYG,WAS,0,0,0,0,0,0,0,0,0,0,0,0,0,1,0,0,0,0,0,0,,0,0,0,0,0,0,0,0,0,0,0,,0
00-0003700,Germane Crowell,WR,1999,11,REG,1999_11_DET_GB,DET,GB,0,0,0,0,0,0,0,1,4,0,0,0,8,14,112,1,5,0,0,0,,0,0,0,0,0,0,0,0,0,0,0,,0
00-0003762,Richie Cunningham,K,1999,11,REG,1999_11_DAL_ARI,DAL,ARI,0,0,0,0,0,0,0,0,0,0,0,0,0,0,0,0,0,0,0,1,,0,0,0,0,0,0,1,1,0,0,0,,0
00-0003944,Billy Davis,WR,1999,11,REG,1999_11_BAL_CIN,BAL,CIN,0,0,0,0,0,0,0,0,0,0,0,0,2,2,86,0,2,0,0,0,,0,0,0,0,0,0,0,0,0,0,0,,0
00-0004004,John Davis,TE,1999,11,REG,1999_11_ATL_TB,TB,ATL,0,0,0,0,0,0,0,0,0,0,0,0,1,1,6,0,0,0,0,0,,0,0,0,0,0,0,0,0,0,0,0,,0
00-0004052,Stephen Davis,RB,1999,11,REG,1999_11_NYG_WAS,WAS,NYG,0,0,0,0,0,0,0,33,183,1,9,0,3,3,5,0,0,0,0,0,,0,0,0,0,0,0,0,0,0,0,0,,0
00-0004060,Troy Davis,RB,1999,11,REG,1999_11_NO_JAX,NO,JAX,0,0,0,0,0,0,0,1,0,0,0,0,0,0,0,0,0,0,0,0,,0,0,0,0,0,0,0,0,0,0,0,,0
00-0004063,Tyrone Davis,TE,1999,11,REG,1999_11_DET_GB,GB,DET,0,0,0,0,0,0,0,0,0,0,0,0,1,3,7,0,0,0,0,0,,0,0,0,0,0,0,0,0,0,0,0,,0
00-0004077,Sean Dawkins,WR,1999,11,REG,1999_11_SEA_KC,SEA,KC,0,0,0,0,0,0,0,0,0,0,0,0,5,9,114,1,5,0,0,0,,0,0,0,0,0,0,0,0,0,0,0,,0
00-0004079,Lawrence Dawsey,WR,1999,11,REG,1999_11_NO_JAX,NO,JAX,0,0,0,0,0,0,0,0,0,0,0,0,1,3,13,0,1,0,0,0,,0,0,0,0,0,0,0,0,0,0,0,,0
00-0004091,Phil Dawson,K,1999,11,REG,1999_11_CAR_CLE,CLE,CAR,0,0,0,0,0,0,0,0,0,0,0,0,0,0,0,0,0,0,1,2,23,0,1,0,0,0,0,2,2,0,0,0,,0
00-0004147,Al Del Greco,K,1999,11,REG,1999_11_PIT_TEN,TEN,PIT,0,0,0,0,0,0,0,0,0,0,0,0,0,0,0,0,0,0,0,0,,0,0,0,0,0,0,2,2,0,0,0,,0
00-0004172,Greg DeLong,TE,1999,11,REG,1999_11_BAL_CIN,BAL,CIN,0,0,0,0,0,0,0,0,0,0,0,0,4,4,23,1,2,0,0,0,,0,0,0,0,0,0,0,0,0,0,0,,0
00-0004293,Trent Dilfer,QB,1999,11,REG,1999_11_ATL_TB,TB,ATL,15,31,142,0,1,3,-22,3,29,0,3,0,0,0,0,0,0,0,0,0,,0,0,0,0,0,0,0,0,0,0,0,,0
00-0004304,Corey Dillon,RB,1999,11,REG,1999_11_BAL_CIN,CIN,BAL,0,0,0,0,0,0,0,15,74,0,5,0,1,3,15,0,1,0,0,0,,0,0,0,0,0,0,0,0,0,0,0,,0
00-0004463,Dameane Douglas,WR,1999,11,REG,1999_11_IND_PHI,PHI,IND,0,0,0,0,0,0,0,0,0,0,0,0,0,1,0,0,0,0,0,0,,0,0,0,0,0,0,0,0,0,0,0,,0
00-0004524,Troy Drayton,TE,1999,11,REG,1999_11_NE_MIA,MIA,NE,0,0,0,0,0,0,0,0,0,0,0,0,4,7,25,0,1,0,0,0,,0,0,0,0,0,0,0,0,0,0,0,,0
00-0004541,Donald Driver,WR,1999,11,REG,1999_11_DET_GB,GB,DET,0,0,0,0,0,0,0,0,0,0,0,0,0,1,0,0,0,0,0,0,,0,0,0,0,0,0,0,0,0,0,0,,0
00-0004574,Rickey Dudley,TE,1999,11,REG,1999_11_OAK_DEN,LV,DEN,0,0,0,0,0,0,0,0,0,0,0,0,4,4,72,1,4,0,0,0,,0,0,0,0,0,0,0,0,0,0,0,,0
00-0004640,Warrick Dunn,RB,1999,11,REG,1999_11_ATL_TB,TB,ATL,0,0,0,0,0,0,0,11,44,0,2,0,2,5,8,0,1,0,0,0,,0,0,0,0,0,0,0,0,0,0,0,,0
00-0004673,Tim Dwight,WR,1999,11,REG,1999_11_ATL_TB,ATL,TB,0,0,0,0,0,0,0,1,8,1,1,0,4,6,20,0,1,0,0,0,,0,0,0,0,0,0,0,0,0,0,0,,0
00-0004694,Kevin Dyson,WR,1999,11,REG,1999_11_PIT_TEN,TEN,PIT,0,0,0,0,0,0,0,0,0,0,0,0,2,2,27,0,1,0,0,0,,0,0,0,0,0,0,0,0,0,0,0,,0
00-0004768,Marc Edwards,FB,1999,11,REG,1999_11_CAR_CLE,CLE,CAR,0,0,0,0,0,0,0,0,0,0,0,0,2,2,4,0,0,0,0,0,,0,0,0,0,0,0,0,0,0,0,0,,0
00-0004780,Troy Edwards,WR,1999,11,REG,1999_11_PIT_TEN,PIT,TEN,0,0,0,0,0,0,0,0,0,0,0,0,2,6,24,1,2,0,0,0,,0,0,0,0,0,0,0,0,0,0,0,,0
00-0004811,Jason Elam,K,1999,11,REG,1999_11_OAK_DEN,DEN,LV,0,0,0,0,0,0,0,0,0,0,0,0,0,0,0,0,0,0,4,4,53,0,1,2,0,1,0,1,1,0,0,0,,0
00-0004824,Keith Elias,RB,1999,11,REG,1999_11_IND_PHI,IND,PHI,0,0,0,0,0,0,0,12,34,0,1,0,2,2,8,0,0,0,0,0,,0,0,0,0,0,0,0,0,0,0,0,,0
00-0004888,Bert Emanuel,WR,1999,11,REG,1999_11_ATL_TB,TB,ATL,0,0,0,0,0,0,0,0,0,0,0,0,3,5,30,0,1,0,0,0,,0,0,0,0,0,0,0,0,0,0,0,,0
00-0004915,Bobby Engram,WR,1999,11,REG,1999_11_CHI_SD,CHI,LAC,0,0,0,0,0,0,0,0,0,0,0,0,8,11,121,0,5,0,0,0,,0,0,0,0,0,0,0,0,0,0,0,,0
00-0004916,Curtis Enis,RB,1999,11,REG,1999_11_CHI_SD,CHI,LAC,0,0,0,0,0,0,0,19,41,1,3,0,3,3,27,0,1,1,0,0,,0,0,0,0,0,0,0,0,0,0,0,,0
00-0004972,Chuck Evans,RB,1999,11,REG,1999_11_BAL_CIN,BAL,CIN,0,0,0,0,0,0,0,0,0,0,0,0,3,4,32,0,1,0,0,0,,0,0,0,0,0,0,0,0,0,0,0,,0
00-0005091,Kevin Faulk,RB,1999,11,REG,1999_11_NE_MIA,NE,MIA,0,0,0,0,0,0,0,5,61,0,2,0,2,3,6,0,0,0,0,0,,0,0,0,0,0,0,0,0,0,0,0,,0
00-0005092,Marshall Faulk,RB,1999,11,REG,1999_11_STL_SF,LA,SF,0,0,0,0,0,0,0,21,126,0,6,0,4,9,43,0,3,0,0,0,,0,0,0,0,0,0,0,0,0,0,0,,0
00-0005101,Christian Fauria,TE,1999,11,REG,1999_11_SEA_KC,SEA,KC,0,0,0,0,0,0,0,0,0,0,0,0,2,2,20,0,1,0,0,0,,0,0,0,0,0,0,0,0,0,0,0,,0
00-0005106,Brett Favre,QB,1999,11,REG,1999_11_DET_GB,GB,DET,26,40,309,1,0,1,-2,1,-1,0,0,0,0,0,0,0,0,0,0,0,,0,0,0,0,0,0,0,0,0,0,0,,0
00-0005110,Jermaine Fazande,RB,1999,11,REG,1999_11_CHI_SD,LAC,CHI,0,0,0,0,0,0,0,18,50,0,3,0,0,0,0,0,0,0,0,0,,0,0,0,0,0,0,0,0,0,0,0,,0
00-0005113,Jeff Feagles,P,1999,11,REG,1999_11_SEA_KC,SEA,KC,0,0,0,0,0,0,0,0,0,0,0,0,0,0,0,0,0,0,0,0,,0,0,0,0,0,0,0,0,5,225,185,59,3
00-0005180,Jay Fiedler,QB,1999,11,REG,1999_11_NO_JAX,JAX,NO,2,2,21,0,0,0,0,2,-2,0,0,0,0,0,0,0,0,0,0,0,,0,0,0,0,0,0,0,0,0,0,0,,0
00-0005324,Terrell Fletcher,RB,1999,11,REG,1999_11_CHI_SD,LAC,CHI,0,0,0,0,0,0,0,1,2,0,0,0,1,1,2,0,0,0,0,0,,0,0,0,0,0,0,0,0,0,0,0,,0
00-0005361,William Floyd,FB,1999,11,REG,1999_11_CAR_CLE,CAR,CLE,0,0,0,0,0,0,0,6,8,2,3,0,2,4,10,0,0,0,0,0,,0,0,0,0,0,0,0,0,0,0,0,,0
00-0005363,Doug Flutie,QB,1999,11,REG,1999_11_BUF_NYJ,BUF,NYJ,22,40,220,1,2,2,-15,3,34,0,2,0,0,0,0,0,0,0,0,0,,0,0,0,0,0,0,0,0,0,0,0,,0
00-0005562,Antonio Freeman,WR,1999,11,REG,1999_11_DET_GB,GB,DET,0,0,0,0,0,0,0,0,0,0,0,0,0,2,0,0,0,0,0,0,,0,0,0,0,0,0,0,0,0,0,0,,0
00-0005589,Gus Frerotte,QB,1999,11,REG,1999_11_DET_GB,DET,GB,20,39,225,1,2,0,0,1,7,0,0,0,0,0,0,0,0,0,0,0,,0,0,0,0,0,0,0,0,0,0,0,,0
00-0005616,Irving Fryar,WR,1999,11,REG,1999_11_NYG_WAS,WAS,NYG,0,0,0,0,0,0,0,0,0,0,0,0,3,3,10,0,0,0,0,0,,0,0,0,0,0,0,0,0,0,0,0,,0
00-0005668,Oronde Gadsden,WR,1999,11,REG,1999_11_NE_MIA,MIA,NE,0,0,0,0,0,0,0,0,0,0,0,0,4,6,36,2,4,0,0,0,,0,0,0,0,0,0,0,0,0,0,0,,0
00-0005720,Joey Galloway,WR,1999,11,REG,1999_11_SEA_KC,SEA,KC,0,0,0,0,0,0,0,0,0,0,0,0,1,4,18,0,1,0,0,0,,0,0,0,0,0,0,0,0,0,0,0,,0
00-0005741,Rich Gannon,QB,1999,11,REG,1999_11_OAK_DEN,LV,DEN,17,34,222,2,1,5,-17,2,4,0,0,0,0,0,0,0,0,0,0,0,,0,0,0,0,0,0,0,0,0,0,0,,0
00-0005755,Jeff Garcia,QB,1999,11,REG,1999_11_STL_SF,SF,LA,8,15,89,0,2,3,-22,4,13,0,2,0,0,0,0,0,0,0,0,0,,0,0,0,0,0,0,0,0,0,0,0,,0
00-0005771,Chris Gardocki,P,1999,11,REG,1999_11_CAR_CLE,CLE,CAR,0,0,0,0,0,0,0,0,0,0,0,0,0,0,0,0,0,0,0,0,,0,0,0,0,0,0,0,0,3,153,127,53,0
00-0005779,Charlie Garner,RB,1999,11,REG,1999_11_STL_SF,SF,LA,0,0,0,0,0,0,0,16,77,0,2,0,0,1,0,0,0,0,0,0,,0,0,0,0,0,0,0,0,0,0,0,,0
00-0005794,Jason Garrett,QB,1999,11,REG,1999_11_DAL_ARI,DAL,ARI,16,29,111,1,0,2,-9,2,3,0,1,0,0,0,0,0,0,0,0,0,,0,0,0,0,0,0,0,0,0,0,0,,0
00-0005816,Olandis Gary,RB,1999,11,REG,1999_11_OAK_DEN,DEN,LV,0,0,0,0,0,0,0,22,95,1,4,1,1,4,6,0,0,0,0,0,,0,0,0,0,0,0,0,0,0,0,0,,0
00-0005822,Sam Gash,FB,1999,11,REG,1999_11_BUF_NYJ,BUF,NYJ,0,0,0,0,0,0,0,0,0,0,0,0,0,2,0,0,0,0,0,0,,0,0,0,0,0,0,0,0,0,0,0,,0
00-0005883,Eddie George,RB,1999,11,REG,1999_11_PIT_TEN,TEN,PIT,0,0,0,0,0,0,0,21,83,0,4,0,1,1,9,0,1,0,0,0,,0,0,0,0,0,0,0,0,0,0,0,,0
00-0005903,Jammi German,WR,1999,11,REG,1999_11_ATL_TB,ATL,TB,0,0,0,0,0,0,0,0,0,0,0,0,1,2,10,0,1,0,0,0,,0,0,0,0,0,0,0,0,0,0,0,,0
00-0006043,Terry Glenn,WR,1999,11,REG,1999_11_NE_MIA,NE,MIA,0,0,0,0,0,0,0,0,0,0,0,0,3,7,39,0,3,0,0,0,,0,0,0,0,0,0,0,0,0,0,0,,0
00-0006101,Tony Gonzalez,TE,1999,11,REG,1999_11_SEA_KC,KC,SEA,0,0,0,0,0,0,0,0,0,0,0,0,8,9,62,0,3,0,0,0,,0,0,0,0,0,0,0,0,0,0,0,,0
00-0006181,Toby Gowin,P,1999,11,REG,1999_11_DAL_ARI,DAL,ARI,0,0,0,0,0,0,0,0,0,0,0,0,0,0,0,0,0,0,0,0,,0,0,0,0,0,0,0,0,6,278,223,54,1
00-0006210,Jeff Graham,WR,1999,11,REG,1999_11_CHI_SD,LAC,CHI,0,0,0,0,0,0,0,0,0,0,0,0,5,8,83,0,4,0,0,0,,0,0,0,0,0,0,0,0,0,0,0,,0
00-0006212,Kent Graham,QB,1999,11,REG,1999_11_NYG_WAS,NYG,WAS,3,10,36,0,2,3,-19,0,0,0,0,0,0,0,0,0,0,0,0,0,,0,0,0,0,0,0,0,0,0,0,0,,0
00-0006223,Martin Gramatica,K,1999,11,REG,1999_11_ATL_TB,TB,ATL,0,0,0,0,0,0,0,0,0,0,0,0,0,0,0,0,0,0,4,4,53,0,2,0,0,2,0,1,1,0,0,0,,0
00-0006300,Elvis Grbac,QB,1999,11,REG,1999_11_SEA_KC,KC,SEA,30,49,320,0,1,2,-25,0,0,0,0,0,0,0,0,0,0,0,0,0,,0,0,0,0,0,0,0,0,0,0,0,,0
00-0006305,Ahman Green,RB,1999,11,REG,1999_11_SEA_KC,SEA,KC,0,0,0,0,0,0,0,1,12,0,1,0,0,0,0,0,0,0,0,0,,0,0,0,0,0,0,0,0,0,0,0,,0
00-0006331,Jacquez Green,WR,1999,11,REG,1999_11_ATL_TB,TB,ATL,0,0,0,0,0,0,0,1,-2,0,0,0,5,12,75,0,1,0,0,0,,0,0,0,0,0,0,0,0,0,0,0,,0
00-0006423,Brian Griese,QB,1999,11,REG,1999_11_OAK_DEN,DEN,LV,6,14,60,0,0,1,-2,2,1,0,0,0,0,0,0,0,0,0,0,0,,0,0,0,0,0,0,0,0,0,0,0,,0
00-0006456,Howard Griffith,RB,1999,11,REG,1999_11_OAK_DEN,DEN,LV,0,0,0,0,0,0,0,2,4,1,2,0,0,1,0,0,0,0,0,0,,0,0,0,0,0,0,0,0,0,0,0,,0
00-0006482,Clif Groce,FB,1999,11,REG,1999_11_BAL_CIN,CIN,BAL,0,0,0,0,0,0,0,2,1,0,0,0,5,7,26,0,1,0,0,0,,0,0,0,0,0,0,0,0,0,0,0,,0
00-0006627,Az-Zahir Hakim,WR,1999,11,REG,1999_11_STL_SF,LA,SF,0,0,0,0,0,0,0,0,0,0,0,0,2,4,32,0,1,0,0,0,,0,0,0,0,0,0,0,0,0,0,0,,0
00-0006662,John Hall,K,1999,11,REG,1999_11_BUF_NYJ,NYJ,BUF,0,0,0,0,0,0,0,0,0,0,0,0,0,0,0,0,0,0,1,1,36,0,0,1,0,0,0,2,2,1,34,34,34,1
00-0006800,Jason Hanson,K,1999,11,REG,1999_11_DET_GB,DET,GB,0,0,0,0,0,0,0,0,0,0,0,0,0,0,0,0,0,0,1,1,46,0,0,0,1,0,0,2,2,0,0,0,,0
00-0006803,Byron Hanspard,RB,1999,11,REG,1999_11_ATL_TB,ATL,TB,0,0,0,0,0,0,0,4,3,0,0,0,0,0,0,0,0,0,0,0,,0,0,0,0,0,0,0,0,0,0,0,,0
00-0006808,Jim Harbaugh,QB,1999,11,REG,1999_11_CHI_SD,LAC,CHI,29,46,273,2,1,1,-9,2,5,0,1,0,0,0,0,0,0,0,0,0,,0,0,0,0,0,0,0,0,0,0,0,,0
00-0006848,Terry Hardy,TE,1999,11,REG,1999_11_DAL_ARI,ARI,DAL,0,0,0,0,0,0,0,0,0,0,0,0,1,1,9,0,0,0,0,0,,0,0,0,0,0,0,0,0,0,0,0,,0
00-0006949,Jackie Harris,TE,1999,11,REG,1999_11_PIT_TEN,TEN,PIT,0,0,0,0,0,0,0,0,0,0,0,0,3,3,16,0,1,0,0,0,,0,0,0,0,0,0,0,0,0,0,0,,0
00-0006977,Mark Harris,WR,1999,11,REG,1999_11_STL_SF,SF,LA,0,0,0,0,0,0,0,0,0,0,0,0,0,1,0,0,0,0,0,0,,0,0,0,0,0,0,0,0,0,0,0,,0
00-0007024,Marvin Harrison,WR,1999,11,REG,1999_11_IND_PHI,IND,PHI,0,0,0,0,0,0,0,0,0,0,0,0,5,7,60,1,5,0,0,0,,0,0,0,0,0,0,0,0,0,0,0,,0
00-0007093,Andre Hastings,WR,1999,11,REG,1999_11_NO_JAX,NO,JAX,0,0,0,0,0,0,0,0,0,0,0,0,5,5,58,0,3,0,0,0,,0,0,0,0,0,0,0,0,0,0,0,,0
00-0007120,Courtney Hawkins,WR,1999,11,REG,1999_11_PIT_TEN,PIT,TEN,0,0,0,0,0,0,0,0,0,0,0,0,2,3,12,0,1,0,0,0,,0,0,0,0,0,0,0,0,0,0,0,,0
00-0007144,Donald Hayes,WR,1999,11,REG,1999_11_CAR_CLE,CAR,CLE,0,0,0,0,0,0,0,0,0,0,0,0,0,1,0,0,0,0,0,0,,0,0,0,0,0,0,0,0,0,0,0,,0
00-0007254,William Henderson,FB,1999,11,REG,1999_11_DET_GB,GB,DET,0,0,0,0,0,0,0,1,1,0,0,0,4,6,28,0,2,0,0,0,,0,0,0,0,0,0,0,0,0,0,0,,0
00-0007308,Craig Hentrich,P,1999,11,REG,1999_11_PIT_TEN,TEN,PIT,0,0,0,0,0,0,0,0,0,0,0,0,0,0,0,0,0,0,0,0,,0,0,0,0,0,0,0,0,6,244,220,54,3
00-0007389,Skip Hicks,RB,1999,11,REG,1999_11_NYG_WAS,WAS,NYG,0,0,0,0,0,0,0,5,14,0,1,0,0,0,0,0,0,0,0,0,,0,0,0,0,0,0,0,0,0,0,0,,0
00-0007436,Greg Hill,RB,1999,11,REG,1999_11_DET_GB,DET,GB,0,0,0,0,0,0,0,10,32,0,1,0,0,0,0,0,0,0,0,0,,0,0,0,0,0,0,0,0,0,0,0,,0
00-0007468,Ike Hilliard,WR,1999,11,REG,1999_11_NYG_WAS,NYG,WAS,0,0,0,0,0,0,0,0,0,0,0,0,4,5,101,0,4,0,0,0,,0,0,0,0,0,0,0,0,0,0,0,,0
00-0007530,Billy Joe Hobert,QB,1999,11,REG,1999_11_NO_JAX,NO,JAX,8,13,92,0,1,0,0,2,16,0,1,0,0,0,0,0,0,0,0,0,,0,0,0,0,0,0,0,0,0,0,0,,0
00-0007579,Robert Holcombe,FB,1999,11,REG,1999_11_STL_SF,LA,SF,0,0,0,0,0,0,0,5,16,0,0,0,0,0,0,0,0,0,0,0,,0,0,0,0,0,0,0,0,0,0,0,,0
00-0007622,Mike Hollis,K,1999,11,REG,1999_11_NO_JAX,JAX,NO,0,0,0,0,0,0,0,0,0,0,0,0,0,0,0,0,0,0,2,2,45,0,0,1,1,0,0,5,5,0,0,0,,0
00-0007681,Torry Holt,WR,1999,11,REG,1999_11_STL_SF,LA,SF,0,0,0,0,0,0,0,1,6,0,1,0,3,8,25,0,2,0,0,0,,0,0,0,0,0,0,0,0,0,0,0,,0
00-0007737,Mike Horan,P,1999,11,REG,1999_11_STL_SF,LA,SF,0,0,0,0,0,0,0,0,0,0,0,0,0,0,0,0,0,0,0,0,,0,0,0,0,0,0,0,0,5,190,150,53,0
00-0007744,Joe Horn,WR,1999,11,REG,1999_11_SEA_KC,KC,SEA,0,0,0,0,0,0,0,0,0,0,0,0,2,3,10,0,1,0,0,0,,0,0,0,0,0,0,0,0,0,0,0,,0
00-0007835,Damon Huard,QB,1999,11,REG,1999_11_NE_MIA,MIA,NE,18,30,129,2,0,2,-19,3,13,0,1,1,0,0,0,0,0,0,0,0,,0,0,0,0,0,0,0,0,0,0,0,,0
00-0007969,Richard Huntley,RB,1999,11,REG,1999_11_PIT_TEN,PIT,TEN,0,0,0,0,0,0,0,3,4,0,0,0,2,3,28,0,1,0,0,0,,0,0,0,0,0,0,0,0,0,0,0,,0
00-0007983,Michael Husted,K,1999,11,REG,1999_11_OAK_DEN,LV,DEN,0,0,0,0,0,0,0,0,0,0,0,0,0,0,0,0,0,0,2,3,44,0,0,1,1,0,0,1,1,0,0,0,,0
00-0007993,Tom Hutton,P,1999,11,REG,1999_11_NE_MIA,MIA,NE,0,0,0,0,0,0,0,0,0,0,0,0,0,0,0,0,0,0,0,0,,0,0,0,0,0,0,0,0,7,301,285,55,4
00-0008046,Sedrick Irvin,RB,1999,11,REG,1999_11_DET_GB,DET,GB,0,0,0,0,0,0,0,8,62,1,3,0,3,3,19,0,2,0,0,0,,0,0,0,0,0,0,0,0,0,0,0,,0
00-0008059,Qadry Ismail,WR,1999,11,REG,1999_11_BAL_CIN,BAL,CIN,0,0,0,0,0,0,0,0,0,0,0,0,3,6,26,0,2,0,0,0,,0,0,0,0,0,0,0,0,0,0,0,,0
00-0008060,Raghib Ismail,WR,1999,11,REG,1999_11_DAL_ARI,DAL,ARI,0,0,0,0,0,0,0,1,16,0,1,0,5,8,43,0,1,0,0,0,,0,0,0,0,0,0,0,0,0,0,0,,0
00-0008080,Chris Jacke,K,1999,11,REG,1999_11_DAL_ARI,ARI,DAL,0,0,0,0,0,0,0,0,0,0,0,0,0,0,0,0,0,0,2,2,38,0,1,1,0,0,0,1,1,0,0,0,,0
00-0008156,Lenzie Jackson,WR,1999,11,REG,1999_11_NO_JAX,JAX,NO,0,0,0,0,0,0,0,0,0,0,0,0,0,1,0,0,0,0,0,0,,0,0,0,0,0,0,0,0,0,0,0,,0
00-0008210,Willie Jackson,WR,1999,11,REG,1999_11_BAL_CIN,CIN,BAL,0,0,0,0,0,0,0,0,0,0,0,0,4,5,47,0,3,0,0,0,,0,0,0,0,0,0,0,0,0,0,0,,0
00-0008241,Edgerrin James,RB,1999,11,REG,1999_11_IND_PHI,IND,PHI,0,0,0,0,0,0,0,22,152,2,6,0,5,6,47,1,2,0,0,0,,0,0,0,0,0,0,0,0,0,0,0,,0
00-0008300,Patrick Jeffers,WR,1999,11,REG,1999_11_CAR_CLE,CAR,CLE,0,0,0,0,0,0,0,0,0,0,0,0,3,3,34,0,2,0,0,0,,0,0,0,0,0,0,0,0,0,0,0,,0
00-0008313,Shawn Jefferson,WR,1999,11,REG,1999_11_NE_MIA,NE,MIA,0,0,0,0,0,0,0,0,0,0,0,0,2,2,86,1,2,0,0,0,,0,0,0,0,0,0,0,0,0,0,0,,0
00-0008346,James Jenkins,TE,1999,11,REG,1999_11_NYG_WAS,WAS,NYG,0,0,0,0,0,0,0,0,0,0,0,0,1,2,30,0,1,0,0,0,,0,0,0,0,0,0,0,0,0,0,0,,0
00-0008400,James Jett,WR,1999,11,REG,1999_11_OAK_DEN,LV,DEN,0,0,0,0,0,0,0,0,0,0,0,0,2,7,13,0,0,0,0,0,,0,0,0,0,0,0,0,0,0,0,0,,0
00-0008401,John Jett,P,1999,11,REG,1999_11_DET_GB,DET,GB,0,0,0,0,0,0,0,0,0,0,0,0,0,0,0,0,0,0,0,0,,0,0,0,0,0,0,0,0,5,227,187,62,3
00-0008430,Anthony Johnson,RB,1999,11,REG,1999_11_CAR_CLE,CAR,CLE,0,0,0,0,0,0,0,1,6,0,0,0,2,2,11,0,0,0,0,0,,0,0,0,0,0,0,0,0,0,0,0,,0
00-0008442,Brad Johnson,QB,1999,11,REG,1999_11_NYG_WAS,WAS,NYG,17,29,158,0,1,1,-1,2,9,0,0,1,0,0,0,0,0,0,0,0,,0,0,0,0,0,0,0,0,0,0,0,,0
00-0008454,Charles Johnson,WR,1999,11,REG,1999_11_IND_PHI,PHI,IND,0,0,0,0,0,0,0,0,0,0,0,0,0,2,0,0,0,0,0,0,,0,0,0,0,0,0,0,0,0,0,0,,0
00-0008529,J.J. Johnson,RB,1999,11,REG,1999_11_NE_MIA,MIA,NE,0,0,0,0,0,0,0,31,106,1,7,0,1,1,6,0,0,0,0,0,,0,0,0,0,0,0,0,0,0,0,0,,0
00-0008560,Kevin Johnson,WR,1999,11,REG,1999_11_CAR_CLE,CLE,CAR,0,0,0,0,0,0,0,0,0,0,0,0,5,14,55,0,3,0,0,0,,0,0,0,0,0,0,0,0,0,0,0,,0
00-0008561,Keyshawn Johnson,WR,1999,11,REG,1999_11_BUF_NYJ,NYJ,BUF,0,1,0,0,0,0,0,0,0,0,0,0,4,5,42,0,3,0,0,0,,0,0,0,0,0,0,0,0,0,0,0,,0
00-0008566,Lee Johnson,P,1999,11,REG,1999_11_NE_MIA,NE,MIA,0,0,0,0,0,0,0,0,0,0,0,0,0,0,0,0,0,0,0,0,,0,0,0,0,0,0,0,0,6,229,221,50,3
00-0008570,LeShon Johnson,RB,1999,11,REG,1999_11_NYG_WAS,NYG,WAS,0,0,0,0,0,0,0,2,5,0,0,0,0,1,0,0,0,0,0,0,,0,0,0,0,0,0,0,0,0,0,0,,0
00-0008598,Pat Johnson,WR,1999,11,REG,1999_11_BAL_CIN,BAL,CIN,0,0,0,0,0,0,0,0,0,0,0,0,6,11,73,1,2,0,0,0,,0,0,0,0,0,0,0,0,0,0,0,,0
00-0008704,Charlie Jones,WR,1999,11,REG,1999_11_CHI_SD,LAC,CHI,0,0,0,0,0,0,0,0,0,0,0,0,0,3,0,0,0,0,0,0,,0,0,0,0,0,0,0,0,0,0,0,,0
00-0008723,Damon Jones,TE,1999,11,REG,1999_11_NO_JAX,JAX,NO,0,0,0,0,0,0,0,0,0,0,0,0,2,2,20,1,2,0,0,0,,0,0,0,0,0,0,0,0,0,0,0,,0
00-0008749,Freddie Jones,TE,1999,11,REG,1999_11_CHI_SD,LAC,CHI,0,0,0,0,0,0,0,0,0,0,0,0,4,6,36,0,3,0,0,0,,0,0,0,0,0,0,0,0,0,0,0,,0
00-0008763,Isaac Jones,WR,1999,11,REG,1999_11_IND_PHI,IND,PHI,0,0,0,0,0,0,0,0,0,0,0,0,1,3,8,0,1,0,0,0,,0,0,0,0,0,0,0,0,0,0,0,,0
00-0008921,Randy Jordan,RB,1999,11,REG,1999_11_OAK_DEN,LV,DEN,0,0,0,0,0,0,0,0,0,0,0,0,0,1,0,0,0,0,0,0,,0,0,0,0,0,0,0,0,0,0,0,,0
00-0008962,Joe Jurevicius,WR,1999,11,REG,1999_11_NYG_WAS,NYG,WAS,0,0,0,0,0,0,0,0,0,0,0,0,1,5,11,0,1,0,0,0,,0,0,0,0,0,0,0,0,0,0,0,,0
00-0009028,John Kasay,K,1999,11,REG,1999_11_CAR_CLE,CAR,CLE,0,0,0,0,0,0,0,0,0,0,0,0,0,0,0,0,0,0,1,1,44,0,0,0,1,0,0,4,4,0,0,0,,0
00-0009038,Napoleon Kaufman,RB,1999,11,REG,1999_11_OAK_DEN,LV,DEN,0,0,0,0,0,0,0,11,22,0,3,0,0,1,0,0,0,0,0,0,,0,0,0,0,0,0,0,0,0,0,0,,0
00-0009119,Reggie Kelly,TE,1999,11,REG,1999_11_ATL_TB,ATL,TB,0,0,0,0,0,0,0,0,0,0,0,0,0,1,0,0,0,0,0,0,,0,0,0,0,0,0,0,0,0,0,0,,0
00-0009163,Eddie Kennison,WR,1999,11,REG,1999_11_NO_JAX,NO,JAX,0,0,0,0,0,0,0,1,1,0,0,0,2,5,38,0,2,0,0,0,,0,0,0,0,0,0,0,0,0,0,0,,0
00-0009165,Joey Kent,WR,1999,11,REG,1999_11_PIT_TEN,TEN,PIT,0,0,0,0,0,0,0,0,0,0,0,0,1,3,25,0,1,0,0,0,,0,0,0,0,0,0,0,0,0,0,0,,0
00-0009237,Brian Kinchen,TE,1999,11,REG,1999_11_CAR_CLE,CAR,CLE,0,0,0,0,0,0,0,0,0,0,0,0,2,2,2,1,1,0,0,0,,0,0,0,0,0,0,0,0,0,0,0,,0
00-0009288,Terry Kirby,RB,1999,11,REG,1999_11_CAR_CLE,CLE,CAR,0,0,0,0,0,0,0,6,22,1,3,0,9,11,79,0,5,0,0,0,,0,0,0,0,0,0,0,0,0,0,0,,0
00-0009311,Jon Kitna,QB,1999,11,REG,1999_11_SEA_KC,SEA,KC,14,33,235,2,1,0,0,7,14,0,1,1,0,0,0,0,0,0,0,0,,0,0,0,0,0,0,0,0,0,0,0,,0
00-0009417,Rob Konrad,FB,1999,11,REG,1999_11_NE_MIA,MIA,NE,0,0,0,0,0,0,0,0,0,0,0,0,2,4,0,0,0,1,0,0,,0,0,0,0,0,0,0,0,0,0,0,,0
00-0009550,David LaFleur,TE,1999,11,REG,1999_11_DAL_ARI,DAL,ARI,0,0,0,0,0,0,0,0,0,0,0,0,1,2,11,1,1,0,0,0,,0,0,0,0,0,0,0,0,0,0,0,,0
00-0009584,Sean Landeta,P,1999,11,REG,1999_11_IND_PHI,PHI,IND,0,0,0,0,0,0,0,0,0,0,0,0,0,0,0,0,0,0,0,0,,0,0,0,0,0,0,0,0,7,277,239,47,1
00-0009599,Fred Lane,RB,1999,11,REG,1999_11_CAR_CLE,CAR,CLE,0,0,0,0,0,0,0,3,12,0,0,0,0,0,0,0,0,0,0,0,,0,0,0,0,0,0,0,0,0,0,0,,0
00-0009829,Dorsey Levens,RB,1999,11,REG,1999_11_DET_GB,GB,DET,0,0,0,0,0,0,0,23,47,1,2,0,10,11,99,0,3,0,0,0,,0,0,0,0,0,0,0,0,0,0,0,,0
00-0009842,Chad Lewis,TE,1999,11,REG,1999_11_IND_PHI,PHI,IND,0,0,0,0,0,0,0,0,0,0,0,0,2,3,16,1,2,0,0,0,,0,0,0,0,0,0,0,0,0,0,0,,0
00-0009868,Jeff Lewis,QB,1999,11,REG,1999_11_CAR_CLE,CAR,CLE,2,3,11,0,0,1,-6,2,3,0,0,0,0,0,0,0,0,0,0,0,,0,0,0,0,0,0,0,0,0,0,0,,0
00-0009869,Jermaine Lewis,WR,1999,11,REG,1999_11_BAL_CIN,BAL,CIN,0,0,0,0,0,0,0,1,3,0,0,0,1,3,5,0,0,0,0,0,,0,0,0,0,0,0,0,0,0,0,0,,0
00-0009960,Jonathan Linton,FB,1999,11,REG,1999_11_BUF_NYJ,BUF,NYJ,0,0,0,0,0,0,0,12,28,0,0,0,2,2,14,0,0,0,0,0,,0,0,0,0,0,0,0,0,0,0,0,,0
00-0010007,Kevin Lockett,WR,1999,11,REG,1999_11_SEA_KC,KC,SEA,0,0,0,0,0,0,0,0,0,0,0,0,1,1,3,0,0,0,0,0,,0,0,0,0,0,0,0,0,0,0,0,,0
00-0010072,Ryan Longwell,K,1999,11,REG,1999_11_DET_GB,GB,DET,0,0,0,0,0,0,0,0,0,0,0,0,0,0,0,0,0,0,4,4,45,0,1,2,1,0,0,0,0,1,19,19,19,1
00-0010137,Ray Lucas,QB,1999,11,REG,1999_11_BUF_NYJ,NYJ,BUF,16,20,142,0,0,4,-29,9,23,1,2,0,0,0,0,0,0,0,0,0,,0,0,0,0,0,0,0,0,0,0,0,,0
00-0010202,Mitch Lyons,TE,1999,11,REG,1999_11_PIT_TEN,PIT,TEN,0,0,0,0,0,0,0,0,0,0,0,0,1,1,7,0,0,0,0,0,,0,0,0,0,0,0,0,0,0,0,0,,0
00-0010240,Stacey Mack,RB,1999,11,REG,1999_11_NO_JAX,JAX,NO,0,0,0,0,0,0,0,6,27,0,1,0,0,0,0,0,0,0,0,0,,0,0,0,0,0,0,0,0,0,0,0,,0
00-0010292,Joel Makovicka,FB,1999,11,REG,1999_11_DAL_ARI,ARI,DAL,0,0,0,0,0,0,0,0,0,0,0,0,1,1,9,0,0,0,0,0,,0,0,0,0,0,0,0,0,0,0,0,,0
00-0010346,Peyton Manning,QB,1999,11,REG,1999_11_IND_PHI,IND,PHI,16,26,235,3,0,1,-8,2,14,0,1,0,0,0,0,0,0,0,0,0,,0,0,0,0,0,0,0,0,0,0,0,,0
00-0010373,Olindo Mare,K,1999,11,REG,1999_11_NE_MIA,MIA,NE,0,0,0,0,0,0,0,0,0,0,0,0,0,0,0,0,0,0,2,2,23,1,1,0,0,0,0,3,3,0,0,0,,0
00-0010436,Cecil Martin,RB,1999,11,REG,1999_11_IND_PHI,PHI,IND,0,0,0,0,0,0,0,0,0,0,0,0,2,2,-2,0,0,0,0,0,,0,0,0,0,0,0,0,0,0,0,0,,0
00-0010442,Curtis Martin,RB,1999,11,REG,1999_11_BUF_NYJ,NYJ,BUF,0,0,0,0,0,0,0,23,64,0,3,0,7,7,42,0,3,0,0,0,,0,0,0,0,0,0,0,0,0,0,0,,0
00-0010477,Tony Martin,WR,1999,11,REG,1999_11_NE_MIA,MIA,NE,0,0,0,0,0,0,0,0,0,0,0,0,4,10,44,0,4,0,0,0,,0,0,0,0,0,0,0,0,0,0,0,,0
00-0010500,Derrick Mason,WR,1999,11,REG,1999_11_PIT_TEN,TEN,PIT,0,0,0,0,0,0,0,0,0,0,0,0,0,1,0,0,0,0,0,0,,0,0,0,0,0,0,0,0,0,0,0,,0
00-0010539,Terance Mathis,WR,1999,11,REG,1999_11_ATL_TB,ATL,TB,0,0,0,0,0,0,0,0,0,0,0,0,1,4,6,0,0,0,0,0,,0,0,0,0,0,0,0,0,0,0,0,,0
00-0010598,Alonzo Mayes,TE,1999,11,REG,1999_11_CHI_SD,CHI,LAC,0,0,0,0,0,0,0,0,0,0,0,0,2,5,13,0,0,0,0,0,,0,0,0,0,0,0,0,0,0,0,0,,0
00-0010599,Derrick Mayes,WR,1999,11,REG,1999_11_SEA_KC,SEA,KC,0,0,0,0,0,0,0,0,0,0,0,0,0,3,0,0,0,0,0,0,,0,0,0,0,0,0,0,0,0,0,0,,0
00-0010609,Brad Maynard,P,1999,11,REG,1999_11_NYG_WAS,NYG,WAS,0,0,0,0,0,0,0,0,0,0,0,0,0,0,0,0,0,0,0,0,,0,0,0,0,0,0,0,0,5,218,185,52,1
00-0010650,Ed McCaffrey,WR,1999,11,REG,1999_11_OAK_DEN,DEN,LV,0,0,0,0,0,0,0,0,0,0,0,0,7,13,82,0,4,0,0,0,,0,0,0,0,0,0,0,0,0,0,0,,0
00-0010668,Keenan McCardell,WR,1999,11,REG,1999_11_NO_JAX,JAX,NO,0,0,0,0,0,0,0,0,0,0,0,0,2,6,19,0,1,0,0,0,,0,0,0,0,0,0,0,0,0,0,0,,0
00-0010747,Fred McCrary,RB,1999,11,REG,1999_11_CHI_SD,LAC,CHI,0,0,0,0,0,0,0,0,0,0,0,0,2,6,13,0,0,0,0,0,,0,0,0,0,0,0,0,0,0,0,0,,0
00-0010824,O.J. McDuffie,WR,1999,11,REG,1999_11_NE_MIA,MIA,NE,0,0,0,0,0,0,0,0,0,0,0,0,1,2,5,0,0,0,0,0,,0,0,0,0,0,0,0,0,0,0,0,,0
00-0010859,Tony McGee,TE,1999,11,REG,1999_11_BAL_CIN,CIN,BAL,0,0,0,0,0,0,0,0,0,0,0,0,2,4,18,0,0,0,0,0,,0,0,0,0,0,0,0,0,0,0,0,,0
00-0010892,Travis McGriff,WR,1999,11,REG,1999_11_OAK_DEN,DEN,LV,0,0,0,0,0,0,0,0,0,0,0,0,1,2,9,0,0,0,0,0,,0,0,0,0,0,0,0,0,0,0,0,,0
00-0011022,Donovan McNabb,QB,1999,11,REG,1999_11_IND_PHI,PHI,IND,19,36,165,1,2,4,-47,3,13,0,0,1,0,0,0,0,0,0,0,0,,0,0,0,0,0,0,0,0,0,0,0,,0
00-0011024,Steve McNair,QB,1999,11,REG,1999_11_PIT_TEN,TEN,PIT,14,26,149,0,1,0,0,10,20,2,5,0,0,0,0,0,0,0,0,0,,0,0,0,0,0,0,0,0,0,0,0,,0
00-0011044,Cade McNown,QB,1999,11,REG,1999_11_CHI_SD,CHI,LAC,0,1,0,0,0,0,0,0,0,0,0,0,0,0,0,0,0,0,0,0,,0,0,0,0,0,0,0,0,0,0,0,,0
00-0011068,Johnny McWilliams,TE,1999,11,REG,1999_11_DAL_ARI,ARI,DAL,0,0,0,0,0,0,0,0,0,0,0,0,1,1,3,0,0,0,0,0,,0,0,0,0,0,0,0,0,0,0,0,,0
00-0011151,Eric Metcalf,WR,1999,11,REG,1999_11_CAR_CLE,CAR,CLE,0,0,0,0,0,0,0,1,3,0,0,0,0,0,0,0,0,0,0,0,,0,0,0,0,0,0,0,0,0,0,0,,0
00-0011187,Terry Mickens,WR,1999,11,REG,1999_11_OAK_DEN,LV,DEN,0,0,0,0,0,0,0,0,0,0,0,0,1,2,9,0,0,1,0,0,,0,0,0,0,0,0,0,0,0,0,0,,0
00-0011213,Glyn Milburn,WR,1999,11,REG,1999_11_CHI_SD,CHI,LAC,0,0,0,0,0,0,0,1,-4,0,0,0,0,0,0,0,0,0,0,0,,0,0,0,0,0,0,0,0,0,0,0,,0
00-0011224,Itula Mili,TE,1999,11,REG,1999_11_SEA_KC,SEA,KC,0,0,0,0,0,0,0,0,0,0,0,0,0,1,0,0,0,0,0,0,,0,0,0,0,0,0,0,0,0,0,0,,0
00-0011236,Billy Miller,TE,1999,11,REG,1999_11_OAK_DEN,DEN,LV,0,0,0,0,0,0,0,0,0,0,0,0,1,2,8,0,0,0,0,0,,0,0,0,0,0,0,0,0,0,0,0,,0
00-0011244,Chris Miller,QB,1999,11,REG,1999_11_OAK_DEN,DEN,LV,12,27,122,0,0,1,-9,4,20,0,1,0,0,0,0,0,0,0,0,0,,0,0,0,0,0,0,0,0,0,0,0,,0
00-0011276,Jim Miller,QB,1999,11,REG,1999_11_CHI_SD,CHI,LAC,25,38,357,1,0,1,-2,2,9,0,1,0,0,0,0,0,0,0,0,0,,0,0,0,0,0,0,0,0,0,0,0,,0
00-0011279,Josh Miller,P,1999,11,REG,1999_11_PIT_TEN,PIT,TEN,0,0,0,0,0,0,0,0,0,0,0,0,0,0,0,0,0,0,0,0,,0,0,0,0,0,0,0,0,4,211,197,62,1
00-0011328,Ernie Mills,WR,1999,11,REG,1999_11_DAL_ARI,DAL,ARI,0,0,0,0,0,0,0,0,0,0,0,0,3,6,26,0,1,0,0,0,,0,0,0,0,0,0,0,0,0,0,0,,0
00-0011399,Brian Mitchell,RB,1999,11,REG,1999_11_NYG_WAS,WAS,NYG,0,0,0,0,0,0,0,0,0,0,0,0,1,1,2,0,1,0,0,0,,0,0,0,0,0,0,0,0,0,0,0,,0
00-0011425,Pete Mitchell,TE,1999,11,REG,1999_11_NYG_WAS,NYG,WAS,0,0,0,0,0,0,0,0,0,0,0,0,3,5,30,0,2,0,0,0,,0,0,0,0,0,0,0,0,0,0,0,,0
00-0011463,Chris Mohr,P,1999,11,REG,1999_11_BUF_NYJ,BUF,NYJ,0,0,0,0,0,0,0,0,0,0,0,0,0,0,0,0,0,0,0,0,,0,0,0,0,0,0,0,0,6,263,206,59,1
00-0011551,Dave Moore,TE,1999,11,REG,1999_11_ATL_TB,TB,ATL,0,0,0,0,0,0,0,0,0,0,0,0,0,4,0,0,0,0,0,0,,0,0,0,0,0,0,0,0,0,0,0,,0
00-0011601,Rob Moore,WR,1999,11,REG,1999_11_DAL_ARI,ARI,DAL,0,0,0,0,0,0,0,0,0,0,0,0,1,7,21,1,1,0,0,0,,0,0,0,0,0,0,0,0,0,0,0,,0
00-0011727,Johnnie Morton,WR,1999,11,REG,1999_11_DET_GB,DET,GB,0,0,0,0,0,0,0,0,0,0,0,0,5,9,64,0,4,0,0,0,,0,0,0,0,0,0,0,0,0,0,0,,0
00-0011770,Eric Moulds,WR,1999,11,REG,1999_11_BUF_NYJ,BUF,NYJ,0,0,0,0,0,0,0,0,0,0,0,0,8,14,77,0,3,0,0,0,,0,0,0,0,0,0,0,0,0,0,0,,0
00-0011795,Muhsin Muhammad,WR,1999,11,REG,1999_11_CAR_CLE,CAR,CLE,0,0,0,0,0,0,0,0,0,0,0,0,7,10,72,0,4,1,0,0,,0,0,0,0,0,0,0,0,0,0,0,,0
00-0011869,Adrian Murrell,RB,1999,11,REG,1999_11_DAL_ARI,ARI,DAL,0,0,0,0,0,0,0,17,72,0,3,0,3,5,9,0,1,0,0,0,,0,0,0,0,0,0,0,0,0,0,0,,0
00-0011958,Lorenzo Neal,FB,1999,11,REG,1999_11_PIT_TEN,TEN,PIT,0,0,0,0,0,0,0,0,0,0,0,0,1,1,1,0,0,0,0,0,,0,0,0,0,0,0,0,0,0,0,0,,0
00-0012317,A.J. Ofodile,TE,1999,11,REG,1999_11_BAL_CIN,BAL,CIN,0,0,0,0,0,0,0,0,0,0,0,0,1,2,3,0,0,0,0,0,,0,0,0,0,0,0,0,0,0,0,0,,0
00-0012321,Jeff Ogden,WR,1999,11,REG,1999_11_DAL_ARI,DAL,ARI,0,0,0,0,0,0,0,0,0,0,0,0,0,2,0,0,0,0,0,0,,0,0,0,0,0,0,0,0,0,0,0,,0
00-0012368,Winslow Oliver,RB,1999,11,REG,1999_11_ATL_TB,ATL,TB,0,0,0,0,0,0,0,0,0,0,0,0,4,7,33,0,1,0,0,0,,0,0,0,0,0,0,0,0,0,0,0,,0
00-0012478,Terrell Owens,WR,1999,11,REG,1999_11_STL_SF,SF,LA,0,0,0,0,0,0,0,0,0,0,0,0,6,8,120,0,3,1,0,0,,0,0,0,0,0,0,0,0,0,0,0,,0
00-0012480,Ken Oxendine,RB,1999,11,REG,1999_11_ATL_TB,ATL,TB,0,0,0,0,0,0,0,14,48,0,1,0,1,1,4,0,0,0,0,0,,0,0,0,0,0,0,0,0,0,0,0,,0
00-0012556,De'Mond Parker,RB,1999,11,REG,1999_11_DET_GB,GB,DET,0,0,0,0,0,0,0,2,17,0,1,0,0,0,0,0,0,0,0,0,,0,0,0,0,0,0,0,0,0,0,0,,0
00-0012603,Bernie Parmalee,RB,1999,11,REG,1999_11_BUF_NYJ,NYJ,BUF,0,0,0,0,0,0,0,2,8,0,0,0,0,0,0,0,0,0,0,0,,0,0,0,0,0,0,0,0,0,0,0,,0
00-0012642,David Patten,WR,1999,11,REG,1999_11_NYG_WAS,NYG,WAS,0,0,0,0,0,0,0,0,0,0,0,0,3,4,51,0,3,0,0,0,,0,0,0,0,0,0,0,0,0,0,0,,0
00-0012742,Doug Pelfrey,K,1999,11,REG,1999_11_BAL_CIN,CIN,BAL,0,0,0,0,0,0,0,0,0,0,0,0,0,0,0,0,0,0,1,2,19,1,0,0,0,0,0,4,4,0,0,0,,0
00-0012764,Chris Penn,WR,1999,11,REG,1999_11_CHI_SD,LAC,CHI,0,0,0,0,0,0,0,0,0,0,0,0,1,2,43,0,1,0,0,0,,0,0,0,0,0,0,0,0,0,0,0,,0
00-0012875,Todd Peterson,K,1999,11,REG,1999_11_SEA_KC,SEA,KC,0,0,0,0,0,0,0,0,0,0,0,0,0,0,0,0,0,0,1,1,38,0,0,1,0,0,0,4,4,0,0,0,,0
00-0012953,Carl Pickens,WR,1999,11,REG,1999_11_BAL_CIN,CIN,BAL,0,0,0,0,0,0,0,0,0,0,0,0,2,5,54,1,2,0,0,0,,0,0,0,0,0,0,0,0,0,0,0,,0
00-0012971,Aaron Pierce,TE,1999,11,REG,1999_11_BAL_CIN,BAL,CIN,0,0,0,0,0,0,0,0,0,0,0,0,1,1,4,0,0,0,0,0,,0,0,0,0,0,0,0,0,0,0,0,,0
00-0013028,Scott Player,P,1999,11,REG,1999_11_DAL_ARI,ARI,DAL,0,0,0,0,0,0,0,1,-18,0,0,0,0,0,0,0,0,0,0,0,,0,0,0,0,0,0,0,0,5,211,195,51,3
00-0013080,Marcus Pollard,TE,1999,11,REG,1999_11_IND_PHI,IND,PHI,0,0,0,0,0,0,0,0,0,0,0,0,2,4,25,0,1,1,0,0,,0,0,0,0,0,0,0,0,0,0,0,,0
00-0013097,Keith Poole,WR,1999,11,REG,1999_11_NO_JAX,NO,JAX,0,0,0,0,0,0,0,0,0,0,0,0,3,4,44,0,1,0,0,0,,0,0,0,0,0,0,0,0,0,0,0,,0
00-0013108,Daniel Pope,P,1999,11,REG,1999_11_SEA_KC,KC,SEA,0,0,0,0,0,0,0,0,0,0,0,0,0,0,0,0,0,0,0,0,,0,0,0,0,0,0,0,0,7,285,247,52,2
00-0013232,Peerless Price,WR,1999,11,REG,1999_11_BUF_NYJ,BUF,NYJ,0,0,0,0,0,0,0,0,0,0,0,0,3,7,12,1,1,0,0,0,,0,0,0,0,0,0,0,0,0,0,0,,0
00-0013258,Mike Pritchard,WR,1999,11,REG,1999_11_SEA_KC,SEA,KC,0,0,0,0,0,0,0,0,0,0,0,0,1,4,12,0,1,0,0,0,,0,0,0,0,0,0,0,0,0,0,0,,0
00-0013262,Stanley Pritchett,RB,1999,11,REG,1999_11_NE_MIA,MIA,NE,0,0,0,0,0,0,0,0,0,0,0,0,2,2,13,0,1,0,0,0,,0,0,0,0,0,0,0,0,0,0,0,,0
00-0013268,Ricky Proehl,WR,1999,11,REG,1999_11_STL_SF,LA,SF,0,0,0,0,0,0,0,0,0,0,0,0,0,1,0,0,0,0,0,0,,0,0,0,0,0,0,0,0,0,0,0,,0
00-0013422,Walter Rasby,TE,1999,11,REG,1999_11_DET_GB,DET,GB,0,0,0,0,0,0,0,0,0,0,0,0,0,1,0,0,0,0,0,0,,0,0,0,0,0,0,0,0,0,0,0,,0
00-0013499,Andre Reed,WR,1999,11,REG,1999_11_BUF_NYJ,BUF,NYJ,0,0,0,0,0,0,0,0,0,0,0,0,4,4,34,0,1,0,0,0,,0,0,0,0,0,0,0,0,0,0,0,,0
00-0013622,Errict Rhett,RB,1999,11,REG,1999_11_BAL_CIN,BAL,CIN,0,0,0,0,0,0,0,23,36,1,2,0,3,5,22,0,1,0,0,0,,0,0,0,0,0,0,0,0,0,0,0,,0
00-0013639,Jerry Rice,WR,1999,11,REG,1999_11_STL_SF,SF,LA,0,0,0,0,0,0,0,0,0,0,0,0,3,7,23,0,1,0,0,0,,0,0,0,0,0,0,0,0,0,0,0,,0
00-0013682,Kyle Richardson,P,1999,11,REG,1999_11_BAL_CIN,BAL,CIN,0,0,0,0,0,0,0,0,0,0,0,0,0,0,0,0,0,0,0,0,,0,0,0,0,0,0,0,0,7,330,224,59,4
00-0013694,Tony Richardson,FB,1999,11,REG,1999_11_SEA_KC,KC,SEA,0,0,0,0,0,0,0,2,4,0,0,0,1,2,29,0,1,0,0,0,,0,0,0,0,0,0,0,0,0,0,0,,0
00-0013699,Wade Richey,K,1999,11,REG,1999_11_STL_SF,SF,LA,0,0,0,0,0,0,0,0,0,0,0,0,0,0,0,0,0,0,0,0,,0,0,0,0,0,0,1,1,0,0,0,,0
00-0013712,Mikhael Ricks,TE,1999,11,REG,1999_11_CHI_SD,LAC,CHI,0,0,0,0,0,0,0,0,0,0,0,0,2,4,19,0,1,0,0,0,,0,0,0,0,0,0,0,0,0,0,0,,0
00-0013728,Jay Riemersma,TE,1999,11,REG,1999_11_BUF_NYJ,BUF,NYJ,0,0,0,0,0,0,0,0,0,0,0,0,2,4,41,0,2,0,0,0,,0,0,0,0,0,0,0,0,0,0,0,,0
00-0013770,Andre Rison,WR,1999,11,REG,1999_11_SEA_KC,KC,SEA,0,0,0,0,0,0,0,0,0,0,0,0,4,6,42,0,2,0,0,0,,0,0,0,0,0,0,0,0,0,0,0,,0
00-0013773,Jon Ritchie,FB,1999,11,REG,1999_11_OAK_DEN,LV,DEN,0,0,0,0,0,0,0,0,0,0,0,0,4,4,41,1,1,0,0,0,,0,0,0,0,0,0,0,0,0,0,0,,0
00-0013888,Marcus Robinson,WR,1999,11,REG,1999_11_CHI_SD,CHI,LAC,0,0,0,0,0,0,0,0,0,0,0,0,6,7,163,1,5,0,0,0,,0,0,0,0,0,0,0,0,0,0,0,,0
00-0014083,Tom Rouen,P,1999,11,REG,1999_11_OAK_DEN,DEN,LV,0,0,0,0,0,0,0,0,0,0,0,0,0,0,0,0,0,0,0,0,,0,0,0,0,0,0,0,0,9,342,302,49,5
00-0014115,Mark Royals,P,1999,11,REG,1999_11_ATL_TB,TB,ATL,0,0,0,0,0,0,0,0,0,0,0,0,0,0,0,0,0,0,0,0,,0,0,0,0,0,0,0,0,5,216,185,53,1
00-0014319,Chris Sanders,WR,1999,11,REG,1999_11_PIT_TEN,TEN,PIT,0,0,0,0,0,0,0,0,0,0,0,0,1,2,46,0,1,0,0,0,,0,0,0,0,0,0,0,0,0,0,0,,0
00-0014328,Frank Sanders,WR,1999,11,REG,1999_11_DAL_ARI,ARI,DAL,0,0,0,0,0,0,0,0,0,0,0,0,3,3,17,0,3,0,0,0,,0,0,0,0,0,0,0,0,0,0,0,,0
00-0014377,Todd Sauerbrun,P,1999,11,REG,1999_11_CHI_SD,CHI,LAC,0,0,0,0,0,0,0,0,0,0,0,0,0,0,0,0,0,0,0,0,,0,0,0,0,0,0,0,0,6,187,185,46,0
00-0014450,Cory Schlesinger,FB,1999,11,REG,1999_11_DET_GB,DET,GB,0,0,0,0,0,0,0,3,5,0,0,0,0,0,0,0,0,0,0,0,,0,0,0,0,0,0,0,0,0,0,0,,0
00-0014489,Bill Schroeder,WR,1999,11,REG,1999_11_DET_GB,GB,DET,0,0,0,0,0,0,0,0,0,0,0,0,4,7,69,0,4,0,0,0,,0,0,0,0,0,0,0,0,0,0,0,,0
00-0014544,Darnay Scott,WR,1999,11,REG,1999_11_BAL_CIN,CIN,BAL,0,0,0,0,0,0,0,0,0,0,0,0,5,8,67,2,4,0,0,0,,0,0,0,0,0,0,0,0,0,0,0,,0
00-0014619,Junior Seau,LB,1999,11,REG,1999_11_CHI_SD,LAC,CHI,0,0,0,0,0,0,0,0,0,0,0,0,1,1,2,0,0,0,0,0,,0,0,0,0,0,0,0,0,0,0,0,,0
00-0014729,Bobby Shaw,WR,1999,11,REG,1999_11_PIT_TEN,PIT,TEN,0,0,0,0,0,0,0,0,0,0,0,0,3,3,38,0,2,0,0,0,,0,0,0,0,0,0,0,0,0,0,0,,0
00-0014759,Rashaan Shehee,RB,1999,11,REG,1999_11_SEA_KC,KC,SEA,0,0,0,0,0,0,0,5,9,0,0,0,6,6,73,0,3,1,0,0,,0,0,0,0,0,0,0,0,0,0,0,,0
00-0014775,Daimon Shelton,FB,1999,11,REG,1999_11_NO_JAX,JAX,NO,0,0,0,0,0,0,0,0,0,0,0,0,0,2,0,0,0,0,0,0,,0,0,0,0,0,0,0,0,0,0,0,,0
00-0014809,Paul Shields,RB,1999,11,REG,1999_11_IND_PHI,IND,PHI,0,0,0,0,0,0,0,0,0,0,0,0,1,2,4,0,0,0,0,0,,0,0,0,0,0,0,0,0,0,0,0,,0
00-0014918,Tony Simmons,WR,1999,11,REG,1999_11_NE_MIA,NE,MIA,0,0,0,0,0,0,0,0,0,0,0,0,0,1,0,0,0,0,0,0,,0,0,0,0,0,0,0,0,0,0,0,,0
00-0015048,David Sloan,TE,1999,11,REG,1999_11_DET_GB,DET,GB,0,0,0,0,0,0,0,0,0,0,0,0,4,8,30,0,2,0,0,0,,0,0,0,0,0,0,0,0,0,0,0,,0
00-0015053,Scott Slutzker,TE,1999,11,REG,1999_11_NO_JAX,NO,JAX,0,0,0,0,0,0,0,0,0,0,0,0,3,3,64,0,3,0,0,0,,0,0,0,0,0,0,0,0,0,0,0,,0
00-0015063,Torrance Small,WR,1999,11,REG,1999_11_IND_PHI,PHI,IND,0,0,0,0,0,0,0,0,0,0,0,0,6,10,59,0,3,0,0,0,,0,0,0,0,0,0,0,0,0,0,0,,0
00-0015091,Antowain Smith,RB,1999,11,REG,1999_11_BUF_NYJ,BUF,NYJ,0,0,0,0,0,0,0,2,6,0,0,0,0,0,0,0,0,0,0,0,,0,0,0,0,0,0,0,0,0,0,0,,0
00-0015165,Emmitt Smith,RB,1999,11,REG,1999_11_DAL_ARI,DAL,ARI,0,0,0,0,0,0,0,29,127,0,6,0,1,1,6,0,0,0,0,0,,0,0,0,0,0,0,0,0,0,0,0,,0
00-0015194,Hunter Smith,P,1999,11,REG,1999_11_IND_PHI,IND,PHI,0,0,0,0,0,0,0,0,0,0,0,0,0,0,0,0,0,0,0,0,,0,0,0,0,0,0,0,0,4,186,158,54,3
00-0015195,Irv Smith,TE,1999,11,REG,1999_11_CAR_CLE,CLE,CAR,0,0,0,0,0,0,0,0,0,0,0,0,2,3,26,0,1,0,0,0,,0,0,0,0,0,0,0,0,0,0,0,,0
00-0015218,Jimmy Smith,WR,1999,11,REG,1999_11_NO_JAX,JAX,NO,0,0,0,0,0,0,0,0,0,0,0,0,9,11,220,1,8,0,0,0,,0,0,0,0,0,0,0,0,0,0,0,,0
00-0015242,Lamar Smith,RB,1999,11,REG,1999_11_NO_JAX,NO,JAX,0,0,0,0,0,0,0,3,-12,0,0,0,1,1,4,0,0,0,0,0,,0,0,0,0,0,0,0,0,0,0,0,,0
00-0015290,Rod Smith,WR,1999,11,REG,1999_11_OAK_DEN,DEN,LV,0,0,0,0,0,0,0,0,0,0,0,0,7,14,66,0,5,0,0,0,,0,0,0,0,0,0,0,0,0,0,0,,0
00-0015523,Duce Staley,RB,1999,11,REG,1999_11_IND_PHI,PHI,IND,0,0,0,0,0,0,0,16,78,0,2,0,2,3,17,0,0,0,0,0,,0,0,0,0,0,0,0,0,0,0,0,,0
00-0015550,Chad Stanley,P,1999,11,REG,1999_11_STL_SF,SF,LA,0,0,0,0,0,0,0,0,0,0,0,0,0,0,0,0,0,0,0,0,,0,0,0,0,0,0,0,0,5,193,135,44,0
00-0015627,Steve Stenstrom,QB,1999,11,REG,1999_11_STL_SF,SF,LA,7,12,108,0,1,4,-30,1,0,0,0,0,0,0,0,0,0,0,0,0,,0,0,0,0,0,0,0,0,0,0,0,,0
00-0015655,Tremayne Stephens,RB,1999,11,REG,1999_11_CHI_SD,LAC,CHI,0,0,0,0,0,0,0,5,22,0,0,0,7,7,49,1,3,0,0,0,,0,0,0,0,0,0,0,0,0,0,0,,0
00-0015698,James Stewart,RB,1999,11,REG,1999_11_NO_JAX,JAX,NO,0,0,0,0,0,0,0,16,87,2,6,0,5,5,53,0,3,0,0,0,,0,0,0,0,0,0,0,0,0,0,0,,0
00-0015700,Kordell Stewart,QB,1999,11,REG,1999_11_PIT_TEN,PIT,TEN,18,30,177,1,1,5,-16,3,14,0,1,0,0,0,0,0,0,0,0,0,,0,0,0,0,0,0,0,0,0,0,0,,0
00-0015751,J.J. Stokes,WR,1999,11,REG,1999_11_STL_SF,SF,LA,0,0,0,0,0,0,0,0,0,0,0,0,1,3,7,0,0,0,0,0,,0,0,0,0,0,0,0,0,0,0,0,,0
00-0015784,Matt Stover,K,1999,11,REG,1999_11_BAL_CIN,BAL,CIN,0,0,0,0,0,0,0,0,0,0,0,0,0,0,0,0,0,0,2,2,50,0,1,0,0,1,0,4,4,0,0,0,,0
00-0015791,Pete Stoyanovich,K,1999,11,REG,1999_11_SEA_KC,KC,SEA,0,0,0,0,0,0,0,0,0,0,0,0,0,0,0,0,0,0,2,2,29,0,2,0,0,0,0,1,1,0,0,0,,0
00-0015842,Dan Stryzinski,P,1999,11,REG,1999_11_ATL_TB,ATL,TB,0,0,0,0,0,0,0,0,0,0,0,0,0,0,0,0,0,0,0,0,,0,0,0,0,0,0,0,0,6,245,218,55,2
00-0016232,Chris Thomas,WR,1999,11,REG,1999_11_STL_SF,LA,SF,0,0,0,0,0,0,0,0,0,0,0,0,1,1,6,0,0,0,0,0,,0,0,0,0,0,0,0,0,0,0,0,,0
00-0016316,Robert Thomas,FB,1999,11,REG,1999_11_DAL_ARI,DAL,ARI,0,0,0,0,0,0,0,0,0,0,0,0,2,3,8,0,0,0,0,0,,0,0,0,0,0,0,0,0,0,0,0,,0
00-0016321,Rodney Thomas,RB,1999,11,REG,1999_11_PIT_TEN,TEN,PIT,0,0,0,0,0,0,0,1,9,0,0,0,0,0,0,0,0,0,0,0,,0,0,0,0,0,0,0,0,0,0,0,,0
00-0016347,Jeff Thomason,TE,1999,11,REG,1999_11_DET_GB,GB,DET,0,0,0,0,0,0,0,0,0,0,0,0,1,1,12,0,1,0,0,0,,0,0,0,0,0,0,0,0,0,0,0,,0
00-0016440,James Thrash,WR,1999,11,REG,1999_11_NYG_WAS,WAS,NYG,0,0,0,0,0,0,0,0,0,0,0,0,1,1,25,0,1,0,0,0,,0,0,0,0,0,0,0,0,0,0,0,,0
00-0016479,Pat Tillman,S,1999,11,REG,1999_11_DAL_ARI,ARI,DAL,0,0,0,0,0,0,0,1,4,0,1,0,0,0,0,0,0,0,0,0,,0,0,0,0,0,0,0,0,0,0,0,,0
00-0016534,Billy Joe Tolliver,QB,1999,11,REG,1999_11_NO_JAX,NO,JAX,10,14,159,0,0,2,-18,1,1,1,1,0,0,0,0,0,0,0,0,0,,0,0,0,0,0,0,0,0,0,0,0,,0
00-0016550,Amani Toomer,WR,1999,11,REG,1999_11_NYG_WAS,NYG,WAS,0,0,0,0,0,0,0,0,0,0,0,0,1,4,18,0,1,0,0,0,,0,0,0,0,0,0,0,0,0,0,0,,0
00-0016654,Jason Tucker,WR,1999,11,REG,1999_11_DAL_ARI,DAL,ARI,0,0,0,0,0,0,0,0,0,0,0,0,0,1,0,0,0,0,0,0,,0,0,0,0,0,0,0,0,0,0,0,,0
00-0016683,Tom Tupa,P,1999,11,REG,1999_11_BUF_NYJ,NYJ,BUF,0,0,0,0,0,0,0,0,0,0,0,0,0,0,0,0,0,0,0,0,,0,0,0,0,0,0,0,0,6,262,224,58,3
00-0016689,Matt Turk,P,1999,11,REG,1999_11_NYG_WAS,WAS,NYG,0,0,0,0,0,0,0,0,0,0,0,0,0,0,0,0,0,0,0,0,,0,0,0,0,0,0,0,0,3,137,117,50,1
00-0016723,Kevin Turner,FB,1999,11,REG,1999_11_IND_PHI,PHI,IND,0,0,0,0,0,0,0,0,0,0,0,0,0,1,0,0,0,0,0,0,,0,0,0,0,0,0,0,0,0,0,0,,0
00-0016830,Mike Vanderjagt,K,1999,11,REG,1999_11_IND_PHI,IND,PHI,0,0,0,0,0,0,0,0,0,0,0,0,0,0,0,0,0,0,3,3,45,0,1,1,1,0,0,5,5,0,0,0,,0
00-0016919,Adam Vinatieri,K,1999,11,REG,1999_11_NE_MIA,NE,MIA,0,0,0,0,0,0,0,0,0,0,0,0,0,0,0,0,0,0,1,1,27,0,1,0,0,0,0,2,2,0,0,0,,0
00-0017027,Derrick Walker,TE,1999,11,REG,1999_11_OAK_DEN,LV,DEN,0,0,0,0,0,0,0,0,0,0,0,0,2,2,12,0,1,0,0,0,,0,0,0,0,0,0,0,0,0,0,0,,0
00-0017109,Wesley Walls,TE,1999,11,REG,1999_11_CAR_CLE,CAR,CLE,0,0,0,0,0,0,0,0,0,0,0,0,4,5,39,1,3,0,0,0,,0,0,0,0,0,0,0,0,0,0,0,,0
00-0017121,Steve Walsh,QB,1999,11,REG,1999_11_IND_PHI,IND,PHI,4,5,28,0,1,0,0,0,0,0,0,0,0,0,0,0,0,0,0,0,,0,0,0,0,0,0,0,0,0,0,0,,0
00-0017127,Ken Walter,P,1999,11,REG,1999_11_CAR_CLE,CAR,CLE,0,0,0,0,0,0,0,0,0,0,0,0,0,0,0,0,0,0,0,0,,0,0,0,0,0,0,0,0,3,91,91,39,0
00-0017160,Dedric Ward,WR,1999,11,REG,1999_11_BUF_NYJ,NYJ,BUF,0,0,0,0,0,0,0,0,0,0,0,0,0,1,0,0,0,0,0,0,,0,0,0,0,0,0,0,0,0,0,0,,0
00-0017162,Hines Ward,WR,1999,11,REG,1999_11_PIT_TEN,PIT,TEN,0,0,0,0,0,0,0,0,0,0,0,0,3,4,20,0,0,0,0,0,,0,0,0,0,0,0,0,0,0,0,0,,0
00-0017200,Kurt Warner,QB,1999,11,REG,1999_11_STL_SF,LA,SF,22,40,201,1,1,3,-20,2,12,0,1,0,0,0,0,0,0,0,0,0,,0,0,0,0,0,0,0,0,0,0,0,,0
00-0017209,Chris Warren,RB,1999,11,REG,1999_11_DAL_ARI,DAL,ARI,0,0,0,0,0,0,0,2,10,0,2,0,3,3,10,0,0,0,0,0,,0,0,0,0,0,0,0,0,0,0,0,,0
00-0017218,Lamont Warren,RB,1999,11,REG,1999_11_NE_MIA,NE,MIA,0,0,0,0,0,1,-7,0,0,0,0,0,0,2,0,0,0,0,0,0,,0,0,0,0,0,0,0,0,0,0,0,,0
00-0017322,Ricky Watters,RB,1999,11,REG,1999_11_SEA_KC,SEA,KC,0,0,0,0,0,0,0,24,107,2,5,0,4,6,67,1,3,0,0,0,,0,0,0,0,0,0,0,0,0,0,0,,0
00-0017337,Charles Way,FB,1999,11,REG,1999_11_NYG_WAS,NYG,WAS,0,0,0,0,0,0,0,8,26,1,2,0,0,0,0,0,0,0,0,0,,0,0,0,0,0,0,0,0,0,0,0,,0
00-0017356,Jed Weaver,TE,1999,11,REG,1999_11_IND_PHI,PHI,IND,0,0,0,0,0,0,0,0,0,0,0,0,0,4,0,0,0,0,0,0,,0,0,0,0,0,0,0,0,0,0,0,,0
00-0017470,Michael Westbrook,WR,1999,11,REG,1999_11_NYG_WAS,WAS,NYG,0,0,0,0,0,0,0,0,0,0,0,0,1,4,1,0,0,0,0,0,,0,0,0,0,0,0,0,0,0,0,0,,0
00-0017480,Ryan Wetnight,TE,1999,11,REG,1999_11_CHI_SD,CHI,LAC,0,0,0,0,0,0,0,0,0,0,0,0,1,3,6,0,1,0,0,0,,0,0,0,0,0,0,0,0,0,0,0,,0
00-0017486,Tyrone Wheatley,RB,1999,11,REG,1999_11_OAK_DEN,LV,DEN,0,0,0,0,0,0,0,16,53,0,2,0,0,4,0,0,0,0,0,0,,0,0,0,0,0,0,0,0,0,0,0,,0
00-0017662,Josh Wilcox,TE,1999,11,REG,1999_11_NO_JAX,NO,JAX,0,0,0,0,0,0,0,0,0,0,0,0,1,1,3,0,0,0,0,0,,0,0,0,0,0,0,0,0,0,0,0,,0
00-0017693,Jeff Wilkins,K,1999,11,REG,1999_11_STL_SF,LA,SF,0,0,0,0,0,0,0,0,0,0,0,0,0,0,0,0,0,0,3,4,49,0,1,0,2,0,0,2,2,0,0,0,,0
00-0017697,Terrence Wilkins,WR,1999,11,REG,1999_11_IND_PHI,IND,PHI,0,0,0,0,0,0,0,0,0,0,0,0,4,6,111,1,2,1,0,0,,0,0,0,0,0,0,0,0,0,0,0,,0
00-0017847,Karl Williams,WR,1999,11,REG,1999_11_ATL_TB,TB,ATL,0,0,0,0,0,0,0,0,0,0,0,0,2,2,14,0,1,0,0,0,,0,0,0,0,0,0,0,0,0,0,0,,0
00-0017860,Kevin R. Williams,WR,1999,11,REG,1999_11_BUF_NYJ,BUF,NYJ,0,0,0,0,0,0,0,0,0,0,0,0,2,3,30,0,2,0,0,0,,0,0,0,0,0,0,0,0,0,0,0,,0
00-0017915,Ricky Williams,RB,1999,11,REG,1999_11_NO_JAX,NO,JAX,0,0,0,0,0,0,0,19,94,2,5,0,2,5,27,0,2,0,0,0,,0,0,0,0,0,0,0,0,0,0,0,,0
00-0017922,Rodney A. Williams,WR,1999,11,REG,1999_11_OAK_DEN,LV,DEN,0,0,0,0,0,0,0,0,0,0,0,0,0,1,0,0,0,0,0,0,,0,0,0,0,0,0,0,0,0,0,0,,0
00-0017924,Roland Williams,TE,1999,11,REG,1999_11_STL_SF,LA,SF,0,0,0,0,0,0,0,0,0,0,0,0,1,2,2,0,0,0,0,0,,0,0,0,0,0,0,0,0,0,0,0,,0
00-0018141,Jon Witman,FB,1999,11,REG,1999_11_PIT_TEN,PIT,TEN,0,0,0,0,0,0,0,0,0,0,0,0,1,1,7,0,0,0,0,0,,0,0,0,0,0,0,0,0,0,0,0,,0
00-0018343,Frank Wycheck,TE,1999,11,REG,1999_11_PIT_TEN,TEN,PIT,0,0,0,0,0,0,0,0,0,0,0,0,5,9,25,0,1,0,0,0,,0,0,0,0,0,0,0,0,0,0,0,,0
00-0018382,Craig Yeast,WR,1999,11,REG,1999_11_BAL_CIN,CIN,BAL,0,0,0,0,0,0,0,0,0,0,0,0,0,2,0,0,0,0,0,0,,0,0,0,0,0,0,0,0,0,0,0,,0
00-0018518,Scott Zolak,QB,1999,11,REG,1999_11_NE_MIA,MIA,NE,0,4,0,0,0,0,0,2,-2,0,0,0,0,0,0,0,0,0,0,0,,0,0,0,0,0,0,0,0,0,0,0,,0
00-0018608,Reggie Davis,TE,1999,11,REG,1999_11_CHI_SD,LAC,CHI,0,0,0,0,0,0,0,0,0,0,0,0,6,7,26,1,4,0,0,0,,0,0,0,0,0,0,0,0,0,0,0,,0
00-0000003,Abdul-Karim al-Jabbar,RB,1999,12,REG,1999_12_TEN_CLE,CLE,TEN,0,0,0,0,0,0,0,15,35,0,1,0,1,1,1,0,0,0,0,0,,0,0,0,0,0,0,0,0,0,0,0,,0
00-0000098,Louie Aguiar,P,1999,12,REG,1999_12_GB_SF,GB,SF,0,0,0,0,0,0,0,0,0,0,0,0,0,0,0,0,0,0,0,0,,0,0,0,0,0,0,0,0,6,232,225,54,3
00-0000104,Troy Aikman,QB,1999,12,REG,1999_12_MIA_DAL,DAL,MIA,16,29,232,1,0,1,-9,2,-1,0,0,0,0,0,0,0,0,0,0,0,,0,0,0,0,0,0,0,0,0,0,0,,0
00-0000145,Derrick Alexander,WR,1999,12,REG,1999_12_KC_OAK,KC,LV,0,0,0,0,0,0,0,0,0,0,0,0,3,7,26,0,1,0,0,0,,0,0,0,0,0,0,0,0,0,0,0,,0
00-0000166,Stephen Alexander,TE,1999,12,REG,1999_12_PHI_WAS,WAS,PHI,0,0,0,0,0,0,0,0,0,0,0,0,1,1,4,0,0,0,0,0,,0,0,0,0,0,0,0,0,0,0,0,,0
00-0000210,James Allen,RB,1999,12,REG,1999_12_CHI_DET,CHI,DET,0,0,0,0,0,0,0,2,1,0,0,0,0,0,0,0,0,0,0,0,,0,0,0,0,0,0,0,0,0,0,0,,0
00-0000232,Terry Allen,RB,1999,12,REG,1999_12_NE_BUF,NE,BUF,0,0,0,0,0,0,0,13,47,0,2,0,0,0,0,0,0,0,0,0,,0,0,0,0,0,0,0,0,0,0,0,,0
00-0000251,Mike Alstott,FB,1999,12,REG,1999_12_TB_SEA,TB,SEA,0,0,0,0,0,0,0,17,49,0,1,0,1,1,24,0,1,0,0,0,,0,0,0,0,0,0,0,0,0,0,0,,0
00-0000282,Morten Andersen,K,1999,12,REG,1999_12_ATL_CAR,ATL,CAR,0,0,0,0,0,0,0,0,0,0,0,0,0,0,0,0,0,0,0,0,,0,0,0,0,0,0,4,4,0,0,0,,0
00-0000313,Gary Anderson,K,1999,12,REG,1999_12_SD_MIN,MIN,LAC,0,0,0,0,0,0,0,0,0,0,0,0,0,0,0,0,0,0,0,0,,0,0,0,0,0,0,5,5,0,0,0,,0
00-0000339,Richie Anderson,FB,1999,12,REG,1999_12_NYJ_IND,NYJ,IND,0,0,0,0,0,0,0,2,12,0,0,0,2,3,13,0,1,0,0,0,,0,0,0,0,0,0,0,0,0,0,0,,0
00-0000387,Reidel Anthony,WR,1999,12,REG,1999_12_TB_SEA,TB,SEA,0,0,0,0,0,0,0,0,0,0,0,0,2,4,10,0,1,0,0,0,,0,0,0,0,0,0,0,0,0,0,0,,0
00-0000400,Leo Araguz,P,1999,12,REG,1999_12_KC_OAK,LV,KC,0,0,0,0,0,0,0,0,0,0,0,0,0,0,0,0,0,0,0,0,,0,0,0,0,0,0,0,0,5,216,182,52,1
00-0000422,Justin Armour,WR,1999,12,REG,1999_12_JAX_BAL,BAL,JAX,0,0,0,0,0,0,0,0,0,0,0,0,2,5,27,0,2,0,0,0,,0,0,0,0,0,0,0,0,0,0,0,,0
00-0000722,Tony Banks,QB,1999,12,REG,1999_12_JAX_BAL,BAL,JAX,17,34,214,2,1,3,-15,0,0,0,0,0,0,0,0,0,0,0,0,0,,0,0,0,0,0,0,0,0,0,0,0,,0
00-0000745,Tiki Barber,RB,1999,12,REG,1999_12_ARI_NYG,NYG,ARI,0,0,0,0,0,0,0,10,37,0,2,0,3,7,64,1,3,0,0,0,,0,0,0,0,0,0,0,0,0,0,0,,0
00-0000754,Bryan Barker,P,1999,12,REG,1999_12_JAX_BAL,JAX,BAL,0,0,0,0,0,0,0,0,0,0,0,0,0,0,0,0,0,0,0,0,,0,0,0,0,0,0,0,0,6,259,204,55,1
00-0000765,Reggie Barlow,WR,1999,12,REG,1999_12_JAX_BAL,JAX,BAL,0,0,0,0,0,0,0,0,0,0,0,0,1,3,11,0,1,0,0,0,,0,0,0,0,0,0,0,0,0,0,0,,0
00-0000811,Tommy Barnhardt,P,1999,12,REG,1999_12_NO_STL,NO,LA,0,0,0,0,0,0,0,0,0,0,0,0,0,0,0,0,0,0,0,0,,0,0,0,0,0,0,0,0,4,177,152,52,0
00-0000856,Michael Basnight,RB,1999,12,REG,1999_12_CIN_PIT,CIN,PIT,0,0,0,0,0,0,0,1,35,0,1,0,2,2,22,0,0,0,0,0,,0,0,0,0,0,0,0,0,0,0,0,,0
00-0000871,Mario Bates,RB,1999,12,REG,1999_12_ARI_NYG,ARI,NYG,0,0,0,0,0,0,0,16,37,1,4,0,0,0,0,0,0,0,0,0,,0,0,0,0,0,0,0,0,0,0,0,,0
00-0000883,Marco Battaglia,TE,1999,12,REG,1999_12_CIN_PIT,CIN,PIT,0,0,0,0,0,0,0,0,0,0,0,0,0,3,0,0,0,0,0,0,,0,0,0,0,0,0,0,0,0,0,0,,0
00-0000911,Fred Baxter,TE,1999,12,REG,1999_12_NYJ_IND,NYJ,IND,0,0,0,0,0,0,0,0,0,0,0,0,0,1,0,0,0,0,0,0,,0,0,0,0,0,0,0,0,0,0,0,,0
00-0000942,Fred Beasley,FB,1999,12,REG,1999_12_GB_SF,SF,GB,0,0,0,0,0,0,0,8,47,0,2,1,3,6,26,0,1,0,0,0,,0,0,0,0,0,0,0,0,0,0,0,,0
00-0001101,Darren Bennett,P,1999,12,REG,1999_12_SD_MIN,LAC,MIN,0,0,0,0,0,0,0,0,0,0,0,0,0,0,0,0,0,0,0,0,,0,0,0,0,0,0,0,0,4,170,170,52,3
00-0001102,Donnell Bennett,FB,1999,12,REG,1999_12_KC_OAK,KC,LV,0,0,0,0,0,0,0,9,27,1,3,0,3,3,23,0,0,0,0,0,,0,0,0,0,0,0,0,0,0,0,0,,0
00-0001103,Edgar Bennett,RB,1999,12,REG,1999_12_CHI_DET,CHI,DET,0,0,0,0,0,0,0,1,2,0,0,0,2,2,9,0,0,0,0,0,,0,0,0,0,0,0,0,0,0,0,0,,0
00-0001112,Sean Bennett,RB,1999,12,REG,1999_12_ARI_NYG,NYG,ARI,0,0,0,0,0,0,0,5,16,1,2,0,1,1,6,0,0,0,0,0,,0,0,0,0,0,0,0,0,0,0,0,,0
00-0001157,Mitch Berger,P,1999,12,REG,1999_12_SD_MIN,MIN,LAC,0,0,0,0,0,0,0,0,0,0,0,0,0,0,0,0,0,0,0,0,,0,0,0,0,0,0,0,0,5,193,193,41,2
00-0001215,Jerome Bettis,RB,1999,12,REG,1999_12_CIN_PIT,PIT,CIN,0,0,0,0,0,0,0,22,81,0,3,0,1,1,6,0,0,0,0,0,,0,0,0,0,0,0,0,0,0,0,0,,0
00-0001218,Steve Beuerlein,QB,1999,12,REG,1999_12_ATL_CAR,CAR,ATL,18,27,262,3,0,2,-8,2,-1,0,0,1,0,0,0,0,0,0,0,0,,0,0,0,0,0,0,0,0,0,0,0,,0
00-0001224,Tim Biakabutuka,RB,1999,12,REG,1999_12_ATL_CAR,CAR,ATL,0,0,0,0,0,0,0,31,94,1,3,0,3,3,25,0,1,0,0,0,,0,0,0,0,0,0,0,0,0,0,0,,0
00-0001233,Eric Bieniemy,RB,1999,12,REG,1999_12_PHI_WAS,PHI,WAS,0,0,0,0,0,0,0,1,28,0,1,0,1,1,27,0,1,0,0,0,,0,0,0,0,0,0,0,0,0,0,0,,0
00-0001281,Eric Bjornson,TE,1999,12,REG,1999_12_MIA_DAL,DAL,MIA,0,0,0,0,0,0,0,0,0,0,0,0,1,1,10,0,1,0,0,0,,0,0,0,0,0,0,0,0,0,0,0,,0
00-0001317,Will Blackwell,WR,1999,12,REG,1999_12_CIN_PIT,PIT,CIN,0,0,0,0,0,0,0,0,0,0,0,0,2,5,19,0,1,0,0,0,,0,0,0,0,0,0,0,0,0,0,0,,0
00-0001335,Jeff Blake,QB,1999,12,REG,1999_12_CIN_PIT,CIN,PIT,15,28,241,1,1,2,-6,11,25,1,3,0,0,0,0,0,0,0,0,0,,0,0,0,0,0,0,0,0,0,0,0,,0
00-0001343,Cary Blanchard,K,1999,12,REG,1999_12_ARI_NYG,NYG,ARI,0,0,0,0,0,0,0,0,0,0,0,0,0,0,0,0,0,0,1,1,24,0,1,0,0,0,0,3,3,0,0,0,,0
00-0001361,Drew Bledsoe,QB,1999,12,REG,1999_12_NE_BUF,NE,BUF,18,34,205,1,1,6,-31,2,6,0,1,0,0,0,0,0,0,0,0,0,,0,0,0,0,0,0,0,0,0,0,0,,0
00-0001460,Chris Boniol,K,1999,12,REG,1999_12_CHI_DET,CHI,DET,0,0,0,0,0,0,0,0,0,0,0,0,0,0,0,0,0,0,1,1,27,0,1,0,0,0,0,2,2,0,0,0,,0
00-0001477,Marty Booker,WR,1999,12,REG,1999_12_CHI_DET,CHI,DET,0,0,0,0,0,0,0,0,0,0,0,0,3,4,33,1,2,0,0,0,,0,0,0,0,0,0,0,0,0,0,0,,0
00-0001532,David Boston,WR,1999,12,REG,1999_12_ARI_NYG,ARI,NYG,0,0,0,0,0,0,0,0,0,0,0,0,1,1,9,0,0,0,0,0,,0,0,0,0,0,0,0,0,0,0,0,,0
00-0001627,Corey Bradford,WR,1999,12,REG,1999_12_GB_SF,GB,SF,0,0,0,0,0,0,0,0,0,0,0,0,2,6,25,1,2,0,0,0,,0,0,0,0,0,0,0,0,0,0,0,,0
00-0001661,Kyle Brady,TE,1999,12,REG,1999_12_JAX_BAL,JAX,BAL,0,0,0,0,0,0,0,0,0,0,0,0,4,7,65,0,3,0,0,0,,0,0,0,0,0,0,0,0,0,0,0,,0
00-0001759,Doug Brien,K,1999,12,REG,1999_12_NO_STL,NO,LA,0,0,0,0,0,0,0,0,0,0,0,0,0,0,0,0,0,0,4,5,51,0,0,1,2,1,0,0,0,0,0,0,,0
00-0001862,Luther Broughton,TE,1999,12,REG,1999_12_PHI_WAS,PHI,WAS,0,0,0,0,0,0,0,0,0,0,0,0,3,4,38,2,3,0,0,0,,0,0,0,0,0,0,0,0,0,0,0,,0
00-0001907,Dave Brown,QB,1999,12,REG,1999_12_ARI_NYG,ARI,NYG,11,17,126,0,0,3,-25,1,4,0,0,0,0,0,0,0,0,0,0,0,,0,0,0,0,0,0,0,0,0,0,0,,0
00-0001980,Kris Brown,K,1999,12,REG,1999_12_CIN_PIT,PIT,CIN,0,0,0,0,0,0,0,0,0,0,0,0,0,0,0,0,0,0,2,2,35,0,0,2,0,0,0,2,2,0,0,0,,0
00-0002005,Na Brown,WR,1999,12,REG,1999_12_PHI_WAS,PHI,WAS,0,0,0,0,0,0,0,0,0,0,0,0,2,3,15,0,0,0,0,0,,0,0,0,0,0,0,0,0,0,0,0,,0
00-0002027,Reggie Brown,FB,1999,12,REG,1999_12_TB_SEA,SEA,TB,0,0,0,0,0,0,0,1,4,0,1,0,5,7,24,0,0,0,0,0,,0,0,0,0,0,0,0,0,0,0,0,,0
00-0002058,Tim Brown,WR,1999,12,REG,1999_12_KC_OAK,LV,KC,0,0,0,0,0,0,0,0,0,0,0,0,5,10,83,0,3,0,0,0,,0,0,0,0,0,0,0,0,0,0,0,,0
00-0002068,Troy Brown,WR,1999,12,REG,1999_12_NE_BUF,NE,BUF,0,0,0,0,0,0,0,0,0,0,0,0,1,5,11,0,1,0,0,0,,0,0,0,0,0,0,0,0,0,0,0,,0
00-0002099,Isaac Bruce,WR,1999,12,REG,1999_12_NO_STL,LA,NO,0,0,0,0,0,0,0,0,0,0,0,0,5,13,81,0,5,0,0,0,,0,0,0,0,0,0,0,0,0,0,0,,0
00-0002102,Mark Bruener,TE,1999,12,REG,1999_12_CIN_PIT,PIT,CIN,0,0,0,0,0,0,0,0,0,0,0,0,2,3,51,0,2,0,0,0,,0,0,0,0,0,0,0,0,0,0,0,,0
00-0002110,Mark Brunell,QB,1999,12,REG,1999_12_JAX_BAL,JAX,BAL,27,47,338,2,2,3,-10,4,5,0,0,0,0,0,0,0,0,0,0,0,,0,0,0,0,0,0,0,0,0,0,0,,0
00-0002459,Kenny Bynum,RB,1999,12,REG,1999_12_SD_MIN,LAC,MIN,0,0,0,0,0,0,0,8,26,0,1,0,2,2,90,1,2,0,0,0,,0,0,0,0,0,0,0,0,0,0,0,,0
00-0002469,Isaac Byrd,WR,1999,12,REG,1999_12_TEN_CLE,TEN,CLE,0,0,0,0,0,0,0,0,0,0,0,0,0,1,0,0,0,0,0,0,,0,0,0,0,0,0,0,0,0,0,0,,0
00-0002544,Chris Calloway,WR,1999,12,REG,1999_12_ATL_CAR,ATL,CAR,0,0,0,0,0,0,0,0,0,0,0,0,2,2,33,0,2,0,0,0,,0,0,0,0,0,0,0,0,0,0,0,,0
00-0002586,Mark Campbell,TE,1999,12,REG,1999_12_TEN_CLE,CLE,TEN,0,0,0,0,0,0,0,0,0,0,0,0,2,2,25,0,2,0,0,0,,0,0,0,0,0,0,0,0,0,0,0,,0
00-0002655,John Carney,K,1999,12,REG,1999_12_SD_MIN,LAC,MIN,0,0,0,0,0,0,0,0,0,0,0,0,0,0,0,0,0,0,2,2,40,0,0,0,2,0,0,3,3,0,0,0,,0
00-0002713,Tony Carter,RB,1999,12,REG,1999_12_NE_BUF,NE,BUF,0,0,0,0,0,0,0,0,0,0,0,0,2,3,9,0,1,0,0,0,,0,0,0,0,0,0,0,0,0,0,0,,0
00-0002721,Cris Carter,WR,1999,12,REG,1999_12_SD_MIN,MIN,LAC,0,0,0,0,0,0,0,0,0,0,0,0,11,17,136,2,7,0,0,0,,0,0,0,0,0,0,0,0,0,0,0,,0
00-0002846,Larry Centers,FB,1999,12,REG,1999_12_PHI_WAS,WAS,PHI,0,0,0,0,0,0,0,2,8,0,0,0,9,10,71,0,4,0,0,0,,0,0,0,0,0,0,0,0,0,0,0,,0
00-0002876,Chris Chandler,QB,1999,12,REG,1999_12_ATL_CAR,ATL,CAR,24,42,315,4,0,4,-36,1,11,0,1,0,0,0,0,0,0,0,0,0,,0,0,0,0,0,0,0,0,0,0,0,,0
00-0002942,Darrin Chiaverini,WR,1999,12,REG,1999_12_TEN_CLE,CLE,TEN,0,0,0,0,0,0,0,0,0,0,0,0,4,9,51,0,3,0,0,0,,0,0,0,0,0,0,0,0,0,0,0,,0
00-0002962,Wayne Chrebet,WR,1999,12,REG,1999_12_NYJ_IND,NYJ,IND,0,0,0,0,0,0,0,0,0,0,0,0,3,4,21,0,0,0,0,0,,0,0,0,0,0,0,0,0,0,0,0,,0
00-0002970,Bob Christian,FB,1999,12,REG,1999_12_ATL_CAR,ATL,CAR,0,0,0,0,0,0,0,1,11,0,1,0,2,3,19,1,1,0,0,0,,0,0,0,0,0,0,0,0,0,0,0,,0
00-0002975,Steve Christie,K,1999,12,REG,1999_12_NE_BUF,BUF,NE,0,0,0,0,0,0,0,0,0,0,0,0,0,0,0,0,0,0,1,1,28,0,1,0,0,0,0,2,2,0,0,0,,0
00-0003039,Greg Clark,TE,1999,12,REG,1999_12_GB_SF,SF,GB,0,0,0,0,0,0,0,0,0,0,0,0,3,3,44,0,3,0,0,0,,0,0,0,0,0,0,0,0,0,0,0,,0
00-0003103,Cameron Cleeland,TE,1999,12,REG,1999_12_NO_STL,NO,LA,0,0,0,0,0,0,0,0,0,0,0,0,5,7,62,0,3,0,0,0,,0,0,0,0,0,0,0,0,0,0,0,,0
00-0003136,Mike Cloud,RB,1999,12,REG,1999_12_KC_OAK,KC,LV,0,0,0,0,0,0,0,11,58,0,5,0,1,1,7,0,0,0,0,0,,0,0,0,0,0,0,0,0,0,0,0,,0
00-0003142,Ben Coates,TE,1999,12,REG,1999_12_NE_BUF,NE,BUF,0,0,0,0,0,0,0,0,0,0,0,0,2,4,14,0,0,0,0,0,,0,0,0,0,0,0,0,0,0,0,0,,0
00-0003175,Mac Cody,WR,1999,12,REG,1999_12_ARI_NYG,ARI,NYG,0,0,0,0,0,0,0,0,0,0,0,0,1,1,5,0,0,0,0,0,,0,0,0,0,0,0,0,0,0,0,0,,0
00-0003266,Bobby Collins,TE,1999,12,REG,1999_12_NE_BUF,BUF,NE,0,0,0,0,0,0,0,0,0,0,0,0,1,1,45,0,1,0,0,0,,0,0,0,0,0,0,0,0,0,0,0,,0
00-0003292,Kerry Collins,QB,1999,12,REG,1999_12_ARI_NYG,NYG,ARI,22,45,298,1,3,2,-16,1,1,1,1,0,0,0,0,0,0,0,0,0,,0,0,0,0,0,0,0,0,0,0,0,,0
00-0003344,Greg Comella,RB,1999,12,REG,1999_12_ARI_NYG,NYG,ARI,0,0,0,0,0,0,0,0,0,0,0,0,1,1,1,0,0,0,0,0,,0,0,0,0,0,0,0,0,0,0,0,,0
00-0003378,Albert Connell,WR,1999,12,REG,1999_12_PHI_WAS,WAS,PHI,0,0,0,0,0,0,0,0,0,0,0,0,6,9,69,0,4,0,0,0,,0,0,0,0,0,0,0,0,0,0,0,,0
00-0003395,Brett Conway,K,1999,12,REG,1999_12_PHI_WAS,WAS,PHI,0,0,0,0,0,0,0,0,0,0,0,0,0,0,0,0,0,0,2,3,43,0,1,0,1,0,0,2,2,0,0,0,,0
00-0003396,Curtis Conway,WR,1999,12,REG,1999_12_CHI_DET,CHI,DET,0,0,0,0,0,0,0,0,0,0,0,0,5,9,31,0,2,0,0,0,,0,0,0,0,0,0,0,0,0,0,0,,0
00-0003512,Brad Costello,P,1999,12,REG,1999_12_CIN_PIT,CIN,PIT,0,0,0,0,0,0,0,0,0,0,0,0,0,0,0,0,0,0,0,0,,0,0,0,0,0,0,0,0,5,189,159,44,1
00-0003535,Tim Couch,QB,1999,12,REG,1999_12_TEN_CLE,CLE,TEN,19,35,262,2,0,7,-34,5,29,1,3,0,0,0,0,0,0,0,0,0,,0,0,0,0,0,0,0,0,0,0,0,,0
00-0003619,Keith Crawford,DB,1999,12,REG,1999_12_GB_SF,GB,SF,0,0,0,0,0,0,0,0,0,0,0,0,1,1,14,0,0,0,0,0,,0,0,0,0,0,0,0,0,0,0,0,,0
00-0003663,Zack Crockett,RB,1999,12,REG,1999_12_KC_OAK,LV,KC,0,0,0,0,0,0,0,2,5,0,1,0,1,1,6,0,0,0,0,0,,0,0,0,0,0,0,0,0,0,0,0,,0
00-0003700,Germane Crowell,WR,1999,12,REG,1999_12_CHI_DET,DET,CHI,0,0,0,0,0,0,0,0,0,0,0,0,7,12,91,1,3,0,0,0,,0,0,0,0,0,0,0,0,0,0,0,,0
00-0003715,Carlester Crumpler,TE,1999,12,REG,1999_12_SD_MIN,MIN,LAC,0,0,0,0,0,0,0,0,0,0,0,0,0,1,0,0,0,0,0,0,,0,0,0,0,0,0,0,0,0,0,0,,0
00-0003762,Richie Cunningham,K,1999,12,REG,1999_12_MIA_DAL,DAL,MIA,0,0,0,0,0,0,0,0,0,0,0,0,0,0,0,0,0,0,2,2,36,0,1,1,0,0,0,2,2,0,0,0,,0
00-0004052,Stephen Davis,RB,1999,12,REG,1999_12_PHI_WAS,WAS,PHI,0,0,0,0,0,0,0,24,61,1,7,0,1,1,-3,0,0,0,0,0,,0,0,0,0,0,0,0,0,0,0,0,,0
00-0004060,Troy Davis,RB,1999,12,REG,1999_12_NO_STL,NO,LA,0,0,0,0,0,0,0,1,3,0,0,0,0,2,0,0,0,0,0,0,,0,0,0,0,0,0,0,0,0,0,0,,0
00-0004063,Tyrone Davis,TE,1999,12,REG,1999_12_GB_SF,GB,SF,0,0,0,0,0,0,0,0,0,0,0,0,3,6,20,1,1,0,0,0,,0,0,0,0,0,0,0,0,0,0,0,,0
00-0004071,Zola Davis,WR,1999,12,REG,1999_12_TEN_CLE,CLE,TEN,0,0,0,0,0,0,0,0,0,0,0,0,0,1,0,0,0,0,0,0,,0,0,0,0,0,0,0,0,0,0,0,,0
00-0004077,Sean Dawkins,WR,1999,12,REG,1999_12_TB_SEA,SEA,TB,0,0,0,0,0,0,0,0,0,0,0,0,4,6,87,0,4,0,0,0,,0,0,0,0,0,0,0,0,0,0,0,,0
00-0004091,Phil Dawson,K,1999,12,REG,1999_12_TEN_CLE,CLE,TEN,0,0,0,0,0,0,0,0,0,0,0,0,0,0,0,0,0,0,0,0,,0,0,0,0,0,0,3,3,0,0,0,,0
00-0004147,Al Del Greco,K,1999,12,REG,1999_12_TEN_CLE,TEN,CLE,0,0,0,0,0,0,0,0,0,0,0,0,0,0,0,0,0,0,2,3,31,0,1,1,0,0,0,3,3,0,0,0,,0
00-0004172,Greg DeLong,TE,1999,12,REG,1999_12_JAX_BAL,BAL,JAX,0,0,0,0,0,0,0,0,0,0,0,0,2,3,11,0,0,0,0,0,,0,0,0,0,0,0,0,0,0,0,0,,0
00-0004293,Trent Dilfer,QB,1999,12,REG,1999_12_TB_SEA,TB,SEA,5,11,50,0,0,4,-27,2,0,0,1,0,0,0,0,0,0,0,0,0,,0,0,0,0,0,0,0,0,0,0,0,,0
00-0004294,Ken Dilger,TE,1999,12,REG,1999_12_NYJ_IND,IND,NYJ,0,0,0,0,0,0,0,0,0,0,0,0,2,2,7,0,1,0,0,0,,0,0,0,0,0,0,0,0,0,0,0,,0
00-0004304,Corey Dillon,RB,1999,12,REG,1999_12_CIN_PIT,CIN,PIT,0,0,0,0,0,0,0,23,120,0,7,0,3,3,20,0,1,0,0,0,,0,0,0,0,0,0,0,0,0,0,0,,0
00-0004463,Dameane Douglas,WR,1999,12,REG,1999_12_PHI_WAS,PHI,WAS,0,0,0,0,0,0,0,0,0,0,0,0,1,2,9,0,0,0,0,0,,0,0,0,0,0,0,0,0,0,0,0,,0
00-0004524,Troy Drayton,TE,1999,12,REG,1999_12_MIA_DAL,MIA,DAL,0,0,0,0,0,0,0,0,0,0,0,0,2,3,20,0,1,0,0,0,,0,0,0,0,0,0,0,0,0,0,0,,0
00-0004574,Rickey Dudley,TE,1999,12,REG,1999_12_KC_OAK,LV,KC,0,0,0,0,0,0,0,0,0,0,0,0,4,5,62,2,4,0,0,0,,0,0,0,0,0,0,0,0,0,0,0,,0
00-0004640,Warrick Dunn,RB,1999,12,REG,1999_12_TB_SEA,TB,SEA,0,0,0,0,0,0,0,15,57,0,2,0,1,2,9,0,0,0,0,0,,0,0,0,0,0,0,0,0,0,0,0,,0
00-0004673,Tim Dwight,WR,1999,12,REG,1999_12_ATL_CAR,ATL,CAR,0,0,0,0,0,0,0,1,3,0,0,0,5,9,102,0,4,0,0,0,,0,0,0,0,0,0,0,0,0,0,0,,0
00-0004694,Kevin Dyson,WR,1999,12,REG,1999_12_TEN_CLE,TEN,CLE,0,0,0,0,0,0,0,0,0,0,0,0,4,10,42,0,3,0,0,0,,0,0,0,0,0,0,0,0,0,0,0,,0
00-0004768,Marc Edwards,FB,1999,12,REG,1999_12_TEN_CLE,CLE,TEN,0,0,0,0,0,0,0,0,0,0,0,0,1,2,4,0,0,0,0,0,,0,0,0,0,0,0,0,0,0,0,0,,0
00-0004780,Troy Edwards,WR,1999,12,REG,1999_12_CIN_PIT,PIT,CIN,0,0,0,0,0,0,0,0,0,0,0,0,7,12,86,0,4,0,0,0,,0,0,0,0,0,0,0,0,0,0,0,,0
00-0004888,Bert Emanuel,WR,1999,12,REG,1999_12_TB_SEA,TB,SEA,0,0,0,0,0,0,0,0,0,0,0,0,0,3,0,0,0,0,0,0,,0,0,0,0,0,0,0,0,0,0,0,,0
00-0004915,Bobby Engram,WR,1999,12,REG,1999_12_CHI_DET,CHI,DET,0,0,0,0,0,0,0,0,0,0,0,0,4,6,41,0,2,0,0,0,,0,0,0,0,0,0,0,0,0,0,0,,0
00-0004916,Curtis Enis,RB,1999,12,REG,1999_12_CHI_DET,CHI,DET,0,0,0,0,0,0,0,6,10,0,0,0,4,4,7,0,1,0,0,0,,0,0,0,0,0,0,0,0,0,0,0,,0
00-0004972,Chuck Evans,RB,1999,12,REG,1999_12_JAX_BAL,BAL,JAX,0,0,0,0,0,0,0,8,47,0,2,0,3,6,3,1,1,0,0,0,,0,0,0,0,0,0,0,0,0,0,0,,0
00-0005060,Chad Fann,TE,1999,12,REG,1999_12_GB_SF,SF,GB,0,0,0,0,0,0,0,0,0,0,0,0,0,1,0,0,0,0,0,0,,0,0,0,0,0,0,0,0,0,0,0,,0
00-0005091,Kevin Faulk,RB,1999,12,REG,1999_12_NE_BUF,NE,BUF,0,0,0,0,0,0,0,7,22,0,0,1,2,2,15,0,0,0,0,0,,0,0,0,0,0,0,0,0,0,0,0,,0
00-0005092,Marshall Faulk,RB,1999,12,REG,1999_12_NO_STL,LA,NO,0,0,0,0,0,0,0,18,102,2,6,0,2,2,13,0,1,0,0,0,,0,0,0,0,0,0,0,0,0,0,0,,0
00-0005101,Christian Fauria,TE,1999,12,REG,1999_12_TB_SEA,SEA,TB,0,0,0,0,0,0,0,0,0,0,0,0,3,6,15,0,0,0,0,0,,0,0,0,0,0,0,0,0,0,0,0,,0
00-0005106,Brett Favre,QB,1999,12,REG,1999_12_GB_SF,GB,SF,24,35,236,2,0,1,-7,0,0,0,0,0,0,0,0,0,0,0,0,0,,0,0,0,0,0,0,0,0,0,0,0,,0
00-0005110,Jermaine Fazande,RB,1999,12,REG,1999_12_SD_MIN,LAC,MIN,0,0,0,0,0,0,0,3,15,0,1,0,0,0,0,0,0,0,0,0,,0,0,0,0,0,0,0,0,0,0,0,,0
00-0005113,Jeff Feagles,P,1999,12,REG,1999_12_TB_SEA,SEA,TB,0,0,0,0,0,0,0,0,0,0,0,0,0,0,0,0,0,0,0,0,,0,0,0,0,0,0,0,0,7,269,246,46,3
00-0005324,Terrell Fletcher,RB,1999,12,REG,1999_12_SD_MIN,LAC,MIN,0,0,0,0,0,0,0,0,0,0,0,0,3,5,11,0,0,0,0,0,,0,0,0,0,0,0,0,0,0,0,0,,0
00-0005348,Chris Floyd,FB,1999,12,REG,1999_12_NE_BUF,NE,BUF,0,0,0,0,0,0,0,0,0,0,0,0,0,1,0,0,0,0,0,0,,0,0,0,0,0,0,0,0,0,0,0,,0
00-0005361,William Floyd,FB,1999,12,REG,1999_12_ATL_CAR,CAR,ATL,0,0,0,0,0,0,0,3,23,0,1,0,2,4,24,0,1,0,0,0,,0,0,0,0,0,0,0,0,0,0,0,,0
00-0005363,Doug Flutie,QB,1999,12,REG,1999_12_NE_BUF,BUF,NE,9,16,207,2,0,0,0,5,-7,0,0,0,0,0,0,0,0,0,0,0,,0,0,0,0,0,0,0,0,0,0,0,,0
00-0005562,Antonio Freeman,WR,1999,12,REG,1999_12_GB_SF,GB,SF,0,0,0,0,0,0,0,0,0,0,0,0,7,9,73,0,4,0,0,0,,0,0,0,0,0,0,0,0,0,0,0,,0
00-0005589,Gus Frerotte,QB,1999,12,REG,1999_12_CHI_DET,DET,CHI,29,42,309,2,0,2,-16,4,5,0,1,0,0,0,0,0,0,0,0,0,,0,0,0,0,0,0,0,0,0,0,0,,0
00-0005616,Irving Fryar,WR,1999,12,REG,1999_12_PHI_WAS,WAS,PHI,0,0,0,0,0,0,0,0,0,0,0,0,2,3,11,0,1,0,0,0,,0,0,0,0,0,0,0,0,0,0,0,,0
00-0005620,Chris Fuamatu-Ma'afala,RB,1999,12,REG,1999_12_CIN_PIT,PIT,CIN,0,0,0,0,0,0,0,1,4,0,0,0,0,0,0,0,0,0,0,0,,0,0,0,0,0,0,0,0,0,0,0,,0
00-0005668,Oronde Gadsden,WR,1999,12,REG,1999_12_MIA_DAL,MIA,DAL,0,0,0,0,0,0,0,0,0,0,0,0,3,5,39,0,3,0,0,0,,0,0,0,0,0,0,0,0,0,0,0,,0
00-0005720,Joey Galloway,WR,1999,12,REG,1999_12_TB_SEA,SEA,TB,0,0,0,0,0,0,0,0,0,0,0,0,1,3,18,0,1,0,0,0,,0,0,0,0,0,0,0,0,0,0,0,,0
00-0005741,Rich Gannon,QB,1999,12,REG,1999_12_KC_OAK,LV,KC,19,29,232,2,2,5,-25,4,30,1,2,0,0,0,0,0,0,0,0,0,,0,0,0,0,0,0,0,0,0,0,0,,0
00-0005771,Chris Gardocki,P,1999,12,REG,1999_12_TEN_CLE,CLE,TEN,0,0,0,0,0,0,0,0,0,0,0,0,0,0,0,0,0,0,0,0,,0,0,0,0,0,0,0,0,6,232,134,49,1
00-0005779,Charlie Garner,RB,1999,12,REG,1999_12_GB_SF,SF,GB,0,0,0,0,0,0,0,15,90,0,4,0,6,11,36,0,1,0,0,0,,0,0,0,0,0,0,0,0,0,0,0,,0
00-0005822,Sam Gash,FB,1999,12,REG,1999_12_NE_BUF,BUF,NE,0,0,0,0,0,0,0,0,0,0,0,0,1,1,31,1,1,0,0,0,,0,0,0,0,0,0,0,0,0,0,0,,0
00-0005883,Eddie George,RB,1999,12,REG,1999_12_TEN_CLE,TEN,CLE,0,0,0,0,0,0,0,26,113,2,6,1,3,5,21,0,1,0,0,0,,0,0,0,0,0,0,0,0,0,0,0,,0
00-0005885,Jeff George,QB,1999,12,REG,1999_12_SD_MIN,MIN,LAC,28,43,363,4,2,1,-7,3,-3,0,0,0,0,0,0,0,0,0,0,0,,0,0,0,0,0,0,0,0,0,0,0,,0
00-0006043,Terry Glenn,WR,1999,12,REG,1999_12_NE_BUF,NE,BUF,0,0,0,0,0,0,0,0,0,0,0,0,3,5,69,1,3,0,0,0,,0,0,0,0,0,0,0,0,0,0,0,,0
00-0006047,Andrew Glover,TE,1999,12,REG,1999_12_SD_MIN,MIN,LAC,0,0,0,0,0,0,0,0,0,0,0,0,1,2,14,0,1,0,0,0,,0,0,0,0,0,0,0,0,0,0,0,,0
00-0006101,Tony Gonzalez,TE,1999,12,REG,1999_12_KC_OAK,KC,LV,0,0,0,0,0,0,0,0,0,0,0,0,3,4,90,1,1,0,0,0,,0,0,0,0,0,0,0,0,0,0,0,,0
00-0006155,Lennox Gordon,RB,1999,12,REG,1999_12_NE_BUF,BUF,NE,0,0,0,0,0,0,0,3,18,0,0,0,0,0,0,0,0,0,0,0,,0,0,0,0,0,0,0,0,0,0,0,,0
00-0006181,Toby Gowin,P,1999,12,REG,1999_12_MIA_DAL,DAL,MIA,0,0,0,0,0,0,0,0,0,0,0,0,0,0,0,0,0,0,0,0,,0,0,0,0,0,0,0,0,6,259,211,51,1
00-0006210,Jeff Graham,WR,1999,12,REG,1999_12_SD_MIN,LAC,MIN,0,0,0,0,0,0,0,0,0,0,0,0,6,8,141,0,5,0,0,0,,0,0,0,0,0,0,0,0,0,0,0,,0
00-0006223,Martin Gramatica,K,1999,12,REG,1999_12_TB_SEA,TB,SEA,0,0,0,0,0,0,0,0,0,0,0,0,0,0,0,0,0,0,3,3,42,0,0,1,2,0,0,1,1,0,0,0,,0
00-0006300,Elvis Grbac,QB,1999,12,REG,1999_12_KC_OAK,KC,LV,18,27,226,1,2,4,-31,2,-6,0,0,0,0,0,0,0,0,0,0,0,,0,0,0,0,0,0,0,0,0,0,0,,0
00-0006305,Ahman Green,RB,1999,12,REG,1999_12_TB_SEA,SEA,TB,0,0,0,0,0,0,0,2,5,0,2,0,0,0,0,0,0,0,0,0,,0,0,0,0,0,0,0,0,0,0,0,,0
00-0006322,E.G. Green,WR,1999,12,REG,1999_12_NYJ_IND,IND,NYJ,0,0,0,0,0,0,0,0,0,0,0,0,2,3,29,0,2,0,0,0,,0,0,0,0,0,0,0,0,0,0,0,,0
00-0006331,Jacquez Green,WR,1999,12,REG,1999_12_TB_SEA,TB,SEA,0,0,0,0,0,0,0,0,0,0,0,0,1,4,6,0,0,0,0,0,,0,0,0,0,0,0,0,0,0,0,0,,0
00-0006359,Yatil Green,WR,1999,12,REG,1999_12_MIA_DAL,MIA,DAL,0,0,0,0,0,0,0,0,0,0,0,0,3,4,47,0,2,0,0,0,,0,0,0,0,0,0,0,0,0,0,0,,0
00-0006627,Az-Zahir Hakim,WR,1999,12,REG,1999_12_NO_STL,LA,NO,0,0,0,0,0,0,0,0,0,0,0,0,2,3,22,0,1,0,0,0,,0,0,0,0,0,0,0,0,0,0,0,,0
00-0006662,John Hall,K,1999,12,REG,1999_12_NYJ_IND,NYJ,IND,0,0,0,0,0,0,0,0,0,0,0,0,0,0,0,0,0,0,2,2,33,0,0,2,0,0,0,0,0,0,0,0,,0
00-0006800,Jason Hanson,K,1999,12,REG,1999_12_CHI_DET,DET,CHI,0,0,0,0,0,0,0,0,0,0,0,0,0,0,0,0,0,0,0,1,,0,0,0,0,0,0,3,3,0,0,0,,0
00-0006804,Patrick Hape,TE,1999,12,REG,1999_12_TB_SEA,TB,SEA,0,0,0,0,0,0,0,0,0,0,0,0,1,1,2,1,1,0,0,0,,0,0,0,0,0,0,0,0,0,0,0,,0
00-0006808,Jim Harbaugh,QB,1999,12,REG,1999_12_SD_MIN,LAC,MIN,25,39,404,1,1,1,-8,3,20,0,2,1,0,0,0,0,0,0,0,0,,0,0,0,0,0,0,0,0,0,0,0,,0
00-0006848,Terry Hardy,TE,1999,12,REG,1999_12_ARI_NYG,ARI,NYG,0,0,0,0,0,0,0,0,0,0,0,0,1,1,2,0,0,0,0,0,,0,0,0,0,0,0,0,0,0,0,0,,0
00-0006949,Jackie Harris,TE,1999,12,REG,1999_12_TEN_CLE,TEN,CLE,0,0,0,0,0,0,0,0,0,0,0,0,3,5,44,0,2,0,0,0,,0,0,0,0,0,0,0,0,0,0,0,,0
00-0007024,Marvin Harrison,WR,1999,12,REG,1999_12_NYJ_IND,IND,NYJ,0,0,0,0,0,0,0,0,0,0,0,0,5,7,58,0,5,0,0,0,,0,0,0,0,0,0,0,0,0,0,0,,0
00-0007091,Matt Hasselbeck,QB,1999,12,REG,1999_12_GB_SF,GB,SF,0,0,0,0,0,0,0,3,3,0,0,0,0,0,0,0,0,0,0,0,,0,0,0,0,0,0,0,0,0,0,0,,0
00-0007093,Andre Hastings,WR,1999,12,REG,1999_12_NO_STL,NO,LA,0,0,0,0,0,0,0,0,0,0,0,0,9,12,113,0,4,0,0,0,,0,0,0,0,0,0,0,0,0,0,0,,0
00-0007120,Courtney Hawkins,WR,1999,12,REG,1999_12_CIN_PIT,PIT,CIN,0,0,0,0,0,0,0,0,0,0,0,0,0,1,0,0,0,0,0,0,,0,0,0,0,0,0,0,0,0,0,0,,0
00-0007144,Donald Hayes,WR,1999,12,REG,1999_12_ATL_CAR,CAR,ATL,0,0,0,0,0,0,0,0,0,0,0,0,5,5,133,1,5,0,0,0,,0,0,0,0,0,0,0,0,0,0,0,,0
00-0007254,William Henderson,FB,1999,12,REG,1999_12_GB_SF,GB,SF,0,0,0,0,0,0,0,0,0,0,0,0,1,1,6,0,0,0,0,0,,0,0,0,0,0,0,0,0,0,0,0,,0
00-0007308,Craig Hentrich,P,1999,12,REG,1999_12_TEN_CLE,TEN,CLE,0,0,0,0,0,0,0,0,0,0,0,0,0,0,0,0,0,0,0,0,,0,0,0,0,0,0,0,0,4,191,182,59,2
00-0007436,Greg Hill,RB,1999,12,REG,1999_12_CHI_DET,DET,CHI,0,0,0,0,0,0,0,19,68,1,3,0,3,3,32,0,1,0,0,0,,0,0,0,0,0,0,0,0,0,0,0,,0
00-0007468,Ike Hilliard,WR,1999,12,REG,1999_12_ARI_NYG,NYG,ARI,0,0,0,0,0,0,0,0,0,0,0,0,4,12,72,0,3,0,0,0,,0,0,0,0,0,0,0,0,0,0,0,,0
00-0007520,Leroy Hoard,RB,1999,12,REG,1999_12_SD_MIN,MIN,LAC,0,0,0,0,0,0,0,6,28,1,3,0,3,4,24,0,2,0,0,0,,0,0,0,0,0,0,0,0,0,0,0,,0
00-0007530,Billy Joe Hobert,QB,1999,12,REG,1999_12_NO_STL,NO,LA,23,41,254,0,2,2,-10,2,11,0,1,0,0,0,0,0,0,0,0,0,,0,0,0,0,0,0,0,0,0,0,0,,0
00-0007546,James Hodgins,RB,1999,12,REG,1999_12_NO_STL,LA,NO,0,0,0,0,0,0,0,3,3,1,1,0,0,0,0,0,0,0,0,0,,0,0,0,0,0,0,0,0,0,0,0,,0
00-0007579,Robert Holcombe,FB,1999,12,REG,1999_12_NO_STL,LA,NO,0,0,0,0,0,0,0,4,24,1,2,0,1,3,10,0,1,0,0,0,,0,0,0,0,0,0,0,0,0,0,0,,0
00-0007622,Mike Hollis,K,1999,12,REG,1999_12_JAX_BAL,JAX,BAL,0,0,0,0,0,0,0,0,0,0,0,0,0,0,0,0,0,0,0,0,,0,0,0,0,0,0,2,2,0,0,0,,0
00-0007681,Torry Holt,WR,1999,12,REG,1999_12_NO_STL,LA,NO,0,0,0,0,0,0,0,0,0,0,0,0,5,6,87,2,4,0,0,0,,0,0,0,0,0,0,0,0,0,0,0,,0
00-0007737,Mike Horan,P,1999,12,REG,1999_12_NO_STL,LA,NO,0,0,0,0,0,0,0,0,0,0,0,0,0,0,0,0,0,0,0,0,,0,0,0,0,0,0,0,0,5,224,189,51,1
00-0007744,Joe Horn,WR,1999,12,REG,1999_12_KC_OAK,KC,LV,0,0,0,0,0,0,0,0,0,0,0,0,1,2,11,0,0,0,0,0,,0,0,0,0,0,0,0,0,0,0,0,,0
00-0007835,Damon Huard,QB,1999,12,REG,1999_12_MIA_DAL,MIA,DAL,4,5,44,0,0,1,-9,1,6,0,0,0,0,0,0,0,0,0,0,0,,0,0,0,0,0,0,0,0,0,0,0,,0
00-0007969,Richard Huntley,RB,1999,12,REG,1999_12_CIN_PIT,PIT,CIN,0,0,0,0,0,0,0,5,12,0,1,1,1,3,6,0,1,0,0,0,,0,0,0,0,0,0,0,0,0,0,0,,0
00-0007983,Michael Husted,K,1999,12,REG,1999_12_KC_OAK,LV,KC,0,0,0,0,0,0,0,0,0,0,0,0,0,0,0,0,0,0,2,3,33,0,0,2,0,0,0,4,4,0,0,0,,0
00-0007993,Tom Hutton,P,1999,12,REG,1999_12_MIA_DAL,MIA,DAL,0,0,0,0,0,0,0,0,0,0,0,0,0,0,0,0,0,0,0,0,,0,0,0,0,0,0,0,0,4,150,155,45,0
00-0008046,Sedrick Irvin,RB,1999,12,REG,1999_12_CHI_DET,DET,CHI,0,0,0,0,0,0,0,2,3,0,0,0,3,3,20,0,0,0,0,0,,0,0,0,0,0,0,0,0,0,0,0,,0
00-0008059,Qadry Ismail,WR,1999,12,REG,1999_12_JAX_BAL,BAL,JAX,0,0,0,0,0,0,0,1,4,0,1,0,5,11,76,0,5,0,0,0,,0,0,0,0,0,0,0,0,0,0,0,,0
00-0008060,Raghib Ismail,WR,1999,12,REG,1999_12_MIA_DAL,DAL,MIA,0,0,0,0,0,0,0,0,0,0,0,0,5,6,125,1,2,0,0,0,,0,0,0,0,0,0,0,0,0,0,0,,0
00-0008080,Chris Jacke,K,1999,12,REG,1999_12_ARI_NYG,ARI,NYG,0,0,0,0,0,0,0,0,0,0,0,0,0,0,0,0,0,0,2,3,39,0,1,1,0,0,0,4,4,0,0,0,,0
00-0008210,Willie Jackson,WR,1999,12,REG,1999_12_CIN_PIT,CIN,PIT,0,0,0,0,0,0,0,0,0,0,0,0,1,2,8,0,0,0,0,0,,0,0,0,0,0,0,0,0,0,0,0,,0
00-0008229,Nate Jacquet,WR,1999,12,REG,1999_12_MIA_DAL,MIA,DAL,0,0,0,0,0,0,0,0,0,0,0,0,0,1,0,0,0,0,0,0,,0,0,0,0,0,0,0,0,0,0,0,,0
00-0008241,Edgerrin James,RB,1999,12,REG,1999_12_NYJ_IND,IND,NYJ,0,0,0,0,0,0,0,24,74,0,3,0,7,8,53,0,3,1,0,0,,0,0,0,0,0,0,0,0,0,0,0,,0
00-0008300,Patrick Jeffers,WR,1999,12,REG,1999_12_ATL_CAR,CAR,ATL,0,0,0,0,0,0,0,0,0,0,0,0,3,6,31,1,3,0,0,0,,0,0,0,0,0,0,0,0,0,0,0,,0
00-0008313,Shawn Jefferson,WR,1999,12,REG,1999_12_NE_BUF,NE,BUF,0,0,0,0,0,0,0,0,0,0,0,0,3,5,36,0,3,0,0,0,,0,0,0,0,0,0,0,0,0,0,0,,0
00-0008329,Dietrich Jells,WR,1999,12,REG,1999_12_PHI_WAS,PHI,WAS,0,0,0,0,0,0,0,0,0,0,0,0,0,1,0,0,0,0,0,0,,0,0,0,0,0,0,0,0,0,0,0,,0
00-0008400,James Jett,WR,1999,12,REG,1999_12_KC_OAK,LV,KC,0,0,0,0,0,0,0,0,0,0,0,0,1,3,5,0,0,0,0,0,,0,0,0,0,0,0,0,0,0,0,0,,0
00-0008401,John Jett,P,1999,12,REG,1999_12_CHI_DET,DET,CHI,0,0,0,0,0,0,0,0,0,0,0,0,0,0,0,0,0,0,0,0,,0,0,0,0,0,0,0,0,7,271,237,51,3
00-0008430,Anthony Johnson,RB,1999,12,REG,1999_12_ATL_CAR,CAR,ATL,0,0,0,0,0,0,0,2,10,0,1,0,0,0,0,0,0,0,0,0,,0,0,0,0,0,0,0,0,0,0,0,,0
00-0008442,Brad Johnson,QB,1999,12,REG,1999_12_PHI_WAS,WAS,PHI,25,36,218,1,1,0,0,3,1,0,0,0,0,0,0,0,0,0,0,0,,0,0,0,0,0,0,0,0,0,0,0,,0
00-0008529,J.J. Johnson,RB,1999,12,REG,1999_12_MIA_DAL,MIA,DAL,0,0,0,0,0,0,0,19,63,0,2,0,1,2,3,0,0,0,0,0,,0,0,0,0,0,0,0,0,0,0,0,,0
00-0008560,Kevin Johnson,WR,1999,12,REG,1999_12_TEN_CLE,CLE,TEN,0,0,0,0,0,0,0,0,0,0,0,0,6,12,90,1,6,0,0,0,,0,0,0,0,0,0,0,0,0,0,0,,0
00-0008561,Keyshawn Johnson,WR,1999,12,REG,1999_12_NYJ_IND,NYJ,IND,0,0,0,0,0,0,0,0,0,0,0,0,4,6,56,0,3,0,0,0,,0,0,0,0,0,0,0,0,0,0,0,,0
00-0008566,Lee Johnson,P,1999,12,REG,1999_12_NE_BUF,NE,BUF,0,0,0,0,0,0,0,1,13,0,1,0,0,0,0,0,0,0,0,0,,0,0,0,0,0,0,0,0,6,212,166,48,1
00-0008570,LeShon Johnson,RB,1999,12,REG,1999_12_ARI_NYG,NYG,ARI,0,0,0,0,0,0,0,3,-2,0,0,0,0,0,0,0,0,0,0,0,,0,0,0,0,0,0,0,0,0,0,0,,0
00-0008593,Norm Johnson,K,1999,12,REG,1999_12_PHI_WAS,PHI,WAS,0,0,0,0,0,0,0,0,0,0,0,0,0,0,0,0,0,0,1,2,34,0,0,1,0,0,0,2,2,0,0,0,,0
00-0008598,Pat Johnson,WR,1999,12,REG,1999_12_JAX_BAL,BAL,JAX,0,0,0,0,0,0,0,0,0,0,0,0,1,2,19,0,1,0,0,0,,0,0,0,0,0,0,0,0,0,0,0,,0
00-0008723,Damon Jones,TE,1999,12,REG,1999_12_JAX_BAL,JAX,BAL,0,0,0,0,0,0,0,0,0,0,0,0,1,1,18,0,1,0,0,0,,0,0,0,0,0,0,0,0,0,0,0,,0
00-0008749,Freddie Jones,TE,1999,12,REG,1999_12_SD_MIN,LAC,MIN,0,0,0,0,0,0,0,0,0,0,0,0,1,5,7,0,0,0,0,0,,0,0,0,0,0,0,0,0,0,0,0,,0
00-0009028,John Kasay,K,1999,12,REG,1999_12_ATL_CAR,CAR,ATL,0,0,0,0,0,0,0,0,0,0,0,0,0,0,0,0,0,0,2,3,30,0,1,1,0,0,0,4,4,0,0,0,,0
00-0009038,Napoleon Kaufman,RB,1999,12,REG,1999_12_KC_OAK,LV,KC,0,0,0,0,0,0,0,7,22,0,1,0,0,0,0,0,0,0,0,0,,0,0,0,0,0,0,0,0,0,0,0,,0
00-0009119,Reggie Kelly,TE,1999,12,REG,1999_12_ATL_CAR,ATL,CAR,0,0,0,0,0,0,0,0,0,0,0,0,1,1,22,0,1,0,0,0,,0,0,0,0,0,0,0,0,0,0,0,,0
00-0009163,Eddie Kennison,WR,1999,12,REG,1999_12_NO_STL,NO,LA,0,0,0,0,0,0,0,1,15,0,1,0,5,10,33,0,1,0,0,0,,0,0,0,0,0,0,0,0,0,0,0,,0
00-0009165,Joey Kent,WR,1999,12,REG,1999_12_TEN_CLE,TEN,CLE,0,0,0,0,0,0,0,0,0,0,0,0,2,2,17,0,1,0,0,0,,0,0,0,0,0,0,0,0,0,0,0,,0
00-0009237,Brian Kinchen,TE,1999,12,REG,1999_12_ATL_CAR,CAR,ATL,0,0,0,0,0,0,0,0,0,0,0,0,1,2,9,0,1,0,0,0,,0,0,0,0,0,0,0,0,0,0,0,,0
00-0009266,Shaun King,QB,1999,12,REG,1999_12_TB_SEA,TB,SEA,3,7,32,1,0,1,-4,3,-1,0,1,0,0,0,0,0,0,0,0,0,,0,0,0,0,0,0,0,0,0,0,0,,0
00-0009288,Terry Kirby,RB,1999,12,REG,1999_12_TEN_CLE,CLE,TEN,0,0,0,0,0,0,0,4,17,0,1,0,4,6,88,1,1,0,0,0,,0,0,0,0,0,0,0,0,0,0,0,,0
00-0009311,Jon Kitna,QB,1999,12,REG,1999_12_TB_SEA,SEA,TB,19,44,197,0,5,3,-27,2,16,0,1,0,0,0,0,0,0,0,0,0,,0,0,0,0,0,0,0,0,0,0,0,,0
00-0009323,Jimmy Kleinsasser,TE,1999,12,REG,1999_12_SD_MIN,MIN,LAC,0,0,0,0,0,0,0,0,0,0,0,0,1,1,11,0,1,0,0,0,,0,0,0,0,0,0,0,0,0,0,0,,0
00-0009417,Rob Konrad,FB,1999,12,REG,1999_12_MIA_DAL,MIA,DAL,0,0,0,0,0,0,0,0,0,0,0,0,2,8,7,0,0,0,0,0,,0,0,0,0,0,0,0,0,0,0,0,,0
00-0009443,Brian Kozlowski,TE,1999,12,REG,1999_12_ATL_CAR,ATL,CAR,0,0,0,0,0,0,0,0,0,0,0,0,3,3,29,1,1,0,0,0,,0,0,0,0,0,0,0,0,0,0,0,,0
00-0009550,David LaFleur,TE,1999,12,REG,1999_12_MIA_DAL,DAL,MIA,0,0,0,0,0,0,0,0,0,0,0,0,1,2,13,0,1,0,0,0,,0,0,0,0,0,0,0,0,0,0,0,,0
00-0009584,Sean Landeta,P,1999,12,REG,1999_12_PHI_WAS,PHI,WAS,0,0,0,0,0,0,0,0,0,0,0,0,0,0,0,0,0,0,0,0,,0,0,0,0,0,0,0,0,4,155,116,50,0
00-0009829,Dorsey Levens,RB,1999,12,REG,1999_12_GB_SF,GB,SF,0,0,0,0,0,0,0,13,56,0,2,0,4,4,31,0,1,0,0,0,,0,0,0,0,0,0,0,0,0,0,0,,0
00-0009842,Chad Lewis,TE,1999,12,REG,1999_12_PHI_WAS,PHI,WAS,0,0,0,0,0,0,0,0,0,0,0,0,0,2,0,0,0,0,0,0,,0,0,0,0,0,0,0,0,0,0,0,,0
00-0009869,Jermaine Lewis,WR,1999,12,REG,1999_12_JAX_BAL,BAL,JAX,0,0,0,0,0,0,0,0,0,0,0,0,1,3,46,0,1,0,0,0,,0,0,0,0,0,0,0,0,0,0,0,,0
00-0009960,Jonathan Linton,FB,1999,12,REG,1999_12_NE_BUF,BUF,NE,0,0,0,0,0,0,0,17,67,0,4,1,3,3,37,0,1,0,0,0,,0,0,0,0,0,0,0,0,0,0,0,,0
00-0010007,Kevin Lockett,WR,1999,12,REG,1999_12_KC_OAK,KC,LV,0,0,0,0,0,0,0,0,0,0,0,0,1,4,20,0,1,0,0,0,,0,0,0,0,0,0,0,0,0,0,0,,0
00-0010072,Ryan Longwell,K,1999,12,REG,1999_12_GB_SF,GB,SF,0,0,0,0,0,0,0,0,0,0,0,0,0,0,0,0,0,0,2,3,23,0,2,0,0,0,0,2,2,0,0,0,,0
00-0010137,Ray Lucas,QB,1999,12,REG,1999_12_NYJ_IND,NYJ,IND,12,22,102,0,0,2,-14,3,28,0,1,0,0,0,0,0,0,0,0,0,,0,0,0,0,0,0,0,0,0,0,0,,0
00-0010146,Mike Lucky,TE,1999,12,REG,1999_12_MIA_DAL,DAL,MIA,0,0,0,0,0,0,0,0,0,0,0,0,2,2,15,0,1,0,0,0,,0,0,0,0,0,0,0,0,0,0,0,,0
00-0010202,Mitch Lyons,TE,1999,12,REG,1999_12_CIN_PIT,PIT,CIN,0,0,0,0,0,0,0,0,0,0,0,0,1,1,7,0,0,0,0,0,,0,0,0,0,0,0,0,0,0,0,0,,0
00-0010292,Joel Makovicka,FB,1999,12,REG,1999_12_ARI_NYG,ARI,NYG,0,0,0,0,0,0,0,0,0,0,0,0,1,1,1,0,0,0,0,0,,0,0,0,0,0,0,0,0,0,0,0,,0
00-0010346,Peyton Manning,QB,1999,12,REG,1999_12_NYJ_IND,IND,NYJ,23,31,198,1,2,2,-11,3,26,0,1,0,0,0,0,0,0,0,0,0,,0,0,0,0,0,0,0,0,0,0,0,,0
00-0010373,Olindo Mare,K,1999,12,REG,1999_12_MIA_DAL,MIA,DAL,0,0,0,0,0,0,0,0,0,0,0,0,0,0,0,0,0,0,0,3,,0,0,0,0,0,0,0,0,0,0,0,,0
00-0010379,Dan Marino,QB,1999,12,REG,1999_12_MIA_DAL,MIA,DAL,15,36,178,0,5,1,-7,0,0,0,0,0,0,0,0,0,0,0,0,0,,0,0,0,0,0,0,0,0,0,0,0,,0
00-0010436,Cecil Martin,RB,1999,12,REG,1999_12_PHI_WAS,PHI,WAS,0,0,0,0,0,0,0,0,0,0,0,0,3,3,9,0,0,0,0,0,,0,0,0,0,0,0,0,0,0,0,0,,0
00-0010442,Curtis Martin,RB,1999,12,REG,1999_12_NYJ_IND,NYJ,IND,0,0,0,0,0,0,0,19,83,0,6,0,3,6,12,0,1,0,0,0,,0,0,0,0,0,0,0,0,0,0,0,,0
00-0010477,Tony Martin,WR,1999,12,REG,1999_12_MIA_DAL,MIA,DAL,0,0,0,0,0,0,0,0,0,0,0,0,3,8,47,0,2,0,0,0,,0,0,0,0,0,0,0,0,0,0,0,,0
00-0010500,Derrick Mason,WR,1999,12,REG,1999_12_TEN_CLE,TEN,CLE,0,0,0,0,0,0,0,0,0,0,0,0,3,6,28,0,2,0,0,0,,0,0,0,0,0,0,0,0,0,0,0,,0
00-0010539,Terance Mathis,WR,1999,12,REG,1999_12_ATL_CAR,ATL,CAR,0,0,0,0,0,0,0,0,0,0,0,0,9,18,98,1,6,0,0,0,,0,0,0,0,0,0,0,0,0,0,0,,0
00-0010598,Alonzo Mayes,TE,1999,12,REG,1999_12_CHI_DET,CHI,DET,0,0,0,0,0,0,0,0,0,0,0,0,1,1,3,1,1,0,0,0,,0,0,0,0,0,0,0,0,0,0,0,,0
00-0010599,Derrick Mayes,WR,1999,12,REG,1999_12_TB_SEA,SEA,TB,0,0,0,0,0,0,0,0,0,0,0,0,3,5,35,0,2,0,0,0,,0,0,0,0,0,0,0,0,0,0,0,,0
00-0010609,Brad Maynard,P,1999,12,REG,1999_12_ARI_NYG,NYG,ARI,0,0,0,0,0,0,0,0,0,0,0,0,0,0,0,0,0,0,0,0,,0,0,0,0,0,0,0,0,6,212,153,53,1
00-0010668,Keenan McCardell,WR,1999,12,REG,1999_12_JAX_BAL,JAX,BAL,0,0,0,0,0,0,0,0,0,0,0,0,8,13,102,1,6,0,0,0,,0,0,0,0,0,0,0,0,0,0,0,,0
00-0010747,Fred McCrary,RB,1999,12,REG,1999_12_SD_MIN,LAC,MIN,0,0,0,0,0,0,0,0,0,0,0,0,4,4,21,0,1,0,0,0,,0,0,0,0,0,0,0,0,0,0,0,,0
00-0010843,Wane McGarity,WR,1999,12,REG,1999_12_MIA_DAL,DAL,MIA,0,0,0,0,0,0,0,0,0,0,0,0,1,4,3,0,0,0,0,0,,0,0,0,0,0,0,0,0,0,0,0,,0
00-0010859,Tony McGee,TE,1999,12,REG,1999_12_CIN_PIT,CIN,PIT,0,0,0,0,0,0,0,0,0,0,0,0,0,1,0,0,0,0,0,0,,0,0,0,0,0,0,0,0,0,0,0,,0
00-0011022,Donovan McNabb,QB,1999,12,REG,1999_12_PHI_WAS,PHI,WAS,16,28,172,2,0,2,-16,8,71,0,4,0,0,0,0,0,0,0,0,0,,0,0,0,0,0,0,0,0,0,0,0,,0
00-0011024,Steve McNair,QB,1999,12,REG,1999_12_TEN_CLE,TEN,CLE,18,36,179,0,0,0,0,7,45,1,4,0,0,0,0,0,0,0,0,0,,0,0,0,0,0,0,0,0,0,0,0,,0
00-0011044,Cade McNown,QB,1999,12,REG,1999_12_CHI_DET,CHI,DET,0,2,0,0,0,0,0,1,9,0,0,0,0,0,0,0,0,0,0,0,,0,0,0,0,0,0,0,0,0,0,0,,0
00-0011068,Johnny McWilliams,TE,1999,12,REG,1999_12_ARI_NYG,ARI,NYG,0,0,0,0,0,0,0,0,0,0,0,0,1,4,9,1,1,0,0,0,,0,0,0,0,0,0,0,0,0,0,0,,0
00-0011151,Eric Metcalf,WR,1999,12,REG,1999_12_ATL_CAR,CAR,ATL,0,0,0,0,0,0,0,0,0,0,0,0,1,1,7,0,0,0,0,0,,0,0,0,0,0,0,0,0,0,0,0,,0
00-0011213,Glyn Milburn,WR,1999,12,REG,1999_12_CHI_DET,CHI,DET,0,0,0,0,0,0,0,1,30,0,1,0,1,2,10,0,1,0,0,0,,0,0,0,0,0,0,0,0,0,0,0,,0
00-0011276,Jim Miller,QB,1999,12,REG,1999_12_CHI_DET,CHI,DET,25,37,204,2,1,2,-20,1,0,0,0,0,0,0,0,0,0,0,0,0,,0,0,0,0,0,0,0,0,0,0,0,,0
00-0011279,Josh Miller,P,1999,12,REG,1999_12_CIN_PIT,PIT,CIN,0,0,0,0,0,0,0,0,0,0,0,0,0,0,0,0,0,0,0,0,,0,0,0,0,0,0,0,0,4,186,176,59,2
00-0011328,Ernie Mills,WR,1999,12,REG,1999_12_MIA_DAL,DAL,MIA,0,0,0,0,0,0,0,1,-1,0,0,0,1,5,11,0,0,0,0,0,,0,0,0,0,0,0,0,0,0,0,0,,0
00-0011392,Basil Mitchell,RB,1999,12,REG,1999_12_GB_SF,GB,SF,0,0,0,0,0,0,0,1,1,0,0,0,0,0,0,0,0,0,0,0,,0,0,0,0,0,0,0,0,0,0,0,,0
00-0011399,Brian Mitchell,RB,1999,12,REG,1999_12_PHI_WAS,WAS,PHI,0,0,0,0,0,0,0,3,24,0,1,0,1,1,9,0,1,0,0,0,,0,0,0,0,0,0,0,0,0,0,0,,0
00-0011425,Pete Mitchell,TE,1999,12,REG,1999_12_ARI_NYG,NYG,ARI,0,0,0,0,0,0,0,0,0,0,0,0,5,7,47,0,4,0,0,0,,0,0,0,0,0,0,0,0,0,0,0,,0
00-0011463,Chris Mohr,P,1999,12,REG,1999_12_NE_BUF,BUF,NE,0,0,0,0,0,0,0,0,0,0,0,0,0,0,0,0,0,0,0,0,,0,0,0,0,0,0,0,0,5,207,153,57,1
00-0011551,Dave Moore,TE,1999,12,REG,1999_12_TB_SEA,TB,SEA,0,0,0,0,0,0,0,0,0,0,0,0,2,2,31,0,1,0,0,0,,0,0,0,0,0,0,0,0,0,0,0,,0
00-0011568,Herman Moore,WR,1999,12,REG,1999_12_CHI_DET,DET,CHI,0,0,0,0,0,0,0,0,0,0,0,0,2,3,26,0,1,0,0,0,,0,0,0,0,0,0,0,0,0,0,0,,0
00-0011601,Rob Moore,WR,1999,12,REG,1999_12_ARI_NYG,ARI,NYG,0,0,0,0,0,0,0,0,0,0,0,0,7,9,102,1,5,0,0,0,,0,0,0,0,0,0,0,0,0,0,0,,0
00-0011675,Bam Morris,RB,1999,12,REG,1999_12_KC_OAK,KC,LV,0,0,0,0,0,0,0,3,4,0,1,0,0,0,0,0,0,0,0,0,,0,0,0,0,0,0,0,0,0,0,0,,0
00-0011727,Johnnie Morton,WR,1999,12,REG,1999_12_CHI_DET,DET,CHI,0,0,0,0,0,0,0,0,0,0,0,0,5,8,59,1,5,0,0,0,,0,0,0,0,0,0,0,0,0,0,0,,0
00-0011754,Randy Moss,WR,1999,12,REG,1999_12_SD_MIN,MIN,LAC,0,0,0,0,0,0,0,0,0,0,0,0,7,11,127,1,4,0,0,0,,0,0,0,0,0,0,0,0,0,0,0,,0
00-0011770,Eric Moulds,WR,1999,12,REG,1999_12_NE_BUF,BUF,NE,0,0,0,0,0,0,0,0,0,0,0,0,1,3,54,1,1,0,0,0,,0,0,0,0,0,0,0,0,0,0,0,,0
00-0011869,Adrian Murrell,RB,1999,12,REG,1999_12_ARI_NYG,ARI,NYG,0,0,0,0,0,0,0,15,28,0,4,0,5,10,50,0,1,0,0,0,,0,0,0,0,0,0,0,0,0,0,0,,0
00-0012368,Winslow Oliver,RB,1999,12,REG,1999_12_ATL_CAR,ATL,CAR,0,0,0,0,0,0,0,1,3,0,0,0,0,0,0,0,0,0,0,0,,0,0,0,0,0,0,0,0,0,0,0,,0
00-0012478,Terrell Owens,WR,1999,12,REG,1999_12_GB_SF,SF,GB,0,0,0,0,0,0,0,0,0,0,0,0,2,2,21,0,1,0,0,0,,0,0,0,0,0,0,0,0,0,0,0,,0
00-0012480,Ken Oxendine,RB,1999,12,REG,1999_12_ATL_CAR,ATL,CAR,0,0,0,0,0,0,0,11,36,0,2,0,1,1,5,1,1,0,0,0,,0,0,0,0,0,0,0,0,0,0,0,,0
00-0012556,De'Mond Parker,RB,1999,12,REG,1999_12_GB_SF,GB,SF,0,0,0,0,0,0,0,5,19,0,2,0,1,1,2,0,0,0,0,0,,0,0,0,0,0,0,0,0,0,0,0,,0
00-0012603,Bernie Parmalee,RB,1999,12,REG,1999_12_NYJ_IND,NYJ,IND,0,0,0,0,0,0,0,2,3,0,1,0,0,0,0,0,0,0,0,0,,0,0,0,0,0,0,0,0,0,0,0,,0
00-0012642,David Patten,WR,1999,12,REG,1999_12_ARI_NYG,NYG,ARI,0,0,0,0,0,0,0,0,0,0,0,0,2,5,21,0,1,0,0,0,,0,0,0,0,0,0,0,0,0,0,0,,0
00-0012742,Doug Pelfrey,K,1999,12,REG,1999_12_CIN_PIT,CIN,PIT,0,0,0,0,0,0,0,0,0,0,0,0,0,0,0,0,0,0,2,3,29,0,2,0,0,0,0,3,3,0,0,0,,0
00-0012764,Chris Penn,WR,1999,12,REG,1999_12_SD_MIN,LAC,MIN,0,0,0,0,0,0,0,0,0,0,0,0,1,1,32,0,1,0,0,0,,0,0,0,0,0,0,0,0,0,0,0,,0
00-0012832,Wilmont Perry,RB,1999,12,REG,1999_12_NO_STL,NO,LA,0,0,0,0,0,0,0,6,19,0,1,0,1,3,11,0,1,0,0,0,,0,0,0,0,0,0,0,0,0,0,0,,0
00-0012875,Todd Peterson,K,1999,12,REG,1999_12_TB_SEA,SEA,TB,0,0,0,0,0,0,0,0,0,0,0,0,0,0,0,0,0,0,1,1,25,0,1,0,0,0,0,0,0,0,0,0,,0
00-0012953,Carl Pickens,WR,1999,12,REG,1999_12_CIN_PIT,CIN,PIT,0,0,0,0,0,0,0,0,0,0,0,0,2,8,41,0,1,0,0,0,,0,0,0,0,0,0,0,0,0,0,0,,0
00-0013028,Scott Player,P,1999,12,REG,1999_12_ARI_NYG,ARI,NYG,0,0,0,0,0,0,0,0,0,0,0,0,0,0,0,0,0,0,0,0,,0,0,0,0,0,0,0,0,4,146,138,55,1
00-0013042,Jake Plummer,QB,1999,12,REG,1999_12_ARI_NYG,ARI,NYG,12,18,125,2,0,1,-4,2,0,0,0,0,0,0,0,0,0,0,0,0,,0,0,0,0,0,0,0,0,0,0,0,,0
00-0013080,Marcus Pollard,TE,1999,12,REG,1999_12_NYJ_IND,IND,NYJ,0,0,0,0,0,0,0,0,0,0,0,0,2,2,12,1,2,0,0,0,,0,0,0,0,0,0,0,0,0,0,0,,0
00-0013097,Keith Poole,WR,1999,12,REG,1999_12_NO_STL,NO,LA,0,0,0,0,0,0,0,0,0,0,0,0,1,5,18,0,1,0,0,0,,0,0,0,0,0,0,0,0,0,0,0,,0
00-0013108,Daniel Pope,P,1999,12,REG,1999_12_KC_OAK,KC,LV,0,0,0,0,0,0,0,0,0,0,0,0,0,0,0,0,0,0,0,0,,0,0,0,0,0,0,0,0,5,189,182,53,1
00-0013232,Peerless Price,WR,1999,12,REG,1999_12_NE_BUF,BUF,NE,0,0,0,0,0,0,0,1,-7,0,0,0,1,5,7,0,1,0,0,0,,0,0,0,0,0,0,0,0,0,0,0,,0
00-0013258,Mike Pritchard,WR,1999,12,REG,1999_12_TB_SEA,SEA,TB,0,0,0,0,0,0,0,0,0,0,0,0,1,1,11,0,1,0,0,0,,0,0,0,0,0,0,0,0,0,0,0,,0
00-0013262,Stanley Pritchett,RB,1999,12,REG,1999_12_MIA_DAL,MIA,DAL,0,0,0,0,0,0,0,0,0,0,0,0,5,9,59,0,2,0,0,0,,0,0,0,0,0,0,0,0,0,0,0,,0
00-0013422,Walter Rasby,TE,1999,12,REG,1999_12_CHI_DET,DET,CHI,0,0,0,0,0,0,0,0,0,0,0,0,2,2,16,0,1,0,0,0,,0,0,0,0,0,0,0,0,0,0,0,,0
00-0013499,Andre Reed,WR,1999,12,REG,1999_12_NE_BUF,BUF,NE,0,0,0,0,0,0,0,0,0,0,0,0,1,1,10,0,1,0,0,0,,0,0,0,0,0,0,0,0,0,0,0,,0
00-0013512,Jake Reed,WR,1999,12,REG,1999_12_SD_MIN,MIN,LAC,0,0,0,0,0,0,0,0,0,0,0,0,4,5,46,1,3,0,0,0,,0,0,0,0,0,0,0,0,0,0,0,,0
00-0013622,Errict Rhett,RB,1999,12,REG,1999_12_JAX_BAL,BAL,JAX,0,0,0,0,0,0,0,13,30,0,0,0,3,4,32,1,1,0,0,0,,0,0,0,0,0,0,0,0,0,0,0,,0
00-0013639,Jerry Rice,WR,1999,12,REG,1999_12_GB_SF,SF,GB,0,0,0,0,0,0,0,0,0,0,0,0,4,8,63,0,2,0,0,0,,0,0,0,0,0,0,0,0,0,0,0,,0
00-0013682,Kyle Richardson,P,1999,12,REG,1999_12_JAX_BAL,BAL,JAX,0,0,0,0,0,0,0,0,0,0,0,0,0,0,0,0,0,0,0,0,,0,0,0,0,0,0,0,0,5,189,162,50,1
00-0013694,Tony Richardson,FB,1999,12,REG,1999_12_KC_OAK,KC,LV,0,0,0,0,0,0,0,3,15,0,1,0,5,5,37,0,0,0,0,0,,0,0,0,0,0,0,0,0,0,0,0,,0
00-0013699,Wade Richey,K,1999,12,REG,1999_12_GB_SF,SF,GB,0,0,0,0,0,0,0,0,0,0,0,0,0,0,0,0,0,0,1,1,35,0,0,1,0,0,0,0,0,0,0,0,,0
00-0013712,Mikhael Ricks,TE,1999,12,REG,1999_12_SD_MIN,LAC,MIN,0,0,0,0,0,0,0,0,0,0,0,0,5,7,64,0,3,0,0,0,,0,0,0,0,0,0,0,0,0,0,0,,0
00-0013770,Andre Rison,WR,1999,12,REG,1999_12_KC_OAK,KC,LV,0,0,0,0,0,0,0,0,0,0,0,0,1,1,12,0,1,0,0,0,,0,0,0,0,0,0,0,0,0,0,0,,0
00-0013773,Jon Ritchie,FB,1999,12,REG,1999_12_KC_OAK,LV,KC,0,0,0,0,0,0,0,1,3,0,1,0,5,5,48,0,3,0,0,0,,0,0,0,0,0,0,0,0,0,0,0,,0
00-0013888,Marcus Robinson,WR,1999,12,REG,1999_12_CHI_DET,CHI,DET,0,0,0,0,0,0,0,0,0,0,0,0,4,8,61,0,2,0,0,0,,0,0,0,0,0,0,0,0,0,0,0,,0
00-0014115,Mark Royals,P,1999,12,REG,1999_12_TB_SEA,TB,SEA,0,0,0,0,0,0,0,0,0,0,0,0,0,0,0,0,0,0,0,0,,0,0,0,0,0,0,0,0,9,359,301,51,1
00-0014211,Rod Rutledge,TE,1999,12,REG,1999_12_NE_BUF,NE,BUF,0,0,0,0,0,0,0,0,0,0,0,0,1,1,7,0,1,0,0,0,,0,0,0,0,0,0,0,0,0,0,0,,0
00-0014319,Chris Sanders,WR,1999,12,REG,1999_12_TEN_CLE,TEN,CLE,0,0,0,0,0,0,0,0,0,0,0,0,0,1,0,0,0,0,0,0,,0,0,0,0,0,0,0,0,0,0,0,,0
00-0014328,Frank Sanders,WR,1999,12,REG,1999_12_ARI_NYG,ARI,NYG,0,0,0,0,0,0,0,0,0,0,0,0,6,8,73,0,6,0,0,0,,0,0,0,0,0,0,0,0,0,0,0,,0
00-0014350,O.J. Santiago,TE,1999,12,REG,1999_12_ATL_CAR,ATL,CAR,0,0,0,0,0,0,0,0,0,0,0,0,1,3,7,0,0,0,0,0,,0,0,0,0,0,0,0,0,0,0,0,,0
00-0014377,Todd Sauerbrun,P,1999,12,REG,1999_12_CHI_DET,CHI,DET,0,0,0,0,0,0,0,0,0,0,0,0,0,0,0,0,0,0,0,0,,0,0,0,0,0,0,0,0,9,393,359,57,1
00-0014450,Cory Schlesinger,FB,1999,12,REG,1999_12_CHI_DET,DET,CHI,0,0,0,0,0,0,0,4,8,0,1,0,3,5,27,0,1,0,0,0,,0,0,0,0,0,0,0,0,0,0,0,,0
00-0014489,Bill Schroeder,WR,1999,12,REG,1999_12_GB_SF,GB,SF,0,0,0,0,0,0,0,0,0,0,0,0,4,6,58,0,4,0,0,0,,0,0,0,0,0,0,0,0,0,0,0,,0
00-0014544,Darnay Scott,WR,1999,12,REG,1999_12_CIN_PIT,CIN,PIT,0,0,0,0,0,0,0,0,0,0,0,0,4,6,123,1,3,0,0,0,,0,0,0,0,0,0,0,0,0,0,0,,0
00-0014619,Junior Seau,LB,1999,12,REG,1999_12_SD_MIN,LAC,MIN,0,0,0,0,0,0,0,0,0,0,0,0,1,1,6,0,0,0,0,0,,0,0,0,0,0,0,0,0,0,0,0,,0
00-0014655,Mike Sellers,TE,1999,12,REG,1999_12_PHI_WAS,WAS,PHI,0,0,0,0,0,0,0,0,0,0,0,0,1,1,6,1,1,0,0,0,,0,0,0,0,0,0,0,0,0,0,0,,0
00-0014729,Bobby Shaw,WR,1999,12,REG,1999_12_CIN_PIT,PIT,CIN,0,0,0,0,0,0,0,0,0,0,0,0,3,7,36,1,2,0,0,0,,0,0,0,0,0,0,0,0,0,0,0,,0
00-0014918,Tony Simmons,WR,1999,12,REG,1999_12_NE_BUF,NE,BUF,0,0,0,0,0,0,0,0,0,0,0,0,1,1,10,0,0,0,0,0,,0,0,0,0,0,0,0,0,0,0,0,,0
00-0015048,David Sloan,TE,1999,12,REG,1999_12_CHI_DET,DET,CHI,0,0,0,0,0,0,0,0,0,0,0,0,3,4,34,0,1,0,0,0,,0,0,0,0,0,0,0,0,0,0,0,,0
00-0015053,Scott Slutzker,TE,1999,12,REG,1999_12_NO_STL,NO,LA,0,0,0,0,0,0,0,0,0,0,0,0,0,2,0,0,0,0,0,0,,0,0,0,0,0,0,0,0,0,0,0,,0
00-0015063,Torrance Small,WR,1999,12,REG,1999_12_PHI_WAS,PHI,WAS,0,0,0,0,0,0,0,0,0,0,0,0,2,4,35,0,1,0,0,0,,0,0,0,0,0,0,0,0,0,0,0,,0
00-0015091,Antowain Smith,RB,1999,12,REG,1999_12_NE_BUF,BUF,NE,0,0,0,0,0,0,0,9,21,0,0,0,1,1,23,0,1,0,0,0,,0,0,0,0,0,0,0,0,0,0,0,,0
00-0015165,Emmitt Smith,RB,1999,12,REG,1999_12_MIA_DAL,DAL,MIA,0,0,0,0,0,0,0,31,103,0,6,0,0,0,0,0,0,0,0,0,,0,0,0,0,0,0,0,0,0,0,0,,0
00-0015194,Hunter Smith,P,1999,12,REG,1999_12_NYJ_IND,IND,NYJ,0,0,0,0,0,0,0,0,0,0,0,0,0,0,0,0,0,0,0,0,,0,0,0,0,0,0,0,0,2,101,80,60,1
00-0015195,Irv Smith,TE,1999,12,REG,1999_12_TEN_CLE,CLE,TEN,0,0,0,0,0,0,0,0,0,0,0,0,1,2,3,0,0,0,0,0,,0,0,0,0,0,0,0,0,0,0,0,,0
00-0015218,Jimmy Smith,WR,1999,12,REG,1999_12_JAX_BAL,JAX,BAL,0,0,0,0,0,0,0,0,0,0,0,0,10,18,132,1,9,0,0,0,,0,0,0,0,0,0,0,0,0,0,0,,0
00-0015242,Lamar Smith,RB,1999,12,REG,1999_12_NO_STL,NO,LA,0,0,0,0,0,0,0,18,54,0,4,0,4,5,36,0,1,0,0,0,,0,0,0,0,0,0,0,0,0,0,0,,0
00-0015286,Robert Smith,RB,1999,12,REG,1999_12_SD_MIN,MIN,LAC,0,0,0,0,0,0,0,20,104,0,6,0,1,1,5,0,0,0,0,0,,0,0,0,0,0,0,0,0,0,0,0,,0
00-0015420,Jerald Sowell,FB,1999,12,REG,1999_12_NYJ_IND,NYJ,IND,0,1,0,0,0,0,0,0,0,0,0,0,0,0,0,0,0,0,0,0,,0,0,0,0,0,0,0,0,0,0,0,,0
00-0015507,Brian Stablein,WR,1999,12,REG,1999_12_CHI_DET,DET,CHI,0,0,0,0,0,0,0,0,0,0,0,0,1,2,4,0,1,0,0,0,,0,0,0,0,0,0,0,0,0,0,0,,0
00-0015523,Duce Staley,RB,1999,12,REG,1999_12_PHI_WAS,PHI,WAS,0,0,0,0,0,0,0,19,44,0,1,0,4,7,39,0,4,0,0,0,,0,0,0,0,0,0,0,0,0,0,0,,0
00-0015550,Chad Stanley,P,1999,12,REG,1999_12_GB_SF,SF,GB,0,0,0,0,0,0,0,0,0,0,0,0,0,0,0,0,0,0,0,0,,0,0,0,0,0,0,0,0,6,218,165,49,3
00-0015627,Steve Stenstrom,QB,1999,12,REG,1999_12_GB_SF,SF,GB,19,35,195,0,1,2,-10,0,0,0,0,0,0,0,0,0,0,0,0,0,,0,0,0,0,0,0,0,0,0,0,0,,0
00-0015655,Tremayne Stephens,RB,1999,12,REG,1999_12_SD_MIN,LAC,MIN,0,0,0,0,0,0,0,6,1,2,2,1,0,2,0,0,0,0,0,0,,0,0,0,0,0,0,0,0,0,0,0,,0
00-0015698,James Stewart,RB,1999,12,REG,1999_12_JAX_BAL,JAX,BAL,0,0,0,0,0,0,0,20,46,1,3,0,3,5,10,0,0,0,0,0,,0,0,0,0,0,0,0,0,0,0,0,,0
00-0015700,Kordell Stewart,QB,1999,12,REG,1999_12_CIN_PIT,PIT,CIN,5,11,36,0,2,0,0,0,0,0,0,0,0,0,0,0,0,0,0,0,,0,0,0,0,0,0,0,0,0,0,0,,0
00-0015751,J.J. Stokes,WR,1999,12,REG,1999_12_GB_SF,SF,GB,0,0,0,0,0,0,0,0,0,0,0,0,1,4,5,0,0,0,0,0,,0,0,0,0,0,0,0,0,0,0,0,,0
00-0015784,Matt Stover,K,1999,12,REG,1999_12_JAX_BAL,BAL,JAX,0,0,0,0,0,0,0,0,0,0,0,0,0,0,0,0,0,0,3,3,46,0,0,2,1,0,0,2,2,0,0,0,,0
00-0015791,Pete Stoyanovich,K,1999,12,REG,1999_12_KC_OAK,KC,LV,0,0,0,0,0,0,0,0,0,0,0,0,0,0,0,0,0,0,3,3,47,0,0,1,2,0,0,4,4,0,0,0,,0
00-0015842,Dan Stryzinski,P,1999,12,REG,1999_12_ATL_CAR,ATL,CAR,0,0,0,0,0,0,0,0,0,0,0,0,0,0,0,0,0,0,0,0,,0,0,0,0,0,0,0,0,6,232,202,45,2
00-0016316,Robert Thomas,FB,1999,12,REG,1999_12_MIA_DAL,DAL,MIA,0,0,0,0,0,0,0,0,0,0,0,0,2,2,12,0,0,0,0,0,,0,0,0,0,0,0,0,0,0,0,0,,0
00-0016321,Rodney Thomas,RB,1999,12,REG,1999_12_TEN_CLE,TEN,CLE,0,0,0,0,0,0,0,0,0,0,0,0,0,1,0,0,0,0,0,0,,0,0,0,0,0,0,0,0,0,0,0,,0
00-0016347,Jeff Thomason,TE,1999,12,REG,1999_12_GB_SF,GB,SF,0,0,0,0,0,0,0,0,0,0,0,0,1,1,7,0,1,0,0,0,,0,0,0,0,0,0,0,0,0,0,0,,0
00-0016538,Mike Tomczak,QB,1999,12,REG,1999_12_CIN_PIT,PIT,CIN,19,35,264,2,0,2,-20,2,10,0,1,0,0,0,0,0,0,0,0,0,,0,0,0,0,0,0,0,0,0,0,0,,0
00-0016550,Amani Toomer,WR,1999,12,REG,1999_12_ARI_NYG,NYG,ARI,0,0,0,0,0,0,0,0,0,0,0,0,6,9,87,0,3,0,0,0,,0,0,0,0,0,0,0,0,0,0,0,,0
00-0016654,Jason Tucker,WR,1999,12,REG,1999_12_MIA_DAL,DAL,MIA,0,0,0,0,0,0,0,0,0,0,0,0,2,4,35,0,2,0,0,0,,0,0,0,0,0,0,0,0,0,0,0,,0
00-0016683,Tom Tupa,P,1999,12,REG,1999_12_NYJ_IND,NYJ,IND,0,0,0,0,0,0,0,0,0,0,0,0,0,0,0,0,0,0,0,0,,0,0,0,0,0,0,0,0,5,232,195,54,0
00-0016689,Matt Turk,P,1999,12,REG,1999_12_PHI_WAS,WAS,PHI,0,0,0,0,0,0,0,0,0,0,0,0,0,0,0,0,0,0,0,0,,0,0,0,0,0,0,0,0,3,105,102,48,2
00-0016830,Mike Vanderjagt,K,1999,12,REG,1999_12_NYJ_IND,IND,NYJ,0,0,0,0,0,0,0,0,0,0,0,0,0,0,0,0,0,0,2,2,37,0,1,1,0,0,0,1,1,0,0,0,,0
00-0016919,Adam Vinatieri,K,1999,12,REG,1999_12_NE_BUF,NE,BUF,0,0,0,0,0,0,0,0,0,0,0,0,0,0,0,0,0,0,0,0,,0,0,0,0,0,0,1,1,0,0,0,,0
00-0017027,Derrick Walker,TE,1999,12,REG,1999_12_KC_OAK,LV,KC,0,0,0,0,0,0,0,0,0,0,0,0,2,2,21,0,1,1,0,0,,0,0,0,0,0,0,0,0,0,0,0,,0
00-0017109,Wesley Walls,TE,1999,12,REG,1999_12_ATL_CAR,CAR,ATL,0,0,0,0,0,0,0,0,0,0,0,0,3,6,33,1,3,0,0,0,,0,0,0,0,0,0,0,0,0,0,0,,0
00-0017127,Ken Walter,P,1999,12,REG,1999_12_ATL_CAR,CAR,ATL,0,0,0,0,0,0,0,0,0,0,0,0,0,0,0,0,0,0,0,0,,0,0,0,0,0,0,0,0,4,163,148,53,0
00-0017160,Dedric Ward,WR,1999,12,REG,1999_12_NYJ_IND,NYJ,IND,0,0,0,0,0,0,0,0,0,0,0,0,0,3,0,0,0,0,0,0,,0,0,0,0,0,0,0,0,0,0,0,,0
00-0017162,Hines Ward,WR,1999,12,REG,1999_12_CIN_PIT,PIT,CIN,0,0,0,0,0,0,0,0,0,0,0,0,7,11,89,1,4,0,0,0,,0,0,0,0,0,0,0,0,0,0,0,,0
00-0017200,Kurt Warner,QB,1999,12,REG,1999_12_NO_STL,LA,NO,15,27,213,2,0,2,-18,2,0,0,0,0,0,0,0,0,0,0,0,0,,0,0,0,0,0,0,0,0,0,0,0,,0
00-0017209,Chris Warren,RB,1999,12,REG,1999_12_MIA_DAL,DAL,MIA,0,0,0,0,0,0,0,0,0,0,0,0,1,1,8,0,1,0,0,0,,0,0,0,0,0,0,0,0,0,0,0,,0
00-0017218,Lamont Warren,RB,1999,12,REG,1999_12_NE_BUF,NE,BUF,0,0,0,0,0,0,0,2,5,0,0,0,3,3,34,0,2,0,0,0,,0,0,0,0,0,0,0,0,0,0,0,,0
00-0017322,Ricky Watters,RB,1999,12,REG,1999_12_TB_SEA,SEA,TB,0,0,0,0,0,0,0,17,64,0,3,0,2,6,7,0,0,0,0,0,,0,0,0,0,0,0,0,0,0,0,0,,0
00-0017337,Charles Way,FB,1999,12,REG,1999_12_ARI_NYG,NYG,ARI,0,0,0,0,0,0,0,1,0,0,0,0,0,1,0,0,0,0,0,0,,0,0,0,0,0,0,0,0,0,0,0,,0
00-0017470,Michael Westbrook,WR,1999,12,REG,1999_12_PHI_WAS,WAS,PHI,0,0,0,0,0,0,0,0,0,0,0,0,4,10,51,0,2,0,0,0,,0,0,0,0,0,0,0,0,0,0,0,,0
00-0017480,Ryan Wetnight,TE,1999,12,REG,1999_12_CHI_DET,CHI,DET,0,0,0,0,0,0,0,0,0,0,0,0,1,3,9,0,0,0,0,0,,0,0,0,0,0,0,0,0,0,0,0,,0
00-0017486,Tyrone Wheatley,RB,1999,12,REG,1999_12_KC_OAK,LV,KC,0,0,0,0,0,0,0,11,48,0,1,0,1,3,7,0,0,0,0,0,,0,0,0,0,0,0,0,0,0,0,0,,0
00-0017611,Alvis Whitted,WR,1999,12,REG,1999_12_JAX_BAL,JAX,BAL,0,0,0,0,0,0,0,1,9,0,0,0,0,0,0,0,0,0,0,0,,0,0,0,0,0,0,0,0,0,0,0,,0
00-0017693,Jeff Wilkins,K,1999,12,REG,1999_12_NO_STL,LA,NO,0,0,0,0,0,0,0,0,0,0,0,0,0,0,0,0,0,0,0,0,,0,0,0,0,0,0,5,5,0,0,0,,0
00-0017697,Terrence Wilkins,WR,1999,12,REG,1999_12_NYJ_IND,IND,NYJ,0,0,0,0,0,0,0,0,0,0,0,0,5,7,39,0,3,0,0,0,,0,0,0,0,0,0,0,0,0,0,0,,0
00-0017847,Karl Williams,WR,1999,12,REG,1999_12_TB_SEA,TB,SEA,0,0,0,0,0,0,0,0,0,0,0,0,0,1,0,0,0,0,0,0,,0,0,0,0,0,0,0,0,0,0,0,,0
00-0017896,Nicolas Luchey,RB,1999,12,REG,1999_12_CIN_PIT,CIN,PIT,0,0,0,0,0,0,0,0,0,0,0,0,3,3,27,0,2,0,0,0,,0,0,0,0,0,0,0,0,0,0,0,,0
00-0018141,Jon Witman,FB,1999,12,REG,1999_12_CIN_PIT,PIT,CIN,0,0,0,0,0,0,0,0,0,0,0,0,0,1,0,0,0,0,0,0,,0,0,0,0,0,0,0,0,0,0,0,,0
00-0018333,Danny Wuerffel,QB,1999,12,REG,1999_12_NO_STL,NO,LA,2,6,19,0,0,0,0,0,0,0,0,0,0,0,0,0,0,0,0,0,,0,0,0,0,0,0,0,0,0,0,0,,0
00-0018343,Frank Wycheck,TE,1999,12,REG,1999_12_TEN_CLE,TEN,CLE,0,0,0,0,0,0,0,0,0,0,0,0,3,5,27,0,2,0,0,0,,0,0,0,0,0,0,0,0,0,0,0,,0
00-0018501,Amos Zereoue,RB,1999,12,REG,1999_12_CIN_PIT,PIT,CIN,0,0,0,0,0,0,0,1,4,0,0,0,0,0,0,0,0,0,0,0,,0,0,0,0,0,0,0,0,0,0,0,,0
00-0018608,Reggie Davis,TE,1999,12,REG,1999_12_SD_MIN,LAC,MIN,0,0,0,0,0,0,0,0,0,0,0,0,2,4,32,0,1,0,0,0,,0,0,0,0,0,0,0,0,0,0,0,,0
00-0000003,Abdul-Karim al-Jabbar,RB,1999,13,REG,1999_13_CLE_SD,CLE,LAC,0,0,0,0,0,0,0,10,29,0,1,0,1,1,21,0,1,0,0,0,,0,0,0,0,0,0,0,0,0,0,0,,0
00-0000007,Rabih Abdullah,RB,1999,13,REG,1999_13_MIN_TB,TB,MIN,0,0,0,0,0,0,0,0,0,0,0,0,1,1,3,0,0,0,0,0,,0,0,0,0,0,0,0,0,0,0,0,,0
00-0000098,Louie Aguiar,P,1999,13,REG,1999_13_GB_CHI,GB,CHI,0,0,0,0,0,0,0,0,0,0,0,0,0,0,0,0,0,0,0,0,,0,0,0,0,0,0,0,0,6,174,174,49,1
00-0000104,Troy Aikman,QB,1999,13,REG,1999_13_DAL_NE,DAL,NE,20,29,160,0,0,3,-20,2,-1,0,0,0,0,0,0,0,0,0,0,0,,0,0,0,0,0,0,0,0,0,0,0,,0
00-0000145,Derrick Alexander,WR,1999,13,REG,1999_13_KC_DEN,KC,DEN,0,0,0,0,0,0,0,0,0,0,0,0,3,5,29,0,2,0,0,0,,0,0,0,0,0,0,0,0,0,0,0,,0
00-0000232,Terry Allen,RB,1999,13,REG,1999_13_DAL_NE,NE,DAL,0,0,0,0,0,0,0,18,53,1,3,0,0,0,0,0,0,0,0,0,,0,0,0,0,0,0,0,0,0,0,0,,0
00-0000251,Mike Alstott,FB,1999,13,REG,1999_13_MIN_TB,TB,MIN,0,0,0,0,0,0,0,23,95,0,5,0,1,1,2,0,0,0,0,0,,0,0,0,0,0,0,0,0,0,0,0,,0
00-0000282,Morten Andersen,K,1999,13,REG,1999_13_NO_ATL,ATL,NO,0,0,0,0,0,0,0,0,0,0,0,0,0,0,0,0,0,0,0,0,,0,0,0,0,0,0,5,5,0,0,0,,0
00-0000313,Gary Anderson,K,1999,13,REG,1999_13_MIN_TB,MIN,TB,0,0,0,0,0,0,0,0,0,0,0,0,0,0,0,0,0,0,1,2,34,0,0,1,0,0,0,2,2,0,0,0,,0
00-0000339,Richie Anderson,FB,1999,13,REG,1999_13_NYJ_NYG,NYJ,NYG,0,0,0,0,0,0,0,0,0,0,0,0,1,1,9,0,0,0,0,0,,0,0,0,0,0,0,0,0,0,0,0,,0
00-0000387,Reidel Anthony,WR,1999,13,REG,1999_13_MIN_TB,TB,MIN,0,0,0,0,0,0,0,0,0,0,0,0,0,1,0,0,0,0,0,0,,0,0,0,0,0,0,0,0,0,0,0,,0
00-0000422,Justin Armour,WR,1999,13,REG,1999_13_TEN_BAL,BAL,TEN,0,0,0,0,0,0,0,0,0,0,0,0,3,8,28,1,3,0,0,0,,0,0,0,0,0,0,0,0,0,0,0,,0
00-0000722,Tony Banks,QB,1999,13,REG,1999_13_TEN_BAL,BAL,TEN,18,31,332,4,0,1,0,1,8,0,0,0,0,0,0,0,0,0,0,0,,0,0,0,0,0,0,0,0,0,0,0,,0
00-0000745,Tiki Barber,RB,1999,13,REG,1999_13_NYJ_NYG,NYG,NYJ,0,0,0,0,0,0,0,4,9,0,0,0,1,4,-7,0,0,0,0,0,,0,0,0,0,0,0,0,0,0,0,0,,0
00-0000754,Bryan Barker,P,1999,13,REG,1999_13_PIT_JAX,JAX,PIT,0,0,0,0,0,0,0,0,0,0,0,0,0,0,0,0,0,0,0,0,,0,0,0,0,0,0,0,0,5,148,148,37,2
00-0000765,Reggie Barlow,WR,1999,13,REG,1999_13_PIT_JAX,JAX,PIT,0,0,0,0,0,0,0,0,0,0,0,0,4,5,31,0,2,1,0,0,,0,0,0,0,0,0,0,0,0,0,0,,0
00-0000811,Tommy Barnhardt,P,1999,13,REG,1999_13_NO_ATL,NO,ATL,0,0,0,0,0,0,0,0,0,0,0,0,0,0,0,0,0,0,0,0,,0,0,0,0,0,0,0,0,5,194,184,47,1
00-0000856,Michael Basnight,RB,1999,13,REG,1999_13_SF_CIN,CIN,SF,0,0,0,0,0,0,0,0,0,0,0,0,1,1,5,0,0,0,0,0,,0,0,0,0,0,0,0,0,0,0,0,,0
00-0000871,Mario Bates,RB,1999,13,REG,1999_13_PHI_ARI,ARI,PHI,0,0,0,0,0,0,0,4,8,0,1,0,1,1,1,0,0,0,0,0,,0,0,0,0,0,0,0,0,0,0,0,,0
00-0000872,Michael Bates,WR,1999,13,REG,1999_13_STL_CAR,CAR,LA,0,0,0,0,0,0,0,1,-2,0,0,0,0,0,0,0,0,0,0,0,,0,0,0,0,0,0,0,0,0,0,0,,0
00-0000883,Marco Battaglia,TE,1999,13,REG,1999_13_SF_CIN,CIN,SF,0,0,0,0,0,0,0,0,0,0,0,0,1,1,30,0,1,0,0,0,,0,0,0,0,0,0,0,0,0,0,0,,0
00-0000911,Fred Baxter,TE,1999,13,REG,1999_13_NYJ_NYG,NYJ,NYG,0,0,0,0,0,0,0,0,0,0,0,0,0,1,0,0,0,0,0,0,,0,0,0,0,0,0,0,0,0,0,0,,0
00-0000942,Fred Beasley,FB,1999,13,REG,1999_13_SF_CIN,SF,CIN,0,0,0,0,0,0,0,4,2,0,1,1,2,2,19,0,2,0,0,0,,0,0,0,0,0,0,0,0,0,0,0,,0
00-0001101,Darren Bennett,P,1999,13,REG,1999_13_CLE_SD,LAC,CLE,0,0,0,0,0,0,0,0,0,0,0,0,0,0,0,0,0,0,0,0,,0,0,0,0,0,0,0,0,3,109,102,45,1
00-0001102,Donnell Bennett,FB,1999,13,REG,1999_13_KC_DEN,KC,DEN,0,0,0,0,0,0,0,13,66,0,3,0,0,0,0,0,0,0,0,0,,0,0,0,0,0,0,0,0,0,0,0,,0
00-0001103,Edgar Bennett,RB,1999,13,REG,1999_13_GB_CHI,CHI,GB,0,0,0,0,0,0,0,0,0,0,0,0,0,1,0,0,0,0,0,0,,0,0,0,0,0,0,0,0,0,0,0,,0
00-0001112,Sean Bennett,RB,1999,13,REG,1999_13_NYJ_NYG,NYG,NYJ,0,0,0,0,0,0,0,1,4,0,0,0,0,0,0,0,0,0,0,0,,0,0,0,0,0,0,0,0,0,0,0,,0
00-0001157,Mitch Berger,P,1999,13,REG,1999_13_MIN_TB,MIN,TB,0,0,0,0,0,0,0,0,0,0,0,0,0,0,0,0,0,0,0,0,,0,0,0,0,0,0,0,0,3,108,108,48,1
00-0001215,Jerome Bettis,RB,1999,13,REG,1999_13_PIT_JAX,PIT,JAX,0,0,0,0,0,0,0,12,23,0,2,0,1,2,14,0,1,0,0,0,,0,0,0,0,0,0,0,0,0,0,0,,0
00-0001218,Steve Beuerlein,QB,1999,13,REG,1999_13_STL_CAR,CAR,LA,21,42,266,3,2,4,-14,1,12,0,1,0,0,0,0,0,0,0,0,0,,0,0,0,0,0,0,0,0,0,0,0,,0
00-0001224,Tim Biakabutuka,RB,1999,13,REG,1999_13_STL_CAR,CAR,LA,0,0,0,0,0,0,0,11,42,0,1,0,3,5,17,0,1,0,0,0,,0,0,0,0,0,0,0,0,0,0,0,,0
00-0001233,Eric Bieniemy,RB,1999,13,REG,1999_13_PHI_ARI,PHI,ARI,0,0,0,0,0,0,0,2,5,0,0,0,0,0,0,0,0,0,0,0,,0,0,0,0,0,0,0,0,0,0,0,,0
00-0001335,Jeff Blake,QB,1999,13,REG,1999_13_SF_CIN,CIN,SF,21,30,334,4,0,2,-9,3,18,0,0,0,0,0,0,0,0,0,0,0,,0,0,0,0,0,0,0,0,0,0,0,,0
00-0001343,Cary Blanchard,K,1999,13,REG,1999_13_NYJ_NYG,NYG,NYJ,0,0,0,0,0,0,0,0,0,0,0,0,0,0,0,0,0,0,2,2,41,0,0,1,1,0,0,5,5,0,0,0,,0
00-0001361,Drew Bledsoe,QB,1999,13,REG,1999_13_DAL_NE,NE,DAL,14,25,176,0,2,1,0,7,10,0,2,0,0,0,0,0,0,0,0,0,,0,0,0,0,0,0,0,0,0,0,0,,0
00-0001460,Chris Boniol,K,1999,13,REG,1999_13_GB_CHI,CHI,GB,0,0,0,0,0,0,0,0,0,0,0,0,0,0,0,0,0,0,2,3,24,0,2,0,0,0,0,1,1,0,0,0,,0
00-0001477,Marty Booker,WR,1999,13,REG,1999_13_GB_CHI,CHI,GB,0,0,0,0,0,0,0,0,0,0,0,0,1,1,4,0,0,0,0,0,,0,0,0,0,0,0,0,0,0,0,0,,0
00-0001532,David Boston,WR,1999,13,REG,1999_13_PHI_ARI,ARI,PHI,0,0,0,0,0,0,0,0,0,0,0,0,3,5,28,1,2,0,0,0,,0,0,0,0,0,0,0,0,0,0,0,,0
00-0001627,Corey Bradford,WR,1999,13,REG,1999_13_GB_CHI,GB,CHI,0,0,0,0,0,0,0,0,0,0,0,0,0,1,0,0,0,0,0,0,,0,0,0,0,0,0,0,0,0,0,0,,0
00-0001759,Doug Brien,K,1999,13,REG,1999_13_NO_ATL,NO,ATL,0,0,0,0,0,0,0,0,0,0,0,0,0,0,0,0,0,0,2,2,34,0,1,1,0,0,0,0,0,0,0,0,,0
00-0001783,Vincent Brisby,WR,1999,13,REG,1999_13_DAL_NE,NE,DAL,0,0,0,0,0,0,0,0,0,0,0,0,1,3,7,0,0,0,0,0,,0,0,0,0,0,0,0,0,0,0,0,,0
00-0001862,Luther Broughton,TE,1999,13,REG,1999_13_PHI_ARI,PHI,ARI,0,0,0,0,0,0,0,0,0,0,0,0,1,2,5,0,0,0,0,0,,0,0,0,0,0,0,0,0,0,0,0,,0
00-0001980,Kris Brown,K,1999,13,REG,1999_13_PIT_JAX,PIT,JAX,0,0,0,0,0,0,0,0,0,0,0,0,0,0,0,0,0,0,2,2,40,0,0,1,1,0,0,0,0,0,0,0,,0
00-0002005,Na Brown,WR,1999,13,REG,1999_13_PHI_ARI,PHI,ARI,0,0,0,0,0,0,0,0,0,0,0,0,4,8,29,0,1,0,0,0,,0,0,0,0,0,0,0,0,0,0,0,,0
00-0002027,Reggie Brown,FB,1999,13,REG,1999_13_SEA_OAK,SEA,LV,0,0,0,0,0,0,0,1,3,0,0,0,3,4,11,0,1,0,0,0,,0,0,0,0,0,0,0,0,0,0,0,,0
00-0002058,Tim Brown,WR,1999,13,REG,1999_13_SEA_OAK,LV,SEA,0,0,0,0,0,0,0,0,0,0,0,0,6,8,75,2,6,0,0,0,,0,0,0,0,0,0,0,0,0,0,0,,0
00-0002068,Troy Brown,WR,1999,13,REG,1999_13_DAL_NE,NE,DAL,0,0,0,0,0,0,0,0,0,0,0,0,4,4,40,0,2,0,0,0,,0,0,0,0,0,0,0,0,0,0,0,,0
00-0002099,Isaac Bruce,WR,1999,13,REG,1999_13_STL_CAR,LA,CAR,0,0,0,0,0,0,0,0,0,0,0,0,6,7,111,0,3,0,0,0,,0,0,0,0,0,0,0,0,0,0,0,,0
00-0002102,Mark Bruener,TE,1999,13,REG,1999_13_PIT_JAX,PIT,JAX,0,0,0,0,0,0,0,0,0,0,0,0,3,4,27,0,1,0,0,0,,0,0,0,0,0,0,0,0,0,0,0,,0
00-0002110,Mark Brunell,QB,1999,13,REG,1999_13_PIT_JAX,JAX,PIT,25,37,308,1,0,2,-10,3,10,0,0,0,0,0,0,0,0,0,0,0,,0,0,0,0,0,0,0,0,0,0,0,,0
00-0002459,Kenny Bynum,RB,1999,13,REG,1999_13_CLE_SD,LAC,CLE,0,0,0,0,0,0,0,17,60,1,5,0,0,1,0,0,0,0,0,0,,0,0,0,0,0,0,0,0,0,0,0,,0
00-0002469,Isaac Byrd,WR,1999,13,REG,1999_13_TEN_BAL,TEN,BAL,0,0,0,0,0,0,0,0,0,0,0,0,2,4,32,0,1,0,0,0,,0,0,0,0,0,0,0,0,0,0,0,,0
00-0002544,Chris Calloway,WR,1999,13,REG,1999_13_NO_ATL,ATL,NO,0,0,0,0,0,0,0,0,0,0,0,0,1,1,22,0,1,0,0,0,,0,0,0,0,0,0,0,0,0,0,0,,0
00-0002586,Mark Campbell,TE,1999,13,REG,1999_13_CLE_SD,CLE,LAC,0,0,0,0,0,0,0,0,0,0,0,0,1,1,12,0,1,0,0,0,,0,0,0,0,0,0,0,0,0,0,0,,0
00-0002655,John Carney,K,1999,13,REG,1999_13_CLE_SD,LAC,CLE,0,0,0,0,0,0,0,0,0,0,0,0,0,0,0,0,0,0,3,3,44,1,0,1,1,0,0,2,2,0,0,0,,0
00-0002709,Dwayne Carswell,OT,1999,13,REG,1999_13_KC_DEN,DEN,KC,0,0,0,0,0,0,0,0,0,0,0,0,1,1,5,0,0,0,0,0,,0,0,0,0,0,0,0,0,0,0,0,,0
00-0002713,Tony Carter,RB,1999,13,REG,1999_13_DAL_NE,NE,DAL,0,0,0,0,0,0,0,0,0,0,0,0,0,3,0,0,0,0,0,0,,0,0,0,0,0,0,0,0,0,0,0,,0
00-0002721,Cris Carter,WR,1999,13,REG,1999_13_MIN_TB,MIN,TB,0,0,0,0,0,0,0,0,0,0,0,0,6,14,42,1,3,0,0,0,,0,0,0,0,0,0,0,0,0,0,0,,0
00-0002787,Stoney Case,QB,1999,13,REG,1999_13_TEN_BAL,BAL,TEN,0,0,0,0,0,0,0,3,-4,0,0,0,0,0,0,0,0,0,0,0,,0,0,0,0,0,0,0,0,0,0,0,,0
00-0002846,Larry Centers,FB,1999,13,REG,1999_13_WAS_DET,WAS,DET,0,0,0,0,0,0,0,1,2,0,0,0,7,10,47,0,3,0,0,0,,0,0,0,0,0,0,0,0,0,0,0,,0
00-0002861,Byron Chamberlain,TE,1999,13,REG,1999_13_KC_DEN,DEN,KC,0,0,0,0,0,0,0,0,0,0,0,0,0,1,0,0,0,0,0,0,,0,0,0,0,0,0,0,0,0,0,0,,0
00-0002876,Chris Chandler,QB,1999,13,REG,1999_13_NO_ATL,ATL,NO,15,25,233,2,3,0,0,1,1,1,1,0,0,0,0,0,0,0,0,0,,0,0,0,0,0,0,0,0,0,0,0,,0
00-0002942,Darrin Chiaverini,WR,1999,13,REG,1999_13_CLE_SD,CLE,LAC,0,0,0,0,0,0,0,0,0,0,0,0,4,7,46,0,2,0,0,0,,0,0,0,0,0,0,0,0,0,0,0,,0
00-0002962,Wayne Chrebet,WR,1999,13,REG,1999_13_NYJ_NYG,NYJ,NYG,0,0,0,0,0,0,0,0,0,0,0,0,7,11,84,2,5,0,0,0,,0,0,0,0,0,0,0,0,0,0,0,,0
00-0002970,Bob Christian,FB,1999,13,REG,1999_13_NO_ATL,ATL,NO,0,0,0,0,0,0,0,6,44,1,3,0,0,0,0,0,0,0,0,0,,0,0,0,0,0,0,0,0,0,0,0,,0
00-0003039,Greg Clark,TE,1999,13,REG,1999_13_SF_CIN,SF,CIN,0,0,0,0,0,0,0,0,0,0,0,0,3,5,24,0,1,0,0,0,,0,0,0,0,0,0,0,0,0,0,0,,0
00-0003103,Cameron Cleeland,TE,1999,13,REG,1999_13_NO_ATL,NO,ATL,0,0,0,0,0,0,0,0,0,0,0,0,0,4,0,0,0,0,0,0,,0,0,0,0,0,0,0,0,0,0,0,,0
00-0003136,Mike Cloud,RB,1999,13,REG,1999_13_KC_DEN,KC,DEN,0,0,0,0,0,0,0,4,13,0,0,0,0,0,0,0,0,0,0,0,,0,0,0,0,0,0,0,0,0,0,0,,0
00-0003175,Mac Cody,WR,1999,13,REG,1999_13_PHI_ARI,ARI,PHI,0,0,0,0,0,0,0,0,0,0,0,0,2,3,19,0,1,0,0,0,,0,0,0,0,0,0,0,0,0,0,0,,0
00-0003292,Kerry Collins,QB,1999,13,REG,1999_13_NYJ_NYG,NYG,NYJ,17,29,341,3,0,1,-3,1,1,1,1,0,0,0,0,0,0,0,0,0,,0,0,0,0,0,0,0,0,0,0,0,,0
00-0003310,Ryan Collins,TE,1999,13,REG,1999_13_TEN_BAL,BAL,TEN,0,0,0,0,0,0,0,0,0,0,0,0,0,1,0,0,0,0,0,0,,0,0,0,0,0,0,0,0,0,0,0,,0
00-0003378,Albert Connell,WR,1999,13,REG,1999_13_WAS_DET,WAS,DET,0,0,0,0,0,0,0,0,0,0,0,0,3,8,35,0,2,0,0,0,,0,0,0,0,0,0,0,0,0,0,0,,0
00-0003395,Brett Conway,K,1999,13,REG,1999_13_WAS_DET,WAS,DET,0,0,0,0,0,0,0,0,0,0,0,0,0,0,0,0,0,0,1,1,42,0,0,0,1,0,0,2,2,0,0,0,,0
00-0003396,Curtis Conway,WR,1999,13,REG,1999_13_GB_CHI,CHI,GB,0,0,0,0,0,0,0,0,0,0,0,0,5,8,57,0,5,0,0,0,,0,0,0,0,0,0,0,0,0,0,0,,0
00-0003512,Brad Costello,P,1999,13,REG,1999_13_SF_CIN,CIN,SF,0,0,0,0,0,0,0,0,0,0,0,0,0,0,0,0,0,0,0,0,,0,0,0,0,0,0,0,0,3,92,87,42,0
00-0003535,Tim Couch,QB,1999,13,REG,1999_13_CLE_SD,CLE,LAC,18,29,184,1,2,6,-37,1,4,0,0,0,0,0,0,0,0,0,0,0,,0,0,0,0,0,0,0,0,0,0,0,,0
00-0003663,Zack Crockett,RB,1999,13,REG,1999_13_SEA_OAK,LV,SEA,0,0,0,0,0,0,0,6,4,1,1,0,0,0,0,0,0,0,0,0,,0,0,0,0,0,0,0,0,0,0,0,,0
00-0003681,Howard Cross,TE,1999,13,REG,1999_13_NYJ_NYG,NYG,NYJ,0,0,0,0,0,0,0,0,0,0,0,0,0,1,0,0,0,0,0,0,,0,0,0,0,0,0,0,0,0,0,0,,0
00-0003700,Germane Crowell,WR,1999,13,REG,1999_13_WAS_DET,DET,WAS,0,0,0,0,0,0,0,1,4,0,0,0,5,8,122,0,4,0,0,0,,0,0,0,0,0,0,0,0,0,0,0,,0
00-0003762,Richie Cunningham,K,1999,13,REG,1999_13_DAL_NE,DAL,NE,0,0,0,0,0,0,0,0,0,0,0,0,0,0,0,0,0,0,2,3,34,0,1,1,0,0,0,0,0,0,0,0,,0
00-0003944,Billy Davis,WR,1999,13,REG,1999_13_TEN_BAL,BAL,TEN,0,0,0,0,0,0,0,0,0,0,0,0,1,1,9,0,0,0,0,0,,0,0,0,0,0,0,0,0,0,0,0,,0
00-0004052,Stephen Davis,RB,1999,13,REG,1999_13_WAS_DET,WAS,DET,0,0,0,0,0,0,0,12,51,0,2,0,5,6,8,0,0,0,0,0,,0,0,0,0,0,0,0,0,0,0,0,,0
00-0004060,Troy Davis,RB,1999,13,REG,1999_13_NO_ATL,NO,ATL,0,0,0,0,0,0,0,7,7,0,0,0,4,6,20,0,1,0,0,0,,0,0,0,0,0,0,0,0,0,0,0,,0
00-0004063,Tyrone Davis,TE,1999,13,REG,1999_13_GB_CHI,GB,CHI,0,0,0,0,0,0,0,0,0,0,0,0,1,2,5,0,0,0,0,0,,0,0,0,0,0,0,0,0,0,0,0,,0
00-0004077,Sean Dawkins,WR,1999,13,REG,1999_13_SEA_OAK,SEA,LV,0,0,0,0,0,0,0,0,0,0,0,0,2,6,24,1,1,0,0,0,,0,0,0,0,0,0,0,0,0,0,0,,0
00-0004079,Lawrence Dawsey,WR,1999,13,REG,1999_13_NO_ATL,NO,ATL,0,0,0,0,0,0,0,0,0,0,0,0,1,2,15,0,1,0,0,0,,0,0,0,0,0,0,0,0,0,0,0,,0
00-0004091,Phil Dawson,K,1999,13,REG,1999_13_CLE_SD,CLE,LAC,0,0,0,0,0,0,0,0,0,0,0,0,0,0,0,0,0,0,1,2,33,0,0,1,0,0,0,1,1,0,0,0,,0
00-0004147,Al Del Greco,K,1999,13,REG,1999_13_TEN_BAL,TEN,BAL,0,0,0,0,0,0,0,0,0,0,0,0,0,0,0,0,0,0,2,2,39,0,0,2,0,0,0,0,0,0,0,0,,0
00-0004294,Ken Dilger,TE,1999,13,REG,1999_13_IND_MIA,IND,MIA,0,0,0,0,0,0,0,0,0,0,0,0,5,5,80,0,4,0,0,0,,0,0,0,0,0,0,0,0,0,0,0,,0
00-0004304,Corey Dillon,RB,1999,13,REG,1999_13_SF_CIN,CIN,SF,0,0,0,0,0,0,0,25,133,1,9,0,5,5,77,1,4,0,0,0,,0,0,0,0,0,0,0,0,0,0,0,,0
00-0004463,Dameane Douglas,WR,1999,13,REG,1999_13_PHI_ARI,PHI,ARI,0,0,0,0,0,0,0,0,0,0,0,0,3,4,47,1,2,0,0,0,,0,0,0,0,0,0,0,0,0,0,0,,0
00-0004524,Troy Drayton,TE,1999,13,REG,1999_13_IND_MIA,MIA,IND,0,0,0,0,0,0,0,0,0,0,0,0,1,4,9,0,0,0,0,0,,0,0,0,0,0,0,0,0,0,0,0,,0
00-0004574,Rickey Dudley,TE,1999,13,REG,1999_13_SEA_OAK,LV,SEA,0,0,0,0,0,0,0,0,0,0,0,0,4,5,54,0,4,0,0,0,,0,0,0,0,0,0,0,0,0,0,0,,0
00-0004673,Tim Dwight,WR,1999,13,REG,1999_13_NO_ATL,ATL,NO,0,0,0,0,0,0,0,0,0,0,0,0,2,3,80,1,2,0,0,0,,0,0,0,0,0,0,0,0,0,0,0,,0
00-0004694,Kevin Dyson,WR,1999,13,REG,1999_13_TEN_BAL,TEN,BAL,0,0,0,0,0,0,0,0,0,0,0,0,1,5,6,0,0,0,0,0,,0,0,0,0,0,0,0,0,0,0,0,,0
00-0004768,Marc Edwards,FB,1999,13,REG,1999_13_CLE_SD,CLE,LAC,0,0,0,0,0,0,0,1,1,0,0,0,1,3,5,0,0,0,0,0,,0,0,0,0,0,0,0,0,0,0,0,,0
00-0004780,Troy Edwards,WR,1999,13,REG,1999_13_PIT_JAX,PIT,JAX,0,0,0,0,0,0,0,0,0,0,0,0,2,11,29,0,2,0,0,0,,0,0,0,0,0,0,0,0,0,0,0,,0
00-0004811,Jason Elam,K,1999,13,REG,1999_13_KC_DEN,DEN,KC,0,0,0,0,0,0,0,0,0,0,0,0,0,0,0,0,0,0,1,1,39,0,0,1,0,0,0,1,1,0,0,0,,0
00-0004888,Bert Emanuel,WR,1999,13,REG,1999_13_MIN_TB,TB,MIN,0,0,0,0,0,0,0,0,0,0,0,0,2,5,12,0,0,0,0,0,,0,0,0,0,0,0,0,0,0,0,0,,0
00-0004915,Bobby Engram,WR,1999,13,REG,1999_13_GB_CHI,CHI,GB,0,0,0,0,0,0,0,0,0,0,0,0,2,5,60,0,1,0,0,0,,0,0,0,0,0,0,0,0,0,0,0,,0
00-0004916,Curtis Enis,RB,1999,13,REG,1999_13_GB_CHI,CHI,GB,0,0,0,0,0,0,0,19,80,1,5,0,7,11,48,0,1,0,0,0,,0,0,0,0,0,0,0,0,0,0,0,,0
00-0004972,Chuck Evans,RB,1999,13,REG,1999_13_TEN_BAL,BAL,TEN,0,0,0,0,0,0,0,5,5,0,0,0,1,1,13,0,1,0,0,0,,0,0,0,0,0,0,0,0,0,0,0,,0
00-0005060,Chad Fann,TE,1999,13,REG,1999_13_SF_CIN,SF,CIN,0,0,0,0,0,0,0,0,0,0,0,0,1,1,2,0,0,0,0,0,,0,0,0,0,0,0,0,0,0,0,0,,0
00-0005091,Kevin Faulk,RB,1999,13,REG,1999_13_DAL_NE,NE,DAL,0,0,0,0,0,0,0,9,36,0,2,0,3,4,43,0,2,0,0,0,,0,0,0,0,0,0,0,0,0,0,0,,0
00-0005092,Marshall Faulk,RB,1999,13,REG,1999_13_STL_CAR,LA,CAR,0,0,0,0,0,0,0,22,118,0,7,0,6,7,79,0,4,0,0,0,,0,0,0,0,0,0,0,0,0,0,0,,0
00-0005101,Christian Fauria,TE,1999,13,REG,1999_13_SEA_OAK,SEA,LV,0,0,0,0,0,0,0,0,0,0,0,0,1,1,7,0,1,0,0,0,,0,0,0,0,0,0,0,0,0,0,0,,0
00-0005106,Brett Favre,QB,1999,13,REG,1999_13_GB_CHI,GB,CHI,17,24,155,1,2,2,-16,1,10,0,1,0,0,0,0,0,0,0,0,0,,0,0,0,0,0,0,0,0,0,0,0,,0
00-0005110,Jermaine Fazande,RB,1999,13,REG,1999_13_CLE_SD,LAC,CLE,0,0,0,0,0,0,0,12,42,1,3,0,0,0,0,0,0,0,0,0,,0,0,0,0,0,0,0,0,0,0,0,,0
00-0005113,Jeff Feagles,P,1999,13,REG,1999_13_SEA_OAK,SEA,LV,0,0,0,0,0,0,0,0,0,0,0,0,0,0,0,0,0,0,0,0,,0,0,0,0,0,0,0,0,1,43,44,43,0
00-0005324,Terrell Fletcher,RB,1999,13,REG,1999_13_CLE_SD,LAC,CLE,0,0,0,0,0,0,0,9,28,0,1,0,0,0,0,0,0,0,0,0,,0,0,0,0,0,0,0,0,0,0,0,,0
00-0005348,Chris Floyd,FB,1999,13,REG,1999_13_DAL_NE,NE,DAL,0,0,0,0,0,0,0,1,2,0,0,0,0,0,0,0,0,0,0,0,,0,0,0,0,0,0,0,0,0,0,0,,0
00-0005361,William Floyd,FB,1999,13,REG,1999_13_STL_CAR,CAR,LA,0,0,0,0,0,0,0,2,1,0,0,0,1,2,7,0,0,0,0,0,,0,0,0,0,0,0,0,0,0,0,0,,0
00-0005562,Antonio Freeman,WR,1999,13,REG,1999_13_GB_CHI,GB,CHI,0,0,0,0,0,0,0,0,0,0,0,0,6,7,97,0,5,0,0,0,,0,0,0,0,0,0,0,0,0,0,0,,0
00-0005589,Gus Frerotte,QB,1999,13,REG,1999_13_WAS_DET,DET,WAS,21,32,280,1,0,5,-19,1,1,0,0,0,0,0,0,0,0,0,0,0,,0,0,0,0,0,0,0,0,0,0,0,,0
00-0005668,Oronde Gadsden,WR,1999,13,REG,1999_13_IND_MIA,MIA,IND,0,0,0,0,0,0,0,0,0,0,0,0,6,7,103,1,5,0,0,0,,0,0,0,0,0,0,0,0,0,0,0,,0
00-0005720,Joey Galloway,WR,1999,13,REG,1999_13_SEA_OAK,SEA,LV,0,0,0,0,0,0,0,0,0,0,0,0,4,10,68,1,4,0,0,0,,0,0,0,0,0,0,0,0,0,0,0,,0
00-0005741,Rich Gannon,QB,1999,13,REG,1999_13_SEA_OAK,LV,SEA,19,24,253,2,1,0,0,3,-3,0,0,0,0,0,0,0,0,0,0,0,,0,0,0,0,0,0,0,0,0,0,0,,0
00-0005755,Jeff Garcia,QB,1999,13,REG,1999_13_SF_CIN,SF,CIN,33,48,437,3,1,0,0,1,12,0,0,0,0,0,0,0,0,0,0,0,,0,0,0,0,0,0,0,0,0,0,0,,0
00-0005771,Chris Gardocki,P,1999,13,REG,1999_13_CLE_SD,CLE,LAC,0,0,0,0,0,0,0,0,0,0,0,0,0,0,0,0,0,0,0,0,,0,0,0,0,0,0,0,0,5,223,163,54,1
00-0005779,Charlie Garner,RB,1999,13,REG,1999_13_SF_CIN,SF,CIN,0,0,0,0,0,0,0,18,91,1,4,0,5,5,52,0,4,0,0,0,,0,0,0,0,0,0,0,0,0,0,0,,0
00-0005816,Olandis Gary,RB,1999,13,REG,1999_13_KC_DEN,DEN,KC,0,0,0,0,0,0,0,14,61,1,4,0,2,2,15,0,0,0,0,0,,0,0,0,0,0,0,0,0,0,0,0,,0
00-0005883,Eddie George,RB,1999,13,REG,1999_13_TEN_BAL,TEN,BAL,0,0,0,0,0,0,0,8,32,1,3,0,5,8,44,0,2,0,0,0,,0,0,0,0,0,0,0,0,0,0,0,,0
00-0005885,Jeff George,QB,1999,13,REG,1999_13_MIN_TB,MIN,TB,26,45,271,1,2,4,-25,1,7,0,0,0,0,0,0,0,0,0,0,0,,0,0,0,0,0,0,0,0,0,0,0,,0
00-0006043,Terry Glenn,WR,1999,13,REG,1999_13_DAL_NE,NE,DAL,0,0,0,0,0,0,0,0,0,0,0,0,3,3,27,0,2,0,0,0,,0,0,0,0,0,0,0,0,0,0,0,,0
00-0006047,Andrew Glover,TE,1999,13,REG,1999_13_MIN_TB,MIN,TB,0,0,0,0,0,0,0,0,0,0,0,0,1,1,5,0,0,0,0,0,,0,0,0,0,0,0,0,0,0,0,0,,0
00-0006101,Tony Gonzalez,TE,1999,13,REG,1999_13_KC_DEN,KC,DEN,0,0,0,0,0,0,0,0,0,0,0,0,5,7,35,1,2,0,0,0,,0,0,0,0,0,0,0,0,0,0,0,,0
00-0006181,Toby Gowin,P,1999,13,REG,1999_13_DAL_NE,DAL,NE,0,0,0,0,0,0,0,0,0,0,0,0,0,0,0,0,0,0,0,0,,0,0,0,0,0,0,0,0,4,177,145,50,1
00-0006210,Jeff Graham,WR,1999,13,REG,1999_13_CLE_SD,LAC,CLE,0,0,0,0,0,0,0,0,0,0,0,0,5,5,82,0,4,0,0,0,,0,0,0,0,0,0,0,0,0,0,0,,0
00-0006223,Martin Gramatica,K,1999,13,REG,1999_13_MIN_TB,TB,MIN,0,0,0,0,0,0,0,0,0,0,0,0,0,0,0,0,0,0,1,1,20,0,1,0,0,0,0,3,3,0,0,0,,0
00-0006299,Tony Graziani,QB,1999,13,REG,1999_13_NO_ATL,ATL,NO,0,0,0,0,0,0,0,2,-2,0,0,0,0,0,0,0,0,0,0,0,,0,0,0,0,0,0,0,0,0,0,0,,0
00-0006300,Elvis Grbac,QB,1999,13,REG,1999_13_KC_DEN,KC,DEN,20,34,183,1,1,1,-8,2,-2,0,0,0,0,0,0,0,0,0,0,0,,0,0,0,0,0,0,0,0,0,0,0,,0
00-0006305,Ahman Green,RB,1999,13,REG,1999_13_SEA_OAK,SEA,LV,0,0,0,0,0,0,0,1,21,0,1,0,0,0,0,0,0,0,0,0,,0,0,0,0,0,0,0,0,0,0,0,,0
00-0006322,E.G. Green,WR,1999,13,REG,1999_13_IND_MIA,IND,MIA,0,0,0,0,0,0,0,0,0,0,0,0,2,4,9,0,0,0,0,0,,0,0,0,0,0,0,0,0,0,0,0,,0
00-0006324,Eric Green,TE,1999,13,REG,1999_13_NYJ_NYG,NYJ,NYG,0,0,0,0,0,0,0,0,0,0,0,0,2,2,17,1,1,0,0,0,,0,0,0,0,0,0,0,0,0,0,0,,0
00-0006331,Jacquez Green,WR,1999,13,REG,1999_13_MIN_TB,TB,MIN,0,0,0,0,0,0,0,0,0,0,0,0,5,9,70,1,3,0,0,0,,0,0,0,0,0,0,0,0,0,0,0,,0
00-0006359,Yatil Green,WR,1999,13,REG,1999_13_IND_MIA,MIA,IND,0,0,0,0,0,0,0,0,0,0,0,0,5,8,64,0,5,0,0,0,,0,0,0,0,0,0,0,0,0,0,0,,0
00-0006423,Brian Griese,QB,1999,13,REG,1999_13_KC_DEN,DEN,KC,20,36,227,0,1,2,-19,1,1,0,0,0,0,0,0,0,0,0,0,0,,0,0,0,0,0,0,0,0,0,0,0,,0
00-0006456,Howard Griffith,RB,1999,13,REG,1999_13_KC_DEN,DEN,KC,0,0,0,0,0,0,0,2,19,0,1,0,4,4,26,0,0,0,0,0,,0,0,0,0,0,0,0,0,0,0,0,,0
00-0006482,Clif Groce,FB,1999,13,REG,1999_13_SF_CIN,CIN,SF,0,0,0,0,0,0,0,0,0,0,0,0,2,2,12,0,1,0,0,0,,0,0,0,0,0,0,0,0,0,0,0,,0
00-0006627,Az-Zahir Hakim,WR,1999,13,REG,1999_13_STL_CAR,LA,CAR,0,0,0,0,0,0,0,1,-3,0,0,0,4,5,122,2,3,0,0,0,,0,0,0,0,0,0,0,0,0,0,0,,0
00-0006662,John Hall,K,1999,13,REG,1999_13_NYJ_NYG,NYJ,NYG,0,0,0,0,0,0,0,0,0,0,0,0,0,0,0,0,0,0,0,0,,0,0,0,0,0,0,4,4,0,0,0,,0
00-0006666,Lamont Hall,TE,1999,13,REG,1999_13_GB_CHI,GB,CHI,0,0,0,0,0,0,0,0,0,0,0,0,1,1,9,0,1,0,0,0,,0,0,0,0,0,0,0,0,0,0,0,,0
00-0006692,Ty Hallock,LB,1999,13,REG,1999_13_GB_CHI,CHI,GB,0,0,0,0,0,0,0,0,0,0,0,0,1,1,7,0,0,0,0,0,,0,0,0,0,0,0,0,0,0,0,0,,0
00-0006800,Jason Hanson,K,1999,13,REG,1999_13_WAS_DET,DET,WAS,0,0,0,0,0,0,0,0,0,0,0,0,0,0,0,0,0,0,4,5,52,0,0,1,1,2,0,3,3,0,0,0,,0
00-0006808,Jim Harbaugh,QB,1999,13,REG,1999_13_CLE_SD,LAC,CLE,16,23,161,0,0,3,-18,6,15,0,1,0,0,0,0,0,0,0,0,0,,0,0,0,0,0,0,0,0,0,0,0,,0
00-0006848,Terry Hardy,TE,1999,13,REG,1999_13_PHI_ARI,ARI,PHI,0,0,0,0,0,0,0,0,0,0,0,0,1,2,4,0,1,0,0,0,,0,0,0,0,0,0,0,0,0,0,0,,0
00-0006949,Jackie Harris,TE,1999,13,REG,1999_13_TEN_BAL,TEN,BAL,0,0,0,0,0,0,0,0,0,0,0,0,4,4,52,0,2,0,0,0,,0,0,0,0,0,0,0,0,0,0,0,,0
00-0007024,Marvin Harrison,WR,1999,13,REG,1999_13_IND_MIA,IND,MIA,0,0,0,0,0,0,0,0,0,0,0,0,8,10,125,0,6,0,0,0,,0,0,0,0,0,0,0,0,0,0,0,,0
00-0007093,Andre Hastings,WR,1999,13,REG,1999_13_NO_ATL,NO,ATL,0,0,0,0,0,0,0,0,0,0,0,0,5,8,46,0,3,0,0,0,,0,0,0,0,0,0,0,0,0,0,0,,0
00-0007103,Matt Hatchette,WR,1999,13,REG,1999_13_MIN_TB,MIN,TB,0,0,0,0,0,0,0,0,0,0,0,0,0,2,0,0,0,0,0,0,,0,0,0,0,0,0,0,0,0,0,0,,0
00-0007144,Donald Hayes,WR,1999,13,REG,1999_13_STL_CAR,CAR,LA,0,0,0,0,0,0,0,0,0,0,0,0,1,3,36,1,1,0,0,0,,0,0,0,0,0,0,0,0,0,0,0,,0
00-0007254,William Henderson,FB,1999,13,REG,1999_13_GB_CHI,GB,CHI,0,0,0,0,0,0,0,4,18,1,1,0,2,2,13,0,1,0,0,0,,0,0,0,0,0,0,0,0,0,0,0,,0
00-0007308,Craig Hentrich,P,1999,13,REG,1999_13_TEN_BAL,TEN,BAL,0,0,0,0,0,0,0,0,0,0,0,0,0,0,0,0,0,0,0,0,,0,0,0,0,0,0,0,0,6,275,220,52,1
00-0007436,Greg Hill,RB,1999,13,REG,1999_13_WAS_DET,DET,WAS,0,0,0,0,0,0,0,11,16,0,1,0,1,1,8,0,0,0,0,0,,0,0,0,0,0,0,0,0,0,0,0,,0
00-0007468,Ike Hilliard,WR,1999,13,REG,1999_13_NYJ_NYG,NYG,NYJ,0,0,0,0,0,0,0,0,0,0,0,0,6,9,121,0,5,0,0,0,,0,0,0,0,0,0,0,0,0,0,0,,0
00-0007520,Leroy Hoard,RB,1999,13,REG,1999_13_MIN_TB,MIN,TB,0,0,0,0,0,0,0,3,9,1,1,1,6,7,61,0,3,0,0,0,,0,0,0,0,0,0,0,0,0,0,0,,0
00-0007530,Billy Joe Hobert,QB,1999,13,REG,1999_13_NO_ATL,NO,ATL,2,7,12,0,0,2,-16,0,0,0,0,0,0,0,0,0,0,0,0,0,,0,0,0,0,0,0,0,0,0,0,0,,0
00-0007579,Robert Holcombe,FB,1999,13,REG,1999_13_STL_CAR,LA,CAR,0,0,0,0,0,0,0,8,10,0,0,0,0,1,0,0,0,0,0,0,,0,0,0,0,0,0,0,0,0,0,0,,0
00-0007622,Mike Hollis,K,1999,13,REG,1999_13_PIT_JAX,JAX,PIT,0,0,0,0,0,0,0,0,0,0,0,0,0,0,0,0,0,0,2,2,32,0,1,1,0,0,0,2,2,0,0,0,,0
00-0007661,Priest Holmes,RB,1999,13,REG,1999_13_TEN_BAL,BAL,TEN,0,0,0,0,0,0,0,9,100,0,3,0,1,2,13,0,1,0,0,0,,0,0,0,0,0,0,0,0,0,0,0,,0
00-0007681,Torry Holt,WR,1999,13,REG,1999_13_STL_CAR,LA,CAR,0,0,0,0,0,0,0,0,0,0,0,0,1,3,4,0,0,0,0,0,,0,0,0,0,0,0,0,0,0,0,0,,0
00-0007737,Mike Horan,P,1999,13,REG,1999_13_STL_CAR,LA,CAR,0,0,0,0,0,0,0,0,0,0,0,0,0,0,0,0,0,0,0,0,,0,0,0,0,0,0,0,0,1,13,13,13,0
00-0007744,Joe Horn,WR,1999,13,REG,1999_13_KC_DEN,KC,DEN,0,0,0,0,0,0,0,1,6,0,0,0,2,4,36,0,2,0,0,0,,0,0,0,0,0,0,0,0,0,0,0,,0
00-0007795,Chris Howard,RB,1999,13,REG,1999_13_PIT_JAX,JAX,PIT,0,0,0,0,0,0,0,0,0,0,0,0,1,1,8,0,0,0,0,0,,0,0,0,0,0,0,0,0,0,0,0,,0
00-0007969,Richard Huntley,RB,1999,13,REG,1999_13_PIT_JAX,PIT,JAX,0,0,0,0,0,0,0,2,37,0,1,0,0,1,0,0,0,0,0,0,,0,0,0,0,0,0,0,0,0,0,0,,0
00-0007983,Michael Husted,K,1999,13,REG,1999_13_SEA_OAK,LV,SEA,0,0,0,0,0,0,0,0,0,0,0,0,0,0,0,0,0,0,3,4,41,1,1,0,1,0,0,3,3,0,0,0,,0
00-0007993,Tom Hutton,P,1999,13,REG,1999_13_IND_MIA,MIA,IND,0,0,0,0,0,0,0,0,0,0,0,0,0,0,0,0,0,0,0,0,,0,0,0,0,0,0,0,0,4,177,136,50,1
00-0008059,Qadry Ismail,WR,1999,13,REG,1999_13_TEN_BAL,BAL,TEN,0,0,0,0,0,0,0,0,0,0,0,0,5,9,113,0,3,0,0,0,,0,0,0,0,0,0,0,0,0,0,0,,0
00-0008060,Raghib Ismail,WR,1999,13,REG,1999_13_DAL_NE,DAL,NE,0,0,0,0,0,0,0,1,-8,0,0,0,8,12,58,0,2,0,0,0,,0,0,0,0,0,0,0,0,0,0,0,,0
00-0008080,Chris Jacke,K,1999,13,REG,1999_13_PHI_ARI,ARI,PHI,0,0,0,0,0,0,0,0,0,0,0,0,0,0,0,0,0,0,0,0,,0,0,0,0,0,0,3,3,0,0,0,,0
00-0008210,Willie Jackson,WR,1999,13,REG,1999_13_SF_CIN,CIN,SF,0,0,0,0,0,0,0,0,0,0,0,0,1,5,11,0,1,0,0,0,,0,0,0,0,0,0,0,0,0,0,0,,0
00-0008241,Edgerrin James,RB,1999,13,REG,1999_13_IND_MIA,IND,MIA,0,0,0,0,0,0,0,23,130,2,6,0,3,3,1,0,0,0,0,0,,0,0,0,0,0,0,0,0,0,0,0,,0
00-0008300,Patrick Jeffers,WR,1999,13,REG,1999_13_STL_CAR,CAR,LA,0,0,0,0,0,0,0,0,0,0,0,0,7,9,107,1,3,0,0,0,,0,0,0,0,0,0,0,0,0,0,0,,0
00-0008313,Shawn Jefferson,WR,1999,13,REG,1999_13_DAL_NE,NE,DAL,0,0,0,0,0,0,0,0,0,0,0,0,2,3,46,0,2,0,0,0,,0,0,0,0,0,0,0,0,0,0,0,,0
00-0008329,Dietrich Jells,WR,1999,13,REG,1999_13_PHI_ARI,PHI,ARI,0,0,0,0,0,0,0,0,0,0,0,0,0,2,0,0,0,0,0,0,,0,0,0,0,0,0,0,0,0,0,0,,0
00-0008400,James Jett,WR,1999,13,REG,1999_13_SEA_OAK,LV,SEA,0,0,0,0,0,0,0,0,0,0,0,0,3,3,56,0,3,0,0,0,,0,0,0,0,0,0,0,0,0,0,0,,0
00-0008401,John Jett,P,1999,13,REG,1999_13_WAS_DET,DET,WAS,0,0,0,0,0,0,0,0,0,0,0,0,0,0,0,0,0,0,0,0,,0,0,0,0,0,0,0,0,6,238,193,55,1
00-0008442,Brad Johnson,QB,1999,13,REG,1999_13_WAS_DET,WAS,DET,26,43,249,1,2,5,-32,1,-1,0,0,0,0,0,0,0,0,0,0,0,,0,0,0,0,0,0,0,0,0,0,0,,0
00-0008529,J.J. Johnson,RB,1999,13,REG,1999_13_IND_MIA,MIA,IND,0,0,0,0,0,0,0,21,62,0,3,1,3,5,26,0,0,0,0,0,,0,0,0,0,0,0,0,0,0,0,0,,0
00-0008560,Kevin Johnson,WR,1999,13,REG,1999_13_CLE_SD,CLE,LAC,0,1,0,0,0,0,0,0,0,0,0,0,5,10,41,1,2,0,0,0,,0,0,0,0,0,0,0,0,0,0,0,,0
00-0008561,Keyshawn Johnson,WR,1999,13,REG,1999_13_NYJ_NYG,NYJ,NYG,0,0,0,0,0,0,0,0,0,0,0,0,10,14,98,1,5,0,0,0,,0,0,0,0,0,0,0,0,0,0,0,,0
00-0008566,Lee Johnson,P,1999,13,REG,1999_13_DAL_NE,NE,DAL,0,0,0,0,0,0,0,0,0,0,0,0,0,0,0,0,0,0,0,0,,0,0,0,0,0,0,0,0,4,162,127,56,1
00-0008593,Norm Johnson,K,1999,13,REG,1999_13_PHI_ARI,PHI,ARI,0,0,0,0,0,0,0,0,0,0,0,0,0,0,0,0,0,0,1,1,29,0,1,0,0,0,0,2,2,0,0,0,,0
00-0008598,Pat Johnson,WR,1999,13,REG,1999_13_TEN_BAL,BAL,TEN,0,0,0,0,0,0,0,0,0,0,0,0,1,1,76,1,1,0,0,0,,0,0,0,0,0,0,0,0,0,0,0,,0
00-0008723,Damon Jones,TE,1999,13,REG,1999_13_PIT_JAX,JAX,PIT,0,0,0,0,0,0,0,0,0,0,0,0,1,3,24,0,1,0,0,0,,0,0,0,0,0,0,0,0,0,0,0,,0
00-0008749,Freddie Jones,TE,1999,13,REG,1999_13_CLE_SD,LAC,CLE,0,0,0,0,0,0,0,0,0,0,0,0,4,5,42,0,2,0,0,0,,0,0,0,0,0,0,0,0,0,0,0,,0
00-0008907,Charles Jordan,WR,1999,13,REG,1999_13_SEA_OAK,SEA,LV,0,0,0,0,0,0,0,0,0,0,0,0,0,1,0,0,0,0,0,0,,0,0,0,0,0,0,0,0,0,0,0,,0
00-0008970,Paul Justin,QB,1999,13,REG,1999_13_STL_CAR,LA,CAR,1,1,12,0,0,0,0,0,0,0,0,0,0,0,0,0,0,0,0,0,,0,0,0,0,0,0,0,0,0,0,0,,0
00-0009028,John Kasay,K,1999,13,REG,1999_13_STL_CAR,CAR,LA,0,0,0,0,0,0,0,0,0,0,0,0,0,0,0,0,0,0,0,0,,0,0,0,0,0,0,3,3,0,0,0,,0
00-0009038,Napoleon Kaufman,RB,1999,13,REG,1999_13_SEA_OAK,LV,SEA,0,0,0,0,0,0,0,10,76,0,1,0,1,2,8,0,1,0,0,0,,0,0,0,0,0,0,0,0,0,0,0,,0
00-0009119,Reggie Kelly,TE,1999,13,REG,1999_13_NO_ATL,ATL,NO,0,0,0,0,0,0,0,0,0,0,0,0,2,3,9,0,0,0,0,0,,0,0,0,0,0,0,0,0,0,0,0,,0
00-0009163,Eddie Kennison,WR,1999,13,REG,1999_13_NO_ATL,NO,ATL,0,0,0,0,0,0,0,0,0,0,0,0,4,9,23,0,1,0,0,0,,0,0,0,0,0,0,0,0,0,0,0,,0
00-0009237,Brian Kinchen,TE,1999,13,REG,1999_13_STL_CAR,CAR,LA,0,0,0,0,0,0,0,0,0,0,0,0,0,1,0,0,0,0,0,0,,0,0,0,0,0,0,0,0,0,0,0,,0
00-0009266,Shaun King,QB,1999,13,REG,1999_13_MIN_TB,TB,MIN,11,19,93,2,1,2,-6,4,8,0,1,0,0,0,0,0,0,0,0,0,,0,0,0,0,0,0,0,0,0,0,0,,0
00-0009288,Terry Kirby,RB,1999,13,REG,1999_13_CLE_SD,CLE,LAC,0,0,0,0,0,0,0,4,21,0,2,0,5,5,43,0,1,0,0,0,,0,0,0,0,0,0,0,0,0,0,0,,0
00-0009311,Jon Kitna,QB,1999,13,REG,1999_13_SEA_OAK,SEA,LV,22,39,245,2,2,1,-11,3,15,0,1,0,0,0,0,0,0,0,0,0,,0,0,0,0,0,0,0,0,0,0,0,,0
00-0009323,Jimmy Kleinsasser,TE,1999,13,REG,1999_13_MIN_TB,MIN,TB,0,0,0,0,0,0,0,0,0,0,0,0,0,1,0,0,0,0,0,0,,0,0,0,0,0,0,0,0,0,0,0,,0
00-0009417,Rob Konrad,FB,1999,13,REG,1999_13_IND_MIA,MIA,IND,0,0,0,0,0,0,0,0,0,0,0,0,0,1,0,0,0,0,0,0,,0,0,0,0,0,0,0,0,0,0,0,,0
00-0009443,Brian Kozlowski,TE,1999,13,REG,1999_13_NO_ATL,ATL,NO,0,0,0,0,0,0,0,0,0,0,0,0,1,1,26,0,1,0,0,0,,0,0,0,0,0,0,0,0,0,0,0,,0
00-0009550,David LaFleur,TE,1999,13,REG,1999_13_DAL_NE,DAL,NE,0,0,0,0,0,0,0,0,0,0,0,0,2,4,21,0,1,0,0,0,,0,0,0,0,0,0,0,0,0,0,0,,0
00-0009584,Sean Landeta,P,1999,13,REG,1999_13_PHI_ARI,PHI,ARI,0,0,0,0,0,0,0,0,0,0,0,0,0,0,0,0,0,0,0,0,,0,0,0,0,0,0,0,0,5,210,176,52,0
00-0009599,Fred Lane,RB,1999,13,REG,1999_13_STL_CAR,CAR,LA,0,0,0,0,0,0,0,1,2,0,1,0,0,1,0,0,0,0,0,0,,0,0,0,0,0,0,0,0,0,0,0,,0
00-0009738,Amp Lee,RB,1999,13,REG,1999_13_STL_CAR,LA,CAR,0,0,0,0,0,0,0,0,0,0,0,0,0,1,0,0,0,0,0,0,,0,0,0,0,0,0,0,0,0,0,0,,0
00-0009842,Chad Lewis,TE,1999,13,REG,1999_13_PHI_ARI,PHI,ARI,0,0,0,0,0,0,0,0,0,0,0,0,1,1,11,1,1,0,0,0,,0,0,0,0,0,0,0,0,0,0,0,,0
00-0009869,Jermaine Lewis,WR,1999,13,REG,1999_13_TEN_BAL,BAL,TEN,0,0,0,0,0,0,0,0,0,0,0,0,5,5,72,2,3,0,0,0,,0,0,0,0,0,0,0,0,0,0,0,,0
00-0010007,Kevin Lockett,WR,1999,13,REG,1999_13_KC_DEN,KC,DEN,0,0,0,0,0,0,0,0,0,0,0,0,3,5,25,0,1,0,0,0,,0,0,0,0,0,0,0,0,0,0,0,,0
00-0010072,Ryan Longwell,K,1999,13,REG,1999_13_GB_CHI,GB,CHI,0,0,0,0,0,0,0,0,0,0,0,0,0,0,0,0,0,0,0,0,,0,0,0,0,0,0,5,5,0,0,0,,0
00-0010107,Derek Loville,RB,1999,13,REG,1999_13_KC_DEN,DEN,KC,0,0,0,0,0,0,0,1,2,0,0,0,2,3,9,0,1,0,0,0,,0,0,0,0,0,0,0,0,0,0,0,,0
00-0010137,Ray Lucas,QB,1999,13,REG,1999_13_NYJ_NYG,NYJ,NYG,31,48,284,4,0,2,-8,5,20,0,1,0,0,0,0,0,0,0,0,0,,0,0,0,0,0,0,0,0,0,0,0,,0
00-0010202,Mitch Lyons,TE,1999,13,REG,1999_13_PIT_JAX,PIT,JAX,0,0,0,0,0,0,0,0,0,0,0,0,1,2,7,0,1,0,0,0,,0,0,0,0,0,0,0,0,0,0,0,,0
00-0010240,Stacey Mack,RB,1999,13,REG,1999_13_PIT_JAX,JAX,PIT,0,0,0,0,0,0,0,1,13,0,0,0,0,0,0,0,0,0,0,0,,0,0,0,0,0,0,0,0,0,0,0,,0
00-0010333,Kris Mangum,TE,1999,13,REG,1999_13_STL_CAR,CAR,LA,0,0,0,0,0,0,0,0,0,0,0,0,0,1,0,0,0,0,0,0,,0,0,0,0,0,0,0,0,0,0,0,,0
00-0010346,Peyton Manning,QB,1999,13,REG,1999_13_IND_MIA,IND,MIA,23,29,260,1,2,2,-19,2,-1,0,0,0,0,0,0,0,0,0,0,0,,0,0,0,0,0,0,0,0,0,0,0,,0
00-0010373,Olindo Mare,K,1999,13,REG,1999_13_IND_MIA,MIA,IND,0,0,0,0,0,0,0,0,0,0,0,0,0,0,0,0,0,0,2,2,32,0,0,2,0,0,0,4,4,0,0,0,,0
00-0010379,Dan Marino,QB,1999,13,REG,1999_13_IND_MIA,MIA,IND,24,38,313,3,1,2,-14,0,0,0,0,0,0,0,0,0,0,0,0,0,,0,0,0,0,0,0,0,0,0,0,0,,0
00-0010436,Cecil Martin,RB,1999,13,REG,1999_13_PHI_ARI,PHI,ARI,0,0,0,0,0,0,0,1,2,0,0,0,1,1,5,0,0,0,0,0,,0,0,0,0,0,0,0,0,0,0,0,,0
00-0010442,Curtis Martin,RB,1999,13,REG,1999_13_NYJ_NYG,NYJ,NYG,0,0,0,0,0,0,0,6,4,0,1,0,6,8,24,0,0,0,0,0,,0,0,0,0,0,0,0,0,0,0,0,,0
00-0010477,Tony Martin,WR,1999,13,REG,1999_13_IND_MIA,MIA,IND,0,0,0,0,0,0,0,0,0,0,0,0,6,8,109,1,5,0,0,0,,0,0,0,0,0,0,0,0,0,0,0,,0
00-0010500,Derrick Mason,WR,1999,13,REG,1999_13_TEN_BAL,TEN,BAL,0,0,0,0,0,0,0,0,0,0,0,0,2,6,18,0,1,0,0,0,,0,0,0,0,0,0,0,0,0,0,0,,0
00-0010539,Terance Mathis,WR,1999,13,REG,1999_13_NO_ATL,ATL,NO,0,0,0,0,0,0,0,0,0,0,0,0,3,5,46,1,3,0,0,0,,0,0,0,0,0,0,0,0,0,0,0,,0
00-0010560,Shane Matthews,QB,1999,13,REG,1999_13_GB_CHI,CHI,GB,20,36,223,0,1,3,-20,3,7,0,0,0,0,0,0,0,0,0,0,0,,0,0,0,0,0,0,0,0,0,0,0,,0
00-0010598,Alonzo Mayes,TE,1999,13,REG,1999_13_GB_CHI,CHI,GB,0,0,0,0,0,0,0,0,0,0,0,0,0,1,0,0,0,0,0,0,,0,0,0,0,0,0,0,0,0,0,0,,0
00-0010599,Derrick Mayes,WR,1999,13,REG,1999_13_SEA_OAK,SEA,LV,0,0,0,0,0,0,0,0,0,0,0,0,5,6,56,0,4,0,0,0,,0,0,0,0,0,0,0,0,0,0,0,,0
00-0010609,Brad Maynard,P,1999,13,REG,1999_13_NYJ_NYG,NYG,NYJ,0,0,0,0,0,0,0,0,0,0,0,0,0,0,0,0,0,0,0,0,,0,0,0,0,0,0,0,0,3,94,68,48,1
00-0010650,Ed McCaffrey,WR,1999,13,REG,1999_13_KC_DEN,DEN,KC,0,0,0,0,0,0,0,0,0,0,0,0,3,7,66,0,3,0,0,0,,0,0,0,0,0,0,0,0,0,0,0,,0
00-0010668,Keenan McCardell,WR,1999,13,REG,1999_13_PIT_JAX,JAX,PIT,0,0,0,0,0,0,0,0,0,0,0,0,5,10,113,0,5,0,0,0,,0,0,0,0,0,0,0,0,0,0,0,,0
00-0010747,Fred McCrary,RB,1999,13,REG,1999_13_CLE_SD,LAC,CLE,0,0,0,0,0,0,0,0,0,0,0,0,4,5,18,0,0,0,0,0,,0,0,0,0,0,0,0,0,0,0,0,,0
00-0010843,Wane McGarity,WR,1999,13,REG,1999_13_DAL_NE,DAL,NE,0,0,0,0,0,0,0,0,0,0,0,0,3,4,31,0,1,0,0,0,,0,0,0,0,0,0,0,0,0,0,0,,0
00-0010859,Tony McGee,TE,1999,13,REG,1999_13_SF_CIN,CIN,SF,0,0,0,0,0,0,0,0,0,0,0,0,1,2,12,0,1,0,0,0,,0,0,0,0,0,0,0,0,0,0,0,,0
00-0010951,Dennis McKinley,RB,1999,13,REG,1999_13_PHI_ARI,ARI,PHI,0,0,0,0,0,0,0,0,0,0,0,0,0,1,0,0,0,0,0,0,,0,0,0,0,0,0,0,0,0,0,0,,0
00-0011022,Donovan McNabb,QB,1999,13,REG,1999_13_PHI_ARI,PHI,ARI,19,31,157,2,1,1,-9,9,67,0,5,0,1,1,-6,0,0,0,0,0,,0,0,0,0,0,0,0,0,0,0,0,,0
00-0011024,Steve McNair,QB,1999,13,REG,1999_13_TEN_BAL,TEN,BAL,28,48,288,0,2,4,-19,6,33,0,2,0,0,0,0,0,0,0,0,0,,0,0,0,0,0,0,0,0,0,0,0,,0
00-0011044,Cade McNown,QB,1999,13,REG,1999_13_GB_CHI,CHI,GB,1,3,3,0,0,0,0,1,6,0,0,0,0,0,0,0,0,0,0,0,,0,0,0,0,0,0,0,0,0,0,0,,0
00-0011068,Johnny McWilliams,TE,1999,13,REG,1999_13_PHI_ARI,ARI,PHI,0,0,0,0,0,0,0,0,0,0,0,0,2,2,16,0,0,0,0,0,,0,0,0,0,0,0,0,0,0,0,0,,0
00-0011151,Eric Metcalf,WR,1999,13,REG,1999_13_STL_CAR,CAR,LA,0,0,0,0,0,0,0,0,0,0,0,0,1,2,8,0,0,0,0,0,,0,0,0,0,0,0,0,0,0,0,0,,0
00-0011187,Terry Mickens,WR,1999,13,REG,1999_13_SEA_OAK,LV,SEA,0,0,0,0,0,0,0,0,0,0,0,0,2,3,33,0,2,0,0,0,,0,0,0,0,0,0,0,0,0,0,0,,0
00-0011213,Glyn Milburn,WR,1999,13,REG,1999_13_GB_CHI,CHI,GB,0,0,0,0,0,0,0,0,0,0,0,0,2,3,25,0,1,0,0,0,,0,0,0,0,0,0,0,0,0,0,0,,0
00-0011236,Billy Miller,TE,1999,13,REG,1999_13_KC_DEN,DEN,KC,0,0,0,0,0,0,0,0,0,0,0,0,0,1,0,0,0,0,0,0,,0,0,0,0,0,0,0,0,0,0,0,,0
00-0011279,Josh Miller,P,1999,13,REG,1999_13_PIT_JAX,PIT,JAX,0,0,0,0,0,0,0,0,0,0,0,0,0,0,0,0,0,0,0,0,,0,0,0,0,0,0,0,0,6,316,244,75,2
00-0011392,Basil Mitchell,RB,1999,13,REG,1999_13_GB_CHI,GB,CHI,0,0,0,0,0,0,0,11,47,0,1,0,1,4,0,0,0,0,0,0,,0,0,0,0,0,0,0,0,0,0,0,,0
00-0011399,Brian Mitchell,RB,1999,13,REG,1999_13_WAS_DET,WAS,DET,0,0,0,0,0,0,0,6,60,0,3,0,4,4,41,0,1,0,0,0,,0,0,0,0,0,0,0,0,0,0,0,,0
00-0011425,Pete Mitchell,TE,1999,13,REG,1999_13_NYJ_NYG,NYG,NYJ,0,0,0,0,0,0,0,0,0,0,0,0,4,6,46,0,4,0,0,0,,0,0,0,0,0,0,0,0,0,0,0,,0
00-0011506,Joe Montgomery,RB,1999,13,REG,1999_13_NYJ_NYG,NYG,NYJ,0,0,0,0,0,0,0,38,111,1,7,1,0,0,0,0,0,0,0,0,,0,0,0,0,0,0,0,0,0,0,0,,0
00-0011551,Dave Moore,TE,1999,13,REG,1999_13_MIN_TB,TB,MIN,0,0,0,0,0,0,0,0,0,0,0,0,1,1,1,1,1,0,0,0,,0,0,0,0,0,0,0,0,0,0,0,,0
00-0011568,Herman Moore,WR,1999,13,REG,1999_13_WAS_DET,DET,WAS,0,0,0,0,0,0,0,0,0,0,0,0,4,7,47,1,2,0,0,0,,0,0,0,0,0,0,0,0,0,0,0,,0
00-0011601,Rob Moore,WR,1999,13,REG,1999_13_PHI_ARI,ARI,PHI,0,0,0,0,0,0,0,0,0,0,0,0,0,4,0,0,0,0,0,0,,0,0,0,0,0,0,0,0,0,0,0,,0
00-0011675,Bam Morris,RB,1999,13,REG,1999_13_KC_DEN,KC,DEN,0,0,0,0,0,0,0,6,14,0,0,0,2,2,12,0,0,0,0,0,,0,0,0,0,0,0,0,0,0,0,0,,0
00-0011727,Johnnie Morton,WR,1999,13,REG,1999_13_WAS_DET,DET,WAS,0,0,0,0,0,0,0,0,0,0,0,0,5,6,44,0,1,0,0,0,,0,0,0,0,0,0,0,0,0,0,0,,0
00-0011754,Randy Moss,WR,1999,13,REG,1999_13_MIN_TB,MIN,TB,0,0,0,0,0,0,0,0,0,0,0,0,2,5,32,0,2,0,0,0,,0,0,0,0,0,0,0,0,0,0,0,,0
00-0011795,Muhsin Muhammad,WR,1999,13,REG,1999_13_STL_CAR,CAR,LA,0,0,0,0,0,0,0,0,0,0,0,0,4,11,46,0,3,0,0,0,,0,0,0,0,0,0,0,0,0,0,0,,0
00-0011869,Adrian Murrell,RB,1999,13,REG,1999_13_PHI_ARI,ARI,PHI,0,0,0,0,0,0,0,8,24,0,1,0,5,10,39,0,2,0,0,0,,0,0,0,0,0,0,0,0,0,0,0,,0
00-0012261,Neil O'Donnell,QB,1999,13,REG,1999_13_TEN_BAL,TEN,BAL,3,5,27,0,0,1,-8,0,0,0,0,0,0,0,0,0,0,0,0,0,,0,0,0,0,0,0,0,0,0,0,0,,0
00-0012321,Jeff Ogden,WR,1999,13,REG,1999_13_DAL_NE,DAL,NE,0,0,0,0,0,0,0,0,0,0,0,0,2,2,21,0,2,0,0,0,,0,0,0,0,0,0,0,0,0,0,0,,0
00-0012368,Winslow Oliver,RB,1999,13,REG,1999_13_NO_ATL,ATL,NO,0,0,0,0,0,0,0,0,0,0,0,0,2,2,21,0,2,0,0,0,,0,0,0,0,0,0,0,0,0,0,0,,0
00-0012370,Brock Olivo,RB,1999,13,REG,1999_13_WAS_DET,DET,WAS,0,0,0,0,0,0,0,0,0,0,0,0,2,4,10,0,0,0,0,0,,0,0,0,0,0,0,0,0,0,0,0,,0
00-0012478,Terrell Owens,WR,1999,13,REG,1999_13_SF_CIN,SF,CIN,0,0,0,0,0,0,0,0,0,0,0,0,9,11,145,0,6,0,0,0,,0,0,0,0,0,0,0,0,0,0,0,,0
00-0012480,Ken Oxendine,RB,1999,13,REG,1999_13_NO_ATL,ATL,NO,0,0,0,0,0,0,0,19,85,0,5,0,2,2,15,0,0,0,0,0,,0,0,0,0,0,0,0,0,0,0,0,,0
00-0012556,De'Mond Parker,RB,1999,13,REG,1999_13_GB_CHI,GB,CHI,0,0,0,0,0,0,0,19,113,2,6,0,2,2,6,0,0,0,0,0,,0,0,0,0,0,0,0,0,0,0,0,,0
00-0012603,Bernie Parmalee,RB,1999,13,REG,1999_13_NYJ_NYG,NYJ,NYG,0,0,0,0,0,0,0,0,0,0,0,0,5,5,52,0,3,0,0,0,,0,0,0,0,0,0,0,0,0,0,0,,0
00-0012642,David Patten,WR,1999,13,REG,1999_13_NYJ_NYG,NYG,NYJ,0,0,0,0,0,0,0,1,27,0,1,0,0,0,0,0,0,0,0,0,,0,0,0,0,0,0,0,0,0,0,0,,0
00-0012742,Doug Pelfrey,K,1999,13,REG,1999_13_SF_CIN,CIN,SF,0,0,0,0,0,0,0,0,0,0,0,0,0,0,0,0,0,0,3,3,29,0,3,0,0,0,0,5,5,0,0,0,,0
00-0012832,Wilmont Perry,RB,1999,13,REG,1999_13_NO_ATL,NO,ATL,0,0,0,0,0,0,0,16,93,0,5,0,1,4,6,0,0,0,0,0,,0,0,0,0,0,0,0,0,0,0,0,,0
00-0012875,Todd Peterson,K,1999,13,REG,1999_13_SEA_OAK,SEA,LV,0,0,0,0,0,0,0,0,0,0,0,0,0,0,0,0,0,0,0,0,,0,0,0,0,0,0,3,3,0,0,0,,0
00-0012946,Dino Philyaw,RB,1999,13,REG,1999_13_NO_ATL,NO,ATL,0,0,0,0,0,0,0,2,20,0,1,0,0,0,0,0,0,0,0,0,,0,0,0,0,0,0,0,0,0,0,0,,0
00-0012953,Carl Pickens,WR,1999,13,REG,1999_13_SF_CIN,CIN,SF,0,0,0,0,0,0,0,0,0,0,0,0,7,8,107,2,4,0,0,0,,0,0,0,0,0,0,0,0,0,0,0,,0
00-0013028,Scott Player,P,1999,13,REG,1999_13_PHI_ARI,ARI,PHI,0,0,0,0,0,0,0,0,0,0,0,0,0,0,0,0,0,0,0,0,,0,0,0,0,0,0,0,0,4,204,146,60,1
00-0013042,Jake Plummer,QB,1999,13,REG,1999_13_PHI_ARI,ARI,PHI,20,37,179,1,1,1,-6,7,22,1,2,0,0,0,0,0,0,0,0,0,,0,0,0,0,0,0,0,0,0,0,0,,0
00-0013080,Marcus Pollard,TE,1999,13,REG,1999_13_IND_MIA,IND,MIA,0,0,0,0,0,0,0,0,0,0,0,0,3,3,20,0,1,0,0,0,,0,0,0,0,0,0,0,0,0,0,0,,0
00-0013097,Keith Poole,WR,1999,13,REG,1999_13_NO_ATL,NO,ATL,0,0,0,0,0,0,0,0,0,0,0,0,1,3,8,0,0,0,0,0,,0,0,0,0,0,0,0,0,0,0,0,,0
00-0013108,Daniel Pope,P,1999,13,REG,1999_13_KC_DEN,KC,DEN,0,0,0,0,0,0,0,0,0,0,0,0,0,0,0,0,0,0,0,0,,0,0,0,0,0,0,0,0,9,444,367,57,2
00-0013258,Mike Pritchard,WR,1999,13,REG,1999_13_SEA_OAK,SEA,LV,0,0,0,0,0,0,0,0,0,0,0,0,2,3,26,0,2,0,0,0,,0,0,0,0,0,0,0,0,0,0,0,,0
00-0013262,Stanley Pritchett,RB,1999,13,REG,1999_13_IND_MIA,MIA,IND,0,0,0,0,0,0,0,1,7,0,0,0,3,3,2,1,1,0,0,0,,0,0,0,0,0,0,0,0,0,0,0,,0
00-0013268,Ricky Proehl,WR,1999,13,REG,1999_13_STL_CAR,LA,CAR,0,0,0,0,0,0,0,0,0,0,0,0,4,4,31,0,3,0,0,0,,0,0,0,0,0,0,0,0,0,0,0,,0
00-0013512,Jake Reed,WR,1999,13,REG,1999_13_MIN_TB,MIN,TB,0,0,0,0,0,0,0,0,0,0,0,0,6,8,63,0,4,0,0,0,,0,0,0,0,0,0,0,0,0,0,0,,0
00-0013523,Robert Reed,WR,1999,13,REG,1999_13_CLE_SD,LAC,CLE,0,0,0,0,0,1,-11,0,0,0,0,0,1,1,1,0,0,1,0,0,,0,0,0,0,0,0,0,0,0,0,0,,0
00-0013622,Errict Rhett,RB,1999,13,REG,1999_13_TEN_BAL,BAL,TEN,0,0,0,0,0,0,0,4,7,0,1,0,1,2,8,0,0,0,0,0,,0,0,0,0,0,0,0,0,0,0,0,,0
00-0013639,Jerry Rice,WR,1999,13,REG,1999_13_SF_CIN,SF,CIN,0,0,0,0,0,0,0,0,0,0,0,0,9,15,157,2,9,0,0,0,,0,0,0,0,0,0,0,0,0,0,0,,0
00-0013682,Kyle Richardson,P,1999,13,REG,1999_13_TEN_BAL,BAL,TEN,0,0,0,0,0,0,0,0,0,0,0,0,0,0,0,0,0,0,0,0,,0,0,0,0,0,0,0,0,3,123,119,48,2
00-0013694,Tony Richardson,FB,1999,13,REG,1999_13_KC_DEN,KC,DEN,0,0,0,0,0,0,0,12,80,0,5,0,2,2,16,0,0,0,0,0,,0,0,0,0,0,0,0,0,0,0,0,,0
00-0013699,Wade Richey,K,1999,13,REG,1999_13_SF_CIN,SF,CIN,0,0,0,0,0,0,0,0,0,0,0,0,0,0,0,0,0,0,1,1,47,0,0,0,1,0,0,3,4,0,0,0,,0
00-0013712,Mikhael Ricks,TE,1999,13,REG,1999_13_CLE_SD,LAC,CLE,0,0,0,0,0,0,0,0,0,0,0,0,2,3,18,0,1,0,0,0,,0,0,0,0,0,0,0,0,0,0,0,,0
00-0013770,Andre Rison,WR,1999,13,REG,1999_13_KC_DEN,KC,DEN,0,0,0,0,0,0,0,0,0,0,0,0,3,4,30,0,2,0,0,0,,0,0,0,0,0,0,0,0,0,0,0,,0
00-0013773,Jon Ritchie,FB,1999,13,REG,1999_13_SEA_OAK,LV,SEA,0,0,0,0,0,0,0,1,5,0,1,0,3,3,27,0,2,0,0,0,,0,0,0,0,0,0,0,0,0,0,0,,0
00-0013792,Michael Roan,TE,1999,13,REG,1999_13_TEN_BAL,TEN,BAL,0,0,0,0,0,0,0,0,0,0,0,0,0,1,0,0,0,0,0,0,,0,0,0,0,0,0,0,0,0,0,0,,0
00-0013888,Marcus Robinson,WR,1999,13,REG,1999_13_GB_CHI,CHI,GB,0,0,0,0,0,0,0,0,0,0,0,0,3,7,25,0,2,0,0,0,,0,0,0,0,0,0,0,0,0,0,0,,0
00-0014083,Tom Rouen,P,1999,13,REG,1999_13_KC_DEN,DEN,KC,0,0,0,0,0,0,0,0,0,0,0,0,0,0,0,0,0,0,0,0,,0,0,0,0,0,0,0,0,9,479,320,61,1
00-0014115,Mark Royals,P,1999,13,REG,1999_13_MIN_TB,TB,MIN,0,0,0,0,0,0,0,0,0,0,0,0,0,0,0,0,0,0,0,0,,0,0,0,0,0,0,0,0,4,179,158,51,2
00-0014211,Rod Rutledge,TE,1999,13,REG,1999_13_DAL_NE,NE,DAL,0,0,0,0,0,0,0,0,0,0,0,0,0,2,0,0,0,0,0,0,,0,0,0,0,0,0,0,0,0,0,0,,0
00-0014319,Chris Sanders,WR,1999,13,REG,1999_13_TEN_BAL,TEN,BAL,0,0,0,0,0,0,0,0,0,0,0,0,4,7,50,0,2,0,0,0,,0,0,0,0,0,0,0,0,0,0,0,,0
00-0014328,Frank Sanders,WR,1999,13,REG,1999_13_PHI_ARI,ARI,PHI,0,1,0,0,0,0,0,0,0,0,0,0,6,9,72,0,3,1,0,0,,0,0,0,0,0,0,0,0,0,0,0,,0
00-0014377,Todd Sauerbrun,P,1999,13,REG,1999_13_GB_CHI,CHI,GB,0,0,0,0,0,0,0,1,-2,0,0,1,0,0,0,0,0,0,0,0,,0,0,0,0,0,0,0,0,4,160,156,65,1
00-0014450,Cory Schlesinger,FB,1999,13,REG,1999_13_WAS_DET,DET,WAS,0,0,0,0,0,0,0,2,10,0,1,0,1,2,5,0,0,0,0,0,,0,0,0,0,0,0,0,0,0,0,0,,0
00-0014489,Bill Schroeder,WR,1999,13,REG,1999_13_GB_CHI,GB,CHI,0,0,0,0,0,0,0,0,0,0,0,0,4,5,25,1,2,0,0,0,,0,0,0,0,0,0,0,0,0,0,0,,0
00-0014544,Darnay Scott,WR,1999,13,REG,1999_13_SF_CIN,CIN,SF,0,0,0,0,0,0,0,0,0,0,0,0,3,5,80,1,3,0,0,0,,0,0,0,0,0,0,0,0,0,0,0,,0
00-0014655,Mike Sellers,TE,1999,13,REG,1999_13_WAS_DET,WAS,DET,0,0,0,0,0,0,0,0,0,0,0,0,1,2,8,0,0,0,0,0,,0,0,0,0,0,0,0,0,0,0,0,,0
00-0014729,Bobby Shaw,WR,1999,13,REG,1999_13_PIT_JAX,PIT,JAX,0,0,0,0,0,0,0,0,0,0,0,0,4,5,52,0,3,0,0,0,,0,0,0,0,0,0,0,0,0,0,0,,0
00-0014775,Daimon Shelton,FB,1999,13,REG,1999_13_PIT_JAX,JAX,PIT,0,0,0,0,0,0,0,0,0,0,0,0,3,4,9,0,0,0,0,0,,0,0,0,0,0,0,0,0,0,0,0,,0
00-0014918,Tony Simmons,WR,1999,13,REG,1999_13_DAL_NE,NE,DAL,0,0,0,0,0,0,0,0,0,0,0,0,0,1,0,0,0,0,0,0,,0,0,0,0,0,0,0,0,0,0,0,,0
00-0015048,David Sloan,TE,1999,13,REG,1999_13_WAS_DET,DET,WAS,0,0,0,0,0,0,0,0,0,0,0,0,3,4,44,0,2,0,0,0,,0,0,0,0,0,0,0,0,0,0,0,,0
00-0015063,Torrance Small,WR,1999,13,REG,1999_13_PHI_ARI,PHI,ARI,0,0,0,0,0,0,0,0,0,0,0,0,3,6,24,0,2,0,0,0,,0,0,0,0,0,0,0,0,0,0,0,,0
00-0015165,Emmitt Smith,RB,1999,13,REG,1999_13_DAL_NE,DAL,NE,0,0,0,0,0,0,0,19,75,0,5,0,3,3,10,0,0,0,0,0,,0,0,0,0,0,0,0,0,0,0,0,,0
00-0015194,Hunter Smith,P,1999,13,REG,1999_13_IND_MIA,IND,MIA,0,0,0,0,0,0,0,0,0,0,0,0,0,0,0,0,0,0,0,0,,0,0,0,0,0,0,0,0,4,147,134,50,2
00-0015195,Irv Smith,TE,1999,13,REG,1999_13_CLE_SD,CLE,LAC,0,0,0,0,0,0,0,0,0,0,0,0,1,2,16,0,1,0,0,0,,0,0,0,0,0,0,0,0,0,0,0,,0
00-0015218,Jimmy Smith,WR,1999,13,REG,1999_13_PIT_JAX,JAX,PIT,0,0,0,0,0,0,0,0,0,0,0,0,10,13,124,1,7,0,0,0,,0,0,0,0,0,0,0,0,0,0,0,,0
00-0015242,Lamar Smith,RB,1999,13,REG,1999_13_NO_ATL,NO,ATL,0,0,0,0,0,0,0,0,0,0,0,0,1,1,21,0,1,0,0,0,,0,0,0,0,0,0,0,0,0,0,0,,0
00-0015286,Robert Smith,RB,1999,13,REG,1999_13_MIN_TB,MIN,TB,0,0,0,0,0,0,0,20,77,0,2,0,5,5,68,0,3,0,0,0,,0,0,0,0,0,0,0,0,0,0,0,,0
00-0015290,Rod Smith,WR,1999,13,REG,1999_13_KC_DEN,DEN,KC,0,0,0,0,0,0,0,0,0,0,0,0,8,15,106,0,4,0,0,0,,0,0,0,0,0,0,0,0,0,0,0,,0
00-0015523,Duce Staley,RB,1999,13,REG,1999_13_PHI_ARI,PHI,ARI,0,0,0,0,0,0,0,25,72,0,4,0,5,5,42,0,3,0,0,0,,0,0,0,0,0,0,0,0,0,0,0,,0
00-0015550,Chad Stanley,P,1999,13,REG,1999_13_SF_CIN,SF,CIN,0,0,0,0,0,0,0,0,0,0,0,0,0,0,0,0,0,0,0,0,,0,0,0,0,0,0,0,0,1,43,43,43,1
00-0015698,James Stewart,RB,1999,13,REG,1999_13_PIT_JAX,JAX,PIT,0,0,0,0,0,0,0,30,145,1,7,0,1,1,-1,0,0,0,0,0,,0,0,0,0,0,0,0,0,0,0,0,,0
00-0015700,Kordell Stewart,QB,1999,13,REG,1999_13_PIT_JAX,PIT,JAX,0,0,0,0,0,0,0,0,0,0,0,0,3,4,21,0,1,0,0,0,,0,0,0,0,0,0,0,0,0,0,0,,0
00-0015723,Bryan Still,WR,1999,13,REG,1999_13_NO_ATL,ATL,NO,0,0,0,0,0,0,0,0,0,0,0,0,2,4,14,0,1,0,0,0,,0,0,0,0,0,0,0,0,0,0,0,,0
00-0015751,J.J. Stokes,WR,1999,13,REG,1999_13_SF_CIN,SF,CIN,0,0,0,0,0,0,0,0,0,0,0,0,4,6,38,1,2,0,0,0,,0,0,0,0,0,0,0,0,0,0,0,,0
00-0015759,Dwight Stone,WR,1999,13,REG,1999_13_NYJ_NYG,NYJ,NYG,0,0,0,0,0,0,0,1,-9,0,0,0,0,0,0,0,0,0,0,0,,0,0,0,0,0,0,0,0,0,0,0,,0
00-0015784,Matt Stover,K,1999,13,REG,1999_13_TEN_BAL,BAL,TEN,0,0,0,0,0,0,0,0,0,0,0,0,0,0,0,0,0,0,2,2,27,0,2,0,0,0,0,5,5,0,0,0,,0
00-0015791,Pete Stoyanovich,K,1999,13,REG,1999_13_KC_DEN,KC,DEN,0,0,0,0,0,0,0,0,0,0,0,0,0,0,0,0,0,0,1,1,43,0,0,0,1,0,0,1,1,0,0,0,,0
00-0015830,Mack Strong,FB,1999,13,REG,1999_13_SEA_OAK,SEA,LV,0,0,0,0,0,0,0,0,0,0,0,0,0,1,0,0,0,0,0,0,,0,0,0,0,0,0,0,0,0,0,0,,0
00-0015842,Dan Stryzinski,P,1999,13,REG,1999_13_NO_ATL,ATL,NO,0,0,0,0,0,0,0,0,0,0,0,0,0,0,0,0,0,0,0,0,,0,0,0,0,0,0,0,0,3,125,121,47,2
00-0016321,Rodney Thomas,RB,1999,13,REG,1999_13_TEN_BAL,TEN,BAL,0,0,0,0,0,0,0,0,0,0,0,0,3,3,26,0,2,0,0,0,,0,0,0,0,0,0,0,0,0,0,0,,0
00-0016440,James Thrash,WR,1999,13,REG,1999_13_WAS_DET,WAS,DET,0,0,0,0,0,0,0,0,0,0,0,0,1,1,2,0,1,0,0,0,,0,0,0,0,0,0,0,0,0,0,0,,0
00-0016538,Mike Tomczak,QB,1999,13,REG,1999_13_PIT_JAX,PIT,JAX,19,39,194,0,0,3,-22,1,3,0,0,0,0,0,0,0,0,0,0,0,,0,0,0,0,0,0,0,0,0,0,0,,0
00-0016550,Amani Toomer,WR,1999,13,REG,1999_13_NYJ_NYG,NYG,NYJ,0,0,0,0,0,0,0,0,0,0,0,0,6,9,181,3,6,0,0,0,,0,0,0,0,0,0,0,0,0,0,0,,0
00-0016654,Jason Tucker,WR,1999,13,REG,1999_13_DAL_NE,DAL,NE,0,0,0,0,0,0,0,0,0,0,0,0,1,2,22,0,1,0,0,0,,0,0,0,0,0,0,0,0,0,0,0,,0
00-0016683,Tom Tupa,P,1999,13,REG,1999_13_NYJ_NYG,NYJ,NYG,0,0,0,0,0,0,0,0,0,0,0,0,0,0,0,0,0,0,0,0,,0,0,0,0,0,0,0,0,6,289,194,55,0
00-0016689,Matt Turk,P,1999,13,REG,1999_13_WAS_DET,WAS,DET,0,0,0,0,0,0,0,0,0,0,0,0,0,0,0,0,0,0,0,0,,0,0,0,0,0,0,0,0,6,227,141,52,1
00-0016830,Mike Vanderjagt,K,1999,13,REG,1999_13_IND_MIA,IND,MIA,0,0,0,0,0,0,0,0,0,0,0,0,0,0,0,0,0,0,3,3,53,0,0,0,2,1,0,4,4,0,0,0,,0
00-0016919,Adam Vinatieri,K,1999,13,REG,1999_13_DAL_NE,NE,DAL,0,0,0,0,0,0,0,0,0,0,0,0,0,0,0,0,0,0,2,2,41,0,1,0,1,0,0,1,1,0,0,0,,0
00-0017109,Wesley Walls,TE,1999,13,REG,1999_13_STL_CAR,CAR,LA,0,0,0,0,0,0,0,0,0,0,0,0,4,7,45,1,3,0,0,0,,0,0,0,0,0,0,0,0,0,0,0,,0
00-0017127,Ken Walter,P,1999,13,REG,1999_13_STL_CAR,CAR,LA,0,0,0,0,0,0,0,0,0,0,0,0,0,0,0,0,0,0,0,0,,0,0,0,0,0,0,0,0,4,147,147,43,2
00-0017160,Dedric Ward,WR,1999,13,REG,1999_13_NYJ_NYG,NYJ,NYG,0,0,0,0,0,0,0,0,0,0,0,0,0,5,0,0,0,0,0,0,,0,0,0,0,0,0,0,0,0,0,0,,0
00-0017162,Hines Ward,WR,1999,13,REG,1999_13_PIT_JAX,PIT,JAX,0,0,0,0,0,0,0,0,0,0,0,0,4,6,35,0,1,0,0,0,,0,0,0,0,0,0,0,0,0,0,0,,0
00-0017200,Kurt Warner,QB,1999,13,REG,1999_13_STL_CAR,LA,CAR,22,31,351,3,2,1,-5,2,-3,0,0,0,0,0,0,0,0,0,0,0,,0,0,0,0,0,0,0,0,0,0,0,,0
00-0017209,Chris Warren,RB,1999,13,REG,1999_13_DAL_NE,DAL,NE,0,0,0,0,0,0,0,1,-3,0,0,0,1,2,-3,0,0,0,0,0,,0,0,0,0,0,0,0,0,0,0,0,,0
00-0017218,Lamont Warren,RB,1999,13,REG,1999_13_DAL_NE,NE,DAL,0,0,0,0,0,0,0,1,7,0,0,0,1,2,13,0,1,0,0,0,,0,0,0,0,0,0,0,0,0,0,0,,0
00-0017322,Ricky Watters,RB,1999,13,REG,1999_13_SEA_OAK,SEA,LV,0,0,0,0,0,0,0,14,51,1,2,1,5,6,53,0,2,1,0,0,,0,0,0,0,0,0,0,0,0,0,0,,0
00-0017356,Jed Weaver,TE,1999,13,REG,1999_13_PHI_ARI,PHI,ARI,0,0,0,0,0,0,0,0,0,0,0,0,0,1,0,0,0,0,0,0,,0,0,0,0,0,0,0,0,0,0,0,,0
00-0017470,Michael Westbrook,WR,1999,13,REG,1999_13_WAS_DET,WAS,DET,0,0,0,0,0,0,0,1,4,0,0,0,5,9,108,1,3,1,0,0,,0,0,0,0,0,0,0,0,0,0,0,,0
00-0017480,Ryan Wetnight,TE,1999,13,REG,1999_13_GB_CHI,CHI,GB,0,0,0,0,0,0,0,0,0,0,0,0,0,1,0,0,0,0,0,0,,0,0,0,0,0,0,0,0,0,0,0,,0
00-0017486,Tyrone Wheatley,RB,1999,13,REG,1999_13_SEA_OAK,LV,SEA,0,0,0,0,0,0,0,21,80,0,3,0,0,0,0,0,0,0,0,0,,0,0,0,0,0,0,0,0,0,0,0,,0
00-0017693,Jeff Wilkins,K,1999,13,REG,1999_13_STL_CAR,LA,CAR,0,0,0,0,0,0,0,0,0,0,0,0,0,0,0,0,0,0,2,3,44,0,1,0,1,0,0,4,4,0,0,0,,0
00-0017697,Terrence Wilkins,WR,1999,13,REG,1999_13_IND_MIA,IND,MIA,0,0,0,0,0,0,0,0,0,0,0,0,2,4,25,1,2,0,0,0,,0,0,0,0,0,0,0,0,0,0,0,,0
00-0017847,Karl Williams,WR,1999,13,REG,1999_13_MIN_TB,TB,MIN,0,0,0,0,0,0,0,0,0,0,0,0,1,1,5,0,1,0,0,0,,0,0,0,0,0,0,0,0,0,0,0,,0
00-0017924,Roland Williams,TE,1999,13,REG,1999_13_STL_CAR,LA,CAR,0,0,0,0,0,0,0,0,0,0,0,0,2,4,16,1,1,0,0,0,,0,0,0,0,0,0,0,0,0,0,0,,0
00-0018141,Jon Witman,FB,1999,13,REG,1999_13_PIT_JAX,PIT,JAX,0,0,0,0,0,0,0,0,0,0,0,0,1,3,9,0,0,0,0,0,,0,0,0,0,0,0,0,0,0,0,0,,0
00-0018333,Danny Wuerffel,QB,1999,13,REG,1999_13_NO_ATL,NO,ATL,15,30,127,0,2,5,-32,1,29,1,1,0,0,0,0,0,0,0,0,0,,0,0,0,0,0,0,0,0,0,0,0,,0
00-0018343,Frank Wycheck,TE,1999,13,REG,1999_13_TEN_BAL,TEN,BAL,0,0,0,0,0,0,0,0,0,0,0,0,10,12,87,0,4,0,0,0,,0,0,0,0,0,0,0,0,0,0,0,,0
00-0018608,Reggie Davis,TE,1999,13,REG,1999_13_CLE_SD,LAC,CLE,0,0,0,0,0,0,0,0,0,0,0,0,0,1,0,0,0,0,0,0,,0,0,0,0,0,0,0,0,0,0,0,,0
00-0000003,Abdul-Karim al-Jabbar,RB,1999,14,REG,1999_14_CLE_CIN,CLE,CIN,0,0,0,0,0,0,0,5,10,0,0,0,2,2,7,1,1,0,0,0,,0,0,0,0,0,0,0,0,0,0,0,,0
00-0000098,Louie Aguiar,P,1999,14,REG,1999_14_CAR_GB,GB,CAR,0,0,0,0,0,0,0,0,0,0,0,0,0,0,0,0,0,0,0,0,,0,0,0,0,0,0,0,0,3,118,98,49,1
00-0000104,Troy Aikman,QB,1999,14,REG,1999_14_PHI_DAL,DAL,PHI,22,40,242,1,0,1,-17,4,6,0,0,0,0,0,0,0,0,0,0,0,,0,0,0,0,0,0,0,0,0,0,0,,0
00-0000145,Derrick Alexander,WR,1999,14,REG,1999_14_MIN_KC,KC,MIN,0,0,0,0,0,0,0,0,0,0,0,0,3,5,21,0,0,0,0,0,,0,0,0,0,0,0,0,0,0,0,0,,0
00-0000166,Stephen Alexander,TE,1999,14,REG,1999_14_ARI_WAS,WAS,ARI,0,0,0,0,0,0,0,0,0,0,0,0,1,1,14,0,1,0,0,0,,0,0,0,0,0,0,0,0,0,0,0,,0
00-0000232,Terry Allen,RB,1999,14,REG,1999_14_NE_IND,NE,IND,0,0,0,0,0,0,0,12,23,0,1,0,0,0,0,0,0,0,0,0,,0,0,0,0,0,0,0,0,0,0,0,,0
00-0000251,Mike Alstott,FB,1999,14,REG,1999_14_DET_TB,TB,DET,0,0,0,0,0,0,0,8,28,1,2,0,3,4,39,1,2,0,0,0,,0,0,0,0,0,0,0,0,0,0,0,,0
00-0000282,Morten Andersen,K,1999,14,REG,1999_14_ATL_SF,ATL,SF,0,0,0,0,0,0,0,0,0,0,0,0,0,0,0,0,0,0,0,0,,0,0,0,0,0,0,1,1,0,0,0,,0
00-0000313,Gary Anderson,K,1999,14,REG,1999_14_MIN_KC,MIN,KC,0,0,0,0,0,0,0,0,0,0,0,0,0,0,0,0,0,0,0,1,,0,0,0,0,0,0,4,4,0,0,0,,0
00-0000339,Richie Anderson,FB,1999,14,REG,1999_14_MIA_NYJ,NYJ,MIA,0,0,0,0,0,0,0,0,0,0,0,0,1,1,8,0,0,0,0,0,,0,0,0,0,0,0,0,0,0,0,0,,0
00-0000387,Reidel Anthony,WR,1999,14,REG,1999_14_DET_TB,TB,DET,0,0,0,0,0,0,0,0,0,0,0,0,1,3,30,0,1,0,0,0,,0,0,0,0,0,0,0,0,0,0,0,,0
00-0000400,Leo Araguz,P,1999,14,REG,1999_14_OAK_TEN,LV,TEN,0,0,0,0,0,0,0,0,0,0,0,0,0,0,0,0,0,0,0,0,,0,0,0,0,0,0,0,0,2,76,72,39,0
00-0000422,Justin Armour,WR,1999,14,REG,1999_14_BAL_PIT,BAL,PIT,0,0,0,0,0,0,0,0,0,0,0,0,0,7,0,0,0,0,0,0,,0,0,0,0,0,0,0,0,0,0,0,,0
00-0000722,Tony Banks,QB,1999,14,REG,1999_14_BAL_PIT,BAL,PIT,8,26,268,3,0,4,-26,6,0,0,0,0,0,0,0,0,0,0,0,0,,0,0,0,0,0,0,0,0,0,0,0,,0
00-0000745,Tiki Barber,RB,1999,14,REG,1999_14_NYG_BUF,NYG,BUF,0,0,0,0,0,0,0,4,6,0,0,0,8,11,90,0,4,0,0,0,,0,0,0,0,0,0,0,0,0,0,0,,0
00-0000754,Bryan Barker,P,1999,14,REG,1999_14_DEN_JAX,JAX,DEN,0,0,0,0,0,0,0,0,0,0,0,0,0,0,0,0,0,0,0,0,,0,0,0,0,0,0,0,0,7,288,244,49,2
00-0000765,Reggie Barlow,WR,1999,14,REG,1999_14_DEN_JAX,JAX,DEN,0,0,0,0,0,0,0,0,0,0,0,0,2,4,19,0,0,0,0,0,,0,0,0,0,0,0,0,0,0,0,0,,0
00-0000811,Tommy Barnhardt,P,1999,14,REG,1999_14_STL_NO,NO,LA,0,0,0,0,0,0,0,0,0,0,0,0,0,0,0,0,0,0,0,0,,0,0,0,0,0,0,0,0,4,173,174,51,2
00-0000856,Michael Basnight,RB,1999,14,REG,1999_14_CLE_CIN,CIN,CLE,0,0,0,0,0,0,0,12,44,0,2,0,1,1,4,0,0,0,0,0,,0,0,0,0,0,0,0,0,0,0,0,,0
00-0000911,Fred Baxter,TE,1999,14,REG,1999_14_MIA_NYJ,NYJ,MIA,0,0,0,0,0,0,0,0,0,0,0,0,1,2,6,0,0,0,0,0,,0,0,0,0,0,0,0,0,0,0,0,,0
00-0000942,Fred Beasley,FB,1999,14,REG,1999_14_ATL_SF,SF,ATL,0,0,0,0,0,0,0,8,26,2,3,0,3,3,14,0,1,0,0,0,,0,0,0,0,0,0,0,0,0,0,0,,0
00-0001101,Darren Bennett,P,1999,14,REG,1999_14_SD_SEA,LAC,SEA,0,0,0,0,0,0,0,0,0,0,0,0,0,0,0,0,0,0,0,0,,0,0,0,0,0,0,0,0,5,213,179,54,1
00-0001102,Donnell Bennett,FB,1999,14,REG,1999_14_MIN_KC,KC,MIN,0,0,0,0,0,0,0,13,55,1,5,0,0,0,0,0,0,0,0,0,,0,0,0,0,0,0,0,0,0,0,0,,0
00-0001157,Mitch Berger,P,1999,14,REG,1999_14_MIN_KC,MIN,KC,0,0,0,0,0,0,0,0,0,0,0,0,0,0,0,0,0,0,0,0,,0,0,0,0,0,0,0,0,4,170,144,51,1
00-0001215,Jerome Bettis,RB,1999,14,REG,1999_14_BAL_PIT,PIT,BAL,1,1,21,1,0,0,0,13,39,0,3,0,4,5,11,0,0,0,0,0,,0,0,0,0,0,0,0,0,0,0,0,,0
00-0001218,Steve Beuerlein,QB,1999,14,REG,1999_14_CAR_GB,CAR,GB,29,42,373,3,0,1,-5,4,8,1,1,1,0,0,0,0,0,0,0,0,,0,0,0,0,0,0,0,0,0,0,0,,0
00-0001224,Tim Biakabutuka,RB,1999,14,REG,1999_14_CAR_GB,CAR,GB,0,0,0,0,0,0,0,8,6,0,0,0,3,4,26,0,1,0,0,0,,0,0,0,0,0,0,0,0,0,0,0,,0
00-0001281,Eric Bjornson,TE,1999,14,REG,1999_14_PHI_DAL,DAL,PHI,0,0,0,0,0,0,0,0,0,0,0,0,2,4,25,0,1,0,0,0,,0,0,0,0,0,0,0,0,0,0,0,,0
00-0001335,Jeff Blake,QB,1999,14,REG,1999_14_CLE_CIN,CIN,CLE,11,22,176,1,0,0,0,4,28,0,2,0,0,0,0,0,0,0,0,0,,0,0,0,0,0,0,0,0,0,0,0,,0
00-0001343,Cary Blanchard,K,1999,14,REG,1999_14_NYG_BUF,NYG,BUF,0,0,0,0,0,0,0,0,0,0,0,0,0,0,0,0,0,0,4,4,48,0,2,0,2,0,0,1,1,0,0,0,,0
00-0001361,Drew Bledsoe,QB,1999,14,REG,1999_14_NE_IND,NE,IND,31,44,379,1,1,5,-35,4,18,0,1,0,0,0,0,0,0,0,0,0,,0,0,0,0,0,0,0,0,0,0,0,,0
00-0001532,David Boston,WR,1999,14,REG,1999_14_ARI_WAS,ARI,WAS,0,0,0,0,0,0,0,1,-2,0,0,0,1,4,43,0,1,0,0,0,,0,0,0,0,0,0,0,0,0,0,0,,0
00-0001582,Fabien Bownes,WR,1999,14,REG,1999_14_SD_SEA,SEA,LAC,0,0,0,0,0,0,0,0,0,0,0,0,1,2,5,0,1,0,0,0,,0,0,0,0,0,0,0,0,0,0,0,,0
00-0001627,Corey Bradford,WR,1999,14,REG,1999_14_CAR_GB,GB,CAR,0,0,0,0,0,0,0,0,0,0,0,0,1,3,15,0,0,0,0,0,,0,0,0,0,0,0,0,0,0,0,0,,0
00-0001719,Chris Brazzell,WR,1999,14,REG,1999_14_PHI_DAL,DAL,PHI,0,0,0,0,0,0,0,0,0,0,0,0,1,2,12,0,1,0,0,0,,0,0,0,0,0,0,0,0,0,0,0,,0
00-0001759,Doug Brien,K,1999,14,REG,1999_14_STL_NO,NO,LA,0,0,0,0,0,0,0,0,0,0,0,0,0,0,0,0,0,0,2,2,29,0,2,0,0,0,0,0,0,0,0,0,,0
00-0001766,Jeremy Brigham,TE,1999,14,REG,1999_14_OAK_TEN,LV,TEN,0,0,0,0,0,0,0,0,0,0,0,0,0,1,0,0,0,0,0,0,,0,0,0,0,0,0,0,0,0,0,0,,0
00-0001783,Vincent Brisby,WR,1999,14,REG,1999_14_NE_IND,NE,IND,0,0,0,0,0,0,0,0,0,0,0,0,2,4,25,0,1,0,0,0,,0,0,0,0,0,0,0,0,0,0,0,,0
00-0001862,Luther Broughton,TE,1999,14,REG,1999_14_PHI_DAL,PHI,DAL,0,0,0,0,0,0,0,0,0,0,0,0,1,2,4,0,0,0,0,0,,0,0,0,0,0,0,0,0,0,0,0,,0
00-0001980,Kris Brown,K,1999,14,REG,1999_14_BAL_PIT,PIT,BAL,0,0,0,0,0,0,0,0,0,0,0,0,0,0,0,0,0,0,1,2,31,0,0,1,0,0,0,3,3,0,0,0,,0
00-0002005,Na Brown,WR,1999,14,REG,1999_14_PHI_DAL,PHI,DAL,0,0,0,0,0,0,0,0,0,0,0,0,3,7,37,1,1,0,0,0,,0,0,0,0,0,0,0,0,0,0,0,,0
00-0002058,Tim Brown,WR,1999,14,REG,1999_14_OAK_TEN,LV,TEN,0,0,0,0,0,0,0,0,0,0,0,0,3,5,30,0,2,0,0,0,,0,0,0,0,0,0,0,0,0,0,0,,0
00-0002068,Troy Brown,WR,1999,14,REG,1999_14_NE_IND,NE,IND,0,0,0,0,0,0,0,0,0,0,0,0,3,5,53,0,2,0,0,0,,0,0,0,0,0,0,0,0,0,0,0,,0
00-0002099,Isaac Bruce,WR,1999,14,REG,1999_14_STL_NO,LA,NO,0,0,0,0,0,0,0,0,0,0,0,0,4,8,102,0,4,0,0,0,,0,0,0,0,0,0,0,0,0,0,0,,0
00-0002102,Mark Bruener,TE,1999,14,REG,1999_14_BAL_PIT,PIT,BAL,0,0,0,0,0,0,0,0,0,0,0,0,2,4,33,0,0,0,0,0,,0,0,0,0,0,0,0,0,0,0,0,,0
00-0002110,Mark Brunell,QB,1999,14,REG,1999_14_DEN_JAX,JAX,DEN,11,25,115,0,0,3,-11,5,8,0,2,0,0,0,0,0,0,0,0,0,,0,0,0,0,0,0,0,0,0,0,0,,0
00-0002459,Kenny Bynum,RB,1999,14,REG,1999_14_SD_SEA,LAC,SEA,0,0,0,0,0,0,0,15,24,0,3,0,1,1,11,0,1,0,0,0,,0,0,0,0,0,0,0,0,0,0,0,,0
00-0002469,Isaac Byrd,WR,1999,14,REG,1999_14_OAK_TEN,TEN,LV,0,0,0,0,0,0,0,0,0,0,0,0,1,2,11,0,0,0,0,0,,0,0,0,0,0,0,0,0,0,0,0,,0
00-0002544,Chris Calloway,WR,1999,14,REG,1999_14_ATL_SF,ATL,SF,0,0,0,0,0,0,0,0,0,0,0,0,0,1,0,0,0,0,0,0,,0,0,0,0,0,0,0,0,0,0,0,,0
00-0002586,Mark Campbell,TE,1999,14,REG,1999_14_CLE_CIN,CLE,CIN,0,0,0,0,0,0,0,0,0,0,0,0,2,3,33,0,2,0,0,0,,0,0,0,0,0,0,0,0,0,0,0,,0
00-0002655,John Carney,K,1999,14,REG,1999_14_SD_SEA,LAC,SEA,0,0,0,0,0,0,0,0,0,0,0,0,0,0,0,0,0,0,4,4,42,0,1,1,2,0,0,1,1,0,0,0,,0
00-0002709,Dwayne Carswell,OT,1999,14,REG,1999_14_DEN_JAX,DEN,JAX,0,0,0,0,0,0,0,0,0,0,0,0,3,5,22,0,1,0,0,0,,0,0,0,0,0,0,0,0,0,0,0,,0
00-0002713,Tony Carter,RB,1999,14,REG,1999_14_NE_IND,NE,IND,0,0,0,0,0,0,0,0,0,0,0,0,2,3,4,0,0,0,0,0,,0,0,0,0,0,0,0,0,0,0,0,,0
00-0002721,Cris Carter,WR,1999,14,REG,1999_14_MIN_KC,MIN,KC,0,0,0,0,0,0,0,0,0,0,0,0,1,2,22,0,1,0,0,0,,0,0,0,0,0,0,0,0,0,0,0,,0
00-0002846,Larry Centers,FB,1999,14,REG,1999_14_ARI_WAS,WAS,ARI,0,0,0,0,0,0,0,2,10,0,0,0,4,4,38,0,2,0,0,0,,0,0,0,0,0,0,0,0,0,0,0,,0
00-0002861,Byron Chamberlain,TE,1999,14,REG,1999_14_DEN_JAX,DEN,JAX,0,0,0,0,0,0,0,0,0,0,0,0,3,4,75,1,2,0,0,0,,0,0,0,0,0,0,0,0,0,0,0,,0
00-0002876,Chris Chandler,QB,1999,14,REG,1999_14_ATL_SF,ATL,SF,8,18,95,0,1,3,-21,1,11,0,1,0,0,0,0,0,0,0,0,0,,0,0,0,0,0,0,0,0,0,0,0,,0
00-0002942,Darrin Chiaverini,WR,1999,14,REG,1999_14_CLE_CIN,CLE,CIN,0,0,0,0,0,0,0,0,0,0,0,0,4,8,48,1,2,0,0,0,,0,0,0,0,0,0,0,0,0,0,0,,0
00-0002962,Wayne Chrebet,WR,1999,14,REG,1999_14_MIA_NYJ,NYJ,MIA,0,0,0,0,0,0,0,0,0,0,0,0,3,7,42,0,2,0,0,0,,0,0,0,0,0,0,0,0,0,0,0,,0
00-0002970,Bob Christian,FB,1999,14,REG,1999_14_ATL_SF,ATL,SF,0,0,0,0,0,0,0,2,5,0,0,0,1,2,3,0,0,0,0,0,,0,0,0,0,0,0,0,0,0,0,0,,0
00-0002975,Steve Christie,K,1999,14,REG,1999_14_NYG_BUF,BUF,NYG,0,0,0,0,0,0,0,0,0,0,0,0,0,0,0,0,0,0,1,3,50,0,0,0,0,1,0,2,2,0,0,0,,0
00-0003039,Greg Clark,TE,1999,14,REG,1999_14_ATL_SF,SF,ATL,0,0,0,0,0,0,0,0,0,0,0,0,4,4,46,0,3,0,0,0,,0,0,0,0,0,0,0,0,0,0,0,,0
00-0003103,Cameron Cleeland,TE,1999,14,REG,1999_14_STL_NO,NO,LA,0,0,0,0,0,0,0,0,0,0,0,0,1,2,2,1,1,0,0,0,,0,0,0,0,0,0,0,0,0,0,0,,0
00-0003136,Mike Cloud,RB,1999,14,REG,1999_14_MIN_KC,KC,MIN,0,0,0,0,0,0,0,8,26,0,1,0,0,0,0,0,0,0,0,0,,0,0,0,0,0,0,0,0,0,0,0,,0
00-0003142,Ben Coates,TE,1999,14,REG,1999_14_NE_IND,NE,IND,0,0,0,0,0,0,0,0,0,0,0,0,4,6,34,0,2,0,0,0,,0,0,0,0,0,0,0,0,0,0,0,,0
00-0003266,Bobby Collins,TE,1999,14,REG,1999_14_NYG_BUF,BUF,NYG,0,0,0,0,0,0,0,0,0,0,0,0,2,4,20,0,1,0,0,0,,0,0,0,0,0,0,0,0,0,0,0,,0
00-0003292,Kerry Collins,QB,1999,14,REG,1999_14_NYG_BUF,NYG,BUF,23,44,240,1,1,0,0,2,7,0,1,1,0,0,0,0,0,0,0,0,,0,0,0,0,0,0,0,0,0,0,0,,0
00-0003310,Ryan Collins,TE,1999,14,REG,1999_14_BAL_PIT,BAL,PIT,0,0,0,0,0,0,0,0,0,0,0,0,0,1,0,0,0,0,0,0,,0,0,0,0,0,0,0,0,0,0,0,,0
00-0003344,Greg Comella,RB,1999,14,REG,1999_14_NYG_BUF,NYG,BUF,0,0,0,0,0,0,0,1,0,0,0,0,0,1,0,0,0,0,0,0,,0,0,0,0,0,0,0,0,0,0,0,,0
00-0003378,Albert Connell,WR,1999,14,REG,1999_14_ARI_WAS,WAS,ARI,0,0,0,0,0,0,0,0,0,0,0,0,3,5,54,0,1,0,0,0,,0,0,0,0,0,0,0,0,0,0,0,,0
00-0003395,Brett Conway,K,1999,14,REG,1999_14_ARI_WAS,WAS,ARI,0,0,0,0,0,0,0,0,0,0,0,0,0,0,0,0,0,0,0,0,,0,0,0,0,0,0,4,4,0,0,0,,0
00-0003512,Brad Costello,P,1999,14,REG,1999_14_CLE_CIN,CIN,CLE,0,0,0,0,0,0,0,0,0,0,0,0,0,0,0,0,0,0,0,0,,0,0,0,0,0,0,0,0,3,107,107,40,0
00-0003535,Tim Couch,QB,1999,14,REG,1999_14_CLE_CIN,CLE,CIN,16,28,239,2,2,3,-16,0,0,0,0,0,0,0,0,0,0,0,0,0,,0,0,0,0,0,0,0,0,0,0,0,,0
00-0003557,Scott Covington,QB,1999,14,REG,1999_14_CLE_CIN,CIN,CLE,1,1,4,0,0,0,0,2,-4,0,0,0,0,0,0,0,0,0,0,0,,0,0,0,0,0,0,0,0,0,0,0,,0
00-0003663,Zack Crockett,RB,1999,14,REG,1999_14_OAK_TEN,LV,TEN,0,0,0,0,0,0,0,3,8,1,2,0,0,0,0,0,0,0,0,0,,0,0,0,0,0,0,0,0,0,0,0,,0
00-0003681,Howard Cross,TE,1999,14,REG,1999_14_NYG_BUF,NYG,BUF,0,0,0,0,0,0,0,0,0,0,0,0,0,1,0,0,0,0,0,0,,0,0,0,0,0,0,0,0,0,0,0,,0
00-0003700,Germane Crowell,WR,1999,14,REG,1999_14_DET_TB,DET,TB,0,0,0,0,0,0,0,0,0,0,0,0,4,9,47,0,2,0,0,0,,0,0,0,0,0,0,0,0,0,0,0,,0
00-0003944,Billy Davis,WR,1999,14,REG,1999_14_BAL_PIT,BAL,PIT,0,0,0,0,0,0,0,0,0,0,0,0,1,3,7,0,0,0,0,0,,0,0,0,0,0,0,0,0,0,0,0,,0
00-0004052,Stephen Davis,RB,1999,14,REG,1999_14_ARI_WAS,WAS,ARI,0,0,0,0,0,0,0,37,189,1,9,0,0,0,0,0,0,0,0,0,,0,0,0,0,0,0,0,0,0,0,0,,0
00-0004060,Troy Davis,RB,1999,14,REG,1999_14_STL_NO,NO,LA,0,0,0,0,0,0,0,1,2,0,0,0,1,3,20,0,1,0,0,0,,0,0,0,0,0,0,0,0,0,0,0,,0
00-0004063,Tyrone Davis,TE,1999,14,REG,1999_14_CAR_GB,GB,CAR,0,0,0,0,0,0,0,0,0,0,0,0,2,3,22,0,2,0,0,0,,0,0,0,0,0,0,0,0,0,0,0,,0
00-0004071,Zola Davis,WR,1999,14,REG,1999_14_CLE_CIN,CLE,CIN,0,0,0,0,0,0,0,0,0,0,0,0,0,2,0,0,0,0,0,0,,0,0,0,0,0,0,0,0,0,0,0,,0
00-0004077,Sean Dawkins,WR,1999,14,REG,1999_14_SD_SEA,SEA,LAC,0,0,0,0,0,0,0,0,0,0,0,0,4,7,59,0,4,0,0,0,,0,0,0,0,0,0,0,0,0,0,0,,0
00-0004091,Phil Dawson,K,1999,14,REG,1999_14_CLE_CIN,CLE,CIN,0,0,0,0,0,0,0,0,0,0,0,0,0,0,0,0,0,0,0,0,,0,0,0,0,0,0,2,2,0,0,0,,0
00-0004147,Al Del Greco,K,1999,14,REG,1999_14_OAK_TEN,TEN,LV,0,0,0,0,0,0,0,0,0,0,0,0,0,0,0,0,0,0,0,0,,0,0,0,0,0,0,3,3,0,0,0,,0
00-0004172,Greg DeLong,TE,1999,14,REG,1999_14_BAL_PIT,BAL,PIT,0,0,0,0,0,0,0,0,0,0,0,0,0,1,0,0,0,0,0,0,,0,0,0,0,0,0,0,0,0,0,0,,0
00-0004200,Autry Denson,RB,1999,14,REG,1999_14_MIA_NYJ,MIA,NYJ,0,0,0,0,0,0,0,2,5,0,1,0,0,1,0,0,0,0,0,0,,0,0,0,0,0,0,0,0,0,0,0,,0
00-0004230,Ty Detmer,QB,1999,14,REG,1999_14_CLE_CIN,CLE,CIN,6,13,89,1,0,0,0,1,2,0,1,0,0,0,0,0,0,0,0,0,,0,0,0,0,0,0,0,0,0,0,0,,0
00-0004294,Ken Dilger,TE,1999,14,REG,1999_14_NE_IND,IND,NE,0,0,0,0,0,0,0,0,0,0,0,0,1,1,10,0,0,0,0,0,,0,0,0,0,0,0,0,0,0,0,0,,0
00-0004304,Corey Dillon,RB,1999,14,REG,1999_14_CLE_CIN,CIN,CLE,0,0,0,0,0,0,0,28,192,3,9,1,2,4,20,0,2,0,0,0,,0,0,0,0,0,0,0,0,0,0,0,,0
00-0004463,Dameane Douglas,WR,1999,14,REG,1999_14_PHI_DAL,PHI,DAL,0,0,0,0,0,0,0,0,0,0,0,0,0,1,0,0,0,0,0,0,,0,0,0,0,0,0,0,0,0,0,0,,0
00-0004524,Troy Drayton,TE,1999,14,REG,1999_14_MIA_NYJ,MIA,NYJ,0,0,0,0,0,0,0,0,0,0,0,0,4,5,33,0,2,0,0,0,,0,0,0,0,0,0,0,0,0,0,0,,0
00-0004541,Donald Driver,WR,1999,14,REG,1999_14_CAR_GB,GB,CAR,0,0,0,0,0,0,0,0,0,0,0,0,3,3,31,1,2,0,0,0,,0,0,0,0,0,0,0,0,0,0,0,,0
00-0004574,Rickey Dudley,TE,1999,14,REG,1999_14_OAK_TEN,LV,TEN,0,0,0,0,0,0,0,0,0,0,0,0,4,4,44,1,4,0,0,0,,0,0,0,0,0,0,0,0,0,0,0,,0
00-0004640,Warrick Dunn,RB,1999,14,REG,1999_14_DET_TB,TB,DET,0,0,0,0,0,0,0,8,6,0,1,0,6,7,115,0,2,0,0,0,,0,0,0,0,0,0,0,0,0,0,0,,0
00-0004694,Kevin Dyson,WR,1999,14,REG,1999_14_OAK_TEN,TEN,LV,0,0,0,0,0,0,0,0,0,0,0,0,1,1,4,0,0,0,0,0,,0,0,0,0,0,0,0,0,0,0,0,,0
00-0004705,Quinn Early,WR,1999,14,REG,1999_14_MIA_NYJ,NYJ,MIA,0,0,0,0,0,0,0,0,0,0,0,0,1,1,5,0,0,0,0,0,,0,0,0,0,0,0,0,0,0,0,0,,0
00-0004768,Marc Edwards,FB,1999,14,REG,1999_14_CLE_CIN,CLE,CIN,0,0,0,0,0,0,0,1,0,0,0,1,1,2,3,0,0,0,0,0,,0,0,0,0,0,0,0,0,0,0,0,,0
00-0004780,Troy Edwards,WR,1999,14,REG,1999_14_BAL_PIT,PIT,BAL,0,0,0,0,0,0,0,0,0,0,0,0,6,10,64,1,4,0,0,0,,0,0,0,0,0,0,0,0,0,0,0,,0
00-0004811,Jason Elam,K,1999,14,REG,1999_14_DEN_JAX,DEN,JAX,0,0,0,0,0,0,0,0,0,0,0,0,0,0,0,0,0,0,1,1,40,0,0,0,1,0,0,3,3,0,0,0,,0
00-0004888,Bert Emanuel,WR,1999,14,REG,1999_14_DET_TB,TB,DET,0,0,0,0,0,0,0,0,0,0,0,0,4,7,46,0,3,0,0,0,,0,0,0,0,0,0,0,0,0,0,0,,0
00-0004972,Chuck Evans,RB,1999,14,REG,1999_14_BAL_PIT,BAL,PIT,0,0,0,0,0,0,0,1,2,0,0,0,1,1,3,0,1,0,0,0,,0,0,0,0,0,0,0,0,0,0,0,,0
00-0005091,Kevin Faulk,RB,1999,14,REG,1999_14_NE_IND,NE,IND,0,0,0,0,0,0,0,2,4,0,1,0,0,1,0,0,0,0,0,0,,0,0,0,0,0,0,0,0,0,0,0,,0
00-0005092,Marshall Faulk,RB,1999,14,REG,1999_14_STL_NO,LA,NO,0,0,0,0,0,0,0,29,154,1,8,1,5,6,56,1,2,0,0,0,,0,0,0,0,0,0,0,0,0,0,0,,0
00-0005101,Christian Fauria,TE,1999,14,REG,1999_14_SD_SEA,SEA,LAC,0,0,0,0,0,0,0,0,0,0,0,0,4,4,35,0,1,0,0,0,,0,0,0,0,0,0,0,0,0,0,0,,0
00-0005106,Brett Favre,QB,1999,14,REG,1999_14_CAR_GB,GB,CAR,26,38,302,2,1,2,-19,5,29,0,5,0,0,0,0,0,0,0,0,0,,0,0,0,0,0,0,0,0,0,0,0,,0
00-0005110,Jermaine Fazande,RB,1999,14,REG,1999_14_SD_SEA,LAC,SEA,0,0,0,0,0,0,0,1,2,0,0,0,0,0,0,0,0,0,0,0,,0,0,0,0,0,0,0,0,0,0,0,,0
00-0005113,Jeff Feagles,P,1999,14,REG,1999_14_SD_SEA,SEA,LAC,0,0,0,0,0,0,0,0,0,0,0,0,0,0,0,0,0,0,0,0,,0,0,0,0,0,0,0,0,3,148,148,56,1
00-0005324,Terrell Fletcher,RB,1999,14,REG,1999_14_SD_SEA,LAC,SEA,0,0,0,0,0,0,0,6,16,0,0,0,5,5,57,0,2,0,0,0,,0,0,0,0,0,0,0,0,0,0,0,,0
00-0005361,William Floyd,FB,1999,14,REG,1999_14_CAR_GB,CAR,GB,0,0,0,0,0,0,0,0,0,0,0,0,2,3,24,0,1,0,0,0,,0,0,0,0,0,0,0,0,0,0,0,,0
00-0005363,Doug Flutie,QB,1999,14,REG,1999_14_NYG_BUF,BUF,NYG,15,32,184,1,1,3,-23,6,25,0,1,0,0,0,0,0,0,0,0,0,,0,0,0,0,0,0,0,0,0,0,0,,0
00-0005562,Antonio Freeman,WR,1999,14,REG,1999_14_CAR_GB,GB,CAR,0,0,0,0,0,0,0,0,0,0,0,0,4,9,46,1,2,0,0,0,,0,0,0,0,0,0,0,0,0,0,0,,0
00-0005589,Gus Frerotte,QB,1999,14,REG,1999_14_DET_TB,DET,TB,23,44,241,0,1,4,-31,2,4,0,0,0,0,0,0,0,0,0,0,0,,0,0,0,0,0,0,0,0,0,0,0,,0
00-0005616,Irving Fryar,WR,1999,14,REG,1999_14_ARI_WAS,WAS,ARI,0,0,0,0,0,0,0,0,0,0,0,0,3,5,19,1,2,0,0,0,,0,0,0,0,0,0,0,0,0,0,0,,0
00-0005668,Oronde Gadsden,WR,1999,14,REG,1999_14_MIA_NYJ,MIA,NYJ,0,0,0,0,0,0,0,0,0,0,0,0,4,8,57,1,3,0,0,0,,0,0,0,0,0,0,0,0,0,0,0,,0
00-0005720,Joey Galloway,WR,1999,14,REG,1999_14_SD_SEA,SEA,LAC,0,0,0,0,0,0,0,0,0,0,0,0,6,10,85,0,5,0,0,0,,0,0,0,0,0,0,0,0,0,0,0,,0
00-0005741,Rich Gannon,QB,1999,14,REG,1999_14_OAK_TEN,LV,TEN,20,28,273,1,1,4,-20,1,3,0,1,0,0,0,0,0,0,0,0,0,,0,0,0,0,0,0,0,0,0,0,0,,0
00-0005755,Jeff Garcia,QB,1999,14,REG,1999_14_ATL_SF,SF,ATL,16,24,160,0,0,2,-16,3,18,0,1,0,0,0,0,0,0,0,0,0,,0,0,0,0,0,0,0,0,0,0,0,,0
00-0005771,Chris Gardocki,P,1999,14,REG,1999_14_CLE_CIN,CLE,CIN,0,0,0,0,0,0,0,0,0,0,0,0,0,0,0,0,0,0,0,0,,0,0,0,0,0,0,0,0,5,223,132,51,1
00-0005779,Charlie Garner,RB,1999,14,REG,1999_14_ATL_SF,SF,ATL,0,0,0,0,0,0,0,26,107,1,6,0,5,6,62,0,4,0,0,0,,0,0,0,0,0,0,0,0,0,0,0,,0
00-0005816,Olandis Gary,RB,1999,14,REG,1999_14_DEN_JAX,DEN,JAX,0,0,0,0,0,0,0,20,67,1,4,0,1,1,5,0,0,0,0,0,,0,0,0,0,0,0,0,0,0,0,0,,0
00-0005822,Sam Gash,FB,1999,14,REG,1999_14_NYG_BUF,BUF,NYG,0,0,0,0,0,0,0,0,0,0,0,0,1,2,8,0,1,0,0,0,,0,0,0,0,0,0,0,0,0,0,0,,0
00-0005883,Eddie George,RB,1999,14,REG,1999_14_OAK_TEN,TEN,LV,0,0,0,0,0,0,0,28,199,2,9,0,6,8,50,0,3,0,0,0,,0,0,0,0,0,0,0,0,0,0,0,,0
00-0005885,Jeff George,QB,1999,14,REG,1999_14_MIN_KC,MIN,KC,13,22,190,2,0,4,-39,2,7,0,0,1,0,0,0,0,0,0,0,0,,0,0,0,0,0,0,0,0,0,0,0,,0
00-0005903,Jammi German,WR,1999,14,REG,1999_14_ATL_SF,ATL,SF,0,0,0,0,0,0,0,0,0,0,0,0,2,4,24,0,1,0,0,0,,0,0,0,0,0,0,0,0,0,0,0,,0
00-0006043,Terry Glenn,WR,1999,14,REG,1999_14_NE_IND,NE,IND,0,0,0,0,0,0,0,0,0,0,0,0,9,12,148,0,6,0,0,0,,0,0,0,0,0,0,0,0,0,0,0,,0
00-0006101,Tony Gonzalez,TE,1999,14,REG,1999_14_MIN_KC,KC,MIN,0,0,0,0,0,0,0,0,0,0,0,0,6,9,63,2,3,0,0,0,,0,0,0,0,0,0,0,0,0,0,0,,0
00-0006181,Toby Gowin,P,1999,14,REG,1999_14_PHI_DAL,DAL,PHI,0,0,0,0,0,0,0,0,0,0,0,0,0,0,0,0,0,0,0,0,,0,0,0,0,0,0,0,0,6,240,230,50,5
00-0006210,Jeff Graham,WR,1999,14,REG,1999_14_SD_SEA,LAC,SEA,0,0,0,0,0,0,0,0,0,0,0,0,9,13,114,0,6,0,0,0,,0,0,0,0,0,0,0,0,0,0,0,,0
00-0006223,Martin Gramatica,K,1999,14,REG,1999_14_DET_TB,TB,DET,0,0,0,0,0,0,0,0,0,0,0,0,0,0,0,0,0,0,0,0,,0,0,0,0,0,0,3,3,0,0,0,,0
00-0006299,Tony Graziani,QB,1999,14,REG,1999_14_ATL_SF,ATL,SF,1,9,11,0,0,2,-18,0,0,0,0,0,0,0,0,0,0,0,0,0,,0,0,0,0,0,0,0,0,0,0,0,,0
00-0006300,Elvis Grbac,QB,1999,14,REG,1999_14_MIN_KC,KC,MIN,19,29,215,2,0,2,-8,2,2,0,0,1,0,0,0,0,0,0,0,0,,0,0,0,0,0,0,0,0,0,0,0,,0
00-0006322,E.G. Green,WR,1999,14,REG,1999_14_NE_IND,IND,NE,0,0,0,0,0,0,0,0,0,0,0,0,0,1,0,0,0,0,0,0,,0,0,0,0,0,0,0,0,0,0,0,,0
00-0006324,Eric Green,TE,1999,14,REG,1999_14_MIA_NYJ,NYJ,MIA,0,0,0,0,0,0,0,0,0,0,0,0,1,1,8,0,0,0,0,0,,0,0,0,0,0,0,0,0,0,0,0,,0
00-0006331,Jacquez Green,WR,1999,14,REG,1999_14_DET_TB,TB,DET,0,0,0,0,0,0,0,0,0,0,0,0,3,6,22,0,0,0,0,0,,0,0,0,0,0,0,0,0,0,0,0,,0
00-0006359,Yatil Green,WR,1999,14,REG,1999_14_MIA_NYJ,MIA,NYJ,0,0,0,0,0,0,0,0,0,0,0,0,4,10,73,0,4,0,0,0,,0,0,0,0,0,0,0,0,0,0,0,,0
00-0006423,Brian Griese,QB,1999,14,REG,1999_14_DEN_JAX,DEN,JAX,21,33,275,2,2,1,-7,3,13,0,1,0,0,0,0,0,0,0,0,0,,0,0,0,0,0,0,0,0,0,0,0,,0
00-0006431,Damon Griffin,WR,1999,14,REG,1999_14_CLE_CIN,CIN,CLE,0,0,0,0,0,0,0,0,0,0,0,0,1,1,8,0,1,0,0,0,,0,0,0,0,0,0,0,0,0,0,0,,0
00-0006456,Howard Griffith,RB,1999,14,REG,1999_14_DEN_JAX,DEN,JAX,0,0,0,0,0,0,0,1,1,0,0,0,2,4,20,0,1,0,0,0,,0,0,0,0,0,0,0,0,0,0,0,,0
00-0006482,Clif Groce,FB,1999,14,REG,1999_14_CLE_CIN,CIN,CLE,0,0,0,0,0,0,0,3,14,1,1,0,0,1,0,0,0,0,0,0,,0,0,0,0,0,0,0,0,0,0,0,,0
00-0006627,Az-Zahir Hakim,WR,1999,14,REG,1999_14_STL_NO,LA,NO,0,0,0,0,0,0,0,0,0,0,0,0,1,2,25,0,1,0,0,0,,0,0,0,0,0,0,0,0,0,0,0,,0
00-0006662,John Hall,K,1999,14,REG,1999_14_MIA_NYJ,NYJ,MIA,0,0,0,0,0,0,0,0,0,0,0,0,0,0,0,0,0,0,3,4,46,0,1,1,1,0,0,1,3,0,0,0,,0
00-0006800,Jason Hanson,K,1999,14,REG,1999_14_DET_TB,DET,TB,0,0,0,0,0,0,0,0,0,0,0,0,0,0,0,0,0,0,3,3,37,0,2,1,0,0,0,1,1,0,0,0,,0
00-0006808,Jim Harbaugh,QB,1999,14,REG,1999_14_SD_SEA,LAC,SEA,20,35,229,0,1,1,-7,3,23,0,1,0,0,0,0,0,0,0,0,0,,0,0,0,0,0,0,0,0,0,0,0,,0
00-0006848,Terry Hardy,TE,1999,14,REG,1999_14_ARI_WAS,ARI,WAS,0,0,0,0,0,0,0,0,0,0,0,0,1,2,7,0,1,0,0,0,,0,0,0,0,0,0,0,0,0,0,0,,0
00-0006949,Jackie Harris,TE,1999,14,REG,1999_14_OAK_TEN,TEN,LV,0,0,0,0,0,0,0,0,0,0,0,0,0,1,0,0,0,0,0,0,,0,0,0,0,0,0,0,0,0,0,0,,0
00-0006977,Mark Harris,WR,1999,14,REG,1999_14_ATL_SF,SF,ATL,0,0,0,0,0,0,0,0,0,0,0,0,1,1,9,0,0,0,0,0,,0,0,0,0,0,0,0,0,0,0,0,,0
00-0007024,Marvin Harrison,WR,1999,14,REG,1999_14_NE_IND,IND,NE,0,0,0,0,0,0,0,0,0,0,0,0,6,10,118,0,4,0,0,0,,0,0,0,0,0,0,0,0,0,0,0,,0
00-0007093,Andre Hastings,WR,1999,14,REG,1999_14_STL_NO,NO,LA,0,0,0,0,0,0,0,1,4,0,0,0,2,2,45,0,2,0,0,0,,0,0,0,0,0,0,0,0,0,0,0,,0
00-0007103,Matt Hatchette,WR,1999,14,REG,1999_14_MIN_KC,MIN,KC,0,0,0,0,0,0,0,0,0,0,0,0,2,2,30,1,2,0,0,0,,0,0,0,0,0,0,0,0,0,0,0,,0
00-0007144,Donald Hayes,WR,1999,14,REG,1999_14_CAR_GB,CAR,GB,0,0,0,0,0,0,0,0,0,0,0,0,0,1,0,0,0,0,0,0,,0,0,0,0,0,0,0,0,0,0,0,,0
00-0007254,William Henderson,FB,1999,14,REG,1999_14_CAR_GB,GB,CAR,0,0,0,0,0,0,0,1,1,1,1,0,5,5,58,0,3,1,0,0,,0,0,0,0,0,0,0,0,0,0,0,,0
00-0007308,Craig Hentrich,P,1999,14,REG,1999_14_OAK_TEN,TEN,LV,0,0,0,0,0,0,0,0,0,0,0,0,0,0,0,0,0,0,0,0,,0,0,0,0,0,0,0,0,4,122,122,41,2
00-0007389,Skip Hicks,RB,1999,14,REG,1999_14_ARI_WAS,WAS,ARI,0,0,0,0,0,0,0,2,10,1,1,0,0,0,0,0,0,0,0,0,,0,0,0,0,0,0,0,0,0,0,0,,0
00-0007436,Greg Hill,RB,1999,14,REG,1999_14_DET_TB,DET,TB,0,0,0,0,0,0,0,10,25,1,1,0,3,6,9,0,0,0,0,0,,0,0,0,0,0,0,0,0,0,0,0,,0
00-0007468,Ike Hilliard,WR,1999,14,REG,1999_14_NYG_BUF,NYG,BUF,0,0,0,0,0,0,0,0,0,0,0,0,6,9,62,0,3,0,0,0,,0,0,0,0,0,0,0,0,0,0,0,,0
00-0007520,Leroy Hoard,RB,1999,14,REG,1999_14_MIN_KC,MIN,KC,0,0,0,0,0,0,0,11,35,0,3,0,0,0,0,0,0,0,0,0,,0,0,0,0,0,0,0,0,0,0,0,,0
00-0007579,Robert Holcombe,FB,1999,14,REG,1999_14_STL_NO,LA,NO,0,0,0,0,0,0,0,1,0,0,0,0,1,1,1,1,1,0,0,0,,0,0,0,0,0,0,0,0,0,0,0,,0
00-0007622,Mike Hollis,K,1999,14,REG,1999_14_DEN_JAX,JAX,DEN,0,0,0,0,0,0,0,0,0,0,0,0,0,0,0,0,0,0,2,2,49,0,1,0,1,0,0,3,3,0,0,0,,0
00-0007661,Priest Holmes,RB,1999,14,REG,1999_14_BAL_PIT,BAL,PIT,0,0,0,0,0,0,0,18,130,1,3,0,0,0,0,0,0,0,0,0,,0,0,0,0,0,0,0,0,0,0,0,,0
00-0007681,Torry Holt,WR,1999,14,REG,1999_14_STL_NO,LA,NO,0,0,0,0,0,0,0,0,0,0,0,0,6,9,113,0,3,0,0,0,,0,0,0,0,0,0,0,0,0,0,0,,0
00-0007744,Joe Horn,WR,1999,14,REG,1999_14_MIN_KC,KC,MIN,0,0,0,0,0,0,0,0,0,0,0,0,4,6,65,0,4,0,0,0,,0,0,0,0,0,0,0,0,0,0,0,,0
00-0007795,Chris Howard,RB,1999,14,REG,1999_14_DEN_JAX,JAX,DEN,0,0,0,0,0,0,0,0,0,0,0,0,0,2,0,0,0,0,0,0,,0,0,0,0,0,0,0,0,0,0,0,,0
00-0007835,Damon Huard,QB,1999,14,REG,1999_14_MIA_NYJ,MIA,NYJ,6,7,75,1,0,0,0,0,0,0,0,0,0,0,0,0,0,0,0,0,,0,0,0,0,0,0,0,0,0,0,0,,0
00-0007969,Richard Huntley,RB,1999,14,REG,1999_14_BAL_PIT,PIT,BAL,0,0,0,0,0,0,0,8,68,0,3,0,0,3,0,0,0,0,0,0,,0,0,0,0,0,0,0,0,0,0,0,,0
00-0007983,Michael Husted,K,1999,14,REG,1999_14_OAK_TEN,LV,TEN,0,0,0,0,0,0,0,0,0,0,0,0,0,0,0,0,0,0,0,2,,0,0,0,0,0,0,2,2,0,0,0,,0
00-0007993,Tom Hutton,P,1999,14,REG,1999_14_MIA_NYJ,MIA,NYJ,0,0,0,0,0,0,0,0,0,0,0,0,0,0,0,0,0,0,0,0,,0,0,0,0,0,0,0,0,6,214,184,45,1
00-0008059,Qadry Ismail,WR,1999,14,REG,1999_14_BAL_PIT,BAL,PIT,0,0,0,0,0,0,0,0,0,0,0,0,6,11,258,3,5,0,0,0,,0,0,0,0,0,0,0,0,0,0,0,,0
00-0008060,Raghib Ismail,WR,1999,14,REG,1999_14_PHI_DAL,DAL,PHI,0,0,0,0,0,0,0,1,12,0,1,0,4,10,52,0,2,0,0,0,,0,0,0,0,0,0,0,0,0,0,0,,0
00-0008080,Chris Jacke,K,1999,14,REG,1999_14_ARI_WAS,ARI,WAS,0,0,0,0,0,0,0,0,0,0,0,0,0,0,0,0,0,0,1,1,31,0,0,1,0,0,0,0,0,0,0,0,,0
00-0008190,Sheldon Jackson,TE,1999,14,REG,1999_14_NYG_BUF,BUF,NYG,0,0,0,0,0,0,0,0,0,0,0,0,0,1,0,0,0,0,0,0,,0,0,0,0,0,0,0,0,0,0,0,,0
00-0008196,Terry Jackson,RB,1999,14,REG,1999_14_ATL_SF,SF,ATL,0,0,0,0,0,0,0,5,24,0,2,0,0,0,0,0,0,0,0,0,,0,0,0,0,0,0,0,0,0,0,0,,0
00-0008229,Nate Jacquet,WR,1999,14,REG,1999_14_MIA_NYJ,MIA,NYJ,0,0,0,0,0,0,0,0,0,0,0,0,1,1,18,0,1,0,0,0,,0,0,0,0,0,0,0,0,0,0,0,,0
00-0008241,Edgerrin James,RB,1999,14,REG,1999_14_NE_IND,IND,NE,0,0,0,0,0,0,0,20,101,0,6,0,2,5,8,1,1,0,0,0,,0,0,0,0,0,0,0,0,0,0,0,,0
00-0008300,Patrick Jeffers,WR,1999,14,REG,1999_14_CAR_GB,CAR,GB,0,0,0,0,0,0,0,0,0,0,0,0,8,9,147,2,7,0,0,0,,0,0,0,0,0,0,0,0,0,0,0,,0
00-0008313,Shawn Jefferson,WR,1999,14,REG,1999_14_NE_IND,NE,IND,0,0,0,0,0,0,0,0,0,0,0,0,7,9,76,1,6,0,0,0,,0,0,0,0,0,0,0,0,0,0,0,,0
00-0008329,Dietrich Jells,WR,1999,14,REG,1999_14_PHI_DAL,PHI,DAL,0,0,0,0,0,0,0,0,0,0,0,0,2,2,29,0,2,0,0,0,,0,0,0,0,0,0,0,0,0,0,0,,0
00-0008391,Travis Jervey,RB,1999,14,REG,1999_14_ATL_SF,SF,ATL,0,0,0,0,0,0,0,2,6,0,0,0,0,0,0,0,0,0,0,0,,0,0,0,0,0,0,0,0,0,0,0,,0
00-0008400,James Jett,WR,1999,14,REG,1999_14_OAK_TEN,LV,TEN,0,0,0,0,0,0,0,0,0,0,0,0,3,5,44,0,3,0,0,0,,0,0,0,0,0,0,0,0,0,0,0,,0
00-0008401,John Jett,P,1999,14,REG,1999_14_DET_TB,DET,TB,0,0,0,0,0,0,0,0,0,0,0,0,0,0,0,0,0,0,0,0,,0,0,0,0,0,0,0,0,5,191,181,48,2
00-0008430,Anthony Johnson,RB,1999,14,REG,1999_14_CAR_GB,CAR,GB,0,0,0,0,0,0,0,0,0,0,0,0,0,1,0,0,0,0,0,0,,0,0,0,0,0,0,0,0,0,0,0,,0
00-0008442,Brad Johnson,QB,1999,14,REG,1999_14_ARI_WAS,WAS,ARI,17,31,191,2,2,2,-11,2,-2,0,0,0,0,0,0,0,0,0,0,0,,0,0,0,0,0,0,0,0,0,0,0,,0
00-0008560,Kevin Johnson,WR,1999,14,REG,1999_14_CLE_CIN,CLE,CIN,0,0,0,0,0,0,0,1,-6,0,0,0,7,12,135,0,5,0,0,0,,0,0,0,0,0,0,0,0,0,0,0,,0
00-0008561,Keyshawn Johnson,WR,1999,14,REG,1999_14_MIA_NYJ,NYJ,MIA,0,0,0,0,0,0,0,0,0,0,0,0,11,16,144,2,7,0,0,0,,0,0,0,0,0,0,0,0,0,0,0,,0
00-0008566,Lee Johnson,P,1999,14,REG,1999_14_NE_IND,NE,IND,0,0,0,0,0,0,0,0,0,0,0,0,0,0,0,0,0,0,0,0,,0,0,0,0,0,0,0,0,5,222,192,49,2
00-0008572,Lonnie Johnson,TE,1999,14,REG,1999_14_MIN_KC,KC,MIN,0,0,0,0,0,0,0,0,0,0,0,0,0,1,0,0,0,0,0,0,,0,0,0,0,0,0,0,0,0,0,0,,0
00-0008575,Malcolm Johnson,WR,1999,14,REG,1999_14_BAL_PIT,PIT,BAL,0,0,0,0,0,0,0,0,0,0,0,0,1,1,18,0,1,0,0,0,,0,0,0,0,0,0,0,0,0,0,0,,0
00-0008593,Norm Johnson,K,1999,14,REG,1999_14_PHI_DAL,PHI,DAL,0,0,0,0,0,0,0,0,0,0,0,0,0,0,0,0,0,0,1,1,44,0,0,0,1,0,0,1,1,0,0,0,,0
00-0008723,Damon Jones,TE,1999,14,REG,1999_14_DEN_JAX,JAX,DEN,0,0,0,0,0,0,0,0,0,0,0,0,1,5,21,0,1,0,0,0,,0,0,0,0,0,0,0,0,0,0,0,,0
00-0008749,Freddie Jones,TE,1999,14,REG,1999_14_SD_SEA,LAC,SEA,0,0,0,0,0,0,0,0,0,0,0,0,2,5,30,0,2,0,0,0,,0,0,0,0,0,0,0,0,0,0,0,,0
00-0008962,Joe Jurevicius,WR,1999,14,REG,1999_14_NYG_BUF,NYG,BUF,0,0,0,0,0,0,0,0,0,0,0,0,1,1,12,0,1,0,0,0,,0,0,0,0,0,0,0,0,0,0,0,,0
00-0008970,Paul Justin,QB,1999,14,REG,1999_14_STL_NO,LA,NO,0,0,0,0,0,0,0,2,-2,0,0,0,0,0,0,0,0,0,0,0,,0,0,0,0,0,0,0,0,0,0,0,,0
00-0009028,John Kasay,K,1999,14,REG,1999_14_CAR_GB,CAR,GB,0,0,0,0,0,0,0,0,0,0,0,0,0,0,0,0,0,0,2,2,37,0,1,1,0,0,0,3,3,0,0,0,,0
00-0009038,Napoleon Kaufman,RB,1999,14,REG,1999_14_OAK_TEN,LV,TEN,0,0,0,0,0,0,0,7,51,0,1,0,3,3,62,0,1,0,0,0,,0,0,0,0,0,0,0,0,0,0,0,,0
00-0009163,Eddie Kennison,WR,1999,14,REG,1999_14_STL_NO,NO,LA,0,0,0,0,0,0,0,0,0,0,0,0,2,7,19,0,1,0,0,0,,0,0,0,0,0,0,0,0,0,0,0,,0
00-0009165,Joey Kent,WR,1999,14,REG,1999_14_OAK_TEN,TEN,LV,0,0,0,0,0,0,0,0,0,0,0,0,0,1,0,0,0,0,0,0,,0,0,0,0,0,0,0,0,0,0,0,,0
00-0009237,Brian Kinchen,TE,1999,14,REG,1999_14_CAR_GB,CAR,GB,0,0,0,0,0,0,0,0,0,0,0,0,1,1,26,1,1,0,0,0,,0,0,0,0,0,0,0,0,0,0,0,,0
00-0009266,Shaun King,QB,1999,14,REG,1999_14_DET_TB,TB,DET,23,37,297,2,1,3,-26,3,7,0,1,0,0,0,0,0,0,0,0,0,,0,0,0,0,0,0,0,0,0,0,0,,0
00-0009288,Terry Kirby,RB,1999,14,REG,1999_14_CLE_CIN,CLE,CIN,0,0,0,0,0,0,0,3,5,1,1,0,2,3,24,0,1,0,0,0,,0,0,0,0,0,0,0,0,0,0,0,,0
00-0009311,Jon Kitna,QB,1999,14,REG,1999_14_SD_SEA,SEA,LAC,25,40,285,1,1,3,-14,1,1,0,0,0,0,0,0,0,0,0,0,0,,0,0,0,0,0,0,0,0,0,0,0,,0
00-0009417,Rob Konrad,FB,1999,14,REG,1999_14_MIA_NYJ,MIA,NYJ,0,0,0,0,0,0,0,0,0,0,0,0,3,8,29,0,2,0,0,0,,0,0,0,0,0,0,0,0,0,0,0,,0
00-0009550,David LaFleur,TE,1999,14,REG,1999_14_PHI_DAL,DAL,PHI,0,0,0,0,0,0,0,0,0,0,0,0,4,6,44,1,2,0,0,0,,0,0,0,0,0,0,0,0,0,0,0,,0
00-0009584,Sean Landeta,P,1999,14,REG,1999_14_PHI_DAL,PHI,DAL,0,0,0,0,0,0,0,0,0,0,0,0,0,0,0,0,0,0,0,0,,0,0,0,0,0,0,0,0,8,341,298,56,0
00-0009599,Fred Lane,RB,1999,14,REG,1999_14_CAR_GB,CAR,GB,0,0,0,0,0,0,0,1,-1,0,0,0,1,2,3,0,0,0,0,0,,0,0,0,0,0,0,0,0,0,0,0,,0
00-0009842,Chad Lewis,TE,1999,14,REG,1999_14_PHI_DAL,PHI,DAL,0,0,0,0,0,0,0,0,0,0,0,0,1,4,19,0,1,0,0,0,,0,0,0,0,0,0,0,0,0,0,0,,0
00-0009960,Jonathan Linton,FB,1999,14,REG,1999_14_NYG_BUF,BUF,NYG,0,0,0,0,0,0,0,8,17,1,2,0,0,0,0,0,0,0,0,0,,0,0,0,0,0,0,0,0,0,0,0,,0
00-0010007,Kevin Lockett,WR,1999,14,REG,1999_14_MIN_KC,KC,MIN,0,0,0,0,0,0,0,0,0,0,0,0,3,4,36,0,3,0,0,0,,0,0,0,0,0,0,0,0,0,0,0,,0
00-0010072,Ryan Longwell,K,1999,14,REG,1999_14_CAR_GB,GB,CAR,0,0,0,0,0,0,0,0,0,0,0,0,0,0,0,0,0,0,1,1,40,0,0,0,1,0,0,4,4,0,0,0,,0
00-0010107,Derek Loville,RB,1999,14,REG,1999_14_DEN_JAX,DEN,JAX,0,0,0,0,0,0,0,3,9,0,0,0,0,1,0,0,0,0,0,0,,0,0,0,0,0,0,0,0,0,0,0,,0
00-0010137,Ray Lucas,QB,1999,14,REG,1999_14_MIA_NYJ,NYJ,MIA,22,37,230,2,0,1,-5,4,20,0,2,0,0,0,0,0,0,0,0,0,,0,0,0,0,0,0,0,0,0,0,0,,0
00-0010292,Joel Makovicka,FB,1999,14,REG,1999_14_ARI_WAS,ARI,WAS,0,0,0,0,0,0,0,0,0,0,0,0,3,4,21,0,1,0,0,0,,0,0,0,0,0,0,0,0,0,0,0,,0
00-0010346,Peyton Manning,QB,1999,14,REG,1999_14_NE_IND,IND,NE,15,27,186,2,0,1,-8,5,8,0,1,1,0,0,0,0,0,0,0,0,,0,0,0,0,0,0,0,0,0,0,0,,0
00-0010373,Olindo Mare,K,1999,14,REG,1999_14_MIA_NYJ,MIA,NYJ,0,0,0,0,0,0,0,0,0,0,0,0,0,0,0,0,0,0,2,2,33,0,1,1,0,0,0,2,2,0,0,0,,0
00-0010379,Dan Marino,QB,1999,14,REG,1999_14_MIA_NYJ,MIA,NYJ,19,40,188,0,2,2,-17,0,0,0,0,0,0,0,0,0,0,0,0,0,,0,0,0,0,0,0,0,0,0,0,0,,0
00-0010436,Cecil Martin,RB,1999,14,REG,1999_14_PHI_DAL,PHI,DAL,0,0,0,0,0,0,0,0,0,0,0,0,1,1,3,0,0,0,0,0,,0,0,0,0,0,0,0,0,0,0,0,,0
00-0010442,Curtis Martin,RB,1999,14,REG,1999_14_MIA_NYJ,NYJ,MIA,0,0,0,0,0,0,0,24,75,0,6,0,1,2,8,0,0,0,0,0,,0,0,0,0,0,0,0,0,0,0,0,,0
00-0010477,Tony Martin,WR,1999,14,REG,1999_14_MIA_NYJ,MIA,NYJ,0,0,0,0,0,0,0,0,0,0,0,0,2,4,12,0,1,0,0,0,,0,0,0,0,0,0,0,0,0,0,0,,0
00-0010539,Terance Mathis,WR,1999,14,REG,1999_14_ATL_SF,ATL,SF,0,0,0,0,0,0,0,0,0,0,0,0,4,13,58,0,2,0,0,0,,0,0,0,0,0,0,0,0,0,0,0,,0
00-0010599,Derrick Mayes,WR,1999,14,REG,1999_14_SD_SEA,SEA,LAC,0,0,0,0,0,0,0,0,0,0,0,0,5,9,58,1,2,0,0,0,,0,0,0,0,0,0,0,0,0,0,0,,0
00-0010609,Brad Maynard,P,1999,14,REG,1999_14_NYG_BUF,NYG,BUF,0,0,0,0,0,0,0,0,0,0,0,0,0,0,0,0,0,0,0,0,,0,0,0,0,0,0,0,0,5,233,183,51,1
00-0010650,Ed McCaffrey,WR,1999,14,REG,1999_14_DEN_JAX,DEN,JAX,0,0,0,0,0,0,0,0,0,0,0,0,6,8,61,0,4,0,0,0,,0,0,0,0,0,0,0,0,0,0,0,,0
00-0010668,Keenan McCardell,WR,1999,14,REG,1999_14_DEN_JAX,JAX,DEN,0,0,0,0,0,0,0,0,0,0,0,0,2,5,13,0,1,0,0,0,,0,0,0,0,0,0,0,0,0,0,0,,0
00-0010747,Fred McCrary,RB,1999,14,REG,1999_14_SD_SEA,LAC,SEA,0,0,0,0,0,0,0,0,0,0,0,0,1,3,1,0,0,0,0,0,,0,0,0,0,0,0,0,0,0,0,0,,0
00-0010859,Tony McGee,TE,1999,14,REG,1999_14_CLE_CIN,CIN,CLE,0,0,0,0,0,0,0,0,0,0,0,0,3,4,27,0,2,0,0,0,,0,0,0,0,0,0,0,0,0,0,0,,0
00-0010994,Kevin McLeod,RB,1999,14,REG,1999_14_DET_TB,TB,DET,0,0,0,0,0,0,0,0,0,0,0,0,1,1,3,1,1,0,0,0,,0,0,0,0,0,0,0,0,0,0,0,,0
00-0011022,Donovan McNabb,QB,1999,14,REG,1999_14_PHI_DAL,PHI,DAL,7,17,49,0,1,3,-14,3,24,0,2,1,0,0,0,0,0,0,0,0,,0,0,0,0,0,0,0,0,0,0,0,,0
00-0011024,Steve McNair,QB,1999,14,REG,1999_14_OAK_TEN,TEN,LV,12,20,114,0,1,2,-11,4,5,1,2,0,0,0,0,0,0,0,0,0,,0,0,0,0,0,0,0,0,0,0,0,,0
00-0011068,Johnny McWilliams,TE,1999,14,REG,1999_14_ARI_WAS,ARI,WAS,0,0,0,0,0,0,0,0,0,0,0,0,0,1,0,0,0,0,0,0,,0,0,0,0,0,0,0,0,0,0,0,,0
00-0011081,Natrone Means,RB,1999,14,REG,1999_14_SD_SEA,LAC,SEA,0,0,0,0,0,0,0,14,42,1,5,0,1,1,9,0,0,0,0,0,,0,0,0,0,0,0,0,0,0,0,0,,0
00-0011187,Terry Mickens,WR,1999,14,REG,1999_14_OAK_TEN,LV,TEN,0,0,0,0,0,0,0,0,0,0,0,0,2,3,25,0,1,0,0,0,,0,0,0,0,0,0,0,0,0,0,0,,0
00-0011279,Josh Miller,P,1999,14,REG,1999_14_BAL_PIT,PIT,BAL,0,0,0,0,0,0,0,0,0,0,0,0,0,0,0,0,0,0,0,0,,0,0,0,0,0,0,0,0,7,299,279,50,4
00-0011392,Basil Mitchell,RB,1999,14,REG,1999_14_CAR_GB,GB,CAR,0,0,0,0,0,0,0,12,49,0,3,0,4,4,39,0,1,0,0,0,,0,0,0,0,0,0,0,0,0,0,0,,0
00-0011399,Brian Mitchell,RB,1999,14,REG,1999_14_ARI_WAS,WAS,ARI,0,0,0,0,0,0,0,3,19,0,2,0,2,3,14,0,1,0,0,0,,0,0,0,0,0,0,0,0,0,0,0,,0
00-0011425,Pete Mitchell,TE,1999,14,REG,1999_14_NYG_BUF,NYG,BUF,0,0,0,0,0,0,0,0,0,0,0,0,5,11,41,0,2,0,0,0,,0,0,0,0,0,0,0,0,0,0,0,,0
00-0011463,Chris Mohr,P,1999,14,REG,1999_14_NYG_BUF,BUF,NYG,0,0,0,0,0,0,0,0,0,0,0,0,0,0,0,0,0,0,0,0,,0,0,0,0,0,0,0,0,4,178,160,50,2
00-0011488,Rod Monroe,TE,1999,14,REG,1999_14_ATL_SF,ATL,SF,0,0,0,0,0,0,0,0,0,0,0,0,1,1,8,0,0,0,0,0,,0,0,0,0,0,0,0,0,0,0,0,,0
00-0011506,Joe Montgomery,RB,1999,14,REG,1999_14_NYG_BUF,NYG,BUF,0,0,0,0,0,0,0,20,77,0,5,0,0,1,0,0,0,0,0,0,,0,0,0,0,0,0,0,0,0,0,0,,0
00-0011551,Dave Moore,TE,1999,14,REG,1999_14_DET_TB,TB,DET,0,0,0,0,0,0,0,0,0,0,0,0,1,1,11,0,1,0,0,0,,0,0,0,0,0,0,0,0,0,0,0,,0
00-0011568,Herman Moore,WR,1999,14,REG,1999_14_DET_TB,DET,TB,0,0,0,0,0,0,0,0,0,0,0,0,2,6,22,0,2,0,0,0,,0,0,0,0,0,0,0,0,0,0,0,,0
00-0011601,Rob Moore,WR,1999,14,REG,1999_14_ARI_WAS,ARI,WAS,0,0,0,0,0,0,0,0,0,0,0,0,4,6,24,0,2,0,0,0,,0,0,0,0,0,0,0,0,0,0,0,,0
00-0011675,Bam Morris,RB,1999,14,REG,1999_14_MIN_KC,KC,MIN,0,0,0,0,0,0,0,6,33,0,1,0,0,0,0,0,0,0,0,0,,0,0,0,0,0,0,0,0,0,0,0,,0
00-0011727,Johnnie Morton,WR,1999,14,REG,1999_14_DET_TB,DET,TB,0,0,0,0,0,0,0,0,0,0,0,0,7,10,107,0,4,0,0,0,,0,0,0,0,0,0,0,0,0,0,0,,0
00-0011754,Randy Moss,WR,1999,14,REG,1999_14_MIN_KC,MIN,KC,0,0,0,0,0,0,0,1,15,0,1,0,5,9,76,1,3,1,0,0,,0,0,0,0,0,0,0,0,0,0,0,,0
00-0011770,Eric Moulds,WR,1999,14,REG,1999_14_NYG_BUF,BUF,NYG,0,0,0,0,0,0,0,0,0,0,0,0,3,6,55,0,2,0,0,0,,0,0,0,0,0,0,0,0,0,0,0,,0
00-0011795,Muhsin Muhammad,WR,1999,14,REG,1999_14_CAR_GB,CAR,GB,0,0,0,0,0,0,0,0,0,0,0,0,8,13,51,0,4,0,0,0,,0,0,0,0,0,0,0,0,0,0,0,,0
00-0011859,Eddie Murray,K,1999,14,REG,1999_14_PHI_DAL,DAL,PHI,0,0,0,0,0,0,0,0,0,0,0,0,0,0,0,0,0,0,2,4,34,0,0,2,0,0,0,2,2,0,0,0,,0
00-0011869,Adrian Murrell,RB,1999,14,REG,1999_14_ARI_WAS,ARI,WAS,0,0,0,0,0,0,0,8,41,0,1,1,4,6,44,0,2,0,0,0,,0,0,0,0,0,0,0,0,0,0,0,,0
00-0011932,Marcus Nash,WR,1999,14,REG,1999_14_BAL_PIT,BAL,PIT,0,0,0,0,0,0,0,0,0,0,0,0,0,2,0,0,0,0,0,0,,0,0,0,0,0,0,0,0,0,0,0,,0
00-0011958,Lorenzo Neal,FB,1999,14,REG,1999_14_OAK_TEN,TEN,LV,0,0,0,0,0,0,0,1,0,0,0,0,0,0,0,0,0,0,0,0,,0,0,0,0,0,0,0,0,0,0,0,,0
00-0012368,Winslow Oliver,RB,1999,14,REG,1999_14_ATL_SF,ATL,SF,0,0,0,0,0,0,0,2,7,0,0,0,0,1,0,0,0,0,0,0,,0,0,0,0,0,0,0,0,0,0,0,,0
00-0012370,Brock Olivo,RB,1999,14,REG,1999_14_DET_TB,DET,TB,0,0,0,0,0,0,0,1,1,0,1,0,2,4,14,0,1,0,0,0,,0,0,0,0,0,0,0,0,0,0,0,,0
00-0012478,Terrell Owens,WR,1999,14,REG,1999_14_ATL_SF,SF,ATL,0,0,0,0,0,0,0,0,0,0,0,0,2,4,21,0,1,0,0,0,,0,0,0,0,0,0,0,0,0,0,0,,0
00-0012480,Ken Oxendine,RB,1999,14,REG,1999_14_ATL_SF,ATL,SF,0,0,0,0,0,0,0,7,15,0,0,0,1,1,13,0,1,0,0,0,,0,0,0,0,0,0,0,0,0,0,0,,0
00-0012556,De'Mond Parker,RB,1999,14,REG,1999_14_CAR_GB,GB,CAR,0,0,0,0,0,0,0,6,0,0,1,0,1,2,7,0,0,0,0,0,,0,0,0,0,0,0,0,0,0,0,0,,0
00-0012603,Bernie Parmalee,RB,1999,14,REG,1999_14_MIA_NYJ,NYJ,MIA,0,0,0,0,0,0,0,0,0,0,0,0,1,2,-4,0,0,0,0,0,,0,0,0,0,0,0,0,0,0,0,0,,0
00-0012642,David Patten,WR,1999,14,REG,1999_14_NYG_BUF,NYG,BUF,0,0,0,0,0,0,0,0,0,0,0,0,0,1,0,0,0,0,0,0,,0,0,0,0,0,0,0,0,0,0,0,,0
00-0012726,Doug Pederson,QB,1999,14,REG,1999_14_PHI_DAL,PHI,DAL,8,12,108,1,0,0,0,2,-13,0,1,1,0,0,0,0,0,0,0,0,,0,0,0,0,0,0,0,0,0,0,0,,0
00-0012742,Doug Pelfrey,K,1999,14,REG,1999_14_CLE_CIN,CIN,CLE,0,0,0,0,0,0,0,0,0,0,0,0,0,0,0,0,0,0,1,1,28,0,1,0,0,0,0,5,5,0,0,0,,0
00-0012832,Wilmont Perry,RB,1999,14,REG,1999_14_STL_NO,NO,LA,0,0,0,0,0,0,0,14,54,0,2,0,1,1,4,0,0,0,0,0,,0,0,0,0,0,0,0,0,0,0,0,,0
00-0012875,Todd Peterson,K,1999,14,REG,1999_14_SD_SEA,SEA,LAC,0,0,0,0,0,0,0,0,0,0,0,0,0,0,0,0,0,0,3,6,40,0,1,1,1,0,0,1,1,0,0,0,,0
00-0012946,Dino Philyaw,RB,1999,14,REG,1999_14_STL_NO,NO,LA,0,0,0,0,0,0,0,1,0,0,0,0,0,0,0,0,0,0,0,0,,0,0,0,0,0,0,0,0,0,0,0,,0
00-0012953,Carl Pickens,WR,1999,14,REG,1999_14_CLE_CIN,CIN,CLE,0,0,0,0,0,0,0,0,0,0,0,0,3,4,46,0,2,0,0,0,,0,0,0,0,0,0,0,0,0,0,0,,0
00-0013013,Michael Pittman,RB,1999,14,REG,1999_14_ARI_WAS,ARI,WAS,0,0,0,0,0,0,0,3,8,0,0,0,2,3,8,0,0,0,0,0,,0,0,0,0,0,0,0,0,0,0,0,,0
00-0013028,Scott Player,P,1999,14,REG,1999_14_ARI_WAS,ARI,WAS,0,0,0,0,0,0,0,0,0,0,0,0,0,0,0,0,0,0,0,0,,0,0,0,0,0,0,0,0,5,200,182,52,1
00-0013042,Jake Plummer,QB,1999,14,REG,1999_14_ARI_WAS,ARI,WAS,15,32,147,0,3,5,-27,2,6,0,0,0,0,0,0,0,0,0,0,0,,0,0,0,0,0,0,0,0,0,0,0,,0
00-0013080,Marcus Pollard,TE,1999,14,REG,1999_14_NE_IND,IND,NE,0,0,0,0,0,0,0,0,0,0,0,0,3,4,32,1,2,0,0,0,,0,0,0,0,0,0,0,0,0,0,0,,0
00-0013097,Keith Poole,WR,1999,14,REG,1999_14_STL_NO,NO,LA,0,0,0,0,0,0,0,0,0,0,0,0,3,8,83,0,3,0,0,0,,0,0,0,0,0,0,0,0,0,0,0,,0
00-0013108,Daniel Pope,P,1999,14,REG,1999_14_MIN_KC,KC,MIN,0,0,0,0,0,0,0,0,0,0,0,0,0,0,0,0,0,0,0,0,,0,0,0,0,0,0,0,0,5,194,122,48,1
00-0013176,Ronnie Powell,WR,1999,14,REG,1999_14_CLE_CIN,CLE,CIN,0,0,0,0,0,0,0,0,0,0,0,0,1,1,45,0,1,0,0,0,,0,0,0,0,0,0,0,0,0,0,0,,0
00-0013232,Peerless Price,WR,1999,14,REG,1999_14_NYG_BUF,BUF,NYG,0,0,0,0,0,0,0,0,0,0,0,0,2,8,16,0,0,0,0,0,,0,0,0,0,0,0,0,0,0,0,0,,0
00-0013258,Mike Pritchard,WR,1999,14,REG,1999_14_SD_SEA,SEA,LAC,0,0,0,0,0,0,0,0,0,0,0,0,2,2,21,0,2,0,0,0,,0,0,0,0,0,0,0,0,0,0,0,,0
00-0013262,Stanley Pritchett,RB,1999,14,REG,1999_14_MIA_NYJ,MIA,NYJ,0,0,0,0,0,0,0,17,68,1,4,0,7,9,41,0,2,0,0,0,,0,0,0,0,0,0,0,0,0,0,0,,0
00-0013268,Ricky Proehl,WR,1999,14,REG,1999_14_STL_NO,LA,NO,0,0,0,0,0,0,0,0,0,0,0,0,2,2,23,0,2,0,0,0,,0,0,0,0,0,0,0,0,0,0,0,,0
00-0013499,Andre Reed,WR,1999,14,REG,1999_14_NYG_BUF,BUF,NYG,0,0,0,0,0,0,0,0,0,0,0,0,3,7,40,0,1,0,0,0,,0,0,0,0,0,0,0,0,0,0,0,,0
00-0013512,Jake Reed,WR,1999,14,REG,1999_14_MIN_KC,MIN,KC,0,0,0,0,0,0,0,0,0,0,0,0,3,6,41,0,2,0,0,0,,0,0,0,0,0,0,0,0,0,0,0,,0
00-0013639,Jerry Rice,WR,1999,14,REG,1999_14_ATL_SF,SF,ATL,0,0,0,0,0,0,0,0,0,0,0,0,2,3,17,0,0,0,0,0,,0,0,0,0,0,0,0,0,0,0,0,,0
00-0013682,Kyle Richardson,P,1999,14,REG,1999_14_BAL_PIT,BAL,PIT,0,0,0,0,0,0,0,0,0,0,0,0,0,0,0,0,0,0,0,0,,0,0,0,0,0,0,0,0,7,318,268,57,1
00-0013694,Tony Richardson,FB,1999,14,REG,1999_14_MIN_KC,KC,MIN,0,0,0,0,0,0,0,11,57,0,2,1,1,1,9,0,1,0,0,0,,0,0,0,0,0,0,0,0,0,0,0,,0
00-0013699,Wade Richey,K,1999,14,REG,1999_14_ATL_SF,SF,ATL,0,0,0,0,0,0,0,0,0,0,0,0,0,0,0,0,0,0,1,2,23,0,1,0,0,0,0,3,3,4,146,121,45,1
00-0013712,Mikhael Ricks,TE,1999,14,REG,1999_14_SD_SEA,LAC,SEA,0,0,0,0,0,0,0,0,0,0,0,0,1,6,7,0,0,0,0,0,,0,0,0,0,0,0,0,0,0,0,0,,0
00-0013770,Andre Rison,WR,1999,14,REG,1999_14_MIN_KC,KC,MIN,0,0,0,0,0,0,0,0,0,0,0,0,2,3,21,0,1,0,0,0,,0,0,0,0,0,0,0,0,0,0,0,,0
00-0013773,Jon Ritchie,FB,1999,14,REG,1999_14_OAK_TEN,LV,TEN,0,0,0,0,0,0,0,0,0,0,0,0,3,5,42,0,2,0,0,0,,0,0,0,0,0,0,0,0,0,0,0,,0
00-0013792,Michael Roan,TE,1999,14,REG,1999_14_OAK_TEN,TEN,LV,0,0,0,0,0,0,0,0,0,0,0,0,1,1,13,0,1,0,0,0,,0,0,0,0,0,0,0,0,0,0,0,,0
00-0014083,Tom Rouen,P,1999,14,REG,1999_14_DEN_JAX,DEN,JAX,0,0,0,0,0,0,0,0,0,0,0,0,0,0,0,0,0,0,0,0,,0,0,0,0,0,0,0,0,6,249,196,51,0
00-0014115,Mark Royals,P,1999,14,REG,1999_14_DET_TB,TB,DET,0,0,0,0,0,0,0,0,0,0,0,0,0,0,0,0,0,0,0,0,,0,0,0,0,0,0,0,0,6,270,210,56,0
00-0014319,Chris Sanders,WR,1999,14,REG,1999_14_OAK_TEN,TEN,LV,0,0,0,0,0,0,0,0,0,0,0,0,0,1,0,0,0,0,0,0,,0,0,0,0,0,0,0,0,0,0,0,,0
00-0014324,Deion Sanders,CB,1999,14,REG,1999_14_PHI_DAL,DAL,PHI,0,0,0,0,0,0,0,0,0,0,0,0,2,4,14,0,0,0,0,0,,0,0,0,0,0,0,0,0,0,0,0,,0
00-0014328,Frank Sanders,WR,1999,14,REG,1999_14_ARI_WAS,ARI,WAS,0,0,0,0,0,0,0,0,0,0,0,0,0,4,0,0,0,0,0,0,,0,0,0,0,0,0,0,0,0,0,0,,0
00-0014450,Cory Schlesinger,FB,1999,14,REG,1999_14_DET_TB,DET,TB,0,0,0,0,0,0,0,7,25,0,2,0,3,5,19,0,1,0,0,0,,0,0,0,0,0,0,0,0,0,0,0,,0
00-0014489,Bill Schroeder,WR,1999,14,REG,1999_14_CAR_GB,GB,CAR,0,0,0,0,0,0,0,0,0,0,0,0,6,8,84,0,4,0,0,0,,0,0,0,0,0,0,0,0,0,0,0,,0
00-0014544,Darnay Scott,WR,1999,14,REG,1999_14_CLE_CIN,CIN,CLE,0,0,0,0,0,0,0,0,0,0,0,0,2,7,75,1,2,0,0,0,,0,0,0,0,0,0,0,0,0,0,0,,0
00-0014729,Bobby Shaw,WR,1999,14,REG,1999_14_BAL_PIT,PIT,BAL,0,0,0,0,0,0,0,0,0,0,0,0,4,8,30,0,2,0,0,0,,0,0,0,0,0,0,0,0,0,0,0,,0
00-0014775,Daimon Shelton,FB,1999,14,REG,1999_14_DEN_JAX,JAX,DEN,0,0,0,0,0,0,0,0,0,0,0,0,1,1,7,0,1,0,0,0,,0,0,0,0,0,0,0,0,0,0,0,,0
00-0015048,David Sloan,TE,1999,14,REG,1999_14_DET_TB,DET,TB,0,0,0,0,0,0,0,0,0,0,0,0,1,3,14,0,1,0,0,0,,0,0,0,0,0,0,0,0,0,0,0,,0
00-0015063,Torrance Small,WR,1999,14,REG,1999_14_PHI_DAL,PHI,DAL,0,0,0,0,0,0,0,0,0,0,0,0,4,5,54,0,3,0,0,0,,0,0,0,0,0,0,0,0,0,0,0,,0
00-0015091,Antowain Smith,RB,1999,14,REG,1999_14_NYG_BUF,BUF,NYG,0,0,0,0,0,0,0,6,19,0,0,0,0,0,0,0,0,0,0,0,,0,0,0,0,0,0,0,0,0,0,0,,0
00-0015165,Emmitt Smith,RB,1999,14,REG,1999_14_PHI_DAL,DAL,PHI,0,0,0,0,0,0,0,1,2,0,0,0,0,0,0,0,0,0,0,0,,0,0,0,0,0,0,0,0,0,0,0,,0
00-0015194,Hunter Smith,P,1999,14,REG,1999_14_NE_IND,IND,NE,0,0,0,0,0,0,0,0,0,0,0,0,0,0,0,0,0,0,0,0,,0,0,0,0,0,0,0,0,5,237,148,59,0
00-0015195,Irv Smith,TE,1999,14,REG,1999_14_CLE_CIN,CLE,CIN,0,0,0,0,0,0,0,0,0,0,0,0,3,5,33,1,2,0,0,0,,0,0,0,0,0,0,0,0,0,0,0,,0
00-0015218,Jimmy Smith,WR,1999,14,REG,1999_14_DEN_JAX,JAX,DEN,0,0,0,0,0,0,0,0,0,0,0,0,5,7,55,0,3,0,0,0,,0,0,0,0,0,0,0,0,0,0,0,,0
00-0015242,Lamar Smith,RB,1999,14,REG,1999_14_STL_NO,NO,LA,0,0,0,0,0,0,0,0,0,0,0,0,2,4,15,0,1,0,0,0,,0,0,0,0,0,0,0,0,0,0,0,,0
00-0015286,Robert Smith,RB,1999,14,REG,1999_14_MIN_KC,MIN,KC,0,0,0,0,0,0,0,21,118,0,5,0,2,2,21,0,1,0,0,0,,0,0,0,0,0,0,0,0,0,0,0,,0
00-0015290,Rod Smith,WR,1999,14,REG,1999_14_DEN_JAX,DEN,JAX,0,0,0,0,0,0,0,0,0,0,0,0,6,10,92,1,4,0,0,0,,0,0,0,0,0,0,0,0,0,0,0,,0
00-0015507,Brian Stablein,WR,1999,14,REG,1999_14_DET_TB,DET,TB,0,0,0,0,0,0,0,0,0,0,0,0,1,1,9,0,1,0,0,0,,0,0,0,0,0,0,0,0,0,0,0,,0
00-0015523,Duce Staley,RB,1999,14,REG,1999_14_PHI_DAL,PHI,DAL,0,0,0,0,0,0,0,18,78,0,3,0,3,5,11,0,1,0,0,0,,0,0,0,0,0,0,0,0,0,0,0,,0
00-0015550,Chad Stanley,P,1999,14,REG,1999_14_ATL_SF,SF,ATL,0,0,0,0,0,0,0,0,0,0,0,0,0,0,0,0,0,0,0,0,,0,0,0,0,0,0,0,0,2,88,10,49,0
00-0015627,Steve Stenstrom,QB,1999,14,REG,1999_14_ATL_SF,SF,ATL,1,2,9,0,0,0,0,0,0,0,0,0,0,0,0,0,0,0,0,0,,0,0,0,0,0,0,0,0,0,0,0,,0
00-0015698,James Stewart,RB,1999,14,REG,1999_14_DEN_JAX,JAX,DEN,0,0,0,0,0,0,0,18,79,2,5,0,0,0,0,0,0,0,0,0,,0,0,0,0,0,0,0,0,0,0,0,,0
00-0015700,Kordell Stewart,QB,1999,14,REG,1999_14_BAL_PIT,PIT,BAL,1,1,0,0,0,0,0,0,0,0,0,0,4,6,71,1,4,0,0,0,,0,0,0,0,0,0,0,0,0,0,0,,0
00-0015723,Bryan Still,WR,1999,14,REG,1999_14_ATL_SF,ATL,SF,0,0,0,0,0,0,0,0,0,0,0,0,0,4,0,0,0,0,0,0,,0,0,0,0,0,0,0,0,0,0,0,,0
00-0015751,J.J. Stokes,WR,1999,14,REG,1999_14_ATL_SF,SF,ATL,0,0,0,0,0,0,0,0,0,0,0,0,0,4,0,0,0,0,0,0,,0,0,0,0,0,0,0,0,0,0,0,,0
00-0015784,Matt Stover,K,1999,14,REG,1999_14_BAL_PIT,BAL,PIT,0,0,0,0,0,0,0,0,0,0,0,0,0,0,0,0,0,0,1,1,19,1,0,0,0,0,0,4,4,0,0,0,,0
00-0015791,Pete Stoyanovich,K,1999,14,REG,1999_14_MIN_KC,KC,MIN,0,0,0,0,0,0,0,0,0,0,0,0,0,0,0,0,0,0,1,2,38,0,0,1,0,0,0,4,4,0,0,0,,0
00-0015830,Mack Strong,FB,1999,14,REG,1999_14_SD_SEA,SEA,LAC,0,0,0,0,0,0,0,0,0,0,0,0,1,1,5,0,0,0,0,0,,0,0,0,0,0,0,0,0,0,0,0,,0
00-0015842,Dan Stryzinski,P,1999,14,REG,1999_14_ATL_SF,ATL,SF,0,0,0,0,0,0,0,0,0,0,0,0,0,0,0,0,0,0,0,0,,0,0,0,0,0,0,0,0,8,300,301,52,2
00-0016098,Fred Taylor,RB,1999,14,REG,1999_14_DEN_JAX,JAX,DEN,0,0,0,0,0,0,0,9,74,1,2,0,0,1,0,0,0,0,0,0,,0,0,0,0,0,0,0,0,0,0,0,,0
00-0016316,Robert Thomas,FB,1999,14,REG,1999_14_PHI_DAL,DAL,PHI,0,0,0,0,0,0,0,0,0,0,0,0,2,3,12,0,1,0,0,0,,0,0,0,0,0,0,0,0,0,0,0,,0
00-0016331,Thurman Thomas,RB,1999,14,REG,1999_14_NYG_BUF,BUF,NYG,0,0,0,0,0,0,0,8,15,0,2,0,2,2,35,1,2,0,0,0,,0,0,0,0,0,0,0,0,0,0,0,,0
00-0016534,Billy Joe Tolliver,QB,1999,14,REG,1999_14_STL_NO,NO,LA,12,27,188,1,3,6,-44,1,6,0,0,0,0,0,0,0,0,0,0,0,,0,0,0,0,0,0,0,0,0,0,0,,0
00-0016538,Mike Tomczak,QB,1999,14,REG,1999_14_BAL_PIT,PIT,BAL,22,41,249,2,0,5,-27,1,2,0,0,0,0,0,0,0,0,0,0,0,,0,0,0,0,0,0,0,0,0,0,0,,0
00-0016550,Amani Toomer,WR,1999,14,REG,1999_14_NYG_BUF,NYG,BUF,0,0,0,0,0,0,0,1,4,0,0,0,3,6,35,1,2,0,0,0,,0,0,0,0,0,0,0,0,0,0,0,,0
00-0016654,Jason Tucker,WR,1999,14,REG,1999_14_PHI_DAL,DAL,PHI,0,0,0,0,0,0,0,0,0,0,0,0,3,6,37,0,2,0,0,0,,0,0,0,0,0,0,0,0,0,0,0,,0
00-0016683,Tom Tupa,P,1999,14,REG,1999_14_MIA_NYJ,NYJ,MIA,0,0,0,0,0,0,0,0,0,0,0,0,0,0,0,0,0,0,0,0,,0,0,0,0,0,0,0,0,4,144,114,41,3
00-0016689,Matt Turk,P,1999,14,REG,1999_14_ARI_WAS,WAS,ARI,0,0,0,0,0,0,0,0,0,0,0,0,0,0,0,0,0,0,0,0,,0,0,0,0,0,0,0,0,5,204,156,51,1
00-0016830,Mike Vanderjagt,K,1999,14,REG,1999_14_NE_IND,IND,NE,0,0,0,0,0,0,0,0,0,0,0,0,0,0,0,0,0,0,2,2,31,0,1,1,0,0,0,2,2,0,0,0,,0
00-0016919,Adam Vinatieri,K,1999,14,REG,1999_14_NE_IND,NE,IND,0,0,0,0,0,0,0,0,0,0,0,0,0,0,0,0,0,0,3,3,28,0,3,0,0,0,0,0,0,0,0,0,,0
00-0017109,Wesley Walls,TE,1999,14,REG,1999_14_CAR_GB,CAR,GB,0,0,0,0,0,0,0,0,0,0,0,0,6,8,96,0,4,0,0,0,,0,0,0,0,0,0,0,0,0,0,0,,0
00-0017127,Ken Walter,P,1999,14,REG,1999_14_CAR_GB,CAR,GB,0,0,0,0,0,0,0,0,0,0,0,0,0,0,0,0,0,0,0,0,,0,0,0,0,0,0,0,0,1,47,41,47,0
00-0017160,Dedric Ward,WR,1999,14,REG,1999_14_MIA_NYJ,NYJ,MIA,0,0,0,0,0,0,0,0,0,0,0,0,2,5,13,0,1,0,0,0,,0,0,0,0,0,0,0,0,0,0,0,,0
00-0017162,Hines Ward,WR,1999,14,REG,1999_14_BAL_PIT,PIT,BAL,0,0,0,0,0,0,0,0,0,0,0,0,3,5,43,1,2,0,0,0,,0,0,0,0,0,0,0,0,0,0,0,,0
00-0017200,Kurt Warner,QB,1999,14,REG,1999_14_STL_NO,LA,NO,21,31,346,2,1,1,-10,2,4,0,0,0,0,0,0,0,0,0,0,0,,0,0,0,0,0,0,0,0,0,0,0,,0
00-0017209,Chris Warren,RB,1999,14,REG,1999_14_PHI_DAL,DAL,PHI,0,0,0,0,0,0,0,25,92,1,8,1,4,5,46,0,2,0,0,0,,0,0,0,0,0,0,0,0,0,0,0,,0
00-0017218,Lamont Warren,RB,1999,14,REG,1999_14_NE_IND,NE,IND,0,0,0,0,0,0,0,2,12,0,0,0,4,4,39,0,2,0,0,0,,0,0,0,0,0,0,0,0,0,0,0,,0
00-0017301,Edwin Watson,RB,1999,14,REG,1999_14_PHI_DAL,PHI,DAL,0,0,0,0,0,0,0,1,6,0,0,0,0,0,0,0,0,0,0,0,,0,0,0,0,0,0,0,0,0,0,0,,0
00-0017322,Ricky Watters,RB,1999,14,REG,1999_14_SD_SEA,SEA,LAC,0,0,0,0,0,0,0,20,75,0,3,1,2,3,17,0,1,0,0,0,,0,0,0,0,0,0,0,0,0,0,0,,0
00-0017470,Michael Westbrook,WR,1999,14,REG,1999_14_ARI_WAS,WAS,ARI,0,0,0,0,0,0,0,0,0,0,0,0,4,8,52,1,3,0,0,0,,0,0,0,0,0,0,0,0,0,0,0,,0
00-0017486,Tyrone Wheatley,RB,1999,14,REG,1999_14_OAK_TEN,LV,TEN,0,0,0,0,0,0,0,11,49,0,2,0,2,2,26,0,1,0,0,0,,0,0,0,0,0,0,0,0,0,0,0,,0
00-0017693,Jeff Wilkins,K,1999,14,REG,1999_14_STL_NO,LA,NO,0,0,0,0,0,0,0,0,0,0,0,0,0,0,0,0,0,0,3,5,40,0,0,2,1,0,0,3,3,0,0,0,,0
00-0017697,Terrence Wilkins,WR,1999,14,REG,1999_14_NE_IND,IND,NE,0,0,0,0,0,0,0,0,0,0,0,0,3,6,18,0,0,0,0,0,,0,0,0,0,0,0,0,0,0,0,0,,0
00-0017847,Karl Williams,WR,1999,14,REG,1999_14_DET_TB,TB,DET,0,0,0,0,0,0,0,0,0,0,0,0,4,5,31,0,1,0,0,0,,0,0,0,0,0,0,0,0,0,0,0,,0
00-0017860,Kevin R. Williams,WR,1999,14,REG,1999_14_NYG_BUF,BUF,NYG,0,0,0,0,0,0,0,0,0,0,0,0,2,2,10,0,1,0,0,0,,0,0,0,0,0,0,0,0,0,0,0,,0
00-0017896,Nicolas Luchey,RB,1999,14,REG,1999_14_CLE_CIN,CIN,CLE,0,0,0,0,0,0,0,3,8,0,1,0,0,0,0,0,0,0,0,0,,0,0,0,0,0,0,0,0,0,0,0,,0
00-0017924,Roland Williams,TE,1999,14,REG,1999_14_STL_NO,LA,NO,0,0,0,0,0,0,0,0,0,0,0,0,2,3,26,0,1,0,0,0,,0,0,0,0,0,0,0,0,0,0,0,,0
00-0018141,Jon Witman,FB,1999,14,REG,1999_14_BAL_PIT,PIT,BAL,0,0,0,0,0,0,0,0,0,0,0,0,0,1,0,0,0,0,0,0,,0,0,0,0,0,0,0,0,0,0,0,,0
00-0018343,Frank Wycheck,TE,1999,14,REG,1999_14_OAK_TEN,TEN,LV,0,0,0,0,0,0,0,0,0,0,0,0,3,4,36,0,1,0,0,0,,0,0,0,0,0,0,0,0,0,0,0,,0
00-0018382,Craig Yeast,WR,1999,14,REG,1999_14_CLE_CIN,CIN,CLE,0,0,0,0,0,0,0,1,-3,0,0,0,0,0,0,0,0,0,0,0,,0,0,0,0,0,0,0,0,0,0,0,,0
00-0000003,Abdul-Karim al-Jabbar,RB,1999,15,REG,1999_15_JAX_CLE,CLE,JAX,0,0,0,0,0,0,0,13,36,0,2,0,1,1,4,0,0,0,0,0,,0,0,0,0,0,0,0,0,0,0,0,,0
00-0000007,Rabih Abdullah,RB,1999,15,REG,1999_15_TB_OAK,TB,LV,0,0,0,0,0,0,0,4,12,0,1,0,0,0,0,0,0,0,0,0,,0,0,0,0,0,0,0,0,0,0,0,,0
00-0000098,Louie Aguiar,P,1999,15,REG,1999_15_GB_MIN,GB,MIN,0,0,0,0,0,0,0,0,0,0,0,0,0,0,0,0,0,0,0,0,,0,0,0,0,0,0,0,0,7,300,265,56,1
00-0000104,Troy Aikman,QB,1999,15,REG,1999_15_NYJ_DAL,DAL,NYJ,12,28,158,1,2,1,-6,0,0,0,0,0,0,0,0,0,0,0,0,0,,0,0,0,0,0,0,0,0,0,0,0,,0
00-0000108,David Akers,K,1999,15,REG,1999_15_NE_PHI,PHI,NE,0,0,0,0,0,0,0,0,0,0,0,0,0,0,0,0,0,0,0,1,,0,0,0,0,0,0,2,2,0,0,0,,0
00-0000145,Derrick Alexander,WR,1999,15,REG,1999_15_PIT_KC,KC,PIT,0,0,0,0,0,0,0,1,82,1,1,0,2,3,20,0,1,0,0,0,,0,0,0,0,0,0,0,0,0,0,0,,0
00-0000166,Stephen Alexander,TE,1999,15,REG,1999_15_WAS_IND,WAS,IND,0,0,0,0,0,0,0,0,0,0,0,0,1,2,25,0,1,0,0,0,,0,0,0,0,0,0,0,0,0,0,0,,0
00-0000172,Brian Alford,WR,1999,15,REG,1999_15_NYG_STL,NYG,LA,0,0,0,0,0,0,0,0,0,0,0,0,0,1,0,0,0,0,0,0,,0,0,0,0,0,0,0,0,0,0,0,,0
00-0000232,Terry Allen,RB,1999,15,REG,1999_15_NE_PHI,NE,PHI,0,0,0,0,0,0,0,14,31,0,1,1,2,2,14,0,1,0,0,0,,0,0,0,0,0,0,0,0,0,0,0,,0
00-0000242,John Allred,TE,1999,15,REG,1999_15_DET_CHI,CHI,DET,0,0,0,0,0,0,0,0,0,0,0,0,1,1,12,0,1,0,0,0,,0,0,0,0,0,0,0,0,0,0,0,,0
00-0000251,Mike Alstott,FB,1999,15,REG,1999_15_TB_OAK,TB,LV,0,0,0,0,0,0,0,7,6,0,1,1,1,2,4,0,0,0,0,0,,0,0,0,0,0,0,0,0,0,0,0,,0
00-0000282,Morten Andersen,K,1999,15,REG,1999_15_ATL_TEN,ATL,TEN,0,0,0,0,0,0,0,0,0,0,0,0,0,0,0,0,0,0,1,1,32,0,0,1,0,0,0,2,2,0,0,0,,0
00-0000313,Gary Anderson,K,1999,15,REG,1999_15_GB_MIN,MIN,GB,0,0,0,0,0,0,0,0,0,0,0,0,0,0,0,0,0,0,1,1,42,0,0,0,1,0,0,3,3,0,0,0,,0
00-0000339,Richie Anderson,FB,1999,15,REG,1999_15_NYJ_DAL,NYJ,DAL,0,0,0,0,0,0,0,2,5,0,0,0,1,1,1,1,1,0,0,0,,0,0,0,0,0,0,0,0,0,0,0,,0
00-0000387,Reidel Anthony,WR,1999,15,REG,1999_15_TB_OAK,TB,LV,0,0,0,0,0,0,0,0,0,0,0,0,0,2,0,0,0,0,0,0,,0,0,0,0,0,0,0,0,0,0,0,,0
00-0000400,Leo Araguz,P,1999,15,REG,1999_15_TB_OAK,LV,TB,0,0,0,0,0,0,0,0,0,0,0,0,0,0,0,0,0,0,0,0,,0,0,0,0,0,0,0,0,6,247,198,51,3
00-0000422,Justin Armour,WR,1999,15,REG,1999_15_NO_BAL,BAL,NO,0,0,0,0,0,0,0,0,0,0,0,0,4,5,50,1,3,0,0,0,,0,0,0,0,0,0,0,0,0,0,0,,0
00-0000627,Eugene Baker,WR,1999,15,REG,1999_15_ATL_TEN,ATL,TEN,0,0,0,0,0,0,0,0,0,0,0,0,5,8,66,0,3,0,0,0,,0,0,0,0,0,0,0,0,0,0,0,,0
00-0000722,Tony Banks,QB,1999,15,REG,1999_15_NO_BAL,BAL,NO,24,36,298,3,3,4,-16,1,6,0,0,0,0,0,0,0,0,0,0,0,,0,0,0,0,0,0,0,0,0,0,0,,0
00-0000745,Tiki Barber,RB,1999,15,REG,1999_15_NYG_STL,NYG,LA,0,0,0,0,0,0,0,5,33,0,1,0,3,4,43,0,3,0,0,0,,0,0,0,0,0,0,0,0,0,0,0,,0
00-0000754,Bryan Barker,P,1999,15,REG,1999_15_JAX_CLE,JAX,CLE,0,0,0,0,0,0,0,0,0,0,0,0,0,0,0,0,0,0,0,0,,0,0,0,0,0,0,0,0,3,129,125,49,1
00-0000811,Tommy Barnhardt,P,1999,15,REG,1999_15_NO_BAL,NO,BAL,0,0,0,0,0,0,0,0,0,0,0,0,0,0,0,0,0,0,0,0,,0,0,0,0,0,0,0,0,11,409,375,44,1
00-0000865,Charlie Batch,QB,1999,15,REG,1999_15_DET_CHI,DET,CHI,6,10,95,0,0,2,-14,1,12,1,1,0,0,0,0,0,0,0,0,0,,0,0,0,0,0,0,0,0,0,0,0,,0
00-0000871,Mario Bates,RB,1999,15,REG,1999_15_BUF_ARI,ARI,BUF,0,0,0,0,0,0,0,8,24,2,4,0,0,1,0,0,0,0,0,0,,0,0,0,0,0,0,0,0,0,0,0,,0
00-0000911,Fred Baxter,TE,1999,15,REG,1999_15_NYJ_DAL,NYJ,DAL,0,0,0,0,0,0,0,0,0,0,0,0,0,2,0,0,0,0,0,0,,0,0,0,0,0,0,0,0,0,0,0,,0
00-0000942,Fred Beasley,FB,1999,15,REG,1999_15_SF_CAR,SF,CAR,0,0,0,0,0,0,0,1,44,1,1,0,6,10,66,0,4,0,0,0,,0,0,0,0,0,0,0,0,0,0,0,,0
00-0001101,Darren Bennett,P,1999,15,REG,1999_15_SD_MIA,LAC,MIA,0,0,0,0,0,0,0,0,0,0,0,0,0,0,0,0,0,0,0,0,,0,0,0,0,0,0,0,0,9,416,373,56,4
00-0001157,Mitch Berger,P,1999,15,REG,1999_15_GB_MIN,MIN,GB,0,0,0,0,0,0,0,0,0,0,0,0,0,0,0,0,0,0,0,0,,0,0,0,0,0,0,0,0,6,281,246,57,2
00-0001215,Jerome Bettis,RB,1999,15,REG,1999_15_PIT_KC,PIT,KC,0,0,0,0,0,0,0,19,63,0,3,0,1,3,9,0,0,0,0,0,,0,0,0,0,0,0,0,0,0,0,0,,0
00-0001218,Steve Beuerlein,QB,1999,15,REG,1999_15_SF_CAR,CAR,SF,27,38,368,4,0,1,-6,2,20,0,1,0,0,0,0,0,0,0,0,0,,0,0,0,0,0,0,0,0,0,0,0,,0
00-0001233,Eric Bieniemy,RB,1999,15,REG,1999_15_NE_PHI,PHI,NE,0,0,0,0,0,0,0,3,12,0,1,0,0,0,0,0,0,0,0,0,,0,0,0,0,0,0,0,0,0,0,0,,0
00-0001281,Eric Bjornson,TE,1999,15,REG,1999_15_NYJ_DAL,DAL,NYJ,0,0,0,0,0,0,0,1,20,1,1,0,1,4,4,0,0,0,0,0,,0,0,0,0,0,0,0,0,0,0,0,,0
00-0001343,Cary Blanchard,K,1999,15,REG,1999_15_NYG_STL,NYG,LA,0,0,0,0,0,0,0,0,0,0,0,0,0,0,0,0,0,0,1,2,23,0,1,0,0,0,0,1,1,0,0,0,,0
00-0001361,Drew Bledsoe,QB,1999,15,REG,1999_15_NE_PHI,NE,PHI,23,48,331,0,4,6,-43,2,7,0,0,0,0,0,0,0,0,0,0,0,,0,0,0,0,0,0,0,0,0,0,0,,0
00-0001460,Chris Boniol,K,1999,15,REG,1999_15_DET_CHI,CHI,DET,0,0,0,0,0,0,0,0,0,0,0,0,0,0,0,0,0,0,0,1,,0,0,0,0,0,0,4,4,0,0,0,,0
00-0001477,Marty Booker,WR,1999,15,REG,1999_15_DET_CHI,CHI,DET,0,0,0,0,0,0,0,0,0,0,0,0,2,4,8,0,0,0,0,0,,0,0,0,0,0,0,0,0,0,0,0,,0
00-0001532,David Boston,WR,1999,15,REG,1999_15_BUF_ARI,ARI,BUF,0,0,0,0,0,0,0,0,0,0,0,0,1,3,13,0,1,0,0,0,,0,0,0,0,0,0,0,0,0,0,0,,0
00-0001627,Corey Bradford,WR,1999,15,REG,1999_15_GB_MIN,GB,MIN,0,0,0,0,0,0,0,0,0,0,0,0,3,7,43,0,3,0,0,0,,0,0,0,0,0,0,0,0,0,0,0,,0
00-0001719,Chris Brazzell,WR,1999,15,REG,1999_15_NYJ_DAL,DAL,NYJ,0,0,0,0,0,0,0,0,0,0,0,0,2,4,62,0,1,0,0,0,,0,0,0,0,0,0,0,0,0,0,0,,0
00-0001783,Vincent Brisby,WR,1999,15,REG,1999_15_NE_PHI,NE,PHI,0,0,0,0,0,0,0,0,0,0,0,0,1,2,9,0,1,0,0,0,,0,0,0,0,0,0,0,0,0,0,0,,0
00-0001862,Luther Broughton,TE,1999,15,REG,1999_15_NE_PHI,PHI,NE,0,0,0,0,0,0,0,0,0,0,0,0,0,1,0,0,0,0,0,0,,0,0,0,0,0,0,0,0,0,0,0,,0
00-0001980,Kris Brown,K,1999,15,REG,1999_15_PIT_KC,PIT,KC,0,0,0,0,0,0,0,0,0,0,0,0,0,0,0,0,0,0,2,3,47,0,0,0,2,0,0,1,1,0,0,0,,0
00-0002005,Na Brown,WR,1999,15,REG,1999_15_NE_PHI,PHI,NE,0,0,0,0,0,0,0,0,0,0,0,0,3,6,60,0,3,0,0,0,,0,0,0,0,0,0,0,0,0,0,0,,0
00-0002027,Reggie Brown,FB,1999,15,REG,1999_15_SEA_DEN,SEA,DEN,0,0,0,0,0,0,0,0,0,0,0,0,3,4,20,0,0,0,0,0,,0,0,0,0,0,0,0,0,0,0,0,,0
00-0002058,Tim Brown,WR,1999,15,REG,1999_15_TB_OAK,LV,TB,0,0,0,0,0,0,0,0,0,0,0,0,4,7,47,1,3,0,0,0,,0,0,0,0,0,0,0,0,0,0,0,,0
00-0002068,Troy Brown,WR,1999,15,REG,1999_15_NE_PHI,NE,PHI,0,0,0,0,0,0,0,0,0,0,0,0,5,10,105,0,4,0,0,0,,0,0,0,0,0,0,0,0,0,0,0,,0
00-0002099,Isaac Bruce,WR,1999,15,REG,1999_15_NYG_STL,LA,NYG,0,0,0,0,0,0,0,0,0,0,0,0,2,3,39,0,2,0,0,0,,0,0,0,0,0,0,0,0,0,0,0,,0
00-0002102,Mark Bruener,TE,1999,15,REG,1999_15_PIT_KC,PIT,KC,0,0,0,0,0,0,0,0,0,0,0,0,1,1,6,0,0,0,0,0,,0,0,0,0,0,0,0,0,0,0,0,,0
00-0002110,Mark Brunell,QB,1999,15,REG,1999_15_JAX_CLE,JAX,CLE,21,33,267,1,1,1,-6,3,16,1,1,0,0,0,0,0,0,0,0,0,,0,0,0,0,0,0,0,0,0,0,0,,0
00-0002459,Kenny Bynum,RB,1999,15,REG,1999_15_SD_MIA,LAC,MIA,0,0,0,0,0,0,0,5,0,0,0,0,1,1,13,0,1,0,0,0,,0,0,0,0,0,0,0,0,0,0,0,,0
00-0002469,Isaac Byrd,WR,1999,15,REG,1999_15_ATL_TEN,TEN,ATL,0,0,0,0,0,0,0,0,0,0,0,0,2,2,84,1,2,0,0,0,,0,0,0,0,0,0,0,0,0,0,0,,0
00-0002655,John Carney,K,1999,15,REG,1999_15_SD_MIA,LAC,MIA,0,0,0,0,0,0,0,0,0,0,0,0,0,0,0,0,0,0,3,4,31,0,2,1,0,0,0,0,0,0,0,0,,0
00-0002709,Dwayne Carswell,OT,1999,15,REG,1999_15_SEA_DEN,DEN,SEA,0,0,0,0,0,0,0,0,0,0,0,0,2,5,19,1,2,0,0,0,,0,0,0,0,0,0,0,0,0,0,0,,0
00-0002787,Stoney Case,QB,1999,15,REG,1999_15_NO_BAL,BAL,NO,0,3,0,0,1,1,-8,1,-1,0,0,0,0,0,0,0,0,0,0,0,,0,0,0,0,0,0,0,0,0,0,0,,0
00-0002846,Larry Centers,FB,1999,15,REG,1999_15_WAS_IND,WAS,IND,0,0,0,0,0,0,0,0,0,0,0,0,2,4,16,0,2,0,0,0,,0,0,0,0,0,0,0,0,0,0,0,,0
00-0002861,Byron Chamberlain,TE,1999,15,REG,1999_15_SEA_DEN,DEN,SEA,0,0,0,0,0,0,0,0,0,0,0,0,1,5,1,0,0,0,0,0,,0,0,0,0,0,0,0,0,0,0,0,,0
00-0002942,Darrin Chiaverini,WR,1999,15,REG,1999_15_JAX_CLE,CLE,JAX,0,0,0,0,0,0,0,0,0,0,0,0,10,11,108,1,7,0,0,0,,0,0,0,0,0,0,0,0,0,0,0,,0
00-0002962,Wayne Chrebet,WR,1999,15,REG,1999_15_NYJ_DAL,NYJ,DAL,0,0,0,0,0,0,0,0,0,0,0,0,8,13,108,0,4,0,0,0,,0,0,0,0,0,0,0,0,0,0,0,,0
00-0002970,Bob Christian,FB,1999,15,REG,1999_15_ATL_TEN,ATL,TEN,0,0,0,0,0,0,0,3,20,0,1,0,6,9,55,0,4,0,0,0,,0,0,0,0,0,0,0,0,0,0,0,,0
00-0002975,Steve Christie,K,1999,15,REG,1999_15_BUF_ARI,BUF,ARI,0,0,0,0,0,0,0,0,0,0,0,0,0,0,0,0,0,0,1,1,33,0,0,1,0,0,0,4,4,0,0,0,,0
00-0003039,Greg Clark,TE,1999,15,REG,1999_15_SF_CAR,SF,CAR,0,0,0,0,0,0,0,0,0,0,0,0,5,5,40,0,3,0,0,0,,0,0,0,0,0,0,0,0,0,0,0,,0
00-0003103,Cameron Cleeland,TE,1999,15,REG,1999_15_NO_BAL,NO,BAL,0,0,0,0,0,0,0,0,0,0,0,0,1,2,11,0,0,0,0,0,,0,0,0,0,0,0,0,0,0,0,0,,0
00-0003136,Mike Cloud,RB,1999,15,REG,1999_15_PIT_KC,KC,PIT,0,0,0,0,0,0,0,1,0,0,0,0,1,1,12,0,1,0,0,0,,0,0,0,0,0,0,0,0,0,0,0,,0
00-0003142,Ben Coates,TE,1999,15,REG,1999_15_NE_PHI,NE,PHI,0,0,0,0,0,0,0,0,0,0,0,0,2,3,42,0,2,0,0,0,,0,0,0,0,0,0,0,0,0,0,0,,0
00-0003292,Kerry Collins,QB,1999,15,REG,1999_15_NYG_STL,NYG,LA,21,37,273,1,2,2,-12,1,-1,0,0,0,0,0,0,0,0,0,0,0,,0,0,0,0,0,0,0,0,0,0,0,,0
00-0003310,Ryan Collins,TE,1999,15,REG,1999_15_NO_BAL,BAL,NO,0,0,0,0,0,0,0,0,0,0,0,0,1,2,21,0,1,0,0,0,,0,0,0,0,0,0,0,0,0,0,0,,0
00-0003344,Greg Comella,RB,1999,15,REG,1999_15_NYG_STL,NYG,LA,0,0,0,0,0,0,0,0,0,0,0,0,2,3,1,0,1,0,0,0,,0,0,0,0,0,0,0,0,0,0,0,,0
00-0003378,Albert Connell,WR,1999,15,REG,1999_15_WAS_IND,WAS,IND,0,0,0,0,0,0,0,0,0,0,0,0,4,8,97,1,3,0,0,0,,0,0,0,0,0,0,0,0,0,0,0,,0
00-0003395,Brett Conway,K,1999,15,REG,1999_15_WAS_IND,WAS,IND,0,0,0,0,0,0,0,0,0,0,0,0,0,0,0,0,0,0,2,3,32,0,1,1,0,0,0,1,1,0,0,0,,0
00-0003396,Curtis Conway,WR,1999,15,REG,1999_15_DET_CHI,CHI,DET,0,0,0,0,0,0,0,0,0,0,0,0,1,3,4,0,0,0,0,0,,0,0,0,0,0,0,0,0,0,0,0,,0
00-0003535,Tim Couch,QB,1999,15,REG,1999_15_JAX_CLE,CLE,JAX,10,16,86,0,0,4,-32,1,0,0,0,1,0,0,0,0,0,0,0,0,,0,0,0,0,0,0,0,0,0,0,0,,0
00-0003663,Zack Crockett,RB,1999,15,REG,1999_15_TB_OAK,LV,TB,0,0,0,0,0,0,0,8,32,0,2,0,1,2,7,0,0,0,0,0,,0,0,0,0,0,0,0,0,0,0,0,,0
00-0003681,Howard Cross,TE,1999,15,REG,1999_15_NYG_STL,NYG,LA,0,0,0,0,0,0,0,0,0,0,0,0,0,1,0,0,0,0,0,0,,0,0,0,0,0,0,0,0,0,0,0,,0
00-0003700,Germane Crowell,WR,1999,15,REG,1999_15_DET_CHI,DET,CHI,0,0,0,0,0,0,0,0,0,0,0,0,3,7,41,0,2,0,0,0,,0,0,0,0,0,0,0,0,0,0,0,,0
00-0003762,Richie Cunningham,K,1999,15,REG,1999_15_SF_CAR,CAR,SF,0,0,0,0,0,0,0,0,0,0,0,0,0,0,0,0,0,0,2,2,43,0,1,0,1,0,0,5,5,0,0,0,,0
00-0003803,Matt Cushing,TE,1999,15,REG,1999_15_PIT_KC,PIT,KC,0,0,0,0,0,0,0,0,0,0,0,0,0,1,0,0,0,0,0,0,,0,0,0,0,0,0,0,0,0,0,0,,0
00-0004052,Stephen Davis,RB,1999,15,REG,1999_15_WAS_IND,WAS,IND,0,0,0,0,0,0,0,14,70,0,4,0,0,0,0,0,0,0,0,0,,0,0,0,0,0,0,0,0,0,0,0,,0
00-0004060,Troy Davis,RB,1999,15,REG,1999_15_NO_BAL,NO,BAL,0,0,0,0,0,0,0,1,2,0,0,0,2,4,13,0,0,0,0,0,,0,0,0,0,0,0,0,0,0,0,0,,0
00-0004063,Tyrone Davis,TE,1999,15,REG,1999_15_GB_MIN,GB,MIN,0,0,0,0,0,0,0,0,0,0,0,0,0,2,0,0,0,0,0,0,,0,0,0,0,0,0,0,0,0,0,0,,0
00-0004071,Zola Davis,WR,1999,15,REG,1999_15_JAX_CLE,CLE,JAX,0,0,0,0,0,0,0,0,0,0,0,0,1,3,25,0,1,0,0,0,,0,0,0,0,0,0,0,0,0,0,0,,0
00-0004077,Sean Dawkins,WR,1999,15,REG,1999_15_SEA_DEN,SEA,DEN,0,0,0,0,0,0,0,0,0,0,0,0,5,11,88,0,5,0,0,0,,0,0,0,0,0,0,0,0,0,0,0,,0
00-0004079,Lawrence Dawsey,WR,1999,15,REG,1999_15_NO_BAL,NO,BAL,0,0,0,0,0,0,0,0,0,0,0,0,3,7,73,0,1,0,0,0,,0,0,0,0,0,0,0,0,0,0,0,,0
00-0004091,Phil Dawson,K,1999,15,REG,1999_15_JAX_CLE,CLE,JAX,0,0,0,0,0,0,0,0,0,0,0,0,0,0,0,0,0,0,0,0,,0,0,0,0,0,0,2,2,0,0,0,,0
00-0004147,Al Del Greco,K,1999,15,REG,1999_15_ATL_TEN,TEN,ATL,0,0,0,0,0,0,0,0,0,0,0,0,0,0,0,0,0,0,3,3,43,0,1,1,1,0,0,3,3,0,0,0,,0
00-0004172,Greg DeLong,TE,1999,15,REG,1999_15_NO_BAL,BAL,NO,0,0,0,0,0,0,0,0,0,0,0,0,1,2,-4,0,0,0,0,0,,0,0,0,0,0,0,0,0,0,0,0,,0
00-0004200,Autry Denson,RB,1999,15,REG,1999_15_SD_MIA,MIA,LAC,0,0,0,0,0,0,0,5,13,0,0,0,1,1,2,0,0,0,0,0,,0,0,0,0,0,0,0,0,0,0,0,,0
00-0004229,Koy Detmer,QB,1999,15,REG,1999_15_NE_PHI,PHI,NE,10,29,181,3,2,0,0,2,-2,0,0,0,0,0,0,0,0,0,0,0,,0,0,0,0,0,0,0,0,0,0,0,,0
00-0004230,Ty Detmer,QB,1999,15,REG,1999_15_JAX_CLE,CLE,JAX,13,24,153,1,0,2,-12,2,22,0,2,0,0,0,0,0,0,0,0,0,,0,0,0,0,0,0,0,0,0,0,0,,0
00-0004294,Ken Dilger,TE,1999,15,REG,1999_15_WAS_IND,IND,WAS,0,0,0,0,0,0,0,0,0,0,0,0,3,3,35,1,3,0,0,0,,0,0,0,0,0,0,0,0,0,0,0,,0
00-0004524,Troy Drayton,TE,1999,15,REG,1999_15_SD_MIA,MIA,LAC,0,0,0,0,0,0,0,0,0,0,0,0,2,3,14,0,0,0,0,0,,0,0,0,0,0,0,0,0,0,0,0,,0
00-0004574,Rickey Dudley,TE,1999,15,REG,1999_15_TB_OAK,LV,TB,0,0,0,0,0,0,0,0,0,0,0,0,2,4,30,0,2,0,0,0,,0,0,0,0,0,0,0,0,0,0,0,,0
00-0004640,Warrick Dunn,RB,1999,15,REG,1999_15_TB_OAK,TB,LV,0,0,0,0,0,0,0,7,11,0,1,0,5,6,36,0,2,0,0,0,,0,0,0,0,0,0,0,0,0,0,0,,0
00-0004694,Kevin Dyson,WR,1999,15,REG,1999_15_ATL_TEN,TEN,ATL,0,0,0,0,0,0,0,0,0,0,0,0,1,3,4,0,0,0,0,0,,0,0,0,0,0,0,0,0,0,0,0,,0
00-0004768,Marc Edwards,FB,1999,15,REG,1999_15_JAX_CLE,CLE,JAX,0,0,0,0,0,0,0,0,0,0,0,0,2,4,10,0,0,0,0,0,,0,0,0,0,0,0,0,0,0,0,0,,0
00-0004780,Troy Edwards,WR,1999,15,REG,1999_15_PIT_KC,PIT,KC,0,0,0,0,0,0,0,0,0,0,0,0,5,11,58,1,4,0,0,0,,0,0,0,0,0,0,0,0,0,0,0,,0
00-0004811,Jason Elam,K,1999,15,REG,1999_15_SEA_DEN,DEN,SEA,0,0,0,0,0,0,0,0,0,0,0,0,0,0,0,0,0,0,3,5,46,0,1,1,1,0,0,3,3,0,0,0,,0
00-0004871,Jerry Ellison,RB,1999,15,REG,1999_15_NE_PHI,NE,PHI,0,0,0,0,0,0,0,1,2,0,0,0,4,4,50,0,2,0,0,0,,0,0,0,0,0,0,0,0,0,0,0,,0
00-0004888,Bert Emanuel,WR,1999,15,REG,1999_15_TB_OAK,TB,LV,0,0,0,0,0,0,0,0,0,0,0,0,1,3,10,0,0,0,0,0,,0,0,0,0,0,0,0,0,0,0,0,,0
00-0004915,Bobby Engram,WR,1999,15,REG,1999_15_DET_CHI,CHI,DET,0,0,0,0,0,0,0,0,0,0,0,0,10,10,94,1,7,0,0,0,,0,0,0,0,0,0,0,0,0,0,0,,0
00-0004916,Curtis Enis,RB,1999,15,REG,1999_15_DET_CHI,CHI,DET,0,0,0,0,0,0,0,22,69,0,4,0,1,2,6,0,0,0,0,0,,0,0,0,0,0,0,0,0,0,0,0,,0
00-0004972,Chuck Evans,RB,1999,15,REG,1999_15_NO_BAL,BAL,NO,0,0,0,0,0,0,0,1,7,0,0,0,1,3,7,0,0,0,0,0,,0,0,0,0,0,0,0,0,0,0,0,,0
00-0005092,Marshall Faulk,RB,1999,15,REG,1999_15_NYG_STL,LA,NYG,0,0,0,0,0,0,0,16,68,0,1,0,6,9,97,0,4,0,0,0,,0,0,0,0,0,0,0,0,0,0,0,,0
00-0005101,Christian Fauria,TE,1999,15,REG,1999_15_SEA_DEN,SEA,DEN,0,0,0,0,0,0,0,0,0,0,0,0,1,2,11,0,1,0,0,0,,0,0,0,0,0,0,0,0,0,0,0,,0
00-0005106,Brett Favre,QB,1999,15,REG,1999_15_GB_MIN,GB,MIN,22,39,229,0,2,4,-26,2,8,0,0,0,0,0,0,0,0,0,0,0,,0,0,0,0,0,0,0,0,0,0,0,,0
00-0005113,Jeff Feagles,P,1999,15,REG,1999_15_SEA_DEN,SEA,DEN,0,0,0,0,0,0,0,0,0,0,0,0,0,0,0,0,0,0,0,0,,0,0,0,0,0,0,0,0,6,259,149,51,2
00-0005324,Terrell Fletcher,RB,1999,15,REG,1999_15_SD_MIA,LAC,MIA,0,0,0,0,0,0,0,5,12,0,0,0,9,13,66,0,4,0,0,0,,0,0,0,0,0,0,0,0,0,0,0,,0
00-0005348,Chris Floyd,FB,1999,15,REG,1999_15_NE_PHI,NE,PHI,0,0,0,0,0,0,0,1,0,0,0,0,0,0,0,0,0,0,0,0,,0,0,0,0,0,0,0,0,0,0,0,,0
00-0005361,William Floyd,FB,1999,15,REG,1999_15_SF_CAR,CAR,SF,0,0,0,0,0,0,0,2,3,1,1,0,1,1,4,0,0,0,0,0,,0,0,0,0,0,0,0,0,0,0,0,,0
00-0005363,Doug Flutie,QB,1999,15,REG,1999_15_BUF_ARI,BUF,ARI,21,32,239,2,2,2,-22,7,25,0,2,0,0,0,0,0,0,0,0,0,,0,0,0,0,0,0,0,0,0,0,0,,0
00-0005532,,,1999,15,REG,1999_15_NO_BAL,NO,BAL,0,0,0,0,0,0,0,1,0,0,0,0,0,1,0,0,0,0,0,0,,0,0,0,0,0,0,0,0,0,0,0,,0
00-0005562,Antonio Freeman,WR,1999,15,REG,1999_15_GB_MIN,GB,MIN,0,0,0,0,0,0,0,0,0,0,0,0,5,7,54,0,3,0,0,0,,0,0,0,0,0,0,0,0,0,0,0,,0
00-0005589,Gus Frerotte,QB,1999,15,REG,1999_15_DET_CHI,DET,CHI,17,30,158,0,3,1,-3,1,4,0,1,0,0,0,0,0,0,0,0,0,,0,0,0,0,0,0,0,0,0,0,0,,0
00-0005616,Irving Fryar,WR,1999,15,REG,1999_15_WAS_IND,WAS,IND,0,0,0,0,0,0,0,0,0,0,0,0,2,3,23,0,1,0,0,0,,0,0,0,0,0,0,0,0,0,0,0,,0
00-0005668,Oronde Gadsden,WR,1999,15,REG,1999_15_SD_MIA,MIA,LAC,0,0,0,0,0,0,0,0,0,0,0,0,4,7,83,0,3,0,0,0,,0,0,0,0,0,0,0,0,0,0,0,,0
00-0005720,Joey Galloway,WR,1999,15,REG,1999_15_SEA_DEN,SEA,DEN,0,0,0,0,0,0,0,1,-1,0,0,0,3,8,34,0,2,0,0,0,,0,0,0,0,0,0,0,0,0,0,0,,0
00-0005741,Rich Gannon,QB,1999,15,REG,1999_15_TB_OAK,LV,TB,15,26,141,1,0,1,-3,0,0,0,0,0,0,0,0,0,0,0,0,0,,0,0,0,0,0,0,0,0,0,0,0,,0
00-0005755,Jeff Garcia,QB,1999,15,REG,1999_15_SF_CAR,SF,CAR,29,46,303,2,1,2,-6,2,6,0,0,0,0,0,0,0,0,0,0,0,,0,0,0,0,0,0,0,0,0,0,0,,0
00-0005771,Chris Gardocki,P,1999,15,REG,1999_15_JAX_CLE,CLE,JAX,0,0,0,0,0,0,0,0,0,0,0,0,0,0,0,0,0,0,0,0,,0,0,0,0,0,0,0,0,8,340,289,52,2
00-0005779,Charlie Garner,RB,1999,15,REG,1999_15_SF_CAR,SF,CAR,0,0,0,0,0,0,0,14,39,0,2,0,9,10,62,1,1,0,0,0,,0,0,0,0,0,0,0,0,0,0,0,,0
00-0005816,Olandis Gary,RB,1999,15,REG,1999_15_SEA_DEN,DEN,SEA,0,0,0,0,0,0,0,22,183,0,7,0,2,3,16,0,1,0,0,0,,0,0,0,0,0,0,0,0,0,0,0,,0
00-0005822,Sam Gash,FB,1999,15,REG,1999_15_BUF_ARI,BUF,ARI,0,0,0,0,0,0,0,0,0,0,0,0,1,1,7,0,0,0,0,0,,0,0,0,0,0,0,0,0,0,0,0,,0
00-0005883,Eddie George,RB,1999,15,REG,1999_15_ATL_TEN,TEN,ATL,0,0,0,0,0,0,0,19,55,0,2,0,4,5,26,0,0,0,0,0,,0,0,0,0,0,0,0,0,0,0,0,,0
00-0005885,Jeff George,QB,1999,15,REG,1999_15_GB_MIN,MIN,GB,16,29,258,2,0,1,-29,1,17,0,1,0,0,0,0,0,0,0,0,0,,0,0,0,0,0,0,0,0,0,0,0,,0
00-0005903,Jammi German,WR,1999,15,REG,1999_15_ATL_TEN,ATL,TEN,0,0,0,0,0,0,0,0,0,0,0,0,3,5,35,2,2,0,0,0,,0,0,0,0,0,0,0,0,0,0,0,,0
00-0006043,Terry Glenn,WR,1999,15,REG,1999_15_NE_PHI,NE,PHI,0,0,0,0,0,0,0,0,0,0,0,0,4,12,27,0,2,0,0,0,,0,0,0,0,0,0,0,0,0,0,0,,0
00-0006101,Tony Gonzalez,TE,1999,15,REG,1999_15_PIT_KC,KC,PIT,0,0,0,0,0,0,0,0,0,0,0,0,6,8,93,2,6,0,0,0,,0,0,0,0,0,0,0,0,0,0,0,,0
00-0006133,Hunter Goodwin,TE,1999,15,REG,1999_15_SD_MIA,MIA,LAC,0,0,0,0,0,0,0,0,0,0,0,0,2,2,17,0,0,1,0,0,,0,0,0,0,0,0,0,0,0,0,0,,0
00-0006181,Toby Gowin,P,1999,15,REG,1999_15_NYJ_DAL,DAL,NYJ,0,0,0,0,0,0,0,0,0,0,0,0,0,0,0,0,0,0,0,0,,0,0,0,0,0,0,0,0,7,277,259,50,3
00-0006210,Jeff Graham,WR,1999,15,REG,1999_15_SD_MIA,LAC,MIA,0,0,0,0,0,0,0,0,0,0,0,0,1,5,6,0,0,0,0,0,,0,0,0,0,0,0,0,0,0,0,0,,0
00-0006299,Tony Graziani,QB,1999,15,REG,1999_15_ATL_TEN,ATL,TEN,6,14,73,0,1,1,-11,1,-9,0,0,0,0,0,0,0,0,0,0,0,,0,0,0,0,0,0,0,0,0,0,0,,0
00-0006300,Elvis Grbac,QB,1999,15,REG,1999_15_PIT_KC,KC,PIT,12,22,149,2,0,1,-4,1,-1,0,0,0,0,0,0,0,0,0,0,0,,0,0,0,0,0,0,0,0,0,0,0,,0
00-0006322,E.G. Green,WR,1999,15,REG,1999_15_WAS_IND,IND,WAS,0,0,0,0,0,0,0,0,0,0,0,0,2,3,19,0,2,0,0,0,,0,0,0,0,0,0,0,0,0,0,0,,0
00-0006331,Jacquez Green,WR,1999,15,REG,1999_15_TB_OAK,TB,LV,0,0,0,0,0,0,0,0,0,0,0,0,2,4,20,0,1,0,0,0,,0,0,0,0,0,0,0,0,0,0,0,,0
00-0006359,Yatil Green,WR,1999,15,REG,1999_15_SD_MIA,MIA,LAC,0,0,0,0,0,0,0,0,0,0,0,0,1,2,7,0,1,0,0,0,,0,0,0,0,0,0,0,0,0,0,0,,0
00-0006423,Brian Griese,QB,1999,15,REG,1999_15_SEA_DEN,DEN,SEA,20,39,180,2,2,2,-10,4,52,0,3,0,0,0,0,0,0,0,0,0,,0,0,0,0,0,0,0,0,0,0,0,,0
00-0006456,Howard Griffith,RB,1999,15,REG,1999_15_SEA_DEN,DEN,SEA,0,0,0,0,0,0,0,0,0,0,0,0,1,1,8,0,1,0,0,0,,0,0,0,0,0,0,0,0,0,0,0,,0
00-0006627,Az-Zahir Hakim,WR,1999,15,REG,1999_15_NYG_STL,LA,NYG,0,0,0,0,0,0,0,0,0,0,0,0,3,6,79,2,3,0,0,0,,0,0,0,0,0,0,0,0,0,0,0,,0
00-0006662,John Hall,K,1999,15,REG,1999_15_NYJ_DAL,NYJ,DAL,0,0,0,0,0,0,0,0,0,0,0,0,0,0,0,0,0,0,3,4,47,0,0,2,1,0,0,1,1,0,0,0,,0
00-0006666,Lamont Hall,TE,1999,15,REG,1999_15_GB_MIN,GB,MIN,0,0,0,0,0,0,0,0,0,0,0,0,1,1,11,0,1,0,0,0,,0,0,0,0,0,0,0,0,0,0,0,,0
00-0006800,Jason Hanson,K,1999,15,REG,1999_15_DET_CHI,DET,CHI,0,0,0,0,0,0,0,0,0,0,0,0,0,0,0,0,0,0,1,2,24,0,1,0,0,0,0,1,1,0,0,0,,0
00-0006808,Jim Harbaugh,QB,1999,15,REG,1999_15_SD_MIA,LAC,MIA,20,40,178,0,0,5,-18,2,6,0,1,0,0,0,0,0,0,0,0,0,,0,0,0,0,0,0,0,0,0,0,0,,0
00-0006848,Terry Hardy,TE,1999,15,REG,1999_15_BUF_ARI,ARI,BUF,0,0,0,0,0,0,0,0,0,0,0,0,2,3,6,0,0,0,0,0,,0,0,0,0,0,0,0,0,0,0,0,,0
00-0006977,Mark Harris,WR,1999,15,REG,1999_15_SF_CAR,SF,CAR,0,0,0,0,0,0,0,0,0,0,0,0,1,1,8,0,0,0,0,0,,0,0,0,0,0,0,0,0,0,0,0,,0
00-0006994,Ronnie Harris,WR,1999,15,REG,1999_15_ATL_TEN,ATL,TEN,0,0,0,0,0,0,0,0,0,0,0,0,3,4,45,0,2,0,0,0,,0,0,0,0,0,0,0,0,0,0,0,,0
00-0007024,Marvin Harrison,WR,1999,15,REG,1999_15_WAS_IND,IND,WAS,0,0,0,0,0,0,0,0,0,0,0,0,9,18,117,0,6,1,0,0,,0,0,0,0,0,0,0,0,0,0,0,,0
00-0007091,Matt Hasselbeck,QB,1999,15,REG,1999_15_GB_MIN,GB,MIN,1,1,9,1,0,0,0,0,0,0,0,0,0,0,0,0,0,0,0,0,,0,0,0,0,0,0,0,0,0,0,0,,0
00-0007093,Andre Hastings,WR,1999,15,REG,1999_15_NO_BAL,NO,BAL,0,0,0,0,0,0,0,0,0,0,0,0,3,6,9,0,0,0,0,0,,0,0,0,0,0,0,0,0,0,0,0,,0
00-0007103,Matt Hatchette,WR,1999,15,REG,1999_15_GB_MIN,MIN,GB,0,0,0,0,0,0,0,0,0,0,0,0,4,5,40,0,2,0,0,0,,0,0,0,0,0,0,0,0,0,0,0,,0
00-0007144,Donald Hayes,WR,1999,15,REG,1999_15_SF_CAR,CAR,SF,0,0,0,0,0,0,0,0,0,0,0,0,1,2,10,0,1,0,0,0,,0,0,0,0,0,0,0,0,0,0,0,,0
00-0007254,William Henderson,FB,1999,15,REG,1999_15_GB_MIN,GB,MIN,0,0,0,0,0,0,0,0,0,0,0,0,2,2,7,0,0,0,0,0,,0,0,0,0,0,0,0,0,0,0,0,,0
00-0007308,Craig Hentrich,P,1999,15,REG,1999_15_ATL_TEN,TEN,ATL,0,0,0,0,0,0,0,0,0,0,0,0,0,0,0,0,0,0,0,0,,0,0,0,0,0,0,0,0,7,311,275,59,2
00-0007389,Skip Hicks,RB,1999,15,REG,1999_15_WAS_IND,WAS,IND,0,0,0,0,0,0,0,11,39,0,2,0,0,0,0,0,0,0,0,0,,0,0,0,0,0,0,0,0,0,0,0,,0
00-0007436,Greg Hill,RB,1999,15,REG,1999_15_DET_CHI,DET,CHI,0,0,0,0,0,0,0,13,77,0,3,1,1,2,5,0,0,0,0,0,,0,0,0,0,0,0,0,0,0,0,0,,0
00-0007468,Ike Hilliard,WR,1999,15,REG,1999_15_NYG_STL,NYG,LA,0,0,0,0,0,0,0,1,-6,0,0,0,5,12,51,1,3,0,0,0,,0,0,0,0,0,0,0,0,0,0,0,,0
00-0007520,Leroy Hoard,RB,1999,15,REG,1999_15_GB_MIN,MIN,GB,0,0,0,0,0,0,0,6,5,1,2,0,2,2,14,0,0,0,0,0,,0,0,0,0,0,0,0,0,0,0,0,,0
00-0007530,Billy Joe Hobert,QB,1999,15,REG,1999_15_NO_BAL,NO,BAL,0,3,0,0,0,0,0,0,0,0,0,0,0,0,0,0,0,0,0,0,,0,0,0,0,0,0,0,0,0,0,0,,0
00-0007546,James Hodgins,RB,1999,15,REG,1999_15_NYG_STL,LA,NYG,0,0,0,0,0,0,0,1,2,0,0,0,0,0,0,0,0,0,0,0,,0,0,0,0,0,0,0,0,0,0,0,,0
00-0007579,Robert Holcombe,FB,1999,15,REG,1999_15_NYG_STL,LA,NYG,0,0,0,0,0,0,0,8,20,0,2,0,0,2,0,0,0,0,0,0,,0,0,0,0,0,0,0,0,0,0,0,,0
00-0007622,Mike Hollis,K,1999,15,REG,1999_15_JAX_CLE,JAX,CLE,0,0,0,0,0,0,0,0,0,0,0,0,0,0,0,0,0,0,1,3,41,0,0,0,1,0,0,3,3,0,0,0,,0
00-0007661,Priest Holmes,RB,1999,15,REG,1999_15_NO_BAL,BAL,NO,0,0,0,0,0,0,0,10,28,0,1,0,3,3,44,1,1,0,0,0,,0,0,0,0,0,0,0,0,0,0,0,,0
00-0007681,Torry Holt,WR,1999,15,REG,1999_15_NYG_STL,LA,NYG,0,0,0,0,0,0,0,0,0,0,0,0,5,8,70,0,4,1,0,0,,0,0,0,0,0,0,0,0,0,0,0,,0
00-0007737,Mike Horan,P,1999,15,REG,1999_15_NYG_STL,LA,NYG,0,0,0,0,0,0,0,0,0,0,0,0,0,0,0,0,0,0,0,0,,0,0,0,0,0,0,0,0,3,124,122,52,3
00-0007744,Joe Horn,WR,1999,15,REG,1999_15_PIT_KC,KC,PIT,0,0,0,0,0,0,0,1,9,0,0,0,1,2,23,0,1,0,0,0,,0,0,0,0,0,0,0,0,0,0,0,,0
00-0007795,Chris Howard,RB,1999,15,REG,1999_15_JAX_CLE,JAX,CLE,0,0,0,0,0,0,0,4,29,0,1,0,0,0,0,0,0,0,0,0,,0,0,0,0,0,0,0,0,0,0,0,,0
00-0007832,Bobby Hoying,QB,1999,15,REG,1999_15_TB_OAK,LV,TB,0,2,0,0,0,0,0,2,-3,0,0,0,0,0,0,0,0,0,0,0,,0,0,0,0,0,0,0,0,0,0,0,,0
00-0007969,Richard Huntley,RB,1999,15,REG,1999_15_PIT_KC,PIT,KC,0,0,0,0,0,0,0,6,37,0,3,0,3,3,33,0,1,0,0,0,,0,0,0,0,0,0,0,0,0,0,0,,0
00-0007993,Tom Hutton,P,1999,15,REG,1999_15_SD_MIA,MIA,LAC,0,0,0,0,0,0,0,0,0,0,0,0,0,0,0,0,0,0,0,0,,0,0,0,0,0,0,0,0,7,269,246,49,2
00-0008046,Sedrick Irvin,RB,1999,15,REG,1999_15_DET_CHI,DET,CHI,0,0,0,0,0,0,0,1,3,0,1,0,4,4,34,0,1,0,0,0,,0,0,0,0,0,0,0,0,0,0,0,,0
00-0008059,Qadry Ismail,WR,1999,15,REG,1999_15_NO_BAL,BAL,NO,0,0,0,0,0,0,0,0,0,0,0,0,7,8,115,1,5,0,0,0,,0,0,0,0,0,0,0,0,0,0,0,,0
00-0008060,Raghib Ismail,WR,1999,15,REG,1999_15_NYJ_DAL,DAL,NYJ,0,0,0,0,0,0,0,2,23,1,1,0,1,5,23,0,1,0,0,0,,0,0,0,0,0,0,0,0,0,0,0,,0
00-0008080,Chris Jacke,K,1999,15,REG,1999_15_BUF_ARI,ARI,BUF,0,0,0,0,0,0,0,0,0,0,0,0,0,0,0,0,0,0,0,0,,0,0,0,0,0,0,3,3,0,0,0,,0
00-0008229,Nate Jacquet,WR,1999,15,REG,1999_15_SD_MIA,MIA,LAC,0,0,0,0,0,0,0,1,4,0,0,0,0,0,0,0,0,0,0,0,,0,0,0,0,0,0,0,0,0,0,0,,0
00-0008241,Edgerrin James,RB,1999,15,REG,1999_15_WAS_IND,IND,WAS,0,0,0,0,0,0,0,22,89,1,5,0,4,5,59,1,3,0,0,0,,0,0,0,0,0,0,0,0,0,0,0,,0
00-0008300,Patrick Jeffers,WR,1999,15,REG,1999_15_SF_CAR,CAR,SF,0,0,0,0,0,0,0,1,-7,0,0,0,8,11,138,1,5,0,0,0,,0,0,0,0,0,0,0,0,0,0,0,,0
00-0008313,Shawn Jefferson,WR,1999,15,REG,1999_15_NE_PHI,NE,PHI,0,0,0,0,0,0,0,0,0,0,0,0,1,7,41,0,1,0,0,0,,0,0,0,0,0,0,0,0,0,0,0,,0
00-0008329,Dietrich Jells,WR,1999,15,REG,1999_15_NE_PHI,PHI,NE,0,0,0,0,0,0,0,0,0,0,0,0,1,1,44,1,1,0,0,0,,0,0,0,0,0,0,0,0,0,0,0,,0
00-0008400,James Jett,WR,1999,15,REG,1999_15_TB_OAK,LV,TB,0,0,0,0,0,0,0,0,0,0,0,0,4,5,42,0,2,0,0,0,,0,0,0,0,0,0,0,0,0,0,0,,0
00-0008401,John Jett,P,1999,15,REG,1999_15_DET_CHI,DET,CHI,0,0,0,0,0,0,0,0,0,0,0,0,0,0,0,0,0,0,0,0,,0,0,0,0,0,0,0,0,2,92,73,48,1
00-0008430,Anthony Johnson,RB,1999,15,REG,1999_15_SF_CAR,CAR,SF,0,0,0,0,0,0,0,9,10,0,1,0,0,0,0,0,0,0,0,0,,0,0,0,0,0,0,0,0,0,0,0,,0
00-0008442,Brad Johnson,QB,1999,15,REG,1999_15_WAS_IND,WAS,IND,16,30,237,1,0,4,-29,2,0,0,0,0,0,0,0,0,0,0,0,0,,0,0,0,0,0,0,0,0,0,0,0,,0
00-0008560,Kevin Johnson,WR,1999,15,REG,1999_15_JAX_CLE,CLE,JAX,0,0,0,0,0,0,0,0,0,0,0,0,4,10,54,0,2,0,0,0,,0,0,0,0,0,0,0,0,0,0,0,,0
00-0008561,Keyshawn Johnson,WR,1999,15,REG,1999_15_NYJ_DAL,NYJ,DAL,0,0,0,0,0,0,0,1,-8,0,0,0,6,9,96,0,5,0,0,0,,0,0,0,0,0,0,0,0,0,0,0,,0
00-0008566,Lee Johnson,P,1999,15,REG,1999_15_NE_PHI,NE,PHI,0,0,0,0,0,0,0,0,0,0,0,0,0,0,0,0,0,0,0,0,,0,0,0,0,0,0,0,0,6,297,233,58,1
00-0008575,Malcolm Johnson,WR,1999,15,REG,1999_15_PIT_KC,PIT,KC,0,0,0,0,0,0,0,0,0,0,0,0,0,5,0,0,0,0,0,0,,0,0,0,0,0,0,0,0,0,0,0,,0
00-0008593,Norm Johnson,K,1999,15,REG,1999_15_NE_PHI,PHI,NE,0,0,0,0,0,0,0,0,0,0,0,0,0,0,0,0,0,0,1,1,43,0,0,0,1,0,0,1,1,0,0,0,,0
00-0008598,Pat Johnson,WR,1999,15,REG,1999_15_NO_BAL,BAL,NO,0,0,0,0,0,0,0,0,0,0,0,0,3,9,43,0,2,0,0,0,,0,0,0,0,0,0,0,0,0,0,0,,0
00-0008723,Damon Jones,TE,1999,15,REG,1999_15_JAX_CLE,JAX,CLE,0,0,0,0,0,0,0,0,0,0,0,0,2,4,16,1,2,0,0,0,,0,0,0,0,0,0,0,0,0,0,0,,0
00-0008749,Freddie Jones,TE,1999,15,REG,1999_15_SD_MIA,LAC,MIA,0,0,0,0,0,0,0,0,0,0,0,0,2,3,10,0,0,0,0,0,,0,0,0,0,0,0,0,0,0,0,0,,0
00-0008962,Joe Jurevicius,WR,1999,15,REG,1999_15_NYG_STL,NYG,LA,0,0,0,0,0,0,0,0,0,0,0,0,0,2,0,0,0,0,0,0,,0,0,0,0,0,0,0,0,0,0,0,,0
00-0009007,Danny Kanell,QB,1999,15,REG,1999_15_ATL_TEN,ATL,TEN,18,29,237,2,2,1,-8,0,0,0,0,0,0,0,0,0,0,0,0,0,,0,0,0,0,0,0,0,0,0,0,0,,0
00-0009038,Napoleon Kaufman,RB,1999,15,REG,1999_15_TB_OAK,LV,TB,0,0,0,0,0,0,0,8,122,2,4,0,1,2,1,0,0,0,0,0,,0,0,0,0,0,0,0,0,0,0,0,,0
00-0009163,Eddie Kennison,WR,1999,15,REG,1999_15_NO_BAL,NO,BAL,0,0,0,0,0,0,0,0,0,0,0,0,5,13,67,0,2,0,0,0,,0,0,0,0,0,0,0,0,0,0,0,,0
00-0009266,Shaun King,QB,1999,15,REG,1999_15_TB_OAK,TB,LV,17,29,142,0,1,4,-39,1,5,0,0,0,0,0,0,0,0,0,0,0,,0,0,0,0,0,0,0,0,0,0,0,,0
00-0009288,Terry Kirby,RB,1999,15,REG,1999_15_JAX_CLE,CLE,JAX,1,1,2,0,0,0,0,4,14,1,1,0,2,3,4,0,0,0,0,0,,0,0,0,0,0,0,0,0,0,0,0,,0
00-0009311,Jon Kitna,QB,1999,15,REG,1999_15_SEA_DEN,SEA,DEN,22,42,278,2,0,3,-28,0,0,0,0,0,0,0,0,0,0,0,0,0,,0,0,0,0,0,0,0,0,0,0,0,,0
00-0009417,Rob Konrad,FB,1999,15,REG,1999_15_SD_MIA,MIA,LAC,0,0,0,0,0,0,0,0,0,0,0,0,0,2,0,0,0,0,0,0,,0,0,0,0,0,0,0,0,0,0,0,,0
00-0009550,David LaFleur,TE,1999,15,REG,1999_15_NYJ_DAL,DAL,NYJ,0,0,0,0,0,0,0,0,0,0,0,0,2,2,18,0,1,0,0,0,,0,0,0,0,0,0,0,0,0,0,0,,0
00-0009584,Sean Landeta,P,1999,15,REG,1999_15_NE_PHI,PHI,NE,0,0,0,0,0,0,0,0,0,0,0,0,0,0,0,0,0,0,0,0,,0,0,0,0,0,0,0,0,10,365,320,57,3
00-0009599,Fred Lane,RB,1999,15,REG,1999_15_SF_CAR,CAR,SF,0,0,0,0,0,0,0,10,66,0,5,0,3,6,33,0,1,0,0,0,,0,0,0,0,0,0,0,0,0,0,0,,0
00-0009829,Dorsey Levens,RB,1999,15,REG,1999_15_GB_MIN,GB,MIN,0,0,0,0,0,0,0,26,99,1,4,0,4,5,21,0,1,0,0,0,,0,0,0,0,0,0,0,0,0,0,0,,0
00-0009842,Chad Lewis,TE,1999,15,REG,1999_15_NE_PHI,PHI,NE,0,0,0,0,0,0,0,0,0,0,0,0,1,2,4,0,0,0,0,0,,0,0,0,0,0,0,0,0,0,0,0,,0
00-0009868,Jeff Lewis,QB,1999,15,REG,1999_15_SF_CAR,CAR,SF,0,0,0,0,0,0,0,2,-2,0,0,0,0,0,0,0,0,0,0,0,,0,0,0,0,0,0,0,0,0,0,0,,0
00-0009960,Jonathan Linton,FB,1999,15,REG,1999_15_BUF_ARI,BUF,ARI,0,0,0,0,0,0,0,21,81,1,6,0,0,0,0,0,0,0,0,0,,0,0,0,0,0,0,0,0,0,0,0,,0
00-0010007,Kevin Lockett,WR,1999,15,REG,1999_15_PIT_KC,KC,PIT,0,0,0,0,0,0,0,0,0,0,0,0,0,1,0,0,0,0,0,0,,0,0,0,0,0,0,0,0,0,0,0,,0
00-0010072,Ryan Longwell,K,1999,15,REG,1999_15_GB_MIN,GB,MIN,0,0,0,0,0,0,0,0,0,0,0,0,0,0,0,0,0,0,2,2,26,0,2,0,0,0,0,2,2,0,0,0,,0
00-0010107,Derek Loville,RB,1999,15,REG,1999_15_SEA_DEN,DEN,SEA,0,0,0,0,0,0,0,7,25,0,1,0,2,3,7,0,1,0,0,0,,0,0,0,0,0,0,0,0,0,0,0,,0
00-0010137,Ray Lucas,QB,1999,15,REG,1999_15_NYJ_DAL,NYJ,DAL,20,34,229,2,1,0,0,5,10,0,0,1,0,0,0,0,0,0,0,0,,0,0,0,0,0,0,0,0,0,0,0,,0
00-0010202,Mitch Lyons,TE,1999,15,REG,1999_15_PIT_KC,PIT,KC,0,0,0,0,0,0,0,0,0,0,0,0,2,3,16,0,1,0,0,0,,0,0,0,0,0,0,0,0,0,0,0,,0
00-0010346,Peyton Manning,QB,1999,15,REG,1999_15_WAS_IND,IND,WAS,23,37,298,2,1,1,-7,1,-1,0,0,0,0,0,0,0,0,0,0,0,,0,0,0,0,0,0,0,0,0,0,0,,0
00-0010373,Olindo Mare,K,1999,15,REG,1999_15_SD_MIA,MIA,LAC,0,0,0,0,0,0,0,0,0,0,0,0,0,0,0,0,0,0,4,4,32,0,1,3,0,0,0,0,0,0,0,0,,0
00-0010379,Dan Marino,QB,1999,15,REG,1999_15_SD_MIA,MIA,LAC,22,36,241,0,0,2,-10,2,-2,0,0,0,0,0,0,0,0,0,0,0,,0,0,0,0,0,0,0,0,0,0,0,,0
00-0010436,Cecil Martin,RB,1999,15,REG,1999_15_NE_PHI,PHI,NE,0,0,0,0,0,0,0,0,0,0,0,0,1,3,-3,0,0,0,0,0,,0,0,0,0,0,0,0,0,0,0,0,,0
00-0010442,Curtis Martin,RB,1999,15,REG,1999_15_NYJ_DAL,NYJ,DAL,0,0,0,0,0,0,0,26,113,0,5,0,1,4,6,0,0,0,0,0,,0,0,0,0,0,0,0,0,0,0,0,,0
00-0010477,Tony Martin,WR,1999,15,REG,1999_15_SD_MIA,MIA,LAC,0,0,0,0,0,0,0,0,0,0,0,0,8,10,86,0,6,0,0,0,,0,0,0,0,0,0,0,0,0,0,0,,0
00-0010500,Derrick Mason,WR,1999,15,REG,1999_15_ATL_TEN,TEN,ATL,0,0,0,0,0,0,0,0,0,0,0,0,1,3,8,0,0,0,0,0,,0,0,0,0,0,0,0,0,0,0,0,,0
00-0010539,Terance Mathis,WR,1999,15,REG,1999_15_ATL_TEN,ATL,TEN,0,0,0,0,0,0,0,0,0,0,0,0,5,12,79,0,4,0,0,0,,0,0,0,0,0,0,0,0,0,0,0,,0
00-0010599,Derrick Mayes,WR,1999,15,REG,1999_15_SEA_DEN,SEA,DEN,0,0,0,0,0,0,0,0,0,0,0,0,4,7,70,1,3,0,0,0,,0,0,0,0,0,0,0,0,0,0,0,,0
00-0010609,Brad Maynard,P,1999,15,REG,1999_15_NYG_STL,NYG,LA,0,0,0,0,0,0,0,0,0,0,0,0,0,0,0,0,0,0,0,0,,0,0,0,0,0,0,0,0,5,199,187,46,3
00-0010650,Ed McCaffrey,WR,1999,15,REG,1999_15_SEA_DEN,DEN,SEA,0,0,0,0,0,0,0,0,0,0,0,0,3,7,40,0,2,0,0,0,,0,0,0,0,0,0,0,0,0,0,0,,0
00-0010668,Keenan McCardell,WR,1999,15,REG,1999_15_JAX_CLE,JAX,CLE,0,0,0,0,0,0,0,0,0,0,0,0,8,12,96,0,5,0,0,0,,0,0,0,0,0,0,0,0,0,0,0,,0
00-0010747,Fred McCrary,RB,1999,15,REG,1999_15_SD_MIA,LAC,MIA,0,0,0,0,0,0,0,0,0,0,0,0,2,2,4,0,0,0,0,0,,0,0,0,0,0,0,0,0,0,0,0,,0
00-0010824,O.J. McDuffie,WR,1999,15,REG,1999_15_SD_MIA,MIA,LAC,0,0,0,0,0,0,0,0,0,0,0,0,1,3,10,0,0,0,0,0,,0,0,0,0,0,0,0,0,0,0,0,,0
00-0010892,Travis McGriff,WR,1999,15,REG,1999_15_SEA_DEN,DEN,SEA,0,0,0,0,0,0,0,0,0,0,0,0,0,1,0,0,0,0,0,0,,0,0,0,0,0,0,0,0,0,0,0,,0
00-0010994,Kevin McLeod,RB,1999,15,REG,1999_15_TB_OAK,TB,LV,0,0,0,0,0,0,0,0,0,0,0,0,1,2,2,0,0,0,0,0,,0,0,0,0,0,0,0,0,0,0,0,,0
00-0011024,Steve McNair,QB,1999,15,REG,1999_15_ATL_TEN,TEN,ATL,15,29,216,1,0,2,-9,9,76,1,3,0,0,0,0,0,0,0,0,0,,0,0,0,0,0,0,0,0,0,0,0,,0
00-0011044,Cade McNown,QB,1999,15,REG,1999_15_DET_CHI,CHI,DET,27,36,301,4,2,2,-9,9,36,0,4,0,0,0,0,0,0,0,0,0,,0,0,0,0,0,0,0,0,0,0,0,,0
00-0011081,Natrone Means,RB,1999,15,REG,1999_15_SD_MIA,LAC,MIA,0,0,0,0,0,0,0,9,8,0,0,0,0,0,0,0,0,0,0,0,,0,0,0,0,0,0,0,0,0,0,0,,0
00-0011151,Eric Metcalf,WR,1999,15,REG,1999_15_SF_CAR,CAR,SF,0,0,0,0,0,0,0,0,0,0,0,0,0,1,0,0,0,0,0,0,,0,0,0,0,0,0,0,0,0,0,0,,0
00-0011187,Terry Mickens,WR,1999,15,REG,1999_15_TB_OAK,LV,TB,0,0,0,0,0,0,0,0,0,0,0,0,1,2,9,0,1,0,0,0,,0,0,0,0,0,0,0,0,0,0,0,,0
00-0011213,Glyn Milburn,WR,1999,15,REG,1999_15_DET_CHI,CHI,DET,0,0,0,0,0,0,0,1,-1,0,0,0,0,0,0,0,0,0,0,0,,0,0,0,0,0,0,0,0,0,0,0,,0
00-0011224,Itula Mili,TE,1999,15,REG,1999_15_SEA_DEN,SEA,DEN,0,0,0,0,0,0,0,0,0,0,0,0,1,2,8,0,0,0,0,0,,0,0,0,0,0,0,0,0,0,0,0,,0
00-0011279,Josh Miller,P,1999,15,REG,1999_15_PIT_KC,PIT,KC,0,0,0,0,0,0,0,0,0,0,0,0,0,0,0,0,0,0,0,0,,0,0,0,0,0,0,0,0,5,203,170,50,1
00-0011399,Brian Mitchell,RB,1999,15,REG,1999_15_WAS_IND,WAS,IND,0,0,0,0,0,0,0,5,42,1,2,0,6,7,61,0,3,0,0,0,,0,0,0,0,0,0,0,0,0,0,0,,0
00-0011425,Pete Mitchell,TE,1999,15,REG,1999_15_NYG_STL,NYG,LA,0,0,0,0,0,0,0,0,0,0,0,0,2,4,16,0,1,0,0,0,,0,0,0,0,0,0,0,0,0,0,0,,0
00-0011463,Chris Mohr,P,1999,15,REG,1999_15_BUF_ARI,BUF,ARI,0,0,0,0,0,0,0,0,0,0,0,0,0,0,0,0,0,0,0,0,,0,0,0,0,0,0,0,0,3,112,67,39,0
00-0011506,Joe Montgomery,RB,1999,15,REG,1999_15_NYG_STL,NYG,LA,0,0,0,0,0,0,0,12,41,0,2,0,0,0,0,0,0,0,0,0,,0,0,0,0,0,0,0,0,0,0,0,,0
00-0011551,Dave Moore,TE,1999,15,REG,1999_15_TB_OAK,TB,LV,0,0,0,0,0,0,0,0,0,0,0,0,3,3,26,0,1,0,0,0,,0,0,0,0,0,0,0,0,0,0,0,,0
00-0011568,Herman Moore,WR,1999,15,REG,1999_15_DET_CHI,DET,CHI,0,0,0,0,0,0,0,0,0,0,0,0,2,7,24,0,1,0,0,0,,0,0,0,0,0,0,0,0,0,0,0,,0
00-0011601,Rob Moore,WR,1999,15,REG,1999_15_BUF_ARI,ARI,BUF,0,0,0,0,0,0,0,0,0,0,0,0,2,8,38,1,2,0,0,0,,0,0,0,0,0,0,0,0,0,0,0,,0
00-0011675,Bam Morris,RB,1999,15,REG,1999_15_PIT_KC,KC,PIT,0,0,0,0,0,0,0,17,71,1,4,0,1,2,4,0,0,0,0,0,,0,0,0,0,0,0,0,0,0,0,0,,0
00-0011727,Johnnie Morton,WR,1999,15,REG,1999_15_DET_CHI,DET,CHI,0,0,0,0,0,0,0,0,0,0,0,0,8,13,100,0,3,0,0,0,,0,0,0,0,0,0,0,0,0,0,0,,0
00-0011754,Randy Moss,WR,1999,15,REG,1999_15_GB_MIN,MIN,GB,0,0,0,0,0,0,0,0,0,0,0,0,5,9,131,2,4,0,0,0,,0,0,0,0,0,0,0,0,0,0,0,,0
00-0011770,Eric Moulds,WR,1999,15,REG,1999_15_BUF_ARI,BUF,ARI,0,0,0,0,0,0,0,0,0,0,0,0,6,11,73,1,4,0,0,0,,0,0,0,0,0,0,0,0,0,0,0,,0
00-0011795,Muhsin Muhammad,WR,1999,15,REG,1999_15_SF_CAR,CAR,SF,0,0,0,0,0,0,0,0,0,0,0,0,11,11,126,3,7,0,0,0,,0,0,0,0,0,0,0,0,0,0,0,,0
00-0011859,Eddie Murray,K,1999,15,REG,1999_15_NYJ_DAL,DAL,NYJ,0,0,0,0,0,0,0,0,0,0,0,0,0,0,0,0,0,0,0,0,,0,0,0,0,0,0,3,3,0,0,0,,0
00-0011869,Adrian Murrell,RB,1999,15,REG,1999_15_BUF_ARI,ARI,BUF,0,0,0,0,0,0,0,12,47,0,1,0,1,1,5,0,0,0,0,0,,0,0,0,0,0,0,0,0,0,0,0,,0
00-0011958,Lorenzo Neal,FB,1999,15,REG,1999_15_ATL_TEN,TEN,ATL,0,0,0,0,0,0,0,0,0,0,0,0,0,1,0,0,0,0,0,0,,0,0,0,0,0,0,0,0,0,0,0,,0
00-0011970,Joe Nedney,K,1999,15,REG,1999_15_TB_OAK,LV,TB,0,0,0,0,0,0,0,0,0,0,0,0,0,0,0,0,0,0,1,1,26,0,1,0,0,0,0,6,6,0,0,0,,0
00-0012321,Jeff Ogden,WR,1999,15,REG,1999_15_NYJ_DAL,DAL,NYJ,0,0,0,0,0,0,0,0,0,0,0,0,1,1,9,0,1,0,0,0,,0,0,0,0,0,0,0,0,0,0,0,,0
00-0012368,Winslow Oliver,RB,1999,15,REG,1999_15_ATL_TEN,ATL,TEN,0,0,0,0,0,0,0,3,4,0,0,1,0,0,0,0,0,0,0,0,,0,0,0,0,0,0,0,0,0,0,0,,0
00-0012478,Terrell Owens,WR,1999,15,REG,1999_15_SF_CAR,SF,CAR,0,0,0,0,0,0,0,0,0,0,0,0,5,10,66,0,4,0,0,0,,0,0,0,0,0,0,0,0,0,0,0,,0
00-0012480,Ken Oxendine,RB,1999,15,REG,1999_15_ATL_TEN,ATL,TEN,0,0,0,0,0,0,0,12,41,0,2,2,1,2,10,0,1,0,0,0,,0,0,0,0,0,0,0,0,0,0,0,,0
00-0012603,Bernie Parmalee,RB,1999,15,REG,1999_15_NYJ_DAL,NYJ,DAL,0,0,0,0,0,0,0,1,6,0,1,0,2,3,6,0,0,0,0,0,,0,0,0,0,0,0,0,0,0,0,0,,0
00-0012764,Chris Penn,WR,1999,15,REG,1999_15_SD_MIA,LAC,MIA,0,0,0,0,0,0,0,0,0,0,0,0,1,5,24,0,1,0,0,0,,0,0,0,0,0,0,0,0,0,0,0,,0
00-0012832,Wilmont Perry,RB,1999,15,REG,1999_15_NO_BAL,NO,BAL,0,0,0,0,0,0,0,11,11,0,0,0,1,1,5,0,0,0,0,0,,0,0,0,0,0,0,0,0,0,0,0,,0
00-0012875,Todd Peterson,K,1999,15,REG,1999_15_SEA_DEN,SEA,DEN,0,0,0,0,0,0,0,0,0,0,0,0,0,0,0,0,0,0,3,3,45,0,0,1,2,0,0,3,3,0,0,0,,0
00-0012946,Dino Philyaw,RB,1999,15,REG,1999_15_NO_BAL,NO,BAL,0,0,0,0,0,0,0,1,-4,0,0,0,2,5,23,0,1,0,0,0,,0,0,0,0,0,0,0,0,0,0,0,,0
00-0013028,Scott Player,P,1999,15,REG,1999_15_BUF_ARI,ARI,BUF,0,0,0,0,0,0,0,0,0,0,0,0,0,0,0,0,0,0,0,0,,0,0,0,0,0,0,0,0,6,254,216,49,0
00-0013042,Jake Plummer,QB,1999,15,REG,1999_15_BUF_ARI,ARI,BUF,11,30,119,1,1,2,-11,1,-1,0,0,0,0,0,0,0,0,0,0,0,,0,0,0,0,0,0,0,0,0,0,0,,0
00-0013080,Marcus Pollard,TE,1999,15,REG,1999_15_WAS_IND,IND,WAS,0,0,0,0,0,0,0,0,0,0,0,0,3,5,50,0,2,0,0,0,,0,0,0,0,0,0,0,0,0,0,0,,0
00-0013097,Keith Poole,WR,1999,15,REG,1999_15_NO_BAL,NO,BAL,0,0,0,0,0,0,0,0,0,0,0,0,4,8,51,1,3,0,0,0,,0,0,0,0,0,0,0,0,0,0,0,,0
00-0013108,Daniel Pope,P,1999,15,REG,1999_15_PIT_KC,KC,PIT,0,0,0,0,0,0,0,0,0,0,0,0,0,0,0,0,0,0,0,0,,0,0,0,0,0,0,0,0,7,301,225,49,1
00-0013232,Peerless Price,WR,1999,15,REG,1999_15_BUF_ARI,BUF,ARI,0,0,0,0,0,0,0,0,0,0,0,0,3,4,34,0,1,0,0,0,,0,0,0,0,0,0,0,0,0,0,0,,0
00-0013258,Mike Pritchard,WR,1999,15,REG,1999_15_SEA_DEN,SEA,DEN,0,0,0,0,0,0,0,0,0,0,0,0,2,3,27,1,1,0,0,0,,0,0,0,0,0,0,0,0,0,0,0,,0
00-0013262,Stanley Pritchett,RB,1999,15,REG,1999_15_SD_MIA,MIA,LAC,0,0,0,0,0,0,0,15,38,0,1,0,3,4,22,0,0,0,0,0,,0,0,0,0,0,0,0,0,0,0,0,,0
00-0013268,Ricky Proehl,WR,1999,15,REG,1999_15_NYG_STL,LA,NYG,0,0,0,0,0,0,0,0,0,0,0,0,1,1,30,0,1,0,0,0,,0,0,0,0,0,0,0,0,0,0,0,,0
00-0013499,Andre Reed,WR,1999,15,REG,1999_15_BUF_ARI,BUF,ARI,0,0,0,0,0,0,0,0,0,0,0,0,3,3,42,0,2,0,0,0,,0,0,0,0,0,0,0,0,0,0,0,,0
00-0013512,Jake Reed,WR,1999,15,REG,1999_15_GB_MIN,MIN,GB,0,0,0,0,0,0,0,0,0,0,0,0,5,10,73,0,3,0,0,0,,0,0,0,0,0,0,0,0,0,0,0,,0
00-0013622,Errict Rhett,RB,1999,15,REG,1999_15_NO_BAL,BAL,NO,0,0,0,0,0,0,0,11,21,0,1,0,4,4,22,0,1,0,0,0,,0,0,0,0,0,0,0,0,0,0,0,,0
00-0013639,Jerry Rice,WR,1999,15,REG,1999_15_SF_CAR,SF,CAR,0,0,0,0,0,0,0,1,11,0,1,0,2,6,56,1,2,0,0,0,,0,0,0,0,0,0,0,0,0,0,0,,0
00-0013682,Kyle Richardson,P,1999,15,REG,1999_15_NO_BAL,BAL,NO,0,0,0,0,0,0,0,0,0,0,0,0,0,0,0,0,0,0,0,0,,0,0,0,0,0,0,0,0,9,321,298,44,3
00-0013694,Tony Richardson,FB,1999,15,REG,1999_15_PIT_KC,KC,PIT,0,0,0,0,0,0,0,11,57,0,2,0,1,1,-3,0,0,0,0,0,,0,0,0,0,0,0,0,0,0,0,0,,0
00-0013699,Wade Richey,K,1999,15,REG,1999_15_SF_CAR,SF,CAR,0,0,0,0,0,0,0,0,0,0,0,0,0,0,0,0,0,0,1,1,37,0,0,1,0,0,0,3,3,0,0,0,,0
00-0013712,Mikhael Ricks,TE,1999,15,REG,1999_15_SD_MIA,LAC,MIA,0,0,0,0,0,0,0,0,0,0,0,0,3,6,29,0,3,0,0,0,,0,0,0,0,0,0,0,0,0,0,0,,0
00-0013728,Jay Riemersma,TE,1999,15,REG,1999_15_BUF_ARI,BUF,ARI,0,0,0,0,0,0,0,0,0,0,0,0,5,7,62,1,4,0,0,0,,0,0,0,0,0,0,0,0,0,0,0,,0
00-0013770,Andre Rison,WR,1999,15,REG,1999_15_PIT_KC,KC,PIT,0,0,0,0,0,0,0,0,0,0,0,0,0,3,0,0,0,0,0,0,,0,0,0,0,0,0,0,0,0,0,0,,0
00-0013773,Jon Ritchie,FB,1999,15,REG,1999_15_TB_OAK,LV,TB,0,0,0,0,0,0,0,0,0,0,0,0,1,3,4,0,0,0,0,0,,0,0,0,0,0,0,0,0,0,0,0,,0
00-0013888,Marcus Robinson,WR,1999,15,REG,1999_15_DET_CHI,CHI,DET,0,0,0,0,0,0,0,0,0,0,0,0,11,15,170,3,9,0,0,0,,0,0,0,0,0,0,0,0,0,0,0,,0
00-0014083,Tom Rouen,P,1999,15,REG,1999_15_SEA_DEN,DEN,SEA,0,0,0,0,0,0,0,0,0,0,0,0,0,0,0,0,0,0,0,0,,0,0,0,0,0,0,0,0,3,146,120,55,1
00-0014115,Mark Royals,P,1999,15,REG,1999_15_TB_OAK,TB,LV,0,0,0,0,0,0,0,0,0,0,0,0,0,0,0,0,0,0,0,0,,0,0,0,0,0,0,0,0,9,401,372,53,1
00-0014211,Rod Rutledge,TE,1999,15,REG,1999_15_NE_PHI,NE,PHI,0,0,0,0,0,0,0,0,0,0,0,0,1,1,12,0,0,0,0,0,,0,0,0,0,0,0,0,0,0,0,0,,0
00-0014319,Chris Sanders,WR,1999,15,REG,1999_15_ATL_TEN,TEN,ATL,0,0,0,0,0,0,0,0,0,0,0,0,5,10,100,1,4,0,0,0,,0,0,0,0,0,0,0,0,0,0,0,,0
00-0014324,Deion Sanders,CB,1999,15,REG,1999_15_NYJ_DAL,DAL,NYJ,0,0,0,0,0,0,0,0,0,0,0,0,0,2,0,0,0,0,0,0,,0,0,0,0,0,0,0,0,0,0,0,,0
00-0014328,Frank Sanders,WR,1999,15,REG,1999_15_BUF_ARI,ARI,BUF,0,0,0,0,0,0,0,0,0,0,0,0,5,12,57,0,4,0,0,0,,0,0,0,0,0,0,0,0,0,0,0,,0
00-0014350,O.J. Santiago,TE,1999,15,REG,1999_15_ATL_TEN,ATL,TEN,0,0,0,0,0,0,0,0,0,0,0,0,1,2,20,0,1,0,0,0,,0,0,0,0,0,0,0,0,0,0,0,,0
00-0014377,Todd Sauerbrun,P,1999,15,REG,1999_15_DET_CHI,CHI,DET,0,0,0,0,0,0,0,0,0,0,0,0,0,0,0,0,0,0,0,0,,0,0,0,0,0,0,0,0,3,84,84,35,1
00-0014450,Cory Schlesinger,FB,1999,15,REG,1999_15_DET_CHI,DET,CHI,0,0,0,0,0,0,0,3,7,0,1,0,0,1,0,0,0,0,0,0,,0,0,0,0,0,0,0,0,0,0,0,,0
00-0014489,Bill Schroeder,WR,1999,15,REG,1999_15_GB_MIN,GB,MIN,0,0,0,0,0,0,0,0,0,0,0,0,6,11,71,0,4,0,0,0,,0,0,0,0,0,0,0,0,0,0,0,,0
00-0014729,Bobby Shaw,WR,1999,15,REG,1999_15_PIT_KC,PIT,KC,0,0,0,0,0,0,0,0,0,0,0,0,3,4,69,1,2,0,0,0,,0,0,0,0,0,0,0,0,0,0,0,,0
00-0014753,Kenny Shedd,WR,1999,15,REG,1999_15_TB_OAK,LV,TB,0,0,0,0,0,0,0,0,0,0,0,0,0,1,0,0,0,0,0,0,,0,0,0,0,0,0,0,0,0,0,0,,0
00-0014775,Daimon Shelton,FB,1999,15,REG,1999_15_JAX_CLE,JAX,CLE,0,0,0,0,0,0,0,0,0,0,0,0,1,1,8,0,0,0,0,0,,0,0,0,0,0,0,0,0,0,0,0,,0
00-0014809,Paul Shields,RB,1999,15,REG,1999_15_WAS_IND,IND,WAS,0,0,0,0,0,0,0,0,0,0,0,0,0,1,0,0,0,0,0,0,,0,0,0,0,0,0,0,0,0,0,0,,0
00-0015048,David Sloan,TE,1999,15,REG,1999_15_DET_CHI,DET,CHI,0,0,0,0,0,0,0,0,0,0,0,0,5,6,49,0,2,0,0,0,,0,0,0,0,0,0,0,0,0,0,0,,0
00-0015063,Torrance Small,WR,1999,15,REG,1999_15_NE_PHI,PHI,NE,0,0,0,0,0,0,0,0,0,0,0,0,3,10,62,2,2,0,0,0,,0,0,0,0,0,0,0,0,0,0,0,,0
00-0015152,Detron Smith,RB,1999,15,REG,1999_15_SEA_DEN,DEN,SEA,0,0,0,0,0,0,0,0,0,0,0,0,2,3,7,0,0,0,0,0,,0,0,0,0,0,0,0,0,0,0,0,,0
00-0015165,Emmitt Smith,RB,1999,15,REG,1999_15_NYJ_DAL,DAL,NYJ,0,0,0,0,0,0,0,19,110,0,6,0,3,4,36,1,1,0,0,0,,0,0,0,0,0,0,0,0,0,0,0,,0
00-0015194,Hunter Smith,P,1999,15,REG,1999_15_WAS_IND,IND,WAS,0,0,0,0,0,0,0,0,0,0,0,0,0,0,0,0,0,0,0,0,,0,0,0,0,0,0,0,0,3,154,121,61,0
00-0015195,Irv Smith,TE,1999,15,REG,1999_15_JAX_CLE,CLE,JAX,0,0,0,0,0,0,0,0,0,0,0,0,4,8,36,0,2,0,0,0,,0,0,0,0,0,0,0,0,0,0,0,,0
00-0015218,Jimmy Smith,WR,1999,15,REG,1999_15_JAX_CLE,JAX,CLE,0,0,0,0,0,0,0,0,0,0,0,0,8,12,134,0,6,1,0,0,,0,0,0,0,0,0,0,0,0,0,0,,0
00-0015286,Robert Smith,RB,1999,15,REG,1999_15_GB_MIN,MIN,GB,0,0,0,0,0,0,0,19,54,0,2,0,0,2,0,0,0,0,0,0,,0,0,0,0,0,0,0,0,0,0,0,,0
00-0015290,Rod Smith,WR,1999,15,REG,1999_15_SEA_DEN,DEN,SEA,0,0,0,0,0,0,0,0,0,0,0,0,7,11,82,1,4,0,0,0,,0,0,0,0,0,0,0,0,0,0,0,,0
00-0015331,Troy Smith,WR,1999,15,REG,1999_15_NE_PHI,PHI,NE,0,0,0,0,0,0,0,0,0,0,0,0,1,1,14,0,1,0,0,0,,0,0,0,0,0,0,0,0,0,0,0,,0
00-0015452,Blake Spence,TE,1999,15,REG,1999_15_NYJ_DAL,NYJ,DAL,0,0,0,0,0,0,0,0,0,0,0,0,1,1,2,1,1,0,0,0,,0,0,0,0,0,0,0,0,0,0,0,,0
00-0015523,Duce Staley,RB,1999,15,REG,1999_15_NE_PHI,PHI,NE,0,0,0,0,0,0,0,29,93,0,2,0,0,2,0,0,0,0,0,0,,0,0,0,0,0,0,0,0,0,0,0,,0
00-0015550,Chad Stanley,P,1999,15,REG,1999_15_SF_CAR,SF,CAR,0,0,0,0,0,0,0,0,0,0,0,0,0,0,0,0,0,0,0,0,,0,0,0,0,0,0,0,0,2,77,57,54,0
00-0015700,Kordell Stewart,QB,1999,15,REG,1999_15_PIT_KC,PIT,KC,0,0,0,0,0,0,0,1,5,0,0,0,2,4,21,0,1,0,0,0,,0,0,0,0,0,0,0,0,0,0,0,,0
00-0015751,J.J. Stokes,WR,1999,15,REG,1999_15_SF_CAR,SF,CAR,0,0,0,0,0,0,0,0,0,0,0,0,1,1,5,0,0,0,0,0,,0,0,0,0,0,0,0,0,0,0,0,,0
00-0015784,Matt Stover,K,1999,15,REG,1999_15_NO_BAL,BAL,NO,0,0,0,0,0,0,0,0,0,0,0,0,0,0,0,0,0,0,1,1,36,0,0,1,0,0,0,4,4,0,0,0,,0
00-0015791,Pete Stoyanovich,K,1999,15,REG,1999_15_PIT_KC,KC,PIT,0,0,0,0,0,0,0,0,0,0,0,0,0,0,0,0,0,0,0,0,,0,0,0,0,0,0,5,5,0,0,0,,0
00-0015842,Dan Stryzinski,P,1999,15,REG,1999_15_ATL_TEN,ATL,TEN,0,0,0,0,0,0,0,0,0,0,0,0,0,0,0,0,0,0,0,0,,0,0,0,0,0,0,0,0,4,169,134,53,0
00-0016098,Fred Taylor,RB,1999,15,REG,1999_15_JAX_CLE,JAX,CLE,0,0,0,0,0,0,0,26,136,1,5,0,2,3,13,0,0,0,0,0,,0,0,0,0,0,0,0,0,0,0,0,,0
00-0016316,Robert Thomas,FB,1999,15,REG,1999_15_NYJ_DAL,DAL,NYJ,0,0,0,0,0,0,0,4,22,0,2,0,0,2,0,0,0,0,0,0,,0,0,0,0,0,0,0,0,0,0,0,,0
00-0016321,Rodney Thomas,RB,1999,15,REG,1999_15_ATL_TEN,TEN,ATL,0,0,0,0,0,0,0,0,0,0,0,0,1,1,26,0,1,0,0,0,,0,0,0,0,0,0,0,0,0,0,0,,0
00-0016331,Thurman Thomas,RB,1999,15,REG,1999_15_BUF_ARI,BUF,ARI,0,0,0,0,0,0,0,13,53,0,5,0,1,1,2,0,0,0,0,0,,0,0,0,0,0,0,0,0,0,0,0,,0
00-0016347,Jeff Thomason,TE,1999,15,REG,1999_15_GB_MIN,GB,MIN,0,0,0,0,0,0,0,0,0,0,0,0,2,2,31,1,2,0,0,0,,0,0,0,0,0,0,0,0,0,0,0,,0
00-0016440,James Thrash,WR,1999,15,REG,1999_15_WAS_IND,WAS,IND,0,0,0,0,0,0,0,0,0,0,0,0,0,1,0,0,0,0,0,0,,0,0,0,0,0,0,0,0,0,0,0,,0
00-0016534,Billy Joe Tolliver,QB,1999,15,REG,1999_15_NO_BAL,NO,BAL,16,35,207,1,3,2,-15,2,2,0,0,0,0,0,0,0,0,0,0,0,,0,0,0,0,0,0,0,0,0,0,0,,0
00-0016538,Mike Tomczak,QB,1999,15,REG,1999_15_PIT_KC,PIT,KC,23,46,278,2,4,2,-9,2,2,0,1,0,0,0,0,0,0,0,0,0,,0,0,0,0,0,0,0,0,0,0,0,,0
00-0016550,Amani Toomer,WR,1999,15,REG,1999_15_NYG_STL,NYG,LA,0,0,0,0,0,0,0,0,0,0,0,0,9,10,162,0,7,0,0,0,,0,0,0,0,0,0,0,0,0,0,0,,0
00-0016654,Jason Tucker,WR,1999,15,REG,1999_15_NYJ_DAL,DAL,NYJ,0,0,0,0,0,0,0,0,0,0,0,0,0,1,0,0,0,0,0,0,,0,0,0,0,0,0,0,0,0,0,0,,0
00-0016683,Tom Tupa,P,1999,15,REG,1999_15_NYJ_DAL,NYJ,DAL,0,1,0,0,0,0,0,0,0,0,0,0,0,0,0,0,0,0,0,0,,0,0,0,0,0,0,0,0,4,192,166,55,2
00-0016689,Matt Turk,P,1999,15,REG,1999_15_WAS_IND,WAS,IND,0,0,0,0,0,0,0,0,0,0,0,0,0,0,0,0,0,0,0,0,,0,0,0,0,0,0,0,0,4,179,155,51,2
00-0016830,Mike Vanderjagt,K,1999,15,REG,1999_15_WAS_IND,IND,WAS,0,0,0,0,0,0,0,0,0,0,0,0,0,0,0,0,0,0,1,1,43,0,0,0,1,0,0,3,3,0,0,0,,0
00-0016919,Adam Vinatieri,K,1999,15,REG,1999_15_NE_PHI,NE,PHI,0,0,0,0,0,0,0,0,0,0,0,0,0,0,0,0,0,0,3,4,46,0,1,0,2,0,0,0,0,0,0,0,,0
00-0017109,Wesley Walls,TE,1999,15,REG,1999_15_SF_CAR,CAR,SF,0,0,0,0,0,0,0,0,0,0,0,0,3,6,57,0,2,0,0,0,,0,0,0,0,0,0,0,0,0,0,0,,0
00-0017110,Chris Walsh,WR,1999,15,REG,1999_15_GB_MIN,MIN,GB,0,0,0,0,0,0,0,0,0,0,0,0,0,1,0,0,0,0,0,0,,0,0,0,0,0,0,0,0,0,0,0,,0
00-0017127,Ken Walter,P,1999,15,REG,1999_15_SF_CAR,CAR,SF,0,0,0,0,0,0,0,0,0,0,0,0,0,0,0,0,0,0,0,0,,0,0,0,0,0,0,0,0,2,56,55,31,0
00-0017160,Dedric Ward,WR,1999,15,REG,1999_15_NYJ_DAL,NYJ,DAL,0,0,0,0,0,0,0,0,0,0,0,0,1,2,10,0,1,0,0,0,,0,0,0,0,0,0,0,0,0,0,0,,0
00-0017162,Hines Ward,WR,1999,15,REG,1999_15_PIT_KC,PIT,KC,0,0,0,0,0,0,0,0,0,0,0,0,4,5,41,0,2,0,0,0,,0,0,0,0,0,0,0,0,0,0,0,,0
00-0017200,Kurt Warner,QB,1999,15,REG,1999_15_NYG_STL,LA,NYG,18,32,319,2,0,1,0,2,10,0,0,0,0,0,0,0,0,0,0,0,,0,0,0,0,0,0,0,0,0,0,0,,0
00-0017209,Chris Warren,RB,1999,15,REG,1999_15_NYJ_DAL,DAL,NYJ,0,0,0,0,0,0,0,5,20,0,1,0,2,3,6,0,0,0,0,0,,0,0,0,0,0,0,0,0,0,0,0,,0
00-0017218,Lamont Warren,RB,1999,15,REG,1999_15_NE_PHI,NE,PHI,0,0,0,0,0,0,0,9,22,0,2,0,3,3,31,0,1,0,0,0,,0,0,0,0,0,0,0,0,0,0,0,,0
00-0017301,Edwin Watson,RB,1999,15,REG,1999_15_NE_PHI,PHI,NE,0,0,0,0,0,0,0,3,11,0,0,0,0,0,0,0,0,0,0,0,,0,0,0,0,0,0,0,0,0,0,0,,0
00-0017322,Ricky Watters,RB,1999,15,REG,1999_15_SEA_DEN,SEA,DEN,0,0,0,0,0,0,0,16,115,1,4,0,3,4,20,0,0,0,0,0,,0,0,0,0,0,0,0,0,0,0,0,,0
00-0017470,Michael Westbrook,WR,1999,15,REG,1999_15_WAS_IND,WAS,IND,0,0,0,0,0,0,0,0,0,0,0,0,1,5,15,0,1,0,0,0,,0,0,0,0,0,0,0,0,0,0,0,,0
00-0017480,Ryan Wetnight,TE,1999,15,REG,1999_15_DET_CHI,CHI,DET,0,0,0,0,0,0,0,0,0,0,0,0,1,1,7,0,0,0,0,0,,0,0,0,0,0,0,0,0,0,0,0,,0
00-0017486,Tyrone Wheatley,RB,1999,15,REG,1999_15_TB_OAK,LV,TB,0,0,0,0,0,0,0,19,111,2,7,0,1,2,1,0,0,0,0,0,,0,0,0,0,0,0,0,0,0,0,0,,0
00-0017611,Alvis Whitted,WR,1999,15,REG,1999_15_JAX_CLE,JAX,CLE,0,0,0,0,0,0,0,0,0,0,0,0,0,1,0,0,0,0,0,0,,0,0,0,0,0,0,0,0,0,0,0,,0
00-0017693,Jeff Wilkins,K,1999,15,REG,1999_15_NYG_STL,LA,NYG,0,0,0,0,0,0,0,0,0,0,0,0,0,0,0,0,0,0,1,2,47,0,0,0,1,0,0,4,4,0,0,0,,0
00-0017697,Terrence Wilkins,WR,1999,15,REG,1999_15_WAS_IND,IND,WAS,0,0,0,0,0,0,0,0,0,0,0,0,2,2,18,0,0,0,0,0,,0,0,0,0,0,0,0,0,0,0,0,,0
00-0017847,Karl Williams,WR,1999,15,REG,1999_15_TB_OAK,TB,LV,0,0,0,0,0,0,0,0,0,0,0,0,4,6,44,0,1,0,0,0,,0,0,0,0,0,0,0,0,0,0,0,,0
00-0017860,Kevin R. Williams,WR,1999,15,REG,1999_15_BUF_ARI,BUF,ARI,0,0,0,0,0,0,0,0,0,0,0,0,2,3,19,0,1,0,0,0,,0,0,0,0,0,0,0,0,0,0,0,,0
00-0017924,Roland Williams,TE,1999,15,REG,1999_15_NYG_STL,LA,NYG,0,0,0,0,0,0,0,0,0,0,0,0,1,3,4,0,0,0,0,0,,0,0,0,0,0,0,0,0,0,0,0,,0
00-0018141,Jon Witman,FB,1999,15,REG,1999_15_PIT_KC,PIT,KC,0,0,0,0,0,0,0,0,0,0,0,0,2,2,25,0,1,0,0,0,,0,0,0,0,0,0,0,0,0,0,0,,0
00-0018333,Danny Wuerffel,QB,1999,15,REG,1999_15_NO_BAL,NO,BAL,5,11,45,0,1,0,0,0,0,0,0,0,0,0,0,0,0,0,0,0,,0,0,0,0,0,0,0,0,0,0,0,,0
00-0018343,Frank Wycheck,TE,1999,15,REG,1999_15_ATL_TEN,TEN,ATL,1,1,61,1,0,0,0,0,0,0,0,0,2,5,29,0,2,0,0,0,,0,0,0,0,0,0,0,0,0,0,0,,0
00-0018608,Reggie Davis,TE,1999,15,REG,1999_15_SD_MIA,LAC,MIA,0,0,0,0,0,0,0,0,0,0,0,0,1,1,26,0,1,0,0,0,,0,0,0,0,0,0,0,0,0,0,0,,0
00-0000003,Abdul-Karim al-Jabbar,RB,1999,16,REG,1999_16_IND_CLE,CLE,IND,0,0,0,0,0,0,0,19,84,0,4,0,2,3,7,0,0,0,0,0,,0,0,0,0,0,0,0,0,0,0,0,,0
00-0000098,Louie Aguiar,P,1999,16,REG,1999_16_GB_TB,GB,TB,0,0,0,0,0,0,0,0,0,0,0,0,0,0,0,0,0,0,0,0,,0,0,0,0,0,0,0,0,6,216,180,39,1
00-0000104,Troy Aikman,QB,1999,16,REG,1999_16_DAL_NO,DAL,NO,23,39,246,2,2,0,0,0,0,0,0,0,0,0,0,0,0,0,0,0,,0,0,0,0,0,0,0,0,0,0,0,,0
00-0000145,Derrick Alexander,WR,1999,16,REG,1999_16_KC_SEA,KC,SEA,0,0,0,0,0,0,0,0,0,0,0,0,4,8,42,0,2,0,0,0,,0,0,0,0,0,0,0,0,0,0,0,,0
00-0000166,Stephen Alexander,TE,1999,16,REG,1999_16_WAS_SF,WAS,SF,0,0,0,0,0,0,0,0,0,0,0,0,2,5,7,0,0,0,0,0,,0,0,0,0,0,0,0,0,0,0,0,,0
00-0000210,James Allen,RB,1999,16,REG,1999_16_CHI_STL,CHI,LA,0,0,0,0,0,0,0,6,30,0,2,0,5,5,63,0,4,0,0,0,,0,0,0,0,0,0,0,0,0,0,0,,0
00-0000232,Terry Allen,RB,1999,16,REG,1999_16_BUF_NE,NE,BUF,0,0,0,0,0,0,0,27,126,1,6,1,0,1,0,0,0,0,0,0,,0,0,0,0,0,0,0,0,0,0,0,,0
00-0000242,John Allred,TE,1999,16,REG,1999_16_CHI_STL,CHI,LA,0,0,0,0,0,0,0,0,0,0,0,0,2,2,34,0,1,0,0,0,,0,0,0,0,0,0,0,0,0,0,0,,0
00-0000251,Mike Alstott,FB,1999,16,REG,1999_16_GB_TB,TB,GB,0,0,0,0,0,0,0,19,79,2,5,0,1,2,3,0,0,0,0,0,,0,0,0,0,0,0,0,0,0,0,0,,0
00-0000282,Morten Andersen,K,1999,16,REG,1999_16_ARI_ATL,ATL,ARI,0,0,0,0,0,0,0,0,0,0,0,0,0,0,0,0,0,0,3,3,41,0,2,0,1,0,0,4,4,0,0,0,,0
00-0000313,Gary Anderson,K,1999,16,REG,1999_16_MIN_NYG,MIN,NYG,0,0,0,0,0,0,0,0,0,0,0,0,0,0,0,0,0,0,0,0,,0,0,0,0,0,0,4,4,0,0,0,,0
00-0000339,Richie Anderson,FB,1999,16,REG,1999_16_NYJ_MIA,NYJ,MIA,0,0,0,0,0,0,0,2,15,0,1,0,1,3,4,0,0,0,0,0,,0,0,0,0,0,0,0,0,0,0,0,,0
00-0000387,Reidel Anthony,WR,1999,16,REG,1999_16_GB_TB,TB,GB,0,0,0,0,0,0,0,0,0,0,0,0,1,3,8,0,1,0,0,0,,0,0,0,0,0,0,0,0,0,0,0,,0
00-0000400,Leo Araguz,P,1999,16,REG,1999_16_OAK_SD,LV,LAC,0,0,0,0,0,0,0,0,0,0,0,0,0,0,0,0,0,0,0,0,,0,0,0,0,0,0,0,0,4,163,120,53,0
00-0000422,Justin Armour,WR,1999,16,REG,1999_16_CIN_BAL,BAL,CIN,0,0,0,0,0,0,0,0,0,0,0,0,0,2,0,0,0,0,0,0,,0,0,0,0,0,0,0,0,0,0,0,,0
00-0000627,Eugene Baker,WR,1999,16,REG,1999_16_ARI_ATL,ATL,ARI,0,0,0,0,0,0,0,0,0,0,0,0,2,5,52,0,2,0,0,0,,0,0,0,0,0,0,0,0,0,0,0,,0
00-0000722,Tony Banks,QB,1999,16,REG,1999_16_CIN_BAL,BAL,CIN,15,33,187,1,1,1,-6,2,1,0,0,0,0,0,0,0,0,0,0,0,,0,0,0,0,0,0,0,0,0,0,0,,0
00-0000745,Tiki Barber,RB,1999,16,REG,1999_16_MIN_NYG,NYG,MIN,0,0,0,0,0,0,0,5,11,0,1,0,8,12,56,0,3,0,0,0,,0,0,0,0,0,0,0,0,0,0,0,,0
00-0000754,Bryan Barker,P,1999,16,REG,1999_16_JAX_TEN,JAX,TEN,0,0,0,0,0,0,0,0,0,0,0,0,0,0,0,0,0,0,0,0,,0,0,0,0,0,0,0,0,6,231,215,49,0
00-0000811,Tommy Barnhardt,P,1999,16,REG,1999_16_DAL_NO,NO,DAL,0,0,0,0,0,0,0,0,0,0,0,0,0,0,0,0,0,0,0,0,,0,0,0,0,0,0,0,0,5,220,180,50,1
00-0000856,Michael Basnight,RB,1999,16,REG,1999_16_CIN_BAL,CIN,BAL,0,0,0,0,0,0,0,10,41,0,2,0,2,2,4,0,1,0,0,0,,0,0,0,0,0,0,0,0,0,0,0,,0
00-0000865,Charlie Batch,QB,1999,16,REG,1999_16_DEN_DET,DET,DEN,21,39,267,1,0,5,-25,2,9,0,1,0,0,0,0,0,0,0,0,0,,0,0,0,0,0,0,0,0,0,0,0,,0
00-0000869,D'Wayne Bates,WR,1999,16,REG,1999_16_CHI_STL,CHI,LA,0,0,0,0,0,0,0,0,0,0,0,0,0,3,0,0,0,0,0,0,,0,0,0,0,0,0,0,0,0,0,0,,0
00-0000871,Mario Bates,RB,1999,16,REG,1999_16_ARI_ATL,ARI,ATL,0,0,0,0,0,0,0,14,39,2,4,0,1,2,-2,0,0,0,0,0,,0,0,0,0,0,0,0,0,0,0,0,,0
00-0000911,Fred Baxter,TE,1999,16,REG,1999_16_NYJ_MIA,NYJ,MIA,0,0,0,0,0,0,0,0,0,0,0,0,1,4,14,0,1,0,0,0,,0,0,0,0,0,0,0,0,0,0,0,,0
00-0000942,Fred Beasley,FB,1999,16,REG,1999_16_WAS_SF,SF,WAS,0,0,0,0,0,0,0,12,65,0,2,0,2,4,6,0,0,0,0,0,,0,0,0,0,0,0,0,0,0,0,0,,0
00-0001101,Darren Bennett,P,1999,16,REG,1999_16_OAK_SD,LAC,LV,0,0,0,0,0,0,0,1,0,0,0,0,0,0,0,0,0,0,0,0,,0,0,0,0,0,0,0,0,4,210,162,57,2
00-0001102,Donnell Bennett,FB,1999,16,REG,1999_16_KC_SEA,KC,SEA,0,0,0,0,0,0,0,5,14,0,1,0,0,0,0,0,0,0,0,0,,0,0,0,0,0,0,0,0,0,0,0,,0
00-0001103,Edgar Bennett,RB,1999,16,REG,1999_16_CHI_STL,CHI,LA,0,0,0,0,0,0,0,0,0,0,0,0,0,1,0,0,0,0,0,0,,0,0,0,0,0,0,0,0,0,0,0,,0
00-0001157,Mitch Berger,P,1999,16,REG,1999_16_MIN_NYG,MIN,NYG,0,0,0,0,0,0,0,0,0,0,0,0,0,0,0,0,0,0,0,0,,0,0,0,0,0,0,0,0,4,169,154,51,3
00-0001215,Jerome Bettis,RB,1999,16,REG,1999_16_CAR_PIT,PIT,CAR,0,0,0,0,0,0,0,33,137,1,11,0,1,1,-3,0,0,0,0,0,,0,0,0,0,0,0,0,0,0,0,0,,0
00-0001218,Steve Beuerlein,QB,1999,16,REG,1999_16_CAR_PIT,CAR,PIT,18,35,263,2,1,1,-7,1,14,0,1,0,0,0,0,0,0,0,0,0,,0,0,0,0,0,0,0,0,0,0,0,,0
00-0001281,Eric Bjornson,TE,1999,16,REG,1999_16_DAL_NO,DAL,NO,0,0,0,0,0,0,0,0,0,0,0,0,2,4,22,0,1,0,0,0,,0,0,0,0,0,0,0,0,0,0,0,,0
00-0001335,Jeff Blake,QB,1999,16,REG,1999_16_CIN_BAL,CIN,BAL,20,37,187,0,2,7,-39,4,22,0,2,0,0,0,0,0,0,0,0,0,,0,0,0,0,0,0,0,0,0,0,0,,0
00-0001343,Cary Blanchard,K,1999,16,REG,1999_16_MIN_NYG,NYG,MIN,0,0,0,0,0,0,0,0,0,0,0,0,0,0,0,0,0,0,3,4,43,0,1,0,2,0,0,0,0,0,0,0,,0
00-0001361,Drew Bledsoe,QB,1999,16,REG,1999_16_BUF_NE,NE,BUF,10,20,101,0,0,6,-34,3,26,0,1,0,0,0,0,0,0,0,0,0,,0,0,0,0,0,0,0,0,0,0,0,,0
00-0001397,Orlando Bobo,G,1999,16,REG,1999_16_IND_CLE,CLE,IND,0,0,0,0,0,0,0,0,0,0,0,0,1,1,3,0,0,0,0,0,,0,0,0,0,0,0,0,0,0,0,0,,0
00-0001460,Chris Boniol,K,1999,16,REG,1999_16_CHI_STL,CHI,LA,0,0,0,0,0,0,0,0,0,0,0,0,0,0,0,0,0,0,0,0,,0,0,0,0,0,0,0,1,0,0,0,,0
00-0001477,Marty Booker,WR,1999,16,REG,1999_16_CHI_STL,CHI,LA,0,0,0,0,0,0,0,0,0,0,0,0,1,6,8,0,1,0,0,0,,0,0,0,0,0,0,0,0,0,0,0,,0
00-0001532,David Boston,WR,1999,16,REG,1999_16_ARI_ATL,ARI,ATL,0,0,0,0,0,0,0,0,0,0,0,0,3,5,32,0,1,0,0,0,,0,0,0,0,0,0,0,0,0,0,0,,0
00-0001627,Corey Bradford,WR,1999,16,REG,1999_16_GB_TB,GB,TB,0,0,0,0,0,0,0,0,0,0,0,0,2,8,28,0,1,0,0,0,,0,0,0,0,0,0,0,0,0,0,0,,0
00-0001661,Kyle Brady,TE,1999,16,REG,1999_16_JAX_TEN,JAX,TEN,0,0,0,0,0,0,0,0,0,0,0,0,3,5,32,0,1,0,0,0,,0,0,0,0,0,0,0,0,0,0,0,,0
00-0001719,Chris Brazzell,WR,1999,16,REG,1999_16_DAL_NO,DAL,NO,0,0,0,0,0,0,0,0,0,0,0,0,1,4,21,0,1,0,0,0,,0,0,0,0,0,0,0,0,0,0,0,,0
00-0001759,Doug Brien,K,1999,16,REG,1999_16_DAL_NO,NO,DAL,0,0,0,0,0,0,0,0,0,0,0,0,0,0,0,0,0,0,1,1,32,0,0,1,0,0,0,4,4,0,0,0,,0
00-0001766,Jeremy Brigham,TE,1999,16,REG,1999_16_OAK_SD,LV,LAC,0,0,0,0,0,0,0,0,0,0,0,0,0,1,0,0,0,0,0,0,,0,0,0,0,0,0,0,0,0,0,0,,0
00-0001783,Vincent Brisby,WR,1999,16,REG,1999_16_BUF_NE,NE,BUF,0,0,0,0,0,0,0,0,0,0,0,0,4,6,45,0,3,0,0,0,,0,0,0,0,0,0,0,0,0,0,0,,0
00-0001980,Kris Brown,K,1999,16,REG,1999_16_CAR_PIT,PIT,CAR,0,0,0,0,0,0,0,0,0,0,0,0,0,0,0,0,0,0,1,1,46,0,0,0,1,0,0,3,3,0,0,0,,0
00-0002027,Reggie Brown,FB,1999,16,REG,1999_16_KC_SEA,SEA,KC,0,0,0,0,0,0,0,0,0,0,0,0,2,3,16,0,2,0,0,0,,0,0,0,0,0,0,0,0,0,0,0,,0
00-0002058,Tim Brown,WR,1999,16,REG,1999_16_OAK_SD,LV,LAC,0,0,0,0,0,0,0,0,0,0,0,0,3,6,109,0,3,0,0,0,,0,0,0,0,0,0,0,0,0,0,0,,0
00-0002068,Troy Brown,WR,1999,16,REG,1999_16_BUF_NE,NE,BUF,0,0,0,0,0,0,0,0,0,0,0,0,1,2,-3,0,0,0,0,0,,0,0,0,0,0,0,0,0,0,0,0,,0
00-0002099,Isaac Bruce,WR,1999,16,REG,1999_16_CHI_STL,LA,CHI,0,0,0,0,0,0,0,2,11,0,1,0,4,5,45,1,2,0,0,0,,0,0,0,0,0,0,0,0,0,0,0,,0
00-0002110,Mark Brunell,QB,1999,16,REG,1999_16_JAX_TEN,JAX,TEN,4,11,95,0,1,1,-6,1,14,0,1,0,0,0,0,0,0,0,0,0,,0,0,0,0,0,0,0,0,0,0,0,,0
00-0002469,Isaac Byrd,WR,1999,16,REG,1999_16_JAX_TEN,TEN,JAX,0,0,0,0,0,0,0,0,0,0,0,0,2,3,71,1,2,0,0,0,,0,0,0,0,0,0,0,0,0,0,0,,0
00-0002655,John Carney,K,1999,16,REG,1999_16_OAK_SD,LAC,LV,0,0,0,0,0,0,0,0,0,0,0,0,0,0,0,0,0,0,3,3,48,1,0,1,1,0,0,2,2,0,0,0,,0
00-0002709,Dwayne Carswell,OT,1999,16,REG,1999_16_DEN_DET,DEN,DET,0,0,0,0,0,0,0,0,0,0,0,0,6,7,35,1,1,0,0,0,,0,0,0,0,0,0,0,0,0,0,0,,0
00-0002721,Cris Carter,WR,1999,16,REG,1999_16_MIN_NYG,MIN,NYG,0,0,0,0,0,0,0,0,0,0,0,0,5,6,131,1,5,0,0,0,,0,0,0,0,0,0,0,0,0,0,0,,0
00-0002846,Larry Centers,FB,1999,16,REG,1999_16_WAS_SF,WAS,SF,0,0,0,0,0,0,0,1,12,0,1,0,7,7,66,1,2,0,0,0,,0,0,0,0,0,0,0,0,0,0,0,,0
00-0002861,Byron Chamberlain,TE,1999,16,REG,1999_16_DEN_DET,DEN,DET,0,0,0,0,0,0,0,0,0,0,0,0,4,4,52,0,2,0,0,0,,0,0,0,0,0,0,0,0,0,0,0,,0
00-0002876,Chris Chandler,QB,1999,16,REG,1999_16_ARI_ATL,ATL,ARI,14,23,230,1,0,0,0,1,0,0,0,0,0,0,0,0,0,0,0,0,,0,0,0,0,0,0,0,0,0,0,0,,0
00-0002942,Darrin Chiaverini,WR,1999,16,REG,1999_16_IND_CLE,CLE,IND,0,0,0,0,0,0,0,0,0,0,0,0,3,6,40,1,2,0,0,0,,0,0,0,0,0,0,0,0,0,0,0,,0
00-0002962,Wayne Chrebet,WR,1999,16,REG,1999_16_NYJ_MIA,NYJ,MIA,0,0,0,0,0,0,0,0,0,0,0,0,3,4,62,1,1,0,0,0,,0,0,0,0,0,0,0,0,0,0,0,,0
00-0002970,Bob Christian,FB,1999,16,REG,1999_16_ARI_ATL,ATL,ARI,0,0,0,0,0,0,0,9,54,2,4,0,3,5,46,0,1,0,0,0,,0,0,0,0,0,0,0,0,0,0,0,,0
00-0002975,Steve Christie,K,1999,16,REG,1999_16_BUF_NE,BUF,NE,0,0,0,0,0,0,0,0,0,0,0,0,0,0,0,0,0,0,2,2,39,0,1,1,0,0,0,1,1,0,0,0,,0
00-0003039,Greg Clark,TE,1999,16,REG,1999_16_WAS_SF,SF,WAS,0,0,0,0,0,0,0,0,0,0,0,0,4,8,46,0,4,0,0,0,,0,0,0,0,0,0,0,0,0,0,0,,0
00-0003103,Cameron Cleeland,TE,1999,16,REG,1999_16_DAL_NO,NO,DAL,0,0,0,0,0,0,0,0,0,0,0,0,1,2,5,0,0,0,0,0,,0,0,0,0,0,0,0,0,0,0,0,,0
00-0003136,Mike Cloud,RB,1999,16,REG,1999_16_KC_SEA,KC,SEA,0,0,0,0,0,0,0,2,6,0,0,0,0,0,0,0,0,0,0,0,,0,0,0,0,0,0,0,0,0,0,0,,0
00-0003142,Ben Coates,TE,1999,16,REG,1999_16_BUF_NE,NE,BUF,0,0,0,0,0,0,0,0,0,0,0,0,1,1,20,0,1,0,0,0,,0,0,0,0,0,0,0,0,0,0,0,,0
00-0003266,Bobby Collins,TE,1999,16,REG,1999_16_BUF_NE,BUF,NE,0,0,0,0,0,0,0,0,0,0,0,0,1,2,11,0,1,0,0,0,,0,0,0,0,0,0,0,0,0,0,0,,0
00-0003292,Kerry Collins,QB,1999,16,REG,1999_16_MIN_NYG,NYG,MIN,31,51,297,1,1,5,-29,3,10,0,0,0,0,0,0,0,0,0,0,0,,0,0,0,0,0,0,0,0,0,0,0,,0
00-0003310,Ryan Collins,TE,1999,16,REG,1999_16_CIN_BAL,BAL,CIN,0,0,0,0,0,0,0,0,0,0,0,0,3,5,41,0,1,0,0,0,,0,0,0,0,0,0,0,0,0,0,0,,0
00-0003378,Albert Connell,WR,1999,16,REG,1999_16_WAS_SF,WAS,SF,0,0,0,0,0,0,0,0,0,0,0,0,5,8,106,0,3,0,0,0,,0,0,0,0,0,0,0,0,0,0,0,,0
00-0003395,Brett Conway,K,1999,16,REG,1999_16_WAS_SF,WAS,SF,0,0,0,0,0,0,0,0,0,0,0,0,0,0,0,0,0,0,2,2,47,0,0,1,1,0,0,2,2,0,0,0,,0
00-0003400,Ernie Conwell,TE,1999,16,REG,1999_16_CHI_STL,LA,CHI,0,0,0,0,0,0,0,0,0,0,0,0,0,1,0,0,0,0,0,0,,0,0,0,0,0,0,0,0,0,0,0,,0
00-0003512,Brad Costello,P,1999,16,REG,1999_16_CIN_BAL,CIN,BAL,0,0,0,0,0,0,0,0,0,0,0,0,0,0,0,0,0,0,0,0,,0,0,0,0,0,0,0,0,6,175,128,39,0
00-0003610,Aaron Craver,FB,1999,16,REG,1999_16_DAL_NO,NO,DAL,0,0,0,0,0,0,0,3,6,0,0,0,0,0,0,0,0,0,0,0,,0,0,0,0,0,0,0,0,0,0,0,,0
00-0003663,Zack Crockett,RB,1999,16,REG,1999_16_OAK_SD,LV,LAC,0,0,0,0,0,0,0,2,3,1,2,0,0,1,0,0,0,0,0,0,,0,0,0,0,0,0,0,0,0,0,0,,0
00-0003681,Howard Cross,TE,1999,16,REG,1999_16_MIN_NYG,NYG,MIN,0,0,0,0,0,0,0,0,0,0,0,0,2,2,4,0,0,0,0,0,,0,0,0,0,0,0,0,0,0,0,0,,0
00-0003700,Germane Crowell,WR,1999,16,REG,1999_16_DEN_DET,DET,DEN,0,0,0,0,0,0,0,1,8,0,1,0,5,9,95,0,5,0,0,0,,0,0,0,0,0,0,0,0,0,0,0,,0
00-0003762,Richie Cunningham,K,1999,16,REG,1999_16_CAR_PIT,CAR,PIT,0,0,0,0,0,0,0,0,0,0,0,0,0,0,0,0,0,0,0,0,,0,0,0,0,0,0,2,3,0,0,0,,0
00-0003803,Matt Cushing,TE,1999,16,REG,1999_16_CAR_PIT,PIT,CAR,0,0,0,0,0,0,0,0,0,0,0,0,0,3,0,0,0,0,0,0,,0,0,0,0,0,0,0,0,0,0,0,,0
00-0003944,Billy Davis,WR,1999,16,REG,1999_16_CIN_BAL,BAL,CIN,0,0,0,0,0,0,0,0,0,0,0,0,0,1,0,0,0,0,0,0,,0,0,0,0,0,0,0,0,0,0,0,,0
00-0004063,Tyrone Davis,TE,1999,16,REG,1999_16_GB_TB,GB,TB,0,0,0,0,0,0,0,0,0,0,0,0,0,1,0,0,0,0,0,0,,0,0,0,0,0,0,0,0,0,0,0,,0
00-0004071,Zola Davis,WR,1999,16,REG,1999_16_IND_CLE,CLE,IND,0,0,0,0,0,0,0,0,0,0,0,0,1,2,13,0,1,0,0,0,,0,0,0,0,0,0,0,0,0,0,0,,0
00-0004077,Sean Dawkins,WR,1999,16,REG,1999_16_KC_SEA,SEA,KC,0,0,0,0,0,0,0,0,0,0,0,0,4,8,70,1,4,0,0,0,,0,0,0,0,0,0,0,0,0,0,0,,0
00-0004079,Lawrence Dawsey,WR,1999,16,REG,1999_16_DAL_NO,NO,DAL,0,0,0,0,0,0,0,0,0,0,0,0,0,1,0,0,0,0,0,0,,0,0,0,0,0,0,0,0,0,0,0,,0
00-0004091,Phil Dawson,K,1999,16,REG,1999_16_IND_CLE,CLE,IND,0,0,0,0,0,0,0,0,0,0,0,0,0,0,0,0,0,0,0,0,,0,0,0,0,0,0,4,4,0,0,0,,0
00-0004147,Al Del Greco,K,1999,16,REG,1999_16_JAX_TEN,TEN,JAX,0,0,0,0,0,0,0,0,0,0,0,0,0,0,0,0,0,0,2,2,30,0,1,1,0,0,0,5,5,0,0,0,,0
00-0004161,Jake Delhomme,QB,1999,16,REG,1999_16_DAL_NO,NO,DAL,16,27,278,2,1,3,-29,3,-6,1,1,0,0,0,0,0,0,0,0,0,,0,0,0,0,0,0,0,0,0,0,0,,0
00-0004172,Greg DeLong,TE,1999,16,REG,1999_16_CIN_BAL,BAL,CIN,0,0,0,0,0,0,0,0,0,0,0,0,0,2,0,0,0,0,0,0,,0,0,0,0,0,0,0,0,0,0,0,,0
00-0004230,Ty Detmer,QB,1999,16,REG,1999_16_IND_CLE,CLE,IND,15,26,173,1,0,0,0,1,8,1,1,0,0,0,0,0,0,0,0,0,,0,0,0,0,0,0,0,0,0,0,0,,0
00-0004294,Ken Dilger,TE,1999,16,REG,1999_16_IND_CLE,IND,CLE,0,0,0,0,0,0,0,0,0,0,0,0,4,5,56,0,4,0,0,0,,0,0,0,0,0,0,0,0,0,0,0,,0
00-0004304,Corey Dillon,RB,1999,16,REG,1999_16_CIN_BAL,CIN,BAL,0,0,0,0,0,0,0,10,27,0,1,0,5,7,30,0,2,0,0,0,,0,0,0,0,0,0,0,0,0,0,0,,0
00-0004574,Rickey Dudley,TE,1999,16,REG,1999_16_OAK_SD,LV,LAC,0,0,0,0,0,0,0,0,0,0,0,0,4,8,43,1,3,0,0,0,,0,0,0,0,0,0,0,0,0,0,0,,0
00-0004640,Warrick Dunn,RB,1999,16,REG,1999_16_GB_TB,TB,GB,0,0,0,0,0,0,0,13,25,0,1,0,6,7,48,1,4,0,0,0,,0,0,0,0,0,0,0,0,0,0,0,,0
00-0004673,Tim Dwight,WR,1999,16,REG,1999_16_ARI_ATL,ATL,ARI,0,0,0,0,0,0,0,0,0,0,0,0,3,4,52,0,3,0,0,0,,0,0,0,0,0,0,0,0,0,0,0,,0
00-0004694,Kevin Dyson,WR,1999,16,REG,1999_16_JAX_TEN,TEN,JAX,0,0,0,0,0,0,0,0,0,0,0,0,5,6,58,1,2,0,0,0,,0,0,0,0,0,0,0,0,0,0,0,,0
00-0004705,Quinn Early,WR,1999,16,REG,1999_16_NYJ_MIA,NYJ,MIA,0,0,0,0,0,0,0,0,0,0,0,0,0,1,0,0,0,0,0,0,,0,0,0,0,0,0,0,0,0,0,0,,0
00-0004768,Marc Edwards,FB,1999,16,REG,1999_16_IND_CLE,CLE,IND,0,0,0,0,0,0,0,1,28,0,1,0,1,1,25,0,1,0,0,0,,0,0,0,0,0,0,0,0,0,0,0,,0
00-0004780,Troy Edwards,WR,1999,16,REG,1999_16_CAR_PIT,PIT,CAR,0,0,0,0,0,0,0,0,0,0,0,0,3,4,36,0,3,0,0,0,,0,0,0,0,0,0,0,0,0,0,0,,0
00-0004811,Jason Elam,K,1999,16,REG,1999_16_DEN_DET,DEN,DET,0,0,0,0,0,0,0,0,0,0,0,0,0,0,0,0,0,0,1,1,32,0,0,1,0,0,0,2,2,0,0,0,,0
00-0004888,Bert Emanuel,WR,1999,16,REG,1999_16_GB_TB,TB,GB,0,0,0,0,0,0,0,0,0,0,0,0,4,6,24,0,0,0,0,0,,0,0,0,0,0,0,0,0,0,0,0,,0
00-0004915,Bobby Engram,WR,1999,16,REG,1999_16_CHI_STL,CHI,LA,0,0,0,0,0,0,0,0,0,0,0,0,13,17,143,2,8,0,0,0,,0,0,0,0,0,0,0,0,0,0,0,,0
00-0004916,Curtis Enis,RB,1999,16,REG,1999_16_CHI_STL,CHI,LA,0,0,0,0,0,0,0,7,21,0,0,0,0,2,0,0,0,0,0,0,,0,0,0,0,0,0,0,0,0,0,0,,0
00-0004972,Chuck Evans,RB,1999,16,REG,1999_16_CIN_BAL,BAL,CIN,0,0,0,0,0,0,0,3,4,0,0,0,2,2,9,0,0,0,0,0,,0,0,0,0,0,0,0,0,0,0,0,,0
00-0005092,Marshall Faulk,RB,1999,16,REG,1999_16_CHI_STL,LA,CHI,0,0,0,0,0,0,0,10,54,0,2,0,12,13,204,1,7,0,0,0,,0,0,0,0,0,0,0,0,0,0,0,,0
00-0005101,Christian Fauria,TE,1999,16,REG,1999_16_KC_SEA,SEA,KC,0,0,0,0,0,0,0,0,0,0,0,0,6,6,84,0,4,0,0,0,,0,0,0,0,0,0,0,0,0,0,0,,0
00-0005106,Brett Favre,QB,1999,16,REG,1999_16_GB_TB,GB,TB,25,48,234,1,2,1,-3,2,8,0,1,0,0,0,0,0,0,0,0,0,,0,0,0,0,0,0,0,0,0,0,0,,0
00-0005110,Jermaine Fazande,RB,1999,16,REG,1999_16_OAK_SD,LAC,LV,0,0,0,0,0,0,0,14,44,0,1,0,0,0,0,0,0,0,0,0,,0,0,0,0,0,0,0,0,0,0,0,,0
00-0005113,Jeff Feagles,P,1999,16,REG,1999_16_KC_SEA,SEA,KC,0,0,0,0,0,0,0,0,0,0,0,0,0,0,0,0,0,0,0,0,,0,0,0,0,0,0,0,0,9,352,322,58,6
00-0005180,Jay Fiedler,QB,1999,16,REG,1999_16_JAX_TEN,JAX,TEN,8,22,101,0,2,3,-18,1,7,0,1,0,0,0,0,0,0,0,0,0,,0,0,0,0,0,0,0,0,0,0,0,,0
00-0005324,Terrell Fletcher,RB,1999,16,REG,1999_16_OAK_SD,LAC,LV,0,0,0,0,0,0,0,0,0,0,0,0,7,9,45,0,2,0,0,0,,0,0,0,0,0,0,0,0,0,0,0,,0
00-0005361,William Floyd,FB,1999,16,REG,1999_16_CAR_PIT,CAR,PIT,0,0,0,0,0,0,0,1,4,0,1,0,4,5,32,0,2,0,0,0,,0,0,0,0,0,0,0,0,0,0,0,,0
00-0005363,Doug Flutie,QB,1999,16,REG,1999_16_BUF_NE,BUF,NE,22,35,212,0,0,3,-6,6,44,0,3,0,0,0,0,0,0,0,0,0,,0,0,0,0,0,0,0,0,0,0,0,,0
00-0005532,,,1999,16,REG,1999_16_DAL_NO,NO,DAL,0,0,0,0,0,0,0,0,0,0,0,0,1,1,5,0,0,0,0,0,,0,0,0,0,0,0,0,0,0,0,0,,0
00-0005562,Antonio Freeman,WR,1999,16,REG,1999_16_GB_TB,GB,TB,0,0,0,0,0,0,0,0,0,0,0,0,5,9,72,0,4,0,0,0,,0,0,0,0,0,0,0,0,0,0,0,,0
00-0005616,Irving Fryar,WR,1999,16,REG,1999_16_WAS_SF,WAS,SF,0,0,0,0,0,0,0,0,0,0,0,0,4,5,60,0,4,0,0,0,,0,0,0,0,0,0,0,0,0,0,0,,0
00-0005668,Oronde Gadsden,WR,1999,16,REG,1999_16_NYJ_MIA,MIA,NYJ,0,0,0,0,0,0,0,0,0,0,0,0,2,8,53,0,2,0,0,0,,0,0,0,0,0,0,0,0,0,0,0,,0
00-0005720,Joey Galloway,WR,1999,16,REG,1999_16_KC_SEA,SEA,KC,0,0,0,0,0,0,0,0,0,0,0,0,2,5,7,0,0,0,0,0,,0,0,0,0,0,0,0,0,0,0,0,,0
00-0005741,Rich Gannon,QB,1999,16,REG,1999_16_OAK_SD,LV,LAC,16,33,266,1,1,3,-18,3,17,0,0,0,0,0,0,0,0,0,0,0,,0,0,0,0,0,0,0,0,0,0,0,,0
00-0005755,Jeff Garcia,QB,1999,16,REG,1999_16_WAS_SF,SF,WAS,17,29,168,1,1,0,0,4,40,0,1,0,0,0,0,0,0,0,0,0,,0,0,0,0,0,0,0,0,0,0,0,,0
00-0005771,Chris Gardocki,P,1999,16,REG,1999_16_IND_CLE,CLE,IND,0,0,0,0,0,0,0,0,0,0,0,0,0,0,0,0,0,0,0,0,,0,0,0,0,0,0,0,0,6,259,203,50,2
00-0005779,Charlie Garner,RB,1999,16,REG,1999_16_WAS_SF,SF,WAS,0,0,0,0,0,0,0,16,129,1,7,0,3,4,39,0,2,0,0,0,,0,0,0,0,0,0,0,0,0,0,0,,0
00-0005816,Olandis Gary,RB,1999,16,REG,1999_16_DEN_DET,DEN,DET,0,0,0,0,0,0,0,29,185,1,9,0,0,0,0,0,0,0,0,0,,0,0,0,0,0,0,0,0,0,0,0,,0
00-0005822,Sam Gash,FB,1999,16,REG,1999_16_BUF_NE,BUF,NE,0,0,0,0,0,0,0,0,0,0,0,0,3,4,19,0,1,0,0,0,,0,0,0,0,0,0,0,0,0,0,0,,0
00-0005883,Eddie George,RB,1999,16,REG,1999_16_JAX_TEN,TEN,JAX,0,0,0,0,0,0,0,26,102,0,5,0,3,5,37,0,1,0,0,0,,0,0,0,0,0,0,0,0,0,0,0,,0
00-0005885,Jeff George,QB,1999,16,REG,1999_16_MIN_NYG,MIN,NYG,10,21,185,0,2,1,-8,1,4,0,0,0,0,0,0,0,0,0,0,0,,0,0,0,0,0,0,0,0,0,0,0,,0
00-0006047,Andrew Glover,TE,1999,16,REG,1999_16_MIN_NYG,MIN,NYG,0,0,0,0,0,0,0,0,0,0,0,0,2,4,28,0,2,0,0,0,,0,0,0,0,0,0,0,0,0,0,0,,0
00-0006101,Tony Gonzalez,TE,1999,16,REG,1999_16_KC_SEA,KC,SEA,0,0,0,0,0,0,0,0,0,0,0,0,9,14,86,0,6,0,0,0,,0,0,0,0,0,0,0,0,0,0,0,,0
00-0006133,Hunter Goodwin,TE,1999,16,REG,1999_16_NYJ_MIA,MIA,NYJ,0,0,0,0,0,0,0,0,0,0,0,0,3,3,14,0,1,0,0,0,,0,0,0,0,0,0,0,0,0,0,0,,0
00-0006181,Toby Gowin,P,1999,16,REG,1999_16_DAL_NO,DAL,NO,0,0,0,0,0,0,0,0,0,0,0,0,0,0,0,0,0,0,0,0,,0,0,0,0,0,0,0,0,5,213,166,49,2
00-0006210,Jeff Graham,WR,1999,16,REG,1999_16_OAK_SD,LAC,LV,0,0,0,0,0,0,0,0,0,0,0,0,3,6,113,1,3,0,0,0,,0,0,0,0,0,0,0,0,0,0,0,,0
00-0006223,Martin Gramatica,K,1999,16,REG,1999_16_GB_TB,TB,GB,0,0,0,0,0,0,0,0,0,0,0,0,0,0,0,0,0,0,3,3,49,0,1,1,1,0,0,2,2,0,0,0,,0
00-0006299,Tony Graziani,QB,1999,16,REG,1999_16_ARI_ATL,ATL,ARI,0,0,0,0,0,0,0,2,-1,0,0,0,0,0,0,0,0,0,0,0,,0,0,0,0,0,0,0,0,0,0,0,,0
00-0006300,Elvis Grbac,QB,1999,16,REG,1999_16_KC_SEA,KC,SEA,22,42,254,2,3,4,-24,1,-1,0,0,0,0,0,0,0,0,0,0,0,,0,0,0,0,0,0,0,0,0,0,0,,0
00-0006305,Ahman Green,RB,1999,16,REG,1999_16_KC_SEA,SEA,KC,0,0,0,0,0,0,0,7,-4,0,0,0,0,0,0,0,0,0,0,0,,0,0,0,0,0,0,0,0,0,0,0,,0
00-0006322,E.G. Green,WR,1999,16,REG,1999_16_IND_CLE,IND,CLE,0,0,0,0,0,0,0,0,0,0,0,0,1,4,12,0,1,0,0,0,,0,0,0,0,0,0,0,0,0,0,0,,0
00-0006331,Jacquez Green,WR,1999,16,REG,1999_16_GB_TB,TB,GB,0,0,0,0,0,0,0,0,0,0,0,0,1,6,13,0,1,0,0,0,,0,0,0,0,0,0,0,0,0,0,0,,0
00-0006359,Yatil Green,WR,1999,16,REG,1999_16_NYJ_MIA,MIA,NYJ,0,0,0,0,0,0,0,0,0,0,0,0,2,4,17,0,2,0,0,0,,0,0,0,0,0,0,0,0,0,0,0,,0
00-0006423,Brian Griese,QB,1999,16,REG,1999_16_DEN_DET,DEN,DET,22,30,171,1,1,1,-6,3,2,0,1,0,0,0,0,0,0,0,0,0,,0,0,0,0,0,0,0,0,0,0,0,,0
00-0006456,Howard Griffith,RB,1999,16,REG,1999_16_DEN_DET,DEN,DET,0,0,0,0,0,0,0,0,0,0,0,0,0,1,0,0,0,0,0,0,,0,0,0,0,0,0,0,0,0,0,0,,0
00-0006482,Clif Groce,FB,1999,16,REG,1999_16_CIN_BAL,CIN,BAL,0,0,0,0,0,0,0,1,3,0,0,0,2,4,9,0,0,0,0,0,,0,0,0,0,0,0,0,0,0,0,0,,0
00-0006627,Az-Zahir Hakim,WR,1999,16,REG,1999_16_CHI_STL,LA,CHI,0,0,0,0,0,0,0,0,0,0,0,0,2,2,40,0,2,0,0,0,,0,0,0,0,0,0,0,0,0,0,0,,0
00-0006662,John Hall,K,1999,16,REG,1999_16_NYJ_MIA,NYJ,MIA,0,0,0,0,0,0,0,0,0,0,0,0,0,0,0,0,0,0,1,1,48,0,0,0,1,0,0,5,5,0,0,0,,0
00-0006800,Jason Hanson,K,1999,16,REG,1999_16_DEN_DET,DET,DEN,0,0,0,0,0,0,0,0,0,0,0,0,0,0,0,0,0,0,0,0,,0,0,0,0,0,0,1,1,0,0,0,,0
00-0006803,Byron Hanspard,RB,1999,16,REG,1999_16_ARI_ATL,ATL,ARI,0,0,0,0,0,0,0,26,102,1,6,0,0,0,0,0,0,0,0,0,,0,0,0,0,0,0,0,0,0,0,0,,0
00-0006804,Patrick Hape,TE,1999,16,REG,1999_16_GB_TB,TB,GB,0,0,0,0,0,0,0,0,0,0,0,0,1,1,0,0,0,0,0,0,,0,0,0,0,0,0,0,0,0,0,0,,0
00-0006808,Jim Harbaugh,QB,1999,16,REG,1999_16_OAK_SD,LAC,LV,23,36,325,2,1,4,-32,6,5,0,0,0,0,0,0,0,0,0,0,0,,0,0,0,0,0,0,0,0,0,0,0,,0
00-0006848,Terry Hardy,TE,1999,16,REG,1999_16_ARI_ATL,ARI,ATL,0,0,0,0,0,0,0,0,0,0,0,0,4,4,38,0,1,0,0,0,,0,0,0,0,0,0,0,0,0,0,0,,0
00-0006949,Jackie Harris,TE,1999,16,REG,1999_16_JAX_TEN,TEN,JAX,0,0,0,0,0,0,0,0,0,0,0,0,3,3,72,1,2,0,0,0,,0,0,0,0,0,0,0,0,0,0,0,,0
00-0007024,Marvin Harrison,WR,1999,16,REG,1999_16_IND_CLE,IND,CLE,0,0,0,0,0,0,0,0,0,0,0,0,14,18,138,0,7,0,0,0,,0,0,0,0,0,0,0,0,0,0,0,,0
00-0007093,Andre Hastings,WR,1999,16,REG,1999_16_DAL_NO,NO,DAL,0,0,0,0,0,0,0,0,0,0,0,0,1,2,24,0,1,0,0,0,,0,0,0,0,0,0,0,0,0,0,0,,0
00-0007103,Matt Hatchette,WR,1999,16,REG,1999_16_MIN_NYG,MIN,NYG,0,0,0,0,0,0,0,0,0,0,0,0,0,2,0,0,0,0,0,0,,0,0,0,0,0,0,0,0,0,0,0,,0
00-0007144,Donald Hayes,WR,1999,16,REG,1999_16_CAR_PIT,CAR,PIT,0,0,0,0,0,0,0,0,0,0,0,0,0,5,0,0,0,0,0,0,,0,0,0,0,0,0,0,0,0,0,0,,0
00-0007308,Craig Hentrich,P,1999,16,REG,1999_16_JAX_TEN,TEN,JAX,0,0,0,0,0,0,0,1,1,0,0,0,0,0,0,0,0,0,0,0,,0,0,0,0,0,0,0,0,4,160,153,43,1
00-0007389,Skip Hicks,RB,1999,16,REG,1999_16_WAS_SF,WAS,SF,0,0,0,0,0,0,0,13,48,0,3,0,4,5,52,0,2,0,0,0,,0,0,0,0,0,0,0,0,0,0,0,,0
00-0007436,Greg Hill,RB,1999,16,REG,1999_16_DEN_DET,DET,DEN,0,0,0,0,0,0,0,4,7,0,0,0,0,0,0,0,0,0,0,0,,0,0,0,0,0,0,0,0,0,0,0,,0
00-0007468,Ike Hilliard,WR,1999,16,REG,1999_16_MIN_NYG,NYG,MIN,0,0,0,0,0,0,0,0,0,0,0,0,5,10,62,0,3,0,0,0,,0,0,0,0,0,0,0,0,0,0,0,,0
00-0007520,Leroy Hoard,RB,1999,16,REG,1999_16_MIN_NYG,MIN,NYG,0,0,0,0,0,0,0,6,21,2,4,0,0,0,0,0,0,0,0,0,,0,0,0,0,0,0,0,0,0,0,0,,0
00-0007579,Robert Holcombe,FB,1999,16,REG,1999_16_CHI_STL,LA,CHI,0,0,0,0,0,0,0,3,24,0,1,0,1,1,10,0,1,0,0,0,,0,0,0,0,0,0,0,0,0,0,0,,0
00-0007622,Mike Hollis,K,1999,16,REG,1999_16_JAX_TEN,JAX,TEN,0,0,0,0,0,0,0,0,0,0,0,0,0,0,0,0,0,0,0,0,,0,0,0,0,0,0,2,2,0,0,0,,0
00-0007661,Priest Holmes,RB,1999,16,REG,1999_16_CIN_BAL,BAL,CIN,0,0,0,0,0,0,0,13,59,0,2,0,1,1,1,0,0,0,0,0,,0,0,0,0,0,0,0,0,0,0,0,,0
00-0007681,Torry Holt,WR,1999,16,REG,1999_16_CHI_STL,LA,CHI,0,0,0,0,0,0,0,0,0,0,0,0,3,9,33,0,2,0,0,0,,0,0,0,0,0,0,0,0,0,0,0,,0
00-0007737,Mike Horan,P,1999,16,REG,1999_16_CHI_STL,LA,CHI,0,0,0,0,0,0,0,0,0,0,0,0,0,0,0,0,0,0,0,0,,0,0,0,0,0,0,0,0,3,117,97,44,0
00-0007744,Joe Horn,WR,1999,16,REG,1999_16_KC_SEA,KC,SEA,0,0,0,0,0,0,0,0,0,0,0,0,3,6,92,1,2,0,0,0,,0,0,0,0,0,0,0,0,0,0,0,,0
00-0007749,Tony Horne,WR,1999,16,REG,1999_16_CHI_STL,LA,CHI,0,0,0,0,0,0,0,0,0,0,0,0,0,1,0,0,0,0,0,0,,0,0,0,0,0,0,0,0,0,0,0,,0
00-0007969,Richard Huntley,RB,1999,16,REG,1999_16_CAR_PIT,PIT,CAR,0,0,0,0,0,0,0,7,72,1,4,0,2,2,10,0,0,0,0,0,,0,0,0,0,0,0,0,0,0,0,0,,0
00-0007993,Tom Hutton,P,1999,16,REG,1999_16_NYJ_MIA,MIA,NYJ,0,0,0,0,0,0,0,0,0,0,0,0,0,0,0,0,0,0,0,0,,0,0,0,0,0,0,0,0,3,108,97,41,0
00-0008046,Sedrick Irvin,RB,1999,16,REG,1999_16_DEN_DET,DET,DEN,0,0,0,0,0,0,0,5,8,0,0,0,1,4,2,0,0,0,0,0,,0,0,0,0,0,0,0,0,0,0,0,,0
00-0008059,Qadry Ismail,WR,1999,16,REG,1999_16_CIN_BAL,BAL,CIN,0,0,0,0,0,0,0,0,0,0,0,0,5,9,52,0,4,0,0,0,,0,0,0,0,0,0,0,0,0,0,0,,0
00-0008060,Raghib Ismail,WR,1999,16,REG,1999_16_DAL_NO,DAL,NO,0,0,0,0,0,0,0,0,0,0,0,0,3,4,28,0,0,0,0,0,,0,0,0,0,0,0,0,0,0,0,0,,0
00-0008080,Chris Jacke,K,1999,16,REG,1999_16_ARI_ATL,ARI,ATL,0,0,0,0,0,0,0,0,0,0,0,0,0,0,0,0,0,0,0,0,,0,0,0,0,0,0,2,2,0,0,0,,0
00-0008156,Lenzie Jackson,WR,1999,16,REG,1999_16_JAX_TEN,JAX,TEN,0,0,0,0,0,0,0,0,0,0,0,0,0,1,0,0,0,0,0,0,,0,0,0,0,0,0,0,0,0,0,0,,0
00-0008196,Terry Jackson,RB,1999,16,REG,1999_16_WAS_SF,SF,WAS,0,0,0,0,0,0,0,5,16,0,0,1,0,0,0,0,0,0,0,0,,0,0,0,0,0,0,0,0,0,0,0,,0
00-0008210,Willie Jackson,WR,1999,16,REG,1999_16_CIN_BAL,CIN,BAL,0,0,0,0,0,0,0,0,0,0,0,0,1,3,5,0,0,0,0,0,,0,0,0,0,0,0,0,0,0,0,0,,0
00-0008241,Edgerrin James,RB,1999,16,REG,1999_16_IND_CLE,IND,CLE,0,0,0,0,0,0,0,28,103,3,8,0,3,4,18,0,1,0,0,0,,0,0,0,0,0,0,0,0,0,0,0,,0
00-0008300,Patrick Jeffers,WR,1999,16,REG,1999_16_CAR_PIT,CAR,PIT,0,0,0,0,0,0,0,0,0,0,0,0,5,8,160,2,3,0,0,0,,0,0,0,0,0,0,0,0,0,0,0,,0
00-0008313,Shawn Jefferson,WR,1999,16,REG,1999_16_BUF_NE,NE,BUF,0,0,0,0,0,0,0,0,0,0,0,0,0,2,0,0,0,0,0,0,,0,0,0,0,0,0,0,0,0,0,0,,0
00-0008346,James Jenkins,TE,1999,16,REG,1999_16_WAS_SF,WAS,SF,0,0,0,0,0,0,0,0,0,0,0,0,0,1,0,0,0,0,0,0,,0,0,0,0,0,0,0,0,0,0,0,,0
00-0008400,James Jett,WR,1999,16,REG,1999_16_OAK_SD,LV,LAC,0,0,0,0,0,0,0,0,0,0,0,0,4,8,45,0,4,0,0,0,,0,0,0,0,0,0,0,0,0,0,0,,0
00-0008401,John Jett,P,1999,16,REG,1999_16_DEN_DET,DET,DEN,0,0,0,0,0,0,0,0,0,0,0,0,0,0,0,0,0,0,0,0,,0,0,0,0,0,0,0,0,8,381,278,61,2
00-0008430,Anthony Johnson,RB,1999,16,REG,1999_16_CAR_PIT,CAR,PIT,0,0,0,0,0,0,0,3,11,0,1,1,0,1,0,0,0,0,0,0,,0,0,0,0,0,0,0,0,0,0,0,,0
00-0008442,Brad Johnson,QB,1999,16,REG,1999_16_WAS_SF,WAS,SF,32,47,471,2,1,3,-17,2,0,1,1,0,0,0,0,0,0,0,0,0,,0,0,0,0,0,0,0,0,0,0,0,,0
00-0008529,J.J. Johnson,RB,1999,16,REG,1999_16_NYJ_MIA,MIA,NYJ,0,0,0,0,0,0,0,18,83,1,4,0,1,1,9,0,0,0,0,0,,0,0,0,0,0,0,0,0,0,0,0,,0
00-0008560,Kevin Johnson,WR,1999,16,REG,1999_16_IND_CLE,CLE,IND,0,0,0,0,0,0,0,0,0,0,0,0,2,7,29,0,1,0,0,0,,0,0,0,0,0,0,0,0,0,0,0,,0
00-0008561,Keyshawn Johnson,WR,1999,16,REG,1999_16_NYJ_MIA,NYJ,MIA,0,0,0,0,0,0,0,0,0,0,0,0,3,5,29,1,3,0,0,0,,0,0,0,0,0,0,0,0,0,0,0,,0
00-0008566,Lee Johnson,P,1999,16,REG,1999_16_BUF_NE,NE,BUF,0,0,0,0,0,0,0,0,0,0,0,0,0,0,0,0,0,0,0,0,,0,0,0,0,0,0,0,0,8,290,272,51,2
00-0008572,Lonnie Johnson,TE,1999,16,REG,1999_16_KC_SEA,KC,SEA,0,0,0,0,0,0,0,0,0,0,0,0,3,5,18,1,2,0,0,0,,0,0,0,0,0,0,0,0,0,0,0,,0
00-0008598,Pat Johnson,WR,1999,16,REG,1999_16_CIN_BAL,BAL,CIN,0,0,0,0,0,0,0,1,12,0,1,0,3,9,82,0,1,0,0,0,,0,0,0,0,0,0,0,0,0,0,0,,0
00-0008704,Charlie Jones,WR,1999,16,REG,1999_16_OAK_SD,LAC,LV,0,0,0,0,0,0,0,0,0,0,0,0,1,1,9,0,1,0,0,0,,0,0,0,0,0,0,0,0,0,0,0,,0
00-0008723,Damon Jones,TE,1999,16,REG,1999_16_JAX_TEN,JAX,TEN,0,0,0,0,0,0,0,0,0,0,0,0,2,5,20,0,1,0,0,0,,0,0,0,0,0,0,0,0,0,0,0,,0
00-0008749,Freddie Jones,TE,1999,16,REG,1999_16_OAK_SD,LAC,LV,0,0,0,0,0,0,0,0,0,0,0,0,5,7,81,0,4,0,0,0,,0,0,0,0,0,0,0,0,0,0,0,,0
00-0008907,Charles Jordan,WR,1999,16,REG,1999_16_GB_TB,GB,TB,0,0,0,0,0,0,0,0,0,0,0,0,0,2,0,0,0,0,0,0,,0,0,0,0,0,0,0,0,0,0,0,,0
00-0008962,Joe Jurevicius,WR,1999,16,REG,1999_16_MIN_NYG,NYG,MIN,0,0,0,0,0,0,0,0,0,0,0,0,3,4,39,0,2,0,0,0,,0,0,0,0,0,0,0,0,0,0,0,,0
00-0008970,Paul Justin,QB,1999,16,REG,1999_16_CHI_STL,LA,CHI,3,7,27,0,0,0,0,1,3,0,0,0,0,0,0,0,0,0,0,0,,0,0,0,0,0,0,0,0,0,0,0,,0
00-0009038,Napoleon Kaufman,RB,1999,16,REG,1999_16_OAK_SD,LV,LAC,0,0,0,0,0,0,0,7,13,0,1,0,0,0,0,0,0,0,0,0,,0,0,0,0,0,0,0,0,0,0,0,,0
00-0009119,Reggie Kelly,TE,1999,16,REG,1999_16_ARI_ATL,ATL,ARI,0,0,0,0,0,0,0,0,0,0,0,0,1,3,29,0,1,0,0,0,,0,0,0,0,0,0,0,0,0,0,0,,0
00-0009163,Eddie Kennison,WR,1999,16,REG,1999_16_DAL_NO,NO,DAL,0,0,0,0,0,0,0,0,0,0,0,0,3,8,95,1,3,0,0,0,,0,0,0,0,0,0,0,0,0,0,0,,0
00-0009237,Brian Kinchen,TE,1999,16,REG,1999_16_CAR_PIT,CAR,PIT,0,0,0,0,0,0,0,0,0,0,0,0,0,1,0,0,0,0,0,0,,0,0,0,0,0,0,0,0,0,0,0,,0
00-0009266,Shaun King,QB,1999,16,REG,1999_16_GB_TB,TB,GB,17,30,133,1,1,0,0,5,20,0,2,0,0,0,0,0,0,0,0,0,,0,0,0,0,0,0,0,0,0,0,0,,0
00-0009288,Terry Kirby,RB,1999,16,REG,1999_16_IND_CLE,CLE,IND,0,0,0,0,0,0,0,5,21,2,3,0,1,1,8,0,0,0,0,0,,0,0,0,0,0,0,0,0,0,0,0,,0
00-0009311,Jon Kitna,QB,1999,16,REG,1999_16_KC_SEA,SEA,KC,18,30,216,2,0,3,-9,3,1,0,0,0,0,0,0,0,0,0,0,0,,0,0,0,0,0,0,0,0,0,0,0,,0
00-0009417,Rob Konrad,FB,1999,16,REG,1999_16_NYJ_MIA,MIA,NYJ,0,0,0,0,0,0,0,0,0,0,0,0,1,3,4,0,0,0,0,0,,0,0,0,0,0,0,0,0,0,0,0,,0
00-0009443,Brian Kozlowski,TE,1999,16,REG,1999_16_ARI_ATL,ATL,ARI,0,0,0,0,0,0,0,0,0,0,0,0,0,1,0,0,0,0,0,0,,0,0,0,0,0,0,0,0,0,0,0,,0
00-0009550,David LaFleur,TE,1999,16,REG,1999_16_DAL_NO,DAL,NO,0,0,0,0,0,0,0,0,0,0,0,0,4,5,30,1,2,0,0,0,,0,0,0,0,0,0,0,0,0,0,0,,0
00-0009599,Fred Lane,RB,1999,16,REG,1999_16_CAR_PIT,CAR,PIT,0,0,0,0,0,0,0,15,90,1,3,1,2,2,0,0,0,0,0,0,,0,0,0,0,0,0,0,0,0,0,0,,0
00-0009829,Dorsey Levens,RB,1999,16,REG,1999_16_GB_TB,GB,TB,0,0,0,0,0,0,0,10,4,0,0,1,9,10,47,1,2,0,0,0,,0,0,0,0,0,0,0,0,0,0,0,,0
00-0009869,Jermaine Lewis,WR,1999,16,REG,1999_16_CIN_BAL,BAL,CIN,0,0,0,0,0,0,0,1,4,0,1,0,0,0,0,0,0,0,0,0,,0,0,0,0,0,0,0,0,0,0,0,,0
00-0009960,Jonathan Linton,FB,1999,16,REG,1999_16_BUF_NE,BUF,NE,0,0,0,0,0,0,0,20,40,1,4,2,1,1,4,0,0,0,0,0,,0,0,0,0,0,0,0,0,0,0,0,,0
00-0010007,Kevin Lockett,WR,1999,16,REG,1999_16_KC_SEA,KC,SEA,0,0,0,0,0,0,0,0,0,0,0,0,0,4,0,0,0,0,0,0,,0,0,0,0,0,0,0,0,0,0,0,,0
00-0010072,Ryan Longwell,K,1999,16,REG,1999_16_GB_TB,GB,TB,0,0,0,0,0,0,0,0,0,0,0,0,0,0,0,0,0,0,1,1,46,0,0,0,1,0,0,1,1,0,0,0,,0
00-0010107,Derek Loville,RB,1999,16,REG,1999_16_DEN_DET,DEN,DET,0,0,0,0,0,0,0,4,17,0,2,0,1,2,-5,0,0,0,0,0,,0,0,0,0,0,0,0,0,0,0,0,,0
00-0010137,Ray Lucas,QB,1999,16,REG,1999_16_NYJ_MIA,NYJ,MIA,11,23,190,3,0,1,-1,2,2,0,0,0,0,0,0,0,0,0,0,0,,0,0,0,0,0,0,0,0,0,0,0,,0
00-0010292,Joel Makovicka,FB,1999,16,REG,1999_16_ARI_ATL,ARI,ATL,0,0,0,0,0,0,0,1,7,0,0,0,0,1,0,0,0,0,0,0,,0,0,0,0,0,0,0,0,0,0,0,,0
00-0010346,Peyton Manning,QB,1999,16,REG,1999_16_IND_CLE,IND,CLE,27,43,276,0,0,0,0,2,17,0,2,0,0,0,0,0,0,0,0,0,,0,0,0,0,0,0,0,0,0,0,0,,0
00-0010373,Olindo Mare,K,1999,16,REG,1999_16_NYJ_MIA,MIA,NYJ,0,0,0,0,0,0,0,0,0,0,0,0,0,0,0,0,0,0,1,2,37,0,0,1,0,0,0,4,4,0,0,0,,0
00-0010379,Dan Marino,QB,1999,16,REG,1999_16_NYJ_MIA,MIA,NYJ,29,52,322,3,3,0,0,1,0,0,0,0,0,0,0,0,0,0,0,0,,0,0,0,0,0,0,0,0,0,0,0,,0
00-0010442,Curtis Martin,RB,1999,16,REG,1999_16_NYJ_MIA,NYJ,MIA,0,0,0,0,0,0,0,20,72,1,6,0,2,2,25,0,1,0,0,0,,0,0,0,0,0,0,0,0,0,0,0,,0
00-0010477,Tony Martin,WR,1999,16,REG,1999_16_NYJ_MIA,MIA,NYJ,0,0,0,0,0,0,0,0,0,0,0,0,6,10,102,1,5,0,0,0,,0,0,0,0,0,0,0,0,0,0,0,,0
00-0010539,Terance Mathis,WR,1999,16,REG,1999_16_ARI_ATL,ATL,ARI,0,0,0,0,0,0,0,0,0,0,0,0,4,4,41,1,2,0,0,0,,0,0,0,0,0,0,0,0,0,0,0,,0
00-0010560,Shane Matthews,QB,1999,16,REG,1999_16_CHI_STL,CHI,LA,23,39,266,2,1,0,0,1,0,0,0,0,0,0,0,0,0,0,0,0,,0,0,0,0,0,0,0,0,0,0,0,,0
00-0010598,Alonzo Mayes,TE,1999,16,REG,1999_16_CHI_STL,CHI,LA,0,0,0,0,0,0,0,0,0,0,0,0,1,1,24,0,1,0,0,0,,0,0,0,0,0,0,0,0,0,0,0,,0
00-0010599,Derrick Mayes,WR,1999,16,REG,1999_16_KC_SEA,SEA,KC,0,0,0,0,0,0,0,0,0,0,0,0,2,2,18,1,1,0,0,0,,0,0,0,0,0,0,0,0,0,0,0,,0
00-0010609,Brad Maynard,P,1999,16,REG,1999_16_MIN_NYG,NYG,MIN,0,0,0,0,0,0,0,0,0,0,0,0,0,0,0,0,0,0,0,0,,0,0,0,0,0,0,0,0,2,93,97,49,1
00-0010650,Ed McCaffrey,WR,1999,16,REG,1999_16_DEN_DET,DEN,DET,0,0,0,0,0,0,0,0,0,0,0,0,7,11,65,0,4,0,0,0,,0,0,0,0,0,0,0,0,0,0,0,,0
00-0010668,Keenan McCardell,WR,1999,16,REG,1999_16_JAX_TEN,JAX,TEN,0,0,0,0,0,0,0,0,0,0,0,0,2,7,22,0,1,0,0,0,,0,0,0,0,0,0,0,0,0,0,0,,0
00-0010747,Fred McCrary,RB,1999,16,REG,1999_16_OAK_SD,LAC,LV,0,0,0,0,0,0,0,0,0,0,0,0,2,3,21,1,1,0,0,0,,0,0,0,0,0,0,0,0,0,0,0,,0
00-0010824,O.J. McDuffie,WR,1999,16,REG,1999_16_NYJ_MIA,MIA,NYJ,0,0,0,0,0,0,0,0,0,0,0,0,7,12,79,0,5,0,0,0,,0,0,0,0,0,0,0,0,0,0,0,,0
00-0010859,Tony McGee,TE,1999,16,REG,1999_16_CIN_BAL,CIN,BAL,0,0,0,0,0,0,0,0,0,0,0,0,1,1,18,0,1,0,0,0,,0,0,0,0,0,0,0,0,0,0,0,,0
00-0011024,Steve McNair,QB,1999,16,REG,1999_16_JAX_TEN,TEN,JAX,23,33,291,5,0,0,0,4,34,0,4,0,0,0,0,0,0,0,0,0,,0,0,0,0,0,0,0,0,0,0,0,,0
00-0011044,Cade McNown,QB,1999,16,REG,1999_16_CHI_STL,CHI,LA,9,16,125,0,1,4,-26,3,18,0,1,0,0,0,0,0,0,0,0,0,,0,0,0,0,0,0,0,0,0,0,0,,0
00-0011068,Johnny McWilliams,TE,1999,16,REG,1999_16_ARI_ATL,ARI,ATL,0,0,0,0,0,0,0,0,0,0,0,0,1,1,11,0,1,0,0,0,,0,0,0,0,0,0,0,0,0,0,0,,0
00-0011187,Terry Mickens,WR,1999,16,REG,1999_16_OAK_SD,LV,LAC,0,0,0,0,0,0,0,0,0,0,0,0,2,4,26,0,1,0,0,0,,0,0,0,0,0,0,0,0,0,0,0,,0
00-0011213,Glyn Milburn,WR,1999,16,REG,1999_16_CHI_STL,CHI,LA,0,0,0,0,0,0,0,0,0,0,0,0,0,1,0,0,0,0,0,0,,0,0,0,0,0,0,0,0,0,0,0,,0
00-0011279,Josh Miller,P,1999,16,REG,1999_16_CAR_PIT,PIT,CAR,0,0,0,0,0,0,0,0,0,0,0,0,0,0,0,0,0,0,0,0,,0,0,0,0,0,0,0,0,4,172,153,53,2
00-0011399,Brian Mitchell,RB,1999,16,REG,1999_16_WAS_SF,WAS,SF,0,0,0,0,0,0,0,1,-3,0,0,0,3,3,55,0,1,0,0,0,,0,0,0,0,0,0,0,0,0,0,0,,0
00-0011425,Pete Mitchell,TE,1999,16,REG,1999_16_MIN_NYG,NYG,MIN,0,0,0,0,0,0,0,0,0,0,0,0,3,4,21,1,2,0,0,0,,0,0,0,0,0,0,0,0,0,0,0,,0
00-0011463,Chris Mohr,P,1999,16,REG,1999_16_BUF_NE,BUF,NE,0,0,0,0,0,0,0,0,0,0,0,0,0,0,0,0,0,0,0,0,,0,0,0,0,0,0,0,0,5,172,141,47,0
00-0011506,Joe Montgomery,RB,1999,16,REG,1999_16_MIN_NYG,NYG,MIN,0,0,0,0,0,0,0,19,55,0,4,0,0,0,0,0,0,0,0,0,,0,0,0,0,0,0,0,0,0,0,0,,0
00-0011551,Dave Moore,TE,1999,16,REG,1999_16_GB_TB,TB,GB,0,0,0,0,0,0,0,0,0,0,0,0,1,3,20,0,1,0,0,0,,0,0,0,0,0,0,0,0,0,0,0,,0
00-0011568,Herman Moore,WR,1999,16,REG,1999_16_DEN_DET,DET,DEN,0,0,0,0,0,0,0,0,0,0,0,0,4,6,62,1,4,0,0,0,,0,0,0,0,0,0,0,0,0,0,0,,0
00-0011601,Rob Moore,WR,1999,16,REG,1999_16_ARI_ATL,ARI,ATL,0,0,0,0,0,0,0,0,0,0,0,0,3,6,32,0,1,0,0,0,,0,0,0,0,0,0,0,0,0,0,0,,0
00-0011675,Bam Morris,RB,1999,16,REG,1999_16_KC_SEA,KC,SEA,0,0,0,0,0,0,0,6,33,0,2,0,0,1,0,0,0,0,0,0,,0,0,0,0,0,0,0,0,0,0,0,,0
00-0011727,Johnnie Morton,WR,1999,16,REG,1999_16_DEN_DET,DET,DEN,0,0,0,0,0,0,0,0,0,0,0,0,4,10,47,0,2,0,0,0,,0,0,0,0,0,0,0,0,0,0,0,,0
00-0011754,Randy Moss,WR,1999,16,REG,1999_16_MIN_NYG,MIN,NYG,1,1,27,1,0,0,0,0,0,0,0,0,3,7,44,0,2,0,0,0,,0,0,0,0,0,0,0,0,0,0,0,,0
00-0011770,Eric Moulds,WR,1999,16,REG,1999_16_BUF_NE,BUF,NE,0,0,0,0,0,0,0,0,0,0,0,0,4,6,53,0,2,1,0,0,,0,0,0,0,0,0,0,0,0,0,0,,0
00-0011795,Muhsin Muhammad,WR,1999,16,REG,1999_16_CAR_PIT,CAR,PIT,0,0,0,0,0,0,0,0,0,0,0,0,4,8,45,0,3,0,0,0,,0,0,0,0,0,0,0,0,0,0,0,,0
00-0011859,Eddie Murray,K,1999,16,REG,1999_16_DAL_NO,DAL,NO,0,0,0,0,0,0,0,0,0,0,0,0,0,0,0,0,0,0,1,1,33,0,0,1,0,0,0,3,3,0,0,0,,0
00-0011869,Adrian Murrell,RB,1999,16,REG,1999_16_ARI_ATL,ARI,ATL,0,0,0,0,0,0,0,3,10,0,0,0,0,1,0,0,0,0,0,0,,0,0,0,0,0,0,0,0,0,0,0,,0
00-0011970,Joe Nedney,K,1999,16,REG,1999_16_OAK_SD,LV,LAC,0,0,0,0,0,0,0,0,0,0,0,0,0,0,0,0,0,0,2,4,52,0,1,0,0,1,0,2,2,0,0,0,,0
00-0012261,Neil O'Donnell,QB,1999,16,REG,1999_16_JAX_TEN,TEN,JAX,3,6,37,0,0,0,0,2,-2,0,0,0,0,0,0,0,0,0,0,0,,0,0,0,0,0,0,0,0,0,0,0,,0
00-0012321,Jeff Ogden,WR,1999,16,REG,1999_16_DAL_NO,DAL,NO,0,0,0,0,0,0,0,0,0,0,0,0,0,2,0,0,0,0,0,0,,0,0,0,0,0,0,0,0,0,0,0,,0
00-0012368,Winslow Oliver,RB,1999,16,REG,1999_16_ARI_ATL,ATL,ARI,0,0,0,0,0,0,0,1,8,0,1,0,1,1,10,0,1,0,0,0,,0,0,0,0,0,0,0,0,0,0,0,,0
00-0012478,Terrell Owens,WR,1999,16,REG,1999_16_WAS_SF,SF,WAS,0,0,0,0,0,0,0,0,0,0,0,0,1,6,2,0,0,0,0,0,,0,0,0,0,0,0,0,0,0,0,0,,0
00-0012603,Bernie Parmalee,RB,1999,16,REG,1999_16_NYJ_MIA,NYJ,MIA,0,0,0,0,0,0,0,1,12,0,1,0,0,0,0,0,0,0,0,0,,0,0,0,0,0,0,0,0,0,0,0,,0
00-0012642,David Patten,WR,1999,16,REG,1999_16_MIN_NYG,NYG,MIN,0,0,0,0,0,0,0,0,0,0,0,0,1,4,16,0,1,0,0,0,,0,0,0,0,0,0,0,0,0,0,0,,0
00-0012742,Doug Pelfrey,K,1999,16,REG,1999_16_CIN_BAL,CIN,BAL,0,0,0,0,0,0,0,0,0,0,0,0,0,0,0,0,0,0,0,1,,0,0,0,0,0,0,0,0,0,0,0,,0
00-0012764,Chris Penn,WR,1999,16,REG,1999_16_OAK_SD,LAC,LV,0,0,0,0,0,0,0,0,0,0,0,0,0,1,0,0,0,0,0,0,,0,0,0,0,0,0,0,0,0,0,0,,0
00-0012809,Ed Perry,TE,1999,16,REG,1999_16_NYJ_MIA,MIA,NYJ,0,0,0,0,0,0,0,0,0,0,0,0,3,4,8,1,1,0,0,0,,0,0,0,0,0,0,0,0,0,0,0,,0
00-0012875,Todd Peterson,K,1999,16,REG,1999_16_KC_SEA,SEA,KC,0,0,0,0,0,0,0,0,0,0,0,0,0,0,0,0,0,0,3,3,48,0,1,1,1,0,0,2,2,0,0,0,,0
00-0012953,Carl Pickens,WR,1999,16,REG,1999_16_CIN_BAL,CIN,BAL,0,0,0,0,0,0,0,0,0,0,0,0,4,8,38,0,3,0,0,0,,0,0,0,0,0,0,0,0,0,0,0,,0
00-0013028,Scott Player,P,1999,16,REG,1999_16_ARI_ATL,ARI,ATL,0,0,0,0,0,0,0,0,0,0,0,0,0,0,0,0,0,0,0,0,,0,0,0,0,0,0,0,0,3,133,112,49,0
00-0013042,Jake Plummer,QB,1999,16,REG,1999_16_ARI_ATL,ARI,ATL,15,26,217,0,2,1,-5,6,21,0,3,0,0,0,0,0,0,0,0,0,,0,0,0,0,0,0,0,0,0,0,0,,0
00-0013080,Marcus Pollard,TE,1999,16,REG,1999_16_IND_CLE,IND,CLE,0,0,0,0,0,0,0,0,0,0,0,0,2,4,24,0,1,0,0,0,,0,0,0,0,0,0,0,0,0,0,0,,0
00-0013097,Keith Poole,WR,1999,16,REG,1999_16_DAL_NO,NO,DAL,0,0,0,0,0,0,0,0,0,0,0,0,4,6,90,1,4,0,0,0,,0,0,0,0,0,0,0,0,0,0,0,,0
00-0013108,Daniel Pope,P,1999,16,REG,1999_16_KC_SEA,KC,SEA,0,0,0,0,0,0,0,0,0,0,0,0,0,0,0,0,0,0,0,0,,0,0,0,0,0,0,0,0,7,267,227,47,0
00-0013232,Peerless Price,WR,1999,16,REG,1999_16_BUF_NE,BUF,NE,0,0,0,0,0,0,0,0,0,0,0,0,5,8,62,0,4,0,0,0,,0,0,0,0,0,0,0,0,0,0,0,,0
00-0013262,Stanley Pritchett,RB,1999,16,REG,1999_16_NYJ_MIA,MIA,NYJ,0,0,0,0,0,0,0,5,17,0,2,0,4,7,36,1,2,0,0,0,,0,0,0,0,0,0,0,0,0,0,0,,0
00-0013268,Ricky Proehl,WR,1999,16,REG,1999_16_CHI_STL,LA,CHI,0,0,0,0,0,0,0,0,0,0,0,0,2,4,19,0,1,0,0,0,,0,0,0,0,0,0,0,0,0,0,0,,0
00-0013499,Andre Reed,WR,1999,16,REG,1999_16_BUF_NE,BUF,NE,0,0,0,0,0,0,0,0,0,0,0,0,0,1,0,0,0,0,0,0,,0,0,0,0,0,0,0,0,0,0,0,,0
00-0013622,Errict Rhett,RB,1999,16,REG,1999_16_CIN_BAL,BAL,CIN,0,0,0,0,0,0,0,12,50,0,2,0,1,1,2,1,1,0,0,0,,0,0,0,0,0,0,0,0,0,0,0,,0
00-0013639,Jerry Rice,WR,1999,16,REG,1999_16_WAS_SF,SF,WAS,0,1,0,0,0,0,0,0,0,0,0,0,5,5,44,0,3,0,0,0,,0,0,0,0,0,0,0,0,0,0,0,,0
00-0013682,Kyle Richardson,P,1999,16,REG,1999_16_CIN_BAL,BAL,CIN,0,0,0,0,0,0,0,0,0,0,0,0,0,0,0,0,0,0,0,0,,0,0,0,0,0,0,0,0,5,188,142,41,1
00-0013694,Tony Richardson,FB,1999,16,REG,1999_16_KC_SEA,KC,SEA,0,0,0,0,0,0,0,8,20,0,1,0,2,3,9,0,0,0,0,0,,0,0,0,0,0,0,0,0,0,0,0,,0
00-0013699,Wade Richey,K,1999,16,REG,1999_16_WAS_SF,SF,WAS,0,0,0,0,0,0,0,0,0,0,0,0,0,0,0,0,0,0,2,2,29,0,2,0,0,0,0,2,2,0,0,0,,0
00-0013712,Mikhael Ricks,TE,1999,16,REG,1999_16_OAK_SD,LAC,LV,0,0,0,0,0,0,0,0,0,0,0,0,4,6,51,0,2,0,0,0,,0,0,0,0,0,0,0,0,0,0,0,,0
00-0013728,Jay Riemersma,TE,1999,16,REG,1999_16_BUF_NE,BUF,NE,0,0,0,0,0,0,0,0,0,0,0,0,6,9,39,0,2,0,0,0,,0,0,0,0,0,0,0,0,0,0,0,,0
00-0013770,Andre Rison,WR,1999,16,REG,1999_16_KC_SEA,KC,SEA,0,0,0,0,0,0,0,0,0,0,0,0,1,1,7,0,0,0,0,0,,0,0,0,0,0,0,0,0,0,0,0,,0
00-0013773,Jon Ritchie,FB,1999,16,REG,1999_16_OAK_SD,LV,LAC,0,0,0,0,0,0,0,0,0,0,0,0,2,4,17,0,1,0,0,0,,0,0,0,0,0,0,0,0,0,0,0,,0
00-0013792,Michael Roan,TE,1999,16,REG,1999_16_JAX_TEN,TEN,JAX,0,0,0,0,0,0,0,0,0,0,0,0,1,3,4,1,1,0,0,0,,0,0,0,0,0,0,0,0,0,0,0,,0
00-0013850,Damien Robinson,FS,1999,16,REG,1999_16_GB_TB,TB,GB,0,0,0,0,0,0,0,0,0,0,0,0,1,1,17,0,1,0,0,0,,0,0,0,0,0,0,0,0,0,0,0,,0
00-0013872,Jeff Robinson,LS,1999,16,REG,1999_16_CHI_STL,LA,CHI,0,0,0,0,0,0,0,0,0,0,0,0,1,2,6,0,0,0,0,0,,0,0,0,0,0,0,0,0,0,0,0,,0
00-0013888,Marcus Robinson,WR,1999,16,REG,1999_16_CHI_STL,CHI,LA,0,0,0,0,0,0,0,0,0,0,0,0,6,12,93,0,4,0,0,0,,0,0,0,0,0,0,0,0,0,0,0,,0
00-0014083,Tom Rouen,P,1999,16,REG,1999_16_DEN_DET,DEN,DET,0,0,0,0,0,0,0,0,0,0,0,0,0,0,0,0,0,0,0,0,,0,0,0,0,0,0,0,0,5,219,150,52,0
00-0014115,Mark Royals,P,1999,16,REG,1999_16_GB_TB,TB,GB,1,1,17,0,0,0,0,0,0,0,0,0,0,0,0,0,0,0,0,0,,0,0,0,0,0,0,0,0,5,207,195,51,2
00-0014319,Chris Sanders,WR,1999,16,REG,1999_16_JAX_TEN,TEN,JAX,0,0,0,0,0,0,0,0,0,0,0,0,1,3,5,0,0,0,0,0,,0,0,0,0,0,0,0,0,0,0,0,,0
00-0014324,Deion Sanders,CB,1999,16,REG,1999_16_DAL_NO,DAL,NO,0,0,0,0,0,0,0,0,0,0,0,0,2,3,10,0,1,0,0,0,,0,0,0,0,0,0,0,0,0,0,0,,0
00-0014328,Frank Sanders,WR,1999,16,REG,1999_16_ARI_ATL,ARI,ATL,0,0,0,0,0,0,0,0,0,0,0,0,3,4,106,0,3,0,0,0,,0,0,0,0,0,0,0,0,0,0,0,,0
00-0014377,Todd Sauerbrun,P,1999,16,REG,1999_16_CHI_STL,CHI,LA,0,0,0,0,0,0,0,0,0,0,0,0,0,0,0,0,0,0,0,0,,0,0,0,0,0,0,0,0,5,259,218,58,2
00-0014450,Cory Schlesinger,FB,1999,16,REG,1999_16_DEN_DET,DET,DEN,0,0,0,0,0,0,0,0,0,0,0,0,2,2,11,0,0,0,0,0,,0,0,0,0,0,0,0,0,0,0,0,,0
00-0014489,Bill Schroeder,WR,1999,16,REG,1999_16_GB_TB,GB,TB,0,0,0,0,0,0,0,0,0,0,0,0,6,15,54,0,3,1,0,0,,0,0,0,0,0,0,0,0,0,0,0,,0
00-0014544,Darnay Scott,WR,1999,16,REG,1999_16_CIN_BAL,CIN,BAL,0,0,0,0,0,0,0,0,0,0,0,0,5,10,83,0,2,0,0,0,,0,0,0,0,0,0,0,0,0,0,0,,0
00-0014655,Mike Sellers,TE,1999,16,REG,1999_16_WAS_SF,WAS,SF,0,0,0,0,0,0,0,0,0,0,0,0,0,1,0,0,0,0,0,0,,0,0,0,0,0,0,0,0,0,0,0,,0
00-0014729,Bobby Shaw,WR,1999,16,REG,1999_16_CAR_PIT,PIT,CAR,0,0,0,0,0,0,0,0,0,0,0,0,1,1,5,0,0,0,0,0,,0,0,0,0,0,0,0,0,0,0,0,,0
00-0014733,Harold Shaw,FB,1999,16,REG,1999_16_BUF_NE,NE,BUF,0,0,0,0,0,0,0,4,6,0,1,0,2,3,31,0,1,0,0,0,,0,0,0,0,0,0,0,0,0,0,0,,0
00-0015048,David Sloan,TE,1999,16,REG,1999_16_DEN_DET,DET,DEN,0,0,0,0,0,0,0,0,0,0,0,0,5,8,50,0,2,0,0,0,,0,0,0,0,0,0,0,0,0,0,0,,0
00-0015165,Emmitt Smith,RB,1999,16,REG,1999_16_DAL_NO,DAL,NO,0,0,0,0,0,0,0,23,110,1,8,0,3,3,3,0,0,1,0,0,,0,0,0,0,0,0,0,0,0,0,0,,0
00-0015194,Hunter Smith,P,1999,16,REG,1999_16_IND_CLE,IND,CLE,0,0,0,0,0,0,0,0,0,0,0,0,0,0,0,0,0,0,0,0,,0,0,0,0,0,0,0,0,5,186,180,56,2
00-0015195,Irv Smith,TE,1999,16,REG,1999_16_IND_CLE,CLE,IND,0,0,0,0,0,0,0,0,0,0,0,0,4,5,48,0,3,0,0,0,,0,0,0,0,0,0,0,0,0,0,0,,0
00-0015218,Jimmy Smith,WR,1999,16,REG,1999_16_JAX_TEN,JAX,TEN,0,0,0,0,0,0,0,0,0,0,0,0,4,10,104,0,4,0,0,0,,0,0,0,0,0,0,0,0,0,0,0,,0
00-0015286,Robert Smith,RB,1999,16,REG,1999_16_MIN_NYG,MIN,NYG,0,0,0,0,0,0,0,16,146,1,4,0,1,1,9,0,0,0,0,0,,0,0,0,0,0,0,0,0,0,0,0,,0
00-0015290,Rod Smith,WR,1999,16,REG,1999_16_DEN_DET,DEN,DET,0,0,0,0,0,0,0,0,0,0,0,0,4,4,24,0,0,0,0,0,,0,0,0,0,0,0,0,0,0,0,0,,0
00-0015550,Chad Stanley,P,1999,16,REG,1999_16_WAS_SF,SF,WAS,0,0,0,0,0,0,0,0,0,0,0,0,0,0,0,0,0,0,0,0,,0,0,0,0,0,0,0,0,5,171,148,44,2
00-0015700,Kordell Stewart,QB,1999,16,REG,1999_16_CAR_PIT,PIT,CAR,0,0,0,0,0,0,0,0,0,0,0,0,0,2,0,0,0,0,0,0,,0,0,0,0,0,0,0,0,0,0,0,,0
00-0015751,J.J. Stokes,WR,1999,16,REG,1999_16_WAS_SF,SF,WAS,0,0,0,0,0,0,0,0,0,0,0,0,2,3,31,1,2,0,0,0,,0,0,0,0,0,0,0,0,0,0,0,,0
00-0015784,Matt Stover,K,1999,16,REG,1999_16_CIN_BAL,BAL,CIN,0,0,0,0,0,0,0,0,0,0,0,0,0,0,0,0,0,0,5,5,48,2,1,1,1,0,0,1,1,0,0,0,,0
00-0015791,Pete Stoyanovich,K,1999,16,REG,1999_16_KC_SEA,KC,SEA,0,0,0,0,0,0,0,0,0,0,0,0,0,0,0,0,0,0,0,0,,0,0,0,0,0,0,2,2,0,0,0,,0
00-0015830,Mack Strong,FB,1999,16,REG,1999_16_KC_SEA,SEA,KC,0,0,0,0,0,0,0,0,0,0,0,0,0,1,0,0,0,0,0,0,,0,0,0,0,0,0,0,0,0,0,0,,0
00-0015842,Dan Stryzinski,P,1999,16,REG,1999_16_ARI_ATL,ATL,ARI,0,0,0,0,0,0,0,0,0,0,0,0,0,0,0,0,0,0,0,0,,0,0,0,0,0,0,0,0,2,87,70,48,0
00-0016098,Fred Taylor,RB,1999,16,REG,1999_16_JAX_TEN,JAX,TEN,0,0,0,0,0,0,0,16,44,1,3,0,1,3,18,0,1,0,0,0,,0,0,0,0,0,0,0,0,0,0,0,,0
00-0016214,Yancey Thigpen,WR,1999,16,REG,1999_16_JAX_TEN,TEN,JAX,0,0,0,0,0,0,0,0,0,0,0,0,2,3,17,1,2,0,0,0,,0,0,0,0,0,0,0,0,0,0,0,,0
00-0016316,Robert Thomas,FB,1999,16,REG,1999_16_DAL_NO,DAL,NO,0,0,0,0,0,0,0,3,12,0,1,0,1,2,4,0,0,0,0,0,,0,0,0,0,0,0,0,0,0,0,0,,0
00-0016321,Rodney Thomas,RB,1999,16,REG,1999_16_JAX_TEN,TEN,JAX,0,0,0,0,0,0,0,4,13,0,0,0,0,0,0,0,0,0,0,0,,0,0,0,0,0,0,0,0,0,0,0,,0
00-0016331,Thurman Thomas,RB,1999,16,REG,1999_16_BUF_NE,BUF,NE,0,0,0,0,0,0,0,15,84,0,3,0,0,1,0,0,0,0,0,0,,0,0,0,0,0,0,0,0,0,0,0,,0
00-0016347,Jeff Thomason,TE,1999,16,REG,1999_16_GB_TB,GB,TB,0,0,0,0,0,0,0,0,0,0,0,0,3,3,33,0,2,0,0,0,,0,0,0,0,0,0,0,0,0,0,0,,0
00-0016440,James Thrash,WR,1999,16,REG,1999_16_WAS_SF,WAS,SF,0,0,0,0,0,0,0,0,0,0,0,0,0,2,0,0,0,0,0,0,,0,0,0,0,0,0,0,0,0,0,0,,0
00-0016538,Mike Tomczak,QB,1999,16,REG,1999_16_CAR_PIT,PIT,CAR,13,23,94,1,1,1,-12,4,2,0,1,0,0,0,0,0,0,0,0,0,,0,0,0,0,0,0,0,0,0,0,0,,0
00-0016550,Amani Toomer,WR,1999,16,REG,1999_16_MIN_NYG,NYG,MIN,0,0,0,0,0,0,0,0,0,0,0,0,9,15,99,0,7,0,0,0,,0,0,0,0,0,0,0,0,0,0,0,,0
00-0016654,Jason Tucker,WR,1999,16,REG,1999_16_DAL_NO,DAL,NO,0,0,0,0,0,0,0,0,0,0,0,0,7,11,128,1,7,0,0,0,,0,0,0,0,0,0,0,0,0,0,0,,0
00-0016683,Tom Tupa,P,1999,16,REG,1999_16_NYJ_MIA,NYJ,MIA,0,0,0,0,0,0,0,0,0,0,0,0,0,0,0,0,0,0,0,0,,0,0,0,0,0,0,0,0,4,158,146,55,2
00-0016689,Matt Turk,P,1999,16,REG,1999_16_WAS_SF,WAS,SF,0,0,0,0,0,0,0,0,0,0,0,0,0,0,0,0,0,0,0,0,,0,0,0,0,0,0,0,0,5,210,164,50,2
00-0016830,Mike Vanderjagt,K,1999,16,REG,1999_16_IND_CLE,IND,CLE,0,0,0,0,0,0,0,0,0,0,0,0,0,0,0,0,0,0,3,3,41,1,1,0,1,0,0,2,2,0,0,0,,0
00-0016919,Adam Vinatieri,K,1999,16,REG,1999_16_BUF_NE,NE,BUF,0,0,0,0,0,0,0,0,0,0,0,0,0,0,0,0,0,0,1,4,38,0,0,1,0,0,0,1,1,0,0,0,,0
00-0017109,Wesley Walls,TE,1999,16,REG,1999_16_CAR_PIT,CAR,PIT,0,0,0,0,0,0,0,0,0,0,0,0,3,5,26,0,2,0,0,0,,0,0,0,0,0,0,0,0,0,0,0,,0
00-0017127,Ken Walter,P,1999,16,REG,1999_16_CAR_PIT,CAR,PIT,0,0,0,0,0,0,0,0,0,0,0,0,0,0,0,0,0,0,0,0,,0,0,0,0,0,0,0,0,4,130,108,38,1
00-0017160,Dedric Ward,WR,1999,16,REG,1999_16_NYJ_MIA,NYJ,MIA,0,0,0,0,0,0,0,0,0,0,0,0,1,4,56,1,1,0,0,0,,0,0,0,0,0,0,0,0,0,0,0,,0
00-0017162,Hines Ward,WR,1999,16,REG,1999_16_CAR_PIT,PIT,CAR,0,0,0,0,0,0,0,0,0,0,0,0,5,8,40,1,2,0,0,0,,0,0,0,0,0,0,0,0,0,0,0,,0
00-0017200,Kurt Warner,QB,1999,16,REG,1999_16_CHI_STL,LA,CHI,24,35,334,3,1,0,0,0,0,0,0,0,0,0,0,0,0,0,0,0,,0,0,0,0,0,0,0,0,0,0,0,,0
00-0017218,Lamont Warren,RB,1999,16,REG,1999_16_BUF_NE,NE,BUF,0,0,0,0,0,0,0,0,0,0,0,0,2,5,8,0,0,0,0,0,,0,0,0,0,0,0,0,0,0,0,0,,0
00-0017303,Justin Watson,RB,1999,16,REG,1999_16_CHI_STL,LA,CHI,0,0,0,0,0,0,0,11,23,0,2,0,0,1,0,0,0,0,0,0,,0,0,0,0,0,0,0,0,0,0,0,,0
00-0017322,Ricky Watters,RB,1999,16,REG,1999_16_KC_SEA,SEA,KC,0,0,0,0,0,0,0,18,63,0,1,0,2,4,21,0,1,0,0,0,,0,0,0,0,0,0,0,0,0,0,0,,0
00-0017470,Michael Westbrook,WR,1999,16,REG,1999_16_WAS_SF,WAS,SF,0,0,0,0,0,0,0,0,0,0,0,0,7,10,125,1,6,0,0,0,,0,0,0,0,0,0,0,0,0,0,0,,0
00-0017480,Ryan Wetnight,TE,1999,16,REG,1999_16_CHI_STL,CHI,LA,0,0,0,0,0,0,0,0,0,0,0,0,4,4,26,0,1,0,0,0,,0,0,0,0,0,0,0,0,0,0,0,,0
00-0017486,Tyrone Wheatley,RB,1999,16,REG,1999_16_OAK_SD,LV,LAC,0,0,0,0,0,0,0,12,13,0,0,0,1,1,26,0,1,0,0,0,,0,0,0,0,0,0,0,0,0,0,0,,0
00-0017611,Alvis Whitted,WR,1999,16,REG,1999_16_JAX_TEN,JAX,TEN,0,0,0,0,0,0,0,0,0,0,0,0,0,1,0,0,0,0,0,0,,0,0,0,0,0,0,0,0,0,0,0,,0
00-0017662,Josh Wilcox,TE,1999,16,REG,1999_16_DAL_NO,NO,DAL,0,0,0,0,0,0,0,0,0,0,0,0,3,3,28,0,1,0,0,0,,0,0,0,0,0,0,0,0,0,0,0,,0
00-0017693,Jeff Wilkins,K,1999,16,REG,1999_16_CHI_STL,LA,CHI,0,0,0,0,0,0,0,0,0,0,0,0,0,0,0,0,0,0,2,3,38,0,1,1,0,0,0,4,4,0,0,0,,0
00-0017697,Terrence Wilkins,WR,1999,16,REG,1999_16_IND_CLE,IND,CLE,0,0,0,0,0,0,0,0,0,0,0,0,3,7,28,0,2,0,0,0,,0,0,0,0,0,0,0,0,0,0,0,,0
00-0017847,Karl Williams,WR,1999,16,REG,1999_16_GB_TB,TB,GB,0,0,0,0,0,0,0,0,0,0,0,0,2,2,17,0,1,0,0,0,,0,0,0,0,0,0,0,0,0,0,0,,0
00-0017860,Kevin R. Williams,WR,1999,16,REG,1999_16_BUF_NE,BUF,NE,0,0,0,0,0,0,0,0,0,0,0,0,2,3,24,0,1,0,0,0,,0,0,0,0,0,0,0,0,0,0,0,,0
00-0017892,Moe Williams,RB,1999,16,REG,1999_16_MIN_NYG,MIN,NYG,0,0,0,0,0,0,0,2,3,0,0,0,0,0,0,0,0,0,0,0,,0,0,0,0,0,0,0,0,0,0,0,,0
00-0017915,Ricky Williams,RB,1999,16,REG,1999_16_DAL_NO,NO,DAL,0,1,0,0,0,0,0,23,61,0,3,0,3,4,31,0,2,0,0,0,,0,0,0,0,0,0,0,0,0,0,0,,0
00-0017924,Roland Williams,TE,1999,16,REG,1999_16_CHI_STL,LA,CHI,0,0,0,0,0,0,0,0,0,0,0,0,2,2,4,1,1,0,0,0,,0,0,0,0,0,0,0,0,0,0,0,,0
00-0018141,Jon Witman,FB,1999,16,REG,1999_16_CAR_PIT,PIT,CAR,0,0,0,0,0,0,0,0,0,0,0,0,1,2,6,0,0,0,0,0,,0,0,0,0,0,0,0,0,0,0,0,,0
00-0018343,Frank Wycheck,TE,1999,16,REG,1999_16_JAX_TEN,TEN,JAX,0,0,0,0,0,0,0,0,0,0,0,0,9,12,64,0,5,0,0,0,,0,0,0,0,0,0,0,0,0,0,0,,0
00-0018382,Craig Yeast,WR,1999,16,REG,1999_16_CIN_BAL,CIN,BAL,0,0,0,0,0,0,0,0,0,0,0,0,0,1,0,0,0,0,0,0,,0,0,0,0,0,0,0,0,0,0,0,,0
00-0018608,Reggie Davis,TE,1999,16,REG,1999_16_OAK_SD,LAC,LV,0,0,0,0,0,0,0,0,0,0,0,0,1,3,5,0,0,0,0,0,,0,0,0,0,0,0,0,0,0,0,0,,0
00-0000098,Louie Aguiar,P,1999,17,REG,1999_17_ARI_GB,GB,ARI,0,0,0,0,0,0,0,0,0,0,0,0,0,0,0,0,0,0,0,0,,0,0,0,0,0,0,0,0,3,91,91,36,1
00-0000104,Troy Aikman,QB,1999,17,REG,1999_17_NYG_DAL,DAL,NYG,23,32,288,2,0,0,0,3,-2,0,0,0,0,0,0,0,0,0,0,0,,0,0,0,0,0,0,0,0,0,0,0,,0
00-0000108,David Akers,K,1999,17,REG,1999_17_STL_PHI,PHI,LA,0,0,0,0,0,0,0,0,0,0,0,0,0,0,0,0,0,0,1,1,46,0,0,0,1,0,0,2,2,0,0,0,,0
00-0000145,Derrick Alexander,WR,1999,17,REG,1999_17_OAK_KC,KC,LV,0,0,0,0,0,0,0,0,0,0,0,0,1,8,18,0,1,0,0,0,,0,0,0,0,0,0,0,0,0,0,0,,0
00-0000166,Stephen Alexander,TE,1999,17,REG,1999_17_MIA_WAS,WAS,MIA,0,0,0,0,0,0,0,0,0,0,0,0,2,4,38,0,2,0,0,0,,0,0,0,0,0,0,0,0,0,0,0,,0
00-0000172,Brian Alford,WR,1999,17,REG,1999_17_NYG_DAL,NYG,DAL,0,0,0,0,0,0,0,0,0,0,0,0,1,4,7,1,1,0,0,0,,0,0,0,0,0,0,0,0,0,0,0,,0
00-0000210,James Allen,RB,1999,17,REG,1999_17_TB_CHI,CHI,TB,0,0,0,0,0,0,0,12,43,0,3,0,3,5,26,0,0,0,0,0,,0,0,0,0,0,0,0,0,0,0,0,,0
00-0000232,Terry Allen,RB,1999,17,REG,1999_17_BAL_NE,NE,BAL,0,0,0,0,0,0,0,13,26,0,1,0,0,1,0,0,0,0,0,0,,0,0,0,0,0,0,0,0,0,0,0,,0
00-0000251,Mike Alstott,FB,1999,17,REG,1999_17_TB_CHI,TB,CHI,0,0,0,0,0,0,0,22,64,1,3,0,4,5,19,0,0,0,0,0,,0,0,0,0,0,0,0,0,0,0,0,,0
00-0000282,Morten Andersen,K,1999,17,REG,1999_17_SF_ATL,ATL,SF,0,0,0,0,0,0,0,0,0,0,0,0,0,0,0,0,0,0,2,3,49,0,0,1,1,0,0,4,4,0,0,0,,0
00-0000313,Gary Anderson,K,1999,17,REG,1999_17_DET_MIN,MIN,DET,0,0,0,0,0,0,0,0,0,0,0,0,0,0,0,0,0,0,1,2,44,0,0,0,1,0,0,3,3,0,0,0,,0
00-0000339,Richie Anderson,FB,1999,17,REG,1999_17_SEA_NYJ,NYJ,SEA,0,0,0,0,0,0,0,1,2,0,0,0,3,5,43,0,2,0,0,0,,0,0,0,0,0,0,0,0,0,0,0,,0
00-0000400,Leo Araguz,P,1999,17,REG,1999_17_OAK_KC,LV,KC,0,0,0,0,0,0,0,0,0,0,0,0,0,0,0,0,0,0,0,0,,0,0,0,0,0,0,0,0,9,391,265,51,3
00-0000422,Justin Armour,WR,1999,17,REG,1999_17_BAL_NE,BAL,NE,0,0,0,0,0,0,0,0,0,0,0,0,2,5,22,0,1,0,0,0,,0,0,0,0,0,0,0,0,0,0,0,,0
00-0000627,Eugene Baker,WR,1999,17,REG,1999_17_SF_ATL,ATL,SF,0,0,0,0,0,0,0,0,0,0,0,0,0,1,0,0,0,0,0,0,,0,0,0,0,0,0,0,0,0,0,0,,0
00-0000722,Tony Banks,QB,1999,17,REG,1999_17_BAL_NE,BAL,NE,18,26,163,0,1,4,-28,2,7,0,0,0,0,0,0,0,0,0,0,0,,0,0,0,0,0,0,0,0,0,0,0,,0
00-0000745,Tiki Barber,RB,1999,17,REG,1999_17_NYG_DAL,NYG,DAL,0,0,0,0,0,0,0,1,3,0,0,0,13,14,100,0,5,0,0,0,,0,0,0,0,0,0,0,0,0,0,0,,0
00-0000754,Bryan Barker,P,1999,17,REG,1999_17_CIN_JAX,JAX,CIN,0,0,0,0,0,0,0,0,0,0,0,0,0,0,0,0,0,0,0,0,,0,0,0,0,0,0,0,0,2,96,87,52,1
00-0000811,Tommy Barnhardt,P,1999,17,REG,1999_17_NO_CAR,NO,CAR,0,0,0,0,0,0,0,0,0,0,0,0,0,0,0,0,0,0,0,0,,0,0,0,0,0,0,0,0,7,300,240,48,1
00-0000849,Mike Bartrum,TE,1999,17,REG,1999_17_BAL_NE,NE,BAL,0,0,0,0,0,0,0,0,0,0,0,0,1,1,1,1,1,0,0,0,,0,0,0,0,0,0,0,0,0,0,0,,0
00-0000856,Michael Basnight,RB,1999,17,REG,1999_17_CIN_JAX,CIN,JAX,0,0,0,0,0,0,0,10,86,0,3,0,3,3,58,0,1,0,0,0,,0,0,0,0,0,0,0,0,0,0,0,,0
00-0000865,Charlie Batch,QB,1999,17,REG,1999_17_DET_MIN,DET,MIN,17,24,161,1,0,3,-20,0,0,0,0,0,0,0,0,0,0,0,0,0,,0,0,0,0,0,0,0,0,0,0,0,,0
00-0000871,Mario Bates,RB,1999,17,REG,1999_17_ARI_GB,ARI,GB,0,0,0,0,0,0,0,17,64,1,5,0,3,3,35,0,2,0,0,0,,0,0,0,0,0,0,0,0,0,0,0,,0
00-0000883,Marco Battaglia,TE,1999,17,REG,1999_17_CIN_JAX,CIN,JAX,0,0,0,0,0,0,0,0,0,0,0,0,1,1,9,0,0,0,0,0,,0,0,0,0,0,0,0,0,0,0,0,,0
00-0000942,Fred Beasley,FB,1999,17,REG,1999_17_SF_ATL,SF,ATL,0,0,0,0,0,0,0,0,0,0,0,0,2,3,12,0,1,0,0,0,,0,0,0,0,0,0,0,0,0,0,0,,0
00-0001101,Darren Bennett,P,1999,17,REG,1999_17_SD_DEN,LAC,DEN,0,0,0,0,0,0,0,0,0,0,0,0,0,0,0,0,0,0,0,0,,0,0,0,0,0,0,0,0,5,241,236,53,3
00-0001102,Donnell Bennett,FB,1999,17,REG,1999_17_OAK_KC,KC,LV,0,0,0,0,0,0,0,20,84,0,4,0,1,1,0,0,0,0,0,0,,0,0,0,0,0,0,0,0,0,0,0,,0
00-0001112,Sean Bennett,RB,1999,17,REG,1999_17_NYG_DAL,NYG,DAL,0,0,0,0,0,0,0,4,33,0,1,0,0,0,0,0,0,0,0,0,,0,0,0,0,0,0,0,0,0,0,0,,0
00-0001157,Mitch Berger,P,1999,17,REG,1999_17_DET_MIN,MIN,DET,0,0,0,0,0,0,0,0,0,0,0,0,0,0,0,0,0,0,0,0,,0,0,0,0,0,0,0,0,1,41,32,41,0
00-0001215,Jerome Bettis,RB,1999,17,REG,1999_17_TEN_PIT,PIT,TEN,0,0,0,0,0,0,0,15,61,1,4,0,0,1,0,0,0,0,0,0,,0,0,0,0,0,0,0,0,0,0,0,,0
00-0001218,Steve Beuerlein,QB,1999,17,REG,1999_17_NO_CAR,CAR,NO,22,41,322,5,0,6,-34,1,4,0,0,0,0,0,0,0,0,0,0,0,,0,0,0,0,0,0,0,0,0,0,0,,0
00-0001224,Tim Biakabutuka,RB,1999,17,REG,1999_17_NO_CAR,CAR,NO,0,0,0,0,0,0,0,8,24,0,0,0,4,4,21,0,2,0,0,0,,0,0,0,0,0,0,0,0,0,0,0,,0
00-0001335,Jeff Blake,QB,1999,17,REG,1999_17_CIN_JAX,CIN,JAX,13,23,141,0,2,3,-15,3,3,0,0,0,0,0,0,0,0,0,0,0,,0,0,0,0,0,0,0,0,0,0,0,,0
00-0001343,Cary Blanchard,K,1999,17,REG,1999_17_NYG_DAL,NYG,DAL,0,0,0,0,0,0,0,0,0,0,0,0,0,0,0,0,0,0,1,1,29,0,1,0,0,0,0,1,1,0,0,0,,0
00-0001361,Drew Bledsoe,QB,1999,17,REG,1999_17_BAL_NE,NE,BAL,15,25,108,1,1,2,-6,3,0,0,1,0,0,0,0,0,0,0,0,0,,0,0,0,0,0,0,0,0,0,0,0,,0
00-0001477,Marty Booker,WR,1999,17,REG,1999_17_TB_CHI,CHI,TB,0,0,0,0,0,0,0,0,0,0,0,0,4,7,29,0,2,0,0,0,,0,0,0,0,0,0,0,0,0,0,0,,0
00-0001532,David Boston,WR,1999,17,REG,1999_17_ARI_GB,ARI,GB,0,0,0,0,0,0,0,0,0,0,0,0,4,9,52,0,3,0,0,0,,0,0,0,0,0,0,0,0,0,0,0,,0
00-0001627,Corey Bradford,WR,1999,17,REG,1999_17_ARI_GB,GB,ARI,0,0,0,0,0,0,0,0,0,0,0,0,3,6,41,0,1,0,0,0,,0,0,0,0,0,0,0,0,0,0,0,,0
00-0001661,Kyle Brady,TE,1999,17,REG,1999_17_CIN_JAX,JAX,CIN,0,0,0,0,0,0,0,0,0,0,0,0,3,4,32,0,2,0,0,0,,0,0,0,0,0,0,0,0,0,0,0,,0
00-0001719,Chris Brazzell,WR,1999,17,REG,1999_17_NYG_DAL,DAL,NYG,0,0,0,0,0,0,0,0,0,0,0,0,1,1,19,0,1,0,0,0,,0,0,0,0,0,0,0,0,0,0,0,,0
00-0001759,Doug Brien,K,1999,17,REG,1999_17_NO_CAR,NO,CAR,0,0,0,0,0,0,0,0,0,0,0,0,0,0,0,0,0,0,0,0,,0,0,0,0,0,0,1,1,0,0,0,,0
00-0001783,Vincent Brisby,WR,1999,17,REG,1999_17_BAL_NE,NE,BAL,0,0,0,0,0,0,0,0,0,0,0,0,1,3,10,0,1,0,0,0,,0,0,0,0,0,0,0,0,0,0,0,,0
00-0001862,Luther Broughton,TE,1999,17,REG,1999_17_STL_PHI,PHI,LA,0,0,0,0,0,0,0,0,0,0,0,0,1,3,6,0,0,0,0,0,,0,0,0,0,0,0,0,0,0,0,0,,0
00-0001980,Kris Brown,K,1999,17,REG,1999_17_TEN_PIT,PIT,TEN,0,0,0,0,0,0,0,0,0,0,0,0,0,0,0,0,0,0,0,0,,0,0,0,0,0,0,4,4,0,0,0,,0
00-0002005,Na Brown,WR,1999,17,REG,1999_17_STL_PHI,PHI,LA,0,0,0,0,0,0,0,0,0,0,0,0,3,5,26,0,2,0,0,0,,0,0,0,0,0,0,0,0,0,0,0,,0
00-0002027,Reggie Brown,FB,1999,17,REG,1999_17_SEA_NYJ,SEA,NYJ,0,0,0,0,0,0,0,1,0,0,0,0,5,7,30,0,0,0,0,0,,0,0,0,0,0,0,0,0,0,0,0,,0
00-0002058,Tim Brown,WR,1999,17,REG,1999_17_OAK_KC,LV,KC,0,0,0,0,0,0,0,0,0,0,0,0,6,13,122,0,4,0,0,0,,0,0,0,0,0,0,0,0,0,0,0,,0
00-0002068,Troy Brown,WR,1999,17,REG,1999_17_BAL_NE,NE,BAL,0,1,0,0,0,0,0,0,0,0,0,0,5,5,19,0,0,0,0,0,,0,0,0,0,0,0,0,0,0,0,0,,0
00-0002099,Isaac Bruce,WR,1999,17,REG,1999_17_STL_PHI,LA,PHI,0,0,0,0,0,0,0,0,0,0,0,0,0,3,0,0,0,0,0,0,,0,0,0,0,0,0,0,0,0,0,0,,0
00-0002459,Kenny Bynum,RB,1999,17,REG,1999_17_SD_DEN,LAC,DEN,0,0,0,0,0,0,0,2,6,0,1,0,1,1,5,0,0,0,0,0,,0,0,0,0,0,0,0,0,0,0,0,,0
00-0002469,Isaac Byrd,WR,1999,17,REG,1999_17_TEN_PIT,TEN,PIT,0,0,0,0,0,0,0,0,0,0,0,0,2,2,25,0,1,1,0,0,,0,0,0,0,0,0,0,0,0,0,0,,0
00-0002655,John Carney,K,1999,17,REG,1999_17_SD_DEN,LAC,DEN,0,0,0,0,0,0,0,0,0,0,0,0,0,0,0,0,0,0,2,3,28,0,2,0,0,0,0,0,1,0,0,0,,0
00-0002709,Dwayne Carswell,OT,1999,17,REG,1999_17_SD_DEN,DEN,LAC,0,0,0,0,0,0,0,0,0,0,0,0,1,4,8,0,0,0,0,0,,0,0,0,0,0,0,0,0,0,0,0,,0
00-0002713,Tony Carter,RB,1999,17,REG,1999_17_BAL_NE,NE,BAL,0,0,0,0,0,0,0,0,0,0,0,0,1,1,4,0,0,0,0,0,,0,0,0,0,0,0,0,0,0,0,0,,0
00-0002721,Cris Carter,WR,1999,17,REG,1999_17_DET_MIN,MIN,DET,0,0,0,0,0,0,0,0,0,0,0,0,3,5,52,0,3,0,0,0,,0,0,0,0,0,0,0,0,0,0,0,,0
00-0002787,Stoney Case,QB,1999,17,REG,1999_17_BAL_NE,BAL,NE,8,14,88,0,1,3,-29,1,5,0,1,0,0,0,0,0,0,0,0,0,,0,0,0,0,0,0,0,0,0,0,0,,0
00-0002846,Larry Centers,FB,1999,17,REG,1999_17_MIA_WAS,WAS,MIA,0,0,0,0,0,0,0,1,1,0,0,0,4,4,36,1,3,0,0,0,,0,0,0,0,0,0,0,0,0,0,0,,0
00-0002861,Byron Chamberlain,TE,1999,17,REG,1999_17_SD_DEN,DEN,LAC,0,0,0,0,0,0,0,0,0,0,0,0,1,4,14,0,1,0,0,0,,0,0,0,0,0,0,0,0,0,0,0,,0
00-0002876,Chris Chandler,QB,1999,17,REG,1999_17_SF_ATL,ATL,SF,19,36,306,3,0,0,0,2,2,0,1,0,0,0,0,0,0,0,0,0,,0,0,0,0,0,0,0,0,0,0,0,,0
00-0002962,Wayne Chrebet,WR,1999,17,REG,1999_17_SEA_NYJ,NYJ,SEA,0,0,0,0,0,0,0,0,0,0,0,0,5,8,88,0,5,0,0,0,,0,0,0,0,0,0,0,0,0,0,0,,0
00-0002970,Bob Christian,FB,1999,17,REG,1999_17_SF_ATL,ATL,SF,0,0,0,0,0,0,0,3,8,0,0,0,1,4,7,0,1,0,0,0,,0,0,0,0,0,0,0,0,0,0,0,,0
00-0002975,Steve Christie,K,1999,17,REG,1999_17_IND_BUF,BUF,IND,0,0,0,0,0,0,0,0,0,0,0,0,0,0,0,0,0,0,1,1,19,1,0,0,0,0,0,4,4,0,0,0,,0
00-0003039,Greg Clark,TE,1999,17,REG,1999_17_SF_ATL,SF,ATL,0,0,0,0,0,0,0,0,0,0,0,0,1,1,18,0,1,0,0,0,,0,0,0,0,0,0,0,0,0,0,0,,0
00-0003136,Mike Cloud,RB,1999,17,REG,1999_17_OAK_KC,KC,LV,0,0,0,0,0,0,0,1,1,0,0,0,0,0,0,0,0,0,0,0,,0,0,0,0,0,0,0,0,0,0,0,,0
00-0003142,Ben Coates,TE,1999,17,REG,1999_17_BAL_NE,NE,BAL,0,0,0,0,0,0,0,0,0,0,0,0,3,4,35,0,2,0,0,0,,0,0,0,0,0,0,0,0,0,0,0,,0
00-0003175,Mac Cody,WR,1999,17,REG,1999_17_ARI_GB,ARI,GB,0,0,0,0,0,0,0,0,0,0,0,0,1,1,9,1,1,0,0,0,,0,0,0,0,0,0,0,0,0,0,0,,0
00-0003266,Bobby Collins,TE,1999,17,REG,1999_17_IND_BUF,BUF,IND,0,0,0,0,0,0,0,0,0,0,0,0,2,3,8,1,2,0,0,0,,0,0,0,0,0,0,0,0,0,0,0,,0
00-0003292,Kerry Collins,QB,1999,17,REG,1999_17_NYG_DAL,NYG,DAL,30,47,316,1,1,1,-8,1,0,0,0,0,0,0,0,0,0,0,0,0,,0,0,0,0,0,0,0,0,0,0,0,,0
00-0003344,Greg Comella,RB,1999,17,REG,1999_17_NYG_DAL,NYG,DAL,0,0,0,0,0,0,0,0,0,0,0,0,5,5,37,0,1,0,0,0,,0,0,0,0,0,0,0,0,0,0,0,,0
00-0003395,Brett Conway,K,1999,17,REG,1999_17_MIA_WAS,WAS,MIA,0,0,0,0,0,0,0,0,0,0,0,0,0,0,0,0,0,0,0,1,,0,0,0,0,0,0,3,3,0,0,0,,0
00-0003400,Ernie Conwell,TE,1999,17,REG,1999_17_STL_PHI,LA,PHI,0,0,0,0,0,0,0,0,0,0,0,0,1,2,11,0,1,0,0,0,,0,0,0,0,0,0,0,0,0,0,0,,0
00-0003512,Brad Costello,P,1999,17,REG,1999_17_CIN_JAX,CIN,JAX,0,0,0,0,0,0,0,0,0,0,0,0,0,0,0,0,0,0,0,0,,0,0,0,0,0,0,0,0,5,181,151,44,0
00-0003610,Aaron Craver,FB,1999,17,REG,1999_17_NO_CAR,NO,CAR,0,0,0,0,0,0,0,1,3,0,0,0,0,2,0,0,0,0,0,0,,0,0,0,0,0,0,0,0,0,0,0,,0
00-0003663,Zack Crockett,RB,1999,17,REG,1999_17_OAK_KC,LV,KC,0,0,0,0,0,0,0,4,5,0,0,0,2,2,21,1,1,0,0,0,,0,0,0,0,0,0,0,0,0,0,0,,0
00-0003681,Howard Cross,TE,1999,17,REG,1999_17_NYG_DAL,NYG,DAL,0,0,0,0,0,0,0,0,0,0,0,0,0,3,0,0,0,0,0,0,,0,0,0,0,0,0,0,0,0,0,0,,0
00-0003700,Germane Crowell,WR,1999,17,REG,1999_17_DET_MIN,DET,MIN,0,0,0,0,0,0,0,0,0,0,0,0,8,13,120,0,6,0,0,0,,0,0,0,0,0,0,0,0,0,0,0,,0
00-0003762,Richie Cunningham,K,1999,17,REG,1999_17_NO_CAR,CAR,NO,0,0,0,0,0,0,0,0,0,0,0,0,0,0,0,0,0,0,1,1,27,0,1,0,0,0,0,6,6,0,0,0,,0
00-0003803,Matt Cushing,TE,1999,17,REG,1999_17_TEN_PIT,PIT,TEN,0,0,0,0,0,0,0,0,0,0,0,0,2,2,29,0,1,0,0,0,,0,0,0,0,0,0,0,0,0,0,0,,0
00-0003944,Billy Davis,WR,1999,17,REG,1999_17_BAL_NE,BAL,NE,0,0,0,0,0,0,0,0,0,0,0,0,0,1,0,0,0,0,0,0,,0,0,0,0,0,0,0,0,0,0,0,,0
00-0004077,Sean Dawkins,WR,1999,17,REG,1999_17_SEA_NYJ,SEA,NYJ,0,0,0,0,0,0,0,0,0,0,0,0,4,11,66,0,3,0,0,0,,0,0,0,0,0,0,0,0,0,0,0,,0
00-0004079,Lawrence Dawsey,WR,1999,17,REG,1999_17_NO_CAR,NO,CAR,0,0,0,0,0,0,0,0,0,0,0,0,5,8,32,0,2,0,0,0,,0,0,0,0,0,0,0,0,0,0,0,,0
00-0004147,Al Del Greco,K,1999,17,REG,1999_17_TEN_PIT,TEN,PIT,0,0,0,0,0,0,0,0,0,0,0,0,0,0,0,0,0,0,1,1,42,0,0,0,1,0,0,6,6,0,0,0,,0
00-0004161,Jake Delhomme,QB,1999,17,REG,1999_17_NO_CAR,NO,CAR,26,49,243,1,4,3,-13,8,78,1,5,0,0,0,0,0,0,0,0,0,,0,0,0,0,0,0,0,0,0,0,0,,0
00-0004200,Autry Denson,RB,1999,17,REG,1999_17_MIA_WAS,MIA,WAS,0,0,0,0,0,0,0,21,80,0,5,0,3,4,26,0,1,0,0,0,,0,0,0,0,0,0,0,0,0,0,0,,0
00-0004294,Ken Dilger,TE,1999,17,REG,1999_17_IND_BUF,IND,BUF,0,0,0,0,0,0,0,0,0,0,0,0,5,7,52,0,4,0,0,0,,0,0,0,0,0,0,0,0,0,0,0,,0
00-0004463,Dameane Douglas,WR,1999,17,REG,1999_17_STL_PHI,PHI,LA,0,0,0,0,0,0,0,0,0,0,0,0,0,1,0,0,0,0,0,0,,0,0,0,0,0,0,0,0,0,0,0,,0
00-0004541,Donald Driver,WR,1999,17,REG,1999_17_ARI_GB,GB,ARI,0,0,0,0,0,0,0,0,0,0,0,0,0,2,0,0,0,0,0,0,,0,0,0,0,0,0,0,0,0,0,0,,0
00-0004574,Rickey Dudley,TE,1999,17,REG,1999_17_OAK_KC,LV,KC,0,0,0,0,0,0,0,0,0,0,0,0,2,2,51,0,2,0,0,0,,0,0,0,0,0,0,0,0,0,0,0,,0
00-0004640,Warrick Dunn,RB,1999,17,REG,1999_17_TB_CHI,TB,CHI,0,0,0,0,0,0,0,16,80,0,3,0,1,1,3,0,0,0,0,0,,0,0,0,0,0,0,0,0,0,0,0,,0
00-0004673,Tim Dwight,WR,1999,17,REG,1999_17_SF_ATL,ATL,SF,0,0,0,0,0,0,0,0,0,0,0,0,7,9,162,2,7,0,0,0,,0,0,0,0,0,0,0,0,0,0,0,,0
00-0004694,Kevin Dyson,WR,1999,17,REG,1999_17_TEN_PIT,TEN,PIT,0,0,0,0,0,0,0,0,0,0,0,0,2,4,34,0,2,0,0,0,,0,0,0,0,0,0,0,0,0,0,0,,0
00-0004780,Troy Edwards,WR,1999,17,REG,1999_17_TEN_PIT,PIT,TEN,0,0,0,0,0,0,0,0,0,0,0,0,3,5,27,0,2,0,0,0,,0,0,0,0,0,0,0,0,0,0,0,,0
00-0004811,Jason Elam,K,1999,17,REG,1999_17_SD_DEN,DEN,LAC,0,0,0,0,0,0,0,0,0,0,0,0,0,0,0,0,0,0,2,2,50,0,0,1,0,1,0,0,0,0,0,0,,0
00-0004824,Keith Elias,RB,1999,17,REG,1999_17_IND_BUF,IND,BUF,0,0,0,0,0,0,0,1,-6,0,0,0,2,3,8,0,0,0,0,0,,0,0,0,0,0,0,0,0,0,0,0,,0
00-0004888,Bert Emanuel,WR,1999,17,REG,1999_17_TB_CHI,TB,CHI,0,0,0,0,0,0,0,0,0,0,0,0,1,2,22,0,1,0,0,0,,0,0,0,0,0,0,0,0,0,0,0,,0
00-0004915,Bobby Engram,WR,1999,17,REG,1999_17_TB_CHI,CHI,TB,0,0,0,0,0,0,0,0,0,0,0,0,3,9,32,0,1,0,0,0,,0,0,0,0,0,0,0,0,0,0,0,,0
00-0004972,Chuck Evans,RB,1999,17,REG,1999_17_BAL_NE,BAL,NE,0,0,0,0,0,0,0,2,12,0,0,0,4,4,22,0,1,0,0,0,,0,0,0,0,0,0,0,0,0,0,0,,0
00-0005092,Marshall Faulk,RB,1999,17,REG,1999_17_STL_PHI,LA,PHI,0,0,0,0,0,0,0,6,79,1,3,0,3,4,27,1,2,0,0,0,,0,0,0,0,0,0,0,0,0,0,0,,0
00-0005101,Christian Fauria,TE,1999,17,REG,1999_17_SEA_NYJ,SEA,NYJ,0,0,0,0,0,0,0,0,0,0,0,0,3,6,24,0,3,0,0,0,,0,0,0,0,0,0,0,0,0,0,0,,0
00-0005106,Brett Favre,QB,1999,17,REG,1999_17_ARI_GB,GB,ARI,21,34,311,2,1,2,-12,1,20,0,1,0,0,0,0,0,0,0,0,0,,0,0,0,0,0,0,0,0,0,0,0,,0
00-0005110,Jermaine Fazande,RB,1999,17,REG,1999_17_SD_DEN,LAC,DEN,0,0,0,0,0,0,0,30,183,1,8,2,0,0,0,0,0,0,0,0,,0,0,0,0,0,0,0,0,0,0,0,,0
00-0005113,Jeff Feagles,P,1999,17,REG,1999_17_SEA_NYJ,SEA,NYJ,0,0,0,0,0,0,0,0,0,0,0,0,0,0,0,0,0,0,0,0,,0,0,0,0,0,0,0,0,6,262,228,50,2
00-0005180,Jay Fiedler,QB,1999,17,REG,1999_17_CIN_JAX,JAX,CIN,28,39,317,1,0,2,-12,2,-2,0,0,0,0,0,0,0,0,0,0,0,,0,0,0,0,0,0,0,0,0,0,0,,0
00-0005324,Terrell Fletcher,RB,1999,17,REG,1999_17_SD_DEN,LAC,DEN,0,0,0,0,0,0,0,1,0,0,0,0,1,1,7,0,1,0,0,0,,0,0,0,0,0,0,0,0,0,0,0,,0
00-0005348,Chris Floyd,FB,1999,17,REG,1999_17_BAL_NE,NE,BAL,0,0,0,0,0,0,0,0,0,0,0,0,0,1,0,0,0,0,0,0,,0,0,0,0,0,0,0,0,0,0,0,,0
00-0005361,William Floyd,FB,1999,17,REG,1999_17_NO_CAR,CAR,NO,0,0,0,0,0,0,0,0,0,0,0,0,1,2,3,0,0,0,0,0,,0,0,0,0,0,0,0,0,0,0,0,,0
00-0005532,,,1999,17,REG,1999_17_NO_CAR,NO,CAR,0,0,0,0,0,0,0,0,0,0,0,0,1,2,8,0,1,0,0,0,,0,0,0,0,0,0,0,0,0,0,0,,0
00-0005562,Antonio Freeman,WR,1999,17,REG,1999_17_ARI_GB,GB,ARI,0,0,0,0,0,0,0,0,0,0,0,0,1,1,46,0,1,0,0,0,,0,0,0,0,0,0,0,0,0,0,0,,0
00-0005589,Gus Frerotte,QB,1999,17,REG,1999_17_DET_MIN,DET,MIN,14,22,180,1,1,4,-35,0,0,0,0,0,0,0,0,0,0,0,0,0,,0,0,0,0,0,0,0,0,0,0,0,,0
00-0005616,Irving Fryar,WR,1999,17,REG,1999_17_MIA_WAS,WAS,MIA,0,0,0,0,0,0,0,0,0,0,0,0,1,2,30,1,1,0,0,0,,0,0,0,0,0,0,0,0,0,0,0,,0
00-0005668,Oronde Gadsden,WR,1999,17,REG,1999_17_MIA_WAS,MIA,WAS,0,0,0,0,0,0,0,0,0,0,0,0,9,13,114,1,8,0,0,0,,0,0,0,0,0,0,0,0,0,0,0,,0
00-0005720,Joey Galloway,WR,1999,17,REG,1999_17_SEA_NYJ,SEA,NYJ,0,0,0,0,0,0,0,0,0,0,0,0,1,6,17,0,1,0,0,0,,0,0,0,0,0,0,0,0,0,0,0,,0
00-0005741,Rich Gannon,QB,1999,17,REG,1999_17_OAK_KC,LV,KC,25,47,324,3,2,4,-22,0,0,0,0,0,0,0,0,0,0,0,0,0,,0,0,0,0,0,0,0,0,0,0,0,,0
00-0005755,Jeff Garcia,QB,1999,17,REG,1999_17_SF_ATL,SF,ATL,26,33,373,2,0,1,-10,6,36,1,1,0,0,0,0,0,0,0,0,0,,0,0,0,0,0,0,0,0,0,0,0,,0
00-0005779,Charlie Garner,RB,1999,17,REG,1999_17_SF_ATL,SF,ATL,0,0,0,0,0,0,0,9,29,0,1,0,0,0,0,0,0,0,0,0,,0,0,0,0,0,0,0,0,0,0,0,,0
00-0005816,Olandis Gary,RB,1999,17,REG,1999_17_SD_DEN,DEN,LAC,0,0,0,0,0,0,0,18,38,0,1,1,3,5,11,0,1,0,0,0,,0,0,0,0,0,0,0,0,0,0,0,,0
00-0005883,Eddie George,RB,1999,17,REG,1999_17_TEN_PIT,TEN,PIT,0,0,0,0,0,0,0,8,32,0,1,0,0,0,0,0,0,0,0,0,,0,0,0,0,0,0,0,0,0,0,0,,0
00-0005885,Jeff George,QB,1999,17,REG,1999_17_DET_MIN,MIN,DET,14,24,275,1,2,5,-33,1,-1,0,0,0,0,0,0,0,0,0,0,0,,0,0,0,0,0,0,0,0,0,0,0,,0
00-0005902,Joe Germaine,QB,1999,17,REG,1999_17_STL_PHI,LA,PHI,9,16,136,1,2,3,-23,1,2,0,0,0,0,0,0,0,0,0,0,0,,0,0,0,0,0,0,0,0,0,0,0,,0
00-0005903,Jammi German,WR,1999,17,REG,1999_17_SF_ATL,ATL,SF,0,0,0,0,0,0,0,0,0,0,0,0,1,3,17,0,1,0,0,0,,0,0,0,0,0,0,0,0,0,0,0,,0
00-0006047,Andrew Glover,TE,1999,17,REG,1999_17_DET_MIN,MIN,DET,0,0,0,0,0,0,0,0,0,0,0,0,1,3,23,0,1,0,0,0,,0,0,0,0,0,0,0,0,0,0,0,,0
00-0006101,Tony Gonzalez,TE,1999,17,REG,1999_17_OAK_KC,KC,LV,0,0,0,0,0,0,0,0,0,0,0,0,6,10,56,1,4,0,0,0,,0,0,0,0,0,0,0,0,0,0,0,,0
00-0006133,Hunter Goodwin,TE,1999,17,REG,1999_17_MIA_WAS,MIA,WAS,0,0,0,0,0,0,0,0,0,0,0,0,1,2,9,0,1,0,0,0,,0,0,0,0,0,0,0,0,0,0,0,,0
00-0006155,Lennox Gordon,RB,1999,17,REG,1999_17_IND_BUF,BUF,IND,0,0,0,0,0,0,0,3,5,0,0,0,0,0,0,0,0,0,0,0,,0,0,0,0,0,0,0,0,0,0,0,,0
00-0006181,Toby Gowin,P,1999,17,REG,1999_17_NYG_DAL,DAL,NYG,0,0,0,0,0,0,0,0,0,0,0,0,0,0,0,0,0,0,0,0,,0,0,0,0,0,0,0,0,2,84,64,43,1
00-0006210,Jeff Graham,WR,1999,17,REG,1999_17_SD_DEN,LAC,DEN,0,0,0,0,0,0,0,0,0,0,0,0,6,9,102,0,4,0,0,0,,0,0,0,0,0,0,0,0,0,0,0,,0
00-0006223,Martin Gramatica,K,1999,17,REG,1999_17_TB_CHI,TB,CHI,0,0,0,0,0,0,0,0,0,0,0,0,0,0,0,0,0,0,2,3,33,0,1,1,0,0,0,2,2,0,0,0,,0
00-0006300,Elvis Grbac,QB,1999,17,REG,1999_17_OAK_KC,KC,LV,20,39,243,3,0,1,-3,0,0,0,0,0,0,0,0,0,0,0,0,0,,0,0,0,0,0,0,0,0,0,0,0,,0
00-0006305,Ahman Green,RB,1999,17,REG,1999_17_SEA_NYJ,SEA,NYJ,0,0,0,0,0,0,0,1,4,0,0,0,0,0,0,0,0,0,0,0,,0,0,0,0,0,0,0,0,0,0,0,,0
00-0006322,E.G. Green,WR,1999,17,REG,1999_17_IND_BUF,IND,BUF,0,0,0,0,0,0,0,0,0,0,0,0,1,3,4,0,0,0,0,0,,0,0,0,0,0,0,0,0,0,0,0,,0
00-0006331,Jacquez Green,WR,1999,17,REG,1999_17_TB_CHI,TB,CHI,0,0,0,0,0,0,0,0,0,0,0,0,10,14,113,0,7,0,0,0,,0,0,0,0,0,0,0,0,0,0,0,,0
00-0006359,Yatil Green,WR,1999,17,REG,1999_17_MIA_WAS,MIA,WAS,0,0,0,0,0,0,0,0,0,0,0,0,1,10,13,0,1,0,0,0,,0,0,0,0,0,0,0,0,0,0,0,,0
00-0006423,Brian Griese,QB,1999,17,REG,1999_17_SD_DEN,DEN,LAC,23,44,211,0,0,4,-20,2,4,0,0,0,0,0,0,0,0,0,0,0,,0,0,0,0,0,0,0,0,0,0,0,,0
00-0006456,Howard Griffith,RB,1999,17,REG,1999_17_SD_DEN,DEN,LAC,0,0,0,0,0,0,0,1,2,0,1,0,1,2,1,0,0,0,0,0,,0,0,0,0,0,0,0,0,0,0,0,,0
00-0006482,Clif Groce,FB,1999,17,REG,1999_17_CIN_JAX,CIN,JAX,0,0,0,0,0,0,0,1,1,0,1,0,1,1,14,0,1,0,0,0,,0,0,0,0,0,0,0,0,0,0,0,,0
00-0006627,Az-Zahir Hakim,WR,1999,17,REG,1999_17_STL_PHI,LA,PHI,0,0,0,0,0,0,0,1,31,0,1,0,2,3,16,0,1,0,0,0,,0,0,0,0,0,0,0,0,0,0,0,,0
00-0006662,John Hall,K,1999,17,REG,1999_17_SEA_NYJ,NYJ,SEA,0,0,0,0,0,0,0,0,0,0,0,0,0,0,0,0,0,0,4,4,35,0,1,3,0,0,0,1,1,0,0,0,,0
00-0006800,Jason Hanson,K,1999,17,REG,1999_17_DET_MIN,DET,MIN,0,0,0,0,0,0,0,0,0,0,0,0,0,0,0,0,0,0,1,2,39,0,0,1,0,0,0,2,2,0,0,0,,0
00-0006803,Byron Hanspard,RB,1999,17,REG,1999_17_SF_ATL,ATL,SF,0,0,0,0,0,0,0,16,27,0,2,0,1,2,4,0,0,0,0,0,,0,0,0,0,0,0,0,0,0,0,0,,0
00-0006808,Jim Harbaugh,QB,1999,17,REG,1999_17_SD_DEN,LAC,DEN,12,19,115,0,2,2,-7,1,5,0,0,0,0,0,0,0,0,0,0,0,,0,0,0,0,0,0,0,0,0,0,0,,0
00-0006848,Terry Hardy,TE,1999,17,REG,1999_17_ARI_GB,ARI,GB,0,0,0,0,0,0,0,0,0,0,0,0,2,5,18,0,1,0,0,0,,0,0,0,0,0,0,0,0,0,0,0,,0
00-0007024,Marvin Harrison,WR,1999,17,REG,1999_17_IND_BUF,IND,BUF,0,0,0,0,0,0,0,0,0,0,0,0,4,5,51,0,2,0,0,0,,0,0,0,0,0,0,0,0,0,0,0,,0
00-0007091,Matt Hasselbeck,QB,1999,17,REG,1999_17_ARI_GB,GB,ARI,0,0,0,0,0,0,0,1,0,0,0,0,0,0,0,0,0,0,0,0,,0,0,0,0,0,0,0,0,0,0,0,,0
00-0007093,Andre Hastings,WR,1999,17,REG,1999_17_NO_CAR,NO,CAR,0,0,0,0,0,0,0,0,0,0,0,0,3,7,50,0,2,0,0,0,,0,0,0,0,0,0,0,0,0,0,0,,0
00-0007144,Donald Hayes,WR,1999,17,REG,1999_17_NO_CAR,CAR,NO,0,0,0,0,0,0,0,0,0,0,0,0,0,2,0,0,0,0,0,0,,0,0,0,0,0,0,0,0,0,0,0,,0
00-0007254,William Henderson,FB,1999,17,REG,1999_17_ARI_GB,GB,ARI,0,0,0,0,0,0,0,0,0,0,0,0,1,1,1,0,0,0,0,0,,0,0,0,0,0,0,0,0,0,0,0,,0
00-0007308,Craig Hentrich,P,1999,17,REG,1999_17_TEN_PIT,TEN,PIT,0,0,0,0,0,0,0,0,0,0,0,0,0,0,0,0,0,0,0,0,,0,0,0,0,0,0,0,0,6,265,243,78,3
00-0007389,Skip Hicks,RB,1999,17,REG,1999_17_MIA_WAS,WAS,MIA,0,0,0,0,0,0,0,22,53,1,4,0,1,1,-1,0,0,0,0,0,,0,0,0,0,0,0,0,0,0,0,0,,0
00-0007468,Ike Hilliard,WR,1999,17,REG,1999_17_NYG_DAL,NYG,DAL,0,0,0,0,0,0,0,0,0,0,0,0,5,6,37,0,3,0,0,0,,0,0,0,0,0,0,0,0,0,0,0,,0
00-0007520,Leroy Hoard,RB,1999,17,REG,1999_17_DET_MIN,MIN,DET,0,0,0,0,0,0,0,7,41,1,5,0,1,1,6,0,1,0,0,0,,0,0,0,0,0,0,0,0,0,0,0,,0
00-0007546,James Hodgins,RB,1999,17,REG,1999_17_STL_PHI,LA,PHI,0,0,0,0,0,0,0,0,0,0,0,0,2,2,11,0,0,0,0,0,,0,0,0,0,0,0,0,0,0,0,0,,0
00-0007579,Robert Holcombe,FB,1999,17,REG,1999_17_STL_PHI,LA,PHI,0,0,0,0,0,0,0,15,86,0,2,1,2,7,20,0,1,0,0,0,,0,0,0,0,0,0,0,0,0,0,0,,0
00-0007622,Mike Hollis,K,1999,17,REG,1999_17_CIN_JAX,JAX,CIN,0,0,0,0,0,0,0,0,0,0,0,0,0,0,0,0,0,0,1,3,27,0,1,0,0,0,0,3,3,0,0,0,,0
00-0007655,Jaret Holmes,K,1999,17,REG,1999_17_TB_CHI,CHI,TB,0,0,0,0,0,0,0,0,0,0,0,0,0,0,0,0,0,0,2,2,39,0,0,2,0,0,0,0,0,0,0,0,,0
00-0007661,Priest Holmes,RB,1999,17,REG,1999_17_BAL_NE,BAL,NE,0,0,0,0,0,0,0,16,95,0,7,0,6,8,43,0,3,0,0,0,,0,0,0,0,0,0,0,0,0,0,0,,0
00-0007681,Torry Holt,WR,1999,17,REG,1999_17_STL_PHI,LA,PHI,0,0,0,0,0,0,0,0,0,0,0,0,5,7,122,2,4,0,0,0,,0,0,0,0,0,0,0,0,0,0,0,,0
00-0007737,Mike Horan,P,1999,17,REG,1999_17_STL_PHI,LA,PHI,0,0,0,0,0,0,0,0,0,0,0,0,0,0,0,0,0,0,0,0,,0,0,0,0,0,0,0,0,4,184,159,57,0
00-0007744,Joe Horn,WR,1999,17,REG,1999_17_OAK_KC,KC,LV,0,0,0,0,0,0,0,0,0,0,0,0,4,7,62,1,4,0,0,0,,0,0,0,0,0,0,0,0,0,0,0,,0
00-0007795,Chris Howard,RB,1999,17,REG,1999_17_CIN_JAX,JAX,CIN,0,0,0,0,0,0,0,3,10,0,1,0,0,0,0,0,0,0,0,0,,0,0,0,0,0,0,0,0,0,0,0,,0
00-0007835,Damon Huard,QB,1999,17,REG,1999_17_MIA_WAS,MIA,WAS,18,29,162,1,1,3,-10,2,22,0,1,0,0,0,0,0,0,0,0,0,,0,0,0,0,0,0,0,0,0,0,0,,0
00-0007924,James Hundon,WR,1999,17,REG,1999_17_CIN_JAX,CIN,JAX,0,0,0,0,0,0,0,0,0,0,0,0,1,2,5,0,1,0,0,0,,0,0,0,0,0,0,0,0,0,0,0,,0
00-0007969,Richard Huntley,RB,1999,17,REG,1999_17_TEN_PIT,PIT,TEN,0,0,0,0,0,0,0,11,78,1,3,1,1,2,11,0,0,0,0,0,,0,0,0,0,0,0,0,0,0,0,0,,0
00-0007993,Tom Hutton,P,1999,17,REG,1999_17_MIA_WAS,MIA,WAS,0,0,0,0,0,0,0,0,0,0,0,0,0,0,0,0,0,0,0,0,,0,0,0,0,0,0,0,0,4,184,173,51,2
00-0008046,Sedrick Irvin,RB,1999,17,REG,1999_17_DET_MIN,DET,MIN,0,0,0,0,0,0,0,0,0,0,0,0,1,2,7,0,0,0,0,0,,0,0,0,0,0,0,0,0,0,0,0,,0
00-0008059,Qadry Ismail,WR,1999,17,REG,1999_17_BAL_NE,BAL,NE,0,0,0,0,0,0,0,0,0,0,0,0,5,9,50,0,2,0,0,0,,0,0,0,0,0,0,0,0,0,0,0,,0
00-0008060,Raghib Ismail,WR,1999,17,REG,1999_17_NYG_DAL,DAL,NYG,0,0,0,0,0,0,0,0,0,0,0,0,7,10,62,1,4,0,0,0,,0,0,0,0,0,0,0,0,0,0,0,,0
00-0008080,Chris Jacke,K,1999,17,REG,1999_17_ARI_GB,ARI,GB,0,0,0,0,0,0,0,0,0,0,0,0,0,0,0,0,0,0,1,2,23,0,1,0,0,0,0,3,3,0,0,0,,0
00-0008190,Sheldon Jackson,TE,1999,17,REG,1999_17_IND_BUF,BUF,IND,0,0,0,0,0,0,0,0,0,0,0,0,2,3,22,0,1,0,0,0,,0,0,0,0,0,0,0,0,0,0,0,,0
00-0008196,Terry Jackson,RB,1999,17,REG,1999_17_SF_ATL,SF,ATL,0,0,0,0,0,0,0,5,35,0,1,0,2,2,3,0,1,0,0,0,,0,0,0,0,0,0,0,0,0,0,0,,0
00-0008210,Willie Jackson,WR,1999,17,REG,1999_17_CIN_JAX,CIN,JAX,0,0,0,0,0,0,0,0,0,0,0,0,1,3,7,0,0,0,0,0,,0,0,0,0,0,0,0,0,0,0,0,,0
00-0008229,Nate Jacquet,WR,1999,17,REG,1999_17_MIA_WAS,MIA,WAS,0,0,0,0,0,0,0,0,0,0,0,0,0,2,0,0,0,0,0,0,,0,0,0,0,0,0,0,0,0,0,0,,0
00-0008241,Edgerrin James,RB,1999,17,REG,1999_17_IND_BUF,IND,BUF,0,0,0,0,0,0,0,18,50,0,3,0,4,6,33,0,1,0,0,0,,0,0,0,0,0,0,0,0,0,0,0,,0
00-0008300,Patrick Jeffers,WR,1999,17,REG,1999_17_NO_CAR,CAR,NO,0,0,0,0,0,0,0,1,23,0,1,0,7,14,165,2,6,0,0,0,,0,0,0,0,0,0,0,0,0,0,0,,0
00-0008313,Shawn Jefferson,WR,1999,17,REG,1999_17_BAL_NE,NE,BAL,0,0,0,0,0,0,0,0,0,0,0,0,1,4,10,0,1,0,0,0,,0,0,0,0,0,0,0,0,0,0,0,,0
00-0008329,Dietrich Jells,WR,1999,17,REG,1999_17_STL_PHI,PHI,LA,0,0,0,0,0,0,0,0,0,0,0,0,0,1,0,0,0,0,0,0,,0,0,0,0,0,0,0,0,0,0,0,,0
00-0008391,Travis Jervey,RB,1999,17,REG,1999_17_SF_ATL,SF,ATL,0,0,0,0,0,0,0,4,43,1,2,0,1,1,2,0,0,0,0,0,,0,0,0,0,0,0,0,0,0,0,0,,0
00-0008400,James Jett,WR,1999,17,REG,1999_17_OAK_KC,LV,KC,0,0,0,0,0,0,0,0,0,0,0,0,0,1,0,0,0,0,0,0,,0,0,0,0,0,0,0,0,0,0,0,,0
00-0008401,John Jett,P,1999,17,REG,1999_17_DET_MIN,DET,MIN,0,0,0,0,0,0,0,0,0,0,0,0,0,0,0,0,0,0,0,0,,0,0,0,0,0,0,0,0,4,175,141,50,0
00-0008442,Brad Johnson,QB,1999,17,REG,1999_17_MIA_WAS,WAS,MIA,7,11,75,0,0,0,0,0,0,0,0,0,0,0,0,0,0,0,0,0,,0,0,0,0,0,0,0,0,0,0,0,,0
00-0008561,Keyshawn Johnson,WR,1999,17,REG,1999_17_SEA_NYJ,NYJ,SEA,0,0,0,0,0,1,-9,0,0,0,0,0,3,7,20,0,1,0,0,0,,0,0,0,0,0,0,0,0,0,0,0,,0
00-0008566,Lee Johnson,P,1999,17,REG,1999_17_BAL_NE,NE,BAL,0,0,0,0,0,0,0,0,0,0,0,0,0,0,0,0,0,0,0,0,,0,0,0,0,0,0,0,0,5,185,171,50,0
00-0008572,Lonnie Johnson,TE,1999,17,REG,1999_17_OAK_KC,KC,LV,0,0,0,0,0,0,0,0,0,0,0,0,0,1,0,0,0,0,0,0,,0,0,0,0,0,0,0,0,0,0,0,,0
00-0008575,Malcolm Johnson,WR,1999,17,REG,1999_17_TEN_PIT,PIT,TEN,0,0,0,0,0,0,0,0,0,0,0,0,1,3,5,0,1,0,0,0,,0,0,0,0,0,0,0,0,0,0,0,,0
00-0008593,Norm Johnson,K,1999,17,REG,1999_17_STL_PHI,PHI,LA,0,0,0,0,0,0,0,0,0,0,0,0,0,0,0,0,0,0,0,1,,0,0,0,0,0,0,3,3,0,0,0,,0
00-0008598,Pat Johnson,WR,1999,17,REG,1999_17_BAL_NE,BAL,NE,0,0,0,0,0,0,0,0,0,0,0,0,9,11,114,0,7,1,0,0,,0,0,0,0,0,0,0,0,0,0,0,,0
00-0008612,Rob Johnson,QB,1999,17,REG,1999_17_IND_BUF,BUF,IND,24,32,287,2,0,0,0,7,36,0,2,0,0,0,0,0,0,0,0,0,,0,0,0,0,0,0,0,0,0,0,0,,0
00-0008704,Charlie Jones,WR,1999,17,REG,1999_17_SD_DEN,LAC,DEN,0,0,0,0,0,0,0,0,0,0,0,0,2,3,6,0,0,0,0,0,,0,0,0,0,0,0,0,0,0,0,0,,0
00-0008723,Damon Jones,TE,1999,17,REG,1999_17_CIN_JAX,JAX,CIN,0,0,0,0,0,0,0,0,0,0,0,0,1,1,13,0,1,0,0,0,,0,0,0,0,0,0,0,0,0,0,0,,0
00-0008749,Freddie Jones,TE,1999,17,REG,1999_17_SD_DEN,LAC,DEN,0,0,0,0,0,0,0,0,0,0,0,0,1,1,11,0,1,0,0,0,,0,0,0,0,0,0,0,0,0,0,0,,0
00-0008903,Andrew Jordan,TE,1999,17,REG,1999_17_DET_MIN,MIN,DET,0,0,0,0,0,0,0,0,0,0,0,0,2,2,13,0,0,0,0,0,,0,0,0,0,0,0,0,0,0,0,0,,0
00-0008907,Charles Jordan,WR,1999,17,REG,1999_17_ARI_GB,GB,ARI,0,0,0,0,0,0,0,0,0,0,0,0,2,5,54,0,2,0,0,0,,0,0,0,0,0,0,0,0,0,0,0,,0
00-0008962,Joe Jurevicius,WR,1999,17,REG,1999_17_NYG_DAL,NYG,DAL,0,0,0,0,0,0,0,0,0,0,0,0,3,4,86,0,1,0,0,0,,0,0,0,0,0,0,0,0,0,0,0,,0
00-0009038,Napoleon Kaufman,RB,1999,17,REG,1999_17_OAK_KC,LV,KC,0,0,0,0,0,0,0,9,15,0,2,0,2,3,20,1,1,0,0,0,,0,0,0,0,0,0,0,0,0,0,0,,0
00-0009163,Eddie Kennison,WR,1999,17,REG,1999_17_NO_CAR,NO,CAR,0,0,0,0,0,0,0,0,0,0,0,0,6,8,44,1,2,0,0,0,,0,0,0,0,0,0,0,0,0,0,0,,0
00-0009266,Shaun King,QB,1999,17,REG,1999_17_TB_CHI,TB,CHI,18,24,178,1,0,1,-3,2,-1,0,0,0,0,0,0,0,0,0,0,0,,0,0,0,0,0,0,0,0,0,0,0,,0
00-0009311,Jon Kitna,QB,1999,17,REG,1999_17_SEA_NYJ,SEA,NYJ,21,45,237,0,2,1,-4,1,-1,0,0,0,0,0,0,0,0,0,0,0,,0,0,0,0,0,0,0,0,0,0,0,,0
00-0009417,Rob Konrad,FB,1999,17,REG,1999_17_MIA_WAS,MIA,WAS,0,0,0,0,0,0,0,1,2,0,0,0,10,12,68,0,3,0,0,0,,0,0,0,0,0,0,0,0,0,0,0,,0
00-0009550,David LaFleur,TE,1999,17,REG,1999_17_NYG_DAL,DAL,NYG,0,0,0,0,0,0,0,0,0,0,0,0,3,4,17,0,1,0,0,0,,0,0,0,0,0,0,0,0,0,0,0,,0
00-0009584,Sean Landeta,P,1999,17,REG,1999_17_STL_PHI,PHI,LA,0,0,0,0,0,0,0,0,0,0,0,0,0,0,0,0,0,0,0,0,,0,0,0,0,0,0,0,0,7,326,296,57,5
00-0009599,Fred Lane,RB,1999,17,REG,1999_17_NO_CAR,CAR,NO,0,0,0,0,0,0,0,4,16,0,1,0,0,0,0,0,0,0,0,0,,0,0,0,0,0,0,0,0,0,0,0,,0
00-0009829,Dorsey Levens,RB,1999,17,REG,1999_17_ARI_GB,GB,ARI,0,0,0,0,0,0,0,24,146,4,11,0,3,4,23,0,2,0,0,0,,0,0,0,0,0,0,0,0,0,0,0,,0
00-0009842,Chad Lewis,TE,1999,17,REG,1999_17_STL_PHI,PHI,LA,0,0,0,0,0,0,0,0,0,0,0,0,2,4,26,1,2,0,0,0,,0,0,0,0,0,0,0,0,0,0,0,,0
00-0009960,Jonathan Linton,FB,1999,17,REG,1999_17_IND_BUF,BUF,IND,0,0,0,0,0,0,0,18,60,1,4,0,1,1,12,0,1,0,0,0,,0,0,0,0,0,0,0,0,0,0,0,,0
00-0010007,Kevin Lockett,WR,1999,17,REG,1999_17_OAK_KC,KC,LV,0,0,0,0,0,0,0,0,0,0,0,0,3,3,69,1,2,0,0,0,,0,0,0,0,0,0,0,0,0,0,0,,0
00-0010072,Ryan Longwell,K,1999,17,REG,1999_17_ARI_GB,GB,ARI,0,0,0,0,0,0,0,0,0,0,0,0,0,0,0,0,0,0,0,0,,0,0,0,0,0,0,7,7,0,0,0,,0
00-0010107,Derek Loville,RB,1999,17,REG,1999_17_SD_DEN,DEN,LAC,0,0,0,0,0,0,0,1,0,0,0,0,1,1,4,0,0,0,0,0,,0,0,0,0,0,0,0,0,0,0,0,,0
00-0010137,Ray Lucas,QB,1999,17,REG,1999_17_SEA_NYJ,NYJ,SEA,15,25,211,0,2,0,0,4,12,0,0,0,0,0,0,0,0,0,0,0,,0,0,0,0,0,0,0,0,0,0,0,,0
00-0010146,Mike Lucky,TE,1999,17,REG,1999_17_NYG_DAL,DAL,NYG,0,0,0,0,0,0,0,0,0,0,0,0,1,1,3,0,0,0,0,0,,0,0,0,0,0,0,0,0,0,0,0,,0
00-0010346,Peyton Manning,QB,1999,17,REG,1999_17_IND_BUF,IND,BUF,18,29,163,0,0,0,0,0,0,0,0,0,0,0,0,0,0,0,0,0,,0,0,0,0,0,0,0,0,0,0,0,,0
00-0010373,Olindo Mare,K,1999,17,REG,1999_17_MIA_WAS,MIA,WAS,0,0,0,0,0,0,0,0,0,0,0,0,0,0,0,0,0,0,1,1,39,0,0,1,0,0,0,1,1,0,0,0,,0
00-0010379,Dan Marino,QB,1999,17,REG,1999_17_MIA_WAS,MIA,WAS,11,24,118,0,1,0,0,0,0,0,0,0,0,0,0,0,0,0,0,0,,0,0,0,0,0,0,0,0,0,0,0,,0
00-0010436,Cecil Martin,RB,1999,17,REG,1999_17_STL_PHI,PHI,LA,0,0,0,0,0,0,0,0,0,0,0,0,1,1,9,0,1,0,0,0,,0,0,0,0,0,0,0,0,0,0,0,,0
00-0010442,Curtis Martin,RB,1999,17,REG,1999_17_SEA_NYJ,NYJ,SEA,0,0,0,0,0,0,0,34,158,1,7,0,3,3,45,0,2,0,0,0,,0,0,0,0,0,0,0,0,0,0,0,,0
00-0010539,Terance Mathis,WR,1999,17,REG,1999_17_SF_ATL,ATL,SF,0,0,0,0,0,0,0,0,0,0,0,0,5,11,69,1,3,0,0,0,,0,0,0,0,0,0,0,0,0,0,0,,0
00-0010599,Derrick Mayes,WR,1999,17,REG,1999_17_SEA_NYJ,SEA,NYJ,0,0,0,0,0,0,0,0,0,0,0,0,5,8,64,0,4,0,0,0,,0,0,0,0,0,0,0,0,0,0,0,,0
00-0010609,Brad Maynard,P,1999,17,REG,1999_17_NYG_DAL,NYG,DAL,0,0,0,0,0,0,0,0,0,0,0,0,0,0,0,0,0,0,0,0,,0,0,0,0,0,0,0,0,5,179,132,53,1
00-0010650,Ed McCaffrey,WR,1999,17,REG,1999_17_SD_DEN,DEN,LAC,0,0,0,0,0,0,0,0,0,0,0,0,6,13,54,0,2,0,0,0,,0,0,0,0,0,0,0,0,0,0,0,,0
00-0010668,Keenan McCardell,WR,1999,17,REG,1999_17_CIN_JAX,JAX,CIN,0,0,0,0,0,0,0,0,0,0,0,0,9,13,108,1,6,0,0,0,,0,0,0,0,0,0,0,0,0,0,0,,0
00-0010747,Fred McCrary,RB,1999,17,REG,1999_17_SD_DEN,LAC,DEN,0,0,0,0,0,0,0,0,0,0,0,0,3,3,39,0,1,0,0,0,,0,0,0,0,0,0,0,0,0,0,0,,0
00-0010796,Darnell McDonald,WR,1999,17,REG,1999_17_TB_CHI,TB,CHI,0,0,0,0,0,0,0,0,0,0,0,0,1,1,15,0,1,0,0,0,,0,0,0,0,0,0,0,0,0,0,0,,0
00-0010859,Tony McGee,TE,1999,17,REG,1999_17_CIN_JAX,CIN,JAX,0,0,0,0,0,0,0,0,0,0,0,0,0,2,0,0,0,0,0,0,,0,0,0,0,0,0,0,0,0,0,0,,0
00-0010892,Travis McGriff,WR,1999,17,REG,1999_17_SD_DEN,DEN,LAC,0,0,0,0,0,0,0,0,0,0,0,0,1,1,13,0,1,0,0,0,,0,0,0,0,0,0,0,0,0,0,0,,0
00-0010942,Kevin McKenzie,WR,1999,17,REG,1999_17_MIA_WAS,MIA,WAS,0,0,0,0,0,0,0,0,0,0,0,0,2,3,18,0,0,1,0,0,,0,0,0,0,0,0,0,0,0,0,0,,0
00-0011022,Donovan McNabb,QB,1999,17,REG,1999_17_STL_PHI,PHI,LA,15,32,179,3,2,3,-23,5,7,0,0,0,0,0,0,0,0,0,0,0,,0,0,0,0,0,0,0,0,0,0,0,,0
00-0011024,Steve McNair,QB,1999,17,REG,1999_17_TEN_PIT,TEN,PIT,9,11,107,1,0,0,0,2,14,0,0,0,0,0,0,0,0,0,0,0,,0,0,0,0,0,0,0,0,0,0,0,,0
00-0011044,Cade McNown,QB,1999,17,REG,1999_17_TB_CHI,CHI,TB,20,42,196,0,1,2,-10,5,29,0,2,0,0,0,0,0,0,0,0,0,,0,0,0,0,0,0,0,0,0,0,0,,0
00-0011068,Johnny McWilliams,TE,1999,17,REG,1999_17_ARI_GB,ARI,GB,0,0,0,0,0,0,0,0,0,0,0,0,1,2,7,0,0,0,0,0,,0,0,0,0,0,0,0,0,0,0,0,,0
00-0011151,Eric Metcalf,WR,1999,17,REG,1999_17_NO_CAR,CAR,NO,0,0,0,0,0,0,0,0,0,0,0,0,0,1,0,0,0,0,0,0,,0,0,0,0,0,0,0,0,0,0,0,,0
00-0011187,Terry Mickens,WR,1999,17,REG,1999_17_OAK_KC,LV,KC,0,0,0,0,0,0,0,0,0,0,0,0,2,3,26,0,2,0,0,0,,0,0,0,0,0,0,0,0,0,0,0,,0
00-0011213,Glyn Milburn,WR,1999,17,REG,1999_17_TB_CHI,CHI,TB,0,0,0,0,0,0,0,1,-1,0,0,0,0,1,0,0,0,0,0,0,,0,0,0,0,0,0,0,0,0,0,0,,0
00-0011224,Itula Mili,TE,1999,17,REG,1999_17_SEA_NYJ,SEA,NYJ,0,0,0,0,0,0,0,0,0,0,0,0,0,1,0,0,0,0,0,0,,0,0,0,0,0,0,0,0,0,0,0,,0
00-0011279,Josh Miller,P,1999,17,REG,1999_17_TEN_PIT,PIT,TEN,0,0,0,0,0,0,0,1,0,0,0,0,0,0,0,0,0,0,0,0,,0,0,0,0,0,0,0,0,3,150,142,55,2
00-0011392,Basil Mitchell,RB,1999,17,REG,1999_17_ARI_GB,GB,ARI,0,0,0,0,0,0,0,2,10,0,1,0,1,1,9,0,0,0,0,0,,0,0,0,0,0,0,0,0,0,0,0,,0
00-0011399,Brian Mitchell,RB,1999,17,REG,1999_17_MIA_WAS,WAS,MIA,0,0,0,0,0,0,0,4,16,0,0,0,1,1,29,0,1,0,0,0,,0,0,0,0,0,0,0,0,0,0,0,,0
00-0011463,Chris Mohr,P,1999,17,REG,1999_17_IND_BUF,BUF,IND,0,0,0,0,0,0,0,0,0,0,0,0,0,0,0,0,0,0,0,0,,0,0,0,0,0,0,0,0,3,117,112,55,1
00-0011506,Joe Montgomery,RB,1999,17,REG,1999_17_NYG_DAL,NYG,DAL,0,0,0,0,0,0,0,12,36,1,3,0,0,0,0,0,0,0,0,0,,0,0,0,0,0,0,0,0,0,0,0,,0
00-0011551,Dave Moore,TE,1999,17,REG,1999_17_TB_CHI,TB,CHI,0,0,0,0,0,0,0,0,0,0,0,0,1,1,6,1,1,0,0,0,,0,0,0,0,0,0,0,0,0,0,0,,0
00-0011568,Herman Moore,WR,1999,17,REG,1999_17_DET_MIN,DET,MIN,0,0,0,0,0,0,0,0,0,0,0,0,2,2,16,0,1,0,0,0,,0,0,0,0,0,0,0,0,0,0,0,,0
00-0011601,Rob Moore,WR,1999,17,REG,1999_17_ARI_GB,ARI,GB,0,0,0,0,0,0,0,0,0,0,0,0,6,9,120,0,5,0,0,0,,0,0,0,0,0,0,0,0,0,0,0,,0
00-0011640,Moses Moreno,QB,1999,17,REG,1999_17_SD_DEN,LAC,DEN,5,7,78,0,0,1,-3,0,0,0,0,0,0,0,0,0,0,0,0,0,,0,0,0,0,0,0,0,0,0,0,0,,0
00-0011675,Bam Morris,RB,1999,17,REG,1999_17_OAK_KC,KC,LV,0,0,0,0,0,0,0,9,34,0,1,1,1,2,9,0,0,0,0,0,,0,0,0,0,0,0,0,0,0,0,0,,0
00-0011727,Johnnie Morton,WR,1999,17,REG,1999_17_DET_MIN,DET,MIN,0,0,0,0,0,0,0,0,0,0,0,0,10,14,128,2,7,0,0,0,,0,0,0,0,0,0,0,0,0,0,0,,0
00-0011754,Randy Moss,WR,1999,17,REG,1999_17_DET_MIN,MIN,DET,0,0,0,0,0,0,0,0,0,0,0,0,5,8,155,1,4,0,0,0,,0,0,0,0,0,0,0,0,0,0,0,,0
00-0011770,Eric Moulds,WR,1999,17,REG,1999_17_IND_BUF,BUF,IND,0,0,0,0,0,0,0,0,0,0,0,0,8,11,110,0,5,0,0,0,,0,0,0,0,0,0,0,0,0,0,0,,0
00-0011795,Muhsin Muhammad,WR,1999,17,REG,1999_17_NO_CAR,CAR,NO,0,0,0,0,0,0,0,0,0,0,0,0,6,12,45,1,3,0,0,0,,0,0,0,0,0,0,0,0,0,0,0,,0
00-0011859,Eddie Murray,K,1999,17,REG,1999_17_NYG_DAL,DAL,NYG,0,0,0,0,0,0,0,0,0,0,0,0,0,0,0,0,0,0,4,4,40,0,3,0,1,0,0,2,2,0,0,0,,0
00-0011869,Adrian Murrell,RB,1999,17,REG,1999_17_ARI_GB,ARI,GB,0,0,0,0,0,0,0,5,13,0,1,0,5,7,37,0,2,0,0,0,,0,0,0,0,0,0,0,0,0,0,0,,0
00-0011970,Joe Nedney,K,1999,17,REG,1999_17_OAK_KC,LV,KC,0,0,0,0,0,0,0,0,0,0,0,0,0,0,0,0,0,0,2,2,38,0,0,2,0,0,0,5,5,0,0,0,,0
00-0012261,Neil O'Donnell,QB,1999,17,REG,1999_17_TEN_PIT,TEN,PIT,6,12,109,2,1,2,-13,2,-1,0,0,0,0,0,0,0,0,0,0,0,,0,0,0,0,0,0,0,0,0,0,0,,0
00-0012317,A.J. Ofodile,TE,1999,17,REG,1999_17_BAL_NE,BAL,NE,0,0,0,0,0,0,0,0,0,0,0,0,0,2,0,0,0,0,0,0,,0,0,0,0,0,0,0,0,0,0,0,,0
00-0012321,Jeff Ogden,WR,1999,17,REG,1999_17_NYG_DAL,DAL,NYG,0,0,0,0,0,0,0,0,0,0,0,0,2,2,28,0,2,0,0,0,,0,0,0,0,0,0,0,0,0,0,0,,0
00-0012368,Winslow Oliver,RB,1999,17,REG,1999_17_SF_ATL,ATL,SF,0,0,0,0,0,0,0,0,0,0,0,0,1,2,10,0,1,0,0,0,,0,0,0,0,0,0,0,0,0,0,0,,0
00-0012478,Terrell Owens,WR,1999,17,REG,1999_17_SF_ATL,SF,ATL,0,0,0,0,0,0,0,0,0,0,0,0,5,5,31,1,3,0,0,0,,0,0,0,0,0,0,0,0,0,0,0,,0
00-0012603,Bernie Parmalee,RB,1999,17,REG,1999_17_SEA_NYJ,NYJ,SEA,0,0,0,0,0,0,0,2,5,0,0,0,0,0,0,0,0,0,0,0,,0,0,0,0,0,0,0,0,0,0,0,,0
00-0012642,David Patten,WR,1999,17,REG,1999_17_NYG_DAL,NYG,DAL,0,0,0,0,0,0,0,0,0,0,0,0,1,3,14,0,1,0,0,0,,0,0,0,0,0,0,0,0,0,0,0,,0
00-0012732,Rodney Peete,QB,1999,17,REG,1999_17_MIA_WAS,WAS,MIA,6,9,99,2,0,2,-9,0,0,0,0,0,0,0,0,0,0,0,0,0,,0,0,0,0,0,0,0,0,0,0,0,,0
00-0012742,Doug Pelfrey,K,1999,17,REG,1999_17_CIN_JAX,CIN,JAX,0,0,0,0,0,0,0,0,0,0,0,0,0,0,0,0,0,0,0,0,,0,0,0,0,0,0,1,1,0,0,0,,0
00-0012832,Wilmont Perry,RB,1999,17,REG,1999_17_NO_CAR,NO,CAR,0,0,0,0,0,0,0,1,3,0,0,0,0,0,0,0,0,0,0,0,,0,0,0,0,0,0,0,0,0,0,0,,0
00-0012875,Todd Peterson,K,1999,17,REG,1999_17_SEA_NYJ,SEA,NYJ,0,0,0,0,0,0,0,0,0,0,0,0,0,0,0,0,0,0,3,3,45,0,1,0,2,0,0,0,0,0,0,0,,0
00-0012953,Carl Pickens,WR,1999,17,REG,1999_17_CIN_JAX,CIN,JAX,0,0,0,0,0,0,0,0,0,0,0,0,3,6,31,0,1,0,0,0,,0,0,0,0,0,0,0,0,0,0,0,,0
00-0013028,Scott Player,P,1999,17,REG,1999_17_ARI_GB,ARI,GB,0,0,0,0,0,0,0,0,0,0,0,0,0,0,0,0,0,0,0,0,,0,0,0,0,0,0,0,0,3,130,101,54,2
00-0013042,Jake Plummer,QB,1999,17,REG,1999_17_ARI_GB,ARI,GB,35,57,396,2,3,3,-12,2,3,0,1,1,0,0,0,0,0,0,0,0,,0,0,0,0,0,0,0,0,0,0,0,,0
00-0013080,Marcus Pollard,TE,1999,17,REG,1999_17_IND_BUF,IND,BUF,0,0,0,0,0,0,0,0,0,0,0,0,2,3,9,0,0,0,0,0,,0,0,0,0,0,0,0,0,0,0,0,,0
00-0013097,Keith Poole,WR,1999,17,REG,1999_17_NO_CAR,NO,CAR,0,0,0,0,0,0,0,1,14,0,1,0,6,13,104,0,6,0,0,0,,0,0,0,0,0,0,0,0,0,0,0,,0
00-0013108,Daniel Pope,P,1999,17,REG,1999_17_OAK_KC,KC,LV,0,0,0,0,0,0,0,0,0,0,0,0,0,0,0,0,0,0,0,0,,0,0,0,0,0,0,0,0,8,314,269,46,2
00-0013232,Peerless Price,WR,1999,17,REG,1999_17_IND_BUF,BUF,IND,0,0,0,0,0,0,0,0,0,0,0,0,2,2,31,1,2,0,0,0,,0,0,0,0,0,0,0,0,0,0,0,,0
00-0013258,Mike Pritchard,WR,1999,17,REG,1999_17_SEA_NYJ,SEA,NYJ,0,0,0,0,0,0,0,0,0,0,0,0,1,1,12,0,1,0,0,0,,0,0,0,0,0,0,0,0,0,0,0,,0
00-0013262,Stanley Pritchett,RB,1999,17,REG,1999_17_MIA_WAS,MIA,WAS,0,0,0,0,0,0,0,2,15,0,2,0,3,4,32,0,2,0,0,0,,0,0,0,0,0,0,0,0,0,0,0,,0
00-0013268,Ricky Proehl,WR,1999,17,REG,1999_17_STL_PHI,LA,PHI,0,0,0,0,0,0,0,0,0,0,0,0,5,6,61,0,4,0,0,0,,0,0,0,0,0,0,0,0,0,0,0,,0
00-0013499,Andre Reed,WR,1999,17,REG,1999_17_IND_BUF,BUF,IND,0,0,0,0,0,0,0,0,0,0,0,0,5,6,23,0,1,0,0,0,,0,0,0,0,0,0,0,0,0,0,0,,0
00-0013512,Jake Reed,WR,1999,17,REG,1999_17_DET_MIN,MIN,DET,0,0,0,0,0,0,0,0,0,0,0,0,1,2,13,0,1,0,0,0,,0,0,0,0,0,0,0,0,0,0,0,,0
00-0013622,Errict Rhett,RB,1999,17,REG,1999_17_BAL_NE,BAL,NE,0,0,0,0,0,0,0,2,0,0,0,0,0,0,0,0,0,0,0,0,,0,0,0,0,0,0,0,0,0,0,0,,0
00-0013639,Jerry Rice,WR,1999,17,REG,1999_17_SF_ATL,SF,ATL,0,0,0,0,0,0,0,0,0,0,0,0,6,9,143,0,5,0,0,0,,0,0,0,0,0,0,0,0,0,0,0,,0
00-0013682,Kyle Richardson,P,1999,17,REG,1999_17_BAL_NE,BAL,NE,0,0,0,0,0,0,0,0,0,0,0,0,0,0,0,0,0,0,0,0,,0,0,0,0,0,0,0,0,5,229,139,63,1
00-0013694,Tony Richardson,FB,1999,17,REG,1999_17_OAK_KC,KC,LV,0,0,0,0,0,0,0,8,70,0,7,0,2,2,9,0,1,0,0,0,,0,0,0,0,0,0,0,0,0,0,0,,0
00-0013699,Wade Richey,K,1999,17,REG,1999_17_SF_ATL,SF,ATL,0,0,0,0,0,0,0,0,0,0,0,0,0,0,0,0,0,0,0,0,,0,0,0,0,0,0,3,3,0,0,0,,0
00-0013712,Mikhael Ricks,TE,1999,17,REG,1999_17_SD_DEN,LAC,DEN,0,0,0,0,0,0,0,0,0,0,0,0,2,4,20,0,1,0,0,0,,0,0,0,0,0,0,0,0,0,0,0,,0
00-0013728,Jay Riemersma,TE,1999,17,REG,1999_17_IND_BUF,BUF,IND,0,0,0,0,0,0,0,0,0,0,0,0,2,3,28,0,1,0,0,0,,0,0,0,0,0,0,0,0,0,0,0,,0
00-0013770,Andre Rison,WR,1999,17,REG,1999_17_OAK_KC,KC,LV,0,0,0,0,0,0,0,0,0,0,0,0,2,3,20,0,1,0,0,0,,0,0,0,0,0,0,0,0,0,0,0,,0
00-0013773,Jon Ritchie,FB,1999,17,REG,1999_17_OAK_KC,LV,KC,0,0,0,0,0,0,0,0,0,0,0,0,8,11,50,0,3,0,0,0,,0,0,0,0,0,0,0,0,0,0,0,,0
00-0013785,Ron Rivers,RB,1999,17,REG,1999_17_DET_MIN,DET,MIN,0,0,0,0,0,0,0,11,6,0,0,0,4,4,8,0,1,0,0,0,,0,0,0,0,0,0,0,0,0,0,0,,0
00-0013792,Michael Roan,TE,1999,17,REG,1999_17_TEN_PIT,TEN,PIT,0,0,0,0,0,0,0,0,0,0,0,0,1,1,24,1,1,0,0,0,,0,0,0,0,0,0,0,0,0,0,0,,0
00-0013872,Jeff Robinson,LS,1999,17,REG,1999_17_STL_PHI,LA,PHI,0,0,0,0,0,0,0,0,0,0,0,0,0,1,0,0,0,0,0,0,,0,0,0,0,0,0,0,0,0,0,0,,0
00-0013888,Marcus Robinson,WR,1999,17,REG,1999_17_TB_CHI,CHI,TB,0,0,0,0,0,0,0,0,0,0,0,0,7,13,84,0,5,0,0,0,,0,0,0,0,0,0,0,0,0,0,0,,0
00-0014083,Tom Rouen,P,1999,17,REG,1999_17_SD_DEN,DEN,LAC,0,0,0,0,0,0,0,0,0,0,0,0,0,0,0,0,0,0,0,0,,0,0,0,0,0,0,0,0,8,401,314,64,2
00-0014115,Mark Royals,P,1999,17,REG,1999_17_TB_CHI,TB,CHI,0,0,0,0,0,0,0,0,0,0,0,0,0,0,0,0,0,0,0,0,,0,0,0,0,0,0,0,0,6,259,200,66,1
00-0014319,Chris Sanders,WR,1999,17,REG,1999_17_TEN_PIT,TEN,PIT,0,0,0,0,0,0,0,0,0,0,0,0,1,3,3,0,0,0,0,0,,0,0,0,0,0,0,0,0,0,0,0,,0
00-0014324,Deion Sanders,CB,1999,17,REG,1999_17_NYG_DAL,DAL,NYG,0,1,0,0,0,0,0,0,0,0,0,0,0,0,0,0,0,0,0,0,,0,0,0,0,0,0,0,0,0,0,0,,0
00-0014328,Frank Sanders,WR,1999,17,REG,1999_17_ARI_GB,ARI,GB,0,0,0,0,0,0,0,0,0,0,0,0,13,20,118,1,8,0,0,0,,0,0,0,0,0,0,0,0,0,0,0,,0
00-0014350,O.J. Santiago,TE,1999,17,REG,1999_17_SF_ATL,ATL,SF,0,0,0,0,0,0,0,0,0,0,0,0,3,4,37,0,2,0,0,0,,0,0,0,0,0,0,0,0,0,0,0,,0
00-0014377,Todd Sauerbrun,P,1999,17,REG,1999_17_TB_CHI,CHI,TB,0,0,0,0,0,0,0,0,0,0,0,0,0,0,0,0,0,0,0,0,,0,0,0,0,0,0,0,0,5,242,196,56,0
00-0014450,Cory Schlesinger,FB,1999,17,REG,1999_17_DET_MIN,DET,MIN,0,0,0,0,0,0,0,3,10,0,0,0,2,4,10,0,0,0,0,0,,0,0,0,0,0,0,0,0,0,0,0,,0
00-0014489,Bill Schroeder,WR,1999,17,REG,1999_17_ARI_GB,GB,ARI,0,0,0,0,0,0,0,0,0,0,0,0,6,8,93,2,5,0,0,0,,0,0,0,0,0,0,0,0,0,0,0,,0
00-0014544,Darnay Scott,WR,1999,17,REG,1999_17_CIN_JAX,CIN,JAX,0,0,0,0,0,0,0,0,0,0,0,0,2,4,21,0,1,0,0,0,,0,0,0,0,0,0,0,0,0,0,0,,0
00-0014729,Bobby Shaw,WR,1999,17,REG,1999_17_TEN_PIT,PIT,TEN,0,0,0,0,0,0,0,0,0,0,0,0,7,10,131,1,5,0,0,0,,0,0,0,0,0,0,0,0,0,0,0,,0
00-0014733,Harold Shaw,FB,1999,17,REG,1999_17_BAL_NE,NE,BAL,0,0,0,0,0,0,0,5,17,0,1,0,0,0,0,0,0,0,0,0,,0,0,0,0,0,0,0,0,0,0,0,,0
00-0014742,Sedrick Shaw,RB,1999,17,REG,1999_17_CIN_JAX,CIN,JAX,0,0,0,0,0,0,0,4,20,1,2,0,1,1,-4,0,0,0,0,0,,0,0,0,0,0,0,0,0,0,0,0,,0
00-0014753,Kenny Shedd,WR,1999,17,REG,1999_17_OAK_KC,LV,KC,0,0,0,0,0,0,0,0,0,0,0,0,0,1,0,0,0,0,0,0,,0,0,0,0,0,0,0,0,0,0,0,,0
00-0015048,David Sloan,TE,1999,17,REG,1999_17_DET_MIN,DET,MIN,0,0,0,0,0,0,0,0,0,0,0,0,3,6,40,0,2,0,0,0,,0,0,0,0,0,0,0,0,0,0,0,,0
00-0015063,Torrance Small,WR,1999,17,REG,1999_17_STL_PHI,PHI,LA,0,0,0,0,0,0,0,0,0,0,0,0,6,12,98,1,2,0,0,0,,0,0,0,0,0,0,0,0,0,0,0,,0
00-0015091,Antowain Smith,RB,1999,17,REG,1999_17_IND_BUF,BUF,IND,0,0,0,0,0,0,0,3,31,1,1,0,0,0,0,0,0,0,0,0,,0,0,0,0,0,0,0,0,0,0,0,,0
00-0015165,Emmitt Smith,RB,1999,17,REG,1999_17_NYG_DAL,DAL,NYG,0,0,0,0,0,0,0,22,122,0,6,0,2,2,19,0,1,0,0,0,,0,0,0,0,0,0,0,0,0,0,0,,0
00-0015194,Hunter Smith,P,1999,17,REG,1999_17_IND_BUF,IND,BUF,0,0,0,0,0,0,0,0,0,0,0,0,0,0,0,0,0,0,0,0,,0,0,0,0,0,0,0,0,4,161,135,49,2
00-0015218,Jimmy Smith,WR,1999,17,REG,1999_17_CIN_JAX,JAX,CIN,0,0,0,0,0,0,0,0,0,0,0,0,14,19,165,0,10,0,0,0,,0,0,0,0,0,0,0,0,0,0,0,,0
00-0015286,Robert Smith,RB,1999,17,REG,1999_17_DET_MIN,MIN,DET,0,0,0,0,0,0,0,22,97,1,3,1,1,1,13,0,0,0,0,0,,0,0,0,0,0,0,0,0,0,0,0,,0
00-0015290,Rod Smith,WR,1999,17,REG,1999_17_SD_DEN,DEN,LAC,0,0,0,0,0,0,0,0,0,0,0,0,9,14,106,0,6,0,0,0,,0,0,0,0,0,0,0,0,0,0,0,,0
00-0015452,Blake Spence,TE,1999,17,REG,1999_17_SEA_NYJ,NYJ,SEA,0,0,0,0,0,0,0,0,0,0,0,0,0,1,0,0,0,0,0,0,,0,0,0,0,0,0,0,0,0,0,0,,0
00-0015507,Brian Stablein,WR,1999,17,REG,1999_17_DET_MIN,DET,MIN,0,0,0,0,0,0,0,0,0,0,0,0,1,1,12,0,1,0,0,0,,0,0,0,0,0,0,0,0,0,0,0,,0
00-0015523,Duce Staley,RB,1999,17,REG,1999_17_STL_PHI,PHI,LA,0,0,0,0,0,0,0,18,44,0,1,0,2,3,14,1,2,0,0,0,,0,0,0,0,0,0,0,0,0,0,0,,0
00-0015550,Chad Stanley,P,1999,17,REG,1999_17_SF_ATL,SF,ATL,0,0,0,0,0,0,0,0,0,0,0,0,0,0,0,0,0,0,0,0,,0,0,0,0,0,0,0,0,4,159,60,50,0
00-0015655,Tremayne Stephens,RB,1999,17,REG,1999_17_SD_DEN,LAC,DEN,0,0,0,0,0,0,0,0,0,0,0,0,1,1,3,0,0,0,0,0,,0,0,0,0,0,0,0,0,0,0,0,,0
00-0015698,James Stewart,RB,1999,17,REG,1999_17_CIN_JAX,JAX,CIN,0,0,0,0,0,0,0,9,42,0,2,1,0,0,0,0,0,0,0,0,,0,0,0,0,0,0,0,0,0,0,0,,0
00-0015751,J.J. Stokes,WR,1999,17,REG,1999_17_SF_ATL,SF,ATL,0,0,0,0,0,0,0,0,0,0,0,0,5,7,130,1,4,0,0,0,,0,0,0,0,0,0,0,0,0,0,0,,0
00-0015784,Matt Stover,K,1999,17,REG,1999_17_BAL_NE,BAL,NE,0,0,0,0,0,0,0,0,0,0,0,0,0,0,0,0,0,0,1,1,19,1,0,0,0,0,0,0,0,0,0,0,,0
00-0015791,Pete Stoyanovich,K,1999,17,REG,1999_17_OAK_KC,KC,LV,0,0,0,0,0,0,0,0,0,0,0,0,0,0,0,0,0,0,1,2,33,0,0,1,0,0,0,5,5,0,0,0,,0
00-0015811,Tai Streets,WR,1999,17,REG,1999_17_SF_ATL,SF,ATL,0,0,0,0,0,0,0,0,0,0,0,0,2,3,25,0,2,0,0,0,,0,0,0,0,0,0,0,0,0,0,0,,0
00-0015842,Dan Stryzinski,P,1999,17,REG,1999_17_SF_ATL,ATL,SF,0,0,0,0,0,0,0,0,0,0,0,0,0,0,0,0,0,0,0,0,,0,0,0,0,0,0,0,0,3,101,101,41,2
00-0015962,Jim Sweeney,C,1999,17,REG,1999_17_TEN_PIT,PIT,TEN,0,0,0,0,0,0,0,0,0,0,0,0,0,1,0,0,0,0,0,0,,0,0,0,0,0,0,0,0,0,0,0,,0
00-0016098,Fred Taylor,RB,1999,17,REG,1999_17_CIN_JAX,JAX,CIN,0,0,0,0,0,0,0,22,85,2,7,0,1,1,-1,0,0,0,0,0,,0,0,0,0,0,0,0,0,0,0,0,,0
00-0016214,Yancey Thigpen,WR,1999,17,REG,1999_17_TEN_PIT,TEN,PIT,0,0,0,0,0,0,0,0,0,0,0,0,4,5,50,0,4,0,0,0,,0,0,0,0,0,0,0,0,0,0,0,,0
00-0016296,Mark Thomas,TE,1999,17,REG,1999_17_NYG_DAL,NYG,DAL,0,0,0,0,0,0,0,0,0,0,0,0,0,1,0,0,0,0,0,0,,0,0,0,0,0,0,0,0,0,0,0,,0
00-0016316,Robert Thomas,FB,1999,17,REG,1999_17_NYG_DAL,DAL,NYG,0,0,0,0,0,0,0,1,1,0,0,0,0,2,0,0,0,0,0,0,,0,0,0,0,0,0,0,0,0,0,0,,0
00-0016321,Rodney Thomas,RB,1999,17,REG,1999_17_TEN_PIT,TEN,PIT,0,0,0,0,0,0,0,21,95,1,6,0,0,0,0,0,0,0,0,0,,0,0,0,0,0,0,0,0,0,0,0,,0
00-0016347,Jeff Thomason,TE,1999,17,REG,1999_17_ARI_GB,GB,ARI,0,0,0,0,0,0,0,0,0,0,0,0,4,6,44,0,2,0,0,0,,0,0,0,0,0,0,0,0,0,0,0,,0
00-0016440,James Thrash,WR,1999,17,REG,1999_17_MIA_WAS,WAS,MIA,0,0,0,0,0,0,0,1,37,0,1,0,1,3,17,0,1,0,0,0,,0,0,0,0,0,0,0,0,0,0,0,,0
00-0016538,Mike Tomczak,QB,1999,17,REG,1999_17_TEN_PIT,PIT,TEN,21,39,309,2,1,2,-14,2,-1,0,0,1,0,0,0,0,0,0,0,0,,0,0,0,0,0,0,0,0,0,0,0,,0
00-0016550,Amani Toomer,WR,1999,17,REG,1999_17_NYG_DAL,NYG,DAL,0,0,0,0,0,0,0,0,0,0,0,0,2,5,35,0,2,0,0,0,,0,0,0,0,0,0,0,0,0,0,0,,0
00-0016654,Jason Tucker,WR,1999,17,REG,1999_17_NYG_DAL,DAL,NYG,0,0,0,0,0,0,0,0,0,0,0,0,4,8,122,1,4,0,0,0,,0,0,0,0,0,0,0,0,0,0,0,,0
00-0016683,Tom Tupa,P,1999,17,REG,1999_17_SEA_NYJ,NYJ,SEA,0,0,0,0,0,0,0,0,0,0,0,0,0,0,0,0,0,0,0,0,,0,0,0,0,0,0,0,0,3,145,129,52,1
00-0016689,Matt Turk,P,1999,17,REG,1999_17_MIA_WAS,WAS,MIA,0,0,0,0,0,0,0,0,0,0,0,0,0,0,0,0,0,0,0,0,,0,0,0,0,0,0,0,0,6,263,238,56,2
00-0016830,Mike Vanderjagt,K,1999,17,REG,1999_17_IND_BUF,IND,BUF,0,0,0,0,0,0,0,0,0,0,0,0,0,0,0,0,0,0,2,2,27,0,2,0,0,0,0,0,0,0,0,0,,0
00-0016842,Tommy Vardell,FB,1999,17,REG,1999_17_SF_ATL,SF,ATL,0,0,0,0,0,0,0,0,0,0,0,0,2,2,9,0,0,0,0,0,,0,0,0,0,0,0,0,0,0,0,0,,0
00-0016919,Adam Vinatieri,K,1999,17,REG,1999_17_BAL_NE,NE,BAL,0,0,0,0,0,0,0,0,0,0,0,0,0,0,0,0,0,0,2,2,51,0,1,0,0,1,0,2,2,0,0,0,,0
00-0017109,Wesley Walls,TE,1999,17,REG,1999_17_NO_CAR,CAR,NO,0,0,0,0,0,0,0,0,0,0,0,0,4,6,88,2,4,0,0,0,,0,0,0,0,0,0,0,0,0,0,0,,0
00-0017121,Steve Walsh,QB,1999,17,REG,1999_17_IND_BUF,IND,BUF,3,8,19,0,1,0,0,0,0,0,0,0,0,0,0,0,0,0,0,0,,0,0,0,0,0,0,0,0,0,0,0,,0
00-0017127,Ken Walter,P,1999,17,REG,1999_17_NO_CAR,CAR,NO,0,0,0,0,0,0,0,0,0,0,0,0,0,0,0,0,0,0,0,0,,0,0,0,0,0,0,0,0,6,255,236,51,1
00-0017160,Dedric Ward,WR,1999,17,REG,1999_17_SEA_NYJ,NYJ,SEA,0,0,0,0,0,0,0,0,0,0,0,0,1,1,15,0,1,0,0,0,,0,0,0,0,0,0,0,0,0,0,0,,0
00-0017162,Hines Ward,WR,1999,17,REG,1999_17_TEN_PIT,PIT,TEN,0,0,0,0,0,0,0,0,0,0,0,0,6,13,68,1,3,0,0,0,,0,0,0,0,0,0,0,0,0,0,0,,0
00-0017200,Kurt Warner,QB,1999,17,REG,1999_17_STL_PHI,LA,PHI,12,24,141,2,2,2,-15,0,0,0,0,0,0,0,0,0,0,0,0,0,,0,0,0,0,0,0,0,0,0,0,0,,0
00-0017209,Chris Warren,RB,1999,17,REG,1999_17_NYG_DAL,DAL,NYG,0,0,0,0,0,0,0,3,28,0,1,0,3,3,18,0,0,0,0,0,,0,0,0,0,0,0,0,0,0,0,0,,0
00-0017218,Lamont Warren,RB,1999,17,REG,1999_17_BAL_NE,NE,BAL,0,0,0,0,0,0,0,1,6,0,0,0,3,6,29,0,2,0,0,0,,0,0,0,0,0,0,0,0,0,0,0,,0
00-0017303,Justin Watson,RB,1999,17,REG,1999_17_STL_PHI,LA,PHI,0,0,0,0,0,0,0,3,3,0,1,1,0,2,0,0,0,0,0,0,,0,0,0,0,0,0,0,0,0,0,0,,0
00-0017322,Ricky Watters,RB,1999,17,REG,1999_17_SEA_NYJ,SEA,NYJ,0,0,0,0,0,0,0,9,30,0,1,0,2,3,24,0,1,0,0,0,,0,0,0,0,0,0,0,0,0,0,0,,0
00-0017356,Jed Weaver,TE,1999,17,REG,1999_17_STL_PHI,PHI,LA,0,0,0,0,0,0,0,0,0,0,0,0,0,1,0,0,0,0,0,0,,0,0,0,0,0,0,0,0,0,0,0,,0
00-0017415,Casey Weldon,QB,1999,17,REG,1999_17_MIA_WAS,WAS,MIA,0,0,0,0,0,0,0,2,-2,0,0,0,0,0,0,0,0,0,0,0,,0,0,0,0,0,0,0,0,0,0,0,,0
00-0017470,Michael Westbrook,WR,1999,17,REG,1999_17_MIA_WAS,WAS,MIA,0,0,0,0,0,0,0,0,0,0,0,0,3,5,25,0,2,0,0,0,,0,0,0,0,0,0,0,0,0,0,0,,0
00-0017480,Ryan Wetnight,TE,1999,17,REG,1999_17_TB_CHI,CHI,TB,0,0,0,0,0,0,0,0,0,0,0,0,3,6,25,0,0,0,0,0,,0,0,0,0,0,0,0,0,0,0,0,,0
00-0017486,Tyrone Wheatley,RB,1999,17,REG,1999_17_OAK_KC,LV,KC,0,0,0,0,0,0,0,17,86,1,3,0,3,7,34,1,1,0,0,0,,0,0,0,0,0,0,0,0,0,0,0,,0
00-0017693,Jeff Wilkins,K,1999,17,REG,1999_17_STL_PHI,LA,PHI,0,0,0,0,0,0,0,0,0,0,0,0,0,0,0,0,0,0,1,1,47,0,0,0,1,0,0,4,4,0,0,0,,0
00-0017697,Terrence Wilkins,WR,1999,17,REG,1999_17_IND_BUF,IND,BUF,0,0,0,0,0,0,0,0,0,0,0,0,3,8,25,0,2,0,0,0,,0,0,0,0,0,0,0,0,0,0,0,,0
00-0017860,Kevin R. Williams,WR,1999,17,REG,1999_17_IND_BUF,BUF,IND,0,0,0,0,0,0,0,0,0,0,0,0,2,3,53,0,2,0,0,0,,0,0,0,0,0,0,0,0,0,0,0,,0
00-0017915,Ricky Williams,RB,1999,17,REG,1999_17_NO_CAR,NO,CAR,0,0,0,0,0,0,0,14,7,0,0,0,5,7,5,0,0,0,0,0,,0,0,0,0,0,0,0,0,0,0,0,,0
00-0017924,Roland Williams,TE,1999,17,REG,1999_17_STL_PHI,LA,PHI,0,0,0,0,0,0,0,0,0,0,0,0,1,1,9,0,0,0,0,0,,0,0,0,0,0,0,0,0,0,0,0,,0
00-0018141,Jon Witman,FB,1999,17,REG,1999_17_TEN_PIT,PIT,TEN,0,0,0,0,0,0,0,0,0,0,0,0,1,2,38,0,1,0,0,0,,0,0,0,0,0,0,0,0,0,0,0,,0
00-0018343,Frank Wycheck,TE,1999,17,REG,1999_17_TEN_PIT,TEN,PIT,0,0,0,0,0,0,0,0,0,0,0,0,5,7,80,2,4,0,0,0,,0,0,0,0,0,0,0,0,0,0,0,,0
00-0000104,Troy Aikman,QB,1999,18,POST,1999_18_DAL_MIN,DAL,MIN,22,37,286,0,1,1,-8,0,0,0,0,0,0,0,0,0,0,0,0,0,,0,0,0,0,0,0,0,0,0,0,0,,0
00-0000166,Stephen Alexander,TE,1999,18,POST,1999_18_DET_WAS,WAS,DET,0,0,0,0,0,0,0,0,0,0,0,0,1,4,12,0,1,0,0,0,,0,0,0,0,0,0,0,0,0,0,0,,0
00-0000313,Gary Anderson,K,1999,18,POST,1999_18_DAL_MIN,MIN,DAL,0,0,0,0,0,0,0,0,0,0,0,0,0,0,0,0,0,0,2,2,47,0,0,1,1,0,0,3,3,0,0,0,,0
00-0001157,Mitch Berger,P,1999,18,POST,1999_18_DAL_MIN,MIN,DAL,0,0,0,0,0,0,0,0,0,0,0,0,0,0,0,0,0,0,0,0,,0,0,0,0,0,0,0,0,5,204,158,48,0
00-0001719,Chris Brazzell,WR,1999,18,POST,1999_18_DAL_MIN,DAL,MIN,0,0,0,0,0,0,0,0,0,0,0,0,2,7,12,0,0,0,0,0,,0,0,0,0,0,0,0,0,0,0,0,,0
00-0002027,Reggie Brown,FB,1999,18,POST,1999_18_MIA_SEA,SEA,MIA,0,0,0,0,0,0,0,0,0,0,0,0,2,3,18,0,1,0,0,0,,0,0,0,0,0,0,0,0,0,0,0,,0
00-0002721,Cris Carter,WR,1999,18,POST,1999_18_DAL_MIN,MIN,DAL,0,0,0,0,0,0,0,0,0,0,0,0,1,7,5,1,1,0,0,0,,0,0,0,0,0,0,0,0,0,0,0,,0
00-0002846,Larry Centers,FB,1999,18,POST,1999_18_DET_WAS,WAS,DET,0,0,0,0,0,0,0,1,3,0,0,0,7,7,61,0,2,0,0,0,,0,0,0,0,0,0,0,0,0,0,0,,0
00-0002975,Steve Christie,K,1999,18,POST,1999_18_BUF_TEN,BUF,TEN,0,0,0,0,0,0,0,0,0,0,0,0,0,0,0,0,0,0,1,1,41,0,0,0,1,0,0,1,1,0,0,0,,0
00-0003266,Bobby Collins,TE,1999,18,POST,1999_18_BUF_TEN,BUF,TEN,0,0,0,0,0,0,0,0,0,0,0,0,1,2,1,0,0,0,0,0,,0,0,0,0,0,0,0,0,0,0,0,,0
00-0003378,Albert Connell,WR,1999,18,POST,1999_18_DET_WAS,WAS,DET,0,0,0,0,0,0,0,0,0,0,0,0,2,4,35,1,1,0,0,0,,0,0,0,0,0,0,0,0,0,0,0,,0
00-0003395,Brett Conway,K,1999,18,POST,1999_18_DET_WAS,WAS,DET,0,0,0,0,0,0,0,0,0,0,0,0,0,0,0,0,0,0,2,3,33,0,1,1,0,0,0,3,3,0,0,0,,0
00-0003700,Germane Crowell,WR,1999,18,POST,1999_18_DET_WAS,DET,WAS,0,0,0,0,0,0,0,0,0,0,0,0,5,11,41,0,2,0,0,0,,0,0,0,0,0,0,0,0,0,0,0,,0
00-0003761,Randall Cunningham,QB,1999,18,POST,1999_18_DAL_MIN,MIN,DAL,0,0,0,0,0,0,0,3,-4,0,0,0,0,0,0,0,0,0,0,0,,0,0,0,0,0,0,0,0,0,0,0,,0
00-0004052,Stephen Davis,RB,1999,18,POST,1999_18_DET_WAS,WAS,DET,0,0,0,0,0,0,0,15,119,2,4,0,0,0,0,0,0,0,0,0,,0,0,0,0,0,0,0,0,0,0,0,,0
00-0004077,Sean Dawkins,WR,1999,18,POST,1999_18_MIA_SEA,SEA,MIA,0,0,0,0,0,0,0,0,0,0,0,0,3,8,35,1,3,0,0,0,,0,0,0,0,0,0,0,0,0,0,0,,0
00-0004147,Al Del Greco,K,1999,18,POST,1999_18_BUF_TEN,TEN,BUF,0,0,0,0,0,0,0,0,0,0,0,0,0,0,0,0,0,0,2,3,40,0,0,1,1,0,0,2,2,0,0,0,,0
00-0004200,Autry Denson,RB,1999,18,POST,1999_18_MIA_SEA,MIA,SEA,0,0,0,0,0,0,0,7,19,0,2,0,0,0,0,0,0,0,0,0,,0,0,0,0,0,0,0,0,0,0,0,,0
00-0004694,Kevin Dyson,WR,1999,18,POST,1999_18_BUF_TEN,TEN,BUF,0,0,0,0,0,0,0,0,0,0,0,0,1,5,4,0,0,0,0,0,,0,0,0,0,0,0,0,0,0,0,0,,0
00-0005101,Christian Fauria,TE,1999,18,POST,1999_18_MIA_SEA,SEA,MIA,0,0,0,0,0,0,0,0,0,0,0,0,3,4,31,0,1,0,0,0,,0,0,0,0,0,0,0,0,0,0,0,,0
00-0005113,Jeff Feagles,P,1999,18,POST,1999_18_MIA_SEA,SEA,MIA,0,0,0,0,0,0,0,0,0,0,0,0,0,0,0,0,0,0,0,0,,0,0,0,0,0,0,0,0,7,335,272,54,2
00-0005589,Gus Frerotte,QB,1999,18,POST,1999_18_DET_WAS,DET,WAS,21,46,251,1,2,5,-38,2,16,0,0,0,0,0,0,0,0,0,0,0,,0,0,0,0,0,0,0,0,0,0,0,,0
00-0005616,Irving Fryar,WR,1999,18,POST,1999_18_DET_WAS,WAS,DET,0,0,0,0,0,0,0,0,0,0,0,0,1,2,17,0,1,0,0,0,,0,0,0,0,0,0,0,0,0,0,0,,0
00-0005668,Oronde Gadsden,WR,1999,18,POST,1999_18_MIA_SEA,MIA,SEA,0,0,0,0,0,0,0,0,0,0,0,0,2,4,25,1,2,0,0,0,,0,0,0,0,0,0,0,0,0,0,0,,0
00-0005720,Joey Galloway,WR,1999,18,POST,1999_18_MIA_SEA,SEA,MIA,0,0,0,0,0,0,0,0,0,0,0,0,1,7,22,0,1,0,0,0,,0,0,0,0,0,0,0,0,0,0,0,,0
00-0005822,Sam Gash,FB,1999,18,POST,1999_18_BUF_TEN,BUF,TEN,0,0,0,0,0,0,0,0,0,0,0,0,1,3,6,0,0,0,0,0,,0,0,0,0,0,0,0,0,0,0,0,,0
00-0005883,Eddie George,RB,1999,18,POST,1999_18_BUF_TEN,TEN,BUF,0,0,0,0,0,0,0,29,106,0,3,1,2,2,4,0,0,0,0,0,,0,0,0,0,0,0,0,0,0,0,0,,0
00-0005885,Jeff George,QB,1999,18,POST,1999_18_DAL_MIN,MIN,DAL,12,25,212,3,0,3,-13,1,8,0,0,0,0,0,0,0,0,0,0,0,,0,0,0,0,0,0,0,0,0,0,0,,0
00-0006047,Andrew Glover,TE,1999,18,POST,1999_18_DAL_MIN,MIN,DAL,0,0,0,0,0,0,0,0,0,0,0,0,0,2,0,0,0,0,0,0,,0,0,0,0,0,0,0,0,0,0,0,,0
00-0006133,Hunter Goodwin,TE,1999,18,POST,1999_18_MIA_SEA,MIA,SEA,0,0,0,0,0,0,0,0,0,0,0,0,1,1,6,0,0,0,0,0,,0,0,0,0,0,0,0,0,0,0,0,,0
00-0006181,Toby Gowin,P,1999,18,POST,1999_18_DAL_MIN,DAL,MIN,0,0,0,0,0,0,0,0,0,0,0,0,0,0,0,0,0,0,0,1,,0,0,0,0,0,0,0,0,4,182,153,56,1
00-0006800,Jason Hanson,K,1999,18,POST,1999_18_DET_WAS,DET,WAS,0,0,0,0,0,0,0,0,0,0,0,0,0,0,0,0,0,0,0,0,,0,0,0,0,0,0,1,1,0,0,0,,0
00-0006949,Jackie Harris,TE,1999,18,POST,1999_18_BUF_TEN,TEN,BUF,0,0,0,0,0,0,0,0,0,0,0,0,4,5,20,0,1,0,0,0,,0,0,0,0,0,0,0,0,0,0,0,,0
00-0007308,Craig Hentrich,P,1999,18,POST,1999_18_BUF_TEN,TEN,BUF,0,0,0,0,0,0,0,0,0,0,0,0,0,0,0,0,0,0,0,0,,0,0,0,0,0,0,0,0,7,287,277,46,4
00-0007389,Skip Hicks,RB,1999,18,POST,1999_18_DET_WAS,WAS,DET,0,0,0,0,0,0,0,23,46,0,3,0,2,2,27,0,2,0,0,0,,0,0,0,0,0,0,0,0,0,0,0,,0
00-0007520,Leroy Hoard,RB,1999,18,POST,1999_18_DAL_MIN,MIN,DAL,0,0,0,0,0,0,0,6,31,0,2,0,2,3,15,0,1,0,0,0,,0,0,0,0,0,0,0,0,0,0,0,,0
00-0007993,Tom Hutton,P,1999,18,POST,1999_18_MIA_SEA,MIA,SEA,0,0,0,0,0,0,0,0,0,0,0,0,0,0,0,0,0,0,0,0,,0,0,0,0,0,0,0,0,8,330,306,58,6
00-0008046,Sedrick Irvin,RB,1999,18,POST,1999_18_DET_WAS,DET,WAS,0,0,0,0,0,0,0,0,0,0,0,0,2,2,27,0,1,0,0,0,,0,0,0,0,0,0,0,0,0,0,0,,0
00-0008060,Raghib Ismail,WR,1999,18,POST,1999_18_DAL_MIN,DAL,MIN,0,0,0,0,0,0,0,0,0,0,0,0,8,11,163,0,7,0,0,0,,0,0,0,0,0,0,0,0,0,0,0,,0
00-0008401,John Jett,P,1999,18,POST,1999_18_DET_WAS,DET,WAS,0,0,0,0,0,0,0,0,0,0,0,0,0,0,0,0,0,0,0,0,,0,0,0,0,0,0,0,0,7,296,278,47,5
00-0008442,Brad Johnson,QB,1999,18,POST,1999_18_DET_WAS,WAS,DET,15,31,174,1,2,1,-8,0,0,0,0,0,0,0,0,0,0,0,0,0,,0,0,0,0,0,0,0,0,0,0,0,,0
00-0008529,J.J. Johnson,RB,1999,18,POST,1999_18_MIA_SEA,MIA,SEA,0,0,0,0,0,0,0,27,86,1,5,0,2,3,3,0,1,0,0,0,,0,0,0,0,0,0,0,0,0,0,0,,0
00-0008612,Rob Johnson,QB,1999,18,POST,1999_18_BUF_TEN,BUF,TEN,10,22,131,0,0,6,-34,3,9,0,1,0,0,0,0,0,0,0,0,0,,0,0,0,0,0,0,0,0,0,0,0,,0
00-0009311,Jon Kitna,QB,1999,18,POST,1999_18_MIA_SEA,SEA,MIA,14,30,162,1,2,6,-32,1,1,0,0,0,0,0,0,0,0,0,0,0,,0,0,0,0,0,0,0,0,0,0,0,,0
00-0009323,Jimmy Kleinsasser,TE,1999,18,POST,1999_18_DAL_MIN,MIN,DAL,0,0,0,0,0,0,0,0,0,0,0,0,1,1,7,0,0,0,0,0,,0,0,0,0,0,0,0,0,0,0,0,,0
00-0009417,Rob Konrad,FB,1999,18,POST,1999_18_MIA_SEA,MIA,SEA,0,0,0,0,0,0,0,0,0,0,0,0,1,1,7,0,0,0,0,0,,0,0,0,0,0,0,0,0,0,0,0,,0
00-0009550,David LaFleur,TE,1999,18,POST,1999_18_DAL_MIN,DAL,MIN,0,0,0,0,0,0,0,0,0,0,0,0,3,4,22,0,1,0,0,0,,0,0,0,0,0,0,0,0,0,0,0,,0
00-0009960,Jonathan Linton,FB,1999,18,POST,1999_18_BUF_TEN,BUF,TEN,0,0,0,0,0,0,0,5,25,0,2,0,0,0,0,0,0,0,0,0,,0,0,0,0,0,0,0,0,0,0,0,,0
00-0010373,Olindo Mare,K,1999,18,POST,1999_18_MIA_SEA,MIA,SEA,0,0,0,0,0,0,0,0,0,0,0,0,0,0,0,0,0,0,2,2,50,0,0,1,0,1,0,2,2,0,0,0,,0
00-0010379,Dan Marino,QB,1999,18,POST,1999_18_MIA_SEA,MIA,SEA,17,30,196,1,0,1,-5,1,-1,0,0,0,0,0,0,0,0,0,0,0,,0,0,0,0,0,0,0,0,0,0,0,,0
00-0010477,Tony Martin,WR,1999,18,POST,1999_18_MIA_SEA,MIA,SEA,0,0,0,0,0,0,0,0,0,0,0,0,5,12,70,0,3,0,0,0,,0,0,0,0,0,0,0,0,0,0,0,,0
00-0010824,O.J. McDuffie,WR,1999,18,POST,1999_18_MIA_SEA,MIA,SEA,0,0,0,0,0,0,0,0,0,0,0,0,5,6,82,0,4,0,0,0,,0,0,0,0,0,0,0,0,0,0,0,,0
00-0011024,Steve McNair,QB,1999,18,POST,1999_18_BUF_TEN,TEN,BUF,13,24,76,0,1,3,-21,6,19,1,3,0,0,0,0,0,0,0,0,0,,0,0,0,0,0,0,0,0,0,0,0,,0
00-0011399,Brian Mitchell,RB,1999,18,POST,1999_18_DET_WAS,WAS,DET,0,0,0,0,0,0,0,7,55,0,4,0,0,0,0,0,0,0,0,0,,0,0,0,0,0,0,0,0,0,0,0,,0
00-0011463,Chris Mohr,P,1999,18,POST,1999_18_BUF_TEN,BUF,TEN,0,0,0,0,0,0,0,0,0,0,0,0,0,0,0,0,0,0,0,0,,0,0,0,0,0,0,0,0,8,308,276,46,2
00-0011568,Herman Moore,WR,1999,18,POST,1999_18_DET_WAS,DET,WAS,0,0,0,0,0,0,0,0,0,0,0,0,3,3,69,0,2,0,0,0,,0,0,0,0,0,0,0,0,0,0,0,,0
00-0011727,Johnnie Morton,WR,1999,18,POST,1999_18_DET_WAS,DET,WAS,0,0,0,0,0,0,0,0,0,0,0,0,2,10,29,0,1,0,0,0,,0,0,0,0,0,0,0,0,0,0,0,,0
00-0011754,Randy Moss,WR,1999,18,POST,1999_18_DAL_MIN,MIN,DAL,0,0,0,0,0,0,0,0,0,0,0,0,5,6,127,1,5,0,0,0,,0,0,0,0,0,0,0,0,0,0,0,,0
00-0011770,Eric Moulds,WR,1999,18,POST,1999_18_BUF_TEN,BUF,TEN,0,0,0,0,0,0,0,0,0,0,0,0,3,7,62,0,3,0,0,0,,0,0,0,0,0,0,0,0,0,0,0,,0
00-0011859,Eddie Murray,K,1999,18,POST,1999_18_DAL_MIN,DAL,MIN,0,0,0,0,0,0,0,0,0,0,0,0,0,0,0,0,0,0,1,1,18,1,0,0,0,0,0,1,1,0,0,0,,0
00-0012321,Jeff Ogden,WR,1999,18,POST,1999_18_DAL_MIN,DAL,MIN,0,0,0,0,0,0,0,0,0,0,0,0,1,2,4,0,0,0,0,0,,0,0,0,0,0,0,0,0,0,0,0,,0
00-0012809,Ed Perry,TE,1999,18,POST,1999_18_MIA_SEA,MIA,SEA,0,0,0,0,0,0,0,0,0,0,0,0,1,1,3,0,0,0,0,0,,0,0,0,0,0,0,0,0,0,0,0,,0
00-0012875,Todd Peterson,K,1999,18,POST,1999_18_MIA_SEA,SEA,MIA,0,0,0,0,0,0,0,0,0,0,0,0,0,0,0,0,0,0,1,1,50,0,0,0,0,1,0,2,2,0,0,0,,0
00-0013232,Peerless Price,WR,1999,18,POST,1999_18_BUF_TEN,BUF,TEN,0,0,0,0,0,0,0,0,0,0,0,0,5,7,62,0,3,0,0,0,,0,0,0,0,0,0,0,0,0,0,0,,0
00-0013258,Mike Pritchard,WR,1999,18,POST,1999_18_MIA_SEA,SEA,MIA,0,0,0,0,0,0,0,0,0,0,0,0,3,4,34,0,3,0,0,0,,0,0,0,0,0,0,0,0,0,0,0,,0
00-0013262,Stanley Pritchett,RB,1999,18,POST,1999_18_MIA_SEA,MIA,SEA,0,0,0,0,0,0,0,2,4,0,0,0,0,1,0,0,0,0,0,0,,0,0,0,0,0,0,0,0,0,0,0,,0
00-0013499,Andre Reed,WR,1999,18,POST,1999_18_BUF_TEN,BUF,TEN,0,0,0,0,0,0,0,0,0,0,0,0,0,1,0,0,0,0,0,0,,0,0,0,0,0,0,0,0,0,0,0,,0
00-0013512,Jake Reed,WR,1999,18,POST,1999_18_DAL_MIN,MIN,DAL,0,0,0,0,0,0,0,0,0,0,0,0,0,2,0,0,0,0,0,0,,0,0,0,0,0,0,0,0,0,0,0,,0
00-0013728,Jay Riemersma,TE,1999,18,POST,1999_18_BUF_TEN,BUF,TEN,0,0,0,0,0,0,0,0,0,0,0,0,0,1,0,0,0,0,0,0,,0,0,0,0,0,0,0,0,0,0,0,,0
00-0013785,Ron Rivers,RB,1999,18,POST,1999_18_DET_WAS,DET,WAS,0,0,0,0,0,0,0,1,6,0,0,0,4,4,24,1,2,0,0,0,,0,0,0,0,0,0,0,0,0,0,0,,0
00-0014319,Chris Sanders,WR,1999,18,POST,1999_18_BUF_TEN,TEN,BUF,0,0,0,0,0,0,0,0,0,0,0,0,1,1,11,0,1,0,0,0,,0,0,0,0,0,0,0,0,0,0,0,,0
00-0014450,Cory Schlesinger,FB,1999,18,POST,1999_18_DET_WAS,DET,WAS,0,0,0,0,0,0,0,7,23,0,1,0,0,0,0,0,0,0,0,0,,0,0,0,0,0,0,0,0,0,0,0,,0
00-0015048,David Sloan,TE,1999,18,POST,1999_18_DET_WAS,DET,WAS,0,0,0,0,0,0,0,0,0,0,0,0,1,5,24,0,1,0,0,0,,0,0,0,0,0,0,0,0,0,0,0,,0
00-0015091,Antowain Smith,RB,1999,18,POST,1999_18_BUF_TEN,BUF,TEN,0,0,0,0,0,0,0,14,79,2,3,0,0,0,0,0,0,0,0,0,,0,0,0,0,0,0,0,0,0,0,0,,0
00-0015165,Emmitt Smith,RB,1999,18,POST,1999_18_DAL_MIN,DAL,MIN,0,0,0,0,0,0,0,15,99,1,3,0,1,2,14,0,1,0,0,0,,0,0,0,0,0,0,0,0,0,0,0,,0
00-0015286,Robert Smith,RB,1999,18,POST,1999_18_DAL_MIN,MIN,DAL,0,0,0,0,0,0,0,28,140,0,7,0,3,3,58,1,2,0,0,0,,0,0,0,0,0,0,0,0,0,0,0,,0
00-0015507,Brian Stablein,WR,1999,18,POST,1999_18_DET_WAS,DET,WAS,0,0,0,0,0,0,0,0,0,0,0,0,3,3,32,0,2,0,0,0,,0,0,0,0,0,0,0,0,0,0,0,,0
00-0016214,Yancey Thigpen,WR,1999,18,POST,1999_18_BUF_TEN,TEN,BUF,0,0,0,0,0,0,0,0,0,0,0,0,1,4,8,0,1,0,0,0,,0,0,0,0,0,0,0,0,0,0,0,,0
00-0016316,Robert Thomas,FB,1999,18,POST,1999_18_DAL_MIN,DAL,MIN,0,0,0,0,0,0,0,0,0,0,0,0,2,2,0,0,0,1,0,0,,0,0,0,0,0,0,0,0,0,0,0,,0
00-0016321,Rodney Thomas,RB,1999,18,POST,1999_18_BUF_TEN,TEN,BUF,0,0,0,0,0,0,0,4,14,0,2,0,0,0,0,0,0,0,0,0,,0,0,0,0,0,0,0,0,0,0,0,,0
00-0016331,Thurman Thomas,RB,1999,18,POST,1999_18_BUF_TEN,BUF,TEN,0,0,0,0,0,0,0,5,10,0,0,0,0,0,0,0,0,0,0,0,,0,0,0,0,0,0,0,0,0,0,0,,0
00-0016654,Jason Tucker,WR,1999,18,POST,1999_18_DAL_MIN,DAL,MIN,0,0,0,0,0,0,0,0,0,0,0,0,4,6,67,0,3,1,0,0,,0,0,0,0,0,0,0,0,0,0,0,,0
00-0016689,Matt Turk,P,1999,18,POST,1999_18_DET_WAS,WAS,DET,0,0,0,0,0,0,0,0,0,0,0,0,0,0,0,0,0,0,0,0,,0,0,0,0,0,0,0,0,4,162,149,51,1
00-0016811,Iheanyi Uwaezuoke,WR,1999,18,POST,1999_18_DET_WAS,DET,WAS,0,0,0,0,0,0,0,0,0,0,0,0,1,1,5,0,1,0,0,0,,0,0,0,0,0,0,0,0,0,0,0,,0
00-0017209,Chris Warren,RB,1999,18,POST,1999_18_DAL_MIN,DAL,MIN,0,0,0,0,0,0,0,1,12,0,1,0,1,3,4,0,0,0,0,0,,0,0,0,0,0,0,0,0,0,0,0,,0
00-0017322,Ricky Watters,RB,1999,18,POST,1999_18_MIA_SEA,SEA,MIA,0,0,0,0,0,0,0,19,40,0,0,0,2,3,22,0,1,0,0,0,,0,0,0,0,0,0,0,0,0,0,0,,0
00-0017470,Michael Westbrook,WR,1999,18,POST,1999_18_DET_WAS,WAS,DET,0,0,0,0,0,0,0,0,0,0,0,0,2,9,22,0,2,0,0,0,,0,0,0,0,0,0,0,0,0,0,0,,0
00-0017860,Kevin R. Williams,WR,1999,18,POST,1999_18_BUF_TEN,BUF,TEN,0,0,0,0,0,0,0,0,0,0,0,0,0,1,0,0,0,0,0,0,,0,0,0,0,0,0,0,0,0,0,0,,0
00-0018343,Frank Wycheck,TE,1999,18,POST,1999_18_BUF_TEN,TEN,BUF,0,0,0,0,0,0,0,0,0,0,0,0,4,5,29,0,2,0,0,0,,0,0,0,0,0,0,0,0,0,0,0,,0
00-0000166,Stephen Alexander,TE,1999,19,POST,1999_19_WAS_TB,WAS,TB,0,0,0,0,0,0,0,0,0,0,0,0,1,4,4,0,0,0,0,0,,0,0,0,0,0,0,0,0,0,0,0,,0
00-0000251,Mike Alstott,FB,1999,19,POST,1999_19_WAS_TB,TB,WAS,0,0,0,0,0,0,0,15,24,1,3,0,3,3,17,0,0,0,0,0,,0,0,0,0,0,0,0,0,0,0,0,,0
00-0000313,Gary Anderson,K,1999,19,POST,1999_19_MIN_STL,MIN,LA,0,0,0,0,0,0,0,0,0,0,0,0,0,0,0,0,0,0,1,1,31,0,0,1,0,0,0,2,2,0,0,0,,0
00-0000754,Bryan Barker,P,1999,19,POST,1999_19_MIA_JAX,JAX,MIA,0,0,0,0,0,0,0,0,0,0,0,0,0,0,0,0,0,0,0,0,,0,0,0,0,0,0,0,0,5,195,105,45,1
00-0001157,Mitch Berger,P,1999,19,POST,1999_19_MIN_STL,MIN,LA,0,0,0,0,0,0,0,0,0,0,0,0,0,0,0,0,0,0,0,0,,0,0,0,0,0,0,0,0,5,238,166,52,1
00-0001661,Kyle Brady,TE,1999,19,POST,1999_19_MIA_JAX,JAX,MIA,0,0,0,0,0,0,0,0,0,0,0,0,0,1,0,0,0,0,0,0,,0,0,0,0,0,0,0,0,0,0,0,,0
00-0002099,Isaac Bruce,WR,1999,19,POST,1999_19_MIN_STL,LA,MIN,0,0,0,0,0,0,0,0,0,0,0,0,4,7,133,1,3,0,0,0,,0,0,0,0,0,0,0,0,0,0,0,,0
00-0002110,Mark Brunell,QB,1999,19,POST,1999_19_MIA_JAX,JAX,MIA,5,9,105,2,0,2,-14,1,6,0,0,0,0,0,0,0,0,0,0,0,,0,0,0,0,0,0,0,0,0,0,0,,0
00-0002721,Cris Carter,WR,1999,19,POST,1999_19_MIN_STL,MIN,LA,0,0,0,0,0,0,0,0,0,0,0,0,7,15,106,1,5,0,0,0,,0,0,0,0,0,0,0,0,0,0,0,,0
00-0002846,Larry Centers,FB,1999,19,POST,1999_19_WAS_TB,WAS,TB,0,0,0,0,0,0,0,1,7,0,0,0,3,4,8,0,1,0,0,0,,0,0,0,0,0,0,0,0,0,0,0,,0
00-0003378,Albert Connell,WR,1999,19,POST,1999_19_WAS_TB,WAS,TB,0,0,0,0,0,0,0,0,0,0,0,0,4,7,59,0,3,0,0,0,,0,0,0,0,0,0,0,0,0,0,0,,0
00-0003395,Brett Conway,K,1999,19,POST,1999_19_WAS_TB,WAS,TB,0,0,0,0,0,0,0,0,0,0,0,0,0,0,0,0,0,0,2,2,48,0,1,0,1,0,0,1,1,0,0,0,,0
00-0003400,Ernie Conwell,TE,1999,19,POST,1999_19_MIN_STL,LA,MIN,0,0,0,0,0,0,0,0,0,0,0,0,1,1,8,0,0,0,0,0,,0,0,0,0,0,0,0,0,0,0,0,,0
00-0003715,Carlester Crumpler,TE,1999,19,POST,1999_19_MIN_STL,MIN,LA,0,0,0,0,0,0,0,0,0,0,0,0,0,1,0,0,0,0,0,0,,0,0,0,0,0,0,0,0,0,0,0,,0
00-0004004,John Davis,TE,1999,19,POST,1999_19_WAS_TB,TB,WAS,0,0,0,0,0,0,0,0,0,0,0,0,1,1,1,1,1,0,0,0,,0,0,0,0,0,0,0,0,0,0,0,,0
00-0004052,Stephen Davis,RB,1999,19,POST,1999_19_WAS_TB,WAS,TB,0,0,0,0,0,0,0,17,37,0,1,0,3,3,26,0,2,0,0,0,,0,0,0,0,0,0,0,0,0,0,0,,0
00-0004147,Al Del Greco,K,1999,19,POST,1999_19_TEN_IND,TEN,IND,0,0,0,0,0,0,0,0,0,0,0,0,0,0,0,0,0,0,4,4,49,0,1,1,2,0,0,1,1,0,0,0,,0
00-0004200,Autry Denson,RB,1999,19,POST,1999_19_MIA_JAX,MIA,JAX,0,0,0,0,0,0,0,6,10,0,0,1,0,0,0,0,0,0,0,0,,0,0,0,0,0,0,0,0,0,0,0,,0
00-0004294,Ken Dilger,TE,1999,19,POST,1999_19_TEN_IND,IND,TEN,0,0,0,0,0,0,0,0,0,0,0,0,2,3,12,0,0,0,0,0,,0,0,0,0,0,0,0,0,0,0,0,,0
00-0004524,Troy Drayton,TE,1999,19,POST,1999_19_MIA_JAX,MIA,JAX,0,0,0,0,0,0,0,0,0,0,0,0,1,1,2,0,0,0,0,0,,0,0,0,0,0,0,0,0,0,0,0,,0
00-0004640,Warrick Dunn,RB,1999,19,POST,1999_19_WAS_TB,TB,WAS,0,0,0,0,0,0,0,11,18,0,0,0,4,7,32,0,2,0,0,0,,0,0,0,0,0,0,0,0,0,0,0,,0
00-0004694,Kevin Dyson,WR,1999,19,POST,1999_19_TEN_IND,TEN,IND,0,0,0,0,0,0,0,0,0,0,0,0,2,3,25,0,2,0,0,0,,0,0,0,0,0,0,0,0,0,0,0,,0
00-0004888,Bert Emanuel,WR,1999,19,POST,1999_19_WAS_TB,TB,WAS,0,0,0,0,0,0,0,0,0,0,0,0,2,2,47,0,1,0,0,0,,0,0,0,0,0,0,0,0,0,0,0,,0
00-0005092,Marshall Faulk,RB,1999,19,POST,1999_19_MIN_STL,LA,MIN,0,0,0,0,0,0,0,11,21,1,2,0,5,5,80,1,3,0,0,0,,0,0,0,0,0,0,0,0,0,0,0,,0
00-0005180,Jay Fiedler,QB,1999,19,POST,1999_19_MIA_JAX,JAX,MIA,7,11,172,2,1,0,0,0,0,0,0,0,0,0,0,0,0,0,0,0,,0,0,0,0,0,0,0,0,0,0,0,,0
00-0005616,Irving Fryar,WR,1999,19,POST,1999_19_WAS_TB,WAS,TB,0,0,0,0,0,0,0,0,0,0,0,0,4,6,30,0,1,0,0,0,,0,0,0,0,0,0,0,0,0,0,0,,0
00-0005668,Oronde Gadsden,WR,1999,19,POST,1999_19_MIA_JAX,MIA,JAX,0,0,0,0,0,0,0,0,0,0,0,0,6,11,62,1,4,0,0,0,,0,0,0,0,0,0,0,0,0,0,0,,0
00-0005883,Eddie George,RB,1999,19,POST,1999_19_TEN_IND,TEN,IND,0,0,0,0,0,0,0,26,162,1,5,1,3,6,14,0,0,0,0,0,,0,0,0,0,0,0,0,0,0,0,0,,0
00-0005885,Jeff George,QB,1999,19,POST,1999_19_MIN_STL,MIN,LA,29,50,423,4,1,4,-35,2,-1,0,0,1,0,0,0,0,0,0,0,0,,0,0,0,0,0,0,0,0,0,0,0,,0
00-0006047,Andrew Glover,TE,1999,19,POST,1999_19_MIN_STL,MIN,LA,0,0,0,0,0,0,0,0,0,0,0,0,1,2,12,0,1,0,0,0,,0,0,0,0,0,0,0,0,0,0,0,,0
00-0006133,Hunter Goodwin,TE,1999,19,POST,1999_19_MIA_JAX,MIA,JAX,0,0,0,0,0,0,0,0,0,0,0,0,0,2,0,0,0,0,0,0,,0,0,0,0,0,0,0,0,0,0,0,,0
00-0006223,Martin Gramatica,K,1999,19,POST,1999_19_WAS_TB,TB,WAS,0,0,0,0,0,0,0,0,0,0,0,0,0,0,0,0,0,0,0,0,,0,0,0,0,0,0,2,2,0,0,0,,0
00-0006322,E.G. Green,WR,1999,19,POST,1999_19_TEN_IND,IND,TEN,0,0,0,0,0,0,0,0,0,0,0,0,1,1,33,0,1,0,0,0,,0,0,0,0,0,0,0,0,0,0,0,,0
00-0006331,Jacquez Green,WR,1999,19,POST,1999_19_WAS_TB,TB,WAS,0,0,0,0,0,0,0,0,0,0,0,0,2,9,25,0,1,0,0,0,,0,0,0,0,0,0,0,0,0,0,0,,0
00-0006627,Az-Zahir Hakim,WR,1999,19,POST,1999_19_MIN_STL,LA,MIN,0,0,0,0,0,0,0,1,4,0,0,0,5,6,49,0,5,0,0,0,,0,0,0,0,0,0,0,0,0,0,0,,0
00-0007024,Marvin Harrison,WR,1999,19,POST,1999_19_TEN_IND,IND,TEN,0,0,0,0,0,0,0,0,0,0,0,0,5,18,65,0,5,0,0,0,,0,0,0,0,0,0,0,0,0,0,0,,0
00-0007103,Matt Hatchette,WR,1999,19,POST,1999_19_MIN_STL,MIN,LA,0,0,0,0,0,0,0,0,0,0,0,0,0,1,0,0,0,0,0,0,,0,0,0,0,0,0,0,0,0,0,0,,0
00-0007308,Craig Hentrich,P,1999,19,POST,1999_19_TEN_IND,TEN,IND,0,0,0,0,0,0,0,0,0,0,0,0,0,0,0,0,0,0,0,0,,0,0,0,0,0,0,0,0,5,260,216,57,2
00-0007389,Skip Hicks,RB,1999,19,POST,1999_19_WAS_TB,WAS,TB,0,0,0,0,0,0,0,1,0,0,0,0,2,2,17,0,1,0,0,0,,0,0,0,0,0,0,0,0,0,0,0,,0
00-0007520,Leroy Hoard,RB,1999,19,POST,1999_19_MIN_STL,MIN,LA,0,0,0,0,0,0,0,7,24,1,3,0,0,0,0,0,0,0,0,0,,0,0,0,0,0,0,0,0,0,0,0,,0
00-0007579,Robert Holcombe,FB,1999,19,POST,1999_19_MIN_STL,LA,MIN,0,0,0,0,0,0,0,1,2,0,0,0,1,3,12,0,1,0,0,0,,0,0,0,0,0,0,0,0,0,0,0,,0
00-0007622,Mike Hollis,K,1999,19,POST,1999_19_MIA_JAX,JAX,MIA,0,0,0,0,0,0,0,0,0,0,0,0,0,0,0,0,0,0,2,3,45,0,1,0,1,0,0,8,8,0,0,0,,0
00-0007681,Torry Holt,WR,1999,19,POST,1999_19_MIN_STL,LA,MIN,0,0,0,0,0,0,0,0,0,0,0,0,6,6,65,0,1,0,0,0,,0,0,0,0,0,0,0,0,0,0,0,,0
00-0007737,Mike Horan,P,1999,19,POST,1999_19_MIN_STL,LA,MIN,0,0,0,0,0,0,0,0,0,0,0,0,0,0,0,0,0,0,0,0,,0,0,0,0,0,0,0,0,3,116,91,42,1
00-0007795,Chris Howard,RB,1999,19,POST,1999_19_MIA_JAX,JAX,MIA,0,0,0,0,0,0,0,15,54,1,3,0,0,0,0,0,0,0,0,0,,0,0,0,0,0,0,0,0,0,0,0,,0
00-0007835,Damon Huard,QB,1999,19,POST,1999_19_MIA_JAX,MIA,JAX,5,16,46,0,0,3,-17,1,2,0,0,0,0,0,0,0,0,0,0,0,,0,0,0,0,0,0,0,0,0,0,0,,0
00-0007993,Tom Hutton,P,1999,19,POST,1999_19_MIA_JAX,MIA,JAX,0,0,0,0,0,0,0,1,-8,0,0,1,0,0,0,0,0,0,0,0,,0,0,0,0,0,0,0,0,8,356,312,57,2
00-0008241,Edgerrin James,RB,1999,19,POST,1999_19_TEN_IND,IND,TEN,0,0,0,0,0,0,0,20,56,0,2,0,1,4,8,0,0,0,0,0,,0,0,0,0,0,0,0,0,0,0,0,,0
00-0008442,Brad Johnson,QB,1999,19,POST,1999_19_WAS_TB,WAS,TB,20,32,149,0,1,3,-28,1,0,0,0,0,0,0,0,0,0,0,0,0,,0,0,0,0,0,0,0,0,0,0,0,,0
00-0008529,J.J. Johnson,RB,1999,19,POST,1999_19_MIA_JAX,MIA,JAX,0,0,0,0,0,0,0,8,9,0,0,0,2,3,11,0,0,1,0,0,,0,0,0,0,0,0,0,0,0,0,0,,0
00-0008903,Andrew Jordan,TE,1999,19,POST,1999_19_MIN_STL,MIN,LA,0,0,0,0,0,0,0,0,0,0,0,0,0,1,0,0,0,0,0,0,,0,0,0,0,0,0,0,0,0,0,0,,0
00-0009266,Shaun King,QB,1999,19,POST,1999_19_WAS_TB,TB,WAS,15,32,157,1,1,2,-10,1,2,0,0,0,0,0,0,0,0,0,0,0,,0,0,0,0,0,0,0,0,0,0,0,,0
00-0009417,Rob Konrad,FB,1999,19,POST,1999_19_MIA_JAX,MIA,JAX,0,0,0,0,0,0,0,0,0,0,0,0,3,4,30,0,1,0,0,0,,0,0,0,0,0,0,0,0,0,0,0,,0
00-0009738,Amp Lee,RB,1999,19,POST,1999_19_MIN_STL,LA,MIN,0,0,0,0,0,0,0,1,1,0,0,0,0,0,0,0,0,0,0,0,,0,0,0,0,0,0,0,0,0,0,0,,0
00-0010346,Peyton Manning,QB,1999,19,POST,1999_19_TEN_IND,IND,TEN,19,42,227,0,0,0,0,3,22,1,1,0,0,0,0,0,0,0,0,0,,0,0,0,0,0,0,0,0,0,0,0,,0
00-0010373,Olindo Mare,K,1999,19,POST,1999_19_MIA_JAX,MIA,JAX,0,0,0,0,0,0,0,0,0,0,0,0,0,0,0,0,0,0,0,0,,0,0,0,0,0,0,1,1,0,0,0,,0
00-0010379,Dan Marino,QB,1999,19,POST,1999_19_MIA_JAX,MIA,JAX,11,25,95,1,2,2,-14,1,0,0,0,1,0,0,0,0,0,0,0,0,,0,0,0,0,0,0,0,0,0,0,0,,0
00-0010477,Tony Martin,WR,1999,19,POST,1999_19_MIA_JAX,MIA,JAX,0,0,0,0,0,0,0,0,0,0,0,0,0,5,0,0,0,0,0,0,,0,0,0,0,0,0,0,0,0,0,0,,0
00-0010668,Keenan McCardell,WR,1999,19,POST,1999_19_MIA_JAX,JAX,MIA,0,0,0,0,0,0,0,0,0,0,0,0,4,7,52,0,4,0,0,0,,0,0,0,0,0,0,0,0,0,0,0,,0
00-0010796,Darnell McDonald,WR,1999,19,POST,1999_19_WAS_TB,TB,WAS,0,0,0,0,0,0,0,0,0,0,0,0,0,4,0,0,0,0,0,0,,0,0,0,0,0,0,0,0,0,0,0,,0
00-0010824,O.J. McDuffie,WR,1999,19,POST,1999_19_MIA_JAX,MIA,JAX,0,0,0,0,0,0,0,0,0,0,0,0,2,10,19,0,1,0,0,0,,0,0,0,0,0,0,0,0,0,0,0,,0
00-0011024,Steve McNair,QB,1999,19,POST,1999_19_TEN_IND,TEN,IND,13,24,112,0,0,0,0,7,35,0,2,0,0,0,0,0,0,0,0,0,,0,0,0,0,0,0,0,0,0,0,0,,0
00-0011399,Brian Mitchell,RB,1999,19,POST,1999_19_WAS_TB,WAS,TB,0,0,0,0,0,0,0,1,1,0,0,0,2,2,1,0,0,0,0,0,,0,0,0,0,0,0,0,0,0,0,0,,0
00-0011551,Dave Moore,TE,1999,19,POST,1999_19_WAS_TB,TB,WAS,0,0,0,0,0,0,0,0,0,0,0,0,2,4,32,0,2,0,0,0,,0,0,0,0,0,0,0,0,0,0,0,,0
00-0011754,Randy Moss,WR,1999,19,POST,1999_19_MIN_STL,MIN,LA,0,0,0,0,0,0,0,0,0,0,0,0,9,14,188,2,7,0,0,0,,0,0,0,0,0,0,0,0,0,0,0,,0
00-0012637,Jerome Pathon,WR,1999,19,POST,1999_19_TEN_IND,IND,TEN,0,0,0,0,0,0,0,0,0,0,0,0,5,8,44,0,3,0,0,0,,0,0,0,0,0,0,0,0,0,0,0,,0
00-0013080,Marcus Pollard,TE,1999,19,POST,1999_19_TEN_IND,IND,TEN,0,0,0,0,0,0,0,0,0,0,0,0,1,1,10,0,1,0,0,0,,0,0,0,0,0,0,0,0,0,0,0,,0
00-0013262,Stanley Pritchett,RB,1999,19,POST,1999_19_MIA_JAX,MIA,JAX,0,0,0,0,0,0,0,2,10,0,0,0,2,2,17,0,0,0,0,0,,0,0,0,0,0,0,0,0,0,0,0,,0
00-0013268,Ricky Proehl,WR,1999,19,POST,1999_19_MIN_STL,LA,MIN,0,0,0,0,0,0,0,0,0,0,0,0,1,1,10,0,1,0,0,0,,0,0,0,0,0,0,0,0,0,0,0,,0
00-0013512,Jake Reed,WR,1999,19,POST,1999_19_MIN_STL,MIN,LA,0,0,0,0,0,0,0,0,0,0,0,0,5,7,85,1,5,0,0,0,,0,0,0,0,0,0,0,0,0,0,0,,0
00-0013872,Jeff Robinson,LS,1999,19,POST,1999_19_MIN_STL,LA,MIN,0,0,0,0,0,0,0,0,0,0,0,0,1,1,13,1,1,0,0,0,,0,0,0,0,0,0,0,0,0,0,0,,0
00-0014115,Mark Royals,P,1999,19,POST,1999_19_WAS_TB,TB,WAS,0,0,0,0,0,0,0,0,0,0,0,0,0,0,0,0,0,0,0,0,,0,0,0,0,0,0,0,0,10,418,374,53,3
00-0014319,Chris Sanders,WR,1999,19,POST,1999_19_TEN_IND,TEN,IND,0,0,0,0,0,0,0,0,0,0,0,0,2,3,38,0,2,0,0,0,,0,0,0,0,0,0,0,0,0,0,0,,0
00-0014775,Daimon Shelton,FB,1999,19,POST,1999_19_MIA_JAX,JAX,MIA,0,0,0,0,0,0,0,1,0,0,0,1,1,2,12,0,1,0,0,0,,0,0,0,0,0,0,0,0,0,0,0,,0
00-0015194,Hunter Smith,P,1999,19,POST,1999_19_TEN_IND,IND,TEN,0,0,0,0,0,0,0,0,0,0,0,0,0,0,0,0,0,0,0,0,,0,0,0,0,0,0,0,0,7,340,271,57,1
00-0015218,Jimmy Smith,WR,1999,19,POST,1999_19_MIA_JAX,JAX,MIA,0,0,0,0,0,0,0,0,0,0,0,0,5,8,136,2,3,0,0,0,,0,0,0,0,0,0,0,0,0,0,0,,0
00-0015286,Robert Smith,RB,1999,19,POST,1999_19_MIN_STL,MIN,LA,0,0,0,0,0,0,0,20,64,0,3,0,7,8,32,0,2,0,0,0,,0,0,0,0,0,0,0,0,0,0,0,,0
00-0015698,James Stewart,RB,1999,19,POST,1999_19_MIA_JAX,JAX,MIA,0,0,0,0,0,0,0,11,62,1,3,0,0,0,0,0,0,0,0,0,,0,0,0,0,0,0,0,0,0,0,0,,0
00-0016098,Fred Taylor,RB,1999,19,POST,1999_19_MIA_JAX,JAX,MIA,0,0,0,0,0,0,0,18,135,1,4,0,1,1,39,1,1,0,0,0,,0,0,0,0,0,0,0,0,0,0,0,,0
00-0016214,Yancey Thigpen,WR,1999,19,POST,1999_19_TEN_IND,TEN,IND,0,0,0,0,0,0,0,0,0,0,0,0,3,7,19,0,0,0,0,0,,0,0,0,0,0,0,0,0,0,0,0,,0
00-0016440,James Thrash,WR,1999,19,POST,1999_19_WAS_TB,WAS,TB,0,0,0,0,0,0,0,1,1,0,0,0,0,0,0,0,0,0,0,0,,0,0,0,0,0,0,0,0,0,0,0,,0
00-0016660,Ryan Tucker,G,1999,19,POST,1999_19_MIN_STL,LA,MIN,0,0,0,0,0,0,0,0,0,0,0,0,1,1,1,1,1,0,0,0,,0,0,0,0,0,0,0,0,0,0,0,,0
00-0016689,Matt Turk,P,1999,19,POST,1999_19_WAS_TB,WAS,TB,0,0,0,0,0,0,0,0,0,0,0,0,0,0,0,0,0,0,0,0,,0,0,0,0,0,0,0,0,8,337,330,52,3
00-0016830,Mike Vanderjagt,K,1999,19,POST,1999_19_TEN_IND,IND,TEN,0,0,0,0,0,0,0,0,0,0,0,0,0,0,0,0,0,0,3,3,40,0,0,1,2,0,0,1,1,0,0,0,,0
00-0017200,Kurt Warner,QB,1999,19,POST,1999_19_MIN_STL,LA,MIN,27,33,391,5,1,2,-17,3,3,0,1,1,0,0,0,0,0,0,0,0,,0,0,0,0,0,0,0,0,0,0,0,,0
00-0017470,Michael Westbrook,WR,1999,19,POST,1999_19_WAS_TB,WAS,TB,0,0,0,0,0,0,0,1,0,0,0,0,1,4,4,0,0,0,0,0,,0,0,0,0,0,0,0,0,0,0,0,,0
00-0017611,Alvis Whitted,WR,1999,19,POST,1999_19_MIA_JAX,JAX,MIA,0,0,0,0,0,0,0,0,0,0,0,0,1,1,38,1,1,0,0,0,,0,0,0,0,0,0,0,0,0,0,0,,0
00-0017693,Jeff Wilkins,K,1999,19,POST,1999_19_MIN_STL,LA,MIN,0,0,0,0,0,0,0,0,0,0,0,0,0,0,0,0,0,0,0,1,,0,0,0,0,0,0,7,7,0,0,0,,0
00-0017697,Terrence Wilkins,WR,1999,19,POST,1999_19_TEN_IND,IND,TEN,0,0,0,0,0,0,0,0,0,0,0,0,4,6,55,0,3,0,0,0,,0,0,0,0,0,0,0,0,0,0,0,,0
00-0017847,Karl Williams,WR,1999,19,POST,1999_19_WAS_TB,TB,WAS,0,0,0,0,0,0,0,0,0,0,0,0,1,1,3,0,0,0,0,0,,0,0,0,0,0,0,0,0,0,0,0,,0
00-0017924,Roland Williams,TE,1999,19,POST,1999_19_MIN_STL,LA,MIN,0,0,0,0,0,0,0,0,0,0,0,0,2,2,20,1,2,0,0,0,,0,0,0,0,0,0,0,0,0,0,0,,0
00-0018343,Frank Wycheck,TE,1999,19,POST,1999_19_TEN_IND,TEN,IND,0,0,0,0,0,0,0,0,0,0,0,0,3,5,16,0,1,0,0,0,,0,0,0,0,0,0,0,0,0,0,0,,0
00-0000251,Mike Alstott,FB,1999,20,POST,1999_20_TB_STL,TB,LA,0,0,0,0,0,0,0,12,39,0,2,0,1,1,9,0,0,0,0,0,,0,0,0,0,0,0,0,0,0,0,0,,0
00-0000754,Bryan Barker,P,1999,20,POST,1999_20_TEN_JAX,JAX,TEN,0,0,0,0,0,0,0,0,0,0,0,0,0,0,0,0,0,0,0,0,,0,0,0,0,0,0,0,0,3,136,122,52,1
00-0001661,Kyle Brady,TE,1999,20,POST,1999_20_TEN_JAX,JAX,TEN,0,0,0,0,0,0,0,0,0,0,0,0,5,6,44,1,3,2,0,0,,0,0,0,0,0,0,0,0,0,0,0,,0
00-0002099,Isaac Bruce,WR,1999,20,POST,1999_20_TB_STL,LA,TB,0,0,0,0,0,0,0,0,0,0,0,0,3,6,22,0,0,0,0,0,,0,0,0,0,0,0,0,0,0,0,0,,0
00-0002110,Mark Brunell,QB,1999,20,POST,1999_20_TEN_JAX,JAX,TEN,19,38,226,1,2,3,-10,1,-1,0,0,0,0,0,0,0,0,0,0,0,,0,0,0,0,0,0,0,0,0,0,0,,0
00-0002469,Isaac Byrd,WR,1999,20,POST,1999_20_TEN_JAX,TEN,JAX,0,0,0,0,0,0,0,0,0,0,0,0,2,2,19,0,2,0,0,0,,0,0,0,0,0,0,0,0,0,0,0,,0
00-0003400,Ernie Conwell,TE,1999,20,POST,1999_20_TB_STL,LA,TB,0,0,0,0,0,0,0,0,0,0,0,0,1,1,-2,0,0,0,0,0,,0,0,0,0,0,0,0,0,0,0,0,,0
00-0004147,Al Del Greco,K,1999,20,POST,1999_20_TEN_JAX,TEN,JAX,0,0,0,0,0,0,0,0,0,0,0,0,0,0,0,0,0,0,1,1,34,0,0,1,0,0,0,4,4,0,0,0,,0
00-0004640,Warrick Dunn,RB,1999,20,POST,1999_20_TB_STL,TB,LA,0,0,0,0,0,0,0,9,35,0,2,0,4,5,37,0,2,0,0,0,,0,0,0,0,0,0,0,0,0,0,0,,0
00-0004694,Kevin Dyson,WR,1999,20,POST,1999_20_TEN_JAX,TEN,JAX,0,0,0,0,0,0,0,0,0,0,0,0,1,2,12,0,1,0,0,0,,0,0,0,0,0,0,0,0,0,0,0,,0
00-0004888,Bert Emanuel,WR,1999,20,POST,1999_20_TB_STL,TB,LA,0,0,0,0,0,0,0,0,0,0,0,0,1,3,22,0,1,0,0,0,,0,0,0,0,0,0,0,0,0,0,0,,0
00-0005092,Marshall Faulk,RB,1999,20,POST,1999_20_TB_STL,LA,TB,0,0,0,0,0,0,0,17,44,0,3,0,3,5,5,0,0,0,0,0,,0,0,0,0,0,0,0,0,0,0,0,,0
00-0005883,Eddie George,RB,1999,20,POST,1999_20_TEN_JAX,TEN,JAX,0,0,0,0,0,0,0,25,86,0,3,0,3,4,19,0,1,0,0,0,,0,0,0,0,0,0,0,0,0,0,0,,0
00-0006223,Martin Gramatica,K,1999,20,POST,1999_20_TB_STL,TB,LA,0,0,0,0,0,0,0,0,0,0,0,0,0,0,0,0,0,0,2,2,25,0,2,0,0,0,0,0,0,0,0,0,,0
00-0006331,Jacquez Green,WR,1999,20,POST,1999_20_TB_STL,TB,LA,0,0,0,0,0,0,0,0,0,0,0,0,4,7,59,0,2,0,0,0,,0,0,0,0,0,0,0,0,0,0,0,,0
00-0006627,Az-Zahir Hakim,WR,1999,20,POST,1999_20_TB_STL,LA,TB,0,0,0,0,0,0,0,1,6,0,0,0,2,6,27,0,2,0,0,0,,0,0,0,0,0,0,0,0,0,0,0,,0
00-0006949,Jackie Harris,TE,1999,20,POST,1999_20_TEN_JAX,TEN,JAX,0,0,0,0,0,0,0,0,0,0,0,0,3,4,33,0,2,0,0,0,,0,0,0,0,0,0,0,0,0,0,0,,0
00-0007308,Craig Hentrich,P,1999,20,POST,1999_20_TEN_JAX,TEN,JAX,0,0,0,0,0,0,0,0,0,0,0,0,0,0,0,0,0,0,0,0,,0,0,0,0,0,0,0,0,5,201,195,43,0
00-0007579,Robert Holcombe,FB,1999,20,POST,1999_20_TB_STL,LA,TB,0,0,0,0,0,0,0,1,2,0,0,0,2,2,5,0,0,0,0,0,,0,0,0,0,0,0,0,0,0,0,0,,0
00-0007622,Mike Hollis,K,1999,20,POST,1999_20_TEN_JAX,JAX,TEN,0,0,0,0,0,0,0,0,0,0,0,0,0,0,0,0,0,0,0,0,,0,0,0,0,0,0,2,2,0,0,0,,0
00-0007681,Torry Holt,WR,1999,20,POST,1999_20_TB_STL,LA,TB,0,0,0,0,0,0,0,0,0,0,0,0,7,10,68,0,5,0,0,0,,0,0,0,0,0,0,0,0,0,0,0,,0
00-0007737,Mike Horan,P,1999,20,POST,1999_20_TB_STL,LA,TB,0,0,0,0,0,0,0,0,0,0,0,0,0,0,0,0,0,0,0,0,,0,0,0,0,0,0,0,0,4,175,130,48,0
00-0008723,Damon Jones,TE,1999,20,POST,1999_20_TEN_JAX,JAX,TEN,0,0,0,0,0,0,0,0,0,0,0,0,1,2,7,0,0,0,0,0,,0,0,0,0,0,0,0,0,0,0,0,,0
00-0009266,Shaun King,QB,1999,20,POST,1999_20_TB_STL,TB,LA,13,29,163,0,2,5,-41,2,3,0,0,0,0,0,0,0,0,0,0,0,,0,0,0,0,0,0,0,0,0,0,0,,0
00-0010500,Derrick Mason,WR,1999,20,POST,1999_20_TEN_JAX,TEN,JAX,0,0,0,0,0,0,0,0,0,0,0,0,0,2,0,0,0,0,0,0,,0,0,0,0,0,0,0,0,0,0,0,,0
00-0010668,Keenan McCardell,WR,1999,20,POST,1999_20_TEN_JAX,JAX,TEN,0,0,0,0,0,0,0,0,0,0,0,0,6,9,67,0,3,0,0,0,,0,0,0,0,0,0,0,0,0,0,0,,0
00-0010796,Darnell McDonald,WR,1999,20,POST,1999_20_TB_STL,TB,LA,0,0,0,0,0,0,0,0,0,0,0,0,0,2,0,0,0,0,0,0,,0,0,0,0,0,0,0,0,0,0,0,,0
00-0011024,Steve McNair,QB,1999,20,POST,1999_20_TEN_JAX,TEN,JAX,14,23,112,1,1,1,0,9,91,2,5,1,0,0,0,0,0,0,0,0,,0,0,0,0,0,0,0,0,0,0,0,,0
00-0011551,Dave Moore,TE,1999,20,POST,1999_20_TB_STL,TB,LA,0,0,0,0,0,0,0,0,0,0,0,0,1,4,8,0,0,0,0,0,,0,0,0,0,0,0,0,0,0,0,0,,0
00-0011958,Lorenzo Neal,FB,1999,20,POST,1999_20_TEN_JAX,TEN,JAX,0,0,0,0,0,0,0,0,0,0,0,0,1,1,1,0,0,0,0,0,,0,0,0,0,0,0,0,0,0,0,0,,0
00-0013268,Ricky Proehl,WR,1999,20,POST,1999_20_TB_STL,LA,TB,0,0,0,0,0,0,0,0,0,0,0,0,6,9,100,1,5,0,0,0,,0,0,0,0,0,0,0,0,0,0,0,,0
00-0013872,Jeff Robinson,LS,1999,20,POST,1999_20_TB_STL,LA,TB,0,0,0,0,0,0,0,0,0,0,0,0,1,1,11,0,1,0,0,0,,0,0,0,0,0,0,0,0,0,0,0,,0
00-0014115,Mark Royals,P,1999,20,POST,1999_20_TB_STL,TB,LA,0,0,0,0,0,0,0,0,0,0,0,0,0,0,0,0,0,0,0,0,,0,0,0,0,0,0,0,0,5,202,172,53,3
00-0014319,Chris Sanders,WR,1999,20,POST,1999_20_TEN_JAX,TEN,JAX,0,0,0,0,0,0,0,0,0,0,0,0,0,2,0,0,0,0,0,0,,0,0,0,0,0,0,0,0,0,0,0,,0
00-0015218,Jimmy Smith,WR,1999,20,POST,1999_20_TEN_JAX,JAX,TEN,0,0,0,0,0,0,0,0,0,0,0,0,5,16,92,0,5,0,0,0,,0,0,0,0,0,0,0,0,0,0,0,,0
00-0015698,James Stewart,RB,1999,20,POST,1999_20_TEN_JAX,JAX,TEN,0,0,0,0,0,0,0,3,35,1,1,0,0,0,0,0,0,0,0,0,,0,0,0,0,0,0,0,0,0,0,0,,0
00-0016098,Fred Taylor,RB,1999,20,POST,1999_20_TEN_JAX,JAX,TEN,0,0,0,0,0,0,0,19,110,0,4,0,2,3,16,0,1,0,0,0,,0,0,0,0,0,0,0,0,0,0,0,,0
00-0016214,Yancey Thigpen,WR,1999,20,POST,1999_20_TEN_JAX,TEN,JAX,0,0,0,0,0,0,0,0,0,0,0,0,2,4,16,1,1,0,0,0,,0,0,0,0,0,0,0,0,0,0,0,,0
00-0017200,Kurt Warner,QB,1999,20,POST,1999_20_TB_STL,LA,TB,26,43,258,1,3,0,0,2,-1,0,0,0,0,0,0,0,0,0,0,0,,0,0,0,0,0,0,0,0,0,0,0,,0
00-0017611,Alvis Whitted,WR,1999,20,POST,1999_20_TEN_JAX,JAX,TEN,0,0,0,0,0,0,0,0,0,0,0,0,0,2,0,0,0,0,0,0,,0,0,0,0,0,0,0,0,0,0,0,,0
00-0017693,Jeff Wilkins,K,1999,20,POST,1999_20_TB_STL,LA,TB,0,0,0,0,0,0,0,0,0,0,0,0,0,0,0,0,0,0,1,2,24,0,1,0,0,0,0,0,0,0,0,0,,0
00-0017847,Karl Williams,WR,1999,20,POST,1999_20_TB_STL,TB,LA,0,0,0,0,0,0,0,0,0,0,0,0,2,4,28,0,2,0,0,0,,0,0,0,0,0,0,0,0,0,0,0,,0
00-0017924,Roland Williams,TE,1999,20,POST,1999_20_TB_STL,LA,TB,0,0,0,0,0,0,0,0,0,0,0,0,1,3,22,0,1,0,0,0,,0,0,0,0,0,0,0,0,0,0,0,,0
00-0018343,Frank Wycheck,TE,1999,20,POST,1999_20_TEN_JAX,TEN,JAX,0,0,0,0,0,0,0,0,0,0,0,0,2,2,12,0,0,1,0,0,,0,0,0,0,0,0,0,0,0,0,0,,0
00-0002099,Isaac Bruce,WR,1999,21,POST,1999_21_STL_TEN,LA,TEN,0,0,0,0,0,0,0,0,0,0,0,0,6,12,162,1,6,0,0,0,,0,0,0,0,0,0,0,0,0,0,0,,0
00-0002469,Isaac Byrd,WR,1999,21,POST,1999_21_STL_TEN,TEN,LA,0,0,0,0,0,0,0,0,0,0,0,0,2,3,21,0,1,0,0,0,,0,0,0,0,0,0,0,0,0,0,0,,0
00-0003400,Ernie Conwell,TE,1999,21,POST,1999_21_STL_TEN,LA,TEN,0,0,0,0,0,0,0,0,0,0,0,0,1,1,16,0,1,0,0,0,,0,0,0,0,0,0,0,0,0,0,0,,0
00-0004147,Al Del Greco,K,1999,21,POST,1999_21_STL_TEN,TEN,LA,0,0,0,0,0,0,0,0,0,0,0,0,0,0,0,0,0,0,1,3,43,0,0,0,1,0,0,1,1,0,0,0,,0
00-0004694,Kevin Dyson,WR,1999,21,POST,1999_21_STL_TEN,TEN,LA,0,0,0,0,0,0,0,0,0,0,0,0,4,8,41,0,3,0,0,0,,0,0,0,0,0,0,0,0,0,0,0,,0
00-0005092,Marshall Faulk,RB,1999,21,POST,1999_21_STL_TEN,LA,TEN,0,0,0,0,0,0,0,10,17,0,0,0,5,6,90,0,3,0,0,0,,0,0,0,0,0,0,0,0,0,0,0,,0
00-0005883,Eddie George,RB,1999,21,POST,1999_21_STL_TEN,TEN,LA,0,0,0,0,0,0,0,28,95,2,6,0,2,4,35,0,1,0,0,0,,0,0,0,0,0,0,0,0,0,0,0,,0
00-0006627,Az-Zahir Hakim,WR,1999,21,POST,1999_21_STL_TEN,LA,TEN,0,0,0,0,0,0,0,0,0,0,0,0,1,5,17,0,1,0,0,0,,0,0,0,0,0,0,0,0,0,0,0,,0
00-0006949,Jackie Harris,TE,1999,21,POST,1999_21_STL_TEN,TEN,LA,0,0,0,0,0,0,0,0,0,0,0,0,7,8,64,0,4,0,0,0,,0,0,0,0,0,0,0,0,0,0,0,,0
00-0007308,Craig Hentrich,P,1999,21,POST,1999_21_STL_TEN,TEN,LA,0,0,0,0,0,0,0,0,0,0,0,0,0,0,0,0,0,0,0,0,,0,0,0,0,0,0,0,0,3,129,121,49,1
00-0007579,Robert Holcombe,FB,1999,21,POST,1999_21_STL_TEN,LA,TEN,0,0,0,0,0,0,0,1,11,0,1,0,1,1,1,0,0,0,0,0,,0,0,0,0,0,0,0,0,0,0,0,,0
00-0007681,Torry Holt,WR,1999,21,POST,1999_21_STL_TEN,LA,TEN,0,0,0,0,0,0,0,0,0,0,0,0,7,11,109,1,6,0,0,0,,0,0,0,0,0,0,0,0,0,0,0,,0
00-0007737,Mike Horan,P,1999,21,POST,1999_21_STL_TEN,LA,TEN,0,0,0,0,0,0,0,1,0,0,0,0,0,0,0,0,0,0,0,0,,0,0,0,0,0,0,0,0,2,77,78,47,0
00-0010500,Derrick Mason,WR,1999,21,POST,1999_21_STL_TEN,TEN,LA,0,0,0,0,0,0,0,0,0,0,0,0,2,4,18,0,1,0,0,0,,0,0,0,0,0,0,0,0,0,0,0,,0
00-0011024,Steve McNair,QB,1999,21,POST,1999_21_STL_TEN,TEN,LA,22,36,214,0,0,1,-6,8,64,0,6,0,0,0,0,0,0,0,0,0,,0,0,0,0,0,0,0,0,0,0,0,,0
00-0011266,Fred Miller,OT,1999,21,POST,1999_21_STL_TEN,LA,TEN,0,0,0,0,0,0,0,0,0,0,0,0,1,1,-1,0,0,0,0,0,,0,0,0,0,0,0,0,0,0,0,0,,0
00-0013268,Ricky Proehl,WR,1999,21,POST,1999_21_STL_TEN,LA,TEN,0,0,0,0,0,0,0,0,0,0,0,0,1,4,11,0,1,0,0,0,,0,0,0,0,0,0,0,0,0,0,0,,0
00-0014319,Chris Sanders,WR,1999,21,POST,1999_21_STL_TEN,TEN,LA,0,0,0,0,0,0,0,0,0,0,0,0,0,1,0,0,0,0,0,0,,0,0,0,0,0,0,0,0,0,0,0,,0
00-0017200,Kurt Warner,QB,1999,21,POST,1999_21_STL_TEN,LA,TEN,24,45,414,2,0,2,-7,1,1,0,0,0,0,0,0,0,0,0,0,0,,0,0,0,0,0,0,0,0,0,0,0,,0
00-0017693,Jeff Wilkins,K,1999,21,POST,1999_21_STL_TEN,LA,TEN,0,0,0,0,0,0,0,0,0,0,0,0,0,0,0,0,0,0,3,4,29,0,3,0,0,0,0,2,2,0,0,0,,0
00-0017924,Roland Williams,TE,1999,21,POST,1999_21_STL_TEN,LA,TEN,0,0,0,0,0,0,0,0,0,0,0,0,1,2,9,0,0,0,0,0,,0,0,0,0,0,0,0,0,0,0,0,,0
00-0018343,Frank Wycheck,TE,1999,21,POST,1999_21_STL_TEN,TEN,LA,0,0,0,0,0,0,0,0,0,0,0,0,5,7,35,0,3,0,0,0,,0,0,0,0,0,0,0,0,0,0,0,,0
