player_id,player_display_name,position,season,week,season_type,game_id,team,opponent_team,completions,attempts,passing_yards,passing_tds,passing_interceptions,sacks_suffered,sack_yards_lost,carries,rushing_yards,rushing_tds,rushing_first_downs,rushing_fumbles_lost,receptions,targets,receiving_yards,receiving_tds,receiving_first_downs,receiving_fumbles_lost,fg_made,fg_att,fg_long,fg_made_0_19,fg_made_20_29,fg_made_30_39,fg_made_40_49,fg_made_50_59,fg_made_60_,pat_made,pat_att,pt_att,pt_yards,pt_net_yards,pt_long,pt_inside_20
00-0000108,David Akers,K,2008,1,REG,2008_01_STL_PHI,PHI,LA,0,0,0,0,0,0,0,0,0,0,0,0,0,0,0,0,0,0,1,1,23,0,1,0,0,0,0,5,5,0,0,0,,0
00-0001157,Mitch Berger,P,2008,1,REG,2008_01_HOU_PIT,PIT,HOU,0,0,0,0,0,0,0,0,0,0,0,0,0,0,0,0,0,0,0,0,,0,0,0,0,0,0,0,0,3,129,124,45,0
00-0001231,Josh Bidwell,P,2008,1,REG,2008_01_TB_NO,TB,NO,0,0,0,0,0,0,0,0,0,0,0,0,0,0,0,0,0,0,0,0,,0,0,0,0,0,0,0,0,8,353,323,61,4
00-0001477,Marty Booker,WR,2008,1,REG,2008_01_CHI_IND,CHI,IND,0,0,0,0,0,0,0,0,0,0,0,0,1,0,7,0,1,0,0,0,,0,0,0,0,0,0,0,0,0,0,0,,0
00-0001980,Kris Brown,K,2008,1,REG,2008_01_HOU_PIT,HOU,PIT,0,0,0,0,0,0,0,0,0,0,0,0,0,0,0,0,0,0,1,1,34,0,0,1,0,0,0,2,2,0,0,0,,0
00-0002565,Dan Campbell,TE,2008,1,REG,2008_01_DET_ATL,DET,ATL,0,0,0,0,0,0,0,0,0,0,0,0,1,0,21,0,1,0,0,0,,0,0,0,0,0,0,0,0,0,0,0,,0
00-0002655,John Carney,K,2008,1,REG,2008_01_WAS_NYG,NYG,WAS,0,0,0,0,0,0,0,0,0,0,0,0,0,0,0,0,0,0,3,3,47,0,2,0,1,0,0,1,1,0,0,0,,0
00-0003035,Desmond Clark,TE,2008,1,REG,2008_01_CHI_IND,CHI,IND,0,0,0,0,0,0,0,0,0,0,0,0,2,0,46,0,2,0,0,0,,0,0,0,0,0,0,0,0,0,0,0,,0
00-0003292,Kerry Collins,QB,2008,1,REG,2008_01_JAX_TEN,TEN,JAX,2,2,65,0,0,0,0,1,0,0,0,0,0,0,0,0,0,0,0,0,,0,0,0,0,0,0,0,0,0,0,0,,0
00-0004091,Phil Dawson,K,2008,1,REG,2008_01_DAL_CLE,CLE,DAL,0,0,0,0,0,0,0,0,0,0,0,0,0,0,0,0,0,0,1,1,34,0,0,1,0,0,0,1,1,0,0,0,,0
00-0004161,Jake Delhomme,QB,2008,1,REG,2008_01_CAR_SD,CAR,LAC,23,41,247,1,0,1,-1,0,0,0,0,0,0,0,0,0,0,0,0,0,,0,0,0,0,0,0,0,0,0,0,0,,0
00-0004541,Donald Driver,WR,2008,1,REG,2008_01_MIN_GB,GB,MIN,0,0,0,0,0,0,0,0,0,0,0,0,4,0,38,0,1,0,0,0,,0,0,0,0,0,0,0,0,0,0,0,,0
00-0004640,Warrick Dunn,RB,2008,1,REG,2008_01_TB_NO,TB,NO,0,0,0,0,0,0,0,9,54,0,2,0,1,0,11,0,1,0,0,0,,0,0,0,0,0,0,0,0,0,0,0,,0
00-0004811,Jason Elam,K,2008,1,REG,2008_01_DET_ATL,ATL,DET,0,0,0,0,0,0,0,0,0,0,0,0,0,0,0,0,0,0,2,2,50,0,1,0,0,1,0,4,4,0,0,0,,0
00-0005106,Brett Favre,QB,2008,1,REG,2008_01_NYJ_MIA,NYJ,MIA,15,22,194,2,0,3,-13,3,2,0,1,0,0,0,0,0,0,0,0,0,,0,0,0,0,0,0,0,0,0,0,0,,0
00-0005113,Jeff Feagles,P,2008,1,REG,2008_01_WAS_NYG,NYG,WAS,0,0,0,0,0,0,0,0,0,0,0,0,0,0,0,0,0,0,0,0,,0,0,0,0,0,0,0,0,4,145,147,47,3
00-0005720,Joey Galloway,WR,2008,1,REG,2008_01_TB_NO,TB,NO,0,0,0,0,0,0,0,0,0,0,0,0,6,0,56,0,2,0,0,0,,0,0,0,0,0,0,0,0,0,0,0,,0
00-0005755,Jeff Garcia,QB,2008,1,REG,2008_01_TB_NO,TB,NO,24,41,221,1,1,2,-15,1,1,0,0,0,0,0,0,0,0,0,0,0,,0,0,0,0,0,0,0,0,0,0,0,,0
00-0006101,Tony Gonzalez,TE,2008,1,REG,2008_01_KC_NE,KC,NE,0,0,0,0,0,0,0,0,0,0,0,0,6,0,55,0,4,0,0,0,,0,0,0,0,0,0,0,0,0,0,0,,0
00-0006223,Martin Gramatica,K,2008,1,REG,2008_01_TB_NO,NO,TB,0,0,0,0,0,0,0,0,0,0,0,0,0,0,0,0,0,0,1,1,34,0,0,1,0,0,0,3,3,0,0,0,,0
00-0006305,Ahman Green,RB,2008,1,REG,2008_01_HOU_PIT,HOU,PIT,0,0,0,0,0,0,0,5,28,0,2,0,4,0,3,0,0,0,0,0,,0,0,0,0,0,0,0,0,0,0,0,,0
00-0006799,Chris Hanson,P,2008,1,REG,2008_01_KC_NE,NE,KC,0,0,0,0,0,0,0,0,0,0,0,0,0,0,0,0,0,0,0,0,,0,0,0,0,0,0,0,0,4,202,155,70,1
00-0006800,Jason Hanson,K,2008,1,REG,2008_01_DET_ATL,DET,ATL,0,0,0,0,0,0,0,0,0,0,0,0,0,0,0,0,0,0,0,0,,0,0,0,0,0,0,3,3,0,0,0,,0
00-0007024,Marvin Harrison,WR,2008,1,REG,2008_01_CHI_IND,IND,CHI,0,0,0,0,0,0,0,0,0,0,0,0,8,0,76,0,4,1,0,0,,0,0,0,0,0,0,0,0,0,0,0,,0
00-0007091,Matt Hasselbeck,QB,2008,1,REG,2008_01_SEA_BUF,SEA,BUF,17,41,190,1,1,5,-23,0,0,0,0,0,0,0,0,0,0,0,0,0,,0,0,0,0,0,0,0,0,0,0,0,,0
00-0007213,Steve Heiden,TE,2008,1,REG,2008_01_DAL_CLE,CLE,DAL,0,0,0,0,0,0,0,0,0,0,0,0,1,0,9,0,1,0,0,0,,0,0,0,0,0,0,0,0,0,0,0,,0
00-0007308,Craig Hentrich,P,2008,1,REG,2008_01_JAX_TEN,TEN,JAX,0,0,0,0,0,0,0,0,0,0,0,0,0,0,0,0,0,0,0,0,,0,0,0,0,0,0,0,0,7,300,215,56,0
00-0007468,Ike Hilliard,WR,2008,1,REG,2008_01_TB_NO,TB,NO,0,0,0,0,0,0,0,0,0,0,0,0,6,0,45,1,5,0,0,0,,0,0,0,0,0,0,0,0,0,0,0,,0
00-0007681,Torry Holt,WR,2008,1,REG,2008_01_STL_PHI,LA,PHI,0,0,0,0,0,0,0,0,0,0,0,0,1,0,9,0,0,0,0,0,,0,0,0,0,0,0,0,0,0,0,0,,0
00-0007835,Damon Huard,QB,2008,1,REG,2008_01_KC_NE,KC,NE,8,12,118,1,1,3,-14,0,0,0,0,0,0,0,0,0,0,0,0,0,,0,0,0,0,0,0,0,0,0,0,0,,0
00-0008241,Edgerrin James,RB,2008,1,REG,2008_01_ARI_SF,ARI,SF,0,0,0,0,0,0,0,26,100,0,5,0,0,0,0,0,0,0,0,0,,0,0,0,0,0,0,0,0,0,0,0,,0
00-0008484,Dirk Johnson,P,2008,1,REG,2008_01_ARI_SF,ARI,SF,0,0,0,0,0,0,0,0,0,0,0,0,0,0,0,0,0,0,0,0,,0,0,0,0,0,0,0,0,4,180,180,59,2
00-0009028,John Kasay,K,2008,1,REG,2008_01_CAR_SD,CAR,LAC,0,0,0,0,0,0,0,0,0,0,0,0,0,0,0,0,0,0,4,4,49,0,0,2,2,0,0,2,2,0,0,0,,0
00-0009119,Reggie Kelly,TE,2008,1,REG,2008_01_CIN_BAL,CIN,BAL,0,0,0,0,0,0,0,0,0,0,0,0,1,0,15,0,1,0,0,0,,0,0,0,0,0,0,0,0,0,0,0,,0
00-0009311,Jon Kitna,QB,2008,1,REG,2008_01_DET_ATL,DET,ATL,24,33,262,2,1,3,-16,2,0,0,0,0,0,0,0,0,0,0,0,0,,0,0,0,0,0,0,0,0,0,0,0,,0
00-0010072,Ryan Longwell,K,2008,1,REG,2008_01_MIN_GB,MIN,GB,0,0,0,0,0,0,0,0,0,0,0,0,0,0,0,0,0,0,2,2,37,0,1,1,0,0,0,1,1,0,0,0,,0
00-0010346,Peyton Manning,QB,2008,1,REG,2008_01_CHI_IND,IND,CHI,30,49,257,1,0,2,-17,0,0,0,0,0,0,0,0,0,0,0,0,0,,0,0,0,0,0,0,0,0,0,0,0,,0
00-0010373,Olindo Mare,K,2008,1,REG,2008_01_SEA_BUF,SEA,BUF,0,0,0,0,0,0,0,0,0,0,0,0,0,0,0,0,0,0,1,1,45,0,0,0,1,0,0,1,1,0,0,0,,0
00-0010500,Derrick Mason,WR,2008,1,REG,2008_01_CIN_BAL,BAL,CIN,0,0,0,0,0,0,0,0,0,0,0,0,4,0,44,0,4,0,0,0,,0,0,0,0,0,0,0,0,0,0,0,,0
00-0010609,Brad Maynard,P,2008,1,REG,2008_01_CHI_IND,CHI,IND,0,0,0,0,0,0,0,0,0,0,0,0,0,0,0,0,0,0,0,0,,0,0,0,0,0,0,0,0,5,178,170,55,3
00-0011022,Donovan McNabb,QB,2008,1,REG,2008_01_STL_PHI,PHI,LA,21,33,361,3,0,0,0,1,3,0,0,0,0,0,0,0,0,0,0,0,,0,0,0,0,0,0,0,0,0,0,0,,0
00-0011626,Brian Moorman,P,2008,1,REG,2008_01_SEA_BUF,BUF,SEA,1,1,19,1,0,0,0,0,0,0,0,0,0,0,0,0,0,0,0,0,,0,0,0,0,0,0,0,0,9,419,365,59,3
00-0011754,Randy Moss,WR,2008,1,REG,2008_01_KC_NE,NE,KC,0,0,0,0,0,0,0,0,0,0,0,0,6,0,116,1,3,1,0,0,,0,0,0,0,0,0,0,0,0,0,0,,0
00-0011795,Muhsin Muhammad,WR,2008,1,REG,2008_01_CAR_SD,CAR,LAC,0,0,0,0,0,0,0,0,0,0,0,0,6,0,56,0,4,0,0,0,,0,0,0,0,0,0,0,0,0,0,0,,0
00-0011958,Lorenzo Neal,FB,2008,1,REG,2008_01_CIN_BAL,BAL,CIN,0,0,0,0,0,0,0,0,0,0,0,0,1,0,13,0,1,0,0,0,,0,0,0,0,0,0,0,0,0,0,0,,0
00-0011970,Joe Nedney,K,2008,1,REG,2008_01_ARI_SF,SF,ARI,0,0,0,0,0,0,0,0,0,0,0,0,0,0,0,0,0,0,2,2,39,0,0,2,0,0,0,1,1,0,0,0,,0
00-0012478,Terrell Owens,WR,2008,1,REG,2008_01_DAL_CLE,DAL,CLE,0,0,0,0,0,0,0,0,0,0,0,0,5,0,87,1,4,0,0,0,,0,0,0,0,0,0,0,0,0,0,0,,0
00-0012642,David Patten,WR,2008,1,REG,2008_01_TB_NO,NO,TB,0,0,0,0,0,0,0,0,0,0,0,0,1,0,39,1,1,0,0,0,,0,0,0,0,0,0,0,0,0,0,0,,0
00-0013013,Michael Pittman,RB,2008,1,REG,2008_01_DEN_OAK,DEN,LV,0,0,0,0,0,0,0,7,13,2,2,0,0,0,0,0,0,0,0,0,,0,0,0,0,0,0,0,0,0,0,0,,0
00-0015194,Hunter Smith,P,2008,1,REG,2008_01_CHI_IND,IND,CHI,0,0,0,0,0,0,0,0,0,0,0,0,0,0,0,0,0,0,0,0,,0,0,0,0,0,0,0,0,2,98,73,51,1
00-0015754,Brandon Stokley,WR,2008,1,REG,2008_01_DEN_OAK,DEN,LV,0,0,0,0,0,0,0,0,0,0,0,0,2,0,25,0,1,0,0,0,,0,0,0,0,0,0,0,0,0,0,0,,0
00-0015784,Matt Stover,K,2008,1,REG,2008_01_CIN_BAL,BAL,CIN,0,0,0,0,0,0,0,0,0,0,0,0,0,0,0,0,0,0,1,2,21,0,1,0,0,0,0,2,2,0,0,0,,0
00-0016098,Fred Taylor,RB,2008,1,REG,2008_01_JAX_TEN,JAX,TEN,0,0,0,0,0,0,0,9,18,0,0,0,1,0,9,0,0,0,0,0,,0,0,0,0,0,0,0,0,0,0,0,,0
00-0016550,Amani Toomer,WR,2008,1,REG,2008_01_WAS_NYG,NYG,WAS,0,0,0,0,0,0,0,0,0,0,0,0,2,0,12,0,1,0,0,0,,0,0,0,0,0,0,0,0,0,0,0,,0
00-0016689,Matt Turk,P,2008,1,REG,2008_01_HOU_PIT,HOU,PIT,0,0,0,0,0,0,0,0,0,0,0,0,0,0,0,0,0,0,0,0,,0,0,0,0,0,0,0,0,4,173,156,56,1
00-0016919,Adam Vinatieri,K,2008,1,REG,2008_01_CHI_IND,IND,CHI,0,0,0,0,0,0,0,0,0,0,0,0,0,0,0,0,0,0,2,2,39,0,0,2,0,0,0,1,1,0,0,0,,0
00-0017162,Hines Ward,WR,2008,1,REG,2008_01_HOU_PIT,PIT,HOU,0,0,0,0,0,0,0,0,0,0,0,0,6,0,76,2,4,0,0,0,,0,0,0,0,0,0,0,0,0,0,0,,0
00-0017200,Kurt Warner,QB,2008,1,REG,2008_01_ARI_SF,ARI,SF,19,30,197,1,0,3,-21,5,-4,0,0,0,0,0,0,0,0,0,0,0,,0,0,0,0,0,0,0,0,0,0,0,,0
00-0017915,Ricky Williams,RB,2008,1,REG,2008_01_NYJ_MIA,MIA,NYJ,0,0,0,0,0,0,0,10,24,0,1,0,4,0,15,0,1,0,0,0,,0,0,0,0,0,0,0,0,0,0,0,,0
00-0018958,Laveranues Coles,WR,2008,1,REG,2008_01_NYJ_MIA,NYJ,MIA,0,0,0,0,0,0,0,0,0,0,0,0,1,0,5,0,0,0,0,0,,0,0,0,0,0,0,0,0,0,0,0,,0
00-0019100,Brad Hoover,FB,2008,1,REG,2008_01_CAR_SD,CAR,LAC,0,0,0,0,0,0,0,1,3,0,1,0,0,0,0,0,0,0,0,0,,0,0,0,0,0,0,0,0,0,0,0,,0
00-0019242,Dane Looker,WR,2008,1,REG,2008_01_STL_PHI,LA,PHI,0,0,0,0,0,0,0,0,0,0,0,0,1,0,21,0,1,0,0,0,,0,0,0,0,0,0,0,0,0,0,0,,0
00-0019281,Mike Furrey,WR,2008,1,REG,2008_01_DET_ATL,DET,ATL,0,0,0,0,0,0,0,0,0,0,0,0,2,0,14,0,1,0,0,0,,0,0,0,0,0,0,0,0,0,0,0,,0
00-0019310,Rian Lindell,K,2008,1,REG,2008_01_SEA_BUF,BUF,SEA,0,0,0,0,0,0,0,0,0,0,0,0,0,0,0,0,0,0,2,3,38,0,0,2,0,0,0,4,4,0,0,0,,0
00-0019484,Sammy Morris,RB,2008,1,REG,2008_01_KC_NE,NE,KC,0,0,0,0,0,0,0,10,53,1,3,0,5,0,34,0,0,0,0,0,,0,0,0,0,0,0,0,0,0,0,0,,0
00-0019536,Shayne Graham,K,2008,1,REG,2008_01_CIN_BAL,CIN,BAL,0,0,0,0,0,0,0,0,0,0,0,0,0,0,0,0,0,0,1,1,43,0,0,0,1,0,0,1,1,0,0,0,,0
00-0019539,Dante Hall,WR,2008,1,REG,2008_01_STL_PHI,LA,PHI,0,0,0,0,0,0,0,1,-4,0,0,0,3,0,13,0,1,0,0,0,,0,0,0,0,0,0,0,0,0,0,0,,0
00-0019559,Chad Pennington,QB,2008,1,REG,2008_01_NYJ_MIA,MIA,NYJ,26,43,251,2,1,4,-23,0,0,0,0,0,0,0,0,0,0,0,0,0,,0,0,0,0,0,0,0,0,0,0,0,,0
00-0019596,Tom Brady,QB,2008,1,REG,2008_01_KC_NE,NE,KC,7,11,76,0,0,0,0,0,0,0,0,0,0,0,0,0,0,0,0,0,,0,0,0,0,0,0,0,0,0,0,0,,0
00-0019599,Marc Bulger,QB,2008,1,REG,2008_01_STL_PHI,LA,PHI,14,26,158,0,0,4,-28,0,0,0,0,0,0,0,0,0,0,0,0,0,,0,0,0,0,0,0,0,0,0,0,0,,0
00-0019641,Thomas Jones,RB,2008,1,REG,2008_01_NYJ_MIA,NYJ,MIA,0,0,0,0,0,0,0,22,101,1,5,0,3,0,2,0,0,0,0,0,,0,0,0,0,0,0,0,0,0,0,0,,0
00-0019642,Plaxico Burress,WR,2008,1,REG,2008_01_WAS_NYG,NYG,WAS,0,0,0,0,0,0,0,0,0,0,0,0,10,0,133,0,5,0,0,0,,0,0,0,0,0,0,0,0,0,0,0,,0
00-0019644,Bubba Franks,TE,2008,1,REG,2008_01_NYJ_MIA,NYJ,MIA,0,0,0,0,0,0,0,0,0,0,0,0,2,0,19,0,1,0,0,0,,0,0,0,0,0,0,0,0,0,0,0,,0
00-0019646,Sebastian Janikowski,K,2008,1,REG,2008_01_DEN_OAK,LV,DEN,0,0,0,0,0,0,0,0,0,0,0,0,0,0,0,0,0,0,0,0,,0,0,0,0,0,0,2,2,0,0,0,,0
00-0019650,Dennis Northcutt,WR,2008,1,REG,2008_01_JAX_TEN,JAX,TEN,0,0,0,0,0,0,0,0,0,0,0,0,2,0,19,0,1,0,0,0,,0,0,0,0,0,0,0,0,0,0,0,,0
00-0019663,Darrell Jackson,WR,2008,1,REG,2008_01_DEN_OAK,DEN,LV,0,0,0,0,0,0,0,0,0,0,0,0,1,0,48,1,1,0,0,0,,0,0,0,0,0,0,0,0,0,0,0,,0
00-0019676,Neil Rackers,K,2008,1,REG,2008_01_ARI_SF,ARI,SF,0,0,0,0,0,0,0,0,0,0,0,0,0,0,0,0,0,0,3,4,31,0,1,2,0,0,0,2,2,0,0,0,,0
00-0019693,Jamal Lewis,RB,2008,1,REG,2008_01_DAL_CLE,CLE,DAL,0,0,0,0,0,0,0,13,62,0,1,0,1,0,14,0,1,0,0,0,,0,0,0,0,0,0,0,0,0,0,0,,0
00-0019714,Shane Lechler,P,2008,1,REG,2008_01_DEN_OAK,LV,DEN,0,0,0,0,0,0,0,0,0,0,0,0,0,0,0,0,0,0,0,0,,0,0,0,0,0,0,0,0,5,255,196,62,1
00-0019808,Kenny Watson,RB,2008,1,REG,2008_01_CIN_BAL,CIN,BAL,0,0,0,0,0,0,0,2,13,0,0,0,2,0,3,0,0,0,0,0,,0,0,0,0,0,0,0,0,0,0,0,,0
00-0019831,Nick Goings,RB,2008,1,REG,2008_01_CAR_SD,CAR,LAC,0,0,0,0,0,0,0,0,0,0,0,0,1,0,3,0,0,0,0,0,,0,0,0,0,0,0,0,0,0,0,0,,0
00-0019863,Dominic Rhodes,RB,2008,1,REG,2008_01_CHI_IND,IND,CHI,0,0,0,0,0,0,0,2,2,0,0,0,4,0,30,0,1,0,0,0,,0,0,0,0,0,0,0,0,0,0,0,,0
00-0019921,Jason Baker,P,2008,1,REG,2008_01_CAR_SD,CAR,LAC,0,0,0,0,0,0,0,0,0,0,0,0,0,0,0,0,0,0,0,0,,0,0,0,0,0,0,0,0,3,144,132,49,2
00-0019976,Drew Bennett,WR,2008,1,REG,2008_01_STL_PHI,LA,PHI,0,0,0,0,0,0,0,0,0,0,0,0,1,0,4,0,0,0,0,0,,0,0,0,0,0,0,0,0,0,0,0,,0
00-0020267,Nick Harris,P,2008,1,REG,2008_01_DET_ATL,DET,ATL,0,0,0,0,0,0,0,0,0,0,0,0,0,0,0,0,0,0,0,0,,0,0,0,0,0,0,0,0,6,255,240,52,2
00-0020270,Correll Buckhalter,RB,2008,1,REG,2008_01_STL_PHI,PHI,LA,0,0,0,0,0,0,0,2,5,0,0,0,0,0,0,0,0,0,0,0,,0,0,0,0,0,0,0,0,0,0,0,,0
00-0020285,Alge Crumpler,TE,2008,1,REG,2008_01_JAX_TEN,TEN,JAX,0,0,0,0,0,0,0,0,0,0,0,0,1,0,4,0,0,0,0,0,,0,0,0,0,0,0,0,0,0,0,0,,0
00-0020332,David Martin,TE,2008,1,REG,2008_01_NYJ_MIA,MIA,NYJ,0,0,0,0,0,0,0,0,0,0,0,0,4,0,53,1,4,0,0,0,,0,0,0,0,0,0,0,0,0,0,0,,0
00-0020342,Brandon Manumaleuna,TE,2008,1,REG,2008_01_CAR_SD,LAC,CAR,0,0,0,0,0,0,0,0,0,0,0,0,3,0,15,0,0,0,0,0,,0,0,0,0,0,0,0,0,0,0,0,,0
00-0020397,Chad Johnson,WR,2008,1,REG,2008_01_CIN_BAL,CIN,BAL,0,0,0,0,0,0,0,0,0,0,0,0,1,0,22,0,1,0,0,0,,0,0,0,0,0,0,0,0,0,0,0,,0
00-0020407,Rudi Johnson,RB,2008,1,REG,2008_01_DET_ATL,DET,ATL,0,0,0,0,0,0,0,3,14,0,1,0,0,0,0,0,0,0,0,0,,0,0,0,0,0,0,0,0,0,0,0,,0
00-0020438,T.J. Houshmandzadeh,WR,2008,1,REG,2008_01_CIN_BAL,CIN,BAL,0,0,0,0,0,0,0,0,0,0,0,0,3,0,44,0,2,0,0,0,,0,0,0,0,0,0,0,0,0,0,0,,0
00-0020446,Chris Chambers,WR,2008,1,REG,2008_01_CAR_SD,LAC,CAR,0,0,0,0,0,0,0,0,0,0,0,0,1,0,44,1,1,0,0,0,,0,0,0,0,0,0,0,0,0,0,0,,0
00-0020462,LaMont Jordan,RB,2008,1,REG,2008_01_KC_NE,NE,KC,0,0,0,0,0,0,0,2,6,0,0,0,0,0,0,0,0,0,0,0,,0,0,0,0,0,0,0,0,0,0,0,,0
00-0020494,Santana Moss,WR,2008,1,REG,2008_01_WAS_NYG,WAS,NYG,0,0,0,0,0,0,0,0,0,0,0,0,5,0,37,1,2,0,0,0,,0,0,0,0,0,0,0,0,0,0,0,,0
00-0020498,Reggie Wayne,WR,2008,1,REG,2008_01_CHI_IND,IND,CHI,0,0,0,0,0,0,0,0,0,0,0,0,10,0,86,1,5,0,0,0,,0,0,0,0,0,0,0,0,0,0,0,,0
00-0020507,Heath Evans,FB,2008,1,REG,2008_01_KC_NE,NE,KC,0,0,0,0,0,0,0,2,3,0,1,0,0,0,0,0,0,0,0,0,,0,0,0,0,0,0,0,0,0,0,0,,0
00-0020516,Todd Heap,TE,2008,1,REG,2008_01_CIN_BAL,BAL,CIN,0,0,0,0,0,0,0,0,0,0,0,0,1,0,5,0,0,1,0,0,,0,0,0,0,0,0,0,0,0,0,0,,0
00-0020531,Drew Brees,QB,2008,1,REG,2008_01_TB_NO,NO,TB,23,32,343,3,1,1,-6,3,-2,0,0,0,0,0,0,0,0,0,0,0,,0,0,0,0,0,0,0,0,0,0,0,,0
00-0020536,LaDainian Tomlinson,RB,2008,1,REG,2008_01_CAR_SD,LAC,CAR,0,0,0,0,0,0,0,21,97,0,5,0,3,0,15,0,1,0,0,0,,0,0,0,0,0,0,0,0,0,0,0,,0
00-0020578,Matt Bryant,K,2008,1,REG,2008_01_TB_NO,TB,NO,0,0,0,0,0,0,0,0,0,0,0,0,0,0,0,0,0,0,2,2,37,0,0,2,0,0,0,2,2,0,0,0,,0
00-0020617,Nate Jackson,TE,2008,1,REG,2008_01_DEN_OAK,DEN,LV,0,0,0,0,0,0,0,0,0,0,0,0,2,0,4,0,0,0,0,0,,0,0,0,0,0,0,0,0,0,0,0,,0
00-0020737,Jeff Reed,K,2008,1,REG,2008_01_HOU_PIT,PIT,HOU,0,0,0,0,0,0,0,0,0,0,0,0,0,0,0,0,0,0,1,1,44,0,0,0,1,0,0,5,5,0,0,0,,0
00-0020805,Jason McKie,RB,2008,1,REG,2008_01_CHI_IND,CHI,IND,0,0,0,0,0,0,0,2,5,1,2,0,0,0,0,0,0,0,0,0,,0,0,0,0,0,0,0,0,0,0,0,,0
00-0020962,Rob Bironas,K,2008,1,REG,2008_01_JAX_TEN,TEN,JAX,0,0,0,0,0,0,0,0,0,0,0,0,0,0,0,0,0,0,1,1,47,0,0,0,1,0,0,2,2,0,0,0,,0
00-0021148,Jeremy Shockey,TE,2008,1,REG,2008_01_TB_NO,NO,TB,0,0,0,0,0,0,0,0,0,0,0,0,6,0,54,0,3,0,0,0,,0,0,0,0,0,0,0,0,0,0,0,,0
00-0021152,Ashley Lelie,WR,2008,1,REG,2008_01_DEN_OAK,LV,DEN,0,0,0,0,0,0,0,0,0,0,0,0,3,0,37,1,2,0,0,0,,0,0,0,0,0,0,0,0,0,0,0,,0
00-0021164,DeShaun Foster,RB,2008,1,REG,2008_01_ARI_SF,SF,ARI,0,0,0,0,0,0,0,4,11,0,1,0,1,0,12,0,1,0,0,0,,0,0,0,0,0,0,0,0,0,0,0,,0
00-0021166,Josh Reed,WR,2008,1,REG,2008_01_SEA_BUF,BUF,SEA,0,0,0,0,0,0,0,0,0,0,0,0,3,0,37,0,2,0,0,0,,0,0,0,0,0,0,0,0,0,0,0,,0
00-0021179,Clinton Portis,RB,2008,1,REG,2008_01_WAS_NYG,WAS,NYG,0,0,0,0,0,0,0,23,84,0,3,0,0,0,0,0,0,0,0,0,,0,0,0,0,0,0,0,0,0,0,0,,0
00-0021182,Maurice Morris,RB,2008,1,REG,2008_01_SEA_BUF,SEA,BUF,0,0,0,0,0,0,0,6,31,0,2,0,0,0,0,0,0,0,0,0,,0,0,0,0,0,0,0,0,0,0,0,,0
00-0021184,Ladell Betts,RB,2008,1,REG,2008_01_WAS_NYG,WAS,NYG,0,0,0,0,0,0,0,1,0,0,0,0,1,0,11,0,0,0,0,0,,0,0,0,0,0,0,0,0,0,0,0,,0
00-0021189,Ryan Denney,DE,2008,1,REG,2008_01_SEA_BUF,BUF,SEA,0,0,0,0,0,0,0,0,0,0,0,0,1,0,19,1,1,0,0,0,,0,0,0,0,0,0,0,0,0,0,0,,0
00-0021190,Antwaan Randle El,WR,2008,1,REG,2008_01_WAS_NYG,WAS,NYG,0,0,0,0,0,0,0,0,0,0,0,0,7,0,73,0,3,0,0,0,,0,0,0,0,0,0,0,0,0,0,0,,0
00-0021191,Antonio Bryant,WR,2008,1,REG,2008_01_TB_NO,TB,NO,0,0,0,0,0,0,0,0,0,0,0,0,3,0,43,0,2,0,0,0,,0,0,0,0,0,0,0,0,0,0,0,,0
00-0021213,Chris Baker,TE,2008,1,REG,2008_01_NYJ_MIA,NYJ,MIA,0,0,0,0,0,0,0,0,0,0,0,0,2,0,34,0,1,0,0,0,,0,0,0,0,0,0,0,0,0,0,0,,0
00-0021216,Brian Westbrook,RB,2008,1,REG,2008_01_STL_PHI,PHI,LA,0,0,0,0,0,0,0,19,91,1,6,0,2,0,1,1,1,0,0,0,,0,0,0,0,0,0,0,0,0,0,0,,0
00-0021227,Justin Peelle,TE,2008,1,REG,2008_01_DET_ATL,ATL,DET,0,0,0,0,0,0,0,0,0,0,0,0,1,0,13,0,1,0,0,0,,0,0,0,0,0,0,0,0,0,0,0,,0
00-0021231,David Garrard,QB,2008,1,REG,2008_01_JAX_TEN,JAX,TEN,23,35,215,1,2,7,-59,3,2,0,1,0,0,0,0,0,0,0,0,0,,0,0,0,0,0,0,0,0,0,0,0,,0
00-0021235,Dave Zastudil,P,2008,1,REG,2008_01_DAL_CLE,CLE,DAL,0,0,0,0,0,0,0,0,0,0,0,0,0,0,0,0,0,0,0,0,,0,0,0,0,0,0,0,0,5,203,175,55,1
00-0021236,Randy McMichael,TE,2008,1,REG,2008_01_STL_PHI,LA,PHI,0,0,0,0,0,0,0,0,0,0,0,0,5,0,77,0,3,0,0,0,,0,0,0,0,0,0,0,0,0,0,0,,0
00-0021273,Robert Royal,TE,2008,1,REG,2008_01_SEA_BUF,BUF,SEA,0,0,0,0,0,0,0,0,0,0,0,0,6,0,52,1,1,0,0,0,,0,0,0,0,0,0,0,0,0,0,0,,0
00-0021296,J.T. O'Sullivan,QB,2008,1,REG,2008_01_ARI_SF,SF,ARI,14,20,195,0,1,4,-12,2,1,0,0,0,0,0,0,0,0,0,0,0,,0,0,0,0,0,0,0,0,0,0,0,,0
00-0021314,Chester Taylor,RB,2008,1,REG,2008_01_MIN_GB,MIN,GB,0,0,0,0,0,0,0,5,19,0,1,0,3,0,21,0,2,0,0,0,,0,0,0,0,0,0,0,0,0,0,0,,0
00-0021337,Ronald Curry,WR,2008,1,REG,2008_01_DEN_OAK,LV,DEN,0,0,0,0,0,0,0,0,0,0,0,0,2,0,18,1,2,0,0,0,,0,0,0,0,0,0,0,0,0,0,0,,0
00-0021429,Carson Palmer,QB,2008,1,REG,2008_01_CIN_BAL,CIN,BAL,10,25,99,0,1,2,-10,3,15,0,1,0,0,0,0,0,0,0,0,0,,0,0,0,0,0,0,0,0,0,0,0,,0
00-0021488,Mat McBriar,P,2008,1,REG,2008_01_DAL_CLE,DAL,CLE,0,0,0,0,0,0,0,0,0,0,0,0,0,0,0,0,0,0,0,0,,0,0,0,0,0,0,0,0,2,97,74,52,0
00-0021500,Derrick Frost,P,2008,1,REG,2008_01_MIN_GB,GB,MIN,0,0,0,0,0,0,0,0,0,0,0,0,0,0,0,0,0,0,0,0,,0,0,0,0,0,0,0,0,5,226,213,50,1
00-0021508,Greg Lewis,WR,2008,1,REG,2008_01_STL_PHI,PHI,LA,0,0,0,0,0,0,0,0,0,0,0,0,5,0,104,0,4,0,0,0,,0,0,0,0,0,0,0,0,0,0,0,,0
00-0021525,Casey Fitzsimmons,TE,2008,1,REG,2008_01_DET_ATL,DET,ATL,0,0,0,0,0,0,0,0,0,0,0,0,1,0,1,1,1,0,0,0,,0,0,0,0,0,0,0,0,0,0,0,,0
00-0021547,Antonio Gates,TE,2008,1,REG,2008_01_CAR_SD,LAC,CAR,0,0,0,0,0,0,0,0,0,0,0,0,4,0,61,1,3,1,0,0,,0,0,0,0,0,0,0,0,0,0,0,,0
00-0021678,Tony Romo,QB,2008,1,REG,2008_01_DAL_CLE,DAL,CLE,24,32,320,1,1,0,0,1,-1,0,0,0,0,0,0,0,0,0,0,0,,0,0,0,0,0,0,0,0,0,0,0,,0
00-0021755,Earnest Graham,RB,2008,1,REG,2008_01_TB_NO,TB,NO,0,0,0,0,0,0,0,10,91,0,2,0,3,0,27,0,1,0,0,0,,0,0,0,0,0,0,0,0,0,0,0,,0
00-0021929,Donald Lee,TE,2008,1,REG,2008_01_MIN_GB,GB,MIN,0,0,0,0,0,0,0,0,0,0,0,0,3,0,10,0,0,0,0,0,,0,0,0,0,0,0,0,0,0,0,0,,0
00-0021931,Kevin Walter,WR,2008,1,REG,2008_01_HOU_PIT,HOU,PIT,0,0,0,0,0,0,0,0,0,0,0,0,3,0,41,1,3,0,0,0,,0,0,0,0,0,0,0,0,0,0,0,,0
00-0021940,Josh Brown,K,2008,1,REG,2008_01_STL_PHI,LA,PHI,0,0,0,0,0,0,0,0,0,0,0,0,0,0,0,0,0,0,1,1,46,0,0,0,1,0,0,0,0,0,0,0,,0
00-0021976,Larry Johnson,RB,2008,1,REG,2008_01_KC_NE,KC,NE,0,0,0,0,0,0,0,22,74,0,4,0,1,0,12,0,1,0,0,0,,0,0,0,0,0,0,0,0,0,0,0,,0
00-0021981,Shaun McDonald,WR,2008,1,REG,2008_01_DET_ATL,DET,ATL,0,0,0,0,0,0,0,0,0,0,0,0,4,0,29,0,3,0,0,0,,0,0,0,0,0,0,0,0,0,0,0,,0
00-0021982,Justin Gage,WR,2008,1,REG,2008_01_JAX_TEN,TEN,JAX,0,0,0,0,0,0,0,0,0,0,0,0,2,0,25,0,1,0,0,0,,0,0,0,0,0,0,0,0,0,0,0,,0
00-0021999,Nate Burleson,WR,2008,1,REG,2008_01_SEA_BUF,SEA,BUF,0,0,0,0,0,0,0,0,0,0,0,0,5,0,60,1,4,0,0,0,,0,0,0,0,0,0,0,0,0,0,0,,0
00-0022003,B.J. Askew,FB,2008,1,REG,2008_01_TB_NO,TB,NO,0,0,0,0,0,0,0,0,0,0,0,0,3,0,20,0,1,0,0,0,,0,0,0,0,0,0,0,0,0,0,0,,0
00-0022011,Justin Griffith,RB,2008,1,REG,2008_01_DEN_OAK,LV,DEN,0,0,0,0,0,0,0,0,0,0,0,0,3,0,39,0,2,0,0,0,,0,0,0,0,0,0,0,0,0,0,0,,0
00-0022017,Mike Scifres,P,2008,1,REG,2008_01_CAR_SD,LAC,CAR,0,0,0,0,0,0,0,0,0,0,0,0,0,0,0,0,0,0,0,0,,0,0,0,0,0,0,0,0,5,238,202,63,2
00-0022044,Andre Johnson,WR,2008,1,REG,2008_01_HOU_PIT,HOU,PIT,0,0,0,0,0,0,0,0,0,0,0,0,10,0,112,0,8,0,0,0,,0,0,0,0,0,0,0,0,0,0,0,,0
00-0022054,Visanthe Shiancoe,TE,2008,1,REG,2008_01_MIN_GB,MIN,GB,0,0,0,0,0,0,0,0,0,0,0,0,3,0,21,0,0,0,0,0,,0,0,0,0,0,0,0,0,0,0,0,,0
00-0022064,Arnaz Battle,WR,2008,1,REG,2008_01_ARI_SF,SF,ARI,0,0,0,0,0,0,0,0,0,0,0,0,1,0,16,0,1,0,0,0,,0,0,0,0,0,0,0,0,0,0,0,,0
00-0022084,Anquan Boldin,WR,2008,1,REG,2008_01_ARI_SF,ARI,SF,0,0,0,0,0,0,0,0,0,0,0,0,8,0,82,0,6,0,0,0,,0,0,0,0,0,0,0,0,0,0,0,,0
00-0022093,Justin Fargas,RB,2008,1,REG,2008_01_DEN_OAK,LV,DEN,0,0,0,0,0,0,0,18,97,0,3,0,2,0,12,0,1,0,0,0,,0,0,0,0,0,0,0,0,0,0,0,,0
00-0022097,Brandon Lloyd,WR,2008,1,REG,2008_01_CHI_IND,CHI,IND,0,0,0,0,0,0,0,0,0,0,0,0,2,0,26,0,1,0,0,0,,0,0,0,0,0,0,0,0,0,0,0,,0
00-0022126,L.J. Smith,TE,2008,1,REG,2008_01_STL_PHI,PHI,LA,0,0,0,0,0,0,0,0,0,0,0,0,5,0,39,1,3,0,0,0,,0,0,0,0,0,0,0,0,0,0,0,,0
00-0022127,Jason Witten,TE,2008,1,REG,2008_01_DAL_CLE,DAL,CLE,0,0,0,0,0,0,0,0,0,0,0,0,6,0,96,0,6,0,0,0,,0,0,0,0,0,0,0,0,0,0,0,,0
00-0022143,Ovie Mughelli,FB,2008,1,REG,2008_01_DET_ATL,ATL,DET,0,0,0,0,0,0,0,0,0,0,0,0,1,0,3,0,0,0,0,0,,0,0,0,0,0,0,0,0,0,0,0,,0
00-0022156,Bryant Johnson,WR,2008,1,REG,2008_01_ARI_SF,SF,ARI,0,0,0,0,0,0,0,0,0,0,0,0,3,0,48,0,2,0,0,0,,0,0,0,0,0,0,0,0,0,0,0,,0
00-0022165,Dallas Clark,TE,2008,1,REG,2008_01_CHI_IND,IND,CHI,0,0,0,0,0,0,0,0,0,0,0,0,1,0,8,0,0,0,0,0,,0,0,0,0,0,0,0,0,0,0,0,,0
00-0022171,Kelley Washington,WR,2008,1,REG,2008_01_KC_NE,NE,KC,0,0,0,0,0,0,0,0,0,0,0,0,1,0,3,0,1,0,0,0,,0,0,0,0,0,0,0,0,0,0,0,,0
00-0022177,Byron Leftwich,QB,2008,1,REG,2008_01_HOU_PIT,PIT,HOU,0,4,0,0,0,0,0,2,0,0,0,0,0,0,0,0,0,0,0,0,,0,0,0,0,0,0,0,0,0,0,0,,0
00-0022250,Willie Parker,RB,2008,1,REG,2008_01_HOU_PIT,PIT,HOU,0,0,0,0,0,0,0,25,138,3,8,0,0,0,0,0,0,0,0,0,,0,0,0,0,0,0,0,0,0,0,0,,0
00-0022288,Jason Wright,RB,2008,1,REG,2008_01_DAL_CLE,CLE,DAL,0,0,0,0,0,0,0,1,5,0,1,0,0,0,0,0,0,0,0,0,,0,0,0,0,0,0,0,0,0,0,0,,0
00-0022397,Vonta Leach,FB,2008,1,REG,2008_01_HOU_PIT,HOU,PIT,0,0,0,0,0,0,0,0,0,0,0,0,1,0,5,0,0,0,0,0,,0,0,0,0,0,0,0,0,0,0,0,,0
00-0022421,Ruvell Martin,WR,2008,1,REG,2008_01_MIN_GB,GB,MIN,0,0,0,0,0,0,0,0,0,0,0,0,1,0,13,0,1,0,0,0,,0,0,0,0,0,0,0,0,0,0,0,,0
00-0022427,Wes Welker,WR,2008,1,REG,2008_01_KC_NE,NE,KC,0,0,0,0,0,0,0,0,0,0,0,0,6,0,51,0,4,1,0,0,,0,0,0,0,0,0,0,0,0,0,0,,0
00-0022434,Carey Davis,RB,2008,1,REG,2008_01_HOU_PIT,PIT,HOU,0,0,0,0,0,0,0,0,0,0,0,0,1,0,10,0,1,0,0,0,,0,0,0,0,0,0,0,0,0,0,0,,0
00-0022555,Ben Utecht,TE,2008,1,REG,2008_01_CIN_BAL,CIN,BAL,0,0,0,0,0,0,0,0,0,0,0,0,2,0,10,0,1,0,0,0,,0,0,0,0,0,0,0,0,0,0,0,,0
00-0022589,Kyle Larson,P,2008,1,REG,2008_01_CIN_BAL,CIN,BAL,0,0,0,0,0,0,0,0,0,0,0,0,0,0,0,0,0,0,0,0,,0,0,0,0,0,0,0,0,7,316,260,56,2
00-0022684,Donnie Jones,P,2008,1,REG,2008_01_STL_PHI,LA,PHI,0,0,0,0,0,0,0,0,0,0,0,0,0,0,0,0,0,0,0,0,,0,0,0,0,0,0,0,0,10,485,388,57,3
00-0022701,D.J. Hackett,WR,2008,1,REG,2008_01_CAR_SD,CAR,LAC,0,0,0,0,0,0,0,0,0,0,0,0,5,0,48,0,1,1,0,0,,0,0,0,0,0,0,0,0,0,0,0,,0
00-0022706,Michael Gaines,TE,2008,1,REG,2008_01_DET_ATL,DET,ATL,0,0,0,0,0,0,0,0,0,0,0,0,2,0,11,0,0,0,0,0,,0,0,0,0,0,0,0,0,0,0,0,,0
00-0022736,Steven Jackson,RB,2008,1,REG,2008_01_STL_PHI,LA,PHI,0,0,0,0,0,0,0,14,40,0,1,0,3,0,34,0,1,0,0,0,,0,0,0,0,0,0,0,0,0,0,0,,0
00-0022737,Nate Kaeding,K,2008,1,REG,2008_01_CAR_SD,LAC,CAR,0,0,0,0,0,0,0,0,0,0,0,0,0,0,0,0,0,0,1,1,27,0,1,0,0,0,0,3,3,0,0,0,,0
00-0022738,Chris Cooley,TE,2008,1,REG,2008_01_WAS_NYG,WAS,NYG,0,0,0,0,0,0,0,0,0,0,0,0,1,0,7,0,0,0,0,0,,0,0,0,0,0,0,0,0,0,0,0,,0
00-0022739,Devard Darling,WR,2008,1,REG,2008_01_KC_NE,KC,NE,0,0,0,0,0,0,0,0,0,0,0,0,1,0,68,0,1,0,0,0,,0,0,0,0,0,0,0,0,0,0,0,,0
00-0022766,Patrick Crayton,WR,2008,1,REG,2008_01_DAL_CLE,DAL,CLE,0,0,0,0,0,0,0,0,0,0,0,0,6,0,82,0,5,0,0,0,,0,0,0,0,0,0,0,0,0,0,0,,0
00-0022770,Derrick Ward,RB,2008,1,REG,2008_01_WAS_NYG,NYG,WAS,0,0,0,0,0,0,0,9,39,0,4,0,2,0,21,0,0,0,0,0,,0,0,0,0,0,0,0,0,0,0,0,,0
00-0022781,Michael Jenkins,WR,2008,1,REG,2008_01_DET_ATL,ATL,DET,0,0,0,0,0,0,0,0,0,0,0,0,1,0,62,1,1,0,0,0,,0,0,0,0,0,0,0,0,0,0,0,,0
00-0022782,Kevin Jones,RB,2008,1,REG,2008_01_CHI_IND,CHI,IND,0,0,0,0,0,0,0,13,45,0,3,0,0,0,0,0,0,0,0,0,,0,0,0,0,0,0,0,0,0,0,0,,0
00-0022787,Matt Schaub,QB,2008,1,REG,2008_01_HOU_PIT,HOU,PIT,25,33,202,1,2,5,-43,2,4,1,1,0,0,0,0,0,0,0,0,0,,0,0,0,0,0,0,0,0,0,0,0,,0
00-0022797,Thomas Tapeh,RB,2008,1,REG,2008_01_MIN_GB,MIN,GB,0,0,0,0,0,0,0,0,0,0,0,0,1,0,7,0,0,0,0,0,,0,0,0,0,0,0,0,0,0,0,0,,0
00-0022803,Eli Manning,QB,2008,1,REG,2008_01_WAS_NYG,NYG,WAS,19,35,216,0,1,2,-16,2,-1,1,1,0,0,0,0,0,0,0,0,0,,0,0,0,0,0,0,0,0,0,0,0,,0
00-0022807,Bernard Berrian,WR,2008,1,REG,2008_01_MIN_GB,MIN,GB,0,0,0,0,0,0,0,0,0,0,0,0,3,0,38,0,1,0,0,0,,0,0,0,0,0,0,0,0,0,0,0,,0
00-0022811,Jerricho Cotchery,WR,2008,1,REG,2008_01_NYJ_MIA,NYJ,MIA,0,0,0,0,0,0,0,0,0,0,0,0,3,0,80,1,3,0,0,0,,0,0,0,0,0,0,0,0,0,0,0,,0
00-0022821,Michael Turner,RB,2008,1,REG,2008_01_DET_ATL,ATL,DET,0,0,0,0,0,0,0,22,220,2,11,0,1,0,6,0,0,0,0,0,,0,0,0,0,0,0,0,0,0,0,0,,0
00-0022824,Andy Lee,P,2008,1,REG,2008_01_ARI_SF,SF,ARI,0,0,0,0,0,0,0,0,0,0,0,0,0,0,0,0,0,0,0,0,,0,0,0,0,0,0,0,0,2,87,70,49,0
00-0022840,Julius Jones,RB,2008,1,REG,2008_01_SEA_BUF,SEA,BUF,0,0,0,0,0,0,0,13,45,0,2,0,2,0,17,0,0,0,0,0,,0,0,0,0,0,0,0,0,0,0,0,,0
00-0022847,Ben Hartsock,TE,2008,1,REG,2008_01_DET_ATL,ATL,DET,0,0,0,0,0,0,0,0,0,0,0,0,1,0,17,0,1,0,0,0,,0,0,0,0,0,0,0,0,0,0,0,,0
00-0022874,Josh Scobee,K,2008,1,REG,2008_01_JAX_TEN,JAX,TEN,0,0,0,0,0,0,0,0,0,0,0,0,0,0,0,0,0,0,1,2,27,0,1,0,0,0,0,1,1,0,0,0,,0
00-0022889,Reggie Williams,WR,2008,1,REG,2008_01_JAX_TEN,JAX,TEN,0,0,0,0,0,0,0,0,0,0,0,0,2,0,17,0,1,0,0,0,,0,0,0,0,0,0,0,0,0,0,0,,0
00-0022897,Greg Jones,FB,2008,1,REG,2008_01_JAX_TEN,JAX,TEN,0,0,0,0,0,0,0,0,0,0,0,0,3,0,13,1,1,0,0,0,,0,0,0,0,0,0,0,0,0,0,0,,0
00-0022909,Roy Williams,WR,2008,1,REG,2008_01_DET_ATL,DET,ATL,0,0,0,0,0,0,0,0,0,0,0,0,3,0,47,1,3,0,0,0,,0,0,0,0,0,0,0,0,0,0,0,,0
00-0022910,Lee Evans,WR,2008,1,REG,2008_01_SEA_BUF,BUF,SEA,0,0,0,0,0,0,0,0,0,0,0,0,4,0,102,0,4,0,0,0,,0,0,0,0,0,0,0,0,0,0,0,,0
00-0022921,Larry Fitzgerald,WR,2008,1,REG,2008_01_ARI_SF,ARI,SF,0,0,0,0,0,0,0,0,0,0,0,0,3,0,31,1,2,0,0,0,,0,0,0,0,0,0,0,0,0,0,0,,0
00-0022922,Kellen Winslow,TE,2008,1,REG,2008_01_DAL_CLE,CLE,DAL,0,0,0,0,0,0,0,0,0,0,0,0,5,0,47,1,3,0,0,0,,0,0,0,0,0,0,0,0,0,0,0,,0
00-0022924,Ben Roethlisberger,QB,2008,1,REG,2008_01_HOU_PIT,PIT,HOU,13,14,137,2,0,2,-15,2,17,0,1,0,0,0,0,0,0,0,0,0,,0,0,0,0,0,0,0,0,0,0,0,,0
00-0022926,Chris Perry,RB,2008,1,REG,2008_01_CIN_BAL,CIN,BAL,0,0,0,0,0,0,0,18,37,0,0,1,1,0,5,0,0,0,0,0,,0,0,0,0,0,0,0,0,0,0,0,,0
00-0022929,Devery Henderson,WR,2008,1,REG,2008_01_TB_NO,NO,TB,0,0,0,0,0,0,0,0,0,0,0,0,1,0,84,1,1,0,0,0,,0,0,0,0,0,0,0,0,0,0,0,,0
00-0022942,Philip Rivers,QB,2008,1,REG,2008_01_CAR_SD,LAC,CAR,17,27,217,3,0,1,-6,1,-1,0,0,0,0,0,0,0,0,0,0,0,,0,0,0,0,0,0,0,0,0,0,0,,0
00-0022954,Ben Graham,P,2008,1,REG,2008_01_NYJ_MIA,NYJ,MIA,0,0,0,0,0,0,0,0,0,0,0,0,0,0,0,0,0,0,0,0,,0,0,0,0,0,0,0,0,6,272,234,56,0
00-0022984,Ryan Grant,RB,2008,1,REG,2008_01_MIN_GB,GB,MIN,0,0,0,0,0,0,0,12,92,0,3,0,0,0,0,0,0,0,0,0,,0,0,0,0,0,0,0,0,0,0,0,,0
00-0023001,Shaun Suisham,K,2008,1,REG,2008_01_WAS_NYG,WAS,NYG,0,0,0,0,0,0,0,0,0,0,0,0,0,0,0,0,0,0,0,0,,0,0,0,0,0,0,1,1,0,0,0,,0
00-0023060,Chris Kluwe,P,2008,1,REG,2008_01_MIN_GB,MIN,GB,0,0,0,0,0,0,0,0,0,0,0,0,0,0,0,0,0,0,0,0,,0,0,0,0,0,0,0,0,5,217,139,50,2
00-0023063,Leonard Weaver,FB,2008,1,REG,2008_01_SEA_BUF,SEA,BUF,0,0,0,0,0,0,0,2,9,0,0,0,2,0,17,0,1,0,0,0,,0,0,0,0,0,0,0,0,0,0,0,,0
00-0023096,Nick Novak,K,2008,1,REG,2008_01_KC_NE,KC,NE,0,0,0,0,0,0,0,0,0,0,0,0,0,0,0,0,0,0,1,1,40,0,0,0,1,0,0,1,1,0,0,0,,0
00-0023179,Tony Curtis,TE,2008,1,REG,2008_01_DAL_CLE,DAL,CLE,0,0,0,0,0,0,0,0,0,0,0,0,1,0,8,0,0,0,0,0,,0,0,0,0,0,0,0,0,0,0,0,,0
00-0023210,Tory Humphrey,TE,2008,1,REG,2008_01_MIN_GB,GB,MIN,0,0,0,0,0,0,0,0,0,0,0,0,1,0,7,0,0,0,0,0,,0,0,0,0,0,0,0,0,0,0,0,,0
00-0023234,Michael Koenen,P,2008,1,REG,2008_01_DET_ATL,ATL,DET,0,0,0,0,0,0,0,0,0,0,0,0,0,0,0,0,0,0,0,0,,0,0,0,0,0,0,0,0,3,115,115,51,0
00-0023252,Robbie Gould,K,2008,1,REG,2008_01_CHI_IND,CHI,IND,0,0,0,0,0,0,0,0,0,0,0,0,0,0,0,0,0,0,2,2,41,0,1,0,1,0,0,3,3,0,0,0,,0
00-0023310,Lance Moore,WR,2008,1,REG,2008_01_TB_NO,NO,TB,0,0,0,0,0,0,0,0,0,0,0,0,2,0,17,0,1,0,0,0,,0,0,0,0,0,0,0,0,0,0,0,,0
00-0023384,Zak Keasey,FB,2008,1,REG,2008_01_ARI_SF,SF,ARI,0,0,0,0,0,0,0,0,0,0,0,0,2,0,13,0,0,1,0,0,,0,0,0,0,0,0,0,0,0,0,0,,0
00-0023408,Greg Camarillo,WR,2008,1,REG,2008_01_NYJ_MIA,MIA,NYJ,0,0,0,0,0,0,0,0,0,0,0,0,3,0,37,0,2,0,0,0,,0,0,0,0,0,0,0,0,0,0,0,,0
00-0023429,Rashied Davis,WR,2008,1,REG,2008_01_CHI_IND,CHI,IND,0,0,0,0,0,0,0,0,0,0,0,0,2,0,10,0,0,0,0,0,,0,0,0,0,0,0,0,0,0,0,0,,0
00-0023437,Ronnie Brown,RB,2008,1,REG,2008_01_NYJ_MIA,MIA,NYJ,0,0,0,0,0,0,0,6,23,0,1,0,3,0,28,0,2,0,0,0,,0,0,0,0,0,0,0,0,0,0,0,,0
00-0023438,Braylon Edwards,WR,2008,1,REG,2008_01_DAL_CLE,CLE,DAL,0,0,0,0,0,0,0,0,0,0,0,0,2,0,14,0,0,0,0,0,,0,0,0,0,0,0,0,0,0,0,0,,0
00-0023442,Troy Williamson,WR,2008,1,REG,2008_01_JAX_TEN,JAX,TEN,0,0,0,0,0,0,0,0,0,0,0,0,2,0,11,0,1,0,0,0,,0,0,0,0,0,0,0,0,0,0,0,,0
00-0023456,Matt Jones,WR,2008,1,REG,2008_01_JAX_TEN,JAX,TEN,0,0,0,0,0,0,0,0,0,0,0,0,6,0,80,0,4,0,0,0,,0,0,0,0,0,0,0,0,0,0,0,,0
00-0023457,Mark Clayton,WR,2008,1,REG,2008_01_CIN_BAL,BAL,CIN,0,0,0,0,0,0,0,1,42,1,1,0,3,0,21,0,1,0,0,0,,0,0,0,0,0,0,0,0,0,0,0,,0
00-0023459,Aaron Rodgers,QB,2008,1,REG,2008_01_MIN_GB,GB,MIN,18,22,178,1,0,0,0,8,35,1,4,0,0,0,0,0,0,0,0,0,,0,0,0,0,0,0,0,0,0,0,0,,0
00-0023460,Jason Campbell,QB,2008,1,REG,2008_01_WAS_NYG,WAS,NYG,15,27,133,1,0,1,-8,0,0,0,0,0,0,0,0,0,0,0,0,0,,0,0,0,0,0,0,0,0,0,0,0,,0
00-0023462,Roddy White,WR,2008,1,REG,2008_01_DET_ATL,ATL,DET,0,0,0,0,0,0,0,0,0,0,0,0,2,0,54,0,2,0,0,0,,0,0,0,0,0,0,0,0,0,0,0,,0
00-0023465,Heath Miller,TE,2008,1,REG,2008_01_HOU_PIT,PIT,HOU,0,0,0,0,0,0,0,0,0,0,0,0,3,0,26,0,2,0,0,0,,0,0,0,0,0,0,0,0,0,0,0,,0
00-0023482,Mike Nugent,K,2008,1,REG,2008_01_NYJ_MIA,NYJ,MIA,0,0,0,0,0,0,0,0,0,0,0,0,0,0,0,0,0,0,0,1,,0,0,0,0,0,0,2,2,0,0,0,,0
00-0023490,Roscoe Parrish,WR,2008,1,REG,2008_01_SEA_BUF,BUF,SEA,0,0,0,0,0,0,0,0,0,0,0,0,3,0,6,0,0,0,0,0,,0,0,0,0,0,0,0,0,0,0,0,,0
00-0023496,Vincent Jackson,WR,2008,1,REG,2008_01_CAR_SD,LAC,CAR,0,0,0,0,0,0,0,0,0,0,0,0,3,0,47,1,3,0,0,0,,0,0,0,0,0,0,0,0,0,0,0,,0
00-0023500,Frank Gore,RB,2008,1,REG,2008_01_ARI_SF,SF,ARI,0,0,0,0,0,0,0,14,96,1,2,0,4,0,55,0,3,0,0,0,,0,0,0,0,0,0,0,0,0,0,0,,0
00-0023506,Alex Smith,TE,2008,1,REG,2008_01_TB_NO,TB,NO,0,0,0,0,0,0,0,0,0,0,0,0,2,0,19,0,2,0,0,0,,0,0,0,0,0,0,0,0,0,0,0,,0
00-0023531,Brandon Jones,WR,2008,1,REG,2008_01_JAX_TEN,TEN,JAX,0,0,0,0,0,0,0,0,0,0,0,0,1,0,5,0,0,0,0,0,,0,0,0,0,0,0,0,0,0,0,0,,0
00-0023534,Dustin Colquitt,P,2008,1,REG,2008_01_KC_NE,KC,NE,0,0,0,0,0,0,0,0,0,0,0,0,0,0,0,0,0,0,0,0,,0,0,0,0,0,0,0,0,6,259,237,55,3
00-0023541,Kyle Orton,QB,2008,1,REG,2008_01_CHI_IND,CHI,IND,13,21,150,0,0,2,-14,1,10,0,0,0,0,0,0,0,0,0,0,0,,0,0,0,0,0,0,0,0,0,0,0,,0
00-0023544,Marion Barber,RB,2008,1,REG,2008_01_DAL_CLE,DAL,CLE,0,0,0,0,0,0,0,16,80,2,6,0,3,0,21,0,1,0,0,0,,0,0,0,0,0,0,0,0,0,0,0,,0
00-0023545,Brandon Jacobs,RB,2008,1,REG,2008_01_WAS_NYG,NYG,WAS,0,0,0,0,0,0,0,21,116,0,5,0,1,0,8,0,0,0,0,0,,0,0,0,0,0,0,0,0,0,0,0,,0
00-0023564,Darren Sproles,RB,2008,1,REG,2008_01_CAR_SD,LAC,CAR,0,0,0,0,0,0,0,2,3,0,0,0,0,0,0,0,0,0,0,0,,0,0,0,0,0,0,0,0,0,0,0,,0
00-0023612,Bo Scaife,TE,2008,1,REG,2008_01_JAX_TEN,TEN,JAX,0,0,0,0,0,0,0,0,0,0,0,0,6,0,105,0,3,0,0,0,,0,0,0,0,0,0,0,0,0,0,0,,0
00-0023645,Derek Anderson,QB,2008,1,REG,2008_01_DAL_CLE,CLE,DAL,11,24,114,1,0,1,0,4,24,0,0,0,0,0,0,0,0,0,0,0,,0,0,0,0,0,0,0,0,0,0,0,,0
00-0023662,Matt Cassel,QB,2008,1,REG,2008_01_KC_NE,NE,KC,13,18,152,1,0,2,-16,4,13,0,1,0,0,0,0,0,0,0,0,0,,0,0,0,0,0,0,0,0,0,0,0,,0
00-0023683,Madison Hedgecock,FB,2008,1,REG,2008_01_WAS_NYG,NYG,WAS,0,0,0,0,0,0,0,0,0,0,0,0,1,0,4,0,1,0,0,0,,0,0,0,0,0,0,0,0,0,0,0,,0
00-0023764,Andre Hall,RB,2008,1,REG,2008_01_DEN_OAK,DEN,LV,0,0,0,0,0,0,0,10,61,0,4,0,0,0,0,0,0,0,0,0,,0,0,0,0,0,0,0,0,0,0,0,,0
00-0023853,Matt Prater,K,2008,1,REG,2008_01_DEN_OAK,DEN,LV,0,0,0,0,0,0,0,0,0,0,0,0,0,0,0,0,0,0,2,2,43,0,1,0,1,0,0,5,5,0,0,0,,0
00-0023991,Steve Sanders,WR,2008,1,REG,2008_01_DAL_CLE,CLE,DAL,0,0,0,0,0,0,0,0,0,0,0,0,1,0,18,0,1,0,0,0,,0,0,0,0,0,0,0,0,0,0,0,,0
00-0024013,Hank Baskett,WR,2008,1,REG,2008_01_STL_PHI,PHI,LA,0,0,0,0,0,0,0,0,0,0,0,0,2,0,102,1,2,0,0,0,,0,0,0,0,0,0,0,0,0,0,0,,0
00-0024110,Steve Weatherford,P,2008,1,REG,2008_01_TB_NO,NO,TB,0,0,0,0,0,0,0,0,0,0,0,0,0,0,0,0,0,0,0,0,,0,0,0,0,0,0,0,0,7,310,250,61,0
00-0024172,Patrick Cobbs,RB,2008,1,REG,2008_01_NYJ_MIA,MIA,NYJ,0,0,0,0,0,0,0,0,0,0,0,0,1,0,9,0,0,0,0,0,,0,0,0,0,0,0,0,0,0,0,0,,0
00-0024204,Fred Jackson,RB,2008,1,REG,2008_01_SEA_BUF,BUF,SEA,0,0,0,0,0,0,0,10,31,0,0,0,0,0,0,0,0,0,0,0,,0,0,0,0,0,0,0,0,0,0,0,,0
00-0024217,Reggie Bush,RB,2008,1,REG,2008_01_TB_NO,NO,TB,0,0,0,0,0,0,0,14,51,0,3,0,8,0,112,1,4,0,0,0,,0,0,0,0,0,0,0,0,0,0,0,,0
00-0024218,Vince Young,QB,2008,1,REG,2008_01_JAX_TEN,TEN,JAX,12,22,110,1,2,1,-3,1,4,0,0,0,0,0,0,0,0,0,0,0,,0,0,0,0,0,0,0,0,0,0,0,,0
00-0024221,Vernon Davis,TE,2008,1,REG,2008_01_ARI_SF,SF,ARI,0,0,0,0,0,0,0,0,0,0,0,0,3,0,51,0,2,0,0,0,,0,0,0,0,0,0,0,0,0,0,0,,0
00-0024226,Jay Cutler,QB,2008,1,REG,2008_01_DEN_OAK,DEN,LV,16,24,299,2,0,0,0,5,9,0,1,0,0,0,0,0,0,0,0,0,,0,0,0,0,0,0,0,0,0,0,0,,0
00-0024236,Laurence Maroney,RB,2008,1,REG,2008_01_KC_NE,NE,KC,0,0,0,0,0,0,0,10,51,0,3,0,0,0,0,0,0,0,0,0,,0,0,0,0,0,0,0,0,0,0,0,,0
00-0024240,Santonio Holmes,WR,2008,1,REG,2008_01_HOU_PIT,PIT,HOU,0,0,0,0,0,0,0,0,0,0,0,0,2,0,19,0,2,0,0,0,,0,0,0,0,0,0,0,0,0,0,0,,0
00-0024242,DeAngelo Williams,RB,2008,1,REG,2008_01_CAR_SD,CAR,LAC,0,0,0,0,0,0,0,18,86,0,4,0,1,0,4,0,0,0,0,0,,0,0,0,0,0,0,0,0,0,0,0,,0
00-0024243,Marcedes Lewis,TE,2008,1,REG,2008_01_JAX_TEN,JAX,TEN,0,0,0,0,0,0,0,0,0,0,0,0,3,0,29,0,1,0,0,0,,0,0,0,0,0,0,0,0,0,0,0,,0
00-0024245,Joseph Addai,RB,2008,1,REG,2008_01_CHI_IND,IND,CHI,0,0,0,0,0,0,0,12,44,0,4,0,1,0,3,0,0,0,0,0,,0,0,0,0,0,0,0,0,0,0,0,,0
00-0024259,Sinorice Moss,WR,2008,1,REG,2008_01_WAS_NYG,NYG,WAS,0,0,0,0,0,0,0,0,0,0,0,0,1,0,23,0,1,0,0,0,,0,0,0,0,0,0,0,0,0,0,0,,0
00-0024260,LenDale White,RB,2008,1,REG,2008_01_JAX_TEN,TEN,JAX,0,0,0,0,0,0,0,15,40,1,2,0,0,0,0,0,0,0,0,0,,0,0,0,0,0,0,0,0,0,0,0,,0
00-0024267,Greg Jennings,WR,2008,1,REG,2008_01_MIN_GB,GB,MIN,0,0,0,0,0,0,0,0,0,0,0,0,5,0,91,0,3,0,0,0,,0,0,0,0,0,0,0,0,0,0,0,,0
00-0024268,Anthony Fasano,TE,2008,1,REG,2008_01_NYJ_MIA,MIA,NYJ,0,0,0,0,0,0,0,0,0,0,0,0,8,0,84,1,4,0,0,0,,0,0,0,0,0,0,0,0,0,0,0,,0
00-0024272,Devin Hester,WR,2008,1,REG,2008_01_CHI_IND,CHI,IND,0,0,0,0,0,0,0,0,0,0,0,0,1,0,7,0,0,0,0,0,,0,0,0,0,0,0,0,0,0,0,0,,0
00-0024275,Maurice Jones-Drew,RB,2008,1,REG,2008_01_JAX_TEN,JAX,TEN,0,0,0,0,0,0,0,5,13,0,0,0,4,0,37,0,2,0,0,0,,0,0,0,0,0,0,0,0,0,0,0,,0
00-0024276,Tony Scheffler,TE,2008,1,REG,2008_01_DEN_OAK,DEN,LV,0,0,0,0,0,0,0,0,0,0,0,0,1,0,72,0,1,0,0,0,,0,0,0,0,0,0,0,0,0,0,0,,0
00-0024279,Tarvaris Jackson,QB,2008,1,REG,2008_01_MIN_GB,MIN,GB,16,35,178,1,1,1,-10,9,65,0,5,0,0,0,0,0,0,0,0,0,,0,0,0,0,0,0,0,0,0,0,0,,0
00-0024287,Leonard Pope,TE,2008,1,REG,2008_01_ARI_SF,ARI,SF,0,0,0,0,0,0,0,0,0,0,0,0,1,0,5,0,0,0,0,0,,0,0,0,0,0,0,0,0,0,0,0,,0
00-0024294,Jerious Norwood,RB,2008,1,REG,2008_01_DET_ATL,ATL,DET,0,0,0,0,0,0,0,14,93,1,6,0,2,0,6,0,0,0,0,0,,0,0,0,0,0,0,0,0,0,0,0,,0
00-0024300,Brodie Croyle,QB,2008,1,REG,2008_01_KC_NE,KC,NE,11,19,88,0,0,1,-10,0,0,0,0,0,0,0,0,0,0,0,0,0,,0,0,0,0,0,0,0,0,0,0,0,,0
00-0024301,David Thomas,TE,2008,1,REG,2008_01_KC_NE,NE,KC,0,0,0,0,0,0,0,0,0,0,0,0,2,0,24,0,1,0,0,0,,0,0,0,0,0,0,0,0,0,0,0,,0
00-0024313,Owen Daniels,TE,2008,1,REG,2008_01_HOU_PIT,HOU,PIT,0,0,0,0,0,0,0,0,0,0,0,0,3,0,33,0,2,0,0,0,,0,0,0,0,0,0,0,0,0,0,0,,0
00-0024321,Garrett Mills,TE,2008,1,REG,2008_01_MIN_GB,MIN,GB,0,0,0,0,0,0,0,0,0,0,0,0,3,0,49,0,2,0,0,0,,0,0,0,0,0,0,0,0,0,0,0,,0
00-0024324,Jason Avant,WR,2008,1,REG,2008_01_STL_PHI,PHI,LA,0,0,0,0,0,0,0,0,0,0,0,0,3,0,45,0,2,0,0,0,,0,0,0,0,0,0,0,0,0,0,0,,0
00-0024326,Demetrius Williams,WR,2008,1,REG,2008_01_CIN_BAL,BAL,CIN,0,0,0,0,0,0,0,0,0,0,0,0,1,0,3,0,0,0,0,0,,0,0,0,0,0,0,0,0,0,0,0,,0
00-0024332,Leon Washington,RB,2008,1,REG,2008_01_NYJ_MIA,NYJ,MIA,0,0,0,0,0,0,0,6,9,0,0,0,2,0,17,0,0,0,0,0,,0,0,0,0,0,0,0,0,0,0,0,,0
00-0024333,Stephen Gostkowski,K,2008,1,REG,2008_01_KC_NE,NE,KC,0,0,0,0,0,0,0,0,0,0,0,0,0,0,0,0,0,0,1,1,37,0,0,1,0,0,0,2,2,0,0,0,,0
00-0024369,Jeff King,TE,2008,1,REG,2008_01_CAR_SD,CAR,LAC,0,0,0,0,0,0,0,0,0,0,0,0,1,0,4,0,0,0,0,0,,0,0,0,0,0,0,0,0,0,0,0,,0
00-0024404,Jeff Webb,WR,2008,1,REG,2008_01_KC_NE,KC,NE,0,0,0,0,0,0,0,0,0,0,0,0,2,0,10,0,0,0,0,0,,0,0,0,0,0,0,0,0,0,0,0,,0
00-0024417,Sam Koch,P,2008,1,REG,2008_01_CIN_BAL,BAL,CIN,0,0,0,0,0,0,0,0,0,0,0,0,0,0,0,0,0,0,0,0,,0,0,0,0,0,0,0,0,5,241,230,57,1
00-0024453,Ryan Plackemeier,P,2008,1,REG,2008_01_SEA_BUF,SEA,BUF,0,0,0,0,0,0,0,0,0,0,0,0,0,0,0,0,0,0,0,0,,0,0,0,0,0,0,0,0,11,450,330,56,2
00-0024465,David Anderson,WR,2008,1,REG,2008_01_HOU_PIT,HOU,PIT,0,0,0,0,0,0,0,0,0,0,0,0,1,0,2,0,0,0,0,0,,0,0,0,0,0,0,0,0,0,0,0,,0
00-0024466,Marques Colston,WR,2008,1,REG,2008_01_TB_NO,NO,TB,0,0,0,0,0,0,0,0,0,0,0,0,3,0,26,0,1,0,0,0,,0,0,0,0,0,0,0,0,0,0,0,,0
00-0024489,Ahmard Hall,FB,2008,1,REG,2008_01_JAX_TEN,TEN,JAX,0,0,0,0,0,0,0,0,0,0,0,0,1,0,2,0,0,0,0,0,,0,0,0,0,0,0,0,0,0,0,0,,0
00-0024515,Sav Rocca,P,2008,1,REG,2008_01_STL_PHI,PHI,LA,0,0,0,0,0,0,0,0,0,0,0,0,0,0,0,0,0,0,0,0,,0,0,0,0,0,0,0,0,4,186,168,59,3
00-0024549,Selvin Young,RB,2008,1,REG,2008_01_DEN_OAK,DEN,LV,0,0,0,0,0,0,0,7,36,1,1,0,0,0,0,0,0,0,0,0,,0,0,0,0,0,0,0,0,0,0,0,,0
00-0024595,Logan Payne,WR,2008,1,REG,2008_01_SEA_BUF,SEA,BUF,0,0,0,0,0,0,0,0,0,0,0,0,2,0,25,0,2,0,0,0,,0,0,0,0,0,0,0,0,0,0,0,,0
00-0024813,Pierre Thomas,RB,2008,1,REG,2008_01_TB_NO,NO,TB,0,0,0,0,0,0,0,10,52,0,2,0,2,0,11,0,0,0,0,0,,0,0,0,0,0,0,0,0,0,0,0,,0
00-0025388,JaMarcus Russell,QB,2008,1,REG,2008_01_DEN_OAK,LV,DEN,17,26,180,2,0,2,-13,4,7,0,1,1,0,0,0,0,0,0,0,0,,0,0,0,0,0,0,0,0,0,0,0,,0
00-0025389,Calvin Johnson,WR,2008,1,REG,2008_01_DET_ATL,DET,ATL,0,0,0,0,0,0,0,0,0,0,0,0,7,0,107,0,4,0,0,0,,0,0,0,0,0,0,0,0,0,0,0,,0
00-0025394,Adrian Peterson,RB,2008,1,REG,2008_01_MIN_GB,MIN,GB,0,0,0,0,0,0,0,19,103,1,4,0,1,0,11,0,0,0,0,0,,0,0,0,0,0,0,0,0,0,0,0,,0
00-0025396,Ted Ginn,WR,2008,1,REG,2008_01_NYJ_MIA,MIA,NYJ,0,0,0,0,0,0,0,1,2,0,0,0,2,0,17,0,1,0,0,0,,0,0,0,0,0,0,0,0,0,0,0,,0
00-0025399,Marshawn Lynch,RB,2008,1,REG,2008_01_SEA_BUF,BUF,SEA,0,0,0,0,0,0,0,18,76,1,3,0,3,0,18,0,1,0,0,0,,0,0,0,0,0,0,0,0,0,0,0,,0
00-0025410,Dwayne Bowe,WR,2008,1,REG,2008_01_KC_NE,KC,NE,0,0,0,0,0,0,0,0,0,0,0,0,5,0,49,1,3,0,0,0,,0,0,0,0,0,0,0,0,0,0,0,,0
00-0025418,Greg Olsen,TE,2008,1,REG,2008_01_CHI_IND,CHI,IND,0,0,0,0,0,0,0,0,0,0,0,0,2,0,36,0,2,0,0,0,,0,0,0,0,0,0,0,0,0,0,0,,0
00-0025419,Anthony Gonzalez,WR,2008,1,REG,2008_01_CHI_IND,IND,CHI,0,0,0,0,0,0,0,0,0,0,0,0,5,0,48,0,4,0,0,0,,0,0,0,0,0,0,0,0,0,0,0,,0
00-0025423,Kevin Kolb,QB,2008,1,REG,2008_01_STL_PHI,PHI,LA,5,6,53,0,0,0,0,3,-3,0,0,0,0,0,0,0,0,0,0,0,,0,0,0,0,0,0,0,0,0,0,0,,0
00-0025425,Zach Miller,TE,2008,1,REG,2008_01_DEN_OAK,LV,DEN,0,0,0,0,0,0,0,0,0,0,0,0,4,0,34,0,1,0,0,0,,0,0,0,0,0,0,0,0,0,0,0,,0
00-0025431,Sidney Rice,WR,2008,1,REG,2008_01_MIN_GB,MIN,GB,0,0,0,0,0,0,0,0,0,0,0,0,2,0,31,1,2,0,0,0,,0,0,0,0,0,0,0,0,0,0,0,,0
00-0025432,Dwayne Jarrett,WR,2008,1,REG,2008_01_CAR_SD,CAR,LAC,0,0,0,0,0,0,0,0,0,0,0,0,2,1,36,0,2,0,0,0,,0,0,0,0,0,0,0,0,0,0,0,,0
00-0025438,Steve Smith,WR,2008,1,REG,2008_01_WAS_NYG,NYG,WAS,0,0,0,0,0,0,0,0,0,0,0,0,2,0,15,0,2,0,0,0,,0,0,0,0,0,0,0,0,0,0,0,,0
00-0025450,Brandon Jackson,RB,2008,1,REG,2008_01_MIN_GB,GB,MIN,0,0,0,0,0,0,0,7,12,0,1,0,3,0,18,0,0,0,0,0,,0,0,0,0,0,0,0,0,0,0,0,,0
00-0025458,Lorenzo Booker,RB,2008,1,REG,2008_01_STL_PHI,PHI,LA,0,0,0,0,0,0,0,5,9,0,0,0,0,0,0,0,0,0,0,0,,0,0,0,0,0,0,0,0,0,0,0,,0
00-0025464,Matt Spaeth,TE,2008,1,REG,2008_01_HOU_PIT,PIT,HOU,0,0,0,0,0,0,0,0,0,0,0,0,1,0,6,0,0,0,0,0,,0,0,0,0,0,0,0,0,0,0,0,,0
00-0025477,Tony Hunt,RB,2008,1,REG,2008_01_STL_PHI,PHI,LA,0,0,0,0,0,0,0,2,3,1,2,0,1,0,2,0,0,0,0,0,,0,0,0,0,0,0,0,0,0,0,0,,0
00-0025479,Trent Edwards,QB,2008,1,REG,2008_01_SEA_BUF,BUF,SEA,19,30,215,1,0,1,-2,1,-1,0,0,0,0,0,0,0,0,0,0,0,,0,0,0,0,0,0,0,0,0,0,0,,0
00-0025488,Adam Podlesh,P,2008,1,REG,2008_01_JAX_TEN,JAX,TEN,0,0,0,0,0,0,0,0,0,0,0,0,0,0,0,0,0,0,0,0,,0,0,0,0,0,0,0,0,6,222,187,50,4
00-0025490,Isaiah Stanback,WR,2008,1,REG,2008_01_DAL_CLE,DAL,CLE,0,0,0,0,0,0,0,0,0,0,0,0,2,0,24,0,0,0,0,0,,0,0,0,0,0,0,0,0,0,0,0,,0
00-0025524,Le'Ron McClain,FB,2008,1,REG,2008_01_CIN_BAL,BAL,CIN,0,0,0,0,0,0,0,19,86,0,6,0,2,0,24,0,2,0,0,0,,0,0,0,0,0,0,0,0,0,0,0,,0
00-0025529,Steve Breaston,WR,2008,1,REG,2008_01_ARI_SF,ARI,SF,0,0,0,0,0,0,0,0,0,0,0,0,3,0,54,0,2,0,0,0,,0,0,0,0,0,0,0,0,0,0,0,,0
00-0025542,Dante Rosario,TE,2008,1,REG,2008_01_CAR_SD,CAR,LAC,0,0,0,0,0,0,0,0,0,0,0,0,7,0,96,1,5,0,0,0,,0,0,0,0,0,0,0,0,0,0,0,,0
00-0025549,Brent Celek,TE,2008,1,REG,2008_01_STL_PHI,PHI,LA,0,0,0,0,0,0,0,0,0,0,0,0,2,0,15,0,1,0,0,0,,0,0,0,0,0,0,0,0,0,0,0,,0
00-0025565,Nick Folk,K,2008,1,REG,2008_01_DAL_CLE,DAL,CLE,0,0,0,0,0,0,0,0,0,0,0,0,0,0,0,0,0,0,0,0,,0,0,0,0,0,0,4,4,0,0,0,,0
00-0025578,Korey Hall,RB,2008,1,REG,2008_01_MIN_GB,GB,MIN,0,0,0,0,0,0,0,0,0,0,0,0,1,0,1,1,1,0,0,0,,0,0,0,0,0,0,0,0,0,0,0,,0
00-0025580,Mason Crosby,K,2008,1,REG,2008_01_MIN_GB,GB,MIN,0,0,0,0,0,0,0,0,0,0,0,0,0,0,0,0,0,0,1,2,42,0,0,0,1,0,0,3,3,0,0,0,,0
00-0025584,Courtney Taylor,WR,2008,1,REG,2008_01_SEA_BUF,SEA,BUF,0,0,0,0,0,0,0,0,0,0,0,0,2,0,19,0,1,0,0,0,,0,0,0,0,0,0,0,0,0,0,0,,0
00-0025612,Brandon Fields,P,2008,1,REG,2008_01_NYJ_MIA,MIA,NYJ,0,0,0,0,0,0,0,0,0,0,0,0,0,0,0,0,0,0,0,0,,0,0,0,0,0,0,0,0,7,278,214,54,1
00-0025621,Syndric Steptoe,WR,2008,1,REG,2008_01_DAL_CLE,CLE,DAL,0,0,0,0,0,0,0,0,0,0,0,0,1,0,12,0,1,0,0,0,,0,0,0,0,0,0,0,0,0,0,0,,0
00-0025622,Chansi Stuckey,WR,2008,1,REG,2008_01_NYJ_MIA,NYJ,MIA,0,0,0,0,0,0,0,0,0,0,0,0,2,0,37,1,2,0,0,0,,0,0,0,0,0,0,0,0,0,0,0,,0
00-0025672,Tim Castille,FB,2008,1,REG,2008_01_ARI_SF,ARI,SF,0,0,0,0,0,0,0,0,0,0,0,0,1,0,4,0,0,0,0,0,,0,0,0,0,0,0,0,0,0,0,0,,0
00-0025825,Brett Kern,P,2008,1,REG,2008_01_DEN_OAK,DEN,LV,0,0,0,0,0,0,0,0,0,0,0,0,0,0,0,0,0,0,0,0,,0,0,0,0,0,0,0,0,2,80,77,42,1
00-0026000,Davone Bess,WR,2008,1,REG,2008_01_NYJ_MIA,MIA,NYJ,0,0,0,0,0,0,0,0,0,0,0,0,1,0,8,0,1,0,0,0,,0,0,0,0,0,0,0,0,0,0,0,,0
00-0026003,Dan Carpenter,K,2008,1,REG,2008_01_NYJ_MIA,MIA,NYJ,0,0,0,0,0,0,0,0,0,0,0,0,0,0,0,0,0,0,0,0,,0,0,0,0,0,0,2,2,0,0,0,,0
00-0026033,Mike Cox,FB,2008,1,REG,2008_01_KC_NE,KC,NE,0,0,0,0,0,0,0,0,0,0,0,0,2,0,6,0,0,0,0,0,,0,0,0,0,0,0,0,0,0,0,0,,0
00-0026069,Mike Tolbert,FB,2008,1,REG,2008_01_CAR_SD,LAC,CAR,0,0,0,0,0,0,0,3,6,0,1,0,3,0,35,0,2,0,0,0,,0,0,0,0,0,0,0,0,0,0,0,,0
00-0026143,Matt Ryan,QB,2008,1,REG,2008_01_DET_ATL,ATL,DET,9,13,161,1,0,1,-5,5,-2,0,0,0,0,0,0,0,0,0,0,0,,0,0,0,0,0,0,0,0,0,0,0,,0
00-0026144,Darren McFadden,RB,2008,1,REG,2008_01_DEN_OAK,LV,DEN,0,0,0,0,0,0,0,9,46,0,1,0,1,0,11,0,1,0,0,0,,0,0,0,0,0,0,0,0,0,0,0,,0
00-0026153,Jonathan Stewart,RB,2008,1,REG,2008_01_CAR_SD,CAR,LAC,0,0,0,0,0,0,0,10,53,0,2,0,0,0,0,0,0,0,0,0,,0,0,0,0,0,0,0,0,0,0,0,,0
00-0026158,Joe Flacco,QB,2008,1,REG,2008_01_CIN_BAL,BAL,CIN,15,29,129,0,0,0,0,4,37,1,2,0,0,0,0,0,0,0,0,0,,0,0,0,0,0,0,0,0,0,0,0,,0
00-0026162,Felix Jones,RB,2008,1,REG,2008_01_DAL_CLE,DAL,CLE,0,0,0,0,0,0,0,9,62,1,3,0,0,0,0,0,0,0,0,0,,0,0,0,0,0,0,0,0,0,0,0,,0
00-0026163,Rashard Mendenhall,RB,2008,1,REG,2008_01_HOU_PIT,PIT,HOU,0,0,0,0,0,0,0,10,28,0,1,0,0,0,0,0,0,0,0,0,,0,0,0,0,0,0,0,0,0,0,0,,0
00-0026164,Chris Johnson,RB,2008,1,REG,2008_01_JAX_TEN,TEN,JAX,0,0,0,0,0,0,0,15,93,0,5,0,3,0,34,1,2,0,0,0,,0,0,0,0,0,0,0,0,0,0,0,,0
00-0026174,Devin Thomas,WR,2008,1,REG,2008_01_WAS_NYG,WAS,NYG,0,0,0,0,0,0,0,0,0,0,0,0,1,0,5,0,0,0,0,0,,0,0,0,0,0,0,0,0,0,0,0,,0
00-0026178,John Carlson,TE,2008,1,REG,2008_01_SEA_BUF,SEA,BUF,0,0,0,0,0,0,0,0,0,0,0,0,4,0,52,0,3,0,0,0,,0,0,0,0,0,0,0,0,0,0,0,,0
00-0026182,Eddie Royal,WR,2008,1,REG,2008_01_DEN_OAK,DEN,LV,0,1,0,0,0,0,0,2,9,0,1,0,9,0,146,1,7,0,0,0,,0,0,0,0,0,0,0,0,0,0,0,,0
00-0026184,Matt Forte,RB,2008,1,REG,2008_01_CHI_IND,CHI,IND,0,0,0,0,0,0,0,23,123,1,4,0,3,0,18,0,1,0,0,0,,0,0,0,0,0,0,0,0,0,0,0,,0
00-0026189,DeSean Jackson,WR,2008,1,REG,2008_01_STL_PHI,PHI,LA,0,0,0,0,0,0,0,0,0,0,0,0,6,0,106,0,4,0,0,0,,0,0,0,0,0,0,0,0,0,0,0,,0
00-0026195,Ray Rice,RB,2008,1,REG,2008_01_CIN_BAL,BAL,CIN,0,0,0,0,0,0,0,22,64,0,3,1,3,0,19,0,0,0,0,0,,0,0,0,0,0,0,0,0,0,0,0,,0
00-0026204,Kevin Smith,RB,2008,1,REG,2008_01_DET_ATL,DET,ATL,0,0,0,0,0,0,0,16,48,1,3,0,4,0,32,0,1,0,0,0,,0,0,0,0,0,0,0,0,0,0,0,,0
00-0026213,Jamaal Charles,RB,2008,1,REG,2008_01_KC_NE,KC,NE,0,0,0,0,0,0,0,5,28,0,1,0,2,0,6,0,0,0,0,0,,0,0,0,0,0,0,0,0,0,0,0,,0
00-0026224,Harry Douglas,WR,2008,1,REG,2008_01_DET_ATL,ATL,DET,0,0,0,0,0,0,0,1,7,0,0,0,0,0,0,0,0,0,0,0,,0,0,0,0,0,0,0,0,0,0,0,,0
00-0026229,Steve Slaton,RB,2008,1,REG,2008_01_HOU_PIT,HOU,PIT,0,0,0,0,0,0,0,13,43,0,2,0,3,0,6,0,0,0,0,0,,0,0,0,0,0,0,0,0,0,0,0,,0
00-0026262,Tashard Choice,RB,2008,1,REG,2008_01_DAL_CLE,DAL,CLE,0,0,0,0,0,0,0,5,26,0,2,0,1,0,2,0,0,0,0,0,,0,0,0,0,0,0,0,0,0,0,0,,0
00-0026267,Jacob Tamme,TE,2008,1,REG,2008_01_CHI_IND,IND,CHI,0,0,0,0,0,0,0,0,0,0,0,0,1,0,6,0,1,0,0,0,,0,0,0,0,0,0,0,0,0,0,0,,0
00-0026289,Tim Hightower,RB,2008,1,REG,2008_01_ARI_SF,ARI,SF,0,0,0,0,0,0,0,8,13,1,2,0,3,0,21,0,0,0,0,0,,0,0,0,0,0,0,0,0,0,0,0,,0
00-0026308,Durant Brooks,P,2008,1,REG,2008_01_WAS_NYG,WAS,NYG,0,0,0,0,0,0,0,0,0,0,0,0,0,0,0,0,0,0,0,0,,0,0,0,0,0,0,0,0,7,265,244,53,2
00-0026342,Mike Hart,RB,2008,1,REG,2008_01_CHI_IND,IND,CHI,0,0,0,0,0,0,0,1,7,0,1,0,0,0,0,0,0,0,0,0,,0,0,0,0,0,0,0,0,0,0,0,,0
00-0026366,Chaz Schilens,WR,2008,1,REG,2008_01_DEN_OAK,LV,DEN,0,0,0,0,0,0,0,0,0,0,0,0,2,0,29,0,1,0,0,0,,0,0,0,0,0,0,0,0,0,0,0,,0
00-0026367,Peyton Hillis,RB,2008,1,REG,2008_01_DEN_OAK,DEN,LV,0,0,0,0,0,0,0,3,14,0,1,0,1,0,4,0,0,0,0,0,,0,0,0,0,0,0,0,0,0,0,0,,0
00-0000108,David Akers,K,2008,2,REG,2008_02_PHI_DAL,PHI,DAL,0,0,0,0,0,0,0,0,0,0,0,0,0,0,0,0,0,0,3,3,44,0,1,1,1,0,0,4,4,0,0,0,,0
00-0001157,Mitch Berger,P,2008,2,REG,2008_02_PIT_CLE,PIT,CLE,0,0,0,0,0,0,0,0,0,0,0,0,0,0,0,0,0,0,0,0,,0,0,0,0,0,0,0,0,6,273,229,55,4
00-0001231,Josh Bidwell,P,2008,2,REG,2008_02_ATL_TB,TB,ATL,0,0,0,0,0,0,0,0,0,0,0,0,0,0,0,0,0,0,0,0,,0,0,0,0,0,0,0,0,5,233,190,56,2
00-0001477,Marty Booker,WR,2008,2,REG,2008_02_CHI_CAR,CHI,CAR,0,0,0,0,0,0,0,0,0,0,0,0,1,0,4,0,0,0,0,0,,0,0,0,0,0,0,0,0,0,0,0,,0
00-0002099,Isaac Bruce,WR,2008,2,REG,2008_02_SF_SEA,SF,SEA,0,0,0,0,0,0,0,0,0,0,0,0,4,0,153,0,4,0,0,0,,0,0,0,0,0,0,0,0,0,0,0,,0
00-0002586,Mark Campbell,TE,2008,2,REG,2008_02_NO_WAS,NO,WAS,0,0,0,0,0,0,0,0,0,0,0,0,1,0,12,0,1,0,0,0,,0,0,0,0,0,0,0,0,0,0,0,,0
00-0002655,John Carney,K,2008,2,REG,2008_02_NYG_STL,NYG,LA,0,0,0,0,0,0,0,0,0,0,0,0,0,0,0,0,0,0,2,2,39,0,0,2,0,0,0,5,5,0,0,0,,0
00-0003035,Desmond Clark,TE,2008,2,REG,2008_02_CHI_CAR,CHI,CAR,0,0,0,0,0,0,0,0,0,0,0,0,2,0,21,0,1,0,0,0,,0,0,0,0,0,0,0,0,0,0,0,,0
00-0003292,Kerry Collins,QB,2008,2,REG,2008_02_TEN_CIN,TEN,CIN,14,21,128,1,0,1,-10,0,0,0,0,0,0,0,0,0,0,0,0,0,,0,0,0,0,0,0,0,0,0,0,0,,0
00-0004091,Phil Dawson,K,2008,2,REG,2008_02_PIT_CLE,CLE,PIT,0,0,0,0,0,0,0,0,0,0,0,0,0,0,0,0,0,0,2,2,38,0,0,2,0,0,0,0,0,0,0,0,,0
00-0004161,Jake Delhomme,QB,2008,2,REG,2008_02_CHI_CAR,CAR,CHI,12,21,128,0,1,3,-26,4,3,0,0,0,0,0,0,0,0,0,0,0,,0,0,0,0,0,0,0,0,0,0,0,,0
00-0004541,Donald Driver,WR,2008,2,REG,2008_02_GB_DET,GB,DET,0,0,0,0,0,0,0,0,0,0,0,0,7,0,52,1,3,0,0,0,,0,0,0,0,0,0,0,0,0,0,0,,0
00-0004640,Warrick Dunn,RB,2008,2,REG,2008_02_ATL_TB,TB,ATL,0,0,0,0,0,0,0,12,49,1,3,0,3,0,21,0,1,0,0,0,,0,0,0,0,0,0,0,0,0,0,0,,0
00-0004811,Jason Elam,K,2008,2,REG,2008_02_ATL_TB,ATL,TB,0,0,0,0,0,0,0,0,0,0,0,0,0,0,0,0,0,0,3,3,32,0,2,1,0,0,0,0,0,0,0,0,,0
00-0005091,Kevin Faulk,RB,2008,2,REG,2008_02_NE_NYJ,NE,NYJ,0,0,0,0,0,0,0,3,16,0,0,0,4,0,50,0,3,0,0,0,,0,0,0,0,0,0,0,0,0,0,0,,0
00-0005106,Brett Favre,QB,2008,2,REG,2008_02_NE_NYJ,NYJ,NE,18,26,181,1,1,2,-29,2,6,0,0,0,0,0,0,0,0,0,0,0,,0,0,0,0,0,0,0,0,0,0,0,,0
00-0005113,Jeff Feagles,P,2008,2,REG,2008_02_NYG_STL,NYG,LA,0,0,0,0,0,0,0,0,0,0,0,0,0,0,0,0,0,0,0,0,,0,0,0,0,0,0,0,0,3,141,134,54,2
00-0005720,Joey Galloway,WR,2008,2,REG,2008_02_ATL_TB,TB,ATL,0,0,0,0,0,0,0,0,0,0,0,0,2,0,18,0,1,0,0,0,,0,0,0,0,0,0,0,0,0,0,0,,0
00-0006101,Tony Gonzalez,TE,2008,2,REG,2008_02_OAK_KC,KC,LV,0,0,0,0,0,0,0,0,0,0,0,0,5,0,39,1,3,0,0,0,,0,0,0,0,0,0,0,0,0,0,0,,0
00-0006223,Martin Gramatica,K,2008,2,REG,2008_02_NO_WAS,NO,WAS,0,0,0,0,0,0,0,0,0,0,0,0,0,0,0,0,0,0,1,1,49,0,0,0,1,0,0,3,3,0,0,0,,0
00-0006423,Brian Griese,QB,2008,2,REG,2008_02_ATL_TB,TB,ATL,18,31,160,1,0,2,-13,1,-1,0,0,0,0,0,0,0,0,0,0,0,,0,0,0,0,0,0,0,0,0,0,0,,0
00-0006799,Chris Hanson,P,2008,2,REG,2008_02_NE_NYJ,NE,NYJ,0,0,0,0,0,0,0,0,0,0,0,0,0,0,0,0,0,0,0,0,,0,0,0,0,0,0,0,0,3,150,110,59,0
00-0006800,Jason Hanson,K,2008,2,REG,2008_02_GB_DET,DET,GB,0,0,0,0,0,0,0,0,0,0,0,0,0,0,0,0,0,0,3,3,53,0,0,1,1,1,0,2,2,0,0,0,,0
00-0007024,Marvin Harrison,WR,2008,2,REG,2008_02_IND_MIN,IND,MIN,0,0,0,0,0,0,0,0,0,0,0,0,1,0,16,0,1,0,0,0,,0,0,0,0,0,0,0,0,0,0,0,,0
00-0007091,Matt Hasselbeck,QB,2008,2,REG,2008_02_SF_SEA,SEA,SF,18,36,189,0,2,1,-7,1,12,0,1,0,0,0,0,0,0,0,0,0,,0,0,0,0,0,0,0,0,0,0,0,,0
00-0007308,Craig Hentrich,P,2008,2,REG,2008_02_TEN_CIN,TEN,CIN,0,0,0,0,0,0,0,1,0,0,0,1,0,0,0,0,0,0,0,0,,0,0,0,0,0,0,0,0,6,288,226,70,2
00-0007468,Ike Hilliard,WR,2008,2,REG,2008_02_ATL_TB,TB,ATL,0,0,0,0,0,0,0,0,0,0,0,0,4,0,41,0,4,0,0,0,,0,0,0,0,0,0,0,0,0,0,0,,0
00-0007681,Torry Holt,WR,2008,2,REG,2008_02_NYG_STL,LA,NYG,0,0,0,0,0,0,0,0,0,0,0,0,6,0,76,1,2,0,0,0,,0,0,0,0,0,0,0,0,0,0,0,,0
00-0007835,Damon Huard,QB,2008,2,REG,2008_02_OAK_KC,KC,LV,2,4,17,0,1,1,-8,1,15,0,1,0,0,0,0,0,0,0,0,0,,0,0,0,0,0,0,0,0,0,0,0,,0
00-0008241,Edgerrin James,RB,2008,2,REG,2008_02_MIA_ARI,ARI,MIA,0,0,0,0,0,0,0,18,55,0,2,0,1,0,0,0,0,0,0,0,,0,0,0,0,0,0,0,0,0,0,0,,0
00-0008484,Dirk Johnson,P,2008,2,REG,2008_02_MIA_ARI,ARI,MIA,0,0,0,0,0,0,0,0,0,0,0,0,0,0,0,0,0,0,0,0,,0,0,0,0,0,0,0,0,2,77,77,48,2
00-0009028,John Kasay,K,2008,2,REG,2008_02_CHI_CAR,CAR,CHI,0,0,0,0,0,0,0,0,0,0,0,0,0,0,0,0,0,0,2,2,45,0,0,1,1,0,0,2,2,0,0,0,,0
00-0009119,Reggie Kelly,TE,2008,2,REG,2008_02_TEN_CIN,CIN,TEN,0,0,0,0,0,0,0,0,0,0,0,0,3,0,14,0,0,0,0,0,,0,0,0,0,0,0,0,0,0,0,0,,0
00-0009311,Jon Kitna,QB,2008,2,REG,2008_02_GB_DET,DET,GB,21,41,276,2,3,5,-20,1,7,0,1,0,0,0,0,0,0,0,0,0,,0,0,0,0,0,0,0,0,0,0,0,,0
00-0009323,Jimmy Kleinsasser,TE,2008,2,REG,2008_02_IND_MIN,MIN,IND,0,0,0,0,0,0,0,0,0,0,0,0,1,0,12,0,1,0,0,0,,0,0,0,0,0,0,0,0,0,0,0,,0
00-0010072,Ryan Longwell,K,2008,2,REG,2008_02_IND_MIN,MIN,IND,0,0,0,0,0,0,0,0,0,0,0,0,0,0,0,0,0,0,5,6,53,0,2,0,2,1,0,0,0,0,0,0,,0
00-0010346,Peyton Manning,QB,2008,2,REG,2008_02_IND_MIN,IND,MIN,26,42,311,1,2,2,-15,2,0,0,0,0,0,0,0,0,0,0,0,0,,0,0,0,0,0,0,0,0,0,0,0,,0
00-0010373,Olindo Mare,K,2008,2,REG,2008_02_SF_SEA,SEA,SF,0,0,0,0,0,0,0,0,0,0,0,0,0,0,0,0,0,0,3,3,51,0,0,2,0,1,0,3,3,0,0,0,,0
00-0010609,Brad Maynard,P,2008,2,REG,2008_02_CHI_CAR,CHI,CAR,0,0,0,0,0,0,0,0,0,0,0,0,0,0,0,0,0,0,0,0,,0,0,0,0,0,0,0,0,7,281,247,47,1
00-0011022,Donovan McNabb,QB,2008,2,REG,2008_02_PHI_DAL,PHI,DAL,25,37,281,1,0,4,-22,5,20,0,1,1,0,0,0,0,0,0,0,0,,0,0,0,0,0,0,0,0,0,0,0,,0
00-0011626,Brian Moorman,P,2008,2,REG,2008_02_BUF_JAX,BUF,JAX,0,0,0,0,0,0,0,0,0,0,0,0,0,0,0,0,0,0,0,0,,0,0,0,0,0,0,0,0,3,143,120,51,1
00-0011754,Randy Moss,WR,2008,2,REG,2008_02_NE_NYJ,NE,NYJ,0,0,0,0,0,0,0,0,0,0,0,0,2,0,22,0,1,0,0,0,,0,0,0,0,0,0,0,0,0,0,0,,0
00-0011795,Muhsin Muhammad,WR,2008,2,REG,2008_02_CHI_CAR,CAR,CHI,0,0,0,0,0,0,0,0,0,0,0,0,5,0,59,0,1,0,0,0,,0,0,0,0,0,0,0,0,0,0,0,,0
00-0011970,Joe Nedney,K,2008,2,REG,2008_02_SF_SEA,SF,SEA,0,0,0,0,0,0,0,0,0,0,0,0,0,0,0,0,0,0,4,5,40,0,3,0,1,0,0,3,3,0,0,0,,0
00-0012478,Terrell Owens,WR,2008,2,REG,2008_02_PHI_DAL,DAL,PHI,0,0,0,0,0,0,0,0,0,0,0,0,3,0,89,2,3,0,0,0,,0,0,0,0,0,0,0,0,0,0,0,,0
00-0012642,David Patten,WR,2008,2,REG,2008_02_NO_WAS,NO,WAS,0,0,0,0,0,0,0,0,0,0,0,0,5,0,55,0,3,0,0,0,,0,0,0,0,0,0,0,0,0,0,0,,0
00-0013013,Michael Pittman,RB,2008,2,REG,2008_02_SD_DEN,DEN,LAC,0,0,0,0,0,0,0,7,30,1,4,0,0,0,0,0,0,0,0,0,,0,0,0,0,0,0,0,0,0,0,0,,0
00-0013694,Tony Richardson,FB,2008,2,REG,2008_02_NE_NYJ,NYJ,NE,0,0,0,0,0,0,0,0,0,0,0,0,1,0,4,0,0,0,0,0,,0,0,0,0,0,0,0,0,0,0,0,,0
00-0014655,Mike Sellers,TE,2008,2,REG,2008_02_NO_WAS,WAS,NO,0,0,0,0,0,0,0,0,0,0,0,0,1,0,1,0,0,0,0,0,,0,0,0,0,0,0,0,0,0,0,0,,0
00-0015194,Hunter Smith,P,2008,2,REG,2008_02_IND_MIN,IND,MIN,0,0,0,0,0,0,0,0,0,0,0,0,0,0,0,0,0,0,0,0,,0,0,0,0,0,0,0,0,7,308,266,55,2
00-0015754,Brandon Stokley,WR,2008,2,REG,2008_02_SD_DEN,DEN,LAC,0,0,0,0,0,0,0,0,0,0,0,0,3,0,47,0,2,0,0,0,,0,0,0,0,0,0,0,0,0,0,0,,0
00-0016098,Fred Taylor,RB,2008,2,REG,2008_02_BUF_JAX,JAX,BUF,0,0,0,0,0,0,0,14,49,0,3,0,1,0,5,0,0,0,0,0,,0,0,0,0,0,0,0,0,0,0,0,,0
00-0016440,James Thrash,WR,2008,2,REG,2008_02_NO_WAS,WAS,NO,0,0,0,0,0,0,0,0,0,0,0,0,1,0,8,0,0,0,0,0,,0,0,0,0,0,0,0,0,0,0,0,,0
00-0016550,Amani Toomer,WR,2008,2,REG,2008_02_NYG_STL,NYG,LA,0,0,0,0,0,0,0,0,0,0,0,0,6,0,67,1,4,0,0,0,,0,0,0,0,0,0,0,0,0,0,0,,0
00-0016919,Adam Vinatieri,K,2008,2,REG,2008_02_IND_MIN,IND,MIN,0,0,0,0,0,0,0,0,0,0,0,0,0,0,0,0,0,0,1,2,47,0,0,0,1,0,0,1,1,0,0,0,,0
00-0017162,Hines Ward,WR,2008,2,REG,2008_02_PIT_CLE,PIT,CLE,0,0,0,0,0,0,0,0,0,0,0,0,5,0,59,1,3,0,0,0,,0,0,0,0,0,0,0,0,0,0,0,,0
00-0017200,Kurt Warner,QB,2008,2,REG,2008_02_MIA_ARI,ARI,MIA,19,24,361,3,0,2,-12,0,0,0,0,0,0,0,0,0,0,0,0,0,,0,0,0,0,0,0,0,0,0,0,0,,0
00-0017915,Ricky Williams,RB,2008,2,REG,2008_02_MIA_ARI,MIA,ARI,0,0,0,0,0,0,0,11,28,0,2,0,1,0,1,0,0,0,0,0,,0,0,0,0,0,0,0,0,0,0,0,,0
00-0018958,Laveranues Coles,WR,2008,2,REG,2008_02_NE_NYJ,NYJ,NE,0,0,0,0,0,0,0,0,0,0,0,0,3,0,72,0,3,0,0,0,,0,0,0,0,0,0,0,0,0,0,0,,0
00-0019100,Brad Hoover,FB,2008,2,REG,2008_02_CHI_CAR,CAR,CHI,0,0,0,0,0,0,0,1,5,0,1,0,2,0,18,0,1,0,0,0,,0,0,0,0,0,0,0,0,0,0,0,,0
00-0019242,Dane Looker,WR,2008,2,REG,2008_02_NYG_STL,LA,NYG,0,0,0,0,0,0,0,0,0,0,0,0,2,0,29,0,1,0,0,0,,0,0,0,0,0,0,0,0,0,0,0,,0
00-0019281,Mike Furrey,WR,2008,2,REG,2008_02_GB_DET,DET,GB,0,0,0,0,0,0,0,0,0,0,0,0,2,0,22,0,1,0,0,0,,0,0,0,0,0,0,0,0,0,0,0,,0
00-0019310,Rian Lindell,K,2008,2,REG,2008_02_BUF_JAX,BUF,JAX,0,0,0,0,0,0,0,0,0,0,0,0,0,0,0,0,0,0,2,2,45,0,1,0,1,0,0,2,2,0,0,0,,0
00-0019484,Sammy Morris,RB,2008,2,REG,2008_02_NE_NYJ,NE,NYJ,0,0,0,0,0,0,0,8,0,1,1,0,2,0,7,0,2,0,0,0,,0,0,0,0,0,0,0,0,0,0,0,,0
00-0019536,Shayne Graham,K,2008,2,REG,2008_02_TEN_CIN,CIN,TEN,0,0,0,0,0,0,0,0,0,0,0,0,0,0,0,0,0,0,0,1,,0,0,0,0,0,0,1,1,0,0,0,,0
00-0019539,Dante Hall,WR,2008,2,REG,2008_02_NYG_STL,LA,NYG,0,0,0,0,0,0,0,1,0,0,0,0,2,0,13,0,1,0,0,0,,0,0,0,0,0,0,0,0,0,0,0,,0
00-0019559,Chad Pennington,QB,2008,2,REG,2008_02_MIA_ARI,MIA,ARI,10,20,112,0,0,2,-15,1,6,0,0,0,0,0,0,0,0,0,0,0,,0,0,0,0,0,0,0,0,0,0,0,,0
00-0019599,Marc Bulger,QB,2008,2,REG,2008_02_NYG_STL,LA,NYG,20,32,177,1,1,6,-44,1,9,0,0,0,0,0,0,0,0,0,0,0,,0,0,0,0,0,0,0,0,0,0,0,,0
00-0019641,Thomas Jones,RB,2008,2,REG,2008_02_NE_NYJ,NYJ,NE,0,0,0,0,0,0,0,17,70,0,2,0,2,0,5,0,0,0,0,0,,0,0,0,0,0,0,0,0,0,0,0,,0
00-0019642,Plaxico Burress,WR,2008,2,REG,2008_02_NYG_STL,NYG,LA,0,0,0,0,0,0,0,0,0,0,0,0,5,0,81,1,5,0,0,0,,0,0,0,0,0,0,0,0,0,0,0,,0
00-0019644,Bubba Franks,TE,2008,2,REG,2008_02_NE_NYJ,NYJ,NE,0,0,0,0,0,0,0,0,0,0,0,0,2,0,-4,0,0,0,0,0,,0,0,0,0,0,0,0,0,0,0,0,,0
00-0019646,Sebastian Janikowski,K,2008,2,REG,2008_02_OAK_KC,LV,KC,0,0,0,0,0,0,0,0,0,0,0,0,0,0,0,0,0,0,3,3,56,0,1,0,1,1,0,2,2,0,0,0,,0
00-0019650,Dennis Northcutt,WR,2008,2,REG,2008_02_BUF_JAX,JAX,BUF,0,0,0,0,0,0,0,0,0,0,0,0,3,0,36,0,2,0,0,0,,0,0,0,0,0,0,0,0,0,0,0,,0
00-0019676,Neil Rackers,K,2008,2,REG,2008_02_MIA_ARI,ARI,MIA,0,0,0,0,0,0,0,0,0,0,0,0,0,0,0,0,0,0,1,1,45,0,0,0,1,0,0,4,4,0,0,0,,0
00-0019693,Jamal Lewis,RB,2008,2,REG,2008_02_PIT_CLE,CLE,PIT,0,0,0,0,0,0,0,19,38,0,2,0,3,0,28,0,1,0,0,0,,0,0,0,0,0,0,0,0,0,0,0,,0
00-0019714,Shane Lechler,P,2008,2,REG,2008_02_OAK_KC,LV,KC,0,0,0,0,0,0,0,0,0,0,0,0,0,0,0,0,0,0,0,0,,0,0,0,0,0,0,0,0,4,179,122,67,1
00-0019770,Jay Feely,K,2008,2,REG,2008_02_NE_NYJ,NYJ,NE,0,0,0,0,0,0,0,0,0,0,0,0,0,0,0,0,0,0,1,2,21,0,1,0,0,0,0,1,1,0,0,0,,0
00-0019808,Kenny Watson,RB,2008,2,REG,2008_02_TEN_CIN,CIN,TEN,0,0,0,0,0,0,0,4,14,0,1,0,0,0,0,0,0,0,0,0,,0,0,0,0,0,0,0,0,0,0,0,,0
00-0019831,Nick Goings,RB,2008,2,REG,2008_02_CHI_CAR,CAR,CHI,0,0,0,0,0,0,0,1,-2,0,0,0,0,0,0,0,0,0,0,0,,0,0,0,0,0,0,0,0,0,0,0,,0
00-0019863,Dominic Rhodes,RB,2008,2,REG,2008_02_IND_MIN,IND,MIN,0,0,0,0,0,0,0,2,5,0,0,0,2,0,8,0,0,0,0,0,,0,0,0,0,0,0,0,0,0,0,0,,0
00-0019921,Jason Baker,P,2008,2,REG,2008_02_CHI_CAR,CAR,CHI,0,0,0,0,0,0,0,0,0,0,0,0,0,0,0,0,0,0,0,0,,0,0,0,0,0,0,0,0,7,338,308,59,4
00-0019997,Antonio Chatman,WR,2008,2,REG,2008_02_TEN_CIN,CIN,TEN,0,0,0,0,0,0,0,0,0,0,0,0,2,0,16,0,1,0,0,0,,0,0,0,0,0,0,0,0,0,0,0,,0
00-0020267,Nick Harris,P,2008,2,REG,2008_02_GB_DET,DET,GB,0,0,0,0,0,0,0,0,0,0,0,0,0,0,0,0,0,0,0,0,,0,0,0,0,0,0,0,0,6,208,204,42,3
00-0020270,Correll Buckhalter,RB,2008,2,REG,2008_02_PHI_DAL,PHI,DAL,0,0,0,0,0,0,0,0,0,0,0,0,2,0,15,0,1,0,0,0,,0,0,0,0,0,0,0,0,0,0,0,,0
00-0020285,Alge Crumpler,TE,2008,2,REG,2008_02_TEN_CIN,TEN,CIN,0,0,0,0,0,0,0,0,0,0,0,0,2,0,16,0,0,0,0,0,,0,0,0,0,0,0,0,0,0,0,0,,0
00-0020332,David Martin,TE,2008,2,REG,2008_02_MIA_ARI,MIA,ARI,0,0,0,0,0,0,0,0,0,0,0,0,3,0,32,0,2,0,0,0,,0,0,0,0,0,0,0,0,0,0,0,,0
00-0020381,Justin McCareins,WR,2008,2,REG,2008_02_TEN_CIN,TEN,CIN,0,0,0,0,0,0,0,0,0,0,0,0,2,0,9,0,1,0,0,0,,0,0,0,0,0,0,0,0,0,0,0,,0
00-0020397,Chad Johnson,WR,2008,2,REG,2008_02_TEN_CIN,CIN,TEN,0,0,0,0,0,0,0,0,0,0,0,0,4,0,37,0,2,0,0,0,,0,0,0,0,0,0,0,0,0,0,0,,0
00-0020407,Rudi Johnson,RB,2008,2,REG,2008_02_GB_DET,DET,GB,0,0,0,0,0,0,0,1,2,0,0,0,0,0,0,0,0,0,0,0,,0,0,0,0,0,0,0,0,0,0,0,,0
00-0020438,T.J. Houshmandzadeh,WR,2008,2,REG,2008_02_TEN_CIN,CIN,TEN,0,0,0,0,0,0,0,0,0,0,0,0,3,0,26,0,2,0,0,0,,0,0,0,0,0,0,0,0,0,0,0,,0
00-0020446,Chris Chambers,WR,2008,2,REG,2008_02_SD_DEN,LAC,DEN,0,0,0,0,0,0,0,0,0,0,0,0,4,0,83,2,3,0,0,0,,0,0,0,0,0,0,0,0,0,0,0,,0
00-0020462,LaMont Jordan,RB,2008,2,REG,2008_02_NE_NYJ,NE,NYJ,0,0,0,0,0,0,0,11,62,0,4,0,0,0,0,0,0,0,0,0,,0,0,0,0,0,0,0,0,0,0,0,,0
00-0020494,Santana Moss,WR,2008,2,REG,2008_02_NO_WAS,WAS,NO,0,0,0,0,0,0,0,1,27,0,1,0,7,0,164,1,7,0,0,0,,0,0,0,0,0,0,0,0,0,0,0,,0
00-0020498,Reggie Wayne,WR,2008,2,REG,2008_02_IND_MIN,IND,MIN,0,0,0,0,0,0,0,0,0,0,0,0,5,0,93,1,4,0,0,0,,0,0,0,0,0,0,0,0,0,0,0,,0
00-0020507,Heath Evans,FB,2008,2,REG,2008_02_NE_NYJ,NE,NYJ,0,0,0,0,0,0,0,1,3,0,0,0,0,0,0,0,0,0,0,0,,0,0,0,0,0,0,0,0,0,0,0,,0
00-0020527,Deuce McAllister,RB,2008,2,REG,2008_02_NO_WAS,NO,WAS,0,0,0,0,0,0,0,2,10,0,0,0,0,0,0,0,0,0,0,0,,0,0,0,0,0,0,0,0,0,0,0,,0
00-0020531,Drew Brees,QB,2008,2,REG,2008_02_NO_WAS,NO,WAS,22,33,216,1,2,2,-21,1,9,0,1,0,0,0,0,0,0,0,0,0,,0,0,0,0,0,0,0,0,0,0,0,,0
00-0020536,LaDainian Tomlinson,RB,2008,2,REG,2008_02_SD_DEN,LAC,DEN,0,0,0,0,0,0,0,10,26,0,0,0,2,0,14,0,1,0,0,0,,0,0,0,0,0,0,0,0,0,0,0,,0
00-0020578,Matt Bryant,K,2008,2,REG,2008_02_ATL_TB,TB,ATL,0,0,0,0,0,0,0,0,0,0,0,0,0,0,0,0,0,0,1,1,33,0,0,1,0,0,0,3,3,0,0,0,,0
00-0020608,David Carr,QB,2008,2,REG,2008_02_NYG_STL,NYG,LA,0,0,0,0,0,0,0,3,-3,0,0,0,0,0,0,0,0,0,0,0,,0,0,0,0,0,0,0,0,0,0,0,,0
00-0020617,Nate Jackson,TE,2008,2,REG,2008_02_SD_DEN,DEN,LAC,0,0,0,0,0,0,0,0,0,0,0,0,1,0,6,0,0,0,0,0,,0,0,0,0,0,0,0,0,0,0,0,,0
00-0020737,Jeff Reed,K,2008,2,REG,2008_02_PIT_CLE,PIT,CLE,0,0,0,0,0,0,0,0,0,0,0,0,0,0,0,0,0,0,1,1,48,0,0,0,1,0,0,1,1,0,0,0,,0
00-0020805,Jason McKie,RB,2008,2,REG,2008_02_CHI_CAR,CHI,CAR,0,0,0,0,0,0,0,3,7,1,2,0,2,0,13,0,0,0,0,0,,0,0,0,0,0,0,0,0,0,0,0,,0
00-0020962,Rob Bironas,K,2008,2,REG,2008_02_TEN_CIN,TEN,CIN,0,0,0,0,0,0,0,0,0,0,0,0,0,0,0,0,0,0,1,1,34,0,0,1,0,0,0,3,3,0,0,0,,0
00-0021148,Jeremy Shockey,TE,2008,2,REG,2008_02_NO_WAS,NO,WAS,0,0,0,0,0,0,0,0,0,0,0,0,2,0,22,0,1,1,0,0,,0,0,0,0,0,0,0,0,0,0,0,,0
00-0021152,Ashley Lelie,WR,2008,2,REG,2008_02_OAK_KC,LV,KC,0,0,0,0,0,0,0,0,0,0,0,0,1,0,11,0,1,0,0,0,,0,0,0,0,0,0,0,0,0,0,0,,0
00-0021154,Daniel Graham,TE,2008,2,REG,2008_02_SD_DEN,DEN,LAC,0,0,0,0,0,0,0,0,0,0,0,0,2,0,22,0,2,0,0,0,,0,0,0,0,0,0,0,0,0,0,0,,0
00-0021166,Josh Reed,WR,2008,2,REG,2008_02_BUF_JAX,BUF,JAX,0,0,0,0,0,0,0,0,0,0,0,0,4,0,36,0,1,0,0,0,,0,0,0,0,0,0,0,0,0,0,0,,0
00-0021179,Clinton Portis,RB,2008,2,REG,2008_02_NO_WAS,WAS,NO,0,0,0,0,0,0,0,21,96,2,6,0,2,0,3,0,0,0,0,0,,0,0,0,0,0,0,0,0,0,0,0,,0
00-0021184,Ladell Betts,RB,2008,2,REG,2008_02_NO_WAS,WAS,NO,0,0,0,0,0,0,0,6,25,0,1,0,2,0,8,0,0,0,0,0,,0,0,0,0,0,0,0,0,0,0,0,,0
00-0021190,Antwaan Randle El,WR,2008,2,REG,2008_02_NO_WAS,WAS,NO,0,0,0,0,0,0,0,0,0,0,0,0,4,0,53,0,4,0,0,0,,0,0,0,0,0,0,0,0,0,0,0,,0
00-0021216,Brian Westbrook,RB,2008,2,REG,2008_02_PHI_DAL,PHI,DAL,0,0,0,0,0,0,0,18,58,2,7,0,6,0,45,1,1,0,0,0,,0,0,0,0,0,0,0,0,0,0,0,,0
00-0021231,David Garrard,QB,2008,2,REG,2008_02_BUF_JAX,JAX,BUF,17,28,165,0,1,2,-20,6,32,0,4,0,0,0,0,0,0,0,0,0,,0,0,0,0,0,0,0,0,0,0,0,,0
00-0021235,Dave Zastudil,P,2008,2,REG,2008_02_PIT_CLE,CLE,PIT,0,0,0,0,0,0,0,0,0,0,0,0,0,0,0,0,0,0,0,0,,0,0,0,0,0,0,0,0,5,265,264,59,2
00-0021236,Randy McMichael,TE,2008,2,REG,2008_02_NYG_STL,LA,NYG,0,0,0,0,0,0,0,0,0,0,0,0,2,0,24,0,1,0,0,0,,0,0,0,0,0,0,0,0,0,0,0,,0
00-0021296,J.T. O'Sullivan,QB,2008,2,REG,2008_02_SF_SEA,SF,SEA,20,32,321,1,0,8,-49,4,32,0,1,0,0,0,0,0,0,0,0,0,,0,0,0,0,0,0,0,0,0,0,0,,0
00-0021304,John Gilmore,TE,2008,2,REG,2008_02_ATL_TB,TB,ATL,0,0,0,0,0,0,0,0,0,0,0,0,2,0,41,1,2,0,0,0,,0,0,0,0,0,0,0,0,0,0,0,,0
00-0021314,Chester Taylor,RB,2008,2,REG,2008_02_IND_MIN,MIN,IND,0,0,0,0,0,0,0,4,18,0,1,0,1,1,-2,0,0,0,0,0,,0,0,0,0,0,0,0,0,0,0,0,,0
00-0021376,T.J. Duckett,RB,2008,2,REG,2008_02_SF_SEA,SEA,SF,0,0,0,0,0,0,0,2,3,1,2,0,0,0,0,0,0,0,0,0,,0,0,0,0,0,0,0,0,0,0,0,,0
00-0021429,Carson Palmer,QB,2008,2,REG,2008_02_TEN_CIN,CIN,TEN,16,27,134,0,2,1,-7,0,0,0,0,0,0,0,0,0,0,0,0,0,,0,0,0,0,0,0,0,0,0,0,0,,0
00-0021488,Mat McBriar,P,2008,2,REG,2008_02_PHI_DAL,DAL,PHI,0,0,0,0,0,0,0,0,0,0,0,0,0,0,0,0,0,0,0,0,,0,0,0,0,0,0,0,0,3,140,128,55,1
00-0021500,Derrick Frost,P,2008,2,REG,2008_02_GB_DET,GB,DET,0,0,0,0,0,0,0,1,0,0,0,0,0,0,0,0,0,0,0,0,,0,0,0,0,0,0,0,0,4,192,144,52,0
00-0021508,Greg Lewis,WR,2008,2,REG,2008_02_PHI_DAL,PHI,DAL,0,0,0,0,0,0,0,0,0,0,0,0,3,0,36,0,3,0,0,0,,0,0,0,0,0,0,0,0,0,0,0,,0
00-0021525,Casey Fitzsimmons,TE,2008,2,REG,2008_02_GB_DET,DET,GB,0,0,0,0,0,0,0,0,0,0,0,0,3,0,32,0,2,0,0,0,,0,0,0,0,0,0,0,0,0,0,0,,0
00-0021547,Antonio Gates,TE,2008,2,REG,2008_02_SD_DEN,LAC,DEN,0,0,0,0,0,0,0,0,0,0,0,0,4,0,61,0,4,0,0,0,,0,0,0,0,0,0,0,0,0,0,0,,0
00-0021678,Tony Romo,QB,2008,2,REG,2008_02_PHI_DAL,DAL,PHI,21,30,312,3,1,0,0,3,-5,0,0,1,0,0,0,0,0,0,0,0,,0,0,0,0,0,0,0,0,0,0,0,,0
00-0021755,Earnest Graham,RB,2008,2,REG,2008_02_ATL_TB,TB,ATL,0,0,0,0,0,0,0,15,116,1,2,0,1,0,12,0,0,0,0,0,,0,0,0,0,0,0,0,0,0,0,0,,0
00-0021929,Donald Lee,TE,2008,2,REG,2008_02_GB_DET,GB,DET,0,0,0,0,0,0,0,0,0,0,0,0,2,0,27,0,1,0,0,0,,0,0,0,0,0,0,0,0,0,0,0,,0
00-0021940,Josh Brown,K,2008,2,REG,2008_02_NYG_STL,LA,NYG,0,0,0,0,0,0,0,0,0,0,0,0,0,0,0,0,0,0,2,2,54,0,0,0,0,2,0,1,1,0,0,0,,0
00-0021976,Larry Johnson,RB,2008,2,REG,2008_02_OAK_KC,KC,LV,0,0,0,0,0,0,0,12,22,0,2,0,0,0,0,0,0,0,0,0,,0,0,0,0,0,0,0,0,0,0,0,,0
00-0021981,Shaun McDonald,WR,2008,2,REG,2008_02_GB_DET,DET,GB,0,0,0,0,0,0,0,0,0,0,0,0,4,0,27,0,0,0,0,0,,0,0,0,0,0,0,0,0,0,0,0,,0
00-0021982,Justin Gage,WR,2008,2,REG,2008_02_TEN_CIN,TEN,CIN,0,0,0,0,0,0,0,0,0,0,0,0,5,0,59,1,4,0,0,0,,0,0,0,0,0,0,0,0,0,0,0,,0
00-0022003,B.J. Askew,FB,2008,2,REG,2008_02_ATL_TB,TB,ATL,0,0,0,0,0,0,0,0,0,0,0,0,3,0,1,0,0,0,0,0,,0,0,0,0,0,0,0,0,0,0,0,,0
00-0022011,Justin Griffith,RB,2008,2,REG,2008_02_OAK_KC,LV,KC,0,0,0,0,0,0,0,0,0,0,0,0,2,0,11,0,0,0,0,0,,0,0,0,0,0,0,0,0,0,0,0,,0
00-0022017,Mike Scifres,P,2008,2,REG,2008_02_SD_DEN,LAC,DEN,0,0,0,0,0,0,0,0,0,0,0,0,0,0,0,0,0,0,0,0,,0,0,0,0,0,0,0,0,1,52,46,52,0
00-0022054,Visanthe Shiancoe,TE,2008,2,REG,2008_02_IND_MIN,MIN,IND,0,0,0,0,0,0,0,0,0,0,0,0,1,0,23,0,1,0,0,0,,0,0,0,0,0,0,0,0,0,0,0,,0
00-0022064,Arnaz Battle,WR,2008,2,REG,2008_02_SF_SEA,SF,SEA,0,0,0,0,0,0,0,0,0,0,0,0,4,0,44,0,4,0,0,0,,0,0,0,0,0,0,0,0,0,0,0,,0
00-0022084,Anquan Boldin,WR,2008,2,REG,2008_02_MIA_ARI,ARI,MIA,0,0,0,0,0,0,0,0,0,0,0,0,6,0,140,3,5,0,0,0,,0,0,0,0,0,0,0,0,0,0,0,,0
00-0022093,Justin Fargas,RB,2008,2,REG,2008_02_OAK_KC,LV,KC,0,0,0,0,0,0,0,9,43,0,4,0,0,0,0,0,0,0,0,0,,0,0,0,0,0,0,0,0,0,0,0,,0
00-0022097,Brandon Lloyd,WR,2008,2,REG,2008_02_CHI_CAR,CHI,CAR,0,0,0,0,0,0,0,0,0,0,0,0,5,0,66,0,3,0,0,0,,0,0,0,0,0,0,0,0,0,0,0,,0
00-0022126,L.J. Smith,TE,2008,2,REG,2008_02_PHI_DAL,PHI,DAL,0,0,0,0,0,0,0,0,0,0,0,0,1,0,10,0,0,0,0,0,,0,0,0,0,0,0,0,0,0,0,0,,0
00-0022127,Jason Witten,TE,2008,2,REG,2008_02_PHI_DAL,DAL,PHI,0,0,0,0,0,0,0,0,0,0,0,0,7,0,110,0,3,0,0,0,,0,0,0,0,0,0,0,0,0,0,0,,0
00-0022135,Billy McMullen,WR,2008,2,REG,2008_02_SF_SEA,SEA,SF,0,0,0,0,0,0,0,0,0,0,0,0,3,0,48,0,1,1,0,0,,0,0,0,0,0,0,0,0,0,0,0,,0
00-0022143,Ovie Mughelli,FB,2008,2,REG,2008_02_ATL_TB,ATL,TB,0,0,0,0,0,0,0,0,0,0,0,0,1,0,6,0,0,0,0,0,,0,0,0,0,0,0,0,0,0,0,0,,0
00-0022144,Bobby Wade,WR,2008,2,REG,2008_02_IND_MIN,MIN,IND,0,0,0,0,0,0,0,0,0,0,0,0,3,0,42,0,3,0,0,0,,0,0,0,0,0,0,0,0,0,0,0,,0
00-0022156,Bryant Johnson,WR,2008,2,REG,2008_02_SF_SEA,SF,SEA,0,0,0,0,0,0,0,0,0,0,0,0,6,0,78,1,4,0,0,0,,0,0,0,0,0,0,0,0,0,0,0,,0
00-0022250,Willie Parker,RB,2008,2,REG,2008_02_PIT_CLE,PIT,CLE,0,0,0,0,0,0,0,28,105,0,4,0,0,0,0,0,0,0,0,0,,0,0,0,0,0,0,0,0,0,0,0,,0
00-0022288,Jason Wright,RB,2008,2,REG,2008_02_PIT_CLE,CLE,PIT,0,0,0,0,0,0,0,0,0,0,0,0,1,0,9,0,0,0,0,0,,0,0,0,0,0,0,0,0,0,0,0,,0
00-0022427,Wes Welker,WR,2008,2,REG,2008_02_NE_NYJ,NE,NYJ,0,0,0,0,0,0,0,0,0,0,0,0,7,0,72,0,3,0,0,0,,0,0,0,0,0,0,0,0,0,0,0,,0
00-0022434,Carey Davis,RB,2008,2,REG,2008_02_PIT_CLE,PIT,CLE,0,0,0,0,0,0,0,1,2,0,0,0,0,0,0,0,0,0,0,0,,0,0,0,0,0,0,0,0,0,0,0,,0
00-0022589,Kyle Larson,P,2008,2,REG,2008_02_TEN_CIN,CIN,TEN,0,0,0,0,0,0,0,0,0,0,0,0,0,0,0,0,0,0,0,0,,0,0,0,0,0,0,0,0,6,216,210,49,2
00-0022684,Donnie Jones,P,2008,2,REG,2008_02_NYG_STL,LA,NYG,0,0,0,0,0,0,0,0,0,0,0,0,0,0,0,0,0,0,0,0,,0,0,0,0,0,0,0,0,6,334,258,63,2
00-0022701,D.J. Hackett,WR,2008,2,REG,2008_02_CHI_CAR,CAR,CHI,0,0,0,0,0,0,0,0,0,0,0,0,1,0,22,0,1,0,0,0,,0,0,0,0,0,0,0,0,0,0,0,,0
00-0022725,Michael Clayton,WR,2008,2,REG,2008_02_ATL_TB,TB,ATL,0,0,0,0,0,0,0,0,0,0,0,0,1,0,6,0,0,0,0,0,,0,0,0,0,0,0,0,0,0,0,0,,0
00-0022736,Steven Jackson,RB,2008,2,REG,2008_02_NYG_STL,LA,NYG,0,0,0,0,0,0,0,13,53,0,4,0,7,0,37,0,1,0,0,0,,0,0,0,0,0,0,0,0,0,0,0,,0
00-0022737,Nate Kaeding,K,2008,2,REG,2008_02_SD_DEN,LAC,DEN,0,0,0,0,0,0,0,0,0,0,0,0,0,0,0,0,0,0,3,3,34,0,2,1,0,0,0,3,3,0,0,0,,0
00-0022738,Chris Cooley,TE,2008,2,REG,2008_02_NO_WAS,WAS,NO,0,0,0,0,0,0,0,0,0,0,0,0,5,0,72,0,3,0,0,0,,0,0,0,0,0,0,0,0,0,0,0,,0
00-0022739,Devard Darling,WR,2008,2,REG,2008_02_OAK_KC,KC,LV,0,0,0,0,0,0,0,0,0,0,0,0,1,0,10,0,1,0,0,0,,0,0,0,0,0,0,0,0,0,0,0,,0
00-0022766,Patrick Crayton,WR,2008,2,REG,2008_02_PHI_DAL,DAL,PHI,0,0,0,0,0,0,0,0,0,0,0,0,2,0,23,0,1,0,0,0,,0,0,0,0,0,0,0,0,0,0,0,,0
00-0022770,Derrick Ward,RB,2008,2,REG,2008_02_NYG_STL,NYG,LA,0,0,0,0,0,0,0,8,58,0,3,0,1,0,8,0,0,0,0,0,,0,0,0,0,0,0,0,0,0,0,0,,0
00-0022782,Kevin Jones,RB,2008,2,REG,2008_02_CHI_CAR,CHI,CAR,0,0,0,0,0,0,0,1,0,0,0,0,0,0,0,0,0,0,0,0,,0,0,0,0,0,0,0,0,0,0,0,,0
00-0022796,Mike Karney,FB,2008,2,REG,2008_02_NO_WAS,NO,WAS,0,0,0,0,0,0,0,0,0,0,0,0,1,0,3,0,0,0,0,0,,0,0,0,0,0,0,0,0,0,0,0,,0
00-0022803,Eli Manning,QB,2008,2,REG,2008_02_NYG_STL,NYG,LA,20,29,260,3,0,2,-19,0,0,0,0,0,0,0,0,0,0,0,0,0,,0,0,0,0,0,0,0,0,0,0,0,,0
00-0022811,Jerricho Cotchery,WR,2008,2,REG,2008_02_NE_NYJ,NYJ,NE,0,0,0,0,0,0,0,0,0,0,0,0,1,0,20,0,1,0,0,0,,0,0,0,0,0,0,0,0,0,0,0,,0
00-0022821,Michael Turner,RB,2008,2,REG,2008_02_ATL_TB,ATL,TB,0,0,0,0,0,0,0,14,42,0,1,0,1,0,6,0,0,0,0,0,,0,0,0,0,0,0,0,0,0,0,0,,0
00-0022824,Andy Lee,P,2008,2,REG,2008_02_SF_SEA,SF,SEA,0,0,0,0,0,0,0,0,0,0,0,0,0,0,0,0,0,0,0,0,,0,0,0,0,0,0,0,0,4,185,119,59,0
00-0022840,Julius Jones,RB,2008,2,REG,2008_02_SF_SEA,SEA,SF,0,0,0,0,0,0,0,26,127,1,5,0,3,0,14,0,1,0,0,0,,0,0,0,0,0,0,0,0,0,0,0,,0
00-0022874,Josh Scobee,K,2008,2,REG,2008_02_BUF_JAX,JAX,BUF,0,0,0,0,0,0,0,0,0,0,0,0,0,0,0,0,0,0,3,3,50,0,1,1,0,1,0,1,1,0,0,0,,0
00-0022889,Reggie Williams,WR,2008,2,REG,2008_02_BUF_JAX,JAX,BUF,0,0,0,0,0,0,0,0,0,0,0,0,4,0,36,0,2,0,0,0,,0,0,0,0,0,0,0,0,0,0,0,,0
00-0022909,Roy Williams,WR,2008,2,REG,2008_02_GB_DET,DET,GB,0,0,0,0,0,0,0,0,0,0,0,0,3,0,48,0,3,0,0,0,,0,0,0,0,0,0,0,0,0,0,0,,0
00-0022910,Lee Evans,WR,2008,2,REG,2008_02_BUF_JAX,BUF,JAX,0,0,0,0,0,0,0,0,0,0,0,0,4,0,77,0,4,0,0,0,,0,0,0,0,0,0,0,0,0,0,0,,0
00-0022921,Larry Fitzgerald,WR,2008,2,REG,2008_02_MIA_ARI,ARI,MIA,0,0,0,0,0,0,0,0,0,0,0,0,6,0,153,0,4,0,0,0,,0,0,0,0,0,0,0,0,0,0,0,,0
00-0022922,Kellen Winslow,TE,2008,2,REG,2008_02_PIT_CLE,CLE,PIT,0,0,0,0,0,0,0,0,0,0,0,0,7,0,55,0,3,0,0,0,,0,0,0,0,0,0,0,0,0,0,0,,0
00-0022924,Ben Roethlisberger,QB,2008,2,REG,2008_02_PIT_CLE,PIT,CLE,12,19,186,1,0,3,-22,1,0,0,0,0,0,0,0,0,0,0,0,0,,0,0,0,0,0,0,0,0,0,0,0,,0
00-0022926,Chris Perry,RB,2008,2,REG,2008_02_TEN_CIN,CIN,TEN,0,0,0,0,0,0,0,21,64,1,2,0,2,0,-8,0,0,0,0,0,,0,0,0,0,0,0,0,0,0,0,0,,0
00-0022929,Devery Henderson,WR,2008,2,REG,2008_02_NO_WAS,NO,WAS,0,0,0,0,0,0,0,0,0,0,0,0,2,0,6,0,0,0,0,0,,0,0,0,0,0,0,0,0,0,0,0,,0
00-0022942,Philip Rivers,QB,2008,2,REG,2008_02_SD_DEN,LAC,DEN,21,33,377,3,1,1,-1,0,0,0,0,0,0,0,0,0,0,0,0,0,,0,0,0,0,0,0,0,0,0,0,0,,0
00-0022954,Ben Graham,P,2008,2,REG,2008_02_NE_NYJ,NYJ,NE,0,0,0,0,0,0,0,0,0,0,0,0,0,0,0,0,0,0,0,0,,0,0,0,0,0,0,0,0,4,162,109,55,0
00-0022984,Ryan Grant,RB,2008,2,REG,2008_02_GB_DET,GB,DET,0,0,0,0,0,0,0,15,20,0,0,0,0,0,0,0,0,0,0,0,,0,0,0,0,0,0,0,0,0,0,0,,0
00-0023001,Shaun Suisham,K,2008,2,REG,2008_02_NO_WAS,WAS,NO,0,0,0,0,0,0,0,0,0,0,0,0,0,0,0,0,0,0,3,5,36,0,1,2,0,0,0,2,2,0,0,0,,0
00-0023060,Chris Kluwe,P,2008,2,REG,2008_02_IND_MIN,MIN,IND,0,0,0,0,0,0,0,0,0,0,0,0,0,0,0,0,0,0,0,0,,0,0,0,0,0,0,0,0,6,260,210,56,2
00-0023063,Leonard Weaver,FB,2008,2,REG,2008_02_SF_SEA,SEA,SF,0,0,0,0,0,0,0,5,27,0,2,0,0,0,0,0,0,0,0,0,,0,0,0,0,0,0,0,0,0,0,0,,0
00-0023176,Josh Cribbs,WR,2008,2,REG,2008_02_PIT_CLE,CLE,PIT,0,0,0,0,0,0,0,1,5,0,1,0,0,0,0,0,0,0,0,0,,0,0,0,0,0,0,0,0,0,0,0,,0
00-0023179,Tony Curtis,TE,2008,2,REG,2008_02_PHI_DAL,DAL,PHI,0,0,0,0,0,0,0,0,0,0,0,0,2,0,7,0,0,0,0,0,,0,0,0,0,0,0,0,0,0,0,0,,0
00-0023234,Michael Koenen,P,2008,2,REG,2008_02_ATL_TB,ATL,TB,0,0,0,0,0,0,0,0,0,0,0,0,0,0,0,0,0,0,0,0,,0,0,0,0,0,0,0,0,5,181,181,55,2
00-0023252,Robbie Gould,K,2008,2,REG,2008_02_CHI_CAR,CHI,CAR,0,0,0,0,0,0,0,0,0,0,0,0,0,0,0,0,0,0,1,1,26,0,1,0,0,0,0,2,2,0,0,0,,0
00-0023310,Lance Moore,WR,2008,2,REG,2008_02_NO_WAS,NO,WAS,0,0,0,0,0,0,0,0,0,0,0,0,1,0,7,0,0,0,0,0,,0,0,0,0,0,0,0,0,0,0,0,,0
00-0023408,Greg Camarillo,WR,2008,2,REG,2008_02_MIA_ARI,MIA,ARI,0,0,0,0,0,0,0,0,0,0,0,0,4,0,49,0,3,0,0,0,,0,0,0,0,0,0,0,0,0,0,0,,0
00-0023429,Rashied Davis,WR,2008,2,REG,2008_02_CHI_CAR,CHI,CAR,0,0,0,0,0,0,0,1,17,0,1,0,3,0,11,0,0,0,0,0,,0,0,0,0,0,0,0,0,0,0,0,,0
00-0023437,Ronnie Brown,RB,2008,2,REG,2008_02_MIA_ARI,MIA,ARI,0,0,0,0,0,0,0,11,25,1,3,0,2,0,19,0,0,0,0,0,,0,0,0,0,0,0,0,0,0,0,0,,0
00-0023438,Braylon Edwards,WR,2008,2,REG,2008_02_PIT_CLE,CLE,PIT,0,0,0,0,0,0,0,0,0,0,0,0,3,0,32,0,3,0,0,0,,0,0,0,0,0,0,0,0,0,0,0,,0
00-0023456,Matt Jones,WR,2008,2,REG,2008_02_BUF_JAX,JAX,BUF,0,0,0,0,0,0,0,0,0,0,0,0,5,0,50,0,2,0,0,0,,0,0,0,0,0,0,0,0,0,0,0,,0
00-0023459,Aaron Rodgers,QB,2008,2,REG,2008_02_GB_DET,GB,DET,24,38,328,3,0,1,-4,4,25,0,1,0,0,0,0,0,0,0,0,0,,0,0,0,0,0,0,0,0,0,0,0,,0
00-0023460,Jason Campbell,QB,2008,2,REG,2008_02_NO_WAS,WAS,NO,24,36,321,1,0,2,-15,3,1,0,0,0,0,0,0,0,0,0,0,0,,0,0,0,0,0,0,0,0,0,0,0,,0
00-0023462,Roddy White,WR,2008,2,REG,2008_02_ATL_TB,ATL,TB,0,0,0,0,0,0,0,1,2,0,0,0,4,0,59,0,3,0,0,0,,0,0,0,0,0,0,0,0,0,0,0,,0
00-0023465,Heath Miller,TE,2008,2,REG,2008_02_PIT_CLE,PIT,CLE,0,0,0,0,0,0,0,0,0,0,0,0,2,0,33,0,1,0,0,0,,0,0,0,0,0,0,0,0,0,0,0,,0
00-0023490,Roscoe Parrish,WR,2008,2,REG,2008_02_BUF_JAX,BUF,JAX,0,0,0,0,0,0,0,0,0,0,0,0,1,0,12,0,1,0,0,0,,0,0,0,0,0,0,0,0,0,0,0,,0
00-0023496,Vincent Jackson,WR,2008,2,REG,2008_02_SD_DEN,LAC,DEN,0,0,0,0,0,0,0,0,0,0,0,0,6,0,73,0,4,0,0,0,,0,0,0,0,0,0,0,0,0,0,0,,0
00-0023500,Frank Gore,RB,2008,2,REG,2008_02_SF_SEA,SF,SEA,0,0,0,0,0,0,0,19,61,1,2,1,5,0,38,0,1,0,0,0,,0,0,0,0,0,0,0,0,0,0,0,,0
00-0023506,Alex Smith,TE,2008,2,REG,2008_02_ATL_TB,TB,ATL,0,0,0,0,0,0,0,0,0,0,0,0,2,0,20,0,2,0,0,0,,0,0,0,0,0,0,0,0,0,0,0,,0
00-0023531,Brandon Jones,WR,2008,2,REG,2008_02_TEN_CIN,TEN,CIN,0,0,0,0,0,0,0,0,0,0,0,0,2,0,26,0,1,0,0,0,,0,0,0,0,0,0,0,0,0,0,0,,0
00-0023534,Dustin Colquitt,P,2008,2,REG,2008_02_OAK_KC,KC,LV,0,0,0,0,0,0,0,0,0,0,0,0,0,0,0,0,0,0,0,0,,0,0,0,0,0,0,0,0,8,395,349,73,5
00-0023541,Kyle Orton,QB,2008,2,REG,2008_02_CHI_CAR,CHI,CAR,19,32,149,0,0,1,-8,1,-1,0,0,0,0,0,0,0,0,0,0,0,,0,0,0,0,0,0,0,0,0,0,0,,0
00-0023544,Marion Barber,RB,2008,2,REG,2008_02_PHI_DAL,DAL,PHI,0,0,0,0,0,0,0,18,63,1,5,0,4,0,51,1,3,0,0,0,,0,0,0,0,0,0,0,0,0,0,0,,0
00-0023545,Brandon Jacobs,RB,2008,2,REG,2008_02_NYG_STL,NYG,LA,0,0,0,0,0,0,0,15,93,0,5,0,1,0,2,0,0,0,0,0,,0,0,0,0,0,0,0,0,0,0,0,,0
00-0023564,Darren Sproles,RB,2008,2,REG,2008_02_SD_DEN,LAC,DEN,0,0,0,0,0,0,0,7,53,0,2,0,2,0,72,1,1,0,0,0,,0,0,0,0,0,0,0,0,0,0,0,,0
00-0023578,Dan Orlovsky,QB,2008,2,REG,2008_02_GB_DET,DET,GB,2,4,6,0,0,0,0,0,0,0,0,0,0,0,0,0,0,0,0,0,,0,0,0,0,0,0,0,0,0,0,0,,0
00-0023612,Bo Scaife,TE,2008,2,REG,2008_02_TEN_CIN,TEN,CIN,0,0,0,0,0,0,0,0,0,0,0,0,1,0,6,0,1,0,0,0,,0,0,0,0,0,0,0,0,0,0,0,,0
00-0023645,Derek Anderson,QB,2008,2,REG,2008_02_PIT_CLE,CLE,PIT,18,32,166,0,2,2,-11,3,6,0,1,0,0,0,0,0,0,0,0,0,,0,0,0,0,0,0,0,0,0,0,0,,0
00-0023662,Matt Cassel,QB,2008,2,REG,2008_02_NE_NYJ,NE,NYJ,16,23,165,0,0,3,-9,2,7,0,0,0,0,0,0,0,0,0,0,0,,0,0,0,0,0,0,0,0,0,0,0,,0
00-0023683,Madison Hedgecock,FB,2008,2,REG,2008_02_NYG_STL,NYG,LA,0,0,0,0,0,0,0,0,0,0,0,0,1,0,5,0,0,0,0,0,,0,0,0,0,0,0,0,0,0,0,0,,0
00-0023742,Jon Ryan,P,2008,2,REG,2008_02_SF_SEA,SEA,SF,0,0,0,0,0,0,0,0,0,0,0,0,0,0,0,0,0,0,0,0,,0,0,0,0,0,0,0,0,3,117,97,40,0
00-0023764,Andre Hall,RB,2008,2,REG,2008_02_SD_DEN,DEN,LAC,0,0,0,0,0,0,0,7,31,0,2,0,0,0,0,0,0,0,0,0,,0,0,0,0,0,0,0,0,0,0,0,,0
00-0023774,Naufahu Tahi,FB,2008,2,REG,2008_02_IND_MIN,MIN,IND,0,0,0,0,0,0,0,0,0,0,0,0,2,0,-2,0,0,0,0,0,,0,0,0,0,0,0,0,0,0,0,0,,0
00-0023806,DeDe Dorsey,RB,2008,2,REG,2008_02_TEN_CIN,CIN,TEN,0,0,0,0,0,0,0,3,10,0,0,0,2,0,49,0,2,0,0,0,,0,0,0,0,0,0,0,0,0,0,0,,0
00-0023853,Matt Prater,K,2008,2,REG,2008_02_SD_DEN,DEN,LAC,0,0,0,0,0,0,0,0,0,0,0,0,0,0,0,0,0,0,1,1,52,0,0,0,0,1,0,4,4,0,0,0,,0
00-0023921,Miles Austin,WR,2008,2,REG,2008_02_PHI_DAL,DAL,PHI,0,0,0,0,0,0,0,0,0,0,0,0,2,0,12,0,1,0,0,0,,0,0,0,0,0,0,0,0,0,0,0,,0
00-0024013,Hank Baskett,WR,2008,2,REG,2008_02_PHI_DAL,PHI,DAL,0,0,0,0,0,0,0,0,0,0,0,0,2,0,10,0,0,0,0,0,,0,0,0,0,0,0,0,0,0,0,0,,0
00-0024110,Steve Weatherford,P,2008,2,REG,2008_02_NO_WAS,NO,WAS,0,0,0,0,0,0,0,0,0,0,0,0,0,0,0,0,0,0,0,0,,0,0,0,0,0,0,0,0,5,223,200,56,2
00-0024172,Patrick Cobbs,RB,2008,2,REG,2008_02_MIA_ARI,MIA,ARI,0,0,0,0,0,0,0,0,0,0,0,0,1,0,5,0,1,0,0,0,,0,0,0,0,0,0,0,0,0,0,0,,0
00-0024204,Fred Jackson,RB,2008,2,REG,2008_02_BUF_JAX,BUF,JAX,0,0,0,0,0,0,0,6,17,0,3,0,7,0,83,0,3,0,0,0,,0,0,0,0,0,0,0,0,0,0,0,,0
00-0024217,Reggie Bush,RB,2008,2,REG,2008_02_NO_WAS,NO,WAS,0,0,0,0,0,0,0,10,28,0,1,0,7,0,63,0,3,0,0,0,,0,0,0,0,0,0,0,0,0,0,0,,0
00-0024225,Matt Leinart,QB,2008,2,REG,2008_02_MIA_ARI,ARI,MIA,1,2,15,0,0,0,0,2,-2,0,0,0,0,0,0,0,0,0,0,0,,0,0,0,0,0,0,0,0,0,0,0,,0
00-0024226,Jay Cutler,QB,2008,2,REG,2008_02_SD_DEN,DEN,LAC,36,50,350,4,1,1,-9,2,6,0,0,0,0,0,0,0,0,0,0,0,,0,0,0,0,0,0,0,0,0,0,0,,0
00-0024236,Laurence Maroney,RB,2008,2,REG,2008_02_NE_NYJ,NE,NYJ,0,0,0,0,0,0,0,8,16,0,1,0,0,0,0,0,0,0,0,0,,0,0,0,0,0,0,0,0,0,0,0,,0
00-0024240,Santonio Holmes,WR,2008,2,REG,2008_02_PIT_CLE,PIT,CLE,0,0,0,0,0,0,0,1,10,0,1,0,5,0,94,0,4,0,0,0,,0,0,0,0,0,0,0,0,0,0,0,,0
00-0024242,DeAngelo Williams,RB,2008,2,REG,2008_02_CHI_CAR,CAR,CHI,0,0,0,0,0,0,0,11,31,0,1,0,1,0,-6,0,0,0,0,0,,0,0,0,0,0,0,0,0,0,0,0,,0
00-0024243,Marcedes Lewis,TE,2008,2,REG,2008_02_BUF_JAX,JAX,BUF,0,0,0,0,0,0,0,0,0,0,0,0,1,0,13,0,1,0,0,0,,0,0,0,0,0,0,0,0,0,0,0,,0
00-0024245,Joseph Addai,RB,2008,2,REG,2008_02_IND_MIN,IND,MIN,0,0,0,0,0,0,0,15,20,1,2,0,2,0,13,0,1,0,0,0,,0,0,0,0,0,0,0,0,0,0,0,,0
00-0024260,LenDale White,RB,2008,2,REG,2008_02_TEN_CIN,TEN,CIN,0,0,0,0,0,0,0,18,59,1,3,0,0,0,0,0,0,0,0,0,,0,0,0,0,0,0,0,0,0,0,0,,0
00-0024267,Greg Jennings,WR,2008,2,REG,2008_02_GB_DET,GB,DET,0,0,0,0,0,0,0,0,0,0,0,0,6,0,167,0,4,0,0,0,,0,0,0,0,0,0,0,0,0,0,0,,0
00-0024272,Devin Hester,WR,2008,2,REG,2008_02_CHI_CAR,CHI,CAR,0,0,0,0,0,0,0,0,0,0,0,0,1,0,6,0,1,0,0,0,,0,0,0,0,0,0,0,0,0,0,0,,0
00-0024275,Maurice Jones-Drew,RB,2008,2,REG,2008_02_BUF_JAX,JAX,BUF,0,0,0,0,0,0,0,7,17,1,2,0,3,0,25,0,1,0,0,0,,0,0,0,0,0,0,0,0,0,0,0,,0
00-0024276,Tony Scheffler,TE,2008,2,REG,2008_02_SD_DEN,DEN,LAC,0,0,0,0,0,0,0,0,0,0,0,0,6,0,64,2,4,0,0,0,,0,0,0,0,0,0,0,0,0,0,0,,0
00-0024279,Tarvaris Jackson,QB,2008,2,REG,2008_02_IND_MIN,MIN,IND,14,24,130,0,0,3,-11,1,1,0,0,0,0,0,0,0,0,0,0,0,,0,0,0,0,0,0,0,0,0,0,0,,0
00-0024287,Leonard Pope,TE,2008,2,REG,2008_02_MIA_ARI,ARI,MIA,0,0,0,0,0,0,0,0,0,0,0,0,1,0,15,0,1,0,0,0,,0,0,0,0,0,0,0,0,0,0,0,,0
00-0024294,Jerious Norwood,RB,2008,2,REG,2008_02_ATL_TB,ATL,TB,0,0,0,0,0,0,0,6,18,0,0,0,1,0,8,0,0,0,0,0,,0,0,0,0,0,0,0,0,0,0,0,,0
00-0024297,Derek Hagan,WR,2008,2,REG,2008_02_MIA_ARI,MIA,ARI,0,0,0,0,0,0,0,0,0,0,0,0,3,0,51,0,3,0,0,0,,0,0,0,0,0,0,0,0,0,0,0,,0
00-0024301,David Thomas,TE,2008,2,REG,2008_02_NE_NYJ,NE,NYJ,0,0,0,0,0,0,0,0,0,0,0,0,1,0,14,0,1,0,0,0,,0,0,0,0,0,0,0,0,0,0,0,,0
00-0024324,Jason Avant,WR,2008,2,REG,2008_02_PHI_DAL,PHI,DAL,0,0,0,0,0,0,0,0,0,0,0,0,2,0,28,0,2,0,0,0,,0,0,0,0,0,0,0,0,0,0,0,,0
00-0024332,Leon Washington,RB,2008,2,REG,2008_02_NE_NYJ,NYJ,NE,0,0,0,0,0,0,0,2,28,0,1,0,4,0,22,0,1,0,0,0,,0,0,0,0,0,0,0,0,0,0,0,,0
00-0024333,Stephen Gostkowski,K,2008,2,REG,2008_02_NE_NYJ,NE,NYJ,0,0,0,0,0,0,0,0,0,0,0,0,0,0,0,0,0,0,4,4,37,0,3,1,0,0,0,1,1,0,0,0,,0
00-0024334,Brandon Marshall,WR,2008,2,REG,2008_02_SD_DEN,DEN,LAC,0,0,0,0,0,0,0,0,0,0,0,0,18,0,166,1,10,0,0,0,,0,0,0,0,0,0,0,0,0,0,0,,0
00-0024345,Domenik Hixon,WR,2008,2,REG,2008_02_NYG_STL,NYG,LA,0,0,0,0,0,0,0,0,0,0,0,0,3,0,60,0,2,0,0,0,,0,0,0,0,0,0,0,0,0,0,0,,0
00-0024358,Marques Hagans,WR,2008,2,REG,2008_02_OAK_KC,KC,LV,1,1,5,0,0,1,-1,1,2,0,0,0,0,0,0,0,0,0,0,0,,0,0,0,0,0,0,0,0,0,0,0,,0
00-0024359,Jerome Harrison,RB,2008,2,REG,2008_02_PIT_CLE,CLE,PIT,0,0,0,0,0,0,0,1,2,0,0,0,1,0,23,0,1,0,0,0,,0,0,0,0,0,0,0,0,0,0,0,,0
00-0024369,Jeff King,TE,2008,2,REG,2008_02_CHI_CAR,CAR,CHI,0,0,0,0,0,0,0,0,0,0,0,0,2,0,29,0,1,0,0,0,,0,0,0,0,0,0,0,0,0,0,0,,0
00-0024394,Lawrence Vickers,FB,2008,2,REG,2008_02_PIT_CLE,CLE,PIT,0,0,0,0,0,0,0,1,2,0,1,0,1,0,3,0,0,0,0,0,,0,0,0,0,0,0,0,0,0,0,0,,0
00-0024489,Ahmard Hall,FB,2008,2,REG,2008_02_TEN_CIN,TEN,CIN,0,0,0,0,0,0,0,3,9,0,1,0,0,0,0,0,0,0,0,0,,0,0,0,0,0,0,0,0,0,0,0,,0
00-0024515,Sav Rocca,P,2008,2,REG,2008_02_PHI_DAL,PHI,DAL,0,0,0,0,0,0,0,0,0,0,0,0,0,0,0,0,0,0,0,0,,0,0,0,0,0,0,0,0,3,155,144,61,0
00-0024529,Gijon Robinson,TE,2008,2,REG,2008_02_IND_MIN,IND,MIN,0,0,0,0,0,0,0,0,0,0,0,0,2,0,15,0,1,0,0,0,,0,0,0,0,0,0,0,0,0,0,0,,0
00-0024549,Selvin Young,RB,2008,2,REG,2008_02_SD_DEN,DEN,LAC,0,0,0,0,0,0,0,8,78,0,3,0,1,0,8,0,0,0,0,0,,0,0,0,0,0,0,0,0,0,0,0,,0
00-0024595,Logan Payne,WR,2008,2,REG,2008_02_SF_SEA,SEA,SF,0,0,0,0,0,0,0,0,0,0,0,0,1,0,14,0,1,0,0,0,,0,0,0,0,0,0,0,0,0,0,0,,0
00-0024813,Pierre Thomas,RB,2008,2,REG,2008_02_NO_WAS,NO,WAS,0,0,0,0,0,0,0,6,8,1,1,0,2,0,29,0,2,0,0,0,,0,0,0,0,0,0,0,0,0,0,0,,0
00-0025388,JaMarcus Russell,QB,2008,2,REG,2008_02_OAK_KC,LV,KC,6,17,55,0,0,0,0,1,3,0,0,0,0,0,0,0,0,0,0,0,,0,0,0,0,0,0,0,0,0,0,0,,0
00-0025389,Calvin Johnson,WR,2008,2,REG,2008_02_GB_DET,DET,GB,0,0,0,0,0,0,0,0,0,0,0,0,6,0,129,2,4,0,0,0,,0,0,0,0,0,0,0,0,0,0,0,,0
00-0025394,Adrian Peterson,RB,2008,2,REG,2008_02_IND_MIN,MIN,IND,0,0,0,0,0,0,0,29,160,0,6,0,4,0,20,0,1,0,0,0,,0,0,0,0,0,0,0,0,0,0,0,,0
00-0025396,Ted Ginn,WR,2008,2,REG,2008_02_MIA_ARI,MIA,ARI,0,0,0,0,0,0,0,0,0,0,0,0,1,0,9,0,0,0,0,0,,0,0,0,0,0,0,0,0,0,0,0,,0
00-0025399,Marshawn Lynch,RB,2008,2,REG,2008_02_BUF_JAX,BUF,JAX,0,0,0,0,0,0,0,19,59,1,3,0,1,0,8,0,0,0,0,0,,0,0,0,0,0,0,0,0,0,0,0,,0
00-0025410,Dwayne Bowe,WR,2008,2,REG,2008_02_OAK_KC,KC,LV,0,0,0,0,0,0,0,0,0,0,0,0,6,0,90,0,4,0,0,0,,0,0,0,0,0,0,0,0,0,0,0,,0
00-0025414,Robert Meachem,WR,2008,2,REG,2008_02_NO_WAS,NO,WAS,0,0,0,0,0,0,0,0,0,0,0,0,1,0,19,1,1,0,0,0,,0,0,0,0,0,0,0,0,0,0,0,,0
00-0025418,Greg Olsen,TE,2008,2,REG,2008_02_CHI_CAR,CHI,CAR,0,0,0,0,0,0,0,0,0,0,0,0,2,0,7,0,0,2,0,0,,0,0,0,0,0,0,0,0,0,0,0,,0
00-0025419,Anthony Gonzalez,WR,2008,2,REG,2008_02_IND_MIN,IND,MIN,0,0,0,0,0,0,0,0,0,0,0,0,9,0,137,0,7,0,0,0,,0,0,0,0,0,0,0,0,0,0,0,,0
00-0025425,Zach Miller,TE,2008,2,REG,2008_02_OAK_KC,LV,KC,0,0,0,0,0,0,0,0,0,0,0,0,2,0,24,0,1,0,0,0,,0,0,0,0,0,0,0,0,0,0,0,,0
00-0025438,Steve Smith,WR,2008,2,REG,2008_02_NYG_STL,NYG,LA,0,0,0,0,0,0,0,0,0,0,0,0,2,0,19,0,2,0,0,0,,0,0,0,0,0,0,0,0,0,0,0,,0
00-0025450,Brandon Jackson,RB,2008,2,REG,2008_02_GB_DET,GB,DET,0,0,0,0,0,0,0,7,61,1,4,0,1,0,2,0,0,0,0,0,,0,0,0,0,0,0,0,0,0,0,0,,0
00-0025458,Lorenzo Booker,RB,2008,2,REG,2008_02_PHI_DAL,PHI,DAL,0,0,0,0,0,0,0,0,0,0,0,0,2,0,8,0,0,0,0,0,,0,0,0,0,0,0,0,0,0,0,0,,0
00-0025462,Laurent Robinson,WR,2008,2,REG,2008_02_ATL_TB,ATL,TB,0,0,0,0,0,0,0,0,0,0,0,0,4,0,45,0,3,0,0,0,,0,0,0,0,0,0,0,0,0,0,0,,0
00-0025465,James Jones,WR,2008,2,REG,2008_02_GB_DET,GB,DET,0,0,0,0,0,0,0,0,0,0,0,0,4,0,29,1,3,0,0,0,,0,0,0,0,0,0,0,0,0,0,0,,0
00-0025479,Trent Edwards,QB,2008,2,REG,2008_02_BUF_JAX,BUF,JAX,20,25,239,1,0,3,-29,1,-1,0,0,0,0,0,0,0,0,0,0,0,,0,0,0,0,0,0,0,0,0,0,0,,0
00-0025487,Michael Bush,RB,2008,2,REG,2008_02_OAK_KC,LV,KC,0,0,0,0,0,0,0,16,90,1,4,1,0,0,0,0,0,0,0,0,,0,0,0,0,0,0,0,0,0,0,0,,0
00-0025488,Adam Podlesh,P,2008,2,REG,2008_02_BUF_JAX,JAX,BUF,0,0,0,0,0,0,0,0,0,0,0,0,0,0,0,0,0,0,0,0,,0,0,0,0,0,0,0,0,4,202,144,52,0
00-0025494,Antonio Pittman,RB,2008,2,REG,2008_02_NYG_STL,LA,NYG,0,0,0,0,0,0,0,1,6,0,1,0,1,0,-2,0,0,0,0,0,,0,0,0,0,0,0,0,0,0,0,0,,0
00-0025529,Steve Breaston,WR,2008,2,REG,2008_02_MIA_ARI,ARI,MIA,0,0,0,0,0,0,0,1,4,0,0,0,1,0,18,0,1,0,0,0,,0,0,0,0,0,0,0,0,0,0,0,,0
00-0025533,Aundrae Allison,WR,2008,2,REG,2008_02_IND_MIN,MIN,IND,0,0,0,0,0,0,0,1,1,0,0,0,2,0,37,0,2,0,0,0,,0,0,0,0,0,0,0,0,0,0,0,,0
00-0025535,Kolby Smith,RB,2008,2,REG,2008_02_OAK_KC,KC,LV,0,0,0,0,0,0,0,1,3,0,0,0,4,0,19,0,0,0,0,0,,0,0,0,0,0,0,0,0,0,0,0,,0
00-0025542,Dante Rosario,TE,2008,2,REG,2008_02_CHI_CAR,CAR,CHI,0,0,0,0,0,0,0,0,0,0,0,0,1,0,6,0,0,0,0,0,,0,0,0,0,0,0,0,0,0,0,0,,0
00-0025549,Brent Celek,TE,2008,2,REG,2008_02_PHI_DAL,PHI,DAL,0,0,0,0,0,0,0,0,0,0,0,0,1,0,19,0,1,0,0,0,,0,0,0,0,0,0,0,0,0,0,0,,0
00-0025559,Legedu Naanee,WR,2008,2,REG,2008_02_SD_DEN,LAC,DEN,0,0,0,0,0,0,0,0,0,0,0,0,1,0,6,0,0,0,0,0,,0,0,0,0,0,0,0,0,0,0,0,,0
00-0025565,Nick Folk,K,2008,2,REG,2008_02_PHI_DAL,DAL,PHI,0,0,0,0,0,0,0,0,0,0,0,0,0,0,0,0,0,0,2,2,51,0,0,0,1,1,0,5,5,0,0,0,,0
00-0025580,Mason Crosby,K,2008,2,REG,2008_02_GB_DET,GB,DET,0,0,0,0,0,0,0,0,0,0,0,0,0,0,0,0,0,0,2,2,39,0,1,1,0,0,0,6,6,0,0,0,,0
00-0025584,Courtney Taylor,WR,2008,2,REG,2008_02_SF_SEA,SEA,SF,0,0,0,0,0,0,0,0,0,0,0,0,2,0,20,0,1,0,0,0,,0,0,0,0,0,0,0,0,0,0,0,,0
00-0025602,Ben Patrick,TE,2008,2,REG,2008_02_MIA_ARI,ARI,MIA,0,0,0,0,0,0,0,0,0,0,0,0,4,0,30,0,1,0,0,0,,0,0,0,0,0,0,0,0,0,0,0,,0
00-0025604,Tyler Thigpen,QB,2008,2,REG,2008_02_OAK_KC,KC,LV,14,33,151,1,1,3,-29,1,6,0,0,0,0,0,0,0,0,0,0,0,,0,0,0,0,0,0,0,0,0,0,0,,0
00-0025609,Derek Schouman,TE,2008,2,REG,2008_02_BUF_JAX,BUF,JAX,0,0,0,0,0,0,0,0,0,0,0,0,1,0,11,0,1,0,0,0,,0,0,0,0,0,0,0,0,0,0,0,,0
00-0025612,Brandon Fields,P,2008,2,REG,2008_02_MIA_ARI,MIA,ARI,0,0,0,0,0,0,0,0,0,0,0,0,0,0,0,0,0,0,0,0,,0,0,0,0,0,0,0,0,5,194,176,55,3
00-0025621,Syndric Steptoe,WR,2008,2,REG,2008_02_PIT_CLE,CLE,PIT,0,0,0,0,0,0,0,0,0,0,0,0,2,0,16,0,1,0,0,0,,0,0,0,0,0,0,0,0,0,0,0,,0
00-0025622,Chansi Stuckey,WR,2008,2,REG,2008_02_NE_NYJ,NYJ,NE,0,0,0,0,0,0,0,0,0,0,0,0,4,0,43,1,3,0,0,0,,0,0,0,0,0,0,0,0,0,0,0,,0
00-0025637,Ahmad Bradshaw,RB,2008,2,REG,2008_02_NYG_STL,NYG,LA,0,0,0,0,0,0,0,5,52,1,2,0,1,0,18,1,1,0,0,0,,0,0,0,0,0,0,0,0,0,0,0,,0
00-0025825,Brett Kern,P,2008,2,REG,2008_02_SD_DEN,DEN,LAC,0,0,0,0,0,0,0,0,0,0,0,0,0,0,0,0,0,0,0,0,,0,0,0,0,0,0,0,0,3,161,126,64,1
00-0025892,Michael Bumpus,WR,2008,2,REG,2008_02_SF_SEA,SEA,SF,0,0,0,0,0,0,0,0,0,0,0,0,2,0,9,0,1,0,0,0,,0,0,0,0,0,0,0,0,0,0,0,,0
00-0026000,Davone Bess,WR,2008,2,REG,2008_02_MIA_ARI,MIA,ARI,0,0,0,0,0,0,0,1,13,0,1,0,2,0,13,0,0,0,0,0,,0,0,0,0,0,0,0,0,0,0,0,,0
00-0026003,Dan Carpenter,K,2008,2,REG,2008_02_MIA_ARI,MIA,ARI,0,0,0,0,0,0,0,0,0,0,0,0,0,0,0,0,0,0,1,1,32,0,0,1,0,0,0,1,1,0,0,0,,0
00-0026029,Kregg Lumpkin,RB,2008,2,REG,2008_02_GB_DET,GB,DET,0,0,0,0,0,0,0,1,19,0,1,0,3,0,22,0,1,0,0,0,,0,0,0,0,0,0,0,0,0,0,0,,0
00-0026069,Mike Tolbert,FB,2008,2,REG,2008_02_SD_DEN,LAC,DEN,0,0,0,0,0,0,0,1,1,0,0,0,2,0,68,0,1,0,0,0,,0,0,0,0,0,0,0,0,0,0,0,,0
00-0026143,Matt Ryan,QB,2008,2,REG,2008_02_ATL_TB,ATL,TB,13,33,158,0,2,4,-29,6,10,0,0,0,0,0,0,0,0,0,0,0,,0,0,0,0,0,0,0,0,0,0,0,,0
00-0026144,Darren McFadden,RB,2008,2,REG,2008_02_OAK_KC,LV,KC,0,0,0,0,0,0,0,21,164,1,6,1,1,0,9,0,0,0,0,0,,0,0,0,0,0,0,0,0,0,0,0,,0
00-0026153,Jonathan Stewart,RB,2008,2,REG,2008_02_CHI_CAR,CAR,CHI,0,0,0,0,0,0,0,14,77,2,6,0,0,0,0,0,0,0,0,0,,0,0,0,0,0,0,0,0,0,0,0,,0
00-0026162,Felix Jones,RB,2008,2,REG,2008_02_PHI_DAL,DAL,PHI,0,0,0,0,0,0,0,3,10,0,1,0,0,0,0,0,0,0,0,0,,0,0,0,0,0,0,0,0,0,0,0,,0
00-0026164,Chris Johnson,RB,2008,2,REG,2008_02_TEN_CIN,TEN,CIN,0,0,0,0,0,0,0,19,109,0,5,0,2,0,12,0,0,0,0,0,,0,0,0,0,0,0,0,0,0,0,0,,0
00-0026170,Dustin Keller,TE,2008,2,REG,2008_02_NE_NYJ,NYJ,NE,0,0,0,0,0,0,0,0,0,0,0,0,1,0,19,0,1,0,0,0,,0,0,0,0,0,0,0,0,0,0,0,,0
00-0026176,Jordy Nelson,WR,2008,2,REG,2008_02_GB_DET,GB,DET,0,0,0,0,0,0,0,0,0,0,0,0,1,0,29,1,1,0,0,0,,0,0,0,0,0,0,0,0,0,0,0,,0
00-0026178,John Carlson,TE,2008,2,REG,2008_02_SF_SEA,SEA,SF,0,0,0,0,0,0,0,0,0,0,0,0,6,0,78,0,5,0,0,0,,0,0,0,0,0,0,0,0,0,0,0,,0
00-0026181,James Hardy,WR,2008,2,REG,2008_02_BUF_JAX,BUF,JAX,0,0,0,0,0,0,0,0,0,0,0,0,2,0,12,1,1,0,0,0,,0,0,0,0,0,0,0,0,0,0,0,,0
00-0026182,Eddie Royal,WR,2008,2,REG,2008_02_SD_DEN,DEN,LAC,0,0,0,0,0,0,0,0,0,0,0,0,5,0,37,1,2,0,0,0,,0,0,0,0,0,0,0,0,0,0,0,,0
00-0026184,Matt Forte,RB,2008,2,REG,2008_02_CHI_CAR,CHI,CAR,0,0,0,0,0,0,0,23,92,0,3,0,3,0,21,0,1,0,0,0,,0,0,0,0,0,0,0,0,0,0,0,,0
00-0026188,Fred Davis,TE,2008,2,REG,2008_02_NO_WAS,WAS,NO,0,0,0,0,0,0,0,0,0,0,0,0,1,0,6,0,0,0,0,0,,0,0,0,0,0,0,0,0,0,0,0,,0
00-0026189,DeSean Jackson,WR,2008,2,REG,2008_02_PHI_DAL,PHI,DAL,0,0,0,0,0,0,0,0,0,0,0,0,6,0,110,0,3,0,0,0,,0,0,0,0,0,0,0,0,0,0,0,,0
00-0026191,Malcolm Kelly,WR,2008,2,REG,2008_02_NO_WAS,WAS,NO,0,0,0,0,0,0,0,0,0,0,0,0,1,0,6,0,1,0,0,0,,0,0,0,0,0,0,0,0,0,0,0,,0
00-0026197,Chad Henne,QB,2008,2,REG,2008_02_MIA_ARI,MIA,ARI,7,12,67,0,0,0,0,0,0,0,0,0,0,0,0,0,0,0,0,0,,0,0,0,0,0,0,0,0,0,0,0,,0
00-0026201,Martellus Bennett,TE,2008,2,REG,2008_02_PHI_DAL,DAL,PHI,0,0,0,0,0,0,0,0,0,0,0,0,1,0,20,0,1,0,0,0,,0,0,0,0,0,0,0,0,0,0,0,,0
00-0026204,Kevin Smith,RB,2008,2,REG,2008_02_GB_DET,DET,GB,0,0,0,0,0,0,0,10,40,0,3,0,4,0,21,0,0,0,0,0,,0,0,0,0,0,0,0,0,0,0,0,,0
00-0026213,Jamaal Charles,RB,2008,2,REG,2008_02_OAK_KC,KC,LV,0,0,0,0,0,0,0,3,7,0,0,0,1,0,15,0,1,0,0,0,,0,0,0,0,0,0,0,0,0,0,0,,0
00-0026224,Harry Douglas,WR,2008,2,REG,2008_02_ATL_TB,ATL,TB,0,0,0,0,0,0,0,1,33,0,1,0,2,0,34,0,2,0,0,0,,0,0,0,0,0,0,0,0,0,0,0,,0
00-0026286,Jerome Felton,FB,2008,2,REG,2008_02_GB_DET,DET,GB,0,0,0,0,0,0,0,0,0,0,0,0,1,0,3,0,0,0,0,0,,0,0,0,0,0,0,0,0,0,0,0,,0
00-0026289,Tim Hightower,RB,2008,2,REG,2008_02_MIA_ARI,ARI,MIA,0,0,0,0,0,0,0,10,24,1,3,0,1,0,20,0,1,0,0,0,,0,0,0,0,0,0,0,0,0,0,0,,0
00-0026303,Owen Schmitt,FB,2008,2,REG,2008_02_SF_SEA,SEA,SF,0,0,0,0,0,0,0,0,0,0,0,0,1,0,6,0,1,0,0,0,,0,0,0,0,0,0,0,0,0,0,0,,0
00-0026308,Durant Brooks,P,2008,2,REG,2008_02_NO_WAS,WAS,NO,0,0,0,0,0,0,0,0,0,0,0,0,0,0,0,0,0,0,0,0,,0,0,0,0,0,0,0,0,2,66,11,38,0
00-0026314,Josh Morgan,WR,2008,2,REG,2008_02_SF_SEA,SF,SEA,0,0,0,0,0,0,0,0,0,0,0,0,1,0,8,0,0,0,0,0,,0,0,0,0,0,0,0,0,0,0,0,,0
00-0026336,Tom Santi,TE,2008,2,REG,2008_02_IND_MIN,IND,MIN,0,0,0,0,0,0,0,0,0,0,0,0,5,0,29,0,1,0,0,0,,0,0,0,0,0,0,0,0,0,0,0,,0
00-0026349,Matt Flynn,QB,2008,2,REG,2008_02_GB_DET,GB,DET,0,0,0,0,0,0,0,2,-2,0,0,0,0,0,0,0,0,0,0,0,,0,0,0,0,0,0,0,0,0,0,0,,0
00-0000108,David Akers,K,2008,3,REG,2008_03_PIT_PHI,PHI,PIT,0,0,0,0,0,0,0,0,0,0,0,0,0,0,0,0,0,0,2,2,31,0,0,2,0,0,0,1,1,0,0,0,,0
00-0001157,Mitch Berger,P,2008,3,REG,2008_03_PIT_PHI,PIT,PHI,0,0,0,0,0,0,0,0,0,0,0,0,0,0,0,0,0,0,0,0,,0,0,0,0,0,0,0,0,5,207,196,53,3
00-0001231,Josh Bidwell,P,2008,3,REG,2008_03_TB_CHI,TB,CHI,0,0,0,0,0,0,0,0,0,0,0,0,0,0,0,0,0,0,0,0,,0,0,0,0,0,0,0,0,6,268,243,56,1
00-0001980,Kris Brown,K,2008,3,REG,2008_03_HOU_TEN,HOU,TEN,0,0,0,0,0,0,0,0,0,0,0,0,0,0,0,0,0,0,2,2,44,0,1,0,1,0,0,0,0,0,0,0,,0
00-0002099,Isaac Bruce,WR,2008,3,REG,2008_03_DET_SF,SF,DET,0,0,0,0,0,0,0,0,0,0,0,0,2,0,19,1,2,0,0,0,,0,0,0,0,0,0,0,0,0,0,0,,0
00-0002655,John Carney,K,2008,3,REG,2008_03_CIN_NYG,NYG,CIN,0,0,0,0,0,0,0,0,0,0,0,0,0,0,0,0,0,0,4,4,46,0,3,0,1,0,0,2,2,0,0,0,,0
00-0003035,Desmond Clark,TE,2008,3,REG,2008_03_TB_CHI,CHI,TB,0,0,0,0,0,0,0,0,0,0,0,0,2,0,8,0,0,0,0,0,,0,0,0,0,0,0,0,0,0,0,0,,0
00-0003292,Kerry Collins,QB,2008,3,REG,2008_03_HOU_TEN,TEN,HOU,14,26,189,1,1,0,0,3,30,0,2,0,0,0,0,0,0,0,0,0,,0,0,0,0,0,0,0,0,0,0,0,,0
00-0004091,Phil Dawson,K,2008,3,REG,2008_03_CLE_BAL,CLE,BAL,0,0,0,0,0,0,0,0,0,0,0,0,0,0,0,0,0,0,1,1,38,0,0,1,0,0,0,1,1,0,0,0,,0
00-0004161,Jake Delhomme,QB,2008,3,REG,2008_03_CAR_MIN,CAR,MIN,17,29,191,0,0,5,-34,1,0,0,0,1,0,0,0,0,0,0,0,0,,0,0,0,0,0,0,0,0,0,0,0,,0
00-0004541,Donald Driver,WR,2008,3,REG,2008_03_DAL_GB,GB,DAL,0,0,0,0,0,0,0,0,0,0,0,0,4,0,76,0,3,0,0,0,,0,0,0,0,0,0,0,0,0,0,0,,0
00-0004640,Warrick Dunn,RB,2008,3,REG,2008_03_TB_CHI,TB,CHI,0,0,0,0,0,0,0,5,31,0,3,0,4,0,27,0,1,0,0,0,,0,0,0,0,0,0,0,0,0,0,0,,0
00-0004811,Jason Elam,K,2008,3,REG,2008_03_KC_ATL,ATL,KC,0,0,0,0,0,0,0,0,0,0,0,0,0,0,0,0,0,0,1,1,27,0,1,0,0,0,0,5,5,0,0,0,,0
00-0005091,Kevin Faulk,RB,2008,3,REG,2008_03_MIA_NE,NE,MIA,0,0,0,0,0,0,0,1,6,0,0,0,2,0,6,0,0,0,0,0,,0,0,0,0,0,0,0,0,0,0,0,,0
00-0005106,Brett Favre,QB,2008,3,REG,2008_03_NYJ_SD,NYJ,LAC,30,42,271,3,2,3,-30,2,5,0,1,0,0,0,0,0,0,0,0,0,,0,0,0,0,0,0,0,0,0,0,0,,0
00-0005113,Jeff Feagles,P,2008,3,REG,2008_03_CIN_NYG,NYG,CIN,0,0,0,0,0,0,0,0,0,0,0,0,0,0,0,0,0,0,0,0,,0,0,0,0,0,0,0,0,4,175,124,54,0
00-0005589,Gus Frerotte,QB,2008,3,REG,2008_03_CAR_MIN,MIN,CAR,16,28,204,1,1,3,-18,4,-2,0,0,0,0,0,0,0,0,0,0,0,,0,0,0,0,0,0,0,0,0,0,0,,0
00-0006101,Tony Gonzalez,TE,2008,3,REG,2008_03_KC_ATL,KC,ATL,0,0,0,0,0,0,0,0,0,0,0,0,4,0,35,0,1,0,0,0,,0,0,0,0,0,0,0,0,0,0,0,,0
00-0006223,Martin Gramatica,K,2008,3,REG,2008_03_NO_DEN,NO,DEN,0,0,0,0,0,0,0,0,0,0,0,0,0,0,0,0,0,0,1,3,43,0,0,0,1,0,0,3,3,0,0,0,,0
00-0006423,Brian Griese,QB,2008,3,REG,2008_03_TB_CHI,TB,CHI,38,67,407,2,3,0,0,0,0,0,0,0,0,0,0,0,0,0,0,0,,0,0,0,0,0,0,0,0,0,0,0,,0
00-0006799,Chris Hanson,P,2008,3,REG,2008_03_MIA_NE,NE,MIA,0,0,0,0,0,0,0,0,0,0,0,0,0,0,0,0,0,0,0,0,,0,0,0,0,0,0,0,0,3,121,111,48,1
00-0006800,Jason Hanson,K,2008,3,REG,2008_03_DET_SF,DET,SF,0,0,0,0,0,0,0,0,0,0,0,0,0,0,0,0,0,0,2,2,51,0,0,0,1,1,0,1,1,0,0,0,,0
00-0007024,Marvin Harrison,WR,2008,3,REG,2008_03_JAX_IND,IND,JAX,0,0,0,0,0,0,0,0,0,0,0,0,4,0,40,1,2,0,0,0,,0,0,0,0,0,0,0,0,0,0,0,,0
00-0007091,Matt Hasselbeck,QB,2008,3,REG,2008_03_STL_SEA,SEA,LA,12,20,172,1,0,1,-10,2,19,0,2,0,0,0,0,0,0,0,0,0,,0,0,0,0,0,0,0,0,0,0,0,,0
00-0007308,Craig Hentrich,P,2008,3,REG,2008_03_HOU_TEN,TEN,HOU,0,0,0,0,0,0,0,0,0,0,0,0,0,0,0,0,0,0,0,0,,0,0,0,0,0,0,0,0,6,268,223,52,3
00-0007468,Ike Hilliard,WR,2008,3,REG,2008_03_TB_CHI,TB,CHI,0,0,0,0,0,0,0,0,0,0,0,0,6,0,57,1,4,0,0,0,,0,0,0,0,0,0,0,0,0,0,0,,0
00-0007681,Torry Holt,WR,2008,3,REG,2008_03_STL_SEA,LA,SEA,0,0,0,0,0,0,0,0,0,0,0,0,4,0,37,0,2,0,0,0,,0,0,0,0,0,0,0,0,0,0,0,,0
00-0008241,Edgerrin James,RB,2008,3,REG,2008_03_ARI_WAS,ARI,WAS,0,0,0,0,0,0,0,18,93,0,4,0,2,0,15,0,1,1,0,0,,0,0,0,0,0,0,0,0,0,0,0,,0
00-0008484,Dirk Johnson,P,2008,3,REG,2008_03_ARI_WAS,ARI,WAS,0,0,0,0,0,0,0,0,0,0,0,0,0,0,0,0,0,0,0,0,,0,0,0,0,0,0,0,0,4,167,121,46,1
00-0009028,John Kasay,K,2008,3,REG,2008_03_CAR_MIN,CAR,MIN,0,0,0,0,0,0,0,0,0,0,0,0,0,0,0,0,0,0,1,1,43,0,0,0,1,0,0,1,1,0,0,0,,0
00-0009119,Reggie Kelly,TE,2008,3,REG,2008_03_CIN_NYG,CIN,NYG,0,0,0,0,0,0,0,0,0,0,0,0,4,0,22,0,2,0,0,0,,0,0,0,0,0,0,0,0,0,0,0,,0
00-0009311,Jon Kitna,QB,2008,3,REG,2008_03_DET_SF,DET,SF,15,30,146,1,1,4,-22,3,19,0,2,0,0,0,0,0,0,0,0,0,,0,0,0,0,0,0,0,0,0,0,0,,0
00-0010072,Ryan Longwell,K,2008,3,REG,2008_03_CAR_MIN,MIN,CAR,0,0,0,0,0,0,0,0,0,0,0,0,0,0,0,0,0,0,2,2,32,0,1,1,0,0,0,2,2,0,0,0,,0
00-0010346,Peyton Manning,QB,2008,3,REG,2008_03_JAX_IND,IND,JAX,15,29,216,1,2,1,-5,1,12,0,1,0,0,0,0,0,0,0,0,0,,0,0,0,0,0,0,0,0,0,0,0,,0
00-0010373,Olindo Mare,K,2008,3,REG,2008_03_STL_SEA,SEA,LA,0,0,0,0,0,0,0,0,0,0,0,0,0,0,0,0,0,0,3,3,38,0,1,2,0,0,0,4,4,0,0,0,,0
00-0010500,Derrick Mason,WR,2008,3,REG,2008_03_CLE_BAL,BAL,CLE,0,0,0,0,0,0,0,0,0,0,0,0,4,0,42,0,3,0,0,0,,0,0,0,0,0,0,0,0,0,0,0,,0
00-0010609,Brad Maynard,P,2008,3,REG,2008_03_TB_CHI,CHI,TB,0,0,0,0,0,0,0,0,0,0,0,0,0,0,0,0,0,0,0,0,,0,0,0,0,0,0,0,0,6,275,254,53,3
00-0011022,Donovan McNabb,QB,2008,3,REG,2008_03_PIT_PHI,PHI,PIT,24,35,196,1,1,3,-19,2,-2,0,0,0,0,0,0,0,0,0,0,0,,0,0,0,0,0,0,0,0,0,0,0,,0
00-0011236,Billy Miller,TE,2008,3,REG,2008_03_NO_DEN,NO,DEN,0,0,0,0,0,0,0,0,0,0,0,0,2,0,41,0,2,0,0,0,,0,0,0,0,0,0,0,0,0,0,0,,0
00-0011626,Brian Moorman,P,2008,3,REG,2008_03_OAK_BUF,BUF,LV,0,0,0,0,0,0,0,0,0,0,0,0,0,0,0,0,0,0,0,0,,0,0,0,0,0,0,0,0,5,238,182,62,1
00-0011754,Randy Moss,WR,2008,3,REG,2008_03_MIA_NE,NE,MIA,0,0,0,0,0,0,0,0,0,0,0,0,4,0,25,0,1,0,0,0,,0,0,0,0,0,0,0,0,0,0,0,,0
00-0011795,Muhsin Muhammad,WR,2008,3,REG,2008_03_CAR_MIN,CAR,MIN,0,0,0,0,0,0,0,0,0,0,0,0,3,0,25,0,1,0,0,0,,0,0,0,0,0,0,0,0,0,0,0,,0
00-0011958,Lorenzo Neal,FB,2008,3,REG,2008_03_CLE_BAL,BAL,CLE,0,0,0,0,0,0,0,1,2,0,1,0,0,0,0,0,0,0,0,0,,0,0,0,0,0,0,0,0,0,0,0,,0
00-0011970,Joe Nedney,K,2008,3,REG,2008_03_DET_SF,SF,DET,0,0,0,0,0,0,0,0,0,0,0,0,0,0,0,0,0,0,1,2,25,0,1,0,0,0,0,4,4,0,0,0,,0
00-0012478,Terrell Owens,WR,2008,3,REG,2008_03_DAL_GB,DAL,GB,0,0,0,0,0,0,0,0,0,0,0,0,2,0,17,0,1,0,0,0,,0,0,0,0,0,0,0,0,0,0,0,,0
00-0012642,David Patten,WR,2008,3,REG,2008_03_NO_DEN,NO,DEN,0,0,0,0,0,0,0,0,0,0,0,0,2,0,12,0,0,0,0,0,,0,0,0,0,0,0,0,0,0,0,0,,0
00-0013013,Michael Pittman,RB,2008,3,REG,2008_03_NO_DEN,DEN,NO,0,0,0,0,0,0,0,5,2,1,2,0,1,0,8,0,0,0,0,0,,0,0,0,0,0,0,0,0,0,0,0,,0
00-0014071,Allen Rossum,DB,2008,3,REG,2008_03_DET_SF,SF,DET,0,0,0,0,0,0,0,1,1,1,1,0,0,0,0,0,0,0,0,0,,0,0,0,0,0,0,0,0,0,0,0,,0
00-0014655,Mike Sellers,TE,2008,3,REG,2008_03_ARI_WAS,WAS,ARI,0,0,0,0,0,0,0,1,3,0,0,0,1,0,4,0,0,0,0,0,,0,0,0,0,0,0,0,0,0,0,0,,0
00-0015194,Hunter Smith,P,2008,3,REG,2008_03_JAX_IND,IND,JAX,0,0,0,0,0,0,0,0,0,0,0,0,0,0,0,0,0,0,0,0,,0,0,0,0,0,0,0,0,3,135,134,60,2
00-0015754,Brandon Stokley,WR,2008,3,REG,2008_03_NO_DEN,DEN,NO,0,0,0,0,0,0,0,0,0,0,0,0,3,0,29,0,2,0,0,0,,0,0,0,0,0,0,0,0,0,0,0,,0
00-0015784,Matt Stover,K,2008,3,REG,2008_03_CLE_BAL,BAL,CLE,0,0,0,0,0,0,0,0,0,0,0,0,0,0,0,0,0,0,0,1,,0,0,0,0,0,0,4,4,0,0,0,,0
00-0016098,Fred Taylor,RB,2008,3,REG,2008_03_JAX_IND,JAX,IND,0,0,0,0,0,0,0,26,121,0,4,0,2,0,9,0,0,0,0,0,,0,0,0,0,0,0,0,0,0,0,0,,0
00-0016550,Amani Toomer,WR,2008,3,REG,2008_03_CIN_NYG,NYG,CIN,0,0,0,0,0,0,0,0,0,0,0,0,5,0,64,0,2,0,0,0,,0,0,0,0,0,0,0,0,0,0,0,,0
00-0016689,Matt Turk,P,2008,3,REG,2008_03_HOU_TEN,HOU,TEN,0,0,0,0,0,0,0,0,0,0,0,0,0,0,0,0,0,0,0,0,,0,0,0,0,0,0,0,0,4,170,155,57,2
00-0016919,Adam Vinatieri,K,2008,3,REG,2008_03_JAX_IND,IND,JAX,0,0,0,0,0,0,0,0,0,0,0,0,0,0,0,0,0,0,0,0,,0,0,0,0,0,0,3,3,0,0,0,,0
00-0017162,Hines Ward,WR,2008,3,REG,2008_03_PIT_PHI,PIT,PHI,0,0,0,0,0,0,0,0,0,0,0,0,4,0,34,0,2,0,0,0,,0,0,0,0,0,0,0,0,0,0,0,,0
00-0017200,Kurt Warner,QB,2008,3,REG,2008_03_ARI_WAS,ARI,WAS,16,30,192,2,1,2,-13,0,0,0,0,0,0,0,0,0,0,0,0,0,,0,0,0,0,0,0,0,0,0,0,0,,0
00-0017915,Ricky Williams,RB,2008,3,REG,2008_03_MIA_NE,MIA,NE,0,0,0,0,0,0,0,16,98,0,5,0,2,0,21,0,1,0,0,0,,0,0,0,0,0,0,0,0,0,0,0,,0
00-0018958,Laveranues Coles,WR,2008,3,REG,2008_03_NYJ_SD,NYJ,LAC,0,0,0,0,0,0,0,0,0,0,0,0,6,0,75,1,3,0,0,0,,0,0,0,0,0,0,0,0,0,0,0,,0
00-0019100,Brad Hoover,FB,2008,3,REG,2008_03_CAR_MIN,CAR,MIN,0,0,0,0,0,0,0,1,3,0,1,0,0,0,0,0,0,0,0,0,,0,0,0,0,0,0,0,0,0,0,0,,0
00-0019127,Todd Yoder,TE,2008,3,REG,2008_03_ARI_WAS,WAS,ARI,0,0,0,0,0,0,0,0,0,0,0,0,2,0,4,1,1,0,0,0,,0,0,0,0,0,0,0,0,0,0,0,,0
00-0019242,Dane Looker,WR,2008,3,REG,2008_03_STL_SEA,LA,SEA,0,0,0,0,0,0,0,0,0,0,0,0,1,0,21,1,1,0,0,0,,0,0,0,0,0,0,0,0,0,0,0,,0
00-0019281,Mike Furrey,WR,2008,3,REG,2008_03_DET_SF,DET,SF,0,0,0,0,0,0,0,0,0,0,0,0,2,0,8,0,0,0,0,0,,0,0,0,0,0,0,0,0,0,0,0,,0
00-0019310,Rian Lindell,K,2008,3,REG,2008_03_OAK_BUF,BUF,LV,0,0,0,0,0,0,0,0,0,0,0,0,0,0,0,0,0,0,1,2,38,0,0,1,0,0,0,3,3,0,0,0,,0
00-0019484,Sammy Morris,RB,2008,3,REG,2008_03_MIA_NE,NE,MIA,0,0,0,0,0,0,0,9,27,0,3,0,1,0,0,0,0,0,0,0,,0,0,0,0,0,0,0,0,0,0,0,,0
00-0019536,Shayne Graham,K,2008,3,REG,2008_03_CIN_NYG,CIN,NYG,0,0,0,0,0,0,0,0,0,0,0,0,0,0,0,0,0,0,3,3,30,0,2,1,0,0,0,2,2,0,0,0,,0
00-0019539,Dante Hall,WR,2008,3,REG,2008_03_STL_SEA,LA,SEA,0,0,0,0,0,0,0,0,0,0,0,0,1,0,8,0,1,0,0,0,,0,0,0,0,0,0,0,0,0,0,0,,0
00-0019559,Chad Pennington,QB,2008,3,REG,2008_03_MIA_NE,MIA,NE,17,20,226,0,0,0,0,0,0,0,0,0,0,0,0,0,0,0,0,0,,0,0,0,0,0,0,0,0,0,0,0,,0
00-0019599,Marc Bulger,QB,2008,3,REG,2008_03_STL_SEA,LA,SEA,18,31,184,1,1,1,-9,0,0,0,0,0,0,0,0,0,0,0,0,0,,0,0,0,0,0,0,0,0,0,0,0,,0
00-0019641,Thomas Jones,RB,2008,3,REG,2008_03_NYJ_SD,NYJ,LAC,0,0,0,0,0,0,0,10,37,0,1,1,2,0,17,0,2,0,0,0,,0,0,0,0,0,0,0,0,0,0,0,,0
00-0019642,Plaxico Burress,WR,2008,3,REG,2008_03_CIN_NYG,NYG,CIN,0,0,0,0,0,0,0,0,0,0,0,0,3,0,45,0,2,0,0,0,,0,0,0,0,0,0,0,0,0,0,0,,0
00-0019646,Sebastian Janikowski,K,2008,3,REG,2008_03_OAK_BUF,LV,BUF,0,0,0,0,0,0,0,0,0,0,0,0,0,0,0,0,0,0,3,3,35,0,1,2,0,0,0,2,2,0,0,0,,0
00-0019676,Neil Rackers,K,2008,3,REG,2008_03_ARI_WAS,ARI,WAS,0,0,0,0,0,0,0,0,0,0,0,0,0,0,0,0,0,0,1,1,26,0,1,0,0,0,0,2,2,0,0,0,,0
00-0019693,Jamal Lewis,RB,2008,3,REG,2008_03_CLE_BAL,CLE,BAL,0,0,0,0,0,0,0,12,56,0,1,0,3,0,21,0,1,0,0,0,,0,0,0,0,0,0,0,0,0,0,0,,0
00-0019714,Shane Lechler,P,2008,3,REG,2008_03_OAK_BUF,LV,BUF,0,0,0,0,0,0,0,0,0,0,0,0,0,0,0,0,0,0,0,0,,0,0,0,0,0,0,0,0,6,305,276,57,4
00-0019770,Jay Feely,K,2008,3,REG,2008_03_NYJ_SD,NYJ,LAC,0,0,0,0,0,0,0,0,0,0,0,0,0,0,0,0,0,0,1,1,32,0,0,1,0,0,0,2,2,0,0,0,,0
00-0019808,Kenny Watson,RB,2008,3,REG,2008_03_CIN_NYG,CIN,NYG,0,0,0,0,0,0,0,1,5,0,0,0,0,0,0,0,0,0,0,0,,0,0,0,0,0,0,0,0,0,0,0,,0
00-0019831,Nick Goings,RB,2008,3,REG,2008_03_CAR_MIN,CAR,MIN,0,0,0,0,0,0,0,1,2,0,0,0,1,0,2,0,0,0,0,0,,0,0,0,0,0,0,0,0,0,0,0,,0
00-0019863,Dominic Rhodes,RB,2008,3,REG,2008_03_JAX_IND,IND,JAX,0,0,0,0,0,0,0,2,24,0,1,0,0,0,0,0,0,0,0,0,,0,0,0,0,0,0,0,0,0,0,0,,0
00-0019921,Jason Baker,P,2008,3,REG,2008_03_CAR_MIN,CAR,MIN,0,0,0,0,0,0,0,0,0,0,0,0,0,0,0,0,0,0,0,0,,0,0,0,0,0,0,0,0,5,199,199,52,3
00-0019997,Antonio Chatman,WR,2008,3,REG,2008_03_CIN_NYG,CIN,NYG,0,0,0,0,0,0,0,1,2,0,0,0,6,0,70,0,4,0,0,0,,0,0,0,0,0,0,0,0,0,0,0,,0
00-0020267,Nick Harris,P,2008,3,REG,2008_03_DET_SF,DET,SF,0,0,0,0,0,0,0,0,0,0,0,0,0,0,0,0,0,0,0,0,,0,0,0,0,0,0,0,0,5,239,201,57,2
00-0020270,Correll Buckhalter,RB,2008,3,REG,2008_03_PIT_PHI,PHI,PIT,0,0,0,0,0,0,0,10,43,0,2,0,6,0,44,1,3,0,0,0,,0,0,0,0,0,0,0,0,0,0,0,,0
00-0020285,Alge Crumpler,TE,2008,3,REG,2008_03_HOU_TEN,TEN,HOU,0,0,0,0,0,0,0,0,0,0,0,0,2,0,26,0,2,0,0,0,,0,0,0,0,0,0,0,0,0,0,0,,0
00-0020332,David Martin,TE,2008,3,REG,2008_03_MIA_NE,MIA,NE,0,0,0,0,0,0,0,0,0,0,0,0,1,0,21,0,1,0,0,0,,0,0,0,0,0,0,0,0,0,0,0,,0
00-0020337,Steve Smith,WR,2008,3,REG,2008_03_CAR_MIN,CAR,MIN,0,0,0,0,0,0,0,0,0,0,0,0,4,0,70,0,4,0,0,0,,0,0,0,0,0,0,0,0,0,0,0,,0
00-0020342,Brandon Manumaleuna,TE,2008,3,REG,2008_03_NYJ_SD,LAC,NYJ,0,0,0,0,0,0,0,0,0,0,0,0,1,0,5,0,0,0,0,0,,0,0,0,0,0,0,0,0,0,0,0,,0
00-0020381,Justin McCareins,WR,2008,3,REG,2008_03_HOU_TEN,TEN,HOU,0,0,0,0,0,0,0,0,0,0,0,0,4,0,90,0,3,1,0,0,,0,0,0,0,0,0,0,0,0,0,0,,0
00-0020397,Chad Johnson,WR,2008,3,REG,2008_03_CIN_NYG,CIN,NYG,0,0,0,0,0,0,0,0,0,0,0,0,3,0,29,0,2,0,0,0,,0,0,0,0,0,0,0,0,0,0,0,,0
00-0020407,Rudi Johnson,RB,2008,3,REG,2008_03_DET_SF,DET,SF,0,0,0,0,0,0,0,14,83,0,6,0,3,0,48,1,1,0,0,0,,0,0,0,0,0,0,0,0,0,0,0,,0
00-0020428,Robert Ferguson,WR,2008,3,REG,2008_03_CAR_MIN,MIN,CAR,0,0,0,0,0,0,0,0,0,0,0,0,1,0,9,0,1,0,0,0,,0,0,0,0,0,0,0,0,0,0,0,,0
00-0020438,T.J. Houshmandzadeh,WR,2008,3,REG,2008_03_CIN_NYG,CIN,NYG,0,0,0,0,0,0,0,0,0,0,0,0,12,0,146,1,7,0,0,0,,0,0,0,0,0,0,0,0,0,0,0,,0
00-0020446,Chris Chambers,WR,2008,3,REG,2008_03_NYJ_SD,LAC,NYJ,0,0,0,0,0,0,0,0,0,0,0,0,1,0,27,1,1,0,0,0,,0,0,0,0,0,0,0,0,0,0,0,,0
00-0020448,Travis Minor,RB,2008,3,REG,2008_03_STL_SEA,LA,SEA,0,0,0,0,0,0,0,1,-1,0,0,0,2,0,20,0,1,0,0,0,,0,0,0,0,0,0,0,0,0,0,0,,0
00-0020462,LaMont Jordan,RB,2008,3,REG,2008_03_MIA_NE,NE,MIA,0,0,0,0,0,0,0,6,22,0,1,0,0,0,0,0,0,0,0,0,,0,0,0,0,0,0,0,0,0,0,0,,0
00-0020494,Santana Moss,WR,2008,3,REG,2008_03_ARI_WAS,WAS,ARI,0,0,0,0,0,0,0,0,0,0,0,0,7,0,75,1,3,0,0,0,,0,0,0,0,0,0,0,0,0,0,0,,0
00-0020498,Reggie Wayne,WR,2008,3,REG,2008_03_JAX_IND,IND,JAX,0,0,0,0,0,0,0,0,0,0,0,0,3,0,74,0,3,0,0,0,,0,0,0,0,0,0,0,0,0,0,0,,0
00-0020516,Todd Heap,TE,2008,3,REG,2008_03_CLE_BAL,BAL,CLE,0,0,0,0,0,0,0,0,0,0,0,0,2,0,32,0,2,0,0,0,,0,0,0,0,0,0,0,0,0,0,0,,0
00-0020531,Drew Brees,QB,2008,3,REG,2008_03_NO_DEN,NO,DEN,39,48,421,1,0,1,-7,1,0,0,0,0,0,0,0,0,0,0,0,0,,0,0,0,0,0,0,0,0,0,0,0,,0
00-0020536,LaDainian Tomlinson,RB,2008,3,REG,2008_03_NYJ_SD,LAC,NYJ,0,0,0,0,0,0,0,26,67,2,6,0,3,0,20,0,0,0,0,0,,0,0,0,0,0,0,0,0,0,0,0,,0
00-0020578,Matt Bryant,K,2008,3,REG,2008_03_TB_CHI,TB,CHI,0,0,0,0,0,0,0,0,0,0,0,0,0,0,0,0,0,0,2,2,35,0,1,1,0,0,0,3,3,0,0,0,,0
00-0020617,Nate Jackson,TE,2008,3,REG,2008_03_NO_DEN,DEN,NO,0,0,0,0,0,0,0,0,0,0,0,0,1,0,1,1,1,0,0,0,,0,0,0,0,0,0,0,0,0,0,0,,0
00-0020737,Jeff Reed,K,2008,3,REG,2008_03_PIT_PHI,PIT,PHI,0,0,0,0,0,0,0,0,0,0,0,0,0,0,0,0,0,0,2,2,53,0,0,1,0,1,0,0,0,0,0,0,,0
00-0020805,Jason McKie,RB,2008,3,REG,2008_03_TB_CHI,CHI,TB,0,0,0,0,0,0,0,0,0,0,0,0,2,0,17,0,1,0,0,0,,0,0,0,0,0,0,0,0,0,0,0,,0
00-0020962,Rob Bironas,K,2008,3,REG,2008_03_HOU_TEN,TEN,HOU,0,0,0,0,0,0,0,0,0,0,0,0,0,0,0,0,0,0,1,1,44,0,0,0,1,0,0,4,4,0,0,0,,0
00-0021148,Jeremy Shockey,TE,2008,3,REG,2008_03_NO_DEN,NO,DEN,0,0,0,0,0,0,0,0,0,0,0,0,8,0,75,0,5,0,0,0,,0,0,0,0,0,0,0,0,0,0,0,,0
00-0021152,Ashley Lelie,WR,2008,3,REG,2008_03_OAK_BUF,LV,BUF,0,0,0,0,0,0,0,0,0,0,0,0,1,0,23,0,1,0,0,0,,0,0,0,0,0,0,0,0,0,0,0,,0
00-0021153,Javon Walker,WR,2008,3,REG,2008_03_OAK_BUF,LV,BUF,0,0,0,0,0,0,0,0,0,0,0,0,2,0,18,0,1,0,0,0,,0,0,0,0,0,0,0,0,0,0,0,,0
00-0021154,Daniel Graham,TE,2008,3,REG,2008_03_NO_DEN,DEN,NO,0,0,0,0,0,0,0,0,0,0,0,0,1,0,21,0,1,0,0,0,,0,0,0,0,0,0,0,0,0,0,0,,0
00-0021159,Jerramy Stevens,TE,2008,3,REG,2008_03_TB_CHI,TB,CHI,0,0,0,0,0,0,0,0,0,0,0,0,5,1,61,1,4,0,0,0,,0,0,0,0,0,0,0,0,0,0,0,,0
00-0021163,Jabar Gaffney,WR,2008,3,REG,2008_03_MIA_NE,NE,MIA,0,0,0,0,0,0,0,0,0,0,0,0,6,0,51,1,3,0,0,0,,0,0,0,0,0,0,0,0,0,0,0,,0
00-0021164,DeShaun Foster,RB,2008,3,REG,2008_03_DET_SF,SF,DET,0,0,0,0,0,0,0,2,1,0,0,0,0,0,0,0,0,0,0,0,,0,0,0,0,0,0,0,0,0,0,0,,0
00-0021166,Josh Reed,WR,2008,3,REG,2008_03_OAK_BUF,BUF,LV,0,0,0,0,0,0,0,0,0,0,0,0,6,0,72,0,5,0,0,0,,0,0,0,0,0,0,0,0,0,0,0,,0
00-0021175,Andre Davis,WR,2008,3,REG,2008_03_HOU_TEN,HOU,TEN,0,0,0,0,0,0,0,0,0,0,0,0,2,0,60,0,2,0,0,0,,0,0,0,0,0,0,0,0,0,0,0,,0
00-0021179,Clinton Portis,RB,2008,3,REG,2008_03_ARI_WAS,WAS,ARI,0,0,0,0,0,0,0,21,68,1,5,0,2,0,19,0,1,0,0,0,,0,0,0,0,0,0,0,0,0,0,0,,0
00-0021184,Ladell Betts,RB,2008,3,REG,2008_03_ARI_WAS,WAS,ARI,0,0,0,0,0,0,0,4,23,0,3,0,0,0,0,0,0,0,0,0,,0,0,0,0,0,0,0,0,0,0,0,,0
00-0021190,Antwaan Randle El,WR,2008,3,REG,2008_03_ARI_WAS,WAS,ARI,1,1,11,0,0,0,0,0,0,0,0,0,3,0,23,0,1,0,0,0,,0,0,0,0,0,0,0,0,0,0,0,,0
00-0021191,Antonio Bryant,WR,2008,3,REG,2008_03_TB_CHI,TB,CHI,0,0,0,0,0,0,0,0,0,0,0,0,10,0,138,0,8,0,0,0,,0,0,0,0,0,0,0,0,0,0,0,,0
00-0021213,Chris Baker,TE,2008,3,REG,2008_03_NYJ_SD,NYJ,LAC,0,0,0,0,0,0,0,0,0,0,0,0,3,0,26,0,1,0,0,0,,0,0,0,0,0,0,0,0,0,0,0,,0
00-0021216,Brian Westbrook,RB,2008,3,REG,2008_03_PIT_PHI,PHI,PIT,0,0,0,0,0,0,0,5,12,0,1,0,0,0,0,0,0,0,0,0,,0,0,0,0,0,0,0,0,0,0,0,,0
00-0021227,Justin Peelle,TE,2008,3,REG,2008_03_KC_ATL,ATL,KC,0,0,0,0,0,0,0,0,0,0,0,0,1,0,7,0,0,0,0,0,,0,0,0,0,0,0,0,0,0,0,0,,0
00-0021231,David Garrard,QB,2008,3,REG,2008_03_JAX_IND,JAX,IND,16,22,167,0,1,0,0,2,8,0,1,0,0,0,0,0,0,0,0,0,,0,0,0,0,0,0,0,0,0,0,0,,0
00-0021235,Dave Zastudil,P,2008,3,REG,2008_03_CLE_BAL,CLE,BAL,0,0,0,0,0,0,0,0,0,0,0,0,0,0,0,0,0,0,0,0,,0,0,0,0,0,0,0,0,7,301,240,56,2
00-0021236,Randy McMichael,TE,2008,3,REG,2008_03_STL_SEA,LA,SEA,0,0,0,0,0,0,0,0,0,0,0,0,2,0,12,0,0,0,0,0,,0,0,0,0,0,0,0,0,0,0,0,,0
00-0021273,Robert Royal,TE,2008,3,REG,2008_03_OAK_BUF,BUF,LV,0,0,0,0,0,0,0,0,0,0,0,0,4,0,34,0,1,0,0,0,,0,0,0,0,0,0,0,0,0,0,0,,0
00-0021296,J.T. O'Sullivan,QB,2008,3,REG,2008_03_DET_SF,SF,DET,16,23,189,2,0,1,-1,8,32,0,2,0,0,0,0,0,0,0,0,0,,0,0,0,0,0,0,0,0,0,0,0,,0
00-0021304,John Gilmore,TE,2008,3,REG,2008_03_TB_CHI,TB,CHI,0,0,0,0,0,0,0,0,0,0,0,0,1,0,3,0,0,0,0,0,,0,0,0,0,0,0,0,0,0,0,0,,0
00-0021314,Chester Taylor,RB,2008,3,REG,2008_03_CAR_MIN,MIN,CAR,0,0,0,0,0,0,0,11,44,0,1,0,3,0,22,0,0,0,0,0,,0,0,0,0,0,0,0,0,0,0,0,,0
00-0021371,Darian Barnes,FB,2008,3,REG,2008_03_OAK_BUF,BUF,LV,0,0,0,0,0,0,0,0,0,0,0,0,2,0,34,0,1,0,0,0,,0,0,0,0,0,0,0,0,0,0,0,,0
00-0021376,T.J. Duckett,RB,2008,3,REG,2008_03_STL_SEA,SEA,LA,0,0,0,0,0,0,0,19,79,2,6,0,0,0,0,0,0,0,0,0,,0,0,0,0,0,0,0,0,0,0,0,,0
00-0021429,Carson Palmer,QB,2008,3,REG,2008_03_CIN_NYG,CIN,NYG,27,39,286,1,0,6,-41,3,23,0,1,0,0,0,0,0,0,0,0,0,,0,0,0,0,0,0,0,0,0,0,0,,0
00-0021488,Mat McBriar,P,2008,3,REG,2008_03_DAL_GB,DAL,GB,0,0,0,0,0,0,0,0,0,0,0,0,0,0,0,0,0,0,0,0,,0,0,0,0,0,0,0,0,3,142,130,65,1
00-0021500,Derrick Frost,P,2008,3,REG,2008_03_DAL_GB,GB,DAL,0,0,0,0,0,0,0,0,0,0,0,0,0,0,0,0,0,0,0,0,,0,0,0,0,0,0,0,0,5,245,212,65,0
00-0021508,Greg Lewis,WR,2008,3,REG,2008_03_PIT_PHI,PHI,PIT,0,0,0,0,0,0,0,0,0,0,0,0,1,0,4,0,0,0,0,0,,0,0,0,0,0,0,0,0,0,0,0,,0
00-0021525,Casey Fitzsimmons,TE,2008,3,REG,2008_03_DET_SF,DET,SF,0,0,0,0,0,0,0,0,0,0,0,0,1,0,4,0,0,0,0,0,,0,0,0,0,0,0,0,0,0,0,0,,0
00-0021547,Antonio Gates,TE,2008,3,REG,2008_03_NYJ_SD,LAC,NYJ,0,0,0,0,0,0,0,0,0,0,0,0,2,0,25,1,2,0,0,0,,0,0,0,0,0,0,0,0,0,0,0,,0
00-0021647,Jerheme Urban,WR,2008,3,REG,2008_03_ARI_WAS,ARI,WAS,1,1,18,0,0,0,0,0,0,0,0,0,0,0,0,0,0,0,0,0,,0,0,0,0,0,0,0,0,0,0,0,,0
00-0021678,Tony Romo,QB,2008,3,REG,2008_03_DAL_GB,DAL,GB,17,30,260,1,1,3,-24,1,-1,0,0,0,0,0,0,0,0,0,0,0,,0,0,0,0,0,0,0,0,0,0,0,,0
00-0021755,Earnest Graham,RB,2008,3,REG,2008_03_TB_CHI,TB,CHI,0,0,0,0,0,0,0,12,16,0,1,0,0,0,0,0,0,0,0,0,,0,0,0,0,0,0,0,0,0,0,0,,0
00-0021756,Will Heller,TE,2008,3,REG,2008_03_STL_SEA,SEA,LA,0,0,0,0,0,0,0,0,0,0,0,0,1,0,6,0,1,0,0,0,,0,0,0,0,0,0,0,0,0,0,0,,0
00-0021915,Sam Aiken,WR,2008,3,REG,2008_03_MIA_NE,NE,MIA,0,0,0,0,0,0,0,0,0,0,0,0,1,0,9,0,1,0,0,0,,0,0,0,0,0,0,0,0,0,0,0,,0
00-0021929,Donald Lee,TE,2008,3,REG,2008_03_DAL_GB,GB,DAL,0,0,0,0,0,0,0,0,0,0,0,0,5,0,41,0,1,0,0,0,,0,0,0,0,0,0,0,0,0,0,0,,0
00-0021931,Kevin Walter,WR,2008,3,REG,2008_03_HOU_TEN,HOU,TEN,0,0,0,0,0,0,0,1,3,0,1,0,4,0,15,0,0,0,0,0,,0,0,0,0,0,0,0,0,0,0,0,,0
00-0021940,Josh Brown,K,2008,3,REG,2008_03_STL_SEA,LA,SEA,0,0,0,0,0,0,0,0,0,0,0,0,0,0,0,0,0,0,2,2,43,0,1,0,1,0,0,1,1,0,0,0,,0
00-0021976,Larry Johnson,RB,2008,3,REG,2008_03_KC_ATL,KC,ATL,0,0,0,0,0,0,0,24,121,1,5,0,0,0,0,0,0,0,0,0,,0,0,0,0,0,0,0,0,0,0,0,,0
00-0021981,Shaun McDonald,WR,2008,3,REG,2008_03_DET_SF,DET,SF,0,0,0,0,0,0,0,0,0,0,0,0,2,0,13,0,1,0,0,0,,0,0,0,0,0,0,0,0,0,0,0,,0
00-0022003,B.J. Askew,FB,2008,3,REG,2008_03_TB_CHI,TB,CHI,0,0,0,0,0,0,0,0,0,0,0,0,2,0,18,0,1,0,0,0,,0,0,0,0,0,0,0,0,0,0,0,,0
00-0022011,Justin Griffith,RB,2008,3,REG,2008_03_OAK_BUF,LV,BUF,0,0,0,0,0,0,0,1,0,0,0,0,1,0,20,0,1,0,0,0,,0,0,0,0,0,0,0,0,0,0,0,,0
00-0022017,Mike Scifres,P,2008,3,REG,2008_03_NYJ_SD,LAC,NYJ,0,0,0,0,0,0,0,0,0,0,0,0,0,0,0,0,0,0,0,0,,0,0,0,0,0,0,0,0,1,48,48,48,1
00-0022044,Andre Johnson,WR,2008,3,REG,2008_03_HOU_TEN,HOU,TEN,0,0,0,0,0,0,0,0,0,0,0,0,2,0,29,0,2,0,0,0,,0,0,0,0,0,0,0,0,0,0,0,,0
00-0022054,Visanthe Shiancoe,TE,2008,3,REG,2008_03_CAR_MIN,MIN,CAR,0,0,0,0,0,0,0,0,0,0,0,0,2,0,38,1,1,0,0,0,,0,0,0,0,0,0,0,0,0,0,0,,0
00-0022064,Arnaz Battle,WR,2008,3,REG,2008_03_DET_SF,SF,DET,0,0,0,0,0,0,0,1,18,0,1,0,3,0,22,0,1,0,0,0,,0,0,0,0,0,0,0,0,0,0,0,,0
00-0022084,Anquan Boldin,WR,2008,3,REG,2008_03_ARI_WAS,ARI,WAS,0,0,0,0,0,0,0,0,0,0,0,0,3,0,25,1,3,0,0,0,,0,0,0,0,0,0,0,0,0,0,0,,0
00-0022097,Brandon Lloyd,WR,2008,3,REG,2008_03_TB_CHI,CHI,TB,0,0,0,0,0,0,0,0,0,0,0,0,6,0,124,1,5,0,0,0,,0,0,0,0,0,0,0,0,0,0,0,,0
00-0022127,Jason Witten,TE,2008,3,REG,2008_03_DAL_GB,DAL,GB,0,0,0,0,0,0,0,0,0,0,0,0,7,0,67,0,4,0,0,0,,0,0,0,0,0,0,0,0,0,0,0,,0
00-0022135,Billy McMullen,WR,2008,3,REG,2008_03_STL_SEA,SEA,LA,0,0,0,0,0,0,0,0,0,0,0,0,4,0,76,0,3,0,0,0,,0,0,0,0,0,0,0,0,0,0,0,,0
00-0022144,Bobby Wade,WR,2008,3,REG,2008_03_CAR_MIN,MIN,CAR,0,0,0,0,0,0,0,0,0,0,0,0,3,0,35,0,3,0,0,0,,0,0,0,0,0,0,0,0,0,0,0,,0
00-0022156,Bryant Johnson,WR,2008,3,REG,2008_03_DET_SF,SF,DET,0,0,0,0,0,0,0,0,0,0,0,0,1,0,25,0,1,0,0,0,,0,0,0,0,0,0,0,0,0,0,0,,0
00-0022165,Dallas Clark,TE,2008,3,REG,2008_03_JAX_IND,IND,JAX,0,0,0,0,0,0,0,0,0,0,0,0,4,0,47,0,1,0,0,0,,0,0,0,0,0,0,0,0,0,0,0,,0
00-0022177,Byron Leftwich,QB,2008,3,REG,2008_03_PIT_PHI,PIT,PHI,4,7,60,0,0,1,-9,0,0,0,0,0,0,0,0,0,0,0,0,0,,0,0,0,0,0,0,0,0,0,0,0,,0
00-0022178,Willis McGahee,RB,2008,3,REG,2008_03_CLE_BAL,BAL,CLE,0,0,0,0,0,0,0,15,64,1,4,0,1,0,11,0,1,0,0,0,,0,0,0,0,0,0,0,0,0,0,0,,0
00-0022217,Mewelde Moore,RB,2008,3,REG,2008_03_PIT_PHI,PIT,PHI,0,0,0,0,0,0,0,1,6,0,1,0,0,0,0,0,0,0,0,0,,0,0,0,0,0,0,0,0,0,0,0,,0
00-0022250,Willie Parker,RB,2008,3,REG,2008_03_PIT_PHI,PIT,PHI,0,0,0,0,0,0,0,13,20,0,0,0,0,0,0,0,0,0,0,0,,0,0,0,0,0,0,0,0,0,0,0,,0
00-0022288,Jason Wright,RB,2008,3,REG,2008_03_CLE_BAL,CLE,BAL,0,0,0,0,0,0,0,1,11,0,1,0,0,0,0,0,0,0,0,0,,0,0,0,0,0,0,0,0,0,0,0,,0
00-0022397,Vonta Leach,FB,2008,3,REG,2008_03_HOU_TEN,HOU,TEN,0,0,0,0,0,0,0,0,0,0,0,0,1,0,5,0,0,0,0,0,,0,0,0,0,0,0,0,0,0,0,0,,0
00-0022427,Wes Welker,WR,2008,3,REG,2008_03_MIA_NE,NE,MIA,0,0,0,0,0,0,0,1,19,0,1,0,6,0,55,0,2,0,0,0,,0,0,0,0,0,0,0,0,0,0,0,,0
00-0022434,Carey Davis,RB,2008,3,REG,2008_03_PIT_PHI,PIT,PHI,0,0,0,0,0,0,0,1,1,0,0,0,0,0,0,0,0,0,0,0,,0,0,0,0,0,0,0,0,0,0,0,,0
00-0022589,Kyle Larson,P,2008,3,REG,2008_03_CIN_NYG,CIN,NYG,0,0,0,0,0,0,0,0,0,0,0,0,0,0,0,0,0,0,0,0,,0,0,0,0,0,0,0,0,5,233,185,55,0
00-0022684,Donnie Jones,P,2008,3,REG,2008_03_STL_SEA,LA,SEA,0,0,0,0,0,0,0,0,0,0,0,0,0,0,0,0,0,0,0,0,,0,0,0,0,0,0,0,0,4,218,198,61,0
00-0022701,D.J. Hackett,WR,2008,3,REG,2008_03_CAR_MIN,CAR,MIN,0,0,0,0,0,0,0,0,0,0,0,0,2,0,37,0,2,0,0,0,,0,0,0,0,0,0,0,0,0,0,0,,0
00-0022706,Michael Gaines,TE,2008,3,REG,2008_03_DET_SF,DET,SF,0,0,0,0,0,0,0,0,0,0,0,0,1,0,15,0,1,0,0,0,,0,0,0,0,0,0,0,0,0,0,0,,0
00-0022725,Michael Clayton,WR,2008,3,REG,2008_03_TB_CHI,TB,CHI,0,0,0,0,0,0,0,0,0,0,0,0,5,0,54,0,3,0,0,0,,0,0,0,0,0,0,0,0,0,0,0,,0
00-0022726,Keary Colbert,WR,2008,3,REG,2008_03_STL_SEA,SEA,LA,0,0,0,0,0,0,0,0,0,0,0,0,1,0,8,0,0,0,0,0,,0,0,0,0,0,0,0,0,0,0,0,,0
00-0022736,Steven Jackson,RB,2008,3,REG,2008_03_STL_SEA,LA,SEA,0,0,0,0,0,0,0,23,66,0,4,0,5,0,62,0,2,0,0,0,,0,0,0,0,0,0,0,0,0,0,0,,0
00-0022737,Nate Kaeding,K,2008,3,REG,2008_03_NYJ_SD,LAC,NYJ,0,0,0,0,0,0,0,0,0,0,0,0,0,0,0,0,0,0,2,2,49,0,0,1,1,0,0,6,6,0,0,0,,0
00-0022738,Chris Cooley,TE,2008,3,REG,2008_03_ARI_WAS,WAS,ARI,0,0,0,0,0,0,0,0,0,0,0,0,7,0,72,0,4,0,0,0,,0,0,0,0,0,0,0,0,0,0,0,,0
00-0022739,Devard Darling,WR,2008,3,REG,2008_03_KC_ATL,KC,ATL,0,0,0,0,0,0,0,0,0,0,0,0,1,0,11,0,1,0,0,0,,0,0,0,0,0,0,0,0,0,0,0,,0
00-0022766,Patrick Crayton,WR,2008,3,REG,2008_03_DAL_GB,DAL,GB,0,1,0,0,0,0,0,0,0,0,0,0,0,0,0,0,0,0,0,0,,0,0,0,0,0,0,0,0,0,0,0,,0
00-0022770,Derrick Ward,RB,2008,3,REG,2008_03_CIN_NYG,NYG,CIN,0,0,0,0,0,0,0,9,80,0,4,0,3,0,26,0,1,0,0,0,,0,0,0,0,0,0,0,0,0,0,0,,0
00-0022781,Michael Jenkins,WR,2008,3,REG,2008_03_KC_ATL,ATL,KC,0,0,0,0,0,0,0,0,0,0,0,0,2,0,19,0,1,0,0,0,,0,0,0,0,0,0,0,0,0,0,0,,0
00-0022782,Kevin Jones,RB,2008,3,REG,2008_03_TB_CHI,CHI,TB,0,0,0,0,0,0,0,3,10,0,0,0,0,0,0,0,0,0,0,0,,0,0,0,0,0,0,0,0,0,0,0,,0
00-0022787,Matt Schaub,QB,2008,3,REG,2008_03_HOU_TEN,HOU,TEN,17,37,188,0,3,3,-17,3,12,0,0,0,0,0,0,0,0,0,0,0,,0,0,0,0,0,0,0,0,0,0,0,,0
00-0022796,Mike Karney,FB,2008,3,REG,2008_03_NO_DEN,NO,DEN,0,0,0,0,0,0,0,0,0,0,0,0,2,0,4,0,0,0,0,0,,0,0,0,0,0,0,0,0,0,0,0,,0
00-0022803,Eli Manning,QB,2008,3,REG,2008_03_CIN_NYG,NYG,CIN,26,43,289,1,0,0,0,0,0,0,0,0,0,0,0,0,0,0,0,0,,0,0,0,0,0,0,0,0,0,0,0,,0
00-0022807,Bernard Berrian,WR,2008,3,REG,2008_03_CAR_MIN,MIN,CAR,0,0,0,0,0,0,0,0,0,0,0,0,3,0,79,0,3,0,0,0,,0,0,0,0,0,0,0,0,0,0,0,,0
00-0022811,Jerricho Cotchery,WR,2008,3,REG,2008_03_NYJ_SD,NYJ,LAC,0,0,0,0,0,0,0,0,0,0,0,0,10,0,76,0,5,0,0,0,,0,0,0,0,0,0,0,0,0,0,0,,0
00-0022821,Michael Turner,RB,2008,3,REG,2008_03_KC_ATL,ATL,KC,0,0,0,0,0,0,0,23,104,3,6,0,0,0,0,0,0,0,0,0,,0,0,0,0,0,0,0,0,0,0,0,,0
00-0022824,Andy Lee,P,2008,3,REG,2008_03_DET_SF,SF,DET,0,0,0,0,0,0,0,0,0,0,0,0,0,0,0,0,0,0,0,0,,0,0,0,0,0,0,0,0,4,148,140,47,3
00-0022840,Julius Jones,RB,2008,3,REG,2008_03_STL_SEA,SEA,LA,0,0,0,0,0,0,0,22,140,1,5,0,1,0,4,0,0,0,0,0,,0,0,0,0,0,0,0,0,0,0,0,,0
00-0022874,Josh Scobee,K,2008,3,REG,2008_03_JAX_IND,JAX,IND,0,0,0,0,0,0,0,0,0,0,0,0,0,0,0,0,0,0,3,3,51,0,2,0,0,1,0,2,2,0,0,0,,0
00-0022889,Reggie Williams,WR,2008,3,REG,2008_03_JAX_IND,JAX,IND,0,0,0,0,0,0,0,1,0,0,0,0,1,0,11,0,1,0,0,0,,0,0,0,0,0,0,0,0,0,0,0,,0
00-0022897,Greg Jones,FB,2008,3,REG,2008_03_JAX_IND,JAX,IND,0,0,0,0,0,0,0,0,0,0,0,0,1,0,17,0,1,0,0,0,,0,0,0,0,0,0,0,0,0,0,0,,0
00-0022901,Ernest Wilford,WR,2008,3,REG,2008_03_MIA_NE,MIA,NE,0,0,0,0,0,0,0,0,0,0,0,0,1,0,15,0,1,0,0,0,,0,0,0,0,0,0,0,0,0,0,0,,0
00-0022909,Roy Williams,WR,2008,3,REG,2008_03_DET_SF,DET,SF,0,0,0,0,0,0,0,0,0,0,0,0,2,0,18,0,1,0,0,0,,0,0,0,0,0,0,0,0,0,0,0,,0
00-0022910,Lee Evans,WR,2008,3,REG,2008_03_OAK_BUF,BUF,LV,0,0,0,0,0,0,0,0,0,0,0,0,4,0,65,0,3,1,0,0,,0,0,0,0,0,0,0,0,0,0,0,,0
00-0022921,Larry Fitzgerald,WR,2008,3,REG,2008_03_ARI_WAS,ARI,WAS,0,0,0,0,0,0,0,0,0,0,0,0,7,0,109,1,4,0,0,0,,0,0,0,0,0,0,0,0,0,0,0,,0
00-0022922,Kellen Winslow,TE,2008,3,REG,2008_03_CLE_BAL,CLE,BAL,0,0,0,0,0,0,0,0,0,0,0,0,2,0,14,0,1,0,0,0,,0,0,0,0,0,0,0,0,0,0,0,,0
00-0022924,Ben Roethlisberger,QB,2008,3,REG,2008_03_PIT_PHI,PIT,PHI,13,25,131,0,1,8,-35,4,6,0,0,0,0,0,0,0,0,0,0,0,,0,0,0,0,0,0,0,0,0,0,0,,0
00-0022926,Chris Perry,RB,2008,3,REG,2008_03_CIN_NYG,CIN,NYG,0,0,0,0,0,0,0,20,74,1,6,0,2,0,19,0,1,0,0,0,,0,0,0,0,0,0,0,0,0,0,0,,0
00-0022929,Devery Henderson,WR,2008,3,REG,2008_03_NO_DEN,NO,DEN,0,0,0,0,0,0,0,0,0,0,0,0,2,0,42,0,2,0,0,0,,0,0,0,0,0,0,0,0,0,0,0,,0
00-0022942,Philip Rivers,QB,2008,3,REG,2008_03_NYJ_SD,LAC,NYJ,19,25,250,3,1,0,0,3,-1,0,0,0,0,0,0,0,0,0,0,0,,0,0,0,0,0,0,0,0,0,0,0,,0
00-0022943,Benjamin Watson,TE,2008,3,REG,2008_03_MIA_NE,NE,MIA,0,0,0,0,0,0,0,0,0,0,0,0,1,0,6,0,0,0,0,0,,0,0,0,0,0,0,0,0,0,0,0,,0
00-0022954,Ben Graham,P,2008,3,REG,2008_03_NYJ_SD,NYJ,LAC,0,0,0,0,0,0,0,0,0,0,0,0,0,0,0,0,0,0,0,0,,0,0,0,0,0,0,0,0,2,76,76,40,2
00-0022984,Ryan Grant,RB,2008,3,REG,2008_03_DAL_GB,GB,DAL,0,0,0,0,0,0,0,13,54,0,1,1,0,0,0,0,0,0,0,0,,0,0,0,0,0,0,0,0,0,0,0,,0
00-0023001,Shaun Suisham,K,2008,3,REG,2008_03_ARI_WAS,WAS,ARI,0,0,0,0,0,0,0,0,0,0,0,0,0,0,0,0,0,0,1,2,48,0,0,0,1,0,0,3,3,0,0,0,,0
00-0023060,Chris Kluwe,P,2008,3,REG,2008_03_CAR_MIN,MIN,CAR,0,0,0,0,0,0,0,0,0,0,0,0,0,0,0,0,0,0,0,0,,0,0,0,0,0,0,0,0,5,263,213,55,2
00-0023063,Leonard Weaver,FB,2008,3,REG,2008_03_STL_SEA,SEA,LA,0,0,0,0,0,0,0,2,5,0,0,0,0,0,0,0,0,0,0,0,,0,0,0,0,0,0,0,0,0,0,0,,0
00-0023096,Nick Novak,K,2008,3,REG,2008_03_KC_ATL,KC,ATL,0,0,0,0,0,0,0,0,0,0,0,0,0,0,0,0,0,0,0,1,,0,0,0,0,0,0,2,2,0,0,0,,0
00-0023176,Josh Cribbs,WR,2008,3,REG,2008_03_CLE_BAL,CLE,BAL,0,0,0,0,0,0,0,0,0,0,0,0,1,0,17,0,1,0,0,0,,0,0,0,0,0,0,0,0,0,0,0,,0
00-0023179,Tony Curtis,TE,2008,3,REG,2008_03_DAL_GB,DAL,GB,0,0,0,0,0,0,0,0,0,0,0,0,1,0,6,0,0,0,0,0,,0,0,0,0,0,0,0,0,0,0,0,,0
00-0023234,Michael Koenen,P,2008,3,REG,2008_03_KC_ATL,ATL,KC,0,0,0,0,0,0,0,0,0,0,0,0,0,0,0,0,0,0,0,0,,0,0,0,0,0,0,0,0,6,259,245,51,3
00-0023252,Robbie Gould,K,2008,3,REG,2008_03_TB_CHI,CHI,TB,0,0,0,0,0,0,0,0,0,0,0,0,0,0,0,0,0,0,3,4,43,0,1,0,2,0,0,1,1,0,0,0,,0
00-0023310,Lance Moore,WR,2008,3,REG,2008_03_NO_DEN,NO,DEN,0,0,0,0,0,0,0,0,0,0,0,0,7,0,78,0,3,0,0,0,,0,0,0,0,0,0,0,0,0,0,0,,0
00-0023367,Nate Washington,WR,2008,3,REG,2008_03_PIT_PHI,PIT,PHI,0,0,0,0,0,0,0,0,0,0,0,0,5,0,51,0,2,0,0,0,,0,0,0,0,0,0,0,0,0,0,0,,0
00-0023384,Zak Keasey,FB,2008,3,REG,2008_03_DET_SF,SF,DET,0,0,0,0,0,0,0,0,0,0,0,0,1,0,12,0,1,0,0,0,,0,0,0,0,0,0,0,0,0,0,0,,0
00-0023408,Greg Camarillo,WR,2008,3,REG,2008_03_MIA_NE,MIA,NE,0,0,0,0,0,0,0,0,0,0,0,0,4,0,60,0,3,0,0,0,,0,0,0,0,0,0,0,0,0,0,0,,0
00-0023429,Rashied Davis,WR,2008,3,REG,2008_03_TB_CHI,CHI,TB,0,0,0,0,0,0,0,0,0,0,0,0,3,0,37,0,2,0,0,0,,0,0,0,0,0,0,0,0,0,0,0,,0
00-0023437,Ronnie Brown,RB,2008,3,REG,2008_03_MIA_NE,MIA,NE,1,1,19,1,0,0,0,17,113,4,6,0,1,0,9,0,0,0,0,0,,0,0,0,0,0,0,0,0,0,0,0,,0
00-0023438,Braylon Edwards,WR,2008,3,REG,2008_03_CLE_BAL,CLE,BAL,0,0,0,0,0,0,0,0,0,0,0,0,3,0,27,0,2,0,0,0,,0,0,0,0,0,0,0,0,0,0,0,,0
00-0023456,Matt Jones,WR,2008,3,REG,2008_03_JAX_IND,JAX,IND,0,0,0,0,0,0,0,0,0,0,0,0,4,0,32,0,4,0,0,0,,0,0,0,0,0,0,0,0,0,0,0,,0
00-0023457,Mark Clayton,WR,2008,3,REG,2008_03_CLE_BAL,BAL,CLE,0,0,0,0,0,0,0,0,0,0,0,0,2,0,14,0,1,0,0,0,,0,0,0,0,0,0,0,0,0,0,0,,0
00-0023459,Aaron Rodgers,QB,2008,3,REG,2008_03_DAL_GB,GB,DAL,22,39,290,0,0,5,-40,5,10,1,1,0,0,0,0,0,0,0,0,0,,0,0,0,0,0,0,0,0,0,0,0,,0
00-0023460,Jason Campbell,QB,2008,3,REG,2008_03_ARI_WAS,WAS,ARI,22,30,193,2,0,2,-17,4,26,0,2,0,0,0,0,0,0,0,0,0,,0,0,0,0,0,0,0,0,0,0,0,,0
00-0023462,Roddy White,WR,2008,3,REG,2008_03_KC_ATL,ATL,KC,0,0,0,0,0,0,0,0,0,0,0,0,5,0,119,1,5,0,0,0,,0,0,0,0,0,0,0,0,0,0,0,,0
00-0023465,Heath Miller,TE,2008,3,REG,2008_03_PIT_PHI,PIT,PHI,0,0,0,0,0,0,0,0,0,0,0,0,4,0,63,0,3,0,0,0,,0,0,0,0,0,0,0,0,0,0,0,,0
00-0023490,Roscoe Parrish,WR,2008,3,REG,2008_03_OAK_BUF,BUF,LV,0,0,0,0,0,0,0,0,0,0,0,0,3,0,42,1,3,0,0,0,,0,0,0,0,0,0,0,0,0,0,0,,0
00-0023496,Vincent Jackson,WR,2008,3,REG,2008_03_NYJ_SD,LAC,NYJ,0,0,0,0,0,0,0,0,0,0,0,0,3,0,74,0,3,0,0,0,,0,0,0,0,0,0,0,0,0,0,0,,0
00-0023500,Frank Gore,RB,2008,3,REG,2008_03_DET_SF,SF,DET,0,0,0,0,0,0,0,27,130,1,7,0,4,0,32,0,1,0,0,0,,0,0,0,0,0,0,0,0,0,0,0,,0
00-0023506,Alex Smith,TE,2008,3,REG,2008_03_TB_CHI,TB,CHI,0,0,0,0,0,0,0,0,0,0,0,0,3,0,33,0,1,0,0,0,,0,0,0,0,0,0,0,0,0,0,0,,0
00-0023531,Brandon Jones,WR,2008,3,REG,2008_03_HOU_TEN,TEN,HOU,0,0,0,0,0,0,0,0,0,0,0,0,2,0,21,0,2,0,0,0,,0,0,0,0,0,0,0,0,0,0,0,,0
00-0023534,Dustin Colquitt,P,2008,3,REG,2008_03_KC_ATL,KC,ATL,0,0,0,0,0,0,0,0,0,0,0,0,0,0,0,0,0,0,0,0,,0,0,0,0,0,0,0,0,6,309,272,57,2
00-0023541,Kyle Orton,QB,2008,3,REG,2008_03_TB_CHI,CHI,TB,22,34,268,2,2,3,-21,6,21,0,2,0,0,0,0,0,0,0,0,0,,0,0,0,0,0,0,0,0,0,0,0,,0
00-0023544,Marion Barber,RB,2008,3,REG,2008_03_DAL_GB,DAL,GB,0,0,0,0,0,0,0,28,142,1,11,1,3,0,15,0,1,0,0,0,,0,0,0,0,0,0,0,0,0,0,0,,0
00-0023545,Brandon Jacobs,RB,2008,3,REG,2008_03_CIN_NYG,NYG,CIN,0,0,0,0,0,0,0,14,35,1,4,0,0,0,0,0,0,0,0,0,,0,0,0,0,0,0,0,0,0,0,0,,0
00-0023564,Darren Sproles,RB,2008,3,REG,2008_03_NYJ_SD,LAC,NYJ,0,0,0,0,0,0,0,5,38,0,2,0,2,0,39,0,2,0,0,0,,0,0,0,0,0,0,0,0,0,0,0,,0
00-0023578,Dan Orlovsky,QB,2008,3,REG,2008_03_DET_SF,DET,SF,0,1,0,0,1,0,0,0,0,0,0,0,0,0,0,0,0,0,0,0,,0,0,0,0,0,0,0,0,0,0,0,,0
00-0023612,Bo Scaife,TE,2008,3,REG,2008_03_HOU_TEN,TEN,HOU,0,0,0,0,0,0,0,0,0,0,0,0,3,0,26,1,2,0,0,0,,0,0,0,0,0,0,0,0,0,0,0,,0
00-0023645,Derek Anderson,QB,2008,3,REG,2008_03_CLE_BAL,CLE,BAL,14,37,125,1,3,5,-29,1,2,0,0,0,0,0,0,0,0,0,0,0,,0,0,0,0,0,0,0,0,0,0,0,,0
00-0023662,Matt Cassel,QB,2008,3,REG,2008_03_MIA_NE,NE,MIA,19,31,131,1,1,3,-17,3,5,0,0,1,0,0,0,0,0,0,0,0,,0,0,0,0,0,0,0,0,0,0,0,,0
00-0023683,Madison Hedgecock,FB,2008,3,REG,2008_03_CIN_NYG,NYG,CIN,0,0,0,0,0,0,0,0,0,0,0,0,1,0,9,0,0,0,0,0,,0,0,0,0,0,0,0,0,0,0,0,,0
00-0023742,Jon Ryan,P,2008,3,REG,2008_03_STL_SEA,SEA,LA,0,0,0,0,0,0,0,0,0,0,0,0,0,0,0,0,0,0,0,0,,0,0,0,0,0,0,0,0,3,126,98,46,1
00-0023764,Andre Hall,RB,2008,3,REG,2008_03_NO_DEN,DEN,NO,0,0,0,0,0,0,0,6,25,0,1,0,0,0,0,0,0,0,0,0,,0,0,0,0,0,0,0,0,0,0,0,,0
00-0023774,Naufahu Tahi,FB,2008,3,REG,2008_03_CAR_MIN,MIN,CAR,0,0,0,0,0,0,0,0,0,0,0,0,2,0,6,0,1,0,0,0,,0,0,0,0,0,0,0,0,0,0,0,,0
00-0023806,DeDe Dorsey,RB,2008,3,REG,2008_03_CIN_NYG,CIN,NYG,0,0,0,0,0,0,0,2,-2,0,0,0,0,0,0,0,0,0,0,0,,0,0,0,0,0,0,0,0,0,0,0,,0
00-0023844,Chris Taylor,RB,2008,3,REG,2008_03_HOU_TEN,HOU,TEN,0,0,0,0,0,0,0,6,15,0,0,0,0,0,0,0,0,0,0,0,,0,0,0,0,0,0,0,0,0,0,0,,0
00-0023853,Matt Prater,K,2008,3,REG,2008_03_NO_DEN,DEN,NO,0,0,0,0,0,0,0,0,0,0,0,0,0,0,0,0,0,0,2,2,34,0,1,1,0,0,0,4,4,0,0,0,,0
00-0023921,Miles Austin,WR,2008,3,REG,2008_03_DAL_GB,DAL,GB,0,0,0,0,0,0,0,0,0,0,0,0,2,0,115,1,2,0,0,0,,0,0,0,0,0,0,0,0,0,0,0,,0
00-0024013,Hank Baskett,WR,2008,3,REG,2008_03_PIT_PHI,PHI,PIT,0,0,0,0,0,0,0,0,0,0,0,0,8,0,85,0,5,0,0,0,,0,0,0,0,0,0,0,0,0,0,0,,0
00-0024103,Montell Owens,RB,2008,3,REG,2008_03_JAX_IND,JAX,IND,0,0,0,0,0,0,0,0,0,0,0,0,1,0,10,0,1,0,0,0,,0,0,0,0,0,0,0,0,0,0,0,,0
00-0024110,Steve Weatherford,P,2008,3,REG,2008_03_NO_DEN,NO,DEN,0,0,0,0,0,0,0,0,0,0,0,0,0,0,0,0,0,0,0,0,,0,0,0,0,0,0,0,0,2,114,72,60,0
00-0024172,Patrick Cobbs,RB,2008,3,REG,2008_03_MIA_NE,MIA,NE,0,0,0,0,0,0,0,3,5,0,0,0,0,0,0,0,0,0,0,0,,0,0,0,0,0,0,0,0,0,0,0,,0
00-0024204,Fred Jackson,RB,2008,3,REG,2008_03_OAK_BUF,BUF,LV,0,0,0,0,0,0,0,5,24,0,2,0,1,0,1,0,0,0,0,0,,0,0,0,0,0,0,0,0,0,0,0,,0
00-0024217,Reggie Bush,RB,2008,3,REG,2008_03_NO_DEN,NO,DEN,0,0,0,0,0,0,0,18,73,1,5,1,11,0,75,1,6,0,0,0,,0,0,0,0,0,0,0,0,0,0,0,,0
00-0024221,Vernon Davis,TE,2008,3,REG,2008_03_DET_SF,SF,DET,0,0,0,0,0,0,0,0,0,0,0,0,1,0,17,0,1,0,0,0,,0,0,0,0,0,0,0,0,0,0,0,,0
00-0024226,Jay Cutler,QB,2008,3,REG,2008_03_NO_DEN,DEN,NO,21,34,264,2,1,0,0,1,7,0,1,0,0,0,0,0,0,0,0,0,,0,0,0,0,0,0,0,0,0,0,0,,0
00-0024240,Santonio Holmes,WR,2008,3,REG,2008_03_PIT_PHI,PIT,PHI,0,0,0,0,0,0,0,0,0,0,0,0,3,0,32,0,2,0,0,0,,0,0,0,0,0,0,0,0,0,0,0,,0
00-0024242,DeAngelo Williams,RB,2008,3,REG,2008_03_CAR_MIN,CAR,MIN,0,0,0,0,0,0,0,10,27,0,1,0,2,0,17,0,0,0,0,0,,0,0,0,0,0,0,0,0,0,0,0,,0
00-0024243,Marcedes Lewis,TE,2008,3,REG,2008_03_JAX_IND,JAX,IND,0,0,0,0,0,0,0,0,0,0,0,0,2,0,21,0,1,0,0,0,,0,0,0,0,0,0,0,0,0,0,0,,0
00-0024245,Joseph Addai,RB,2008,3,REG,2008_03_JAX_IND,IND,JAX,0,0,0,0,0,0,0,16,78,2,7,0,1,0,10,0,0,0,0,0,,0,0,0,0,0,0,0,0,0,0,0,,0
00-0024260,LenDale White,RB,2008,3,REG,2008_03_HOU_TEN,TEN,HOU,0,0,0,0,0,0,0,16,49,2,3,0,0,0,0,0,0,0,0,0,,0,0,0,0,0,0,0,0,0,0,0,,0
00-0024264,Kellen Clemens,QB,2008,3,REG,2008_03_NYJ_SD,NYJ,LAC,3,5,26,0,1,0,0,0,0,0,0,0,0,0,0,0,0,0,0,0,,0,0,0,0,0,0,0,0,0,0,0,,0
00-0024267,Greg Jennings,WR,2008,3,REG,2008_03_DAL_GB,GB,DAL,0,0,0,0,0,0,0,0,0,0,0,0,8,0,115,0,5,0,0,0,,0,0,0,0,0,0,0,0,0,0,0,,0
00-0024268,Anthony Fasano,TE,2008,3,REG,2008_03_MIA_NE,MIA,NE,0,0,0,0,0,0,0,0,0,0,0,0,3,0,66,1,3,0,0,0,,0,0,0,0,0,0,0,0,0,0,0,,0
00-0024275,Maurice Jones-Drew,RB,2008,3,REG,2008_03_JAX_IND,JAX,IND,0,0,0,0,0,0,0,19,107,1,8,0,4,0,59,0,2,0,0,0,,0,0,0,0,0,0,0,0,0,0,0,,0
00-0024276,Tony Scheffler,TE,2008,3,REG,2008_03_NO_DEN,DEN,NO,0,0,0,0,0,0,0,0,0,0,0,0,4,0,32,0,1,1,0,0,,0,0,0,0,0,0,0,0,0,0,0,,0
00-0024294,Jerious Norwood,RB,2008,3,REG,2008_03_KC_ATL,ATL,KC,0,0,0,0,0,0,0,11,75,0,2,0,1,0,30,0,1,0,0,0,,0,0,0,0,0,0,0,0,0,0,0,,0
00-0024301,David Thomas,TE,2008,3,REG,2008_03_MIA_NE,NE,MIA,0,0,0,0,0,0,0,0,0,0,0,0,1,0,4,0,0,0,0,0,,0,0,0,0,0,0,0,0,0,0,0,,0
00-0024305,Maurice Stovall,WR,2008,3,REG,2008_03_TB_CHI,TB,CHI,0,0,0,0,0,0,0,0,0,0,0,0,2,0,16,0,0,1,0,0,,0,0,0,0,0,0,0,0,0,0,0,,0
00-0024313,Owen Daniels,TE,2008,3,REG,2008_03_HOU_TEN,HOU,TEN,0,0,0,0,0,0,0,0,0,0,0,0,4,0,71,0,4,0,0,0,,0,0,0,0,0,0,0,0,0,0,0,,0
00-0024321,Garrett Mills,TE,2008,3,REG,2008_03_CAR_MIN,MIN,CAR,0,0,0,0,0,0,0,0,0,0,0,0,1,0,10,0,1,0,0,0,,0,0,0,0,0,0,0,0,0,0,0,,0
00-0024324,Jason Avant,WR,2008,3,REG,2008_03_PIT_PHI,PHI,PIT,0,0,0,0,0,0,0,0,0,0,0,0,2,0,24,0,1,0,0,0,,0,0,0,0,0,0,0,0,0,0,0,,0
00-0024326,Demetrius Williams,WR,2008,3,REG,2008_03_CLE_BAL,BAL,CLE,0,0,0,0,0,0,0,0,0,0,0,0,3,0,26,0,0,0,0,0,,0,0,0,0,0,0,0,0,0,0,0,,0
00-0024332,Leon Washington,RB,2008,3,REG,2008_03_NYJ_SD,NYJ,LAC,0,0,0,0,0,0,0,1,-1,0,0,0,2,0,20,0,0,0,0,0,,0,0,0,0,0,0,0,0,0,0,0,,0
00-0024333,Stephen Gostkowski,K,2008,3,REG,2008_03_MIA_NE,NE,MIA,0,0,0,0,0,0,0,0,0,0,0,0,0,0,0,0,0,0,2,2,44,0,0,1,1,0,0,1,1,0,0,0,,0
00-0024334,Brandon Marshall,WR,2008,3,REG,2008_03_NO_DEN,DEN,NO,0,0,0,0,0,0,0,0,0,0,0,0,6,0,155,1,6,0,0,0,,0,0,0,0,0,0,0,0,0,0,0,,0
00-0024345,Domenik Hixon,WR,2008,3,REG,2008_03_CIN_NYG,NYG,CIN,0,0,0,0,0,0,0,0,0,0,0,0,3,0,29,0,2,0,0,0,,0,0,0,0,0,0,0,0,0,0,0,,0
00-0024358,Marques Hagans,WR,2008,3,REG,2008_03_KC_ATL,KC,ATL,0,0,0,0,0,0,0,0,0,0,0,0,1,0,7,0,1,0,0,0,,0,0,0,0,0,0,0,0,0,0,0,,0
00-0024359,Jerome Harrison,RB,2008,3,REG,2008_03_CLE_BAL,CLE,BAL,0,0,0,0,0,0,0,0,0,0,0,0,1,0,19,1,1,0,0,0,,0,0,0,0,0,0,0,0,0,0,0,,0
00-0024369,Jeff King,TE,2008,3,REG,2008_03_CAR_MIN,CAR,MIN,0,0,0,0,0,0,0,0,0,0,0,0,3,0,22,0,1,0,0,0,,0,0,0,0,0,0,0,0,0,0,0,,0
00-0024389,Delanie Walker,TE,2008,3,REG,2008_03_DET_SF,SF,DET,0,0,0,0,0,0,0,0,0,0,0,0,3,0,44,1,3,0,0,0,,0,0,0,0,0,0,0,0,0,0,0,,0
00-0024394,Lawrence Vickers,FB,2008,3,REG,2008_03_CLE_BAL,CLE,BAL,0,0,0,0,0,0,0,1,4,0,1,0,2,0,21,0,1,0,0,0,,0,0,0,0,0,0,0,0,0,0,0,,0
00-0024417,Sam Koch,P,2008,3,REG,2008_03_CLE_BAL,BAL,CLE,0,0,0,0,0,0,0,0,0,0,0,0,0,0,0,0,0,0,0,0,,0,0,0,0,0,0,0,0,3,146,122,59,0
00-0024489,Ahmard Hall,FB,2008,3,REG,2008_03_HOU_TEN,TEN,HOU,0,0,0,0,0,0,0,1,1,0,1,0,0,0,0,0,0,0,0,0,,0,0,0,0,0,0,0,0,0,0,0,,0
00-0024515,Sav Rocca,P,2008,3,REG,2008_03_PIT_PHI,PHI,PIT,0,0,0,0,0,0,0,0,0,0,0,0,0,0,0,0,0,0,0,0,,0,0,0,0,0,0,0,0,5,222,217,64,3
00-0024549,Selvin Young,RB,2008,3,REG,2008_03_NO_DEN,DEN,NO,0,0,0,0,0,0,0,11,65,0,3,0,1,0,7,0,0,0,0,0,,0,0,0,0,0,0,0,0,0,0,0,,0
00-0024813,Pierre Thomas,RB,2008,3,REG,2008_03_NO_DEN,NO,DEN,0,0,0,0,0,0,0,6,15,2,2,0,3,0,8,0,0,0,0,0,,0,0,0,0,0,0,0,0,0,0,0,,0
00-0025388,JaMarcus Russell,QB,2008,3,REG,2008_03_OAK_BUF,LV,BUF,9,19,156,1,0,1,-7,1,1,1,1,0,0,0,0,0,0,0,0,0,,0,0,0,0,0,0,0,0,0,0,0,,0
00-0025389,Calvin Johnson,WR,2008,3,REG,2008_03_DET_SF,DET,SF,0,0,0,0,0,0,0,0,0,0,0,0,4,0,40,0,2,0,0,0,,0,0,0,0,0,0,0,0,0,0,0,,0
00-0025394,Adrian Peterson,RB,2008,3,REG,2008_03_CAR_MIN,MIN,CAR,0,0,0,0,0,0,0,17,77,0,4,0,0,0,0,0,0,0,0,0,,0,0,0,0,0,0,0,0,0,0,0,,0
00-0025396,Ted Ginn,WR,2008,3,REG,2008_03_MIA_NE,MIA,NE,0,0,0,0,0,0,0,0,0,0,0,0,5,0,49,0,3,0,0,0,,0,0,0,0,0,0,0,0,0,0,0,,0
00-0025399,Marshawn Lynch,RB,2008,3,REG,2008_03_OAK_BUF,BUF,LV,0,0,0,0,0,0,0,23,83,2,6,0,4,0,31,0,3,0,0,0,,0,0,0,0,0,0,0,0,0,0,0,,0
00-0025410,Dwayne Bowe,WR,2008,3,REG,2008_03_KC_ATL,KC,ATL,0,0,0,0,0,0,0,0,0,0,0,0,4,0,43,1,2,0,0,0,,0,0,0,0,0,0,0,0,0,0,0,,0
00-0025414,Robert Meachem,WR,2008,3,REG,2008_03_NO_DEN,NO,DEN,0,0,0,0,0,0,0,0,0,0,0,0,2,0,86,0,2,0,0,0,,0,0,0,0,0,0,0,0,0,0,0,,0
00-0025417,Craig Davis,WR,2008,3,REG,2008_03_NYJ_SD,LAC,NYJ,0,0,0,0,0,0,0,0,0,0,0,0,3,0,43,0,3,0,0,0,,0,0,0,0,0,0,0,0,0,0,0,,0
00-0025418,Greg Olsen,TE,2008,3,REG,2008_03_TB_CHI,CHI,TB,0,0,0,0,0,0,0,0,0,0,0,0,2,0,16,0,1,0,0,0,,0,0,0,0,0,0,0,0,0,0,0,,0
00-0025419,Anthony Gonzalez,WR,2008,3,REG,2008_03_JAX_IND,IND,JAX,0,0,0,0,0,0,0,0,0,0,0,0,2,0,37,0,1,0,0,0,,0,0,0,0,0,0,0,0,0,0,0,,0
00-0025423,Kevin Kolb,QB,2008,3,REG,2008_03_PIT_PHI,PHI,PIT,2,3,18,0,1,0,0,0,0,0,0,0,0,0,0,0,0,0,0,0,,0,0,0,0,0,0,0,0,0,0,0,,0
00-0025438,Steve Smith,WR,2008,3,REG,2008_03_CIN_NYG,NYG,CIN,0,0,0,0,0,0,0,0,0,0,0,0,7,0,60,0,2,0,0,0,,0,0,0,0,0,0,0,0,0,0,0,,0
00-0025450,Brandon Jackson,RB,2008,3,REG,2008_03_DAL_GB,GB,DAL,0,0,0,0,0,0,0,3,20,0,2,0,1,0,16,0,0,0,0,0,,0,0,0,0,0,0,0,0,0,0,0,,0
00-0025458,Lorenzo Booker,RB,2008,3,REG,2008_03_PIT_PHI,PHI,PIT,0,0,0,0,0,0,0,5,11,0,0,0,2,0,5,0,1,0,0,0,,0,0,0,0,0,0,0,0,0,0,0,,0
00-0025462,Laurent Robinson,WR,2008,3,REG,2008_03_KC_ATL,ATL,KC,0,0,0,0,0,0,0,0,0,0,0,0,1,0,7,0,0,0,0,0,,0,0,0,0,0,0,0,0,0,0,0,,0
00-0025466,Mike Sims-Walker,WR,2008,3,REG,2008_03_JAX_IND,JAX,IND,0,0,0,0,0,0,0,0,0,0,0,0,1,0,8,0,1,0,0,0,,0,0,0,0,0,0,0,0,0,0,0,,0
00-0025477,Tony Hunt,RB,2008,3,REG,2008_03_PIT_PHI,PHI,PIT,0,0,0,0,0,0,0,0,0,0,0,0,2,0,12,0,1,1,0,0,,0,0,0,0,0,0,0,0,0,0,0,,0
00-0025479,Trent Edwards,QB,2008,3,REG,2008_03_OAK_BUF,BUF,LV,24,39,279,1,1,3,-17,2,9,0,0,0,0,0,0,0,0,0,0,0,,0,0,0,0,0,0,0,0,0,0,0,,0
00-0025480,Garrett Wolfe,RB,2008,3,REG,2008_03_TB_CHI,CHI,TB,0,0,0,0,0,0,0,1,38,0,1,0,0,0,0,0,0,0,0,0,,0,0,0,0,0,0,0,0,0,0,0,,0
00-0025486,Johnnie Lee Higgins,WR,2008,3,REG,2008_03_OAK_BUF,LV,BUF,0,0,0,0,0,0,0,0,0,0,0,0,1,0,84,1,1,0,0,0,,0,0,0,0,0,0,0,0,0,0,0,,0
00-0025487,Michael Bush,RB,2008,3,REG,2008_03_OAK_BUF,LV,BUF,0,0,0,0,0,0,0,14,55,0,2,0,1,0,5,0,0,0,0,0,,0,0,0,0,0,0,0,0,0,0,0,,0
00-0025488,Adam Podlesh,P,2008,3,REG,2008_03_JAX_IND,JAX,IND,0,0,0,0,0,0,0,0,0,0,0,0,0,0,0,0,0,0,0,0,,0,0,0,0,0,0,0,0,1,60,60,60,1
00-0025515,Chris Davis,WR,2008,3,REG,2008_03_HOU_TEN,TEN,HOU,0,0,0,0,0,0,0,0,0,0,0,0,1,0,21,0,1,0,0,0,,0,0,0,0,0,0,0,0,0,0,0,,0
00-0025524,Le'Ron McClain,FB,2008,3,REG,2008_03_CLE_BAL,BAL,CLE,0,0,0,0,0,0,0,17,66,2,5,0,1,0,4,0,0,0,0,0,,0,0,0,0,0,0,0,0,0,0,0,,0
00-0025533,Aundrae Allison,WR,2008,3,REG,2008_03_CAR_MIN,MIN,CAR,0,0,0,0,0,0,0,0,0,0,0,0,1,0,5,0,1,0,0,0,,0,0,0,0,0,0,0,0,0,0,0,,0
00-0025535,Kolby Smith,RB,2008,3,REG,2008_03_KC_ATL,KC,ATL,0,0,0,0,0,0,0,1,7,0,1,0,1,0,8,0,0,0,0,0,,0,0,0,0,0,0,0,0,0,0,0,,0
00-0025540,Kevin Boss,TE,2008,3,REG,2008_03_CIN_NYG,NYG,CIN,0,0,0,0,0,0,0,0,0,0,0,0,3,0,51,1,3,0,0,0,,0,0,0,0,0,0,0,0,0,0,0,,0
00-0025542,Dante Rosario,TE,2008,3,REG,2008_03_CAR_MIN,CAR,MIN,0,0,0,0,0,0,0,0,0,0,0,0,2,0,18,0,1,0,0,0,,0,0,0,0,0,0,0,0,0,0,0,,0
00-0025565,Nick Folk,K,2008,3,REG,2008_03_DAL_GB,DAL,GB,0,0,0,0,0,0,0,0,0,0,0,0,0,0,0,0,0,0,2,2,39,0,1,1,0,0,0,3,3,0,0,0,,0
00-0025580,Mason Crosby,K,2008,3,REG,2008_03_DAL_GB,GB,DAL,0,0,0,0,0,0,0,0,0,0,0,0,0,0,0,0,0,0,3,3,38,0,0,3,0,0,0,1,1,0,0,0,,0
00-0025584,Courtney Taylor,WR,2008,3,REG,2008_03_STL_SEA,SEA,LA,0,0,0,0,0,0,0,0,0,0,0,0,1,0,11,0,1,0,0,0,,0,0,0,0,0,0,0,0,0,0,0,,0
00-0025602,Ben Patrick,TE,2008,3,REG,2008_03_ARI_WAS,ARI,WAS,0,0,0,0,0,0,0,0,0,0,0,0,1,0,19,0,1,0,0,0,,0,0,0,0,0,0,0,0,0,0,0,,0
00-0025604,Tyler Thigpen,QB,2008,3,REG,2008_03_KC_ATL,KC,ATL,14,36,128,1,3,2,-11,1,18,0,1,0,0,0,0,0,0,0,0,0,,0,0,0,0,0,0,0,0,0,0,0,,0
00-0025612,Brandon Fields,P,2008,3,REG,2008_03_MIA_NE,MIA,NE,0,0,0,0,0,0,0,0,0,0,0,0,0,0,0,0,0,0,0,0,,0,0,0,0,0,0,0,0,4,189,155,60,2
00-0025621,Syndric Steptoe,WR,2008,3,REG,2008_03_CLE_BAL,CLE,BAL,0,0,0,0,0,0,0,0,0,0,0,0,2,0,6,0,0,0,0,0,,0,0,0,0,0,0,0,0,0,0,0,,0
00-0025622,Chansi Stuckey,WR,2008,3,REG,2008_03_NYJ_SD,NYJ,LAC,0,0,0,0,0,0,0,0,0,0,0,0,6,0,42,1,4,0,0,0,,0,0,0,0,0,0,0,0,0,0,0,,0
00-0025637,Ahmad Bradshaw,RB,2008,3,REG,2008_03_CIN_NYG,NYG,CIN,0,0,0,0,0,0,0,2,2,0,0,0,1,0,5,0,0,0,0,0,,0,0,0,0,0,0,0,0,0,0,0,,0
00-0025672,Tim Castille,FB,2008,3,REG,2008_03_ARI_WAS,ARI,WAS,0,0,0,0,0,0,0,0,0,0,0,0,1,0,4,0,0,0,0,0,,0,0,0,0,0,0,0,0,0,0,0,,0
00-0025825,Brett Kern,P,2008,3,REG,2008_03_NO_DEN,DEN,NO,0,0,0,0,0,0,0,0,0,0,0,0,0,0,0,0,0,0,0,0,,0,0,0,0,0,0,0,0,2,105,75,56,0
00-0025892,Michael Bumpus,WR,2008,3,REG,2008_03_STL_SEA,SEA,LA,0,0,0,0,0,0,0,0,0,0,0,0,2,0,29,1,2,0,0,0,,0,0,0,0,0,0,0,0,0,0,0,,0
00-0026000,Davone Bess,WR,2008,3,REG,2008_03_MIA_NE,MIA,NE,0,0,0,0,0,0,0,0,0,0,0,0,1,0,4,0,0,0,0,0,,0,0,0,0,0,0,0,0,0,0,0,,0
00-0026003,Dan Carpenter,K,2008,3,REG,2008_03_MIA_NE,MIA,NE,0,0,0,0,0,0,0,0,0,0,0,0,0,0,0,0,0,0,1,1,39,0,0,1,0,0,0,5,5,0,0,0,,0
00-0026069,Mike Tolbert,FB,2008,3,REG,2008_03_NYJ_SD,LAC,NYJ,0,0,0,0,0,0,0,0,0,0,0,0,4,0,17,1,1,0,0,0,,0,0,0,0,0,0,0,0,0,0,0,,0
00-0026143,Matt Ryan,QB,2008,3,REG,2008_03_KC_ATL,ATL,KC,12,18,192,1,0,0,0,1,15,0,1,0,0,0,0,0,0,0,0,0,,0,0,0,0,0,0,0,0,0,0,0,,0
00-0026144,Darren McFadden,RB,2008,3,REG,2008_03_OAK_BUF,LV,BUF,0,0,0,0,0,0,0,14,42,0,3,0,3,0,6,0,0,0,0,0,,0,0,0,0,0,0,0,0,0,0,0,,0
00-0026153,Jonathan Stewart,RB,2008,3,REG,2008_03_CAR_MIN,CAR,MIN,0,0,0,0,0,0,0,7,15,1,1,0,0,0,0,0,0,0,0,0,,0,0,0,0,0,0,0,0,0,0,0,,0
00-0026158,Joe Flacco,QB,2008,3,REG,2008_03_CLE_BAL,BAL,CLE,13,19,129,0,2,1,-7,6,-2,0,1,0,0,0,0,0,0,0,0,0,,0,0,0,0,0,0,0,0,0,0,0,,0
00-0026162,Felix Jones,RB,2008,3,REG,2008_03_DAL_GB,DAL,GB,0,0,0,0,0,0,0,6,76,1,2,0,1,0,3,0,0,0,0,0,,0,0,0,0,0,0,0,0,0,0,0,,0
00-0026163,Rashard Mendenhall,RB,2008,3,REG,2008_03_PIT_PHI,PIT,PHI,0,0,0,0,0,0,0,0,0,0,0,0,1,0,11,0,1,0,0,0,,0,0,0,0,0,0,0,0,0,0,0,,0
00-0026164,Chris Johnson,RB,2008,3,REG,2008_03_HOU_TEN,TEN,HOU,0,0,0,0,0,0,0,16,74,0,3,0,2,0,5,0,0,0,0,0,,0,0,0,0,0,0,0,0,0,0,0,,0
00-0026170,Dustin Keller,TE,2008,3,REG,2008_03_NYJ_SD,NYJ,LAC,0,0,0,0,0,0,0,0,0,0,0,0,4,0,41,1,2,0,0,0,,0,0,0,0,0,0,0,0,0,0,0,,0
00-0026173,Donnie Avery,WR,2008,3,REG,2008_03_STL_SEA,LA,SEA,0,0,0,0,0,0,0,0,0,0,0,0,3,0,24,0,2,0,0,0,,0,0,0,0,0,0,0,0,0,0,0,,0
00-0026174,Devin Thomas,WR,2008,3,REG,2008_03_ARI_WAS,WAS,ARI,0,0,0,0,0,0,0,1,16,0,1,0,1,0,7,0,0,0,0,0,,0,0,0,0,0,0,0,0,0,0,0,,0
00-0026176,Jordy Nelson,WR,2008,3,REG,2008_03_DAL_GB,GB,DAL,0,0,0,0,0,0,0,0,0,0,0,0,4,0,42,0,3,0,0,0,,0,0,0,0,0,0,0,0,0,0,0,,0
00-0026178,John Carlson,TE,2008,3,REG,2008_03_STL_SEA,SEA,LA,0,0,0,0,0,0,0,0,0,0,0,0,2,0,38,0,2,0,0,0,,0,0,0,0,0,0,0,0,0,0,0,,0
00-0026182,Eddie Royal,WR,2008,3,REG,2008_03_NO_DEN,DEN,NO,0,0,0,0,0,0,0,1,6,0,0,0,4,0,11,0,0,0,0,0,,0,0,0,0,0,0,0,0,0,0,0,,0
00-0026184,Matt Forte,RB,2008,3,REG,2008_03_TB_CHI,CHI,TB,0,0,0,0,0,0,0,27,89,0,4,0,7,0,66,1,5,0,0,0,,0,0,0,0,0,0,0,0,0,0,0,,0
00-0026189,DeSean Jackson,WR,2008,3,REG,2008_03_PIT_PHI,PHI,PIT,0,0,0,0,0,0,0,1,1,0,0,0,5,0,40,0,2,0,0,0,,0,0,0,0,0,0,0,0,0,0,0,,0
00-0026195,Ray Rice,RB,2008,3,REG,2008_03_CLE_BAL,BAL,CLE,0,0,0,0,0,0,0,5,21,0,2,0,0,0,0,0,0,0,0,0,,0,0,0,0,0,0,0,0,0,0,0,,0
00-0026201,Martellus Bennett,TE,2008,3,REG,2008_03_DAL_GB,DAL,GB,0,0,0,0,0,0,0,0,0,0,0,0,1,0,37,0,1,0,0,0,,0,0,0,0,0,0,0,0,0,0,0,,0
00-0026204,Kevin Smith,RB,2008,3,REG,2008_03_DET_SF,DET,SF,0,0,0,0,0,0,0,3,14,0,0,0,0,0,0,0,0,0,0,0,,0,0,0,0,0,0,0,0,0,0,0,,0
00-0026209,Jacob Hester,RB,2008,3,REG,2008_03_NYJ_SD,LAC,NYJ,0,0,0,0,0,0,0,1,3,0,0,0,0,0,0,0,0,0,0,0,,0,0,0,0,0,0,0,0,0,0,0,,0
00-0026213,Jamaal Charles,RB,2008,3,REG,2008_03_KC_ATL,KC,ATL,0,0,0,0,0,0,0,7,38,0,3,0,3,0,24,0,2,0,0,0,,0,0,0,0,0,0,0,0,0,0,0,,0
00-0026224,Harry Douglas,WR,2008,3,REG,2008_03_KC_ATL,ATL,KC,0,0,0,0,0,0,0,1,-8,0,0,0,2,0,10,0,0,0,0,0,,0,0,0,0,0,0,0,0,0,0,0,,0
00-0026229,Steve Slaton,RB,2008,3,REG,2008_03_HOU_TEN,HOU,TEN,0,0,0,0,0,0,0,18,116,1,6,0,4,0,8,0,0,0,0,0,,0,0,0,0,0,0,0,0,0,0,0,,0
00-0026234,Kevin O'Connell,QB,2008,3,REG,2008_03_MIA_NE,NE,MIA,3,4,25,0,0,1,-2,0,0,0,0,0,0,0,0,0,0,0,0,0,,0,0,0,0,0,0,0,0,0,0,0,,0
00-0026289,Tim Hightower,RB,2008,3,REG,2008_03_ARI_WAS,ARI,WAS,0,0,0,0,0,0,0,5,23,0,2,0,3,0,38,0,2,0,0,0,,0,0,0,0,0,0,0,0,0,0,0,,0
00-0026303,Owen Schmitt,FB,2008,3,REG,2008_03_STL_SEA,SEA,LA,0,0,0,0,0,0,0,1,2,0,0,0,0,0,0,0,0,0,0,0,,0,0,0,0,0,0,0,0,0,0,0,,0
00-0026308,Durant Brooks,P,2008,3,REG,2008_03_ARI_WAS,WAS,ARI,0,0,0,0,0,0,0,0,0,0,0,0,0,0,0,0,0,0,0,0,,0,0,0,0,0,0,0,0,4,171,168,56,2
00-0026314,Josh Morgan,WR,2008,3,REG,2008_03_DET_SF,SF,DET,0,0,0,0,0,0,0,0,0,0,0,0,1,0,18,0,1,0,0,0,,0,0,0,0,0,0,0,0,0,0,0,,0
00-0026336,Tom Santi,TE,2008,3,REG,2008_03_JAX_IND,IND,JAX,0,0,0,0,0,0,0,0,0,0,0,0,1,0,8,0,0,0,0,0,,0,0,0,0,0,0,0,0,0,0,0,,0
00-0000108,David Akers,K,2008,4,REG,2008_04_PHI_CHI,PHI,CHI,0,0,0,0,0,0,0,0,0,0,0,0,0,0,0,0,0,0,2,4,31,0,1,1,0,0,0,2,2,0,0,0,,0
00-0001157,Mitch Berger,P,2008,4,REG,2008_04_BAL_PIT,PIT,BAL,0,0,0,0,0,0,0,0,0,0,0,0,0,0,0,0,0,0,0,0,,0,0,0,0,0,0,0,0,7,281,274,44,2
00-0001231,Josh Bidwell,P,2008,4,REG,2008_04_GB_TB,TB,GB,0,0,0,0,0,0,0,0,0,0,0,0,0,0,0,0,0,0,0,0,,0,0,0,0,0,0,0,0,4,198,137,64,0
00-0001477,Marty Booker,WR,2008,4,REG,2008_04_PHI_CHI,CHI,PHI,0,0,0,0,0,0,0,1,3,0,0,0,1,0,23,1,1,0,0,0,,0,0,0,0,0,0,0,0,0,0,0,,0
00-0001980,Kris Brown,K,2008,4,REG,2008_04_HOU_JAX,HOU,JAX,0,0,0,0,0,0,0,0,0,0,0,0,0,0,0,0,0,0,2,2,47,0,1,0,1,0,0,3,3,0,0,0,,0
00-0002099,Isaac Bruce,WR,2008,4,REG,2008_04_SF_NO,SF,NO,0,0,0,0,0,0,0,0,0,0,0,0,5,0,54,1,3,0,0,0,,0,0,0,0,0,0,0,0,0,0,0,,0
00-0002586,Mark Campbell,TE,2008,4,REG,2008_04_SF_NO,NO,SF,0,0,0,0,0,0,0,0,0,0,0,0,1,0,6,0,0,0,0,0,,0,0,0,0,0,0,0,0,0,0,0,,0
00-0003035,Desmond Clark,TE,2008,4,REG,2008_04_PHI_CHI,CHI,PHI,0,0,0,0,0,0,0,0,0,0,0,0,1,0,4,0,0,0,0,0,,0,0,0,0,0,0,0,0,0,0,0,,0
00-0003292,Kerry Collins,QB,2008,4,REG,2008_04_MIN_TEN,TEN,MIN,18,35,199,0,0,0,0,6,2,0,0,0,0,0,0,0,0,0,0,0,,0,0,0,0,0,0,0,0,0,0,0,,0
00-0004091,Phil Dawson,K,2008,4,REG,2008_04_CLE_CIN,CLE,CIN,0,0,0,0,0,0,0,0,0,0,0,0,0,0,0,0,0,0,2,2,29,0,2,0,0,0,0,2,2,1,33,33,33,1
00-0004161,Jake Delhomme,QB,2008,4,REG,2008_04_ATL_CAR,CAR,ATL,20,29,294,2,0,0,0,0,0,0,0,0,0,0,0,0,0,0,0,0,,0,0,0,0,0,0,0,0,0,0,0,,0
00-0004541,Donald Driver,WR,2008,4,REG,2008_04_GB_TB,GB,TB,0,0,0,0,0,0,0,0,0,0,0,0,1,0,8,0,0,0,0,0,,0,0,0,0,0,0,0,0,0,0,0,,0
00-0004640,Warrick Dunn,RB,2008,4,REG,2008_04_GB_TB,TB,GB,0,0,0,0,0,0,0,16,63,0,1,0,2,0,23,0,1,0,0,0,,0,0,0,0,0,0,0,0,0,0,0,,0
00-0004811,Jason Elam,K,2008,4,REG,2008_04_ATL_CAR,ATL,CAR,0,0,0,0,0,0,0,0,0,0,0,0,0,0,0,0,0,0,3,3,44,0,0,1,2,0,0,0,0,0,0,0,,0
00-0005106,Brett Favre,QB,2008,4,REG,2008_04_ARI_NYJ,NYJ,ARI,24,34,289,6,1,2,-5,0,0,0,0,0,0,0,0,0,0,0,0,0,,0,0,0,0,0,0,0,0,0,0,0,,0
00-0005231,Brian Finneran,WR,2008,4,REG,2008_04_ATL_CAR,ATL,CAR,0,0,0,0,0,0,0,0,0,0,0,0,2,0,10,0,0,0,0,0,,0,0,0,0,0,0,0,0,0,0,0,,0
00-0005589,Gus Frerotte,QB,2008,4,REG,2008_04_MIN_TEN,MIN,TEN,25,43,266,0,1,2,-9,1,0,0,0,1,0,0,0,0,0,0,0,0,,0,0,0,0,0,0,0,0,0,0,0,,0
00-0006101,Tony Gonzalez,TE,2008,4,REG,2008_04_DEN_KC,KC,DEN,0,0,0,0,0,0,0,0,0,0,0,0,3,0,47,1,3,0,0,0,,0,0,0,0,0,0,0,0,0,0,0,,0
00-0006223,Martin Gramatica,K,2008,4,REG,2008_04_SF_NO,NO,SF,0,0,0,0,0,0,0,0,0,0,0,0,0,0,0,0,0,0,1,1,31,0,0,1,0,0,0,4,4,0,0,0,,0
00-0006355,Trent Green,QB,2008,4,REG,2008_04_BUF_STL,LA,BUF,17,32,236,0,1,2,-23,0,0,0,0,0,0,0,0,0,0,0,0,0,,0,0,0,0,0,0,0,0,0,0,0,,0
00-0006423,Brian Griese,QB,2008,4,REG,2008_04_GB_TB,TB,GB,15,30,149,1,3,0,0,4,0,0,1,0,0,0,0,0,0,0,0,0,,0,0,0,0,0,0,0,0,0,0,0,,0
00-0007308,Craig Hentrich,P,2008,4,REG,2008_04_MIN_TEN,TEN,MIN,0,0,0,0,0,0,0,0,0,0,0,0,0,0,0,0,0,0,0,0,,0,0,0,0,0,0,0,0,6,261,242,50,3
00-0007468,Ike Hilliard,WR,2008,4,REG,2008_04_GB_TB,TB,GB,0,0,0,0,0,0,0,0,0,0,0,0,2,0,21,0,1,0,0,0,,0,0,0,0,0,0,0,0,0,0,0,,0
00-0007681,Torry Holt,WR,2008,4,REG,2008_04_BUF_STL,LA,BUF,0,0,0,0,0,0,0,0,0,0,0,0,4,0,65,0,4,0,0,0,,0,0,0,0,0,0,0,0,0,0,0,,0
00-0007835,Damon Huard,QB,2008,4,REG,2008_04_DEN_KC,KC,DEN,21,28,160,1,0,1,-3,1,-1,0,0,0,0,0,0,0,0,0,0,0,,0,0,0,0,0,0,0,0,0,0,0,,0
00-0008241,Edgerrin James,RB,2008,4,REG,2008_04_ARI_NYJ,ARI,NYJ,0,0,0,0,0,0,0,9,29,2,3,0,5,0,37,0,2,0,0,0,,0,0,0,0,0,0,0,0,0,0,0,,0
00-0008484,Dirk Johnson,P,2008,4,REG,2008_04_ARI_NYJ,ARI,NYJ,0,0,0,0,0,0,0,0,0,0,0,0,0,0,0,0,0,0,0,0,,0,0,0,0,0,0,0,0,1,39,30,39,1
00-0009028,John Kasay,K,2008,4,REG,2008_04_ATL_CAR,CAR,ATL,0,0,0,0,0,0,0,0,0,0,0,0,0,0,0,0,0,0,1,1,44,0,0,0,1,0,0,3,3,0,0,0,,0
00-0009119,Reggie Kelly,TE,2008,4,REG,2008_04_CLE_CIN,CIN,CLE,0,0,0,0,0,0,0,0,0,0,0,0,3,0,21,0,0,0,0,0,,0,0,0,0,0,0,0,0,0,0,0,,0
00-0009323,Jimmy Kleinsasser,TE,2008,4,REG,2008_04_MIN_TEN,MIN,TEN,0,0,0,0,0,0,0,0,0,0,0,0,1,0,15,0,1,0,0,0,,0,0,0,0,0,0,0,0,0,0,0,,0
00-0010072,Ryan Longwell,K,2008,4,REG,2008_04_MIN_TEN,MIN,TEN,0,0,0,0,0,0,0,0,0,0,0,0,0,0,0,0,0,0,1,2,42,0,0,0,1,0,0,2,2,0,0,0,,0
00-0010500,Derrick Mason,WR,2008,4,REG,2008_04_BAL_PIT,BAL,PIT,0,0,0,0,0,0,0,0,0,0,0,0,8,0,137,0,7,0,0,0,,0,0,0,0,0,0,0,0,0,0,0,,0
00-0010609,Brad Maynard,P,2008,4,REG,2008_04_PHI_CHI,CHI,PHI,0,0,0,0,0,0,0,0,0,0,0,0,0,0,0,0,0,0,0,0,,0,0,0,0,0,0,0,0,8,354,317,67,4
00-0011022,Donovan McNabb,QB,2008,4,REG,2008_04_PHI_CHI,PHI,CHI,25,41,262,1,1,3,-25,2,-5,0,0,0,0,0,0,0,0,0,0,0,,0,0,0,0,0,0,0,0,0,0,0,,0
00-0011236,Billy Miller,TE,2008,4,REG,2008_04_SF_NO,NO,SF,0,0,0,0,0,0,0,0,0,0,0,0,3,0,30,0,1,0,0,0,,0,0,0,0,0,0,0,0,0,0,0,,0
00-0011626,Brian Moorman,P,2008,4,REG,2008_04_BUF_STL,BUF,LA,0,0,0,0,0,0,0,0,0,0,0,0,0,0,0,0,0,0,0,0,,0,0,0,0,0,0,0,0,6,269,241,62,5
00-0011795,Muhsin Muhammad,WR,2008,4,REG,2008_04_ATL_CAR,CAR,ATL,0,0,0,0,0,0,0,0,0,0,0,0,8,0,147,1,8,0,0,0,,0,0,0,0,0,0,0,0,0,0,0,,0
00-0011970,Joe Nedney,K,2008,4,REG,2008_04_SF_NO,SF,NO,0,0,0,0,0,0,0,0,0,0,0,0,0,0,0,0,0,0,3,3,49,0,0,1,2,0,0,0,0,0,0,0,,0
00-0012478,Terrell Owens,WR,2008,4,REG,2008_04_WAS_DAL,DAL,WAS,0,0,0,0,0,0,0,2,11,0,1,0,7,0,71,1,4,0,0,0,,0,0,0,0,0,0,0,0,0,0,0,,0
00-0012642,David Patten,WR,2008,4,REG,2008_04_SF_NO,NO,SF,0,0,0,0,0,0,0,0,0,0,0,0,1,0,21,0,1,0,0,0,,0,0,0,0,0,0,0,0,0,0,0,,0
00-0013013,Michael Pittman,RB,2008,4,REG,2008_04_DEN_KC,DEN,KC,0,0,0,0,0,0,0,4,36,0,4,0,2,0,45,0,1,0,0,0,,0,0,0,0,0,0,0,0,0,0,0,,0
00-0015754,Brandon Stokley,WR,2008,4,REG,2008_04_DEN_KC,DEN,KC,0,0,0,0,0,0,0,0,0,0,0,0,7,0,80,0,5,0,0,0,,0,0,0,0,0,0,0,0,0,0,0,,0
00-0015784,Matt Stover,K,2008,4,REG,2008_04_BAL_PIT,BAL,PIT,0,0,0,0,0,0,0,0,0,0,0,0,0,0,0,0,0,0,2,2,33,0,1,1,0,0,0,2,2,0,0,0,,0
00-0016098,Fred Taylor,RB,2008,4,REG,2008_04_HOU_JAX,JAX,HOU,0,0,0,0,0,0,0,10,25,0,1,0,3,0,21,0,1,0,0,0,,0,0,0,0,0,0,0,0,0,0,0,,0
00-0016440,James Thrash,WR,2008,4,REG,2008_04_WAS_DAL,WAS,DAL,0,0,0,0,0,0,0,0,0,0,0,0,2,0,8,1,1,0,0,0,,0,0,0,0,0,0,0,0,0,0,0,,0
00-0016689,Matt Turk,P,2008,4,REG,2008_04_HOU_JAX,HOU,JAX,0,0,0,0,0,0,0,0,0,0,0,0,0,0,0,0,0,0,0,0,,0,0,0,0,0,0,0,0,2,87,44,46,0
00-0017162,Hines Ward,WR,2008,4,REG,2008_04_BAL_PIT,PIT,BAL,0,0,0,0,0,0,0,0,0,0,0,0,2,0,57,0,1,0,0,0,,0,0,0,0,0,0,0,0,0,0,0,,0
00-0017200,Kurt Warner,QB,2008,4,REG,2008_04_ARI_NYJ,ARI,NYJ,40,57,472,2,3,5,-46,0,0,0,0,0,0,0,0,0,0,0,0,0,,0,0,0,0,0,0,0,0,0,0,0,,0
00-0018958,Laveranues Coles,WR,2008,4,REG,2008_04_ARI_NYJ,NYJ,ARI,0,0,0,0,0,0,0,0,0,0,0,0,8,0,105,3,6,0,0,0,,0,0,0,0,0,0,0,0,0,0,0,,0
00-0019242,Dane Looker,WR,2008,4,REG,2008_04_BUF_STL,LA,BUF,0,0,0,0,0,0,0,0,0,0,0,0,2,0,37,0,0,1,0,0,,0,0,0,0,0,0,0,0,0,0,0,,0
00-0019310,Rian Lindell,K,2008,4,REG,2008_04_BUF_STL,BUF,LA,0,0,0,0,0,0,0,0,0,0,0,0,0,0,0,0,0,0,3,3,45,0,0,1,2,0,0,2,2,0,0,0,,0
00-0019536,Shayne Graham,K,2008,4,REG,2008_04_CLE_CIN,CIN,CLE,0,0,0,0,0,0,0,0,0,0,0,0,0,0,0,0,0,0,2,2,45,0,0,0,2,0,0,0,0,0,0,0,,0
00-0019539,Dante Hall,WR,2008,4,REG,2008_04_BUF_STL,LA,BUF,0,1,0,0,0,0,0,2,13,0,2,0,0,0,0,0,0,0,0,0,,0,0,0,0,0,0,0,0,0,0,0,,0
00-0019587,Terrelle Smith,FB,2008,4,REG,2008_04_ARI_NYJ,ARI,NYJ,0,0,0,0,0,0,0,0,0,0,0,0,1,0,6,0,0,0,0,0,,0,0,0,0,0,0,0,0,0,0,0,,0
00-0019641,Thomas Jones,RB,2008,4,REG,2008_04_ARI_NYJ,NYJ,ARI,0,0,0,0,0,0,0,18,46,0,4,0,2,0,23,0,1,0,0,0,,0,0,0,0,0,0,0,0,0,0,0,,0
00-0019644,Bubba Franks,TE,2008,4,REG,2008_04_ARI_NYJ,NYJ,ARI,0,0,0,0,0,0,0,0,0,0,0,0,2,0,32,0,1,0,0,0,,0,0,0,0,0,0,0,0,0,0,0,,0
00-0019646,Sebastian Janikowski,K,2008,4,REG,2008_04_SD_OAK,LV,LAC,0,0,0,0,0,0,0,0,0,0,0,0,0,0,0,0,0,0,3,4,32,0,2,1,0,0,0,1,1,0,0,0,,0
00-0019676,Neil Rackers,K,2008,4,REG,2008_04_ARI_NYJ,ARI,NYJ,0,0,0,0,0,0,0,0,0,0,0,0,0,0,0,0,0,0,0,1,,0,0,0,0,0,0,3,3,0,0,0,,0
00-0019693,Jamal Lewis,RB,2008,4,REG,2008_04_CLE_CIN,CLE,CIN,0,0,0,0,0,0,0,25,79,1,3,0,2,0,15,0,1,0,0,0,,0,0,0,0,0,0,0,0,0,0,0,,0
00-0019703,Jerry Porter,WR,2008,4,REG,2008_04_HOU_JAX,JAX,HOU,0,0,0,0,0,0,0,0,0,0,0,0,1,0,6,0,0,0,0,0,,0,0,0,0,0,0,0,0,0,0,0,,0
00-0019714,Shane Lechler,P,2008,4,REG,2008_04_SD_OAK,LV,LAC,0,0,0,0,0,0,0,0,0,0,0,0,0,0,0,0,0,0,0,0,,0,0,0,0,0,0,0,0,6,302,284,70,2
00-0019770,Jay Feely,K,2008,4,REG,2008_04_ARI_NYJ,NYJ,ARI,0,0,0,0,0,0,0,0,0,0,0,0,0,0,0,0,0,0,2,3,30,0,1,1,0,0,0,6,6,0,0,0,,0
00-0019921,Jason Baker,P,2008,4,REG,2008_04_ATL_CAR,CAR,ATL,0,0,0,0,0,0,0,0,0,0,0,0,0,0,0,0,0,0,0,0,,0,0,0,0,0,0,0,0,5,245,180,54,0
00-0019997,Antonio Chatman,WR,2008,4,REG,2008_04_CLE_CIN,CIN,CLE,0,0,0,0,0,0,0,0,0,0,0,0,2,0,32,0,2,0,0,0,,0,0,0,0,0,0,0,0,0,0,0,,0
00-0020127,Daniel Wilcox,TE,2008,4,REG,2008_04_BAL_PIT,BAL,PIT,0,0,0,0,0,0,0,0,0,0,0,0,1,0,4,1,1,0,0,0,,0,0,0,0,0,0,0,0,0,0,0,,0
00-0020270,Correll Buckhalter,RB,2008,4,REG,2008_04_PHI_CHI,PHI,CHI,0,0,0,0,0,0,0,16,66,1,3,0,2,0,24,0,1,0,0,0,,0,0,0,0,0,0,0,0,0,0,0,,0
00-0020337,Steve Smith,WR,2008,4,REG,2008_04_ATL_CAR,CAR,ATL,0,0,0,0,0,0,0,0,0,0,0,0,6,0,96,1,3,0,0,0,,0,0,0,0,0,0,0,0,0,0,0,,0
00-0020381,Justin McCareins,WR,2008,4,REG,2008_04_MIN_TEN,TEN,MIN,0,0,0,0,0,0,0,0,0,0,0,0,3,0,37,0,3,0,0,0,,0,0,0,0,0,0,0,0,0,0,0,,0
00-0020397,Chad Johnson,WR,2008,4,REG,2008_04_CLE_CIN,CIN,CLE,0,0,0,0,0,0,0,0,0,0,0,0,3,0,28,1,3,0,0,0,,0,0,0,0,0,0,0,0,0,0,0,,0
00-0020438,T.J. Houshmandzadeh,WR,2008,4,REG,2008_04_CLE_CIN,CIN,CLE,0,0,0,0,0,0,0,0,0,0,0,0,6,0,50,0,4,0,0,0,,0,0,0,0,0,0,0,0,0,0,0,,0
00-0020446,Chris Chambers,WR,2008,4,REG,2008_04_SD_OAK,LAC,LV,0,0,0,0,0,0,0,0,0,0,0,0,2,0,42,0,2,0,0,0,,0,0,0,0,0,0,0,0,0,0,0,,0
00-0020494,Santana Moss,WR,2008,4,REG,2008_04_WAS_DAL,WAS,DAL,0,0,0,0,0,0,0,0,0,0,0,0,8,0,145,0,6,0,0,0,,0,0,0,0,0,0,0,0,0,0,0,,0
00-0020527,Deuce McAllister,RB,2008,4,REG,2008_04_SF_NO,NO,SF,0,0,0,0,0,0,0,20,73,1,5,0,1,0,10,0,1,0,0,0,,0,0,0,0,0,0,0,0,0,0,0,,0
00-0020531,Drew Brees,QB,2008,4,REG,2008_04_SF_NO,NO,SF,23,35,363,3,1,0,0,1,-1,0,0,0,0,0,0,0,0,0,0,0,,0,0,0,0,0,0,0,0,0,0,0,,0
00-0020536,LaDainian Tomlinson,RB,2008,4,REG,2008_04_SD_OAK,LAC,LV,0,0,0,0,0,0,0,20,106,2,2,0,2,0,9,0,0,0,0,0,,0,0,0,0,0,0,0,0,0,0,0,,0
00-0020578,Matt Bryant,K,2008,4,REG,2008_04_GB_TB,TB,GB,0,0,0,0,0,0,0,0,0,0,0,0,0,0,0,0,0,0,3,3,36,0,2,1,0,0,0,3,3,0,0,0,,0
00-0020737,Jeff Reed,K,2008,4,REG,2008_04_BAL_PIT,PIT,BAL,0,0,0,0,0,0,0,0,0,0,0,0,0,0,0,0,0,0,3,3,49,1,0,0,2,0,0,2,2,0,0,0,,0
00-0020805,Jason McKie,RB,2008,4,REG,2008_04_PHI_CHI,CHI,PHI,0,0,0,0,0,0,0,1,1,0,0,0,1,0,1,0,0,0,0,0,,0,0,0,0,0,0,0,0,0,0,0,,0
00-0020962,Rob Bironas,K,2008,4,REG,2008_04_MIN_TEN,TEN,MIN,0,0,0,0,0,0,0,0,0,0,0,0,0,0,0,0,0,0,3,3,49,0,1,1,1,0,0,3,3,0,0,0,,0
00-0021153,Javon Walker,WR,2008,4,REG,2008_04_SD_OAK,LV,LAC,0,0,0,0,0,0,0,0,0,0,0,0,2,0,34,0,1,0,0,0,,0,0,0,0,0,0,0,0,0,0,0,,0
00-0021154,Daniel Graham,TE,2008,4,REG,2008_04_DEN_KC,DEN,KC,0,0,0,0,0,0,0,0,0,0,0,0,3,0,29,0,1,0,0,0,,0,0,0,0,0,0,0,0,0,0,0,,0
00-0021164,DeShaun Foster,RB,2008,4,REG,2008_04_SF_NO,SF,NO,0,0,0,0,0,0,0,1,9,0,1,0,1,0,2,0,0,0,0,0,,0,0,0,0,0,0,0,0,0,0,0,,0
00-0021166,Josh Reed,WR,2008,4,REG,2008_04_BUF_STL,BUF,LA,0,0,0,0,0,0,0,0,0,0,0,0,4,0,47,0,3,0,0,0,,0,0,0,0,0,0,0,0,0,0,0,,0
00-0021175,Andre Davis,WR,2008,4,REG,2008_04_HOU_JAX,HOU,JAX,0,0,0,0,0,0,0,0,0,0,0,0,1,0,14,0,1,0,0,0,,0,0,0,0,0,0,0,0,0,0,0,,0
00-0021179,Clinton Portis,RB,2008,4,REG,2008_04_WAS_DAL,WAS,DAL,0,0,0,0,0,0,0,21,121,0,6,0,2,0,14,0,1,0,0,0,,0,0,0,0,0,0,0,0,0,0,0,,0
00-0021184,Ladell Betts,RB,2008,4,REG,2008_04_WAS_DAL,WAS,DAL,0,0,0,0,0,0,0,11,32,0,1,0,0,0,0,0,0,0,0,0,,0,0,0,0,0,0,0,0,0,0,0,,0
00-0021190,Antwaan Randle El,WR,2008,4,REG,2008_04_WAS_DAL,WAS,DAL,0,0,0,0,0,0,0,1,5,0,0,0,4,0,36,1,3,0,0,0,,0,0,0,0,0,0,0,0,0,0,0,,0
00-0021191,Antonio Bryant,WR,2008,4,REG,2008_04_GB_TB,TB,GB,0,0,0,0,0,0,0,0,0,0,0,0,4,0,39,0,2,0,0,0,,0,0,0,0,0,0,0,0,0,0,0,,0
00-0021206,Josh McCown,QB,2008,4,REG,2008_04_ATL_CAR,CAR,ATL,0,0,0,0,0,0,0,3,-2,0,0,0,0,0,0,0,0,0,0,0,,0,0,0,0,0,0,0,0,0,0,0,,0
00-0021213,Chris Baker,TE,2008,4,REG,2008_04_ARI_NYJ,NYJ,ARI,0,0,0,0,0,0,0,0,0,0,0,0,1,0,9,0,0,0,0,0,,0,0,0,0,0,0,0,0,0,0,0,,0
00-0021231,David Garrard,QB,2008,4,REG,2008_04_HOU_JAX,JAX,HOU,23,32,236,1,0,1,0,7,41,1,3,0,0,0,0,0,0,0,0,0,,0,0,0,0,0,0,0,0,0,0,0,,0
00-0021235,Dave Zastudil,P,2008,4,REG,2008_04_CLE_CIN,CLE,CIN,0,0,0,0,0,0,0,0,0,0,0,0,0,0,0,0,0,0,0,0,,0,0,0,0,0,0,0,0,3,139,110,58,0
00-0021236,Randy McMichael,TE,2008,4,REG,2008_04_BUF_STL,LA,BUF,0,0,0,0,0,0,0,0,0,0,0,0,2,0,26,0,1,0,0,0,,0,0,0,0,0,0,0,0,0,0,0,,0
00-0021273,Robert Royal,TE,2008,4,REG,2008_04_BUF_STL,BUF,LA,0,0,0,0,0,0,0,0,0,0,0,0,1,0,8,0,0,0,0,0,,0,0,0,0,0,0,0,0,0,0,0,,0
00-0021296,J.T. O'Sullivan,QB,2008,4,REG,2008_04_SF_NO,SF,NO,18,36,257,1,2,6,-36,2,0,0,0,0,0,0,0,0,0,0,0,0,,0,0,0,0,0,0,0,0,0,0,0,,0
00-0021304,John Gilmore,TE,2008,4,REG,2008_04_GB_TB,TB,GB,0,0,0,0,0,0,0,0,0,0,0,0,1,0,9,0,1,0,0,0,,0,0,0,0,0,0,0,0,0,0,0,,0
00-0021314,Chester Taylor,RB,2008,4,REG,2008_04_MIN_TEN,MIN,TEN,0,0,0,0,0,0,0,1,0,0,0,0,0,0,0,0,0,0,0,0,,0,0,0,0,0,0,0,0,0,0,0,,0
00-0021337,Ronald Curry,WR,2008,4,REG,2008_04_SD_OAK,LV,LAC,0,0,0,0,0,0,0,0,0,0,0,0,1,0,11,0,1,0,0,0,,0,0,0,0,0,0,0,0,0,0,0,,0
00-0021488,Mat McBriar,P,2008,4,REG,2008_04_WAS_DAL,DAL,WAS,0,0,0,0,0,0,0,0,0,0,0,0,0,0,0,0,0,0,0,0,,0,0,0,0,0,0,0,0,6,295,234,59,1
00-0021500,Derrick Frost,P,2008,4,REG,2008_04_GB_TB,GB,TB,0,0,0,0,0,0,0,0,0,0,0,0,0,0,0,0,0,0,0,0,,0,0,0,0,0,0,0,0,5,190,151,47,0
00-0021508,Greg Lewis,WR,2008,4,REG,2008_04_PHI_CHI,PHI,CHI,0,0,0,0,0,0,0,0,0,0,0,0,1,0,5,0,0,0,0,0,,0,0,0,0,0,0,0,0,0,0,0,,0
00-0021547,Antonio Gates,TE,2008,4,REG,2008_04_SD_OAK,LAC,LV,0,0,0,0,0,0,0,0,0,0,0,0,5,0,58,1,3,0,0,0,,0,0,0,0,0,0,0,0,0,0,0,,0
00-0021647,Jerheme Urban,WR,2008,4,REG,2008_04_ARI_NYJ,ARI,NYJ,0,0,0,0,0,0,0,0,0,0,0,0,5,0,50,1,3,0,0,0,,0,0,0,0,0,0,0,0,0,0,0,,0
00-0021678,Tony Romo,QB,2008,4,REG,2008_04_WAS_DAL,DAL,WAS,28,47,300,3,1,0,0,1,7,0,1,0,0,0,0,0,0,0,0,0,,0,0,0,0,0,0,0,0,0,0,0,,0
00-0021755,Earnest Graham,RB,2008,4,REG,2008_04_GB_TB,TB,GB,0,0,0,0,0,0,0,20,111,1,7,0,1,0,3,0,0,0,0,0,,0,0,0,0,0,0,0,0,0,0,0,,0
00-0021929,Donald Lee,TE,2008,4,REG,2008_04_GB_TB,GB,TB,0,0,0,0,0,0,0,0,0,0,0,0,1,0,6,0,1,0,0,0,,0,0,0,0,0,0,0,0,0,0,0,,0
00-0021931,Kevin Walter,WR,2008,4,REG,2008_04_HOU_JAX,HOU,JAX,0,0,0,0,0,0,0,0,0,0,0,0,8,0,76,2,6,0,0,0,,0,0,0,0,0,0,0,0,0,0,0,,0
00-0021940,Josh Brown,K,2008,4,REG,2008_04_BUF_STL,LA,BUF,0,0,0,0,0,0,0,0,0,0,0,0,0,0,0,0,0,0,0,1,,0,0,0,0,0,0,2,2,0,0,0,,0
00-0021976,Larry Johnson,RB,2008,4,REG,2008_04_DEN_KC,KC,DEN,0,0,0,0,0,0,0,28,198,2,8,1,5,0,0,0,0,0,0,0,,0,0,0,0,0,0,0,0,0,0,0,,0
00-0021982,Justin Gage,WR,2008,4,REG,2008_04_MIN_TEN,TEN,MIN,0,0,0,0,0,0,0,0,0,0,0,0,5,0,92,0,5,0,0,0,,0,0,0,0,0,0,0,0,0,0,0,,0
00-0022011,Justin Griffith,RB,2008,4,REG,2008_04_SD_OAK,LV,LAC,0,0,0,0,0,0,0,0,0,0,0,0,1,0,5,0,0,0,0,0,,0,0,0,0,0,0,0,0,0,0,0,,0
00-0022017,Mike Scifres,P,2008,4,REG,2008_04_SD_OAK,LAC,LV,0,0,0,0,0,0,0,0,0,0,0,0,0,0,0,0,0,0,0,0,,0,0,0,0,0,0,0,0,4,222,169,65,0
00-0022041,Richard Angulo,TE,2008,4,REG,2008_04_HOU_JAX,JAX,HOU,0,0,0,0,0,0,0,0,0,0,0,0,1,0,1,0,0,0,0,0,,0,0,0,0,0,0,0,0,0,0,0,,0
00-0022044,Andre Johnson,WR,2008,4,REG,2008_04_HOU_JAX,HOU,JAX,0,0,0,0,0,0,0,0,0,0,0,0,3,0,38,0,2,0,0,0,,0,0,0,0,0,0,0,0,0,0,0,,0
00-0022054,Visanthe Shiancoe,TE,2008,4,REG,2008_04_MIN_TEN,MIN,TEN,0,0,0,0,0,0,0,0,0,0,0,0,4,0,47,0,3,0,0,0,,0,0,0,0,0,0,0,0,0,0,0,,0
00-0022064,Arnaz Battle,WR,2008,4,REG,2008_04_SF_NO,SF,NO,0,0,0,0,0,0,0,0,0,0,0,0,7,0,120,0,6,0,0,0,,0,0,0,0,0,0,0,0,0,0,0,,0
00-0022084,Anquan Boldin,WR,2008,4,REG,2008_04_ARI_NYJ,ARI,NYJ,0,0,0,0,0,0,0,0,0,0,0,0,10,0,119,1,6,1,0,0,,0,0,0,0,0,0,0,0,0,0,0,,0
00-0022097,Brandon Lloyd,WR,2008,4,REG,2008_04_PHI_CHI,CHI,PHI,0,0,0,0,0,0,0,0,0,0,0,0,2,0,33,0,2,0,0,0,,0,0,0,0,0,0,0,0,0,0,0,,0
00-0022127,Jason Witten,TE,2008,4,REG,2008_04_WAS_DAL,DAL,WAS,0,0,0,0,0,0,0,0,0,0,0,0,7,0,90,1,4,0,0,0,,0,0,0,0,0,0,0,0,0,0,0,,0
00-0022144,Bobby Wade,WR,2008,4,REG,2008_04_MIN_TEN,MIN,TEN,0,0,0,0,0,0,0,0,0,0,0,0,7,0,75,0,3,0,0,0,,0,0,0,0,0,0,0,0,0,0,0,,0
00-0022178,Willis McGahee,RB,2008,4,REG,2008_04_BAL_PIT,BAL,PIT,0,0,0,0,0,0,0,13,42,0,1,0,3,0,19,0,2,0,0,0,,0,0,0,0,0,0,0,0,0,0,0,,0
00-0022217,Mewelde Moore,RB,2008,4,REG,2008_04_BAL_PIT,PIT,BAL,0,0,0,0,0,0,0,8,13,0,0,0,3,0,37,0,2,0,0,0,,0,0,0,0,0,0,0,0,0,0,0,,0
00-0022288,Jason Wright,RB,2008,4,REG,2008_04_CLE_CIN,CLE,CIN,0,0,0,0,0,0,0,5,18,0,1,0,1,0,10,0,0,0,0,0,,0,0,0,0,0,0,0,0,0,0,0,,0
00-0022397,Vonta Leach,FB,2008,4,REG,2008_04_HOU_JAX,HOU,JAX,0,0,0,0,0,0,0,0,0,0,0,0,1,0,4,0,0,0,0,0,,0,0,0,0,0,0,0,0,0,0,0,,0
00-0022434,Carey Davis,RB,2008,4,REG,2008_04_BAL_PIT,PIT,BAL,0,0,0,0,0,0,0,8,15,0,1,0,1,0,-1,0,0,0,0,0,,0,0,0,0,0,0,0,0,0,0,0,,0
00-0022555,Ben Utecht,TE,2008,4,REG,2008_04_CLE_CIN,CIN,CLE,0,0,0,0,0,0,0,0,0,0,0,0,2,0,10,0,0,0,0,0,,0,0,0,0,0,0,0,0,0,0,0,,0
00-0022589,Kyle Larson,P,2008,4,REG,2008_04_CLE_CIN,CIN,CLE,0,0,0,0,0,0,0,0,0,0,0,0,0,0,0,0,0,0,0,0,,0,0,0,0,0,0,0,0,4,173,143,49,1
00-0022684,Donnie Jones,P,2008,4,REG,2008_04_BUF_STL,LA,BUF,0,0,0,0,0,0,0,0,0,0,0,0,0,0,0,0,0,0,0,0,,0,0,0,0,0,0,0,0,5,281,203,60,2
00-0022701,D.J. Hackett,WR,2008,4,REG,2008_04_ATL_CAR,CAR,ATL,0,0,0,0,0,0,0,0,0,0,0,0,2,0,24,0,1,0,0,0,,0,0,0,0,0,0,0,0,0,0,0,,0
00-0022725,Michael Clayton,WR,2008,4,REG,2008_04_GB_TB,TB,GB,0,0,0,0,0,0,0,1,4,0,0,0,3,0,28,0,0,0,0,0,,0,0,0,0,0,0,0,0,0,0,0,,0
00-0022736,Steven Jackson,RB,2008,4,REG,2008_04_BUF_STL,LA,BUF,0,0,0,0,0,0,0,24,110,1,6,0,5,0,78,0,1,0,0,0,,0,0,0,0,0,0,0,0,0,0,0,,0
00-0022737,Nate Kaeding,K,2008,4,REG,2008_04_SD_OAK,LAC,LV,0,0,0,0,0,0,0,0,0,0,0,0,0,0,0,0,0,0,2,4,47,0,1,0,1,0,0,2,2,0,0,0,,0
00-0022738,Chris Cooley,TE,2008,4,REG,2008_04_WAS_DAL,WAS,DAL,0,0,0,0,0,0,0,0,0,0,0,0,4,0,28,0,3,0,0,0,,0,0,0,0,0,0,0,0,0,0,0,,0
00-0022766,Patrick Crayton,WR,2008,4,REG,2008_04_WAS_DAL,DAL,WAS,0,0,0,0,0,0,0,0,0,0,0,0,7,0,87,0,4,0,0,0,,0,0,0,0,0,0,0,0,0,0,0,,0
00-0022781,Michael Jenkins,WR,2008,4,REG,2008_04_ATL_CAR,ATL,CAR,0,0,0,0,0,0,0,0,0,0,0,0,3,0,32,0,2,0,0,0,,0,0,0,0,0,0,0,0,0,0,0,,0
00-0022782,Kevin Jones,RB,2008,4,REG,2008_04_PHI_CHI,CHI,PHI,0,0,0,0,0,0,0,3,16,0,1,0,0,0,0,0,0,0,0,0,,0,0,0,0,0,0,0,0,0,0,0,,0
00-0022787,Matt Schaub,QB,2008,4,REG,2008_04_HOU_JAX,HOU,JAX,29,40,307,3,0,0,0,5,24,0,1,0,0,0,0,0,0,0,0,0,,0,0,0,0,0,0,0,0,0,0,0,,0
00-0022807,Bernard Berrian,WR,2008,4,REG,2008_04_MIN_TEN,MIN,TEN,0,0,0,0,0,0,0,0,0,0,0,0,5,0,78,0,3,0,0,0,,0,0,0,0,0,0,0,0,0,0,0,,0
00-0022811,Jerricho Cotchery,WR,2008,4,REG,2008_04_ARI_NYJ,NYJ,ARI,0,0,0,0,0,0,0,0,0,0,0,0,4,0,67,2,3,0,0,0,,0,0,0,0,0,0,0,0,0,0,0,,0
00-0022821,Michael Turner,RB,2008,4,REG,2008_04_ATL_CAR,ATL,CAR,0,0,0,0,0,0,0,18,56,0,4,0,1,0,-1,0,0,0,0,0,,0,0,0,0,0,0,0,0,0,0,0,,0
00-0022824,Andy Lee,P,2008,4,REG,2008_04_SF_NO,SF,NO,0,0,0,0,0,0,0,0,0,0,0,0,0,0,0,0,0,0,0,0,,0,0,0,0,0,0,0,0,3,123,123,43,2
00-0022847,Ben Hartsock,TE,2008,4,REG,2008_04_ATL_CAR,ATL,CAR,0,0,0,0,0,0,0,0,0,0,0,0,1,0,7,0,0,0,0,0,,0,0,0,0,0,0,0,0,0,0,0,,0
00-0022874,Josh Scobee,K,2008,4,REG,2008_04_HOU_JAX,JAX,HOU,0,0,0,0,0,0,0,0,0,0,0,0,0,0,0,0,0,0,3,3,46,0,0,1,2,0,0,3,3,0,0,0,,0
00-0022889,Reggie Williams,WR,2008,4,REG,2008_04_HOU_JAX,JAX,HOU,0,0,0,0,0,0,0,0,0,0,0,0,4,0,46,0,4,0,0,0,,0,0,0,0,0,0,0,0,0,0,0,,0
00-0022897,Greg Jones,FB,2008,4,REG,2008_04_HOU_JAX,JAX,HOU,0,0,0,0,0,0,0,0,0,0,0,0,2,0,28,0,1,0,0,0,,0,0,0,0,0,0,0,0,0,0,0,,0
00-0022910,Lee Evans,WR,2008,4,REG,2008_04_BUF_STL,BUF,LA,0,0,0,0,0,0,0,0,0,0,0,0,2,0,88,1,2,0,0,0,,0,0,0,0,0,0,0,0,0,0,0,,0
00-0022921,Larry Fitzgerald,WR,2008,4,REG,2008_04_ARI_NYJ,ARI,NYJ,0,0,0,0,0,0,0,0,0,0,0,0,8,0,122,0,7,0,0,0,,0,0,0,0,0,0,0,0,0,0,0,,0
00-0022922,Kellen Winslow,TE,2008,4,REG,2008_04_CLE_CIN,CLE,CIN,0,0,0,0,0,0,0,0,0,0,0,0,5,0,54,0,3,0,0,0,,0,0,0,0,0,0,0,0,0,0,0,,0
00-0022924,Ben Roethlisberger,QB,2008,4,REG,2008_04_BAL_PIT,PIT,BAL,14,24,191,1,1,3,-23,2,3,0,0,0,0,0,0,0,0,0,0,0,,0,0,0,0,0,0,0,0,0,0,0,,0
00-0022926,Chris Perry,RB,2008,4,REG,2008_04_CLE_CIN,CIN,CLE,0,0,0,0,0,0,0,12,28,0,1,1,5,0,15,0,0,0,0,0,,0,0,0,0,0,0,0,0,0,0,0,,0
00-0022929,Devery Henderson,WR,2008,4,REG,2008_04_SF_NO,NO,SF,0,0,0,0,0,0,0,0,0,0,0,0,1,0,81,0,1,0,0,0,,0,0,0,0,0,0,0,0,0,0,0,,0
00-0022942,Philip Rivers,QB,2008,4,REG,2008_04_SD_OAK,LAC,LV,14,25,180,1,2,4,-26,3,12,0,2,0,0,0,0,0,0,0,0,0,,0,0,0,0,0,0,0,0,0,0,0,,0
00-0022954,Ben Graham,P,2008,4,REG,2008_04_ARI_NYJ,NYJ,ARI,0,0,0,0,0,0,0,0,0,0,0,0,0,0,0,0,0,0,0,0,,0,0,0,0,0,0,0,0,2,96,86,51,0
00-0022984,Ryan Grant,RB,2008,4,REG,2008_04_GB_TB,GB,TB,0,0,0,0,0,0,0,15,20,0,1,1,2,0,-4,0,0,0,0,0,,0,0,0,0,0,0,0,0,0,0,0,,0
00-0023001,Shaun Suisham,K,2008,4,REG,2008_04_WAS_DAL,WAS,DAL,0,0,0,0,0,0,0,0,0,0,0,0,0,0,0,0,0,0,4,4,33,0,2,2,0,0,0,2,2,0,0,0,,0
00-0023060,Chris Kluwe,P,2008,4,REG,2008_04_MIN_TEN,MIN,TEN,0,0,0,0,0,0,0,0,0,0,0,0,0,0,0,0,0,0,0,0,,0,0,0,0,0,0,0,0,6,324,249,57,0
00-0023096,Nick Novak,K,2008,4,REG,2008_04_DEN_KC,KC,DEN,0,0,0,0,0,0,0,0,0,0,0,0,0,0,0,0,0,0,4,5,43,0,2,1,1,0,0,3,3,0,0,0,,0
00-0023176,Josh Cribbs,WR,2008,4,REG,2008_04_CLE_CIN,CLE,CIN,0,0,0,0,0,0,0,1,0,0,0,0,0,0,0,0,0,0,0,0,,0,0,0,0,0,0,0,0,0,0,0,,0
00-0023179,Tony Curtis,TE,2008,4,REG,2008_04_WAS_DAL,DAL,WAS,0,0,0,0,0,0,0,0,0,0,0,0,1,0,-4,0,0,0,0,0,,0,0,0,0,0,0,0,0,0,0,0,,0
00-0023234,Michael Koenen,P,2008,4,REG,2008_04_ATL_CAR,ATL,CAR,0,0,0,0,0,0,0,0,0,0,0,0,0,0,0,0,0,0,0,0,,0,0,0,0,0,0,0,0,6,254,209,60,1
00-0023252,Robbie Gould,K,2008,4,REG,2008_04_PHI_CHI,CHI,PHI,0,0,0,0,0,0,0,0,0,0,0,0,0,0,0,0,0,0,1,1,41,0,0,0,1,0,0,3,3,0,0,0,,0
00-0023310,Lance Moore,WR,2008,4,REG,2008_04_SF_NO,NO,SF,0,0,0,0,0,0,0,0,0,0,0,0,7,0,101,2,5,0,0,0,,0,0,0,0,0,0,0,0,0,0,0,,0
00-0023367,Nate Washington,WR,2008,4,REG,2008_04_BAL_PIT,PIT,BAL,0,0,0,0,0,0,0,1,8,0,0,0,2,0,23,0,2,0,0,0,,0,0,0,0,0,0,0,0,0,0,0,,0
00-0023429,Rashied Davis,WR,2008,4,REG,2008_04_PHI_CHI,CHI,PHI,0,0,0,0,0,0,0,0,0,0,0,0,1,0,34,0,1,0,0,0,,0,0,0,0,0,0,0,0,0,0,0,,0
00-0023438,Braylon Edwards,WR,2008,4,REG,2008_04_CLE_CIN,CLE,CIN,0,0,0,0,0,0,0,0,0,0,0,0,3,0,22,1,2,0,0,0,,0,0,0,0,0,0,0,0,0,0,0,,0
00-0023456,Matt Jones,WR,2008,4,REG,2008_04_HOU_JAX,JAX,HOU,0,0,0,0,0,0,0,0,0,0,0,0,5,0,71,1,4,0,0,0,,0,0,0,0,0,0,0,0,0,0,0,,0
00-0023457,Mark Clayton,WR,2008,4,REG,2008_04_BAL_PIT,BAL,PIT,0,0,0,0,0,0,0,1,-1,0,0,0,0,0,0,0,0,0,0,0,,0,0,0,0,0,0,0,0,0,0,0,,0
00-0023459,Aaron Rodgers,QB,2008,4,REG,2008_04_GB_TB,GB,TB,14,27,165,2,3,3,-18,2,8,0,1,0,0,0,0,0,0,0,0,0,,0,0,0,0,0,0,0,0,0,0,0,,0
00-0023460,Jason Campbell,QB,2008,4,REG,2008_04_WAS_DAL,WAS,DAL,20,31,231,2,0,2,-11,4,3,0,0,0,0,0,0,0,0,0,0,0,,0,0,0,0,0,0,0,0,0,0,0,,0
00-0023462,Roddy White,WR,2008,4,REG,2008_04_ATL_CAR,ATL,CAR,0,0,0,0,0,0,0,0,0,0,0,0,7,0,90,0,5,0,0,0,,0,0,0,0,0,0,0,0,0,0,0,,0
00-0023465,Heath Miller,TE,2008,4,REG,2008_04_BAL_PIT,PIT,BAL,0,0,0,0,0,0,0,0,0,0,0,0,2,0,8,0,0,0,0,0,,0,0,0,0,0,0,0,0,0,0,0,,0
00-0023470,Reggie Brown,WR,2008,4,REG,2008_04_PHI_CHI,PHI,CHI,0,0,0,0,0,0,0,0,0,0,0,0,6,0,79,0,4,0,0,0,,0,0,0,0,0,0,0,0,0,0,0,,0
00-0023496,Vincent Jackson,WR,2008,4,REG,2008_04_SD_OAK,LAC,LV,0,0,0,0,0,0,0,0,0,0,0,0,3,0,52,0,3,0,0,0,,0,0,0,0,0,0,0,0,0,0,0,,0
00-0023500,Frank Gore,RB,2008,4,REG,2008_04_SF_NO,SF,NO,0,0,0,0,0,0,0,16,82,0,3,0,2,0,31,0,1,0,0,0,,0,0,0,0,0,0,0,0,0,0,0,,0
00-0023506,Alex Smith,TE,2008,4,REG,2008_04_GB_TB,TB,GB,0,0,0,0,0,0,0,0,0,0,0,0,2,0,26,1,2,0,0,0,,0,0,0,0,0,0,0,0,0,0,0,,0
00-0023531,Brandon Jones,WR,2008,4,REG,2008_04_MIN_TEN,TEN,MIN,0,0,0,0,0,0,0,0,0,0,0,0,3,0,34,0,2,0,0,0,,0,0,0,0,0,0,0,0,0,0,0,,0
00-0023534,Dustin Colquitt,P,2008,4,REG,2008_04_DEN_KC,KC,DEN,0,0,0,0,0,0,0,0,0,0,0,0,0,0,0,0,0,0,0,0,,0,0,0,0,0,0,0,0,3,133,97,54,2
00-0023541,Kyle Orton,QB,2008,4,REG,2008_04_PHI_CHI,CHI,PHI,18,34,199,3,2,4,-21,1,0,0,0,1,0,0,0,0,0,0,0,0,,0,0,0,0,0,0,0,0,0,0,0,,0
00-0023544,Marion Barber,RB,2008,4,REG,2008_04_WAS_DAL,DAL,WAS,0,0,0,0,0,0,0,8,26,0,2,0,2,0,11,0,1,0,0,0,,0,0,0,0,0,0,0,0,0,0,0,,0
00-0023564,Darren Sproles,RB,2008,4,REG,2008_04_SD_OAK,LAC,LV,0,0,0,0,0,0,0,6,12,0,1,0,1,0,5,0,0,0,0,0,,0,0,0,0,0,0,0,0,0,0,0,,0
00-0023612,Bo Scaife,TE,2008,4,REG,2008_04_MIN_TEN,TEN,MIN,0,0,0,0,0,0,0,0,0,0,0,0,3,0,17,0,1,0,0,0,,0,0,0,0,0,0,0,0,0,0,0,,0
00-0023645,Derek Anderson,QB,2008,4,REG,2008_04_CLE_CIN,CLE,CIN,15,24,138,1,1,1,-11,4,11,0,1,0,0,0,0,0,0,0,0,0,,0,0,0,0,0,0,0,0,0,0,0,,0
00-0023682,Ryan Fitzpatrick,QB,2008,4,REG,2008_04_CLE_CIN,CIN,CLE,21,35,156,1,3,3,-14,4,41,0,2,0,0,0,0,0,0,0,0,0,,0,0,0,0,0,0,0,0,0,0,0,,0
00-0023764,Andre Hall,RB,2008,4,REG,2008_04_DEN_KC,DEN,KC,0,0,0,0,0,0,0,4,14,0,0,0,0,0,0,0,0,0,0,0,,0,0,0,0,0,0,0,0,0,0,0,,0
00-0023774,Naufahu Tahi,FB,2008,4,REG,2008_04_MIN_TEN,MIN,TEN,0,0,0,0,0,0,0,0,0,0,0,0,2,0,9,0,1,1,0,0,,0,0,0,0,0,0,0,0,0,0,0,,0
00-0023844,Chris Taylor,RB,2008,4,REG,2008_04_HOU_JAX,HOU,JAX,0,0,0,0,0,0,0,8,22,0,1,0,0,0,0,0,0,0,0,0,,0,0,0,0,0,0,0,0,0,0,0,,0
00-0023853,Matt Prater,K,2008,4,REG,2008_04_DEN_KC,DEN,KC,0,0,0,0,0,0,0,0,0,0,0,0,0,0,0,0,0,0,4,5,56,0,1,1,0,2,0,1,1,0,0,0,,0
00-0023921,Miles Austin,WR,2008,4,REG,2008_04_WAS_DAL,DAL,WAS,0,0,0,0,0,0,0,0,0,0,0,0,3,0,45,1,3,0,0,0,,0,0,0,0,0,0,0,0,0,0,0,,0
00-0024013,Hank Baskett,WR,2008,4,REG,2008_04_PHI_CHI,PHI,CHI,0,0,0,0,0,0,0,0,0,0,0,0,1,0,10,0,1,0,0,0,,0,0,0,0,0,0,0,0,0,0,0,,0
00-0024103,Montell Owens,RB,2008,4,REG,2008_04_HOU_JAX,JAX,HOU,0,0,0,0,0,0,0,1,41,1,1,0,0,0,0,0,0,0,0,0,,0,0,0,0,0,0,0,0,0,0,0,,0
00-0024110,Steve Weatherford,P,2008,4,REG,2008_04_SF_NO,NO,SF,0,0,0,0,0,0,0,0,0,0,0,0,0,0,0,0,0,0,0,0,,0,0,0,0,0,0,0,0,3,92,92,40,1
00-0024204,Fred Jackson,RB,2008,4,REG,2008_04_BUF_STL,BUF,LA,0,0,0,0,0,0,0,7,46,1,2,0,3,0,9,0,0,0,0,0,,0,0,0,0,0,0,0,0,0,0,0,,0
00-0024217,Reggie Bush,RB,2008,4,REG,2008_04_SF_NO,NO,SF,0,0,0,0,0,0,0,10,31,0,1,0,5,0,7,0,0,0,0,0,,0,0,0,0,0,0,0,0,0,0,0,,0
00-0024221,Vernon Davis,TE,2008,4,REG,2008_04_SF_NO,SF,NO,0,0,0,0,0,0,0,0,0,0,0,0,1,0,19,0,1,0,0,0,,0,0,0,0,0,0,0,0,0,0,0,,0
00-0024226,Jay Cutler,QB,2008,4,REG,2008_04_DEN_KC,DEN,KC,29,49,361,1,2,1,-9,2,6,0,0,0,0,0,0,0,0,0,0,0,,0,0,0,0,0,0,0,0,0,0,0,,0
00-0024240,Santonio Holmes,WR,2008,4,REG,2008_04_BAL_PIT,PIT,BAL,0,0,0,0,0,0,0,0,0,0,0,0,3,0,61,1,2,0,0,0,,0,0,0,0,0,0,0,0,0,0,0,,0
00-0024242,DeAngelo Williams,RB,2008,4,REG,2008_04_ATL_CAR,CAR,ATL,0,0,0,0,0,0,0,16,57,0,2,0,2,0,9,0,0,0,0,0,,0,0,0,0,0,0,0,0,0,0,0,,0
00-0024260,LenDale White,RB,2008,4,REG,2008_04_MIN_TEN,TEN,MIN,0,0,0,0,0,0,0,11,13,1,3,0,0,0,0,0,0,0,0,0,,0,0,0,0,0,0,0,0,0,0,0,,0
00-0024261,Joe Klopfenstein,TE,2008,4,REG,2008_04_BUF_STL,LA,BUF,0,0,0,0,0,0,0,0,0,0,0,0,1,0,8,0,0,0,0,0,,0,0,0,0,0,0,0,0,0,0,0,,0
00-0024267,Greg Jennings,WR,2008,4,REG,2008_04_GB_TB,GB,TB,0,0,0,0,0,0,0,0,0,0,0,0,6,0,109,2,3,0,0,0,,0,0,0,0,0,0,0,0,0,0,0,,0
00-0024272,Devin Hester,WR,2008,4,REG,2008_04_PHI_CHI,CHI,PHI,0,0,0,0,0,0,0,1,15,0,1,0,3,0,27,1,1,0,0,0,,0,0,0,0,0,0,0,0,0,0,0,,0
00-0024275,Maurice Jones-Drew,RB,2008,4,REG,2008_04_HOU_JAX,JAX,HOU,0,0,0,0,0,0,0,7,32,0,2,0,2,0,17,0,1,0,0,0,,0,0,0,0,0,0,0,0,0,0,0,,0
00-0024276,Tony Scheffler,TE,2008,4,REG,2008_04_DEN_KC,DEN,KC,0,0,0,0,0,0,0,0,0,0,0,0,1,0,26,0,1,0,0,0,,0,0,0,0,0,0,0,0,0,0,0,,0
00-0024279,Tarvaris Jackson,QB,2008,4,REG,2008_04_MIN_TEN,MIN,TEN,1,1,8,0,0,2,-12,0,0,0,0,0,0,0,0,0,0,0,0,0,,0,0,0,0,0,0,0,0,0,0,0,,0
00-0024294,Jerious Norwood,RB,2008,4,REG,2008_04_ATL_CAR,ATL,CAR,0,0,0,0,0,0,0,3,51,0,1,0,4,0,1,0,0,0,0,0,,0,0,0,0,0,0,0,0,0,0,0,,0
00-0024313,Owen Daniels,TE,2008,4,REG,2008_04_HOU_JAX,HOU,JAX,0,0,0,0,0,0,0,0,0,0,0,0,7,0,87,0,5,0,0,0,,0,0,0,0,0,0,0,0,0,0,0,,0
00-0024318,Brad Smith,WR,2008,4,REG,2008_04_ARI_NYJ,NYJ,ARI,0,0,0,0,0,0,0,1,17,0,1,0,0,0,0,0,0,0,0,0,,0,0,0,0,0,0,0,0,0,0,0,,0
00-0024324,Jason Avant,WR,2008,4,REG,2008_04_PHI_CHI,PHI,CHI,0,0,0,0,0,0,0,0,0,0,0,0,4,0,29,0,2,0,0,0,,0,0,0,0,0,0,0,0,0,0,0,,0
00-0024326,Demetrius Williams,WR,2008,4,REG,2008_04_BAL_PIT,BAL,PIT,0,0,0,0,0,0,0,0,0,0,0,0,1,0,6,0,1,0,0,0,,0,0,0,0,0,0,0,0,0,0,0,,0
00-0024332,Leon Washington,RB,2008,4,REG,2008_04_ARI_NYJ,NYJ,ARI,0,0,0,0,0,0,0,7,26,0,1,0,4,0,17,0,0,0,0,0,,0,0,0,0,0,0,0,0,0,0,0,,0
00-0024334,Brandon Marshall,WR,2008,4,REG,2008_04_DEN_KC,DEN,KC,0,0,0,0,0,0,0,1,-11,0,0,1,7,0,77,1,6,0,0,0,,0,0,0,0,0,0,0,0,0,0,0,,0
00-0024359,Jerome Harrison,RB,2008,4,REG,2008_04_CLE_CIN,CLE,CIN,0,0,0,0,0,0,0,4,20,0,2,0,1,0,5,0,0,0,0,0,,0,0,0,0,0,0,0,0,0,0,0,,0
00-0024389,Delanie Walker,TE,2008,4,REG,2008_04_SF_NO,SF,NO,0,0,0,0,0,0,0,0,0,0,0,0,1,0,21,0,1,0,0,0,,0,0,0,0,0,0,0,0,0,0,0,,0
00-0024394,Lawrence Vickers,FB,2008,4,REG,2008_04_CLE_CIN,CLE,CIN,0,0,0,0,0,0,0,1,6,0,0,0,1,0,8,0,1,0,0,0,,0,0,0,0,0,0,0,0,0,0,0,,0
00-0024404,Jeff Webb,WR,2008,4,REG,2008_04_DEN_KC,KC,DEN,0,0,0,0,0,0,0,0,0,0,0,0,1,0,15,0,1,0,0,0,,0,0,0,0,0,0,0,0,0,0,0,,0
00-0024417,Sam Koch,P,2008,4,REG,2008_04_BAL_PIT,BAL,PIT,0,0,0,0,0,0,0,0,0,0,0,0,0,0,0,0,0,0,0,0,,0,0,0,0,0,0,0,0,8,379,351,61,2
00-0024489,Ahmard Hall,FB,2008,4,REG,2008_04_MIN_TEN,TEN,MIN,0,0,0,0,0,0,0,0,0,0,0,0,1,0,5,0,0,0,0,0,,0,0,0,0,0,0,0,0,0,0,0,,0
00-0024515,Sav Rocca,P,2008,4,REG,2008_04_PHI_CHI,PHI,CHI,0,0,0,0,0,0,0,0,0,0,0,0,0,0,0,0,0,0,0,0,,0,0,0,0,0,0,0,0,6,266,265,65,1
00-0024549,Selvin Young,RB,2008,4,REG,2008_04_DEN_KC,DEN,KC,0,0,0,0,0,0,0,11,49,0,1,0,0,0,0,0,0,0,0,0,,0,0,0,0,0,0,0,0,0,0,0,,0
00-0024813,Pierre Thomas,RB,2008,4,REG,2008_04_SF_NO,NO,SF,0,0,0,0,0,0,0,1,1,0,0,0,0,0,0,0,0,0,0,0,,0,0,0,0,0,0,0,0,0,0,0,,0
00-0025388,JaMarcus Russell,QB,2008,4,REG,2008_04_SD_OAK,LV,LAC,22,37,277,1,1,6,-26,2,4,0,1,0,0,0,0,0,0,0,0,0,,0,0,0,0,0,0,0,0,0,0,0,,0
00-0025394,Adrian Peterson,RB,2008,4,REG,2008_04_MIN_TEN,MIN,TEN,0,0,0,0,0,0,0,18,80,2,4,1,4,0,21,0,0,0,0,0,,0,0,0,0,0,0,0,0,0,0,0,,0
00-0025399,Marshawn Lynch,RB,2008,4,REG,2008_04_BUF_STL,BUF,LA,0,0,0,0,0,0,0,19,57,0,4,0,4,0,24,0,1,0,0,0,,0,0,0,0,0,0,0,0,0,0,0,,0
00-0025410,Dwayne Bowe,WR,2008,4,REG,2008_04_DEN_KC,KC,DEN,0,0,0,0,0,0,0,0,0,0,0,0,7,0,85,0,5,0,0,0,,0,0,0,0,0,0,0,0,0,0,0,,0
00-0025414,Robert Meachem,WR,2008,4,REG,2008_04_SF_NO,NO,SF,0,0,0,0,0,0,0,0,0,0,0,0,2,0,99,1,2,0,0,0,,0,0,0,0,0,0,0,0,0,0,0,,0
00-0025418,Greg Olsen,TE,2008,4,REG,2008_04_PHI_CHI,CHI,PHI,0,0,0,0,0,0,0,0,0,0,0,0,4,0,35,1,1,0,0,0,,0,0,0,0,0,0,0,0,0,0,0,,0
00-0025425,Zach Miller,TE,2008,4,REG,2008_04_SD_OAK,LV,LAC,0,0,0,0,0,0,0,0,0,0,0,0,5,0,95,1,2,0,0,0,,0,0,0,0,0,0,0,0,0,0,0,,0
00-0025431,Sidney Rice,WR,2008,4,REG,2008_04_MIN_TEN,MIN,TEN,0,0,0,0,0,0,0,0,0,0,0,0,1,0,6,0,0,0,0,0,,0,0,0,0,0,0,0,0,0,0,0,,0
00-0025439,Brian Leonard,RB,2008,4,REG,2008_04_BUF_STL,LA,BUF,0,0,0,0,0,0,0,2,7,0,0,0,0,0,0,0,0,0,0,0,,0,0,0,0,0,0,0,0,0,0,0,,0
00-0025450,Brandon Jackson,RB,2008,4,REG,2008_04_GB_TB,GB,TB,0,0,0,0,0,0,0,1,0,0,0,0,2,0,21,0,0,0,0,0,,0,0,0,0,0,0,0,0,0,0,0,,0
00-0025458,Lorenzo Booker,RB,2008,4,REG,2008_04_PHI_CHI,PHI,CHI,0,0,0,0,0,0,0,2,7,0,0,0,1,0,-3,0,0,0,0,0,,0,0,0,0,0,0,0,0,0,0,0,,0
00-0025460,Jacoby Jones,WR,2008,4,REG,2008_04_HOU_JAX,HOU,JAX,0,0,0,0,0,0,0,0,0,0,0,0,1,0,5,0,0,0,0,0,,0,0,0,0,0,0,0,0,0,0,0,,0
00-0025466,Mike Sims-Walker,WR,2008,4,REG,2008_04_HOU_JAX,JAX,HOU,0,0,0,0,0,0,0,0,0,0,0,0,5,0,46,0,3,0,0,0,,0,0,0,0,0,0,0,0,0,0,0,,0
00-0025477,Tony Hunt,RB,2008,4,REG,2008_04_PHI_CHI,PHI,CHI,0,0,0,0,0,0,0,1,0,0,0,0,2,0,26,0,2,0,0,0,,0,0,0,0,0,0,0,0,0,0,0,,0
00-0025479,Trent Edwards,QB,2008,4,REG,2008_04_BUF_STL,BUF,LA,15,25,197,1,1,4,-31,5,8,0,1,0,0,0,0,0,0,0,0,0,,0,0,0,0,0,0,0,0,0,0,0,,0
00-0025486,Johnnie Lee Higgins,WR,2008,4,REG,2008_04_SD_OAK,LV,LAC,0,0,0,0,0,0,0,0,0,0,0,0,4,0,35,0,2,0,0,0,,0,0,0,0,0,0,0,0,0,0,0,,0
00-0025487,Michael Bush,RB,2008,4,REG,2008_04_SD_OAK,LV,LAC,0,0,0,0,0,0,0,14,48,0,0,0,7,0,80,0,4,0,0,0,,0,0,0,0,0,0,0,0,0,0,0,,0
00-0025488,Adam Podlesh,P,2008,4,REG,2008_04_HOU_JAX,JAX,HOU,0,0,0,0,0,0,0,0,0,0,0,0,0,0,0,0,0,0,0,0,,0,0,0,0,0,0,0,0,2,93,70,56,1
00-0025524,Le'Ron McClain,FB,2008,4,REG,2008_04_BAL_PIT,BAL,PIT,0,0,0,0,0,0,0,16,63,1,3,0,3,0,26,0,1,0,0,0,,0,0,0,0,0,0,0,0,0,0,0,,0
00-0025529,Steve Breaston,WR,2008,4,REG,2008_04_ARI_NYJ,ARI,NYJ,0,0,0,0,0,0,0,0,0,0,0,0,9,0,122,0,7,0,0,0,,0,0,0,0,0,0,0,0,0,0,0,,0
00-0025533,Aundrae Allison,WR,2008,4,REG,2008_04_MIN_TEN,MIN,TEN,0,0,0,0,0,0,0,0,0,0,0,0,2,0,23,0,2,0,0,0,,0,0,0,0,0,0,0,0,0,0,0,,0
00-0025535,Kolby Smith,RB,2008,4,REG,2008_04_DEN_KC,KC,DEN,0,0,0,0,0,0,0,2,9,0,0,0,0,0,0,0,0,0,0,0,,0,0,0,0,0,0,0,0,0,0,0,,0
00-0025542,Dante Rosario,TE,2008,4,REG,2008_04_ATL_CAR,CAR,ATL,0,0,0,0,0,0,0,0,0,0,0,0,2,0,18,0,1,0,0,0,,0,0,0,0,0,0,0,0,0,0,0,,0
00-0025549,Brent Celek,TE,2008,4,REG,2008_04_PHI_CHI,PHI,CHI,0,0,0,0,0,0,0,0,0,0,0,0,3,0,21,0,0,0,0,0,,0,0,0,0,0,0,0,0,0,0,0,,0
00-0025565,Nick Folk,K,2008,4,REG,2008_04_WAS_DAL,DAL,WAS,0,0,0,0,0,0,0,0,0,0,0,0,0,0,0,0,0,0,1,1,36,0,0,1,0,0,0,3,3,0,0,0,,0
00-0025580,Mason Crosby,K,2008,4,REG,2008_04_GB_TB,GB,TB,0,0,0,0,0,0,0,0,0,0,0,0,0,0,0,0,0,0,0,0,,0,0,0,0,0,0,3,3,0,0,0,,0
00-0025602,Ben Patrick,TE,2008,4,REG,2008_04_ARI_NYJ,ARI,NYJ,0,0,0,0,0,0,0,0,0,0,0,0,1,0,11,0,1,0,0,0,,0,0,0,0,0,0,0,0,0,0,0,,0
00-0025609,Derek Schouman,TE,2008,4,REG,2008_04_BUF_STL,BUF,LA,0,0,0,0,0,0,0,0,0,0,0,0,1,0,21,0,1,0,0,0,,0,0,0,0,0,0,0,0,0,0,0,,0
00-0025621,Syndric Steptoe,WR,2008,4,REG,2008_04_CLE_CIN,CLE,CIN,0,0,0,0,0,0,0,0,0,0,0,0,2,0,24,0,2,0,0,0,,0,0,0,0,0,0,0,0,0,0,0,,0
00-0025622,Chansi Stuckey,WR,2008,4,REG,2008_04_ARI_NYJ,NYJ,ARI,0,0,0,0,0,0,0,0,0,0,0,0,2,0,12,0,2,0,0,0,,0,0,0,0,0,0,0,0,0,0,0,,0
00-0025631,Jason Snelling,FB,2008,4,REG,2008_04_ATL_CAR,ATL,CAR,0,0,0,0,0,0,0,0,0,0,0,0,1,0,11,0,1,0,0,0,,0,0,0,0,0,0,0,0,0,0,0,,0
00-0025825,Brett Kern,P,2008,4,REG,2008_04_DEN_KC,DEN,KC,0,0,0,0,0,0,0,0,0,0,0,0,0,0,0,0,0,0,0,0,,0,0,0,0,0,0,0,0,2,77,76,51,0
00-0026033,Mike Cox,FB,2008,4,REG,2008_04_DEN_KC,KC,DEN,0,0,0,0,0,0,0,0,0,0,0,0,2,0,4,0,0,0,0,0,,0,0,0,0,0,0,0,0,0,0,0,,0
00-0026069,Mike Tolbert,FB,2008,4,REG,2008_04_SD_OAK,LAC,LV,0,0,0,0,0,0,0,1,11,0,1,0,1,0,14,0,1,0,0,0,,0,0,0,0,0,0,0,0,0,0,0,,0
00-0026143,Matt Ryan,QB,2008,4,REG,2008_04_ATL_CAR,ATL,CAR,21,41,158,0,0,2,-8,2,11,0,0,0,0,0,0,0,0,0,0,0,,0,0,0,0,0,0,0,0,0,0,0,,0
00-0026144,Darren McFadden,RB,2008,4,REG,2008_04_SD_OAK,LV,LAC,0,0,0,0,0,0,0,7,20,0,0,0,2,0,17,0,1,0,0,0,,0,0,0,0,0,0,0,0,0,0,0,,0
00-0026153,Jonathan Stewart,RB,2008,4,REG,2008_04_ATL_CAR,CAR,ATL,0,0,0,0,0,0,0,14,52,1,3,0,0,0,0,0,0,0,0,0,,0,0,0,0,0,0,0,0,0,0,0,,0
00-0026158,Joe Flacco,QB,2008,4,REG,2008_04_BAL_PIT,BAL,PIT,16,31,192,1,0,5,-52,2,-1,0,0,0,0,0,0,0,0,0,0,0,,0,0,0,0,0,0,0,0,0,0,0,,0
00-0026163,Rashard Mendenhall,RB,2008,4,REG,2008_04_BAL_PIT,PIT,BAL,0,0,0,0,0,0,0,9,30,0,1,0,1,0,6,0,0,0,0,0,,0,0,0,0,0,0,0,0,0,0,0,,0
00-0026164,Chris Johnson,RB,2008,4,REG,2008_04_MIN_TEN,TEN,MIN,0,0,0,0,0,0,0,17,61,2,2,0,3,0,14,0,0,0,0,0,,0,0,0,0,0,0,0,0,0,0,0,,0
00-0026170,Dustin Keller,TE,2008,4,REG,2008_04_ARI_NYJ,NYJ,ARI,0,0,0,0,0,0,0,0,0,0,0,0,1,0,24,1,1,0,0,0,,0,0,0,0,0,0,0,0,0,0,0,,0
00-0026173,Donnie Avery,WR,2008,4,REG,2008_04_BUF_STL,LA,BUF,0,0,0,0,0,0,0,1,37,1,1,0,3,0,22,0,1,0,0,0,,0,0,0,0,0,0,0,0,0,0,0,,0
00-0026176,Jordy Nelson,WR,2008,4,REG,2008_04_GB_TB,GB,TB,0,0,0,0,0,0,0,0,0,0,0,0,4,0,31,0,2,0,0,0,,0,0,0,0,0,0,0,0,0,0,0,,0
00-0026182,Eddie Royal,WR,2008,4,REG,2008_04_DEN_KC,DEN,KC,0,0,0,0,0,0,0,0,0,0,0,0,9,0,104,0,3,1,0,0,,0,0,0,0,0,0,0,0,0,0,0,,0
00-0026184,Matt Forte,RB,2008,4,REG,2008_04_PHI_CHI,CHI,PHI,0,0,0,0,0,0,0,19,43,0,2,0,5,0,42,0,2,0,0,0,,0,0,0,0,0,0,0,0,0,0,0,,0
00-0026189,DeSean Jackson,WR,2008,4,REG,2008_04_PHI_CHI,PHI,CHI,0,0,0,0,0,0,0,2,35,0,2,0,5,0,71,1,3,0,0,0,,0,0,0,0,0,0,0,0,0,0,0,,0
00-0026195,Ray Rice,RB,2008,4,REG,2008_04_BAL_PIT,BAL,PIT,0,0,0,0,0,0,0,1,0,0,0,0,0,0,0,0,0,0,0,0,,0,0,0,0,0,0,0,0,0,0,0,,0
00-0026201,Martellus Bennett,TE,2008,4,REG,2008_04_WAS_DAL,DAL,WAS,0,0,0,0,0,0,0,0,0,0,0,0,1,0,0,0,0,0,0,0,,0,0,0,0,0,0,0,0,0,0,0,,0
00-0026213,Jamaal Charles,RB,2008,4,REG,2008_04_DEN_KC,KC,DEN,0,0,0,0,0,0,0,2,7,0,0,0,2,0,1,0,0,0,0,0,,0,0,0,0,0,0,0,0,0,0,0,,0
00-0026224,Harry Douglas,WR,2008,4,REG,2008_04_ATL_CAR,ATL,CAR,0,0,0,0,0,0,0,0,0,0,0,0,2,0,8,0,1,0,0,0,,0,0,0,0,0,0,0,0,0,0,0,,0
00-0026229,Steve Slaton,RB,2008,4,REG,2008_04_HOU_JAX,HOU,JAX,0,0,0,0,0,0,0,10,33,0,2,0,8,0,83,1,4,0,0,0,,0,0,0,0,0,0,0,0,0,0,0,,0
00-0026245,Will Franklin,WR,2008,4,REG,2008_04_DEN_KC,KC,DEN,0,0,0,0,0,0,0,0,0,0,0,0,1,0,8,0,0,0,0,0,,0,0,0,0,0,0,0,0,0,0,0,,0
00-0026289,Tim Hightower,RB,2008,4,REG,2008_04_ARI_NYJ,ARI,NYJ,0,0,0,0,0,0,0,6,13,1,2,0,1,0,5,0,0,0,0,0,,0,0,0,0,0,0,0,0,0,0,0,,0
00-0026308,Durant Brooks,P,2008,4,REG,2008_04_WAS_DAL,WAS,DAL,0,0,0,0,0,0,0,0,0,0,0,0,0,0,0,0,0,0,0,0,,0,0,0,0,0,0,0,0,4,185,171,60,2
00-0026314,Josh Morgan,WR,2008,4,REG,2008_04_SF_NO,SF,NO,0,0,0,0,0,0,0,0,0,0,0,0,1,0,10,0,0,0,0,0,,0,0,0,0,0,0,0,0,0,0,0,,0
00-0026349,Matt Flynn,QB,2008,4,REG,2008_04_GB_TB,GB,TB,2,5,6,0,0,0,0,0,0,0,0,0,0,0,0,0,0,0,0,0,,0,0,0,0,0,0,0,0,0,0,0,,0
00-0026399,Olaniyi Sobomehin,RB,2008,4,REG,2008_04_SF_NO,NO,SF,0,0,0,0,0,0,0,0,0,0,0,0,2,0,8,0,1,1,0,0,,0,0,0,0,0,0,0,0,0,0,0,,0
00-0000108,David Akers,K,2008,5,REG,2008_05_WAS_PHI,PHI,WAS,0,0,0,0,0,0,0,0,0,0,0,0,0,0,0,0,0,0,1,2,23,0,1,0,0,0,0,2,2,0,0,0,,0
00-0001157,Mitch Berger,P,2008,5,REG,2008_05_PIT_JAX,PIT,JAX,0,0,0,0,0,0,0,0,0,0,0,0,0,0,0,0,0,0,0,0,,0,0,0,0,0,0,0,0,4,198,178,61,1
00-0001231,Josh Bidwell,P,2008,5,REG,2008_05_TB_DEN,TB,DEN,0,0,0,0,0,0,0,0,0,0,0,0,0,0,0,0,0,0,0,0,,0,0,0,0,0,0,0,0,7,349,309,64,3
00-0001477,Marty Booker,WR,2008,5,REG,2008_05_CHI_DET,CHI,DET,0,0,0,0,0,0,0,0,0,0,0,0,2,0,37,0,1,0,0,0,,0,0,0,0,0,0,0,0,0,0,0,,0
00-0001980,Kris Brown,K,2008,5,REG,2008_05_IND_HOU,HOU,IND,0,0,0,0,0,0,0,0,0,0,0,0,0,0,0,0,0,0,2,2,43,0,0,1,1,0,0,3,3,0,0,0,,0
00-0002099,Isaac Bruce,WR,2008,5,REG,2008_05_NE_SF,SF,NE,0,0,0,0,0,0,0,0,0,0,0,0,3,0,49,2,3,0,0,0,,0,0,0,0,0,0,0,0,0,0,0,,0
00-0002586,Mark Campbell,TE,2008,5,REG,2008_05_MIN_NO,NO,MIN,0,0,0,0,0,0,0,0,0,0,0,0,3,0,39,0,2,0,0,0,,0,0,0,0,0,0,0,0,0,0,0,,0
00-0002655,John Carney,K,2008,5,REG,2008_05_SEA_NYG,NYG,SEA,0,0,0,0,0,0,0,0,0,0,0,0,0,0,0,0,0,0,3,3,35,0,1,2,0,0,0,5,5,0,0,0,,0
00-0003035,Desmond Clark,TE,2008,5,REG,2008_05_CHI_DET,CHI,DET,0,0,0,0,0,0,0,0,0,0,0,0,2,0,17,0,1,0,0,0,,0,0,0,0,0,0,0,0,0,0,0,,0
00-0003292,Kerry Collins,QB,2008,5,REG,2008_05_TEN_BAL,TEN,BAL,17,32,163,1,2,0,0,1,-1,0,0,0,0,0,0,0,0,0,0,0,,0,0,0,0,0,0,0,0,0,0,0,,0
00-0004161,Jake Delhomme,QB,2008,5,REG,2008_05_KC_CAR,CAR,KC,14,22,236,2,1,0,0,1,1,0,0,0,0,0,0,0,0,0,0,0,,0,0,0,0,0,0,0,0,0,0,0,,0
00-0004541,Donald Driver,WR,2008,5,REG,2008_05_ATL_GB,GB,ATL,0,0,0,0,0,0,0,1,6,0,0,0,3,0,68,1,2,0,0,0,,0,0,0,0,0,0,0,0,0,0,0,,0
00-0004640,Warrick Dunn,RB,2008,5,REG,2008_05_TB_DEN,TB,DEN,0,0,0,0,0,0,0,11,74,0,3,0,3,0,13,0,0,0,0,0,,0,0,0,0,0,0,0,0,0,0,0,,0
00-0004811,Jason Elam,K,2008,5,REG,2008_05_ATL_GB,ATL,GB,0,0,0,0,0,0,0,0,0,0,0,0,0,0,0,0,0,0,2,2,42,0,0,0,2,0,0,3,3,0,0,0,,0
00-0004915,Bobby Engram,WR,2008,5,REG,2008_05_SEA_NYG,SEA,NYG,0,0,0,0,0,0,0,0,0,0,0,0,8,0,61,0,3,0,0,0,,0,0,0,0,0,0,0,0,0,0,0,,0
00-0005091,Kevin Faulk,RB,2008,5,REG,2008_05_NE_SF,NE,SF,0,0,0,0,0,0,0,7,32,2,4,0,4,0,29,0,1,0,0,0,,0,0,0,0,0,0,0,0,0,0,0,,0
00-0005113,Jeff Feagles,P,2008,5,REG,2008_05_SEA_NYG,NYG,SEA,0,0,0,0,0,0,0,0,0,0,0,0,0,0,0,0,0,0,0,0,,0,0,0,0,0,0,0,0,2,96,76,56,0
00-0005589,Gus Frerotte,QB,2008,5,REG,2008_05_MIN_NO,MIN,NO,19,36,222,1,0,1,0,2,4,0,0,0,0,0,0,0,0,0,0,0,,0,0,0,0,0,0,0,0,0,0,0,,0
00-0005755,Jeff Garcia,QB,2008,5,REG,2008_05_TB_DEN,TB,DEN,13,17,93,1,1,0,0,1,6,0,0,0,0,0,0,0,0,0,0,0,,0,0,0,0,0,0,0,0,0,0,0,,0
00-0006101,Tony Gonzalez,TE,2008,5,REG,2008_05_KC_CAR,KC,CAR,0,0,0,0,0,0,0,0,0,0,0,0,3,0,17,0,1,0,0,0,,0,0,0,0,0,0,0,0,0,0,0,,0
00-0006223,Martin Gramatica,K,2008,5,REG,2008_05_MIN_NO,NO,MIN,0,0,0,0,0,0,0,0,0,0,0,0,0,0,0,0,0,0,2,4,53,0,0,1,0,1,0,3,3,0,0,0,,0
00-0006305,Ahman Green,RB,2008,5,REG,2008_05_IND_HOU,HOU,IND,0,0,0,0,0,0,0,12,47,0,3,0,0,0,0,0,0,0,0,0,,0,0,0,0,0,0,0,0,0,0,0,,0
00-0006423,Brian Griese,QB,2008,5,REG,2008_05_TB_DEN,TB,DEN,13,19,88,0,0,3,-13,0,0,0,0,0,0,0,0,0,0,0,0,0,,0,0,0,0,0,0,0,0,0,0,0,,0
00-0006799,Chris Hanson,P,2008,5,REG,2008_05_NE_SF,NE,SF,0,0,0,0,0,0,0,0,0,0,0,0,0,0,0,0,0,0,0,0,,0,0,0,0,0,0,0,0,4,142,109,50,1
00-0006800,Jason Hanson,K,2008,5,REG,2008_05_CHI_DET,DET,CHI,0,0,0,0,0,0,0,0,0,0,0,0,0,0,0,0,0,0,0,0,,0,0,0,0,0,0,1,1,0,0,0,,0
00-0007024,Marvin Harrison,WR,2008,5,REG,2008_05_IND_HOU,IND,HOU,0,0,0,0,0,0,0,0,0,0,0,0,4,0,32,0,2,0,0,0,,0,0,0,0,0,0,0,0,0,0,0,,0
00-0007091,Matt Hasselbeck,QB,2008,5,REG,2008_05_SEA_NYG,SEA,NYG,11,21,105,0,1,1,-3,0,0,0,0,0,0,0,0,0,0,0,0,0,,0,0,0,0,0,0,0,0,0,0,0,,0
00-0007308,Craig Hentrich,P,2008,5,REG,2008_05_TEN_BAL,TEN,BAL,0,0,0,0,0,0,0,0,0,0,0,0,0,0,0,0,0,0,0,0,,0,0,0,0,0,0,0,0,4,156,129,47,1
00-0007468,Ike Hilliard,WR,2008,5,REG,2008_05_TB_DEN,TB,DEN,0,0,0,0,0,0,0,0,0,0,0,0,4,0,29,1,2,0,0,0,,0,0,0,0,0,0,0,0,0,0,0,,0
00-0007835,Damon Huard,QB,2008,5,REG,2008_05_KC_CAR,KC,CAR,10,21,86,0,2,2,-16,1,-1,0,0,0,0,0,0,0,0,0,0,0,,0,0,0,0,0,0,0,0,0,0,0,,0
00-0008241,Edgerrin James,RB,2008,5,REG,2008_05_BUF_ARI,ARI,BUF,0,0,0,0,0,0,0,21,57,1,3,0,2,0,21,0,1,0,0,0,,0,0,0,0,0,0,0,0,0,0,0,,0
00-0008484,Dirk Johnson,P,2008,5,REG,2008_05_BUF_ARI,ARI,BUF,0,0,0,0,0,0,0,0,0,0,0,0,0,0,0,0,0,0,0,0,,0,0,0,0,0,0,0,0,2,90,56,51,0
00-0009028,John Kasay,K,2008,5,REG,2008_05_KC_CAR,CAR,KC,0,0,0,0,0,0,0,0,0,0,0,0,0,0,0,0,0,0,2,2,43,0,0,1,1,0,0,4,4,0,0,0,,0
00-0009119,Reggie Kelly,TE,2008,5,REG,2008_05_CIN_DAL,CIN,DAL,0,0,0,0,0,0,0,0,0,0,0,0,1,0,1,0,0,0,0,0,,0,0,0,0,0,0,0,0,0,0,0,,0
00-0009311,Jon Kitna,QB,2008,5,REG,2008_05_CHI_DET,DET,CHI,8,16,74,0,0,3,-31,0,0,0,0,0,0,0,0,0,0,0,0,0,,0,0,0,0,0,0,0,0,0,0,0,,0
00-0010072,Ryan Longwell,K,2008,5,REG,2008_05_MIN_NO,MIN,NO,0,0,0,0,0,0,0,0,0,0,0,0,0,0,0,0,0,0,3,3,53,0,0,2,0,1,0,3,3,0,0,0,,0
00-0010346,Peyton Manning,QB,2008,5,REG,2008_05_IND_HOU,IND,HOU,25,34,247,2,1,2,-12,4,8,0,1,0,0,0,0,0,0,0,0,0,,0,0,0,0,0,0,0,0,0,0,0,,0
00-0010373,Olindo Mare,K,2008,5,REG,2008_05_SEA_NYG,SEA,NYG,0,0,0,0,0,0,0,0,0,0,0,0,0,0,0,0,0,0,2,2,30,0,1,1,0,0,0,0,0,0,0,0,,0
00-0010500,Derrick Mason,WR,2008,5,REG,2008_05_TEN_BAL,BAL,TEN,0,0,0,0,0,0,0,0,0,0,0,0,5,0,38,0,4,0,0,0,,0,0,0,0,0,0,0,0,0,0,0,,0
00-0010609,Brad Maynard,P,2008,5,REG,2008_05_CHI_DET,CHI,DET,0,0,0,0,0,0,0,0,0,0,0,0,0,0,0,0,0,0,0,0,,0,0,0,0,0,0,0,0,5,165,145,37,4
00-0011022,Donovan McNabb,QB,2008,5,REG,2008_05_WAS_PHI,PHI,WAS,17,29,196,0,0,0,0,0,0,0,0,0,0,0,0,0,0,0,0,0,,0,0,0,0,0,0,0,0,0,0,0,,0
00-0011236,Billy Miller,TE,2008,5,REG,2008_05_MIN_NO,NO,MIN,0,0,0,0,0,0,0,0,0,0,0,0,4,0,61,0,1,0,0,0,,0,0,0,0,0,0,0,0,0,0,0,,0
00-0011626,Brian Moorman,P,2008,5,REG,2008_05_BUF_ARI,BUF,ARI,0,0,0,0,0,0,0,0,0,0,0,0,0,0,0,0,0,0,0,0,,0,0,0,0,0,0,0,0,2,93,73,55,0
00-0011754,Randy Moss,WR,2008,5,REG,2008_05_NE_SF,NE,SF,0,0,0,0,0,0,0,1,2,0,0,0,5,0,111,1,4,0,0,0,,0,0,0,0,0,0,0,0,0,0,0,,0
00-0011795,Muhsin Muhammad,WR,2008,5,REG,2008_05_KC_CAR,CAR,KC,0,0,0,0,0,0,0,0,0,0,0,0,3,0,71,1,3,0,0,0,,0,0,0,0,0,0,0,0,0,0,0,,0
00-0011958,Lorenzo Neal,FB,2008,5,REG,2008_05_TEN_BAL,BAL,TEN,0,0,0,0,0,0,0,2,4,0,1,0,0,0,0,0,0,0,0,0,,0,0,0,0,0,0,0,0,0,0,0,,0
00-0011970,Joe Nedney,K,2008,5,REG,2008_05_NE_SF,SF,NE,0,0,0,0,0,0,0,0,0,0,0,0,0,0,0,0,0,0,0,0,,0,0,0,0,0,0,3,3,0,0,0,,0
00-0012478,Terrell Owens,WR,2008,5,REG,2008_05_CIN_DAL,DAL,CIN,0,0,0,0,0,0,0,1,8,0,0,0,2,0,67,1,1,0,0,0,,0,0,0,0,0,0,0,0,0,0,0,,0
00-0013013,Michael Pittman,RB,2008,5,REG,2008_05_TB_DEN,DEN,TB,0,0,0,0,0,0,0,6,39,0,3,0,2,0,22,0,0,0,0,0,,0,0,0,0,0,0,0,0,0,0,0,,0
00-0014655,Mike Sellers,TE,2008,5,REG,2008_05_WAS_PHI,WAS,PHI,0,0,0,0,0,0,0,0,0,0,0,0,0,1,0,0,0,0,0,0,,0,0,0,0,0,0,0,0,0,0,0,,0
00-0015194,Hunter Smith,P,2008,5,REG,2008_05_IND_HOU,IND,HOU,0,0,0,0,0,0,0,0,0,0,0,0,0,0,0,0,0,0,0,0,,0,0,0,0,0,0,0,0,3,150,130,57,1
00-0015601,Aaron Stecker,RB,2008,5,REG,2008_05_MIN_NO,NO,MIN,0,0,0,0,0,0,0,0,0,0,0,0,1,0,0,0,0,0,0,0,,0,0,0,0,0,0,0,0,0,0,0,,0
00-0015754,Brandon Stokley,WR,2008,5,REG,2008_05_TB_DEN,DEN,TB,0,0,0,0,0,0,0,0,0,0,0,0,6,0,52,1,4,0,0,0,,0,0,0,0,0,0,0,0,0,0,0,,0
00-0015784,Matt Stover,K,2008,5,REG,2008_05_TEN_BAL,BAL,TEN,0,0,0,0,0,0,0,0,0,0,0,0,0,0,0,0,0,0,1,2,38,0,0,1,0,0,0,1,1,0,0,0,,0
00-0016098,Fred Taylor,RB,2008,5,REG,2008_05_PIT_JAX,JAX,PIT,0,0,0,0,0,0,0,10,19,0,1,0,2,0,6,0,0,0,0,0,,0,0,0,0,0,0,0,0,0,0,0,,0
00-0016550,Amani Toomer,WR,2008,5,REG,2008_05_SEA_NYG,NYG,SEA,0,0,0,0,0,0,0,0,0,0,0,0,4,0,64,0,2,0,0,0,,0,0,0,0,0,0,0,0,0,0,0,,0
00-0016689,Matt Turk,P,2008,5,REG,2008_05_IND_HOU,HOU,IND,0,0,0,0,0,0,0,0,0,0,0,0,0,0,0,0,0,0,0,0,,0,0,0,0,0,0,0,0,2,87,61,44,0
00-0016919,Adam Vinatieri,K,2008,5,REG,2008_05_IND_HOU,IND,HOU,0,0,0,0,0,0,0,0,0,0,0,0,0,0,0,0,0,0,1,2,46,0,0,0,1,0,0,4,4,0,0,0,,0
00-0017162,Hines Ward,WR,2008,5,REG,2008_05_PIT_JAX,PIT,JAX,0,0,0,0,0,0,0,0,0,0,0,0,7,0,90,1,7,0,0,0,,0,0,0,0,0,0,0,0,0,0,0,,0
00-0017200,Kurt Warner,QB,2008,5,REG,2008_05_BUF_ARI,ARI,BUF,33,42,250,2,0,0,0,2,10,0,1,0,0,0,0,0,0,0,0,0,,0,0,0,0,0,0,0,0,0,0,0,,0
00-0017915,Ricky Williams,RB,2008,5,REG,2008_05_SD_MIA,MIA,LAC,0,0,0,0,0,0,0,13,39,0,1,0,1,0,0,0,0,0,0,0,,0,0,0,0,0,0,0,0,0,0,0,,0
00-0019127,Todd Yoder,TE,2008,5,REG,2008_05_WAS_PHI,WAS,PHI,0,0,0,0,0,0,0,0,0,0,0,0,1,0,3,0,0,0,0,0,,0,0,0,0,0,0,0,0,0,0,0,,0
00-0019281,Mike Furrey,WR,2008,5,REG,2008_05_CHI_DET,DET,CHI,0,0,0,0,0,0,0,0,0,0,0,0,2,0,8,0,0,0,0,0,,0,0,0,0,0,0,0,0,0,0,0,,0
00-0019310,Rian Lindell,K,2008,5,REG,2008_05_BUF_ARI,BUF,ARI,0,0,0,0,0,0,0,0,0,0,0,0,0,0,0,0,0,0,1,1,48,0,0,0,1,0,0,2,2,0,0,0,,0
00-0019484,Sammy Morris,RB,2008,5,REG,2008_05_NE_SF,NE,SF,0,0,0,0,0,0,0,16,63,0,4,0,0,0,0,0,0,0,0,0,,0,0,0,0,0,0,0,0,0,0,0,,0
00-0019536,Shayne Graham,K,2008,5,REG,2008_05_CIN_DAL,CIN,DAL,0,0,0,0,0,0,0,0,0,0,0,0,0,0,0,0,0,0,3,3,41,0,0,1,2,0,0,1,1,0,0,0,,0
00-0019559,Chad Pennington,QB,2008,5,REG,2008_05_SD_MIA,MIA,LAC,22,29,228,1,0,1,-5,3,3,0,0,0,0,0,0,0,0,0,0,0,,0,0,0,0,0,0,0,0,0,0,0,,0
00-0019676,Neil Rackers,K,2008,5,REG,2008_05_BUF_ARI,ARI,BUF,0,0,0,0,0,0,0,0,0,0,0,0,0,0,0,0,0,0,2,2,47,0,0,1,1,0,0,5,5,0,0,0,,0
00-0019831,Nick Goings,RB,2008,5,REG,2008_05_KC_CAR,CAR,KC,0,0,0,0,0,0,0,7,10,0,0,0,0,0,0,0,0,0,0,0,,0,0,0,0,0,0,0,0,0,0,0,,0
00-0019863,Dominic Rhodes,RB,2008,5,REG,2008_05_IND_HOU,IND,HOU,0,0,0,0,0,0,0,1,0,0,0,0,1,0,-4,0,0,0,0,0,,0,0,0,0,0,0,0,0,0,0,0,,0
00-0019921,Jason Baker,P,2008,5,REG,2008_05_KC_CAR,CAR,KC,0,0,0,0,0,0,0,0,0,0,0,0,0,0,0,0,0,0,0,0,,0,0,0,0,0,0,0,0,3,136,138,51,2
00-0019997,Antonio Chatman,WR,2008,5,REG,2008_05_CIN_DAL,CIN,DAL,0,0,0,0,0,0,0,0,0,0,0,0,7,0,55,0,3,0,0,0,,0,0,0,0,0,0,0,0,0,0,0,,0
00-0020127,Daniel Wilcox,TE,2008,5,REG,2008_05_TEN_BAL,BAL,TEN,0,0,0,0,0,0,0,0,0,0,0,0,1,0,1,0,0,0,0,0,,0,0,0,0,0,0,0,0,0,0,0,,0
00-0020267,Nick Harris,P,2008,5,REG,2008_05_CHI_DET,DET,CHI,0,0,0,0,0,0,0,0,0,0,0,0,0,0,0,0,0,0,0,0,,0,0,0,0,0,0,0,0,8,366,322,51,2
00-0020270,Correll Buckhalter,RB,2008,5,REG,2008_05_WAS_PHI,PHI,WAS,0,0,0,0,0,0,0,2,0,0,0,0,0,0,0,0,0,0,0,0,,0,0,0,0,0,0,0,0,0,0,0,,0
00-0020285,Alge Crumpler,TE,2008,5,REG,2008_05_TEN_BAL,TEN,BAL,0,0,0,0,0,0,0,0,0,0,0,0,2,0,15,1,1,0,0,0,,0,0,0,0,0,0,0,0,0,0,0,,0
00-0020332,David Martin,TE,2008,5,REG,2008_05_SD_MIA,MIA,LAC,0,0,0,0,0,0,0,0,0,0,0,0,1,0,25,0,1,0,0,0,,0,0,0,0,0,0,0,0,0,0,0,,0
00-0020337,Steve Smith,WR,2008,5,REG,2008_05_KC_CAR,CAR,KC,0,0,0,0,0,0,0,0,0,0,0,0,6,0,96,0,5,0,0,0,,0,0,0,0,0,0,0,0,0,0,0,,0
00-0020397,Chad Johnson,WR,2008,5,REG,2008_05_CIN_DAL,CIN,DAL,0,0,0,0,0,0,0,0,0,0,0,0,3,0,43,0,3,0,0,0,,0,0,0,0,0,0,0,0,0,0,0,,0
00-0020407,Rudi Johnson,RB,2008,5,REG,2008_05_CHI_DET,DET,CHI,0,0,0,0,0,0,0,5,23,0,1,0,3,0,9,0,0,0,0,0,,0,0,0,0,0,0,0,0,0,0,0,,0
00-0020438,T.J. Houshmandzadeh,WR,2008,5,REG,2008_05_CIN_DAL,CIN,DAL,0,0,0,0,0,0,0,0,0,0,0,0,7,0,85,2,4,0,0,0,,0,0,0,0,0,0,0,0,0,0,0,,0
00-0020446,Chris Chambers,WR,2008,5,REG,2008_05_SD_MIA,LAC,MIA,0,0,0,0,0,0,0,1,1,0,0,0,3,0,30,1,2,0,0,0,,0,0,0,0,0,0,0,0,0,0,0,,0
00-0020462,LaMont Jordan,RB,2008,5,REG,2008_05_NE_SF,NE,SF,0,0,0,0,0,0,0,5,16,0,2,0,0,0,0,0,0,0,0,0,,0,0,0,0,0,0,0,0,0,0,0,,0
00-0020480,Sage Rosenfels,QB,2008,5,REG,2008_05_IND_HOU,HOU,IND,21,33,246,1,1,2,-11,4,16,0,1,1,0,0,0,0,0,0,0,0,,0,0,0,0,0,0,0,0,0,0,0,,0
00-0020498,Reggie Wayne,WR,2008,5,REG,2008_05_IND_HOU,IND,HOU,0,0,0,0,0,0,0,0,0,0,0,0,7,0,97,1,5,0,0,0,,0,0,0,0,0,0,0,0,0,0,0,,0
00-0020514,Michael Bennett,RB,2008,5,REG,2008_05_TB_DEN,TB,DEN,0,0,0,0,0,0,0,0,0,0,0,0,1,0,2,0,0,0,0,0,,0,0,0,0,0,0,0,0,0,0,0,,0
00-0020516,Todd Heap,TE,2008,5,REG,2008_05_TEN_BAL,BAL,TEN,0,0,0,0,0,0,0,0,0,0,0,0,4,0,41,0,2,0,0,0,,0,0,0,0,0,0,0,0,0,0,0,,0
00-0020527,Deuce McAllister,RB,2008,5,REG,2008_05_MIN_NO,NO,MIN,0,0,0,0,0,0,0,6,13,0,1,0,0,0,0,0,0,0,0,0,,0,0,0,0,0,0,0,0,0,0,0,,0
00-0020531,Drew Brees,QB,2008,5,REG,2008_05_MIN_NO,NO,MIN,26,46,330,1,2,1,-10,3,6,0,1,0,0,0,0,0,0,0,0,0,,0,0,0,0,0,0,0,0,0,0,0,,0
00-0020536,LaDainian Tomlinson,RB,2008,5,REG,2008_05_SD_MIA,LAC,MIA,0,0,0,0,0,0,0,12,35,0,2,0,5,0,22,0,1,0,0,0,,0,0,0,0,0,0,0,0,0,0,0,,0
00-0020578,Matt Bryant,K,2008,5,REG,2008_05_TB_DEN,TB,DEN,0,0,0,0,0,0,0,0,0,0,0,0,0,0,0,0,0,0,2,2,33,0,0,2,0,0,0,1,1,0,0,0,,0
00-0020608,David Carr,QB,2008,5,REG,2008_05_SEA_NYG,NYG,SEA,1,1,5,1,0,0,0,2,-2,0,0,0,0,0,0,0,0,0,0,0,,0,0,0,0,0,0,0,0,0,0,0,,0
00-0020737,Jeff Reed,K,2008,5,REG,2008_05_PIT_JAX,PIT,JAX,0,0,0,0,0,0,0,0,0,0,0,0,0,0,0,0,0,0,2,2,38,0,1,1,0,0,0,2,2,0,0,0,,0
00-0020962,Rob Bironas,K,2008,5,REG,2008_05_TEN_BAL,TEN,BAL,0,0,0,0,0,0,0,0,0,0,0,0,0,0,0,0,0,0,2,2,35,0,1,1,0,0,0,1,1,0,0,0,,0
00-0021154,Daniel Graham,TE,2008,5,REG,2008_05_TB_DEN,DEN,TB,0,0,0,0,0,0,0,0,0,0,0,0,1,0,10,0,1,0,0,0,,0,0,0,0,0,0,0,0,0,0,0,,0
00-0021163,Jabar Gaffney,WR,2008,5,REG,2008_05_NE_SF,NE,SF,0,0,0,0,0,0,0,0,0,0,0,0,3,0,35,0,2,0,0,0,,0,0,0,0,0,0,0,0,0,0,0,,0
00-0021166,Josh Reed,WR,2008,5,REG,2008_05_BUF_ARI,BUF,ARI,0,0,0,0,0,0,0,0,0,0,0,0,4,0,45,0,3,0,0,0,,0,0,0,0,0,0,0,0,0,0,0,,0
00-0021175,Andre Davis,WR,2008,5,REG,2008_05_IND_HOU,HOU,IND,0,0,0,0,0,0,0,0,0,0,0,0,1,0,6,0,1,0,0,0,,0,0,0,0,0,0,0,0,0,0,0,,0
00-0021179,Clinton Portis,RB,2008,5,REG,2008_05_WAS_PHI,WAS,PHI,0,0,0,0,0,0,0,29,145,1,7,0,2,0,13,0,1,0,0,0,,0,0,0,0,0,0,0,0,0,0,0,,0
00-0021184,Ladell Betts,RB,2008,5,REG,2008_05_WAS_PHI,WAS,PHI,0,0,0,0,0,0,0,9,44,0,2,0,1,0,7,0,0,0,0,0,,0,0,0,0,0,0,0,0,0,0,0,,0
00-0021190,Antwaan Randle El,WR,2008,5,REG,2008_05_WAS_PHI,WAS,PHI,1,1,18,1,0,0,0,0,0,0,0,0,3,0,34,0,2,0,0,0,,0,0,0,0,0,0,0,0,0,0,0,,0
00-0021191,Antonio Bryant,WR,2008,5,REG,2008_05_TB_DEN,TB,DEN,0,0,0,0,0,0,0,0,0,0,0,0,7,0,58,0,5,0,0,0,,0,0,0,0,0,0,0,0,0,0,0,,0
00-0021192,Deion Branch,WR,2008,5,REG,2008_05_SEA_NYG,SEA,NYG,0,0,0,0,0,0,0,0,0,0,0,0,3,0,31,0,1,0,0,0,,0,0,0,0,0,0,0,0,0,0,0,,0
00-0021206,Josh McCown,QB,2008,5,REG,2008_05_KC_CAR,CAR,KC,0,0,0,0,0,0,0,1,-1,0,0,0,0,0,0,0,0,0,0,0,,0,0,0,0,0,0,0,0,0,0,0,,0
00-0021216,Brian Westbrook,RB,2008,5,REG,2008_05_WAS_PHI,PHI,WAS,0,0,0,0,0,0,0,12,33,1,2,0,6,0,51,0,2,0,0,0,,0,0,0,0,0,0,0,0,0,0,0,,0
00-0021227,Justin Peelle,TE,2008,5,REG,2008_05_ATL_GB,ATL,GB,0,0,0,0,0,0,0,0,0,0,0,0,2,0,15,1,2,0,0,0,,0,0,0,0,0,0,0,0,0,0,0,,0
00-0021231,David Garrard,QB,2008,5,REG,2008_05_PIT_JAX,JAX,PIT,18,32,200,1,0,3,-25,4,12,0,0,0,0,0,0,0,0,0,0,0,,0,0,0,0,0,0,0,0,0,0,0,,0
00-0021252,Najeh Davenport,RB,2008,5,REG,2008_05_PIT_JAX,PIT,JAX,0,0,0,0,0,0,0,1,3,0,1,0,0,0,0,0,0,0,0,0,,0,0,0,0,0,0,0,0,0,0,0,,0
00-0021273,Robert Royal,TE,2008,5,REG,2008_05_BUF_ARI,BUF,ARI,0,0,0,0,0,0,0,0,0,0,0,0,2,0,8,0,0,1,0,0,,0,0,0,0,0,0,0,0,0,0,0,,0
00-0021296,J.T. O'Sullivan,QB,2008,5,REG,2008_05_NE_SF,SF,NE,14,29,130,3,3,1,-8,6,23,0,0,0,0,0,0,0,0,0,0,0,,0,0,0,0,0,0,0,0,0,0,0,,0
00-0021304,John Gilmore,TE,2008,5,REG,2008_05_TB_DEN,TB,DEN,0,0,0,0,0,0,0,0,0,0,0,0,1,0,12,0,0,0,0,0,,0,0,0,0,0,0,0,0,0,0,0,,0
00-0021314,Chester Taylor,RB,2008,5,REG,2008_05_MIN_NO,MIN,NO,1,1,4,1,0,0,0,3,8,0,0,0,2,0,14,0,0,0,0,0,,0,0,0,0,0,0,0,0,0,0,0,,0
00-0021376,T.J. Duckett,RB,2008,5,REG,2008_05_SEA_NYG,SEA,NYG,0,0,0,0,0,0,0,4,14,0,0,0,0,0,0,0,0,0,0,0,,0,0,0,0,0,0,0,0,0,0,0,,0
00-0021429,Carson Palmer,QB,2008,5,REG,2008_05_CIN_DAL,CIN,DAL,23,39,217,2,1,2,-9,0,0,0,0,0,0,0,0,0,0,0,0,0,,0,0,0,0,0,0,0,0,0,0,0,,0
00-0021488,Mat McBriar,P,2008,5,REG,2008_05_CIN_DAL,DAL,CIN,0,0,0,0,0,0,0,0,0,0,0,0,0,0,0,0,0,0,0,0,,0,0,0,0,0,0,0,0,3,166,138,66,1
00-0021500,Derrick Frost,P,2008,5,REG,2008_05_ATL_GB,GB,ATL,0,0,0,0,0,0,0,0,0,0,0,0,0,0,0,0,0,0,0,0,,0,0,0,0,0,0,0,0,3,123,120,44,1
00-0021508,Greg Lewis,WR,2008,5,REG,2008_05_WAS_PHI,PHI,WAS,0,0,0,0,0,0,0,0,0,0,0,0,1,0,22,0,1,0,0,0,,0,0,0,0,0,0,0,0,0,0,0,,0
00-0021547,Antonio Gates,TE,2008,5,REG,2008_05_SD_MIA,LAC,MIA,0,0,0,0,0,0,0,0,0,0,0,0,1,0,12,0,0,0,0,0,,0,0,0,0,0,0,0,0,0,0,0,,0
00-0021647,Jerheme Urban,WR,2008,5,REG,2008_05_BUF_ARI,ARI,BUF,0,0,0,0,0,0,0,0,0,0,0,0,3,0,10,0,0,0,0,0,,0,0,0,0,0,0,0,0,0,0,0,,0
00-0021678,Tony Romo,QB,2008,5,REG,2008_05_CIN_DAL,DAL,CIN,14,23,176,3,1,1,-1,4,7,0,1,1,0,0,0,0,0,0,0,0,,0,0,0,0,0,0,0,0,0,0,0,,0
00-0021755,Earnest Graham,RB,2008,5,REG,2008_05_TB_DEN,TB,DEN,0,0,0,0,0,0,0,10,59,0,3,0,5,0,21,0,0,0,0,0,,0,0,0,0,0,0,0,0,0,0,0,,0
00-0021929,Donald Lee,TE,2008,5,REG,2008_05_ATL_GB,GB,ATL,0,0,0,0,0,0,0,0,0,0,0,0,4,0,25,1,2,0,0,0,,0,0,0,0,0,0,0,0,0,0,0,,0
00-0021931,Kevin Walter,WR,2008,5,REG,2008_05_IND_HOU,HOU,IND,0,0,0,0,0,0,0,0,0,0,0,0,2,0,36,0,2,0,0,0,,0,0,0,0,0,0,0,0,0,0,0,,0
00-0021976,Larry Johnson,RB,2008,5,REG,2008_05_KC_CAR,KC,CAR,0,0,0,0,0,0,0,7,2,0,0,0,0,0,0,0,0,0,0,0,,0,0,0,0,0,0,0,0,0,0,0,,0
00-0021981,Shaun McDonald,WR,2008,5,REG,2008_05_CHI_DET,DET,CHI,0,0,0,0,0,0,0,0,0,0,0,0,1,0,5,0,0,0,0,0,,0,0,0,0,0,0,0,0,0,0,0,,0
00-0022017,Mike Scifres,P,2008,5,REG,2008_05_SD_MIA,LAC,MIA,0,0,0,0,0,0,0,0,0,0,0,0,0,0,0,0,0,0,0,0,,0,0,0,0,0,0,0,0,6,335,303,67,3
00-0022044,Andre Johnson,WR,2008,5,REG,2008_05_IND_HOU,HOU,IND,0,0,0,0,0,0,0,0,0,0,0,0,9,0,131,1,6,0,0,0,,0,0,0,0,0,0,0,0,0,0,0,,0
00-0022054,Visanthe Shiancoe,TE,2008,5,REG,2008_05_MIN_NO,MIN,NO,0,0,0,0,0,0,0,0,0,0,0,0,2,0,16,1,2,0,0,0,,0,0,0,0,0,0,0,0,0,0,0,,0
00-0022055,Seneca Wallace,QB,2008,5,REG,2008_05_SEA_NYG,SEA,NYG,3,6,20,0,0,1,-9,0,0,0,0,0,0,0,0,0,0,0,0,0,,0,0,0,0,0,0,0,0,0,0,0,,0
00-0022064,Arnaz Battle,WR,2008,5,REG,2008_05_NE_SF,SF,NE,0,0,0,0,0,0,0,0,0,0,0,0,1,0,9,0,0,0,0,0,,0,0,0,0,0,0,0,0,0,0,0,,0
00-0022126,L.J. Smith,TE,2008,5,REG,2008_05_WAS_PHI,PHI,WAS,0,0,0,0,0,0,0,0,0,0,0,0,3,0,26,0,2,0,0,0,,0,0,0,0,0,0,0,0,0,0,0,,0
00-0022127,Jason Witten,TE,2008,5,REG,2008_05_CIN_DAL,DAL,CIN,0,0,0,0,0,0,0,0,0,0,0,0,8,0,79,1,6,0,0,0,,0,0,0,0,0,0,0,0,0,0,0,,0
00-0022143,Ovie Mughelli,FB,2008,5,REG,2008_05_ATL_GB,ATL,GB,0,0,0,0,0,0,0,1,9,0,1,0,0,0,0,0,0,0,0,0,,0,0,0,0,0,0,0,0,0,0,0,,0
00-0022144,Bobby Wade,WR,2008,5,REG,2008_05_MIN_NO,MIN,NO,0,0,0,0,0,0,0,0,0,0,0,0,8,0,64,0,4,0,0,0,,0,0,0,0,0,0,0,0,0,0,0,,0
00-0022156,Bryant Johnson,WR,2008,5,REG,2008_05_NE_SF,SF,NE,0,0,0,0,0,0,0,0,0,0,0,0,3,0,27,0,2,0,0,0,,0,0,0,0,0,0,0,0,0,0,0,,0
00-0022165,Dallas Clark,TE,2008,5,REG,2008_05_IND_HOU,IND,HOU,0,0,0,0,0,0,0,0,0,0,0,0,5,0,81,0,3,0,0,0,,0,0,0,0,0,0,0,0,0,0,0,,0
00-0022178,Willis McGahee,RB,2008,5,REG,2008_05_TEN_BAL,BAL,TEN,0,0,0,0,0,0,0,22,64,0,3,0,1,0,2,0,0,0,0,0,,0,0,0,0,0,0,0,0,0,0,0,,0
00-0022217,Mewelde Moore,RB,2008,5,REG,2008_05_PIT_JAX,PIT,JAX,0,0,0,0,0,0,0,17,99,0,4,0,3,0,17,0,1,0,0,0,,0,0,0,0,0,0,0,0,0,0,0,,0
00-0022397,Vonta Leach,FB,2008,5,REG,2008_05_IND_HOU,HOU,IND,0,0,0,0,0,0,0,0,0,0,0,0,1,0,8,0,0,0,0,0,,0,0,0,0,0,0,0,0,0,0,0,,0
00-0022421,Ruvell Martin,WR,2008,5,REG,2008_05_ATL_GB,GB,ATL,0,0,0,0,0,0,0,0,0,0,0,0,3,0,31,0,2,0,0,0,,0,0,0,0,0,0,0,0,0,0,0,,0
00-0022427,Wes Welker,WR,2008,5,REG,2008_05_NE_SF,NE,SF,0,0,0,0,0,0,0,0,0,0,0,0,8,1,73,0,5,0,0,0,,0,0,0,0,0,0,0,0,0,0,0,,0
00-0022555,Ben Utecht,TE,2008,5,REG,2008_05_CIN_DAL,CIN,DAL,0,0,0,0,0,0,0,0,0,0,0,0,1,0,3,0,1,0,0,0,,0,0,0,0,0,0,0,0,0,0,0,,0
00-0022589,Kyle Larson,P,2008,5,REG,2008_05_CIN_DAL,CIN,DAL,0,0,0,0,0,0,0,0,0,0,0,0,0,0,0,0,0,0,0,0,,0,0,0,0,0,0,0,0,4,185,150,57,0
00-0022613,Glenn Martinez,WR,2008,5,REG,2008_05_TB_DEN,DEN,TB,0,0,0,0,0,0,0,0,0,0,0,0,1,0,12,0,1,0,0,0,,0,0,0,0,0,0,0,0,0,0,0,,0
00-0022725,Michael Clayton,WR,2008,5,REG,2008_05_TB_DEN,TB,DEN,0,0,0,0,0,0,0,0,0,0,0,0,3,0,26,0,2,0,0,0,,0,0,0,0,0,0,0,0,0,0,0,,0
00-0022726,Keary Colbert,WR,2008,5,REG,2008_05_SEA_NYG,SEA,NYG,0,0,0,0,0,0,0,0,0,0,0,0,1,0,10,0,1,0,0,0,,0,0,0,0,0,0,0,0,0,0,0,,0
00-0022737,Nate Kaeding,K,2008,5,REG,2008_05_SD_MIA,LAC,MIA,0,0,0,0,0,0,0,0,0,0,0,0,0,0,0,0,0,0,1,1,34,0,0,1,0,0,0,1,1,0,0,0,,0
00-0022738,Chris Cooley,TE,2008,5,REG,2008_05_WAS_PHI,WAS,PHI,0,0,0,0,0,0,0,0,0,0,0,0,8,0,109,1,6,0,0,0,,0,0,0,0,0,0,0,0,0,0,0,,0
00-0022739,Devard Darling,WR,2008,5,REG,2008_05_KC_CAR,KC,CAR,0,0,0,0,0,0,0,0,0,0,0,0,1,0,9,0,0,0,0,0,,0,0,0,0,0,0,0,0,0,0,0,,0
00-0022766,Patrick Crayton,WR,2008,5,REG,2008_05_CIN_DAL,DAL,CIN,0,0,0,0,0,0,0,0,0,0,0,0,1,0,15,1,1,0,0,0,,0,0,0,0,0,0,0,0,0,0,0,,0
00-0022770,Derrick Ward,RB,2008,5,REG,2008_05_SEA_NYG,NYG,SEA,0,0,0,0,0,0,0,7,40,0,1,0,2,0,10,0,1,0,0,0,,0,0,0,0,0,0,0,0,0,0,0,,0
00-0022781,Michael Jenkins,WR,2008,5,REG,2008_05_ATL_GB,ATL,GB,0,0,0,0,0,0,0,0,0,0,0,0,3,0,38,0,2,0,0,0,,0,0,0,0,0,0,0,0,0,0,0,,0
00-0022782,Kevin Jones,RB,2008,5,REG,2008_05_CHI_DET,CHI,DET,0,0,0,0,0,0,0,10,36,0,3,0,2,0,5,0,0,0,0,0,,0,0,0,0,0,0,0,0,0,0,0,,0
00-0022803,Eli Manning,QB,2008,5,REG,2008_05_SEA_NYG,NYG,SEA,19,25,267,2,0,1,-3,0,0,0,0,0,0,0,0,0,0,0,0,0,,0,0,0,0,0,0,0,0,0,0,0,,0
00-0022807,Bernard Berrian,WR,2008,5,REG,2008_05_MIN_NO,MIN,NO,0,0,0,0,0,0,0,0,0,0,0,0,6,0,110,1,5,0,0,0,,0,0,0,0,0,0,0,0,0,0,0,,0
00-0022821,Michael Turner,RB,2008,5,REG,2008_05_ATL_GB,ATL,GB,0,0,0,0,0,0,0,26,121,1,7,0,0,0,0,0,0,0,0,0,,0,0,0,0,0,0,0,0,0,0,0,,0
00-0022824,Andy Lee,P,2008,5,REG,2008_05_NE_SF,SF,NE,0,0,0,0,0,0,0,0,0,0,0,0,0,0,0,0,0,0,0,0,,0,0,0,0,0,0,0,0,5,270,231,82,0
00-0022840,Julius Jones,RB,2008,5,REG,2008_05_SEA_NYG,SEA,NYG,0,0,0,0,0,0,0,17,61,0,2,0,1,0,13,0,1,0,0,0,,0,0,0,0,0,0,0,0,0,0,0,,0
00-0022874,Josh Scobee,K,2008,5,REG,2008_05_PIT_JAX,JAX,PIT,0,0,0,0,0,0,0,0,0,0,0,0,0,0,0,0,0,0,0,0,,0,0,0,0,0,0,3,3,0,0,0,,0
00-0022882,Mark Jones,WR,2008,5,REG,2008_05_KC_CAR,CAR,KC,0,0,0,0,0,0,0,0,0,0,0,0,1,0,19,0,1,0,0,0,,0,0,0,0,0,0,0,0,0,0,0,,0
00-0022897,Greg Jones,FB,2008,5,REG,2008_05_PIT_JAX,JAX,PIT,0,0,0,0,0,0,0,0,0,0,0,0,1,0,15,0,1,0,0,0,,0,0,0,0,0,0,0,0,0,0,0,,0
00-0022909,Roy Williams,WR,2008,5,REG,2008_05_CHI_DET,DET,CHI,0,0,0,0,0,0,0,0,0,0,0,0,7,0,96,0,6,0,0,0,,0,0,0,0,0,0,0,0,0,0,0,,0
00-0022910,Lee Evans,WR,2008,5,REG,2008_05_BUF_ARI,BUF,ARI,0,0,0,0,0,0,0,1,22,0,1,0,2,0,100,1,1,0,0,0,,0,0,0,0,0,0,0,0,0,0,0,,0
00-0022912,J.P. Losman,QB,2008,5,REG,2008_05_BUF_ARI,BUF,ARI,15,21,220,1,1,5,-35,2,2,1,1,1,0,0,0,0,0,0,0,0,,0,0,0,0,0,0,0,0,0,0,0,,0
00-0022921,Larry Fitzgerald,WR,2008,5,REG,2008_05_BUF_ARI,ARI,BUF,0,0,0,0,0,0,0,0,0,0,0,0,7,0,52,2,6,0,0,0,,0,0,0,0,0,0,0,0,0,0,0,,0
00-0022924,Ben Roethlisberger,QB,2008,5,REG,2008_05_PIT_JAX,PIT,JAX,26,41,309,3,1,3,-23,2,2,0,0,0,0,0,0,0,0,0,0,0,,0,0,0,0,0,0,0,0,0,0,0,,0
00-0022926,Chris Perry,RB,2008,5,REG,2008_05_CIN_DAL,CIN,DAL,0,0,0,0,0,0,0,13,31,0,2,1,3,0,19,0,1,0,0,0,,0,0,0,0,0,0,0,0,0,0,0,,0
00-0022929,Devery Henderson,WR,2008,5,REG,2008_05_MIN_NO,NO,MIN,0,0,0,0,0,0,0,1,7,0,0,0,4,0,104,1,4,0,0,0,,0,0,0,0,0,0,0,0,0,0,0,,0
00-0022942,Philip Rivers,QB,2008,5,REG,2008_05_SD_MIA,LAC,MIA,13,28,159,1,0,2,-17,0,0,0,0,0,0,0,0,0,0,0,0,0,,0,0,0,0,0,0,0,0,0,0,0,,0
00-0022943,Benjamin Watson,TE,2008,5,REG,2008_05_NE_SF,NE,SF,0,0,0,0,0,0,0,0,0,0,0,0,2,0,11,0,1,0,0,0,,0,0,0,0,0,0,0,0,0,0,0,,0
00-0022984,Ryan Grant,RB,2008,5,REG,2008_05_ATL_GB,GB,ATL,0,0,0,0,0,0,0,18,83,0,5,0,0,0,0,0,0,0,0,0,,0,0,0,0,0,0,0,0,0,0,0,,0
00-0023001,Shaun Suisham,K,2008,5,REG,2008_05_WAS_PHI,WAS,PHI,0,0,0,0,0,0,0,0,0,0,0,0,0,0,0,0,0,0,3,3,50,0,0,0,2,1,0,2,2,0,0,0,,0
00-0023060,Chris Kluwe,P,2008,5,REG,2008_05_MIN_NO,MIN,NO,0,0,0,0,0,0,0,0,0,0,0,0,0,0,0,0,0,0,0,0,,0,0,0,0,0,0,0,0,7,303,107,52,3
00-0023063,Leonard Weaver,FB,2008,5,REG,2008_05_SEA_NYG,SEA,NYG,0,0,0,0,0,0,0,1,-1,0,0,0,0,0,0,0,0,0,0,0,,0,0,0,0,0,0,0,0,0,0,0,,0
00-0023210,Tory Humphrey,TE,2008,5,REG,2008_05_ATL_GB,GB,ATL,0,0,0,0,0,0,0,0,0,0,0,0,4,0,67,0,3,0,0,0,,0,0,0,0,0,0,0,0,0,0,0,,0
00-0023234,Michael Koenen,P,2008,5,REG,2008_05_ATL_GB,ATL,GB,0,0,0,0,0,0,0,0,0,0,0,0,0,0,0,0,0,0,0,0,,0,0,0,0,0,0,0,0,3,125,125,53,3
00-0023252,Robbie Gould,K,2008,5,REG,2008_05_CHI_DET,CHI,DET,0,0,0,0,0,0,0,0,0,0,0,0,0,0,0,0,0,0,2,2,45,0,0,1,1,0,0,4,4,0,0,0,,0
00-0023310,Lance Moore,WR,2008,5,REG,2008_05_MIN_NO,NO,MIN,0,0,0,0,0,0,0,0,0,0,0,0,5,0,31,0,3,0,0,0,,0,0,0,0,0,0,0,0,0,0,0,,0
00-0023367,Nate Washington,WR,2008,5,REG,2008_05_PIT_JAX,PIT,JAX,0,0,0,0,0,0,0,0,0,0,0,0,6,0,94,1,3,0,0,0,,0,0,0,0,0,0,0,0,0,0,0,,0
00-0023408,Greg Camarillo,WR,2008,5,REG,2008_05_SD_MIA,MIA,LAC,0,0,0,0,0,0,0,0,0,0,0,0,6,0,68,1,3,0,0,0,,0,0,0,0,0,0,0,0,0,0,0,,0
00-0023429,Rashied Davis,WR,2008,5,REG,2008_05_CHI_DET,CHI,DET,0,0,0,0,0,0,0,0,0,0,0,0,6,0,97,0,4,0,0,0,,0,0,0,0,0,0,0,0,0,0,0,,0
00-0023437,Ronnie Brown,RB,2008,5,REG,2008_05_SD_MIA,MIA,LAC,0,0,0,0,0,0,0,24,125,1,10,0,1,0,8,0,0,0,0,0,,0,0,0,0,0,0,0,0,0,0,0,,0
00-0023439,Cedric Benson,RB,2008,5,REG,2008_05_CIN_DAL,CIN,DAL,0,0,0,0,0,0,0,10,30,0,2,0,0,0,0,0,0,0,0,0,,0,0,0,0,0,0,0,0,0,0,0,,0
00-0023456,Matt Jones,WR,2008,5,REG,2008_05_PIT_JAX,JAX,PIT,0,0,0,0,0,0,0,0,0,0,0,0,2,0,25,0,2,0,0,0,,0,0,0,0,0,0,0,0,0,0,0,,0
00-0023457,Mark Clayton,WR,2008,5,REG,2008_05_TEN_BAL,BAL,TEN,0,0,0,0,0,0,0,1,9,0,0,0,4,0,37,0,1,0,0,0,,0,0,0,0,0,0,0,0,0,0,0,,0
00-0023459,Aaron Rodgers,QB,2008,5,REG,2008_05_ATL_GB,GB,ATL,25,37,313,3,1,2,-9,2,4,0,0,0,0,0,0,0,0,0,0,0,,0,0,0,0,0,0,0,0,0,0,0,,0
00-0023460,Jason Campbell,QB,2008,5,REG,2008_05_WAS_PHI,WAS,PHI,16,29,176,0,0,1,-9,6,14,0,1,0,0,0,0,0,0,0,0,0,,0,0,0,0,0,0,0,0,0,0,0,,0
00-0023462,Roddy White,WR,2008,5,REG,2008_05_ATL_GB,ATL,GB,0,0,0,0,0,0,0,0,0,0,0,0,8,0,132,1,4,0,0,0,,0,0,0,0,0,0,0,0,0,0,0,,0
00-0023465,Heath Miller,TE,2008,5,REG,2008_05_PIT_JAX,PIT,JAX,0,0,0,0,0,0,0,0,0,0,0,0,5,0,45,1,4,0,0,0,,0,0,0,0,0,0,0,0,0,0,0,,0
00-0023470,Reggie Brown,WR,2008,5,REG,2008_05_WAS_PHI,PHI,WAS,0,0,0,0,0,0,0,1,6,0,1,0,4,0,84,0,3,0,0,0,,0,0,0,0,0,0,0,0,0,0,0,,0
00-0023479,J.J. Arrington,RB,2008,5,REG,2008_05_BUF_ARI,ARI,BUF,0,0,0,0,0,0,0,4,19,0,1,0,3,0,25,0,1,0,0,0,,0,0,0,0,0,0,0,0,0,0,0,,0
00-0023496,Vincent Jackson,WR,2008,5,REG,2008_05_SD_MIA,LAC,MIA,0,0,0,0,0,0,0,0,0,0,0,0,2,0,56,0,2,0,0,0,,0,0,0,0,0,0,0,0,0,0,0,,0
00-0023500,Frank Gore,RB,2008,5,REG,2008_05_NE_SF,SF,NE,0,0,0,0,0,0,0,12,54,0,3,0,4,0,24,1,1,0,0,0,,0,0,0,0,0,0,0,0,0,0,0,,0
00-0023506,Alex Smith,TE,2008,5,REG,2008_05_TB_DEN,TB,DEN,0,0,0,0,0,0,0,0,0,0,0,0,1,0,11,0,1,0,0,0,,0,0,0,0,0,0,0,0,0,0,0,,0
00-0023531,Brandon Jones,WR,2008,5,REG,2008_05_TEN_BAL,TEN,BAL,0,0,0,0,0,0,0,0,0,0,0,0,3,0,54,0,3,0,0,0,,0,0,0,0,0,0,0,0,0,0,0,,0
00-0023534,Dustin Colquitt,P,2008,5,REG,2008_05_KC_CAR,KC,CAR,0,0,0,0,0,0,0,0,0,0,0,0,0,0,0,0,0,0,0,0,,0,0,0,0,0,0,0,0,7,343,275,57,1
00-0023541,Kyle Orton,QB,2008,5,REG,2008_05_CHI_DET,CHI,DET,24,34,334,2,0,1,-6,1,10,0,1,0,0,0,0,0,0,0,0,0,,0,0,0,0,0,0,0,0,0,0,0,,0
00-0023544,Marion Barber,RB,2008,5,REG,2008_05_CIN_DAL,DAL,CIN,0,0,0,0,0,0,0,23,84,0,3,0,2,0,8,0,0,0,0,0,,0,0,0,0,0,0,0,0,0,0,0,,0
00-0023545,Brandon Jacobs,RB,2008,5,REG,2008_05_SEA_NYG,NYG,SEA,0,0,0,0,0,0,0,15,136,2,9,0,1,0,9,0,0,0,0,0,,0,0,0,0,0,0,0,0,0,0,0,,0
00-0023564,Darren Sproles,RB,2008,5,REG,2008_05_SD_MIA,LAC,MIA,0,0,0,0,0,0,0,6,24,0,1,0,1,0,23,0,1,0,0,0,,0,0,0,0,0,0,0,0,0,0,0,,0
00-0023578,Dan Orlovsky,QB,2008,5,REG,2008_05_CHI_DET,DET,CHI,13,23,97,0,1,1,-9,0,0,0,0,0,0,0,0,0,0,0,0,0,,0,0,0,0,0,0,0,0,0,0,0,,0
00-0023612,Bo Scaife,TE,2008,5,REG,2008_05_TEN_BAL,TEN,BAL,0,0,0,0,0,0,0,0,0,0,0,0,7,0,72,0,5,0,0,0,,0,0,0,0,0,0,0,0,0,0,0,,0
00-0023630,Joel Dreessen,TE,2008,5,REG,2008_05_IND_HOU,HOU,IND,0,0,0,0,0,0,0,0,0,0,0,0,1,0,11,0,1,0,0,0,,0,0,0,0,0,0,0,0,0,0,0,,0
00-0023662,Matt Cassel,QB,2008,5,REG,2008_05_NE_SF,NE,SF,22,32,259,1,2,5,-26,4,5,0,0,0,0,0,0,0,0,0,0,0,,0,0,0,0,0,0,0,0,0,0,0,,0
00-0023742,Jon Ryan,P,2008,5,REG,2008_05_SEA_NYG,SEA,NYG,0,0,0,0,0,0,0,0,0,0,0,0,0,0,0,0,0,0,0,0,,0,0,0,0,0,0,0,0,8,369,288,63,1
00-0023764,Andre Hall,RB,2008,5,REG,2008_05_TB_DEN,DEN,TB,0,0,0,0,0,0,0,5,13,0,0,0,2,0,17,0,1,0,0,0,,0,0,0,0,0,0,0,0,0,0,0,,0
00-0023853,Matt Prater,K,2008,5,REG,2008_05_TB_DEN,DEN,TB,0,0,0,0,0,0,0,0,0,0,0,0,0,0,0,0,0,0,3,3,55,0,1,0,1,1,0,1,1,0,0,0,,0
00-0024110,Steve Weatherford,P,2008,5,REG,2008_05_MIN_NO,NO,MIN,0,0,0,0,0,0,0,0,0,0,0,0,0,0,0,0,0,0,0,0,,0,0,0,0,0,0,0,0,2,86,86,45,0
00-0024204,Fred Jackson,RB,2008,5,REG,2008_05_BUF_ARI,BUF,ARI,0,0,0,0,0,0,0,1,5,0,0,0,3,0,32,0,2,0,0,0,,0,0,0,0,0,0,0,0,0,0,0,,0
00-0024217,Reggie Bush,RB,2008,5,REG,2008_05_MIN_NO,NO,MIN,0,0,0,0,0,0,0,12,29,0,1,1,7,0,64,0,4,0,0,0,,0,0,0,0,0,0,0,0,0,0,0,,0
00-0024226,Jay Cutler,QB,2008,5,REG,2008_05_TB_DEN,DEN,TB,23,34,227,1,0,0,0,5,16,0,1,0,0,0,0,0,0,0,0,0,,0,0,0,0,0,0,0,0,0,0,0,,0
00-0024236,Laurence Maroney,RB,2008,5,REG,2008_05_NE_SF,NE,SF,0,0,0,0,0,0,0,10,26,0,0,0,0,0,0,0,0,0,0,0,,0,0,0,0,0,0,0,0,0,0,0,,0
00-0024240,Santonio Holmes,WR,2008,5,REG,2008_05_PIT_JAX,PIT,JAX,0,0,0,0,0,0,0,0,0,0,0,0,4,0,65,0,3,0,0,0,,0,0,0,0,0,0,0,0,0,0,0,,0
00-0024242,DeAngelo Williams,RB,2008,5,REG,2008_05_KC_CAR,CAR,KC,0,0,0,0,0,0,0,20,123,2,5,0,1,0,25,1,1,0,0,0,,0,0,0,0,0,0,0,0,0,0,0,,0
00-0024243,Marcedes Lewis,TE,2008,5,REG,2008_05_PIT_JAX,JAX,PIT,0,0,0,0,0,0,0,0,0,0,0,0,1,0,24,1,1,0,0,0,,0,0,0,0,0,0,0,0,0,0,0,,0
00-0024245,Joseph Addai,RB,2008,5,REG,2008_05_IND_HOU,IND,HOU,0,0,0,0,0,0,0,17,71,1,5,0,1,0,3,0,0,0,0,0,,0,0,0,0,0,0,0,0,0,0,0,,0
00-0024259,Sinorice Moss,WR,2008,5,REG,2008_05_SEA_NYG,NYG,SEA,0,0,0,0,0,0,0,0,0,0,0,0,4,0,45,2,3,0,0,0,,0,0,0,0,0,0,0,0,0,0,0,,0
00-0024260,LenDale White,RB,2008,5,REG,2008_05_TEN_BAL,TEN,BAL,0,0,0,0,0,0,0,3,4,0,0,0,1,0,0,0,0,0,0,0,,0,0,0,0,0,0,0,0,0,0,0,,0
00-0024267,Greg Jennings,WR,2008,5,REG,2008_05_ATL_GB,GB,ATL,0,0,0,0,0,0,0,0,0,0,0,0,4,0,87,1,3,0,0,0,,0,0,0,0,0,0,0,0,0,0,0,,0
00-0024268,Anthony Fasano,TE,2008,5,REG,2008_05_SD_MIA,MIA,LAC,0,0,0,0,0,0,0,0,0,0,0,0,3,0,47,0,3,0,0,0,,0,0,0,0,0,0,0,0,0,0,0,,0
00-0024272,Devin Hester,WR,2008,5,REG,2008_05_CHI_DET,CHI,DET,0,0,0,0,0,0,0,0,0,0,0,0,5,0,66,1,4,0,0,0,,0,0,0,0,0,0,0,0,0,0,0,,0
00-0024275,Maurice Jones-Drew,RB,2008,5,REG,2008_05_PIT_JAX,JAX,PIT,0,0,0,0,0,0,0,5,7,1,1,0,6,0,23,0,1,0,0,0,,0,0,0,0,0,0,0,0,0,0,0,,0
00-0024276,Tony Scheffler,TE,2008,5,REG,2008_05_TB_DEN,DEN,TB,0,0,0,0,0,0,0,0,0,0,0,0,4,0,65,0,3,0,0,0,,0,0,0,0,0,0,0,0,0,0,0,,0
00-0024287,Leonard Pope,TE,2008,5,REG,2008_05_BUF_ARI,ARI,BUF,0,0,0,0,0,0,0,0,0,0,0,0,1,0,4,0,0,0,0,0,,0,0,0,0,0,0,0,0,0,0,0,,0
00-0024294,Jerious Norwood,RB,2008,5,REG,2008_05_ATL_GB,ATL,GB,0,0,0,0,0,0,0,4,12,0,0,0,3,0,9,0,1,0,0,0,,0,0,0,0,0,0,0,0,0,0,0,,0
00-0024305,Maurice Stovall,WR,2008,5,REG,2008_05_TB_DEN,TB,DEN,0,0,0,0,0,0,0,0,0,0,0,0,1,0,9,0,1,0,0,0,,0,0,0,0,0,0,0,0,0,0,0,,0
00-0024313,Owen Daniels,TE,2008,5,REG,2008_05_IND_HOU,HOU,IND,0,0,0,0,0,0,0,0,0,0,0,0,5,0,47,0,2,0,0,0,,0,0,0,0,0,0,0,0,0,0,0,,0
00-0024324,Jason Avant,WR,2008,5,REG,2008_05_WAS_PHI,PHI,WAS,0,0,0,0,0,0,0,0,0,0,0,0,1,0,3,0,1,0,0,0,,0,0,0,0,0,0,0,0,0,0,0,,0
00-0024326,Demetrius Williams,WR,2008,5,REG,2008_05_TEN_BAL,BAL,TEN,0,0,0,0,0,0,0,0,0,0,0,0,1,0,22,0,1,0,0,0,,0,0,0,0,0,0,0,0,0,0,0,,0
00-0024333,Stephen Gostkowski,K,2008,5,REG,2008_05_NE_SF,NE,SF,0,0,0,0,0,0,0,0,0,0,0,0,0,0,0,0,0,0,3,3,49,0,0,1,2,0,0,3,3,0,0,0,,0
00-0024334,Brandon Marshall,WR,2008,5,REG,2008_05_TB_DEN,DEN,TB,0,0,0,0,0,0,0,0,0,0,0,0,3,0,25,0,2,0,0,0,,0,0,0,0,0,0,0,0,0,0,0,,0
00-0024345,Domenik Hixon,WR,2008,5,REG,2008_05_SEA_NYG,NYG,SEA,0,0,0,0,0,0,0,1,15,0,1,0,4,0,102,1,4,0,0,0,,0,0,0,0,0,0,0,0,0,0,0,,0
00-0024369,Jeff King,TE,2008,5,REG,2008_05_KC_CAR,CAR,KC,0,0,0,0,0,0,0,0,0,0,0,0,2,0,17,0,1,0,0,0,,0,0,0,0,0,0,0,0,0,0,0,,0
00-0024389,Delanie Walker,TE,2008,5,REG,2008_05_NE_SF,SF,NE,0,0,0,0,0,0,0,0,0,0,0,0,1,0,8,0,0,0,0,0,,0,0,0,0,0,0,0,0,0,0,0,,0
00-0024404,Jeff Webb,WR,2008,5,REG,2008_05_KC_CAR,KC,CAR,0,0,0,0,0,0,0,0,0,0,0,0,1,0,13,0,1,0,0,0,,0,0,0,0,0,0,0,0,0,0,0,,0
00-0024417,Sam Koch,P,2008,5,REG,2008_05_TEN_BAL,BAL,TEN,0,0,0,0,0,0,0,0,0,0,0,0,0,0,0,0,0,0,0,0,,0,0,0,0,0,0,0,0,4,156,103,48,2
00-0024465,David Anderson,WR,2008,5,REG,2008_05_IND_HOU,HOU,IND,0,0,0,0,0,0,0,0,0,0,0,0,1,0,4,0,0,0,0,0,,0,0,0,0,0,0,0,0,0,0,0,,0
00-0024489,Ahmard Hall,FB,2008,5,REG,2008_05_TEN_BAL,TEN,BAL,0,0,0,0,0,0,0,0,0,0,0,0,1,0,8,0,0,0,0,0,,0,0,0,0,0,0,0,0,0,0,0,,0
00-0024515,Sav Rocca,P,2008,5,REG,2008_05_WAS_PHI,PHI,WAS,0,0,0,0,0,0,0,0,0,0,0,0,0,0,0,0,0,0,0,0,,0,0,0,0,0,0,0,0,5,252,214,56,2
00-0024529,Gijon Robinson,TE,2008,5,REG,2008_05_IND_HOU,IND,HOU,0,0,0,0,0,0,0,0,0,0,0,0,2,0,8,0,0,0,0,0,,0,0,0,0,0,0,0,0,0,0,0,,0
00-0024549,Selvin Young,RB,2008,5,REG,2008_05_TB_DEN,DEN,TB,0,0,0,0,0,0,0,10,38,0,0,0,1,0,1,0,0,0,0,0,,0,0,0,0,0,0,0,0,0,0,0,,0
00-0024607,Daniel Coats,TE,2008,5,REG,2008_05_CIN_DAL,CIN,DAL,0,0,0,0,0,0,0,0,0,0,0,0,1,0,11,0,1,0,0,0,,0,0,0,0,0,0,0,0,0,0,0,,0
00-0024846,Gary Russell,RB,2008,5,REG,2008_05_PIT_JAX,PIT,JAX,0,0,0,0,0,0,0,6,25,0,1,0,1,0,-2,0,0,0,0,0,,0,0,0,0,0,0,0,0,0,0,0,,0
00-0025389,Calvin Johnson,WR,2008,5,REG,2008_05_CHI_DET,DET,CHI,0,0,0,0,0,0,0,0,0,0,0,0,2,0,16,0,0,0,0,0,,0,0,0,0,0,0,0,0,0,0,0,,0
00-0025394,Adrian Peterson,RB,2008,5,REG,2008_05_MIN_NO,MIN,NO,0,0,0,0,0,0,0,21,32,0,2,0,1,0,9,0,0,0,0,0,,0,0,0,0,0,0,0,0,0,0,0,,0
00-0025396,Ted Ginn,WR,2008,5,REG,2008_05_SD_MIA,MIA,LAC,0,0,0,0,0,0,0,0,0,0,0,0,7,0,55,0,3,0,0,0,,0,0,0,0,0,0,0,0,0,0,0,,0
00-0025399,Marshawn Lynch,RB,2008,5,REG,2008_05_BUF_ARI,BUF,ARI,0,0,0,0,0,0,0,13,55,0,2,0,3,0,10,0,0,0,0,0,,0,0,0,0,0,0,0,0,0,0,0,,0
00-0025410,Dwayne Bowe,WR,2008,5,REG,2008_05_KC_CAR,KC,CAR,0,0,0,0,0,0,0,0,0,0,0,0,5,0,57,0,2,0,0,0,,0,0,0,0,0,0,0,0,0,0,0,,0
00-0025414,Robert Meachem,WR,2008,5,REG,2008_05_MIN_NO,NO,MIN,0,0,0,0,0,0,0,0,0,0,0,0,2,0,31,0,0,0,0,0,,0,0,0,0,0,0,0,0,0,0,0,,0
00-0025417,Craig Davis,WR,2008,5,REG,2008_05_SD_MIA,LAC,MIA,0,0,0,0,0,0,0,0,0,0,0,0,1,0,16,0,1,0,0,0,,0,0,0,0,0,0,0,0,0,0,0,,0
00-0025418,Greg Olsen,TE,2008,5,REG,2008_05_CHI_DET,CHI,DET,0,0,0,0,0,0,0,0,0,0,0,0,3,0,87,0,3,0,0,0,,0,0,0,0,0,0,0,0,0,0,0,,0
00-0025419,Anthony Gonzalez,WR,2008,5,REG,2008_05_IND_HOU,IND,HOU,0,0,0,0,0,0,0,0,0,0,0,0,1,0,3,0,0,0,0,0,,0,0,0,0,0,0,0,0,0,0,0,,0
00-0025438,Steve Smith,WR,2008,5,REG,2008_05_SEA_NYG,NYG,SEA,0,0,0,0,0,0,0,0,0,0,0,0,2,0,27,0,1,0,0,0,,0,0,0,0,0,0,0,0,0,0,0,,0
00-0025450,Brandon Jackson,RB,2008,5,REG,2008_05_ATL_GB,GB,ATL,0,0,0,0,0,0,0,2,11,0,1,0,5,0,12,0,1,0,0,0,,0,0,0,0,0,0,0,0,0,0,0,,0
00-0025465,James Jones,WR,2008,5,REG,2008_05_ATL_GB,GB,ATL,0,0,0,0,0,0,0,0,0,0,0,0,1,0,9,0,0,0,0,0,,0,0,0,0,0,0,0,0,0,0,0,,0
00-0025466,Mike Sims-Walker,WR,2008,5,REG,2008_05_PIT_JAX,JAX,PIT,0,0,0,0,0,0,0,0,0,0,0,0,6,0,107,0,4,0,0,0,,0,0,0,0,0,0,0,0,0,0,0,,0
00-0025477,Tony Hunt,RB,2008,5,REG,2008_05_WAS_PHI,PHI,WAS,0,0,0,0,0,0,0,1,6,0,0,0,1,0,2,0,0,0,0,0,,0,0,0,0,0,0,0,0,0,0,0,,0
00-0025479,Trent Edwards,QB,2008,5,REG,2008_05_BUF_ARI,BUF,ARI,3,3,18,0,0,0,0,0,0,0,0,0,0,0,0,0,0,0,0,0,,0,0,0,0,0,0,0,0,0,0,0,,0
00-0025480,Garrett Wolfe,RB,2008,5,REG,2008_05_CHI_DET,CHI,DET,0,0,0,0,0,0,0,8,15,0,0,0,0,0,0,0,0,0,0,0,,0,0,0,0,0,0,0,0,0,0,0,,0
00-0025488,Adam Podlesh,P,2008,5,REG,2008_05_PIT_JAX,JAX,PIT,0,0,0,0,0,0,0,0,0,0,0,0,0,0,0,0,0,0,0,0,,0,0,0,0,0,0,0,0,5,233,198,55,1
00-0025515,Chris Davis,WR,2008,5,REG,2008_05_TEN_BAL,TEN,BAL,0,0,0,0,0,0,0,0,0,0,0,0,1,0,10,0,1,0,0,0,,0,0,0,0,0,0,0,0,0,0,0,,0
00-0025524,Le'Ron McClain,FB,2008,5,REG,2008_05_TEN_BAL,BAL,TEN,0,0,0,0,0,0,0,11,51,1,5,0,2,0,12,0,1,0,0,0,,0,0,0,0,0,0,0,0,0,0,0,,0
00-0025529,Steve Breaston,WR,2008,5,REG,2008_05_BUF_ARI,ARI,BUF,0,0,0,0,0,0,0,0,0,0,0,0,7,0,77,0,4,0,0,0,,0,0,0,0,0,0,0,0,0,0,0,,0
00-0025533,Aundrae Allison,WR,2008,5,REG,2008_05_MIN_NO,MIN,NO,0,0,0,0,0,0,0,0,0,0,0,0,1,0,13,0,1,0,0,0,,0,0,0,0,0,0,0,0,0,0,0,,0
00-0025535,Kolby Smith,RB,2008,5,REG,2008_05_KC_CAR,KC,CAR,0,0,0,0,0,0,0,0,0,0,0,0,1,0,5,0,0,0,0,0,,0,0,0,0,0,0,0,0,0,0,0,,0
00-0025540,Kevin Boss,TE,2008,5,REG,2008_05_SEA_NYG,NYG,SEA,0,0,0,0,0,0,0,0,0,0,0,0,2,0,9,0,0,0,0,0,,0,0,0,0,0,0,0,0,0,0,0,,0
00-0025565,Nick Folk,K,2008,5,REG,2008_05_CIN_DAL,DAL,CIN,0,0,0,0,0,0,0,0,0,0,0,0,0,0,0,0,0,0,1,1,30,0,0,1,0,0,0,4,4,0,0,0,,0
00-0025580,Mason Crosby,K,2008,5,REG,2008_05_ATL_GB,GB,ATL,0,0,0,0,0,0,0,0,0,0,0,0,0,0,0,0,0,0,1,2,50,0,0,0,0,1,0,3,3,0,0,0,,0
00-0025582,Deon Anderson,FB,2008,5,REG,2008_05_CIN_DAL,DAL,CIN,0,0,0,0,0,0,0,1,3,0,0,0,0,0,0,0,0,0,0,0,,0,0,0,0,0,0,0,0,0,0,0,,0
00-0025602,Ben Patrick,TE,2008,5,REG,2008_05_BUF_ARI,ARI,BUF,0,0,0,0,0,0,0,0,0,0,0,0,2,0,11,0,1,0,0,0,,0,0,0,0,0,0,0,0,0,0,0,,0
00-0025604,Tyler Thigpen,QB,2008,5,REG,2008_05_KC_CAR,KC,CAR,5,10,37,0,0,1,-15,4,16,0,2,0,0,0,0,0,0,0,0,0,,0,0,0,0,0,0,0,0,0,0,0,,0
00-0025612,Brandon Fields,P,2008,5,REG,2008_05_SD_MIA,MIA,LAC,0,0,0,0,0,0,0,0,0,0,0,0,0,0,0,0,0,0,0,0,,0,0,0,0,0,0,0,0,4,187,133,59,1
00-0025637,Ahmad Bradshaw,RB,2008,5,REG,2008_05_SEA_NYG,NYG,SEA,0,0,0,0,0,0,0,11,65,0,3,0,0,0,0,0,0,0,0,0,,0,0,0,0,0,0,0,0,0,0,0,,0
00-0025825,Brett Kern,P,2008,5,REG,2008_05_TB_DEN,DEN,TB,0,0,0,0,0,0,0,0,0,0,0,0,0,0,0,0,0,0,0,0,,0,0,0,0,0,0,0,0,5,248,229,63,2
00-0025892,Michael Bumpus,WR,2008,5,REG,2008_05_SEA_NYG,SEA,NYG,0,0,0,0,0,0,0,0,0,0,0,0,1,0,10,0,1,0,0,0,,0,0,0,0,0,0,0,0,0,0,0,,0
00-0026000,Davone Bess,WR,2008,5,REG,2008_05_SD_MIA,MIA,LAC,0,0,0,0,0,0,0,0,0,0,0,0,3,0,25,0,1,0,0,0,,0,0,0,0,0,0,0,0,0,0,0,,0
00-0026003,Dan Carpenter,K,2008,5,REG,2008_05_SD_MIA,MIA,LAC,0,0,0,0,0,0,0,0,0,0,0,0,0,0,0,0,0,0,1,2,47,0,0,0,1,0,0,2,2,0,0,0,,0
00-0026143,Matt Ryan,QB,2008,5,REG,2008_05_ATL_GB,ATL,GB,16,26,194,2,1,0,0,4,16,0,1,0,0,0,0,0,0,0,0,0,,0,0,0,0,0,0,0,0,0,0,0,,0
00-0026153,Jonathan Stewart,RB,2008,5,REG,2008_05_KC_CAR,CAR,KC,0,0,0,0,0,0,0,19,72,0,4,1,1,0,8,0,0,0,0,0,,0,0,0,0,0,0,0,0,0,0,0,,0
00-0026158,Joe Flacco,QB,2008,5,REG,2008_05_TEN_BAL,BAL,TEN,18,27,153,0,2,0,0,2,4,0,1,0,0,0,0,0,0,0,0,0,,0,0,0,0,0,0,0,0,0,0,0,,0
00-0026162,Felix Jones,RB,2008,5,REG,2008_05_CIN_DAL,DAL,CIN,0,0,0,0,0,0,0,9,96,1,4,0,1,0,7,0,0,0,0,0,,0,0,0,0,0,0,0,0,0,0,0,,0
00-0026164,Chris Johnson,RB,2008,5,REG,2008_05_TEN_BAL,TEN,BAL,0,0,0,0,0,0,0,18,44,0,1,0,2,0,4,0,1,0,0,0,,0,0,0,0,0,0,0,0,0,0,0,,0
00-0026174,Devin Thomas,WR,2008,5,REG,2008_05_WAS_PHI,WAS,PHI,0,0,0,0,0,0,0,0,0,0,0,0,2,0,28,0,2,0,0,0,,0,0,0,0,0,0,0,0,0,0,0,,0
00-0026176,Jordy Nelson,WR,2008,5,REG,2008_05_ATL_GB,GB,ATL,0,0,0,0,0,0,0,0,0,0,0,0,1,0,14,0,1,0,0,0,,0,0,0,0,0,0,0,0,0,0,0,,0
00-0026181,James Hardy,WR,2008,5,REG,2008_05_BUF_ARI,BUF,ARI,0,0,0,0,0,0,0,0,0,0,0,0,3,0,35,0,2,0,0,0,,0,0,0,0,0,0,0,0,0,0,0,,0
00-0026182,Eddie Royal,WR,2008,5,REG,2008_05_TB_DEN,DEN,TB,0,0,0,0,0,0,0,0,0,0,0,0,3,0,23,0,1,0,0,0,,0,0,0,0,0,0,0,0,0,0,0,,0
00-0026184,Matt Forte,RB,2008,5,REG,2008_05_CHI_DET,CHI,DET,0,0,0,0,0,0,0,15,36,1,3,0,4,0,25,1,1,0,0,0,,0,0,0,0,0,0,0,0,0,0,0,,0
00-0026189,DeSean Jackson,WR,2008,5,REG,2008_05_WAS_PHI,PHI,WAS,0,0,0,0,0,0,0,2,13,0,0,0,1,0,8,0,1,0,0,0,,0,0,0,0,0,0,0,0,0,0,0,,0
00-0026204,Kevin Smith,RB,2008,5,REG,2008_05_CHI_DET,DET,CHI,0,0,0,0,0,0,0,8,31,1,2,0,4,0,25,0,0,0,0,0,,0,0,0,0,0,0,0,0,0,0,0,,0
00-0026213,Jamaal Charles,RB,2008,5,REG,2008_05_KC_CAR,KC,CAR,0,0,0,0,0,0,0,4,18,0,0,0,4,0,22,0,1,0,0,0,,0,0,0,0,0,0,0,0,0,0,0,,0
00-0026221,Early Doucet,WR,2008,5,REG,2008_05_BUF_ARI,ARI,BUF,0,0,0,0,0,0,0,0,0,0,0,0,6,0,42,0,3,0,0,0,,0,0,0,0,0,0,0,0,0,0,0,,0
00-0026224,Harry Douglas,WR,2008,5,REG,2008_05_ATL_GB,ATL,GB,0,0,0,0,0,0,0,1,18,0,1,0,0,0,0,0,0,0,0,0,,0,0,0,0,0,0,0,0,0,0,0,,0
00-0026229,Steve Slaton,RB,2008,5,REG,2008_05_IND_HOU,HOU,IND,0,0,0,0,0,0,0,16,93,2,5,0,1,0,3,0,0,0,0,0,,0,0,0,0,0,0,0,0,0,0,0,,0
00-0026235,Mario Manningham,WR,2008,5,REG,2008_05_SEA_NYG,NYG,SEA,0,0,0,0,0,0,0,0,0,0,0,0,1,0,6,0,0,0,0,0,,0,0,0,0,0,0,0,0,0,0,0,,0
00-0026286,Jerome Felton,FB,2008,5,REG,2008_05_CHI_DET,DET,CHI,0,0,0,0,0,0,0,0,0,0,0,0,2,0,12,0,1,0,0,0,,0,0,0,0,0,0,0,0,0,0,0,,0
00-0026289,Tim Hightower,RB,2008,5,REG,2008_05_BUF_ARI,ARI,BUF,0,0,0,0,0,0,0,7,37,2,4,0,2,0,8,0,1,0,0,0,,0,0,0,0,0,0,0,0,0,0,0,,0
00-0026308,Durant Brooks,P,2008,5,REG,2008_05_WAS_PHI,WAS,PHI,0,0,0,0,0,0,0,0,0,0,0,0,0,0,0,0,0,0,0,0,,0,0,0,0,0,0,0,0,4,138,70,49,1
00-0026314,Josh Morgan,WR,2008,5,REG,2008_05_NE_SF,SF,NE,0,0,0,0,0,0,0,0,0,0,0,0,2,0,13,0,1,0,0,0,,0,0,0,0,0,0,0,0,0,0,0,,0
00-0026336,Tom Santi,TE,2008,5,REG,2008_05_IND_HOU,IND,HOU,0,0,0,0,0,0,0,0,0,0,0,0,4,0,27,1,2,0,0,0,,0,0,0,0,0,0,0,0,0,0,0,,0
00-0026364,Steve Johnson,WR,2008,5,REG,2008_05_BUF_ARI,BUF,ARI,0,0,0,0,0,0,0,0,0,0,0,0,1,0,8,0,1,0,0,0,,0,0,0,0,0,0,0,0,0,0,0,,0
00-0026453,Dantrell Savage,RB,2008,5,REG,2008_05_KC_CAR,KC,CAR,0,0,0,0,0,0,0,1,0,0,0,0,0,0,0,0,0,0,0,0,,0,0,0,0,0,0,0,0,0,0,0,,0
00-0000108,David Akers,K,2008,6,REG,2008_06_PHI_SF,PHI,SF,0,0,0,0,0,0,0,0,0,0,0,0,0,0,0,0,0,0,4,5,38,1,2,1,0,0,0,4,4,0,0,0,,0
00-0001231,Josh Bidwell,P,2008,6,REG,2008_06_CAR_TB,TB,CAR,0,0,0,0,0,0,0,0,0,0,0,0,0,0,0,0,0,0,0,0,,0,0,0,0,0,0,0,0,5,223,194,60,3
00-0001477,Marty Booker,WR,2008,6,REG,2008_06_CHI_ATL,CHI,ATL,0,0,0,0,0,0,0,0,0,0,0,0,3,0,33,0,1,0,0,0,,0,0,0,0,0,0,0,0,0,0,0,,0
00-0001980,Kris Brown,K,2008,6,REG,2008_06_MIA_HOU,HOU,MIA,0,0,0,0,0,0,0,0,0,0,0,0,0,0,0,0,0,0,3,3,42,0,1,1,1,0,0,2,2,0,0,0,,0
00-0002099,Isaac Bruce,WR,2008,6,REG,2008_06_PHI_SF,SF,PHI,0,0,0,0,0,0,0,0,0,0,0,0,2,0,28,0,1,0,0,0,,0,0,0,0,0,0,0,0,0,0,0,,0
00-0002586,Mark Campbell,TE,2008,6,REG,2008_06_OAK_NO,NO,LV,0,0,0,0,0,0,0,0,0,0,0,0,3,0,37,1,2,0,0,0,,0,0,0,0,0,0,0,0,0,0,0,,0
00-0002655,John Carney,K,2008,6,REG,2008_06_NYG_CLE,NYG,CLE,0,0,0,0,0,0,0,0,0,0,0,0,0,0,0,0,0,0,0,0,,0,0,0,0,0,0,2,2,0,0,0,,0
00-0003035,Desmond Clark,TE,2008,6,REG,2008_06_CHI_ATL,CHI,ATL,0,0,0,0,0,0,0,0,0,0,0,0,5,0,50,0,5,0,0,0,,0,0,0,0,0,0,0,0,0,0,0,,0
00-0004091,Phil Dawson,K,2008,6,REG,2008_06_NYG_CLE,CLE,NYG,0,0,0,0,0,0,0,0,0,0,0,0,0,0,0,0,0,0,2,3,28,0,2,0,0,0,0,3,3,0,0,0,,0
00-0004161,Jake Delhomme,QB,2008,6,REG,2008_06_CAR_TB,CAR,TB,20,39,242,0,3,0,0,1,-1,0,0,0,0,0,0,0,0,0,0,0,,0,0,0,0,0,0,0,0,0,0,0,,0
00-0004541,Donald Driver,WR,2008,6,REG,2008_06_GB_SEA,GB,SEA,0,0,0,0,0,0,0,0,0,0,0,0,6,0,53,0,3,0,0,0,,0,0,0,0,0,0,0,0,0,0,0,,0
00-0004640,Warrick Dunn,RB,2008,6,REG,2008_06_CAR_TB,TB,CAR,0,0,0,0,0,0,0,22,115,0,5,0,3,0,18,0,0,0,0,0,,0,0,0,0,0,0,0,0,0,0,0,,0
00-0004811,Jason Elam,K,2008,6,REG,2008_06_CHI_ATL,ATL,CHI,0,0,0,0,0,0,0,0,0,0,0,0,0,0,0,0,0,0,5,6,48,0,1,1,3,0,0,1,1,0,0,0,,0
00-0005091,Kevin Faulk,RB,2008,6,REG,2008_06_NE_SD,NE,LAC,0,0,0,0,0,0,0,8,48,0,4,0,3,0,29,0,1,0,0,0,,0,0,0,0,0,0,0,0,0,0,0,,0
00-0005106,Brett Favre,QB,2008,6,REG,2008_06_CIN_NYJ,NYJ,CIN,25,33,189,1,2,2,-23,1,-1,0,0,0,0,0,0,0,0,0,0,0,,0,0,0,0,0,0,0,0,0,0,0,,0
00-0005113,Jeff Feagles,P,2008,6,REG,2008_06_NYG_CLE,NYG,CLE,0,0,0,0,0,0,0,0,0,0,0,0,0,0,0,0,0,0,0,0,,0,0,0,0,0,0,0,0,2,85,82,46,1
00-0005231,Brian Finneran,WR,2008,6,REG,2008_06_CHI_ATL,ATL,CHI,0,0,0,0,0,0,0,0,0,0,0,0,3,0,29,0,2,0,0,0,,0,0,0,0,0,0,0,0,0,0,0,,0
00-0005589,Gus Frerotte,QB,2008,6,REG,2008_06_DET_MIN,MIN,DET,18,33,296,1,1,5,-39,0,0,0,0,0,0,0,0,0,0,0,0,0,,0,0,0,0,0,0,0,0,0,0,0,,0
00-0005755,Jeff Garcia,QB,2008,6,REG,2008_06_CAR_TB,TB,CAR,15,20,173,1,0,0,0,3,6,0,1,0,0,0,0,0,0,0,0,0,,0,0,0,0,0,0,0,0,0,0,0,,0
00-0006305,Ahman Green,RB,2008,6,REG,2008_06_MIA_HOU,HOU,MIA,0,0,0,0,0,0,0,8,41,0,2,0,1,0,2,0,0,0,0,0,,0,0,0,0,0,0,0,0,0,0,0,,0
00-0006799,Chris Hanson,P,2008,6,REG,2008_06_NE_SD,NE,LAC,0,0,0,0,0,0,0,0,0,0,0,0,0,0,0,0,0,0,0,0,,0,0,0,0,0,0,0,0,5,212,162,53,2
00-0006800,Jason Hanson,K,2008,6,REG,2008_06_DET_MIN,DET,MIN,0,0,0,0,0,0,0,0,0,0,0,0,0,0,0,0,0,0,1,1,40,0,0,0,1,0,0,1,1,0,0,0,,0
00-0007024,Marvin Harrison,WR,2008,6,REG,2008_06_BAL_IND,IND,BAL,0,0,0,0,0,0,0,0,0,0,0,0,3,0,83,2,3,0,0,0,,0,0,0,0,0,0,0,0,0,0,0,,0
00-0007213,Steve Heiden,TE,2008,6,REG,2008_06_NYG_CLE,CLE,NYG,0,0,0,0,0,0,0,0,0,0,0,0,5,0,59,0,3,0,0,0,,0,0,0,0,0,0,0,0,0,0,0,,0
00-0007468,Ike Hilliard,WR,2008,6,REG,2008_06_CAR_TB,TB,CAR,0,0,0,0,0,0,0,1,0,0,0,0,1,0,6,0,1,0,0,0,,0,0,0,0,0,0,0,0,0,0,0,,0
00-0007681,Torry Holt,WR,2008,6,REG,2008_06_STL_WAS,LA,WAS,0,0,0,0,0,0,0,0,0,0,0,0,5,0,23,0,2,0,0,0,,0,0,0,0,0,0,0,0,0,0,0,,0
00-0008241,Edgerrin James,RB,2008,6,REG,2008_06_DAL_ARI,ARI,DAL,0,0,0,0,0,0,0,9,29,0,1,0,0,0,0,0,0,0,0,0,,0,0,0,0,0,0,0,0,0,0,0,,0
00-0008484,Dirk Johnson,P,2008,6,REG,2008_06_DAL_ARI,ARI,DAL,0,0,0,0,0,0,0,0,0,0,0,0,0,0,0,0,0,0,0,0,,0,0,0,0,0,0,0,0,5,215,196,56,1
00-0009028,John Kasay,K,2008,6,REG,2008_06_CAR_TB,CAR,TB,0,0,0,0,0,0,0,0,0,0,0,0,0,0,0,0,0,0,1,1,20,0,1,0,0,0,0,0,0,0,0,0,,0
00-0009137,Pete Kendall,G,2008,6,REG,2008_06_STL_WAS,WAS,LA,0,0,0,0,0,0,0,0,0,0,0,0,1,0,-9,0,0,1,0,0,,0,0,0,0,0,0,0,0,0,0,0,,0
00-0009323,Jimmy Kleinsasser,TE,2008,6,REG,2008_06_DET_MIN,MIN,DET,0,0,0,0,0,0,0,0,0,0,0,0,2,0,40,0,2,0,0,0,,0,0,0,0,0,0,0,0,0,0,0,,0
00-0010072,Ryan Longwell,K,2008,6,REG,2008_06_DET_MIN,MIN,DET,0,0,0,0,0,0,0,0,0,0,0,0,0,0,0,0,0,0,1,2,26,0,1,0,0,0,0,1,1,0,0,0,,0
00-0010346,Peyton Manning,QB,2008,6,REG,2008_06_BAL_IND,IND,BAL,19,28,271,3,0,2,-13,2,-2,0,0,0,0,0,0,0,0,0,0,0,,0,0,0,0,0,0,0,0,0,0,0,,0
00-0010373,Olindo Mare,K,2008,6,REG,2008_06_GB_SEA,SEA,GB,0,0,0,0,0,0,0,0,0,0,0,0,0,0,0,0,0,0,1,1,50,0,0,0,0,1,0,2,2,0,0,0,,0
00-0010500,Derrick Mason,WR,2008,6,REG,2008_06_BAL_IND,BAL,IND,0,0,0,0,0,0,0,0,0,0,0,0,6,0,70,0,1,1,0,0,,0,0,0,0,0,0,0,0,0,0,0,,0
00-0010609,Brad Maynard,P,2008,6,REG,2008_06_CHI_ATL,CHI,ATL,0,0,0,0,0,0,0,0,0,0,0,0,0,0,0,0,0,0,0,0,,0,0,0,0,0,0,0,0,3,130,124,57,1
00-0011022,Donovan McNabb,QB,2008,6,REG,2008_06_PHI_SF,PHI,SF,23,36,278,2,1,0,0,1,4,0,0,0,0,0,0,0,0,0,0,0,,0,0,0,0,0,0,0,0,0,0,0,,0
00-0011236,Billy Miller,TE,2008,6,REG,2008_06_OAK_NO,NO,LV,0,0,0,0,0,0,0,0,0,0,0,0,3,0,53,0,2,0,0,0,,0,0,0,0,0,0,0,0,0,0,0,,0
00-0011754,Randy Moss,WR,2008,6,REG,2008_06_NE_SD,NE,LAC,0,0,0,0,0,0,0,0,0,0,0,0,3,0,26,0,1,0,0,0,,0,0,0,0,0,0,0,0,0,0,0,,0
00-0011795,Muhsin Muhammad,WR,2008,6,REG,2008_06_CAR_TB,CAR,TB,0,0,0,0,0,0,0,0,0,0,0,0,4,0,68,0,3,0,0,0,,0,0,0,0,0,0,0,0,0,0,0,,0
00-0011970,Joe Nedney,K,2008,6,REG,2008_06_PHI_SF,SF,PHI,0,0,0,0,0,0,0,0,0,0,0,0,0,0,0,0,0,0,4,4,53,0,1,2,0,1,0,2,2,0,0,0,,0
00-0012478,Terrell Owens,WR,2008,6,REG,2008_06_DAL_ARI,DAL,ARI,0,0,0,0,0,0,0,1,6,0,1,0,4,0,36,0,2,0,0,0,,0,0,0,0,0,0,0,0,0,0,0,,0
00-0013013,Michael Pittman,RB,2008,6,REG,2008_06_JAX_DEN,DEN,JAX,0,0,0,0,0,0,0,20,109,0,6,0,3,0,16,0,0,0,0,0,,0,0,0,0,0,0,0,0,0,0,0,,0
00-0014071,Allen Rossum,DB,2008,6,REG,2008_06_PHI_SF,SF,PHI,0,0,0,0,0,0,0,0,0,0,0,0,1,0,4,0,0,0,0,0,,0,0,0,0,0,0,0,0,0,0,0,,0
00-0015194,Hunter Smith,P,2008,6,REG,2008_06_BAL_IND,IND,BAL,0,0,0,0,0,0,0,0,0,0,0,0,0,0,0,0,0,0,0,0,,0,0,0,0,0,0,0,0,6,251,243,50,3
00-0015601,Aaron Stecker,RB,2008,6,REG,2008_06_OAK_NO,NO,LV,0,0,0,0,0,0,0,1,3,0,0,0,1,0,8,1,1,0,0,0,,0,0,0,0,0,0,0,0,0,0,0,,0
00-0015754,Brandon Stokley,WR,2008,6,REG,2008_06_JAX_DEN,DEN,JAX,0,0,0,0,0,0,0,0,0,0,0,0,3,0,29,1,3,0,0,0,,0,0,0,0,0,0,0,0,0,0,0,,0
00-0015784,Matt Stover,K,2008,6,REG,2008_06_BAL_IND,BAL,IND,0,0,0,0,0,0,0,0,0,0,0,0,0,0,0,0,0,0,1,1,37,0,0,1,0,0,0,0,0,0,0,0,,0
00-0016098,Fred Taylor,RB,2008,6,REG,2008_06_JAX_DEN,JAX,DEN,0,0,0,0,0,0,0,3,10,0,1,0,1,0,10,0,0,1,0,0,,0,0,0,0,0,0,0,0,0,0,0,,0
00-0016440,James Thrash,WR,2008,6,REG,2008_06_STL_WAS,WAS,LA,0,0,0,0,0,0,0,0,0,0,0,0,2,0,19,0,0,0,0,0,,0,0,0,0,0,0,0,0,0,0,0,,0
00-0016689,Matt Turk,P,2008,6,REG,2008_06_MIA_HOU,HOU,MIA,0,0,0,0,0,0,0,0,0,0,0,0,0,0,0,0,0,0,0,0,,0,0,0,0,0,0,0,0,3,140,95,58,1
00-0016919,Adam Vinatieri,K,2008,6,REG,2008_06_BAL_IND,IND,BAL,0,0,0,0,0,0,0,0,0,0,0,0,0,0,0,0,0,0,1,1,37,0,0,1,0,0,0,4,4,0,0,0,,0
00-0017200,Kurt Warner,QB,2008,6,REG,2008_06_DAL_ARI,ARI,DAL,22,30,236,2,1,1,-10,2,-1,0,0,1,0,0,0,0,0,0,0,0,,0,0,0,0,0,0,0,0,0,0,0,,0
00-0017915,Ricky Williams,RB,2008,6,REG,2008_06_MIA_HOU,MIA,HOU,0,0,0,0,0,0,0,11,46,1,4,0,2,0,4,0,0,0,0,0,,0,0,0,0,0,0,0,0,0,0,0,,0
00-0018958,Laveranues Coles,WR,2008,6,REG,2008_06_CIN_NYJ,NYJ,CIN,0,0,0,0,0,0,0,1,3,0,0,0,8,0,61,0,3,0,0,0,,0,0,0,0,0,0,0,0,0,0,0,,0
00-0019100,Brad Hoover,FB,2008,6,REG,2008_06_CAR_TB,CAR,TB,0,0,0,0,0,0,0,2,2,0,1,0,1,0,5,0,0,0,0,0,,0,0,0,0,0,0,0,0,0,0,0,,0
00-0019484,Sammy Morris,RB,2008,6,REG,2008_06_NE_SD,NE,LAC,0,0,0,0,0,0,0,10,26,1,3,0,4,0,49,0,2,0,0,0,,0,0,0,0,0,0,0,0,0,0,0,,0
00-0019559,Chad Pennington,QB,2008,6,REG,2008_06_MIA_HOU,MIA,HOU,19,25,284,2,1,2,-10,0,0,0,0,0,0,0,0,0,0,0,0,0,,0,0,0,0,0,0,0,0,0,0,0,,0
00-0019599,Marc Bulger,QB,2008,6,REG,2008_06_STL_WAS,LA,WAS,15,26,136,0,0,2,-12,1,-1,0,0,0,0,0,0,0,0,0,0,0,,0,0,0,0,0,0,0,0,0,0,0,,0
00-0019641,Thomas Jones,RB,2008,6,REG,2008_06_CIN_NYJ,NYJ,CIN,0,0,0,0,0,0,0,17,65,2,3,0,3,0,13,1,1,0,0,0,,0,0,0,0,0,0,0,0,0,0,0,,0
00-0019642,Plaxico Burress,WR,2008,6,REG,2008_06_NYG_CLE,NYG,CLE,0,0,0,0,0,0,0,0,0,0,0,0,4,0,58,1,4,0,0,0,,0,0,0,0,0,0,0,0,0,0,0,,0
00-0019646,Sebastian Janikowski,K,2008,6,REG,2008_06_OAK_NO,LV,NO,0,0,0,0,0,0,0,0,0,0,0,0,0,0,0,0,0,0,1,3,24,0,1,0,0,0,0,0,0,0,0,0,,0
00-0019650,Dennis Northcutt,WR,2008,6,REG,2008_06_JAX_DEN,JAX,DEN,0,0,0,0,0,0,0,0,0,0,0,0,3,0,42,0,2,0,0,0,,0,0,0,0,0,0,0,0,0,0,0,,0
00-0019663,Darrell Jackson,WR,2008,6,REG,2008_06_JAX_DEN,DEN,JAX,0,0,0,0,0,0,0,0,0,0,0,0,3,0,18,0,1,0,0,0,,0,0,0,0,0,0,0,0,0,0,0,,0
00-0019676,Neil Rackers,K,2008,6,REG,2008_06_DAL_ARI,ARI,DAL,0,0,0,0,0,0,0,0,0,0,0,0,0,0,0,0,0,0,1,1,41,0,0,0,1,0,0,3,3,0,0,0,,0
00-0019693,Jamal Lewis,RB,2008,6,REG,2008_06_NYG_CLE,CLE,NYG,0,0,0,0,0,0,0,21,88,1,6,0,1,0,4,0,0,0,0,0,,0,0,0,0,0,0,0,0,0,0,0,,0
00-0019714,Shane Lechler,P,2008,6,REG,2008_06_OAK_NO,LV,NO,0,0,0,0,0,0,0,0,0,0,0,0,0,0,0,0,0,0,0,0,,0,0,0,0,0,0,0,0,4,199,171,65,1
00-0019770,Jay Feely,K,2008,6,REG,2008_06_CIN_NYJ,NYJ,CIN,0,0,0,0,0,0,0,0,0,0,0,0,0,0,0,0,0,0,2,2,43,0,0,1,1,0,0,2,2,0,0,0,,0
00-0019863,Dominic Rhodes,RB,2008,6,REG,2008_06_BAL_IND,IND,BAL,0,0,0,0,0,0,0,25,73,1,2,0,0,0,0,0,0,0,0,0,,0,0,0,0,0,0,0,0,0,0,0,,0
00-0019921,Jason Baker,P,2008,6,REG,2008_06_CAR_TB,CAR,TB,0,0,0,0,0,0,0,0,0,0,0,0,0,0,0,0,0,0,0,0,,0,0,0,0,0,0,0,0,4,197,171,63,1
00-0020267,Nick Harris,P,2008,6,REG,2008_06_DET_MIN,DET,MIN,0,0,0,0,0,0,0,0,0,0,0,0,0,0,0,0,0,0,0,0,,0,0,0,0,0,0,0,0,9,412,387,58,4
00-0020268,Tony Stewart,TE,2008,6,REG,2008_06_OAK_NO,LV,NO,0,0,0,0,0,0,0,0,0,0,0,0,1,0,7,0,0,0,0,0,,0,0,0,0,0,0,0,0,0,0,0,,0
00-0020270,Correll Buckhalter,RB,2008,6,REG,2008_06_PHI_SF,PHI,SF,0,0,0,0,0,0,0,18,93,1,5,0,7,1,85,0,4,0,0,0,,0,0,0,0,0,0,0,0,0,0,0,,0
00-0020332,David Martin,TE,2008,6,REG,2008_06_MIA_HOU,MIA,HOU,0,0,0,0,0,0,0,0,0,0,0,0,3,0,31,0,1,0,0,0,,0,0,0,0,0,0,0,0,0,0,0,,0
00-0020337,Steve Smith,WR,2008,6,REG,2008_06_CAR_TB,CAR,TB,0,0,0,0,0,0,0,0,0,0,0,0,6,0,112,0,5,0,0,0,,0,0,0,0,0,0,0,0,0,0,0,,0
00-0020342,Brandon Manumaleuna,TE,2008,6,REG,2008_06_NE_SD,LAC,NE,0,0,0,0,0,0,0,0,0,0,0,0,1,0,4,0,0,0,0,0,,0,0,0,0,0,0,0,0,0,0,0,,0
00-0020397,Chad Johnson,WR,2008,6,REG,2008_06_CIN_NYJ,CIN,NYJ,0,0,0,0,0,0,0,0,0,0,0,0,5,0,57,0,3,0,0,0,,0,0,0,0,0,0,0,0,0,0,0,,0
00-0020407,Rudi Johnson,RB,2008,6,REG,2008_06_DET_MIN,DET,MIN,0,0,0,0,0,0,0,17,38,0,1,0,1,0,4,0,1,0,0,0,,0,0,0,0,0,0,0,0,0,0,0,,0
00-0020428,Robert Ferguson,WR,2008,6,REG,2008_06_DET_MIN,MIN,DET,0,0,0,0,0,0,0,0,0,0,0,0,2,0,16,0,1,0,0,0,,0,0,0,0,0,0,0,0,0,0,0,,0
00-0020438,T.J. Houshmandzadeh,WR,2008,6,REG,2008_06_CIN_NYJ,CIN,NYJ,0,0,0,0,0,0,0,0,0,0,0,0,7,0,49,0,4,0,0,0,,0,0,0,0,0,0,0,0,0,0,0,,0
00-0020448,Travis Minor,RB,2008,6,REG,2008_06_STL_WAS,LA,WAS,0,0,0,0,0,0,0,2,3,0,0,0,1,0,-2,0,0,0,0,0,,0,0,0,0,0,0,0,0,0,0,0,,0
00-0020490,Koren Robinson,WR,2008,6,REG,2008_06_GB_SEA,SEA,GB,0,0,0,0,0,0,0,0,0,0,0,0,2,0,23,0,1,0,0,0,,0,0,0,0,0,0,0,0,0,0,0,,0
00-0020494,Santana Moss,WR,2008,6,REG,2008_06_STL_WAS,WAS,LA,0,0,0,0,0,0,0,0,0,0,0,0,2,0,22,0,1,0,0,0,,0,0,0,0,0,0,0,0,0,0,0,,0
00-0020498,Reggie Wayne,WR,2008,6,REG,2008_06_BAL_IND,IND,BAL,0,0,0,0,0,0,0,0,0,0,0,0,8,0,118,1,6,0,0,0,,0,0,0,0,0,0,0,0,0,0,0,,0
00-0020507,Heath Evans,FB,2008,6,REG,2008_06_NE_SD,NE,LAC,0,0,0,0,0,0,0,1,3,0,0,0,0,0,0,0,0,0,0,0,,0,0,0,0,0,0,0,0,0,0,0,,0
00-0020514,Michael Bennett,RB,2008,6,REG,2008_06_CAR_TB,TB,CAR,0,0,0,0,0,0,0,5,11,0,0,0,0,0,0,0,0,0,0,0,,0,0,0,0,0,0,0,0,0,0,0,,0
00-0020516,Todd Heap,TE,2008,6,REG,2008_06_BAL_IND,BAL,IND,0,0,0,0,0,0,0,0,0,0,0,0,1,0,13,0,1,0,0,0,,0,0,0,0,0,0,0,0,0,0,0,,0
00-0020527,Deuce McAllister,RB,2008,6,REG,2008_06_OAK_NO,NO,LV,0,0,0,0,0,0,0,13,65,0,4,0,2,0,7,0,0,0,0,0,,0,0,0,0,0,0,0,0,0,0,0,,0
00-0020531,Drew Brees,QB,2008,6,REG,2008_06_OAK_NO,NO,LV,26,30,320,3,0,1,-1,1,7,0,0,0,0,0,0,0,0,0,0,0,,0,0,0,0,0,0,0,0,0,0,0,,0
00-0020536,LaDainian Tomlinson,RB,2008,6,REG,2008_06_NE_SD,LAC,NE,0,0,0,0,0,0,0,20,74,0,3,0,3,0,44,0,2,0,0,0,,0,0,0,0,0,0,0,0,0,0,0,,0
00-0020550,Darnell Dinkins,TE,2008,6,REG,2008_06_NYG_CLE,CLE,NYG,0,0,0,0,0,0,0,0,0,0,0,0,1,0,22,1,1,0,0,0,,0,0,0,0,0,0,0,0,0,0,0,,0
00-0020578,Matt Bryant,K,2008,6,REG,2008_06_CAR_TB,TB,CAR,0,0,0,0,0,0,0,0,0,0,0,0,0,0,0,0,0,0,2,3,49,0,0,1,1,0,0,3,3,0,0,0,,0
00-0020805,Jason McKie,RB,2008,6,REG,2008_06_CHI_ATL,CHI,ATL,0,0,0,0,0,0,0,1,0,0,0,0,0,0,0,0,0,0,0,0,,0,0,0,0,0,0,0,0,0,0,0,,0
00-0020820,Jesse Chatman,RB,2008,6,REG,2008_06_CIN_NYJ,NYJ,CIN,0,0,0,0,0,0,0,1,0,0,0,0,1,0,2,0,0,0,0,0,,0,0,0,0,0,0,0,0,0,0,0,,0
00-0021147,Donte' Stallworth,WR,2008,6,REG,2008_06_NYG_CLE,CLE,NYG,0,0,0,0,0,0,0,0,0,0,0,0,2,0,19,0,0,0,0,0,,0,0,0,0,0,0,0,0,0,0,0,,0
00-0021152,Ashley Lelie,WR,2008,6,REG,2008_06_OAK_NO,LV,NO,0,0,0,0,0,0,0,0,0,0,0,0,1,0,11,0,0,0,0,0,,0,0,0,0,0,0,0,0,0,0,0,,0
00-0021153,Javon Walker,WR,2008,6,REG,2008_06_OAK_NO,LV,NO,0,0,0,0,0,0,0,0,0,0,0,0,1,0,7,0,1,0,0,0,,0,0,0,0,0,0,0,0,0,0,0,,0
00-0021154,Daniel Graham,TE,2008,6,REG,2008_06_JAX_DEN,DEN,JAX,0,0,0,0,0,0,0,0,0,0,0,0,1,0,11,1,1,0,0,0,,0,0,0,0,0,0,0,0,0,0,0,,0
00-0021159,Jerramy Stevens,TE,2008,6,REG,2008_06_CAR_TB,TB,CAR,0,0,0,0,0,0,0,0,0,0,0,0,2,0,10,0,0,0,0,0,,0,0,0,0,0,0,0,0,0,0,0,,0
00-0021163,Jabar Gaffney,WR,2008,6,REG,2008_06_NE_SD,NE,LAC,0,0,0,0,0,0,0,0,0,0,0,0,1,0,4,0,0,0,0,0,,0,0,0,0,0,0,0,0,0,0,0,,0
00-0021164,DeShaun Foster,RB,2008,6,REG,2008_06_PHI_SF,SF,PHI,0,0,0,0,0,0,0,3,4,0,0,0,0,0,0,0,0,0,0,0,,0,0,0,0,0,0,0,0,0,0,0,,0
00-0021175,Andre Davis,WR,2008,6,REG,2008_06_MIA_HOU,HOU,MIA,0,0,0,0,0,0,0,0,0,0,0,0,2,0,28,0,1,0,0,0,,0,0,0,0,0,0,0,0,0,0,0,,0
00-0021179,Clinton Portis,RB,2008,6,REG,2008_06_STL_WAS,WAS,LA,0,0,0,0,0,0,0,21,129,2,8,0,1,0,14,0,1,0,0,0,,0,0,0,0,0,0,0,0,0,0,0,,0
00-0021182,Maurice Morris,RB,2008,6,REG,2008_06_GB_SEA,SEA,GB,0,0,0,0,0,0,0,4,16,0,1,0,2,0,13,0,0,0,0,0,,0,0,0,0,0,0,0,0,0,0,0,,0
00-0021184,Ladell Betts,RB,2008,6,REG,2008_06_STL_WAS,WAS,LA,0,0,0,0,0,0,0,7,32,0,3,0,2,0,18,0,0,0,0,0,,0,0,0,0,0,0,0,0,0,0,0,,0
00-0021190,Antwaan Randle El,WR,2008,6,REG,2008_06_STL_WAS,WAS,LA,0,0,0,0,0,0,0,0,0,0,0,0,5,0,87,0,4,0,0,0,,0,0,0,0,0,0,0,0,0,0,0,,0
00-0021191,Antonio Bryant,WR,2008,6,REG,2008_06_CAR_TB,TB,CAR,0,0,0,0,0,0,0,0,0,0,0,0,1,0,13,0,1,0,0,0,,0,0,0,0,0,0,0,0,0,0,0,,0
00-0021213,Chris Baker,TE,2008,6,REG,2008_06_CIN_NYJ,NYJ,CIN,0,0,0,0,0,0,0,0,0,0,0,0,1,0,6,0,1,0,0,0,,0,0,0,0,0,0,0,0,0,0,0,,0
00-0021231,David Garrard,QB,2008,6,REG,2008_06_JAX_DEN,JAX,DEN,25,34,276,1,0,2,-15,8,7,0,2,0,0,0,0,0,0,0,0,0,,0,0,0,0,0,0,0,0,0,0,0,,0
00-0021255,John Owens,TE,2008,6,REG,2008_06_DET_MIN,DET,MIN,0,0,0,0,0,0,0,0,0,0,0,0,1,0,3,0,0,0,0,0,,0,0,0,0,0,0,0,0,0,0,0,,0
00-0021296,J.T. O'Sullivan,QB,2008,6,REG,2008_06_PHI_SF,SF,PHI,17,30,199,0,2,3,-24,3,31,0,2,0,0,0,0,0,0,0,0,0,,0,0,0,0,0,0,0,0,0,0,0,,0
00-0021304,John Gilmore,TE,2008,6,REG,2008_06_CAR_TB,TB,CAR,0,0,0,0,0,0,0,0,0,0,0,0,1,0,7,0,0,0,0,0,,0,0,0,0,0,0,0,0,0,0,0,,0
00-0021314,Chester Taylor,RB,2008,6,REG,2008_06_DET_MIN,MIN,DET,0,0,0,0,0,0,0,5,21,0,1,0,3,0,33,0,1,0,0,0,,0,0,0,0,0,0,0,0,0,0,0,,0
00-0021337,Ronald Curry,WR,2008,6,REG,2008_06_OAK_NO,LV,NO,0,0,0,0,0,0,0,0,0,0,0,0,3,0,32,0,3,0,0,0,,0,0,0,0,0,0,0,0,0,0,0,,0
00-0021357,Rock Cartwright,RB,2008,6,REG,2008_06_STL_WAS,WAS,LA,0,0,0,0,0,0,0,1,1,0,0,0,0,0,0,0,0,0,0,0,,0,0,0,0,0,0,0,0,0,0,0,,0
00-0021376,T.J. Duckett,RB,2008,6,REG,2008_06_GB_SEA,SEA,GB,0,0,0,0,0,0,0,2,9,0,1,0,0,0,0,0,0,0,0,0,,0,0,0,0,0,0,0,0,0,0,0,,0
00-0021488,Mat McBriar,P,2008,6,REG,2008_06_DAL_ARI,DAL,ARI,0,0,0,0,0,0,0,0,0,0,0,0,0,0,0,0,0,0,0,0,,0,0,0,0,0,0,0,0,7,335,267,61,1
00-0021500,Derrick Frost,P,2008,6,REG,2008_06_GB_SEA,GB,SEA,0,0,0,0,0,0,0,0,0,0,0,0,0,0,0,0,0,0,0,0,,0,0,0,0,0,0,0,0,4,141,141,46,2
00-0021508,Greg Lewis,WR,2008,6,REG,2008_06_PHI_SF,PHI,SF,0,0,0,0,0,0,0,0,0,0,0,0,3,0,38,0,2,0,0,0,,0,0,0,0,0,0,0,0,0,0,0,,0
00-0021547,Antonio Gates,TE,2008,6,REG,2008_06_NE_SD,LAC,NE,0,0,0,0,0,0,0,0,0,0,0,0,4,0,35,1,3,0,0,0,,0,0,0,0,0,0,0,0,0,0,0,,0
00-0021647,Jerheme Urban,WR,2008,6,REG,2008_06_DAL_ARI,ARI,DAL,0,0,0,0,0,0,0,0,0,0,0,0,1,0,1,0,0,0,0,0,,0,0,0,0,0,0,0,0,0,0,0,,0
00-0021678,Tony Romo,QB,2008,6,REG,2008_06_DAL_ARI,DAL,ARI,24,39,321,3,0,3,-20,1,0,0,0,0,0,0,0,0,0,0,0,0,,0,0,0,0,0,0,0,0,0,0,0,,0
00-0021755,Earnest Graham,RB,2008,6,REG,2008_06_CAR_TB,TB,CAR,0,0,0,0,0,0,0,5,11,1,2,0,2,0,47,0,2,0,0,0,,0,0,0,0,0,0,0,0,0,0,0,,0
00-0021929,Donald Lee,TE,2008,6,REG,2008_06_GB_SEA,GB,SEA,0,0,0,0,0,0,0,0,0,0,0,0,2,0,9,0,0,0,0,0,,0,0,0,0,0,0,0,0,0,0,0,,0
00-0021931,Kevin Walter,WR,2008,6,REG,2008_06_MIA_HOU,HOU,MIA,0,0,0,0,0,0,0,0,0,0,0,0,4,0,98,0,4,0,0,0,,0,0,0,0,0,0,0,0,0,0,0,,0
00-0021940,Josh Brown,K,2008,6,REG,2008_06_STL_WAS,LA,WAS,0,0,0,0,0,0,0,0,0,0,0,0,0,0,0,0,0,0,4,4,51,0,1,0,2,1,0,1,1,0,0,0,,0
00-0021955,Dan Klecko,FB,2008,6,REG,2008_06_PHI_SF,PHI,SF,0,0,0,0,0,0,0,0,0,0,0,0,1,0,2,0,0,0,0,0,,0,0,0,0,0,0,0,0,0,0,0,,0
00-0022011,Justin Griffith,RB,2008,6,REG,2008_06_OAK_NO,LV,NO,0,0,0,0,0,0,0,0,0,0,0,0,1,0,8,0,0,0,0,0,,0,0,0,0,0,0,0,0,0,0,0,,0
00-0022017,Mike Scifres,P,2008,6,REG,2008_06_NE_SD,LAC,NE,0,0,0,0,0,0,0,0,0,0,0,0,0,0,0,0,0,0,0,0,,0,0,0,0,0,0,0,0,3,118,98,46,1
00-0022044,Andre Johnson,WR,2008,6,REG,2008_06_MIA_HOU,HOU,MIA,0,0,0,0,0,0,0,0,0,0,0,0,10,0,178,1,5,1,0,0,,0,0,0,0,0,0,0,0,0,0,0,,0
00-0022054,Visanthe Shiancoe,TE,2008,6,REG,2008_06_DET_MIN,MIN,DET,0,0,0,0,0,0,0,0,0,0,0,0,1,0,10,0,1,0,0,0,,0,0,0,0,0,0,0,0,0,0,0,,0
00-0022064,Arnaz Battle,WR,2008,6,REG,2008_06_PHI_SF,SF,PHI,0,0,0,0,0,0,0,0,0,0,0,0,3,0,39,0,2,0,0,0,,0,0,0,0,0,0,0,0,0,0,0,,0
00-0022093,Justin Fargas,RB,2008,6,REG,2008_06_OAK_NO,LV,NO,0,0,0,0,0,0,0,10,35,0,1,0,0,0,0,0,0,0,0,0,,0,0,0,0,0,0,0,0,0,0,0,,0
00-0022126,L.J. Smith,TE,2008,6,REG,2008_06_PHI_SF,PHI,SF,0,0,0,0,0,0,0,0,0,0,0,0,1,0,2,1,1,0,0,0,,0,0,0,0,0,0,0,0,0,0,0,,0
00-0022127,Jason Witten,TE,2008,6,REG,2008_06_DAL_ARI,DAL,ARI,0,0,0,0,0,0,0,0,0,0,0,0,4,0,55,0,2,0,0,0,,0,0,0,0,0,0,0,0,0,0,0,,0
00-0022144,Bobby Wade,WR,2008,6,REG,2008_06_DET_MIN,MIN,DET,0,0,0,0,0,0,0,0,0,0,0,0,4,0,71,0,3,0,0,0,,0,0,0,0,0,0,0,0,0,0,0,,0
00-0022165,Dallas Clark,TE,2008,6,REG,2008_06_BAL_IND,IND,BAL,0,0,0,0,0,0,0,0,0,0,0,0,2,0,17,0,2,0,0,0,,0,0,0,0,0,0,0,0,0,0,0,,0
00-0022178,Willis McGahee,RB,2008,6,REG,2008_06_BAL_IND,BAL,IND,0,0,0,0,0,0,0,8,18,0,0,0,4,0,26,0,2,0,0,0,,0,0,0,0,0,0,0,0,0,0,0,,0
00-0022288,Jason Wright,RB,2008,6,REG,2008_06_NYG_CLE,CLE,NYG,0,0,0,0,0,0,0,1,3,0,1,0,1,0,6,0,1,0,0,0,,0,0,0,0,0,0,0,0,0,0,0,,0
00-0022414,Malcom Floyd,WR,2008,6,REG,2008_06_NE_SD,LAC,NE,0,0,0,0,0,0,0,0,0,0,0,0,3,0,75,1,2,0,0,0,,0,0,0,0,0,0,0,0,0,0,0,,0
00-0022427,Wes Welker,WR,2008,6,REG,2008_06_NE_SD,NE,LAC,0,0,0,0,0,0,0,0,0,0,0,0,9,0,73,0,2,0,0,0,,0,0,0,0,0,0,0,0,0,0,0,,0
00-0022555,Ben Utecht,TE,2008,6,REG,2008_06_CIN_NYJ,CIN,NYJ,0,0,0,0,0,0,0,0,0,0,0,0,4,0,34,0,2,0,0,0,,0,0,0,0,0,0,0,0,0,0,0,,0
00-0022589,Kyle Larson,P,2008,6,REG,2008_06_CIN_NYJ,CIN,NYJ,0,0,0,0,0,0,0,0,0,0,0,0,0,0,0,0,0,0,0,0,,0,0,0,0,0,0,0,0,7,292,215,52,0
00-0022613,Glenn Martinez,WR,2008,6,REG,2008_06_JAX_DEN,DEN,JAX,0,0,0,0,0,0,0,0,0,0,0,0,2,0,20,0,1,0,0,0,,0,0,0,0,0,0,0,0,0,0,0,,0
00-0022684,Donnie Jones,P,2008,6,REG,2008_06_STL_WAS,LA,WAS,0,0,0,0,0,0,0,0,0,0,0,0,0,0,0,0,0,0,0,0,,0,0,0,0,0,0,0,0,6,283,244,56,2
00-0022706,Michael Gaines,TE,2008,6,REG,2008_06_DET_MIN,DET,MIN,0,0,0,0,0,0,0,0,0,0,0,0,2,0,24,0,1,0,0,0,,0,0,0,0,0,0,0,0,0,0,0,,0
00-0022725,Michael Clayton,WR,2008,6,REG,2008_06_CAR_TB,TB,CAR,0,0,0,0,0,0,0,0,0,0,0,0,2,0,29,0,1,0,0,0,,0,0,0,0,0,0,0,0,0,0,0,,0
00-0022726,Keary Colbert,WR,2008,6,REG,2008_06_GB_SEA,SEA,GB,0,0,0,0,0,0,0,0,0,0,0,0,1,0,5,1,1,0,0,0,,0,0,0,0,0,0,0,0,0,0,0,,0
00-0022736,Steven Jackson,RB,2008,6,REG,2008_06_STL_WAS,LA,WAS,0,0,0,0,0,0,0,22,79,0,2,1,3,0,32,0,1,0,0,0,,0,0,0,0,0,0,0,0,0,0,0,,0
00-0022737,Nate Kaeding,K,2008,6,REG,2008_06_NE_SD,LAC,NE,0,0,0,0,0,0,0,0,0,0,0,0,0,0,0,0,0,0,3,4,35,0,2,1,0,0,0,3,3,0,0,0,,0
00-0022738,Chris Cooley,TE,2008,6,REG,2008_06_STL_WAS,WAS,LA,0,0,0,0,0,0,0,0,0,0,0,0,5,0,57,0,2,1,0,0,,0,0,0,0,0,0,0,0,0,0,0,,0
00-0022766,Patrick Crayton,WR,2008,6,REG,2008_06_DAL_ARI,DAL,ARI,0,0,0,0,0,0,0,0,0,0,0,0,3,0,84,1,2,0,0,0,,0,0,0,0,0,0,0,0,0,0,0,,0
00-0022770,Derrick Ward,RB,2008,6,REG,2008_06_NYG_CLE,NYG,CLE,0,0,0,0,0,0,0,10,101,0,5,0,2,0,1,0,0,0,0,0,,0,0,0,0,0,0,0,0,0,0,0,,0
00-0022781,Michael Jenkins,WR,2008,6,REG,2008_06_CHI_ATL,ATL,CHI,0,0,0,0,0,0,0,0,0,0,0,0,4,0,58,0,3,0,0,0,,0,0,0,0,0,0,0,0,0,0,0,,0
00-0022782,Kevin Jones,RB,2008,6,REG,2008_06_CHI_ATL,CHI,ATL,0,0,0,0,0,0,0,2,3,0,0,0,0,0,0,0,0,0,0,0,,0,0,0,0,0,0,0,0,0,0,0,,0
00-0022787,Matt Schaub,QB,2008,6,REG,2008_06_MIA_HOU,HOU,MIA,22,42,379,1,2,1,-8,4,15,1,3,0,0,0,0,0,0,0,0,0,,0,0,0,0,0,0,0,0,0,0,0,,0
00-0022796,Mike Karney,FB,2008,6,REG,2008_06_OAK_NO,NO,LV,0,0,0,0,0,0,0,1,2,0,1,0,3,0,3,0,1,0,0,0,,0,0,0,0,0,0,0,0,0,0,0,,0
00-0022803,Eli Manning,QB,2008,6,REG,2008_06_NYG_CLE,NYG,CLE,18,28,196,1,3,1,-4,1,13,0,1,0,0,0,0,0,0,0,0,0,,0,0,0,0,0,0,0,0,0,0,0,,0
00-0022807,Bernard Berrian,WR,2008,6,REG,2008_06_DET_MIN,MIN,DET,0,0,0,0,0,0,0,1,3,0,0,0,5,0,131,1,3,0,0,0,,0,0,0,0,0,0,0,0,0,0,0,,0
00-0022811,Jerricho Cotchery,WR,2008,6,REG,2008_06_CIN_NYJ,NYJ,CIN,0,0,0,0,0,0,0,0,0,0,0,0,8,0,85,0,6,0,0,0,,0,0,0,0,0,0,0,0,0,0,0,,0
00-0022817,Sean Ryan,TE,2008,6,REG,2008_06_OAK_NO,NO,LV,0,0,0,0,0,0,0,0,0,0,0,0,2,0,7,0,0,0,0,0,,0,0,0,0,0,0,0,0,0,0,0,,0
00-0022821,Michael Turner,RB,2008,6,REG,2008_06_CHI_ATL,ATL,CHI,0,0,0,0,0,0,0,25,54,0,3,0,0,0,0,0,0,0,0,0,,0,0,0,0,0,0,0,0,0,0,0,,0
00-0022824,Andy Lee,P,2008,6,REG,2008_06_PHI_SF,SF,PHI,0,0,0,0,0,0,0,0,0,0,0,0,0,0,0,0,0,0,0,0,,0,0,0,0,0,0,0,0,3,128,94,47,0
00-0022840,Julius Jones,RB,2008,6,REG,2008_06_GB_SEA,SEA,GB,0,0,0,0,0,0,0,12,44,0,2,0,0,0,0,0,0,0,0,0,,0,0,0,0,0,0,0,0,0,0,0,,0
00-0022864,Luke McCown,QB,2008,6,REG,2008_06_CAR_TB,TB,CAR,0,0,0,0,0,0,0,1,-1,0,0,0,0,0,0,0,0,0,0,0,,0,0,0,0,0,0,0,0,0,0,0,,0
00-0022874,Josh Scobee,K,2008,6,REG,2008_06_JAX_DEN,JAX,DEN,0,0,0,0,0,0,0,0,0,0,0,0,0,0,0,0,0,0,1,1,48,0,0,0,1,0,0,3,3,0,0,0,,0
00-0022882,Mark Jones,WR,2008,6,REG,2008_06_CAR_TB,CAR,TB,0,0,0,0,0,0,0,0,0,0,0,0,1,0,13,0,1,0,0,0,,0,0,0,0,0,0,0,0,0,0,0,,0
00-0022886,Casey Cramer,RB,2008,6,REG,2008_06_MIA_HOU,MIA,HOU,0,0,0,0,0,0,0,0,0,0,0,0,1,0,1,0,0,0,0,0,,0,0,0,0,0,0,0,0,0,0,0,,0
00-0022889,Reggie Williams,WR,2008,6,REG,2008_06_JAX_DEN,JAX,DEN,0,0,0,0,0,0,0,0,0,0,0,0,4,0,21,0,1,0,0,0,,0,0,0,0,0,0,0,0,0,0,0,,0
00-0022897,Greg Jones,FB,2008,6,REG,2008_06_JAX_DEN,JAX,DEN,0,0,0,0,0,0,0,1,13,0,1,0,3,0,21,0,1,0,0,0,,0,0,0,0,0,0,0,0,0,0,0,,0
00-0022909,Roy Williams,WR,2008,6,REG,2008_06_DET_MIN,DET,MIN,0,0,0,0,0,0,0,0,0,0,0,0,2,0,23,0,1,0,0,0,,0,0,0,0,0,0,0,0,0,0,0,,0
00-0022921,Larry Fitzgerald,WR,2008,6,REG,2008_06_DAL_ARI,ARI,DAL,0,0,0,0,0,0,0,0,0,0,0,0,5,0,79,1,4,0,0,0,,0,0,0,0,0,0,0,0,0,0,0,,0
00-0022926,Chris Perry,RB,2008,6,REG,2008_06_CIN_NYJ,CIN,NYJ,0,0,0,0,0,0,0,11,14,0,0,0,2,0,2,0,0,0,0,0,,0,0,0,0,0,0,0,0,0,0,0,,0
00-0022929,Devery Henderson,WR,2008,6,REG,2008_06_OAK_NO,NO,LV,0,0,0,0,0,0,0,0,0,0,0,0,2,0,68,0,2,0,0,0,,0,0,0,0,0,0,0,0,0,0,0,,0
00-0022942,Philip Rivers,QB,2008,6,REG,2008_06_NE_SD,LAC,NE,18,27,306,3,0,0,0,0,0,0,0,0,0,0,0,0,0,0,0,0,,0,0,0,0,0,0,0,0,0,0,0,,0
00-0022984,Ryan Grant,RB,2008,6,REG,2008_06_GB_SEA,GB,SEA,0,0,0,0,0,0,0,33,90,0,4,0,0,0,0,0,0,0,0,0,,0,0,0,0,0,0,0,0,0,0,0,,0
00-0022999,John Kuhn,FB,2008,6,REG,2008_06_GB_SEA,GB,SEA,0,0,0,0,0,0,0,0,0,0,0,0,1,0,1,1,1,0,0,0,,0,0,0,0,0,0,0,0,0,0,0,,0
00-0023001,Shaun Suisham,K,2008,6,REG,2008_06_STL_WAS,WAS,LA,0,0,0,0,0,0,0,0,0,0,0,0,0,0,0,0,0,0,1,1,38,0,0,1,0,0,0,2,2,0,0,0,,0
00-0023060,Chris Kluwe,P,2008,6,REG,2008_06_DET_MIN,MIN,DET,0,0,0,0,0,0,0,0,0,0,0,0,0,0,0,0,0,0,0,0,,0,0,0,0,0,0,0,0,8,414,329,60,1
00-0023063,Leonard Weaver,FB,2008,6,REG,2008_06_GB_SEA,SEA,GB,0,0,0,0,0,0,0,3,14,0,1,0,3,0,20,0,1,0,0,0,,0,0,0,0,0,0,0,0,0,0,0,,0
00-0023176,Josh Cribbs,WR,2008,6,REG,2008_06_NYG_CLE,CLE,NYG,0,0,0,0,0,0,0,1,12,0,1,0,0,0,0,0,0,0,0,0,,0,0,0,0,0,0,0,0,0,0,0,,0
00-0023179,Tony Curtis,TE,2008,6,REG,2008_06_DAL_ARI,DAL,ARI,0,0,0,0,0,0,0,0,0,0,0,0,1,0,4,0,0,0,0,0,,0,0,0,0,0,0,0,0,0,0,0,,0
00-0023234,Michael Koenen,P,2008,6,REG,2008_06_CHI_ATL,ATL,CHI,0,0,0,0,0,0,0,0,0,0,0,0,0,0,0,0,0,0,0,0,,0,0,0,0,0,0,0,0,2,82,62,45,0
00-0023252,Robbie Gould,K,2008,6,REG,2008_06_CHI_ATL,CHI,ATL,0,0,0,0,0,0,0,0,0,0,0,0,0,0,0,0,0,0,2,2,36,0,0,2,0,0,0,2,2,0,0,0,,0
00-0023310,Lance Moore,WR,2008,6,REG,2008_06_OAK_NO,NO,LV,0,0,0,0,0,0,0,0,0,0,0,0,7,0,97,0,4,0,0,0,,0,0,0,0,0,0,0,0,0,0,0,,0
00-0023408,Greg Camarillo,WR,2008,6,REG,2008_06_MIA_HOU,MIA,HOU,0,0,0,0,0,0,0,0,0,0,0,0,4,0,49,0,1,0,0,0,,0,0,0,0,0,0,0,0,0,0,0,,0
00-0023429,Rashied Davis,WR,2008,6,REG,2008_06_CHI_ATL,CHI,ATL,0,0,0,0,0,0,0,0,0,0,0,0,4,0,41,1,3,0,0,0,,0,0,0,0,0,0,0,0,0,0,0,,0
00-0023437,Ronnie Brown,RB,2008,6,REG,2008_06_MIA_HOU,MIA,HOU,0,0,0,0,0,0,0,13,50,1,3,0,3,0,43,0,1,0,0,0,,0,0,0,0,0,0,0,0,0,0,0,,0
00-0023438,Braylon Edwards,WR,2008,6,REG,2008_06_NYG_CLE,CLE,NYG,0,0,0,0,0,0,0,0,0,0,0,0,5,0,154,1,4,0,0,0,,0,0,0,0,0,0,0,0,0,0,0,,0
00-0023439,Cedric Benson,RB,2008,6,REG,2008_06_CIN_NYJ,CIN,NYJ,0,0,0,0,0,0,0,4,6,0,0,0,0,0,0,0,0,0,0,0,,0,0,0,0,0,0,0,0,0,0,0,,0
00-0023456,Matt Jones,WR,2008,6,REG,2008_06_JAX_DEN,JAX,DEN,0,0,0,0,0,0,0,0,0,0,0,0,7,0,69,0,5,0,0,0,,0,0,0,0,0,0,0,0,0,0,0,,0
00-0023457,Mark Clayton,WR,2008,6,REG,2008_06_BAL_IND,BAL,IND,0,0,0,0,0,0,0,0,0,0,0,0,3,0,13,0,0,0,0,0,,0,0,0,0,0,0,0,0,0,0,0,,0
00-0023459,Aaron Rodgers,QB,2008,6,REG,2008_06_GB_SEA,GB,SEA,21,30,208,2,0,2,-8,6,23,1,3,0,0,0,0,0,0,0,0,0,,0,0,0,0,0,0,0,0,0,0,0,,0
00-0023460,Jason Campbell,QB,2008,6,REG,2008_06_STL_WAS,WAS,LA,18,26,208,0,0,4,-21,2,19,0,1,0,0,0,0,0,0,0,0,0,,0,0,0,0,0,0,0,0,0,0,0,,0
00-0023462,Roddy White,WR,2008,6,REG,2008_06_CHI_ATL,ATL,CHI,0,0,0,0,0,0,0,0,0,0,0,0,9,0,112,1,6,0,0,0,,0,0,0,0,0,0,0,0,0,0,0,,0
00-0023479,J.J. Arrington,RB,2008,6,REG,2008_06_DAL_ARI,ARI,DAL,0,0,0,0,0,0,0,1,2,0,0,0,1,0,10,0,1,0,0,0,,0,0,0,0,0,0,0,0,0,0,0,,0
00-0023496,Vincent Jackson,WR,2008,6,REG,2008_06_NE_SD,LAC,NE,0,0,0,0,0,0,0,0,0,0,0,0,5,0,134,1,5,0,0,0,,0,0,0,0,0,0,0,0,0,0,0,,0
00-0023500,Frank Gore,RB,2008,6,REG,2008_06_PHI_SF,SF,PHI,0,0,0,0,0,0,0,19,101,1,5,0,3,0,16,0,0,0,0,0,,0,0,0,0,0,0,0,0,0,0,0,,0
00-0023502,Charlie Frye,QB,2008,6,REG,2008_06_GB_SEA,SEA,GB,12,23,83,2,2,3,-19,2,30,0,1,0,0,0,0,0,0,0,0,0,,0,0,0,0,0,0,0,0,0,0,0,,0
00-0023506,Alex Smith,TE,2008,6,REG,2008_06_CAR_TB,TB,CAR,0,0,0,0,0,0,0,0,0,0,0,0,3,0,43,1,3,0,0,0,,0,0,0,0,0,0,0,0,0,0,0,,0
00-0023518,Chris Henry,WR,2008,6,REG,2008_06_CIN_NYJ,CIN,NYJ,0,0,0,0,0,0,0,0,0,0,0,0,1,0,13,0,1,0,0,0,,0,0,0,0,0,0,0,0,0,0,0,,0
00-0023541,Kyle Orton,QB,2008,6,REG,2008_06_CHI_ATL,CHI,ATL,26,43,286,1,0,1,-4,0,0,0,0,0,0,0,0,0,0,0,0,0,,0,0,0,0,0,0,0,0,0,0,0,,0
00-0023544,Marion Barber,RB,2008,6,REG,2008_06_DAL_ARI,DAL,ARI,0,0,0,0,0,0,0,17,45,0,1,0,11,0,128,1,4,0,0,0,,0,0,0,0,0,0,0,0,0,0,0,,0
00-0023545,Brandon Jacobs,RB,2008,6,REG,2008_06_NYG_CLE,NYG,CLE,0,0,0,0,0,0,0,14,67,1,2,0,0,0,0,0,0,0,0,0,,0,0,0,0,0,0,0,0,0,0,0,,0
00-0023564,Darren Sproles,RB,2008,6,REG,2008_06_NE_SD,LAC,NE,0,0,0,0,0,0,0,2,9,0,0,0,1,0,8,0,0,0,0,0,,0,0,0,0,0,0,0,0,0,0,0,,0
00-0023578,Dan Orlovsky,QB,2008,6,REG,2008_06_DET_MIN,DET,MIN,12,21,150,1,0,6,-38,1,0,0,0,0,0,0,0,0,0,0,0,0,,0,0,0,0,0,0,0,0,0,0,0,,0
00-0023635,Dave Rayner,K,2008,6,REG,2008_06_CIN_NYJ,CIN,NYJ,0,0,0,0,0,0,0,0,0,0,0,0,0,0,0,0,0,0,0,0,,0,0,0,0,0,0,2,2,0,0,0,,0
00-0023642,Reggie Hodges,P,2008,6,REG,2008_06_CIN_NYJ,NYJ,CIN,0,0,0,0,0,0,0,0,0,0,0,0,0,0,0,0,0,0,0,0,,0,0,0,0,0,0,0,0,2,74,64,41,1
00-0023645,Derek Anderson,QB,2008,6,REG,2008_06_NYG_CLE,CLE,NYG,18,29,310,2,0,0,0,4,-2,0,0,0,0,0,0,0,0,0,0,0,,0,0,0,0,0,0,0,0,0,0,0,,0
00-0023662,Matt Cassel,QB,2008,6,REG,2008_06_NE_SD,NE,LAC,22,38,203,0,1,4,-10,7,29,0,3,0,0,0,0,0,0,0,0,0,,0,0,0,0,0,0,0,0,0,0,0,,0
00-0023682,Ryan Fitzpatrick,QB,2008,6,REG,2008_06_CIN_NYJ,CIN,NYJ,20,33,152,0,0,5,-24,6,23,1,3,0,1,0,-3,0,0,0,0,0,,0,0,0,0,0,0,0,0,0,0,0,,0
00-0023742,Jon Ryan,P,2008,6,REG,2008_06_GB_SEA,SEA,GB,0,0,0,0,0,0,0,0,0,0,0,0,0,0,0,0,0,0,0,0,,0,0,0,0,0,0,0,0,5,244,205,62,0
00-0023784,Greg Estandia,TE,2008,6,REG,2008_06_JAX_DEN,JAX,DEN,0,0,0,0,0,0,0,0,0,0,0,0,2,0,26,0,2,0,0,0,,0,0,0,0,0,0,0,0,0,0,0,,0
00-0023853,Matt Prater,K,2008,6,REG,2008_06_JAX_DEN,DEN,JAX,0,0,0,0,0,0,0,0,0,0,0,0,0,0,0,0,0,0,1,1,39,0,0,1,0,0,0,2,2,0,0,0,,0
00-0023921,Miles Austin,WR,2008,6,REG,2008_06_DAL_ARI,DAL,ARI,0,0,0,0,0,0,0,0,0,0,0,0,1,0,14,1,1,0,0,0,,0,0,0,0,0,0,0,0,0,0,0,,0
00-0024013,Hank Baskett,WR,2008,6,REG,2008_06_PHI_SF,PHI,SF,0,0,0,0,0,0,0,0,0,0,0,0,4,0,36,1,3,0,0,0,,0,0,0,0,0,0,0,0,0,0,0,,0
00-0024110,Steve Weatherford,P,2008,6,REG,2008_06_OAK_NO,NO,LV,0,0,0,0,0,0,0,0,0,0,0,0,0,0,0,0,0,0,0,0,,0,0,0,0,0,0,0,0,2,92,37,46,0
00-0024172,Patrick Cobbs,RB,2008,6,REG,2008_06_MIA_HOU,MIA,HOU,0,0,0,0,0,0,0,0,0,0,0,0,3,0,138,2,2,0,0,0,,0,0,0,0,0,0,0,0,0,0,0,,0
00-0024217,Reggie Bush,RB,2008,6,REG,2008_06_OAK_NO,NO,LV,0,0,0,0,0,0,0,14,27,1,3,0,3,0,40,1,2,0,0,0,,0,0,0,0,0,0,0,0,0,0,0,,0
00-0024221,Vernon Davis,TE,2008,6,REG,2008_06_PHI_SF,SF,PHI,0,0,0,0,0,0,0,0,0,0,0,0,6,0,75,0,2,0,0,0,,0,0,0,0,0,0,0,0,0,0,0,,0
00-0024226,Jay Cutler,QB,2008,6,REG,2008_06_JAX_DEN,DEN,JAX,21,37,192,2,1,0,0,3,22,0,1,1,0,0,0,0,0,0,0,0,,0,0,0,0,0,0,0,0,0,0,0,,0
00-0024242,DeAngelo Williams,RB,2008,6,REG,2008_06_CAR_TB,CAR,TB,0,0,0,0,0,0,0,11,27,0,1,0,2,0,8,0,1,0,0,0,,0,0,0,0,0,0,0,0,0,0,0,,0
00-0024243,Marcedes Lewis,TE,2008,6,REG,2008_06_JAX_DEN,JAX,DEN,0,0,0,0,0,0,0,0,0,0,0,0,3,0,64,1,2,0,0,0,,0,0,0,0,0,0,0,0,0,0,0,,0
00-0024245,Joseph Addai,RB,2008,6,REG,2008_06_BAL_IND,IND,BAL,0,0,0,0,0,0,0,2,3,0,0,0,0,0,0,0,0,0,0,0,,0,0,0,0,0,0,0,0,0,0,0,,0
00-0024261,Joe Klopfenstein,TE,2008,6,REG,2008_06_STL_WAS,LA,WAS,0,0,0,0,0,0,0,0,0,0,0,0,2,0,10,0,0,0,0,0,,0,0,0,0,0,0,0,0,0,0,0,,0
00-0024267,Greg Jennings,WR,2008,6,REG,2008_06_GB_SEA,GB,SEA,0,0,0,0,0,0,0,0,0,0,0,0,5,0,84,1,5,0,0,0,,0,0,0,0,0,0,0,0,0,0,0,,0
00-0024268,Anthony Fasano,TE,2008,6,REG,2008_06_MIA_HOU,MIA,HOU,0,0,0,0,0,0,0,0,0,0,0,0,1,0,12,0,1,0,0,0,,0,0,0,0,0,0,0,0,0,0,0,,0
00-0024272,Devin Hester,WR,2008,6,REG,2008_06_CHI_ATL,CHI,ATL,0,0,0,0,0,0,0,0,0,0,0,0,6,0,87,0,5,0,0,0,,0,0,0,0,0,0,0,0,0,0,0,,0
00-0024275,Maurice Jones-Drew,RB,2008,6,REG,2008_06_JAX_DEN,JAX,DEN,0,0,0,0,0,0,0,22,125,2,5,0,2,0,23,0,2,0,0,0,,0,0,0,0,0,0,0,0,0,0,0,,0
00-0024287,Leonard Pope,TE,2008,6,REG,2008_06_DAL_ARI,ARI,DAL,0,0,0,0,0,0,0,0,0,0,0,0,2,0,12,0,0,0,0,0,,0,0,0,0,0,0,0,0,0,0,0,,0
00-0024294,Jerious Norwood,RB,2008,6,REG,2008_06_CHI_ATL,ATL,CHI,0,0,0,0,0,0,0,3,31,0,1,1,1,0,6,0,0,0,0,0,,0,0,0,0,0,0,0,0,0,0,0,,0
00-0024301,David Thomas,TE,2008,6,REG,2008_06_NE_SD,NE,LAC,0,0,0,0,0,0,0,0,0,0,0,0,1,0,13,0,1,0,0,0,,0,0,0,0,0,0,0,0,0,0,0,,0
00-0024313,Owen Daniels,TE,2008,6,REG,2008_06_MIA_HOU,HOU,MIA,0,0,0,0,0,0,0,0,0,0,0,0,4,0,70,0,3,0,0,0,,0,0,0,0,0,0,0,0,0,0,0,,0
00-0024315,Michael Robinson,FB,2008,6,REG,2008_06_PHI_SF,SF,PHI,0,0,0,0,0,0,0,1,5,0,0,0,1,0,12,0,1,0,0,0,,0,0,0,0,0,0,0,0,0,0,0,,0
00-0024318,Brad Smith,WR,2008,6,REG,2008_06_CIN_NYJ,NYJ,CIN,0,0,0,0,0,0,0,1,11,0,1,0,0,0,0,0,0,0,0,0,,0,0,0,0,0,0,0,0,0,0,0,,0
00-0024324,Jason Avant,WR,2008,6,REG,2008_06_PHI_SF,PHI,SF,0,0,0,0,0,0,0,0,0,0,0,0,1,0,17,0,1,0,0,0,,0,0,0,0,0,0,0,0,0,0,0,,0
00-0024326,Demetrius Williams,WR,2008,6,REG,2008_06_BAL_IND,BAL,IND,0,0,0,0,0,0,0,0,0,0,0,0,6,0,53,0,3,0,0,0,,0,0,0,0,0,0,0,0,0,0,0,,0
00-0024332,Leon Washington,RB,2008,6,REG,2008_06_CIN_NYJ,NYJ,CIN,0,0,0,0,0,0,0,5,7,0,0,0,4,0,22,0,3,0,0,0,,0,0,0,0,0,0,0,0,0,0,0,,0
00-0024333,Stephen Gostkowski,K,2008,6,REG,2008_06_NE_SD,NE,LAC,0,0,0,0,0,0,0,0,0,0,0,0,0,0,0,0,0,0,1,2,47,0,0,0,1,0,0,1,1,0,0,0,,0
00-0024334,Brandon Marshall,WR,2008,6,REG,2008_06_JAX_DEN,DEN,JAX,0,0,0,0,0,0,0,0,0,0,0,0,9,0,98,0,4,1,0,0,,0,0,0,0,0,0,0,0,0,0,0,,0
00-0024345,Domenik Hixon,WR,2008,6,REG,2008_06_NYG_CLE,NYG,CLE,0,0,0,0,0,0,0,0,0,0,0,0,1,0,6,0,1,0,0,0,,0,0,0,0,0,0,0,0,0,0,0,,0
00-0024359,Jerome Harrison,RB,2008,6,REG,2008_06_NYG_CLE,CLE,NYG,0,0,0,0,0,0,0,2,41,0,1,0,2,0,26,0,1,0,0,0,,0,0,0,0,0,0,0,0,0,0,0,,0
00-0024369,Jeff King,TE,2008,6,REG,2008_06_CAR_TB,CAR,TB,0,0,0,0,0,0,0,0,0,0,0,0,1,0,3,0,0,0,0,0,,0,0,0,0,0,0,0,0,0,0,0,,0
00-0024389,Delanie Walker,TE,2008,6,REG,2008_06_PHI_SF,SF,PHI,0,0,0,0,0,0,0,1,-10,0,0,0,0,0,0,0,0,0,0,0,,0,0,0,0,0,0,0,0,0,0,0,,0
00-0024394,Lawrence Vickers,FB,2008,6,REG,2008_06_NYG_CLE,CLE,NYG,0,0,0,0,0,0,0,1,2,0,0,0,0,0,0,0,0,0,0,0,,0,0,0,0,0,0,0,0,0,0,0,,0
00-0024417,Sam Koch,P,2008,6,REG,2008_06_BAL_IND,BAL,IND,0,0,0,0,0,0,0,0,0,0,0,0,0,0,0,0,0,0,0,0,,0,0,0,0,0,0,0,0,5,245,229,57,0
00-0024515,Sav Rocca,P,2008,6,REG,2008_06_PHI_SF,PHI,SF,0,0,0,0,0,0,0,0,0,0,0,0,0,0,0,0,0,0,0,0,,0,0,0,0,0,0,0,0,2,77,32,41,1
00-0024529,Gijon Robinson,TE,2008,6,REG,2008_06_BAL_IND,IND,BAL,0,0,0,0,0,0,0,0,0,0,0,0,1,0,2,0,0,0,0,0,,0,0,0,0,0,0,0,0,0,0,0,,0
00-0024682,Michael Matthews,TE,2008,6,REG,2008_06_NYG_CLE,NYG,CLE,0,0,0,0,0,0,0,0,0,0,0,0,1,0,13,0,1,0,0,0,,0,0,0,0,0,0,0,0,0,0,0,,0
00-0024813,Pierre Thomas,RB,2008,6,REG,2008_06_OAK_NO,NO,LV,0,0,0,0,0,0,0,3,18,0,1,0,0,0,0,0,0,0,0,0,,0,0,0,0,0,0,0,0,0,0,0,,0
00-0025388,JaMarcus Russell,QB,2008,6,REG,2008_06_OAK_NO,LV,NO,13,35,159,0,1,2,-18,1,11,0,1,0,0,0,0,0,0,0,0,0,,0,0,0,0,0,0,0,0,0,0,0,,0
00-0025389,Calvin Johnson,WR,2008,6,REG,2008_06_DET_MIN,DET,MIN,0,0,0,0,0,0,0,0,0,0,0,0,4,0,85,1,2,1,0,0,,0,0,0,0,0,0,0,0,0,0,0,,0
00-0025394,Adrian Peterson,RB,2008,6,REG,2008_06_DET_MIN,MIN,DET,0,0,0,0,0,0,0,25,111,0,4,2,1,0,-5,0,0,0,0,0,,0,0,0,0,0,0,0,0,0,0,0,,0
00-0025396,Ted Ginn,WR,2008,6,REG,2008_06_MIA_HOU,MIA,HOU,0,0,0,0,0,0,0,0,0,0,0,0,1,0,-1,0,0,0,0,0,,0,0,0,0,0,0,0,0,0,0,0,,0
00-0025418,Greg Olsen,TE,2008,6,REG,2008_06_CHI_ATL,CHI,ATL,0,0,0,0,0,0,0,0,0,0,0,0,3,0,41,0,2,0,0,0,,0,0,0,0,0,0,0,0,0,0,0,,0
00-0025419,Anthony Gonzalez,WR,2008,6,REG,2008_06_BAL_IND,IND,BAL,0,0,0,0,0,0,0,0,0,0,0,0,4,0,33,0,2,0,0,0,,0,0,0,0,0,0,0,0,0,0,0,,0
00-0025425,Zach Miller,TE,2008,6,REG,2008_06_OAK_NO,LV,NO,0,0,0,0,0,0,0,0,0,0,0,0,3,0,46,0,2,0,0,0,,0,0,0,0,0,0,0,0,0,0,0,,0
00-0025432,Dwayne Jarrett,WR,2008,6,REG,2008_06_CAR_TB,CAR,TB,0,0,0,0,0,0,0,0,0,0,0,0,1,0,4,0,1,0,0,0,,0,0,0,0,0,0,0,0,0,0,0,,0
00-0025438,Steve Smith,WR,2008,6,REG,2008_06_NYG_CLE,NYG,CLE,0,0,0,0,0,0,0,0,0,0,0,0,9,0,94,0,7,0,0,0,,0,0,0,0,0,0,0,0,0,0,0,,0
00-0025447,Samson Satele,C,2008,6,REG,2008_06_MIA_HOU,MIA,HOU,0,0,0,0,0,0,0,0,0,0,0,0,0,0,-3,0,0,0,0,0,,0,0,0,0,0,0,0,0,0,0,0,,0
00-0025458,Lorenzo Booker,RB,2008,6,REG,2008_06_PHI_SF,PHI,SF,0,0,0,0,0,0,0,1,5,0,0,0,0,0,0,0,0,0,0,0,,0,0,0,0,0,0,0,0,0,0,0,,0
00-0025486,Johnnie Lee Higgins,WR,2008,6,REG,2008_06_OAK_NO,LV,NO,0,0,0,0,0,0,0,0,0,0,0,0,1,0,35,0,1,0,0,0,,0,0,0,0,0,0,0,0,0,0,0,,0
00-0025487,Michael Bush,RB,2008,6,REG,2008_06_OAK_NO,LV,NO,0,0,0,0,0,0,0,3,9,0,1,0,1,0,4,0,0,0,0,0,,0,0,0,0,0,0,0,0,0,0,0,,0
00-0025488,Adam Podlesh,P,2008,6,REG,2008_06_JAX_DEN,JAX,DEN,0,0,0,0,0,0,0,0,0,0,0,0,0,0,0,0,0,0,0,0,,0,0,0,0,0,0,0,0,4,160,113,46,0
00-0025524,Le'Ron McClain,FB,2008,6,REG,2008_06_BAL_IND,BAL,IND,0,0,0,0,0,0,0,2,-2,0,0,0,1,0,2,0,0,1,0,0,,0,0,0,0,0,0,0,0,0,0,0,,0
00-0025529,Steve Breaston,WR,2008,6,REG,2008_06_DAL_ARI,ARI,DAL,0,0,0,0,0,0,0,0,0,0,0,0,8,0,102,1,5,0,0,0,,0,0,0,0,0,0,0,0,0,0,0,,0
00-0025540,Kevin Boss,TE,2008,6,REG,2008_06_NYG_CLE,NYG,CLE,0,0,0,0,0,0,0,0,0,0,0,0,1,0,24,0,1,0,0,0,,0,0,0,0,0,0,0,0,0,0,0,,0
00-0025542,Dante Rosario,TE,2008,6,REG,2008_06_CAR_TB,CAR,TB,0,0,0,0,0,0,0,0,0,0,0,0,3,0,28,0,1,0,0,0,,0,0,0,0,0,0,0,0,0,0,0,,0
00-0025559,Legedu Naanee,WR,2008,6,REG,2008_06_NE_SD,LAC,NE,0,0,0,0,0,0,0,0,0,0,0,0,1,0,6,0,1,0,0,0,,0,0,0,0,0,0,0,0,0,0,0,,0
00-0025565,Nick Folk,K,2008,6,REG,2008_06_DAL_ARI,DAL,ARI,0,0,0,0,0,0,0,0,0,0,0,0,0,0,0,0,0,0,1,2,52,0,0,0,0,1,0,3,3,0,0,0,,0
00-0025578,Korey Hall,RB,2008,6,REG,2008_06_GB_SEA,GB,SEA,0,0,0,0,0,0,0,0,0,0,0,0,2,0,12,0,0,0,0,0,,0,0,0,0,0,0,0,0,0,0,0,,0
00-0025580,Mason Crosby,K,2008,6,REG,2008_06_GB_SEA,GB,SEA,0,0,0,0,0,0,0,0,0,0,0,0,0,0,0,0,0,0,2,2,51,0,1,0,0,1,0,3,3,0,0,0,,0
00-0025612,Brandon Fields,P,2008,6,REG,2008_06_MIA_HOU,MIA,HOU,0,0,0,0,0,0,0,0,0,0,0,0,0,0,0,0,0,0,0,0,,0,0,0,0,0,0,0,0,7,332,225,56,2
00-0025615,DeShawn Wynn,RB,2008,6,REG,2008_06_GB_SEA,GB,SEA,0,0,0,0,0,0,0,0,0,0,0,0,1,0,7,0,0,0,0,0,,0,0,0,0,0,0,0,0,0,0,0,,0
00-0025621,Syndric Steptoe,WR,2008,6,REG,2008_06_NYG_CLE,CLE,NYG,0,0,0,0,0,0,0,0,0,0,0,0,1,0,20,0,1,0,0,0,,0,0,0,0,0,0,0,0,0,0,0,,0
00-0025622,Chansi Stuckey,WR,2008,6,REG,2008_06_CIN_NYJ,NYJ,CIN,0,0,0,0,0,0,0,1,1,0,0,0,0,0,0,0,0,0,0,0,,0,0,0,0,0,0,0,0,0,0,0,,0
00-0025825,Brett Kern,P,2008,6,REG,2008_06_JAX_DEN,DEN,JAX,0,0,0,0,0,0,0,0,0,0,0,0,0,0,0,0,0,0,0,0,,0,0,0,0,0,0,0,0,4,192,158,52,0
00-0025860,BenJarvus Green-Ellis,RB,2008,6,REG,2008_06_NE_SD,NE,LAC,0,0,0,0,0,0,0,0,0,0,0,0,1,0,9,0,1,0,0,0,,0,0,0,0,0,0,0,0,0,0,0,,0
00-0026000,Davone Bess,WR,2008,6,REG,2008_06_MIA_HOU,MIA,HOU,0,0,0,0,0,0,0,0,0,0,0,0,1,0,10,0,1,0,0,0,,0,0,0,0,0,0,0,0,0,0,0,,0
00-0026003,Dan Carpenter,K,2008,6,REG,2008_06_MIA_HOU,MIA,HOU,0,0,0,0,0,0,0,0,0,0,0,0,0,0,0,0,0,0,0,0,,0,0,0,0,0,0,4,4,0,0,0,,0
00-0026069,Mike Tolbert,FB,2008,6,REG,2008_06_NE_SD,LAC,NE,0,0,0,0,0,0,0,5,15,0,0,0,0,0,0,0,0,0,0,0,,0,0,0,0,0,0,0,0,0,0,0,,0
00-0026143,Matt Ryan,QB,2008,6,REG,2008_06_CHI_ATL,ATL,CHI,22,30,301,1,0,0,0,1,1,0,0,0,0,0,0,0,0,0,0,0,,0,0,0,0,0,0,0,0,0,0,0,,0
00-0026144,Darren McFadden,RB,2008,6,REG,2008_06_OAK_NO,LV,NO,0,0,0,0,0,0,0,8,30,0,1,0,0,0,0,0,0,0,0,0,,0,0,0,0,0,0,0,0,0,0,0,,0
00-0026153,Jonathan Stewart,RB,2008,6,REG,2008_06_CAR_TB,CAR,TB,0,0,0,0,0,0,0,6,12,0,0,0,1,0,1,0,0,0,0,0,,0,0,0,0,0,0,0,0,0,0,0,,0
00-0026158,Joe Flacco,QB,2008,6,REG,2008_06_BAL_IND,BAL,IND,28,38,241,0,3,4,-32,3,12,0,2,0,0,0,0,0,0,0,0,0,,0,0,0,0,0,0,0,0,0,0,0,,0
00-0026162,Felix Jones,RB,2008,6,REG,2008_06_DAL_ARI,DAL,ARI,0,0,0,0,0,0,0,3,22,0,2,0,0,0,0,0,0,0,0,0,,0,0,0,0,0,0,0,0,0,0,0,,0
00-0026173,Donnie Avery,WR,2008,6,REG,2008_06_STL_WAS,LA,WAS,0,0,0,0,0,0,0,1,-5,0,0,0,4,0,73,0,3,0,0,0,,0,0,0,0,0,0,0,0,0,0,0,,0
00-0026176,Jordy Nelson,WR,2008,6,REG,2008_06_GB_SEA,GB,SEA,0,0,0,0,0,0,0,0,0,0,0,0,4,0,42,0,2,0,0,0,,0,0,0,0,0,0,0,0,0,0,0,,0
00-0026178,John Carlson,TE,2008,6,REG,2008_06_GB_SEA,SEA,GB,0,0,0,0,0,0,0,0,0,0,0,0,4,0,22,1,2,0,0,0,,0,0,0,0,0,0,0,0,0,0,0,,0
00-0026184,Matt Forte,RB,2008,6,REG,2008_06_CHI_ATL,CHI,ATL,0,0,0,0,0,0,0,20,76,1,4,0,5,0,34,0,1,0,0,0,,0,0,0,0,0,0,0,0,0,0,0,,0
00-0026189,DeSean Jackson,WR,2008,6,REG,2008_06_PHI_SF,PHI,SF,0,0,0,0,0,0,0,1,1,0,0,0,6,0,98,0,4,0,0,0,,0,0,0,0,0,0,0,0,0,0,0,,0
00-0026195,Ray Rice,RB,2008,6,REG,2008_06_BAL_IND,BAL,IND,0,0,0,0,0,0,0,6,23,0,2,0,7,0,64,0,4,0,0,0,,0,0,0,0,0,0,0,0,0,0,0,,0
00-0026204,Kevin Smith,RB,2008,6,REG,2008_06_DET_MIN,DET,MIN,0,0,0,0,0,0,0,5,62,0,1,0,2,0,11,0,0,0,0,0,,0,0,0,0,0,0,0,0,0,0,0,,0
00-0026209,Jacob Hester,RB,2008,6,REG,2008_06_NE_SD,LAC,NE,0,0,0,0,0,0,0,1,0,0,0,1,0,0,0,0,0,0,0,0,,0,0,0,0,0,0,0,0,0,0,0,,0
00-0026221,Early Doucet,WR,2008,6,REG,2008_06_DAL_ARI,ARI,DAL,0,0,0,0,0,0,0,0,0,0,0,0,1,0,3,0,0,0,0,0,,0,0,0,0,0,0,0,0,0,0,0,,0
00-0026224,Harry Douglas,WR,2008,6,REG,2008_06_CHI_ATL,ATL,CHI,0,0,0,0,0,0,0,1,-11,0,0,0,5,0,96,0,3,0,0,0,,0,0,0,0,0,0,0,0,0,0,0,,0
00-0026229,Steve Slaton,RB,2008,6,REG,2008_06_MIA_HOU,HOU,MIA,0,0,0,0,0,0,0,15,58,0,3,0,1,0,3,0,0,0,0,0,,0,0,0,0,0,0,0,0,0,0,0,,0
00-0026286,Jerome Felton,FB,2008,6,REG,2008_06_DET_MIN,DET,MIN,0,0,0,0,0,0,0,1,0,0,0,0,0,0,0,0,0,0,0,0,,0,0,0,0,0,0,0,0,0,0,0,,0
00-0026289,Tim Hightower,RB,2008,6,REG,2008_06_DAL_ARI,ARI,DAL,0,0,0,0,0,0,0,7,20,0,2,0,4,0,29,0,1,0,0,0,,0,0,0,0,0,0,0,0,0,0,0,,0
00-0026308,Durant Brooks,P,2008,6,REG,2008_06_STL_WAS,WAS,LA,0,0,0,0,0,0,0,0,0,0,0,0,0,0,0,0,0,0,0,0,,0,0,0,0,0,0,0,0,5,205,171,51,2
00-0026314,Josh Morgan,WR,2008,6,REG,2008_06_PHI_SF,SF,PHI,0,0,0,0,0,0,0,0,0,0,0,0,1,0,25,0,1,0,0,0,,0,0,0,0,0,0,0,0,0,0,0,,0
00-0026318,Taylor Mehlhaff,K,2008,6,REG,2008_06_OAK_NO,NO,LV,0,0,0,0,0,0,0,0,0,0,0,0,0,0,0,0,0,0,2,3,44,0,0,1,1,0,0,4,4,0,0,0,,0
00-0026342,Mike Hart,RB,2008,6,REG,2008_06_BAL_IND,IND,BAL,0,0,0,0,0,0,0,1,2,0,1,0,1,0,18,0,1,0,0,0,,0,0,0,0,0,0,0,0,0,0,0,,0
00-0026366,Chaz Schilens,WR,2008,6,REG,2008_06_OAK_NO,LV,NO,0,0,0,0,0,0,0,0,0,0,0,0,1,0,9,0,1,0,0,0,,0,0,0,0,0,0,0,0,0,0,0,,0
00-0001157,Mitch Berger,P,2008,7,REG,2008_07_PIT_CIN,PIT,CIN,0,0,0,0,0,0,0,0,0,0,0,0,0,0,0,0,0,0,0,0,,0,0,0,0,0,0,0,0,5,204,178,51,2
00-0001231,Josh Bidwell,P,2008,7,REG,2008_07_SEA_TB,TB,SEA,0,0,0,0,0,0,0,0,0,0,0,0,0,0,0,0,0,0,0,0,,0,0,0,0,0,0,0,0,4,154,112,58,2
00-0001477,Marty Booker,WR,2008,7,REG,2008_07_MIN_CHI,CHI,MIN,0,0,0,0,0,0,0,0,0,0,0,0,3,0,79,1,3,0,0,0,,0,0,0,0,0,0,0,0,0,0,0,,0
00-0001980,Kris Brown,K,2008,7,REG,2008_07_DET_HOU,HOU,DET,0,0,0,0,0,0,0,0,0,0,0,0,0,0,0,0,0,0,0,0,,0,0,0,0,0,0,4,4,0,0,0,,0
00-0002099,Isaac Bruce,WR,2008,7,REG,2008_07_SF_NYG,SF,NYG,0,0,0,0,0,0,0,0,0,0,0,0,3,0,47,0,2,0,0,0,,0,0,0,0,0,0,0,0,0,0,0,,0
00-0002586,Mark Campbell,TE,2008,7,REG,2008_07_NO_CAR,NO,CAR,0,0,0,0,0,0,0,0,0,0,0,0,1,0,8,0,0,0,0,0,,0,0,0,0,0,0,0,0,0,0,0,,0
00-0002655,John Carney,K,2008,7,REG,2008_07_SF_NYG,NYG,SF,0,0,0,0,0,0,0,0,0,0,0,0,0,0,0,0,0,0,2,3,48,0,1,0,1,0,0,3,3,0,0,0,,0
00-0003035,Desmond Clark,TE,2008,7,REG,2008_07_MIN_CHI,CHI,MIN,0,0,0,0,0,0,0,0,0,0,0,0,3,0,59,0,3,0,0,0,,0,0,0,0,0,0,0,0,0,0,0,,0
00-0003292,Kerry Collins,QB,2008,7,REG,2008_07_TEN_KC,TEN,KC,11,18,123,0,0,0,0,2,-2,0,0,0,0,0,0,0,0,0,0,0,,0,0,0,0,0,0,0,0,0,0,0,,0
00-0004091,Phil Dawson,K,2008,7,REG,2008_07_CLE_WAS,CLE,WAS,0,0,0,0,0,0,0,0,0,0,0,0,0,0,0,0,0,0,1,2,37,0,0,1,0,0,0,0,0,0,0,0,,0
00-0004161,Jake Delhomme,QB,2008,7,REG,2008_07_NO_CAR,CAR,NO,14,22,195,2,0,1,-2,1,8,0,0,0,0,0,0,0,0,0,0,0,,0,0,0,0,0,0,0,0,0,0,0,,0
00-0004541,Donald Driver,WR,2008,7,REG,2008_07_IND_GB,GB,IND,0,0,0,0,0,0,0,0,0,0,0,0,4,0,35,0,1,0,0,0,,0,0,0,0,0,0,0,0,0,0,0,,0
00-0004640,Warrick Dunn,RB,2008,7,REG,2008_07_SEA_TB,TB,SEA,0,0,0,0,0,0,0,13,37,0,2,0,4,0,21,0,0,0,0,0,,0,0,0,0,0,0,0,0,0,0,0,,0
00-0004915,Bobby Engram,WR,2008,7,REG,2008_07_SEA_TB,SEA,TB,0,0,0,0,0,0,0,0,0,0,0,0,1,0,8,0,0,0,0,0,,0,0,0,0,0,0,0,0,0,0,0,,0
00-0005091,Kevin Faulk,RB,2008,7,REG,2008_07_DEN_NE,NE,DEN,0,0,0,0,0,0,0,4,50,0,3,0,3,0,6,0,0,0,0,0,,0,0,0,0,0,0,0,0,0,0,0,,0
00-0005106,Brett Favre,QB,2008,7,REG,2008_07_NYJ_OAK,NYJ,LV,21,38,197,0,2,3,-21,2,5,0,0,0,0,0,0,0,0,0,0,0,,0,0,0,0,0,0,0,0,0,0,0,,0
00-0005113,Jeff Feagles,P,2008,7,REG,2008_07_SF_NYG,NYG,SF,0,0,0,0,0,0,0,0,0,0,0,0,0,0,0,0,0,0,0,0,,0,0,0,0,0,0,0,0,6,293,273,61,3
00-0005589,Gus Frerotte,QB,2008,7,REG,2008_07_MIN_CHI,MIN,CHI,25,40,298,2,4,2,-14,0,0,0,0,0,0,0,0,0,0,0,0,0,,0,0,0,0,0,0,0,0,0,0,0,,0
00-0005755,Jeff Garcia,QB,2008,7,REG,2008_07_SEA_TB,TB,SEA,27,36,310,1,0,1,-5,2,8,0,1,0,0,0,0,0,0,0,0,0,,0,0,0,0,0,0,0,0,0,0,0,,0
00-0006101,Tony Gonzalez,TE,2008,7,REG,2008_07_TEN_KC,KC,TEN,0,0,0,0,0,0,0,0,0,0,0,0,6,0,97,0,4,0,0,0,,0,0,0,0,0,0,0,0,0,0,0,,0
00-0006305,Ahman Green,RB,2008,7,REG,2008_07_DET_HOU,HOU,DET,0,0,0,0,0,0,0,14,62,1,5,0,1,0,3,0,0,0,0,0,,0,0,0,0,0,0,0,0,0,0,0,,0
00-0006799,Chris Hanson,P,2008,7,REG,2008_07_DEN_NE,NE,DEN,0,0,0,0,0,0,0,0,0,0,0,0,0,0,0,0,0,0,0,0,,0,0,0,0,0,0,0,0,3,117,109,55,3
00-0006800,Jason Hanson,K,2008,7,REG,2008_07_DET_HOU,DET,HOU,0,0,0,0,0,0,0,0,0,0,0,0,0,0,0,0,0,0,2,2,54,0,0,0,0,2,0,1,1,0,0,0,,0
00-0007024,Marvin Harrison,WR,2008,7,REG,2008_07_IND_GB,IND,GB,0,0,0,0,0,0,0,0,0,0,0,0,2,0,11,0,0,0,0,0,,0,0,0,0,0,0,0,0,0,0,0,,0
00-0007213,Steve Heiden,TE,2008,7,REG,2008_07_CLE_WAS,CLE,WAS,0,0,0,0,0,0,0,0,0,0,0,0,1,0,10,0,1,0,0,0,,0,0,0,0,0,0,0,0,0,0,0,,0
00-0007308,Craig Hentrich,P,2008,7,REG,2008_07_TEN_KC,TEN,KC,0,0,0,0,0,0,0,0,0,0,0,0,0,0,0,0,0,0,0,0,,0,0,0,0,0,0,0,0,4,172,150,50,3
00-0007468,Ike Hilliard,WR,2008,7,REG,2008_07_SEA_TB,TB,SEA,0,0,0,0,0,0,0,0,0,0,0,0,1,0,4,0,0,1,0,0,,0,0,0,0,0,0,0,0,0,0,0,,0
00-0007681,Torry Holt,WR,2008,7,REG,2008_07_DAL_STL,LA,DAL,0,0,0,0,0,0,0,0,0,0,0,0,3,0,51,0,3,0,0,0,,0,0,0,0,0,0,0,0,0,0,0,,0
00-0007835,Damon Huard,QB,2008,7,REG,2008_07_TEN_KC,KC,TEN,9,16,96,0,0,2,-15,1,0,0,0,0,0,0,0,0,0,0,0,0,,0,0,0,0,0,0,0,0,0,0,0,,0
00-0008442,Brad Johnson,QB,2008,7,REG,2008_07_DAL_STL,DAL,LA,17,34,234,1,3,3,-17,1,0,0,0,0,0,0,0,0,0,0,0,0,,0,0,0,0,0,0,0,0,0,0,0,,0
00-0009028,John Kasay,K,2008,7,REG,2008_07_NO_CAR,CAR,NO,0,0,0,0,0,0,0,0,0,0,0,0,0,0,0,0,0,0,3,3,48,0,1,1,1,0,0,3,3,0,0,0,,0
00-0010072,Ryan Longwell,K,2008,7,REG,2008_07_MIN_CHI,MIN,CHI,0,0,0,0,0,0,0,0,0,0,0,0,0,0,0,0,0,0,2,2,42,0,1,0,1,0,0,5,5,0,0,0,,0
00-0010346,Peyton Manning,QB,2008,7,REG,2008_07_IND_GB,IND,GB,21,42,229,0,2,0,0,1,-1,0,0,0,0,0,0,0,0,0,0,0,,0,0,0,0,0,0,0,0,0,0,0,,0
00-0010373,Olindo Mare,K,2008,7,REG,2008_07_SEA_TB,SEA,TB,0,0,0,0,0,0,0,0,0,0,0,0,0,0,0,0,0,0,1,2,26,0,1,0,0,0,0,1,1,0,0,0,,0
00-0010500,Derrick Mason,WR,2008,7,REG,2008_07_BAL_MIA,BAL,MIA,0,0,0,0,0,0,0,0,0,0,0,0,6,0,87,1,4,0,0,0,,0,0,0,0,0,0,0,0,0,0,0,,0
00-0010609,Brad Maynard,P,2008,7,REG,2008_07_MIN_CHI,CHI,MIN,0,0,0,0,0,0,0,0,0,0,0,0,0,0,0,0,0,0,0,0,,0,0,0,0,0,0,0,0,4,137,134,54,2
00-0011236,Billy Miller,TE,2008,7,REG,2008_07_NO_CAR,NO,CAR,0,0,0,0,0,0,0,0,0,0,0,0,4,0,56,0,3,0,0,0,,0,0,0,0,0,0,0,0,0,0,0,,0
00-0011626,Brian Moorman,P,2008,7,REG,2008_07_SD_BUF,BUF,LAC,0,0,0,0,0,0,0,0,0,0,0,0,0,0,0,0,0,0,0,0,,0,0,0,0,0,0,0,0,2,105,89,56,0
00-0011754,Randy Moss,WR,2008,7,REG,2008_07_DEN_NE,NE,DEN,0,0,0,0,0,0,0,0,0,0,0,0,5,0,69,2,3,0,0,0,,0,0,0,0,0,0,0,0,0,0,0,,0
00-0011795,Muhsin Muhammad,WR,2008,7,REG,2008_07_NO_CAR,CAR,NO,0,0,0,0,0,0,0,0,0,0,0,0,3,0,43,0,3,0,0,0,,0,0,0,0,0,0,0,0,0,0,0,,0
00-0011958,Lorenzo Neal,FB,2008,7,REG,2008_07_BAL_MIA,BAL,MIA,0,0,0,0,0,0,0,1,2,0,1,0,0,0,0,0,0,0,0,0,,0,0,0,0,0,0,0,0,0,0,0,,0
00-0011970,Joe Nedney,K,2008,7,REG,2008_07_SF_NYG,SF,NYG,0,0,0,0,0,0,0,0,0,0,0,0,0,0,0,0,0,0,1,1,40,0,0,0,1,0,0,2,2,0,0,0,,0
00-0012478,Terrell Owens,WR,2008,7,REG,2008_07_DAL_STL,DAL,LA,0,0,0,0,0,0,0,0,0,0,0,0,2,0,31,0,2,0,0,0,,0,0,0,0,0,0,0,0,0,0,0,,0
00-0013013,Michael Pittman,RB,2008,7,REG,2008_07_DEN_NE,DEN,NE,0,0,0,0,0,0,0,20,88,0,4,0,0,0,0,0,0,0,0,0,,0,0,0,0,0,0,0,0,0,0,0,,0
00-0015194,Hunter Smith,P,2008,7,REG,2008_07_IND_GB,IND,GB,0,0,0,0,0,0,0,0,0,0,0,0,0,0,0,0,0,0,0,0,,0,0,0,0,0,0,0,0,4,186,160,64,0
00-0015601,Aaron Stecker,RB,2008,7,REG,2008_07_NO_CAR,NO,CAR,0,0,0,0,0,0,0,2,10,0,0,0,1,0,5,0,0,0,0,0,,0,0,0,0,0,0,0,0,0,0,0,,0
00-0015784,Matt Stover,K,2008,7,REG,2008_07_BAL_MIA,BAL,MIA,0,0,0,0,0,0,0,0,0,0,0,0,0,0,0,0,0,0,2,2,47,0,1,0,1,0,0,3,3,0,0,0,,0
00-0016550,Amani Toomer,WR,2008,7,REG,2008_07_SF_NYG,NYG,SF,0,0,0,0,0,0,0,0,0,0,0,0,3,0,31,0,2,0,0,0,,0,0,0,0,0,0,0,0,0,0,0,,0
00-0016689,Matt Turk,P,2008,7,REG,2008_07_DET_HOU,HOU,DET,0,0,0,0,0,0,0,0,0,0,0,0,0,0,0,0,0,0,0,0,,0,0,0,0,0,0,0,0,4,195,195,59,3
00-0016919,Adam Vinatieri,K,2008,7,REG,2008_07_IND_GB,IND,GB,0,0,0,0,0,0,0,0,0,0,0,0,0,0,0,0,0,0,0,1,,0,0,0,0,0,0,2,2,0,0,0,,0
00-0017162,Hines Ward,WR,2008,7,REG,2008_07_PIT_CIN,PIT,CIN,0,0,0,0,0,0,0,0,0,0,0,0,4,0,60,1,3,0,0,0,,0,0,0,0,0,0,0,0,0,0,0,,0
00-0017915,Ricky Williams,RB,2008,7,REG,2008_07_BAL_MIA,MIA,BAL,0,0,0,0,0,0,0,4,16,0,0,0,0,0,0,0,0,0,0,0,,0,0,0,0,0,0,0,0,0,0,0,,0
00-0018958,Laveranues Coles,WR,2008,7,REG,2008_07_NYJ_OAK,NYJ,LV,0,0,0,0,0,0,0,0,0,0,0,0,4,0,51,0,2,0,0,0,,0,0,0,0,0,0,0,0,0,0,0,,0
00-0019100,Brad Hoover,FB,2008,7,REG,2008_07_NO_CAR,CAR,NO,0,0,0,0,0,0,0,1,1,0,0,0,1,0,4,0,0,0,0,0,,0,0,0,0,0,0,0,0,0,0,0,,0
00-0019281,Mike Furrey,WR,2008,7,REG,2008_07_DET_HOU,DET,HOU,0,0,0,0,0,0,0,0,0,0,0,0,6,0,89,0,5,0,0,0,,0,0,0,0,0,0,0,0,0,0,0,,0
00-0019310,Rian Lindell,K,2008,7,REG,2008_07_SD_BUF,BUF,LAC,0,0,0,0,0,0,0,0,0,0,0,0,0,0,0,0,0,0,3,4,44,0,1,1,1,0,0,2,2,0,0,0,,0
00-0019484,Sammy Morris,RB,2008,7,REG,2008_07_DEN_NE,NE,DEN,0,0,0,0,0,0,0,16,138,1,6,0,0,0,0,0,0,0,0,0,,0,0,0,0,0,0,0,0,0,0,0,,0
00-0019539,Dante Hall,WR,2008,7,REG,2008_07_DAL_STL,LA,DAL,0,0,0,0,0,0,0,0,0,0,0,0,1,0,20,0,1,0,0,0,,0,0,0,0,0,0,0,0,0,0,0,,0
00-0019559,Chad Pennington,QB,2008,7,REG,2008_07_BAL_MIA,MIA,BAL,24,35,295,1,1,1,-7,4,25,0,2,0,0,0,0,0,0,0,0,0,,0,0,0,0,0,0,0,0,0,0,0,,0
00-0019599,Marc Bulger,QB,2008,7,REG,2008_07_DAL_STL,LA,DAL,14,19,173,1,0,5,-28,4,-2,0,0,0,0,0,0,0,0,0,0,0,,0,0,0,0,0,0,0,0,0,0,0,,0
00-0019641,Thomas Jones,RB,2008,7,REG,2008_07_NYJ_OAK,NYJ,LV,0,0,0,0,0,0,0,24,159,0,7,0,1,0,0,0,0,0,0,0,,0,0,0,0,0,0,0,0,0,0,0,,0
00-0019642,Plaxico Burress,WR,2008,7,REG,2008_07_SF_NYG,NYG,SF,0,0,0,0,0,0,0,0,0,0,0,0,3,0,24,1,2,0,0,0,,0,0,0,0,0,0,0,0,0,0,0,,0
00-0019646,Sebastian Janikowski,K,2008,7,REG,2008_07_NYJ_OAK,LV,NYJ,0,0,0,0,0,0,0,0,0,0,0,0,0,0,0,0,0,0,3,4,57,0,1,1,0,1,0,1,1,0,0,0,,0
00-0019647,Shaun Alexander,RB,2008,7,REG,2008_07_CLE_WAS,WAS,CLE,0,0,0,0,0,0,0,3,8,0,0,0,0,0,0,0,0,0,0,0,,0,0,0,0,0,0,0,0,0,0,0,,0
00-0019663,Darrell Jackson,WR,2008,7,REG,2008_07_DEN_NE,DEN,NE,0,0,0,0,0,0,0,0,0,0,0,0,1,0,10,0,1,0,0,0,,0,0,0,0,0,0,0,0,0,0,0,,0
00-0019693,Jamal Lewis,RB,2008,7,REG,2008_07_CLE_WAS,CLE,WAS,0,0,0,0,0,0,0,19,80,0,3,0,1,0,18,0,1,0,0,0,,0,0,0,0,0,0,0,0,0,0,0,,0
00-0019714,Shane Lechler,P,2008,7,REG,2008_07_NYJ_OAK,LV,NYJ,0,0,0,0,0,0,0,0,0,0,0,0,0,0,0,0,0,0,0,0,,0,0,0,0,0,0,0,0,7,303,283,60,5
00-0019770,Jay Feely,K,2008,7,REG,2008_07_NYJ_OAK,NYJ,LV,0,0,0,0,0,0,0,0,0,0,0,0,0,0,0,0,0,0,2,2,52,0,0,0,1,1,0,1,1,0,0,0,,0
00-0019808,Kenny Watson,RB,2008,7,REG,2008_07_PIT_CIN,CIN,PIT,0,0,0,0,0,0,0,4,17,0,1,0,1,0,1,0,0,0,0,0,,0,0,0,0,0,0,0,0,0,0,0,,0
00-0019863,Dominic Rhodes,RB,2008,7,REG,2008_07_IND_GB,IND,GB,0,0,0,0,0,0,0,20,73,2,5,0,4,0,41,0,2,0,0,0,,0,0,0,0,0,0,0,0,0,0,0,,0
00-0019921,Jason Baker,P,2008,7,REG,2008_07_NO_CAR,CAR,NO,0,0,0,0,0,0,0,0,0,0,0,0,0,0,0,0,0,0,0,0,,0,0,0,0,0,0,0,0,5,237,190,50,0
00-0019997,Antonio Chatman,WR,2008,7,REG,2008_07_PIT_CIN,CIN,PIT,0,0,0,0,0,0,0,0,0,0,0,0,2,0,8,0,0,0,0,0,,0,0,0,0,0,0,0,0,0,0,0,,0
00-0020267,Nick Harris,P,2008,7,REG,2008_07_DET_HOU,DET,HOU,0,0,0,0,0,0,0,0,0,0,0,0,0,0,0,0,0,0,0,0,,0,0,0,0,0,0,0,0,4,189,201,51,0
00-0020268,Tony Stewart,TE,2008,7,REG,2008_07_NYJ_OAK,LV,NYJ,0,0,0,0,0,0,0,0,0,0,0,0,1,0,4,0,0,0,0,0,,0,0,0,0,0,0,0,0,0,0,0,,0
00-0020285,Alge Crumpler,TE,2008,7,REG,2008_07_TEN_KC,TEN,KC,0,0,0,0,0,0,0,0,0,0,0,0,2,0,38,0,2,0,0,0,,0,0,0,0,0,0,0,0,0,0,0,,0
00-0020332,David Martin,TE,2008,7,REG,2008_07_BAL_MIA,MIA,BAL,0,0,0,0,0,0,0,0,0,0,0,0,4,0,71,0,3,0,0,0,,0,0,0,0,0,0,0,0,0,0,0,,0
00-0020337,Steve Smith,WR,2008,7,REG,2008_07_NO_CAR,CAR,NO,0,0,0,0,0,0,0,0,0,0,0,0,6,0,122,1,5,0,0,0,,0,0,0,0,0,0,0,0,0,0,0,,0
00-0020342,Brandon Manumaleuna,TE,2008,7,REG,2008_07_SD_BUF,LAC,BUF,0,0,0,0,0,0,0,0,0,0,0,0,1,0,8,0,1,0,0,0,,0,0,0,0,0,0,0,0,0,0,0,,0
00-0020391,Jameel Cook,RB,2008,7,REG,2008_07_SEA_TB,TB,SEA,0,0,0,0,0,0,0,0,0,0,0,0,2,0,15,0,2,0,0,0,,0,0,0,0,0,0,0,0,0,0,0,,0
00-0020397,Chad Johnson,WR,2008,7,REG,2008_07_PIT_CIN,CIN,PIT,0,0,0,0,0,0,0,0,0,0,0,0,8,0,52,1,3,0,0,0,,0,0,0,0,0,0,0,0,0,0,0,,0
00-0020407,Rudi Johnson,RB,2008,7,REG,2008_07_DET_HOU,DET,HOU,0,0,0,0,0,0,0,6,8,0,0,0,0,0,0,0,0,0,0,0,,0,0,0,0,0,0,0,0,0,0,0,,0
00-0020438,T.J. Houshmandzadeh,WR,2008,7,REG,2008_07_PIT_CIN,CIN,PIT,0,0,0,0,0,0,0,0,0,0,0,0,8,0,58,0,5,0,0,0,,0,0,0,0,0,0,0,0,0,0,0,,0
00-0020448,Travis Minor,RB,2008,7,REG,2008_07_DAL_STL,LA,DAL,0,0,0,0,0,0,0,5,15,0,1,0,2,0,17,0,1,0,0,0,,0,0,0,0,0,0,0,0,0,0,0,,0
00-0020490,Koren Robinson,WR,2008,7,REG,2008_07_SEA_TB,SEA,TB,0,0,0,0,0,0,0,0,0,0,0,0,2,0,23,0,1,0,0,0,,0,0,0,0,0,0,0,0,0,0,0,,0
00-0020494,Santana Moss,WR,2008,7,REG,2008_07_CLE_WAS,WAS,CLE,0,0,0,0,0,0,0,0,0,0,0,0,4,0,75,1,3,0,0,0,,0,0,0,0,0,0,0,0,0,0,0,,0
00-0020498,Reggie Wayne,WR,2008,7,REG,2008_07_IND_GB,IND,GB,0,0,0,0,0,0,0,0,0,0,0,0,2,0,24,0,1,0,0,0,,0,0,0,0,0,0,0,0,0,0,0,,0
00-0020507,Heath Evans,FB,2008,7,REG,2008_07_DEN_NE,NE,DEN,0,0,0,0,0,0,0,1,3,0,0,0,0,0,0,0,0,0,0,0,,0,0,0,0,0,0,0,0,0,0,0,,0
00-0020516,Todd Heap,TE,2008,7,REG,2008_07_BAL_MIA,BAL,MIA,0,0,0,0,0,0,0,0,0,0,0,0,3,0,29,0,2,0,0,0,,0,0,0,0,0,0,0,0,0,0,0,,0
00-0020527,Deuce McAllister,RB,2008,7,REG,2008_07_NO_CAR,NO,CAR,0,0,0,0,0,0,0,9,47,0,1,0,1,0,6,0,1,0,0,0,,0,0,0,0,0,0,0,0,0,0,0,,0
00-0020531,Drew Brees,QB,2008,7,REG,2008_07_NO_CAR,NO,CAR,21,39,231,0,1,1,-3,0,0,0,0,0,0,0,0,0,0,0,0,0,,0,0,0,0,0,0,0,0,0,0,0,,0
00-0020536,LaDainian Tomlinson,RB,2008,7,REG,2008_07_SD_BUF,LAC,BUF,0,0,0,0,0,0,0,14,41,0,3,0,6,0,26,0,1,0,0,0,,0,0,0,0,0,0,0,0,0,0,0,,0
00-0020550,Darnell Dinkins,TE,2008,7,REG,2008_07_CLE_WAS,CLE,WAS,0,0,0,0,0,0,0,0,0,0,0,0,1,0,4,0,0,0,0,0,,0,0,0,0,0,0,0,0,0,0,0,,0
00-0020578,Matt Bryant,K,2008,7,REG,2008_07_SEA_TB,TB,SEA,0,0,0,0,0,0,0,0,0,0,0,0,0,0,0,0,0,0,2,3,27,0,2,0,0,0,0,2,2,0,0,0,,0
00-0020617,Nate Jackson,TE,2008,7,REG,2008_07_DEN_NE,DEN,NE,0,0,0,0,0,0,0,0,0,0,0,0,1,0,2,0,0,0,0,0,,0,0,0,0,0,0,0,0,0,0,0,,0
00-0020737,Jeff Reed,K,2008,7,REG,2008_07_PIT_CIN,PIT,CIN,0,0,0,0,0,0,0,0,0,0,0,0,0,0,0,0,0,0,1,1,21,0,1,0,0,0,0,5,5,0,0,0,,0
00-0020805,Jason McKie,RB,2008,7,REG,2008_07_MIN_CHI,CHI,MIN,0,0,0,0,0,0,0,0,0,0,0,0,2,0,8,0,0,0,0,0,,0,0,0,0,0,0,0,0,0,0,0,,0
00-0020962,Rob Bironas,K,2008,7,REG,2008_07_TEN_KC,TEN,KC,0,0,0,0,0,0,0,0,0,0,0,0,0,0,0,0,0,0,2,2,49,0,0,0,2,0,0,4,4,0,0,0,,0
00-0021147,Donte' Stallworth,WR,2008,7,REG,2008_07_CLE_WAS,CLE,WAS,0,0,0,0,0,0,0,0,0,0,0,0,2,0,24,0,1,0,0,0,,0,0,0,0,0,0,0,0,0,0,0,,0
00-0021148,Jeremy Shockey,TE,2008,7,REG,2008_07_NO_CAR,NO,CAR,0,0,0,0,0,0,0,0,0,0,0,0,5,0,50,0,2,1,0,0,,0,0,0,0,0,0,0,0,0,0,0,,0
00-0021153,Javon Walker,WR,2008,7,REG,2008_07_NYJ_OAK,LV,NYJ,0,0,0,0,0,0,0,0,0,0,0,0,5,0,75,1,5,0,0,0,,0,0,0,0,0,0,0,0,0,0,0,,0
00-0021154,Daniel Graham,TE,2008,7,REG,2008_07_DEN_NE,DEN,NE,0,0,0,0,0,0,0,0,0,0,0,0,2,0,27,1,1,0,0,0,,0,0,0,0,0,0,0,0,0,0,0,,0
00-0021159,Jerramy Stevens,TE,2008,7,REG,2008_07_SEA_TB,TB,SEA,0,0,0,0,0,0,0,0,0,0,0,0,4,0,55,0,2,0,0,0,,0,0,0,0,0,0,0,0,0,0,0,,0
00-0021166,Josh Reed,WR,2008,7,REG,2008_07_SD_BUF,BUF,LAC,0,0,0,0,0,0,0,0,0,0,0,0,3,0,32,0,2,0,0,0,,0,0,0,0,0,0,0,0,0,0,0,,0
00-0021175,Andre Davis,WR,2008,7,REG,2008_07_DET_HOU,HOU,DET,0,0,0,0,0,0,0,0,0,0,0,0,1,0,15,0,1,0,0,0,,0,0,0,0,0,0,0,0,0,0,0,,0
00-0021179,Clinton Portis,RB,2008,7,REG,2008_07_CLE_WAS,WAS,CLE,0,0,0,0,0,0,0,27,175,1,8,1,1,0,8,0,0,0,0,0,,0,0,0,0,0,0,0,0,0,0,0,,0
00-0021182,Maurice Morris,RB,2008,7,REG,2008_07_SEA_TB,SEA,TB,0,0,0,0,0,0,0,6,56,0,2,0,2,0,12,0,0,0,0,0,,0,0,0,0,0,0,0,0,0,0,0,,0
00-0021190,Antwaan Randle El,WR,2008,7,REG,2008_07_CLE_WAS,WAS,CLE,0,0,0,0,0,0,0,0,0,0,0,0,4,0,56,0,4,0,0,0,,0,0,0,0,0,0,0,0,0,0,0,,0
00-0021191,Antonio Bryant,WR,2008,7,REG,2008_07_SEA_TB,TB,SEA,0,0,0,0,0,0,0,0,0,0,0,0,6,0,115,1,6,0,0,0,,0,0,0,0,0,0,0,0,0,0,0,,0
00-0021213,Chris Baker,TE,2008,7,REG,2008_07_NYJ_OAK,NYJ,LV,0,0,0,0,0,0,0,0,0,0,0,0,5,0,42,0,2,0,0,0,,0,0,0,0,0,0,0,0,0,0,0,,0
00-0021235,Dave Zastudil,P,2008,7,REG,2008_07_CLE_WAS,CLE,WAS,0,0,0,0,0,0,0,0,0,0,0,0,0,0,0,0,0,0,0,0,,0,0,0,0,0,0,0,0,8,353,303,50,3
00-0021273,Robert Royal,TE,2008,7,REG,2008_07_SD_BUF,BUF,LAC,0,0,0,0,0,0,0,0,0,0,0,0,4,0,53,0,2,0,0,0,,0,0,0,0,0,0,0,0,0,0,0,,0
00-0021296,J.T. O'Sullivan,QB,2008,7,REG,2008_07_SF_NYG,SF,NYG,16,28,256,1,2,6,-38,4,27,0,1,1,0,0,0,0,0,0,0,0,,0,0,0,0,0,0,0,0,0,0,0,,0
00-0021304,John Gilmore,TE,2008,7,REG,2008_07_SEA_TB,TB,SEA,0,0,0,0,0,0,0,0,0,0,0,0,2,0,20,0,1,0,0,0,,0,0,0,0,0,0,0,0,0,0,0,,0
00-0021314,Chester Taylor,RB,2008,7,REG,2008_07_MIN_CHI,MIN,CHI,0,0,0,0,0,0,0,10,34,1,3,0,6,0,48,0,3,0,0,0,,0,0,0,0,0,0,0,0,0,0,0,,0
00-0021357,Rock Cartwright,RB,2008,7,REG,2008_07_CLE_WAS,WAS,CLE,0,0,0,0,0,0,0,3,12,0,0,0,1,0,-7,0,0,0,0,0,,0,0,0,0,0,0,0,0,0,0,0,,0
00-0021376,T.J. Duckett,RB,2008,7,REG,2008_07_SEA_TB,SEA,TB,0,0,0,0,0,0,0,1,-1,0,0,0,0,0,0,0,0,0,0,0,,0,0,0,0,0,0,0,0,0,0,0,,0
00-0021379,Patrick Ramsey,QB,2008,7,REG,2008_07_DEN_NE,DEN,NE,2,3,19,0,0,1,-5,0,0,0,0,0,0,0,0,0,0,0,0,0,,0,0,0,0,0,0,0,0,0,0,0,,0
00-0021500,Derrick Frost,P,2008,7,REG,2008_07_IND_GB,GB,IND,0,0,0,0,0,0,0,0,0,0,0,0,0,0,0,0,0,0,0,0,,0,0,0,0,0,0,0,0,2,111,71,59,0
00-0021547,Antonio Gates,TE,2008,7,REG,2008_07_SD_BUF,LAC,BUF,0,0,0,0,0,0,0,0,0,0,0,0,4,0,55,0,3,0,0,0,,0,0,0,0,0,0,0,0,0,0,0,,0
00-0021755,Earnest Graham,RB,2008,7,REG,2008_07_SEA_TB,TB,SEA,0,0,0,0,0,0,0,23,52,1,3,0,2,0,13,0,1,0,0,0,,0,0,0,0,0,0,0,0,0,0,0,,0
00-0021915,Sam Aiken,WR,2008,7,REG,2008_07_DEN_NE,NE,DEN,0,0,0,0,0,0,0,0,0,0,0,0,1,0,7,0,1,0,0,0,,0,0,0,0,0,0,0,0,0,0,0,,0
00-0021929,Donald Lee,TE,2008,7,REG,2008_07_IND_GB,GB,IND,0,0,0,0,0,0,0,0,0,0,0,0,2,0,23,1,2,0,0,0,,0,0,0,0,0,0,0,0,0,0,0,,0
00-0021931,Kevin Walter,WR,2008,7,REG,2008_07_DET_HOU,HOU,DET,0,0,0,0,0,0,0,1,7,0,1,0,3,0,27,0,1,0,0,0,,0,0,0,0,0,0,0,0,0,0,0,,0
00-0021940,Josh Brown,K,2008,7,REG,2008_07_DAL_STL,LA,DAL,0,0,0,0,0,0,0,0,0,0,0,0,0,0,0,0,0,0,2,3,52,0,0,1,0,1,0,4,4,1,20,20,20,1
00-0021981,Shaun McDonald,WR,2008,7,REG,2008_07_DET_HOU,DET,HOU,0,0,0,0,0,0,0,0,0,0,0,0,0,0,-7,0,0,0,0,0,,0,0,0,0,0,0,0,0,0,0,0,,0
00-0022017,Mike Scifres,P,2008,7,REG,2008_07_SD_BUF,LAC,BUF,0,0,0,0,0,0,0,0,0,0,0,0,0,0,0,0,0,0,0,0,,0,0,0,0,0,0,0,0,3,112,107,46,1
00-0022044,Andre Johnson,WR,2008,7,REG,2008_07_DET_HOU,HOU,DET,0,0,0,0,0,0,0,0,0,0,0,0,11,0,141,0,9,0,0,0,,0,0,0,0,0,0,0,0,0,0,0,,0
00-0022054,Visanthe Shiancoe,TE,2008,7,REG,2008_07_MIN_CHI,MIN,CHI,0,0,0,0,0,0,0,0,0,0,0,0,4,0,68,1,3,0,0,0,,0,0,0,0,0,0,0,0,0,0,0,,0
00-0022055,Seneca Wallace,QB,2008,7,REG,2008_07_SEA_TB,SEA,TB,12,23,73,1,1,0,0,2,6,0,0,1,0,0,0,0,0,0,0,0,,0,0,0,0,0,0,0,0,0,0,0,,0
00-0022064,Arnaz Battle,WR,2008,7,REG,2008_07_SF_NYG,SF,NYG,0,0,0,0,0,0,0,0,0,0,0,0,2,0,42,0,2,0,0,0,,0,0,0,0,0,0,0,0,0,0,0,,0
00-0022093,Justin Fargas,RB,2008,7,REG,2008_07_NYJ_OAK,LV,NYJ,0,0,0,0,0,0,0,28,74,0,3,0,2,0,7,0,0,0,0,0,,0,0,0,0,0,0,0,0,0,0,0,,0
00-0022127,Jason Witten,TE,2008,7,REG,2008_07_DAL_STL,DAL,LA,0,0,0,0,0,0,0,0,0,0,0,0,6,0,44,0,2,0,0,0,,0,0,0,0,0,0,0,0,0,0,0,,0
00-0022144,Bobby Wade,WR,2008,7,REG,2008_07_MIN_CHI,MIN,CHI,0,0,0,0,0,0,0,0,0,0,0,0,5,0,60,0,3,0,0,0,,0,0,0,0,0,0,0,0,0,0,0,,0
00-0022165,Dallas Clark,TE,2008,7,REG,2008_07_IND_GB,IND,GB,0,0,0,0,0,0,0,0,0,0,0,0,8,0,81,0,3,0,0,0,,0,0,0,0,0,0,0,0,0,0,0,,0
00-0022177,Byron Leftwich,QB,2008,7,REG,2008_07_PIT_CIN,PIT,CIN,3,3,34,1,0,0,0,0,0,0,0,0,0,0,0,0,0,0,0,0,,0,0,0,0,0,0,0,0,0,0,0,,0
00-0022178,Willis McGahee,RB,2008,7,REG,2008_07_BAL_MIA,BAL,MIA,0,0,0,0,0,0,0,19,105,1,7,0,2,0,47,0,0,1,0,0,,0,0,0,0,0,0,0,0,0,0,0,,0
00-0022217,Mewelde Moore,RB,2008,7,REG,2008_07_PIT_CIN,PIT,CIN,0,0,0,0,0,0,0,20,120,2,8,0,5,0,14,1,1,0,0,0,,0,0,0,0,0,0,0,0,0,0,0,,0
00-0022288,Jason Wright,RB,2008,7,REG,2008_07_CLE_WAS,CLE,WAS,0,0,0,0,0,0,0,1,2,0,0,0,0,0,0,0,0,0,0,0,,0,0,0,0,0,0,0,0,0,0,0,,0
00-0022414,Malcom Floyd,WR,2008,7,REG,2008_07_SD_BUF,LAC,BUF,0,0,0,0,0,0,0,0,0,0,0,0,4,0,65,1,3,0,0,0,,0,0,0,0,0,0,0,0,0,0,0,,0
00-0022421,Ruvell Martin,WR,2008,7,REG,2008_07_IND_GB,GB,IND,0,0,0,0,0,0,0,0,0,0,0,0,1,0,17,0,1,0,0,0,,0,0,0,0,0,0,0,0,0,0,0,,0
00-0022427,Wes Welker,WR,2008,7,REG,2008_07_DEN_NE,NE,DEN,0,0,0,0,0,0,0,0,0,0,0,0,6,0,63,1,3,0,0,0,,0,0,0,0,0,0,0,0,0,0,0,,0
00-0022589,Kyle Larson,P,2008,7,REG,2008_07_PIT_CIN,CIN,PIT,0,0,0,0,0,0,0,0,0,0,0,0,0,0,0,0,0,0,0,0,,0,0,0,0,0,0,0,0,8,303,282,50,2
00-0022684,Donnie Jones,P,2008,7,REG,2008_07_DAL_STL,LA,DAL,0,0,0,0,0,0,0,0,0,0,0,0,0,0,0,0,0,0,0,0,,0,0,0,0,0,0,0,0,3,152,111,58,0
00-0022706,Michael Gaines,TE,2008,7,REG,2008_07_DET_HOU,DET,HOU,0,0,0,0,0,0,0,0,0,0,0,0,2,0,11,0,1,0,0,0,,0,0,0,0,0,0,0,0,0,0,0,,0
00-0022725,Michael Clayton,WR,2008,7,REG,2008_07_SEA_TB,TB,SEA,0,0,0,0,0,0,0,0,0,0,0,0,3,0,30,0,2,0,0,0,,0,0,0,0,0,0,0,0,0,0,0,,0
00-0022726,Keary Colbert,WR,2008,7,REG,2008_07_SEA_TB,SEA,TB,0,0,0,0,0,0,0,0,0,0,0,0,2,0,18,0,2,0,0,0,,0,0,0,0,0,0,0,0,0,0,0,,0
00-0022736,Steven Jackson,RB,2008,7,REG,2008_07_DAL_STL,LA,DAL,0,0,0,0,0,0,0,25,160,3,8,0,2,0,16,0,1,0,0,0,,0,0,0,0,0,0,0,0,0,0,0,,0
00-0022737,Nate Kaeding,K,2008,7,REG,2008_07_SD_BUF,LAC,BUF,0,0,0,0,0,0,0,0,0,0,0,0,0,0,0,0,0,0,0,0,,0,0,0,0,0,0,2,2,0,0,0,,0
00-0022738,Chris Cooley,TE,2008,7,REG,2008_07_CLE_WAS,WAS,CLE,0,0,0,0,0,0,0,0,0,0,0,0,4,0,32,0,1,0,0,0,,0,0,0,0,0,0,0,0,0,0,0,,0
00-0022739,Devard Darling,WR,2008,7,REG,2008_07_TEN_KC,KC,TEN,0,0,0,0,0,0,0,0,0,0,0,0,1,0,11,0,0,0,0,0,,0,0,0,0,0,0,0,0,0,0,0,,0
00-0022766,Patrick Crayton,WR,2008,7,REG,2008_07_DAL_STL,DAL,LA,0,0,0,0,0,0,0,1,11,0,1,0,3,0,30,0,1,0,0,0,,0,0,0,0,0,0,0,0,0,0,0,,0
00-0022770,Derrick Ward,RB,2008,7,REG,2008_07_SF_NYG,NYG,SF,0,0,0,0,0,0,0,4,19,0,1,0,3,0,50,0,1,0,0,0,,0,0,0,0,0,0,0,0,0,0,0,,0
00-0022787,Matt Schaub,QB,2008,7,REG,2008_07_DET_HOU,HOU,DET,26,31,267,2,0,3,-13,2,1,0,1,0,0,0,0,0,0,0,0,0,,0,0,0,0,0,0,0,0,0,0,0,,0
00-0022796,Mike Karney,FB,2008,7,REG,2008_07_NO_CAR,NO,CAR,0,0,0,0,0,0,0,1,1,1,1,0,1,0,2,0,0,0,0,0,,0,0,0,0,0,0,0,0,0,0,0,,0
00-0022803,Eli Manning,QB,2008,7,REG,2008_07_SF_NYG,NYG,SF,16,31,161,1,0,0,0,3,-4,0,0,0,0,0,0,0,0,0,0,0,,0,0,0,0,0,0,0,0,0,0,0,,0
00-0022807,Bernard Berrian,WR,2008,7,REG,2008_07_MIN_CHI,MIN,CHI,0,0,0,0,0,0,0,0,0,0,0,0,6,0,81,1,5,0,0,0,,0,0,0,0,0,0,0,0,0,0,0,,0
00-0022811,Jerricho Cotchery,WR,2008,7,REG,2008_07_NYJ_OAK,NYJ,LV,0,0,0,0,0,0,0,0,0,0,0,0,1,0,0,0,0,0,0,0,,0,0,0,0,0,0,0,0,0,0,0,,0
00-0022824,Andy Lee,P,2008,7,REG,2008_07_SF_NYG,SF,NYG,0,0,0,0,0,0,0,0,0,0,0,0,0,0,0,0,0,0,0,0,,0,0,0,0,0,0,0,0,5,218,190,59,0
00-0022840,Julius Jones,RB,2008,7,REG,2008_07_SEA_TB,SEA,TB,0,0,0,0,0,0,0,7,42,0,1,0,1,0,-5,0,0,0,0,0,,0,0,0,0,0,0,0,0,0,0,0,,0
00-0022910,Lee Evans,WR,2008,7,REG,2008_07_SD_BUF,BUF,LAC,0,0,0,0,0,0,0,0,0,0,0,0,8,0,89,1,7,0,0,0,,0,0,0,0,0,0,0,0,0,0,0,,0
00-0022922,Kellen Winslow,TE,2008,7,REG,2008_07_CLE_WAS,CLE,WAS,0,0,0,0,0,0,0,0,0,0,0,0,2,0,17,0,0,0,0,0,,0,0,0,0,0,0,0,0,0,0,0,,0
00-0022924,Ben Roethlisberger,QB,2008,7,REG,2008_07_PIT_CIN,PIT,CIN,17,28,216,2,0,0,0,2,-1,0,0,0,0,0,0,0,0,0,0,0,,0,0,0,0,0,0,0,0,0,0,0,,0
00-0022929,Devery Henderson,WR,2008,7,REG,2008_07_NO_CAR,NO,CAR,0,0,0,0,0,0,0,0,0,0,0,0,3,0,80,0,2,0,0,0,,0,0,0,0,0,0,0,0,0,0,0,,0
00-0022942,Philip Rivers,QB,2008,7,REG,2008_07_SD_BUF,LAC,BUF,22,29,208,2,1,2,-17,1,-1,0,0,0,0,0,0,0,0,0,0,0,,0,0,0,0,0,0,0,0,0,0,0,,0
00-0022943,Benjamin Watson,TE,2008,7,REG,2008_07_DEN_NE,NE,DEN,0,0,0,0,0,0,0,0,0,0,0,0,3,0,40,0,1,0,0,0,,0,0,0,0,0,0,0,0,0,0,0,,0
00-0022984,Ryan Grant,RB,2008,7,REG,2008_07_IND_GB,GB,IND,0,0,0,0,0,0,0,31,105,1,5,0,2,0,12,0,0,0,0,0,,0,0,0,0,0,0,0,0,0,0,0,,0
00-0022999,John Kuhn,FB,2008,7,REG,2008_07_IND_GB,GB,IND,0,0,0,0,0,0,0,1,3,0,1,0,0,0,0,0,0,0,0,0,,0,0,0,0,0,0,0,0,0,0,0,,0
00-0023001,Shaun Suisham,K,2008,7,REG,2008_07_CLE_WAS,WAS,CLE,0,0,0,0,0,0,0,0,0,0,0,0,0,0,0,0,0,0,0,1,,0,0,0,0,0,0,2,2,0,0,0,,0
00-0023063,Leonard Weaver,FB,2008,7,REG,2008_07_SEA_TB,SEA,TB,0,0,0,0,0,0,0,0,0,0,0,0,1,0,6,0,0,0,0,0,,0,0,0,0,0,0,0,0,0,0,0,,0
00-0023096,Nick Novak,K,2008,7,REG,2008_07_TEN_KC,KC,TEN,0,0,0,0,0,0,0,0,0,0,0,0,0,0,0,0,0,0,1,3,26,0,1,0,0,0,0,1,1,0,0,0,,0
00-0023176,Josh Cribbs,WR,2008,7,REG,2008_07_CLE_WAS,CLE,WAS,0,0,0,0,0,0,0,1,2,0,1,0,1,0,1,1,1,0,0,0,,0,0,0,0,0,0,0,0,0,0,0,,0
00-0023252,Robbie Gould,K,2008,7,REG,2008_07_MIN_CHI,CHI,MIN,0,0,0,0,0,0,0,0,0,0,0,0,0,0,0,0,0,0,2,3,48,0,1,0,1,0,0,6,6,0,0,0,,0
00-0023310,Lance Moore,WR,2008,7,REG,2008_07_NO_CAR,NO,CAR,0,0,0,0,0,0,0,0,0,0,0,0,3,0,10,0,0,0,0,0,,0,0,0,0,0,0,0,0,0,0,0,,0
00-0023367,Nate Washington,WR,2008,7,REG,2008_07_PIT_CIN,PIT,CIN,0,0,0,0,0,0,0,1,6,0,1,0,2,0,57,1,1,0,0,0,,0,0,0,0,0,0,0,0,0,0,0,,0
00-0023408,Greg Camarillo,WR,2008,7,REG,2008_07_BAL_MIA,MIA,BAL,0,0,0,0,0,0,0,0,0,0,0,0,6,0,74,0,4,0,0,0,,0,0,0,0,0,0,0,0,0,0,0,,0
00-0023429,Rashied Davis,WR,2008,7,REG,2008_07_MIN_CHI,CHI,MIN,0,0,0,0,0,0,0,1,-1,0,0,0,3,0,24,0,1,0,0,0,,0,0,0,0,0,0,0,0,0,0,0,,0
00-0023437,Ronnie Brown,RB,2008,7,REG,2008_07_BAL_MIA,MIA,BAL,0,0,0,0,0,0,0,13,27,0,2,0,1,0,1,0,0,0,0,0,,0,0,0,0,0,0,0,0,0,0,0,,0
00-0023438,Braylon Edwards,WR,2008,7,REG,2008_07_CLE_WAS,CLE,WAS,0,0,0,0,0,0,0,0,0,0,0,0,4,0,58,0,3,0,0,0,,0,0,0,0,0,0,0,0,0,0,0,,0
00-0023439,Cedric Benson,RB,2008,7,REG,2008_07_PIT_CIN,CIN,PIT,0,0,0,0,0,0,0,14,52,0,2,0,1,0,10,0,1,0,0,0,,0,0,0,0,0,0,0,0,0,0,0,,0
00-0023457,Mark Clayton,WR,2008,7,REG,2008_07_BAL_MIA,BAL,MIA,0,0,0,0,0,0,0,0,0,0,0,0,1,0,13,0,1,0,0,0,,0,0,0,0,0,0,0,0,0,0,0,,0
00-0023459,Aaron Rodgers,QB,2008,7,REG,2008_07_IND_GB,GB,IND,21,28,186,1,0,0,0,3,8,0,1,0,0,0,0,0,0,0,0,0,,0,0,0,0,0,0,0,0,0,0,0,,0
00-0023460,Jason Campbell,QB,2008,7,REG,2008_07_CLE_WAS,WAS,CLE,14,23,164,1,0,1,-6,2,1,0,0,0,0,0,0,0,0,0,0,0,,0,0,0,0,0,0,0,0,0,0,0,,0
00-0023465,Heath Miller,TE,2008,7,REG,2008_07_PIT_CIN,PIT,CIN,0,0,0,0,0,0,0,0,0,0,0,0,2,0,13,0,0,0,0,0,,0,0,0,0,0,0,0,0,0,0,0,,0
00-0023474,Mark Bradley,WR,2008,7,REG,2008_07_TEN_KC,KC,TEN,0,0,0,0,0,0,0,0,0,0,0,0,1,0,8,0,0,0,0,0,,0,0,0,0,0,0,0,0,0,0,0,,0
00-0023490,Roscoe Parrish,WR,2008,7,REG,2008_07_SD_BUF,BUF,LAC,0,0,0,0,0,0,0,0,0,0,0,0,2,0,19,0,1,0,0,0,,0,0,0,0,0,0,0,0,0,0,0,,0
00-0023496,Vincent Jackson,WR,2008,7,REG,2008_07_SD_BUF,LAC,BUF,0,0,0,0,0,0,0,1,31,0,1,0,4,0,42,1,3,0,0,0,,0,0,0,0,0,0,0,0,0,0,0,,0
00-0023500,Frank Gore,RB,2008,7,REG,2008_07_SF_NYG,SF,NYG,0,0,0,0,0,0,0,11,11,0,0,0,3,0,50,0,3,0,0,0,,0,0,0,0,0,0,0,0,0,0,0,,0
00-0023506,Alex Smith,TE,2008,7,REG,2008_07_SEA_TB,TB,SEA,0,0,0,0,0,0,0,0,0,0,0,0,2,0,25,0,1,0,0,0,,0,0,0,0,0,0,0,0,0,0,0,,0
00-0023518,Chris Henry,WR,2008,7,REG,2008_07_PIT_CIN,CIN,PIT,0,0,0,0,0,0,0,0,0,0,0,0,3,0,44,0,2,0,0,0,,0,0,0,0,0,0,0,0,0,0,0,,0
00-0023534,Dustin Colquitt,P,2008,7,REG,2008_07_TEN_KC,KC,TEN,0,0,0,0,0,0,0,0,0,0,0,0,0,0,0,0,0,0,0,0,,0,0,0,0,0,0,0,0,7,333,291,66,1
00-0023541,Kyle Orton,QB,2008,7,REG,2008_07_MIN_CHI,CHI,MIN,21,32,283,2,0,2,-9,1,-2,0,0,0,0,0,0,0,0,0,0,0,,0,0,0,0,0,0,0,0,0,0,0,,0
00-0023544,Marion Barber,RB,2008,7,REG,2008_07_DAL_STL,DAL,LA,0,0,0,0,0,0,0,18,100,1,5,0,1,0,13,0,0,1,0,0,,0,0,0,0,0,0,0,0,0,0,0,,0
00-0023545,Brandon Jacobs,RB,2008,7,REG,2008_07_SF_NYG,NYG,SF,0,0,0,0,0,0,0,17,69,2,3,0,1,0,6,0,0,0,0,0,,0,0,0,0,0,0,0,0,0,0,0,,0
00-0023564,Darren Sproles,RB,2008,7,REG,2008_07_SD_BUF,LAC,BUF,0,0,0,0,0,0,0,1,1,0,0,0,1,0,5,0,0,0,0,0,,0,0,0,0,0,0,0,0,0,0,0,,0
00-0023578,Dan Orlovsky,QB,2008,7,REG,2008_07_DET_HOU,DET,HOU,12,25,265,1,0,2,-16,2,10,0,1,0,0,0,0,0,0,0,0,0,,0,0,0,0,0,0,0,0,0,0,0,,0
00-0023612,Bo Scaife,TE,2008,7,REG,2008_07_TEN_KC,TEN,KC,0,0,0,0,0,0,0,0,0,0,0,0,3,0,48,0,2,0,0,0,,0,0,0,0,0,0,0,0,0,0,0,,0
00-0023630,Joel Dreessen,TE,2008,7,REG,2008_07_DET_HOU,HOU,DET,0,0,0,0,0,0,0,0,0,0,0,0,1,0,6,0,0,0,0,0,,0,0,0,0,0,0,0,0,0,0,0,,0
00-0023635,Dave Rayner,K,2008,7,REG,2008_07_PIT_CIN,CIN,PIT,0,0,0,0,0,0,0,0,0,0,0,0,0,0,0,0,0,0,1,1,26,0,1,0,0,0,0,1,1,0,0,0,,0
00-0023642,Reggie Hodges,P,2008,7,REG,2008_07_NYJ_OAK,NYJ,LV,0,0,0,0,0,0,0,0,0,0,0,0,0,0,0,0,0,0,0,0,,0,0,0,0,0,0,0,0,7,278,245,50,3
00-0023645,Derek Anderson,QB,2008,7,REG,2008_07_CLE_WAS,CLE,WAS,14,37,136,1,0,1,-2,3,4,0,2,0,0,0,0,0,0,0,0,0,,0,0,0,0,0,0,0,0,0,0,0,,0
00-0023662,Matt Cassel,QB,2008,7,REG,2008_07_DEN_NE,NE,DEN,18,24,185,3,0,6,-38,4,1,0,1,0,0,0,0,0,0,0,0,0,,0,0,0,0,0,0,0,0,0,0,0,,0
00-0023682,Ryan Fitzpatrick,QB,2008,7,REG,2008_07_PIT_CIN,CIN,PIT,21,35,164,1,0,7,-47,4,15,0,2,0,0,0,0,0,0,0,0,0,,0,0,0,0,0,0,0,0,0,0,0,,0
00-0023742,Jon Ryan,P,2008,7,REG,2008_07_SEA_TB,SEA,TB,0,0,0,0,0,0,0,0,0,0,0,0,0,0,0,0,0,0,0,0,,0,0,0,0,0,0,0,0,5,237,214,59,0
00-0023764,Andre Hall,RB,2008,7,REG,2008_07_DEN_NE,DEN,NE,0,0,0,0,0,0,0,2,-7,0,0,2,0,0,0,0,0,0,0,0,,0,0,0,0,0,0,0,0,0,0,0,,0
00-0023790,Brian Clark,WR,2008,7,REG,2008_07_SEA_TB,TB,SEA,0,0,0,0,0,0,0,0,0,0,0,0,1,0,12,0,1,0,0,0,,0,0,0,0,0,0,0,0,0,0,0,,0
00-0023853,Matt Prater,K,2008,7,REG,2008_07_DEN_NE,DEN,NE,0,0,0,0,0,0,0,0,0,0,0,0,0,0,0,0,0,0,0,0,,0,0,0,0,0,0,1,1,0,0,0,,0
00-0023921,Miles Austin,WR,2008,7,REG,2008_07_DAL_STL,DAL,LA,0,0,0,0,0,0,0,0,0,0,0,0,2,0,43,0,1,0,0,0,,0,0,0,0,0,0,0,0,0,0,0,,0
00-0024110,Steve Weatherford,P,2008,7,REG,2008_07_NO_CAR,NO,CAR,0,0,0,0,0,0,0,0,0,0,0,0,0,0,0,0,0,0,0,0,,0,0,0,0,0,0,0,0,5,177,151,39,2
00-0024172,Patrick Cobbs,RB,2008,7,REG,2008_07_BAL_MIA,MIA,BAL,0,0,0,0,0,0,0,1,3,0,0,0,5,0,64,0,4,0,0,0,,0,0,0,0,0,0,0,0,0,0,0,,0
00-0024204,Fred Jackson,RB,2008,7,REG,2008_07_SD_BUF,BUF,LAC,0,0,0,0,0,0,0,9,33,0,3,0,3,0,28,0,2,0,0,0,,0,0,0,0,0,0,0,0,0,0,0,,0
00-0024217,Reggie Bush,RB,2008,7,REG,2008_07_NO_CAR,NO,CAR,0,0,0,0,0,0,0,9,55,0,4,0,1,0,5,0,0,0,0,0,,0,0,0,0,0,0,0,0,0,0,0,,0
00-0024221,Vernon Davis,TE,2008,7,REG,2008_07_SF_NYG,SF,NYG,0,0,0,0,0,0,0,0,0,0,0,0,1,0,5,0,0,0,0,0,,0,0,0,0,0,0,0,0,0,0,0,,0
00-0024226,Jay Cutler,QB,2008,7,REG,2008_07_DEN_NE,DEN,NE,17,26,168,1,2,2,-13,3,18,0,0,0,0,0,0,0,0,0,0,0,,0,0,0,0,0,0,0,0,0,0,0,,0
00-0024240,Santonio Holmes,WR,2008,7,REG,2008_07_PIT_CIN,PIT,CIN,0,0,0,0,0,0,0,0,0,0,0,0,5,0,89,0,4,0,0,0,,0,0,0,0,0,0,0,0,0,0,0,,0
00-0024242,DeAngelo Williams,RB,2008,7,REG,2008_07_NO_CAR,CAR,NO,0,0,0,0,0,0,0,18,66,0,3,0,1,0,4,1,1,0,0,0,,0,0,0,0,0,0,0,0,0,0,0,,0
00-0024260,LenDale White,RB,2008,7,REG,2008_07_TEN_KC,TEN,KC,0,0,0,0,0,0,0,17,149,3,7,0,1,0,7,0,0,0,0,0,,0,0,0,0,0,0,0,0,0,0,0,,0
00-0024267,Greg Jennings,WR,2008,7,REG,2008_07_IND_GB,GB,IND,0,0,0,0,0,0,0,0,0,0,0,0,3,0,32,0,3,0,0,0,,0,0,0,0,0,0,0,0,0,0,0,,0
00-0024268,Anthony Fasano,TE,2008,7,REG,2008_07_BAL_MIA,MIA,BAL,0,0,0,0,0,0,0,0,0,0,0,0,2,0,25,0,1,0,0,0,,0,0,0,0,0,0,0,0,0,0,0,,0
00-0024272,Devin Hester,WR,2008,7,REG,2008_07_MIN_CHI,CHI,MIN,0,0,0,0,0,0,0,0,0,0,0,0,2,0,22,0,1,0,0,0,,0,0,0,0,0,0,0,0,0,0,0,,0
00-0024292,Jon Alston,LB,2008,7,REG,2008_07_NYJ_OAK,LV,NYJ,0,0,0,0,0,0,0,1,22,0,1,0,0,0,0,0,0,0,0,0,,0,0,0,0,0,0,0,0,0,0,0,,0
00-0024300,Brodie Croyle,QB,2008,7,REG,2008_07_TEN_KC,KC,TEN,9,10,63,0,0,0,0,0,0,0,0,0,0,0,0,0,0,0,0,0,,0,0,0,0,0,0,0,0,0,0,0,,0
00-0024313,Owen Daniels,TE,2008,7,REG,2008_07_DET_HOU,HOU,DET,0,0,0,0,0,0,0,0,0,0,0,0,6,0,66,2,5,0,0,0,,0,0,0,0,0,0,0,0,0,0,0,,0
00-0024315,Michael Robinson,FB,2008,7,REG,2008_07_SF_NYG,SF,NYG,0,0,0,0,0,0,0,0,0,0,0,0,2,0,26,0,0,0,0,0,,0,0,0,0,0,0,0,0,0,0,0,,0
00-0024318,Brad Smith,WR,2008,7,REG,2008_07_NYJ_OAK,NYJ,LV,0,0,0,0,0,0,0,4,59,0,4,0,4,0,29,0,1,0,0,0,,0,0,0,0,0,0,0,0,0,0,0,,0
00-0024332,Leon Washington,RB,2008,7,REG,2008_07_NYJ_OAK,NYJ,LV,0,0,0,0,0,0,0,3,19,1,1,0,3,0,21,0,0,0,0,0,,0,0,0,0,0,0,0,0,0,0,0,,0
00-0024333,Stephen Gostkowski,K,2008,7,REG,2008_07_DEN_NE,NE,DEN,0,0,0,0,0,0,0,0,0,0,0,0,0,0,0,0,0,0,2,2,40,0,0,1,1,0,0,5,5,0,0,0,,0
00-0024334,Brandon Marshall,WR,2008,7,REG,2008_07_DEN_NE,DEN,NE,0,0,0,0,0,0,0,1,7,0,0,0,6,0,77,0,4,0,0,0,,0,0,0,0,0,0,0,0,0,0,0,,0
00-0024345,Domenik Hixon,WR,2008,7,REG,2008_07_SF_NYG,NYG,SF,0,0,0,0,0,0,0,0,0,0,0,0,1,0,6,0,0,0,0,0,,0,0,0,0,0,0,0,0,0,0,0,,0
00-0024359,Jerome Harrison,RB,2008,7,REG,2008_07_CLE_WAS,CLE,WAS,0,0,0,0,0,0,0,3,12,0,0,0,0,0,0,0,0,0,0,0,,0,0,0,0,0,0,0,0,0,0,0,,0
00-0024369,Jeff King,TE,2008,7,REG,2008_07_NO_CAR,CAR,NO,0,0,0,0,0,0,0,0,0,0,0,0,1,0,6,0,0,0,0,0,,0,0,0,0,0,0,0,0,0,0,0,,0
00-0024389,Delanie Walker,TE,2008,7,REG,2008_07_SF_NYG,SF,NYG,0,0,0,0,0,0,0,1,-3,0,0,0,0,0,0,0,0,0,0,0,,0,0,0,0,0,0,0,0,0,0,0,,0
00-0024394,Lawrence Vickers,FB,2008,7,REG,2008_07_CLE_WAS,CLE,WAS,0,0,0,0,0,0,0,1,2,0,1,0,1,0,6,0,0,0,0,0,,0,0,0,0,0,0,0,0,0,0,0,,0
00-0024417,Sam Koch,P,2008,7,REG,2008_07_BAL_MIA,BAL,MIA,0,0,0,0,0,0,0,0,0,0,0,0,0,0,0,0,0,0,0,0,,0,0,0,0,0,0,0,0,3,177,167,67,3
00-0024453,Ryan Plackemeier,P,2008,7,REG,2008_07_CLE_WAS,WAS,CLE,0,0,0,0,0,0,0,0,0,0,0,0,0,0,0,0,0,0,0,0,,0,0,0,0,0,0,0,0,8,298,230,48,2
00-0024460,Quinton Ganther,RB,2008,7,REG,2008_07_TEN_KC,TEN,KC,0,0,0,0,0,0,0,2,11,0,1,0,0,0,0,0,0,0,0,0,,0,0,0,0,0,0,0,0,0,0,0,,0
00-0024489,Ahmard Hall,FB,2008,7,REG,2008_07_TEN_KC,TEN,KC,0,0,0,0,0,0,0,1,6,0,0,0,1,0,15,0,1,0,0,0,,0,0,0,0,0,0,0,0,0,0,0,,0
00-0024763,Charles Ali,RB,2008,7,REG,2008_07_CLE_WAS,CLE,WAS,0,0,0,0,0,0,0,0,0,0,0,0,1,0,-2,0,0,0,0,0,,0,0,0,0,0,0,0,0,0,0,0,,0
00-0024813,Pierre Thomas,RB,2008,7,REG,2008_07_NO_CAR,NO,CAR,0,0,0,0,0,0,0,1,2,0,1,0,0,0,0,0,0,0,0,0,,0,0,0,0,0,0,0,0,0,0,0,,0
00-0024846,Gary Russell,RB,2008,7,REG,2008_07_PIT_CIN,PIT,CIN,0,0,0,0,0,0,0,4,0,0,0,0,0,0,0,0,0,0,0,0,,0,0,0,0,0,0,0,0,0,0,0,,0
00-0025388,JaMarcus Russell,QB,2008,7,REG,2008_07_NYJ_OAK,LV,NYJ,17,30,203,1,0,2,-12,0,0,0,0,0,0,0,0,0,0,0,0,0,,0,0,0,0,0,0,0,0,0,0,0,,0
00-0025389,Calvin Johnson,WR,2008,7,REG,2008_07_DET_HOU,DET,HOU,0,0,0,0,0,0,0,1,-2,0,0,0,2,0,154,1,2,0,0,0,,0,0,0,0,0,0,0,0,0,0,0,,0
00-0025394,Adrian Peterson,RB,2008,7,REG,2008_07_MIN_CHI,MIN,CHI,0,0,0,0,0,0,0,22,121,2,7,0,1,0,9,0,0,0,0,0,,0,0,0,0,0,0,0,0,0,0,0,,0
00-0025396,Ted Ginn,WR,2008,7,REG,2008_07_BAL_MIA,MIA,BAL,0,0,0,0,0,0,0,0,0,0,0,0,4,0,48,0,2,0,0,0,,0,0,0,0,0,0,0,0,0,0,0,,0
00-0025399,Marshawn Lynch,RB,2008,7,REG,2008_07_SD_BUF,BUF,LAC,0,0,0,0,0,0,0,19,70,1,3,0,4,0,22,0,0,0,0,0,,0,0,0,0,0,0,0,0,0,0,0,,0
00-0025410,Dwayne Bowe,WR,2008,7,REG,2008_07_TEN_KC,KC,TEN,0,0,0,0,0,0,0,0,0,0,0,0,7,0,86,0,3,0,0,0,,0,0,0,0,0,0,0,0,0,0,0,,0
00-0025414,Robert Meachem,WR,2008,7,REG,2008_07_NO_CAR,NO,CAR,0,0,0,0,0,0,0,0,0,0,0,0,1,0,9,0,1,0,0,0,,0,0,0,0,0,0,0,0,0,0,0,,0
00-0025418,Greg Olsen,TE,2008,7,REG,2008_07_MIN_CHI,CHI,MIN,0,0,0,0,0,0,0,0,0,0,0,0,6,0,74,1,4,0,0,0,,0,0,0,0,0,0,0,0,0,0,0,,0
00-0025419,Anthony Gonzalez,WR,2008,7,REG,2008_07_IND_GB,IND,GB,0,0,0,0,0,0,0,0,0,0,0,0,5,0,72,0,3,0,0,0,,0,0,0,0,0,0,0,0,0,0,0,,0
00-0025425,Zach Miller,TE,2008,7,REG,2008_07_NYJ_OAK,LV,NYJ,0,0,0,0,0,0,0,0,0,0,0,0,4,0,57,0,3,0,0,0,,0,0,0,0,0,0,0,0,0,0,0,,0
00-0025432,Dwayne Jarrett,WR,2008,7,REG,2008_07_NO_CAR,CAR,NO,0,0,0,0,0,0,0,0,0,0,0,0,1,0,13,0,1,0,0,0,,0,0,0,0,0,0,0,0,0,0,0,,0
00-0025438,Steve Smith,WR,2008,7,REG,2008_07_SF_NYG,NYG,SF,0,0,0,0,0,0,0,0,0,0,0,0,4,0,39,0,2,0,0,0,,0,0,0,0,0,0,0,0,0,0,0,,0
00-0025450,Brandon Jackson,RB,2008,7,REG,2008_07_IND_GB,GB,IND,0,0,0,0,0,0,0,0,0,0,0,0,6,0,37,0,3,0,0,0,,0,0,0,0,0,0,0,0,0,0,0,,0
00-0025464,Matt Spaeth,TE,2008,7,REG,2008_07_PIT_CIN,PIT,CIN,0,0,0,0,0,0,0,0,0,0,0,0,1,0,6,0,0,0,0,0,,0,0,0,0,0,0,0,0,0,0,0,,0
00-0025479,Trent Edwards,QB,2008,7,REG,2008_07_SD_BUF,BUF,LAC,25,30,261,1,0,0,0,4,6,0,1,0,0,0,0,0,0,0,0,0,,0,0,0,0,0,0,0,0,0,0,0,,0
00-0025486,Johnnie Lee Higgins,WR,2008,7,REG,2008_07_NYJ_OAK,LV,NYJ,0,0,0,0,0,0,0,1,18,0,1,0,0,0,0,0,0,0,0,0,,0,0,0,0,0,0,0,0,0,0,0,,0
00-0025524,Le'Ron McClain,FB,2008,7,REG,2008_07_BAL_MIA,BAL,MIA,0,0,0,0,0,0,0,6,17,0,1,0,3,0,10,0,1,0,0,0,,0,0,0,0,0,0,0,0,0,0,0,,0
00-0025533,Aundrae Allison,WR,2008,7,REG,2008_07_MIN_CHI,MIN,CHI,0,0,0,0,0,0,0,0,0,0,0,0,3,0,32,0,2,0,0,0,,0,0,0,0,0,0,0,0,0,0,0,,0
00-0025535,Kolby Smith,RB,2008,7,REG,2008_07_TEN_KC,KC,TEN,0,0,0,0,0,0,0,10,20,0,1,0,2,0,5,0,0,0,0,0,,0,0,0,0,0,0,0,0,0,0,0,,0
00-0025559,Legedu Naanee,WR,2008,7,REG,2008_07_SD_BUF,LAC,BUF,0,0,0,0,0,0,0,0,0,0,0,0,2,0,7,0,0,0,0,0,,0,0,0,0,0,0,0,0,0,0,0,,0
00-0025565,Nick Folk,K,2008,7,REG,2008_07_DAL_STL,DAL,LA,0,0,0,0,0,0,0,0,0,0,0,0,0,0,0,0,0,0,0,1,,0,0,0,0,0,0,2,2,0,0,0,,0
00-0025578,Korey Hall,RB,2008,7,REG,2008_07_IND_GB,GB,IND,0,0,0,0,0,0,0,0,0,0,0,0,1,0,11,0,1,0,0,0,,0,0,0,0,0,0,0,0,0,0,0,,0
00-0025580,Mason Crosby,K,2008,7,REG,2008_07_IND_GB,GB,IND,0,0,0,0,0,0,0,0,0,0,0,0,0,0,0,0,0,0,2,3,31,0,1,1,0,0,0,4,4,0,0,0,,0
00-0025582,Deon Anderson,FB,2008,7,REG,2008_07_DAL_STL,DAL,LA,0,0,0,0,0,0,0,0,0,0,0,0,1,0,6,0,0,0,0,0,,0,0,0,0,0,0,0,0,0,0,0,,0
00-0025592,Jordan Palmer,QB,2008,7,REG,2008_07_PIT_CIN,CIN,PIT,3,4,11,0,0,0,0,0,0,0,0,0,0,0,0,0,0,0,0,0,,0,0,0,0,0,0,0,0,0,0,0,,0
00-0025604,Tyler Thigpen,QB,2008,7,REG,2008_07_TEN_KC,KC,TEN,5,11,76,0,0,1,-6,3,21,1,2,0,0,0,0,0,0,0,0,0,,0,0,0,0,0,0,0,0,0,0,0,,0
00-0025609,Derek Schouman,TE,2008,7,REG,2008_07_SD_BUF,BUF,LAC,0,0,0,0,0,0,0,0,0,0,0,0,1,0,18,0,1,0,0,0,,0,0,0,0,0,0,0,0,0,0,0,,0
00-0025612,Brandon Fields,P,2008,7,REG,2008_07_BAL_MIA,MIA,BAL,0,0,0,0,0,0,0,0,0,0,0,0,0,0,0,0,0,0,0,0,,0,0,0,0,0,0,0,0,3,163,131,55,0
00-0025622,Chansi Stuckey,WR,2008,7,REG,2008_07_NYJ_OAK,NYJ,LV,0,0,0,0,0,0,0,0,0,0,0,0,2,0,48,0,2,0,0,0,,0,0,0,0,0,0,0,0,0,0,0,,0
00-0025637,Ahmad Bradshaw,RB,2008,7,REG,2008_07_SF_NYG,NYG,SF,0,0,0,0,0,0,0,8,28,0,2,0,1,0,5,0,0,0,0,0,,0,0,0,0,0,0,0,0,0,0,0,,0
00-0025728,Sam Paulescu,P,2008,7,REG,2008_07_DAL_STL,DAL,LA,0,0,0,0,0,0,0,0,0,0,0,0,0,0,0,0,0,0,0,0,,0,0,0,0,0,0,0,0,5,210,160,54,1
00-0025825,Brett Kern,P,2008,7,REG,2008_07_DEN_NE,DEN,NE,0,0,0,0,0,0,0,0,0,0,0,0,0,0,0,0,0,0,0,0,,0,0,0,0,0,0,0,0,5,243,160,62,1
00-0025860,BenJarvus Green-Ellis,RB,2008,7,REG,2008_07_DEN_NE,NE,DEN,0,0,0,0,0,0,0,13,65,1,5,0,0,0,0,0,0,0,0,0,,0,0,0,0,0,0,0,0,0,0,0,,0
00-0025997,Chad Simpson,RB,2008,7,REG,2008_07_IND_GB,IND,GB,0,0,0,0,0,0,0,2,1,0,1,0,0,0,0,0,0,0,0,0,,0,0,0,0,0,0,0,0,0,0,0,,0
00-0026000,Davone Bess,WR,2008,7,REG,2008_07_BAL_MIA,MIA,BAL,0,0,0,0,0,0,0,0,0,0,0,0,2,0,12,1,1,0,0,0,,0,0,0,0,0,0,0,0,0,0,0,,0
00-0026003,Dan Carpenter,K,2008,7,REG,2008_07_BAL_MIA,MIA,BAL,0,0,0,0,0,0,0,0,0,0,0,0,0,0,0,0,0,0,2,2,26,0,2,0,0,0,0,1,1,0,0,0,,0
00-0026033,Mike Cox,FB,2008,7,REG,2008_07_TEN_KC,KC,TEN,0,0,0,0,0,0,0,0,0,0,0,0,2,0,2,0,0,0,0,0,,0,0,0,0,0,0,0,0,0,0,0,,0
00-0026144,Darren McFadden,RB,2008,7,REG,2008_07_NYJ_OAK,LV,NYJ,0,0,0,0,0,0,0,8,39,0,2,0,3,0,50,0,2,0,0,0,,0,0,0,0,0,0,0,0,0,0,0,,0
00-0026153,Jonathan Stewart,RB,2008,7,REG,2008_07_NO_CAR,CAR,NO,0,0,0,0,0,0,0,17,68,1,4,0,1,0,3,0,0,0,0,0,,0,0,0,0,0,0,0,0,0,0,0,,0
00-0026158,Joe Flacco,QB,2008,7,REG,2008_07_BAL_MIA,BAL,MIA,17,23,232,1,0,3,-15,2,3,0,1,0,0,0,0,0,0,0,0,0,,0,0,0,0,0,0,0,0,0,0,0,,0
00-0026164,Chris Johnson,RB,2008,7,REG,2008_07_TEN_KC,TEN,KC,0,0,0,0,0,0,0,18,168,1,6,0,2,0,4,0,0,0,0,0,,0,0,0,0,0,0,0,0,0,0,0,,0
00-0026170,Dustin Keller,TE,2008,7,REG,2008_07_NYJ_OAK,NYJ,LV,0,0,0,0,0,0,0,0,0,0,0,0,1,0,6,0,1,0,0,0,,0,0,0,0,0,0,0,0,0,0,0,,0
00-0026173,Donnie Avery,WR,2008,7,REG,2008_07_DAL_STL,LA,DAL,0,0,0,0,0,0,0,1,7,0,0,0,5,0,65,1,2,0,0,0,,0,0,0,0,0,0,0,0,0,0,0,,0
00-0026176,Jordy Nelson,WR,2008,7,REG,2008_07_IND_GB,GB,IND,0,0,0,0,0,0,0,0,0,0,0,0,2,0,19,0,1,0,0,0,,0,0,0,0,0,0,0,0,0,0,0,,0
00-0026178,John Carlson,TE,2008,7,REG,2008_07_SEA_TB,SEA,TB,0,0,0,0,0,0,0,0,0,0,0,0,3,0,11,1,1,0,0,0,,0,0,0,0,0,0,0,0,0,0,0,,0
00-0026182,Eddie Royal,WR,2008,7,REG,2008_07_DEN_NE,DEN,NE,0,0,0,0,0,0,0,0,0,0,0,0,9,0,71,0,6,0,0,0,,0,0,0,0,0,0,0,0,0,0,0,,0
00-0026184,Matt Forte,RB,2008,7,REG,2008_07_MIN_CHI,CHI,MIN,0,0,0,0,0,0,0,20,56,1,5,0,2,0,17,0,1,0,0,0,,0,0,0,0,0,0,0,0,0,0,0,,0
00-0026186,Jerome Simpson,WR,2008,7,REG,2008_07_PIT_CIN,CIN,PIT,0,0,0,0,0,0,0,0,0,0,0,0,1,0,2,0,0,0,0,0,,0,0,0,0,0,0,0,0,0,0,0,,0
00-0026188,Fred Davis,TE,2008,7,REG,2008_07_CLE_WAS,WAS,CLE,0,0,0,0,0,0,0,1,-3,0,0,0,0,0,0,0,0,0,0,0,,0,0,0,0,0,0,0,0,0,0,0,,0
00-0026193,Limas Sweed,WR,2008,7,REG,2008_07_PIT_CIN,PIT,CIN,0,0,0,0,0,0,0,0,0,0,0,0,1,0,11,0,1,0,0,0,,0,0,0,0,0,0,0,0,0,0,0,,0
00-0026195,Ray Rice,RB,2008,7,REG,2008_07_BAL_MIA,BAL,MIA,0,0,0,0,0,0,0,7,13,0,0,0,2,0,46,0,2,0,0,0,,0,0,0,0,0,0,0,0,0,0,0,,0
00-0026201,Martellus Bennett,TE,2008,7,REG,2008_07_DAL_STL,DAL,LA,0,0,0,0,0,0,0,0,0,0,0,0,2,0,67,1,2,0,0,0,,0,0,0,0,0,0,0,0,0,0,0,,0
00-0026204,Kevin Smith,RB,2008,7,REG,2008_07_DET_HOU,DET,HOU,0,0,0,0,0,0,0,10,61,1,3,0,1,0,7,0,0,0,0,0,,0,0,0,0,0,0,0,0,0,0,0,,0
00-0026213,Jamaal Charles,RB,2008,7,REG,2008_07_TEN_KC,KC,TEN,0,0,0,0,0,0,0,3,17,0,1,0,4,0,26,0,1,0,0,0,,0,0,0,0,0,0,0,0,0,0,0,,0
00-0026229,Steve Slaton,RB,2008,7,REG,2008_07_DET_HOU,HOU,DET,0,0,0,0,0,0,0,17,80,1,5,0,3,0,9,0,0,0,0,0,,0,0,0,0,0,0,0,0,0,0,0,,0
00-0026262,Tashard Choice,RB,2008,7,REG,2008_07_DAL_STL,DAL,LA,0,0,0,0,0,0,0,2,13,0,1,0,0,0,0,0,0,0,0,0,,0,0,0,0,0,0,0,0,0,0,0,,0
00-0026266,Lavelle Hawkins,WR,2008,7,REG,2008_07_TEN_KC,TEN,KC,0,0,0,0,0,0,0,0,0,0,0,0,2,0,11,0,1,0,0,0,,0,0,0,0,0,0,0,0,0,0,0,,0
00-0026268,Keenan Burton,WR,2008,7,REG,2008_07_DAL_STL,LA,DAL,0,0,0,0,0,0,0,0,0,0,0,0,1,0,4,0,0,0,0,0,,0,0,0,0,0,0,0,0,0,0,0,,0
00-0026286,Jerome Felton,FB,2008,7,REG,2008_07_DET_HOU,DET,HOU,0,0,0,0,0,0,0,0,0,0,0,0,1,0,11,0,1,0,0,0,,0,0,0,0,0,0,0,0,0,0,0,,0
00-0026314,Josh Morgan,WR,2008,7,REG,2008_07_SF_NYG,SF,NYG,0,0,0,0,0,0,0,0,0,0,0,0,5,0,86,1,5,0,0,0,,0,0,0,0,0,0,0,0,0,0,0,,0
00-0026318,Taylor Mehlhaff,K,2008,7,REG,2008_07_NO_CAR,NO,CAR,0,0,0,0,0,0,0,0,0,0,0,0,0,0,0,0,0,0,0,0,,0,0,0,0,0,0,1,1,0,0,0,,0
00-0026366,Chaz Schilens,WR,2008,7,REG,2008_07_NYJ_OAK,LV,NYJ,0,0,0,0,0,0,0,0,0,0,0,0,2,0,10,0,0,0,0,0,,0,0,0,0,0,0,0,0,0,0,0,,0
00-0000108,David Akers,K,2008,8,REG,2008_08_ATL_PHI,PHI,ATL,0,0,0,0,0,0,0,0,0,0,0,0,0,0,0,0,0,0,2,2,36,1,0,1,0,0,0,3,3,0,0,0,,0
00-0001157,Mitch Berger,P,2008,8,REG,2008_08_NYG_PIT,PIT,NYG,0,0,0,0,0,0,0,1,0,0,0,0,0,0,0,0,0,0,0,0,,0,0,0,0,0,0,0,0,4,177,149,51,2
00-0001231,Josh Bidwell,P,2008,8,REG,2008_08_TB_DAL,TB,DAL,0,0,0,0,0,0,0,0,0,0,0,0,0,0,0,0,0,0,0,0,,0,0,0,0,0,0,0,0,4,150,145,43,3
00-0001980,Kris Brown,K,2008,8,REG,2008_08_CIN_HOU,HOU,CIN,0,0,0,0,0,0,0,0,0,0,0,0,0,0,0,0,0,0,0,0,,0,0,0,0,0,0,5,5,0,0,0,,0
00-0002099,Isaac Bruce,WR,2008,8,REG,2008_08_SEA_SF,SF,SEA,0,0,0,0,0,0,0,0,0,0,0,0,4,0,49,0,2,0,0,0,,0,0,0,0,0,0,0,0,0,0,0,,0
00-0002586,Mark Campbell,TE,2008,8,REG,2008_08_SD_NO,NO,LAC,0,0,0,0,0,0,0,0,0,0,0,0,2,0,14,1,2,0,0,0,,0,0,0,0,0,0,0,0,0,0,0,,0
00-0002655,John Carney,K,2008,8,REG,2008_08_NYG_PIT,NYG,PIT,0,0,0,0,0,0,0,0,0,0,0,0,0,0,0,0,0,0,4,4,35,0,3,1,0,0,0,1,1,0,0,0,,0
00-0003292,Kerry Collins,QB,2008,8,REG,2008_08_IND_TEN,TEN,IND,24,37,193,0,0,0,0,2,-2,0,0,0,0,0,0,0,0,0,0,0,,0,0,0,0,0,0,0,0,0,0,0,,0
00-0004091,Phil Dawson,K,2008,8,REG,2008_08_CLE_JAX,CLE,JAX,0,0,0,0,0,0,0,0,0,0,0,0,0,0,0,0,0,0,3,3,42,0,1,1,1,0,0,2,2,0,0,0,,0
00-0004161,Jake Delhomme,QB,2008,8,REG,2008_08_ARI_CAR,CAR,ARI,20,28,248,2,0,1,-10,2,-2,0,0,0,0,0,0,0,0,0,0,0,,0,0,0,0,0,0,0,0,0,0,0,,0
00-0004640,Warrick Dunn,RB,2008,8,REG,2008_08_TB_DAL,TB,DAL,0,0,0,0,0,0,0,1,0,0,0,0,2,0,8,0,0,0,0,0,,0,0,0,0,0,0,0,0,0,0,0,,0
00-0004811,Jason Elam,K,2008,8,REG,2008_08_ATL_PHI,ATL,PHI,0,0,0,0,0,0,0,0,0,0,0,0,0,0,0,0,0,0,0,0,,0,0,0,0,0,0,2,2,0,0,0,,0
00-0004915,Bobby Engram,WR,2008,8,REG,2008_08_SEA_SF,SEA,SF,0,0,0,0,0,0,0,0,0,0,0,0,3,0,40,0,2,0,0,0,,0,0,0,0,0,0,0,0,0,0,0,,0
00-0005091,Kevin Faulk,RB,2008,8,REG,2008_08_STL_NE,NE,LA,0,0,0,0,0,0,0,13,60,0,4,0,4,0,47,1,2,0,0,0,,0,0,0,0,0,0,0,0,0,0,0,,0
00-0005106,Brett Favre,QB,2008,8,REG,2008_08_KC_NYJ,NYJ,KC,28,40,290,2,3,1,-5,1,-1,0,0,0,0,0,0,0,0,0,0,0,,0,0,0,0,0,0,0,0,0,0,0,,0
00-0005113,Jeff Feagles,P,2008,8,REG,2008_08_NYG_PIT,NYG,PIT,0,0,0,0,0,0,0,0,0,0,0,0,0,0,0,0,0,0,0,0,,0,0,0,0,0,0,0,0,5,205,191,49,1
00-0005231,Brian Finneran,WR,2008,8,REG,2008_08_ATL_PHI,ATL,PHI,0,0,0,0,0,0,0,0,0,0,0,0,3,0,20,0,2,0,0,0,,0,0,0,0,0,0,0,0,0,0,0,,0
00-0005720,Joey Galloway,WR,2008,8,REG,2008_08_TB_DAL,TB,DAL,0,0,0,0,0,0,0,0,0,0,0,0,3,0,38,0,2,0,0,0,,0,0,0,0,0,0,0,0,0,0,0,,0
00-0005755,Jeff Garcia,QB,2008,8,REG,2008_08_TB_DAL,TB,DAL,27,43,227,0,0,2,-14,2,7,0,1,0,0,0,0,0,0,0,0,0,,0,0,0,0,0,0,0,0,0,0,0,,0
00-0006101,Tony Gonzalez,TE,2008,8,REG,2008_08_KC_NYJ,KC,NYJ,0,0,0,0,0,0,0,0,0,0,0,0,6,0,79,1,5,0,0,0,,0,0,0,0,0,0,0,0,0,0,0,,0
00-0006305,Ahman Green,RB,2008,8,REG,2008_08_CIN_HOU,HOU,CIN,0,0,0,0,0,0,0,9,41,0,2,0,1,0,5,0,0,0,0,0,,0,0,0,0,0,0,0,0,0,0,0,,0
00-0006799,Chris Hanson,P,2008,8,REG,2008_08_STL_NE,NE,LA,0,0,0,0,0,0,0,0,0,0,0,0,0,0,0,0,0,0,0,0,,0,0,0,0,0,0,0,0,3,149,89,57,0
00-0006800,Jason Hanson,K,2008,8,REG,2008_08_WAS_DET,DET,WAS,0,0,0,0,0,0,0,0,0,0,0,0,0,0,0,0,0,0,1,1,43,0,0,0,1,0,0,2,2,0,0,0,,0
00-0007024,Marvin Harrison,WR,2008,8,REG,2008_08_IND_TEN,IND,TEN,0,0,0,0,0,0,0,0,0,0,0,0,1,0,12,0,1,0,0,0,,0,0,0,0,0,0,0,0,0,0,0,,0
00-0007213,Steve Heiden,TE,2008,8,REG,2008_08_CLE_JAX,CLE,JAX,0,0,0,0,0,0,0,0,0,0,0,0,3,0,73,0,3,0,0,0,,0,0,0,0,0,0,0,0,0,0,0,,0
00-0007308,Craig Hentrich,P,2008,8,REG,2008_08_IND_TEN,TEN,IND,0,0,0,0,0,0,0,0,0,0,0,0,0,0,0,0,0,0,0,0,,0,0,0,0,0,0,0,0,2,108,103,75,1
00-0007468,Ike Hilliard,WR,2008,8,REG,2008_08_TB_DAL,TB,DAL,0,0,0,0,0,0,0,0,0,0,0,0,3,0,23,0,2,0,0,0,,0,0,0,0,0,0,0,0,0,0,0,,0
00-0007681,Torry Holt,WR,2008,8,REG,2008_08_STL_NE,LA,NE,0,0,0,0,0,0,0,0,0,0,0,0,3,0,28,0,1,0,0,0,,0,0,0,0,0,0,0,0,0,0,0,,0
00-0008241,Edgerrin James,RB,2008,8,REG,2008_08_ARI_CAR,ARI,CAR,0,0,0,0,0,0,0,7,17,0,0,1,0,0,0,0,0,0,0,0,,0,0,0,0,0,0,0,0,0,0,0,,0
00-0008442,Brad Johnson,QB,2008,8,REG,2008_08_TB_DAL,DAL,TB,19,33,122,1,0,3,-20,1,-1,0,0,0,0,0,0,0,0,0,0,0,,0,0,0,0,0,0,0,0,0,0,0,,0
00-0008484,Dirk Johnson,P,2008,8,REG,2008_08_ARI_CAR,ARI,CAR,1,1,10,0,0,0,0,0,0,0,0,0,0,0,0,0,0,0,0,0,,0,0,0,0,0,0,0,0,3,167,127,56,1
00-0009028,John Kasay,K,2008,8,REG,2008_08_ARI_CAR,CAR,ARI,0,0,0,0,0,0,0,0,0,0,0,0,0,0,0,0,0,0,2,2,50,0,1,0,0,1,0,3,3,0,0,0,,0
00-0009119,Reggie Kelly,TE,2008,8,REG,2008_08_CIN_HOU,CIN,HOU,0,0,0,0,0,0,0,0,0,0,0,0,4,0,34,0,1,0,0,0,,0,0,0,0,0,0,0,0,0,0,0,,0
00-0010346,Peyton Manning,QB,2008,8,REG,2008_08_IND_TEN,IND,TEN,26,41,223,2,2,0,0,1,1,1,1,0,0,0,0,0,0,0,0,0,,0,0,0,0,0,0,0,0,0,0,0,,0
00-0010373,Olindo Mare,K,2008,8,REG,2008_08_SEA_SF,SEA,SF,0,0,0,0,0,0,0,0,0,0,0,0,0,0,0,0,0,0,2,2,43,0,0,0,2,0,0,4,4,0,0,0,,0
00-0010500,Derrick Mason,WR,2008,8,REG,2008_08_OAK_BAL,BAL,LV,0,0,0,0,0,0,0,0,0,0,0,0,1,0,3,0,0,0,0,0,,0,0,0,0,0,0,0,0,0,0,0,,0
00-0011022,Donovan McNabb,QB,2008,8,REG,2008_08_ATL_PHI,PHI,ATL,19,34,253,0,0,2,-13,6,25,1,2,0,0,0,0,0,0,0,0,0,,0,0,0,0,0,0,0,0,0,0,0,,0
00-0011236,Billy Miller,TE,2008,8,REG,2008_08_SD_NO,NO,LAC,0,0,0,0,0,0,0,0,0,0,0,0,7,0,82,0,6,0,0,0,,0,0,0,0,0,0,0,0,0,0,0,,0
00-0011626,Brian Moorman,P,2008,8,REG,2008_08_BUF_MIA,BUF,MIA,0,0,0,0,0,0,0,0,0,0,0,0,0,0,0,0,0,0,0,0,,0,0,0,0,0,0,0,0,3,142,122,59,0
00-0011754,Randy Moss,WR,2008,8,REG,2008_08_STL_NE,NE,LA,0,0,0,0,0,0,0,0,0,0,0,0,7,0,102,0,5,0,0,0,,0,0,0,0,0,0,0,0,0,0,0,,0
00-0011795,Muhsin Muhammad,WR,2008,8,REG,2008_08_ARI_CAR,CAR,ARI,0,0,0,0,0,0,0,0,0,0,0,0,5,0,38,0,2,0,0,0,,0,0,0,0,0,0,0,0,0,0,0,,0
00-0011970,Joe Nedney,K,2008,8,REG,2008_08_SEA_SF,SF,SEA,0,0,0,0,0,0,0,0,0,0,0,0,0,0,0,0,0,0,2,2,42,0,0,0,2,0,0,1,1,0,0,0,,0
00-0012478,Terrell Owens,WR,2008,8,REG,2008_08_TB_DAL,DAL,TB,0,0,0,0,0,0,0,0,0,0,0,0,5,0,33,0,2,0,0,0,,0,0,0,0,0,0,0,0,0,0,0,,0
00-0015194,Hunter Smith,P,2008,8,REG,2008_08_IND_TEN,IND,TEN,0,0,0,0,0,0,0,0,0,0,0,0,0,0,0,0,0,0,0,0,,0,0,0,0,0,0,0,0,3,111,111,41,3
00-0015601,Aaron Stecker,RB,2008,8,REG,2008_08_SD_NO,NO,LAC,0,0,0,0,0,0,0,2,9,0,1,0,5,0,27,0,0,0,0,0,,0,0,0,0,0,0,0,0,0,0,0,,0
00-0015784,Matt Stover,K,2008,8,REG,2008_08_OAK_BAL,BAL,LV,0,0,0,0,0,0,0,0,0,0,0,0,0,0,0,0,0,0,2,2,38,0,0,2,0,0,0,3,3,0,0,0,,0
00-0016098,Fred Taylor,RB,2008,8,REG,2008_08_CLE_JAX,JAX,CLE,0,0,0,0,0,0,0,8,24,0,0,0,0,0,0,0,0,0,0,0,,0,0,0,0,0,0,0,0,0,0,0,,0
00-0016440,James Thrash,WR,2008,8,REG,2008_08_WAS_DET,WAS,DET,0,0,0,0,0,0,0,0,0,0,0,0,1,0,29,0,1,0,0,0,,0,0,0,0,0,0,0,0,0,0,0,,0
00-0016550,Amani Toomer,WR,2008,8,REG,2008_08_NYG_PIT,NYG,PIT,0,0,0,0,0,0,0,0,0,0,0,0,2,0,39,0,1,0,0,0,,0,0,0,0,0,0,0,0,0,0,0,,0
00-0016677,Jerame Tuman,TE,2008,8,REG,2008_08_ARI_CAR,ARI,CAR,0,0,0,0,0,0,0,0,0,0,0,0,3,1,41,0,1,0,0,0,,0,0,0,0,0,0,0,0,0,0,0,,0
00-0016689,Matt Turk,P,2008,8,REG,2008_08_CIN_HOU,HOU,CIN,0,0,0,0,0,0,0,0,0,0,0,0,0,0,0,0,0,0,0,0,,0,0,0,0,0,0,0,0,2,59,44,35,0
00-0016919,Adam Vinatieri,K,2008,8,REG,2008_08_IND_TEN,IND,TEN,0,0,0,0,0,0,0,0,0,0,0,0,0,0,0,0,0,0,0,0,,0,0,0,0,0,0,3,3,0,0,0,,0
00-0017162,Hines Ward,WR,2008,8,REG,2008_08_NYG_PIT,PIT,NYG,0,0,0,0,0,0,0,0,0,0,0,0,3,0,30,0,1,0,0,0,,0,0,0,0,0,0,0,0,0,0,0,,0
00-0017200,Kurt Warner,QB,2008,8,REG,2008_08_ARI_CAR,ARI,CAR,35,49,381,2,1,2,-16,0,0,0,0,0,0,0,0,0,0,0,0,0,,0,0,0,0,0,0,0,0,0,0,0,,0
00-0017915,Ricky Williams,RB,2008,8,REG,2008_08_BUF_MIA,MIA,BUF,0,0,0,0,0,0,0,7,16,1,1,1,2,0,43,0,1,0,0,0,,0,0,0,0,0,0,0,0,0,0,0,,0
00-0018958,Laveranues Coles,WR,2008,8,REG,2008_08_KC_NYJ,NYJ,KC,0,0,0,0,0,0,0,1,6,0,0,0,7,0,64,1,4,0,0,0,,0,0,0,0,0,0,0,0,0,0,0,,0
00-0019100,Brad Hoover,FB,2008,8,REG,2008_08_ARI_CAR,CAR,ARI,0,0,0,0,0,0,0,1,3,0,1,0,2,0,12,0,0,0,0,0,,0,0,0,0,0,0,0,0,0,0,0,,0
00-0019127,Todd Yoder,TE,2008,8,REG,2008_08_WAS_DET,WAS,DET,0,0,0,0,0,0,0,0,0,0,0,0,1,0,14,0,1,0,0,0,,0,0,0,0,0,0,0,0,0,0,0,,0
00-0019135,Dan Kreider,FB,2008,8,REG,2008_08_STL_NE,LA,NE,0,0,0,0,0,0,0,1,0,0,0,0,0,0,0,0,0,0,0,0,,0,0,0,0,0,0,0,0,0,0,0,,0
00-0019310,Rian Lindell,K,2008,8,REG,2008_08_BUF_MIA,BUF,MIA,0,0,0,0,0,0,0,0,0,0,0,0,0,0,0,0,0,0,3,3,47,1,0,0,2,0,0,1,1,0,0,0,,0
00-0019536,Shayne Graham,K,2008,8,REG,2008_08_CIN_HOU,CIN,HOU,0,0,0,0,0,0,0,0,0,0,0,0,0,0,0,0,0,0,2,2,43,0,0,1,1,0,0,0,0,0,0,0,,0
00-0019539,Dante Hall,WR,2008,8,REG,2008_08_STL_NE,LA,NE,0,0,0,0,0,0,0,0,0,0,0,0,4,0,47,0,3,0,0,0,,0,0,0,0,0,0,0,0,0,0,0,,0
00-0019559,Chad Pennington,QB,2008,8,REG,2008_08_BUF_MIA,MIA,BUF,22,30,314,1,0,1,-8,4,-5,0,0,0,0,0,0,0,0,0,0,0,,0,0,0,0,0,0,0,0,0,0,0,,0
00-0019599,Marc Bulger,QB,2008,8,REG,2008_08_STL_NE,LA,NE,18,34,301,1,1,4,-33,0,0,0,0,0,0,0,0,0,0,0,0,0,,0,0,0,0,0,0,0,0,0,0,0,,0
00-0019641,Thomas Jones,RB,2008,8,REG,2008_08_KC_NYJ,NYJ,KC,0,0,0,0,0,0,0,14,54,1,3,0,1,0,6,0,1,0,0,0,,0,0,0,0,0,0,0,0,0,0,0,,0
00-0019642,Plaxico Burress,WR,2008,8,REG,2008_08_NYG_PIT,NYG,PIT,0,0,0,0,0,0,0,0,0,0,0,0,3,0,15,0,1,0,0,0,,0,0,0,0,0,0,0,0,0,0,0,,0
00-0019646,Sebastian Janikowski,K,2008,8,REG,2008_08_OAK_BAL,LV,BAL,0,0,0,0,0,0,0,0,0,0,0,0,0,0,0,0,0,0,1,1,22,0,1,0,0,0,0,1,1,0,0,0,,0
00-0019647,Shaun Alexander,RB,2008,8,REG,2008_08_WAS_DET,WAS,DET,0,0,0,0,0,0,0,6,11,0,0,0,1,0,9,0,0,0,0,0,,0,0,0,0,0,0,0,0,0,0,0,,0
00-0019650,Dennis Northcutt,WR,2008,8,REG,2008_08_CLE_JAX,JAX,CLE,0,0,0,0,0,0,0,0,0,0,0,0,5,0,49,0,5,0,0,0,,0,0,0,0,0,0,0,0,0,0,0,,0
00-0019676,Neil Rackers,K,2008,8,REG,2008_08_ARI_CAR,ARI,CAR,0,0,0,0,0,0,0,0,0,0,0,0,0,0,0,0,0,0,1,1,21,0,1,0,0,0,0,2,2,0,0,0,,0
00-0019693,Jamal Lewis,RB,2008,8,REG,2008_08_CLE_JAX,CLE,JAX,0,0,0,0,0,0,0,20,81,1,5,0,1,0,7,0,0,0,0,0,,0,0,0,0,0,0,0,0,0,0,0,,0
00-0019714,Shane Lechler,P,2008,8,REG,2008_08_OAK_BAL,LV,BAL,0,0,0,0,0,0,0,0,0,0,0,0,0,0,0,0,0,0,0,0,,0,0,0,0,0,0,0,0,5,249,186,59,0
00-0019770,Jay Feely,K,2008,8,REG,2008_08_KC_NYJ,NYJ,KC,0,0,0,0,0,0,0,0,0,0,0,0,0,0,0,0,0,0,0,1,,0,0,0,0,0,0,4,4,0,0,0,,0
00-0019808,Kenny Watson,RB,2008,8,REG,2008_08_CIN_HOU,CIN,HOU,0,0,0,0,0,0,0,1,5,0,0,0,0,0,0,0,0,0,0,0,,0,0,0,0,0,0,0,0,0,0,0,,0
00-0019863,Dominic Rhodes,RB,2008,8,REG,2008_08_IND_TEN,IND,TEN,0,0,0,0,0,0,0,17,70,0,3,0,8,0,39,0,2,0,0,0,,0,0,0,0,0,0,0,0,0,0,0,,0
00-0019921,Jason Baker,P,2008,8,REG,2008_08_ARI_CAR,CAR,ARI,0,0,0,0,0,0,0,0,0,0,0,0,0,0,0,0,0,0,0,0,,0,0,0,0,0,0,0,0,3,133,133,53,2
00-0020127,Daniel Wilcox,TE,2008,8,REG,2008_08_OAK_BAL,BAL,LV,0,0,0,0,0,0,0,0,0,0,0,0,2,0,13,0,0,0,0,0,,0,0,0,0,0,0,0,0,0,0,0,,0
00-0020267,Nick Harris,P,2008,8,REG,2008_08_WAS_DET,DET,WAS,0,0,0,0,0,0,0,0,0,0,0,0,0,0,0,0,0,0,0,0,,0,0,0,0,0,0,0,0,6,263,164,50,2
00-0020268,Tony Stewart,TE,2008,8,REG,2008_08_OAK_BAL,LV,BAL,0,0,0,0,0,0,0,0,0,0,0,0,1,0,5,0,0,0,0,0,,0,0,0,0,0,0,0,0,0,0,0,,0
00-0020270,Correll Buckhalter,RB,2008,8,REG,2008_08_ATL_PHI,PHI,ATL,0,0,0,0,0,0,0,4,0,0,1,0,2,0,29,0,1,0,0,0,,0,0,0,0,0,0,0,0,0,0,0,,0
00-0020285,Alge Crumpler,TE,2008,8,REG,2008_08_IND_TEN,TEN,IND,0,0,0,0,0,0,0,0,0,0,0,0,4,0,35,0,2,0,0,0,,0,0,0,0,0,0,0,0,0,0,0,,0
00-0020332,David Martin,TE,2008,8,REG,2008_08_BUF_MIA,MIA,BUF,0,0,0,0,0,0,0,0,0,0,0,0,2,0,20,0,1,0,0,0,,0,0,0,0,0,0,0,0,0,0,0,,0
00-0020337,Steve Smith,WR,2008,8,REG,2008_08_ARI_CAR,CAR,ARI,0,0,0,0,0,0,0,1,-6,0,0,0,5,0,117,2,5,0,0,0,,0,0,0,0,0,0,0,0,0,0,0,,0
00-0020342,Brandon Manumaleuna,TE,2008,8,REG,2008_08_SD_NO,LAC,NO,0,0,0,0,0,0,0,0,0,0,0,0,1,0,7,0,0,0,0,0,,0,0,0,0,0,0,0,0,0,0,0,,0
00-0020381,Justin McCareins,WR,2008,8,REG,2008_08_IND_TEN,TEN,IND,0,0,0,0,0,0,0,0,0,0,0,0,2,0,30,0,2,0,0,0,,0,0,0,0,0,0,0,0,0,0,0,,0
00-0020397,Chad Johnson,WR,2008,8,REG,2008_08_CIN_HOU,CIN,HOU,0,0,0,0,0,0,0,0,0,0,0,0,5,0,44,0,3,0,0,0,,0,0,0,0,0,0,0,0,0,0,0,,0
00-0020407,Rudi Johnson,RB,2008,8,REG,2008_08_WAS_DET,DET,WAS,0,0,0,0,0,0,0,8,21,1,1,0,1,0,10,0,1,0,0,0,,0,0,0,0,0,0,0,0,0,0,0,,0
00-0020438,T.J. Houshmandzadeh,WR,2008,8,REG,2008_08_CIN_HOU,CIN,HOU,0,0,0,0,0,0,0,1,9,0,0,0,8,0,54,0,5,0,0,0,,0,0,0,0,0,0,0,0,0,0,0,,0
00-0020446,Chris Chambers,WR,2008,8,REG,2008_08_SD_NO,LAC,NO,0,0,0,0,0,0,0,0,0,0,0,0,5,0,47,0,2,0,0,0,,0,0,0,0,0,0,0,0,0,0,0,,0
00-0020448,Travis Minor,RB,2008,8,REG,2008_08_STL_NE,LA,NE,0,0,0,0,0,0,0,4,8,0,1,0,0,0,0,0,0,0,0,0,,0,0,0,0,0,0,0,0,0,0,0,,0
00-0020490,Koren Robinson,WR,2008,8,REG,2008_08_SEA_SF,SEA,SF,0,0,0,0,0,0,0,0,0,0,0,0,4,0,31,0,2,0,0,0,,0,0,0,0,0,0,0,0,0,0,0,,0
00-0020494,Santana Moss,WR,2008,8,REG,2008_08_WAS_DET,WAS,DET,0,0,0,0,0,0,0,0,0,0,0,0,9,0,140,1,6,0,0,0,,0,0,0,0,0,0,0,0,0,0,0,,0
00-0020498,Reggie Wayne,WR,2008,8,REG,2008_08_IND_TEN,IND,TEN,0,0,0,0,0,0,0,0,0,0,0,0,3,0,29,0,2,0,0,0,,0,0,0,0,0,0,0,0,0,0,0,,0
00-0020508,Moran Norris,FB,2008,8,REG,2008_08_WAS_DET,DET,WAS,0,0,0,0,0,0,0,0,0,0,0,0,2,0,10,0,0,0,0,0,,0,0,0,0,0,0,0,0,0,0,0,,0
00-0020516,Todd Heap,TE,2008,8,REG,2008_08_OAK_BAL,BAL,LV,0,0,0,0,0,0,0,0,0,0,0,0,2,0,17,0,2,0,0,0,,0,0,0,0,0,0,0,0,0,0,0,,0
00-0020527,Deuce McAllister,RB,2008,8,REG,2008_08_SD_NO,NO,LAC,0,0,0,0,0,0,0,18,55,1,2,0,4,0,30,0,1,0,0,0,,0,0,0,0,0,0,0,0,0,0,0,,0
00-0020531,Drew Brees,QB,2008,8,REG,2008_08_SD_NO,NO,LAC,30,41,339,3,0,0,0,1,-26,0,0,0,0,0,0,0,0,0,0,0,,0,0,0,0,0,0,0,0,0,0,0,,0
00-0020536,LaDainian Tomlinson,RB,2008,8,REG,2008_08_SD_NO,LAC,NO,0,0,0,0,0,0,0,19,105,0,3,0,5,0,65,1,3,0,0,0,,0,0,0,0,0,0,0,0,0,0,0,,0
00-0020550,Darnell Dinkins,TE,2008,8,REG,2008_08_CLE_JAX,CLE,JAX,0,0,0,0,0,0,0,0,0,0,0,0,1,0,5,0,0,0,0,0,,0,0,0,0,0,0,0,0,0,0,0,,0
00-0020578,Matt Bryant,K,2008,8,REG,2008_08_TB_DAL,TB,DAL,0,0,0,0,0,0,0,0,0,0,0,0,0,0,0,0,0,0,3,4,41,0,0,2,1,0,0,0,0,0,0,0,,0
00-0020679,Shaun Hill,QB,2008,8,REG,2008_08_SEA_SF,SF,SEA,15,23,173,1,0,2,-11,2,20,0,2,0,0,0,0,0,0,0,0,0,,0,0,0,0,0,0,0,0,0,0,0,,0
00-0020737,Jeff Reed,K,2008,8,REG,2008_08_NYG_PIT,PIT,NYG,0,0,0,0,0,0,0,0,0,0,0,0,0,0,0,0,0,0,0,0,,0,0,0,0,0,0,2,2,0,0,0,,0
00-0020820,Jesse Chatman,RB,2008,8,REG,2008_08_KC_NYJ,NYJ,KC,0,0,0,0,0,0,0,4,8,0,0,0,1,0,3,0,0,0,0,0,,0,0,0,0,0,0,0,0,0,0,0,,0
00-0020962,Rob Bironas,K,2008,8,REG,2008_08_IND_TEN,TEN,IND,0,0,0,0,0,0,0,0,0,0,0,0,0,0,0,0,0,0,3,4,48,0,0,1,2,0,0,2,2,0,0,0,,0
00-0021147,Donte' Stallworth,WR,2008,8,REG,2008_08_CLE_JAX,CLE,JAX,0,0,0,0,0,0,0,0,0,0,0,0,3,0,13,1,1,0,0,0,,0,0,0,0,0,0,0,0,0,0,0,,0
00-0021148,Jeremy Shockey,TE,2008,8,REG,2008_08_SD_NO,NO,LAC,0,0,0,0,0,0,0,0,0,0,0,0,1,0,6,0,0,0,0,0,,0,0,0,0,0,0,0,0,0,0,0,,0
00-0021152,Ashley Lelie,WR,2008,8,REG,2008_08_OAK_BAL,LV,BAL,0,0,0,0,0,0,0,0,0,0,0,0,1,0,23,0,1,0,0,0,,0,0,0,0,0,0,0,0,0,0,0,,0
00-0021153,Javon Walker,WR,2008,8,REG,2008_08_OAK_BAL,LV,BAL,0,0,0,0,0,0,0,0,0,0,0,0,2,0,28,0,2,0,0,0,,0,0,0,0,0,0,0,0,0,0,0,,0
00-0021159,Jerramy Stevens,TE,2008,8,REG,2008_08_TB_DAL,TB,DAL,0,0,0,0,0,0,0,0,0,0,0,0,3,0,16,0,1,0,0,0,,0,0,0,0,0,0,0,0,0,0,0,,0
00-0021163,Jabar Gaffney,WR,2008,8,REG,2008_08_STL_NE,NE,LA,0,0,0,0,0,0,0,0,0,0,0,0,1,0,17,0,1,0,0,0,,0,0,0,0,0,0,0,0,0,0,0,,0
00-0021164,DeShaun Foster,RB,2008,8,REG,2008_08_SEA_SF,SF,SEA,0,0,0,0,0,0,0,1,1,0,0,0,0,0,0,0,0,0,0,0,,0,0,0,0,0,0,0,0,0,0,0,,0
00-0021166,Josh Reed,WR,2008,8,REG,2008_08_BUF_MIA,BUF,MIA,0,0,0,0,0,0,0,0,0,0,0,0,2,0,19,0,1,0,0,0,,0,0,0,0,0,0,0,0,0,0,0,,0
00-0021179,Clinton Portis,RB,2008,8,REG,2008_08_WAS_DET,WAS,DET,0,0,0,0,0,0,0,24,126,0,5,0,1,0,6,0,0,0,0,0,,0,0,0,0,0,0,0,0,0,0,0,,0
00-0021182,Maurice Morris,RB,2008,8,REG,2008_08_SEA_SF,SEA,SF,0,0,0,0,0,0,0,11,16,0,1,0,0,0,0,0,0,0,0,0,,0,0,0,0,0,0,0,0,0,0,0,,0
00-0021190,Antwaan Randle El,WR,2008,8,REG,2008_08_WAS_DET,WAS,DET,0,0,0,0,0,0,0,0,0,0,0,0,3,0,47,0,2,0,0,0,,0,0,0,0,0,0,0,0,0,0,0,,0
00-0021191,Antonio Bryant,WR,2008,8,REG,2008_08_TB_DAL,TB,DAL,0,0,0,0,0,0,0,0,0,0,0,0,6,0,45,0,1,0,0,0,,0,0,0,0,0,0,0,0,0,0,0,,0
00-0021216,Brian Westbrook,RB,2008,8,REG,2008_08_ATL_PHI,PHI,ATL,0,0,0,0,0,0,0,22,167,2,8,0,6,0,42,0,3,0,0,0,,0,0,0,0,0,0,0,0,0,0,0,,0
00-0021227,Justin Peelle,TE,2008,8,REG,2008_08_ATL_PHI,ATL,PHI,0,0,0,0,0,0,0,0,0,0,0,0,1,0,17,0,1,0,0,0,,0,0,0,0,0,0,0,0,0,0,0,,0
00-0021231,David Garrard,QB,2008,8,REG,2008_08_CLE_JAX,JAX,CLE,25,42,283,2,0,3,-16,7,59,0,3,0,0,0,0,0,0,0,0,0,,0,0,0,0,0,0,0,0,0,0,0,,0
00-0021235,Dave Zastudil,P,2008,8,REG,2008_08_CLE_JAX,CLE,JAX,0,0,0,0,0,0,0,0,0,0,0,0,0,0,0,0,0,0,0,0,,0,0,0,0,0,0,0,0,5,207,184,54,2
00-0021273,Robert Royal,TE,2008,8,REG,2008_08_BUF_MIA,BUF,MIA,0,0,0,0,0,0,0,0,0,0,0,0,2,0,26,0,0,1,0,0,,0,0,0,0,0,0,0,0,0,0,0,,0
00-0021296,J.T. O'Sullivan,QB,2008,8,REG,2008_08_SEA_SF,SF,SEA,13,21,131,0,1,3,-29,0,0,0,0,0,0,0,0,0,0,0,0,0,,0,0,0,0,0,0,0,0,0,0,0,,0
00-0021337,Ronald Curry,WR,2008,8,REG,2008_08_OAK_BAL,LV,BAL,0,0,0,0,0,0,0,0,0,0,0,0,2,0,13,0,0,0,0,0,,0,0,0,0,0,0,0,0,0,0,0,,0
00-0021376,T.J. Duckett,RB,2008,8,REG,2008_08_SEA_SF,SEA,SF,0,0,0,0,0,0,0,8,1,1,2,0,0,0,0,0,0,0,0,0,,0,0,0,0,0,0,0,0,0,0,0,,0
00-0021547,Antonio Gates,TE,2008,8,REG,2008_08_SD_NO,LAC,NO,0,0,0,0,0,0,0,0,0,0,0,0,6,0,96,1,5,0,0,0,,0,0,0,0,0,0,0,0,0,0,0,,0
00-0021647,Jerheme Urban,WR,2008,8,REG,2008_08_ARI_CAR,ARI,CAR,0,0,0,0,0,0,0,0,0,0,0,0,4,0,51,0,3,0,0,0,,0,0,0,0,0,0,0,0,0,0,0,,0
00-0021755,Earnest Graham,RB,2008,8,REG,2008_08_TB_DAL,TB,DAL,0,0,0,0,0,0,0,17,42,0,3,0,4,0,22,0,1,0,0,0,,0,0,0,0,0,0,0,0,0,0,0,,0
00-0021931,Kevin Walter,WR,2008,8,REG,2008_08_CIN_HOU,HOU,CIN,0,0,0,0,0,0,0,0,0,0,0,0,5,0,70,2,3,0,0,0,,0,0,0,0,0,0,0,0,0,0,0,,0
00-0021940,Josh Brown,K,2008,8,REG,2008_08_STL_NE,LA,NE,0,0,0,0,0,0,0,0,0,0,0,0,0,0,0,0,0,0,3,3,44,0,2,0,1,0,0,1,1,0,0,0,,0
00-0021981,Shaun McDonald,WR,2008,8,REG,2008_08_WAS_DET,DET,WAS,0,0,0,0,0,0,0,0,0,0,0,0,5,0,68,0,4,0,0,0,,0,0,0,0,0,0,0,0,0,0,0,,0
00-0021982,Justin Gage,WR,2008,8,REG,2008_08_IND_TEN,TEN,IND,0,0,0,0,0,0,0,0,0,0,0,0,1,0,6,0,1,0,0,0,,0,0,0,0,0,0,0,0,0,0,0,,0
00-0022001,Kevin Curtis,WR,2008,8,REG,2008_08_ATL_PHI,PHI,ATL,0,0,0,0,0,0,0,0,0,0,0,0,3,0,45,0,2,0,0,0,,0,0,0,0,0,0,0,0,0,0,0,,0
00-0022011,Justin Griffith,RB,2008,8,REG,2008_08_OAK_BAL,LV,BAL,0,0,0,0,0,0,0,1,2,0,1,0,1,0,2,1,1,0,0,0,,0,0,0,0,0,0,0,0,0,0,0,,0
00-0022017,Mike Scifres,P,2008,8,REG,2008_08_SD_NO,LAC,NO,0,0,0,0,0,0,0,0,0,0,0,0,0,0,0,0,0,0,0,0,,0,0,0,0,0,0,0,0,2,96,96,49,1
00-0022041,Richard Angulo,TE,2008,8,REG,2008_08_CLE_JAX,JAX,CLE,0,0,0,0,0,0,0,0,0,0,0,0,1,0,5,0,0,0,0,0,,0,0,0,0,0,0,0,0,0,0,0,,0
00-0022044,Andre Johnson,WR,2008,8,REG,2008_08_CIN_HOU,HOU,CIN,0,0,0,0,0,0,0,0,0,0,0,0,11,0,143,0,9,0,0,0,,0,0,0,0,0,0,0,0,0,0,0,,0
00-0022055,Seneca Wallace,QB,2008,8,REG,2008_08_SEA_SF,SEA,SF,15,25,222,2,0,1,0,0,0,0,0,0,0,0,0,0,0,0,0,0,,0,0,0,0,0,0,0,0,0,0,0,,0
00-0022064,Arnaz Battle,WR,2008,8,REG,2008_08_SEA_SF,SF,SEA,0,0,0,0,0,0,0,0,0,0,0,0,3,0,26,0,2,0,0,0,,0,0,0,0,0,0,0,0,0,0,0,,0
00-0022084,Anquan Boldin,WR,2008,8,REG,2008_08_ARI_CAR,ARI,CAR,0,0,0,0,0,0,0,1,30,0,1,0,9,0,63,2,7,0,0,0,,0,0,0,0,0,0,0,0,0,0,0,,0
00-0022093,Justin Fargas,RB,2008,8,REG,2008_08_OAK_BAL,LV,BAL,0,0,0,0,0,0,0,12,24,0,0,0,0,0,0,0,0,0,0,0,,0,0,0,0,0,0,0,0,0,0,0,,0
00-0022126,L.J. Smith,TE,2008,8,REG,2008_08_ATL_PHI,PHI,ATL,0,0,0,0,0,0,0,0,0,0,0,0,2,0,29,0,1,0,0,0,,0,0,0,0,0,0,0,0,0,0,0,,0
00-0022127,Jason Witten,TE,2008,8,REG,2008_08_TB_DAL,DAL,TB,0,0,0,0,0,0,0,0,0,0,0,0,1,0,8,0,0,0,0,0,,0,0,0,0,0,0,0,0,0,0,0,,0
00-0022143,Ovie Mughelli,FB,2008,8,REG,2008_08_ATL_PHI,ATL,PHI,0,0,0,0,0,0,0,0,0,0,0,0,1,0,2,0,0,0,0,0,,0,0,0,0,0,0,0,0,0,0,0,,0
00-0022156,Bryant Johnson,WR,2008,8,REG,2008_08_SEA_SF,SF,SEA,0,0,0,0,0,0,0,0,0,0,0,0,3,0,30,0,1,0,0,0,,0,0,0,0,0,0,0,0,0,0,0,,0
00-0022165,Dallas Clark,TE,2008,8,REG,2008_08_IND_TEN,IND,TEN,0,0,0,0,0,0,0,0,0,0,0,0,7,0,94,2,5,0,0,0,,0,0,0,0,0,0,0,0,0,0,0,,0
00-0022178,Willis McGahee,RB,2008,8,REG,2008_08_OAK_BAL,BAL,LV,0,0,0,0,0,0,0,23,58,1,4,1,2,0,-1,0,0,0,0,0,,0,0,0,0,0,0,0,0,0,0,0,,0
00-0022217,Mewelde Moore,RB,2008,8,REG,2008_08_NYG_PIT,PIT,NYG,0,0,0,0,0,0,0,19,84,1,4,0,2,0,10,0,0,0,0,0,,0,0,0,0,0,0,0,0,0,0,0,,0
00-0022288,Jason Wright,RB,2008,8,REG,2008_08_CLE_JAX,CLE,JAX,0,0,0,0,0,0,0,1,1,0,0,0,2,0,18,0,1,0,0,0,,0,0,0,0,0,0,0,0,0,0,0,,0
00-0022405,Lousaka Polite,FB,2008,8,REG,2008_08_BUF_MIA,MIA,BUF,0,0,0,0,0,0,0,1,3,0,1,0,0,0,0,0,0,0,0,0,,0,0,0,0,0,0,0,0,0,0,0,,0
00-0022414,Malcom Floyd,WR,2008,8,REG,2008_08_SD_NO,LAC,NO,0,0,0,0,0,0,0,0,0,0,0,0,1,0,21,0,1,0,0,0,,0,0,0,0,0,0,0,0,0,0,0,,0
00-0022427,Wes Welker,WR,2008,8,REG,2008_08_STL_NE,NE,LA,0,0,0,0,0,0,0,0,0,0,0,0,7,0,79,0,6,0,0,0,,0,0,0,0,0,0,0,0,0,0,0,,0
00-0022434,Carey Davis,RB,2008,8,REG,2008_08_NYG_PIT,PIT,NYG,0,0,0,0,0,0,0,0,0,0,0,0,1,0,4,0,0,0,0,0,,0,0,0,0,0,0,0,0,0,0,0,,0
00-0022589,Kyle Larson,P,2008,8,REG,2008_08_CIN_HOU,CIN,HOU,0,0,0,0,0,0,0,0,0,0,0,0,0,0,0,0,0,0,0,0,,0,0,0,0,0,0,0,0,3,127,54,49,1
00-0022684,Donnie Jones,P,2008,8,REG,2008_08_STL_NE,LA,NE,0,0,0,0,0,0,0,0,0,0,0,0,0,0,0,0,0,0,0,0,,0,0,0,0,0,0,0,0,6,245,195,52,1
00-0022706,Michael Gaines,TE,2008,8,REG,2008_08_WAS_DET,DET,WAS,0,0,0,0,0,0,0,0,0,0,0,0,2,0,28,0,1,0,0,0,,0,0,0,0,0,0,0,0,0,0,0,,0
00-0022725,Michael Clayton,WR,2008,8,REG,2008_08_TB_DAL,TB,DAL,0,0,0,0,0,0,0,0,0,0,0,0,3,0,23,0,1,0,0,0,,0,0,0,0,0,0,0,0,0,0,0,,0
00-0022726,Keary Colbert,WR,2008,8,REG,2008_08_SEA_SF,SEA,SF,0,0,0,0,0,0,0,0,0,0,0,0,1,0,0,0,0,0,0,0,,0,0,0,0,0,0,0,0,0,0,0,,0
00-0022737,Nate Kaeding,K,2008,8,REG,2008_08_SD_NO,LAC,NO,0,0,0,0,0,0,0,0,0,0,0,0,0,0,0,0,0,0,3,3,33,0,1,2,0,0,0,3,3,0,0,0,,0
00-0022738,Chris Cooley,TE,2008,8,REG,2008_08_WAS_DET,WAS,DET,0,0,0,0,0,0,0,0,0,0,0,0,6,0,74,0,5,0,0,0,,0,0,0,0,0,0,0,0,0,0,0,,0
00-0022739,Devard Darling,WR,2008,8,REG,2008_08_KC_NYJ,KC,NYJ,0,0,0,0,0,0,0,0,0,0,0,0,1,0,4,0,0,0,0,0,,0,0,0,0,0,0,0,0,0,0,0,,0
00-0022766,Patrick Crayton,WR,2008,8,REG,2008_08_TB_DAL,DAL,TB,0,0,0,0,0,0,0,0,0,0,0,0,1,0,13,0,1,0,0,0,,0,0,0,0,0,0,0,0,0,0,0,,0
00-0022770,Derrick Ward,RB,2008,8,REG,2008_08_NYG_PIT,NYG,PIT,0,0,0,0,0,0,0,13,37,0,1,0,5,0,43,0,2,0,0,0,,0,0,0,0,0,0,0,0,0,0,0,,0
00-0022781,Michael Jenkins,WR,2008,8,REG,2008_08_ATL_PHI,ATL,PHI,0,0,0,0,0,0,0,0,0,0,0,0,3,0,50,0,2,0,0,0,,0,0,0,0,0,0,0,0,0,0,0,,0
00-0022787,Matt Schaub,QB,2008,8,REG,2008_08_CIN_HOU,HOU,CIN,24,28,280,3,0,1,-5,4,-2,0,0,0,0,0,0,0,0,0,0,0,,0,0,0,0,0,0,0,0,0,0,0,,0
00-0022796,Mike Karney,FB,2008,8,REG,2008_08_SD_NO,NO,LAC,0,0,0,0,0,0,0,2,4,1,1,0,0,0,0,0,0,0,0,0,,0,0,0,0,0,0,0,0,0,0,0,,0
00-0022803,Eli Manning,QB,2008,8,REG,2008_08_NYG_PIT,NYG,PIT,19,32,199,1,0,0,0,4,-1,0,1,0,0,0,0,0,0,0,0,0,,0,0,0,0,0,0,0,0,0,0,0,,0
00-0022811,Jerricho Cotchery,WR,2008,8,REG,2008_08_KC_NYJ,NYJ,KC,0,0,0,0,0,0,0,0,0,0,0,0,9,0,102,0,4,0,0,0,,0,0,0,0,0,0,0,0,0,0,0,,0
00-0022821,Michael Turner,RB,2008,8,REG,2008_08_ATL_PHI,ATL,PHI,0,0,0,0,0,0,0,17,58,0,3,0,0,0,0,0,0,0,0,0,,0,0,0,0,0,0,0,0,0,0,0,,0
00-0022824,Andy Lee,P,2008,8,REG,2008_08_SEA_SF,SF,SEA,0,0,0,0,0,0,0,0,0,0,0,0,0,0,0,0,0,0,0,0,,0,0,0,0,0,0,0,0,4,196,170,57,1
00-0022840,Julius Jones,RB,2008,8,REG,2008_08_SEA_SF,SEA,SF,0,0,0,0,0,0,0,6,9,0,0,0,2,0,22,0,2,0,0,0,,0,0,0,0,0,0,0,0,0,0,0,,0
00-0022874,Josh Scobee,K,2008,8,REG,2008_08_CLE_JAX,JAX,CLE,0,0,0,0,0,0,0,0,0,0,0,0,0,0,0,0,0,0,1,2,53,0,0,0,0,1,0,2,2,0,0,0,,0
00-0022889,Reggie Williams,WR,2008,8,REG,2008_08_CLE_JAX,JAX,CLE,0,0,0,0,0,0,0,0,0,0,0,0,3,0,42,1,2,0,0,0,,0,0,0,0,0,0,0,0,0,0,0,,0
00-0022897,Greg Jones,FB,2008,8,REG,2008_08_CLE_JAX,JAX,CLE,0,0,0,0,0,0,0,1,0,0,0,0,1,0,11,0,1,0,0,0,,0,0,0,0,0,0,0,0,0,0,0,,0
00-0022909,Roy Williams,WR,2008,8,REG,2008_08_TB_DAL,DAL,TB,0,0,0,0,0,0,0,0,0,0,0,0,2,0,10,1,1,0,0,0,,0,0,0,0,0,0,0,0,0,0,0,,0
00-0022910,Lee Evans,WR,2008,8,REG,2008_08_BUF_MIA,BUF,MIA,0,0,0,0,0,0,0,0,0,0,0,0,7,0,116,0,6,0,0,0,,0,0,0,0,0,0,0,0,0,0,0,,0
00-0022921,Larry Fitzgerald,WR,2008,8,REG,2008_08_ARI_CAR,ARI,CAR,0,0,0,0,0,0,0,0,0,0,0,0,7,0,115,0,5,0,0,0,,0,0,0,0,0,0,0,0,0,0,0,,0
00-0022924,Ben Roethlisberger,QB,2008,8,REG,2008_08_NYG_PIT,PIT,NYG,13,29,189,1,4,5,-35,1,3,0,0,0,0,0,0,0,0,0,0,0,,0,0,0,0,0,0,0,0,0,0,0,,0
00-0022929,Devery Henderson,WR,2008,8,REG,2008_08_SD_NO,NO,LAC,0,0,0,0,0,0,0,0,0,0,0,0,3,0,34,1,3,0,0,0,,0,0,0,0,0,0,0,0,0,0,0,,0
00-0022942,Philip Rivers,QB,2008,8,REG,2008_08_SD_NO,LAC,NO,25,40,341,3,1,0,0,1,-1,0,0,0,0,0,0,0,0,0,0,0,,0,0,0,0,0,0,0,0,0,0,0,,0
00-0022943,Benjamin Watson,TE,2008,8,REG,2008_08_STL_NE,NE,LA,0,0,0,0,0,0,0,0,0,0,0,0,1,0,13,0,1,0,0,0,,0,0,0,0,0,0,0,0,0,0,0,,0
00-0022954,Ben Graham,P,2008,8,REG,2008_08_SD_NO,NO,LAC,0,0,0,0,0,0,0,0,0,0,0,0,0,0,0,0,0,0,0,0,,0,0,0,0,0,0,0,0,3,126,106,44,1
00-0023001,Shaun Suisham,K,2008,8,REG,2008_08_WAS_DET,WAS,DET,0,0,0,0,0,0,0,0,0,0,0,0,0,0,0,0,0,0,4,5,47,0,1,0,3,0,0,1,1,0,0,0,,0
00-0023063,Leonard Weaver,FB,2008,8,REG,2008_08_SEA_SF,SEA,SF,0,0,0,0,0,0,0,2,13,0,1,0,4,0,116,2,3,0,0,0,,0,0,0,0,0,0,0,0,0,0,0,,0
00-0023179,Tony Curtis,TE,2008,8,REG,2008_08_TB_DAL,DAL,TB,0,0,0,0,0,0,0,0,0,0,0,0,1,0,8,0,0,0,0,0,,0,0,0,0,0,0,0,0,0,0,0,,0
00-0023234,Michael Koenen,P,2008,8,REG,2008_08_ATL_PHI,ATL,PHI,0,0,0,0,0,0,0,0,0,0,0,0,0,0,0,0,0,0,0,0,,0,0,0,0,0,0,0,0,7,264,269,53,5
00-0023310,Lance Moore,WR,2008,8,REG,2008_08_SD_NO,NO,LAC,0,0,0,0,0,0,0,0,0,0,0,0,6,0,90,1,3,0,0,0,,0,0,0,0,0,0,0,0,0,0,0,,0
00-0023367,Nate Washington,WR,2008,8,REG,2008_08_NYG_PIT,PIT,NYG,0,0,0,0,0,0,0,0,0,0,0,0,1,0,65,1,1,0,0,0,,0,0,0,0,0,0,0,0,0,0,0,,0
00-0023408,Greg Camarillo,WR,2008,8,REG,2008_08_BUF_MIA,MIA,BUF,0,0,0,0,0,0,0,1,-5,0,0,0,5,0,35,0,2,0,0,0,,0,0,0,0,0,0,0,0,0,0,0,,0
00-0023437,Ronnie Brown,RB,2008,8,REG,2008_08_BUF_MIA,MIA,BUF,0,0,0,0,0,0,0,14,43,0,4,0,1,0,5,0,0,0,0,0,,0,0,0,0,0,0,0,0,0,0,0,,0
00-0023438,Braylon Edwards,WR,2008,8,REG,2008_08_CLE_JAX,CLE,JAX,0,0,0,0,0,0,0,0,0,0,0,0,2,1,64,0,2,0,0,0,,0,0,0,0,0,0,0,0,0,0,0,,0
00-0023439,Cedric Benson,RB,2008,8,REG,2008_08_CIN_HOU,CIN,HOU,0,0,0,0,0,0,0,13,49,0,3,0,2,0,20,0,1,0,0,0,,0,0,0,0,0,0,0,0,0,0,0,,0
00-0023442,Troy Williamson,WR,2008,8,REG,2008_08_CLE_JAX,JAX,CLE,0,0,0,0,0,0,0,1,1,0,0,0,1,0,6,0,0,0,0,0,,0,0,0,0,0,0,0,0,0,0,0,,0
00-0023456,Matt Jones,WR,2008,8,REG,2008_08_CLE_JAX,JAX,CLE,0,0,0,0,0,0,0,0,0,0,0,0,8,0,117,1,6,0,0,0,,0,0,0,0,0,0,0,0,0,0,0,,0
00-0023457,Mark Clayton,WR,2008,8,REG,2008_08_OAK_BAL,BAL,LV,0,0,0,0,0,0,0,1,2,0,0,0,0,0,0,0,0,0,0,0,,0,0,0,0,0,0,0,0,0,0,0,,0
00-0023460,Jason Campbell,QB,2008,8,REG,2008_08_WAS_DET,WAS,DET,23,28,328,1,0,3,-24,3,-2,0,0,0,0,0,0,0,0,0,0,0,,0,0,0,0,0,0,0,0,0,0,0,,0
00-0023462,Roddy White,WR,2008,8,REG,2008_08_ATL_PHI,ATL,PHI,0,0,0,0,0,0,0,0,0,0,0,0,8,0,113,2,5,0,0,0,,0,0,0,0,0,0,0,0,0,0,0,,0
00-0023465,Heath Miller,TE,2008,8,REG,2008_08_NYG_PIT,PIT,NYG,0,0,0,0,0,0,0,0,0,0,0,0,3,0,52,0,3,0,0,0,,0,0,0,0,0,0,0,0,0,0,0,,0
00-0023474,Mark Bradley,WR,2008,8,REG,2008_08_KC_NYJ,KC,NYJ,0,0,0,0,0,0,0,0,0,0,0,0,5,0,42,1,3,0,0,0,,0,0,0,0,0,0,0,0,0,0,0,,0
00-0023479,J.J. Arrington,RB,2008,8,REG,2008_08_ARI_CAR,ARI,CAR,0,1,0,0,0,0,0,0,0,0,0,0,1,0,7,0,0,0,0,0,,0,0,0,0,0,0,0,0,0,0,0,,0
00-0023490,Roscoe Parrish,WR,2008,8,REG,2008_08_BUF_MIA,BUF,MIA,0,0,0,0,0,0,0,0,0,0,0,0,1,0,3,0,0,0,0,0,,0,0,0,0,0,0,0,0,0,0,0,,0
00-0023496,Vincent Jackson,WR,2008,8,REG,2008_08_SD_NO,LAC,NO,0,0,0,0,0,0,0,0,0,0,0,0,4,0,60,1,4,0,0,0,,0,0,0,0,0,0,0,0,0,0,0,,0
00-0023500,Frank Gore,RB,2008,8,REG,2008_08_SEA_SF,SF,SEA,0,0,0,0,0,0,0,18,94,0,4,0,7,0,65,0,4,0,0,0,,0,0,0,0,0,0,0,0,0,0,0,,0
00-0023506,Alex Smith,TE,2008,8,REG,2008_08_TB_DAL,TB,DAL,0,0,0,0,0,0,0,0,0,0,0,0,2,0,39,0,1,0,0,0,,0,0,0,0,0,0,0,0,0,0,0,,0
00-0023512,Ryan Moats,RB,2008,8,REG,2008_08_CIN_HOU,HOU,CIN,0,0,0,0,0,0,0,3,17,0,1,0,0,0,0,0,0,0,0,0,,0,0,0,0,0,0,0,0,0,0,0,,0
00-0023518,Chris Henry,WR,2008,8,REG,2008_08_CIN_HOU,CIN,HOU,0,0,0,0,0,0,0,0,0,0,0,0,1,0,3,0,0,0,0,0,,0,0,0,0,0,0,0,0,0,0,0,,0
00-0023531,Brandon Jones,WR,2008,8,REG,2008_08_IND_TEN,TEN,IND,0,0,0,0,0,0,0,0,0,0,0,0,4,0,40,0,3,0,0,0,,0,0,0,0,0,0,0,0,0,0,0,,0
00-0023544,Marion Barber,RB,2008,8,REG,2008_08_TB_DAL,DAL,TB,0,0,0,0,0,0,0,25,71,0,7,0,6,0,29,0,1,0,0,0,,0,0,0,0,0,0,0,0,0,0,0,,0
00-0023545,Brandon Jacobs,RB,2008,8,REG,2008_08_NYG_PIT,NYG,PIT,0,0,0,0,0,0,0,18,47,0,2,0,1,0,6,0,0,0,0,0,,0,0,0,0,0,0,0,0,0,0,0,,0
00-0023564,Darren Sproles,RB,2008,8,REG,2008_08_SD_NO,LAC,NO,0,0,0,0,0,0,0,1,6,0,0,0,3,0,45,0,3,0,0,0,,0,0,0,0,0,0,0,0,0,0,0,,0
00-0023578,Dan Orlovsky,QB,2008,8,REG,2008_08_WAS_DET,DET,WAS,21,35,223,1,0,1,-6,2,17,0,0,0,0,0,0,0,0,0,0,0,,0,0,0,0,0,0,0,0,0,0,0,,0
00-0023612,Bo Scaife,TE,2008,8,REG,2008_08_IND_TEN,TEN,IND,0,0,0,0,0,0,0,0,0,0,0,0,5,0,44,0,2,0,0,0,,0,0,0,0,0,0,0,0,0,0,0,,0
00-0023642,Reggie Hodges,P,2008,8,REG,2008_08_KC_NYJ,NYJ,KC,0,0,0,0,0,0,0,0,0,0,0,0,0,0,0,0,0,0,0,0,,0,0,0,0,0,0,0,0,3,143,116,50,1
00-0023645,Derek Anderson,QB,2008,8,REG,2008_08_CLE_JAX,CLE,JAX,14,27,246,1,0,1,-10,0,0,0,0,0,0,0,0,0,0,0,0,0,,0,0,0,0,0,0,0,0,0,0,0,,0
00-0023662,Matt Cassel,QB,2008,8,REG,2008_08_STL_NE,NE,LA,21,33,267,1,2,3,-17,7,22,0,1,0,0,0,0,0,0,0,0,0,,0,0,0,0,0,0,0,0,0,0,0,,0
00-0023682,Ryan Fitzpatrick,QB,2008,8,REG,2008_08_CIN_HOU,CIN,HOU,20,32,155,0,2,2,-7,7,42,0,2,0,0,0,0,0,0,0,0,0,,0,0,0,0,0,0,0,0,0,0,0,,0
00-0023742,Jon Ryan,P,2008,8,REG,2008_08_SEA_SF,SEA,SF,0,0,0,0,0,0,0,0,0,0,0,0,0,0,0,0,0,0,0,0,,0,0,0,0,0,0,0,0,5,267,221,63,1
00-0024013,Hank Baskett,WR,2008,8,REG,2008_08_ATL_PHI,PHI,ATL,0,0,0,0,0,0,0,0,0,0,0,0,1,0,8,0,0,0,0,0,,0,0,0,0,0,0,0,0,0,0,0,,0
00-0024110,Steve Weatherford,P,2008,8,REG,2008_08_KC_NYJ,KC,NYJ,0,0,0,0,0,0,0,0,0,0,0,0,0,0,0,0,0,0,0,0,,0,0,0,0,0,0,0,0,7,289,198,54,1
00-0024204,Fred Jackson,RB,2008,8,REG,2008_08_BUF_MIA,BUF,MIA,0,0,0,0,0,0,0,10,41,0,3,0,1,0,1,0,0,0,0,0,,0,0,0,0,0,0,0,0,0,0,0,,0
00-0024221,Vernon Davis,TE,2008,8,REG,2008_08_SEA_SF,SF,SEA,0,0,0,0,0,0,0,0,0,0,0,0,4,0,29,0,1,0,0,0,,0,0,0,0,0,0,0,0,0,0,0,,0
00-0024242,DeAngelo Williams,RB,2008,8,REG,2008_08_ARI_CAR,CAR,ARI,0,0,0,0,0,0,0,17,108,1,6,0,2,0,15,0,1,0,0,0,,0,0,0,0,0,0,0,0,0,0,0,,0
00-0024243,Marcedes Lewis,TE,2008,8,REG,2008_08_CLE_JAX,JAX,CLE,0,0,0,0,0,0,0,0,0,0,0,0,3,0,34,0,2,0,0,0,,0,0,0,0,0,0,0,0,0,0,0,,0
00-0024260,LenDale White,RB,2008,8,REG,2008_08_IND_TEN,TEN,IND,0,0,0,0,0,0,0,10,13,2,4,0,1,0,1,0,0,0,0,0,,0,0,0,0,0,0,0,0,0,0,0,,0
00-0024268,Anthony Fasano,TE,2008,8,REG,2008_08_BUF_MIA,MIA,BUF,0,0,0,0,0,0,0,0,0,0,0,0,2,0,17,1,2,0,0,0,,0,0,0,0,0,0,0,0,0,0,0,,0
00-0024275,Maurice Jones-Drew,RB,2008,8,REG,2008_08_CLE_JAX,JAX,CLE,0,0,0,0,0,0,0,12,29,0,3,0,3,0,19,0,0,0,0,0,,0,0,0,0,0,0,0,0,0,0,0,,0
00-0024294,Jerious Norwood,RB,2008,8,REG,2008_08_ATL_PHI,ATL,PHI,0,0,0,0,0,0,0,4,5,0,0,0,5,0,55,0,2,0,0,0,,0,0,0,0,0,0,0,0,0,0,0,,0
00-0024301,David Thomas,TE,2008,8,REG,2008_08_STL_NE,NE,LA,0,0,0,0,0,0,0,0,0,0,0,0,1,0,9,0,0,0,0,0,,0,0,0,0,0,0,0,0,0,0,0,,0
00-0024313,Owen Daniels,TE,2008,8,REG,2008_08_CIN_HOU,HOU,CIN,0,0,0,0,0,0,0,0,0,0,0,0,3,0,21,0,2,0,0,0,,0,0,0,0,0,0,0,0,0,0,0,,0
00-0024315,Michael Robinson,FB,2008,8,REG,2008_08_SEA_SF,SF,SEA,0,0,0,0,0,0,0,3,9,0,1,0,2,0,14,0,1,0,0,0,,0,0,0,0,0,0,0,0,0,0,0,,0
00-0024318,Brad Smith,WR,2008,8,REG,2008_08_KC_NYJ,NYJ,KC,0,1,0,0,0,0,0,1,1,0,0,0,0,0,0,0,0,0,0,0,,0,0,0,0,0,0,0,0,0,0,0,,0
00-0024326,Demetrius Williams,WR,2008,8,REG,2008_08_OAK_BAL,BAL,LV,0,0,0,0,0,0,0,0,0,0,0,0,1,0,70,1,1,0,0,0,,0,0,0,0,0,0,0,0,0,0,0,,0
00-0024332,Leon Washington,RB,2008,8,REG,2008_08_KC_NYJ,NYJ,KC,0,0,0,0,0,0,0,3,67,1,1,0,3,0,34,1,3,0,0,0,,0,0,0,0,0,0,0,0,0,0,0,,0
00-0024333,Stephen Gostkowski,K,2008,8,REG,2008_08_STL_NE,NE,LA,0,0,0,0,0,0,0,0,0,0,0,0,0,0,0,0,0,0,3,3,41,0,1,1,1,0,0,2,2,0,0,0,,0
00-0024345,Domenik Hixon,WR,2008,8,REG,2008_08_NYG_PIT,NYG,PIT,0,0,0,0,0,0,0,0,0,0,0,0,1,0,17,0,1,0,0,0,,0,0,0,0,0,0,0,0,0,0,0,,0
00-0024359,Jerome Harrison,RB,2008,8,REG,2008_08_CLE_JAX,CLE,JAX,0,0,0,0,0,0,0,1,-1,0,0,0,0,0,0,0,0,0,0,0,,0,0,0,0,0,0,0,0,0,0,0,,0
00-0024369,Jeff King,TE,2008,8,REG,2008_08_ARI_CAR,CAR,ARI,0,0,0,0,0,0,0,0,0,0,0,0,3,0,41,0,1,0,0,0,,0,0,0,0,0,0,0,0,0,0,0,,0
00-0024389,Delanie Walker,TE,2008,8,REG,2008_08_SEA_SF,SF,SEA,0,0,0,0,0,0,0,0,0,0,0,0,2,0,53,0,1,0,0,0,,0,0,0,0,0,0,0,0,0,0,0,,0
00-0024394,Lawrence Vickers,FB,2008,8,REG,2008_08_CLE_JAX,CLE,JAX,0,0,0,0,0,0,0,2,10,0,1,0,1,0,13,0,1,0,0,0,,0,0,0,0,0,0,0,0,0,0,0,,0
00-0024413,Charlie Johnson,G,2008,8,REG,2008_08_IND_TEN,IND,TEN,0,0,0,0,0,0,0,0,0,0,0,0,1,0,-2,0,0,0,0,0,,0,0,0,0,0,0,0,0,0,0,0,,0
00-0024417,Sam Koch,P,2008,8,REG,2008_08_OAK_BAL,BAL,LV,0,0,0,0,0,0,0,0,0,0,0,0,0,0,0,0,0,0,0,0,,0,0,0,0,0,0,0,0,6,242,217,50,3
00-0024453,Ryan Plackemeier,P,2008,8,REG,2008_08_WAS_DET,WAS,DET,0,0,0,0,0,0,0,0,0,0,0,0,0,0,0,0,0,0,0,0,,0,0,0,0,0,0,0,0,2,81,81,49,1
00-0024465,David Anderson,WR,2008,8,REG,2008_08_CIN_HOU,HOU,CIN,0,0,0,0,0,0,0,0,0,0,0,0,2,0,28,1,2,0,0,0,,0,0,0,0,0,0,0,0,0,0,0,,0
00-0024466,Marques Colston,WR,2008,8,REG,2008_08_SD_NO,NO,LAC,0,0,0,0,0,0,0,0,0,0,0,0,2,0,56,0,1,0,0,0,,0,0,0,0,0,0,0,0,0,0,0,,0
00-0024489,Ahmard Hall,FB,2008,8,REG,2008_08_IND_TEN,TEN,IND,0,0,0,0,0,0,0,0,0,0,0,0,2,0,5,0,0,0,0,0,,0,0,0,0,0,0,0,0,0,0,0,,0
00-0024515,Sav Rocca,P,2008,8,REG,2008_08_ATL_PHI,PHI,ATL,0,0,0,0,0,0,0,0,0,0,0,0,0,0,0,0,0,0,0,0,,0,0,0,0,0,0,0,0,7,286,264,54,2
00-0024681,Brandon London,WR,2008,8,REG,2008_08_BUF_MIA,MIA,BUF,0,0,0,0,0,0,0,0,0,0,0,0,1,0,6,0,0,0,0,0,,0,0,0,0,0,0,0,0,0,0,0,,0
00-0024813,Pierre Thomas,RB,2008,8,REG,2008_08_SD_NO,NO,LAC,0,0,0,0,0,0,0,3,28,0,2,0,0,0,0,0,0,0,0,0,,0,0,0,0,0,0,0,0,0,0,0,,0
00-0024846,Gary Russell,RB,2008,8,REG,2008_08_NYG_PIT,PIT,NYG,0,0,0,0,0,0,0,1,8,0,0,0,0,0,0,0,0,0,0,0,,0,0,0,0,0,0,0,0,0,0,0,,0
00-0025388,JaMarcus Russell,QB,2008,8,REG,2008_08_OAK_BAL,LV,BAL,15,33,228,1,1,4,-41,1,13,0,1,0,0,0,0,0,0,0,0,0,,0,0,0,0,0,0,0,0,0,0,0,,0
00-0025389,Calvin Johnson,WR,2008,8,REG,2008_08_WAS_DET,DET,WAS,0,0,0,0,0,0,0,1,7,0,1,0,4,0,57,1,3,0,0,0,,0,0,0,0,0,0,0,0,0,0,0,,0
00-0025396,Ted Ginn,WR,2008,8,REG,2008_08_BUF_MIA,MIA,BUF,0,0,0,0,0,0,0,0,0,0,0,0,7,0,175,0,6,0,0,0,,0,0,0,0,0,0,0,0,0,0,0,,0
00-0025399,Marshawn Lynch,RB,2008,8,REG,2008_08_BUF_MIA,BUF,MIA,0,0,0,0,0,0,0,13,61,1,4,0,5,0,34,0,1,0,0,0,,0,0,0,0,0,0,0,0,0,0,0,,0
00-0025410,Dwayne Bowe,WR,2008,8,REG,2008_08_KC_NYJ,KC,NYJ,0,0,0,0,0,0,0,0,0,0,0,0,6,0,102,0,4,0,0,0,,0,0,0,0,0,0,0,0,0,0,0,,0
00-0025419,Anthony Gonzalez,WR,2008,8,REG,2008_08_IND_TEN,IND,TEN,0,0,0,0,0,0,0,0,0,0,0,0,4,0,27,0,1,0,0,0,,0,0,0,0,0,0,0,0,0,0,0,,0
00-0025425,Zach Miller,TE,2008,8,REG,2008_08_OAK_BAL,LV,BAL,0,0,0,0,0,0,0,0,0,0,0,0,2,0,56,0,2,0,0,0,,0,0,0,0,0,0,0,0,0,0,0,,0
00-0025432,Dwayne Jarrett,WR,2008,8,REG,2008_08_ARI_CAR,CAR,ARI,0,0,0,0,0,0,0,0,0,0,0,0,2,0,25,0,2,0,0,0,,0,0,0,0,0,0,0,0,0,0,0,,0
00-0025438,Steve Smith,WR,2008,8,REG,2008_08_NYG_PIT,NYG,PIT,0,0,0,0,0,0,0,0,0,0,0,0,3,0,45,0,2,0,0,0,,0,0,0,0,0,0,0,0,0,0,0,,0
00-0025463,Jason Hill,WR,2008,8,REG,2008_08_SEA_SF,SF,SEA,0,0,0,0,0,0,0,0,0,0,0,0,3,0,38,1,2,0,0,0,,0,0,0,0,0,0,0,0,0,0,0,,0
00-0025479,Trent Edwards,QB,2008,8,REG,2008_08_BUF_MIA,BUF,MIA,21,35,227,0,1,2,-7,4,17,0,1,1,0,0,0,0,0,0,0,0,,0,0,0,0,0,0,0,0,0,0,0,,0
00-0025486,Johnnie Lee Higgins,WR,2008,8,REG,2008_08_OAK_BAL,LV,BAL,0,0,0,0,0,0,0,0,0,0,0,0,2,0,16,0,1,0,0,0,,0,0,0,0,0,0,0,0,0,0,0,,0
00-0025487,Michael Bush,RB,2008,8,REG,2008_08_OAK_BAL,LV,BAL,0,0,0,0,0,0,0,5,8,0,0,0,1,0,9,0,0,0,0,0,,0,0,0,0,0,0,0,0,0,0,0,,0
00-0025488,Adam Podlesh,P,2008,8,REG,2008_08_CLE_JAX,JAX,CLE,0,0,0,0,0,0,0,0,0,0,0,0,0,0,0,0,0,0,0,0,,0,0,0,0,0,0,0,0,3,140,115,59,0
00-0025494,Antonio Pittman,RB,2008,8,REG,2008_08_STL_NE,LA,NE,0,0,0,0,0,0,0,19,83,0,4,0,3,0,22,0,1,0,0,0,,0,0,0,0,0,0,0,0,0,0,0,,0
00-0025524,Le'Ron McClain,FB,2008,8,REG,2008_08_OAK_BAL,BAL,LV,0,0,0,0,0,0,0,7,32,0,2,0,1,0,1,0,0,0,0,0,,0,0,0,0,0,0,0,0,0,0,0,,0
00-0025529,Steve Breaston,WR,2008,8,REG,2008_08_ARI_CAR,ARI,CAR,0,0,0,0,0,0,0,0,0,0,0,0,9,0,91,0,3,0,0,0,,0,0,0,0,0,0,0,0,0,0,0,,0
00-0025535,Kolby Smith,RB,2008,8,REG,2008_08_KC_NYJ,KC,NYJ,0,0,0,0,0,0,0,11,15,0,0,0,2,0,15,0,0,0,0,0,,0,0,0,0,0,0,0,0,0,0,0,,0
00-0025540,Kevin Boss,TE,2008,8,REG,2008_08_NYG_PIT,NYG,PIT,0,0,0,0,0,0,0,0,0,0,0,0,4,0,34,1,2,0,0,0,,0,0,0,0,0,0,0,0,0,0,0,,0
00-0025549,Brent Celek,TE,2008,8,REG,2008_08_ATL_PHI,PHI,ATL,0,0,0,0,0,0,0,0,0,0,0,0,2,0,28,0,1,0,0,0,,0,0,0,0,0,0,0,0,0,0,0,,0
00-0025561,Troy Smith,QB,2008,8,REG,2008_08_OAK_BAL,BAL,LV,1,1,43,0,0,0,0,3,13,0,1,0,0,0,0,0,0,0,0,0,,0,0,0,0,0,0,0,0,0,0,0,,0
00-0025565,Nick Folk,K,2008,8,REG,2008_08_TB_DAL,DAL,TB,0,0,0,0,0,0,0,0,0,0,0,0,0,0,0,0,0,0,2,2,45,0,0,1,1,0,0,1,1,0,0,0,,0
00-0025604,Tyler Thigpen,QB,2008,8,REG,2008_08_KC_NYJ,KC,NYJ,25,36,280,2,0,4,-30,4,20,0,1,0,0,0,0,0,0,0,0,0,,0,0,0,0,0,0,0,0,0,0,0,,0
00-0025609,Derek Schouman,TE,2008,8,REG,2008_08_BUF_MIA,BUF,MIA,0,0,0,0,0,0,0,0,0,0,0,0,1,0,9,0,0,0,0,0,,0,0,0,0,0,0,0,0,0,0,0,,0
00-0025612,Brandon Fields,P,2008,8,REG,2008_08_BUF_MIA,MIA,BUF,0,0,0,0,0,0,0,0,0,0,0,0,0,0,0,0,0,0,0,0,,0,0,0,0,0,0,0,0,4,158,158,44,2
00-0025621,Syndric Steptoe,WR,2008,8,REG,2008_08_CLE_JAX,CLE,JAX,0,0,0,0,0,0,0,0,0,0,0,0,1,0,53,0,1,0,0,0,,0,0,0,0,0,0,0,0,0,0,0,,0
00-0025622,Chansi Stuckey,WR,2008,8,REG,2008_08_KC_NYJ,NYJ,KC,0,0,0,0,0,0,0,0,0,0,0,0,3,0,43,0,3,0,0,0,,0,0,0,0,0,0,0,0,0,0,0,,0
00-0025631,Jason Snelling,FB,2008,8,REG,2008_08_ATL_PHI,ATL,PHI,0,0,0,0,0,0,0,0,0,0,0,0,2,0,20,0,1,0,0,0,,0,0,0,0,0,0,0,0,0,0,0,,0
00-0025728,Sam Paulescu,P,2008,8,REG,2008_08_TB_DAL,DAL,TB,0,0,0,0,0,0,0,0,0,0,0,0,0,0,0,0,0,0,0,0,,0,0,0,0,0,0,0,0,7,313,231,60,1
00-0025860,BenJarvus Green-Ellis,RB,2008,8,REG,2008_08_STL_NE,NE,LA,0,0,0,0,0,0,0,9,16,1,3,0,0,0,0,0,0,0,0,0,,0,0,0,0,0,0,0,0,0,0,0,,0
00-0025997,Chad Simpson,RB,2008,8,REG,2008_08_IND_TEN,IND,TEN,0,0,0,0,0,0,0,4,23,0,3,0,2,0,24,0,1,0,0,0,,0,0,0,0,0,0,0,0,0,0,0,,0
00-0026000,Davone Bess,WR,2008,8,REG,2008_08_BUF_MIA,MIA,BUF,0,0,0,0,0,0,0,0,0,0,0,0,2,0,13,0,0,0,0,0,,0,0,0,0,0,0,0,0,0,0,0,,0
00-0026003,Dan Carpenter,K,2008,8,REG,2008_08_BUF_MIA,MIA,BUF,0,0,0,0,0,0,0,0,0,0,0,0,0,0,0,0,0,0,3,4,45,0,0,1,2,0,0,2,2,0,0,0,,0
00-0026069,Mike Tolbert,FB,2008,8,REG,2008_08_SD_NO,LAC,NO,0,0,0,0,0,0,0,1,0,0,0,0,0,0,0,0,0,0,0,0,,0,0,0,0,0,0,0,0,0,0,0,,0
00-0026113,Clifton Smith,RB,2008,8,REG,2008_08_TB_DAL,TB,DAL,0,0,0,0,0,0,0,0,0,0,0,0,1,0,13,0,1,0,0,0,,0,0,0,0,0,0,0,0,0,0,0,,0
00-0026138,Connor Barth,K,2008,8,REG,2008_08_KC_NYJ,KC,NYJ,0,0,0,0,0,0,0,0,0,0,0,0,0,0,0,0,0,0,1,1,30,0,0,1,0,0,0,3,3,0,0,0,,0
00-0026143,Matt Ryan,QB,2008,8,REG,2008_08_ATL_PHI,ATL,PHI,23,44,277,2,2,2,-19,1,4,0,0,0,0,0,0,0,0,0,0,0,,0,0,0,0,0,0,0,0,0,0,0,,0
00-0026153,Jonathan Stewart,RB,2008,8,REG,2008_08_ARI_CAR,CAR,ARI,0,0,0,0,0,0,0,8,10,0,0,0,1,0,0,0,0,0,0,0,,0,0,0,0,0,0,0,0,0,0,0,,0
00-0026158,Joe Flacco,QB,2008,8,REG,2008_08_OAK_BAL,BAL,LV,12,24,140,1,0,0,0,4,23,1,2,0,1,0,43,0,1,0,0,0,,0,0,0,0,0,0,0,0,0,0,0,,0
00-0026164,Chris Johnson,RB,2008,8,REG,2008_08_IND_TEN,TEN,IND,0,0,0,0,0,0,0,19,77,1,4,0,4,0,19,0,0,0,0,0,,0,0,0,0,0,0,0,0,0,0,0,,0
00-0026170,Dustin Keller,TE,2008,8,REG,2008_08_KC_NYJ,NYJ,KC,0,0,0,0,0,0,0,0,0,0,0,0,4,0,38,0,2,0,0,0,,0,0,0,0,0,0,0,0,0,0,0,,0
00-0026173,Donnie Avery,WR,2008,8,REG,2008_08_STL_NE,LA,NE,0,0,0,0,0,0,0,1,-1,0,0,0,6,0,163,1,3,0,0,0,,0,0,0,0,0,0,0,0,0,0,0,,0
00-0026174,Devin Thomas,WR,2008,8,REG,2008_08_WAS_DET,WAS,DET,0,0,0,0,0,0,0,0,0,0,0,0,1,0,9,0,1,0,0,0,,0,0,0,0,0,0,0,0,0,0,0,,0
00-0026178,John Carlson,TE,2008,8,REG,2008_08_SEA_SF,SEA,SF,0,0,0,0,0,0,0,0,0,0,0,0,1,0,13,0,1,0,0,0,,0,0,0,0,0,0,0,0,0,0,0,,0
00-0026181,James Hardy,WR,2008,8,REG,2008_08_BUF_MIA,BUF,MIA,0,0,0,0,0,0,0,0,0,0,0,0,2,0,19,0,1,0,0,0,,0,0,0,0,0,0,0,0,0,0,0,,0
00-0026189,DeSean Jackson,WR,2008,8,REG,2008_08_ATL_PHI,PHI,ATL,0,0,0,0,0,0,0,0,0,0,0,0,3,0,72,0,3,0,0,0,,0,0,0,0,0,0,0,0,0,0,0,,0
00-0026193,Limas Sweed,WR,2008,8,REG,2008_08_NYG_PIT,PIT,NYG,0,0,0,0,0,0,0,0,0,0,0,0,3,0,28,0,2,0,0,0,,0,0,0,0,0,0,0,0,0,0,0,,0
00-0026195,Ray Rice,RB,2008,8,REG,2008_08_OAK_BAL,BAL,LV,0,0,0,0,0,0,0,8,64,0,3,0,3,0,37,0,2,0,0,0,,0,0,0,0,0,0,0,0,0,0,0,,0
00-0026201,Martellus Bennett,TE,2008,8,REG,2008_08_TB_DAL,DAL,TB,0,0,0,0,0,0,0,0,0,0,0,0,3,0,21,0,1,0,0,0,,0,0,0,0,0,0,0,0,0,0,0,,0
00-0026204,Kevin Smith,RB,2008,8,REG,2008_08_WAS_DET,DET,WAS,0,0,0,0,0,0,0,4,12,0,0,0,7,0,50,0,1,0,0,0,,0,0,0,0,0,0,0,0,0,0,0,,0
00-0026213,Jamaal Charles,RB,2008,8,REG,2008_08_KC_NYJ,KC,NYJ,0,0,0,0,0,0,0,5,45,0,2,0,1,0,4,0,0,0,0,0,,0,0,0,0,0,0,0,0,0,0,0,,0
00-0026216,Brad Cottam,TE,2008,8,REG,2008_08_KC_NYJ,KC,NYJ,0,0,0,0,0,0,0,0,0,0,0,0,4,0,34,0,2,0,0,0,,0,0,0,0,0,0,0,0,0,0,0,,0
00-0026221,Early Doucet,WR,2008,8,REG,2008_08_ARI_CAR,ARI,CAR,0,0,0,0,0,0,0,0,0,0,0,0,1,0,5,0,0,0,0,0,,0,0,0,0,0,0,0,0,0,0,0,,0
00-0026224,Harry Douglas,WR,2008,8,REG,2008_08_ATL_PHI,ATL,PHI,0,0,0,0,0,0,0,2,10,0,0,0,0,0,0,0,0,0,0,0,,0,0,0,0,0,0,0,0,0,0,0,,0
00-0026229,Steve Slaton,RB,2008,8,REG,2008_08_CIN_HOU,HOU,CIN,0,0,0,0,0,0,0,15,53,1,2,0,2,0,13,0,1,0,0,0,,0,0,0,0,0,0,0,0,0,0,0,,0
00-0026266,Lavelle Hawkins,WR,2008,8,REG,2008_08_IND_TEN,TEN,IND,0,0,0,0,0,0,0,0,0,0,0,0,1,0,13,0,1,0,0,0,,0,0,0,0,0,0,0,0,0,0,0,,0
00-0026268,Keenan Burton,WR,2008,8,REG,2008_08_STL_NE,LA,NE,0,0,0,0,0,0,0,1,0,0,0,0,2,0,41,0,2,0,0,0,,0,0,0,0,0,0,0,0,0,0,0,,0
00-0026289,Tim Hightower,RB,2008,8,REG,2008_08_ARI_CAR,ARI,CAR,0,0,0,0,0,0,0,6,3,1,2,0,2,0,18,0,1,0,0,0,,0,0,0,0,0,0,0,0,0,0,0,,0
00-0026303,Owen Schmitt,FB,2008,8,REG,2008_08_SEA_SF,SEA,SF,0,0,0,0,0,0,0,1,0,0,0,0,0,0,0,0,0,0,0,0,,0,0,0,0,0,0,0,0,0,0,0,,0
00-0026318,Taylor Mehlhaff,K,2008,8,REG,2008_08_SD_NO,NO,LAC,0,0,0,0,0,0,0,0,0,0,0,0,0,0,0,0,0,0,1,1,23,0,1,0,0,0,0,4,5,0,0,0,,0
00-0026366,Chaz Schilens,WR,2008,8,REG,2008_08_OAK_BAL,LV,BAL,0,0,0,0,0,0,0,0,0,0,0,0,3,0,76,0,1,0,0,0,,0,0,0,0,0,0,0,0,0,0,0,,0
00-0000108,David Akers,K,2008,9,REG,2008_09_PHI_SEA,PHI,SEA,0,0,0,0,0,0,0,0,0,0,0,0,0,0,0,0,0,0,4,4,42,0,1,2,1,0,0,2,2,0,0,0,,0
00-0001157,Mitch Berger,P,2008,9,REG,2008_09_PIT_WAS,PIT,WAS,0,0,0,0,0,0,0,0,0,0,0,0,0,0,0,0,0,0,0,0,,0,0,0,0,0,0,0,0,8,290,271,48,0
00-0001231,Josh Bidwell,P,2008,9,REG,2008_09_TB_KC,TB,KC,0,0,0,0,0,0,0,0,0,0,0,0,0,0,0,0,0,0,0,0,,0,0,0,0,0,0,0,0,3,138,109,50,0
00-0001980,Kris Brown,K,2008,9,REG,2008_09_HOU_MIN,HOU,MIN,0,0,0,0,0,0,0,0,0,0,0,0,0,0,0,0,0,0,0,0,,0,0,0,0,0,0,3,3,0,0,0,,0
00-0002655,John Carney,K,2008,9,REG,2008_09_DAL_NYG,NYG,DAL,0,0,0,0,0,0,0,0,0,0,0,0,0,0,0,0,0,0,0,0,,0,0,0,0,0,0,5,5,0,0,0,,0
00-0003035,Desmond Clark,TE,2008,9,REG,2008_09_DET_CHI,CHI,DET,0,0,0,0,0,0,0,0,0,0,0,0,4,0,36,0,1,0,0,0,,0,0,0,0,0,0,0,0,0,0,0,,0
00-0003292,Kerry Collins,QB,2008,9,REG,2008_09_GB_TEN,TEN,GB,18,37,180,0,0,2,-11,1,8,0,1,0,0,0,0,0,0,0,0,0,,0,0,0,0,0,0,0,0,0,0,0,,0
00-0004091,Phil Dawson,K,2008,9,REG,2008_09_BAL_CLE,CLE,BAL,0,0,0,0,0,0,0,0,0,0,0,0,0,0,0,0,0,0,2,2,54,0,1,0,0,1,0,3,3,0,0,0,,0
00-0004541,Donald Driver,WR,2008,9,REG,2008_09_GB_TEN,GB,TEN,0,0,0,0,0,0,0,0,0,0,0,0,7,0,136,1,6,0,0,0,,0,0,0,0,0,0,0,0,0,0,0,,0
00-0004811,Jason Elam,K,2008,9,REG,2008_09_ATL_OAK,ATL,LV,0,0,0,0,0,0,0,0,0,0,0,0,0,0,0,0,0,0,1,2,48,0,0,0,1,0,0,3,3,0,0,0,,0
00-0004915,Bobby Engram,WR,2008,9,REG,2008_09_PHI_SEA,SEA,PHI,0,0,0,0,0,0,0,0,0,0,0,0,3,0,20,0,0,0,0,0,,0,0,0,0,0,0,0,0,0,0,0,,0
00-0005091,Kevin Faulk,RB,2008,9,REG,2008_09_NE_IND,NE,IND,1,1,-2,0,0,0,0,10,60,0,2,0,5,0,38,0,2,0,0,0,,0,0,0,0,0,0,0,0,0,0,0,,0
00-0005106,Brett Favre,QB,2008,9,REG,2008_09_NYJ_BUF,NYJ,BUF,19,28,201,0,1,0,0,3,-2,0,0,0,0,0,0,0,0,0,0,0,,0,0,0,0,0,0,0,0,0,0,0,,0
00-0005113,Jeff Feagles,P,2008,9,REG,2008_09_DAL_NYG,NYG,DAL,0,0,0,0,0,0,0,0,0,0,0,0,0,0,0,0,0,0,0,0,,0,0,0,0,0,0,0,0,4,161,155,44,3
00-0005589,Gus Frerotte,QB,2008,9,REG,2008_09_HOU_MIN,MIN,HOU,11,18,182,3,1,3,-14,3,0,0,1,0,0,0,0,0,0,0,0,0,,0,0,0,0,0,0,0,0,0,0,0,,0
00-0005720,Joey Galloway,WR,2008,9,REG,2008_09_TB_KC,TB,KC,0,0,0,0,0,0,0,0,0,0,0,0,1,0,22,0,1,0,0,0,,0,0,0,0,0,0,0,0,0,0,0,,0
00-0005755,Jeff Garcia,QB,2008,9,REG,2008_09_TB_KC,TB,KC,31,43,339,1,1,0,0,0,0,0,0,0,0,0,0,0,0,0,0,0,,0,0,0,0,0,0,0,0,0,0,0,,0
00-0006101,Tony Gonzalez,TE,2008,9,REG,2008_09_TB_KC,KC,TB,0,0,0,0,0,0,0,0,0,0,0,0,7,0,62,0,5,0,0,0,,0,0,0,0,0,0,0,0,0,0,0,,0
00-0006799,Chris Hanson,P,2008,9,REG,2008_09_NE_IND,NE,IND,0,0,0,0,0,0,0,0,0,0,0,0,0,0,0,0,0,0,0,0,,0,0,0,0,0,0,0,0,1,64,62,64,1
00-0006800,Jason Hanson,K,2008,9,REG,2008_09_DET_CHI,DET,CHI,0,0,0,0,0,0,0,0,0,0,0,0,0,0,0,0,0,0,1,1,52,0,0,0,0,1,0,2,3,0,0,0,,0
00-0007024,Marvin Harrison,WR,2008,9,REG,2008_09_NE_IND,IND,NE,0,0,0,0,0,0,0,0,0,0,0,0,4,0,50,0,3,0,0,0,,0,0,0,0,0,0,0,0,0,0,0,,0
00-0007213,Steve Heiden,TE,2008,9,REG,2008_09_BAL_CLE,CLE,BAL,0,0,0,0,0,0,0,0,0,0,0,0,2,0,25,0,1,0,0,0,,0,0,0,0,0,0,0,0,0,0,0,,0
00-0007308,Craig Hentrich,P,2008,9,REG,2008_09_GB_TEN,TEN,GB,0,0,0,0,0,0,0,1,-6,0,0,0,0,0,0,0,0,0,0,0,,0,0,0,0,0,0,0,0,6,259,232,60,2
00-0007468,Ike Hilliard,WR,2008,9,REG,2008_09_TB_KC,TB,KC,0,0,0,0,0,0,0,0,0,0,0,0,6,0,55,0,4,0,0,0,,0,0,0,0,0,0,0,0,0,0,0,,0
00-0007681,Torry Holt,WR,2008,9,REG,2008_09_ARI_STL,LA,ARI,0,0,0,0,0,0,0,0,0,0,0,0,6,0,58,1,4,0,0,0,,0,0,0,0,0,0,0,0,0,0,0,,0
00-0008442,Brad Johnson,QB,2008,9,REG,2008_09_DAL_NYG,DAL,NYG,5,11,71,0,2,2,-17,0,0,0,0,0,0,0,0,0,0,0,0,0,,0,0,0,0,0,0,0,0,0,0,0,,0
00-0008484,Dirk Johnson,P,2008,9,REG,2008_09_ARI_STL,ARI,LA,0,0,0,0,0,0,0,0,0,0,0,0,0,0,0,0,0,0,0,0,,0,0,0,0,0,0,0,0,5,211,177,47,2
00-0009119,Reggie Kelly,TE,2008,9,REG,2008_09_JAX_CIN,CIN,JAX,0,0,0,0,0,0,0,0,0,0,0,0,2,0,8,0,0,0,0,0,,0,0,0,0,0,0,0,0,0,0,0,,0
00-0010072,Ryan Longwell,K,2008,9,REG,2008_09_HOU_MIN,MIN,HOU,0,0,0,0,0,0,0,0,0,0,0,0,0,0,0,0,0,0,0,0,,0,0,0,0,0,0,4,4,0,0,0,,0
00-0010346,Peyton Manning,QB,2008,9,REG,2008_09_NE_IND,IND,NE,21,29,254,2,0,0,0,0,0,0,0,0,0,0,0,0,0,0,0,0,,0,0,0,0,0,0,0,0,0,0,0,,0
00-0010373,Olindo Mare,K,2008,9,REG,2008_09_PHI_SEA,SEA,PHI,0,0,0,0,0,0,0,0,0,0,0,0,0,0,0,0,0,0,0,0,,0,0,0,0,0,0,1,1,0,0,0,,0
00-0010500,Derrick Mason,WR,2008,9,REG,2008_09_BAL_CLE,BAL,CLE,0,0,0,0,0,0,0,0,0,0,0,0,9,0,136,1,9,0,0,0,,0,0,0,0,0,0,0,0,0,0,0,,0
00-0010609,Brad Maynard,P,2008,9,REG,2008_09_DET_CHI,CHI,DET,0,0,0,0,0,0,0,0,0,0,0,0,0,0,0,0,0,0,0,0,,0,0,0,0,0,0,0,0,7,266,235,51,2
00-0011022,Donovan McNabb,QB,2008,9,REG,2008_09_PHI_SEA,PHI,SEA,28,43,349,2,1,1,-2,2,6,0,1,0,0,0,0,0,0,0,0,0,,0,0,0,0,0,0,0,0,0,0,0,,0
00-0011626,Brian Moorman,P,2008,9,REG,2008_09_NYJ_BUF,BUF,NYJ,0,0,0,0,0,0,0,0,0,0,0,0,0,0,0,0,0,0,0,0,,0,0,0,0,0,0,0,0,1,39,39,39,0
00-0011754,Randy Moss,WR,2008,9,REG,2008_09_NE_IND,NE,IND,0,0,0,0,0,0,0,0,0,0,0,0,6,0,65,0,4,1,0,0,,0,0,0,0,0,0,0,0,0,0,0,,0
00-0011958,Lorenzo Neal,FB,2008,9,REG,2008_09_BAL_CLE,BAL,CLE,0,0,0,0,0,0,0,1,2,0,0,0,0,0,0,0,0,0,0,0,,0,0,0,0,0,0,0,0,0,0,0,,0
00-0012478,Terrell Owens,WR,2008,9,REG,2008_09_DAL_NYG,DAL,NYG,0,0,0,0,0,0,0,0,0,0,0,0,5,0,36,1,1,1,0,0,,0,0,0,0,0,0,0,0,0,0,0,,0
00-0013013,Michael Pittman,RB,2008,9,REG,2008_09_MIA_DEN,DEN,MIA,0,0,0,0,0,0,0,7,4,0,0,0,2,0,21,0,0,0,0,0,,0,0,0,0,0,0,0,0,0,0,0,,0
00-0013694,Tony Richardson,FB,2008,9,REG,2008_09_NYJ_BUF,NYJ,BUF,0,0,0,0,0,0,0,1,3,0,1,0,0,0,0,0,0,0,0,0,,0,0,0,0,0,0,0,0,0,0,0,,0
00-0015194,Hunter Smith,P,2008,9,REG,2008_09_NE_IND,IND,NE,0,0,0,0,0,0,0,0,0,0,0,0,0,0,0,0,0,0,0,0,,0,0,0,0,0,0,0,0,3,163,119,58,0
00-0015754,Brandon Stokley,WR,2008,9,REG,2008_09_MIA_DEN,DEN,MIA,0,0,0,0,0,0,0,0,0,0,0,0,2,0,18,0,1,0,0,0,,0,0,0,0,0,0,0,0,0,0,0,,0
00-0015784,Matt Stover,K,2008,9,REG,2008_09_BAL_CLE,BAL,CLE,0,0,0,0,0,0,0,0,0,0,0,0,0,0,0,0,0,0,3,3,41,0,1,1,1,0,0,4,4,0,0,0,,0
00-0016098,Fred Taylor,RB,2008,9,REG,2008_09_JAX_CIN,JAX,CIN,0,0,0,0,0,0,0,5,12,0,0,0,1,0,0,0,0,0,0,0,,0,0,0,0,0,0,0,0,0,0,0,,0
00-0016440,James Thrash,WR,2008,9,REG,2008_09_PIT_WAS,WAS,PIT,0,0,0,0,0,0,0,0,0,0,0,0,1,0,5,0,0,0,0,0,,0,0,0,0,0,0,0,0,0,0,0,,0
00-0016550,Amani Toomer,WR,2008,9,REG,2008_09_DAL_NYG,NYG,DAL,0,0,0,0,0,0,0,0,0,0,0,0,2,0,26,1,2,0,0,0,,0,0,0,0,0,0,0,0,0,0,0,,0
00-0016689,Matt Turk,P,2008,9,REG,2008_09_HOU_MIN,HOU,MIN,0,0,0,0,0,0,0,0,0,0,0,0,0,0,0,0,0,0,0,0,,0,0,0,0,0,0,0,0,4,161,136,55,1
00-0016919,Adam Vinatieri,K,2008,9,REG,2008_09_NE_IND,IND,NE,0,0,0,0,0,0,0,0,0,0,0,0,0,0,0,0,0,0,1,1,52,0,0,0,0,1,0,1,1,0,0,0,,0
00-0017162,Hines Ward,WR,2008,9,REG,2008_09_PIT_WAS,PIT,WAS,0,0,0,0,0,0,0,0,0,0,0,0,3,0,39,0,3,0,0,0,,0,0,0,0,0,0,0,0,0,0,0,,0
00-0017200,Kurt Warner,QB,2008,9,REG,2008_09_ARI_STL,ARI,LA,23,34,342,2,0,1,-9,3,-2,0,0,0,0,0,0,0,0,0,0,0,,0,0,0,0,0,0,0,0,0,0,0,,0
00-0017915,Ricky Williams,RB,2008,9,REG,2008_09_MIA_DEN,MIA,DEN,0,0,0,0,0,0,0,6,16,0,1,0,1,0,23,0,1,0,0,0,,0,0,0,0,0,0,0,0,0,0,0,,0
00-0018958,Laveranues Coles,WR,2008,9,REG,2008_09_NYJ_BUF,NYJ,BUF,0,0,0,0,0,0,0,0,0,0,0,0,3,0,40,0,3,0,0,0,,0,0,0,0,0,0,0,0,0,0,0,,0
00-0019281,Mike Furrey,WR,2008,9,REG,2008_09_DET_CHI,DET,CHI,0,0,0,0,0,0,0,0,0,0,0,0,4,0,40,0,2,0,0,0,,0,0,0,0,0,0,0,0,0,0,0,,0
00-0019310,Rian Lindell,K,2008,9,REG,2008_09_NYJ_BUF,BUF,NYJ,0,0,0,0,0,0,0,0,0,0,0,0,0,0,0,0,0,0,1,2,53,0,0,0,0,1,0,2,2,0,0,0,,0
00-0019536,Shayne Graham,K,2008,9,REG,2008_09_JAX_CIN,CIN,JAX,0,0,0,0,0,0,0,0,0,0,0,0,0,0,0,0,0,0,0,0,,0,0,0,0,0,0,3,3,0,0,0,,0
00-0019539,Dante Hall,WR,2008,9,REG,2008_09_ARI_STL,LA,ARI,0,0,0,0,0,0,0,0,0,0,0,0,1,0,4,0,0,0,0,0,,0,0,0,0,0,0,0,0,0,0,0,,0
00-0019559,Chad Pennington,QB,2008,9,REG,2008_09_MIA_DEN,MIA,DEN,23,40,281,0,1,2,-7,2,-1,0,0,0,0,0,0,0,0,0,0,0,,0,0,0,0,0,0,0,0,0,0,0,,0
00-0019587,Terrelle Smith,FB,2008,9,REG,2008_09_ARI_STL,ARI,LA,0,0,0,0,0,0,0,0,0,0,0,0,1,0,18,0,1,0,0,0,,0,0,0,0,0,0,0,0,0,0,0,,0
00-0019599,Marc Bulger,QB,2008,9,REG,2008_09_ARI_STL,LA,ARI,16,33,186,2,2,2,-16,3,32,0,2,0,0,0,0,0,0,0,0,0,,0,0,0,0,0,0,0,0,0,0,0,,0
00-0019641,Thomas Jones,RB,2008,9,REG,2008_09_NYJ_BUF,NYJ,BUF,0,0,0,0,0,0,0,12,69,1,4,0,6,0,38,0,2,0,0,0,,0,0,0,0,0,0,0,0,0,0,0,,0
00-0019642,Plaxico Burress,WR,2008,9,REG,2008_09_DAL_NYG,NYG,DAL,0,0,0,0,0,0,0,0,0,0,0,0,3,0,34,0,2,0,0,0,,0,0,0,0,0,0,0,0,0,0,0,,0
00-0019647,Shaun Alexander,RB,2008,9,REG,2008_09_PIT_WAS,WAS,PIT,0,0,0,0,0,0,0,1,4,0,0,0,0,0,0,0,0,0,0,0,,0,0,0,0,0,0,0,0,0,0,0,,0
00-0019650,Dennis Northcutt,WR,2008,9,REG,2008_09_JAX_CIN,JAX,CIN,0,0,0,0,0,0,0,0,0,0,0,0,4,0,29,0,3,0,0,0,,0,0,0,0,0,0,0,0,0,0,0,,0
00-0019663,Darrell Jackson,WR,2008,9,REG,2008_09_MIA_DEN,DEN,MIA,0,0,0,0,0,0,0,0,0,0,0,0,1,0,23,0,1,0,0,0,,0,0,0,0,0,0,0,0,0,0,0,,0
00-0019676,Neil Rackers,K,2008,9,REG,2008_09_ARI_STL,ARI,LA,0,0,0,0,0,0,0,0,0,0,0,0,0,0,0,0,0,0,2,2,36,0,0,2,0,0,0,4,4,0,0,0,,0
00-0019693,Jamal Lewis,RB,2008,9,REG,2008_09_BAL_CLE,CLE,BAL,0,0,0,0,0,0,0,19,49,0,1,0,1,0,13,0,1,0,0,0,,0,0,0,0,0,0,0,0,0,0,0,,0
00-0019703,Jerry Porter,WR,2008,9,REG,2008_09_JAX_CIN,JAX,CIN,0,0,0,0,0,0,0,0,0,0,0,0,2,0,38,0,1,0,0,0,,0,0,0,0,0,0,0,0,0,0,0,,0
00-0019714,Shane Lechler,P,2008,9,REG,2008_09_ATL_OAK,LV,ATL,0,0,0,0,0,0,0,0,0,0,0,0,0,0,0,0,0,0,0,0,,0,0,0,0,0,0,0,0,6,301,288,64,2
00-0019770,Jay Feely,K,2008,9,REG,2008_09_NYJ_BUF,NYJ,BUF,0,0,0,0,0,0,0,0,0,0,0,0,0,0,0,0,0,0,4,5,37,0,2,2,0,0,0,2,2,0,0,0,,0
00-0019808,Kenny Watson,RB,2008,9,REG,2008_09_JAX_CIN,CIN,JAX,0,0,0,0,0,0,0,1,1,0,0,0,0,0,0,0,0,0,0,0,,0,0,0,0,0,0,0,0,0,0,0,,0
00-0019863,Dominic Rhodes,RB,2008,9,REG,2008_09_NE_IND,IND,NE,0,0,0,0,0,0,0,4,15,0,1,0,1,0,7,0,0,0,0,0,,0,0,0,0,0,0,0,0,0,0,0,,0
00-0019997,Antonio Chatman,WR,2008,9,REG,2008_09_JAX_CIN,CIN,JAX,0,0,0,0,0,0,0,1,2,0,0,0,1,0,2,0,0,0,0,0,,0,0,0,0,0,0,0,0,0,0,0,,0
00-0020267,Nick Harris,P,2008,9,REG,2008_09_DET_CHI,DET,CHI,0,0,0,0,0,0,0,0,0,0,0,0,0,0,0,0,0,0,0,0,,0,0,0,0,0,0,0,0,6,254,213,50,1
00-0020270,Correll Buckhalter,RB,2008,9,REG,2008_09_PHI_SEA,PHI,SEA,0,0,0,0,0,0,0,2,2,0,1,0,1,0,6,0,0,0,0,0,,0,0,0,0,0,0,0,0,0,0,0,,0
00-0020381,Justin McCareins,WR,2008,9,REG,2008_09_GB_TEN,TEN,GB,0,0,0,0,0,0,0,0,0,0,0,0,3,0,42,0,2,0,0,0,,0,0,0,0,0,0,0,0,0,0,0,,0
00-0020391,Jameel Cook,RB,2008,9,REG,2008_09_TB_KC,TB,KC,0,0,0,0,0,0,0,0,0,0,0,0,1,0,9,0,0,0,0,0,,0,0,0,0,0,0,0,0,0,0,0,,0
00-0020397,Chad Johnson,WR,2008,9,REG,2008_09_JAX_CIN,CIN,JAX,0,0,0,0,0,0,0,0,0,0,0,0,5,0,37,2,3,0,0,0,,0,0,0,0,0,0,0,0,0,0,0,,0
00-0020407,Rudi Johnson,RB,2008,9,REG,2008_09_DET_CHI,DET,CHI,0,0,0,0,0,0,0,8,19,0,0,0,2,0,13,0,1,0,0,0,,0,0,0,0,0,0,0,0,0,0,0,,0
00-0020438,T.J. Houshmandzadeh,WR,2008,9,REG,2008_09_JAX_CIN,CIN,JAX,0,0,0,0,0,0,0,0,0,0,0,0,7,0,65,0,2,0,0,0,,0,0,0,0,0,0,0,0,0,0,0,,0
00-0020480,Sage Rosenfels,QB,2008,9,REG,2008_09_HOU_MIN,HOU,MIN,21,29,224,2,1,2,-16,0,0,0,0,0,0,0,0,0,0,0,0,0,,0,0,0,0,0,0,0,0,0,0,0,,0
00-0020490,Koren Robinson,WR,2008,9,REG,2008_09_PHI_SEA,SEA,PHI,0,0,0,0,0,0,0,1,-4,0,0,0,4,0,105,1,1,0,0,0,,0,0,0,0,0,0,0,0,0,0,0,,0
00-0020494,Santana Moss,WR,2008,9,REG,2008_09_PIT_WAS,WAS,PIT,0,0,0,0,0,0,0,0,0,0,0,0,2,0,14,0,1,0,0,0,,0,0,0,0,0,0,0,0,0,0,0,,0
00-0020498,Reggie Wayne,WR,2008,9,REG,2008_09_NE_IND,IND,NE,0,0,0,0,0,0,0,0,0,0,0,0,5,0,65,0,5,0,0,0,,0,0,0,0,0,0,0,0,0,0,0,,0
00-0020505,Adrian Wilson,S,2008,9,REG,2008_09_ARI_STL,ARI,LA,0,0,0,0,0,0,0,0,0,0,0,0,1,0,7,0,0,0,0,0,,0,0,0,0,0,0,0,0,0,0,0,,0
00-0020507,Heath Evans,FB,2008,9,REG,2008_09_NE_IND,NE,IND,0,0,0,0,0,0,0,2,3,0,1,0,0,0,0,0,0,0,0,0,,0,0,0,0,0,0,0,0,0,0,0,,0
00-0020508,Moran Norris,FB,2008,9,REG,2008_09_DET_CHI,DET,CHI,0,0,0,0,0,0,0,1,1,0,0,0,0,0,0,0,0,0,0,0,,0,0,0,0,0,0,0,0,0,0,0,,0
00-0020514,Michael Bennett,RB,2008,9,REG,2008_09_TB_KC,TB,KC,0,0,0,0,0,0,0,2,1,0,0,0,0,0,0,0,0,0,0,0,,0,0,0,0,0,0,0,0,0,0,0,,0
00-0020578,Matt Bryant,K,2008,9,REG,2008_09_TB_KC,TB,KC,0,0,0,0,0,0,0,0,0,0,0,0,0,0,0,0,0,0,3,3,43,0,1,1,1,0,0,1,1,0,0,0,,0
00-0020617,Nate Jackson,TE,2008,9,REG,2008_09_MIA_DEN,DEN,MIA,0,0,0,0,0,0,0,0,0,0,0,0,1,0,2,0,0,0,0,0,,0,0,0,0,0,0,0,0,0,0,0,,0
00-0020737,Jeff Reed,K,2008,9,REG,2008_09_PIT_WAS,PIT,WAS,0,0,0,0,0,0,0,0,0,0,0,0,0,0,0,0,0,0,1,1,35,0,0,1,0,0,0,2,3,0,0,0,,0
00-0020804,Corey McIntyre,FB,2008,9,REG,2008_09_NYJ_BUF,BUF,NYJ,0,0,0,0,0,0,0,0,0,0,0,0,1,0,-1,0,0,0,0,0,,0,0,0,0,0,0,0,0,0,0,0,,0
00-0020805,Jason McKie,RB,2008,9,REG,2008_09_DET_CHI,CHI,DET,0,0,0,0,0,0,0,2,8,0,0,0,1,0,9,0,1,0,0,0,,0,0,0,0,0,0,0,0,0,0,0,,0
00-0020962,Rob Bironas,K,2008,9,REG,2008_09_GB_TEN,TEN,GB,0,0,0,0,0,0,0,0,0,0,0,0,0,0,0,0,0,0,4,5,41,0,2,1,1,0,0,1,1,0,0,0,,0
00-0021084,Matt Schobel,TE,2008,9,REG,2008_09_PHI_SEA,PHI,SEA,0,0,0,0,0,0,0,0,0,0,0,0,2,0,10,0,0,0,0,0,,0,0,0,0,0,0,0,0,0,0,0,,0
00-0021153,Javon Walker,WR,2008,9,REG,2008_09_ATL_OAK,LV,ATL,0,0,0,0,0,0,0,0,0,0,0,0,1,0,7,0,0,0,0,0,,0,0,0,0,0,0,0,0,0,0,0,,0
00-0021154,Daniel Graham,TE,2008,9,REG,2008_09_MIA_DEN,DEN,MIA,0,0,0,0,0,0,0,0,0,0,0,0,1,0,23,0,1,0,0,0,,0,0,0,0,0,0,0,0,0,0,0,,0
00-0021163,Jabar Gaffney,WR,2008,9,REG,2008_09_NE_IND,NE,IND,0,0,0,0,0,0,0,0,0,0,0,0,1,0,11,0,1,0,0,0,,0,0,0,0,0,0,0,0,0,0,0,,0
00-0021179,Clinton Portis,RB,2008,9,REG,2008_09_PIT_WAS,WAS,PIT,0,0,0,0,0,0,0,13,51,0,2,0,7,0,73,0,3,0,0,0,,0,0,0,0,0,0,0,0,0,0,0,,0
00-0021182,Maurice Morris,RB,2008,9,REG,2008_09_PHI_SEA,SEA,PHI,0,0,0,0,0,0,0,8,43,0,2,0,0,0,0,0,0,0,0,0,,0,0,0,0,0,0,0,0,0,0,0,,0
00-0021190,Antwaan Randle El,WR,2008,9,REG,2008_09_PIT_WAS,WAS,PIT,0,0,0,0,0,0,0,0,0,0,0,0,3,0,22,0,1,0,0,0,,0,0,0,0,0,0,0,0,0,0,0,,0
00-0021191,Antonio Bryant,WR,2008,9,REG,2008_09_TB_KC,TB,KC,0,0,0,0,0,0,0,0,0,0,0,0,8,0,115,1,6,0,0,0,,0,0,0,0,0,0,0,0,0,0,0,,0
00-0021216,Brian Westbrook,RB,2008,9,REG,2008_09_PHI_SEA,PHI,SEA,0,0,0,0,0,0,0,20,61,0,1,0,6,0,35,0,2,0,0,0,,0,0,0,0,0,0,0,0,0,0,0,,0
00-0021227,Justin Peelle,TE,2008,9,REG,2008_09_ATL_OAK,ATL,LV,0,0,0,0,0,0,0,0,0,0,0,0,3,0,33,0,2,0,0,0,,0,0,0,0,0,0,0,0,0,0,0,,0
00-0021231,David Garrard,QB,2008,9,REG,2008_09_JAX_CIN,JAX,CIN,23,38,229,0,1,3,-15,6,23,0,2,0,0,0,0,0,0,0,0,0,,0,0,0,0,0,0,0,0,0,0,0,,0
00-0021235,Dave Zastudil,P,2008,9,REG,2008_09_BAL_CLE,CLE,BAL,0,0,0,0,0,0,0,0,0,0,0,0,0,0,0,0,0,0,0,0,,0,0,0,0,0,0,0,0,6,250,224,55,1
00-0021252,Najeh Davenport,RB,2008,9,REG,2008_09_PIT_WAS,PIT,WAS,0,0,0,0,0,0,0,1,2,0,1,0,0,0,0,0,0,0,0,0,,0,0,0,0,0,0,0,0,0,0,0,,0
00-0021273,Robert Royal,TE,2008,9,REG,2008_09_NYJ_BUF,BUF,NYJ,0,0,0,0,0,0,0,0,0,0,0,0,5,0,70,0,4,0,0,0,,0,0,0,0,0,0,0,0,0,0,0,,0
00-0021304,John Gilmore,TE,2008,9,REG,2008_09_TB_KC,TB,KC,0,0,0,0,0,0,0,0,0,0,0,0,4,0,40,0,3,0,0,0,,0,0,0,0,0,0,0,0,0,0,0,,0
00-0021314,Chester Taylor,RB,2008,9,REG,2008_09_HOU_MIN,MIN,HOU,0,0,0,0,0,0,0,7,38,0,2,0,3,0,25,0,1,0,0,0,,0,0,0,0,0,0,0,0,0,0,0,,0
00-0021376,T.J. Duckett,RB,2008,9,REG,2008_09_PHI_SEA,SEA,PHI,0,0,0,0,0,0,0,2,4,0,2,0,0,0,0,0,0,0,0,0,,0,0,0,0,0,0,0,0,0,0,0,,0
00-0021500,Derrick Frost,P,2008,9,REG,2008_09_GB_TEN,GB,TEN,0,0,0,0,0,0,0,0,0,0,0,0,0,0,0,0,0,0,0,0,,0,0,0,0,0,0,0,0,3,133,120,55,1
00-0021508,Greg Lewis,WR,2008,9,REG,2008_09_PHI_SEA,PHI,SEA,0,0,0,0,0,0,0,0,0,0,0,0,2,0,16,0,1,0,0,0,,0,0,0,0,0,0,0,0,0,0,0,,0
00-0021647,Jerheme Urban,WR,2008,9,REG,2008_09_ARI_STL,ARI,LA,0,0,0,0,0,0,0,0,0,0,0,0,1,0,56,1,1,0,0,0,,0,0,0,0,0,0,0,0,0,0,0,,0
00-0021755,Earnest Graham,RB,2008,9,REG,2008_09_TB_KC,TB,KC,1,1,3,1,0,0,0,19,62,0,3,2,5,0,29,0,1,0,0,0,,0,0,0,0,0,0,0,0,0,0,0,,0
00-0021929,Donald Lee,TE,2008,9,REG,2008_09_GB_TEN,GB,TEN,0,0,0,0,0,0,0,0,0,0,0,0,3,0,22,0,0,0,0,0,,0,0,0,0,0,0,0,0,0,0,0,,0
00-0021931,Kevin Walter,WR,2008,9,REG,2008_09_HOU_MIN,HOU,MIN,0,0,0,0,0,0,0,0,0,0,0,0,4,0,47,0,2,0,0,0,,0,0,0,0,0,0,0,0,0,0,0,,0
00-0021940,Josh Brown,K,2008,9,REG,2008_09_ARI_STL,LA,ARI,0,0,0,0,0,0,0,0,0,0,0,0,0,0,0,0,0,0,0,0,,0,0,0,0,0,0,1,1,0,0,0,,0
00-0021981,Shaun McDonald,WR,2008,9,REG,2008_09_DET_CHI,DET,CHI,0,0,0,0,0,0,0,0,0,0,0,0,6,0,65,1,4,0,0,0,,0,0,0,0,0,0,0,0,0,0,0,,0
00-0022001,Kevin Curtis,WR,2008,9,REG,2008_09_PHI_SEA,PHI,SEA,0,0,0,0,0,0,0,0,0,0,0,0,6,0,83,0,4,0,0,0,,0,0,0,0,0,0,0,0,0,0,0,,0
00-0022026,Brooks Bollinger,QB,2008,9,REG,2008_09_DAL_NYG,DAL,NYG,9,16,63,1,1,2,-15,0,0,0,0,0,0,0,0,0,0,0,0,0,,0,0,0,0,0,0,0,0,0,0,0,,0
00-0022044,Andre Johnson,WR,2008,9,REG,2008_09_HOU_MIN,HOU,MIN,0,0,0,0,0,0,0,0,0,0,0,0,4,0,62,1,3,0,0,0,,0,0,0,0,0,0,0,0,0,0,0,,0
00-0022054,Visanthe Shiancoe,TE,2008,9,REG,2008_09_HOU_MIN,MIN,HOU,0,0,0,0,0,0,0,0,0,0,0,0,1,0,25,1,1,0,0,0,,0,0,0,0,0,0,0,0,0,0,0,,0
00-0022055,Seneca Wallace,QB,2008,9,REG,2008_09_PHI_SEA,SEA,PHI,13,29,169,1,0,4,-22,1,2,0,0,0,0,0,0,0,0,0,0,0,,0,0,0,0,0,0,0,0,0,0,0,,0
00-0022084,Anquan Boldin,WR,2008,9,REG,2008_09_ARI_STL,ARI,LA,0,0,0,0,0,0,0,2,8,0,1,0,6,0,85,1,4,0,0,0,,0,0,0,0,0,0,0,0,0,0,0,,0
00-0022093,Justin Fargas,RB,2008,9,REG,2008_09_ATL_OAK,LV,ATL,0,0,0,0,0,0,0,6,23,0,1,0,0,0,0,0,0,0,0,0,,0,0,0,0,0,0,0,0,0,0,0,,0
00-0022121,Rex Grossman,QB,2008,9,REG,2008_09_DET_CHI,CHI,DET,9,19,58,1,1,0,0,2,3,1,2,0,0,0,0,0,0,0,0,0,,0,0,0,0,0,0,0,0,0,0,0,,0
00-0022143,Ovie Mughelli,FB,2008,9,REG,2008_09_ATL_OAK,ATL,LV,0,0,0,0,0,0,0,0,0,0,0,0,2,0,23,0,1,0,0,0,,0,0,0,0,0,0,0,0,0,0,0,,0
00-0022144,Bobby Wade,WR,2008,9,REG,2008_09_HOU_MIN,MIN,HOU,0,0,0,0,0,0,0,0,0,0,0,0,3,0,16,0,0,0,0,0,,0,0,0,0,0,0,0,0,0,0,0,,0
00-0022165,Dallas Clark,TE,2008,9,REG,2008_09_NE_IND,IND,NE,0,0,0,0,0,0,0,0,0,0,0,0,4,0,63,0,3,0,0,0,,0,0,0,0,0,0,0,0,0,0,0,,0
00-0022177,Byron Leftwich,QB,2008,9,REG,2008_09_PIT_WAS,PIT,WAS,7,10,129,1,0,2,-13,1,-1,0,0,0,0,0,0,0,0,0,0,0,,0,0,0,0,0,0,0,0,0,0,0,,0
00-0022217,Mewelde Moore,RB,2008,9,REG,2008_09_PIT_WAS,PIT,WAS,0,0,0,0,0,0,0,4,-2,0,0,0,3,0,45,0,3,0,0,0,,0,0,0,0,0,0,0,0,0,0,0,,0
00-0022250,Willie Parker,RB,2008,9,REG,2008_09_PIT_WAS,PIT,WAS,0,0,0,0,0,0,0,21,70,1,2,0,0,0,0,0,0,0,0,0,,0,0,0,0,0,0,0,0,0,0,0,,0
00-0022288,Jason Wright,RB,2008,9,REG,2008_09_BAL_CLE,CLE,BAL,0,0,0,0,0,0,0,1,2,0,0,0,3,0,22,1,2,0,0,0,,0,0,0,0,0,0,0,0,0,0,0,,0
00-0022397,Vonta Leach,FB,2008,9,REG,2008_09_HOU_MIN,HOU,MIN,0,0,0,0,0,0,0,0,0,0,0,0,1,0,9,0,0,0,0,0,,0,0,0,0,0,0,0,0,0,0,0,,0
00-0022405,Lousaka Polite,FB,2008,9,REG,2008_09_MIA_DEN,MIA,DEN,0,0,0,0,0,0,0,1,1,0,1,0,0,0,0,0,0,0,0,0,,0,0,0,0,0,0,0,0,0,0,0,,0
00-0022427,Wes Welker,WR,2008,9,REG,2008_09_NE_IND,NE,IND,0,0,0,0,0,0,0,0,0,0,0,0,7,0,37,0,1,0,0,0,,0,0,0,0,0,0,0,0,0,0,0,,0
00-0022555,Ben Utecht,TE,2008,9,REG,2008_09_JAX_CIN,CIN,JAX,0,0,0,0,0,0,0,0,0,0,0,0,2,0,21,0,2,0,0,0,,0,0,0,0,0,0,0,0,0,0,0,,0
00-0022589,Kyle Larson,P,2008,9,REG,2008_09_JAX_CIN,CIN,JAX,0,0,0,0,0,0,0,0,0,0,0,0,0,0,0,0,0,0,0,0,,0,0,0,0,0,0,0,0,7,248,234,42,4
00-0022684,Donnie Jones,P,2008,9,REG,2008_09_ARI_STL,LA,ARI,0,0,0,0,0,0,0,0,0,0,0,0,0,0,0,0,0,0,0,0,,0,0,0,0,0,0,0,0,7,353,338,52,3
00-0022706,Michael Gaines,TE,2008,9,REG,2008_09_DET_CHI,DET,CHI,0,0,0,0,0,0,0,0,0,0,0,0,6,0,64,0,4,1,0,0,,0,0,0,0,0,0,0,0,0,0,0,,0
00-0022725,Michael Clayton,WR,2008,9,REG,2008_09_TB_KC,TB,KC,0,0,0,0,0,0,0,1,1,0,0,0,4,0,57,0,3,0,0,0,,0,0,0,0,0,0,0,0,0,0,0,,0
00-0022736,Steven Jackson,RB,2008,9,REG,2008_09_ARI_STL,LA,ARI,0,0,0,0,0,0,0,7,17,0,2,0,0,0,0,0,0,0,0,0,,0,0,0,0,0,0,0,0,0,0,0,,0
00-0022738,Chris Cooley,TE,2008,9,REG,2008_09_PIT_WAS,WAS,PIT,0,0,0,0,0,0,0,0,0,0,0,0,8,0,78,0,4,0,0,0,,0,0,0,0,0,0,0,0,0,0,0,,0
00-0022766,Patrick Crayton,WR,2008,9,REG,2008_09_DAL_NYG,DAL,NYG,0,0,0,0,0,0,0,0,0,0,0,0,4,0,46,0,2,0,0,0,,0,0,0,0,0,0,0,0,0,0,0,,0
00-0022770,Derrick Ward,RB,2008,9,REG,2008_09_DAL_NYG,NYG,DAL,0,0,0,0,0,0,0,12,63,1,6,0,2,0,26,0,1,0,0,0,,0,0,0,0,0,0,0,0,0,0,0,,0
00-0022781,Michael Jenkins,WR,2008,9,REG,2008_09_ATL_OAK,ATL,LV,0,0,0,0,0,0,0,0,0,0,0,0,2,0,64,2,2,0,0,0,,0,0,0,0,0,0,0,0,0,0,0,,0
00-0022782,Kevin Jones,RB,2008,9,REG,2008_09_DET_CHI,CHI,DET,0,0,0,0,0,0,0,1,-1,0,0,0,0,0,0,0,0,0,0,0,,0,0,0,0,0,0,0,0,0,0,0,,0
00-0022787,Matt Schaub,QB,2008,9,REG,2008_09_HOU_MIN,HOU,MIN,11,16,139,0,1,3,-20,0,0,0,0,0,0,0,0,0,0,0,0,0,,0,0,0,0,0,0,0,0,0,0,0,,0
00-0022803,Eli Manning,QB,2008,9,REG,2008_09_DAL_NYG,NYG,DAL,16,27,147,3,1,4,-28,0,0,0,0,0,0,0,0,0,0,0,0,0,,0,0,0,0,0,0,0,0,0,0,0,,0
00-0022807,Bernard Berrian,WR,2008,9,REG,2008_09_HOU_MIN,MIN,HOU,0,0,0,0,0,0,0,0,0,0,0,0,2,0,104,1,2,0,0,0,,0,0,0,0,0,0,0,0,0,0,0,,0
00-0022811,Jerricho Cotchery,WR,2008,9,REG,2008_09_NYJ_BUF,NYJ,BUF,0,0,0,0,0,0,0,1,8,0,0,0,6,0,62,0,3,0,0,0,,0,0,0,0,0,0,0,0,0,0,0,,0
00-0022821,Michael Turner,RB,2008,9,REG,2008_09_ATL_OAK,ATL,LV,0,0,0,0,0,0,0,31,139,0,6,0,0,0,0,0,0,0,0,0,,0,0,0,0,0,0,0,0,0,0,0,,0
00-0022840,Julius Jones,RB,2008,9,REG,2008_09_PHI_SEA,SEA,PHI,0,0,0,0,0,0,0,10,41,0,3,0,1,0,4,0,0,0,0,0,,0,0,0,0,0,0,0,0,0,0,0,,0
00-0022847,Ben Hartsock,TE,2008,9,REG,2008_09_ATL_OAK,ATL,LV,0,0,0,0,0,0,0,0,0,0,0,0,1,0,2,0,0,0,0,0,,0,0,0,0,0,0,0,0,0,0,0,,0
00-0022874,Josh Scobee,K,2008,9,REG,2008_09_JAX_CIN,JAX,CIN,0,0,0,0,0,0,0,0,0,0,0,0,0,0,0,0,0,0,2,2,52,0,1,0,0,1,0,1,1,0,0,0,,0
00-0022889,Reggie Williams,WR,2008,9,REG,2008_09_JAX_CIN,JAX,CIN,0,0,0,0,0,0,0,0,0,0,0,0,2,0,12,0,0,0,0,0,,0,0,0,0,0,0,0,0,0,0,0,,0
00-0022909,Roy Williams,WR,2008,9,REG,2008_09_DAL_NYG,DAL,NYG,0,0,0,0,0,0,0,0,0,0,0,0,1,0,28,0,1,0,0,0,,0,0,0,0,0,0,0,0,0,0,0,,0
00-0022910,Lee Evans,WR,2008,9,REG,2008_09_NYJ_BUF,BUF,NYJ,0,0,0,0,0,0,0,0,0,0,0,0,4,0,41,0,2,0,0,0,,0,0,0,0,0,0,0,0,0,0,0,,0
00-0022921,Larry Fitzgerald,WR,2008,9,REG,2008_09_ARI_STL,ARI,LA,0,0,0,0,0,0,0,0,0,0,0,0,6,0,81,0,2,0,0,0,,0,0,0,0,0,0,0,0,0,0,0,,0
00-0022922,Kellen Winslow,TE,2008,9,REG,2008_09_BAL_CLE,CLE,BAL,0,0,0,0,0,0,0,0,0,0,0,0,5,0,64,0,4,0,0,0,,0,0,0,0,0,0,0,0,0,0,0,,0
00-0022924,Ben Roethlisberger,QB,2008,9,REG,2008_09_PIT_WAS,PIT,WAS,5,17,50,0,1,3,-6,1,1,1,1,0,0,0,0,0,0,0,0,0,,0,0,0,0,0,0,0,0,0,0,0,,0
00-0022926,Chris Perry,RB,2008,9,REG,2008_09_JAX_CIN,CIN,JAX,0,0,0,0,0,0,0,0,0,0,0,0,1,0,10,0,1,0,0,0,,0,0,0,0,0,0,0,0,0,0,0,,0
00-0022943,Benjamin Watson,TE,2008,9,REG,2008_09_NE_IND,NE,IND,0,0,0,0,0,0,0,0,0,0,0,0,3,0,14,0,1,0,0,0,,0,0,0,0,0,0,0,0,0,0,0,,0
00-0022984,Ryan Grant,RB,2008,9,REG,2008_09_GB_TEN,GB,TEN,0,0,0,0,0,0,0,20,86,0,3,0,0,0,0,0,0,0,0,0,,0,0,0,0,0,0,0,0,0,0,0,,0
00-0022999,John Kuhn,FB,2008,9,REG,2008_09_GB_TEN,GB,TEN,0,0,0,0,0,0,0,1,2,0,1,0,1,0,2,0,0,0,0,0,,0,0,0,0,0,0,0,0,0,0,0,,0
00-0023001,Shaun Suisham,K,2008,9,REG,2008_09_PIT_WAS,WAS,PIT,0,0,0,0,0,0,0,0,0,0,0,0,0,0,0,0,0,0,2,2,44,0,0,0,2,0,0,0,0,0,0,0,,0
00-0023060,Chris Kluwe,P,2008,9,REG,2008_09_HOU_MIN,MIN,HOU,0,0,0,0,0,0,0,0,0,0,0,0,0,0,0,0,0,0,0,0,,0,0,0,0,0,0,0,0,6,264,265,57,4
00-0023234,Michael Koenen,P,2008,9,REG,2008_09_ATL_OAK,ATL,LV,0,0,0,0,0,0,0,0,0,0,0,0,0,0,0,0,0,0,0,0,,0,0,0,0,0,0,0,0,1,33,33,33,1
00-0023252,Robbie Gould,K,2008,9,REG,2008_09_DET_CHI,CHI,DET,0,0,0,0,0,0,0,0,0,0,0,0,0,0,0,0,0,0,2,2,41,0,0,1,1,0,0,3,3,0,0,0,,0
00-0023367,Nate Washington,WR,2008,9,REG,2008_09_PIT_WAS,PIT,WAS,0,0,0,0,0,0,0,1,-6,0,0,0,2,0,59,0,2,0,0,0,,0,0,0,0,0,0,0,0,0,0,0,,0
00-0023408,Greg Camarillo,WR,2008,9,REG,2008_09_MIA_DEN,MIA,DEN,0,0,0,0,0,0,0,0,0,0,0,0,11,0,111,0,6,0,0,0,,0,0,0,0,0,0,0,0,0,0,0,,0
00-0023429,Rashied Davis,WR,2008,9,REG,2008_09_DET_CHI,CHI,DET,0,0,0,0,0,0,0,0,0,0,0,0,5,0,64,1,4,0,0,0,,0,0,0,0,0,0,0,0,0,0,0,,0
00-0023437,Ronnie Brown,RB,2008,9,REG,2008_09_MIA_DEN,MIA,DEN,0,0,0,0,0,1,-8,20,59,1,2,0,3,0,30,0,2,0,0,0,,0,0,0,0,0,0,0,0,0,0,0,,0
00-0023438,Braylon Edwards,WR,2008,9,REG,2008_09_BAL_CLE,CLE,BAL,0,0,0,0,0,0,0,0,0,0,0,0,4,0,86,1,4,0,0,0,,0,0,0,0,0,0,0,0,0,0,0,,0
00-0023439,Cedric Benson,RB,2008,9,REG,2008_09_JAX_CIN,CIN,JAX,0,0,0,0,0,0,0,24,104,1,6,0,1,0,5,0,0,0,0,0,,0,0,0,0,0,0,0,0,0,0,0,,0
00-0023456,Matt Jones,WR,2008,9,REG,2008_09_JAX_CIN,JAX,CIN,0,0,0,0,0,0,0,0,0,0,0,0,7,0,69,0,4,0,0,0,,0,0,0,0,0,0,0,0,0,0,0,,0
00-0023457,Mark Clayton,WR,2008,9,REG,2008_09_BAL_CLE,BAL,CLE,0,0,0,0,0,0,0,0,0,0,0,0,4,0,87,1,3,0,0,0,,0,0,0,0,0,0,0,0,0,0,0,,0
00-0023459,Aaron Rodgers,QB,2008,9,REG,2008_09_GB_TEN,GB,TEN,22,41,314,1,1,4,-26,2,11,0,1,0,0,0,0,0,0,0,0,0,,0,0,0,0,0,0,0,0,0,0,0,,0
00-0023460,Jason Campbell,QB,2008,9,REG,2008_09_PIT_WAS,WAS,PIT,24,43,206,0,2,7,-45,1,5,0,0,0,0,0,0,0,0,0,0,0,,0,0,0,0,0,0,0,0,0,0,0,,0
00-0023462,Roddy White,WR,2008,9,REG,2008_09_ATL_OAK,ATL,LV,0,0,0,0,0,0,0,0,0,0,0,0,5,0,54,0,4,0,0,0,,0,0,0,0,0,0,0,0,0,0,0,,0
00-0023470,Reggie Brown,WR,2008,9,REG,2008_09_PHI_SEA,PHI,SEA,0,0,0,0,0,0,0,0,0,0,0,0,1,0,22,1,1,0,0,0,,0,0,0,0,0,0,0,0,0,0,0,,0
00-0023474,Mark Bradley,WR,2008,9,REG,2008_09_TB_KC,KC,TB,1,1,37,1,0,0,0,0,0,0,0,0,4,0,65,0,1,0,0,0,,0,0,0,0,0,0,0,0,0,0,0,,0
00-0023479,J.J. Arrington,RB,2008,9,REG,2008_09_ARI_STL,ARI,LA,0,0,0,0,0,0,0,6,62,0,2,0,5,0,57,0,3,0,0,0,,0,0,0,0,0,0,0,0,0,0,0,,0
00-0023490,Roscoe Parrish,WR,2008,9,REG,2008_09_NYJ_BUF,BUF,NYJ,0,0,0,0,0,0,0,0,0,0,0,0,3,0,51,0,2,0,0,0,,0,0,0,0,0,0,0,0,0,0,0,,0
00-0023506,Alex Smith,TE,2008,9,REG,2008_09_TB_KC,TB,KC,0,0,0,0,0,0,0,0,0,0,0,0,2,0,12,1,1,0,0,0,,0,0,0,0,0,0,0,0,0,0,0,,0
00-0023518,Chris Henry,WR,2008,9,REG,2008_09_JAX_CIN,CIN,JAX,0,0,0,0,0,0,0,0,0,0,0,0,2,0,14,0,0,0,0,0,,0,0,0,0,0,0,0,0,0,0,0,,0
00-0023531,Brandon Jones,WR,2008,9,REG,2008_09_GB_TEN,TEN,GB,0,0,0,0,0,0,0,1,7,0,0,0,4,0,36,0,3,0,0,0,,0,0,0,0,0,0,0,0,0,0,0,,0
00-0023541,Kyle Orton,QB,2008,9,REG,2008_09_DET_CHI,CHI,DET,8,14,108,0,0,1,0,2,7,1,1,0,0,0,0,0,0,0,0,0,,0,0,0,0,0,0,0,0,0,0,0,,0
00-0023544,Marion Barber,RB,2008,9,REG,2008_09_DAL_NYG,DAL,NYG,0,0,0,0,0,0,0,19,54,0,2,0,1,0,-12,0,0,0,0,0,,0,0,0,0,0,0,0,0,0,0,0,,0
00-0023545,Brandon Jacobs,RB,2008,9,REG,2008_09_DAL_NYG,NYG,DAL,0,0,0,0,0,0,0,17,117,1,5,0,0,0,0,0,0,0,0,0,,0,0,0,0,0,0,0,0,0,0,0,,0
00-0023560,Todd Herremans,G,2008,9,REG,2008_09_PHI_SEA,PHI,SEA,0,0,0,0,0,0,0,0,0,0,0,0,1,0,1,1,1,0,0,0,,0,0,0,0,0,0,0,0,0,0,0,,0
00-0023578,Dan Orlovsky,QB,2008,9,REG,2008_09_DET_CHI,DET,CHI,28,47,292,2,2,2,-12,2,2,0,1,0,0,0,0,0,0,0,0,0,,0,0,0,0,0,0,0,0,0,0,0,,0
00-0023612,Bo Scaife,TE,2008,9,REG,2008_09_GB_TEN,TEN,GB,0,0,0,0,0,0,0,0,0,0,0,0,4,0,26,0,1,0,0,0,,0,0,0,0,0,0,0,0,0,0,0,,0
00-0023630,Joel Dreessen,TE,2008,9,REG,2008_09_HOU_MIN,HOU,MIN,0,0,0,0,0,0,0,0,0,0,0,0,1,0,13,0,1,0,0,0,,0,0,0,0,0,0,0,0,0,0,0,,0
00-0023642,Reggie Hodges,P,2008,9,REG,2008_09_NYJ_BUF,NYJ,BUF,0,0,0,0,0,0,0,0,0,0,0,0,0,0,0,0,0,0,0,0,,0,0,0,0,0,0,0,0,1,46,46,46,1
00-0023645,Derek Anderson,QB,2008,9,REG,2008_09_BAL_CLE,CLE,BAL,17,33,219,2,1,1,-9,2,8,0,0,0,0,0,0,0,0,0,0,0,,0,0,0,0,0,0,0,0,0,0,0,,0
00-0023662,Matt Cassel,QB,2008,9,REG,2008_09_NE_IND,NE,IND,25,34,204,0,1,0,0,5,20,0,2,0,0,0,0,0,0,0,0,0,,0,0,0,0,0,0,0,0,0,0,0,,0
00-0023682,Ryan Fitzpatrick,QB,2008,9,REG,2008_09_JAX_CIN,CIN,JAX,21,31,162,2,1,2,-9,3,52,0,3,0,0,0,0,0,0,0,0,0,,0,0,0,0,0,0,0,0,0,0,0,,0
00-0023742,Jon Ryan,P,2008,9,REG,2008_09_PHI_SEA,SEA,PHI,0,0,0,0,0,0,0,0,0,0,0,0,0,0,0,0,0,0,0,0,,0,0,0,0,0,0,0,0,11,508,398,61,2
00-0023764,Andre Hall,RB,2008,9,REG,2008_09_MIA_DEN,DEN,MIA,0,0,0,0,0,0,0,1,7,0,0,0,1,0,8,0,1,0,0,0,,0,0,0,0,0,0,0,0,0,0,0,,0
00-0023774,Naufahu Tahi,FB,2008,9,REG,2008_09_HOU_MIN,MIN,HOU,0,0,0,0,0,0,0,0,0,0,0,0,1,0,4,0,0,0,0,0,,0,0,0,0,0,0,0,0,0,0,0,,0
00-0023784,Greg Estandia,TE,2008,9,REG,2008_09_JAX_CIN,JAX,CIN,0,0,0,0,0,0,0,0,0,0,0,0,1,0,14,0,1,0,0,0,,0,0,0,0,0,0,0,0,0,0,0,,0
00-0023853,Matt Prater,K,2008,9,REG,2008_09_MIA_DEN,DEN,MIA,0,0,0,0,0,0,0,0,0,0,0,0,0,0,0,0,0,0,1,2,50,0,0,0,0,1,0,2,2,0,0,0,,0
00-0024013,Hank Baskett,WR,2008,9,REG,2008_09_PHI_SEA,PHI,SEA,0,0,0,0,0,0,0,0,0,0,0,0,1,0,25,0,1,0,0,0,,0,0,0,0,0,0,0,0,0,0,0,,0
00-0024110,Steve Weatherford,P,2008,9,REG,2008_09_TB_KC,KC,TB,0,0,0,0,0,0,0,0,0,0,0,0,0,0,0,0,0,0,0,0,,0,0,0,0,0,0,0,0,5,223,136,58,0
00-0024172,Patrick Cobbs,RB,2008,9,REG,2008_09_MIA_DEN,MIA,DEN,0,0,0,0,0,0,0,0,0,0,0,0,1,0,14,0,0,0,0,0,,0,0,0,0,0,0,0,0,0,0,0,,0
00-0024204,Fred Jackson,RB,2008,9,REG,2008_09_NYJ_BUF,BUF,NYJ,0,0,0,0,0,0,0,7,15,0,1,0,3,0,25,0,0,0,0,0,,0,0,0,0,0,0,0,0,0,0,0,,0
00-0024226,Jay Cutler,QB,2008,9,REG,2008_09_MIA_DEN,DEN,MIA,24,46,307,2,3,1,-2,1,2,0,0,0,0,0,0,0,0,0,0,0,,0,0,0,0,0,0,0,0,0,0,0,,0
00-0024240,Santonio Holmes,WR,2008,9,REG,2008_09_PIT_WAS,PIT,WAS,0,0,0,0,0,0,0,0,0,0,0,0,3,0,30,1,2,0,0,0,,0,0,0,0,0,0,0,0,0,0,0,,0
00-0024243,Marcedes Lewis,TE,2008,9,REG,2008_09_JAX_CIN,JAX,CIN,0,0,0,0,0,0,0,0,0,0,0,0,4,0,38,0,1,0,0,0,,0,0,0,0,0,0,0,0,0,0,0,,0
00-0024245,Joseph Addai,RB,2008,9,REG,2008_09_NE_IND,IND,NE,0,0,0,0,0,0,0,17,32,0,1,0,2,0,10,0,1,0,0,0,,0,0,0,0,0,0,0,0,0,0,0,,0
00-0024259,Sinorice Moss,WR,2008,9,REG,2008_09_DAL_NYG,NYG,DAL,0,0,0,0,0,0,0,0,0,0,0,0,1,0,2,0,0,0,0,0,,0,0,0,0,0,0,0,0,0,0,0,,0
00-0024260,LenDale White,RB,2008,9,REG,2008_09_GB_TEN,TEN,GB,0,0,0,0,0,0,0,8,77,0,4,0,0,0,0,0,0,0,0,0,,0,0,0,0,0,0,0,0,0,0,0,,0
00-0024261,Joe Klopfenstein,TE,2008,9,REG,2008_09_ARI_STL,LA,ARI,0,0,0,0,0,0,0,0,0,0,0,0,1,0,3,0,0,0,0,0,,0,0,0,0,0,0,0,0,0,0,0,,0
00-0024267,Greg Jennings,WR,2008,9,REG,2008_09_GB_TEN,GB,TEN,0,0,0,0,0,0,0,0,0,0,0,0,3,0,79,0,3,0,0,0,,0,0,0,0,0,0,0,0,0,0,0,,0
00-0024268,Anthony Fasano,TE,2008,9,REG,2008_09_MIA_DEN,MIA,DEN,0,0,0,0,0,0,0,0,0,0,0,0,2,0,37,0,2,0,0,0,,0,0,0,0,0,0,0,0,0,0,0,,0
00-0024272,Devin Hester,WR,2008,9,REG,2008_09_DET_CHI,CHI,DET,0,0,0,0,0,0,0,1,11,0,1,0,4,0,42,0,2,0,0,0,,0,0,0,0,0,0,0,0,0,0,0,,0
00-0024275,Maurice Jones-Drew,RB,2008,9,REG,2008_09_JAX_CIN,JAX,CIN,0,0,0,0,0,0,0,10,33,1,4,0,2,0,29,0,2,0,0,0,,0,0,0,0,0,0,0,0,0,0,0,,0
00-0024294,Jerious Norwood,RB,2008,9,REG,2008_09_ATL_OAK,ATL,LV,0,0,0,0,0,0,0,13,63,1,4,0,2,0,20,0,2,0,0,0,,0,0,0,0,0,0,0,0,0,0,0,,0
00-0024301,David Thomas,TE,2008,9,REG,2008_09_NE_IND,NE,IND,0,0,0,0,0,0,0,0,0,0,0,0,3,0,29,0,2,0,0,0,,0,0,0,0,0,0,0,0,0,0,0,,0
00-0024313,Owen Daniels,TE,2008,9,REG,2008_09_HOU_MIN,HOU,MIN,0,0,0,0,0,0,0,0,0,0,0,0,11,0,133,0,7,0,0,0,,0,0,0,0,0,0,0,0,0,0,0,,0
00-0024318,Brad Smith,WR,2008,9,REG,2008_09_NYJ_BUF,NYJ,BUF,0,0,0,0,0,0,0,1,5,0,0,0,0,0,0,0,0,0,0,0,,0,0,0,0,0,0,0,0,0,0,0,,0
00-0024332,Leon Washington,RB,2008,9,REG,2008_09_NYJ_BUF,NYJ,BUF,0,0,0,0,0,0,0,7,13,0,1,0,2,0,42,0,1,0,0,0,,0,0,0,0,0,0,0,0,0,0,0,,0
00-0024333,Stephen Gostkowski,K,2008,9,REG,2008_09_NE_IND,NE,IND,0,0,0,0,0,0,0,0,0,0,0,0,0,0,0,0,0,0,3,3,35,0,2,1,0,0,0,0,0,0,0,0,,0
00-0024334,Brandon Marshall,WR,2008,9,REG,2008_09_MIA_DEN,DEN,MIA,0,0,0,0,0,0,0,0,0,0,0,0,2,0,27,0,0,0,0,0,,0,0,0,0,0,0,0,0,0,0,0,,0
00-0024359,Jerome Harrison,RB,2008,9,REG,2008_09_BAL_CLE,CLE,BAL,0,0,0,0,0,0,0,1,5,0,0,0,0,0,0,0,0,0,0,0,,0,0,0,0,0,0,0,0,0,0,0,,0
00-0024417,Sam Koch,P,2008,9,REG,2008_09_BAL_CLE,BAL,CLE,0,0,0,0,0,0,0,0,0,0,0,0,0,0,0,0,0,0,0,0,,0,0,0,0,0,0,0,0,6,250,189,57,2
00-0024453,Ryan Plackemeier,P,2008,9,REG,2008_09_PIT_WAS,WAS,PIT,0,0,0,0,0,0,0,0,0,0,0,0,0,0,0,0,0,0,0,0,,0,0,0,0,0,0,0,0,6,262,212,55,1
00-0024465,David Anderson,WR,2008,9,REG,2008_09_HOU_MIN,HOU,MIN,0,0,0,0,0,0,0,0,0,0,0,0,2,0,12,1,1,0,0,0,,0,0,0,0,0,0,0,0,0,0,0,,0
00-0024489,Ahmard Hall,FB,2008,9,REG,2008_09_GB_TEN,TEN,GB,0,0,0,0,0,0,0,1,3,0,0,0,0,0,0,0,0,0,0,0,,0,0,0,0,0,0,0,0,0,0,0,,0
00-0024515,Sav Rocca,P,2008,9,REG,2008_09_PHI_SEA,PHI,SEA,0,0,0,0,0,0,0,0,0,0,0,0,0,0,0,0,0,0,0,0,,0,0,0,0,0,0,0,0,5,235,207,50,2
00-0024529,Gijon Robinson,TE,2008,9,REG,2008_09_NE_IND,IND,NE,0,0,0,0,0,0,0,0,0,0,0,0,1,0,4,0,0,0,0,0,,0,0,0,0,0,0,0,0,0,0,0,,0
00-0025388,JaMarcus Russell,QB,2008,9,REG,2008_09_ATL_OAK,LV,ATL,6,19,31,0,1,4,-21,2,46,0,2,0,0,0,0,0,0,0,0,0,,0,0,0,0,0,0,0,0,0,0,0,,0
00-0025389,Calvin Johnson,WR,2008,9,REG,2008_09_DET_CHI,DET,CHI,0,0,0,0,0,0,0,1,-6,0,0,0,8,0,94,1,5,0,0,0,,0,0,0,0,0,0,0,0,0,0,0,,0
00-0025394,Adrian Peterson,RB,2008,9,REG,2008_09_HOU_MIN,MIN,HOU,0,0,0,0,0,0,0,25,139,1,7,0,0,0,0,0,0,0,0,0,,0,0,0,0,0,0,0,0,0,0,0,,0
00-0025396,Ted Ginn,WR,2008,9,REG,2008_09_MIA_DEN,MIA,DEN,0,0,0,0,0,0,0,0,0,0,0,0,3,0,38,0,3,0,0,0,,0,0,0,0,0,0,0,0,0,0,0,,0
00-0025399,Marshawn Lynch,RB,2008,9,REG,2008_09_NYJ_BUF,BUF,NYJ,0,0,0,0,0,0,0,9,16,0,2,0,3,0,52,0,2,0,0,0,,0,0,0,0,0,0,0,0,0,0,0,,0
00-0025410,Dwayne Bowe,WR,2008,9,REG,2008_09_TB_KC,KC,TB,0,0,0,0,0,0,0,0,0,0,0,0,2,0,29,1,2,0,0,0,,0,0,0,0,0,0,0,0,0,0,0,,0
00-0025418,Greg Olsen,TE,2008,9,REG,2008_09_DET_CHI,CHI,DET,0,0,0,0,0,0,0,0,0,0,0,0,2,0,10,0,1,0,0,0,,0,0,0,0,0,0,0,0,0,0,0,,0
00-0025419,Anthony Gonzalez,WR,2008,9,REG,2008_09_NE_IND,IND,NE,0,0,0,0,0,0,0,0,0,0,0,0,4,0,55,2,4,0,0,0,,0,0,0,0,0,0,0,0,0,0,0,,0
00-0025425,Zach Miller,TE,2008,9,REG,2008_09_ATL_OAK,LV,ATL,0,0,0,0,0,0,0,0,0,0,0,0,2,0,9,0,0,0,0,0,,0,0,0,0,0,0,0,0,0,0,0,,0
00-0025431,Sidney Rice,WR,2008,9,REG,2008_09_HOU_MIN,MIN,HOU,0,0,0,0,0,0,0,0,0,0,0,0,1,0,8,1,1,0,0,0,,0,0,0,0,0,0,0,0,0,0,0,,0
00-0025438,Steve Smith,WR,2008,9,REG,2008_09_DAL_NYG,NYG,DAL,0,0,0,0,0,0,0,0,0,0,0,0,5,0,29,1,2,0,0,0,,0,0,0,0,0,0,0,0,0,0,0,,0
00-0025450,Brandon Jackson,RB,2008,9,REG,2008_09_GB_TEN,GB,TEN,0,0,0,0,0,0,0,1,3,0,0,0,4,0,30,0,1,0,0,0,,0,0,0,0,0,0,0,0,0,0,0,,0
00-0025458,Lorenzo Booker,RB,2008,9,REG,2008_09_PHI_SEA,PHI,SEA,0,0,0,0,0,0,0,3,0,0,0,0,0,0,0,0,0,0,0,0,,0,0,0,0,0,0,0,0,0,0,0,,0
00-0025460,Jacoby Jones,WR,2008,9,REG,2008_09_HOU_MIN,HOU,MIN,0,0,0,0,0,0,0,0,0,0,0,0,1,0,31,0,1,0,0,0,,0,0,0,0,0,0,0,0,0,0,0,,0
00-0025464,Matt Spaeth,TE,2008,9,REG,2008_09_PIT_WAS,PIT,WAS,0,0,0,0,0,0,0,0,0,0,0,0,1,0,6,0,0,0,0,0,,0,0,0,0,0,0,0,0,0,0,0,,0
00-0025479,Trent Edwards,QB,2008,9,REG,2008_09_NYJ_BUF,BUF,NYJ,24,35,289,1,2,5,-27,1,-1,0,0,0,0,0,0,0,0,0,0,0,,0,0,0,0,0,0,0,0,0,0,0,,0
00-0025487,Michael Bush,RB,2008,9,REG,2008_09_ATL_OAK,LV,ATL,0,0,0,0,0,0,0,3,-2,0,0,0,3,0,15,0,0,0,0,0,,0,0,0,0,0,0,0,0,0,0,0,,0
00-0025488,Adam Podlesh,P,2008,9,REG,2008_09_JAX_CIN,JAX,CIN,0,0,0,0,0,0,0,0,0,0,0,0,0,0,0,0,0,0,0,0,,0,0,0,0,0,0,0,0,6,270,248,52,2
00-0025494,Antonio Pittman,RB,2008,9,REG,2008_09_ARI_STL,LA,ARI,0,0,0,0,0,0,0,10,12,0,1,0,4,0,15,0,0,0,0,0,,0,0,0,0,0,0,0,0,0,0,0,,0
00-0025524,Le'Ron McClain,FB,2008,9,REG,2008_09_BAL_CLE,BAL,CLE,0,0,0,0,0,0,0,14,34,1,3,0,1,0,3,0,0,0,0,0,,0,0,0,0,0,0,0,0,0,0,0,,0
00-0025529,Steve Breaston,WR,2008,9,REG,2008_09_ARI_STL,ARI,LA,0,0,0,0,0,0,0,0,0,0,0,0,2,0,39,0,1,0,0,0,,0,0,0,0,0,0,0,0,0,0,0,,0
00-0025535,Kolby Smith,RB,2008,9,REG,2008_09_TB_KC,KC,TB,0,0,0,0,0,0,0,10,46,1,3,0,0,0,0,0,0,0,0,0,,0,0,0,0,0,0,0,0,0,0,0,,0
00-0025540,Kevin Boss,TE,2008,9,REG,2008_09_DAL_NYG,NYG,DAL,0,0,0,0,0,0,0,0,0,0,0,0,3,0,30,1,1,0,0,0,,0,0,0,0,0,0,0,0,0,0,0,,0
00-0025549,Brent Celek,TE,2008,9,REG,2008_09_PHI_SEA,PHI,SEA,0,0,0,0,0,0,0,0,0,0,0,0,6,0,131,0,5,0,0,0,,0,0,0,0,0,0,0,0,0,0,0,,0
00-0025561,Troy Smith,QB,2008,9,REG,2008_09_BAL_CLE,BAL,CLE,0,0,0,0,0,0,0,1,1,0,0,0,0,0,0,0,0,0,0,0,,0,0,0,0,0,0,0,0,0,0,0,,0
00-0025565,Nick Folk,K,2008,9,REG,2008_09_DAL_NYG,DAL,NYG,0,0,0,0,0,0,0,0,0,0,0,0,0,0,0,0,0,0,0,0,,0,0,0,0,0,0,2,2,0,0,0,,0
00-0025578,Korey Hall,RB,2008,9,REG,2008_09_GB_TEN,GB,TEN,0,0,0,0,0,0,0,0,0,0,0,0,1,0,5,0,0,0,0,0,,0,0,0,0,0,0,0,0,0,0,0,,0
00-0025580,Mason Crosby,K,2008,9,REG,2008_09_GB_TEN,GB,TEN,0,0,0,0,0,0,0,0,0,0,0,0,0,0,0,0,0,0,3,3,38,0,2,1,0,0,0,1,1,0,0,0,,0
00-0025604,Tyler Thigpen,QB,2008,9,REG,2008_09_TB_KC,KC,TB,14,25,164,1,0,1,0,6,22,0,2,0,1,0,37,1,1,0,0,0,,0,0,0,0,0,0,0,0,0,0,0,,0
00-0025612,Brandon Fields,P,2008,9,REG,2008_09_MIA_DEN,MIA,DEN,0,0,0,0,0,0,0,0,0,0,0,0,0,0,0,0,0,0,0,0,,0,0,0,0,0,0,0,0,5,229,193,71,2
00-0025621,Syndric Steptoe,WR,2008,9,REG,2008_09_BAL_CLE,CLE,BAL,0,0,0,0,0,0,0,0,0,0,0,0,2,0,9,0,0,1,0,0,,0,0,0,0,0,0,0,0,0,0,0,,0
00-0025631,Jason Snelling,FB,2008,9,REG,2008_09_ATL_OAK,ATL,LV,0,0,0,0,0,0,0,8,47,0,3,0,1,0,12,0,0,0,0,0,,0,0,0,0,0,0,0,0,0,0,0,,0
00-0025636,Derek Stanley,WR,2008,9,REG,2008_09_ARI_STL,LA,ARI,0,0,0,0,0,0,0,0,0,0,0,0,1,0,80,1,1,0,0,0,,0,0,0,0,0,0,0,0,0,0,0,,0
00-0025637,Ahmad Bradshaw,RB,2008,9,REG,2008_09_DAL_NYG,NYG,DAL,0,0,0,0,0,0,0,5,20,0,1,0,0,0,0,0,0,0,0,0,,0,0,0,0,0,0,0,0,0,0,0,,0
00-0025728,Sam Paulescu,P,2008,9,REG,2008_09_DAL_NYG,DAL,NYG,0,0,0,0,0,0,0,0,0,0,0,0,0,0,0,0,0,0,0,0,,0,0,0,0,0,0,0,0,6,230,217,45,2
00-0025825,Brett Kern,P,2008,9,REG,2008_09_MIA_DEN,DEN,MIA,0,0,0,0,0,0,0,0,0,0,0,0,0,0,0,0,0,0,0,0,,0,0,0,0,0,0,0,0,4,185,179,61,3
00-0025860,BenJarvus Green-Ellis,RB,2008,9,REG,2008_09_NE_IND,NE,IND,0,0,0,0,0,0,0,15,57,1,5,0,1,0,8,0,1,0,0,0,,0,0,0,0,0,0,0,0,0,0,0,,0
00-0026000,Davone Bess,WR,2008,9,REG,2008_09_MIA_DEN,MIA,DEN,0,0,0,0,0,0,0,0,0,0,0,0,2,0,28,0,2,0,0,0,,0,0,0,0,0,0,0,0,0,0,0,,0
00-0026003,Dan Carpenter,K,2008,9,REG,2008_09_MIA_DEN,MIA,DEN,0,0,0,0,0,0,0,0,0,0,0,0,0,0,0,0,0,0,4,4,47,0,1,0,3,0,0,2,2,0,0,0,,0
00-0026113,Clifton Smith,RB,2008,9,REG,2008_09_TB_KC,TB,KC,0,0,0,0,0,0,0,3,17,0,1,0,1,0,3,0,0,1,0,0,,0,0,0,0,0,0,0,0,0,0,0,,0
00-0026138,Connor Barth,K,2008,9,REG,2008_09_TB_KC,KC,TB,0,0,0,0,0,0,0,0,0,0,0,0,0,0,0,0,0,0,2,2,39,0,1,1,0,0,0,3,3,0,0,0,,0
00-0026143,Matt Ryan,QB,2008,9,REG,2008_09_ATL_OAK,ATL,LV,17,22,220,2,0,3,-19,4,1,0,1,0,0,0,0,0,0,0,0,0,,0,0,0,0,0,0,0,0,0,0,0,,0
00-0026158,Joe Flacco,QB,2008,9,REG,2008_09_BAL_CLE,BAL,CLE,17,29,248,2,0,2,-12,4,2,0,0,0,0,0,0,0,0,0,0,0,,0,0,0,0,0,0,0,0,0,0,0,,0
00-0026164,Chris Johnson,RB,2008,9,REG,2008_09_GB_TEN,TEN,GB,0,0,0,0,0,0,0,24,89,1,5,0,6,0,72,0,3,0,0,0,,0,0,0,0,0,0,0,0,0,0,0,,0
00-0026170,Dustin Keller,TE,2008,9,REG,2008_09_NYJ_BUF,NYJ,BUF,0,0,0,0,0,0,0,0,0,0,0,0,2,0,19,0,1,0,0,0,,0,0,0,0,0,0,0,0,0,0,0,,0
00-0026173,Donnie Avery,WR,2008,9,REG,2008_09_ARI_STL,LA,ARI,0,0,0,0,0,0,0,0,0,0,0,0,3,0,26,0,2,0,0,0,,0,0,0,0,0,0,0,0,0,0,0,,0
00-0026174,Devin Thomas,WR,2008,9,REG,2008_09_PIT_WAS,WAS,PIT,0,0,0,0,0,0,0,0,0,0,0,0,3,0,14,0,1,0,0,0,,0,0,0,0,0,0,0,0,0,0,0,,0
00-0026176,Jordy Nelson,WR,2008,9,REG,2008_09_GB_TEN,GB,TEN,0,0,0,0,0,0,0,0,0,0,0,0,2,0,34,0,2,0,0,0,,0,0,0,0,0,0,0,0,0,0,0,,0
00-0026178,John Carlson,TE,2008,9,REG,2008_09_PHI_SEA,SEA,PHI,0,0,0,0,0,0,0,0,0,0,0,0,2,0,30,0,1,0,0,0,,0,0,0,0,0,0,0,0,0,0,0,,0
00-0026182,Eddie Royal,WR,2008,9,REG,2008_09_MIA_DEN,DEN,MIA,0,0,0,0,0,0,0,0,0,0,0,0,7,0,69,1,4,0,0,0,,0,0,0,0,0,0,0,0,0,0,0,,0
00-0026184,Matt Forte,RB,2008,9,REG,2008_09_DET_CHI,CHI,DET,0,0,0,0,0,0,0,22,126,0,5,0,1,0,5,0,0,0,0,0,,0,0,0,0,0,0,0,0,0,0,0,,0
00-0026189,DeSean Jackson,WR,2008,9,REG,2008_09_PHI_SEA,PHI,SEA,0,0,0,0,0,0,0,1,3,0,0,0,2,0,20,0,1,0,0,0,,0,0,0,0,0,0,0,0,0,0,0,,0
00-0026195,Ray Rice,RB,2008,9,REG,2008_09_BAL_CLE,BAL,CLE,0,0,0,0,0,0,0,21,154,0,5,0,3,0,22,0,1,0,0,0,,0,0,0,0,0,0,0,0,0,0,0,,0
00-0026201,Martellus Bennett,TE,2008,9,REG,2008_09_DAL_NYG,DAL,NYG,0,0,0,0,0,0,0,0,0,0,0,0,3,0,36,0,2,0,0,0,,0,0,0,0,0,0,0,0,0,0,0,,0
00-0026204,Kevin Smith,RB,2008,9,REG,2008_09_DET_CHI,DET,CHI,0,0,0,0,0,0,0,14,37,1,3,0,2,0,16,0,1,0,0,0,,0,0,0,0,0,0,0,0,0,0,0,,0
00-0026213,Jamaal Charles,RB,2008,9,REG,2008_09_TB_KC,KC,TB,0,0,0,0,0,0,0,18,106,0,4,1,0,0,0,0,0,0,0,0,,0,0,0,0,0,0,0,0,0,0,0,,0
00-0026216,Brad Cottam,TE,2008,9,REG,2008_09_TB_KC,KC,TB,0,0,0,0,0,0,0,0,0,0,0,0,1,0,8,0,0,0,0,0,,0,0,0,0,0,0,0,0,0,0,0,,0
00-0026224,Harry Douglas,WR,2008,9,REG,2008_09_ATL_OAK,ATL,LV,0,0,0,0,0,0,0,1,2,0,0,0,1,0,12,0,1,0,0,0,,0,0,0,0,0,0,0,0,0,0,0,,0
00-0026229,Steve Slaton,RB,2008,9,REG,2008_09_HOU_MIN,HOU,MIN,0,0,0,0,0,0,0,16,62,0,3,0,8,0,56,0,2,0,0,0,,0,0,0,0,0,0,0,0,0,0,0,,0
00-0026231,Jermichael Finley,TE,2008,9,REG,2008_09_GB_TEN,GB,TEN,0,0,0,0,0,0,0,0,0,0,0,0,1,0,6,0,0,0,0,0,,0,0,0,0,0,0,0,0,0,0,0,,0
00-0026262,Tashard Choice,RB,2008,9,REG,2008_09_DAL_NYG,DAL,NYG,0,0,0,0,0,0,0,5,27,0,2,0,0,0,0,0,0,0,0,0,,0,0,0,0,0,0,0,0,0,0,0,,0
00-0026266,Lavelle Hawkins,WR,2008,9,REG,2008_09_GB_TEN,TEN,GB,0,0,0,0,0,0,0,0,0,0,0,0,1,0,4,0,0,0,0,0,,0,0,0,0,0,0,0,0,0,0,0,,0
00-0026272,Derek Fine,TE,2008,9,REG,2008_09_NYJ_BUF,BUF,NYJ,0,0,0,0,0,0,0,0,0,0,0,0,4,0,43,1,3,0,0,0,,0,0,0,0,0,0,0,0,0,0,0,,0
00-0026279,Ryan Torain,RB,2008,9,REG,2008_09_MIA_DEN,DEN,MIA,0,0,0,0,0,0,0,3,1,0,0,0,0,0,0,0,0,0,0,0,,0,0,0,0,0,0,0,0,0,0,0,,0
00-0026289,Tim Hightower,RB,2008,9,REG,2008_09_ARI_STL,ARI,LA,0,0,0,0,0,0,0,22,109,1,8,0,1,0,-1,0,0,0,0,0,,0,0,0,0,0,0,0,0,0,0,0,,0
00-0026303,Owen Schmitt,FB,2008,9,REG,2008_09_PHI_SEA,SEA,PHI,0,0,0,0,0,0,0,0,0,0,0,0,3,0,10,0,0,0,0,0,,0,0,0,0,0,0,0,0,0,0,0,,0
00-0026364,Steve Johnson,WR,2008,9,REG,2008_09_NYJ_BUF,BUF,NYJ,0,0,0,0,0,0,0,0,0,0,0,0,1,0,8,0,0,0,0,0,,0,0,0,0,0,0,0,0,0,0,0,,0
00-0026367,Peyton Hillis,RB,2008,9,REG,2008_09_MIA_DEN,DEN,MIA,0,0,0,0,0,0,0,0,0,0,0,0,7,0,116,1,5,0,0,0,,0,0,0,0,0,0,0,0,0,0,0,,0
00-0026453,Dantrell Savage,RB,2008,9,REG,2008_09_TB_KC,KC,TB,0,0,0,0,0,0,0,2,9,0,0,0,0,0,0,0,0,0,0,0,,0,0,0,0,0,0,0,0,0,0,0,,0
00-0000108,David Akers,K,2008,10,REG,2008_10_NYG_PHI,PHI,NYG,0,0,0,0,0,0,0,0,0,0,0,0,0,0,0,0,0,0,1,1,29,0,1,0,0,0,0,4,4,0,0,0,,0
00-0001980,Kris Brown,K,2008,10,REG,2008_10_BAL_HOU,HOU,BAL,0,0,0,0,0,0,0,0,0,0,0,0,0,0,0,0,0,0,2,2,48,0,1,0,1,0,0,1,1,0,0,0,,0
00-0002099,Isaac Bruce,WR,2008,10,REG,2008_10_SF_ARI,SF,ARI,0,0,0,0,0,0,0,0,0,0,0,0,1,0,12,0,1,0,0,0,,0,0,0,0,0,0,0,0,0,0,0,,0
00-0002655,John Carney,K,2008,10,REG,2008_10_NYG_PHI,NYG,PHI,0,0,0,0,0,0,0,0,0,0,0,0,0,0,0,0,0,0,3,3,28,0,3,0,0,0,0,3,3,0,0,0,,0
00-0003035,Desmond Clark,TE,2008,10,REG,2008_10_TEN_CHI,CHI,TEN,0,0,0,0,0,0,0,0,0,0,0,0,3,0,10,0,0,0,0,0,,0,0,0,0,0,0,0,0,0,0,0,,0
00-0003292,Kerry Collins,QB,2008,10,REG,2008_10_TEN_CHI,TEN,CHI,30,41,289,2,0,1,-5,4,-1,0,0,0,0,0,0,0,0,0,0,0,,0,0,0,0,0,0,0,0,0,0,0,,0
00-0003739,Daunte Culpepper,QB,2008,10,REG,2008_10_JAX_DET,DET,JAX,5,10,104,0,1,2,-12,1,-1,0,0,0,0,0,0,0,0,0,0,0,,0,0,0,0,0,0,0,0,0,0,0,,0
00-0004091,Phil Dawson,K,2008,10,REG,2008_10_DEN_CLE,CLE,DEN,0,0,0,0,0,0,0,0,0,0,0,0,0,0,0,0,0,0,3,3,52,0,1,1,0,1,0,3,3,0,0,0,,0
00-0004161,Jake Delhomme,QB,2008,10,REG,2008_10_CAR_OAK,CAR,LV,7,27,72,1,4,2,-15,1,0,0,0,0,0,0,0,0,0,0,0,0,,0,0,0,0,0,0,0,0,0,0,0,,0
00-0004541,Donald Driver,WR,2008,10,REG,2008_10_GB_MIN,GB,MIN,0,0,0,0,0,0,0,1,-2,0,0,0,5,0,46,0,2,0,0,0,,0,0,0,0,0,0,0,0,0,0,0,,0
00-0004811,Jason Elam,K,2008,10,REG,2008_10_NO_ATL,ATL,NO,0,0,0,0,0,0,0,0,0,0,0,0,0,0,0,0,0,0,2,2,27,0,2,0,0,0,0,4,4,0,0,0,,0
00-0004915,Bobby Engram,WR,2008,10,REG,2008_10_SEA_MIA,SEA,MIA,0,0,0,0,0,0,0,0,0,0,0,0,5,0,63,0,4,0,0,0,,0,0,0,0,0,0,0,0,0,0,0,,0
00-0005091,Kevin Faulk,RB,2008,10,REG,2008_10_BUF_NE,NE,BUF,0,0,0,0,0,0,0,5,9,0,0,0,1,0,9,0,0,0,0,0,,0,0,0,0,0,0,0,0,0,0,0,,0
00-0005106,Brett Favre,QB,2008,10,REG,2008_10_STL_NYJ,NYJ,LA,14,19,167,1,0,0,0,1,0,0,0,0,0,0,0,0,0,0,0,0,,0,0,0,0,0,0,0,0,0,0,0,,0
00-0005113,Jeff Feagles,P,2008,10,REG,2008_10_NYG_PHI,NYG,PHI,0,0,0,0,0,0,0,0,0,0,0,0,0,0,0,0,0,0,0,0,,0,0,0,0,0,0,0,0,3,130,130,51,3
00-0005231,Brian Finneran,WR,2008,10,REG,2008_10_NO_ATL,ATL,NO,0,0,0,0,0,0,0,0,0,0,0,0,1,0,6,0,0,0,0,0,,0,0,0,0,0,0,0,0,0,0,0,,0
00-0005589,Gus Frerotte,QB,2008,10,REG,2008_10_GB_MIN,MIN,GB,15,28,151,2,3,2,-10,1,-1,0,0,0,0,0,0,0,0,0,0,0,,0,0,0,0,0,0,0,0,0,0,0,,0
00-0006101,Tony Gonzalez,TE,2008,10,REG,2008_10_KC_SD,KC,LAC,0,0,0,0,0,0,0,0,0,0,0,0,10,0,113,2,7,0,0,0,,0,0,0,0,0,0,0,0,0,0,0,,0
00-0006305,Ahman Green,RB,2008,10,REG,2008_10_BAL_HOU,HOU,BAL,0,0,0,0,0,0,0,4,19,0,2,0,2,0,4,0,0,0,0,0,,0,0,0,0,0,0,0,0,0,0,0,,0
00-0006355,Trent Green,QB,2008,10,REG,2008_10_STL_NYJ,LA,NYJ,5,10,70,0,1,0,0,1,3,0,0,0,0,0,0,0,0,0,0,0,,0,0,0,0,0,0,0,0,0,0,0,,0
00-0006799,Chris Hanson,P,2008,10,REG,2008_10_BUF_NE,NE,BUF,0,0,0,0,0,0,0,0,0,0,0,0,0,0,0,0,0,0,0,0,,0,0,0,0,0,0,0,0,2,83,83,46,2
00-0006800,Jason Hanson,K,2008,10,REG,2008_10_JAX_DET,DET,JAX,0,0,0,0,0,0,0,0,0,0,0,0,0,0,0,0,0,0,0,1,,0,0,0,0,0,0,2,2,0,0,0,,0
00-0007024,Marvin Harrison,WR,2008,10,REG,2008_10_IND_PIT,IND,PIT,0,0,0,0,0,0,0,0,0,0,0,0,3,0,37,0,2,0,0,0,,0,0,0,0,0,0,0,0,0,0,0,,0
00-0007213,Steve Heiden,TE,2008,10,REG,2008_10_DEN_CLE,CLE,DEN,0,0,0,0,0,0,0,0,0,0,0,0,3,0,24,0,1,0,0,0,,0,0,0,0,0,0,0,0,0,0,0,,0
00-0007308,Craig Hentrich,P,2008,10,REG,2008_10_TEN_CHI,TEN,CHI,0,0,0,0,0,0,0,0,0,0,0,0,0,0,0,0,0,0,0,0,,0,0,0,0,0,0,0,0,8,302,289,55,5
00-0007681,Torry Holt,WR,2008,10,REG,2008_10_STL_NYJ,LA,NYJ,0,0,0,0,0,0,0,0,0,0,0,0,1,0,5,0,0,0,0,0,,0,0,0,0,0,0,0,0,0,0,0,,0
00-0008241,Edgerrin James,RB,2008,10,REG,2008_10_SF_ARI,ARI,SF,0,0,0,0,0,0,0,2,4,0,0,0,0,0,0,0,0,0,0,0,,0,0,0,0,0,0,0,0,0,0,0,,0
00-0008484,Dirk Johnson,P,2008,10,REG,2008_10_SF_ARI,ARI,SF,0,0,0,0,0,0,0,0,0,0,0,0,0,0,0,0,0,0,0,0,,0,0,0,0,0,0,0,0,5,176,148,52,2
00-0009028,John Kasay,K,2008,10,REG,2008_10_CAR_OAK,CAR,LV,0,0,0,0,0,0,0,0,0,0,0,0,0,0,0,0,0,0,1,2,32,0,0,1,0,0,0,2,2,0,0,0,,0
00-0010072,Ryan Longwell,K,2008,10,REG,2008_10_GB_MIN,MIN,GB,0,0,0,0,0,0,0,0,0,0,0,0,0,0,0,0,0,0,1,2,54,0,0,0,0,1,0,3,3,0,0,0,,0
00-0010346,Peyton Manning,QB,2008,10,REG,2008_10_IND_PIT,IND,PIT,21,40,240,3,0,2,-12,0,0,0,0,0,0,0,0,0,0,0,0,0,,0,0,0,0,0,0,0,0,0,0,0,,0
00-0010373,Olindo Mare,K,2008,10,REG,2008_10_SEA_MIA,SEA,MIA,0,0,0,0,0,0,0,0,0,0,0,0,0,0,0,0,0,0,2,2,37,0,1,1,0,0,0,1,1,0,0,0,,0
00-0010500,Derrick Mason,WR,2008,10,REG,2008_10_BAL_HOU,BAL,HOU,0,0,0,0,0,0,0,0,0,0,0,0,3,0,41,0,2,0,0,0,,0,0,0,0,0,0,0,0,0,0,0,,0
00-0010609,Brad Maynard,P,2008,10,REG,2008_10_TEN_CHI,CHI,TEN,0,0,0,0,0,0,0,0,0,0,0,0,0,0,0,0,0,0,0,0,,0,0,0,0,0,0,0,0,8,313,250,45,0
00-0011022,Donovan McNabb,QB,2008,10,REG,2008_10_NYG_PHI,PHI,NYG,17,36,194,3,1,0,0,3,35,0,1,0,0,0,0,0,0,0,0,0,,0,0,0,0,0,0,0,0,0,0,0,,0
00-0011236,Billy Miller,TE,2008,10,REG,2008_10_NO_ATL,NO,ATL,0,0,0,0,0,0,0,0,0,0,0,0,5,0,65,0,3,0,0,0,,0,0,0,0,0,0,0,0,0,0,0,,0
00-0011626,Brian Moorman,P,2008,10,REG,2008_10_BUF_NE,BUF,NE,0,0,0,0,0,0,0,0,0,0,0,0,0,0,0,0,0,0,0,0,,0,0,0,0,0,0,0,0,5,208,198,60,4
00-0011754,Randy Moss,WR,2008,10,REG,2008_10_BUF_NE,NE,BUF,0,0,0,0,0,0,0,1,-2,0,0,0,5,0,53,0,3,0,0,0,,0,0,0,0,0,0,0,0,0,0,0,,0
00-0011795,Muhsin Muhammad,WR,2008,10,REG,2008_10_CAR_OAK,CAR,LV,0,0,0,0,0,0,0,0,0,0,0,0,3,0,38,1,3,0,0,0,,0,0,0,0,0,0,0,0,0,0,0,,0
00-0011970,Joe Nedney,K,2008,10,REG,2008_10_SF_ARI,SF,ARI,0,0,0,0,0,0,0,0,0,0,0,0,0,0,0,0,0,0,1,1,41,0,0,0,1,0,0,3,3,0,0,0,,0
00-0012642,David Patten,WR,2008,10,REG,2008_10_NO_ATL,NO,ATL,0,0,0,0,0,0,0,0,0,0,0,0,2,0,35,0,2,0,0,0,,0,0,0,0,0,0,0,0,0,0,0,,0
00-0015194,Hunter Smith,P,2008,10,REG,2008_10_IND_PIT,IND,PIT,0,0,0,0,0,0,0,0,0,0,0,0,0,0,0,0,0,0,0,0,,0,0,0,0,0,0,0,0,6,255,215,52,1
00-0015601,Aaron Stecker,RB,2008,10,REG,2008_10_NO_ATL,NO,ATL,0,0,0,0,0,0,0,3,21,0,1,0,0,0,0,0,0,0,0,0,,0,0,0,0,0,0,0,0,0,0,0,,0
00-0015754,Brandon Stokley,WR,2008,10,REG,2008_10_DEN_CLE,DEN,CLE,0,0,0,0,0,0,0,0,0,0,0,0,2,0,16,0,0,0,0,0,,0,0,0,0,0,0,0,0,0,0,0,,0
00-0015784,Matt Stover,K,2008,10,REG,2008_10_BAL_HOU,BAL,HOU,0,0,0,0,0,0,0,0,0,0,0,0,0,0,0,0,0,0,0,1,,0,0,0,0,0,0,4,4,0,0,0,,0
00-0016098,Fred Taylor,RB,2008,10,REG,2008_10_JAX_DET,JAX,DET,0,0,0,0,0,0,0,18,80,0,6,0,1,0,17,0,1,0,0,0,,0,0,0,0,0,0,0,0,0,0,0,,0
00-0016550,Amani Toomer,WR,2008,10,REG,2008_10_NYG_PHI,NYG,PHI,0,0,0,0,0,0,0,0,0,0,0,0,5,0,53,0,4,0,0,0,,0,0,0,0,0,0,0,0,0,0,0,,0
00-0016689,Matt Turk,P,2008,10,REG,2008_10_BAL_HOU,HOU,BAL,0,0,0,0,0,0,0,0,0,0,0,0,0,0,0,0,0,0,0,0,,0,0,0,0,0,0,0,0,3,139,136,50,0
00-0016919,Adam Vinatieri,K,2008,10,REG,2008_10_IND_PIT,IND,PIT,0,0,0,0,0,0,0,0,0,0,0,0,0,0,0,0,0,0,1,1,36,0,0,1,0,0,0,3,3,0,0,0,,0
00-0017162,Hines Ward,WR,2008,10,REG,2008_10_IND_PIT,PIT,IND,0,0,0,0,0,0,0,0,0,0,0,0,9,0,116,0,3,0,0,0,,0,0,0,0,0,0,0,0,0,0,0,,0
00-0017200,Kurt Warner,QB,2008,10,REG,2008_10_SF_ARI,ARI,SF,32,42,328,3,0,0,0,0,0,0,0,0,0,0,0,0,0,0,0,0,,0,0,0,0,0,0,0,0,0,0,0,,0
00-0017915,Ricky Williams,RB,2008,10,REG,2008_10_SEA_MIA,MIA,SEA,0,0,0,0,0,0,0,12,105,1,5,0,2,0,21,0,2,0,0,0,,0,0,0,0,0,0,0,0,0,0,0,,0
00-0018958,Laveranues Coles,WR,2008,10,REG,2008_10_STL_NYJ,NYJ,LA,0,0,0,0,0,0,0,0,0,0,0,0,1,0,14,0,0,0,0,0,,0,0,0,0,0,0,0,0,0,0,0,,0
00-0019100,Brad Hoover,FB,2008,10,REG,2008_10_CAR_OAK,CAR,LV,0,0,0,0,0,0,0,1,1,0,0,0,0,0,0,0,0,0,0,0,,0,0,0,0,0,0,0,0,0,0,0,,0
00-0019242,Dane Looker,WR,2008,10,REG,2008_10_STL_NYJ,LA,NYJ,0,0,0,0,0,0,0,0,0,0,0,0,2,0,21,0,1,0,0,0,,0,0,0,0,0,0,0,0,0,0,0,,0
00-0019310,Rian Lindell,K,2008,10,REG,2008_10_BUF_NE,BUF,NE,0,0,0,0,0,0,0,0,0,0,0,0,0,0,0,0,0,0,1,1,25,0,1,0,0,0,0,1,1,0,0,0,,0
00-0019457,Anthony Becht,TE,2008,10,REG,2008_10_STL_NYJ,LA,NYJ,0,0,0,0,0,0,0,0,0,0,0,0,1,0,3,0,0,0,0,0,,0,0,0,0,0,0,0,0,0,0,0,,0
00-0019559,Chad Pennington,QB,2008,10,REG,2008_10_SEA_MIA,MIA,SEA,22,36,209,1,1,2,-3,2,1,0,0,0,0,0,0,0,0,0,0,0,,0,0,0,0,0,0,0,0,0,0,0,,0
00-0019599,Marc Bulger,QB,2008,10,REG,2008_10_STL_NYJ,LA,NYJ,6,13,65,0,1,2,-15,0,0,0,0,0,0,0,0,0,0,0,0,0,,0,0,0,0,0,0,0,0,0,0,0,,0
00-0019641,Thomas Jones,RB,2008,10,REG,2008_10_STL_NYJ,NYJ,LA,0,0,0,0,0,0,0,26,149,3,11,0,0,0,0,0,0,0,0,0,,0,0,0,0,0,0,0,0,0,0,0,,0
00-0019642,Plaxico Burress,WR,2008,10,REG,2008_10_NYG_PHI,NYG,PHI,0,0,0,0,0,0,0,0,0,0,0,0,1,0,17,1,1,0,0,0,,0,0,0,0,0,0,0,0,0,0,0,,0
00-0019646,Sebastian Janikowski,K,2008,10,REG,2008_10_CAR_OAK,LV,CAR,0,0,0,0,0,0,0,0,0,0,0,0,0,0,0,0,0,0,2,3,45,0,0,1,1,0,0,0,0,0,0,0,,0
00-0019650,Dennis Northcutt,WR,2008,10,REG,2008_10_JAX_DET,JAX,DET,0,0,0,0,0,0,0,0,0,0,0,0,1,0,20,0,1,0,0,0,,0,0,0,0,0,0,0,0,0,0,0,,0
00-0019676,Neil Rackers,K,2008,10,REG,2008_10_SF_ARI,ARI,SF,0,0,0,0,0,0,0,0,0,0,0,0,0,0,0,0,0,0,3,3,33,0,2,1,0,0,0,2,2,0,0,0,,0
00-0019693,Jamal Lewis,RB,2008,10,REG,2008_10_DEN_CLE,CLE,DEN,0,0,0,0,0,0,0,19,60,1,3,0,2,0,24,0,1,0,0,0,,0,0,0,0,0,0,0,0,0,0,0,,0
00-0019703,Jerry Porter,WR,2008,10,REG,2008_10_JAX_DET,JAX,DET,0,0,0,0,0,0,0,0,0,0,0,0,2,0,33,1,2,0,0,0,,0,0,0,0,0,0,0,0,0,0,0,,0
00-0019714,Shane Lechler,P,2008,10,REG,2008_10_CAR_OAK,LV,CAR,0,0,0,0,0,0,0,0,0,0,0,0,0,0,0,0,0,0,0,0,,0,0,0,0,0,0,0,0,11,556,413,63,2
00-0019770,Jay Feely,K,2008,10,REG,2008_10_STL_NYJ,NYJ,LA,0,0,0,0,0,0,0,0,0,0,0,0,0,0,0,0,0,0,4,4,55,0,1,0,2,1,0,5,5,0,0,0,,0
00-0019863,Dominic Rhodes,RB,2008,10,REG,2008_10_IND_PIT,IND,PIT,0,0,0,0,0,0,0,7,28,0,1,0,2,0,24,1,1,0,0,0,,0,0,0,0,0,0,0,0,0,0,0,,0
00-0019921,Jason Baker,P,2008,10,REG,2008_10_CAR_OAK,CAR,LV,0,0,0,0,0,0,0,0,0,0,0,0,0,0,0,0,0,0,0,0,,0,0,0,0,0,0,0,0,9,372,355,50,4
00-0020267,Nick Harris,P,2008,10,REG,2008_10_JAX_DET,DET,JAX,0,0,0,0,0,0,0,0,0,0,0,0,0,0,0,0,0,0,0,0,,0,0,0,0,0,0,0,0,4,181,158,53,0
00-0020268,Tony Stewart,TE,2008,10,REG,2008_10_CAR_OAK,LV,CAR,0,0,0,0,0,0,0,0,0,0,0,0,2,0,10,0,0,0,0,0,,0,0,0,0,0,0,0,0,0,0,0,,0
00-0020270,Correll Buckhalter,RB,2008,10,REG,2008_10_NYG_PHI,PHI,NYG,0,0,0,0,0,0,0,2,21,0,1,0,0,0,0,0,0,0,0,0,,0,0,0,0,0,0,0,0,0,0,0,,0
00-0020285,Alge Crumpler,TE,2008,10,REG,2008_10_TEN_CHI,TEN,CHI,0,0,0,0,0,0,0,0,0,0,0,0,3,0,35,0,1,0,0,0,,0,0,0,0,0,0,0,0,0,0,0,,0
00-0020332,David Martin,TE,2008,10,REG,2008_10_SEA_MIA,MIA,SEA,0,0,0,0,0,0,0,0,0,0,0,0,1,0,4,0,1,0,0,0,,0,0,0,0,0,0,0,0,0,0,0,,0
00-0020337,Steve Smith,WR,2008,10,REG,2008_10_CAR_OAK,CAR,LV,0,0,0,0,0,0,0,0,0,0,0,0,1,0,9,0,0,0,0,0,,0,0,0,0,0,0,0,0,0,0,0,,0
00-0020405,Marques Tuiasosopo,QB,2008,10,REG,2008_10_CAR_OAK,LV,CAR,1,2,4,0,0,2,-16,1,11,0,1,0,0,0,0,0,0,0,0,0,,0,0,0,0,0,0,0,0,0,0,0,,0
00-0020407,Rudi Johnson,RB,2008,10,REG,2008_10_JAX_DET,DET,JAX,0,0,0,0,0,0,0,2,4,0,0,0,0,0,0,0,0,0,0,0,,0,0,0,0,0,0,0,0,0,0,0,,0
00-0020480,Sage Rosenfels,QB,2008,10,REG,2008_10_BAL_HOU,HOU,BAL,23,38,294,1,4,2,-14,1,15,0,1,0,0,0,0,0,0,0,0,0,,0,0,0,0,0,0,0,0,0,0,0,,0
00-0020490,Koren Robinson,WR,2008,10,REG,2008_10_SEA_MIA,SEA,MIA,0,0,0,0,0,0,0,0,0,0,0,0,5,0,38,1,4,0,0,0,,0,0,0,0,0,0,0,0,0,0,0,,0
00-0020498,Reggie Wayne,WR,2008,10,REG,2008_10_IND_PIT,IND,PIT,0,0,0,0,0,0,0,0,0,0,0,0,6,0,114,1,4,0,0,0,,0,0,0,0,0,0,0,0,0,0,0,,0
00-0020507,Heath Evans,FB,2008,10,REG,2008_10_BUF_NE,NE,BUF,0,0,0,0,0,0,0,1,3,0,1,0,0,0,0,0,0,0,0,0,,0,0,0,0,0,0,0,0,0,0,0,,0
00-0020516,Todd Heap,TE,2008,10,REG,2008_10_BAL_HOU,BAL,HOU,0,0,0,0,0,0,0,0,0,0,0,0,5,0,58,2,4,0,0,0,,0,0,0,0,0,0,0,0,0,0,0,,0
00-0020527,Deuce McAllister,RB,2008,10,REG,2008_10_NO_ATL,NO,ATL,0,0,0,0,0,0,0,5,18,0,0,0,2,0,23,1,1,0,0,0,,0,0,0,0,0,0,0,0,0,0,0,,0
00-0020531,Drew Brees,QB,2008,10,REG,2008_10_NO_ATL,NO,ATL,31,58,422,2,3,1,-6,2,10,0,1,0,0,0,0,0,0,0,0,0,,0,0,0,0,0,0,0,0,0,0,0,,0
00-0020536,LaDainian Tomlinson,RB,2008,10,REG,2008_10_KC_SD,LAC,KC,0,0,0,0,0,0,0,22,78,0,2,0,4,0,39,0,1,0,0,0,,0,0,0,0,0,0,0,0,0,0,0,,0
00-0020565,Cleo Lemon,QB,2008,10,REG,2008_10_JAX_DET,JAX,DET,0,2,0,0,0,0,0,2,-3,0,0,0,0,0,0,0,0,0,0,0,,0,0,0,0,0,0,0,0,0,0,0,,0
00-0020617,Nate Jackson,TE,2008,10,REG,2008_10_DEN_CLE,DEN,CLE,0,0,0,0,0,0,0,0,0,0,0,0,3,0,36,0,1,0,0,0,,0,0,0,0,0,0,0,0,0,0,0,,0
00-0020679,Shaun Hill,QB,2008,10,REG,2008_10_SF_ARI,SF,ARI,19,40,217,2,2,0,0,2,12,0,1,1,0,0,0,0,0,0,0,0,,0,0,0,0,0,0,0,0,0,0,0,,0
00-0020737,Jeff Reed,K,2008,10,REG,2008_10_IND_PIT,PIT,IND,0,0,0,0,0,0,0,0,0,0,0,0,0,0,0,0,0,0,2,2,42,0,1,0,1,0,0,2,2,0,0,0,,0
00-0020805,Jason McKie,RB,2008,10,REG,2008_10_TEN_CHI,CHI,TEN,0,0,0,0,0,0,0,2,5,0,1,0,0,0,0,0,0,0,0,0,,0,0,0,0,0,0,0,0,0,0,0,,0
00-0020962,Rob Bironas,K,2008,10,REG,2008_10_TEN_CHI,TEN,CHI,0,0,0,0,0,0,0,0,0,0,0,0,0,0,0,0,0,0,0,1,,0,0,0,0,0,0,3,3,0,0,0,,0
00-0021147,Donte' Stallworth,WR,2008,10,REG,2008_10_DEN_CLE,CLE,DEN,0,0,0,0,0,0,0,0,0,0,0,0,4,0,48,0,2,0,0,0,,0,0,0,0,0,0,0,0,0,0,0,,0
00-0021148,Jeremy Shockey,TE,2008,10,REG,2008_10_NO_ATL,NO,ATL,0,0,0,0,0,0,0,0,0,0,0,0,2,0,16,0,1,0,0,0,,0,0,0,0,0,0,0,0,0,0,0,,0
00-0021153,Javon Walker,WR,2008,10,REG,2008_10_CAR_OAK,LV,CAR,0,0,0,0,0,0,0,0,0,0,0,0,2,0,27,0,2,0,0,0,,0,0,0,0,0,0,0,0,0,0,0,,0
00-0021154,Daniel Graham,TE,2008,10,REG,2008_10_DEN_CLE,DEN,CLE,0,0,0,0,0,0,0,0,0,0,0,0,3,0,50,1,2,0,0,0,,0,0,0,0,0,0,0,0,0,0,0,,0
00-0021163,Jabar Gaffney,WR,2008,10,REG,2008_10_BUF_NE,NE,BUF,0,0,0,0,0,0,0,0,0,0,0,0,4,0,36,0,2,0,0,0,,0,0,0,0,0,0,0,0,0,0,0,,0
00-0021182,Maurice Morris,RB,2008,10,REG,2008_10_SEA_MIA,SEA,MIA,0,0,0,0,0,0,0,1,11,0,1,0,1,0,6,0,0,0,0,0,,0,0,0,0,0,0,0,0,0,0,0,,0
00-0021216,Brian Westbrook,RB,2008,10,REG,2008_10_NYG_PHI,PHI,NYG,0,0,0,0,0,0,0,13,26,0,1,0,3,0,33,0,1,0,0,0,,0,0,0,0,0,0,0,0,0,0,0,,0
00-0021227,Justin Peelle,TE,2008,10,REG,2008_10_NO_ATL,ATL,NO,0,0,0,0,0,0,0,0,0,0,0,0,1,0,14,0,1,0,0,0,,0,0,0,0,0,0,0,0,0,0,0,,0
00-0021231,David Garrard,QB,2008,10,REG,2008_10_JAX_DET,JAX,DET,18,25,238,2,0,1,-11,2,10,0,1,0,0,0,0,0,0,0,0,0,,0,0,0,0,0,0,0,0,0,0,0,,0
00-0021235,Dave Zastudil,P,2008,10,REG,2008_10_DEN_CLE,CLE,DEN,0,0,0,0,0,0,0,0,0,0,0,0,0,0,0,0,0,0,0,0,,0,0,0,0,0,0,0,0,2,89,87,51,2
00-0021255,John Owens,TE,2008,10,REG,2008_10_JAX_DET,DET,JAX,0,0,0,0,0,0,0,0,0,0,0,0,1,0,1,1,1,0,0,0,,0,0,0,0,0,0,0,0,0,0,0,,0
00-0021273,Robert Royal,TE,2008,10,REG,2008_10_BUF_NE,BUF,NE,0,0,0,0,0,0,0,0,0,0,0,0,1,0,6,0,1,0,0,0,,0,0,0,0,0,0,0,0,0,0,0,,0
00-0021314,Chester Taylor,RB,2008,10,REG,2008_10_GB_MIN,MIN,GB,0,0,0,0,0,0,0,10,29,0,0,0,4,0,84,1,3,0,0,0,,0,0,0,0,0,0,0,0,0,0,0,,0
00-0021376,T.J. Duckett,RB,2008,10,REG,2008_10_SEA_MIA,SEA,MIA,0,0,0,0,0,0,0,1,-1,0,0,0,0,0,0,0,0,0,0,0,,0,0,0,0,0,0,0,0,0,0,0,,0
00-0021500,Derrick Frost,P,2008,10,REG,2008_10_GB_MIN,GB,MIN,0,0,0,0,0,0,0,0,0,0,0,0,0,0,0,0,0,0,0,0,,0,0,0,0,0,0,0,0,7,281,245,42,2
00-0021547,Antonio Gates,TE,2008,10,REG,2008_10_KC_SD,LAC,KC,0,0,0,0,0,0,0,0,0,0,0,0,8,0,66,1,5,0,0,0,,0,0,0,0,0,0,0,0,0,0,0,,0
00-0021647,Jerheme Urban,WR,2008,10,REG,2008_10_SF_ARI,ARI,SF,0,0,0,0,0,0,0,0,0,0,0,0,4,0,38,0,2,0,0,0,,0,0,0,0,0,0,0,0,0,0,0,,0
00-0021746,Glenn Pakulak,P,2008,10,REG,2008_10_NO_ATL,NO,ATL,0,0,0,0,0,0,0,0,0,0,0,0,0,0,0,0,0,0,0,0,,0,0,0,0,0,0,0,0,3,145,112,56,0
00-0021915,Sam Aiken,WR,2008,10,REG,2008_10_BUF_NE,NE,BUF,0,0,0,0,0,0,0,0,0,0,0,0,2,0,22,0,1,0,0,0,,0,0,0,0,0,0,0,0,0,0,0,,0
00-0021929,Donald Lee,TE,2008,10,REG,2008_10_GB_MIN,GB,MIN,0,0,0,0,0,0,0,0,0,0,0,0,1,0,6,0,0,0,0,0,,0,0,0,0,0,0,0,0,0,0,0,,0
00-0021931,Kevin Walter,WR,2008,10,REG,2008_10_BAL_HOU,HOU,BAL,0,0,0,0,0,0,0,0,0,0,0,0,4,0,85,1,2,0,0,0,,0,0,0,0,0,0,0,0,0,0,0,,0
00-0021940,Josh Brown,K,2008,10,REG,2008_10_STL_NYJ,LA,NYJ,0,0,0,0,0,0,0,0,0,0,0,0,0,0,0,0,0,0,1,1,37,0,0,1,0,0,0,0,0,0,0,0,,0
00-0021981,Shaun McDonald,WR,2008,10,REG,2008_10_JAX_DET,DET,JAX,0,0,0,0,0,0,0,0,0,0,0,0,4,0,37,0,2,0,0,0,,0,0,0,0,0,0,0,0,0,0,0,,0
00-0021982,Justin Gage,WR,2008,10,REG,2008_10_TEN_CHI,TEN,CHI,0,0,0,0,0,0,0,0,0,0,0,0,4,0,47,1,3,0,0,0,,0,0,0,0,0,0,0,0,0,0,0,,0
00-0022001,Kevin Curtis,WR,2008,10,REG,2008_10_NYG_PHI,PHI,NYG,0,0,0,0,0,0,0,0,0,0,0,0,3,0,25,1,2,0,0,0,,0,0,0,0,0,0,0,0,0,0,0,,0
00-0022017,Mike Scifres,P,2008,10,REG,2008_10_KC_SD,LAC,KC,0,0,0,0,0,0,0,0,0,0,0,0,0,0,0,0,0,0,0,0,,0,0,0,0,0,0,0,0,3,132,133,54,2
00-0022044,Andre Johnson,WR,2008,10,REG,2008_10_BAL_HOU,HOU,BAL,0,0,0,0,0,0,0,0,0,0,0,0,7,0,66,0,3,0,0,0,,0,0,0,0,0,0,0,0,0,0,0,,0
00-0022054,Visanthe Shiancoe,TE,2008,10,REG,2008_10_GB_MIN,MIN,GB,0,0,0,0,0,0,0,0,0,0,0,0,3,0,4,0,0,0,0,0,,0,0,0,0,0,0,0,0,0,0,0,,0
00-0022055,Seneca Wallace,QB,2008,10,REG,2008_10_SEA_MIA,SEA,MIA,21,38,185,1,0,3,-13,2,9,0,1,0,0,0,0,0,0,0,0,0,,0,0,0,0,0,0,0,0,0,0,0,,0
00-0022084,Anquan Boldin,WR,2008,10,REG,2008_10_SF_ARI,ARI,SF,0,0,0,0,0,0,0,3,19,0,1,0,7,0,92,2,7,0,0,0,,0,0,0,0,0,0,0,0,0,0,0,,0
00-0022093,Justin Fargas,RB,2008,10,REG,2008_10_CAR_OAK,LV,CAR,0,0,0,0,0,0,0,22,89,0,3,0,1,0,9,0,1,0,0,0,,0,0,0,0,0,0,0,0,0,0,0,,0
00-0022121,Rex Grossman,QB,2008,10,REG,2008_10_TEN_CHI,CHI,TEN,20,37,173,1,1,2,-8,1,1,1,1,0,0,0,0,0,0,0,0,0,,0,0,0,0,0,0,0,0,0,0,0,,0
00-0022126,L.J. Smith,TE,2008,10,REG,2008_10_NYG_PHI,PHI,NYG,0,0,0,0,0,0,0,0,0,0,0,0,3,0,36,0,1,0,0,0,,0,0,0,0,0,0,0,0,0,0,0,,0
00-0022144,Bobby Wade,WR,2008,10,REG,2008_10_GB_MIN,MIN,GB,0,0,0,0,0,0,0,0,0,0,0,0,3,0,24,0,2,0,0,0,,0,0,0,0,0,0,0,0,0,0,0,,0
00-0022156,Bryant Johnson,WR,2008,10,REG,2008_10_SF_ARI,SF,ARI,0,0,0,0,0,0,0,0,0,0,0,0,3,0,17,0,1,0,0,0,,0,0,0,0,0,0,0,0,0,0,0,,0
00-0022165,Dallas Clark,TE,2008,10,REG,2008_10_IND_PIT,IND,PIT,0,0,0,0,0,0,0,0,0,0,0,0,3,0,24,1,2,0,0,0,,0,0,0,0,0,0,0,0,0,0,0,,0
00-0022178,Willis McGahee,RB,2008,10,REG,2008_10_BAL_HOU,BAL,HOU,0,0,0,0,0,0,0,25,112,2,10,0,1,0,9,0,0,0,0,0,,0,0,0,0,0,0,0,0,0,0,0,,0
00-0022217,Mewelde Moore,RB,2008,10,REG,2008_10_IND_PIT,PIT,IND,0,0,0,0,0,0,0,24,57,2,6,0,6,0,48,0,3,0,0,0,,0,0,0,0,0,0,0,0,0,0,0,,0
00-0022288,Jason Wright,RB,2008,10,REG,2008_10_DEN_CLE,CLE,DEN,0,0,0,0,0,0,0,1,1,0,0,0,0,0,0,0,0,0,0,0,,0,0,0,0,0,0,0,0,0,0,0,,0
00-0022397,Vonta Leach,FB,2008,10,REG,2008_10_BAL_HOU,HOU,BAL,0,0,0,0,0,0,0,0,0,0,0,0,1,0,9,0,0,0,0,0,,0,0,0,0,0,0,0,0,0,0,0,,0
00-0022403,Brandon Middleton,WR,2008,10,REG,2008_10_JAX_DET,DET,JAX,0,0,0,0,0,0,0,0,0,0,0,0,1,0,23,0,1,0,0,0,,0,0,0,0,0,0,0,0,0,0,0,,0
00-0022405,Lousaka Polite,FB,2008,10,REG,2008_10_SEA_MIA,MIA,SEA,0,0,0,0,0,0,0,2,4,0,2,0,2,0,17,0,0,0,0,0,,0,0,0,0,0,0,0,0,0,0,0,,0
00-0022414,Malcom Floyd,WR,2008,10,REG,2008_10_KC_SD,LAC,KC,0,0,0,0,0,0,0,0,0,0,0,0,4,0,76,1,4,0,0,0,,0,0,0,0,0,0,0,0,0,0,0,,0
00-0022427,Wes Welker,WR,2008,10,REG,2008_10_BUF_NE,NE,BUF,0,0,0,0,0,0,0,1,7,0,0,0,10,0,107,0,5,0,0,0,,0,0,0,0,0,0,0,0,0,0,0,,0
00-0022529,Luke Lawton,FB,2008,10,REG,2008_10_CAR_OAK,LV,CAR,0,0,0,0,0,0,0,0,0,0,0,0,2,0,16,0,1,0,0,0,,0,0,0,0,0,0,0,0,0,0,0,,0
00-0022684,Donnie Jones,P,2008,10,REG,2008_10_STL_NYJ,LA,NYJ,0,0,0,0,0,0,0,0,0,0,0,0,0,0,0,0,0,0,0,0,,0,0,0,0,0,0,0,0,4,207,158,57,0
00-0022701,D.J. Hackett,WR,2008,10,REG,2008_10_CAR_OAK,CAR,LV,0,0,0,0,0,0,0,0,0,0,0,0,1,0,13,0,1,0,0,0,,0,0,0,0,0,0,0,0,0,0,0,,0
00-0022706,Michael Gaines,TE,2008,10,REG,2008_10_JAX_DET,DET,JAX,0,0,0,0,0,0,0,0,0,0,0,0,2,0,18,0,0,0,0,0,,0,0,0,0,0,0,0,0,0,0,0,,0
00-0022724,Sean McHugh,TE,2008,10,REG,2008_10_IND_PIT,PIT,IND,0,0,0,0,0,0,0,0,0,0,0,0,1,0,2,0,0,0,0,0,,0,0,0,0,0,0,0,0,0,0,0,,0
00-0022726,Keary Colbert,WR,2008,10,REG,2008_10_SEA_MIA,SEA,MIA,0,0,0,0,0,0,0,0,0,0,0,0,1,0,11,0,1,0,0,0,,0,0,0,0,0,0,0,0,0,0,0,,0
00-0022737,Nate Kaeding,K,2008,10,REG,2008_10_KC_SD,LAC,KC,0,0,0,0,0,0,0,0,0,0,0,0,0,0,0,0,0,0,2,2,34,0,1,1,0,0,0,2,2,0,0,0,,0
00-0022770,Derrick Ward,RB,2008,10,REG,2008_10_NYG_PHI,NYG,PHI,0,0,0,0,0,0,0,17,53,0,1,0,3,0,27,0,2,0,0,0,,0,0,0,0,0,0,0,0,0,0,0,,0
00-0022781,Michael Jenkins,WR,2008,10,REG,2008_10_NO_ATL,ATL,NO,0,0,0,0,0,0,0,0,0,0,0,0,6,0,72,0,3,0,0,0,,0,0,0,0,0,0,0,0,0,0,0,,0
00-0022782,Kevin Jones,RB,2008,10,REG,2008_10_TEN_CHI,CHI,TEN,0,0,0,0,0,0,0,1,0,0,0,0,0,0,0,0,0,0,0,0,,0,0,0,0,0,0,0,0,0,0,0,,0
00-0022803,Eli Manning,QB,2008,10,REG,2008_10_NYG_PHI,NYG,PHI,17,31,191,2,1,1,-9,1,2,0,1,0,0,0,0,0,0,0,0,0,,0,0,0,0,0,0,0,0,0,0,0,,0
00-0022811,Jerricho Cotchery,WR,2008,10,REG,2008_10_STL_NYJ,NYJ,LA,0,0,0,0,0,0,0,0,0,0,0,0,1,0,18,0,1,0,0,0,,0,0,0,0,0,0,0,0,0,0,0,,0
00-0022821,Michael Turner,RB,2008,10,REG,2008_10_NO_ATL,ATL,NO,0,0,0,0,0,0,0,27,96,1,5,0,1,0,0,0,0,0,0,0,,0,0,0,0,0,0,0,0,0,0,0,,0
00-0022824,Andy Lee,P,2008,10,REG,2008_10_SF_ARI,SF,ARI,0,0,0,0,0,0,0,0,0,0,0,0,0,0,0,0,0,0,0,0,,0,0,0,0,0,0,0,0,4,212,160,63,1
00-0022840,Julius Jones,RB,2008,10,REG,2008_10_SEA_MIA,SEA,MIA,0,0,0,0,0,0,0,16,88,0,5,0,2,0,2,0,0,0,0,0,,0,0,0,0,0,0,0,0,0,0,0,,0
00-0022874,Josh Scobee,K,2008,10,REG,2008_10_JAX_DET,JAX,DET,0,0,0,0,0,0,0,0,0,0,0,0,0,0,0,0,0,0,1,1,34,0,0,1,0,0,0,5,5,0,0,0,,0
00-0022889,Reggie Williams,WR,2008,10,REG,2008_10_JAX_DET,JAX,DET,0,0,0,0,0,0,0,0,0,0,0,0,1,0,6,0,0,0,0,0,,0,0,0,0,0,0,0,0,0,0,0,,0
00-0022897,Greg Jones,FB,2008,10,REG,2008_10_JAX_DET,JAX,DET,0,0,0,0,0,0,0,0,0,0,0,0,1,0,5,0,0,0,0,0,,0,0,0,0,0,0,0,0,0,0,0,,0
00-0022910,Lee Evans,WR,2008,10,REG,2008_10_BUF_NE,BUF,NE,0,0,0,0,0,0,0,0,0,0,0,0,2,0,22,0,1,0,0,0,,0,0,0,0,0,0,0,0,0,0,0,,0
00-0022921,Larry Fitzgerald,WR,2008,10,REG,2008_10_SF_ARI,ARI,SF,0,0,0,0,0,0,0,0,0,0,0,0,8,0,49,1,2,0,0,0,,0,0,0,0,0,0,0,0,0,0,0,,0
00-0022922,Kellen Winslow,TE,2008,10,REG,2008_10_DEN_CLE,CLE,DEN,0,0,0,0,0,0,0,0,0,0,0,0,10,0,111,2,5,1,0,0,,0,0,0,0,0,0,0,0,0,0,0,,0
00-0022924,Ben Roethlisberger,QB,2008,10,REG,2008_10_IND_PIT,PIT,IND,30,42,284,0,3,2,-13,1,-1,0,0,0,0,0,0,0,0,0,0,0,,0,0,0,0,0,0,0,0,0,0,0,,0
00-0022929,Devery Henderson,WR,2008,10,REG,2008_10_NO_ATL,NO,ATL,0,0,0,0,0,0,0,1,30,0,1,0,2,0,33,0,2,0,0,0,,0,0,0,0,0,0,0,0,0,0,0,,0
00-0022942,Philip Rivers,QB,2008,10,REG,2008_10_KC_SD,LAC,KC,27,36,316,2,2,2,-8,1,-1,0,0,0,0,0,0,0,0,0,0,0,,0,0,0,0,0,0,0,0,0,0,0,,0
00-0022943,Benjamin Watson,TE,2008,10,REG,2008_10_BUF_NE,NE,BUF,0,0,0,0,0,0,0,0,0,0,0,0,1,0,7,0,0,0,0,0,,0,0,0,0,0,0,0,0,0,0,0,,0
00-0022984,Ryan Grant,RB,2008,10,REG,2008_10_GB_MIN,GB,MIN,0,0,0,0,0,0,0,16,75,1,4,0,0,0,0,0,0,0,0,0,,0,0,0,0,0,0,0,0,0,0,0,,0
00-0023060,Chris Kluwe,P,2008,10,REG,2008_10_GB_MIN,MIN,GB,0,0,0,0,0,0,0,0,0,0,0,0,0,0,0,0,0,0,0,0,,0,0,0,0,0,0,0,0,5,175,100,51,4
00-0023063,Leonard Weaver,FB,2008,10,REG,2008_10_SEA_MIA,SEA,MIA,0,0,0,0,0,0,0,0,0,0,0,0,1,0,5,0,0,0,0,0,,0,0,0,0,0,0,0,0,0,0,0,,0
00-0023074,Samkon Gado,RB,2008,10,REG,2008_10_STL_NYJ,LA,NYJ,0,0,0,0,0,0,0,2,4,0,0,0,1,0,-1,0,0,0,0,0,,0,0,0,0,0,0,0,0,0,0,0,,0
00-0023176,Josh Cribbs,WR,2008,10,REG,2008_10_DEN_CLE,CLE,DEN,0,0,0,0,0,0,0,3,48,0,2,0,0,0,0,0,0,0,0,0,,0,0,0,0,0,0,0,0,0,0,0,,0
00-0023210,Tory Humphrey,TE,2008,10,REG,2008_10_GB_MIN,GB,MIN,0,0,0,0,0,0,0,0,0,0,0,0,1,0,13,0,1,0,0,0,,0,0,0,0,0,0,0,0,0,0,0,,0
00-0023234,Michael Koenen,P,2008,10,REG,2008_10_NO_ATL,ATL,NO,0,0,0,0,0,0,0,0,0,0,0,0,0,0,0,0,0,0,0,0,,0,0,0,0,0,0,0,0,4,141,141,44,3
00-0023252,Robbie Gould,K,2008,10,REG,2008_10_TEN_CHI,CHI,TEN,0,0,0,0,0,0,0,0,0,0,0,0,0,0,0,0,0,0,0,1,,0,0,0,0,0,0,2,2,0,0,0,,0
00-0023310,Lance Moore,WR,2008,10,REG,2008_10_NO_ATL,NO,ATL,0,0,0,0,0,0,0,0,0,0,0,0,6,0,76,1,4,0,0,0,,0,0,0,0,0,0,0,0,0,0,0,,0
00-0023367,Nate Washington,WR,2008,10,REG,2008_10_IND_PIT,PIT,IND,0,0,0,0,0,0,0,0,0,0,0,0,3,0,30,0,2,0,0,0,,0,0,0,0,0,0,0,0,0,0,0,,0
00-0023408,Greg Camarillo,WR,2008,10,REG,2008_10_SEA_MIA,MIA,SEA,0,0,0,0,0,0,0,1,6,0,0,0,4,0,21,0,0,0,0,0,,0,0,0,0,0,0,0,0,0,0,0,,0
00-0023429,Rashied Davis,WR,2008,10,REG,2008_10_TEN_CHI,CHI,TEN,0,0,0,0,0,0,0,0,0,0,0,0,1,0,15,0,1,0,0,0,,0,0,0,0,0,0,0,0,0,0,0,,0
00-0023437,Ronnie Brown,RB,2008,10,REG,2008_10_SEA_MIA,MIA,SEA,0,0,0,0,0,0,0,10,39,1,1,0,4,0,27,0,2,0,0,0,,0,0,0,0,0,0,0,0,0,0,0,,0
00-0023438,Braylon Edwards,WR,2008,10,REG,2008_10_DEN_CLE,CLE,DEN,0,0,0,0,0,0,0,0,0,0,0,0,1,0,15,0,1,0,0,0,,0,0,0,0,0,0,0,0,0,0,0,,0
00-0023442,Troy Williamson,WR,2008,10,REG,2008_10_JAX_DET,JAX,DET,0,0,0,0,0,0,0,0,0,0,0,0,1,0,10,1,1,0,0,0,,0,0,0,0,0,0,0,0,0,0,0,,0
00-0023456,Matt Jones,WR,2008,10,REG,2008_10_JAX_DET,JAX,DET,0,0,0,0,0,0,0,0,0,0,0,0,5,0,62,0,4,0,0,0,,0,0,0,0,0,0,0,0,0,0,0,,0
00-0023457,Mark Clayton,WR,2008,10,REG,2008_10_BAL_HOU,BAL,HOU,0,0,0,0,0,0,0,0,0,0,0,0,3,0,40,0,1,0,0,0,,0,0,0,0,0,0,0,0,0,0,0,,0
00-0023459,Aaron Rodgers,QB,2008,10,REG,2008_10_GB_MIN,GB,MIN,15,26,142,0,0,4,-32,1,1,0,0,0,0,0,0,0,0,0,0,0,,0,0,0,0,0,0,0,0,0,0,0,,0
00-0023462,Roddy White,WR,2008,10,REG,2008_10_NO_ATL,ATL,NO,0,0,0,0,0,0,0,1,2,0,0,0,5,0,68,1,5,0,0,0,,0,0,0,0,0,0,0,0,0,0,0,,0
00-0023470,Reggie Brown,WR,2008,10,REG,2008_10_NYG_PHI,PHI,NYG,0,0,0,0,0,0,0,0,0,0,0,0,1,0,7,0,0,0,0,0,,0,0,0,0,0,0,0,0,0,0,0,,0
00-0023474,Mark Bradley,WR,2008,10,REG,2008_10_KC_SD,KC,LAC,0,0,0,0,0,0,0,0,0,0,0,0,9,0,81,1,3,0,0,0,,0,0,0,0,0,0,0,0,0,0,0,,0
00-0023479,J.J. Arrington,RB,2008,10,REG,2008_10_SF_ARI,ARI,SF,0,0,0,0,0,0,0,1,1,0,0,0,0,0,0,0,0,0,0,0,,0,0,0,0,0,0,0,0,0,0,0,,0
00-0023490,Roscoe Parrish,WR,2008,10,REG,2008_10_BUF_NE,BUF,NE,0,0,0,0,0,0,0,0,0,0,0,0,4,0,31,0,3,0,0,0,,0,0,0,0,0,0,0,0,0,0,0,,0
00-0023496,Vincent Jackson,WR,2008,10,REG,2008_10_KC_SD,LAC,KC,0,0,0,0,0,0,0,0,0,0,0,0,5,0,83,0,5,0,0,0,,0,0,0,0,0,0,0,0,0,0,0,,0
00-0023500,Frank Gore,RB,2008,10,REG,2008_10_SF_ARI,SF,ARI,0,0,0,0,0,0,0,23,99,0,4,0,1,0,6,0,0,0,0,0,,0,0,0,0,0,0,0,0,0,0,0,,0
00-0023504,Andrew Walter,QB,2008,10,REG,2008_10_CAR_OAK,LV,CAR,14,32,143,0,2,3,-19,4,19,0,1,0,0,0,0,0,0,0,0,0,,0,0,0,0,0,0,0,0,0,0,0,,0
00-0023512,Ryan Moats,RB,2008,10,REG,2008_10_BAL_HOU,HOU,BAL,0,0,0,0,0,0,0,7,34,0,2,0,0,0,0,0,0,0,0,0,,0,0,0,0,0,0,0,0,0,0,0,,0
00-0023531,Brandon Jones,WR,2008,10,REG,2008_10_TEN_CHI,TEN,CHI,0,0,0,0,0,0,0,0,0,0,0,0,8,0,82,0,4,0,0,0,,0,0,0,0,0,0,0,0,0,0,0,,0
00-0023534,Dustin Colquitt,P,2008,10,REG,2008_10_KC_SD,KC,LAC,0,0,0,0,0,0,0,0,0,0,0,0,0,0,0,0,0,0,0,0,,0,0,0,0,0,0,0,0,6,244,246,48,4
00-0023545,Brandon Jacobs,RB,2008,10,REG,2008_10_NYG_PHI,NYG,PHI,0,0,0,0,0,0,0,22,126,2,7,1,0,0,0,0,0,0,0,0,,0,0,0,0,0,0,0,0,0,0,0,,0
00-0023564,Darren Sproles,RB,2008,10,REG,2008_10_KC_SD,LAC,KC,0,0,0,0,0,0,0,3,15,0,1,0,3,0,15,0,0,0,0,0,,0,0,0,0,0,0,0,0,0,0,0,,0
00-0023612,Bo Scaife,TE,2008,10,REG,2008_10_TEN_CHI,TEN,CHI,0,0,0,0,0,0,0,0,0,0,0,0,10,0,78,1,5,0,0,0,,0,0,0,0,0,0,0,0,0,0,0,,0
00-0023630,Joel Dreessen,TE,2008,10,REG,2008_10_BAL_HOU,HOU,BAL,0,0,0,0,0,0,0,0,0,0,0,0,1,0,9,0,1,0,0,0,,0,0,0,0,0,0,0,0,0,0,0,,0
00-0023642,Reggie Hodges,P,2008,10,REG,2008_10_STL_NYJ,NYJ,LA,0,0,0,0,0,0,0,0,0,0,0,0,0,0,0,0,0,0,0,0,,0,0,0,0,0,0,0,0,1,36,32,36,0
00-0023662,Matt Cassel,QB,2008,10,REG,2008_10_BUF_NE,NE,BUF,23,34,234,0,0,1,-8,9,22,1,2,0,0,0,0,0,0,0,0,0,,0,0,0,0,0,0,0,0,0,0,0,,0
00-0023671,Paul Ernster,P,2008,10,REG,2008_10_IND_PIT,PIT,IND,0,0,0,0,0,0,0,0,0,0,0,0,0,0,0,0,0,0,0,0,,0,0,0,0,0,0,0,0,3,113,110,43,2
00-0023742,Jon Ryan,P,2008,10,REG,2008_10_SEA_MIA,SEA,MIA,0,0,0,0,0,0,0,0,0,0,0,0,0,0,0,0,0,0,0,0,,0,0,0,0,0,0,0,0,5,198,160,51,2
00-0023774,Naufahu Tahi,FB,2008,10,REG,2008_10_GB_MIN,MIN,GB,0,0,0,0,0,0,0,0,0,0,0,0,1,0,3,0,0,0,0,0,,0,0,0,0,0,0,0,0,0,0,0,,0
00-0023853,Matt Prater,K,2008,10,REG,2008_10_DEN_CLE,DEN,CLE,0,0,0,0,0,0,0,0,0,0,0,0,0,0,0,0,0,0,2,3,35,0,0,2,0,0,0,4,4,0,0,0,,0
00-0024013,Hank Baskett,WR,2008,10,REG,2008_10_NYG_PHI,PHI,NYG,0,0,0,0,0,0,0,0,0,0,0,0,1,0,7,1,1,0,0,0,,0,0,0,0,0,0,0,0,0,0,0,,0
00-0024172,Patrick Cobbs,RB,2008,10,REG,2008_10_SEA_MIA,MIA,SEA,0,0,0,0,0,0,0,0,0,0,0,0,2,0,10,0,1,0,0,0,,0,0,0,0,0,0,0,0,0,0,0,,0
00-0024204,Fred Jackson,RB,2008,10,REG,2008_10_BUF_NE,BUF,NE,0,0,0,0,0,0,0,4,14,0,1,0,2,0,11,0,0,0,0,0,,0,0,0,0,0,0,0,0,0,0,0,,0
00-0024221,Vernon Davis,TE,2008,10,REG,2008_10_SF_ARI,SF,ARI,0,0,0,0,0,0,0,0,0,0,0,0,1,0,18,1,1,0,0,0,,0,0,0,0,0,0,0,0,0,0,0,,0
00-0024226,Jay Cutler,QB,2008,10,REG,2008_10_DEN_CLE,DEN,CLE,24,42,447,3,1,1,-6,7,29,0,3,0,0,0,0,0,0,0,0,0,,0,0,0,0,0,0,0,0,0,0,0,,0
00-0024240,Santonio Holmes,WR,2008,10,REG,2008_10_IND_PIT,PIT,IND,0,0,0,0,0,0,0,1,-1,0,0,0,4,0,29,0,1,0,0,0,,0,0,0,0,0,0,0,0,0,0,0,,0
00-0024242,DeAngelo Williams,RB,2008,10,REG,2008_10_CAR_OAK,CAR,LV,0,0,0,0,0,0,0,19,140,1,3,0,1,0,3,0,0,0,0,0,,0,0,0,0,0,0,0,0,0,0,0,,0
00-0024243,Marcedes Lewis,TE,2008,10,REG,2008_10_JAX_DET,JAX,DET,0,0,0,0,0,0,0,0,0,0,0,0,4,0,64,0,2,0,0,0,,0,0,0,0,0,0,0,0,0,0,0,,0
00-0024245,Joseph Addai,RB,2008,10,REG,2008_10_IND_PIT,IND,PIT,0,0,0,0,0,0,0,12,34,0,4,0,2,0,13,0,1,0,0,0,,0,0,0,0,0,0,0,0,0,0,0,,0
00-0024260,LenDale White,RB,2008,10,REG,2008_10_TEN_CHI,TEN,CHI,0,0,0,0,0,0,0,10,14,1,1,0,1,0,6,0,1,0,0,0,,0,0,0,0,0,0,0,0,0,0,0,,0
00-0024264,Kellen Clemens,QB,2008,10,REG,2008_10_STL_NYJ,NYJ,LA,0,0,0,0,0,0,0,3,-3,0,0,0,0,0,0,0,0,0,0,0,,0,0,0,0,0,0,0,0,0,0,0,,0
00-0024267,Greg Jennings,WR,2008,10,REG,2008_10_GB_MIN,GB,MIN,0,0,0,0,0,0,0,0,0,0,0,0,3,0,37,0,2,0,0,0,,0,0,0,0,0,0,0,0,0,0,0,,0
00-0024268,Anthony Fasano,TE,2008,10,REG,2008_10_SEA_MIA,MIA,SEA,0,0,0,0,0,0,0,0,0,0,0,0,1,0,17,0,1,0,0,0,,0,0,0,0,0,0,0,0,0,0,0,,0
00-0024272,Devin Hester,WR,2008,10,REG,2008_10_TEN_CHI,CHI,TEN,0,0,0,0,0,0,0,0,0,0,0,0,4,0,54,0,2,0,0,0,,0,0,0,0,0,0,0,0,0,0,0,,0
00-0024275,Maurice Jones-Drew,RB,2008,10,REG,2008_10_JAX_DET,JAX,DET,0,0,0,0,0,0,0,11,70,3,4,0,2,0,21,0,1,0,0,0,,0,0,0,0,0,0,0,0,0,0,0,,0
00-0024276,Tony Scheffler,TE,2008,10,REG,2008_10_DEN_CLE,DEN,CLE,0,0,0,0,0,0,0,0,0,0,0,0,4,0,92,0,4,0,0,0,,0,0,0,0,0,0,0,0,0,0,0,,0
00-0024294,Jerious Norwood,RB,2008,10,REG,2008_10_NO_ATL,ATL,NO,0,0,0,0,0,0,0,6,17,0,1,0,2,0,88,1,2,0,0,0,,0,0,0,0,0,0,0,0,0,0,0,,0
00-0024313,Owen Daniels,TE,2008,10,REG,2008_10_BAL_HOU,HOU,BAL,0,0,0,0,0,0,0,0,0,0,0,0,1,0,13,0,1,0,0,0,,0,0,0,0,0,0,0,0,0,0,0,,0
00-0024315,Michael Robinson,FB,2008,10,REG,2008_10_SF_ARI,SF,ARI,0,0,0,0,0,0,0,3,8,0,2,0,0,0,0,0,0,0,0,0,,0,0,0,0,0,0,0,0,0,0,0,,0
00-0024318,Brad Smith,WR,2008,10,REG,2008_10_STL_NYJ,NYJ,LA,0,0,0,0,0,0,0,1,6,0,0,0,2,0,14,0,0,0,0,0,,0,0,0,0,0,0,0,0,0,0,0,,0
00-0024324,Jason Avant,WR,2008,10,REG,2008_10_NYG_PHI,PHI,NYG,0,0,0,0,0,0,0,0,0,0,0,0,2,0,25,1,2,0,0,0,,0,0,0,0,0,0,0,0,0,0,0,,0
00-0024332,Leon Washington,RB,2008,10,REG,2008_10_STL_NYJ,NYJ,LA,0,0,0,0,0,0,0,12,54,0,4,0,4,0,14,0,1,0,0,0,,0,0,0,0,0,0,0,0,0,0,0,,0
00-0024333,Stephen Gostkowski,K,2008,10,REG,2008_10_BUF_NE,NE,BUF,0,0,0,0,0,0,0,0,0,0,0,0,0,0,0,0,0,0,2,3,37,0,0,2,0,0,0,2,2,0,0,0,,0
00-0024334,Brandon Marshall,WR,2008,10,REG,2008_10_DEN_CLE,DEN,CLE,0,0,0,0,0,0,0,0,0,0,0,0,6,0,89,1,4,0,0,0,,0,0,0,0,0,0,0,0,0,0,0,,0
00-0024359,Jerome Harrison,RB,2008,10,REG,2008_10_DEN_CLE,CLE,DEN,0,0,0,0,0,0,0,5,48,0,4,0,1,0,9,0,0,0,0,0,,0,0,0,0,0,0,0,0,0,0,0,,0
00-0024369,Jeff King,TE,2008,10,REG,2008_10_CAR_OAK,CAR,LV,0,0,0,0,0,0,0,0,0,0,0,0,1,0,9,0,0,0,0,0,,0,0,0,0,0,0,0,0,0,0,0,,0
00-0024389,Delanie Walker,TE,2008,10,REG,2008_10_SF_ARI,SF,ARI,0,0,0,0,0,0,0,0,0,0,0,0,1,0,4,0,0,0,0,0,,0,0,0,0,0,0,0,0,0,0,0,,0
00-0024417,Sam Koch,P,2008,10,REG,2008_10_BAL_HOU,BAL,HOU,0,0,0,0,0,0,0,0,0,0,0,0,0,0,0,0,0,0,0,0,,0,0,0,0,0,0,0,0,4,200,180,74,3
00-0024465,David Anderson,WR,2008,10,REG,2008_10_BAL_HOU,HOU,BAL,0,0,0,0,0,0,0,0,0,0,0,0,4,0,46,0,4,0,0,0,,0,0,0,0,0,0,0,0,0,0,0,,0
00-0024466,Marques Colston,WR,2008,10,REG,2008_10_NO_ATL,NO,ATL,0,0,0,0,0,0,0,0,0,0,0,0,7,0,140,0,7,0,0,0,,0,0,0,0,0,0,0,0,0,0,0,,0
00-0024489,Ahmard Hall,FB,2008,10,REG,2008_10_TEN_CHI,TEN,CHI,0,0,0,0,0,0,0,1,-1,0,0,1,0,0,0,0,0,0,0,0,,0,0,0,0,0,0,0,0,0,0,0,,0
00-0024515,Sav Rocca,P,2008,10,REG,2008_10_NYG_PHI,PHI,NYG,0,0,0,0,0,0,0,0,0,0,0,0,0,0,0,0,0,0,0,0,,0,0,0,0,0,0,0,0,5,228,163,62,2
00-0024549,Selvin Young,RB,2008,10,REG,2008_10_DEN_CLE,DEN,CLE,0,0,0,0,0,0,0,1,2,0,0,0,0,0,0,0,0,0,0,0,,0,0,0,0,0,0,0,0,0,0,0,,0
00-0024682,Michael Matthews,TE,2008,10,REG,2008_10_NYG_PHI,NYG,PHI,0,0,0,0,0,0,0,0,0,0,0,0,1,0,13,0,1,0,0,0,,0,0,0,0,0,0,0,0,0,0,0,,0
00-0024687,Dominique Zeigler,WR,2008,10,REG,2008_10_SF_ARI,SF,ARI,0,0,0,0,0,0,0,0,0,0,0,0,1,0,22,0,0,0,0,0,,0,0,0,0,0,0,0,0,0,0,0,,0
00-0024763,Charles Ali,RB,2008,10,REG,2008_10_DEN_CLE,CLE,DEN,0,0,0,0,0,0,0,0,0,0,0,0,1,0,1,0,0,0,0,0,,0,0,0,0,0,0,0,0,0,0,0,,0
00-0024813,Pierre Thomas,RB,2008,10,REG,2008_10_NO_ATL,NO,ATL,0,0,0,0,0,0,0,6,26,0,2,0,5,0,34,0,0,0,0,0,,0,0,0,0,0,0,0,0,0,0,0,,0
00-0025389,Calvin Johnson,WR,2008,10,REG,2008_10_JAX_DET,DET,JAX,0,0,0,0,0,0,0,0,0,0,0,0,2,0,92,0,2,0,0,0,,0,0,0,0,0,0,0,0,0,0,0,,0
00-0025394,Adrian Peterson,RB,2008,10,REG,2008_10_GB_MIN,MIN,GB,0,0,0,0,0,0,0,30,192,1,9,0,3,0,33,0,2,0,0,0,,0,0,0,0,0,0,0,0,0,0,0,,0
00-0025396,Ted Ginn,WR,2008,10,REG,2008_10_SEA_MIA,MIA,SEA,0,0,0,0,0,0,0,0,0,0,0,0,4,0,67,1,3,0,0,0,,0,0,0,0,0,0,0,0,0,0,0,,0
00-0025399,Marshawn Lynch,RB,2008,10,REG,2008_10_BUF_NE,BUF,NE,0,0,0,0,0,0,0,14,46,0,1,0,0,0,0,0,0,0,0,0,,0,0,0,0,0,0,0,0,0,0,0,,0
00-0025409,Brady Quinn,QB,2008,10,REG,2008_10_DEN_CLE,CLE,DEN,23,35,239,2,0,0,0,1,3,0,0,0,0,0,0,0,0,0,0,0,,0,0,0,0,0,0,0,0,0,0,0,,0
00-0025410,Dwayne Bowe,WR,2008,10,REG,2008_10_KC_SD,KC,LAC,0,0,0,0,0,0,0,0,0,0,0,0,6,0,72,0,3,0,0,0,,0,0,0,0,0,0,0,0,0,0,0,,0
00-0025418,Greg Olsen,TE,2008,10,REG,2008_10_TEN_CHI,CHI,TEN,0,0,0,0,0,0,0,0,0,0,0,0,5,0,40,0,2,0,0,0,,0,0,0,0,0,0,0,0,0,0,0,,0
00-0025419,Anthony Gonzalez,WR,2008,10,REG,2008_10_IND_PIT,IND,PIT,0,0,0,0,0,0,0,0,0,0,0,0,4,0,26,0,1,0,0,0,,0,0,0,0,0,0,0,0,0,0,0,,0
00-0025425,Zach Miller,TE,2008,10,REG,2008_10_CAR_OAK,LV,CAR,0,0,0,0,0,0,0,0,0,0,0,0,3,0,42,0,2,0,0,0,,0,0,0,0,0,0,0,0,0,0,0,,0
00-0025430,Drew Stanton,QB,2008,10,REG,2008_10_JAX_DET,DET,JAX,6,8,94,1,0,5,-33,1,4,0,0,0,0,0,0,0,0,0,0,0,,0,0,0,0,0,0,0,0,0,0,0,,0
00-0025431,Sidney Rice,WR,2008,10,REG,2008_10_GB_MIN,MIN,GB,0,0,0,0,0,0,0,0,0,0,0,0,1,0,3,1,1,0,0,0,,0,0,0,0,0,0,0,0,0,0,0,,0
00-0025438,Steve Smith,WR,2008,10,REG,2008_10_NYG_PHI,NYG,PHI,0,0,0,0,0,0,0,0,0,0,0,0,1,0,12,0,1,0,0,0,,0,0,0,0,0,0,0,0,0,0,0,,0
00-0025450,Brandon Jackson,RB,2008,10,REG,2008_10_GB_MIN,GB,MIN,0,0,0,0,0,0,0,0,0,0,0,0,2,0,18,0,0,0,0,0,,0,0,0,0,0,0,0,0,0,0,0,,0
00-0025460,Jacoby Jones,WR,2008,10,REG,2008_10_BAL_HOU,HOU,BAL,0,0,0,0,0,0,0,0,0,0,0,0,1,0,45,0,1,0,0,0,,0,0,0,0,0,0,0,0,0,0,0,,0
00-0025461,Yamon Figurs,WR,2008,10,REG,2008_10_BAL_HOU,BAL,HOU,0,0,0,0,0,0,0,0,0,0,0,0,1,0,43,1,1,0,0,0,,0,0,0,0,0,0,0,0,0,0,0,,0
00-0025463,Jason Hill,WR,2008,10,REG,2008_10_SF_ARI,SF,ARI,0,0,0,0,0,0,0,0,0,0,0,0,7,0,84,0,6,0,0,0,,0,0,0,0,0,0,0,0,0,0,0,,0
00-0025464,Matt Spaeth,TE,2008,10,REG,2008_10_IND_PIT,PIT,IND,0,0,0,0,0,0,0,0,0,0,0,0,6,0,53,0,3,0,0,0,,0,0,0,0,0,0,0,0,0,0,0,,0
00-0025465,James Jones,WR,2008,10,REG,2008_10_GB_MIN,GB,MIN,0,0,0,0,0,0,0,0,0,0,0,0,1,0,5,0,1,0,0,0,,0,0,0,0,0,0,0,0,0,0,0,,0
00-0025479,Trent Edwards,QB,2008,10,REG,2008_10_BUF_NE,BUF,NE,13,23,120,1,2,2,-12,0,0,0,0,0,0,0,0,0,0,0,0,0,,0,0,0,0,0,0,0,0,0,0,0,,0
00-0025487,Michael Bush,RB,2008,10,REG,2008_10_CAR_OAK,LV,CAR,0,0,0,0,0,0,0,8,30,0,2,0,5,0,43,0,3,0,0,0,,0,0,0,0,0,0,0,0,0,0,0,,0
00-0025488,Adam Podlesh,P,2008,10,REG,2008_10_JAX_DET,JAX,DET,0,0,0,0,0,0,0,0,0,0,0,0,0,0,0,0,0,0,0,0,,0,0,0,0,0,0,0,0,2,77,69,50,2
00-0025494,Antonio Pittman,RB,2008,10,REG,2008_10_STL_NYJ,LA,NYJ,0,0,0,0,0,0,0,13,28,0,1,0,2,0,38,0,2,0,0,0,,0,0,0,0,0,0,0,0,0,0,0,,0
00-0025524,Le'Ron McClain,FB,2008,10,REG,2008_10_BAL_HOU,BAL,HOU,0,0,0,0,0,0,0,4,19,0,3,0,1,0,6,0,0,0,0,0,,0,0,0,0,0,0,0,0,0,0,0,,0
00-0025529,Steve Breaston,WR,2008,10,REG,2008_10_SF_ARI,ARI,SF,0,0,0,0,0,0,0,0,0,0,0,0,7,0,121,0,5,0,0,0,,0,0,0,0,0,0,0,0,0,0,0,,0
00-0025540,Kevin Boss,TE,2008,10,REG,2008_10_NYG_PHI,NYG,PHI,0,0,0,0,0,0,0,0,0,0,0,0,6,0,69,1,4,0,0,0,,0,0,0,0,0,0,0,0,0,0,0,,0
00-0025561,Troy Smith,QB,2008,10,REG,2008_10_BAL_HOU,BAL,HOU,1,1,14,1,0,0,0,2,6,0,1,0,0,0,0,0,0,0,0,0,,0,0,0,0,0,0,0,0,0,0,0,,0
00-0025580,Mason Crosby,K,2008,10,REG,2008_10_GB_MIN,GB,MIN,0,0,0,0,0,0,0,0,0,0,0,0,0,0,0,0,0,0,2,3,47,0,0,0,2,0,0,3,3,0,0,0,,0
00-0025604,Tyler Thigpen,QB,2008,10,REG,2008_10_KC_SD,KC,LAC,27,41,266,3,0,1,-3,2,26,0,1,0,0,0,0,0,0,0,0,0,,0,0,0,0,0,0,0,0,0,0,0,,0
00-0025609,Derek Schouman,TE,2008,10,REG,2008_10_BUF_NE,BUF,NE,0,0,0,0,0,0,0,0,0,0,0,0,1,0,14,0,1,0,0,0,,0,0,0,0,0,0,0,0,0,0,0,,0
00-0025612,Brandon Fields,P,2008,10,REG,2008_10_SEA_MIA,MIA,SEA,0,0,0,0,0,0,0,0,0,0,0,0,0,0,0,0,0,0,0,0,,0,0,0,0,0,0,0,0,5,230,181,55,1
00-0025614,Dallas Baker,WR,2008,10,REG,2008_10_IND_PIT,PIT,IND,0,0,0,0,0,0,0,0,0,0,0,0,1,0,6,0,0,0,0,0,,0,0,0,0,0,0,0,0,0,0,0,,0
00-0025621,Syndric Steptoe,WR,2008,10,REG,2008_10_DEN_CLE,CLE,DEN,0,0,0,0,0,0,0,0,0,0,0,0,1,0,7,0,0,0,0,0,,0,0,0,0,0,0,0,0,0,0,0,,0
00-0025633,Kenneth Darby,RB,2008,10,REG,2008_10_STL_NYJ,LA,NYJ,0,0,0,0,0,0,0,4,32,0,1,1,0,0,0,0,0,0,0,0,,0,0,0,0,0,0,0,0,0,0,0,,0
00-0025636,Derek Stanley,WR,2008,10,REG,2008_10_STL_NYJ,LA,NYJ,0,0,0,0,0,0,0,0,0,0,0,0,1,0,12,0,0,1,0,0,,0,0,0,0,0,0,0,0,0,0,0,,0
00-0025637,Ahmad Bradshaw,RB,2008,10,REG,2008_10_NYG_PHI,NYG,PHI,0,0,0,0,0,0,0,5,38,0,2,0,0,0,0,0,0,0,0,0,,0,0,0,0,0,0,0,0,0,0,0,,0
00-0025824,Garrett Hartley,K,2008,10,REG,2008_10_NO_ATL,NO,ATL,0,0,0,0,0,0,0,0,0,0,0,0,0,0,0,0,0,0,2,2,44,0,1,0,1,0,0,2,2,0,0,0,,0
00-0025825,Brett Kern,P,2008,10,REG,2008_10_DEN_CLE,DEN,CLE,0,0,0,0,0,0,0,0,0,0,0,0,0,0,0,0,0,0,0,0,,0,0,0,0,0,0,0,0,1,29,24,29,0
00-0025860,BenJarvus Green-Ellis,RB,2008,10,REG,2008_10_BUF_NE,NE,BUF,0,0,0,0,0,0,0,26,105,1,8,0,0,0,0,0,0,0,0,0,,0,0,0,0,0,0,0,0,0,0,0,,0
00-0025944,Steven Hauschka,K,2008,10,REG,2008_10_BAL_HOU,BAL,HOU,0,0,0,0,0,0,0,0,0,0,0,0,0,0,0,0,0,0,1,1,54,0,0,0,0,1,0,0,0,0,0,0,,0
00-0026000,Davone Bess,WR,2008,10,REG,2008_10_SEA_MIA,MIA,SEA,0,0,0,0,0,0,0,0,0,0,0,0,2,0,25,0,2,0,0,0,,0,0,0,0,0,0,0,0,0,0,0,,0
00-0026003,Dan Carpenter,K,2008,10,REG,2008_10_SEA_MIA,MIA,SEA,0,0,0,0,0,0,0,0,0,0,0,0,0,0,0,0,0,0,0,0,,0,0,0,0,0,0,3,3,0,0,0,,0
00-0026033,Mike Cox,FB,2008,10,REG,2008_10_KC_SD,KC,LAC,0,0,0,0,0,0,0,1,-2,0,0,0,0,0,0,0,0,0,0,0,,0,0,0,0,0,0,0,0,0,0,0,,0
00-0026069,Mike Tolbert,FB,2008,10,REG,2008_10_KC_SD,LAC,KC,0,0,0,0,0,0,0,0,0,0,0,0,3,0,37,0,3,0,0,0,,0,0,0,0,0,0,0,0,0,0,0,,0
00-0026138,Connor Barth,K,2008,10,REG,2008_10_KC_SD,KC,LAC,0,0,0,0,0,0,0,0,0,0,0,0,0,0,0,0,0,0,0,0,,0,0,0,0,0,0,1,1,0,0,0,,0
00-0026143,Matt Ryan,QB,2008,10,REG,2008_10_NO_ATL,ATL,NO,16,23,248,2,0,0,0,2,-2,0,0,0,0,0,0,0,0,0,0,0,,0,0,0,0,0,0,0,0,0,0,0,,0
00-0026153,Jonathan Stewart,RB,2008,10,REG,2008_10_CAR_OAK,CAR,LV,0,0,0,0,0,0,0,7,21,0,1,0,0,0,0,0,0,0,0,0,,0,0,0,0,0,0,0,0,0,0,0,,0
00-0026158,Joe Flacco,QB,2008,10,REG,2008_10_BAL_HOU,BAL,HOU,15,23,185,2,0,3,-28,2,8,0,0,0,0,0,0,0,0,0,0,0,,0,0,0,0,0,0,0,0,0,0,0,,0
00-0026164,Chris Johnson,RB,2008,10,REG,2008_10_TEN_CHI,TEN,CHI,0,0,0,0,0,0,0,14,8,0,1,0,2,0,15,0,1,0,0,0,,0,0,0,0,0,0,0,0,0,0,0,,0
00-0026170,Dustin Keller,TE,2008,10,REG,2008_10_STL_NYJ,NYJ,LA,0,0,0,0,0,0,0,0,0,0,0,0,6,0,107,1,5,0,0,0,,0,0,0,0,0,0,0,0,0,0,0,,0
00-0026173,Donnie Avery,WR,2008,10,REG,2008_10_STL_NYJ,LA,NYJ,0,0,0,0,0,0,0,1,13,0,0,0,2,0,29,0,2,0,0,0,,0,0,0,0,0,0,0,0,0,0,0,,0
00-0026176,Jordy Nelson,WR,2008,10,REG,2008_10_GB_MIN,GB,MIN,0,0,0,0,0,0,0,0,0,0,0,0,2,0,17,0,0,0,0,0,,0,0,0,0,0,0,0,0,0,0,0,,0
00-0026178,John Carlson,TE,2008,10,REG,2008_10_SEA_MIA,SEA,MIA,0,0,0,0,0,0,0,0,0,0,0,0,5,0,54,0,3,0,0,0,,0,0,0,0,0,0,0,0,0,0,0,,0
00-0026181,James Hardy,WR,2008,10,REG,2008_10_BUF_NE,BUF,NE,0,0,0,0,0,0,0,0,0,0,0,0,2,0,21,1,1,0,0,0,,0,0,0,0,0,0,0,0,0,0,0,,0
00-0026182,Eddie Royal,WR,2008,10,REG,2008_10_DEN_CLE,DEN,CLE,0,0,0,0,0,0,0,0,0,0,0,0,6,0,164,1,4,0,0,0,,0,0,0,0,0,0,0,0,0,0,0,,0
00-0026184,Matt Forte,RB,2008,10,REG,2008_10_TEN_CHI,CHI,TEN,0,0,0,0,0,0,0,20,72,0,4,0,7,0,54,1,3,0,0,0,,0,0,0,0,0,0,0,0,0,0,0,,0
00-0026189,DeSean Jackson,WR,2008,10,REG,2008_10_NYG_PHI,PHI,NYG,0,0,0,0,0,0,0,3,24,1,2,0,4,0,61,0,3,0,0,0,,0,0,0,0,0,0,0,0,0,0,0,,0
00-0026195,Ray Rice,RB,2008,10,REG,2008_10_BAL_HOU,BAL,HOU,0,0,0,0,0,0,0,7,17,0,0,0,2,0,2,0,0,0,0,0,,0,0,0,0,0,0,0,0,0,0,0,,0
00-0026204,Kevin Smith,RB,2008,10,REG,2008_10_JAX_DET,DET,JAX,0,0,0,0,0,0,0,23,96,1,5,0,1,0,27,0,1,0,0,0,,0,0,0,0,0,0,0,0,0,0,0,,0
00-0026213,Jamaal Charles,RB,2008,10,REG,2008_10_KC_SD,KC,LAC,0,0,0,0,0,0,0,3,8,0,0,0,0,0,0,0,0,0,0,0,,0,0,0,0,0,0,0,0,0,0,0,,0
00-0026229,Steve Slaton,RB,2008,10,REG,2008_10_BAL_HOU,HOU,BAL,0,0,0,0,0,0,0,4,7,0,0,0,2,0,17,0,0,0,0,0,,0,0,0,0,0,0,0,0,0,0,0,,0
00-0026266,Lavelle Hawkins,WR,2008,10,REG,2008_10_TEN_CHI,TEN,CHI,0,0,0,0,0,0,0,0,0,0,0,0,2,0,26,0,2,0,0,0,,0,0,0,0,0,0,0,0,0,0,0,,0
00-0026268,Keenan Burton,WR,2008,10,REG,2008_10_STL_NYJ,LA,NYJ,0,0,0,0,0,0,0,0,0,0,0,0,1,0,28,0,1,0,0,0,,0,0,0,0,0,0,0,0,0,0,0,,0
00-0026279,Ryan Torain,RB,2008,10,REG,2008_10_DEN_CLE,DEN,CLE,0,0,0,0,0,0,0,12,68,1,4,0,0,0,0,0,0,0,0,0,,0,0,0,0,0,0,0,0,0,0,0,,0
00-0026289,Tim Hightower,RB,2008,10,REG,2008_10_SF_ARI,ARI,SF,0,0,0,0,0,0,0,13,22,0,1,0,6,0,28,0,1,0,0,0,,0,0,0,0,0,0,0,0,0,0,0,,0
00-0026303,Owen Schmitt,FB,2008,10,REG,2008_10_SEA_MIA,SEA,MIA,0,0,0,0,0,0,0,3,19,0,1,0,1,0,6,0,0,0,0,0,,0,0,0,0,0,0,0,0,0,0,0,,0
00-0026314,Josh Morgan,WR,2008,10,REG,2008_10_SF_ARI,SF,ARI,0,0,0,0,0,0,0,0,0,0,0,0,4,0,54,1,1,0,0,0,,0,0,0,0,0,0,0,0,0,0,0,,0
00-0026345,Pierre Garcon,WR,2008,10,REG,2008_10_IND_PIT,IND,PIT,0,0,0,0,0,0,0,0,0,0,0,0,1,0,2,0,0,0,0,0,,0,0,0,0,0,0,0,0,0,0,0,,0
00-0026364,Steve Johnson,WR,2008,10,REG,2008_10_BUF_NE,BUF,NE,0,0,0,0,0,0,0,0,0,0,0,0,1,0,15,0,1,0,0,0,,0,0,0,0,0,0,0,0,0,0,0,,0
00-0026366,Chaz Schilens,WR,2008,10,REG,2008_10_CAR_OAK,LV,CAR,0,0,0,0,0,0,0,1,-2,0,0,0,0,0,0,0,0,0,0,0,,0,0,0,0,0,0,0,0,0,0,0,,0
00-0026367,Peyton Hillis,RB,2008,10,REG,2008_10_DEN_CLE,DEN,CLE,0,0,0,0,0,0,0,8,24,0,3,0,0,0,0,0,0,0,0,0,,0,0,0,0,0,0,0,0,0,0,0,,0
00-0026453,Dantrell Savage,RB,2008,10,REG,2008_10_KC_SD,KC,LAC,0,0,0,0,0,0,0,12,44,0,4,0,2,0,0,0,0,0,0,0,,0,0,0,0,0,0,0,0,0,0,0,,0
00-0000108,David Akers,K,2008,11,REG,2008_11_PHI_CIN,PHI,CIN,0,0,0,0,0,0,0,0,0,0,0,0,0,0,0,0,0,0,2,2,42,0,1,0,1,0,0,1,1,0,0,0,,0
00-0001231,Josh Bidwell,P,2008,11,REG,2008_11_MIN_TB,TB,MIN,0,0,0,0,0,0,0,0,0,0,0,0,0,0,0,0,0,0,0,0,,0,0,0,0,0,0,0,0,1,37,37,37,0
00-0001980,Kris Brown,K,2008,11,REG,2008_11_HOU_IND,HOU,IND,0,0,0,0,0,0,0,0,0,0,0,0,0,0,0,0,0,0,2,2,34,0,1,1,0,0,0,3,3,0,0,0,,0
00-0002099,Isaac Bruce,WR,2008,11,REG,2008_11_STL_SF,SF,LA,0,0,0,0,0,0,0,1,-3,0,0,0,1,0,20,0,1,0,0,0,,0,0,0,0,0,0,0,0,0,0,0,,0
00-0002586,Mark Campbell,TE,2008,11,REG,2008_11_NO_KC,NO,KC,0,0,0,0,0,0,0,0,0,0,0,0,1,0,5,0,1,0,0,0,,0,0,0,0,0,0,0,0,0,0,0,,0
00-0003035,Desmond Clark,TE,2008,11,REG,2008_11_CHI_GB,CHI,GB,0,0,0,0,0,0,0,0,0,0,0,0,1,0,4,0,0,0,0,0,,0,0,0,0,0,0,0,0,0,0,0,,0
00-0003292,Kerry Collins,QB,2008,11,REG,2008_11_TEN_JAX,TEN,JAX,13,23,230,3,1,1,0,2,-2,0,0,0,0,0,0,0,0,0,0,0,,0,0,0,0,0,0,0,0,0,0,0,,0
00-0003739,Daunte Culpepper,QB,2008,11,REG,2008_11_DET_CAR,DET,CAR,20,35,207,1,2,3,-21,5,13,1,2,0,0,0,0,0,0,0,0,0,,0,0,0,0,0,0,0,0,0,0,0,,0
00-0004091,Phil Dawson,K,2008,11,REG,2008_11_CLE_BUF,CLE,BUF,0,0,0,0,0,0,0,0,0,0,0,0,0,0,0,0,0,0,5,5,56,0,1,1,2,1,0,2,2,0,0,0,,0
00-0004161,Jake Delhomme,QB,2008,11,REG,2008_11_DET_CAR,CAR,DET,10,19,98,1,0,0,0,2,-2,0,0,0,0,0,0,0,0,0,0,0,,0,0,0,0,0,0,0,0,0,0,0,,0
00-0004541,Donald Driver,WR,2008,11,REG,2008_11_CHI_GB,GB,CHI,0,0,0,0,0,0,0,0,0,0,0,0,4,0,60,0,3,0,0,0,,0,0,0,0,0,0,0,0,0,0,0,,0
00-0004640,Warrick Dunn,RB,2008,11,REG,2008_11_MIN_TB,TB,MIN,0,0,0,0,0,0,0,20,53,0,4,0,4,0,65,0,2,0,0,0,,0,0,0,0,0,0,0,0,0,0,0,,0
00-0004811,Jason Elam,K,2008,11,REG,2008_11_DEN_ATL,ATL,DEN,0,0,0,0,0,0,0,0,0,0,0,0,0,0,0,0,0,0,2,2,46,0,0,1,1,0,0,2,2,0,0,0,,0
00-0004915,Bobby Engram,WR,2008,11,REG,2008_11_ARI_SEA,SEA,ARI,0,0,0,0,0,0,0,0,0,0,0,0,2,0,30,0,2,0,0,0,,0,0,0,0,0,0,0,0,0,0,0,,0
00-0005091,Kevin Faulk,RB,2008,11,REG,2008_11_NYJ_NE,NE,NYJ,0,0,0,0,0,0,0,8,38,0,1,0,4,0,49,0,2,0,0,0,,0,0,0,0,0,0,0,0,0,0,0,,0
00-0005106,Brett Favre,QB,2008,11,REG,2008_11_NYJ_NE,NYJ,NE,26,33,258,2,0,3,-23,3,1,0,0,0,0,0,0,0,0,0,0,0,,0,0,0,0,0,0,0,0,0,0,0,,0
00-0005113,Jeff Feagles,P,2008,11,REG,2008_11_BAL_NYG,NYG,BAL,0,0,0,0,0,0,0,0,0,0,0,0,0,0,0,0,0,0,0,0,,0,0,0,0,0,0,0,0,3,138,118,49,0
00-0005231,Brian Finneran,WR,2008,11,REG,2008_11_DEN_ATL,ATL,DEN,0,0,0,0,0,0,0,0,0,0,0,0,4,0,44,0,4,0,0,0,,0,0,0,0,0,0,0,0,0,0,0,,0
00-0005589,Gus Frerotte,QB,2008,11,REG,2008_11_MIN_TB,MIN,TB,14,20,138,1,0,5,-27,2,3,0,0,0,0,0,0,0,0,0,0,0,,0,0,0,0,0,0,0,0,0,0,0,,0
00-0005755,Jeff Garcia,QB,2008,11,REG,2008_11_MIN_TB,TB,MIN,23,30,255,0,0,1,0,6,21,0,3,0,0,0,0,0,0,0,0,0,,0,0,0,0,0,0,0,0,0,0,0,,0
00-0006101,Tony Gonzalez,TE,2008,11,REG,2008_11_NO_KC,KC,NO,0,0,0,0,0,0,0,0,0,0,0,0,5,0,39,0,3,0,0,0,,0,0,0,0,0,0,0,0,0,0,0,,0
00-0006305,Ahman Green,RB,2008,11,REG,2008_11_HOU_IND,HOU,IND,0,0,0,0,0,0,0,9,17,2,3,0,1,0,7,0,0,0,0,0,,0,0,0,0,0,0,0,0,0,0,0,,0
00-0006799,Chris Hanson,P,2008,11,REG,2008_11_NYJ_NE,NE,NYJ,0,0,0,0,0,0,0,0,0,0,0,0,0,0,0,0,0,0,0,0,,0,0,0,0,0,0,0,0,4,176,176,51,2
00-0006800,Jason Hanson,K,2008,11,REG,2008_11_DET_CAR,DET,CAR,0,0,0,0,0,0,0,0,0,0,0,0,0,0,0,0,0,0,3,3,56,0,1,0,1,1,0,1,1,0,0,0,,0
00-0007024,Marvin Harrison,WR,2008,11,REG,2008_11_HOU_IND,IND,HOU,0,0,0,0,0,0,0,0,0,0,0,0,9,0,77,1,8,0,0,0,,0,0,0,0,0,0,0,0,0,0,0,,0
00-0007091,Matt Hasselbeck,QB,2008,11,REG,2008_11_ARI_SEA,SEA,ARI,17,29,170,1,3,2,-17,4,17,0,2,0,0,0,0,0,0,0,0,0,,0,0,0,0,0,0,0,0,0,0,0,,0
00-0007308,Craig Hentrich,P,2008,11,REG,2008_11_TEN_JAX,TEN,JAX,0,0,0,0,0,0,0,0,0,0,0,0,0,0,0,0,0,0,0,0,,0,0,0,0,0,0,0,0,8,344,293,53,2
00-0007468,Ike Hilliard,WR,2008,11,REG,2008_11_MIN_TB,TB,MIN,0,0,0,0,0,0,0,0,0,0,0,0,1,0,-1,0,0,0,0,0,,0,0,0,0,0,0,0,0,0,0,0,,0
00-0007681,Torry Holt,WR,2008,11,REG,2008_11_STL_SF,LA,SF,0,0,0,0,0,0,0,0,0,0,0,0,5,0,60,0,3,0,0,0,,0,0,0,0,0,0,0,0,0,0,0,,0
00-0008241,Edgerrin James,RB,2008,11,REG,2008_11_ARI_SEA,ARI,SEA,0,0,0,0,0,0,0,1,1,0,0,0,0,0,0,0,0,0,0,0,,0,0,0,0,0,0,0,0,0,0,0,,0
00-0008484,Dirk Johnson,P,2008,11,REG,2008_11_ARI_SEA,ARI,SEA,0,0,0,0,0,0,0,0,0,0,0,0,0,0,0,0,0,0,0,0,,0,0,0,0,0,0,0,0,2,77,57,48,0
00-0009028,John Kasay,K,2008,11,REG,2008_11_DET_CAR,CAR,DET,0,0,0,0,0,0,0,0,0,0,0,0,0,0,0,0,0,0,1,1,29,0,1,0,0,0,0,4,4,0,0,0,,0
00-0009119,Reggie Kelly,TE,2008,11,REG,2008_11_PHI_CIN,CIN,PHI,0,0,0,0,0,0,0,0,0,0,0,0,3,0,24,0,0,0,0,0,,0,0,0,0,0,0,0,0,0,0,0,,0
00-0010072,Ryan Longwell,K,2008,11,REG,2008_11_MIN_TB,MIN,TB,0,0,0,0,0,0,0,0,0,0,0,0,0,0,0,0,0,0,2,2,43,0,0,1,1,0,0,1,1,0,0,0,,0
00-0010346,Peyton Manning,QB,2008,11,REG,2008_11_HOU_IND,IND,HOU,30,46,320,2,0,0,0,2,1,0,1,0,0,0,0,0,0,0,0,0,,0,0,0,0,0,0,0,0,0,0,0,,0
00-0010373,Olindo Mare,K,2008,11,REG,2008_11_ARI_SEA,SEA,ARI,0,0,0,0,0,0,0,0,0,0,0,0,0,0,0,0,0,0,0,0,,0,0,0,0,0,0,2,2,0,0,0,,0
00-0010500,Derrick Mason,WR,2008,11,REG,2008_11_BAL_NYG,BAL,NYG,0,0,0,0,0,0,0,0,0,0,0,0,7,0,82,0,6,0,0,0,,0,0,0,0,0,0,0,0,0,0,0,,0
00-0010609,Brad Maynard,P,2008,11,REG,2008_11_CHI_GB,CHI,GB,0,0,0,0,0,0,0,0,0,0,0,0,0,0,0,0,0,0,0,0,,0,0,0,0,0,0,0,0,6,239,236,46,2
00-0011022,Donovan McNabb,QB,2008,11,REG,2008_11_PHI_CIN,PHI,CIN,28,58,339,1,3,2,-16,1,2,0,1,0,0,0,0,0,0,0,0,0,,0,0,0,0,0,0,0,0,0,0,0,,0
00-0011626,Brian Moorman,P,2008,11,REG,2008_11_CLE_BUF,BUF,CLE,0,0,0,0,0,0,0,0,0,0,0,0,0,0,0,0,0,0,0,0,,0,0,0,0,0,0,0,0,3,108,108,40,2
00-0011754,Randy Moss,WR,2008,11,REG,2008_11_NYJ_NE,NE,NYJ,0,0,0,0,0,0,0,0,0,0,0,0,3,0,26,1,1,0,0,0,,0,0,0,0,0,0,0,0,0,0,0,,0
00-0011795,Muhsin Muhammad,WR,2008,11,REG,2008_11_DET_CAR,CAR,DET,0,0,0,0,0,0,0,0,0,0,0,0,1,0,16,0,1,0,0,0,,0,0,0,0,0,0,0,0,0,0,0,,0
00-0011970,Joe Nedney,K,2008,11,REG,2008_11_STL_SF,SF,LA,0,0,0,0,0,0,0,0,0,0,0,0,0,0,0,0,0,0,0,0,,0,0,0,0,0,0,5,5,0,0,0,,0
00-0012478,Terrell Owens,WR,2008,11,REG,2008_11_DAL_WAS,DAL,WAS,0,0,0,0,0,0,0,1,0,0,0,0,5,0,38,0,1,0,0,0,,0,0,0,0,0,0,0,0,0,0,0,,0
00-0014655,Mike Sellers,TE,2008,11,REG,2008_11_DAL_WAS,WAS,DAL,0,0,0,0,0,0,0,0,0,0,0,0,2,0,15,1,1,0,0,0,,0,0,0,0,0,0,0,0,0,0,0,,0
00-0015194,Hunter Smith,P,2008,11,REG,2008_11_HOU_IND,IND,HOU,0,0,0,0,0,0,0,0,0,0,0,0,0,0,0,0,0,0,0,0,,0,0,0,0,0,0,0,0,1,55,16,55,0
00-0015601,Aaron Stecker,RB,2008,11,REG,2008_11_NO_KC,NO,KC,0,0,0,0,0,0,0,0,0,0,0,0,1,0,12,0,1,0,0,0,,0,0,0,0,0,0,0,0,0,0,0,,0
00-0015754,Brandon Stokley,WR,2008,11,REG,2008_11_DEN_ATL,DEN,ATL,0,0,0,0,0,0,0,0,0,0,0,0,3,0,26,0,2,0,0,0,,0,0,0,0,0,0,0,0,0,0,0,,0
00-0015784,Matt Stover,K,2008,11,REG,2008_11_BAL_NYG,BAL,NYG,0,0,0,0,0,0,0,0,0,0,0,0,0,0,0,0,0,0,1,2,38,0,0,1,0,0,0,1,1,0,0,0,,0
00-0016098,Fred Taylor,RB,2008,11,REG,2008_11_TEN_JAX,JAX,TEN,0,0,0,0,0,0,0,12,58,0,1,0,1,0,2,0,0,0,0,0,,0,0,0,0,0,0,0,0,0,0,0,,0
00-0016550,Amani Toomer,WR,2008,11,REG,2008_11_BAL_NYG,NYG,BAL,0,0,0,0,0,0,0,0,0,0,0,0,1,0,9,0,1,0,0,0,,0,0,0,0,0,0,0,0,0,0,0,,0
00-0016689,Matt Turk,P,2008,11,REG,2008_11_HOU_IND,HOU,IND,0,0,0,0,0,0,0,0,0,0,0,0,0,0,0,0,0,0,0,0,,0,0,0,0,0,0,0,0,2,95,84,53,0
00-0016919,Adam Vinatieri,K,2008,11,REG,2008_11_HOU_IND,IND,HOU,0,0,0,0,0,0,0,0,0,0,0,0,0,0,0,0,0,0,4,4,40,0,0,3,1,0,0,3,3,0,0,0,,0
00-0017162,Hines Ward,WR,2008,11,REG,2008_11_SD_PIT,PIT,LAC,0,0,0,0,0,0,0,0,0,0,0,0,11,0,124,0,7,0,0,0,,0,0,0,0,0,0,0,0,0,0,0,,0
00-0017200,Kurt Warner,QB,2008,11,REG,2008_11_ARI_SEA,ARI,SEA,32,44,395,1,1,2,-13,3,-3,0,0,0,0,0,0,0,0,0,0,0,,0,0,0,0,0,0,0,0,0,0,0,,0
00-0017915,Ricky Williams,RB,2008,11,REG,2008_11_OAK_MIA,MIA,LV,0,0,0,0,0,0,0,13,49,0,2,0,2,0,6,0,1,0,0,0,,0,0,0,0,0,0,0,0,0,0,0,,0
00-0018958,Laveranues Coles,WR,2008,11,REG,2008_11_NYJ_NE,NYJ,NE,0,0,0,0,0,0,0,0,0,0,0,0,5,0,38,0,2,0,0,0,,0,0,0,0,0,0,0,0,0,0,0,,0
00-0019242,Dane Looker,WR,2008,11,REG,2008_11_STL_SF,LA,SF,0,0,0,0,0,1,0,0,0,0,0,0,2,0,8,1,1,0,0,0,,0,0,0,0,0,0,0,0,0,0,0,,0
00-0019310,Rian Lindell,K,2008,11,REG,2008_11_CLE_BUF,BUF,CLE,0,0,0,0,0,0,0,0,0,0,0,0,0,0,0,0,0,0,2,3,31,0,1,1,0,0,0,3,3,0,0,0,,0
00-0019457,Anthony Becht,TE,2008,11,REG,2008_11_STL_SF,LA,SF,0,0,0,0,0,0,0,0,0,0,0,0,1,0,8,0,0,0,0,0,,0,0,0,0,0,0,0,0,0,0,0,,0
00-0019484,Sammy Morris,RB,2008,11,REG,2008_11_NYJ_NE,NE,NYJ,0,0,0,0,0,0,0,5,14,0,1,0,0,0,0,0,0,0,0,0,,0,0,0,0,0,0,0,0,0,0,0,,0
00-0019536,Shayne Graham,K,2008,11,REG,2008_11_PHI_CIN,CIN,PHI,0,0,0,0,0,0,0,0,0,0,0,0,0,0,0,0,0,0,2,3,41,0,1,0,1,0,0,1,1,0,0,0,,0
00-0019559,Chad Pennington,QB,2008,11,REG,2008_11_OAK_MIA,MIA,LV,16,22,174,0,0,3,-14,1,7,0,1,0,0,0,0,0,0,0,0,0,,0,0,0,0,0,0,0,0,0,0,0,,0
00-0019599,Marc Bulger,QB,2008,11,REG,2008_11_STL_SF,LA,SF,34,53,295,1,2,3,-15,2,5,0,1,1,0,0,0,0,0,0,0,0,,0,0,0,0,0,0,0,0,0,0,0,,0
00-0019641,Thomas Jones,RB,2008,11,REG,2008_11_NYJ_NE,NYJ,NE,0,0,0,0,0,0,0,30,104,1,3,0,2,0,15,0,0,0,0,0,,0,0,0,0,0,0,0,0,0,0,0,,0
00-0019642,Plaxico Burress,WR,2008,11,REG,2008_11_BAL_NYG,NYG,BAL,0,0,0,0,0,0,0,0,0,0,0,0,3,0,47,0,3,0,0,0,,0,0,0,0,0,0,0,0,0,0,0,,0
00-0019646,Sebastian Janikowski,K,2008,11,REG,2008_11_OAK_MIA,LV,MIA,0,0,0,0,0,0,0,0,0,0,0,0,0,0,0,0,0,0,2,3,37,0,1,1,0,0,0,1,1,0,0,0,,0
00-0019647,Shaun Alexander,RB,2008,11,REG,2008_11_DAL_WAS,WAS,DAL,0,0,0,0,0,0,0,1,1,0,0,0,0,0,0,0,0,0,0,0,,0,0,0,0,0,0,0,0,0,0,0,,0
00-0019650,Dennis Northcutt,WR,2008,11,REG,2008_11_TEN_JAX,JAX,TEN,0,0,0,0,0,0,0,0,0,0,0,0,2,0,28,0,2,0,0,0,,0,0,0,0,0,0,0,0,0,0,0,,0
00-0019676,Neil Rackers,K,2008,11,REG,2008_11_ARI_SEA,ARI,SEA,0,0,0,0,0,0,0,0,0,0,0,0,0,0,0,0,0,0,4,4,54,0,1,1,1,1,0,2,2,0,0,0,,0
00-0019693,Jamal Lewis,RB,2008,11,REG,2008_11_CLE_BUF,CLE,BUF,0,0,0,0,0,0,0,18,65,0,1,0,0,0,0,0,0,0,0,0,,0,0,0,0,0,0,0,0,0,0,0,,0
00-0019703,Jerry Porter,WR,2008,11,REG,2008_11_TEN_JAX,JAX,TEN,0,0,0,0,0,0,0,0,0,0,0,0,2,0,24,0,2,0,0,0,,0,0,0,0,0,0,0,0,0,0,0,,0
00-0019714,Shane Lechler,P,2008,11,REG,2008_11_OAK_MIA,LV,MIA,0,0,0,0,0,0,0,0,0,0,0,0,0,0,0,0,0,0,0,0,,0,0,0,0,0,0,0,0,6,316,280,58,4
00-0019770,Jay Feely,K,2008,11,REG,2008_11_NYJ_NE,NYJ,NE,0,0,0,0,0,0,0,0,0,0,0,0,0,0,0,0,0,0,2,2,34,0,1,1,0,0,0,4,4,0,0,0,,0
00-0019778,Lawrence Tynes,K,2008,11,REG,2008_11_BAL_NYG,NYG,BAL,0,0,0,0,0,0,0,0,0,0,0,0,0,0,0,0,0,0,1,1,19,1,0,0,0,0,0,3,3,0,0,0,,0
00-0019808,Kenny Watson,RB,2008,11,REG,2008_11_PHI_CIN,CIN,PHI,0,0,0,0,0,0,0,1,0,0,0,0,0,0,0,0,0,0,0,0,,0,0,0,0,0,0,0,0,0,0,0,,0
00-0019863,Dominic Rhodes,RB,2008,11,REG,2008_11_HOU_IND,IND,HOU,0,0,0,0,0,0,0,10,48,0,3,0,3,0,26,0,1,0,0,0,,0,0,0,0,0,0,0,0,0,0,0,,0
00-0019921,Jason Baker,P,2008,11,REG,2008_11_DET_CAR,CAR,DET,0,0,0,0,0,0,0,0,0,0,0,0,0,0,0,0,0,0,0,0,,0,0,0,0,0,0,0,0,5,187,180,43,2
00-0019997,Antonio Chatman,WR,2008,11,REG,2008_11_PHI_CIN,CIN,PHI,0,0,0,0,0,0,0,0,0,0,0,0,1,0,11,0,0,1,0,0,,0,0,0,0,0,0,0,0,0,0,0,,0
00-0020267,Nick Harris,P,2008,11,REG,2008_11_DET_CAR,DET,CAR,0,0,0,0,0,0,0,0,0,0,0,0,0,0,0,0,0,0,0,0,,0,0,0,0,0,0,0,0,3,116,114,49,1
00-0020268,Tony Stewart,TE,2008,11,REG,2008_11_OAK_MIA,LV,MIA,0,0,0,0,0,0,0,0,0,0,0,0,2,0,17,0,2,0,0,0,,0,0,0,0,0,0,0,0,0,0,0,,0
00-0020270,Correll Buckhalter,RB,2008,11,REG,2008_11_PHI_CIN,PHI,CIN,0,0,0,0,0,0,0,1,3,0,0,0,1,0,44,0,1,0,0,0,,0,0,0,0,0,0,0,0,0,0,0,,0
00-0020285,Alge Crumpler,TE,2008,11,REG,2008_11_TEN_JAX,TEN,JAX,0,0,0,0,0,0,0,0,0,0,0,0,1,0,8,0,0,0,0,0,,0,0,0,0,0,0,0,0,0,0,0,,0
00-0020332,David Martin,TE,2008,11,REG,2008_11_OAK_MIA,MIA,LV,0,0,0,0,0,0,0,0,0,0,0,0,1,0,6,0,0,0,0,0,,0,0,0,0,0,0,0,0,0,0,0,,0
00-0020337,Steve Smith,WR,2008,11,REG,2008_11_DET_CAR,CAR,DET,0,0,0,0,0,0,0,1,16,0,1,0,6,0,59,0,4,1,0,0,,0,0,0,0,0,0,0,0,0,0,0,,0
00-0020342,Brandon Manumaleuna,TE,2008,11,REG,2008_11_SD_PIT,LAC,PIT,0,0,0,0,0,0,0,0,0,0,0,0,1,0,17,0,1,0,0,0,,0,0,0,0,0,0,0,0,0,0,0,,0
00-0020397,Chad Johnson,WR,2008,11,REG,2008_11_PHI_CIN,CIN,PHI,0,0,0,0,0,0,0,0,0,0,0,0,4,0,34,0,3,0,0,0,,0,0,0,0,0,0,0,0,0,0,0,,0
00-0020405,Marques Tuiasosopo,QB,2008,11,REG,2008_11_OAK_MIA,LV,MIA,0,0,0,0,0,1,-13,0,0,0,0,0,0,0,0,0,0,0,0,0,,0,0,0,0,0,0,0,0,0,0,0,,0
00-0020407,Rudi Johnson,RB,2008,11,REG,2008_11_DET_CAR,DET,CAR,0,0,0,0,0,0,0,5,5,0,1,0,1,0,5,0,0,0,0,0,,0,0,0,0,0,0,0,0,0,0,0,,0
00-0020438,T.J. Houshmandzadeh,WR,2008,11,REG,2008_11_PHI_CIN,CIN,PHI,0,0,0,0,0,0,0,0,0,0,0,0,12,0,149,1,8,0,0,0,,0,0,0,0,0,0,0,0,0,0,0,,0
00-0020446,Chris Chambers,WR,2008,11,REG,2008_11_SD_PIT,LAC,PIT,0,0,0,0,0,0,0,0,0,0,0,0,3,0,21,0,2,0,0,0,,0,0,0,0,0,0,0,0,0,0,0,,0
00-0020480,Sage Rosenfels,QB,2008,11,REG,2008_11_HOU_IND,HOU,IND,13,18,192,0,1,2,-13,2,4,0,0,0,0,0,0,0,0,0,0,0,,0,0,0,0,0,0,0,0,0,0,0,,0
00-0020490,Koren Robinson,WR,2008,11,REG,2008_11_ARI_SEA,SEA,ARI,0,0,0,0,0,0,0,0,0,0,0,0,2,0,11,0,1,0,0,0,,0,0,0,0,0,0,0,0,0,0,0,,0
00-0020494,Santana Moss,WR,2008,11,REG,2008_11_DAL_WAS,WAS,DAL,0,0,0,0,0,0,0,0,0,0,0,0,5,0,29,0,3,0,0,0,,0,0,0,0,0,0,0,0,0,0,0,,0
00-0020498,Reggie Wayne,WR,2008,11,REG,2008_11_HOU_IND,IND,HOU,0,0,0,0,0,0,0,0,0,0,0,0,7,0,90,0,7,0,0,0,,0,0,0,0,0,0,0,0,0,0,0,,0
00-0020507,Heath Evans,FB,2008,11,REG,2008_11_NYJ_NE,NE,NYJ,0,0,0,0,0,0,0,2,2,0,1,0,0,0,0,0,0,0,0,0,,0,0,0,0,0,0,0,0,0,0,0,,0
00-0020516,Todd Heap,TE,2008,11,REG,2008_11_BAL_NYG,BAL,NYG,0,0,0,0,0,0,0,0,0,0,0,0,3,0,16,0,1,0,0,0,,0,0,0,0,0,0,0,0,0,0,0,,0
00-0020527,Deuce McAllister,RB,2008,11,REG,2008_11_NO_KC,NO,KC,0,0,0,0,0,0,0,8,18,1,2,0,0,0,0,0,0,0,0,0,,0,0,0,0,0,0,0,0,0,0,0,,0
00-0020531,Drew Brees,QB,2008,11,REG,2008_11_NO_KC,NO,KC,25,36,266,1,1,0,0,3,-2,0,0,0,0,0,0,0,0,0,0,0,,0,0,0,0,0,0,0,0,0,0,0,,0
00-0020536,LaDainian Tomlinson,RB,2008,11,REG,2008_11_SD_PIT,LAC,PIT,0,0,0,0,0,0,0,18,57,1,4,0,3,0,40,0,2,0,0,0,,0,0,0,0,0,0,0,0,0,0,0,,0
00-0020578,Matt Bryant,K,2008,11,REG,2008_11_MIN_TB,TB,MIN,0,0,0,0,0,0,0,0,0,0,0,0,0,0,0,0,0,0,4,5,39,0,3,1,0,0,0,1,1,0,0,0,,0
00-0020617,Nate Jackson,TE,2008,11,REG,2008_11_DEN_ATL,DEN,ATL,0,0,0,0,0,0,0,0,0,0,0,0,2,0,32,0,2,0,0,0,,0,0,0,0,0,0,0,0,0,0,0,,0
00-0020679,Shaun Hill,QB,2008,11,REG,2008_11_STL_SF,SF,LA,15,20,213,2,0,2,-14,3,5,1,1,0,0,0,0,0,0,0,0,0,,0,0,0,0,0,0,0,0,0,0,0,,0
00-0020737,Jeff Reed,K,2008,11,REG,2008_11_SD_PIT,PIT,LAC,0,0,0,0,0,0,0,0,0,0,0,0,0,0,0,0,0,0,3,4,41,0,1,1,1,0,0,0,0,0,0,0,,0
00-0020962,Rob Bironas,K,2008,11,REG,2008_11_TEN_JAX,TEN,JAX,0,0,0,0,0,0,0,0,0,0,0,0,0,0,0,0,0,0,1,1,32,0,0,1,0,0,0,3,3,0,0,0,,0
00-0021147,Donte' Stallworth,WR,2008,11,REG,2008_11_CLE_BUF,CLE,BUF,0,0,0,0,0,0,0,1,-4,0,0,0,0,0,0,0,0,0,0,0,,0,0,0,0,0,0,0,0,0,0,0,,0
00-0021148,Jeremy Shockey,TE,2008,11,REG,2008_11_NO_KC,NO,KC,0,0,0,0,0,0,0,0,0,0,0,0,6,0,39,0,3,0,0,0,,0,0,0,0,0,0,0,0,0,0,0,,0
00-0021154,Daniel Graham,TE,2008,11,REG,2008_11_DEN_ATL,DEN,ATL,0,0,0,0,0,0,0,0,0,0,0,0,1,0,9,1,1,0,0,0,,0,0,0,0,0,0,0,0,0,0,0,,0
00-0021159,Jerramy Stevens,TE,2008,11,REG,2008_11_MIN_TB,TB,MIN,0,0,0,0,0,0,0,0,0,0,0,0,6,0,84,0,3,0,0,0,,0,0,0,0,0,0,0,0,0,0,0,,0
00-0021163,Jabar Gaffney,WR,2008,11,REG,2008_11_NYJ_NE,NE,NYJ,0,0,0,0,0,0,0,0,0,0,0,0,7,0,86,1,5,0,0,0,,0,0,0,0,0,0,0,0,0,0,0,,0
00-0021164,DeShaun Foster,RB,2008,11,REG,2008_11_STL_SF,SF,LA,0,0,0,0,0,0,0,10,17,0,1,1,2,0,40,0,1,0,0,0,,0,0,0,0,0,0,0,0,0,0,0,,0
00-0021179,Clinton Portis,RB,2008,11,REG,2008_11_DAL_WAS,WAS,DAL,0,0,0,0,0,0,0,15,68,0,4,0,2,0,6,0,0,0,0,0,,0,0,0,0,0,0,0,0,0,0,0,,0
00-0021182,Maurice Morris,RB,2008,11,REG,2008_11_ARI_SEA,SEA,ARI,0,0,0,0,0,0,0,3,2,0,0,0,3,0,27,1,2,0,0,0,,0,0,0,0,0,0,0,0,0,0,0,,0
00-0021184,Ladell Betts,RB,2008,11,REG,2008_11_DAL_WAS,WAS,DAL,0,0,0,0,0,0,0,1,1,0,0,0,2,0,27,0,1,0,0,0,,0,0,0,0,0,0,0,0,0,0,0,,0
00-0021190,Antwaan Randle El,WR,2008,11,REG,2008_11_DAL_WAS,WAS,DAL,0,1,0,0,0,0,0,0,0,0,0,0,1,0,24,0,1,0,0,0,,0,0,0,0,0,0,0,0,0,0,0,,0
00-0021191,Antonio Bryant,WR,2008,11,REG,2008_11_MIN_TB,TB,MIN,0,0,0,0,0,0,0,1,9,0,1,0,5,0,59,0,3,0,0,0,,0,0,0,0,0,0,0,0,0,0,0,,0
00-0021192,Deion Branch,WR,2008,11,REG,2008_11_ARI_SEA,SEA,ARI,0,0,0,0,0,0,0,0,0,0,0,0,4,0,54,0,2,0,0,0,,0,0,0,0,0,0,0,0,0,0,0,,0
00-0021213,Chris Baker,TE,2008,11,REG,2008_11_NYJ_NE,NYJ,NE,0,0,0,0,0,0,0,0,0,0,0,0,3,0,11,0,1,0,0,0,,0,0,0,0,0,0,0,0,0,0,0,,0
00-0021216,Brian Westbrook,RB,2008,11,REG,2008_11_PHI_CIN,PHI,CIN,0,0,0,0,0,0,0,14,60,0,3,0,3,0,11,0,0,0,0,0,,0,0,0,0,0,0,0,0,0,0,0,,0
00-0021231,David Garrard,QB,2008,11,REG,2008_11_TEN_JAX,JAX,TEN,13,30,135,0,1,4,-18,3,16,0,1,0,0,0,0,0,0,0,0,0,,0,0,0,0,0,0,0,0,0,0,0,,0
00-0021235,Dave Zastudil,P,2008,11,REG,2008_11_CLE_BUF,CLE,BUF,0,0,0,0,0,0,0,0,0,0,0,0,0,0,0,0,0,0,0,0,,0,0,0,0,0,0,0,0,5,230,196,65,2
00-0021255,John Owens,TE,2008,11,REG,2008_11_DET_CAR,DET,CAR,0,0,0,0,0,0,0,0,0,0,0,0,1,0,4,0,0,0,0,0,,0,0,0,0,0,0,0,0,0,0,0,,0
00-0021273,Robert Royal,TE,2008,11,REG,2008_11_CLE_BUF,BUF,CLE,0,0,0,0,0,0,0,0,0,0,0,0,1,0,22,0,1,0,0,0,,0,0,0,0,0,0,0,0,0,0,0,,0
00-0021296,J.T. O'Sullivan,QB,2008,11,REG,2008_11_STL_SF,SF,LA,0,1,0,0,0,0,0,1,-1,0,0,0,0,0,0,0,0,0,0,0,,0,0,0,0,0,0,0,0,0,0,0,,0
00-0021304,John Gilmore,TE,2008,11,REG,2008_11_MIN_TB,TB,MIN,0,0,0,0,0,0,0,0,0,0,0,0,1,0,4,0,0,0,0,0,,0,0,0,0,0,0,0,0,0,0,0,,0
00-0021306,Adrian Peterson,RB,2008,11,REG,2008_11_CHI_GB,CHI,GB,0,0,0,0,0,0,0,1,7,0,0,0,2,0,10,0,0,0,0,0,,0,0,0,0,0,0,0,0,0,0,0,,0
00-0021314,Chester Taylor,RB,2008,11,REG,2008_11_MIN_TB,MIN,TB,0,0,0,0,0,0,0,5,11,0,0,0,2,0,15,0,0,1,0,0,,0,0,0,0,0,0,0,0,0,0,0,,0
00-0021337,Ronald Curry,WR,2008,11,REG,2008_11_OAK_MIA,LV,MIA,0,0,0,0,0,0,0,0,0,0,0,0,6,0,73,0,4,0,0,0,,0,0,0,0,0,0,0,0,0,0,0,,0
00-0021376,T.J. Duckett,RB,2008,11,REG,2008_11_ARI_SEA,SEA,ARI,0,0,0,0,0,0,0,5,5,2,4,0,0,0,0,0,0,0,0,0,,0,0,0,0,0,0,0,0,0,0,0,,0
00-0021500,Derrick Frost,P,2008,11,REG,2008_11_CHI_GB,GB,CHI,0,0,0,0,0,0,0,0,0,0,0,0,0,0,0,0,0,0,0,0,,0,0,0,0,0,0,0,0,2,70,63,40,1
00-0021525,Casey Fitzsimmons,TE,2008,11,REG,2008_11_DET_CAR,DET,CAR,0,0,0,0,0,0,0,0,0,0,0,0,3,0,11,0,0,0,0,0,,0,0,0,0,0,0,0,0,0,0,0,,0
00-0021547,Antonio Gates,TE,2008,11,REG,2008_11_SD_PIT,LAC,PIT,0,0,0,0,0,0,0,0,0,0,0,0,2,0,10,0,0,0,0,0,,0,0,0,0,0,0,0,0,0,0,0,,0
00-0021647,Jerheme Urban,WR,2008,11,REG,2008_11_ARI_SEA,ARI,SEA,0,0,0,0,0,0,0,0,0,0,0,0,1,0,9,0,1,0,0,0,,0,0,0,0,0,0,0,0,0,0,0,,0
00-0021678,Tony Romo,QB,2008,11,REG,2008_11_DAL_WAS,DAL,WAS,19,27,198,1,2,0,0,2,-3,0,0,0,0,0,0,0,0,0,0,0,,0,0,0,0,0,0,0,0,0,0,0,,0
00-0021746,Glenn Pakulak,P,2008,11,REG,2008_11_NO_KC,NO,KC,0,0,0,0,0,0,0,0,0,0,0,0,0,0,0,0,0,0,0,0,,0,0,0,0,0,0,0,0,2,97,78,49,0
00-0021755,Earnest Graham,RB,2008,11,REG,2008_11_MIN_TB,TB,MIN,0,0,0,0,0,0,0,1,3,0,0,0,0,0,0,0,0,0,0,0,,0,0,0,0,0,0,0,0,0,0,0,,0
00-0021915,Sam Aiken,WR,2008,11,REG,2008_11_NYJ_NE,NE,NYJ,0,0,0,0,0,0,0,0,0,0,0,0,1,0,43,0,1,0,0,0,,0,0,0,0,0,0,0,0,0,0,0,,0
00-0021929,Donald Lee,TE,2008,11,REG,2008_11_CHI_GB,GB,CHI,0,0,0,0,0,0,0,0,0,0,0,0,6,0,33,1,1,0,0,0,,0,0,0,0,0,0,0,0,0,0,0,,0
00-0021931,Kevin Walter,WR,2008,11,REG,2008_11_HOU_IND,HOU,IND,0,0,0,0,0,0,0,0,0,0,0,0,3,0,79,0,2,0,0,0,,0,0,0,0,0,0,0,0,0,0,0,,0
00-0021940,Josh Brown,K,2008,11,REG,2008_11_STL_SF,LA,SF,0,0,0,0,0,0,0,0,0,0,0,0,0,0,0,0,0,0,3,4,48,0,1,0,2,0,0,1,1,0,0,0,,0
00-0021955,Dan Klecko,FB,2008,11,REG,2008_11_PHI_CIN,PHI,CIN,0,0,0,0,0,0,0,0,0,0,0,0,1,0,8,0,0,0,0,0,,0,0,0,0,0,0,0,0,0,0,0,,0
00-0021976,Larry Johnson,RB,2008,11,REG,2008_11_NO_KC,KC,NO,0,0,0,0,0,0,0,19,67,0,3,0,1,0,20,0,1,0,0,0,,0,0,0,0,0,0,0,0,0,0,0,,0
00-0021981,Shaun McDonald,WR,2008,11,REG,2008_11_DET_CAR,DET,CAR,0,0,0,0,0,0,0,0,0,0,0,0,3,0,30,0,2,0,0,0,,0,0,0,0,0,0,0,0,0,0,0,,0
00-0021982,Justin Gage,WR,2008,11,REG,2008_11_TEN_JAX,TEN,JAX,0,0,0,0,0,0,0,0,0,0,0,0,4,0,147,2,3,0,0,0,,0,0,0,0,0,0,0,0,0,0,0,,0
00-0022001,Kevin Curtis,WR,2008,11,REG,2008_11_PHI_CIN,PHI,CIN,0,0,0,0,0,0,0,0,0,0,0,0,7,0,64,0,2,0,0,0,,0,0,0,0,0,0,0,0,0,0,0,,0
00-0022003,B.J. Askew,FB,2008,11,REG,2008_11_MIN_TB,TB,MIN,0,0,0,0,0,0,0,1,1,1,1,0,2,0,9,0,0,0,0,0,,0,0,0,0,0,0,0,0,0,0,0,,0
00-0022017,Mike Scifres,P,2008,11,REG,2008_11_SD_PIT,LAC,PIT,0,0,0,0,0,0,0,0,0,0,0,0,0,0,0,0,0,0,0,0,,0,0,0,0,0,0,0,0,2,87,87,50,2
00-0022041,Richard Angulo,TE,2008,11,REG,2008_11_TEN_JAX,JAX,TEN,0,0,0,0,0,0,0,0,0,0,0,0,1,0,14,0,0,0,0,0,,0,0,0,0,0,0,0,0,0,0,0,,0
00-0022044,Andre Johnson,WR,2008,11,REG,2008_11_HOU_IND,HOU,IND,0,0,0,0,0,0,0,0,0,0,0,0,4,0,55,0,2,0,0,0,,0,0,0,0,0,0,0,0,0,0,0,,0
00-0022054,Visanthe Shiancoe,TE,2008,11,REG,2008_11_MIN_TB,MIN,TB,0,0,0,0,0,0,0,0,0,0,0,0,2,0,41,0,2,0,0,0,,0,0,0,0,0,0,0,0,0,0,0,,0
00-0022084,Anquan Boldin,WR,2008,11,REG,2008_11_ARI_SEA,ARI,SEA,0,0,0,0,0,0,0,1,3,0,0,0,13,0,186,0,6,0,0,0,,0,0,0,0,0,0,0,0,0,0,0,,0
00-0022093,Justin Fargas,RB,2008,11,REG,2008_11_OAK_MIA,LV,MIA,0,0,0,0,0,0,0,17,57,0,2,0,0,0,0,0,0,0,0,0,,0,0,0,0,0,0,0,0,0,0,0,,0
00-0022097,Brandon Lloyd,WR,2008,11,REG,2008_11_CHI_GB,CHI,GB,0,0,0,0,0,0,0,0,0,0,0,0,2,0,17,0,0,0,0,0,,0,0,0,0,0,0,0,0,0,0,0,,0
00-0022121,Rex Grossman,QB,2008,11,REG,2008_11_CHI_GB,CHI,GB,4,7,26,0,0,0,0,0,0,0,0,0,0,0,0,0,0,0,0,0,,0,0,0,0,0,0,0,0,0,0,0,,0
00-0022126,L.J. Smith,TE,2008,11,REG,2008_11_PHI_CIN,PHI,CIN,0,0,0,0,0,0,0,0,0,0,0,0,3,0,15,1,1,0,0,0,,0,0,0,0,0,0,0,0,0,0,0,,0
00-0022127,Jason Witten,TE,2008,11,REG,2008_11_DAL_WAS,DAL,WAS,0,0,0,0,0,0,0,0,0,0,0,0,2,0,34,0,1,0,0,0,,0,0,0,0,0,0,0,0,0,0,0,,0
00-0022143,Ovie Mughelli,FB,2008,11,REG,2008_11_DEN_ATL,ATL,DEN,0,0,0,0,0,0,0,0,0,0,0,0,2,0,22,0,1,0,0,0,,0,0,0,0,0,0,0,0,0,0,0,,0
00-0022144,Bobby Wade,WR,2008,11,REG,2008_11_MIN_TB,MIN,TB,0,0,0,0,0,0,0,0,0,0,0,0,2,0,12,1,1,0,0,0,,0,0,0,0,0,0,0,0,0,0,0,,0
00-0022156,Bryant Johnson,WR,2008,11,REG,2008_11_STL_SF,SF,LA,0,0,0,0,0,0,0,0,0,0,0,0,4,0,56,1,2,0,0,0,,0,0,0,0,0,0,0,0,0,0,0,,0
00-0022165,Dallas Clark,TE,2008,11,REG,2008_11_HOU_IND,IND,HOU,0,0,0,0,0,0,0,0,0,0,0,0,5,0,44,0,2,0,0,0,,0,0,0,0,0,0,0,0,0,0,0,,0
00-0022178,Willis McGahee,RB,2008,11,REG,2008_11_BAL_NYG,BAL,NYG,0,0,0,0,0,0,0,9,18,0,0,0,2,0,7,0,0,0,0,0,,0,0,0,0,0,0,0,0,0,0,0,,0
00-0022217,Mewelde Moore,RB,2008,11,REG,2008_11_SD_PIT,PIT,LAC,0,0,0,0,0,0,0,1,-1,0,0,0,5,0,33,0,1,0,0,0,,0,0,0,0,0,0,0,0,0,0,0,,0
00-0022250,Willie Parker,RB,2008,11,REG,2008_11_SD_PIT,PIT,LAC,0,0,0,0,0,0,0,25,115,0,6,0,1,0,4,0,0,0,0,0,,0,0,0,0,0,0,0,0,0,0,0,,0
00-0022277,John Standeford,WR,2008,11,REG,2008_11_DET_CAR,DET,CAR,0,0,0,0,0,0,0,0,0,0,0,0,2,0,48,0,2,0,0,0,,0,0,0,0,0,0,0,0,0,0,0,,0
00-0022414,Malcom Floyd,WR,2008,11,REG,2008_11_SD_PIT,LAC,PIT,0,0,0,0,0,0,0,0,0,0,0,0,2,0,29,0,2,0,0,0,,0,0,0,0,0,0,0,0,0,0,0,,0
00-0022427,Wes Welker,WR,2008,11,REG,2008_11_NYJ_NE,NE,NYJ,0,0,0,0,0,0,0,0,0,0,0,0,7,0,108,0,4,0,0,0,,0,0,0,0,0,0,0,0,0,0,0,,0
00-0022529,Luke Lawton,FB,2008,11,REG,2008_11_OAK_MIA,LV,MIA,0,0,0,0,0,0,0,0,0,0,0,0,1,0,-2,0,0,0,0,0,,0,0,0,0,0,0,0,0,0,0,0,,0
00-0022555,Ben Utecht,TE,2008,11,REG,2008_11_PHI_CIN,CIN,PHI,0,0,0,0,0,0,0,0,0,0,0,0,1,0,2,0,0,0,0,0,,0,0,0,0,0,0,0,0,0,0,0,,0
00-0022589,Kyle Larson,P,2008,11,REG,2008_11_PHI_CIN,CIN,PHI,0,0,0,0,0,0,0,0,0,0,0,0,0,0,0,0,0,0,0,0,,0,0,0,0,0,0,0,0,11,397,354,44,4
00-0022684,Donnie Jones,P,2008,11,REG,2008_11_STL_SF,LA,SF,0,0,0,0,0,0,0,0,0,0,0,0,0,0,0,0,0,0,0,0,,0,0,0,0,0,0,0,0,4,167,127,56,3
00-0022706,Michael Gaines,TE,2008,11,REG,2008_11_DET_CAR,DET,CAR,0,0,0,0,0,0,0,0,0,0,0,0,2,0,21,0,1,1,0,0,,0,0,0,0,0,0,0,0,0,0,0,,0
00-0022724,Sean McHugh,TE,2008,11,REG,2008_11_SD_PIT,PIT,LAC,0,0,0,0,0,0,0,0,0,0,0,0,1,0,15,0,1,0,0,0,,0,0,0,0,0,0,0,0,0,0,0,,0
00-0022725,Michael Clayton,WR,2008,11,REG,2008_11_MIN_TB,TB,MIN,0,0,0,0,0,0,0,0,0,0,0,0,3,0,36,0,1,0,0,0,,0,0,0,0,0,0,0,0,0,0,0,,0
00-0022737,Nate Kaeding,K,2008,11,REG,2008_11_SD_PIT,LAC,PIT,0,0,0,0,0,0,0,0,0,0,0,0,0,0,0,0,0,0,1,2,22,0,1,0,0,0,0,1,1,0,0,0,,0
00-0022738,Chris Cooley,TE,2008,11,REG,2008_11_DAL_WAS,WAS,DAL,0,0,0,0,0,0,0,0,0,0,0,0,7,0,47,0,2,0,0,0,,0,0,0,0,0,0,0,0,0,0,0,,0
00-0022739,Devard Darling,WR,2008,11,REG,2008_11_NO_KC,KC,NO,0,0,0,0,0,0,0,0,0,0,0,0,1,0,8,0,1,0,0,0,,0,0,0,0,0,0,0,0,0,0,0,,0
00-0022770,Derrick Ward,RB,2008,11,REG,2008_11_BAL_NYG,NYG,BAL,0,0,0,0,0,0,0,11,41,0,2,0,4,0,54,0,3,0,0,0,,0,0,0,0,0,0,0,0,0,0,0,,0
00-0022781,Michael Jenkins,WR,2008,11,REG,2008_11_DEN_ATL,ATL,DEN,0,0,0,0,0,0,0,0,0,0,0,0,5,0,55,0,3,0,0,0,,0,0,0,0,0,0,0,0,0,0,0,,0
00-0022803,Eli Manning,QB,2008,11,REG,2008_11_BAL_NYG,NYG,BAL,13,23,153,1,1,1,-7,2,-3,0,0,0,0,0,0,0,0,0,0,0,,0,0,0,0,0,0,0,0,0,0,0,,0
00-0022807,Bernard Berrian,WR,2008,11,REG,2008_11_MIN_TB,MIN,TB,0,0,0,0,0,0,0,0,0,0,0,0,3,0,46,0,3,0,0,0,,0,0,0,0,0,0,0,0,0,0,0,,0
00-0022811,Jerricho Cotchery,WR,2008,11,REG,2008_11_NYJ_NE,NYJ,NE,0,0,0,0,0,0,0,0,0,0,0,0,5,0,87,1,3,1,0,0,,0,0,0,0,0,0,0,0,0,0,0,,0
00-0022821,Michael Turner,RB,2008,11,REG,2008_11_DEN_ATL,ATL,DEN,0,0,0,0,0,0,0,25,81,2,3,0,0,0,0,0,0,0,0,0,,0,0,0,0,0,0,0,0,0,0,0,,0
00-0022824,Andy Lee,P,2008,11,REG,2008_11_STL_SF,SF,LA,0,0,0,0,0,0,0,0,0,0,0,0,0,0,0,0,0,0,0,0,,0,0,0,0,0,0,0,0,6,311,272,58,0
00-0022840,Julius Jones,RB,2008,11,REG,2008_11_ARI_SEA,SEA,ARI,0,0,0,0,0,0,0,10,19,0,0,1,1,0,-5,0,0,0,0,0,,0,0,0,0,0,0,0,0,0,0,0,,0
00-0022874,Josh Scobee,K,2008,11,REG,2008_11_TEN_JAX,JAX,TEN,0,0,0,0,0,0,0,0,0,0,0,0,0,0,0,0,0,0,0,0,,0,0,0,0,0,0,2,2,0,0,0,,0
00-0022893,Tatum Bell,RB,2008,11,REG,2008_11_DEN_ATL,DEN,ATL,0,0,0,0,0,0,0,7,34,0,2,0,0,0,0,0,0,0,0,0,,0,0,0,0,0,0,0,0,0,0,0,,0
00-0022897,Greg Jones,FB,2008,11,REG,2008_11_TEN_JAX,JAX,TEN,0,0,0,0,0,0,0,0,0,0,0,0,1,0,6,0,0,0,0,0,,0,0,0,0,0,0,0,0,0,0,0,,0
00-0022909,Roy Williams,WR,2008,11,REG,2008_11_DAL_WAS,DAL,WAS,0,0,0,0,0,0,0,0,0,0,0,0,3,0,36,0,3,0,0,0,,0,0,0,0,0,0,0,0,0,0,0,,0
00-0022921,Larry Fitzgerald,WR,2008,11,REG,2008_11_ARI_SEA,ARI,SEA,0,0,0,0,0,0,0,0,0,0,0,0,10,0,151,0,8,0,0,0,,0,0,0,0,0,0,0,0,0,0,0,,0
00-0022922,Kellen Winslow,TE,2008,11,REG,2008_11_CLE_BUF,CLE,BUF,0,0,0,0,0,0,0,0,0,0,0,0,3,0,40,0,3,0,0,0,,0,0,0,0,0,0,0,0,0,0,0,,0
00-0022924,Ben Roethlisberger,QB,2008,11,REG,2008_11_SD_PIT,PIT,LAC,31,41,308,0,0,4,-22,0,0,0,0,0,0,0,0,0,0,0,0,0,,0,0,0,0,0,0,0,0,0,0,0,,0
00-0022926,Chris Perry,RB,2008,11,REG,2008_11_PHI_CIN,CIN,PHI,0,0,0,0,0,0,0,1,5,0,0,0,1,0,-4,0,0,0,0,0,,0,0,0,0,0,0,0,0,0,0,0,,0
00-0022929,Devery Henderson,WR,2008,11,REG,2008_11_NO_KC,NO,KC,0,0,0,0,0,0,0,1,-1,0,0,0,2,0,22,0,1,0,0,0,,0,0,0,0,0,0,0,0,0,0,0,,0
00-0022942,Philip Rivers,QB,2008,11,REG,2008_11_SD_PIT,LAC,PIT,15,26,159,0,2,2,-12,1,5,0,1,0,0,0,0,0,0,0,0,0,,0,0,0,0,0,0,0,0,0,0,0,,0
00-0022943,Benjamin Watson,TE,2008,11,REG,2008_11_NYJ_NE,NE,NYJ,0,0,0,0,0,0,0,0,0,0,0,0,8,0,88,1,5,1,0,0,,0,0,0,0,0,0,0,0,0,0,0,,0
00-0022984,Ryan Grant,RB,2008,11,REG,2008_11_CHI_GB,GB,CHI,0,0,0,0,0,0,0,25,145,1,5,0,1,0,6,0,0,0,0,0,,0,0,0,0,0,0,0,0,0,0,0,,0
00-0022999,John Kuhn,FB,2008,11,REG,2008_11_CHI_GB,GB,CHI,0,0,0,0,0,0,0,2,4,0,2,0,0,0,0,0,0,0,0,0,,0,0,0,0,0,0,0,0,0,0,0,,0
00-0023001,Shaun Suisham,K,2008,11,REG,2008_11_DAL_WAS,WAS,DAL,0,0,0,0,0,0,0,0,0,0,0,0,0,0,0,0,0,0,1,2,41,0,0,0,1,0,0,1,1,0,0,0,,0
00-0023060,Chris Kluwe,P,2008,11,REG,2008_11_MIN_TB,MIN,TB,0,0,0,0,0,0,0,0,0,0,0,0,0,0,0,0,0,0,0,0,,0,0,0,0,0,0,0,0,2,90,70,51,0
00-0023176,Josh Cribbs,WR,2008,11,REG,2008_11_CLE_BUF,CLE,BUF,0,0,0,0,0,0,0,1,2,1,1,0,0,0,0,0,0,0,0,0,,0,0,0,0,0,0,0,0,0,0,0,,0
00-0023210,Tory Humphrey,TE,2008,11,REG,2008_11_CHI_GB,GB,CHI,0,0,0,0,0,0,0,0,0,0,0,0,2,0,10,0,1,0,0,0,,0,0,0,0,0,0,0,0,0,0,0,,0
00-0023234,Michael Koenen,P,2008,11,REG,2008_11_DEN_ATL,ATL,DEN,0,0,0,0,0,0,0,0,0,0,0,0,0,0,0,0,0,0,0,0,,0,0,0,0,0,0,0,0,2,62,62,34,1
00-0023252,Robbie Gould,K,2008,11,REG,2008_11_CHI_GB,CHI,GB,0,0,0,0,0,0,0,0,0,0,0,0,0,0,0,0,0,0,1,1,35,0,0,1,0,0,0,0,0,0,0,0,,0
00-0023310,Lance Moore,WR,2008,11,REG,2008_11_NO_KC,NO,KC,0,0,0,0,0,0,0,0,0,0,0,0,8,0,102,1,4,0,0,0,,0,0,0,0,0,0,0,0,0,0,0,,0
00-0023367,Nate Washington,WR,2008,11,REG,2008_11_SD_PIT,PIT,LAC,0,0,0,0,0,0,0,0,0,0,0,0,2,0,14,0,0,0,0,0,,0,0,0,0,0,0,0,0,0,0,0,,0
00-0023408,Greg Camarillo,WR,2008,11,REG,2008_11_OAK_MIA,MIA,LV,0,0,0,0,0,0,0,0,0,0,0,0,2,0,34,0,2,0,0,0,,0,0,0,0,0,0,0,0,0,0,0,,0
00-0023429,Rashied Davis,WR,2008,11,REG,2008_11_CHI_GB,CHI,GB,0,0,0,0,0,0,0,0,0,0,0,0,1,0,36,0,1,0,0,0,,0,0,0,0,0,0,0,0,0,0,0,,0
00-0023437,Ronnie Brown,RB,2008,11,REG,2008_11_OAK_MIA,MIA,LV,0,0,0,0,0,0,0,16,101,0,4,1,1,0,11,0,1,0,0,0,,0,0,0,0,0,0,0,0,0,0,0,,0
00-0023438,Braylon Edwards,WR,2008,11,REG,2008_11_CLE_BUF,CLE,BUF,0,0,0,0,0,0,0,0,0,0,0,0,8,0,104,0,6,0,0,0,,0,0,0,0,0,0,0,0,0,0,0,,0
00-0023439,Cedric Benson,RB,2008,11,REG,2008_11_PHI_CIN,CIN,PHI,0,0,0,0,0,0,0,23,42,0,2,0,6,0,37,0,2,0,0,0,,0,0,0,0,0,0,0,0,0,0,0,,0
00-0023457,Mark Clayton,WR,2008,11,REG,2008_11_BAL_NYG,BAL,NYG,0,0,0,0,0,0,0,1,17,0,1,0,1,0,10,0,0,0,0,0,,0,0,0,0,0,0,0,0,0,0,0,,0
00-0023459,Aaron Rodgers,QB,2008,11,REG,2008_11_CHI_GB,GB,CHI,23,30,227,2,1,0,0,1,1,0,1,0,0,0,0,0,0,0,0,0,,0,0,0,0,0,0,0,0,0,0,0,,0
00-0023460,Jason Campbell,QB,2008,11,REG,2008_11_DAL_WAS,WAS,DAL,22,34,162,1,1,3,-26,1,22,0,1,0,0,0,0,0,0,0,0,0,,0,0,0,0,0,0,0,0,0,0,0,,0
00-0023462,Roddy White,WR,2008,11,REG,2008_11_DEN_ATL,ATL,DEN,0,0,0,0,0,0,0,0,0,0,0,0,5,0,102,0,4,0,0,0,,0,0,0,0,0,0,0,0,0,0,0,,0
00-0023470,Reggie Brown,WR,2008,11,REG,2008_11_PHI_CIN,PHI,CIN,0,0,0,0,0,0,0,0,0,0,0,0,1,0,0,0,0,0,0,0,,0,0,0,0,0,0,0,0,0,0,0,,0
00-0023474,Mark Bradley,WR,2008,11,REG,2008_11_NO_KC,KC,NO,0,0,0,0,0,0,0,0,0,0,0,0,3,0,54,0,3,0,0,0,,0,0,0,0,0,0,0,0,0,0,0,,0
00-0023479,J.J. Arrington,RB,2008,11,REG,2008_11_ARI_SEA,ARI,SEA,0,0,0,0,0,0,0,8,40,1,4,0,3,0,21,1,1,0,0,0,,0,0,0,0,0,0,0,0,0,0,0,,0
00-0023490,Roscoe Parrish,WR,2008,11,REG,2008_11_CLE_BUF,BUF,CLE,0,0,0,0,0,0,0,0,0,0,0,0,1,0,21,0,1,0,0,0,,0,0,0,0,0,0,0,0,0,0,0,,0
00-0023496,Vincent Jackson,WR,2008,11,REG,2008_11_SD_PIT,LAC,PIT,0,0,0,0,0,0,0,0,0,0,0,0,2,0,25,0,1,0,0,0,,0,0,0,0,0,0,0,0,0,0,0,,0
00-0023500,Frank Gore,RB,2008,11,REG,2008_11_STL_SF,SF,LA,0,0,0,0,0,0,0,18,106,2,6,1,2,0,8,0,0,0,0,0,,0,0,0,0,0,0,0,0,0,0,0,,0
00-0023518,Chris Henry,WR,2008,11,REG,2008_11_PHI_CIN,CIN,PHI,0,0,0,0,0,0,0,0,0,0,0,0,1,0,8,0,0,0,0,0,,0,0,0,0,0,0,0,0,0,0,0,,0
00-0023531,Brandon Jones,WR,2008,11,REG,2008_11_TEN_JAX,TEN,JAX,0,0,0,0,0,0,0,0,0,0,0,0,2,0,23,1,2,0,0,0,,0,0,0,0,0,0,0,0,0,0,0,,0
00-0023534,Dustin Colquitt,P,2008,11,REG,2008_11_NO_KC,KC,NO,0,0,0,0,0,0,0,0,0,0,0,0,0,0,0,0,0,0,0,0,,0,0,0,0,0,0,0,0,4,133,133,38,2
00-0023541,Kyle Orton,QB,2008,11,REG,2008_11_CHI_GB,CHI,GB,13,26,133,0,0,1,-8,1,0,0,0,1,0,0,0,0,0,0,0,0,,0,0,0,0,0,0,0,0,0,0,0,,0
00-0023544,Marion Barber,RB,2008,11,REG,2008_11_DAL_WAS,DAL,WAS,0,0,0,0,0,0,0,24,114,1,7,0,6,0,39,0,2,0,0,0,,0,0,0,0,0,0,0,0,0,0,0,,0
00-0023545,Brandon Jacobs,RB,2008,11,REG,2008_11_BAL_NYG,NYG,BAL,0,0,0,0,0,0,0,11,73,2,5,0,0,0,0,0,0,0,0,0,,0,0,0,0,0,0,0,0,0,0,0,,0
00-0023564,Darren Sproles,RB,2008,11,REG,2008_11_SD_PIT,LAC,PIT,0,0,0,0,0,0,0,1,0,0,0,0,1,0,9,0,0,0,0,0,,0,0,0,0,0,0,0,0,0,0,0,,0
00-0023612,Bo Scaife,TE,2008,11,REG,2008_11_TEN_JAX,TEN,JAX,0,0,0,0,0,0,0,0,0,0,0,0,2,0,28,0,2,0,0,0,,0,0,0,0,0,0,0,0,0,0,0,,0
00-0023630,Joel Dreessen,TE,2008,11,REG,2008_11_HOU_IND,HOU,IND,0,0,0,0,0,0,0,0,0,0,0,0,2,0,11,0,0,0,0,0,,0,0,0,0,0,0,0,0,0,0,0,,0
00-0023642,Reggie Hodges,P,2008,11,REG,2008_11_NYJ_NE,NYJ,NE,0,0,0,0,0,0,0,0,0,0,0,0,0,0,0,0,0,0,0,0,,0,0,0,0,0,0,0,0,5,213,199,49,0
00-0023662,Matt Cassel,QB,2008,11,REG,2008_11_NYJ_NE,NE,NYJ,30,51,400,3,0,3,-14,8,62,0,4,0,0,0,0,0,0,0,0,0,,0,0,0,0,0,0,0,0,0,0,0,,0
00-0023671,Paul Ernster,P,2008,11,REG,2008_11_SD_PIT,PIT,LAC,0,0,0,0,0,0,0,0,0,0,0,0,0,0,0,0,0,0,0,0,,0,0,0,0,0,0,0,0,4,124,123,42,1
00-0023682,Ryan Fitzpatrick,QB,2008,11,REG,2008_11_PHI_CIN,CIN,PHI,29,44,261,1,0,8,-35,5,9,0,1,0,0,0,0,0,0,0,0,0,,0,0,0,0,0,0,0,0,0,0,0,,0
00-0023742,Jon Ryan,P,2008,11,REG,2008_11_ARI_SEA,SEA,ARI,0,0,0,0,0,0,0,0,0,0,0,0,0,0,0,0,0,0,0,0,,0,0,0,0,0,0,0,0,4,178,159,59,3
00-0023797,Darcy Johnson,TE,2008,11,REG,2008_11_BAL_NYG,NYG,BAL,0,0,0,0,0,0,0,0,0,0,0,0,1,0,1,1,1,0,0,0,,0,0,0,0,0,0,0,0,0,0,0,,0
00-0023853,Matt Prater,K,2008,11,REG,2008_11_DEN_ATL,DEN,ATL,0,0,0,0,0,0,0,0,0,0,0,0,0,0,0,0,0,0,1,2,20,0,1,0,0,0,0,3,3,0,0,0,,0
00-0023881,P.J. Pope,RB,2008,11,REG,2008_11_DEN_ATL,DEN,ATL,0,0,0,0,0,0,0,4,35,0,2,0,0,0,0,0,0,0,0,0,,0,0,0,0,0,0,0,0,0,0,0,,0
00-0023921,Miles Austin,WR,2008,11,REG,2008_11_DAL_WAS,DAL,WAS,0,0,0,0,0,0,0,0,0,0,0,0,2,0,26,0,2,0,0,0,,0,0,0,0,0,0,0,0,0,0,0,,0
00-0024013,Hank Baskett,WR,2008,11,REG,2008_11_PHI_CIN,PHI,CIN,0,0,0,0,0,0,0,0,0,0,0,0,2,0,74,0,2,0,0,0,,0,0,0,0,0,0,0,0,0,0,0,,0
00-0024172,Patrick Cobbs,RB,2008,11,REG,2008_11_OAK_MIA,MIA,LV,0,0,0,0,0,0,0,3,23,1,2,0,3,0,16,0,1,0,0,0,,0,0,0,0,0,0,0,0,0,0,0,,0
00-0024204,Fred Jackson,RB,2008,11,REG,2008_11_CLE_BUF,BUF,CLE,0,0,0,0,0,0,0,12,60,0,5,1,0,0,0,0,0,0,0,0,,0,0,0,0,0,0,0,0,0,0,0,,0
00-0024221,Vernon Davis,TE,2008,11,REG,2008_11_STL_SF,SF,LA,0,0,0,0,0,0,0,0,0,0,0,0,1,0,2,1,1,0,0,0,,0,0,0,0,0,0,0,0,0,0,0,,0
00-0024226,Jay Cutler,QB,2008,11,REG,2008_11_DEN_ATL,DEN,ATL,19,27,216,1,0,1,-8,1,4,0,0,0,0,0,0,0,0,0,0,0,,0,0,0,0,0,0,0,0,0,0,0,,0
00-0024240,Santonio Holmes,WR,2008,11,REG,2008_11_SD_PIT,PIT,LAC,0,0,0,0,0,0,0,0,0,0,0,0,5,0,63,0,4,0,0,0,,0,0,0,0,0,0,0,0,0,0,0,,0
00-0024242,DeAngelo Williams,RB,2008,11,REG,2008_11_DET_CAR,CAR,DET,0,0,0,0,0,0,0,14,120,2,3,0,0,0,0,0,0,0,0,0,,0,0,0,0,0,0,0,0,0,0,0,,0
00-0024243,Marcedes Lewis,TE,2008,11,REG,2008_11_TEN_JAX,JAX,TEN,0,0,0,0,0,0,0,0,0,0,0,0,1,0,19,0,1,0,0,0,,0,0,0,0,0,0,0,0,0,0,0,,0
00-0024245,Joseph Addai,RB,2008,11,REG,2008_11_HOU_IND,IND,HOU,0,0,0,0,0,0,0,22,105,1,4,0,4,0,48,1,2,0,0,0,,0,0,0,0,0,0,0,0,0,0,0,,0
00-0024260,LenDale White,RB,2008,11,REG,2008_11_TEN_JAX,TEN,JAX,0,0,0,0,0,0,0,14,52,0,1,0,0,0,0,0,0,0,0,0,,0,0,0,0,0,0,0,0,0,0,0,,0
00-0024261,Joe Klopfenstein,TE,2008,11,REG,2008_11_STL_SF,LA,SF,0,0,0,0,0,0,0,0,0,0,0,0,1,0,5,0,1,0,0,0,,0,0,0,0,0,0,0,0,0,0,0,,0
00-0024267,Greg Jennings,WR,2008,11,REG,2008_11_CHI_GB,GB,CHI,0,0,0,0,0,0,0,0,0,0,0,0,5,0,64,1,4,0,0,0,,0,0,0,0,0,0,0,0,0,0,0,,0
00-0024272,Devin Hester,WR,2008,11,REG,2008_11_CHI_GB,CHI,GB,0,0,0,0,0,0,0,0,0,0,0,0,1,0,7,0,0,0,0,0,,0,0,0,0,0,0,0,0,0,0,0,,0
00-0024275,Maurice Jones-Drew,RB,2008,11,REG,2008_11_TEN_JAX,JAX,TEN,0,0,0,0,0,0,0,17,66,2,4,0,3,0,27,0,1,0,0,0,,0,0,0,0,0,0,0,0,0,0,0,,0
00-0024287,Leonard Pope,TE,2008,11,REG,2008_11_ARI_SEA,ARI,SEA,0,0,0,0,0,0,0,0,0,0,0,0,2,0,9,0,0,0,0,0,,0,0,0,0,0,0,0,0,0,0,0,,0
00-0024294,Jerious Norwood,RB,2008,11,REG,2008_11_DEN_ATL,ATL,DEN,0,0,0,0,0,0,0,4,18,0,1,0,3,0,25,0,1,0,0,0,,0,0,0,0,0,0,0,0,0,0,0,,0
00-0024313,Owen Daniels,TE,2008,11,REG,2008_11_HOU_IND,HOU,IND,0,0,0,0,0,0,0,0,0,0,0,0,1,0,14,0,1,0,0,0,,0,0,0,0,0,0,0,0,0,0,0,,0
00-0024315,Michael Robinson,FB,2008,11,REG,2008_11_STL_SF,SF,LA,0,0,0,0,0,0,0,3,11,0,1,0,2,0,54,0,2,0,0,0,,0,0,0,0,0,0,0,0,0,0,0,,0
00-0024318,Brad Smith,WR,2008,11,REG,2008_11_NYJ_NE,NYJ,NE,0,0,0,0,0,0,0,1,17,0,1,0,0,0,0,0,0,0,0,0,,0,0,0,0,0,0,0,0,0,0,0,,0
00-0024321,Garrett Mills,TE,2008,11,REG,2008_11_MIN_TB,MIN,TB,0,0,0,0,0,0,0,0,0,0,0,0,1,0,6,0,0,0,0,0,,0,0,0,0,0,0,0,0,0,0,0,,0
00-0024324,Jason Avant,WR,2008,11,REG,2008_11_PHI_CIN,PHI,CIN,0,0,0,0,0,0,0,0,0,0,0,0,3,0,32,0,1,0,0,0,,0,0,0,0,0,0,0,0,0,0,0,,0
00-0024332,Leon Washington,RB,2008,11,REG,2008_11_NYJ_NE,NYJ,NE,0,0,0,0,0,0,0,5,18,0,0,0,2,0,17,1,2,0,0,0,,0,0,0,0,0,0,0,0,0,0,0,,0
00-0024333,Stephen Gostkowski,K,2008,11,REG,2008_11_NYJ_NE,NE,NYJ,0,0,0,0,0,0,0,0,0,0,0,0,0,0,0,0,0,0,3,3,47,0,0,1,2,0,0,2,2,0,0,0,,0
00-0024334,Brandon Marshall,WR,2008,11,REG,2008_11_DEN_ATL,DEN,ATL,0,0,0,0,0,0,0,0,0,0,0,0,6,0,89,0,2,0,0,0,,0,0,0,0,0,0,0,0,0,0,0,,0
00-0024345,Domenik Hixon,WR,2008,11,REG,2008_11_BAL_NYG,NYG,BAL,0,0,0,0,0,0,0,0,0,0,0,0,2,0,25,0,2,0,0,0,,0,0,0,0,0,0,0,0,0,0,0,,0
00-0024359,Jerome Harrison,RB,2008,11,REG,2008_11_CLE_BUF,CLE,BUF,0,0,0,0,0,0,0,3,80,1,1,0,1,0,21,0,1,0,0,0,,0,0,0,0,0,0,0,0,0,0,0,,0
00-0024369,Jeff King,TE,2008,11,REG,2008_11_DET_CAR,CAR,DET,0,0,0,0,0,0,0,0,0,0,0,0,2,0,19,1,1,0,0,0,,0,0,0,0,0,0,0,0,0,0,0,,0
00-0024417,Sam Koch,P,2008,11,REG,2008_11_BAL_NYG,BAL,NYG,0,0,0,0,0,0,0,0,0,0,0,0,0,0,0,0,0,0,0,0,,0,0,0,0,0,0,0,0,3,94,94,45,1
00-0024453,Ryan Plackemeier,P,2008,11,REG,2008_11_DAL_WAS,WAS,DAL,0,0,0,0,0,0,0,0,0,0,0,0,0,0,0,0,0,0,0,0,,0,0,0,0,0,0,0,0,4,188,142,52,0
00-0024465,David Anderson,WR,2008,11,REG,2008_11_HOU_IND,HOU,IND,0,0,0,0,0,0,0,0,0,0,0,0,2,0,26,0,2,0,0,0,,0,0,0,0,0,0,0,0,0,0,0,,0
00-0024466,Marques Colston,WR,2008,11,REG,2008_11_NO_KC,NO,KC,0,0,0,0,0,0,0,0,0,0,0,0,3,0,30,0,2,0,0,0,,0,0,0,0,0,0,0,0,0,0,0,,0
00-0024515,Sav Rocca,P,2008,11,REG,2008_11_PHI_CIN,PHI,CIN,0,0,0,0,0,0,0,0,0,0,0,0,0,0,0,0,0,0,0,0,,0,0,0,0,0,0,0,0,10,362,311,53,0
00-0024763,Charles Ali,RB,2008,11,REG,2008_11_CLE_BUF,CLE,BUF,0,0,0,0,0,0,0,0,0,0,0,0,1,0,12,0,1,0,0,0,,0,0,0,0,0,0,0,0,0,0,0,,0
00-0024813,Pierre Thomas,RB,2008,11,REG,2008_11_NO_KC,NO,KC,0,0,0,0,0,0,0,16,88,1,5,0,4,0,56,0,3,0,0,0,,0,0,0,0,0,0,0,0,0,0,0,,0
00-0024846,Gary Russell,RB,2008,11,REG,2008_11_SD_PIT,PIT,LAC,0,0,0,0,0,0,0,2,10,0,2,0,0,0,0,0,0,0,0,0,,0,0,0,0,0,0,0,0,0,0,0,,0
00-0025388,JaMarcus Russell,QB,2008,11,REG,2008_11_OAK_MIA,LV,MIA,15,22,156,0,0,4,-22,0,0,0,0,0,0,0,0,0,0,0,0,0,,0,0,0,0,0,0,0,0,0,0,0,,0
00-0025389,Calvin Johnson,WR,2008,11,REG,2008_11_DET_CAR,DET,CAR,0,0,0,0,0,0,0,0,0,0,0,0,6,0,65,1,4,0,0,0,,0,0,0,0,0,0,0,0,0,0,0,,0
00-0025392,Levi Brown,OT,2008,11,REG,2008_11_ARI_SEA,ARI,SEA,0,0,0,0,0,0,0,0,0,0,0,0,1,0,4,0,0,0,0,0,,0,0,0,0,0,0,0,0,0,0,0,,0
00-0025394,Adrian Peterson,RB,2008,11,REG,2008_11_MIN_TB,MIN,TB,0,0,0,0,0,0,0,19,85,0,4,0,1,0,-3,0,0,0,0,0,,0,0,0,0,0,0,0,0,0,0,0,,0
00-0025396,Ted Ginn,WR,2008,11,REG,2008_11_OAK_MIA,MIA,LV,0,0,0,0,0,0,0,2,42,1,1,0,4,0,51,0,3,0,0,0,,0,0,0,0,0,0,0,0,0,0,0,,0
00-0025399,Marshawn Lynch,RB,2008,11,REG,2008_11_CLE_BUF,BUF,CLE,0,0,0,0,0,0,0,23,119,0,4,0,10,0,58,1,4,0,0,0,,0,0,0,0,0,0,0,0,0,0,0,,0
00-0025409,Brady Quinn,QB,2008,11,REG,2008_11_CLE_BUF,CLE,BUF,14,36,185,0,0,1,-9,4,18,0,2,0,0,0,0,0,0,0,0,0,,0,0,0,0,0,0,0,0,0,0,0,,0
00-0025410,Dwayne Bowe,WR,2008,11,REG,2008_11_NO_KC,KC,NO,0,0,0,0,0,0,0,0,0,0,0,0,7,0,53,2,4,0,0,0,,0,0,0,0,0,0,0,0,0,0,0,,0
00-0025418,Greg Olsen,TE,2008,11,REG,2008_11_CHI_GB,CHI,GB,0,0,0,0,0,0,0,0,0,0,0,0,4,0,45,0,3,0,0,0,,0,0,0,0,0,0,0,0,0,0,0,,0
00-0025419,Anthony Gonzalez,WR,2008,11,REG,2008_11_HOU_IND,IND,HOU,0,0,0,0,0,0,0,0,0,0,0,0,2,0,35,0,1,0,0,0,,0,0,0,0,0,0,0,0,0,0,0,,0
00-0025425,Zach Miller,TE,2008,11,REG,2008_11_OAK_MIA,LV,MIA,0,0,0,0,0,0,0,0,0,0,0,0,4,0,67,0,2,0,0,0,,0,0,0,0,0,0,0,0,0,0,0,,0
00-0025431,Sidney Rice,WR,2008,11,REG,2008_11_MIN_TB,MIN,TB,0,1,0,0,0,0,0,0,0,0,0,0,2,0,22,0,2,0,0,0,,0,0,0,0,0,0,0,0,0,0,0,,0
00-0025438,Steve Smith,WR,2008,11,REG,2008_11_BAL_NYG,NYG,BAL,0,0,0,0,0,0,0,0,0,0,0,0,2,0,17,0,1,0,0,0,,0,0,0,0,0,0,0,0,0,0,0,,0
00-0025450,Brandon Jackson,RB,2008,11,REG,2008_11_CHI_GB,GB,CHI,0,0,0,0,0,0,0,10,50,0,3,0,1,0,5,0,0,0,0,0,,0,0,0,0,0,0,0,0,0,0,0,,0
00-0025463,Jason Hill,WR,2008,11,REG,2008_11_STL_SF,SF,LA,0,0,0,0,0,0,0,0,0,0,0,0,3,0,33,0,2,0,0,0,,0,0,0,0,0,0,0,0,0,0,0,,0
00-0025464,Matt Spaeth,TE,2008,11,REG,2008_11_SD_PIT,PIT,LAC,0,0,0,0,0,0,0,0,0,0,0,0,6,0,55,0,3,0,0,0,,0,0,0,0,0,0,0,0,0,0,0,,0
00-0025465,James Jones,WR,2008,11,REG,2008_11_CHI_GB,GB,CHI,0,0,0,0,0,0,0,0,0,0,0,0,2,0,26,0,2,0,0,0,,0,0,0,0,0,0,0,0,0,0,0,,0
00-0025466,Mike Sims-Walker,WR,2008,11,REG,2008_11_TEN_JAX,JAX,TEN,0,0,0,0,0,0,0,0,0,0,0,0,2,0,15,0,1,0,0,0,,0,0,0,0,0,0,0,0,0,0,0,,0
00-0025479,Trent Edwards,QB,2008,11,REG,2008_11_CLE_BUF,BUF,CLE,16,26,148,1,3,0,0,3,7,1,1,0,0,0,0,0,0,0,0,0,,0,0,0,0,0,0,0,0,0,0,0,,0
00-0025480,Garrett Wolfe,RB,2008,11,REG,2008_11_CHI_GB,CHI,GB,0,0,0,0,0,0,0,2,12,0,2,0,0,0,0,0,0,0,0,0,,0,0,0,0,0,0,0,0,0,0,0,,0
00-0025488,Adam Podlesh,P,2008,11,REG,2008_11_TEN_JAX,JAX,TEN,0,0,0,0,0,0,0,0,0,0,0,0,0,0,0,0,0,0,0,0,,0,0,0,0,0,0,0,0,10,409,395,51,1
00-0025494,Antonio Pittman,RB,2008,11,REG,2008_11_STL_SF,LA,SF,0,0,0,0,0,0,0,14,95,0,4,0,3,0,4,0,0,0,0,0,,0,0,0,0,0,0,0,0,0,0,0,,0
00-0025524,Le'Ron McClain,FB,2008,11,REG,2008_11_BAL_NYG,BAL,NYG,0,0,0,0,0,0,0,2,10,0,1,0,3,0,31,1,2,0,0,0,,0,0,0,0,0,0,0,0,0,0,0,,0
00-0025529,Steve Breaston,WR,2008,11,REG,2008_11_ARI_SEA,ARI,SEA,0,0,0,0,0,0,0,0,0,0,0,0,2,0,15,0,2,0,0,0,,0,0,0,0,0,0,0,0,0,0,0,,0
00-0025533,Aundrae Allison,WR,2008,11,REG,2008_11_MIN_TB,MIN,TB,0,0,0,0,0,0,0,0,0,0,0,0,1,0,-1,0,0,0,0,0,,0,0,0,0,0,0,0,0,0,0,0,,0
00-0025549,Brent Celek,TE,2008,11,REG,2008_11_PHI_CIN,PHI,CIN,0,0,0,0,0,0,0,0,0,0,0,0,3,0,25,0,1,0,0,0,,0,0,0,0,0,0,0,0,0,0,0,,0
00-0025559,Legedu Naanee,WR,2008,11,REG,2008_11_SD_PIT,LAC,PIT,0,0,0,0,0,0,0,0,0,0,0,0,1,0,8,0,0,0,0,0,,0,0,0,0,0,0,0,0,0,0,0,,0
00-0025565,Nick Folk,K,2008,11,REG,2008_11_DAL_WAS,DAL,WAS,0,0,0,0,0,0,0,0,0,0,0,0,0,0,0,0,0,0,0,0,,0,0,0,0,0,0,2,2,0,0,0,,0
00-0025580,Mason Crosby,K,2008,11,REG,2008_11_CHI_GB,GB,CHI,0,0,0,0,0,0,0,0,0,0,0,0,0,0,0,0,0,0,3,3,53,0,0,1,1,1,0,4,4,0,0,0,,0
00-0025584,Courtney Taylor,WR,2008,11,REG,2008_11_ARI_SEA,SEA,ARI,0,0,0,0,0,0,0,0,0,0,0,0,1,0,7,0,0,0,0,0,,0,0,0,0,0,0,0,0,0,0,0,,0
00-0025604,Tyler Thigpen,QB,2008,11,REG,2008_11_NO_KC,KC,NO,19,38,235,2,1,4,-29,3,45,0,1,0,0,0,0,0,0,0,0,0,,0,0,0,0,0,0,0,0,0,0,0,,0
00-0025612,Brandon Fields,P,2008,11,REG,2008_11_OAK_MIA,MIA,LV,0,0,0,0,0,0,0,0,0,0,0,0,0,0,0,0,0,0,0,0,,0,0,0,0,0,0,0,0,5,235,122,57,1
00-0025621,Syndric Steptoe,WR,2008,11,REG,2008_11_CLE_BUF,CLE,BUF,0,0,0,0,0,0,0,0,0,0,0,0,1,0,8,0,0,0,0,0,,0,0,0,0,0,0,0,0,0,0,0,,0
00-0025622,Chansi Stuckey,WR,2008,11,REG,2008_11_NYJ_NE,NYJ,NE,0,0,0,0,0,0,0,0,0,0,0,0,1,0,3,0,1,0,0,0,,0,0,0,0,0,0,0,0,0,0,0,,0
00-0025631,Jason Snelling,FB,2008,11,REG,2008_11_DEN_ATL,ATL,DEN,0,0,0,0,0,0,0,1,-3,0,0,0,1,0,2,0,0,0,0,0,,0,0,0,0,0,0,0,0,0,0,0,,0
00-0025633,Kenneth Darby,RB,2008,11,REG,2008_11_STL_SF,LA,SF,0,0,0,0,0,0,0,7,26,0,3,0,8,0,83,0,4,0,0,0,,0,0,0,0,0,0,0,0,0,0,0,,0
00-0025636,Derek Stanley,WR,2008,11,REG,2008_11_STL_SF,LA,SF,0,0,0,0,0,0,0,0,0,0,0,0,3,0,21,0,1,0,0,0,,0,0,0,0,0,0,0,0,0,0,0,,0
00-0025637,Ahmad Bradshaw,RB,2008,11,REG,2008_11_BAL_NYG,NYG,BAL,0,0,0,0,0,0,0,9,96,0,2,0,0,0,0,0,0,0,0,0,,0,0,0,0,0,0,0,0,0,0,0,,0
00-0025728,Sam Paulescu,P,2008,11,REG,2008_11_DAL_WAS,DAL,WAS,0,0,0,0,0,0,0,0,0,0,0,0,0,0,0,0,0,0,0,0,,0,0,0,0,0,0,0,0,4,157,143,47,0
00-0025824,Garrett Hartley,K,2008,11,REG,2008_11_NO_KC,NO,KC,0,0,0,0,0,0,0,0,0,0,0,0,0,0,0,0,0,0,3,3,35,0,1,2,0,0,0,3,3,0,0,0,,0
00-0025825,Brett Kern,P,2008,11,REG,2008_11_DEN_ATL,DEN,ATL,0,0,0,0,0,0,0,0,0,0,0,0,0,0,0,0,0,0,0,0,,0,0,0,0,0,0,0,0,3,127,118,52,1
00-0025860,BenJarvus Green-Ellis,RB,2008,11,REG,2008_11_NYJ_NE,NE,NYJ,0,0,0,0,0,0,0,2,9,0,0,0,0,0,0,0,0,0,0,0,,0,0,0,0,0,0,0,0,0,0,0,,0
00-0026000,Davone Bess,WR,2008,11,REG,2008_11_OAK_MIA,MIA,LV,0,0,0,0,0,0,0,0,0,0,0,0,3,0,50,0,2,0,0,0,,0,0,0,0,0,0,0,0,0,0,0,,0
00-0026003,Dan Carpenter,K,2008,11,REG,2008_11_OAK_MIA,MIA,LV,0,0,0,0,0,0,0,0,0,0,0,0,0,0,0,0,0,0,1,1,38,0,0,1,0,0,0,2,2,0,0,0,,0
00-0026069,Mike Tolbert,FB,2008,11,REG,2008_11_SD_PIT,LAC,PIT,0,0,0,0,0,0,0,2,4,0,2,0,0,0,0,0,0,0,0,0,,0,0,0,0,0,0,0,0,0,0,0,,0
00-0026113,Clifton Smith,RB,2008,11,REG,2008_11_MIN_TB,TB,MIN,0,0,0,0,0,0,0,4,21,0,1,1,1,0,-1,0,0,0,0,0,,0,0,0,0,0,0,0,0,0,0,0,,0
00-0026138,Connor Barth,K,2008,11,REG,2008_11_NO_KC,KC,NO,0,0,0,0,0,0,0,0,0,0,0,0,0,0,0,0,0,0,2,2,21,0,2,0,0,0,0,2,2,0,0,0,,0
00-0026143,Matt Ryan,QB,2008,11,REG,2008_11_DEN_ATL,ATL,DEN,20,33,250,0,1,0,0,5,18,0,2,0,0,0,0,0,0,0,0,0,,0,0,0,0,0,0,0,0,0,0,0,,0
00-0026144,Darren McFadden,RB,2008,11,REG,2008_11_OAK_MIA,LV,MIA,0,0,0,0,0,1,-5,3,13,0,0,0,2,0,1,0,0,0,0,0,,0,0,0,0,0,0,0,0,0,0,0,,0
00-0026153,Jonathan Stewart,RB,2008,11,REG,2008_11_DET_CAR,CAR,DET,0,0,0,0,0,0,0,15,130,1,6,0,1,0,4,0,0,0,0,0,,0,0,0,0,0,0,0,0,0,0,0,,0
00-0026158,Joe Flacco,QB,2008,11,REG,2008_11_BAL_NYG,BAL,NYG,20,33,164,1,2,1,-10,6,57,0,3,0,0,0,0,0,0,0,0,0,,0,0,0,0,0,0,0,0,0,0,0,,0
00-0026164,Chris Johnson,RB,2008,11,REG,2008_11_TEN_JAX,TEN,JAX,0,0,0,0,0,0,0,17,64,0,3,0,4,0,24,0,1,0,0,0,,0,0,0,0,0,0,0,0,0,0,0,,0
00-0026170,Dustin Keller,TE,2008,11,REG,2008_11_NYJ_NE,NYJ,NE,0,0,0,0,0,0,0,0,0,0,0,0,8,0,87,0,7,0,0,0,,0,0,0,0,0,0,0,0,0,0,0,,0
00-0026173,Donnie Avery,WR,2008,11,REG,2008_11_STL_SF,LA,SF,0,0,0,0,0,0,0,0,0,0,0,0,9,0,93,0,4,0,0,0,,0,0,0,0,0,0,0,0,0,0,0,,0
00-0026174,Devin Thomas,WR,2008,11,REG,2008_11_DAL_WAS,WAS,DAL,0,0,0,0,0,0,0,0,0,0,0,0,3,0,14,0,1,0,0,0,,0,0,0,0,0,0,0,0,0,0,0,,0
00-0026176,Jordy Nelson,WR,2008,11,REG,2008_11_CHI_GB,GB,CHI,0,0,0,0,0,0,0,0,0,0,0,0,1,0,19,0,1,0,0,0,,0,0,0,0,0,0,0,0,0,0,0,,0
00-0026178,John Carlson,TE,2008,11,REG,2008_11_ARI_SEA,SEA,ARI,0,0,0,0,0,0,0,0,0,0,0,0,3,0,39,0,2,0,0,0,,0,0,0,0,0,0,0,0,0,0,0,,0
00-0026182,Eddie Royal,WR,2008,11,REG,2008_11_DEN_ATL,DEN,ATL,0,0,0,0,0,0,0,3,7,0,0,0,4,0,34,0,2,0,0,0,,0,0,0,0,0,0,0,0,0,0,0,,0
00-0026184,Matt Forte,RB,2008,11,REG,2008_11_CHI_GB,CHI,GB,0,0,0,0,0,0,0,16,64,0,1,0,6,0,40,0,1,0,0,0,,0,0,0,0,0,0,0,0,0,0,0,,0
00-0026189,DeSean Jackson,WR,2008,11,REG,2008_11_PHI_CIN,PHI,CIN,0,0,0,0,0,0,0,2,3,0,0,0,4,0,66,0,4,0,0,0,,0,0,0,0,0,0,0,0,0,0,0,,0
00-0026195,Ray Rice,RB,2008,11,REG,2008_11_BAL_NYG,BAL,NYG,0,0,0,0,0,0,0,8,19,0,1,0,4,0,18,0,1,0,0,0,,0,0,0,0,0,0,0,0,0,0,0,,0
00-0026201,Martellus Bennett,TE,2008,11,REG,2008_11_DAL_WAS,DAL,WAS,0,0,0,0,0,0,0,0,0,0,0,0,1,0,25,1,1,0,0,0,,0,0,0,0,0,0,0,0,0,0,0,,0
00-0026204,Kevin Smith,RB,2008,11,REG,2008_11_DET_CAR,DET,CAR,0,0,0,0,0,0,0,24,112,0,5,0,2,0,23,0,1,0,0,0,,0,0,0,0,0,0,0,0,0,0,0,,0
00-0026213,Jamaal Charles,RB,2008,11,REG,2008_11_NO_KC,KC,NO,0,0,0,0,0,0,0,2,12,0,1,0,0,0,0,0,0,0,0,0,,0,0,0,0,0,0,0,0,0,0,0,,0
00-0026216,Brad Cottam,TE,2008,11,REG,2008_11_NO_KC,KC,NO,0,0,0,0,0,0,0,0,0,0,0,0,1,0,19,0,1,0,0,0,,0,0,0,0,0,0,0,0,0,0,0,,0
00-0026229,Steve Slaton,RB,2008,11,REG,2008_11_HOU_IND,HOU,IND,0,0,0,0,0,0,0,14,156,1,6,0,0,0,0,0,0,0,0,0,,0,0,0,0,0,0,0,0,0,0,0,,0
00-0026231,Jermichael Finley,TE,2008,11,REG,2008_11_CHI_GB,GB,CHI,0,0,0,0,0,0,0,0,0,0,0,0,1,0,4,0,0,0,0,0,,0,0,0,0,0,0,0,0,0,0,0,,0
00-0026245,Will Franklin,WR,2008,11,REG,2008_11_NO_KC,KC,NO,0,0,0,0,0,0,0,0,0,0,0,0,1,0,42,0,1,0,0,0,,0,0,0,0,0,0,0,0,0,0,0,,0
00-0026262,Tashard Choice,RB,2008,11,REG,2008_11_DAL_WAS,DAL,WAS,0,0,0,0,0,0,0,1,6,0,0,0,0,0,0,0,0,0,0,0,,0,0,0,0,0,0,0,0,0,0,0,,0
00-0026268,Keenan Burton,WR,2008,11,REG,2008_11_STL_SF,LA,SF,0,0,0,0,0,0,0,0,0,0,0,0,2,0,13,0,0,0,0,0,,0,0,0,0,0,0,0,0,0,0,0,,0
00-0026272,Derek Fine,TE,2008,11,REG,2008_11_CLE_BUF,BUF,CLE,0,0,0,0,0,0,0,0,0,0,0,0,1,0,6,0,0,0,0,0,,0,0,0,0,0,0,0,0,0,0,0,,0
00-0026289,Tim Hightower,RB,2008,11,REG,2008_11_ARI_SEA,ARI,SEA,0,0,0,0,0,0,0,11,35,0,2,0,0,0,0,0,0,0,0,0,,0,0,0,0,0,0,0,0,0,0,0,,0
00-0026303,Owen Schmitt,FB,2008,11,REG,2008_11_ARI_SEA,SEA,ARI,0,0,0,0,0,0,0,0,0,0,0,0,1,0,7,0,0,0,0,0,,0,0,0,0,0,0,0,0,0,0,0,,0
00-0026364,Steve Johnson,WR,2008,11,REG,2008_11_CLE_BUF,BUF,CLE,0,0,0,0,0,0,0,0,0,0,0,0,3,0,41,0,3,0,0,0,,0,0,0,0,0,0,0,0,0,0,0,,0
00-0026367,Peyton Hillis,RB,2008,11,REG,2008_11_DEN_ATL,DEN,ATL,0,0,0,0,0,0,0,10,44,2,3,0,3,0,26,0,2,0,0,0,,0,0,0,0,0,0,0,0,0,0,0,,0
00-0000108,David Akers,K,2008,12,REG,2008_12_PHI_BAL,PHI,BAL,0,0,0,0,0,0,0,0,0,0,0,0,0,0,0,0,0,0,0,0,,0,0,0,0,0,0,1,1,0,0,0,,0
00-0001231,Josh Bidwell,P,2008,12,REG,2008_12_TB_DET,TB,DET,0,0,0,0,0,0,0,0,0,0,0,0,0,0,0,0,0,0,0,0,,0,0,0,0,0,0,0,0,4,204,170,59,0
00-0001980,Kris Brown,K,2008,12,REG,2008_12_HOU_CLE,HOU,CLE,0,0,0,0,0,0,0,0,0,0,0,0,0,0,0,0,0,0,3,5,36,0,0,3,0,0,0,1,1,0,0,0,,0
00-0002099,Isaac Bruce,WR,2008,12,REG,2008_12_SF_DAL,SF,DAL,0,0,0,0,0,0,0,0,0,0,0,0,8,0,125,1,5,0,0,0,,0,0,0,0,0,0,0,0,0,0,0,,0
00-0002655,John Carney,K,2008,12,REG,2008_12_NYG_ARI,NYG,ARI,0,0,0,0,0,0,0,0,0,0,0,0,0,0,0,0,0,0,3,3,33,0,1,2,0,0,0,4,4,0,0,0,,0
00-0003035,Desmond Clark,TE,2008,12,REG,2008_12_CHI_STL,CHI,LA,0,0,0,0,0,0,0,0,0,0,0,0,5,0,40,0,2,0,0,0,,0,0,0,0,0,0,0,0,0,0,0,,0
00-0003292,Kerry Collins,QB,2008,12,REG,2008_12_NYJ_TEN,TEN,NYJ,21,39,243,1,0,1,-7,0,0,0,0,0,0,0,0,0,0,0,0,0,,0,0,0,0,0,0,0,0,0,0,0,,0
00-0003739,Daunte Culpepper,QB,2008,12,REG,2008_12_TB_DET,DET,TB,8,20,121,1,2,4,-35,2,6,0,0,0,0,0,0,0,0,0,0,0,,0,0,0,0,0,0,0,0,0,0,0,,0
00-0004091,Phil Dawson,K,2008,12,REG,2008_12_HOU_CLE,CLE,HOU,0,0,0,0,0,0,0,0,0,0,0,0,0,0,0,0,0,0,2,3,32,0,0,2,0,0,0,0,0,0,0,0,,0
00-0004161,Jake Delhomme,QB,2008,12,REG,2008_12_CAR_ATL,CAR,ATL,21,35,295,1,0,3,-21,2,18,1,1,0,0,0,0,0,0,0,0,0,,0,0,0,0,0,0,0,0,0,0,0,,0
00-0004541,Donald Driver,WR,2008,12,REG,2008_12_GB_NO,GB,NO,0,0,0,0,0,0,0,0,0,0,0,0,4,0,43,0,3,0,0,0,,0,0,0,0,0,0,0,0,0,0,0,,0
00-0004640,Warrick Dunn,RB,2008,12,REG,2008_12_TB_DET,TB,DET,0,0,0,0,0,0,0,14,90,1,4,0,5,0,37,0,1,0,0,0,,0,0,0,0,0,0,0,0,0,0,0,,0
00-0004811,Jason Elam,K,2008,12,REG,2008_12_CAR_ATL,ATL,CAR,0,0,0,0,0,0,0,0,0,0,0,0,0,0,0,0,0,0,1,1,23,0,1,0,0,0,0,6,6,0,0,0,,0
00-0004915,Bobby Engram,WR,2008,12,REG,2008_12_WAS_SEA,SEA,WAS,0,0,0,0,0,0,0,0,0,0,0,0,2,0,34,0,2,0,0,0,,0,0,0,0,0,0,0,0,0,0,0,,0
00-0005091,Kevin Faulk,RB,2008,12,REG,2008_12_NE_MIA,NE,MIA,0,0,0,0,0,0,0,8,53,1,2,0,6,0,52,0,2,0,0,0,,0,0,0,0,0,0,0,0,0,0,0,,0
00-0005106,Brett Favre,QB,2008,12,REG,2008_12_NYJ_TEN,NYJ,TEN,25,32,224,2,1,2,-7,1,-1,0,0,0,0,0,0,0,0,0,0,0,,0,0,0,0,0,0,0,0,0,0,0,,0
00-0005113,Jeff Feagles,P,2008,12,REG,2008_12_NYG_ARI,NYG,ARI,0,0,0,0,0,0,0,0,0,0,0,0,0,0,0,0,0,0,0,0,,0,0,0,0,0,0,0,0,4,171,176,51,1
00-0005231,Brian Finneran,WR,2008,12,REG,2008_12_CAR_ATL,ATL,CAR,0,0,0,0,0,0,0,0,0,0,0,0,1,0,9,0,1,0,0,0,,0,0,0,0,0,0,0,0,0,0,0,,0
00-0005589,Gus Frerotte,QB,2008,12,REG,2008_12_MIN_JAX,MIN,JAX,12,20,120,0,1,3,-16,5,2,0,1,0,0,0,0,0,0,0,0,0,,0,0,0,0,0,0,0,0,0,0,0,,0
00-0005755,Jeff Garcia,QB,2008,12,REG,2008_12_TB_DET,TB,DET,13,18,165,2,0,6,-29,1,-1,0,0,0,0,0,0,0,0,0,0,0,,0,0,0,0,0,0,0,0,0,0,0,,0
00-0006101,Tony Gonzalez,TE,2008,12,REG,2008_12_BUF_KC,KC,BUF,0,0,0,0,0,0,0,0,0,0,0,0,10,0,113,1,7,0,0,0,,0,0,0,0,0,0,0,0,0,0,0,,0
00-0006305,Ahman Green,RB,2008,12,REG,2008_12_HOU_CLE,HOU,CLE,0,0,0,0,0,0,0,13,39,0,4,0,1,0,8,0,0,0,0,0,,0,0,0,0,0,0,0,0,0,0,0,,0
00-0006355,Trent Green,QB,2008,12,REG,2008_12_CHI_STL,LA,CHI,16,30,219,0,4,4,-35,2,1,0,1,0,0,0,0,0,0,0,0,0,,0,0,0,0,0,0,0,0,0,0,0,,0
00-0006799,Chris Hanson,P,2008,12,REG,2008_12_NE_MIA,NE,MIA,0,0,0,0,0,0,0,0,0,0,0,0,0,0,0,0,0,0,0,0,,0,0,0,0,0,0,0,0,1,49,49,49,0
00-0006800,Jason Hanson,K,2008,12,REG,2008_12_TB_DET,DET,TB,0,0,0,0,0,0,0,0,0,0,0,0,0,0,0,0,0,0,2,2,40,0,0,1,1,0,0,2,2,0,0,0,,0
00-0007024,Marvin Harrison,WR,2008,12,REG,2008_12_IND_SD,IND,LAC,0,0,0,0,0,0,0,0,0,0,0,0,6,0,44,0,2,0,0,0,,0,0,0,0,0,0,0,0,0,0,0,,0
00-0007091,Matt Hasselbeck,QB,2008,12,REG,2008_12_WAS_SEA,SEA,WAS,12,24,103,2,2,2,-14,2,11,0,0,0,0,0,0,0,0,0,0,0,,0,0,0,0,0,0,0,0,0,0,0,,0
00-0007213,Steve Heiden,TE,2008,12,REG,2008_12_HOU_CLE,CLE,HOU,0,0,0,0,0,0,0,0,0,0,0,0,1,0,5,0,0,0,0,0,,0,0,0,0,0,0,0,0,0,0,0,,0
00-0007308,Craig Hentrich,P,2008,12,REG,2008_12_NYJ_TEN,TEN,NYJ,0,0,0,0,0,0,0,0,0,0,0,0,0,0,0,0,0,0,0,0,,0,0,0,0,0,0,0,0,5,211,163,52,0
00-0007468,Ike Hilliard,WR,2008,12,REG,2008_12_TB_DET,TB,DET,0,0,0,0,0,0,0,0,0,0,0,0,2,0,51,1,2,0,0,0,,0,0,0,0,0,0,0,0,0,0,0,,0
00-0007681,Torry Holt,WR,2008,12,REG,2008_12_CHI_STL,LA,CHI,0,0,0,0,0,0,0,0,0,0,0,0,4,0,84,0,3,0,0,0,,0,0,0,0,0,0,0,0,0,0,0,,0
00-0008241,Edgerrin James,RB,2008,12,REG,2008_12_NYG_ARI,ARI,NYG,0,0,0,0,0,0,0,1,-1,0,0,0,0,0,0,0,0,0,0,0,,0,0,0,0,0,0,0,0,0,0,0,,0
00-0008484,Dirk Johnson,P,2008,12,REG,2008_12_NYG_ARI,ARI,NYG,0,0,0,0,0,0,0,0,0,0,0,0,0,0,0,0,0,0,0,0,,0,0,0,0,0,0,0,0,3,126,105,50,1
00-0009028,John Kasay,K,2008,12,REG,2008_12_CAR_ATL,CAR,ATL,0,0,0,0,0,0,0,0,0,0,0,0,0,0,0,0,0,0,2,2,23,0,2,0,0,0,0,2,2,0,0,0,,0
00-0009119,Reggie Kelly,TE,2008,12,REG,2008_12_CIN_PIT,CIN,PIT,0,0,0,0,0,0,0,0,0,0,0,0,3,0,41,0,1,0,0,0,,0,0,0,0,0,0,0,0,0,0,0,,0
00-0010072,Ryan Longwell,K,2008,12,REG,2008_12_MIN_JAX,MIN,JAX,0,0,0,0,0,0,0,0,0,0,0,0,0,0,0,0,0,0,3,3,54,0,1,1,0,1,0,3,3,0,0,0,,0
00-0010346,Peyton Manning,QB,2008,12,REG,2008_12_IND_SD,IND,LAC,32,44,255,2,1,1,-5,0,0,0,0,0,0,0,0,0,0,0,0,0,,0,0,0,0,0,0,0,0,0,0,0,,0
00-0010373,Olindo Mare,K,2008,12,REG,2008_12_WAS_SEA,SEA,WAS,0,0,0,0,0,0,0,0,0,0,0,0,0,0,0,0,0,0,1,2,45,0,0,0,1,0,0,2,2,0,0,0,,0
00-0010500,Derrick Mason,WR,2008,12,REG,2008_12_PHI_BAL,BAL,PHI,0,0,0,0,0,0,0,0,0,0,0,0,3,0,40,0,3,0,0,0,,0,0,0,0,0,0,0,0,0,0,0,,0
00-0010609,Brad Maynard,P,2008,12,REG,2008_12_CHI_STL,CHI,LA,0,0,0,0,0,0,0,0,0,0,0,0,0,0,0,0,0,0,0,0,,0,0,0,0,0,0,0,0,5,221,189,52,1
00-0011022,Donovan McNabb,QB,2008,12,REG,2008_12_PHI_BAL,PHI,BAL,8,18,59,0,2,2,-12,1,7,0,0,0,0,0,0,0,0,0,0,0,,0,0,0,0,0,0,0,0,0,0,0,,0
00-0011236,Billy Miller,TE,2008,12,REG,2008_12_GB_NO,NO,GB,0,0,0,0,0,0,0,0,0,0,0,0,4,0,36,1,1,0,0,0,,0,0,0,0,0,0,0,0,0,0,0,,0
00-0011626,Brian Moorman,P,2008,12,REG,2008_12_BUF_KC,BUF,KC,0,0,0,0,0,0,0,0,0,0,0,0,0,0,0,0,0,0,0,0,,0,0,0,0,0,0,0,0,2,83,65,48,1
00-0011754,Randy Moss,WR,2008,12,REG,2008_12_NE_MIA,NE,MIA,0,0,0,0,0,0,0,0,0,0,0,0,8,0,125,3,7,0,0,0,,0,0,0,0,0,0,0,0,0,0,0,,0
00-0011795,Muhsin Muhammad,WR,2008,12,REG,2008_12_CAR_ATL,CAR,ATL,0,0,0,0,0,0,0,0,0,0,0,0,4,0,40,1,3,0,0,0,,0,0,0,0,0,0,0,0,0,0,0,,0
00-0011958,Lorenzo Neal,FB,2008,12,REG,2008_12_PHI_BAL,BAL,PHI,0,0,0,0,0,0,0,2,4,0,1,0,1,0,-2,0,0,0,0,0,,0,0,0,0,0,0,0,0,0,0,0,,0
00-0011970,Joe Nedney,K,2008,12,REG,2008_12_SF_DAL,SF,DAL,0,0,0,0,0,0,0,0,0,0,0,0,0,0,0,0,0,0,3,4,35,0,2,1,0,0,0,1,1,0,0,0,,0
00-0012478,Terrell Owens,WR,2008,12,REG,2008_12_SF_DAL,DAL,SF,0,0,0,0,0,0,0,0,0,0,0,0,7,0,213,1,5,0,0,0,,0,0,0,0,0,0,0,0,0,0,0,,0
00-0013694,Tony Richardson,FB,2008,12,REG,2008_12_NYJ_TEN,NYJ,TEN,0,0,0,0,0,0,0,2,15,0,1,0,0,0,0,0,0,0,0,0,,0,0,0,0,0,0,0,0,0,0,0,,0
00-0014655,Mike Sellers,TE,2008,12,REG,2008_12_WAS_SEA,WAS,SEA,0,0,0,0,0,0,0,1,5,0,0,0,4,0,30,0,2,0,0,0,,0,0,0,0,0,0,0,0,0,0,0,,0
00-0015194,Hunter Smith,P,2008,12,REG,2008_12_IND_SD,IND,LAC,0,0,0,0,0,0,0,0,0,0,0,0,0,0,0,0,0,0,0,0,,0,0,0,0,0,0,0,0,3,121,117,54,3
00-0015754,Brandon Stokley,WR,2008,12,REG,2008_12_OAK_DEN,DEN,LV,0,0,0,0,0,0,0,0,0,0,0,0,5,0,44,0,4,0,0,0,,0,0,0,0,0,0,0,0,0,0,0,,0
00-0015784,Matt Stover,K,2008,12,REG,2008_12_PHI_BAL,BAL,PHI,0,0,0,0,0,0,0,0,0,0,0,0,0,0,0,0,0,0,2,2,44,0,0,0,2,0,0,4,4,0,0,0,,0
00-0016098,Fred Taylor,RB,2008,12,REG,2008_12_MIN_JAX,JAX,MIN,0,0,0,0,0,0,0,6,20,0,1,0,1,0,7,0,0,0,0,0,,0,0,0,0,0,0,0,0,0,0,0,,0
00-0016550,Amani Toomer,WR,2008,12,REG,2008_12_NYG_ARI,NYG,ARI,0,0,0,0,0,0,0,0,0,0,0,0,4,0,30,1,1,0,0,0,,0,0,0,0,0,0,0,0,0,0,0,,0
00-0016689,Matt Turk,P,2008,12,REG,2008_12_HOU_CLE,HOU,CLE,0,0,0,0,0,0,0,0,0,0,0,0,0,0,0,0,0,0,0,0,,0,0,0,0,0,0,0,0,3,129,99,51,0
00-0016919,Adam Vinatieri,K,2008,12,REG,2008_12_IND_SD,IND,LAC,0,0,0,0,0,0,0,0,0,0,0,0,0,0,0,0,0,0,3,3,51,0,1,1,0,1,0,2,2,0,0,0,,0
00-0017162,Hines Ward,WR,2008,12,REG,2008_12_CIN_PIT,PIT,CIN,0,0,0,0,0,0,0,0,0,0,0,0,1,0,37,0,1,0,0,0,,0,0,0,0,0,0,0,0,0,0,0,,0
00-0017200,Kurt Warner,QB,2008,12,REG,2008_12_NYG_ARI,ARI,NYG,32,52,351,1,1,1,-3,1,0,0,0,0,0,0,0,0,0,0,0,0,,0,0,0,0,0,0,0,0,0,0,0,,0
00-0017915,Ricky Williams,RB,2008,12,REG,2008_12_NE_MIA,MIA,NE,0,0,0,0,0,0,0,6,21,0,2,0,2,0,19,1,1,0,0,0,,0,0,0,0,0,0,0,0,0,0,0,,0
00-0018958,Laveranues Coles,WR,2008,12,REG,2008_12_NYJ_TEN,NYJ,TEN,0,0,0,0,0,0,0,0,0,0,0,0,7,0,88,1,6,0,0,0,,0,0,0,0,0,0,0,0,0,0,0,,0
00-0019127,Todd Yoder,TE,2008,12,REG,2008_12_WAS_SEA,WAS,SEA,0,0,0,0,0,0,0,0,0,0,0,0,1,0,4,0,0,0,0,0,,0,0,0,0,0,0,0,0,0,0,0,,0
00-0019242,Dane Looker,WR,2008,12,REG,2008_12_CHI_STL,LA,CHI,0,0,0,0,0,0,0,0,0,0,0,0,4,0,46,0,2,0,0,0,,0,0,0,0,0,0,0,0,0,0,0,,0
00-0019310,Rian Lindell,K,2008,12,REG,2008_12_BUF_KC,BUF,KC,0,0,0,0,0,0,0,0,0,0,0,0,0,0,0,0,0,0,4,4,39,0,1,3,0,0,0,6,6,0,0,0,,0
00-0019457,Anthony Becht,TE,2008,12,REG,2008_12_CHI_STL,LA,CHI,0,0,0,0,0,0,0,0,0,0,0,0,1,0,11,0,1,0,0,0,,0,0,0,0,0,0,0,0,0,0,0,,0
00-0019484,Sammy Morris,RB,2008,12,REG,2008_12_NE_MIA,NE,MIA,0,0,0,0,0,0,0,8,35,0,4,1,2,0,14,0,0,0,0,0,,0,0,0,0,0,0,0,0,0,0,0,,0
00-0019536,Shayne Graham,K,2008,12,REG,2008_12_CIN_PIT,CIN,PIT,0,0,0,0,0,0,0,0,0,0,0,0,0,0,0,0,0,0,1,1,26,0,1,0,0,0,0,1,1,0,0,0,,0
00-0019559,Chad Pennington,QB,2008,12,REG,2008_12_NE_MIA,MIA,NE,24,41,341,3,1,2,-11,2,3,1,1,0,0,0,0,0,0,0,0,0,,0,0,0,0,0,0,0,0,0,0,0,,0
00-0019599,Marc Bulger,QB,2008,12,REG,2008_12_CHI_STL,LA,CHI,2,2,11,0,0,1,-8,0,0,0,0,0,0,0,0,0,0,0,0,0,,0,0,0,0,0,0,0,0,0,0,0,,0
00-0019641,Thomas Jones,RB,2008,12,REG,2008_12_NYJ_TEN,NYJ,TEN,0,0,0,0,0,0,0,27,96,0,6,0,3,0,21,1,1,0,0,0,,0,0,0,0,0,0,0,0,0,0,0,,0
00-0019646,Sebastian Janikowski,K,2008,12,REG,2008_12_OAK_DEN,LV,DEN,0,0,0,0,0,0,0,0,0,0,0,0,0,0,0,0,0,0,1,1,26,0,1,0,0,0,0,4,4,0,0,0,,0
00-0019650,Dennis Northcutt,WR,2008,12,REG,2008_12_MIN_JAX,JAX,MIN,0,0,0,0,0,0,0,0,0,0,0,0,3,0,33,0,1,0,0,0,,0,0,0,0,0,0,0,0,0,0,0,,0
00-0019663,Darrell Jackson,WR,2008,12,REG,2008_12_OAK_DEN,DEN,LV,0,0,0,0,0,0,0,0,0,0,0,0,1,0,28,0,1,0,0,0,,0,0,0,0,0,0,0,0,0,0,0,,0
00-0019676,Neil Rackers,K,2008,12,REG,2008_12_NYG_ARI,ARI,NYG,0,0,0,0,0,0,0,0,0,0,0,0,0,0,0,0,0,0,3,4,44,0,1,1,1,0,0,2,2,0,0,0,,0
00-0019693,Jamal Lewis,RB,2008,12,REG,2008_12_HOU_CLE,CLE,HOU,0,0,0,0,0,0,0,10,58,0,4,0,2,0,10,0,0,1,0,0,,0,0,0,0,0,0,0,0,0,0,0,,0
00-0019703,Jerry Porter,WR,2008,12,REG,2008_12_MIN_JAX,JAX,MIN,0,0,0,0,0,0,0,0,0,0,0,0,1,0,14,0,1,0,0,0,,0,0,0,0,0,0,0,0,0,0,0,,0
00-0019714,Shane Lechler,P,2008,12,REG,2008_12_OAK_DEN,LV,DEN,0,0,0,0,0,0,0,0,0,0,0,0,0,0,0,0,0,0,0,0,,0,0,0,0,0,0,0,0,3,176,135,59,1
00-0019770,Jay Feely,K,2008,12,REG,2008_12_NYJ_TEN,NYJ,TEN,0,0,0,0,0,0,0,0,0,0,0,0,0,0,0,0,0,0,2,2,30,0,1,1,0,0,0,4,4,0,0,0,,0
00-0019794,Aveion Cason,RB,2008,12,REG,2008_12_TB_DET,DET,TB,0,0,0,0,0,0,0,0,0,0,0,0,2,0,18,0,0,0,0,0,,0,0,0,0,0,0,0,0,0,0,0,,0
00-0019863,Dominic Rhodes,RB,2008,12,REG,2008_12_IND_SD,IND,LAC,0,0,0,0,0,0,0,7,21,0,1,0,5,0,21,1,2,0,0,0,,0,0,0,0,0,0,0,0,0,0,0,,0
00-0019921,Jason Baker,P,2008,12,REG,2008_12_CAR_ATL,CAR,ATL,0,0,0,0,0,0,0,0,0,0,0,0,0,0,0,0,0,0,0,0,,0,0,0,0,0,0,0,0,6,277,162,59,0
00-0020127,Daniel Wilcox,TE,2008,12,REG,2008_12_PHI_BAL,BAL,PHI,0,0,0,0,0,0,0,0,0,0,0,0,1,0,1,1,1,0,0,0,,0,0,0,0,0,0,0,0,0,0,0,,0
00-0020267,Nick Harris,P,2008,12,REG,2008_12_TB_DET,DET,TB,0,0,0,0,0,0,0,0,0,0,0,0,0,0,0,0,0,0,0,0,,0,0,0,0,0,0,0,0,7,277,187,52,0
00-0020268,Tony Stewart,TE,2008,12,REG,2008_12_OAK_DEN,LV,DEN,0,0,0,0,0,0,0,0,0,0,0,0,1,0,5,0,0,0,0,0,,0,0,0,0,0,0,0,0,0,0,0,,0
00-0020270,Correll Buckhalter,RB,2008,12,REG,2008_12_PHI_BAL,PHI,BAL,0,0,0,0,0,0,0,2,16,0,1,0,0,0,0,0,0,0,0,0,,0,0,0,0,0,0,0,0,0,0,0,,0
00-0020285,Alge Crumpler,TE,2008,12,REG,2008_12_NYJ_TEN,TEN,NYJ,0,0,0,0,0,0,0,0,0,0,0,0,1,0,8,0,0,0,0,0,,0,0,0,0,0,0,0,0,0,0,0,,0
00-0020332,David Martin,TE,2008,12,REG,2008_12_NE_MIA,MIA,NE,0,0,0,0,0,0,0,0,0,0,0,0,4,0,60,0,2,0,0,0,,0,0,0,0,0,0,0,0,0,0,0,,0
00-0020337,Steve Smith,WR,2008,12,REG,2008_12_CAR_ATL,CAR,ATL,0,0,0,0,0,0,0,0,0,0,0,0,8,0,168,0,6,0,0,0,,0,0,0,0,0,0,0,0,0,0,0,,0
00-0020342,Brandon Manumaleuna,TE,2008,12,REG,2008_12_IND_SD,LAC,IND,0,0,0,0,0,0,0,0,0,0,0,0,3,0,29,0,1,0,0,0,,0,0,0,0,0,0,0,0,0,0,0,,0
00-0020381,Justin McCareins,WR,2008,12,REG,2008_12_NYJ_TEN,TEN,NYJ,0,0,0,0,0,0,0,0,0,0,0,0,4,0,43,0,3,0,0,0,,0,0,0,0,0,0,0,0,0,0,0,,0
00-0020407,Rudi Johnson,RB,2008,12,REG,2008_12_TB_DET,DET,TB,0,0,0,0,0,0,0,4,16,0,0,0,0,0,0,0,0,0,0,0,,0,0,0,0,0,0,0,0,0,0,0,,0
00-0020438,T.J. Houshmandzadeh,WR,2008,12,REG,2008_12_CIN_PIT,CIN,PIT,0,0,0,0,0,0,0,0,0,0,0,0,4,0,20,0,1,0,0,0,,0,0,0,0,0,0,0,0,0,0,0,,0
00-0020446,Chris Chambers,WR,2008,12,REG,2008_12_IND_SD,LAC,IND,0,0,0,0,0,0,0,0,0,0,0,0,6,0,61,0,3,0,0,0,,0,0,0,0,0,0,0,0,0,0,0,,0
00-0020480,Sage Rosenfels,QB,2008,12,REG,2008_12_HOU_CLE,HOU,CLE,24,32,275,1,2,1,-4,2,0,0,0,0,0,0,0,0,0,0,0,0,,0,0,0,0,0,0,0,0,0,0,0,,0
00-0020490,Koren Robinson,WR,2008,12,REG,2008_12_WAS_SEA,SEA,WAS,0,0,0,0,0,0,0,0,0,0,0,0,1,0,14,0,1,0,0,0,,0,0,0,0,0,0,0,0,0,0,0,,0
00-0020494,Santana Moss,WR,2008,12,REG,2008_12_WAS_SEA,WAS,SEA,0,0,0,0,0,0,0,0,0,0,0,0,4,0,72,0,4,0,0,0,,0,0,0,0,0,0,0,0,0,0,0,,0
00-0020498,Reggie Wayne,WR,2008,12,REG,2008_12_IND_SD,IND,LAC,0,0,0,0,0,0,0,0,0,0,0,0,2,0,34,0,1,0,0,0,,0,0,0,0,0,0,0,0,0,0,0,,0
00-0020508,Moran Norris,FB,2008,12,REG,2008_12_TB_DET,DET,TB,0,0,0,0,0,0,0,0,0,0,0,0,1,0,3,0,0,0,0,0,,0,0,0,0,0,0,0,0,0,0,0,,0
00-0020516,Todd Heap,TE,2008,12,REG,2008_12_PHI_BAL,BAL,PHI,0,0,0,0,0,0,0,0,0,0,0,0,2,1,26,0,1,0,0,0,,0,0,0,0,0,0,0,0,0,0,0,,0
00-0020527,Deuce McAllister,RB,2008,12,REG,2008_12_GB_NO,NO,GB,0,0,0,0,0,0,0,5,5,1,2,0,1,0,2,0,0,0,0,0,,0,0,0,0,0,0,0,0,0,0,0,,0
00-0020531,Drew Brees,QB,2008,12,REG,2008_12_GB_NO,NO,GB,20,26,323,4,0,1,-5,0,0,0,0,0,0,0,0,0,0,0,0,0,,0,0,0,0,0,0,0,0,0,0,0,,0
00-0020536,LaDainian Tomlinson,RB,2008,12,REG,2008_12_IND_SD,LAC,IND,0,0,0,0,0,0,0,21,84,0,5,0,3,0,30,0,1,0,0,0,,0,0,0,0,0,0,0,0,0,0,0,,0
00-0020578,Matt Bryant,K,2008,12,REG,2008_12_TB_DET,TB,DET,0,0,0,0,0,0,0,0,0,0,0,0,0,0,0,0,0,0,1,1,48,0,0,0,1,0,0,5,5,0,0,0,,0
00-0020613,Quinn Gray,QB,2008,12,REG,2008_12_BUF_KC,KC,BUF,7,8,76,1,0,0,0,1,27,0,1,0,0,0,0,0,0,0,0,0,,0,0,0,0,0,0,0,0,0,0,0,,0
00-0020679,Shaun Hill,QB,2008,12,REG,2008_12_SF_DAL,SF,DAL,21,33,303,2,1,4,-25,1,0,0,0,0,0,0,0,0,0,0,0,0,,0,0,0,0,0,0,0,0,0,0,0,,0
00-0020737,Jeff Reed,K,2008,12,REG,2008_12_CIN_PIT,PIT,CIN,0,0,0,0,0,0,0,0,0,0,0,0,0,0,0,0,0,0,2,2,38,0,0,2,0,0,0,3,3,0,0,0,,0
00-0020805,Jason McKie,RB,2008,12,REG,2008_12_CHI_STL,CHI,LA,0,0,0,0,0,0,0,0,0,0,0,0,3,0,16,1,1,1,0,0,,0,0,0,0,0,0,0,0,0,0,0,,0
00-0020962,Rob Bironas,K,2008,12,REG,2008_12_NYJ_TEN,TEN,NYJ,0,0,0,0,0,0,0,0,0,0,0,0,0,0,0,0,0,0,2,2,49,0,0,0,2,0,0,1,1,0,0,0,,0
00-0021147,Donte' Stallworth,WR,2008,12,REG,2008_12_HOU_CLE,CLE,HOU,0,0,0,0,0,0,0,0,0,0,0,0,1,0,18,0,1,0,0,0,,0,0,0,0,0,0,0,0,0,0,0,,0
00-0021148,Jeremy Shockey,TE,2008,12,REG,2008_12_GB_NO,NO,GB,0,0,0,0,0,0,0,0,0,0,0,0,5,0,57,0,3,0,0,0,,0,0,0,0,0,0,0,0,0,0,0,,0
00-0021152,Ashley Lelie,WR,2008,12,REG,2008_12_OAK_DEN,LV,DEN,0,0,0,0,0,0,0,0,0,0,0,0,4,0,92,1,4,0,0,0,,0,0,0,0,0,0,0,0,0,0,0,,0
00-0021159,Jerramy Stevens,TE,2008,12,REG,2008_12_TB_DET,TB,DET,0,0,0,0,0,0,0,0,0,0,0,0,2,0,29,1,1,0,0,0,,0,0,0,0,0,0,0,0,0,0,0,,0
00-0021163,Jabar Gaffney,WR,2008,12,REG,2008_12_NE_MIA,NE,MIA,0,0,0,0,0,0,0,0,0,0,0,0,5,0,88,0,5,0,0,0,,0,0,0,0,0,0,0,0,0,0,0,,0
00-0021164,DeShaun Foster,RB,2008,12,REG,2008_12_SF_DAL,SF,DAL,0,0,0,0,0,0,0,0,0,0,0,0,1,0,9,1,1,0,0,0,,0,0,0,0,0,0,0,0,0,0,0,,0
00-0021166,Josh Reed,WR,2008,12,REG,2008_12_BUF_KC,BUF,KC,0,0,0,0,0,0,0,0,0,0,0,0,5,0,50,1,3,0,0,0,,0,0,0,0,0,0,0,0,0,0,0,,0
00-0021175,Andre Davis,WR,2008,12,REG,2008_12_HOU_CLE,HOU,CLE,0,0,0,0,0,0,0,0,0,0,0,0,1,0,10,0,1,0,0,0,,0,0,0,0,0,0,0,0,0,0,0,,0
00-0021179,Clinton Portis,RB,2008,12,REG,2008_12_WAS_SEA,WAS,SEA,0,0,0,0,0,0,0,29,143,0,7,0,2,0,16,0,1,0,0,0,,0,0,0,0,0,0,0,0,0,0,0,,0
00-0021182,Maurice Morris,RB,2008,12,REG,2008_12_WAS_SEA,SEA,WAS,0,0,0,0,0,0,0,14,103,0,5,0,3,0,10,1,1,0,0,0,,0,0,0,0,0,0,0,0,0,0,0,,0
00-0021184,Ladell Betts,RB,2008,12,REG,2008_12_WAS_SEA,WAS,SEA,0,0,0,0,0,0,0,5,7,1,1,1,0,0,0,0,0,0,0,0,,0,0,0,0,0,0,0,0,0,0,0,,0
00-0021190,Antwaan Randle El,WR,2008,12,REG,2008_12_WAS_SEA,WAS,SEA,0,0,0,0,0,0,0,0,0,0,0,0,2,0,18,1,2,0,0,0,,0,0,0,0,0,0,0,0,0,0,0,,0
00-0021191,Antonio Bryant,WR,2008,12,REG,2008_12_TB_DET,TB,DET,0,0,0,0,0,0,0,0,0,0,0,0,4,0,48,0,3,0,0,0,,0,0,0,0,0,0,0,0,0,0,0,,0
00-0021192,Deion Branch,WR,2008,12,REG,2008_12_WAS_SEA,SEA,WAS,0,0,0,0,0,0,0,0,0,0,0,0,1,0,11,0,1,0,0,0,,0,0,0,0,0,0,0,0,0,0,0,,0
00-0021216,Brian Westbrook,RB,2008,12,REG,2008_12_PHI_BAL,PHI,BAL,0,0,0,0,0,0,0,14,39,0,2,0,2,0,-5,0,0,0,0,0,,0,0,0,0,0,0,0,0,0,0,0,,0
00-0021231,David Garrard,QB,2008,12,REG,2008_12_MIN_JAX,JAX,MIN,27,45,317,1,2,4,-31,5,11,0,1,0,0,0,0,0,0,0,0,0,,0,0,0,0,0,0,0,0,0,0,0,,0
00-0021235,Dave Zastudil,P,2008,12,REG,2008_12_HOU_CLE,CLE,HOU,0,0,0,0,0,0,0,0,0,0,0,0,0,0,0,0,0,0,0,0,,0,0,0,0,0,0,0,0,2,104,86,55,0
00-0021273,Robert Royal,TE,2008,12,REG,2008_12_BUF_KC,BUF,KC,0,0,0,0,0,0,0,0,0,0,0,0,3,0,29,0,1,0,0,0,,0,0,0,0,0,0,0,0,0,0,0,,0
00-0021306,Adrian Peterson,RB,2008,12,REG,2008_12_CHI_STL,CHI,LA,0,0,0,0,0,0,0,5,35,0,2,0,1,0,-1,0,0,0,0,0,,0,0,0,0,0,0,0,0,0,0,0,,0
00-0021314,Chester Taylor,RB,2008,12,REG,2008_12_MIN_JAX,MIN,JAX,0,0,0,0,0,0,0,9,25,1,3,0,2,0,12,0,1,0,0,0,,0,0,0,0,0,0,0,0,0,0,0,,0
00-0021337,Ronald Curry,WR,2008,12,REG,2008_12_OAK_DEN,LV,DEN,0,0,0,0,0,0,0,1,1,0,0,0,0,0,0,0,0,0,0,0,,0,0,0,0,0,0,0,0,0,0,0,,0
00-0021376,T.J. Duckett,RB,2008,12,REG,2008_12_WAS_SEA,SEA,WAS,0,0,0,0,0,0,0,1,4,0,1,0,0,0,0,0,0,0,0,0,,0,0,0,0,0,0,0,0,0,0,0,,0
00-0021500,Derrick Frost,P,2008,12,REG,2008_12_GB_NO,GB,NO,0,0,0,0,0,0,0,0,0,0,0,0,0,0,0,0,0,0,0,0,,0,0,0,0,0,0,0,0,4,134,123,48,0
00-0021525,Casey Fitzsimmons,TE,2008,12,REG,2008_12_TB_DET,DET,TB,0,0,0,0,0,0,0,0,0,0,0,0,1,0,8,0,1,0,0,0,,0,0,0,0,0,0,0,0,0,0,0,,0
00-0021547,Antonio Gates,TE,2008,12,REG,2008_12_IND_SD,LAC,IND,0,0,0,0,0,0,0,0,0,0,0,0,3,0,28,0,2,0,0,0,,0,0,0,0,0,0,0,0,0,0,0,,0
00-0021647,Jerheme Urban,WR,2008,12,REG,2008_12_NYG_ARI,ARI,NYG,0,0,0,0,0,0,0,0,0,0,0,0,5,0,69,0,3,0,0,0,,0,0,0,0,0,0,0,0,0,0,0,,0
00-0021678,Tony Romo,QB,2008,12,REG,2008_12_SF_DAL,DAL,SF,23,39,341,3,0,1,-7,4,-3,0,0,1,0,0,0,0,0,0,0,0,,0,0,0,0,0,0,0,0,0,0,0,,0
00-0021746,Glenn Pakulak,P,2008,12,REG,2008_12_GB_NO,NO,GB,0,0,0,0,0,0,0,0,0,0,0,0,0,0,0,0,0,0,0,0,,0,0,0,0,0,0,0,0,3,132,82,47,0
00-0021929,Donald Lee,TE,2008,12,REG,2008_12_GB_NO,GB,NO,0,0,0,0,0,0,0,0,0,0,0,0,1,0,8,0,0,0,0,0,,0,0,0,0,0,0,0,0,0,0,0,,0
00-0021931,Kevin Walter,WR,2008,12,REG,2008_12_HOU_CLE,HOU,CLE,0,0,0,0,0,0,0,0,0,0,0,0,7,0,93,1,5,0,0,0,,0,0,0,0,0,0,0,0,0,0,0,,0
00-0021940,Josh Brown,K,2008,12,REG,2008_12_CHI_STL,LA,CHI,0,0,0,0,0,0,0,0,0,0,0,0,0,0,0,0,0,0,1,2,43,0,0,0,1,0,0,0,0,0,0,0,,0
00-0021955,Dan Klecko,FB,2008,12,REG,2008_12_PHI_BAL,PHI,BAL,0,0,0,0,0,0,0,0,0,0,0,0,2,0,18,0,2,0,0,0,,0,0,0,0,0,0,0,0,0,0,0,,0
00-0021976,Larry Johnson,RB,2008,12,REG,2008_12_BUF_KC,KC,BUF,0,0,0,0,0,0,0,7,81,0,2,0,2,0,24,0,1,0,0,0,,0,0,0,0,0,0,0,0,0,0,0,,0
00-0021981,Shaun McDonald,WR,2008,12,REG,2008_12_TB_DET,DET,TB,0,0,0,0,0,0,0,0,0,0,0,0,2,0,21,0,1,0,0,0,,0,0,0,0,0,0,0,0,0,0,0,,0
00-0021982,Justin Gage,WR,2008,12,REG,2008_12_NYJ_TEN,TEN,NYJ,0,0,0,0,0,0,0,0,0,0,0,0,1,0,37,0,1,0,0,0,,0,0,0,0,0,0,0,0,0,0,0,,0
00-0022001,Kevin Curtis,WR,2008,12,REG,2008_12_PHI_BAL,PHI,BAL,0,0,0,0,0,0,0,0,0,0,0,0,2,0,12,0,0,0,0,0,,0,0,0,0,0,0,0,0,0,0,0,,0
00-0022003,B.J. Askew,FB,2008,12,REG,2008_12_TB_DET,TB,DET,0,0,0,0,0,0,0,1,3,0,1,0,0,0,0,0,0,0,0,0,,0,0,0,0,0,0,0,0,0,0,0,,0
00-0022017,Mike Scifres,P,2008,12,REG,2008_12_IND_SD,LAC,IND,0,0,0,0,0,0,0,0,0,0,0,0,0,0,0,0,0,0,0,0,,0,0,0,0,0,0,0,0,3,123,120,45,1
00-0022044,Andre Johnson,WR,2008,12,REG,2008_12_HOU_CLE,HOU,CLE,0,0,0,0,0,0,0,0,0,0,0,0,10,0,116,0,6,0,0,0,,0,0,0,0,0,0,0,0,0,0,0,,0
00-0022054,Visanthe Shiancoe,TE,2008,12,REG,2008_12_MIN_JAX,MIN,JAX,0,0,0,0,0,0,0,0,0,0,0,0,3,0,60,0,2,0,0,0,,0,0,0,0,0,0,0,0,0,0,0,,0
00-0022084,Anquan Boldin,WR,2008,12,REG,2008_12_NYG_ARI,ARI,NYG,0,0,0,0,0,0,0,1,-1,0,0,0,11,0,87,1,6,0,0,0,,0,0,0,0,0,0,0,0,0,0,0,,0
00-0022093,Justin Fargas,RB,2008,12,REG,2008_12_OAK_DEN,LV,DEN,0,0,0,0,0,0,0,24,107,0,4,0,1,0,8,0,0,0,0,0,,0,0,0,0,0,0,0,0,0,0,0,,0
00-0022097,Brandon Lloyd,WR,2008,12,REG,2008_12_CHI_STL,CHI,LA,0,0,0,0,0,0,0,0,0,0,0,0,1,0,3,0,0,0,0,0,,0,0,0,0,0,0,0,0,0,0,0,,0
00-0022126,L.J. Smith,TE,2008,12,REG,2008_12_PHI_BAL,PHI,BAL,0,0,0,0,0,0,0,0,0,0,0,0,1,0,3,0,0,0,0,0,,0,0,0,0,0,0,0,0,0,0,0,,0
00-0022127,Jason Witten,TE,2008,12,REG,2008_12_SF_DAL,DAL,SF,0,0,0,0,0,0,0,0,0,0,0,0,1,0,11,0,1,0,0,0,,0,0,0,0,0,0,0,0,0,0,0,,0
00-0022144,Bobby Wade,WR,2008,12,REG,2008_12_MIN_JAX,MIN,JAX,0,0,0,0,0,0,0,0,0,0,0,0,1,0,9,0,0,0,0,0,,0,0,0,0,0,0,0,0,0,0,0,,0
00-0022156,Bryant Johnson,WR,2008,12,REG,2008_12_SF_DAL,SF,DAL,0,0,0,0,0,0,0,0,0,0,0,0,4,0,56,0,3,0,0,0,,0,0,0,0,0,0,0,0,0,0,0,,0
00-0022165,Dallas Clark,TE,2008,12,REG,2008_12_IND_SD,IND,LAC,0,0,0,0,0,0,0,0,0,0,0,0,6,0,30,0,1,0,0,0,,0,0,0,0,0,0,0,0,0,0,0,,0
00-0022178,Willis McGahee,RB,2008,12,REG,2008_12_PHI_BAL,BAL,PHI,0,0,0,0,0,0,0,7,8,0,0,0,0,0,0,0,0,0,0,0,,0,0,0,0,0,0,0,0,0,0,0,,0
00-0022217,Mewelde Moore,RB,2008,12,REG,2008_12_CIN_PIT,PIT,CIN,0,0,0,0,0,0,0,15,56,0,3,0,4,0,41,0,2,0,0,0,,0,0,0,0,0,0,0,0,0,0,0,,0
00-0022250,Willie Parker,RB,2008,12,REG,2008_12_CIN_PIT,PIT,CIN,0,0,0,0,0,0,0,14,37,0,1,0,0,0,0,0,0,0,0,0,,0,0,0,0,0,0,0,0,0,0,0,,0
00-0022277,John Standeford,WR,2008,12,REG,2008_12_TB_DET,DET,TB,0,0,0,0,0,0,0,0,0,0,0,0,1,0,18,0,0,1,0,0,,0,0,0,0,0,0,0,0,0,0,0,,0
00-0022397,Vonta Leach,FB,2008,12,REG,2008_12_HOU_CLE,HOU,CLE,0,0,0,0,0,0,0,0,0,0,0,0,1,0,9,0,0,0,0,0,,0,0,0,0,0,0,0,0,0,0,0,,0
00-0022414,Malcom Floyd,WR,2008,12,REG,2008_12_IND_SD,LAC,IND,0,0,0,0,0,0,0,0,0,0,0,0,2,0,54,0,2,0,0,0,,0,0,0,0,0,0,0,0,0,0,0,,0
00-0022421,Ruvell Martin,WR,2008,12,REG,2008_12_GB_NO,GB,NO,0,0,0,0,0,0,0,0,0,0,0,0,2,0,14,1,1,0,0,0,,0,0,0,0,0,0,0,0,0,0,0,,0
00-0022427,Wes Welker,WR,2008,12,REG,2008_12_NE_MIA,NE,MIA,0,0,0,0,0,0,0,0,0,0,0,0,8,0,120,0,3,0,0,0,,0,0,0,0,0,0,0,0,0,0,0,,0
00-0022434,Carey Davis,RB,2008,12,REG,2008_12_CIN_PIT,PIT,CIN,0,0,0,0,0,0,0,1,6,0,1,0,0,0,0,0,0,0,0,0,,0,0,0,0,0,0,0,0,0,0,0,,0
00-0022555,Ben Utecht,TE,2008,12,REG,2008_12_CIN_PIT,CIN,PIT,0,0,0,0,0,0,0,0,0,0,0,0,3,0,36,0,2,0,0,0,,0,0,0,0,0,0,0,0,0,0,0,,0
00-0022589,Kyle Larson,P,2008,12,REG,2008_12_CIN_PIT,CIN,PIT,0,0,0,0,0,0,0,0,0,0,0,0,0,0,0,0,0,0,0,0,,0,0,0,0,0,0,0,0,8,293,284,43,2
00-0022684,Donnie Jones,P,2008,12,REG,2008_12_CHI_STL,LA,CHI,0,1,0,0,0,0,0,0,0,0,0,0,0,0,0,0,0,0,0,0,,0,0,0,0,0,0,0,0,5,249,223,60,0
00-0022737,Nate Kaeding,K,2008,12,REG,2008_12_IND_SD,LAC,IND,0,0,0,0,0,0,0,0,0,0,0,0,0,0,0,0,0,0,2,2,47,0,0,1,1,0,0,2,2,0,0,0,,0
00-0022738,Chris Cooley,TE,2008,12,REG,2008_12_WAS_SEA,WAS,SEA,0,0,0,0,0,0,0,0,0,0,0,0,5,0,54,0,3,0,0,0,,0,0,0,0,0,0,0,0,0,0,0,,0
00-0022739,Devard Darling,WR,2008,12,REG,2008_12_BUF_KC,KC,BUF,0,0,0,0,0,0,0,0,0,0,0,0,2,0,14,0,0,0,0,0,,0,0,0,0,0,0,0,0,0,0,0,,0
00-0022766,Patrick Crayton,WR,2008,12,REG,2008_12_SF_DAL,DAL,SF,0,0,0,0,0,0,0,0,0,0,0,0,2,0,16,1,1,0,0,0,,0,0,0,0,0,0,0,0,0,0,0,,0
00-0022770,Derrick Ward,RB,2008,12,REG,2008_12_NYG_ARI,NYG,ARI,0,0,0,0,0,0,0,20,69,1,6,0,4,0,30,0,1,0,0,0,,0,0,0,0,0,0,0,0,0,0,0,,0
00-0022781,Michael Jenkins,WR,2008,12,REG,2008_12_CAR_ATL,ATL,CAR,0,0,0,0,0,0,0,0,0,0,0,0,4,0,48,0,3,0,0,0,,0,0,0,0,0,0,0,0,0,0,0,,0
00-0022803,Eli Manning,QB,2008,12,REG,2008_12_NYG_ARI,NYG,ARI,26,33,240,3,0,1,-6,2,-2,0,0,0,0,0,0,0,0,0,0,0,,0,0,0,0,0,0,0,0,0,0,0,,0
00-0022807,Bernard Berrian,WR,2008,12,REG,2008_12_MIN_JAX,MIN,JAX,0,0,0,0,0,0,0,2,22,0,2,0,1,0,6,0,0,0,0,0,,0,0,0,0,0,0,0,0,0,0,0,,0
00-0022811,Jerricho Cotchery,WR,2008,12,REG,2008_12_NYJ_TEN,NYJ,TEN,0,0,0,0,0,0,0,1,0,0,0,0,6,0,55,0,3,0,0,0,,0,0,0,0,0,0,0,0,0,0,0,,0
00-0022821,Michael Turner,RB,2008,12,REG,2008_12_CAR_ATL,ATL,CAR,0,0,0,0,0,0,0,24,117,4,7,0,0,0,0,0,0,0,0,0,,0,0,0,0,0,0,0,0,0,0,0,,0
00-0022824,Andy Lee,P,2008,12,REG,2008_12_SF_DAL,SF,DAL,0,0,0,0,0,0,0,0,0,0,0,0,0,0,0,0,0,0,0,0,,0,0,0,0,0,0,0,0,3,150,114,54,0
00-0022840,Julius Jones,RB,2008,12,REG,2008_12_WAS_SEA,SEA,WAS,0,0,0,0,0,0,0,2,21,0,1,0,0,0,0,0,0,0,0,0,,0,0,0,0,0,0,0,0,0,0,0,,0
00-0022874,Josh Scobee,K,2008,12,REG,2008_12_MIN_JAX,JAX,MIN,0,0,0,0,0,0,0,0,0,0,0,0,0,0,0,0,0,0,1,3,21,0,1,0,0,0,0,1,1,0,0,0,,0
00-0022886,Casey Cramer,RB,2008,12,REG,2008_12_NE_MIA,MIA,NE,0,0,0,0,0,0,0,0,0,0,0,0,1,0,2,1,1,0,0,0,,0,0,0,0,0,0,0,0,0,0,0,,0
00-0022889,Reggie Williams,WR,2008,12,REG,2008_12_MIN_JAX,JAX,MIN,0,0,0,0,0,0,0,0,0,0,0,0,3,0,44,1,2,0,0,0,,0,0,0,0,0,0,0,0,0,0,0,,0
00-0022893,Tatum Bell,RB,2008,12,REG,2008_12_OAK_DEN,DEN,LV,0,0,0,0,0,0,0,6,14,0,0,0,1,0,0,0,0,0,0,0,,0,0,0,0,0,0,0,0,0,0,0,,0
00-0022909,Roy Williams,WR,2008,12,REG,2008_12_SF_DAL,DAL,SF,0,0,0,0,0,0,0,0,0,0,0,0,3,0,36,0,2,0,0,0,,0,0,0,0,0,0,0,0,0,0,0,,0
00-0022910,Lee Evans,WR,2008,12,REG,2008_12_BUF_KC,BUF,KC,0,0,0,0,0,0,0,0,0,0,0,0,5,0,110,0,4,0,0,0,,0,0,0,0,0,0,0,0,0,0,0,,0
00-0022912,J.P. Losman,QB,2008,12,REG,2008_12_BUF_KC,BUF,KC,0,0,0,0,0,0,0,3,-2,0,0,0,0,0,0,0,0,0,0,0,,0,0,0,0,0,0,0,0,0,0,0,,0
00-0022921,Larry Fitzgerald,WR,2008,12,REG,2008_12_NYG_ARI,ARI,NYG,0,0,0,0,0,0,0,0,0,0,0,0,5,0,71,0,4,0,0,0,,0,0,0,0,0,0,0,0,0,0,0,,0
00-0022922,Kellen Winslow,TE,2008,12,REG,2008_12_HOU_CLE,CLE,HOU,0,0,0,0,0,0,0,0,0,0,0,0,1,0,11,0,1,0,0,0,,0,0,0,0,0,0,0,0,0,0,0,,0
00-0022924,Ben Roethlisberger,QB,2008,12,REG,2008_12_CIN_PIT,PIT,CIN,17,30,243,1,0,0,0,3,13,1,2,0,0,0,0,0,0,0,0,0,,0,0,0,0,0,0,0,0,0,0,0,,0
00-0022926,Chris Perry,RB,2008,12,REG,2008_12_CIN_PIT,CIN,PIT,0,0,0,0,0,0,0,2,0,0,0,0,2,0,0,0,0,0,0,0,,0,0,0,0,0,0,0,0,0,0,0,,0
00-0022929,Devery Henderson,WR,2008,12,REG,2008_12_GB_NO,NO,GB,0,0,0,0,0,0,0,0,0,0,0,0,1,0,9,0,0,0,0,0,,0,0,0,0,0,0,0,0,0,0,0,,0
00-0022942,Philip Rivers,QB,2008,12,REG,2008_12_IND_SD,LAC,IND,24,31,288,2,0,2,-14,2,15,0,2,0,0,0,0,0,0,0,0,0,,0,0,0,0,0,0,0,0,0,0,0,,0
00-0022943,Benjamin Watson,TE,2008,12,REG,2008_12_NE_MIA,NE,MIA,0,0,0,0,0,0,0,0,0,0,0,0,1,0,16,0,1,0,0,0,,0,0,0,0,0,0,0,0,0,0,0,,0
00-0022984,Ryan Grant,RB,2008,12,REG,2008_12_GB_NO,GB,NO,0,0,0,0,0,0,0,18,67,0,5,0,3,0,19,0,0,0,0,0,,0,0,0,0,0,0,0,0,0,0,0,,0
00-0022999,John Kuhn,FB,2008,12,REG,2008_12_GB_NO,GB,NO,0,0,0,0,0,0,0,2,1,1,1,0,0,0,0,0,0,0,0,0,,0,0,0,0,0,0,0,0,0,0,0,,0
00-0023001,Shaun Suisham,K,2008,12,REG,2008_12_WAS_SEA,WAS,SEA,0,0,0,0,0,0,0,0,0,0,0,0,0,0,0,0,0,0,2,3,26,0,2,0,0,0,0,2,2,0,0,0,,0
00-0023060,Chris Kluwe,P,2008,12,REG,2008_12_MIN_JAX,MIN,JAX,0,0,0,0,0,0,0,1,-7,0,0,0,0,0,0,0,0,0,0,0,,0,0,0,0,0,0,0,0,3,139,98,49,2
00-0023063,Leonard Weaver,FB,2008,12,REG,2008_12_WAS_SEA,SEA,WAS,0,0,0,0,0,0,0,1,0,0,0,0,2,0,14,0,0,0,0,0,,0,0,0,0,0,0,0,0,0,0,0,,0
00-0023158,Brock Berlin,QB,2008,12,REG,2008_12_CHI_STL,LA,CHI,1,3,6,0,0,0,0,0,0,0,0,0,0,0,0,0,0,0,0,0,,0,0,0,0,0,0,0,0,0,0,0,,0
00-0023176,Josh Cribbs,WR,2008,12,REG,2008_12_HOU_CLE,CLE,HOU,0,0,0,0,0,0,0,2,6,0,0,0,0,0,0,0,0,0,0,0,,0,0,0,0,0,0,0,0,0,0,0,,0
00-0023210,Tory Humphrey,TE,2008,12,REG,2008_12_GB_NO,GB,NO,0,0,0,0,0,0,0,0,0,0,0,0,1,0,29,0,1,0,0,0,,0,0,0,0,0,0,0,0,0,0,0,,0
00-0023234,Michael Koenen,P,2008,12,REG,2008_12_CAR_ATL,ATL,CAR,0,0,0,0,0,0,0,0,0,0,0,0,0,0,0,0,0,0,0,0,,0,0,0,0,0,0,0,0,3,129,129,48,0
00-0023252,Robbie Gould,K,2008,12,REG,2008_12_CHI_STL,CHI,LA,0,0,0,0,0,0,0,0,0,0,0,0,0,0,0,0,0,0,2,2,43,0,0,1,1,0,0,3,3,0,0,0,,0
00-0023310,Lance Moore,WR,2008,12,REG,2008_12_GB_NO,NO,GB,0,1,0,0,1,0,0,0,0,0,0,0,5,0,115,2,3,0,0,0,,0,0,0,0,0,0,0,0,0,0,0,,0
00-0023367,Nate Washington,WR,2008,12,REG,2008_12_CIN_PIT,PIT,CIN,0,0,0,0,0,0,0,1,4,0,0,0,1,0,12,0,1,0,0,0,,0,0,0,0,0,0,0,0,0,0,0,,0
00-0023408,Greg Camarillo,WR,2008,12,REG,2008_12_NE_MIA,MIA,NE,0,0,0,0,0,0,0,0,0,0,0,0,6,0,75,1,5,0,0,0,,0,0,0,0,0,0,0,0,0,0,0,,0
00-0023429,Rashied Davis,WR,2008,12,REG,2008_12_CHI_STL,CHI,LA,0,0,0,0,0,0,0,1,-2,0,0,0,1,0,10,0,1,0,0,0,,0,0,0,0,0,0,0,0,0,0,0,,0
00-0023437,Ronnie Brown,RB,2008,12,REG,2008_12_NE_MIA,MIA,NE,0,0,0,0,0,0,0,10,37,0,1,0,1,0,10,0,1,0,0,0,,0,0,0,0,0,0,0,0,0,0,0,,0
00-0023438,Braylon Edwards,WR,2008,12,REG,2008_12_HOU_CLE,CLE,HOU,0,0,0,0,0,0,0,0,0,0,0,0,5,0,85,0,4,0,0,0,,0,0,0,0,0,0,0,0,0,0,0,,0
00-0023439,Cedric Benson,RB,2008,12,REG,2008_12_CIN_PIT,CIN,PIT,0,0,0,0,0,0,0,16,35,0,3,0,1,0,4,0,0,0,0,0,,0,0,0,0,0,0,0,0,0,0,0,,0
00-0023440,Cadillac Williams,RB,2008,12,REG,2008_12_TB_DET,TB,DET,0,0,0,0,0,0,0,16,27,0,2,0,0,0,0,0,0,0,0,0,,0,0,0,0,0,0,0,0,0,0,0,,0
00-0023456,Matt Jones,WR,2008,12,REG,2008_12_MIN_JAX,JAX,MIN,0,0,0,0,0,0,0,0,0,0,0,0,4,0,37,0,2,1,0,0,,0,0,0,0,0,0,0,0,0,0,0,,0
00-0023457,Mark Clayton,WR,2008,12,REG,2008_12_PHI_BAL,BAL,PHI,0,0,0,0,0,0,0,0,0,0,0,0,2,0,76,1,2,0,0,0,,0,0,0,0,0,0,0,0,0,0,0,,0
00-0023459,Aaron Rodgers,QB,2008,12,REG,2008_12_GB_NO,GB,NO,23,41,248,2,3,2,-14,8,36,1,3,0,0,0,0,0,0,0,0,0,,0,0,0,0,0,0,0,0,0,0,0,,0
00-0023460,Jason Campbell,QB,2008,12,REG,2008_12_WAS_SEA,WAS,SEA,20,33,206,1,0,2,-7,6,32,0,2,0,0,0,0,0,0,0,0,0,,0,0,0,0,0,0,0,0,0,0,0,,0
00-0023462,Roddy White,WR,2008,12,REG,2008_12_CAR_ATL,ATL,CAR,0,0,0,0,0,0,0,0,0,0,0,0,4,0,70,0,2,1,0,0,,0,0,0,0,0,0,0,0,0,0,0,,0
00-0023465,Heath Miller,TE,2008,12,REG,2008_12_CIN_PIT,PIT,CIN,0,0,0,0,0,0,0,0,0,0,0,0,4,0,44,1,2,0,0,0,,0,0,0,0,0,0,0,0,0,0,0,,0
00-0023474,Mark Bradley,WR,2008,12,REG,2008_12_BUF_KC,KC,BUF,0,0,0,0,0,0,0,0,0,0,0,0,2,0,52,1,1,0,0,0,,0,0,0,0,0,0,0,0,0,0,0,,0
00-0023479,J.J. Arrington,RB,2008,12,REG,2008_12_NYG_ARI,ARI,NYG,0,0,0,0,0,0,0,0,0,0,0,0,5,0,38,0,3,0,0,0,,0,0,0,0,0,0,0,0,0,0,0,,0
00-0023496,Vincent Jackson,WR,2008,12,REG,2008_12_IND_SD,LAC,IND,0,0,0,0,0,0,0,0,0,0,0,0,2,0,57,1,2,0,0,0,,0,0,0,0,0,0,0,0,0,0,0,,0
00-0023500,Frank Gore,RB,2008,12,REG,2008_12_SF_DAL,SF,DAL,0,0,0,0,0,0,0,14,26,0,1,0,1,0,6,0,0,0,0,0,,0,0,0,0,0,0,0,0,0,0,0,,0
00-0023518,Chris Henry,WR,2008,12,REG,2008_12_CIN_PIT,CIN,PIT,0,0,0,0,0,0,0,0,0,0,0,0,2,0,25,0,2,0,0,0,,0,0,0,0,0,0,0,0,0,0,0,,0
00-0023531,Brandon Jones,WR,2008,12,REG,2008_12_NYJ_TEN,TEN,NYJ,0,0,0,0,0,0,0,0,0,0,0,0,4,0,40,0,2,0,0,0,,0,0,0,0,0,0,0,0,0,0,0,,0
00-0023534,Dustin Colquitt,P,2008,12,REG,2008_12_BUF_KC,KC,BUF,0,0,0,0,0,0,0,0,0,0,0,0,0,0,0,0,0,0,0,0,,0,0,0,0,0,0,0,0,3,110,110,39,0
00-0023541,Kyle Orton,QB,2008,12,REG,2008_12_CHI_STL,CHI,LA,18,29,139,1,0,1,-6,1,-1,0,0,0,0,0,0,0,0,0,0,0,,0,0,0,0,0,0,0,0,0,0,0,,0
00-0023544,Marion Barber,RB,2008,12,REG,2008_12_SF_DAL,DAL,SF,0,0,0,0,0,0,0,19,59,0,3,0,7,0,50,0,1,0,0,0,,0,0,0,0,0,0,0,0,0,0,0,,0
00-0023564,Darren Sproles,RB,2008,12,REG,2008_12_IND_SD,LAC,IND,0,0,0,0,0,0,0,2,21,0,1,0,2,0,13,0,1,0,0,0,,0,0,0,0,0,0,0,0,0,0,0,,0
00-0023612,Bo Scaife,TE,2008,12,REG,2008_12_NYJ_TEN,TEN,NYJ,0,0,0,0,0,0,0,0,0,0,0,0,3,0,40,0,2,0,0,0,,0,0,0,0,0,0,0,0,0,0,0,,0
00-0023642,Reggie Hodges,P,2008,12,REG,2008_12_NYJ_TEN,NYJ,TEN,0,0,0,0,0,0,0,0,0,0,0,0,0,0,0,0,0,0,0,0,,0,0,0,0,0,0,0,0,1,50,50,50,1
00-0023645,Derek Anderson,QB,2008,12,REG,2008_12_HOU_CLE,CLE,HOU,5,14,51,0,1,0,0,1,0,0,0,1,0,0,0,0,0,0,0,0,,0,0,0,0,0,0,0,0,0,0,0,,0
00-0023662,Matt Cassel,QB,2008,12,REG,2008_12_NE_MIA,NE,MIA,30,43,415,3,1,2,-7,2,14,1,2,0,0,0,0,0,0,0,0,0,,0,0,0,0,0,0,0,0,0,0,0,,0
00-0023671,Paul Ernster,P,2008,12,REG,2008_12_CIN_PIT,PIT,CIN,0,0,0,0,0,0,0,0,0,0,0,0,0,0,0,0,0,0,0,0,,0,0,0,0,0,0,0,0,5,142,142,34,1
00-0023682,Ryan Fitzpatrick,QB,2008,12,REG,2008_12_CIN_PIT,CIN,PIT,20,37,168,1,1,1,-3,2,8,0,0,0,0,0,0,0,0,0,0,0,,0,0,0,0,0,0,0,0,0,0,0,,0
00-0023683,Madison Hedgecock,FB,2008,12,REG,2008_12_NYG_ARI,NYG,ARI,0,0,0,0,0,0,0,0,0,0,0,0,2,0,10,1,1,0,0,0,,0,0,0,0,0,0,0,0,0,0,0,,0
00-0023742,Jon Ryan,P,2008,12,REG,2008_12_WAS_SEA,SEA,WAS,0,0,0,0,0,0,0,0,0,0,0,0,0,0,0,0,0,0,0,0,,0,0,0,0,0,0,0,0,4,191,173,59,2
00-0023752,Daniel Fells,TE,2008,12,REG,2008_12_CHI_STL,LA,CHI,0,0,0,0,0,0,0,0,0,0,0,0,1,0,26,0,1,0,0,0,,0,0,0,0,0,0,0,0,0,0,0,,0
00-0023774,Naufahu Tahi,FB,2008,12,REG,2008_12_MIN_JAX,MIN,JAX,0,0,0,0,0,0,0,0,0,0,0,0,2,0,6,0,0,0,0,0,,0,0,0,0,0,0,0,0,0,0,0,,0
00-0023784,Greg Estandia,TE,2008,12,REG,2008_12_MIN_JAX,JAX,MIN,0,0,0,0,0,0,0,0,0,0,0,0,2,0,28,0,0,0,0,0,,0,0,0,0,0,0,0,0,0,0,0,,0
00-0023853,Matt Prater,K,2008,12,REG,2008_12_OAK_DEN,DEN,LV,0,0,0,0,0,0,0,0,0,0,0,0,0,0,0,0,0,0,1,3,44,0,0,0,1,0,0,1,1,0,0,0,,0
00-0024011,Mike Bell,RB,2008,12,REG,2008_12_GB_NO,NO,GB,0,0,0,0,0,0,0,6,6,0,0,0,0,0,0,0,0,0,0,0,,0,0,0,0,0,0,0,0,0,0,0,,0
00-0024013,Hank Baskett,WR,2008,12,REG,2008_12_PHI_BAL,PHI,BAL,0,0,0,0,0,0,0,0,0,0,0,0,1,0,8,0,1,0,0,0,,0,0,0,0,0,0,0,0,0,0,0,,0
00-0024172,Patrick Cobbs,RB,2008,12,REG,2008_12_NE_MIA,MIA,NE,0,0,0,0,0,0,0,1,1,0,0,0,0,0,0,0,0,0,0,0,,0,0,0,0,0,0,0,0,0,0,0,,0
00-0024174,Glenn Holt,WR,2008,12,REG,2008_12_CIN_PIT,CIN,PIT,0,0,0,0,0,0,0,0,0,0,0,0,2,0,16,1,1,0,0,0,,0,0,0,0,0,0,0,0,0,0,0,,0
00-0024204,Fred Jackson,RB,2008,12,REG,2008_12_BUF_KC,BUF,KC,0,0,0,0,0,0,0,9,56,0,2,0,2,0,20,0,1,0,0,0,,0,0,0,0,0,0,0,0,0,0,0,,0
00-0024221,Vernon Davis,TE,2008,12,REG,2008_12_SF_DAL,SF,DAL,0,0,0,0,0,0,0,0,0,0,0,0,1,0,47,0,1,0,0,0,,0,0,0,0,0,0,0,0,0,0,0,,0
00-0024226,Jay Cutler,QB,2008,12,REG,2008_12_OAK_DEN,DEN,LV,16,37,204,0,1,0,0,4,24,0,1,1,0,0,0,0,0,0,0,0,,0,0,0,0,0,0,0,0,0,0,0,,0
00-0024240,Santonio Holmes,WR,2008,12,REG,2008_12_CIN_PIT,PIT,CIN,0,0,0,0,0,0,0,0,0,0,0,0,5,0,84,0,4,0,0,0,,0,0,0,0,0,0,0,0,0,0,0,,0
00-0024242,DeAngelo Williams,RB,2008,12,REG,2008_12_CAR_ATL,CAR,ATL,0,0,0,0,0,0,0,19,101,1,5,0,2,0,19,0,2,0,0,0,,0,0,0,0,0,0,0,0,0,0,0,,0
00-0024243,Marcedes Lewis,TE,2008,12,REG,2008_12_MIN_JAX,JAX,MIN,0,0,0,0,0,0,0,0,0,0,0,0,4,0,41,0,2,0,0,0,,0,0,0,0,0,0,0,0,0,0,0,,0
00-0024245,Joseph Addai,RB,2008,12,REG,2008_12_IND_SD,IND,LAC,0,0,0,0,0,0,0,16,70,0,2,0,7,0,31,0,2,0,0,0,,0,0,0,0,0,0,0,0,0,0,0,,0
00-0024259,Sinorice Moss,WR,2008,12,REG,2008_12_NYG_ARI,NYG,ARI,0,0,0,0,0,0,0,0,0,0,0,0,2,0,20,0,1,0,0,0,,0,0,0,0,0,0,0,0,0,0,0,,0
00-0024260,LenDale White,RB,2008,12,REG,2008_12_NYJ_TEN,TEN,NYJ,0,0,0,0,0,0,0,1,-1,0,0,0,0,0,0,0,0,0,0,0,,0,0,0,0,0,0,0,0,0,0,0,,0
00-0024267,Greg Jennings,WR,2008,12,REG,2008_12_GB_NO,GB,NO,0,0,0,0,0,0,0,0,0,0,0,0,8,0,101,1,5,0,0,0,,0,0,0,0,0,0,0,0,0,0,0,,0
00-0024272,Devin Hester,WR,2008,12,REG,2008_12_CHI_STL,CHI,LA,0,0,0,0,0,0,0,2,32,0,2,0,5,0,57,0,2,0,0,0,,0,0,0,0,0,0,0,0,0,0,0,,0
00-0024275,Maurice Jones-Drew,RB,2008,12,REG,2008_12_MIN_JAX,JAX,MIN,0,0,0,0,0,0,0,3,4,0,0,0,9,0,113,0,5,0,0,0,,0,0,0,0,0,0,0,0,0,0,0,,0
00-0024276,Tony Scheffler,TE,2008,12,REG,2008_12_OAK_DEN,DEN,LV,0,0,0,0,0,0,0,0,0,0,0,0,1,0,12,0,1,0,0,0,,0,0,0,0,0,0,0,0,0,0,0,,0
00-0024294,Jerious Norwood,RB,2008,12,REG,2008_12_CAR_ATL,ATL,CAR,0,0,0,0,0,0,0,4,11,0,1,0,1,0,5,0,0,0,0,0,,0,0,0,0,0,0,0,0,0,0,0,,0
00-0024313,Owen Daniels,TE,2008,12,REG,2008_12_HOU_CLE,HOU,CLE,0,0,0,0,0,0,0,0,0,0,0,0,3,0,28,0,0,0,0,0,,0,0,0,0,0,0,0,0,0,0,0,,0
00-0024315,Michael Robinson,FB,2008,12,REG,2008_12_SF_DAL,SF,DAL,0,0,0,0,0,0,0,0,0,0,0,0,3,0,7,0,0,0,0,0,,0,0,0,0,0,0,0,0,0,0,0,,0
00-0024318,Brad Smith,WR,2008,12,REG,2008_12_NYJ_TEN,NYJ,TEN,0,0,0,0,0,0,0,0,0,0,0,0,1,0,8,0,0,0,0,0,,0,0,0,0,0,0,0,0,0,0,0,,0
00-0024324,Jason Avant,WR,2008,12,REG,2008_12_PHI_BAL,PHI,BAL,0,0,0,0,0,0,0,0,0,0,0,0,2,0,23,0,1,0,0,0,,0,0,0,0,0,0,0,0,0,0,0,,0
00-0024332,Leon Washington,RB,2008,12,REG,2008_12_NYJ_TEN,NYJ,TEN,0,0,0,0,0,0,0,8,82,2,2,0,1,0,2,0,0,1,0,0,,0,0,0,0,0,0,0,0,0,0,0,,0
00-0024333,Stephen Gostkowski,K,2008,12,REG,2008_12_NE_MIA,NE,MIA,0,0,0,0,0,0,0,0,0,0,0,0,0,0,0,0,0,0,2,2,30,0,0,2,0,0,0,6,6,0,0,0,,0
00-0024334,Brandon Marshall,WR,2008,12,REG,2008_12_OAK_DEN,DEN,LV,0,0,0,0,0,0,0,0,0,0,0,0,4,0,84,0,4,0,0,0,,0,0,0,0,0,0,0,0,0,0,0,,0
00-0024345,Domenik Hixon,WR,2008,12,REG,2008_12_NYG_ARI,NYG,ARI,0,0,0,0,0,0,0,1,11,0,1,0,6,0,57,0,2,0,0,0,,0,0,0,0,0,0,0,0,0,0,0,,0
00-0024359,Jerome Harrison,RB,2008,12,REG,2008_12_HOU_CLE,CLE,HOU,0,0,0,0,0,0,0,7,31,0,2,0,1,0,8,0,0,0,0,0,,0,0,0,0,0,0,0,0,0,0,0,,0
00-0024369,Jeff King,TE,2008,12,REG,2008_12_CAR_ATL,CAR,ATL,0,0,0,0,0,0,0,0,0,0,0,0,2,0,10,0,0,0,0,0,,0,0,0,0,0,0,0,0,0,0,0,,0
00-0024394,Lawrence Vickers,FB,2008,12,REG,2008_12_HOU_CLE,CLE,HOU,0,0,0,0,0,0,0,0,0,0,0,0,1,0,4,0,0,0,0,0,,0,0,0,0,0,0,0,0,0,0,0,,0
00-0024417,Sam Koch,P,2008,12,REG,2008_12_PHI_BAL,BAL,PHI,0,0,0,0,0,0,0,0,0,0,0,0,0,0,0,0,0,0,0,0,,0,0,0,0,0,0,0,0,8,362,312,60,3
00-0024453,Ryan Plackemeier,P,2008,12,REG,2008_12_WAS_SEA,WAS,SEA,0,0,0,0,0,0,0,0,0,0,0,0,0,0,0,0,0,0,0,0,,0,0,0,0,0,0,0,0,3,95,85,38,0
00-0024460,Quinton Ganther,RB,2008,12,REG,2008_12_NYJ_TEN,TEN,NYJ,0,0,0,0,0,0,0,0,0,0,0,0,3,0,40,0,3,0,0,0,,0,0,0,0,0,0,0,0,0,0,0,,0
00-0024465,David Anderson,WR,2008,12,REG,2008_12_HOU_CLE,HOU,CLE,0,0,0,0,0,0,0,0,0,0,0,0,1,0,11,0,1,0,0,0,,0,0,0,0,0,0,0,0,0,0,0,,0
00-0024466,Marques Colston,WR,2008,12,REG,2008_12_GB_NO,NO,GB,0,0,0,0,0,0,0,0,0,0,0,0,1,0,70,1,1,0,0,0,,0,0,0,0,0,0,0,0,0,0,0,,0
00-0024489,Ahmard Hall,FB,2008,12,REG,2008_12_NYJ_TEN,TEN,NYJ,0,0,0,0,0,0,0,0,0,0,0,0,1,0,6,1,1,0,0,0,,0,0,0,0,0,0,0,0,0,0,0,,0
00-0024515,Sav Rocca,P,2008,12,REG,2008_12_PHI_BAL,PHI,BAL,0,0,0,0,0,0,0,0,0,0,0,0,0,0,0,0,0,0,0,0,,0,0,0,0,0,0,0,0,6,291,241,56,2
00-0024535,Eric Weems,WR,2008,12,REG,2008_12_CAR_ATL,ATL,CAR,0,0,0,0,0,0,0,0,0,0,0,0,1,0,4,0,0,0,0,0,,0,0,0,0,0,0,0,0,0,0,0,,0
00-0024687,Dominique Zeigler,WR,2008,12,REG,2008_12_SF_DAL,SF,DAL,0,0,0,0,0,0,0,0,0,0,0,0,2,0,31,0,1,0,0,0,,0,0,0,0,0,0,0,0,0,0,0,,0
00-0024813,Pierre Thomas,RB,2008,12,REG,2008_12_GB_NO,NO,GB,0,0,0,0,0,0,0,15,87,2,7,0,3,0,34,0,3,0,0,0,,0,0,0,0,0,0,0,0,0,0,0,,0
00-0024846,Gary Russell,RB,2008,12,REG,2008_12_CIN_PIT,PIT,CIN,0,0,0,0,0,0,0,3,5,1,2,0,0,0,0,0,0,0,0,0,,0,0,0,0,0,0,0,0,0,0,0,,0
00-0025388,JaMarcus Russell,QB,2008,12,REG,2008_12_OAK_DEN,LV,DEN,10,11,152,1,0,0,0,3,3,0,1,0,0,0,0,0,0,0,0,0,,0,0,0,0,0,0,0,0,0,0,0,,0
00-0025389,Calvin Johnson,WR,2008,12,REG,2008_12_TB_DET,DET,TB,0,0,0,0,0,0,0,0,0,0,0,0,3,0,66,1,3,0,0,0,,0,0,0,0,0,0,0,0,0,0,0,,0
00-0025394,Adrian Peterson,RB,2008,12,REG,2008_12_MIN_JAX,MIN,JAX,0,0,0,0,0,0,0,17,80,1,3,0,0,0,0,0,0,0,0,0,,0,0,0,0,0,0,0,0,0,0,0,,0
00-0025396,Ted Ginn,WR,2008,12,REG,2008_12_NE_MIA,MIA,NE,0,0,0,0,0,0,0,0,0,0,0,0,5,0,88,0,4,0,0,0,,0,0,0,0,0,0,0,0,0,0,0,,0
00-0025399,Marshawn Lynch,RB,2008,12,REG,2008_12_BUF_KC,BUF,KC,0,0,0,0,0,0,0,20,79,1,7,0,5,0,25,0,1,0,0,0,,0,0,0,0,0,0,0,0,0,0,0,,0
00-0025409,Brady Quinn,QB,2008,12,REG,2008_12_HOU_CLE,CLE,HOU,8,18,94,0,2,0,0,0,0,0,0,0,0,0,0,0,0,0,0,0,,0,0,0,0,0,0,0,0,0,0,0,,0
00-0025410,Dwayne Bowe,WR,2008,12,REG,2008_12_BUF_KC,KC,BUF,0,0,0,0,0,0,0,0,0,0,0,0,3,0,58,1,3,0,0,0,,0,0,0,0,0,0,0,0,0,0,0,,0
00-0025419,Anthony Gonzalez,WR,2008,12,REG,2008_12_IND_SD,IND,LAC,0,0,0,0,0,0,0,0,0,0,0,0,6,0,95,1,6,0,0,0,,0,0,0,0,0,0,0,0,0,0,0,,0
00-0025423,Kevin Kolb,QB,2008,12,REG,2008_12_PHI_BAL,PHI,BAL,10,23,73,0,2,0,0,3,12,0,0,0,0,0,0,0,0,0,0,0,,0,0,0,0,0,0,0,0,0,0,0,,0
00-0025425,Zach Miller,TE,2008,12,REG,2008_12_OAK_DEN,LV,DEN,0,0,0,0,0,0,0,0,0,0,0,0,3,0,41,0,2,0,0,0,,0,0,0,0,0,0,0,0,0,0,0,,0
00-0025430,Drew Stanton,QB,2008,12,REG,2008_12_TB_DET,DET,TB,2,6,13,0,0,0,0,0,0,0,0,0,0,0,0,0,0,0,0,0,,0,0,0,0,0,0,0,0,0,0,0,,0
00-0025431,Sidney Rice,WR,2008,12,REG,2008_12_MIN_JAX,MIN,JAX,0,0,0,0,0,0,0,0,0,0,0,0,3,0,27,0,2,0,0,0,,0,0,0,0,0,0,0,0,0,0,0,,0
00-0025432,Dwayne Jarrett,WR,2008,12,REG,2008_12_CAR_ATL,CAR,ATL,0,0,0,0,0,0,0,0,0,0,0,0,2,0,15,0,1,0,0,0,,0,0,0,0,0,0,0,0,0,0,0,,0
00-0025438,Steve Smith,WR,2008,12,REG,2008_12_NYG_ARI,NYG,ARI,0,0,0,0,0,0,0,0,0,0,0,0,4,0,45,0,2,0,0,0,,0,0,0,0,0,0,0,0,0,0,0,,0
00-0025450,Brandon Jackson,RB,2008,12,REG,2008_12_GB_NO,GB,NO,0,0,0,0,0,0,0,2,5,0,2,0,1,0,13,0,1,0,0,0,,0,0,0,0,0,0,0,0,0,0,0,,0
00-0025463,Jason Hill,WR,2008,12,REG,2008_12_SF_DAL,SF,DAL,0,0,0,0,0,0,0,0,0,0,0,0,1,0,22,0,1,0,0,0,,0,0,0,0,0,0,0,0,0,0,0,,0
00-0025479,Trent Edwards,QB,2008,12,REG,2008_12_BUF_KC,BUF,KC,24,32,273,2,0,0,0,6,38,2,4,0,0,0,0,0,0,0,0,0,,0,0,0,0,0,0,0,0,0,0,0,,0
00-0025480,Garrett Wolfe,RB,2008,12,REG,2008_12_CHI_STL,CHI,LA,0,0,0,0,0,0,0,3,5,0,0,0,0,0,0,0,0,0,0,0,,0,0,0,0,0,0,0,0,0,0,0,,0
00-0025486,Johnnie Lee Higgins,WR,2008,12,REG,2008_12_OAK_DEN,LV,DEN,0,0,0,0,0,0,0,1,9,0,0,0,0,0,0,0,0,0,0,0,,0,0,0,0,0,0,0,0,0,0,0,,0
00-0025487,Michael Bush,RB,2008,12,REG,2008_12_OAK_DEN,LV,DEN,1,1,8,0,0,0,0,2,0,0,0,0,0,0,0,0,0,0,0,0,,0,0,0,0,0,0,0,0,0,0,0,,0
00-0025488,Adam Podlesh,P,2008,12,REG,2008_12_MIN_JAX,JAX,MIN,0,0,0,0,0,0,0,0,0,0,0,0,0,0,0,0,0,0,0,0,,0,0,0,0,0,0,0,0,3,123,84,50,0
00-0025494,Antonio Pittman,RB,2008,12,REG,2008_12_CHI_STL,LA,CHI,0,0,0,0,0,0,0,9,8,0,1,0,3,0,11,0,1,0,0,0,,0,0,0,0,0,0,0,0,0,0,0,,0
00-0025524,Le'Ron McClain,FB,2008,12,REG,2008_12_PHI_BAL,BAL,PHI,0,0,0,0,0,0,0,18,88,1,4,0,0,0,0,0,0,0,0,0,,0,0,0,0,0,0,0,0,0,0,0,,0
00-0025529,Steve Breaston,WR,2008,12,REG,2008_12_NYG_ARI,ARI,NYG,0,0,0,0,0,0,0,1,4,0,0,0,6,0,86,0,5,0,0,0,,0,0,0,0,0,0,0,0,0,0,0,,0
00-0025540,Kevin Boss,TE,2008,12,REG,2008_12_NYG_ARI,NYG,ARI,0,0,0,0,0,0,0,0,0,0,0,0,4,0,48,1,3,0,0,0,,0,0,0,0,0,0,0,0,0,0,0,,0
00-0025542,Dante Rosario,TE,2008,12,REG,2008_12_CAR_ATL,CAR,ATL,0,0,0,0,0,0,0,0,0,0,0,0,3,0,43,0,3,0,0,0,,0,0,0,0,0,0,0,0,0,0,0,,0
00-0025549,Brent Celek,TE,2008,12,REG,2008_12_PHI_BAL,PHI,BAL,0,0,0,0,0,0,0,0,0,0,0,0,3,0,26,0,1,0,0,0,,0,0,0,0,0,0,0,0,0,0,0,,0
00-0025565,Nick Folk,K,2008,12,REG,2008_12_SF_DAL,DAL,SF,0,0,0,0,0,0,0,0,0,0,0,0,0,0,0,0,0,0,4,4,48,0,0,0,4,0,0,3,3,0,0,0,,0
00-0025580,Mason Crosby,K,2008,12,REG,2008_12_GB_NO,GB,NO,0,0,0,0,0,0,0,0,0,0,0,0,0,0,0,0,0,0,0,0,,0,0,0,0,0,0,3,3,0,0,0,,0
00-0025584,Courtney Taylor,WR,2008,12,REG,2008_12_WAS_SEA,SEA,WAS,0,0,0,0,0,0,0,0,0,0,0,0,1,0,6,0,0,0,0,0,,0,0,0,0,0,0,0,0,0,0,0,,0
00-0025604,Tyler Thigpen,QB,2008,12,REG,2008_12_BUF_KC,KC,BUF,17,31,240,3,2,3,-13,3,29,0,2,1,0,0,0,0,0,0,0,0,,0,0,0,0,0,0,0,0,0,0,0,,0
00-0025609,Derek Schouman,TE,2008,12,REG,2008_12_BUF_KC,BUF,KC,0,0,0,0,0,0,0,0,0,0,0,0,3,0,25,1,1,0,0,0,,0,0,0,0,0,0,0,0,0,0,0,,0
00-0025612,Brandon Fields,P,2008,12,REG,2008_12_NE_MIA,MIA,NE,0,0,0,0,0,0,0,0,0,0,0,0,0,0,0,0,0,0,0,0,,0,0,0,0,0,0,0,0,4,172,152,52,2
00-0025621,Syndric Steptoe,WR,2008,12,REG,2008_12_HOU_CLE,CLE,HOU,0,0,0,0,0,0,0,0,0,0,0,0,1,0,4,0,0,0,0,0,,0,0,0,0,0,0,0,0,0,0,0,,0
00-0025622,Chansi Stuckey,WR,2008,12,REG,2008_12_NYJ_TEN,NYJ,TEN,0,0,0,0,0,0,0,0,0,0,0,0,1,0,8,0,0,0,0,0,,0,0,0,0,0,0,0,0,0,0,0,,0
00-0025631,Jason Snelling,FB,2008,12,REG,2008_12_CAR_ATL,ATL,CAR,0,0,0,0,0,0,0,0,0,0,0,0,2,0,31,0,1,0,0,0,,0,0,0,0,0,0,0,0,0,0,0,,0
00-0025633,Kenneth Darby,RB,2008,12,REG,2008_12_CHI_STL,LA,CHI,0,0,0,0,0,0,0,7,10,0,1,0,3,0,29,0,1,0,0,0,,0,0,0,0,0,0,0,0,0,0,0,,0
00-0025637,Ahmad Bradshaw,RB,2008,12,REG,2008_12_NYG_ARI,NYG,ARI,0,0,0,0,0,0,0,4,9,0,0,0,0,0,0,0,0,0,0,0,,0,0,0,0,0,0,0,0,0,0,0,,0
00-0025728,Sam Paulescu,P,2008,12,REG,2008_12_SF_DAL,DAL,SF,0,0,0,0,0,0,0,0,0,0,0,0,0,0,0,0,0,0,0,0,,0,0,0,0,0,0,0,0,4,193,144,70,1
00-0025824,Garrett Hartley,K,2008,12,REG,2008_12_GB_NO,NO,GB,0,0,0,0,0,0,0,0,0,0,0,0,0,0,0,0,0,0,1,1,30,0,0,1,0,0,0,6,6,0,0,0,,0
00-0025825,Brett Kern,P,2008,12,REG,2008_12_OAK_DEN,DEN,LV,0,0,0,0,0,0,0,0,0,0,0,0,0,0,0,0,0,0,0,0,,0,0,0,0,0,0,0,0,2,112,23,60,0
00-0025860,BenJarvus Green-Ellis,RB,2008,12,REG,2008_12_NE_MIA,NE,MIA,0,0,0,0,0,0,0,7,20,1,2,0,0,0,0,0,0,0,0,0,,0,0,0,0,0,0,0,0,0,0,0,,0
00-0025944,Steven Hauschka,K,2008,12,REG,2008_12_PHI_BAL,BAL,PHI,0,0,0,0,0,0,0,0,0,0,0,0,0,0,0,0,0,0,0,1,,0,0,0,0,0,0,0,0,0,0,0,,0
00-0026000,Davone Bess,WR,2008,12,REG,2008_12_NE_MIA,MIA,NE,0,0,0,0,0,0,0,0,0,0,0,0,5,0,87,0,4,0,0,0,,0,0,0,0,0,0,0,0,0,0,0,,0
00-0026003,Dan Carpenter,K,2008,12,REG,2008_12_NE_MIA,MIA,NE,0,0,0,0,0,0,0,0,0,0,0,0,0,0,0,0,0,0,0,0,,0,0,0,0,0,0,4,4,0,0,0,,0
00-0026033,Mike Cox,FB,2008,12,REG,2008_12_BUF_KC,KC,BUF,0,0,0,0,0,0,0,0,0,0,0,0,1,0,5,0,0,0,0,0,,0,0,0,0,0,0,0,0,0,0,0,,0
00-0026138,Connor Barth,K,2008,12,REG,2008_12_BUF_KC,KC,BUF,0,0,0,0,0,0,0,0,0,0,0,0,0,0,0,0,0,0,1,1,45,0,0,0,1,0,0,4,4,0,0,0,,0
00-0026143,Matt Ryan,QB,2008,12,REG,2008_12_CAR_ATL,ATL,CAR,17,27,259,0,0,1,0,3,2,0,1,0,0,0,0,0,0,0,0,0,,0,0,0,0,0,0,0,0,0,0,0,,0
00-0026144,Darren McFadden,RB,2008,12,REG,2008_12_OAK_DEN,LV,DEN,0,0,0,0,0,0,0,10,38,2,5,0,2,0,14,0,1,0,0,0,,0,0,0,0,0,0,0,0,0,0,0,,0
00-0026153,Jonathan Stewart,RB,2008,12,REG,2008_12_CAR_ATL,CAR,ATL,0,0,0,0,0,0,0,5,15,0,1,0,0,0,0,0,0,0,0,0,,0,0,0,0,0,0,0,0,0,0,0,,0
00-0026158,Joe Flacco,QB,2008,12,REG,2008_12_PHI_BAL,BAL,PHI,12,26,183,2,0,3,-45,5,3,0,1,0,0,0,0,0,0,0,0,0,,0,0,0,0,0,0,0,0,0,0,0,,0
00-0026164,Chris Johnson,RB,2008,12,REG,2008_12_NYJ_TEN,TEN,NYJ,0,0,0,0,0,0,0,10,46,0,1,1,3,0,15,0,1,0,0,0,,0,0,0,0,0,0,0,0,0,0,0,,0
00-0026170,Dustin Keller,TE,2008,12,REG,2008_12_NYJ_TEN,NYJ,TEN,0,0,0,0,0,0,0,0,0,0,0,0,6,0,42,0,4,0,0,0,,0,0,0,0,0,0,0,0,0,0,0,,0
00-0026173,Donnie Avery,WR,2008,12,REG,2008_12_CHI_STL,LA,CHI,0,0,0,0,0,0,0,1,-5,0,0,0,1,0,14,0,1,0,0,0,,0,0,0,0,0,0,0,0,0,0,0,,0
00-0026176,Jordy Nelson,WR,2008,12,REG,2008_12_GB_NO,GB,NO,0,0,0,0,0,0,0,0,0,0,0,0,3,0,21,0,0,0,0,0,,0,0,0,0,0,0,0,0,0,0,0,,0
00-0026178,John Carlson,TE,2008,12,REG,2008_12_WAS_SEA,SEA,WAS,0,0,0,0,0,0,0,0,0,0,0,0,2,0,14,1,1,0,0,0,,0,0,0,0,0,0,0,0,0,0,0,,0
00-0026182,Eddie Royal,WR,2008,12,REG,2008_12_OAK_DEN,DEN,LV,0,0,0,0,0,0,0,1,3,0,0,0,2,0,14,0,1,0,0,0,,0,0,0,0,0,0,0,0,0,0,0,,0
00-0026184,Matt Forte,RB,2008,12,REG,2008_12_CHI_STL,CHI,LA,0,0,0,0,0,0,0,20,132,2,7,1,2,0,14,0,1,0,0,0,,0,0,0,0,0,0,0,0,0,0,0,,0
00-0026189,DeSean Jackson,WR,2008,12,REG,2008_12_PHI_BAL,PHI,BAL,0,0,0,0,0,0,0,1,12,0,1,0,5,0,47,0,3,0,0,0,,0,0,0,0,0,0,0,0,0,0,0,,0
00-0026191,Malcolm Kelly,WR,2008,12,REG,2008_12_WAS_SEA,WAS,SEA,0,0,0,0,0,0,0,0,0,0,0,0,2,0,12,0,0,0,0,0,,0,0,0,0,0,0,0,0,0,0,0,,0
00-0026193,Limas Sweed,WR,2008,12,REG,2008_12_CIN_PIT,PIT,CIN,0,0,0,0,0,0,0,0,0,0,0,0,2,0,25,0,1,0,0,0,,0,0,0,0,0,0,0,0,0,0,0,,0
00-0026195,Ray Rice,RB,2008,12,REG,2008_12_PHI_BAL,BAL,PHI,0,0,0,0,0,0,0,8,7,0,0,0,3,0,42,0,1,0,0,0,,0,0,0,0,0,0,0,0,0,0,0,,0
00-0026201,Martellus Bennett,TE,2008,12,REG,2008_12_SF_DAL,DAL,SF,0,0,0,0,0,0,0,0,0,0,0,0,1,0,1,1,1,0,0,0,,0,0,0,0,0,0,0,0,0,0,0,,0
00-0026204,Kevin Smith,RB,2008,12,REG,2008_12_TB_DET,DET,TB,0,0,0,0,0,0,0,16,86,0,4,0,0,0,0,0,0,0,0,0,,0,0,0,0,0,0,0,0,0,0,0,,0
00-0026209,Jacob Hester,RB,2008,12,REG,2008_12_IND_SD,LAC,IND,0,0,0,0,0,0,0,0,0,0,0,0,3,0,16,1,1,0,0,0,,0,0,0,0,0,0,0,0,0,0,0,,0
00-0026213,Jamaal Charles,RB,2008,12,REG,2008_12_BUF_KC,KC,BUF,0,0,0,0,0,0,0,2,22,0,2,0,3,0,45,1,1,1,0,0,,0,0,0,0,0,0,0,0,0,0,0,,0
00-0026224,Harry Douglas,WR,2008,12,REG,2008_12_CAR_ATL,ATL,CAR,0,0,0,0,0,0,0,2,3,1,1,0,4,0,92,0,3,0,0,0,,0,0,0,0,0,0,0,0,0,0,0,,0
00-0026229,Steve Slaton,RB,2008,12,REG,2008_12_HOU_CLE,HOU,CLE,0,0,0,0,0,0,0,21,73,0,2,0,0,0,0,0,0,0,0,0,,0,0,0,0,0,0,0,0,0,0,0,,0
00-0026237,Andre Caldwell,WR,2008,12,REG,2008_12_CIN_PIT,CIN,PIT,0,0,0,0,0,0,0,0,0,0,0,0,3,0,26,0,1,0,0,0,,0,0,0,0,0,0,0,0,0,0,0,,0
00-0026245,Will Franklin,WR,2008,12,REG,2008_12_BUF_KC,KC,BUF,0,0,0,0,0,0,0,0,0,0,0,0,1,0,5,0,0,0,0,0,,0,0,0,0,0,0,0,0,0,0,0,,0
00-0026262,Tashard Choice,RB,2008,12,REG,2008_12_SF_DAL,DAL,SF,0,0,0,0,0,0,0,6,18,0,0,0,2,0,14,0,2,0,0,0,,0,0,0,0,0,0,0,0,0,0,0,,0
00-0026266,Lavelle Hawkins,WR,2008,12,REG,2008_12_NYJ_TEN,TEN,NYJ,0,0,0,0,0,0,0,0,0,0,0,0,1,0,14,0,1,0,0,0,,0,0,0,0,0,0,0,0,0,0,0,,0
00-0026268,Keenan Burton,WR,2008,12,REG,2008_12_CHI_STL,LA,CHI,0,0,0,0,0,0,0,0,0,0,0,0,2,0,15,0,0,0,0,0,,0,0,0,0,0,0,0,0,0,0,0,,0
00-0026272,Derek Fine,TE,2008,12,REG,2008_12_BUF_KC,BUF,KC,0,0,0,0,0,0,0,0,0,0,0,0,1,0,14,0,1,0,0,0,,0,0,0,0,0,0,0,0,0,0,0,,0
00-0026289,Tim Hightower,RB,2008,12,REG,2008_12_NYG_ARI,ARI,NYG,0,0,0,0,0,0,0,11,21,2,2,0,0,0,0,0,0,0,0,0,,0,0,0,0,0,0,0,0,0,0,0,,0
00-0026349,Matt Flynn,QB,2008,12,REG,2008_12_GB_NO,GB,NO,0,0,0,0,0,0,0,1,0,0,0,0,0,0,0,0,0,0,0,0,,0,0,0,0,0,0,0,0,0,0,0,,0
00-0026367,Peyton Hillis,RB,2008,12,REG,2008_12_OAK_DEN,DEN,LV,0,0,0,0,0,0,0,17,74,1,5,0,2,0,22,0,1,0,0,0,,0,0,0,0,0,0,0,0,0,0,0,,0
00-0000108,David Akers,K,2008,13,REG,2008_13_ARI_PHI,PHI,ARI,0,0,0,0,0,0,0,0,0,0,0,0,0,0,0,0,0,0,2,2,42,0,0,0,2,0,0,6,6,0,0,0,,0
00-0001157,Mitch Berger,P,2008,13,REG,2008_13_PIT_NE,PIT,NE,0,0,0,0,0,0,0,0,0,0,0,0,0,0,0,0,0,0,0,0,,0,0,0,0,0,0,0,0,3,115,115,39,0
00-0001231,Josh Bidwell,P,2008,13,REG,2008_13_NO_TB,TB,NO,0,0,0,0,0,0,0,0,0,0,0,0,0,0,0,0,0,0,0,0,,0,0,0,0,0,0,0,0,6,221,237,47,3
00-0001980,Kris Brown,K,2008,13,REG,2008_13_JAX_HOU,HOU,JAX,0,0,0,0,0,0,0,0,0,0,0,0,0,0,0,0,0,0,3,3,50,0,1,1,0,1,0,3,3,0,0,0,,0
00-0002099,Isaac Bruce,WR,2008,13,REG,2008_13_SF_BUF,SF,BUF,0,0,0,0,0,0,0,0,0,0,0,0,5,0,67,1,4,0,0,0,,0,0,0,0,0,0,0,0,0,0,0,,0
00-0002655,John Carney,K,2008,13,REG,2008_13_NYG_WAS,NYG,WAS,0,0,0,0,0,0,0,0,0,0,0,0,0,0,0,0,0,0,3,3,39,0,0,3,0,0,0,2,2,0,0,0,,0
00-0003035,Desmond Clark,TE,2008,13,REG,2008_13_CHI_MIN,CHI,MIN,0,0,0,0,0,0,0,0,0,0,0,0,1,0,9,0,0,0,0,0,,0,0,0,0,0,0,0,0,0,0,0,,0
00-0003292,Kerry Collins,QB,2008,13,REG,2008_13_TEN_DET,TEN,DET,11,18,127,0,0,1,-17,1,12,0,1,0,0,0,0,0,0,0,0,0,,0,0,0,0,0,0,0,0,0,0,0,,0
00-0003739,Daunte Culpepper,QB,2008,13,REG,2008_13_TEN_DET,DET,TEN,13,26,134,1,1,2,-4,0,0,0,0,0,0,0,0,0,0,0,0,0,,0,0,0,0,0,0,0,0,0,0,0,,0
00-0004091,Phil Dawson,K,2008,13,REG,2008_13_IND_CLE,CLE,IND,0,0,0,0,0,0,0,0,0,0,0,0,0,0,0,0,0,0,2,3,34,0,1,1,0,0,0,0,0,0,0,0,,0
00-0004161,Jake Delhomme,QB,2008,13,REG,2008_13_CAR_GB,CAR,GB,12,17,177,0,0,2,-7,2,0,1,1,0,0,0,0,0,0,0,0,0,,0,0,0,0,0,0,0,0,0,0,0,,0
00-0004541,Donald Driver,WR,2008,13,REG,2008_13_CAR_GB,GB,CAR,0,0,0,0,0,0,0,0,0,0,0,0,5,0,83,1,5,0,0,0,,0,0,0,0,0,0,0,0,0,0,0,,0
00-0004640,Warrick Dunn,RB,2008,13,REG,2008_13_NO_TB,TB,NO,0,0,0,0,0,0,0,22,74,0,1,0,0,0,0,0,0,0,0,0,,0,0,0,0,0,0,0,0,0,0,0,,0
00-0004811,Jason Elam,K,2008,13,REG,2008_13_ATL_SD,ATL,LAC,0,0,0,0,0,0,0,0,0,0,0,0,0,0,0,0,0,0,2,2,40,0,0,1,1,0,0,2,2,0,0,0,,0
00-0004915,Bobby Engram,WR,2008,13,REG,2008_13_SEA_DAL,SEA,DAL,0,0,0,0,0,0,0,0,0,0,0,0,4,0,45,0,2,0,0,0,,0,0,0,0,0,0,0,0,0,0,0,,0
00-0005091,Kevin Faulk,RB,2008,13,REG,2008_13_PIT_NE,NE,PIT,0,0,0,0,0,0,0,6,73,0,2,0,7,0,48,0,2,0,0,0,,0,0,0,0,0,0,0,0,0,0,0,,0
00-0005106,Brett Favre,QB,2008,13,REG,2008_13_DEN_NYJ,NYJ,DEN,23,43,247,0,1,2,-6,0,0,0,0,0,0,0,0,0,0,0,0,0,,0,0,0,0,0,0,0,0,0,0,0,,0
00-0005113,Jeff Feagles,P,2008,13,REG,2008_13_NYG_WAS,NYG,WAS,0,0,0,0,0,0,0,0,0,0,0,0,0,0,0,0,0,0,0,0,,0,0,0,0,0,0,0,0,4,158,138,45,0
00-0005231,Brian Finneran,WR,2008,13,REG,2008_13_ATL_SD,ATL,LAC,0,0,0,0,0,0,0,0,0,0,0,0,2,0,14,0,1,1,0,0,,0,0,0,0,0,0,0,0,0,0,0,,0
00-0005589,Gus Frerotte,QB,2008,13,REG,2008_13_CHI_MIN,MIN,CHI,16,25,210,1,1,2,-10,1,1,1,1,0,0,0,0,0,0,0,0,0,,0,0,0,0,0,0,0,0,0,0,0,,0
00-0005755,Jeff Garcia,QB,2008,13,REG,2008_13_NO_TB,TB,NO,9,23,119,1,0,4,-14,7,42,0,3,0,0,0,0,0,0,0,0,0,,0,0,0,0,0,0,0,0,0,0,0,,0
00-0006101,Tony Gonzalez,TE,2008,13,REG,2008_13_KC_OAK,KC,LV,0,0,0,0,0,0,0,0,0,0,0,0,8,0,110,0,7,0,0,0,,0,0,0,0,0,0,0,0,0,0,0,,0
00-0006799,Chris Hanson,P,2008,13,REG,2008_13_PIT_NE,NE,PIT,0,0,0,0,0,0,0,0,0,0,0,0,0,0,0,0,0,0,0,0,,0,0,0,0,0,0,0,0,4,173,124,55,2
00-0006800,Jason Hanson,K,2008,13,REG,2008_13_TEN_DET,DET,TEN,0,0,0,0,0,0,0,0,0,0,0,0,0,0,0,0,0,0,1,1,53,0,0,0,0,1,0,1,1,0,0,0,,0
00-0007024,Marvin Harrison,WR,2008,13,REG,2008_13_IND_CLE,IND,CLE,0,0,0,0,0,0,0,0,0,0,0,0,3,0,27,0,3,0,0,0,,0,0,0,0,0,0,0,0,0,0,0,,0
00-0007091,Matt Hasselbeck,QB,2008,13,REG,2008_13_SEA_DAL,SEA,DAL,22,38,287,0,1,7,-45,2,10,0,0,0,0,0,0,0,0,0,0,0,,0,0,0,0,0,0,0,0,0,0,0,,0
00-0007213,Steve Heiden,TE,2008,13,REG,2008_13_IND_CLE,CLE,IND,0,0,0,0,0,0,0,0,0,0,0,0,3,0,15,0,1,0,0,0,,0,0,0,0,0,0,0,0,0,0,0,,0
00-0007308,Craig Hentrich,P,2008,13,REG,2008_13_TEN_DET,TEN,DET,0,0,0,0,0,0,0,0,0,0,0,0,0,0,0,0,0,0,0,0,,0,0,0,0,0,0,0,0,3,143,144,59,0
00-0007681,Torry Holt,WR,2008,13,REG,2008_13_MIA_STL,LA,MIA,0,0,0,0,0,0,0,0,0,0,0,0,3,0,30,0,3,0,0,0,,0,0,0,0,0,0,0,0,0,0,0,,0
00-0008484,Dirk Johnson,P,2008,13,REG,2008_13_ARI_PHI,ARI,PHI,0,0,0,0,0,0,0,0,0,0,0,0,0,0,0,0,0,0,0,0,,0,0,0,0,0,0,0,0,4,145,134,51,0
00-0009028,John Kasay,K,2008,13,REG,2008_13_CAR_GB,CAR,GB,0,0,0,0,0,0,0,0,0,0,0,0,0,0,0,0,0,0,0,0,,0,0,0,0,0,0,5,5,0,0,0,,0
00-0009119,Reggie Kelly,TE,2008,13,REG,2008_13_BAL_CIN,CIN,BAL,0,0,0,0,0,0,0,0,0,0,0,0,1,0,8,0,0,0,0,0,,0,0,0,0,0,0,0,0,0,0,0,,0
00-0009323,Jimmy Kleinsasser,TE,2008,13,REG,2008_13_CHI_MIN,MIN,CHI,0,0,0,0,0,0,0,0,0,0,0,0,1,0,20,0,1,0,0,0,,0,0,0,0,0,0,0,0,0,0,0,,0
00-0010072,Ryan Longwell,K,2008,13,REG,2008_13_CHI_MIN,MIN,CHI,0,0,0,0,0,0,0,0,0,0,0,0,0,0,0,0,0,0,2,2,27,0,2,0,0,0,0,4,4,0,0,0,,0
00-0010346,Peyton Manning,QB,2008,13,REG,2008_13_IND_CLE,IND,CLE,15,21,125,0,2,0,0,3,-2,0,0,0,0,0,0,0,0,0,0,0,,0,0,0,0,0,0,0,0,0,0,0,,0
00-0010373,Olindo Mare,K,2008,13,REG,2008_13_SEA_DAL,SEA,DAL,0,0,0,0,0,0,0,0,0,0,0,0,0,0,0,0,0,0,3,3,44,0,1,1,1,0,0,0,0,0,0,0,,0
00-0010500,Derrick Mason,WR,2008,13,REG,2008_13_BAL_CIN,BAL,CIN,0,0,0,0,0,0,0,0,0,0,0,0,6,0,91,1,6,0,0,0,,0,0,0,0,0,0,0,0,0,0,0,,0
00-0010609,Brad Maynard,P,2008,13,REG,2008_13_CHI_MIN,CHI,MIN,0,0,0,0,0,0,0,0,0,0,0,0,0,0,0,0,0,0,0,0,,0,0,0,0,0,0,0,0,9,360,363,46,5
00-0011022,Donovan McNabb,QB,2008,13,REG,2008_13_ARI_PHI,PHI,ARI,27,39,260,4,0,1,-8,4,24,0,1,0,0,0,0,0,0,0,0,0,,0,0,0,0,0,0,0,0,0,0,0,,0
00-0011236,Billy Miller,TE,2008,13,REG,2008_13_NO_TB,NO,TB,0,0,0,0,0,0,0,0,0,0,0,0,3,0,26,0,2,0,0,0,,0,0,0,0,0,0,0,0,0,0,0,,0
00-0011626,Brian Moorman,P,2008,13,REG,2008_13_SF_BUF,BUF,SF,0,0,0,0,0,0,0,0,0,0,0,0,0,0,0,0,0,0,0,0,,0,0,0,0,0,0,0,0,3,78,75,29,1
00-0011754,Randy Moss,WR,2008,13,REG,2008_13_PIT_NE,NE,PIT,0,0,0,0,0,0,0,0,0,0,0,0,4,1,45,0,2,0,0,0,,0,0,0,0,0,0,0,0,0,0,0,,0
00-0011795,Muhsin Muhammad,WR,2008,13,REG,2008_13_CAR_GB,CAR,GB,0,0,0,0,0,0,0,0,0,0,0,0,2,0,50,0,0,1,0,0,,0,0,0,0,0,0,0,0,0,0,0,,0
00-0011958,Lorenzo Neal,FB,2008,13,REG,2008_13_BAL_CIN,BAL,CIN,0,0,0,0,0,0,0,1,1,0,0,0,1,0,4,0,0,0,0,0,,0,0,0,0,0,0,0,0,0,0,0,,0
00-0011970,Joe Nedney,K,2008,13,REG,2008_13_SF_BUF,SF,BUF,0,0,0,0,0,0,0,0,0,0,0,0,0,0,0,0,0,0,1,1,50,0,0,0,0,1,0,1,1,0,0,0,,0
00-0012478,Terrell Owens,WR,2008,13,REG,2008_13_SEA_DAL,DAL,SEA,0,0,0,0,0,0,0,0,0,0,0,0,5,0,98,1,4,0,0,0,,0,0,0,0,0,0,0,0,0,0,0,,0
00-0014655,Mike Sellers,TE,2008,13,REG,2008_13_NYG_WAS,WAS,NYG,0,0,0,0,0,0,0,0,0,0,0,0,1,0,20,0,1,0,0,0,,0,0,0,0,0,0,0,0,0,0,0,,0
00-0015194,Hunter Smith,P,2008,13,REG,2008_13_IND_CLE,IND,CLE,0,0,0,0,0,0,0,0,0,0,0,0,0,0,0,0,0,0,0,0,,0,0,0,0,0,0,0,0,2,76,76,44,0
00-0015754,Brandon Stokley,WR,2008,13,REG,2008_13_DEN_NYJ,DEN,NYJ,0,0,0,0,0,0,0,0,0,0,0,0,2,0,44,1,2,0,0,0,,0,0,0,0,0,0,0,0,0,0,0,,0
00-0015784,Matt Stover,K,2008,13,REG,2008_13_BAL_CIN,BAL,CIN,0,0,0,0,0,0,0,0,0,0,0,0,0,0,0,0,0,0,2,2,27,0,2,0,0,0,0,4,4,0,0,0,,0
00-0016098,Fred Taylor,RB,2008,13,REG,2008_13_JAX_HOU,JAX,HOU,0,0,0,0,0,0,0,9,67,1,4,0,1,0,6,0,0,0,0,0,,0,0,0,0,0,0,0,0,0,0,0,,0
00-0016440,James Thrash,WR,2008,13,REG,2008_13_NYG_WAS,WAS,NYG,0,0,0,0,0,0,0,0,0,0,0,0,1,0,4,0,0,0,0,0,,0,0,0,0,0,0,0,0,0,0,0,,0
00-0016550,Amani Toomer,WR,2008,13,REG,2008_13_NYG_WAS,NYG,WAS,0,0,0,0,0,0,0,0,0,0,0,0,5,0,85,1,3,0,0,0,,0,0,0,0,0,0,0,0,0,0,0,,0
00-0016689,Matt Turk,P,2008,13,REG,2008_13_JAX_HOU,HOU,JAX,0,1,0,0,0,0,0,0,0,0,0,0,0,0,0,0,0,0,0,0,,0,0,0,0,0,0,0,0,3,108,108,41,3
00-0016919,Adam Vinatieri,K,2008,13,REG,2008_13_IND_CLE,IND,CLE,0,0,0,0,0,0,0,0,0,0,0,0,0,0,0,0,0,0,1,2,30,0,0,1,0,0,0,1,1,0,0,0,,0
00-0017162,Hines Ward,WR,2008,13,REG,2008_13_PIT_NE,PIT,NE,0,0,0,0,0,0,0,0,0,0,0,0,5,0,37,1,3,0,0,0,,0,0,0,0,0,0,0,0,0,0,0,,0
00-0017200,Kurt Warner,QB,2008,13,REG,2008_13_ARI_PHI,ARI,PHI,21,39,235,3,3,0,0,0,0,0,0,0,0,0,0,0,0,0,0,0,,0,0,0,0,0,0,0,0,0,0,0,,0
00-0017915,Ricky Williams,RB,2008,13,REG,2008_13_MIA_STL,MIA,LA,0,0,0,0,0,0,0,12,54,0,2,0,0,0,0,0,0,0,0,0,,0,0,0,0,0,0,0,0,0,0,0,,0
00-0018958,Laveranues Coles,WR,2008,13,REG,2008_13_DEN_NYJ,NYJ,DEN,0,0,0,0,0,0,0,0,0,0,0,0,2,0,2,0,1,0,0,0,,0,0,0,0,0,0,0,0,0,0,0,,0
00-0019127,Todd Yoder,TE,2008,13,REG,2008_13_NYG_WAS,WAS,NYG,0,0,0,0,0,0,0,0,0,0,0,0,3,0,25,0,2,0,0,0,,0,0,0,0,0,0,0,0,0,0,0,,0
00-0019242,Dane Looker,WR,2008,13,REG,2008_13_MIA_STL,LA,MIA,0,0,0,0,0,0,0,0,0,0,0,0,6,0,52,0,2,0,0,0,,0,0,0,0,0,0,0,0,0,0,0,,0
00-0019310,Rian Lindell,K,2008,13,REG,2008_13_SF_BUF,BUF,SF,0,0,0,0,0,0,0,0,0,0,0,0,0,0,0,0,0,0,1,3,22,0,1,0,0,0,0,0,0,0,0,0,,0
00-0019457,Anthony Becht,TE,2008,13,REG,2008_13_MIA_STL,LA,MIA,0,0,0,0,0,0,0,0,0,0,0,0,1,0,5,0,0,0,0,0,,0,0,0,0,0,0,0,0,0,0,0,,0
00-0019484,Sammy Morris,RB,2008,13,REG,2008_13_PIT_NE,NE,PIT,0,0,0,0,0,0,0,10,45,1,4,0,1,0,12,0,0,0,0,0,,0,0,0,0,0,0,0,0,0,0,0,,0
00-0019536,Shayne Graham,K,2008,13,REG,2008_13_BAL_CIN,CIN,BAL,0,0,0,0,0,0,0,0,0,0,0,0,0,0,0,0,0,0,1,1,21,0,1,0,0,0,0,0,0,0,0,0,,0
00-0019559,Chad Pennington,QB,2008,13,REG,2008_13_MIA_STL,MIA,LA,13,23,166,0,0,0,0,3,15,0,1,0,0,0,0,0,0,0,0,0,,0,0,0,0,0,0,0,0,0,0,0,,0
00-0019599,Marc Bulger,QB,2008,13,REG,2008_13_MIA_STL,LA,MIA,16,35,149,0,3,0,0,0,0,0,0,0,0,0,0,0,0,0,0,0,,0,0,0,0,0,0,0,0,0,0,0,,0
00-0019641,Thomas Jones,RB,2008,13,REG,2008_13_DEN_NYJ,NYJ,DEN,0,0,0,0,0,0,0,16,138,2,4,0,2,0,21,0,1,0,0,0,,0,0,0,0,0,0,0,0,0,0,0,,0
00-0019646,Sebastian Janikowski,K,2008,13,REG,2008_13_KC_OAK,LV,KC,0,0,0,0,0,0,0,0,0,0,0,0,0,0,0,0,0,0,2,2,51,0,1,0,0,1,0,1,1,0,0,0,,0
00-0019650,Dennis Northcutt,WR,2008,13,REG,2008_13_JAX_HOU,JAX,HOU,0,0,0,0,0,0,0,0,0,0,0,0,2,0,21,0,1,0,0,0,,0,0,0,0,0,0,0,0,0,0,0,,0
00-0019663,Darrell Jackson,WR,2008,13,REG,2008_13_DEN_NYJ,DEN,NYJ,0,0,0,0,0,0,0,0,0,0,0,0,1,0,6,0,0,0,0,0,,0,0,0,0,0,0,0,0,0,0,0,,0
00-0019676,Neil Rackers,K,2008,13,REG,2008_13_ARI_PHI,ARI,PHI,0,0,0,0,0,0,0,0,0,0,0,0,0,0,0,0,0,0,0,0,,0,0,0,0,0,0,2,2,0,0,0,,0
00-0019693,Jamal Lewis,RB,2008,13,REG,2008_13_IND_CLE,CLE,IND,0,0,0,0,0,0,0,24,77,0,2,0,1,0,7,0,0,0,0,0,,0,0,0,0,0,0,0,0,0,0,0,,0
00-0019703,Jerry Porter,WR,2008,13,REG,2008_13_JAX_HOU,JAX,HOU,0,0,0,0,0,0,0,0,0,0,0,0,2,0,39,0,1,0,0,0,,0,0,0,0,0,0,0,0,0,0,0,,0
00-0019714,Shane Lechler,P,2008,13,REG,2008_13_KC_OAK,LV,KC,0,0,0,0,0,0,0,1,0,0,0,1,0,0,0,0,0,0,0,0,,0,0,0,0,0,0,0,0,4,173,151,57,1
00-0019770,Jay Feely,K,2008,13,REG,2008_13_DEN_NYJ,NYJ,DEN,0,0,0,0,0,0,0,0,0,0,0,0,0,0,0,0,0,0,1,1,30,0,0,1,0,0,0,2,2,0,0,0,,0
00-0019794,Aveion Cason,RB,2008,13,REG,2008_13_TEN_DET,DET,TEN,0,0,0,0,0,0,0,2,1,0,0,0,0,0,0,0,0,0,0,0,,0,0,0,0,0,0,0,0,0,0,0,,0
00-0019831,Nick Goings,RB,2008,13,REG,2008_13_CAR_GB,CAR,GB,0,0,0,0,0,0,0,0,0,0,0,0,1,0,-4,0,0,0,0,0,,0,0,0,0,0,0,0,0,0,0,0,,0
00-0019863,Dominic Rhodes,RB,2008,13,REG,2008_13_IND_CLE,IND,CLE,0,0,0,0,0,0,0,11,35,0,1,0,2,0,6,0,0,0,0,0,,0,0,0,0,0,0,0,0,0,0,0,,0
00-0019921,Jason Baker,P,2008,13,REG,2008_13_CAR_GB,CAR,GB,0,0,0,0,0,0,0,0,0,0,0,0,0,0,0,0,0,0,0,0,,0,0,0,0,0,0,0,0,6,277,254,51,3
00-0020267,Nick Harris,P,2008,13,REG,2008_13_TEN_DET,DET,TEN,0,0,0,0,0,0,0,0,0,0,0,0,0,0,0,0,0,0,0,0,,0,0,0,0,0,0,0,0,9,431,362,63,3
00-0020285,Alge Crumpler,TE,2008,13,REG,2008_13_TEN_DET,TEN,DET,0,0,0,0,0,0,0,0,0,0,0,0,2,0,22,0,1,0,0,0,,0,0,0,0,0,0,0,0,0,0,0,,0
00-0020332,David Martin,TE,2008,13,REG,2008_13_MIA_STL,MIA,LA,0,0,0,0,0,0,0,0,0,0,0,0,1,0,12,0,0,1,0,0,,0,0,0,0,0,0,0,0,0,0,0,,0
00-0020337,Steve Smith,WR,2008,13,REG,2008_13_CAR_GB,CAR,GB,0,0,0,0,0,0,0,0,0,0,0,0,4,0,105,0,2,0,0,0,,0,0,0,0,0,0,0,0,0,0,0,,0
00-0020381,Justin McCareins,WR,2008,13,REG,2008_13_TEN_DET,TEN,DET,0,0,0,0,0,0,0,0,0,0,0,0,2,0,43,0,2,0,0,0,,0,0,0,0,0,0,0,0,0,0,0,,0
00-0020397,Chad Johnson,WR,2008,13,REG,2008_13_BAL_CIN,CIN,BAL,0,0,0,0,0,0,0,0,0,0,0,0,4,0,45,0,2,0,0,0,,0,0,0,0,0,0,0,0,0,0,0,,0
00-0020438,T.J. Houshmandzadeh,WR,2008,13,REG,2008_13_BAL_CIN,CIN,BAL,0,0,0,0,0,0,0,0,0,0,0,0,4,0,64,0,1,0,0,0,,0,0,0,0,0,0,0,0,0,0,0,,0
00-0020446,Chris Chambers,WR,2008,13,REG,2008_13_ATL_SD,LAC,ATL,0,0,0,0,0,0,0,0,0,0,0,0,1,0,2,0,0,0,0,0,,0,0,0,0,0,0,0,0,0,0,0,,0
00-0020480,Sage Rosenfels,QB,2008,13,REG,2008_13_JAX_HOU,HOU,JAX,14,24,200,1,1,0,0,2,2,0,0,0,0,0,0,0,0,0,0,0,,0,0,0,0,0,0,0,0,0,0,0,,0
00-0020490,Koren Robinson,WR,2008,13,REG,2008_13_SEA_DAL,SEA,DAL,0,0,0,0,0,0,0,0,0,0,0,0,3,0,49,0,3,0,0,0,,0,0,0,0,0,0,0,0,0,0,0,,0
00-0020494,Santana Moss,WR,2008,13,REG,2008_13_NYG_WAS,WAS,NYG,0,0,0,0,0,0,0,0,0,0,0,0,4,0,55,0,2,1,0,0,,0,0,0,0,0,0,0,0,0,0,0,,0
00-0020498,Reggie Wayne,WR,2008,13,REG,2008_13_IND_CLE,IND,CLE,0,0,0,0,0,0,0,0,0,0,0,0,4,0,46,0,4,0,0,0,,0,0,0,0,0,0,0,0,0,0,0,,0
00-0020516,Todd Heap,TE,2008,13,REG,2008_13_BAL_CIN,BAL,CIN,0,0,0,0,0,0,0,0,0,0,0,0,4,0,39,1,3,0,0,0,,0,0,0,0,0,0,0,0,0,0,0,,0
00-0020527,Deuce McAllister,RB,2008,13,REG,2008_13_NO_TB,NO,TB,0,0,0,0,0,0,0,3,13,0,0,0,1,0,3,0,0,0,0,0,,0,0,0,0,0,0,0,0,0,0,0,,0
00-0020531,Drew Brees,QB,2008,13,REG,2008_13_NO_TB,NO,TB,25,47,296,2,3,1,-8,0,0,0,0,0,0,0,0,0,0,0,0,0,,0,0,0,0,0,0,0,0,0,0,0,,0
00-0020536,LaDainian Tomlinson,RB,2008,13,REG,2008_13_ATL_SD,LAC,ATL,0,0,0,0,0,0,0,14,24,1,3,0,5,0,42,0,3,0,0,0,,0,0,0,0,0,0,0,0,0,0,0,,0
00-0020578,Matt Bryant,K,2008,13,REG,2008_13_NO_TB,TB,NO,0,0,0,0,0,0,0,0,0,0,0,0,0,0,0,0,0,0,3,3,38,0,1,2,0,0,0,2,2,0,0,0,,0
00-0020679,Shaun Hill,QB,2008,13,REG,2008_13_SF_BUF,SF,BUF,14,23,161,1,0,3,-28,4,0,0,0,0,0,0,0,0,0,0,0,0,,0,0,0,0,0,0,0,0,0,0,0,,0
00-0020737,Jeff Reed,K,2008,13,REG,2008_13_PIT_NE,PIT,NE,0,0,0,0,0,0,0,0,0,0,0,0,0,0,0,0,0,0,4,5,45,0,3,0,1,0,0,3,3,0,0,0,,0
00-0020962,Rob Bironas,K,2008,13,REG,2008_13_TEN_DET,TEN,DET,0,0,0,0,0,0,0,0,0,0,0,0,0,0,0,0,0,0,4,4,49,0,0,0,4,0,0,5,5,0,0,0,,0
00-0021147,Donte' Stallworth,WR,2008,13,REG,2008_13_IND_CLE,CLE,IND,0,0,0,0,0,0,0,0,0,0,0,0,1,0,4,0,0,0,0,0,,0,0,0,0,0,0,0,0,0,0,0,,0
00-0021148,Jeremy Shockey,TE,2008,13,REG,2008_13_NO_TB,NO,TB,0,0,0,0,0,0,0,0,0,0,0,0,4,0,52,0,3,0,0,0,,0,0,0,0,0,0,0,0,0,0,0,,0
00-0021154,Daniel Graham,TE,2008,13,REG,2008_13_DEN_NYJ,DEN,NYJ,0,0,0,0,0,0,0,0,0,0,0,0,6,0,59,0,3,0,0,0,,0,0,0,0,0,0,0,0,0,0,0,,0
00-0021159,Jerramy Stevens,TE,2008,13,REG,2008_13_NO_TB,TB,NO,0,0,0,0,0,0,0,0,0,0,0,0,2,0,21,0,0,0,0,0,,0,0,0,0,0,0,0,0,0,0,0,,0
00-0021163,Jabar Gaffney,WR,2008,13,REG,2008_13_PIT_NE,NE,PIT,0,0,0,0,0,0,0,0,0,0,0,0,1,0,2,0,0,0,0,0,,0,0,0,0,0,0,0,0,0,0,0,,0
00-0021166,Josh Reed,WR,2008,13,REG,2008_13_SF_BUF,BUF,SF,0,0,0,0,0,0,0,0,0,0,0,0,5,0,58,0,2,0,0,0,,0,0,0,0,0,0,0,0,0,0,0,,0
00-0021179,Clinton Portis,RB,2008,13,REG,2008_13_NYG_WAS,WAS,NYG,0,0,0,0,0,0,0,11,22,0,0,0,1,0,15,0,1,0,0,0,,0,0,0,0,0,0,0,0,0,0,0,,0
00-0021182,Maurice Morris,RB,2008,13,REG,2008_13_SEA_DAL,SEA,DAL,0,0,0,0,0,0,0,6,10,0,1,0,3,0,23,0,1,0,0,0,,0,0,0,0,0,0,0,0,0,0,0,,0
00-0021184,Ladell Betts,RB,2008,13,REG,2008_13_NYG_WAS,WAS,NYG,0,0,0,0,0,0,0,1,3,0,1,0,4,0,22,0,0,0,0,0,,0,0,0,0,0,0,0,0,0,0,0,,0
00-0021190,Antwaan Randle El,WR,2008,13,REG,2008_13_NYG_WAS,WAS,NYG,1,1,17,0,0,0,0,0,0,0,0,0,4,0,37,0,2,0,0,0,,0,0,0,0,0,0,0,0,0,0,0,,0
00-0021191,Antonio Bryant,WR,2008,13,REG,2008_13_NO_TB,TB,NO,0,0,0,0,0,0,0,1,13,0,1,0,3,0,63,1,3,0,0,0,,0,0,0,0,0,0,0,0,0,0,0,,0
00-0021192,Deion Branch,WR,2008,13,REG,2008_13_SEA_DAL,SEA,DAL,0,0,0,0,0,0,0,0,0,0,0,0,5,0,56,0,3,0,0,0,,0,0,0,0,0,0,0,0,0,0,0,,0
00-0021213,Chris Baker,TE,2008,13,REG,2008_13_DEN_NYJ,NYJ,DEN,0,0,0,0,0,0,0,0,0,0,0,0,1,0,7,0,1,0,0,0,,0,0,0,0,0,0,0,0,0,0,0,,0
00-0021216,Brian Westbrook,RB,2008,13,REG,2008_13_ARI_PHI,PHI,ARI,0,0,0,0,0,0,0,22,110,2,7,0,3,0,20,2,2,0,0,0,,0,0,0,0,0,0,0,0,0,0,0,,0
00-0021227,Justin Peelle,TE,2008,13,REG,2008_13_ATL_SD,ATL,LAC,0,0,0,0,0,0,0,0,0,0,0,0,3,0,38,1,2,0,0,0,,0,0,0,0,0,0,0,0,0,0,0,,0
00-0021231,David Garrard,QB,2008,13,REG,2008_13_JAX_HOU,JAX,HOU,25,35,287,1,1,3,-25,5,10,0,1,0,1,0,-6,0,0,0,0,0,,0,0,0,0,0,0,0,0,0,0,0,,0
00-0021235,Dave Zastudil,P,2008,13,REG,2008_13_IND_CLE,CLE,IND,0,0,0,0,0,0,0,0,0,0,0,0,0,0,0,0,0,0,0,0,,0,0,0,0,0,0,0,0,4,202,182,60,2
00-0021255,John Owens,TE,2008,13,REG,2008_13_TEN_DET,DET,TEN,0,0,0,0,0,0,0,0,0,0,0,0,1,0,10,0,0,0,0,0,,0,0,0,0,0,0,0,0,0,0,0,,0
00-0021304,John Gilmore,TE,2008,13,REG,2008_13_NO_TB,TB,NO,0,0,0,0,0,0,0,0,0,0,0,0,1,0,6,0,0,0,0,0,,0,0,0,0,0,0,0,0,0,0,0,,0
00-0021306,Adrian Peterson,RB,2008,13,REG,2008_13_CHI_MIN,CHI,MIN,0,0,0,0,0,0,0,1,5,0,0,0,0,0,0,0,0,0,0,0,,0,0,0,0,0,0,0,0,0,0,0,,0
00-0021314,Chester Taylor,RB,2008,13,REG,2008_13_CHI_MIN,MIN,CHI,0,0,0,0,0,0,0,10,46,1,2,0,4,0,19,0,1,0,0,0,,0,0,0,0,0,0,0,0,0,0,0,,0
00-0021337,Ronald Curry,WR,2008,13,REG,2008_13_KC_OAK,LV,KC,0,0,0,0,0,0,0,0,0,0,0,0,1,0,0,0,1,0,0,0,,0,0,0,0,0,0,0,0,0,0,0,,0
00-0021376,T.J. Duckett,RB,2008,13,REG,2008_13_SEA_DAL,SEA,DAL,0,0,0,0,0,0,0,3,20,0,1,0,0,0,0,0,0,0,0,0,,0,0,0,0,0,0,0,0,0,0,0,,0
00-0021500,Derrick Frost,P,2008,13,REG,2008_13_CAR_GB,GB,CAR,0,0,0,0,0,0,0,0,0,0,0,0,0,0,0,0,0,0,0,0,,0,0,0,0,0,0,0,0,4,175,129,48,0
00-0021525,Casey Fitzsimmons,TE,2008,13,REG,2008_13_TEN_DET,DET,TEN,0,0,0,0,0,0,0,0,0,0,0,0,1,0,14,0,0,0,0,0,,0,0,0,0,0,0,0,0,0,0,0,,0
00-0021547,Antonio Gates,TE,2008,13,REG,2008_13_ATL_SD,LAC,ATL,0,0,0,0,0,0,0,0,0,0,0,0,3,0,27,0,2,0,0,0,,0,0,0,0,0,0,0,0,0,0,0,,0
00-0021647,Jerheme Urban,WR,2008,13,REG,2008_13_ARI_PHI,ARI,PHI,0,0,0,0,0,0,0,0,0,0,0,0,1,0,3,0,0,0,0,0,,0,0,0,0,0,0,0,0,0,0,0,,0
00-0021678,Tony Romo,QB,2008,13,REG,2008_13_SEA_DAL,DAL,SEA,22,34,331,3,1,0,0,2,14,0,1,0,0,0,0,0,0,0,0,0,,0,0,0,0,0,0,0,0,0,0,0,,0
00-0021746,Glenn Pakulak,P,2008,13,REG,2008_13_NO_TB,NO,TB,0,0,0,0,0,0,0,0,0,0,0,0,0,0,0,0,0,0,0,0,,0,0,0,0,0,0,0,0,5,247,165,70,0
00-0021929,Donald Lee,TE,2008,13,REG,2008_13_CAR_GB,GB,CAR,0,0,0,0,0,0,0,0,0,0,0,0,4,0,37,1,2,0,0,0,,0,0,0,0,0,0,0,0,0,0,0,,0
00-0021931,Kevin Walter,WR,2008,13,REG,2008_13_JAX_HOU,HOU,JAX,0,0,0,0,0,0,0,0,0,0,0,0,2,0,38,0,1,0,0,0,,0,0,0,0,0,0,0,0,0,0,0,,0
00-0021940,Josh Brown,K,2008,13,REG,2008_13_MIA_STL,LA,MIA,0,0,0,0,0,0,0,0,0,0,0,0,0,0,0,0,0,0,4,4,51,0,1,2,0,1,0,0,0,0,0,0,,0
00-0021976,Larry Johnson,RB,2008,13,REG,2008_13_KC_OAK,KC,LV,0,0,0,0,0,0,0,24,92,1,5,0,0,0,0,0,0,0,0,0,,0,0,0,0,0,0,0,0,0,0,0,,0
00-0021981,Shaun McDonald,WR,2008,13,REG,2008_13_TEN_DET,DET,TEN,0,0,0,0,0,0,0,0,0,0,0,0,4,0,44,0,1,1,0,0,,0,0,0,0,0,0,0,0,0,0,0,,0
00-0021982,Justin Gage,WR,2008,13,REG,2008_13_TEN_DET,TEN,DET,0,0,0,0,0,0,0,0,0,0,0,0,2,0,40,0,2,0,0,0,,0,0,0,0,0,0,0,0,0,0,0,,0
00-0022001,Kevin Curtis,WR,2008,13,REG,2008_13_ARI_PHI,PHI,ARI,0,0,0,0,0,0,0,0,0,0,0,0,5,0,59,0,3,0,0,0,,0,0,0,0,0,0,0,0,0,0,0,,0
00-0022017,Mike Scifres,P,2008,13,REG,2008_13_ATL_SD,LAC,ATL,0,0,0,0,0,0,0,0,0,0,0,0,0,0,0,0,0,0,0,0,,0,0,0,0,0,0,0,0,4,174,142,50,1
00-0022039,Ken Dorsey,QB,2008,13,REG,2008_13_IND_CLE,CLE,IND,0,3,0,0,1,0,0,0,0,0,0,0,0,0,0,0,0,0,0,0,,0,0,0,0,0,0,0,0,0,0,0,,0
00-0022044,Andre Johnson,WR,2008,13,REG,2008_13_JAX_HOU,HOU,JAX,0,0,0,0,0,0,0,0,0,0,0,0,7,0,75,1,3,0,0,0,,0,0,0,0,0,0,0,0,0,0,0,,0
00-0022054,Visanthe Shiancoe,TE,2008,13,REG,2008_13_CHI_MIN,MIN,CHI,0,0,0,0,0,0,0,0,0,0,0,0,1,0,20,0,1,0,0,0,,0,0,0,0,0,0,0,0,0,0,0,,0
00-0022084,Anquan Boldin,WR,2008,13,REG,2008_13_ARI_PHI,ARI,PHI,0,0,0,0,0,0,0,1,8,0,0,0,5,0,63,0,2,1,0,0,,0,0,0,0,0,0,0,0,0,0,0,,0
00-0022093,Justin Fargas,RB,2008,13,REG,2008_13_KC_OAK,LV,KC,0,0,0,0,0,0,0,18,82,1,5,1,1,0,3,0,0,0,0,0,,0,0,0,0,0,0,0,0,0,0,0,,0
00-0022097,Brandon Lloyd,WR,2008,13,REG,2008_13_CHI_MIN,CHI,MIN,0,0,0,0,0,0,0,0,0,0,0,0,1,0,24,0,1,0,0,0,,0,0,0,0,0,0,0,0,0,0,0,,0
00-0022126,L.J. Smith,TE,2008,13,REG,2008_13_ARI_PHI,PHI,ARI,0,0,0,0,0,0,0,0,0,0,0,0,3,0,32,0,1,0,0,0,,0,0,0,0,0,0,0,0,0,0,0,,0
00-0022127,Jason Witten,TE,2008,13,REG,2008_13_SEA_DAL,DAL,SEA,0,0,0,0,0,0,0,0,0,0,0,0,9,0,115,1,7,0,0,0,,0,0,0,0,0,0,0,0,0,0,0,,0
00-0022143,Ovie Mughelli,FB,2008,13,REG,2008_13_ATL_SD,ATL,LAC,0,0,0,0,0,0,0,3,5,0,2,0,0,0,0,0,0,0,0,0,,0,0,0,0,0,0,0,0,0,0,0,,0
00-0022144,Bobby Wade,WR,2008,13,REG,2008_13_CHI_MIN,MIN,CHI,0,0,0,0,0,0,0,0,0,0,0,0,1,0,15,0,1,0,0,0,,0,0,0,0,0,0,0,0,0,0,0,,0
00-0022156,Bryant Johnson,WR,2008,13,REG,2008_13_SF_BUF,SF,BUF,0,0,0,0,0,0,0,0,0,0,0,0,1,0,16,0,1,0,0,0,,0,0,0,0,0,0,0,0,0,0,0,,0
00-0022165,Dallas Clark,TE,2008,13,REG,2008_13_IND_CLE,IND,CLE,0,0,0,0,0,0,0,0,0,0,0,0,2,0,24,0,1,0,0,0,,0,0,0,0,0,0,0,0,0,0,0,,0
00-0022181,Drew Henson,QB,2008,13,REG,2008_13_TEN_DET,DET,TEN,1,2,20,0,0,2,-19,0,0,0,0,0,0,0,0,0,0,0,0,0,,0,0,0,0,0,0,0,0,0,0,0,,0
00-0022217,Mewelde Moore,RB,2008,13,REG,2008_13_PIT_NE,PIT,NE,0,0,0,0,0,0,0,12,67,0,4,0,2,0,9,0,0,0,0,0,,0,0,0,0,0,0,0,0,0,0,0,,0
00-0022250,Willie Parker,RB,2008,13,REG,2008_13_PIT_NE,PIT,NE,0,0,0,0,0,0,0,16,87,0,2,0,0,0,0,0,0,0,0,0,,0,0,0,0,0,0,0,0,0,0,0,,0
00-0022277,John Standeford,WR,2008,13,REG,2008_13_TEN_DET,DET,TEN,0,0,0,0,0,0,0,0,0,0,0,0,1,0,9,0,0,0,0,0,,0,0,0,0,0,0,0,0,0,0,0,,0
00-0022288,Jason Wright,RB,2008,13,REG,2008_13_IND_CLE,CLE,IND,0,0,0,0,0,0,0,2,11,0,2,0,3,0,18,0,1,0,0,0,,0,0,0,0,0,0,0,0,0,0,0,,0
00-0022405,Lousaka Polite,FB,2008,13,REG,2008_13_MIA_STL,MIA,LA,0,0,0,0,0,0,0,3,20,0,3,0,1,0,6,0,1,0,0,0,,0,0,0,0,0,0,0,0,0,0,0,,0
00-0022414,Malcom Floyd,WR,2008,13,REG,2008_13_ATL_SD,LAC,ATL,0,0,0,0,0,0,0,0,0,0,0,0,5,0,59,0,2,0,0,0,,0,0,0,0,0,0,0,0,0,0,0,,0
00-0022421,Ruvell Martin,WR,2008,13,REG,2008_13_CAR_GB,GB,CAR,0,0,0,0,0,0,0,0,0,0,0,0,4,0,32,0,2,0,0,0,,0,0,0,0,0,0,0,0,0,0,0,,0
00-0022427,Wes Welker,WR,2008,13,REG,2008_13_PIT_NE,NE,PIT,0,0,0,0,0,0,0,0,0,0,0,0,4,0,30,0,1,0,0,0,,0,0,0,0,0,0,0,0,0,0,0,,0
00-0022589,Kyle Larson,P,2008,13,REG,2008_13_BAL_CIN,CIN,BAL,0,0,0,0,0,0,0,0,0,0,0,0,0,0,0,0,0,0,0,0,,0,0,0,0,0,0,0,0,11,479,454,55,3
00-0022684,Donnie Jones,P,2008,13,REG,2008_13_MIA_STL,LA,MIA,0,0,0,0,0,0,0,0,0,0,0,0,0,0,0,0,0,0,0,0,,0,0,0,0,0,0,0,0,3,156,119,62,1
00-0022706,Michael Gaines,TE,2008,13,REG,2008_13_TEN_DET,DET,TEN,0,0,0,0,0,0,0,0,0,0,0,0,1,0,2,1,1,0,0,0,,0,0,0,0,0,0,0,0,0,0,0,,0
00-0022725,Michael Clayton,WR,2008,13,REG,2008_13_NO_TB,TB,NO,0,0,0,0,0,0,0,0,0,0,0,0,3,0,29,0,1,1,0,0,,0,0,0,0,0,0,0,0,0,0,0,,0
00-0022736,Steven Jackson,RB,2008,13,REG,2008_13_MIA_STL,LA,MIA,0,0,0,0,0,0,0,21,94,0,5,0,1,0,16,0,1,0,0,0,,0,0,0,0,0,0,0,0,0,0,0,,0
00-0022737,Nate Kaeding,K,2008,13,REG,2008_13_ATL_SD,LAC,ATL,0,0,0,0,0,0,0,0,0,0,0,0,0,0,0,0,0,0,1,2,28,0,1,0,0,0,0,1,1,0,0,0,,0
00-0022738,Chris Cooley,TE,2008,13,REG,2008_13_NYG_WAS,WAS,NYG,0,0,0,0,0,0,0,0,0,0,0,0,6,0,71,0,4,0,0,0,,0,0,0,0,0,0,0,0,0,0,0,,0
00-0022739,Devard Darling,WR,2008,13,REG,2008_13_KC_OAK,KC,LV,0,0,0,0,0,0,0,0,0,0,0,0,1,0,2,0,0,0,0,0,,0,0,0,0,0,0,0,0,0,0,0,,0
00-0022746,Jeff Dugan,TE,2008,13,REG,2008_13_CHI_MIN,MIN,CHI,0,0,0,0,0,0,0,0,0,0,0,0,1,0,3,0,1,0,0,0,,0,0,0,0,0,0,0,0,0,0,0,,0
00-0022766,Patrick Crayton,WR,2008,13,REG,2008_13_SEA_DAL,DAL,SEA,0,0,0,0,0,0,0,0,0,0,0,0,2,0,13,0,1,0,0,0,,0,0,0,0,0,0,0,0,0,0,0,,0
00-0022770,Derrick Ward,RB,2008,13,REG,2008_13_NYG_WAS,NYG,WAS,0,0,0,0,0,0,0,10,30,0,2,0,5,0,75,0,2,0,0,0,,0,0,0,0,0,0,0,0,0,0,0,,0
00-0022781,Michael Jenkins,WR,2008,13,REG,2008_13_ATL_SD,ATL,LAC,0,0,0,0,0,0,0,0,0,0,0,0,1,0,22,0,1,0,0,0,,0,0,0,0,0,0,0,0,0,0,0,,0
00-0022803,Eli Manning,QB,2008,13,REG,2008_13_NYG_WAS,NYG,WAS,21,34,305,1,1,2,-9,4,7,0,0,0,0,0,0,0,0,0,0,0,,0,0,0,0,0,0,0,0,0,0,0,,0
00-0022807,Bernard Berrian,WR,2008,13,REG,2008_13_CHI_MIN,MIN,CHI,0,0,0,0,0,0,0,0,0,0,0,0,4,0,122,1,2,0,0,0,,0,0,0,0,0,0,0,0,0,0,0,,0
00-0022811,Jerricho Cotchery,WR,2008,13,REG,2008_13_DEN_NYJ,NYJ,DEN,0,0,0,0,0,0,0,0,0,0,0,0,4,0,40,0,2,0,0,0,,0,0,0,0,0,0,0,0,0,0,0,,0
00-0022821,Michael Turner,RB,2008,13,REG,2008_13_ATL_SD,ATL,LAC,0,0,0,0,0,0,0,31,120,0,5,1,0,0,0,0,0,0,0,0,,0,0,0,0,0,0,0,0,0,0,0,,0
00-0022824,Andy Lee,P,2008,13,REG,2008_13_SF_BUF,SF,BUF,0,0,0,0,0,0,0,0,0,0,0,0,0,0,0,0,0,0,0,0,,0,0,0,0,0,0,0,0,6,284,235,58,3
00-0022840,Julius Jones,RB,2008,13,REG,2008_13_SEA_DAL,SEA,DAL,0,0,0,0,0,0,0,11,37,0,2,1,0,0,0,0,0,0,0,0,,0,0,0,0,0,0,0,0,0,0,0,,0
00-0022874,Josh Scobee,K,2008,13,REG,2008_13_JAX_HOU,JAX,HOU,0,0,0,0,0,0,0,0,0,0,0,0,0,0,0,0,0,0,1,2,29,0,1,0,0,0,0,2,2,0,0,0,,0
00-0022889,Reggie Williams,WR,2008,13,REG,2008_13_JAX_HOU,JAX,HOU,0,0,0,0,0,0,0,0,0,0,0,0,5,0,55,1,4,0,0,0,,0,0,0,0,0,0,0,0,0,0,0,,0
00-0022909,Roy Williams,WR,2008,13,REG,2008_13_SEA_DAL,DAL,SEA,0,0,0,0,0,0,0,1,13,0,1,0,2,0,51,0,2,0,0,0,,0,0,0,0,0,0,0,0,0,0,0,,0
00-0022910,Lee Evans,WR,2008,13,REG,2008_13_SF_BUF,BUF,SF,0,0,0,0,0,0,0,0,0,0,0,0,7,0,80,0,5,0,0,0,,0,0,0,0,0,0,0,0,0,0,0,,0
00-0022912,J.P. Losman,QB,2008,13,REG,2008_13_SF_BUF,BUF,SF,11,17,93,0,0,3,-11,0,0,0,0,0,0,0,0,0,0,0,0,0,,0,0,0,0,0,0,0,0,0,0,0,,0
00-0022921,Larry Fitzgerald,WR,2008,13,REG,2008_13_ARI_PHI,ARI,PHI,0,0,0,0,0,0,0,0,0,0,0,0,5,0,65,2,4,0,0,0,,0,0,0,0,0,0,0,0,0,0,0,,0
00-0022922,Kellen Winslow,TE,2008,13,REG,2008_13_IND_CLE,CLE,IND,0,0,0,0,0,0,0,0,0,0,0,0,3,0,15,0,2,0,0,0,,0,0,0,0,0,0,0,0,0,0,0,,0
00-0022924,Ben Roethlisberger,QB,2008,13,REG,2008_13_PIT_NE,PIT,NE,17,33,179,2,1,1,-7,3,6,0,1,0,0,0,0,0,0,0,0,0,,0,0,0,0,0,0,0,0,0,0,0,,0
00-0022926,Chris Perry,RB,2008,13,REG,2008_13_BAL_CIN,CIN,BAL,0,0,0,0,0,0,0,3,11,0,0,0,1,0,6,0,1,0,0,0,,0,0,0,0,0,0,0,0,0,0,0,,0
00-0022929,Devery Henderson,WR,2008,13,REG,2008_13_NO_TB,NO,TB,0,0,0,0,0,0,0,1,-3,0,0,0,2,0,33,0,2,0,0,0,,0,0,0,0,0,0,0,0,0,0,0,,0
00-0022942,Philip Rivers,QB,2008,13,REG,2008_13_ATL_SD,LAC,ATL,17,30,149,0,0,3,-18,4,18,0,1,0,0,0,0,0,0,0,0,0,,0,0,0,0,0,0,0,0,0,0,0,,0
00-0022943,Benjamin Watson,TE,2008,13,REG,2008_13_PIT_NE,NE,PIT,0,0,0,0,0,0,0,0,0,0,0,0,1,0,12,0,1,0,0,0,,0,0,0,0,0,0,0,0,0,0,0,,0
00-0022984,Ryan Grant,RB,2008,13,REG,2008_13_CAR_GB,GB,CAR,0,0,0,0,0,0,0,12,39,0,1,0,0,0,0,0,0,0,0,0,,0,0,0,0,0,0,0,0,0,0,0,,0
00-0022999,John Kuhn,FB,2008,13,REG,2008_13_CAR_GB,GB,CAR,0,0,0,0,0,0,0,1,0,0,0,0,0,0,0,0,0,0,0,0,,0,0,0,0,0,0,0,0,0,0,0,,0
00-0023001,Shaun Suisham,K,2008,13,REG,2008_13_NYG_WAS,WAS,NYG,0,0,0,0,0,0,0,0,0,0,0,0,0,0,0,0,0,0,0,1,,0,0,0,0,0,0,1,1,0,0,0,,0
00-0023060,Chris Kluwe,P,2008,13,REG,2008_13_CHI_MIN,MIN,CHI,0,0,0,0,0,0,0,0,0,0,0,0,0,0,0,0,0,0,0,0,,0,0,0,0,0,0,0,0,9,427,338,62,1
00-0023063,Leonard Weaver,FB,2008,13,REG,2008_13_SEA_DAL,SEA,DAL,0,0,0,0,0,0,0,1,3,0,1,0,1,0,9,0,1,0,0,0,,0,0,0,0,0,0,0,0,0,0,0,,0
00-0023176,Josh Cribbs,WR,2008,13,REG,2008_13_IND_CLE,CLE,IND,0,0,0,0,0,0,0,1,0,0,0,0,0,0,0,0,0,0,0,0,,0,0,0,0,0,0,0,0,0,0,0,,0
00-0023234,Michael Koenen,P,2008,13,REG,2008_13_ATL_SD,ATL,LAC,0,0,0,0,0,0,0,0,0,0,0,0,0,0,0,0,0,0,0,0,,0,0,0,0,0,0,0,0,2,106,94,55,1
00-0023251,Kyle Eckel,RB,2008,13,REG,2008_13_ARI_PHI,PHI,ARI,0,0,0,0,0,0,0,6,27,0,3,0,0,0,0,0,0,0,0,0,,0,0,0,0,0,0,0,0,0,0,0,,0
00-0023252,Robbie Gould,K,2008,13,REG,2008_13_CHI_MIN,CHI,MIN,0,0,0,0,0,0,0,0,0,0,0,0,0,0,0,0,0,0,0,0,,0,0,0,0,0,0,2,2,0,0,0,,0
00-0023310,Lance Moore,WR,2008,13,REG,2008_13_NO_TB,NO,TB,0,0,0,0,0,0,0,0,0,0,0,0,2,0,15,1,1,0,0,0,,0,0,0,0,0,0,0,0,0,0,0,,0
00-0023367,Nate Washington,WR,2008,13,REG,2008_13_PIT_NE,PIT,NE,0,0,0,0,0,0,0,0,0,0,0,0,3,0,41,0,2,0,0,0,,0,0,0,0,0,0,0,0,0,0,0,,0
00-0023429,Rashied Davis,WR,2008,13,REG,2008_13_CHI_MIN,CHI,MIN,0,0,0,0,0,0,0,0,0,0,0,0,1,0,17,0,1,0,0,0,,0,0,0,0,0,0,0,0,0,0,0,,0
00-0023437,Ronnie Brown,RB,2008,13,REG,2008_13_MIA_STL,MIA,LA,1,1,12,0,0,0,0,15,48,1,1,0,0,0,0,0,0,0,0,0,,0,0,0,0,0,0,0,0,0,0,0,,0
00-0023438,Braylon Edwards,WR,2008,13,REG,2008_13_IND_CLE,CLE,IND,0,0,0,0,0,0,0,0,0,0,0,0,2,0,36,0,2,0,0,0,,0,0,0,0,0,0,0,0,0,0,0,,0
00-0023439,Cedric Benson,RB,2008,13,REG,2008_13_BAL_CIN,CIN,BAL,0,0,0,0,0,0,0,10,17,0,0,0,2,0,1,0,0,0,0,0,,0,0,0,0,0,0,0,0,0,0,0,,0
00-0023440,Cadillac Williams,RB,2008,13,REG,2008_13_NO_TB,TB,NO,0,0,0,0,0,0,0,4,20,1,2,0,0,0,0,0,0,0,0,0,,0,0,0,0,0,0,0,0,0,0,0,,0
00-0023456,Matt Jones,WR,2008,13,REG,2008_13_JAX_HOU,JAX,HOU,0,0,0,0,0,0,0,0,0,0,0,0,8,0,104,0,5,0,0,0,,0,0,0,0,0,0,0,0,0,0,0,,0
00-0023457,Mark Clayton,WR,2008,13,REG,2008_13_BAL_CIN,BAL,CIN,1,1,32,1,0,0,0,0,0,0,0,0,5,0,164,1,4,0,0,0,,0,0,0,0,0,0,0,0,0,0,0,,0
00-0023459,Aaron Rodgers,QB,2008,13,REG,2008_13_CAR_GB,GB,CAR,29,45,298,3,1,2,-5,5,26,0,3,0,0,0,0,0,0,0,0,0,,0,0,0,0,0,0,0,0,0,0,0,,0
00-0023460,Jason Campbell,QB,2008,13,REG,2008_13_NYG_WAS,WAS,NYG,23,38,232,0,1,4,-21,5,38,0,2,0,0,0,0,0,0,0,0,0,,0,0,0,0,0,0,0,0,0,0,0,,0
00-0023462,Roddy White,WR,2008,13,REG,2008_13_ATL_SD,ATL,LAC,0,0,0,0,0,0,0,0,0,0,0,0,6,0,112,0,5,0,0,0,,0,0,0,0,0,0,0,0,0,0,0,,0
00-0023465,Heath Miller,TE,2008,13,REG,2008_13_PIT_NE,PIT,NE,0,0,0,0,0,0,0,0,0,0,0,0,4,0,60,0,4,0,0,0,,0,0,0,0,0,0,0,0,0,0,0,,0
00-0023479,J.J. Arrington,RB,2008,13,REG,2008_13_ARI_PHI,ARI,PHI,0,0,0,0,0,0,0,2,10,0,0,0,0,0,0,0,0,0,0,0,,0,0,0,0,0,0,0,0,0,0,0,,0
00-0023490,Roscoe Parrish,WR,2008,13,REG,2008_13_SF_BUF,BUF,SF,0,0,0,0,0,0,0,1,9,0,0,0,2,0,9,0,1,0,0,0,,0,0,0,0,0,0,0,0,0,0,0,,0
00-0023500,Frank Gore,RB,2008,13,REG,2008_13_SF_BUF,SF,BUF,0,0,0,0,0,0,0,24,66,0,2,1,3,0,23,0,0,0,0,0,,0,0,0,0,0,0,0,0,0,0,0,,0
00-0023512,Ryan Moats,RB,2008,13,REG,2008_13_JAX_HOU,HOU,JAX,0,0,0,0,0,0,0,2,-1,0,1,0,0,0,0,0,0,0,0,0,,0,0,0,0,0,0,0,0,0,0,0,,0
00-0023531,Brandon Jones,WR,2008,13,REG,2008_13_TEN_DET,TEN,DET,0,0,0,0,0,0,0,1,28,0,1,0,1,0,6,0,0,0,0,0,,0,0,0,0,0,0,0,0,0,0,0,,0
00-0023534,Dustin Colquitt,P,2008,13,REG,2008_13_KC_OAK,KC,LV,0,0,0,0,0,0,0,0,0,0,0,0,0,0,0,0,0,0,0,0,,0,0,0,0,0,0,0,0,5,202,182,62,1
00-0023541,Kyle Orton,QB,2008,13,REG,2008_13_CHI_MIN,CHI,MIN,11,29,153,2,3,3,-28,0,0,0,0,0,0,0,0,0,0,0,0,0,,0,0,0,0,0,0,0,0,0,0,0,,0
00-0023544,Marion Barber,RB,2008,13,REG,2008_13_SEA_DAL,DAL,SEA,0,0,0,0,0,0,0,10,32,1,2,0,1,0,13,0,1,0,0,0,,0,0,0,0,0,0,0,0,0,0,0,,0
00-0023545,Brandon Jacobs,RB,2008,13,REG,2008_13_NYG_WAS,NYG,WAS,0,0,0,0,0,0,0,21,71,1,4,0,0,0,0,0,0,0,0,0,,0,0,0,0,0,0,0,0,0,0,0,,0
00-0023612,Bo Scaife,TE,2008,13,REG,2008_13_TEN_DET,TEN,DET,0,0,0,0,0,0,0,0,0,0,0,0,1,0,8,0,0,0,0,0,,0,0,0,0,0,0,0,0,0,0,0,,0
00-0023630,Joel Dreessen,TE,2008,13,REG,2008_13_JAX_HOU,HOU,JAX,0,0,0,0,0,0,0,0,0,0,0,0,1,0,10,0,1,0,0,0,,0,0,0,0,0,0,0,0,0,0,0,,0
00-0023642,Reggie Hodges,P,2008,13,REG,2008_13_DEN_NYJ,NYJ,DEN,0,0,0,0,0,0,0,0,0,0,0,0,0,0,0,0,0,0,0,0,,0,0,0,0,0,0,0,0,4,164,164,44,2
00-0023645,Derek Anderson,QB,2008,13,REG,2008_13_IND_CLE,CLE,IND,16,26,110,0,0,3,-18,2,5,0,1,0,0,0,0,0,0,0,0,0,,0,0,0,0,0,0,0,0,0,0,0,,0
00-0023662,Matt Cassel,QB,2008,13,REG,2008_13_PIT_NE,NE,PIT,19,39,169,0,2,5,-24,2,1,0,1,0,0,0,0,0,0,0,0,0,,0,0,0,0,0,0,0,0,0,0,0,,0
00-0023682,Ryan Fitzpatrick,QB,2008,13,REG,2008_13_BAL_CIN,CIN,BAL,12,31,124,0,0,3,-22,3,29,0,2,0,0,0,0,0,0,0,0,0,,0,0,0,0,0,0,0,0,0,0,0,,0
00-0023742,Jon Ryan,P,2008,13,REG,2008_13_SEA_DAL,SEA,DAL,0,0,0,0,0,0,0,0,0,0,0,0,0,0,0,0,0,0,0,0,,0,0,0,0,0,0,0,0,7,351,296,60,2
00-0023752,Daniel Fells,TE,2008,13,REG,2008_13_MIA_STL,LA,MIA,0,0,0,0,0,0,0,0,0,0,0,0,3,0,18,0,0,0,0,0,,0,0,0,0,0,0,0,0,0,0,0,,0
00-0023774,Naufahu Tahi,FB,2008,13,REG,2008_13_CHI_MIN,MIN,CHI,0,0,0,0,0,0,0,0,0,0,0,0,1,0,4,0,0,0,0,0,,0,0,0,0,0,0,0,0,0,0,0,,0
00-0023853,Matt Prater,K,2008,13,REG,2008_13_DEN_NYJ,DEN,NYJ,0,0,0,0,0,0,0,0,0,0,0,0,0,0,0,0,0,0,2,2,35,0,1,1,0,0,0,4,4,0,0,0,,0
00-0024013,Hank Baskett,WR,2008,13,REG,2008_13_ARI_PHI,PHI,ARI,0,0,0,0,0,0,0,0,0,0,0,0,5,0,42,0,4,0,0,0,,0,0,0,0,0,0,0,0,0,0,0,,0
00-0024110,Steve Weatherford,P,2008,13,REG,2008_13_JAX_HOU,JAX,HOU,0,0,0,0,0,0,0,0,0,0,0,0,0,0,0,0,0,0,0,0,,0,0,0,0,0,0,0,0,3,121,93,46,0
00-0024158,Jason Davis,RB,2008,13,REG,2008_13_CHI_MIN,CHI,MIN,0,0,0,0,0,0,0,1,0,0,0,0,0,0,0,0,0,0,0,0,,0,0,0,0,0,0,0,0,0,0,0,,0
00-0024172,Patrick Cobbs,RB,2008,13,REG,2008_13_MIA_STL,MIA,LA,0,0,0,0,0,0,0,2,12,0,1,0,0,0,0,0,0,0,0,0,,0,0,0,0,0,0,0,0,0,0,0,,0
00-0024204,Fred Jackson,RB,2008,13,REG,2008_13_SF_BUF,BUF,SF,0,0,0,0,0,0,0,5,8,0,0,0,2,0,13,0,0,0,0,0,,0,0,0,0,0,0,0,0,0,0,0,,0
00-0024217,Reggie Bush,RB,2008,13,REG,2008_13_NO_TB,NO,TB,0,0,0,0,0,0,0,3,0,0,0,0,5,0,32,0,0,0,0,0,,0,0,0,0,0,0,0,0,0,0,0,,0
00-0024218,Vince Young,QB,2008,13,REG,2008_13_TEN_DET,TEN,DET,1,1,54,0,0,0,0,2,-2,0,0,0,0,0,0,0,0,0,0,0,,0,0,0,0,0,0,0,0,0,0,0,,0
00-0024226,Jay Cutler,QB,2008,13,REG,2008_13_DEN_NYJ,DEN,NYJ,27,43,357,2,1,0,0,3,-2,0,0,0,0,0,0,0,0,0,0,0,,0,0,0,0,0,0,0,0,0,0,0,,0
00-0024240,Santonio Holmes,WR,2008,13,REG,2008_13_PIT_NE,PIT,NE,0,0,0,0,0,0,0,0,0,0,0,0,2,0,28,1,2,0,0,0,,0,0,0,0,0,0,0,0,0,0,0,,0
00-0024242,DeAngelo Williams,RB,2008,13,REG,2008_13_CAR_GB,CAR,GB,0,0,0,0,0,0,0,21,72,4,6,0,3,0,14,0,1,0,0,0,,0,0,0,0,0,0,0,0,0,0,0,,0
00-0024243,Marcedes Lewis,TE,2008,13,REG,2008_13_JAX_HOU,JAX,HOU,0,0,0,0,0,0,0,0,0,0,0,0,2,0,37,0,2,0,0,0,,0,0,0,0,0,0,0,0,0,0,0,,0
00-0024245,Joseph Addai,RB,2008,13,REG,2008_13_IND_CLE,IND,CLE,0,0,0,0,0,0,0,15,57,0,4,1,1,0,6,0,0,0,0,0,,0,0,0,0,0,0,0,0,0,0,0,,0
00-0024251,Chad Jackson,WR,2008,13,REG,2008_13_DEN_NYJ,DEN,NYJ,0,0,0,0,0,0,0,0,0,0,0,0,1,0,19,0,1,0,0,0,,0,0,0,0,0,0,0,0,0,0,0,,0
00-0024259,Sinorice Moss,WR,2008,13,REG,2008_13_NYG_WAS,NYG,WAS,0,0,0,0,0,0,0,0,0,0,0,0,1,0,7,0,1,0,0,0,,0,0,0,0,0,0,0,0,0,0,0,,0
00-0024260,LenDale White,RB,2008,13,REG,2008_13_TEN_DET,TEN,DET,0,0,0,0,0,0,0,23,106,2,4,0,0,0,0,0,0,0,0,0,,0,0,0,0,0,0,0,0,0,0,0,,0
00-0024267,Greg Jennings,WR,2008,13,REG,2008_13_CAR_GB,GB,CAR,0,0,0,0,0,0,0,0,0,0,0,0,8,0,91,1,5,0,0,0,,0,0,0,0,0,0,0,0,0,0,0,,0
00-0024268,Anthony Fasano,TE,2008,13,REG,2008_13_MIA_STL,MIA,LA,0,0,0,0,0,0,0,0,0,0,0,0,1,0,7,0,0,0,0,0,,0,0,0,0,0,0,0,0,0,0,0,,0
00-0024272,Devin Hester,WR,2008,13,REG,2008_13_CHI_MIN,CHI,MIN,0,0,0,0,0,0,0,1,3,0,0,0,3,0,67,1,1,0,0,0,,0,0,0,0,0,0,0,0,0,0,0,,0
00-0024275,Maurice Jones-Drew,RB,2008,13,REG,2008_13_JAX_HOU,JAX,HOU,0,0,0,0,0,0,0,12,49,0,1,1,3,0,22,0,1,0,0,0,,0,0,0,0,0,0,0,0,0,0,0,,0
00-0024276,Tony Scheffler,TE,2008,13,REG,2008_13_DEN_NYJ,DEN,NYJ,0,0,0,0,0,0,0,0,0,0,0,0,7,0,90,0,3,0,0,0,,0,0,0,0,0,0,0,0,0,0,0,,0
00-0024287,Leonard Pope,TE,2008,13,REG,2008_13_ARI_PHI,ARI,PHI,0,0,0,0,0,0,0,0,0,0,0,0,1,0,25,0,1,0,0,0,,0,0,0,0,0,0,0,0,0,0,0,,0
00-0024294,Jerious Norwood,RB,2008,13,REG,2008_13_ATL_SD,ATL,LAC,0,0,0,0,0,0,0,4,18,0,1,0,2,0,8,0,0,0,0,0,,0,0,0,0,0,0,0,0,0,0,0,,0
00-0024313,Owen Daniels,TE,2008,13,REG,2008_13_JAX_HOU,HOU,JAX,0,0,0,0,0,0,0,0,0,0,0,0,2,0,25,0,2,0,0,0,,0,0,0,0,0,0,0,0,0,0,0,,0
00-0024318,Brad Smith,WR,2008,13,REG,2008_13_DEN_NYJ,NYJ,DEN,0,0,0,0,0,0,0,1,0,0,0,1,1,0,10,0,1,0,0,0,,0,0,0,0,0,0,0,0,0,0,0,,0
00-0024324,Jason Avant,WR,2008,13,REG,2008_13_ARI_PHI,PHI,ARI,0,0,0,0,0,0,0,0,0,0,0,0,4,0,25,1,2,0,0,0,,0,0,0,0,0,0,0,0,0,0,0,,0
00-0024332,Leon Washington,RB,2008,13,REG,2008_13_DEN_NYJ,NYJ,DEN,0,0,0,0,0,0,0,2,4,0,0,0,3,0,60,0,3,0,0,0,,0,0,0,0,0,0,0,0,0,0,0,,0
00-0024333,Stephen Gostkowski,K,2008,13,REG,2008_13_PIT_NE,NE,PIT,0,0,0,0,0,0,0,0,0,0,0,0,0,0,0,0,0,0,1,2,29,0,1,0,0,0,0,1,1,0,0,0,,0
00-0024334,Brandon Marshall,WR,2008,13,REG,2008_13_DEN_NYJ,DEN,NYJ,0,0,0,0,0,0,0,0,0,0,0,0,5,0,55,0,4,0,0,0,,0,0,0,0,0,0,0,0,0,0,0,,0
00-0024345,Domenik Hixon,WR,2008,13,REG,2008_13_NYG_WAS,NYG,WAS,0,0,0,0,0,0,0,0,0,0,0,0,5,0,71,0,5,0,0,0,,0,0,0,0,0,0,0,0,0,0,0,,0
00-0024359,Jerome Harrison,RB,2008,13,REG,2008_13_IND_CLE,CLE,IND,0,0,0,0,0,0,0,2,6,0,0,0,0,0,0,0,0,0,0,0,,0,0,0,0,0,0,0,0,0,0,0,,0
00-0024369,Jeff King,TE,2008,13,REG,2008_13_CAR_GB,CAR,GB,0,0,0,0,0,0,0,0,0,0,0,0,1,0,9,0,1,0,0,0,,0,0,0,0,0,0,0,0,0,0,0,,0
00-0024394,Lawrence Vickers,FB,2008,13,REG,2008_13_IND_CLE,CLE,IND,0,0,0,0,0,0,0,1,2,0,0,0,1,0,3,0,0,0,0,0,,0,0,0,0,0,0,0,0,0,0,0,,0
00-0024417,Sam Koch,P,2008,13,REG,2008_13_BAL_CIN,BAL,CIN,0,0,0,0,0,0,0,0,0,0,0,0,0,0,0,0,0,0,0,0,,0,0,0,0,0,0,0,0,7,331,294,56,4
00-0024453,Ryan Plackemeier,P,2008,13,REG,2008_13_NYG_WAS,WAS,NYG,0,0,0,0,0,0,0,0,0,0,0,0,0,0,0,0,0,0,0,0,,0,0,0,0,0,0,0,0,6,274,205,54,0
00-0024460,Quinton Ganther,RB,2008,13,REG,2008_13_TEN_DET,TEN,DET,0,0,0,0,0,0,0,3,23,0,1,0,0,0,0,0,0,0,0,0,,0,0,0,0,0,0,0,0,0,0,0,,0
00-0024466,Marques Colston,WR,2008,13,REG,2008_13_NO_TB,NO,TB,0,0,0,0,0,0,0,0,0,0,0,0,6,0,106,0,5,0,0,0,,0,0,0,0,0,0,0,0,0,0,0,,0
00-0024489,Ahmard Hall,FB,2008,13,REG,2008_13_TEN_DET,TEN,DET,0,0,0,0,0,0,0,0,0,0,0,0,2,0,53,0,1,0,0,0,,0,0,0,0,0,0,0,0,0,0,0,,0
00-0024515,Sav Rocca,P,2008,13,REG,2008_13_ARI_PHI,PHI,ARI,0,0,0,0,0,0,0,0,0,0,0,0,0,0,0,0,0,0,0,0,,0,0,0,0,0,0,0,0,3,137,128,58,2
00-0024529,Gijon Robinson,TE,2008,13,REG,2008_13_IND_CLE,IND,CLE,0,0,0,0,0,0,0,0,0,0,0,0,1,0,3,0,0,0,0,0,,0,0,0,0,0,0,0,0,0,0,0,,0
00-0024681,Brandon London,WR,2008,13,REG,2008_13_MIA_STL,MIA,LA,0,0,0,0,0,0,0,0,0,0,0,0,1,0,14,0,1,0,0,0,,0,0,0,0,0,0,0,0,0,0,0,,0
00-0024813,Pierre Thomas,RB,2008,13,REG,2008_13_NO_TB,NO,TB,0,0,0,0,0,0,0,11,34,0,3,0,1,0,20,1,1,0,0,0,,0,0,0,0,0,0,0,0,0,0,0,,0
00-0024846,Gary Russell,RB,2008,13,REG,2008_13_PIT_NE,PIT,NE,0,0,0,0,0,0,0,3,1,1,1,0,0,0,0,0,0,0,0,0,,0,0,0,0,0,0,0,0,0,0,0,,0
00-0025388,JaMarcus Russell,QB,2008,13,REG,2008_13_KC_OAK,LV,KC,10,28,132,0,0,0,0,2,37,0,2,0,0,0,0,0,0,0,0,0,,0,0,0,0,0,0,0,0,0,0,0,,0
00-0025389,Calvin Johnson,WR,2008,13,REG,2008_13_TEN_DET,DET,TEN,0,0,0,0,0,0,0,0,0,0,0,0,5,0,66,0,3,0,0,0,,0,0,0,0,0,0,0,0,0,0,0,,0
00-0025394,Adrian Peterson,RB,2008,13,REG,2008_13_CHI_MIN,MIN,CHI,0,0,0,0,0,0,0,28,131,1,5,0,2,0,-1,0,0,0,0,0,,0,0,0,0,0,0,0,0,0,0,0,,0
00-0025396,Ted Ginn,WR,2008,13,REG,2008_13_MIA_STL,MIA,LA,0,0,0,0,0,0,0,0,0,0,0,0,4,0,55,0,2,0,0,0,,0,0,0,0,0,0,0,0,0,0,0,,0
00-0025399,Marshawn Lynch,RB,2008,13,REG,2008_13_SF_BUF,BUF,SF,0,0,0,0,0,0,0,16,134,0,6,1,1,0,1,0,0,0,0,0,,0,0,0,0,0,0,0,0,0,0,0,,0
00-0025410,Dwayne Bowe,WR,2008,13,REG,2008_13_KC_OAK,KC,LV,0,0,0,0,0,0,0,0,0,0,0,0,2,0,27,0,2,0,0,0,,0,0,0,0,0,0,0,0,0,0,0,,0
00-0025414,Robert Meachem,WR,2008,13,REG,2008_13_NO_TB,NO,TB,0,0,0,0,0,0,0,0,0,0,0,0,1,0,9,0,0,0,0,0,,0,0,0,0,0,0,0,0,0,0,0,,0
00-0025418,Greg Olsen,TE,2008,13,REG,2008_13_CHI_MIN,CHI,MIN,0,0,0,0,0,0,0,0,0,0,0,0,1,0,7,0,0,0,0,0,,0,0,0,0,0,0,0,0,0,0,0,,0
00-0025419,Anthony Gonzalez,WR,2008,13,REG,2008_13_IND_CLE,IND,CLE,0,0,0,0,0,0,0,0,0,0,0,0,2,0,13,0,1,0,0,0,,0,0,0,0,0,0,0,0,0,0,0,,0
00-0025423,Kevin Kolb,QB,2008,13,REG,2008_13_ARI_PHI,PHI,ARI,0,0,0,0,0,0,0,3,-3,0,0,0,0,0,0,0,0,0,0,0,,0,0,0,0,0,0,0,0,0,0,0,,0
00-0025425,Zach Miller,TE,2008,13,REG,2008_13_KC_OAK,LV,KC,0,0,0,0,0,0,0,0,0,0,0,0,5,0,79,0,3,0,0,0,,0,0,0,0,0,0,0,0,0,0,0,,0
00-0025431,Sidney Rice,WR,2008,13,REG,2008_13_CHI_MIN,MIN,CHI,0,0,0,0,0,0,0,0,0,0,0,0,1,0,8,0,1,0,0,0,,0,0,0,0,0,0,0,0,0,0,0,,0
00-0025438,Steve Smith,WR,2008,13,REG,2008_13_NYG_WAS,NYG,WAS,0,0,0,0,0,0,0,0,0,0,0,0,2,0,22,0,2,0,0,0,,0,0,0,0,0,0,0,0,0,0,0,,0
00-0025450,Brandon Jackson,RB,2008,13,REG,2008_13_CAR_GB,GB,CAR,0,0,0,0,0,0,0,11,80,0,2,0,1,0,6,0,0,0,0,0,,0,0,0,0,0,0,0,0,0,0,0,,0
00-0025458,Lorenzo Booker,RB,2008,13,REG,2008_13_ARI_PHI,PHI,ARI,0,0,0,0,0,0,0,4,21,0,2,0,0,0,0,0,0,0,0,0,,0,0,0,0,0,0,0,0,0,0,0,,0
00-0025460,Jacoby Jones,WR,2008,13,REG,2008_13_JAX_HOU,HOU,JAX,0,0,0,0,0,0,0,1,-5,0,0,0,0,0,0,0,0,0,0,0,,0,0,0,0,0,0,0,0,0,0,0,,0
00-0025463,Jason Hill,WR,2008,13,REG,2008_13_SF_BUF,SF,BUF,0,0,0,0,0,0,0,1,-4,0,0,0,5,0,55,0,3,0,0,0,,0,0,0,0,0,0,0,0,0,0,0,,0
00-0025464,Matt Spaeth,TE,2008,13,REG,2008_13_PIT_NE,PIT,NE,0,0,0,0,0,0,0,0,0,0,0,0,1,0,4,0,0,0,0,0,,0,0,0,0,0,0,0,0,0,0,0,,0
00-0025465,James Jones,WR,2008,13,REG,2008_13_CAR_GB,GB,CAR,0,0,0,0,0,0,0,0,0,0,0,0,2,0,12,0,1,0,0,0,,0,0,0,0,0,0,0,0,0,0,0,,0
00-0025479,Trent Edwards,QB,2008,13,REG,2008_13_SF_BUF,BUF,SF,10,21,112,0,0,0,0,3,5,0,1,0,0,0,0,0,0,0,0,0,,0,0,0,0,0,0,0,0,0,0,0,,0
00-0025480,Garrett Wolfe,RB,2008,13,REG,2008_13_CHI_MIN,CHI,MIN,0,0,0,0,0,0,0,1,-1,0,0,0,0,0,0,0,0,0,0,0,,0,0,0,0,0,0,0,0,0,0,0,,0
00-0025486,Johnnie Lee Higgins,WR,2008,13,REG,2008_13_KC_OAK,LV,KC,0,0,0,0,0,0,0,1,7,0,0,0,0,0,0,0,0,0,0,0,,0,0,0,0,0,0,0,0,0,0,0,,0
00-0025494,Antonio Pittman,RB,2008,13,REG,2008_13_MIA_STL,LA,MIA,0,0,0,0,0,0,0,6,25,0,2,0,0,0,0,0,0,0,0,0,,0,0,0,0,0,0,0,0,0,0,0,,0
00-0025524,Le'Ron McClain,FB,2008,13,REG,2008_13_BAL_CIN,BAL,CIN,0,0,0,0,0,0,0,25,86,0,4,0,0,0,0,0,0,0,0,0,,0,0,0,0,0,0,0,0,0,0,0,,0
00-0025529,Steve Breaston,WR,2008,13,REG,2008_13_ARI_PHI,ARI,PHI,0,0,0,0,0,0,0,0,0,0,0,0,6,0,45,1,2,0,0,0,,0,0,0,0,0,0,0,0,0,0,0,,0
00-0025540,Kevin Boss,TE,2008,13,REG,2008_13_NYG_WAS,NYG,WAS,0,0,0,0,0,0,0,0,0,0,0,0,3,0,45,0,2,0,0,0,,0,0,0,0,0,0,0,0,0,0,0,,0
00-0025549,Brent Celek,TE,2008,13,REG,2008_13_ARI_PHI,PHI,ARI,0,0,0,0,0,0,0,0,0,0,0,0,1,0,6,0,1,0,0,0,,0,0,0,0,0,0,0,0,0,0,0,,0
00-0025561,Troy Smith,QB,2008,13,REG,2008_13_BAL_CIN,BAL,CIN,0,0,0,0,0,0,0,3,4,0,0,0,0,0,0,0,0,0,0,0,,0,0,0,0,0,0,0,0,0,0,0,,0
00-0025565,Nick Folk,K,2008,13,REG,2008_13_SEA_DAL,DAL,SEA,0,0,0,0,0,0,0,0,0,0,0,0,0,0,0,0,0,0,2,2,42,0,0,0,2,0,0,4,4,0,0,0,,0
00-0025578,Korey Hall,RB,2008,13,REG,2008_13_CAR_GB,GB,CAR,0,0,0,0,0,0,0,0,0,0,0,0,2,0,9,0,1,0,0,0,,0,0,0,0,0,0,0,0,0,0,0,,0
00-0025580,Mason Crosby,K,2008,13,REG,2008_13_CAR_GB,GB,CAR,0,0,0,0,0,0,0,0,0,0,0,0,0,0,0,0,0,0,3,3,44,1,0,1,1,0,0,2,2,0,0,0,,0
00-0025592,Jordan Palmer,QB,2008,13,REG,2008_13_BAL_CIN,CIN,BAL,0,2,0,0,1,1,-4,0,0,0,0,0,0,0,0,0,0,0,0,0,,0,0,0,0,0,0,0,0,0,0,0,,0
00-0025604,Tyler Thigpen,QB,2008,13,REG,2008_13_KC_OAK,KC,LV,15,22,162,0,1,1,-6,11,48,0,2,0,0,0,0,0,0,0,0,0,,0,0,0,0,0,0,0,0,0,0,0,,0
00-0025609,Derek Schouman,TE,2008,13,REG,2008_13_SF_BUF,BUF,SF,0,0,0,0,0,0,0,0,0,0,0,0,4,0,44,0,3,0,0,0,,0,0,0,0,0,0,0,0,0,0,0,,0
00-0025612,Brandon Fields,P,2008,13,REG,2008_13_MIA_STL,MIA,LA,0,0,0,0,0,0,0,0,0,0,0,0,0,0,0,0,0,0,0,0,,0,0,0,0,0,0,0,0,5,208,190,53,0
00-0025621,Syndric Steptoe,WR,2008,13,REG,2008_13_IND_CLE,CLE,IND,0,0,0,0,0,0,0,0,0,0,0,0,1,0,3,0,1,0,0,0,,0,0,0,0,0,0,0,0,0,0,0,,0
00-0025622,Chansi Stuckey,WR,2008,13,REG,2008_13_DEN_NYJ,NYJ,DEN,0,0,0,0,0,0,0,0,0,0,0,0,3,0,30,0,1,0,0,0,,0,0,0,0,0,0,0,0,0,0,0,,0
00-0025631,Jason Snelling,FB,2008,13,REG,2008_13_ATL_SD,ATL,LAC,0,0,0,0,0,0,0,1,1,0,0,0,0,0,0,0,0,0,0,0,,0,0,0,0,0,0,0,0,0,0,0,,0
00-0025633,Kenneth Darby,RB,2008,13,REG,2008_13_MIA_STL,LA,MIA,0,0,0,0,0,0,0,2,8,0,0,0,1,0,5,0,1,0,0,0,,0,0,0,0,0,0,0,0,0,0,0,,0
00-0025728,Sam Paulescu,P,2008,13,REG,2008_13_SEA_DAL,DAL,SEA,0,0,0,0,0,0,0,0,0,0,0,0,0,0,0,0,0,0,0,0,,0,0,0,0,0,0,0,0,5,213,201,50,2
00-0025824,Garrett Hartley,K,2008,13,REG,2008_13_NO_TB,NO,TB,0,0,0,0,0,0,0,0,0,0,0,0,0,0,0,0,0,0,2,2,47,0,0,0,2,0,0,2,2,0,0,0,,0
00-0025825,Brett Kern,P,2008,13,REG,2008_13_DEN_NYJ,DEN,NYJ,0,0,0,0,0,0,0,0,0,0,0,0,0,0,0,0,0,0,0,0,,0,0,0,0,0,0,0,0,5,214,207,52,4
00-0025860,BenJarvus Green-Ellis,RB,2008,13,REG,2008_13_PIT_NE,NE,PIT,0,0,0,0,0,0,0,2,3,0,0,0,1,0,20,0,1,0,0,0,,0,0,0,0,0,0,0,0,0,0,0,,0
00-0026000,Davone Bess,WR,2008,13,REG,2008_13_MIA_STL,MIA,LA,0,0,0,0,0,0,0,0,0,0,0,0,6,0,84,0,3,0,0,0,,0,0,0,0,0,0,0,0,0,0,0,,0
00-0026003,Dan Carpenter,K,2008,13,REG,2008_13_MIA_STL,MIA,LA,0,0,0,0,0,0,0,0,0,0,0,0,0,0,0,0,0,0,3,3,47,0,0,1,2,0,0,1,1,0,0,0,,0
00-0026033,Mike Cox,FB,2008,13,REG,2008_13_KC_OAK,KC,LV,0,0,0,0,0,0,0,0,0,0,0,0,1,0,2,0,0,0,0,0,,0,0,0,0,0,0,0,0,0,0,0,,0
00-0026138,Connor Barth,K,2008,13,REG,2008_13_KC_OAK,KC,LV,0,0,0,0,0,0,0,0,0,0,0,0,0,0,0,0,0,0,2,2,38,0,1,1,0,0,0,2,2,0,0,0,,0
00-0026143,Matt Ryan,QB,2008,13,REG,2008_13_ATL_SD,ATL,LAC,17,23,207,2,0,0,0,4,-3,0,1,0,0,0,0,0,0,0,0,0,,0,0,0,0,0,0,0,0,0,0,0,,0
00-0026144,Darren McFadden,RB,2008,13,REG,2008_13_KC_OAK,LV,KC,0,0,0,0,0,0,0,7,13,0,0,0,3,0,50,0,2,0,0,0,,0,0,0,0,0,0,0,0,0,0,0,,0
00-0026153,Jonathan Stewart,RB,2008,13,REG,2008_13_CAR_GB,CAR,GB,0,0,0,0,0,0,0,4,58,0,2,0,1,0,3,0,0,0,0,0,,0,0,0,0,0,0,0,0,0,0,0,,0
00-0026158,Joe Flacco,QB,2008,13,REG,2008_13_BAL_CIN,BAL,CIN,19,29,280,2,0,2,-8,3,15,0,1,0,0,0,0,0,0,0,0,0,,0,0,0,0,0,0,0,0,0,0,0,,0
00-0026164,Chris Johnson,RB,2008,13,REG,2008_13_TEN_DET,TEN,DET,0,0,0,0,0,0,0,16,125,2,5,0,2,0,9,0,0,0,0,0,,0,0,0,0,0,0,0,0,0,0,0,,0
00-0026170,Dustin Keller,TE,2008,13,REG,2008_13_DEN_NYJ,NYJ,DEN,0,0,0,0,0,0,0,0,0,0,0,0,7,0,77,0,4,0,0,0,,0,0,0,0,0,0,0,0,0,0,0,,0
00-0026173,Donnie Avery,WR,2008,13,REG,2008_13_MIA_STL,LA,MIA,0,0,0,0,0,0,0,1,2,0,0,0,0,0,0,0,0,0,0,0,,0,0,0,0,0,0,0,0,0,0,0,,0
00-0026174,Devin Thomas,WR,2008,13,REG,2008_13_NYG_WAS,WAS,NYG,0,0,0,0,0,0,0,1,29,1,1,0,0,0,0,0,0,0,0,0,,0,0,0,0,0,0,0,0,0,0,0,,0
00-0026176,Jordy Nelson,WR,2008,13,REG,2008_13_CAR_GB,GB,CAR,0,0,0,0,0,0,0,0,0,0,0,0,2,0,28,0,2,0,0,0,,0,0,0,0,0,0,0,0,0,0,0,,0
00-0026178,John Carlson,TE,2008,13,REG,2008_13_SEA_DAL,SEA,DAL,0,0,0,0,0,0,0,0,0,0,0,0,6,0,105,0,4,0,0,0,,0,0,0,0,0,0,0,0,0,0,0,,0
00-0026182,Eddie Royal,WR,2008,13,REG,2008_13_DEN_NYJ,DEN,NYJ,0,0,0,0,0,0,0,0,0,0,0,0,5,0,84,1,1,0,0,0,,0,0,0,0,0,0,0,0,0,0,0,,0
00-0026184,Matt Forte,RB,2008,13,REG,2008_13_CHI_MIN,CHI,MIN,0,0,0,0,0,0,0,22,96,0,5,0,4,0,29,1,1,0,0,0,,0,0,0,0,0,0,0,0,0,0,0,,0
00-0026189,DeSean Jackson,WR,2008,13,REG,2008_13_ARI_PHI,PHI,ARI,0,0,0,0,0,0,0,1,6,0,0,0,6,0,76,1,5,0,0,0,,0,0,0,0,0,0,0,0,0,0,0,,0
00-0026195,Ray Rice,RB,2008,13,REG,2008_13_BAL_CIN,BAL,CIN,0,0,0,0,0,0,0,11,41,0,1,0,4,0,14,0,1,0,0,0,,0,0,0,0,0,0,0,0,0,0,0,,0
00-0026201,Martellus Bennett,TE,2008,13,REG,2008_13_SEA_DAL,DAL,SEA,0,0,0,0,0,0,0,0,0,0,0,0,2,0,35,1,2,0,0,0,,0,0,0,0,0,0,0,0,0,0,0,,0
00-0026204,Kevin Smith,RB,2008,13,REG,2008_13_TEN_DET,DET,TEN,0,0,0,0,0,0,0,12,22,0,1,0,1,0,9,0,0,0,0,0,,0,0,0,0,0,0,0,0,0,0,0,,0
00-0026209,Jacob Hester,RB,2008,13,REG,2008_13_ATL_SD,LAC,ATL,0,0,0,0,0,0,0,1,28,0,1,0,3,0,19,0,0,0,0,0,,0,0,0,0,0,0,0,0,0,0,0,,0
00-0026213,Jamaal Charles,RB,2008,13,REG,2008_13_KC_OAK,KC,LV,0,0,0,0,0,0,0,2,5,0,0,0,1,0,15,0,1,0,0,0,,0,0,0,0,0,0,0,0,0,0,0,,0
00-0026216,Brad Cottam,TE,2008,13,REG,2008_13_KC_OAK,KC,LV,0,0,0,0,0,0,0,0,0,0,0,0,1,0,2,0,0,0,0,0,,0,0,0,0,0,0,0,0,0,0,0,,0
00-0026224,Harry Douglas,WR,2008,13,REG,2008_13_ATL_SD,ATL,LAC,0,0,0,0,0,0,0,0,0,0,0,0,3,0,13,1,1,0,0,0,,0,0,0,0,0,0,0,0,0,0,0,,0
00-0026229,Steve Slaton,RB,2008,13,REG,2008_13_JAX_HOU,HOU,JAX,0,0,0,0,0,0,0,21,130,2,7,0,2,0,52,0,1,0,0,0,,0,0,0,0,0,0,0,0,0,0,0,,0
00-0026231,Jermichael Finley,TE,2008,13,REG,2008_13_CAR_GB,GB,CAR,0,0,0,0,0,0,0,0,0,0,0,0,1,0,0,0,0,0,0,0,,0,0,0,0,0,0,0,0,0,0,0,,0
00-0026245,Will Franklin,WR,2008,13,REG,2008_13_KC_OAK,KC,LV,0,0,0,0,0,0,0,0,0,0,0,0,1,0,4,0,0,0,0,0,,0,0,0,0,0,0,0,0,0,0,0,,0
00-0026251,Martin Rucker,TE,2008,13,REG,2008_13_IND_CLE,CLE,IND,0,0,0,0,0,0,0,0,0,0,0,0,1,0,9,0,1,0,0,0,,0,0,0,0,0,0,0,0,0,0,0,,0
00-0026262,Tashard Choice,RB,2008,13,REG,2008_13_SEA_DAL,DAL,SEA,0,0,0,0,0,0,0,11,57,0,1,0,1,0,6,0,0,0,0,0,,0,0,0,0,0,0,0,0,0,0,0,,0
00-0026268,Keenan Burton,WR,2008,13,REG,2008_13_MIA_STL,LA,MIA,0,0,0,0,0,0,0,0,0,0,0,0,1,0,23,0,1,0,0,0,,0,0,0,0,0,0,0,0,0,0,0,,0
00-0026289,Tim Hightower,RB,2008,13,REG,2008_13_ARI_PHI,ARI,PHI,0,0,0,0,0,0,0,7,7,0,0,0,3,0,34,0,1,0,0,0,,0,0,0,0,0,0,0,0,0,0,0,,0
00-0026353,Chauncey Washington,RB,2008,13,REG,2008_13_JAX_HOU,JAX,HOU,0,0,0,0,0,0,0,0,0,0,0,0,1,0,9,0,1,0,0,0,,0,0,0,0,0,0,0,0,0,0,0,,0
00-0026367,Peyton Hillis,RB,2008,13,REG,2008_13_DEN_NYJ,DEN,NYJ,0,0,0,0,0,0,0,22,129,1,9,0,0,0,0,0,0,0,0,0,,0,0,0,0,0,0,0,0,0,0,0,,0
00-0000108,David Akers,K,2008,14,REG,2008_14_PHI_NYG,PHI,NYG,0,0,0,0,0,0,0,0,0,0,0,0,0,0,0,0,0,0,2,4,51,0,0,1,0,1,0,2,2,0,0,0,,0
00-0001157,Mitch Berger,P,2008,14,REG,2008_14_DAL_PIT,PIT,DAL,0,0,0,0,0,0,0,0,0,0,0,0,0,0,0,0,0,0,0,0,,0,0,0,0,0,0,0,0,6,197,202,44,2
00-0001231,Josh Bidwell,P,2008,14,REG,2008_14_TB_CAR,TB,CAR,0,0,0,0,0,0,0,0,0,0,0,0,0,0,0,0,0,0,0,0,,0,0,0,0,0,0,0,0,3,141,100,57,1
00-0001477,Marty Booker,WR,2008,14,REG,2008_14_JAX_CHI,CHI,JAX,0,0,0,0,0,0,0,0,0,0,0,0,3,0,28,0,2,0,0,0,,0,0,0,0,0,0,0,0,0,0,0,,0
00-0001980,Kris Brown,K,2008,14,REG,2008_14_HOU_GB,HOU,GB,0,0,0,0,0,0,0,0,0,0,0,0,0,0,0,0,0,0,3,4,41,0,0,1,2,0,0,1,1,0,0,0,,0
00-0002099,Isaac Bruce,WR,2008,14,REG,2008_14_NYJ_SF,SF,NYJ,0,0,0,0,0,0,0,0,0,0,0,0,6,0,70,0,5,0,0,0,,0,0,0,0,0,0,0,0,0,0,0,,0
00-0002655,John Carney,K,2008,14,REG,2008_14_PHI_NYG,NYG,PHI,0,0,0,0,0,0,0,0,0,0,0,0,0,0,0,0,0,0,0,1,,0,0,0,0,0,0,2,2,0,0,0,,0
00-0003035,Desmond Clark,TE,2008,14,REG,2008_14_JAX_CHI,CHI,JAX,0,0,0,0,0,0,0,0,0,0,0,0,2,0,8,1,1,0,0,0,,0,0,0,0,0,0,0,0,0,0,0,,0
00-0003292,Kerry Collins,QB,2008,14,REG,2008_14_CLE_TEN,TEN,CLE,14,23,155,2,2,0,0,0,0,0,0,0,0,0,0,0,0,0,0,0,,0,0,0,0,0,0,0,0,0,0,0,,0
00-0003739,Daunte Culpepper,QB,2008,14,REG,2008_14_MIN_DET,DET,MIN,14,24,220,1,0,3,-23,3,7,0,1,0,0,0,0,0,0,0,0,0,,0,0,0,0,0,0,0,0,0,0,0,,0
00-0004091,Phil Dawson,K,2008,14,REG,2008_14_CLE_TEN,CLE,TEN,0,0,0,0,0,0,0,0,0,0,0,0,0,0,0,0,0,0,3,4,47,0,0,1,2,0,0,0,0,0,0,0,,0
00-0004161,Jake Delhomme,QB,2008,14,REG,2008_14_TB_CAR,CAR,TB,14,20,173,1,2,1,-8,2,-2,0,0,0,0,0,0,0,0,0,0,0,,0,0,0,0,0,0,0,0,0,0,0,,0
00-0004541,Donald Driver,WR,2008,14,REG,2008_14_HOU_GB,GB,HOU,0,0,0,0,0,0,0,0,0,0,0,0,3,0,75,0,2,0,0,0,,0,0,0,0,0,0,0,0,0,0,0,,0
00-0004640,Warrick Dunn,RB,2008,14,REG,2008_14_TB_CAR,TB,CAR,0,0,0,0,0,0,0,10,49,0,2,0,3,0,13,0,1,0,0,0,,0,0,0,0,0,0,0,0,0,0,0,,0
00-0004811,Jason Elam,K,2008,14,REG,2008_14_ATL_NO,ATL,NO,0,0,0,0,0,0,0,0,0,0,0,0,0,0,0,0,0,0,1,1,23,0,1,0,0,0,0,2,2,0,0,0,,0
00-0004915,Bobby Engram,WR,2008,14,REG,2008_14_NE_SEA,SEA,NE,0,0,0,0,0,0,0,0,0,0,0,0,4,0,27,0,2,0,0,0,,0,0,0,0,0,0,0,0,0,0,0,,0
00-0005091,Kevin Faulk,RB,2008,14,REG,2008_14_NE_SEA,NE,SEA,0,0,0,0,0,0,0,3,16,0,0,0,5,0,22,0,1,0,0,0,,0,0,0,0,0,0,0,0,0,0,0,,0
00-0005106,Brett Favre,QB,2008,14,REG,2008_14_NYJ_SF,NYJ,SF,20,31,137,0,1,3,-14,1,2,1,1,0,0,0,0,0,0,0,0,0,,0,0,0,0,0,0,0,0,0,0,0,,0
00-0005113,Jeff Feagles,P,2008,14,REG,2008_14_PHI_NYG,NYG,PHI,0,0,0,0,0,0,0,0,0,0,0,0,0,0,0,0,0,0,0,0,,0,0,0,0,0,0,0,0,4,185,161,61,1
00-0005231,Brian Finneran,WR,2008,14,REG,2008_14_ATL_NO,ATL,NO,0,0,0,0,0,0,0,0,0,0,0,0,2,0,8,1,2,0,0,0,,0,0,0,0,0,0,0,0,0,0,0,,0
00-0005589,Gus Frerotte,QB,2008,14,REG,2008_14_MIN_DET,MIN,DET,7,10,70,0,2,1,-7,0,0,0,0,0,0,0,0,0,0,0,0,0,,0,0,0,0,0,0,0,0,0,0,0,,0
00-0005755,Jeff Garcia,QB,2008,14,REG,2008_14_TB_CAR,TB,CAR,24,38,321,2,0,5,-23,2,6,0,1,0,0,0,0,0,0,0,0,0,,0,0,0,0,0,0,0,0,0,0,0,,0
00-0006101,Tony Gonzalez,TE,2008,14,REG,2008_14_KC_DEN,KC,DEN,0,0,0,0,0,0,0,0,0,0,0,0,5,0,73,1,4,0,0,0,,0,0,0,0,0,0,0,0,0,0,0,,0
00-0006799,Chris Hanson,P,2008,14,REG,2008_14_NE_SEA,NE,SEA,0,0,0,0,0,0,0,0,0,0,0,0,0,0,0,0,0,0,0,0,,0,0,0,0,0,0,0,0,3,121,121,53,1
00-0006800,Jason Hanson,K,2008,14,REG,2008_14_MIN_DET,DET,MIN,0,0,0,0,0,0,0,0,0,0,0,0,0,0,0,0,0,0,3,3,39,0,2,1,0,0,0,1,1,0,0,0,,0
00-0007024,Marvin Harrison,WR,2008,14,REG,2008_14_CIN_IND,IND,CIN,0,0,0,0,0,0,0,0,0,0,0,0,3,0,78,1,3,0,0,0,,0,0,0,0,0,0,0,0,0,0,0,,0
00-0007213,Steve Heiden,TE,2008,14,REG,2008_14_CLE_TEN,CLE,TEN,0,0,0,0,0,0,0,0,0,0,0,0,4,0,29,0,3,0,0,0,,0,0,0,0,0,0,0,0,0,0,0,,0
00-0007308,Craig Hentrich,P,2008,14,REG,2008_14_CLE_TEN,TEN,CLE,0,0,0,0,0,0,0,0,0,0,0,0,0,0,0,0,0,0,0,0,,0,0,0,0,0,0,0,0,4,139,119,44,1
00-0007468,Ike Hilliard,WR,2008,14,REG,2008_14_TB_CAR,TB,CAR,0,0,0,0,0,0,0,0,0,0,0,0,2,0,20,0,1,0,0,0,,0,0,0,0,0,0,0,0,0,0,0,,0
00-0007681,Torry Holt,WR,2008,14,REG,2008_14_STL_ARI,LA,ARI,0,0,0,0,0,0,0,0,0,0,0,0,5,0,61,0,3,0,0,0,,0,0,0,0,0,0,0,0,0,0,0,,0
00-0008241,Edgerrin James,RB,2008,14,REG,2008_14_STL_ARI,ARI,LA,0,0,0,0,0,0,0,3,11,0,1,0,0,0,0,0,0,0,0,0,,0,0,0,0,0,0,0,0,0,0,0,,0
00-0009028,John Kasay,K,2008,14,REG,2008_14_TB_CAR,CAR,TB,0,0,0,0,0,0,0,0,0,0,0,0,0,0,0,0,0,0,1,1,33,0,0,1,0,0,0,5,5,0,0,0,,0
00-0009119,Reggie Kelly,TE,2008,14,REG,2008_14_CIN_IND,CIN,IND,0,0,0,0,0,0,0,0,0,0,0,0,3,0,7,0,0,0,0,0,,0,0,0,0,0,0,0,0,0,0,0,,0
00-0010072,Ryan Longwell,K,2008,14,REG,2008_14_MIN_DET,MIN,DET,0,0,0,0,0,0,0,0,0,0,0,0,0,0,0,0,0,0,2,2,50,0,0,1,0,1,0,2,2,0,0,0,,0
00-0010346,Peyton Manning,QB,2008,14,REG,2008_14_CIN_IND,IND,CIN,26,32,277,3,0,0,0,0,0,0,0,0,0,0,0,0,0,0,0,0,,0,0,0,0,0,0,0,0,0,0,0,,0
00-0010373,Olindo Mare,K,2008,14,REG,2008_14_NE_SEA,SEA,NE,0,0,0,0,0,0,0,0,0,0,0,0,0,0,0,0,0,0,0,0,,0,0,0,0,0,0,3,3,0,0,0,,0
00-0010500,Derrick Mason,WR,2008,14,REG,2008_14_WAS_BAL,BAL,WAS,0,0,0,0,0,0,0,0,0,0,0,0,3,0,60,1,2,0,0,0,,0,0,0,0,0,0,0,0,0,0,0,,0
00-0010609,Brad Maynard,P,2008,14,REG,2008_14_JAX_CHI,CHI,JAX,0,0,0,0,0,0,0,0,0,0,0,0,0,0,0,0,0,0,0,0,,0,0,0,0,0,0,0,0,6,267,265,49,4
00-0011022,Donovan McNabb,QB,2008,14,REG,2008_14_PHI_NYG,PHI,NYG,19,30,191,1,0,1,-4,5,20,0,3,0,0,0,0,0,0,0,0,0,,0,0,0,0,0,0,0,0,0,0,0,,0
00-0011626,Brian Moorman,P,2008,14,REG,2008_14_MIA_BUF,BUF,MIA,0,0,0,0,0,0,0,0,0,0,0,0,0,0,0,0,0,0,0,0,,0,0,0,0,0,0,0,0,5,215,198,52,1
00-0011754,Randy Moss,WR,2008,14,REG,2008_14_NE_SEA,NE,SEA,0,0,0,0,0,0,0,0,0,0,0,0,3,0,56,0,3,0,0,0,,0,0,0,0,0,0,0,0,0,0,0,,0
00-0011795,Muhsin Muhammad,WR,2008,14,REG,2008_14_TB_CAR,CAR,TB,0,0,0,0,0,0,0,0,0,0,0,0,3,0,43,0,3,0,0,0,,0,0,0,0,0,0,0,0,0,0,0,,0
00-0011970,Joe Nedney,K,2008,14,REG,2008_14_NYJ_SF,SF,NYJ,0,0,0,0,0,0,0,0,0,0,0,0,0,0,0,0,0,0,1,1,32,0,0,1,0,0,0,3,3,0,0,0,,0
00-0012478,Terrell Owens,WR,2008,14,REG,2008_14_DAL_PIT,DAL,PIT,0,0,0,0,0,0,0,1,1,0,0,0,3,0,32,1,3,0,0,0,,0,0,0,0,0,0,0,0,0,0,0,,0
00-0014655,Mike Sellers,TE,2008,14,REG,2008_14_WAS_BAL,WAS,BAL,0,0,0,0,0,0,0,2,16,0,1,0,2,0,14,0,0,0,0,0,,0,0,0,0,0,0,0,0,0,0,0,,0
00-0015194,Hunter Smith,P,2008,14,REG,2008_14_CIN_IND,IND,CIN,0,0,0,0,0,0,0,0,0,0,0,0,0,0,0,0,0,0,0,0,,0,0,0,0,0,0,0,0,3,139,112,51,0
00-0015754,Brandon Stokley,WR,2008,14,REG,2008_14_KC_DEN,DEN,KC,0,0,0,0,0,0,0,0,0,0,0,0,2,0,19,0,2,0,0,0,,0,0,0,0,0,0,0,0,0,0,0,,0
00-0015784,Matt Stover,K,2008,14,REG,2008_14_WAS_BAL,BAL,WAS,0,0,0,0,0,0,0,0,0,0,0,0,0,0,0,0,0,0,1,1,32,0,0,1,0,0,0,3,3,0,0,0,,0
00-0016098,Fred Taylor,RB,2008,14,REG,2008_14_JAX_CHI,JAX,CHI,0,0,0,0,0,0,0,13,53,0,2,0,1,0,6,0,0,0,0,0,,0,0,0,0,0,0,0,0,0,0,0,,0
00-0016550,Amani Toomer,WR,2008,14,REG,2008_14_PHI_NYG,NYG,PHI,0,0,0,0,0,0,0,0,0,0,0,0,2,0,25,0,1,0,0,0,,0,0,0,0,0,0,0,0,0,0,0,,0
00-0016689,Matt Turk,P,2008,14,REG,2008_14_HOU_GB,HOU,GB,0,0,0,0,0,0,0,1,18,0,1,0,0,0,0,0,0,0,0,0,,0,0,0,0,0,0,0,0,3,127,119,47,1
00-0016919,Adam Vinatieri,K,2008,14,REG,2008_14_CIN_IND,IND,CIN,0,0,0,0,0,0,0,0,0,0,0,0,0,0,0,0,0,0,0,0,,0,0,0,0,0,0,5,5,0,0,0,,0
00-0017162,Hines Ward,WR,2008,14,REG,2008_14_DAL_PIT,PIT,DAL,0,0,0,0,0,0,0,0,0,0,0,0,1,0,2,0,0,0,0,0,,0,0,0,0,0,0,0,0,0,0,0,,0
00-0017200,Kurt Warner,QB,2008,14,REG,2008_14_STL_ARI,ARI,LA,24,33,279,1,1,1,-7,2,-2,0,0,0,0,0,0,0,0,0,0,0,,0,0,0,0,0,0,0,0,0,0,0,,0
00-0017915,Ricky Williams,RB,2008,14,REG,2008_14_MIA_BUF,MIA,BUF,0,0,0,0,0,0,0,11,40,0,3,0,2,0,2,0,0,0,0,0,,0,0,0,0,0,0,0,0,0,0,0,,0
00-0018958,Laveranues Coles,WR,2008,14,REG,2008_14_NYJ_SF,NYJ,SF,0,0,0,0,0,0,0,0,0,0,0,0,1,0,5,0,0,0,0,0,,0,0,0,0,0,0,0,0,0,0,0,,0
00-0019100,Brad Hoover,FB,2008,14,REG,2008_14_TB_CAR,CAR,TB,0,0,0,0,0,0,0,1,0,0,0,0,0,0,0,0,0,0,0,0,,0,0,0,0,0,0,0,0,0,0,0,,0
00-0019242,Dane Looker,WR,2008,14,REG,2008_14_STL_ARI,LA,ARI,0,1,0,0,0,0,0,0,0,0,0,0,2,0,27,0,2,0,0,0,,0,0,0,0,0,0,0,0,0,0,0,,0
00-0019310,Rian Lindell,K,2008,14,REG,2008_14_MIA_BUF,BUF,MIA,0,0,0,0,0,0,0,0,0,0,0,0,0,0,0,0,0,0,1,1,40,0,0,0,1,0,0,0,0,0,0,0,,0
00-0019457,Anthony Becht,TE,2008,14,REG,2008_14_STL_ARI,LA,ARI,0,0,0,0,0,0,0,0,0,0,0,0,1,0,5,0,0,0,0,0,,0,0,0,0,0,0,0,0,0,0,0,,0
00-0019484,Sammy Morris,RB,2008,14,REG,2008_14_NE_SEA,NE,SEA,0,0,0,0,0,0,0,11,36,1,3,0,0,0,0,0,0,0,0,0,,0,0,0,0,0,0,0,0,0,0,0,,0
00-0019536,Shayne Graham,K,2008,14,REG,2008_14_CIN_IND,CIN,IND,0,0,0,0,0,0,0,0,0,0,0,0,0,0,0,0,0,0,1,1,19,1,0,0,0,0,0,0,0,0,0,0,,0
00-0019559,Chad Pennington,QB,2008,14,REG,2008_14_MIA_BUF,MIA,BUF,23,29,181,1,0,1,-1,3,0,0,0,0,0,0,0,0,0,0,0,0,,0,0,0,0,0,0,0,0,0,0,0,,0
00-0019599,Marc Bulger,QB,2008,14,REG,2008_14_STL_ARI,LA,ARI,22,37,228,1,1,1,-5,2,-5,0,0,0,0,0,0,0,0,0,0,0,,0,0,0,0,0,0,0,0,0,0,0,,0
00-0019641,Thomas Jones,RB,2008,14,REG,2008_14_NYJ_SF,NYJ,SF,0,0,0,0,0,0,0,10,56,1,3,0,3,0,12,0,1,0,0,0,,0,0,0,0,0,0,0,0,0,0,0,,0
00-0019646,Sebastian Janikowski,K,2008,14,REG,2008_14_OAK_SD,LV,LAC,0,0,0,0,0,0,0,0,0,0,0,0,0,0,0,0,0,0,0,0,,0,0,0,0,0,0,1,1,0,0,0,,0
00-0019650,Dennis Northcutt,WR,2008,14,REG,2008_14_JAX_CHI,JAX,CHI,0,0,0,0,0,0,0,0,0,0,0,0,1,0,5,0,0,0,0,0,,0,0,0,0,0,0,0,0,0,0,0,,0
00-0019663,Darrell Jackson,WR,2008,14,REG,2008_14_KC_DEN,DEN,KC,0,0,0,0,0,0,0,0,0,0,0,0,2,0,14,0,1,0,0,0,,0,0,0,0,0,0,0,0,0,0,0,,0
00-0019676,Neil Rackers,K,2008,14,REG,2008_14_STL_ARI,ARI,LA,0,0,0,0,0,0,0,0,0,0,0,0,0,0,0,0,0,0,2,2,44,0,1,0,1,0,0,4,4,0,0,0,,0
00-0019693,Jamal Lewis,RB,2008,14,REG,2008_14_CLE_TEN,CLE,TEN,0,0,0,0,0,0,0,7,7,0,0,0,2,0,3,0,0,0,0,0,,0,0,0,0,0,0,0,0,0,0,0,,0
00-0019703,Jerry Porter,WR,2008,14,REG,2008_14_JAX_CHI,JAX,CHI,0,0,0,0,0,0,0,0,0,0,0,0,1,0,27,0,1,0,0,0,,0,0,0,0,0,0,0,0,0,0,0,,0
00-0019714,Shane Lechler,P,2008,14,REG,2008_14_OAK_SD,LV,LAC,0,0,0,0,0,0,0,0,0,0,0,0,0,0,0,0,0,0,0,0,,0,0,0,0,0,0,0,0,7,328,304,58,3
00-0019770,Jay Feely,K,2008,14,REG,2008_14_NYJ_SF,NYJ,SF,0,0,0,0,0,0,0,0,0,0,0,0,0,0,0,0,0,0,0,0,,0,0,0,0,0,0,2,2,0,0,0,,0
00-0019794,Aveion Cason,RB,2008,14,REG,2008_14_MIN_DET,DET,MIN,0,0,0,0,0,0,0,1,4,0,0,0,0,0,0,0,0,0,0,0,,0,0,0,0,0,0,0,0,0,0,0,,0
00-0019863,Dominic Rhodes,RB,2008,14,REG,2008_14_CIN_IND,IND,CIN,0,0,0,0,0,0,0,10,31,1,3,0,3,0,12,0,0,0,0,0,,0,0,0,0,0,0,0,0,0,0,0,,0
00-0019921,Jason Baker,P,2008,14,REG,2008_14_TB_CAR,CAR,TB,0,0,0,0,0,0,0,0,0,0,0,0,0,0,0,0,0,0,0,0,,0,0,0,0,0,0,0,0,1,51,48,51,0
00-0020267,Nick Harris,P,2008,14,REG,2008_14_MIN_DET,DET,MIN,0,0,0,0,0,0,0,0,0,0,0,0,0,0,0,0,0,0,0,0,,0,0,0,0,0,0,0,0,2,119,112,66,1
00-0020268,Tony Stewart,TE,2008,14,REG,2008_14_OAK_SD,LV,LAC,0,0,0,0,0,0,0,0,0,0,0,0,1,0,11,0,1,0,0,0,,0,0,0,0,0,0,0,0,0,0,0,,0
00-0020285,Alge Crumpler,TE,2008,14,REG,2008_14_CLE_TEN,TEN,CLE,0,0,0,0,0,0,0,0,0,0,0,0,1,0,20,0,1,0,0,0,,0,0,0,0,0,0,0,0,0,0,0,,0
00-0020332,David Martin,TE,2008,14,REG,2008_14_MIA_BUF,MIA,BUF,0,0,0,0,0,0,0,0,0,0,0,0,2,0,20,0,1,0,0,0,,0,0,0,0,0,0,0,0,0,0,0,,0
00-0020337,Steve Smith,WR,2008,14,REG,2008_14_TB_CAR,CAR,TB,0,0,0,0,0,0,0,0,0,0,0,0,9,0,117,1,6,0,0,0,,0,0,0,0,0,0,0,0,0,0,0,,0
00-0020381,Justin McCareins,WR,2008,14,REG,2008_14_CLE_TEN,TEN,CLE,0,0,0,0,0,0,0,0,0,0,0,0,1,0,20,0,1,0,0,0,,0,0,0,0,0,0,0,0,0,0,0,,0
00-0020397,Chad Johnson,WR,2008,14,REG,2008_14_CIN_IND,CIN,IND,0,0,0,0,0,0,0,0,0,0,0,0,5,0,79,0,5,0,0,0,,0,0,0,0,0,0,0,0,0,0,0,,0
00-0020407,Rudi Johnson,RB,2008,14,REG,2008_14_MIN_DET,DET,MIN,0,0,0,0,0,0,0,1,2,0,0,0,1,0,-1,0,0,0,0,0,,0,0,0,0,0,0,0,0,0,0,0,,0
00-0020438,T.J. Houshmandzadeh,WR,2008,14,REG,2008_14_CIN_IND,CIN,IND,0,0,0,0,0,0,0,0,0,0,0,0,8,0,75,0,4,0,0,0,,0,0,0,0,0,0,0,0,0,0,0,,0
00-0020462,LaMont Jordan,RB,2008,14,REG,2008_14_NE_SEA,NE,SEA,0,0,0,0,0,0,0,4,18,0,0,0,0,0,0,0,0,0,0,0,,0,0,0,0,0,0,0,0,0,0,0,,0
00-0020494,Santana Moss,WR,2008,14,REG,2008_14_WAS_BAL,WAS,BAL,0,0,0,0,0,0,0,0,0,0,0,0,4,0,48,0,2,0,0,0,,0,0,0,0,0,0,0,0,0,0,0,,0
00-0020498,Reggie Wayne,WR,2008,14,REG,2008_14_CIN_IND,IND,CIN,0,0,0,0,0,0,0,0,0,0,0,0,5,0,48,0,5,0,0,0,,0,0,0,0,0,0,0,0,0,0,0,,0
00-0020516,Todd Heap,TE,2008,14,REG,2008_14_WAS_BAL,BAL,WAS,0,0,0,0,0,0,0,0,0,0,0,0,2,0,54,0,2,0,0,0,,0,0,0,0,0,0,0,0,0,0,0,,0
00-0020527,Deuce McAllister,RB,2008,14,REG,2008_14_ATL_NO,NO,ATL,0,0,0,0,0,0,0,1,0,0,0,0,0,0,0,0,0,0,0,0,,0,0,0,0,0,0,0,0,0,0,0,,0
00-0020531,Drew Brees,QB,2008,14,REG,2008_14_ATL_NO,NO,ATL,18,32,230,2,0,0,0,2,0,0,0,0,0,0,0,0,0,0,0,0,,0,0,0,0,0,0,0,0,0,0,0,,0
00-0020536,LaDainian Tomlinson,RB,2008,14,REG,2008_14_OAK_SD,LAC,LV,0,0,0,0,0,0,0,25,91,1,1,0,0,0,0,0,0,0,0,0,,0,0,0,0,0,0,0,0,0,0,0,,0
00-0020578,Matt Bryant,K,2008,14,REG,2008_14_TB_CAR,TB,CAR,0,0,0,0,0,0,0,0,0,0,0,0,0,0,0,0,0,0,1,2,20,0,1,0,0,0,0,2,3,0,0,0,,0
00-0020679,Shaun Hill,QB,2008,14,REG,2008_14_NYJ_SF,SF,NYJ,28,39,285,2,1,2,-10,1,8,0,1,0,0,0,0,0,0,0,0,0,,0,0,0,0,0,0,0,0,0,0,0,,0
00-0020737,Jeff Reed,K,2008,14,REG,2008_14_DAL_PIT,PIT,DAL,0,0,0,0,0,0,0,0,0,0,0,0,0,0,0,0,0,0,2,3,41,0,1,0,1,0,0,2,2,0,0,0,,0
00-0020962,Rob Bironas,K,2008,14,REG,2008_14_CLE_TEN,TEN,CLE,0,0,0,0,0,0,0,0,0,0,0,0,0,0,0,0,0,0,0,0,,0,0,0,0,0,0,4,4,0,0,0,,0
00-0021147,Donte' Stallworth,WR,2008,14,REG,2008_14_CLE_TEN,CLE,TEN,0,0,0,0,0,0,0,0,0,0,0,0,1,0,15,0,1,0,0,0,,0,0,0,0,0,0,0,0,0,0,0,,0
00-0021148,Jeremy Shockey,TE,2008,14,REG,2008_14_ATL_NO,NO,ATL,0,0,0,0,0,0,0,0,0,0,0,0,5,0,64,0,5,0,0,0,,0,0,0,0,0,0,0,0,0,0,0,,0
00-0021154,Daniel Graham,TE,2008,14,REG,2008_14_KC_DEN,DEN,KC,0,0,0,0,0,0,0,0,0,0,0,0,3,0,32,0,2,0,0,0,,0,0,0,0,0,0,0,0,0,0,0,,0
00-0021159,Jerramy Stevens,TE,2008,14,REG,2008_14_TB_CAR,TB,CAR,0,0,0,0,0,0,0,0,0,0,0,0,5,0,33,0,1,0,0,0,,0,0,0,0,0,0,0,0,0,0,0,,0
00-0021163,Jabar Gaffney,WR,2008,14,REG,2008_14_NE_SEA,NE,SEA,0,0,0,0,0,0,0,0,0,0,0,0,4,0,48,0,3,0,0,0,,0,0,0,0,0,0,0,0,0,0,0,,0
00-0021164,DeShaun Foster,RB,2008,14,REG,2008_14_NYJ_SF,SF,NYJ,0,0,0,0,0,0,0,16,35,0,2,0,1,0,8,0,0,0,0,0,,0,0,0,0,0,0,0,0,0,0,0,,0
00-0021166,Josh Reed,WR,2008,14,REG,2008_14_MIA_BUF,BUF,MIA,0,0,0,0,0,0,0,0,0,0,0,0,5,0,58,0,4,0,0,0,,0,0,0,0,0,0,0,0,0,0,0,,0
00-0021175,Andre Davis,WR,2008,14,REG,2008_14_HOU_GB,HOU,GB,0,0,0,0,0,0,0,0,0,0,0,0,2,0,22,0,1,0,0,0,,0,0,0,0,0,0,0,0,0,0,0,,0
00-0021179,Clinton Portis,RB,2008,14,REG,2008_14_WAS_BAL,WAS,BAL,0,0,0,0,0,0,0,11,32,0,1,1,3,0,14,0,1,0,0,0,,0,0,0,0,0,0,0,0,0,0,0,,0
00-0021182,Maurice Morris,RB,2008,14,REG,2008_14_NE_SEA,SEA,NE,0,0,0,0,0,0,0,14,39,0,1,0,2,0,19,0,0,0,0,0,,0,0,0,0,0,0,0,0,0,0,0,,0
00-0021184,Ladell Betts,RB,2008,14,REG,2008_14_WAS_BAL,WAS,BAL,0,0,0,0,0,0,0,6,3,0,2,0,3,0,57,0,2,0,0,0,,0,0,0,0,0,0,0,0,0,0,0,,0
00-0021190,Antwaan Randle El,WR,2008,14,REG,2008_14_WAS_BAL,WAS,BAL,0,0,0,0,0,0,0,0,0,0,0,0,5,0,47,1,2,0,0,0,,0,0,0,0,0,0,0,0,0,0,0,,0
00-0021191,Antonio Bryant,WR,2008,14,REG,2008_14_TB_CAR,TB,CAR,0,0,0,0,0,0,0,0,0,0,0,0,9,0,200,2,7,0,0,0,,0,0,0,0,0,0,0,0,0,0,0,,0
00-0021192,Deion Branch,WR,2008,14,REG,2008_14_NE_SEA,SEA,NE,0,0,0,0,0,0,0,0,0,0,0,0,4,0,88,2,4,0,0,0,,0,0,0,0,0,0,0,0,0,0,0,,0
00-0021213,Chris Baker,TE,2008,14,REG,2008_14_NYJ_SF,NYJ,SF,0,0,0,0,0,0,0,0,0,0,0,0,1,0,15,0,1,0,0,0,,0,0,0,0,0,0,0,0,0,0,0,,0
00-0021216,Brian Westbrook,RB,2008,14,REG,2008_14_PHI_NYG,PHI,NYG,0,0,0,0,0,0,0,33,131,1,7,0,6,0,72,1,4,0,0,0,,0,0,0,0,0,0,0,0,0,0,0,,0
00-0021227,Justin Peelle,TE,2008,14,REG,2008_14_ATL_NO,ATL,NO,0,0,0,0,0,0,0,0,0,0,0,0,1,0,9,0,0,0,0,0,,0,0,0,0,0,0,0,0,0,0,0,,0
00-0021231,David Garrard,QB,2008,14,REG,2008_14_JAX_CHI,JAX,CHI,19,38,178,1,1,3,-19,3,11,0,2,0,0,0,0,0,0,0,0,0,,0,0,0,0,0,0,0,0,0,0,0,,0
00-0021235,Dave Zastudil,P,2008,14,REG,2008_14_CLE_TEN,CLE,TEN,0,0,0,0,0,0,0,0,0,0,0,0,0,0,0,0,0,0,0,0,,0,0,0,0,0,0,0,0,6,255,171,53,1
00-0021255,John Owens,TE,2008,14,REG,2008_14_MIN_DET,DET,MIN,0,0,0,0,0,0,0,0,0,0,0,0,2,0,29,0,2,0,0,0,,0,0,0,0,0,0,0,0,0,0,0,,0
00-0021304,John Gilmore,TE,2008,14,REG,2008_14_TB_CAR,TB,CAR,0,0,0,0,0,0,0,0,0,0,0,0,1,0,5,0,0,0,0,0,,0,0,0,0,0,0,0,0,0,0,0,,0
00-0021306,Adrian Peterson,RB,2008,14,REG,2008_14_JAX_CHI,CHI,JAX,0,0,0,0,0,0,0,3,19,0,1,0,0,0,0,0,0,0,0,0,,0,0,0,0,0,0,0,0,0,0,0,,0
00-0021314,Chester Taylor,RB,2008,14,REG,2008_14_MIN_DET,MIN,DET,0,0,0,0,0,0,0,6,27,1,1,0,2,0,26,0,2,0,0,0,,0,0,0,0,0,0,0,0,0,0,0,,0
00-0021337,Ronald Curry,WR,2008,14,REG,2008_14_OAK_SD,LV,LAC,0,0,0,0,0,0,0,0,0,0,0,0,2,0,15,0,1,0,0,0,,0,0,0,0,0,0,0,0,0,0,0,,0
00-0021376,T.J. Duckett,RB,2008,14,REG,2008_14_NE_SEA,SEA,NE,0,0,0,0,0,0,0,4,16,0,1,0,0,0,0,0,0,0,0,0,,0,0,0,0,0,0,0,0,0,0,0,,0
00-0021508,Greg Lewis,WR,2008,14,REG,2008_14_PHI_NYG,PHI,NYG,0,0,0,0,0,0,0,0,0,0,0,0,1,0,7,0,1,0,0,0,,0,0,0,0,0,0,0,0,0,0,0,,0
00-0021678,Tony Romo,QB,2008,14,REG,2008_14_DAL_PIT,DAL,PIT,19,36,210,1,3,3,-16,1,6,0,0,0,0,0,0,0,0,0,0,0,,0,0,0,0,0,0,0,0,0,0,0,,0
00-0021746,Glenn Pakulak,P,2008,14,REG,2008_14_ATL_NO,NO,ATL,0,0,0,0,0,0,0,0,0,0,0,0,0,0,0,0,0,0,0,0,,0,0,0,0,0,0,0,0,3,152,150,55,1
00-0021756,Will Heller,TE,2008,14,REG,2008_14_NE_SEA,SEA,NE,0,0,0,0,0,0,0,0,0,0,0,0,1,0,5,0,0,0,0,0,,0,0,0,0,0,0,0,0,0,0,0,,0
00-0021845,Cecil Sapp,RB,2008,14,REG,2008_14_HOU_GB,HOU,GB,0,0,0,0,0,0,0,1,-3,0,0,0,0,0,0,0,0,0,0,0,,0,0,0,0,0,0,0,0,0,0,0,,0
00-0021915,Sam Aiken,WR,2008,14,REG,2008_14_NE_SEA,NE,SEA,0,0,0,0,0,0,0,0,0,0,0,0,1,0,6,0,0,0,0,0,,0,0,0,0,0,0,0,0,0,0,0,,0
00-0021929,Donald Lee,TE,2008,14,REG,2008_14_HOU_GB,GB,HOU,0,0,0,0,0,0,0,0,0,0,0,0,3,0,48,1,2,0,0,0,,0,0,0,0,0,0,0,0,0,0,0,,0
00-0021931,Kevin Walter,WR,2008,14,REG,2008_14_HOU_GB,HOU,GB,0,0,0,0,0,0,0,0,0,0,0,0,6,0,146,1,5,0,0,0,,0,0,0,0,0,0,0,0,0,0,0,,0
00-0021940,Josh Brown,K,2008,14,REG,2008_14_STL_ARI,LA,ARI,0,0,0,0,0,0,0,0,0,0,0,0,0,0,0,0,0,0,1,2,51,0,0,0,0,1,0,1,1,0,0,0,,0
00-0021976,Larry Johnson,RB,2008,14,REG,2008_14_KC_DEN,KC,DEN,0,0,0,0,0,0,0,11,36,0,3,0,0,0,0,0,0,0,0,0,,0,0,0,0,0,0,0,0,0,0,0,,0
00-0021982,Justin Gage,WR,2008,14,REG,2008_14_CLE_TEN,TEN,CLE,0,0,0,0,0,0,0,0,0,0,0,0,2,0,18,1,1,0,0,0,,0,0,0,0,0,0,0,0,0,0,0,,0
00-0022001,Kevin Curtis,WR,2008,14,REG,2008_14_PHI_NYG,PHI,NYG,0,0,0,0,0,0,0,0,0,0,0,0,2,0,42,0,2,0,0,0,,0,0,0,0,0,0,0,0,0,0,0,,0
00-0022003,B.J. Askew,FB,2008,14,REG,2008_14_TB_CAR,TB,CAR,0,0,0,0,0,0,0,3,9,0,3,0,1,0,9,0,1,0,0,0,,0,0,0,0,0,0,0,0,0,0,0,,0
00-0022017,Mike Scifres,P,2008,14,REG,2008_14_OAK_SD,LAC,LV,0,0,0,0,0,0,0,0,0,0,0,0,0,0,0,0,0,0,0,0,,0,0,0,0,0,0,0,0,5,230,227,58,1
00-0022039,Ken Dorsey,QB,2008,14,REG,2008_14_CLE_TEN,CLE,TEN,22,43,150,0,1,1,-7,1,0,0,0,0,0,0,0,0,0,0,0,0,,0,0,0,0,0,0,0,0,0,0,0,,0
00-0022044,Andre Johnson,WR,2008,14,REG,2008_14_HOU_GB,HOU,GB,0,0,0,0,0,0,0,0,0,0,0,0,4,0,55,1,3,0,0,0,,0,0,0,0,0,0,0,0,0,0,0,,0
00-0022054,Visanthe Shiancoe,TE,2008,14,REG,2008_14_MIN_DET,MIN,DET,0,0,0,0,0,0,0,0,0,0,0,0,5,0,65,1,4,0,0,0,,0,0,0,0,0,0,0,0,0,0,0,,0
00-0022055,Seneca Wallace,QB,2008,14,REG,2008_14_NE_SEA,SEA,NE,20,28,212,3,0,1,-7,3,47,0,3,0,0,0,0,0,0,0,0,0,,0,0,0,0,0,0,0,0,0,0,0,,0
00-0022084,Anquan Boldin,WR,2008,14,REG,2008_14_STL_ARI,ARI,LA,0,0,0,0,0,0,0,0,0,0,0,0,5,0,62,0,2,0,0,0,,0,0,0,0,0,0,0,0,0,0,0,,0
00-0022093,Justin Fargas,RB,2008,14,REG,2008_14_OAK_SD,LV,LAC,0,0,0,0,0,0,0,12,50,0,1,0,2,0,9,0,0,0,0,0,,0,0,0,0,0,0,0,0,0,0,0,,0
00-0022126,L.J. Smith,TE,2008,14,REG,2008_14_PHI_NYG,PHI,NYG,0,0,0,0,0,0,0,0,0,0,0,0,6,0,44,0,3,0,0,0,,0,0,0,0,0,0,0,0,0,0,0,,0
00-0022127,Jason Witten,TE,2008,14,REG,2008_14_DAL_PIT,DAL,PIT,0,0,0,0,0,0,0,0,0,0,0,0,6,0,62,0,3,0,0,0,,0,0,0,0,0,0,0,0,0,0,0,,0
00-0022143,Ovie Mughelli,FB,2008,14,REG,2008_14_ATL_NO,ATL,NO,0,0,0,0,0,0,0,1,2,0,1,0,0,0,0,0,0,0,0,0,,0,0,0,0,0,0,0,0,0,0,0,,0
00-0022144,Bobby Wade,WR,2008,14,REG,2008_14_MIN_DET,MIN,DET,0,0,0,0,0,0,0,0,0,0,0,0,2,0,19,0,1,0,0,0,,0,0,0,0,0,0,0,0,0,0,0,,0
00-0022156,Bryant Johnson,WR,2008,14,REG,2008_14_NYJ_SF,SF,NYJ,0,0,0,0,0,0,0,0,0,0,0,0,6,0,49,1,2,0,0,0,,0,0,0,0,0,0,0,0,0,0,0,,0
00-0022165,Dallas Clark,TE,2008,14,REG,2008_14_CIN_IND,IND,CIN,0,0,0,0,0,0,0,0,0,0,0,0,4,0,29,1,1,1,0,0,,0,0,0,0,0,0,0,0,0,0,0,,0
00-0022178,Willis McGahee,RB,2008,14,REG,2008_14_WAS_BAL,BAL,WAS,0,0,0,0,0,0,0,11,32,0,1,1,1,0,-8,0,0,0,0,0,,0,0,0,0,0,0,0,0,0,0,0,,0
00-0022181,Drew Henson,QB,2008,14,REG,2008_14_MIN_DET,DET,MIN,0,0,0,0,0,1,-6,0,0,0,0,0,0,0,0,0,0,0,0,0,,0,0,0,0,0,0,0,0,0,0,0,,0
00-0022217,Mewelde Moore,RB,2008,14,REG,2008_14_DAL_PIT,PIT,DAL,0,0,0,0,0,0,0,5,22,0,2,0,4,0,36,0,2,0,0,0,,0,0,0,0,0,0,0,0,0,0,0,,0
00-0022250,Willie Parker,RB,2008,14,REG,2008_14_DAL_PIT,PIT,DAL,0,0,0,0,0,0,0,12,25,0,0,0,0,0,0,0,0,0,0,0,,0,0,0,0,0,0,0,0,0,0,0,,0
00-0022277,John Standeford,WR,2008,14,REG,2008_14_MIN_DET,DET,MIN,0,0,0,0,0,0,0,0,0,0,0,0,1,0,5,0,0,0,0,0,,0,0,0,0,0,0,0,0,0,0,0,,0
00-0022288,Jason Wright,RB,2008,14,REG,2008_14_CLE_TEN,CLE,TEN,0,0,0,0,0,0,0,2,1,0,0,0,5,0,40,0,2,0,0,0,,0,0,0,0,0,0,0,0,0,0,0,,0
00-0022397,Vonta Leach,FB,2008,14,REG,2008_14_HOU_GB,HOU,GB,0,0,0,0,0,0,0,0,0,0,0,0,3,0,48,0,2,0,0,0,,0,0,0,0,0,0,0,0,0,0,0,,0
00-0022405,Lousaka Polite,FB,2008,14,REG,2008_14_MIA_BUF,MIA,BUF,0,0,0,0,0,0,0,3,7,0,2,0,2,0,3,0,0,0,0,0,,0,0,0,0,0,0,0,0,0,0,0,,0
00-0022414,Malcom Floyd,WR,2008,14,REG,2008_14_OAK_SD,LAC,LV,0,0,0,0,0,0,0,0,0,0,0,0,1,0,19,0,1,0,0,0,,0,0,0,0,0,0,0,0,0,0,0,,0
00-0022421,Ruvell Martin,WR,2008,14,REG,2008_14_HOU_GB,GB,HOU,0,0,0,0,0,0,0,0,0,0,0,0,2,0,17,0,1,0,0,0,,0,0,0,0,0,0,0,0,0,0,0,,0
00-0022427,Wes Welker,WR,2008,14,REG,2008_14_NE_SEA,NE,SEA,0,0,0,0,0,0,0,0,0,0,0,0,12,0,134,0,8,0,0,0,,0,0,0,0,0,0,0,0,0,0,0,,0
00-0022434,Carey Davis,RB,2008,14,REG,2008_14_DAL_PIT,PIT,DAL,0,0,0,0,0,0,0,0,0,0,0,0,1,0,0,0,0,0,0,0,,0,0,0,0,0,0,0,0,0,0,0,,0
00-0022589,Kyle Larson,P,2008,14,REG,2008_14_CIN_IND,CIN,IND,0,0,0,0,0,0,0,0,0,0,0,0,0,0,0,0,0,0,0,0,,0,0,0,0,0,0,0,0,4,127,127,49,1
00-0022684,Donnie Jones,P,2008,14,REG,2008_14_STL_ARI,LA,ARI,0,0,0,0,0,0,0,0,0,0,0,0,0,0,0,0,0,0,0,0,,0,0,0,0,0,0,0,0,2,111,73,56,0
00-0022706,Michael Gaines,TE,2008,14,REG,2008_14_MIN_DET,DET,MIN,0,0,0,0,0,0,0,0,0,0,0,0,1,0,27,0,1,0,0,0,,0,0,0,0,0,0,0,0,0,0,0,,0
00-0022725,Michael Clayton,WR,2008,14,REG,2008_14_TB_CAR,TB,CAR,0,0,0,0,0,0,0,0,0,0,0,0,1,0,15,0,1,0,0,0,,0,0,0,0,0,0,0,0,0,0,0,,0
00-0022726,Keary Colbert,WR,2008,14,REG,2008_14_MIN_DET,DET,MIN,0,0,0,0,0,0,0,0,0,0,0,0,2,0,32,0,1,0,0,0,,0,0,0,0,0,0,0,0,0,0,0,,0
00-0022736,Steven Jackson,RB,2008,14,REG,2008_14_STL_ARI,LA,ARI,0,0,0,0,0,0,0,19,64,0,3,2,4,0,3,1,2,0,0,0,,0,0,0,0,0,0,0,0,0,0,0,,0
00-0022737,Nate Kaeding,K,2008,14,REG,2008_14_OAK_SD,LAC,LV,0,0,0,0,0,0,0,0,0,0,0,0,0,0,0,0,0,0,2,2,39,0,1,1,0,0,0,4,4,0,0,0,,0
00-0022738,Chris Cooley,TE,2008,14,REG,2008_14_WAS_BAL,WAS,BAL,0,0,0,0,0,0,0,0,0,0,0,0,1,0,12,0,1,0,0,0,,0,0,0,0,0,0,0,0,0,0,0,,0
00-0022746,Jeff Dugan,TE,2008,14,REG,2008_14_MIN_DET,MIN,DET,0,0,0,0,0,0,0,1,2,0,1,0,0,0,0,0,0,0,0,0,,0,0,0,0,0,0,0,0,0,0,0,,0
00-0022770,Derrick Ward,RB,2008,14,REG,2008_14_PHI_NYG,NYG,PHI,0,0,0,0,0,0,0,8,39,0,2,0,1,0,2,0,0,0,0,0,,0,0,0,0,0,0,0,0,0,0,0,,0
00-0022781,Michael Jenkins,WR,2008,14,REG,2008_14_ATL_NO,ATL,NO,0,0,0,0,0,0,0,0,0,0,0,0,5,0,69,0,4,0,0,0,,0,0,0,0,0,0,0,0,0,0,0,,0
00-0022787,Matt Schaub,QB,2008,14,REG,2008_14_HOU_GB,HOU,GB,28,42,414,2,1,1,-6,1,0,0,0,0,0,0,0,0,0,0,0,0,,0,0,0,0,0,0,0,0,0,0,0,,0
00-0022796,Mike Karney,FB,2008,14,REG,2008_14_ATL_NO,NO,ATL,0,0,0,0,0,0,0,1,2,0,1,0,0,0,0,0,0,0,0,0,,0,0,0,0,0,0,0,0,0,0,0,,0
00-0022803,Eli Manning,QB,2008,14,REG,2008_14_PHI_NYG,NYG,PHI,13,27,123,1,0,0,0,0,0,0,0,0,0,0,0,0,0,0,0,0,,0,0,0,0,0,0,0,0,0,0,0,,0
00-0022807,Bernard Berrian,WR,2008,14,REG,2008_14_MIN_DET,MIN,DET,0,0,0,0,0,0,0,0,0,0,0,0,3,0,29,0,2,0,0,0,,0,0,0,0,0,0,0,0,0,0,0,,0
00-0022811,Jerricho Cotchery,WR,2008,14,REG,2008_14_NYJ_SF,NYJ,SF,0,0,0,0,0,0,0,0,0,0,0,0,1,0,10,0,1,0,0,0,,0,0,0,0,0,0,0,0,0,0,0,,0
00-0022821,Michael Turner,RB,2008,14,REG,2008_14_ATL_NO,ATL,NO,0,0,0,0,0,0,0,18,61,1,4,0,0,0,0,0,0,0,0,0,,0,0,0,0,0,0,0,0,0,0,0,,0
00-0022824,Andy Lee,P,2008,14,REG,2008_14_NYJ_SF,SF,NYJ,0,0,0,0,0,0,0,0,0,0,0,0,0,0,0,0,0,0,0,0,,0,0,0,0,0,0,0,0,4,178,164,56,1
00-0022874,Josh Scobee,K,2008,14,REG,2008_14_JAX_CHI,JAX,CHI,0,0,0,0,0,0,0,0,0,0,0,0,0,0,0,0,0,0,1,1,42,0,0,0,1,0,0,1,1,0,0,0,,0
00-0022889,Reggie Williams,WR,2008,14,REG,2008_14_JAX_CHI,JAX,CHI,0,0,0,0,0,0,0,0,0,0,0,0,2,0,16,0,1,0,0,0,,0,0,0,0,0,0,0,0,0,0,0,,0
00-0022893,Tatum Bell,RB,2008,14,REG,2008_14_KC_DEN,DEN,KC,0,0,0,0,0,0,0,11,52,0,3,0,2,0,16,0,0,0,0,0,,0,0,0,0,0,0,0,0,0,0,0,,0
00-0022901,Ernest Wilford,WR,2008,14,REG,2008_14_MIA_BUF,MIA,BUF,0,0,0,0,0,0,0,0,0,0,0,0,2,0,10,0,1,0,0,0,,0,0,0,0,0,0,0,0,0,0,0,,0
00-0022909,Roy Williams,WR,2008,14,REG,2008_14_DAL_PIT,DAL,PIT,0,0,0,0,0,0,0,0,0,0,0,0,2,0,16,0,1,0,0,0,,0,0,0,0,0,0,0,0,0,0,0,,0
00-0022910,Lee Evans,WR,2008,14,REG,2008_14_MIA_BUF,BUF,MIA,0,0,0,0,0,0,0,0,0,0,0,0,3,0,23,0,1,0,0,0,,0,0,0,0,0,0,0,0,0,0,0,,0
00-0022912,J.P. Losman,QB,2008,14,REG,2008_14_MIA_BUF,BUF,MIA,13,27,123,0,1,4,-44,5,53,0,4,0,0,0,0,0,0,0,0,0,,0,0,0,0,0,0,0,0,0,0,0,,0
00-0022921,Larry Fitzgerald,WR,2008,14,REG,2008_14_STL_ARI,ARI,LA,0,0,0,0,0,0,0,0,0,0,0,0,6,0,73,1,4,0,0,0,,0,0,0,0,0,0,0,0,0,0,0,,0
00-0022924,Ben Roethlisberger,QB,2008,14,REG,2008_14_DAL_PIT,PIT,DAL,17,33,204,1,0,5,-36,5,17,0,1,1,0,0,0,0,0,0,0,0,,0,0,0,0,0,0,0,0,0,0,0,,0
00-0022926,Chris Perry,RB,2008,14,REG,2008_14_CIN_IND,CIN,IND,0,0,0,0,0,0,0,1,0,0,0,0,1,0,12,0,1,0,0,0,,0,0,0,0,0,0,0,0,0,0,0,,0
00-0022929,Devery Henderson,WR,2008,14,REG,2008_14_ATL_NO,NO,ATL,0,0,0,0,0,0,0,0,0,0,0,0,3,0,72,0,3,0,0,0,,0,0,0,0,0,0,0,0,0,0,0,,0
00-0022942,Philip Rivers,QB,2008,14,REG,2008_14_OAK_SD,LAC,LV,10,22,214,3,0,0,0,5,19,0,3,0,0,0,0,0,0,0,0,0,,0,0,0,0,0,0,0,0,0,0,0,,0
00-0022943,Benjamin Watson,TE,2008,14,REG,2008_14_NE_SEA,NE,SEA,0,0,0,0,0,0,0,0,0,0,0,0,1,0,2,1,1,0,0,0,,0,0,0,0,0,0,0,0,0,0,0,,0
00-0022954,Ben Graham,P,2008,14,REG,2008_14_STL_ARI,ARI,LA,0,0,0,0,0,0,0,0,0,0,0,0,0,0,0,0,0,0,0,0,,0,0,0,0,0,0,0,0,3,126,93,50,2
00-0022984,Ryan Grant,RB,2008,14,REG,2008_14_HOU_GB,GB,HOU,0,0,0,0,0,0,0,19,104,1,5,0,1,0,8,0,0,0,0,0,,0,0,0,0,0,0,0,0,0,0,0,,0
00-0023001,Shaun Suisham,K,2008,14,REG,2008_14_WAS_BAL,WAS,BAL,0,0,0,0,0,0,0,0,0,0,0,0,0,0,0,0,0,0,1,2,43,0,0,0,1,0,0,1,1,0,0,0,,0
00-0023060,Chris Kluwe,P,2008,14,REG,2008_14_MIN_DET,MIN,DET,0,0,0,0,0,0,0,0,0,0,0,0,0,0,0,0,0,0,0,0,,0,0,0,0,0,0,0,0,2,114,81,59,0
00-0023063,Leonard Weaver,FB,2008,14,REG,2008_14_NE_SEA,SEA,NE,0,0,0,0,0,0,0,5,32,0,2,0,1,0,4,0,0,0,0,0,,0,0,0,0,0,0,0,0,0,0,0,,0
00-0023108,Stephen Spach,TE,2008,14,REG,2008_14_STL_ARI,ARI,LA,0,0,0,0,0,0,0,0,0,0,0,0,2,0,15,0,1,0,0,0,,0,0,0,0,0,0,0,0,0,0,0,,0
00-0023176,Josh Cribbs,WR,2008,14,REG,2008_14_CLE_TEN,CLE,TEN,0,1,0,0,0,0,0,6,24,0,1,0,0,0,0,0,0,0,0,0,,0,0,0,0,0,0,0,0,0,0,0,,0
00-0023179,Tony Curtis,TE,2008,14,REG,2008_14_DAL_PIT,DAL,PIT,0,0,0,0,0,0,0,0,0,0,0,0,1,0,3,0,0,0,0,0,,0,0,0,0,0,0,0,0,0,0,0,,0
00-0023210,Tory Humphrey,TE,2008,14,REG,2008_14_HOU_GB,GB,HOU,0,0,0,0,0,0,0,0,0,0,0,0,1,0,22,0,1,0,0,0,,0,0,0,0,0,0,0,0,0,0,0,,0
00-0023234,Michael Koenen,P,2008,14,REG,2008_14_ATL_NO,ATL,NO,0,0,0,0,0,0,0,0,0,0,0,0,0,0,0,0,0,0,0,0,,0,0,0,0,0,0,0,0,4,190,190,52,1
00-0023251,Kyle Eckel,RB,2008,14,REG,2008_14_PHI_NYG,PHI,NYG,0,0,0,0,0,0,0,1,2,0,1,0,0,0,0,0,0,0,0,0,,0,0,0,0,0,0,0,0,0,0,0,,0
00-0023252,Robbie Gould,K,2008,14,REG,2008_14_JAX_CHI,CHI,JAX,0,0,0,0,0,0,0,0,0,0,0,0,0,0,0,0,0,0,3,3,36,0,1,2,0,0,0,2,2,0,0,0,,0
00-0023310,Lance Moore,WR,2008,14,REG,2008_14_ATL_NO,NO,ATL,0,0,0,0,0,0,0,0,0,0,0,0,3,0,35,0,2,0,0,0,,0,0,0,0,0,0,0,0,0,0,0,,0
00-0023367,Nate Washington,WR,2008,14,REG,2008_14_DAL_PIT,PIT,DAL,0,0,0,0,0,0,0,0,0,0,0,0,4,0,58,0,3,0,0,0,,0,0,0,0,0,0,0,0,0,0,0,,0
00-0023429,Rashied Davis,WR,2008,14,REG,2008_14_JAX_CHI,CHI,JAX,0,0,0,0,0,0,0,0,0,0,0,0,2,0,14,0,0,0,0,0,,0,0,0,0,0,0,0,0,0,0,0,,0
00-0023437,Ronnie Brown,RB,2008,14,REG,2008_14_MIA_BUF,MIA,BUF,0,0,0,0,0,0,0,16,70,0,3,0,2,0,18,0,1,0,0,0,,0,0,0,0,0,0,0,0,0,0,0,,0
00-0023438,Braylon Edwards,WR,2008,14,REG,2008_14_CLE_TEN,CLE,TEN,0,0,0,0,0,0,0,0,0,0,0,0,3,0,38,0,1,0,0,0,,0,0,0,0,0,0,0,0,0,0,0,,0
00-0023439,Cedric Benson,RB,2008,14,REG,2008_14_CIN_IND,CIN,IND,0,0,0,0,0,0,0,16,57,0,4,0,2,0,1,0,0,0,0,0,,0,0,0,0,0,0,0,0,0,0,0,,0
00-0023440,Cadillac Williams,RB,2008,14,REG,2008_14_TB_CAR,TB,CAR,0,0,0,0,0,0,0,9,22,1,1,0,1,0,6,0,0,0,0,0,,0,0,0,0,0,0,0,0,0,0,0,,0
00-0023443,Antrel Rolle,S,2008,14,REG,2008_14_STL_ARI,ARI,LA,0,0,0,0,0,0,0,0,0,0,0,0,1,0,9,0,1,0,0,0,,0,0,0,0,0,0,0,0,0,0,0,,0
00-0023456,Matt Jones,WR,2008,14,REG,2008_14_JAX_CHI,JAX,CHI,0,0,0,0,0,0,0,0,0,0,0,0,3,0,34,0,3,0,0,0,,0,0,0,0,0,0,0,0,0,0,0,,0
00-0023457,Mark Clayton,WR,2008,14,REG,2008_14_WAS_BAL,BAL,WAS,0,0,0,0,0,0,0,1,12,0,1,0,2,0,19,0,1,0,0,0,,0,0,0,0,0,0,0,0,0,0,0,,0
00-0023459,Aaron Rodgers,QB,2008,14,REG,2008_14_HOU_GB,GB,HOU,19,30,295,2,1,2,-16,1,4,0,0,0,0,0,0,0,0,0,0,0,,0,0,0,0,0,0,0,0,0,0,0,,0
00-0023460,Jason Campbell,QB,2008,14,REG,2008_14_WAS_BAL,WAS,BAL,21,37,218,1,2,2,-26,2,11,0,0,0,0,0,0,0,0,0,0,0,,0,0,0,0,0,0,0,0,0,0,0,,0
00-0023462,Roddy White,WR,2008,14,REG,2008_14_ATL_NO,ATL,NO,0,0,0,0,0,0,0,0,0,0,0,0,10,0,164,0,5,0,0,0,,0,0,0,0,0,0,0,0,0,0,0,,0
00-0023465,Heath Miller,TE,2008,14,REG,2008_14_DAL_PIT,PIT,DAL,0,0,0,0,0,0,0,0,0,0,0,0,3,0,20,1,1,1,0,0,,0,0,0,0,0,0,0,0,0,0,0,,0
00-0023479,J.J. Arrington,RB,2008,14,REG,2008_14_STL_ARI,ARI,LA,0,0,0,0,0,0,0,5,22,0,1,0,3,0,30,0,2,0,0,0,,0,0,0,0,0,0,0,0,0,0,0,,0
00-0023490,Roscoe Parrish,WR,2008,14,REG,2008_14_MIA_BUF,BUF,MIA,0,0,0,0,0,0,0,0,0,0,0,0,2,0,19,0,2,0,0,0,,0,0,0,0,0,0,0,0,0,0,0,,0
00-0023496,Vincent Jackson,WR,2008,14,REG,2008_14_OAK_SD,LAC,LV,0,0,0,0,0,0,0,0,0,0,0,0,5,0,148,1,5,0,0,0,,0,0,0,0,0,0,0,0,0,0,0,,0
00-0023500,Frank Gore,RB,2008,14,REG,2008_14_NYJ_SF,SF,NYJ,0,0,0,0,0,0,0,14,52,0,3,0,3,0,13,1,1,0,0,0,,0,0,0,0,0,0,0,0,0,0,0,,0
00-0023504,Andrew Walter,QB,2008,14,REG,2008_14_OAK_SD,LV,LAC,8,17,61,0,1,2,-20,1,0,0,0,0,0,0,0,0,0,0,0,0,,0,0,0,0,0,0,0,0,0,0,0,,0
00-0023506,Alex Smith,TE,2008,14,REG,2008_14_TB_CAR,TB,CAR,0,0,0,0,0,0,0,0,0,0,0,0,1,0,20,0,1,0,0,0,,0,0,0,0,0,0,0,0,0,0,0,,0
00-0023512,Ryan Moats,RB,2008,14,REG,2008_14_HOU_GB,HOU,GB,0,0,0,0,0,0,0,2,6,0,0,0,0,0,0,0,0,0,0,0,,0,0,0,0,0,0,0,0,0,0,0,,0
00-0023518,Chris Henry,WR,2008,14,REG,2008_14_CIN_IND,CIN,IND,0,0,0,0,0,0,0,0,0,0,0,0,2,0,20,0,1,0,0,0,,0,0,0,0,0,0,0,0,0,0,0,,0
00-0023531,Brandon Jones,WR,2008,14,REG,2008_14_CLE_TEN,TEN,CLE,0,0,0,0,0,0,0,0,0,0,0,0,2,0,18,0,1,0,0,0,,0,0,0,0,0,0,0,0,0,0,0,,0
00-0023534,Dustin Colquitt,P,2008,14,REG,2008_14_KC_DEN,KC,DEN,0,0,0,0,0,0,0,0,0,0,0,0,0,0,0,0,0,0,0,0,,0,0,0,0,0,0,0,0,3,153,113,56,1
00-0023541,Kyle Orton,QB,2008,14,REG,2008_14_JAX_CHI,CHI,JAX,20,34,219,2,1,1,-9,2,-2,0,0,0,0,0,0,0,0,0,0,0,,0,0,0,0,0,0,0,0,0,0,0,,0
00-0023545,Brandon Jacobs,RB,2008,14,REG,2008_14_PHI_NYG,NYG,PHI,0,0,0,0,0,0,0,10,52,0,1,0,0,0,0,0,0,0,0,0,,0,0,0,0,0,0,0,0,0,0,0,,0
00-0023564,Darren Sproles,RB,2008,14,REG,2008_14_OAK_SD,LAC,LV,0,0,0,0,0,0,0,9,30,0,2,0,3,0,34,2,3,0,0,0,,0,0,0,0,0,0,0,0,0,0,0,,0
00-0023612,Bo Scaife,TE,2008,14,REG,2008_14_CLE_TEN,TEN,CLE,0,0,0,0,0,0,0,0,0,0,0,0,2,0,19,0,1,0,0,0,,0,0,0,0,0,0,0,0,0,0,0,,0
00-0023630,Joel Dreessen,TE,2008,14,REG,2008_14_HOU_GB,HOU,GB,0,0,0,0,0,0,0,0,0,0,0,0,1,0,4,0,0,0,0,0,,0,0,0,0,0,0,0,0,0,0,0,,0
00-0023642,Reggie Hodges,P,2008,14,REG,2008_14_NYJ_SF,NYJ,SF,0,0,0,0,0,0,0,0,0,0,0,0,0,0,0,0,0,0,0,0,,0,0,0,0,0,0,0,0,6,258,221,53,1
00-0023662,Matt Cassel,QB,2008,14,REG,2008_14_NE_SEA,NE,SEA,26,44,268,1,0,3,-8,7,14,0,1,0,0,0,0,0,0,0,0,0,,0,0,0,0,0,0,0,0,0,0,0,,0
00-0023679,Billy Bajema,TE,2008,14,REG,2008_14_NYJ_SF,SF,NYJ,0,0,0,0,0,0,0,0,0,0,0,0,1,0,5,0,0,0,0,0,,0,0,0,0,0,0,0,0,0,0,0,,0
00-0023682,Ryan Fitzpatrick,QB,2008,14,REG,2008_14_CIN_IND,CIN,IND,18,26,170,0,2,4,-23,3,17,0,0,1,0,0,0,0,0,0,0,0,,0,0,0,0,0,0,0,0,0,0,0,,0
00-0023742,Jon Ryan,P,2008,14,REG,2008_14_NE_SEA,SEA,NE,0,0,0,0,0,0,0,0,0,0,0,0,0,0,0,0,0,0,0,0,,0,0,0,0,0,0,0,0,5,197,177,54,3
00-0023752,Daniel Fells,TE,2008,14,REG,2008_14_STL_ARI,LA,ARI,0,0,0,0,0,0,0,0,0,0,0,0,2,0,25,0,2,0,0,0,,0,0,0,0,0,0,0,0,0,0,0,,0
00-0023797,Darcy Johnson,TE,2008,14,REG,2008_14_PHI_NYG,NYG,PHI,0,0,0,0,0,0,0,0,0,0,0,0,1,0,1,1,1,0,0,0,,0,0,0,0,0,0,0,0,0,0,0,,0
00-0023853,Matt Prater,K,2008,14,REG,2008_14_KC_DEN,DEN,KC,0,0,0,0,0,0,0,0,0,0,0,0,0,0,0,0,0,0,1,2,33,0,0,1,0,0,0,3,3,0,0,0,,0
00-0024013,Hank Baskett,WR,2008,14,REG,2008_14_PHI_NYG,PHI,NYG,0,0,0,0,0,0,0,0,0,0,0,0,2,0,16,0,0,0,0,0,,0,0,0,0,0,0,0,0,0,0,0,,0
00-0024110,Steve Weatherford,P,2008,14,REG,2008_14_JAX_CHI,JAX,CHI,0,0,0,0,0,0,0,0,0,0,0,0,0,0,0,0,0,0,0,0,,0,0,0,0,0,0,0,0,7,281,259,47,1
00-0024217,Reggie Bush,RB,2008,14,REG,2008_14_ATL_NO,NO,ATL,0,0,0,0,0,0,0,10,80,0,1,0,3,0,26,1,2,0,0,0,,0,0,0,0,0,0,0,0,0,0,0,,0
00-0024221,Vernon Davis,TE,2008,14,REG,2008_14_NYJ_SF,SF,NYJ,0,0,0,0,0,0,0,0,0,0,0,0,3,0,29,0,1,0,0,0,,0,0,0,0,0,0,0,0,0,0,0,,0
00-0024226,Jay Cutler,QB,2008,14,REG,2008_14_KC_DEN,DEN,KC,32,40,286,2,1,0,0,8,16,0,2,0,0,0,0,0,0,0,0,0,,0,0,0,0,0,0,0,0,0,0,0,,0
00-0024240,Santonio Holmes,WR,2008,14,REG,2008_14_DAL_PIT,PIT,DAL,0,0,0,0,0,0,0,0,0,0,0,0,3,0,82,0,2,0,0,0,,0,0,0,0,0,0,0,0,0,0,0,,0
00-0024242,DeAngelo Williams,RB,2008,14,REG,2008_14_TB_CAR,CAR,TB,0,0,0,0,0,0,0,19,186,2,8,0,1,0,6,0,0,0,0,0,,0,0,0,0,0,0,0,0,0,0,0,,0
00-0024243,Marcedes Lewis,TE,2008,14,REG,2008_14_JAX_CHI,JAX,CHI,0,0,0,0,0,0,0,0,0,0,0,0,4,0,43,0,1,0,0,0,,0,0,0,0,0,0,0,0,0,0,0,,0
00-0024245,Joseph Addai,RB,2008,14,REG,2008_14_CIN_IND,IND,CIN,0,0,0,0,0,0,0,10,26,0,1,0,2,0,14,0,1,0,0,0,,0,0,0,0,0,0,0,0,0,0,0,,0
00-0024259,Sinorice Moss,WR,2008,14,REG,2008_14_PHI_NYG,NYG,PHI,0,0,0,0,0,0,0,0,0,0,0,0,1,0,13,0,0,0,0,0,,0,0,0,0,0,0,0,0,0,0,0,,0
00-0024260,LenDale White,RB,2008,14,REG,2008_14_CLE_TEN,TEN,CLE,0,0,0,0,0,0,0,24,99,1,5,0,1,0,2,0,0,1,0,0,,0,0,0,0,0,0,0,0,0,0,0,,0
00-0024261,Joe Klopfenstein,TE,2008,14,REG,2008_14_STL_ARI,LA,ARI,0,0,0,0,0,0,0,0,0,0,0,0,2,0,37,0,2,0,0,0,,0,0,0,0,0,0,0,0,0,0,0,,0
00-0024267,Greg Jennings,WR,2008,14,REG,2008_14_HOU_GB,GB,HOU,0,0,0,0,0,0,0,0,0,0,0,0,2,0,74,0,2,0,0,0,,0,0,0,0,0,0,0,0,0,0,0,,0
00-0024268,Anthony Fasano,TE,2008,14,REG,2008_14_MIA_BUF,MIA,BUF,0,0,0,0,0,0,0,0,0,0,0,0,3,0,36,1,1,0,0,0,,0,0,0,0,0,0,0,0,0,0,0,,0
00-0024272,Devin Hester,WR,2008,14,REG,2008_14_JAX_CHI,CHI,JAX,0,0,0,0,0,0,0,0,0,0,0,0,5,0,80,0,3,0,0,0,,0,0,0,0,0,0,0,0,0,0,0,,0
00-0024275,Maurice Jones-Drew,RB,2008,14,REG,2008_14_JAX_CHI,JAX,CHI,0,0,0,0,0,0,0,12,55,0,2,0,7,0,47,1,2,0,0,0,,0,0,0,0,0,0,0,0,0,0,0,,0
00-0024276,Tony Scheffler,TE,2008,14,REG,2008_14_KC_DEN,DEN,KC,0,0,0,0,0,0,0,0,0,0,0,0,5,0,61,0,4,0,0,0,,0,0,0,0,0,0,0,0,0,0,0,,0
00-0024279,Tarvaris Jackson,QB,2008,14,REG,2008_14_MIN_DET,MIN,DET,8,10,105,1,0,1,0,2,-1,0,0,0,0,0,0,0,0,0,0,0,,0,0,0,0,0,0,0,0,0,0,0,,0
00-0024294,Jerious Norwood,RB,2008,14,REG,2008_14_ATL_NO,ATL,NO,0,0,0,0,0,0,0,5,18,0,1,0,4,0,20,0,0,0,0,0,,0,0,0,0,0,0,0,0,0,0,0,,0
00-0024313,Owen Daniels,TE,2008,14,REG,2008_14_HOU_GB,HOU,GB,0,0,0,0,0,0,0,0,0,0,0,0,6,0,65,0,3,1,0,0,,0,0,0,0,0,0,0,0,0,0,0,,0
00-0024315,Michael Robinson,FB,2008,14,REG,2008_14_NYJ_SF,SF,NYJ,0,0,0,0,0,0,0,2,5,0,0,1,1,0,13,0,1,0,0,0,,0,0,0,0,0,0,0,0,0,0,0,,0
00-0024318,Brad Smith,WR,2008,14,REG,2008_14_NYJ_SF,NYJ,SF,0,0,0,0,0,0,0,0,0,0,0,0,2,0,7,0,0,0,0,0,,0,0,0,0,0,0,0,0,0,0,0,,0
00-0024324,Jason Avant,WR,2008,14,REG,2008_14_PHI_NYG,PHI,NYG,0,0,0,0,0,0,0,0,0,0,0,0,1,0,9,0,1,0,0,0,,0,0,0,0,0,0,0,0,0,0,0,,0
00-0024332,Leon Washington,RB,2008,14,REG,2008_14_NYJ_SF,NYJ,SF,0,0,0,0,0,0,0,1,1,0,0,0,6,0,31,0,0,0,0,0,,0,0,0,0,0,0,0,0,0,0,0,,0
00-0024333,Stephen Gostkowski,K,2008,14,REG,2008_14_NE_SEA,NE,SEA,0,0,0,0,0,0,0,0,0,0,0,0,0,0,0,0,0,0,3,3,50,0,1,0,1,1,0,1,1,0,0,0,,0
00-0024334,Brandon Marshall,WR,2008,14,REG,2008_14_KC_DEN,DEN,KC,0,0,0,0,0,0,0,0,0,0,0,0,11,0,91,2,7,0,0,0,,0,0,0,0,0,0,0,0,0,0,0,,0
00-0024345,Domenik Hixon,WR,2008,14,REG,2008_14_PHI_NYG,NYG,PHI,0,0,0,0,0,0,0,0,0,0,0,0,3,0,30,0,2,0,0,0,,0,0,0,0,0,0,0,0,0,0,0,,0
00-0024359,Jerome Harrison,RB,2008,14,REG,2008_14_CLE_TEN,CLE,TEN,0,0,0,0,0,0,0,2,2,0,0,0,2,0,6,0,0,0,0,0,,0,0,0,0,0,0,0,0,0,0,0,,0
00-0024389,Delanie Walker,TE,2008,14,REG,2008_14_NYJ_SF,SF,NYJ,0,0,0,0,0,0,0,0,0,0,0,0,1,0,15,0,1,0,0,0,,0,0,0,0,0,0,0,0,0,0,0,,0
00-0024394,Lawrence Vickers,FB,2008,14,REG,2008_14_CLE_TEN,CLE,TEN,0,0,0,0,0,0,0,1,1,0,1,0,1,0,-1,0,0,0,0,0,,0,0,0,0,0,0,0,0,0,0,0,,0
00-0024404,Jeff Webb,WR,2008,14,REG,2008_14_KC_DEN,KC,DEN,0,0,0,0,0,0,0,0,0,0,0,0,1,0,8,0,1,0,0,0,,0,0,0,0,0,0,0,0,0,0,0,,0
00-0024417,Sam Koch,P,2008,14,REG,2008_14_WAS_BAL,BAL,WAS,0,0,0,0,0,0,0,0,0,0,0,0,0,0,0,0,0,0,0,0,,0,0,0,0,0,0,0,0,6,248,242,49,3
00-0024453,Ryan Plackemeier,P,2008,14,REG,2008_14_WAS_BAL,WAS,BAL,0,0,0,0,0,0,0,0,0,0,0,0,0,0,0,0,0,0,0,0,,0,0,0,0,0,0,0,0,7,255,246,46,3
00-0024465,David Anderson,WR,2008,14,REG,2008_14_HOU_GB,HOU,GB,0,0,0,0,0,0,0,0,0,0,0,0,3,0,34,0,2,0,0,0,,0,0,0,0,0,0,0,0,0,0,0,,0
00-0024466,Marques Colston,WR,2008,14,REG,2008_14_ATL_NO,NO,ATL,0,0,0,0,0,0,0,0,0,0,0,0,3,0,26,0,1,0,0,0,,0,0,0,0,0,0,0,0,0,0,0,,0
00-0024489,Ahmard Hall,FB,2008,14,REG,2008_14_CLE_TEN,TEN,CLE,0,0,0,0,0,0,0,0,0,0,0,0,1,0,28,1,1,0,0,0,,0,0,0,0,0,0,0,0,0,0,0,,0
00-0024515,Sav Rocca,P,2008,14,REG,2008_14_PHI_NYG,PHI,NYG,0,0,0,0,0,0,0,0,0,0,0,0,0,0,0,0,0,0,0,0,,0,0,0,0,0,0,0,0,3,109,115,40,2
00-0024529,Gijon Robinson,TE,2008,14,REG,2008_14_CIN_IND,IND,CIN,0,0,0,0,0,0,0,0,0,0,0,0,6,0,69,0,3,0,0,0,,0,0,0,0,0,0,0,0,0,0,0,,0
00-0024687,Dominique Zeigler,WR,2008,14,REG,2008_14_NYJ_SF,SF,NYJ,0,0,0,0,0,0,0,0,0,0,0,0,2,0,44,0,1,0,0,0,,0,0,0,0,0,0,0,0,0,0,0,,0
00-0024813,Pierre Thomas,RB,2008,14,REG,2008_14_ATL_NO,NO,ATL,0,0,0,0,0,0,0,16,102,1,7,0,1,0,7,1,1,0,0,0,,0,0,0,0,0,0,0,0,0,0,0,,0
00-0024846,Gary Russell,RB,2008,14,REG,2008_14_DAL_PIT,PIT,DAL,0,0,0,0,0,0,0,4,6,0,1,0,0,0,0,0,0,0,0,0,,0,0,0,0,0,0,0,0,0,0,0,,0
00-0025388,JaMarcus Russell,QB,2008,14,REG,2008_14_OAK_SD,LV,LAC,9,13,68,0,2,1,0,0,0,0,0,0,0,0,0,0,0,0,0,0,,0,0,0,0,0,0,0,0,0,0,0,,0
00-0025389,Calvin Johnson,WR,2008,14,REG,2008_14_MIN_DET,DET,MIN,0,0,0,0,0,0,0,0,0,0,0,0,3,0,84,1,3,0,0,0,,0,0,0,0,0,0,0,0,0,0,0,,0
00-0025394,Adrian Peterson,RB,2008,14,REG,2008_14_MIN_DET,MIN,DET,0,0,0,0,0,0,0,23,102,0,5,0,1,0,15,0,1,0,0,0,,0,0,0,0,0,0,0,0,0,0,0,,0
00-0025396,Ted Ginn,WR,2008,14,REG,2008_14_MIA_BUF,MIA,BUF,0,0,0,0,0,0,0,1,-2,0,0,0,1,0,18,0,1,0,0,0,,0,0,0,0,0,0,0,0,0,0,0,,0
00-0025399,Marshawn Lynch,RB,2008,14,REG,2008_14_MIA_BUF,BUF,MIA,0,0,0,0,0,0,0,13,31,0,0,0,1,0,4,0,0,0,0,0,,0,0,0,0,0,0,0,0,0,0,0,,0
00-0025410,Dwayne Bowe,WR,2008,14,REG,2008_14_KC_DEN,KC,DEN,0,0,0,0,0,0,0,0,0,0,0,0,7,0,96,0,3,0,0,0,,0,0,0,0,0,0,0,0,0,0,0,,0
00-0025418,Greg Olsen,TE,2008,14,REG,2008_14_JAX_CHI,CHI,JAX,0,0,0,0,0,0,0,0,0,0,0,0,3,0,52,1,2,0,0,0,,0,0,0,0,0,0,0,0,0,0,0,,0
00-0025419,Anthony Gonzalez,WR,2008,14,REG,2008_14_CIN_IND,IND,CIN,0,0,0,0,0,0,0,0,0,0,0,0,3,0,27,1,2,0,0,0,,0,0,0,0,0,0,0,0,0,0,0,,0
00-0025425,Zach Miller,TE,2008,14,REG,2008_14_OAK_SD,LV,LAC,0,0,0,0,0,0,0,0,0,0,0,0,8,0,64,0,4,0,0,0,,0,0,0,0,0,0,0,0,0,0,0,,0
00-0025431,Sidney Rice,WR,2008,14,REG,2008_14_MIN_DET,MIN,DET,0,0,0,0,0,0,0,0,0,0,0,0,2,0,21,0,2,0,0,0,,0,0,0,0,0,0,0,0,0,0,0,,0
00-0025432,Dwayne Jarrett,WR,2008,14,REG,2008_14_TB_CAR,CAR,TB,0,0,0,0,0,0,0,0,0,0,0,0,1,0,7,0,1,0,0,0,,0,0,0,0,0,0,0,0,0,0,0,,0
00-0025438,Steve Smith,WR,2008,14,REG,2008_14_PHI_NYG,NYG,PHI,0,0,0,0,0,0,0,0,0,0,0,0,4,0,47,0,2,0,0,0,,0,0,0,0,0,0,0,0,0,0,0,,0
00-0025450,Brandon Jackson,RB,2008,14,REG,2008_14_HOU_GB,GB,HOU,0,0,0,0,0,0,0,0,0,0,0,0,2,0,6,0,0,0,0,0,,0,0,0,0,0,0,0,0,0,0,0,,0
00-0025458,Lorenzo Booker,RB,2008,14,REG,2008_14_PHI_NYG,PHI,NYG,0,0,0,0,0,0,0,0,0,0,0,0,1,0,1,0,0,0,0,0,,0,0,0,0,0,0,0,0,0,0,0,,0
00-0025463,Jason Hill,WR,2008,14,REG,2008_14_NYJ_SF,SF,NYJ,0,0,0,0,0,0,0,0,0,0,0,0,4,0,39,0,3,0,0,0,,0,0,0,0,0,0,0,0,0,0,0,,0
00-0025464,Matt Spaeth,TE,2008,14,REG,2008_14_DAL_PIT,PIT,DAL,0,0,0,0,0,0,0,0,0,0,0,0,1,0,6,0,0,0,0,0,,0,0,0,0,0,0,0,0,0,0,0,,0
00-0025465,James Jones,WR,2008,14,REG,2008_14_HOU_GB,GB,HOU,0,0,0,0,0,0,0,0,0,0,0,0,2,0,20,0,1,0,0,0,,0,0,0,0,0,0,0,0,0,0,0,,0
00-0025486,Johnnie Lee Higgins,WR,2008,14,REG,2008_14_OAK_SD,LV,LAC,0,0,0,0,0,0,0,0,0,0,0,0,2,0,22,0,2,0,0,0,,0,0,0,0,0,0,0,0,0,0,0,,0
00-0025487,Michael Bush,RB,2008,14,REG,2008_14_OAK_SD,LV,LAC,0,0,0,0,0,0,0,2,4,0,0,0,0,0,0,0,0,0,0,0,,0,0,0,0,0,0,0,0,0,0,0,,0
00-0025494,Antonio Pittman,RB,2008,14,REG,2008_14_STL_ARI,LA,ARI,0,0,0,0,0,0,0,4,26,0,1,0,2,0,41,0,1,0,0,0,,0,0,0,0,0,0,0,0,0,0,0,,0
00-0025524,Le'Ron McClain,FB,2008,14,REG,2008_14_WAS_BAL,BAL,WAS,0,0,0,0,0,0,0,20,61,1,4,0,0,0,0,0,0,0,0,0,,0,0,0,0,0,0,0,0,0,0,0,,0
00-0025529,Steve Breaston,WR,2008,14,REG,2008_14_STL_ARI,ARI,LA,0,0,0,0,0,0,0,0,0,0,0,0,7,0,90,0,2,0,0,0,,0,0,0,0,0,0,0,0,0,0,0,,0
00-0025540,Kevin Boss,TE,2008,14,REG,2008_14_PHI_NYG,NYG,PHI,0,0,0,0,0,0,0,0,0,0,0,0,1,0,5,0,0,0,0,0,,0,0,0,0,0,0,0,0,0,0,0,,0
00-0025565,Nick Folk,K,2008,14,REG,2008_14_DAL_PIT,DAL,PIT,0,0,0,0,0,0,0,0,0,0,0,0,0,0,0,0,0,0,2,2,44,0,0,1,1,0,0,1,1,0,0,0,,0
00-0025580,Mason Crosby,K,2008,14,REG,2008_14_HOU_GB,GB,HOU,0,0,0,0,0,0,0,0,0,0,0,0,0,0,0,0,0,0,0,0,,0,0,0,0,0,0,3,3,0,0,0,,0
00-0025582,Deon Anderson,FB,2008,14,REG,2008_14_DAL_PIT,DAL,PIT,0,0,0,0,0,0,0,1,0,0,0,0,0,0,0,0,0,0,0,0,,0,0,0,0,0,0,0,0,0,0,0,,0
00-0025592,Jordan Palmer,QB,2008,14,REG,2008_14_CIN_IND,CIN,IND,4,6,30,0,1,1,-7,1,4,0,0,0,0,0,0,0,0,0,0,0,,0,0,0,0,0,0,0,0,0,0,0,,0
00-0025604,Tyler Thigpen,QB,2008,14,REG,2008_14_KC_DEN,KC,DEN,17,32,187,1,0,1,-10,6,34,0,2,0,0,0,0,0,0,0,0,0,,0,0,0,0,0,0,0,0,0,0,0,,0
00-0025609,Derek Schouman,TE,2008,14,REG,2008_14_MIA_BUF,BUF,MIA,0,0,0,0,0,0,0,0,0,0,0,0,1,0,5,0,0,0,0,0,,0,0,0,0,0,0,0,0,0,0,0,,0
00-0025612,Brandon Fields,P,2008,14,REG,2008_14_MIA_BUF,MIA,BUF,0,0,0,0,0,0,0,0,0,0,0,0,0,0,0,0,0,0,0,0,,0,0,0,0,0,0,0,0,4,175,164,54,2
00-0025621,Syndric Steptoe,WR,2008,14,REG,2008_14_CLE_TEN,CLE,TEN,0,0,0,0,0,0,0,0,0,0,0,0,4,0,20,0,1,0,0,0,,0,0,0,0,0,0,0,0,0,0,0,,0
00-0025622,Chansi Stuckey,WR,2008,14,REG,2008_14_NYJ_SF,NYJ,SF,0,0,0,0,0,0,0,0,0,0,0,0,4,0,43,0,2,0,0,0,,0,0,0,0,0,0,0,0,0,0,0,,0
00-0025631,Jason Snelling,FB,2008,14,REG,2008_14_ATL_NO,ATL,NO,0,0,0,0,0,0,0,2,5,0,1,0,0,0,0,0,0,0,0,0,,0,0,0,0,0,0,0,0,0,0,0,,0
00-0025636,Derek Stanley,WR,2008,14,REG,2008_14_STL_ARI,LA,ARI,0,0,0,0,0,0,0,0,0,0,0,0,1,0,6,0,0,0,0,0,,0,0,0,0,0,0,0,0,0,0,0,,0
00-0025637,Ahmad Bradshaw,RB,2008,14,REG,2008_14_PHI_NYG,NYG,PHI,0,0,0,0,0,0,0,5,9,0,0,0,0,0,0,0,0,0,0,0,,0,0,0,0,0,0,0,0,0,0,0,,0
00-0025701,Jackie Battle,RB,2008,14,REG,2008_14_KC_DEN,KC,DEN,0,0,0,0,0,0,0,0,0,0,0,0,1,0,-2,0,0,0,0,0,,0,0,0,0,0,0,0,0,0,0,0,,0
00-0025728,Sam Paulescu,P,2008,14,REG,2008_14_DAL_PIT,DAL,PIT,0,0,0,0,0,0,0,0,0,0,0,0,0,0,0,0,0,0,0,0,,0,0,0,0,0,0,0,0,4,160,125,51,1
00-0025786,Jeremy Kapinos,P,2008,14,REG,2008_14_HOU_GB,GB,HOU,0,0,0,0,0,0,0,0,0,0,0,0,0,0,0,0,0,0,0,0,,0,0,0,0,0,0,0,0,8,316,276,49,3
00-0025824,Garrett Hartley,K,2008,14,REG,2008_14_ATL_NO,NO,ATL,0,0,0,0,0,0,0,0,0,0,0,0,0,0,0,0,0,0,3,3,46,0,2,0,1,0,0,2,2,0,0,0,,0
00-0025825,Brett Kern,P,2008,14,REG,2008_14_KC_DEN,DEN,KC,0,0,0,0,0,0,0,0,0,0,0,0,0,0,0,0,0,0,0,0,,0,0,0,0,0,0,0,0,1,52,20,52,0
00-0025913,James Johnson,RB,2008,14,REG,2008_14_CIN_IND,CIN,IND,0,0,0,0,0,0,0,3,4,0,0,0,0,0,0,0,0,0,0,0,,0,0,0,0,0,0,0,0,0,0,0,,0
00-0026000,Davone Bess,WR,2008,14,REG,2008_14_MIA_BUF,MIA,BUF,0,0,0,0,0,0,0,0,0,0,0,0,9,0,74,0,5,0,0,0,,0,0,0,0,0,0,0,0,0,0,0,,0
00-0026003,Dan Carpenter,K,2008,14,REG,2008_14_MIA_BUF,MIA,BUF,0,0,0,0,0,0,0,0,0,0,0,0,0,0,0,0,0,0,3,4,50,0,1,1,0,1,0,1,1,0,0,0,,0
00-0026138,Connor Barth,K,2008,14,REG,2008_14_KC_DEN,KC,DEN,0,0,0,0,0,0,0,0,0,0,0,0,0,0,0,0,0,0,1,1,26,0,1,0,0,0,0,2,2,0,0,0,,0
00-0026143,Matt Ryan,QB,2008,14,REG,2008_14_ATL_NO,ATL,NO,24,33,315,1,1,0,0,4,13,1,2,0,0,0,0,0,0,0,0,0,,0,0,0,0,0,0,0,0,0,0,0,,0
00-0026144,Darren McFadden,RB,2008,14,REG,2008_14_OAK_SD,LV,LAC,0,0,0,0,0,0,0,1,0,0,0,0,2,0,8,0,0,0,0,0,,0,0,0,0,0,0,0,0,0,0,0,,0
00-0026153,Jonathan Stewart,RB,2008,14,REG,2008_14_TB_CAR,CAR,TB,0,0,0,0,0,0,0,15,115,2,6,0,0,0,0,0,0,0,0,0,,0,0,0,0,0,0,0,0,0,0,0,,0
00-0026158,Joe Flacco,QB,2008,14,REG,2008_14_WAS_BAL,BAL,WAS,10,21,134,1,1,0,0,4,11,0,0,0,0,0,0,0,0,0,0,0,,0,0,0,0,0,0,0,0,0,0,0,,0
00-0026164,Chris Johnson,RB,2008,14,REG,2008_14_CLE_TEN,TEN,CLE,0,0,0,0,0,0,0,19,136,1,6,0,4,0,30,0,2,0,0,0,,0,0,0,0,0,0,0,0,0,0,0,,0
00-0026170,Dustin Keller,TE,2008,14,REG,2008_14_NYJ_SF,NYJ,SF,0,0,0,0,0,0,0,0,0,0,0,0,2,0,14,0,1,0,0,0,,0,0,0,0,0,0,0,0,0,0,0,,0
00-0026173,Donnie Avery,WR,2008,14,REG,2008_14_STL_ARI,LA,ARI,0,0,0,0,0,0,0,0,0,0,0,0,2,0,18,0,1,0,0,0,,0,0,0,0,0,0,0,0,0,0,0,,0
00-0026174,Devin Thomas,WR,2008,14,REG,2008_14_WAS_BAL,WAS,BAL,0,0,0,0,0,0,0,0,0,0,0,0,3,0,26,0,1,0,0,0,,0,0,0,0,0,0,0,0,0,0,0,,0
00-0026176,Jordy Nelson,WR,2008,14,REG,2008_14_HOU_GB,GB,HOU,0,0,0,0,0,0,0,0,0,0,0,0,3,0,25,1,1,0,0,0,,0,0,0,0,0,0,0,0,0,0,0,,0
00-0026178,John Carlson,TE,2008,14,REG,2008_14_NE_SEA,SEA,NE,0,0,0,0,0,0,0,0,0,0,0,0,8,0,69,1,5,0,0,0,,0,0,0,0,0,0,0,0,0,0,0,,0
00-0026182,Eddie Royal,WR,2008,14,REG,2008_14_KC_DEN,DEN,KC,0,0,0,0,0,0,0,3,13,0,1,0,6,0,42,0,1,0,0,0,,0,0,0,0,0,0,0,0,0,0,0,,0
00-0026184,Matt Forte,RB,2008,14,REG,2008_14_JAX_CHI,CHI,JAX,0,0,0,0,0,0,0,21,69,0,4,0,5,0,37,0,2,0,0,0,,0,0,0,0,0,0,0,0,0,0,0,,0
00-0026189,DeSean Jackson,WR,2008,14,REG,2008_14_PHI_NYG,PHI,NYG,0,0,0,0,0,0,0,2,-9,0,0,0,0,0,0,0,0,0,0,0,,0,0,0,0,0,0,0,0,0,0,0,,0
00-0026195,Ray Rice,RB,2008,14,REG,2008_14_WAS_BAL,BAL,WAS,0,0,0,0,0,0,0,3,31,0,1,0,2,0,9,0,0,0,0,0,,0,0,0,0,0,0,0,0,0,0,0,,0
00-0026201,Martellus Bennett,TE,2008,14,REG,2008_14_DAL_PIT,DAL,PIT,0,0,0,0,0,0,0,0,0,0,0,0,2,0,19,0,1,0,0,0,,0,0,0,0,0,0,0,0,0,0,0,,0
00-0026204,Kevin Smith,RB,2008,14,REG,2008_14_MIN_DET,DET,MIN,0,0,0,0,0,0,0,22,63,0,2,0,2,0,27,0,1,0,0,0,,0,0,0,0,0,0,0,0,0,0,0,,0
00-0026209,Jacob Hester,RB,2008,14,REG,2008_14_OAK_SD,LAC,LV,0,0,0,0,0,0,0,7,18,0,1,0,1,0,13,0,1,0,0,0,,0,0,0,0,0,0,0,0,0,0,0,,0
00-0026213,Jamaal Charles,RB,2008,14,REG,2008_14_KC_DEN,KC,DEN,0,0,0,0,0,0,0,1,13,0,1,0,3,0,12,0,0,0,0,0,,0,0,0,0,0,0,0,0,0,0,0,,0
00-0026224,Harry Douglas,WR,2008,14,REG,2008_14_ATL_NO,ATL,NO,0,0,0,0,0,0,0,0,0,0,0,0,2,0,45,0,2,0,0,0,,0,0,0,0,0,0,0,0,0,0,0,,0
00-0026229,Steve Slaton,RB,2008,14,REG,2008_14_HOU_GB,HOU,GB,0,0,0,0,0,0,0,26,120,0,5,1,3,0,40,0,2,0,0,0,,0,0,0,0,0,0,0,0,0,0,0,,0
00-0026235,Mario Manningham,WR,2008,14,REG,2008_14_PHI_NYG,NYG,PHI,0,0,0,0,0,0,0,1,-12,0,0,0,0,0,0,0,0,0,0,0,,0,0,0,0,0,0,0,0,0,0,0,,0
00-0026237,Andre Caldwell,WR,2008,14,REG,2008_14_CIN_IND,CIN,IND,0,0,0,0,0,0,0,0,0,0,0,0,1,0,6,0,0,0,0,0,,0,0,0,0,0,0,0,0,0,0,0,,0
00-0026262,Tashard Choice,RB,2008,14,REG,2008_14_DAL_PIT,DAL,PIT,0,0,0,0,0,0,0,23,88,0,5,0,5,0,78,0,2,0,0,0,,0,0,0,0,0,0,0,0,0,0,0,,0
00-0026268,Keenan Burton,WR,2008,14,REG,2008_14_STL_ARI,LA,ARI,0,0,0,0,0,0,0,0,0,0,0,0,1,0,5,0,0,0,0,0,,0,0,0,0,0,0,0,0,0,0,0,,0
00-0026286,Jerome Felton,FB,2008,14,REG,2008_14_MIN_DET,DET,MIN,0,0,0,0,0,0,0,0,0,0,0,0,2,0,17,0,1,0,0,0,,0,0,0,0,0,0,0,0,0,0,0,,0
00-0026289,Tim Hightower,RB,2008,14,REG,2008_14_STL_ARI,ARI,LA,0,0,0,0,0,0,0,12,32,1,4,0,0,0,0,0,0,0,0,0,,0,0,0,0,0,0,0,0,0,0,0,,0
00-0026364,Steve Johnson,WR,2008,14,REG,2008_14_MIA_BUF,BUF,MIA,0,0,0,0,0,0,0,0,0,0,0,0,1,0,14,0,1,0,0,0,,0,0,0,0,0,0,0,0,0,0,0,,0
00-0026367,Peyton Hillis,RB,2008,14,REG,2008_14_KC_DEN,DEN,KC,0,0,0,0,0,0,0,8,58,1,3,0,1,0,11,0,1,0,0,0,,0,0,0,0,0,0,0,0,0,0,0,,0
00-0000108,David Akers,K,2008,15,REG,2008_15_CLE_PHI,PHI,CLE,0,0,0,0,0,0,0,0,0,0,0,0,0,0,0,0,0,0,3,3,34,0,1,2,0,0,0,3,3,0,0,0,,0
00-0001157,Mitch Berger,P,2008,15,REG,2008_15_PIT_BAL,PIT,BAL,0,0,0,0,0,0,0,0,0,0,0,0,0,0,0,0,0,0,0,0,,0,0,0,0,0,0,0,0,6,252,162,51,0
00-0001231,Josh Bidwell,P,2008,15,REG,2008_15_TB_ATL,TB,ATL,0,0,0,0,0,0,0,0,0,0,0,0,0,0,0,0,0,0,0,0,,0,0,0,0,0,0,0,0,9,413,356,60,4
00-0001980,Kris Brown,K,2008,15,REG,2008_15_TEN_HOU,HOU,TEN,0,0,0,0,0,0,0,0,0,0,0,0,0,0,0,0,0,0,2,3,32,0,1,1,0,0,0,1,1,0,0,0,,0
00-0002099,Isaac Bruce,WR,2008,15,REG,2008_15_SF_MIA,SF,MIA,0,1,0,0,0,0,0,0,0,0,0,0,7,0,71,0,6,0,0,0,,0,0,0,0,0,0,0,0,0,0,0,,0
00-0002655,John Carney,K,2008,15,REG,2008_15_NYG_DAL,NYG,DAL,0,0,0,0,0,0,0,0,0,0,0,0,0,0,0,0,0,0,2,2,47,0,0,1,1,0,0,0,0,0,0,0,,0
00-0003035,Desmond Clark,TE,2008,15,REG,2008_15_NO_CHI,CHI,NO,0,0,0,0,0,0,0,0,0,0,0,0,3,1,11,0,0,0,0,0,,0,0,0,0,0,0,0,0,0,0,0,,0
00-0003292,Kerry Collins,QB,2008,15,REG,2008_15_TEN_HOU,TEN,HOU,15,33,181,0,1,0,0,2,5,0,0,0,0,0,0,0,0,0,0,0,,0,0,0,0,0,0,0,0,0,0,0,,0
00-0004091,Phil Dawson,K,2008,15,REG,2008_15_CLE_PHI,CLE,PHI,0,0,0,0,0,0,0,0,0,0,0,0,0,0,0,0,0,0,1,1,27,0,1,0,0,0,0,1,1,0,0,0,,0
00-0004161,Jake Delhomme,QB,2008,15,REG,2008_15_DEN_CAR,CAR,DEN,17,26,253,1,1,0,0,1,-2,0,0,0,0,0,0,0,0,0,0,0,,0,0,0,0,0,0,0,0,0,0,0,,0
00-0004541,Donald Driver,WR,2008,15,REG,2008_15_GB_JAX,GB,JAX,0,0,0,0,0,0,0,0,0,0,0,0,5,0,65,0,4,0,0,0,,0,0,0,0,0,0,0,0,0,0,0,,0
00-0004640,Warrick Dunn,RB,2008,15,REG,2008_15_TB_ATL,TB,ATL,0,0,0,0,0,0,0,12,40,0,0,0,7,0,50,0,2,0,0,0,,0,0,0,0,0,0,0,0,0,0,0,,0
00-0004811,Jason Elam,K,2008,15,REG,2008_15_TB_ATL,ATL,TB,0,0,0,0,0,0,0,0,0,0,0,0,0,0,0,0,0,0,2,2,34,0,1,1,0,0,0,1,1,0,0,0,,0
00-0004915,Bobby Engram,WR,2008,15,REG,2008_15_SEA_STL,SEA,LA,0,0,0,0,0,0,0,0,0,0,0,0,3,0,46,0,2,0,0,0,,0,0,0,0,0,0,0,0,0,0,0,,0
00-0005091,Kevin Faulk,RB,2008,15,REG,2008_15_NE_OAK,NE,LV,0,0,0,0,0,0,0,6,45,0,2,0,6,0,66,1,5,0,0,0,,0,0,0,0,0,0,0,0,0,0,0,,0
00-0005106,Brett Favre,QB,2008,15,REG,2008_15_BUF_NYJ,NYJ,BUF,17,30,207,1,2,0,0,1,27,0,1,0,0,0,0,0,0,0,0,0,,0,0,0,0,0,0,0,0,0,0,0,,0
00-0005113,Jeff Feagles,P,2008,15,REG,2008_15_NYG_DAL,NYG,DAL,0,0,0,0,0,0,0,0,0,0,0,0,0,0,0,0,0,0,0,0,,0,0,0,0,0,0,0,0,7,335,301,59,3
00-0005231,Brian Finneran,WR,2008,15,REG,2008_15_TB_ATL,ATL,TB,0,0,0,0,0,0,0,0,0,0,0,0,1,0,4,0,0,0,0,0,,0,0,0,0,0,0,0,0,0,0,0,,0
00-0006101,Tony Gonzalez,TE,2008,15,REG,2008_15_SD_KC,KC,LAC,0,0,0,0,0,0,0,0,0,0,0,0,6,0,62,1,5,0,0,0,,0,0,0,0,0,0,0,0,0,0,0,,0
00-0006423,Brian Griese,QB,2008,15,REG,2008_15_TB_ATL,TB,ATL,26,37,269,1,1,4,-43,0,0,0,0,0,0,0,0,0,0,0,0,0,,0,0,0,0,0,0,0,0,0,0,0,,0
00-0006799,Chris Hanson,P,2008,15,REG,2008_15_NE_OAK,NE,LV,0,0,0,0,0,0,0,0,0,0,0,0,0,0,0,0,0,0,0,0,,0,0,0,0,0,0,0,0,3,108,99,43,1
00-0006800,Jason Hanson,K,2008,15,REG,2008_15_DET_IND,DET,IND,0,0,0,0,0,0,0,0,0,0,0,0,0,0,0,0,0,0,2,2,51,0,0,1,0,1,0,1,1,0,0,0,,0
00-0007024,Marvin Harrison,WR,2008,15,REG,2008_15_DET_IND,IND,DET,0,0,0,0,0,0,0,0,0,0,0,0,2,0,22,0,2,0,0,0,,0,0,0,0,0,0,0,0,0,0,0,,0
00-0007308,Craig Hentrich,P,2008,15,REG,2008_15_TEN_HOU,TEN,HOU,0,0,0,0,0,0,0,0,0,0,0,0,0,0,0,0,0,0,0,0,,0,0,0,0,0,0,0,0,5,210,195,50,1
00-0007468,Ike Hilliard,WR,2008,15,REG,2008_15_TB_ATL,TB,ATL,0,0,0,0,0,0,0,0,0,0,0,0,3,0,29,0,1,0,0,0,,0,0,0,0,0,0,0,0,0,0,0,,0
00-0007681,Torry Holt,WR,2008,15,REG,2008_15_SEA_STL,LA,SEA,0,0,0,0,0,0,0,0,0,0,0,0,4,0,64,1,4,0,0,0,,0,0,0,0,0,0,0,0,0,0,0,,0
00-0009028,John Kasay,K,2008,15,REG,2008_15_DEN_CAR,CAR,DEN,0,0,0,0,0,0,0,0,0,0,0,0,0,0,0,0,0,0,3,3,44,0,0,1,2,0,0,3,3,0,0,0,,0
00-0009119,Reggie Kelly,TE,2008,15,REG,2008_15_WAS_CIN,CIN,WAS,0,0,0,0,0,0,0,0,0,0,0,0,1,0,3,0,0,0,0,0,,0,0,0,0,0,0,0,0,0,0,0,,0
00-0010072,Ryan Longwell,K,2008,15,REG,2008_15_MIN_ARI,MIN,ARI,0,0,0,0,0,0,0,0,0,0,0,0,0,0,0,0,0,0,0,1,,0,0,0,0,0,0,5,5,0,0,0,,0
00-0010346,Peyton Manning,QB,2008,15,REG,2008_15_DET_IND,IND,DET,28,37,318,1,0,1,-3,2,3,0,0,0,0,0,0,0,0,0,0,0,,0,0,0,0,0,0,0,0,0,0,0,,0
00-0010373,Olindo Mare,K,2008,15,REG,2008_15_SEA_STL,SEA,LA,0,0,0,0,0,0,0,0,0,0,0,0,0,0,0,0,0,0,3,3,50,0,2,0,0,1,0,2,2,0,0,0,,0
00-0010500,Derrick Mason,WR,2008,15,REG,2008_15_PIT_BAL,BAL,PIT,0,0,0,0,0,0,0,0,0,0,0,0,3,0,23,0,3,0,0,0,,0,0,0,0,0,0,0,0,0,0,0,,0
00-0010609,Brad Maynard,P,2008,15,REG,2008_15_NO_CHI,CHI,NO,0,1,0,0,0,0,0,0,0,0,0,0,0,0,0,0,0,0,0,0,,0,0,0,0,0,0,0,0,5,216,213,56,2
00-0011022,Donovan McNabb,QB,2008,15,REG,2008_15_CLE_PHI,PHI,CLE,26,35,290,2,1,2,-6,0,0,0,0,0,0,0,0,0,0,0,0,0,,0,0,0,0,0,0,0,0,0,0,0,,0
00-0011236,Billy Miller,TE,2008,15,REG,2008_15_NO_CHI,NO,CHI,0,0,0,0,0,0,0,0,0,0,0,0,3,0,35,0,2,0,0,0,,0,0,0,0,0,0,0,0,0,0,0,,0
00-0011626,Brian Moorman,P,2008,15,REG,2008_15_BUF_NYJ,BUF,NYJ,0,0,0,0,0,0,0,0,0,0,0,0,0,0,0,0,0,0,0,0,,0,0,0,0,0,0,0,0,3,166,146,63,2
00-0011754,Randy Moss,WR,2008,15,REG,2008_15_NE_OAK,NE,LV,0,0,0,0,0,0,0,0,0,0,0,0,5,0,67,2,5,0,0,0,,0,0,0,0,0,0,0,0,0,0,0,,0
00-0011795,Muhsin Muhammad,WR,2008,15,REG,2008_15_DEN_CAR,CAR,DEN,0,0,0,0,0,0,0,0,0,0,0,0,4,0,70,0,3,0,0,0,,0,0,0,0,0,0,0,0,0,0,0,,0
00-0011958,Lorenzo Neal,FB,2008,15,REG,2008_15_PIT_BAL,BAL,PIT,0,0,0,0,0,0,0,1,2,0,0,0,2,0,15,0,1,0,0,0,,0,0,0,0,0,0,0,0,0,0,0,,0
00-0011970,Joe Nedney,K,2008,15,REG,2008_15_SF_MIA,SF,MIA,0,0,0,0,0,0,0,0,0,0,0,0,0,0,0,0,0,0,3,3,38,0,2,1,0,0,0,0,0,0,0,0,,0
00-0012478,Terrell Owens,WR,2008,15,REG,2008_15_NYG_DAL,DAL,NYG,0,0,0,0,0,0,0,0,0,0,0,0,3,0,38,0,1,0,0,0,,0,0,0,0,0,0,0,0,0,0,0,,0
00-0013694,Tony Richardson,FB,2008,15,REG,2008_15_BUF_NYJ,NYJ,BUF,0,0,0,0,0,0,0,2,13,0,1,0,0,0,0,0,0,0,0,0,,0,0,0,0,0,0,0,0,0,0,0,,0
00-0014655,Mike Sellers,TE,2008,15,REG,2008_15_WAS_CIN,WAS,CIN,0,0,0,0,0,0,0,2,0,0,0,1,1,0,14,0,1,0,0,0,,0,0,0,0,0,0,0,0,0,0,0,,0
00-0015194,Hunter Smith,P,2008,15,REG,2008_15_DET_IND,IND,DET,0,0,0,0,0,0,0,0,0,0,0,0,0,0,0,0,0,0,0,0,,0,0,0,0,0,0,0,0,3,139,124,54,3
00-0015754,Brandon Stokley,WR,2008,15,REG,2008_15_DEN_CAR,DEN,CAR,0,0,0,0,0,0,0,0,0,0,0,0,2,0,20,0,2,0,0,0,,0,0,0,0,0,0,0,0,0,0,0,,0
00-0015784,Matt Stover,K,2008,15,REG,2008_15_PIT_BAL,BAL,PIT,0,0,0,0,0,0,0,0,0,0,0,0,0,0,0,0,0,0,3,3,28,0,3,0,0,0,0,0,0,0,0,0,,0
00-0016550,Amani Toomer,WR,2008,15,REG,2008_15_NYG_DAL,NYG,DAL,0,0,0,0,0,0,0,0,0,0,0,0,3,0,32,0,3,0,0,0,,0,0,0,0,0,0,0,0,0,0,0,,0
00-0016689,Matt Turk,P,2008,15,REG,2008_15_TEN_HOU,HOU,TEN,0,0,0,0,0,0,0,0,0,0,0,0,0,0,0,0,0,0,0,0,,0,0,0,0,0,0,0,0,6,257,220,57,3
00-0016919,Adam Vinatieri,K,2008,15,REG,2008_15_DET_IND,IND,DET,0,0,0,0,0,0,0,0,0,0,0,0,0,0,0,0,0,0,1,1,31,0,0,1,0,0,0,4,4,0,0,0,,0
00-0017162,Hines Ward,WR,2008,15,REG,2008_15_PIT_BAL,PIT,BAL,0,0,0,0,0,0,0,0,0,0,0,0,8,0,107,0,7,0,0,0,,0,0,0,0,0,0,0,0,0,0,0,,0
00-0017200,Kurt Warner,QB,2008,15,REG,2008_15_MIN_ARI,ARI,MIN,29,45,270,1,1,4,-25,0,0,0,0,0,0,0,0,0,0,0,0,0,,0,0,0,0,0,0,0,0,0,0,0,,0
00-0017915,Ricky Williams,RB,2008,15,REG,2008_15_SF_MIA,MIA,SF,0,0,0,0,0,0,0,7,23,0,1,0,1,0,11,0,0,0,0,0,,0,0,0,0,0,0,0,0,0,0,0,,0
00-0018958,Laveranues Coles,WR,2008,15,REG,2008_15_BUF_NYJ,NYJ,BUF,0,0,0,0,0,0,0,0,0,0,0,0,5,0,82,0,4,0,0,0,,0,0,0,0,0,0,0,0,0,0,0,,0
00-0019242,Dane Looker,WR,2008,15,REG,2008_15_SEA_STL,LA,SEA,1,1,11,0,0,0,0,0,0,0,0,0,1,0,9,0,0,0,0,0,,0,0,0,0,0,0,0,0,0,0,0,,0
00-0019310,Rian Lindell,K,2008,15,REG,2008_15_BUF_NYJ,BUF,NYJ,0,0,0,0,0,0,0,0,0,0,0,0,0,0,0,0,0,0,2,2,48,0,0,1,1,0,0,3,3,0,0,0,,0
00-0019457,Anthony Becht,TE,2008,15,REG,2008_15_SEA_STL,LA,SEA,0,0,0,0,0,0,0,0,0,0,0,0,1,0,7,0,0,0,0,0,,0,0,0,0,0,0,0,0,0,0,0,,0
00-0019484,Sammy Morris,RB,2008,15,REG,2008_15_NE_OAK,NE,LV,0,0,0,0,0,0,0,14,117,1,4,0,0,0,0,0,0,0,0,0,,0,0,0,0,0,0,0,0,0,0,0,,0
00-0019536,Shayne Graham,K,2008,15,REG,2008_15_WAS_CIN,CIN,WAS,0,0,0,0,0,0,0,0,0,0,0,0,0,0,0,0,0,0,2,2,45,0,0,1,1,0,0,2,2,0,0,0,,0
00-0019559,Chad Pennington,QB,2008,15,REG,2008_15_SF_MIA,MIA,SF,12,19,156,2,0,1,-6,3,4,0,0,0,0,0,0,0,0,0,0,0,,0,0,0,0,0,0,0,0,0,0,0,,0
00-0019599,Marc Bulger,QB,2008,15,REG,2008_15_SEA_STL,LA,SEA,19,32,207,1,0,1,-7,0,0,0,0,0,1,0,11,0,0,0,0,0,,0,0,0,0,0,0,0,0,0,0,0,,0
00-0019641,Thomas Jones,RB,2008,15,REG,2008_15_BUF_NYJ,NYJ,BUF,0,0,0,0,0,0,0,20,78,1,5,0,2,0,4,0,0,0,0,0,,0,0,0,0,0,0,0,0,0,0,0,,0
00-0019646,Sebastian Janikowski,K,2008,15,REG,2008_15_NE_OAK,LV,NE,0,0,0,0,0,0,0,0,0,0,0,0,0,0,0,0,0,0,0,0,,0,0,0,0,0,0,2,3,0,0,0,,0
00-0019650,Dennis Northcutt,WR,2008,15,REG,2008_15_GB_JAX,JAX,GB,0,0,0,0,0,0,0,1,9,0,0,0,5,0,127,1,3,0,0,0,,0,0,0,0,0,0,0,0,0,0,0,,0
00-0019676,Neil Rackers,K,2008,15,REG,2008_15_MIN_ARI,ARI,MIN,0,0,0,0,0,0,0,0,0,0,0,0,0,0,0,0,0,0,0,0,,0,0,0,0,0,0,2,2,0,0,0,,0
00-0019693,Jamal Lewis,RB,2008,15,REG,2008_15_CLE_PHI,CLE,PHI,0,0,0,0,0,0,0,14,32,0,1,0,3,0,14,0,1,0,0,0,,0,0,0,0,0,0,0,0,0,0,0,,0
00-0019714,Shane Lechler,P,2008,15,REG,2008_15_NE_OAK,LV,NE,0,0,0,0,0,0,0,0,0,0,0,0,0,0,0,0,0,0,0,0,,0,0,0,0,0,0,0,0,6,261,215,66,1
00-0019770,Jay Feely,K,2008,15,REG,2008_15_BUF_NYJ,NYJ,BUF,0,0,0,0,0,0,0,0,0,0,0,0,0,0,0,0,0,0,1,1,31,0,0,1,0,0,0,4,4,0,0,0,,0
00-0019863,Dominic Rhodes,RB,2008,15,REG,2008_15_DET_IND,IND,DET,0,0,0,0,0,0,0,20,86,2,5,0,4,0,30,0,2,0,0,0,,0,0,0,0,0,0,0,0,0,0,0,,0
00-0019921,Jason Baker,P,2008,15,REG,2008_15_DEN_CAR,CAR,DEN,0,0,0,0,0,0,0,0,0,0,0,0,0,0,0,0,0,0,0,0,,0,0,0,0,0,0,0,0,4,159,162,50,3
00-0020267,Nick Harris,P,2008,15,REG,2008_15_DET_IND,DET,IND,0,0,0,0,0,0,0,0,0,0,0,0,0,0,0,0,0,0,0,0,,0,0,0,0,0,0,0,0,4,193,143,54,1
00-0020268,Tony Stewart,TE,2008,15,REG,2008_15_NE_OAK,LV,NE,0,0,0,0,0,0,0,0,0,0,0,0,2,0,22,0,2,0,0,0,,0,0,0,0,0,0,0,0,0,0,0,,0
00-0020270,Correll Buckhalter,RB,2008,15,REG,2008_15_CLE_PHI,PHI,CLE,0,0,0,0,0,0,0,6,55,0,2,0,0,0,0,0,0,0,0,0,,0,0,0,0,0,0,0,0,0,0,0,,0
00-0020332,David Martin,TE,2008,15,REG,2008_15_SF_MIA,MIA,SF,0,0,0,0,0,0,0,0,0,0,0,0,2,0,66,1,1,0,0,0,,0,0,0,0,0,0,0,0,0,0,0,,0
00-0020337,Steve Smith,WR,2008,15,REG,2008_15_DEN_CAR,CAR,DEN,0,0,0,0,0,0,0,1,9,0,1,0,9,0,165,1,7,0,0,0,,0,0,0,0,0,0,0,0,0,0,0,,0
00-0020342,Brandon Manumaleuna,TE,2008,15,REG,2008_15_SD_KC,LAC,KC,0,0,0,0,0,0,0,0,0,0,0,0,1,0,14,0,1,0,0,0,,0,0,0,0,0,0,0,0,0,0,0,,0
00-0020381,Justin McCareins,WR,2008,15,REG,2008_15_TEN_HOU,TEN,HOU,0,0,0,0,0,0,0,1,4,0,0,0,3,1,36,0,1,1,0,0,,0,0,0,0,0,0,0,0,0,0,0,,0
00-0020397,Chad Johnson,WR,2008,15,REG,2008_15_WAS_CIN,CIN,WAS,0,0,0,0,0,0,0,0,0,0,0,0,3,0,33,0,3,0,0,0,,0,0,0,0,0,0,0,0,0,0,0,,0
00-0020407,Rudi Johnson,RB,2008,15,REG,2008_15_DET_IND,DET,IND,0,0,0,0,0,0,0,2,2,0,0,0,0,0,0,0,0,0,0,0,,0,0,0,0,0,0,0,0,0,0,0,,0
00-0020438,T.J. Houshmandzadeh,WR,2008,15,REG,2008_15_WAS_CIN,CIN,WAS,0,0,0,0,0,0,0,0,0,0,0,0,3,0,19,0,2,0,0,0,,0,0,0,0,0,0,0,0,0,0,0,,0
00-0020446,Chris Chambers,WR,2008,15,REG,2008_15_SD_KC,LAC,KC,0,0,0,0,0,0,0,0,0,0,0,0,2,0,28,0,1,0,0,0,,0,0,0,0,0,0,0,0,0,0,0,,0
00-0020462,LaMont Jordan,RB,2008,15,REG,2008_15_NE_OAK,NE,LV,0,0,0,0,0,0,0,12,97,1,4,0,0,0,0,0,0,0,0,0,,0,0,0,0,0,0,0,0,0,0,0,,0
00-0020490,Koren Robinson,WR,2008,15,REG,2008_15_SEA_STL,SEA,LA,0,0,0,0,0,0,0,0,0,0,0,0,2,0,28,0,2,0,0,0,,0,0,0,0,0,0,0,0,0,0,0,,0
00-0020494,Santana Moss,WR,2008,15,REG,2008_15_WAS_CIN,WAS,CIN,0,0,0,0,0,0,0,0,0,0,0,0,7,0,72,1,4,0,0,0,,0,0,0,0,0,0,0,0,0,0,0,,0
00-0020498,Reggie Wayne,WR,2008,15,REG,2008_15_DET_IND,IND,DET,0,0,0,0,0,0,0,0,0,0,0,0,7,0,104,0,5,0,0,0,,0,0,0,0,0,0,0,0,0,0,0,,0
00-0020516,Todd Heap,TE,2008,15,REG,2008_15_PIT_BAL,BAL,PIT,0,0,0,0,0,0,0,0,0,0,0,0,1,0,24,0,1,0,0,0,,0,0,0,0,0,0,0,0,0,0,0,,0
00-0020531,Drew Brees,QB,2008,15,REG,2008_15_NO_CHI,NO,CHI,24,43,232,2,2,1,-6,1,1,0,1,0,0,0,0,0,0,0,0,0,,0,0,0,0,0,0,0,0,0,0,0,,0
00-0020536,LaDainian Tomlinson,RB,2008,15,REG,2008_15_SD_KC,LAC,KC,0,0,0,0,0,0,0,15,39,1,3,0,6,0,35,0,1,0,0,0,,0,0,0,0,0,0,0,0,0,0,0,,0
00-0020550,Darnell Dinkins,TE,2008,15,REG,2008_15_CLE_PHI,CLE,PHI,0,0,0,0,0,0,0,0,0,0,0,0,1,0,6,0,0,0,0,0,,0,0,0,0,0,0,0,0,0,0,0,,0
00-0020578,Matt Bryant,K,2008,15,REG,2008_15_TB_ATL,TB,ATL,0,0,0,0,0,0,0,0,0,0,0,0,0,0,0,0,0,0,1,2,38,0,0,1,0,0,0,1,1,0,0,0,,0
00-0020679,Shaun Hill,QB,2008,15,REG,2008_15_SF_MIA,SF,MIA,30,46,233,0,0,5,-27,3,17,0,2,0,0,0,0,0,0,0,0,0,,0,0,0,0,0,0,0,0,0,0,0,,0
00-0020737,Jeff Reed,K,2008,15,REG,2008_15_PIT_BAL,PIT,BAL,0,0,0,0,0,0,0,0,0,0,0,0,0,0,0,0,0,0,2,2,31,0,0,2,0,0,0,1,1,0,0,0,,0
00-0020804,Corey McIntyre,FB,2008,15,REG,2008_15_BUF_NYJ,BUF,NYJ,0,0,0,0,0,0,0,0,0,0,0,0,1,0,0,0,0,0,0,0,,0,0,0,0,0,0,0,0,0,0,0,,0
00-0020962,Rob Bironas,K,2008,15,REG,2008_15_TEN_HOU,TEN,HOU,0,0,0,0,0,0,0,0,0,0,0,0,0,0,0,0,0,0,4,4,51,0,2,1,0,1,0,0,0,0,0,0,,0
00-0021147,Donte' Stallworth,WR,2008,15,REG,2008_15_CLE_PHI,CLE,PHI,0,0,0,0,0,0,0,0,0,0,0,0,1,0,13,0,1,0,0,0,,0,0,0,0,0,0,0,0,0,0,0,,0
00-0021148,Jeremy Shockey,TE,2008,15,REG,2008_15_NO_CHI,NO,CHI,0,0,0,0,0,0,0,0,0,0,0,0,1,0,11,0,1,0,0,0,,0,0,0,0,0,0,0,0,0,0,0,,0
00-0021154,Daniel Graham,TE,2008,15,REG,2008_15_DEN_CAR,DEN,CAR,0,0,0,0,0,0,0,0,0,0,0,0,3,0,25,0,1,0,0,0,,0,0,0,0,0,0,0,0,0,0,0,,0
00-0021159,Jerramy Stevens,TE,2008,15,REG,2008_15_TB_ATL,TB,ATL,0,0,0,0,0,0,0,0,0,0,0,0,2,0,27,0,2,0,0,0,,0,0,0,0,0,0,0,0,0,0,0,,0
00-0021164,DeShaun Foster,RB,2008,15,REG,2008_15_SF_MIA,SF,MIA,0,0,0,0,0,0,0,18,76,0,3,0,5,0,25,0,1,0,0,0,,0,0,0,0,0,0,0,0,0,0,0,,0
00-0021166,Josh Reed,WR,2008,15,REG,2008_15_BUF_NYJ,BUF,NYJ,0,0,0,0,0,0,0,0,0,0,0,0,4,0,43,0,4,0,0,0,,0,0,0,0,0,0,0,0,0,0,0,,0
00-0021179,Clinton Portis,RB,2008,15,REG,2008_15_WAS_CIN,WAS,CIN,0,0,0,0,0,0,0,25,77,0,4,0,1,0,6,0,0,0,0,0,,0,0,0,0,0,0,0,0,0,0,0,,0
00-0021182,Maurice Morris,RB,2008,15,REG,2008_15_SEA_STL,SEA,LA,0,0,0,0,0,0,0,15,86,0,3,0,0,0,0,0,0,0,0,0,,0,0,0,0,0,0,0,0,0,0,0,,0
00-0021184,Ladell Betts,RB,2008,15,REG,2008_15_WAS_CIN,WAS,CIN,0,0,0,0,0,0,0,2,7,0,1,0,0,0,0,0,0,0,0,0,,0,0,0,0,0,0,0,0,0,0,0,,0
00-0021190,Antwaan Randle El,WR,2008,15,REG,2008_15_WAS_CIN,WAS,CIN,0,0,0,0,0,0,0,0,0,0,0,0,1,0,9,0,1,0,0,0,,0,0,0,0,0,0,0,0,0,0,0,,0
00-0021191,Antonio Bryant,WR,2008,15,REG,2008_15_TB_ATL,TB,ATL,0,0,0,0,0,0,0,0,0,0,0,0,8,0,108,1,5,0,0,0,,0,0,0,0,0,0,0,0,0,0,0,,0
00-0021192,Deion Branch,WR,2008,15,REG,2008_15_SEA_STL,SEA,LA,0,0,0,0,0,0,0,0,0,0,0,0,5,0,76,0,2,0,0,0,,0,0,0,0,0,0,0,0,0,0,0,,0
00-0021213,Chris Baker,TE,2008,15,REG,2008_15_BUF_NYJ,NYJ,BUF,0,0,0,0,0,0,0,0,0,0,0,0,1,0,19,0,1,0,0,0,,0,0,0,0,0,0,0,0,0,0,0,,0
00-0021216,Brian Westbrook,RB,2008,15,REG,2008_15_CLE_PHI,PHI,CLE,0,0,0,0,0,0,0,16,53,0,1,0,3,0,14,0,0,0,0,0,,0,0,0,0,0,0,0,0,0,0,0,,0
00-0021227,Justin Peelle,TE,2008,15,REG,2008_15_TB_ATL,ATL,TB,0,0,0,0,0,0,0,0,0,0,0,0,1,0,5,0,0,0,0,0,,0,0,0,0,0,0,0,0,0,0,0,,0
00-0021231,David Garrard,QB,2008,15,REG,2008_15_GB_JAX,JAX,GB,21,33,238,2,0,2,-9,5,31,0,4,0,0,0,0,0,0,0,0,0,,0,0,0,0,0,0,0,0,0,0,0,,0
00-0021235,Dave Zastudil,P,2008,15,REG,2008_15_CLE_PHI,CLE,PHI,0,0,0,0,0,0,0,0,0,0,0,0,0,0,0,0,0,0,0,0,,0,0,0,0,0,0,0,0,6,277,234,60,2
00-0021273,Robert Royal,TE,2008,15,REG,2008_15_BUF_NYJ,BUF,NYJ,0,0,0,0,0,0,0,0,0,0,0,0,1,0,5,0,1,0,0,0,,0,0,0,0,0,0,0,0,0,0,0,,0
00-0021304,John Gilmore,TE,2008,15,REG,2008_15_TB_ATL,TB,ATL,0,0,0,0,0,0,0,0,0,0,0,0,1,0,12,0,1,0,0,0,,0,0,0,0,0,0,0,0,0,0,0,,0
00-0021306,Adrian Peterson,RB,2008,15,REG,2008_15_NO_CHI,CHI,NO,0,0,0,0,0,0,0,5,15,0,0,0,1,0,8,0,0,0,0,0,,0,0,0,0,0,0,0,0,0,0,0,,0
00-0021314,Chester Taylor,RB,2008,15,REG,2008_15_MIN_ARI,MIN,ARI,0,0,0,0,0,0,0,10,66,0,3,0,4,0,37,1,1,1,0,0,,0,0,0,0,0,0,0,0,0,0,0,,0
00-0021337,Ronald Curry,WR,2008,15,REG,2008_15_NE_OAK,LV,NE,0,0,0,0,0,0,0,0,0,0,0,0,2,0,19,1,2,0,0,0,,0,0,0,0,0,0,0,0,0,0,0,,0
00-0021376,T.J. Duckett,RB,2008,15,REG,2008_15_SEA_STL,SEA,LA,0,0,0,0,0,0,0,3,4,1,2,0,0,0,0,0,0,0,0,0,,0,0,0,0,0,0,0,0,0,0,0,,0
00-0021508,Greg Lewis,WR,2008,15,REG,2008_15_CLE_PHI,PHI,CLE,0,0,0,0,0,0,0,0,0,0,0,0,1,0,10,1,1,0,0,0,,0,0,0,0,0,0,0,0,0,0,0,,0
00-0021525,Casey Fitzsimmons,TE,2008,15,REG,2008_15_DET_IND,DET,IND,0,0,0,0,0,0,0,0,0,0,0,0,1,0,8,0,0,0,0,0,,0,0,0,0,0,0,0,0,0,0,0,,0
00-0021547,Antonio Gates,TE,2008,15,REG,2008_15_SD_KC,LAC,KC,0,0,0,0,0,0,0,0,0,0,0,0,7,0,78,0,3,0,0,0,,0,0,0,0,0,0,0,0,0,0,0,,0
00-0021647,Jerheme Urban,WR,2008,15,REG,2008_15_MIN_ARI,ARI,MIN,0,0,0,0,0,0,0,0,0,0,0,0,3,0,82,1,3,0,0,0,,0,0,0,0,0,0,0,0,0,0,0,,0
00-0021678,Tony Romo,QB,2008,15,REG,2008_15_NYG_DAL,DAL,NYG,20,30,244,2,0,4,-23,4,7,0,0,0,0,0,0,0,0,0,0,0,,0,0,0,0,0,0,0,0,0,0,0,,0
00-0021746,Glenn Pakulak,P,2008,15,REG,2008_15_NO_CHI,NO,CHI,0,0,0,0,0,0,0,0,0,0,0,0,0,0,0,0,0,0,0,0,,0,0,0,0,0,0,0,0,5,207,189,54,2
00-0021845,Cecil Sapp,RB,2008,15,REG,2008_15_TEN_HOU,HOU,TEN,0,0,0,0,0,0,0,1,0,0,0,0,0,0,0,0,0,0,0,0,,0,0,0,0,0,0,0,0,0,0,0,,0
00-0021915,Sam Aiken,WR,2008,15,REG,2008_15_NE_OAK,NE,LV,0,0,0,0,0,0,0,0,0,0,0,0,1,0,16,0,1,0,0,0,,0,0,0,0,0,0,0,0,0,0,0,,0
00-0021929,Donald Lee,TE,2008,15,REG,2008_15_GB_JAX,GB,JAX,0,0,0,0,0,0,0,0,0,0,0,0,2,0,8,0,0,0,0,0,,0,0,0,0,0,0,0,0,0,0,0,,0
00-0021931,Kevin Walter,WR,2008,15,REG,2008_15_TEN_HOU,HOU,TEN,0,0,0,0,0,0,0,0,0,0,0,0,2,0,8,0,1,0,0,0,,0,0,0,0,0,0,0,0,0,0,0,,0
00-0021940,Josh Brown,K,2008,15,REG,2008_15_SEA_STL,LA,SEA,0,0,0,0,0,0,0,0,0,0,0,0,0,0,0,0,0,0,2,2,48,0,0,1,1,0,0,2,2,0,0,0,,0
00-0021955,Dan Klecko,FB,2008,15,REG,2008_15_CLE_PHI,PHI,CLE,0,0,0,0,0,0,0,0,0,0,0,0,1,0,6,0,0,0,0,0,,0,0,0,0,0,0,0,0,0,0,0,,0
00-0021976,Larry Johnson,RB,2008,15,REG,2008_15_SD_KC,KC,LAC,1,1,4,1,0,0,0,17,55,0,4,0,3,0,18,0,0,0,0,0,,0,0,0,0,0,0,0,0,0,0,0,,0
00-0021982,Justin Gage,WR,2008,15,REG,2008_15_TEN_HOU,TEN,HOU,0,0,0,0,0,0,0,0,0,0,0,0,3,0,76,0,3,0,0,0,,0,0,0,0,0,0,0,0,0,0,0,,0
00-0022001,Kevin Curtis,WR,2008,15,REG,2008_15_CLE_PHI,PHI,CLE,0,0,0,0,0,0,0,0,0,0,0,0,4,0,45,1,3,0,0,0,,0,0,0,0,0,0,0,0,0,0,0,,0
00-0022017,Mike Scifres,P,2008,15,REG,2008_15_SD_KC,LAC,KC,0,0,0,0,0,0,0,0,0,0,0,0,0,0,0,0,0,0,0,0,,0,0,0,0,0,0,0,0,4,144,144,45,2
00-0022039,Ken Dorsey,QB,2008,15,REG,2008_15_CLE_PHI,CLE,PHI,11,28,156,0,2,2,-17,1,0,0,0,0,0,0,0,0,0,0,0,0,,0,0,0,0,0,0,0,0,0,0,0,,0
00-0022041,Richard Angulo,TE,2008,15,REG,2008_15_GB_JAX,JAX,GB,0,0,0,0,0,0,0,0,0,0,0,0,2,0,15,0,0,0,0,0,,0,0,0,0,0,0,0,0,0,0,0,,0
00-0022044,Andre Johnson,WR,2008,15,REG,2008_15_TEN_HOU,HOU,TEN,0,0,0,0,0,0,0,0,0,0,0,0,11,0,207,1,8,0,0,0,,0,0,0,0,0,0,0,0,0,0,0,,0
00-0022054,Visanthe Shiancoe,TE,2008,15,REG,2008_15_MIN_ARI,MIN,ARI,0,0,0,0,0,0,0,0,0,0,0,0,1,0,8,0,0,0,0,0,,0,0,0,0,0,0,0,0,0,0,0,,0
00-0022055,Seneca Wallace,QB,2008,15,REG,2008_15_SEA_STL,SEA,LA,15,25,226,0,0,3,-18,2,3,0,0,0,0,0,0,0,0,0,0,0,,0,0,0,0,0,0,0,0,0,0,0,,0
00-0022084,Anquan Boldin,WR,2008,15,REG,2008_15_MIN_ARI,ARI,MIN,0,0,0,0,0,0,0,0,0,0,0,0,6,0,34,0,2,1,0,0,,0,0,0,0,0,0,0,0,0,0,0,,0
00-0022093,Justin Fargas,RB,2008,15,REG,2008_15_NE_OAK,LV,NE,0,0,0,0,0,0,0,15,70,0,3,0,0,0,0,0,0,0,0,0,,0,0,0,0,0,0,0,0,0,0,0,,0
00-0022097,Brandon Lloyd,WR,2008,15,REG,2008_15_NO_CHI,CHI,NO,0,0,0,0,0,0,0,0,0,0,0,0,2,0,21,0,1,0,0,0,,0,0,0,0,0,0,0,0,0,0,0,,0
00-0022126,L.J. Smith,TE,2008,15,REG,2008_15_CLE_PHI,PHI,CLE,0,0,0,0,0,0,0,0,0,0,0,0,2,0,13,0,1,0,0,0,,0,0,0,0,0,0,0,0,0,0,0,,0
00-0022127,Jason Witten,TE,2008,15,REG,2008_15_NYG_DAL,DAL,NYG,0,0,0,0,0,0,0,0,0,0,0,0,5,0,44,0,3,0,0,0,,0,0,0,0,0,0,0,0,0,0,0,,0
00-0022143,Ovie Mughelli,FB,2008,15,REG,2008_15_TB_ATL,ATL,TB,0,0,0,0,0,0,0,0,0,0,0,0,1,0,1,0,0,0,0,0,,0,0,0,0,0,0,0,0,0,0,0,,0
00-0022144,Bobby Wade,WR,2008,15,REG,2008_15_MIN_ARI,MIN,ARI,0,0,0,0,0,0,0,0,0,0,0,0,2,0,67,1,2,0,0,0,,0,0,0,0,0,0,0,0,0,0,0,,0
00-0022156,Bryant Johnson,WR,2008,15,REG,2008_15_SF_MIA,SF,MIA,0,0,0,0,0,0,0,0,0,0,0,0,5,0,41,0,3,0,0,0,,0,0,0,0,0,0,0,0,0,0,0,,0
00-0022165,Dallas Clark,TE,2008,15,REG,2008_15_DET_IND,IND,DET,0,0,0,0,0,0,0,0,0,0,0,0,12,0,142,1,9,0,0,0,,0,0,0,0,0,0,0,0,0,0,0,,0
00-0022178,Willis McGahee,RB,2008,15,REG,2008_15_PIT_BAL,BAL,PIT,0,0,0,0,0,0,0,6,18,0,0,0,2,0,15,0,1,0,0,0,,0,0,0,0,0,0,0,0,0,0,0,,0
00-0022217,Mewelde Moore,RB,2008,15,REG,2008_15_PIT_BAL,PIT,BAL,0,0,0,0,0,0,0,7,16,0,2,0,0,0,0,0,0,0,0,0,,0,0,0,0,0,0,0,0,0,0,0,,0
00-0022250,Willie Parker,RB,2008,15,REG,2008_15_PIT_BAL,PIT,BAL,0,0,0,0,0,0,0,14,47,0,1,0,2,0,9,0,0,0,0,0,,0,0,0,0,0,0,0,0,0,0,0,,0
00-0022277,John Standeford,WR,2008,15,REG,2008_15_DET_IND,DET,IND,0,0,0,0,0,0,0,0,0,0,0,0,4,0,36,0,1,0,0,0,,0,0,0,0,0,0,0,0,0,0,0,,0
00-0022405,Lousaka Polite,FB,2008,15,REG,2008_15_SF_MIA,MIA,SF,0,0,0,0,0,0,0,2,4,0,1,0,0,0,0,0,0,0,0,0,,0,0,0,0,0,0,0,0,0,0,0,,0
00-0022414,Malcom Floyd,WR,2008,15,REG,2008_15_SD_KC,LAC,KC,0,0,0,0,0,0,0,0,0,0,0,0,5,0,67,1,4,0,0,0,,0,0,0,0,0,0,0,0,0,0,0,,0
00-0022421,Ruvell Martin,WR,2008,15,REG,2008_15_GB_JAX,GB,JAX,0,0,0,0,0,0,0,0,0,0,0,0,1,0,9,0,0,0,0,0,,0,0,0,0,0,0,0,0,0,0,0,,0
00-0022427,Wes Welker,WR,2008,15,REG,2008_15_NE_OAK,NE,LV,0,0,0,0,0,0,0,0,0,0,0,0,6,0,69,1,4,0,0,0,,0,0,0,0,0,0,0,0,0,0,0,,0
00-0022483,Jason Rader,TE,2008,15,REG,2008_15_TB_ATL,ATL,TB,0,0,0,0,0,0,0,0,0,0,0,0,1,0,26,0,0,1,0,0,,0,0,0,0,0,0,0,0,0,0,0,,0
00-0022529,Luke Lawton,FB,2008,15,REG,2008_15_NE_OAK,LV,NE,0,0,0,0,0,0,0,0,0,0,0,0,1,0,3,0,1,0,0,0,,0,0,0,0,0,0,0,0,0,0,0,,0
00-0022589,Kyle Larson,P,2008,15,REG,2008_15_WAS_CIN,CIN,WAS,0,0,0,0,0,0,0,0,0,0,0,0,0,0,0,0,0,0,0,0,,0,0,0,0,0,0,0,0,6,230,197,50,1
00-0022684,Donnie Jones,P,2008,15,REG,2008_15_SEA_STL,LA,SEA,0,0,0,0,0,0,0,0,0,0,0,0,0,0,0,0,0,0,0,0,,0,0,0,0,0,0,0,0,5,273,228,68,1
00-0022706,Michael Gaines,TE,2008,15,REG,2008_15_DET_IND,DET,IND,0,0,0,0,0,0,0,0,0,0,0,0,2,0,39,0,2,0,0,0,,0,0,0,0,0,0,0,0,0,0,0,,0
00-0022724,Sean McHugh,TE,2008,15,REG,2008_15_PIT_BAL,PIT,BAL,0,0,0,0,0,0,0,0,0,0,0,0,1,0,7,0,0,0,0,0,,0,0,0,0,0,0,0,0,0,0,0,,0
00-0022725,Michael Clayton,WR,2008,15,REG,2008_15_TB_ATL,TB,ATL,0,0,0,0,0,0,0,0,0,0,0,0,3,0,41,0,3,0,0,0,,0,0,0,0,0,0,0,0,0,0,0,,0
00-0022726,Keary Colbert,WR,2008,15,REG,2008_15_DET_IND,DET,IND,0,0,0,0,0,0,0,0,0,0,0,0,1,0,9,0,0,0,0,0,,0,0,0,0,0,0,0,0,0,0,0,,0
00-0022736,Steven Jackson,RB,2008,15,REG,2008_15_SEA_STL,LA,SEA,0,0,0,0,0,0,0,24,91,1,7,0,4,0,36,0,2,0,0,0,,0,0,0,0,0,0,0,0,0,0,0,,0
00-0022737,Nate Kaeding,K,2008,15,REG,2008_15_SD_KC,LAC,KC,0,0,0,0,0,0,0,0,0,0,0,0,0,0,0,0,0,0,1,1,32,0,0,1,0,0,0,1,1,0,0,0,,0
00-0022738,Chris Cooley,TE,2008,15,REG,2008_15_WAS_CIN,WAS,CIN,0,0,0,0,0,0,0,0,0,0,0,0,6,0,51,0,0,1,0,0,,0,0,0,0,0,0,0,0,0,0,0,,0
00-0022739,Devard Darling,WR,2008,15,REG,2008_15_SD_KC,KC,LAC,0,0,0,0,0,0,0,0,0,0,0,0,2,0,27,0,2,0,0,0,,0,0,0,0,0,0,0,0,0,0,0,,0
00-0022746,Jeff Dugan,TE,2008,15,REG,2008_15_MIN_ARI,MIN,ARI,0,0,0,0,0,0,0,2,4,0,2,0,0,0,0,0,0,0,0,0,,0,0,0,0,0,0,0,0,0,0,0,,0
00-0022766,Patrick Crayton,WR,2008,15,REG,2008_15_NYG_DAL,DAL,NYG,0,0,0,0,0,0,0,0,0,0,0,0,2,0,49,1,2,0,0,0,,0,0,0,0,0,0,0,0,0,0,0,,0
00-0022770,Derrick Ward,RB,2008,15,REG,2008_15_NYG_DAL,NYG,DAL,0,0,0,0,0,0,0,14,64,0,3,0,1,0,2,0,0,0,0,0,,0,0,0,0,0,0,0,0,0,0,0,,0
00-0022781,Michael Jenkins,WR,2008,15,REG,2008_15_TB_ATL,ATL,TB,0,0,0,0,0,0,0,0,0,0,0,0,3,0,55,0,3,0,0,0,,0,0,0,0,0,0,0,0,0,0,0,,0
00-0022787,Matt Schaub,QB,2008,15,REG,2008_15_TEN_HOU,HOU,TEN,23,39,284,1,0,3,-16,4,7,0,1,0,0,0,0,0,0,0,0,0,,0,0,0,0,0,0,0,0,0,0,0,,0
00-0022796,Mike Karney,FB,2008,15,REG,2008_15_NO_CHI,NO,CHI,0,0,0,0,0,0,0,3,1,0,1,0,0,0,0,0,0,0,0,0,,0,0,0,0,0,0,0,0,0,0,0,,0
00-0022803,Eli Manning,QB,2008,15,REG,2008_15_NYG_DAL,NYG,DAL,18,35,191,0,2,8,-45,0,0,0,0,0,0,0,0,0,0,0,0,0,,0,0,0,0,0,0,0,0,0,0,0,,0
00-0022807,Bernard Berrian,WR,2008,15,REG,2008_15_MIN_ARI,MIN,ARI,0,0,0,0,0,0,0,1,1,0,0,0,1,0,41,1,1,0,0,0,,0,0,0,0,0,0,0,0,0,0,0,,0
00-0022811,Jerricho Cotchery,WR,2008,15,REG,2008_15_BUF_NYJ,NYJ,BUF,0,0,0,0,0,0,0,0,0,0,0,0,4,0,34,1,2,0,0,0,,0,0,0,0,0,0,0,0,0,0,0,,0
00-0022817,Sean Ryan,TE,2008,15,REG,2008_15_SF_MIA,SF,MIA,0,0,0,0,0,0,0,0,0,0,0,0,1,0,8,0,0,0,0,0,,0,0,0,0,0,0,0,0,0,0,0,,0
00-0022821,Michael Turner,RB,2008,15,REG,2008_15_TB_ATL,ATL,TB,0,0,0,0,0,0,0,32,152,1,7,0,2,0,30,0,2,0,0,0,,0,0,0,0,0,0,0,0,0,0,0,,0
00-0022824,Andy Lee,P,2008,15,REG,2008_15_SF_MIA,SF,MIA,0,0,0,0,0,0,0,0,0,0,0,0,0,0,0,0,0,0,0,0,,0,0,0,0,0,0,0,0,5,242,150,53,0
00-0022840,Julius Jones,RB,2008,15,REG,2008_15_SEA_STL,SEA,LA,0,0,0,0,0,0,0,4,18,0,0,0,0,0,0,0,0,0,0,0,,0,0,0,0,0,0,0,0,0,0,0,,0
00-0022874,Josh Scobee,K,2008,15,REG,2008_15_GB_JAX,JAX,GB,0,0,0,0,0,0,0,0,0,0,0,0,0,0,0,0,0,0,0,1,,0,0,0,0,0,0,2,2,0,0,0,,0
00-0022889,Reggie Williams,WR,2008,15,REG,2008_15_GB_JAX,JAX,GB,0,0,0,0,0,0,0,0,0,0,0,0,4,0,31,0,2,0,0,0,,0,0,0,0,0,0,0,0,0,0,0,,0
00-0022893,Tatum Bell,RB,2008,15,REG,2008_15_DEN_CAR,DEN,CAR,0,0,0,0,0,0,0,7,43,0,2,0,2,0,7,0,0,0,0,0,,0,0,0,0,0,0,0,0,0,0,0,,0
00-0022909,Roy Williams,WR,2008,15,REG,2008_15_NYG_DAL,DAL,NYG,0,0,0,0,0,0,0,0,0,0,0,0,1,0,5,0,0,0,0,0,,0,0,0,0,0,0,0,0,0,0,0,,0
00-0022910,Lee Evans,WR,2008,15,REG,2008_15_BUF_NYJ,BUF,NYJ,0,0,0,0,0,0,0,0,0,0,0,0,4,0,22,0,2,0,0,0,,0,0,0,0,0,0,0,0,0,0,0,,0
00-0022912,J.P. Losman,QB,2008,15,REG,2008_15_BUF_NYJ,BUF,NYJ,24,39,148,1,3,3,-29,2,17,1,1,0,0,0,0,0,0,0,0,0,,0,0,0,0,0,0,0,0,0,0,0,,0
00-0022921,Larry Fitzgerald,WR,2008,15,REG,2008_15_MIN_ARI,ARI,MIN,0,0,0,0,0,0,0,0,0,0,0,0,5,0,52,0,2,0,0,0,,0,0,0,0,0,0,0,0,0,0,0,,0
00-0022924,Ben Roethlisberger,QB,2008,15,REG,2008_15_PIT_BAL,PIT,BAL,22,40,246,1,0,3,-26,4,21,0,1,0,0,0,0,0,0,0,0,0,,0,0,0,0,0,0,0,0,0,0,0,,0
00-0022942,Philip Rivers,QB,2008,15,REG,2008_15_SD_KC,LAC,KC,34,48,346,2,1,3,-20,2,12,0,1,0,0,0,0,0,0,0,0,0,,0,0,0,0,0,0,0,0,0,0,0,,0
00-0022954,Ben Graham,P,2008,15,REG,2008_15_MIN_ARI,ARI,MIN,0,0,0,0,0,0,0,0,0,0,0,0,0,0,0,0,0,0,0,0,,0,0,0,0,0,0,0,0,6,273,163,59,2
00-0022984,Ryan Grant,RB,2008,15,REG,2008_15_GB_JAX,GB,JAX,0,0,0,0,0,0,0,21,56,0,2,0,3,0,32,0,2,0,0,0,,0,0,0,0,0,0,0,0,0,0,0,,0
00-0022999,John Kuhn,FB,2008,15,REG,2008_15_GB_JAX,GB,JAX,0,0,0,0,0,0,0,1,0,0,0,0,0,0,0,0,0,0,0,0,,0,0,0,0,0,0,0,0,0,0,0,,0
00-0023001,Shaun Suisham,K,2008,15,REG,2008_15_WAS_CIN,WAS,CIN,0,0,0,0,0,0,0,0,0,0,0,0,0,0,0,0,0,0,2,2,36,0,1,1,0,0,0,1,1,0,0,0,,0
00-0023060,Chris Kluwe,P,2008,15,REG,2008_15_MIN_ARI,MIN,ARI,0,0,0,0,0,0,0,0,0,0,0,0,0,0,0,0,0,0,0,0,,0,0,0,0,0,0,0,0,4,184,132,55,0
00-0023063,Leonard Weaver,FB,2008,15,REG,2008_15_SEA_STL,SEA,LA,0,0,0,0,0,0,0,3,14,0,2,0,0,0,0,0,0,0,0,0,,0,0,0,0,0,0,0,0,0,0,0,,0
00-0023176,Josh Cribbs,WR,2008,15,REG,2008_15_CLE_PHI,CLE,PHI,0,1,0,0,0,0,0,5,25,0,2,0,0,0,0,0,0,0,0,0,,0,0,0,0,0,0,0,0,0,0,0,,0
00-0023234,Michael Koenen,P,2008,15,REG,2008_15_TB_ATL,ATL,TB,0,0,0,0,0,0,0,0,0,0,0,0,0,0,0,0,0,0,0,0,,0,0,0,0,0,0,0,0,5,225,209,52,2
00-0023251,Kyle Eckel,RB,2008,15,REG,2008_15_CLE_PHI,PHI,CLE,0,0,0,0,0,0,0,9,28,0,1,0,0,0,0,0,0,0,0,0,,0,0,0,0,0,0,0,0,0,0,0,,0
00-0023252,Robbie Gould,K,2008,15,REG,2008_15_NO_CHI,CHI,NO,0,0,0,0,0,0,0,0,0,0,0,0,0,0,0,0,0,0,2,2,35,0,1,1,0,0,0,3,3,0,0,0,,0
00-0023310,Lance Moore,WR,2008,15,REG,2008_15_NO_CHI,NO,CHI,0,0,0,0,0,0,0,0,0,0,0,0,5,0,27,0,2,0,0,0,,0,0,0,0,0,0,0,0,0,0,0,,0
00-0023367,Nate Washington,WR,2008,15,REG,2008_15_PIT_BAL,PIT,BAL,0,0,0,0,0,0,0,1,6,0,0,0,5,0,76,0,3,0,0,0,,0,0,0,0,0,0,0,0,0,0,0,,0
00-0023437,Ronnie Brown,RB,2008,15,REG,2008_15_SF_MIA,MIA,SF,0,0,0,0,0,0,0,10,67,0,3,0,1,0,9,0,0,0,0,0,,0,0,0,0,0,0,0,0,0,0,0,,0
00-0023438,Braylon Edwards,WR,2008,15,REG,2008_15_CLE_PHI,CLE,PHI,0,0,0,0,0,0,0,0,0,0,0,0,5,0,102,0,5,0,0,0,,0,0,0,0,0,0,0,0,0,0,0,,0
00-0023439,Cedric Benson,RB,2008,15,REG,2008_15_WAS_CIN,CIN,WAS,0,0,0,0,0,0,0,21,73,0,3,0,3,0,88,0,1,0,0,0,,0,0,0,0,0,0,0,0,0,0,0,,0
00-0023440,Cadillac Williams,RB,2008,15,REG,2008_15_TB_ATL,TB,ATL,0,0,0,0,0,0,0,14,59,0,5,0,1,0,0,0,0,0,0,0,,0,0,0,0,0,0,0,0,0,0,0,,0
00-0023457,Mark Clayton,WR,2008,15,REG,2008_15_PIT_BAL,BAL,PIT,0,0,0,0,0,0,0,0,0,0,0,0,3,0,38,0,2,0,0,0,,0,0,0,0,0,0,0,0,0,0,0,,0
00-0023459,Aaron Rodgers,QB,2008,15,REG,2008_15_GB_JAX,GB,JAX,20,32,278,1,1,3,-24,5,22,0,2,0,0,0,0,0,0,0,0,0,,0,0,0,0,0,0,0,0,0,0,0,,0
00-0023460,Jason Campbell,QB,2008,15,REG,2008_15_WAS_CIN,WAS,CIN,17,28,167,1,0,0,0,2,21,0,1,0,0,0,0,0,0,0,0,0,,0,0,0,0,0,0,0,0,0,0,0,,0
00-0023462,Roddy White,WR,2008,15,REG,2008_15_TB_ATL,ATL,TB,0,0,0,0,0,0,0,0,0,0,0,0,4,0,61,0,3,0,0,0,,0,0,0,0,0,0,0,0,0,0,0,,0
00-0023465,Heath Miller,TE,2008,15,REG,2008_15_PIT_BAL,PIT,BAL,0,0,0,0,0,0,0,0,0,0,0,0,3,0,26,0,1,0,0,0,,0,0,0,0,0,0,0,0,0,0,0,,0
00-0023479,J.J. Arrington,RB,2008,15,REG,2008_15_MIN_ARI,ARI,MIN,0,0,0,0,0,0,0,2,23,0,1,0,7,0,48,0,1,0,0,0,,0,0,0,0,0,0,0,0,0,0,0,,0
00-0023490,Roscoe Parrish,WR,2008,15,REG,2008_15_BUF_NYJ,BUF,NYJ,0,0,0,0,0,0,0,0,0,0,0,0,1,0,5,0,1,0,0,0,,0,0,0,0,0,0,0,0,0,0,0,,0
00-0023496,Vincent Jackson,WR,2008,15,REG,2008_15_SD_KC,LAC,KC,0,0,0,0,0,0,0,1,8,0,0,0,6,0,89,1,4,1,0,0,,0,0,0,0,0,0,0,0,0,0,0,,0
00-0023506,Alex Smith,TE,2008,15,REG,2008_15_TB_ATL,TB,ATL,0,0,0,0,0,0,0,0,0,0,0,0,1,0,2,0,0,0,0,0,,0,0,0,0,0,0,0,0,0,0,0,,0
00-0023518,Chris Henry,WR,2008,15,REG,2008_15_WAS_CIN,CIN,WAS,0,0,0,0,0,0,0,0,0,0,0,0,4,0,54,1,3,0,0,0,,0,0,0,0,0,0,0,0,0,0,0,,0
00-0023531,Brandon Jones,WR,2008,15,REG,2008_15_TEN_HOU,TEN,HOU,0,0,0,0,0,0,0,0,0,0,0,0,3,0,51,0,1,0,0,0,,0,0,0,0,0,0,0,0,0,0,0,,0
00-0023534,Dustin Colquitt,P,2008,15,REG,2008_15_SD_KC,KC,LAC,0,0,0,0,0,0,0,0,0,0,0,0,0,0,0,0,0,0,0,0,,0,0,0,0,0,0,0,0,5,182,178,41,1
00-0023541,Kyle Orton,QB,2008,15,REG,2008_15_NO_CHI,CHI,NO,24,40,172,0,2,1,-1,4,6,1,2,1,0,0,0,0,0,0,0,0,,0,0,0,0,0,0,0,0,0,0,0,,0
00-0023544,Marion Barber,RB,2008,15,REG,2008_15_NYG_DAL,DAL,NYG,0,0,0,0,0,0,0,8,2,0,1,0,2,0,24,0,2,0,0,0,,0,0,0,0,0,0,0,0,0,0,0,,0
00-0023564,Darren Sproles,RB,2008,15,REG,2008_15_SD_KC,LAC,KC,0,0,0,0,0,0,0,0,0,0,0,0,4,0,11,0,1,0,0,0,,0,0,0,0,0,0,0,0,0,0,0,,0
00-0023578,Dan Orlovsky,QB,2008,15,REG,2008_15_DET_IND,DET,IND,23,34,233,1,0,0,0,0,0,0,0,0,0,0,0,0,0,0,0,0,,0,0,0,0,0,0,0,0,0,0,0,,0
00-0023612,Bo Scaife,TE,2008,15,REG,2008_15_TEN_HOU,TEN,HOU,0,0,0,0,0,0,0,0,0,0,0,0,3,0,11,0,0,0,0,0,,0,0,0,0,0,0,0,0,0,0,0,,0
00-0023630,Joel Dreessen,TE,2008,15,REG,2008_15_TEN_HOU,HOU,TEN,0,0,0,0,0,0,0,0,0,0,0,0,2,0,9,0,0,0,0,0,,0,0,0,0,0,0,0,0,0,0,0,,0
00-0023642,Reggie Hodges,P,2008,15,REG,2008_15_BUF_NYJ,NYJ,BUF,0,0,0,0,0,0,0,0,0,0,0,0,0,0,0,0,0,0,0,0,,0,0,0,0,0,0,0,0,4,202,106,61,0
00-0023662,Matt Cassel,QB,2008,15,REG,2008_15_NE_OAK,NE,LV,18,30,218,4,1,2,-8,7,18,0,1,0,0,0,0,0,0,0,0,0,,0,0,0,0,0,0,0,0,0,0,0,,0
00-0023682,Ryan Fitzpatrick,QB,2008,15,REG,2008_15_WAS_CIN,CIN,WAS,16,29,209,1,0,2,-5,11,29,1,3,0,0,0,0,0,0,0,0,0,,0,0,0,0,0,0,0,0,0,0,0,,0
00-0023742,Jon Ryan,P,2008,15,REG,2008_15_SEA_STL,SEA,LA,0,0,0,0,0,0,0,0,0,0,0,0,0,0,0,0,0,0,0,0,,0,0,0,0,0,0,0,0,4,209,167,61,2
00-0023774,Naufahu Tahi,FB,2008,15,REG,2008_15_MIN_ARI,MIN,ARI,0,0,0,0,0,0,0,0,0,0,0,0,2,0,4,0,0,0,0,0,,0,0,0,0,0,0,0,0,0,0,0,,0
00-0023784,Greg Estandia,TE,2008,15,REG,2008_15_GB_JAX,JAX,GB,0,0,0,0,0,0,0,0,0,0,0,0,4,0,36,0,2,0,0,0,,0,0,0,0,0,0,0,0,0,0,0,,0
00-0023853,Matt Prater,K,2008,15,REG,2008_15_DEN_CAR,DEN,CAR,0,0,0,0,0,0,0,0,0,0,0,0,0,0,0,0,0,0,1,2,43,0,0,0,1,0,0,1,1,0,0,0,,0
00-0023881,P.J. Pope,RB,2008,15,REG,2008_15_DEN_CAR,DEN,CAR,0,0,0,0,0,0,0,7,51,0,2,0,3,0,24,1,2,0,0,0,,0,0,0,0,0,0,0,0,0,0,0,,0
00-0023921,Miles Austin,WR,2008,15,REG,2008_15_NYG_DAL,DAL,NYG,0,0,0,0,0,0,0,0,0,0,0,0,1,0,23,0,1,0,0,0,,0,0,0,0,0,0,0,0,0,0,0,,0
00-0024013,Hank Baskett,WR,2008,15,REG,2008_15_CLE_PHI,PHI,CLE,0,0,0,0,0,0,0,0,0,0,0,0,3,0,15,0,2,0,0,0,,0,0,0,0,0,0,0,0,0,0,0,,0
00-0024110,Steve Weatherford,P,2008,15,REG,2008_15_GB_JAX,JAX,GB,0,0,0,0,0,0,0,0,0,0,0,0,0,0,0,0,0,0,0,0,,0,0,0,0,0,0,0,0,4,198,153,54,0
00-0024158,Jason Davis,RB,2008,15,REG,2008_15_NO_CHI,CHI,NO,0,0,0,0,0,0,0,0,0,0,0,0,1,0,12,0,1,0,0,0,,0,0,0,0,0,0,0,0,0,0,0,,0
00-0024204,Fred Jackson,RB,2008,15,REG,2008_15_BUF_NYJ,BUF,NYJ,0,0,0,0,0,0,0,7,31,1,1,0,6,0,24,0,1,0,0,0,,0,0,0,0,0,0,0,0,0,0,0,,0
00-0024217,Reggie Bush,RB,2008,15,REG,2008_15_NO_CHI,NO,CHI,0,0,0,0,0,0,0,6,30,0,1,0,2,0,16,0,1,0,0,0,,0,0,0,0,0,0,0,0,0,0,0,,0
00-0024221,Vernon Davis,TE,2008,15,REG,2008_15_SF_MIA,SF,MIA,0,0,0,0,0,0,0,1,11,0,1,0,5,0,31,0,2,0,0,0,,0,0,0,0,0,0,0,0,0,0,0,,0
00-0024225,Matt Leinart,QB,2008,15,REG,2008_15_MIN_ARI,ARI,MIN,3,5,28,0,0,0,0,0,0,0,0,0,0,0,0,0,0,0,0,0,,0,0,0,0,0,0,0,0,0,0,0,,0
00-0024226,Jay Cutler,QB,2008,15,REG,2008_15_DEN_CAR,DEN,CAR,21,33,172,1,1,3,-14,2,9,0,0,0,0,0,0,0,0,0,0,0,,0,0,0,0,0,0,0,0,0,0,0,,0
00-0024240,Santonio Holmes,WR,2008,15,REG,2008_15_PIT_BAL,PIT,BAL,0,0,0,0,0,0,0,0,0,0,0,0,3,0,21,1,2,1,0,0,,0,0,0,0,0,0,0,0,0,0,0,,0
00-0024242,DeAngelo Williams,RB,2008,15,REG,2008_15_DEN_CAR,CAR,DEN,0,0,0,0,0,0,0,12,88,1,3,0,3,0,3,0,0,0,0,0,,0,0,0,0,0,0,0,0,0,0,0,,0
00-0024243,Marcedes Lewis,TE,2008,15,REG,2008_15_GB_JAX,JAX,GB,0,0,0,0,0,0,0,0,0,0,0,0,2,0,7,0,0,0,0,0,,0,0,0,0,0,0,0,0,0,0,0,,0
00-0024260,LenDale White,RB,2008,15,REG,2008_15_TEN_HOU,TEN,HOU,0,0,0,0,0,0,0,8,26,0,2,0,0,0,0,0,0,0,0,0,,0,0,0,0,0,0,0,0,0,0,0,,0
00-0024261,Joe Klopfenstein,TE,2008,15,REG,2008_15_SEA_STL,LA,SEA,0,0,0,0,0,0,0,0,0,0,0,0,2,0,25,0,0,1,0,0,,0,0,0,0,0,0,0,0,0,0,0,,0
00-0024267,Greg Jennings,WR,2008,15,REG,2008_15_GB_JAX,GB,JAX,0,0,0,0,0,0,0,0,0,0,0,0,3,0,22,1,3,0,0,0,,0,0,0,0,0,0,0,0,0,0,0,,0
00-0024268,Anthony Fasano,TE,2008,15,REG,2008_15_SF_MIA,MIA,SF,0,0,0,0,0,0,0,0,0,0,0,0,2,0,20,0,2,0,0,0,,0,0,0,0,0,0,0,0,0,0,0,,0
00-0024272,Devin Hester,WR,2008,15,REG,2008_15_NO_CHI,CHI,NO,0,0,0,0,0,0,0,0,0,0,0,0,4,0,46,0,3,0,0,0,,0,0,0,0,0,0,0,0,0,0,0,,0
00-0024275,Maurice Jones-Drew,RB,2008,15,REG,2008_15_GB_JAX,JAX,GB,0,0,0,0,0,0,0,12,48,1,3,0,4,0,22,1,1,0,0,0,,0,0,0,0,0,0,0,0,0,0,0,,0
00-0024276,Tony Scheffler,TE,2008,15,REG,2008_15_DEN_CAR,DEN,CAR,0,0,0,0,0,0,0,1,-1,0,0,0,0,0,0,0,0,0,0,0,,0,0,0,0,0,0,0,0,0,0,0,,0
00-0024279,Tarvaris Jackson,QB,2008,15,REG,2008_15_MIN_ARI,MIN,ARI,11,17,163,4,0,3,-6,3,3,0,1,0,0,0,0,0,0,0,0,0,,0,0,0,0,0,0,0,0,0,0,0,,0
00-0024294,Jerious Norwood,RB,2008,15,REG,2008_15_TB_ATL,ATL,TB,0,0,0,0,0,0,0,4,-7,0,0,0,2,0,24,0,1,0,0,0,,0,0,0,0,0,0,0,0,0,0,0,,0
00-0024313,Owen Daniels,TE,2008,15,REG,2008_15_TEN_HOU,HOU,TEN,0,0,0,0,0,0,0,0,0,0,0,0,4,0,41,0,2,0,0,0,,0,0,0,0,0,0,0,0,0,0,0,,0
00-0024315,Michael Robinson,FB,2008,15,REG,2008_15_SF_MIA,SF,MIA,0,0,0,0,0,0,0,5,8,0,0,0,4,0,33,0,2,0,0,0,,0,0,0,0,0,0,0,0,0,0,0,,0
00-0024324,Jason Avant,WR,2008,15,REG,2008_15_CLE_PHI,PHI,CLE,0,0,0,0,0,0,0,0,0,0,0,0,5,0,101,0,5,0,0,0,,0,0,0,0,0,0,0,0,0,0,0,,0
00-0024332,Leon Washington,RB,2008,15,REG,2008_15_BUF_NYJ,NYJ,BUF,0,0,0,0,0,0,0,1,47,1,1,0,1,1,7,0,1,0,0,0,,0,0,0,0,0,0,0,0,0,0,0,,0
00-0024333,Stephen Gostkowski,K,2008,15,REG,2008_15_NE_OAK,NE,LV,0,0,0,0,0,0,0,0,0,0,0,0,0,0,0,0,0,0,0,0,,0,0,0,0,0,0,7,7,0,0,0,,0
00-0024334,Brandon Marshall,WR,2008,15,REG,2008_15_DEN_CAR,DEN,CAR,0,0,0,0,0,0,0,0,0,0,0,0,5,0,48,0,3,0,0,0,,0,0,0,0,0,0,0,0,0,0,0,,0
00-0024345,Domenik Hixon,WR,2008,15,REG,2008_15_NYG_DAL,NYG,DAL,0,0,0,0,0,0,0,0,0,0,0,0,6,0,60,0,3,0,0,0,,0,0,0,0,0,0,0,0,0,0,0,,0
00-0024369,Jeff King,TE,2008,15,REG,2008_15_DEN_CAR,CAR,DEN,0,0,0,0,0,0,0,0,0,0,0,0,1,0,15,0,1,0,0,0,,0,0,0,0,0,0,0,0,0,0,0,,0
00-0024389,Delanie Walker,TE,2008,15,REG,2008_15_SF_MIA,SF,MIA,0,0,0,0,0,0,0,0,0,0,0,0,1,0,10,0,1,0,0,0,,0,0,0,0,0,0,0,0,0,0,0,,0
00-0024392,Keith Ellison,ILB,2008,15,REG,2008_15_BUF_NYJ,BUF,NYJ,0,0,0,0,0,0,0,1,6,0,1,0,0,0,0,0,0,0,0,0,,0,0,0,0,0,0,0,0,0,0,0,,0
00-0024394,Lawrence Vickers,FB,2008,15,REG,2008_15_CLE_PHI,CLE,PHI,0,0,0,0,0,0,0,0,0,0,0,0,1,1,21,0,1,0,0,0,,0,0,0,0,0,0,0,0,0,0,0,,0
00-0024417,Sam Koch,P,2008,15,REG,2008_15_PIT_BAL,BAL,PIT,0,0,0,0,0,0,0,0,0,0,0,0,0,0,0,0,0,0,0,0,,0,0,0,0,0,0,0,0,7,292,287,56,4
00-0024453,Ryan Plackemeier,P,2008,15,REG,2008_15_WAS_CIN,WAS,CIN,0,0,0,0,0,0,0,0,0,0,0,0,0,0,0,0,0,0,0,0,,0,0,0,0,0,0,0,0,6,290,262,62,2
00-0024465,David Anderson,WR,2008,15,REG,2008_15_TEN_HOU,HOU,TEN,0,0,0,0,0,0,0,0,0,0,0,0,1,0,4,0,0,0,0,0,,0,0,0,0,0,0,0,0,0,0,0,,0
00-0024466,Marques Colston,WR,2008,15,REG,2008_15_NO_CHI,NO,CHI,0,0,0,0,0,0,0,0,0,0,0,0,6,0,84,1,4,0,0,0,,0,0,0,0,0,0,0,0,0,0,0,,0
00-0024489,Ahmard Hall,FB,2008,15,REG,2008_15_TEN_HOU,TEN,HOU,0,0,0,0,0,0,0,0,0,0,0,0,1,0,5,0,0,0,0,0,,0,0,0,0,0,0,0,0,0,0,0,,0
00-0024515,Sav Rocca,P,2008,15,REG,2008_15_CLE_PHI,PHI,CLE,0,0,0,0,0,0,0,0,0,0,0,0,0,0,0,0,0,0,0,0,,0,0,0,0,0,0,0,0,2,83,83,47,1
00-0024529,Gijon Robinson,TE,2008,15,REG,2008_15_DET_IND,IND,DET,0,0,0,0,0,0,0,0,0,0,0,0,1,0,8,0,0,0,0,0,,0,0,0,0,0,0,0,0,0,0,0,,0
00-0024549,Selvin Young,RB,2008,15,REG,2008_15_DEN_CAR,DEN,CAR,0,0,0,0,0,0,0,6,19,0,0,1,0,0,0,0,0,0,0,0,,0,0,0,0,0,0,0,0,0,0,0,,0
00-0024607,Daniel Coats,TE,2008,15,REG,2008_15_WAS_CIN,CIN,WAS,0,0,0,0,0,0,0,0,0,0,0,0,1,0,8,0,0,0,0,0,,0,0,0,0,0,0,0,0,0,0,0,,0
00-0024813,Pierre Thomas,RB,2008,15,REG,2008_15_NO_CHI,NO,CHI,0,0,0,0,0,0,0,22,87,1,4,0,7,0,59,1,4,0,0,0,,0,0,0,0,0,0,0,0,0,0,0,,0
00-0024846,Gary Russell,RB,2008,15,REG,2008_15_PIT_BAL,PIT,BAL,0,0,0,0,0,0,0,1,1,0,1,0,0,0,0,0,0,0,0,0,,0,0,0,0,0,0,0,0,0,0,0,,0
00-0025388,JaMarcus Russell,QB,2008,15,REG,2008_15_NE_OAK,LV,NE,17,31,242,2,1,2,-24,0,0,0,0,0,0,0,0,0,0,0,0,0,,0,0,0,0,0,0,0,0,0,0,0,,0
00-0025389,Calvin Johnson,WR,2008,15,REG,2008_15_DET_IND,DET,IND,0,0,0,0,0,0,0,0,0,0,0,0,9,0,110,1,3,1,0,0,,0,0,0,0,0,0,0,0,0,0,0,,0
00-0025394,Adrian Peterson,RB,2008,15,REG,2008_15_MIN_ARI,MIN,ARI,0,0,0,0,0,0,0,28,165,0,8,0,0,0,0,0,0,0,0,0,,0,0,0,0,0,0,0,0,0,0,0,,0
00-0025396,Ted Ginn,WR,2008,15,REG,2008_15_SF_MIA,MIA,SF,0,0,0,0,0,0,0,0,0,0,0,0,2,0,6,0,0,0,0,0,,0,0,0,0,0,0,0,0,0,0,0,,0
00-0025399,Marshawn Lynch,RB,2008,15,REG,2008_15_BUF_NYJ,BUF,NYJ,0,0,0,0,0,0,0,21,127,0,6,0,3,0,13,0,1,0,0,0,,0,0,0,0,0,0,0,0,0,0,0,,0
00-0025410,Dwayne Bowe,WR,2008,15,REG,2008_15_SD_KC,KC,LAC,0,0,0,0,0,0,0,0,0,0,0,0,6,0,44,1,3,0,0,0,,0,0,0,0,0,0,0,0,0,0,0,,0
00-0025418,Greg Olsen,TE,2008,15,REG,2008_15_NO_CHI,CHI,NO,0,0,0,0,0,0,0,0,0,0,0,0,8,0,45,0,3,0,0,0,,0,0,0,0,0,0,0,0,0,0,0,,0
00-0025419,Anthony Gonzalez,WR,2008,15,REG,2008_15_DET_IND,IND,DET,0,0,0,0,0,0,0,0,0,0,0,0,1,0,6,0,1,0,0,0,,0,0,0,0,0,0,0,0,0,0,0,,0
00-0025423,Kevin Kolb,QB,2008,15,REG,2008_15_CLE_PHI,PHI,CLE,0,2,0,0,1,0,0,2,-2,0,0,0,0,0,0,0,0,0,0,0,,0,0,0,0,0,0,0,0,0,0,0,,0
00-0025425,Zach Miller,TE,2008,15,REG,2008_15_NE_OAK,LV,NE,0,0,0,0,0,0,0,0,0,0,0,0,5,0,60,0,2,0,0,0,,0,0,0,0,0,0,0,0,0,0,0,,0
00-0025431,Sidney Rice,WR,2008,15,REG,2008_15_MIN_ARI,MIN,ARI,0,0,0,0,0,0,0,0,0,0,0,0,1,0,6,1,1,0,0,0,,0,0,0,0,0,0,0,0,0,0,0,,0
00-0025438,Steve Smith,WR,2008,15,REG,2008_15_NYG_DAL,NYG,DAL,0,0,0,0,0,0,0,0,0,0,0,0,5,0,59,0,3,0,0,0,,0,0,0,0,0,0,0,0,0,0,0,,0
00-0025450,Brandon Jackson,RB,2008,15,REG,2008_15_GB_JAX,GB,JAX,0,0,0,0,0,0,0,1,6,0,0,0,1,0,1,0,0,0,0,0,,0,0,0,0,0,0,0,0,0,0,0,,0
00-0025463,Jason Hill,WR,2008,15,REG,2008_15_SF_MIA,SF,MIA,0,0,0,0,0,0,0,0,0,0,0,0,2,0,14,0,1,0,0,0,,0,0,0,0,0,0,0,0,0,0,0,,0
00-0025465,James Jones,WR,2008,15,REG,2008_15_GB_JAX,GB,JAX,0,0,0,0,0,0,0,0,0,0,0,0,4,0,132,0,4,0,0,0,,0,0,0,0,0,0,0,0,0,0,0,,0
00-0025486,Johnnie Lee Higgins,WR,2008,15,REG,2008_15_NE_OAK,LV,NE,0,0,0,0,0,0,0,0,0,0,0,0,3,0,66,1,1,0,0,0,,0,0,0,0,0,0,0,0,0,0,0,,0
00-0025487,Michael Bush,RB,2008,15,REG,2008_15_NE_OAK,LV,NE,0,2,0,0,0,0,0,0,0,0,0,0,0,0,0,0,0,0,0,0,,0,0,0,0,0,0,0,0,0,0,0,,0
00-0025524,Le'Ron McClain,FB,2008,15,REG,2008_15_PIT_BAL,BAL,PIT,0,0,0,0,0,0,0,23,87,0,3,0,0,0,0,0,0,0,0,0,,0,0,0,0,0,0,0,0,0,0,0,,0
00-0025529,Steve Breaston,WR,2008,15,REG,2008_15_MIN_ARI,ARI,MIN,0,0,0,0,0,0,0,0,0,0,0,0,4,0,46,0,2,0,0,0,,0,0,0,0,0,0,0,0,0,0,0,,0
00-0025540,Kevin Boss,TE,2008,15,REG,2008_15_NYG_DAL,NYG,DAL,0,0,0,0,0,0,0,0,0,0,0,0,1,0,23,0,1,0,0,0,,0,0,0,0,0,0,0,0,0,0,0,,0
00-0025544,David Clowney,WR,2008,15,REG,2008_15_BUF_NYJ,NYJ,BUF,0,0,0,0,0,0,0,0,0,0,0,0,1,0,26,0,1,0,0,0,,0,0,0,0,0,0,0,0,0,0,0,,0
00-0025549,Brent Celek,TE,2008,15,REG,2008_15_CLE_PHI,PHI,CLE,0,0,0,0,0,0,0,0,0,0,0,0,2,0,9,0,1,0,0,0,,0,0,0,0,0,0,0,0,0,0,0,,0
00-0025565,Nick Folk,K,2008,15,REG,2008_15_NYG_DAL,DAL,NYG,0,0,0,0,0,0,0,0,0,0,0,0,0,0,0,0,0,0,0,0,,0,0,0,0,0,0,2,2,0,0,0,,0
00-0025580,Mason Crosby,K,2008,15,REG,2008_15_GB_JAX,GB,JAX,0,0,0,0,0,0,0,0,0,0,0,0,0,0,0,0,0,0,3,3,38,0,2,1,0,0,0,1,1,0,0,0,,0
00-0025582,Deon Anderson,FB,2008,15,REG,2008_15_NYG_DAL,DAL,NYG,0,0,0,0,0,0,0,0,0,0,0,0,1,0,1,1,1,0,0,0,,0,0,0,0,0,0,0,0,0,0,0,,0
00-0025602,Ben Patrick,TE,2008,15,REG,2008_15_MIN_ARI,ARI,MIN,0,0,0,0,0,0,0,0,0,0,0,0,2,0,16,0,1,0,0,0,,0,0,0,0,0,0,0,0,0,0,0,,0
00-0025604,Tyler Thigpen,QB,2008,15,REG,2008_15_SD_KC,KC,LAC,19,28,171,1,1,0,0,10,40,1,3,0,0,0,0,0,0,0,0,0,,0,0,0,0,0,0,0,0,0,0,0,,0
00-0025612,Brandon Fields,P,2008,15,REG,2008_15_SF_MIA,MIA,SF,0,0,0,0,0,0,0,0,0,0,0,0,0,0,0,0,0,0,0,0,,0,0,0,0,0,0,0,0,5,205,205,52,3
00-0025633,Kenneth Darby,RB,2008,15,REG,2008_15_SEA_STL,LA,SEA,0,0,0,0,0,0,0,4,29,0,1,0,0,0,0,0,0,0,0,0,,0,0,0,0,0,0,0,0,0,0,0,,0
00-0025636,Derek Stanley,WR,2008,15,REG,2008_15_SEA_STL,LA,SEA,0,0,0,0,0,0,0,1,0,0,0,1,0,0,0,0,0,0,0,0,,0,0,0,0,0,0,0,0,0,0,0,,0
00-0025637,Ahmad Bradshaw,RB,2008,15,REG,2008_15_NYG_DAL,NYG,DAL,0,0,0,0,0,0,0,3,8,0,0,0,1,0,16,0,1,0,0,0,,0,0,0,0,0,0,0,0,0,0,0,,0
00-0025728,Sam Paulescu,P,2008,15,REG,2008_15_NYG_DAL,DAL,NYG,0,0,0,0,0,0,0,0,0,0,0,0,0,0,0,0,0,0,0,0,,0,0,0,0,0,0,0,0,6,253,227,46,3
00-0025786,Jeremy Kapinos,P,2008,15,REG,2008_15_GB_JAX,GB,JAX,0,0,0,0,0,0,0,0,0,0,0,0,0,0,0,0,0,0,0,0,,0,0,0,0,0,0,0,0,2,87,87,48,1
00-0025824,Garrett Hartley,K,2008,15,REG,2008_15_NO_CHI,NO,CHI,0,0,0,0,0,0,0,0,0,0,0,0,0,0,0,0,0,0,1,1,30,0,0,1,0,0,0,3,3,0,0,0,,0
00-0025825,Brett Kern,P,2008,15,REG,2008_15_DEN_CAR,DEN,CAR,0,0,0,0,0,0,0,0,0,0,0,0,0,0,0,0,0,0,0,0,,0,0,0,0,0,0,0,0,5,241,199,57,0
00-0025997,Chad Simpson,RB,2008,15,REG,2008_15_DET_IND,IND,DET,0,0,0,0,0,0,0,7,17,1,2,0,1,0,6,0,0,0,0,0,,0,0,0,0,0,0,0,0,0,0,0,,0
00-0026000,Davone Bess,WR,2008,15,REG,2008_15_SF_MIA,MIA,SF,0,0,0,0,0,0,0,0,0,0,0,0,3,0,25,0,2,0,0,0,,0,0,0,0,0,0,0,0,0,0,0,,0
00-0026003,Dan Carpenter,K,2008,15,REG,2008_15_SF_MIA,MIA,SF,0,0,0,0,0,0,0,0,0,0,0,0,0,0,0,0,0,0,0,1,,0,0,0,0,0,0,2,2,0,0,0,,0
00-0026026,Joey Haynos,TE,2008,15,REG,2008_15_SF_MIA,MIA,SF,0,0,0,0,0,0,0,0,0,0,0,0,1,0,19,1,1,0,0,0,,0,0,0,0,0,0,0,0,0,0,0,,0
00-0026138,Connor Barth,K,2008,15,REG,2008_15_SD_KC,KC,LAC,0,0,0,0,0,0,0,0,0,0,0,0,0,0,0,0,0,0,0,2,,0,0,0,0,0,0,3,3,0,0,0,,0
00-0026143,Matt Ryan,QB,2008,15,REG,2008_15_TB_ATL,ATL,TB,15,23,206,0,2,1,-8,6,19,0,1,0,0,0,0,0,0,0,0,0,,0,0,0,0,0,0,0,0,0,0,0,,0
00-0026144,Darren McFadden,RB,2008,15,REG,2008_15_NE_OAK,LV,NE,0,0,0,0,0,0,0,12,46,1,3,0,3,0,68,0,3,0,0,0,,0,0,0,0,0,0,0,0,0,0,0,,0
00-0026153,Jonathan Stewart,RB,2008,15,REG,2008_15_DEN_CAR,CAR,DEN,0,0,0,0,0,0,0,16,52,1,3,0,0,0,0,0,0,0,0,0,,0,0,0,0,0,0,0,0,0,0,0,,0
00-0026158,Joe Flacco,QB,2008,15,REG,2008_15_PIT_BAL,BAL,PIT,11,28,115,0,2,2,-25,1,5,0,1,0,0,0,0,0,0,0,0,0,,0,0,0,0,0,0,0,0,0,0,0,,0
00-0026164,Chris Johnson,RB,2008,15,REG,2008_15_TEN_HOU,TEN,HOU,0,0,0,0,0,0,0,13,65,0,4,0,2,0,2,0,0,0,0,0,,0,0,0,0,0,0,0,0,0,0,0,,0
00-0026170,Dustin Keller,TE,2008,15,REG,2008_15_BUF_NYJ,NYJ,BUF,0,0,0,0,0,0,0,0,0,0,0,0,3,0,35,0,1,0,0,0,,0,0,0,0,0,0,0,0,0,0,0,,0
00-0026173,Donnie Avery,WR,2008,15,REG,2008_15_SEA_STL,LA,SEA,0,0,0,0,0,0,0,2,11,0,1,0,6,0,61,0,3,0,0,0,,0,0,0,0,0,0,0,0,0,0,0,,0
00-0026174,Devin Thomas,WR,2008,15,REG,2008_15_WAS_CIN,WAS,CIN,0,0,0,0,0,0,0,1,8,0,0,0,0,0,0,0,0,0,0,0,,0,0,0,0,0,0,0,0,0,0,0,,0
00-0026176,Jordy Nelson,WR,2008,15,REG,2008_15_GB_JAX,GB,JAX,0,0,0,0,0,0,0,0,0,0,0,0,1,0,9,0,0,0,0,0,,0,0,0,0,0,0,0,0,0,0,0,,0
00-0026178,John Carlson,TE,2008,15,REG,2008_15_SEA_STL,SEA,LA,0,0,0,0,0,0,0,0,0,0,0,0,5,0,76,0,3,0,0,0,,0,0,0,0,0,0,0,0,0,0,0,,0
00-0026182,Eddie Royal,WR,2008,15,REG,2008_15_DEN_CAR,DEN,CAR,0,0,0,0,0,0,0,0,0,0,0,0,6,0,48,0,2,0,0,0,,0,0,0,0,0,0,0,0,0,0,0,,0
00-0026184,Matt Forte,RB,2008,15,REG,2008_15_NO_CHI,CHI,NO,0,0,0,0,0,0,0,11,34,1,3,0,5,0,29,0,1,0,0,0,,0,0,0,0,0,0,0,0,0,0,0,,0
00-0026188,Fred Davis,TE,2008,15,REG,2008_15_WAS_CIN,WAS,CIN,0,0,0,0,0,0,0,0,0,0,0,0,1,0,15,0,1,0,0,0,,0,0,0,0,0,0,0,0,0,0,0,,0
00-0026189,DeSean Jackson,WR,2008,15,REG,2008_15_CLE_PHI,PHI,CLE,0,1,0,0,1,0,0,0,0,0,0,0,5,0,77,0,4,0,0,0,,0,0,0,0,0,0,0,0,0,0,0,,0
00-0026201,Martellus Bennett,TE,2008,15,REG,2008_15_NYG_DAL,DAL,NYG,0,0,0,0,0,0,0,0,0,0,0,0,1,0,8,0,0,0,0,0,,0,0,0,0,0,0,0,0,0,0,0,,0
00-0026204,Kevin Smith,RB,2008,15,REG,2008_15_DET_IND,DET,IND,0,0,0,0,0,0,0,20,88,1,8,1,6,0,31,0,2,0,0,0,,0,0,0,0,0,0,0,0,0,0,0,,0
00-0026209,Jacob Hester,RB,2008,15,REG,2008_15_SD_KC,LAC,KC,0,0,0,0,0,0,0,1,9,0,1,0,3,0,24,0,1,0,0,0,,0,0,0,0,0,0,0,0,0,0,0,,0
00-0026213,Jamaal Charles,RB,2008,15,REG,2008_15_SD_KC,KC,LAC,0,0,0,0,0,0,0,4,7,0,0,0,0,0,0,0,0,0,0,0,,0,0,0,0,0,0,0,0,0,0,0,,0
00-0026224,Harry Douglas,WR,2008,15,REG,2008_15_TB_ATL,ATL,TB,0,0,0,0,0,0,0,1,11,0,1,0,0,0,0,0,0,0,0,0,,0,0,0,0,0,0,0,0,0,0,0,,0
00-0026229,Steve Slaton,RB,2008,15,REG,2008_15_TEN_HOU,HOU,TEN,0,0,0,0,0,0,0,24,100,0,5,0,3,0,15,0,0,0,0,0,,0,0,0,0,0,0,0,0,0,0,0,,0
00-0026235,Mario Manningham,WR,2008,15,REG,2008_15_NYG_DAL,NYG,DAL,0,0,0,0,0,0,0,0,0,0,0,0,1,0,-1,0,0,0,0,0,,0,0,0,0,0,0,0,0,0,0,0,,0
00-0026237,Andre Caldwell,WR,2008,15,REG,2008_15_WAS_CIN,CIN,WAS,0,0,0,0,0,0,0,1,4,0,1,0,1,0,4,0,0,0,0,0,,0,0,0,0,0,0,0,0,0,0,0,,0
00-0026245,Will Franklin,WR,2008,15,REG,2008_15_SD_KC,KC,LAC,0,0,0,0,0,0,0,0,0,0,0,0,3,0,24,0,2,0,0,0,,0,0,0,0,0,0,0,0,0,0,0,,0
00-0026262,Tashard Choice,RB,2008,15,REG,2008_15_NYG_DAL,DAL,NYG,0,0,0,0,0,0,0,9,91,1,3,0,4,0,52,0,2,0,0,0,,0,0,0,0,0,0,0,0,0,0,0,,0
00-0026268,Keenan Burton,WR,2008,15,REG,2008_15_SEA_STL,LA,SEA,0,0,0,0,0,0,0,0,0,0,0,0,1,0,5,0,0,0,0,0,,0,0,0,0,0,0,0,0,0,0,0,,0
00-0026272,Derek Fine,TE,2008,15,REG,2008_15_BUF_NYJ,BUF,NYJ,0,0,0,0,0,0,0,0,0,0,0,0,2,0,23,0,2,0,0,0,,0,0,0,0,0,0,0,0,0,0,0,,0
00-0026289,Tim Hightower,RB,2008,15,REG,2008_15_MIN_ARI,ARI,MIN,0,0,0,0,0,0,0,5,20,0,0,0,5,0,20,0,2,0,0,0,,0,0,0,0,0,0,0,0,0,0,0,,0
00-0026353,Chauncey Washington,RB,2008,15,REG,2008_15_GB_JAX,JAX,GB,0,0,0,0,0,0,0,1,6,0,1,0,0,0,0,0,0,0,0,0,,0,0,0,0,0,0,0,0,0,0,0,,0
00-0026364,Steve Johnson,WR,2008,15,REG,2008_15_BUF_NYJ,BUF,NYJ,0,0,0,0,0,0,0,1,6,0,0,0,2,0,13,1,2,0,0,0,,0,0,0,0,0,0,0,0,0,0,0,,0
00-0026366,Chaz Schilens,WR,2008,15,REG,2008_15_NE_OAK,LV,NE,0,0,0,0,0,0,0,0,0,0,0,0,1,0,4,0,1,0,0,0,,0,0,0,0,0,0,0,0,0,0,0,,0
00-0000108,David Akers,K,2008,16,REG,2008_16_PHI_WAS,PHI,WAS,0,0,0,0,0,0,0,0,0,0,0,0,0,0,0,0,0,0,1,1,22,0,1,0,0,0,0,0,0,0,0,0,,0
00-0001157,Mitch Berger,P,2008,16,REG,2008_16_PIT_TEN,PIT,TEN,0,0,0,0,0,0,0,0,0,0,0,0,0,0,0,0,0,0,0,0,,0,0,0,0,0,0,0,0,5,220,197,50,2
00-0001231,Josh Bidwell,P,2008,16,REG,2008_16_SD_TB,TB,LAC,0,0,0,0,0,0,0,0,0,0,0,0,0,0,0,0,0,0,0,0,,0,0,0,0,0,0,0,0,3,131,86,58,1
00-0001980,Kris Brown,K,2008,16,REG,2008_16_HOU_OAK,HOU,LV,0,0,0,0,0,0,0,0,0,0,0,0,0,0,0,0,0,0,3,3,53,0,1,0,1,1,0,1,1,0,0,0,,0
00-0002099,Isaac Bruce,WR,2008,16,REG,2008_16_SF_STL,SF,LA,0,0,0,0,0,0,0,0,0,0,0,0,7,0,61,1,4,0,0,0,,0,0,0,0,0,0,0,0,0,0,0,,0
00-0002655,John Carney,K,2008,16,REG,2008_16_CAR_NYG,NYG,CAR,0,0,0,0,0,0,0,0,0,0,0,0,0,0,0,0,0,0,2,2,35,0,0,2,0,0,0,2,2,0,0,0,,0
00-0003035,Desmond Clark,TE,2008,16,REG,2008_16_GB_CHI,CHI,GB,0,0,0,0,0,0,0,0,0,0,0,0,4,0,37,0,2,0,0,0,,0,0,0,0,0,0,0,0,0,0,0,,0
00-0003292,Kerry Collins,QB,2008,16,REG,2008_16_PIT_TEN,TEN,PIT,20,29,216,1,0,1,-10,0,0,0,0,0,0,0,0,0,0,0,0,0,,0,0,0,0,0,0,0,0,0,0,0,,0
00-0004161,Jake Delhomme,QB,2008,16,REG,2008_16_CAR_NYG,CAR,NYG,11,19,185,0,0,0,0,0,0,0,0,0,0,0,0,0,0,0,0,0,,0,0,0,0,0,0,0,0,0,0,0,,0
00-0004541,Donald Driver,WR,2008,16,REG,2008_16_GB_CHI,GB,CHI,0,0,0,0,0,0,0,0,0,0,0,0,6,0,63,0,4,0,0,0,,0,0,0,0,0,0,0,0,0,0,0,,0
00-0004640,Warrick Dunn,RB,2008,16,REG,2008_16_SD_TB,TB,LAC,0,0,0,0,0,0,0,9,20,0,0,0,4,0,19,0,1,0,0,0,,0,0,0,0,0,0,0,0,0,0,0,,0
00-0004811,Jason Elam,K,2008,16,REG,2008_16_ATL_MIN,ATL,MIN,0,0,0,0,0,0,0,0,0,0,0,0,0,0,0,0,0,0,1,1,22,0,1,0,0,0,0,3,3,0,0,0,,0
00-0004915,Bobby Engram,WR,2008,16,REG,2008_16_NYJ_SEA,SEA,NYJ,0,0,0,0,0,0,0,0,0,0,0,0,6,0,65,0,3,0,0,0,,0,0,0,0,0,0,0,0,0,0,0,,0
00-0005091,Kevin Faulk,RB,2008,16,REG,2008_16_ARI_NE,NE,ARI,0,0,0,0,0,0,0,1,1,0,0,0,3,0,27,1,1,0,0,0,,0,0,0,0,0,0,0,0,0,0,0,,0
00-0005106,Brett Favre,QB,2008,16,REG,2008_16_NYJ_SEA,NYJ,SEA,18,31,187,0,2,4,-37,0,0,0,0,0,0,0,0,0,0,0,0,0,,0,0,0,0,0,0,0,0,0,0,0,,0
00-0005113,Jeff Feagles,P,2008,16,REG,2008_16_CAR_NYG,NYG,CAR,0,0,0,0,0,0,0,0,0,0,0,0,0,0,0,0,0,0,0,0,,0,0,0,0,0,0,0,0,5,203,185,48,1
00-0005231,Brian Finneran,WR,2008,16,REG,2008_16_ATL_MIN,ATL,MIN,0,0,0,0,0,0,0,0,0,0,0,0,1,0,13,0,1,0,0,0,,0,0,0,0,0,0,0,0,0,0,0,,0
00-0005720,Joey Galloway,WR,2008,16,REG,2008_16_SD_TB,TB,LAC,0,0,0,0,0,0,0,0,0,0,0,0,1,0,4,0,0,0,0,0,,0,0,0,0,0,0,0,0,0,0,0,,0
00-0005755,Jeff Garcia,QB,2008,16,REG,2008_16_SD_TB,TB,LAC,21,35,232,1,2,2,-1,6,45,1,4,0,0,0,0,0,0,0,0,0,,0,0,0,0,0,0,0,0,0,0,0,,0
00-0006101,Tony Gonzalez,TE,2008,16,REG,2008_16_MIA_KC,KC,MIA,0,0,0,0,0,0,0,0,0,0,0,0,7,0,64,1,5,0,0,0,,0,0,0,0,0,0,0,0,0,0,0,,0
00-0006799,Chris Hanson,P,2008,16,REG,2008_16_ARI_NE,NE,ARI,0,0,0,0,0,0,0,0,0,0,0,0,0,0,0,0,0,0,0,0,,0,0,0,0,0,0,0,0,3,141,141,51,2
00-0006800,Jason Hanson,K,2008,16,REG,2008_16_NO_DET,DET,NO,0,0,0,0,0,0,0,0,0,0,0,0,0,0,0,0,0,0,0,0,,0,0,0,0,0,0,1,1,0,0,0,,0
00-0007308,Craig Hentrich,P,2008,16,REG,2008_16_PIT_TEN,TEN,PIT,0,0,0,0,0,0,0,0,0,0,0,0,0,0,0,0,0,0,0,0,,0,0,0,0,0,0,0,0,7,278,236,54,2
00-0007468,Ike Hilliard,WR,2008,16,REG,2008_16_SD_TB,TB,LAC,0,0,0,0,0,0,0,0,0,0,0,0,4,0,24,0,2,0,0,0,,0,0,0,0,0,0,0,0,0,0,0,,0
00-0007681,Torry Holt,WR,2008,16,REG,2008_16_SF_STL,LA,SF,0,0,0,0,0,0,0,0,0,0,0,0,4,0,55,0,2,0,0,0,,0,0,0,0,0,0,0,0,0,0,0,,0
00-0008241,Edgerrin James,RB,2008,16,REG,2008_16_ARI_NE,ARI,NE,0,0,0,0,0,0,0,4,19,0,1,0,1,0,6,0,0,0,0,0,,0,0,0,0,0,0,0,0,0,0,0,,0
00-0009028,John Kasay,K,2008,16,REG,2008_16_CAR_NYG,CAR,NYG,0,0,0,0,0,0,0,0,0,0,0,0,0,0,0,0,0,0,0,1,,0,0,0,0,0,0,4,4,0,0,0,,0
00-0010072,Ryan Longwell,K,2008,16,REG,2008_16_ATL_MIN,MIN,ATL,0,0,0,0,0,0,0,0,0,0,0,0,0,0,0,0,0,0,1,1,29,0,1,0,0,0,0,2,2,0,0,0,,0
00-0010346,Peyton Manning,QB,2008,16,REG,2008_16_IND_JAX,IND,JAX,29,34,364,3,0,0,0,2,1,0,0,0,0,0,0,0,0,0,0,0,,0,0,0,0,0,0,0,0,0,0,0,,0
00-0010373,Olindo Mare,K,2008,16,REG,2008_16_NYJ_SEA,SEA,NYJ,0,0,0,0,0,0,0,0,0,0,0,0,0,0,0,0,0,0,2,2,38,0,0,2,0,0,0,1,1,0,0,0,,0
00-0010500,Derrick Mason,WR,2008,16,REG,2008_16_BAL_DAL,BAL,DAL,0,0,0,0,0,0,0,0,0,0,0,0,6,0,66,1,3,0,0,0,,0,0,0,0,0,0,0,0,0,0,0,,0
00-0010609,Brad Maynard,P,2008,16,REG,2008_16_GB_CHI,CHI,GB,0,0,0,0,0,0,0,0,0,0,0,0,0,0,0,0,0,0,0,0,,0,0,0,0,0,0,0,0,6,275,248,65,2
00-0011022,Donovan McNabb,QB,2008,16,REG,2008_16_PHI_WAS,PHI,WAS,26,46,230,0,0,2,-17,2,8,0,0,0,0,0,0,0,0,0,0,0,,0,0,0,0,0,0,0,0,0,0,0,,0
00-0011236,Billy Miller,TE,2008,16,REG,2008_16_NO_DET,NO,DET,0,0,0,0,0,0,0,0,0,0,0,0,4,0,38,0,4,0,0,0,,0,0,0,0,0,0,0,0,0,0,0,,0
00-0011626,Brian Moorman,P,2008,16,REG,2008_16_BUF_DEN,BUF,DEN,0,0,0,0,0,0,0,0,0,0,0,0,0,0,0,0,0,0,0,0,,0,0,0,0,0,0,0,0,3,158,156,57,1
00-0011754,Randy Moss,WR,2008,16,REG,2008_16_ARI_NE,NE,ARI,0,0,0,0,0,0,0,0,0,0,0,0,2,0,87,1,2,0,0,0,,0,0,0,0,0,0,0,0,0,0,0,,0
00-0011795,Muhsin Muhammad,WR,2008,16,REG,2008_16_CAR_NYG,CAR,NYG,0,0,0,0,0,0,0,0,0,0,0,0,4,0,80,0,3,0,0,0,,0,0,0,0,0,0,0,0,0,0,0,,0
00-0011958,Lorenzo Neal,FB,2008,16,REG,2008_16_BAL_DAL,BAL,DAL,0,0,0,0,0,0,0,1,5,0,1,0,1,0,-1,0,0,0,0,0,,0,0,0,0,0,0,0,0,0,0,0,,0
00-0011970,Joe Nedney,K,2008,16,REG,2008_16_SF_STL,SF,LA,0,0,0,0,0,0,0,0,0,0,0,0,0,0,0,0,0,0,1,1,48,0,0,0,1,0,0,2,2,0,0,0,,0
00-0012478,Terrell Owens,WR,2008,16,REG,2008_16_BAL_DAL,DAL,BAL,0,0,0,0,0,0,0,0,0,0,0,0,5,0,63,1,2,0,0,0,,0,0,0,0,0,0,0,0,0,0,0,,0
00-0013694,Tony Richardson,FB,2008,16,REG,2008_16_NYJ_SEA,NYJ,SEA,0,0,0,0,0,0,0,5,34,0,3,0,0,0,0,0,0,0,0,0,,0,0,0,0,0,0,0,0,0,0,0,,0
00-0015194,Hunter Smith,P,2008,16,REG,2008_16_IND_JAX,IND,JAX,0,0,0,0,0,0,0,0,0,0,0,0,0,0,0,0,0,0,0,0,,0,0,0,0,0,0,0,0,2,82,84,42,2
00-0015754,Brandon Stokley,WR,2008,16,REG,2008_16_BUF_DEN,DEN,BUF,0,0,0,0,0,0,0,0,0,0,0,0,3,0,32,0,2,0,0,0,,0,0,0,0,0,0,0,0,0,0,0,,0
00-0015784,Matt Stover,K,2008,16,REG,2008_16_BAL_DAL,BAL,DAL,0,0,0,0,0,0,0,0,0,0,0,0,0,0,0,0,0,0,4,4,37,0,2,2,0,0,0,3,3,0,0,0,,0
00-0016550,Amani Toomer,WR,2008,16,REG,2008_16_CAR_NYG,NYG,CAR,0,0,0,0,0,0,0,0,0,0,0,0,2,0,27,0,2,0,0,0,,0,0,0,0,0,0,0,0,0,0,0,,0
00-0016689,Matt Turk,P,2008,16,REG,2008_16_HOU_OAK,HOU,LV,0,0,0,0,0,0,0,0,0,0,0,0,0,0,0,0,0,0,0,0,,0,0,0,0,0,0,0,0,4,147,67,44,1
00-0016919,Adam Vinatieri,K,2008,16,REG,2008_16_IND_JAX,IND,JAX,0,0,0,0,0,0,0,0,0,0,0,0,0,0,0,0,0,0,1,2,45,0,0,0,1,0,0,4,4,0,0,0,,0
00-0017162,Hines Ward,WR,2008,16,REG,2008_16_PIT_TEN,PIT,TEN,0,0,0,0,0,0,0,0,0,0,0,0,7,0,109,1,6,0,0,0,,0,0,0,0,0,0,0,0,0,0,0,,0
00-0017200,Kurt Warner,QB,2008,16,REG,2008_16_ARI_NE,ARI,NE,6,18,30,0,0,1,-7,0,0,0,0,0,0,0,0,0,0,0,0,0,,0,0,0,0,0,0,0,0,0,0,0,,0
00-0017915,Ricky Williams,RB,2008,16,REG,2008_16_MIA_KC,MIA,KC,0,0,0,0,0,0,0,12,34,1,2,1,6,0,50,0,1,0,0,0,,0,0,0,0,0,0,0,0,0,0,0,,0
00-0018958,Laveranues Coles,WR,2008,16,REG,2008_16_NYJ_SEA,NYJ,SEA,0,0,0,0,0,0,0,0,0,0,0,0,5,0,60,0,3,0,0,0,,0,0,0,0,0,0,0,0,0,0,0,,0
00-0019242,Dane Looker,WR,2008,16,REG,2008_16_SF_STL,LA,SF,1,1,6,0,0,0,0,0,0,0,0,0,0,0,0,0,0,0,0,0,,0,0,0,0,0,0,0,0,0,0,0,,0
00-0019310,Rian Lindell,K,2008,16,REG,2008_16_BUF_DEN,BUF,DEN,0,0,0,0,0,0,0,0,0,0,0,0,0,0,0,0,0,0,3,3,49,0,1,1,1,0,0,3,3,0,0,0,,0
00-0019484,Sammy Morris,RB,2008,16,REG,2008_16_ARI_NE,NE,ARI,0,0,0,0,0,0,0,15,88,0,5,0,2,0,45,0,1,0,0,0,,0,0,0,0,0,0,0,0,0,0,0,,0
00-0019536,Shayne Graham,K,2008,16,REG,2008_16_CIN_CLE,CIN,CLE,0,0,0,0,0,0,0,0,0,0,0,0,0,0,0,0,0,0,0,1,,0,0,0,0,0,0,2,2,0,0,0,,0
00-0019559,Chad Pennington,QB,2008,16,REG,2008_16_MIA_KC,MIA,KC,26,34,235,3,1,0,0,2,-2,0,0,0,0,0,0,0,0,0,0,0,,0,0,0,0,0,0,0,0,0,0,0,,0
00-0019599,Marc Bulger,QB,2008,16,REG,2008_16_SF_STL,LA,SF,19,36,227,1,1,3,-19,1,3,0,0,0,1,0,6,0,0,0,0,0,,0,0,0,0,0,0,0,0,0,0,0,,0
00-0019641,Thomas Jones,RB,2008,16,REG,2008_16_NYJ_SEA,NYJ,SEA,0,0,0,0,0,0,0,17,67,0,2,0,3,0,29,0,2,0,0,0,,0,0,0,0,0,0,0,0,0,0,0,,0
00-0019646,Sebastian Janikowski,K,2008,16,REG,2008_16_HOU_OAK,LV,HOU,0,0,0,0,0,0,0,0,0,0,0,0,0,0,0,0,0,0,2,2,33,0,0,2,0,0,0,3,3,0,0,0,,0
00-0019650,Dennis Northcutt,WR,2008,16,REG,2008_16_IND_JAX,JAX,IND,0,0,0,0,0,0,0,0,0,0,0,0,8,0,101,1,5,0,0,0,,0,0,0,0,0,0,0,0,0,0,0,,0
00-0019663,Darrell Jackson,WR,2008,16,REG,2008_16_BUF_DEN,DEN,BUF,0,0,0,0,0,0,0,0,0,0,0,0,1,0,30,0,1,0,0,0,,0,0,0,0,0,0,0,0,0,0,0,,0
00-0019676,Neil Rackers,K,2008,16,REG,2008_16_ARI_NE,ARI,NE,0,0,0,0,0,0,0,0,0,0,0,0,0,0,0,0,0,0,0,0,,0,0,0,0,0,0,1,1,0,0,0,,0
00-0019693,Jamal Lewis,RB,2008,16,REG,2008_16_CIN_CLE,CLE,CIN,0,0,0,0,0,0,0,16,76,0,5,0,0,0,0,0,0,0,0,0,,0,0,0,0,0,0,0,0,0,0,0,,0
00-0019714,Shane Lechler,P,2008,16,REG,2008_16_HOU_OAK,LV,HOU,0,0,0,0,0,0,0,0,0,0,0,0,0,0,0,0,0,0,0,0,,0,0,0,0,0,0,0,0,4,194,144,58,2
00-0019770,Jay Feely,K,2008,16,REG,2008_16_NYJ_SEA,NYJ,SEA,0,0,0,0,0,0,0,0,0,0,0,0,0,0,0,0,0,0,1,1,20,0,1,0,0,0,0,0,0,0,0,0,,0
00-0019794,Aveion Cason,RB,2008,16,REG,2008_16_NO_DET,DET,NO,0,0,0,0,0,0,0,1,2,0,0,0,0,0,0,0,0,0,0,0,,0,0,0,0,0,0,0,0,0,0,0,,0
00-0019863,Dominic Rhodes,RB,2008,16,REG,2008_16_IND_JAX,IND,JAX,0,0,0,0,0,0,0,14,27,0,1,0,6,0,62,1,3,0,0,0,,0,0,0,0,0,0,0,0,0,0,0,,0
00-0019921,Jason Baker,P,2008,16,REG,2008_16_CAR_NYG,CAR,NYG,0,0,0,0,0,0,0,0,0,0,0,0,0,0,0,0,0,0,0,0,,0,0,0,0,0,0,0,0,5,197,181,49,3
00-0020267,Nick Harris,P,2008,16,REG,2008_16_NO_DET,DET,NO,0,0,0,0,0,0,0,0,0,0,0,0,0,0,0,0,0,0,0,0,,0,0,0,0,0,0,0,0,4,146,140,46,0
00-0020270,Correll Buckhalter,RB,2008,16,REG,2008_16_PHI_WAS,PHI,WAS,0,0,0,0,0,0,0,1,2,0,0,0,2,0,18,0,2,0,0,0,,0,0,0,0,0,0,0,0,0,0,0,,0
00-0020285,Alge Crumpler,TE,2008,16,REG,2008_16_PIT_TEN,TEN,PIT,0,0,0,0,0,0,0,0,0,0,0,0,3,0,30,0,1,0,0,0,,0,0,0,0,0,0,0,0,0,0,0,,0
00-0020332,David Martin,TE,2008,16,REG,2008_16_MIA_KC,MIA,KC,0,0,0,0,0,0,0,0,0,0,0,0,1,0,11,1,1,0,0,0,,0,0,0,0,0,0,0,0,0,0,0,,0
00-0020337,Steve Smith,WR,2008,16,REG,2008_16_CAR_NYG,CAR,NYG,0,0,0,0,0,0,0,2,21,0,1,0,3,0,47,0,2,0,0,0,,0,0,0,0,0,0,0,0,0,0,0,,0
00-0020342,Brandon Manumaleuna,TE,2008,16,REG,2008_16_SD_TB,LAC,TB,0,0,0,0,0,0,0,0,0,0,0,0,1,0,11,1,1,0,0,0,,0,0,0,0,0,0,0,0,0,0,0,,0
00-0020381,Justin McCareins,WR,2008,16,REG,2008_16_PIT_TEN,TEN,PIT,0,0,0,0,0,0,0,0,0,0,0,0,6,0,55,0,3,0,0,0,,0,0,0,0,0,0,0,0,0,0,0,,0
00-0020446,Chris Chambers,WR,2008,16,REG,2008_16_SD_TB,LAC,TB,0,0,0,0,0,0,0,0,0,0,0,0,2,0,27,0,2,0,0,0,,0,0,0,0,0,0,0,0,0,0,0,,0
00-0020462,LaMont Jordan,RB,2008,16,REG,2008_16_ARI_NE,NE,ARI,0,0,0,0,0,0,0,20,78,2,6,0,0,0,0,0,0,0,0,0,,0,0,0,0,0,0,0,0,0,0,0,,0
00-0020490,Koren Robinson,WR,2008,16,REG,2008_16_NYJ_SEA,SEA,NYJ,0,0,0,0,0,0,0,0,0,0,0,0,3,0,38,0,3,0,0,0,,0,0,0,0,0,0,0,0,0,0,0,,0
00-0020494,Santana Moss,WR,2008,16,REG,2008_16_PHI_WAS,WAS,PHI,0,0,0,0,0,0,0,0,0,0,0,0,5,0,28,0,2,0,0,0,,0,0,0,0,0,0,0,0,0,0,0,,0
00-0020498,Reggie Wayne,WR,2008,16,REG,2008_16_IND_JAX,IND,JAX,0,0,0,0,0,0,0,0,0,0,0,0,7,0,108,1,5,0,0,0,,0,0,0,0,0,0,0,0,0,0,0,,0
00-0020507,Heath Evans,FB,2008,16,REG,2008_16_ARI_NE,NE,ARI,0,0,0,0,0,0,0,1,3,0,0,0,1,0,28,0,1,0,0,0,,0,0,0,0,0,0,0,0,0,0,0,,0
00-0020508,Moran Norris,FB,2008,16,REG,2008_16_NO_DET,DET,NO,0,0,0,0,0,0,0,0,0,0,0,0,1,0,3,0,0,0,0,0,,0,0,0,0,0,0,0,0,0,0,0,,0
00-0020516,Todd Heap,TE,2008,16,REG,2008_16_BAL_DAL,BAL,DAL,0,0,0,0,0,0,0,0,0,0,0,0,2,0,24,0,1,0,0,0,,0,0,0,0,0,0,0,0,0,0,0,,0
00-0020527,Deuce McAllister,RB,2008,16,REG,2008_16_NO_DET,NO,DET,0,0,0,0,0,0,0,9,61,1,3,0,1,0,6,0,0,0,0,0,,0,0,0,0,0,0,0,0,0,0,0,,0
00-0020531,Drew Brees,QB,2008,16,REG,2008_16_NO_DET,NO,DET,30,40,351,2,0,0,0,3,-3,0,0,0,0,0,0,0,0,0,0,0,,0,0,0,0,0,0,0,0,0,0,0,,0
00-0020536,LaDainian Tomlinson,RB,2008,16,REG,2008_16_SD_TB,LAC,TB,0,0,0,0,0,0,0,21,90,0,5,0,2,0,20,0,1,0,0,0,,0,0,0,0,0,0,0,0,0,0,0,,0
00-0020550,Darnell Dinkins,TE,2008,16,REG,2008_16_CIN_CLE,CLE,CIN,0,0,0,0,0,0,0,0,0,0,0,0,1,0,4,0,0,0,0,0,,0,0,0,0,0,0,0,0,0,0,0,,0
00-0020578,Matt Bryant,K,2008,16,REG,2008_16_SD_TB,TB,LAC,0,0,0,0,0,0,0,0,0,0,0,0,0,0,0,0,0,0,1,1,49,0,0,0,1,0,0,3,3,0,0,0,,0
00-0020679,Shaun Hill,QB,2008,16,REG,2008_16_SF_STL,SF,LA,18,34,216,2,3,4,-26,4,45,0,3,0,0,0,0,0,0,0,0,0,,0,0,0,0,0,0,0,0,0,0,0,,0
00-0020737,Jeff Reed,K,2008,16,REG,2008_16_PIT_TEN,PIT,TEN,0,0,0,0,0,0,0,0,0,0,0,0,0,0,0,0,0,0,0,1,,0,0,0,0,0,0,2,2,0,0,0,,0
00-0020962,Rob Bironas,K,2008,16,REG,2008_16_PIT_TEN,TEN,PIT,0,0,0,0,0,0,0,0,0,0,0,0,0,0,0,0,0,0,1,1,42,0,0,0,1,0,0,4,4,0,0,0,,0
00-0021147,Donte' Stallworth,WR,2008,16,REG,2008_16_CIN_CLE,CLE,CIN,0,0,0,0,0,0,0,0,0,0,0,0,1,0,4,0,0,0,0,0,,0,0,0,0,0,0,0,0,0,0,0,,0
00-0021148,Jeremy Shockey,TE,2008,16,REG,2008_16_NO_DET,NO,DET,0,0,0,0,0,0,0,0,0,0,0,0,5,0,37,0,3,0,0,0,,0,0,0,0,0,0,0,0,0,0,0,,0
00-0021154,Daniel Graham,TE,2008,16,REG,2008_16_BUF_DEN,DEN,BUF,0,0,0,0,0,0,0,0,0,0,0,0,3,0,52,0,2,0,0,0,,0,0,0,0,0,0,0,0,0,0,0,,0
00-0021159,Jerramy Stevens,TE,2008,16,REG,2008_16_SD_TB,TB,LAC,0,0,0,0,0,0,0,0,0,0,0,0,2,0,21,0,1,0,0,0,,0,0,0,0,0,0,0,0,0,0,0,,0
00-0021163,Jabar Gaffney,WR,2008,16,REG,2008_16_ARI_NE,NE,ARI,0,0,0,0,0,0,0,0,0,0,0,0,5,0,90,0,4,0,0,0,,0,0,0,0,0,0,0,0,0,0,0,,0
00-0021164,DeShaun Foster,RB,2008,16,REG,2008_16_SF_STL,SF,LA,0,0,0,0,0,0,0,12,36,0,1,0,2,0,17,0,1,0,0,0,,0,0,0,0,0,0,0,0,0,0,0,,0
00-0021166,Josh Reed,WR,2008,16,REG,2008_16_BUF_DEN,BUF,DEN,0,0,0,0,0,0,0,0,0,0,0,0,9,0,79,0,6,0,0,0,,0,0,0,0,0,0,0,0,0,0,0,,0
00-0021179,Clinton Portis,RB,2008,16,REG,2008_16_PHI_WAS,WAS,PHI,0,0,0,0,0,0,0,22,70,1,5,0,1,0,11,0,1,0,0,0,,0,0,0,0,0,0,0,0,0,0,0,,0
00-0021182,Maurice Morris,RB,2008,16,REG,2008_16_NYJ_SEA,SEA,NYJ,0,0,0,0,0,0,0,29,116,0,6,0,0,0,0,0,0,0,0,0,,0,0,0,0,0,0,0,0,0,0,0,,0
00-0021184,Ladell Betts,RB,2008,16,REG,2008_16_PHI_WAS,WAS,PHI,0,0,0,0,0,0,0,7,23,0,0,0,5,0,43,0,3,0,0,0,,0,0,0,0,0,0,0,0,0,0,0,,0
00-0021190,Antwaan Randle El,WR,2008,16,REG,2008_16_PHI_WAS,WAS,PHI,0,0,0,0,0,0,0,0,0,0,0,0,1,0,11,0,1,0,0,0,,0,0,0,0,0,0,0,0,0,0,0,,0
00-0021191,Antonio Bryant,WR,2008,16,REG,2008_16_SD_TB,TB,LAC,0,0,0,0,0,0,0,0,0,0,0,0,6,0,127,1,5,1,0,0,,0,0,0,0,0,0,0,0,0,0,0,,0
00-0021192,Deion Branch,WR,2008,16,REG,2008_16_NYJ_SEA,SEA,NYJ,0,0,0,0,0,0,0,0,0,0,0,0,2,0,6,0,0,0,0,0,,0,0,0,0,0,0,0,0,0,0,0,,0
00-0021213,Chris Baker,TE,2008,16,REG,2008_16_NYJ_SEA,NYJ,SEA,0,0,0,0,0,0,0,0,0,0,0,0,1,0,12,0,1,0,0,0,,0,0,0,0,0,0,0,0,0,0,0,,0
00-0021216,Brian Westbrook,RB,2008,16,REG,2008_16_PHI_WAS,PHI,WAS,0,0,0,0,0,0,0,12,45,0,2,0,6,0,71,0,2,0,0,0,,0,0,0,0,0,0,0,0,0,0,0,,0
00-0021227,Justin Peelle,TE,2008,16,REG,2008_16_ATL_MIN,ATL,MIN,0,0,0,0,0,0,0,0,0,0,0,0,1,0,8,0,0,0,0,0,,0,0,0,0,0,0,0,0,0,0,0,,0
00-0021231,David Garrard,QB,2008,16,REG,2008_16_IND_JAX,JAX,IND,28,41,329,1,1,3,-25,3,9,1,2,0,0,0,0,0,0,0,0,0,,0,0,0,0,0,0,0,0,0,0,0,,0
00-0021235,Dave Zastudil,P,2008,16,REG,2008_16_CIN_CLE,CLE,CIN,0,0,0,0,0,0,0,0,0,0,0,0,0,0,0,0,0,0,0,0,,0,0,0,0,0,0,0,0,5,247,227,58,2
00-0021255,John Owens,TE,2008,16,REG,2008_16_NO_DET,DET,NO,0,0,0,0,0,0,0,0,0,0,0,0,1,0,7,0,0,0,0,0,,0,0,0,0,0,0,0,0,0,0,0,,0
00-0021273,Robert Royal,TE,2008,16,REG,2008_16_BUF_DEN,BUF,DEN,0,0,0,0,0,0,0,0,0,0,0,0,1,0,8,0,0,0,0,0,,0,0,0,0,0,0,0,0,0,0,0,,0
00-0021306,Adrian Peterson,RB,2008,16,REG,2008_16_GB_CHI,CHI,GB,0,0,0,0,0,0,0,2,2,0,0,0,0,0,0,0,0,0,0,0,,0,0,0,0,0,0,0,0,0,0,0,,0
00-0021314,Chester Taylor,RB,2008,16,REG,2008_16_ATL_MIN,MIN,ATL,0,0,0,0,0,0,0,1,3,0,1,0,5,0,26,0,1,0,0,0,,0,0,0,0,0,0,0,0,0,0,0,,0
00-0021357,Rock Cartwright,RB,2008,16,REG,2008_16_PHI_WAS,WAS,PHI,0,0,0,0,0,0,0,1,1,0,0,0,0,0,0,0,0,0,0,0,,0,0,0,0,0,0,0,0,0,0,0,,0
00-0021376,T.J. Duckett,RB,2008,16,REG,2008_16_NYJ_SEA,SEA,NYJ,0,0,0,0,0,0,0,1,2,0,1,0,0,0,0,0,0,0,0,0,,0,0,0,0,0,0,0,0,0,0,0,,0
00-0021508,Greg Lewis,WR,2008,16,REG,2008_16_PHI_WAS,PHI,WAS,0,0,0,0,0,0,0,0,0,0,0,0,1,0,5,0,0,0,0,0,,0,0,0,0,0,0,0,0,0,0,0,,0
00-0021547,Antonio Gates,TE,2008,16,REG,2008_16_SD_TB,LAC,TB,0,0,0,0,0,0,0,0,0,0,0,0,4,0,43,2,3,0,0,0,,0,0,0,0,0,0,0,0,0,0,0,,0
00-0021647,Jerheme Urban,WR,2008,16,REG,2008_16_ARI_NE,ARI,NE,0,0,0,0,0,0,0,0,0,0,0,0,2,0,36,0,1,0,0,0,,0,0,0,0,0,0,0,0,0,0,0,,0
00-0021678,Tony Romo,QB,2008,16,REG,2008_16_BAL_DAL,DAL,BAL,24,45,252,2,2,2,-17,2,2,0,0,0,0,0,0,0,0,0,0,0,,0,0,0,0,0,0,0,0,0,0,0,,0
00-0021756,Will Heller,TE,2008,16,REG,2008_16_NYJ_SEA,SEA,NYJ,0,0,0,0,0,0,0,0,0,0,0,0,2,0,18,0,0,1,0,0,,0,0,0,0,0,0,0,0,0,0,0,,0
00-0021915,Sam Aiken,WR,2008,16,REG,2008_16_ARI_NE,NE,ARI,0,0,0,0,0,0,0,0,0,0,0,0,1,0,-2,0,0,0,0,0,,0,0,0,0,0,0,0,0,0,0,0,,0
00-0021931,Kevin Walter,WR,2008,16,REG,2008_16_HOU_OAK,HOU,LV,0,0,0,0,0,0,0,1,13,0,1,0,2,0,17,0,1,0,0,0,,0,0,0,0,0,0,0,0,0,0,0,,0
00-0021940,Josh Brown,K,2008,16,REG,2008_16_SF_STL,LA,SF,0,0,0,0,0,0,0,0,0,0,0,0,0,0,0,0,0,0,3,3,43,0,1,1,1,0,0,1,1,0,0,0,,0
00-0021955,Dan Klecko,FB,2008,16,REG,2008_16_PHI_WAS,PHI,WAS,0,0,0,0,0,0,0,0,0,0,0,0,1,0,2,0,0,0,0,0,,0,0,0,0,0,0,0,0,0,0,0,,0
00-0021976,Larry Johnson,RB,2008,16,REG,2008_16_MIA_KC,KC,MIA,0,0,0,0,0,0,0,12,108,1,7,0,0,0,0,0,0,0,0,0,,0,0,0,0,0,0,0,0,0,0,0,,0
00-0021980,George Wrighster,TE,2008,16,REG,2008_16_IND_JAX,JAX,IND,0,0,0,0,0,0,0,0,0,0,0,0,2,0,35,0,1,0,0,0,,0,0,0,0,0,0,0,0,0,0,0,,0
00-0021982,Justin Gage,WR,2008,16,REG,2008_16_PIT_TEN,TEN,PIT,0,0,0,0,0,0,0,0,0,0,0,0,5,0,104,1,4,0,0,0,,0,0,0,0,0,0,0,0,0,0,0,,0
00-0022003,B.J. Askew,FB,2008,16,REG,2008_16_SD_TB,TB,LAC,0,0,0,0,0,0,0,1,1,1,1,0,1,0,5,0,0,0,0,0,,0,0,0,0,0,0,0,0,0,0,0,,0
00-0022017,Mike Scifres,P,2008,16,REG,2008_16_SD_TB,LAC,TB,0,0,0,0,0,0,0,0,0,0,0,0,0,0,0,0,0,0,0,0,,0,0,0,0,0,0,0,0,4,178,122,56,1
00-0022039,Ken Dorsey,QB,2008,16,REG,2008_16_CIN_CLE,CLE,CIN,10,17,68,0,3,2,-19,0,0,0,0,0,0,0,0,0,0,0,0,0,,0,0,0,0,0,0,0,0,0,0,0,,0
00-0022041,Richard Angulo,TE,2008,16,REG,2008_16_IND_JAX,JAX,IND,0,0,0,0,0,0,0,0,0,0,0,0,2,0,24,0,1,0,0,0,,0,0,0,0,0,0,0,0,0,0,0,,0
00-0022044,Andre Johnson,WR,2008,16,REG,2008_16_HOU_OAK,HOU,LV,0,0,0,0,0,0,0,0,0,0,0,0,2,0,19,0,1,0,0,0,,0,0,0,0,0,0,0,0,0,0,0,,0
00-0022054,Visanthe Shiancoe,TE,2008,16,REG,2008_16_ATL_MIN,MIN,ATL,0,0,0,0,0,0,0,0,0,0,0,0,7,0,136,2,7,0,0,0,,0,0,0,0,0,0,0,0,0,0,0,,0
00-0022055,Seneca Wallace,QB,2008,16,REG,2008_16_NYJ_SEA,SEA,NYJ,18,25,175,1,0,0,0,3,-3,0,0,0,0,0,0,0,0,0,0,0,,0,0,0,0,0,0,0,0,0,0,0,,0
00-0022093,Justin Fargas,RB,2008,16,REG,2008_16_HOU_OAK,LV,HOU,0,0,0,0,0,0,0,22,93,0,2,0,1,0,4,0,0,0,0,0,,0,0,0,0,0,0,0,0,0,0,0,,0
00-0022097,Brandon Lloyd,WR,2008,16,REG,2008_16_GB_CHI,CHI,GB,0,0,0,0,0,0,0,0,0,0,0,0,1,0,16,0,1,0,0,0,,0,0,0,0,0,0,0,0,0,0,0,,0
00-0022126,L.J. Smith,TE,2008,16,REG,2008_16_PHI_WAS,PHI,WAS,0,0,0,0,0,0,0,0,0,0,0,0,7,0,49,0,2,0,0,0,,0,0,0,0,0,0,0,0,0,0,0,,0
00-0022127,Jason Witten,TE,2008,16,REG,2008_16_BAL_DAL,DAL,BAL,0,0,0,0,0,0,0,0,0,0,0,0,5,0,87,1,4,0,0,0,,0,0,0,0,0,0,0,0,0,0,0,,0
00-0022144,Bobby Wade,WR,2008,16,REG,2008_16_ATL_MIN,MIN,ATL,0,0,0,0,0,0,0,0,0,0,0,0,5,0,38,0,2,0,0,0,,0,0,0,0,0,0,0,0,0,0,0,,0
00-0022156,Bryant Johnson,WR,2008,16,REG,2008_16_SF_STL,SF,LA,0,0,0,0,0,0,0,0,0,0,0,0,4,0,60,0,4,0,0,0,,0,0,0,0,0,0,0,0,0,0,0,,0
00-0022165,Dallas Clark,TE,2008,16,REG,2008_16_IND_JAX,IND,JAX,0,0,0,0,0,0,0,0,0,0,0,0,8,0,105,1,6,0,0,0,,0,0,0,0,0,0,0,0,0,0,0,,0
00-0022178,Willis McGahee,RB,2008,16,REG,2008_16_BAL_DAL,BAL,DAL,0,0,0,0,0,0,0,8,108,1,2,0,3,0,21,0,1,0,0,0,,0,0,0,0,0,0,0,0,0,0,0,,0
00-0022217,Mewelde Moore,RB,2008,16,REG,2008_16_PIT_TEN,PIT,TEN,0,0,0,0,0,0,0,3,28,0,1,0,2,0,20,0,2,0,0,0,,0,0,0,0,0,0,0,0,0,0,0,,0
00-0022250,Willie Parker,RB,2008,16,REG,2008_16_PIT_TEN,PIT,TEN,0,0,0,0,0,0,0,18,29,0,1,0,1,0,2,0,0,0,0,0,,0,0,0,0,0,0,0,0,0,0,0,,0
00-0022277,John Standeford,WR,2008,16,REG,2008_16_NO_DET,DET,NO,0,0,0,0,0,0,0,0,0,0,0,0,3,0,46,0,2,0,0,0,,0,0,0,0,0,0,0,0,0,0,0,,0
00-0022288,Jason Wright,RB,2008,16,REG,2008_16_CIN_CLE,CLE,CIN,0,0,0,0,0,0,0,7,30,0,1,0,6,0,33,0,0,0,0,0,,0,0,0,0,0,0,0,0,0,0,0,,0
00-0022397,Vonta Leach,FB,2008,16,REG,2008_16_HOU_OAK,HOU,LV,0,0,0,0,0,0,0,1,1,1,1,0,1,0,3,0,0,0,0,0,,0,0,0,0,0,0,0,0,0,0,0,,0
00-0022405,Lousaka Polite,FB,2008,16,REG,2008_16_MIA_KC,MIA,KC,0,0,0,0,0,0,0,5,29,0,3,0,0,0,0,0,0,0,0,0,,0,0,0,0,0,0,0,0,0,0,0,,0
00-0022421,Ruvell Martin,WR,2008,16,REG,2008_16_GB_CHI,GB,CHI,0,0,0,0,0,0,0,0,0,0,0,0,1,0,16,0,1,0,0,0,,0,0,0,0,0,0,0,0,0,0,0,,0
00-0022427,Wes Welker,WR,2008,16,REG,2008_16_ARI_NE,NE,ARI,0,0,0,0,0,0,0,0,0,0,0,0,7,0,68,1,4,0,0,0,,0,0,0,0,0,0,0,0,0,0,0,,0
00-0022529,Luke Lawton,FB,2008,16,REG,2008_16_HOU_OAK,LV,HOU,0,0,0,0,0,0,0,0,0,0,0,0,2,0,13,0,1,0,0,0,,0,0,0,0,0,0,0,0,0,0,0,,0
00-0022589,Kyle Larson,P,2008,16,REG,2008_16_CIN_CLE,CIN,CLE,0,0,0,0,0,0,0,0,0,0,0,0,0,0,0,0,0,0,0,0,,0,0,0,0,0,0,0,0,6,193,181,46,3
00-0022684,Donnie Jones,P,2008,16,REG,2008_16_SF_STL,LA,SF,0,0,0,0,0,0,0,0,0,0,0,0,0,0,0,0,0,0,0,0,,0,0,0,0,0,0,0,0,7,342,286,66,0
00-0022725,Michael Clayton,WR,2008,16,REG,2008_16_SD_TB,TB,LAC,0,0,0,0,0,0,0,0,0,0,0,0,2,0,23,0,1,0,0,0,,0,0,0,0,0,0,0,0,0,0,0,,0
00-0022726,Keary Colbert,WR,2008,16,REG,2008_16_NO_DET,DET,NO,0,0,0,0,0,0,0,0,0,0,0,0,1,0,12,0,1,0,0,0,,0,0,0,0,0,0,0,0,0,0,0,,0
00-0022736,Steven Jackson,RB,2008,16,REG,2008_16_SF_STL,LA,SF,0,0,0,0,0,0,0,32,108,0,9,0,2,1,11,0,0,0,0,0,,0,0,0,0,0,0,0,0,0,0,0,,0
00-0022737,Nate Kaeding,K,2008,16,REG,2008_16_SD_TB,LAC,TB,0,0,0,0,0,0,0,0,0,0,0,0,0,0,0,0,0,0,2,2,57,0,1,0,0,1,0,5,5,0,0,0,,0
00-0022738,Chris Cooley,TE,2008,16,REG,2008_16_PHI_WAS,WAS,PHI,0,0,0,0,0,0,0,0,0,0,0,0,4,0,28,0,2,0,0,0,,0,0,0,0,0,0,0,0,0,0,0,,0
00-0022739,Devard Darling,WR,2008,16,REG,2008_16_MIA_KC,KC,MIA,0,0,0,0,0,0,0,0,0,0,0,0,3,0,69,1,2,0,0,0,,0,0,0,0,0,0,0,0,0,0,0,,0
00-0022766,Patrick Crayton,WR,2008,16,REG,2008_16_BAL_DAL,DAL,BAL,0,0,0,0,0,0,0,0,0,0,0,0,3,0,58,0,2,0,0,0,,0,0,0,0,0,0,0,0,0,0,0,,0
00-0022770,Derrick Ward,RB,2008,16,REG,2008_16_CAR_NYG,NYG,CAR,0,0,0,0,0,0,0,15,215,0,7,0,1,0,-5,0,0,0,0,0,,0,0,0,0,0,0,0,0,0,0,0,,0
00-0022781,Michael Jenkins,WR,2008,16,REG,2008_16_ATL_MIN,ATL,MIN,0,0,0,0,0,0,0,0,0,0,0,0,4,0,61,0,4,0,0,0,,0,0,0,0,0,0,0,0,0,0,0,,0
00-0022787,Matt Schaub,QB,2008,16,REG,2008_16_HOU_OAK,HOU,LV,19,36,255,0,1,3,-21,2,10,0,1,0,0,0,0,0,0,0,0,0,,0,0,0,0,0,0,0,0,0,0,0,,0
00-0022796,Mike Karney,FB,2008,16,REG,2008_16_NO_DET,NO,DET,0,0,0,0,0,0,0,0,0,0,0,0,1,0,-1,0,0,0,0,0,,0,0,0,0,0,0,0,0,0,0,0,,0
00-0022803,Eli Manning,QB,2008,16,REG,2008_16_CAR_NYG,NYG,CAR,17,27,181,1,0,3,-23,1,-1,0,0,0,0,0,0,0,0,0,0,0,,0,0,0,0,0,0,0,0,0,0,0,,0
00-0022807,Bernard Berrian,WR,2008,16,REG,2008_16_ATL_MIN,MIN,ATL,0,0,0,0,0,0,0,0,0,0,0,0,2,0,18,0,1,0,0,0,,0,0,0,0,0,0,0,0,0,0,0,,0
00-0022811,Jerricho Cotchery,WR,2008,16,REG,2008_16_NYJ_SEA,NYJ,SEA,0,0,0,0,0,0,0,0,0,0,0,0,6,0,81,0,4,0,0,0,,0,0,0,0,0,0,0,0,0,0,0,,0
00-0022821,Michael Turner,RB,2008,16,REG,2008_16_ATL_MIN,ATL,MIN,0,0,0,0,0,0,0,19,70,1,6,0,0,0,0,0,0,0,0,0,,0,0,0,0,0,0,0,0,0,0,0,,0
00-0022824,Andy Lee,P,2008,16,REG,2008_16_SF_STL,SF,LA,0,0,0,0,0,0,0,0,0,0,0,0,0,0,0,0,0,0,0,0,,0,0,0,0,0,0,0,0,5,274,236,62,1
00-0022864,Luke McCown,QB,2008,16,REG,2008_16_SD_TB,TB,LAC,0,0,0,0,0,0,0,2,16,0,0,0,0,0,0,0,0,0,0,0,,0,0,0,0,0,0,0,0,0,0,0,,0
00-0022874,Josh Scobee,K,2008,16,REG,2008_16_IND_JAX,JAX,IND,0,0,0,0,0,0,0,0,0,0,0,0,0,0,0,0,0,0,1,1,44,0,0,0,1,0,0,3,3,0,0,0,,0
00-0022889,Reggie Williams,WR,2008,16,REG,2008_16_IND_JAX,JAX,IND,0,0,0,0,0,0,0,0,0,0,0,0,1,0,22,0,1,0,0,0,,0,0,0,0,0,0,0,0,0,0,0,,0
00-0022893,Tatum Bell,RB,2008,16,REG,2008_16_BUF_DEN,DEN,BUF,0,0,0,0,0,0,0,5,20,0,1,0,1,0,3,0,0,0,0,0,,0,0,0,0,0,0,0,0,0,0,0,,0
00-0022909,Roy Williams,WR,2008,16,REG,2008_16_BAL_DAL,DAL,BAL,0,0,0,0,0,0,0,0,0,0,0,0,3,0,12,0,2,0,0,0,,0,0,0,0,0,0,0,0,0,0,0,,0
00-0022910,Lee Evans,WR,2008,16,REG,2008_16_BUF_DEN,BUF,DEN,0,0,0,0,0,0,0,0,0,0,0,0,2,0,19,0,1,0,0,0,,0,0,0,0,0,0,0,0,0,0,0,,0
00-0022921,Larry Fitzgerald,WR,2008,16,REG,2008_16_ARI_NE,ARI,NE,0,0,0,0,0,0,0,0,0,0,0,0,3,0,101,1,3,0,0,0,,0,0,0,0,0,0,0,0,0,0,0,,0
00-0022924,Ben Roethlisberger,QB,2008,16,REG,2008_16_PIT_TEN,PIT,TEN,26,40,331,2,2,5,-28,3,14,0,1,1,0,0,0,0,0,0,0,0,,0,0,0,0,0,0,0,0,0,0,0,,0
00-0022929,Devery Henderson,WR,2008,16,REG,2008_16_NO_DET,NO,DET,0,0,0,0,0,0,0,0,0,0,0,0,2,0,96,0,2,0,0,0,,0,0,0,0,0,0,0,0,0,0,0,,0
00-0022942,Philip Rivers,QB,2008,16,REG,2008_16_SD_TB,LAC,TB,21,31,287,4,0,1,-7,3,-3,0,0,0,0,0,0,0,0,0,0,0,,0,0,0,0,0,0,0,0,0,0,0,,0
00-0022954,Ben Graham,P,2008,16,REG,2008_16_ARI_NE,ARI,NE,0,0,0,0,0,0,0,0,0,0,0,0,0,0,0,0,0,0,0,0,,0,0,0,0,0,0,0,0,8,312,256,50,1
00-0022984,Ryan Grant,RB,2008,16,REG,2008_16_GB_CHI,GB,CHI,0,0,0,0,0,0,0,25,61,0,3,0,3,0,20,1,1,0,0,0,,0,0,0,0,0,0,0,0,0,0,0,,0
00-0022999,John Kuhn,FB,2008,16,REG,2008_16_GB_CHI,GB,CHI,0,0,0,0,0,0,0,0,0,0,0,0,1,0,13,0,1,0,0,0,,0,0,0,0,0,0,0,0,0,0,0,,0
00-0023001,Shaun Suisham,K,2008,16,REG,2008_16_PHI_WAS,WAS,PHI,0,0,0,0,0,0,0,0,0,0,0,0,0,0,0,0,0,0,1,2,33,0,0,1,0,0,0,1,1,0,0,0,,0
00-0023060,Chris Kluwe,P,2008,16,REG,2008_16_ATL_MIN,MIN,ATL,0,0,0,0,0,0,0,0,0,0,0,0,0,0,0,0,0,0,0,0,,0,0,0,0,0,0,0,0,1,44,40,44,0
00-0023063,Leonard Weaver,FB,2008,16,REG,2008_16_NYJ_SEA,SEA,NYJ,0,0,0,0,0,0,0,3,5,0,0,1,1,0,1,0,0,0,0,0,,0,0,0,0,0,0,0,0,0,0,0,,0
00-0023176,Josh Cribbs,WR,2008,16,REG,2008_16_CIN_CLE,CLE,CIN,0,0,0,0,0,0,0,5,32,0,2,0,0,0,0,0,0,0,0,0,,0,0,0,0,0,0,0,0,0,0,0,,0
00-0023210,Tory Humphrey,TE,2008,16,REG,2008_16_GB_CHI,GB,CHI,0,0,0,0,0,0,0,0,0,0,0,0,1,0,14,0,1,0,0,0,,0,0,0,0,0,0,0,0,0,0,0,,0
00-0023234,Michael Koenen,P,2008,16,REG,2008_16_ATL_MIN,ATL,MIN,0,0,0,0,0,0,0,0,0,0,0,0,0,0,0,0,0,0,0,0,,0,0,0,0,0,0,0,0,6,253,226,50,2
00-0023252,Robbie Gould,K,2008,16,REG,2008_16_GB_CHI,CHI,GB,0,0,0,0,0,0,0,0,0,0,0,0,0,0,0,0,0,0,2,2,38,0,0,2,0,0,0,2,2,0,0,0,,0
00-0023310,Lance Moore,WR,2008,16,REG,2008_16_NO_DET,NO,DET,0,0,0,0,0,0,0,0,0,0,0,0,4,0,36,0,1,0,0,0,,0,0,0,0,0,0,0,0,0,0,0,,0
00-0023367,Nate Washington,WR,2008,16,REG,2008_16_PIT_TEN,PIT,TEN,0,0,0,0,0,0,0,0,0,0,0,0,3,0,38,0,2,0,0,0,,0,0,0,0,0,0,0,0,0,0,0,,0
00-0023437,Ronnie Brown,RB,2008,16,REG,2008_16_MIA_KC,MIA,KC,0,0,0,0,0,0,0,8,32,0,2,0,5,0,21,0,2,0,0,0,,0,0,0,0,0,0,0,0,0,0,0,,0
00-0023438,Braylon Edwards,WR,2008,16,REG,2008_16_CIN_CLE,CLE,CIN,0,0,0,0,0,0,0,0,0,0,0,0,4,0,35,0,3,0,0,0,,0,0,0,0,0,0,0,0,0,0,0,,0
00-0023439,Cedric Benson,RB,2008,16,REG,2008_16_CIN_CLE,CIN,CLE,0,0,0,0,0,0,0,38,171,0,5,1,0,0,0,0,0,0,0,0,,0,0,0,0,0,0,0,0,0,0,0,,0
00-0023440,Cadillac Williams,RB,2008,16,REG,2008_16_SD_TB,TB,LAC,0,0,0,0,0,0,0,8,27,0,3,0,0,0,0,0,0,0,0,0,,0,0,0,0,0,0,0,0,0,0,0,,0
00-0023442,Troy Williamson,WR,2008,16,REG,2008_16_IND_JAX,JAX,IND,0,0,0,0,0,0,0,0,0,0,0,0,1,0,3,0,0,0,0,0,,0,0,0,0,0,0,0,0,0,0,0,,0
00-0023457,Mark Clayton,WR,2008,16,REG,2008_16_BAL_DAL,BAL,DAL,0,0,0,0,0,0,0,0,0,0,0,0,4,0,35,0,2,0,0,0,,0,0,0,0,0,0,0,0,0,0,0,,0
00-0023459,Aaron Rodgers,QB,2008,16,REG,2008_16_GB_CHI,GB,CHI,24,39,260,2,1,0,0,2,-6,0,0,0,0,0,0,0,0,0,0,0,,0,0,0,0,0,0,0,0,0,0,0,,0
00-0023460,Jason Campbell,QB,2008,16,REG,2008_16_PHI_WAS,WAS,PHI,18,33,144,0,0,3,-17,2,28,0,1,0,0,0,0,0,0,0,0,0,,0,0,0,0,0,0,0,0,0,0,0,,0
00-0023462,Roddy White,WR,2008,16,REG,2008_16_ATL_MIN,ATL,MIN,0,0,0,0,0,0,0,0,0,0,0,0,3,0,24,0,1,0,0,0,,0,0,0,0,0,0,0,0,0,0,0,,0
00-0023465,Heath Miller,TE,2008,16,REG,2008_16_PIT_TEN,PIT,TEN,0,0,0,0,0,0,0,0,0,0,0,0,8,0,69,0,5,0,0,0,,0,0,0,0,0,0,0,0,0,0,0,,0
00-0023470,Reggie Brown,WR,2008,16,REG,2008_16_PHI_WAS,PHI,WAS,0,0,0,0,0,0,0,0,0,0,0,0,4,0,47,0,4,0,0,0,,0,0,0,0,0,0,0,0,0,0,0,,0
00-0023474,Mark Bradley,WR,2008,16,REG,2008_16_MIA_KC,KC,MIA,0,0,0,0,0,0,0,0,0,0,0,0,4,0,57,0,1,0,0,0,,0,0,0,0,0,0,0,0,0,0,0,,0
00-0023490,Roscoe Parrish,WR,2008,16,REG,2008_16_BUF_DEN,BUF,DEN,0,0,0,0,0,0,0,1,0,0,0,0,1,0,14,0,1,0,0,0,,0,0,0,0,0,0,0,0,0,0,0,,0
00-0023496,Vincent Jackson,WR,2008,16,REG,2008_16_SD_TB,LAC,TB,0,0,0,0,0,0,0,0,0,0,0,0,7,0,111,0,6,0,0,0,,0,0,0,0,0,0,0,0,0,0,0,,0
00-0023518,Chris Henry,WR,2008,16,REG,2008_16_CIN_CLE,CIN,CLE,0,0,0,0,0,0,0,0,0,0,0,0,1,0,20,1,1,0,0,0,,0,0,0,0,0,0,0,0,0,0,0,,0
00-0023534,Dustin Colquitt,P,2008,16,REG,2008_16_MIA_KC,KC,MIA,0,0,0,0,0,0,0,0,0,0,0,0,0,0,0,0,0,0,0,0,,0,0,0,0,0,0,0,0,1,31,31,31,1
00-0023541,Kyle Orton,QB,2008,16,REG,2008_16_GB_CHI,CHI,GB,14,27,142,1,2,3,-6,1,-1,0,0,0,0,0,0,0,0,0,0,0,,0,0,0,0,0,0,0,0,0,0,0,,0
00-0023544,Marion Barber,RB,2008,16,REG,2008_16_BAL_DAL,DAL,BAL,0,0,0,0,0,0,0,2,0,0,0,0,1,0,7,0,0,0,0,0,,0,0,0,0,0,0,0,0,0,0,0,,0
00-0023545,Brandon Jacobs,RB,2008,16,REG,2008_16_CAR_NYG,NYG,CAR,0,0,0,0,0,0,0,24,87,3,5,0,1,0,5,0,0,0,0,0,,0,0,0,0,0,0,0,0,0,0,0,,0
00-0023564,Darren Sproles,RB,2008,16,REG,2008_16_SD_TB,LAC,TB,0,0,0,0,0,0,0,2,3,0,0,0,3,0,46,1,1,0,0,0,,0,0,0,0,0,0,0,0,0,0,0,,0
00-0023578,Dan Orlovsky,QB,2008,16,REG,2008_16_NO_DET,DET,NO,10,23,125,0,2,1,-9,0,0,0,0,0,0,0,0,0,0,0,0,0,,0,0,0,0,0,0,0,0,0,0,0,,0
00-0023612,Bo Scaife,TE,2008,16,REG,2008_16_PIT_TEN,TEN,PIT,0,0,0,0,0,0,0,0,0,0,0,0,4,0,26,0,1,0,0,0,,0,0,0,0,0,0,0,0,0,0,0,,0
00-0023630,Joel Dreessen,TE,2008,16,REG,2008_16_HOU_OAK,HOU,LV,0,0,0,0,0,0,0,0,0,0,0,0,1,0,4,0,0,0,0,0,,0,0,0,0,0,0,0,0,0,0,0,,0
00-0023642,Reggie Hodges,P,2008,16,REG,2008_16_NYJ_SEA,NYJ,SEA,0,0,0,0,0,0,0,0,0,0,0,0,0,0,0,0,0,0,0,0,,0,0,0,0,0,0,0,0,6,228,207,46,3
00-0023662,Matt Cassel,QB,2008,16,REG,2008_16_ARI_NE,NE,ARI,20,36,345,3,0,1,-12,2,19,0,2,0,0,0,0,0,0,0,0,0,,0,0,0,0,0,0,0,0,0,0,0,,0
00-0023682,Ryan Fitzpatrick,QB,2008,16,REG,2008_16_CIN_CLE,CIN,CLE,5,9,55,1,0,0,0,5,10,0,2,0,0,0,0,0,0,0,0,0,,0,0,0,0,0,0,0,0,0,0,0,,0
00-0023683,Madison Hedgecock,FB,2008,16,REG,2008_16_CAR_NYG,NYG,CAR,0,0,0,0,0,0,0,1,0,0,0,0,1,0,13,0,1,0,0,0,,0,0,0,0,0,0,0,0,0,0,0,,0
00-0023742,Jon Ryan,P,2008,16,REG,2008_16_NYJ_SEA,SEA,NYJ,0,0,0,0,0,0,0,0,0,0,0,0,0,0,0,0,0,0,0,0,,0,0,0,0,0,0,0,0,5,184,180,42,3
00-0023752,Daniel Fells,TE,2008,16,REG,2008_16_SF_STL,LA,SF,0,0,0,0,0,0,0,0,0,0,0,0,1,0,12,0,1,0,0,0,,0,0,0,0,0,0,0,0,0,0,0,,0
00-0023774,Naufahu Tahi,FB,2008,16,REG,2008_16_ATL_MIN,MIN,ATL,0,0,0,0,0,0,0,0,0,0,0,0,1,0,-1,0,0,0,0,0,,0,0,0,0,0,0,0,0,0,0,0,,0
00-0023853,Matt Prater,K,2008,16,REG,2008_16_BUF_DEN,DEN,BUF,0,0,0,0,0,0,0,0,0,0,0,0,0,0,0,0,0,0,3,4,43,0,1,1,1,0,0,2,2,0,0,0,,0
00-0023881,P.J. Pope,RB,2008,16,REG,2008_16_BUF_DEN,DEN,BUF,0,0,0,0,0,0,0,6,44,0,2,0,0,0,0,0,0,0,0,0,,0,0,0,0,0,0,0,0,0,0,0,,0
00-0024011,Mike Bell,RB,2008,16,REG,2008_16_NO_DET,NO,DET,0,0,0,0,0,0,0,4,26,1,3,0,1,0,14,0,1,0,0,0,,0,0,0,0,0,0,0,0,0,0,0,,0
00-0024103,Montell Owens,RB,2008,16,REG,2008_16_IND_JAX,JAX,IND,0,0,0,0,0,0,0,1,2,1,1,0,0,0,0,0,0,0,0,0,,0,0,0,0,0,0,0,0,0,0,0,,0
00-0024110,Steve Weatherford,P,2008,16,REG,2008_16_IND_JAX,JAX,IND,0,0,0,0,0,0,0,0,0,0,0,0,0,0,0,0,0,0,0,0,,0,0,0,0,0,0,0,0,3,129,121,54,1
00-0024172,Patrick Cobbs,RB,2008,16,REG,2008_16_MIA_KC,MIA,KC,0,0,0,0,0,0,0,2,44,0,1,0,1,0,5,0,1,0,0,0,,0,0,0,0,0,0,0,0,0,0,0,,0
00-0024204,Fred Jackson,RB,2008,16,REG,2008_16_BUF_DEN,BUF,DEN,0,0,0,0,0,0,0,10,43,1,3,0,3,0,70,0,2,0,0,0,,0,0,0,0,0,0,0,0,0,0,0,,0
00-0024221,Vernon Davis,TE,2008,16,REG,2008_16_SF_STL,SF,LA,0,0,0,0,0,0,0,0,0,0,0,0,1,0,17,0,0,1,0,0,,0,0,0,0,0,0,0,0,0,0,0,,0
00-0024225,Matt Leinart,QB,2008,16,REG,2008_16_ARI_NE,ARI,NE,6,14,138,1,1,2,-19,1,8,0,1,0,0,0,0,0,0,0,0,0,,0,0,0,0,0,0,0,0,0,0,0,,0
00-0024226,Jay Cutler,QB,2008,16,REG,2008_16_BUF_DEN,DEN,BUF,25,45,359,0,1,1,-8,8,30,2,4,0,0,0,0,0,0,0,0,0,,0,0,0,0,0,0,0,0,0,0,0,,0
00-0024240,Santonio Holmes,WR,2008,16,REG,2008_16_PIT_TEN,PIT,TEN,0,0,0,0,0,0,0,0,0,0,0,0,5,0,93,1,4,0,0,0,,0,0,0,0,0,0,0,0,0,0,0,,0
00-0024242,DeAngelo Williams,RB,2008,16,REG,2008_16_CAR_NYG,CAR,NYG,0,0,0,0,0,0,0,24,108,4,6,0,0,0,0,0,0,0,0,0,,0,0,0,0,0,0,0,0,0,0,0,,0
00-0024243,Marcedes Lewis,TE,2008,16,REG,2008_16_IND_JAX,JAX,IND,0,0,0,0,0,0,0,0,0,0,0,0,6,0,55,0,4,0,0,0,,0,0,0,0,0,0,0,0,0,0,0,,0
00-0024260,LenDale White,RB,2008,16,REG,2008_16_PIT_TEN,TEN,PIT,0,0,0,0,0,0,0,15,48,1,3,0,0,0,0,0,0,0,0,0,,0,0,0,0,0,0,0,0,0,0,0,,0
00-0024261,Joe Klopfenstein,TE,2008,16,REG,2008_16_SF_STL,LA,SF,0,0,0,0,0,0,0,0,0,0,0,0,1,0,6,0,0,0,0,0,,0,0,0,0,0,0,0,0,0,0,0,,0
00-0024267,Greg Jennings,WR,2008,16,REG,2008_16_GB_CHI,GB,CHI,0,0,0,0,0,0,0,0,0,0,0,0,6,0,38,1,2,0,0,0,,0,0,0,0,0,0,0,0,0,0,0,,0
00-0024268,Anthony Fasano,TE,2008,16,REG,2008_16_MIA_KC,MIA,KC,0,0,0,0,0,0,0,0,0,0,0,0,3,0,47,2,3,0,0,0,,0,0,0,0,0,0,0,0,0,0,0,,0
00-0024272,Devin Hester,WR,2008,16,REG,2008_16_GB_CHI,CHI,GB,0,0,0,0,0,0,0,0,0,0,0,0,2,0,12,0,0,0,0,0,,0,0,0,0,0,0,0,0,0,0,0,,0
00-0024275,Maurice Jones-Drew,RB,2008,16,REG,2008_16_IND_JAX,JAX,IND,0,0,0,0,0,0,0,20,91,0,6,0,7,0,71,0,4,0,0,0,,0,0,0,0,0,0,0,0,0,0,0,,0
00-0024276,Tony Scheffler,TE,2008,16,REG,2008_16_BUF_DEN,DEN,BUF,0,0,0,0,0,0,0,0,0,0,0,0,2,0,56,0,2,0,0,0,,0,0,0,0,0,0,0,0,0,0,0,,0
00-0024279,Tarvaris Jackson,QB,2008,16,REG,2008_16_ATL_MIN,MIN,ATL,22,36,233,2,0,3,-38,8,76,0,4,1,0,0,0,0,0,0,0,0,,0,0,0,0,0,0,0,0,0,0,0,,0
00-0024294,Jerious Norwood,RB,2008,16,REG,2008_16_ATL_MIN,ATL,MIN,0,0,0,0,0,0,0,6,10,0,1,0,2,0,11,1,1,0,0,0,,0,0,0,0,0,0,0,0,0,0,0,,0
00-0024313,Owen Daniels,TE,2008,16,REG,2008_16_HOU_OAK,HOU,LV,0,0,0,0,0,0,0,0,0,0,0,0,7,0,111,0,6,0,0,0,,0,0,0,0,0,0,0,0,0,0,0,,0
00-0024315,Michael Robinson,FB,2008,16,REG,2008_16_SF_STL,SF,LA,0,0,0,0,0,0,0,1,2,0,0,0,0,0,0,0,0,0,0,0,,0,0,0,0,0,0,0,0,0,0,0,,0
00-0024318,Brad Smith,WR,2008,16,REG,2008_16_NYJ_SEA,NYJ,SEA,0,0,0,0,0,0,0,0,0,0,0,0,2,0,3,0,0,0,0,0,,0,0,0,0,0,0,0,0,0,0,0,,0
00-0024324,Jason Avant,WR,2008,16,REG,2008_16_PHI_WAS,PHI,WAS,0,0,0,0,0,0,0,0,0,0,0,0,2,0,16,0,1,0,0,0,,0,0,0,0,0,0,0,0,0,0,0,,0
00-0024332,Leon Washington,RB,2008,16,REG,2008_16_NYJ_SEA,NYJ,SEA,0,0,0,0,0,0,0,3,14,0,0,0,0,0,0,0,0,0,0,0,,0,0,0,0,0,0,0,0,0,0,0,,0
00-0024333,Stephen Gostkowski,K,2008,16,REG,2008_16_ARI_NE,NE,ARI,0,0,0,0,0,0,0,0,0,0,0,0,0,0,0,0,0,0,4,4,38,0,1,3,0,0,0,5,5,0,0,0,,0
00-0024334,Brandon Marshall,WR,2008,16,REG,2008_16_BUF_DEN,DEN,BUF,0,0,0,0,0,0,0,0,0,0,0,0,10,0,129,0,5,1,0,0,,0,0,0,0,0,0,0,0,0,0,0,,0
00-0024345,Domenik Hixon,WR,2008,16,REG,2008_16_CAR_NYG,NYG,CAR,0,0,0,0,0,0,0,0,0,0,0,0,4,0,71,0,2,0,0,0,,0,0,0,0,0,0,0,0,0,0,0,,0
00-0024359,Jerome Harrison,RB,2008,16,REG,2008_16_CIN_CLE,CLE,CIN,0,0,0,0,0,0,0,1,-1,0,0,0,0,0,0,0,0,0,0,0,,0,0,0,0,0,0,0,0,0,0,0,,0
00-0024369,Jeff King,TE,2008,16,REG,2008_16_CAR_NYG,CAR,NYG,0,0,0,0,0,0,0,0,0,0,0,0,1,0,11,0,1,0,0,0,,0,0,0,0,0,0,0,0,0,0,0,,0
00-0024408,Bruce Gradkowski,QB,2008,16,REG,2008_16_CIN_CLE,CLE,CIN,2,5,8,0,1,1,-12,0,0,0,0,0,0,0,0,0,0,0,0,0,,0,0,0,0,0,0,0,0,0,0,0,,0
00-0024417,Sam Koch,P,2008,16,REG,2008_16_BAL_DAL,BAL,DAL,0,0,0,0,0,0,0,1,9,0,1,0,0,0,0,0,0,0,0,0,,0,0,0,0,0,0,0,0,5,261,233,61,2
00-0024453,Ryan Plackemeier,P,2008,16,REG,2008_16_PHI_WAS,WAS,PHI,0,0,0,0,0,0,0,0,0,0,0,0,0,0,0,0,0,0,0,0,,0,0,0,0,0,0,0,0,8,320,273,50,5
00-0024465,David Anderson,WR,2008,16,REG,2008_16_HOU_OAK,HOU,LV,0,0,0,0,0,0,0,0,0,0,0,0,1,0,65,0,1,0,0,0,,0,0,0,0,0,0,0,0,0,0,0,,0
00-0024466,Marques Colston,WR,2008,16,REG,2008_16_NO_DET,NO,DET,0,0,0,0,0,0,0,0,0,0,0,0,9,0,99,2,7,0,0,0,,0,0,0,0,0,0,0,0,0,0,0,,0
00-0024515,Sav Rocca,P,2008,16,REG,2008_16_PHI_WAS,PHI,WAS,0,0,0,0,0,0,0,0,0,0,0,0,0,0,0,0,0,0,0,0,,0,0,0,0,0,0,0,0,8,318,274,55,1
00-0024529,Gijon Robinson,TE,2008,16,REG,2008_16_IND_JAX,IND,JAX,0,0,0,0,0,0,0,0,0,0,0,0,4,0,51,0,1,0,0,0,,0,0,0,0,0,0,0,0,0,0,0,,0
00-0024549,Selvin Young,RB,2008,16,REG,2008_16_BUF_DEN,DEN,BUF,0,0,0,0,0,0,0,7,16,0,1,0,0,0,0,0,0,0,0,0,,0,0,0,0,0,0,0,0,0,0,0,,0
00-0024813,Pierre Thomas,RB,2008,16,REG,2008_16_NO_DET,NO,DET,0,0,0,0,0,0,0,13,77,1,6,1,3,0,26,0,1,0,0,0,,0,0,0,0,0,0,0,0,0,0,0,,0
00-0025388,JaMarcus Russell,QB,2008,16,REG,2008_16_HOU_OAK,LV,HOU,18,25,236,2,0,1,-13,0,0,0,0,0,0,0,0,0,0,0,0,0,,0,0,0,0,0,0,0,0,0,0,0,,0
00-0025389,Calvin Johnson,WR,2008,16,REG,2008_16_NO_DET,DET,NO,0,0,0,0,0,0,0,0,0,0,0,0,4,0,64,0,4,0,0,0,,0,0,0,0,0,0,0,0,0,0,0,,0
00-0025394,Adrian Peterson,RB,2008,16,REG,2008_16_ATL_MIN,MIN,ATL,0,0,0,0,0,0,0,22,76,0,6,1,2,0,16,0,0,0,0,0,,0,0,0,0,0,0,0,0,0,0,0,,0
00-0025396,Ted Ginn,WR,2008,16,REG,2008_16_MIA_KC,MIA,KC,0,0,0,0,0,0,0,1,31,1,1,0,4,0,44,0,3,0,0,0,,0,0,0,0,0,0,0,0,0,0,0,,0
00-0025399,Marshawn Lynch,RB,2008,16,REG,2008_16_BUF_DEN,BUF,DEN,0,0,0,0,0,0,0,11,34,1,3,0,0,0,0,0,0,0,0,0,,0,0,0,0,0,0,0,0,0,0,0,,0
00-0025410,Dwayne Bowe,WR,2008,16,REG,2008_16_MIA_KC,KC,MIA,0,0,0,0,0,0,0,0,0,0,0,0,3,0,28,0,1,0,0,0,,0,0,0,0,0,0,0,0,0,0,0,,0
00-0025414,Robert Meachem,WR,2008,16,REG,2008_16_NO_DET,NO,DET,0,0,0,0,0,0,0,1,20,1,1,0,0,0,0,0,0,0,0,0,,0,0,0,0,0,0,0,0,0,0,0,,0
00-0025418,Greg Olsen,TE,2008,16,REG,2008_16_GB_CHI,CHI,GB,0,0,0,0,0,0,0,0,0,0,0,0,5,0,49,1,4,0,0,0,,0,0,0,0,0,0,0,0,0,0,0,,0
00-0025419,Anthony Gonzalez,WR,2008,16,REG,2008_16_IND_JAX,IND,JAX,0,0,0,0,0,0,0,0,0,0,0,0,4,0,38,0,2,0,0,0,,0,0,0,0,0,0,0,0,0,0,0,,0
00-0025425,Zach Miller,TE,2008,16,REG,2008_16_HOU_OAK,LV,HOU,0,0,0,0,0,0,0,0,0,0,0,0,4,0,70,0,4,0,0,0,,0,0,0,0,0,0,0,0,0,0,0,,0
00-0025430,Drew Stanton,QB,2008,16,REG,2008_16_NO_DET,DET,NO,1,3,12,0,0,1,-2,2,16,0,1,0,0,0,0,0,0,0,0,0,,0,0,0,0,0,0,0,0,0,0,0,,0
00-0025432,Dwayne Jarrett,WR,2008,16,REG,2008_16_CAR_NYG,CAR,NYG,0,0,0,0,0,0,0,0,0,0,0,0,1,0,19,0,1,0,0,0,,0,0,0,0,0,0,0,0,0,0,0,,0
00-0025438,Steve Smith,WR,2008,16,REG,2008_16_CAR_NYG,NYG,CAR,0,0,0,0,0,0,0,0,0,0,0,0,3,0,24,0,3,0,0,0,,0,0,0,0,0,0,0,0,0,0,0,,0
00-0025463,Jason Hill,WR,2008,16,REG,2008_16_SF_STL,SF,LA,0,0,0,0,0,0,0,0,0,0,0,0,2,0,6,0,1,0,0,0,,0,0,0,0,0,0,0,0,0,0,0,,0
00-0025465,James Jones,WR,2008,16,REG,2008_16_GB_CHI,GB,CHI,0,0,0,0,0,0,0,0,0,0,0,0,2,0,27,0,2,0,0,0,,0,0,0,0,0,0,0,0,0,0,0,,0
00-0025466,Mike Sims-Walker,WR,2008,16,REG,2008_16_IND_JAX,JAX,IND,0,0,0,0,0,0,0,0,0,0,0,0,1,0,18,0,1,0,0,0,,0,0,0,0,0,0,0,0,0,0,0,,0
00-0025479,Trent Edwards,QB,2008,16,REG,2008_16_BUF_DEN,BUF,DEN,17,25,193,1,0,1,-5,2,10,0,1,0,0,0,0,0,0,0,0,0,,0,0,0,0,0,0,0,0,0,0,0,,0
00-0025486,Johnnie Lee Higgins,WR,2008,16,REG,2008_16_HOU_OAK,LV,HOU,0,0,0,0,0,0,0,0,0,0,0,0,3,0,56,1,2,0,0,0,,0,0,0,0,0,0,0,0,0,0,0,,0
00-0025524,Le'Ron McClain,FB,2008,16,REG,2008_16_BAL_DAL,BAL,DAL,0,0,0,0,0,0,0,22,139,1,3,0,1,0,4,0,0,0,0,0,,0,0,0,0,0,0,0,0,0,0,0,,0
00-0025529,Steve Breaston,WR,2008,16,REG,2008_16_ARI_NE,ARI,NE,0,0,0,0,0,0,0,0,0,0,0,0,1,0,6,0,0,0,0,0,,0,0,0,0,0,0,0,0,0,0,0,,0
00-0025540,Kevin Boss,TE,2008,16,REG,2008_16_CAR_NYG,NYG,CAR,0,0,0,0,0,0,0,0,0,0,0,0,5,0,46,1,4,0,0,0,,0,0,0,0,0,0,0,0,0,0,0,,0
00-0025549,Brent Celek,TE,2008,16,REG,2008_16_PHI_WAS,PHI,WAS,0,0,0,0,0,0,0,0,0,0,0,0,1,0,8,0,1,0,0,0,,0,0,0,0,0,0,0,0,0,0,0,,0
00-0025559,Legedu Naanee,WR,2008,16,REG,2008_16_SD_TB,LAC,TB,0,0,0,0,0,0,0,0,0,0,0,0,2,0,29,0,2,0,0,0,,0,0,0,0,0,0,0,0,0,0,0,,0
00-0025565,Nick Folk,K,2008,16,REG,2008_16_BAL_DAL,DAL,BAL,0,0,0,0,0,0,0,0,0,0,0,0,0,0,0,0,0,0,1,1,35,0,0,1,0,0,0,3,3,0,0,0,,0
00-0025580,Mason Crosby,K,2008,16,REG,2008_16_GB_CHI,GB,CHI,0,0,0,0,0,0,0,0,0,0,0,0,0,0,0,0,0,0,1,3,28,0,1,0,0,0,0,2,2,0,0,0,,0
00-0025584,Courtney Taylor,WR,2008,16,REG,2008_16_NYJ_SEA,SEA,NYJ,0,0,0,0,0,0,0,0,0,0,0,0,2,0,35,0,1,0,0,0,,0,0,0,0,0,0,0,0,0,0,0,,0
00-0025604,Tyler Thigpen,QB,2008,16,REG,2008_16_MIA_KC,KC,MIA,20,41,320,2,3,3,-8,6,57,1,3,0,0,0,0,0,0,0,0,0,,0,0,0,0,0,0,0,0,0,0,0,,0
00-0025612,Brandon Fields,P,2008,16,REG,2008_16_MIA_KC,MIA,KC,0,0,0,0,0,0,0,0,0,0,0,0,0,0,0,0,0,0,0,0,,0,0,0,0,0,0,0,0,2,76,47,39,0
00-0025615,DeShawn Wynn,RB,2008,16,REG,2008_16_GB_CHI,GB,CHI,0,0,0,0,0,0,0,1,4,0,1,0,1,0,7,0,0,0,0,0,,0,0,0,0,0,0,0,0,0,0,0,,0
00-0025631,Jason Snelling,FB,2008,16,REG,2008_16_ATL_MIN,ATL,MIN,0,0,0,0,0,0,0,3,12,0,1,0,1,0,13,0,0,0,0,0,,0,0,0,0,0,0,0,0,0,0,0,,0
00-0025633,Kenneth Darby,RB,2008,16,REG,2008_16_SF_STL,LA,SF,0,0,0,0,0,0,0,5,15,0,1,0,5,0,57,0,2,0,0,0,,0,0,0,0,0,0,0,0,0,0,0,,0
00-0025672,Tim Castille,FB,2008,16,REG,2008_16_ARI_NE,ARI,NE,0,0,0,0,0,0,0,0,0,0,0,0,1,0,-2,0,0,0,0,0,,0,0,0,0,0,0,0,0,0,0,0,,0
00-0025728,Sam Paulescu,P,2008,16,REG,2008_16_BAL_DAL,DAL,BAL,0,0,0,0,0,0,0,0,0,0,0,0,0,0,0,0,0,0,0,0,,0,0,0,0,0,0,0,0,6,230,189,47,2
00-0025786,Jeremy Kapinos,P,2008,16,REG,2008_16_GB_CHI,GB,CHI,0,0,0,0,0,0,0,0,0,0,0,0,0,0,0,0,0,0,0,0,,0,0,0,0,0,0,0,0,4,151,111,44,1
00-0025824,Garrett Hartley,K,2008,16,REG,2008_16_NO_DET,NO,DET,0,0,0,0,0,0,0,0,0,0,0,0,0,0,0,0,0,0,0,0,,0,0,0,0,0,0,6,6,0,0,0,,0
00-0025913,James Johnson,RB,2008,16,REG,2008_16_CIN_CLE,CIN,CLE,0,0,0,0,0,0,0,3,10,0,1,0,3,0,27,0,2,0,0,0,,0,0,0,0,0,0,0,0,0,0,0,,0
00-0025997,Chad Simpson,RB,2008,16,REG,2008_16_IND_JAX,IND,JAX,0,0,0,0,0,0,0,2,4,0,0,0,0,0,0,0,0,0,0,0,,0,0,0,0,0,0,0,0,0,0,0,,0
00-0026000,Davone Bess,WR,2008,16,REG,2008_16_MIA_KC,MIA,KC,0,0,0,0,0,0,0,0,0,0,0,0,6,0,57,0,4,0,0,0,,0,0,0,0,0,0,0,0,0,0,0,,0
00-0026003,Dan Carpenter,K,2008,16,REG,2008_16_MIA_KC,MIA,KC,0,0,0,0,0,0,0,0,0,0,0,0,0,0,0,0,0,0,1,1,34,0,0,1,0,0,0,5,5,0,0,0,,0
00-0026113,Clifton Smith,RB,2008,16,REG,2008_16_SD_TB,TB,LAC,0,0,0,0,0,0,0,1,2,0,1,0,1,0,9,0,0,0,0,0,,0,0,0,0,0,0,0,0,0,0,0,,0
00-0026138,Connor Barth,K,2008,16,REG,2008_16_MIA_KC,KC,MIA,0,0,0,0,0,0,0,0,0,0,0,0,0,0,0,0,0,0,1,1,27,0,1,0,0,0,0,4,4,0,0,0,,0
00-0026143,Matt Ryan,QB,2008,16,REG,2008_16_ATL_MIN,ATL,MIN,13,24,134,1,0,2,-10,3,2,0,1,0,0,0,0,0,0,0,0,0,,0,0,0,0,0,0,0,0,0,0,0,,0
00-0026144,Darren McFadden,RB,2008,16,REG,2008_16_HOU_OAK,LV,HOU,0,0,0,0,0,0,0,12,46,0,3,0,5,0,41,0,3,0,0,0,,0,0,0,0,0,0,0,0,0,0,0,,0
00-0026153,Jonathan Stewart,RB,2008,16,REG,2008_16_CAR_NYG,CAR,NYG,0,0,0,0,0,0,0,9,29,0,0,0,2,0,28,0,2,0,0,0,,0,0,0,0,0,0,0,0,0,0,0,,0
00-0026158,Joe Flacco,QB,2008,16,REG,2008_16_BAL_DAL,BAL,DAL,17,25,149,1,0,5,-26,4,4,0,1,0,0,0,0,0,0,0,0,0,,0,0,0,0,0,0,0,0,0,0,0,,0
00-0026164,Chris Johnson,RB,2008,16,REG,2008_16_PIT_TEN,TEN,PIT,0,0,0,0,0,0,0,16,69,1,3,0,2,0,1,0,0,0,0,0,,0,0,0,0,0,0,0,0,0,0,0,,0
00-0026170,Dustin Keller,TE,2008,16,REG,2008_16_NYJ_SEA,NYJ,SEA,0,0,0,0,0,0,0,0,0,0,0,0,1,0,2,0,0,0,0,0,,0,0,0,0,0,0,0,0,0,0,0,,0
00-0026173,Donnie Avery,WR,2008,16,REG,2008_16_SF_STL,LA,SF,0,0,0,0,0,0,0,0,0,0,0,0,5,0,56,0,4,0,0,0,,0,0,0,0,0,0,0,0,0,0,0,,0
00-0026174,Devin Thomas,WR,2008,16,REG,2008_16_PHI_WAS,WAS,PHI,0,0,0,0,0,0,0,0,0,0,0,0,1,0,17,0,1,0,0,0,,0,0,0,0,0,0,0,0,0,0,0,,0
00-0026176,Jordy Nelson,WR,2008,16,REG,2008_16_GB_CHI,GB,CHI,0,0,0,0,0,0,0,0,0,0,0,0,2,0,27,0,2,0,0,0,,0,0,0,0,0,0,0,0,0,0,0,,0
00-0026178,John Carlson,TE,2008,16,REG,2008_16_NYJ_SEA,SEA,NYJ,0,0,0,0,0,0,0,0,0,0,0,0,2,0,12,1,2,0,0,0,,0,0,0,0,0,0,0,0,0,0,0,,0
00-0026182,Eddie Royal,WR,2008,16,REG,2008_16_BUF_DEN,DEN,BUF,0,0,0,0,0,0,0,1,71,0,1,0,5,0,57,0,5,0,0,0,,0,0,0,0,0,0,0,0,0,0,0,,0
00-0026184,Matt Forte,RB,2008,16,REG,2008_16_GB_CHI,CHI,GB,0,0,0,0,0,0,0,23,73,1,5,0,2,0,28,0,2,0,0,0,,0,0,0,0,0,0,0,0,0,0,0,,0
00-0026188,Fred Davis,TE,2008,16,REG,2008_16_PHI_WAS,WAS,PHI,0,0,0,0,0,0,0,0,0,0,0,0,1,0,6,0,0,0,0,0,,0,0,0,0,0,0,0,0,0,0,0,,0
00-0026189,DeSean Jackson,WR,2008,16,REG,2008_16_PHI_WAS,PHI,WAS,0,0,0,0,0,0,0,1,7,0,0,0,2,0,14,0,1,0,0,0,,0,0,0,0,0,0,0,0,0,0,0,,0
00-0026204,Kevin Smith,RB,2008,16,REG,2008_16_NO_DET,DET,NO,0,0,0,0,0,0,0,24,111,1,5,0,0,0,0,0,0,0,0,0,,0,0,0,0,0,0,0,0,0,0,0,,0
00-0026213,Jamaal Charles,RB,2008,16,REG,2008_16_MIA_KC,KC,MIA,0,0,0,0,0,0,0,3,15,0,2,0,3,0,102,0,2,0,0,0,,0,0,0,0,0,0,0,0,0,0,0,,0
00-0026221,Early Doucet,WR,2008,16,REG,2008_16_ARI_NE,ARI,NE,0,0,0,0,0,0,0,0,0,0,0,0,2,0,11,0,1,0,0,0,,0,0,0,0,0,0,0,0,0,0,0,,0
00-0026224,Harry Douglas,WR,2008,16,REG,2008_16_ATL_MIN,ATL,MIN,0,0,0,0,0,0,0,1,4,0,0,0,1,0,4,0,0,0,0,0,,0,0,0,0,0,0,0,0,0,0,0,,0
00-0026229,Steve Slaton,RB,2008,16,REG,2008_16_HOU_OAK,HOU,LV,0,0,0,0,0,0,0,18,66,0,2,0,5,0,36,0,2,0,0,0,,0,0,0,0,0,0,0,0,0,0,0,,0
00-0026231,Jermichael Finley,TE,2008,16,REG,2008_16_GB_CHI,GB,CHI,0,0,0,0,0,0,0,0,0,0,0,0,1,0,35,0,1,0,0,0,,0,0,0,0,0,0,0,0,0,0,0,,0
00-0026234,Kevin O'Connell,QB,2008,16,REG,2008_16_ARI_NE,NE,ARI,1,2,-2,0,0,0,0,3,-6,0,0,0,0,0,0,0,0,0,0,0,,0,0,0,0,0,0,0,0,0,0,0,,0
00-0026237,Andre Caldwell,WR,2008,16,REG,2008_16_CIN_CLE,CIN,CLE,0,0,0,0,0,0,0,0,0,0,0,0,1,0,8,0,1,0,0,0,,0,0,0,0,0,0,0,0,0,0,0,,0
00-0026262,Tashard Choice,RB,2008,16,REG,2008_16_BAL_DAL,DAL,BAL,0,0,0,0,0,0,0,17,90,1,6,0,7,0,25,0,0,0,0,0,,0,0,0,0,0,0,0,0,0,0,0,,0
00-0026268,Keenan Burton,WR,2008,16,REG,2008_16_SF_STL,LA,SF,0,0,0,0,0,0,0,1,3,0,0,0,1,0,30,1,1,0,0,0,,0,0,0,0,0,0,0,0,0,0,0,,0
00-0026286,Jerome Felton,FB,2008,16,REG,2008_16_NO_DET,DET,NO,0,0,0,0,0,0,0,0,0,0,0,0,1,0,5,0,1,0,0,0,,0,0,0,0,0,0,0,0,0,0,0,,0
00-0026289,Tim Hightower,RB,2008,16,REG,2008_16_ARI_NE,ARI,NE,0,0,0,0,0,0,0,10,17,0,0,0,2,0,10,0,1,0,0,0,,0,0,0,0,0,0,0,0,0,0,0,,0
00-0026314,Josh Morgan,WR,2008,16,REG,2008_16_SF_STL,SF,LA,0,0,0,0,0,0,0,0,0,0,0,0,2,0,55,1,1,0,0,0,,0,0,0,0,0,0,0,0,0,0,0,,0
00-0026319,Xavier Omon,RB,2008,16,REG,2008_16_BUF_DEN,BUF,DEN,0,0,0,0,0,0,0,2,0,0,0,0,0,0,0,0,0,0,0,0,,0,0,0,0,0,0,0,0,0,0,0,,0
00-0026349,Matt Flynn,QB,2008,16,REG,2008_16_GB_CHI,GB,CHI,0,0,0,0,0,0,0,1,6,0,1,0,0,0,0,0,0,0,0,0,,0,0,0,0,0,0,0,0,0,0,0,,0
00-0026353,Chauncey Washington,RB,2008,16,REG,2008_16_IND_JAX,JAX,IND,0,0,0,0,0,0,0,3,3,0,0,0,0,0,0,0,0,0,0,0,,0,0,0,0,0,0,0,0,0,0,0,,0
00-0026364,Steve Johnson,WR,2008,16,REG,2008_16_BUF_DEN,BUF,DEN,0,0,0,0,0,0,0,0,0,0,0,0,1,0,3,1,1,0,0,0,,0,0,0,0,0,0,0,0,0,0,0,,0
00-0026366,Chaz Schilens,WR,2008,16,REG,2008_16_HOU_OAK,LV,HOU,0,0,0,0,0,0,0,0,0,0,0,0,3,0,52,1,2,0,0,0,,0,0,0,0,0,0,0,0,0,0,0,,0
00-0000108,David Akers,K,2008,17,REG,2008_17_DAL_PHI,PHI,DAL,0,0,0,0,0,0,0,0,0,0,0,0,0,0,0,0,0,0,3,4,50,0,0,0,2,1,0,5,5,0,0,0,,0
00-0001157,Mitch Berger,P,2008,17,REG,2008_17_CLE_PIT,PIT,CLE,0,0,0,0,0,0,0,0,0,0,0,0,0,0,0,0,0,0,0,0,,0,0,0,0,0,0,0,0,4,184,138,49,1
00-0001231,Josh Bidwell,P,2008,17,REG,2008_17_OAK_TB,TB,LV,0,0,0,0,0,0,0,0,0,0,0,0,0,0,0,0,0,0,0,0,,0,0,0,0,0,0,0,0,5,213,146,50,0
00-0001980,Kris Brown,K,2008,17,REG,2008_17_CHI_HOU,HOU,CHI,0,0,0,0,0,0,0,0,0,0,0,0,0,0,0,0,0,0,1,1,22,0,1,0,0,0,0,4,4,0,0,0,,0
00-0002099,Isaac Bruce,WR,2008,17,REG,2008_17_WAS_SF,SF,WAS,0,0,0,0,0,0,0,0,0,0,0,0,2,0,8,0,0,0,0,0,,0,0,0,0,0,0,0,0,0,0,0,,0
00-0002655,John Carney,K,2008,17,REG,2008_17_NYG_MIN,NYG,MIN,0,0,0,0,0,0,0,0,0,0,0,0,0,0,0,0,0,0,4,5,51,0,1,1,1,1,0,1,1,0,0,0,,0
00-0003035,Desmond Clark,TE,2008,17,REG,2008_17_CHI_HOU,CHI,HOU,0,0,0,0,0,0,0,0,0,0,0,0,1,0,7,0,0,0,0,0,,0,0,0,0,0,0,0,0,0,0,0,,0
00-0003292,Kerry Collins,QB,2008,17,REG,2008_17_TEN_IND,TEN,IND,1,2,0,0,0,0,0,0,0,0,0,0,0,0,0,0,0,0,0,0,,0,0,0,0,0,0,0,0,0,0,0,,0
00-0004091,Phil Dawson,K,2008,17,REG,2008_17_CLE_PIT,CLE,PIT,0,0,0,0,0,0,0,0,0,0,0,0,0,0,0,0,0,0,0,1,,0,0,0,0,0,0,0,0,0,0,0,,0
00-0004161,Jake Delhomme,QB,2008,17,REG,2008_17_CAR_NO,CAR,NO,14,20,250,1,0,1,-6,0,0,0,0,0,0,0,0,0,0,0,0,0,,0,0,0,0,0,0,0,0,0,0,0,,0
00-0004541,Donald Driver,WR,2008,17,REG,2008_17_DET_GB,GB,DET,0,0,0,0,0,0,0,0,0,0,0,0,6,0,111,1,2,0,0,0,,0,0,0,0,0,0,0,0,0,0,0,,0
00-0004640,Warrick Dunn,RB,2008,17,REG,2008_17_OAK_TB,TB,LV,0,0,0,0,0,0,0,10,37,0,1,0,2,0,4,0,0,0,0,0,,0,0,0,0,0,0,0,0,0,0,0,,0
00-0004811,Jason Elam,K,2008,17,REG,2008_17_STL_ATL,ATL,LA,0,0,0,0,0,0,0,0,0,0,0,0,0,0,0,0,0,0,1,1,39,0,0,1,0,0,0,4,4,0,0,0,,0
00-0004915,Bobby Engram,WR,2008,17,REG,2008_17_SEA_ARI,SEA,ARI,0,0,0,0,0,0,0,0,0,0,0,0,6,0,50,0,3,0,0,0,,0,0,0,0,0,0,0,0,0,0,0,,0
00-0005091,Kevin Faulk,RB,2008,17,REG,2008_17_NE_BUF,NE,BUF,0,0,0,0,0,0,0,0,0,0,0,0,1,0,8,0,1,0,0,0,,0,0,0,0,0,0,0,0,0,0,0,,0
00-0005106,Brett Favre,QB,2008,17,REG,2008_17_MIA_NYJ,NYJ,MIA,20,40,233,1,3,0,0,0,0,0,0,0,0,0,2,0,0,0,0,0,,0,0,0,0,0,0,0,0,0,0,0,,0
00-0005113,Jeff Feagles,P,2008,17,REG,2008_17_NYG_MIN,NYG,MIN,0,0,0,0,0,0,0,0,0,0,0,0,0,0,0,0,0,0,0,0,,0,0,0,0,0,0,0,0,4,193,183,54,1
00-0005231,Brian Finneran,WR,2008,17,REG,2008_17_STL_ATL,ATL,LA,0,0,0,0,0,0,0,0,0,0,0,0,1,0,12,0,1,0,0,0,,0,0,0,0,0,0,0,0,0,0,0,,0
00-0005755,Jeff Garcia,QB,2008,17,REG,2008_17_OAK_TB,TB,LV,17,33,257,1,1,1,-2,3,10,0,0,0,0,0,0,0,0,0,0,0,,0,0,0,0,0,0,0,0,0,0,0,,0
00-0006101,Tony Gonzalez,TE,2008,17,REG,2008_17_KC_CIN,KC,CIN,0,0,0,0,0,0,0,0,0,0,0,0,5,0,53,1,3,0,0,0,,0,0,0,0,0,0,0,0,0,0,0,,0
00-0006799,Chris Hanson,P,2008,17,REG,2008_17_NE_BUF,NE,BUF,0,0,0,0,0,0,0,0,0,0,0,0,0,0,0,0,0,0,0,0,,0,0,0,0,0,0,0,0,3,135,85,48,0
00-0006800,Jason Hanson,K,2008,17,REG,2008_17_DET_GB,DET,GB,0,0,0,0,0,0,0,0,0,0,0,0,0,0,0,0,0,0,0,0,,0,0,0,0,0,0,3,3,0,0,0,,0
00-0007024,Marvin Harrison,WR,2008,17,REG,2008_17_TEN_IND,IND,TEN,0,0,0,0,0,0,0,0,0,0,0,0,7,0,31,0,5,0,0,0,,0,0,0,0,0,0,0,0,0,0,0,,0
00-0007308,Craig Hentrich,P,2008,17,REG,2008_17_TEN_IND,TEN,IND,0,0,0,0,0,0,0,0,0,0,0,0,0,0,0,0,0,0,0,0,,0,0,0,0,0,0,0,0,6,286,216,57,1
00-0007468,Ike Hilliard,WR,2008,17,REG,2008_17_OAK_TB,TB,LV,0,0,0,0,0,0,0,0,0,0,0,0,2,0,20,0,2,0,0,0,,0,0,0,0,0,0,0,0,0,0,0,,0
00-0007681,Torry Holt,WR,2008,17,REG,2008_17_STL_ATL,LA,ATL,0,0,0,0,0,0,0,0,0,0,0,0,6,0,90,0,4,0,0,0,,0,0,0,0,0,0,0,0,0,0,0,,0
00-0008241,Edgerrin James,RB,2008,17,REG,2008_17_SEA_ARI,ARI,SEA,0,0,0,0,0,0,0,14,100,0,4,0,1,0,6,0,0,0,0,0,,0,0,0,0,0,0,0,0,0,0,0,,0
00-0009028,John Kasay,K,2008,17,REG,2008_17_CAR_NO,CAR,NO,0,0,0,0,0,0,0,0,0,0,0,0,0,0,0,0,0,0,4,5,45,0,1,1,2,0,0,3,3,0,0,0,,0
00-0009119,Reggie Kelly,TE,2008,17,REG,2008_17_KC_CIN,CIN,KC,0,0,0,0,0,0,0,0,0,0,0,0,2,0,9,0,0,0,0,0,,0,0,0,0,0,0,0,0,0,0,0,,0
00-0009323,Jimmy Kleinsasser,TE,2008,17,REG,2008_17_NYG_MIN,MIN,NYG,0,0,0,0,0,0,0,0,0,0,0,0,1,0,5,0,0,0,0,0,,0,0,0,0,0,0,0,0,0,0,0,,0
00-0010072,Ryan Longwell,K,2008,17,REG,2008_17_NYG_MIN,MIN,NYG,0,0,0,0,0,0,0,0,0,0,0,0,0,0,0,0,0,0,2,2,50,0,0,0,1,1,0,2,2,0,0,0,,0
00-0010346,Peyton Manning,QB,2008,17,REG,2008_17_TEN_IND,IND,TEN,7,7,95,1,0,1,-4,0,0,0,0,0,0,0,0,0,0,0,0,0,,0,0,0,0,0,0,0,0,0,0,0,,0
00-0010373,Olindo Mare,K,2008,17,REG,2008_17_SEA_ARI,SEA,ARI,0,0,0,0,0,0,0,0,0,0,0,0,0,0,0,0,0,0,0,1,,0,0,0,0,0,0,3,3,0,0,0,,0
00-0010500,Derrick Mason,WR,2008,17,REG,2008_17_JAX_BAL,BAL,JAX,0,0,0,0,0,0,0,1,3,0,0,0,6,0,77,0,3,0,0,0,,0,0,0,0,0,0,0,0,0,0,0,,0
00-0010609,Brad Maynard,P,2008,17,REG,2008_17_CHI_HOU,CHI,HOU,0,0,0,0,0,0,0,0,0,0,0,0,0,0,0,0,0,0,0,0,,0,0,0,0,0,0,0,0,6,226,210,45,4
00-0011022,Donovan McNabb,QB,2008,17,REG,2008_17_DAL_PHI,PHI,DAL,12,21,175,2,0,1,-9,3,4,1,1,0,0,0,0,0,0,0,0,0,,0,0,0,0,0,0,0,0,0,0,0,,0
00-0011236,Billy Miller,TE,2008,17,REG,2008_17_CAR_NO,NO,CAR,0,0,0,0,0,0,0,0,0,0,0,0,3,0,56,0,3,0,0,0,,0,0,0,0,0,0,0,0,0,0,0,,0
00-0011626,Brian Moorman,P,2008,17,REG,2008_17_NE_BUF,BUF,NE,0,0,0,0,0,0,0,0,0,0,0,0,0,0,0,0,0,0,0,0,,0,0,0,0,0,0,0,0,3,93,93,45,1
00-0011754,Randy Moss,WR,2008,17,REG,2008_17_NE_BUF,NE,BUF,0,0,0,0,0,0,0,0,0,0,0,0,1,0,13,0,1,0,0,0,,0,0,0,0,0,0,0,0,0,0,0,,0
00-0011795,Muhsin Muhammad,WR,2008,17,REG,2008_17_CAR_NO,CAR,NO,0,0,0,0,0,0,0,0,0,0,0,0,7,0,79,1,5,0,0,0,,0,0,0,0,0,0,0,0,0,0,0,,0
00-0011958,Lorenzo Neal,FB,2008,17,REG,2008_17_JAX_BAL,BAL,JAX,0,0,0,0,0,0,0,2,3,0,1,0,1,0,6,0,0,0,0,0,,0,0,0,0,0,0,0,0,0,0,0,,0
00-0011970,Joe Nedney,K,2008,17,REG,2008_17_WAS_SF,SF,WAS,0,0,0,0,0,0,0,0,0,0,0,0,0,0,0,0,0,0,2,3,39,0,0,2,0,0,0,3,3,0,0,0,,0
00-0012478,Terrell Owens,WR,2008,17,REG,2008_17_DAL_PHI,DAL,PHI,0,0,0,0,0,0,0,1,7,0,0,0,6,0,103,0,2,0,0,0,,0,0,0,0,0,0,0,0,0,0,0,,0
00-0015194,Hunter Smith,P,2008,17,REG,2008_17_TEN_IND,IND,TEN,0,0,0,0,0,0,0,0,0,0,0,0,0,0,0,0,0,0,0,0,,0,0,0,0,0,0,0,0,2,76,76,42,2
00-0015754,Brandon Stokley,WR,2008,17,REG,2008_17_DEN_SD,DEN,LAC,0,0,0,0,0,0,0,0,0,0,0,0,4,0,47,0,3,0,0,0,,0,0,0,0,0,0,0,0,0,0,0,,0
00-0015784,Matt Stover,K,2008,17,REG,2008_17_JAX_BAL,BAL,JAX,0,0,0,0,0,0,0,0,0,0,0,0,0,0,0,0,0,0,2,3,41,0,0,1,1,0,0,3,3,0,0,0,,0
00-0016440,James Thrash,WR,2008,17,REG,2008_17_WAS_SF,WAS,SF,0,0,0,0,0,0,0,0,0,0,0,0,1,0,8,0,1,0,0,0,,0,0,0,0,0,0,0,0,0,0,0,,0
00-0016550,Amani Toomer,WR,2008,17,REG,2008_17_NYG_MIN,NYG,MIN,0,0,0,0,0,0,0,0,0,0,0,0,2,0,16,0,1,0,0,0,,0,0,0,0,0,0,0,0,0,0,0,,0
00-0016689,Matt Turk,P,2008,17,REG,2008_17_CHI_HOU,HOU,CHI,0,0,0,0,0,0,0,0,0,0,0,0,0,0,0,0,0,0,0,0,,0,0,0,0,0,0,0,0,4,166,146,45,1
00-0016919,Adam Vinatieri,K,2008,17,REG,2008_17_TEN_IND,IND,TEN,0,0,0,0,0,0,0,0,0,0,0,0,0,0,0,0,0,0,3,3,38,0,2,1,0,0,0,2,2,0,0,0,,0
00-0017162,Hines Ward,WR,2008,17,REG,2008_17_CLE_PIT,PIT,CLE,0,0,0,0,0,0,0,0,0,0,0,0,6,0,70,0,4,0,0,0,,0,0,0,0,0,0,0,0,0,0,0,,0
00-0017200,Kurt Warner,QB,2008,17,REG,2008_17_SEA_ARI,ARI,SEA,19,30,263,4,1,1,0,0,0,0,0,0,0,0,0,0,0,0,0,0,,0,0,0,0,0,0,0,0,0,0,0,,0
00-0017915,Ricky Williams,RB,2008,17,REG,2008_17_MIA_NYJ,MIA,NYJ,0,0,0,0,0,0,0,10,50,0,3,0,1,0,3,0,0,0,0,0,,0,0,0,0,0,0,0,0,0,0,0,,0
00-0018958,Laveranues Coles,WR,2008,17,REG,2008_17_MIA_NYJ,NYJ,MIA,0,0,0,0,0,0,0,0,0,0,0,0,4,0,88,1,4,0,0,0,,0,0,0,0,0,0,0,0,0,0,0,,0
00-0019310,Rian Lindell,K,2008,17,REG,2008_17_NE_BUF,BUF,NE,0,0,0,0,0,0,0,0,0,0,0,0,0,0,0,0,0,0,0,1,,0,0,0,0,0,0,0,0,0,0,0,,0
00-0019484,Sammy Morris,RB,2008,17,REG,2008_17_NE_BUF,NE,BUF,0,0,0,0,0,0,0,24,85,0,4,0,0,0,0,0,0,0,0,0,,0,0,0,0,0,0,0,0,0,0,0,,0
00-0019536,Shayne Graham,K,2008,17,REG,2008_17_KC_CIN,CIN,KC,0,0,0,0,0,0,0,0,0,0,0,0,0,0,0,0,0,0,3,3,43,0,0,2,1,0,0,1,1,0,0,0,,0
00-0019559,Chad Pennington,QB,2008,17,REG,2008_17_MIA_NYJ,MIA,NYJ,22,30,200,2,0,1,-7,1,2,0,1,0,0,0,0,0,0,0,0,0,,0,0,0,0,0,0,0,0,0,0,0,,0
00-0019599,Marc Bulger,QB,2008,17,REG,2008_17_STL_ATL,LA,ATL,19,32,230,1,0,3,-24,0,0,0,0,0,0,0,0,0,0,0,0,0,,0,0,0,0,0,0,0,0,0,0,0,,0
00-0019641,Thomas Jones,RB,2008,17,REG,2008_17_MIA_NYJ,NYJ,MIA,0,0,0,0,0,0,0,10,23,0,0,0,1,0,1,0,0,0,0,0,,0,0,0,0,0,0,0,0,0,0,0,,0
00-0019646,Sebastian Janikowski,K,2008,17,REG,2008_17_OAK_TB,LV,TB,0,0,0,0,0,0,0,0,0,0,0,0,0,0,0,0,0,0,1,1,25,0,1,0,0,0,0,4,4,0,0,0,,0
00-0019650,Dennis Northcutt,WR,2008,17,REG,2008_17_JAX_BAL,JAX,BAL,0,0,0,0,0,0,0,0,0,0,0,0,5,0,35,0,0,1,0,0,,0,0,0,0,0,0,0,0,0,0,0,,0
00-0019663,Darrell Jackson,WR,2008,17,REG,2008_17_DEN_SD,DEN,LAC,0,0,0,0,0,0,0,0,0,0,0,0,1,0,13,0,1,0,0,0,,0,0,0,0,0,0,0,0,0,0,0,,0
00-0019676,Neil Rackers,K,2008,17,REG,2008_17_SEA_ARI,ARI,SEA,0,0,0,0,0,0,0,0,0,0,0,0,0,0,0,0,0,0,2,2,32,0,1,1,0,0,0,4,4,0,0,0,,0
00-0019693,Jamal Lewis,RB,2008,17,REG,2008_17_CLE_PIT,CLE,PIT,0,0,0,0,0,0,0,23,94,0,4,0,0,0,0,0,0,0,0,0,,0,0,0,0,0,0,0,0,0,0,0,,0
00-0019714,Shane Lechler,P,2008,17,REG,2008_17_OAK_TB,LV,TB,0,0,0,0,0,0,0,0,0,0,0,0,0,0,0,0,0,0,0,0,,0,0,0,0,0,0,0,0,6,286,250,69,3
00-0019770,Jay Feely,K,2008,17,REG,2008_17_MIA_NYJ,NYJ,MIA,0,0,0,0,0,0,0,0,0,0,0,0,0,0,0,0,0,0,1,1,28,0,1,0,0,0,0,0,0,0,0,0,,0
00-0019794,Aveion Cason,RB,2008,17,REG,2008_17_DET_GB,DET,GB,0,0,0,0,0,0,0,0,0,0,0,0,2,0,9,0,0,0,0,0,,0,0,0,0,0,0,0,0,0,0,0,,0
00-0019921,Jason Baker,P,2008,17,REG,2008_17_CAR_NO,CAR,NO,0,0,0,0,0,0,0,0,0,0,0,0,0,0,0,0,0,0,0,0,,0,0,0,0,0,0,0,0,2,48,48,27,1
00-0020267,Nick Harris,P,2008,17,REG,2008_17_DET_GB,DET,GB,0,0,0,0,0,0,0,0,0,0,0,0,0,0,0,0,0,0,0,0,,0,0,0,0,0,0,0,0,7,303,263,58,2
00-0020270,Correll Buckhalter,RB,2008,17,REG,2008_17_DAL_PHI,PHI,DAL,0,0,0,0,0,0,0,10,63,0,2,0,3,0,59,1,2,0,0,0,,0,0,0,0,0,0,0,0,0,0,0,,0
00-0020332,David Martin,TE,2008,17,REG,2008_17_MIA_NYJ,MIA,NYJ,0,0,0,0,0,0,0,0,0,0,0,0,1,0,8,0,1,0,0,0,,0,0,0,0,0,0,0,0,0,0,0,,0
00-0020337,Steve Smith,WR,2008,17,REG,2008_17_CAR_NO,CAR,NO,0,0,0,0,0,0,0,0,0,0,0,0,5,0,134,0,4,0,0,0,,0,0,0,0,0,0,0,0,0,0,0,,0
00-0020342,Brandon Manumaleuna,TE,2008,17,REG,2008_17_DEN_SD,LAC,DEN,0,0,0,0,0,0,0,0,0,0,0,0,2,0,17,1,1,0,0,0,,0,0,0,0,0,0,0,0,0,0,0,,0
00-0020381,Justin McCareins,WR,2008,17,REG,2008_17_TEN_IND,TEN,IND,0,0,0,0,0,0,0,0,0,0,0,0,1,0,11,0,1,0,0,0,,0,0,0,0,0,0,0,0,0,0,0,,0
00-0020446,Chris Chambers,WR,2008,17,REG,2008_17_DEN_SD,LAC,DEN,0,0,0,0,0,0,0,0,0,0,0,0,3,0,50,0,2,0,0,0,,0,0,0,0,0,0,0,0,0,0,0,,0
00-0020448,Travis Minor,RB,2008,17,REG,2008_17_STL_ATL,LA,ATL,0,0,0,0,0,0,0,1,4,0,1,0,0,0,0,0,0,0,0,0,,0,0,0,0,0,0,0,0,0,0,0,,0
00-0020462,LaMont Jordan,RB,2008,17,REG,2008_17_NE_BUF,NE,BUF,0,0,0,0,0,0,0,20,64,1,4,0,0,0,0,0,0,0,0,0,,0,0,0,0,0,0,0,0,0,0,0,,0
00-0020490,Koren Robinson,WR,2008,17,REG,2008_17_SEA_ARI,SEA,ARI,0,0,0,0,0,0,0,0,0,0,0,0,3,0,40,0,3,0,0,0,,0,0,0,0,0,0,0,0,0,0,0,,0
00-0020494,Santana Moss,WR,2008,17,REG,2008_17_WAS_SF,WAS,SF,0,0,0,0,0,0,0,0,0,0,0,0,6,0,68,0,4,0,0,0,,0,0,0,0,0,0,0,0,0,0,0,,0
00-0020498,Reggie Wayne,WR,2008,17,REG,2008_17_TEN_IND,IND,TEN,0,0,0,0,0,0,0,0,0,0,0,0,1,0,15,0,1,0,0,0,,0,0,0,0,0,0,0,0,0,0,0,,0
00-0020507,Heath Evans,FB,2008,17,REG,2008_17_NE_BUF,NE,BUF,0,0,0,0,0,0,0,0,0,0,0,0,2,0,31,0,2,0,0,0,,0,0,0,0,0,0,0,0,0,0,0,,0
00-0020516,Todd Heap,TE,2008,17,REG,2008_17_JAX_BAL,BAL,JAX,0,0,0,0,0,0,0,0,0,0,0,0,3,0,25,0,1,0,0,0,,0,0,0,0,0,0,0,0,0,0,0,,0
00-0020527,Deuce McAllister,RB,2008,17,REG,2008_17_CAR_NO,NO,CAR,0,0,0,0,0,0,0,8,40,0,3,0,5,0,41,0,1,0,0,0,,0,0,0,0,0,0,0,0,0,0,0,,0
00-0020531,Drew Brees,QB,2008,17,REG,2008_17_CAR_NO,NO,CAR,30,49,386,4,1,2,-19,0,0,0,0,0,0,0,0,0,0,0,0,0,,0,0,0,0,0,0,0,0,0,0,0,,0
00-0020536,LaDainian Tomlinson,RB,2008,17,REG,2008_17_DEN_SD,LAC,DEN,0,0,0,0,0,0,0,14,96,3,5,0,0,0,0,0,0,0,0,0,,0,0,0,0,0,0,0,0,0,0,0,,0
00-0020578,Matt Bryant,K,2008,17,REG,2008_17_OAK_TB,TB,LV,0,0,0,0,0,0,0,0,0,0,0,0,0,0,0,0,0,0,1,1,29,0,1,0,0,0,0,3,3,0,0,0,,0
00-0020608,David Carr,QB,2008,17,REG,2008_17_NYG_MIN,NYG,MIN,8,11,110,1,0,1,-2,3,15,0,0,0,0,0,0,0,0,0,0,0,,0,0,0,0,0,0,0,0,0,0,0,,0
00-0020679,Shaun Hill,QB,2008,17,REG,2008_17_WAS_SF,SF,WAS,21,30,245,1,1,1,-7,4,8,1,1,0,0,0,0,0,0,0,0,0,,0,0,0,0,0,0,0,0,0,0,0,,0
00-0020737,Jeff Reed,K,2008,17,REG,2008_17_CLE_PIT,PIT,CLE,0,0,0,0,0,0,0,0,0,0,0,0,0,0,0,0,0,0,1,1,22,0,1,0,0,0,0,4,4,0,0,0,,0
00-0020962,Rob Bironas,K,2008,17,REG,2008_17_TEN_IND,TEN,IND,0,0,0,0,0,0,0,0,0,0,0,0,0,0,0,0,0,0,0,1,,0,0,0,0,0,0,0,0,0,0,0,,0
00-0021147,Donte' Stallworth,WR,2008,17,REG,2008_17_CLE_PIT,CLE,PIT,0,0,0,0,0,0,0,0,0,0,0,0,1,0,12,0,1,0,0,0,,0,0,0,0,0,0,0,0,0,0,0,,0
00-0021154,Daniel Graham,TE,2008,17,REG,2008_17_DEN_SD,DEN,LAC,0,0,0,0,0,0,0,0,0,0,0,0,2,0,19,0,1,0,0,0,,0,0,0,0,0,0,0,0,0,0,0,,0
00-0021159,Jerramy Stevens,TE,2008,17,REG,2008_17_OAK_TB,TB,LV,0,0,0,0,0,0,0,0,0,0,0,0,2,0,28,0,1,0,0,0,,0,0,0,0,0,0,0,0,0,0,0,,0
00-0021164,DeShaun Foster,RB,2008,17,REG,2008_17_WAS_SF,SF,WAS,0,0,0,0,0,0,0,9,44,1,3,0,3,0,20,0,1,0,0,0,,0,0,0,0,0,0,0,0,0,0,0,,0
00-0021166,Josh Reed,WR,2008,17,REG,2008_17_NE_BUF,BUF,NE,0,0,0,0,0,0,0,0,0,0,0,0,2,0,21,0,0,0,0,0,,0,0,0,0,0,0,0,0,0,0,0,,0
00-0021175,Andre Davis,WR,2008,17,REG,2008_17_CHI_HOU,HOU,CHI,0,0,0,0,0,0,0,0,0,0,0,0,3,0,58,0,3,0,0,0,,0,0,0,0,0,0,0,0,0,0,0,,0
00-0021179,Clinton Portis,RB,2008,17,REG,2008_17_WAS_SF,WAS,SF,0,0,0,0,0,0,0,29,80,1,4,1,0,0,0,0,0,0,0,0,,0,0,0,0,0,0,0,0,0,0,0,,0
00-0021182,Maurice Morris,RB,2008,17,REG,2008_17_SEA_ARI,SEA,ARI,0,0,0,0,0,0,0,15,45,0,2,1,3,0,26,0,1,0,0,0,,0,0,0,0,0,0,0,0,0,0,0,,0
00-0021184,Ladell Betts,RB,2008,17,REG,2008_17_WAS_SF,WAS,SF,0,0,0,0,0,0,0,1,6,0,0,0,2,0,7,0,0,0,0,0,,0,0,0,0,0,0,0,0,0,0,0,,0
00-0021190,Antwaan Randle El,WR,2008,17,REG,2008_17_WAS_SF,WAS,SF,0,0,0,0,0,0,0,0,0,0,0,0,3,0,16,1,1,0,0,0,,0,0,0,0,0,0,0,0,0,0,0,,0
00-0021191,Antonio Bryant,WR,2008,17,REG,2008_17_OAK_TB,TB,LV,0,0,0,0,0,0,0,0,0,0,0,0,3,0,77,0,3,0,0,0,,0,0,0,0,0,0,0,0,0,0,0,,0
00-0021192,Deion Branch,WR,2008,17,REG,2008_17_SEA_ARI,SEA,ARI,0,0,0,0,0,0,0,0,0,0,0,0,6,0,90,2,5,0,0,0,,0,0,0,0,0,0,0,0,0,0,0,,0
00-0021213,Chris Baker,TE,2008,17,REG,2008_17_MIA_NYJ,NYJ,MIA,0,0,0,0,0,0,0,0,0,0,0,0,2,0,13,0,1,0,0,0,,0,0,0,0,0,0,0,0,0,0,0,,0
00-0021216,Brian Westbrook,RB,2008,17,REG,2008_17_DAL_PHI,PHI,DAL,0,0,0,0,0,0,0,13,50,0,1,0,2,0,12,0,0,1,0,0,,0,0,0,0,0,0,0,0,0,0,0,,0
00-0021231,David Garrard,QB,2008,17,REG,2008_17_JAX_BAL,JAX,BAL,14,25,127,1,2,1,0,4,40,0,3,0,0,0,0,0,0,0,0,0,,0,0,0,0,0,0,0,0,0,0,0,,0
00-0021235,Dave Zastudil,P,2008,17,REG,2008_17_CLE_PIT,CLE,PIT,0,0,0,0,0,0,0,0,0,0,0,0,0,0,0,0,0,0,0,0,,0,0,0,0,0,0,0,0,6,288,272,60,1
00-0021252,Najeh Davenport,RB,2008,17,REG,2008_17_TEN_IND,IND,TEN,0,0,0,0,0,0,0,8,26,0,1,0,4,0,54,0,2,0,0,0,,0,0,0,0,0,0,0,0,0,0,0,,0
00-0021255,John Owens,TE,2008,17,REG,2008_17_DET_GB,DET,GB,0,0,0,0,0,0,0,0,0,0,0,0,1,0,2,0,0,0,0,0,,0,0,0,0,0,0,0,0,0,0,0,,0
00-0021273,Robert Royal,TE,2008,17,REG,2008_17_NE_BUF,BUF,NE,0,0,0,0,0,0,0,0,0,0,0,0,2,0,30,0,2,0,0,0,,0,0,0,0,0,0,0,0,0,0,0,,0
00-0021306,Adrian Peterson,RB,2008,17,REG,2008_17_CHI_HOU,CHI,HOU,0,0,0,0,0,0,0,3,17,0,1,0,2,0,28,0,1,0,0,0,,0,0,0,0,0,0,0,0,0,0,0,,0
00-0021314,Chester Taylor,RB,2008,17,REG,2008_17_NYG_MIN,MIN,NYG,0,0,0,0,0,0,0,4,10,0,0,0,1,0,19,0,1,0,0,0,,0,0,0,0,0,0,0,0,0,0,0,,0
00-0021376,T.J. Duckett,RB,2008,17,REG,2008_17_SEA_ARI,SEA,ARI,0,0,0,0,0,0,0,6,13,1,3,0,0,0,0,0,0,0,0,0,,0,0,0,0,0,0,0,0,0,0,0,,0
00-0021525,Casey Fitzsimmons,TE,2008,17,REG,2008_17_DET_GB,DET,GB,0,0,0,0,0,0,0,0,0,0,0,0,1,0,7,0,0,0,0,0,,0,0,0,0,0,0,0,0,0,0,0,,0
00-0021547,Antonio Gates,TE,2008,17,REG,2008_17_DEN_SD,LAC,DEN,0,0,0,0,0,0,0,0,0,0,0,0,3,0,49,0,1,0,0,0,,0,0,0,0,0,0,0,0,0,0,0,,0
00-0021647,Jerheme Urban,WR,2008,17,REG,2008_17_SEA_ARI,ARI,SEA,0,0,0,0,0,0,0,0,0,0,0,0,4,0,43,1,2,0,0,0,,0,0,0,0,0,0,0,0,0,0,0,,0
00-0021678,Tony Romo,QB,2008,17,REG,2008_17_DAL_PHI,DAL,PHI,21,39,183,0,1,3,-15,2,11,0,1,0,0,0,0,0,0,0,0,0,,0,0,0,0,0,0,0,0,0,0,0,,0
00-0021746,Glenn Pakulak,P,2008,17,REG,2008_17_CAR_NO,NO,CAR,0,0,0,0,0,0,0,0,0,0,0,0,0,0,0,0,0,0,0,0,,0,0,0,0,0,0,0,0,3,164,131,61,0
00-0021931,Kevin Walter,WR,2008,17,REG,2008_17_CHI_HOU,HOU,CHI,0,0,0,0,0,0,0,0,0,0,0,0,1,0,23,0,1,0,0,0,,0,0,0,0,0,0,0,0,0,0,0,,0
00-0021940,Josh Brown,K,2008,17,REG,2008_17_STL_ATL,LA,ATL,0,0,0,0,0,0,0,0,0,0,0,0,0,0,0,0,0,0,2,2,31,0,1,1,0,0,0,3,3,0,0,0,,0
00-0021976,Larry Johnson,RB,2008,17,REG,2008_17_KC_CIN,KC,CIN,0,0,0,0,0,0,0,10,18,0,1,0,0,0,0,0,0,0,0,0,,0,0,0,0,0,0,0,0,0,0,0,,0
00-0022001,Kevin Curtis,WR,2008,17,REG,2008_17_DAL_PHI,PHI,DAL,0,0,0,0,0,0,0,0,0,0,0,0,1,0,15,0,1,0,0,0,,0,0,0,0,0,0,0,0,0,0,0,,0
00-0022003,B.J. Askew,FB,2008,17,REG,2008_17_OAK_TB,TB,LV,0,0,0,0,0,0,0,1,0,0,0,0,1,0,4,0,0,0,0,0,,0,0,0,0,0,0,0,0,0,0,0,,0
00-0022005,Chris Simms,QB,2008,17,REG,2008_17_TEN_IND,TEN,IND,1,2,7,0,0,1,-10,0,0,0,0,0,0,0,0,0,0,0,0,0,,0,0,0,0,0,0,0,0,0,0,0,,0
00-0022017,Mike Scifres,P,2008,17,REG,2008_17_DEN_SD,LAC,DEN,0,0,0,0,0,0,0,0,0,0,0,0,0,0,0,0,0,0,0,0,,0,0,0,0,0,0,0,0,1,43,43,43,0
00-0022026,Brooks Bollinger,QB,2008,17,REG,2008_17_DAL_PHI,DAL,PHI,1,1,8,0,0,1,-7,0,0,0,0,0,0,0,0,0,0,0,0,0,,0,0,0,0,0,0,0,0,0,0,0,,0
00-0022041,Richard Angulo,TE,2008,17,REG,2008_17_JAX_BAL,JAX,BAL,0,0,0,0,0,0,0,0,0,0,0,0,1,0,4,0,0,0,0,0,,0,0,0,0,0,0,0,0,0,0,0,,0
00-0022044,Andre Johnson,WR,2008,17,REG,2008_17_CHI_HOU,HOU,CHI,0,0,0,0,0,0,0,0,0,0,0,0,10,0,148,2,9,0,0,0,,0,0,0,0,0,0,0,0,0,0,0,,0
00-0022054,Visanthe Shiancoe,TE,2008,17,REG,2008_17_NYG_MIN,MIN,NYG,0,0,0,0,0,0,0,0,0,0,0,0,2,0,14,0,2,0,0,0,,0,0,0,0,0,0,0,0,0,0,0,,0
00-0022055,Seneca Wallace,QB,2008,17,REG,2008_17_SEA_ARI,SEA,ARI,24,43,250,2,2,1,-7,3,14,0,1,0,0,0,0,0,0,0,0,0,,0,0,0,0,0,0,0,0,0,0,0,,0
00-0022093,Justin Fargas,RB,2008,17,REG,2008_17_OAK_TB,LV,TB,0,0,0,0,0,0,0,6,11,0,0,0,0,0,0,0,0,0,0,0,,0,0,0,0,0,0,0,0,0,0,0,,0
00-0022097,Brandon Lloyd,WR,2008,17,REG,2008_17_CHI_HOU,CHI,HOU,0,0,0,0,0,0,0,0,0,0,0,0,4,0,34,1,3,0,0,0,,0,0,0,0,0,0,0,0,0,0,0,,0
00-0022127,Jason Witten,TE,2008,17,REG,2008_17_DAL_PHI,DAL,PHI,1,1,42,0,0,0,0,0,0,0,0,0,7,0,50,0,4,0,0,0,,0,0,0,0,0,0,0,0,0,0,0,,0
00-0022144,Bobby Wade,WR,2008,17,REG,2008_17_NYG_MIN,MIN,NYG,0,0,0,0,0,0,0,0,0,0,0,0,4,0,98,0,4,0,0,0,,0,0,0,0,0,0,0,0,0,0,0,,0
00-0022156,Bryant Johnson,WR,2008,17,REG,2008_17_WAS_SF,SF,WAS,0,0,0,0,0,0,0,0,0,0,0,0,2,0,43,0,2,0,0,0,,0,0,0,0,0,0,0,0,0,0,0,,0
00-0022165,Dallas Clark,TE,2008,17,REG,2008_17_TEN_IND,IND,TEN,0,0,0,0,0,0,0,0,0,0,0,0,6,0,59,0,2,0,0,0,,0,0,0,0,0,0,0,0,0,0,0,,0
00-0022177,Byron Leftwich,QB,2008,17,REG,2008_17_CLE_PIT,PIT,CLE,7,12,80,0,0,0,0,1,8,1,1,0,0,0,0,0,0,0,0,0,,0,0,0,0,0,0,0,0,0,0,0,,0
00-0022178,Willis McGahee,RB,2008,17,REG,2008_17_JAX_BAL,BAL,JAX,0,0,0,0,0,0,0,4,24,1,2,0,2,0,25,0,1,0,0,0,,0,0,0,0,0,0,0,0,0,0,0,,0
00-0022217,Mewelde Moore,RB,2008,17,REG,2008_17_CLE_PIT,PIT,CLE,0,0,0,0,0,0,0,4,23,0,1,0,1,0,10,0,0,0,0,0,,0,0,0,0,0,0,0,0,0,0,0,,0
00-0022250,Willie Parker,RB,2008,17,REG,2008_17_CLE_PIT,PIT,CLE,0,0,0,0,0,0,0,23,116,1,4,0,0,0,0,0,0,0,0,0,,0,0,0,0,0,0,0,0,0,0,0,,0
00-0022277,John Standeford,WR,2008,17,REG,2008_17_DET_GB,DET,GB,0,0,0,0,0,0,0,0,0,0,0,0,3,0,82,0,3,0,0,0,,0,0,0,0,0,0,0,0,0,0,0,,0
00-0022397,Vonta Leach,FB,2008,17,REG,2008_17_CHI_HOU,HOU,CHI,0,0,0,0,0,0,0,0,0,0,0,0,1,0,3,0,0,0,0,0,,0,0,0,0,0,0,0,0,0,0,0,,0
00-0022405,Lousaka Polite,FB,2008,17,REG,2008_17_MIA_NYJ,MIA,NYJ,0,0,0,0,0,0,0,6,17,0,2,0,1,0,-2,0,0,0,0,0,,0,0,0,0,0,0,0,0,0,0,0,,0
00-0022427,Wes Welker,WR,2008,17,REG,2008_17_NE_BUF,NE,BUF,0,0,0,0,0,0,0,0,0,0,0,0,2,0,26,0,2,0,0,0,,0,0,0,0,0,0,0,0,0,0,0,,0
00-0022434,Carey Davis,RB,2008,17,REG,2008_17_CLE_PIT,PIT,CLE,0,0,0,0,0,0,0,1,11,0,0,0,1,0,14,0,0,0,0,0,,0,0,0,0,0,0,0,0,0,0,0,,0
00-0022555,Ben Utecht,TE,2008,17,REG,2008_17_KC_CIN,CIN,KC,0,0,0,0,0,0,0,0,0,0,0,0,1,0,7,0,0,0,0,0,,0,0,0,0,0,0,0,0,0,0,0,,0
00-0022589,Kyle Larson,P,2008,17,REG,2008_17_KC_CIN,CIN,KC,0,0,0,0,0,0,0,0,0,0,0,0,0,0,0,0,0,0,0,0,,0,0,0,0,0,0,0,0,3,133,118,48,2
00-0022684,Donnie Jones,P,2008,17,REG,2008_17_STL_ATL,LA,ATL,0,0,0,0,0,0,0,0,0,0,0,0,0,0,0,0,0,0,0,0,,0,0,0,0,0,0,0,0,5,244,221,64,2
00-0022701,D.J. Hackett,WR,2008,17,REG,2008_17_CAR_NO,CAR,NO,0,0,0,0,0,0,0,0,0,0,0,0,2,0,37,0,1,0,0,0,,0,0,0,0,0,0,0,0,0,0,0,,0
00-0022725,Michael Clayton,WR,2008,17,REG,2008_17_OAK_TB,TB,LV,0,0,0,0,0,0,0,0,0,0,0,0,2,0,87,1,2,0,0,0,,0,0,0,0,0,0,0,0,0,0,0,,0
00-0022726,Keary Colbert,WR,2008,17,REG,2008_17_DET_GB,DET,GB,0,0,0,0,0,0,0,0,0,0,0,0,1,0,11,0,1,0,0,0,,0,0,0,0,0,0,0,0,0,0,0,,0
00-0022736,Steven Jackson,RB,2008,17,REG,2008_17_STL_ATL,LA,ATL,0,0,0,0,0,0,0,30,161,2,7,0,4,0,54,0,3,0,0,0,,0,0,0,0,0,0,0,0,0,0,0,,0
00-0022737,Nate Kaeding,K,2008,17,REG,2008_17_DEN_SD,LAC,DEN,0,0,0,0,0,0,0,0,0,0,0,0,0,0,0,0,0,0,1,1,28,0,1,0,0,0,0,7,7,0,0,0,,0
00-0022738,Chris Cooley,TE,2008,17,REG,2008_17_WAS_SF,WAS,SF,0,0,0,0,0,0,0,0,0,0,0,0,6,0,57,0,3,0,0,0,,0,0,0,0,0,0,0,0,0,0,0,,0
00-0022739,Devard Darling,WR,2008,17,REG,2008_17_KC_CIN,KC,CIN,0,0,0,0,0,0,0,0,0,0,0,0,2,0,14,0,0,0,0,0,,0,0,0,0,0,0,0,0,0,0,0,,0
00-0022744,Jim Sorgi,QB,2008,17,REG,2008_17_TEN_IND,IND,TEN,22,30,178,0,0,0,0,5,8,0,1,0,0,0,0,0,0,0,0,0,,0,0,0,0,0,0,0,0,0,0,0,,0
00-0022746,Jeff Dugan,TE,2008,17,REG,2008_17_NYG_MIN,MIN,NYG,0,0,0,0,0,0,0,1,1,0,1,0,1,0,9,0,0,0,0,0,,0,0,0,0,0,0,0,0,0,0,0,,0
00-0022766,Patrick Crayton,WR,2008,17,REG,2008_17_DAL_PHI,DAL,PHI,0,0,0,0,0,0,0,0,0,0,0,0,3,0,34,0,1,0,0,0,,0,0,0,0,0,0,0,0,0,0,0,,0
00-0022770,Derrick Ward,RB,2008,17,REG,2008_17_NYG_MIN,NYG,MIN,0,0,0,0,0,0,0,15,77,0,5,0,2,0,14,0,0,0,0,0,,0,0,0,0,0,0,0,0,0,0,0,,0
00-0022781,Michael Jenkins,WR,2008,17,REG,2008_17_STL_ATL,ATL,LA,0,0,0,0,0,0,0,0,0,0,0,0,4,0,72,0,3,0,0,0,,0,0,0,0,0,0,0,0,0,0,0,,0
00-0022787,Matt Schaub,QB,2008,17,REG,2008_17_CHI_HOU,HOU,CHI,27,36,328,2,0,0,0,4,-3,0,1,0,0,0,0,0,0,0,0,0,,0,0,0,0,0,0,0,0,0,0,0,,0
00-0022796,Mike Karney,FB,2008,17,REG,2008_17_CAR_NO,NO,CAR,0,0,0,0,0,0,0,0,0,0,0,0,1,0,7,0,0,0,0,0,,0,0,0,0,0,0,0,0,0,0,0,,0
00-0022803,Eli Manning,QB,2008,17,REG,2008_17_NYG_MIN,NYG,MIN,11,19,119,0,0,1,-5,0,0,0,0,0,0,0,0,0,0,0,0,0,,0,0,0,0,0,0,0,0,0,0,0,,0
00-0022807,Bernard Berrian,WR,2008,17,REG,2008_17_NYG_MIN,MIN,NYG,0,0,0,0,0,0,0,0,0,0,0,0,4,0,81,1,3,0,0,0,,0,0,0,0,0,0,0,0,0,0,0,,0
00-0022811,Jerricho Cotchery,WR,2008,17,REG,2008_17_MIA_NYJ,NYJ,MIA,0,0,0,0,0,0,0,0,0,0,0,0,2,0,41,0,2,0,0,0,,0,0,0,0,0,0,0,0,0,0,0,,0
00-0022821,Michael Turner,RB,2008,17,REG,2008_17_STL_ATL,ATL,LA,0,0,0,0,0,0,0,25,208,1,6,1,0,0,0,0,0,0,0,0,,0,0,0,0,0,0,0,0,0,0,0,,0
00-0022824,Andy Lee,P,2008,17,REG,2008_17_WAS_SF,SF,WAS,0,0,0,0,0,0,0,0,0,0,0,0,0,0,0,0,0,0,0,0,,0,0,0,0,0,0,0,0,3,149,143,52,1
00-0022840,Julius Jones,RB,2008,17,REG,2008_17_SEA_ARI,SEA,ARI,0,0,0,0,0,0,0,2,6,0,1,0,0,0,0,0,0,0,0,0,,0,0,0,0,0,0,0,0,0,0,0,,0
00-0022874,Josh Scobee,K,2008,17,REG,2008_17_JAX_BAL,JAX,BAL,0,0,0,0,0,0,0,0,0,0,0,0,0,0,0,0,0,0,0,0,,0,0,0,0,0,0,1,1,0,0,0,,0
00-0022889,Reggie Williams,WR,2008,17,REG,2008_17_JAX_BAL,JAX,BAL,0,0,0,0,0,0,0,0,0,0,0,0,2,0,16,0,2,0,0,0,,0,0,0,0,0,0,0,0,0,0,0,,0
00-0022893,Tatum Bell,RB,2008,17,REG,2008_17_DEN_SD,DEN,LAC,0,0,0,0,0,0,0,8,86,2,3,0,4,0,31,0,3,0,0,0,,0,0,0,0,0,0,0,0,0,0,0,,0
00-0022907,Nate Lawrie,TE,2008,17,REG,2008_17_KC_CIN,CIN,KC,0,0,0,0,0,0,0,0,0,0,0,0,2,0,11,0,0,0,0,0,,0,0,0,0,0,0,0,0,0,0,0,,0
00-0022909,Roy Williams,WR,2008,17,REG,2008_17_DAL_PHI,DAL,PHI,0,0,0,0,0,0,0,0,0,0,0,0,2,0,4,0,0,0,0,0,,0,0,0,0,0,0,0,0,0,0,0,,0
00-0022910,Lee Evans,WR,2008,17,REG,2008_17_NE_BUF,BUF,NE,0,0,0,0,0,0,0,0,0,0,0,0,5,0,63,0,3,0,0,0,,0,0,0,0,0,0,0,0,0,0,0,,0
00-0022913,Ahmad Carroll,DB,2008,17,REG,2008_17_MIA_NYJ,NYJ,MIA,0,0,0,0,0,0,0,0,0,0,0,0,0,0,11,0,0,0,0,0,,0,0,0,0,0,0,0,0,0,0,0,,0
00-0022921,Larry Fitzgerald,WR,2008,17,REG,2008_17_SEA_ARI,ARI,SEA,0,0,0,0,0,0,0,0,0,0,0,0,5,0,130,2,5,0,0,0,,0,0,0,0,0,0,0,0,0,0,0,,0
00-0022924,Ben Roethlisberger,QB,2008,17,REG,2008_17_CLE_PIT,PIT,CLE,9,14,110,0,1,0,0,0,0,0,0,0,0,0,0,0,0,0,0,0,,0,0,0,0,0,0,0,0,0,0,0,,0
00-0022929,Devery Henderson,WR,2008,17,REG,2008_17_CAR_NO,NO,CAR,0,0,0,0,0,0,0,0,0,0,0,0,2,0,29,0,2,0,0,0,,0,0,0,0,0,0,0,0,0,0,0,,0
00-0022942,Philip Rivers,QB,2008,17,REG,2008_17_DEN_SD,LAC,DEN,15,20,207,2,0,2,-5,4,11,0,2,0,0,0,0,0,0,0,0,0,,0,0,0,0,0,0,0,0,0,0,0,,0
00-0022954,Ben Graham,P,2008,17,REG,2008_17_SEA_ARI,ARI,SEA,0,0,0,0,0,0,0,0,0,0,0,0,0,0,0,0,0,0,0,0,,0,0,0,0,0,0,0,0,3,128,128,45,2
00-0022984,Ryan Grant,RB,2008,17,REG,2008_17_DET_GB,GB,DET,0,0,0,0,0,0,0,19,106,0,6,1,3,0,23,0,0,0,0,0,,0,0,0,0,0,0,0,0,0,0,0,,0
00-0022999,John Kuhn,FB,2008,17,REG,2008_17_DET_GB,GB,DET,0,0,0,0,0,0,0,0,0,0,0,0,1,0,5,1,1,0,0,0,,0,0,0,0,0,0,0,0,0,0,0,,0
00-0023001,Shaun Suisham,K,2008,17,REG,2008_17_WAS_SF,WAS,SF,0,0,0,0,0,0,0,0,0,0,0,0,0,0,0,0,0,0,1,1,41,0,0,0,1,0,0,3,3,0,0,0,,0
00-0023060,Chris Kluwe,P,2008,17,REG,2008_17_NYG_MIN,MIN,NYG,0,0,0,0,0,0,0,0,0,0,0,0,0,0,0,0,0,0,0,0,,0,0,0,0,0,0,0,0,4,190,159,55,2
00-0023063,Leonard Weaver,FB,2008,17,REG,2008_17_SEA_ARI,SEA,ARI,0,0,0,0,0,0,0,2,9,0,0,0,4,0,30,0,0,0,0,0,,0,0,0,0,0,0,0,0,0,0,0,,0
00-0023176,Josh Cribbs,WR,2008,17,REG,2008_17_CLE_PIT,CLE,PIT,1,2,8,0,0,0,0,2,7,0,1,0,0,0,0,0,0,0,0,0,,0,0,0,0,0,0,0,0,0,0,0,,0
00-0023234,Michael Koenen,P,2008,17,REG,2008_17_STL_ATL,ATL,LA,0,0,0,0,0,0,0,0,0,0,0,0,0,0,0,0,0,0,0,0,,0,0,0,0,0,0,0,0,4,147,147,40,0
00-0023251,Kyle Eckel,RB,2008,17,REG,2008_17_DAL_PHI,PHI,DAL,0,0,0,0,0,0,0,8,22,0,1,0,0,0,0,0,0,0,0,0,,0,0,0,0,0,0,0,0,0,0,0,,0
00-0023252,Robbie Gould,K,2008,17,REG,2008_17_CHI_HOU,CHI,HOU,0,0,0,0,0,0,0,0,0,0,0,0,0,0,0,0,0,0,1,1,37,0,0,1,0,0,0,3,3,0,0,0,,0
00-0023310,Lance Moore,WR,2008,17,REG,2008_17_CAR_NO,NO,CAR,0,0,0,0,0,0,0,0,0,0,0,0,8,0,91,2,4,0,0,0,,0,0,0,0,0,0,0,0,0,0,0,,0
00-0023367,Nate Washington,WR,2008,17,REG,2008_17_CLE_PIT,PIT,CLE,0,0,0,0,0,0,0,0,0,0,0,0,1,0,13,0,1,0,0,0,,0,0,0,0,0,0,0,0,0,0,0,,0
00-0023429,Rashied Davis,WR,2008,17,REG,2008_17_CHI_HOU,CHI,HOU,0,0,0,0,0,0,0,0,0,0,0,0,2,0,35,0,2,0,0,0,,0,0,0,0,0,0,0,0,0,0,0,,0
00-0023437,Ronnie Brown,RB,2008,17,REG,2008_17_MIA_NYJ,MIA,NYJ,0,1,0,0,0,0,0,11,57,0,2,0,4,0,15,0,0,0,0,0,,0,0,0,0,0,0,0,0,0,0,0,,0
00-0023438,Braylon Edwards,WR,2008,17,REG,2008_17_CLE_PIT,CLE,PIT,0,0,0,0,0,0,0,0,0,0,0,0,1,0,5,0,0,0,0,0,,0,0,0,0,0,0,0,0,0,0,0,,0
00-0023439,Cedric Benson,RB,2008,17,REG,2008_17_KC_CIN,CIN,KC,0,0,0,0,0,0,0,25,111,1,6,0,2,0,19,0,1,0,0,0,,0,0,0,0,0,0,0,0,0,0,0,,0
00-0023440,Cadillac Williams,RB,2008,17,REG,2008_17_OAK_TB,TB,LV,0,0,0,0,0,0,0,12,78,2,4,0,5,0,37,0,2,0,0,0,,0,0,0,0,0,0,0,0,0,0,0,,0
00-0023457,Mark Clayton,WR,2008,17,REG,2008_17_JAX_BAL,BAL,JAX,0,0,0,0,0,0,0,0,0,0,0,0,4,0,128,0,4,0,0,0,,0,0,0,0,0,0,0,0,0,0,0,,0
00-0023459,Aaron Rodgers,QB,2008,17,REG,2008_17_DET_GB,GB,DET,21,31,308,3,0,4,-35,1,-1,0,0,0,0,0,0,0,0,0,0,0,,0,0,0,0,0,0,0,0,0,0,0,,0
00-0023460,Jason Campbell,QB,2008,17,REG,2008_17_WAS_SF,WAS,SF,18,30,156,1,0,1,-13,4,39,1,4,0,0,0,0,0,0,0,0,0,,0,0,0,0,0,0,0,0,0,0,0,,0
00-0023462,Roddy White,WR,2008,17,REG,2008_17_STL_ATL,ATL,LA,0,0,0,0,0,0,0,0,0,0,0,0,3,0,48,1,2,0,0,0,,0,0,0,0,0,0,0,0,0,0,0,,0
00-0023465,Heath Miller,TE,2008,17,REG,2008_17_CLE_PIT,PIT,CLE,0,0,0,0,0,0,0,0,0,0,0,0,5,0,55,0,3,0,0,0,,0,0,0,0,0,0,0,0,0,0,0,,0
00-0023470,Reggie Brown,WR,2008,17,REG,2008_17_DAL_PHI,PHI,DAL,0,0,0,0,0,0,0,0,0,0,0,0,1,0,13,0,1,0,0,0,,0,0,0,0,0,0,0,0,0,0,0,,0
00-0023474,Mark Bradley,WR,2008,17,REG,2008_17_KC_CIN,KC,CIN,0,0,0,0,0,0,0,0,0,0,0,0,2,0,21,0,2,0,0,0,,0,0,0,0,0,0,0,0,0,0,0,,0
00-0023479,J.J. Arrington,RB,2008,17,REG,2008_17_SEA_ARI,ARI,SEA,0,0,0,0,0,0,0,1,9,0,0,0,2,0,18,0,1,0,0,0,,0,0,0,0,0,0,0,0,0,0,0,,0
00-0023496,Vincent Jackson,WR,2008,17,REG,2008_17_DEN_SD,LAC,DEN,0,0,0,0,0,0,0,2,30,0,2,0,2,0,47,0,2,0,0,0,,0,0,0,0,0,0,0,0,0,0,0,,0
00-0023500,Frank Gore,RB,2008,17,REG,2008_17_WAS_SF,SF,WAS,0,0,0,0,0,0,0,11,58,0,3,0,1,0,6,0,0,0,0,0,,0,0,0,0,0,0,0,0,0,0,0,,0
00-0023512,Ryan Moats,RB,2008,17,REG,2008_17_CHI_HOU,HOU,CHI,0,0,0,0,0,0,0,12,38,1,2,0,3,0,14,0,0,0,0,0,,0,0,0,0,0,0,0,0,0,0,0,,0
00-0023518,Chris Henry,WR,2008,17,REG,2008_17_KC_CIN,CIN,KC,0,0,0,0,0,0,0,0,0,0,0,0,2,0,19,0,2,0,0,0,,0,0,0,0,0,0,0,0,0,0,0,,0
00-0023531,Brandon Jones,WR,2008,17,REG,2008_17_TEN_IND,TEN,IND,0,0,0,0,0,0,0,0,0,0,0,0,2,0,13,0,1,0,0,0,,0,0,0,0,0,0,0,0,0,0,0,,0
00-0023534,Dustin Colquitt,P,2008,17,REG,2008_17_KC_CIN,KC,CIN,0,0,0,0,0,0,0,0,0,0,0,0,0,0,0,0,0,0,0,0,,0,0,0,0,0,0,0,0,6,283,227,55,3
00-0023541,Kyle Orton,QB,2008,17,REG,2008_17_CHI_HOU,CHI,HOU,22,37,244,2,0,2,-19,2,2,1,2,0,0,0,0,0,0,0,0,0,,0,0,0,0,0,0,0,0,0,0,0,,0
00-0023544,Marion Barber,RB,2008,17,REG,2008_17_DAL_PHI,DAL,PHI,0,0,0,0,0,0,0,3,13,0,2,0,2,0,20,0,0,1,0,0,,0,0,0,0,0,0,0,0,0,0,0,,0
00-0023561,Alvin Pearman,RB,2008,17,REG,2008_17_JAX_BAL,JAX,BAL,0,0,0,0,0,0,0,0,0,0,0,0,1,0,23,1,1,0,0,0,,0,0,0,0,0,0,0,0,0,0,0,,0
00-0023564,Darren Sproles,RB,2008,17,REG,2008_17_DEN_SD,LAC,DEN,0,0,0,0,0,0,0,14,115,1,5,0,2,0,17,1,1,0,0,0,,0,0,0,0,0,0,0,0,0,0,0,,0
00-0023578,Dan Orlovsky,QB,2008,17,REG,2008_17_DET_GB,DET,GB,22,42,225,2,2,1,-5,0,0,0,0,0,0,0,0,0,0,0,0,0,,0,0,0,0,0,0,0,0,0,0,0,,0
00-0023612,Bo Scaife,TE,2008,17,REG,2008_17_TEN_IND,TEN,IND,0,0,0,0,0,0,0,0,0,0,0,0,1,0,8,0,1,0,0,0,,0,0,0,0,0,0,0,0,0,0,0,,0
00-0023642,Reggie Hodges,P,2008,17,REG,2008_17_MIA_NYJ,NYJ,MIA,0,0,0,0,0,0,0,0,0,0,0,0,0,0,0,0,0,0,0,0,,0,0,0,0,0,0,0,0,4,192,147,53,1
00-0023662,Matt Cassel,QB,2008,17,REG,2008_17_NE_BUF,NE,BUF,6,8,78,0,0,1,-5,3,19,0,2,0,0,0,0,0,0,0,0,0,,0,0,0,0,0,0,0,0,1,57,57,57,1
00-0023679,Billy Bajema,TE,2008,17,REG,2008_17_WAS_SF,SF,WAS,0,0,0,0,0,0,0,0,0,0,0,0,1,0,29,0,1,0,0,0,,0,0,0,0,0,0,0,0,0,0,0,,0
00-0023682,Ryan Fitzpatrick,QB,2008,17,REG,2008_17_KC_CIN,CIN,KC,18,30,129,0,0,1,-4,7,29,0,4,0,0,0,0,0,0,0,0,0,,0,0,0,0,0,0,0,0,0,0,0,,0
00-0023683,Madison Hedgecock,FB,2008,17,REG,2008_17_NYG_MIN,NYG,MIN,0,0,0,0,0,0,0,0,0,0,0,0,2,0,11,0,1,0,0,0,,0,0,0,0,0,0,0,0,0,0,0,,0
00-0023742,Jon Ryan,P,2008,17,REG,2008_17_SEA_ARI,SEA,ARI,0,0,0,0,0,0,0,0,0,0,0,0,0,0,0,0,0,0,0,0,,0,0,0,0,0,0,0,0,4,181,160,49,0
00-0023774,Naufahu Tahi,FB,2008,17,REG,2008_17_NYG_MIN,MIN,NYG,0,0,0,0,0,0,0,0,0,0,0,0,2,0,4,0,0,0,0,0,,0,0,0,0,0,0,0,0,0,0,0,,0
00-0023784,Greg Estandia,TE,2008,17,REG,2008_17_JAX_BAL,JAX,BAL,0,0,0,0,0,0,0,0,0,0,0,0,1,0,9,0,1,0,0,0,,0,0,0,0,0,0,0,0,0,0,0,,0
00-0023788,Buck Ortega,TE,2008,17,REG,2008_17_CAR_NO,NO,CAR,0,0,0,0,0,0,0,0,0,0,0,0,1,0,3,0,0,0,0,0,,0,0,0,0,0,0,0,0,0,0,0,,0
00-0023797,Darcy Johnson,TE,2008,17,REG,2008_17_NYG_MIN,NYG,MIN,0,0,0,0,0,0,0,0,0,0,0,0,2,0,44,0,2,0,0,0,,0,0,0,0,0,0,0,0,0,0,0,,0
00-0023853,Matt Prater,K,2008,17,REG,2008_17_DEN_SD,DEN,LAC,0,0,0,0,0,0,0,0,0,0,0,0,0,0,0,0,0,0,0,0,,0,0,0,0,0,0,1,2,0,0,0,,0
00-0024011,Mike Bell,RB,2008,17,REG,2008_17_CAR_NO,NO,CAR,0,0,0,0,0,0,0,3,10,0,1,0,0,0,0,0,0,0,0,0,,0,0,0,0,0,0,0,0,0,0,0,,0
00-0024103,Montell Owens,RB,2008,17,REG,2008_17_JAX_BAL,JAX,BAL,0,0,0,0,0,0,0,0,0,0,0,0,1,0,7,0,0,0,0,0,,0,0,0,0,0,0,0,0,0,0,0,,0
00-0024110,Steve Weatherford,P,2008,17,REG,2008_17_JAX_BAL,JAX,BAL,0,0,0,0,0,0,0,0,0,0,0,0,0,0,0,0,0,0,0,0,,0,0,0,0,0,0,0,0,4,186,166,57,0
00-0024172,Patrick Cobbs,RB,2008,17,REG,2008_17_MIA_NYJ,MIA,NYJ,0,0,0,0,0,0,0,0,0,0,0,0,2,0,14,0,1,0,0,0,,0,0,0,0,0,0,0,0,0,0,0,,0
00-0024174,Glenn Holt,WR,2008,17,REG,2008_17_KC_CIN,CIN,KC,0,0,0,0,0,0,0,0,0,0,0,0,1,0,10,0,1,0,0,0,,0,0,0,0,0,0,0,0,0,0,0,,0
00-0024204,Fred Jackson,RB,2008,17,REG,2008_17_NE_BUF,BUF,NE,0,0,0,0,0,0,0,27,136,0,7,0,1,0,0,0,0,0,0,0,,0,0,0,0,0,0,0,0,0,0,0,,0
00-0024218,Vince Young,QB,2008,17,REG,2008_17_TEN_IND,TEN,IND,9,13,55,0,0,2,-10,5,25,0,0,0,0,0,0,0,0,0,0,0,,0,0,0,0,0,0,0,0,0,0,0,,0
00-0024221,Vernon Davis,TE,2008,17,REG,2008_17_WAS_SF,SF,WAS,0,0,0,0,0,0,0,0,0,0,0,0,3,0,18,0,1,0,0,0,,0,0,0,0,0,0,0,0,0,0,0,,0
00-0024225,Matt Leinart,QB,2008,17,REG,2008_17_SEA_ARI,ARI,SEA,5,8,83,0,0,0,0,1,-1,0,0,0,0,0,0,0,0,0,0,0,,0,0,0,0,0,0,0,0,0,0,0,,0
00-0024226,Jay Cutler,QB,2008,17,REG,2008_17_DEN_SD,DEN,LAC,33,49,316,1,2,0,0,2,4,0,0,0,0,0,0,0,0,0,0,0,,0,0,0,0,0,0,0,0,0,0,0,,0
00-0024240,Santonio Holmes,WR,2008,17,REG,2008_17_CLE_PIT,PIT,CLE,0,0,0,0,0,0,0,0,0,0,0,0,3,0,31,0,2,0,0,0,,0,0,0,0,0,0,0,0,0,0,0,,0
00-0024242,DeAngelo Williams,RB,2008,17,REG,2008_17_CAR_NO,CAR,NO,0,0,0,0,0,0,0,25,178,0,9,0,0,0,0,0,0,0,0,0,,0,0,0,0,0,0,0,0,0,0,0,,0
00-0024243,Marcedes Lewis,TE,2008,17,REG,2008_17_JAX_BAL,JAX,BAL,0,0,0,0,0,0,0,0,0,0,0,0,1,0,0,0,0,0,0,0,,0,0,0,0,0,0,0,0,0,0,0,,0
00-0024245,Joseph Addai,RB,2008,17,REG,2008_17_TEN_IND,IND,TEN,0,0,0,0,0,0,0,1,4,0,0,0,2,0,55,1,1,0,0,0,,0,0,0,0,0,0,0,0,0,0,0,,0
00-0024259,Sinorice Moss,WR,2008,17,REG,2008_17_NYG_MIN,NYG,MIN,0,0,0,0,0,0,0,0,0,0,0,0,2,0,43,0,2,0,0,0,,0,0,0,0,0,0,0,0,0,0,0,,0
00-0024260,LenDale White,RB,2008,17,REG,2008_17_TEN_IND,TEN,IND,0,0,0,0,0,0,0,7,25,0,1,0,0,0,0,0,0,0,0,0,,0,0,0,0,0,0,0,0,0,0,0,,0
00-0024261,Joe Klopfenstein,TE,2008,17,REG,2008_17_STL_ATL,LA,ATL,0,0,0,0,0,0,0,0,0,0,0,0,1,0,29,0,1,0,0,0,,0,0,0,0,0,0,0,0,0,0,0,,0
00-0024267,Greg Jennings,WR,2008,17,REG,2008_17_DET_GB,GB,DET,0,0,0,0,0,0,0,0,0,0,0,0,5,0,101,0,3,0,0,0,,0,0,0,0,0,0,0,0,0,0,0,,0
00-0024268,Anthony Fasano,TE,2008,17,REG,2008_17_MIA_NYJ,MIA,NYJ,0,0,0,0,0,0,0,0,0,0,0,0,3,0,39,1,3,0,0,0,,0,0,0,0,0,0,0,0,0,0,0,,0
00-0024272,Devin Hester,WR,2008,17,REG,2008_17_CHI_HOU,CHI,HOU,0,0,0,0,0,0,0,0,0,0,0,0,6,0,85,0,4,0,0,0,,0,0,0,0,0,0,0,0,0,0,0,,0
00-0024275,Maurice Jones-Drew,RB,2008,17,REG,2008_17_JAX_BAL,JAX,BAL,0,0,0,0,0,0,0,23,78,0,3,1,1,0,10,0,1,0,0,0,,0,0,0,0,0,0,0,0,0,0,0,,0
00-0024276,Tony Scheffler,TE,2008,17,REG,2008_17_DEN_SD,DEN,LAC,0,0,0,0,0,0,0,0,0,0,0,0,5,0,75,1,4,0,0,0,,0,0,0,0,0,0,0,0,0,0,0,,0
00-0024279,Tarvaris Jackson,QB,2008,17,REG,2008_17_NYG_MIN,MIN,NYG,16,26,239,1,1,2,-21,1,-4,0,0,0,0,0,0,0,0,0,0,0,,0,0,0,0,0,0,0,0,0,0,0,,0
00-0024287,Leonard Pope,TE,2008,17,REG,2008_17_SEA_ARI,ARI,SEA,0,0,0,0,0,0,0,0,0,0,0,0,1,0,7,0,0,0,0,0,,0,0,0,0,0,0,0,0,0,0,0,,0
00-0024294,Jerious Norwood,RB,2008,17,REG,2008_17_STL_ATL,ATL,LA,0,0,0,0,0,0,0,3,56,2,2,0,1,0,22,0,1,0,0,0,,0,0,0,0,0,0,0,0,0,0,0,,0
00-0024313,Owen Daniels,TE,2008,17,REG,2008_17_CHI_HOU,HOU,CHI,0,0,0,0,0,0,0,0,0,0,0,0,3,0,37,0,1,0,0,0,,0,0,0,0,0,0,0,0,0,0,0,,0
00-0024315,Michael Robinson,FB,2008,17,REG,2008_17_WAS_SF,SF,WAS,0,0,0,0,0,0,0,1,2,0,1,0,2,0,43,0,2,0,0,0,,0,0,0,0,0,0,0,0,0,0,0,,0
00-0024318,Brad Smith,WR,2008,17,REG,2008_17_MIA_NYJ,NYJ,MIA,1,1,18,0,0,0,0,1,-3,0,0,0,0,0,-7,0,0,0,0,0,,0,0,0,0,0,0,0,0,0,0,0,,0
00-0024332,Leon Washington,RB,2008,17,REG,2008_17_MIA_NYJ,NYJ,MIA,0,0,0,0,0,0,0,10,60,1,2,0,6,0,29,0,2,0,0,0,,0,0,0,0,0,0,0,0,0,0,0,,0
00-0024333,Stephen Gostkowski,K,2008,17,REG,2008_17_NE_BUF,NE,BUF,0,0,0,0,0,0,0,0,0,0,0,0,0,0,0,0,0,0,2,3,33,0,1,1,0,0,0,1,1,0,0,0,,0
00-0024334,Brandon Marshall,WR,2008,17,REG,2008_17_DEN_SD,DEN,LAC,0,0,0,0,0,0,0,0,0,0,0,0,6,0,55,0,4,0,0,0,,0,0,0,0,0,0,0,0,0,0,0,,0
00-0024345,Domenik Hixon,WR,2008,17,REG,2008_17_NYG_MIN,NYG,MIN,0,0,0,0,0,0,0,0,0,0,0,0,4,0,62,1,3,0,0,0,,0,0,0,0,0,0,0,0,0,0,0,,0
00-0024359,Jerome Harrison,RB,2008,17,REG,2008_17_CLE_PIT,CLE,PIT,0,0,0,0,0,0,0,2,1,0,0,0,2,0,-1,0,0,0,0,0,,0,0,0,0,0,0,0,0,0,0,0,,0
00-0024394,Lawrence Vickers,FB,2008,17,REG,2008_17_CLE_PIT,CLE,PIT,0,0,0,0,0,0,0,1,2,0,1,0,0,0,0,0,0,0,0,0,,0,0,0,0,0,0,0,0,0,0,0,,0
00-0024408,Bruce Gradkowski,QB,2008,17,REG,2008_17_CLE_PIT,CLE,PIT,5,16,18,0,2,3,-6,1,2,0,0,0,0,0,0,0,0,0,0,0,,0,0,0,0,0,0,0,0,0,0,0,,0
00-0024417,Sam Koch,P,2008,17,REG,2008_17_JAX_BAL,BAL,JAX,0,0,0,0,0,0,0,0,0,0,0,0,0,0,0,0,0,0,0,0,,0,0,0,0,0,0,0,0,4,153,102,44,1
00-0024453,Ryan Plackemeier,P,2008,17,REG,2008_17_WAS_SF,WAS,SF,0,0,0,0,0,0,0,0,0,0,0,0,0,0,0,0,0,0,0,0,,0,0,0,0,0,0,0,0,5,228,165,51,1
00-0024460,Quinton Ganther,RB,2008,17,REG,2008_17_TEN_IND,TEN,IND,0,0,0,0,0,0,0,4,27,0,1,0,3,0,3,0,0,0,0,0,,0,0,0,0,0,0,0,0,0,0,0,,0
00-0024465,David Anderson,WR,2008,17,REG,2008_17_CHI_HOU,HOU,CHI,0,0,0,0,0,0,0,0,0,0,0,0,1,0,9,0,0,0,0,0,,0,0,0,0,0,0,0,0,0,0,0,,0
00-0024466,Marques Colston,WR,2008,17,REG,2008_17_CAR_NO,NO,CAR,0,0,0,0,0,0,0,0,0,0,0,0,7,0,123,1,6,0,0,0,,0,0,0,0,0,0,0,0,0,0,0,,0
00-0024489,Ahmard Hall,FB,2008,17,REG,2008_17_TEN_IND,TEN,IND,0,0,0,0,0,0,0,1,3,0,1,0,2,0,11,0,1,0,0,0,,0,0,0,0,0,0,0,0,0,0,0,,0
00-0024515,Sav Rocca,P,2008,17,REG,2008_17_DAL_PHI,PHI,DAL,0,0,0,0,0,0,0,0,0,0,0,0,0,0,0,0,0,0,0,0,,0,0,0,0,0,0,0,0,3,128,124,50,0
00-0024529,Gijon Robinson,TE,2008,17,REG,2008_17_TEN_IND,IND,TEN,0,0,0,0,0,0,0,0,0,0,0,0,1,0,6,0,0,0,0,0,,0,0,0,0,0,0,0,0,0,0,0,,0
00-0024559,D.J. Ware,RB,2008,17,REG,2008_17_NYG_MIN,NYG,MIN,0,0,0,0,0,0,0,2,15,0,1,0,0,0,0,0,0,0,0,0,,0,0,0,0,0,0,0,0,0,0,0,,0
00-0024681,Brandon London,WR,2008,17,REG,2008_17_MIA_NYJ,MIA,NYJ,0,0,0,0,0,0,0,0,0,0,0,0,1,0,10,0,1,0,0,0,,0,0,0,0,0,0,0,0,0,0,0,,0
00-0024714,Edgar Jones,DE,2008,17,REG,2008_17_JAX_BAL,BAL,JAX,0,0,0,0,0,0,0,0,0,0,0,0,1,0,25,0,1,0,0,0,,0,0,0,0,0,0,0,0,0,0,0,,0
00-0024763,Charles Ali,RB,2008,17,REG,2008_17_CLE_PIT,CLE,PIT,0,0,0,0,0,0,0,0,0,0,0,0,1,0,2,0,0,0,0,0,,0,0,0,0,0,0,0,0,0,0,0,,0
00-0024846,Gary Russell,RB,2008,17,REG,2008_17_CLE_PIT,PIT,CLE,0,0,0,0,0,0,0,4,21,1,3,0,0,0,0,0,0,0,0,0,,0,0,0,0,0,0,0,0,0,0,0,,0
00-0025388,JaMarcus Russell,QB,2008,17,REG,2008_17_OAK_TB,LV,TB,14,21,148,2,1,1,-3,1,2,0,1,0,0,0,0,0,0,0,0,0,,0,0,0,0,0,0,0,0,0,0,0,,0
00-0025389,Calvin Johnson,WR,2008,17,REG,2008_17_DET_GB,DET,GB,0,0,0,0,0,0,0,0,0,0,0,0,9,0,102,2,8,0,0,0,,0,0,0,0,0,0,0,0,0,0,0,,0
00-0025394,Adrian Peterson,RB,2008,17,REG,2008_17_NYG_MIN,MIN,NYG,0,0,0,0,0,0,0,21,103,1,3,0,0,0,0,0,0,0,0,0,,0,0,0,0,0,0,0,0,0,0,0,,0
00-0025396,Ted Ginn,WR,2008,17,REG,2008_17_MIA_NYJ,MIA,NYJ,0,0,0,0,0,0,0,0,0,0,0,0,2,0,71,1,2,0,0,0,,0,0,0,0,0,0,0,0,0,0,0,,0
00-0025401,Darrelle Revis,DB,2008,17,REG,2008_17_MIA_NYJ,NYJ,MIA,0,0,0,0,0,0,0,0,0,0,0,0,0,0,-1,0,0,0,0,0,,0,0,0,0,0,0,0,0,0,0,0,,0
00-0025410,Dwayne Bowe,WR,2008,17,REG,2008_17_KC_CIN,KC,CIN,0,0,0,0,0,0,0,0,0,0,0,0,10,0,103,0,5,0,0,0,,0,0,0,0,0,0,0,0,0,0,0,,0
00-0025414,Robert Meachem,WR,2008,17,REG,2008_17_CAR_NO,NO,CAR,0,0,0,0,0,0,0,0,0,0,0,0,3,0,36,1,2,0,0,0,,0,0,0,0,0,0,0,0,0,0,0,,0
00-0025418,Greg Olsen,TE,2008,17,REG,2008_17_CHI_HOU,CHI,HOU,0,0,0,0,0,0,0,0,0,0,0,0,4,0,30,1,3,0,0,0,,0,0,0,0,0,0,0,0,0,0,0,,0
00-0025419,Anthony Gonzalez,WR,2008,17,REG,2008_17_TEN_IND,IND,TEN,0,0,0,0,0,0,0,0,0,0,0,0,1,0,12,0,0,0,0,0,,0,0,0,0,0,0,0,0,0,0,0,,0
00-0025423,Kevin Kolb,QB,2008,17,REG,2008_17_DAL_PHI,PHI,DAL,0,0,0,0,0,0,0,2,-2,0,0,0,0,0,0,0,0,0,0,0,,0,0,0,0,0,0,0,0,0,0,0,,0
00-0025425,Zach Miller,TE,2008,17,REG,2008_17_OAK_TB,LV,TB,0,0,0,0,0,0,0,0,0,0,0,0,2,0,34,0,2,0,0,0,,0,0,0,0,0,0,0,0,0,0,0,,0
00-0025431,Sidney Rice,WR,2008,17,REG,2008_17_NYG_MIN,MIN,NYG,0,0,0,0,0,0,0,0,0,0,0,0,1,0,9,0,0,0,0,0,,0,0,0,0,0,0,0,0,0,0,0,,0
00-0025437,Chris Henry,RB,2008,17,REG,2008_17_TEN_IND,TEN,IND,0,0,0,0,0,0,0,1,3,0,0,0,0,0,0,0,0,0,0,0,,0,0,0,0,0,0,0,0,0,0,0,,0
00-0025438,Steve Smith,WR,2008,17,REG,2008_17_NYG_MIN,NYG,MIN,0,0,0,0,0,0,0,0,0,0,0,0,2,0,20,0,1,0,0,0,,0,0,0,0,0,0,0,0,0,0,0,,0
00-0025463,Jason Hill,WR,2008,17,REG,2008_17_WAS_SF,SF,WAS,0,0,0,0,0,0,0,1,9,0,1,0,4,0,28,1,1,0,0,0,,0,0,0,0,0,0,0,0,0,0,0,,0
00-0025465,James Jones,WR,2008,17,REG,2008_17_DET_GB,GB,DET,0,0,0,0,0,0,0,0,0,0,0,0,2,0,14,0,2,0,0,0,,0,0,0,0,0,0,0,0,0,0,0,,0
00-0025466,Mike Sims-Walker,WR,2008,17,REG,2008_17_JAX_BAL,JAX,BAL,0,0,0,0,0,0,0,0,0,0,0,0,1,0,23,0,1,0,0,0,,0,0,0,0,0,0,0,0,0,0,0,,0
00-0025467,Paul Williams,WR,2008,17,REG,2008_17_TEN_IND,TEN,IND,0,0,0,0,0,0,0,0,0,0,0,0,1,0,7,0,1,0,0,0,,0,0,0,0,0,0,0,0,0,0,0,,0
00-0025479,Trent Edwards,QB,2008,17,REG,2008_17_NE_BUF,BUF,NE,14,25,128,0,0,2,-13,4,20,0,1,0,0,0,0,0,0,0,0,0,,0,0,0,0,0,0,0,0,0,0,0,,0
00-0025486,Johnnie Lee Higgins,WR,2008,17,REG,2008_17_OAK_TB,LV,TB,0,0,0,0,0,0,0,0,0,0,0,0,6,0,52,1,3,0,0,0,,0,0,0,0,0,0,0,0,0,0,0,,0
00-0025487,Michael Bush,RB,2008,17,REG,2008_17_OAK_TB,LV,TB,0,0,0,0,0,0,0,27,177,2,6,0,1,0,6,0,0,0,0,0,,0,0,0,0,0,0,0,0,0,0,0,,0
00-0025494,Antonio Pittman,RB,2008,17,REG,2008_17_STL_ATL,LA,ATL,0,0,0,0,0,0,0,2,12,0,1,0,0,0,0,0,0,0,0,0,,0,0,0,0,0,0,0,0,0,0,0,,0
00-0025524,Le'Ron McClain,FB,2008,17,REG,2008_17_JAX_BAL,BAL,JAX,0,0,0,0,0,0,0,25,70,2,4,0,0,0,0,0,0,0,0,0,,0,0,0,0,0,0,0,0,0,0,0,,0
00-0025529,Steve Breaston,WR,2008,17,REG,2008_17_SEA_ARI,ARI,SEA,0,0,0,0,0,0,0,0,0,0,0,0,5,0,91,1,3,0,0,0,,0,0,0,0,0,0,0,0,0,0,0,,0
00-0025549,Brent Celek,TE,2008,17,REG,2008_17_DAL_PHI,PHI,DAL,0,0,0,0,0,0,0,0,0,0,0,0,3,0,30,1,3,0,0,0,,0,0,0,0,0,0,0,0,0,0,0,,0
00-0025556,Roy Hall,WR,2008,17,REG,2008_17_TEN_IND,IND,TEN,0,0,0,0,0,0,0,0,0,0,0,0,1,0,9,0,1,0,0,0,,0,0,0,0,0,0,0,0,0,0,0,,0
00-0025559,Legedu Naanee,WR,2008,17,REG,2008_17_DEN_SD,LAC,DEN,0,0,0,0,0,0,0,0,0,0,0,0,1,0,8,0,1,0,0,0,,0,0,0,0,0,0,0,0,0,0,0,,0
00-0025561,Troy Smith,QB,2008,17,REG,2008_17_JAX_BAL,BAL,JAX,1,2,25,0,0,1,-1,0,0,0,0,0,1,0,36,0,1,0,0,0,,0,0,0,0,0,0,0,0,0,0,0,,0
00-0025565,Nick Folk,K,2008,17,REG,2008_17_DAL_PHI,DAL,PHI,0,0,0,0,0,0,0,0,0,0,0,0,0,0,0,0,0,0,2,2,42,0,0,1,1,0,0,0,0,0,0,0,,0
00-0025580,Mason Crosby,K,2008,17,REG,2008_17_DET_GB,GB,DET,0,0,0,0,0,0,0,0,0,0,0,0,0,0,0,0,0,0,1,2,36,0,0,1,0,0,0,4,4,0,0,0,,0
00-0025602,Ben Patrick,TE,2008,17,REG,2008_17_SEA_ARI,ARI,SEA,0,0,0,0,0,0,0,0,0,0,0,0,1,1,17,0,1,0,0,0,,0,0,0,0,0,0,0,0,0,0,0,,0
00-0025604,Tyler Thigpen,QB,2008,17,REG,2008_17_KC_CIN,KC,CIN,19,36,191,1,0,1,-2,2,4,0,0,1,0,0,0,0,0,0,0,0,,0,0,0,0,0,0,0,0,0,0,0,,0
00-0025609,Derek Schouman,TE,2008,17,REG,2008_17_NE_BUF,BUF,NE,0,0,0,0,0,0,0,0,0,0,0,0,2,0,6,0,0,0,0,0,,0,0,0,0,0,0,0,0,0,0,0,,0
00-0025612,Brandon Fields,P,2008,17,REG,2008_17_MIA_NYJ,MIA,NYJ,0,0,0,0,0,0,0,1,0,0,0,0,0,0,0,0,0,0,0,0,,0,0,0,0,0,0,0,0,5,218,178,65,2
00-0025615,DeShawn Wynn,RB,2008,17,REG,2008_17_DET_GB,GB,DET,0,0,0,0,0,0,0,7,106,1,2,0,1,0,16,0,1,0,0,0,,0,0,0,0,0,0,0,0,0,0,0,,0
00-0025622,Chansi Stuckey,WR,2008,17,REG,2008_17_MIA_NYJ,NYJ,MIA,0,0,0,0,0,0,0,0,0,0,0,0,4,0,50,0,2,0,0,0,,0,0,0,0,0,0,0,0,0,0,0,,0
00-0025633,Kenneth Darby,RB,2008,17,REG,2008_17_STL_ATL,LA,ATL,0,0,0,0,0,0,0,3,20,0,2,0,2,0,9,0,0,0,0,0,,0,0,0,0,0,0,0,0,0,0,0,,0
00-0025637,Ahmad Bradshaw,RB,2008,17,REG,2008_17_NYG_MIN,NYG,MIN,0,0,0,0,0,0,0,10,28,0,1,0,1,0,-2,0,0,0,0,0,,0,0,0,0,0,0,0,0,0,0,0,,0
00-0025672,Tim Castille,FB,2008,17,REG,2008_17_SEA_ARI,ARI,SEA,0,0,0,0,0,0,0,0,0,0,0,0,1,0,5,0,0,0,0,0,,0,0,0,0,0,0,0,0,0,0,0,,0
00-0025728,Sam Paulescu,P,2008,17,REG,2008_17_DAL_PHI,DAL,PHI,0,0,0,0,0,0,0,0,0,0,0,0,0,0,0,0,0,0,0,0,,0,0,0,0,0,0,0,0,6,254,230,47,1
00-0025786,Jeremy Kapinos,P,2008,17,REG,2008_17_DET_GB,GB,DET,0,0,0,0,0,0,0,0,0,0,0,0,0,0,0,0,0,0,0,0,,0,0,0,0,0,0,0,0,3,113,113,55,2
00-0025824,Garrett Hartley,K,2008,17,REG,2008_17_CAR_NO,NO,CAR,0,0,0,0,0,0,0,0,0,0,0,0,0,0,0,0,0,0,1,1,21,0,1,0,0,0,0,4,4,0,0,0,,0
00-0025825,Brett Kern,P,2008,17,REG,2008_17_DEN_SD,DEN,LAC,0,0,0,0,0,0,0,0,0,0,0,0,0,0,0,0,0,0,0,0,,0,0,0,0,0,0,0,0,2,84,68,46,0
00-0025913,James Johnson,RB,2008,17,REG,2008_17_KC_CIN,CIN,KC,0,0,0,0,0,0,0,3,15,0,1,0,3,0,20,0,1,0,0,0,,0,0,0,0,0,0,0,0,0,0,0,,0
00-0026000,Davone Bess,WR,2008,17,REG,2008_17_MIA_NYJ,MIA,NYJ,0,0,0,0,0,0,0,0,0,0,0,0,6,0,39,0,1,0,0,0,,0,0,0,0,0,0,0,0,0,0,0,,0
00-0026003,Dan Carpenter,K,2008,17,REG,2008_17_MIA_NYJ,MIA,NYJ,0,0,0,0,0,0,0,0,0,0,0,0,0,0,0,0,0,0,1,1,48,0,0,0,1,0,0,3,3,0,0,0,,0
00-0026026,Joey Haynos,TE,2008,17,REG,2008_17_MIA_NYJ,MIA,NYJ,0,0,0,0,0,0,0,0,0,0,0,0,1,0,3,0,0,0,0,0,,0,0,0,0,0,0,0,0,0,0,0,,0
00-0026143,Matt Ryan,QB,2008,17,REG,2008_17_STL_ATL,ATL,LA,10,21,160,1,2,1,-6,4,-1,0,1,0,0,0,0,0,0,0,0,0,,0,0,0,0,0,0,0,0,0,0,0,,0
00-0026144,Darren McFadden,RB,2008,17,REG,2008_17_OAK_TB,LV,TB,0,0,0,0,0,0,0,1,2,0,0,0,2,0,10,0,0,0,0,0,,0,0,0,0,0,0,0,0,0,0,0,,0
00-0026153,Jonathan Stewart,RB,2008,17,REG,2008_17_CAR_NO,CAR,NO,0,0,0,0,0,0,0,17,56,1,3,0,0,0,0,0,0,0,0,0,,0,0,0,0,0,0,0,0,0,0,0,,0
00-0026158,Joe Flacco,QB,2008,17,REG,2008_17_JAX_BAL,BAL,JAX,17,23,297,0,0,2,-17,0,0,0,0,0,0,0,0,0,0,0,0,0,,0,0,0,0,0,0,0,0,0,0,0,,0
00-0026170,Dustin Keller,TE,2008,17,REG,2008_17_MIA_NYJ,NYJ,MIA,0,0,0,0,0,0,0,0,0,0,0,0,2,1,24,0,2,0,0,0,,0,0,0,0,0,0,0,0,0,0,0,,0
00-0026173,Donnie Avery,WR,2008,17,REG,2008_17_STL_ATL,LA,ATL,0,0,0,0,0,0,0,0,0,0,0,0,5,0,40,1,3,0,0,0,,0,0,0,0,0,0,0,0,0,0,0,,0
00-0026176,Jordy Nelson,WR,2008,17,REG,2008_17_DET_GB,GB,DET,0,0,0,0,0,0,0,0,0,0,0,0,1,0,9,0,0,0,0,0,,0,0,0,0,0,0,0,0,0,0,0,,0
00-0026178,John Carlson,TE,2008,17,REG,2008_17_SEA_ARI,SEA,ARI,0,0,0,0,0,0,0,0,0,0,0,0,2,0,14,0,1,0,0,0,,0,0,0,0,0,0,0,0,0,0,0,,0
00-0026182,Eddie Royal,WR,2008,17,REG,2008_17_DEN_SD,DEN,LAC,0,0,0,0,0,0,0,0,0,0,0,0,11,0,76,0,4,0,0,0,,0,0,0,0,0,0,0,0,0,0,0,,0
00-0026184,Matt Forte,RB,2008,17,REG,2008_17_CHI_HOU,CHI,HOU,0,0,0,0,0,0,0,13,50,0,3,0,3,0,25,0,1,0,0,0,,0,0,0,0,0,0,0,0,0,0,0,,0
00-0026189,DeSean Jackson,WR,2008,17,REG,2008_17_DAL_PHI,PHI,DAL,0,0,0,0,0,0,0,0,0,0,0,0,2,0,46,0,2,0,0,0,,0,0,0,0,0,0,0,0,0,0,0,,0
00-0026201,Martellus Bennett,TE,2008,17,REG,2008_17_DAL_PHI,DAL,PHI,0,0,0,0,0,0,0,0,0,0,0,0,2,0,14,0,0,0,0,0,,0,0,0,0,0,0,0,0,0,0,0,,0
00-0026204,Kevin Smith,RB,2008,17,REG,2008_17_DET_GB,DET,GB,0,0,0,0,0,0,0,28,92,1,4,0,3,0,7,0,1,0,0,0,,0,0,0,0,0,0,0,0,0,0,0,,0
00-0026209,Jacob Hester,RB,2008,17,REG,2008_17_DEN_SD,LAC,DEN,0,0,0,0,0,0,0,8,37,1,3,0,2,0,19,0,1,0,0,0,,0,0,0,0,0,0,0,0,0,0,0,,0
00-0026213,Jamaal Charles,RB,2008,17,REG,2008_17_KC_CIN,KC,CIN,0,0,0,0,0,0,0,3,9,0,0,0,0,0,0,0,0,0,0,0,,0,0,0,0,0,0,0,0,0,0,0,,0
00-0026221,Early Doucet,WR,2008,17,REG,2008_17_SEA_ARI,ARI,SEA,0,0,0,0,0,0,0,0,0,0,0,0,4,0,29,0,2,0,0,0,,0,0,0,0,0,0,0,0,0,0,0,,0
00-0026224,Harry Douglas,WR,2008,17,REG,2008_17_STL_ATL,ATL,LA,0,0,0,0,0,0,0,0,0,0,0,0,1,0,6,0,0,0,0,0,,0,0,0,0,0,0,0,0,0,0,0,,0
00-0026225,Craig Stevens,TE,2008,17,REG,2008_17_TEN_IND,TEN,IND,0,0,0,0,0,0,0,0,0,0,0,0,1,0,9,0,0,0,0,0,,0,0,0,0,0,0,0,0,0,0,0,,0
00-0026229,Steve Slaton,RB,2008,17,REG,2008_17_CHI_HOU,HOU,CHI,0,0,0,0,0,0,0,20,92,1,5,0,5,0,36,0,2,1,0,0,,0,0,0,0,0,0,0,0,0,0,0,,0
00-0026231,Jermichael Finley,TE,2008,17,REG,2008_17_DET_GB,GB,DET,0,0,0,0,0,0,0,0,0,0,0,0,2,0,29,1,2,0,0,0,,0,0,0,0,0,0,0,0,0,0,0,,0
00-0026235,Mario Manningham,WR,2008,17,REG,2008_17_NYG_MIN,NYG,MIN,0,0,0,0,0,0,0,0,0,0,0,0,2,0,21,0,2,0,0,0,,0,0,0,0,0,0,0,0,0,0,0,,0
00-0026237,Andre Caldwell,WR,2008,17,REG,2008_17_KC_CIN,CIN,KC,0,0,0,0,0,0,0,4,49,0,2,0,5,0,34,0,2,0,0,0,,0,0,0,0,0,0,0,0,0,0,0,,0
00-0026251,Martin Rucker,TE,2008,17,REG,2008_17_CLE_PIT,CLE,PIT,0,0,0,0,0,0,0,0,0,0,0,0,1,0,8,0,1,0,0,0,,0,0,0,0,0,0,0,0,0,0,0,,0
00-0026262,Tashard Choice,RB,2008,17,REG,2008_17_DAL_PHI,DAL,PHI,0,0,0,0,0,0,0,13,56,0,5,0,1,0,8,0,0,0,0,0,,0,0,0,0,0,0,0,0,0,0,0,,0
00-0026267,Jacob Tamme,TE,2008,17,REG,2008_17_TEN_IND,IND,TEN,0,0,0,0,0,0,0,0,0,0,0,0,2,0,6,0,0,0,0,0,,0,0,0,0,0,0,0,0,0,0,0,,0
00-0026268,Keenan Burton,WR,2008,17,REG,2008_17_STL_ATL,LA,ATL,0,0,0,0,0,0,0,1,5,0,0,0,1,0,8,0,0,0,0,0,,0,0,0,0,0,0,0,0,0,0,0,,0
00-0026272,Derek Fine,TE,2008,17,REG,2008_17_NE_BUF,BUF,NE,0,0,0,0,0,0,0,0,0,0,0,0,2,0,8,0,0,0,0,0,,0,0,0,0,0,0,0,0,0,0,0,,0
00-0026286,Jerome Felton,FB,2008,17,REG,2008_17_DET_GB,DET,GB,0,0,0,0,0,0,0,1,4,0,0,0,2,0,5,0,0,0,0,0,,0,0,0,0,0,0,0,0,0,0,0,,0
00-0026289,Tim Hightower,RB,2008,17,REG,2008_17_SEA_ARI,ARI,SEA,0,0,0,0,0,0,0,3,3,0,0,0,0,0,0,0,0,0,0,0,,0,0,0,0,0,0,0,0,0,0,0,,0
00-0026296,Dennis Dixon,QB,2008,17,REG,2008_17_CLE_PIT,PIT,CLE,1,1,3,0,0,0,0,2,-3,0,0,0,0,0,0,0,0,0,0,0,,0,0,0,0,0,0,0,0,0,0,0,,0
00-0026314,Josh Morgan,WR,2008,17,REG,2008_17_WAS_SF,SF,WAS,0,0,0,0,0,0,0,0,0,0,0,0,3,0,50,0,2,0,0,0,,0,0,0,0,0,0,0,0,0,0,0,,0
00-0026316,Jalen Parmele,RB,2008,17,REG,2008_17_JAX_BAL,BAL,JAX,0,0,0,0,0,0,0,2,27,0,1,0,0,0,0,0,0,0,0,0,,0,0,0,0,0,0,0,0,0,0,0,,0
00-0026319,Xavier Omon,RB,2008,17,REG,2008_17_NE_BUF,BUF,NE,0,0,0,0,0,0,0,4,5,0,1,0,0,0,0,0,0,0,0,0,,0,0,0,0,0,0,0,0,0,0,0,,0
00-0026345,Pierre Garcon,WR,2008,17,REG,2008_17_TEN_IND,IND,TEN,0,0,0,0,0,0,0,0,0,0,0,0,3,0,21,0,2,0,0,0,,0,0,0,0,0,0,0,0,0,0,0,,0
00-0026366,Chaz Schilens,WR,2008,17,REG,2008_17_OAK_TB,LV,TB,0,0,0,0,0,0,0,0,0,0,0,0,3,0,46,1,3,0,0,0,,0,0,0,0,0,0,0,0,0,0,0,,0
00-0026432,Lance Ball,RB,2008,17,REG,2008_17_TEN_IND,IND,TEN,0,0,0,0,0,0,0,13,83,0,5,0,1,0,5,0,0,0,0,0,,0,0,0,0,0,0,0,0,0,0,0,,0
00-0000108,David Akers,K,2008,18,POST,2008_18_PHI_MIN,PHI,MIN,0,0,0,0,0,0,0,0,0,0,0,0,0,0,0,0,0,0,4,4,51,0,0,1,2,1,0,2,2,0,0,0,,0
00-0004811,Jason Elam,K,2008,18,POST,2008_18_ATL_ARI,ATL,ARI,0,0,0,0,0,0,0,0,0,0,0,0,0,0,0,0,0,0,1,1,30,0,0,1,0,0,0,3,3,0,0,0,,0
00-0005231,Brian Finneran,WR,2008,18,POST,2008_18_ATL_ARI,ATL,ARI,0,0,0,0,0,0,0,0,0,0,0,0,2,0,11,0,1,0,0,0,,0,0,0,0,0,0,0,0,0,0,0,,0
00-0007024,Marvin Harrison,WR,2008,18,POST,2008_18_IND_SD,IND,LAC,0,0,0,0,0,0,0,0,0,0,0,0,3,0,20,0,0,0,0,0,,0,0,0,0,0,0,0,0,0,0,0,,0
00-0008241,Edgerrin James,RB,2008,18,POST,2008_18_ATL_ARI,ARI,ATL,0,0,0,0,0,0,0,16,73,0,3,0,1,0,9,0,1,0,0,0,,0,0,0,0,0,0,0,0,0,0,0,,0
00-0009323,Jimmy Kleinsasser,TE,2008,18,POST,2008_18_PHI_MIN,MIN,PHI,0,0,0,0,0,0,0,0,0,0,0,0,2,0,34,0,2,0,0,0,,0,0,0,0,0,0,0,0,0,0,0,,0
00-0010072,Ryan Longwell,K,2008,18,POST,2008_18_PHI_MIN,MIN,PHI,0,0,0,0,0,0,0,0,0,0,0,0,0,0,0,0,0,0,0,0,,0,0,0,0,0,0,2,2,0,0,0,,0
00-0010346,Peyton Manning,QB,2008,18,POST,2008_18_IND_SD,IND,LAC,25,42,310,1,0,1,-8,1,-1,0,0,0,0,0,0,0,0,0,0,0,,0,0,0,0,0,0,0,0,0,0,0,,0
00-0010500,Derrick Mason,WR,2008,18,POST,2008_18_BAL_MIA,BAL,MIA,0,0,0,0,0,0,0,0,0,0,0,0,4,0,71,0,4,0,0,0,,0,0,0,0,0,0,0,0,0,0,0,,0
00-0011022,Donovan McNabb,QB,2008,18,POST,2008_18_PHI_MIN,PHI,MIN,23,34,300,1,1,3,-17,0,0,0,0,0,0,0,0,0,0,0,0,0,,0,0,0,0,0,0,0,0,0,0,0,,0
00-0011958,Lorenzo Neal,FB,2008,18,POST,2008_18_BAL_MIA,BAL,MIA,0,0,0,0,0,0,0,1,4,0,1,0,1,0,8,0,1,0,0,0,,0,0,0,0,0,0,0,0,0,0,0,,0
00-0013080,Marcus Pollard,TE,2008,18,POST,2008_18_ATL_ARI,ATL,ARI,0,0,0,0,0,0,0,0,0,0,0,0,2,0,7,0,0,0,0,0,,0,0,0,0,0,0,0,0,0,0,0,,0
00-0015194,Hunter Smith,P,2008,18,POST,2008_18_IND_SD,IND,LAC,0,0,0,0,0,0,0,0,0,0,0,0,0,0,0,0,0,0,0,0,,0,0,0,0,0,0,0,0,6,281,189,63,0
00-0015784,Matt Stover,K,2008,18,POST,2008_18_BAL_MIA,BAL,MIA,0,0,0,0,0,0,0,0,0,0,0,0,0,0,0,0,0,0,2,2,31,0,1,1,0,0,0,3,3,0,0,0,,0
00-0016919,Adam Vinatieri,K,2008,18,POST,2008_18_IND_SD,IND,LAC,0,0,0,0,0,0,0,0,0,0,0,0,0,0,0,0,0,0,1,1,43,0,0,0,1,0,0,2,2,0,0,0,,0
00-0017200,Kurt Warner,QB,2008,18,POST,2008_18_ATL_ARI,ARI,ATL,19,32,271,2,1,0,0,4,0,0,1,0,0,0,0,0,0,0,0,0,,0,0,0,0,0,0,0,0,0,0,0,,0
00-0017915,Ricky Williams,RB,2008,18,POST,2008_18_BAL_MIA,MIA,BAL,0,0,0,0,0,0,0,4,17,0,2,0,1,0,8,0,0,0,0,0,,0,0,0,0,0,0,0,0,0,0,0,,0
00-0019559,Chad Pennington,QB,2008,18,POST,2008_18_BAL_MIA,MIA,BAL,25,38,252,1,4,3,-28,1,0,0,0,0,0,0,0,0,0,0,0,0,,0,0,0,0,0,0,0,0,0,0,0,,0
00-0019587,Terrelle Smith,FB,2008,18,POST,2008_18_ATL_ARI,ARI,ATL,0,0,0,0,0,0,0,0,0,0,0,0,1,0,4,0,0,0,0,0,,0,0,0,0,0,0,0,0,0,0,0,,0
00-0019676,Neil Rackers,K,2008,18,POST,2008_18_ATL_ARI,ARI,ATL,0,0,0,0,0,0,0,0,0,0,0,0,0,0,0,0,0,0,0,1,,0,0,0,0,0,0,4,4,0,0,0,,0
00-0019863,Dominic Rhodes,RB,2008,18,POST,2008_18_IND_SD,IND,LAC,0,0,0,0,0,0,0,4,12,0,1,0,0,0,0,0,0,0,0,0,,0,0,0,0,0,0,0,0,0,0,0,,0
00-0020270,Correll Buckhalter,RB,2008,18,POST,2008_18_PHI_MIN,PHI,MIN,0,0,0,0,0,0,0,2,27,0,1,0,0,0,0,0,0,0,0,0,,0,0,0,0,0,0,0,0,0,0,0,,0
00-0020332,David Martin,TE,2008,18,POST,2008_18_BAL_MIA,MIA,BAL,0,0,0,0,0,0,0,0,0,0,0,0,3,0,16,0,1,0,0,0,,0,0,0,0,0,0,0,0,0,0,0,,0
00-0020446,Chris Chambers,WR,2008,18,POST,2008_18_IND_SD,LAC,IND,0,0,0,0,0,0,0,0,0,0,0,0,4,0,57,0,4,0,0,0,,0,0,0,0,0,0,0,0,0,0,0,,0
00-0020498,Reggie Wayne,WR,2008,18,POST,2008_18_IND_SD,IND,LAC,0,0,0,0,0,0,0,0,0,0,0,0,4,0,129,1,4,0,0,0,,0,0,0,0,0,0,0,0,0,0,0,,0
00-0020514,Michael Bennett,RB,2008,18,POST,2008_18_IND_SD,LAC,IND,0,0,0,0,0,0,0,4,24,0,1,0,1,0,7,0,1,0,0,0,,0,0,0,0,0,0,0,0,0,0,0,,0
00-0020516,Todd Heap,TE,2008,18,POST,2008_18_BAL_MIA,BAL,MIA,0,0,0,0,0,0,0,0,0,0,0,0,1,0,31,0,1,0,0,0,,0,0,0,0,0,0,0,0,0,0,0,,0
00-0020536,LaDainian Tomlinson,RB,2008,18,POST,2008_18_IND_SD,LAC,IND,0,0,0,0,0,0,0,5,25,1,3,0,0,0,0,0,0,0,0,0,,0,0,0,0,0,0,0,0,0,0,0,,0
00-0021084,Matt Schobel,TE,2008,18,POST,2008_18_PHI_MIN,PHI,MIN,0,0,0,0,0,0,0,0,0,0,0,0,1,0,7,0,0,0,0,0,,0,0,0,0,0,0,0,0,0,0,0,,0
00-0021216,Brian Westbrook,RB,2008,18,POST,2008_18_PHI_MIN,PHI,MIN,0,0,0,0,0,0,0,20,38,0,1,0,3,0,83,1,2,0,0,0,,0,0,0,0,0,0,0,0,0,0,0,,0
00-0021227,Justin Peelle,TE,2008,18,POST,2008_18_ATL_ARI,ATL,ARI,0,0,0,0,0,0,0,0,0,0,0,0,3,0,11,1,1,0,0,0,,0,0,0,0,0,0,0,0,0,0,0,,0
00-0021314,Chester Taylor,RB,2008,18,POST,2008_18_PHI_MIN,MIN,PHI,0,0,0,0,0,0,0,12,48,0,2,0,5,0,36,0,1,0,0,0,,0,0,0,0,0,0,0,0,0,0,0,,0
00-0021547,Antonio Gates,TE,2008,18,POST,2008_18_IND_SD,LAC,IND,0,0,0,0,0,0,0,0,0,0,0,0,8,0,87,0,4,0,0,0,,0,0,0,0,0,0,0,0,0,0,0,,0
00-0021647,Jerheme Urban,WR,2008,18,POST,2008_18_ATL_ARI,ARI,ATL,0,0,0,0,0,0,0,0,0,0,0,0,2,0,7,0,0,0,0,0,,0,0,0,0,0,0,0,0,0,0,0,,0
00-0022001,Kevin Curtis,WR,2008,18,POST,2008_18_PHI_MIN,PHI,MIN,0,0,0,0,0,0,0,0,0,0,0,0,4,0,49,0,3,0,0,0,,0,0,0,0,0,0,0,0,0,0,0,,0
00-0022017,Mike Scifres,P,2008,18,POST,2008_18_IND_SD,LAC,IND,0,0,0,0,0,0,0,0,0,0,0,0,0,0,0,0,0,0,0,0,,0,0,0,0,0,0,0,0,6,316,310,67,6
00-0022054,Visanthe Shiancoe,TE,2008,18,POST,2008_18_PHI_MIN,MIN,PHI,0,0,0,0,0,0,0,0,0,0,0,0,1,0,7,0,0,0,0,0,,0,0,0,0,0,0,0,0,0,0,0,,0
00-0022084,Anquan Boldin,WR,2008,18,POST,2008_18_ATL_ARI,ARI,ATL,0,0,0,0,0,0,0,0,0,0,0,0,2,0,72,1,1,0,0,0,,0,0,0,0,0,0,0,0,0,0,0,,0
00-0022144,Bobby Wade,WR,2008,18,POST,2008_18_PHI_MIN,MIN,PHI,0,0,0,0,0,0,0,0,0,0,0,0,3,0,24,0,2,0,0,0,,0,0,0,0,0,0,0,0,0,0,0,,0
00-0022165,Dallas Clark,TE,2008,18,POST,2008_18_IND_SD,IND,LAC,0,0,0,0,0,0,0,1,9,0,1,0,7,0,33,0,2,0,0,0,,0,0,0,0,0,0,0,0,0,0,0,,0
00-0022178,Willis McGahee,RB,2008,18,POST,2008_18_BAL_MIA,BAL,MIA,0,0,0,0,0,0,0,7,62,0,1,0,1,0,9,0,0,0,0,0,,0,0,0,0,0,0,0,0,0,0,0,,0
00-0022405,Lousaka Polite,FB,2008,18,POST,2008_18_BAL_MIA,MIA,BAL,0,0,0,0,0,0,0,3,15,0,3,0,0,0,0,0,0,0,0,0,,0,0,0,0,0,0,0,0,0,0,0,,0
00-0022737,Nate Kaeding,K,2008,18,POST,2008_18_IND_SD,LAC,IND,0,0,0,0,0,0,0,0,0,0,0,0,0,0,0,0,0,0,1,1,26,0,1,0,0,0,0,2,2,0,0,0,,0
00-0022781,Michael Jenkins,WR,2008,18,POST,2008_18_ATL_ARI,ATL,ARI,0,0,0,0,0,0,0,0,0,0,0,0,5,0,51,0,2,0,0,0,,0,0,0,0,0,0,0,0,0,0,0,,0
00-0022807,Bernard Berrian,WR,2008,18,POST,2008_18_PHI_MIN,MIN,PHI,0,0,0,0,0,0,0,0,0,0,0,0,2,0,36,0,2,0,0,0,,0,0,0,0,0,0,0,0,0,0,0,,0
00-0022821,Michael Turner,RB,2008,18,POST,2008_18_ATL_ARI,ATL,ARI,0,0,0,0,0,0,0,18,42,1,4,0,1,0,7,0,0,0,0,0,,0,0,0,0,0,0,0,0,0,0,0,,0
00-0022921,Larry Fitzgerald,WR,2008,18,POST,2008_18_ATL_ARI,ARI,ATL,0,0,0,0,0,0,0,0,0,0,0,0,6,0,101,1,3,0,0,0,,0,0,0,0,0,0,0,0,0,0,0,,0
00-0022942,Philip Rivers,QB,2008,18,POST,2008_18_IND_SD,LAC,IND,20,36,217,0,1,4,-27,2,13,0,1,0,0,0,0,0,0,0,0,0,,0,0,0,0,0,0,0,0,0,0,0,,0
00-0022954,Ben Graham,P,2008,18,POST,2008_18_ATL_ARI,ARI,ATL,0,0,0,0,0,0,0,0,0,0,0,0,0,0,0,0,0,0,0,0,,0,0,0,0,0,0,0,0,6,239,208,49,4
00-0023060,Chris Kluwe,P,2008,18,POST,2008_18_PHI_MIN,MIN,PHI,0,0,0,0,0,0,0,0,0,0,0,0,0,0,0,0,0,0,0,0,,0,0,0,0,0,0,0,0,8,362,253,60,2
00-0023108,Stephen Spach,TE,2008,18,POST,2008_18_ATL_ARI,ARI,ATL,0,0,0,0,0,0,0,0,0,0,0,0,3,0,34,0,2,0,0,0,,0,0,0,0,0,0,0,0,0,0,0,,0
00-0023234,Michael Koenen,P,2008,18,POST,2008_18_ATL_ARI,ATL,ARI,0,0,0,0,0,0,0,0,0,0,0,0,0,0,0,0,0,0,0,0,,0,0,0,0,0,0,0,0,5,212,213,49,0
00-0023437,Ronnie Brown,RB,2008,18,POST,2008_18_BAL_MIA,MIA,BAL,0,0,0,0,0,0,0,12,19,0,0,0,6,0,43,1,2,0,0,0,,0,0,0,0,0,0,0,0,0,0,0,,0
00-0023457,Mark Clayton,WR,2008,18,POST,2008_18_BAL_MIA,BAL,MIA,0,0,0,0,0,0,0,0,0,0,0,0,2,0,16,0,1,0,0,0,,0,0,0,0,0,0,0,0,0,0,0,,0
00-0023462,Roddy White,WR,2008,18,POST,2008_18_ATL_ARI,ATL,ARI,0,0,0,0,0,0,0,0,0,0,0,0,11,0,84,1,9,0,0,0,,0,0,0,0,0,0,0,0,0,0,0,,0
00-0023470,Reggie Brown,WR,2008,18,POST,2008_18_PHI_MIN,PHI,MIN,0,0,0,0,0,0,0,0,0,0,0,0,2,0,17,0,0,0,0,0,,0,0,0,0,0,0,0,0,0,0,0,,0
00-0023479,J.J. Arrington,RB,2008,18,POST,2008_18_ATL_ARI,ARI,ATL,0,0,0,0,0,0,0,1,-2,0,0,0,1,0,-3,0,0,0,0,0,,0,0,0,0,0,0,0,0,0,0,0,,0
00-0023564,Darren Sproles,RB,2008,18,POST,2008_18_IND_SD,LAC,IND,0,0,0,0,0,0,0,22,105,2,6,0,5,0,45,0,2,1,0,0,,0,0,0,0,0,0,0,0,0,0,0,,0
00-0024013,Hank Baskett,WR,2008,18,POST,2008_18_PHI_MIN,PHI,MIN,0,0,0,0,0,0,0,0,0,0,0,0,1,0,7,0,0,0,0,0,,0,0,0,0,0,0,0,0,0,0,0,,0
00-0024172,Patrick Cobbs,RB,2008,18,POST,2008_18_BAL_MIA,MIA,BAL,0,0,0,0,0,0,0,1,1,0,0,1,4,0,55,0,2,0,0,0,,0,0,0,0,0,0,0,0,0,0,0,,0
00-0024245,Joseph Addai,RB,2008,18,POST,2008_18_IND_SD,IND,LAC,0,0,0,0,0,0,0,16,44,1,3,0,4,0,28,0,1,0,0,0,,0,0,0,0,0,0,0,0,0,0,0,,0
00-0024279,Tarvaris Jackson,QB,2008,18,POST,2008_18_PHI_MIN,MIN,PHI,15,35,164,0,1,1,-11,2,17,0,1,0,0,0,0,0,0,0,0,0,,0,0,0,0,0,0,0,0,0,0,0,,0
00-0024294,Jerious Norwood,RB,2008,18,POST,2008_18_ATL_ARI,ATL,ARI,0,0,0,0,0,0,0,2,12,0,1,0,1,0,28,0,1,0,0,0,,0,0,0,0,0,0,0,0,0,0,0,,0
00-0024324,Jason Avant,WR,2008,18,POST,2008_18_PHI_MIN,PHI,MIN,0,0,0,0,0,0,0,0,0,0,0,0,5,0,47,0,4,0,0,0,,0,0,0,0,0,0,0,0,0,0,0,,0
00-0024417,Sam Koch,P,2008,18,POST,2008_18_BAL_MIA,BAL,MIA,0,0,0,0,0,0,0,0,0,0,0,0,0,0,0,0,0,0,0,0,,0,0,0,0,0,0,0,0,5,217,187,52,2
00-0024515,Sav Rocca,P,2008,18,POST,2008_18_PHI_MIN,PHI,MIN,0,0,0,0,0,0,0,0,0,0,0,0,0,0,0,0,0,0,0,0,,0,0,0,0,0,0,0,0,4,177,176,58,4
00-0024529,Gijon Robinson,TE,2008,18,POST,2008_18_IND_SD,IND,LAC,0,0,0,0,0,0,0,0,0,0,0,0,1,0,3,0,0,0,0,0,,0,0,0,0,0,0,0,0,0,0,0,,0
00-0024681,Brandon London,WR,2008,18,POST,2008_18_BAL_MIA,MIA,BAL,0,0,0,0,0,0,0,0,0,0,0,0,4,0,38,0,2,0,0,0,,0,0,0,0,0,0,0,0,0,0,0,,0
00-0025394,Adrian Peterson,RB,2008,18,POST,2008_18_PHI_MIN,MIN,PHI,0,0,0,0,0,0,0,20,83,2,2,0,0,0,0,0,0,0,0,0,,0,0,0,0,0,0,0,0,0,0,0,,0
00-0025396,Ted Ginn,WR,2008,18,POST,2008_18_BAL_MIA,MIA,BAL,0,0,0,0,0,0,0,0,0,0,0,0,5,0,38,0,3,0,0,0,,0,0,0,0,0,0,0,0,0,0,0,,0
00-0025419,Anthony Gonzalez,WR,2008,18,POST,2008_18_IND_SD,IND,LAC,0,0,0,0,0,0,0,0,0,0,0,0,6,0,97,0,4,0,0,0,,0,0,0,0,0,0,0,0,0,0,0,,0
00-0025431,Sidney Rice,WR,2008,18,POST,2008_18_PHI_MIN,MIN,PHI,0,0,0,0,0,0,0,0,0,0,0,0,2,0,27,0,2,0,0,0,,0,0,0,0,0,0,0,0,0,0,0,,0
00-0025524,Le'Ron McClain,FB,2008,18,POST,2008_18_BAL_MIA,BAL,MIA,0,0,0,0,0,0,0,19,75,1,3,1,0,0,0,0,0,0,0,0,,0,0,0,0,0,0,0,0,0,0,0,,0
00-0025529,Steve Breaston,WR,2008,18,POST,2008_18_ATL_ARI,ARI,ATL,0,0,0,0,0,0,0,1,-8,0,0,0,2,0,39,0,2,0,0,0,,0,0,0,0,0,0,0,0,0,0,0,,0
00-0025549,Brent Celek,TE,2008,18,POST,2008_18_PHI_MIN,PHI,MIN,0,0,0,0,0,0,0,0,0,0,0,0,6,0,56,0,3,0,0,0,,0,0,0,0,0,0,0,0,0,0,0,,0
00-0025559,Legedu Naanee,WR,2008,18,POST,2008_18_IND_SD,LAC,IND,0,0,0,0,0,0,0,0,0,0,0,0,1,0,15,0,1,0,0,0,,0,0,0,0,0,0,0,0,0,0,0,,0
00-0025561,Troy Smith,QB,2008,18,POST,2008_18_BAL_MIA,BAL,MIA,0,0,0,0,0,0,0,1,2,0,0,0,0,0,0,0,0,0,0,0,,0,0,0,0,0,0,0,0,0,0,0,,0
00-0025602,Ben Patrick,TE,2008,18,POST,2008_18_ATL_ARI,ARI,ATL,0,0,0,0,0,0,0,0,0,0,0,0,1,0,8,0,0,0,0,0,,0,0,0,0,0,0,0,0,0,0,0,,0
00-0025612,Brandon Fields,P,2008,18,POST,2008_18_BAL_MIA,MIA,BAL,0,0,0,0,0,0,0,0,0,0,0,0,0,0,0,0,0,0,0,0,,0,0,0,0,0,0,0,0,3,132,111,56,1
00-0026000,Davone Bess,WR,2008,18,POST,2008_18_BAL_MIA,MIA,BAL,0,0,0,0,0,0,0,0,0,0,0,0,2,0,54,0,1,0,0,0,,0,0,0,0,0,0,0,0,0,0,0,,0
00-0026003,Dan Carpenter,K,2008,18,POST,2008_18_BAL_MIA,MIA,BAL,0,0,0,0,0,0,0,0,0,0,0,0,0,0,0,0,0,0,1,1,19,1,0,0,0,0,0,0,1,0,0,0,,0
00-0026143,Matt Ryan,QB,2008,18,POST,2008_18_ATL_ARI,ATL,ARI,26,40,199,2,2,3,-9,4,6,0,1,1,0,0,0,0,0,0,0,0,,0,0,0,0,0,0,0,0,0,0,0,,0
00-0026158,Joe Flacco,QB,2008,18,POST,2008_18_BAL_MIA,BAL,MIA,9,23,135,0,0,0,0,5,8,1,3,0,0,0,0,0,0,0,0,0,,0,0,0,0,0,0,0,0,0,0,0,,0
00-0026189,DeSean Jackson,WR,2008,18,POST,2008_18_PHI_MIN,PHI,MIN,0,0,0,0,0,0,0,1,2,0,0,0,1,0,34,0,1,0,0,0,,0,0,0,0,0,0,0,0,0,0,0,,0
00-0026209,Jacob Hester,RB,2008,18,POST,2008_18_IND_SD,LAC,IND,0,0,0,0,0,0,0,0,0,0,0,0,1,0,6,0,0,0,0,0,,0,0,0,0,0,0,0,0,0,0,0,,0
00-0026224,Harry Douglas,WR,2008,18,POST,2008_18_ATL_ARI,ATL,ARI,0,0,0,0,0,0,0,0,0,0,0,0,1,0,0,0,0,0,0,0,,0,0,0,0,0,0,0,0,0,0,0,,0
00-0026289,Tim Hightower,RB,2008,18,POST,2008_18_ATL_ARI,ARI,ATL,0,0,0,0,0,0,0,6,23,1,1,0,0,0,0,0,0,0,0,0,,0,0,0,0,0,0,0,0,0,0,0,,0
00-0000108,David Akers,K,2008,19,POST,2008_19_PHI_NYG,PHI,NYG,0,0,0,0,0,0,0,0,0,0,0,0,0,0,0,0,0,0,3,3,35,0,2,1,0,0,0,2,2,0,0,0,,0
00-0001157,Mitch Berger,P,2008,19,POST,2008_19_SD_PIT,PIT,LAC,0,0,0,0,0,0,0,0,0,0,0,0,0,0,0,0,0,0,0,0,,0,0,0,0,0,0,0,0,4,192,168,51,0
00-0002655,John Carney,K,2008,19,POST,2008_19_PHI_NYG,NYG,PHI,0,0,0,0,0,0,0,0,0,0,0,0,0,0,0,0,0,0,3,5,36,0,1,2,0,0,0,0,0,0,0,0,,0
00-0003292,Kerry Collins,QB,2008,19,POST,2008_19_BAL_TEN,TEN,BAL,26,42,281,0,1,1,-6,1,0,0,0,0,0,0,0,0,0,0,0,0,,0,0,0,0,0,0,0,0,0,0,0,,0
00-0004161,Jake Delhomme,QB,2008,19,POST,2008_19_ARI_CAR,CAR,ARI,17,34,205,1,5,2,-11,0,0,0,0,0,0,0,0,0,0,0,0,0,,0,0,0,0,0,0,0,0,0,0,0,,0
00-0005113,Jeff Feagles,P,2008,19,POST,2008_19_PHI_NYG,NYG,PHI,0,0,0,0,0,0,0,0,0,0,0,0,0,0,0,0,0,0,0,0,,0,0,0,0,0,0,0,0,2,90,90,45,1
00-0007308,Craig Hentrich,P,2008,19,POST,2008_19_BAL_TEN,TEN,BAL,0,0,0,0,0,0,0,0,0,0,0,0,0,0,0,0,0,0,0,0,,0,0,0,0,0,0,0,0,4,213,144,66,0
00-0008241,Edgerrin James,RB,2008,19,POST,2008_19_ARI_CAR,ARI,CAR,0,0,0,0,0,0,0,20,57,1,3,0,1,0,9,0,0,0,0,0,,0,0,0,0,0,0,0,0,0,0,0,,0
00-0009028,John Kasay,K,2008,19,POST,2008_19_ARI_CAR,CAR,ARI,0,0,0,0,0,0,0,0,0,0,0,0,0,0,0,0,0,0,0,0,,0,0,0,0,0,0,1,1,0,0,0,,0
00-0010500,Derrick Mason,WR,2008,19,POST,2008_19_BAL_TEN,BAL,TEN,0,0,0,0,0,0,0,0,0,0,0,0,5,0,78,1,3,0,0,0,,0,0,0,0,0,0,0,0,0,0,0,,0
00-0011022,Donovan McNabb,QB,2008,19,POST,2008_19_PHI_NYG,PHI,NYG,22,40,217,1,2,0,0,5,16,1,1,0,0,0,0,0,0,0,0,0,,0,0,0,0,0,0,0,0,0,0,0,,0
00-0011795,Muhsin Muhammad,WR,2008,19,POST,2008_19_ARI_CAR,CAR,ARI,0,0,0,0,0,0,0,0,0,0,0,0,5,0,55,0,3,0,0,0,,0,0,0,0,0,0,0,0,0,0,0,,0
00-0011958,Lorenzo Neal,FB,2008,19,POST,2008_19_BAL_TEN,BAL,TEN,0,0,0,0,0,0,0,1,1,0,0,0,1,0,7,0,0,0,0,0,,0,0,0,0,0,0,0,0,0,0,0,,0
00-0015784,Matt Stover,K,2008,19,POST,2008_19_BAL_TEN,BAL,TEN,0,0,0,0,0,0,0,0,0,0,0,0,0,0,0,0,0,0,2,2,43,0,1,0,1,0,0,1,1,0,0,0,,0
00-0016550,Amani Toomer,WR,2008,19,POST,2008_19_PHI_NYG,NYG,PHI,0,0,0,0,0,0,0,0,0,0,0,0,2,0,26,0,1,0,0,0,,0,0,0,0,0,0,0,0,0,0,0,,0
00-0017162,Hines Ward,WR,2008,19,POST,2008_19_SD_PIT,PIT,LAC,0,0,0,0,0,0,0,0,0,0,0,0,4,0,70,0,3,0,0,0,,0,0,0,0,0,0,0,0,0,0,0,,0
00-0017200,Kurt Warner,QB,2008,19,POST,2008_19_ARI_CAR,ARI,CAR,21,32,220,2,1,1,-5,3,1,0,0,0,0,0,0,0,0,0,0,0,,0,0,0,0,0,0,0,0,0,0,0,,0
00-0019100,Brad Hoover,FB,2008,19,POST,2008_19_ARI_CAR,CAR,ARI,0,0,0,0,0,0,0,0,0,0,0,0,1,0,7,0,1,0,0,0,,0,0,0,0,0,0,0,0,0,0,0,,0
00-0019587,Terrelle Smith,FB,2008,19,POST,2008_19_ARI_CAR,ARI,CAR,0,0,0,0,0,0,0,1,0,0,0,0,0,0,0,0,0,0,0,0,,0,0,0,0,0,0,0,0,0,0,0,,0
00-0019676,Neil Rackers,K,2008,19,POST,2008_19_ARI_CAR,ARI,CAR,0,0,0,0,0,0,0,0,0,0,0,0,0,0,0,0,0,0,4,5,49,0,1,2,1,0,0,3,3,0,0,0,,0
00-0019921,Jason Baker,P,2008,19,POST,2008_19_ARI_CAR,CAR,ARI,0,0,0,0,0,0,0,0,0,0,0,0,0,0,0,0,0,0,0,0,,0,0,0,0,0,0,0,0,4,192,177,53,0
00-0020127,Daniel Wilcox,TE,2008,19,POST,2008_19_BAL_TEN,BAL,TEN,0,0,0,0,0,0,0,0,0,0,0,0,1,0,4,0,0,0,0,0,,0,0,0,0,0,0,0,0,0,0,0,,0
00-0020270,Correll Buckhalter,RB,2008,19,POST,2008_19_PHI_NYG,PHI,NYG,0,0,0,0,0,0,0,5,7,0,1,0,3,0,19,0,1,0,0,0,,0,0,0,0,0,0,0,0,0,0,0,,0
00-0020285,Alge Crumpler,TE,2008,19,POST,2008_19_BAL_TEN,TEN,BAL,0,0,0,0,0,0,0,0,0,0,0,0,2,0,9,0,0,1,0,0,,0,0,0,0,0,0,0,0,0,0,0,,0
00-0020337,Steve Smith,WR,2008,19,POST,2008_19_ARI_CAR,CAR,ARI,0,0,0,0,0,0,0,0,0,0,0,0,2,0,43,1,2,0,0,0,,0,0,0,0,0,0,0,0,0,0,0,,0
00-0020342,Brandon Manumaleuna,TE,2008,19,POST,2008_19_SD_PIT,LAC,PIT,0,0,0,0,0,0,0,0,0,0,0,0,1,0,14,0,1,0,0,0,,0,0,0,0,0,0,0,0,0,0,0,,0
00-0020381,Justin McCareins,WR,2008,19,POST,2008_19_BAL_TEN,TEN,BAL,0,0,0,0,0,0,0,0,0,0,0,0,2,0,24,0,1,0,0,0,,0,0,0,0,0,0,0,0,0,0,0,,0
00-0020446,Chris Chambers,WR,2008,19,POST,2008_19_SD_PIT,LAC,PIT,0,0,0,0,0,0,0,0,0,0,0,0,4,0,72,0,3,0,0,0,,0,0,0,0,0,0,0,0,0,0,0,,0
00-0020514,Michael Bennett,RB,2008,19,POST,2008_19_SD_PIT,LAC,PIT,0,0,0,0,0,0,0,1,0,0,0,0,1,0,6,0,0,0,0,0,,0,0,0,0,0,0,0,0,0,0,0,,0
00-0020516,Todd Heap,TE,2008,19,POST,2008_19_BAL_TEN,BAL,TEN,0,0,0,0,0,0,0,0,0,0,0,0,1,0,23,0,1,0,0,0,,0,0,0,0,0,0,0,0,0,0,0,,0
00-0020737,Jeff Reed,K,2008,19,POST,2008_19_SD_PIT,PIT,LAC,0,0,0,0,0,0,0,0,0,0,0,0,0,0,0,0,0,0,0,0,,0,0,0,0,0,0,5,5,0,0,0,,0
00-0020840,Ryan Clark,FS,2008,19,POST,2008_19_SD_PIT,PIT,LAC,0,0,0,0,0,0,0,1,-4,0,0,0,0,0,0,0,0,0,0,0,,0,0,0,0,0,0,0,0,0,0,0,,0
00-0020962,Rob Bironas,K,2008,19,POST,2008_19_BAL_TEN,TEN,BAL,0,0,0,0,0,0,0,0,0,0,0,0,0,0,0,0,0,0,1,2,27,0,1,0,0,0,0,1,1,0,0,0,,0
00-0021216,Brian Westbrook,RB,2008,19,POST,2008_19_PHI_NYG,PHI,NYG,0,0,0,0,0,0,0,18,36,0,2,0,2,0,10,0,1,0,0,0,,0,0,0,0,0,0,0,0,0,0,0,,0
00-0021547,Antonio Gates,TE,2008,19,POST,2008_19_SD_PIT,LAC,PIT,0,0,0,0,0,0,0,0,0,0,0,0,5,0,59,0,3,0,0,0,,0,0,0,0,0,0,0,0,0,0,0,,0
00-0021647,Jerheme Urban,WR,2008,19,POST,2008_19_ARI_CAR,ARI,CAR,0,0,0,0,0,0,0,0,0,0,0,0,2,0,5,0,1,0,0,0,,0,0,0,0,0,0,0,0,0,0,0,,0
00-0021982,Justin Gage,WR,2008,19,POST,2008_19_BAL_TEN,TEN,BAL,0,0,0,0,0,0,0,0,0,0,0,0,10,0,135,0,8,0,0,0,,0,0,0,0,0,0,0,0,0,0,0,,0
00-0022001,Kevin Curtis,WR,2008,19,POST,2008_19_PHI_NYG,PHI,NYG,0,0,0,0,0,0,0,0,0,0,0,0,4,0,40,0,3,0,0,0,,0,0,0,0,0,0,0,0,0,0,0,,0
00-0022017,Mike Scifres,P,2008,19,POST,2008_19_SD_PIT,LAC,PIT,0,0,0,0,0,0,0,0,0,0,0,0,0,0,0,0,0,0,0,0,,0,0,0,0,0,0,0,0,6,283,210,53,1
00-0022126,L.J. Smith,TE,2008,19,POST,2008_19_PHI_NYG,PHI,NYG,0,0,0,0,0,0,0,0,0,0,0,0,2,0,12,0,1,0,0,0,,0,0,0,0,0,0,0,0,0,0,0,,0
00-0022177,Byron Leftwich,QB,2008,19,POST,2008_19_SD_PIT,PIT,LAC,0,1,0,0,0,0,0,4,-2,0,0,0,0,0,0,0,0,0,0,0,,0,0,0,0,0,0,0,0,0,0,0,,0
00-0022178,Willis McGahee,RB,2008,19,POST,2008_19_BAL_TEN,BAL,TEN,0,0,0,0,0,0,0,12,32,0,2,0,1,0,4,0,0,0,0,0,,0,0,0,0,0,0,0,0,0,0,0,,0
00-0022217,Mewelde Moore,RB,2008,19,POST,2008_19_SD_PIT,PIT,LAC,0,0,0,0,0,0,0,3,13,0,1,0,2,0,12,0,0,0,0,0,,0,0,0,0,0,0,0,0,0,0,0,,0
00-0022250,Willie Parker,RB,2008,19,POST,2008_19_SD_PIT,PIT,LAC,0,0,0,0,0,0,0,27,146,2,8,0,0,0,0,0,0,0,0,0,,0,0,0,0,0,0,0,0,0,0,0,,0
00-0022434,Carey Davis,RB,2008,19,POST,2008_19_SD_PIT,PIT,LAC,0,0,0,0,0,0,0,1,0,0,0,0,3,0,7,0,0,0,0,0,,0,0,0,0,0,0,0,0,0,0,0,,0
00-0022737,Nate Kaeding,K,2008,19,POST,2008_19_SD_PIT,LAC,PIT,0,0,0,0,0,0,0,0,0,0,0,0,0,0,0,0,0,0,1,1,42,0,0,0,1,0,0,3,3,0,0,0,,0
00-0022770,Derrick Ward,RB,2008,19,POST,2008_19_PHI_NYG,NYG,PHI,0,0,0,0,0,0,0,12,46,0,2,0,5,0,24,0,1,0,0,0,,0,0,0,0,0,0,0,0,0,0,0,,0
00-0022803,Eli Manning,QB,2008,19,POST,2008_19_PHI_NYG,NYG,PHI,15,29,169,0,2,0,0,1,0,0,0,0,0,0,0,0,0,0,0,0,,0,0,0,0,0,0,0,0,0,0,0,,0
00-0022921,Larry Fitzgerald,WR,2008,19,POST,2008_19_ARI_CAR,ARI,CAR,0,0,0,0,0,0,0,0,0,0,0,0,8,0,166,1,6,0,0,0,,0,0,0,0,0,0,0,0,0,0,0,,0
00-0022924,Ben Roethlisberger,QB,2008,19,POST,2008_19_SD_PIT,PIT,LAC,17,26,181,1,0,1,-4,0,0,0,0,0,0,0,0,0,0,0,0,0,,0,0,0,0,0,0,0,0,1,25,25,25,1
00-0022942,Philip Rivers,QB,2008,19,POST,2008_19_SD_PIT,LAC,PIT,21,35,308,3,1,4,-33,0,0,0,0,0,0,0,0,0,0,0,0,0,,0,0,0,0,0,0,0,0,0,0,0,,0
00-0022954,Ben Graham,P,2008,19,POST,2008_19_ARI_CAR,ARI,CAR,0,0,0,0,0,0,0,0,0,0,0,0,0,0,0,0,0,0,0,0,,0,0,0,0,0,0,0,0,4,174,145,53,2
00-0023367,Nate Washington,WR,2008,19,POST,2008_19_SD_PIT,PIT,LAC,0,0,0,0,0,0,0,0,0,0,0,0,3,0,30,0,1,0,0,0,,0,0,0,0,0,0,0,0,0,0,0,,0
00-0023457,Mark Clayton,WR,2008,19,POST,2008_19_BAL_TEN,BAL,TEN,0,0,0,0,0,0,0,0,0,0,0,0,2,0,45,0,1,0,0,0,,0,0,0,0,0,0,0,0,0,0,0,,0
00-0023465,Heath Miller,TE,2008,19,POST,2008_19_SD_PIT,PIT,LAC,0,0,0,0,0,0,0,0,0,0,0,0,3,0,37,1,2,0,0,0,,0,0,0,0,0,0,0,0,0,0,0,,0
00-0023479,J.J. Arrington,RB,2008,19,POST,2008_19_ARI_CAR,ARI,CAR,0,0,0,0,0,0,0,2,11,0,1,0,3,0,10,0,2,0,0,0,,0,0,0,0,0,0,0,0,0,0,0,,0
00-0023496,Vincent Jackson,WR,2008,19,POST,2008_19_SD_PIT,LAC,PIT,0,0,0,0,0,0,0,0,0,0,0,0,2,0,49,1,1,0,0,0,,0,0,0,0,0,0,0,0,0,0,0,,0
00-0023531,Brandon Jones,WR,2008,19,POST,2008_19_BAL_TEN,TEN,BAL,0,0,0,0,0,0,0,0,0,0,0,0,2,0,16,0,1,0,0,0,,0,0,0,0,0,0,0,0,0,0,0,,0
00-0023545,Brandon Jacobs,RB,2008,19,POST,2008_19_PHI_NYG,NYG,PHI,0,0,0,0,0,0,0,19,92,0,5,0,0,0,0,0,0,0,0,0,,0,0,0,0,0,0,0,0,0,0,0,,0
00-0023564,Darren Sproles,RB,2008,19,POST,2008_19_SD_PIT,LAC,PIT,0,0,0,0,0,0,0,11,15,0,1,0,5,0,91,1,3,0,0,0,,0,0,0,0,0,0,0,0,0,0,0,,0
00-0023612,Bo Scaife,TE,2008,19,POST,2008_19_BAL_TEN,TEN,BAL,0,0,0,0,0,0,0,0,0,0,0,0,4,0,23,0,2,0,0,0,,0,0,0,0,0,0,0,0,0,0,0,,0
00-0023797,Darcy Johnson,TE,2008,19,POST,2008_19_PHI_NYG,NYG,PHI,0,0,0,0,0,0,0,0,0,0,0,0,1,0,13,0,1,0,0,0,,0,0,0,0,0,0,0,0,0,0,0,,0
00-0024240,Santonio Holmes,WR,2008,19,POST,2008_19_SD_PIT,PIT,LAC,0,0,0,0,0,0,0,2,7,0,1,0,2,0,25,0,2,0,0,0,,0,0,0,0,0,0,0,0,0,0,0,,0
00-0024242,DeAngelo Williams,RB,2008,19,POST,2008_19_ARI_CAR,CAR,ARI,0,0,0,0,0,0,0,12,63,0,3,0,1,0,6,0,0,0,0,0,,0,0,0,0,0,0,0,0,0,0,0,,0
00-0024260,LenDale White,RB,2008,19,POST,2008_19_BAL_TEN,TEN,BAL,0,0,0,0,0,0,0,15,45,0,2,1,4,0,35,0,2,0,0,0,,0,0,0,0,0,0,0,0,0,0,0,,0
00-0024324,Jason Avant,WR,2008,19,POST,2008_19_PHI_NYG,PHI,NYG,0,0,0,0,0,0,0,0,0,0,0,0,4,0,43,0,2,0,0,0,,0,0,0,0,0,0,0,0,0,0,0,,0
00-0024345,Domenik Hixon,WR,2008,19,POST,2008_19_PHI_NYG,NYG,PHI,0,0,0,0,0,0,0,0,0,0,0,0,2,0,37,0,1,0,0,0,,0,0,0,0,0,0,0,0,0,0,0,,0
00-0024417,Sam Koch,P,2008,19,POST,2008_19_BAL_TEN,BAL,TEN,0,0,0,0,0,0,0,0,0,0,0,0,0,0,0,0,0,0,0,0,,0,0,0,0,0,0,0,0,8,342,314,51,2
00-0024460,Quinton Ganther,RB,2008,19,POST,2008_19_BAL_TEN,TEN,BAL,0,0,0,0,0,0,0,1,-1,0,0,0,0,0,0,0,0,0,0,0,,0,0,0,0,0,0,0,0,0,0,0,,0
00-0024489,Ahmard Hall,FB,2008,19,POST,2008_19_BAL_TEN,TEN,BAL,0,0,0,0,0,0,0,0,0,0,0,0,1,0,11,0,1,0,0,0,,0,0,0,0,0,0,0,0,0,0,0,,0
00-0024515,Sav Rocca,P,2008,19,POST,2008_19_PHI_NYG,PHI,NYG,0,0,0,0,0,0,0,0,0,0,0,0,0,0,0,0,0,0,0,0,,0,0,0,0,0,0,0,0,4,168,160,56,1
00-0024846,Gary Russell,RB,2008,19,POST,2008_19_SD_PIT,PIT,LAC,0,0,0,0,0,0,0,4,5,1,2,0,0,0,0,0,0,0,0,0,,0,0,0,0,0,0,0,0,0,0,0,,0
00-0025432,Dwayne Jarrett,WR,2008,19,POST,2008_19_ARI_CAR,CAR,ARI,0,0,0,0,0,0,0,0,0,0,0,0,2,0,27,0,1,0,0,0,,0,0,0,0,0,0,0,0,0,0,0,,0
00-0025438,Steve Smith,WR,2008,19,POST,2008_19_PHI_NYG,NYG,PHI,0,0,0,0,0,0,0,0,0,0,0,0,2,0,17,0,1,1,0,0,,0,0,0,0,0,0,0,0,0,0,0,,0
00-0025524,Le'Ron McClain,FB,2008,19,POST,2008_19_BAL_TEN,BAL,TEN,0,0,0,0,0,0,0,12,12,0,0,0,0,0,0,0,0,0,0,0,,0,0,0,0,0,0,0,0,0,0,0,,0
00-0025529,Steve Breaston,WR,2008,19,POST,2008_19_ARI_CAR,ARI,CAR,0,0,0,0,0,0,0,0,0,0,0,0,4,0,28,0,0,0,0,0,,0,0,0,0,0,0,0,0,0,0,0,,0
00-0025540,Kevin Boss,TE,2008,19,POST,2008_19_PHI_NYG,NYG,PHI,0,0,0,0,0,0,0,0,0,0,0,0,3,0,52,0,3,0,0,0,,0,0,0,0,0,0,0,0,0,0,0,,0
00-0025542,Dante Rosario,TE,2008,19,POST,2008_19_ARI_CAR,CAR,ARI,0,0,0,0,0,0,0,0,0,0,0,0,3,0,28,0,2,0,0,0,,0,0,0,0,0,0,0,0,0,0,0,,0
00-0025549,Brent Celek,TE,2008,19,POST,2008_19_PHI_NYG,PHI,NYG,0,0,0,0,0,0,0,0,0,0,0,0,3,0,12,1,1,0,0,0,,0,0,0,0,0,0,0,0,0,0,0,,0
00-0025559,Legedu Naanee,WR,2008,19,POST,2008_19_SD_PIT,LAC,PIT,0,0,0,0,0,0,0,0,0,0,0,0,1,0,4,1,1,0,0,0,,0,0,0,0,0,0,0,0,0,0,0,,0
00-0025672,Tim Castille,FB,2008,19,POST,2008_19_ARI_CAR,ARI,CAR,0,0,0,0,0,0,0,0,0,0,0,0,1,0,3,0,0,0,0,0,,0,0,0,0,0,0,0,0,0,0,0,,0
00-0026153,Jonathan Stewart,RB,2008,19,POST,2008_19_ARI_CAR,CAR,ARI,0,0,0,0,0,0,0,3,12,1,1,0,3,0,39,0,2,0,0,0,,0,0,0,0,0,0,0,0,0,0,0,,0
00-0026158,Joe Flacco,QB,2008,19,POST,2008_19_BAL_TEN,BAL,TEN,11,22,161,1,0,0,0,5,5,0,1,0,0,0,0,0,0,0,0,0,,0,0,0,0,0,0,0,0,0,0,0,,0
00-0026164,Chris Johnson,RB,2008,19,POST,2008_19_BAL_TEN,TEN,BAL,0,0,0,0,0,0,0,11,72,1,2,0,1,0,28,0,1,0,0,0,,0,0,0,0,0,0,0,0,0,0,0,,0
00-0026189,DeSean Jackson,WR,2008,19,POST,2008_19_PHI_NYG,PHI,NYG,0,0,0,0,0,0,0,0,0,0,0,0,4,0,81,0,3,0,0,0,,0,0,0,0,0,0,0,0,0,0,0,,0
00-0026209,Jacob Hester,RB,2008,19,POST,2008_19_SD_PIT,LAC,PIT,0,0,0,0,0,0,0,0,0,0,0,0,2,0,13,0,1,0,0,0,,0,0,0,0,0,0,0,0,0,0,0,,0
00-0026221,Early Doucet,WR,2008,19,POST,2008_19_ARI_CAR,ARI,CAR,0,0,0,0,0,0,0,0,0,0,0,0,1,0,-4,0,0,0,0,0,,0,0,0,0,0,0,0,0,0,0,0,,0
00-0026289,Tim Hightower,RB,2008,19,POST,2008_19_ARI_CAR,ARI,CAR,0,0,0,0,0,0,0,17,76,0,4,0,1,0,3,1,1,0,0,0,,0,0,0,0,0,0,0,0,0,0,0,,0
00-0000108,David Akers,K,2008,20,POST,2008_20_PHI_ARI,PHI,ARI,0,0,0,0,0,0,0,0,0,0,0,0,0,0,0,0,0,0,2,3,45,0,0,1,1,0,0,1,2,0,0,0,,0
00-0001157,Mitch Berger,P,2008,20,POST,2008_20_BAL_PIT,PIT,BAL,0,0,0,0,0,0,0,0,0,0,0,0,0,0,0,0,0,0,0,0,,0,0,0,0,0,0,0,0,7,264,199,51,0
00-0008241,Edgerrin James,RB,2008,20,POST,2008_20_PHI_ARI,ARI,PHI,0,0,0,0,0,0,0,16,73,0,4,0,1,0,16,0,1,0,0,0,,0,0,0,0,0,0,0,0,0,0,0,,0
00-0010500,Derrick Mason,WR,2008,20,POST,2008_20_BAL_PIT,BAL,PIT,0,0,0,0,0,0,0,0,0,0,0,0,3,0,41,0,2,0,0,0,,0,0,0,0,0,0,0,0,0,0,0,,0
00-0011022,Donovan McNabb,QB,2008,20,POST,2008_20_PHI_ARI,PHI,ARI,28,47,375,3,1,2,-18,2,31,0,2,0,0,0,0,0,0,0,0,0,,0,0,0,0,0,0,0,0,0,0,0,,0
00-0015784,Matt Stover,K,2008,20,POST,2008_20_BAL_PIT,BAL,PIT,0,0,0,0,0,0,0,0,0,0,0,0,0,0,0,0,0,0,0,0,,0,0,0,0,0,0,2,2,0,0,0,,0
00-0017162,Hines Ward,WR,2008,20,POST,2008_20_BAL_PIT,PIT,BAL,0,0,0,0,0,0,0,0,0,0,0,0,3,0,55,0,2,0,0,0,,0,0,0,0,0,0,0,0,0,0,0,,0
00-0017200,Kurt Warner,QB,2008,20,POST,2008_20_PHI_ARI,ARI,PHI,21,28,279,4,0,2,-12,0,0,0,0,0,1,0,4,0,0,0,0,0,,0,0,0,0,0,0,0,0,0,0,0,,0
00-0019676,Neil Rackers,K,2008,20,POST,2008_20_PHI_ARI,ARI,PHI,0,0,0,0,0,0,0,0,0,0,0,0,0,0,0,0,0,0,1,1,49,0,0,0,1,0,0,3,3,0,0,0,,0
00-0020270,Correll Buckhalter,RB,2008,20,POST,2008_20_PHI_ARI,PHI,ARI,0,0,0,0,0,0,0,4,21,0,1,0,1,0,12,0,1,0,0,0,,0,0,0,0,0,0,0,0,0,0,0,,0
00-0020516,Todd Heap,TE,2008,20,POST,2008_20_BAL_PIT,BAL,PIT,0,0,0,0,0,0,0,0,0,0,0,0,3,0,26,0,1,0,0,0,,0,0,0,0,0,0,0,0,0,0,0,,0
00-0020737,Jeff Reed,K,2008,20,POST,2008_20_BAL_PIT,PIT,BAL,0,0,0,0,0,0,0,0,0,0,0,0,0,0,0,0,0,0,3,3,46,0,0,1,2,0,0,2,2,0,0,0,,0
00-0021216,Brian Westbrook,RB,2008,20,POST,2008_20_PHI_ARI,PHI,ARI,0,0,0,0,0,0,0,12,45,0,2,0,2,0,26,0,2,0,0,0,,0,0,0,0,0,0,0,0,0,0,0,,0
00-0021508,Greg Lewis,WR,2008,20,POST,2008_20_PHI_ARI,PHI,ARI,0,0,0,0,0,0,0,0,0,0,0,0,1,0,-2,0,0,0,0,0,,0,0,0,0,0,0,0,0,0,0,0,,0
00-0021647,Jerheme Urban,WR,2008,20,POST,2008_20_PHI_ARI,ARI,PHI,0,0,0,0,0,0,0,0,0,0,0,0,1,0,18,0,1,0,0,0,,0,0,0,0,0,0,0,0,0,0,0,,0
00-0022001,Kevin Curtis,WR,2008,20,POST,2008_20_PHI_ARI,PHI,ARI,0,0,0,0,0,0,0,0,0,0,0,0,4,0,122,0,3,0,0,0,,0,0,0,0,0,0,0,0,0,0,0,,0
00-0022084,Anquan Boldin,WR,2008,20,POST,2008_20_PHI_ARI,ARI,PHI,0,0,0,0,0,0,0,0,0,0,0,0,4,0,34,0,0,0,0,0,,0,0,0,0,0,0,0,0,0,0,0,,0
00-0022126,L.J. Smith,TE,2008,20,POST,2008_20_PHI_ARI,PHI,ARI,0,0,0,0,0,0,0,0,0,0,0,0,1,0,5,0,0,0,0,0,,0,0,0,0,0,0,0,0,0,0,0,,0
00-0022178,Willis McGahee,RB,2008,20,POST,2008_20_BAL_PIT,BAL,PIT,0,0,0,0,0,0,0,20,60,2,4,0,2,0,13,0,0,1,0,0,,0,0,0,0,0,0,0,0,0,0,0,,0
00-0022217,Mewelde Moore,RB,2008,20,POST,2008_20_BAL_PIT,PIT,BAL,0,0,0,0,0,0,0,1,6,0,0,0,1,0,9,0,0,0,0,0,,0,0,0,0,0,0,0,0,0,0,0,,0
00-0022250,Willie Parker,RB,2008,20,POST,2008_20_BAL_PIT,PIT,BAL,0,0,0,0,0,0,0,24,47,0,1,1,1,0,-2,0,0,0,0,0,,0,0,0,0,0,0,0,0,0,0,0,,0
00-0022434,Carey Davis,RB,2008,20,POST,2008_20_BAL_PIT,PIT,BAL,0,0,0,0,0,0,0,0,0,0,0,0,1,0,20,0,1,0,0,0,,0,0,0,0,0,0,0,0,0,0,0,,0
00-0022921,Larry Fitzgerald,WR,2008,20,POST,2008_20_PHI_ARI,ARI,PHI,0,0,0,0,0,0,0,0,0,0,0,0,9,0,152,3,7,0,0,0,,0,0,0,0,0,0,0,0,0,0,0,,0
00-0022924,Ben Roethlisberger,QB,2008,20,POST,2008_20_BAL_PIT,PIT,BAL,16,33,255,1,0,4,-32,2,-2,0,0,0,0,0,0,0,0,0,0,0,,0,0,0,0,0,0,0,0,0,0,0,,0
00-0022954,Ben Graham,P,2008,20,POST,2008_20_PHI_ARI,ARI,PHI,0,0,0,0,0,0,0,0,0,0,0,0,0,0,0,0,0,0,0,0,,0,0,0,0,0,0,0,0,5,186,173,44,3
00-0023367,Nate Washington,WR,2008,20,POST,2008_20_BAL_PIT,PIT,BAL,0,0,0,0,0,0,0,1,1,0,0,0,3,0,21,0,1,0,0,0,,0,0,0,0,0,0,0,0,0,0,0,,0
00-0023457,Mark Clayton,WR,2008,20,POST,2008_20_BAL_PIT,BAL,PIT,0,0,0,0,0,0,0,1,16,0,1,0,2,0,18,0,1,0,0,0,,0,0,0,0,0,0,0,0,0,0,0,,0
00-0023465,Heath Miller,TE,2008,20,POST,2008_20_BAL_PIT,PIT,BAL,0,0,0,0,0,0,0,0,0,0,0,0,3,0,62,0,3,0,0,0,,0,0,0,0,0,0,0,0,0,0,0,,0
00-0023479,J.J. Arrington,RB,2008,20,POST,2008_20_PHI_ARI,ARI,PHI,0,0,0,0,0,0,0,2,-4,0,0,0,1,0,16,0,1,0,0,0,,0,0,0,0,0,0,0,0,0,0,0,,0
00-0024013,Hank Baskett,WR,2008,20,POST,2008_20_PHI_ARI,PHI,ARI,0,0,0,0,0,0,0,0,0,0,0,0,1,0,14,0,1,0,0,0,,0,0,0,0,0,0,0,0,0,0,0,,0
00-0024240,Santonio Holmes,WR,2008,20,POST,2008_20_BAL_PIT,PIT,BAL,0,0,0,0,0,0,0,0,0,0,0,0,2,0,70,1,1,0,0,0,,0,0,0,0,0,0,0,0,0,0,0,,0
00-0024287,Leonard Pope,TE,2008,20,POST,2008_20_PHI_ARI,ARI,PHI,0,0,0,0,0,0,0,0,0,0,0,0,2,0,21,0,1,0,0,0,,0,0,0,0,0,0,0,0,0,0,0,,0
00-0024324,Jason Avant,WR,2008,20,POST,2008_20_PHI_ARI,PHI,ARI,0,0,0,0,0,0,0,0,0,0,0,0,2,0,23,0,0,0,0,0,,0,0,0,0,0,0,0,0,0,0,0,,0
00-0024417,Sam Koch,P,2008,20,POST,2008_20_BAL_PIT,BAL,PIT,0,0,0,0,0,0,0,0,0,0,0,0,0,0,0,0,0,0,0,0,,0,0,0,0,0,0,0,0,7,286,260,52,3
00-0024515,Sav Rocca,P,2008,20,POST,2008_20_PHI_ARI,PHI,ARI,0,0,0,0,0,0,0,0,0,0,0,0,0,0,0,0,0,0,0,0,,0,0,0,0,0,0,0,0,1,58,48,58,1
00-0025524,Le'Ron McClain,FB,2008,20,POST,2008_20_BAL_PIT,BAL,PIT,0,0,0,0,0,0,0,1,3,0,0,0,0,0,0,0,0,0,0,0,,0,0,0,0,0,0,0,0,0,0,0,,0
00-0025529,Steve Breaston,WR,2008,20,POST,2008_20_PHI_ARI,ARI,PHI,0,0,0,0,0,0,0,0,0,0,0,0,1,0,10,0,1,0,0,0,,0,0,0,0,0,0,0,0,0,0,0,,0
00-0025549,Brent Celek,TE,2008,20,POST,2008_20_PHI_ARI,PHI,ARI,0,0,0,0,0,0,0,0,0,0,0,0,10,0,83,2,6,0,0,0,,0,0,0,0,0,0,0,0,0,0,0,,0
00-0026158,Joe Flacco,QB,2008,20,POST,2008_20_BAL_PIT,BAL,PIT,13,30,141,0,3,3,-16,2,-8,0,0,0,0,0,0,0,0,0,0,0,,0,0,0,0,0,0,0,0,0,0,0,,0
00-0026189,DeSean Jackson,WR,2008,20,POST,2008_20_PHI_ARI,PHI,ARI,0,0,0,0,0,0,0,0,0,0,0,0,6,0,92,1,3,1,0,0,,0,0,0,0,0,0,0,0,0,0,0,,0
00-0026193,Limas Sweed,WR,2008,20,POST,2008_20_BAL_PIT,PIT,BAL,0,0,0,0,0,0,0,0,0,0,0,0,2,0,20,0,1,0,0,0,,0,0,0,0,0,0,0,0,0,0,0,,0
00-0026195,Ray Rice,RB,2008,20,POST,2008_20_BAL_PIT,BAL,PIT,0,0,0,0,0,0,0,1,2,0,0,0,3,0,43,0,2,0,0,0,,0,0,0,0,0,0,0,0,0,0,0,,0
00-0026289,Tim Hightower,RB,2008,20,POST,2008_20_PHI_ARI,ARI,PHI,0,0,0,0,0,0,0,11,33,0,2,0,1,0,8,1,1,0,0,0,,0,0,0,0,0,0,0,0,0,0,0,,0
00-0001157,Mitch Berger,P,2008,21,POST,2008_21_PIT_ARI,PIT,ARI,0,0,0,0,0,0,0,0,0,0,0,0,0,0,0,0,0,0,0,0,,0,0,0,0,0,0,0,0,3,139,105,49,1
00-0008241,Edgerrin James,RB,2008,21,POST,2008_21_PIT_ARI,ARI,PIT,0,0,0,0,0,0,0,9,33,0,2,0,4,0,28,0,2,0,0,0,,0,0,0,0,0,0,0,0,0,0,0,,0
00-0017162,Hines Ward,WR,2008,21,POST,2008_21_PIT_ARI,PIT,ARI,0,0,0,0,0,0,0,0,0,0,0,0,2,0,43,0,2,0,0,0,,0,0,0,0,0,0,0,0,0,0,0,,0
00-0017200,Kurt Warner,QB,2008,21,POST,2008_21_PIT_ARI,ARI,PIT,31,43,377,3,1,2,-3,1,0,0,0,0,0,0,0,0,0,0,0,0,,0,0,0,0,0,0,0,0,0,0,0,,0
00-0019676,Neil Rackers,K,2008,21,POST,2008_21_PIT_ARI,ARI,PIT,0,0,0,0,0,0,0,0,0,0,0,0,0,0,0,0,0,0,0,0,,0,0,0,0,0,0,3,3,0,0,0,,0
00-0020737,Jeff Reed,K,2008,21,POST,2008_21_PIT_ARI,PIT,ARI,0,0,0,0,0,0,0,0,0,0,0,0,0,0,0,0,0,0,2,2,21,1,1,0,0,0,0,3,3,0,0,0,,0
00-0021647,Jerheme Urban,WR,2008,21,POST,2008_21_PIT_ARI,ARI,PIT,0,0,0,0,0,0,0,0,0,0,0,0,1,0,18,0,1,0,0,0,,0,0,0,0,0,0,0,0,0,0,0,,0
00-0022084,Anquan Boldin,WR,2008,21,POST,2008_21_PIT_ARI,ARI,PIT,0,0,0,0,0,0,0,0,0,0,0,0,8,0,84,0,4,0,0,0,,0,0,0,0,0,0,0,0,0,0,0,,0
00-0022217,Mewelde Moore,RB,2008,21,POST,2008_21_PIT_ARI,PIT,ARI,0,0,0,0,0,0,0,1,6,0,0,0,1,0,4,0,0,0,0,0,,0,0,0,0,0,0,0,0,0,0,0,,0
00-0022250,Willie Parker,RB,2008,21,POST,2008_21_PIT_ARI,PIT,ARI,0,0,0,0,0,0,0,19,53,0,3,0,1,0,-2,0,0,0,0,0,,0,0,0,0,0,0,0,0,0,0,0,,0
00-0022434,Carey Davis,RB,2008,21,POST,2008_21_PIT_ARI,PIT,ARI,0,0,0,0,0,0,0,0,0,0,0,0,1,0,6,0,0,0,0,0,,0,0,0,0,0,0,0,0,0,0,0,,0
00-0022921,Larry Fitzgerald,WR,2008,21,POST,2008_21_PIT_ARI,ARI,PIT,0,0,0,0,0,0,0,0,0,0,0,0,7,0,127,2,5,0,0,0,,0,0,0,0,0,0,0,0,0,0,0,,0
00-0022924,Ben Roethlisberger,QB,2008,21,POST,2008_21_PIT_ARI,PIT,ARI,21,30,256,1,1,2,-22,4,2,0,0,0,0,0,0,0,0,0,0,0,,0,0,0,0,0,0,0,0,0,0,0,,0
00-0022954,Ben Graham,P,2008,21,POST,2008_21_PIT_ARI,ARI,PIT,0,0,0,0,0,0,0,0,0,0,0,0,0,0,0,0,0,0,0,0,,0,0,0,0,0,0,0,0,5,180,175,45,3
00-0023367,Nate Washington,WR,2008,21,POST,2008_21_PIT_ARI,PIT,ARI,0,0,0,0,0,0,0,0,0,0,0,0,1,0,11,0,1,0,0,0,,0,0,0,0,0,0,0,0,0,0,0,,0
00-0023465,Heath Miller,TE,2008,21,POST,2008_21_PIT_ARI,PIT,ARI,0,0,0,0,0,0,0,0,0,0,0,0,5,0,57,0,3,0,0,0,,0,0,0,0,0,0,0,0,0,0,0,,0
00-0023479,J.J. Arrington,RB,2008,21,POST,2008_21_PIT_ARI,ARI,PIT,0,0,0,0,0,0,0,1,0,0,0,0,2,0,35,0,2,0,0,0,,0,0,0,0,0,0,0,0,0,0,0,,0
00-0024240,Santonio Holmes,WR,2008,21,POST,2008_21_PIT_ARI,PIT,ARI,0,0,0,0,0,0,0,0,0,0,0,0,9,0,131,1,6,0,0,0,,0,0,0,0,0,0,0,0,0,0,0,,0
00-0024846,Gary Russell,RB,2008,21,POST,2008_21_PIT_ARI,PIT,ARI,0,0,0,0,0,0,0,2,-3,1,1,0,0,0,0,0,0,0,0,0,,0,0,0,0,0,0,0,0,0,0,0,,0
00-0025464,Matt Spaeth,TE,2008,21,POST,2008_21_PIT_ARI,PIT,ARI,0,0,0,0,0,0,0,0,0,0,0,0,1,0,6,0,0,0,0,0,,0,0,0,0,0,0,0,0,0,0,0,,0
00-0025529,Steve Breaston,WR,2008,21,POST,2008_21_PIT_ARI,ARI,PIT,0,0,0,0,0,0,0,0,0,0,0,0,6,0,71,0,4,0,0,0,,0,0,0,0,0,0,0,0,0,0,0,,0
00-0025602,Ben Patrick,TE,2008,21,POST,2008_21_PIT_ARI,ARI,PIT,0,0,0,0,0,0,0,0,0,0,0,0,1,0,1,1,1,0,0,0,,0,0,0,0,0,0,0,0,0,0,0,,0
00-0026289,Tim Hightower,RB,2008,21,POST,2008_21_PIT_ARI,ARI,PIT,0,0,0,0,0,0,0,1,0,0,0,0,2,0,13,0,1,0,0,0,,0,0,0,0,0,0,0,0,0,0,0,,0
