player_id,player_display_name,position,season,week,season_type,game_id,team,opponent_team,completions,attempts,passing_yards,passing_tds,passing_interceptions,sacks_suffered,sack_yards_lost,carries,rushing_yards,rushing_tds
00-0000210,James Allen,RB,2001,1,REG,2001_01_CHI_BAL,CHI,BAL,0,0,0,0,0,0,0,21,43,0
00-0000232,Terry Allen,RB,2001,1,REG,2001_01_CHI_BAL,BAL,CHI,0,0,0,0,0,0,0,20,37,1
00-0000251,Mike Alstott,FB,2001,1,REG,2001_01_TB_DAL,TB,DAL,0,0,0,0,0,0,0,5,12,0
00-0000316,Jamal Anderson,RB,2001,1,REG,2001_01_ATL_SF,ATL,SF,0,0,0,0,0,0,0,26,86,1
00-0000339,Richie Anderson,FB,2001,1,REG,2001_01_IND_NYJ,NYJ,IND,0,0,0,0,0,0,0,2,21,0
00-0000552,Obafemi Ayanbadejo,RB,2001,1,REG,2001_01_CHI_BAL,BAL,CHI,0,0,0,0,0,0,0,2,2,0
00-0000722,Tony Banks,QB,2001,1,REG,2001_01_WAS_SD,WAS,LAC,7,14,53,0,0,0,0,1,0,0
00-0000745,Tiki Barber,RB,2001,1,REG,2001_01_NYG_DEN,NYG,DEN,0,0,0,0,0,0,0,10,28,0
00-0000865,Charlie Batch,QB,2001,1,REG,2001_01_DET_GB,DET,GB,20,39,276,0,2,7,-44,2,9,0
00-0000942,Fred Beasley,FB,2001,1,REG,2001_01_ATL_SF,SF,ATL,0,0,0,0,0,0,0,3,7,0
00-0001098,Brandon Bennett,RB,2001,1,REG,2001_01_NE_CIN,CIN,NE,0,0,0,0,0,0,0,6,43,0
00-0001102,Donnell Bennett,FB,2001,1,REG,2001_01_WAS_SD,WAS,LAC,0,0,0,0,0,0,0,1,8,0
00-0001215,Jerome Bettis,RB,2001,1,REG,2001_01_PIT_JAX,PIT,JAX,0,0,0,0,0,0,0,12,28,0
00-0001224,Tim Biakabutuka,RB,2001,1,REG,2001_01_CAR_MIN,CAR,MIN,0,0,0,0,0,0,0,5,7,0
00-0001361,Drew Bledsoe,QB,2001,1,REG,2001_01_NE_CIN,NE,CIN,22,38,241,2,0,4,-17,3,10,0
00-0001823,Aaron Brooks,QB,2001,1,REG,2001_01_NO_BUF,NO,BUF,18,29,209,3,0,2,-17,5,10,0
00-0002058,Tim Brown,WR,2001,1,REG,2001_01_OAK_KC,LV,KC,0,0,0,0,0,0,0,1,4,0
00-0002110,Mark Brunell,QB,2001,1,REG,2001_01_PIT_JAX,PIT,JAX,15,26,198,3,0,1,0,3,7,0
00-0002846,Larry Centers,FB,2001,1,REG,2001_01_NO_BUF,BUF,NO,0,0,0,0,0,0,0,1,11,0
00-0002876,Chris Chandler,QB,2001,1,REG,2001_01_ATL_SF,ATL,SF,11,18,121,0,0,2,-14,3,16,0
00-0003292,Kerry Collins,QB,2001,1,REG,2001_01_NYG_DEN,NYG,DEN,19,34,258,3,0,3,-13,3,5,0
00-0003396,Curtis Conway,WR,2001,1,REG,2001_01_WAS_SD,LAC,WAS,0,0,0,0,0,0,0,1,16,0
00-0003400,Ernie Conwell,TE,2001,1,REG,2001_01_STL_PHI,LA,PHI,0,0,0,0,0,0,0,1,4,0
00-0003535,Tim Couch,QB,2001,1,REG,2001_01_SEA_CLE,CLE,SEA,17,33,176,0,1,3,-27,1,1,0
00-0003739,Daunte Culpepper,QB,2001,1,REG,2001_01_CAR_MIN,MIN,CAR,22,38,236,1,3,1,-2,12,57,1
00-0004052,Stephen Davis,RB,2001,1,REG,2001_01_WAS_SD,WAS,LAC,0,0,0,0,0,0,0,14,35,0
00-0004054,Terrell Davis,RB,2001,1,REG,2001_01_NYG_DEN,DEN,NYG,0,0,0,0,0,0,0,21,101,0
00-0004304,Corey Dillon,RB,2001,1,REG,2001_01_NE_CIN,CIN,NE,0,0,0,0,0,0,0,24,104,1
00-0004640,Warrick Dunn,RB,2001,1,REG,2001_01_TB_DAL,TB,DAL,0,0,0,0,0,0,0,22,56,0
00-0004768,Marc Edwards,FB,2001,1,REG,2001_01_NE_CIN,NE,CIN,0,0,0,0,0,0,0,4,13,0
00-0005092,Marshall Faulk,RB,2001,1,REG,2001_01_STL_PHI,LA,PHI,0,0,0,0,0,0,0,20,72,1
00-0005106,Brett Favre,QB,2001,1,REG,2001_01_DET_GB,GB,DET,22,28,260,2,0,3,-15,4,-2,0
00-0005180,Jay Fiedler,QB,2001,1,REG,2001_01_MIA_TEN,MIA,TEN,12,20,225,2,0,0,0,7,25,0
00-0005324,Terrell Fletcher,RB,2001,1,REG,2001_01_WAS_SD,LAC,WAS,0,0,0,0,0,0,0,4,5,0
00-0005363,Doug Flutie,QB,2001,1,REG,2001_01_WAS_SD,LAC,WAS,10,18,129,0,2,1,-7,4,0,0
00-0005741,Rich Gannon,QB,2001,1,REG,2001_01_OAK_KC,LV,KC,31,46,341,2,1,2,-14,1,9,0
00-0005755,Jeff Garcia,QB,2001,1,REG,2001_01_ATL_SF,SF,ATL,26,40,335,1,1,2,-11,5,38,0
00-0005779,Charlie Garner,RB,2001,1,REG,2001_01_OAK_KC,LV,KC,0,0,0,0,0,0,0,12,38,0
00-0005883,Eddie George,RB,2001,1,REG,2001_01_MIA_TEN,TEN,MIA,0,0,0,0,0,0,0,18,49,0
00-0005885,Jeff George,QB,2001,1,REG,2001_01_WAS_SD,WAS,LAC,8,18,66,0,2,1,-2,3,1,0
00-0006300,Elvis Grbac,QB,2001,1,REG,2001_01_CHI_BAL,BAL,CHI,24,30,262,1,0,0,0,6,9,0
00-0006305,Ahman Green,RB,2001,1,REG,2001_01_DET_GB,GB,DET,0,0,0,0,0,0,0,17,157,2
00-0006355,Trent Green,QB,2001,1,REG,2001_01_OAK_KC,KC,LV,16,37,222,1,1,1,-3,4,11,0
00-0006423,Brian Griese,QB,2001,1,REG,2001_01_NYG_DEN,DEN,NYG,21,29,330,3,0,0,0,5,8,0
00-0006627,Az-Zahir Hakim,WR,2001,1,REG,2001_01_STL_PHI,LA,PHI,0,0,0,0,0,0,0,1,5,0
00-0006799,Chris Hanson,P,2001,1,REG,2001_01_PIT_JAX,PIT,JAX,0,0,0,0,0,0,0,1,0,0
00-0006804,Patrick Hape,TE,2001,1,REG,2001_01_NYG_DEN,DEN,NYG,0,0,0,0,0,0,0,2,0,0
00-0007091,Matt Hasselbeck,QB,2001,1,REG,2001_01_SEA_CLE,SEA,CLE,20,34,178,0,2,4,-28,6,1,0
00-0007180,Garrison Hearst,RB,2001,1,REG,2001_01_ATL_SF,SF,ATL,0,0,0,0,0,0,0,14,48,0
00-0007357,Chris Hetherington,FB,2001,1,REG,2001_01_CAR_MIN,CAR,MIN,0,0,0,0,0,0,0,2,1,0
00-0007661,Priest Holmes,RB,2001,1,REG,2001_01_OAK_KC,KC,LV,0,0,0,0,0,0,0,7,21,0
00-0007744,Joe Horn,WR,2001,1,REG,2001_01_NO_BUF,NO,BUF,0,1,0,0,0,0,0,0,0,0
00-0008060,Raghib Ismail,WR,2001,1,REG,2001_01_TB_DAL,DAL,TB,0,0,0,0,0,0,0,2,3,0
00-0008241,Edgerrin James,RB,2001,1,REG,2001_01_IND_NYJ,IND,NYJ,0,0,0,0,0,0,0,28,135,2
00-0008442,Brad Johnson,QB,2001,1,REG,2001_01_TB_DAL,TB,DAL,25,34,195,0,1,2,-3,4,2,1
00-0008529,J.J. Johnson,RB,2001,1,REG,2001_01_MIA_TEN,MIA,TEN,0,0,0,0,0,0,0,1,2,0
00-0008612,Rob Johnson,QB,2001,1,REG,2001_01_NO_BUF,BUF,NO,16,27,160,0,3,5,-34,3,23,0
00-0009311,Jon Kitna,QB,2001,1,REG,2001_01_NE_CIN,CIN,NE,18,27,204,1,0,1,-8,2,-3,0
00-0009829,Dorsey Levens,RB,2001,1,REG,2001_01_DET_GB,GB,DET,0,0,0,0,0,0,0,7,18,0
00-0009869,Jermaine Lewis,WR,2001,1,REG,2001_01_CHI_BAL,BAL,CHI,0,0,0,0,0,0,0,1,-2,0
00-0010240,Stacey Mack,RB,2001,1,REG,2001_01_PIT_JAX,PIT,JAX,0,0,0,0,0,0,0,1,-2,0
00-0010346,Peyton Manning,QB,2001,1,REG,2001_01_IND_NYJ,IND,NYJ,22,32,231,2,2,1,-9,2,19,0
00-0010442,Curtis Martin,RB,2001,1,REG,2001_01_IND_NYJ,NYJ,IND,0,0,0,0,0,0,0,20,79,1
00-0010560,Shane Matthews,QB,2001,1,REG,2001_01_CHI_BAL,CHI,BAL,24,39,138,0,2,1,-5,2,2,0
00-0011022,Donovan McNabb,QB,2001,1,REG,2001_01_STL_PHI,PHI,LA,32,48,312,2,1,5,-35,9,48,0
00-0011024,Steve McNair,QB,2001,1,REG,2001_01_MIA_TEN,TEN,MIA,7,19,118,1,1,1,-9,5,27,0
00-0011213,Glyn Milburn,WR,2001,1,REG,2001_01_CHI_BAL,CHI,BAL,0,0,0,0,0,0,0,2,2,0
00-0011626,Brian Moorman,P,2001,1,REG,2001_01_NO_BUF,BUF,NO,0,1,0,0,0,0,0,0,0,0
00-0012261,Neil O'Donnell,QB,2001,1,REG,2001_01_MIA_TEN,TEN,MIA,9,21,110,1,2,1,-9,2,29,0
00-0012478,Terrell Owens,WR,2001,1,REG,2001_01_ATL_SF,SF,ATL,0,0,0,0,0,0,0,1,3,0
00-0013232,Peerless Price,WR,2001,1,REG,2001_01_NO_BUF,BUF,NO,0,0,0,0,0,0,0,1,31,0
00-0013694,Tony Richardson,FB,2001,1,REG,2001_01_OAK_KC,KC,LV,0,0,0,0,0,0,0,6,3,1
00-0014489,Bill Schroeder,WR,2001,1,REG,2001_01_DET_GB,GB,DET,0,0,0,0,0,0,0,1,6,0
00-0015091,Antowain Smith,RB,2001,1,REG,2001_01_NE_CIN,NE,CIN,0,0,0,0,0,0,0,11,33,0
00-0015165,Emmitt Smith,RB,2001,1,REG,2001_01_TB_DAL,DAL,TB,0,0,0,0,0,0,0,13,40,0
00-0015242,Lamar Smith,RB,2001,1,REG,2001_01_MIA_TEN,MIA,TEN,0,0,0,0,0,0,0,25,55,1
00-0015290,Rod Smith,WR,2001,1,REG,2001_01_NYG_DEN,DEN,NYG,0,0,0,0,0,0,0,2,24,0
00-0015523,Duce Staley,RB,2001,1,REG,2001_01_STL_PHI,PHI,LA,0,0,0,0,0,0,0,9,9,0
00-0015601,Aaron Stecker,RB,2001,1,REG,2001_01_TB_DAL,TB,DAL,0,0,0,0,0,0,0,2,1,0
00-0015698,James Stewart,RB,2001,1,REG,2001_01_DET_GB,DET,GB,0,0,0,0,0,0,0,13,39,0
00-0015700,Kordell Stewart,QB,2001,1,REG,2001_01_PIT_JAX,PIT,JAX,21,37,181,0,2,3,-20,6,31,0
00-0015830,Mack Strong,FB,2001,1,REG,2001_01_SEA_CLE,SEA,CLE,0,0,0,0,0,0,0,1,0,0
00-0016098,Fred Taylor,RB,2001,1,REG,2001_01_PIT_JAX,PIT,JAX,0,0,0,0,0,0,0,24,96,0
00-0016193,Vinny Testaverde,QB,2001,1,REG,2001_01_IND_NYJ,NYJ,IND,17,25,175,2,0,1,-7,3,5,0
00-0016316,Robert Thomas,FB,2001,1,REG,2001_01_TB_DAL,DAL,TB,0,0,0,0,0,0,0,2,28,0
00-0017162,Hines Ward,WR,2001,1,REG,2001_01_PIT_JAX,PIT,JAX,0,0,0,0,0,0,0,1,1,0
00-0017200,Kurt Warner,QB,2001,1,REG,2001_01_STL_PHI,LA,PHI,28,42,308,1,2,4,-26,0,0,0
00-0017218,Lamont Warren,RB,2001,1,REG,2001_01_DET_GB,DET,GB,0,0,0,0,0,0,0,5,8,0
00-0017322,Ricky Watters,RB,2001,1,REG,2001_01_SEA_CLE,SEA,CLE,0,0,0,0,0,0,0,16,97,0
00-0017486,Tyrone Wheatley,RB,2001,1,REG,2001_01_OAK_KC,LV,KC,0,0,0,0,0,0,0,14,49,0
00-0017915,Ricky Williams,RB,2001,1,REG,2001_01_NO_BUF,NO,BUF,0,0,0,0,0,0,0,18,93,0
00-0018501,Amos Zereoue,RB,2001,1,REG,2001_01_PIT_JAX,PIT,JAX,0,0,0,0,0,0,0,9,60,0
00-0018958,Laveranues Coles,WR,2001,1,REG,2001_01_IND_NYJ,NYJ,IND,0,0,0,0,0,0,0,1,16,0
00-0019025,Ronney Jenkins,RB,2001,1,REG,2001_01_WAS_SD,LAC,WAS,0,0,0,0,0,0,0,1,-1,0
00-0019057,Jamel White,RB,2001,1,REG,2001_01_SEA_CLE,CLE,SEA,0,0,0,0,0,0,0,10,52,0
00-0019423,Jason Brookins,RB,2001,1,REG,2001_01_CHI_BAL,BAL,CHI,0,0,0,0,0,0,0,1,8,0
00-0019455,Peter Warrick,WR,2001,1,REG,2001_01_NE_CIN,CIN,NE,0,0,0,0,0,0,0,1,13,0
00-0019484,Sammy Morris,RB,2001,1,REG,2001_01_NO_BUF,BUF,NO,0,0,0,0,0,0,0,1,2,0
00-0019516,Troy Hambrick,RB,2001,1,REG,2001_01_TB_DAL,DAL,TB,0,0,0,0,0,0,0,1,10,0
00-0019559,Chad Pennington,QB,2001,1,REG,2001_01_IND_NYJ,NYJ,IND,1,6,24,0,0,0,0,0,0,0
00-0019587,Terrelle Smith,FB,2001,1,REG,2001_01_NO_BUF,NO,BUF,0,0,0,0,0,0,0,2,4,0
00-0019594,Mike Anderson,RB,2001,1,REG,2001_01_NYG_DEN,DEN,NYG,0,0,0,0,0,0,0,6,10,1
00-0019614,Michael Wiley,RB,2001,1,REG,2001_01_TB_DAL,DAL,TB,0,0,0,0,0,0,0,1,2,0
00-0019643,Ron Dayne,RB,2001,1,REG,2001_01_NYG_DEN,NYG,DEN,0,0,0,0,0,0,0,6,30,0
00-0019647,Shaun Alexander,RB,2001,1,REG,2001_01_SEA_CLE,SEA,CLE,0,0,0,0,0,0,0,4,3,0
00-0019649,Trung Canidate,RB,2001,1,REG,2001_01_STL_PHI,LA,PHI,0,0,0,0,0,0,0,1,1,0
00-0019712,Doug Chapman,RB,2001,1,REG,2001_01_CAR_MIN,MIN,CAR,0,0,0,0,0,0,0,3,15,0
00-0019722,J.R. Redmond,RB,2001,1,REG,2001_01_NE_CIN,NE,CIN,0,0,0,0,0,0,0,3,12,0
00-0019831,Nick Goings,RB,2001,1,REG,2001_01_CAR_MIN,CAR,MIN,0,0,0,0,0,0,0,25,86,0
00-0020245,Mike Vick,QB,2001,1,REG,2001_01_ATL_SF,ATL,SF,0,4,0,0,0,0,0,2,32,0
00-0020403,Anthony Thomas,RB,2001,1,REG,2001_01_CHI_BAL,CHI,BAL,0,0,0,0,0,0,0,3,9,0
00-0020404,Quincy Carter,QB,2001,1,REG,2001_01_TB_DAL,DAL,TB,9,19,34,0,2,2,-6,4,16,0
00-0020430,James Jackson,RB,2001,1,REG,2001_01_SEA_CLE,CLE,SEA,0,0,0,0,0,0,0,14,37,0
00-0020434,Chris Weinke,QB,2001,1,REG,2001_01_CAR_MIN,CAR,MIN,13,22,223,1,1,2,-23,6,-3,1
00-0020462,LaMont Jordan,RB,2001,1,REG,2001_01_IND_NYJ,NYJ,IND,0,0,0,0,0,0,0,3,17,0
00-0020471,Travis Henry,RB,2001,1,REG,2001_01_NO_BUF,BUF,NO,0,0,0,0,0,0,0,22,58,0
00-0020474,Kevan Barlow,RB,2001,1,REG,2001_01_ATL_SF,SF,ATL,0,0,0,0,0,0,0,5,9,0
00-0020514,Michael Bennett,RB,2001,1,REG,2001_01_CAR_MIN,MIN,CAR,0,0,0,0,0,0,0,11,37,0
00-0020527,Deuce McAllister,RB,2001,1,REG,2001_01_NO_BUF,NO,BUF,0,0,0,0,0,0,0,1,2,0
00-0020536,LaDainian Tomlinson,RB,2001,1,REG,2001_01_WAS_SD,LAC,WAS,0,0,0,0,0,0,0,36,113,2
00-0000210,James Allen,RB,2001,2,REG,2001_02_MIN_CHI,CHI,MIN,0,0,0,0,0,0,0,15,45,0
00-0000232,Terry Allen,RB,2001,2,REG,2001_02_BAL_CIN,BAL,CIN,0,0,0,0,0,0,0,17,61,0
00-0000316,Jamal Anderson,RB,2001,2,REG,2001_02_CAR_ATL,ATL,CAR,0,0,0,0,0,0,0,25,98,0
00-0000339,Richie Anderson,FB,2001,2,REG,2001_02_NYJ_NE,NYJ,NE,0,0,0,0,0,0,0,3,5,0
00-0000552,Obafemi Ayanbadejo,RB,2001,2,REG,2001_02_BAL_CIN,BAL,CIN,0,0,0,0,0,0,0,2,3,0
00-0000745,Tiki Barber,RB,2001,2,REG,2001_02_NYG_KC,NYG,KC,0,0,0,0,0,0,0,11,42,0
00-0001098,Brandon Bennett,RB,2001,2,REG,2001_02_BAL_CIN,CIN,BAL,0,0,0,0,0,0,0,3,1,0
00-0001102,Donnell Bennett,FB,2001,2,REG,2001_02_WAS_GB,WAS,GB,0,0,0,0,0,0,0,1,7,0
00-0001157,Mitch Berger,P,2001,2,REG,2001_02_MIN_CHI,MIN,CHI,0,1,0,0,0,0,0,0,0,0
00-0001224,Tim Biakabutuka,RB,2001,2,REG,2001_02_CAR_ATL,CAR,ATL,0,0,0,0,0,0,0,5,27,0
00-0001361,Drew Bledsoe,QB,2001,2,REG,2001_02_NYJ_NE,NE,NYJ,18,28,159,0,2,1,-4,2,8,0
00-0001477,Marty Booker,WR,2001,2,REG,2001_02_MIN_CHI,CHI,MIN,0,0,0,0,0,0,0,1,4,0
00-0002110,Mark Brunell,QB,2001,2,REG,2001_02_TEN_JAX,TEN,JAX,17,27,235,0,0,3,-25,6,19,0
00-0002159,Shawn Bryson,RB,2001,2,REG,2001_02_BUF_IND,BUF,IND,0,0,0,0,0,0,0,1,1,0
00-0002846,Larry Centers,FB,2001,2,REG,2001_02_BUF_IND,BUF,IND,0,0,0,0,0,0,0,3,14,0
00-0002876,Chris Chandler,QB,2001,2,REG,2001_02_CAR_ATL,ATL,CAR,11,14,244,2,1,1,-4,0,0,0
00-0003292,Kerry Collins,QB,2001,2,REG,2001_02_NYG_KC,NYG,KC,20,34,208,0,3,1,-7,3,10,0
00-0003535,Tim Couch,QB,2001,2,REG,2001_02_DET_CLE,CLE,DET,12,20,138,3,2,3,-20,3,0,0
00-0003663,Zack Crockett,RB,2001,2,REG,2001_02_OAK_MIA,LV,MIA,0,0,0,0,0,0,0,1,8,0
00-0003700,Germane Crowell,WR,2001,2,REG,2001_02_DET_CLE,DET,CLE,0,0,0,0,0,0,0,1,6,0
00-0003739,Daunte Culpepper,QB,2001,2,REG,2001_02_MIN_CHI,MIN,CHI,24,36,233,1,0,3,-18,8,42,0
00-0003761,Randall Cunningham,QB,2001,2,REG,2001_02_BAL_CIN,BAL,CIN,1,1,3,0,0,0,0,0,0,0
00-0004052,Stephen Davis,RB,2001,2,REG,2001_02_WAS_GB,WAS,GB,0,0,0,0,0,0,0,13,65,0
00-0004230,Ty Detmer,QB,2001,2,REG,2001_02_DET_CLE,DET,CLE,22,42,212,1,7,3,-23,2,5,0
00-0004304,Corey Dillon,RB,2001,2,REG,2001_02_BAL_CIN,CIN,BAL,0,0,0,0,0,0,0,18,57,0
00-0004541,Donald Driver,WR,2001,2,REG,2001_02_WAS_GB,GB,WAS,0,0,0,0,0,0,0,1,-1,0
00-0004673,Tim Dwight,WR,2001,2,REG,2001_02_SD_DAL,LAC,DAL,0,0,0,0,0,0,0,1,16,1
00-0004768,Marc Edwards,FB,2001,2,REG,2001_02_NYJ_NE,NE,NYJ,0,0,0,0,0,0,0,6,31,0
00-0005091,Kevin Faulk,RB,2001,2,REG,2001_02_NYJ_NE,NE,NYJ,0,0,0,0,0,0,0,3,19,0
00-0005092,Marshall Faulk,RB,2001,2,REG,2001_02_STL_SF,LA,SF,0,0,0,0,0,0,0,18,105,0
00-0005106,Brett Favre,QB,2001,2,REG,2001_02_WAS_GB,GB,WAS,20,31,236,3,1,1,-10,4,9,0
00-0005180,Jay Fiedler,QB,2001,2,REG,2001_02_OAK_MIA,MIA,LV,16,34,217,0,2,1,-2,8,34,2
00-0005324,Terrell Fletcher,RB,2001,2,REG,2001_02_SD_DAL,LAC,DAL,0,0,0,0,0,0,0,4,9,0
00-0005363,Doug Flutie,QB,2001,2,REG,2001_02_SD_DAL,LAC,DAL,23,38,348,2,0,1,-3,6,15,0
00-0005589,Gus Frerotte,QB,2001,2,REG,2001_02_DEN_ARI,DEN,ARI,0,0,0,0,0,0,0,4,-1,0
00-0005741,Rich Gannon,QB,2001,2,REG,2001_02_OAK_MIA,LV,MIA,14,25,125,0,0,1,-5,3,14,0
00-0005755,Jeff Garcia,QB,2001,2,REG,2001_02_STL_SF,SF,LA,19,34,121,1,1,1,-5,7,45,1
00-0005779,Charlie Garner,RB,2001,2,REG,2001_02_OAK_MIA,LV,MIA,0,0,0,0,0,0,0,7,30,0
00-0005816,Olandis Gary,RB,2001,2,REG,2001_02_DEN_ARI,DEN,ARI,0,0,0,0,0,0,0,14,90,1
00-0005883,Eddie George,RB,2001,2,REG,2001_02_TEN_JAX,TEN,JAX,0,0,0,0,0,0,0,20,79,0
00-0005885,Jeff George,QB,2001,2,REG,2001_02_WAS_GB,WAS,GB,15,24,102,0,1,5,-36,1,-1,0
00-0006300,Elvis Grbac,QB,2001,2,REG,2001_02_BAL_CIN,BAL,CIN,33,63,326,1,3,2,-11,1,0,0
00-0006305,Ahman Green,RB,2001,2,REG,2001_02_WAS_GB,GB,WAS,0,0,0,0,0,0,0,25,116,0
00-0006355,Trent Green,QB,2001,2,REG,2001_02_NYG_KC,KC,NYG,17,34,184,0,1,1,-6,3,17,0
00-0006423,Brian Griese,QB,2001,2,REG,2001_02_DEN_ARI,DEN,ARI,22,31,242,3,0,1,-8,0,0,0
00-0007091,Matt Hasselbeck,QB,2001,2,REG,2001_02_PHI_SEA,SEA,PHI,9,24,62,0,0,7,-41,4,31,0
00-0007180,Garrison Hearst,RB,2001,2,REG,2001_02_STL_SF,SF,LA,0,0,0,0,0,0,0,4,10,0
00-0007254,William Henderson,FB,2001,2,REG,2001_02_WAS_GB,GB,WAS,0,0,0,0,0,0,0,1,4,0
00-0007579,Robert Holcombe,FB,2001,2,REG,2001_02_STL_SF,LA,SF,0,0,0,0,0,0,0,1,2,0
00-0007661,Priest Holmes,RB,2001,2,REG,2001_02_NYG_KC,KC,NYG,0,0,0,0,0,0,0,8,30,0
00-0007681,Torry Holt,WR,2001,2,REG,2001_02_STL_SF,LA,SF,0,0,0,0,0,0,0,1,-2,0
00-0008196,Terry Jackson,RB,2001,2,REG,2001_02_STL_SF,SF,LA,0,0,0,0,0,0,0,1,12,0
00-0008241,Edgerrin James,RB,2001,2,REG,2001_02_BUF_IND,IND,BUF,0,0,0,0,0,0,0,23,111,1
00-0008529,J.J. Johnson,RB,2001,2,REG,2001_02_OAK_MIA,MIA,LV,0,0,0,0,0,0,0,2,13,0
00-0008612,Rob Johnson,QB,2001,2,REG,2001_02_BUF_IND,BUF,IND,24,37,257,1,1,4,-28,5,63,0
00-0009311,Jon Kitna,QB,2001,2,REG,2001_02_BAL_CIN,CIN,BAL,19,30,154,1,0,2,-18,1,2,1
00-0009323,Jimmy Kleinsasser,TE,2001,2,REG,2001_02_MIN_CHI,MIN,CHI,0,0,0,0,0,0,0,1,6,0
00-0009829,Dorsey Levens,RB,2001,2,REG,2001_02_WAS_GB,GB,WAS,0,0,0,0,0,0,0,5,13,0
00-0010240,Stacey Mack,RB,2001,2,REG,2001_02_TEN_JAX,TEN,JAX,0,0,0,0,0,0,0,18,80,1
00-0010346,Peyton Manning,QB,2001,2,REG,2001_02_BUF_IND,IND,BUF,23,29,421,4,2,1,-3,7,26,1
00-0010436,Cecil Martin,RB,2001,2,REG,2001_02_PHI_SEA,PHI,SEA,0,0,0,0,0,0,0,1,8,0
00-0010442,Curtis Martin,RB,2001,2,REG,2001_02_NYJ_NE,NYJ,NE,0,0,0,0,0,0,0,24,106,1
00-0010560,Shane Matthews,QB,2001,2,REG,2001_02_MIN_CHI,CHI,MIN,5,9,33,0,0,0,0,1,0,0
00-0010974,James McKnight,WR,2001,2,REG,2001_02_OAK_MIA,MIA,LV,0,0,0,0,0,0,0,1,4,0
00-0011022,Donovan McNabb,QB,2001,2,REG,2001_02_PHI_SEA,PHI,SEA,24,37,283,2,0,5,-41,5,16,1
00-0011276,Jim Miller,QB,2001,2,REG,2001_02_MIN_CHI,CHI,MIN,18,29,204,2,1,0,0,2,-2,0
00-0011399,Brian Mitchell,RB,2001,2,REG,2001_02_PHI_SEA,PHI,SEA,0,0,0,0,0,0,0,2,5,0
00-0012261,Neil O'Donnell,QB,2001,2,REG,2001_02_TEN_JAX,TEN,JAX,21,36,215,0,0,4,-38,0,0,0
00-0013042,Jake Plummer,QB,2001,2,REG,2001_02_DEN_ARI,ARI,DEN,16,28,242,1,1,3,-18,1,19,0
00-0013232,Peerless Price,WR,2001,2,REG,2001_02_BUF_IND,BUF,IND,0,0,0,0,0,0,0,1,28,0
00-0013694,Tony Richardson,FB,2001,2,REG,2001_02_NYG_KC,KC,NYG,0,0,0,0,0,0,0,9,41,0
00-0015091,Antowain Smith,RB,2001,2,REG,2001_02_NYJ_NE,NE,NYJ,0,0,0,0,0,0,0,10,20,0
00-0015165,Emmitt Smith,RB,2001,2,REG,2001_02_SD_DAL,DAL,LAC,0,0,0,0,0,0,0,17,85,0
00-0015242,Lamar Smith,RB,2001,2,REG,2001_02_OAK_MIA,MIA,LV,0,0,0,0,0,0,0,22,92,0
00-0015523,Duce Staley,RB,2001,2,REG,2001_02_PHI_SEA,PHI,SEA,0,0,0,0,0,0,0,3,12,0
00-0015698,James Stewart,RB,2001,2,REG,2001_02_DET_CLE,DET,CLE,0,0,0,0,0,0,0,17,71,0
00-0016098,Fred Taylor,RB,2001,2,REG,2001_02_TEN_JAX,TEN,JAX,0,0,0,0,0,0,0,6,20,0
00-0016193,Vinny Testaverde,QB,2001,2,REG,2001_02_NYJ_NE,NYJ,NE,16,28,137,0,0,2,-10,0,0,0
00-0016316,Robert Thomas,FB,2001,2,REG,2001_02_SD_DAL,DAL,LAC,0,0,0,0,0,0,0,1,2,0
00-0016440,James Thrash,WR,2001,2,REG,2001_02_PHI_SEA,PHI,SEA,0,0,0,0,0,0,0,2,9,0
00-0017200,Kurt Warner,QB,2001,2,REG,2001_02_STL_SF,LA,SF,24,35,321,3,1,1,-11,3,9,0
00-0017322,Ricky Watters,RB,2001,2,REG,2001_02_PHI_SEA,SEA,PHI,0,0,0,0,0,0,0,17,81,0
00-0017486,Tyrone Wheatley,RB,2001,2,REG,2001_02_OAK_MIA,LV,MIA,0,0,0,0,0,0,0,15,44,0
00-0018272,Anthony Wright,QB,2001,2,REG,2001_02_SD_DAL,DAL,LAC,12,25,193,3,3,1,-5,4,5,0
00-0019057,Jamel White,RB,2001,2,REG,2001_02_DET_CLE,CLE,DET,0,0,0,0,0,0,0,3,15,0
00-0019442,Clint Stoerner,QB,2001,2,REG,2001_02_SD_DAL,DAL,LAC,0,0,0,0,0,0,0,1,0,0
00-0019455,Peter Warrick,WR,2001,2,REG,2001_02_BAL_CIN,CIN,BAL,0,0,0,0,0,0,0,1,7,0
00-0019516,Troy Hambrick,RB,2001,2,REG,2001_02_SD_DAL,DAL,LAC,0,0,0,0,0,0,0,2,6,0
00-0019534,Rondell Mealey,RB,2001,2,REG,2001_02_WAS_GB,GB,WAS,0,0,0,0,0,0,0,4,19,0
00-0019576,Mike Green,RB,2001,2,REG,2001_02_TEN_JAX,TEN,JAX,0,0,0,0,0,0,0,2,8,0
00-0019594,Mike Anderson,RB,2001,2,REG,2001_02_DEN_ARI,DEN,ARI,0,0,0,0,0,0,0,19,58,0
00-0019596,Tom Brady,QB,2001,2,REG,2001_02_NYJ_NE,NE,NYJ,5,10,46,0,0,0,0,1,9,0
00-0019614,Michael Wiley,RB,2001,2,REG,2001_02_SD_DAL,DAL,LAC,0,0,0,0,0,0,0,1,3,0
00-0019641,Thomas Jones,RB,2001,2,REG,2001_02_DEN_ARI,ARI,DEN,0,0,0,0,0,0,0,17,65,1
00-0019643,Ron Dayne,RB,2001,2,REG,2001_02_NYG_KC,NYG,KC,0,0,0,0,0,0,0,16,46,1
00-0019647,Shaun Alexander,RB,2001,2,REG,2001_02_PHI_SEA,SEA,PHI,0,0,0,0,0,0,0,3,6,0
00-0019649,Trung Canidate,RB,2001,2,REG,2001_02_STL_SF,LA,SF,0,0,0,0,0,0,0,2,1,0
00-0019662,Ron Dixon,WR,2001,2,REG,2001_02_NYG_KC,NYG,KC,0,0,0,0,0,0,0,1,0,0
00-0019722,J.R. Redmond,RB,2001,2,REG,2001_02_NYJ_NE,NE,NYJ,0,0,0,0,0,0,0,4,20,0
00-0019831,Nick Goings,RB,2001,2,REG,2001_02_CAR_ATL,CAR,ATL,0,0,0,0,0,0,0,15,57,0
00-0020245,Mike Vick,QB,2001,2,REG,2001_02_CAR_ATL,ATL,CAR,2,2,27,0,0,1,-11,3,23,1
00-0020270,Correll Buckhalter,RB,2001,2,REG,2001_02_PHI_SEA,PHI,SEA,0,0,0,0,0,0,0,18,52,0
00-0020430,James Jackson,RB,2001,2,REG,2001_02_DET_CLE,CLE,DET,0,0,0,0,0,0,0,31,124,0
00-0020434,Chris Weinke,QB,2001,2,REG,2001_02_CAR_ATL,CAR,ATL,27,41,276,0,0,2,-6,1,5,1
00-0020448,Travis Minor,RB,2001,2,REG,2001_02_OAK_MIA,MIA,LV,0,0,0,0,0,0,0,1,1,0
00-0020471,Travis Henry,RB,2001,2,REG,2001_02_BUF_IND,BUF,IND,0,0,0,0,0,0,0,12,39,1
00-0020474,Kevan Barlow,RB,2001,2,REG,2001_02_STL_SF,SF,LA,0,0,0,0,0,0,0,13,49,1
00-0020490,Koren Robinson,WR,2001,2,REG,2001_02_PHI_SEA,SEA,PHI,0,0,0,0,0,0,0,2,8,0
00-0020514,Michael Bennett,RB,2001,2,REG,2001_02_MIN_CHI,MIN,CHI,0,0,0,0,0,0,0,16,56,0
00-0020536,LaDainian Tomlinson,RB,2001,2,REG,2001_02_SD_DAL,LAC,DAL,0,0,0,0,0,0,0,27,90,0
00-0000145,Derrick Alexander,WR,2001,3,REG,2001_03_KC_WAS,KC,WAS,0,0,0,0,0,0,0,1,15,0
00-0000232,Terry Allen,RB,2001,3,REG,2001_03_BAL_DEN,BAL,DEN,0,0,0,0,0,0,0,19,65,0
00-0000251,Mike Alstott,FB,2001,3,REG,2001_03_TB_MIN,TB,MIN,0,0,0,0,0,0,0,3,24,0
00-0000316,Jamal Anderson,RB,2001,3,REG,2001_03_ATL_ARI,ATL,ARI,0,0,0,0,0,0,0,4,6,0
00-0000339,Richie Anderson,FB,2001,3,REG,2001_03_SF_NYJ,NYJ,SF,0,0,0,0,0,0,0,2,3,0
00-0000552,Obafemi Ayanbadejo,RB,2001,3,REG,2001_03_BAL_DEN,BAL,DEN,0,0,0,0,0,0,0,4,12,0
00-0000722,Tony Banks,QB,2001,3,REG,2001_03_KC_WAS,WAS,KC,11,27,116,1,1,1,-9,3,19,0
00-0000745,Tiki Barber,RB,2001,3,REG,2001_03_NO_NYG,NYG,NO,0,0,0,0,0,0,0,3,21,1
00-0000942,Fred Beasley,FB,2001,3,REG,2001_03_SF_NYJ,SF,NYJ,0,0,0,0,0,0,0,3,10,0
00-0001098,Brandon Bennett,RB,2001,3,REG,2001_03_CIN_SD,CIN,LAC,0,0,0,0,0,0,0,2,8,0
00-0001102,Donnell Bennett,FB,2001,3,REG,2001_03_KC_WAS,WAS,KC,0,0,0,0,0,0,0,2,9,0
00-0001215,Jerome Bettis,RB,2001,3,REG,2001_03_PIT_BUF,PIT,BUF,0,0,0,0,0,0,0,22,114,0
00-0001532,David Boston,WR,2001,3,REG,2001_03_ATL_ARI,ARI,ATL,0,0,0,0,0,0,0,1,17,0
00-0001823,Aaron Brooks,QB,2001,3,REG,2001_03_NO_NYG,NO,NYG,28,54,291,1,1,4,-35,4,17,0
00-0002068,Troy Brown,WR,2001,3,REG,2001_03_IND_NE,NE,IND,0,0,0,0,0,0,0,2,11,0
00-0002110,Mark Brunell,QB,2001,3,REG,2001_03_CLE_JAX,CLE,JAX,4,7,34,0,1,1,-5,0,0,0
00-0002743,Ki-Jana Carter,RB,2001,3,REG,2001_03_KC_WAS,WAS,KC,0,0,0,0,0,0,0,2,3,0
00-0002846,Larry Centers,FB,2001,3,REG,2001_03_PIT_BUF,BUF,PIT,0,0,0,0,0,0,0,2,7,0
00-0002876,Chris Chandler,QB,2001,3,REG,2001_03_ATL_ARI,ATL,ARI,20,28,286,3,0,2,-18,0,0,0
00-0002970,Bob Christian,FB,2001,3,REG,2001_03_ATL_ARI,ATL,ARI,0,0,0,0,0,0,0,2,16,0
00-0003292,Kerry Collins,QB,2001,3,REG,2001_03_NO_NYG,NYG,NO,9,18,135,1,0,5,-35,3,10,0
00-0003315,Todd Collins,QB,2001,3,REG,2001_03_KC_WAS,KC,WAS,3,4,40,0,0,0,0,2,6,0
00-0003344,Greg Comella,RB,2001,3,REG,2001_03_NO_NYG,NYG,NO,0,0,0,0,0,0,0,1,9,0
00-0003535,Tim Couch,QB,2001,3,REG,2001_03_CLE_JAX,CLE,JAX,24,34,249,0,1,3,-23,3,13,0
00-0003600,Dameyune Craig,QB,2001,3,REG,2001_03_GB_CAR,CAR,GB,0,0,0,0,0,1,-12,0,0,0
00-0003739,Daunte Culpepper,QB,2001,3,REG,2001_03_TB_MIN,MIN,TB,30,44,322,1,2,1,-10,5,20,1
00-0004052,Stephen Davis,RB,2001,3,REG,2001_03_KC_WAS,WAS,KC,0,0,0,0,0,0,0,13,80,0
00-0004229,Koy Detmer,QB,2001,3,REG,2001_03_DAL_PHI,PHI,DAL,0,0,0,0,0,0,0,1,-1,0
00-0004293,Trent Dilfer,QB,2001,3,REG,2001_03_SEA_OAK,SEA,LV,2,2,49,0,0,0,0,0,0,0
00-0004304,Corey Dillon,RB,2001,3,REG,2001_03_CIN_SD,CIN,LAC,0,0,0,0,0,0,0,15,46,0
00-0004640,Warrick Dunn,RB,2001,3,REG,2001_03_TB_MIN,TB,MIN,0,0,0,0,0,0,0,11,65,1
00-0004768,Marc Edwards,FB,2001,3,REG,2001_03_IND_NE,NE,IND,0,0,0,0,0,0,0,4,11,0
00-0005091,Kevin Faulk,RB,2001,3,REG,2001_03_IND_NE,NE,IND,0,0,0,0,0,0,0,9,48,1
00-0005092,Marshall Faulk,RB,2001,3,REG,2001_03_MIA_STL,LA,MIA,0,0,0,0,0,0,0,19,88,1
00-0005106,Brett Favre,QB,2001,3,REG,2001_03_GB_CAR,GB,CAR,25,39,308,3,2,0,0,2,-1,0
00-0005180,Jay Fiedler,QB,2001,3,REG,2001_03_MIA_STL,MIA,LA,19,27,204,1,2,2,-15,4,9,0
00-0005324,Terrell Fletcher,RB,2001,3,REG,2001_03_CIN_SD,LAC,CIN,0,0,0,0,0,0,0,8,22,0
00-0005363,Doug Flutie,QB,2001,3,REG,2001_03_CIN_SD,LAC,CIN,12,19,133,1,0,2,-21,5,3,0
00-0005620,Chris Fuamatu-Ma'afala,RB,2001,3,REG,2001_03_PIT_BUF,PIT,BUF,0,0,0,0,0,0,0,1,22,1
00-0005741,Rich Gannon,QB,2001,3,REG,2001_03_SEA_OAK,LV,SEA,19,28,217,3,0,1,0,2,11,1
00-0005755,Jeff Garcia,QB,2001,3,REG,2001_03_SF_NYJ,SF,NYJ,16,20,141,1,0,2,-15,8,18,0
00-0005779,Charlie Garner,RB,2001,3,REG,2001_03_SEA_OAK,LV,SEA,0,0,0,0,0,0,0,7,36,0
00-0005816,Olandis Gary,RB,2001,3,REG,2001_03_BAL_DEN,DEN,BAL,0,0,0,0,0,0,0,6,16,0
00-0006300,Elvis Grbac,QB,2001,3,REG,2001_03_BAL_DEN,BAL,DEN,17,30,221,2,1,0,0,5,2,0
00-0006305,Ahman Green,RB,2001,3,REG,2001_03_GB_CAR,GB,CAR,0,0,0,0,0,0,0,19,53,0
00-0006355,Trent Green,QB,2001,3,REG,2001_03_KC_WAS,KC,WAS,21,26,307,3,0,1,-1,1,2,0
00-0006423,Brian Griese,QB,2001,3,REG,2001_03_BAL_DEN,DEN,BAL,17,33,191,1,2,5,-24,5,17,0
00-0006627,Az-Zahir Hakim,WR,2001,3,REG,2001_03_MIA_STL,LA,MIA,0,0,0,0,0,0,0,2,12,0
00-0007091,Matt Hasselbeck,QB,2001,3,REG,2001_03_SEA_OAK,SEA,LV,14,28,167,0,1,6,-32,0,0,0
00-0007180,Garrison Hearst,RB,2001,3,REG,2001_03_SF_NYJ,SF,NYJ,0,0,0,0,0,0,0,20,95,0
00-0007254,William Henderson,FB,2001,3,REG,2001_03_GB_CAR,GB,CAR,0,0,0,0,0,0,0,2,6,0
00-0007357,Chris Hetherington,FB,2001,3,REG,2001_03_GB_CAR,CAR,GB,0,0,0,0,0,0,0,1,0,0
00-0007546,James Hodgins,RB,2001,3,REG,2001_03_MIA_STL,LA,MIA,0,0,0,0,0,0,0,1,5,0
00-0007661,Priest Holmes,RB,2001,3,REG,2001_03_KC_WAS,KC,WAS,0,0,0,0,0,0,0,23,147,2
00-0007744,Joe Horn,WR,2001,3,REG,2001_03_NO_NYG,NO,NYG,0,0,0,0,0,0,0,1,4,0
00-0007834,Brock Huard,QB,2001,3,REG,2001_03_SEA_OAK,SEA,LV,9,17,127,1,0,1,-5,1,11,0
00-0007969,Richard Huntley,RB,2001,3,REG,2001_03_GB_CAR,CAR,GB,0,0,0,0,0,0,0,5,19,0
00-0008196,Terry Jackson,RB,2001,3,REG,2001_03_SF_NYJ,SF,NYJ,0,0,0,0,0,0,0,2,23,0
00-0008241,Edgerrin James,RB,2001,3,REG,2001_03_IND_NE,IND,NE,0,0,0,0,0,0,0,17,55,0
00-0008391,Travis Jervey,RB,2001,3,REG,2001_03_ATL_ARI,ATL,ARI,0,0,0,0,0,0,0,3,6,0
00-0008442,Brad Johnson,QB,2001,3,REG,2001_03_TB_MIN,TB,MIN,20,34,224,0,1,1,-1,2,19,0
00-0008529,J.J. Johnson,RB,2001,3,REG,2001_03_MIA_STL,MIA,LA,0,0,0,0,0,0,0,2,7,0
00-0008612,Rob Johnson,QB,2001,3,REG,2001_03_PIT_BUF,BUF,PIT,13,22,104,0,0,4,-28,2,15,0
00-0008921,Randy Jordan,RB,2001,3,REG,2001_03_SEA_OAK,LV,SEA,0,0,0,0,0,0,0,5,1,0
00-0009163,Eddie Kennison,WR,2001,3,REG,2001_03_BAL_DEN,DEN,BAL,0,0,0,0,0,0,0,1,-6,0
00-0009311,Jon Kitna,QB,2001,3,REG,2001_03_CIN_SD,CIN,LAC,18,32,135,2,3,2,-9,5,10,0
00-0009323,Jimmy Kleinsasser,TE,2001,3,REG,2001_03_TB_MIN,MIN,TB,0,0,0,0,0,0,0,1,1,0
00-0010240,Stacey Mack,RB,2001,3,REG,2001_03_CLE_JAX,CLE,JAX,0,0,0,0,0,0,0,17,93,0
00-0010346,Peyton Manning,QB,2001,3,REG,2001_03_IND_NE,IND,NE,20,34,196,1,3,2,-7,2,14,1
00-0010436,Cecil Martin,RB,2001,3,REG,2001_03_DAL_PHI,PHI,DAL,0,0,0,0,0,0,0,5,14,0
00-0010442,Curtis Martin,RB,2001,3,REG,2001_03_SF_NYJ,NYJ,SF,0,0,0,0,0,0,0,20,76,2
00-0010747,Fred McCrary,RB,2001,3,REG,2001_03_CIN_SD,LAC,CIN,0,0,0,0,0,0,0,1,1,0
00-0011022,Donovan McNabb,QB,2001,3,REG,2001_03_DAL_PHI,PHI,DAL,14,28,162,3,0,2,-17,4,19,0
00-0011718,Harold Morrow,FB,2001,3,REG,2001_03_TB_MIN,MIN,TB,0,0,0,0,0,0,0,1,3,0
00-0011754,Randy Moss,WR,2001,3,REG,2001_03_TB_MIN,MIN,TB,0,0,0,0,0,0,0,1,9,0
00-0012478,Terrell Owens,WR,2001,3,REG,2001_03_SF_NYJ,SF,NYJ,0,0,0,0,0,0,0,1,4,0
00-0012637,Jerome Pathon,WR,2001,3,REG,2001_03_IND_NE,IND,NE,0,0,0,0,0,0,0,1,-8,0
00-0012642,David Patten,WR,2001,3,REG,2001_03_IND_NE,NE,IND,0,0,0,0,0,0,0,1,11,0
00-0013013,Michael Pittman,RB,2001,3,REG,2001_03_ATL_ARI,ARI,ATL,0,0,0,0,0,0,0,7,53,1
00-0013042,Jake Plummer,QB,2001,3,REG,2001_03_ATL_ARI,ARI,ATL,23,35,276,1,3,4,-31,2,-1,0
00-0013232,Peerless Price,WR,2001,3,REG,2001_03_PIT_BUF,BUF,PIT,0,0,0,0,0,0,0,1,0,0
00-0013338,Jonathan Quinn,QB,2001,3,REG,2001_03_CLE_JAX,CLE,JAX,15,30,136,1,1,1,-4,2,5,0
00-0013694,Tony Richardson,FB,2001,3,REG,2001_03_KC_WAS,KC,WAS,0,0,0,0,0,0,0,11,30,1
00-0014234,Mark Rypien,QB,2001,3,REG,2001_03_IND_NE,IND,NE,5,9,57,0,0,1,-6,0,0,0
00-0015091,Antowain Smith,RB,2001,3,REG,2001_03_IND_NE,NE,IND,0,0,0,0,0,0,0,22,94,2
00-0015165,Emmitt Smith,RB,2001,3,REG,2001_03_DAL_PHI,DAL,PHI,0,0,0,0,0,0,0,16,58,0
00-0015242,Lamar Smith,RB,2001,3,REG,2001_03_MIA_STL,MIA,LA,0,0,0,0,0,0,0,19,48,0
00-0015700,Kordell Stewart,QB,2001,3,REG,2001_03_PIT_BUF,PIT,BUF,15,22,107,0,0,2,-7,3,-3,0
00-0016193,Vinny Testaverde,QB,2001,3,REG,2001_03_SF_NYJ,NYJ,SF,12,25,202,0,0,2,-16,0,0,0
00-0016316,Robert Thomas,FB,2001,3,REG,2001_03_DAL_PHI,DAL,PHI,0,0,0,0,0,0,0,1,6,0
00-0016550,Amani Toomer,WR,2001,3,REG,2001_03_NO_NYG,NYG,NO,0,0,0,0,0,0,0,1,1,0
00-0016838,Alex Van Pelt,QB,2001,3,REG,2001_03_PIT_BUF,BUF,PIT,3,5,44,0,1,0,0,0,0,0
00-0017162,Hines Ward,WR,2001,3,REG,2001_03_PIT_BUF,PIT,BUF,0,0,0,0,0,0,0,1,0,0
00-0017200,Kurt Warner,QB,2001,3,REG,2001_03_MIA_STL,LA,MIA,24,31,328,4,0,1,-10,1,-1,0
00-0017239,Damon Washington,RB,2001,3,REG,2001_03_NO_NYG,NYG,NO,0,0,0,0,0,0,0,1,1,0
00-0017322,Ricky Watters,RB,2001,3,REG,2001_03_SEA_OAK,SEA,LV,0,0,0,0,0,0,0,5,13,0
00-0017486,Tyrone Wheatley,RB,2001,3,REG,2001_03_SEA_OAK,LV,SEA,0,0,0,0,0,0,0,8,31,0
00-0017892,Moe Williams,RB,2001,3,REG,2001_03_BAL_DEN,BAL,DEN,0,0,0,0,0,0,0,2,2,0
00-0017915,Ricky Williams,RB,2001,3,REG,2001_03_NO_NYG,NO,NYG,0,0,0,0,0,0,0,16,53,0
00-0018272,Anthony Wright,QB,2001,3,REG,2001_03_DAL_PHI,DAL,PHI,7,23,33,0,1,2,-16,1,2,0
00-0018501,Amos Zereoue,RB,2001,3,REG,2001_03_PIT_BUF,PIT,BUF,0,0,0,0,0,0,0,4,37,0
00-0018977,Maurice Smith,RB,2001,3,REG,2001_03_ATL_ARI,ATL,ARI,0,0,0,0,0,0,0,21,70,1
00-0019028,Herbert Goodman,RB,2001,3,REG,2001_03_GB_CAR,GB,CAR,0,0,0,0,0,0,0,1,-1,0
00-0019057,Jamel White,RB,2001,3,REG,2001_03_CLE_JAX,CLE,JAX,0,0,0,0,0,0,0,23,64,1
00-0019087,Doug Johnson,QB,2001,3,REG,2001_03_ATL_ARI,ATL,ARI,0,0,0,0,0,0,0,4,13,0
00-0019423,Jason Brookins,RB,2001,3,REG,2001_03_BAL_DEN,BAL,DEN,0,0,0,0,0,0,0,4,31,0
00-0019442,Clint Stoerner,QB,2001,3,REG,2001_03_DAL_PHI,DAL,PHI,4,7,44,2,0,0,0,0,0,0
00-0019455,Peter Warrick,WR,2001,3,REG,2001_03_CIN_SD,CIN,LAC,0,0,0,0,0,0,0,1,3,0
00-0019466,Curtis Keaton,RB,2001,3,REG,2001_03_CIN_SD,CIN,LAC,0,0,0,0,0,0,0,3,44,0
00-0019516,Troy Hambrick,RB,2001,3,REG,2001_03_DAL_PHI,DAL,PHI,0,0,0,0,0,0,0,10,107,0
00-0019534,Rondell Mealey,RB,2001,3,REG,2001_03_GB_CAR,GB,CAR,0,0,0,0,0,0,0,7,18,0
00-0019594,Mike Anderson,RB,2001,3,REG,2001_03_BAL_DEN,DEN,BAL,0,0,0,0,0,0,0,12,34,0
00-0019596,Tom Brady,QB,2001,3,REG,2001_03_IND_NE,NE,IND,13,23,168,0,0,1,-9,1,2,0
00-0019614,Michael Wiley,RB,2001,3,REG,2001_03_DAL_PHI,DAL,PHI,0,0,0,0,0,0,0,2,8,0
00-0019641,Thomas Jones,RB,2001,3,REG,2001_03_ATL_ARI,ARI,ATL,0,0,0,0,0,0,0,5,21,0
00-0019643,Ron Dayne,RB,2001,3,REG,2001_03_NO_NYG,NYG,NO,0,0,0,0,0,0,0,19,111,1
00-0019647,Shaun Alexander,RB,2001,3,REG,2001_03_SEA_OAK,SEA,LV,0,0,0,0,0,0,0,10,18,1
00-0019649,Trung Canidate,RB,2001,3,REG,2001_03_MIA_STL,LA,MIA,0,0,0,0,0,0,0,4,19,1
00-0019703,Jerry Porter,WR,2001,3,REG,2001_03_SEA_OAK,LV,SEA,0,0,0,0,0,0,0,2,13,0
00-0019712,Doug Chapman,RB,2001,3,REG,2001_03_TB_MIN,MIN,TB,0,0,0,0,0,0,0,3,6,0
00-0019831,Nick Goings,RB,2001,3,REG,2001_03_GB_CAR,CAR,GB,0,0,0,0,0,0,0,8,12,0
00-0019863,Dominic Rhodes,RB,2001,3,REG,2001_03_IND_NE,IND,NE,0,0,0,0,0,0,0,4,21,0
00-0020270,Correll Buckhalter,RB,2001,3,REG,2001_03_DAL_PHI,PHI,DAL,0,0,0,0,0,0,0,20,99,1
00-0020405,Marques Tuiasosopo,QB,2001,3,REG,2001_03_SEA_OAK,LV,SEA,3,4,34,0,0,0,0,1,1,0
00-0020430,James Jackson,RB,2001,3,REG,2001_03_CLE_JAX,CLE,JAX,0,0,0,0,0,0,0,10,18,0
00-0020434,Chris Weinke,QB,2001,3,REG,2001_03_GB_CAR,CAR,GB,18,30,160,1,1,2,-15,3,5,0
00-0020462,LaMont Jordan,RB,2001,3,REG,2001_03_SF_NYJ,NYJ,SF,0,0,0,0,0,0,0,1,3,0
00-0020471,Travis Henry,RB,2001,3,REG,2001_03_PIT_BUF,BUF,PIT,0,0,0,0,0,0,0,17,30,0
00-0020474,Kevan Barlow,RB,2001,3,REG,2001_03_SF_NYJ,SF,NYJ,0,0,0,0,0,0,0,9,83,0
00-0020514,Michael Bennett,RB,2001,3,REG,2001_03_TB_MIN,MIN,TB,0,0,0,0,0,0,0,13,51,0
00-0020527,Deuce McAllister,RB,2001,3,REG,2001_03_NO_NYG,NO,NYG,0,0,0,0,0,0,0,1,0,0
00-0020536,LaDainian Tomlinson,RB,2001,3,REG,2001_03_CIN_SD,LAC,CIN,0,0,0,0,0,0,0,21,107,3
00-0000210,James Allen,RB,2001,4,REG,2001_04_CHI_ATL,CHI,ATL,0,0,0,0,0,0,0,12,27,0
00-0000232,Terry Allen,RB,2001,4,REG,2001_04_TEN_BAL,BAL,TEN,0,0,0,0,0,0,0,22,108,1
00-0000251,Mike Alstott,FB,2001,4,REG,2001_04_GB_TB,TB,GB,0,0,0,0,0,0,0,15,77,1
00-0000339,Richie Anderson,FB,2001,4,REG,2001_04_NYJ_BUF,NYJ,BUF,0,0,0,0,0,0,0,1,8,0
00-0000552,Obafemi Ayanbadejo,RB,2001,4,REG,2001_04_TEN_BAL,BAL,TEN,0,0,0,0,0,0,0,2,17,0
00-0000722,Tony Banks,QB,2001,4,REG,2001_04_WAS_NYG,WAS,NYG,13,31,151,0,2,4,-27,2,0,0
00-0000865,Charlie Batch,QB,2001,4,REG,2001_04_STL_DET,DET,LA,11,16,113,0,1,3,-16,1,7,0
00-0001102,Donnell Bennett,FB,2001,4,REG,2001_04_WAS_NYG,WAS,NYG,0,0,0,0,0,0,0,2,10,0
00-0001215,Jerome Bettis,RB,2001,4,REG,2001_04_CIN_PIT,PIT,CIN,0,0,0,0,0,0,0,23,153,0
00-0001224,Tim Biakabutuka,RB,2001,4,REG,2001_04_CAR_SF,CAR,SF,0,0,0,0,0,0,0,10,45,0
00-0001477,Marty Booker,WR,2001,4,REG,2001_04_CHI_ATL,CHI,ATL,1,1,34,1,0,0,0,1,-5,0
00-0001823,Aaron Brooks,QB,2001,4,REG,2001_04_MIN_NO,NO,MIN,15,30,210,0,1,0,0,6,24,0
00-0002099,Isaac Bruce,WR,2001,4,REG,2001_04_STL_DET,LA,DET,0,0,0,0,0,0,0,1,10,0
00-0002110,Mark Brunell,QB,2001,4,REG,2001_04_JAX_SEA,JAX,SEA,21,39,233,1,0,3,-34,1,1,0
00-0002469,Isaac Byrd,WR,2001,4,REG,2001_04_CAR_SF,CAR,SF,0,0,0,0,0,0,0,1,-2,0
00-0002846,Larry Centers,FB,2001,4,REG,2001_04_NYJ_BUF,BUF,NYJ,0,0,0,0,0,0,0,5,14,1
00-0002876,Chris Chandler,QB,2001,4,REG,2001_04_CHI_ATL,ATL,CHI,7,12,75,0,3,1,-1,1,2,0
00-0002970,Bob Christian,FB,2001,4,REG,2001_04_CHI_ATL,ATL,CHI,0,0,0,0,0,0,0,1,4,0
00-0003292,Kerry Collins,QB,2001,4,REG,2001_04_WAS_NYG,NYG,WAS,15,29,177,1,2,1,-10,2,-2,0
00-0003344,Greg Comella,RB,2001,4,REG,2001_04_WAS_NYG,NYG,WAS,0,0,0,0,0,0,0,2,6,0
00-0003396,Curtis Conway,WR,2001,4,REG,2001_04_SD_CLE,LAC,CLE,0,0,0,0,0,0,0,2,2,0
00-0003535,Tim Couch,QB,2001,4,REG,2001_04_SD_CLE,CLE,LAC,14,27,203,1,0,4,-22,2,24,0
00-0003663,Zack Crockett,RB,2001,4,REG,2001_04_DAL_OAK,LV,DAL,0,0,0,0,0,0,0,1,3,1
00-0003739,Daunte Culpepper,QB,2001,4,REG,2001_04_MIN_NO,MIN,NO,23,34,332,2,1,6,-26,0,0,0
00-0004052,Stephen Davis,RB,2001,4,REG,2001_04_WAS_NYG,WAS,NYG,0,0,0,0,0,0,0,12,39,0
00-0004230,Ty Detmer,QB,2001,4,REG,2001_04_STL_DET,DET,LA,15,18,149,0,1,3,-17,1,-1,0
00-0004293,Trent Dilfer,QB,2001,4,REG,2001_04_JAX_SEA,SEA,JAX,15,23,219,1,1,2,-9,5,9,0
00-0004304,Corey Dillon,RB,2001,4,REG,2001_04_CIN_PIT,CIN,PIT,0,0,0,0,0,0,0,19,64,0
00-0004673,Tim Dwight,WR,2001,4,REG,2001_04_SD_CLE,LAC,CLE,0,0,0,0,0,0,0,1,8,0
00-0004768,Marc Edwards,FB,2001,4,REG,2001_04_NE_MIA,NE,MIA,0,0,0,0,0,0,0,3,14,0
00-0005091,Kevin Faulk,RB,2001,4,REG,2001_04_NE_MIA,NE,MIA,0,0,0,0,0,0,0,4,10,0
00-0005092,Marshall Faulk,RB,2001,4,REG,2001_04_STL_DET,LA,DET,0,0,0,0,0,0,0,14,71,1
00-0005106,Brett Favre,QB,2001,4,REG,2001_04_GB_TB,GB,TB,20,35,258,1,3,1,-5,2,5,0
00-0005180,Jay Fiedler,QB,2001,4,REG,2001_04_NE_MIA,MIA,NE,11,21,87,1,1,0,0,7,37,0
00-0005324,Terrell Fletcher,RB,2001,4,REG,2001_04_SD_CLE,LAC,CLE,0,0,0,0,0,0,0,1,5,0
00-0005363,Doug Flutie,QB,2001,4,REG,2001_04_SD_CLE,LAC,CLE,17,37,149,0,0,1,-6,3,9,0
00-0005562,Antonio Freeman,WR,2001,4,REG,2001_04_GB_TB,GB,TB,0,0,0,0,0,0,0,1,-5,0
00-0005720,Joey Galloway,WR,2001,4,REG,2001_04_DAL_OAK,DAL,LV,0,0,0,0,0,0,0,1,10,0
00-0005741,Rich Gannon,QB,2001,4,REG,2001_04_DAL_OAK,LV,DAL,21,28,209,1,0,1,-2,8,7,0
00-0005755,Jeff Garcia,QB,2001,4,REG,2001_04_CAR_SF,SF,CAR,17,31,212,2,1,1,-9,3,20,1
00-0005779,Charlie Garner,RB,2001,4,REG,2001_04_DAL_OAK,LV,DAL,0,0,0,0,0,0,0,12,53,0
00-0005816,Olandis Gary,RB,2001,4,REG,2001_04_KC_DEN,DEN,KC,0,0,0,0,0,0,0,9,28,0
00-0005883,Eddie George,RB,2001,4,REG,2001_04_TEN_BAL,TEN,BAL,0,0,0,0,0,0,0,13,26,0
00-0006300,Elvis Grbac,QB,2001,4,REG,2001_04_TEN_BAL,BAL,TEN,15,31,259,1,0,1,-6,0,0,0
00-0006305,Ahman Green,RB,2001,4,REG,2001_04_GB_TB,GB,TB,0,0,0,0,0,0,0,15,59,0
00-0006355,Trent Green,QB,2001,4,REG,2001_04_KC_DEN,KC,DEN,25,40,283,0,4,4,-28,0,0,0
00-0006423,Brian Griese,QB,2001,4,REG,2001_04_KC_DEN,DEN,KC,11,20,121,1,1,2,-18,8,14,0
00-0006627,Az-Zahir Hakim,WR,2001,4,REG,2001_04_STL_DET,LA,DET,0,0,0,0,0,0,0,1,0,0
00-0007180,Garrison Hearst,RB,2001,4,REG,2001_04_CAR_SF,SF,CAR,0,0,0,0,0,0,0,18,74,0
00-0007254,William Henderson,FB,2001,4,REG,2001_04_GB_TB,GB,TB,0,0,0,0,0,0,0,2,1,0
00-0007661,Priest Holmes,RB,2001,4,REG,2001_04_KC_DEN,KC,DEN,0,0,0,0,0,0,0,17,42,0
00-0007798,Desmond Howard,WR,2001,4,REG,2001_04_STL_DET,DET,LA,0,0,0,0,0,0,0,2,11,0
00-0007969,Richard Huntley,RB,2001,4,REG,2001_04_CAR_SF,CAR,SF,0,0,0,0,0,0,0,3,6,0
00-0008196,Terry Jackson,RB,2001,4,REG,2001_04_CAR_SF,SF,CAR,0,0,0,0,0,0,0,3,24,0
00-0008442,Brad Johnson,QB,2001,4,REG,2001_04_GB_TB,TB,GB,23,29,184,0,0,5,-30,2,16,0
00-0008612,Rob Johnson,QB,2001,4,REG,2001_04_NYJ_BUF,BUF,NYJ,3,4,57,1,1,1,-7,3,27,0
00-0008921,Randy Jordan,RB,2001,4,REG,2001_04_DAL_OAK,LV,DAL,0,0,0,0,0,0,0,1,5,0
00-0009311,Jon Kitna,QB,2001,4,REG,2001_04_CIN_PIT,CIN,PIT,19,34,164,1,1,2,-15,2,1,0
00-0009323,Jimmy Kleinsasser,TE,2001,4,REG,2001_04_MIN_NO,MIN,NO,0,0,0,0,0,0,0,2,5,0
00-0009829,Dorsey Levens,RB,2001,4,REG,2001_04_GB_TB,GB,TB,0,0,0,0,0,0,0,2,9,0
00-0010240,Stacey Mack,RB,2001,4,REG,2001_04_JAX_SEA,JAX,SEA,0,0,0,0,0,0,0,8,17,0
00-0010436,Cecil Martin,RB,2001,4,REG,2001_04_ARI_PHI,PHI,ARI,0,0,0,0,0,0,0,2,2,0
00-0010442,Curtis Martin,RB,2001,4,REG,2001_04_NYJ_BUF,NYJ,BUF,0,0,0,0,0,0,0,26,135,2
00-0010455,Jamie Martin,QB,2001,4,REG,2001_04_STL_DET,LA,DET,0,0,0,0,0,0,0,3,-3,0
00-0010974,James McKnight,WR,2001,4,REG,2001_04_NE_MIA,MIA,NE,0,0,0,0,0,0,0,1,3,0
00-0011022,Donovan McNabb,QB,2001,4,REG,2001_04_ARI_PHI,PHI,ARI,19,29,280,2,1,2,-19,3,24,0
00-0011024,Steve McNair,QB,2001,4,REG,2001_04_TEN_BAL,TEN,BAL,17,32,154,0,1,3,-16,3,12,0
00-0011276,Jim Miller,QB,2001,4,REG,2001_04_CHI_ATL,CHI,ATL,17,26,196,1,2,1,-9,0,0,0
00-0011399,Brian Mitchell,RB,2001,4,REG,2001_04_ARI_PHI,PHI,ARI,0,0,0,0,0,0,0,3,14,0
00-0011770,Eric Moulds,WR,2001,4,REG,2001_04_NYJ_BUF,BUF,NYJ,0,0,0,0,0,0,0,1,-4,0
00-0013013,Michael Pittman,RB,2001,4,REG,2001_04_ARI_PHI,ARI,PHI,0,0,0,0,0,0,0,22,83,0
00-0013042,Jake Plummer,QB,2001,4,REG,2001_04_ARI_PHI,ARI,PHI,18,32,238,2,1,1,-6,1,1,0
00-0014450,Cory Schlesinger,FB,2001,4,REG,2001_04_STL_DET,DET,LA,0,0,0,0,0,0,0,1,0,0
00-0015091,Antowain Smith,RB,2001,4,REG,2001_04_NE_MIA,NE,MIA,0,0,0,0,0,0,0,14,47,1
00-0015165,Emmitt Smith,RB,2001,4,REG,2001_04_DAL_OAK,DAL,LV,0,0,0,0,0,0,0,16,25,0
00-0015242,Lamar Smith,RB,2001,4,REG,2001_04_NE_MIA,MIA,NE,0,0,0,0,0,0,0,29,144,1
00-0015601,Aaron Stecker,RB,2001,4,REG,2001_04_GB_TB,TB,GB,0,0,0,0,0,0,0,2,6,0
00-0015698,James Stewart,RB,2001,4,REG,2001_04_STL_DET,DET,LA,0,0,0,0,0,0,0,13,88,0
00-0015700,Kordell Stewart,QB,2001,4,REG,2001_04_CIN_PIT,PIT,CIN,15,24,151,0,0,2,-13,9,62,1
00-0016193,Vinny Testaverde,QB,2001,4,REG,2001_04_NYJ_BUF,NYJ,BUF,15,25,173,2,0,0,0,1,-1,0
00-0016316,Robert Thomas,FB,2001,4,REG,2001_04_DAL_OAK,DAL,LV,0,0,0,0,0,0,0,1,2,0
00-0016321,Rodney Thomas,RB,2001,4,REG,2001_04_CHI_ATL,ATL,CHI,0,0,0,0,0,0,0,1,8,0
00-0016550,Amani Toomer,WR,2001,4,REG,2001_04_WAS_NYG,NYG,WAS,0,0,0,0,0,0,0,1,9,0
00-0016838,Alex Van Pelt,QB,2001,4,REG,2001_04_NYJ_BUF,BUF,NYJ,23,41,268,3,1,1,-7,2,8,0
00-0017200,Kurt Warner,QB,2001,4,REG,2001_04_STL_DET,LA,DET,29,37,291,3,0,1,-7,0,0,0
00-0017239,Damon Washington,RB,2001,4,REG,2001_04_WAS_NYG,NYG,WAS,0,0,0,0,0,0,0,25,90,0
00-0017470,Michael Westbrook,WR,2001,4,REG,2001_04_WAS_NYG,WAS,NYG,0,0,0,0,0,0,0,1,8,0
00-0017486,Tyrone Wheatley,RB,2001,4,REG,2001_04_DAL_OAK,LV,DAL,0,0,0,0,0,0,0,12,33,2
00-0017915,Ricky Williams,RB,2001,4,REG,2001_04_MIN_NO,NO,MIN,0,0,0,0,0,0,0,30,136,1
00-0018272,Anthony Wright,QB,2001,4,REG,2001_04_DAL_OAK,DAL,LV,14,22,126,2,0,1,-7,4,18,0
00-0018501,Amos Zereoue,RB,2001,4,REG,2001_04_CIN_PIT,PIT,CIN,0,0,0,0,0,0,0,8,60,0
00-0018949,Tim Seder,K,2001,4,REG,2001_04_DAL_OAK,DAL,LV,0,0,0,0,0,0,0,1,8,1
00-0018958,Laveranues Coles,WR,2001,4,REG,2001_04_NYJ_BUF,NYJ,BUF,0,0,0,0,0,0,0,2,15,0
00-0018977,Maurice Smith,RB,2001,4,REG,2001_04_CHI_ATL,ATL,CHI,0,0,0,0,0,0,0,17,71,0
00-0019057,Jamel White,RB,2001,4,REG,2001_04_SD_CLE,CLE,LAC,0,0,0,0,0,0,0,2,1,0
00-0019100,Brad Hoover,FB,2001,4,REG,2001_04_CAR_SF,CAR,SF,0,0,0,0,0,0,0,2,12,0
00-0019423,Jason Brookins,RB,2001,4,REG,2001_04_TEN_BAL,BAL,TEN,0,0,0,0,0,0,0,15,68,1
00-0019484,Sammy Morris,RB,2001,4,REG,2001_04_NYJ_BUF,BUF,NYJ,0,0,0,0,0,0,0,2,4,0
00-0019516,Troy Hambrick,RB,2001,4,REG,2001_04_DAL_OAK,DAL,LV,0,0,0,0,0,0,0,4,24,0
00-0019576,Mike Green,RB,2001,4,REG,2001_04_TEN_BAL,TEN,BAL,0,1,0,0,1,0,0,1,9,0
00-0019587,Terrelle Smith,FB,2001,4,REG,2001_04_MIN_NO,NO,MIN,0,0,0,0,0,0,0,1,0,0
00-0019594,Mike Anderson,RB,2001,4,REG,2001_04_KC_DEN,DEN,KC,0,0,0,0,0,0,0,22,155,1
00-0019596,Tom Brady,QB,2001,4,REG,2001_04_NE_MIA,NE,MIA,12,24,86,0,0,4,-17,2,9,0
00-0019606,Todd Pinkston,WR,2001,4,REG,2001_04_ARI_PHI,PHI,ARI,0,0,0,0,0,0,0,1,5,0
00-0019641,Thomas Jones,RB,2001,4,REG,2001_04_ARI_PHI,ARI,PHI,0,0,0,0,0,0,0,5,13,0
00-0019643,Ron Dayne,RB,2001,4,REG,2001_04_WAS_NYG,NYG,WAS,0,0,0,0,0,0,0,16,39,0
00-0019647,Shaun Alexander,RB,2001,4,REG,2001_04_JAX_SEA,SEA,JAX,0,0,0,0,0,0,0,31,176,2
00-0019649,Trung Canidate,RB,2001,4,REG,2001_04_STL_DET,LA,DET,0,0,0,0,0,0,0,2,16,0
00-0019712,Doug Chapman,RB,2001,4,REG,2001_04_MIN_NO,MIN,NO,0,0,0,0,0,0,0,1,5,0
00-0019721,Travis Taylor,WR,2001,4,REG,2001_04_TEN_BAL,BAL,TEN,0,0,0,0,0,0,0,1,14,0
00-0019889,Elvis Joseph,RB,2001,4,REG,2001_04_JAX_SEA,JAX,SEA,0,0,0,0,0,0,0,12,39,0
00-0020245,Mike Vick,QB,2001,4,REG,2001_04_CHI_ATL,ATL,CHI,12,18,186,0,0,5,-28,5,18,0
00-0020270,Correll Buckhalter,RB,2001,4,REG,2001_04_ARI_PHI,PHI,ARI,0,0,0,0,0,0,0,21,134,0
00-0020403,Anthony Thomas,RB,2001,4,REG,2001_04_CHI_ATL,CHI,ATL,0,0,0,0,0,0,0,11,57,1
00-0020404,Quincy Carter,QB,2001,4,REG,2001_04_DAL_OAK,DAL,LV,1,5,4,0,0,0,0,3,21,0
00-0020427,Quincy Morgan,WR,2001,4,REG,2001_04_SD_CLE,CLE,LAC,0,0,0,0,0,0,0,1,4,0
00-0020430,James Jackson,RB,2001,4,REG,2001_04_SD_CLE,CLE,LAC,0,0,0,0,0,0,0,26,68,1
00-0020434,Chris Weinke,QB,2001,4,REG,2001_04_CAR_SF,CAR,SF,29,47,275,1,3,1,0,0,0,0
00-0020448,Travis Minor,RB,2001,4,REG,2001_04_NE_MIA,MIA,NE,0,0,0,0,0,0,0,7,25,0
00-0020462,LaMont Jordan,RB,2001,4,REG,2001_04_NYJ_BUF,NYJ,BUF,0,0,0,0,0,0,0,2,5,0
00-0020471,Travis Henry,RB,2001,4,REG,2001_04_NYJ_BUF,BUF,NYJ,0,0,0,0,0,0,0,19,113,0
00-0020474,Kevan Barlow,RB,2001,4,REG,2001_04_CAR_SF,SF,CAR,0,0,0,0,0,0,0,11,32,0
00-0020514,Michael Bennett,RB,2001,4,REG,2001_04_MIN_NO,MIN,NO,0,0,0,0,0,0,0,8,24,0
00-0020536,LaDainian Tomlinson,RB,2001,4,REG,2001_04_SD_CLE,LAC,CLE,0,0,0,0,0,0,0,19,102,1
00-0000210,James Allen,RB,2001,5,REG,2001_05_ARI_CHI,CHI,ARI,0,0,0,0,0,0,0,18,75,1
00-0000232,Terry Allen,RB,2001,5,REG,2001_05_BAL_GB,BAL,GB,0,0,0,0,0,0,0,18,75,0
00-0000251,Mike Alstott,FB,2001,5,REG,2001_05_TB_TEN,TB,TEN,0,0,0,0,0,0,0,5,4,0
00-0000339,Richie Anderson,FB,2001,5,REG,2001_05_MIA_NYJ,NYJ,MIA,0,0,0,0,0,0,0,1,5,0
00-0000552,Obafemi Ayanbadejo,RB,2001,5,REG,2001_05_BAL_GB,BAL,GB,0,0,0,0,0,0,0,2,9,0
00-0000722,Tony Banks,QB,2001,5,REG,2001_05_WAS_DAL,WAS,DAL,10,18,132,1,0,2,-9,3,4,0
00-0000865,Charlie Batch,QB,2001,5,REG,2001_05_DET_MIN,DET,MIN,31,41,345,3,0,4,-17,1,0,0
00-0000942,Fred Beasley,FB,2001,5,REG,2001_05_SF_ATL,SF,ATL,0,0,0,0,0,0,0,1,1,0
00-0001098,Brandon Bennett,RB,2001,5,REG,2001_05_CLE_CIN,CIN,CLE,0,0,0,0,0,0,0,7,41,0
00-0001215,Jerome Bettis,RB,2001,5,REG,2001_05_PIT_KC,PIT,KC,0,0,0,0,0,0,0,19,112,0
00-0001224,Tim Biakabutuka,RB,2001,5,REG,2001_05_NO_CAR,CAR,NO,0,0,0,0,0,0,0,13,30,0
00-0001532,David Boston,WR,2001,5,REG,2001_05_ARI_CHI,ARI,CHI,0,0,0,0,0,0,0,1,11,0
00-0001823,Aaron Brooks,QB,2001,5,REG,2001_05_NO_CAR,NO,CAR,14,40,180,2,1,2,-20,7,49,0
00-0002876,Chris Chandler,QB,2001,5,REG,2001_05_SF_ATL,ATL,SF,19,36,268,2,1,2,-14,2,22,0
00-0002942,Darrin Chiaverini,WR,2001,5,REG,2001_05_WAS_DAL,DAL,WAS,0,0,0,0,0,0,0,1,3,0
00-0002970,Bob Christian,FB,2001,5,REG,2001_05_SF_ATL,ATL,SF,0,0,0,0,0,0,0,2,16,0
00-0003136,Mike Cloud,RB,2001,5,REG,2001_05_PIT_KC,KC,PIT,0,0,0,0,0,0,0,1,3,0
00-0003292,Kerry Collins,QB,2001,5,REG,2001_05_NYG_STL,NYG,LA,17,32,242,1,2,3,-15,2,11,0
00-0003535,Tim Couch,QB,2001,5,REG,2001_05_CLE_CIN,CLE,CIN,14,28,194,2,0,3,-23,2,-1,0
00-0003739,Daunte Culpepper,QB,2001,5,REG,2001_05_DET_MIN,MIN,DET,20,27,244,1,1,6,-46,7,83,2
00-0003761,Randall Cunningham,QB,2001,5,REG,2001_05_BAL_GB,BAL,GB,5,10,70,0,0,0,0,4,40,1
00-0004052,Stephen Davis,RB,2001,5,REG,2001_05_WAS_DAL,WAS,DAL,0,0,0,0,0,0,0,23,99,0
00-0004293,Trent Dilfer,QB,2001,5,REG,2001_05_DEN_SEA,SEA,DEN,12,18,110,0,0,2,-17,1,6,0
00-0004304,Corey Dillon,RB,2001,5,REG,2001_05_CLE_CIN,CIN,CLE,0,0,0,0,0,0,0,31,140,1
00-0004640,Warrick Dunn,RB,2001,5,REG,2001_05_TB_TEN,TB,TEN,0,0,0,0,0,0,0,10,16,1
00-0004768,Marc Edwards,FB,2001,5,REG,2001_05_SD_NE,NE,LAC,0,0,0,0,0,0,0,4,5,0
00-0004780,Troy Edwards,WR,2001,5,REG,2001_05_PIT_KC,PIT,KC,0,0,0,0,0,0,0,1,2,0
00-0005091,Kevin Faulk,RB,2001,5,REG,2001_05_SD_NE,NE,LAC,0,0,0,0,0,0,0,2,0,0
00-0005092,Marshall Faulk,RB,2001,5,REG,2001_05_NYG_STL,LA,NYG,0,0,0,0,0,0,0,8,25,0
00-0005106,Brett Favre,QB,2001,5,REG,2001_05_BAL_GB,GB,BAL,27,34,337,3,0,2,-6,2,-1,0
00-0005180,Jay Fiedler,QB,2001,5,REG,2001_05_MIA_NYJ,MIA,NYJ,23,34,213,1,2,2,-8,2,27,0
00-0005324,Terrell Fletcher,RB,2001,5,REG,2001_05_SD_NE,LAC,NE,0,0,0,0,0,0,0,1,8,0
00-0005363,Doug Flutie,QB,2001,5,REG,2001_05_SD_NE,LAC,NE,20,32,270,1,0,1,-12,2,1,0
00-0005741,Rich Gannon,QB,2001,5,REG,2001_05_OAK_IND,LV,IND,18,32,243,0,0,3,-27,7,16,0
00-0005755,Jeff Garcia,QB,2001,5,REG,2001_05_SF_ATL,SF,ATL,27,41,332,3,0,1,-2,14,70,1
00-0005779,Charlie Garner,RB,2001,5,REG,2001_05_OAK_IND,LV,IND,0,0,0,0,0,0,0,15,53,0
00-0005816,Olandis Gary,RB,2001,5,REG,2001_05_DEN_SEA,DEN,SEA,0,0,0,0,0,0,0,1,3,0
00-0005883,Eddie George,RB,2001,5,REG,2001_05_TB_TEN,TEN,TB,0,0,0,0,0,0,0,29,85,1
00-0006208,Jay Graham,RB,2001,5,REG,2001_05_DEN_SEA,SEA,DEN,0,0,0,0,0,0,0,2,8,0
00-0006300,Elvis Grbac,QB,2001,5,REG,2001_05_BAL_GB,BAL,GB,11,21,138,1,2,1,-9,0,0,0
00-0006305,Ahman Green,RB,2001,5,REG,2001_05_BAL_GB,GB,BAL,0,0,0,0,0,0,0,20,54,1
00-0006355,Trent Green,QB,2001,5,REG,2001_05_PIT_KC,KC,PIT,16,33,127,0,1,4,-21,2,14,0
00-0006423,Brian Griese,QB,2001,5,REG,2001_05_DEN_SEA,DEN,SEA,24,36,209,2,3,3,-20,2,38,0
00-0007091,Matt Hasselbeck,QB,2001,5,REG,2001_05_DEN_SEA,SEA,DEN,0,0,0,0,0,0,0,3,-2,0
00-0007180,Garrison Hearst,RB,2001,5,REG,2001_05_SF_ATL,SF,ATL,0,0,0,0,0,0,0,12,78,0
00-0007661,Priest Holmes,RB,2001,5,REG,2001_05_PIT_KC,KC,PIT,0,0,0,0,0,0,0,20,150,2
00-0007969,Richard Huntley,RB,2001,5,REG,2001_05_NO_CAR,CAR,NO,0,0,0,0,0,0,0,4,2,0
00-0008060,Raghib Ismail,WR,2001,5,REG,2001_05_WAS_DAL,DAL,WAS,0,0,0,0,0,0,0,1,-1,0
00-0008241,Edgerrin James,RB,2001,5,REG,2001_05_OAK_IND,IND,LV,0,0,0,0,0,0,0,26,116,0
00-0008442,Brad Johnson,QB,2001,5,REG,2001_05_TB_TEN,TB,TEN,24,50,287,3,1,1,-5,2,4,0
00-0008566,Lee Johnson,P,2001,5,REG,2001_05_SD_NE,NE,LAC,0,0,0,0,0,0,0,1,-19,0
00-0008921,Randy Jordan,RB,2001,5,REG,2001_05_OAK_IND,LV,IND,0,0,0,0,0,0,0,2,8,0
00-0009311,Jon Kitna,QB,2001,5,REG,2001_05_CLE_CIN,CIN,CLE,20,38,201,1,0,0,0,4,18,0
00-0009323,Jimmy Kleinsasser,TE,2001,5,REG,2001_05_DET_MIN,MIN,DET,0,0,0,0,0,0,0,1,2,0
00-0009829,Dorsey Levens,RB,2001,5,REG,2001_05_BAL_GB,GB,BAL,0,0,0,0,0,0,0,2,7,0
00-0010137,Ray Lucas,QB,2001,5,REG,2001_05_MIA_NYJ,MIA,NYJ,1,1,28,0,0,0,0,1,2,0
00-0010346,Peyton Manning,QB,2001,5,REG,2001_05_OAK_IND,IND,LV,26,41,241,2,2,1,-7,1,2,0
00-0010442,Curtis Martin,RB,2001,5,REG,2001_05_MIA_NYJ,NYJ,MIA,0,0,0,0,0,0,0,22,120,1
00-0010747,Fred McCrary,RB,2001,5,REG,2001_05_SD_NE,LAC,NE,0,0,0,0,0,0,0,1,2,0
00-0010974,James McKnight,WR,2001,5,REG,2001_05_MIA_NYJ,MIA,NYJ,0,0,0,0,0,0,0,1,3,0
00-0011024,Steve McNair,QB,2001,5,REG,2001_05_TB_TEN,TEN,TB,15,23,230,1,1,2,-16,9,54,1
00-0011213,Glyn Milburn,WR,2001,5,REG,2001_05_ARI_CHI,CHI,ARI,0,0,0,0,0,0,0,1,1,0
00-0011276,Jim Miller,QB,2001,5,REG,2001_05_ARI_CHI,CHI,ARI,15,21,116,0,2,0,0,2,3,0
00-0012261,Neil O'Donnell,QB,2001,5,REG,2001_05_TB_TEN,TEN,TB,3,3,9,0,0,0,0,0,0,0
00-0012569,Larry Parker,WR,2001,5,REG,2001_05_PIT_KC,KC,PIT,0,0,0,0,0,0,0,1,-2,0
00-0013013,Michael Pittman,RB,2001,5,REG,2001_05_ARI_CHI,ARI,CHI,0,0,0,0,0,0,0,16,50,0
00-0013042,Jake Plummer,QB,2001,5,REG,2001_05_ARI_CHI,ARI,CHI,20,37,216,1,0,1,-10,2,7,0
00-0014450,Cory Schlesinger,FB,2001,5,REG,2001_05_DET_MIN,DET,MIN,0,0,0,0,0,0,0,1,3,0
00-0015091,Antowain Smith,RB,2001,5,REG,2001_05_SD_NE,NE,LAC,0,0,0,0,0,0,0,15,36,1
00-0015165,Emmitt Smith,RB,2001,5,REG,2001_05_WAS_DAL,DAL,WAS,0,0,0,0,0,0,0,25,107,0
00-0015242,Lamar Smith,RB,2001,5,REG,2001_05_MIA_NYJ,MIA,NYJ,0,0,0,0,0,0,0,24,54,0
00-0015420,Jerald Sowell,FB,2001,5,REG,2001_05_MIA_NYJ,NYJ,MIA,0,0,0,0,0,0,0,1,4,0
00-0015698,James Stewart,RB,2001,5,REG,2001_05_DET_MIN,DET,MIN,0,0,0,0,0,0,0,16,108,0
00-0015700,Kordell Stewart,QB,2001,5,REG,2001_05_PIT_KC,PIT,KC,15,25,141,1,0,3,-28,7,47,0
00-0015830,Mack Strong,FB,2001,5,REG,2001_05_DEN_SEA,SEA,DEN,0,0,0,0,0,0,0,1,7,0
00-0016193,Vinny Testaverde,QB,2001,5,REG,2001_05_MIA_NYJ,NYJ,MIA,15,22,168,2,0,3,-28,1,-1,0
00-0016316,Robert Thomas,FB,2001,5,REG,2001_05_WAS_DAL,DAL,WAS,0,0,0,0,0,0,0,1,2,0
00-0017200,Kurt Warner,QB,2001,5,REG,2001_05_NYG_STL,LA,NYG,28,46,316,0,1,6,-42,3,6,0
00-0017218,Lamont Warren,RB,2001,5,REG,2001_05_DET_MIN,DET,MIN,0,0,0,0,0,0,0,2,18,0
00-0017239,Damon Washington,RB,2001,5,REG,2001_05_NYG_STL,NYG,LA,0,0,0,0,0,0,0,2,-2,0
00-0017486,Tyrone Wheatley,RB,2001,5,REG,2001_05_OAK_IND,LV,IND,0,0,0,0,0,0,0,6,24,1
00-0017892,Moe Williams,RB,2001,5,REG,2001_05_BAL_GB,BAL,GB,0,0,0,0,0,0,0,1,1,0
00-0017915,Ricky Williams,RB,2001,5,REG,2001_05_NO_CAR,NO,CAR,0,0,0,0,0,0,0,31,147,1
00-0018272,Anthony Wright,QB,2001,5,REG,2001_05_WAS_DAL,DAL,WAS,15,28,177,0,1,1,-2,8,32,0
00-0018501,Amos Zereoue,RB,2001,5,REG,2001_05_PIT_KC,PIT,KC,0,0,0,0,0,0,0,8,42,0
00-0018977,Maurice Smith,RB,2001,5,REG,2001_05_SF_ATL,ATL,SF,0,0,0,0,0,0,0,20,50,1
00-0019057,Jamel White,RB,2001,5,REG,2001_05_CLE_CIN,CLE,CIN,0,0,0,0,0,0,0,3,19,0
00-0019423,Jason Brookins,RB,2001,5,REG,2001_05_BAL_GB,BAL,GB,0,0,0,0,0,0,0,9,33,1
00-0019516,Troy Hambrick,RB,2001,5,REG,2001_05_WAS_DAL,DAL,WAS,0,0,0,0,0,0,0,9,68,0
00-0019533,Patrick Pass,RB,2001,5,REG,2001_05_SD_NE,NE,LAC,0,0,0,0,0,0,0,1,7,0
00-0019576,Mike Green,RB,2001,5,REG,2001_05_TB_TEN,TEN,TB,0,0,0,0,0,0,0,3,3,0
00-0019594,Mike Anderson,RB,2001,5,REG,2001_05_DEN_SEA,DEN,SEA,0,0,0,0,0,0,0,17,51,0
00-0019596,Tom Brady,QB,2001,5,REG,2001_05_SD_NE,NE,LAC,33,54,364,2,0,3,-19,1,0,0
00-0019609,Travis Prentice,RB,2001,5,REG,2001_05_DET_MIN,MIN,DET,0,0,0,0,0,0,0,2,2,1
00-0019641,Thomas Jones,RB,2001,5,REG,2001_05_ARI_CHI,ARI,CHI,0,0,0,0,0,0,0,6,14,0
00-0019643,Ron Dayne,RB,2001,5,REG,2001_05_NYG_STL,NYG,LA,0,0,0,0,0,0,0,20,88,1
00-0019647,Shaun Alexander,RB,2001,5,REG,2001_05_DEN_SEA,SEA,DEN,0,0,0,0,0,0,0,33,142,2
00-0019649,Trung Canidate,RB,2001,5,REG,2001_05_NYG_STL,LA,NYG,0,0,0,0,0,0,0,5,10,1
00-0019712,Doug Chapman,RB,2001,5,REG,2001_05_DET_MIN,MIN,DET,0,0,0,0,0,0,0,4,12,0
00-0020403,Anthony Thomas,RB,2001,5,REG,2001_05_ARI_CHI,CHI,ARI,0,0,0,0,0,0,0,11,58,0
00-0020430,James Jackson,RB,2001,5,REG,2001_05_CLE_CIN,CLE,CIN,0,0,0,0,0,0,0,14,22,0
00-0020434,Chris Weinke,QB,2001,5,REG,2001_05_NO_CAR,CAR,NO,21,39,196,2,1,1,-12,3,2,0
00-0020448,Travis Minor,RB,2001,5,REG,2001_05_MIA_NYJ,MIA,NYJ,0,0,0,0,0,0,0,1,29,1
00-0020474,Kevan Barlow,RB,2001,5,REG,2001_05_SF_ATL,SF,ATL,0,0,0,0,0,0,0,8,38,1
00-0020514,Michael Bennett,RB,2001,5,REG,2001_05_DET_MIN,MIN,DET,0,0,0,0,0,0,0,13,46,0
00-0020527,Deuce McAllister,RB,2001,5,REG,2001_05_NO_CAR,NO,CAR,0,0,0,0,0,0,0,1,2,0
00-0020536,LaDainian Tomlinson,RB,2001,5,REG,2001_05_SD_NE,LAC,NE,0,0,0,0,0,0,0,24,74,1
00-0000210,James Allen,RB,2001,6,REG,2001_06_CHI_CIN,CHI,CIN,0,0,0,0,0,0,0,7,17,0
00-0000232,Terry Allen,RB,2001,6,REG,2001_06_BAL_CLE,BAL,CLE,0,0,0,0,0,0,0,3,12,0
00-0000251,Mike Alstott,FB,2001,6,REG,2001_06_PIT_TB,TB,PIT,0,0,0,0,0,0,0,3,15,0
00-0000339,Richie Anderson,FB,2001,6,REG,2001_06_STL_NYJ,NYJ,LA,0,0,0,0,0,0,0,2,13,0
00-0000552,Obafemi Ayanbadejo,RB,2001,6,REG,2001_06_BAL_CLE,BAL,CLE,0,0,0,0,0,0,0,9,48,0
00-0000722,Tony Banks,QB,2001,6,REG,2001_06_CAR_WAS,WAS,CAR,17,30,346,1,1,1,-1,2,-1,0
00-0000745,Tiki Barber,RB,2001,6,REG,2001_06_PHI_NYG,NYG,PHI,0,0,0,0,0,0,0,13,55,0
00-0000865,Charlie Batch,QB,2001,6,REG,2001_06_TEN_DET,DET,TEN,25,42,338,3,1,4,-16,2,3,0
00-0001098,Brandon Bennett,RB,2001,6,REG,2001_06_CHI_CIN,CIN,CHI,0,0,0,0,0,0,0,2,0,0
00-0001215,Jerome Bettis,RB,2001,6,REG,2001_06_PIT_TB,PIT,TB,1,1,32,1,0,0,0,17,143,1
00-0001224,Tim Biakabutuka,RB,2001,6,REG,2001_06_CAR_WAS,CAR,WAS,0,0,0,0,0,0,0,20,121,1
00-0001823,Aaron Brooks,QB,2001,6,REG,2001_06_ATL_NO,NO,ATL,23,39,249,1,1,5,-36,3,12,0
00-0002068,Troy Brown,WR,2001,6,REG,2001_06_NE_IND,NE,IND,0,0,0,0,0,0,0,1,9,0
00-0002099,Isaac Bruce,WR,2001,6,REG,2001_06_STL_NYJ,LA,NYJ,0,0,0,0,0,0,0,1,3,0
00-0002110,Mark Brunell,QB,2001,6,REG,2001_06_BUF_JAX,BUF,JAX,16,26,150,1,2,4,-18,4,27,0
00-0002846,Larry Centers,FB,2001,6,REG,2001_06_BUF_JAX,BUF,JAX,0,0,0,0,0,0,0,3,13,0
00-0002876,Chris Chandler,QB,2001,6,REG,2001_06_ATL_NO,ATL,NO,14,20,187,2,1,2,-12,3,9,0
00-0002970,Bob Christian,FB,2001,6,REG,2001_06_ATL_NO,ATL,NO,0,0,0,0,0,0,0,3,28,0
00-0003292,Kerry Collins,QB,2001,6,REG,2001_06_PHI_NYG,NYG,PHI,21,33,162,0,0,3,-20,2,9,0
00-0003396,Curtis Conway,WR,2001,6,REG,2001_06_DEN_SD,LAC,DEN,0,0,0,0,0,0,0,1,28,0
00-0003535,Tim Couch,QB,2001,6,REG,2001_06_BAL_CLE,CLE,BAL,11,18,149,2,0,2,-18,4,10,0
00-0003739,Daunte Culpepper,QB,2001,6,REG,2001_06_GB_MIN,MIN,GB,18,27,184,1,0,2,-7,8,75,1
00-0003761,Randall Cunningham,QB,2001,6,REG,2001_06_BAL_CLE,BAL,CLE,11,25,120,1,0,4,-19,1,5,0
00-0004052,Stephen Davis,RB,2001,6,REG,2001_06_CAR_WAS,WAS,CAR,0,0,0,0,0,0,0,26,99,0
00-0004304,Corey Dillon,RB,2001,6,REG,2001_06_CHI_CIN,CIN,CHI,0,0,0,0,0,0,0,16,30,0
00-0004640,Warrick Dunn,RB,2001,6,REG,2001_06_PIT_TB,TB,PIT,0,0,0,0,0,0,0,13,31,0
00-0004768,Marc Edwards,FB,2001,6,REG,2001_06_NE_IND,NE,IND,0,0,0,0,0,0,0,3,14,0
00-0004780,Troy Edwards,WR,2001,6,REG,2001_06_PIT_TB,PIT,TB,0,0,0,0,0,0,0,1,12,0
00-0005091,Kevin Faulk,RB,2001,6,REG,2001_06_NE_IND,NE,IND,0,0,0,0,0,0,0,1,2,0
00-0005106,Brett Favre,QB,2001,6,REG,2001_06_GB_MIN,GB,MIN,21,35,169,2,1,1,-9,1,0,0
00-0005324,Terrell Fletcher,RB,2001,6,REG,2001_06_DEN_SD,LAC,DEN,0,0,0,0,0,0,0,2,11,0
00-0005363,Doug Flutie,QB,2001,6,REG,2001_06_DEN_SD,LAC,DEN,21,32,280,2,1,3,-8,4,10,0
00-0005816,Olandis Gary,RB,2001,6,REG,2001_06_DEN_SD,DEN,LAC,0,0,0,0,0,0,0,5,21,0
00-0005883,Eddie George,RB,2001,6,REG,2001_06_TEN_DET,TEN,DET,0,0,0,0,0,0,0,26,51,0
00-0006300,Elvis Grbac,QB,2001,6,REG,2001_06_BAL_CLE,BAL,CLE,16,20,142,0,2,3,-35,0,0,0
00-0006305,Ahman Green,RB,2001,6,REG,2001_06_GB_MIN,GB,MIN,0,0,0,0,0,0,0,11,73,0
00-0006355,Trent Green,QB,2001,6,REG,2001_06_KC_ARI,KC,ARI,21,44,352,1,2,1,-12,3,23,0
00-0006423,Brian Griese,QB,2001,6,REG,2001_06_DEN_SD,DEN,LAC,26,41,212,1,2,4,-30,4,7,0
00-0006627,Az-Zahir Hakim,WR,2001,6,REG,2001_06_STL_NYJ,LA,NYJ,0,0,0,0,0,0,0,2,9,0
00-0006799,Chris Hanson,P,2001,6,REG,2001_06_BUF_JAX,BUF,JAX,0,0,0,0,0,0,0,1,0,0
00-0007254,William Henderson,FB,2001,6,REG,2001_06_GB_MIN,GB,MIN,0,0,0,0,0,0,0,1,0,0
00-0007389,Skip Hicks,RB,2001,6,REG,2001_06_TEN_DET,TEN,DET,0,0,0,0,0,0,0,1,2,0
00-0007579,Robert Holcombe,FB,2001,6,REG,2001_06_STL_NYJ,LA,NYJ,0,0,0,0,0,0,0,5,30,0
00-0007661,Priest Holmes,RB,2001,6,REG,2001_06_KC_ARI,KC,ARI,0,0,0,0,0,0,0,15,85,0
00-0007798,Desmond Howard,WR,2001,6,REG,2001_06_TEN_DET,DET,TEN,0,0,0,0,0,0,0,1,3,0
00-0008241,Edgerrin James,RB,2001,6,REG,2001_06_NE_IND,IND,NE,0,0,0,0,0,0,0,30,143,0
00-0008357,MarTay Jenkins,WR,2001,6,REG,2001_06_KC_ARI,ARI,KC,0,0,0,0,0,0,0,1,-6,0
00-0008401,John Jett,P,2001,6,REG,2001_06_TEN_DET,DET,TEN,0,0,0,0,0,0,0,1,0,0
00-0008442,Brad Johnson,QB,2001,6,REG,2001_06_PIT_TB,TB,PIT,24,40,283,1,1,10,-69,3,18,0
00-0008612,Rob Johnson,QB,2001,6,REG,2001_06_BUF_JAX,BUF,JAX,23,30,238,1,0,2,-19,5,22,0
00-0009311,Jon Kitna,QB,2001,6,REG,2001_06_CHI_CIN,CIN,CHI,19,46,244,0,1,2,-15,0,0,0
00-0009323,Jimmy Kleinsasser,TE,2001,6,REG,2001_06_GB_MIN,MIN,GB,0,0,0,0,0,0,0,5,20,1
00-0009829,Dorsey Levens,RB,2001,6,REG,2001_06_GB_MIN,GB,MIN,0,0,0,0,0,0,0,2,1,0
00-0010240,Stacey Mack,RB,2001,6,REG,2001_06_BUF_JAX,BUF,JAX,0,0,0,0,0,0,0,15,84,0
00-0010346,Peyton Manning,QB,2001,6,REG,2001_06_NE_IND,IND,NE,22,34,335,1,0,4,-30,2,1,0
00-0010442,Curtis Martin,RB,2001,6,REG,2001_06_STL_NYJ,NYJ,LA,0,0,0,0,0,0,0,14,63,0
00-0010455,Jamie Martin,QB,2001,6,REG,2001_06_STL_NYJ,LA,NYJ,1,1,10,0,0,2,-7,3,-3,0
00-0011022,Donovan McNabb,QB,2001,6,REG,2001_06_PHI_NYG,PHI,NYG,15,26,154,1,1,4,-30,6,35,0
00-0011024,Steve McNair,QB,2001,6,REG,2001_06_TEN_DET,TEN,DET,15,35,216,1,2,1,-10,5,48,0
00-0011276,Jim Miller,QB,2001,6,REG,2001_06_CHI_CIN,CHI,CIN,23,30,232,2,0,0,0,3,-2,0
00-0011463,Chris Mohr,P,2001,6,REG,2001_06_ATL_NO,ATL,NO,1,1,-2,0,0,0,0,0,0,0
00-0011718,Harold Morrow,FB,2001,6,REG,2001_06_GB_MIN,MIN,GB,0,0,0,0,0,0,0,1,15,0
00-0012569,Larry Parker,WR,2001,6,REG,2001_06_KC_ARI,KC,ARI,0,0,0,0,0,0,0,1,7,0
00-0012642,David Patten,WR,2001,6,REG,2001_06_NE_IND,NE,IND,1,1,60,1,0,0,0,1,29,1
00-0013013,Michael Pittman,RB,2001,6,REG,2001_06_KC_ARI,ARI,KC,0,0,0,0,0,0,0,26,95,1
00-0013042,Jake Plummer,QB,2001,6,REG,2001_06_KC_ARI,ARI,KC,16,25,228,1,0,0,0,3,20,0
00-0013694,Tony Richardson,FB,2001,6,REG,2001_06_KC_ARI,KC,ARI,0,0,0,0,0,0,0,1,4,0
00-0015091,Antowain Smith,RB,2001,6,REG,2001_06_NE_IND,NE,IND,0,0,0,0,0,0,0,21,71,0
00-0015290,Rod Smith,WR,2001,6,REG,2001_06_DEN_SD,DEN,LAC,0,0,0,0,0,0,0,1,3,0
00-0015523,Duce Staley,RB,2001,6,REG,2001_06_PHI_NYG,PHI,NYG,0,0,0,0,0,0,0,3,22,0
00-0015698,James Stewart,RB,2001,6,REG,2001_06_TEN_DET,DET,TEN,0,0,0,0,0,0,0,9,17,0
00-0015700,Kordell Stewart,QB,2001,6,REG,2001_06_PIT_TB,PIT,TB,10,16,100,0,2,2,-8,7,32,0
00-0016193,Vinny Testaverde,QB,2001,6,REG,2001_06_STL_NYJ,NYJ,LA,9,13,74,1,1,0,0,2,3,0
00-0016321,Rodney Thomas,RB,2001,6,REG,2001_06_ATL_NO,ATL,NO,0,0,0,0,0,0,0,2,4,0
00-0017162,Hines Ward,WR,2001,6,REG,2001_06_PIT_TB,PIT,TB,0,0,0,0,0,0,0,1,9,0
00-0017200,Kurt Warner,QB,2001,6,REG,2001_06_STL_NYJ,LA,NYJ,18,27,215,1,0,2,-4,0,0,0
00-0017218,Lamont Warren,RB,2001,6,REG,2001_06_TEN_DET,DET,TEN,0,0,0,0,0,0,0,6,18,0
00-0017892,Moe Williams,RB,2001,6,REG,2001_06_BAL_CLE,BAL,CLE,0,0,0,0,0,0,0,1,2,0
00-0017915,Ricky Williams,RB,2001,6,REG,2001_06_ATL_NO,NO,ATL,0,0,0,0,0,0,0,21,51,0
00-0018343,Frank Wycheck,TE,2001,6,REG,2001_06_TEN_DET,TEN,DET,1,1,21,0,0,0,0,1,1,0
00-0018501,Amos Zereoue,RB,2001,6,REG,2001_06_PIT_TB,PIT,TB,0,0,0,0,0,0,0,8,12,0
00-0018958,Laveranues Coles,WR,2001,6,REG,2001_06_STL_NYJ,NYJ,LA,0,0,0,0,0,0,0,1,8,0
00-0018977,Maurice Smith,RB,2001,6,REG,2001_06_ATL_NO,ATL,NO,0,0,0,0,0,0,0,22,83,0
00-0019057,Jamel White,RB,2001,6,REG,2001_06_BAL_CLE,CLE,BAL,0,0,0,0,0,0,0,1,1,0
00-0019100,Brad Hoover,FB,2001,6,REG,2001_06_CAR_WAS,CAR,WAS,0,0,0,0,0,0,0,3,12,0
00-0019135,Dan Kreider,FB,2001,6,REG,2001_06_PIT_TB,PIT,TB,0,0,0,0,0,0,0,1,12,0
00-0019423,Jason Brookins,RB,2001,6,REG,2001_06_BAL_CLE,BAL,CLE,0,0,0,0,0,0,0,13,46,0
00-0019455,Peter Warrick,WR,2001,6,REG,2001_06_CHI_CIN,CIN,CHI,0,0,0,0,0,0,0,2,2,0
00-0019466,Curtis Keaton,RB,2001,6,REG,2001_06_CHI_CIN,CIN,CHI,0,0,0,0,0,0,0,1,3,0
00-0019559,Chad Pennington,QB,2001,6,REG,2001_06_STL_NYJ,NYJ,LA,9,14,68,1,0,1,-8,1,11,0
00-0019594,Mike Anderson,RB,2001,6,REG,2001_06_DEN_SD,DEN,LAC,0,0,0,0,0,0,0,11,50,0
00-0019596,Tom Brady,QB,2001,6,REG,2001_06_NE_IND,NE,IND,16,20,202,3,0,0,0,2,-2,0
00-0019641,Thomas Jones,RB,2001,6,REG,2001_06_KC_ARI,ARI,KC,0,0,0,0,0,0,0,7,26,1
00-0019643,Ron Dayne,RB,2001,6,REG,2001_06_PHI_NYG,NYG,PHI,0,0,0,0,0,0,0,16,32,0
00-0019649,Trung Canidate,RB,2001,6,REG,2001_06_STL_NYJ,LA,NYJ,0,0,0,0,0,0,0,23,195,2
00-0019712,Doug Chapman,RB,2001,6,REG,2001_06_GB_MIN,MIN,GB,0,0,0,0,0,0,0,22,90,0
00-0019722,J.R. Redmond,RB,2001,6,REG,2001_06_NE_IND,NE,IND,0,0,0,0,0,0,0,1,0,0
00-0019863,Dominic Rhodes,RB,2001,6,REG,2001_06_NE_IND,IND,NE,0,0,0,0,0,0,0,2,35,0
00-0019889,Elvis Joseph,RB,2001,6,REG,2001_06_BUF_JAX,BUF,JAX,0,0,0,0,0,0,0,1,4,0
00-0020270,Correll Buckhalter,RB,2001,6,REG,2001_06_PHI_NYG,PHI,NYG,0,0,0,0,0,0,0,11,34,0
00-0020337,Steve Smith,WR,2001,6,REG,2001_06_CAR_WAS,CAR,WAS,0,0,0,0,0,0,0,1,-8,0
00-0020403,Anthony Thomas,RB,2001,6,REG,2001_06_CHI_CIN,CHI,CIN,0,0,0,0,0,0,0,22,188,1
00-0020430,James Jackson,RB,2001,6,REG,2001_06_BAL_CLE,CLE,BAL,0,0,0,0,0,0,0,24,77,1
00-0020434,Chris Weinke,QB,2001,6,REG,2001_06_CAR_WAS,CAR,WAS,24,35,226,1,4,1,-8,1,-1,0
00-0020462,LaMont Jordan,RB,2001,6,REG,2001_06_STL_NYJ,NYJ,LA,0,0,0,0,0,0,0,4,34,0
00-0020471,Travis Henry,RB,2001,6,REG,2001_06_BUF_JAX,BUF,JAX,0,0,0,0,0,0,0,27,63,0
00-0020536,LaDainian Tomlinson,RB,2001,6,REG,2001_06_DEN_SD,LAC,DEN,0,0,0,0,0,0,0,25,58,0
00-0000210,James Allen,RB,2001,7,REG,2001_07_SF_CHI,CHI,SF,0,0,0,0,0,0,0,1,15,0
00-0000251,Mike Alstott,FB,2001,7,REG,2001_07_MIN_TB,TB,MIN,0,0,0,0,0,0,0,28,129,3
00-0000339,Richie Anderson,FB,2001,7,REG,2001_07_NYJ_CAR,NYJ,CAR,0,0,0,0,0,0,0,2,12,0
00-0000387,Reidel Anthony,WR,2001,7,REG,2001_07_MIN_TB,TB,MIN,0,0,0,0,0,0,0,1,16,0
00-0000552,Obafemi Ayanbadejo,RB,2001,7,REG,2001_07_JAX_BAL,BAL,JAX,0,0,0,0,0,0,0,6,24,0
00-0000722,Tony Banks,QB,2001,7,REG,2001_07_NYG_WAS,WAS,NYG,11,19,190,2,0,4,-25,4,10,0
00-0000745,Tiki Barber,RB,2001,7,REG,2001_07_NYG_WAS,NYG,WAS,0,0,0,0,0,0,0,7,14,0
00-0000865,Charlie Batch,QB,2001,7,REG,2001_07_CIN_DET,DET,CIN,20,35,239,2,2,4,-24,1,12,0
00-0000942,Fred Beasley,FB,2001,7,REG,2001_07_SF_CHI,SF,CHI,0,0,0,0,0,0,0,1,2,0
00-0001098,Brandon Bennett,RB,2001,7,REG,2001_07_CIN_DET,CIN,DET,0,0,0,0,0,0,0,4,8,0
00-0001215,Jerome Bettis,RB,2001,7,REG,2001_07_TEN_PIT,PIT,TEN,0,0,0,0,0,0,0,19,62,2
00-0001532,David Boston,WR,2001,7,REG,2001_07_ARI_DAL,ARI,DAL,0,0,0,0,0,0,0,1,12,0
00-0001545,Todd Bouman,QB,2001,7,REG,2001_07_MIN_TB,MIN,TB,1,2,4,0,0,2,-18,1,-1,0
00-0001823,Aaron Brooks,QB,2001,7,REG,2001_07_NO_STL,NO,LA,20,31,254,3,0,4,-16,7,1,0
00-0001980,Kris Brown,K,2001,7,REG,2001_07_TEN_PIT,PIT,TEN,0,0,0,0,0,0,0,1,6,0
00-0002068,Troy Brown,WR,2001,7,REG,2001_07_NE_DEN,NE,DEN,0,0,0,0,0,0,0,1,31,0
00-0002110,Mark Brunell,QB,2001,7,REG,2001_07_JAX_BAL,JAX,BAL,25,37,306,2,0,3,-22,4,55,0
00-0002743,Ki-Jana Carter,RB,2001,7,REG,2001_07_NYG_WAS,WAS,NYG,0,0,0,0,0,0,0,2,40,0
00-0002846,Larry Centers,FB,2001,7,REG,2001_07_BUF_SD,BUF,LAC,0,0,0,0,0,0,0,3,10,0
00-0003292,Kerry Collins,QB,2001,7,REG,2001_07_NYG_WAS,NYG,WAS,32,52,346,3,1,1,0,4,9,0
00-0003400,Ernie Conwell,TE,2001,7,REG,2001_07_NO_STL,LA,NO,0,0,0,0,0,0,0,1,2,1
00-0003663,Zack Crockett,RB,2001,7,REG,2001_07_OAK_PHI,LV,PHI,0,0,0,0,0,0,0,17,47,1
00-0003739,Daunte Culpepper,QB,2001,7,REG,2001_07_MIN_TB,MIN,TB,13,24,150,1,1,2,-6,9,49,0
00-0003761,Randall Cunningham,QB,2001,7,REG,2001_07_JAX_BAL,BAL,JAX,23,31,222,1,1,5,-31,5,-3,0
00-0004052,Stephen Davis,RB,2001,7,REG,2001_07_NYG_WAS,WAS,NYG,0,0,0,0,0,0,0,29,107,0
00-0004304,Corey Dillon,RB,2001,7,REG,2001_07_CIN_DET,CIN,DET,0,0,0,0,0,0,0,27,184,2
00-0004768,Marc Edwards,FB,2001,7,REG,2001_07_NE_DEN,NE,DEN,0,0,0,0,0,0,0,2,6,0
00-0005091,Kevin Faulk,RB,2001,7,REG,2001_07_NE_DEN,NE,DEN,0,0,0,0,0,0,0,5,12,0
00-0005180,Jay Fiedler,QB,2001,7,REG,2001_07_MIA_SEA,MIA,SEA,15,21,213,1,2,0,0,8,41,0
00-0005324,Terrell Fletcher,RB,2001,7,REG,2001_07_BUF_SD,LAC,BUF,0,0,0,0,0,0,0,2,7,0
00-0005363,Doug Flutie,QB,2001,7,REG,2001_07_BUF_SD,LAC,BUF,21,33,254,1,0,1,-11,2,12,1
00-0005620,Chris Fuamatu-Ma'afala,RB,2001,7,REG,2001_07_TEN_PIT,PIT,TEN,0,0,0,0,0,0,0,3,9,0
00-0005741,Rich Gannon,QB,2001,7,REG,2001_07_OAK_PHI,LV,PHI,17,26,158,0,0,1,-6,3,16,0
00-0005755,Jeff Garcia,QB,2001,7,REG,2001_07_SF_CHI,SF,CHI,21,29,269,2,2,3,-2,7,22,0
00-0005779,Charlie Garner,RB,2001,7,REG,2001_07_OAK_PHI,LV,PHI,0,0,0,0,0,0,0,21,77,1
00-0005816,Olandis Gary,RB,2001,7,REG,2001_07_NE_DEN,DEN,NE,0,0,0,0,0,0,0,10,37,0
00-0005883,Eddie George,RB,2001,7,REG,2001_07_TEN_PIT,TEN,PIT,0,0,0,0,0,0,0,10,13,0
00-0006208,Jay Graham,RB,2001,7,REG,2001_07_MIA_SEA,SEA,MIA,0,0,0,0,0,0,0,1,-2,0
00-0006355,Trent Green,QB,2001,7,REG,2001_07_IND_KC,KC,IND,22,43,324,3,3,3,-10,3,19,0
00-0006423,Brian Griese,QB,2001,7,REG,2001_07_NE_DEN,DEN,NE,19,30,283,2,2,2,-14,4,-1,0
00-0006627,Az-Zahir Hakim,WR,2001,7,REG,2001_07_NO_STL,LA,NO,1,1,51,1,0,0,0,2,20,0
00-0007091,Matt Hasselbeck,QB,2001,7,REG,2001_07_MIA_SEA,SEA,MIA,16,28,230,2,0,4,-24,4,9,0
00-0007180,Garrison Hearst,RB,2001,7,REG,2001_07_SF_CHI,SF,CHI,0,0,0,0,0,0,0,12,46,0
00-0007389,Skip Hicks,RB,2001,7,REG,2001_07_TEN_PIT,TEN,PIT,0,0,0,0,0,0,0,3,11,0
00-0007579,Robert Holcombe,FB,2001,7,REG,2001_07_NO_STL,LA,NO,0,0,0,0,0,0,0,1,7,0
00-0007661,Priest Holmes,RB,2001,7,REG,2001_07_IND_KC,KC,IND,0,0,0,0,0,0,0,15,55,0
00-0007969,Richard Huntley,RB,2001,7,REG,2001_07_NYJ_CAR,CAR,NYJ,0,0,0,0,0,0,0,14,52,0
00-0008060,Raghib Ismail,WR,2001,7,REG,2001_07_ARI_DAL,DAL,ARI,0,0,0,0,0,0,0,1,9,0
00-0008241,Edgerrin James,RB,2001,7,REG,2001_07_IND_KC,IND,KC,0,0,0,0,0,0,0,27,102,0
00-0008442,Brad Johnson,QB,2001,7,REG,2001_07_MIN_TB,TB,MIN,18,25,214,2,0,1,-7,1,3,0
00-0008612,Rob Johnson,QB,2001,7,REG,2001_07_BUF_SD,BUF,LAC,24,37,310,1,1,4,-25,11,67,1
00-0008921,Randy Jordan,RB,2001,7,REG,2001_07_OAK_PHI,LV,PHI,0,0,0,0,0,0,0,3,45,0
00-0009163,Eddie Kennison,WR,2001,7,REG,2001_07_NE_DEN,DEN,NE,0,0,0,0,0,0,0,1,10,0
00-0009266,Shaun King,QB,2001,7,REG,2001_07_MIN_TB,TB,MIN,2,3,62,0,0,0,0,3,-3,0
00-0009288,Terry Kirby,RB,2001,7,REG,2001_07_OAK_PHI,LV,PHI,0,0,0,0,0,0,0,2,15,0
00-0009311,Jon Kitna,QB,2001,7,REG,2001_07_CIN_DET,CIN,DET,17,27,204,2,2,1,-16,3,26,0
00-0009323,Jimmy Kleinsasser,TE,2001,7,REG,2001_07_MIN_TB,MIN,TB,0,0,0,0,0,0,0,2,8,0
00-0009869,Jermaine Lewis,WR,2001,7,REG,2001_07_JAX_BAL,BAL,JAX,0,0,0,0,0,0,0,1,14,0
00-0010007,Kevin Lockett,WR,2001,7,REG,2001_07_NYG_WAS,WAS,NYG,1,1,31,1,0,0,0,0,0,0
00-0010137,Ray Lucas,QB,2001,7,REG,2001_07_MIA_SEA,MIA,SEA,0,0,0,0,0,0,0,2,0,0
00-0010240,Stacey Mack,RB,2001,7,REG,2001_07_JAX_BAL,JAX,BAL,0,0,0,0,0,0,0,2,8,0
00-0010261,Tommy Maddox,QB,2001,7,REG,2001_07_TEN_PIT,PIT,TEN,1,1,57,0,0,0,0,3,-3,0
00-0010346,Peyton Manning,QB,2001,7,REG,2001_07_IND_KC,IND,KC,19,30,201,2,0,3,-22,2,5,0
00-0010442,Curtis Martin,RB,2001,7,REG,2001_07_NYJ_CAR,NYJ,CAR,0,0,0,0,0,0,0,27,159,0
00-0010560,Shane Matthews,QB,2001,7,REG,2001_07_SF_CHI,CHI,SF,25,31,166,3,1,0,0,1,3,0
00-0011022,Donovan McNabb,QB,2001,7,REG,2001_07_OAK_PHI,PHI,LV,12,27,133,0,0,4,-16,6,30,0
00-0011024,Steve McNair,QB,2001,7,REG,2001_07_TEN_PIT,TEN,PIT,14,23,175,1,2,3,-18,6,6,0
00-0011276,Jim Miller,QB,2001,7,REG,2001_07_SF_CHI,CHI,SF,5,16,63,0,1,0,0,1,-10,0
00-0011958,Lorenzo Neal,FB,2001,7,REG,2001_07_CIN_DET,CIN,DET,0,0,0,0,0,0,0,3,6,0
00-0012569,Larry Parker,WR,2001,7,REG,2001_07_IND_KC,KC,IND,0,0,0,0,0,0,0,1,1,0
00-0012642,David Patten,WR,2001,7,REG,2001_07_NE_DEN,NE,DEN,0,1,0,0,1,0,0,1,13,0
00-0013013,Michael Pittman,RB,2001,7,REG,2001_07_ARI_DAL,ARI,DAL,0,0,0,0,0,0,0,16,29,0
00-0013042,Jake Plummer,QB,2001,7,REG,2001_07_ARI_DAL,ARI,DAL,25,41,233,0,2,2,-16,4,35,0
00-0013694,Tony Richardson,FB,2001,7,REG,2001_07_IND_KC,KC,IND,0,0,0,0,0,0,0,4,26,0
00-0014450,Cory Schlesinger,FB,2001,7,REG,2001_07_CIN_DET,DET,CIN,0,0,0,0,0,0,0,4,25,0
00-0015091,Antowain Smith,RB,2001,7,REG,2001_07_NE_DEN,NE,DEN,0,0,0,0,0,0,0,12,56,0
00-0015165,Emmitt Smith,RB,2001,7,REG,2001_07_ARI_DAL,DAL,ARI,0,0,0,0,0,0,0,21,83,0
00-0015242,Lamar Smith,RB,2001,7,REG,2001_07_MIA_SEA,MIA,SEA,0,0,0,0,0,0,0,21,35,1
00-0015523,Duce Staley,RB,2001,7,REG,2001_07_OAK_PHI,PHI,LV,0,0,0,0,0,0,0,3,19,1
00-0015601,Aaron Stecker,RB,2001,7,REG,2001_07_MIN_TB,TB,MIN,0,0,0,0,0,0,0,8,30,0
00-0015700,Kordell Stewart,QB,2001,7,REG,2001_07_TEN_PIT,PIT,TEN,13,22,232,1,0,3,-17,4,8,1
00-0015830,Mack Strong,FB,2001,7,REG,2001_07_MIA_SEA,SEA,MIA,0,0,0,0,0,0,0,2,2,0
00-0016193,Vinny Testaverde,QB,2001,7,REG,2001_07_NYJ_CAR,NYJ,CAR,21,34,181,0,3,2,-9,3,2,0
00-0016838,Alex Van Pelt,QB,2001,7,REG,2001_07_BUF_SD,BUF,LAC,2,2,6,0,0,0,0,0,0,0
00-0017162,Hines Ward,WR,2001,7,REG,2001_07_TEN_PIT,PIT,TEN,0,1,0,0,0,0,0,1,36,0
00-0017200,Kurt Warner,QB,2001,7,REG,2001_07_NO_STL,LA,NO,29,47,385,1,4,2,-10,0,0,0
00-0017218,Lamont Warren,RB,2001,7,REG,2001_07_CIN_DET,DET,CIN,0,0,0,0,0,0,0,15,23,1
00-0017892,Moe Williams,RB,2001,7,REG,2001_07_JAX_BAL,BAL,JAX,0,0,0,0,0,0,0,1,-3,0
00-0017915,Ricky Williams,RB,2001,7,REG,2001_07_NO_STL,NO,LA,0,0,0,0,0,0,0,17,77,0
00-0018501,Amos Zereoue,RB,2001,7,REG,2001_07_TEN_PIT,PIT,TEN,0,0,0,0,0,0,0,7,17,0
00-0018958,Laveranues Coles,WR,2001,7,REG,2001_07_NYJ_CAR,NYJ,CAR,0,0,0,0,0,0,0,1,11,0
00-0019100,Brad Hoover,FB,2001,7,REG,2001_07_NYJ_CAR,CAR,NYJ,0,0,0,0,0,0,0,5,33,0
00-0019135,Dan Kreider,FB,2001,7,REG,2001_07_TEN_PIT,PIT,TEN,0,0,0,0,0,0,0,1,-2,0
00-0019423,Jason Brookins,RB,2001,7,REG,2001_07_JAX_BAL,BAL,JAX,0,0,0,0,0,0,0,19,82,1
00-0019442,Clint Stoerner,QB,2001,7,REG,2001_07_ARI_DAL,DAL,ARI,9,19,93,0,1,3,-13,7,23,1
00-0019471,Frank Moreau,RB,2001,7,REG,2001_07_JAX_BAL,JAX,BAL,0,0,0,0,0,0,0,2,6,0
00-0019484,Sammy Morris,RB,2001,7,REG,2001_07_BUF_SD,BUF,LAC,0,0,0,0,0,0,0,1,4,0
00-0019516,Troy Hambrick,RB,2001,7,REG,2001_07_ARI_DAL,DAL,ARI,0,0,0,0,0,0,0,4,18,0
00-0019576,Mike Green,RB,2001,7,REG,2001_07_TEN_PIT,TEN,PIT,0,0,0,0,0,0,0,5,27,0
00-0019587,Terrelle Smith,FB,2001,7,REG,2001_07_NO_STL,NO,LA,0,0,0,0,0,0,0,2,4,0
00-0019594,Mike Anderson,RB,2001,7,REG,2001_07_NE_DEN,DEN,NE,0,0,0,0,0,0,0,14,40,1
00-0019596,Tom Brady,QB,2001,7,REG,2001_07_NE_DEN,NE,DEN,25,38,203,2,4,2,-20,2,-1,0
00-0019609,Travis Prentice,RB,2001,7,REG,2001_07_MIN_TB,MIN,TB,0,0,0,0,0,0,0,1,1,1
00-0019610,Reuben Droughns,RB,2001,7,REG,2001_07_CIN_DET,DET,CIN,0,0,0,0,0,0,0,1,1,0
00-0019614,Michael Wiley,RB,2001,7,REG,2001_07_ARI_DAL,DAL,ARI,0,0,0,0,0,0,0,1,12,0
00-0019641,Thomas Jones,RB,2001,7,REG,2001_07_ARI_DAL,ARI,DAL,0,0,0,0,0,0,0,1,-1,0
00-0019643,Ron Dayne,RB,2001,7,REG,2001_07_NYG_WAS,NYG,WAS,0,0,0,0,0,0,0,8,19,0
00-0019647,Shaun Alexander,RB,2001,7,REG,2001_07_MIA_SEA,SEA,MIA,0,0,0,0,0,0,0,23,87,0
00-0019649,Trung Canidate,RB,2001,7,REG,2001_07_NO_STL,LA,NO,0,0,0,0,0,0,0,12,19,1
00-0019712,Doug Chapman,RB,2001,7,REG,2001_07_MIN_TB,MIN,TB,0,0,0,0,0,0,0,5,8,0
00-0019714,Shane Lechler,P,2001,7,REG,2001_07_OAK_PHI,LV,PHI,0,0,0,0,0,0,0,1,2,0
00-0019722,J.R. Redmond,RB,2001,7,REG,2001_07_NE_DEN,NE,DEN,0,0,0,0,0,0,0,1,0,0
00-0019863,Dominic Rhodes,RB,2001,7,REG,2001_07_IND_KC,IND,KC,0,0,0,0,0,0,0,4,87,1
00-0019889,Elvis Joseph,RB,2001,7,REG,2001_07_JAX_BAL,JAX,BAL,0,0,0,0,0,0,0,7,12,0
00-0019921,Jason Baker,P,2001,7,REG,2001_07_SF_CHI,SF,CHI,0,0,0,0,0,0,0,1,0,0
00-0020270,Correll Buckhalter,RB,2001,7,REG,2001_07_OAK_PHI,PHI,LV,0,0,0,0,0,0,0,7,29,0
00-0020391,Jameel Cook,RB,2001,7,REG,2001_07_MIN_TB,TB,MIN,0,0,0,0,0,0,0,2,2,0
00-0020403,Anthony Thomas,RB,2001,7,REG,2001_07_SF_CHI,CHI,SF,0,0,0,0,0,0,0,27,127,1
00-0020434,Chris Weinke,QB,2001,7,REG,2001_07_NYJ_CAR,CAR,NYJ,12,34,76,0,1,1,-6,2,7,0
00-0020446,Chris Chambers,WR,2001,7,REG,2001_07_MIA_SEA,MIA,SEA,0,0,0,0,0,0,0,1,-11,0
00-0020448,Travis Minor,RB,2001,7,REG,2001_07_MIA_SEA,MIA,SEA,0,0,0,0,0,0,0,2,11,0
00-0020462,LaMont Jordan,RB,2001,7,REG,2001_07_NYJ_CAR,NYJ,CAR,0,0,0,0,0,0,0,1,2,0
00-0020471,Travis Henry,RB,2001,7,REG,2001_07_BUF_SD,BUF,LAC,0,0,0,0,0,0,0,10,24,1
00-0020474,Kevan Barlow,RB,2001,7,REG,2001_07_SF_CHI,SF,CHI,0,0,0,0,0,0,0,7,13,0
00-0020536,LaDainian Tomlinson,RB,2001,7,REG,2001_07_BUF_SD,LAC,BUF,0,0,0,0,0,0,0,16,76,0
00-0000210,James Allen,RB,2001,8,REG,2001_08_CLE_CHI,CHI,CLE,0,0,0,0,0,0,0,1,3,0
00-0000251,Mike Alstott,FB,2001,8,REG,2001_08_TB_GB,TB,GB,0,0,0,0,0,0,0,17,30,0
00-0000339,Richie Anderson,FB,2001,8,REG,2001_08_NYJ_NO,NYJ,NO,0,0,0,0,0,0,0,1,1,0
00-0000552,Obafemi Ayanbadejo,RB,2001,8,REG,2001_08_BAL_PIT,BAL,PIT,0,0,0,0,0,0,0,5,2,0
00-0000722,Tony Banks,QB,2001,8,REG,2001_08_SEA_WAS,WAS,SEA,15,23,152,2,1,1,-13,4,27,0
00-0000745,Tiki Barber,RB,2001,8,REG,2001_08_DAL_NYG,NYG,DAL,0,0,0,0,0,0,0,7,30,0
00-0000865,Charlie Batch,QB,2001,8,REG,2001_08_DET_SF,DET,SF,8,20,74,0,0,2,-8,1,-1,0
00-0000942,Fred Beasley,FB,2001,8,REG,2001_08_DET_SF,SF,DET,0,0,0,0,0,0,0,1,3,0
00-0001215,Jerome Bettis,RB,2001,8,REG,2001_08_BAL_PIT,PIT,BAL,0,0,0,0,0,0,0,23,91,0
00-0001823,Aaron Brooks,QB,2001,8,REG,2001_08_NYJ_NO,NO,NYJ,12,28,164,0,2,6,-26,8,50,0
00-0002058,Tim Brown,WR,2001,8,REG,2001_08_DEN_OAK,LV,DEN,0,0,0,0,0,0,0,1,10,0
00-0002068,Troy Brown,WR,2001,8,REG,2001_08_NE_ATL,NE,ATL,0,0,0,0,0,0,0,1,5,0
00-0002110,Mark Brunell,QB,2001,8,REG,2001_08_JAX_TEN,JAX,TEN,21,32,261,1,1,5,-22,2,21,0
00-0002159,Shawn Bryson,RB,2001,8,REG,2001_08_IND_BUF,BUF,IND,0,0,0,0,0,0,0,3,15,0
00-0002743,Ki-Jana Carter,RB,2001,8,REG,2001_08_SEA_WAS,WAS,SEA,0,0,0,0,0,0,0,10,57,0
00-0002846,Larry Centers,FB,2001,8,REG,2001_08_IND_BUF,BUF,IND,0,0,0,0,0,0,0,3,2,0
00-0002876,Chris Chandler,QB,2001,8,REG,2001_08_NE_ATL,ATL,NE,8,20,95,1,1,6,-32,1,6,0
00-0003292,Kerry Collins,QB,2001,8,REG,2001_08_DAL_NYG,NYG,DAL,24,34,280,3,2,4,-15,2,11,0
00-0003396,Curtis Conway,WR,2001,8,REG,2001_08_KC_SD,LAC,KC,0,0,0,0,0,0,0,1,-3,0
00-0003535,Tim Couch,QB,2001,8,REG,2001_08_CLE_CHI,CLE,CHI,14,23,211,2,1,3,-20,1,-1,0
00-0003600,Dameyune Craig,QB,2001,8,REG,2001_08_CAR_MIA,CAR,MIA,4,8,34,0,0,1,-3,3,20,0
00-0003663,Zack Crockett,RB,2001,8,REG,2001_08_DEN_OAK,LV,DEN,0,0,0,0,0,0,0,6,10,2
00-0003761,Randall Cunningham,QB,2001,8,REG,2001_08_BAL_PIT,BAL,PIT,14,22,158,1,1,3,-16,4,-2,0
00-0004052,Stephen Davis,RB,2001,8,REG,2001_08_SEA_WAS,WAS,SEA,0,0,0,0,0,0,0,32,142,1
00-0004054,Terrell Davis,RB,2001,8,REG,2001_08_DEN_OAK,DEN,LV,0,0,0,0,0,0,0,17,70,0
00-0004293,Trent Dilfer,QB,2001,8,REG,2001_08_SEA_WAS,SEA,WAS,8,18,121,1,1,2,-16,0,0,0
00-0004640,Warrick Dunn,RB,2001,8,REG,2001_08_TB_GB,TB,GB,0,0,0,0,0,0,0,3,5,0
00-0004768,Marc Edwards,FB,2001,8,REG,2001_08_NE_ATL,NE,ATL,0,0,0,0,0,0,0,6,11,0
00-0004780,Troy Edwards,WR,2001,8,REG,2001_08_BAL_PIT,PIT,BAL,0,0,0,0,0,0,0,1,-2,0
00-0005091,Kevin Faulk,RB,2001,8,REG,2001_08_NE_ATL,NE,ATL,0,0,0,0,0,0,0,1,2,0
00-0005106,Brett Favre,QB,2001,8,REG,2001_08_TB_GB,GB,TB,16,27,180,1,2,1,-12,4,13,0
00-0005180,Jay Fiedler,QB,2001,8,REG,2001_08_CAR_MIA,MIA,CAR,20,33,287,1,1,1,-9,4,4,0
00-0005324,Terrell Fletcher,RB,2001,8,REG,2001_08_KC_SD,LAC,KC,0,0,0,0,0,0,0,3,17,0
00-0005363,Doug Flutie,QB,2001,8,REG,2001_08_KC_SD,LAC,KC,6,16,61,0,1,1,-11,1,3,0
00-0005589,Gus Frerotte,QB,2001,8,REG,2001_08_DEN_OAK,DEN,LV,4,6,50,1,0,0,0,0,0,0
00-0005620,Chris Fuamatu-Ma'afala,RB,2001,8,REG,2001_08_BAL_PIT,PIT,BAL,0,0,0,0,0,0,0,3,3,0
00-0005741,Rich Gannon,QB,2001,8,REG,2001_08_DEN_OAK,LV,DEN,25,34,242,3,0,0,0,9,24,0
00-0005755,Jeff Garcia,QB,2001,8,REG,2001_08_DET_SF,SF,DET,26,35,296,3,2,2,-14,5,7,0
00-0005779,Charlie Garner,RB,2001,8,REG,2001_08_DEN_OAK,LV,DEN,0,0,0,0,0,0,0,10,44,0
00-0005883,Eddie George,RB,2001,8,REG,2001_08_JAX_TEN,TEN,JAX,0,0,0,0,0,0,0,22,70,0
00-0006101,Tony Gonzalez,TE,2001,8,REG,2001_08_KC_SD,KC,LAC,1,1,40,0,0,0,0,0,0,0
00-0006305,Ahman Green,RB,2001,8,REG,2001_08_TB_GB,GB,TB,0,0,0,0,0,0,0,24,169,1
00-0006355,Trent Green,QB,2001,8,REG,2001_08_KC_SD,KC,LAC,13,25,146,0,1,2,-16,1,4,0
00-0006423,Brian Griese,QB,2001,8,REG,2001_08_DEN_OAK,DEN,LV,22,32,221,2,2,4,-24,0,0,0
00-0007091,Matt Hasselbeck,QB,2001,8,REG,2001_08_SEA_WAS,SEA,WAS,6,12,127,0,2,2,-17,1,0,0
00-0007180,Garrison Hearst,RB,2001,8,REG,2001_08_DET_SF,SF,DET,0,0,0,0,0,0,0,21,82,0
00-0007389,Skip Hicks,RB,2001,8,REG,2001_08_JAX_TEN,TEN,JAX,0,0,0,0,0,0,0,1,2,0
00-0007661,Priest Holmes,RB,2001,8,REG,2001_08_KC_SD,KC,LAC,0,0,0,0,0,0,0,30,181,1
00-0007969,Richard Huntley,RB,2001,8,REG,2001_08_CAR_MIA,CAR,MIA,0,0,0,0,0,0,0,12,49,0
00-0008442,Brad Johnson,QB,2001,8,REG,2001_08_TB_GB,TB,GB,18,30,177,2,0,7,-44,4,26,0
00-0008612,Rob Johnson,QB,2001,8,REG,2001_08_IND_BUF,BUF,IND,17,33,172,1,0,6,-24,2,6,0
00-0008921,Randy Jordan,RB,2001,8,REG,2001_08_DEN_OAK,LV,DEN,0,0,0,0,0,0,0,1,2,0
00-0009163,Eddie Kennison,WR,2001,8,REG,2001_08_DEN_OAK,DEN,LV,0,0,0,0,0,0,0,1,5,0
00-0009288,Terry Kirby,RB,2001,8,REG,2001_08_DEN_OAK,LV,DEN,0,0,0,0,0,0,0,3,24,0
00-0009417,Rob Konrad,FB,2001,8,REG,2001_08_CAR_MIA,MIA,CAR,0,0,0,0,0,0,0,1,1,0
00-0009715,Ryan Leaf,QB,2001,8,REG,2001_08_DAL_NYG,DAL,NYG,4,8,85,0,0,2,-15,0,0,0
00-0009829,Dorsey Levens,RB,2001,8,REG,2001_08_TB_GB,GB,TB,0,0,0,0,0,0,0,1,2,0
00-0010206,Matt Lytle,QB,2001,8,REG,2001_08_CAR_MIA,CAR,MIA,2,4,7,0,0,2,-13,0,0,0
00-0010240,Stacey Mack,RB,2001,8,REG,2001_08_JAX_TEN,JAX,TEN,0,0,0,0,0,0,0,4,3,1
00-0010346,Peyton Manning,QB,2001,8,REG,2001_08_IND_BUF,IND,BUF,17,27,199,1,0,4,-38,3,44,1
00-0010373,Olindo Mare,K,2001,8,REG,2001_08_CAR_MIA,MIA,CAR,0,0,0,0,0,0,0,1,-5,0
00-0010442,Curtis Martin,RB,2001,8,REG,2001_08_NYJ_NO,NYJ,NO,0,0,0,0,0,0,0,21,66,0
00-0010560,Shane Matthews,QB,2001,8,REG,2001_08_CLE_CHI,CHI,CLE,30,50,357,2,3,5,-43,0,0,0
00-0010974,James McKnight,WR,2001,8,REG,2001_08_CAR_MIA,MIA,CAR,0,0,0,0,0,0,0,1,9,0
00-0011022,Donovan McNabb,QB,2001,8,REG,2001_08_PHI_ARI,PHI,ARI,19,33,238,2,1,3,-19,4,26,0
00-0011024,Steve McNair,QB,2001,8,REG,2001_08_JAX_TEN,TEN,JAX,27,34,241,2,0,4,-25,10,74,2
00-0013013,Michael Pittman,RB,2001,8,REG,2001_08_PHI_ARI,ARI,PHI,0,0,0,0,0,0,0,18,43,0
00-0013042,Jake Plummer,QB,2001,8,REG,2001_08_PHI_ARI,ARI,PHI,24,41,293,1,1,3,-23,0,0,0
00-0013694,Tony Richardson,FB,2001,8,REG,2001_08_KC_SD,KC,LAC,0,0,0,0,0,0,0,8,23,2
00-0014450,Cory Schlesinger,FB,2001,8,REG,2001_08_DET_SF,DET,SF,0,0,0,0,0,0,0,4,13,0
00-0015091,Antowain Smith,RB,2001,8,REG,2001_08_NE_ATL,NE,ATL,0,0,0,0,0,0,0,23,117,0
00-0015242,Lamar Smith,RB,2001,8,REG,2001_08_CAR_MIA,MIA,CAR,0,0,0,0,0,0,0,18,37,0
00-0015420,Jerald Sowell,FB,2001,8,REG,2001_08_NYJ_NO,NYJ,NO,0,0,0,0,0,0,0,2,3,0
00-0015523,Duce Staley,RB,2001,8,REG,2001_08_PHI_ARI,PHI,ARI,0,0,0,0,0,0,0,12,49,0
00-0015700,Kordell Stewart,QB,2001,8,REG,2001_08_BAL_PIT,PIT,BAL,22,37,236,1,0,2,-11,8,31,0
00-0015754,Brandon Stokley,WR,2001,8,REG,2001_08_BAL_PIT,BAL,PIT,0,0,0,0,0,0,0,1,1,0
00-0016193,Vinny Testaverde,QB,2001,8,REG,2001_08_NYJ_NO,NYJ,NO,13,22,145,1,1,2,-15,3,-3,0
00-0016440,James Thrash,WR,2001,8,REG,2001_08_PHI_ARI,PHI,ARI,0,0,0,0,0,0,0,2,24,0
00-0017218,Lamont Warren,RB,2001,8,REG,2001_08_DET_SF,DET,SF,0,1,0,0,0,0,0,3,3,0
00-0017611,Alvis Whitted,WR,2001,8,REG,2001_08_JAX_TEN,JAX,TEN,0,0,0,0,0,0,0,1,4,0
00-0017915,Ricky Williams,RB,2001,8,REG,2001_08_NYJ_NO,NO,NYJ,0,0,0,0,0,0,0,19,58,1
00-0018977,Maurice Smith,RB,2001,8,REG,2001_08_NE_ATL,ATL,NE,0,0,0,0,0,0,0,16,84,0
00-0019100,Brad Hoover,FB,2001,8,REG,2001_08_CAR_MIA,CAR,MIA,0,0,0,0,0,0,0,3,8,0
00-0019423,Jason Brookins,RB,2001,8,REG,2001_08_BAL_PIT,BAL,PIT,0,0,0,0,0,0,0,16,40,0
00-0019442,Clint Stoerner,QB,2001,8,REG,2001_08_DAL_NYG,DAL,NYG,13,23,177,1,4,2,-9,1,4,0
00-0019471,Frank Moreau,RB,2001,8,REG,2001_08_JAX_TEN,JAX,TEN,0,0,0,0,0,0,0,4,20,1
00-0019516,Troy Hambrick,RB,2001,8,REG,2001_08_DAL_NYG,DAL,NYG,0,0,0,0,0,0,0,30,77,0
00-0019594,Mike Anderson,RB,2001,8,REG,2001_08_DEN_OAK,DEN,LV,0,0,0,0,0,0,0,5,44,0
00-0019596,Tom Brady,QB,2001,8,REG,2001_08_NE_ATL,NE,ATL,21,31,250,3,0,3,-14,3,0,0
00-0019610,Reuben Droughns,RB,2001,8,REG,2001_08_DET_SF,DET,SF,0,0,0,0,0,0,0,10,36,0
00-0019614,Michael Wiley,RB,2001,8,REG,2001_08_DAL_NYG,DAL,NYG,0,0,0,0,0,0,0,1,5,0
00-0019641,Thomas Jones,RB,2001,8,REG,2001_08_PHI_ARI,ARI,PHI,0,0,0,0,0,0,0,6,14,0
00-0019643,Ron Dayne,RB,2001,8,REG,2001_08_DAL_NYG,NYG,DAL,0,0,0,0,0,0,0,17,52,0
00-0019647,Shaun Alexander,RB,2001,8,REG,2001_08_SEA_WAS,SEA,WAS,0,0,0,0,0,0,0,13,60,1
00-0019863,Dominic Rhodes,RB,2001,8,REG,2001_08_IND_BUF,IND,BUF,0,0,0,0,0,0,0,34,100,1
00-0019889,Elvis Joseph,RB,2001,8,REG,2001_08_JAX_TEN,JAX,TEN,0,0,0,0,0,0,0,6,22,0
00-0020245,Mike Vick,QB,2001,8,REG,2001_08_NE_ATL,ATL,NE,2,9,56,0,0,3,-15,2,50,0
00-0020270,Correll Buckhalter,RB,2001,8,REG,2001_08_PHI_ARI,PHI,ARI,0,0,0,0,0,0,0,4,14,0
00-0020308,Mike McMahon,QB,2001,8,REG,2001_08_DET_SF,DET,SF,2,4,16,0,0,1,-9,3,7,0
00-0020337,Steve Smith,WR,2001,8,REG,2001_08_CAR_MIA,CAR,MIA,0,0,0,0,0,0,0,1,10,0
00-0020403,Anthony Thomas,RB,2001,8,REG,2001_08_CLE_CHI,CHI,CLE,0,0,0,0,0,0,0,31,96,1
00-0020430,James Jackson,RB,2001,8,REG,2001_08_CLE_CHI,CLE,CHI,0,0,0,0,0,0,0,22,71,0
00-0020434,Chris Weinke,QB,2001,8,REG,2001_08_CAR_MIA,CAR,MIA,9,21,158,0,1,1,-5,1,16,0
00-0020448,Travis Minor,RB,2001,8,REG,2001_08_CAR_MIA,MIA,CAR,0,0,0,0,0,0,0,4,13,0
00-0020462,LaMont Jordan,RB,2001,8,REG,2001_08_NYJ_NO,NYJ,NO,0,0,0,0,0,0,0,7,75,0
00-0020471,Travis Henry,RB,2001,8,REG,2001_08_IND_BUF,BUF,IND,0,0,0,0,0,0,0,13,61,0
00-0020474,Kevan Barlow,RB,2001,8,REG,2001_08_DET_SF,SF,DET,0,0,0,0,0,0,0,8,53,0
00-0020527,Deuce McAllister,RB,2001,8,REG,2001_08_NYJ_NO,NO,NYJ,0,1,0,0,0,0,0,0,0,0
00-0020531,Drew Brees,QB,2001,8,REG,2001_08_KC_SD,LAC,KC,15,27,221,1,0,2,-12,2,18,0
00-0020536,LaDainian Tomlinson,RB,2001,8,REG,2001_08_KC_SD,LAC,KC,0,0,0,0,0,0,0,13,31,1
00-0000210,James Allen,RB,2001,9,REG,2001_09_GB_CHI,CHI,GB,0,0,0,0,0,0,0,1,6,0
00-0000232,Terry Allen,RB,2001,9,REG,2001_09_BAL_TEN,BAL,TEN,0,0,0,0,0,0,0,1,-1,0
00-0000251,Mike Alstott,FB,2001,9,REG,2001_09_TB_DET,TB,DET,0,0,0,0,0,0,0,8,48,0
00-0000339,Richie Anderson,FB,2001,9,REG,2001_09_KC_NYJ,NYJ,KC,0,0,0,0,0,0,0,2,10,0
00-0000552,Obafemi Ayanbadejo,RB,2001,9,REG,2001_09_BAL_TEN,BAL,TEN,0,0,0,0,0,0,0,6,10,0
00-0000745,Tiki Barber,RB,2001,9,REG,2001_09_NYG_ARI,NYG,ARI,0,0,0,0,0,0,0,17,118,0
00-0000865,Charlie Batch,QB,2001,9,REG,2001_09_TB_DET,DET,TB,21,39,239,1,2,5,-21,1,3,0
00-0001098,Brandon Bennett,RB,2001,9,REG,2001_09_CIN_JAX,CIN,JAX,0,0,0,0,0,0,0,3,14,0
00-0001215,Jerome Bettis,RB,2001,9,REG,2001_09_PIT_CLE,PIT,CLE,0,0,0,0,0,0,0,29,163,0
00-0001477,Marty Booker,WR,2001,9,REG,2001_09_GB_CHI,CHI,GB,0,0,0,0,0,0,0,1,-4,0
00-0001823,Aaron Brooks,QB,2001,9,REG,2001_09_NO_SF,NO,SF,22,37,347,2,0,1,-11,4,16,0
00-0002068,Troy Brown,WR,2001,9,REG,2001_09_BUF_NE,NE,BUF,0,0,0,0,0,0,0,1,17,0
00-0002110,Mark Brunell,QB,2001,9,REG,2001_09_CIN_JAX,CIN,JAX,20,32,189,2,0,3,-25,1,1,0
00-0002970,Bob Christian,FB,2001,9,REG,2001_09_DAL_ATL,ATL,DAL,0,0,0,0,0,0,0,3,4,0
00-0003292,Kerry Collins,QB,2001,9,REG,2001_09_NYG_ARI,NYG,ARI,15,24,155,1,1,2,-7,4,-2,0
00-0003400,Ernie Conwell,TE,2001,9,REG,2001_09_CAR_STL,LA,CAR,0,0,0,0,0,0,0,1,13,0
00-0003535,Tim Couch,QB,2001,9,REG,2001_09_PIT_CLE,CLE,PIT,18,33,160,1,0,7,-47,3,15,0
00-0003663,Zack Crockett,RB,2001,9,REG,2001_09_OAK_SEA,LV,SEA,0,0,0,0,0,0,0,1,0,0
00-0003739,Daunte Culpepper,QB,2001,9,REG,2001_09_MIN_PHI,MIN,PHI,21,35,285,2,1,6,-40,6,21,0
00-0004054,Terrell Davis,RB,2001,9,REG,2001_09_SD_DEN,DEN,LAC,0,0,0,0,0,0,0,33,83,0
00-0004229,Koy Detmer,QB,2001,9,REG,2001_09_MIN_PHI,PHI,MIN,0,0,0,0,0,0,0,2,-3,0
00-0004304,Corey Dillon,RB,2001,9,REG,2001_09_CIN_JAX,CIN,JAX,0,0,0,0,0,0,0,17,58,1
00-0004640,Warrick Dunn,RB,2001,9,REG,2001_09_TB_DET,TB,DET,0,0,0,0,0,0,0,17,51,0
00-0004768,Marc Edwards,FB,2001,9,REG,2001_09_BUF_NE,NE,BUF,0,0,0,0,0,0,0,3,8,0
00-0005091,Kevin Faulk,RB,2001,9,REG,2001_09_BUF_NE,NE,BUF,0,0,0,0,0,0,0,2,3,0
00-0005092,Marshall Faulk,RB,2001,9,REG,2001_09_CAR_STL,LA,CAR,0,0,0,0,0,0,0,15,183,2
00-0005106,Brett Favre,QB,2001,9,REG,2001_09_GB_CHI,GB,CHI,19,32,268,2,1,1,0,2,-2,0
00-0005180,Jay Fiedler,QB,2001,9,REG,2001_09_MIA_IND,MIA,IND,17,29,259,2,2,1,-18,2,8,0
00-0005324,Terrell Fletcher,RB,2001,9,REG,2001_09_SD_DEN,LAC,DEN,0,0,0,0,0,0,0,1,16,0
00-0005363,Doug Flutie,QB,2001,9,REG,2001_09_SD_DEN,LAC,DEN,12,31,165,1,4,1,-18,2,5,0
00-0005620,Chris Fuamatu-Ma'afala,RB,2001,9,REG,2001_09_PIT_CLE,PIT,CLE,0,0,0,0,0,0,0,1,-1,0
00-0005741,Rich Gannon,QB,2001,9,REG,2001_09_OAK_SEA,LV,SEA,24,38,257,2,0,2,-7,3,28,0
00-0005755,Jeff Garcia,QB,2001,9,REG,2001_09_NO_SF,SF,NO,21,34,252,4,0,1,-1,4,-6,0
00-0005779,Charlie Garner,RB,2001,9,REG,2001_09_OAK_SEA,LV,SEA,0,0,0,0,0,0,0,13,57,0
00-0005883,Eddie George,RB,2001,9,REG,2001_09_BAL_TEN,TEN,BAL,0,0,0,0,0,0,0,22,71,0
00-0006208,Jay Graham,RB,2001,9,REG,2001_09_OAK_SEA,SEA,LV,0,0,0,0,0,0,0,1,19,0
00-0006223,Martin Gramatica,K,2001,9,REG,2001_09_TB_DET,TB,DET,0,1,0,0,0,0,0,0,0,0
00-0006300,Elvis Grbac,QB,2001,9,REG,2001_09_BAL_TEN,BAL,TEN,15,27,192,1,1,3,-20,2,3,0
00-0006305,Ahman Green,RB,2001,9,REG,2001_09_GB_CHI,GB,CHI,0,0,0,0,0,0,0,18,93,0
00-0006355,Trent Green,QB,2001,9,REG,2001_09_KC_NYJ,KC,NYJ,16,31,143,1,3,3,-19,2,1,0
00-0006423,Brian Griese,QB,2001,9,REG,2001_09_SD_DEN,DEN,LAC,21,31,224,2,0,3,-3,5,11,0
00-0006627,Az-Zahir Hakim,WR,2001,9,REG,2001_09_CAR_STL,LA,CAR,0,0,0,0,0,0,0,1,-1,0
00-0007091,Matt Hasselbeck,QB,2001,9,REG,2001_09_OAK_SEA,SEA,LV,15,23,181,1,0,1,-3,6,34,0
00-0007180,Garrison Hearst,RB,2001,9,REG,2001_09_NO_SF,SF,NO,0,0,0,0,0,0,0,17,145,0
00-0007308,Craig Hentrich,P,2001,9,REG,2001_09_BAL_TEN,TEN,BAL,0,1,0,0,1,0,0,0,0,0
00-0007468,Ike Hilliard,WR,2001,9,REG,2001_09_NYG_ARI,NYG,ARI,0,0,0,0,0,0,0,1,21,0
00-0007579,Robert Holcombe,FB,2001,9,REG,2001_09_CAR_STL,LA,CAR,0,0,0,0,0,0,0,5,0,1
00-0007661,Priest Holmes,RB,2001,9,REG,2001_09_KC_NYJ,KC,NYJ,0,0,0,0,0,0,0,18,71,0
00-0007969,Richard Huntley,RB,2001,9,REG,2001_09_CAR_STL,CAR,LA,0,0,0,0,0,0,0,6,7,0
00-0008060,Raghib Ismail,WR,2001,9,REG,2001_09_DAL_ATL,DAL,ATL,0,0,0,0,0,0,0,1,2,0
00-0008196,Terry Jackson,RB,2001,9,REG,2001_09_NO_SF,SF,NO,0,0,0,0,0,0,0,1,1,0
00-0008442,Brad Johnson,QB,2001,9,REG,2001_09_TB_DET,TB,DET,20,36,188,1,0,2,-13,0,0,0
00-0008568,Leon Johnson,RB,2001,9,REG,2001_09_GB_CHI,CHI,GB,1,1,18,0,0,0,0,0,0,0
00-0008612,Rob Johnson,QB,2001,9,REG,2001_09_BUF_NE,BUF,NE,14,26,167,0,1,5,-31,5,18,0
00-0009288,Terry Kirby,RB,2001,9,REG,2001_09_OAK_SEA,LV,SEA,0,0,0,0,0,0,0,1,3,0
00-0009311,Jon Kitna,QB,2001,9,REG,2001_09_CIN_JAX,CIN,JAX,28,48,303,0,1,4,-24,2,0,0
00-0009323,Jimmy Kleinsasser,TE,2001,9,REG,2001_09_MIN_PHI,MIN,PHI,0,0,0,0,0,0,0,4,12,0
00-0009417,Rob Konrad,FB,2001,9,REG,2001_09_MIA_IND,MIA,IND,0,0,0,0,0,0,0,1,2,0
00-0009715,Ryan Leaf,QB,2001,9,REG,2001_09_DAL_ATL,DAL,ATL,14,22,114,1,1,3,-18,3,-7,0
00-0009829,Dorsey Levens,RB,2001,9,REG,2001_09_GB_CHI,GB,CHI,0,0,0,0,0,0,0,3,9,0
00-0010137,Ray Lucas,QB,2001,9,REG,2001_09_MIA_IND,MIA,IND,0,1,0,0,0,0,0,0,0,0
00-0010206,Matt Lytle,QB,2001,9,REG,2001_09_CAR_STL,CAR,LA,15,25,126,1,2,1,-11,2,8,0
00-0010240,Stacey Mack,RB,2001,9,REG,2001_09_CIN_JAX,CIN,JAX,0,0,0,0,0,0,0,15,71,2
00-0010346,Peyton Manning,QB,2001,9,REG,2001_09_MIA_IND,IND,MIA,20,33,253,3,2,3,-29,1,5,0
00-0010442,Curtis Martin,RB,2001,9,REG,2001_09_KC_NYJ,NYJ,KC,0,0,0,0,0,0,0,20,113,3
00-0010455,Jamie Martin,QB,2001,9,REG,2001_09_CAR_STL,LA,CAR,2,2,12,0,0,0,0,2,-3,0
00-0011022,Donovan McNabb,QB,2001,9,REG,2001_09_MIN_PHI,PHI,MIN,19,29,223,3,0,1,-8,3,37,1
00-0011024,Steve McNair,QB,2001,9,REG,2001_09_BAL_TEN,TEN,BAL,27,48,256,1,0,6,-28,6,19,0
00-0011276,Jim Miller,QB,2001,9,REG,2001_09_GB_CHI,CHI,GB,28,47,201,0,0,1,-4,0,0,0
00-0012478,Terrell Owens,WR,2001,9,REG,2001_09_NO_SF,SF,NO,0,0,0,0,0,0,0,1,12,0
00-0012642,David Patten,WR,2001,9,REG,2001_09_BUF_NE,NE,BUF,0,0,0,0,0,0,0,1,7,0
00-0013013,Michael Pittman,RB,2001,9,REG,2001_09_NYG_ARI,ARI,NYG,0,0,0,0,0,0,0,17,54,0
00-0013042,Jake Plummer,QB,2001,9,REG,2001_09_NYG_ARI,ARI,NYG,13,26,172,1,1,2,-37,3,9,0
00-0013338,Jonathan Quinn,QB,2001,9,REG,2001_09_CIN_JAX,CIN,JAX,0,0,0,0,0,0,0,1,-1,0
00-0013682,Kyle Richardson,P,2001,9,REG,2001_09_BAL_TEN,BAL,TEN,1,1,-11,0,0,0,0,0,0,0
00-0013694,Tony Richardson,FB,2001,9,REG,2001_09_KC_NYJ,KC,NYJ,0,0,0,0,0,0,0,5,22,0
00-0014450,Cory Schlesinger,FB,2001,9,REG,2001_09_TB_DET,DET,TB,0,0,0,0,0,0,0,7,13,1
00-0015091,Antowain Smith,RB,2001,9,REG,2001_09_BUF_NE,NE,BUF,0,0,0,0,0,0,0,20,100,2
00-0015242,Lamar Smith,RB,2001,9,REG,2001_09_MIA_IND,MIA,IND,0,0,0,0,0,0,0,18,53,0
00-0015420,Jerald Sowell,FB,2001,9,REG,2001_09_KC_NYJ,NYJ,KC,0,0,0,0,0,0,0,1,2,0
00-0015523,Duce Staley,RB,2001,9,REG,2001_09_MIN_PHI,PHI,MIN,0,0,0,0,0,0,0,17,146,1
00-0015700,Kordell Stewart,QB,2001,9,REG,2001_09_PIT_CLE,PIT,CLE,18,32,188,0,0,1,-4,7,65,0
00-0016193,Vinny Testaverde,QB,2001,9,REG,2001_09_KC_NYJ,NYJ,KC,17,27,170,0,1,0,0,3,-2,0
00-0016440,James Thrash,WR,2001,9,REG,2001_09_MIN_PHI,PHI,MIN,0,0,0,0,0,0,0,1,14,0
00-0016683,Tom Tupa,P,2001,9,REG,2001_09_KC_NYJ,NYJ,KC,1,1,9,0,0,0,0,0,0,0
00-0016838,Alex Van Pelt,QB,2001,9,REG,2001_09_BUF_NE,BUF,NE,2,7,37,1,1,0,0,0,0,0
00-0017162,Hines Ward,WR,2001,9,REG,2001_09_PIT_CLE,PIT,CLE,0,0,0,0,0,1,-3,0,0,0
00-0017200,Kurt Warner,QB,2001,9,REG,2001_09_CAR_STL,LA,CAR,14,20,144,1,3,0,0,0,0,0
00-0017218,Lamont Warren,RB,2001,9,REG,2001_09_TB_DET,DET,TB,0,0,0,0,0,0,0,1,3,0
00-0017303,Justin Watson,RB,2001,9,REG,2001_09_CAR_STL,LA,CAR,0,0,0,0,0,0,0,1,0,0
00-0017915,Ricky Williams,RB,2001,9,REG,2001_09_NO_SF,NO,SF,0,0,0,0,0,0,0,24,121,0
00-0018501,Amos Zereoue,RB,2001,9,REG,2001_09_PIT_CLE,PIT,CLE,0,0,0,0,0,0,0,4,20,0
00-0018958,Laveranues Coles,WR,2001,9,REG,2001_09_KC_NYJ,NYJ,KC,0,0,0,0,0,0,0,1,11,0
00-0018977,Maurice Smith,RB,2001,9,REG,2001_09_DAL_ATL,ATL,DAL,0,0,0,0,0,0,0,27,148,0
00-0019019,Micah Knorr,P,2001,9,REG,2001_09_DAL_ATL,DAL,ATL,0,0,0,0,0,0,0,1,0,0
00-0019057,Jamel White,RB,2001,9,REG,2001_09_PIT_CLE,CLE,PIT,0,0,0,0,0,0,0,2,2,0
00-0019087,Doug Johnson,QB,2001,9,REG,2001_09_DAL_ATL,ATL,DAL,3,4,23,1,0,1,-4,1,-1,0
00-0019100,Brad Hoover,FB,2001,9,REG,2001_09_CAR_STL,CAR,LA,0,0,0,0,0,0,0,1,1,0
00-0019268,Kevin McDougal,RB,2001,9,REG,2001_09_MIA_IND,IND,MIA,0,0,0,0,0,0,0,10,18,0
00-0019423,Jason Brookins,RB,2001,9,REG,2001_09_BAL_TEN,BAL,TEN,0,0,0,0,0,0,0,14,57,0
00-0019455,Peter Warrick,WR,2001,9,REG,2001_09_CIN_JAX,CIN,JAX,0,0,0,0,0,0,0,1,1,0
00-0019471,Frank Moreau,RB,2001,9,REG,2001_09_CIN_JAX,CIN,JAX,0,0,0,0,0,0,0,2,1,0
00-0019516,Troy Hambrick,RB,2001,9,REG,2001_09_DAL_ATL,DAL,ATL,0,0,0,0,0,0,0,20,127,0
00-0019539,Dante Hall,WR,2001,9,REG,2001_09_KC_NYJ,KC,NYJ,0,0,0,0,0,0,0,1,6,0
00-0019594,Mike Anderson,RB,2001,9,REG,2001_09_SD_DEN,DEN,LAC,0,0,0,0,0,0,0,4,23,0
00-0019596,Tom Brady,QB,2001,9,REG,2001_09_BUF_NE,NE,BUF,15,21,107,1,1,7,-36,4,-1,0
00-0019609,Travis Prentice,RB,2001,9,REG,2001_09_MIN_PHI,MIN,PHI,0,0,0,0,0,0,0,2,4,0
00-0019610,Reuben Droughns,RB,2001,9,REG,2001_09_TB_DET,DET,TB,0,0,0,0,0,0,0,13,30,0
00-0019614,Michael Wiley,RB,2001,9,REG,2001_09_DAL_ATL,DAL,ATL,0,0,0,0,0,0,0,7,85,0
00-0019641,Thomas Jones,RB,2001,9,REG,2001_09_NYG_ARI,ARI,NYG,0,0,0,0,0,0,0,5,15,0
00-0019643,Ron Dayne,RB,2001,9,REG,2001_09_NYG_ARI,NYG,ARI,0,0,0,0,0,0,0,19,49,1
00-0019647,Shaun Alexander,RB,2001,9,REG,2001_09_OAK_SEA,SEA,LV,0,0,0,0,0,0,0,35,266,3
00-0019649,Trung Canidate,RB,2001,9,REG,2001_09_CAR_STL,LA,CAR,0,0,0,0,0,0,0,16,145,1
00-0019712,Doug Chapman,RB,2001,9,REG,2001_09_MIN_PHI,MIN,PHI,0,0,0,0,0,0,0,9,19,0
00-0019721,Travis Taylor,WR,2001,9,REG,2001_09_BAL_TEN,BAL,TEN,0,0,0,0,0,0,0,1,8,0
00-0019831,Nick Goings,RB,2001,9,REG,2001_09_CAR_STL,CAR,LA,0,0,0,0,0,0,0,9,13,0
00-0019863,Dominic Rhodes,RB,2001,9,REG,2001_09_MIA_IND,IND,MIA,0,0,0,0,0,0,0,14,42,0
00-0019889,Elvis Joseph,RB,2001,9,REG,2001_09_CIN_JAX,CIN,JAX,0,0,0,0,0,0,0,6,25,0
00-0020112,Tony Taylor,RB,2001,9,REG,2001_09_DAL_ATL,DAL,ATL,0,0,0,0,0,0,0,1,0,0
00-0020245,Mike Vick,QB,2001,9,REG,2001_09_DAL_ATL,ATL,DAL,4,12,32,1,0,2,-5,2,4,0
00-0020270,Correll Buckhalter,RB,2001,9,REG,2001_09_MIN_PHI,PHI,MIN,0,0,0,0,0,0,0,11,66,1
00-0020308,Mike McMahon,QB,2001,9,REG,2001_09_TB_DET,DET,TB,0,1,0,0,0,0,0,1,3,0
00-0020337,Steve Smith,WR,2001,9,REG,2001_09_CAR_STL,CAR,LA,0,0,0,0,0,0,0,1,2,0
00-0020403,Anthony Thomas,RB,2001,9,REG,2001_09_GB_CHI,CHI,GB,0,0,0,0,0,0,0,22,45,0
00-0020430,James Jackson,RB,2001,9,REG,2001_09_PIT_CLE,CLE,PIT,0,0,0,0,0,0,0,18,57,0
00-0020448,Travis Minor,RB,2001,9,REG,2001_09_MIA_IND,MIA,IND,0,0,0,0,0,0,0,7,71,1
00-0020462,LaMont Jordan,RB,2001,9,REG,2001_09_KC_NYJ,NYJ,KC,0,0,0,0,0,0,0,10,40,0
00-0020471,Travis Henry,RB,2001,9,REG,2001_09_BUF_NE,BUF,NE,0,0,0,0,0,0,0,16,51,0
00-0020474,Kevan Barlow,RB,2001,9,REG,2001_09_NO_SF,SF,NO,0,0,0,0,0,0,0,3,12,0
00-0020497,Freddie Mitchell,WR,2001,9,REG,2001_09_MIN_PHI,PHI,MIN,0,0,0,0,0,0,0,1,12,0
00-0020527,Deuce McAllister,RB,2001,9,REG,2001_09_NO_SF,NO,SF,0,0,0,0,0,0,0,4,15,0
00-0020536,LaDainian Tomlinson,RB,2001,9,REG,2001_09_SD_DEN,LAC,DEN,0,0,0,0,0,0,0,14,75,0
00-0000210,James Allen,RB,2001,10,REG,2001_10_CHI_TB,CHI,TB,0,0,0,0,0,0,0,2,12,0
00-0000251,Mike Alstott,FB,2001,10,REG,2001_10_CHI_TB,TB,CHI,0,0,0,0,0,0,0,4,2,1
00-0000339,Richie Anderson,FB,2001,10,REG,2001_10_NYJ_MIA,NYJ,MIA,0,0,0,0,0,0,0,1,5,0
00-0000722,Tony Banks,QB,2001,10,REG,2001_10_WAS_DEN,WAS,DEN,4,13,27,0,0,1,-7,2,10,0
00-0000745,Tiki Barber,RB,2001,10,REG,2001_10_NYG_MIN,NYG,MIN,0,0,0,0,0,0,0,8,55,1
00-0000865,Charlie Batch,QB,2001,10,REG,2001_10_DET_ARI,DET,ARI,36,62,436,3,3,1,-7,0,0,0
00-0000942,Fred Beasley,FB,2001,10,REG,2001_10_SF_CAR,SF,CAR,0,0,0,0,0,0,0,1,9,0
00-0001098,Brandon Bennett,RB,2001,10,REG,2001_10_TEN_CIN,CIN,TEN,0,0,0,0,0,0,0,2,7,0
00-0001215,Jerome Bettis,RB,2001,10,REG,2001_10_JAX_PIT,PIT,JAX,0,0,0,0,0,0,0,21,52,0
00-0001823,Aaron Brooks,QB,2001,10,REG,2001_10_IND_NO,NO,IND,19,22,249,2,0,4,-28,4,26,1
00-0002159,Shawn Bryson,RB,2001,10,REG,2001_10_SEA_BUF,BUF,SEA,0,0,0,0,0,0,0,2,8,0
00-0002743,Ki-Jana Carter,RB,2001,10,REG,2001_10_WAS_DEN,WAS,DEN,0,0,0,0,0,0,0,2,16,0
00-0002846,Larry Centers,FB,2001,10,REG,2001_10_SEA_BUF,BUF,SEA,0,0,0,0,0,0,0,3,11,0
00-0002876,Chris Chandler,QB,2001,10,REG,2001_10_ATL_GB,ATL,GB,29,50,352,2,2,3,-17,2,-1,0
00-0002970,Bob Christian,FB,2001,10,REG,2001_10_ATL_GB,ATL,GB,0,0,0,0,0,0,0,4,40,0
00-0003292,Kerry Collins,QB,2001,10,REG,2001_10_NYG_MIN,NYG,MIN,21,37,321,0,2,4,-24,3,9,0
00-0003378,Albert Connell,WR,2001,10,REG,2001_10_IND_NO,NO,IND,0,0,0,0,0,0,0,1,6,0
00-0003396,Curtis Conway,WR,2001,10,REG,2001_10_SD_OAK,LAC,LV,0,0,0,0,0,0,0,1,67,1
00-0003400,Ernie Conwell,TE,2001,10,REG,2001_10_STL_NE,LA,NE,0,0,0,0,0,0,0,1,-1,0
00-0003535,Tim Couch,QB,2001,10,REG,2001_10_CLE_BAL,CLE,BAL,19,30,144,0,3,1,-7,2,-2,0
00-0003663,Zack Crockett,RB,2001,10,REG,2001_10_SD_OAK,LV,LAC,0,0,0,0,0,0,0,7,16,0
00-0003739,Daunte Culpepper,QB,2001,10,REG,2001_10_NYG_MIN,MIN,NYG,26,38,277,4,2,3,-14,9,26,0
00-0004052,Stephen Davis,RB,2001,10,REG,2001_10_WAS_DEN,WAS,DEN,0,0,0,0,0,0,0,24,97,0
00-0004229,Koy Detmer,QB,2001,10,REG,2001_10_PHI_DAL,PHI,DAL,0,0,0,0,0,0,0,2,-2,0
00-0004304,Corey Dillon,RB,2001,10,REG,2001_10_TEN_CIN,CIN,TEN,0,0,0,0,0,0,0,17,38,0
00-0004640,Warrick Dunn,RB,2001,10,REG,2001_10_CHI_TB,TB,CHI,0,0,0,0,0,0,0,8,12,0
00-0004768,Marc Edwards,FB,2001,10,REG,2001_10_STL_NE,NE,LA,0,0,0,0,0,0,0,1,2,0
00-0005091,Kevin Faulk,RB,2001,10,REG,2001_10_STL_NE,NE,LA,0,0,0,0,0,0,0,2,7,0
00-0005092,Marshall Faulk,RB,2001,10,REG,2001_10_STL_NE,LA,NE,0,0,0,0,0,0,0,20,83,0
00-0005106,Brett Favre,QB,2001,10,REG,2001_10_ATL_GB,GB,ATL,16,29,262,2,3,2,-19,1,0,0
00-0005180,Jay Fiedler,QB,2001,10,REG,2001_10_NYJ_MIA,MIA,NYJ,24,36,188,0,3,3,-12,4,14,0
00-0005324,Terrell Fletcher,RB,2001,10,REG,2001_10_SD_OAK,LAC,LV,0,0,0,0,0,0,0,2,9,0
00-0005363,Doug Flutie,QB,2001,10,REG,2001_10_SD_OAK,LAC,LV,12,27,98,0,1,0,0,4,8,0
00-0005620,Chris Fuamatu-Ma'afala,RB,2001,10,REG,2001_10_JAX_PIT,PIT,JAX,0,0,0,0,0,0,0,1,1,0
00-0005720,Joey Galloway,WR,2001,10,REG,2001_10_PHI_DAL,DAL,PHI,0,0,0,0,0,0,0,2,22,0
00-0005741,Rich Gannon,QB,2001,10,REG,2001_10_SD_OAK,LV,LAC,25,38,311,4,1,4,-18,2,15,0
00-0005755,Jeff Garcia,QB,2001,10,REG,2001_10_SF_CAR,SF,CAR,34,54,305,3,2,3,-9,1,1,0
00-0005779,Charlie Garner,RB,2001,10,REG,2001_10_SD_OAK,LV,LAC,0,0,0,0,0,0,0,18,59,0
00-0005816,Olandis Gary,RB,2001,10,REG,2001_10_WAS_DEN,DEN,WAS,0,0,0,0,0,0,0,10,28,0
00-0005883,Eddie George,RB,2001,10,REG,2001_10_TEN_CIN,TEN,CIN,0,0,0,0,0,0,0,23,61,0
00-0006212,Kent Graham,QB,2001,10,REG,2001_10_WAS_DEN,WAS,DEN,12,18,123,2,0,2,-16,4,-5,0
00-0006300,Elvis Grbac,QB,2001,10,REG,2001_10_CLE_BAL,BAL,CLE,23,44,261,2,4,2,-19,0,0,0
00-0006305,Ahman Green,RB,2001,10,REG,2001_10_ATL_GB,GB,ATL,0,0,0,0,0,0,0,17,62,0
00-0006423,Brian Griese,QB,2001,10,REG,2001_10_WAS_DEN,DEN,WAS,11,31,114,1,0,3,-16,4,29,0
00-0007024,Marvin Harrison,WR,2001,10,REG,2001_10_IND_NO,IND,NO,0,0,0,0,0,0,0,1,3,0
00-0007091,Matt Hasselbeck,QB,2001,10,REG,2001_10_SEA_BUF,SEA,BUF,16,23,134,1,0,0,0,4,3,0
00-0007180,Garrison Hearst,RB,2001,10,REG,2001_10_SF_CAR,SF,CAR,0,0,0,0,0,0,0,17,92,0
00-0007389,Skip Hicks,RB,2001,10,REG,2001_10_TEN_CIN,TEN,CIN,0,0,0,0,0,0,0,3,0,0
00-0007969,Richard Huntley,RB,2001,10,REG,2001_10_SF_CAR,CAR,SF,0,0,0,0,0,0,0,13,63,0
00-0008442,Brad Johnson,QB,2001,10,REG,2001_10_CHI_TB,TB,CHI,40,56,399,0,2,2,-9,3,5,1
00-0008921,Randy Jordan,RB,2001,10,REG,2001_10_SD_OAK,LV,LAC,0,0,0,0,0,0,0,1,-2,0
00-0009311,Jon Kitna,QB,2001,10,REG,2001_10_TEN_CIN,CIN,TEN,23,41,234,1,2,1,-10,1,9,0
00-0009323,Jimmy Kleinsasser,TE,2001,10,REG,2001_10_NYG_MIN,MIN,NYG,0,0,0,0,0,0,0,4,6,0
00-0009715,Ryan Leaf,QB,2001,10,REG,2001_10_PHI_DAL,DAL,PHI,11,26,102,0,2,3,-21,1,0,0
00-0009829,Dorsey Levens,RB,2001,10,REG,2001_10_ATL_GB,GB,ATL,0,0,0,0,0,0,0,1,8,0
00-0009869,Jermaine Lewis,WR,2001,10,REG,2001_10_CLE_BAL,BAL,CLE,0,0,0,0,0,0,0,1,0,0
00-0010240,Stacey Mack,RB,2001,10,REG,2001_10_JAX_PIT,JAX,PIT,0,0,0,0,0,0,0,8,6,0
00-0010346,Peyton Manning,QB,2001,10,REG,2001_10_IND_NO,IND,NO,18,28,262,1,1,0,0,4,7,0
00-0010442,Curtis Martin,RB,2001,10,REG,2001_10_NYJ_MIA,NYJ,MIA,0,0,0,0,0,0,0,18,66,0
00-0010974,James McKnight,WR,2001,10,REG,2001_10_NYJ_MIA,MIA,NYJ,0,0,0,0,0,0,0,1,2,0
00-0011022,Donovan McNabb,QB,2001,10,REG,2001_10_PHI_DAL,PHI,DAL,16,32,129,1,1,0,0,4,24,0
00-0011024,Steve McNair,QB,2001,10,REG,2001_10_TEN_CIN,TEN,CIN,16,25,172,1,1,1,-8,5,68,0
00-0011276,Jim Miller,QB,2001,10,REG,2001_10_CHI_TB,CHI,TB,14,25,228,3,1,3,-22,4,-2,0
00-0011399,Brian Mitchell,RB,2001,10,REG,2001_10_PHI_DAL,PHI,DAL,0,0,0,0,0,0,0,2,-10,0
00-0011718,Harold Morrow,FB,2001,10,REG,2001_10_NYG_MIN,MIN,NYG,0,0,0,0,0,0,0,1,6,0
00-0011754,Randy Moss,WR,2001,10,REG,2001_10_NYG_MIN,MIN,NYG,0,0,0,0,0,0,0,1,18,0
00-0013013,Michael Pittman,RB,2001,10,REG,2001_10_DET_ARI,ARI,DET,0,0,0,0,0,0,0,23,81,0
00-0013042,Jake Plummer,QB,2001,10,REG,2001_10_DET_ARI,ARI,DET,21,33,334,4,1,2,-6,1,5,0
00-0013232,Peerless Price,WR,2001,10,REG,2001_10_SEA_BUF,BUF,SEA,0,0,0,0,0,0,0,1,6,0
00-0013338,Jonathan Quinn,QB,2001,10,REG,2001_10_JAX_PIT,JAX,PIT,17,31,225,0,0,5,-39,4,39,0
00-0014115,Mark Royals,P,2001,10,REG,2001_10_CHI_TB,TB,CHI,1,1,5,0,0,0,0,0,0,0
00-0014450,Cory Schlesinger,FB,2001,10,REG,2001_10_DET_ARI,DET,ARI,0,0,0,0,0,0,0,6,9,1
00-0015091,Antowain Smith,RB,2001,10,REG,2001_10_STL_NE,NE,LA,0,0,0,0,0,0,0,15,36,0
00-0015165,Emmitt Smith,RB,2001,10,REG,2001_10_PHI_DAL,DAL,PHI,0,0,0,0,0,0,0,15,80,0
00-0015218,Jimmy Smith,WR,2001,10,REG,2001_10_JAX_PIT,JAX,PIT,0,0,0,0,0,0,0,1,-3,0
00-0015242,Lamar Smith,RB,2001,10,REG,2001_10_NYJ_MIA,MIA,NYJ,0,0,0,0,0,0,0,19,53,0
00-0015523,Duce Staley,RB,2001,10,REG,2001_10_PHI_DAL,PHI,DAL,0,0,0,0,0,0,0,26,102,0
00-0015700,Kordell Stewart,QB,2001,10,REG,2001_10_JAX_PIT,PIT,JAX,21,33,266,1,0,2,-9,5,50,1
00-0015830,Mack Strong,FB,2001,10,REG,2001_10_SEA_BUF,SEA,BUF,0,0,0,0,0,0,0,2,7,0
00-0016193,Vinny Testaverde,QB,2001,10,REG,2001_10_NYJ_MIA,NYJ,MIA,10,21,76,1,0,0,0,5,-8,0
00-0016838,Alex Van Pelt,QB,2001,10,REG,2001_10_SEA_BUF,BUF,SEA,28,42,316,2,0,2,-13,1,2,0
00-0017162,Hines Ward,WR,2001,10,REG,2001_10_JAX_PIT,PIT,JAX,0,0,0,0,0,0,0,1,3,0
00-0017200,Kurt Warner,QB,2001,10,REG,2001_10_STL_NE,LA,NE,30,42,401,3,2,1,-5,6,3,0
00-0017218,Lamont Warren,RB,2001,10,REG,2001_10_DET_ARI,DET,ARI,0,0,0,0,0,0,0,9,32,1
00-0017892,Moe Williams,RB,2001,10,REG,2001_10_CLE_BAL,BAL,CLE,0,0,0,0,0,0,0,5,19,0
00-0017915,Ricky Williams,RB,2001,10,REG,2001_10_IND_NO,NO,IND,0,0,0,0,0,0,0,28,120,1
00-0018501,Amos Zereoue,RB,2001,10,REG,2001_10_JAX_PIT,PIT,JAX,0,0,0,0,0,0,0,6,39,0
00-0018977,Maurice Smith,RB,2001,10,REG,2001_10_ATL_GB,ATL,GB,0,0,0,0,0,0,0,19,43,0
00-0019057,Jamel White,RB,2001,10,REG,2001_10_CLE_BAL,CLE,BAL,0,0,0,0,0,0,0,9,29,1
00-0019100,Brad Hoover,FB,2001,10,REG,2001_10_SF_CAR,CAR,SF,0,0,0,0,0,0,0,1,2,0
00-0019231,Larry Foster,WR,2001,10,REG,2001_10_DET_ARI,DET,ARI,0,0,0,0,0,0,0,1,3,0
00-0019423,Jason Brookins,RB,2001,10,REG,2001_10_CLE_BAL,BAL,CLE,0,0,0,0,0,0,0,21,89,0
00-0019455,Peter Warrick,WR,2001,10,REG,2001_10_TEN_CIN,CIN,TEN,0,0,0,0,0,0,0,1,-14,0
00-0019484,Sammy Morris,RB,2001,10,REG,2001_10_SEA_BUF,BUF,SEA,0,0,0,0,0,0,0,2,13,0
00-0019516,Troy Hambrick,RB,2001,10,REG,2001_10_PHI_DAL,DAL,PHI,0,0,0,0,0,0,0,3,17,0
00-0019594,Mike Anderson,RB,2001,10,REG,2001_10_WAS_DEN,DEN,WAS,0,0,0,0,0,0,0,13,31,0
00-0019596,Tom Brady,QB,2001,10,REG,2001_10_STL_NE,NE,LA,19,27,185,1,2,2,-6,2,6,0
00-0019609,Travis Prentice,RB,2001,10,REG,2001_10_NYG_MIN,MIN,NYG,0,0,0,0,0,0,0,2,7,0
00-0019610,Reuben Droughns,RB,2001,10,REG,2001_10_DET_ARI,DET,ARI,0,0,0,0,0,0,0,6,5,0
00-0019614,Michael Wiley,RB,2001,10,REG,2001_10_PHI_DAL,DAL,PHI,0,0,0,0,0,0,0,2,13,0
00-0019641,Thomas Jones,RB,2001,10,REG,2001_10_DET_ARI,ARI,DET,0,0,0,0,0,0,0,2,3,1
00-0019643,Ron Dayne,RB,2001,10,REG,2001_10_NYG_MIN,NYG,MIN,0,0,0,0,0,0,0,4,-3,0
00-0019647,Shaun Alexander,RB,2001,10,REG,2001_10_SEA_BUF,SEA,BUF,0,0,0,0,0,0,0,25,93,1
00-0019649,Trung Canidate,RB,2001,10,REG,2001_10_STL_NE,LA,NE,0,0,0,0,0,0,0,1,1,0
00-0019650,Dennis Northcutt,WR,2001,10,REG,2001_10_CLE_BAL,CLE,BAL,0,0,0,0,0,0,0,1,12,0
00-0019663,Darrell Jackson,WR,2001,10,REG,2001_10_SEA_BUF,SEA,BUF,0,0,0,0,0,0,0,1,9,0
00-0019863,Dominic Rhodes,RB,2001,10,REG,2001_10_IND_NO,IND,NO,0,0,0,0,0,0,0,18,67,1
00-0019889,Elvis Joseph,RB,2001,10,REG,2001_10_JAX_PIT,JAX,PIT,0,0,0,0,0,0,0,3,6,0
00-0020337,Steve Smith,WR,2001,10,REG,2001_10_SF_CAR,CAR,SF,0,0,0,0,0,0,0,1,39,0
00-0020403,Anthony Thomas,RB,2001,10,REG,2001_10_CHI_TB,CHI,TB,0,0,0,0,0,0,0,23,58,0
00-0020417,Benjamin Gay,RB,2001,10,REG,2001_10_CLE_BAL,CLE,BAL,0,0,0,0,0,0,0,18,56,1
00-0020434,Chris Weinke,QB,2001,10,REG,2001_10_SF_CAR,CAR,SF,22,41,177,2,0,0,0,1,-1,0
00-0020448,Travis Minor,RB,2001,10,REG,2001_10_NYJ_MIA,MIA,NYJ,0,0,0,0,0,0,0,6,9,0
00-0020462,LaMont Jordan,RB,2001,10,REG,2001_10_NYJ_MIA,NYJ,MIA,0,0,0,0,0,0,0,3,29,0
00-0020471,Travis Henry,RB,2001,10,REG,2001_10_SEA_BUF,BUF,SEA,0,0,0,0,0,0,0,13,29,0
00-0020474,Kevan Barlow,RB,2001,10,REG,2001_10_SF_CAR,SF,CAR,0,0,0,0,0,0,0,7,19,0
00-0020494,Santana Moss,WR,2001,10,REG,2001_10_NYJ_MIA,NYJ,MIA,0,0,0,0,0,0,0,1,-6,0
00-0020497,Freddie Mitchell,WR,2001,10,REG,2001_10_PHI_DAL,PHI,DAL,0,0,0,0,0,0,0,1,-16,0
00-0020514,Michael Bennett,RB,2001,10,REG,2001_10_NYG_MIN,MIN,NYG,0,0,0,0,0,0,0,11,33,0
00-0020527,Deuce McAllister,RB,2001,10,REG,2001_10_IND_NO,NO,IND,0,0,0,0,0,0,0,4,5,0
00-0020536,LaDainian Tomlinson,RB,2001,10,REG,2001_10_SD_OAK,LAC,LV,0,0,0,0,0,0,0,22,68,1
00-0000210,James Allen,RB,2001,11,REG,2001_11_CHI_MIN,CHI,MIN,0,0,0,0,0,0,0,27,107,0
00-0000251,Mike Alstott,FB,2001,11,REG,2001_11_TB_STL,TB,LA,0,0,0,0,0,0,0,11,34,2
00-0000722,Tony Banks,QB,2001,11,REG,2001_11_WAS_PHI,WAS,PHI,12,18,96,0,0,2,-11,5,20,0
00-0000745,Tiki Barber,RB,2001,11,REG,2001_11_OAK_NYG,NYG,LV,0,0,0,0,0,0,0,19,124,1
00-0000865,Charlie Batch,QB,2001,11,REG,2001_11_GB_DET,DET,GB,8,19,118,0,1,1,-7,0,0,0
00-0000942,Fred Beasley,FB,2001,11,REG,2001_11_SF_IND,SF,IND,0,0,0,0,0,0,0,3,23,0
00-0001098,Brandon Bennett,RB,2001,11,REG,2001_11_CIN_CLE,CIN,CLE,0,0,0,0,0,0,0,2,17,0
00-0001215,Jerome Bettis,RB,2001,11,REG,2001_11_PIT_TEN,PIT,TEN,0,1,0,0,0,0,0,21,73,0
00-0001823,Aaron Brooks,QB,2001,11,REG,2001_11_NO_NE,NO,NE,16,39,307,1,2,1,0,7,65,0
00-0002099,Isaac Bruce,WR,2001,11,REG,2001_11_TB_STL,LA,TB,0,0,0,0,0,0,0,1,2,0
00-0002110,Mark Brunell,QB,2001,11,REG,2001_11_BAL_JAX,BAL,JAX,23,38,259,1,0,4,-29,1,3,0
00-0002159,Shawn Bryson,RB,2001,11,REG,2001_11_MIA_BUF,BUF,MIA,0,0,0,0,0,0,0,4,26,0
00-0002743,Ki-Jana Carter,RB,2001,11,REG,2001_11_WAS_PHI,WAS,PHI,0,0,0,0,0,0,0,18,56,1
00-0002876,Chris Chandler,QB,2001,11,REG,2001_11_ATL_CAR,ATL,CAR,14,27,132,0,0,4,-38,5,6,0
00-0002970,Bob Christian,FB,2001,11,REG,2001_11_ATL_CAR,ATL,CAR,0,0,0,0,0,0,0,4,78,1
00-0003136,Mike Cloud,RB,2001,11,REG,2001_11_SEA_KC,KC,SEA,0,0,0,0,0,0,0,5,35,1
00-0003292,Kerry Collins,QB,2001,11,REG,2001_11_OAK_NYG,NYG,LV,19,38,184,0,0,3,-24,2,3,0
00-0003400,Ernie Conwell,TE,2001,11,REG,2001_11_TB_STL,LA,TB,0,0,0,0,0,0,0,1,3,0
00-0003535,Tim Couch,QB,2001,11,REG,2001_11_CIN_CLE,CLE,CIN,16,27,189,1,2,3,-18,5,0,0
00-0003663,Zack Crockett,RB,2001,11,REG,2001_11_OAK_NYG,LV,NYG,0,0,0,0,0,0,0,10,25,1
00-0003739,Daunte Culpepper,QB,2001,11,REG,2001_11_CHI_MIN,MIN,CHI,26,46,209,0,1,3,-17,7,43,0
00-0004052,Stephen Davis,RB,2001,11,REG,2001_11_WAS_PHI,WAS,PHI,0,0,0,0,0,0,0,22,79,0
00-0004304,Corey Dillon,RB,2001,11,REG,2001_11_CIN_CLE,CIN,CLE,0,0,0,0,0,0,0,20,63,0
00-0004640,Warrick Dunn,RB,2001,11,REG,2001_11_TB_STL,TB,LA,0,0,0,0,0,0,0,14,60,1
00-0004768,Marc Edwards,FB,2001,11,REG,2001_11_NO_NE,NE,NO,0,0,0,0,0,0,0,3,10,0
00-0005091,Kevin Faulk,RB,2001,11,REG,2001_11_NO_NE,NE,NO,0,0,0,0,0,0,0,3,36,0
00-0005092,Marshall Faulk,RB,2001,11,REG,2001_11_TB_STL,LA,TB,0,0,0,0,0,0,0,12,55,0
00-0005106,Brett Favre,QB,2001,11,REG,2001_11_GB_DET,GB,DET,18,26,252,2,0,2,-17,1,-1,0
00-0005180,Jay Fiedler,QB,2001,11,REG,2001_11_MIA_BUF,MIA,BUF,17,30,218,3,0,2,-16,4,28,0
00-0005363,Doug Flutie,QB,2001,11,REG,2001_11_ARI_SD,LAC,ARI,33,44,308,2,0,0,0,2,9,0
00-0005620,Chris Fuamatu-Ma'afala,RB,2001,11,REG,2001_11_PIT_TEN,PIT,TEN,0,0,0,0,0,0,0,1,1,0
00-0005720,Joey Galloway,WR,2001,11,REG,2001_11_DEN_DAL,DAL,DEN,1,1,-1,0,0,0,0,0,0,0
00-0005741,Rich Gannon,QB,2001,11,REG,2001_11_OAK_NYG,LV,NYG,13,20,221,3,0,1,-1,3,9,0
00-0005755,Jeff Garcia,QB,2001,11,REG,2001_11_SF_IND,SF,IND,14,22,179,2,1,3,-10,0,0,0
00-0005779,Charlie Garner,RB,2001,11,REG,2001_11_OAK_NYG,LV,NYG,0,0,0,0,0,0,0,14,68,0
00-0005816,Olandis Gary,RB,2001,11,REG,2001_11_DEN_DAL,DEN,DAL,0,0,0,0,0,0,0,2,5,0
00-0005883,Eddie George,RB,2001,11,REG,2001_11_PIT_TEN,TEN,PIT,0,0,0,0,0,0,0,15,58,0
00-0006300,Elvis Grbac,QB,2001,11,REG,2001_11_BAL_JAX,BAL,JAX,21,30,259,1,1,2,-13,1,2,0
00-0006305,Ahman Green,RB,2001,11,REG,2001_11_GB_DET,GB,DET,0,0,0,0,0,0,0,22,102,1
00-0006355,Trent Green,QB,2001,11,REG,2001_11_SEA_KC,KC,SEA,16,26,256,0,0,3,-11,4,15,0
00-0006423,Brian Griese,QB,2001,11,REG,2001_11_DEN_DAL,DEN,DAL,17,29,171,1,1,1,-11,4,-4,0
00-0007091,Matt Hasselbeck,QB,2001,11,REG,2001_11_SEA_KC,SEA,KC,16,26,162,1,0,3,-23,2,8,0
00-0007180,Garrison Hearst,RB,2001,11,REG,2001_11_SF_IND,SF,IND,0,0,0,0,0,0,0,12,106,2
00-0007357,Chris Hetherington,FB,2001,11,REG,2001_11_ATL_CAR,CAR,ATL,0,0,0,0,0,0,0,1,3,0
00-0007389,Skip Hicks,RB,2001,11,REG,2001_11_PIT_TEN,TEN,PIT,0,0,0,0,0,0,0,1,5,0
00-0007579,Robert Holcombe,FB,2001,11,REG,2001_11_TB_STL,LA,TB,0,0,0,0,0,0,0,1,3,0
00-0007661,Priest Holmes,RB,2001,11,REG,2001_11_SEA_KC,KC,SEA,0,0,0,0,0,0,0,26,120,0
00-0007969,Richard Huntley,RB,2001,11,REG,2001_11_ATL_CAR,CAR,ATL,0,0,0,0,0,0,0,19,55,0
00-0008442,Brad Johnson,QB,2001,11,REG,2001_11_TB_STL,TB,LA,21,34,185,0,1,2,-12,6,-3,0
00-0008568,Leon Johnson,RB,2001,11,REG,2001_11_CHI_MIN,CHI,MIN,0,0,0,0,0,0,0,2,35,1
00-0009311,Jon Kitna,QB,2001,11,REG,2001_11_CIN_CLE,CIN,CLE,8,19,85,0,2,0,0,0,0,0
00-0009715,Ryan Leaf,QB,2001,11,REG,2001_11_DEN_DAL,DAL,DEN,16,32,193,0,0,4,-28,0,0,0
00-0009829,Dorsey Levens,RB,2001,11,REG,2001_11_GB_DET,GB,DET,0,0,0,0,0,0,0,4,3,0
00-0010137,Ray Lucas,QB,2001,11,REG,2001_11_MIA_BUF,MIA,BUF,1,1,17,0,0,0,0,1,-2,0
00-0010240,Stacey Mack,RB,2001,11,REG,2001_11_BAL_JAX,BAL,JAX,0,0,0,0,0,0,0,13,50,2
00-0010346,Peyton Manning,QB,2001,11,REG,2001_11_SF_IND,IND,SF,31,51,370,1,4,1,-6,1,0,0
00-0011022,Donovan McNabb,QB,2001,11,REG,2001_11_WAS_PHI,PHI,WAS,15,27,92,0,0,0,0,3,39,0
00-0011024,Steve McNair,QB,2001,11,REG,2001_11_PIT_TEN,TEN,PIT,23,37,334,2,2,2,-10,5,18,1
00-0011276,Jim Miller,QB,2001,11,REG,2001_11_CHI_MIN,CHI,MIN,10,21,97,0,0,1,-4,1,0,0
00-0011434,Scott Mitchell,QB,2001,11,REG,2001_11_CIN_CLE,CIN,CLE,4,12,38,0,3,2,-15,0,0,0
00-0011718,Harold Morrow,FB,2001,11,REG,2001_11_CHI_MIN,MIN,CHI,0,0,0,0,0,0,0,1,2,0
00-0011958,Lorenzo Neal,FB,2001,11,REG,2001_11_CIN_CLE,CIN,CLE,0,0,0,0,0,0,0,1,4,0
00-0013013,Michael Pittman,RB,2001,11,REG,2001_11_ARI_SD,ARI,LAC,0,0,0,0,0,0,0,18,44,1
00-0013042,Jake Plummer,QB,2001,11,REG,2001_11_ARI_SD,ARI,LAC,19,31,241,1,2,3,-14,1,5,0
00-0013232,Peerless Price,WR,2001,11,REG,2001_11_MIA_BUF,BUF,MIA,0,0,0,0,0,0,0,1,4,0
00-0013694,Tony Richardson,FB,2001,11,REG,2001_11_SEA_KC,KC,SEA,0,0,0,0,0,0,0,9,18,1
00-0014450,Cory Schlesinger,FB,2001,11,REG,2001_11_GB_DET,DET,GB,0,0,0,0,0,0,0,5,39,0
00-0015082,Akili Smith,QB,2001,11,REG,2001_11_CIN_CLE,CIN,CLE,1,2,2,0,0,1,-3,1,0,0
00-0015091,Antowain Smith,RB,2001,11,REG,2001_11_NO_NE,NE,NO,0,0,0,0,0,0,0,24,111,1
00-0015165,Emmitt Smith,RB,2001,11,REG,2001_11_DEN_DAL,DAL,DEN,0,0,0,0,0,0,0,9,9,0
00-0015242,Lamar Smith,RB,2001,11,REG,2001_11_MIA_BUF,MIA,BUF,0,0,0,0,0,0,0,17,37,1
00-0015523,Duce Staley,RB,2001,11,REG,2001_11_WAS_PHI,PHI,WAS,0,0,0,0,0,0,0,15,50,0
00-0015698,James Stewart,RB,2001,11,REG,2001_11_GB_DET,DET,GB,0,0,0,0,0,0,0,14,102,0
00-0015700,Kordell Stewart,QB,2001,11,REG,2001_11_PIT_TEN,PIT,TEN,19,31,254,2,0,1,-7,8,54,1
00-0015830,Mack Strong,FB,2001,11,REG,2001_11_SEA_KC,SEA,KC,0,0,0,0,0,0,0,2,14,0
00-0016321,Rodney Thomas,RB,2001,11,REG,2001_11_ATL_CAR,ATL,CAR,0,0,0,0,0,0,0,3,4,0
00-0016838,Alex Van Pelt,QB,2001,11,REG,2001_11_MIA_BUF,BUF,MIA,21,34,309,3,1,4,-14,1,0,0
00-0017200,Kurt Warner,QB,2001,11,REG,2001_11_TB_STL,LA,TB,19,39,291,1,2,3,-22,1,0,0
00-0017218,Lamont Warren,RB,2001,11,REG,2001_11_GB_DET,DET,GB,0,0,0,0,0,0,0,2,11,1
00-0017486,Tyrone Wheatley,RB,2001,11,REG,2001_11_OAK_NYG,LV,NYG,0,0,0,0,0,0,0,5,17,0
00-0017892,Moe Williams,RB,2001,11,REG,2001_11_BAL_JAX,BAL,JAX,0,0,0,0,0,0,0,9,31,0
00-0017915,Ricky Williams,RB,2001,11,REG,2001_11_NO_NE,NO,NE,0,0,0,0,0,0,0,15,56,1
00-0018501,Amos Zereoue,RB,2001,11,REG,2001_11_PIT_TEN,PIT,TEN,0,0,0,0,0,0,0,1,2,0
00-0018977,Maurice Smith,RB,2001,11,REG,2001_11_ATL_CAR,ATL,CAR,0,0,0,0,0,0,0,21,57,0
00-0019052,John Baker,P,2001,11,REG,2001_11_TB_STL,LA,TB,0,0,0,0,0,0,0,1,0,0
00-0019057,Jamel White,RB,2001,11,REG,2001_11_CIN_CLE,CLE,CIN,0,0,0,0,0,0,0,5,13,0
00-0019100,Brad Hoover,FB,2001,11,REG,2001_11_ATL_CAR,CAR,ATL,0,0,0,0,0,0,0,1,0,0
00-0019231,Larry Foster,WR,2001,11,REG,2001_11_GB_DET,DET,GB,0,0,0,0,0,0,0,1,3,0
00-0019268,Kevin McDougal,RB,2001,11,REG,2001_11_SF_IND,IND,SF,0,0,0,0,0,0,0,4,23,0
00-0019423,Jason Brookins,RB,2001,11,REG,2001_11_BAL_JAX,BAL,JAX,0,0,0,0,0,0,0,32,82,2
00-0019484,Sammy Morris,RB,2001,11,REG,2001_11_MIA_BUF,BUF,MIA,0,0,0,0,0,0,0,1,0,0
00-0019516,Troy Hambrick,RB,2001,11,REG,2001_11_DEN_DAL,DAL,DEN,0,0,0,0,0,0,0,5,17,2
00-0019594,Mike Anderson,RB,2001,11,REG,2001_11_DEN_DAL,DEN,DAL,0,0,0,0,0,0,0,33,118,1
00-0019596,Tom Brady,QB,2001,11,REG,2001_11_NO_NE,NE,NO,19,26,258,4,0,4,-17,4,14,0
00-0019609,Travis Prentice,RB,2001,11,REG,2001_11_CHI_MIN,MIN,CHI,0,0,0,0,0,0,0,1,0,0
00-0019614,Michael Wiley,RB,2001,11,REG,2001_11_DEN_DAL,DAL,DEN,0,0,0,0,0,0,0,2,1,0
00-0019641,Thomas Jones,RB,2001,11,REG,2001_11_ARI_SD,ARI,LAC,0,0,0,0,0,0,0,5,22,0
00-0019643,Ron Dayne,RB,2001,11,REG,2001_11_OAK_NYG,NYG,LV,0,0,0,0,0,0,0,6,26,0
00-0019647,Shaun Alexander,RB,2001,11,REG,2001_11_SEA_KC,SEA,KC,0,0,0,0,0,0,0,13,43,0
00-0019649,Trung Canidate,RB,2001,11,REG,2001_11_TB_STL,LA,TB,0,0,0,0,0,0,0,2,13,0
00-0019650,Dennis Northcutt,WR,2001,11,REG,2001_11_CIN_CLE,CLE,CIN,0,0,0,0,0,0,0,1,9,0
00-0019712,Doug Chapman,RB,2001,11,REG,2001_11_CHI_MIN,MIN,CHI,0,0,0,0,0,0,0,2,4,0
00-0019722,J.R. Redmond,RB,2001,11,REG,2001_11_NO_NE,NE,NO,0,0,0,0,0,0,0,4,20,0
00-0019863,Dominic Rhodes,RB,2001,11,REG,2001_11_SF_IND,IND,SF,0,0,0,0,0,0,0,27,104,2
00-0019889,Elvis Joseph,RB,2001,11,REG,2001_11_BAL_JAX,BAL,JAX,0,0,0,0,0,0,0,5,22,0
00-0020270,Correll Buckhalter,RB,2001,11,REG,2001_11_WAS_PHI,PHI,WAS,0,0,0,0,0,0,0,4,5,0
00-0020308,Mike McMahon,QB,2001,11,REG,2001_11_GB_DET,DET,GB,9,20,89,1,0,2,-7,3,12,0
00-0020417,Benjamin Gay,RB,2001,11,REG,2001_11_CIN_CLE,CLE,CIN,0,0,0,0,0,0,0,10,16,0
00-0020430,James Jackson,RB,2001,11,REG,2001_11_CIN_CLE,CLE,CIN,0,0,0,0,0,0,0,18,40,0
00-0020434,Chris Weinke,QB,2001,11,REG,2001_11_ATL_CAR,CAR,ATL,17,31,171,0,2,4,-20,7,38,1
00-0020448,Travis Minor,RB,2001,11,REG,2001_11_MIA_BUF,MIA,BUF,0,0,0,0,0,0,0,8,38,0
00-0020471,Travis Henry,RB,2001,11,REG,2001_11_MIA_BUF,BUF,MIA,0,0,0,0,0,0,0,19,97,1
00-0020474,Kevan Barlow,RB,2001,11,REG,2001_11_SF_IND,SF,IND,0,0,0,0,0,0,0,8,42,0
00-0020514,Michael Bennett,RB,2001,11,REG,2001_11_CHI_MIN,MIN,CHI,0,0,0,0,0,0,0,12,75,0
00-0020536,LaDainian Tomlinson,RB,2001,11,REG,2001_11_ARI_SD,LAC,ARI,0,0,0,0,0,0,0,21,75,0
,,,2001,11,REG,2001_11_GB_DET,GB,DET,1,1,42,0,0,0,0,0,0,0
00-0000210,James Allen,RB,2001,12,REG,2001_12_DET_CHI,CHI,DET,0,0,0,0,0,0,0,25,93,0
00-0000251,Mike Alstott,FB,2001,12,REG,2001_12_TB_CIN,TB,CIN,0,0,0,0,0,0,0,6,24,0
00-0000339,Richie Anderson,FB,2001,12,REG,2001_12_NE_NYJ,NYJ,NE,0,0,0,0,0,0,0,3,6,0
00-0000552,Obafemi Ayanbadejo,RB,2001,12,REG,2001_12_IND_BAL,BAL,IND,0,0,0,0,0,0,0,3,9,1
00-0000722,Tony Banks,QB,2001,12,REG,2001_12_DAL_WAS,WAS,DAL,17,32,216,1,1,3,-20,4,25,1
00-0000865,Charlie Batch,QB,2001,12,REG,2001_12_DET_CHI,DET,CHI,18,28,214,0,0,2,-16,3,12,0
00-0000942,Fred Beasley,FB,2001,12,REG,2001_12_BUF_SF,SF,BUF,0,0,0,0,0,0,0,4,8,1
00-0001098,Brandon Bennett,RB,2001,12,REG,2001_12_TB_CIN,CIN,TB,0,0,0,0,0,0,0,1,7,0
00-0001215,Jerome Bettis,RB,2001,12,REG,2001_12_MIN_PIT,PIT,MIN,0,0,0,0,0,0,0,19,81,1
00-0001532,David Boston,WR,2001,12,REG,2001_12_ARI_OAK,ARI,LV,0,0,0,0,0,0,0,1,-4,0
00-0001545,Todd Bouman,QB,2001,12,REG,2001_12_MIN_PIT,MIN,PIT,11,15,200,2,1,0,0,1,4,0
00-0001823,Aaron Brooks,QB,2001,12,REG,2001_12_CAR_NO,NO,CAR,26,40,330,3,1,3,-23,5,18,0
00-0002058,Tim Brown,WR,2001,12,REG,2001_12_ARI_OAK,LV,ARI,0,0,0,0,0,0,0,1,19,0
00-0002110,Mark Brunell,QB,2001,12,REG,2001_12_GB_JAX,GB,JAX,26,45,311,1,2,5,-25,3,23,0
00-0002713,Tony Carter,RB,2001,12,REG,2001_12_DEN_MIA,DEN,MIA,0,0,0,0,0,0,0,1,4,0
00-0002743,Ki-Jana Carter,RB,2001,12,REG,2001_12_DAL_WAS,WAS,DAL,0,0,0,0,0,0,0,1,3,0
00-0002846,Larry Centers,FB,2001,12,REG,2001_12_BUF_SF,BUF,SF,0,0,0,0,0,0,0,3,14,0
00-0002876,Chris Chandler,QB,2001,12,REG,2001_12_STL_ATL,ATL,LA,14,18,123,0,1,1,0,3,21,0
00-0002970,Bob Christian,FB,2001,12,REG,2001_12_STL_ATL,ATL,LA,0,0,0,0,0,0,0,1,5,0
00-0003535,Tim Couch,QB,2001,12,REG,2001_12_TEN_CLE,CLE,TEN,17,26,110,1,1,2,-7,2,18,0
00-0003663,Zack Crockett,RB,2001,12,REG,2001_12_ARI_OAK,LV,ARI,0,0,0,0,0,0,0,4,16,1
00-0003739,Daunte Culpepper,QB,2001,12,REG,2001_12_MIN_PIT,MIN,PIT,12,17,140,0,1,0,0,0,0,0
00-0004052,Stephen Davis,RB,2001,12,REG,2001_12_DAL_WAS,WAS,DAL,0,0,0,0,0,0,0,17,53,0
00-0004054,Terrell Davis,RB,2001,12,REG,2001_12_DEN_MIA,DEN,MIA,0,0,0,0,0,0,0,20,97,0
00-0004200,Autry Denson,RB,2001,12,REG,2001_12_DET_CHI,CHI,DET,0,0,0,0,0,0,0,1,4,0
00-0004304,Corey Dillon,RB,2001,12,REG,2001_12_TB_CIN,CIN,TB,0,0,0,0,0,0,0,23,79,0
00-0004640,Warrick Dunn,RB,2001,12,REG,2001_12_TB_CIN,TB,CIN,0,0,0,0,0,0,0,21,42,0
00-0004768,Marc Edwards,FB,2001,12,REG,2001_12_NE_NYJ,NE,NYJ,0,0,0,0,0,0,0,2,5,1
00-0004780,Troy Edwards,WR,2001,12,REG,2001_12_MIN_PIT,PIT,MIN,0,0,0,0,0,0,0,1,12,1
00-0005091,Kevin Faulk,RB,2001,12,REG,2001_12_NE_NYJ,NE,NYJ,0,0,0,0,0,0,0,3,23,0
00-0005092,Marshall Faulk,RB,2001,12,REG,2001_12_STL_ATL,LA,ATL,0,0,0,0,0,0,0,12,70,0
00-0005106,Brett Favre,QB,2001,12,REG,2001_12_GB_JAX,GB,JAX,24,42,362,3,0,1,-10,2,5,1
00-0005180,Jay Fiedler,QB,2001,12,REG,2001_12_DEN_MIA,MIA,DEN,18,28,176,1,0,0,0,4,2,0
00-0005324,Terrell Fletcher,RB,2001,12,REG,2001_12_SD_SEA,LAC,SEA,0,0,0,0,0,0,0,1,-2,0
00-0005363,Doug Flutie,QB,2001,12,REG,2001_12_SD_SEA,LAC,SEA,19,33,195,0,2,1,-10,2,22,0
00-0005609,Scott Frost,DB,2001,12,REG,2001_12_TEN_CLE,CLE,TEN,0,0,0,0,0,0,0,1,1,0
00-0005620,Chris Fuamatu-Ma'afala,RB,2001,12,REG,2001_12_MIN_PIT,PIT,MIN,0,0,0,0,0,0,0,12,74,0
00-0005741,Rich Gannon,QB,2001,12,REG,2001_12_ARI_OAK,LV,ARI,29,45,302,3,2,1,-1,7,30,0
00-0005755,Jeff Garcia,QB,2001,12,REG,2001_12_BUF_SF,SF,BUF,19,27,189,2,0,2,-10,4,18,0
00-0005779,Charlie Garner,RB,2001,12,REG,2001_12_ARI_OAK,LV,ARI,0,0,0,0,0,0,0,15,59,0
00-0005883,Eddie George,RB,2001,12,REG,2001_12_TEN_CLE,TEN,CLE,0,0,0,0,0,0,0,23,51,1
00-0006300,Elvis Grbac,QB,2001,12,REG,2001_12_IND_BAL,BAL,IND,23,39,268,2,1,0,0,1,1,0
00-0006305,Ahman Green,RB,2001,12,REG,2001_12_GB_JAX,GB,JAX,0,0,0,0,0,0,0,17,31,0
00-0006355,Trent Green,QB,2001,12,REG,2001_12_PHI_KC,KC,PHI,21,35,213,1,1,2,-5,0,0,0
00-0006423,Brian Griese,QB,2001,12,REG,2001_12_DEN_MIA,DEN,MIA,18,33,135,1,1,1,-9,3,13,0
00-0007091,Matt Hasselbeck,QB,2001,12,REG,2001_12_SD_SEA,SEA,LAC,19,35,202,0,0,2,-10,4,21,0
00-0007180,Garrison Hearst,RB,2001,12,REG,2001_12_BUF_SF,SF,BUF,0,0,0,0,0,0,0,25,124,1
00-0007389,Skip Hicks,RB,2001,12,REG,2001_12_TEN_CLE,TEN,CLE,0,0,0,0,0,0,0,10,51,0
00-0007576,Kelly Holcomb,QB,2001,12,REG,2001_12_TEN_CLE,CLE,TEN,7,12,114,1,0,0,0,1,0,0
00-0007661,Priest Holmes,RB,2001,12,REG,2001_12_PHI_KC,KC,PHI,0,0,0,0,0,0,0,18,76,0
00-0007969,Richard Huntley,RB,2001,12,REG,2001_12_CAR_NO,CAR,NO,0,1,0,0,0,0,0,15,41,0
00-0008196,Terry Jackson,RB,2001,12,REG,2001_12_BUF_SF,SF,BUF,0,0,0,0,0,0,0,5,37,0
00-0008442,Brad Johnson,QB,2001,12,REG,2001_12_TB_CIN,TB,CIN,26,33,231,0,0,6,-32,3,-1,0
00-0008568,Leon Johnson,RB,2001,12,REG,2001_12_DET_CHI,CHI,DET,0,0,0,0,0,0,0,5,10,1
00-0009311,Jon Kitna,QB,2001,12,REG,2001_12_TB_CIN,CIN,TB,19,38,144,1,1,3,-29,0,0,0
00-0009829,Dorsey Levens,RB,2001,12,REG,2001_12_GB_JAX,GB,JAX,0,0,0,0,0,0,0,2,1,0
00-0009869,Jermaine Lewis,WR,2001,12,REG,2001_12_IND_BAL,BAL,IND,0,0,0,0,0,0,0,3,9,0
00-0010137,Ray Lucas,QB,2001,12,REG,2001_12_DEN_MIA,MIA,DEN,0,0,0,0,0,0,0,1,3,0
00-0010206,Matt Lytle,QB,2001,12,REG,2001_12_CAR_NO,CAR,NO,0,1,0,0,1,0,0,0,0,0
00-0010240,Stacey Mack,RB,2001,12,REG,2001_12_GB_JAX,GB,JAX,0,0,0,0,0,0,0,16,27,0
00-0010292,Joel Makovicka,FB,2001,12,REG,2001_12_ARI_OAK,ARI,LV,0,0,0,0,0,0,0,1,19,0
00-0010346,Peyton Manning,QB,2001,12,REG,2001_12_IND_BAL,IND,BAL,27,48,310,2,1,3,-47,1,9,0
00-0010442,Curtis Martin,RB,2001,12,REG,2001_12_NE_NYJ,NYJ,NE,0,0,0,0,0,0,0,20,99,0
00-0011022,Donovan McNabb,QB,2001,12,REG,2001_12_PHI_KC,PHI,KC,18,26,269,2,1,2,-18,9,41,0
00-0011024,Steve McNair,QB,2001,12,REG,2001_12_TEN_CLE,TEN,CLE,11,17,244,3,0,0,0,2,10,0
00-0011276,Jim Miller,QB,2001,12,REG,2001_12_DET_CHI,CHI,DET,17,34,124,0,1,0,0,3,1,0
00-0012261,Neil O'Donnell,QB,2001,12,REG,2001_12_TEN_CLE,TEN,CLE,2,2,28,0,0,0,0,4,-1,0
00-0013013,Michael Pittman,RB,2001,12,REG,2001_12_ARI_OAK,ARI,LV,0,0,0,0,0,0,0,18,78,1
00-0013042,Jake Plummer,QB,2001,12,REG,2001_12_ARI_OAK,ARI,LV,22,38,249,1,0,1,-4,4,16,0
00-0013694,Tony Richardson,FB,2001,12,REG,2001_12_PHI_KC,KC,PHI,0,0,0,0,0,0,0,1,3,0
00-0014450,Cory Schlesinger,FB,2001,12,REG,2001_12_DET_CHI,DET,CHI,0,0,0,0,0,0,0,4,11,0
00-0015091,Antowain Smith,RB,2001,12,REG,2001_12_NE_NYJ,NE,NYJ,0,0,0,0,0,0,0,12,28,1
00-0015165,Emmitt Smith,RB,2001,12,REG,2001_12_DAL_WAS,DAL,WAS,0,0,0,0,0,0,0,25,102,1
00-0015242,Lamar Smith,RB,2001,12,REG,2001_12_DEN_MIA,MIA,DEN,0,0,0,0,0,0,0,15,36,1
00-0015523,Duce Staley,RB,2001,12,REG,2001_12_PHI_KC,PHI,KC,0,0,0,0,0,0,0,25,80,0
00-0015698,James Stewart,RB,2001,12,REG,2001_12_DET_CHI,DET,CHI,0,0,0,0,0,0,0,11,21,1
00-0015700,Kordell Stewart,QB,2001,12,REG,2001_12_MIN_PIT,PIT,MIN,13,19,157,0,1,0,0,7,9,0
00-0015830,Mack Strong,FB,2001,12,REG,2001_12_SD_SEA,SEA,LAC,0,0,0,0,0,0,0,2,6,0
00-0016193,Vinny Testaverde,QB,2001,12,REG,2001_12_NE_NYJ,NYJ,NE,18,32,172,1,2,3,-15,2,21,0
00-0016321,Rodney Thomas,RB,2001,12,REG,2001_12_STL_ATL,ATL,LA,0,0,0,0,0,0,0,6,27,0
00-0016838,Alex Van Pelt,QB,2001,12,REG,2001_12_BUF_SF,BUF,SF,21,38,168,0,4,2,-6,0,0,0
00-0017200,Kurt Warner,QB,2001,12,REG,2001_12_STL_ATL,LA,ATL,17,23,342,4,0,2,-9,1,3,0
00-0017218,Lamont Warren,RB,2001,12,REG,2001_12_DET_CHI,DET,CHI,0,0,0,0,0,0,0,1,-2,0
00-0017486,Tyrone Wheatley,RB,2001,12,REG,2001_12_ARI_OAK,LV,ARI,0,0,0,0,0,0,0,5,11,0
00-0017892,Moe Williams,RB,2001,12,REG,2001_12_IND_BAL,BAL,IND,0,0,0,0,0,0,0,24,111,0
00-0017915,Ricky Williams,RB,2001,12,REG,2001_12_CAR_NO,NO,CAR,0,0,0,0,0,0,0,27,102,0
00-0018141,Jon Witman,FB,2001,12,REG,2001_12_MIN_PIT,PIT,MIN,0,0,0,0,0,0,0,2,16,0
00-0018501,Amos Zereoue,RB,2001,12,REG,2001_12_MIN_PIT,PIT,MIN,0,0,0,0,0,0,0,5,15,1
00-0018958,Laveranues Coles,WR,2001,12,REG,2001_12_NE_NYJ,NYJ,NE,0,0,0,0,0,0,0,1,-2,0
00-0018977,Maurice Smith,RB,2001,12,REG,2001_12_STL_ATL,ATL,LA,0,0,0,0,0,0,0,14,23,0
00-0019057,Jamel White,RB,2001,12,REG,2001_12_TEN_CLE,CLE,TEN,0,0,0,0,0,0,0,4,4,0
00-0019087,Doug Johnson,QB,2001,12,REG,2001_12_STL_ATL,ATL,LA,0,1,0,0,0,1,-9,0,0,0
00-0019382,KaRon Coleman,RB,2001,12,REG,2001_12_DEN_MIA,DEN,MIA,0,0,0,0,0,0,0,2,9,0
00-0019484,Sammy Morris,RB,2001,12,REG,2001_12_BUF_SF,BUF,SF,0,0,0,0,0,0,0,2,6,0
00-0019516,Troy Hambrick,RB,2001,12,REG,2001_12_DAL_WAS,DAL,WAS,0,0,0,0,0,0,0,10,47,0
00-0019539,Dante Hall,WR,2001,12,REG,2001_12_PHI_KC,KC,PHI,0,0,0,0,0,0,0,1,4,0
00-0019594,Mike Anderson,RB,2001,12,REG,2001_12_DEN_MIA,DEN,MIA,0,0,0,0,0,0,0,6,24,0
00-0019596,Tom Brady,QB,2001,12,REG,2001_12_NE_NYJ,NE,NYJ,20,28,213,0,0,3,-22,3,0,0
00-0019609,Travis Prentice,RB,2001,12,REG,2001_12_MIN_PIT,MIN,PIT,0,0,0,0,0,0,0,1,-2,0
00-0019614,Michael Wiley,RB,2001,12,REG,2001_12_DAL_WAS,DAL,WAS,0,0,0,0,0,0,0,3,61,0
00-0019641,Thomas Jones,RB,2001,12,REG,2001_12_ARI_OAK,ARI,LV,0,0,0,0,0,0,0,10,36,1
00-0019647,Shaun Alexander,RB,2001,12,REG,2001_12_SD_SEA,SEA,LAC,0,0,0,0,0,0,0,29,87,1
00-0019649,Trung Canidate,RB,2001,12,REG,2001_12_STL_ATL,LA,ATL,0,0,0,0,0,0,0,7,16,0
00-0019650,Dennis Northcutt,WR,2001,12,REG,2001_12_TEN_CLE,CLE,TEN,0,0,0,0,0,0,0,1,5,0
00-0019673,Paul Smith,RB,2001,12,REG,2001_12_BUF_SF,SF,BUF,0,0,0,0,0,0,0,4,27,1
00-0019712,Doug Chapman,RB,2001,12,REG,2001_12_MIN_PIT,MIN,PIT,0,0,0,0,0,0,0,1,9,0
00-0019722,J.R. Redmond,RB,2001,12,REG,2001_12_NE_NYJ,NE,NYJ,0,0,0,0,0,0,0,3,17,0
00-0019831,Nick Goings,RB,2001,12,REG,2001_12_CAR_NO,CAR,NO,0,0,0,0,0,0,0,2,1,0
00-0019863,Dominic Rhodes,RB,2001,12,REG,2001_12_IND_BAL,IND,BAL,0,0,0,0,0,0,0,16,42,0
00-0019889,Elvis Joseph,RB,2001,12,REG,2001_12_GB_JAX,GB,JAX,0,0,0,0,0,0,0,4,12,0
00-0020245,Mike Vick,QB,2001,12,REG,2001_12_STL_ATL,ATL,LA,7,18,94,0,0,2,-16,6,52,0
00-0020270,Correll Buckhalter,RB,2001,12,REG,2001_12_PHI_KC,PHI,KC,0,0,0,0,0,0,0,2,6,0
00-0020273,Vinny Sutherland,WR,2001,12,REG,2001_12_BUF_SF,SF,BUF,0,0,0,0,0,0,0,1,16,0
00-0020308,Mike McMahon,QB,2001,12,REG,2001_12_DET_CHI,DET,CHI,4,9,42,0,0,3,-12,4,25,0
00-0020404,Quincy Carter,QB,2001,12,REG,2001_12_DAL_WAS,DAL,WAS,7,14,130,1,1,2,-8,7,5,0
00-0020417,Benjamin Gay,RB,2001,12,REG,2001_12_TEN_CLE,CLE,TEN,0,0,0,0,0,0,0,8,37,0
00-0020434,Chris Weinke,QB,2001,12,REG,2001_12_CAR_NO,CAR,NO,11,19,161,0,0,8,-60,2,7,2
00-0020448,Travis Minor,RB,2001,12,REG,2001_12_DEN_MIA,MIA,DEN,0,0,0,0,0,0,0,2,1,0
00-0020462,LaMont Jordan,RB,2001,12,REG,2001_12_NE_NYJ,NYJ,NE,0,0,0,0,0,0,0,2,7,0
00-0020471,Travis Henry,RB,2001,12,REG,2001_12_BUF_SF,BUF,SF,0,0,0,0,0,0,0,6,9,0
00-0020490,Koren Robinson,WR,2001,12,REG,2001_12_SD_SEA,SEA,LAC,0,0,0,0,0,0,0,1,3,0
00-0020514,Michael Bennett,RB,2001,12,REG,2001_12_MIN_PIT,MIN,PIT,0,0,0,0,0,0,0,13,34,0
00-0020527,Deuce McAllister,RB,2001,12,REG,2001_12_CAR_NO,NO,CAR,0,0,0,0,0,0,0,2,5,0
00-0020536,LaDainian Tomlinson,RB,2001,12,REG,2001_12_SD_SEA,LAC,SEA,0,0,0,0,0,0,0,24,87,1
00-0000145,Derrick Alexander,WR,2001,13,REG,2001_13_KC_OAK,KC,LV,0,0,0,0,0,0,0,1,1,0
00-0000251,Mike Alstott,FB,2001,13,REG,2001_13_DET_TB,TB,DET,0,0,0,0,0,0,0,12,66,1
00-0000339,Richie Anderson,FB,2001,13,REG,2001_13_NYJ_PIT,NYJ,PIT,0,0,0,0,0,0,0,1,3,0
00-0000722,Tony Banks,QB,2001,13,REG,2001_13_WAS_ARI,WAS,ARI,19,26,210,1,0,1,-9,3,2,0
00-0000745,Tiki Barber,RB,2001,13,REG,2001_13_NYG_DAL,NYG,DAL,0,0,0,0,0,0,0,18,110,0
00-0000942,Fred Beasley,FB,2001,13,REG,2001_13_SF_STL,SF,LA,0,0,0,0,0,0,0,2,8,0
00-0001098,Brandon Bennett,RB,2001,13,REG,2001_13_JAX_CIN,CIN,JAX,0,0,0,0,0,0,0,1,-2,0
00-0001102,Donnell Bennett,FB,2001,13,REG,2001_13_WAS_ARI,WAS,ARI,0,0,0,0,0,0,0,2,3,0
00-0001545,Todd Bouman,QB,2001,13,REG,2001_13_TEN_MIN,MIN,TEN,21,31,348,4,1,0,0,4,27,0
00-0001823,Aaron Brooks,QB,2001,13,REG,2001_13_NO_ATL,NO,ATL,20,30,279,1,0,3,-26,5,19,0
00-0002068,Troy Brown,WR,2001,13,REG,2001_13_CLE_NE,NE,CLE,0,0,0,0,0,0,0,1,-2,0
00-0002099,Isaac Bruce,WR,2001,13,REG,2001_13_SF_STL,LA,SF,0,0,0,0,0,0,0,1,8,0
00-0002110,Mark Brunell,QB,2001,13,REG,2001_13_JAX_CIN,JAX,CIN,23,32,242,2,1,8,-49,5,21,0
00-0002743,Ki-Jana Carter,RB,2001,13,REG,2001_13_WAS_ARI,WAS,ARI,0,0,0,0,0,0,0,4,15,0
00-0002846,Larry Centers,FB,2001,13,REG,2001_13_CAR_BUF,BUF,CAR,0,0,0,0,0,0,0,2,-2,0
00-0002876,Chris Chandler,QB,2001,13,REG,2001_13_NO_ATL,ATL,NO,18,32,233,0,1,9,-53,3,3,0
00-0002970,Bob Christian,FB,2001,13,REG,2001_13_NO_ATL,ATL,NO,0,0,0,0,0,0,0,6,40,0
00-0003136,Mike Cloud,RB,2001,13,REG,2001_13_KC_OAK,KC,LV,0,0,0,0,0,0,0,1,16,0
00-0003292,Kerry Collins,QB,2001,13,REG,2001_13_NYG_DAL,NYG,DAL,13,26,122,1,1,1,-2,1,0,0
00-0003535,Tim Couch,QB,2001,13,REG,2001_13_CLE_NE,CLE,NE,20,39,244,0,3,3,-17,1,9,0
00-0004052,Stephen Davis,RB,2001,13,REG,2001_13_WAS_ARI,WAS,ARI,0,0,0,0,0,0,0,26,110,1
00-0004054,Terrell Davis,RB,2001,13,REG,2001_13_SEA_DEN,DEN,SEA,0,0,0,0,0,0,0,19,109,0
00-0004229,Koy Detmer,QB,2001,13,REG,2001_13_SD_PHI,PHI,LAC,0,0,0,0,0,0,0,1,-1,0
00-0004304,Corey Dillon,RB,2001,13,REG,2001_13_JAX_CIN,CIN,JAX,0,0,0,0,0,0,0,24,62,1
00-0004541,Donald Driver,WR,2001,13,REG,2001_13_CHI_GB,GB,CHI,0,0,0,0,0,0,0,1,8,0
00-0004640,Warrick Dunn,RB,2001,13,REG,2001_13_DET_TB,TB,DET,0,0,0,0,0,0,0,6,3,0
00-0004768,Marc Edwards,FB,2001,13,REG,2001_13_CLE_NE,NE,CLE,0,0,0,0,0,0,0,4,3,0
00-0004780,Troy Edwards,WR,2001,13,REG,2001_13_NYJ_PIT,PIT,NYJ,0,0,0,0,0,0,0,1,4,0
00-0005091,Kevin Faulk,RB,2001,13,REG,2001_13_CLE_NE,NE,CLE,0,0,0,0,0,0,0,2,0,0
00-0005092,Marshall Faulk,RB,2001,13,REG,2001_13_SF_STL,LA,SF,0,0,0,0,0,0,0,25,88,1
00-0005106,Brett Favre,QB,2001,13,REG,2001_13_CHI_GB,GB,CHI,15,27,207,1,1,2,-22,1,8,0
00-0005180,Jay Fiedler,QB,2001,13,REG,2001_13_IND_MIA,MIA,IND,18,26,191,3,0,1,-8,1,9,1
00-0005363,Doug Flutie,QB,2001,13,REG,2001_13_SD_PHI,LAC,PHI,20,44,307,2,2,2,-10,8,45,0
00-0005589,Gus Frerotte,QB,2001,13,REG,2001_13_SEA_DEN,DEN,SEA,10,20,77,1,0,2,-14,2,-2,0
00-0005620,Chris Fuamatu-Ma'afala,RB,2001,13,REG,2001_13_NYJ_PIT,PIT,NYJ,0,0,0,0,0,0,0,21,50,1
00-0005741,Rich Gannon,QB,2001,13,REG,2001_13_KC_OAK,LV,KC,18,24,195,1,1,2,-10,9,26,1
00-0005755,Jeff Garcia,QB,2001,13,REG,2001_13_SF_STL,SF,LA,13,36,146,0,2,1,-2,1,1,1
00-0005779,Charlie Garner,RB,2001,13,REG,2001_13_KC_OAK,LV,KC,0,0,0,0,0,0,0,10,36,0
00-0005883,Eddie George,RB,2001,13,REG,2001_13_TEN_MIN,TEN,MIN,0,0,0,0,0,0,0,21,96,1
00-0006305,Ahman Green,RB,2001,13,REG,2001_13_CHI_GB,GB,CHI,0,0,0,0,0,0,0,29,125,1
00-0006355,Trent Green,QB,2001,13,REG,2001_13_KC_OAK,KC,LV,15,32,253,2,1,3,-10,1,7,0
00-0006423,Brian Griese,QB,2001,13,REG,2001_13_SEA_DEN,DEN,SEA,11,17,81,1,1,0,0,2,18,0
00-0006516,Mike Gruttadauria,C,2001,13,REG,2001_13_WAS_ARI,ARI,WAS,0,0,0,0,0,0,0,1,1,0
00-0007091,Matt Hasselbeck,QB,2001,13,REG,2001_13_SEA_DEN,SEA,DEN,17,37,243,1,2,5,-36,2,17,0
00-0007180,Garrison Hearst,RB,2001,13,REG,2001_13_SF_STL,SF,LA,0,0,0,0,0,0,0,11,39,1
00-0007389,Skip Hicks,RB,2001,13,REG,2001_13_TEN_MIN,TEN,MIN,0,0,0,0,0,0,0,4,64,0
00-0007661,Priest Holmes,RB,2001,13,REG,2001_13_KC_OAK,KC,LV,0,0,0,0,0,0,0,28,168,1
00-0007798,Desmond Howard,WR,2001,13,REG,2001_13_DET_TB,DET,TB,0,0,0,0,0,0,0,1,6,0
00-0007969,Richard Huntley,RB,2001,13,REG,2001_13_CAR_BUF,CAR,BUF,0,0,0,0,0,0,0,22,67,1
00-0008196,Terry Jackson,RB,2001,13,REG,2001_13_SF_STL,SF,LA,0,0,0,0,0,0,0,3,6,0
00-0008357,MarTay Jenkins,WR,2001,13,REG,2001_13_WAS_ARI,ARI,WAS,0,0,0,0,0,0,0,2,10,0
00-0008442,Brad Johnson,QB,2001,13,REG,2001_13_DET_TB,TB,DET,31,54,305,1,2,4,-30,4,12,0
00-0008568,Leon Johnson,RB,2001,13,REG,2001_13_CHI_GB,CHI,GB,0,0,0,0,0,0,0,2,-1,0
00-0009288,Terry Kirby,RB,2001,13,REG,2001_13_KC_OAK,LV,KC,0,0,0,0,0,0,0,1,1,0
00-0009311,Jon Kitna,QB,2001,13,REG,2001_13_JAX_CIN,CIN,JAX,16,30,147,0,1,1,-7,1,-1,0
00-0009417,Rob Konrad,FB,2001,13,REG,2001_13_IND_MIA,MIA,IND,0,0,0,0,0,0,0,3,19,1
00-0009829,Dorsey Levens,RB,2001,13,REG,2001_13_CHI_GB,GB,CHI,0,0,0,0,0,0,0,5,26,0
00-0010137,Ray Lucas,QB,2001,13,REG,2001_13_IND_MIA,MIA,IND,0,0,0,0,0,0,0,1,2,1
00-0010240,Stacey Mack,RB,2001,13,REG,2001_13_JAX_CIN,JAX,CIN,0,0,0,0,0,0,0,14,23,0
00-0010346,Peyton Manning,QB,2001,13,REG,2001_13_IND_MIA,IND,MIA,19,32,173,0,3,1,-3,1,5,0
00-0010442,Curtis Martin,RB,2001,13,REG,2001_13_NYJ_PIT,NYJ,PIT,1,1,18,1,0,0,0,18,58,0
00-0010974,James McKnight,WR,2001,13,REG,2001_13_IND_MIA,MIA,IND,0,0,0,0,0,0,0,1,18,0
00-0011022,Donovan McNabb,QB,2001,13,REG,2001_13_SD_PHI,PHI,LAC,22,44,221,2,1,2,-11,7,39,0
00-0011024,Steve McNair,QB,2001,13,REG,2001_13_TEN_MIN,TEN,MIN,25,33,302,2,0,4,-31,4,22,0
00-0011276,Jim Miller,QB,2001,13,REG,2001_13_CHI_GB,CHI,GB,18,33,139,0,1,0,0,2,-3,0
00-0011770,Eric Moulds,WR,2001,13,REG,2001_13_CAR_BUF,BUF,CAR,0,0,0,0,0,0,0,1,1,0
00-0012478,Terrell Owens,WR,2001,13,REG,2001_13_SF_STL,SF,LA,0,0,0,0,0,0,0,1,2,0
00-0012642,David Patten,WR,2001,13,REG,2001_13_CLE_NE,NE,CLE,0,0,0,0,0,0,0,1,7,0
00-0013013,Michael Pittman,RB,2001,13,REG,2001_13_WAS_ARI,ARI,WAS,0,0,0,0,0,0,0,14,46,0
00-0013042,Jake Plummer,QB,2001,13,REG,2001_13_WAS_ARI,ARI,WAS,20,34,253,1,1,1,-7,3,21,0
00-0013694,Tony Richardson,FB,2001,13,REG,2001_13_KC_OAK,KC,LV,0,0,0,0,0,0,0,5,12,0
00-0014450,Cory Schlesinger,FB,2001,13,REG,2001_13_DET_TB,DET,TB,0,0,0,0,0,0,0,3,6,0
00-0015091,Antowain Smith,RB,2001,13,REG,2001_13_CLE_NE,NE,CLE,0,0,0,0,0,0,0,21,76,2
00-0015165,Emmitt Smith,RB,2001,13,REG,2001_13_NYG_DAL,DAL,NYG,0,0,0,0,0,0,0,22,62,1
00-0015242,Lamar Smith,RB,2001,13,REG,2001_13_IND_MIA,MIA,IND,0,0,0,0,0,0,0,28,107,0
00-0015523,Duce Staley,RB,2001,13,REG,2001_13_SD_PHI,PHI,LAC,0,0,0,0,0,0,0,15,21,0
00-0015698,James Stewart,RB,2001,13,REG,2001_13_DET_TB,DET,TB,0,0,0,0,0,0,0,15,78,0
00-0015700,Kordell Stewart,QB,2001,13,REG,2001_13_NYJ_PIT,PIT,NYJ,20,36,214,0,0,1,-3,7,36,0
00-0015830,Mack Strong,FB,2001,13,REG,2001_13_SEA_DEN,SEA,DEN,0,0,0,0,0,0,0,1,2,0
00-0016193,Vinny Testaverde,QB,2001,13,REG,2001_13_NYJ_PIT,NYJ,PIT,15,26,141,0,0,0,0,0,0,0
00-0016838,Alex Van Pelt,QB,2001,13,REG,2001_13_CAR_BUF,BUF,CAR,20,29,277,1,1,2,-10,3,-2,0
00-0017162,Hines Ward,WR,2001,13,REG,2001_13_NYJ_PIT,PIT,NYJ,0,0,0,0,0,0,0,3,14,0
00-0017200,Kurt Warner,QB,2001,13,REG,2001_13_SF_STL,LA,SF,26,42,294,2,1,4,-24,4,19,0
00-0017218,Lamont Warren,RB,2001,13,REG,2001_13_DET_TB,DET,TB,0,0,0,0,0,0,0,2,10,0
00-0017322,Ricky Watters,RB,2001,13,REG,2001_13_SEA_DEN,SEA,DEN,0,0,0,0,0,0,0,6,23,0
00-0017486,Tyrone Wheatley,RB,2001,13,REG,2001_13_KC_OAK,LV,KC,0,0,0,0,0,0,0,6,16,1
00-0017915,Ricky Williams,RB,2001,13,REG,2001_13_NO_ATL,NO,ATL,0,0,0,0,0,0,0,15,41,1
00-0017923,Rodney Williams,P,2001,13,REG,2001_13_NYG_DAL,NYG,DAL,0,0,0,0,0,0,0,1,5,0
00-0018501,Amos Zereoue,RB,2001,13,REG,2001_13_NYJ_PIT,PIT,NYJ,0,0,0,0,0,0,0,7,30,0
00-0018977,Maurice Smith,RB,2001,13,REG,2001_13_NO_ATL,ATL,NO,0,0,0,0,0,0,0,12,7,1
00-0019041,Billy Volek,QB,2001,13,REG,2001_13_TEN_MIN,TEN,MIN,0,3,0,0,0,0,0,0,0,0
00-0019057,Jamel White,RB,2001,13,REG,2001_13_CLE_NE,CLE,NE,0,0,0,0,0,0,0,2,7,0
00-0019382,KaRon Coleman,RB,2001,13,REG,2001_13_SEA_DEN,DEN,SEA,0,0,0,0,0,0,0,2,8,0
00-0019466,Curtis Keaton,RB,2001,13,REG,2001_13_JAX_CIN,CIN,JAX,0,0,0,0,0,0,0,1,1,0
00-0019484,Sammy Morris,RB,2001,13,REG,2001_13_CAR_BUF,BUF,CAR,0,0,0,0,0,0,0,2,4,0
00-0019516,Troy Hambrick,RB,2001,13,REG,2001_13_NYG_DAL,DAL,NYG,0,0,0,0,0,0,0,4,16,0
00-0019594,Mike Anderson,RB,2001,13,REG,2001_13_SEA_DEN,DEN,SEA,0,0,0,0,0,0,0,2,5,0
00-0019596,Tom Brady,QB,2001,13,REG,2001_13_CLE_NE,NE,CLE,19,28,218,0,2,3,-9,4,-3,0
00-0019609,Travis Prentice,RB,2001,13,REG,2001_13_TEN_MIN,MIN,TEN,0,0,0,0,0,0,0,1,-1,0
00-0019614,Michael Wiley,RB,2001,13,REG,2001_13_NYG_DAL,DAL,NYG,0,0,0,0,0,0,0,4,15,0
00-0019641,Thomas Jones,RB,2001,13,REG,2001_13_WAS_ARI,ARI,WAS,0,0,0,0,0,0,0,2,2,0
00-0019643,Ron Dayne,RB,2001,13,REG,2001_13_NYG_DAL,NYG,DAL,0,0,0,0,0,0,0,4,10,0
00-0019647,Shaun Alexander,RB,2001,13,REG,2001_13_SEA_DEN,SEA,DEN,0,0,0,0,0,0,0,12,28,0
00-0019712,Doug Chapman,RB,2001,13,REG,2001_13_TEN_MIN,MIN,TEN,0,0,0,0,0,0,0,4,9,0
00-0019794,Aveion Cason,RB,2001,13,REG,2001_13_DET_TB,DET,TB,0,0,0,0,0,0,0,1,-1,0
00-0019831,Nick Goings,RB,2001,13,REG,2001_13_CAR_BUF,CAR,BUF,0,0,0,0,0,0,0,2,0,0
00-0019863,Dominic Rhodes,RB,2001,13,REG,2001_13_IND_MIA,IND,MIA,0,0,0,0,0,0,0,17,79,0
00-0019889,Elvis Joseph,RB,2001,13,REG,2001_13_JAX_CIN,JAX,CIN,0,0,0,0,0,0,0,6,18,0
00-0020256,Kevin Kasper,WR,2001,13,REG,2001_13_SEA_DEN,DEN,SEA,0,0,0,0,0,0,0,1,27,0
00-0020270,Correll Buckhalter,RB,2001,13,REG,2001_13_SD_PHI,PHI,LAC,0,0,0,0,0,0,0,1,4,0
00-0020308,Mike McMahon,QB,2001,13,REG,2001_13_DET_TB,DET,TB,11,25,165,0,0,3,-14,2,3,0
00-0020403,Anthony Thomas,RB,2001,13,REG,2001_13_CHI_GB,CHI,GB,0,0,0,0,0,0,0,15,54,1
00-0020404,Quincy Carter,QB,2001,13,REG,2001_13_NYG_DAL,DAL,NYG,17,26,194,1,0,2,-9,6,11,0
00-0020430,James Jackson,RB,2001,13,REG,2001_13_CLE_NE,CLE,NE,0,0,0,0,0,0,0,16,34,0
00-0020434,Chris Weinke,QB,2001,13,REG,2001_13_CAR_BUF,CAR,BUF,15,30,153,1,1,0,0,3,11,1
00-0020448,Travis Minor,RB,2001,13,REG,2001_13_IND_MIA,MIA,IND,0,0,0,0,0,0,0,4,28,0
00-0020471,Travis Henry,RB,2001,13,REG,2001_13_CAR_BUF,BUF,CAR,0,0,0,0,0,0,0,27,101,1
00-0020474,Kevan Barlow,RB,2001,13,REG,2001_13_SF_STL,SF,LA,0,0,0,0,0,0,0,5,20,0
00-0020497,Freddie Mitchell,WR,2001,13,REG,2001_13_SD_PHI,PHI,LAC,0,1,0,0,0,0,0,0,0,0
00-0020514,Michael Bennett,RB,2001,13,REG,2001_13_TEN_MIN,MIN,TEN,0,0,0,0,0,0,0,16,113,2
00-0020527,Deuce McAllister,RB,2001,13,REG,2001_13_NO_ATL,NO,ATL,1,1,12,1,0,0,0,1,54,1
00-0020536,LaDainian Tomlinson,RB,2001,13,REG,2001_13_SD_PHI,LAC,PHI,0,0,0,0,0,0,0,19,51,0
00-0000210,James Allen,RB,2001,14,REG,2001_14_TB_CHI,CHI,TB,0,0,0,0,0,0,0,2,9,0
00-0000232,Terry Allen,RB,2001,14,REG,2001_14_PIT_BAL,BAL,PIT,0,0,0,0,0,0,0,3,3,0
00-0000251,Mike Alstott,FB,2001,14,REG,2001_14_TB_CHI,TB,CHI,0,0,0,0,0,0,0,7,23,0
00-0000552,Obafemi Ayanbadejo,RB,2001,14,REG,2001_14_PIT_BAL,BAL,PIT,0,0,0,0,0,0,0,3,22,0
00-0000722,Tony Banks,QB,2001,14,REG,2001_14_PHI_WAS,WAS,PHI,17,36,213,0,2,1,-6,3,15,0
00-0000745,Tiki Barber,RB,2001,14,REG,2001_14_ARI_NYG,NYG,ARI,0,0,0,0,0,0,0,16,85,0
00-0000942,Fred Beasley,FB,2001,14,REG,2001_14_MIA_SF,SF,MIA,0,0,0,0,0,0,0,3,1,0
00-0001098,Brandon Bennett,RB,2001,14,REG,2001_14_CIN_NYJ,CIN,NYJ,0,0,0,0,0,0,0,3,9,0
00-0001477,Marty Booker,WR,2001,14,REG,2001_14_TB_CHI,CHI,TB,0,0,0,0,0,0,0,1,13,0
00-0001545,Todd Bouman,QB,2001,14,REG,2001_14_MIN_DET,MIN,DET,18,38,243,2,2,2,-9,3,31,0
00-0001823,Aaron Brooks,QB,2001,14,REG,2001_14_STL_NO,NO,LA,23,40,269,3,2,5,-27,3,6,0
00-0002068,Troy Brown,WR,2001,14,REG,2001_14_NE_BUF,NE,BUF,0,0,0,0,0,0,0,1,9,0
00-0002110,Mark Brunell,QB,2001,14,REG,2001_14_JAX_CLE,JAX,CLE,20,35,202,1,2,8,-48,5,13,0
00-0002159,Shawn Bryson,RB,2001,14,REG,2001_14_NE_BUF,BUF,NE,0,0,0,0,0,0,0,14,38,0
00-0002655,John Carney,K,2001,14,REG,2001_14_STL_NO,NO,LA,0,0,0,0,0,0,0,1,-1,0
00-0002743,Ki-Jana Carter,RB,2001,14,REG,2001_14_PHI_WAS,WAS,PHI,0,0,0,0,0,0,0,1,15,0
00-0002876,Chris Chandler,QB,2001,14,REG,2001_14_ATL_IND,ATL,IND,23,39,249,2,0,6,-41,1,0,0
00-0002970,Bob Christian,FB,2001,14,REG,2001_14_ATL_IND,ATL,IND,0,0,0,0,0,0,0,7,17,1
00-0003292,Kerry Collins,QB,2001,14,REG,2001_14_ARI_NYG,NYG,ARI,14,32,147,2,0,1,-8,2,2,0
00-0003344,Greg Comella,RB,2001,14,REG,2001_14_ARI_NYG,NYG,ARI,0,0,0,0,0,0,0,1,0,0
00-0003396,Curtis Conway,WR,2001,14,REG,2001_14_OAK_SD,LAC,LV,0,0,0,0,0,0,0,1,6,0
00-0003535,Tim Couch,QB,2001,14,REG,2001_14_JAX_CLE,CLE,JAX,21,30,184,0,1,3,-11,2,7,0
00-0003663,Zack Crockett,RB,2001,14,REG,2001_14_OAK_SD,LV,LAC,0,0,0,0,0,0,0,3,8,0
00-0004052,Stephen Davis,RB,2001,14,REG,2001_14_PHI_WAS,WAS,PHI,0,0,0,0,0,0,0,24,111,0
00-0004054,Terrell Davis,RB,2001,14,REG,2001_14_DEN_KC,DEN,KC,0,0,0,0,0,0,0,21,70,0
00-0004304,Corey Dillon,RB,2001,14,REG,2001_14_CIN_NYJ,CIN,NYJ,0,0,0,0,0,0,0,22,85,2
00-0004640,Warrick Dunn,RB,2001,14,REG,2001_14_TB_CHI,TB,CHI,0,0,0,0,0,0,0,10,27,0
00-0004768,Marc Edwards,FB,2001,14,REG,2001_14_NE_BUF,NE,BUF,0,0,0,0,0,0,0,1,2,0
00-0005091,Kevin Faulk,RB,2001,14,REG,2001_14_NE_BUF,NE,BUF,0,0,0,0,0,0,0,2,10,0
00-0005092,Marshall Faulk,RB,2001,14,REG,2001_14_STL_NO,LA,NO,0,0,0,0,0,0,0,22,54,0
00-0005106,Brett Favre,QB,2001,14,REG,2001_14_GB_TEN,GB,TEN,20,38,199,2,1,1,-2,5,20,0
00-0005113,Jeff Feagles,P,2001,14,REG,2001_14_DAL_SEA,SEA,DAL,0,1,0,0,0,0,0,0,0,0
00-0005180,Jay Fiedler,QB,2001,14,REG,2001_14_MIA_SF,MIA,SF,16,28,149,0,3,6,-42,4,33,0
00-0005363,Doug Flutie,QB,2001,14,REG,2001_14_OAK_SD,LAC,LV,19,37,215,0,3,4,-9,4,16,0
00-0005589,Gus Frerotte,QB,2001,14,REG,2001_14_DEN_KC,DEN,KC,16,22,181,1,0,1,-7,4,12,1
00-0005620,Chris Fuamatu-Ma'afala,RB,2001,14,REG,2001_14_PIT_BAL,PIT,BAL,0,0,0,0,0,0,0,9,15,0
00-0005741,Rich Gannon,QB,2001,14,REG,2001_14_OAK_SD,LV,LAC,20,28,221,1,1,2,-13,3,11,0
00-0005755,Jeff Garcia,QB,2001,14,REG,2001_14_MIA_SF,SF,MIA,14,20,133,1,0,0,0,3,-8,0
00-0005779,Charlie Garner,RB,2001,14,REG,2001_14_OAK_SD,LV,LAC,0,0,0,0,0,0,0,19,68,0
00-0005883,Eddie George,RB,2001,14,REG,2001_14_GB_TEN,TEN,GB,0,0,0,0,0,0,0,15,26,0
00-0006300,Elvis Grbac,QB,2001,14,REG,2001_14_PIT_BAL,BAL,PIT,20,38,159,2,1,2,-10,2,2,1
00-0006305,Ahman Green,RB,2001,14,REG,2001_14_GB_TEN,GB,TEN,0,0,0,0,0,0,0,10,11,0
00-0006355,Trent Green,QB,2001,14,REG,2001_14_DEN_KC,KC,DEN,17,21,292,1,1,5,-33,1,-1,0
00-0007091,Matt Hasselbeck,QB,2001,14,REG,2001_14_DAL_SEA,SEA,DAL,13,25,152,0,0,1,-13,3,19,0
00-0007180,Garrison Hearst,RB,2001,14,REG,2001_14_MIA_SF,SF,MIA,0,0,0,0,0,0,0,26,103,0
00-0007308,Craig Hentrich,P,2001,14,REG,2001_14_GB_TEN,TEN,GB,0,1,0,0,0,0,0,0,0,0
00-0007389,Skip Hicks,RB,2001,14,REG,2001_14_GB_TEN,TEN,GB,0,0,0,0,0,0,0,17,142,1
00-0007661,Priest Holmes,RB,2001,14,REG,2001_14_DEN_KC,KC,DEN,0,0,0,0,0,0,0,29,121,1
00-0008060,Raghib Ismail,WR,2001,14,REG,2001_14_DAL_SEA,DAL,SEA,0,0,0,0,0,0,0,2,20,0
00-0008196,Terry Jackson,RB,2001,14,REG,2001_14_MIA_SF,SF,MIA,0,0,0,0,0,0,0,2,17,0
00-0008442,Brad Johnson,QB,2001,14,REG,2001_14_TB_CHI,TB,CHI,18,40,191,0,2,1,-14,1,11,0
00-0008568,Leon Johnson,RB,2001,14,REG,2001_14_TB_CHI,CHI,TB,0,0,0,0,0,0,0,3,11,0
00-0009163,Eddie Kennison,WR,2001,14,REG,2001_14_DEN_KC,KC,DEN,0,0,0,0,0,0,0,1,14,0
00-0009288,Terry Kirby,RB,2001,14,REG,2001_14_OAK_SD,LV,LAC,0,0,0,0,0,0,0,2,4,0
00-0009311,Jon Kitna,QB,2001,14,REG,2001_14_CIN_NYJ,CIN,NYJ,10,17,93,0,3,0,0,1,4,0
00-0010240,Stacey Mack,RB,2001,14,REG,2001_14_JAX_CLE,JAX,CLE,0,0,0,0,0,0,0,28,115,0
00-0010346,Peyton Manning,QB,2001,14,REG,2001_14_ATL_IND,IND,ATL,23,35,325,3,1,0,0,4,10,0
00-0010442,Curtis Martin,RB,2001,14,REG,2001_14_CIN_NYJ,NYJ,CIN,0,0,0,0,0,0,0,24,78,0
00-0011022,Donovan McNabb,QB,2001,14,REG,2001_14_PHI_WAS,PHI,WAS,16,34,235,2,3,2,-11,7,25,0
00-0011024,Steve McNair,QB,2001,14,REG,2001_14_GB_TEN,TEN,GB,25,35,283,2,0,4,-27,2,-1,0
00-0011151,Eric Metcalf,WR,2001,14,REG,2001_14_PHI_WAS,WAS,PHI,0,0,0,0,0,1,-2,0,0,0
00-0011276,Jim Miller,QB,2001,14,REG,2001_14_TB_CHI,CHI,TB,14,29,190,2,1,3,-18,3,1,0
00-0011463,Chris Mohr,P,2001,14,REG,2001_14_ATL_IND,ATL,IND,1,1,42,0,0,0,0,0,0,0
00-0011958,Lorenzo Neal,FB,2001,14,REG,2001_14_CIN_NYJ,CIN,NYJ,0,0,0,0,0,0,0,1,0,0
00-0013013,Michael Pittman,RB,2001,14,REG,2001_14_ARI_NYG,ARI,NYG,0,0,0,0,0,0,0,12,24,0
00-0013028,Scott Player,P,2001,14,REG,2001_14_ARI_NYG,ARI,NYG,0,0,0,0,0,0,0,1,0,0
00-0013042,Jake Plummer,QB,2001,14,REG,2001_14_ARI_NYG,ARI,NYG,27,45,207,1,0,3,-10,3,27,0
00-0013694,Tony Richardson,FB,2001,14,REG,2001_14_DEN_KC,KC,DEN,0,0,0,0,0,0,0,2,3,0
00-0014450,Cory Schlesinger,FB,2001,14,REG,2001_14_MIN_DET,DET,MIN,0,0,0,0,0,0,0,2,1,1
00-0015082,Akili Smith,QB,2001,14,REG,2001_14_CIN_NYJ,CIN,NYJ,4,6,35,0,0,0,0,5,20,0
00-0015091,Antowain Smith,RB,2001,14,REG,2001_14_NE_BUF,NE,BUF,0,0,0,0,0,0,0,20,95,0
00-0015165,Emmitt Smith,RB,2001,14,REG,2001_14_DAL_SEA,DAL,SEA,0,0,0,0,0,0,0,12,39,0
00-0015242,Lamar Smith,RB,2001,14,REG,2001_14_MIA_SF,MIA,SF,0,0,0,0,0,0,0,9,22,0
00-0015523,Duce Staley,RB,2001,14,REG,2001_14_PHI_WAS,PHI,WAS,0,0,0,0,0,0,0,15,36,0
00-0015698,James Stewart,RB,2001,14,REG,2001_14_MIN_DET,DET,MIN,0,0,0,0,0,0,0,20,91,0
00-0015700,Kordell Stewart,QB,2001,14,REG,2001_14_PIT_BAL,PIT,BAL,20,31,333,2,0,3,-15,10,55,0
00-0015830,Mack Strong,FB,2001,14,REG,2001_14_DAL_SEA,SEA,DAL,0,0,0,0,0,0,0,4,12,0
00-0016193,Vinny Testaverde,QB,2001,14,REG,2001_14_CIN_NYJ,NYJ,CIN,17,28,196,2,0,0,0,2,-1,0
00-0016550,Amani Toomer,WR,2001,14,REG,2001_14_ARI_NYG,NYG,ARI,0,0,0,0,0,0,0,1,-2,0
00-0016838,Alex Van Pelt,QB,2001,14,REG,2001_14_NE_BUF,BUF,NE,22,44,219,0,1,1,-7,2,6,0
00-0017162,Hines Ward,WR,2001,14,REG,2001_14_PIT_BAL,PIT,BAL,0,0,0,0,0,0,0,1,6,0
00-0017200,Kurt Warner,QB,2001,14,REG,2001_14_STL_NO,LA,NO,23,32,338,4,0,4,-29,3,2,0
00-0017322,Ricky Watters,RB,2001,14,REG,2001_14_DAL_SEA,SEA,DAL,0,0,0,0,0,0,0,28,104,1
00-0017892,Moe Williams,RB,2001,14,REG,2001_14_PIT_BAL,BAL,PIT,0,0,0,0,0,0,0,4,15,0
00-0017915,Ricky Williams,RB,2001,14,REG,2001_14_STL_NO,NO,LA,0,0,0,0,0,0,0,14,57,0
00-0017923,Rodney Williams,P,2001,14,REG,2001_14_ARI_NYG,NYG,ARI,0,0,0,0,0,0,0,1,11,0
00-0018141,Jon Witman,FB,2001,14,REG,2001_14_PIT_BAL,PIT,BAL,0,0,0,0,0,0,0,1,3,0
00-0018501,Amos Zereoue,RB,2001,14,REG,2001_14_PIT_BAL,PIT,BAL,0,0,0,0,0,0,0,16,73,0
00-0018958,Laveranues Coles,WR,2001,14,REG,2001_14_CIN_NYJ,NYJ,CIN,0,0,0,0,0,0,0,1,19,0
00-0018977,Maurice Smith,RB,2001,14,REG,2001_14_ATL_IND,ATL,IND,0,0,0,0,0,0,0,11,49,0
00-0019057,Jamel White,RB,2001,14,REG,2001_14_JAX_CLE,CLE,JAX,0,0,0,0,0,0,0,9,33,0
00-0019109,Scottie Montgomery,WR,2001,14,REG,2001_14_DEN_KC,DEN,KC,0,0,0,0,0,0,0,1,5,0
00-0019135,Dan Kreider,FB,2001,14,REG,2001_14_PIT_BAL,PIT,BAL,0,0,0,0,0,0,0,2,6,1
00-0019455,Peter Warrick,WR,2001,14,REG,2001_14_CIN_NYJ,CIN,NYJ,0,0,0,0,0,0,0,1,2,0
00-0019516,Troy Hambrick,RB,2001,14,REG,2001_14_DAL_SEA,DAL,SEA,0,0,0,0,0,0,0,1,3,0
00-0019594,Mike Anderson,RB,2001,14,REG,2001_14_DEN_KC,DEN,KC,0,0,0,0,0,0,0,1,8,0
00-0019596,Tom Brady,QB,2001,14,REG,2001_14_NE_BUF,NE,BUF,19,35,237,0,1,5,-31,3,13,0
00-0019609,Travis Prentice,RB,2001,14,REG,2001_14_MIN_DET,MIN,DET,0,0,0,0,0,0,0,1,0,0
00-0019623,Tim Rattay,QB,2001,14,REG,2001_14_MIA_SF,SF,MIA,0,0,0,0,0,0,0,2,0,0
00-0019641,Thomas Jones,RB,2001,14,REG,2001_14_ARI_NYG,ARI,NYG,0,0,0,0,0,0,0,14,37,0
00-0019643,Ron Dayne,RB,2001,14,REG,2001_14_ARI_NYG,NYG,ARI,0,0,0,0,0,0,0,4,9,0
00-0019647,Shaun Alexander,RB,2001,14,REG,2001_14_DAL_SEA,SEA,DAL,0,0,0,0,0,0,0,7,27,1
00-0019682,Jarious Jackson,QB,2001,14,REG,2001_14_DEN_KC,DEN,KC,7,12,73,0,0,1,-6,5,7,0
00-0019712,Doug Chapman,RB,2001,14,REG,2001_14_MIN_DET,MIN,DET,0,0,0,0,0,0,0,3,9,0
00-0019721,Travis Taylor,WR,2001,14,REG,2001_14_PIT_BAL,BAL,PIT,0,0,0,0,0,0,0,1,16,0
00-0019794,Aveion Cason,RB,2001,14,REG,2001_14_MIN_DET,DET,MIN,0,0,0,0,0,0,0,1,1,0
00-0019863,Dominic Rhodes,RB,2001,14,REG,2001_14_ATL_IND,IND,ATL,0,0,0,0,0,0,0,29,177,2
00-0020256,Kevin Kasper,WR,2001,14,REG,2001_14_DEN_KC,DEN,KC,0,0,0,0,0,0,0,2,-8,0
00-0020270,Correll Buckhalter,RB,2001,14,REG,2001_14_PHI_WAS,PHI,WAS,0,0,0,0,0,0,0,1,2,0
00-0020308,Mike McMahon,QB,2001,14,REG,2001_14_MIN_DET,DET,MIN,15,28,241,0,0,6,-39,12,74,1
00-0020403,Anthony Thomas,RB,2001,14,REG,2001_14_TB_CHI,CHI,TB,0,0,0,0,0,0,0,31,173,1
00-0020404,Quincy Carter,QB,2001,14,REG,2001_14_DAL_SEA,DAL,SEA,14,33,135,0,1,4,-19,6,40,0
00-0020417,Benjamin Gay,RB,2001,14,REG,2001_14_JAX_CLE,CLE,JAX,0,0,0,0,0,0,0,2,1,0
00-0020430,James Jackson,RB,2001,14,REG,2001_14_JAX_CLE,CLE,JAX,0,0,0,0,0,0,0,2,6,0
00-0020448,Travis Minor,RB,2001,14,REG,2001_14_MIA_SF,MIA,SF,0,0,0,0,0,0,0,2,12,0
00-0020462,LaMont Jordan,RB,2001,14,REG,2001_14_CIN_NYJ,NYJ,CIN,0,0,0,0,0,0,0,2,17,0
00-0020471,Travis Henry,RB,2001,14,REG,2001_14_NE_BUF,BUF,NE,0,0,0,0,0,0,0,12,54,0
00-0020474,Kevan Barlow,RB,2001,14,REG,2001_14_MIA_SF,SF,MIA,0,0,0,0,0,0,0,14,39,2
00-0020507,Heath Evans,FB,2001,14,REG,2001_14_DAL_SEA,SEA,DAL,0,0,0,0,0,0,0,2,11,0
00-0020514,Michael Bennett,RB,2001,14,REG,2001_14_MIN_DET,MIN,DET,0,0,0,0,0,0,0,10,40,0
00-0020525,Rod Gardner,WR,2001,14,REG,2001_14_PHI_WAS,WAS,PHI,0,0,0,0,0,0,0,1,16,0
00-0020527,Deuce McAllister,RB,2001,14,REG,2001_14_STL_NO,NO,LA,0,0,0,0,0,0,0,1,6,0
00-0020536,LaDainian Tomlinson,RB,2001,14,REG,2001_14_OAK_SD,LAC,LV,0,0,0,0,0,0,0,17,46,0
,,,2001,14,REG,2001_14_ARI_NYG,ARI,NYG,0,0,0,0,0,1,-5,0,0,0
00-0000007,Rabih Abdullah,RB,2001,15,REG,2001_15_NO_TB,TB,NO,0,0,0,0,0,0,0,3,6,0
00-0000210,James Allen,RB,2001,15,REG,2001_15_CHI_WAS,CHI,WAS,0,0,0,0,0,0,0,2,6,0
00-0000232,Terry Allen,RB,2001,15,REG,2001_15_CIN_BAL,BAL,CIN,0,0,0,0,0,0,0,22,91,1
00-0000251,Mike Alstott,FB,2001,15,REG,2001_15_NO_TB,TB,NO,0,0,0,0,0,0,0,24,101,1
00-0000339,Richie Anderson,FB,2001,15,REG,2001_15_NYJ_IND,NYJ,IND,0,0,0,0,0,0,0,2,10,0
00-0000387,Reidel Anthony,WR,2001,15,REG,2001_15_NO_TB,TB,NO,0,0,0,0,0,0,0,1,9,0
00-0000552,Obafemi Ayanbadejo,RB,2001,15,REG,2001_15_CIN_BAL,BAL,CIN,0,0,0,0,0,0,0,1,7,0
00-0000722,Tony Banks,QB,2001,15,REG,2001_15_CHI_WAS,WAS,CHI,23,43,236,0,0,6,-32,1,4,0
00-0000745,Tiki Barber,RB,2001,15,REG,2001_15_SEA_NYG,NYG,SEA,0,0,0,0,0,0,0,12,47,0
00-0000942,Fred Beasley,FB,2001,15,REG,2001_15_PHI_SF,SF,PHI,0,0,0,0,0,0,0,1,1,0
00-0001098,Brandon Bennett,RB,2001,15,REG,2001_15_CIN_BAL,CIN,BAL,0,0,0,0,0,0,0,5,22,0
00-0001532,David Boston,WR,2001,15,REG,2001_15_DAL_ARI,ARI,DAL,0,0,0,0,0,0,0,1,-1,0
00-0001545,Todd Bouman,QB,2001,15,REG,2001_15_JAX_MIN,MIN,JAX,0,3,0,0,0,0,0,0,0,0
00-0001823,Aaron Brooks,QB,2001,15,REG,2001_15_NO_TB,NO,TB,21,38,248,3,4,3,-18,3,15,0
00-0002068,Troy Brown,WR,2001,15,REG,2001_15_MIA_NE,NE,MIA,0,0,0,0,0,0,0,2,7,0
00-0002110,Mark Brunell,QB,2001,15,REG,2001_15_JAX_MIN,JAX,MIN,17,24,217,1,0,1,-8,0,0,0
00-0002159,Shawn Bryson,RB,2001,15,REG,2001_15_BUF_ATL,BUF,ATL,0,0,0,0,0,0,0,16,130,2
00-0002743,Ki-Jana Carter,RB,2001,15,REG,2001_15_CHI_WAS,WAS,CHI,0,0,0,0,0,0,0,5,28,0
00-0002846,Larry Centers,FB,2001,15,REG,2001_15_BUF_ATL,BUF,ATL,0,0,0,0,0,0,0,1,50,0
00-0002876,Chris Chandler,QB,2001,15,REG,2001_15_BUF_ATL,ATL,BUF,28,40,431,2,2,1,-9,1,0,0
00-0002970,Bob Christian,FB,2001,15,REG,2001_15_BUF_ATL,ATL,BUF,0,0,0,0,0,0,0,1,3,0
00-0003292,Kerry Collins,QB,2001,15,REG,2001_15_SEA_NYG,NYG,SEA,30,47,338,1,0,1,-6,2,-1,0
00-0003535,Tim Couch,QB,2001,15,REG,2001_15_CLE_GB,CLE,GB,22,33,203,1,3,4,-34,5,37,0
00-0003663,Zack Crockett,RB,2001,15,REG,2001_15_TEN_OAK,LV,TEN,0,0,0,0,0,0,0,5,6,0
00-0004052,Stephen Davis,RB,2001,15,REG,2001_15_CHI_WAS,WAS,CHI,0,0,0,0,0,0,0,22,57,1
00-0004294,Ken Dilger,TE,2001,15,REG,2001_15_NYJ_IND,IND,NYJ,1,1,39,1,0,0,0,0,0,0
00-0004304,Corey Dillon,RB,2001,15,REG,2001_15_CIN_BAL,CIN,BAL,0,0,0,0,0,0,0,24,127,0
00-0004640,Warrick Dunn,RB,2001,15,REG,2001_15_NO_TB,TB,NO,0,0,0,0,0,0,0,10,32,0
00-0004768,Marc Edwards,FB,2001,15,REG,2001_15_MIA_NE,NE,MIA,0,0,0,0,0,0,0,2,3,0
00-0005091,Kevin Faulk,RB,2001,15,REG,2001_15_MIA_NE,NE,MIA,1,1,23,0,0,0,0,0,0,0
00-0005092,Marshall Faulk,RB,2001,15,REG,2001_15_STL_CAR,LA,CAR,0,1,0,0,0,0,0,30,202,2
00-0005106,Brett Favre,QB,2001,15,REG,2001_15_CLE_GB,GB,CLE,18,28,139,3,0,0,0,2,1,0
00-0005180,Jay Fiedler,QB,2001,15,REG,2001_15_MIA_NE,MIA,NE,21,37,320,1,0,2,-10,3,13,0
00-0005363,Doug Flutie,QB,2001,15,REG,2001_15_SD_KC,LAC,KC,15,27,175,2,0,2,-11,2,20,0
00-0005620,Chris Fuamatu-Ma'afala,RB,2001,15,REG,2001_15_DET_PIT,PIT,DET,0,0,0,0,0,0,0,26,126,0
00-0005741,Rich Gannon,QB,2001,15,REG,2001_15_TEN_OAK,LV,TEN,29,50,249,1,1,2,-15,2,11,0
00-0005755,Jeff Garcia,QB,2001,15,REG,2001_15_PHI_SF,SF,PHI,14,24,136,1,0,2,-9,6,19,0
00-0005779,Charlie Garner,RB,2001,15,REG,2001_15_TEN_OAK,LV,TEN,0,0,0,0,0,0,0,10,54,0
00-0005822,Sam Gash,FB,2001,15,REG,2001_15_CIN_BAL,BAL,CIN,0,0,0,0,0,0,0,2,-1,0
00-0005883,Eddie George,RB,2001,15,REG,2001_15_TEN_OAK,TEN,LV,0,0,0,0,0,0,0,11,23,0
00-0005932,Damon Gibson,WR,2001,15,REG,2001_15_JAX_MIN,JAX,MIN,0,0,0,0,0,0,0,1,18,0
00-0006300,Elvis Grbac,QB,2001,15,REG,2001_15_CIN_BAL,BAL,CIN,16,30,181,0,0,5,-33,2,-2,0
00-0006305,Ahman Green,RB,2001,15,REG,2001_15_CLE_GB,GB,CLE,0,0,0,0,0,0,0,21,150,0
00-0006355,Trent Green,QB,2001,15,REG,2001_15_SD_KC,KC,LAC,19,28,203,1,2,1,0,5,36,0
00-0007091,Matt Hasselbeck,QB,2001,15,REG,2001_15_SEA_NYG,SEA,NYG,15,26,185,1,1,3,-24,1,0,0
00-0007180,Garrison Hearst,RB,2001,15,REG,2001_15_PHI_SF,SF,PHI,0,0,0,0,0,0,0,17,72,0
00-0007389,Skip Hicks,RB,2001,15,REG,2001_15_TEN_OAK,TEN,LV,0,0,0,0,0,0,0,16,64,0
00-0007661,Priest Holmes,RB,2001,15,REG,2001_15_SD_KC,KC,LAC,0,0,0,0,0,0,0,23,80,0
00-0007969,Richard Huntley,RB,2001,15,REG,2001_15_STL_CAR,CAR,LA,0,0,0,0,0,0,0,19,74,1
00-0008060,Raghib Ismail,WR,2001,15,REG,2001_15_DAL_ARI,DAL,ARI,0,0,0,0,0,0,0,1,-2,0
00-0008442,Brad Johnson,QB,2001,15,REG,2001_15_NO_TB,TB,NO,16,31,207,3,0,0,0,1,9,0
00-0008568,Leon Johnson,RB,2001,15,REG,2001_15_CHI_WAS,CHI,WAS,0,0,0,0,0,0,0,2,34,1
00-0009163,Eddie Kennison,WR,2001,15,REG,2001_15_SD_KC,KC,LAC,0,0,0,0,0,0,0,1,-1,0
00-0009311,Jon Kitna,QB,2001,15,REG,2001_15_CIN_BAL,CIN,BAL,16,39,153,0,3,3,-22,1,1,0
00-0009323,Jimmy Kleinsasser,TE,2001,15,REG,2001_15_JAX_MIN,MIN,JAX,0,0,0,0,0,0,0,1,2,0
00-0009829,Dorsey Levens,RB,2001,15,REG,2001_15_CLE_GB,GB,CLE,0,0,0,0,0,0,0,9,72,0
00-0009869,Jermaine Lewis,WR,2001,15,REG,2001_15_CIN_BAL,BAL,CIN,0,0,0,0,0,0,0,1,4,0
00-0010240,Stacey Mack,RB,2001,15,REG,2001_15_JAX_MIN,JAX,MIN,0,0,0,0,0,0,0,27,111,2
00-0010261,Tommy Maddox,QB,2001,15,REG,2001_15_DET_PIT,PIT,DET,0,0,0,0,0,0,0,2,4,1
00-0010346,Peyton Manning,QB,2001,15,REG,2001_15_NYJ_IND,IND,NYJ,25,35,228,1,0,2,-7,1,7,0
00-0010442,Curtis Martin,RB,2001,15,REG,2001_15_NYJ_IND,NYJ,IND,0,0,0,0,0,0,0,23,122,0
00-0010609,Brad Maynard,P,2001,15,REG,2001_15_CHI_WAS,CHI,WAS,1,1,27,1,0,0,0,1,-10,0
00-0011022,Donovan McNabb,QB,2001,15,REG,2001_15_PHI_SF,PHI,SF,23,34,232,0,1,3,-19,5,31,0
00-0011024,Steve McNair,QB,2001,15,REG,2001_15_TEN_OAK,TEN,LV,15,27,178,1,2,3,-19,6,16,0
00-0011276,Jim Miller,QB,2001,15,REG,2001_15_CHI_WAS,CHI,WAS,13,26,98,0,0,0,0,3,0,0
00-0011770,Eric Moulds,WR,2001,15,REG,2001_15_BUF_ATL,BUF,ATL,0,0,0,0,0,0,0,1,6,0
00-0012726,Doug Pederson,QB,2001,15,REG,2001_15_CLE_GB,GB,CLE,0,0,0,0,0,0,0,1,-1,0
00-0013013,Michael Pittman,RB,2001,15,REG,2001_15_DAL_ARI,ARI,DAL,0,0,0,0,0,0,0,14,58,1
00-0013042,Jake Plummer,QB,2001,15,REG,2001_15_DAL_ARI,ARI,DAL,17,31,144,0,0,1,-10,1,0,0
00-0013338,Jonathan Quinn,QB,2001,15,REG,2001_15_JAX_MIN,JAX,MIN,0,0,0,0,0,0,0,1,-1,0
00-0013694,Tony Richardson,FB,2001,15,REG,2001_15_SD_KC,KC,LAC,0,0,0,0,0,0,0,3,5,1
00-0014377,Todd Sauerbrun,P,2001,15,REG,2001_15_STL_CAR,CAR,LA,0,0,0,0,0,0,0,1,0,0
00-0014450,Cory Schlesinger,FB,2001,15,REG,2001_15_DET_PIT,DET,PIT,0,0,0,0,0,0,0,3,2,0
00-0015091,Antowain Smith,RB,2001,15,REG,2001_15_MIA_NE,NE,MIA,0,0,0,0,0,0,0,26,156,1
00-0015165,Emmitt Smith,RB,2001,15,REG,2001_15_DAL_ARI,DAL,ARI,0,0,0,0,0,0,0,26,128,0
00-0015242,Lamar Smith,RB,2001,15,REG,2001_15_MIA_NE,MIA,NE,0,0,0,0,0,0,0,12,33,0
00-0015523,Duce Staley,RB,2001,15,REG,2001_15_PHI_SF,PHI,SF,0,0,0,0,0,0,0,15,35,0
00-0015698,James Stewart,RB,2001,15,REG,2001_15_DET_PIT,DET,PIT,0,0,0,0,0,0,0,2,1,0
00-0015700,Kordell Stewart,QB,2001,15,REG,2001_15_DET_PIT,PIT,DET,17,26,226,3,0,1,-12,4,22,1
00-0015980,Reggie Swinton,WR,2001,15,REG,2001_15_DAL_ARI,DAL,ARI,0,0,0,0,0,0,0,1,-4,0
00-0016193,Vinny Testaverde,QB,2001,15,REG,2001_15_NYJ_IND,NYJ,IND,28,47,285,2,2,0,0,3,11,0
00-0016321,Rodney Thomas,RB,2001,15,REG,2001_15_BUF_ATL,ATL,BUF,0,0,0,0,0,0,0,13,41,0
00-0016838,Alex Van Pelt,QB,2001,15,REG,2001_15_BUF_ATL,BUF,ATL,17,31,208,1,0,0,0,1,2,0
00-0017160,Dedric Ward,WR,2001,15,REG,2001_15_MIA_NE,MIA,NE,0,0,0,0,0,0,0,1,5,0
00-0017200,Kurt Warner,QB,2001,15,REG,2001_15_STL_CAR,LA,CAR,18,23,217,2,2,3,-20,3,13,0
00-0017218,Lamont Warren,RB,2001,15,REG,2001_15_DET_PIT,DET,PIT,0,0,0,0,0,0,0,9,48,0
00-0017486,Tyrone Wheatley,RB,2001,15,REG,2001_15_TEN_OAK,LV,TEN,0,0,0,0,0,0,0,4,6,0
00-0017892,Moe Williams,RB,2001,15,REG,2001_15_CIN_BAL,BAL,CIN,0,0,0,0,0,0,0,6,49,0
00-0017915,Ricky Williams,RB,2001,15,REG,2001_15_NO_TB,NO,TB,0,0,0,0,0,0,0,10,26,0
00-0018501,Amos Zereoue,RB,2001,15,REG,2001_15_DET_PIT,PIT,DET,0,0,0,0,0,0,0,2,34,0
00-0018958,Laveranues Coles,WR,2001,15,REG,2001_15_NYJ_IND,NYJ,IND,0,0,0,0,0,0,0,1,10,0
00-0018977,Maurice Smith,RB,2001,15,REG,2001_15_BUF_ATL,ATL,BUF,0,0,0,0,0,0,0,14,23,1
00-0019019,Micah Knorr,P,2001,15,REG,2001_15_DAL_ARI,DAL,ARI,0,1,0,0,0,0,0,0,0,0
00-0019057,Jamel White,RB,2001,15,REG,2001_15_CLE_GB,CLE,GB,0,0,0,0,0,0,0,21,131,0
00-0019135,Dan Kreider,FB,2001,15,REG,2001_15_DET_PIT,PIT,DET,0,0,0,0,0,0,0,2,12,0
00-0019484,Sammy Morris,RB,2001,15,REG,2001_15_BUF_ATL,BUF,ATL,0,0,0,0,0,0,0,2,2,0
00-0019516,Troy Hambrick,RB,2001,15,REG,2001_15_DAL_ARI,DAL,ARI,0,0,0,0,0,0,0,4,27,0
00-0019553,Spergon Wynn,QB,2001,15,REG,2001_15_JAX_MIN,MIN,JAX,24,39,218,0,1,4,-32,1,11,0
00-0019596,Tom Brady,QB,2001,15,REG,2001_15_MIA_NE,NE,MIA,11,19,108,1,0,3,-14,3,-5,0
00-0019609,Travis Prentice,RB,2001,15,REG,2001_15_JAX_MIN,MIN,JAX,0,0,0,0,0,0,0,1,-2,0
00-0019614,Michael Wiley,RB,2001,15,REG,2001_15_DAL_ARI,DAL,ARI,0,0,0,0,0,0,0,3,13,0
00-0019641,Thomas Jones,RB,2001,15,REG,2001_15_DAL_ARI,ARI,DAL,0,0,0,0,0,0,0,4,18,0
00-0019643,Ron Dayne,RB,2001,15,REG,2001_15_SEA_NYG,NYG,SEA,0,0,0,0,0,0,0,7,42,1
00-0019647,Shaun Alexander,RB,2001,15,REG,2001_15_SEA_NYG,SEA,NYG,0,0,0,0,0,0,0,28,96,1
00-0019721,Travis Taylor,WR,2001,15,REG,2001_15_CIN_BAL,BAL,CIN,0,0,0,0,0,0,0,1,9,0
00-0019722,J.R. Redmond,RB,2001,15,REG,2001_15_MIA_NE,NE,MIA,0,0,0,0,0,0,0,11,35,0
00-0019794,Aveion Cason,RB,2001,15,REG,2001_15_DET_PIT,DET,PIT,0,0,0,0,0,0,0,2,2,0
00-0019826,R.J. Bowers,RB,2001,15,REG,2001_15_DET_PIT,PIT,DET,0,0,0,0,0,0,0,7,17,0
00-0019863,Dominic Rhodes,RB,2001,15,REG,2001_15_NYJ_IND,IND,NYJ,0,0,0,0,0,0,0,17,126,1
00-0019889,Elvis Joseph,RB,2001,15,REG,2001_15_JAX_MIN,JAX,MIN,0,0,0,0,0,0,0,8,86,0
00-0020270,Correll Buckhalter,RB,2001,15,REG,2001_15_PHI_SF,PHI,SF,0,0,0,0,0,0,0,2,13,0
00-0020308,Mike McMahon,QB,2001,15,REG,2001_15_DET_PIT,DET,PIT,12,28,118,2,1,6,-41,2,21,0
00-0020403,Anthony Thomas,RB,2001,15,REG,2001_15_CHI_WAS,CHI,WAS,0,0,0,0,0,0,0,24,82,0
00-0020404,Quincy Carter,QB,2001,15,REG,2001_15_DAL_ARI,DAL,ARI,16,28,176,1,2,1,-7,5,12,0
00-0020434,Chris Weinke,QB,2001,15,REG,2001_15_STL_CAR,CAR,LA,24,51,312,1,0,1,-7,1,23,0
00-0020448,Travis Minor,RB,2001,15,REG,2001_15_MIA_NE,MIA,NE,0,0,0,0,0,0,0,3,7,0
00-0020462,LaMont Jordan,RB,2001,15,REG,2001_15_NYJ_IND,NYJ,IND,0,1,0,0,0,0,0,2,13,0
00-0020474,Kevan Barlow,RB,2001,15,REG,2001_15_PHI_SF,SF,PHI,0,0,0,0,0,0,0,6,25,0
00-0020490,Koren Robinson,WR,2001,15,REG,2001_15_SEA_NYG,SEA,NYG,0,0,0,0,0,0,0,1,2,0
00-0020514,Michael Bennett,RB,2001,15,REG,2001_15_JAX_MIN,MIN,JAX,0,0,0,0,0,0,0,11,17,0
00-0020536,LaDainian Tomlinson,RB,2001,15,REG,2001_15_SD_KC,LAC,KC,0,0,0,0,0,0,0,27,145,0
00-0000210,James Allen,RB,2001,16,REG,2001_16_CHI_DET,CHI,DET,0,0,0,0,0,0,0,1,11,0
00-0000232,Terry Allen,RB,2001,16,REG,2001_16_BAL_TB,BAL,TB,0,0,0,0,0,0,0,20,74,0
00-0000251,Mike Alstott,FB,2001,16,REG,2001_16_BAL_TB,TB,BAL,0,0,0,0,0,0,0,14,80,1
00-0000339,Richie Anderson,FB,2001,16,REG,2001_16_BUF_NYJ,NYJ,BUF,0,0,0,0,0,0,0,1,1,0
00-0000387,Reidel Anthony,WR,2001,16,REG,2001_16_BAL_TB,TB,BAL,0,0,0,0,0,0,0,1,-3,0
00-0000722,Tony Banks,QB,2001,16,REG,2001_16_WAS_NO,WAS,NO,9,15,94,0,1,2,-4,5,9,1
00-0000745,Tiki Barber,RB,2001,16,REG,2001_16_NYG_PHI,NYG,PHI,0,0,0,0,0,0,0,16,71,0
00-0001098,Brandon Bennett,RB,2001,16,REG,2001_16_PIT_CIN,CIN,PIT,0,0,0,0,0,0,0,6,44,0
00-0001102,Donnell Bennett,FB,2001,16,REG,2001_16_WAS_NO,WAS,NO,0,0,0,0,0,0,0,2,2,0
00-0001823,Aaron Brooks,QB,2001,16,REG,2001_16_WAS_NO,NO,WAS,14,28,127,1,3,4,-14,5,24,0
00-0002058,Tim Brown,WR,2001,16,REG,2001_16_OAK_DEN,LV,DEN,0,0,0,0,0,0,0,1,6,0
00-0002110,Mark Brunell,QB,2001,16,REG,2001_16_KC_JAX,KC,JAX,22,37,283,1,1,4,-34,3,27,1
00-0002159,Shawn Bryson,RB,2001,16,REG,2001_16_BUF_NYJ,BUF,NYJ,0,0,0,0,0,0,0,28,107,0
00-0002721,Cris Carter,WR,2001,16,REG,2001_16_MIN_GB,MIN,GB,0,0,0,0,0,0,0,1,4,0
00-0002743,Ki-Jana Carter,RB,2001,16,REG,2001_16_WAS_NO,WAS,NO,0,0,0,0,0,0,0,15,51,2
00-0002846,Larry Centers,FB,2001,16,REG,2001_16_BUF_NYJ,BUF,NYJ,0,0,0,0,0,0,0,3,12,1
00-0002876,Chris Chandler,QB,2001,16,REG,2001_16_ATL_MIA,ATL,MIA,7,11,51,0,1,1,-8,0,0,0
00-0002970,Bob Christian,FB,2001,16,REG,2001_16_ATL_MIA,ATL,MIA,0,0,0,0,0,0,0,10,33,0
00-0003292,Kerry Collins,QB,2001,16,REG,2001_16_NYG_PHI,NYG,PHI,22,39,303,1,0,2,-12,2,-1,0
00-0003400,Ernie Conwell,TE,2001,16,REG,2001_16_IND_STL,LA,IND,0,0,0,0,0,0,0,2,7,0
00-0003535,Tim Couch,QB,2001,16,REG,2001_16_CLE_TEN,CLE,TEN,20,27,336,3,1,3,-14,1,-1,0
00-0003663,Zack Crockett,RB,2001,16,REG,2001_16_OAK_DEN,LV,DEN,0,0,0,0,0,0,0,1,5,0
00-0004052,Stephen Davis,RB,2001,16,REG,2001_16_WAS_NO,WAS,NO,0,0,0,0,0,0,0,21,111,1
00-0004054,Terrell Davis,RB,2001,16,REG,2001_16_OAK_DEN,DEN,LV,0,0,0,0,0,0,0,18,89,0
00-0004230,Ty Detmer,QB,2001,16,REG,2001_16_CHI_DET,DET,CHI,31,51,303,0,2,6,-35,2,18,0
00-0004293,Trent Dilfer,QB,2001,16,REG,2001_16_SEA_SD,SEA,LAC,14,23,267,3,0,3,-21,2,2,0
00-0004304,Corey Dillon,RB,2001,16,REG,2001_16_PIT_CIN,CIN,PIT,0,0,0,0,0,0,0,21,91,0
00-0004541,Donald Driver,WR,2001,16,REG,2001_16_MIN_GB,GB,MIN,0,0,0,0,0,0,0,1,31,1
00-0004640,Warrick Dunn,RB,2001,16,REG,2001_16_BAL_TB,TB,BAL,0,0,0,0,0,0,0,13,47,0
00-0005092,Marshall Faulk,RB,2001,16,REG,2001_16_IND_STL,LA,IND,0,0,0,0,0,0,0,25,118,3
00-0005106,Brett Favre,QB,2001,16,REG,2001_16_MIN_GB,GB,MIN,18,29,169,0,0,2,-12,2,-2,0
00-0005180,Jay Fiedler,QB,2001,16,REG,2001_16_ATL_MIA,MIA,ATL,16,29,191,2,1,3,-15,4,13,0
00-0005363,Doug Flutie,QB,2001,16,REG,2001_16_SEA_SD,LAC,SEA,34,53,377,1,2,4,-31,2,14,0
00-0005620,Chris Fuamatu-Ma'afala,RB,2001,16,REG,2001_16_PIT_CIN,PIT,CIN,0,0,0,0,0,0,0,25,55,0
00-0005741,Rich Gannon,QB,2001,16,REG,2001_16_OAK_DEN,LV,DEN,35,49,313,2,2,3,-30,0,0,0
00-0005755,Jeff Garcia,QB,2001,16,REG,2001_16_SF_DAL,SF,DAL,21,36,229,2,0,0,0,1,6,1
00-0005779,Charlie Garner,RB,2001,16,REG,2001_16_OAK_DEN,LV,DEN,0,0,0,0,0,0,0,9,23,0
00-0005883,Eddie George,RB,2001,16,REG,2001_16_CLE_TEN,TEN,CLE,0,0,0,0,0,0,0,26,130,2
00-0005932,Damon Gibson,WR,2001,16,REG,2001_16_KC_JAX,KC,JAX,0,0,0,0,0,0,0,1,1,0
00-0006101,Tony Gonzalez,TE,2001,16,REG,2001_16_KC_JAX,KC,JAX,0,0,0,0,0,0,0,1,9,0
00-0006300,Elvis Grbac,QB,2001,16,REG,2001_16_BAL_TB,BAL,TB,21,37,205,1,2,5,-38,1,1,0
00-0006305,Ahman Green,RB,2001,16,REG,2001_16_MIN_GB,GB,MIN,0,0,0,0,0,0,0,16,31,1
00-0006355,Trent Green,QB,2001,16,REG,2001_16_KC_JAX,KC,JAX,26,35,294,2,2,2,-21,2,2,0
00-0006423,Brian Griese,QB,2001,16,REG,2001_16_OAK_DEN,DEN,LV,19,26,142,1,0,4,-17,2,10,1
00-0007180,Garrison Hearst,RB,2001,16,REG,2001_16_SF_DAL,SF,DAL,0,0,0,0,0,0,0,11,35,0
00-0007357,Chris Hetherington,FB,2001,16,REG,2001_16_ARI_CAR,CAR,ARI,0,0,0,0,0,0,0,1,8,0
00-0007546,James Hodgins,RB,2001,16,REG,2001_16_IND_STL,LA,IND,0,0,0,0,0,0,0,1,0,0
00-0007661,Priest Holmes,RB,2001,16,REG,2001_16_KC_JAX,KC,JAX,0,0,0,0,0,0,0,27,91,1
00-0007798,Desmond Howard,WR,2001,16,REG,2001_16_CHI_DET,DET,CHI,0,0,0,0,0,0,0,1,5,0
00-0007969,Richard Huntley,RB,2001,16,REG,2001_16_ARI_CAR,CAR,ARI,0,0,0,0,0,0,0,12,62,0
00-0008196,Terry Jackson,RB,2001,16,REG,2001_16_SF_DAL,SF,DAL,0,0,0,0,0,0,0,1,0,0
00-0008442,Brad Johnson,QB,2001,16,REG,2001_16_BAL_TB,TB,BAL,13,29,90,0,0,0,0,3,-1,1
00-0009311,Jon Kitna,QB,2001,16,REG,2001_16_PIT_CIN,CIN,PIT,35,68,411,2,1,2,-8,2,6,0
00-0009323,Jimmy Kleinsasser,TE,2001,16,REG,2001_16_MIN_GB,MIN,GB,0,0,0,0,0,0,0,2,10,0
00-0009829,Dorsey Levens,RB,2001,16,REG,2001_16_MIN_GB,GB,MIN,0,0,0,0,0,0,0,1,-4,0
00-0010240,Stacey Mack,RB,2001,16,REG,2001_16_KC_JAX,KC,JAX,0,0,0,0,0,0,0,16,125,1
00-0010346,Peyton Manning,QB,2001,16,REG,2001_16_IND_STL,IND,LA,15,28,195,0,1,2,-17,1,1,1
00-0010442,Curtis Martin,RB,2001,16,REG,2001_16_BUF_NYJ,NYJ,BUF,0,0,0,0,0,0,0,20,123,0
00-0010951,Dennis McKinley,RB,2001,16,REG,2001_16_ARI_CAR,ARI,CAR,0,0,0,0,0,0,0,1,1,0
00-0011022,Donovan McNabb,QB,2001,16,REG,2001_16_NYG_PHI,PHI,NYG,21,39,270,3,1,4,-29,7,48,0
00-0011024,Steve McNair,QB,2001,16,REG,2001_16_CLE_TEN,TEN,CLE,16,25,274,2,0,1,-10,5,34,0
00-0011276,Jim Miller,QB,2001,16,REG,2001_16_CHI_DET,CHI,DET,17,30,252,2,0,1,-9,4,-4,0
00-0011626,Brian Moorman,P,2001,16,REG,2001_16_BUF_NYJ,BUF,NYJ,0,0,0,0,0,0,0,1,0,0
00-0011718,Harold Morrow,FB,2001,16,REG,2001_16_MIN_GB,MIN,GB,0,0,0,0,0,0,0,3,24,0
00-0011754,Randy Moss,WR,2001,16,REG,2001_16_MIN_GB,MIN,GB,0,0,0,0,0,0,0,1,11,0
00-0012370,Brock Olivo,RB,2001,16,REG,2001_16_CHI_DET,DET,CHI,0,0,0,0,0,0,0,1,6,0
00-0013013,Michael Pittman,RB,2001,16,REG,2001_16_ARI_CAR,ARI,CAR,0,0,0,0,0,0,0,12,89,0
00-0013042,Jake Plummer,QB,2001,16,REG,2001_16_ARI_CAR,ARI,CAR,12,23,173,2,0,0,0,4,-1,0
00-0013232,Peerless Price,WR,2001,16,REG,2001_16_BUF_NYJ,BUF,NYJ,0,0,0,0,0,0,0,1,28,0
00-0014328,Frank Sanders,WR,2001,16,REG,2001_16_ARI_CAR,ARI,CAR,0,1,0,0,0,0,0,0,0,0
00-0014450,Cory Schlesinger,FB,2001,16,REG,2001_16_CHI_DET,DET,CHI,0,0,0,0,0,0,0,2,6,0
00-0015165,Emmitt Smith,RB,2001,16,REG,2001_16_SF_DAL,DAL,SF,0,0,0,0,0,0,0,26,126,0
00-0015242,Lamar Smith,RB,2001,16,REG,2001_16_ATL_MIA,MIA,ATL,0,0,0,0,0,0,0,7,4,0
00-0015523,Duce Staley,RB,2001,16,REG,2001_16_NYG_PHI,PHI,NYG,0,0,0,0,0,0,0,8,23,0
00-0015700,Kordell Stewart,QB,2001,16,REG,2001_16_PIT_CIN,PIT,CIN,19,35,251,3,4,2,-11,0,0,0
00-0015842,Dan Stryzinski,P,2001,16,REG,2001_16_KC_JAX,KC,JAX,0,0,0,0,0,0,0,1,-10,0
00-0016193,Vinny Testaverde,QB,2001,16,REG,2001_16_BUF_NYJ,NYJ,BUF,19,37,227,0,2,0,0,0,0,0
00-0016321,Rodney Thomas,RB,2001,16,REG,2001_16_ATL_MIA,ATL,MIA,0,0,0,0,0,0,0,7,18,0
00-0016440,James Thrash,WR,2001,16,REG,2001_16_NYG_PHI,PHI,NYG,0,0,0,0,0,0,0,1,10,0
00-0016838,Alex Van Pelt,QB,2001,16,REG,2001_16_BUF_NYJ,BUF,NYJ,16,27,185,1,0,1,-9,2,17,0
00-0017162,Hines Ward,WR,2001,16,REG,2001_16_PIT_CIN,PIT,CIN,0,0,0,0,0,0,0,1,14,0
00-0017200,Kurt Warner,QB,2001,16,REG,2001_16_IND_STL,LA,IND,23,30,359,3,1,2,0,1,-1,0
00-0017218,Lamont Warren,RB,2001,16,REG,2001_16_CHI_DET,DET,CHI,0,1,0,0,1,0,0,6,19,0
00-0017470,Michael Westbrook,WR,2001,16,REG,2001_16_WAS_NO,WAS,NO,0,0,0,0,0,0,0,1,0,0
00-0017486,Tyrone Wheatley,RB,2001,16,REG,2001_16_OAK_DEN,LV,DEN,0,0,0,0,0,0,0,5,17,0
00-0017892,Moe Williams,RB,2001,16,REG,2001_16_BAL_TB,BAL,TB,0,0,0,0,0,0,0,5,15,0
00-0017915,Ricky Williams,RB,2001,16,REG,2001_16_WAS_NO,NO,WAS,0,0,0,0,0,0,0,17,74,0
00-0018141,Jon Witman,FB,2001,16,REG,2001_16_PIT_CIN,PIT,CIN,0,0,0,0,0,0,0,1,4,0
00-0018958,Laveranues Coles,WR,2001,16,REG,2001_16_BUF_NYJ,NYJ,BUF,0,0,0,0,0,0,0,1,20,0
00-0018977,Maurice Smith,RB,2001,16,REG,2001_16_ATL_MIA,ATL,MIA,0,0,0,0,0,0,0,15,38,1
00-0019057,Jamel White,RB,2001,16,REG,2001_16_CLE_TEN,CLE,TEN,0,0,0,0,0,0,0,21,42,2
00-0019100,Brad Hoover,FB,2001,16,REG,2001_16_ARI_CAR,CAR,ARI,0,0,0,0,0,0,0,1,3,0
00-0019268,Kevin McDougal,RB,2001,16,REG,2001_16_IND_STL,IND,LA,0,0,0,0,0,0,0,1,-1,0
00-0019484,Sammy Morris,RB,2001,16,REG,2001_16_BUF_NYJ,BUF,NYJ,0,0,0,0,0,0,0,5,28,0
00-0019516,Troy Hambrick,RB,2001,16,REG,2001_16_SF_DAL,DAL,SF,0,0,0,0,0,0,0,4,6,0
00-0019553,Spergon Wynn,QB,2001,16,REG,2001_16_MIN_GB,MIN,GB,11,30,114,1,3,1,-11,5,33,0
00-0019576,Mike Green,RB,2001,16,REG,2001_16_CLE_TEN,TEN,CLE,0,1,0,0,1,0,0,4,24,1
00-0019594,Mike Anderson,RB,2001,16,REG,2001_16_OAK_DEN,DEN,LV,0,0,0,0,0,0,0,5,7,0
00-0019609,Travis Prentice,RB,2001,16,REG,2001_16_MIN_GB,MIN,GB,0,0,0,0,0,0,0,2,4,0
00-0019614,Michael Wiley,RB,2001,16,REG,2001_16_SF_DAL,DAL,SF,0,0,0,0,0,0,0,4,24,0
00-0019641,Thomas Jones,RB,2001,16,REG,2001_16_ARI_CAR,ARI,CAR,0,0,0,0,0,0,0,16,69,0
00-0019643,Ron Dayne,RB,2001,16,REG,2001_16_NYG_PHI,NYG,PHI,0,0,0,0,0,0,0,8,59,1
00-0019647,Shaun Alexander,RB,2001,16,REG,2001_16_SEA_SD,SEA,LAC,0,0,0,0,0,0,0,23,59,0
00-0019712,Doug Chapman,RB,2001,16,REG,2001_16_MIN_GB,MIN,GB,0,0,0,0,0,0,0,5,9,0
00-0019794,Aveion Cason,RB,2001,16,REG,2001_16_CHI_DET,DET,CHI,0,0,0,0,0,0,0,2,10,0
00-0019831,Nick Goings,RB,2001,16,REG,2001_16_ARI_CAR,CAR,ARI,0,0,0,0,0,0,0,1,3,0
00-0019863,Dominic Rhodes,RB,2001,16,REG,2001_16_IND_STL,IND,LA,0,0,0,0,0,0,0,20,83,1
00-0019889,Elvis Joseph,RB,2001,16,REG,2001_16_KC_JAX,KC,JAX,0,0,0,0,0,0,0,6,29,0
00-0020245,Mike Vick,QB,2001,16,REG,2001_16_ATL_MIA,ATL,MIA,11,20,214,1,2,3,-21,5,63,0
00-0020270,Correll Buckhalter,RB,2001,16,REG,2001_16_NYG_PHI,PHI,NYG,0,0,0,0,0,0,0,7,39,0
00-0020403,Anthony Thomas,RB,2001,16,REG,2001_16_CHI_DET,CHI,DET,0,0,0,0,0,0,0,25,76,0
00-0020404,Quincy Carter,QB,2001,16,REG,2001_16_SF_DAL,DAL,SF,15,25,241,2,0,1,-7,10,30,1
00-0020417,Benjamin Gay,RB,2001,16,REG,2001_16_CLE_TEN,CLE,TEN,0,0,0,0,0,0,0,7,46,0
00-0020434,Chris Weinke,QB,2001,16,REG,2001_16_ARI_CAR,CAR,ARI,36,63,223,1,1,0,0,5,19,0
00-0020448,Travis Minor,RB,2001,16,REG,2001_16_ATL_MIA,MIA,ATL,0,0,0,0,0,0,0,9,33,0
00-0020462,LaMont Jordan,RB,2001,16,REG,2001_16_BUF_NYJ,NYJ,BUF,0,0,0,0,0,0,0,1,4,0
00-0020474,Kevan Barlow,RB,2001,16,REG,2001_16_SF_DAL,SF,DAL,0,0,0,0,0,0,0,5,15,0
00-0020514,Michael Bennett,RB,2001,16,REG,2001_16_MIN_GB,MIN,GB,0,0,0,0,0,0,0,25,104,0
00-0020527,Deuce McAllister,RB,2001,16,REG,2001_16_WAS_NO,NO,WAS,0,0,0,0,0,0,0,1,2,0
00-0020536,LaDainian Tomlinson,RB,2001,16,REG,2001_16_SEA_SD,LAC,SEA,0,0,0,0,0,0,0,14,38,0
,,,2001,16,REG,2001_16_BAL_TB,BAL,TB,0,0,0,0,0,0,0,1,0,0
00-0000007,Rabih Abdullah,RB,2001,17,REG,2001_17_PHI_TB,TB,PHI,0,0,0,0,0,0,0,8,34,0
00-0000232,Terry Allen,RB,2001,17,REG,2001_17_MIN_BAL,BAL,MIN,0,0,0,0,0,0,0,23,133,0
00-0000251,Mike Alstott,FB,2001,17,REG,2001_17_PHI_TB,TB,PHI,0,0,0,0,0,0,0,3,11,0
00-0000339,Richie Anderson,FB,2001,17,REG,2001_17_NYJ_OAK,NYJ,LV,0,0,0,0,0,0,0,2,-1,0
00-0000552,Obafemi Ayanbadejo,RB,2001,17,REG,2001_17_MIN_BAL,BAL,MIN,0,0,0,0,0,0,0,1,8,0
00-0000722,Tony Banks,QB,2001,17,REG,2001_17_ARI_WAS,WAS,ARI,13,25,154,1,1,0,0,5,8,0
00-0000745,Tiki Barber,RB,2001,17,REG,2001_17_GB_NYG,NYG,GB,0,0,0,0,0,0,0,9,65,1
00-0001098,Brandon Bennett,RB,2001,17,REG,2001_17_CIN_TEN,CIN,TEN,0,0,0,0,0,0,0,3,13,0
00-0001335,Jeff Blake,QB,2001,17,REG,2001_17_SF_NO,NO,SF,0,1,0,0,0,0,0,1,-1,0
00-0001477,Marty Booker,WR,2001,17,REG,2001_17_JAX_CHI,CHI,JAX,0,1,0,0,0,0,0,0,0,0
00-0001823,Aaron Brooks,QB,2001,17,REG,2001_17_SF_NO,NO,SF,21,33,119,0,4,3,-33,4,6,0
00-0002068,Troy Brown,WR,2001,17,REG,2001_17_NE_CAR,NE,CAR,0,0,0,0,0,0,0,1,4,0
00-0002110,Mark Brunell,QB,2001,17,REG,2001_17_JAX_CHI,JAX,CHI,19,36,189,2,3,4,-43,1,6,0
00-0002159,Shawn Bryson,RB,2001,17,REG,2001_17_BUF_MIA,BUF,MIA,0,0,0,0,0,0,0,12,16,0
00-0002743,Ki-Jana Carter,RB,2001,17,REG,2001_17_ARI_WAS,WAS,ARI,0,0,0,0,0,0,0,3,24,0
00-0002846,Larry Centers,FB,2001,17,REG,2001_17_BUF_MIA,BUF,MIA,0,0,0,0,0,0,0,2,4,0
00-0003292,Kerry Collins,QB,2001,17,REG,2001_17_GB_NYG,NYG,GB,36,59,386,1,2,1,-8,2,0,0
00-0003535,Tim Couch,QB,2001,17,REG,2001_17_CLE_PIT,CLE,PIT,13,26,150,0,2,4,-45,1,-1,0
00-0003663,Zack Crockett,RB,2001,17,REG,2001_17_NYJ_OAK,LV,NYJ,0,0,0,0,0,0,0,1,1,0
00-0004052,Stephen Davis,RB,2001,17,REG,2001_17_ARI_WAS,WAS,ARI,0,0,0,0,0,0,0,38,148,1
00-0004054,Terrell Davis,RB,2001,17,REG,2001_17_DEN_IND,DEN,IND,0,0,0,0,0,0,0,18,82,0
00-0004229,Koy Detmer,QB,2001,17,REG,2001_17_PHI_TB,PHI,TB,5,14,51,0,1,1,-9,2,13,0
00-0004230,Ty Detmer,QB,2001,17,REG,2001_17_DAL_DET,DET,DAL,24,40,242,2,0,0,0,4,4,0
00-0004293,Trent Dilfer,QB,2001,17,REG,2001_17_KC_SEA,SEA,KC,22,38,248,2,2,1,-9,3,0,0
00-0004304,Corey Dillon,RB,2001,17,REG,2001_17_CIN_TEN,CIN,TEN,0,1,0,0,1,0,0,22,87,2
00-0004768,Marc Edwards,FB,2001,17,REG,2001_17_NE_CAR,NE,CAR,0,0,0,0,0,0,0,3,3,0
00-0005091,Kevin Faulk,RB,2001,17,REG,2001_17_NE_CAR,NE,CAR,0,0,0,0,0,0,0,2,-3,0
00-0005092,Marshall Faulk,RB,2001,17,REG,2001_17_ATL_STL,LA,ATL,0,0,0,0,0,0,0,20,168,1
00-0005106,Brett Favre,QB,2001,17,REG,2001_17_GB_NYG,GB,NYG,15,30,315,2,0,1,-7,3,4,0
00-0005113,Jeff Feagles,P,2001,17,REG,2001_17_KC_SEA,SEA,KC,0,1,0,0,0,0,0,0,0,0
00-0005180,Jay Fiedler,QB,2001,17,REG,2001_17_BUF_MIA,MIA,BUF,9,16,110,1,0,3,-23,7,24,1
00-0005620,Chris Fuamatu-Ma'afala,RB,2001,17,REG,2001_17_CLE_PIT,PIT,CLE,0,0,0,0,0,0,0,17,98,1
00-0005741,Rich Gannon,QB,2001,17,REG,2001_17_NYJ_OAK,LV,NYJ,23,38,224,1,0,1,-6,1,4,0
00-0005755,Jeff Garcia,QB,2001,17,REG,2001_17_SF_NO,SF,NO,14,21,263,4,0,2,-15,3,3,0
00-0005779,Charlie Garner,RB,2001,17,REG,2001_17_NYJ_OAK,LV,NYJ,0,0,0,0,0,0,0,19,84,0
00-0005883,Eddie George,RB,2001,17,REG,2001_17_CIN_TEN,TEN,CIN,0,0,0,0,0,0,0,21,50,0
00-0006208,Jay Graham,RB,2001,17,REG,2001_17_KC_SEA,SEA,KC,0,0,0,0,0,0,0,8,18,0
00-0006212,Kent Graham,QB,2001,17,REG,2001_17_ARI_WAS,WAS,ARI,1,1,8,0,0,0,0,3,-2,0
00-0006300,Elvis Grbac,QB,2001,17,REG,2001_17_MIN_BAL,BAL,MIN,10,27,160,0,0,2,-21,0,0,0
00-0006305,Ahman Green,RB,2001,17,REG,2001_17_GB_NYG,GB,NYG,0,0,0,0,0,0,0,23,101,2
00-0006355,Trent Green,QB,2001,17,REG,2001_17_KC_SEA,KC,SEA,15,33,184,1,1,3,-2,3,8,0
00-0006423,Brian Griese,QB,2001,17,REG,2001_17_DEN_IND,DEN,IND,16,32,151,1,4,5,-47,2,13,0
00-0006627,Az-Zahir Hakim,WR,2001,17,REG,2001_17_ATL_STL,LA,ATL,0,0,0,0,0,0,0,2,5,0
00-0007180,Garrison Hearst,RB,2001,17,REG,2001_17_SF_NO,SF,NO,0,0,0,0,0,0,0,15,57,0
00-0007661,Priest Holmes,RB,2001,17,REG,2001_17_KC_SEA,KC,SEA,0,0,0,0,0,0,0,23,117,0
00-0007681,Torry Holt,WR,2001,17,REG,2001_17_ATL_STL,LA,ATL,0,0,0,0,0,0,0,1,2,0
00-0007969,Richard Huntley,RB,2001,17,REG,2001_17_NE_CAR,CAR,NE,0,0,0,0,0,1,0,21,168,0
00-0008196,Terry Jackson,RB,2001,17,REG,2001_17_SF_NO,SF,NO,0,0,0,0,0,0,0,4,18,1
00-0008442,Brad Johnson,QB,2001,17,REG,2001_17_PHI_TB,TB,PHI,3,4,46,0,0,0,0,0,0,0
00-0008568,Leon Johnson,RB,2001,17,REG,2001_17_JAX_CHI,CHI,JAX,0,0,0,0,0,0,0,6,10,1
00-0009266,Shaun King,QB,2001,17,REG,2001_17_PHI_TB,TB,PHI,19,28,148,0,1,3,-29,2,-9,0
00-0009288,Terry Kirby,RB,2001,17,REG,2001_17_NYJ_OAK,LV,NYJ,0,0,0,0,0,0,0,1,2,0
00-0009311,Jon Kitna,QB,2001,17,REG,2001_17_CIN_TEN,CIN,TEN,28,47,340,0,1,1,-4,2,0,0
00-0009869,Jermaine Lewis,WR,2001,17,REG,2001_17_MIN_BAL,BAL,MIN,0,0,0,0,0,0,0,2,8,0
00-0010137,Ray Lucas,QB,2001,17,REG,2001_17_BUF_MIA,MIA,BUF,0,0,0,0,0,0,0,2,1,0
00-0010240,Stacey Mack,RB,2001,17,REG,2001_17_JAX_CHI,JAX,CHI,0,0,0,0,0,0,0,11,66,0
00-0010261,Tommy Maddox,QB,2001,17,REG,2001_17_CLE_PIT,PIT,CLE,6,8,97,1,1,1,-4,1,8,0
00-0010346,Peyton Manning,QB,2001,17,REG,2001_17_DEN_IND,IND,DEN,16,30,191,2,1,1,-7,2,2,0
00-0010436,Cecil Martin,RB,2001,17,REG,2001_17_PHI_TB,PHI,TB,0,0,0,0,0,0,0,1,3,0
00-0010442,Curtis Martin,RB,2001,17,REG,2001_17_NYJ_OAK,NYJ,LV,0,0,0,0,0,0,0,16,50,0
00-0010632,Fred McAfee,RB,2001,17,REG,2001_17_SF_NO,NO,SF,0,0,0,0,0,0,0,1,2,0
00-0011024,Steve McNair,QB,2001,17,REG,2001_17_CIN_TEN,TEN,CIN,11,18,173,1,0,2,-24,2,7,1
00-0011276,Jim Miller,QB,2001,17,REG,2001_17_JAX_CHI,CHI,JAX,19,28,159,1,0,1,-6,1,-1,0
00-0011718,Harold Morrow,FB,2001,17,REG,2001_17_MIN_BAL,MIN,BAL,0,0,0,0,0,0,0,5,17,0
00-0011727,Johnnie Morton,WR,2001,17,REG,2001_17_DAL_DET,DET,DAL,0,0,0,0,0,0,0,1,6,0
00-0011754,Randy Moss,WR,2001,17,REG,2001_17_MIN_BAL,MIN,BAL,1,1,29,0,0,0,0,0,0,0
00-0012261,Neil O'Donnell,QB,2001,17,REG,2001_17_CIN_TEN,TEN,CIN,7,14,134,1,0,1,-11,0,0,0
00-0013013,Michael Pittman,RB,2001,17,REG,2001_17_ARI_WAS,ARI,WAS,0,0,0,0,0,0,0,8,19,0
00-0013042,Jake Plummer,QB,2001,17,REG,2001_17_ARI_WAS,ARI,WAS,11,25,154,0,1,2,-12,2,0,0
00-0013268,Ricky Proehl,WR,2001,17,REG,2001_17_ATL_STL,LA,ATL,0,0,0,0,0,0,0,1,5,0
00-0013682,Kyle Richardson,P,2001,17,REG,2001_17_MIN_BAL,BAL,MIN,0,0,0,0,0,0,0,1,0,0
00-0013694,Tony Richardson,FB,2001,17,REG,2001_17_KC_SEA,KC,SEA,0,0,0,0,0,0,0,2,1,1
00-0014450,Cory Schlesinger,FB,2001,17,REG,2001_17_DAL_DET,DET,DAL,0,0,0,0,0,0,0,5,26,0
00-0015091,Antowain Smith,RB,2001,17,REG,2001_17_NE_CAR,NE,CAR,0,0,0,0,0,0,0,21,81,1
00-0015165,Emmitt Smith,RB,2001,17,REG,2001_17_DAL_DET,DAL,DET,0,0,0,0,0,0,0,18,77,1
00-0015242,Lamar Smith,RB,2001,17,REG,2001_17_BUF_MIA,MIA,BUF,0,0,0,0,0,0,0,30,158,1
00-0015601,Aaron Stecker,RB,2001,17,REG,2001_17_PHI_TB,TB,PHI,0,0,0,0,0,0,0,12,35,1
00-0015698,James Stewart,RB,2001,17,REG,2001_17_DAL_DET,DET,DAL,0,0,0,0,0,0,0,13,69,0
00-0015700,Kordell Stewart,QB,2001,17,REG,2001_17_CLE_PIT,PIT,CLE,8,16,72,0,2,1,-10,4,38,0
00-0015830,Mack Strong,FB,2001,17,REG,2001_17_KC_SEA,SEA,KC,0,0,0,0,0,0,0,2,5,0
00-0016193,Vinny Testaverde,QB,2001,17,REG,2001_17_NYJ_OAK,NYJ,LV,18,29,230,1,2,3,-22,3,-1,0
00-0016321,Rodney Thomas,RB,2001,17,REG,2001_17_ATL_STL,ATL,LA,0,0,0,0,0,0,0,5,24,0
00-0016838,Alex Van Pelt,QB,2001,17,REG,2001_17_BUF_MIA,BUF,MIA,3,7,19,0,1,1,-7,0,0,0
00-0017160,Dedric Ward,WR,2001,17,REG,2001_17_BUF_MIA,MIA,BUF,0,0,0,0,0,0,0,1,16,0
00-0017200,Kurt Warner,QB,2001,17,REG,2001_17_ATL_STL,LA,ATL,25,30,280,3,3,2,-14,2,7,0
00-0017486,Tyrone Wheatley,RB,2001,17,REG,2001_17_NYJ_OAK,LV,NYJ,0,0,0,0,0,0,0,8,28,1
00-0017892,Moe Williams,RB,2001,17,REG,2001_17_MIN_BAL,BAL,MIN,0,0,0,0,0,0,0,7,49,0
00-0017915,Ricky Williams,RB,2001,17,REG,2001_17_SF_NO,NO,SF,0,0,0,0,0,0,0,11,33,0
00-0018141,Jon Witman,FB,2001,17,REG,2001_17_CLE_PIT,PIT,CLE,0,0,0,0,0,0,0,1,1,0
00-0018977,Maurice Smith,RB,2001,17,REG,2001_17_ATL_STL,ATL,LA,0,0,0,0,0,0,0,8,14,0
00-0019057,Jamel White,RB,2001,17,REG,2001_17_CLE_PIT,CLE,PIT,0,0,0,0,0,0,0,11,30,1
00-0019135,Dan Kreider,FB,2001,17,REG,2001_17_CLE_PIT,PIT,CLE,0,0,0,0,0,0,0,1,1,0
00-0019192,Travis Brown,QB,2001,17,REG,2001_17_BUF_MIA,BUF,MIA,15,33,201,1,2,1,-2,1,10,0
00-0019268,Kevin McDougal,RB,2001,17,REG,2001_17_DEN_IND,IND,DEN,0,0,0,0,0,0,0,2,8,0
00-0019423,Jason Brookins,RB,2001,17,REG,2001_17_MIN_BAL,BAL,MIN,0,0,0,0,0,0,0,7,15,0
00-0019453,Rod Smart,RB,2001,17,REG,2001_17_PHI_TB,PHI,TB,0,0,0,0,0,0,0,2,6,0
00-0019484,Sammy Morris,RB,2001,17,REG,2001_17_BUF_MIA,BUF,MIA,0,0,0,0,0,0,0,2,9,0
00-0019516,Troy Hambrick,RB,2001,17,REG,2001_17_DAL_DET,DAL,DET,0,0,0,0,0,0,0,2,9,0
00-0019553,Spergon Wynn,QB,2001,17,REG,2001_17_MIN_BAL,MIN,BAL,13,29,86,0,2,5,-22,2,17,0
00-0019594,Mike Anderson,RB,2001,17,REG,2001_17_DEN_IND,DEN,IND,0,0,0,0,0,0,0,5,20,0
00-0019596,Tom Brady,QB,2001,17,REG,2001_17_NE_CAR,NE,CAR,17,29,198,1,2,1,-2,1,2,0
00-0019614,Michael Wiley,RB,2001,17,REG,2001_17_DAL_DET,DAL,DET,0,0,0,0,0,0,0,3,5,0
00-0019623,Tim Rattay,QB,2001,17,REG,2001_17_SF_NO,SF,NO,2,2,21,0,0,0,0,3,-3,0
00-0019633,Tee Martin,QB,2001,17,REG,2001_17_CLE_PIT,PIT,CLE,0,0,0,0,0,0,0,1,8,0
00-0019641,Thomas Jones,RB,2001,17,REG,2001_17_ARI_WAS,ARI,WAS,0,0,0,0,0,0,0,7,26,1
00-0019643,Ron Dayne,RB,2001,17,REG,2001_17_GB_NYG,NYG,GB,0,0,0,0,0,0,0,10,81,1
00-0019647,Shaun Alexander,RB,2001,17,REG,2001_17_KC_SEA,SEA,KC,0,0,0,0,0,0,0,20,127,1
00-0019649,Trung Canidate,RB,2001,17,REG,2001_17_ATL_STL,LA,ATL,0,0,0,0,0,0,0,3,5,0
00-0019712,Doug Chapman,RB,2001,17,REG,2001_17_MIN_BAL,MIN,BAL,0,0,0,0,0,0,0,1,0,0
00-0019721,Travis Taylor,WR,2001,17,REG,2001_17_MIN_BAL,BAL,MIN,0,0,0,0,0,0,0,1,-1,0
00-0019722,J.R. Redmond,RB,2001,17,REG,2001_17_NE_CAR,NE,CAR,0,0,0,0,0,0,0,8,15,0
00-0019794,Aveion Cason,RB,2001,17,REG,2001_17_DAL_DET,DET,DAL,0,0,0,0,0,0,0,5,19,0
00-0019826,R.J. Bowers,RB,2001,17,REG,2001_17_CLE_PIT,PIT,CLE,0,0,0,0,0,0,0,11,67,1
00-0019831,Nick Goings,RB,2001,17,REG,2001_17_NE_CAR,CAR,NE,0,0,0,0,0,0,0,4,25,0
00-0019863,Dominic Rhodes,RB,2001,17,REG,2001_17_DEN_IND,IND,DEN,0,0,0,0,0,0,0,31,141,0
00-0019889,Elvis Joseph,RB,2001,17,REG,2001_17_JAX_CHI,JAX,CHI,0,0,0,0,0,0,0,4,19,0
00-0020245,Mike Vick,QB,2001,17,REG,2001_17_ATL_STL,ATL,LA,12,30,176,0,1,5,-17,6,47,0
00-0020270,Correll Buckhalter,RB,2001,17,REG,2001_17_PHI_TB,PHI,TB,0,0,0,0,0,0,0,20,89,0
00-0020305,A.J. Feeley,QB,2001,17,REG,2001_17_PHI_TB,PHI,TB,10,14,143,2,1,0,0,0,0,0
00-0020340,Quentin McCord,WR,2001,17,REG,2001_17_ATL_STL,ATL,LA,0,0,0,0,0,0,0,2,11,0
00-0020403,Anthony Thomas,RB,2001,17,REG,2001_17_JAX_CHI,CHI,JAX,0,0,0,0,0,0,0,33,160,1
00-0020404,Quincy Carter,QB,2001,17,REG,2001_17_DAL_DET,DAL,DET,11,26,158,0,1,0,0,4,15,0
00-0020417,Benjamin Gay,RB,2001,17,REG,2001_17_CLE_PIT,CLE,PIT,0,0,0,0,0,0,0,6,16,0
00-0020427,Quincy Morgan,WR,2001,17,REG,2001_17_CLE_PIT,CLE,PIT,0,0,0,0,0,0,0,1,23,0
00-0020434,Chris Weinke,QB,2001,17,REG,2001_17_NE_CAR,CAR,NE,15,36,144,0,3,2,-15,1,0,0
00-0020448,Travis Minor,RB,2001,17,REG,2001_17_BUF_MIA,MIA,BUF,0,0,0,0,0,0,0,3,3,0
00-0020462,LaMont Jordan,RB,2001,17,REG,2001_17_NYJ_OAK,NYJ,LV,0,0,0,0,0,0,0,1,46,1
00-0020474,Kevan Barlow,RB,2001,17,REG,2001_17_SF_NO,SF,NO,0,0,0,0,0,0,0,16,63,0
00-0020514,Michael Bennett,RB,2001,17,REG,2001_17_MIN_BAL,MIN,BAL,0,0,0,0,0,0,0,13,52,0
00-0000232,Terry Allen,RB,2001,18,POST,2001_18_BAL_MIA,BAL,MIA,0,0,0,0,0,0,0,25,109,1
00-0000251,Mike Alstott,FB,2001,18,POST,2001_18_TB_PHI,TB,PHI,0,0,0,0,0,0,0,12,32,0
00-0000552,Obafemi Ayanbadejo,RB,2001,18,POST,2001_18_BAL_MIA,BAL,MIA,0,0,0,0,0,0,0,2,8,0
00-0002058,Tim Brown,WR,2001,18,POST,2001_18_NYJ_OAK,LV,NYJ,0,0,0,0,0,0,0,1,6,0
00-0003663,Zack Crockett,RB,2001,18,POST,2001_18_NYJ_OAK,LV,NYJ,0,0,0,0,0,0,0,2,5,1
00-0004541,Donald Driver,WR,2001,18,POST,2001_18_SF_GB,GB,SF,0,0,0,0,0,0,0,1,9,0
00-0004640,Warrick Dunn,RB,2001,18,POST,2001_18_TB_PHI,TB,PHI,0,0,0,0,0,0,0,11,29,0
00-0005106,Brett Favre,QB,2001,18,POST,2001_18_SF_GB,GB,SF,22,29,269,2,1,1,-7,4,3,0
00-0005180,Jay Fiedler,QB,2001,18,POST,2001_18_BAL_MIA,MIA,BAL,15,28,122,0,1,3,-17,3,16,0
00-0005741,Rich Gannon,QB,2001,18,POST,2001_18_NYJ_OAK,LV,NYJ,23,29,294,2,0,1,-7,1,9,0
00-0005755,Jeff Garcia,QB,2001,18,POST,2001_18_SF_GB,SF,GB,22,32,233,1,1,2,-14,2,3,0
00-0005779,Charlie Garner,RB,2001,18,POST,2001_18_NYJ_OAK,LV,NYJ,0,0,0,0,0,0,0,15,158,1
00-0006300,Elvis Grbac,QB,2001,18,POST,2001_18_BAL_MIA,BAL,MIA,12,18,133,1,0,1,-12,2,3,0
00-0006305,Ahman Green,RB,2001,18,POST,2001_18_SF_GB,GB,SF,0,0,0,0,0,0,0,21,86,1
00-0007180,Garrison Hearst,RB,2001,18,POST,2001_18_SF_GB,SF,GB,0,0,0,0,0,0,0,13,42,1
00-0007254,William Henderson,FB,2001,18,POST,2001_18_SF_GB,GB,SF,0,0,0,0,0,0,0,1,7,0
00-0008442,Brad Johnson,QB,2001,18,POST,2001_18_TB_PHI,TB,PHI,22,36,202,0,4,1,-7,1,2,0
00-0009288,Terry Kirby,RB,2001,18,POST,2001_18_NYJ_OAK,LV,NYJ,0,0,0,0,0,0,0,1,0,0
00-0009829,Dorsey Levens,RB,2001,18,POST,2001_18_SF_GB,GB,SF,0,0,0,0,0,0,0,1,1,0
00-0009869,Jermaine Lewis,WR,2001,18,POST,2001_18_BAL_MIA,BAL,MIA,0,0,0,0,0,0,0,2,4,0
00-0010137,Ray Lucas,QB,2001,18,POST,2001_18_BAL_MIA,MIA,BAL,0,0,0,0,0,0,0,1,10,0
00-0010442,Curtis Martin,RB,2001,18,POST,2001_18_NYJ_OAK,NYJ,LV,0,0,0,0,0,0,0,16,106,0
00-0011022,Donovan McNabb,QB,2001,18,POST,2001_18_TB_PHI,PHI,TB,16,25,194,2,1,3,-8,4,57,0
00-0015242,Lamar Smith,RB,2001,18,POST,2001_18_BAL_MIA,MIA,BAL,0,0,0,0,0,0,0,6,6,0
00-0015523,Duce Staley,RB,2001,18,POST,2001_18_TB_PHI,PHI,TB,0,0,0,0,0,0,0,15,34,0
00-0015811,Tai Streets,WR,2001,18,POST,2001_18_SF_GB,SF,GB,0,0,0,0,0,0,0,1,9,0
00-0016193,Vinny Testaverde,QB,2001,18,POST,2001_18_NYJ_OAK,NYJ,LV,26,40,268,3,0,1,-3,1,1,0
00-0016440,James Thrash,WR,2001,18,POST,2001_18_TB_PHI,PHI,TB,0,0,0,0,0,0,0,1,2,0
00-0017486,Tyrone Wheatley,RB,2001,18,POST,2001_18_NYJ_OAK,LV,NYJ,0,0,0,0,0,0,0,11,37,0
00-0017892,Moe Williams,RB,2001,18,POST,2001_18_BAL_MIA,BAL,MIA,0,0,0,0,0,0,0,6,24,0
00-0018958,Laveranues Coles,WR,2001,18,POST,2001_18_NYJ_OAK,NYJ,LV,0,0,0,0,0,0,0,1,7,0
00-0019423,Jason Brookins,RB,2001,18,POST,2001_18_BAL_MIA,BAL,MIA,0,0,0,0,0,0,0,10,65,0
00-0019709,Chris Redman,QB,2001,18,POST,2001_18_BAL_MIA,BAL,MIA,0,0,0,0,0,0,0,2,-2,0
00-0019721,Travis Taylor,WR,2001,18,POST,2001_18_BAL_MIA,BAL,MIA,0,0,0,0,0,0,0,1,15,0
00-0020270,Correll Buckhalter,RB,2001,18,POST,2001_18_TB_PHI,PHI,TB,0,0,0,0,0,0,0,9,55,1
00-0020448,Travis Minor,RB,2001,18,POST,2001_18_BAL_MIA,MIA,BAL,0,0,0,0,0,0,0,5,14,0
00-0020462,LaMont Jordan,RB,2001,18,POST,2001_18_NYJ_OAK,NYJ,LV,0,0,0,0,0,0,0,5,31,0
00-0020474,Kevan Barlow,RB,2001,18,POST,2001_18_SF_GB,SF,GB,0,0,0,0,0,0,0,5,17,0
00-0000210,James Allen,RB,2001,19,POST,2001_19_PHI_CHI,CHI,PHI,0,0,0,0,0,0,0,2,7,0
00-0000232,Terry Allen,RB,2001,19,POST,2001_19_BAL_PIT,BAL,PIT,0,0,0,0,0,0,0,4,11,0
00-0002068,Troy Brown,WR,2001,19,POST,2001_19_OAK_NE,NE,LV,0,0,0,0,0,0,0,1,-9,0
00-0003400,Ernie Conwell,TE,2001,19,POST,2001_19_GB_STL,LA,GB,0,0,0,0,0,0,0,1,0,0
00-0003663,Zack Crockett,RB,2001,19,POST,2001_19_OAK_NE,LV,NE,0,0,0,0,0,0,0,3,3,0
00-0004541,Donald Driver,WR,2001,19,POST,2001_19_GB_STL,GB,LA,0,0,0,0,0,0,0,1,16,0
00-0004780,Troy Edwards,WR,2001,19,POST,2001_19_BAL_PIT,PIT,BAL,0,0,0,0,0,0,0,1,23,0
00-0005091,Kevin Faulk,RB,2001,19,POST,2001_19_OAK_NE,NE,LV,0,0,0,0,0,0,0,1,-1,0
00-0005092,Marshall Faulk,RB,2001,19,POST,2001_19_GB_STL,LA,GB,0,0,0,0,0,0,0,16,82,1
00-0005106,Brett Favre,QB,2001,19,POST,2001_19_GB_STL,GB,LA,26,44,281,2,6,2,-16,3,3,0
00-0005620,Chris Fuamatu-Ma'afala,RB,2001,19,POST,2001_19_BAL_PIT,PIT,BAL,0,0,0,0,0,0,0,12,30,0
00-0005741,Rich Gannon,QB,2001,19,POST,2001_19_OAK_NE,LV,NE,17,31,159,1,0,1,-6,5,2,0
00-0005779,Charlie Garner,RB,2001,19,POST,2001_19_OAK_NE,LV,NE,0,0,0,0,0,0,0,17,64,0
00-0006300,Elvis Grbac,QB,2001,19,POST,2001_19_BAL_PIT,BAL,PIT,18,37,153,0,3,3,-25,0,0,0
00-0006305,Ahman Green,RB,2001,19,POST,2001_19_GB_STL,GB,LA,0,0,0,0,0,0,0,16,94,0
00-0006627,Az-Zahir Hakim,WR,2001,19,POST,2001_19_GB_STL,LA,GB,0,0,0,0,0,0,0,1,9,0
00-0008568,Leon Johnson,RB,2001,19,POST,2001_19_PHI_CHI,CHI,PHI,0,0,0,0,0,0,0,3,7,0
00-0009288,Terry Kirby,RB,2001,19,POST,2001_19_OAK_NE,LV,NE,0,0,0,0,0,0,0,1,3,0
00-0009584,Sean Landeta,P,2001,19,POST,2001_19_PHI_CHI,PHI,CHI,0,0,0,0,0,0,0,1,-20,0
00-0009829,Dorsey Levens,RB,2001,19,POST,2001_19_GB_STL,GB,LA,0,0,0,0,0,0,0,1,6,0
00-0010560,Shane Matthews,QB,2001,19,POST,2001_19_PHI_CHI,CHI,PHI,8,17,66,0,2,1,-9,1,-1,0
00-0011022,Donovan McNabb,QB,2001,19,POST,2001_19_PHI_CHI,PHI,CHI,26,40,262,2,1,2,-13,8,37,1
00-0011276,Jim Miller,QB,2001,19,POST,2001_19_PHI_CHI,CHI,PHI,3,5,23,0,1,1,-7,0,0,0
00-0012726,Doug Pederson,QB,2001,19,POST,2001_19_GB_STL,GB,LA,0,0,0,0,0,0,0,1,-1,0
00-0013467,Jamie Reader,RB,2001,19,POST,2001_19_PHI_CHI,PHI,CHI,0,0,0,0,0,0,0,1,-1,0
00-0015091,Antowain Smith,RB,2001,19,POST,2001_19_OAK_NE,NE,LV,0,0,0,0,0,0,0,20,65,0
00-0015523,Duce Staley,RB,2001,19,POST,2001_19_PHI_CHI,PHI,CHI,0,0,0,0,0,0,0,18,66,0
00-0015700,Kordell Stewart,QB,2001,19,POST,2001_19_BAL_PIT,PIT,BAL,12,22,154,1,1,2,-11,10,30,0
00-0017162,Hines Ward,WR,2001,19,POST,2001_19_BAL_PIT,PIT,BAL,0,0,0,0,0,0,0,1,6,0
00-0017200,Kurt Warner,QB,2001,19,POST,2001_19_GB_STL,LA,GB,18,30,216,2,1,2,-15,4,0,0
00-0017486,Tyrone Wheatley,RB,2001,19,POST,2001_19_OAK_NE,LV,NE,0,0,0,0,0,0,0,4,5,0
00-0017892,Moe Williams,RB,2001,19,POST,2001_19_BAL_PIT,BAL,PIT,0,0,0,0,0,0,0,3,5,0
00-0018141,Jon Witman,FB,2001,19,POST,2001_19_BAL_PIT,PIT,BAL,0,0,0,0,0,0,0,1,2,0
00-0018501,Amos Zereoue,RB,2001,19,POST,2001_19_BAL_PIT,PIT,BAL,0,0,0,0,0,0,0,24,63,2
00-0019423,Jason Brookins,RB,2001,19,POST,2001_19_BAL_PIT,BAL,PIT,0,0,0,0,0,0,0,4,6,0
00-0019510,Ahmad Merritt,WR,2001,19,POST,2001_19_PHI_CHI,CHI,PHI,0,0,0,0,0,0,0,1,47,1
00-0019596,Tom Brady,QB,2001,19,POST,2001_19_OAK_NE,NE,LV,32,52,312,0,1,2,-15,5,16,1
00-0019660,Dez White,WR,2001,19,POST,2001_19_PHI_CHI,CHI,PHI,0,0,0,0,0,0,0,1,15,0
00-0019722,J.R. Redmond,RB,2001,19,POST,2001_19_OAK_NE,NE,LV,0,0,0,0,0,0,0,3,-3,0
00-0020270,Correll Buckhalter,RB,2001,19,POST,2001_19_PHI_CHI,PHI,CHI,0,0,0,0,0,0,0,3,5,0
00-0020403,Anthony Thomas,RB,2001,19,POST,2001_19_PHI_CHI,CHI,PHI,0,0,0,0,0,0,0,15,36,0
00-0001215,Jerome Bettis,RB,2001,20,POST,2001_20_NE_PIT,PIT,NE,0,0,0,0,0,0,0,9,8,1
00-0001361,Drew Bledsoe,QB,2001,20,POST,2001_20_NE_PIT,NE,PIT,10,21,102,1,0,2,-11,4,1,0
00-0004768,Marc Edwards,FB,2001,20,POST,2001_20_NE_PIT,NE,PIT,0,0,0,0,0,0,0,1,3,0
00-0005092,Marshall Faulk,RB,2001,20,POST,2001_20_PHI_STL,LA,PHI,0,0,0,0,0,0,0,31,159,2
00-0011022,Donovan McNabb,QB,2001,20,POST,2001_20_PHI_STL,PHI,LA,18,30,171,1,1,3,-25,4,26,1
00-0015091,Antowain Smith,RB,2001,20,POST,2001_20_NE_PIT,NE,PIT,0,0,0,0,0,0,0,15,47,0
00-0015523,Duce Staley,RB,2001,20,POST,2001_20_PHI_STL,PHI,LA,0,0,0,0,0,0,0,11,39,1
00-0015700,Kordell Stewart,QB,2001,20,POST,2001_20_NE_PIT,PIT,NE,24,42,255,0,3,3,-7,8,41,0
00-0016440,James Thrash,WR,2001,20,POST,2001_20_PHI_STL,PHI,LA,0,0,0,0,0,0,0,1,-5,0
00-0017162,Hines Ward,WR,2001,20,POST,2001_20_NE_PIT,PIT,NE,0,0,0,0,0,0,0,1,-2,0
00-0017200,Kurt Warner,QB,2001,20,POST,2001_20_PHI_STL,LA,PHI,22,33,212,1,0,1,-2,2,2,0
00-0018501,Amos Zereoue,RB,2001,20,POST,2001_20_NE_PIT,PIT,NE,0,0,0,0,0,0,0,4,11,1
00-0019596,Tom Brady,QB,2001,20,POST,2001_20_NE_PIT,NE,PIT,12,18,115,0,0,2,-14,2,3,0
00-0019722,J.R. Redmond,RB,2001,20,POST,2001_20_NE_PIT,NE,PIT,0,0,0,0,0,0,0,3,13,0
00-0020270,Correll Buckhalter,RB,2001,20,POST,2001_20_PHI_STL,PHI,LA,0,0,0,0,0,0,0,6,50,0
00-0004768,Marc Edwards,FB,2001,21,POST,2001_21_STL_NE,NE,LA,0,0,0,0,0,0,0,2,5,0
00-0005091,Kevin Faulk,RB,2001,21,POST,2001_21_STL_NE,NE,LA,0,0,0,0,0,1,-4,2,15,0
00-0005092,Marshall Faulk,RB,2001,21,POST,2001_21_STL_NE,LA,NE,0,0,0,0,0,0,0,17,76,0
00-0006627,Az-Zahir Hakim,WR,2001,21,POST,2001_21_STL_NE,LA,NE,0,0,0,0,0,0,0,1,5,0
00-0007546,James Hodgins,RB,2001,21,POST,2001_21_STL_NE,LA,NE,0,0,0,0,0,0,0,1,3,0
00-0012642,David Patten,WR,2001,21,POST,2001_21_STL_NE,NE,LA,0,0,0,0,0,0,0,1,22,0
00-0015091,Antowain Smith,RB,2001,21,POST,2001_21_STL_NE,NE,LA,0,0,0,0,0,0,0,18,92,0
00-0017200,Kurt Warner,QB,2001,21,POST,2001_21_STL_NE,LA,NE,28,44,365,1,2,3,-28,3,6,1
00-0019596,Tom Brady,QB,2001,21,POST,2001_21_STL_NE,NE,LA,16,27,145,1,0,1,-7,1,3,0
00-0019722,J.R. Redmond,RB,2001,21,POST,2001_21_STL_NE,NE,LA,0,0,0,0,0,0,0,1,-4,0
