player_id,player_display_name,position,season,week,season_type,game_id,team,opponent_team,completions,attempts,passing_yards,passing_tds,passing_interceptions,sacks_suffered,sack_yards_lost,carries,rushing_yards,rushing_tds
00-0003292,Kerry Collins,QB,2011,1,REG,2011_01_IND_HOU,IND,HOU,16,31,197,1,0,3,-25,1,0,0
00-0007091,Matt Hasselbeck,QB,2011,1,REG,2011_01_TEN_JAX,TEN,JAX,21,34,263,2,1,2,-14,1,9,0
00-0011022,Donovan McNabb,QB,2011,1,REG,2011_01_MIN_SD,MIN,LAC,7,15,39,1,1,2,-11,3,32,0
00-0017915,Ricky Williams,RB,2011,1,REG,2011_01_PIT_BAL,BAL,PIT,0,0,0,0,0,0,0,12,63,0
00-0019596,Tom Brady,QB,2011,1,REG,2011_01_NE_MIA,NE,MIA,32,48,517,4,1,1,-1,1,3,0
00-0019641,Thomas Jones,RB,2011,1,REG,2011_01_BUF_KC,KC,BUF,0,0,0,0,0,0,0,2,3,0
00-0020245,Mike Vick,QB,2011,1,REG,2011_01_PHI_STL,PHI,LA,14,32,187,2,0,3,-20,11,97,0
00-0020305,A.J. Feeley,QB,2011,1,REG,2011_01_PHI_STL,LA,PHI,1,5,21,0,0,1,-6,0,0,0
00-0020531,Drew Brees,QB,2011,1,REG,2011_01_NO_GB,NO,GB,32,49,419,3,0,3,-23,1,3,0
00-0020536,LaDainian Tomlinson,RB,2011,1,REG,2011_01_DAL_NYJ,NYJ,DAL,0,0,0,0,0,0,0,5,16,0
00-0021182,Maurice Morris,RB,2011,1,REG,2011_01_DET_TB,DET,TB,0,0,0,0,0,0,0,2,4,0
00-0021678,Tony Romo,QB,2011,1,REG,2011_01_DAL_NYJ,DAL,NYJ,23,36,342,2,1,4,-16,3,9,0
00-0021755,Earnest Graham,RB,2011,1,REG,2011_01_DET_TB,TB,DET,0,0,0,0,0,0,0,6,13,0
00-0021999,Nate Burleson,WR,2011,1,REG,2011_01_DET_TB,DET,TB,0,0,0,0,0,0,0,1,20,0
00-0022121,Rex Grossman,QB,2011,1,REG,2011_01_NYG_WAS,WAS,NYG,21,34,305,2,0,4,-47,0,0,0
00-0022178,Willis McGahee,RB,2011,1,REG,2011_01_OAK_DEN,DEN,LV,0,0,0,0,0,0,0,4,3,0
00-0022736,Steven Jackson,RB,2011,1,REG,2011_01_PHI_STL,LA,PHI,0,0,0,0,0,0,0,2,56,1
00-0022770,Derrick Ward,RB,2011,1,REG,2011_01_IND_HOU,HOU,IND,0,0,0,0,0,0,0,11,39,1
00-0022787,Matt Schaub,QB,2011,1,REG,2011_01_IND_HOU,HOU,IND,17,24,220,1,2,1,-3,4,0,0
00-0022803,Eli Manning,QB,2011,1,REG,2011_01_NYG_WAS,NYG,WAS,18,32,268,0,1,4,-28,1,2,1
00-0022821,Michael Turner,RB,2011,1,REG,2011_01_ATL_CHI,ATL,CHI,0,0,0,0,0,0,0,10,100,0
00-0022864,Luke McCown,QB,2011,1,REG,2011_01_TEN_JAX,JAX,TEN,17,24,175,0,0,2,-15,5,10,0
00-0022897,Greg Jones,FB,2011,1,REG,2011_01_TEN_JAX,JAX,TEN,0,0,0,0,0,0,0,1,6,0
00-0022924,Ben Roethlisberger,QB,2011,1,REG,2011_01_PIT_BAL,PIT,BAL,22,41,280,1,3,4,-34,1,9,0
00-0022942,Philip Rivers,QB,2011,1,REG,2011_01_MIN_SD,LAC,MIN,33,48,335,2,2,2,-5,3,-3,0
00-0022984,Ryan Grant,RB,2011,1,REG,2011_01_NO_GB,GB,NO,0,0,0,0,0,0,0,9,40,0
00-0022999,John Kuhn,FB,2011,1,REG,2011_01_NO_GB,GB,NO,0,0,0,0,0,0,0,2,5,1
00-0023176,Josh Cribbs,WR,2011,1,REG,2011_01_CIN_CLE,CLE,CIN,0,0,0,0,0,0,0,1,-3,0
00-0023436,Alex Smith,QB,2011,1,REG,2011_01_SEA_SF,SF,SEA,15,20,124,0,0,0,0,7,22,1
00-0023437,Ronnie Brown,RB,2011,1,REG,2011_01_PHI_STL,PHI,LA,0,0,0,0,0,0,0,4,7,0
00-0023439,Cedric Benson,RB,2011,1,REG,2011_01_CIN_CLE,CIN,CLE,0,0,0,0,0,0,0,25,121,1
00-0023440,Cadillac Williams,RB,2011,1,REG,2011_01_PHI_STL,LA,PHI,0,0,0,0,0,0,0,19,91,0
00-0023459,Aaron Rodgers,QB,2011,1,REG,2011_01_NO_GB,GB,NO,27,35,312,3,0,2,-16,4,1,0
00-0023460,Jason Campbell,QB,2011,1,REG,2011_01_OAK_DEN,LV,DEN,13,22,105,1,0,1,-6,6,2,1
00-0023500,Frank Gore,RB,2011,1,REG,2011_01_SEA_SF,SF,SEA,0,0,0,0,0,0,0,22,59,0
00-0023541,Kyle Orton,QB,2011,1,REG,2011_01_OAK_DEN,DEN,LV,24,46,304,1,1,5,-32,1,13,0
00-0023545,Brandon Jacobs,RB,2011,1,REG,2011_01_NYG_WAS,NYG,WAS,0,0,0,0,0,0,0,6,29,0
00-0023564,Darren Sproles,RB,2011,1,REG,2011_01_NO_GB,NO,GB,0,0,0,0,0,0,0,2,7,0
00-0023662,Matt Cassel,QB,2011,1,REG,2011_01_BUF_KC,KC,BUF,22,36,119,1,1,2,-14,0,0,0
00-0023682,Ryan Fitzpatrick,QB,2011,1,REG,2011_01_BUF_KC,BUF,KC,17,25,208,4,0,1,-7,3,3,0
00-0024103,Montell Owens,RB,2011,1,REG,2011_01_TEN_JAX,JAX,TEN,0,0,0,0,0,0,0,3,17,0
00-0024204,Fred Jackson,RB,2011,1,REG,2011_01_BUF_KC,BUF,KC,0,0,0,0,0,0,0,20,112,0
00-0024217,Reggie Bush,RB,2011,1,REG,2011_01_NE_MIA,MIA,NE,0,0,0,0,0,0,0,11,38,0
00-0024226,Jay Cutler,QB,2011,1,REG,2011_01_ATL_CHI,CHI,ATL,22,32,312,2,1,5,-23,0,0,0
00-0024242,DeAngelo Williams,RB,2011,1,REG,2011_01_CAR_ARI,CAR,ARI,0,0,0,0,0,0,0,12,30,0
00-0024245,Joseph Addai,RB,2011,1,REG,2011_01_IND_HOU,IND,HOU,0,0,0,0,0,0,0,8,39,0
00-0024275,Maurice Jones-Drew,RB,2011,1,REG,2011_01_TEN_JAX,JAX,TEN,0,0,0,0,0,0,0,24,97,1
00-0024276,Tony Scheffler,TE,2011,1,REG,2011_01_DET_TB,DET,TB,0,0,0,0,0,0,0,1,5,0
00-0024279,Tarvaris Jackson,QB,2011,1,REG,2011_01_SEA_SF,SEA,SF,21,37,197,2,1,5,-42,4,13,0
00-0024294,Jerious Norwood,RB,2011,1,REG,2011_01_PHI_STL,LA,PHI,0,0,0,0,0,0,0,3,10,0
00-0024315,Michael Robinson,FB,2011,1,REG,2011_01_SEA_SF,SEA,SF,0,0,0,0,0,0,0,1,2,0
00-0024318,Brad Smith,WR,2011,1,REG,2011_01_BUF_KC,BUF,KC,0,1,0,0,1,0,0,3,6,0
00-0024359,Jerome Harrison,RB,2011,1,REG,2011_01_DET_TB,DET,TB,0,0,0,0,0,0,0,8,27,0
00-0024408,Bruce Gradkowski,QB,2011,1,REG,2011_01_CIN_CLE,CIN,CLE,5,12,92,1,0,1,-7,2,0,0
00-0024463,Ben Obomanu,WR,2011,1,REG,2011_01_SEA_SF,SEA,SF,0,0,0,0,0,0,0,1,13,0
00-0024813,Pierre Thomas,RB,2011,1,REG,2011_01_NO_GB,NO,GB,0,0,0,0,0,0,0,5,31,0
00-0025394,Adrian Peterson,RB,2011,1,REG,2011_01_MIN_SD,MIN,LAC,0,0,0,0,0,0,0,16,98,0
00-0025396,Ted Ginn,WR,2011,1,REG,2011_01_SEA_SF,SF,SEA,0,0,0,0,0,0,0,1,0,0
00-0025399,Marshawn Lynch,RB,2011,1,REG,2011_01_SEA_SF,SEA,SF,0,0,0,0,0,0,0,12,33,0
00-0025423,Kevin Kolb,QB,2011,1,REG,2011_01_CAR_ARI,ARI,CAR,18,27,309,2,0,2,-14,4,-1,0
00-0025439,Brian Leonard,RB,2011,1,REG,2011_01_CIN_CLE,CIN,CLE,0,0,0,0,0,0,0,2,15,0
00-0025487,Michael Bush,RB,2011,1,REG,2011_01_OAK_DEN,LV,DEN,0,0,0,0,0,0,0,9,30,0
00-0025631,Jason Snelling,FB,2011,1,REG,2011_01_ATL_CHI,ATL,CHI,0,0,0,0,0,0,0,2,10,0
00-0025637,Ahmad Bradshaw,RB,2011,1,REG,2011_01_NYG_WAS,NYG,WAS,0,0,0,0,0,0,0,13,44,1
00-0025701,Jackie Battle,RB,2011,1,REG,2011_01_BUF_KC,KC,BUF,0,0,0,0,0,0,0,2,7,0
00-0025860,BenJarvus Green-Ellis,RB,2011,1,REG,2011_01_NE_MIA,NE,MIA,0,0,0,0,0,0,0,7,34,1
00-0026019,Danny Woodhead,RB,2011,1,REG,2011_01_NE_MIA,NE,MIA,0,0,0,0,0,0,0,14,69,0
00-0026069,Mike Tolbert,FB,2011,1,REG,2011_01_MIN_SD,LAC,MIN,0,0,0,0,0,0,0,12,35,1
00-0026143,Matt Ryan,QB,2011,1,REG,2011_01_ATL_CHI,ATL,CHI,31,47,319,0,1,5,-43,0,0,0
00-0026144,Darren McFadden,RB,2011,1,REG,2011_01_OAK_DEN,LV,DEN,0,0,0,0,0,0,0,22,150,0
00-0026153,Jonathan Stewart,RB,2011,1,REG,2011_01_CAR_ARI,CAR,ARI,0,0,0,0,0,0,0,7,26,0
00-0026158,Joe Flacco,QB,2011,1,REG,2011_01_PIT_BAL,BAL,PIT,17,29,224,3,0,1,-9,0,0,0
00-0026162,Felix Jones,RB,2011,1,REG,2011_01_DAL_NYJ,DAL,NYJ,0,0,0,0,0,0,0,17,44,1
00-0026163,Rashard Mendenhall,RB,2011,1,REG,2011_01_PIT_BAL,PIT,BAL,0,0,0,0,0,0,0,12,45,0
00-0026164,Chris Johnson,RB,2011,1,REG,2011_01_TEN_JAX,TEN,JAX,0,0,0,0,0,0,0,9,24,0
00-0026184,Matt Forte,RB,2011,1,REG,2011_01_ATL_CHI,CHI,ATL,0,0,0,0,0,0,0,16,68,0
00-0026195,Ray Rice,RB,2011,1,REG,2011_01_PIT_BAL,BAL,PIT,0,0,0,0,0,0,0,19,107,1
00-0026197,Chad Henne,QB,2011,1,REG,2011_01_NE_MIA,MIA,NE,30,49,416,2,1,4,-26,7,59,1
00-0026213,Jamaal Charles,RB,2011,1,REG,2011_01_BUF_KC,KC,BUF,0,0,0,0,0,0,0,10,56,0
00-0026229,Steve Slaton,RB,2011,1,REG,2011_01_IND_HOU,HOU,IND,0,0,0,0,0,0,0,2,12,0
00-0026262,Tashard Choice,RB,2011,1,REG,2011_01_DAL_NYJ,DAL,NYJ,0,0,0,0,0,0,0,3,4,0
00-0026289,Tim Hightower,RB,2011,1,REG,2011_01_NYG_WAS,WAS,NYG,0,0,0,0,0,0,0,24,50,1
00-0026300,Josh Johnson,QB,2011,1,REG,2011_01_DET_TB,TB,DET,1,3,7,0,0,0,0,1,2,0
00-0026344,Lex Hilliard,FB,2011,1,REG,2011_01_NE_MIA,MIA,NE,0,0,0,0,0,0,0,2,1,0
00-0026367,Peyton Hillis,RB,2011,1,REG,2011_01_CIN_CLE,CLE,CIN,0,0,0,0,0,0,0,17,57,0
00-0026373,Justin Forsett,RB,2011,1,REG,2011_01_SEA_SF,SEA,SF,0,0,0,0,0,0,0,3,3,0
00-0026393,Marcel Reece,FB,2011,1,REG,2011_01_OAK_DEN,LV,DEN,0,0,0,0,0,0,0,1,11,0
00-0026491,Stefan Logan,WR,2011,1,REG,2011_01_DET_TB,DET,TB,0,0,0,0,0,0,0,1,-2,0
00-0026498,Matthew Stafford,QB,2011,1,REG,2011_01_DET_TB,DET,TB,24,33,305,3,1,0,0,1,0,0
00-0026566,Isaac Redman,RB,2011,1,REG,2011_01_PIT_BAL,PIT,BAL,0,0,0,0,0,0,0,3,12,0
00-0026579,Kahlil Bell,RB,2011,1,REG,2011_01_ATL_CHI,CHI,ATL,0,0,0,0,0,0,0,10,24,0
00-0026712,Brit Miller,FB,2011,1,REG,2011_01_PHI_STL,LA,PHI,0,0,0,0,0,0,0,1,12,0
00-0026780,Kevin Ogletree,WR,2011,1,REG,2011_01_DAL_NYJ,DAL,NYJ,0,0,0,0,0,0,0,1,7,0
00-0026898,Mark Sanchez,QB,2011,1,REG,2011_01_DAL_NYJ,NYJ,DAL,26,44,335,2,1,4,-20,1,3,0
00-0026899,Shonn Greene,RB,2011,1,REG,2011_01_DAL_NYJ,NYJ,DAL,0,0,0,0,0,0,0,10,26,0
00-0026941,Bernard Scott,RB,2011,1,REG,2011_01_CIN_CLE,CIN,CLE,0,0,0,0,0,0,0,4,3,0
00-0026956,LaRod Stephens-Howling,RB,2011,1,REG,2011_01_CAR_ARI,ARI,CAR,0,0,0,0,0,0,0,3,10,0
00-0026988,Knowshon Moreno,RB,2011,1,REG,2011_01_OAK_DEN,DEN,LV,0,0,0,0,0,0,0,8,22,0
00-0026993,Josh Freeman,QB,2011,1,REG,2011_01_DET_TB,TB,DET,28,43,259,1,1,2,-7,4,26,0
00-0026998,Percy Harvin,WR,2011,1,REG,2011_01_MIN_SD,MIN,LAC,0,0,0,0,0,0,0,4,15,0
00-0027007,Chris Wells,RB,2011,1,REG,2011_01_CAR_ARI,ARI,CAR,0,0,0,0,0,0,0,18,90,1
00-0027029,LeSean McCoy,RB,2011,1,REG,2011_01_PHI_STL,PHI,LA,0,0,0,0,0,0,0,15,122,1
00-0027325,LeGarrette Blount,RB,2011,1,REG,2011_01_DET_TB,TB,DET,0,0,0,0,0,0,0,5,15,0
00-0027651,Dexter McCluster,WR,2011,1,REG,2011_01_BUF_KC,KC,BUF,0,0,0,0,0,0,0,4,42,0
00-0027666,Montario Hardesty,RB,2011,1,REG,2011_01_CIN_CLE,CLE,CIN,0,0,0,0,0,0,0,5,18,0
00-0027688,Colt McCoy,QB,2011,1,REG,2011_01_CIN_CLE,CLE,CIN,19,40,213,2,1,2,-11,3,11,0
00-0027709,Jacoby Ford,WR,2011,1,REG,2011_01_OAK_DEN,LV,DEN,0,0,0,0,0,0,0,1,-3,0
00-0027779,Deji Karim,RB,2011,1,REG,2011_01_TEN_JAX,JAX,TEN,0,0,0,0,0,0,0,14,33,0
00-0027791,James Starks,RB,2011,1,REG,2011_01_NO_GB,GB,NO,0,0,0,0,0,0,0,12,57,1
00-0027796,Joe Webb,QB,2011,1,REG,2011_01_MIN_SD,MIN,LAC,0,0,0,0,0,0,0,1,-2,0
00-0027854,Sam Bradford,QB,2011,1,REG,2011_01_PHI_STL,LA,PHI,17,30,188,0,0,4,-22,1,-15,0
00-0027861,C.J. Spiller,RB,2011,1,REG,2011_01_BUF_KC,BUF,KC,0,0,0,0,0,0,0,5,16,1
00-0027864,Ryan Mathews,RB,2011,1,REG,2011_01_MIN_SD,LAC,MIN,0,0,0,0,0,0,0,12,45,0
00-0027880,Jahvid Best,RB,2011,1,REG,2011_01_DET_TB,DET,TB,0,0,0,0,0,0,0,21,72,0
00-0027888,Toby Gerhart,RB,2011,1,REG,2011_01_MIN_SD,MIN,LAC,0,0,0,0,0,0,0,2,16,0
00-0027890,Ben Tate,RB,2011,1,REG,2011_01_IND_HOU,HOU,IND,0,0,0,0,0,0,0,24,116,1
00-0027939,Cam Newton,QB,2011,1,REG,2011_01_CAR_ARI,CAR,ARI,24,37,422,2,1,4,-19,8,18,1
00-0027966,Mark Ingram,RB,2011,1,REG,2011_01_NO_GB,NO,GB,0,0,0,0,0,0,0,13,40,0
00-0027973,Andy Dalton,QB,2011,1,REG,2011_01_CIN_CLE,CIN,CLE,10,15,81,1,0,3,-11,0,0,0
00-0028009,DeMarco Murray,RB,2011,1,REG,2011_01_DAL_NYJ,DAL,NYJ,0,0,0,0,0,0,0,2,0,0
00-0028043,Roy Helu,RB,2011,1,REG,2011_01_NYG_WAS,WAS,NYG,0,0,0,0,0,0,0,1,2,0
00-0028053,Kendall Hunter,RB,2011,1,REG,2011_01_SEA_SF,SF,SEA,0,0,0,0,0,0,0,2,4,0
00-0028057,Delone Carter,RB,2011,1,REG,2011_01_IND_HOU,IND,HOU,0,0,0,0,0,0,0,7,25,0
00-0028068,Jamie Harper,RB,2011,1,REG,2011_01_TEN_JAX,TEN,JAX,0,0,0,0,0,0,0,3,10,0
00-0028071,Johnny White,RB,2011,1,REG,2011_01_BUF_KC,BUF,KC,0,0,0,0,0,0,0,8,26,0
00-0028083,Jacquizz Rodgers,RB,2011,1,REG,2011_01_ATL_CHI,ATL,CHI,0,0,0,0,0,0,0,2,0,0
00-0028087,Dion Lewis,RB,2011,1,REG,2011_01_PHI_STL,PHI,LA,0,0,0,0,0,0,0,2,10,0
00-0028352,Dane Sanzenbacher,WR,2011,1,REG,2011_01_ATL_CHI,CHI,ATL,0,0,0,0,0,0,0,1,-4,0
00-0003292,Kerry Collins,QB,2011,2,REG,2011_02_CLE_IND,IND,CLE,19,38,191,1,1,2,-15,1,-1,0
00-0007091,Matt Hasselbeck,QB,2011,2,REG,2011_02_BAL_TEN,TEN,BAL,30,42,358,1,1,0,0,0,0,0
00-0009311,Jon Kitna,QB,2011,2,REG,2011_02_DAL_SF,DAL,SF,6,10,87,1,2,0,0,0,0,0
00-0011022,Donovan McNabb,QB,2011,2,REG,2011_02_TB_MIN,MIN,TB,18,30,228,0,0,2,-16,4,12,0
00-0017915,Ricky Williams,RB,2011,2,REG,2011_02_BAL_TEN,BAL,TEN,0,0,0,0,0,0,0,4,2,0
00-0019596,Tom Brady,QB,2011,2,REG,2011_02_SD_NE,NE,LAC,31,40,423,3,0,2,-13,2,3,0
00-0019641,Thomas Jones,RB,2011,2,REG,2011_02_KC_DET,KC,DET,0,0,0,0,0,0,0,12,40,0
00-0020245,Mike Vick,QB,2011,2,REG,2011_02_PHI_ATL,PHI,ATL,19,28,242,2,1,0,0,6,25,0
00-0020531,Drew Brees,QB,2011,2,REG,2011_02_CHI_NO,NO,CHI,26,37,270,3,0,1,-6,1,2,0
00-0020536,LaDainian Tomlinson,RB,2011,2,REG,2011_02_JAX_NYJ,NYJ,JAX,0,0,0,0,0,0,0,6,8,0
00-0020679,Shaun Hill,QB,2011,2,REG,2011_02_KC_DET,DET,KC,1,1,28,0,0,0,0,0,0,0
00-0021314,Chester Taylor,RB,2011,2,REG,2011_02_ARI_WAS,ARI,WAS,0,0,0,0,0,0,0,1,0,0
00-0021678,Tony Romo,QB,2011,2,REG,2011_02_DAL_SF,DAL,SF,20,33,345,2,0,1,-5,0,0,0
00-0021755,Earnest Graham,RB,2011,2,REG,2011_02_TB_MIN,TB,MIN,0,0,0,0,0,0,0,3,18,0
00-0021976,Larry Johnson,RB,2011,2,REG,2011_02_HOU_MIA,MIA,HOU,0,0,0,0,0,0,0,1,2,0
00-0022121,Rex Grossman,QB,2011,2,REG,2011_02_ARI_WAS,WAS,ARI,25,43,291,2,2,1,-8,4,-5,0
00-0022143,Ovie Mughelli,FB,2011,2,REG,2011_02_PHI_ATL,ATL,PHI,0,0,0,0,0,0,0,1,1,0
00-0022178,Willis McGahee,RB,2011,2,REG,2011_02_CIN_DEN,DEN,CIN,0,0,0,0,0,0,0,28,101,1
00-0022787,Matt Schaub,QB,2011,2,REG,2011_02_HOU_MIA,HOU,MIA,21,29,230,2,0,3,-23,2,2,0
00-0022803,Eli Manning,QB,2011,2,REG,2011_02_STL_NYG,NYG,LA,19,30,223,2,1,3,-19,4,-12,0
00-0022821,Michael Turner,RB,2011,2,REG,2011_02_PHI_ATL,ATL,PHI,0,0,0,0,0,0,0,21,114,1
00-0022864,Luke McCown,QB,2011,2,REG,2011_02_JAX_NYJ,JAX,NYJ,6,19,59,0,4,1,-10,1,4,0
00-0022924,Ben Roethlisberger,QB,2011,2,REG,2011_02_SEA_PIT,PIT,SEA,22,30,298,1,0,2,-16,5,8,0
00-0022942,Philip Rivers,QB,2011,2,REG,2011_02_SD_NE,LAC,NE,29,40,378,2,2,2,-6,2,12,0
00-0022984,Ryan Grant,RB,2011,2,REG,2011_02_GB_CAR,GB,CAR,0,0,0,0,0,0,0,6,25,0
00-0022999,John Kuhn,FB,2011,2,REG,2011_02_GB_CAR,GB,CAR,0,0,0,0,0,0,0,1,1,1
00-0023436,Alex Smith,QB,2011,2,REG,2011_02_DAL_SF,SF,DAL,16,24,179,2,1,6,-47,3,21,0
00-0023437,Ronnie Brown,RB,2011,2,REG,2011_02_PHI_ATL,PHI,ATL,0,0,0,0,0,0,0,3,10,0
00-0023439,Cedric Benson,RB,2011,2,REG,2011_02_CIN_DEN,CIN,DEN,0,0,0,0,0,0,0,16,59,0
00-0023440,Cadillac Williams,RB,2011,2,REG,2011_02_STL_NYG,LA,NYG,0,0,0,0,0,0,0,13,36,0
00-0023459,Aaron Rodgers,QB,2011,2,REG,2011_02_GB_CAR,GB,CAR,19,30,308,2,0,1,-13,5,13,0
00-0023460,Jason Campbell,QB,2011,2,REG,2011_02_OAK_BUF,LV,BUF,23,33,323,2,1,0,0,3,3,1
00-0023500,Frank Gore,RB,2011,2,REG,2011_02_DAL_SF,SF,DAL,0,0,0,0,0,0,0,20,47,1
00-0023541,Kyle Orton,QB,2011,2,REG,2011_02_CIN_DEN,DEN,CIN,15,25,195,2,0,2,-8,1,-2,0
00-0023545,Brandon Jacobs,RB,2011,2,REG,2011_02_STL_NYG,NYG,LA,0,0,0,0,0,0,0,16,50,1
00-0023564,Darren Sproles,RB,2011,2,REG,2011_02_CHI_NO,NO,CHI,0,0,0,0,0,0,0,4,17,0
00-0023662,Matt Cassel,QB,2011,2,REG,2011_02_KC_DET,KC,DET,15,22,133,0,3,2,-17,0,0,0
00-0023682,Ryan Fitzpatrick,QB,2011,2,REG,2011_02_OAK_BUF,BUF,LV,28,46,264,3,1,0,0,3,23,0
00-0023921,Miles Austin,WR,2011,2,REG,2011_02_DAL_SF,DAL,SF,0,0,0,0,0,0,0,1,-2,0
00-0024204,Fred Jackson,RB,2011,2,REG,2011_02_OAK_BUF,BUF,LV,0,0,0,0,0,0,0,15,117,2
00-0024217,Reggie Bush,RB,2011,2,REG,2011_02_HOU_MIA,MIA,HOU,0,0,0,0,0,0,0,6,18,0
00-0024226,Jay Cutler,QB,2011,2,REG,2011_02_CHI_NO,CHI,NO,19,45,244,1,0,6,-58,1,12,0
00-0024234,Antonio Cromartie,CB,2011,2,REG,2011_02_JAX_NYJ,NYJ,JAX,0,0,0,0,0,0,0,1,1,0
00-0024242,DeAngelo Williams,RB,2011,2,REG,2011_02_GB_CAR,CAR,GB,0,0,0,0,0,0,0,5,13,0
00-0024245,Joseph Addai,RB,2011,2,REG,2011_02_CLE_IND,IND,CLE,0,0,0,0,0,0,0,14,64,0
00-0024275,Maurice Jones-Drew,RB,2011,2,REG,2011_02_JAX_NYJ,JAX,NYJ,0,0,0,0,0,0,0,18,88,0
00-0024279,Tarvaris Jackson,QB,2011,2,REG,2011_02_SEA_PIT,SEA,PIT,20,29,159,0,0,5,-26,3,12,0
00-0024294,Jerious Norwood,RB,2011,2,REG,2011_02_STL_NYG,LA,NYG,0,0,0,0,0,0,0,3,8,0
00-0024318,Brad Smith,WR,2011,2,REG,2011_02_OAK_BUF,BUF,LV,0,0,0,0,0,1,-6,2,20,0
00-0024332,Leon Washington,RB,2011,2,REG,2011_02_SEA_PIT,SEA,PIT,0,0,0,0,0,0,0,1,-2,0
00-0024359,Jerome Harrison,RB,2011,2,REG,2011_02_KC_DET,DET,KC,0,0,0,0,0,0,0,4,6,0
00-0024559,D.J. Ware,RB,2011,2,REG,2011_02_STL_NYG,NYG,LA,0,0,0,0,0,0,0,3,22,0
00-0024812,Tyler Palko,QB,2011,2,REG,2011_02_KC_DET,KC,DET,0,1,0,0,0,0,0,0,0,0
00-0024813,Pierre Thomas,RB,2011,2,REG,2011_02_CHI_NO,NO,CHI,0,0,0,0,0,0,0,9,41,0
00-0025394,Adrian Peterson,RB,2011,2,REG,2011_02_TB_MIN,MIN,TB,0,0,0,0,0,0,0,25,120,2
00-0025399,Marshawn Lynch,RB,2011,2,REG,2011_02_SEA_PIT,SEA,PIT,0,0,0,0,0,0,0,6,11,0
00-0025410,Dwayne Bowe,WR,2011,2,REG,2011_02_KC_DET,KC,DET,0,0,0,0,0,0,0,1,12,0
00-0025414,Robert Meachem,WR,2011,2,REG,2011_02_CHI_NO,NO,CHI,0,0,0,0,0,0,0,1,7,0
00-0025423,Kevin Kolb,QB,2011,2,REG,2011_02_ARI_WAS,ARI,WAS,17,30,251,2,1,3,-20,0,0,0
00-0025487,Michael Bush,RB,2011,2,REG,2011_02_OAK_BUF,LV,BUF,0,0,0,0,0,0,0,4,23,1
00-0025524,Le'Ron McClain,FB,2011,2,REG,2011_02_KC_DET,KC,DET,0,0,0,0,0,0,0,4,15,0
00-0025637,Ahmad Bradshaw,RB,2011,2,REG,2011_02_STL_NYG,NYG,LA,0,0,0,0,0,0,0,15,59,0
00-0025701,Jackie Battle,RB,2011,2,REG,2011_02_KC_DET,KC,DET,0,0,0,0,0,0,0,2,6,0
00-0025860,BenJarvus Green-Ellis,RB,2011,2,REG,2011_02_SD_NE,NE,LAC,0,0,0,0,0,0,0,17,70,1
00-0026019,Danny Woodhead,RB,2011,2,REG,2011_02_SD_NE,NE,LAC,0,0,0,0,0,0,0,4,12,0
00-0026069,Mike Tolbert,FB,2011,2,REG,2011_02_SD_NE,LAC,NE,0,0,0,0,0,0,0,9,10,0
00-0026143,Matt Ryan,QB,2011,2,REG,2011_02_PHI_ATL,ATL,PHI,17,28,195,4,2,4,-15,4,6,0
00-0026144,Darren McFadden,RB,2011,2,REG,2011_02_OAK_BUF,LV,BUF,0,0,0,0,0,0,0,20,72,1
00-0026153,Jonathan Stewart,RB,2011,2,REG,2011_02_GB_CAR,CAR,GB,0,0,0,0,0,0,0,6,5,0
00-0026158,Joe Flacco,QB,2011,2,REG,2011_02_BAL_TEN,BAL,TEN,15,32,197,1,2,3,-13,0,0,0
00-0026162,Felix Jones,RB,2011,2,REG,2011_02_DAL_SF,DAL,SF,0,0,0,0,0,0,0,9,25,0
00-0026163,Rashard Mendenhall,RB,2011,2,REG,2011_02_SEA_PIT,PIT,SEA,0,0,0,0,0,0,0,19,66,1
00-0026164,Chris Johnson,RB,2011,2,REG,2011_02_BAL_TEN,TEN,BAL,0,0,0,0,0,0,0,24,53,0
00-0026184,Matt Forte,RB,2011,2,REG,2011_02_CHI_NO,CHI,NO,0,0,0,0,0,0,0,10,49,0
00-0026189,DeSean Jackson,WR,2011,2,REG,2011_02_PHI_ATL,PHI,ATL,0,0,0,0,0,0,0,1,0,0
00-0026195,Ray Rice,RB,2011,2,REG,2011_02_BAL_TEN,BAL,TEN,0,0,0,0,0,0,0,13,43,0
00-0026197,Chad Henne,QB,2011,2,REG,2011_02_HOU_MIA,MIA,HOU,12,30,170,1,1,2,-17,3,26,0
00-0026209,Jacob Hester,RB,2011,2,REG,2011_02_SD_NE,LAC,NE,0,0,0,0,0,0,0,1,12,0
00-0026213,Jamaal Charles,RB,2011,2,REG,2011_02_KC_DET,KC,DET,0,0,0,0,0,0,0,2,27,0
00-0026229,Steve Slaton,RB,2011,2,REG,2011_02_HOU_MIA,HOU,MIA,0,0,0,0,0,0,0,1,0,0
00-0026262,Tashard Choice,RB,2011,2,REG,2011_02_DAL_SF,DAL,SF,0,0,0,0,0,0,0,5,5,0
00-0026289,Tim Hightower,RB,2011,2,REG,2011_02_ARI_WAS,WAS,ARI,0,0,0,0,0,0,0,20,96,0
00-0026323,Spencer Larsen,FB,2011,2,REG,2011_02_CIN_DEN,DEN,CIN,0,0,0,0,0,0,0,1,4,0
00-0026367,Peyton Hillis,RB,2011,2,REG,2011_02_CLE_IND,CLE,IND,0,0,0,0,0,0,0,27,94,2
00-0026373,Justin Forsett,RB,2011,2,REG,2011_02_SEA_PIT,SEA,PIT,0,0,0,0,0,0,0,3,10,0
00-0026393,Marcel Reece,FB,2011,2,REG,2011_02_OAK_BUF,LV,BUF,0,0,0,0,0,0,0,1,4,0
00-0026432,Lance Ball,RB,2011,2,REG,2011_02_CIN_DEN,DEN,CIN,0,0,0,0,0,0,0,6,28,0
00-0026498,Matthew Stafford,QB,2011,2,REG,2011_02_KC_DET,DET,KC,23,39,294,4,1,0,0,1,1,0
00-0026566,Isaac Redman,RB,2011,2,REG,2011_02_SEA_PIT,PIT,SEA,0,0,0,0,0,0,0,10,49,1
00-0026579,Kahlil Bell,RB,2011,2,REG,2011_02_CHI_NO,CHI,NO,0,0,0,0,0,0,0,1,-1,0
00-0026607,Brock Bolen,RB,2011,2,REG,2011_02_JAX_NYJ,JAX,NYJ,0,0,0,0,0,0,0,1,4,0
00-0026780,Kevin Ogletree,WR,2011,2,REG,2011_02_DAL_SF,DAL,SF,0,0,0,0,0,0,0,1,-4,0
00-0026796,Arian Foster,RB,2011,2,REG,2011_02_HOU_MIA,HOU,MIA,0,0,0,0,0,0,0,10,33,0
00-0026852,Darrel Young,FB,2011,2,REG,2011_02_ARI_WAS,WAS,ARI,0,0,0,0,0,0,0,1,7,0
00-0026898,Mark Sanchez,QB,2011,2,REG,2011_02_JAX_NYJ,NYJ,JAX,17,24,182,2,2,1,0,3,29,0
00-0026899,Shonn Greene,RB,2011,2,REG,2011_02_JAX_NYJ,NYJ,JAX,0,0,0,0,0,0,0,16,49,1
00-0026941,Bernard Scott,RB,2011,2,REG,2011_02_CIN_DEN,CIN,DEN,0,0,0,0,0,0,0,2,10,0
00-0026993,Josh Freeman,QB,2011,2,REG,2011_02_TB_MIN,TB,MIN,22,31,243,1,1,2,-13,3,16,0
00-0026995,Jeremy Maclin,WR,2011,2,REG,2011_02_PHI_ATL,PHI,ATL,0,0,0,0,0,0,0,1,1,0
00-0026998,Percy Harvin,WR,2011,2,REG,2011_02_TB_MIN,MIN,TB,0,0,0,0,0,0,0,2,18,0
00-0027007,Chris Wells,RB,2011,2,REG,2011_02_ARI_WAS,ARI,WAS,0,0,0,0,0,0,0,14,93,1
00-0027029,LeSean McCoy,RB,2011,2,REG,2011_02_PHI_ATL,PHI,ATL,0,0,0,0,0,0,0,18,95,2
00-0027120,Javon Ringer,RB,2011,2,REG,2011_02_BAL_TEN,TEN,BAL,0,0,0,0,0,0,0,5,21,1
00-0027214,Keiland Williams,RB,2011,2,REG,2011_02_KC_DET,DET,KC,0,0,0,0,0,0,0,9,25,1
00-0027325,LeGarrette Blount,RB,2011,2,REG,2011_02_TB_MIN,TB,MIN,0,0,0,0,0,0,0,13,71,2
00-0027651,Dexter McCluster,WR,2011,2,REG,2011_02_KC_DET,KC,DET,0,0,0,0,0,0,0,8,51,0
00-0027666,Montario Hardesty,RB,2011,2,REG,2011_02_CLE_IND,CLE,IND,0,0,0,0,0,0,0,3,1,0
00-0027685,Emmanuel Sanders,WR,2011,2,REG,2011_02_SEA_PIT,PIT,SEA,1,1,15,0,0,0,0,0,0,0
00-0027688,Colt McCoy,QB,2011,2,REG,2011_02_CLE_IND,CLE,IND,22,32,211,1,0,1,-14,3,10,0
00-0027712,Joe McKnight,RB,2011,2,REG,2011_02_JAX_NYJ,NYJ,JAX,0,0,0,0,0,0,0,6,14,0
00-0027722,Mike Kafka,QB,2011,2,REG,2011_02_PHI_ATL,PHI,ATL,7,9,72,0,0,0,0,1,2,0
00-0027772,Anthony Dixon,RB,2011,2,REG,2011_02_DAL_SF,SF,DAL,0,0,0,0,0,0,0,1,6,0
00-0027779,Deji Karim,RB,2011,2,REG,2011_02_JAX_NYJ,JAX,NYJ,0,0,0,0,0,0,0,6,15,0
00-0027791,James Starks,RB,2011,2,REG,2011_02_GB_CAR,GB,CAR,0,0,0,0,0,0,0,9,85,0
00-0027793,Antonio Brown,WR,2011,2,REG,2011_02_SEA_PIT,PIT,SEA,0,0,0,0,0,0,0,1,1,0
00-0027854,Sam Bradford,QB,2011,2,REG,2011_02_STL_NYG,LA,NYG,22,46,331,1,0,2,-23,3,15,0
00-0027861,C.J. Spiller,RB,2011,2,REG,2011_02_OAK_BUF,BUF,LV,0,0,0,0,0,0,0,4,63,0
00-0027864,Ryan Mathews,RB,2011,2,REG,2011_02_SD_NE,LAC,NE,0,0,0,0,0,0,0,12,64,1
00-0027880,Jahvid Best,RB,2011,2,REG,2011_02_KC_DET,DET,KC,0,0,0,0,0,0,0,16,57,1
00-0027888,Toby Gerhart,RB,2011,2,REG,2011_02_TB_MIN,MIN,TB,0,0,0,0,0,0,0,2,36,0
00-0027890,Ben Tate,RB,2011,2,REG,2011_02_HOU_MIA,HOU,MIA,0,0,0,0,0,0,0,23,103,0
00-0027939,Cam Newton,QB,2011,2,REG,2011_02_GB_CAR,CAR,GB,28,46,432,1,3,4,-28,10,53,1
00-0027948,Blaine Gabbert,QB,2011,2,REG,2011_02_JAX_NYJ,JAX,NYJ,5,6,52,0,0,1,-10,1,1,0
00-0027966,Mark Ingram,RB,2011,2,REG,2011_02_CHI_NO,NO,CHI,0,0,0,0,0,0,0,14,51,0
00-0027973,Andy Dalton,QB,2011,2,REG,2011_02_CIN_DEN,CIN,DEN,27,41,332,2,0,2,-22,2,3,0
00-0028000,Daniel Thomas,RB,2011,2,REG,2011_02_HOU_MIA,MIA,HOU,0,0,0,0,0,0,0,18,107,0
00-0028009,DeMarco Murray,RB,2011,2,REG,2011_02_DAL_SF,DAL,SF,0,0,0,0,0,0,0,6,21,0
00-0028011,Stevan Ridley,RB,2011,2,REG,2011_02_SD_NE,NE,LAC,0,0,0,0,0,0,0,2,9,0
00-0028043,Roy Helu,RB,2011,2,REG,2011_02_ARI_WAS,WAS,ARI,0,0,0,0,0,0,0,10,74,0
00-0028057,Delone Carter,RB,2011,2,REG,2011_02_CLE_IND,IND,CLE,0,0,0,0,0,0,0,11,46,0
00-0028062,Owen Marecic,RB,2011,2,REG,2011_02_CLE_IND,CLE,IND,0,0,0,0,0,0,0,1,1,0
00-0028063,Taiwan Jones,RB,2011,2,REG,2011_02_OAK_BUF,LV,BUF,0,0,0,0,0,0,0,1,4,0
00-0028083,Jacquizz Rodgers,RB,2011,2,REG,2011_02_PHI_ATL,ATL,PHI,0,0,0,0,0,0,0,3,17,0
00-0028086,Denarius Moore,WR,2011,2,REG,2011_02_OAK_BUF,LV,BUF,0,0,0,0,0,0,0,1,25,0
00-0003292,Kerry Collins,QB,2011,3,REG,2011_03_PIT_IND,IND,PIT,13,29,93,0,0,0,0,0,0,0
00-0007091,Matt Hasselbeck,QB,2011,3,REG,2011_03_DEN_TEN,TEN,DEN,27,36,311,2,0,2,-16,2,-2,0
00-0011022,Donovan McNabb,QB,2011,3,REG,2011_03_DET_MIN,MIN,DET,22,36,211,1,0,4,-22,2,11,0
00-0016689,Matt Turk,P,2011,3,REG,2011_03_JAX_CAR,JAX,CAR,0,0,0,0,0,0,0,1,0,0
00-0017915,Ricky Williams,RB,2011,3,REG,2011_03_BAL_STL,BAL,LA,0,0,0,0,0,0,0,5,42,0
00-0019596,Tom Brady,QB,2011,3,REG,2011_03_NE_BUF,NE,BUF,30,45,387,4,4,0,0,1,5,0
00-0019641,Thomas Jones,RB,2011,3,REG,2011_03_KC_SD,KC,LAC,0,0,0,0,0,0,0,14,31,0
00-0020245,Mike Vick,QB,2011,3,REG,2011_03_NYG_PHI,PHI,NYG,16,23,176,0,1,1,-6,7,31,0
00-0020531,Drew Brees,QB,2011,3,REG,2011_03_HOU_NO,NO,HOU,31,44,370,3,2,2,-16,4,-1,0
00-0020536,LaDainian Tomlinson,RB,2011,3,REG,2011_03_NYJ_OAK,NYJ,LV,0,0,0,0,0,0,0,6,38,0
00-0021182,Maurice Morris,RB,2011,3,REG,2011_03_DET_MIN,DET,MIN,0,0,0,0,0,0,0,2,-4,0
00-0021314,Chester Taylor,RB,2011,3,REG,2011_03_ARI_SEA,ARI,SEA,0,0,0,0,0,0,0,8,20,0
00-0021678,Tony Romo,QB,2011,3,REG,2011_03_WAS_DAL,DAL,WAS,22,36,255,0,1,1,-5,2,-1,0
00-0021755,Earnest Graham,RB,2011,3,REG,2011_03_ATL_TB,TB,ATL,0,0,0,0,0,0,0,2,-1,0
00-0022044,Andre Johnson,WR,2011,3,REG,2011_03_HOU_NO,HOU,NO,0,0,0,0,0,0,0,1,8,0
00-0022121,Rex Grossman,QB,2011,3,REG,2011_03_WAS_DAL,WAS,DAL,22,37,250,1,1,3,-17,1,6,0
00-0022178,Willis McGahee,RB,2011,3,REG,2011_03_DEN_TEN,DEN,TEN,0,0,0,0,0,0,0,22,52,0
00-0022217,Mewelde Moore,RB,2011,3,REG,2011_03_PIT_IND,PIT,IND,0,0,0,0,0,0,0,2,9,0
00-0022427,Wes Welker,WR,2011,3,REG,2011_03_NE_BUF,NE,BUF,0,0,0,0,0,0,0,1,19,0
00-0022736,Steven Jackson,RB,2011,3,REG,2011_03_BAL_STL,LA,BAL,0,0,0,0,0,0,0,4,23,0
00-0022738,Chris Cooley,TE,2011,3,REG,2011_03_WAS_DAL,WAS,DAL,0,0,0,0,0,0,0,2,3,0
00-0022787,Matt Schaub,QB,2011,3,REG,2011_03_HOU_NO,HOU,NO,22,39,373,3,1,2,-9,0,0,0
00-0022803,Eli Manning,QB,2011,3,REG,2011_03_NYG_PHI,NYG,PHI,16,23,254,4,0,3,-22,3,-3,0
00-0022821,Michael Turner,RB,2011,3,REG,2011_03_ATL_TB,ATL,TB,0,0,0,0,0,0,0,11,20,0
00-0022824,Andy Lee,P,2011,3,REG,2011_03_SF_CIN,SF,CIN,0,0,0,0,0,0,0,1,-18,0
00-0022924,Ben Roethlisberger,QB,2011,3,REG,2011_03_PIT_IND,PIT,IND,25,37,364,1,1,3,-23,5,15,0
00-0022942,Philip Rivers,QB,2011,3,REG,2011_03_KC_SD,LAC,KC,24,38,266,0,2,2,-8,3,-2,0
00-0022984,Ryan Grant,RB,2011,3,REG,2011_03_GB_CHI,GB,CHI,0,0,0,0,0,0,0,17,92,0
00-0023436,Alex Smith,QB,2011,3,REG,2011_03_SF_CIN,SF,CIN,20,30,201,0,0,5,-25,0,0,0
00-0023437,Ronnie Brown,RB,2011,3,REG,2011_03_NYG_PHI,PHI,NYG,0,0,0,0,0,0,0,3,6,0
00-0023439,Cedric Benson,RB,2011,3,REG,2011_03_SF_CIN,CIN,SF,0,0,0,0,0,0,0,17,64,0
00-0023440,Cadillac Williams,RB,2011,3,REG,2011_03_BAL_STL,LA,BAL,0,0,0,0,0,0,0,18,75,0
00-0023459,Aaron Rodgers,QB,2011,3,REG,2011_03_GB_CHI,GB,CHI,28,38,297,3,1,2,-5,1,3,0
00-0023460,Jason Campbell,QB,2011,3,REG,2011_03_NYJ_OAK,LV,NYJ,18,27,156,0,0,1,-7,3,10,0
00-0023496,Vincent Jackson,WR,2011,3,REG,2011_03_KC_SD,LAC,KC,0,0,0,0,0,0,0,1,1,0
00-0023500,Frank Gore,RB,2011,3,REG,2011_03_SF_CIN,SF,CIN,0,0,0,0,0,0,0,17,42,0
00-0023541,Kyle Orton,QB,2011,3,REG,2011_03_DEN_TEN,DEN,TEN,24,39,173,2,2,1,-1,0,0,0
00-0023545,Brandon Jacobs,RB,2011,3,REG,2011_03_NYG_PHI,NYG,PHI,0,0,0,0,0,0,0,7,19,0
00-0023564,Darren Sproles,RB,2011,3,REG,2011_03_HOU_NO,NO,HOU,0,0,0,0,0,0,0,2,35,1
00-0023662,Matt Cassel,QB,2011,3,REG,2011_03_KC_SD,KC,LAC,17,24,176,2,1,1,-5,1,1,0
00-0023682,Ryan Fitzpatrick,QB,2011,3,REG,2011_03_NE_BUF,BUF,NE,27,40,369,2,2,0,0,4,-6,0
00-0024204,Fred Jackson,RB,2011,3,REG,2011_03_NE_BUF,BUF,NE,0,0,0,0,0,0,0,12,74,1
00-0024217,Reggie Bush,RB,2011,3,REG,2011_03_MIA_CLE,MIA,CLE,0,0,0,0,0,0,0,10,13,0
00-0024221,Vernon Davis,TE,2011,3,REG,2011_03_SF_CIN,SF,CIN,0,0,0,0,0,0,0,1,-2,0
00-0024226,Jay Cutler,QB,2011,3,REG,2011_03_GB_CHI,CHI,GB,21,37,302,2,2,3,-24,3,11,0
00-0024242,DeAngelo Williams,RB,2011,3,REG,2011_03_JAX_CAR,CAR,JAX,0,0,0,0,0,0,0,10,18,0
00-0024245,Joseph Addai,RB,2011,3,REG,2011_03_PIT_IND,IND,PIT,0,0,0,0,0,0,0,17,86,1
00-0024275,Maurice Jones-Drew,RB,2011,3,REG,2011_03_JAX_CAR,JAX,CAR,0,0,0,0,0,0,0,24,122,0
00-0024279,Tarvaris Jackson,QB,2011,3,REG,2011_03_ARI_SEA,SEA,ARI,18,31,171,0,1,4,-32,4,20,1
00-0024318,Brad Smith,WR,2011,3,REG,2011_03_NE_BUF,BUF,NE,0,0,0,0,0,0,0,2,6,0
00-0024332,Leon Washington,RB,2011,3,REG,2011_03_ARI_SEA,SEA,ARI,0,0,0,0,0,0,0,3,29,0
00-0024359,Jerome Harrison,RB,2011,3,REG,2011_03_DET_MIN,DET,MIN,0,0,0,0,0,0,0,2,8,0
00-0024813,Pierre Thomas,RB,2011,3,REG,2011_03_HOU_NO,NO,HOU,0,0,0,0,0,0,0,7,28,0
00-0025394,Adrian Peterson,RB,2011,3,REG,2011_03_DET_MIN,MIN,DET,0,0,0,0,0,0,0,17,78,1
00-0025399,Marshawn Lynch,RB,2011,3,REG,2011_03_ARI_SEA,SEA,ARI,0,0,0,0,0,0,0,19,73,0
00-0025423,Kevin Kolb,QB,2011,3,REG,2011_03_ARI_SEA,ARI,SEA,25,39,252,1,2,3,-18,3,16,0
00-0025487,Michael Bush,RB,2011,3,REG,2011_03_NYJ_OAK,LV,NYJ,0,0,0,0,0,0,0,8,22,1
00-0025524,Le'Ron McClain,FB,2011,3,REG,2011_03_KC_SD,KC,LAC,0,0,0,0,0,0,0,2,2,0
00-0025637,Ahmad Bradshaw,RB,2011,3,REG,2011_03_NYG_PHI,NYG,PHI,0,0,0,0,0,0,0,15,86,0
00-0025701,Jackie Battle,RB,2011,3,REG,2011_03_KC_SD,KC,LAC,0,0,0,0,0,0,0,1,2,0
00-0025825,Brett Kern,P,2011,3,REG,2011_03_DEN_TEN,TEN,DEN,0,0,0,0,0,0,0,1,21,0
00-0025860,BenJarvus Green-Ellis,RB,2011,3,REG,2011_03_NE_BUF,NE,BUF,0,0,0,0,0,0,0,10,18,0
00-0026019,Danny Woodhead,RB,2011,3,REG,2011_03_NE_BUF,NE,BUF,0,0,0,0,0,0,0,6,21,0
00-0026069,Mike Tolbert,FB,2011,3,REG,2011_03_KC_SD,LAC,KC,0,0,0,0,0,0,0,4,19,0
00-0026143,Matt Ryan,QB,2011,3,REG,2011_03_ATL_TB,ATL,TB,26,47,330,1,1,4,-35,1,12,0
00-0026144,Darren McFadden,RB,2011,3,REG,2011_03_NYJ_OAK,LV,NYJ,0,0,0,0,0,0,0,19,171,2
00-0026153,Jonathan Stewart,RB,2011,3,REG,2011_03_JAX_CAR,CAR,JAX,0,0,0,0,0,0,0,10,59,0
00-0026158,Joe Flacco,QB,2011,3,REG,2011_03_BAL_STL,BAL,LA,27,48,389,3,0,2,-4,8,27,0
00-0026162,Felix Jones,RB,2011,3,REG,2011_03_WAS_DAL,DAL,WAS,0,0,0,0,0,0,0,14,115,0
00-0026163,Rashard Mendenhall,RB,2011,3,REG,2011_03_PIT_IND,PIT,IND,0,0,0,0,0,0,0,18,37,0
00-0026164,Chris Johnson,RB,2011,3,REG,2011_03_DEN_TEN,TEN,DEN,0,0,0,0,0,0,0,13,21,0
00-0026184,Matt Forte,RB,2011,3,REG,2011_03_GB_CHI,CHI,GB,0,0,0,0,0,0,0,9,2,0
00-0026189,DeSean Jackson,WR,2011,3,REG,2011_03_NYG_PHI,PHI,NYG,0,0,0,0,0,0,0,1,3,0
00-0026195,Ray Rice,RB,2011,3,REG,2011_03_BAL_STL,BAL,LA,0,0,0,0,0,0,0,9,81,0
00-0026197,Chad Henne,QB,2011,3,REG,2011_03_MIA_CLE,MIA,CLE,19,29,255,1,1,5,-24,4,26,0
00-0026209,Jacob Hester,RB,2011,3,REG,2011_03_KC_SD,LAC,KC,0,0,0,0,0,0,0,1,1,0
00-0026229,Steve Slaton,RB,2011,3,REG,2011_03_HOU_NO,HOU,NO,0,0,0,0,0,0,0,4,8,0
00-0026262,Tashard Choice,RB,2011,3,REG,2011_03_WAS_DAL,DAL,WAS,0,0,0,0,0,0,0,7,5,0
00-0026286,Jerome Felton,FB,2011,3,REG,2011_03_JAX_CAR,CAR,JAX,0,0,0,0,0,0,0,1,3,0
00-0026289,Tim Hightower,RB,2011,3,REG,2011_03_WAS_DAL,WAS,DAL,0,0,0,0,0,0,0,14,41,0
00-0026303,Owen Schmitt,FB,2011,3,REG,2011_03_NYG_PHI,PHI,NYG,0,0,0,0,0,0,0,4,6,0
00-0026344,Lex Hilliard,FB,2011,3,REG,2011_03_MIA_CLE,MIA,CLE,0,0,0,0,0,0,0,1,4,0
00-0026373,Justin Forsett,RB,2011,3,REG,2011_03_ARI_SEA,SEA,ARI,0,0,0,0,0,0,0,1,0,0
00-0026432,Lance Ball,RB,2011,3,REG,2011_03_DEN_TEN,DEN,TEN,0,0,0,0,0,0,0,1,7,0
00-0026498,Matthew Stafford,QB,2011,3,REG,2011_03_DET_MIN,DET,MIN,32,46,378,2,0,5,-40,1,-1,0
00-0026566,Isaac Redman,RB,2011,3,REG,2011_03_PIT_IND,PIT,IND,0,0,0,0,0,0,0,3,6,0
00-0026898,Mark Sanchez,QB,2011,3,REG,2011_03_NYJ_OAK,NYJ,LV,27,44,369,2,1,4,-30,2,2,1
00-0026899,Shonn Greene,RB,2011,3,REG,2011_03_NYJ_OAK,NYJ,LV,0,0,0,0,0,0,0,15,59,0
00-0026941,Bernard Scott,RB,2011,3,REG,2011_03_SF_CIN,CIN,SF,0,0,0,0,0,0,0,2,10,0
00-0026947,Eddie Williams,RB,2011,3,REG,2011_03_ARI_SEA,SEA,ARI,0,0,0,0,0,0,0,2,2,0
00-0026993,Josh Freeman,QB,2011,3,REG,2011_03_ATL_TB,TB,ATL,22,32,180,0,2,0,0,10,35,1
00-0026998,Percy Harvin,WR,2011,3,REG,2011_03_DET_MIN,MIN,DET,0,0,0,0,0,0,0,2,41,0
00-0027029,LeSean McCoy,RB,2011,3,REG,2011_03_NYG_PHI,PHI,NYG,0,0,0,0,0,0,0,24,128,1
00-0027093,Tony Fiammetta,FB,2011,3,REG,2011_03_WAS_DAL,DAL,WAS,0,0,0,0,0,0,0,1,0,0
00-0027109,James Casey,TE,2011,3,REG,2011_03_HOU_NO,HOU,NO,0,0,0,0,0,0,0,1,11,0
00-0027120,Javon Ringer,RB,2011,3,REG,2011_03_DEN_TEN,TEN,DEN,0,0,0,0,0,0,0,6,-6,0
00-0027134,Curtis Painter,QB,2011,3,REG,2011_03_PIT_IND,IND,PIT,5,11,60,0,0,1,-9,0,0,0
00-0027150,Julian Edelman,WR,2011,3,REG,2011_03_NE_BUF,NE,BUF,0,0,0,0,0,0,0,2,3,0
00-0027214,Keiland Williams,RB,2011,3,REG,2011_03_DET_MIN,DET,MIN,0,0,0,0,0,0,0,2,3,0
00-0027325,LeGarrette Blount,RB,2011,3,REG,2011_03_ATL_TB,TB,ATL,0,0,0,0,0,0,0,24,81,0
00-0027346,Alfonso Smith,RB,2011,3,REG,2011_03_ARI_SEA,ARI,SEA,0,0,0,0,0,0,0,17,54,0
00-0027518,Donald Jones,WR,2011,3,REG,2011_03_NE_BUF,BUF,NE,0,0,0,0,0,0,0,1,2,0
00-0027651,Dexter McCluster,WR,2011,3,REG,2011_03_KC_SD,KC,LAC,0,0,0,0,0,0,0,9,45,0
00-0027666,Montario Hardesty,RB,2011,3,REG,2011_03_MIA_CLE,CLE,MIA,0,0,0,0,0,0,0,14,67,0
00-0027688,Colt McCoy,QB,2011,3,REG,2011_03_MIA_CLE,CLE,MIA,19,39,210,2,1,0,0,2,-2,0
00-0027722,Mike Kafka,QB,2011,3,REG,2011_03_NYG_PHI,PHI,NYG,4,7,35,0,2,1,-6,0,0,0
00-0027739,John Conner,FB,2011,3,REG,2011_03_NYJ_OAK,NYJ,LV,0,0,0,0,0,0,0,1,3,0
00-0027779,Deji Karim,RB,2011,3,REG,2011_03_JAX_CAR,JAX,CAR,0,0,0,0,0,0,0,5,4,0
00-0027791,James Starks,RB,2011,3,REG,2011_03_GB_CHI,GB,CHI,0,0,0,0,0,0,0,11,5,0
00-0027816,Marc Mariani,WR,2011,3,REG,2011_03_DEN_TEN,TEN,DEN,0,0,0,0,0,0,0,1,4,0
00-0027854,Sam Bradford,QB,2011,3,REG,2011_03_BAL_STL,LA,BAL,16,32,166,1,1,5,-34,3,22,0
00-0027861,C.J. Spiller,RB,2011,3,REG,2011_03_NE_BUF,BUF,NE,0,0,0,0,0,0,0,1,3,0
00-0027864,Ryan Mathews,RB,2011,3,REG,2011_03_KC_SD,LAC,KC,0,0,0,0,0,0,0,21,98,2
00-0027880,Jahvid Best,RB,2011,3,REG,2011_03_DET_MIN,DET,MIN,0,0,0,0,0,0,0,12,14,0
00-0027888,Toby Gerhart,RB,2011,3,REG,2011_03_DET_MIN,MIN,DET,0,0,0,0,0,0,0,2,2,0
00-0027890,Ben Tate,RB,2011,3,REG,2011_03_HOU_NO,HOU,NO,0,0,0,0,0,0,0,19,82,0
00-0027939,Cam Newton,QB,2011,3,REG,2011_03_JAX_CAR,CAR,JAX,18,34,158,1,0,0,0,7,27,0
00-0027944,Julio Jones,WR,2011,3,REG,2011_03_ATL_TB,ATL,TB,0,0,0,0,0,0,0,1,-9,0
00-0027948,Blaine Gabbert,QB,2011,3,REG,2011_03_JAX_CAR,JAX,CAR,12,21,139,1,1,2,-10,4,2,0
00-0027966,Mark Ingram,RB,2011,3,REG,2011_03_HOU_NO,NO,HOU,0,0,0,0,0,0,0,9,38,1
00-0027973,Andy Dalton,QB,2011,3,REG,2011_03_SF_CIN,CIN,SF,17,32,157,0,2,1,-8,1,5,0
00-0027985,Lance Kendricks,TE,2011,3,REG,2011_03_BAL_STL,LA,BAL,0,0,0,0,0,0,0,1,-8,0
00-0027996,Torrey Smith,WR,2011,3,REG,2011_03_BAL_STL,BAL,LA,0,0,0,0,0,0,0,1,10,0
00-0028000,Daniel Thomas,RB,2011,3,REG,2011_03_MIA_CLE,MIA,CLE,0,0,0,0,0,0,0,23,95,0
00-0028009,DeMarco Murray,RB,2011,3,REG,2011_03_WAS_DAL,DAL,WAS,0,0,0,0,0,0,0,2,6,0
00-0028011,Stevan Ridley,RB,2011,3,REG,2011_03_NE_BUF,NE,BUF,0,0,0,0,0,0,0,6,42,0
00-0028043,Roy Helu,RB,2011,3,REG,2011_03_WAS_DAL,WAS,DAL,0,0,0,0,0,0,0,5,15,0
00-0028053,Kendall Hunter,RB,2011,3,REG,2011_03_SF_CIN,SF,CIN,0,0,0,0,0,0,0,9,26,1
00-0028057,Delone Carter,RB,2011,3,REG,2011_03_PIT_IND,IND,PIT,0,0,0,0,0,0,0,4,11,0
00-0028062,Owen Marecic,RB,2011,3,REG,2011_03_MIA_CLE,CLE,MIA,0,0,0,0,0,0,0,1,3,0
00-0028063,Taiwan Jones,RB,2011,3,REG,2011_03_NYJ_OAK,LV,NYJ,0,0,0,0,0,0,0,1,8,0
00-0028083,Jacquizz Rodgers,RB,2011,3,REG,2011_03_ATL_TB,ATL,TB,0,0,0,0,0,0,0,2,7,0
00-0028086,Denarius Moore,WR,2011,3,REG,2011_03_NYJ_OAK,LV,NYJ,0,0,0,0,0,0,0,1,23,1
00-0028087,Dion Lewis,RB,2011,3,REG,2011_03_NYG_PHI,PHI,NYG,0,0,0,0,0,0,0,1,3,0
00-0028091,Jeremy Kerley,WR,2011,3,REG,2011_03_NYJ_OAK,NYJ,LV,0,0,0,0,0,0,0,1,-2,0
00-0028149,Bruce Miller,FB,2011,3,REG,2011_03_SF_CIN,SF,CIN,0,0,0,0,0,0,0,1,2,0
00-0028163,Anthony Allen,RB,2011,3,REG,2011_03_BAL_STL,BAL,LA,0,0,0,0,0,0,0,3,8,0
00-0028434,Doug Baldwin,WR,2011,3,REG,2011_03_ARI_SEA,SEA,ARI,0,0,0,0,0,0,0,1,-2,0
00-0028706,Armond Smith,RB,2011,3,REG,2011_03_MIA_CLE,CLE,MIA,0,0,0,0,0,0,0,2,2,0
00-0007091,Matt Hasselbeck,QB,2011,4,REG,2011_04_TEN_CLE,TEN,CLE,10,20,220,3,1,0,0,1,5,0
00-0011022,Donovan McNabb,QB,2011,4,REG,2011_04_MIN_KC,MIN,KC,18,30,202,2,1,2,-12,1,0,0
00-0017915,Ricky Williams,RB,2011,4,REG,2011_04_NYJ_BAL,BAL,NYJ,0,0,0,0,0,0,0,12,49,0
00-0019596,Tom Brady,QB,2011,4,REG,2011_04_NE_OAK,NE,LV,16,30,226,2,0,1,0,1,-1,0
00-0019641,Thomas Jones,RB,2011,4,REG,2011_04_MIN_KC,KC,MIN,0,0,0,0,0,0,0,11,37,0
00-0020245,Mike Vick,QB,2011,4,REG,2011_04_SF_PHI,PHI,SF,30,46,416,2,1,2,-11,8,75,0
00-0020531,Drew Brees,QB,2011,4,REG,2011_04_NO_JAX,NO,JAX,31,44,351,1,2,3,-25,3,10,0
00-0020536,LaDainian Tomlinson,RB,2011,4,REG,2011_04_NYJ_BAL,NYJ,BAL,0,0,0,0,0,0,0,3,-3,0
00-0021678,Tony Romo,QB,2011,4,REG,2011_04_DET_DAL,DAL,DET,34,47,331,3,3,1,-10,0,0,0
00-0021755,Earnest Graham,RB,2011,4,REG,2011_04_IND_TB,TB,IND,0,0,0,0,0,0,0,2,24,0
00-0022121,Rex Grossman,QB,2011,4,REG,2011_04_WAS_STL,WAS,LA,15,29,143,1,2,0,0,5,2,0
00-0022178,Willis McGahee,RB,2011,4,REG,2011_04_DEN_GB,DEN,GB,0,0,0,0,0,0,0,15,103,0
00-0022217,Mewelde Moore,RB,2011,4,REG,2011_04_PIT_HOU,PIT,HOU,0,0,0,0,0,0,0,4,34,0
00-0022736,Steven Jackson,RB,2011,4,REG,2011_04_WAS_STL,LA,WAS,0,0,0,0,0,0,0,17,45,0
00-0022787,Matt Schaub,QB,2011,4,REG,2011_04_PIT_HOU,HOU,PIT,14,21,138,1,0,0,0,2,1,0
00-0022803,Eli Manning,QB,2011,4,REG,2011_04_NYG_ARI,NYG,ARI,27,40,321,2,0,1,-15,3,-3,0
00-0022821,Michael Turner,RB,2011,4,REG,2011_04_ATL_SEA,ATL,SEA,0,0,0,0,0,0,0,26,70,2
00-0022924,Ben Roethlisberger,QB,2011,4,REG,2011_04_PIT_HOU,PIT,HOU,16,30,206,0,1,5,-28,2,11,0
00-0022942,Philip Rivers,QB,2011,4,REG,2011_04_MIA_SD,LAC,MIA,21,31,307,1,0,2,-12,5,18,0
00-0022999,John Kuhn,FB,2011,4,REG,2011_04_DEN_GB,GB,DEN,0,0,0,0,0,0,0,1,3,0
00-0023176,Josh Cribbs,WR,2011,4,REG,2011_04_TEN_CLE,CLE,TEN,0,0,0,0,0,1,-7,0,0,0
00-0023436,Alex Smith,QB,2011,4,REG,2011_04_SF_PHI,SF,PHI,21,33,291,2,0,3,-13,1,-1,0
00-0023437,Ronnie Brown,RB,2011,4,REG,2011_04_SF_PHI,PHI,SF,0,0,0,0,0,0,0,3,15,0
00-0023439,Cedric Benson,RB,2011,4,REG,2011_04_BUF_CIN,CIN,BUF,0,0,0,0,0,0,0,19,104,0
00-0023459,Aaron Rodgers,QB,2011,4,REG,2011_04_DEN_GB,GB,DEN,29,38,408,4,1,2,-12,9,36,2
00-0023460,Jason Campbell,QB,2011,4,REG,2011_04_NE_OAK,LV,NE,25,39,344,1,2,0,0,4,29,0
00-0023500,Frank Gore,RB,2011,4,REG,2011_04_SF_PHI,SF,PHI,0,0,0,0,0,0,0,15,127,1
00-0023541,Kyle Orton,QB,2011,4,REG,2011_04_DEN_GB,DEN,GB,22,32,273,3,3,1,-8,2,7,0
00-0023544,Marion Barber,RB,2011,4,REG,2011_04_CAR_CHI,CHI,CAR,0,0,0,0,0,0,0,5,17,1
00-0023545,Brandon Jacobs,RB,2011,4,REG,2011_04_NYG_ARI,NYG,ARI,0,0,0,0,0,0,0,9,18,1
00-0023564,Darren Sproles,RB,2011,4,REG,2011_04_NO_JAX,NO,JAX,0,0,0,0,0,0,0,7,75,0
00-0023662,Matt Cassel,QB,2011,4,REG,2011_04_MIN_KC,KC,MIN,18,29,260,1,0,3,-13,4,20,0
00-0023682,Ryan Fitzpatrick,QB,2011,4,REG,2011_04_BUF_CIN,BUF,CIN,20,34,199,0,0,1,-9,1,5,0
00-0024204,Fred Jackson,RB,2011,4,REG,2011_04_BUF_CIN,BUF,CIN,0,0,0,0,0,0,0,17,66,1
00-0024217,Reggie Bush,RB,2011,4,REG,2011_04_MIA_SD,MIA,LAC,0,0,0,0,0,0,0,13,50,0
00-0024226,Jay Cutler,QB,2011,4,REG,2011_04_CAR_CHI,CHI,CAR,9,17,102,0,1,1,-9,1,2,0
00-0024242,DeAngelo Williams,RB,2011,4,REG,2011_04_CAR_CHI,CAR,CHI,0,0,0,0,0,0,0,10,82,0
00-0024245,Joseph Addai,RB,2011,4,REG,2011_04_IND_TB,IND,TB,0,0,0,0,0,0,0,11,41,0
00-0024275,Maurice Jones-Drew,RB,2011,4,REG,2011_04_NO_JAX,JAX,NO,0,0,0,0,0,0,0,11,84,0
00-0024279,Tarvaris Jackson,QB,2011,4,REG,2011_04_ATL_SEA,SEA,ATL,25,38,319,3,2,0,0,2,16,0
00-0024332,Leon Washington,RB,2011,4,REG,2011_04_ATL_SEA,SEA,ATL,0,0,0,0,0,0,0,2,2,0
00-0024813,Pierre Thomas,RB,2011,4,REG,2011_04_NO_JAX,NO,JAX,0,0,0,0,0,0,0,6,36,0
00-0025394,Adrian Peterson,RB,2011,4,REG,2011_04_MIN_KC,MIN,KC,0,0,0,0,0,0,0,23,80,0
00-0025399,Marshawn Lynch,RB,2011,4,REG,2011_04_ATL_SEA,SEA,ATL,0,0,0,0,0,0,0,8,24,1
00-0025423,Kevin Kolb,QB,2011,4,REG,2011_04_NYG_ARI,ARI,NYG,20,34,237,0,1,4,-25,2,1,0
00-0025439,Brian Leonard,RB,2011,4,REG,2011_04_BUF_CIN,CIN,BUF,0,0,0,0,0,0,0,4,36,0
00-0025487,Michael Bush,RB,2011,4,REG,2011_04_NE_OAK,LV,NE,0,0,0,0,0,0,0,8,26,1
00-0025524,Le'Ron McClain,FB,2011,4,REG,2011_04_MIN_KC,KC,MIN,0,0,0,0,0,0,0,1,-2,0
00-0025637,Ahmad Bradshaw,RB,2011,4,REG,2011_04_NYG_ARI,NYG,ARI,0,0,0,0,0,0,0,12,39,1
00-0025701,Jackie Battle,RB,2011,4,REG,2011_04_MIN_KC,KC,MIN,0,0,0,0,0,0,0,5,22,0
00-0025708,Matt Moore,QB,2011,4,REG,2011_04_MIA_SD,MIA,LAC,17,26,167,0,1,3,-18,1,-1,0
00-0025860,BenJarvus Green-Ellis,RB,2011,4,REG,2011_04_NE_OAK,NE,LV,0,0,0,0,0,0,0,16,75,1
00-0026019,Danny Woodhead,RB,2011,4,REG,2011_04_NE_OAK,NE,LV,0,0,0,0,0,0,0,2,13,0
00-0026069,Mike Tolbert,FB,2011,4,REG,2011_04_MIA_SD,LAC,MIA,0,0,0,0,0,0,0,6,17,1
00-0026072,Jed Collins,FB,2011,4,REG,2011_04_NO_JAX,NO,JAX,0,0,0,0,0,0,0,1,1,1
00-0026143,Matt Ryan,QB,2011,4,REG,2011_04_ATL_SEA,ATL,SEA,28,42,291,1,0,0,0,4,26,0
00-0026144,Darren McFadden,RB,2011,4,REG,2011_04_NE_OAK,LV,NE,0,0,0,0,0,0,0,14,75,0
00-0026153,Jonathan Stewart,RB,2011,4,REG,2011_04_CAR_CHI,CAR,CHI,0,0,0,0,0,0,0,8,52,0
00-0026158,Joe Flacco,QB,2011,4,REG,2011_04_NYJ_BAL,BAL,NYJ,10,31,163,0,1,2,-8,3,-3,0
00-0026162,Felix Jones,RB,2011,4,REG,2011_04_DET_DAL,DAL,DET,0,0,0,0,0,0,0,16,57,0
00-0026163,Rashard Mendenhall,RB,2011,4,REG,2011_04_PIT_HOU,PIT,HOU,0,0,0,0,0,0,0,9,25,1
00-0026164,Chris Johnson,RB,2011,4,REG,2011_04_TEN_CLE,TEN,CLE,0,0,0,0,0,0,0,23,101,0
00-0026184,Matt Forte,RB,2011,4,REG,2011_04_CAR_CHI,CHI,CAR,0,0,0,0,0,0,0,25,205,1
00-0026195,Ray Rice,RB,2011,4,REG,2011_04_NYJ_BAL,BAL,NYJ,0,0,0,0,0,0,0,25,66,1
00-0026197,Chad Henne,QB,2011,4,REG,2011_04_MIA_SD,MIA,LAC,3,4,27,0,1,0,0,1,1,0
00-0026209,Jacob Hester,RB,2011,4,REG,2011_04_MIA_SD,LAC,MIA,0,0,0,0,0,0,0,1,0,0
00-0026229,Steve Slaton,RB,2011,4,REG,2011_04_MIA_SD,MIA,LAC,0,0,0,0,0,0,0,1,2,0
00-0026262,Tashard Choice,RB,2011,4,REG,2011_04_DET_DAL,DAL,DET,0,0,0,0,0,0,0,6,39,0
00-0026279,Ryan Torain,RB,2011,4,REG,2011_04_WAS_STL,WAS,LA,0,0,0,0,0,0,0,19,135,1
00-0026289,Tim Hightower,RB,2011,4,REG,2011_04_WAS_STL,WAS,LA,0,0,0,0,0,0,0,8,24,0
00-0026300,Josh Johnson,QB,2011,4,REG,2011_04_IND_TB,TB,IND,0,0,0,0,0,0,0,1,8,0
00-0026344,Lex Hilliard,FB,2011,4,REG,2011_04_MIA_SD,MIA,LAC,0,0,0,0,0,0,0,6,20,1
00-0026349,Matt Flynn,QB,2011,4,REG,2011_04_DEN_GB,GB,DEN,0,1,0,0,1,0,0,2,-2,0
00-0026367,Peyton Hillis,RB,2011,4,REG,2011_04_TEN_CLE,CLE,TEN,0,0,0,0,0,0,0,10,46,0
00-0026373,Justin Forsett,RB,2011,4,REG,2011_04_ATL_SEA,SEA,ATL,0,0,0,0,0,0,0,3,11,0
00-0026432,Lance Ball,RB,2011,4,REG,2011_04_DEN_GB,DEN,GB,0,0,0,0,0,0,0,2,5,0
00-0026491,Stefan Logan,WR,2011,4,REG,2011_04_DET_DAL,DET,DAL,0,0,0,0,0,0,0,1,3,0
00-0026498,Matthew Stafford,QB,2011,4,REG,2011_04_DET_DAL,DET,DAL,21,43,240,2,1,0,0,1,-1,0
00-0026566,Isaac Redman,RB,2011,4,REG,2011_04_PIT_HOU,PIT,HOU,0,0,0,0,0,0,0,6,40,0
00-0026796,Arian Foster,RB,2011,4,REG,2011_04_PIT_HOU,HOU,PIT,0,0,0,0,0,0,0,30,155,1
00-0026898,Mark Sanchez,QB,2011,4,REG,2011_04_NYJ_BAL,NYJ,BAL,11,35,119,0,1,2,-7,3,3,0
00-0026899,Shonn Greene,RB,2011,4,REG,2011_04_NYJ_BAL,NYJ,BAL,0,0,0,0,0,0,0,10,23,0
00-0026941,Bernard Scott,RB,2011,4,REG,2011_04_BUF_CIN,CIN,BUF,0,0,0,0,0,0,0,5,13,0
00-0026956,LaRod Stephens-Howling,RB,2011,4,REG,2011_04_NYG_ARI,ARI,NYG,0,0,0,0,0,0,0,1,1,0
00-0026988,Knowshon Moreno,RB,2011,4,REG,2011_04_DEN_GB,DEN,GB,0,0,0,0,0,0,0,2,4,0
00-0026993,Josh Freeman,QB,2011,4,REG,2011_04_IND_TB,TB,IND,25,39,287,1,0,2,-13,6,27,1
00-0026998,Percy Harvin,WR,2011,4,REG,2011_04_MIN_KC,MIN,KC,0,0,0,0,0,0,0,4,67,0
00-0027007,Chris Wells,RB,2011,4,REG,2011_04_NYG_ARI,ARI,NYG,0,0,0,0,0,0,0,27,138,3
00-0027029,LeSean McCoy,RB,2011,4,REG,2011_04_SF_PHI,PHI,SF,0,0,0,0,0,0,0,9,18,0
00-0027120,Javon Ringer,RB,2011,4,REG,2011_04_TEN_CLE,TEN,CLE,0,0,0,0,0,0,0,4,4,0
00-0027134,Curtis Painter,QB,2011,4,REG,2011_04_IND_TB,IND,TB,13,30,281,2,0,4,-25,0,0,0
00-0027140,Chris Ogbonnaya,RB,2011,4,REG,2011_04_PIT_HOU,HOU,PIT,0,0,0,0,0,0,0,1,4,0
00-0027150,Julian Edelman,WR,2011,4,REG,2011_04_NE_OAK,NE,LV,0,0,0,0,0,0,0,1,-1,0
00-0027214,Keiland Williams,RB,2011,4,REG,2011_04_DET_DAL,DET,DAL,0,0,0,0,0,0,0,4,14,0
00-0027325,LeGarrette Blount,RB,2011,4,REG,2011_04_IND_TB,TB,IND,0,0,0,0,0,0,0,25,127,1
00-0027346,Alfonso Smith,RB,2011,4,REG,2011_04_NYG_ARI,ARI,NYG,0,0,0,0,0,0,0,2,16,0
00-0027651,Dexter McCluster,WR,2011,4,REG,2011_04_MIN_KC,KC,MIN,0,0,0,0,0,0,0,7,26,0
00-0027654,Arrelious Benn,WR,2011,4,REG,2011_04_IND_TB,TB,IND,0,0,0,0,0,0,0,1,3,0
00-0027666,Montario Hardesty,RB,2011,4,REG,2011_04_TEN_CLE,CLE,TEN,0,0,0,0,0,0,0,7,22,0
00-0027688,Colt McCoy,QB,2011,4,REG,2011_04_TEN_CLE,CLE,TEN,40,61,350,1,1,3,-11,4,16,0
00-0027690,Eric Decker,WR,2011,4,REG,2011_04_DEN_GB,DEN,GB,0,0,0,0,0,0,0,1,1,0
00-0027702,Mike Williams,WR,2011,4,REG,2011_04_IND_TB,TB,IND,0,0,0,0,0,0,0,1,3,0
00-0027709,Jacoby Ford,WR,2011,4,REG,2011_04_NE_OAK,LV,NE,0,0,0,0,0,0,0,1,30,0
00-0027739,John Conner,FB,2011,4,REG,2011_04_NYJ_BAL,NYJ,BAL,0,0,0,0,0,0,0,3,15,0
00-0027779,Deji Karim,RB,2011,4,REG,2011_04_NO_JAX,JAX,NO,0,0,0,0,0,0,0,4,6,0
00-0027791,James Starks,RB,2011,4,REG,2011_04_DEN_GB,GB,DEN,0,0,0,0,0,0,0,13,63,0
00-0027793,Antonio Brown,WR,2011,4,REG,2011_04_PIT_HOU,PIT,HOU,0,0,0,0,0,0,0,1,8,0
00-0027854,Sam Bradford,QB,2011,4,REG,2011_04_WAS_STL,LA,WAS,20,43,164,1,0,7,-37,0,0,0
00-0027861,C.J. Spiller,RB,2011,4,REG,2011_04_BUF_CIN,BUF,CIN,0,0,0,0,0,0,0,3,12,0
00-0027864,Ryan Mathews,RB,2011,4,REG,2011_04_MIA_SD,LAC,MIA,0,0,0,0,0,0,0,16,81,0
00-0027876,Tim Tebow,QB,2011,4,REG,2011_04_DEN_GB,DEN,GB,0,0,0,0,0,0,0,1,-1,0
00-0027880,Jahvid Best,RB,2011,4,REG,2011_04_DET_DAL,DET,DAL,0,0,0,0,0,0,0,11,47,0
00-0027888,Toby Gerhart,RB,2011,4,REG,2011_04_MIN_KC,MIN,KC,0,0,0,0,0,0,0,2,4,0
00-0027890,Ben Tate,RB,2011,4,REG,2011_04_PIT_HOU,HOU,PIT,0,0,0,0,0,0,0,2,20,0
00-0027902,Dez Bryant,WR,2011,4,REG,2011_04_DET_DAL,DAL,DET,0,0,0,0,0,0,0,1,5,0
00-0027939,Cam Newton,QB,2011,4,REG,2011_04_CAR_CHI,CAR,CHI,27,46,374,1,1,0,0,8,35,2
00-0027942,A.J. Green,WR,2011,4,REG,2011_04_BUF_CIN,CIN,BUF,0,0,0,0,0,0,0,1,6,0
00-0027946,Jake Locker,QB,2011,4,REG,2011_04_TEN_CLE,TEN,CLE,0,1,0,0,0,0,0,0,0,0
00-0027948,Blaine Gabbert,QB,2011,4,REG,2011_04_NO_JAX,JAX,NO,16,42,196,1,1,3,-26,2,14,0
00-0027966,Mark Ingram,RB,2011,4,REG,2011_04_NO_JAX,NO,JAX,0,0,0,0,0,0,0,17,55,0
00-0027973,Andy Dalton,QB,2011,4,REG,2011_04_BUF_CIN,CIN,BUF,18,36,298,1,2,2,-11,3,12,1
00-0028009,DeMarco Murray,RB,2011,4,REG,2011_04_DET_DAL,DAL,DET,0,0,0,0,0,0,0,4,12,0
00-0028011,Stevan Ridley,RB,2011,4,REG,2011_04_NE_OAK,NE,LV,0,0,0,0,0,0,0,10,97,1
00-0028034,Alex Green,RB,2011,4,REG,2011_04_DEN_GB,GB,DEN,0,0,0,0,0,0,0,3,11,0
00-0028043,Roy Helu,RB,2011,4,REG,2011_04_WAS_STL,WAS,LA,0,0,0,0,0,0,0,8,35,0
00-0028053,Kendall Hunter,RB,2011,4,REG,2011_04_SF_PHI,SF,PHI,0,0,0,0,0,0,0,9,38,0
00-0028057,Delone Carter,RB,2011,4,REG,2011_04_IND_TB,IND,TB,0,0,0,0,0,0,0,7,21,0
00-0028068,Jamie Harper,RB,2011,4,REG,2011_04_TEN_CLE,TEN,CLE,0,0,0,0,0,0,0,1,2,0
00-0028083,Jacquizz Rodgers,RB,2011,4,REG,2011_04_ATL_SEA,ATL,SEA,0,0,0,0,0,0,0,6,25,0
00-0028706,Armond Smith,RB,2011,4,REG,2011_04_TEN_CLE,CLE,TEN,0,0,0,0,0,0,0,1,0,0
00-0007091,Matt Hasselbeck,QB,2011,5,REG,2011_05_TEN_PIT,TEN,PIT,29,49,262,1,1,3,-22,1,3,0
00-0011022,Donovan McNabb,QB,2011,5,REG,2011_05_ARI_MIN,MIN,ARI,10,21,169,0,0,1,-9,4,4,1
00-0019596,Tom Brady,QB,2011,5,REG,2011_05_NYJ_NE,NE,NYJ,24,33,321,1,1,4,-27,1,3,0
00-0019641,Thomas Jones,RB,2011,5,REG,2011_05_KC_IND,KC,IND,0,0,0,0,0,0,0,10,55,0
00-0020245,Mike Vick,QB,2011,5,REG,2011_05_PHI_BUF,PHI,BUF,26,40,315,2,4,0,0,6,90,0
00-0020531,Drew Brees,QB,2011,5,REG,2011_05_NO_CAR,NO,CAR,32,45,359,2,1,2,-16,0,0,0
00-0020536,LaDainian Tomlinson,RB,2011,5,REG,2011_05_NYJ_NE,NYJ,NE,0,0,0,0,0,0,0,2,13,0
00-0021357,Rock Cartwright,RB,2011,5,REG,2011_05_OAK_HOU,LV,HOU,0,0,0,0,0,0,0,1,35,0
00-0021755,Earnest Graham,RB,2011,5,REG,2011_05_TB_SF,TB,SF,0,0,0,0,0,0,0,5,30,0
00-0021999,Nate Burleson,WR,2011,5,REG,2011_05_CHI_DET,DET,CHI,0,0,0,0,0,0,0,2,4,0
00-0022178,Willis McGahee,RB,2011,5,REG,2011_05_SD_DEN,DEN,LAC,0,0,0,0,0,0,0,16,125,0
00-0022787,Matt Schaub,QB,2011,5,REG,2011_05_OAK_HOU,HOU,LV,24,51,416,2,2,3,-13,1,0,0
00-0022803,Eli Manning,QB,2011,5,REG,2011_05_SEA_NYG,NYG,SEA,24,39,420,3,3,3,-25,3,5,0
00-0022821,Michael Turner,RB,2011,5,REG,2011_05_GB_ATL,ATL,GB,0,0,0,0,0,0,0,16,56,1
00-0022924,Ben Roethlisberger,QB,2011,5,REG,2011_05_TEN_PIT,PIT,TEN,24,34,228,5,1,1,-4,0,0,0
00-0022942,Philip Rivers,QB,2011,5,REG,2011_05_SD_DEN,LAC,DEN,18,29,250,1,1,5,-38,3,10,1
00-0022984,Ryan Grant,RB,2011,5,REG,2011_05_GB_ATL,GB,ATL,0,0,0,0,0,0,0,7,18,0
00-0023436,Alex Smith,QB,2011,5,REG,2011_05_TB_SF,SF,TB,11,19,170,3,0,0,0,0,0,0
00-0023439,Cedric Benson,RB,2011,5,REG,2011_05_CIN_JAX,CIN,JAX,0,0,0,0,0,0,0,24,53,0
00-0023459,Aaron Rodgers,QB,2011,5,REG,2011_05_GB_ATL,GB,ATL,26,39,396,2,0,4,-27,1,-1,0
00-0023460,Jason Campbell,QB,2011,5,REG,2011_05_OAK_HOU,LV,HOU,15,35,190,2,1,3,-6,0,0,0
00-0023500,Frank Gore,RB,2011,5,REG,2011_05_TB_SF,SF,TB,0,0,0,0,0,0,0,20,125,1
00-0023541,Kyle Orton,QB,2011,5,REG,2011_05_SD_DEN,DEN,LAC,6,13,34,0,1,0,0,1,-1,0
00-0023544,Marion Barber,RB,2011,5,REG,2011_05_CHI_DET,CHI,DET,0,0,0,0,0,0,0,1,3,0
00-0023564,Darren Sproles,RB,2011,5,REG,2011_05_NO_CAR,NO,CAR,0,0,0,0,0,0,0,11,51,0
00-0023662,Matt Cassel,QB,2011,5,REG,2011_05_KC_IND,KC,IND,21,29,257,4,0,2,-15,5,12,0
00-0023682,Ryan Fitzpatrick,QB,2011,5,REG,2011_05_PHI_BUF,BUF,PHI,21,27,193,1,1,1,-5,3,7,0
00-0024204,Fred Jackson,RB,2011,5,REG,2011_05_PHI_BUF,BUF,PHI,0,0,0,0,0,0,0,26,111,1
00-0024221,Vernon Davis,TE,2011,5,REG,2011_05_TB_SF,SF,TB,0,0,0,0,0,0,0,1,-3,0
00-0024226,Jay Cutler,QB,2011,5,REG,2011_05_CHI_DET,CHI,DET,28,38,249,1,0,3,-12,2,3,0
00-0024242,DeAngelo Williams,RB,2011,5,REG,2011_05_NO_CAR,CAR,NO,0,0,0,0,0,0,0,9,115,1
00-0024245,Joseph Addai,RB,2011,5,REG,2011_05_KC_IND,IND,KC,0,0,0,0,0,0,0,6,19,0
00-0024275,Maurice Jones-Drew,RB,2011,5,REG,2011_05_CIN_JAX,JAX,CIN,0,0,0,0,0,0,0,19,85,1
00-0024279,Tarvaris Jackson,QB,2011,5,REG,2011_05_SEA_NYG,SEA,NYG,15,22,166,1,1,4,-24,4,17,0
00-0024296,Charlie Whitehurst,QB,2011,5,REG,2011_05_SEA_NYG,SEA,NYG,11,19,149,1,0,2,-12,2,6,0
00-0024315,Michael Robinson,FB,2011,5,REG,2011_05_SEA_NYG,SEA,NYG,0,0,0,0,0,0,0,3,5,0
00-0024318,Brad Smith,WR,2011,5,REG,2011_05_PHI_BUF,BUF,PHI,0,0,0,0,0,0,0,4,12,1
00-0024332,Leon Washington,RB,2011,5,REG,2011_05_SEA_NYG,SEA,NYG,0,0,0,0,0,0,0,3,10,0
00-0024559,D.J. Ware,RB,2011,5,REG,2011_05_SEA_NYG,NYG,SEA,0,0,0,0,0,0,0,4,3,0
00-0024813,Pierre Thomas,RB,2011,5,REG,2011_05_NO_CAR,NO,CAR,0,0,0,0,0,0,0,7,18,0
00-0025394,Adrian Peterson,RB,2011,5,REG,2011_05_ARI_MIN,MIN,ARI,0,0,0,0,0,0,0,29,122,3
00-0025396,Ted Ginn,WR,2011,5,REG,2011_05_TB_SF,SF,TB,0,0,0,0,0,0,0,1,24,0
00-0025399,Marshawn Lynch,RB,2011,5,REG,2011_05_SEA_NYG,SEA,NYG,0,0,0,0,0,0,0,12,98,1
00-0025423,Kevin Kolb,QB,2011,5,REG,2011_05_ARI_MIN,ARI,MIN,21,42,232,0,2,4,-40,2,10,0
00-0025431,Sidney Rice,WR,2011,5,REG,2011_05_SEA_NYG,SEA,NYG,0,0,0,0,0,0,0,1,0,0
00-0025439,Brian Leonard,RB,2011,5,REG,2011_05_CIN_JAX,CIN,JAX,0,0,0,0,0,0,0,1,4,0
00-0025458,Lorenzo Booker,RB,2011,5,REG,2011_05_ARI_MIN,MIN,ARI,0,0,0,0,0,0,0,1,25,0
00-0025487,Michael Bush,RB,2011,5,REG,2011_05_OAK_HOU,LV,HOU,0,0,0,0,0,0,0,4,9,0
00-0025499,Daniel Sepulveda,P,2011,5,REG,2011_05_TEN_PIT,PIT,TEN,1,1,33,0,0,0,0,0,0,0
00-0025631,Jason Snelling,FB,2011,5,REG,2011_05_GB_ATL,ATL,GB,0,0,0,0,0,0,0,1,2,0
00-0025637,Ahmad Bradshaw,RB,2011,5,REG,2011_05_SEA_NYG,NYG,SEA,0,0,0,0,0,0,0,17,58,0
00-0025701,Jackie Battle,RB,2011,5,REG,2011_05_KC_IND,KC,IND,0,0,0,0,0,0,0,19,119,0
00-0025749,Richard Bartel,QB,2011,5,REG,2011_05_ARI_MIN,ARI,MIN,2,6,22,0,1,0,0,0,0,0
00-0025860,BenJarvus Green-Ellis,RB,2011,5,REG,2011_05_NYJ_NE,NE,NYJ,0,0,0,0,0,0,0,27,136,2
00-0026029,Kregg Lumpkin,RB,2011,5,REG,2011_05_TB_SF,TB,SF,0,0,0,0,0,0,0,2,7,0
00-0026069,Mike Tolbert,FB,2011,5,REG,2011_05_SD_DEN,LAC,DEN,0,0,0,0,0,0,0,5,24,0
00-0026072,Jed Collins,FB,2011,5,REG,2011_05_NO_CAR,NO,CAR,0,0,0,0,0,0,0,1,0,0
00-0026143,Matt Ryan,QB,2011,5,REG,2011_05_GB_ATL,ATL,GB,18,32,167,1,2,1,-11,3,9,0
00-0026144,Darren McFadden,RB,2011,5,REG,2011_05_OAK_HOU,LV,HOU,0,0,0,0,0,0,0,16,51,0
00-0026153,Jonathan Stewart,RB,2011,5,REG,2011_05_NO_CAR,CAR,NO,0,0,0,0,0,0,0,6,20,0
00-0026164,Chris Johnson,RB,2011,5,REG,2011_05_TEN_PIT,TEN,PIT,0,0,0,0,0,0,0,14,51,1
00-0026184,Matt Forte,RB,2011,5,REG,2011_05_CHI_DET,CHI,DET,0,0,0,0,0,0,0,22,116,0
00-0026189,DeSean Jackson,WR,2011,5,REG,2011_05_PHI_BUF,PHI,BUF,0,0,0,0,0,0,0,1,-4,0
00-0026209,Jacob Hester,RB,2011,5,REG,2011_05_SD_DEN,LAC,DEN,0,0,0,0,0,0,0,11,47,0
00-0026300,Josh Johnson,QB,2011,5,REG,2011_05_TB_SF,TB,SF,1,2,7,0,0,1,-2,0,0,0
00-0026373,Justin Forsett,RB,2011,5,REG,2011_05_SEA_NYG,SEA,NYG,0,0,0,0,0,0,0,4,9,0
00-0026491,Stefan Logan,WR,2011,5,REG,2011_05_CHI_DET,DET,CHI,0,0,0,0,0,0,0,1,6,0
00-0026498,Matthew Stafford,QB,2011,5,REG,2011_05_CHI_DET,DET,CHI,19,26,219,2,1,1,-5,1,1,0
00-0026566,Isaac Redman,RB,2011,5,REG,2011_05_TEN_PIT,PIT,TEN,0,0,0,0,0,0,0,15,49,0
00-0026796,Arian Foster,RB,2011,5,REG,2011_05_OAK_HOU,HOU,LV,0,0,0,0,0,0,0,22,68,0
00-0026898,Mark Sanchez,QB,2011,5,REG,2011_05_NYJ_NE,NYJ,NE,16,26,166,2,0,2,-8,0,0,0
00-0026899,Shonn Greene,RB,2011,5,REG,2011_05_NYJ_NE,NYJ,NE,0,0,0,0,0,0,0,21,83,1
00-0026901,Mike Wallace,WR,2011,5,REG,2011_05_TEN_PIT,PIT,TEN,0,0,0,0,0,0,0,1,8,0
00-0026941,Bernard Scott,RB,2011,5,REG,2011_05_CIN_JAX,CIN,JAX,0,0,0,0,0,0,0,6,20,1
00-0026956,LaRod Stephens-Howling,RB,2011,5,REG,2011_05_ARI_MIN,ARI,MIN,0,0,0,0,0,0,0,1,5,0
00-0026993,Josh Freeman,QB,2011,5,REG,2011_05_TB_SF,TB,SF,17,33,187,0,2,2,-6,1,2,0
00-0026998,Percy Harvin,WR,2011,5,REG,2011_05_ARI_MIN,MIN,ARI,0,0,0,0,0,0,0,1,12,0
00-0027003,Donald Brown,RB,2011,5,REG,2011_05_KC_IND,IND,KC,0,0,0,0,0,0,0,8,38,0
00-0027007,Chris Wells,RB,2011,5,REG,2011_05_ARI_MIN,ARI,MIN,0,0,0,0,0,0,0,20,60,1
00-0027029,LeSean McCoy,RB,2011,5,REG,2011_05_PHI_BUF,PHI,BUF,0,0,0,0,0,0,0,11,80,1
00-0027076,Mike Thomas,WR,2011,5,REG,2011_05_CIN_JAX,JAX,CIN,0,0,0,0,0,0,0,1,-4,0
00-0027120,Javon Ringer,RB,2011,5,REG,2011_05_TEN_PIT,TEN,PIT,0,0,0,0,0,0,0,3,12,0
00-0027134,Curtis Painter,QB,2011,5,REG,2011_05_KC_IND,IND,KC,15,27,277,2,0,0,0,1,-1,0
00-0027140,Chris Ogbonnaya,RB,2011,5,REG,2011_05_OAK_HOU,HOU,LV,0,0,0,0,0,0,0,2,2,0
00-0027214,Keiland Williams,RB,2011,5,REG,2011_05_CHI_DET,DET,CHI,0,0,0,0,0,0,0,4,7,0
00-0027265,Victor Cruz,WR,2011,5,REG,2011_05_SEA_NYG,NYG,SEA,0,0,0,0,0,0,0,1,3,0
00-0027325,LeGarrette Blount,RB,2011,5,REG,2011_05_TB_SF,TB,SF,0,0,0,0,0,0,0,10,34,0
00-0027346,Alfonso Smith,RB,2011,5,REG,2011_05_ARI_MIN,ARI,MIN,0,0,0,0,0,0,0,1,2,0
00-0027651,Dexter McCluster,WR,2011,5,REG,2011_05_KC_IND,KC,IND,0,0,0,0,0,0,0,4,8,0
00-0027709,Jacoby Ford,WR,2011,5,REG,2011_05_OAK_HOU,LV,HOU,0,0,0,0,0,0,0,1,-1,0
00-0027712,Joe McKnight,RB,2011,5,REG,2011_05_NYJ_NE,NYJ,NE,0,0,0,0,0,0,0,1,1,0
00-0027739,John Conner,FB,2011,5,REG,2011_05_NYJ_NE,NYJ,NE,0,0,0,0,0,0,0,1,0,0
00-0027772,Anthony Dixon,RB,2011,5,REG,2011_05_TB_SF,SF,TB,0,0,0,0,0,0,0,2,4,1
00-0027779,Deji Karim,RB,2011,5,REG,2011_05_CIN_JAX,JAX,CIN,0,0,0,0,0,0,0,2,4,0
00-0027786,Jonathan Dwyer,RB,2011,5,REG,2011_05_TEN_PIT,PIT,TEN,0,0,0,0,0,0,0,11,107,0
00-0027791,James Starks,RB,2011,5,REG,2011_05_GB_ATL,GB,ATL,0,0,0,0,0,0,0,12,40,0
00-0027793,Antonio Brown,WR,2011,5,REG,2011_05_TEN_PIT,PIT,TEN,0,0,0,0,0,0,0,1,10,0
00-0027861,C.J. Spiller,RB,2011,5,REG,2011_05_PHI_BUF,BUF,PHI,0,0,0,0,0,0,0,2,13,0
00-0027864,Ryan Mathews,RB,2011,5,REG,2011_05_SD_DEN,LAC,DEN,0,0,0,0,0,0,0,24,125,0
00-0027876,Tim Tebow,QB,2011,5,REG,2011_05_SD_DEN,DEN,LAC,4,10,79,1,0,0,0,6,38,1
00-0027880,Jahvid Best,RB,2011,5,REG,2011_05_CHI_DET,DET,CHI,0,0,0,0,0,0,0,12,163,1
00-0027888,Toby Gerhart,RB,2011,5,REG,2011_05_ARI_MIN,MIN,ARI,0,0,0,0,0,0,0,2,9,0
00-0027939,Cam Newton,QB,2011,5,REG,2011_05_NO_CAR,CAR,NO,16,31,224,2,1,1,-5,7,27,1
00-0027944,Julio Jones,WR,2011,5,REG,2011_05_GB_ATL,ATL,GB,0,0,0,0,0,0,0,1,17,0
00-0027948,Blaine Gabbert,QB,2011,5,REG,2011_05_CIN_JAX,JAX,CIN,15,28,221,1,0,3,-21,5,11,0
00-0027966,Mark Ingram,RB,2011,5,REG,2011_05_NO_CAR,NO,CAR,0,0,0,0,0,0,0,9,32,1
00-0027973,Andy Dalton,QB,2011,5,REG,2011_05_CIN_JAX,CIN,JAX,21,33,179,2,1,2,-17,0,0,0
00-0027974,Colin Kaepernick,QB,2011,5,REG,2011_05_TB_SF,SF,TB,3,3,35,0,0,0,0,2,-2,0
00-0028011,Stevan Ridley,RB,2011,5,REG,2011_05_NYJ_NE,NE,NYJ,0,0,0,0,0,0,0,7,13,0
00-0028053,Kendall Hunter,RB,2011,5,REG,2011_05_TB_SF,SF,TB,0,0,0,0,0,0,0,9,65,0
00-0028057,Delone Carter,RB,2011,5,REG,2011_05_KC_IND,IND,KC,0,0,0,0,0,0,0,12,22,1
00-0028083,Jacquizz Rodgers,RB,2011,5,REG,2011_05_GB_ATL,ATL,GB,0,0,0,0,0,0,0,1,11,0
00-0028087,Dion Lewis,RB,2011,5,REG,2011_05_PHI_BUF,PHI,BUF,0,0,0,0,0,0,0,2,8,0
00-0028125,Allen Bradford,LB,2011,5,REG,2011_05_TB_SF,TB,SF,0,0,0,0,0,0,0,5,13,0
00-0028149,Bruce Miller,FB,2011,5,REG,2011_05_TB_SF,SF,TB,0,0,0,0,0,0,0,1,0,0
00-0011022,Donovan McNabb,QB,2011,6,REG,2011_06_MIN_CHI,MIN,CHI,19,24,177,0,0,5,-43,0,0,0
00-0017915,Ricky Williams,RB,2011,6,REG,2011_06_HOU_BAL,BAL,HOU,0,0,0,0,0,0,0,2,8,1
00-0019596,Tom Brady,QB,2011,6,REG,2011_06_DAL_NE,NE,DAL,27,41,289,2,2,3,-19,4,17,0
00-0019714,Shane Lechler,P,2011,6,REG,2011_06_CLE_OAK,LV,CLE,1,1,35,1,0,0,0,0,0,0
00-0020245,Mike Vick,QB,2011,6,REG,2011_06_PHI_WAS,PHI,WAS,18,31,237,1,1,2,-7,7,54,0
00-0020531,Drew Brees,QB,2011,6,REG,2011_06_NO_TB,NO,TB,29,45,383,1,3,0,0,3,21,0
00-0020536,LaDainian Tomlinson,RB,2011,6,REG,2011_06_MIA_NYJ,NYJ,MIA,0,0,0,0,0,1,-2,7,25,0
00-0021182,Maurice Morris,RB,2011,6,REG,2011_06_SF_DET,DET,SF,0,0,0,0,0,0,0,5,20,0
00-0021678,Tony Romo,QB,2011,6,REG,2011_06_DAL_NE,DAL,NE,27,41,317,1,1,2,-17,1,17,0
00-0021755,Earnest Graham,RB,2011,6,REG,2011_06_NO_TB,TB,NO,0,0,0,0,0,0,0,17,109,0
00-0022121,Rex Grossman,QB,2011,6,REG,2011_06_PHI_WAS,WAS,PHI,9,22,143,0,4,1,-8,0,0,0
00-0022143,Ovie Mughelli,FB,2011,6,REG,2011_06_CAR_ATL,ATL,CAR,0,0,0,0,0,0,0,1,0,0
00-0022164,Kyle Boller,QB,2011,6,REG,2011_06_CLE_OAK,LV,CLE,8,14,100,0,0,2,-9,5,9,0
00-0022397,Vonta Leach,FB,2011,6,REG,2011_06_HOU_BAL,BAL,HOU,0,0,0,0,0,0,0,2,5,0
00-0022736,Steven Jackson,RB,2011,6,REG,2011_06_STL_GB,LA,GB,0,0,0,0,0,0,0,18,96,0
00-0022787,Matt Schaub,QB,2011,6,REG,2011_06_HOU_BAL,HOU,BAL,21,37,220,1,0,4,-20,1,3,0
00-0022803,Eli Manning,QB,2011,6,REG,2011_06_BUF_NYG,NYG,BUF,21,32,292,0,0,0,0,2,-1,0
00-0022821,Michael Turner,RB,2011,6,REG,2011_06_CAR_ATL,ATL,CAR,0,0,0,0,0,0,0,27,139,2
00-0022924,Ben Roethlisberger,QB,2011,6,REG,2011_06_JAX_PIT,PIT,JAX,12,23,200,1,0,3,-15,3,9,0
00-0022984,Ryan Grant,RB,2011,6,REG,2011_06_STL_GB,GB,LA,0,0,0,0,0,0,0,9,25,0
00-0022999,John Kuhn,FB,2011,6,REG,2011_06_STL_GB,GB,LA,0,0,0,0,0,0,0,2,1,0
00-0023436,Alex Smith,QB,2011,6,REG,2011_06_SF_DET,SF,DET,17,32,125,1,1,2,-14,2,5,0
00-0023439,Cedric Benson,RB,2011,6,REG,2011_06_IND_CIN,CIN,IND,0,0,0,0,0,0,0,16,57,1
00-0023440,Cadillac Williams,RB,2011,6,REG,2011_06_STL_GB,LA,GB,0,0,0,0,0,0,0,3,17,0
00-0023459,Aaron Rodgers,QB,2011,6,REG,2011_06_STL_GB,GB,LA,18,29,316,3,1,1,-7,7,15,0
00-0023460,Jason Campbell,QB,2011,6,REG,2011_06_CLE_OAK,LV,CLE,6,9,52,0,0,0,0,2,16,0
00-0023500,Frank Gore,RB,2011,6,REG,2011_06_SF_DET,SF,DET,0,0,0,0,0,0,0,15,141,1
00-0023544,Marion Barber,RB,2011,6,REG,2011_06_MIN_CHI,CHI,MIN,0,0,0,0,0,0,0,11,32,1
00-0023564,Darren Sproles,RB,2011,6,REG,2011_06_NO_TB,NO,TB,0,0,0,0,0,0,0,1,16,0
00-0023682,Ryan Fitzpatrick,QB,2011,6,REG,2011_06_BUF_NYG,BUF,NYG,21,30,244,2,2,3,-25,3,8,0
00-0024204,Fred Jackson,RB,2011,6,REG,2011_06_BUF_NYG,BUF,NYG,0,0,0,0,0,0,0,16,121,1
00-0024217,Reggie Bush,RB,2011,6,REG,2011_06_MIA_NYJ,MIA,NYJ,0,0,0,0,0,0,0,10,71,0
00-0024218,Vince Young,QB,2011,6,REG,2011_06_PHI_WAS,PHI,WAS,0,1,0,0,1,0,0,1,2,0
00-0024226,Jay Cutler,QB,2011,6,REG,2011_06_MIN_CHI,CHI,MIN,21,31,267,2,0,1,-9,0,0,0
00-0024242,DeAngelo Williams,RB,2011,6,REG,2011_06_CAR_ATL,CAR,ATL,0,0,0,0,0,0,0,12,44,0
00-0024275,Maurice Jones-Drew,RB,2011,6,REG,2011_06_JAX_PIT,JAX,PIT,0,0,0,0,0,0,0,22,96,0
00-0024318,Brad Smith,WR,2011,6,REG,2011_06_BUF_NYG,BUF,NYG,0,0,0,0,0,0,0,4,26,0
00-0024559,D.J. Ware,RB,2011,6,REG,2011_06_BUF_NYG,NYG,BUF,0,0,0,0,0,0,0,5,19,0
00-0024813,Pierre Thomas,RB,2011,6,REG,2011_06_NO_TB,NO,TB,0,0,0,0,0,0,0,7,11,0
00-0025394,Adrian Peterson,RB,2011,6,REG,2011_06_MIN_CHI,MIN,CHI,0,0,0,0,0,0,0,12,39,1
00-0025396,Ted Ginn,WR,2011,6,REG,2011_06_SF_DET,SF,DET,0,0,0,0,0,0,0,2,21,0
00-0025427,John Beck,QB,2011,6,REG,2011_06_PHI_WAS,WAS,PHI,8,15,117,0,0,1,-7,2,14,1
00-0025439,Brian Leonard,RB,2011,6,REG,2011_06_IND_CIN,CIN,IND,0,0,0,0,0,0,0,2,9,0
00-0025458,Lorenzo Booker,RB,2011,6,REG,2011_06_MIN_CHI,MIN,CHI,0,0,0,0,0,0,0,1,-3,0
00-0025487,Michael Bush,RB,2011,6,REG,2011_06_CLE_OAK,LV,CLE,0,0,0,0,0,0,0,10,28,0
00-0025631,Jason Snelling,FB,2011,6,REG,2011_06_CAR_ATL,ATL,CAR,0,0,0,0,0,0,0,3,12,0
00-0025637,Ahmad Bradshaw,RB,2011,6,REG,2011_06_BUF_NYG,NYG,BUF,0,0,0,0,0,0,0,26,104,3
00-0025708,Matt Moore,QB,2011,6,REG,2011_06_MIA_NYJ,MIA,NYJ,16,34,204,0,2,4,-14,0,0,0
00-0025860,BenJarvus Green-Ellis,RB,2011,6,REG,2011_06_DAL_NE,NE,DAL,0,0,0,0,0,0,0,14,58,0
00-0026019,Danny Woodhead,RB,2011,6,REG,2011_06_DAL_NE,NE,DAL,0,0,0,0,0,0,0,4,7,0
00-0026029,Kregg Lumpkin,RB,2011,6,REG,2011_06_NO_TB,TB,NO,0,0,0,0,0,0,0,2,13,0
00-0026143,Matt Ryan,QB,2011,6,REG,2011_06_CAR_ATL,ATL,CAR,14,22,163,1,0,1,-4,3,7,1
00-0026144,Darren McFadden,RB,2011,6,REG,2011_06_CLE_OAK,LV,CLE,0,0,0,0,0,0,0,20,91,1
00-0026153,Jonathan Stewart,RB,2011,6,REG,2011_06_CAR_ATL,CAR,ATL,0,0,0,0,0,0,0,7,48,1
00-0026158,Joe Flacco,QB,2011,6,REG,2011_06_HOU_BAL,BAL,HOU,20,33,305,0,1,2,-16,3,-1,1
00-0026162,Felix Jones,RB,2011,6,REG,2011_06_DAL_NE,DAL,NE,0,0,0,0,0,0,0,7,12,0
00-0026163,Rashard Mendenhall,RB,2011,6,REG,2011_06_JAX_PIT,PIT,JAX,0,0,0,0,0,0,0,23,146,1
00-0026184,Matt Forte,RB,2011,6,REG,2011_06_MIN_CHI,CHI,MIN,0,0,0,0,0,0,0,17,87,0
00-0026195,Ray Rice,RB,2011,6,REG,2011_06_HOU_BAL,BAL,HOU,0,0,0,0,0,0,0,23,101,0
00-0026262,Tashard Choice,RB,2011,6,REG,2011_06_DAL_NE,DAL,NE,0,0,0,0,0,0,0,5,14,0
00-0026279,Ryan Torain,RB,2011,6,REG,2011_06_PHI_WAS,WAS,PHI,0,0,0,0,0,0,0,10,22,0
00-0026367,Peyton Hillis,RB,2011,6,REG,2011_06_CLE_OAK,CLE,LV,0,0,0,0,0,0,0,6,14,0
00-0026498,Matthew Stafford,QB,2011,6,REG,2011_06_SF_DET,DET,SF,28,50,293,2,0,5,-49,1,9,0
00-0026566,Isaac Redman,RB,2011,6,REG,2011_06_JAX_PIT,PIT,JAX,0,0,0,0,0,0,0,4,22,0
00-0026796,Arian Foster,RB,2011,6,REG,2011_06_HOU_BAL,HOU,BAL,0,0,0,0,0,0,0,15,49,0
00-0026898,Mark Sanchez,QB,2011,6,REG,2011_06_MIA_NYJ,NYJ,MIA,14,25,201,1,0,1,-7,1,5,1
00-0026899,Shonn Greene,RB,2011,6,REG,2011_06_MIA_NYJ,NYJ,MIA,0,0,0,0,0,0,0,21,74,0
00-0026937,Brandon Gibson,WR,2011,6,REG,2011_06_STL_GB,LA,GB,0,0,0,0,0,0,0,1,5,0
00-0026941,Bernard Scott,RB,2011,6,REG,2011_06_IND_CIN,CIN,IND,0,0,0,0,0,0,0,11,29,0
00-0026993,Josh Freeman,QB,2011,6,REG,2011_06_NO_TB,TB,NO,23,41,303,2,0,0,0,4,3,0
00-0026998,Percy Harvin,WR,2011,6,REG,2011_06_MIN_CHI,MIN,CHI,0,0,0,0,0,0,0,1,5,0
00-0027003,Donald Brown,RB,2011,6,REG,2011_06_IND_CIN,IND,CIN,0,0,0,0,0,0,0,5,35,1
00-0027029,LeSean McCoy,RB,2011,6,REG,2011_06_PHI_WAS,PHI,WAS,0,0,0,0,0,0,0,28,126,1
00-0027134,Curtis Painter,QB,2011,6,REG,2011_06_IND_CIN,IND,CIN,23,34,188,1,1,1,-9,4,14,0
00-0027412,Manase Tonga,FB,2011,6,REG,2011_06_CLE_OAK,LV,CLE,0,0,0,0,0,0,0,1,12,0
00-0027450,Preston Parker,WR,2011,6,REG,2011_06_NO_TB,TB,NO,0,0,0,0,0,0,0,1,-3,0
00-0027654,Arrelious Benn,WR,2011,6,REG,2011_06_NO_TB,TB,NO,0,0,0,0,0,0,0,1,-5,0
00-0027666,Montario Hardesty,RB,2011,6,REG,2011_06_CLE_OAK,CLE,LV,0,0,0,0,0,0,0,11,35,0
00-0027688,Colt McCoy,QB,2011,6,REG,2011_06_CLE_OAK,CLE,LV,21,45,215,2,0,2,-12,4,16,0
00-0027772,Anthony Dixon,RB,2011,6,REG,2011_06_SF_DET,SF,DET,0,0,0,0,0,0,0,1,0,0
00-0027779,Deji Karim,RB,2011,6,REG,2011_06_JAX_PIT,JAX,PIT,0,0,0,0,0,0,0,5,21,0
00-0027786,Jonathan Dwyer,RB,2011,6,REG,2011_06_JAX_PIT,PIT,JAX,0,0,0,0,0,0,0,2,8,0
00-0027791,James Starks,RB,2011,6,REG,2011_06_STL_GB,GB,LA,0,0,0,0,0,0,0,13,49,0
00-0027796,Joe Webb,QB,2011,6,REG,2011_06_MIN_CHI,MIN,CHI,0,1,0,0,0,0,0,1,1,0
00-0027854,Sam Bradford,QB,2011,6,REG,2011_06_STL_GB,LA,GB,29,45,328,0,1,3,-22,2,0,0
00-0027880,Jahvid Best,RB,2011,6,REG,2011_06_SF_DET,DET,SF,0,0,0,0,0,0,0,12,37,0
00-0027888,Toby Gerhart,RB,2011,6,REG,2011_06_MIN_CHI,MIN,CHI,0,0,0,0,0,0,0,1,3,0
00-0027890,Ben Tate,RB,2011,6,REG,2011_06_HOU_BAL,HOU,BAL,0,0,0,0,0,0,0,9,41,0
00-0027939,Cam Newton,QB,2011,6,REG,2011_06_CAR_ATL,CAR,ATL,21,35,237,0,3,1,-8,7,47,1
00-0027948,Blaine Gabbert,QB,2011,6,REG,2011_06_JAX_PIT,JAX,PIT,12,26,109,1,0,5,-33,3,16,0
00-0027950,Christian Ponder,QB,2011,6,REG,2011_06_MIN_CHI,MIN,CHI,9,17,99,0,0,0,0,1,8,0
00-0027966,Mark Ingram,RB,2011,6,REG,2011_06_NO_TB,NO,TB,0,0,0,0,0,0,0,9,22,1
00-0027973,Andy Dalton,QB,2011,6,REG,2011_06_IND_CIN,CIN,IND,25,32,264,1,0,0,0,2,-1,0
00-0028000,Daniel Thomas,RB,2011,6,REG,2011_06_MIA_NYJ,MIA,NYJ,0,0,0,0,0,0,0,15,47,0
00-0028009,DeMarco Murray,RB,2011,6,REG,2011_06_DAL_NE,DAL,NE,0,0,0,0,0,0,0,11,34,0
00-0028011,Stevan Ridley,RB,2011,6,REG,2011_06_DAL_NE,NE,DAL,0,0,0,0,0,0,0,3,19,0
00-0028043,Roy Helu,RB,2011,6,REG,2011_06_PHI_WAS,WAS,PHI,0,0,0,0,0,0,0,2,6,0
00-0028053,Kendall Hunter,RB,2011,6,REG,2011_06_SF_DET,SF,DET,0,0,0,0,0,0,0,8,33,0
00-0028057,Delone Carter,RB,2011,6,REG,2011_06_IND_CIN,IND,CIN,0,0,0,0,0,0,0,14,45,0
00-0028083,Jacquizz Rodgers,RB,2011,6,REG,2011_06_CAR_ATL,ATL,CAR,0,0,0,0,0,0,0,1,8,0
00-0028086,Denarius Moore,WR,2011,6,REG,2011_06_CLE_OAK,LV,CLE,0,0,0,0,0,0,0,1,-3,0
00-0028087,Dion Lewis,RB,2011,6,REG,2011_06_PHI_WAS,PHI,WAS,0,0,0,0,0,0,0,2,10,0
00-0028149,Bruce Miller,FB,2011,6,REG,2011_06_SF_DET,SF,DET,0,0,0,0,0,0,0,1,3,0
00-0028179,David Ausberry,TE,2011,6,REG,2011_06_CLE_OAK,LV,CLE,0,0,0,0,0,0,0,1,-2,0
00-0007091,Matt Hasselbeck,QB,2011,7,REG,2011_07_HOU_TEN,TEN,HOU,14,30,104,1,2,1,-12,0,0,0
00-0009311,Jon Kitna,QB,2011,7,REG,2011_07_STL_DAL,DAL,LA,0,0,0,0,0,0,0,1,-1,0
00-0017915,Ricky Williams,RB,2011,7,REG,2011_07_BAL_JAX,BAL,JAX,0,0,0,0,0,0,0,3,5,0
00-0019641,Thomas Jones,RB,2011,7,REG,2011_07_KC_OAK,KC,LV,0,0,0,0,0,0,0,9,19,0
00-0019709,Chris Redman,QB,2011,7,REG,2011_07_ATL_DET,ATL,DET,0,1,0,0,0,0,0,0,0,0
00-0020305,A.J. Feeley,QB,2011,7,REG,2011_07_STL_DAL,LA,DAL,20,33,196,0,1,1,-1,1,-1,0
00-0020337,Steve Smith,WR,2011,7,REG,2011_07_WAS_CAR,CAR,WAS,0,0,0,0,0,0,0,1,6,0
00-0020531,Drew Brees,QB,2011,7,REG,2011_07_IND_NO,NO,IND,31,35,325,5,0,2,-4,0,0,0
00-0020536,LaDainian Tomlinson,RB,2011,7,REG,2011_07_SD_NYJ,NYJ,LAC,0,0,0,0,0,0,0,5,14,0
00-0021182,Maurice Morris,RB,2011,7,REG,2011_07_ATL_DET,DET,ATL,0,0,0,0,0,0,0,9,50,0
00-0021429,Carson Palmer,QB,2011,7,REG,2011_07_KC_OAK,LV,KC,8,21,116,0,3,0,0,0,0,0
00-0021678,Tony Romo,QB,2011,7,REG,2011_07_STL_DAL,DAL,LA,14,24,166,2,0,2,-15,0,0,0
00-0021755,Earnest Graham,RB,2011,7,REG,2011_07_CHI_TB,TB,CHI,0,0,0,0,0,0,0,2,13,0
00-0021999,Nate Burleson,WR,2011,7,REG,2011_07_ATL_DET,DET,ATL,0,0,0,0,0,0,0,2,10,0
00-0022164,Kyle Boller,QB,2011,7,REG,2011_07_KC_OAK,LV,KC,7,14,61,0,3,1,-10,4,29,0
00-0022178,Willis McGahee,RB,2011,7,REG,2011_07_DEN_MIA,DEN,MIA,0,0,0,0,0,0,0,18,76,0
00-0022217,Mewelde Moore,RB,2011,7,REG,2011_07_PIT_ARI,PIT,ARI,0,0,0,0,0,0,0,6,26,0
00-0022397,Vonta Leach,FB,2011,7,REG,2011_07_BAL_JAX,BAL,JAX,0,0,0,0,0,0,0,1,1,0
00-0022736,Steven Jackson,RB,2011,7,REG,2011_07_STL_DAL,LA,DAL,0,0,0,0,0,0,0,18,70,1
00-0022770,Derrick Ward,RB,2011,7,REG,2011_07_HOU_TEN,HOU,TEN,0,0,0,0,0,0,0,5,7,0
00-0022787,Matt Schaub,QB,2011,7,REG,2011_07_HOU_TEN,HOU,TEN,18,23,296,2,0,0,0,0,0,0
00-0022821,Michael Turner,RB,2011,7,REG,2011_07_ATL_DET,ATL,DET,0,0,0,0,0,0,0,27,122,0
00-0022924,Ben Roethlisberger,QB,2011,7,REG,2011_07_PIT_ARI,PIT,ARI,26,39,361,3,0,2,-7,2,-2,0
00-0022942,Philip Rivers,QB,2011,7,REG,2011_07_SD_NYJ,LAC,NYJ,16,32,179,1,2,1,-7,1,-1,0
00-0022984,Ryan Grant,RB,2011,7,REG,2011_07_GB_MIN,GB,MIN,0,0,0,0,0,0,0,9,29,0
00-0022999,John Kuhn,FB,2011,7,REG,2011_07_GB_MIN,GB,MIN,0,0,0,0,0,0,0,1,1,0
00-0023440,Cadillac Williams,RB,2011,7,REG,2011_07_STL_DAL,LA,DAL,0,0,0,0,0,0,0,2,1,0
00-0023459,Aaron Rodgers,QB,2011,7,REG,2011_07_GB_MIN,GB,MIN,24,30,335,3,0,4,-28,2,8,0
00-0023465,Heath Miller,TE,2011,7,REG,2011_07_PIT_ARI,PIT,ARI,0,0,0,0,0,0,0,1,6,0
00-0023544,Marion Barber,RB,2011,7,REG,2011_07_CHI_TB,CHI,TB,0,0,0,0,0,0,0,6,39,1
00-0023564,Darren Sproles,RB,2011,7,REG,2011_07_IND_NO,NO,IND,0,0,0,0,0,0,0,12,88,1
00-0023578,Dan Orlovsky,QB,2011,7,REG,2011_07_IND_NO,IND,NO,3,5,35,0,0,0,0,0,0,0
00-0023662,Matt Cassel,QB,2011,7,REG,2011_07_KC_OAK,KC,LV,15,30,161,0,2,0,0,2,-2,0
00-0023968,Micheal Spurlock,WR,2011,7,REG,2011_07_CHI_TB,TB,CHI,0,1,0,0,0,0,0,0,0,0
00-0024217,Reggie Bush,RB,2011,7,REG,2011_07_DEN_MIA,MIA,DEN,0,0,0,0,0,0,0,10,42,0
00-0024226,Jay Cutler,QB,2011,7,REG,2011_07_CHI_TB,CHI,TB,17,32,226,1,2,2,-8,1,-1,0
00-0024242,DeAngelo Williams,RB,2011,7,REG,2011_07_WAS_CAR,CAR,WAS,0,0,0,0,0,0,0,10,35,0
00-0024245,Joseph Addai,RB,2011,7,REG,2011_07_IND_NO,IND,NO,0,0,0,0,0,0,0,2,8,0
00-0024272,Devin Hester,WR,2011,7,REG,2011_07_CHI_TB,CHI,TB,0,0,0,0,0,0,0,1,-6,0
00-0024275,Maurice Jones-Drew,RB,2011,7,REG,2011_07_BAL_JAX,JAX,BAL,0,0,0,0,0,0,0,30,105,0
00-0024296,Charlie Whitehurst,QB,2011,7,REG,2011_07_SEA_CLE,SEA,CLE,12,30,97,0,1,4,-28,1,6,0
00-0024332,Leon Washington,RB,2011,7,REG,2011_07_SEA_CLE,SEA,CLE,0,0,0,0,0,0,0,7,39,0
00-0024394,Lawrence Vickers,FB,2011,7,REG,2011_07_HOU_TEN,HOU,TEN,0,0,0,0,0,0,0,1,0,0
00-0024813,Pierre Thomas,RB,2011,7,REG,2011_07_IND_NO,NO,IND,0,0,0,0,0,0,0,10,57,0
00-0025394,Adrian Peterson,RB,2011,7,REG,2011_07_GB_MIN,MIN,GB,0,0,0,0,0,0,0,24,175,1
00-0025414,Robert Meachem,WR,2011,7,REG,2011_07_IND_NO,NO,IND,0,0,0,0,0,0,0,1,-1,0
00-0025423,Kevin Kolb,QB,2011,7,REG,2011_07_PIT_ARI,ARI,PIT,18,34,272,2,1,2,-15,2,14,0
00-0025427,John Beck,QB,2011,7,REG,2011_07_WAS_CAR,WAS,CAR,22,37,279,1,1,3,-18,3,10,1
00-0025460,Jacoby Jones,WR,2011,7,REG,2011_07_HOU_TEN,HOU,TEN,0,0,0,0,0,0,0,1,-4,0
00-0025487,Michael Bush,RB,2011,7,REG,2011_07_KC_OAK,LV,KC,0,0,0,0,0,0,0,17,99,0
00-0025524,Le'Ron McClain,FB,2011,7,REG,2011_07_KC_OAK,KC,LV,0,0,0,0,0,0,0,1,1,1
00-0025701,Jackie Battle,RB,2011,7,REG,2011_07_KC_OAK,KC,LV,0,0,0,0,0,0,0,16,76,0
00-0025708,Matt Moore,QB,2011,7,REG,2011_07_DEN_MIA,MIA,DEN,22,33,197,1,0,4,-24,2,-1,0
00-0026029,Kregg Lumpkin,RB,2011,7,REG,2011_07_CHI_TB,TB,CHI,0,0,0,0,0,0,0,8,15,0
00-0026069,Mike Tolbert,FB,2011,7,REG,2011_07_SD_NYJ,LAC,NYJ,0,0,0,0,0,0,0,11,58,1
00-0026072,Jed Collins,FB,2011,7,REG,2011_07_IND_NO,NO,IND,0,0,0,0,0,0,0,1,1,1
00-0026143,Matt Ryan,QB,2011,7,REG,2011_07_ATL_DET,ATL,DET,20,34,218,1,2,3,-19,3,2,1
00-0026144,Darren McFadden,RB,2011,7,REG,2011_07_KC_OAK,LV,KC,0,0,0,0,0,0,0,2,4,0
00-0026153,Jonathan Stewart,RB,2011,7,REG,2011_07_WAS_CAR,CAR,WAS,0,0,0,0,0,0,0,14,68,1
00-0026158,Joe Flacco,QB,2011,7,REG,2011_07_BAL_JAX,BAL,JAX,21,38,137,1,1,3,-25,0,0,0
00-0026163,Rashard Mendenhall,RB,2011,7,REG,2011_07_PIT_ARI,PIT,ARI,0,0,0,0,0,0,0,13,32,0
00-0026164,Chris Johnson,RB,2011,7,REG,2011_07_HOU_TEN,TEN,HOU,0,0,0,0,0,0,0,10,18,0
00-0026184,Matt Forte,RB,2011,7,REG,2011_07_CHI_TB,CHI,TB,0,0,0,0,0,0,0,25,145,1
00-0026195,Ray Rice,RB,2011,7,REG,2011_07_BAL_JAX,BAL,JAX,0,0,0,0,0,0,0,8,28,0
00-0026262,Tashard Choice,RB,2011,7,REG,2011_07_STL_DAL,DAL,LA,0,0,0,0,0,0,0,2,8,0
00-0026279,Ryan Torain,RB,2011,7,REG,2011_07_WAS_CAR,WAS,CAR,0,0,0,0,0,0,0,2,-5,0
00-0026286,Jerome Felton,FB,2011,7,REG,2011_07_WAS_CAR,CAR,WAS,0,0,0,0,0,0,0,2,7,0
00-0026289,Tim Hightower,RB,2011,7,REG,2011_07_WAS_CAR,WAS,CAR,0,0,0,0,0,0,0,17,88,0
00-0026373,Justin Forsett,RB,2011,7,REG,2011_07_SEA_CLE,SEA,CLE,0,0,0,0,0,0,0,8,23,0
00-0026432,Lance Ball,RB,2011,7,REG,2011_07_DEN_MIA,DEN,MIA,0,0,0,0,0,0,0,6,14,0
00-0026498,Matthew Stafford,QB,2011,7,REG,2011_07_ATL_DET,DET,ATL,15,32,183,1,0,3,-24,0,0,0
00-0026566,Isaac Redman,RB,2011,7,REG,2011_07_PIT_ARI,PIT,ARI,0,0,0,0,0,0,0,6,29,0
00-0026796,Arian Foster,RB,2011,7,REG,2011_07_HOU_TEN,HOU,TEN,0,0,0,0,0,0,0,25,115,2
00-0026898,Mark Sanchez,QB,2011,7,REG,2011_07_SD_NYJ,NYJ,LAC,18,33,173,3,1,2,-17,3,25,0
00-0026899,Shonn Greene,RB,2011,7,REG,2011_07_SD_NYJ,NYJ,LAC,0,0,0,0,0,0,0,20,112,0
00-0026988,Knowshon Moreno,RB,2011,7,REG,2011_07_DEN_MIA,DEN,MIA,0,0,0,0,0,0,0,7,28,0
00-0026993,Josh Freeman,QB,2011,7,REG,2011_07_CHI_TB,TB,CHI,29,51,264,2,4,1,-14,0,0,0
00-0026998,Percy Harvin,WR,2011,7,REG,2011_07_GB_MIN,MIN,GB,0,0,0,0,0,0,0,2,8,0
00-0027003,Donald Brown,RB,2011,7,REG,2011_07_IND_NO,IND,NO,0,0,0,0,0,0,0,9,47,0
00-0027007,Chris Wells,RB,2011,7,REG,2011_07_PIT_ARI,ARI,PIT,0,0,0,0,0,0,0,12,42,0
00-0027120,Javon Ringer,RB,2011,7,REG,2011_07_HOU_TEN,TEN,HOU,0,0,0,0,0,0,0,3,31,0
00-0027134,Curtis Painter,QB,2011,7,REG,2011_07_IND_NO,IND,NO,9,17,67,0,1,1,-5,2,11,0
00-0027140,Chris Ogbonnaya,RB,2011,7,REG,2011_07_SEA_CLE,CLE,SEA,0,0,0,0,0,0,0,3,15,0
00-0027214,Keiland Williams,RB,2011,7,REG,2011_07_ATL_DET,DET,ATL,0,0,0,0,0,0,0,9,44,0
00-0027346,Alfonso Smith,RB,2011,7,REG,2011_07_PIT_ARI,ARI,PIT,0,0,0,0,0,0,0,5,17,1
00-0027651,Dexter McCluster,WR,2011,7,REG,2011_07_KC_OAK,KC,LV,0,0,0,0,0,0,0,10,38,0
00-0027654,Arrelious Benn,WR,2011,7,REG,2011_07_CHI_TB,TB,CHI,0,0,0,0,0,0,0,1,2,0
00-0027660,Javier Arenas,CB,2011,7,REG,2011_07_KC_OAK,KC,LV,0,0,0,0,0,0,0,1,7,1
00-0027666,Montario Hardesty,RB,2011,7,REG,2011_07_SEA_CLE,CLE,SEA,0,0,0,0,0,0,0,33,95,0
00-0027688,Colt McCoy,QB,2011,7,REG,2011_07_SEA_CLE,CLE,SEA,20,35,178,0,1,4,-19,9,29,0
00-0027709,Jacoby Ford,WR,2011,7,REG,2011_07_KC_OAK,LV,KC,0,0,0,0,0,0,0,1,5,0
00-0027712,Joe McKnight,RB,2011,7,REG,2011_07_SD_NYJ,NYJ,LAC,0,0,0,0,0,0,0,3,11,0
00-0027779,Deji Karim,RB,2011,7,REG,2011_07_BAL_JAX,JAX,BAL,0,0,0,0,0,0,0,7,28,0
00-0027791,James Starks,RB,2011,7,REG,2011_07_GB_MIN,GB,MIN,0,0,0,0,0,0,0,13,75,0
00-0027864,Ryan Mathews,RB,2011,7,REG,2011_07_SD_NYJ,LAC,NYJ,0,0,0,0,0,0,0,13,39,0
00-0027876,Tim Tebow,QB,2011,7,REG,2011_07_DEN_MIA,DEN,MIA,13,27,161,2,0,6,-30,9,59,0
00-0027888,Toby Gerhart,RB,2011,7,REG,2011_07_GB_MIN,MIN,GB,0,0,0,0,0,0,0,1,4,0
00-0027890,Ben Tate,RB,2011,7,REG,2011_07_HOU_TEN,HOU,TEN,0,0,0,0,0,0,0,15,104,0
00-0027939,Cam Newton,QB,2011,7,REG,2011_07_WAS_CAR,CAR,WAS,18,23,256,1,0,4,-24,10,59,1
00-0027946,Jake Locker,QB,2011,7,REG,2011_07_HOU_TEN,TEN,HOU,1,1,12,0,0,1,-9,0,0,0
00-0027948,Blaine Gabbert,QB,2011,7,REG,2011_07_BAL_JAX,JAX,BAL,9,20,93,0,0,4,-20,5,-1,0
00-0027950,Christian Ponder,QB,2011,7,REG,2011_07_GB_MIN,MIN,GB,13,32,219,2,2,2,-2,4,31,0
00-0027966,Mark Ingram,RB,2011,7,REG,2011_07_IND_NO,NO,IND,0,0,0,0,0,0,0,14,91,0
00-0028000,Daniel Thomas,RB,2011,7,REG,2011_07_DEN_MIA,MIA,DEN,0,0,0,0,0,0,0,19,53,0
00-0028002,Randall Cobb,WR,2011,7,REG,2011_07_GB_MIN,GB,MIN,0,0,0,0,0,0,0,1,1,0
00-0028009,DeMarco Murray,RB,2011,7,REG,2011_07_STL_DAL,DAL,LA,0,0,0,0,0,0,0,25,253,1
00-0028043,Roy Helu,RB,2011,7,REG,2011_07_WAS_CAR,WAS,CAR,0,0,0,0,0,0,0,1,-1,0
00-0028057,Delone Carter,RB,2011,7,REG,2011_07_IND_NO,IND,NO,0,0,0,0,0,0,0,10,89,1
00-0028063,Taiwan Jones,RB,2011,7,REG,2011_07_KC_OAK,LV,KC,0,0,0,0,0,0,0,3,18,0
00-0028068,Jamie Harper,RB,2011,7,REG,2011_07_HOU_TEN,TEN,HOU,0,0,0,0,0,0,0,2,4,0
00-0028083,Jacquizz Rodgers,RB,2011,7,REG,2011_07_ATL_DET,ATL,DET,0,0,0,0,0,0,0,1,5,0
00-0028613,Phillip Tanner,RB,2011,7,REG,2011_07_STL_DAL,DAL,LA,0,0,0,0,0,0,0,6,34,1
00-0005091,Kevin Faulk,RB,2011,8,REG,2011_08_NE_PIT,NE,PIT,0,0,0,0,0,0,0,6,32,0
00-0007091,Matt Hasselbeck,QB,2011,8,REG,2011_08_IND_TEN,TEN,IND,23,33,224,1,0,1,-9,1,-1,0
00-0017915,Ricky Williams,RB,2011,8,REG,2011_08_ARI_BAL,BAL,ARI,0,0,0,0,0,0,0,4,29,0
00-0019596,Tom Brady,QB,2011,8,REG,2011_08_NE_PIT,NE,PIT,24,35,198,2,0,3,-28,0,0,0
00-0019641,Thomas Jones,RB,2011,8,REG,2011_08_SD_KC,KC,LAC,0,0,0,0,0,0,0,5,10,0
00-0020245,Mike Vick,QB,2011,8,REG,2011_08_DAL_PHI,PHI,DAL,21,28,279,2,0,4,-23,7,50,0
00-0020305,A.J. Feeley,QB,2011,8,REG,2011_08_NO_STL,LA,NO,20,37,175,1,0,4,-35,2,5,0
00-0020337,Steve Smith,WR,2011,8,REG,2011_08_MIN_CAR,CAR,MIN,0,0,0,0,0,0,0,1,12,0
00-0020531,Drew Brees,QB,2011,8,REG,2011_08_NO_STL,NO,LA,30,44,269,1,2,6,-42,1,-1,0
00-0020679,Shaun Hill,QB,2011,8,REG,2011_08_DET_DEN,DET,DEN,1,2,5,0,0,0,0,1,-1,0
00-0021147,Donte' Stallworth,WR,2011,8,REG,2011_08_WAS_BUF,WAS,BUF,0,0,0,0,0,0,0,1,2,0
00-0021182,Maurice Morris,RB,2011,8,REG,2011_08_DET_DEN,DET,DEN,0,0,0,0,0,0,0,13,58,1
00-0021314,Chester Taylor,RB,2011,8,REG,2011_08_ARI_BAL,ARI,BAL,0,0,0,0,0,0,0,1,3,0
00-0021678,Tony Romo,QB,2011,8,REG,2011_08_DAL_PHI,DAL,PHI,18,35,203,1,1,4,-21,1,9,0
00-0021999,Nate Burleson,WR,2011,8,REG,2011_08_DET_DEN,DET,DEN,0,0,0,0,0,0,0,1,9,0
00-0022217,Mewelde Moore,RB,2011,8,REG,2011_08_NE_PIT,PIT,NE,0,0,0,0,0,0,0,1,16,0
00-0022736,Steven Jackson,RB,2011,8,REG,2011_08_NO_STL,LA,NO,0,0,0,0,0,0,0,25,159,2
00-0022787,Matt Schaub,QB,2011,8,REG,2011_08_JAX_HOU,HOU,JAX,16,30,225,1,0,2,-23,1,2,1
00-0022803,Eli Manning,QB,2011,8,REG,2011_08_MIA_NYG,NYG,MIA,31,45,349,2,0,1,-5,4,-3,0
00-0022864,Luke McCown,QB,2011,8,REG,2011_08_JAX_HOU,JAX,HOU,0,2,0,0,0,0,0,0,0,0
00-0022924,Ben Roethlisberger,QB,2011,8,REG,2011_08_NE_PIT,PIT,NE,36,50,365,2,1,5,-36,2,1,0
00-0022942,Philip Rivers,QB,2011,8,REG,2011_08_SD_KC,LAC,KC,26,41,369,0,2,3,-24,3,1,0
00-0023367,Nate Washington,WR,2011,8,REG,2011_08_IND_TEN,TEN,IND,0,0,0,0,0,0,0,1,3,1
00-0023436,Alex Smith,QB,2011,8,REG,2011_08_CLE_SF,SF,CLE,15,24,177,1,0,1,-3,4,22,0
00-0023437,Ronnie Brown,RB,2011,8,REG,2011_08_DAL_PHI,PHI,DAL,0,0,0,0,0,0,0,1,4,0
00-0023440,Cadillac Williams,RB,2011,8,REG,2011_08_NO_STL,LA,NO,0,0,0,0,0,0,0,2,0,0
00-0023500,Frank Gore,RB,2011,8,REG,2011_08_CLE_SF,SF,CLE,0,0,0,0,0,0,0,31,134,1
00-0023545,Brandon Jacobs,RB,2011,8,REG,2011_08_MIA_NYG,NYG,MIA,0,0,0,0,0,0,0,4,10,0
00-0023564,Darren Sproles,RB,2011,8,REG,2011_08_NO_STL,NO,LA,0,0,0,0,0,0,0,6,16,0
00-0023662,Matt Cassel,QB,2011,8,REG,2011_08_SD_KC,KC,LAC,19,32,261,1,2,3,-14,2,14,0
00-0023682,Ryan Fitzpatrick,QB,2011,8,REG,2011_08_WAS_BUF,BUF,WAS,21,27,262,2,1,2,-10,3,4,0
00-0024204,Fred Jackson,RB,2011,8,REG,2011_08_WAS_BUF,BUF,WAS,0,0,0,0,0,0,0,26,120,0
00-0024217,Reggie Bush,RB,2011,8,REG,2011_08_MIA_NYG,MIA,NYG,0,0,0,0,0,0,0,15,103,0
00-0024242,DeAngelo Williams,RB,2011,8,REG,2011_08_MIN_CAR,CAR,MIN,0,0,0,0,0,0,0,7,26,0
00-0024275,Maurice Jones-Drew,RB,2011,8,REG,2011_08_JAX_HOU,JAX,HOU,0,0,0,0,0,0,0,18,63,1
00-0024279,Tarvaris Jackson,QB,2011,8,REG,2011_08_CIN_SEA,SEA,CIN,21,40,323,0,1,2,-19,1,2,0
00-0024296,Charlie Whitehurst,QB,2011,8,REG,2011_08_CIN_SEA,SEA,CIN,4,7,52,0,0,2,-6,1,1,0
00-0024318,Brad Smith,WR,2011,8,REG,2011_08_WAS_BUF,BUF,WAS,0,0,0,0,0,0,0,4,14,0
00-0024332,Leon Washington,RB,2011,8,REG,2011_08_CIN_SEA,SEA,CIN,0,0,0,0,0,0,0,2,34,0
00-0024559,D.J. Ware,RB,2011,8,REG,2011_08_MIA_NYG,NYG,MIA,0,0,0,0,0,0,0,2,1,0
00-0024813,Pierre Thomas,RB,2011,8,REG,2011_08_NO_STL,NO,LA,0,0,0,0,0,0,0,7,23,1
00-0025394,Adrian Peterson,RB,2011,8,REG,2011_08_MIN_CAR,MIN,CAR,0,0,0,0,0,0,0,20,83,1
00-0025396,Ted Ginn,WR,2011,8,REG,2011_08_CLE_SF,SF,CLE,0,0,0,0,0,0,0,1,-8,0
00-0025399,Marshawn Lynch,RB,2011,8,REG,2011_08_CIN_SEA,SEA,CIN,0,0,0,0,0,0,0,16,24,1
00-0025423,Kevin Kolb,QB,2011,8,REG,2011_08_ARI_BAL,ARI,BAL,10,21,153,1,1,6,-55,1,5,0
00-0025427,John Beck,QB,2011,8,REG,2011_08_WAS_BUF,WAS,BUF,20,33,208,0,2,10,-56,2,10,0
00-0025439,Brian Leonard,RB,2011,8,REG,2011_08_CIN_SEA,CIN,SEA,0,0,0,0,0,0,0,2,7,0
00-0025637,Ahmad Bradshaw,RB,2011,8,REG,2011_08_MIA_NYG,NYG,MIA,0,0,0,0,0,0,0,13,50,0
00-0025701,Jackie Battle,RB,2011,8,REG,2011_08_SD_KC,KC,LAC,0,0,0,0,0,0,0,19,70,1
00-0025708,Matt Moore,QB,2011,8,REG,2011_08_MIA_NYG,MIA,NYG,13,22,138,0,1,5,-37,5,31,1
00-0025860,BenJarvus Green-Ellis,RB,2011,8,REG,2011_08_NE_PIT,NE,PIT,0,0,0,0,0,0,0,5,9,0
00-0026153,Jonathan Stewart,RB,2011,8,REG,2011_08_MIN_CAR,CAR,MIN,0,0,0,0,0,0,0,13,49,0
00-0026158,Joe Flacco,QB,2011,8,REG,2011_08_ARI_BAL,BAL,ARI,31,51,336,0,1,3,-38,4,15,0
00-0026163,Rashard Mendenhall,RB,2011,8,REG,2011_08_NE_PIT,PIT,NE,0,0,0,0,0,0,0,13,70,0
00-0026164,Chris Johnson,RB,2011,8,REG,2011_08_IND_TEN,TEN,IND,0,0,0,0,0,0,0,14,34,0
00-0026195,Ray Rice,RB,2011,8,REG,2011_08_ARI_BAL,BAL,ARI,0,0,0,0,0,0,0,18,63,3
00-0026209,Jacob Hester,RB,2011,8,REG,2011_08_SD_KC,LAC,KC,0,0,0,0,0,0,0,1,1,0
00-0026229,Steve Slaton,RB,2011,8,REG,2011_08_MIA_NYG,MIA,NYG,0,0,0,0,0,0,0,5,7,1
00-0026279,Ryan Torain,RB,2011,8,REG,2011_08_WAS_BUF,WAS,BUF,0,0,0,0,0,0,0,8,14,0
00-0026344,Lex Hilliard,FB,2011,8,REG,2011_08_MIA_NYG,MIA,NYG,0,0,0,0,0,0,0,1,4,0
00-0026432,Lance Ball,RB,2011,8,REG,2011_08_DET_DEN,DEN,DET,0,0,0,0,0,0,0,6,63,0
00-0026491,Stefan Logan,WR,2011,8,REG,2011_08_DET_DEN,DET,DEN,0,0,0,0,0,0,0,1,1,0
00-0026498,Matthew Stafford,QB,2011,8,REG,2011_08_DET_DEN,DET,DEN,21,30,267,3,0,2,-9,1,21,0
00-0026566,Isaac Redman,RB,2011,8,REG,2011_08_NE_PIT,PIT,NE,0,0,0,0,0,0,0,7,11,0
00-0026745,Curtis Brinkley,RB,2011,8,REG,2011_08_SD_KC,LAC,KC,0,0,0,0,0,0,0,10,43,1
00-0026796,Arian Foster,RB,2011,8,REG,2011_08_JAX_HOU,HOU,JAX,0,0,0,0,0,0,0,33,112,1
00-0026937,Brandon Gibson,WR,2011,8,REG,2011_08_NO_STL,LA,NO,0,0,0,0,0,0,0,1,11,0
00-0026941,Bernard Scott,RB,2011,8,REG,2011_08_CIN_SEA,CIN,SEA,0,0,0,0,0,0,0,22,76,0
00-0026956,LaRod Stephens-Howling,RB,2011,8,REG,2011_08_ARI_BAL,ARI,BAL,0,0,0,0,0,0,0,5,17,0
00-0026988,Knowshon Moreno,RB,2011,8,REG,2011_08_DET_DEN,DEN,DET,0,0,0,0,0,0,0,14,69,0
00-0026998,Percy Harvin,WR,2011,8,REG,2011_08_MIN_CAR,MIN,CAR,0,0,0,0,0,0,0,4,19,1
00-0027003,Donald Brown,RB,2011,8,REG,2011_08_IND_TEN,IND,TEN,0,0,0,0,0,0,0,10,33,1
00-0027007,Chris Wells,RB,2011,8,REG,2011_08_ARI_BAL,ARI,BAL,0,0,0,0,0,0,0,22,83,1
00-0027029,LeSean McCoy,RB,2011,8,REG,2011_08_DAL_PHI,PHI,DAL,0,0,0,0,0,0,0,30,185,2
00-0027120,Javon Ringer,RB,2011,8,REG,2011_08_IND_TEN,TEN,IND,0,0,0,0,0,0,0,14,60,0
00-0027134,Curtis Painter,QB,2011,8,REG,2011_08_IND_TEN,IND,TEN,26,49,250,0,2,2,-9,7,79,0
00-0027140,Chris Ogbonnaya,RB,2011,8,REG,2011_08_CLE_SF,CLE,SF,0,0,0,0,0,0,0,11,37,0
00-0027214,Keiland Williams,RB,2011,8,REG,2011_08_DET_DEN,DET,DEN,0,0,0,0,0,0,0,11,25,0
00-0027346,Alfonso Smith,RB,2011,8,REG,2011_08_ARI_BAL,ARI,BAL,0,0,0,0,0,0,0,1,1,0
00-0027531,Chris Ivory,RB,2011,8,REG,2011_08_NO_STL,NO,LA,0,0,0,0,0,0,0,6,18,0
00-0027651,Dexter McCluster,WR,2011,8,REG,2011_08_SD_KC,KC,LAC,0,0,0,0,0,0,0,6,0,0
00-0027666,Montario Hardesty,RB,2011,8,REG,2011_08_CLE_SF,CLE,SF,0,0,0,0,0,0,0,2,6,0
00-0027688,Colt McCoy,QB,2011,8,REG,2011_08_CLE_SF,CLE,SF,22,34,241,1,1,4,-17,8,30,0
00-0027713,Aaron Hernandez,TE,2011,8,REG,2011_08_NE_PIT,NE,PIT,0,0,0,0,0,0,0,1,2,0
00-0027779,Deji Karim,RB,2011,8,REG,2011_08_JAX_HOU,JAX,HOU,0,0,0,0,0,0,0,3,7,0
00-0027864,Ryan Mathews,RB,2011,8,REG,2011_08_SD_KC,LAC,KC,0,0,0,0,0,0,0,13,57,0
00-0027876,Tim Tebow,QB,2011,8,REG,2011_08_DET_DEN,DEN,DET,18,39,172,1,1,7,-55,10,63,0
00-0027888,Toby Gerhart,RB,2011,8,REG,2011_08_MIN_CAR,MIN,CAR,0,0,0,0,0,0,0,5,26,0
00-0027890,Ben Tate,RB,2011,8,REG,2011_08_JAX_HOU,HOU,JAX,0,0,0,0,0,0,0,5,42,0
00-0027918,Andrew Hawkins,WR,2011,8,REG,2011_08_CIN_SEA,CIN,SEA,0,0,0,0,0,0,0,1,6,0
00-0027939,Cam Newton,QB,2011,8,REG,2011_08_MIN_CAR,CAR,MIN,22,35,290,3,0,3,-25,6,53,0
00-0027948,Blaine Gabbert,QB,2011,8,REG,2011_08_JAX_HOU,JAX,HOU,10,30,97,1,2,1,-7,4,14,0
00-0027950,Christian Ponder,QB,2011,8,REG,2011_08_MIN_CAR,MIN,CAR,18,28,236,1,0,4,-7,4,4,0
00-0027973,Andy Dalton,QB,2011,8,REG,2011_08_CIN_SEA,CIN,SEA,18,29,168,2,2,1,-8,2,3,0
00-0027997,Greg Little,WR,2011,8,REG,2011_08_CLE_SF,CLE,SF,0,0,0,0,0,0,0,1,-8,0
00-0028009,DeMarco Murray,RB,2011,8,REG,2011_08_DAL_PHI,DAL,PHI,0,0,0,0,0,0,0,8,74,0
00-0028050,Greg Salas,WR,2011,8,REG,2011_08_NO_STL,LA,NO,0,0,0,0,0,0,0,1,8,0
00-0028053,Kendall Hunter,RB,2011,8,REG,2011_08_CLE_SF,SF,CLE,0,0,0,0,0,0,0,3,26,0
00-0028057,Delone Carter,RB,2011,8,REG,2011_08_IND_TEN,IND,TEN,0,0,0,0,0,0,0,9,46,0
00-0028062,Owen Marecic,RB,2011,8,REG,2011_08_CLE_SF,CLE,SF,0,0,0,0,0,0,0,1,1,0
00-0028068,Jamie Harper,RB,2011,8,REG,2011_08_IND_TEN,TEN,IND,0,0,0,0,0,0,0,1,0,0
00-0028613,Phillip Tanner,RB,2011,8,REG,2011_08_DAL_PHI,DAL,PHI,0,0,0,0,0,0,0,1,2,0
00-0007091,Matt Hasselbeck,QB,2011,9,REG,2011_09_CIN_TEN,TEN,CIN,24,41,272,2,0,2,-22,2,3,0
00-0017915,Ricky Williams,RB,2011,9,REG,2011_09_BAL_PIT,BAL,PIT,0,0,0,0,0,0,0,9,24,0
00-0019596,Tom Brady,QB,2011,9,REG,2011_09_NYG_NE,NE,NYG,28,49,342,2,2,2,-10,1,5,0
00-0019641,Thomas Jones,RB,2011,9,REG,2011_09_MIA_KC,KC,MIA,0,0,0,0,0,0,0,3,5,0
00-0020245,Mike Vick,QB,2011,9,REG,2011_09_CHI_PHI,PHI,CHI,21,38,213,0,1,1,-2,5,34,0
00-0020531,Drew Brees,QB,2011,9,REG,2011_09_TB_NO,NO,TB,27,36,258,2,1,0,0,1,20,0
00-0020536,LaDainian Tomlinson,RB,2011,9,REG,2011_09_NYJ_BUF,NYJ,BUF,0,0,0,0,0,0,0,5,18,1
00-0021314,Chester Taylor,RB,2011,9,REG,2011_09_STL_ARI,ARI,LA,0,0,0,0,0,0,0,2,8,0
00-0021429,Carson Palmer,QB,2011,9,REG,2011_09_DEN_OAK,LV,DEN,19,35,332,3,3,2,-16,5,3,0
00-0021678,Tony Romo,QB,2011,9,REG,2011_09_SEA_DAL,DAL,SEA,19,31,279,2,0,0,0,3,13,0
00-0022178,Willis McGahee,RB,2011,9,REG,2011_09_DEN_OAK,DEN,LV,0,0,0,0,0,0,0,20,163,2
00-0022427,Wes Welker,WR,2011,9,REG,2011_09_NYG_NE,NE,NYG,0,0,0,0,0,0,0,1,13,0
00-0022736,Steven Jackson,RB,2011,9,REG,2011_09_STL_ARI,LA,ARI,0,0,0,0,0,0,0,29,130,0
00-0022770,Derrick Ward,RB,2011,9,REG,2011_09_CLE_HOU,HOU,CLE,0,0,0,0,0,0,0,6,22,0
00-0022787,Matt Schaub,QB,2011,9,REG,2011_09_CLE_HOU,HOU,CLE,14,23,119,0,1,0,0,3,0,1
00-0022803,Eli Manning,QB,2011,9,REG,2011_09_NYG_NE,NYG,NE,20,39,250,2,1,0,0,3,11,0
00-0022811,Jerricho Cotchery,WR,2011,9,REG,2011_09_BAL_PIT,PIT,BAL,0,0,0,0,0,0,0,1,3,0
00-0022821,Michael Turner,RB,2011,9,REG,2011_09_ATL_IND,ATL,IND,0,0,0,0,0,0,0,19,71,1
00-0022924,Ben Roethlisberger,QB,2011,9,REG,2011_09_BAL_PIT,PIT,BAL,20,37,330,1,1,1,-8,3,13,0
00-0022942,Philip Rivers,QB,2011,9,REG,2011_09_GB_SD,LAC,GB,26,46,385,4,3,2,-10,1,-1,0
00-0022984,Ryan Grant,RB,2011,9,REG,2011_09_GB_SD,GB,LAC,0,0,0,0,0,0,0,4,16,0
00-0022999,John Kuhn,FB,2011,9,REG,2011_09_GB_SD,GB,LAC,0,0,0,0,0,0,0,1,2,0
00-0023436,Alex Smith,QB,2011,9,REG,2011_09_SF_WAS,SF,WAS,17,24,200,1,0,2,-12,4,9,0
00-0023437,Ronnie Brown,RB,2011,9,REG,2011_09_CHI_PHI,PHI,CHI,0,0,0,0,0,0,0,1,4,1
00-0023439,Cedric Benson,RB,2011,9,REG,2011_09_CIN_TEN,CIN,TEN,0,0,0,0,0,0,0,20,78,0
00-0023440,Cadillac Williams,RB,2011,9,REG,2011_09_STL_ARI,LA,ARI,0,0,0,0,0,0,0,3,17,0
00-0023459,Aaron Rodgers,QB,2011,9,REG,2011_09_GB_SD,GB,LAC,21,26,247,4,0,4,-15,8,52,0
00-0023500,Frank Gore,RB,2011,9,REG,2011_09_SF_WAS,SF,WAS,0,0,0,0,0,0,0,19,107,0
00-0023534,Dustin Colquitt,P,2011,9,REG,2011_09_MIA_KC,KC,MIA,0,0,0,0,0,0,0,1,-3,0
00-0023544,Marion Barber,RB,2011,9,REG,2011_09_CHI_PHI,CHI,PHI,0,0,0,0,0,0,0,9,31,1
00-0023545,Brandon Jacobs,RB,2011,9,REG,2011_09_NYG_NE,NYG,NE,0,0,0,0,0,0,0,18,72,1
00-0023564,Darren Sproles,RB,2011,9,REG,2011_09_TB_NO,NO,TB,0,0,0,0,0,0,0,4,42,0
00-0023578,Dan Orlovsky,QB,2011,9,REG,2011_09_ATL_IND,IND,ATL,4,6,20,0,0,0,0,0,0,0
00-0023662,Matt Cassel,QB,2011,9,REG,2011_09_MIA_KC,KC,MIA,20,39,253,0,0,5,-26,9,38,0
00-0023682,Ryan Fitzpatrick,QB,2011,9,REG,2011_09_NYJ_BUF,BUF,NYJ,15,31,191,1,2,0,0,2,9,0
00-0024204,Fred Jackson,RB,2011,9,REG,2011_09_NYJ_BUF,BUF,NYJ,0,0,0,0,0,0,0,18,82,0
00-0024217,Reggie Bush,RB,2011,9,REG,2011_09_MIA_KC,MIA,KC,0,0,0,0,0,0,0,13,92,1
00-0024226,Jay Cutler,QB,2011,9,REG,2011_09_CHI_PHI,CHI,PHI,18,32,208,2,0,0,0,1,0,0
00-0024279,Tarvaris Jackson,QB,2011,9,REG,2011_09_SEA_DAL,SEA,DAL,17,30,221,0,3,1,-2,2,3,0
00-0024332,Leon Washington,RB,2011,9,REG,2011_09_SEA_DAL,SEA,DAL,0,0,0,0,0,0,0,3,16,0
00-0024389,Delanie Walker,TE,2011,9,REG,2011_09_SF_WAS,SF,WAS,0,0,0,0,0,0,0,1,-3,0
00-0024559,D.J. Ware,RB,2011,9,REG,2011_09_NYG_NE,NYG,NE,0,0,0,0,0,0,0,7,23,0
00-0024813,Pierre Thomas,RB,2011,9,REG,2011_09_TB_NO,NO,TB,0,0,0,0,0,0,0,8,66,1
00-0025399,Marshawn Lynch,RB,2011,9,REG,2011_09_SEA_DAL,SEA,DAL,0,0,0,0,0,0,0,23,135,1
00-0025427,John Beck,QB,2011,9,REG,2011_09_SF_WAS,WAS,SF,30,47,254,1,1,2,-3,3,9,0
00-0025439,Brian Leonard,RB,2011,9,REG,2011_09_CIN_TEN,CIN,TEN,0,0,0,0,0,0,0,1,3,0
00-0025487,Michael Bush,RB,2011,9,REG,2011_09_DEN_OAK,LV,DEN,0,0,0,0,0,0,0,19,96,0
00-0025573,Thomas Clayton,RB,2011,9,REG,2011_09_CLE_HOU,CLE,HOU,0,0,0,0,0,0,0,5,10,0
00-0025631,Jason Snelling,FB,2011,9,REG,2011_09_ATL_IND,ATL,IND,0,0,0,0,0,0,0,8,15,0
00-0025701,Jackie Battle,RB,2011,9,REG,2011_09_MIA_KC,KC,MIA,0,0,0,0,0,0,0,14,40,0
00-0025708,Matt Moore,QB,2011,9,REG,2011_09_MIA_KC,MIA,KC,17,23,244,3,0,0,0,4,3,0
00-0025860,BenJarvus Green-Ellis,RB,2011,9,REG,2011_09_NYG_NE,NE,NYG,0,0,0,0,0,0,0,12,52,0
00-0026019,Danny Woodhead,RB,2011,9,REG,2011_09_NYG_NE,NE,NYG,0,0,0,0,0,0,0,7,26,0
00-0026029,Kregg Lumpkin,RB,2011,9,REG,2011_09_TB_NO,TB,NO,0,0,0,0,0,0,0,2,7,0
00-0026069,Mike Tolbert,FB,2011,9,REG,2011_09_GB_SD,LAC,GB,0,0,0,0,0,0,0,19,83,1
00-0026143,Matt Ryan,QB,2011,9,REG,2011_09_ATL_IND,ATL,IND,14,24,275,3,1,1,-6,2,0,0
00-0026158,Joe Flacco,QB,2011,9,REG,2011_09_BAL_PIT,BAL,PIT,28,47,300,1,0,3,-11,0,0,0
00-0026163,Rashard Mendenhall,RB,2011,9,REG,2011_09_BAL_PIT,PIT,BAL,0,0,0,0,0,0,0,13,52,1
00-0026164,Chris Johnson,RB,2011,9,REG,2011_09_CIN_TEN,TEN,CIN,0,0,0,0,0,0,0,14,64,0
00-0026184,Matt Forte,RB,2011,9,REG,2011_09_CHI_PHI,CHI,PHI,0,0,0,0,0,0,0,24,133,0
00-0026189,DeSean Jackson,WR,2011,9,REG,2011_09_CHI_PHI,PHI,CHI,0,0,0,0,0,0,0,1,10,0
00-0026195,Ray Rice,RB,2011,9,REG,2011_09_BAL_PIT,BAL,PIT,0,0,0,0,0,0,0,18,43,1
00-0026209,Jacob Hester,RB,2011,9,REG,2011_09_GB_SD,LAC,GB,0,0,0,0,0,0,0,1,3,0
00-0026279,Ryan Torain,RB,2011,9,REG,2011_09_SF_WAS,WAS,SF,0,0,0,0,0,0,0,1,2,0
00-0026300,Josh Johnson,QB,2011,9,REG,2011_09_TB_NO,TB,NO,0,0,0,0,0,0,0,1,1,0
00-0026373,Justin Forsett,RB,2011,9,REG,2011_09_SEA_DAL,SEA,DAL,0,0,0,0,0,0,0,2,8,0
00-0026432,Lance Ball,RB,2011,9,REG,2011_09_DEN_OAK,DEN,LV,0,0,0,0,0,0,0,4,14,0
00-0026516,Britton Colquitt,P,2011,9,REG,2011_09_DEN_OAK,DEN,LV,0,1,0,0,0,0,0,0,0,0
00-0026566,Isaac Redman,RB,2011,9,REG,2011_09_BAL_PIT,PIT,BAL,0,0,0,0,0,0,0,3,2,0
00-0026712,Brit Miller,FB,2011,9,REG,2011_09_STL_ARI,LA,ARI,0,0,0,0,0,0,0,2,1,0
00-0026796,Arian Foster,RB,2011,9,REG,2011_09_CLE_HOU,HOU,CLE,0,0,0,0,0,0,0,19,124,1
00-0026898,Mark Sanchez,QB,2011,9,REG,2011_09_NYJ_BUF,NYJ,BUF,20,28,230,1,1,1,-8,4,-3,0
00-0026899,Shonn Greene,RB,2011,9,REG,2011_09_NYJ_BUF,NYJ,BUF,0,0,0,0,0,0,0,19,76,0
00-0026941,Bernard Scott,RB,2011,9,REG,2011_09_CIN_TEN,CIN,TEN,0,0,0,0,0,0,0,6,24,0
00-0026956,LaRod Stephens-Howling,RB,2011,9,REG,2011_09_STL_ARI,ARI,LA,0,0,0,0,0,0,0,1,4,0
00-0026988,Knowshon Moreno,RB,2011,9,REG,2011_09_DEN_OAK,DEN,LV,0,0,0,0,0,0,0,2,4,0
00-0026993,Josh Freeman,QB,2011,9,REG,2011_09_TB_NO,TB,NO,27,37,281,1,0,1,0,3,8,0
00-0027003,Donald Brown,RB,2011,9,REG,2011_09_ATL_IND,IND,ATL,0,0,0,0,0,0,0,16,70,0
00-0027007,Chris Wells,RB,2011,9,REG,2011_09_STL_ARI,ARI,LA,0,0,0,0,0,0,0,10,20,0
00-0027029,LeSean McCoy,RB,2011,9,REG,2011_09_CHI_PHI,PHI,CHI,0,0,0,0,0,0,0,16,71,1
00-0027120,Javon Ringer,RB,2011,9,REG,2011_09_CIN_TEN,TEN,CIN,0,0,0,0,0,0,0,4,11,0
00-0027134,Curtis Painter,QB,2011,9,REG,2011_09_ATL_IND,IND,ATL,13,27,98,0,1,2,-15,1,5,0
00-0027140,Chris Ogbonnaya,RB,2011,9,REG,2011_09_CLE_HOU,CLE,HOU,0,0,0,0,0,0,0,13,28,0
00-0027325,LeGarrette Blount,RB,2011,9,REG,2011_09_TB_NO,TB,NO,0,0,0,0,0,0,0,13,72,0
00-0027531,Chris Ivory,RB,2011,9,REG,2011_09_TB_NO,NO,TB,0,0,0,0,0,0,0,15,67,0
00-0027651,Dexter McCluster,WR,2011,9,REG,2011_09_MIA_KC,KC,MIA,0,0,0,0,0,0,0,7,36,0
00-0027654,Arrelious Benn,WR,2011,9,REG,2011_09_TB_NO,TB,NO,0,0,0,0,0,0,0,1,-4,0
00-0027688,Colt McCoy,QB,2011,9,REG,2011_09_CLE_HOU,CLE,HOU,14,22,146,1,1,4,-18,3,6,0
00-0027712,Joe McKnight,RB,2011,9,REG,2011_09_NYJ_BUF,NYJ,BUF,0,0,0,0,0,0,0,9,27,0
00-0027739,John Conner,FB,2011,9,REG,2011_09_NYJ_BUF,NYJ,BUF,0,0,0,0,0,0,0,2,8,1
00-0027754,John Skelton,QB,2011,9,REG,2011_09_STL_ARI,ARI,LA,20,35,222,1,0,3,-30,4,38,0
00-0027791,James Starks,RB,2011,9,REG,2011_09_GB_SD,GB,LAC,0,0,0,0,0,0,0,13,66,0
00-0027854,Sam Bradford,QB,2011,9,REG,2011_09_STL_ARI,LA,ARI,23,36,255,0,1,4,-22,1,2,0
00-0027861,C.J. Spiller,RB,2011,9,REG,2011_09_NYJ_BUF,BUF,NYJ,0,0,0,0,0,0,0,2,5,0
00-0027876,Tim Tebow,QB,2011,9,REG,2011_09_DEN_OAK,DEN,LV,10,21,124,2,0,1,-11,13,118,0
00-0027890,Ben Tate,RB,2011,9,REG,2011_09_CLE_HOU,HOU,CLE,0,0,0,0,0,0,0,12,115,1
00-0027944,Julio Jones,WR,2011,9,REG,2011_09_ATL_IND,ATL,IND,0,0,0,0,0,0,0,2,33,0
00-0027973,Andy Dalton,QB,2011,9,REG,2011_09_CIN_TEN,CIN,TEN,22,39,217,3,0,1,-7,3,4,0
00-0028000,Daniel Thomas,RB,2011,9,REG,2011_09_MIA_KC,MIA,KC,0,0,0,0,0,0,0,7,12,0
00-0028009,DeMarco Murray,RB,2011,9,REG,2011_09_SEA_DAL,DAL,SEA,0,0,0,0,0,0,0,22,139,0
00-0028011,Stevan Ridley,RB,2011,9,REG,2011_09_NYG_NE,NE,NYG,0,0,0,0,0,0,0,3,10,0
00-0028043,Roy Helu,RB,2011,9,REG,2011_09_SF_WAS,WAS,SF,0,0,0,0,0,0,0,10,41,0
00-0028053,Kendall Hunter,RB,2011,9,REG,2011_09_SF_WAS,SF,WAS,0,0,0,0,0,0,0,8,25,0
00-0028057,Delone Carter,RB,2011,9,REG,2011_09_ATL_IND,IND,ATL,0,0,0,0,0,0,0,4,8,0
00-0028063,Taiwan Jones,RB,2011,9,REG,2011_09_DEN_OAK,LV,DEN,0,0,0,0,0,0,0,2,1,0
00-0028083,Jacquizz Rodgers,RB,2011,9,REG,2011_09_ATL_IND,ATL,IND,0,0,0,0,0,0,0,10,44,0
00-0028159,Da'Rel Scott,RB,2011,9,REG,2011_09_NYG_NE,NYG,NE,0,0,0,0,0,0,0,1,5,0
00-0028427,Chas Henry,P,2011,9,REG,2011_09_CHI_PHI,PHI,CHI,0,1,0,0,0,0,0,0,0,0
00-0028613,Phillip Tanner,RB,2011,9,REG,2011_09_SEA_DAL,DAL,SEA,0,0,0,0,0,0,0,4,11,0
00-0005091,Kevin Faulk,RB,2011,10,REG,2011_10_NE_NYJ,NE,NYJ,0,0,0,0,0,0,0,5,8,0
00-0007091,Matt Hasselbeck,QB,2011,10,REG,2011_10_TEN_CAR,TEN,CAR,15,27,219,1,1,1,-8,1,21,0
00-0009311,Jon Kitna,QB,2011,10,REG,2011_10_BUF_DAL,DAL,BUF,0,0,0,0,0,0,0,2,-1,0
00-0017915,Ricky Williams,RB,2011,10,REG,2011_10_BAL_SEA,BAL,SEA,0,0,0,0,0,0,0,3,8,0
00-0019596,Tom Brady,QB,2011,10,REG,2011_10_NE_NYJ,NE,NYJ,26,39,329,3,0,0,0,3,2,0
00-0019641,Thomas Jones,RB,2011,10,REG,2011_10_DEN_KC,KC,DEN,0,0,0,0,0,0,0,4,4,0
00-0019714,Shane Lechler,P,2011,10,REG,2011_10_OAK_SD,LV,LAC,0,1,0,0,0,0,0,0,0,0
00-0020245,Mike Vick,QB,2011,10,REG,2011_10_ARI_PHI,PHI,ARI,16,34,128,0,2,2,-5,8,79,0
00-0020531,Drew Brees,QB,2011,10,REG,2011_10_NO_ATL,NO,ATL,30,43,322,2,0,0,0,0,0,0
00-0020536,LaDainian Tomlinson,RB,2011,10,REG,2011_10_NE_NYJ,NYJ,NE,0,0,0,0,0,0,0,7,38,0
00-0021182,Maurice Morris,RB,2011,10,REG,2011_10_DET_CHI,DET,CHI,0,0,0,0,0,0,0,10,44,0
00-0021429,Carson Palmer,QB,2011,10,REG,2011_10_OAK_SD,LV,LAC,14,20,299,2,1,1,-1,3,-8,0
00-0021678,Tony Romo,QB,2011,10,REG,2011_10_BUF_DAL,DAL,BUF,23,26,270,3,0,0,0,2,0,0
00-0021999,Nate Burleson,WR,2011,10,REG,2011_10_DET_CHI,DET,CHI,0,0,0,0,0,0,0,1,10,0
00-0022121,Rex Grossman,QB,2011,10,REG,2011_10_WAS_MIA,WAS,MIA,21,32,215,0,2,3,-30,0,0,0
00-0022178,Willis McGahee,RB,2011,10,REG,2011_10_DEN_KC,DEN,KC,0,0,0,0,0,0,0,4,17,0
00-0022217,Mewelde Moore,RB,2011,10,REG,2011_10_PIT_CIN,PIT,CIN,0,0,0,0,0,0,0,2,7,0
00-0022736,Steven Jackson,RB,2011,10,REG,2011_10_STL_CLE,LA,CLE,0,0,0,0,0,0,0,27,128,0
00-0022770,Derrick Ward,RB,2011,10,REG,2011_10_HOU_TB,HOU,TB,0,0,0,0,0,0,0,11,36,1
00-0022787,Matt Schaub,QB,2011,10,REG,2011_10_HOU_TB,HOU,TB,11,15,242,2,0,1,-7,1,1,0
00-0022803,Eli Manning,QB,2011,10,REG,2011_10_NYG_SF,NYG,SF,26,40,311,2,2,1,-9,2,4,0
00-0022821,Michael Turner,RB,2011,10,REG,2011_10_NO_ATL,ATL,NO,0,0,0,0,0,0,0,22,96,0
00-0022924,Ben Roethlisberger,QB,2011,10,REG,2011_10_PIT_CIN,PIT,CIN,21,33,245,1,1,5,-22,3,-2,0
00-0022942,Philip Rivers,QB,2011,10,REG,2011_10_OAK_SD,LAC,LV,23,47,274,2,1,6,-35,1,4,0
00-0022984,Ryan Grant,RB,2011,10,REG,2011_10_MIN_GB,GB,MIN,0,0,0,0,0,0,0,8,6,0
00-0023176,Josh Cribbs,WR,2011,10,REG,2011_10_STL_CLE,CLE,LA,0,0,0,0,0,0,0,3,21,0
00-0023367,Nate Washington,WR,2011,10,REG,2011_10_TEN_CAR,TEN,CAR,0,0,0,0,0,0,0,1,2,0
00-0023436,Alex Smith,QB,2011,10,REG,2011_10_NYG_SF,SF,NYG,19,30,242,1,1,2,-14,6,27,0
00-0023437,Ronnie Brown,RB,2011,10,REG,2011_10_ARI_PHI,PHI,ARI,0,0,0,0,0,0,0,1,4,0
00-0023439,Cedric Benson,RB,2011,10,REG,2011_10_PIT_CIN,CIN,PIT,0,0,0,0,0,0,0,15,57,0
00-0023459,Aaron Rodgers,QB,2011,10,REG,2011_10_MIN_GB,GB,MIN,23,30,250,4,0,3,-22,6,21,0
00-0023500,Frank Gore,RB,2011,10,REG,2011_10_NYG_SF,SF,NYG,0,0,0,0,0,0,0,6,0,0
00-0023544,Marion Barber,RB,2011,10,REG,2011_10_DET_CHI,CHI,DET,0,0,0,0,0,0,0,13,27,0
00-0023545,Brandon Jacobs,RB,2011,10,REG,2011_10_NYG_SF,NYG,SF,0,0,0,0,0,0,0,18,55,0
00-0023564,Darren Sproles,RB,2011,10,REG,2011_10_NO_ATL,NO,ATL,0,0,0,0,0,0,0,2,1,0
00-0023578,Dan Orlovsky,QB,2011,10,REG,2011_10_JAX_IND,IND,JAX,7,10,67,0,0,2,-9,0,0,0
00-0023662,Matt Cassel,QB,2011,10,REG,2011_10_DEN_KC,KC,DEN,13,28,93,1,0,4,-16,2,16,0
00-0023682,Ryan Fitzpatrick,QB,2011,10,REG,2011_10_BUF_DAL,BUF,DAL,20,31,146,1,3,1,-10,3,20,0
00-0024204,Fred Jackson,RB,2011,10,REG,2011_10_BUF_DAL,BUF,DAL,0,0,0,0,0,0,0,13,114,0
00-0024217,Reggie Bush,RB,2011,10,REG,2011_10_WAS_MIA,MIA,WAS,0,0,0,0,0,0,0,14,47,2
00-0024225,Matt Leinart,QB,2011,10,REG,2011_10_HOU_TB,HOU,TB,0,0,0,0,0,0,0,1,-1,0
00-0024226,Jay Cutler,QB,2011,10,REG,2011_10_DET_CHI,CHI,DET,9,19,123,0,0,2,-16,4,18,0
00-0024242,DeAngelo Williams,RB,2011,10,REG,2011_10_TEN_CAR,CAR,TEN,0,0,0,0,0,0,0,8,35,0
00-0024275,Maurice Jones-Drew,RB,2011,10,REG,2011_10_JAX_IND,JAX,IND,0,0,0,0,0,0,0,25,114,1
00-0024279,Tarvaris Jackson,QB,2011,10,REG,2011_10_BAL_SEA,SEA,BAL,17,27,217,0,0,1,-9,5,3,0
00-0024332,Leon Washington,RB,2011,10,REG,2011_10_BAL_SEA,SEA,BAL,0,0,0,0,0,0,0,3,9,0
00-0024559,D.J. Ware,RB,2011,10,REG,2011_10_NYG_SF,NYG,SF,0,0,0,0,0,0,0,9,34,0
00-0024812,Tyler Palko,QB,2011,10,REG,2011_10_DEN_KC,KC,DEN,5,6,47,0,0,0,0,1,8,0
00-0024813,Pierre Thomas,RB,2011,10,REG,2011_10_NO_ATL,NO,ATL,0,0,0,0,0,0,0,6,29,0
00-0025394,Adrian Peterson,RB,2011,10,REG,2011_10_MIN_GB,MIN,GB,0,0,0,0,0,0,0,14,51,1
00-0025399,Marshawn Lynch,RB,2011,10,REG,2011_10_BAL_SEA,SEA,BAL,0,0,0,0,0,0,0,32,109,1
00-0025439,Brian Leonard,RB,2011,10,REG,2011_10_PIT_CIN,CIN,PIT,0,0,0,0,0,0,0,2,3,0
00-0025458,Lorenzo Booker,RB,2011,10,REG,2011_10_MIN_GB,MIN,GB,0,0,0,0,0,0,0,2,12,0
00-0025460,Jacoby Jones,WR,2011,10,REG,2011_10_HOU_TB,HOU,TB,0,0,0,0,0,0,0,1,2,0
00-0025487,Michael Bush,RB,2011,10,REG,2011_10_OAK_SD,LV,LAC,0,0,0,0,0,0,0,30,157,1
00-0025573,Thomas Clayton,RB,2011,10,REG,2011_10_STL_CLE,CLE,LA,0,0,0,0,0,0,0,2,-2,0
00-0025631,Jason Snelling,FB,2011,10,REG,2011_10_NO_ATL,ATL,NO,0,0,0,0,0,0,0,1,0,0
00-0025701,Jackie Battle,RB,2011,10,REG,2011_10_DEN_KC,KC,DEN,0,0,0,0,0,0,0,9,61,0
00-0025708,Matt Moore,QB,2011,10,REG,2011_10_WAS_MIA,MIA,WAS,20,29,209,0,1,2,-9,2,14,0
00-0025860,BenJarvus Green-Ellis,RB,2011,10,REG,2011_10_NE_NYJ,NE,NYJ,0,0,0,0,0,0,0,8,8,0
00-0026019,Danny Woodhead,RB,2011,10,REG,2011_10_NE_NYJ,NE,NYJ,0,0,0,0,0,0,0,7,38,0
00-0026029,Kregg Lumpkin,RB,2011,10,REG,2011_10_HOU_TB,TB,HOU,0,0,0,0,0,0,0,4,31,0
00-0026069,Mike Tolbert,FB,2011,10,REG,2011_10_OAK_SD,LAC,LV,0,0,0,0,0,0,0,7,36,0
00-0026143,Matt Ryan,QB,2011,10,REG,2011_10_NO_ATL,ATL,NO,29,52,351,2,1,1,-8,1,9,0
00-0026153,Jonathan Stewart,RB,2011,10,REG,2011_10_TEN_CAR,CAR,TEN,0,0,0,0,0,0,0,4,23,0
00-0026158,Joe Flacco,QB,2011,10,REG,2011_10_BAL_SEA,BAL,SEA,29,52,255,1,1,1,-8,2,8,0
00-0026163,Rashard Mendenhall,RB,2011,10,REG,2011_10_PIT_CIN,PIT,CIN,0,0,0,0,0,0,0,16,44,2
00-0026164,Chris Johnson,RB,2011,10,REG,2011_10_TEN_CAR,TEN,CAR,0,0,0,0,0,0,0,27,130,1
00-0026182,Eddie Royal,WR,2011,10,REG,2011_10_DEN_KC,DEN,KC,0,0,0,0,0,0,0,3,19,0
00-0026184,Matt Forte,RB,2011,10,REG,2011_10_DET_CHI,CHI,DET,0,1,0,0,0,0,0,18,64,1
00-0026195,Ray Rice,RB,2011,10,REG,2011_10_BAL_SEA,BAL,SEA,1,1,1,1,0,0,0,5,27,0
00-0026204,Kevin Smith,RB,2011,10,REG,2011_10_DET_CHI,DET,CHI,0,0,0,0,0,0,0,4,19,0
00-0026209,Jacob Hester,RB,2011,10,REG,2011_10_OAK_SD,LAC,LV,0,0,0,0,0,0,0,1,1,0
00-0026224,Harry Douglas,WR,2011,10,REG,2011_10_NO_ATL,ATL,NO,0,0,0,0,0,0,0,1,3,0
00-0026279,Ryan Torain,RB,2011,10,REG,2011_10_WAS_MIA,WAS,MIA,0,0,0,0,0,0,0,10,20,0
00-0026300,Josh Johnson,QB,2011,10,REG,2011_10_HOU_TB,TB,HOU,0,2,0,0,0,0,0,1,0,0
00-0026323,Spencer Larsen,FB,2011,10,REG,2011_10_DEN_KC,DEN,KC,0,0,0,0,0,0,0,5,17,0
00-0026345,Pierre Garcon,WR,2011,10,REG,2011_10_JAX_IND,IND,JAX,0,0,0,0,0,0,0,1,18,0
00-0026349,Matt Flynn,QB,2011,10,REG,2011_10_MIN_GB,GB,MIN,2,2,38,0,0,0,0,4,0,1
00-0026373,Justin Forsett,RB,2011,10,REG,2011_10_BAL_SEA,SEA,BAL,0,0,0,0,0,0,0,1,3,0
00-0026393,Marcel Reece,FB,2011,10,REG,2011_10_OAK_SD,LV,LAC,0,0,0,0,0,0,0,1,3,0
00-0026432,Lance Ball,RB,2011,10,REG,2011_10_DEN_KC,DEN,KC,0,0,0,0,0,0,0,30,96,0
00-0026491,Stefan Logan,WR,2011,10,REG,2011_10_DET_CHI,DET,CHI,0,0,0,0,0,0,0,1,5,0
00-0026498,Matthew Stafford,QB,2011,10,REG,2011_10_DET_CHI,DET,CHI,35,66,338,1,4,3,-17,2,1,0
00-0026566,Isaac Redman,RB,2011,10,REG,2011_10_PIT_CIN,PIT,CIN,0,0,0,0,0,0,0,7,25,0
00-0026712,Brit Miller,FB,2011,10,REG,2011_10_STL_CLE,LA,CLE,0,0,0,0,0,0,0,1,2,0
00-0026796,Arian Foster,RB,2011,10,REG,2011_10_HOU_TB,HOU,TB,0,0,0,0,0,0,0,17,84,1
00-0026898,Mark Sanchez,QB,2011,10,REG,2011_10_NE_NYJ,NYJ,NE,20,39,306,1,2,5,-38,5,11,1
00-0026899,Shonn Greene,RB,2011,10,REG,2011_10_NE_NYJ,NYJ,NE,0,0,0,0,0,0,0,13,61,0
00-0026901,Mike Wallace,WR,2011,10,REG,2011_10_PIT_CIN,PIT,CIN,0,0,0,0,0,0,0,2,31,0
00-0026941,Bernard Scott,RB,2011,10,REG,2011_10_PIT_CIN,CIN,PIT,0,0,0,0,0,0,0,7,38,0
00-0026956,LaRod Stephens-Howling,RB,2011,10,REG,2011_10_ARI_PHI,ARI,PHI,0,0,0,0,0,0,0,1,-1,0
00-0026988,Knowshon Moreno,RB,2011,10,REG,2011_10_DEN_KC,DEN,KC,0,0,0,0,0,0,0,4,52,0
00-0026993,Josh Freeman,QB,2011,10,REG,2011_10_HOU_TB,TB,HOU,15,33,170,1,3,4,-29,3,25,0
00-0026998,Percy Harvin,WR,2011,10,REG,2011_10_MIN_GB,MIN,GB,0,0,0,0,0,0,0,3,18,0
00-0027003,Donald Brown,RB,2011,10,REG,2011_10_JAX_IND,IND,JAX,0,0,0,0,0,0,0,14,53,0
00-0027007,Chris Wells,RB,2011,10,REG,2011_10_ARI_PHI,ARI,PHI,0,0,0,0,0,0,0,23,62,0
00-0027029,LeSean McCoy,RB,2011,10,REG,2011_10_ARI_PHI,PHI,ARI,0,0,0,0,0,0,0,14,81,1
00-0027076,Mike Thomas,WR,2011,10,REG,2011_10_JAX_IND,JAX,IND,0,0,0,0,0,0,0,1,12,0
00-0027120,Javon Ringer,RB,2011,10,REG,2011_10_TEN_CAR,TEN,CAR,0,0,0,0,0,0,0,6,19,0
00-0027134,Curtis Painter,QB,2011,10,REG,2011_10_JAX_IND,IND,JAX,13,19,94,0,2,3,-24,2,-1,0
00-0027140,Chris Ogbonnaya,RB,2011,10,REG,2011_10_STL_CLE,CLE,LA,0,0,0,0,0,0,0,19,90,0
00-0027214,Keiland Williams,RB,2011,10,REG,2011_10_DET_CHI,DET,CHI,0,0,0,0,0,0,0,1,1,0
00-0027325,LeGarrette Blount,RB,2011,10,REG,2011_10_HOU_TB,TB,HOU,0,0,0,0,0,0,0,10,34,0
00-0027651,Dexter McCluster,WR,2011,10,REG,2011_10_DEN_KC,KC,DEN,0,0,0,0,0,0,0,8,45,0
00-0027688,Colt McCoy,QB,2011,10,REG,2011_10_STL_CLE,CLE,LA,20,27,218,0,0,2,-9,4,4,0
00-0027691,Andre Roberts,WR,2011,10,REG,2011_10_ARI_PHI,ARI,PHI,0,0,0,0,0,0,0,1,12,0
00-0027754,John Skelton,QB,2011,10,REG,2011_10_ARI_PHI,ARI,PHI,21,40,315,3,2,4,-33,4,15,0
00-0027755,David Reed,WR,2011,10,REG,2011_10_BAL_SEA,BAL,SEA,0,0,0,0,0,0,0,1,16,0
00-0027772,Anthony Dixon,RB,2011,10,REG,2011_10_NYG_SF,SF,NYG,0,0,0,0,0,0,0,2,10,0
00-0027779,Deji Karim,RB,2011,10,REG,2011_10_JAX_IND,JAX,IND,0,0,0,0,0,0,0,9,7,0
00-0027791,James Starks,RB,2011,10,REG,2011_10_MIN_GB,GB,MIN,0,0,0,0,0,0,0,13,63,0
00-0027796,Joe Webb,QB,2011,10,REG,2011_10_MIN_GB,MIN,GB,0,0,0,0,0,0,0,1,6,0
00-0027854,Sam Bradford,QB,2011,10,REG,2011_10_STL_CLE,LA,CLE,15,25,155,1,1,1,-7,4,3,0
00-0027861,C.J. Spiller,RB,2011,10,REG,2011_10_BUF_DAL,BUF,DAL,0,0,0,0,0,0,0,1,1,0
00-0027864,Ryan Mathews,RB,2011,10,REG,2011_10_OAK_SD,LAC,LV,0,0,0,0,0,0,0,6,34,0
00-0027876,Tim Tebow,QB,2011,10,REG,2011_10_DEN_KC,DEN,KC,2,8,69,1,0,0,0,9,43,1
00-0027890,Ben Tate,RB,2011,10,REG,2011_10_HOU_TB,HOU,TB,0,0,0,0,0,0,0,13,63,1
00-0027891,Golden Tate,WR,2011,10,REG,2011_10_BAL_SEA,SEA,BAL,0,0,0,0,0,0,0,1,-5,0
00-0027918,Andrew Hawkins,WR,2011,10,REG,2011_10_PIT_CIN,CIN,PIT,0,0,0,0,0,0,0,1,4,0
00-0027939,Cam Newton,QB,2011,10,REG,2011_10_TEN_CAR,CAR,TEN,23,40,212,0,1,5,-46,7,55,0
00-0027942,A.J. Green,WR,2011,10,REG,2011_10_PIT_CIN,CIN,PIT,0,0,0,0,0,0,0,1,7,0
00-0027948,Blaine Gabbert,QB,2011,10,REG,2011_10_JAX_IND,JAX,IND,14,21,118,1,1,2,-8,6,8,0
00-0027950,Christian Ponder,QB,2011,10,REG,2011_10_MIN_GB,MIN,GB,16,34,190,0,1,3,-28,2,17,0
00-0027966,Mark Ingram,RB,2011,10,REG,2011_10_NO_ATL,NO,ATL,0,0,0,0,0,0,0,8,11,0
00-0027973,Andy Dalton,QB,2011,10,REG,2011_10_PIT_CIN,CIN,PIT,15,30,170,2,2,0,0,0,0,0
00-0027996,Torrey Smith,WR,2011,10,REG,2011_10_BAL_SEA,BAL,SEA,0,0,0,0,0,0,0,1,16,0
00-0027997,Greg Little,WR,2011,10,REG,2011_10_STL_CLE,CLE,LA,0,0,0,0,0,0,0,1,10,0
00-0028000,Daniel Thomas,RB,2011,10,REG,2011_10_WAS_MIA,MIA,WAS,0,0,0,0,0,0,0,17,42,0
00-0028009,DeMarco Murray,RB,2011,10,REG,2011_10_BUF_DAL,DAL,BUF,0,0,0,0,0,0,0,20,135,1
00-0028011,Stevan Ridley,RB,2011,10,REG,2011_10_NE_NYJ,NE,NYJ,0,0,0,0,0,0,0,5,4,0
00-0028043,Roy Helu,RB,2011,10,REG,2011_10_WAS_MIA,WAS,MIA,0,0,0,0,0,0,0,6,41,0
00-0028053,Kendall Hunter,RB,2011,10,REG,2011_10_NYG_SF,SF,NYG,0,0,0,0,0,0,0,6,40,1
00-0028057,Delone Carter,RB,2011,10,REG,2011_10_JAX_IND,IND,JAX,0,0,0,0,0,0,0,6,14,0
00-0028062,Owen Marecic,RB,2011,10,REG,2011_10_STL_CLE,CLE,LA,0,0,0,0,0,0,0,1,3,0
00-0028063,Taiwan Jones,RB,2011,10,REG,2011_10_OAK_SD,LV,LAC,0,0,0,0,0,0,0,7,39,0
00-0028083,Jacquizz Rodgers,RB,2011,10,REG,2011_10_NO_ATL,ATL,NO,0,0,0,0,0,0,0,7,30,0
00-0028087,Dion Lewis,RB,2011,10,REG,2011_10_ARI_PHI,PHI,ARI,0,0,0,0,0,0,0,1,2,0
00-0028613,Phillip Tanner,RB,2011,10,REG,2011_10_BUF_DAL,DAL,BUF,0,0,0,0,0,0,0,11,29,0
00-0007091,Matt Hasselbeck,QB,2011,11,REG,2011_11_TEN_ATL,TEN,ATL,13,25,124,0,1,0,0,1,17,0
00-0017915,Ricky Williams,RB,2011,11,REG,2011_11_CIN_BAL,BAL,CIN,0,0,0,0,0,0,0,5,3,0
00-0019596,Tom Brady,QB,2011,11,REG,2011_11_KC_NE,NE,KC,15,27,234,2,0,3,-11,2,10,0
00-0019641,Thomas Jones,RB,2011,11,REG,2011_11_KC_NE,KC,NE,0,0,0,0,0,0,0,8,48,0
00-0020337,Steve Smith,WR,2011,11,REG,2011_11_CAR_DET,CAR,DET,0,0,0,0,0,0,0,1,5,0
00-0021147,Donte' Stallworth,WR,2011,11,REG,2011_11_DAL_WAS,WAS,DAL,0,0,0,0,0,0,0,1,-1,0
00-0021182,Maurice Morris,RB,2011,11,REG,2011_11_CAR_DET,DET,CAR,0,0,0,0,0,0,0,7,29,0
00-0021314,Chester Taylor,RB,2011,11,REG,2011_11_ARI_SF,ARI,SF,0,0,0,0,0,0,0,1,34,0
00-0021429,Carson Palmer,QB,2011,11,REG,2011_11_OAK_MIN,LV,MIN,17,23,164,1,0,4,-25,3,5,1
00-0021678,Tony Romo,QB,2011,11,REG,2011_11_DAL_WAS,DAL,WAS,23,37,292,3,0,4,-28,2,-2,0
00-0022121,Rex Grossman,QB,2011,11,REG,2011_11_DAL_WAS,WAS,DAL,25,38,292,2,1,3,-13,3,10,1
00-0022178,Willis McGahee,RB,2011,11,REG,2011_11_NYJ_DEN,DEN,NYJ,0,0,0,0,0,0,0,12,18,0
00-0022736,Steven Jackson,RB,2011,11,REG,2011_11_SEA_STL,LA,SEA,0,0,0,0,0,0,0,15,42,0
00-0022803,Eli Manning,QB,2011,11,REG,2011_11_PHI_NYG,NYG,PHI,18,35,264,1,1,3,-15,0,0,0
00-0022821,Michael Turner,RB,2011,11,REG,2011_11_TEN_ATL,ATL,TEN,0,0,0,0,0,0,0,21,100,1
00-0022942,Philip Rivers,QB,2011,11,REG,2011_11_SD_CHI,LAC,CHI,21,31,280,2,2,0,0,0,0,0
00-0022984,Ryan Grant,RB,2011,11,REG,2011_11_TB_GB,GB,TB,0,0,0,0,0,0,0,4,16,0
00-0022999,John Kuhn,FB,2011,11,REG,2011_11_TB_GB,GB,TB,0,0,0,0,0,0,0,1,2,1
00-0023060,Chris Kluwe,P,2011,11,REG,2011_11_OAK_MIN,MIN,LV,0,0,0,0,0,0,0,1,-12,0
00-0023176,Josh Cribbs,WR,2011,11,REG,2011_11_JAX_CLE,CLE,JAX,0,0,0,0,0,0,0,1,2,0
00-0023436,Alex Smith,QB,2011,11,REG,2011_11_ARI_SF,SF,ARI,20,38,267,2,1,0,0,7,17,0
00-0023437,Ronnie Brown,RB,2011,11,REG,2011_11_PHI_NYG,PHI,NYG,0,0,0,0,0,0,0,1,6,0
00-0023439,Cedric Benson,RB,2011,11,REG,2011_11_CIN_BAL,CIN,BAL,0,0,0,0,0,0,0,15,41,2
00-0023459,Aaron Rodgers,QB,2011,11,REG,2011_11_TB_GB,GB,TB,23,34,299,3,1,2,-12,5,28,0
00-0023500,Frank Gore,RB,2011,11,REG,2011_11_ARI_SF,SF,ARI,0,0,0,0,0,0,0,24,88,0
00-0023544,Marion Barber,RB,2011,11,REG,2011_11_SD_CHI,CHI,LAC,0,0,0,0,0,0,0,7,25,1
00-0023545,Brandon Jacobs,RB,2011,11,REG,2011_11_PHI_NYG,NYG,PHI,0,0,0,0,0,0,0,12,21,0
00-0023682,Ryan Fitzpatrick,QB,2011,11,REG,2011_11_BUF_MIA,BUF,MIA,20,39,209,0,2,2,-11,7,16,0
00-0024103,Montell Owens,RB,2011,11,REG,2011_11_JAX_CLE,JAX,CLE,0,0,0,0,0,0,0,2,10,0
00-0024204,Fred Jackson,RB,2011,11,REG,2011_11_BUF_MIA,BUF,MIA,0,0,0,0,0,0,0,7,17,0
00-0024217,Reggie Bush,RB,2011,11,REG,2011_11_BUF_MIA,MIA,BUF,0,0,0,0,0,0,0,15,32,1
00-0024218,Vince Young,QB,2011,11,REG,2011_11_PHI_NYG,PHI,NYG,23,36,258,2,3,1,-3,6,5,0
00-0024226,Jay Cutler,QB,2011,11,REG,2011_11_SD_CHI,CHI,LAC,18,31,286,2,1,0,0,5,10,1
00-0024242,DeAngelo Williams,RB,2011,11,REG,2011_11_CAR_DET,CAR,DET,0,0,0,0,0,0,0,10,73,0
00-0024275,Maurice Jones-Drew,RB,2011,11,REG,2011_11_JAX_CLE,JAX,CLE,0,0,0,0,0,0,0,21,87,1
00-0024279,Tarvaris Jackson,QB,2011,11,REG,2011_11_SEA_STL,SEA,LA,14,24,148,1,2,4,-40,2,10,0
00-0024332,Leon Washington,RB,2011,11,REG,2011_11_SEA_STL,SEA,LA,0,0,0,0,0,0,0,6,-3,0
00-0024559,D.J. Ware,RB,2011,11,REG,2011_11_PHI_NYG,NYG,PHI,0,0,0,0,0,0,0,3,-3,0
00-0024812,Tyler Palko,QB,2011,11,REG,2011_11_KC_NE,KC,NE,24,37,230,0,3,3,-21,1,-6,0
00-0025394,Adrian Peterson,RB,2011,11,REG,2011_11_OAK_MIN,MIN,LV,0,0,0,0,0,0,0,6,26,1
00-0025399,Marshawn Lynch,RB,2011,11,REG,2011_11_SEA_STL,SEA,LA,0,0,0,0,0,0,0,27,88,1
00-0025431,Sidney Rice,WR,2011,11,REG,2011_11_SEA_STL,SEA,LA,1,1,55,0,0,0,0,0,0,0
00-0025439,Brian Leonard,RB,2011,11,REG,2011_11_CIN_BAL,CIN,BAL,0,0,0,0,0,0,0,2,6,0
00-0025487,Michael Bush,RB,2011,11,REG,2011_11_OAK_MIN,LV,MIN,0,0,0,0,0,0,0,30,109,1
00-0025488,Adam Podlesh,P,2011,11,REG,2011_11_SD_CHI,CHI,LAC,0,1,0,0,0,0,0,0,0,0
00-0025573,Thomas Clayton,RB,2011,11,REG,2011_11_JAX_CLE,CLE,JAX,0,0,0,0,0,0,0,1,4,0
00-0025604,Tyler Thigpen,QB,2011,11,REG,2011_11_BUF_MIA,BUF,MIA,1,5,6,0,0,0,0,0,0,0
00-0025631,Jason Snelling,FB,2011,11,REG,2011_11_TEN_ATL,ATL,TEN,0,0,0,0,0,0,0,7,11,0
00-0025701,Jackie Battle,RB,2011,11,REG,2011_11_KC_NE,KC,NE,0,0,0,0,0,0,0,8,33,0
00-0025708,Matt Moore,QB,2011,11,REG,2011_11_BUF_MIA,MIA,BUF,14,20,160,3,0,1,-13,3,2,0
00-0025749,Richard Bartel,QB,2011,11,REG,2011_11_ARI_SF,ARI,SF,8,16,64,1,0,1,-6,1,9,0
00-0025860,BenJarvus Green-Ellis,RB,2011,11,REG,2011_11_KC_NE,NE,KC,0,0,0,0,0,0,0,20,81,0
00-0026019,Danny Woodhead,RB,2011,11,REG,2011_11_KC_NE,NE,KC,0,0,0,0,0,0,0,5,27,0
00-0026069,Mike Tolbert,FB,2011,11,REG,2011_11_SD_CHI,LAC,CHI,0,0,0,0,0,0,0,3,14,0
00-0026143,Matt Ryan,QB,2011,11,REG,2011_11_TEN_ATL,ATL,TEN,22,32,316,1,0,0,0,6,3,0
00-0026153,Jonathan Stewart,RB,2011,11,REG,2011_11_CAR_DET,CAR,DET,0,0,0,0,0,0,0,8,22,0
00-0026158,Joe Flacco,QB,2011,11,REG,2011_11_CIN_BAL,BAL,CIN,17,27,270,2,1,1,-2,3,-2,0
00-0026162,Felix Jones,RB,2011,11,REG,2011_11_DAL_WAS,DAL,WAS,0,0,0,0,0,0,0,5,18,0
00-0026164,Chris Johnson,RB,2011,11,REG,2011_11_TEN_ATL,TEN,ATL,0,0,0,0,0,0,0,12,13,0
00-0026182,Eddie Royal,WR,2011,11,REG,2011_11_NYJ_DEN,DEN,NYJ,0,0,0,0,0,0,0,1,10,0
00-0026184,Matt Forte,RB,2011,11,REG,2011_11_SD_CHI,CHI,LAC,0,0,0,0,0,0,0,20,57,0
00-0026195,Ray Rice,RB,2011,11,REG,2011_11_CIN_BAL,BAL,CIN,0,0,0,0,0,0,0,20,104,2
00-0026204,Kevin Smith,RB,2011,11,REG,2011_11_CAR_DET,DET,CAR,0,0,0,0,0,0,0,16,140,2
00-0026209,Jacob Hester,RB,2011,11,REG,2011_11_SD_CHI,LAC,CHI,0,0,0,0,0,0,0,1,1,0
00-0026262,Tashard Choice,RB,2011,11,REG,2011_11_DAL_WAS,WAS,DAL,0,0,0,0,0,0,0,6,7,0
00-0026279,Ryan Torain,RB,2011,11,REG,2011_11_DAL_WAS,WAS,DAL,0,0,0,0,0,0,0,5,4,0
00-0026323,Spencer Larsen,FB,2011,11,REG,2011_11_NYJ_DEN,DEN,NYJ,0,0,0,0,0,0,0,5,13,0
00-0026344,Lex Hilliard,FB,2011,11,REG,2011_11_BUF_MIA,MIA,BUF,0,0,0,0,0,0,0,1,2,0
00-0026373,Justin Forsett,RB,2011,11,REG,2011_11_SEA_STL,SEA,LA,0,0,0,0,0,0,0,4,31,1
00-0026393,Marcel Reece,FB,2011,11,REG,2011_11_OAK_MIN,LV,MIN,0,0,0,0,0,0,0,6,45,0
00-0026432,Lance Ball,RB,2011,11,REG,2011_11_NYJ_DEN,DEN,NYJ,0,0,0,0,0,0,0,5,18,0
00-0026465,Anthony Armstrong,WR,2011,11,REG,2011_11_DAL_WAS,WAS,DAL,0,0,0,0,0,0,0,1,5,0
00-0026491,Stefan Logan,WR,2011,11,REG,2011_11_CAR_DET,DET,CAR,0,0,0,0,0,0,0,1,-2,0
00-0026498,Matthew Stafford,QB,2011,11,REG,2011_11_CAR_DET,DET,CAR,28,36,335,5,2,2,-9,4,2,0
00-0026664,Tim Masthay,P,2011,11,REG,2011_11_TB_GB,GB,TB,0,0,0,0,0,0,0,1,6,0
00-0026799,Jeremiah Johnson,RB,2011,11,REG,2011_11_NYJ_DEN,DEN,NYJ,0,0,0,0,0,0,0,3,-2,0
00-0026898,Mark Sanchez,QB,2011,11,REG,2011_11_NYJ_DEN,NYJ,DEN,24,40,252,0,1,3,-17,1,0,0
00-0026899,Shonn Greene,RB,2011,11,REG,2011_11_NYJ_DEN,NYJ,DEN,0,0,0,0,0,0,0,3,10,0
00-0026941,Bernard Scott,RB,2011,11,REG,2011_11_CIN_BAL,CIN,BAL,0,1,0,0,0,0,0,9,40,0
00-0026956,LaRod Stephens-Howling,RB,2011,11,REG,2011_11_ARI_SF,ARI,SF,0,0,0,0,0,0,0,1,4,0
00-0026985,B.J. Raji,NT,2011,11,REG,2011_11_TB_GB,GB,TB,0,0,0,0,0,0,0,1,1,1
00-0026993,Josh Freeman,QB,2011,11,REG,2011_11_TB_GB,TB,GB,28,38,342,2,2,2,-8,1,5,0
00-0026998,Percy Harvin,WR,2011,11,REG,2011_11_OAK_MIN,MIN,LV,0,0,0,0,0,0,0,5,21,0
00-0027007,Chris Wells,RB,2011,11,REG,2011_11_ARI_SF,ARI,SF,0,0,0,0,0,0,0,8,33,0
00-0027029,LeSean McCoy,RB,2011,11,REG,2011_11_PHI_NYG,PHI,NYG,0,0,0,0,0,0,0,23,113,0
00-0027077,Brian Hartline,WR,2011,11,REG,2011_11_BUF_MIA,MIA,BUF,0,0,0,0,0,0,0,1,9,0
00-0027140,Chris Ogbonnaya,RB,2011,11,REG,2011_11_JAX_CLE,CLE,JAX,0,0,0,0,0,0,0,21,115,1
00-0027188,Chad Hall,WR,2011,11,REG,2011_11_PHI_NYG,PHI,NYG,0,0,0,0,0,0,0,2,11,0
00-0027214,Keiland Williams,RB,2011,11,REG,2011_11_CAR_DET,DET,CAR,0,0,0,0,0,0,0,1,0,0
00-0027308,Jeremy Horne,WR,2011,11,REG,2011_11_KC_NE,KC,NE,0,0,0,0,0,0,0,1,5,0
00-0027325,LeGarrette Blount,RB,2011,11,REG,2011_11_TB_GB,TB,GB,0,0,0,0,0,0,0,18,107,1
00-0027651,Dexter McCluster,WR,2011,11,REG,2011_11_KC_NE,KC,NE,0,0,0,0,0,0,0,9,45,0
00-0027654,Arrelious Benn,WR,2011,11,REG,2011_11_TB_GB,TB,GB,0,0,0,0,0,0,0,1,9,0
00-0027688,Colt McCoy,QB,2011,11,REG,2011_11_JAX_CLE,CLE,JAX,17,24,199,1,1,2,-13,5,27,0
00-0027690,Eric Decker,WR,2011,11,REG,2011_11_NYJ_DEN,DEN,NYJ,0,1,0,0,0,0,0,0,0,0
00-0027712,Joe McKnight,RB,2011,11,REG,2011_11_NYJ_DEN,NYJ,DEN,0,0,0,0,0,0,0,16,59,0
00-0027739,John Conner,FB,2011,11,REG,2011_11_NYJ_DEN,NYJ,DEN,0,0,0,0,0,0,0,1,3,0
00-0027754,John Skelton,QB,2011,11,REG,2011_11_ARI_SF,ARI,SF,6,19,99,0,3,1,-8,0,0,0
00-0027772,Anthony Dixon,RB,2011,11,REG,2011_11_ARI_SF,SF,ARI,0,0,0,0,0,0,0,7,32,0
00-0027779,Deji Karim,RB,2011,11,REG,2011_11_JAX_CLE,JAX,CLE,0,0,0,0,0,0,0,4,1,0
00-0027791,James Starks,RB,2011,11,REG,2011_11_TB_GB,GB,TB,0,0,0,0,0,0,0,11,38,0
00-0027854,Sam Bradford,QB,2011,11,REG,2011_11_SEA_STL,LA,SEA,20,40,181,1,1,5,-38,2,0,0
00-0027861,C.J. Spiller,RB,2011,11,REG,2011_11_BUF_MIA,BUF,MIA,0,0,0,0,0,0,0,3,2,0
00-0027864,Ryan Mathews,RB,2011,11,REG,2011_11_SD_CHI,LAC,CHI,0,0,0,0,0,0,0,13,37,0
00-0027876,Tim Tebow,QB,2011,11,REG,2011_11_NYJ_DEN,DEN,NYJ,9,20,104,0,0,1,0,8,68,1
00-0027888,Toby Gerhart,RB,2011,11,REG,2011_11_OAK_MIN,MIN,LV,0,0,0,0,0,0,0,7,18,0
00-0027939,Cam Newton,QB,2011,11,REG,2011_11_CAR_DET,CAR,DET,22,38,280,1,4,1,-8,7,37,2
00-0027946,Jake Locker,QB,2011,11,REG,2011_11_TEN_ATL,TEN,ATL,9,19,140,2,0,1,-7,1,11,0
00-0027948,Blaine Gabbert,QB,2011,11,REG,2011_11_JAX_CLE,JAX,CLE,22,41,210,0,0,1,-15,2,10,0
00-0027950,Christian Ponder,QB,2011,11,REG,2011_11_OAK_MIN,MIN,LV,19,33,211,2,3,5,-24,5,71,0
00-0027973,Andy Dalton,QB,2011,11,REG,2011_11_CIN_BAL,CIN,BAL,24,45,373,1,3,2,-9,4,32,0
00-0027994,Shane Vereen,RB,2011,11,REG,2011_11_KC_NE,NE,KC,0,0,0,0,0,0,0,8,39,1
00-0028000,Daniel Thomas,RB,2011,11,REG,2011_11_BUF_MIA,MIA,BUF,0,0,0,0,0,0,0,15,50,0
00-0028009,DeMarco Murray,RB,2011,11,REG,2011_11_DAL_WAS,DAL,WAS,0,0,0,0,0,0,0,25,73,0
00-0028043,Roy Helu,RB,2011,11,REG,2011_11_DAL_WAS,WAS,DAL,0,0,0,0,0,0,0,8,35,0
00-0028053,Kendall Hunter,RB,2011,11,REG,2011_11_ARI_SF,SF,ARI,0,0,0,0,0,0,0,11,27,0
00-0028063,Taiwan Jones,RB,2011,11,REG,2011_11_OAK_MIN,LV,MIN,0,0,0,0,0,0,0,2,3,0
00-0028064,Bilal Powell,RB,2011,11,REG,2011_11_NYJ_DEN,NYJ,DEN,0,0,0,0,0,0,0,7,11,0
00-0028071,Johnny White,RB,2011,11,REG,2011_11_BUF_MIA,BUF,MIA,0,0,0,0,0,0,0,2,6,0
00-0028083,Jacquizz Rodgers,RB,2011,11,REG,2011_11_TEN_ATL,ATL,TEN,0,0,0,0,0,0,0,2,2,0
00-0028087,Dion Lewis,RB,2011,11,REG,2011_11_PHI_NYG,PHI,NYG,0,0,0,0,0,0,0,1,1,0
00-0028159,Da'Rel Scott,RB,2011,11,REG,2011_11_PHI_NYG,NYG,PHI,0,0,0,0,0,0,0,2,11,0
00-0007091,Matt Hasselbeck,QB,2011,12,REG,2011_12_TB_TEN,TEN,TB,19,34,160,1,2,2,-10,2,-2,0
00-0017915,Ricky Williams,RB,2011,12,REG,2011_12_SF_BAL,BAL,SF,0,0,0,0,0,0,0,7,29,0
00-0019596,Tom Brady,QB,2011,12,REG,2011_12_NE_PHI,NE,PHI,24,34,361,3,0,1,-8,5,28,0
00-0019641,Thomas Jones,RB,2011,12,REG,2011_12_PIT_KC,KC,PIT,0,0,0,0,0,0,0,13,37,0
00-0020337,Steve Smith,WR,2011,12,REG,2011_12_CAR_IND,CAR,IND,0,0,0,0,0,0,0,1,9,0
00-0020531,Drew Brees,QB,2011,12,REG,2011_12_NYG_NO,NO,NYG,24,38,363,4,0,0,0,1,8,1
00-0021182,Maurice Morris,RB,2011,12,REG,2011_12_GB_DET,DET,GB,0,0,0,0,0,0,0,7,39,0
00-0021314,Chester Taylor,RB,2011,12,REG,2011_12_ARI_STL,ARI,LA,0,0,0,0,0,0,0,2,1,0
00-0021357,Rock Cartwright,RB,2011,12,REG,2011_12_CHI_OAK,LV,CHI,0,0,0,0,0,0,0,1,4,0
00-0021429,Carson Palmer,QB,2011,12,REG,2011_12_CHI_OAK,LV,CHI,21,37,301,0,1,4,-33,0,0,0
00-0021678,Tony Romo,QB,2011,12,REG,2011_12_MIA_DAL,DAL,MIA,22,34,226,2,2,1,-8,1,-2,0
00-0021999,Nate Burleson,WR,2011,12,REG,2011_12_GB_DET,DET,GB,0,0,0,0,0,0,0,1,11,0
00-0022097,Brandon Lloyd,WR,2011,12,REG,2011_12_ARI_STL,LA,ARI,0,1,0,0,0,0,0,0,0,0
00-0022121,Rex Grossman,QB,2011,12,REG,2011_12_WAS_SEA,WAS,SEA,26,35,314,2,2,1,-8,5,-1,0
00-0022178,Willis McGahee,RB,2011,12,REG,2011_12_DEN_SD,DEN,LAC,0,0,0,0,0,0,0,23,117,0
00-0022217,Mewelde Moore,RB,2011,12,REG,2011_12_PIT_KC,PIT,KC,0,0,0,0,0,0,0,2,16,0
00-0022397,Vonta Leach,FB,2011,12,REG,2011_12_SF_BAL,BAL,SF,0,0,0,0,0,0,0,1,2,0
00-0022427,Wes Welker,WR,2011,12,REG,2011_12_NE_PHI,NE,PHI,0,0,0,0,0,0,0,1,-9,0
00-0022736,Steven Jackson,RB,2011,12,REG,2011_12_ARI_STL,LA,ARI,0,0,0,0,0,0,0,17,64,0
00-0022803,Eli Manning,QB,2011,12,REG,2011_12_NYG_NO,NYG,NO,33,47,406,2,1,1,-14,1,4,0
00-0022821,Michael Turner,RB,2011,12,REG,2011_12_MIN_ATL,ATL,MIN,0,0,0,0,0,0,0,19,60,0
00-0022864,Luke McCown,QB,2011,12,REG,2011_12_HOU_JAX,JAX,HOU,7,11,62,0,0,1,-13,1,9,0
00-0022924,Ben Roethlisberger,QB,2011,12,REG,2011_12_PIT_KC,PIT,KC,21,31,193,1,1,1,-11,4,8,0
00-0022942,Philip Rivers,QB,2011,12,REG,2011_12_DEN_SD,LAC,DEN,19,36,188,1,0,3,-29,1,1,0
00-0022984,Ryan Grant,RB,2011,12,REG,2011_12_GB_DET,GB,DET,0,0,0,0,0,0,0,6,20,0
00-0022999,John Kuhn,FB,2011,12,REG,2011_12_GB_DET,GB,DET,0,0,0,0,0,0,0,5,5,1
00-0023176,Josh Cribbs,WR,2011,12,REG,2011_12_CLE_CIN,CLE,CIN,0,0,0,0,0,0,0,1,2,0
00-0023436,Alex Smith,QB,2011,12,REG,2011_12_SF_BAL,SF,BAL,15,24,140,0,1,9,-44,2,12,0
00-0023439,Cedric Benson,RB,2011,12,REG,2011_12_CLE_CIN,CIN,CLE,0,0,0,0,0,0,0,21,106,1
00-0023459,Aaron Rodgers,QB,2011,12,REG,2011_12_GB_DET,GB,DET,22,33,307,2,0,2,-11,1,-1,0
00-0023500,Frank Gore,RB,2011,12,REG,2011_12_SF_BAL,SF,BAL,0,0,0,0,0,0,0,14,39,0
00-0023544,Marion Barber,RB,2011,12,REG,2011_12_CHI_OAK,CHI,LV,0,0,0,0,0,0,0,10,63,0
00-0023545,Brandon Jacobs,RB,2011,12,REG,2011_12_NYG_NO,NYG,NO,0,0,0,0,0,0,0,13,46,1
00-0023564,Darren Sproles,RB,2011,12,REG,2011_12_NYG_NO,NO,NYG,0,0,0,0,0,0,0,8,54,0
00-0023682,Ryan Fitzpatrick,QB,2011,12,REG,2011_12_BUF_NYJ,BUF,NYJ,26,39,264,3,0,3,-14,5,34,0
00-0024103,Montell Owens,RB,2011,12,REG,2011_12_HOU_JAX,JAX,HOU,0,0,0,0,0,0,0,2,-2,0
00-0024110,Steve Weatherford,P,2011,12,REG,2011_12_NYG_NO,NYG,NO,0,0,0,0,0,0,0,1,0,0
00-0024217,Reggie Bush,RB,2011,12,REG,2011_12_MIA_DAL,MIA,DAL,0,0,0,0,0,0,0,16,61,0
00-0024218,Vince Young,QB,2011,12,REG,2011_12_NE_PHI,PHI,NE,26,48,400,1,1,2,-7,6,40,0
00-0024225,Matt Leinart,QB,2011,12,REG,2011_12_HOU_JAX,HOU,JAX,10,13,57,1,0,0,0,0,0,0
00-0024240,Santonio Holmes,WR,2011,12,REG,2011_12_BUF_NYJ,NYJ,BUF,0,0,0,0,0,0,0,2,28,0
00-0024242,DeAngelo Williams,RB,2011,12,REG,2011_12_CAR_IND,CAR,IND,0,0,0,0,0,0,0,15,69,2
00-0024245,Joseph Addai,RB,2011,12,REG,2011_12_CAR_IND,IND,CAR,0,0,0,0,0,0,0,7,23,0
00-0024275,Maurice Jones-Drew,RB,2011,12,REG,2011_12_HOU_JAX,JAX,HOU,0,0,0,0,0,0,0,18,99,0
00-0024279,Tarvaris Jackson,QB,2011,12,REG,2011_12_WAS_SEA,SEA,WAS,14,30,144,2,1,2,-18,0,0,0
00-0024294,Jerious Norwood,RB,2011,12,REG,2011_12_ARI_STL,LA,ARI,0,0,0,0,0,0,0,5,22,0
00-0024318,Brad Smith,WR,2011,12,REG,2011_12_BUF_NYJ,BUF,NYJ,0,0,0,0,0,0,0,1,3,0
00-0024332,Leon Washington,RB,2011,12,REG,2011_12_WAS_SEA,SEA,WAS,0,0,0,0,0,0,0,4,9,0
00-0024489,Ahmard Hall,FB,2011,12,REG,2011_12_TB_TEN,TEN,TB,0,0,0,0,0,0,0,1,2,0
00-0024559,D.J. Ware,RB,2011,12,REG,2011_12_NYG_NO,NYG,NO,0,0,0,0,0,0,0,5,23,0
00-0024812,Tyler Palko,QB,2011,12,REG,2011_12_PIT_KC,KC,PIT,18,28,167,0,3,1,-5,1,0,0
00-0024813,Pierre Thomas,RB,2011,12,REG,2011_12_NYG_NO,NO,NYG,0,0,0,0,0,0,0,8,63,1
00-0025396,Ted Ginn,WR,2011,12,REG,2011_12_SF_BAL,SF,BAL,0,0,0,0,0,0,0,1,9,0
00-0025399,Marshawn Lynch,RB,2011,12,REG,2011_12_WAS_SEA,SEA,WAS,0,0,0,0,0,0,0,24,111,0
00-0025431,Sidney Rice,WR,2011,12,REG,2011_12_WAS_SEA,SEA,WAS,0,0,0,0,0,0,0,1,3,0
00-0025439,Brian Leonard,RB,2011,12,REG,2011_12_CLE_CIN,CIN,CLE,0,0,0,0,0,0,0,1,2,0
00-0025487,Michael Bush,RB,2011,12,REG,2011_12_CHI_OAK,LV,CHI,0,0,0,0,0,0,0,24,69,1
00-0025631,Jason Snelling,FB,2011,12,REG,2011_12_MIN_ATL,ATL,MIN,0,0,0,0,0,0,0,3,7,0
00-0025701,Jackie Battle,RB,2011,12,REG,2011_12_PIT_KC,KC,PIT,0,0,0,0,0,0,0,9,20,0
00-0025708,Matt Moore,QB,2011,12,REG,2011_12_MIA_DAL,MIA,DAL,19,32,288,1,0,4,-25,3,3,0
00-0025860,BenJarvus Green-Ellis,RB,2011,12,REG,2011_12_NE_PHI,NE,PHI,0,0,0,0,0,0,0,14,44,2
00-0025970,Caleb Hanie,QB,2011,12,REG,2011_12_CHI_OAK,CHI,LV,18,36,254,2,3,4,-25,5,50,0
00-0026019,Danny Woodhead,RB,2011,12,REG,2011_12_NE_PHI,NE,PHI,0,0,0,0,0,0,0,4,20,0
00-0026029,Kregg Lumpkin,RB,2011,12,REG,2011_12_TB_TEN,TB,TEN,0,0,0,0,0,0,0,1,3,0
00-0026069,Mike Tolbert,FB,2011,12,REG,2011_12_DEN_SD,LAC,DEN,0,0,0,0,0,0,0,11,44,0
00-0026143,Matt Ryan,QB,2011,12,REG,2011_12_MIN_ATL,ATL,MIN,27,34,262,3,0,2,-16,4,3,0
00-0026153,Jonathan Stewart,RB,2011,12,REG,2011_12_CAR_IND,CAR,IND,0,0,0,0,0,0,0,10,70,0
00-0026158,Joe Flacco,QB,2011,12,REG,2011_12_SF_BAL,BAL,SF,15,23,161,1,0,0,0,6,2,0
00-0026163,Rashard Mendenhall,RB,2011,12,REG,2011_12_PIT_KC,PIT,KC,0,0,0,0,0,0,0,17,57,0
00-0026164,Chris Johnson,RB,2011,12,REG,2011_12_TB_TEN,TEN,TB,0,0,0,0,0,0,0,23,190,0
00-0026182,Eddie Royal,WR,2011,12,REG,2011_12_DEN_SD,DEN,LAC,0,0,0,0,0,0,0,1,1,0
00-0026184,Matt Forte,RB,2011,12,REG,2011_12_CHI_OAK,CHI,LV,0,0,0,0,0,0,0,12,59,0
00-0026195,Ray Rice,RB,2011,12,REG,2011_12_SF_BAL,BAL,SF,0,0,0,0,0,0,0,21,59,0
00-0026204,Kevin Smith,RB,2011,12,REG,2011_12_GB_DET,DET,GB,0,0,0,0,0,0,0,7,36,0
00-0026209,Jacob Hester,RB,2011,12,REG,2011_12_DEN_SD,LAC,DEN,0,0,0,0,0,0,0,1,2,0
00-0026262,Tashard Choice,RB,2011,12,REG,2011_12_BUF_NYJ,BUF,NYJ,0,0,0,0,0,0,0,2,-8,0
00-0026300,Josh Johnson,QB,2011,12,REG,2011_12_TB_TEN,TB,TEN,0,0,0,0,0,0,0,1,6,0
00-0026323,Spencer Larsen,FB,2011,12,REG,2011_12_DEN_SD,DEN,LAC,0,0,0,0,0,0,0,1,4,0
00-0026345,Pierre Garcon,WR,2011,12,REG,2011_12_CAR_IND,IND,CAR,0,0,0,0,0,0,0,2,2,0
00-0026367,Peyton Hillis,RB,2011,12,REG,2011_12_CLE_CIN,CLE,CIN,0,0,0,0,0,0,0,19,65,0
00-0026373,Justin Forsett,RB,2011,12,REG,2011_12_WAS_SEA,SEA,WAS,0,0,0,0,0,0,0,1,1,0
00-0026393,Marcel Reece,FB,2011,12,REG,2011_12_CHI_OAK,LV,CHI,0,0,0,0,0,0,0,2,0,0
00-0026432,Lance Ball,RB,2011,12,REG,2011_12_DEN_SD,DEN,LAC,0,0,0,0,0,0,0,4,19,0
00-0026498,Matthew Stafford,QB,2011,12,REG,2011_12_GB_DET,DET,GB,32,45,276,1,3,1,-3,4,31,0
00-0026544,Chase Daniel,QB,2011,12,REG,2011_12_NYG_NO,NO,NYG,1,1,9,0,0,0,0,0,0,0
00-0026566,Isaac Redman,RB,2011,12,REG,2011_12_PIT_KC,PIT,KC,0,0,0,0,0,0,0,3,22,0
00-0026625,Brian Hoyer,QB,2011,12,REG,2011_12_NE_PHI,NE,PHI,0,0,0,0,0,0,0,1,-1,0
00-0026745,Curtis Brinkley,RB,2011,12,REG,2011_12_DEN_SD,LAC,DEN,0,0,0,0,0,0,0,1,1,0
00-0026796,Arian Foster,RB,2011,12,REG,2011_12_HOU_JAX,HOU,JAX,0,0,0,0,0,0,0,22,65,1
00-0026898,Mark Sanchez,QB,2011,12,REG,2011_12_BUF_NYJ,NYJ,BUF,17,35,180,4,1,0,0,2,5,0
00-0026899,Shonn Greene,RB,2011,12,REG,2011_12_BUF_NYJ,NYJ,BUF,0,0,0,0,0,0,0,13,78,0
00-0026941,Bernard Scott,RB,2011,12,REG,2011_12_CLE_CIN,CIN,CLE,0,0,0,0,0,0,0,4,1,0
00-0026956,LaRod Stephens-Howling,RB,2011,12,REG,2011_12_ARI_STL,ARI,LA,0,0,0,0,0,0,0,2,9,0
00-0026993,Josh Freeman,QB,2011,12,REG,2011_12_TB_TEN,TB,TEN,18,33,199,1,1,2,-13,3,10,0
00-0026998,Percy Harvin,WR,2011,12,REG,2011_12_MIN_ATL,MIN,ATL,0,0,0,0,0,0,0,5,11,0
00-0027003,Donald Brown,RB,2011,12,REG,2011_12_CAR_IND,IND,CAR,0,0,0,0,0,0,0,14,80,1
00-0027007,Chris Wells,RB,2011,12,REG,2011_12_ARI_STL,ARI,LA,0,0,0,0,0,0,0,27,228,1
00-0027029,LeSean McCoy,RB,2011,12,REG,2011_12_NE_PHI,PHI,NE,0,0,0,0,0,0,0,10,31,1
00-0027120,Javon Ringer,RB,2011,12,REG,2011_12_TB_TEN,TEN,TB,0,0,0,0,0,0,0,9,12,0
00-0027134,Curtis Painter,QB,2011,12,REG,2011_12_CAR_IND,IND,CAR,15,29,226,1,2,2,-8,0,0,0
00-0027140,Chris Ogbonnaya,RB,2011,12,REG,2011_12_CLE_CIN,CLE,CIN,0,0,0,0,0,0,0,3,16,0
00-0027188,Chad Hall,WR,2011,12,REG,2011_12_NE_PHI,PHI,NE,0,0,0,0,0,0,0,1,2,0
00-0027214,Keiland Williams,RB,2011,12,REG,2011_12_GB_DET,DET,GB,0,0,0,0,0,0,0,2,19,1
00-0027325,LeGarrette Blount,RB,2011,12,REG,2011_12_TB_TEN,TB,TEN,0,0,0,0,0,0,0,20,103,0
00-0027346,Alfonso Smith,RB,2011,12,REG,2011_12_ARI_STL,ARI,LA,0,0,0,0,0,0,0,3,12,0
00-0027651,Dexter McCluster,WR,2011,12,REG,2011_12_PIT_KC,KC,PIT,0,0,0,0,0,0,0,9,28,0
00-0027660,Javier Arenas,CB,2011,12,REG,2011_12_PIT_KC,KC,PIT,0,0,0,0,0,0,0,2,5,0
00-0027688,Colt McCoy,QB,2011,12,REG,2011_12_CLE_CIN,CLE,CIN,16,34,151,2,1,2,-11,6,38,0
00-0027712,Joe McKnight,RB,2011,12,REG,2011_12_BUF_NYJ,NYJ,BUF,0,0,0,0,0,0,0,4,21,0
00-0027739,John Conner,FB,2011,12,REG,2011_12_BUF_NYJ,NYJ,BUF,0,0,0,0,0,0,0,2,6,0
00-0027754,John Skelton,QB,2011,12,REG,2011_12_ARI_STL,ARI,LA,12,23,114,0,2,3,-8,3,18,0
00-0027779,Deji Karim,RB,2011,12,REG,2011_12_HOU_JAX,JAX,HOU,0,0,0,0,0,0,0,2,-2,0
00-0027791,James Starks,RB,2011,12,REG,2011_12_GB_DET,GB,DET,0,0,0,0,0,0,0,4,19,0
00-0027793,Antonio Brown,WR,2011,12,REG,2011_12_PIT_KC,PIT,KC,0,0,0,0,0,0,0,2,5,0
00-0027854,Sam Bradford,QB,2011,12,REG,2011_12_ARI_STL,LA,ARI,17,31,203,1,0,2,-17,0,0,0
00-0027861,C.J. Spiller,RB,2011,12,REG,2011_12_BUF_NYJ,BUF,NYJ,0,0,0,0,0,0,0,19,55,0
00-0027864,Ryan Mathews,RB,2011,12,REG,2011_12_DEN_SD,LAC,DEN,0,0,0,0,0,0,0,22,137,0
00-0027876,Tim Tebow,QB,2011,12,REG,2011_12_DEN_SD,DEN,LAC,9,18,143,1,0,1,-2,22,67,0
00-0027888,Toby Gerhart,RB,2011,12,REG,2011_12_MIN_ATL,MIN,ATL,0,0,0,0,0,0,0,17,44,1
00-0027890,Ben Tate,RB,2011,12,REG,2011_12_HOU_JAX,HOU,JAX,0,0,0,0,0,0,0,5,26,0
00-0027939,Cam Newton,QB,2011,12,REG,2011_12_CAR_IND,CAR,IND,20,27,208,0,0,3,-32,9,53,1
00-0027943,Patrick Peterson,CB,2011,12,REG,2011_12_ARI_STL,ARI,LA,0,0,0,0,0,0,0,1,0,0
00-0027948,Blaine Gabbert,QB,2011,12,REG,2011_12_HOU_JAX,JAX,HOU,13,29,136,0,1,6,-35,1,1,0
00-0027950,Christian Ponder,QB,2011,12,REG,2011_12_MIN_ATL,MIN,ATL,17,25,186,1,0,4,-24,2,9,0
00-0027966,Mark Ingram,RB,2011,12,REG,2011_12_NYG_NO,NO,NYG,0,0,0,0,0,0,0,13,80,1
00-0027973,Andy Dalton,QB,2011,12,REG,2011_12_CLE_CIN,CIN,CLE,21,31,270,1,0,2,-13,6,23,0
00-0027994,Shane Vereen,RB,2011,12,REG,2011_12_NE_PHI,NE,PHI,0,0,0,0,0,0,0,7,18,0
00-0027997,Greg Little,WR,2011,12,REG,2011_12_CLE_CIN,CLE,CIN,0,0,0,0,0,0,0,1,13,0
00-0028000,Daniel Thomas,RB,2011,12,REG,2011_12_MIA_DAL,MIA,DAL,0,0,0,0,0,0,0,6,25,0
00-0028009,DeMarco Murray,RB,2011,12,REG,2011_12_MIA_DAL,DAL,MIA,0,0,0,0,0,0,0,22,87,0
00-0028011,Stevan Ridley,RB,2011,12,REG,2011_12_NE_PHI,NE,PHI,0,0,0,0,0,0,0,4,4,0
00-0028043,Roy Helu,RB,2011,12,REG,2011_12_WAS_SEA,WAS,SEA,0,0,0,0,0,0,0,23,108,1
00-0028053,Kendall Hunter,RB,2011,12,REG,2011_12_SF_BAL,SF,BAL,0,0,0,0,0,0,0,4,14,0
00-0028071,Johnny White,RB,2011,12,REG,2011_12_BUF_NYJ,BUF,NYJ,0,0,0,0,0,0,0,1,2,0
00-0028083,Jacquizz Rodgers,RB,2011,12,REG,2011_12_MIN_ATL,ATL,MIN,0,0,0,0,0,0,0,3,19,0
00-0028090,T.J. Yates,QB,2011,12,REG,2011_12_HOU_JAX,HOU,JAX,8,15,70,0,0,0,0,4,-3,0
00-0028115,Evan Royster,RB,2011,12,REG,2011_12_WAS_SEA,WAS,SEA,0,0,0,0,0,0,0,1,3,0
00-0028159,Da'Rel Scott,RB,2011,12,REG,2011_12_NYG_NO,NYG,NO,0,0,0,0,0,0,0,2,0,0
00-0028602,Brandon Saine,RB,2011,12,REG,2011_12_GB_DET,GB,DET,0,0,0,0,0,0,0,2,10,0
00-0000865,Charlie Batch,QB,2011,13,REG,2011_13_CIN_PIT,PIT,CIN,0,0,0,0,0,1,-4,3,-2,0
00-0005091,Kevin Faulk,RB,2011,13,REG,2011_13_IND_NE,NE,IND,0,0,0,0,0,0,0,2,5,0
00-0007091,Matt Hasselbeck,QB,2011,13,REG,2011_13_TEN_BUF,TEN,BUF,16,25,140,0,0,1,-10,1,-1,0
00-0017915,Ricky Williams,RB,2011,13,REG,2011_13_BAL_CLE,BAL,CLE,0,0,0,0,0,0,0,16,76,1
00-0019041,Billy Volek,QB,2011,13,REG,2011_13_SD_JAX,LAC,JAX,0,0,0,0,0,0,0,3,-3,0
00-0019596,Tom Brady,QB,2011,13,REG,2011_13_IND_NE,NE,IND,29,38,289,2,0,1,0,3,7,0
00-0019641,Thomas Jones,RB,2011,13,REG,2011_13_KC_CHI,KC,CHI,0,0,0,0,0,0,0,16,36,0
00-0020267,Nick Harris,P,2011,13,REG,2011_13_SD_JAX,JAX,LAC,0,0,0,0,0,0,0,1,0,0
00-0020305,A.J. Feeley,QB,2011,13,REG,2011_13_STL_SF,LA,SF,12,22,156,0,1,4,-30,0,0,0
00-0020531,Drew Brees,QB,2011,13,REG,2011_13_DET_NO,NO,DET,29,39,401,3,0,2,-4,0,0,0
00-0020536,LaDainian Tomlinson,RB,2011,13,REG,2011_13_NYJ_WAS,NYJ,WAS,0,0,0,0,0,0,0,1,5,0
00-0021182,Maurice Morris,RB,2011,13,REG,2011_13_DET_NO,DET,NO,0,0,0,0,0,0,0,14,31,0
00-0021429,Carson Palmer,QB,2011,13,REG,2011_13_OAK_MIA,LV,MIA,20,41,273,2,1,2,-15,1,2,0
00-0021678,Tony Romo,QB,2011,13,REG,2011_13_DAL_ARI,DAL,ARI,28,42,299,1,0,5,-38,2,1,0
00-0022055,Seneca Wallace,QB,2011,13,REG,2011_13_BAL_CLE,CLE,BAL,1,1,4,0,0,0,0,0,0,0
00-0022121,Rex Grossman,QB,2011,13,REG,2011_13_NYJ_WAS,WAS,NYJ,19,46,221,0,1,2,-17,0,0,0
00-0022178,Willis McGahee,RB,2011,13,REG,2011_13_DEN_MIN,DEN,MIN,0,0,0,0,0,0,0,20,111,1
00-0022217,Mewelde Moore,RB,2011,13,REG,2011_13_CIN_PIT,PIT,CIN,0,0,0,0,0,0,0,1,13,0
00-0022397,Vonta Leach,FB,2011,13,REG,2011_13_BAL_CLE,BAL,CLE,0,0,0,0,0,0,0,4,12,0
00-0022736,Steven Jackson,RB,2011,13,REG,2011_13_STL_SF,LA,SF,0,0,0,0,0,0,0,10,19,0
00-0022803,Eli Manning,QB,2011,13,REG,2011_13_GB_NYG,NYG,GB,23,40,347,3,1,1,0,0,0,0
00-0022821,Michael Turner,RB,2011,13,REG,2011_13_ATL_HOU,ATL,HOU,0,0,0,0,0,0,0,14,44,0
00-0022924,Ben Roethlisberger,QB,2011,13,REG,2011_13_CIN_PIT,PIT,CIN,15,23,176,2,0,2,-13,0,0,0
00-0022942,Philip Rivers,QB,2011,13,REG,2011_13_SD_JAX,LAC,JAX,22,28,294,3,0,0,0,0,0,0
00-0022984,Ryan Grant,RB,2011,13,REG,2011_13_GB_NYG,GB,NYG,0,0,0,0,0,0,0,13,29,0
00-0022999,John Kuhn,FB,2011,13,REG,2011_13_GB_NYG,GB,NYG,0,0,0,0,0,0,0,2,7,0
00-0023436,Alex Smith,QB,2011,13,REG,2011_13_STL_SF,SF,LA,17,23,274,2,0,4,-29,2,10,0
00-0023437,Ronnie Brown,RB,2011,13,REG,2011_13_PHI_SEA,PHI,SEA,0,0,0,0,0,0,0,2,11,0
00-0023439,Cedric Benson,RB,2011,13,REG,2011_13_CIN_PIT,CIN,PIT,0,0,0,0,0,0,0,13,52,0
00-0023459,Aaron Rodgers,QB,2011,13,REG,2011_13_GB_NYG,GB,NYG,28,46,369,4,1,2,-9,4,32,0
00-0023500,Frank Gore,RB,2011,13,REG,2011_13_STL_SF,SF,LA,0,0,0,0,0,0,0,21,73,0
00-0023541,Kyle Orton,QB,2011,13,REG,2011_13_KC_CHI,KC,CHI,0,1,0,0,0,0,0,0,0,0
00-0023544,Marion Barber,RB,2011,13,REG,2011_13_KC_CHI,CHI,KC,0,0,0,0,0,0,0,14,44,0
00-0023545,Brandon Jacobs,RB,2011,13,REG,2011_13_GB_NYG,NYG,GB,0,0,0,0,0,0,0,8,59,1
00-0023564,Darren Sproles,RB,2011,13,REG,2011_13_DET_NO,NO,DET,0,0,0,0,0,0,0,5,29,0
00-0023578,Dan Orlovsky,QB,2011,13,REG,2011_13_IND_NE,IND,NE,30,37,353,2,1,2,-15,1,-1,0
00-0023682,Ryan Fitzpatrick,QB,2011,13,REG,2011_13_TEN_BUF,BUF,TEN,29,46,288,1,0,1,-6,4,1,0
00-0024103,Montell Owens,RB,2011,13,REG,2011_13_SD_JAX,JAX,LAC,0,0,0,0,0,0,0,2,11,0
00-0024217,Reggie Bush,RB,2011,13,REG,2011_13_OAK_MIA,MIA,LV,0,0,0,0,0,0,0,22,100,1
00-0024218,Vince Young,QB,2011,13,REG,2011_13_PHI_SEA,PHI,SEA,17,29,208,1,4,2,-10,5,32,0
00-0024242,DeAngelo Williams,RB,2011,13,REG,2011_13_CAR_TB,CAR,TB,0,0,0,0,0,0,0,11,29,0
00-0024245,Joseph Addai,RB,2011,13,REG,2011_13_IND_NE,IND,NE,0,0,0,0,0,0,0,13,39,0
00-0024275,Maurice Jones-Drew,RB,2011,13,REG,2011_13_SD_JAX,JAX,LAC,0,0,0,0,0,0,0,20,97,0
00-0024279,Tarvaris Jackson,QB,2011,13,REG,2011_13_PHI_SEA,SEA,PHI,13,16,190,1,0,3,-17,2,4,0
00-0024294,Jerious Norwood,RB,2011,13,REG,2011_13_STL_SF,LA,SF,0,0,0,0,0,0,0,11,19,0
00-0024332,Leon Washington,RB,2011,13,REG,2011_13_PHI_SEA,SEA,PHI,0,0,0,0,0,0,0,6,9,0
00-0024389,Delanie Walker,TE,2011,13,REG,2011_13_STL_SF,SF,LA,0,0,0,0,0,0,0,1,14,0
00-0024408,Bruce Gradkowski,QB,2011,13,REG,2011_13_CIN_PIT,CIN,PIT,3,6,17,0,1,0,0,1,1,0
00-0024489,Ahmard Hall,FB,2011,13,REG,2011_13_TEN_BUF,TEN,BUF,0,0,0,0,0,0,0,2,14,0
00-0024559,D.J. Ware,RB,2011,13,REG,2011_13_GB_NYG,NYG,GB,0,0,0,0,0,0,0,1,3,0
00-0024812,Tyler Palko,QB,2011,13,REG,2011_13_KC_CHI,KC,CHI,17,30,157,1,0,2,-18,1,1,0
00-0024813,Pierre Thomas,RB,2011,13,REG,2011_13_DET_NO,NO,DET,0,0,0,0,0,0,0,2,10,0
00-0025396,Ted Ginn,WR,2011,13,REG,2011_13_STL_SF,SF,LA,0,0,0,0,0,0,0,1,16,0
00-0025399,Marshawn Lynch,RB,2011,13,REG,2011_13_PHI_SEA,SEA,PHI,0,0,0,0,0,0,0,22,148,2
00-0025414,Robert Meachem,WR,2011,13,REG,2011_13_DET_NO,NO,DET,0,0,0,0,0,0,0,2,16,0
00-0025423,Kevin Kolb,QB,2011,13,REG,2011_13_DAL_ARI,ARI,DAL,16,25,247,1,0,5,-23,3,20,0
00-0025458,Lorenzo Booker,RB,2011,13,REG,2011_13_DEN_MIN,MIN,DEN,0,0,0,0,0,0,0,2,3,0
00-0025487,Michael Bush,RB,2011,13,REG,2011_13_OAK_MIA,LV,MIA,0,0,0,0,0,0,0,10,18,0
00-0025559,Legedu Naanee,WR,2011,13,REG,2011_13_CAR_TB,CAR,TB,1,1,27,0,0,0,0,0,0,0
00-0025631,Jason Snelling,FB,2011,13,REG,2011_13_ATL_HOU,ATL,HOU,0,0,0,0,0,0,0,2,16,0
00-0025637,Ahmad Bradshaw,RB,2011,13,REG,2011_13_GB_NYG,NYG,GB,0,0,0,0,0,0,0,11,38,0
00-0025701,Jackie Battle,RB,2011,13,REG,2011_13_KC_CHI,KC,CHI,0,0,0,0,0,0,0,11,15,0
00-0025708,Matt Moore,QB,2011,13,REG,2011_13_OAK_MIA,MIA,LV,13,25,162,1,0,1,-9,5,22,1
00-0025860,BenJarvus Green-Ellis,RB,2011,13,REG,2011_13_IND_NE,NE,IND,0,0,0,0,0,0,0,6,14,1
00-0025970,Caleb Hanie,QB,2011,13,REG,2011_13_KC_CHI,CHI,KC,11,24,133,0,3,7,-45,1,3,0
00-0026019,Danny Woodhead,RB,2011,13,REG,2011_13_IND_NE,NE,IND,0,0,0,0,0,0,0,4,12,0
00-0026029,Kregg Lumpkin,RB,2011,13,REG,2011_13_CAR_TB,TB,CAR,0,0,0,0,0,0,0,2,1,0
00-0026069,Mike Tolbert,FB,2011,13,REG,2011_13_SD_JAX,LAC,JAX,0,0,0,0,0,0,0,6,24,1
00-0026143,Matt Ryan,QB,2011,13,REG,2011_13_ATL_HOU,ATL,HOU,20,47,267,1,2,0,0,1,10,0
00-0026153,Jonathan Stewart,RB,2011,13,REG,2011_13_CAR_TB,CAR,TB,0,0,0,0,0,0,0,14,80,1
00-0026158,Joe Flacco,QB,2011,13,REG,2011_13_BAL_CLE,BAL,CLE,10,23,158,0,0,1,0,4,-1,0
00-0026162,Felix Jones,RB,2011,13,REG,2011_13_DAL_ARI,DAL,ARI,0,0,0,0,0,0,0,6,36,0
00-0026163,Rashard Mendenhall,RB,2011,13,REG,2011_13_CIN_PIT,PIT,CIN,0,0,0,0,0,0,0,16,60,2
00-0026164,Chris Johnson,RB,2011,13,REG,2011_13_TEN_BUF,TEN,BUF,0,0,0,0,0,0,0,23,153,2
00-0026184,Matt Forte,RB,2011,13,REG,2011_13_KC_CHI,CHI,KC,0,0,0,0,0,0,0,5,12,0
00-0026189,DeSean Jackson,WR,2011,13,REG,2011_13_PHI_SEA,PHI,SEA,0,0,0,0,0,0,0,1,5,0
00-0026195,Ray Rice,RB,2011,13,REG,2011_13_BAL_CLE,BAL,CLE,0,0,0,0,0,0,0,29,204,1
00-0026204,Kevin Smith,RB,2011,13,REG,2011_13_DET_NO,DET,NO,0,0,0,0,0,0,0,8,42,2
00-0026209,Jacob Hester,RB,2011,13,REG,2011_13_SD_JAX,LAC,JAX,0,0,0,0,0,0,0,1,1,0
00-0026262,Tashard Choice,RB,2011,13,REG,2011_13_TEN_BUF,BUF,TEN,0,0,0,0,0,0,0,5,20,0
00-0026300,Josh Johnson,QB,2011,13,REG,2011_13_CAR_TB,TB,CAR,16,27,229,1,1,2,-22,5,45,0
00-0026323,Spencer Larsen,FB,2011,13,REG,2011_13_DEN_MIN,DEN,MIN,0,0,0,0,0,0,0,1,1,0
00-0026344,Lex Hilliard,FB,2011,13,REG,2011_13_OAK_MIA,MIA,LV,0,0,0,0,0,0,0,3,10,0
00-0026367,Peyton Hillis,RB,2011,13,REG,2011_13_BAL_CLE,CLE,BAL,0,0,0,0,0,0,0,12,45,0
00-0026373,Justin Forsett,RB,2011,13,REG,2011_13_PHI_SEA,SEA,PHI,0,0,0,0,0,0,0,2,5,0
00-0026393,Marcel Reece,FB,2011,13,REG,2011_13_OAK_MIA,LV,MIA,0,0,0,0,0,0,0,1,10,0
00-0026432,Lance Ball,RB,2011,13,REG,2011_13_DEN_MIN,DEN,MIN,0,0,0,0,0,0,0,7,25,0
00-0026491,Stefan Logan,WR,2011,13,REG,2011_13_DET_NO,DET,NO,0,0,0,0,0,0,0,1,0,0
00-0026498,Matthew Stafford,QB,2011,13,REG,2011_13_DET_NO,DET,NO,36,51,461,1,1,4,-36,0,0,0
00-0026566,Isaac Redman,RB,2011,13,REG,2011_13_CIN_PIT,PIT,CIN,0,0,0,0,0,0,0,8,51,0
00-0026579,Kahlil Bell,RB,2011,13,REG,2011_13_KC_CHI,CHI,KC,0,0,0,0,0,0,0,4,34,0
00-0026712,Brit Miller,FB,2011,13,REG,2011_13_STL_SF,LA,SF,0,0,0,0,0,0,0,1,-1,0
00-0026745,Curtis Brinkley,RB,2011,13,REG,2011_13_SD_JAX,LAC,JAX,0,0,0,0,0,0,0,3,5,0
00-0026796,Arian Foster,RB,2011,13,REG,2011_13_ATL_HOU,HOU,ATL,0,0,0,0,0,0,0,31,111,1
00-0026898,Mark Sanchez,QB,2011,13,REG,2011_13_NYJ_WAS,NYJ,WAS,19,32,165,1,0,0,0,3,1,0
00-0026899,Shonn Greene,RB,2011,13,REG,2011_13_NYJ_WAS,NYJ,WAS,0,0,0,0,0,0,0,22,88,3
00-0026901,Mike Wallace,WR,2011,13,REG,2011_13_CIN_PIT,PIT,CIN,0,0,0,0,0,0,0,1,-3,0
00-0026941,Bernard Scott,RB,2011,13,REG,2011_13_CIN_PIT,CIN,PIT,0,0,0,0,0,0,0,5,30,0
00-0026956,LaRod Stephens-Howling,RB,2011,13,REG,2011_13_DAL_ARI,ARI,DAL,0,0,0,0,0,0,0,2,16,0
00-0026998,Percy Harvin,WR,2011,13,REG,2011_13_DEN_MIN,MIN,DEN,0,0,0,0,0,0,0,5,19,0
00-0027003,Donald Brown,RB,2011,13,REG,2011_13_IND_NE,IND,NE,0,0,0,0,0,0,0,14,41,1
00-0027007,Chris Wells,RB,2011,13,REG,2011_13_DAL_ARI,ARI,DAL,0,0,0,0,0,0,0,20,67,1
00-0027029,LeSean McCoy,RB,2011,13,REG,2011_13_PHI_SEA,PHI,SEA,0,0,0,0,0,0,0,17,84,1
00-0027089,Louis Murphy,WR,2011,13,REG,2011_13_OAK_MIA,LV,MIA,0,0,0,0,0,0,0,2,16,0
00-0027120,Javon Ringer,RB,2011,13,REG,2011_13_TEN_BUF,TEN,BUF,0,0,0,0,0,0,0,5,21,0
00-0027140,Chris Ogbonnaya,RB,2011,13,REG,2011_13_BAL_CLE,CLE,BAL,0,0,0,0,0,0,0,1,2,0
00-0027214,Keiland Williams,RB,2011,13,REG,2011_13_DET_NO,DET,NO,0,0,0,0,0,0,0,2,14,0
00-0027325,LeGarrette Blount,RB,2011,13,REG,2011_13_CAR_TB,TB,CAR,0,0,0,0,0,0,0,11,19,0
00-0027608,Kyle Williams,WR,2011,13,REG,2011_13_STL_SF,SF,LA,0,0,0,0,0,0,0,1,25,0
00-0027651,Dexter McCluster,WR,2011,13,REG,2011_13_KC_CHI,KC,CHI,0,0,0,0,0,0,0,9,61,0
00-0027654,Arrelious Benn,WR,2011,13,REG,2011_13_CAR_TB,TB,CAR,0,0,0,0,0,0,0,1,-12,0
00-0027656,Rob Gronkowski,TE,2011,13,REG,2011_13_IND_NE,NE,IND,0,0,0,0,0,0,0,1,2,1
00-0027688,Colt McCoy,QB,2011,13,REG,2011_13_BAL_CLE,CLE,BAL,17,35,192,1,1,3,-22,4,12,0
00-0027712,Joe McKnight,RB,2011,13,REG,2011_13_NYJ_WAS,NYJ,WAS,0,0,0,0,0,0,0,1,-1,0
00-0027739,John Conner,FB,2011,13,REG,2011_13_NYJ_WAS,NYJ,WAS,0,0,0,0,0,0,0,2,2,0
00-0027772,Anthony Dixon,RB,2011,13,REG,2011_13_STL_SF,SF,LA,0,0,0,0,0,0,0,3,2,0
00-0027786,Jonathan Dwyer,RB,2011,13,REG,2011_13_CIN_PIT,PIT,CIN,0,0,0,0,0,0,0,3,8,0
00-0027791,James Starks,RB,2011,13,REG,2011_13_GB_NYG,GB,NYG,0,0,0,0,0,0,0,3,5,0
00-0027793,Antonio Brown,WR,2011,13,REG,2011_13_CIN_PIT,PIT,CIN,0,0,0,0,0,0,0,1,9,0
00-0027796,Joe Webb,QB,2011,13,REG,2011_13_DEN_MIN,MIN,DEN,1,1,8,0,0,0,0,1,4,0
00-0027861,C.J. Spiller,RB,2011,13,REG,2011_13_TEN_BUF,BUF,TEN,0,0,0,0,0,0,0,14,83,1
00-0027864,Ryan Mathews,RB,2011,13,REG,2011_13_SD_JAX,LAC,JAX,0,0,0,0,0,0,0,13,112,1
00-0027876,Tim Tebow,QB,2011,13,REG,2011_13_DEN_MIN,DEN,MIN,10,15,202,2,0,2,-16,4,13,0
00-0027888,Toby Gerhart,RB,2011,13,REG,2011_13_DEN_MIN,MIN,DEN,0,0,0,0,0,0,0,21,91,0
00-0027890,Ben Tate,RB,2011,13,REG,2011_13_ATL_HOU,HOU,ATL,0,0,0,0,0,0,0,11,41,0
00-0027891,Golden Tate,WR,2011,13,REG,2011_13_PHI_SEA,SEA,PHI,0,0,0,0,0,0,0,1,8,0
00-0027939,Cam Newton,QB,2011,13,REG,2011_13_CAR_TB,CAR,TB,12,21,204,1,0,2,-9,14,54,3
00-0027942,A.J. Green,WR,2011,13,REG,2011_13_CIN_PIT,CIN,PIT,0,0,0,0,0,0,0,1,15,0
00-0027948,Blaine Gabbert,QB,2011,13,REG,2011_13_SD_JAX,JAX,LAC,19,33,195,2,1,2,-18,6,19,0
00-0027950,Christian Ponder,QB,2011,13,REG,2011_13_DEN_MIN,MIN,DEN,29,47,381,3,2,3,-29,1,12,0
00-0027966,Mark Ingram,RB,2011,13,REG,2011_13_DET_NO,NO,DET,0,0,0,0,0,0,0,18,72,2
00-0027973,Andy Dalton,QB,2011,13,REG,2011_13_CIN_PIT,CIN,PIT,11,24,135,1,0,3,-24,2,6,0
00-0027974,Colin Kaepernick,QB,2011,13,REG,2011_13_STL_SF,SF,LA,0,2,0,0,0,0,0,0,0,0
00-0027982,Titus Young,WR,2011,13,REG,2011_13_DET_NO,DET,NO,0,0,0,0,0,0,0,1,11,0
00-0027996,Torrey Smith,WR,2011,13,REG,2011_13_BAL_CLE,BAL,CLE,0,0,0,0,0,0,0,1,-3,0
00-0028000,Daniel Thomas,RB,2011,13,REG,2011_13_OAK_MIA,MIA,LV,0,0,0,0,0,0,0,13,73,0
00-0028002,Randall Cobb,WR,2011,13,REG,2011_13_GB_NYG,GB,NYG,0,1,0,0,0,0,0,0,0,0
00-0028009,DeMarco Murray,RB,2011,13,REG,2011_13_DAL_ARI,DAL,ARI,0,0,0,0,0,0,0,12,38,0
00-0028011,Stevan Ridley,RB,2011,13,REG,2011_13_IND_NE,NE,IND,0,0,0,0,0,0,0,8,33,0
00-0028016,Austin Pettis,WR,2011,13,REG,2011_13_STL_SF,LA,SF,0,0,0,0,0,0,0,1,-6,0
00-0028043,Roy Helu,RB,2011,13,REG,2011_13_NYJ_WAS,WAS,NYJ,0,0,0,0,0,0,0,23,100,1
00-0028049,Clyde Gates,WR,2011,13,REG,2011_13_OAK_MIA,MIA,LV,0,0,0,0,0,0,0,1,4,0
00-0028053,Kendall Hunter,RB,2011,13,REG,2011_13_STL_SF,SF,LA,0,0,0,0,0,0,0,5,4,0
00-0028057,Delone Carter,RB,2011,13,REG,2011_13_IND_NE,IND,NE,0,0,0,0,0,0,0,3,20,0
00-0028083,Jacquizz Rodgers,RB,2011,13,REG,2011_13_ATL_HOU,ATL,HOU,0,0,0,0,0,0,0,1,0,0
00-0028090,T.J. Yates,QB,2011,13,REG,2011_13_ATL_HOU,HOU,ATL,12,25,188,1,0,3,-13,2,10,0
00-0028091,Jeremy Kerley,WR,2011,13,REG,2011_13_NYJ_WAS,NYJ,WAS,0,0,0,0,0,0,0,1,6,0
00-0028118,Tyrod Taylor,QB,2011,13,REG,2011_13_BAL_CLE,BAL,CLE,0,0,0,0,0,0,0,1,2,0
00-0028409,DuJuan Harris,RB,2011,13,REG,2011_13_SD_JAX,JAX,LAC,0,0,0,0,0,0,0,2,2,0
00-0028574,Mossis Madu,RB,2011,13,REG,2011_13_CAR_TB,TB,CAR,0,0,0,0,0,0,0,8,25,0
00-0028602,Brandon Saine,RB,2011,13,REG,2011_13_GB_NYG,GB,NYG,0,0,0,0,0,0,0,6,16,0
00-0000865,Charlie Batch,QB,2011,14,REG,2011_14_CLE_PIT,PIT,CLE,0,2,0,0,0,1,-6,0,0,0
00-0005091,Kevin Faulk,RB,2011,14,REG,2011_14_NE_WAS,NE,WAS,0,0,0,0,0,0,0,3,11,0
00-0007091,Matt Hasselbeck,QB,2011,14,REG,2011_14_NO_TEN,TEN,NO,5,7,44,0,0,0,0,0,0,0
00-0017915,Ricky Williams,RB,2011,14,REG,2011_14_IND_BAL,BAL,IND,0,0,0,0,0,0,0,7,13,0
00-0019041,Billy Volek,QB,2011,14,REG,2011_14_BUF_SD,LAC,BUF,0,0,0,0,0,0,0,2,-2,0
00-0019596,Tom Brady,QB,2011,14,REG,2011_14_NE_WAS,NE,WAS,22,37,357,3,1,1,-5,4,8,0
00-0019641,Thomas Jones,RB,2011,14,REG,2011_14_KC_NYJ,KC,NYJ,0,0,0,0,0,0,0,5,12,0
00-0019714,Shane Lechler,P,2011,14,REG,2011_14_OAK_GB,LV,GB,0,1,0,0,0,0,0,0,0,0
00-0020245,Mike Vick,QB,2011,14,REG,2011_14_PHI_MIA,PHI,MIA,15,30,208,1,1,4,-20,2,9,0
00-0020531,Drew Brees,QB,2011,14,REG,2011_14_NO_TEN,NO,TEN,36,47,337,2,0,2,-14,2,6,0
00-0020536,LaDainian Tomlinson,RB,2011,14,REG,2011_14_KC_NYJ,NYJ,KC,0,0,0,0,0,0,0,9,14,0
00-0021182,Maurice Morris,RB,2011,14,REG,2011_14_MIN_DET,DET,MIN,0,0,0,0,0,0,0,4,13,0
00-0021357,Rock Cartwright,RB,2011,14,REG,2011_14_OAK_GB,LV,GB,0,0,0,0,0,0,0,1,5,0
00-0021429,Carson Palmer,QB,2011,14,REG,2011_14_OAK_GB,LV,GB,24,42,247,1,4,1,-7,2,12,0
00-0021647,Jerheme Urban,WR,2011,14,REG,2011_14_KC_NYJ,KC,NYJ,0,0,0,0,0,0,0,1,7,0
00-0021678,Tony Romo,QB,2011,14,REG,2011_14_NYG_DAL,DAL,NYG,21,31,321,4,0,3,-16,0,0,0
00-0021999,Nate Burleson,WR,2011,14,REG,2011_14_MIN_DET,DET,MIN,0,0,0,0,0,0,0,1,1,0
00-0022055,Seneca Wallace,QB,2011,14,REG,2011_14_CLE_PIT,CLE,PIT,1,1,13,0,0,0,0,0,0,0
00-0022121,Rex Grossman,QB,2011,14,REG,2011_14_NE_WAS,WAS,NE,19,32,252,2,1,2,-8,1,0,0
00-0022178,Willis McGahee,RB,2011,14,REG,2011_14_CHI_DEN,DEN,CHI,0,0,0,0,0,0,0,17,34,0
00-0022217,Mewelde Moore,RB,2011,14,REG,2011_14_CLE_PIT,PIT,CLE,0,0,0,0,0,0,0,3,15,0
00-0022397,Vonta Leach,FB,2011,14,REG,2011_14_IND_BAL,BAL,IND,0,0,0,0,0,0,0,3,14,0
00-0022736,Steven Jackson,RB,2011,14,REG,2011_14_STL_SEA,LA,SEA,0,0,0,0,0,0,0,20,63,1
00-0022803,Eli Manning,QB,2011,14,REG,2011_14_NYG_DAL,NYG,DAL,27,47,400,2,1,0,0,2,-2,0
00-0022821,Michael Turner,RB,2011,14,REG,2011_14_ATL_CAR,ATL,CAR,0,0,0,0,0,0,0,21,76,0
00-0022912,J.P. Losman,QB,2011,14,REG,2011_14_PHI_MIA,MIA,PHI,6,10,60,0,0,5,-38,2,1,0
00-0022924,Ben Roethlisberger,QB,2011,14,REG,2011_14_CLE_PIT,PIT,CLE,16,21,280,2,1,1,-5,0,0,0
00-0022942,Philip Rivers,QB,2011,14,REG,2011_14_BUF_SD,LAC,BUF,24,33,240,3,0,2,-24,0,0,0
00-0022984,Ryan Grant,RB,2011,14,REG,2011_14_OAK_GB,GB,LV,0,0,0,0,0,0,0,10,85,2
00-0022999,John Kuhn,FB,2011,14,REG,2011_14_OAK_GB,GB,LV,0,0,0,0,0,0,0,10,46,0
00-0023176,Josh Cribbs,WR,2011,14,REG,2011_14_CLE_PIT,CLE,PIT,0,0,0,0,0,0,0,1,3,0
00-0023436,Alex Smith,QB,2011,14,REG,2011_14_SF_ARI,SF,ARI,18,37,175,0,0,5,-32,1,-3,0
00-0023437,Ronnie Brown,RB,2011,14,REG,2011_14_PHI_MIA,PHI,MIA,0,0,0,0,0,0,0,3,4,0
00-0023439,Cedric Benson,RB,2011,14,REG,2011_14_HOU_CIN,CIN,HOU,0,0,0,0,0,0,0,21,91,0
00-0023440,Cadillac Williams,RB,2011,14,REG,2011_14_STL_SEA,LA,SEA,0,0,0,0,0,0,0,8,49,0
00-0023459,Aaron Rodgers,QB,2011,14,REG,2011_14_OAK_GB,GB,LV,16,29,274,2,1,3,-20,0,0,0
00-0023500,Frank Gore,RB,2011,14,REG,2011_14_SF_ARI,SF,ARI,0,0,0,0,0,0,0,10,72,1
00-0023544,Marion Barber,RB,2011,14,REG,2011_14_CHI_DEN,CHI,DEN,0,0,0,0,0,0,0,27,108,1
00-0023545,Brandon Jacobs,RB,2011,14,REG,2011_14_NYG_DAL,NYG,DAL,0,0,0,0,0,0,0,19,101,2
00-0023564,Darren Sproles,RB,2011,14,REG,2011_14_NO_TEN,NO,TEN,0,0,0,0,0,0,0,5,33,0
00-0023578,Dan Orlovsky,QB,2011,14,REG,2011_14_IND_BAL,IND,BAL,17,37,136,1,1,4,-19,0,0,0
00-0023682,Ryan Fitzpatrick,QB,2011,14,REG,2011_14_BUF_SD,BUF,LAC,13,34,176,0,2,1,-10,5,26,0
00-0023921,Miles Austin,WR,2011,14,REG,2011_14_NYG_DAL,DAL,NYG,0,0,0,0,0,0,0,1,5,0
00-0024217,Reggie Bush,RB,2011,14,REG,2011_14_PHI_MIA,MIA,PHI,0,0,0,0,0,0,0,14,103,0
00-0024242,DeAngelo Williams,RB,2011,14,REG,2011_14_ATL_CAR,CAR,ATL,0,0,0,0,0,0,0,7,87,1
00-0024245,Joseph Addai,RB,2011,14,REG,2011_14_IND_BAL,IND,BAL,0,0,0,0,0,0,0,2,16,0
00-0024275,Maurice Jones-Drew,RB,2011,14,REG,2011_14_TB_JAX,JAX,TB,0,0,0,0,0,0,0,27,85,2
00-0024279,Tarvaris Jackson,QB,2011,14,REG,2011_14_STL_SEA,SEA,LA,21,32,224,1,0,2,-10,5,4,0
00-0024294,Jerious Norwood,RB,2011,14,REG,2011_14_STL_SEA,LA,SEA,0,0,0,0,0,0,0,1,3,0
00-0024332,Leon Washington,RB,2011,14,REG,2011_14_STL_SEA,SEA,LA,0,0,0,0,0,0,0,1,3,0
00-0024389,Delanie Walker,TE,2011,14,REG,2011_14_SF_ARI,SF,ARI,0,0,0,0,0,0,0,1,-6,0
00-0024559,D.J. Ware,RB,2011,14,REG,2011_14_NYG_DAL,NYG,DAL,0,0,0,0,0,0,0,2,-1,0
00-0024812,Tyler Palko,QB,2011,14,REG,2011_14_KC_NYJ,KC,NYJ,16,32,195,1,1,5,-39,1,12,0
00-0024813,Pierre Thomas,RB,2011,14,REG,2011_14_NO_TEN,NO,TEN,0,0,0,0,0,0,0,6,22,0
00-0025389,Calvin Johnson,WR,2011,14,REG,2011_14_MIN_DET,DET,MIN,0,0,0,0,0,0,0,1,11,0
00-0025399,Marshawn Lynch,RB,2011,14,REG,2011_14_STL_SEA,SEA,LA,0,2,0,0,0,0,0,23,115,1
00-0025423,Kevin Kolb,QB,2011,14,REG,2011_14_SF_ARI,ARI,SF,1,1,2,0,0,1,-9,0,0,0
00-0025424,Eric Weddle,FS,2011,14,REG,2011_14_BUF_SD,LAC,BUF,0,0,0,0,0,0,0,1,10,0
00-0025458,Lorenzo Booker,RB,2011,14,REG,2011_14_MIN_DET,MIN,DET,0,0,0,0,0,0,0,3,17,0
00-0025487,Michael Bush,RB,2011,14,REG,2011_14_OAK_GB,LV,GB,0,0,0,0,0,0,0,23,78,1
00-0025604,Tyler Thigpen,QB,2011,14,REG,2011_14_BUF_SD,BUF,LAC,2,3,19,0,1,0,0,1,8,0
00-0025631,Jason Snelling,FB,2011,14,REG,2011_14_ATL_CAR,ATL,CAR,0,0,0,0,0,0,0,3,6,0
00-0025637,Ahmad Bradshaw,RB,2011,14,REG,2011_14_NYG_DAL,NYG,DAL,0,0,0,0,0,0,0,8,12,0
00-0025701,Jackie Battle,RB,2011,14,REG,2011_14_KC_NYJ,KC,NYJ,0,0,0,0,0,0,0,10,33,0
00-0025708,Matt Moore,QB,2011,14,REG,2011_14_PHI_MIA,MIA,PHI,11,19,95,1,1,4,-22,1,1,0
00-0025860,BenJarvus Green-Ellis,RB,2011,14,REG,2011_14_NE_WAS,NE,WAS,0,0,0,0,0,0,0,5,19,0
00-0025970,Caleb Hanie,QB,2011,14,REG,2011_14_CHI_DEN,CHI,DEN,12,19,115,0,0,4,-29,2,11,0
00-0026019,Danny Woodhead,RB,2011,14,REG,2011_14_NE_WAS,NE,WAS,0,0,0,0,0,0,0,8,41,0
00-0026029,Kregg Lumpkin,RB,2011,14,REG,2011_14_TB_JAX,TB,JAX,0,0,0,0,0,0,0,1,4,0
00-0026069,Mike Tolbert,FB,2011,14,REG,2011_14_BUF_SD,LAC,BUF,0,0,0,0,0,0,0,6,21,1
00-0026143,Matt Ryan,QB,2011,14,REG,2011_14_ATL_CAR,ATL,CAR,22,38,320,4,0,3,-12,3,0,0
00-0026153,Jonathan Stewart,RB,2011,14,REG,2011_14_ATL_CAR,CAR,ATL,0,0,0,0,0,0,0,8,29,0
00-0026158,Joe Flacco,QB,2011,14,REG,2011_14_IND_BAL,BAL,IND,23,31,227,2,1,2,-15,0,0,0
00-0026162,Felix Jones,RB,2011,14,REG,2011_14_NYG_DAL,DAL,NYG,0,0,0,0,0,0,0,16,106,0
00-0026163,Rashard Mendenhall,RB,2011,14,REG,2011_14_CLE_PIT,PIT,CLE,0,0,0,0,0,0,0,18,76,0
00-0026164,Chris Johnson,RB,2011,14,REG,2011_14_NO_TEN,TEN,NO,0,0,0,0,0,0,0,11,23,0
00-0026195,Ray Rice,RB,2011,14,REG,2011_14_IND_BAL,BAL,IND,0,0,0,0,0,0,0,26,103,1
00-0026209,Jacob Hester,RB,2011,14,REG,2011_14_BUF_SD,LAC,BUF,0,0,0,0,0,0,0,3,7,0
00-0026262,Tashard Choice,RB,2011,14,REG,2011_14_BUF_SD,BUF,LAC,0,0,0,0,0,0,0,1,12,0
00-0026300,Josh Johnson,QB,2011,14,REG,2011_14_TB_JAX,TB,JAX,1,2,3,0,1,0,0,0,0,0
00-0026323,Spencer Larsen,FB,2011,14,REG,2011_14_CHI_DEN,DEN,CHI,0,0,0,0,0,0,0,1,5,0
00-0026344,Lex Hilliard,FB,2011,14,REG,2011_14_PHI_MIA,MIA,PHI,0,0,0,0,0,0,0,2,0,0
00-0026349,Matt Flynn,QB,2011,14,REG,2011_14_OAK_GB,GB,LV,0,2,0,0,0,1,-6,3,-2,0
00-0026367,Peyton Hillis,RB,2011,14,REG,2011_14_CLE_PIT,CLE,PIT,0,0,0,0,0,0,0,10,25,0
00-0026373,Justin Forsett,RB,2011,14,REG,2011_14_STL_SEA,SEA,LA,0,0,0,0,0,0,0,1,8,0
00-0026393,Marcel Reece,FB,2011,14,REG,2011_14_OAK_GB,LV,GB,0,0,0,0,0,0,0,2,12,0
00-0026432,Lance Ball,RB,2011,14,REG,2011_14_CHI_DEN,DEN,CHI,0,0,0,0,0,0,0,1,13,0
00-0026498,Matthew Stafford,QB,2011,14,REG,2011_14_MIN_DET,DET,MIN,20,29,227,2,0,5,-19,2,4,0
00-0026566,Isaac Redman,RB,2011,14,REG,2011_14_CLE_PIT,PIT,CLE,0,0,0,0,0,0,0,6,35,0
00-0026579,Kahlil Bell,RB,2011,14,REG,2011_14_CHI_DEN,CHI,DEN,0,0,0,0,0,0,0,9,40,0
00-0026607,Brock Bolen,RB,2011,14,REG,2011_14_TB_JAX,JAX,TB,0,0,0,0,0,0,0,1,10,0
00-0026796,Arian Foster,RB,2011,14,REG,2011_14_HOU_CIN,HOU,CIN,0,0,0,0,0,0,0,15,41,0
00-0026799,Jeremiah Johnson,RB,2011,14,REG,2011_14_CHI_DEN,DEN,CHI,0,0,0,0,0,0,0,2,18,0
00-0026898,Mark Sanchez,QB,2011,14,REG,2011_14_KC_NYJ,NYJ,KC,13,21,181,2,0,3,-26,2,4,2
00-0026899,Shonn Greene,RB,2011,14,REG,2011_14_KC_NYJ,NYJ,KC,0,0,0,0,0,0,0,24,129,1
00-0026901,Mike Wallace,WR,2011,14,REG,2011_14_CLE_PIT,PIT,CLE,0,0,0,0,0,0,0,1,21,0
00-0026941,Bernard Scott,RB,2011,14,REG,2011_14_HOU_CIN,CIN,HOU,0,0,0,0,0,0,0,6,4,0
00-0026956,LaRod Stephens-Howling,RB,2011,14,REG,2011_14_SF_ARI,ARI,SF,0,0,0,0,0,0,0,2,3,0
00-0026963,Cameron Morrah,TE,2011,14,REG,2011_14_STL_SEA,SEA,LA,0,0,0,0,0,0,0,1,1,0
00-0026993,Josh Freeman,QB,2011,14,REG,2011_14_TB_JAX,TB,JAX,16,30,181,0,2,3,-14,4,26,1
00-0026998,Percy Harvin,WR,2011,14,REG,2011_14_MIN_DET,MIN,DET,0,0,0,0,0,0,0,4,40,0
00-0027003,Donald Brown,RB,2011,14,REG,2011_14_IND_BAL,IND,BAL,0,0,0,0,0,0,0,9,28,0
00-0027007,Chris Wells,RB,2011,14,REG,2011_14_SF_ARI,ARI,SF,0,0,0,0,0,0,0,15,27,0
00-0027029,LeSean McCoy,RB,2011,14,REG,2011_14_PHI_MIA,PHI,MIA,0,0,0,0,0,0,0,27,38,2
00-0027089,Louis Murphy,WR,2011,14,REG,2011_14_OAK_GB,LV,GB,0,0,0,0,0,0,0,1,10,0
00-0027093,Tony Fiammetta,FB,2011,14,REG,2011_14_NYG_DAL,DAL,NYG,0,0,0,0,0,0,0,2,3,0
00-0027129,Aaron Brown,RB,2011,14,REG,2011_14_MIN_DET,DET,MIN,0,0,0,0,0,0,0,1,0,0
00-0027140,Chris Ogbonnaya,RB,2011,14,REG,2011_14_CLE_PIT,CLE,PIT,0,0,0,0,0,0,0,2,31,0
00-0027214,Keiland Williams,RB,2011,14,REG,2011_14_MIN_DET,DET,MIN,0,0,0,0,0,0,0,12,43,0
00-0027325,LeGarrette Blount,RB,2011,14,REG,2011_14_TB_JAX,TB,JAX,0,0,0,0,0,0,0,18,74,1
00-0027531,Chris Ivory,RB,2011,14,REG,2011_14_NO_TEN,NO,TEN,0,0,0,0,0,0,0,13,53,0
00-0027608,Kyle Williams,WR,2011,14,REG,2011_14_SF_ARI,SF,ARI,0,0,0,0,0,0,0,1,7,0
00-0027618,Brandon Banks,WR,2011,14,REG,2011_14_NE_WAS,WAS,NE,1,1,49,1,0,0,0,0,0,0
00-0027651,Dexter McCluster,WR,2011,14,REG,2011_14_KC_NYJ,KC,NYJ,0,0,0,0,0,0,0,4,1,0
00-0027666,Montario Hardesty,RB,2011,14,REG,2011_14_CLE_PIT,CLE,PIT,0,0,0,0,0,0,0,11,24,0
00-0027688,Colt McCoy,QB,2011,14,REG,2011_14_CLE_PIT,CLE,PIT,18,35,209,0,2,3,-16,6,15,0
00-0027692,Armanti Edwards,WR,2011,14,REG,2011_14_ATL_CAR,CAR,ATL,0,0,0,0,0,0,0,1,5,0
00-0027754,John Skelton,QB,2011,14,REG,2011_14_SF_ARI,ARI,SF,19,28,282,3,2,1,-5,6,25,0
00-0027796,Joe Webb,QB,2011,14,REG,2011_14_MIN_DET,MIN,DET,12,23,84,1,0,1,-15,7,109,1
00-0027854,Sam Bradford,QB,2011,14,REG,2011_14_STL_SEA,LA,SEA,12,29,193,0,1,3,-26,2,-1,0
00-0027861,C.J. Spiller,RB,2011,14,REG,2011_14_BUF_SD,BUF,LAC,0,0,0,0,0,0,0,12,46,0
00-0027864,Ryan Mathews,RB,2011,14,REG,2011_14_BUF_SD,LAC,BUF,0,0,0,0,0,0,0,20,114,0
00-0027874,Demaryius Thomas,WR,2011,14,REG,2011_14_CHI_DEN,DEN,CHI,0,0,0,0,0,0,0,1,5,0
00-0027876,Tim Tebow,QB,2011,14,REG,2011_14_CHI_DEN,DEN,CHI,21,40,236,1,1,5,-15,12,49,0
00-0027888,Toby Gerhart,RB,2011,14,REG,2011_14_MIN_DET,MIN,DET,0,0,0,0,0,0,0,19,90,0
00-0027890,Ben Tate,RB,2011,14,REG,2011_14_HOU_CIN,HOU,CIN,0,0,0,0,0,0,0,8,67,0
00-0027891,Golden Tate,WR,2011,14,REG,2011_14_STL_SEA,SEA,LA,0,0,0,0,0,0,0,1,14,0
00-0027918,Andrew Hawkins,WR,2011,14,REG,2011_14_HOU_CIN,CIN,HOU,0,0,0,0,0,0,0,1,4,0
00-0027939,Cam Newton,QB,2011,14,REG,2011_14_ATL_CAR,CAR,ATL,19,39,276,2,2,2,-17,7,36,0
00-0027946,Jake Locker,QB,2011,14,REG,2011_14_NO_TEN,TEN,NO,13,29,282,1,0,2,-12,6,36,1
00-0027948,Blaine Gabbert,QB,2011,14,REG,2011_14_TB_JAX,JAX,TB,19,33,217,2,2,1,-8,4,-3,0
00-0027950,Christian Ponder,QB,2011,14,REG,2011_14_MIN_DET,MIN,DET,11,21,115,2,3,3,-28,2,13,0
00-0027973,Andy Dalton,QB,2011,14,REG,2011_14_HOU_CIN,CIN,HOU,16,28,189,1,0,1,-5,1,2,0
00-0027996,Torrey Smith,WR,2011,14,REG,2011_14_IND_BAL,BAL,IND,0,0,0,0,0,0,0,1,16,0
00-0028000,Daniel Thomas,RB,2011,14,REG,2011_14_PHI_MIA,MIA,PHI,0,0,0,0,0,0,0,7,4,0
00-0028009,DeMarco Murray,RB,2011,14,REG,2011_14_NYG_DAL,DAL,NYG,0,0,0,0,0,0,0,5,25,0
00-0028043,Roy Helu,RB,2011,14,REG,2011_14_NE_WAS,WAS,NE,0,0,0,0,0,0,0,27,126,0
00-0028053,Kendall Hunter,RB,2011,14,REG,2011_14_SF_ARI,SF,ARI,0,0,0,0,0,0,0,8,20,0
00-0028057,Delone Carter,RB,2011,14,REG,2011_14_IND_BAL,IND,BAL,0,0,0,0,0,0,0,5,6,0
00-0028064,Bilal Powell,RB,2011,14,REG,2011_14_KC_NYJ,NYJ,KC,0,0,0,0,0,0,0,6,10,0
00-0028071,Johnny White,RB,2011,14,REG,2011_14_BUF_SD,BUF,LAC,0,0,0,0,0,0,0,1,4,0
00-0028083,Jacquizz Rodgers,RB,2011,14,REG,2011_14_ATL_CAR,ATL,CAR,0,0,0,0,0,0,0,1,4,0
00-0028090,T.J. Yates,QB,2011,14,REG,2011_14_HOU_CIN,HOU,CIN,26,44,300,2,1,5,-32,5,36,0
00-0028091,Jeremy Kerley,WR,2011,14,REG,2011_14_KC_NYJ,NYJ,KC,0,0,0,0,0,0,0,1,2,0
00-0028115,Evan Royster,RB,2011,14,REG,2011_14_NE_WAS,WAS,NE,0,0,0,0,0,0,0,6,44,0
00-0028409,DuJuan Harris,RB,2011,14,REG,2011_14_TB_JAX,JAX,TB,0,0,0,0,0,0,0,1,24,0
00-0028574,Mossis Madu,RB,2011,14,REG,2011_14_TB_JAX,TB,JAX,0,0,0,0,0,0,0,1,6,0
00-0028602,Brandon Saine,RB,2011,14,REG,2011_14_OAK_GB,GB,LV,0,0,0,0,0,0,0,1,7,0
00-0002110,Mark Brunell,QB,2011,15,REG,2011_15_NYJ_PHI,NYJ,PHI,1,3,27,0,0,0,0,0,0,0
00-0005091,Kevin Faulk,RB,2011,15,REG,2011_15_NE_DEN,NE,DEN,0,0,0,0,0,0,0,1,1,0
00-0007091,Matt Hasselbeck,QB,2011,15,REG,2011_15_TEN_IND,TEN,IND,27,40,223,0,2,0,0,1,-1,0
00-0017915,Ricky Williams,RB,2011,15,REG,2011_15_BAL_SD,BAL,LAC,0,0,0,0,0,0,0,3,20,0
00-0019484,Sammy Morris,RB,2011,15,REG,2011_15_DAL_TB,DAL,TB,0,0,0,0,0,0,0,12,53,0
00-0019596,Tom Brady,QB,2011,15,REG,2011_15_NE_DEN,NE,DEN,23,34,320,2,0,2,-10,6,2,1
00-0019641,Thomas Jones,RB,2011,15,REG,2011_15_GB_KC,KC,GB,0,0,0,0,0,0,0,15,48,0
00-0019709,Chris Redman,QB,2011,15,REG,2011_15_JAX_ATL,ATL,JAX,5,6,56,0,0,0,0,2,-2,0
00-0020245,Mike Vick,QB,2011,15,REG,2011_15_NYJ_PHI,PHI,NYJ,15,22,274,1,1,0,0,5,32,1
00-0020531,Drew Brees,QB,2011,15,REG,2011_15_NO_MIN,NO,MIN,32,40,412,5,0,0,0,2,4,0
00-0020536,LaDainian Tomlinson,RB,2011,15,REG,2011_15_NYJ_PHI,NYJ,PHI,0,0,0,0,0,0,0,3,9,0
00-0021206,Josh McCown,QB,2011,15,REG,2011_15_SEA_CHI,CHI,SEA,1,2,12,0,1,0,0,0,0,0
00-0021314,Chester Taylor,RB,2011,15,REG,2011_15_CLE_ARI,ARI,CLE,0,0,0,0,0,0,0,2,3,0
00-0021429,Carson Palmer,QB,2011,15,REG,2011_15_DET_OAK,LV,DET,32,40,367,1,0,3,-22,0,0,0
00-0021678,Tony Romo,QB,2011,15,REG,2011_15_DAL_TB,DAL,TB,23,30,249,3,0,2,-10,3,-1,1
00-0022055,Seneca Wallace,QB,2011,15,REG,2011_15_CLE_ARI,CLE,ARI,18,31,226,1,0,2,-13,3,21,0
00-0022121,Rex Grossman,QB,2011,15,REG,2011_15_WAS_NYG,WAS,NYG,15,24,185,1,2,1,-8,1,-1,0
00-0022178,Willis McGahee,RB,2011,15,REG,2011_15_NE_DEN,DEN,NE,0,0,0,0,0,0,0,7,70,0
00-0022217,Mewelde Moore,RB,2011,15,REG,2011_15_PIT_SF,PIT,SF,0,0,0,0,0,0,0,1,21,0
00-0022736,Steven Jackson,RB,2011,15,REG,2011_15_CIN_STL,LA,CIN,0,0,0,0,0,0,0,18,71,0
00-0022803,Eli Manning,QB,2011,15,REG,2011_15_WAS_NYG,NYG,WAS,23,40,257,0,3,3,-24,0,0,0
00-0022821,Michael Turner,RB,2011,15,REG,2011_15_JAX_ATL,ATL,JAX,0,0,0,0,0,0,0,19,61,1
00-0022924,Ben Roethlisberger,QB,2011,15,REG,2011_15_PIT_SF,PIT,SF,25,44,330,0,3,3,-25,1,0,0
00-0022942,Philip Rivers,QB,2011,15,REG,2011_15_BAL_SD,LAC,BAL,17,23,270,1,0,0,0,0,0,0
00-0022984,Ryan Grant,RB,2011,15,REG,2011_15_GB_KC,GB,KC,0,0,0,0,0,0,0,12,66,0
00-0022999,John Kuhn,FB,2011,15,REG,2011_15_GB_KC,GB,KC,0,0,0,0,0,0,0,2,0,0
00-0023436,Alex Smith,QB,2011,15,REG,2011_15_PIT_SF,SF,PIT,18,31,187,1,0,0,0,3,12,0
00-0023437,Ronnie Brown,RB,2011,15,REG,2011_15_NYJ_PHI,PHI,NYJ,0,0,0,0,0,0,0,6,18,0
00-0023439,Cedric Benson,RB,2011,15,REG,2011_15_CIN_STL,CIN,LA,0,0,0,0,0,0,0,22,76,1
00-0023440,Cadillac Williams,RB,2011,15,REG,2011_15_CIN_STL,LA,CIN,0,0,0,0,0,0,0,3,16,0
00-0023459,Aaron Rodgers,QB,2011,15,REG,2011_15_GB_KC,GB,KC,17,35,235,1,0,4,-22,3,32,1
00-0023496,Vincent Jackson,WR,2011,15,REG,2011_15_BAL_SD,LAC,BAL,0,0,0,0,0,0,0,1,9,0
00-0023500,Frank Gore,RB,2011,15,REG,2011_15_PIT_SF,SF,PIT,0,0,0,0,0,0,0,18,65,1
00-0023541,Kyle Orton,QB,2011,15,REG,2011_15_GB_KC,KC,GB,23,31,299,0,0,0,0,4,-5,0
00-0023544,Marion Barber,RB,2011,15,REG,2011_15_SEA_CHI,CHI,SEA,0,0,0,0,0,0,0,11,33,0
00-0023545,Brandon Jacobs,RB,2011,15,REG,2011_15_WAS_NYG,NYG,WAS,0,0,0,0,0,0,0,8,33,0
00-0023564,Darren Sproles,RB,2011,15,REG,2011_15_NO_MIN,NO,MIN,0,0,0,0,0,0,0,8,33,0
00-0023578,Dan Orlovsky,QB,2011,15,REG,2011_15_TEN_IND,IND,TEN,11,17,82,1,0,0,0,3,-3,0
00-0023682,Ryan Fitzpatrick,QB,2011,15,REG,2011_15_MIA_BUF,BUF,MIA,31,47,316,2,3,3,-25,2,7,0
00-0024217,Reggie Bush,RB,2011,15,REG,2011_15_MIA_BUF,MIA,BUF,0,0,0,0,0,0,0,25,203,1
00-0024218,Vince Young,QB,2011,15,REG,2011_15_NYJ_PHI,PHI,NYJ,0,0,0,0,0,3,-14,0,0,0
00-0024242,DeAngelo Williams,RB,2011,15,REG,2011_15_CAR_HOU,CAR,HOU,0,0,0,0,0,0,0,15,61,1
00-0024245,Joseph Addai,RB,2011,15,REG,2011_15_TEN_IND,IND,TEN,0,0,0,0,0,0,0,11,20,0
00-0024264,Kellen Clemens,QB,2011,15,REG,2011_15_CIN_STL,LA,CIN,25,36,229,1,0,3,-19,2,9,0
00-0024275,Maurice Jones-Drew,RB,2011,15,REG,2011_15_JAX_ATL,JAX,ATL,0,0,0,0,0,0,0,17,112,0
00-0024279,Tarvaris Jackson,QB,2011,15,REG,2011_15_SEA_CHI,SEA,CHI,19,31,227,1,0,1,-1,3,-2,0
00-0024294,Jerious Norwood,RB,2011,15,REG,2011_15_CIN_STL,LA,CIN,0,0,0,0,0,0,0,1,-1,0
00-0024332,Leon Washington,RB,2011,15,REG,2011_15_SEA_CHI,SEA,CHI,0,0,0,0,0,0,0,3,6,0
00-0024813,Pierre Thomas,RB,2011,15,REG,2011_15_NO_MIN,NO,MIN,0,0,0,0,0,0,0,8,44,1
00-0025394,Adrian Peterson,RB,2011,15,REG,2011_15_NO_MIN,MIN,NO,0,0,0,0,0,0,0,10,60,0
00-0025396,Ted Ginn,WR,2011,15,REG,2011_15_PIT_SF,SF,PIT,0,0,0,0,0,0,0,1,6,0
00-0025399,Marshawn Lynch,RB,2011,15,REG,2011_15_SEA_CHI,SEA,CHI,0,0,0,0,0,0,0,20,42,2
00-0025414,Robert Meachem,WR,2011,15,REG,2011_15_NO_MIN,NO,MIN,0,0,0,0,0,0,0,1,4,0
00-0025487,Michael Bush,RB,2011,15,REG,2011_15_DET_OAK,LV,DET,0,0,0,0,0,0,0,18,77,0
00-0025524,Le'Ron McClain,FB,2011,15,REG,2011_15_GB_KC,KC,GB,0,0,0,0,0,0,0,4,20,0
00-0025529,Steve Breaston,WR,2011,15,REG,2011_15_GB_KC,KC,GB,0,0,0,0,0,0,0,1,25,0
00-0025631,Jason Snelling,FB,2011,15,REG,2011_15_JAX_ATL,ATL,JAX,0,0,0,0,0,0,0,5,22,0
00-0025637,Ahmad Bradshaw,RB,2011,15,REG,2011_15_WAS_NYG,NYG,WAS,0,0,0,0,0,0,0,10,58,1
00-0025701,Jackie Battle,RB,2011,15,REG,2011_15_GB_KC,KC,GB,0,0,0,0,0,0,0,10,37,1
00-0025708,Matt Moore,QB,2011,15,REG,2011_15_MIA_BUF,MIA,BUF,10,20,217,2,0,2,-23,0,0,0
00-0025860,BenJarvus Green-Ellis,RB,2011,15,REG,2011_15_NE_DEN,NE,DEN,0,0,0,0,0,0,0,10,17,1
00-0025970,Caleb Hanie,QB,2011,15,REG,2011_15_SEA_CHI,CHI,SEA,10,23,111,1,3,4,-34,5,34,0
00-0026000,Davone Bess,WR,2011,15,REG,2011_15_MIA_BUF,MIA,BUF,0,0,0,0,0,0,0,2,9,0
00-0026019,Danny Woodhead,RB,2011,15,REG,2011_15_NE_DEN,NE,DEN,0,0,0,0,0,0,0,7,40,1
00-0026069,Mike Tolbert,FB,2011,15,REG,2011_15_BAL_SD,LAC,BAL,0,0,0,0,0,0,0,8,40,1
00-0026072,Jed Collins,FB,2011,15,REG,2011_15_NO_MIN,NO,MIN,0,0,0,0,0,0,0,1,2,0
00-0026143,Matt Ryan,QB,2011,15,REG,2011_15_JAX_ATL,ATL,JAX,19,26,224,3,0,1,-4,0,0,0
00-0026153,Jonathan Stewart,RB,2011,15,REG,2011_15_CAR_HOU,CAR,HOU,0,0,0,0,0,0,0,11,43,0
00-0026158,Joe Flacco,QB,2011,15,REG,2011_15_BAL_SD,BAL,LAC,23,34,226,2,2,5,-40,1,12,0
00-0026162,Felix Jones,RB,2011,15,REG,2011_15_DAL_TB,DAL,TB,0,0,0,0,0,0,0,22,108,0
00-0026163,Rashard Mendenhall,RB,2011,15,REG,2011_15_PIT_SF,PIT,SF,0,0,0,0,0,0,0,15,64,0
00-0026164,Chris Johnson,RB,2011,15,REG,2011_15_TEN_IND,TEN,IND,0,0,0,0,0,0,0,15,55,0
00-0026195,Ray Rice,RB,2011,15,REG,2011_15_BAL_SD,BAL,LAC,0,0,0,0,0,0,0,10,57,0
00-0026204,Kevin Smith,RB,2011,15,REG,2011_15_DET_OAK,DET,LV,0,0,0,0,0,0,0,15,43,0
00-0026209,Jacob Hester,RB,2011,15,REG,2011_15_BAL_SD,LAC,BAL,0,0,0,0,0,0,0,2,6,0
00-0026262,Tashard Choice,RB,2011,15,REG,2011_15_MIA_BUF,BUF,MIA,0,0,0,0,0,0,0,5,15,0
00-0026345,Pierre Garcon,WR,2011,15,REG,2011_15_TEN_IND,IND,TEN,0,0,0,0,0,0,0,1,8,0
00-0026367,Peyton Hillis,RB,2011,15,REG,2011_15_CLE_ARI,CLE,ARI,0,0,0,0,0,0,0,26,99,1
00-0026373,Justin Forsett,RB,2011,15,REG,2011_15_SEA_CHI,SEA,CHI,0,0,0,0,0,0,0,6,12,0
00-0026393,Marcel Reece,FB,2011,15,REG,2011_15_DET_OAK,LV,DET,0,0,0,0,0,0,0,1,26,0
00-0026432,Lance Ball,RB,2011,15,REG,2011_15_NE_DEN,DEN,NE,0,0,0,0,0,0,0,11,64,1
00-0026465,Anthony Armstrong,WR,2011,15,REG,2011_15_WAS_NYG,WAS,NYG,0,0,0,0,0,0,0,1,14,0
00-0026491,Stefan Logan,WR,2011,15,REG,2011_15_DET_OAK,DET,LV,0,0,0,0,0,0,0,1,5,0
00-0026498,Matthew Stafford,QB,2011,15,REG,2011_15_DET_OAK,DET,LV,29,52,391,4,0,2,-16,1,5,0
00-0026544,Chase Daniel,QB,2011,15,REG,2011_15_NO_MIN,NO,MIN,0,1,0,0,0,0,0,0,0,0
00-0026566,Isaac Redman,RB,2011,15,REG,2011_15_PIT_SF,PIT,SF,0,0,0,0,0,0,0,2,-1,0
00-0026579,Kahlil Bell,RB,2011,15,REG,2011_15_SEA_CHI,CHI,SEA,0,0,0,0,0,0,0,15,65,0
00-0026796,Arian Foster,RB,2011,15,REG,2011_15_CAR_HOU,HOU,CAR,0,0,0,0,0,0,0,16,109,1
00-0026799,Jeremiah Johnson,RB,2011,15,REG,2011_15_NE_DEN,DEN,NE,0,0,0,0,0,0,0,1,25,0
00-0026852,Darrel Young,FB,2011,15,REG,2011_15_WAS_NYG,WAS,NYG,0,0,0,0,0,0,0,4,14,1
00-0026898,Mark Sanchez,QB,2011,15,REG,2011_15_NYJ_PHI,NYJ,PHI,15,26,150,2,2,4,-30,2,3,0
00-0026899,Shonn Greene,RB,2011,15,REG,2011_15_NYJ_PHI,NYJ,PHI,0,0,0,0,0,0,0,18,73,0
00-0026932,Cedric Peerman,RB,2011,15,REG,2011_15_CIN_STL,CIN,LA,0,0,0,0,0,0,0,2,8,0
00-0026941,Bernard Scott,RB,2011,15,REG,2011_15_CIN_STL,CIN,LA,0,0,0,0,0,0,0,7,20,1
00-0026956,LaRod Stephens-Howling,RB,2011,15,REG,2011_15_CLE_ARI,ARI,CLE,0,0,0,0,0,0,0,3,6,0
00-0026993,Josh Freeman,QB,2011,15,REG,2011_15_DAL_TB,TB,DAL,17,27,148,1,0,3,-16,4,37,0
00-0026998,Percy Harvin,WR,2011,15,REG,2011_15_NO_MIN,MIN,NO,0,0,0,0,0,0,0,1,-1,0
00-0027003,Donald Brown,RB,2011,15,REG,2011_15_TEN_IND,IND,TEN,0,0,0,0,0,0,0,16,161,1
00-0027007,Chris Wells,RB,2011,15,REG,2011_15_CLE_ARI,ARI,CLE,0,0,0,0,0,0,0,15,51,1
00-0027029,LeSean McCoy,RB,2011,15,REG,2011_15_NYJ_PHI,PHI,NYJ,0,0,0,0,0,0,0,18,102,3
00-0027089,Louis Murphy,WR,2011,15,REG,2011_15_DET_OAK,LV,DET,0,0,0,0,0,0,0,2,16,1
00-0027214,Keiland Williams,RB,2011,15,REG,2011_15_DET_OAK,DET,LV,0,0,0,0,0,0,0,1,0,0
00-0027325,LeGarrette Blount,RB,2011,15,REG,2011_15_DAL_TB,TB,DAL,0,0,0,0,0,0,0,9,21,0
00-0027346,Alfonso Smith,RB,2011,15,REG,2011_15_CLE_ARI,ARI,CLE,0,0,0,0,0,0,0,1,0,0
00-0027531,Chris Ivory,RB,2011,15,REG,2011_15_NO_MIN,NO,MIN,0,0,0,0,0,0,0,18,74,0
00-0027583,Richie Brockel,TE,2011,15,REG,2011_15_CAR_HOU,CAR,HOU,0,0,0,0,0,0,0,1,7,1
00-0027651,Dexter McCluster,WR,2011,15,REG,2011_15_GB_KC,KC,GB,0,0,0,0,0,0,0,5,14,0
00-0027691,Andre Roberts,WR,2011,15,REG,2011_15_CLE_ARI,ARI,CLE,0,0,0,0,0,0,0,1,7,0
00-0027692,Armanti Edwards,WR,2011,15,REG,2011_15_CAR_HOU,CAR,HOU,1,1,11,0,0,0,0,0,0,0
00-0027712,Joe McKnight,RB,2011,15,REG,2011_15_NYJ_PHI,NYJ,PHI,0,0,0,0,0,0,0,3,2,0
00-0027713,Aaron Hernandez,TE,2011,15,REG,2011_15_NE_DEN,NE,DEN,0,0,0,0,0,0,0,1,16,0
00-0027722,Mike Kafka,QB,2011,15,REG,2011_15_NYJ_PHI,PHI,NYJ,0,0,0,0,0,0,0,2,-2,0
00-0027739,John Conner,FB,2011,15,REG,2011_15_NYJ_PHI,NYJ,PHI,0,0,0,0,0,0,0,1,7,0
00-0027754,John Skelton,QB,2011,15,REG,2011_15_CLE_ARI,ARI,CLE,28,46,313,1,1,4,-24,2,7,0
00-0027772,Anthony Dixon,RB,2011,15,REG,2011_15_PIT_SF,SF,PIT,0,0,0,0,0,0,0,5,12,0
00-0027796,Joe Webb,QB,2011,15,REG,2011_15_NO_MIN,MIN,NO,0,1,0,0,0,0,0,2,0,0
00-0027861,C.J. Spiller,RB,2011,15,REG,2011_15_MIA_BUF,BUF,MIA,0,0,0,0,0,0,0,12,91,1
00-0027864,Ryan Mathews,RB,2011,15,REG,2011_15_BAL_SD,LAC,BAL,0,0,0,0,0,0,0,26,90,2
00-0027874,Demaryius Thomas,WR,2011,15,REG,2011_15_NE_DEN,DEN,NE,0,1,0,0,0,0,0,0,0,0
00-0027876,Tim Tebow,QB,2011,15,REG,2011_15_NE_DEN,DEN,NE,11,22,194,0,0,4,-53,12,93,2
00-0027888,Toby Gerhart,RB,2011,15,REG,2011_15_NO_MIN,MIN,NO,0,0,0,0,0,0,0,2,12,0
00-0027890,Ben Tate,RB,2011,15,REG,2011_15_CAR_HOU,HOU,CAR,0,0,0,0,0,0,0,7,26,0
00-0027891,Golden Tate,WR,2011,15,REG,2011_15_SEA_CHI,SEA,CHI,0,0,0,0,0,0,0,1,2,0
00-0027918,Andrew Hawkins,WR,2011,15,REG,2011_15_CIN_STL,CIN,LA,0,0,0,0,0,0,0,1,8,0
00-0027939,Cam Newton,QB,2011,15,REG,2011_15_CAR_HOU,CAR,HOU,13,23,149,2,0,2,-10,7,55,0
00-0027944,Julio Jones,WR,2011,15,REG,2011_15_JAX_ATL,ATL,JAX,0,0,0,0,0,0,0,1,6,0
00-0027946,Jake Locker,QB,2011,15,REG,2011_15_TEN_IND,TEN,IND,11,16,108,1,0,1,-9,1,9,0
00-0027948,Blaine Gabbert,QB,2011,15,REG,2011_15_JAX_ATL,JAX,ATL,12,22,141,1,1,5,-50,1,5,0
00-0027950,Christian Ponder,QB,2011,15,REG,2011_15_NO_MIN,MIN,NO,14,31,120,2,1,4,-18,3,34,0
00-0027973,Andy Dalton,QB,2011,15,REG,2011_15_CIN_STL,CIN,LA,15,26,179,0,1,1,-6,2,-2,0
00-0027982,Titus Young,WR,2011,15,REG,2011_15_DET_OAK,DET,LV,0,0,0,0,0,0,0,1,4,0
00-0028000,Daniel Thomas,RB,2011,15,REG,2011_15_MIA_BUF,MIA,BUF,0,0,0,0,0,0,0,11,42,0
00-0028002,Randall Cobb,WR,2011,15,REG,2011_15_GB_KC,GB,KC,0,0,0,0,0,0,0,1,4,0
00-0028011,Stevan Ridley,RB,2011,15,REG,2011_15_NE_DEN,NE,DEN,0,0,0,0,0,0,0,11,65,0
00-0028043,Roy Helu,RB,2011,15,REG,2011_15_WAS_NYG,WAS,NYG,0,0,0,0,0,0,0,23,53,0
00-0028053,Kendall Hunter,RB,2011,15,REG,2011_15_PIT_SF,SF,PIT,0,0,0,0,0,0,0,2,2,0
00-0028057,Delone Carter,RB,2011,15,REG,2011_15_TEN_IND,IND,TEN,0,0,0,0,0,0,0,3,19,0
00-0028068,Jamie Harper,RB,2011,15,REG,2011_15_TEN_IND,TEN,IND,0,0,0,0,0,0,0,2,3,0
00-0028083,Jacquizz Rodgers,RB,2011,15,REG,2011_15_JAX_ATL,ATL,JAX,0,0,0,0,0,0,0,8,10,0
00-0028086,Denarius Moore,WR,2011,15,REG,2011_15_DET_OAK,LV,DET,0,0,0,0,0,0,0,1,13,0
00-0028087,Dion Lewis,RB,2011,15,REG,2011_15_NYJ_PHI,PHI,NYJ,0,0,0,0,0,0,0,2,10,0
00-0028090,T.J. Yates,QB,2011,15,REG,2011_15_CAR_HOU,HOU,CAR,19,30,212,0,2,2,-4,2,15,0
00-0028093,Niles Paul,TE,2011,15,REG,2011_15_WAS_NYG,WAS,NYG,0,0,0,0,0,0,0,1,7,0
00-0028115,Evan Royster,RB,2011,15,REG,2011_15_WAS_NYG,WAS,NYG,0,0,0,0,0,0,0,10,36,0
00-0028118,Tyrod Taylor,QB,2011,15,REG,2011_15_BAL_SD,BAL,LAC,1,1,18,0,0,2,-3,0,0,0
00-0028149,Bruce Miller,FB,2011,15,REG,2011_15_PIT_SF,SF,PIT,0,0,0,0,0,0,0,1,3,0
00-0028409,DuJuan Harris,RB,2011,15,REG,2011_15_JAX_ATL,JAX,ATL,0,0,0,0,0,0,0,1,-1,0
00-0000865,Charlie Batch,QB,2011,16,REG,2011_16_STL_PIT,PIT,LA,15,22,208,0,1,0,0,0,0,0
00-0007091,Matt Hasselbeck,QB,2011,16,REG,2011_16_JAX_TEN,TEN,JAX,24,40,350,1,2,1,-8,5,2,0
00-0017915,Ricky Williams,RB,2011,16,REG,2011_16_CLE_BAL,BAL,CLE,0,0,0,0,0,0,0,10,45,0
00-0019484,Sammy Morris,RB,2011,16,REG,2011_16_PHI_DAL,DAL,PHI,0,0,0,0,0,0,0,13,29,0
00-0019596,Tom Brady,QB,2011,16,REG,2011_16_MIA_NE,NE,MIA,27,46,304,1,0,4,-23,9,17,2
00-0019641,Thomas Jones,RB,2011,16,REG,2011_16_OAK_KC,KC,LV,0,0,0,0,0,0,0,11,51,0
00-0019709,Chris Redman,QB,2011,16,REG,2011_16_ATL_NO,ATL,NO,6,9,61,0,0,0,0,0,0,0
00-0020245,Mike Vick,QB,2011,16,REG,2011_16_PHI_DAL,PHI,DAL,18,32,293,2,0,2,-12,3,10,0
00-0020337,Steve Smith,WR,2011,16,REG,2011_16_TB_CAR,CAR,TB,0,0,0,0,0,0,0,1,23,0
00-0020531,Drew Brees,QB,2011,16,REG,2011_16_ATL_NO,NO,ATL,23,39,307,4,2,1,-8,1,9,0
00-0020536,LaDainian Tomlinson,RB,2011,16,REG,2011_16_NYG_NYJ,NYJ,NYG,0,0,0,0,0,0,0,5,29,0
00-0021182,Maurice Morris,RB,2011,16,REG,2011_16_SD_DET,DET,LAC,0,0,0,0,0,0,0,5,22,0
00-0021206,Josh McCown,QB,2011,16,REG,2011_16_CHI_GB,CHI,GB,19,28,242,1,2,0,0,8,38,0
00-0021429,Carson Palmer,QB,2011,16,REG,2011_16_OAK_KC,LV,KC,16,26,237,1,2,0,0,0,0,0
00-0021678,Tony Romo,QB,2011,16,REG,2011_16_PHI_DAL,DAL,PHI,0,2,0,0,0,0,0,0,0,0
00-0021999,Nate Burleson,WR,2011,16,REG,2011_16_SD_DET,DET,LAC,0,0,0,0,0,0,0,1,11,0
00-0022055,Seneca Wallace,QB,2011,16,REG,2011_16_CLE_BAL,CLE,BAL,19,33,147,1,1,2,-8,1,5,0
00-0022121,Rex Grossman,QB,2011,16,REG,2011_16_MIN_WAS,WAS,MIN,26,41,284,2,1,3,-28,0,0,0
00-0022178,Willis McGahee,RB,2011,16,REG,2011_16_DEN_BUF,DEN,BUF,0,0,0,0,0,0,0,15,64,0
00-0022427,Wes Welker,WR,2011,16,REG,2011_16_MIA_NE,NE,MIA,0,0,0,0,0,0,0,1,7,0
00-0022684,Donnie Jones,P,2011,16,REG,2011_16_STL_PIT,LA,PIT,0,0,0,0,0,0,0,1,9,0
00-0022736,Steven Jackson,RB,2011,16,REG,2011_16_STL_PIT,LA,PIT,0,0,0,0,0,0,0,24,103,0
00-0022803,Eli Manning,QB,2011,16,REG,2011_16_NYG_NYJ,NYG,NYJ,9,27,225,1,1,2,-8,1,-1,0
00-0022821,Michael Turner,RB,2011,16,REG,2011_16_ATL_NO,ATL,NO,0,0,0,0,0,0,0,11,39,0
00-0022897,Greg Jones,FB,2011,16,REG,2011_16_JAX_TEN,JAX,TEN,0,0,0,0,0,0,0,1,1,1
00-0022942,Philip Rivers,QB,2011,16,REG,2011_16_SD_DET,LAC,DET,28,53,299,1,2,0,0,0,0,0
00-0022984,Ryan Grant,RB,2011,16,REG,2011_16_CHI_GB,GB,CHI,0,0,0,0,0,0,0,8,44,0
00-0023436,Alex Smith,QB,2011,16,REG,2011_16_SF_SEA,SF,SEA,14,26,179,0,0,2,-8,5,22,0
00-0023437,Ronnie Brown,RB,2011,16,REG,2011_16_PHI_DAL,PHI,DAL,0,0,0,0,0,0,0,8,33,0
00-0023439,Cedric Benson,RB,2011,16,REG,2011_16_ARI_CIN,CIN,ARI,0,0,0,0,0,0,0,16,57,0
00-0023440,Cadillac Williams,RB,2011,16,REG,2011_16_STL_PIT,LA,PIT,0,0,0,0,0,0,0,9,42,0
00-0023459,Aaron Rodgers,QB,2011,16,REG,2011_16_CHI_GB,GB,CHI,21,29,283,5,0,0,0,4,18,0
00-0023500,Frank Gore,RB,2011,16,REG,2011_16_SF_SEA,SF,SEA,0,0,0,0,0,0,0,23,83,1
00-0023541,Kyle Orton,QB,2011,16,REG,2011_16_OAK_KC,KC,LV,21,36,300,1,2,0,0,1,2,0
00-0023545,Brandon Jacobs,RB,2011,16,REG,2011_16_NYG_NYJ,NYG,NYJ,0,0,0,0,0,0,0,7,42,0
00-0023564,Darren Sproles,RB,2011,16,REG,2011_16_ATL_NO,NO,ATL,0,0,0,0,0,0,0,5,67,0
00-0023578,Dan Orlovsky,QB,2011,16,REG,2011_16_HOU_IND,IND,HOU,23,41,244,1,0,3,-19,1,2,0
00-0023645,Derek Anderson,QB,2011,16,REG,2011_16_TB_CAR,CAR,TB,0,0,0,0,0,0,0,1,-1,0
00-0023682,Ryan Fitzpatrick,QB,2011,16,REG,2011_16_DEN_BUF,BUF,DEN,15,27,196,0,0,1,-5,3,22,0
00-0024217,Reggie Bush,RB,2011,16,REG,2011_16_MIA_NE,MIA,NE,0,0,0,0,0,0,0,22,113,0
00-0024240,Santonio Holmes,WR,2011,16,REG,2011_16_NYG_NYJ,NYJ,NYG,0,0,0,0,0,0,0,1,-1,0
00-0024242,DeAngelo Williams,RB,2011,16,REG,2011_16_TB_CAR,CAR,TB,0,0,0,0,0,0,0,7,66,2
00-0024245,Joseph Addai,RB,2011,16,REG,2011_16_HOU_IND,IND,HOU,0,0,0,0,0,0,0,19,59,0
00-0024264,Kellen Clemens,QB,2011,16,REG,2011_16_STL_PIT,LA,PIT,9,24,91,0,0,3,-23,2,10,0
00-0024275,Maurice Jones-Drew,RB,2011,16,REG,2011_16_JAX_TEN,JAX,TEN,0,0,0,0,0,0,0,24,103,1
00-0024279,Tarvaris Jackson,QB,2011,16,REG,2011_16_SF_SEA,SEA,SF,15,28,163,1,0,4,-22,2,3,0
00-0024332,Leon Washington,RB,2011,16,REG,2011_16_SF_SEA,SEA,SF,0,0,0,0,0,0,0,2,9,0
00-0024334,Brandon Marshall,WR,2011,16,REG,2011_16_MIA_NE,MIA,NE,0,0,0,0,0,0,0,1,13,0
00-0024489,Ahmard Hall,FB,2011,16,REG,2011_16_JAX_TEN,TEN,JAX,0,0,0,0,0,0,0,1,1,0
00-0024559,D.J. Ware,RB,2011,16,REG,2011_16_NYG_NYJ,NYG,NYJ,0,0,0,0,0,0,0,3,20,0
00-0024813,Pierre Thomas,RB,2011,16,REG,2011_16_ATL_NO,NO,ATL,0,0,0,0,0,0,0,9,53,1
00-0025394,Adrian Peterson,RB,2011,16,REG,2011_16_MIN_WAS,MIN,WAS,0,0,0,0,0,0,0,12,38,1
00-0025399,Marshawn Lynch,RB,2011,16,REG,2011_16_SF_SEA,SEA,SF,0,0,0,0,0,0,0,21,107,1
00-0025458,Lorenzo Booker,RB,2011,16,REG,2011_16_MIN_WAS,MIN,WAS,0,0,0,0,0,0,0,2,1,0
00-0025460,Jacoby Jones,WR,2011,16,REG,2011_16_HOU_IND,HOU,IND,0,0,0,0,0,0,0,1,15,0
00-0025487,Michael Bush,RB,2011,16,REG,2011_16_OAK_KC,LV,KC,0,0,0,0,0,0,0,23,70,0
00-0025524,Le'Ron McClain,FB,2011,16,REG,2011_16_OAK_KC,KC,LV,0,0,0,0,0,0,0,1,11,0
00-0025637,Ahmad Bradshaw,RB,2011,16,REG,2011_16_NYG_NYJ,NYG,NYJ,0,0,0,0,0,0,0,15,54,2
00-0025701,Jackie Battle,RB,2011,16,REG,2011_16_OAK_KC,KC,LV,0,0,0,0,0,0,0,14,56,0
00-0025708,Matt Moore,QB,2011,16,REG,2011_16_MIA_NE,MIA,NE,16,32,281,3,1,5,-28,3,-8,0
00-0025860,BenJarvus Green-Ellis,RB,2011,16,REG,2011_16_MIA_NE,NE,MIA,0,0,0,0,0,0,0,3,10,0
00-0026019,Danny Woodhead,RB,2011,16,REG,2011_16_MIA_NE,NE,MIA,0,0,0,0,0,0,0,4,20,0
00-0026029,Kregg Lumpkin,RB,2011,16,REG,2011_16_TB_CAR,TB,CAR,0,0,0,0,0,0,0,7,24,0
00-0026069,Mike Tolbert,FB,2011,16,REG,2011_16_SD_DET,LAC,DET,0,0,0,0,0,0,0,5,7,0
00-0026143,Matt Ryan,QB,2011,16,REG,2011_16_ATL_NO,ATL,NO,34,52,373,1,0,0,0,2,-3,0
00-0026153,Jonathan Stewart,RB,2011,16,REG,2011_16_TB_CAR,CAR,TB,0,0,0,0,0,0,0,7,88,0
00-0026158,Joe Flacco,QB,2011,16,REG,2011_16_CLE_BAL,BAL,CLE,11,24,132,2,1,1,-10,4,30,0
00-0026162,Felix Jones,RB,2011,16,REG,2011_16_PHI_DAL,DAL,PHI,0,0,0,0,0,0,0,4,24,0
00-0026163,Rashard Mendenhall,RB,2011,16,REG,2011_16_STL_PIT,PIT,LA,0,0,0,0,0,0,0,18,116,1
00-0026164,Chris Johnson,RB,2011,16,REG,2011_16_JAX_TEN,TEN,JAX,0,0,0,0,0,0,0,15,56,0
00-0026189,DeSean Jackson,WR,2011,16,REG,2011_16_PHI_DAL,PHI,DAL,0,0,0,0,0,0,0,2,27,0
00-0026195,Ray Rice,RB,2011,16,REG,2011_16_CLE_BAL,BAL,CLE,0,0,0,0,0,0,0,23,87,0
00-0026204,Kevin Smith,RB,2011,16,REG,2011_16_SD_DET,DET,LAC,0,0,0,0,0,0,0,15,49,1
00-0026209,Jacob Hester,RB,2011,16,REG,2011_16_SD_DET,LAC,DET,0,0,0,0,0,0,0,1,3,0
00-0026262,Tashard Choice,RB,2011,16,REG,2011_16_DEN_BUF,BUF,DEN,0,0,0,0,0,0,0,9,27,0
00-0026279,Ryan Torain,RB,2011,16,REG,2011_16_MIN_WAS,WAS,MIN,0,0,0,0,0,0,0,4,8,0
00-0026349,Matt Flynn,QB,2011,16,REG,2011_16_CHI_GB,GB,CHI,0,0,0,0,0,1,-1,2,-2,0
00-0026353,Chauncey Washington,RB,2011,16,REG,2011_16_PHI_DAL,DAL,PHI,0,0,0,0,0,0,0,1,-1,0
00-0026367,Peyton Hillis,RB,2011,16,REG,2011_16_CLE_BAL,CLE,BAL,0,0,0,0,0,0,0,24,112,0
00-0026373,Justin Forsett,RB,2011,16,REG,2011_16_SF_SEA,SEA,SF,0,0,0,0,0,0,0,1,5,0
00-0026393,Marcel Reece,FB,2011,16,REG,2011_16_OAK_KC,LV,KC,0,0,0,0,0,0,0,2,1,0
00-0026432,Lance Ball,RB,2011,16,REG,2011_16_DEN_BUF,DEN,BUF,0,0,0,0,0,0,0,4,12,0
00-0026498,Matthew Stafford,QB,2011,16,REG,2011_16_SD_DET,DET,LAC,29,36,373,3,0,3,-20,2,5,0
00-0026566,Isaac Redman,RB,2011,16,REG,2011_16_STL_PIT,PIT,LA,0,0,0,0,0,0,0,8,35,1
00-0026579,Kahlil Bell,RB,2011,16,REG,2011_16_CHI_GB,CHI,GB,0,0,0,0,0,0,0,23,121,0
00-0026644,Josh Vaughan,RB,2011,16,REG,2011_16_TB_CAR,CAR,TB,0,0,0,0,0,0,0,7,24,0
00-0026796,Arian Foster,RB,2011,16,REG,2011_16_HOU_IND,HOU,IND,0,0,0,0,0,0,0,23,158,1
00-0026799,Jeremiah Johnson,RB,2011,16,REG,2011_16_DEN_BUF,DEN,BUF,0,0,0,0,0,0,0,6,23,0
00-0026898,Mark Sanchez,QB,2011,16,REG,2011_16_NYG_NYJ,NYJ,NYG,30,59,258,1,2,5,-32,4,13,1
00-0026899,Shonn Greene,RB,2011,16,REG,2011_16_NYG_NYJ,NYJ,NYG,0,0,0,0,0,0,0,14,58,0
00-0026932,Cedric Peerman,RB,2011,16,REG,2011_16_ARI_CIN,CIN,ARI,0,0,0,0,0,0,0,1,7,0
00-0026941,Bernard Scott,RB,2011,16,REG,2011_16_ARI_CIN,CIN,ARI,0,0,0,0,0,0,0,10,28,0
00-0026993,Josh Freeman,QB,2011,16,REG,2011_16_TB_CAR,TB,CAR,28,38,274,1,1,3,-16,6,4,1
00-0026998,Percy Harvin,WR,2011,16,REG,2011_16_MIN_WAS,MIN,WAS,0,0,0,0,0,0,0,4,39,0
00-0027003,Donald Brown,RB,2011,16,REG,2011_16_HOU_IND,IND,HOU,0,0,0,0,0,0,0,11,35,0
00-0027007,Chris Wells,RB,2011,16,REG,2011_16_ARI_CIN,ARI,CIN,0,0,0,0,0,0,0,14,53,0
00-0027029,LeSean McCoy,RB,2011,16,REG,2011_16_PHI_DAL,PHI,DAL,0,0,0,0,0,0,0,13,35,0
00-0027071,Stephen McGee,QB,2011,16,REG,2011_16_PHI_DAL,DAL,PHI,24,38,182,1,0,3,-25,4,28,0
00-0027093,Tony Fiammetta,FB,2011,16,REG,2011_16_PHI_DAL,DAL,PHI,0,0,0,0,0,0,0,1,1,0
00-0027325,LeGarrette Blount,RB,2011,16,REG,2011_16_TB_CAR,TB,CAR,0,0,0,0,0,0,0,2,11,0
00-0027531,Chris Ivory,RB,2011,16,REG,2011_16_ATL_NO,NO,ATL,0,0,0,0,0,0,0,8,35,0
00-0027583,Richie Brockel,TE,2011,16,REG,2011_16_TB_CAR,CAR,TB,0,0,0,0,0,0,0,2,5,0
00-0027618,Brandon Banks,WR,2011,16,REG,2011_16_MIN_WAS,WAS,MIN,0,0,0,0,0,0,0,1,1,0
00-0027651,Dexter McCluster,WR,2011,16,REG,2011_16_OAK_KC,KC,LV,0,0,0,0,0,0,0,3,15,0
00-0027713,Aaron Hernandez,TE,2011,16,REG,2011_16_MIA_NE,NE,MIA,0,0,0,0,0,0,0,1,1,0
00-0027754,John Skelton,QB,2011,16,REG,2011_16_ARI_CIN,ARI,CIN,23,44,297,2,3,5,-40,4,6,0
00-0027791,James Starks,RB,2011,16,REG,2011_16_CHI_GB,GB,CHI,0,0,0,0,0,0,0,6,13,0
00-0027793,Antonio Brown,WR,2011,16,REG,2011_16_STL_PIT,PIT,LA,0,0,0,0,0,0,0,1,8,0
00-0027796,Joe Webb,QB,2011,16,REG,2011_16_MIN_WAS,MIN,WAS,4,5,84,2,0,1,-3,5,34,1
00-0027861,C.J. Spiller,RB,2011,16,REG,2011_16_DEN_BUF,BUF,DEN,0,0,0,0,0,0,0,16,111,1
00-0027864,Ryan Mathews,RB,2011,16,REG,2011_16_SD_DET,LAC,DET,0,0,0,0,0,0,0,11,58,0
00-0027876,Tim Tebow,QB,2011,16,REG,2011_16_DEN_BUF,DEN,BUF,13,29,185,1,3,4,-33,10,34,1
00-0027888,Toby Gerhart,RB,2011,16,REG,2011_16_MIN_WAS,MIN,WAS,0,0,0,0,0,0,0,11,109,0
00-0027890,Ben Tate,RB,2011,16,REG,2011_16_HOU_IND,HOU,IND,0,0,0,0,0,0,0,6,-1,0
00-0027939,Cam Newton,QB,2011,16,REG,2011_16_TB_CAR,CAR,TB,12,17,171,3,0,1,-8,6,65,1
00-0027942,A.J. Green,WR,2011,16,REG,2011_16_ARI_CIN,CIN,ARI,0,0,0,0,0,0,0,2,25,0
00-0027948,Blaine Gabbert,QB,2011,16,REG,2011_16_JAX_TEN,JAX,TEN,21,42,198,0,1,1,-11,1,4,0
00-0027950,Christian Ponder,QB,2011,16,REG,2011_16_MIN_WAS,MIN,WAS,8,13,68,0,0,1,-1,4,20,0
00-0027973,Andy Dalton,QB,2011,16,REG,2011_16_ARI_CIN,CIN,ARI,18,31,154,2,0,2,-18,5,48,0
00-0028000,Daniel Thomas,RB,2011,16,REG,2011_16_MIA_NE,MIA,NE,0,0,0,0,0,0,0,2,3,0
00-0028011,Stevan Ridley,RB,2011,16,REG,2011_16_MIA_NE,NE,MIA,0,0,0,0,0,0,0,13,64,0
00-0028053,Kendall Hunter,RB,2011,16,REG,2011_16_SF_SEA,SF,SEA,0,0,0,0,0,0,0,12,73,0
00-0028057,Delone Carter,RB,2011,16,REG,2011_16_HOU_IND,IND,HOU,0,0,0,0,0,0,0,1,-1,0
00-0028068,Jamie Harper,RB,2011,16,REG,2011_16_JAX_TEN,TEN,JAX,0,0,0,0,0,0,0,4,6,1
00-0028083,Jacquizz Rodgers,RB,2011,16,REG,2011_16_ATL_NO,ATL,NO,0,0,0,0,0,0,0,1,-1,0
00-0028090,T.J. Yates,QB,2011,16,REG,2011_16_HOU_IND,HOU,IND,13,16,132,0,0,4,-20,1,-1,0
00-0028091,Jeremy Kerley,WR,2011,16,REG,2011_16_NYG_NYJ,NYJ,NYG,0,0,0,0,0,0,0,1,6,0
00-0028115,Evan Royster,RB,2011,16,REG,2011_16_MIN_WAS,WAS,MIN,0,0,0,0,0,0,0,19,132,0
00-0028208,John Clay,RB,2011,16,REG,2011_16_STL_PIT,PIT,LA,0,0,0,0,0,0,0,1,10,1
00-0028409,DuJuan Harris,RB,2011,16,REG,2011_16_JAX_TEN,JAX,TEN,0,0,0,0,0,0,0,2,5,0
00-0028565,Armando Allen,RB,2011,16,REG,2011_16_CHI_GB,CHI,GB,0,0,0,0,0,0,0,11,40,0
00-0028574,Mossis Madu,RB,2011,16,REG,2011_16_TB_CAR,TB,CAR,0,0,0,0,0,0,0,4,20,0
00-0028602,Brandon Saine,RB,2011,16,REG,2011_16_CHI_GB,GB,CHI,0,0,0,0,0,0,0,1,8,0
00-0000108,David Akers,K,2011,17,REG,2011_17_SF_STL,SF,LA,1,1,14,1,0,0,0,0,0,0
00-0004161,Jake Delhomme,QB,2011,17,REG,2011_17_TEN_HOU,HOU,TEN,18,28,211,1,0,2,-18,0,0,0
00-0007091,Matt Hasselbeck,QB,2011,17,REG,2011_17_TEN_HOU,TEN,HOU,22,35,297,2,0,3,-22,1,-1,0
00-0017915,Ricky Williams,RB,2011,17,REG,2011_17_BAL_CIN,BAL,CIN,0,0,0,0,0,0,0,6,28,0
00-0019484,Sammy Morris,RB,2011,17,REG,2011_17_DAL_NYG,DAL,NYG,0,0,0,0,0,0,0,3,16,0
00-0019596,Tom Brady,QB,2011,17,REG,2011_17_BUF_NE,NE,BUF,23,35,338,3,1,4,-18,0,0,0
00-0019641,Thomas Jones,RB,2011,17,REG,2011_17_KC_DEN,KC,DEN,0,0,0,0,0,0,0,15,42,0
00-0019709,Chris Redman,QB,2011,17,REG,2011_17_TB_ATL,ATL,TB,7,12,71,0,1,0,0,3,-4,0
00-0020245,Mike Vick,QB,2011,17,REG,2011_17_WAS_PHI,PHI,WAS,24,39,335,3,1,2,-20,1,3,0
00-0020337,Steve Smith,WR,2011,17,REG,2011_17_CAR_NO,CAR,NO,0,0,0,0,0,0,0,1,1,0
00-0020531,Drew Brees,QB,2011,17,REG,2011_17_CAR_NO,NO,CAR,28,35,389,5,1,0,0,1,5,0
00-0020536,LaDainian Tomlinson,RB,2011,17,REG,2011_17_NYJ_MIA,NYJ,MIA,0,0,0,0,0,0,0,11,56,0
00-0021182,Maurice Morris,RB,2011,17,REG,2011_17_DET_GB,DET,GB,0,0,0,0,0,0,0,4,13,0
00-0021206,Josh McCown,QB,2011,17,REG,2011_17_CHI_MIN,CHI,MIN,15,25,160,1,1,7,-43,4,30,0
00-0021314,Chester Taylor,RB,2011,17,REG,2011_17_SEA_ARI,ARI,SEA,0,0,0,0,0,0,0,3,8,1
00-0021357,Rock Cartwright,RB,2011,17,REG,2011_17_SD_OAK,LV,LAC,0,0,0,0,0,0,0,1,1,0
00-0021429,Carson Palmer,QB,2011,17,REG,2011_17_SD_OAK,LV,LAC,28,43,417,2,1,0,0,2,6,0
00-0021678,Tony Romo,QB,2011,17,REG,2011_17_DAL_NYG,DAL,NYG,29,37,289,2,1,6,-38,2,3,0
00-0021999,Nate Burleson,WR,2011,17,REG,2011_17_DET_GB,DET,GB,0,0,0,0,0,0,0,1,9,0
00-0022055,Seneca Wallace,QB,2011,17,REG,2011_17_PIT_CLE,CLE,PIT,16,41,177,0,1,2,-9,3,44,0
00-0022121,Rex Grossman,QB,2011,17,REG,2011_17_WAS_PHI,WAS,PHI,22,45,256,1,1,1,-9,0,0,0
00-0022156,Bryant Johnson,WR,2011,17,REG,2011_17_TEN_HOU,HOU,TEN,0,0,0,0,0,0,0,1,1,0
00-0022178,Willis McGahee,RB,2011,17,REG,2011_17_KC_DEN,DEN,KC,0,0,0,0,0,0,0,28,145,0
00-0022341,George Wilson,S,2011,17,REG,2011_17_BUF_NE,BUF,NE,0,0,0,0,0,0,0,1,6,0
00-0022397,Vonta Leach,FB,2011,17,REG,2011_17_BAL_CIN,BAL,CIN,0,0,0,0,0,0,0,1,1,0
00-0022736,Steven Jackson,RB,2011,17,REG,2011_17_SF_STL,LA,SF,0,0,0,0,0,0,0,16,76,0
00-0022770,Derrick Ward,RB,2011,17,REG,2011_17_TEN_HOU,HOU,TEN,0,0,0,0,0,0,0,12,50,0
00-0022803,Eli Manning,QB,2011,17,REG,2011_17_DAL_NYG,NYG,DAL,24,33,346,3,0,2,-15,6,14,0
00-0022821,Michael Turner,RB,2011,17,REG,2011_17_TB_ATL,ATL,TB,0,0,0,0,0,0,0,17,172,2
00-0022924,Ben Roethlisberger,QB,2011,17,REG,2011_17_PIT_CLE,PIT,CLE,23,40,221,0,0,2,-22,0,0,0
00-0022929,Devery Henderson,WR,2011,17,REG,2011_17_CAR_NO,NO,CAR,0,0,0,0,0,0,0,1,9,0
00-0022942,Philip Rivers,QB,2011,17,REG,2011_17_SD_OAK,LAC,LV,19,26,310,3,1,0,0,3,-3,0
00-0022984,Ryan Grant,RB,2011,17,REG,2011_17_DET_GB,GB,DET,0,0,0,0,0,0,0,12,48,0
00-0022999,John Kuhn,FB,2011,17,REG,2011_17_DET_GB,GB,DET,0,0,0,0,0,0,0,2,5,0
00-0023060,Chris Kluwe,P,2011,17,REG,2011_17_CHI_MIN,MIN,CHI,0,0,0,0,0,0,0,1,0,0
00-0023436,Alex Smith,QB,2011,17,REG,2011_17_SF_STL,SF,LA,20,30,213,1,0,3,-22,5,4,1
00-0023437,Ronnie Brown,RB,2011,17,REG,2011_17_WAS_PHI,PHI,WAS,0,0,0,0,0,0,0,6,14,0
00-0023439,Cedric Benson,RB,2011,17,REG,2011_17_BAL_CIN,CIN,BAL,0,0,0,0,0,0,0,13,51,0
00-0023440,Cadillac Williams,RB,2011,17,REG,2011_17_SF_STL,LA,SF,0,0,0,0,0,0,0,7,17,1
00-0023496,Vincent Jackson,WR,2011,17,REG,2011_17_SD_OAK,LAC,LV,0,0,0,0,0,0,0,1,41,0
00-0023500,Frank Gore,RB,2011,17,REG,2011_17_SF_STL,SF,LA,0,0,0,0,0,0,0,7,9,0
00-0023541,Kyle Orton,QB,2011,17,REG,2011_17_KC_DEN,KC,DEN,15,29,180,0,0,1,-5,1,-1,0
00-0023545,Brandon Jacobs,RB,2011,17,REG,2011_17_DAL_NYG,NYG,DAL,0,0,0,0,0,0,0,7,16,0
00-0023564,Darren Sproles,RB,2011,17,REG,2011_17_CAR_NO,NO,CAR,0,0,0,0,0,0,0,6,40,0
00-0023578,Dan Orlovsky,QB,2011,17,REG,2011_17_IND_JAX,IND,JAX,27,40,264,1,2,3,-22,1,7,0
00-0023645,Derek Anderson,QB,2011,17,REG,2011_17_CAR_NO,CAR,NO,0,0,0,0,0,0,0,1,-1,0
00-0023682,Ryan Fitzpatrick,QB,2011,17,REG,2011_17_BUF_NE,BUF,NE,29,46,307,2,4,2,-11,5,36,0
00-0024103,Montell Owens,RB,2011,17,REG,2011_17_IND_JAX,JAX,IND,0,0,0,0,0,0,0,1,3,0
00-0024242,DeAngelo Williams,RB,2011,17,REG,2011_17_CAR_NO,CAR,NO,0,0,0,0,0,0,0,7,53,0
00-0024245,Joseph Addai,RB,2011,17,REG,2011_17_IND_JAX,IND,JAX,0,0,0,0,0,0,0,8,19,0
00-0024264,Kellen Clemens,QB,2011,17,REG,2011_17_SF_STL,LA,SF,14,31,226,1,1,3,-26,2,18,1
00-0024275,Maurice Jones-Drew,RB,2011,17,REG,2011_17_IND_JAX,JAX,IND,0,0,0,0,0,0,0,25,169,0
00-0024279,Tarvaris Jackson,QB,2011,17,REG,2011_17_SEA_ARI,SEA,ARI,21,35,222,1,1,4,-31,1,3,0
00-0024294,Jerious Norwood,RB,2011,17,REG,2011_17_SF_STL,LA,SF,0,1,0,0,1,0,0,0,0,0
00-0024332,Leon Washington,RB,2011,17,REG,2011_17_SEA_ARI,SEA,ARI,0,0,0,0,0,0,0,7,78,1
00-0024489,Ahmard Hall,FB,2011,17,REG,2011_17_TEN_HOU,TEN,HOU,0,0,0,0,0,0,0,2,7,0
00-0024559,D.J. Ware,RB,2011,17,REG,2011_17_DAL_NYG,NYG,DAL,0,0,0,0,0,0,0,2,19,0
00-0024813,Pierre Thomas,RB,2011,17,REG,2011_17_CAR_NO,NO,CAR,0,0,0,0,0,0,0,5,30,0
00-0025399,Marshawn Lynch,RB,2011,17,REG,2011_17_SEA_ARI,SEA,ARI,0,0,0,0,0,0,0,19,86,0
00-0025458,Lorenzo Booker,RB,2011,17,REG,2011_17_CHI_MIN,MIN,CHI,0,0,0,0,0,0,0,2,-3,0
00-0025460,Jacoby Jones,WR,2011,17,REG,2011_17_TEN_HOU,HOU,TEN,0,0,0,0,0,0,0,1,4,0
00-0025487,Michael Bush,RB,2011,17,REG,2011_17_SD_OAK,LV,LAC,0,0,0,0,0,0,0,19,66,0
00-0025524,Le'Ron McClain,FB,2011,17,REG,2011_17_KC_DEN,KC,DEN,0,0,0,0,0,0,0,2,4,0
00-0025631,Jason Snelling,FB,2011,17,REG,2011_17_TB_ATL,ATL,TB,0,0,0,0,0,0,0,9,50,0
00-0025637,Ahmad Bradshaw,RB,2011,17,REG,2011_17_DAL_NYG,NYG,DAL,0,0,0,0,0,0,0,16,57,1
00-0025708,Matt Moore,QB,2011,17,REG,2011_17_NYJ_MIA,MIA,NYJ,22,32,135,1,2,1,-7,3,-1,0
00-0025860,BenJarvus Green-Ellis,RB,2011,17,REG,2011_17_BUF_NE,NE,BUF,0,0,0,0,0,0,0,7,22,2
00-0026019,Danny Woodhead,RB,2011,17,REG,2011_17_BUF_NE,NE,BUF,0,0,0,0,0,0,0,1,5,0
00-0026029,Kregg Lumpkin,RB,2011,17,REG,2011_17_TB_ATL,TB,ATL,0,0,0,0,0,0,0,2,0,0
00-0026069,Mike Tolbert,FB,2011,17,REG,2011_17_SD_OAK,LAC,LV,0,0,0,0,0,0,0,9,58,1
00-0026143,Matt Ryan,QB,2011,17,REG,2011_17_TB_ATL,ATL,TB,6,9,106,2,0,0,0,0,0,0
00-0026153,Jonathan Stewart,RB,2011,17,REG,2011_17_CAR_NO,CAR,NO,0,0,0,0,0,0,0,9,79,1
00-0026158,Joe Flacco,QB,2011,17,REG,2011_17_BAL_CIN,BAL,CIN,15,19,130,1,0,1,-4,1,1,0
00-0026162,Felix Jones,RB,2011,17,REG,2011_17_DAL_NYG,DAL,NYG,0,0,0,0,0,0,0,11,30,0
00-0026163,Rashard Mendenhall,RB,2011,17,REG,2011_17_PIT_CLE,PIT,CLE,0,0,0,0,0,0,0,8,38,0
00-0026164,Chris Johnson,RB,2011,17,REG,2011_17_TEN_HOU,TEN,HOU,0,0,0,0,0,0,0,15,61,0
00-0026182,Eddie Royal,WR,2011,17,REG,2011_17_KC_DEN,DEN,KC,0,0,0,0,0,0,0,2,18,0
00-0026195,Ray Rice,RB,2011,17,REG,2011_17_BAL_CIN,BAL,CIN,0,0,0,0,0,0,0,24,191,2
00-0026204,Kevin Smith,RB,2011,17,REG,2011_17_DET_GB,DET,GB,0,0,0,0,0,0,0,9,35,0
00-0026209,Jacob Hester,RB,2011,17,REG,2011_17_SD_OAK,LAC,LV,0,0,0,0,0,0,0,2,5,0
00-0026229,Steve Slaton,RB,2011,17,REG,2011_17_NYJ_MIA,MIA,NYJ,0,0,0,0,0,0,0,11,55,0
00-0026262,Tashard Choice,RB,2011,17,REG,2011_17_BUF_NE,BUF,NE,0,0,0,0,0,0,0,1,4,1
00-0026300,Josh Johnson,QB,2011,17,REG,2011_17_TB_ATL,TB,ATL,0,0,0,0,0,0,0,1,5,0
00-0026349,Matt Flynn,QB,2011,17,REG,2011_17_DET_GB,GB,DET,31,44,480,6,1,3,-11,2,0,0
00-0026367,Peyton Hillis,RB,2011,17,REG,2011_17_PIT_CLE,CLE,PIT,0,0,0,0,0,0,0,10,30,0
00-0026373,Justin Forsett,RB,2011,17,REG,2011_17_SEA_ARI,SEA,ARI,0,0,0,0,0,0,0,6,16,0
00-0026432,Lance Ball,RB,2011,17,REG,2011_17_KC_DEN,DEN,KC,0,0,0,0,0,0,0,9,24,0
00-0026491,Stefan Logan,WR,2011,17,REG,2011_17_DET_GB,DET,GB,0,0,0,0,0,0,0,1,16,0
00-0026498,Matthew Stafford,QB,2011,17,REG,2011_17_DET_GB,DET,GB,36,59,520,5,2,2,-18,0,0,0
00-0026544,Chase Daniel,QB,2011,17,REG,2011_17_CAR_NO,NO,CAR,3,3,20,0,0,0,0,3,-3,0
00-0026566,Isaac Redman,RB,2011,17,REG,2011_17_PIT_CLE,PIT,CLE,0,0,0,0,0,0,0,19,92,1
00-0026579,Kahlil Bell,RB,2011,17,REG,2011_17_CHI_MIN,CHI,MIN,0,0,0,0,0,0,0,17,54,0
00-0026625,Brian Hoyer,QB,2011,17,REG,2011_17_BUF_NE,NE,BUF,1,1,22,0,0,0,0,3,-2,0
00-0026745,Curtis Brinkley,RB,2011,17,REG,2011_17_SD_OAK,LAC,LV,0,0,0,0,0,0,0,16,52,0
00-0026799,Jeremiah Johnson,RB,2011,17,REG,2011_17_KC_DEN,DEN,KC,0,0,0,0,0,0,0,2,13,0
00-0026852,Darrel Young,FB,2011,17,REG,2011_17_WAS_PHI,WAS,PHI,0,0,0,0,0,0,0,1,12,0
00-0026898,Mark Sanchez,QB,2011,17,REG,2011_17_NYJ_MIA,NYJ,MIA,21,32,207,2,3,2,-3,1,2,0
00-0026899,Shonn Greene,RB,2011,17,REG,2011_17_NYJ_MIA,NYJ,MIA,0,0,0,0,0,0,0,14,55,0
00-0026941,Bernard Scott,RB,2011,17,REG,2011_17_BAL_CIN,CIN,BAL,0,0,0,0,0,0,0,6,34,1
00-0026956,LaRod Stephens-Howling,RB,2011,17,REG,2011_17_SEA_ARI,ARI,SEA,0,0,0,0,0,0,0,21,93,0
00-0026986,Michael Crabtree,WR,2011,17,REG,2011_17_SF_STL,SF,LA,0,0,0,0,0,0,0,1,6,0
00-0026993,Josh Freeman,QB,2011,17,REG,2011_17_TB_ATL,TB,ATL,31,45,274,2,3,2,-15,3,14,0
00-0026998,Percy Harvin,WR,2011,17,REG,2011_17_CHI_MIN,MIN,CHI,0,0,0,0,0,0,0,5,13,1
00-0027003,Donald Brown,RB,2011,17,REG,2011_17_IND_JAX,IND,JAX,0,0,0,0,0,0,0,8,24,0
00-0027076,Mike Thomas,WR,2011,17,REG,2011_17_IND_JAX,JAX,IND,0,0,0,0,0,0,0,1,3,0
00-0027089,Louis Murphy,WR,2011,17,REG,2011_17_SD_OAK,LV,LAC,0,0,0,0,0,0,0,1,27,0
00-0027121,Tom Brandstater,QB,2011,17,REG,2011_17_SF_STL,LA,SF,0,2,0,0,0,0,0,0,0,0
00-0027150,Julian Edelman,WR,2011,17,REG,2011_17_BUF_NE,NE,BUF,0,0,0,0,0,0,0,1,6,0
00-0027325,LeGarrette Blount,RB,2011,17,REG,2011_17_TB_ATL,TB,ATL,0,0,0,0,0,0,0,6,12,0
00-0027531,Chris Ivory,RB,2011,17,REG,2011_17_CAR_NO,NO,CAR,0,0,0,0,0,0,0,19,127,1
00-0027651,Dexter McCluster,WR,2011,17,REG,2011_17_KC_DEN,KC,DEN,0,0,0,0,0,0,0,12,61,1
00-0027666,Montario Hardesty,RB,2011,17,REG,2011_17_PIT_CLE,CLE,PIT,0,0,0,0,0,0,0,2,-2,0
00-0027691,Andre Roberts,WR,2011,17,REG,2011_17_SEA_ARI,ARI,SEA,0,0,0,0,0,0,0,1,8,0
00-0027713,Aaron Hernandez,TE,2011,17,REG,2011_17_BUF_NE,NE,BUF,0,0,0,0,0,0,0,2,26,0
00-0027754,John Skelton,QB,2011,17,REG,2011_17_SEA_ARI,ARI,SEA,22,40,271,1,1,2,-14,5,19,0
00-0027772,Anthony Dixon,RB,2011,17,REG,2011_17_SF_STL,SF,LA,0,0,0,0,0,0,0,8,21,1
00-0027779,Deji Karim,RB,2011,17,REG,2011_17_IND_JAX,JAX,IND,0,0,0,0,0,0,0,2,6,0
00-0027796,Joe Webb,QB,2011,17,REG,2011_17_CHI_MIN,MIN,CHI,17,32,200,0,2,1,-3,4,2,0
00-0027861,C.J. Spiller,RB,2011,17,REG,2011_17_BUF_NE,BUF,NE,0,0,0,0,0,0,0,13,60,0
00-0027876,Tim Tebow,QB,2011,17,REG,2011_17_KC_DEN,DEN,KC,6,22,60,0,1,2,-10,6,16,0
00-0027888,Toby Gerhart,RB,2011,17,REG,2011_17_CHI_MIN,MIN,CHI,0,0,0,0,0,0,0,15,67,0
00-0027890,Ben Tate,RB,2011,17,REG,2011_17_TEN_HOU,HOU,TEN,0,0,0,0,0,0,0,16,97,1
00-0027891,Golden Tate,WR,2011,17,REG,2011_17_SEA_ARI,SEA,ARI,0,0,0,0,0,0,0,1,-5,0
00-0027918,Andrew Hawkins,WR,2011,17,REG,2011_17_BAL_CIN,CIN,BAL,0,0,0,0,0,0,0,1,3,0
00-0027939,Cam Newton,QB,2011,17,REG,2011_17_CAR_NO,CAR,NO,15,25,158,1,1,2,-21,6,32,0
00-0027944,Julio Jones,WR,2011,17,REG,2011_17_TB_ATL,ATL,TB,0,0,0,0,0,0,0,1,9,0
00-0027948,Blaine Gabbert,QB,2011,17,REG,2011_17_IND_JAX,JAX,IND,11,19,92,1,0,3,-21,3,-3,0
00-0027950,Christian Ponder,QB,2011,17,REG,2011_17_CHI_MIN,MIN,CHI,4,10,28,0,1,1,-3,0,0,0
00-0027973,Andy Dalton,QB,2011,17,REG,2011_17_BAL_CIN,CIN,BAL,22,44,232,0,0,1,-1,4,17,0
00-0028000,Daniel Thomas,RB,2011,17,REG,2011_17_NYJ_MIA,MIA,NYJ,0,0,0,0,0,0,0,12,28,0
00-0028011,Stevan Ridley,RB,2011,17,REG,2011_17_BUF_NE,NE,BUF,0,0,0,0,0,0,0,15,81,0
00-0028043,Roy Helu,RB,2011,17,REG,2011_17_WAS_PHI,WAS,PHI,0,0,0,0,0,0,0,4,5,0
00-0028053,Kendall Hunter,RB,2011,17,REG,2011_17_SF_STL,SF,LA,0,0,0,0,0,0,0,16,76,0
00-0028057,Delone Carter,RB,2011,17,REG,2011_17_IND_JAX,IND,JAX,0,0,0,0,0,0,0,5,6,0
00-0028068,Jamie Harper,RB,2011,17,REG,2011_17_TEN_HOU,TEN,HOU,0,0,0,0,0,0,0,4,19,0
00-0028074,Anthony Sherman,FB,2011,17,REG,2011_17_SEA_ARI,ARI,SEA,0,0,0,0,0,0,0,1,3,0
00-0028083,Jacquizz Rodgers,RB,2011,17,REG,2011_17_TB_ATL,ATL,TB,0,0,0,0,0,0,0,8,24,1
00-0028086,Denarius Moore,WR,2011,17,REG,2011_17_SD_OAK,LV,LAC,0,0,0,0,0,0,0,1,3,0
00-0028087,Dion Lewis,RB,2011,17,REG,2011_17_WAS_PHI,PHI,WAS,0,0,0,0,0,0,0,12,58,1
00-0028090,T.J. Yates,QB,2011,17,REG,2011_17_TEN_HOU,HOU,TEN,4,4,47,0,0,1,-5,0,0,0
00-0028091,Jeremy Kerley,WR,2011,17,REG,2011_17_NYJ_MIA,NYJ,MIA,1,1,41,0,0,0,0,1,16,0
00-0028115,Evan Royster,RB,2011,17,REG,2011_17_WAS_PHI,WAS,PHI,0,0,0,0,0,0,0,20,113,0
00-0028208,John Clay,RB,2011,17,REG,2011_17_PIT_CLE,PIT,CLE,0,0,0,0,0,0,0,9,31,0
00-0028409,DuJuan Harris,RB,2011,17,REG,2011_17_IND_JAX,JAX,IND,0,0,0,0,0,0,0,3,12,0
00-0028565,Armando Allen,RB,2011,17,REG,2011_17_CHI_MIN,CHI,MIN,0,0,0,0,0,0,0,4,8,0
00-0028574,Mossis Madu,RB,2011,17,REG,2011_17_TB_ATL,TB,ATL,0,0,0,0,0,0,0,2,4,0
00-0028602,Brandon Saine,RB,2011,17,REG,2011_17_DET_GB,GB,DET,0,0,0,0,0,0,0,8,28,0
00-0020531,Drew Brees,QB,2011,18,POST,2011_18_DET_NO,NO,DET,33,43,466,3,0,2,-7,4,-1,0
00-0021999,Nate Burleson,WR,2011,18,POST,2011_18_DET_NO,DET,NO,0,0,0,0,0,0,0,1,2,0
00-0022178,Willis McGahee,RB,2011,18,POST,2011_18_PIT_DEN,DEN,PIT,0,0,0,0,0,0,0,19,61,0
00-0022803,Eli Manning,QB,2011,18,POST,2011_18_ATL_NYG,NYG,ATL,23,32,277,3,0,1,-7,2,13,0
00-0022821,Michael Turner,RB,2011,18,POST,2011_18_ATL_NYG,ATL,NYG,0,0,0,0,0,0,0,15,41,0
00-0022924,Ben Roethlisberger,QB,2011,18,POST,2011_18_PIT_DEN,PIT,DEN,22,40,289,1,1,5,-45,3,15,0
00-0022929,Devery Henderson,WR,2011,18,POST,2011_18_DET_NO,NO,DET,0,0,0,0,0,0,0,1,4,0
00-0023439,Cedric Benson,RB,2011,18,POST,2011_18_CIN_HOU,CIN,HOU,0,0,0,0,0,0,0,7,14,1
00-0023545,Brandon Jacobs,RB,2011,18,POST,2011_18_ATL_NYG,NYG,ATL,0,0,0,0,0,0,0,14,92,0
00-0023564,Darren Sproles,RB,2011,18,POST,2011_18_DET_NO,NO,DET,0,0,0,0,0,0,0,10,51,2
00-0024559,D.J. Ware,RB,2011,18,POST,2011_18_ATL_NYG,NYG,ATL,0,0,0,0,0,0,0,1,4,0
00-0024813,Pierre Thomas,RB,2011,18,POST,2011_18_DET_NO,NO,DET,0,0,0,0,0,0,0,8,66,1
00-0025439,Brian Leonard,RB,2011,18,POST,2011_18_CIN_HOU,CIN,HOU,0,0,0,0,0,0,0,3,34,0
00-0025631,Jason Snelling,FB,2011,18,POST,2011_18_ATL_NYG,ATL,NYG,0,0,0,0,0,0,0,2,7,0
00-0025637,Ahmad Bradshaw,RB,2011,18,POST,2011_18_ATL_NYG,NYG,ATL,0,0,0,0,0,0,0,14,63,0
00-0026143,Matt Ryan,QB,2011,18,POST,2011_18_ATL_NYG,ATL,NYG,24,41,199,0,0,2,-16,3,3,0
00-0026204,Kevin Smith,RB,2011,18,POST,2011_18_DET_NO,DET,NO,0,0,0,0,0,0,0,6,21,0
00-0026432,Lance Ball,RB,2011,18,POST,2011_18_PIT_DEN,DEN,PIT,0,0,0,0,0,0,0,4,11,0
00-0026498,Matthew Stafford,QB,2011,18,POST,2011_18_DET_NO,DET,NO,28,43,380,3,2,0,0,2,1,1
00-0026566,Isaac Redman,RB,2011,18,POST,2011_18_PIT_DEN,PIT,DEN,0,0,0,0,0,0,0,17,121,0
00-0026796,Arian Foster,RB,2011,18,POST,2011_18_CIN_HOU,HOU,CIN,0,0,0,0,0,0,0,24,153,2
00-0026901,Mike Wallace,WR,2011,18,POST,2011_18_PIT_DEN,PIT,DEN,0,0,0,0,0,0,0,1,1,1
00-0026941,Bernard Scott,RB,2011,18,POST,2011_18_CIN_HOU,CIN,HOU,0,0,0,0,0,0,0,6,11,0
00-0027109,James Casey,TE,2011,18,POST,2011_18_CIN_HOU,HOU,CIN,0,0,0,0,0,0,0,1,0,0
00-0027531,Chris Ivory,RB,2011,18,POST,2011_18_DET_NO,NO,DET,0,0,0,0,0,0,0,13,47,0
00-0027690,Eric Decker,WR,2011,18,POST,2011_18_PIT_DEN,DEN,PIT,0,0,0,0,0,0,0,1,9,0
00-0027793,Antonio Brown,WR,2011,18,POST,2011_18_PIT_DEN,PIT,DEN,0,0,0,0,0,0,0,1,18,0
00-0027876,Tim Tebow,QB,2011,18,POST,2011_18_PIT_DEN,DEN,PIT,10,21,316,2,0,0,0,10,50,1
00-0027890,Ben Tate,RB,2011,18,POST,2011_18_CIN_HOU,HOU,CIN,0,0,0,0,0,0,0,9,37,0
00-0027944,Julio Jones,WR,2011,18,POST,2011_18_ATL_NYG,ATL,NYG,0,0,0,0,0,0,0,1,13,0
00-0027973,Andy Dalton,QB,2011,18,POST,2011_18_CIN_HOU,CIN,HOU,27,42,257,0,3,4,-33,3,17,0
00-0027982,Titus Young,WR,2011,18,POST,2011_18_DET_NO,DET,NO,0,0,0,0,0,0,0,1,8,0
00-0028090,T.J. Yates,QB,2011,18,POST,2011_18_CIN_HOU,HOU,CIN,11,20,159,1,0,2,-7,1,-2,0
00-0028208,John Clay,RB,2011,18,POST,2011_18_PIT_DEN,PIT,DEN,0,0,0,0,0,0,0,1,1,0
00-0017915,Ricky Williams,RB,2011,19,POST,2011_19_HOU_BAL,BAL,HOU,0,0,0,0,0,0,0,6,27,0
00-0019596,Tom Brady,QB,2011,19,POST,2011_19_DEN_NE,NE,DEN,26,34,363,6,1,0,0,3,8,0
00-0020531,Drew Brees,QB,2011,19,POST,2011_19_NO_SF,NO,SF,40,63,462,4,2,3,-27,1,5,0
00-0022178,Willis McGahee,RB,2011,19,POST,2011_19_DEN_NE,DEN,NE,0,0,0,0,0,0,0,17,76,1
00-0022397,Vonta Leach,FB,2011,19,POST,2011_19_HOU_BAL,BAL,HOU,0,0,0,0,0,0,0,2,1,0
00-0022405,Lousaka Polite,FB,2011,19,POST,2011_19_DEN_NE,NE,DEN,0,0,0,0,0,0,0,1,3,0
00-0022803,Eli Manning,QB,2011,19,POST,2011_19_NYG_GB,NYG,GB,21,33,330,3,1,1,-5,4,10,0
00-0022984,Ryan Grant,RB,2011,19,POST,2011_19_NYG_GB,GB,NYG,0,0,0,0,0,0,0,8,33,0
00-0022999,John Kuhn,FB,2011,19,POST,2011_19_NYG_GB,GB,NYG,0,0,0,0,0,0,0,1,2,0
00-0023436,Alex Smith,QB,2011,19,POST,2011_19_NO_SF,SF,NO,24,42,299,3,0,4,-35,1,28,1
00-0023459,Aaron Rodgers,QB,2011,19,POST,2011_19_NYG_GB,GB,NYG,26,46,264,2,1,4,-23,7,66,0
00-0023500,Frank Gore,RB,2011,19,POST,2011_19_NO_SF,SF,NO,0,0,0,0,0,0,0,13,89,0
00-0023545,Brandon Jacobs,RB,2011,19,POST,2011_19_NYG_GB,NYG,GB,0,0,0,0,0,0,0,9,22,1
00-0023564,Darren Sproles,RB,2011,19,POST,2011_19_NO_SF,NO,SF,0,0,0,0,0,0,0,3,3,0
00-0024559,D.J. Ware,RB,2011,19,POST,2011_19_NYG_GB,NYG,GB,0,0,0,0,0,0,0,2,0,0
00-0024813,Pierre Thomas,RB,2011,19,POST,2011_19_NO_SF,NO,SF,0,0,0,0,0,0,0,1,6,0
00-0025396,Ted Ginn,WR,2011,19,POST,2011_19_NO_SF,SF,NO,0,0,0,0,0,0,0,1,3,0
00-0025637,Ahmad Bradshaw,RB,2011,19,POST,2011_19_NYG_GB,NYG,GB,0,0,0,0,0,0,0,12,63,0
00-0025860,BenJarvus Green-Ellis,RB,2011,19,POST,2011_19_DEN_NE,NE,DEN,0,0,0,0,0,0,0,13,28,0
00-0026019,Danny Woodhead,RB,2011,19,POST,2011_19_DEN_NE,NE,DEN,0,0,0,0,0,0,0,4,25,0
00-0026158,Joe Flacco,QB,2011,19,POST,2011_19_HOU_BAL,BAL,HOU,14,27,176,2,0,5,-36,2,-1,0
00-0026182,Eddie Royal,WR,2011,19,POST,2011_19_DEN_NE,DEN,NE,0,0,0,0,0,0,0,1,1,0
00-0026195,Ray Rice,RB,2011,19,POST,2011_19_HOU_BAL,BAL,HOU,0,0,0,0,0,0,0,21,60,0
00-0026432,Lance Ball,RB,2011,19,POST,2011_19_DEN_NE,DEN,NE,0,0,0,0,0,0,0,13,44,0
00-0026796,Arian Foster,RB,2011,19,POST,2011_19_HOU_BAL,HOU,BAL,0,0,0,0,0,0,0,27,132,1
00-0026799,Jeremiah Johnson,RB,2011,19,POST,2011_19_DEN_NE,DEN,NE,0,0,0,0,0,0,0,4,10,0
00-0027531,Chris Ivory,RB,2011,19,POST,2011_19_NO_SF,NO,SF,0,0,0,0,0,0,0,9,23,0
00-0027713,Aaron Hernandez,TE,2011,19,POST,2011_19_DEN_NE,NE,DEN,0,0,0,0,0,0,0,5,61,0
00-0027772,Anthony Dixon,RB,2011,19,POST,2011_19_NO_SF,SF,NO,0,0,0,0,0,0,0,1,0,0
00-0027791,James Starks,RB,2011,19,POST,2011_19_NYG_GB,GB,NYG,0,0,0,0,0,0,0,6,43,0
00-0027876,Tim Tebow,QB,2011,19,POST,2011_19_DEN_NE,DEN,NE,9,26,136,0,0,5,-28,5,13,0
00-0028011,Stevan Ridley,RB,2011,19,POST,2011_19_DEN_NE,NE,DEN,0,0,0,0,0,0,0,4,21,0
00-0028053,Kendall Hunter,RB,2011,19,POST,2011_19_NO_SF,SF,NO,0,0,0,0,0,0,0,6,23,0
00-0028090,T.J. Yates,QB,2011,19,POST,2011_19_HOU_BAL,HOU,BAL,17,35,184,0,3,0,0,1,-1,0
00-0028602,Brandon Saine,RB,2011,19,POST,2011_19_NYG_GB,GB,NYG,0,0,0,0,0,0,0,1,3,0
00-0017915,Ricky Williams,RB,2011,20,POST,2011_20_BAL_NE,BAL,NE,0,0,0,0,0,0,0,6,22,0
00-0019596,Tom Brady,QB,2011,20,POST,2011_20_BAL_NE,NE,BAL,22,36,239,0,2,1,-5,6,2,1
00-0022803,Eli Manning,QB,2011,20,POST,2011_20_NYG_SF,NYG,SF,32,58,316,2,0,6,-49,1,-2,0
00-0023436,Alex Smith,QB,2011,20,POST,2011_20_NYG_SF,SF,NYG,12,26,196,2,0,3,-18,6,42,0
00-0023500,Frank Gore,RB,2011,20,POST,2011_20_NYG_SF,SF,NYG,0,0,0,0,0,0,0,16,74,0
00-0023545,Brandon Jacobs,RB,2011,20,POST,2011_20_NYG_SF,NYG,SF,0,0,0,0,0,0,0,5,13,0
00-0025637,Ahmad Bradshaw,RB,2011,20,POST,2011_20_NYG_SF,NYG,SF,0,0,0,0,0,0,0,20,74,0
00-0025860,BenJarvus Green-Ellis,RB,2011,20,POST,2011_20_BAL_NE,NE,BAL,0,0,0,0,0,0,0,15,68,1
00-0026019,Danny Woodhead,RB,2011,20,POST,2011_20_BAL_NE,NE,BAL,0,0,0,0,0,0,0,6,18,0
00-0026158,Joe Flacco,QB,2011,20,POST,2011_20_BAL_NE,BAL,NE,22,36,306,2,1,3,-24,4,27,0
00-0026195,Ray Rice,RB,2011,20,POST,2011_20_BAL_NE,BAL,NE,0,0,0,0,0,0,0,21,67,0
00-0027150,Julian Edelman,WR,2011,20,POST,2011_20_BAL_NE,NE,BAL,0,0,0,0,0,0,0,1,-1,0
00-0027713,Aaron Hernandez,TE,2011,20,POST,2011_20_BAL_NE,NE,BAL,0,0,0,0,0,0,0,3,9,0
00-0027772,Anthony Dixon,RB,2011,20,POST,2011_20_NYG_SF,SF,NYG,0,0,0,0,0,0,0,2,3,0
00-0028053,Kendall Hunter,RB,2011,20,POST,2011_20_NYG_SF,SF,NYG,0,0,0,0,0,0,0,4,31,0
00-0019596,Tom Brady,QB,2011,21,POST,2011_21_NYG_NE,NE,NYG,27,41,276,2,1,2,-10,0,0,0
00-0022427,Wes Welker,WR,2011,21,POST,2011_21_NYG_NE,NE,NYG,0,0,0,0,0,0,0,2,21,0
00-0022803,Eli Manning,QB,2011,21,POST,2011_21_NYG_NE,NYG,NE,30,40,296,1,0,3,-14,1,-1,0
00-0023545,Brandon Jacobs,RB,2011,21,POST,2011_21_NYG_NE,NYG,NE,0,0,0,0,0,0,0,9,37,0
00-0024559,D.J. Ware,RB,2011,21,POST,2011_21_NYG_NE,NYG,NE,0,0,0,0,0,0,0,1,6,0
00-0025637,Ahmad Bradshaw,RB,2011,21,POST,2011_21_NYG_NE,NYG,NE,0,0,0,0,0,0,0,17,72,1
00-0025860,BenJarvus Green-Ellis,RB,2011,21,POST,2011_21_NYG_NE,NE,NYG,0,0,0,0,0,0,0,10,44,0
00-0026019,Danny Woodhead,RB,2011,21,POST,2011_21_NYG_NE,NE,NYG,0,0,0,0,0,0,0,7,18,0
