player_id,player_display_name,position,season,week,season_type,game_id,team,opponent_team,completions,attempts,passing_yards,passing_tds,passing_interceptions,sacks_suffered,sack_yards_lost,carries,rushing_yards,rushing_tds,rushing_first_downs,rushing_fumbles_lost,receptions,targets,receiving_yards,receiving_tds,receiving_first_downs,receiving_fumbles_lost,fg_made,fg_att,fg_long,fg_made_0_19,fg_made_20_29,fg_made_30_39,fg_made_40_49,fg_made_50_59,fg_made_60_,pat_made,pat_att,pt_att,pt_yards,pt_net_yards,pt_long,pt_inside_20
00-0023459,Aaron Rodgers,QB,2024,1,REG,2024_01_NYJ_SF,NYJ,SF,13,21,167,1,1,1,-5,1,-1,0,0,0,0,0,0,0,0,0,0,0,,0,0,0,0,0,0,0,0,0,0,0,,0
00-0023853,Matt Prater,K,2024,1,REG,2024_01_ARI_BUF,ARI,BUF,0,0,0,0,0,0,0,0,0,0,0,0,0,0,0,0,0,0,2,2,31,0,1,1,0,0,0,2,2,0,0,0,,0
00-0025565,Nick Folk,K,2024,1,REG,2024_01_TEN_CHI,TEN,CHI,0,0,0,0,0,0,0,0,0,0,0,0,0,0,0,0,0,0,1,1,40,0,0,0,1,0,0,2,2,0,0,0,,0
00-0026498,Matthew Stafford,QB,2024,1,REG,2024_01_LA_DET,LA,DET,34,49,317,1,1,2,-13,0,0,0,0,0,0,0,0,0,0,0,0,0,,0,0,0,0,0,0,0,0,0,0,0,,0
00-0026858,Graham Gano,K,2024,1,REG,2024_01_MIN_NYG,NYG,MIN,0,0,0,0,0,0,0,0,0,0,0,0,0,0,0,0,0,0,2,2,50,0,1,0,0,1,0,0,0,0,0,0,,0
00-0027114,Thomas Morstead,P,2024,1,REG,2024_01_NYJ_SF,NYJ,SF,0,0,0,0,0,0,0,0,0,0,0,0,0,0,0,0,0,0,0,0,,0,0,0,0,0,0,0,0,3,160,145,60,2
00-0027973,Andy Dalton,QB,2024,1,REG,2024_01_CAR_NO,CAR,NO,0,1,0,0,0,0,0,0,0,0,0,0,0,0,0,0,0,0,0,0,,0,0,0,0,0,0,0,0,0,0,0,,0
00-0028118,Tyrod Taylor,QB,2024,1,REG,2024_01_NYJ_SF,NYJ,SF,6,8,36,1,0,0,0,1,7,0,0,0,0,0,0,0,0,0,0,0,,0,0,0,0,0,0,0,0,0,0,0,,0
00-0028872,Johnny Hekker,P,2024,1,REG,2024_01_CAR_NO,CAR,NO,0,0,0,0,0,0,0,0,0,0,0,0,0,0,0,0,0,0,0,0,,0,0,0,0,0,0,0,0,5,191,131,53,0
00-0029597,Justin Tucker,K,2024,1,REG,2024_01_BAL_KC,BAL,KC,0,0,0,0,0,0,0,0,0,0,0,0,0,0,0,0,0,0,2,3,32,0,1,1,0,0,0,2,2,0,0,0,,0
00-0029604,Kirk Cousins,QB,2024,1,REG,2024_01_PIT_ATL,ATL,PIT,16,26,155,1,2,2,-18,1,0,0,0,0,0,0,0,0,0,0,0,0,,0,0,0,0,0,0,0,0,0,0,0,,0
00-0029621,Greg Zuerlein,K,2024,1,REG,2024_01_NYJ_SF,NYJ,SF,0,0,0,0,0,0,0,0,0,0,0,0,0,0,0,0,0,0,0,0,,0,0,0,0,0,0,1,1,0,0,0,,0
00-0029692,Bryan Anger,P,2024,1,REG,2024_01_DAL_CLE,DAL,CLE,0,0,0,0,0,0,0,0,0,0,0,0,0,0,0,0,0,0,0,0,,0,0,0,0,0,0,0,0,6,294,222,59,0
00-0029892,Kyle Juszczyk,FB,2024,1,REG,2024_01_NYJ_SF,SF,NYJ,0,0,0,0,0,0,0,0,0,0,0,0,2,3,40,0,1,0,0,0,,0,0,0,0,0,0,0,0,0,0,0,,0
00-0030035,Adam Thielen,WR,2024,1,REG,2024_01_CAR_NO,CAR,NO,0,0,0,0,0,0,0,0,0,0,0,0,3,4,49,0,2,0,0,0,,0,0,0,0,0,0,0,0,0,0,0,,0
00-0030061,Zach Ertz,TE,2024,1,REG,2024_01_WAS_TB,WAS,TB,0,0,0,0,0,0,0,0,0,0,0,0,3,4,28,0,1,0,0,0,,0,0,0,0,0,0,0,0,0,0,0,,0
00-0030092,Sam Martin,P,2024,1,REG,2024_01_ARI_BUF,BUF,ARI,0,0,0,0,0,0,0,0,0,0,0,0,0,0,0,0,0,0,0,0,,0,0,0,0,0,0,0,0,2,85,79,51,1
00-0030098,Dustin Hopkins,K,2024,1,REG,2024_01_DAL_CLE,CLE,DAL,0,0,0,0,0,0,0,0,0,0,0,0,0,0,0,0,0,0,1,1,51,0,0,0,0,1,0,2,2,0,0,0,,0
00-0030140,Tress Way,P,2024,1,REG,2024_01_WAS_TB,WAS,TB,0,0,0,0,0,0,0,0,0,0,0,0,0,0,0,0,0,0,0,0,,0,0,0,0,0,0,0,0,3,139,124,54,1
00-0030279,Keenan Allen,WR,2024,1,REG,2024_01_TEN_CHI,CHI,TEN,0,0,0,0,0,0,0,0,0,0,0,0,4,11,29,0,2,0,0,0,,0,0,0,0,0,0,0,0,0,0,0,,0
00-0030506,Travis Kelce,TE,2024,1,REG,2024_01_BAL_KC,KC,BAL,0,0,0,0,0,0,0,0,0,0,0,0,3,4,34,0,2,0,0,0,,0,0,0,0,0,0,0,0,0,0,0,,0
00-0030564,DeAndre Hopkins,WR,2024,1,REG,2024_01_TEN_CHI,TEN,CHI,0,0,0,0,0,0,0,0,0,0,0,0,1,1,8,0,0,0,0,0,,0,0,0,0,0,0,0,0,0,0,0,,0
00-0030565,Geno Smith,QB,2024,1,REG,2024_01_DEN_SEA,SEA,DEN,18,25,171,1,1,2,-13,4,30,1,1,0,0,0,0,0,0,0,0,0,,0,0,0,0,0,0,0,0,0,0,0,,0
00-0030578,Cordarrelle Patterson,RB,2024,1,REG,2024_01_PIT_ATL,PIT,ATL,0,0,0,0,0,0,0,4,13,0,0,0,0,0,0,0,0,0,0,0,,0,0,0,0,0,0,0,0,0,0,0,,0
00-0031136,Chris Boswell,K,2024,1,REG,2024_01_PIT_ATL,PIT,ATL,0,0,0,0,0,0,0,0,0,0,0,0,0,0,0,0,0,0,6,6,57,0,1,0,2,3,0,0,0,1,43,43,43,0
00-0031203,Cairo Santos,K,2024,1,REG,2024_01_TEN_CHI,CHI,TEN,0,0,0,0,0,0,0,0,0,0,0,0,0,0,0,0,0,0,3,3,50,0,1,0,1,1,0,1,1,0,0,0,,0
00-0031236,Brandin Cooks,WR,2024,1,REG,2024_01_DAL_CLE,DAL,CLE,0,0,0,0,0,0,0,1,5,0,0,0,4,7,40,1,2,0,0,0,,0,0,0,0,0,0,0,0,0,0,0,,0
00-0031280,Derek Carr,QB,2024,1,REG,2024_01_CAR_NO,NO,CAR,19,23,200,3,0,1,-1,2,13,0,1,0,0,0,0,0,0,0,0,0,,0,0,0,0,0,0,0,0,0,0,0,,0
00-0031299,Jordan Matthews,TE,2024,1,REG,2024_01_CAR_NO,CAR,NO,0,0,0,0,0,0,0,0,0,0,0,0,0,1,0,0,0,0,0,0,,0,0,0,0,0,0,0,0,0,0,0,,0
00-0031381,Davante Adams,WR,2024,1,REG,2024_01_LV_LAC,LV,LAC,0,0,0,0,0,0,0,0,0,0,0,0,5,6,59,0,3,0,0,0,,0,0,0,0,0,0,0,0,0,0,0,,0
00-0031408,Mike Evans,WR,2024,1,REG,2024_01_WAS_TB,TB,WAS,0,0,0,0,0,0,0,0,0,0,0,0,5,6,61,2,4,0,0,0,,0,0,0,0,0,0,0,0,0,0,0,,0
00-0031492,Jason Myers,K,2024,1,REG,2024_01_DEN_SEA,SEA,DEN,0,0,0,0,0,0,0,0,0,0,0,0,0,0,0,0,0,0,2,2,50,0,1,0,0,1,0,2,2,0,0,0,,0
00-0031544,Amari Cooper,WR,2024,1,REG,2024_01_DAL_CLE,CLE,DAL,0,0,0,0,0,0,0,0,0,0,0,0,2,9,16,0,2,0,0,0,,0,0,0,0,0,0,0,0,0,0,0,,0
00-0031549,Nelson Agholor,WR,2024,1,REG,2024_01_BAL_KC,BAL,KC,0,0,0,0,0,0,0,0,0,0,0,0,1,1,6,0,0,0,0,0,,0,0,0,0,0,0,0,0,0,0,0,,0
00-0031585,MyCole Pruitt,TE,2024,1,REG,2024_01_PIT_ATL,PIT,ATL,0,0,0,0,0,0,0,0,0,0,0,0,1,2,9,0,0,0,0,0,,0,0,0,0,0,0,0,0,0,0,0,,0
00-0031588,Stefon Diggs,WR,2024,1,REG,2024_01_HOU_IND,HOU,IND,0,0,0,0,0,0,0,1,6,0,0,0,6,6,33,2,3,0,0,0,,0,0,0,0,0,0,0,0,0,0,0,,0
00-0031595,Michael Burton,FB,2024,1,REG,2024_01_DEN_SEA,DEN,SEA,0,0,0,0,0,0,0,0,0,0,0,0,1,1,3,0,0,0,0,0,,0,0,0,0,0,0,0,0,0,0,0,,0
00-0031687,Raheem Mostert,RB,2024,1,REG,2024_01_JAX_MIA,MIA,JAX,0,0,0,0,0,0,0,6,9,0,0,0,2,3,10,0,1,0,0,0,,0,0,0,0,0,0,0,0,0,0,0,,0
00-0031763,DeAndre Carter,WR,2024,1,REG,2024_01_TEN_CHI,CHI,TEN,0,0,0,0,0,0,0,0,0,0,0,0,1,2,6,0,0,0,0,0,,0,0,0,0,0,0,0,0,0,0,0,,0
00-0031941,Jamison Crowder,WR,2024,1,REG,2024_01_WAS_TB,WAS,TB,0,0,0,0,0,0,0,0,0,0,0,0,1,1,5,0,0,0,0,0,,0,0,0,0,0,0,0,0,0,0,0,,0
00-0032065,Bradley Pinion,P,2024,1,REG,2024_01_PIT_ATL,ATL,PIT,0,0,0,0,0,0,0,0,0,0,0,0,0,0,0,0,0,0,0,0,,0,0,0,0,0,0,0,0,4,210,163,59,0
00-0032211,Tyler Lockett,WR,2024,1,REG,2024_01_DEN_SEA,SEA,DEN,0,0,0,0,0,0,0,0,0,0,0,0,6,7,77,0,5,0,0,0,,0,0,0,0,0,0,0,0,0,0,0,,0
00-0032392,Austin Hooper,TE,2024,1,REG,2024_01_NE_CIN,NE,CIN,0,0,0,0,0,0,0,0,0,0,0,0,2,4,31,0,2,0,0,0,,0,0,0,0,0,0,0,0,0,0,0,,0
00-0032394,Nick Vannett,TE,2024,1,REG,2024_01_TEN_CHI,TEN,CHI,0,0,0,0,0,0,0,0,0,0,0,0,2,2,11,0,0,0,0,0,,0,0,0,0,0,0,0,0,0,0,0,,0
00-0032434,Brandon Allen,QB,2024,1,REG,2024_01_NYJ_SF,SF,NYJ,0,0,0,0,0,0,0,1,-1,0,0,0,0,0,0,0,0,0,0,0,,0,0,0,0,0,0,0,0,0,0,0,,0
00-0032464,Kalif Raymond,WR,2024,1,REG,2024_01_LA_DET,DET,LA,0,0,0,0,0,0,0,1,12,0,1,0,0,0,0,0,0,0,0,0,,0,0,0,0,0,0,0,0,0,0,0,,0
00-0032569,Wil Lutz,K,2024,1,REG,2024_01_DEN_SEA,DEN,SEA,0,0,0,0,0,0,0,0,0,0,0,0,0,0,0,0,0,0,3,3,45,0,0,2,1,0,0,1,1,0,0,0,,0
00-0032726,Ka'imi Fairbairn,K,2024,1,REG,2024_01_HOU_IND,HOU,IND,0,0,0,0,0,0,0,0,0,0,0,0,0,0,0,0,0,0,3,3,51,0,0,0,0,3,0,2,2,0,0,0,,0
00-0032764,Derrick Henry,RB,2024,1,REG,2024_01_BAL_KC,BAL,KC,0,0,0,0,0,0,0,13,46,1,5,0,0,2,0,0,0,0,0,0,,0,0,0,0,0,0,0,0,0,0,0,,0
00-0032775,Demarcus Robinson,WR,2024,1,REG,2024_01_LA_DET,LA,DET,0,0,0,0,0,0,0,0,0,0,0,0,4,7,42,0,3,0,0,0,,0,0,0,0,0,0,0,0,0,0,0,,0
00-0032918,C.J. Ham,FB,2024,1,REG,2024_01_MIN_NYG,MIN,NYG,0,0,0,0,0,0,0,0,0,0,0,0,2,2,11,0,0,1,0,0,,0,0,0,0,0,0,0,0,0,0,0,,0
00-0032943,Riley Dixon,P,2024,1,REG,2024_01_DEN_SEA,DEN,SEA,0,0,0,0,0,0,0,0,0,0,0,0,0,0,0,0,0,0,0,0,,0,0,0,0,0,0,0,0,8,389,369,65,4
00-0033009,Tyler Boyd,WR,2024,1,REG,2024_01_TEN_CHI,TEN,CHI,0,0,0,0,0,0,0,0,0,0,0,0,3,5,18,0,2,0,0,0,,0,0,0,0,0,0,0,0,0,0,0,,0
00-0033040,Tyreek Hill,WR,2024,1,REG,2024_01_JAX_MIA,MIA,JAX,0,0,0,0,0,0,0,0,0,0,0,0,7,12,130,1,4,0,0,0,,0,0,0,0,0,0,0,0,0,0,0,,0
00-0033045,Ezekiel Elliott,RB,2024,1,REG,2024_01_DAL_CLE,DAL,CLE,0,0,0,0,0,0,0,10,40,1,2,0,2,2,9,0,1,0,0,0,,0,0,0,0,0,0,0,0,0,0,0,,0
00-0033077,Dak Prescott,QB,2024,1,REG,2024_01_DAL_CLE,DAL,CLE,19,32,179,1,0,3,-16,1,3,0,1,0,0,0,0,0,0,0,0,0,,0,0,0,0,0,0,0,0,0,0,0,,0
00-0033090,Hunter Henry,TE,2024,1,REG,2024_01_NE_CIN,NE,CIN,0,0,0,0,0,0,0,0,0,0,0,0,2,3,18,0,1,0,0,0,,0,0,0,0,0,0,0,0,0,0,0,,0
00-0033106,Jared Goff,QB,2024,1,REG,2024_01_LA_DET,DET,LA,18,28,217,1,1,2,-17,1,7,0,1,0,0,0,0,0,0,0,0,0,,0,0,0,0,0,0,0,0,0,0,0,,0
00-0033119,Jacoby Brissett,QB,2024,1,REG,2024_01_NE_CIN,NE,CIN,15,24,121,0,0,1,-1,7,32,0,3,0,0,0,0,0,0,0,0,0,,0,0,0,0,0,0,0,0,0,0,0,,0
00-0033217,Mo Alie-Cox,TE,2024,1,REG,2024_01_HOU_IND,IND,HOU,0,0,0,0,0,0,0,0,0,0,0,0,0,1,0,0,0,0,0,0,,0,0,0,0,0,0,0,0,0,0,0,,0
00-0033246,Johnny Mundt,TE,2024,1,REG,2024_01_MIN_NYG,MIN,NYG,0,0,0,0,0,0,0,0,0,0,0,0,2,3,15,0,0,0,0,0,,0,0,0,0,0,0,0,0,0,0,0,,0
00-0033269,Rigoberto Sanchez,P,2024,1,REG,2024_01_HOU_IND,IND,HOU,0,0,0,0,0,0,0,0,0,0,0,0,0,0,0,0,0,0,0,0,,0,0,0,0,0,0,0,0,3,152,152,58,3
00-0033282,Curtis Samuel,WR,2024,1,REG,2024_01_ARI_BUF,BUF,ARI,0,0,0,0,0,0,0,0,0,0,0,0,2,2,15,0,0,0,0,0,,0,0,0,0,0,0,0,0,0,0,0,,0
00-0033288,George Kittle,TE,2024,1,REG,2024_01_NYJ_SF,SF,NYJ,0,0,0,0,0,0,0,0,0,0,0,0,4,5,40,0,1,0,0,0,,0,0,0,0,0,0,0,0,0,0,0,,0
00-0033293,Aaron Jones,RB,2024,1,REG,2024_01_MIN_NYG,MIN,NYG,0,0,0,0,0,0,0,14,94,1,6,0,2,2,15,0,0,0,0,0,,0,0,0,0,0,0,0,0,0,0,0,,0
00-0033303,Harrison Butker,K,2024,1,REG,2024_01_BAL_KC,KC,BAL,0,0,0,0,0,0,0,0,0,0,0,0,0,0,0,0,0,0,2,2,32,0,0,2,0,0,0,3,3,0,0,0,,0
00-0033357,Taysom Hill,TE,2024,1,REG,2024_01_CAR_NO,NO,CAR,0,0,0,0,0,0,0,5,35,0,4,0,1,2,1,0,0,0,0,0,,0,0,0,0,0,0,0,0,0,0,0,,0
00-0033526,Samaje Perine,RB,2024,1,REG,2024_01_BAL_KC,KC,BAL,0,0,0,0,0,0,0,0,0,0,0,0,1,2,10,0,1,0,0,0,,0,0,0,0,0,0,0,0,0,0,0,,0
00-0033537,Deshaun Watson,QB,2024,1,REG,2024_01_DAL_CLE,CLE,DAL,24,45,169,1,2,6,-32,5,39,0,2,0,0,0,0,0,0,0,0,0,,0,0,0,0,0,0,0,0,0,0,0,,0
00-0033553,James Conner,RB,2024,1,REG,2024_01_ARI_BUF,ARI,BUF,0,0,0,0,0,0,0,16,50,1,3,0,3,4,33,0,1,0,0,0,,0,0,0,0,0,0,0,0,0,0,0,,0
00-0033555,Mack Hollins,WR,2024,1,REG,2024_01_ARI_BUF,BUF,ARI,0,0,0,0,0,0,0,0,0,0,0,0,2,2,25,1,2,0,0,0,,0,0,0,0,0,0,0,0,0,0,0,,0
00-0033576,Eric Saubert,TE,2024,1,REG,2024_01_NYJ_SF,SF,NYJ,0,0,0,0,0,0,0,0,0,0,0,0,0,1,0,0,0,0,0,0,,0,0,0,0,0,0,0,0,0,0,0,,0
00-0033589,David Moore,WR,2024,1,REG,2024_01_CAR_NO,CAR,NO,0,0,0,0,0,0,0,0,0,0,0,0,1,3,14,0,0,0,0,0,,0,0,0,0,0,0,0,0,0,0,0,,0
00-0033662,Cooper Rush,QB,2024,1,REG,2024_01_DAL_CLE,DAL,CLE,0,0,0,0,0,0,0,1,-1,0,0,0,0,0,0,0,0,0,0,0,,0,0,0,0,0,0,0,0,0,0,0,,0
00-0033699,Austin Ekeler,RB,2024,1,REG,2024_01_WAS_TB,WAS,TB,0,0,0,0,0,0,0,2,10,0,1,0,4,4,52,0,2,0,0,0,,0,0,0,0,0,0,0,0,0,0,0,,0
00-0033702,Younghoe Koo,K,2024,1,REG,2024_01_PIT_ATL,ATL,PIT,0,0,0,0,0,0,0,0,0,0,0,0,0,0,0,0,0,0,1,1,24,0,1,0,0,0,0,1,1,0,0,0,,0
00-0033729,Cameron Johnston,P,2024,1,REG,2024_01_PIT_ATL,PIT,ATL,0,0,0,0,0,0,0,0,0,0,0,0,0,0,0,0,0,0,0,0,,0,0,0,0,0,0,0,0,2,103,75,58,1
00-0033787,Jake Elliott,K,2024,1,REG,2024_01_GB_PHI,PHI,GB,0,0,0,0,0,0,0,0,0,0,0,0,0,0,0,0,0,0,2,2,38,0,1,1,0,0,0,4,4,0,0,0,,0
00-0033854,Dare Ogunbowale,RB,2024,1,REG,2024_01_HOU_IND,HOU,IND,0,0,0,0,0,0,0,0,0,0,0,0,1,1,3,0,0,0,0,0,,0,0,0,0,0,0,0,0,0,0,0,,0
00-0033857,JuJu Smith-Schuster,WR,2024,1,REG,2024_01_BAL_KC,KC,BAL,0,0,0,0,0,0,0,0,0,0,0,0,0,1,0,0,0,0,0,0,,0,0,0,0,0,0,0,0,0,0,0,,0
00-0033858,Jonnu Smith,TE,2024,1,REG,2024_01_JAX_MIA,MIA,JAX,0,0,0,0,0,0,0,0,0,0,0,0,1,2,7,0,0,0,0,0,,0,0,0,0,0,0,0,0,0,0,0,,0
00-0033873,Patrick Mahomes,QB,2024,1,REG,2024_01_BAL_KC,KC,BAL,20,28,291,1,1,2,-10,2,3,0,1,0,1,1,2,0,0,0,0,0,,0,0,0,0,0,0,0,0,0,0,0,,0
00-0033881,Evan Engram,TE,2024,1,REG,2024_01_JAX_MIA,JAX,MIA,0,0,0,0,0,0,0,0,0,0,0,0,1,4,5,0,0,0,0,0,,0,0,0,0,0,0,0,0,0,0,0,,0
00-0033885,David Njoku,TE,2024,1,REG,2024_01_DAL_CLE,CLE,DAL,0,0,0,0,0,0,0,0,0,0,0,0,4,5,44,0,1,0,0,0,,0,0,0,0,0,0,0,0,0,0,0,,0
00-0033895,Gerald Everett,TE,2024,1,REG,2024_01_TEN_CHI,CHI,TEN,0,0,0,0,0,0,0,0,0,0,0,0,1,1,-1,0,0,0,0,0,,0,0,0,0,0,0,0,0,0,0,0,,0
00-0033897,Joe Mixon,RB,2024,1,REG,2024_01_HOU_IND,HOU,IND,0,0,0,0,0,0,0,30,159,1,9,0,3,3,19,0,1,0,0,0,,0,0,0,0,0,0,0,0,0,0,0,,0
00-0033906,Alvin Kamara,RB,2024,1,REG,2024_01_CAR_NO,NO,CAR,0,0,0,0,0,0,0,15,83,1,5,0,5,5,27,0,0,0,0,0,,0,0,0,0,0,0,0,0,0,0,0,,0
00-0033908,Cooper Kupp,WR,2024,1,REG,2024_01_LA_DET,LA,DET,0,0,0,0,0,0,0,2,10,0,1,0,14,21,110,1,6,0,0,0,,0,0,0,0,0,0,0,0,0,0,0,,0
00-0033921,Chris Godwin Jr.,WR,2024,1,REG,2024_01_WAS_TB,TB,WAS,0,0,0,0,0,0,0,0,0,0,0,0,8,8,83,1,7,0,0,0,,0,0,0,0,0,0,0,0,0,0,0,,0
00-0033943,Josh Reynolds,WR,2024,1,REG,2024_01_DEN_SEA,DEN,SEA,0,0,0,0,0,0,0,0,0,0,0,0,5,8,45,0,3,0,0,0,,0,0,0,0,0,0,0,0,0,0,0,,0
00-0033948,Jamaal Williams,RB,2024,1,REG,2024_01_CAR_NO,NO,CAR,0,0,0,0,0,0,0,11,38,1,3,0,1,1,13,0,1,0,0,0,,0,0,0,0,0,0,0,0,0,0,0,,0
00-0034115,Jeff Wilson,RB,2024,1,REG,2024_01_JAX_MIA,MIA,JAX,0,0,0,0,0,0,0,5,26,0,1,0,0,0,0,0,0,0,0,0,,0,0,0,0,0,0,0,0,0,0,0,,0
00-0034159,Will Dissly,TE,2024,1,REG,2024_01_LV_LAC,LAC,LV,0,0,0,0,0,0,0,0,0,0,0,0,1,1,13,0,1,0,0,0,,0,0,0,0,0,0,0,0,0,0,0,,0
00-0034160,Michael Dickson,P,2024,1,REG,2024_01_DEN_SEA,SEA,DEN,0,0,0,0,0,0,0,0,0,0,0,0,0,0,0,0,0,0,0,0,,0,0,0,0,0,0,0,0,5,241,194,52,0
00-0034161,Daniel Carlson,K,2024,1,REG,2024_01_LV_LAC,LV,LAC,0,0,0,0,0,0,0,0,0,0,0,0,0,0,0,0,0,0,1,2,32,0,0,1,0,0,0,1,1,0,0,0,,0
00-0034162,J.K. Scott,P,2024,1,REG,2024_01_LV_LAC,LAC,LV,0,0,0,0,0,0,0,0,0,0,0,0,0,0,0,0,0,0,0,0,,0,0,0,0,0,0,0,0,7,332,264,56,1
00-0034173,Eddy Pineiro,K,2024,1,REG,2024_01_CAR_NO,CAR,NO,0,0,0,0,0,0,0,0,0,0,0,0,0,0,0,0,0,0,1,1,43,0,0,0,1,0,0,1,1,0,0,0,,0
00-0034184,Gus Edwards,RB,2024,1,REG,2024_01_LV_LAC,LAC,LV,0,0,0,0,0,0,0,11,26,0,1,0,1,1,2,0,0,0,0,0,,0,0,0,0,0,0,0,0,0,0,0,,0
00-0034208,Mike Boone,RB,2024,1,REG,2024_01_CAR_NO,CAR,NO,0,0,0,0,0,0,0,4,7,0,0,0,0,0,0,0,0,0,0,0,,0,0,0,0,0,0,0,0,0,0,0,,0
00-0034270,Tyler Conklin,TE,2024,1,REG,2024_01_NYJ_SF,NYJ,SF,0,0,0,0,0,0,0,0,0,0,0,0,1,2,6,0,0,0,0,0,,0,0,0,0,0,0,0,0,0,0,0,,0
00-0034272,Marquez Valdes-Scantling,WR,2024,1,REG,2024_01_ARI_BUF,BUF,ARI,0,0,0,0,0,0,0,0,0,0,0,0,1,2,19,0,1,0,0,0,,0,0,0,0,0,0,0,0,0,0,0,,0
00-0034348,Courtland Sutton,WR,2024,1,REG,2024_01_DEN_SEA,DEN,SEA,0,0,0,0,0,0,0,0,0,0,0,0,4,12,38,0,2,0,0,0,,0,0,0,0,0,0,0,0,0,0,0,,0
00-0034351,Dallas Goedert,TE,2024,1,REG,2024_01_GB_PHI,PHI,GB,0,0,0,0,0,0,0,0,0,0,0,0,4,5,31,0,1,0,0,0,,0,0,0,0,0,0,0,0,0,0,0,,0
00-0034364,Jordan Akins,TE,2024,1,REG,2024_01_DAL_CLE,CLE,DAL,0,0,0,0,0,0,0,0,0,0,0,0,3,4,27,0,1,0,0,0,,0,0,0,0,0,0,0,0,0,0,0,,0
00-0034383,Dalton Schultz,TE,2024,1,REG,2024_01_HOU_IND,HOU,IND,0,0,0,0,0,0,0,0,0,0,0,0,3,3,16,0,0,0,0,0,,0,0,0,0,0,0,0,0,0,0,0,,0
00-0034386,Justin Watson,WR,2024,1,REG,2024_01_BAL_KC,KC,BAL,0,0,0,0,0,0,0,0,0,0,0,0,1,1,25,0,1,0,0,0,,0,0,0,0,0,0,0,0,0,0,0,,0
00-0034407,Ray-Ray McCloud,WR,2024,1,REG,2024_01_PIT_ATL,ATL,PIT,0,0,0,0,0,0,0,0,0,0,0,0,4,7,52,0,2,0,0,0,,0,0,0,0,0,0,0,0,0,0,0,,0
00-0034419,Braxton Berrios,WR,2024,1,REG,2024_01_JAX_MIA,MIA,JAX,0,0,0,0,0,0,0,0,0,0,0,0,0,2,0,0,0,0,0,0,,0,0,0,0,0,0,0,0,0,0,0,,0
00-0034437,Logan Cooke,P,2024,1,REG,2024_01_JAX_MIA,JAX,MIA,0,0,0,0,0,0,0,0,0,0,0,0,0,0,0,0,0,0,0,0,,0,0,0,0,0,0,0,0,6,311,298,67,3
00-0034521,Allen Lazard,WR,2024,1,REG,2024_01_NYJ_SF,NYJ,SF,0,0,0,0,0,0,0,0,0,0,0,0,6,9,89,2,6,0,0,0,,0,0,0,0,0,0,0,0,0,0,0,,0
00-0034613,Tanner Hudson,TE,2024,1,REG,2024_01_NE_CIN,CIN,NE,0,0,0,0,0,0,0,0,0,0,0,0,2,3,18,0,0,1,0,0,,0,0,0,0,0,0,0,0,0,0,0,,0
00-0034721,Corey Bojorquez,P,2024,1,REG,2024_01_DAL_CLE,CLE,DAL,0,0,0,0,0,0,0,0,0,0,0,0,0,0,0,0,0,0,0,0,,0,0,0,0,0,0,0,0,7,357,261,62,1
00-0034753,Mark Andrews,TE,2024,1,REG,2024_01_BAL_KC,BAL,KC,0,0,0,0,0,0,0,0,0,0,0,0,2,2,14,0,1,0,0,0,,0,0,0,0,0,0,0,0,0,0,0,,0
00-0034775,Christian Kirk,WR,2024,1,REG,2024_01_JAX_MIA,JAX,MIA,0,0,0,0,0,0,0,0,0,0,0,0,1,4,30,0,1,0,0,0,,0,0,0,0,0,0,0,0,0,0,0,,0
00-0034794,Jason Sanders,K,2024,1,REG,2024_01_JAX_MIA,MIA,JAX,0,0,0,0,0,0,0,0,0,0,0,0,0,0,0,0,0,0,2,3,52,0,0,1,0,1,0,2,2,0,0,0,,0
00-0034796,Lamar Jackson,QB,2024,1,REG,2024_01_BAL_KC,BAL,KC,26,41,273,1,0,1,-6,16,122,0,7,0,0,0,0,0,0,0,0,0,,0,0,0,0,0,0,0,0,0,0,0,,0
00-0034798,Durham Smythe,TE,2024,1,REG,2024_01_JAX_MIA,MIA,JAX,0,0,0,0,0,0,0,0,0,0,0,0,0,3,0,0,0,0,0,0,,0,0,0,0,0,0,0,0,0,0,0,,0
00-0034827,DJ Moore,WR,2024,1,REG,2024_01_TEN_CHI,CHI,TEN,0,0,0,0,0,0,0,1,14,0,1,0,5,8,36,0,2,0,0,0,,0,0,0,0,0,0,0,0,0,0,0,,0
00-0034829,Mike Gesicki,TE,2024,1,REG,2024_01_NE_CIN,CIN,NE,0,0,0,0,0,0,0,0,0,0,0,0,3,4,18,0,0,0,0,0,,0,0,0,0,0,0,0,0,0,0,0,,0
00-0034830,Hayden Hurst,TE,2024,1,REG,2024_01_LV_LAC,LAC,LV,0,0,0,0,0,0,0,0,0,0,0,0,2,3,33,0,1,0,0,0,,0,0,0,0,0,0,0,0,0,0,0,,0
00-0034837,Calvin Ridley,WR,2024,1,REG,2024_01_TEN_CHI,TEN,CHI,0,0,0,0,0,0,0,0,0,0,0,0,3,7,50,0,2,0,0,0,,0,0,0,0,0,0,0,0,0,0,0,,0
00-0034844,Saquon Barkley,RB,2024,1,REG,2024_01_GB_PHI,PHI,GB,0,0,0,0,0,0,0,24,109,2,6,0,2,2,23,1,1,0,0,0,,0,0,0,0,0,0,0,0,0,0,0,,0
00-0034855,Baker Mayfield,QB,2024,1,REG,2024_01_WAS_TB,TB,WAS,24,30,289,4,0,1,-9,3,21,0,1,0,0,0,0,0,0,0,0,0,,0,0,0,0,0,0,0,0,0,0,0,,0
00-0034857,Josh Allen,QB,2024,1,REG,2024_01_ARI_BUF,BUF,ARI,18,23,232,2,0,2,-10,9,39,2,4,0,0,0,0,0,0,0,0,0,,0,0,0,0,0,0,0,0,0,0,0,,0
00-0034869,Sam Darnold,QB,2024,1,REG,2024_01_MIN_NYG,MIN,NYG,19,24,208,2,1,1,-7,3,3,0,1,0,0,0,0,0,0,0,0,0,,0,0,0,0,0,0,0,0,0,0,0,,0
00-0034941,Mitch Wishnowsky,P,2024,1,REG,2024_01_NYJ_SF,SF,NYJ,0,0,0,0,0,0,0,0,0,0,0,0,0,0,0,0,0,0,0,0,,0,0,0,0,0,0,0,0,1,58,54,58,0
00-0034960,Jakobi Meyers,WR,2024,1,REG,2024_01_LV_LAC,LV,LAC,0,0,0,0,0,0,0,1,3,0,0,0,3,3,61,0,2,0,0,0,,0,0,0,0,0,0,0,0,0,0,0,,0
00-0034972,Alexander Mattison,RB,2024,1,REG,2024_01_LV_LAC,LV,LAC,0,0,0,0,0,0,0,5,19,0,0,0,4,6,43,1,2,0,0,0,,0,0,0,0,0,0,0,0,0,0,0,,0
00-0034975,Justice Hill,RB,2024,1,REG,2024_01_BAL_KC,BAL,KC,0,0,0,0,0,0,0,1,3,0,1,0,6,8,52,0,2,0,0,0,,0,0,0,0,0,0,0,0,0,0,0,,0
00-0034981,Foster Moreau,TE,2024,1,REG,2024_01_CAR_NO,NO,CAR,0,0,0,0,0,0,0,0,0,0,0,0,4,4,43,1,2,0,0,0,,0,0,0,0,0,0,0,0,0,0,0,,0
00-0035021,Ashton Dulin,WR,2024,1,REG,2024_01_HOU_IND,IND,HOU,0,0,0,0,0,0,0,0,0,0,0,0,1,1,54,1,1,0,0,0,,0,0,0,0,0,0,0,0,0,0,0,,0
00-0035042,Jamie Gillan,P,2024,1,REG,2024_01_MIN_NYG,NYG,MIN,0,0,0,0,0,0,0,0,0,0,0,0,0,0,0,0,0,0,0,0,,0,0,0,0,0,0,0,0,6,277,277,54,4
00-0035125,Alec Ingold,FB,2024,1,REG,2024_01_JAX_MIA,MIA,JAX,0,0,0,0,0,0,0,2,8,0,2,0,0,1,0,0,0,0,0,0,,0,0,0,0,0,0,0,0,0,0,0,,0
00-0035156,Jack Fox,P,2024,1,REG,2024_01_LA_DET,DET,LA,0,0,0,0,0,0,0,0,0,0,0,0,0,0,0,0,0,0,0,0,,0,0,0,0,0,0,0,0,4,230,190,67,2
00-0035190,AJ Cole,P,2024,1,REG,2024_01_LV_LAC,LV,LAC,0,0,0,0,0,0,0,0,0,0,0,0,0,0,0,0,0,0,0,0,,0,0,0,0,0,0,0,0,5,265,236,62,3
00-0035192,Joey Slye,K,2024,1,REG,2024_01_NE_CIN,NE,CIN,0,0,0,0,0,0,0,0,0,0,0,0,0,0,0,0,0,0,3,3,37,0,0,3,0,0,0,1,1,0,0,0,,0
00-0035208,Olamide Zaccheaus,WR,2024,1,REG,2024_01_WAS_TB,WAS,TB,0,0,0,0,0,0,0,0,0,0,0,0,1,3,15,0,1,0,0,0,,0,0,0,0,0,0,0,0,0,0,0,,0
00-0035216,Diontae Johnson,WR,2024,1,REG,2024_01_CAR_NO,CAR,NO,0,0,0,0,0,0,0,0,0,0,0,0,2,6,19,0,2,0,0,0,,0,0,0,0,0,0,0,0,0,0,0,,0
00-0035228,Kyler Murray,QB,2024,1,REG,2024_01_ARI_BUF,ARI,BUF,21,31,162,1,0,4,-16,5,57,0,3,0,0,0,0,0,0,0,0,0,,0,0,0,0,0,0,0,0,0,0,0,,0
00-0035243,Miles Sanders,RB,2024,1,REG,2024_01_CAR_NO,CAR,NO,0,0,0,0,0,0,0,5,22,0,0,0,0,2,0,0,0,0,0,0,,0,0,0,0,0,0,0,0,0,0,0,,0
00-0035249,Josh Oliver,TE,2024,1,REG,2024_01_MIN_NYG,MIN,NYG,0,0,0,0,0,0,0,0,0,0,0,0,2,2,27,0,1,0,0,0,,0,0,0,0,0,0,0,0,0,0,0,,0
00-0035250,Devin Singletary,RB,2024,1,REG,2024_01_MIN_NYG,NYG,MIN,0,0,0,0,0,0,0,10,37,0,1,0,4,5,15,0,1,0,0,0,,0,0,0,0,0,0,0,0,0,0,0,,0
00-0035261,Tony Pollard,RB,2024,1,REG,2024_01_TEN_CHI,TEN,CHI,0,0,0,0,0,0,0,16,82,1,5,0,3,4,12,0,0,0,0,0,,0,0,0,0,0,0,0,0,0,0,0,,0
00-0035280,Jake Bailey,P,2024,1,REG,2024_01_JAX_MIA,MIA,JAX,0,0,0,0,0,0,0,0,0,0,0,0,0,0,0,0,0,0,0,0,,0,0,0,0,0,0,0,0,4,198,195,57,3
00-0035289,Gardner Minshew,QB,2024,1,REG,2024_01_LV_LAC,LV,LAC,25,33,257,1,1,4,-32,3,5,0,0,0,0,0,0,0,0,0,0,0,,0,0,0,0,0,0,0,0,0,0,0,,0
00-0035311,Myles Gaskin,RB,2024,1,REG,2024_01_MIN_NYG,MIN,NYG,0,0,0,0,0,0,0,1,-3,0,0,0,0,0,0,0,0,0,0,0,,0,0,0,0,0,0,0,0,0,0,0,,0
00-0035341,Trenton Irwin,WR,2024,1,REG,2024_01_NE_CIN,CIN,NE,0,0,0,0,0,0,0,0,0,0,0,0,1,2,6,0,1,0,0,0,,0,0,0,0,0,0,0,0,0,0,0,,0
00-0035358,Chase McLaughlin,K,2024,1,REG,2024_01_WAS_TB,TB,WAS,0,0,0,0,0,0,0,0,0,0,0,0,0,0,0,0,0,0,3,3,56,0,1,1,0,1,0,4,4,0,0,0,,0
00-0035406,Lil'Jordan Humphrey,WR,2024,1,REG,2024_01_DEN_SEA,DEN,SEA,0,0,0,0,0,0,0,0,0,0,0,0,0,1,0,0,0,0,0,0,,0,0,0,0,0,0,0,0,0,0,0,,0
00-0035500,Greg Dortch,WR,2024,1,REG,2024_01_ARI_BUF,ARI,BUF,0,0,0,0,0,0,0,1,4,0,0,0,6,8,47,0,4,0,0,0,,0,0,0,0,0,0,0,0,0,0,0,,0
00-0035535,Darius Slayton,WR,2024,1,REG,2024_01_MIN_NYG,NYG,MIN,0,0,0,0,0,0,0,0,0,0,0,0,3,4,26,0,2,0,0,0,,0,0,0,0,0,0,0,0,0,0,0,,0
00-0035537,Ty Johnson,RB,2024,1,REG,2024_01_ARI_BUF,BUF,ARI,0,0,0,0,0,0,0,2,7,0,0,0,0,1,0,0,0,0,0,0,,0,0,0,0,0,0,0,0,0,0,0,,0
00-0035594,Travis Homer,RB,2024,1,REG,2024_01_TEN_CHI,CHI,TEN,0,0,0,0,0,0,0,2,10,0,1,0,0,0,0,0,0,0,0,0,,0,0,0,0,0,0,0,0,0,0,0,,0
00-0035640,DK Metcalf,WR,2024,1,REG,2024_01_DEN_SEA,SEA,DEN,0,0,0,0,0,0,0,0,0,0,0,0,3,4,29,0,2,0,0,0,,0,0,0,0,0,0,0,0,0,0,0,,0
00-0035644,Noah Fant,TE,2024,1,REG,2024_01_DEN_SEA,SEA,DEN,0,0,0,0,0,0,0,0,0,0,0,0,2,4,11,0,0,0,0,0,,0,0,0,0,0,0,0,0,0,0,0,,0
00-0035659,Terry McLaurin,WR,2024,1,REG,2024_01_WAS_TB,WAS,TB,0,0,0,0,0,0,0,0,0,0,0,0,2,4,17,0,1,0,0,0,,0,0,0,0,0,0,0,0,0,0,0,,0
00-0035676,A.J. Brown,WR,2024,1,REG,2024_01_GB_PHI,PHI,GB,0,0,0,0,0,0,0,0,0,0,0,0,5,10,119,1,5,0,0,0,,0,0,0,0,0,0,0,0,0,0,0,,0
00-0035685,David Montgomery,RB,2024,1,REG,2024_01_LA_DET,DET,LA,0,0,0,0,0,0,0,17,91,1,6,0,1,1,2,0,0,0,0,0,,0,0,0,0,0,0,0,0,0,0,0,,0
00-0035689,Dawson Knox,TE,2024,1,REG,2024_01_ARI_BUF,BUF,ARI,0,0,0,0,0,0,0,0,0,0,0,0,1,2,23,0,1,0,0,0,,0,0,0,0,0,0,0,0,0,0,0,,0
00-0035700,Josh Jacobs,RB,2024,1,REG,2024_01_GB_PHI,GB,PHI,0,0,0,0,0,0,0,16,84,0,4,0,2,3,20,0,1,0,0,0,,0,0,0,0,0,0,0,0,0,0,0,,0
00-0035710,Daniel Jones,QB,2024,1,REG,2024_01_MIN_NYG,NYG,MIN,22,42,186,0,2,5,-20,6,15,0,2,0,0,0,0,0,0,0,0,0,,0,0,0,0,0,0,0,0,0,0,0,,0
00-0035719,Deebo Samuel Sr.,WR,2024,1,REG,2024_01_NYJ_SF,SF,NYJ,0,0,0,0,0,1,-4,8,23,1,1,0,5,9,54,0,3,0,0,0,,0,0,0,0,0,0,0,0,0,0,0,,0
00-0035859,Blake Gillikin,P,2024,1,REG,2024_01_ARI_BUF,ARI,BUF,0,0,0,0,0,0,0,0,0,0,0,0,0,0,0,0,0,0,0,0,,0,0,0,0,0,0,0,0,2,78,71,50,0
00-0035889,Tommy Townsend,P,2024,1,REG,2024_01_HOU_IND,HOU,IND,0,0,0,0,0,0,0,0,0,0,0,0,0,0,0,0,0,0,0,0,,0,0,0,0,0,0,0,0,1,56,56,56,0
00-0036040,Juwan Johnson,TE,2024,1,REG,2024_01_CAR_NO,NO,CAR,0,0,0,0,0,0,0,0,0,0,0,0,2,3,26,1,1,0,0,0,,0,0,0,0,0,0,0,0,0,0,0,,0
00-0036139,Rico Dowdle,RB,2024,1,REG,2024_01_DAL_CLE,DAL,CLE,0,0,0,0,0,0,0,8,26,0,2,0,1,1,6,0,0,0,0,0,,0,0,0,0,0,0,0,0,0,0,0,,0
00-0036158,J.K. Dobbins,RB,2024,1,REG,2024_01_LV_LAC,LAC,LV,0,0,0,0,0,0,0,10,135,1,4,0,3,3,4,0,0,0,0,0,,0,0,0,0,0,0,0,0,0,0,0,,0
00-0036162,Tyler Bass,K,2024,1,REG,2024_01_ARI_BUF,BUF,ARI,0,0,0,0,0,0,0,0,0,0,0,0,0,0,0,0,0,0,2,2,39,0,0,2,0,0,0,4,4,0,0,0,,0
00-0036196,Gabe Davis,WR,2024,1,REG,2024_01_JAX_MIA,JAX,MIA,0,0,0,0,0,0,0,0,0,0,0,0,3,3,62,0,3,0,0,0,,0,0,0,0,0,0,0,0,0,0,0,,0
00-0036212,Tua Tagovailoa,QB,2024,1,REG,2024_01_JAX_MIA,MIA,JAX,23,37,338,1,0,3,-19,1,11,0,1,0,0,0,0,0,0,0,0,0,,0,0,0,0,0,0,0,0,0,0,0,,0
00-0036223,Jonathan Taylor,RB,2024,1,REG,2024_01_HOU_IND,IND,HOU,0,0,0,0,0,0,0,16,48,1,4,0,0,0,0,0,0,0,0,0,,0,0,0,0,0,0,0,0,0,0,0,,0
00-0036244,Colby Parkinson,TE,2024,1,REG,2024_01_LA_DET,LA,DET,0,0,0,0,0,0,0,0,0,0,0,0,4,5,47,0,3,0,0,0,,0,0,0,0,0,0,0,0,0,0,0,,0
00-0036251,Zack Moss,RB,2024,1,REG,2024_01_NE_CIN,CIN,NE,0,0,0,0,0,0,0,9,44,1,4,0,2,4,17,0,1,0,0,0,,0,0,0,0,0,0,0,0,0,0,0,,0
00-0036252,Michael Pittman,WR,2024,1,REG,2024_01_HOU_IND,IND,HOU,0,0,0,0,0,0,0,0,0,0,0,0,4,8,31,0,1,0,0,0,,0,0,0,0,0,0,0,0,0,0,0,,0
00-0036259,Jauan Jennings,WR,2024,1,REG,2024_01_NYJ_SF,SF,NYJ,0,0,0,0,0,0,0,0,0,0,0,0,5,5,64,0,4,0,0,0,,0,0,0,0,0,0,0,0,0,0,0,,0
00-0036261,Brandon Aiyuk,WR,2024,1,REG,2024_01_NYJ_SF,SF,NYJ,0,0,0,0,0,0,0,0,0,0,0,0,2,5,28,0,2,0,0,0,,0,0,0,0,0,0,0,0,0,0,0,,0
00-0036264,Jordan Love,QB,2024,1,REG,2024_01_GB_PHI,GB,PHI,17,34,260,2,1,1,-5,0,0,0,0,0,0,0,0,0,0,0,0,0,,0,0,0,0,0,0,0,0,0,0,0,,0
00-0036268,Laviska Shenault Jr.,WR,2024,1,REG,2024_01_DEN_SEA,SEA,DEN,0,0,0,0,0,0,0,1,1,0,0,0,1,1,0,0,0,0,0,0,,0,0,0,0,0,0,0,0,0,0,0,,0
00-0036275,D'Andre Swift,RB,2024,1,REG,2024_01_TEN_CHI,CHI,TEN,0,0,0,0,0,0,0,10,30,0,1,0,0,1,0,0,0,0,0,0,,0,0,0,0,0,0,0,0,0,0,0,,0
00-0036290,Cole Kmet,TE,2024,1,REG,2024_01_TEN_CHI,CHI,TEN,0,0,0,0,0,0,0,0,0,0,0,0,1,1,4,0,0,0,0,0,,0,0,0,0,0,0,0,0,0,0,0,,0
00-0036309,Darnell Mooney,WR,2024,1,REG,2024_01_PIT_ATL,ATL,PIT,0,0,0,0,0,0,0,0,0,0,0,0,1,3,15,0,1,0,0,0,,0,0,0,0,0,0,0,0,0,0,0,,0
00-0036313,Braden Mann,P,2024,1,REG,2024_01_GB_PHI,PHI,GB,0,0,0,0,0,0,0,0,0,0,0,0,0,0,0,0,0,0,0,0,,0,0,0,0,0,0,0,0,2,101,101,54,1
00-0036322,Justin Jefferson,WR,2024,1,REG,2024_01_MIN_NYG,MIN,NYG,0,0,0,0,0,0,0,0,0,0,0,0,4,6,59,1,2,0,0,0,,0,0,0,0,0,0,0,0,0,0,0,,0
00-0036328,Antonio Gibson,RB,2024,1,REG,2024_01_NE_CIN,NE,CIN,0,0,0,0,0,0,0,7,18,0,0,0,0,0,0,0,0,0,0,0,,0,0,0,0,0,0,0,0,0,0,0,,0
00-0036331,Devin Duvernay,WR,2024,1,REG,2024_01_JAX_MIA,JAX,MIA,0,0,0,0,0,0,0,1,3,0,1,0,0,0,0,0,0,0,0,0,,0,0,0,0,0,0,0,0,0,0,0,,0
00-0036345,K.J. Osborn,WR,2024,1,REG,2024_01_NE_CIN,NE,CIN,0,0,0,0,0,0,0,0,0,0,0,0,3,6,21,0,1,0,0,0,,0,0,0,0,0,0,0,0,0,0,0,,0
00-0036355,Justin Herbert,QB,2024,1,REG,2024_01_LV_LAC,LAC,LV,17,26,144,1,0,1,-4,4,6,0,0,0,0,0,0,0,0,0,0,0,,0,0,0,0,0,0,0,0,0,0,0,,0
00-0036358,CeeDee Lamb,WR,2024,1,REG,2024_01_DAL_CLE,DAL,CLE,0,0,0,0,0,0,0,3,25,0,2,0,5,10,61,0,2,0,0,0,,0,0,0,0,0,0,0,0,0,0,0,,0
00-0036389,Jalen Hurts,QB,2024,1,REG,2024_01_GB_PHI,PHI,GB,20,34,278,2,2,2,-12,13,33,0,2,1,0,0,0,0,0,0,0,0,,0,0,0,0,0,0,0,0,0,0,0,,0
00-0036407,Jerry Jeudy,WR,2024,1,REG,2024_01_DAL_CLE,CLE,DAL,0,0,0,0,0,0,0,0,0,0,0,0,3,8,25,1,2,0,0,0,,0,0,0,0,0,0,0,0,0,0,0,,0
00-0036415,Van Jefferson,WR,2024,1,REG,2024_01_PIT_ATL,PIT,ATL,0,0,0,0,0,0,0,0,0,0,0,0,1,2,1,0,0,0,0,0,,0,0,0,0,0,0,0,0,0,0,0,,0
00-0036422,Adam Trautman,TE,2024,1,REG,2024_01_DEN_SEA,DEN,SEA,0,0,0,0,0,0,0,0,0,0,0,0,0,1,0,0,0,0,0,0,,0,0,0,0,0,0,0,0,0,0,0,,0
00-0036427,Tyler Johnson,WR,2024,1,REG,2024_01_LA_DET,LA,DET,0,0,0,0,0,0,0,0,0,0,0,0,5,7,79,0,2,0,0,0,,0,0,0,0,0,0,0,0,0,0,0,,0
00-0036429,Charlie Woerner,TE,2024,1,REG,2024_01_PIT_ATL,ATL,PIT,0,0,0,0,0,0,0,0,0,0,0,0,1,2,4,0,0,0,0,0,,0,0,0,0,0,0,0,0,0,0,0,,0
00-0036442,Joe Burrow,QB,2024,1,REG,2024_01_NE_CIN,CIN,NE,21,29,164,0,0,3,-10,4,15,0,1,0,0,0,0,0,0,0,0,0,,0,0,0,0,0,0,0,0,0,0,0,,0
00-0036527,DJ Turner,WR,2024,1,REG,2024_01_LV_LAC,LV,LAC,0,0,0,0,0,0,0,0,0,0,0,0,1,1,9,0,0,0,0,0,,0,0,0,0,0,0,0,0,0,0,0,,0
00-0036550,Rashod Bateman,WR,2024,1,REG,2024_01_BAL_KC,BAL,KC,0,0,0,0,0,0,0,0,0,0,0,0,2,5,53,0,2,0,0,0,,0,0,0,0,0,0,0,0,0,0,0,,0
00-0036554,Nico Collins,WR,2024,1,REG,2024_01_HOU_IND,HOU,IND,0,0,0,0,0,0,0,0,0,0,0,0,6,8,117,0,6,0,0,0,,0,0,0,0,0,0,0,0,0,0,0,,0
00-0036555,Chuba Hubbard,RB,2024,1,REG,2024_01_CAR_NO,CAR,NO,0,0,0,0,0,0,0,6,14,0,1,0,0,0,0,0,0,0,0,0,,0,0,0,0,0,0,0,0,0,0,0,,0
00-0036556,Brevin Jordan,TE,2024,1,REG,2024_01_HOU_IND,HOU,IND,0,0,0,0,0,0,0,0,0,0,0,0,1,2,3,0,1,0,0,0,,0,0,0,0,0,0,0,0,0,0,0,,0
00-0036613,Jaylen Waddle,WR,2024,1,REG,2024_01_JAX_MIA,MIA,JAX,0,0,0,0,0,0,0,1,3,0,0,0,5,5,109,0,4,0,0,0,,0,0,0,0,0,0,0,0,0,0,0,,0
00-0036628,John Bates,TE,2024,1,REG,2024_01_WAS_TB,WAS,TB,0,0,0,0,0,0,0,0,0,0,0,0,0,1,0,0,0,0,0,0,,0,0,0,0,0,0,0,0,0,0,0,,0
00-0036637,Noah Gray,TE,2024,1,REG,2024_01_BAL_KC,KC,BAL,0,0,0,0,0,0,0,0,0,0,0,0,3,3,37,0,2,0,0,0,,0,0,0,0,0,0,0,0,0,0,0,,0
00-0036754,Brock Wright,TE,2024,1,REG,2024_01_LA_DET,DET,LA,0,0,0,0,0,0,0,0,0,0,0,0,1,1,2,0,0,0,0,0,,0,0,0,0,0,0,0,0,0,0,0,,0
00-0036854,Evan McPherson,K,2024,1,REG,2024_01_NE_CIN,CIN,NE,0,0,0,0,0,0,0,0,0,0,0,0,0,0,0,0,0,0,1,1,51,0,0,0,0,1,0,1,1,0,0,0,,0
00-0036875,Rhamondre Stevenson,RB,2024,1,REG,2024_01_NE_CIN,NE,CIN,0,0,0,0,0,0,0,25,120,1,8,0,3,3,6,0,0,0,0,0,,0,0,0,0,0,0,0,0,0,0,0,,0
00-0036876,Kylen Granson,TE,2024,1,REG,2024_01_HOU_IND,IND,HOU,0,0,0,0,0,0,0,0,0,0,0,0,0,1,0,0,0,0,0,0,,0,0,0,0,0,0,0,0,0,0,0,,0
00-0036893,Najee Harris,RB,2024,1,REG,2024_01_PIT_ATL,PIT,ATL,0,0,0,0,0,0,0,20,70,0,3,0,1,2,9,0,0,0,0,0,,0,0,0,0,0,0,0,0,0,0,0,,0
00-0036894,Pat Freiermuth,TE,2024,1,REG,2024_01_PIT_ATL,PIT,ATL,0,0,0,0,0,0,0,0,0,0,0,0,4,4,27,0,2,0,0,0,,0,0,0,0,0,0,0,0,0,0,0,,0
00-0036900,Ja'Marr Chase,WR,2024,1,REG,2024_01_NE_CIN,CIN,NE,0,0,0,0,0,0,0,0,0,0,0,0,6,6,62,0,3,0,0,0,,0,0,0,0,0,0,0,0,0,0,0,,0
00-0036906,Khalil Herbert,RB,2024,1,REG,2024_01_TEN_CHI,CHI,TEN,0,0,0,0,0,0,0,2,4,0,1,0,0,0,0,0,0,0,0,0,,0,0,0,0,0,0,0,0,0,0,0,,0
00-0036912,DeVonta Smith,WR,2024,1,REG,2024_01_GB_PHI,PHI,GB,0,0,0,0,0,0,0,0,0,0,0,0,7,8,84,0,5,0,0,0,,0,0,0,0,0,0,0,0,0,0,0,,0
00-0036919,Kenny Gainwell,RB,2024,1,REG,2024_01_GB_PHI,PHI,GB,0,0,0,0,0,0,0,1,2,0,0,0,1,1,10,0,1,0,0,0,,0,0,0,0,0,0,0,0,0,0,0,,0
00-0036928,Kyle Trask,QB,2024,1,REG,2024_01_WAS_TB,TB,WAS,0,0,0,0,0,0,0,2,-2,0,0,0,0,0,0,0,0,0,0,0,,0,0,0,0,0,0,0,0,0,0,0,,0
00-0036945,Justin Fields,QB,2024,1,REG,2024_01_PIT_ATL,PIT,ATL,17,23,156,0,0,2,-23,14,57,0,5,0,0,0,0,0,0,0,0,0,,0,0,0,0,0,0,0,0,0,0,0,,0
00-0036963,Amon-Ra St. Brown,WR,2024,1,REG,2024_01_LA_DET,DET,LA,0,0,0,0,0,0,0,0,0,0,0,0,3,6,13,0,0,0,0,0,,0,0,0,0,0,0,0,0,0,0,0,,0
00-0036970,Kyle Pitts,TE,2024,1,REG,2024_01_PIT_ATL,ATL,PIT,0,0,0,0,0,0,0,0,0,0,0,0,3,3,26,1,1,0,0,0,,0,0,0,0,0,0,0,0,0,0,0,,0
00-0036971,Trevor Lawrence,QB,2024,1,REG,2024_01_JAX_MIA,JAX,MIA,12,21,162,1,0,3,-23,1,8,0,1,0,0,0,0,0,0,0,0,0,,0,0,0,0,0,0,0,0,0,0,0,,0
00-0036973,Travis Etienne,RB,2024,1,REG,2024_01_JAX_MIA,JAX,MIA,0,0,0,0,0,0,0,12,44,1,3,1,2,3,15,0,1,0,0,0,,0,0,0,0,0,0,0,0,0,0,0,,0
00-0036980,Elijah Moore,WR,2024,1,REG,2024_01_DAL_CLE,CLE,DAL,0,0,0,0,0,0,0,0,0,0,0,0,3,6,9,0,1,0,0,0,,0,0,0,0,0,0,0,0,0,0,0,,0
00-0036988,Josh Palmer,WR,2024,1,REG,2024_01_LV_LAC,LAC,LV,0,0,0,0,0,0,0,0,0,0,0,0,2,4,15,0,1,0,0,0,,0,0,0,0,0,0,0,0,0,0,0,,0
00-0036997,Javonte Williams,RB,2024,1,REG,2024_01_DEN_SEA,DEN,SEA,0,0,0,0,0,0,0,8,23,0,1,0,1,2,0,0,0,0,0,0,,0,0,0,0,0,0,0,0,0,0,0,,0
00-0037086,Grant Calcaterra,TE,2024,1,REG,2024_01_GB_PHI,PHI,GB,0,0,0,0,0,0,0,0,0,0,0,0,1,1,11,0,1,0,0,0,,0,0,0,0,0,0,0,0,0,0,0,,0
00-0037093,Dareke Young,WR,2024,1,REG,2024_01_DEN_SEA,SEA,DEN,0,0,0,0,0,0,0,0,0,0,0,0,0,1,0,0,0,0,0,0,,0,0,0,0,0,0,0,0,0,0,0,,0
00-0037197,Isiah Pacheco,RB,2024,1,REG,2024_01_BAL_KC,KC,BAL,0,0,0,0,0,0,0,15,45,1,2,0,2,3,33,0,2,0,0,0,,0,0,0,0,0,0,0,0,0,0,0,,0
00-0037224,Cameron Dicker,K,2024,1,REG,2024_01_LV_LAC,LAC,LV,0,0,0,0,0,0,0,0,0,0,0,0,0,0,0,0,0,0,3,3,53,0,2,0,0,1,0,1,1,0,0,0,,0
00-0037228,Jaylen Warren,RB,2024,1,REG,2024_01_PIT_ATL,PIT,ATL,0,0,0,0,0,0,0,2,7,0,1,0,2,2,13,0,0,0,0,0,,0,0,0,0,0,0,0,0,0,0,0,,0
00-0037238,Drake London,WR,2024,1,REG,2024_01_PIT_ATL,ATL,PIT,0,0,0,0,0,0,0,0,0,0,0,0,2,3,15,0,1,0,0,0,,0,0,0,0,0,0,0,0,0,0,0,,0
00-0037239,Chris Olave,WR,2024,1,REG,2024_01_CAR_NO,NO,CAR,0,0,0,0,0,0,0,0,0,0,0,0,2,2,11,0,1,0,0,0,,0,0,0,0,0,0,0,0,0,0,0,,0
00-0037240,Jameson Williams,WR,2024,1,REG,2024_01_LA_DET,DET,LA,0,0,0,0,0,0,0,1,13,0,1,0,5,9,121,1,3,0,0,0,,0,0,0,0,0,0,0,0,0,0,0,,0
00-0037247,George Pickens,WR,2024,1,REG,2024_01_PIT_ATL,PIT,ATL,0,0,0,0,0,0,0,1,-10,0,0,0,6,7,85,0,4,0,0,0,,0,0,0,0,0,0,0,0,0,0,0,,0
00-0037248,James Cook,RB,2024,1,REG,2024_01_ARI_BUF,BUF,ARI,0,0,0,0,0,0,0,19,71,0,3,0,3,3,32,0,1,0,0,0,,0,0,0,0,0,0,0,0,0,0,0,,0
00-0037252,Greg Dulcich,TE,2024,1,REG,2024_01_DEN_SEA,DEN,SEA,0,0,0,0,0,0,0,0,0,0,0,0,2,3,12,0,0,0,0,0,,0,0,0,0,0,0,0,0,0,0,0,,0
00-0037256,Rachaad White,RB,2024,1,REG,2024_01_WAS_TB,TB,WAS,0,0,0,0,0,0,0,15,31,0,1,0,6,6,75,0,2,0,0,0,,0,0,0,0,0,0,0,0,0,0,0,,0
00-0037258,Dameon Pierce,RB,2024,1,REG,2024_01_HOU_IND,HOU,IND,0,0,0,0,0,0,0,3,16,0,1,0,0,0,0,0,0,0,0,0,,0,0,0,0,0,0,0,0,0,0,0,,0
00-0037261,Khalil Shakir,WR,2024,1,REG,2024_01_ARI_BUF,BUF,ARI,0,0,0,0,0,0,0,0,0,0,0,0,3,3,42,1,2,0,0,0,,0,0,0,0,0,0,0,0,0,0,0,,0
00-0037263,Tyler Allgeier,RB,2024,1,REG,2024_01_PIT_ATL,ATL,PIT,0,0,0,0,0,0,0,3,21,0,1,0,0,0,0,0,0,0,0,0,,0,0,0,0,0,0,0,0,0,0,0,,0
00-0037267,Jerome Ford,RB,2024,1,REG,2024_01_DAL_CLE,CLE,DAL,0,0,0,0,0,0,0,12,44,1,2,0,6,7,25,0,0,0,0,0,,0,0,0,0,0,0,0,0,0,0,0,,0
00-0037276,Ty Chandler,RB,2024,1,REG,2024_01_MIN_NYG,MIN,NYG,0,0,0,0,0,0,0,8,17,0,0,0,3,3,25,0,2,0,0,0,,0,0,0,0,0,0,0,0,0,0,0,,0
00-0037284,Matt Araiza,P,2024,1,REG,2024_01_BAL_KC,KC,BAL,0,0,0,0,0,0,0,0,0,0,0,0,0,0,0,0,0,0,0,0,,0,0,0,0,0,0,0,0,3,144,101,56,1
00-0037291,Jalen Nailor,WR,2024,1,REG,2024_01_MIN_NYG,MIN,NYG,0,0,0,0,0,0,0,0,0,0,0,0,1,1,21,1,1,0,0,0,,0,0,0,0,0,0,0,0,0,0,0,,0
00-0037500,Ryan Wright,P,2024,1,REG,2024_01_MIN_NYG,MIN,NYG,0,0,0,0,0,0,0,0,0,0,0,0,0,0,0,0,0,0,0,0,,0,0,0,0,0,0,0,0,4,168,168,48,3
00-0037525,Jordan Mason,RB,2024,1,REG,2024_01_NYJ_SF,SF,NYJ,0,0,0,0,0,0,0,28,147,1,8,0,1,1,5,0,1,0,0,0,,0,0,0,0,0,0,0,0,0,0,0,,0
00-0037545,Rashid Shaheed,WR,2024,1,REG,2024_01_CAR_NO,NO,CAR,0,0,0,0,0,0,0,0,0,0,0,0,3,5,73,1,2,0,0,0,,0,0,0,0,0,0,0,0,0,0,0,,0
00-0037547,Daniel Whelan,P,2024,1,REG,2024_01_GB_PHI,GB,PHI,0,0,0,0,0,0,0,0,0,0,0,0,0,0,0,0,0,0,0,0,,0,0,0,0,0,0,0,0,2,74,74,41,1
00-0037557,Ronnie Rivers,RB,2024,1,REG,2024_01_LA_DET,LA,DET,0,0,0,0,0,0,0,2,16,0,2,0,0,0,0,0,0,0,0,0,,0,0,0,0,0,0,0,0,0,0,0,,0
00-0037607,Ryan Stonehouse,P,2024,1,REG,2024_01_TEN_CHI,TEN,CHI,0,0,0,0,0,0,0,0,0,0,0,0,0,0,0,0,0,0,0,0,,0,0,0,0,0,0,0,0,5,268,204,59,1
00-0037664,Alec Pierce,WR,2024,1,REG,2024_01_HOU_IND,IND,HOU,0,0,0,0,0,0,0,0,0,0,0,0,3,3,125,1,2,0,0,0,,0,0,0,0,0,0,0,0,0,0,0,,0
00-0037666,Jalen Tolbert,WR,2024,1,REG,2024_01_DAL_CLE,DAL,CLE,0,0,0,0,0,0,0,0,0,0,0,0,1,2,12,0,1,0,0,0,,0,0,0,0,0,0,0,0,0,0,0,,0
00-0037692,Brandon Aubrey,K,2024,1,REG,2024_01_DAL_CLE,DAL,CLE,0,0,0,0,0,0,0,0,0,0,0,0,0,0,0,0,0,0,4,4,57,0,0,0,2,2,0,3,3,0,0,0,,0
00-0037740,Garrett Wilson,WR,2024,1,REG,2024_01_NYJ_SF,NYJ,SF,0,0,0,0,0,0,0,0,0,0,0,0,6,11,60,0,3,0,0,0,,0,0,0,0,0,0,0,0,0,0,0,,0
00-0037741,Jahan Dotson,WR,2024,1,REG,2024_01_GB_PHI,PHI,GB,0,0,0,0,0,0,0,0,0,0,0,0,0,1,0,0,0,0,0,0,,0,0,0,0,0,0,0,0,0,0,0,,0
00-0037742,Treylon Burks,WR,2024,1,REG,2024_01_TEN_CHI,TEN,CHI,0,0,0,0,0,0,0,2,1,0,0,0,1,2,2,0,0,0,0,0,,0,0,0,0,0,0,0,0,0,0,0,,0
00-0037744,Trey McBride,TE,2024,1,REG,2024_01_ARI_BUF,ARI,BUF,0,0,0,0,0,0,0,0,0,0,0,0,5,9,30,0,2,0,0,0,,0,0,0,0,0,0,0,0,0,0,0,,0
00-0037745,Velus Jones Jr.,WR,2024,1,REG,2024_01_TEN_CHI,CHI,TEN,0,0,0,0,0,0,0,2,11,0,1,0,1,1,8,0,0,0,0,0,,0,0,0,0,0,0,0,0,0,0,0,,0
00-0037746,Brian Robinson,RB,2024,1,REG,2024_01_WAS_TB,WAS,TB,0,0,0,0,0,0,0,12,40,1,3,0,3,4,49,0,1,0,0,0,,0,0,0,0,0,0,0,0,0,0,0,,0
00-0037801,KaVontae Turpin,WR,2024,1,REG,2024_01_DAL_CLE,DAL,CLE,0,0,0,0,0,0,0,0,0,0,0,0,0,1,0,0,0,0,0,0,,0,0,0,0,0,0,0,0,0,0,0,,0
00-0037809,Chig Okonkwo,TE,2024,1,REG,2024_01_TEN_CHI,TEN,CHI,0,0,0,0,0,0,0,0,0,0,0,0,2,2,15,1,1,0,0,0,,0,0,0,0,0,0,0,0,0,0,0,,0
00-0037816,Romeo Doubs,WR,2024,1,REG,2024_01_GB_PHI,GB,PHI,0,0,0,0,0,0,0,0,0,0,0,0,4,7,50,0,2,0,0,0,,0,0,0,0,0,0,0,0,0,0,0,,0
00-0037834,Brock Purdy,QB,2024,1,REG,2024_01_NYJ_SF,SF,NYJ,19,29,231,0,0,2,-6,1,11,0,1,0,0,0,0,0,0,0,0,0,,0,0,0,0,0,0,0,0,0,0,0,,0
00-0037837,Calvin Austin III,WR,2024,1,REG,2024_01_PIT_ATL,PIT,ATL,0,0,0,0,0,0,0,0,0,0,0,0,1,2,7,0,0,0,0,0,,0,0,0,0,0,0,0,0,0,0,0,,0
00-0037838,Isaiah Likely,TE,2024,1,REG,2024_01_BAL_KC,BAL,KC,0,0,0,0,0,0,0,0,0,0,0,0,9,12,111,1,5,0,0,0,,0,0,0,0,0,0,0,0,0,0,0,,0
00-0037840,Kyren Williams,RB,2024,1,REG,2024_01_LA_DET,LA,DET,0,0,0,0,0,0,0,18,50,1,5,0,3,3,4,0,0,0,0,0,,0,0,0,0,0,0,0,0,0,0,0,,0
00-0038040,Zamir White,RB,2024,1,REG,2024_01_LV_LAC,LV,LAC,0,0,0,0,0,0,0,13,44,0,1,1,2,2,2,0,0,0,0,0,,0,0,0,0,0,0,0,0,0,0,0,,0
00-0038041,Jake Ferguson,TE,2024,1,REG,2024_01_DAL_CLE,DAL,CLE,0,0,0,0,0,0,0,0,0,0,0,0,3,5,15,0,0,0,0,0,,0,0,0,0,0,0,0,0,0,0,0,,0
00-0038042,Jake Camarda,P,2024,1,REG,2024_01_WAS_TB,TB,WAS,0,0,0,0,0,0,0,0,0,0,0,0,0,0,0,0,0,0,0,0,,0,0,0,0,0,0,0,0,1,38,38,38,0
00-0038094,Jordan Stout,P,2024,1,REG,2024_01_BAL_KC,BAL,KC,0,0,0,0,0,0,0,0,0,0,0,0,0,0,0,0,0,0,0,0,,0,0,0,0,0,0,0,0,2,75,75,40,2
00-0038097,Cade York,K,2024,1,REG,2024_01_WAS_TB,WAS,TB,0,0,0,0,0,0,0,0,0,0,0,0,0,0,0,0,0,0,0,2,,0,0,0,0,0,0,2,2,0,0,0,,0
00-0038098,Pierre Strong,RB,2024,1,REG,2024_01_DAL_CLE,CLE,DAL,0,0,0,0,0,0,0,2,10,0,1,0,2,3,20,0,1,0,0,0,,0,0,0,0,0,0,0,0,0,0,0,,0
00-0038104,Tyquan Thornton,WR,2024,1,REG,2024_01_NE_CIN,NE,CIN,0,0,0,0,0,0,0,0,0,0,0,0,2,3,27,0,1,0,0,0,,0,0,0,0,0,0,0,0,0,0,0,,0
00-0038115,Daniel Bellinger,TE,2024,1,REG,2024_01_MIN_NYG,NYG,MIN,0,0,0,0,0,0,0,0,0,0,0,0,1,1,3,0,0,0,0,0,,0,0,0,0,0,0,0,0,0,0,0,,0
00-0038117,Wan'Dale Robinson,WR,2024,1,REG,2024_01_MIN_NYG,NYG,MIN,0,0,0,0,0,0,0,1,14,0,1,0,6,12,44,0,2,0,0,0,,0,0,0,0,0,0,0,0,0,0,0,,0
00-0038120,Breece Hall,RB,2024,1,REG,2024_01_NYJ_SF,NYJ,SF,0,0,0,0,0,0,0,16,54,1,2,0,5,6,39,0,2,1,0,0,,0,0,0,0,0,0,0,0,0,0,0,,0
00-0038124,Christian Watson,WR,2024,1,REG,2024_01_GB_PHI,GB,PHI,0,0,0,0,0,0,0,0,0,0,0,0,3,5,13,1,1,0,0,0,,0,0,0,0,0,0,0,0,0,0,0,,0
00-0038128,Malik Willis,QB,2024,1,REG,2024_01_GB_PHI,GB,PHI,0,1,0,0,0,1,-4,0,0,0,0,0,0,0,0,0,0,0,0,0,,0,0,0,0,0,0,0,0,0,0,0,,0
00-0038129,Cade Otton,TE,2024,1,REG,2024_01_WAS_TB,TB,WAS,0,0,0,0,0,0,0,0,0,0,0,0,1,2,5,0,0,0,0,0,,0,0,0,0,0,0,0,0,0,0,0,,0
00-0038134,Kenneth Walker III,RB,2024,1,REG,2024_01_DEN_SEA,SEA,DEN,0,0,0,0,0,0,0,20,103,1,4,0,2,3,6,0,1,0,0,0,,0,0,0,0,0,0,0,0,0,0,0,,0
00-0038393,Dontayvion Wicks,WR,2024,1,REG,2024_01_GB_PHI,GB,PHI,0,0,0,0,0,0,0,0,0,0,0,0,0,3,0,0,0,0,0,0,,0,0,0,0,0,0,0,0,0,0,0,,0
00-0038396,Eric Gray,RB,2024,1,REG,2024_01_MIN_NYG,NYG,MIN,0,0,0,0,0,0,0,2,6,0,1,0,1,1,9,0,0,0,0,0,,0,0,0,0,0,0,0,0,0,0,0,,0
00-0038542,Bijan Robinson,RB,2024,1,REG,2024_01_PIT_ATL,ATL,PIT,0,0,0,0,0,0,0,18,68,0,5,0,5,5,43,0,3,0,0,0,,0,0,0,0,0,0,0,0,0,0,0,,0
00-0038543,Jaxon Smith-Njigba,WR,2024,1,REG,2024_01_DEN_SEA,SEA,DEN,0,0,0,0,0,0,0,0,0,0,0,0,2,2,19,0,2,0,0,0,,0,0,0,0,0,0,0,0,0,0,0,,0
00-0038544,Quentin Johnston,WR,2024,1,REG,2024_01_LV_LAC,LAC,LV,0,0,0,0,0,0,0,0,0,0,0,0,3,5,38,0,1,0,0,0,,0,0,0,0,0,0,0,0,0,0,0,,0
00-0038555,Tank Bigsby,RB,2024,1,REG,2024_01_JAX_MIA,JAX,MIA,0,0,0,0,0,0,0,12,73,0,2,0,0,0,0,0,0,0,0,0,,0,0,0,0,0,0,0,0,0,0,0,,0
00-0038558,Darnell Washington,TE,2024,1,REG,2024_01_PIT_ATL,PIT,ATL,0,0,0,0,0,0,0,0,0,0,0,0,1,1,5,0,0,0,0,0,,0,0,0,0,0,0,0,0,0,0,0,,0
00-0038559,Michael Wilson,WR,2024,1,REG,2024_01_ARI_BUF,ARI,BUF,0,0,0,0,0,0,0,0,0,0,0,0,1,2,5,1,1,0,0,0,,0,0,0,0,0,0,0,0,0,0,0,,0
00-0038562,Jake Moody,K,2024,1,REG,2024_01_NYJ_SF,SF,NYJ,0,0,0,0,0,0,0,0,0,0,0,0,0,0,0,0,0,0,6,6,53,0,1,1,2,2,0,2,2,0,0,0,,0
00-0038563,Tre Tucker,WR,2024,1,REG,2024_01_LV_LAC,LV,LAC,0,0,0,0,0,0,0,0,0,0,0,0,2,3,22,0,1,0,0,0,,0,0,0,0,0,0,0,0,0,0,0,,0
00-0038573,Derius Davis,WR,2024,1,REG,2024_01_LV_LAC,LAC,LV,0,0,0,0,0,0,0,2,9,0,0,0,0,0,0,0,0,0,0,0,,0,0,0,0,0,0,0,0,0,0,0,,0
00-0038576,Charlie Jones,WR,2024,1,REG,2024_01_NE_CIN,CIN,NE,0,0,0,0,0,0,0,0,0,0,0,0,1,1,5,0,0,0,0,0,,0,0,0,0,0,0,0,0,0,0,0,,0
00-0038597,Chase Brown,RB,2024,1,REG,2024_01_NE_CIN,CIN,NE,0,0,0,0,0,0,0,3,11,0,0,0,3,3,12,0,0,0,0,0,,0,0,0,0,0,0,0,0,0,0,0,,0
00-0038606,Parker Washington,WR,2024,1,REG,2024_01_JAX_MIA,JAX,MIA,0,0,0,0,0,0,0,0,0,0,0,0,1,1,3,0,0,0,0,0,,0,0,0,0,0,0,0,0,0,0,0,,0
00-0038610,Bryce Baringer,P,2024,1,REG,2024_01_NE_CIN,NE,CIN,0,0,0,0,0,0,0,0,0,0,0,0,0,0,0,0,0,0,0,0,,0,0,0,0,0,0,0,0,5,250,228,56,3
00-0038614,Scott Matlock,DT,2024,1,REG,2024_01_LV_LAC,LAC,LV,0,0,0,0,0,0,0,0,0,0,0,0,0,1,0,0,0,0,0,0,,0,0,0,0,0,0,0,0,0,0,0,,0
00-0038618,Xavier Hutchinson,WR,2024,1,REG,2024_01_HOU_IND,HOU,IND,0,0,0,0,0,0,0,0,0,0,0,0,1,1,3,0,0,0,0,0,,0,0,0,0,0,0,0,0,0,0,0,,0
00-0038619,Andrei Iosivas,WR,2024,1,REG,2024_01_NE_CIN,CIN,NE,0,0,0,0,0,0,0,0,0,0,0,0,3,6,26,0,2,0,0,0,,0,0,0,0,0,0,0,0,0,0,0,,0
00-0038621,DeMario Douglas,WR,2024,1,REG,2024_01_NE_CIN,NE,CIN,0,0,0,0,0,0,0,0,0,0,0,0,2,3,12,0,1,0,0,0,,0,0,0,0,0,0,0,0,0,0,0,,0
00-0038622,Deuce Vaughn,RB,2024,1,REG,2024_01_DAL_CLE,DAL,CLE,0,0,0,0,0,0,0,1,4,0,0,0,0,0,0,0,0,0,0,0,,0,0,0,0,0,0,0,0,0,0,0,,0
00-0038640,Jalen Brooks,WR,2024,1,REG,2024_01_DAL_CLE,DAL,CLE,0,0,0,0,0,0,0,0,0,0,0,0,1,1,18,0,1,0,0,0,,0,0,0,0,0,0,0,0,0,0,0,,0
00-0038678,Jordan Mims,RB,2024,1,REG,2024_01_CAR_NO,NO,CAR,0,0,0,0,0,0,0,4,11,0,0,0,0,0,0,0,0,0,0,0,,0,0,0,0,0,0,0,0,0,0,0,,0
00-0038705,Emari Demercado,RB,2024,1,REG,2024_01_ARI_BUF,ARI,BUF,0,0,0,0,0,0,0,0,0,0,0,0,2,2,26,0,1,0,0,0,,0,0,0,0,0,0,0,0,0,0,0,,0
00-0038720,Julian Hill,TE,2024,1,REG,2024_01_JAX_MIA,MIA,JAX,0,0,0,0,0,0,0,0,0,0,0,0,1,1,6,0,0,0,0,0,,0,0,0,0,0,0,0,0,0,0,0,,0
00-0038738,Hunter Luepke,RB,2024,1,REG,2024_01_DAL_CLE,DAL,CLE,0,0,0,0,0,0,0,0,0,0,0,0,2,2,18,0,1,0,0,0,,0,0,0,0,0,0,0,0,0,0,0,,0
00-0038794,Jaleel McLaughlin,RB,2024,1,REG,2024_01_DEN_SEA,DEN,SEA,0,0,0,0,0,0,0,10,27,0,2,0,5,5,1,0,0,1,0,0,,0,0,0,0,0,0,0,0,0,0,0,,0
00-0038797,Emanuel Wilson,RB,2024,1,REG,2024_01_GB_PHI,GB,PHI,0,0,0,0,0,0,0,4,46,0,2,0,2,3,2,0,1,0,0,0,,0,0,0,0,0,0,0,0,0,0,0,,0
00-0038905,Blake Grupe,K,2024,1,REG,2024_01_CAR_NO,NO,CAR,0,0,0,0,0,0,0,0,0,0,0,0,0,0,0,0,0,0,4,4,57,0,0,1,1,2,0,5,5,0,0,0,,0
00-0038933,Dalton Kincaid,TE,2024,1,REG,2024_01_ARI_BUF,BUF,ARI,0,0,0,0,0,0,0,0,0,0,0,0,1,2,11,0,1,0,0,0,,0,0,0,0,0,0,0,0,0,0,0,,0
00-0038938,Jalin Hyatt,WR,2024,1,REG,2024_01_MIN_NYG,NYG,MIN,0,0,0,0,0,0,0,0,0,0,0,0,0,1,0,0,0,0,0,0,,0,0,0,0,0,0,0,0,0,0,0,,0
00-0038976,Marvin Mims Jr.,WR,2024,1,REG,2024_01_DEN_SEA,DEN,SEA,0,0,0,0,0,0,0,0,0,0,0,0,0,1,0,0,0,0,0,0,,0,0,0,0,0,0,0,0,0,0,0,,0
00-0038977,Tank Dell,WR,2024,1,REG,2024_01_HOU_IND,HOU,IND,0,0,0,0,0,0,0,2,19,0,1,0,3,7,40,0,2,0,0,0,,0,0,0,0,0,0,0,0,0,0,0,,0
00-0038979,Cedric Tillman,WR,2024,1,REG,2024_01_DAL_CLE,CLE,DAL,0,0,0,0,0,0,0,0,0,0,0,0,1,1,3,0,0,0,0,0,,0,0,0,0,0,0,0,0,0,0,0,,0
00-0038994,Jordan Addison,WR,2024,1,REG,2024_01_MIN_NYG,MIN,NYG,0,0,0,0,0,0,0,0,0,0,0,0,3,4,35,0,2,0,0,0,,0,0,0,0,0,0,0,0,0,0,0,,0
00-0038996,Tucker Kraft,TE,2024,1,REG,2024_01_GB_PHI,GB,PHI,0,0,0,0,0,0,0,0,0,0,0,0,2,3,37,0,1,0,0,0,,0,0,0,0,0,0,0,0,0,0,0,,0
00-0038998,Jake Haener,QB,2024,1,REG,2024_01_CAR_NO,NO,CAR,0,1,0,0,0,0,0,0,0,0,0,0,0,0,0,0,0,0,0,0,,0,0,0,0,0,0,0,0,0,0,0,,0
00-0039032,Tyjae Spears,RB,2024,1,REG,2024_01_TEN_CHI,TEN,CHI,0,0,0,0,0,0,0,4,21,0,2,0,4,4,11,0,1,0,0,0,,0,0,0,0,0,0,0,0,0,0,0,,0
00-0039040,De'Von Achane,RB,2024,1,REG,2024_01_JAX_MIA,MIA,JAX,0,0,0,0,0,0,0,10,24,1,1,0,7,7,76,0,2,0,0,0,,0,0,0,0,0,0,0,0,0,0,0,,0
00-0039041,Elijah Higgins,TE,2024,1,REG,2024_01_ARI_BUF,ARI,BUF,0,0,0,0,0,0,0,0,0,0,0,0,2,2,12,0,1,0,0,0,,0,0,0,0,0,0,0,0,0,0,0,,0
00-0039052,Trey Palmer,WR,2024,1,REG,2024_01_WAS_TB,TB,WAS,0,0,0,0,0,0,0,0,0,0,0,0,1,2,19,0,1,0,0,0,,0,0,0,0,0,0,0,0,0,0,0,,0
00-0039059,Ethan Evans,P,2024,1,REG,2024_01_LA_DET,LA,DET,0,0,0,0,0,0,0,0,0,0,0,0,0,0,0,0,0,0,0,0,,0,0,0,0,0,0,0,0,3,141,123,50,0
00-0039062,Jonathan Mingo,WR,2024,1,REG,2024_01_CAR_NO,CAR,NO,0,0,0,0,0,0,0,1,3,0,0,1,2,5,40,0,1,0,0,0,,0,0,0,0,0,0,0,0,0,0,0,,0
00-0039064,Zay Flowers,WR,2024,1,REG,2024_01_BAL_KC,BAL,KC,0,0,0,0,0,0,0,2,14,0,0,0,6,10,37,0,1,0,0,0,,0,0,0,0,0,0,0,0,0,0,0,,0
00-0039065,Sam LaPorta,TE,2024,1,REG,2024_01_LA_DET,DET,LA,0,0,0,0,0,0,0,0,0,0,0,0,4,5,45,0,2,0,0,0,,0,0,0,0,0,0,0,0,0,0,0,,0
00-0039066,Michael Mayer,TE,2024,1,REG,2024_01_LV_LAC,LV,LAC,0,0,0,0,0,0,0,0,0,0,0,0,2,3,3,0,1,0,0,0,,0,0,0,0,0,0,0,0,0,0,0,,0
00-0039067,Rashee Rice,WR,2024,1,REG,2024_01_BAL_KC,KC,BAL,0,0,0,0,0,0,0,0,0,0,0,0,7,9,103,0,5,0,0,0,,0,0,0,0,0,0,0,0,0,0,0,,0
00-0039074,Davis Allen,TE,2024,1,REG,2024_01_LA_DET,LA,DET,0,0,0,0,0,0,0,0,0,0,0,0,0,1,0,0,0,0,0,0,,0,0,0,0,0,0,0,0,0,0,0,,0
00-0039075,Puka Nacua,WR,2024,1,REG,2024_01_LA_DET,LA,DET,0,0,0,0,0,0,0,1,7,0,0,0,4,4,35,0,1,0,0,0,,0,0,0,0,0,0,0,0,0,0,0,,0
00-0039139,Jahmyr Gibbs,RB,2024,1,REG,2024_01_LA_DET,DET,LA,0,0,0,0,0,0,0,11,40,1,3,0,4,6,34,0,2,0,0,0,,0,0,0,0,0,0,0,0,0,0,0,,0
00-0039144,Luke Musgrave,TE,2024,1,REG,2024_01_GB_PHI,GB,PHI,0,0,0,0,0,0,0,0,0,0,0,0,0,2,0,0,0,0,0,0,,0,0,0,0,0,0,0,0,0,0,0,,0
00-0039146,Jayden Reed,WR,2024,1,REG,2024_01_GB_PHI,GB,PHI,0,0,0,0,0,0,0,1,33,1,1,0,4,6,138,1,3,0,0,0,,0,0,0,0,0,0,0,0,0,0,0,,0
00-0039150,Bryce Young,QB,2024,1,REG,2024_01_CAR_NO,CAR,NO,13,30,161,0,2,4,-26,4,12,1,1,0,0,0,0,0,0,0,0,0,,0,0,0,0,0,0,0,0,0,0,0,,0
00-0039152,Will Levis,QB,2024,1,REG,2024_01_TEN_CHI,TEN,CHI,19,32,127,1,2,3,-23,4,36,0,2,0,0,0,0,0,0,0,0,0,,0,0,0,0,0,0,0,0,0,0,0,,0
00-0039163,C.J. Stroud,QB,2024,1,REG,2024_01_HOU_IND,HOU,IND,24,32,234,2,0,4,-30,4,13,0,0,0,0,0,0,0,0,0,0,0,,0,0,0,0,0,0,0,0,0,0,0,,0
00-0039164,Anthony Richardson,QB,2024,1,REG,2024_01_HOU_IND,IND,HOU,9,19,212,2,1,2,-13,6,56,1,5,0,0,0,0,0,0,0,0,0,,0,0,0,0,0,0,0,0,0,0,0,,0
00-0039165,Zach Charbonnet,RB,2024,1,REG,2024_01_DEN_SEA,SEA,DEN,0,0,0,0,0,0,0,8,12,0,0,0,2,3,29,1,1,0,0,0,,0,0,0,0,0,0,0,0,0,0,0,,0
00-0039172,Jake Bates,K,2024,1,REG,2024_01_LA_DET,DET,LA,0,0,0,0,0,0,0,0,0,0,0,0,0,0,0,0,0,0,2,2,32,0,1,1,0,0,0,2,2,0,0,0,,0
00-0039236,Johnny Wilson,WR,2024,1,REG,2024_01_GB_PHI,PHI,GB,0,0,0,0,0,0,0,0,0,0,0,0,0,1,0,0,0,0,0,0,,0,0,0,0,0,0,0,0,0,0,0,,0
00-0039323,Ryan Rehkow,P,2024,1,REG,2024_01_NE_CIN,CIN,NE,0,0,0,0,0,0,0,0,0,0,0,0,0,0,0,0,0,0,0,0,,0,0,0,0,0,0,0,0,4,258,208,80,1
00-0039325,Carson Steele,RB,2024,1,REG,2024_01_BAL_KC,KC,BAL,0,0,0,0,0,0,0,2,3,0,0,0,0,0,0,0,0,0,0,0,,0,0,0,0,0,0,0,0,0,0,0,,0
00-0039337,Malik Nabers,WR,2024,1,REG,2024_01_MIN_NYG,NYG,MIN,0,0,0,0,0,0,0,0,0,0,0,0,5,7,66,0,2,0,0,0,,0,0,0,0,0,0,0,0,0,0,0,,0
00-0039338,Brock Bowers,TE,2024,1,REG,2024_01_LV_LAC,LV,LAC,0,0,0,0,0,0,0,0,0,0,0,0,6,8,58,0,3,0,0,0,,0,0,0,0,0,0,0,0,0,0,0,,0
00-0039342,Xavier Legette,WR,2024,1,REG,2024_01_CAR_NO,CAR,NO,0,0,0,0,0,0,0,0,0,0,0,0,4,7,35,0,2,0,0,0,,0,0,0,0,0,0,0,0,0,0,0,,0
00-0039355,Luke McCaffrey,WR,2024,1,REG,2024_01_WAS_TB,WAS,TB,0,0,0,0,0,0,0,0,0,0,0,0,3,3,18,0,1,0,0,0,,0,0,0,0,0,0,0,0,0,0,0,,0
00-0039356,Ja'Tavion Sanders,TE,2024,1,REG,2024_01_CAR_NO,CAR,NO,0,0,0,0,0,0,0,0,0,0,0,0,1,1,4,0,0,0,0,0,,0,0,0,0,0,0,0,0,0,0,0,,0
00-0039361,Bucky Irving,RB,2024,1,REG,2024_01_WAS_TB,TB,WAS,0,0,0,0,0,0,0,9,62,0,2,0,2,3,14,0,0,0,0,0,,0,0,0,0,0,0,0,0,0,0,0,,0
00-0039373,Audric Estimé,RB,2024,1,REG,2024_01_DEN_SEA,DEN,SEA,0,0,0,0,0,0,0,2,14,0,1,0,0,0,0,0,0,0,0,0,,0,0,0,0,0,0,0,0,0,0,0,,0
00-0039384,Tyrone Tracy Jr.,RB,2024,1,REG,2024_01_MIN_NYG,NYG,MIN,0,0,0,0,0,0,0,2,2,0,0,0,1,3,5,0,0,0,0,0,,0,0,0,0,0,0,0,0,0,0,0,,0
00-0039386,Bub Means,WR,2024,1,REG,2024_01_CAR_NO,NO,CAR,0,0,0,0,0,0,0,0,0,0,0,0,0,1,0,0,0,0,0,0,,0,0,0,0,0,0,0,0,0,0,0,,0
00-0039404,Will Reichard,K,2024,1,REG,2024_01_MIN_NYG,MIN,NYG,0,0,0,0,0,0,0,0,0,0,0,0,0,0,0,0,0,0,0,0,,0,0,0,0,0,0,4,4,0,0,0,,0
00-0039409,Cam Little,K,2024,1,REG,2024_01_JAX_MIA,JAX,MIA,0,0,0,0,0,0,0,0,0,0,0,0,0,0,0,0,0,0,1,1,53,0,0,0,0,1,0,2,2,0,0,0,,0
00-0039424,Devaughn Vele,WR,2024,1,REG,2024_01_DEN_SEA,DEN,SEA,0,0,0,0,0,0,0,0,0,0,0,0,8,8,39,0,1,0,0,0,,0,0,0,0,0,0,0,0,0,0,0,,0
00-0039576,Spencer Shrader,K,2024,1,REG,2024_01_HOU_IND,IND,HOU,0,0,0,0,0,0,0,0,0,0,0,0,0,0,0,0,0,0,0,0,,0,0,0,0,0,0,3,3,0,0,0,,0
00-0039589,Kameron Johnson,WR,2024,1,REG,2024_01_WAS_TB,TB,WAS,0,0,0,0,0,0,0,1,0,0,0,0,0,0,0,0,0,0,0,0,,0,0,0,0,0,0,0,0,0,0,0,,0
00-0039611,Matthew Hayball,P,2024,1,REG,2024_01_CAR_NO,NO,CAR,0,0,0,0,0,0,0,0,0,0,0,0,0,0,0,0,0,0,0,0,,0,0,0,0,0,0,0,0,2,73,73,38,1
00-0039623,Mason Tipton,WR,2024,1,REG,2024_01_CAR_NO,NO,CAR,0,0,0,0,0,0,0,0,0,0,0,0,1,1,6,0,0,0,0,0,,0,0,0,0,0,0,0,0,0,0,0,,0
00-0039649,Brayden Narveson,K,2024,1,REG,2024_01_GB_PHI,GB,PHI,0,0,0,0,0,0,0,0,0,0,0,0,0,0,0,0,0,0,3,4,31,0,2,1,0,0,0,2,2,0,0,0,,0
00-0039732,Bo Nix,QB,2024,1,REG,2024_01_DEN_SEA,DEN,SEA,26,42,138,0,2,2,-6,5,35,1,3,0,0,0,0,0,0,0,0,0,,0,0,0,0,0,0,0,0,0,0,0,,0
00-0039745,Tory Taylor,P,2024,1,REG,2024_01_TEN_CHI,CHI,TEN,0,0,0,0,0,0,0,0,0,0,0,0,0,0,0,0,0,0,0,0,,0,0,0,0,0,0,0,0,6,270,220,60,3
00-0039750,Joshua Karty,K,2024,1,REG,2024_01_LA_DET,LA,DET,0,0,0,0,0,0,0,0,0,0,0,0,0,0,0,0,0,0,2,2,41,0,1,0,1,0,0,2,2,0,0,0,,0
00-0039794,Braelon Allen,RB,2024,1,REG,2024_01_NYJ_SF,NYJ,SF,0,0,0,0,0,0,0,1,8,0,1,0,1,1,9,0,0,0,0,0,,0,0,0,0,0,0,0,0,0,0,0,,0
00-0039847,Theo Johnson,TE,2024,1,REG,2024_01_MIN_NYG,NYG,MIN,0,0,0,0,0,0,0,0,0,0,0,0,1,4,18,0,1,0,0,0,,0,0,0,0,0,0,0,0,0,0,0,,0
00-0039849,Marvin Harrison Jr.,WR,2024,1,REG,2024_01_ARI_BUF,ARI,BUF,0,0,0,0,0,0,0,0,0,0,0,0,1,3,4,0,0,0,0,0,,0,0,0,0,0,0,0,0,0,0,0,,0
00-0039855,Jalen McMillan,WR,2024,1,REG,2024_01_WAS_TB,TB,WAS,0,0,0,0,0,0,0,0,0,0,0,0,1,3,32,1,1,0,0,0,,0,0,0,0,0,0,0,0,0,0,0,,0
00-0039875,Ray Davis,RB,2024,1,REG,2024_01_ARI_BUF,BUF,ARI,0,0,0,0,0,0,0,3,13,0,1,0,1,1,14,0,1,0,0,0,,0,0,0,0,0,0,0,0,0,0,0,,0
00-0039890,Adonai Mitchell,WR,2024,1,REG,2024_01_HOU_IND,IND,HOU,0,0,0,0,0,0,0,0,0,0,0,0,1,5,2,0,0,0,0,0,,0,0,0,0,0,0,0,0,0,0,0,,0
00-0039893,Brian Thomas Jr.,WR,2024,1,REG,2024_01_JAX_MIA,JAX,MIA,0,0,0,0,0,0,0,0,0,0,0,0,4,4,47,1,3,0,0,0,,0,0,0,0,0,0,0,0,0,0,0,,0
00-0039894,Xavier Worthy,WR,2024,1,REG,2024_01_BAL_KC,KC,BAL,0,0,0,0,0,0,0,1,21,1,1,0,2,3,47,1,2,0,0,0,,0,0,0,0,0,0,0,0,0,0,0,,0
00-0039901,Keon Coleman,WR,2024,1,REG,2024_01_ARI_BUF,BUF,ARI,0,0,0,0,0,0,0,0,0,0,0,0,4,5,51,0,2,0,0,0,,0,0,0,0,0,0,0,0,0,0,0,,0
00-0039907,Ja'Lynn Polk,WR,2024,1,REG,2024_01_NE_CIN,NE,CIN,0,0,0,0,0,0,0,0,0,0,0,0,1,1,6,0,0,0,0,0,,0,0,0,0,0,0,0,0,0,0,0,,0
00-0039910,Jayden Daniels,QB,2024,1,REG,2024_01_WAS_TB,WAS,TB,17,24,184,0,0,2,-23,16,88,2,8,0,0,0,0,0,0,0,0,0,,0,0,0,0,0,0,0,0,0,0,0,,0
00-0039915,Ladd McConkey,WR,2024,1,REG,2024_01_LV_LAC,LAC,LV,0,0,0,0,0,0,0,0,0,0,0,0,5,7,39,1,2,0,0,0,,0,0,0,0,0,0,0,0,0,0,0,,0
00-0039918,Caleb Williams,QB,2024,1,REG,2024_01_TEN_CHI,CHI,TEN,14,29,93,0,0,2,-29,5,15,0,1,0,0,0,0,0,0,0,0,0,,0,0,0,0,0,0,0,0,0,0,0,,0
00-0039919,Rome Odunze,WR,2024,1,REG,2024_01_TEN_CHI,CHI,TEN,0,0,0,0,0,0,0,0,0,0,0,0,1,4,11,0,1,0,0,0,,0,0,0,0,0,0,0,0,0,0,0,,0
00-0039921,Trey Benson,RB,2024,1,REG,2024_01_ARI_BUF,ARI,BUF,0,0,0,0,0,0,0,3,13,0,1,0,1,1,5,0,0,0,0,0,,0,0,0,0,0,0,0,0,0,0,0,,0
00-0023459,Aaron Rodgers,QB,2024,2,REG,2024_02_NYJ_TEN,NYJ,TEN,18,30,176,2,0,2,-12,2,1,0,0,0,0,0,0,0,0,0,0,0,,0,0,0,0,0,0,0,0,0,0,0,,0
00-0023853,Matt Prater,K,2024,2,REG,2024_02_LA_ARI,ARI,LA,0,0,0,0,0,0,0,0,0,0,0,0,0,0,0,0,0,0,2,2,57,0,0,0,1,1,0,5,5,0,0,0,,0
00-0025565,Nick Folk,K,2024,2,REG,2024_02_NYJ_TEN,TEN,NYJ,0,0,0,0,0,0,0,0,0,0,0,0,0,0,0,0,0,0,1,1,41,0,0,0,1,0,0,2,2,0,0,0,,0
00-0026498,Matthew Stafford,QB,2024,2,REG,2024_02_LA_ARI,LA,ARI,19,27,216,0,0,5,-24,0,0,0,0,0,0,0,0,0,0,0,0,0,,0,0,0,0,0,0,0,0,0,0,0,,0
00-0027114,Thomas Morstead,P,2024,2,REG,2024_02_NYJ_TEN,NYJ,TEN,0,0,0,0,0,0,0,0,0,0,0,0,0,0,0,0,0,0,0,0,,0,0,0,0,0,0,0,0,6,302,265,57,2
00-0028872,Johnny Hekker,P,2024,2,REG,2024_02_LAC_CAR,CAR,LAC,0,0,0,0,0,0,0,0,0,0,0,0,0,0,0,0,0,0,0,0,,0,0,0,0,0,0,0,0,7,311,296,64,2
00-0029597,Justin Tucker,K,2024,2,REG,2024_02_LV_BAL,BAL,LV,0,0,0,0,0,0,0,0,0,0,0,0,0,0,0,0,0,0,3,4,48,0,0,1,2,0,0,2,2,0,0,0,,0
00-0029604,Kirk Cousins,QB,2024,2,REG,2024_02_ATL_PHI,ATL,PHI,20,29,241,2,0,1,-8,4,-1,0,0,0,0,0,0,0,0,0,0,0,,0,0,0,0,0,0,0,0,0,0,0,,0
00-0029621,Greg Zuerlein,K,2024,2,REG,2024_02_NYJ_TEN,NYJ,TEN,0,0,0,0,0,0,0,0,0,0,0,0,0,0,0,0,0,0,1,1,33,0,0,1,0,0,0,3,3,0,0,0,,0
00-0029692,Bryan Anger,P,2024,2,REG,2024_02_NO_DAL,DAL,NO,0,0,0,0,0,0,0,0,0,0,0,0,0,0,0,0,0,0,0,0,,0,0,0,0,0,0,0,0,1,53,53,53,1
00-0029892,Kyle Juszczyk,FB,2024,2,REG,2024_02_SF_MIN,SF,MIN,0,0,0,0,0,0,0,0,0,0,0,0,3,5,19,0,1,0,0,0,,0,0,0,0,0,0,0,0,0,0,0,,0
00-0030035,Adam Thielen,WR,2024,2,REG,2024_02_LAC_CAR,CAR,LAC,0,0,0,0,0,0,0,0,0,0,0,0,2,3,20,0,1,0,0,0,,0,0,0,0,0,0,0,0,0,0,0,,0
00-0030061,Zach Ertz,TE,2024,2,REG,2024_02_NYG_WAS,WAS,NYG,0,0,0,0,0,0,0,0,0,0,0,0,4,4,62,0,3,0,0,0,,0,0,0,0,0,0,0,0,0,0,0,,0
00-0030092,Sam Martin,P,2024,2,REG,2024_02_BUF_MIA,BUF,MIA,0,0,0,0,0,0,0,0,0,0,0,0,0,0,0,0,0,0,0,0,,0,0,0,0,0,0,0,0,3,149,129,65,2
00-0030098,Dustin Hopkins,K,2024,2,REG,2024_02_CLE_JAX,CLE,JAX,0,0,0,0,0,0,0,0,0,0,0,0,0,0,0,0,0,0,3,3,53,0,0,1,1,1,0,1,1,0,0,0,,0
00-0030506,Travis Kelce,TE,2024,2,REG,2024_02_CIN_KC,KC,CIN,0,0,0,0,0,0,0,1,1,0,0,0,1,3,5,0,0,0,0,0,,0,0,0,0,0,0,0,0,0,0,0,,0
00-0030564,DeAndre Hopkins,WR,2024,2,REG,2024_02_NYJ_TEN,TEN,NYJ,0,0,0,0,0,0,0,0,0,0,0,0,1,2,9,0,0,0,0,0,,0,0,0,0,0,0,0,0,0,0,0,,0
00-0030565,Geno Smith,QB,2024,2,REG,2024_02_SEA_NE,SEA,NE,33,44,327,1,0,3,-15,5,8,0,3,0,0,0,0,0,0,0,0,0,,0,0,0,0,0,0,0,0,0,0,0,,0
00-0030578,Cordarrelle Patterson,RB,2024,2,REG,2024_02_PIT_DEN,PIT,DEN,0,0,0,0,0,0,0,2,3,0,0,0,0,0,0,0,0,0,0,0,,0,0,0,0,0,0,0,0,0,0,0,,0
00-0031136,Chris Boswell,K,2024,2,REG,2024_02_PIT_DEN,PIT,DEN,0,0,0,0,0,0,0,0,0,0,0,0,0,0,0,0,0,0,2,2,53,0,1,0,0,1,0,1,1,0,0,0,,0
00-0031203,Cairo Santos,K,2024,2,REG,2024_02_CHI_HOU,CHI,HOU,0,0,0,0,0,0,0,0,0,0,0,0,0,0,0,0,0,0,2,2,54,0,0,0,0,2,0,1,1,0,0,0,,0
00-0031236,Brandin Cooks,WR,2024,2,REG,2024_02_NO_DAL,DAL,NO,0,0,0,0,0,0,0,1,-3,0,0,0,2,2,19,0,2,0,0,0,,0,0,0,0,0,0,0,0,0,0,0,,0
00-0031280,Derek Carr,QB,2024,2,REG,2024_02_NO_DAL,NO,DAL,11,16,243,2,1,1,-1,1,1,1,1,0,0,0,0,0,0,0,0,0,,0,0,0,0,0,0,0,0,0,0,0,,0
00-0031381,Davante Adams,WR,2024,2,REG,2024_02_LV_BAL,LV,BAL,0,0,0,0,0,0,0,0,0,0,0,0,9,12,110,1,5,0,0,0,,0,0,0,0,0,0,0,0,0,0,0,,0
00-0031408,Mike Evans,WR,2024,2,REG,2024_02_TB_DET,TB,DET,0,0,0,0,0,0,0,0,0,0,0,0,3,6,42,0,3,0,0,0,,0,0,0,0,0,0,0,0,0,0,0,,0
00-0031492,Jason Myers,K,2024,2,REG,2024_02_SEA_NE,SEA,NE,0,0,0,0,0,0,0,0,0,0,0,0,0,0,0,0,0,0,3,3,44,0,0,2,1,0,0,2,2,0,0,0,,0
00-0031503,Jameis Winston,QB,2024,2,REG,2024_02_CLE_JAX,CLE,JAX,0,0,0,0,0,0,0,2,4,0,2,0,0,0,0,0,0,0,0,0,,0,0,0,0,0,0,0,0,0,0,0,,0
00-0031544,Amari Cooper,WR,2024,2,REG,2024_02_CLE_JAX,CLE,JAX,0,0,0,0,0,0,0,0,0,0,0,0,3,8,11,0,0,0,0,0,,0,0,0,0,0,0,0,0,0,0,0,,0
00-0031549,Nelson Agholor,WR,2024,2,REG,2024_02_LV_BAL,BAL,LV,0,0,0,0,0,0,0,0,0,0,0,0,1,3,13,0,1,0,0,0,,0,0,0,0,0,0,0,0,0,0,0,,0
00-0031588,Stefon Diggs,WR,2024,2,REG,2024_02_CHI_HOU,HOU,CHI,0,0,0,0,0,0,0,0,0,0,0,0,4,6,37,0,1,0,0,0,,0,0,0,0,0,0,0,0,0,0,0,,0
00-0031595,Michael Burton,FB,2024,2,REG,2024_02_PIT_DEN,DEN,PIT,0,0,0,0,0,0,0,0,0,0,0,0,1,1,1,0,0,0,0,0,,0,0,0,0,0,0,0,0,0,0,0,,0
00-0031690,Eric Tomlinson,TE,2024,2,REG,2024_02_LAC_CAR,LAC,CAR,0,0,0,0,0,0,0,0,0,0,0,0,0,1,0,0,0,0,0,0,,0,0,0,0,0,0,0,0,0,0,0,,0
00-0031763,DeAndre Carter,WR,2024,2,REG,2024_02_CHI_HOU,CHI,HOU,0,0,0,0,0,0,0,0,0,0,0,0,3,4,32,0,2,0,0,0,,0,0,0,0,0,0,0,0,0,0,0,,0
00-0032065,Bradley Pinion,P,2024,2,REG,2024_02_ATL_PHI,ATL,PHI,0,0,0,0,0,0,0,0,0,0,0,0,0,0,0,0,0,0,0,0,,0,0,0,0,0,0,0,0,2,89,80,45,0
00-0032104,Ameer Abdullah,RB,2024,2,REG,2024_02_LV_BAL,LV,BAL,0,0,0,0,0,0,0,2,1,0,0,0,2,2,1,0,0,0,0,0,,0,0,0,0,0,0,0,0,0,0,0,,0
00-0032128,Chris Conley,WR,2024,2,REG,2024_02_SF_MIN,SF,MIN,0,0,0,0,0,0,0,0,0,0,0,0,1,1,4,0,0,0,0,0,,0,0,0,0,0,0,0,0,0,0,0,,0
00-0032211,Tyler Lockett,WR,2024,2,REG,2024_02_SEA_NE,SEA,NE,0,0,0,0,0,0,0,0,0,0,0,0,2,2,15,0,1,0,0,0,,0,0,0,0,0,0,0,0,0,0,0,,0
00-0032392,Austin Hooper,TE,2024,2,REG,2024_02_SEA_NE,NE,SEA,0,0,0,0,0,0,0,0,0,0,0,0,1,1,5,0,0,0,0,0,,0,0,0,0,0,0,0,0,0,0,0,,0
00-0032464,Kalif Raymond,WR,2024,2,REG,2024_02_TB_DET,DET,TB,0,0,0,0,0,0,0,0,0,0,0,0,3,4,27,0,1,0,0,0,,0,0,0,0,0,0,0,0,0,0,0,,0
00-0032569,Wil Lutz,K,2024,2,REG,2024_02_PIT_DEN,DEN,PIT,0,0,0,0,0,0,0,0,0,0,0,0,0,0,0,0,0,0,2,2,35,0,1,1,0,0,0,0,0,0,0,0,,0
00-0032688,Robbie Chosen,WR,2024,2,REG,2024_02_BUF_MIA,MIA,BUF,0,0,0,0,0,0,0,0,0,0,0,0,1,4,5,0,0,0,0,0,,0,0,0,0,0,0,0,0,0,0,0,,0
00-0032726,Ka'imi Fairbairn,K,2024,2,REG,2024_02_CHI_HOU,HOU,CHI,0,0,0,0,0,0,0,0,0,0,0,0,0,0,0,0,0,0,4,4,59,0,0,0,1,3,0,1,1,0,0,0,,0
00-0032764,Derrick Henry,RB,2024,2,REG,2024_02_LV_BAL,BAL,LV,0,0,0,0,0,0,0,18,84,1,3,0,1,1,12,0,1,0,0,0,,0,0,0,0,0,0,0,0,0,0,0,,0
00-0032775,Demarcus Robinson,WR,2024,2,REG,2024_02_LA_ARI,LA,ARI,0,0,0,0,0,0,0,0,0,0,0,0,2,4,50,0,1,0,0,0,,0,0,0,0,0,0,0,0,0,0,0,,0
00-0032943,Riley Dixon,P,2024,2,REG,2024_02_PIT_DEN,DEN,PIT,0,0,0,0,0,0,0,0,0,0,0,0,0,0,0,0,0,0,0,0,,0,0,0,0,0,0,0,0,6,315,288,58,3
00-0033009,Tyler Boyd,WR,2024,2,REG,2024_02_NYJ_TEN,TEN,NYJ,0,0,0,0,0,0,0,0,0,0,0,0,2,5,26,0,1,0,0,0,,0,0,0,0,0,0,0,0,0,0,0,,0
00-0033040,Tyreek Hill,WR,2024,2,REG,2024_02_BUF_MIA,MIA,BUF,0,0,0,0,0,0,0,1,12,0,1,0,3,6,24,0,2,0,0,0,,0,0,0,0,0,0,0,0,0,0,0,,0
00-0033045,Ezekiel Elliott,RB,2024,2,REG,2024_02_NO_DAL,DAL,NO,0,0,0,0,0,0,0,6,16,0,1,0,2,3,16,0,1,0,0,0,,0,0,0,0,0,0,0,0,0,0,0,,0
00-0033077,Dak Prescott,QB,2024,2,REG,2024_02_NO_DAL,DAL,NO,27,39,293,1,2,3,-14,2,12,0,1,0,0,0,0,0,0,0,0,0,,0,0,0,0,0,0,0,0,0,0,0,,0
00-0033090,Hunter Henry,TE,2024,2,REG,2024_02_SEA_NE,NE,SEA,0,0,0,0,0,0,0,0,0,0,0,0,8,12,109,0,7,0,0,0,,0,0,0,0,0,0,0,0,0,0,0,,0
00-0033106,Jared Goff,QB,2024,2,REG,2024_02_TB_DET,DET,TB,34,55,307,0,2,0,0,2,5,0,1,0,0,0,0,0,0,0,0,0,,0,0,0,0,0,0,0,0,0,0,0,,0
00-0033119,Jacoby Brissett,QB,2024,2,REG,2024_02_SEA_NE,NE,SEA,15,27,149,1,0,3,-24,2,6,0,0,0,0,0,0,0,0,0,0,0,,0,0,0,0,0,0,0,0,0,0,0,,0
00-0033217,Mo Alie-Cox,TE,2024,2,REG,2024_02_IND_GB,IND,GB,0,0,0,0,0,0,0,0,0,0,0,0,1,1,22,0,1,0,0,0,,0,0,0,0,0,0,0,0,0,0,0,,0
00-0033246,Johnny Mundt,TE,2024,2,REG,2024_02_SF_MIN,MIN,SF,0,0,0,0,0,0,0,0,0,0,0,0,2,3,12,0,0,0,0,0,,0,0,0,0,0,0,0,0,0,0,0,,0
00-0033269,Rigoberto Sanchez,P,2024,2,REG,2024_02_IND_GB,IND,GB,0,0,0,0,0,0,0,0,0,0,0,0,0,0,0,0,0,0,0,0,,0,0,0,0,0,0,0,0,3,161,141,59,2
00-0033282,Curtis Samuel,WR,2024,2,REG,2024_02_BUF_MIA,BUF,MIA,0,0,0,0,0,0,0,0,0,0,0,0,1,2,3,0,0,0,0,0,,0,0,0,0,0,0,0,0,0,0,0,,0
00-0033288,George Kittle,TE,2024,2,REG,2024_02_SF_MIN,SF,MIN,0,0,0,0,0,0,0,0,0,0,0,0,7,8,76,1,4,0,0,0,,0,0,0,0,0,0,0,0,0,0,0,,0
00-0033293,Aaron Jones,RB,2024,2,REG,2024_02_SF_MIN,MIN,SF,0,0,0,0,0,0,0,9,32,0,1,0,5,6,36,0,1,1,0,0,,0,0,0,0,0,0,0,0,0,0,0,,0
00-0033303,Harrison Butker,K,2024,2,REG,2024_02_CIN_KC,KC,CIN,0,0,0,0,0,0,0,0,0,0,0,0,0,0,0,0,0,0,2,2,51,1,0,0,0,1,0,2,2,0,0,0,,0
00-0033357,Taysom Hill,TE,2024,2,REG,2024_02_NO_DAL,NO,DAL,0,0,0,0,0,0,0,3,18,0,1,0,1,1,1,0,0,0,0,0,,0,0,0,0,0,0,0,0,0,0,0,,0
00-0033375,Tim Patrick,WR,2024,2,REG,2024_02_TB_DET,DET,TB,0,0,0,0,0,0,0,0,0,0,0,0,2,4,12,0,1,0,0,0,,0,0,0,0,0,0,0,0,0,0,0,,0
00-0033376,Patrick Ricard,RB,2024,2,REG,2024_02_LV_BAL,BAL,LV,0,0,0,0,0,0,0,0,0,0,0,0,0,1,0,0,0,0,0,0,,0,0,0,0,0,0,0,0,0,0,0,,0
00-0033526,Samaje Perine,RB,2024,2,REG,2024_02_CIN_KC,KC,CIN,0,0,0,0,0,0,0,0,0,0,0,0,1,1,3,0,0,0,0,0,,0,0,0,0,0,0,0,0,0,0,0,,0
00-0033536,Mike Williams,WR,2024,2,REG,2024_02_NYJ_TEN,NYJ,TEN,0,0,0,0,0,0,0,0,0,0,0,0,1,1,19,0,1,0,0,0,,0,0,0,0,0,0,0,0,0,0,0,,0
00-0033537,Deshaun Watson,QB,2024,2,REG,2024_02_CLE_JAX,CLE,JAX,22,34,186,0,0,2,-14,5,20,1,1,0,0,0,0,0,0,0,0,0,,0,0,0,0,0,0,0,0,0,0,0,,0
00-0033553,James Conner,RB,2024,2,REG,2024_02_LA_ARI,ARI,LA,0,0,0,0,0,0,0,21,122,1,10,0,1,1,2,0,0,0,0,0,,0,0,0,0,0,0,0,0,0,0,0,,0
00-0033555,Mack Hollins,WR,2024,2,REG,2024_02_BUF_MIA,BUF,MIA,0,0,0,0,0,0,0,0,0,0,0,0,0,1,0,0,0,0,0,0,,0,0,0,0,0,0,0,0,0,0,0,,0
00-0033576,Eric Saubert,TE,2024,2,REG,2024_02_SF_MIN,SF,MIN,0,0,0,0,0,0,0,0,0,0,0,0,2,2,26,0,2,0,0,0,,0,0,0,0,0,0,0,0,0,0,0,,0
00-0033589,David Moore,WR,2024,2,REG,2024_02_LAC_CAR,CAR,LAC,0,0,0,0,0,0,0,0,0,0,0,0,0,1,0,0,0,0,0,0,,0,0,0,0,0,0,0,0,0,0,0,,0
00-0033591,Noah Brown,WR,2024,2,REG,2024_02_NYG_WAS,WAS,NYG,0,0,0,0,0,0,0,0,0,0,0,0,3,3,56,0,2,0,0,0,,0,0,0,0,0,0,0,0,0,0,0,,0
00-0033662,Cooper Rush,QB,2024,2,REG,2024_02_NO_DAL,DAL,NO,1,3,6,0,0,0,0,0,0,0,0,0,0,0,0,0,0,0,0,0,,0,0,0,0,0,0,0,0,0,0,0,,0
00-0033699,Austin Ekeler,RB,2024,2,REG,2024_02_NYG_WAS,WAS,NYG,0,0,0,0,0,0,0,8,38,0,1,0,3,3,47,0,2,0,0,0,,0,0,0,0,0,0,0,0,0,0,0,,0
00-0033702,Younghoe Koo,K,2024,2,REG,2024_02_ATL_PHI,ATL,PHI,0,0,0,0,0,0,0,0,0,0,0,0,0,0,0,0,0,0,3,3,39,0,1,2,0,0,0,1,1,0,0,0,,0
00-0033787,Jake Elliott,K,2024,2,REG,2024_02_ATL_PHI,PHI,ATL,0,0,0,0,0,0,0,0,0,0,0,0,0,0,0,0,0,0,2,2,29,0,2,0,0,0,0,1,1,0,0,0,,0
00-0033854,Dare Ogunbowale,RB,2024,2,REG,2024_02_CHI_HOU,HOU,CHI,0,0,0,0,0,0,0,2,3,0,0,0,2,2,20,0,1,0,0,0,,0,0,0,0,0,0,0,0,0,0,0,,0
00-0033858,Jonnu Smith,TE,2024,2,REG,2024_02_BUF_MIA,MIA,BUF,0,0,0,0,0,0,0,0,0,0,0,0,6,7,53,0,2,0,0,0,,0,0,0,0,0,0,0,0,0,0,0,,0
00-0033869,Mitchell Trubisky,QB,2024,2,REG,2024_02_BUF_MIA,BUF,MIA,0,0,0,0,0,0,0,2,-2,0,0,0,0,0,0,0,0,0,0,0,,0,0,0,0,0,0,0,0,0,0,0,,0
00-0033873,Patrick Mahomes,QB,2024,2,REG,2024_02_CIN_KC,KC,CIN,18,25,151,2,2,2,-14,4,29,0,1,0,0,0,0,0,0,0,0,0,,0,0,0,0,0,0,0,0,0,0,0,,0
00-0033895,Gerald Everett,TE,2024,2,REG,2024_02_CHI_HOU,CHI,HOU,0,0,0,0,0,0,0,0,0,0,0,0,2,3,1,0,0,0,0,0,,0,0,0,0,0,0,0,0,0,0,0,,0
00-0033897,Joe Mixon,RB,2024,2,REG,2024_02_CHI_HOU,HOU,CHI,0,0,0,0,0,0,0,9,25,0,1,0,3,5,25,0,1,0,0,0,,0,0,0,0,0,0,0,0,0,0,0,,0
00-0033906,Alvin Kamara,RB,2024,2,REG,2024_02_NO_DAL,NO,DAL,0,0,0,0,0,0,0,20,115,3,8,0,2,3,65,1,1,0,0,0,,0,0,0,0,0,0,0,0,0,0,0,,0
00-0033908,Cooper Kupp,WR,2024,2,REG,2024_02_LA_ARI,LA,ARI,0,0,0,0,0,0,0,0,0,0,0,0,4,6,37,0,1,0,0,0,,0,0,0,0,0,0,0,0,0,0,0,,0
00-0033921,Chris Godwin Jr.,WR,2024,2,REG,2024_02_TB_DET,TB,DET,0,0,0,0,0,0,0,0,0,0,0,0,7,8,117,1,5,0,0,0,,0,0,0,0,0,0,0,0,0,0,0,,0
00-0033925,D'Onta Foreman,RB,2024,2,REG,2024_02_CLE_JAX,CLE,JAX,0,0,0,0,0,0,0,14,42,0,1,0,1,1,9,0,0,0,0,0,,0,0,0,0,0,0,0,0,0,0,0,,0
00-0033943,Josh Reynolds,WR,2024,2,REG,2024_02_PIT_DEN,DEN,PIT,0,0,0,0,0,0,0,0,0,0,0,0,4,5,93,0,3,0,0,0,,0,0,0,0,0,0,0,0,0,0,0,,0
00-0033948,Jamaal Williams,RB,2024,2,REG,2024_02_NO_DAL,NO,DAL,0,0,0,0,0,0,0,8,39,0,3,0,0,0,0,0,0,0,0,0,,0,0,0,0,0,0,0,0,0,0,0,,0
00-0034115,Jeff Wilson,RB,2024,2,REG,2024_02_BUF_MIA,MIA,BUF,0,0,0,0,0,0,0,0,0,0,0,0,2,2,12,0,0,0,0,0,,0,0,0,0,0,0,0,0,0,0,0,,0
00-0034159,Will Dissly,TE,2024,2,REG,2024_02_LAC_CAR,LAC,CAR,0,0,0,0,0,0,0,0,0,0,0,0,3,3,29,0,2,0,0,0,,0,0,0,0,0,0,0,0,0,0,0,,0
00-0034160,Michael Dickson,P,2024,2,REG,2024_02_SEA_NE,SEA,NE,0,0,0,0,0,0,0,0,0,0,0,0,0,0,0,0,0,0,0,0,,0,0,0,0,0,0,0,0,5,269,225,61,1
00-0034161,Daniel Carlson,K,2024,2,REG,2024_02_LV_BAL,LV,BAL,0,0,0,0,0,0,0,0,0,0,0,0,0,0,0,0,0,0,4,4,53,0,1,1,0,2,0,2,2,0,0,0,,0
00-0034162,J.K. Scott,P,2024,2,REG,2024_02_LAC_CAR,LAC,CAR,0,0,0,0,0,0,0,0,0,0,0,0,0,0,0,0,0,0,0,0,,0,0,0,0,0,0,0,0,3,129,96,47,2
00-0034173,Eddy Pineiro,K,2024,2,REG,2024_02_LAC_CAR,CAR,LAC,0,0,0,0,0,0,0,0,0,0,0,0,0,0,0,0,0,0,1,1,38,0,0,1,0,0,0,0,0,0,0,0,,0
00-0034184,Gus Edwards,RB,2024,2,REG,2024_02_LAC_CAR,LAC,CAR,0,0,0,0,0,0,0,18,59,0,1,0,0,0,0,0,0,0,0,0,,0,0,0,0,0,0,0,0,0,0,0,,0
00-0034270,Tyler Conklin,TE,2024,2,REG,2024_02_NYJ_TEN,NYJ,TEN,0,0,0,0,0,0,0,0,0,0,0,0,1,2,10,0,1,0,0,0,,0,0,0,0,0,0,0,0,0,0,0,,0
00-0034272,Marquez Valdes-Scantling,WR,2024,2,REG,2024_02_BUF_MIA,BUF,MIA,0,0,0,0,0,0,0,0,0,0,0,0,0,1,0,0,0,0,0,0,,0,0,0,0,0,0,0,0,0,0,0,,0
00-0034348,Courtland Sutton,WR,2024,2,REG,2024_02_PIT_DEN,DEN,PIT,0,0,0,0,0,0,0,0,0,0,0,0,1,4,26,0,1,0,0,0,,0,0,0,0,0,0,0,0,0,0,0,,0
00-0034351,Dallas Goedert,TE,2024,2,REG,2024_02_ATL_PHI,PHI,ATL,0,0,0,0,0,0,0,0,0,0,0,0,3,4,38,0,1,0,0,0,,0,0,0,0,0,0,0,0,0,0,0,,0
00-0034364,Jordan Akins,TE,2024,2,REG,2024_02_CLE_JAX,CLE,JAX,0,0,0,0,0,0,0,0,0,0,0,0,1,1,10,0,1,0,0,0,,0,0,0,0,0,0,0,0,0,0,0,,0
00-0034383,Dalton Schultz,TE,2024,2,REG,2024_02_CHI_HOU,HOU,CHI,0,0,0,0,0,0,0,0,0,0,0,0,2,3,21,0,1,0,0,0,,0,0,0,0,0,0,0,0,0,0,0,,0
00-0034386,Justin Watson,WR,2024,2,REG,2024_02_CIN_KC,KC,CIN,0,0,0,0,0,0,0,0,0,0,0,0,2,2,22,0,1,0,0,0,,0,0,0,0,0,0,0,0,0,0,0,,0
00-0034407,Ray-Ray McCloud,WR,2024,2,REG,2024_02_ATL_PHI,ATL,PHI,0,0,0,0,0,0,0,1,3,0,0,0,3,5,42,0,3,0,0,0,,0,0,0,0,0,0,0,0,0,0,0,,0
00-0034419,Braxton Berrios,WR,2024,2,REG,2024_02_BUF_MIA,MIA,BUF,0,0,0,0,0,0,0,0,0,0,0,0,0,1,0,0,0,0,0,0,,0,0,0,0,0,0,0,0,0,0,0,,0
00-0034437,Logan Cooke,P,2024,2,REG,2024_02_CLE_JAX,JAX,CLE,0,0,0,0,0,0,0,0,0,0,0,0,0,0,0,0,0,0,0,0,,0,0,0,0,0,0,0,0,3,156,131,55,1
00-0034487,Trent Sherfield,WR,2024,2,REG,2024_02_SF_MIN,MIN,SF,0,0,0,0,0,0,0,0,0,0,0,0,1,2,17,0,1,0,0,0,,0,0,0,0,0,0,0,0,0,0,0,,0
00-0034521,Allen Lazard,WR,2024,2,REG,2024_02_NYJ_TEN,NYJ,TEN,0,0,0,0,0,0,0,0,0,0,0,0,2,4,11,0,1,0,0,0,,0,0,0,0,0,0,0,0,0,0,0,,0
00-0034646,Brandon Powell,WR,2024,2,REG,2024_02_SF_MIN,MIN,SF,0,0,0,0,0,0,0,0,0,0,0,0,2,2,16,0,2,0,0,0,,0,0,0,0,0,0,0,0,0,0,0,,0
00-0034721,Corey Bojorquez,P,2024,2,REG,2024_02_CLE_JAX,CLE,JAX,0,0,0,0,0,0,0,0,0,0,0,0,0,0,0,0,0,0,0,0,,0,0,0,0,0,0,0,0,5,218,190,64,3
00-0034753,Mark Andrews,TE,2024,2,REG,2024_02_LV_BAL,BAL,LV,0,0,0,0,0,0,0,0,0,0,0,0,4,5,51,0,4,0,0,0,,0,0,0,0,0,0,0,0,0,0,0,,0
00-0034775,Christian Kirk,WR,2024,2,REG,2024_02_CLE_JAX,JAX,CLE,0,0,0,0,0,0,0,0,0,0,0,0,1,3,-1,0,0,0,0,0,,0,0,0,0,0,0,0,0,0,0,0,,0
00-0034794,Jason Sanders,K,2024,2,REG,2024_02_BUF_MIA,MIA,BUF,0,0,0,0,0,0,0,0,0,0,0,0,0,0,0,0,0,0,1,1,34,0,0,1,0,0,0,1,1,0,0,0,,0
00-0034796,Lamar Jackson,QB,2024,2,REG,2024_02_LV_BAL,BAL,LV,21,34,247,1,1,2,-15,5,45,0,1,0,0,0,0,0,0,0,0,0,,0,0,0,0,0,0,0,0,0,0,0,,0
00-0034798,Durham Smythe,TE,2024,2,REG,2024_02_BUF_MIA,MIA,BUF,0,0,0,0,0,0,0,0,0,0,0,0,1,1,8,0,0,0,0,0,,0,0,0,0,0,0,0,0,0,0,0,,0
00-0034827,DJ Moore,WR,2024,2,REG,2024_02_CHI_HOU,CHI,HOU,0,0,0,0,0,0,0,0,0,0,0,0,6,10,53,0,3,0,0,0,,0,0,0,0,0,0,0,0,0,0,0,,0
00-0034829,Mike Gesicki,TE,2024,2,REG,2024_02_CIN_KC,CIN,KC,0,0,0,0,0,0,0,0,0,0,0,0,7,9,91,0,3,0,0,0,,0,0,0,0,0,0,0,0,0,0,0,,0
00-0034830,Hayden Hurst,TE,2024,2,REG,2024_02_LAC_CAR,LAC,CAR,0,0,0,0,0,0,0,0,0,0,0,0,1,2,5,0,0,0,0,0,,0,0,0,0,0,0,0,0,0,0,0,,0
00-0034837,Calvin Ridley,WR,2024,2,REG,2024_02_NYJ_TEN,TEN,NYJ,0,0,0,0,0,0,0,1,10,1,1,0,4,6,77,1,3,0,0,0,,0,0,0,0,0,0,0,0,0,0,0,,0
00-0034844,Saquon Barkley,RB,2024,2,REG,2024_02_ATL_PHI,PHI,ATL,0,0,0,0,0,0,0,22,95,0,3,0,4,5,21,0,3,0,0,0,,0,0,0,0,0,0,0,0,0,0,0,,0
00-0034855,Baker Mayfield,QB,2024,2,REG,2024_02_TB_DET,TB,DET,12,19,185,1,1,5,-39,5,34,1,3,0,0,0,0,0,0,0,0,0,,0,0,0,0,0,0,0,0,0,0,0,,0
00-0034857,Josh Allen,QB,2024,2,REG,2024_02_BUF_MIA,BUF,MIA,13,19,139,1,0,0,0,2,2,0,0,0,0,0,0,0,0,0,0,0,,0,0,0,0,0,0,0,0,0,0,0,,0
00-0034869,Sam Darnold,QB,2024,2,REG,2024_02_SF_MIN,MIN,SF,17,26,268,2,1,3,-10,5,32,0,2,0,0,0,0,0,0,0,0,0,,0,0,0,0,0,0,0,0,0,0,0,,0
00-0034941,Mitch Wishnowsky,P,2024,2,REG,2024_02_SF_MIN,SF,MIN,0,0,0,0,0,0,0,0,0,0,0,0,0,0,0,0,0,0,0,0,,0,0,0,0,0,0,0,0,2,99,89,58,2
00-0034960,Jakobi Meyers,WR,2024,2,REG,2024_02_LV_BAL,LV,BAL,0,0,0,0,0,0,0,0,0,0,0,0,4,5,29,0,2,0,0,0,,0,0,0,0,0,0,0,0,0,0,0,,0
00-0034972,Alexander Mattison,RB,2024,2,REG,2024_02_LV_BAL,LV,BAL,0,0,0,0,0,0,0,4,1,1,1,0,0,0,0,0,0,0,0,0,,0,0,0,0,0,0,0,0,0,0,0,,0
00-0034975,Justice Hill,RB,2024,2,REG,2024_02_LV_BAL,BAL,LV,0,0,0,0,0,0,0,4,22,0,1,0,2,2,10,0,0,0,0,0,,0,0,0,0,0,0,0,0,0,0,0,,0
00-0035021,Ashton Dulin,WR,2024,2,REG,2024_02_IND_GB,IND,GB,0,0,0,0,0,0,0,0,0,0,0,0,1,2,13,0,1,0,0,0,,0,0,0,0,0,0,0,0,0,0,0,,0
00-0035042,Jamie Gillan,P,2024,2,REG,2024_02_NYG_WAS,NYG,WAS,0,0,0,0,0,0,0,0,0,0,0,0,0,0,0,0,0,0,0,0,,0,0,0,0,0,0,0,1,2,87,63,60,1
00-0035125,Alec Ingold,FB,2024,2,REG,2024_02_BUF_MIA,MIA,BUF,0,0,0,0,0,0,0,2,2,0,1,0,0,0,0,0,0,0,0,0,,0,0,0,0,0,0,0,0,0,0,0,,0
00-0035145,Austin Seibert,K,2024,2,REG,2024_02_NYG_WAS,WAS,NYG,0,0,0,0,0,0,0,0,0,0,0,0,0,0,0,0,0,0,7,7,45,0,4,2,1,0,0,0,0,0,0,0,,0
00-0035156,Jack Fox,P,2024,2,REG,2024_02_TB_DET,DET,TB,1,1,17,0,0,0,0,0,0,0,0,0,0,0,0,0,0,0,0,0,,0,0,0,0,0,0,0,0,2,67,67,35,2
00-0035190,AJ Cole,P,2024,2,REG,2024_02_LV_BAL,LV,BAL,0,0,0,0,0,0,0,0,0,0,0,0,0,0,0,0,0,0,0,0,,0,0,0,0,0,0,0,0,3,128,113,54,0
00-0035192,Joey Slye,K,2024,2,REG,2024_02_SEA_NE,NE,SEA,0,0,0,0,0,0,0,0,0,0,0,0,0,0,0,0,0,0,2,3,29,0,2,0,0,0,0,2,2,0,0,0,,0
00-0035208,Olamide Zaccheaus,WR,2024,2,REG,2024_02_NYG_WAS,WAS,NYG,0,0,0,0,0,0,0,0,0,0,0,0,3,3,14,0,1,0,0,0,,0,0,0,0,0,0,0,0,0,0,0,,0
00-0035216,Diontae Johnson,WR,2024,2,REG,2024_02_LAC_CAR,CAR,LAC,0,0,0,0,0,0,0,0,0,0,0,0,3,6,15,0,1,0,0,0,,0,0,0,0,0,0,0,0,0,0,0,,0
00-0035228,Kyler Murray,QB,2024,2,REG,2024_02_LA_ARI,ARI,LA,17,21,266,3,0,1,-8,5,59,0,2,0,0,0,0,0,0,0,0,0,,0,0,0,0,0,0,0,0,0,0,0,,0
00-0035243,Miles Sanders,RB,2024,2,REG,2024_02_LAC_CAR,CAR,LAC,0,0,0,0,0,0,0,7,20,0,1,0,3,3,5,0,0,0,0,0,,0,0,0,0,0,0,0,0,0,0,0,,0
00-0035250,Devin Singletary,RB,2024,2,REG,2024_02_NYG_WAS,NYG,WAS,0,0,0,0,0,0,0,16,95,1,4,1,1,1,0,0,0,0,0,0,,0,0,0,0,0,0,0,0,0,0,0,,0
00-0035261,Tony Pollard,RB,2024,2,REG,2024_02_NYJ_TEN,TEN,NYJ,0,0,0,0,0,0,0,17,62,0,3,0,5,6,40,0,2,0,0,0,,0,0,0,0,0,0,0,0,0,0,0,,0
00-0035269,Matt Gay,K,2024,2,REG,2024_02_IND_GB,IND,GB,0,0,0,0,0,0,0,0,0,0,0,0,0,0,0,0,0,0,1,2,34,0,0,1,0,0,0,1,1,0,0,0,,0
00-0035280,Jake Bailey,P,2024,2,REG,2024_02_BUF_MIA,MIA,BUF,0,0,0,0,0,0,0,0,0,0,0,0,0,0,0,0,0,0,0,0,,0,0,0,0,0,0,0,0,1,48,48,48,1
00-0035289,Gardner Minshew,QB,2024,2,REG,2024_02_LV_BAL,LV,BAL,30,38,276,1,1,5,-43,1,-1,0,0,0,0,0,0,0,0,0,0,0,,0,0,0,0,0,0,0,0,0,0,0,,0
00-0035341,Trenton Irwin,WR,2024,2,REG,2024_02_CIN_KC,CIN,KC,0,0,0,0,0,0,0,0,0,0,0,0,1,6,5,0,0,0,0,0,,0,0,0,0,0,0,0,0,0,0,0,,0
00-0035358,Chase McLaughlin,K,2024,2,REG,2024_02_TB_DET,TB,DET,0,0,0,0,0,0,0,0,0,0,0,0,0,0,0,0,0,0,2,2,55,0,0,1,0,1,0,2,2,0,0,0,,0
00-0035406,Lil'Jordan Humphrey,WR,2024,2,REG,2024_02_PIT_DEN,DEN,PIT,0,0,0,0,0,0,0,0,0,0,0,0,4,5,50,0,2,0,0,0,,0,0,0,0,0,0,0,0,0,0,0,,0
00-0035500,Greg Dortch,WR,2024,2,REG,2024_02_LA_ARI,ARI,LA,0,0,0,0,0,0,0,0,0,0,0,0,2,2,11,0,0,0,0,0,,0,0,0,0,0,0,0,0,0,0,0,,0
00-0035535,Darius Slayton,WR,2024,2,REG,2024_02_NYG_WAS,NYG,WAS,0,0,0,0,0,0,0,0,0,0,0,0,3,4,33,0,2,0,0,0,,0,0,0,0,0,0,0,0,0,0,0,,0
00-0035537,Ty Johnson,RB,2024,2,REG,2024_02_BUF_MIA,BUF,MIA,0,0,0,0,0,0,0,1,-1,0,0,0,1,2,33,0,1,0,0,0,,0,0,0,0,0,0,0,0,0,0,0,,0
00-0035544,Tom Kennedy,WR,2024,2,REG,2024_02_TB_DET,DET,TB,0,0,0,0,0,0,0,0,0,0,0,0,0,1,0,0,0,0,0,0,,0,0,0,0,0,0,0,0,0,0,0,,0
00-0035594,Travis Homer,RB,2024,2,REG,2024_02_CHI_HOU,CHI,HOU,0,0,0,0,0,0,0,1,6,0,0,0,0,0,0,0,0,0,0,0,,0,0,0,0,0,0,0,0,0,0,0,,0
00-0035628,D'Ernest Johnson,RB,2024,2,REG,2024_02_CLE_JAX,JAX,CLE,0,0,0,0,0,0,0,5,26,0,1,0,0,0,0,0,0,0,0,0,,0,0,0,0,0,0,0,0,0,0,0,,0
00-0035631,Drew Sample,TE,2024,2,REG,2024_02_CIN_KC,CIN,KC,0,0,0,0,0,0,0,0,0,0,0,0,3,3,28,0,1,0,0,0,,0,0,0,0,0,0,0,0,0,0,0,,0
00-0035640,DK Metcalf,WR,2024,2,REG,2024_02_SEA_NE,SEA,NE,0,0,0,0,0,0,0,0,0,0,0,0,10,14,129,1,3,0,0,0,,0,0,0,0,0,0,0,0,0,0,0,,0
00-0035644,Noah Fant,TE,2024,2,REG,2024_02_SEA_NE,SEA,NE,0,0,0,0,0,0,0,0,0,0,0,0,1,3,14,0,1,0,0,0,,0,0,0,0,0,0,0,0,0,0,0,,0
00-0035659,Terry McLaurin,WR,2024,2,REG,2024_02_NYG_WAS,WAS,NYG,0,0,0,0,0,0,0,0,0,0,0,0,6,8,22,0,1,0,0,0,,0,0,0,0,0,0,0,0,0,0,0,,0
00-0035685,David Montgomery,RB,2024,2,REG,2024_02_TB_DET,DET,TB,0,0,0,0,0,0,0,11,35,1,2,0,4,4,35,0,1,0,0,0,,0,0,0,0,0,0,0,0,0,0,0,,0
00-0035700,Josh Jacobs,RB,2024,2,REG,2024_02_IND_GB,GB,IND,0,0,0,0,0,0,0,32,151,0,8,1,0,0,0,0,0,0,0,0,,0,0,0,0,0,0,0,0,0,0,0,,0
00-0035710,Daniel Jones,QB,2024,2,REG,2024_02_NYG_WAS,NYG,WAS,16,28,178,2,0,1,-3,5,32,0,1,0,0,0,0,0,0,0,0,0,,0,0,0,0,0,0,0,0,0,0,0,,0
00-0035719,Deebo Samuel Sr.,WR,2024,2,REG,2024_02_SF_MIN,SF,MIN,0,0,0,0,0,0,0,2,-10,0,0,0,8,10,110,0,6,0,0,0,,0,0,0,0,0,0,0,0,0,0,0,,0
00-0035806,JaMycal Hasty,RB,2024,2,REG,2024_02_SEA_NE,NE,SEA,0,0,0,0,0,0,0,1,2,0,0,0,0,0,0,0,0,0,0,0,,0,0,0,0,0,0,0,0,0,0,0,,0
00-0035821,Corliss Waitman,P,2024,2,REG,2024_02_PIT_DEN,PIT,DEN,0,0,0,0,0,0,0,0,0,0,0,0,0,0,0,0,0,0,0,0,,0,0,0,0,0,0,0,0,8,424,344,58,2
00-0035859,Blake Gillikin,P,2024,2,REG,2024_02_LA_ARI,ARI,LA,0,0,0,0,0,0,0,0,0,0,0,0,0,0,0,0,0,0,0,0,,0,0,0,0,0,0,0,0,1,60,48,60,0
00-0035889,Tommy Townsend,P,2024,2,REG,2024_02_CHI_HOU,HOU,CHI,0,0,0,0,0,0,0,0,0,0,0,0,0,0,0,0,0,0,0,0,,0,0,0,0,0,0,0,0,6,267,266,60,2
00-0036139,Rico Dowdle,RB,2024,2,REG,2024_02_NO_DAL,DAL,NO,0,0,0,0,0,0,0,7,30,0,3,0,4,5,29,0,0,0,0,0,,0,0,0,0,0,0,0,0,0,0,0,,0
00-0036158,J.K. Dobbins,RB,2024,2,REG,2024_02_LAC_CAR,LAC,CAR,0,0,0,0,0,0,0,17,131,1,7,0,1,1,0,0,0,0,0,0,,0,0,0,0,0,0,0,0,0,0,0,,0
00-0036162,Tyler Bass,K,2024,2,REG,2024_02_BUF_MIA,BUF,MIA,0,0,0,0,0,0,0,0,0,0,0,0,0,0,0,0,0,0,1,2,43,0,0,0,1,0,0,4,4,0,0,0,,0
00-0036196,Gabe Davis,WR,2024,2,REG,2024_02_CLE_JAX,JAX,CLE,0,0,0,0,0,0,0,0,0,0,0,0,3,7,43,0,2,0,0,0,,0,0,0,0,0,0,0,0,0,0,0,,0
00-0036212,Tua Tagovailoa,QB,2024,2,REG,2024_02_BUF_MIA,MIA,BUF,17,25,145,1,3,1,-6,2,17,0,2,0,0,0,0,0,0,0,0,0,,0,0,0,0,0,0,0,0,0,0,0,,0
00-0036223,Jonathan Taylor,RB,2024,2,REG,2024_02_IND_GB,IND,GB,0,0,0,0,0,0,0,12,103,0,6,0,2,4,32,0,2,0,0,0,,0,0,0,0,0,0,0,0,0,0,0,,0
00-0036232,Harrison Bryant,TE,2024,2,REG,2024_02_LV_BAL,LV,BAL,0,0,0,0,0,0,0,0,0,0,0,0,0,1,0,0,0,0,0,0,,0,0,0,0,0,0,0,0,0,0,0,,0
00-0036244,Colby Parkinson,TE,2024,2,REG,2024_02_LA_ARI,LA,ARI,0,0,0,0,0,0,0,0,0,0,0,0,1,2,12,0,1,0,0,0,,0,0,0,0,0,0,0,0,0,0,0,,0
00-0036251,Zack Moss,RB,2024,2,REG,2024_02_CIN_KC,CIN,KC,0,0,0,0,0,0,0,12,34,0,2,0,1,1,13,0,1,0,0,0,,0,0,0,0,0,0,0,0,0,0,0,,0
00-0036252,Michael Pittman,WR,2024,2,REG,2024_02_IND_GB,IND,GB,0,0,0,0,0,0,0,0,0,0,0,0,3,7,21,0,1,0,0,0,,0,0,0,0,0,0,0,0,0,0,0,,0
00-0036259,Jauan Jennings,WR,2024,2,REG,2024_02_SF_MIN,SF,MIN,0,0,0,0,0,0,0,0,0,0,0,0,2,4,37,0,1,0,0,0,,0,0,0,0,0,0,0,0,0,0,0,,0
00-0036261,Brandon Aiyuk,WR,2024,2,REG,2024_02_SF_MIN,SF,MIN,0,0,0,0,0,0,0,0,0,0,0,0,4,5,43,0,2,0,0,0,,0,0,0,0,0,0,0,0,0,0,0,,0
00-0036268,Laviska Shenault Jr.,WR,2024,2,REG,2024_02_SEA_NE,SEA,NE,0,0,0,0,0,0,0,0,0,0,0,0,1,1,6,0,0,0,0,0,,0,0,0,0,0,0,0,0,0,0,0,,0
00-0036275,D'Andre Swift,RB,2024,2,REG,2024_02_CHI_HOU,CHI,HOU,0,0,0,0,0,0,0,14,18,0,0,0,4,5,24,0,0,0,0,0,,0,0,0,0,0,0,0,0,0,0,0,,0
00-0036290,Cole Kmet,TE,2024,2,REG,2024_02_CHI_HOU,CHI,HOU,0,0,0,0,0,0,0,0,0,0,0,0,4,5,27,0,1,0,0,0,,0,0,0,0,0,0,0,0,0,0,0,,0
00-0036309,Darnell Mooney,WR,2024,2,REG,2024_02_ATL_PHI,ATL,PHI,0,0,0,0,0,0,0,0,0,0,0,0,3,7,88,1,3,0,0,0,,0,0,0,0,0,0,0,0,0,0,0,,0
00-0036313,Braden Mann,P,2024,2,REG,2024_02_ATL_PHI,PHI,ATL,0,0,0,0,0,0,0,0,0,0,0,0,0,0,0,0,0,0,0,0,,0,0,0,0,0,0,0,0,2,93,82,53,1
00-0036322,Justin Jefferson,WR,2024,2,REG,2024_02_SF_MIN,MIN,SF,0,0,0,0,0,0,0,0,0,0,0,0,4,7,133,1,2,0,0,0,,0,0,0,0,0,0,0,0,0,0,0,,0
00-0036328,Antonio Gibson,RB,2024,2,REG,2024_02_SEA_NE,NE,SEA,0,0,0,0,0,0,0,11,96,0,5,0,1,1,7,0,1,0,0,0,,0,0,0,0,0,0,0,0,0,0,0,,0
00-0036331,Devin Duvernay,WR,2024,2,REG,2024_02_CLE_JAX,JAX,CLE,0,0,0,0,0,0,0,1,4,0,0,0,0,0,0,0,0,0,0,0,,0,0,0,0,0,0,0,0,0,0,0,,0
00-0036345,K.J. Osborn,WR,2024,2,REG,2024_02_SEA_NE,NE,SEA,0,0,0,0,0,0,0,0,0,0,0,0,1,2,7,0,0,0,0,0,,0,0,0,0,0,0,0,0,0,0,0,,0
00-0036355,Justin Herbert,QB,2024,2,REG,2024_02_LAC_CAR,LAC,CAR,14,20,130,2,1,1,0,6,18,0,1,0,0,0,0,0,0,0,0,0,,0,0,0,0,0,0,0,0,0,0,0,,0
00-0036358,CeeDee Lamb,WR,2024,2,REG,2024_02_NO_DAL,DAL,NO,0,0,0,0,0,0,0,0,0,0,0,0,4,7,90,1,3,0,0,0,,0,0,0,0,0,0,0,0,0,0,0,,0
00-0036389,Jalen Hurts,QB,2024,2,REG,2024_02_ATL_PHI,PHI,ATL,23,30,183,1,1,1,-4,13,85,1,7,0,0,0,0,0,0,0,0,0,,0,0,0,0,0,0,0,0,0,0,0,,0
00-0036407,Jerry Jeudy,WR,2024,2,REG,2024_02_CLE_JAX,CLE,JAX,0,0,0,0,0,0,0,0,0,0,0,0,5,6,73,0,3,0,0,0,,0,0,0,0,0,0,0,0,0,0,0,,0
00-0036414,Cam Akers,RB,2024,2,REG,2024_02_CHI_HOU,HOU,CHI,0,0,0,0,0,0,0,7,32,0,2,1,1,1,3,0,0,0,0,0,,0,0,0,0,0,0,0,0,0,0,0,,0
00-0036415,Van Jefferson,WR,2024,2,REG,2024_02_PIT_DEN,PIT,DEN,0,0,0,0,0,0,0,0,0,0,0,0,2,3,14,0,0,0,0,0,,0,0,0,0,0,0,0,0,0,0,0,,0
00-0036427,Tyler Johnson,WR,2024,2,REG,2024_02_LA_ARI,LA,ARI,0,0,0,0,0,0,0,0,0,0,0,0,2,3,20,0,1,0,0,0,,0,0,0,0,0,0,0,0,0,0,0,,0
00-0036442,Joe Burrow,QB,2024,2,REG,2024_02_CIN_KC,CIN,KC,23,36,258,2,0,3,-12,6,9,0,3,0,0,0,0,0,0,0,0,0,,0,0,0,0,0,0,0,0,0,0,0,,0
00-0036527,DJ Turner,WR,2024,2,REG,2024_02_LV_BAL,LV,BAL,0,0,0,0,0,0,0,1,2,0,0,0,0,0,0,0,0,0,0,0,,0,0,0,0,0,0,0,0,0,0,0,,0
00-0036550,Rashod Bateman,WR,2024,2,REG,2024_02_LV_BAL,BAL,LV,0,0,0,0,0,0,0,0,0,0,0,0,3,4,40,0,2,0,0,0,,0,0,0,0,0,0,0,0,0,0,0,,0
00-0036554,Nico Collins,WR,2024,2,REG,2024_02_CHI_HOU,HOU,CHI,0,0,0,0,0,0,0,0,0,0,0,0,8,10,135,1,6,0,0,0,,0,0,0,0,0,0,0,0,0,0,0,,0
00-0036555,Chuba Hubbard,RB,2024,2,REG,2024_02_LAC_CAR,CAR,LAC,0,0,0,0,0,0,0,10,64,0,3,0,4,5,12,0,0,0,0,0,,0,0,0,0,0,0,0,0,0,0,0,,0
00-0036556,Brevin Jordan,TE,2024,2,REG,2024_02_CHI_HOU,HOU,CHI,0,0,0,0,0,0,0,0,0,0,0,0,1,1,4,0,0,0,0,0,,0,0,0,0,0,0,0,0,0,0,0,,0
00-0036613,Jaylen Waddle,WR,2024,2,REG,2024_02_BUF_MIA,MIA,BUF,0,0,0,0,0,0,0,1,4,0,0,0,4,4,41,0,2,0,0,0,,0,0,0,0,0,0,0,0,0,0,0,,0
00-0036626,Dyami Brown,WR,2024,2,REG,2024_02_NYG_WAS,WAS,NYG,0,0,0,0,0,0,0,0,0,0,0,0,2,4,17,0,2,0,0,0,,0,0,0,0,0,0,0,0,0,0,0,,0
00-0036628,John Bates,TE,2024,2,REG,2024_02_NYG_WAS,WAS,NYG,0,0,0,0,0,0,0,0,0,0,0,0,1,1,5,0,0,0,0,0,,0,0,0,0,0,0,0,0,0,0,0,,0
00-0036727,Adam Prentice,FB,2024,2,REG,2024_02_NO_DAL,NO,DAL,0,0,0,0,0,0,0,0,0,0,0,0,0,1,0,0,0,0,0,0,,0,0,0,0,0,0,0,0,0,0,0,,0
00-0036849,Tutu Atwell,WR,2024,2,REG,2024_02_LA_ARI,LA,ARI,0,0,0,0,0,0,0,0,0,0,0,0,3,4,48,0,3,0,0,0,,0,0,0,0,0,0,0,0,0,0,0,,0
00-0036854,Evan McPherson,K,2024,2,REG,2024_02_CIN_KC,CIN,KC,0,0,0,0,0,0,0,0,0,0,0,0,0,0,0,0,0,0,4,4,53,0,1,1,1,1,0,1,2,0,0,0,,0
00-0036875,Rhamondre Stevenson,RB,2024,2,REG,2024_02_SEA_NE,NE,SEA,0,0,0,0,0,0,0,21,81,1,3,0,2,5,9,0,0,0,0,0,,0,0,0,0,0,0,0,0,0,0,0,,0
00-0036876,Kylen Granson,TE,2024,2,REG,2024_02_IND_GB,IND,GB,0,0,0,0,0,0,0,0,0,0,0,0,1,2,9,0,0,0,0,0,,0,0,0,0,0,0,0,0,0,0,0,,0
00-0036887,Luke Farrell,TE,2024,2,REG,2024_02_CLE_JAX,JAX,CLE,0,0,0,0,0,0,0,0,0,0,0,0,2,2,13,0,2,0,0,0,,0,0,0,0,0,0,0,0,0,0,0,,0
00-0036893,Najee Harris,RB,2024,2,REG,2024_02_PIT_DEN,PIT,DEN,0,0,0,0,0,0,0,17,69,0,2,0,1,2,5,0,0,0,0,0,,0,0,0,0,0,0,0,0,0,0,0,,0
00-0036894,Pat Freiermuth,TE,2024,2,REG,2024_02_PIT_DEN,PIT,DEN,0,0,0,0,0,0,0,0,0,0,0,0,4,4,39,0,2,0,0,0,,0,0,0,0,0,0,0,0,0,0,0,,0
00-0036900,Ja'Marr Chase,WR,2024,2,REG,2024_02_CIN_KC,CIN,KC,0,0,0,0,0,0,0,0,0,0,0,0,4,5,35,0,2,0,0,0,,0,0,0,0,0,0,0,0,0,0,0,,0
00-0036906,Khalil Herbert,RB,2024,2,REG,2024_02_CHI_HOU,CHI,HOU,0,0,0,0,0,0,0,2,3,1,2,0,2,2,4,0,0,0,0,0,,0,0,0,0,0,0,0,0,0,0,0,,0
00-0036912,DeVonta Smith,WR,2024,2,REG,2024_02_ATL_PHI,PHI,ATL,0,0,0,0,0,0,0,0,0,0,0,0,7,10,76,1,4,0,0,0,,0,0,0,0,0,0,0,0,0,0,0,,0
00-0036919,Kenny Gainwell,RB,2024,2,REG,2024_02_ATL_PHI,PHI,ATL,0,0,0,0,0,0,0,2,6,0,0,0,0,0,0,0,0,0,0,0,,0,0,0,0,0,0,0,0,0,0,0,,0
00-0036945,Justin Fields,QB,2024,2,REG,2024_02_PIT_DEN,PIT,DEN,13,20,117,1,0,2,-7,8,27,0,1,0,0,0,0,0,0,0,0,0,,0,0,0,0,0,0,0,0,0,0,0,,0
00-0036963,Amon-Ra St. Brown,WR,2024,2,REG,2024_02_TB_DET,DET,TB,0,0,0,0,0,0,0,0,0,0,0,0,11,18,119,0,7,0,0,0,,0,0,0,0,0,0,0,0,0,0,0,,0
00-0036970,Kyle Pitts,TE,2024,2,REG,2024_02_ATL_PHI,ATL,PHI,0,0,0,0,0,0,0,0,0,0,0,0,3,4,20,0,1,0,0,0,,0,0,0,0,0,0,0,0,0,0,0,,0
00-0036971,Trevor Lawrence,QB,2024,2,REG,2024_02_CLE_JAX,JAX,CLE,14,30,220,0,0,4,-24,2,45,0,2,0,0,0,0,0,0,0,0,0,,0,0,0,0,0,0,0,0,0,0,0,,0
00-0036973,Travis Etienne,RB,2024,2,REG,2024_02_CLE_JAX,JAX,CLE,0,0,0,0,0,0,0,13,52,1,4,0,3,4,6,0,1,0,0,0,,0,0,0,0,0,0,0,0,0,0,0,,0
00-0036980,Elijah Moore,WR,2024,2,REG,2024_02_CLE_JAX,CLE,JAX,0,0,0,0,0,0,0,0,0,0,0,0,6,8,44,0,2,0,0,0,,0,0,0,0,0,0,0,0,0,0,0,,0
00-0036984,Trey Sermon,RB,2024,2,REG,2024_02_IND_GB,IND,GB,0,0,0,0,0,0,0,2,0,0,0,0,1,1,7,0,0,0,0,0,,0,0,0,0,0,0,0,0,0,0,0,,0
00-0036988,Josh Palmer,WR,2024,2,REG,2024_02_LAC_CAR,LAC,CAR,0,0,0,0,0,0,0,0,0,0,0,0,2,2,19,0,1,0,0,0,,0,0,0,0,0,0,0,0,0,0,0,,0
00-0036997,Javonte Williams,RB,2024,2,REG,2024_02_PIT_DEN,DEN,PIT,0,0,0,0,0,0,0,11,17,0,1,0,5,5,48,0,2,0,0,0,,0,0,0,0,0,0,0,0,0,0,0,,0
00-0037005,Tommy Tremble,TE,2024,2,REG,2024_02_LAC_CAR,CAR,LAC,0,0,0,0,0,0,0,0,0,0,0,0,3,4,23,0,1,0,0,0,,0,0,0,0,0,0,0,0,0,0,0,,0
00-0037085,Tyler Badie,RB,2024,2,REG,2024_02_PIT_DEN,DEN,PIT,0,0,0,0,0,0,0,1,16,0,1,0,1,1,2,0,0,0,0,0,,0,0,0,0,0,0,0,0,0,0,0,,0
00-0037086,Grant Calcaterra,TE,2024,2,REG,2024_02_ATL_PHI,PHI,ATL,0,0,0,0,0,0,0,0,0,0,0,0,2,2,19,0,2,0,0,0,,0,0,0,0,0,0,0,0,0,0,0,,0
00-0037091,Bo Melton,WR,2024,2,REG,2024_02_IND_GB,GB,IND,0,0,0,0,0,0,0,2,8,0,1,0,0,0,0,0,0,0,0,0,,0,0,0,0,0,0,0,0,0,0,0,,0
00-0037120,Tyler Goodson,RB,2024,2,REG,2024_02_IND_GB,IND,GB,0,0,0,0,0,0,0,0,0,0,0,0,1,1,2,0,0,0,0,0,,0,0,0,0,0,0,0,0,0,0,0,,0
00-0037132,Britain Covey,WR,2024,2,REG,2024_02_ATL_PHI,PHI,ATL,0,0,0,0,0,0,0,0,0,0,0,0,6,6,23,0,1,0,0,0,,0,0,0,0,0,0,0,0,0,0,0,,0
00-0037197,Isiah Pacheco,RB,2024,2,REG,2024_02_CIN_KC,KC,CIN,0,0,0,0,0,0,0,19,90,0,4,0,5,5,21,0,1,0,0,0,,0,0,0,0,0,0,0,0,0,0,0,,0
00-0037224,Cameron Dicker,K,2024,2,REG,2024_02_LAC_CAR,LAC,CAR,0,0,0,0,0,0,0,0,0,0,0,0,0,0,0,0,0,0,2,2,46,0,0,0,2,0,0,2,3,0,0,0,,0
00-0037228,Jaylen Warren,RB,2024,2,REG,2024_02_PIT_DEN,PIT,DEN,0,0,0,0,0,0,0,9,42,0,1,0,2,2,19,0,1,0,0,0,,0,0,0,0,0,0,0,0,0,0,0,,0
00-0037238,Drake London,WR,2024,2,REG,2024_02_ATL_PHI,ATL,PHI,0,0,0,0,0,0,0,0,0,0,0,0,6,7,54,1,2,0,0,0,,0,0,0,0,0,0,0,0,0,0,0,,0
00-0037239,Chris Olave,WR,2024,2,REG,2024_02_NO_DAL,NO,DAL,0,0,0,0,0,0,0,1,7,0,1,0,4,6,81,0,4,0,0,0,,0,0,0,0,0,0,0,0,0,0,0,,0
00-0037240,Jameson Williams,WR,2024,2,REG,2024_02_TB_DET,DET,TB,0,0,0,0,0,0,0,1,15,0,1,0,5,11,79,0,2,0,0,0,,0,0,0,0,0,0,0,0,0,0,0,,0
00-0037247,George Pickens,WR,2024,2,REG,2024_02_PIT_DEN,PIT,DEN,0,0,0,0,0,0,0,0,0,0,0,0,2,4,29,0,2,0,0,0,,0,0,0,0,0,0,0,0,0,0,0,,0
00-0037248,James Cook,RB,2024,2,REG,2024_02_BUF_MIA,BUF,MIA,0,0,0,0,0,0,0,11,78,2,5,0,1,1,17,1,1,0,0,0,,0,0,0,0,0,0,0,0,0,0,0,,0
00-0037252,Greg Dulcich,TE,2024,2,REG,2024_02_PIT_DEN,DEN,PIT,0,0,0,0,0,0,0,0,0,0,0,0,3,8,16,0,0,0,0,0,,0,0,0,0,0,0,0,0,0,0,0,,0
00-0037256,Rachaad White,RB,2024,2,REG,2024_02_TB_DET,TB,DET,0,0,0,0,0,0,0,10,18,0,0,0,1,1,5,0,0,0,0,0,,0,0,0,0,0,0,0,0,0,0,0,,0
00-0037257,David Bell,WR,2024,2,REG,2024_02_CLE_JAX,CLE,JAX,0,0,0,0,0,0,0,0,0,0,0,0,3,3,27,0,1,0,0,0,,0,0,0,0,0,0,0,0,0,0,0,,0
00-0037261,Khalil Shakir,WR,2024,2,REG,2024_02_BUF_MIA,BUF,MIA,0,0,0,0,0,0,0,1,2,0,0,0,5,5,54,0,3,0,0,0,,0,0,0,0,0,0,0,0,0,0,0,,0
00-0037263,Tyler Allgeier,RB,2024,2,REG,2024_02_ATL_PHI,ATL,PHI,0,0,0,0,0,0,0,9,53,0,4,0,1,1,12,0,1,0,0,0,,0,0,0,0,0,0,0,0,0,0,0,,0
00-0037267,Jerome Ford,RB,2024,2,REG,2024_02_CLE_JAX,CLE,JAX,0,0,0,0,0,0,0,7,64,0,3,0,1,2,0,0,0,0,0,0,,0,0,0,0,0,0,0,0,0,0,0,,0
00-0037276,Ty Chandler,RB,2024,2,REG,2024_02_SF_MIN,MIN,SF,0,0,0,0,0,1,-1,10,82,0,5,0,0,0,0,0,0,0,0,0,,0,0,0,0,0,0,0,0,0,0,0,,0
00-0037284,Matt Araiza,P,2024,2,REG,2024_02_CIN_KC,KC,CIN,0,0,0,0,0,0,0,0,0,0,0,0,0,0,0,0,0,0,0,0,,0,0,0,0,0,0,0,0,2,112,103,63,2
00-0037291,Jalen Nailor,WR,2024,2,REG,2024_02_SF_MIN,MIN,SF,0,0,0,0,0,0,0,0,0,0,0,0,3,4,54,1,3,0,0,0,,0,0,0,0,0,0,0,0,0,0,0,,0
00-0037292,Andrew Ogletree,TE,2024,2,REG,2024_02_IND_GB,IND,GB,0,0,0,0,0,0,0,0,0,0,0,0,1,2,12,0,0,0,0,0,,0,0,0,0,0,0,0,0,0,0,0,,0
00-0037327,Skylar Thompson,QB,2024,2,REG,2024_02_BUF_MIA,MIA,BUF,8,14,80,0,0,1,-7,1,4,0,0,0,0,0,0,0,0,0,0,0,,0,0,0,0,0,0,0,0,0,0,0,,0
00-0037500,Ryan Wright,P,2024,2,REG,2024_02_SF_MIN,MIN,SF,0,0,0,0,0,0,0,0,0,0,0,0,0,0,0,0,0,0,0,0,,0,0,0,0,0,0,0,0,3,151,131,56,1
00-0037525,Jordan Mason,RB,2024,2,REG,2024_02_SF_MIN,SF,MIN,0,0,0,0,0,0,0,20,100,1,4,0,1,1,4,0,1,0,0,0,,0,0,0,0,0,0,0,0,0,0,0,,0
00-0037545,Rashid Shaheed,WR,2024,2,REG,2024_02_NO_DAL,NO,DAL,0,0,0,0,0,0,0,3,13,0,1,0,4,4,96,1,3,0,0,0,,0,0,0,0,0,0,0,0,0,0,0,,0
00-0037547,Daniel Whelan,P,2024,2,REG,2024_02_IND_GB,GB,IND,0,0,0,0,0,0,0,0,0,0,0,0,0,0,0,0,0,0,0,0,,0,0,0,0,0,0,0,0,3,139,139,59,3
00-0037557,Ronnie Rivers,RB,2024,2,REG,2024_02_LA_ARI,LA,ARI,0,0,0,0,0,0,0,0,0,0,0,0,1,1,0,0,0,0,0,0,,0,0,0,0,0,0,0,0,0,0,0,,0
00-0037607,Ryan Stonehouse,P,2024,2,REG,2024_02_NYJ_TEN,TEN,NYJ,0,0,0,0,0,0,0,0,0,0,0,0,0,0,0,0,0,0,0,0,,0,0,0,0,0,0,0,0,4,226,191,63,1
00-0037617,Hassan Haskins,RB,2024,2,REG,2024_02_LAC_CAR,LAC,CAR,0,0,0,0,0,0,0,3,11,0,1,0,0,0,0,0,0,0,0,0,,0,0,0,0,0,0,0,0,0,0,0,,0
00-0037664,Alec Pierce,WR,2024,2,REG,2024_02_IND_GB,IND,GB,0,0,0,0,0,0,0,0,0,0,0,0,5,7,56,1,4,0,0,0,,0,0,0,0,0,0,0,0,0,0,0,,0
00-0037666,Jalen Tolbert,WR,2024,2,REG,2024_02_NO_DAL,DAL,NO,0,0,0,0,0,0,0,0,0,0,0,0,6,9,82,0,3,0,0,0,,0,0,0,0,0,0,0,0,0,0,0,,0
00-0037692,Brandon Aubrey,K,2024,2,REG,2024_02_NO_DAL,DAL,NO,0,0,0,0,0,0,0,0,0,0,0,0,0,0,0,0,0,0,4,4,52,0,0,1,2,1,0,1,1,0,0,0,,0
00-0037740,Garrett Wilson,WR,2024,2,REG,2024_02_NYJ_TEN,NYJ,TEN,0,0,0,0,0,0,0,1,5,0,1,0,4,6,57,0,3,0,0,0,,0,0,0,0,0,0,0,0,0,0,0,,0
00-0037741,Jahan Dotson,WR,2024,2,REG,2024_02_ATL_PHI,PHI,ATL,0,0,0,0,0,0,0,0,0,0,0,0,1,1,6,0,1,0,0,0,,0,0,0,0,0,0,0,0,0,0,0,,0
00-0037742,Treylon Burks,WR,2024,2,REG,2024_02_NYJ_TEN,TEN,NYJ,0,0,0,0,0,0,0,0,0,0,0,0,0,1,0,0,0,0,0,0,,0,0,0,0,0,0,0,0,0,0,0,,0
00-0037744,Trey McBride,TE,2024,2,REG,2024_02_LA_ARI,ARI,LA,0,0,0,0,0,0,0,0,0,0,0,0,6,6,67,0,2,0,0,0,,0,0,0,0,0,0,0,0,0,0,0,,0
00-0037746,Brian Robinson,RB,2024,2,REG,2024_02_NYG_WAS,WAS,NYG,0,0,0,0,0,0,0,17,133,0,6,0,1,3,3,0,0,0,0,0,,0,0,0,0,0,0,0,0,0,0,0,,0
00-0037801,KaVontae Turpin,WR,2024,2,REG,2024_02_NO_DAL,DAL,NO,0,0,0,0,0,0,0,1,2,0,0,0,2,4,4,0,0,0,0,0,,0,0,0,0,0,0,0,0,0,0,0,,0
00-0037805,Jeremy Ruckert,TE,2024,2,REG,2024_02_NYJ_TEN,NYJ,TEN,0,0,0,0,0,0,0,0,0,0,0,0,0,3,0,0,0,0,0,0,,0,0,0,0,0,0,0,0,0,0,0,,0
00-0037809,Chig Okonkwo,TE,2024,2,REG,2024_02_NYJ_TEN,TEN,NYJ,0,0,0,0,0,0,0,0,0,0,0,0,3,3,16,0,0,0,0,0,,0,0,0,0,0,0,0,0,0,0,0,,0
00-0037816,Romeo Doubs,WR,2024,2,REG,2024_02_IND_GB,GB,IND,0,0,0,0,0,0,0,0,0,0,0,0,3,3,62,0,3,0,0,0,,0,0,0,0,0,0,0,0,0,0,0,,0
00-0037834,Brock Purdy,QB,2024,2,REG,2024_02_SF_MIN,SF,MIN,28,36,319,1,1,6,-25,2,12,0,1,0,0,0,0,0,0,0,0,0,,0,0,0,0,0,0,0,0,0,0,0,,0
00-0037837,Calvin Austin III,WR,2024,2,REG,2024_02_PIT_DEN,PIT,DEN,0,0,0,0,0,0,0,0,0,0,0,0,1,2,6,0,1,0,0,0,,0,0,0,0,0,0,0,0,0,0,0,,0
00-0037838,Isaiah Likely,TE,2024,2,REG,2024_02_LV_BAL,BAL,LV,0,0,0,0,0,0,0,0,0,0,0,0,2,3,26,0,2,0,0,0,,0,0,0,0,0,0,0,0,0,0,0,,0
00-0037840,Kyren Williams,RB,2024,2,REG,2024_02_LA_ARI,LA,ARI,0,0,0,0,0,0,0,12,25,1,2,0,4,5,27,0,1,0,0,0,,0,0,0,0,0,0,0,0,0,0,0,,0
00-0038040,Zamir White,RB,2024,2,REG,2024_02_LV_BAL,LV,BAL,0,0,0,0,0,0,0,9,24,0,0,0,3,4,14,0,1,0,0,0,,0,0,0,0,0,0,0,0,0,0,0,,0
00-0038042,Jake Camarda,P,2024,2,REG,2024_02_TB_DET,TB,DET,0,0,0,0,0,0,0,0,0,0,0,0,0,0,0,0,0,0,0,0,,0,0,0,0,0,0,0,0,5,230,198,51,2
00-0038046,Charlie Kolar,TE,2024,2,REG,2024_02_LV_BAL,BAL,LV,0,0,0,0,0,0,0,0,0,0,0,0,1,1,4,0,0,0,0,0,,0,0,0,0,0,0,0,0,0,0,0,,0
00-0038094,Jordan Stout,P,2024,2,REG,2024_02_LV_BAL,BAL,LV,0,0,0,0,0,0,0,0,0,0,0,0,0,0,0,0,0,0,0,0,,0,0,0,0,0,0,0,0,4,173,157,57,0
00-0038098,Pierre Strong,RB,2024,2,REG,2024_02_CLE_JAX,CLE,JAX,0,0,0,0,0,0,0,1,-5,0,0,0,1,2,10,0,0,0,0,0,,0,0,0,0,0,0,0,0,0,0,0,,0
00-0038117,Wan'Dale Robinson,WR,2024,2,REG,2024_02_NYG_WAS,NYG,WAS,0,0,0,0,0,0,0,0,0,0,0,0,2,4,18,1,2,0,0,0,,0,0,0,0,0,0,0,0,0,0,0,,0
00-0038120,Breece Hall,RB,2024,2,REG,2024_02_NYJ_TEN,NYJ,TEN,0,0,0,0,0,0,0,14,62,0,3,0,7,8,52,1,1,0,0,0,,0,0,0,0,0,0,0,0,0,0,0,,0
00-0038128,Malik Willis,QB,2024,2,REG,2024_02_IND_GB,GB,IND,12,14,122,1,0,0,0,6,41,0,1,0,0,0,0,0,0,0,0,0,,0,0,0,0,0,0,0,0,0,0,0,,0
00-0038129,Cade Otton,TE,2024,2,REG,2024_02_TB_DET,TB,DET,0,0,0,0,0,0,0,1,-4,0,0,0,0,2,0,0,0,0,0,0,,0,0,0,0,0,0,0,0,0,0,0,,0
00-0038393,Dontayvion Wicks,WR,2024,2,REG,2024_02_IND_GB,GB,IND,0,0,0,0,0,0,0,0,0,0,0,0,3,4,26,1,2,0,0,0,,0,0,0,0,0,0,0,0,0,0,0,,0
00-0038507,Grant DuBose,WR,2024,2,REG,2024_02_BUF_MIA,MIA,BUF,0,0,0,0,0,0,0,0,0,0,0,0,1,3,13,0,1,0,0,0,,0,0,0,0,0,0,0,0,0,0,0,,0
00-0038542,Bijan Robinson,RB,2024,2,REG,2024_02_ATL_PHI,ATL,PHI,0,0,0,0,0,0,0,14,97,0,5,0,4,5,25,0,1,0,0,0,,0,0,0,0,0,0,0,0,0,0,0,,0
00-0038543,Jaxon Smith-Njigba,WR,2024,2,REG,2024_02_SEA_NE,SEA,NE,0,0,0,0,0,0,0,0,0,0,0,0,12,16,117,0,5,0,0,0,,0,0,0,0,0,0,0,0,0,0,0,,0
00-0038544,Quentin Johnston,WR,2024,2,REG,2024_02_LAC_CAR,LAC,CAR,0,0,0,0,0,0,0,0,0,0,0,0,5,6,51,2,3,0,0,0,,0,0,0,0,0,0,0,0,0,0,0,,0
00-0038547,Luke Schoonmaker,TE,2024,2,REG,2024_02_NO_DAL,DAL,NO,0,0,0,0,0,0,0,0,0,0,0,0,6,6,43,0,3,0,0,0,,0,0,0,0,0,0,0,0,0,0,0,,0
00-0038558,Darnell Washington,TE,2024,2,REG,2024_02_PIT_DEN,PIT,DEN,0,0,0,0,0,0,0,0,0,0,0,0,1,1,5,1,1,0,0,0,,0,0,0,0,0,0,0,0,0,0,0,,0
00-0038559,Michael Wilson,WR,2024,2,REG,2024_02_LA_ARI,ARI,LA,0,0,0,0,0,0,0,0,0,0,0,0,2,2,31,0,2,0,0,0,,0,0,0,0,0,0,0,0,0,0,0,,0
00-0038562,Jake Moody,K,2024,2,REG,2024_02_SF_MIN,SF,MIN,0,0,0,0,0,0,0,0,0,0,0,0,0,0,0,0,0,0,1,1,31,0,0,1,0,0,0,2,2,0,0,0,,0
00-0038563,Tre Tucker,WR,2024,2,REG,2024_02_LV_BAL,LV,BAL,0,0,0,0,0,0,0,0,0,0,0,0,2,2,13,0,0,0,0,0,,0,0,0,0,0,0,0,0,0,0,0,,0
00-0038582,Clayton Tune,QB,2024,2,REG,2024_02_LA_ARI,ARI,LA,0,0,0,0,0,0,0,1,-6,0,0,1,0,0,0,0,0,0,0,0,,0,0,0,0,0,0,0,0,0,0,0,,0
00-0038589,Josh Whyle,TE,2024,2,REG,2024_02_NYJ_TEN,TEN,NYJ,0,0,0,0,0,0,0,0,0,0,0,0,2,2,13,0,1,0,0,0,,0,0,0,0,0,0,0,0,0,0,0,,0
00-0038597,Chase Brown,RB,2024,2,REG,2024_02_CIN_KC,CIN,KC,0,0,0,0,0,0,0,4,31,0,1,0,0,0,0,0,0,0,0,0,,0,0,0,0,0,0,0,0,0,0,0,,0
00-0038606,Parker Washington,WR,2024,2,REG,2024_02_CLE_JAX,JAX,CLE,0,0,0,0,0,0,0,0,0,0,0,0,0,1,0,0,0,0,0,0,,0,0,0,0,0,0,0,0,0,0,0,,0
00-0038610,Bryce Baringer,P,2024,2,REG,2024_02_SEA_NE,NE,SEA,0,0,0,0,0,0,0,0,0,0,0,0,0,0,0,0,0,0,0,0,,0,0,0,0,0,0,0,0,6,342,284,67,3
00-0038618,Xavier Hutchinson,WR,2024,2,REG,2024_02_CHI_HOU,HOU,CHI,0,0,0,0,0,0,0,0,0,0,0,0,0,1,0,0,0,0,0,0,,0,0,0,0,0,0,0,0,0,0,0,,0
00-0038619,Andrei Iosivas,WR,2024,2,REG,2024_02_CIN_KC,CIN,KC,0,0,0,0,0,0,0,0,0,0,0,0,2,4,7,2,2,0,0,0,,0,0,0,0,0,0,0,0,0,0,0,,0
00-0038622,Deuce Vaughn,RB,2024,2,REG,2024_02_NO_DAL,DAL,NO,0,0,0,0,0,0,0,4,11,0,0,0,1,1,6,0,0,0,0,0,,0,0,0,0,0,0,0,0,0,0,0,,0
00-0038640,Jalen Brooks,WR,2024,2,REG,2024_02_NO_DAL,DAL,NO,0,0,0,0,0,0,0,0,0,0,0,0,1,3,10,0,1,0,0,0,,0,0,0,0,0,0,0,0,0,0,0,,0
00-0038705,Emari Demercado,RB,2024,2,REG,2024_02_LA_ARI,ARI,LA,0,0,0,0,0,0,0,2,46,0,1,0,0,0,0,0,0,0,0,0,,0,0,0,0,0,0,0,0,0,0,0,,0
00-0038720,Julian Hill,TE,2024,2,REG,2024_02_BUF_MIA,MIA,BUF,0,0,0,0,0,0,0,0,0,0,0,0,0,2,0,0,0,0,0,0,,0,0,0,0,0,0,0,0,0,0,0,,0
00-0038752,Jake Bobo,WR,2024,2,REG,2024_02_SEA_NE,SEA,NE,0,0,0,0,0,0,0,0,0,0,0,0,2,2,15,0,0,0,0,0,,0,0,0,0,0,0,0,0,0,0,0,,0
00-0038783,Nate Adkins,TE,2024,2,REG,2024_02_PIT_DEN,DEN,PIT,0,0,0,0,0,0,0,0,0,0,0,0,0,1,0,0,0,0,0,0,,0,0,0,0,0,0,0,0,0,0,0,,0
00-0038794,Jaleel McLaughlin,RB,2024,2,REG,2024_02_PIT_DEN,DEN,PIT,0,0,0,0,0,0,0,3,6,0,1,0,0,0,0,0,0,0,0,0,,0,0,0,0,0,0,0,0,0,0,0,,0
00-0038797,Emanuel Wilson,RB,2024,2,REG,2024_02_IND_GB,GB,IND,0,0,0,0,0,0,0,5,9,0,1,0,0,0,0,0,0,0,0,0,,0,0,0,0,0,0,0,0,0,0,0,,0
00-0038905,Blake Grupe,K,2024,2,REG,2024_02_NO_DAL,NO,DAL,0,0,0,0,0,0,0,0,0,0,0,0,0,0,0,0,0,0,1,1,26,0,1,0,0,0,0,5,6,0,0,0,,0
00-0038933,Dalton Kincaid,TE,2024,2,REG,2024_02_BUF_MIA,BUF,MIA,0,0,0,0,0,0,0,0,0,0,0,0,4,4,33,0,0,0,0,0,,0,0,0,0,0,0,0,0,0,0,0,,0
00-0038935,Brenton Strange,TE,2024,2,REG,2024_02_CLE_JAX,JAX,CLE,0,0,0,0,0,0,0,0,0,0,0,0,3,6,65,0,2,0,0,0,,0,0,0,0,0,0,0,0,0,0,0,,0
00-0038976,Marvin Mims Jr.,WR,2024,2,REG,2024_02_PIT_DEN,DEN,PIT,0,0,0,0,0,0,0,0,0,0,0,0,1,2,10,0,0,0,0,0,,0,0,0,0,0,0,0,0,0,0,0,,0
00-0038977,Tank Dell,WR,2024,2,REG,2024_02_CHI_HOU,HOU,CHI,0,0,0,0,0,0,0,3,16,0,1,0,1,4,-3,0,0,0,0,0,,0,0,0,0,0,0,0,0,0,0,0,,0
00-0038979,Cedric Tillman,WR,2024,2,REG,2024_02_CLE_JAX,CLE,JAX,0,0,0,0,0,0,0,0,0,0,0,0,1,2,2,0,0,0,0,0,,0,0,0,0,0,0,0,0,0,0,0,,0
00-0038981,Wanya Morris,OT,2024,2,REG,2024_02_CIN_KC,KC,CIN,0,0,0,0,0,0,0,0,0,0,0,0,1,1,1,1,1,0,0,0,,0,0,0,0,0,0,0,0,0,0,0,,0
00-0038996,Tucker Kraft,TE,2024,2,REG,2024_02_IND_GB,GB,IND,0,0,0,0,0,0,0,0,0,0,0,0,2,2,16,0,1,0,0,0,,0,0,0,0,0,0,0,0,0,0,0,,0
00-0038998,Jake Haener,QB,2024,2,REG,2024_02_NO_DAL,NO,DAL,0,0,0,0,0,0,0,3,-3,0,0,0,0,0,0,0,0,0,0,0,,0,0,0,0,0,0,0,0,0,0,0,,0
00-0039032,Tyjae Spears,RB,2024,2,REG,2024_02_NYJ_TEN,TEN,NYJ,0,0,0,0,0,0,0,6,20,0,2,0,2,2,11,0,0,0,0,0,,0,0,0,0,0,0,0,0,0,0,0,,0
00-0039040,De'Von Achane,RB,2024,2,REG,2024_02_BUF_MIA,MIA,BUF,0,0,0,0,0,0,0,22,96,0,4,0,7,7,69,1,5,0,0,0,,0,0,0,0,0,0,0,0,0,0,0,,0
00-0039041,Elijah Higgins,TE,2024,2,REG,2024_02_LA_ARI,ARI,LA,0,0,0,0,0,0,0,0,0,0,0,0,1,1,18,1,1,0,0,0,,0,0,0,0,0,0,0,0,0,0,0,,0
00-0039059,Ethan Evans,P,2024,2,REG,2024_02_LA_ARI,LA,ARI,0,0,0,0,0,0,0,0,0,0,0,0,0,0,0,0,0,0,0,0,,0,0,0,0,0,0,0,0,4,215,185,63,2
00-0039062,Jonathan Mingo,WR,2024,2,REG,2024_02_LAC_CAR,CAR,LAC,0,0,0,0,0,0,0,0,0,0,0,0,1,2,1,0,0,0,0,0,,0,0,0,0,0,0,0,0,0,0,0,,0
00-0039064,Zay Flowers,WR,2024,2,REG,2024_02_LV_BAL,BAL,LV,0,0,0,0,0,0,0,0,0,0,0,0,7,11,91,1,4,0,0,0,,0,0,0,0,0,0,0,0,0,0,0,,0
00-0039065,Sam LaPorta,TE,2024,2,REG,2024_02_TB_DET,DET,TB,0,0,0,0,0,0,0,0,0,0,0,0,2,3,13,0,1,0,0,0,,0,0,0,0,0,0,0,0,0,0,0,,0
00-0039066,Michael Mayer,TE,2024,2,REG,2024_02_LV_BAL,LV,BAL,0,0,0,0,0,0,0,0,0,0,0,0,1,1,11,0,1,0,0,0,,0,0,0,0,0,0,0,0,0,0,0,,0
00-0039067,Rashee Rice,WR,2024,2,REG,2024_02_CIN_KC,KC,CIN,0,0,0,0,0,0,0,0,0,0,0,0,5,6,75,1,3,0,0,0,,0,0,0,0,0,0,0,0,0,0,0,,0
00-0039139,Jahmyr Gibbs,RB,2024,2,REG,2024_02_TB_DET,DET,TB,0,0,0,0,0,0,0,13,84,0,3,0,7,7,22,0,2,0,0,0,,0,0,0,0,0,0,0,0,0,0,0,,0
00-0039144,Luke Musgrave,TE,2024,2,REG,2024_02_IND_GB,GB,IND,0,0,0,0,0,0,0,0,0,0,0,0,1,1,6,0,0,0,0,0,,0,0,0,0,0,0,0,0,0,0,0,,0
00-0039146,Jayden Reed,WR,2024,2,REG,2024_02_IND_GB,GB,IND,0,0,0,0,0,0,0,2,37,0,2,0,2,2,9,0,0,0,0,0,,0,0,0,0,0,0,0,0,0,0,0,,0
00-0039150,Bryce Young,QB,2024,2,REG,2024_02_LAC_CAR,CAR,LAC,18,26,84,0,1,2,-15,1,6,0,0,0,0,0,0,0,0,0,0,0,,0,0,0,0,0,0,0,0,0,0,0,,0
00-0039152,Will Levis,QB,2024,2,REG,2024_02_NYJ_TEN,TEN,NYJ,19,28,192,1,1,4,-22,4,38,0,3,0,0,0,0,0,0,0,0,0,,0,0,0,0,0,0,0,0,0,0,0,,0
00-0039163,C.J. Stroud,QB,2024,2,REG,2024_02_CHI_HOU,HOU,CHI,23,36,260,1,0,3,-25,1,-1,0,0,0,0,0,0,0,0,0,0,0,,0,0,0,0,0,0,0,0,0,0,0,,0
00-0039164,Anthony Richardson,QB,2024,2,REG,2024_02_IND_GB,IND,GB,17,34,204,1,3,1,-6,4,37,0,2,0,0,0,0,0,0,0,0,0,,0,0,0,0,0,0,0,0,0,0,0,,0
00-0039165,Zach Charbonnet,RB,2024,2,REG,2024_02_SEA_NE,SEA,NE,0,0,0,0,0,0,0,14,38,1,2,0,5,5,31,0,1,0,0,0,,0,0,0,0,0,0,0,0,0,0,0,,0
00-0039172,Jake Bates,K,2024,2,REG,2024_02_TB_DET,DET,TB,0,0,0,0,0,0,0,0,0,0,0,0,0,0,0,0,0,0,3,3,35,0,1,2,0,0,0,1,1,0,0,0,,0
00-0039236,Johnny Wilson,WR,2024,2,REG,2024_02_ATL_PHI,PHI,ATL,0,0,0,0,0,0,0,0,0,0,0,0,0,1,0,0,0,0,0,0,,0,0,0,0,0,0,0,0,0,0,0,,0
00-0039323,Ryan Rehkow,P,2024,2,REG,2024_02_CIN_KC,CIN,KC,0,0,0,0,0,0,0,0,0,0,0,0,0,0,0,0,0,0,0,0,,0,0,0,0,0,0,0,0,2,98,85,53,0
00-0039325,Carson Steele,RB,2024,2,REG,2024_02_CIN_KC,KC,CIN,0,0,0,0,0,0,0,7,24,0,4,1,0,0,0,0,0,0,0,0,,0,0,0,0,0,0,0,0,0,0,0,,0
00-0039337,Malik Nabers,WR,2024,2,REG,2024_02_NYG_WAS,NYG,WAS,0,0,0,0,0,0,0,0,0,0,0,0,10,18,127,1,7,0,0,0,,0,0,0,0,0,0,0,0,0,0,0,,0
00-0039338,Brock Bowers,TE,2024,2,REG,2024_02_LV_BAL,LV,BAL,0,0,0,0,0,0,0,0,0,0,0,0,9,9,98,0,5,0,0,0,,0,0,0,0,0,0,0,0,0,0,0,,0
00-0039356,Ja'Tavion Sanders,TE,2024,2,REG,2024_02_LAC_CAR,CAR,LAC,0,0,0,0,0,0,0,0,0,0,0,0,2,2,8,0,0,0,0,0,,0,0,0,0,0,0,0,0,0,0,0,,0
00-0039359,Cade Stover,TE,2024,2,REG,2024_02_CHI_HOU,HOU,CHI,0,0,0,0,0,0,0,0,0,0,0,0,1,1,18,0,1,0,0,0,,0,0,0,0,0,0,0,0,0,0,0,,0
00-0039361,Bucky Irving,RB,2024,2,REG,2024_02_TB_DET,TB,DET,0,0,0,0,0,0,0,7,22,0,0,0,0,0,0,0,0,0,0,0,,0,0,0,0,0,0,0,0,0,0,0,,0
00-0039363,Isaac Guerendo,RB,2024,2,REG,2024_02_SF_MIN,SF,MIN,0,0,0,0,0,0,0,1,0,0,0,0,0,0,0,0,0,0,0,0,,0,0,0,0,0,0,0,0,0,0,0,,0
00-0039364,Sione Vaki,RB,2024,2,REG,2024_02_TB_DET,DET,TB,0,0,0,0,0,0,0,0,0,0,0,0,1,1,17,0,1,0,0,0,,0,0,0,0,0,0,0,0,0,0,0,,0
00-0039384,Tyrone Tracy Jr.,RB,2024,2,REG,2024_02_NYG_WAS,NYG,WAS,0,0,0,0,0,0,0,1,2,0,0,0,0,0,0,0,0,0,0,0,,0,0,0,0,0,0,0,0,0,0,0,,0
00-0039404,Will Reichard,K,2024,2,REG,2024_02_SF_MIN,MIN,SF,0,0,0,0,0,0,0,0,0,0,0,0,0,0,0,0,0,0,3,3,39,0,2,1,0,0,0,2,2,0,0,0,,0
00-0039409,Cam Little,K,2024,2,REG,2024_02_CLE_JAX,JAX,CLE,0,0,0,0,0,0,0,0,0,0,0,0,0,0,0,0,0,0,2,3,25,0,2,0,0,0,0,1,1,0,0,0,,0
00-0039530,Brevyn Spann-Ford,TE,2024,2,REG,2024_02_NO_DAL,DAL,NO,0,0,0,0,0,0,0,0,0,0,0,0,0,1,0,0,0,0,0,0,,0,0,0,0,0,0,0,0,0,0,0,,0
00-0039611,Matthew Hayball,P,2024,2,REG,2024_02_NO_DAL,NO,DAL,0,0,0,0,0,0,0,0,0,0,0,0,0,0,0,0,0,0,0,0,,0,0,0,0,0,0,0,0,1,49,49,49,1
00-0039649,Brayden Narveson,K,2024,2,REG,2024_02_IND_GB,GB,IND,0,0,0,0,0,0,0,0,0,0,0,0,0,0,0,0,0,0,3,4,46,0,0,1,2,0,0,1,1,0,0,0,,0
00-0039732,Bo Nix,QB,2024,2,REG,2024_02_PIT_DEN,DEN,PIT,20,35,246,0,2,2,-15,4,25,0,2,0,0,0,0,0,0,0,0,0,,0,0,0,0,0,0,0,0,0,0,0,,0
00-0039738,Blake Corum,RB,2024,2,REG,2024_02_LA_ARI,LA,ARI,0,0,0,0,0,0,0,8,28,0,2,0,0,0,0,0,0,0,0,0,,0,0,0,0,0,0,0,0,0,0,0,,0
00-0039745,Tory Taylor,P,2024,2,REG,2024_02_CHI_HOU,CHI,HOU,0,0,0,0,0,0,0,0,0,0,0,0,0,0,0,0,0,0,0,0,,0,0,0,0,0,0,0,0,6,284,273,57,2
00-0039750,Joshua Karty,K,2024,2,REG,2024_02_LA_ARI,LA,ARI,0,0,0,0,0,0,0,0,0,0,0,0,0,0,0,0,0,0,1,1,29,0,1,0,0,0,0,1,1,0,0,0,,0
00-0039751,Jordan Whittington,WR,2024,2,REG,2024_02_LA_ARI,LA,ARI,0,0,0,0,0,0,0,0,0,0,0,0,2,2,22,0,1,0,0,0,,0,0,0,0,0,0,0,0,0,0,0,,0
00-0039794,Braelon Allen,RB,2024,2,REG,2024_02_NYJ_TEN,NYJ,TEN,0,0,0,0,0,0,0,7,33,1,2,0,2,4,23,1,2,0,0,0,,0,0,0,0,0,0,0,0,0,0,0,,0
00-0039810,Jermaine Burton,WR,2024,2,REG,2024_02_CIN_KC,CIN,KC,0,0,0,0,0,0,0,0,0,0,0,0,1,2,47,0,1,0,0,0,,0,0,0,0,0,0,0,0,0,0,0,,0
00-0039811,MarShawn Lloyd,RB,2024,2,REG,2024_02_IND_GB,GB,IND,0,0,0,0,0,0,0,6,15,0,0,0,1,1,3,0,0,0,0,0,,0,0,0,0,0,0,0,0,0,0,0,,0
00-0039814,Erick All,TE,2024,2,REG,2024_02_CIN_KC,CIN,KC,0,0,0,0,0,0,0,0,0,0,0,0,4,4,32,0,1,0,0,0,,0,0,0,0,0,0,0,0,0,0,0,,0
00-0039824,Jared Wiley,TE,2024,2,REG,2024_02_CIN_KC,KC,CIN,0,0,0,0,0,0,0,0,0,0,0,0,1,1,7,0,0,0,0,0,,0,0,0,0,0,0,0,0,0,0,0,,0
00-0039849,Marvin Harrison Jr.,WR,2024,2,REG,2024_02_LA_ARI,ARI,LA,0,0,0,0,0,0,0,0,0,0,0,0,4,8,130,2,4,0,0,0,,0,0,0,0,0,0,0,0,0,0,0,,0
00-0039855,Jalen McMillan,WR,2024,2,REG,2024_02_TB_DET,TB,DET,0,0,0,0,0,0,0,0,0,0,0,0,1,2,21,0,1,0,0,0,,0,0,0,0,0,0,0,0,0,0,0,,0
00-0039868,Troy Franklin,WR,2024,2,REG,2024_02_PIT_DEN,DEN,PIT,0,0,0,0,0,0,0,0,0,0,0,0,0,1,0,0,0,0,0,0,,0,0,0,0,0,0,0,0,0,0,0,,0
00-0039874,Jaylen Wright,RB,2024,2,REG,2024_02_BUF_MIA,MIA,BUF,0,0,0,0,0,0,0,5,4,0,0,0,0,0,0,0,0,0,0,0,,0,0,0,0,0,0,0,0,0,0,0,,0
00-0039875,Ray Davis,RB,2024,2,REG,2024_02_BUF_MIA,BUF,MIA,0,0,0,0,0,0,0,9,29,0,2,0,1,1,-1,0,0,0,0,0,,0,0,0,0,0,0,0,0,0,0,0,,0
00-0039890,Adonai Mitchell,WR,2024,2,REG,2024_02_IND_GB,IND,GB,0,0,0,0,0,0,0,0,0,0,0,0,1,4,30,0,1,0,0,0,,0,0,0,0,0,0,0,0,0,0,0,,0
00-0039893,Brian Thomas Jr.,WR,2024,2,REG,2024_02_CLE_JAX,JAX,CLE,0,0,0,0,0,0,0,0,0,0,0,0,2,4,94,0,2,0,0,0,,0,0,0,0,0,0,0,0,0,0,0,,0
00-0039894,Xavier Worthy,WR,2024,2,REG,2024_02_CIN_KC,KC,CIN,0,0,0,0,0,0,0,1,5,0,0,0,2,4,17,0,1,0,0,0,,0,0,0,0,0,0,0,0,0,0,0,,0
00-0039901,Keon Coleman,WR,2024,2,REG,2024_02_BUF_MIA,BUF,MIA,0,0,0,0,0,0,0,0,0,0,0,0,0,1,0,0,0,0,0,0,,0,0,0,0,0,0,0,0,0,0,0,,0
00-0039907,Ja'Lynn Polk,WR,2024,2,REG,2024_02_SEA_NE,NE,SEA,0,0,0,0,0,0,0,1,0,0,0,0,2,3,12,1,1,0,0,0,,0,0,0,0,0,0,0,0,0,0,0,,0
00-0039910,Jayden Daniels,QB,2024,2,REG,2024_02_NYG_WAS,WAS,NYG,23,29,226,0,0,5,-16,10,44,0,2,0,0,0,0,0,0,0,0,0,,0,0,0,0,0,0,0,0,0,0,0,,0
00-0039915,Ladd McConkey,WR,2024,2,REG,2024_02_LAC_CAR,LAC,CAR,0,0,0,0,0,0,0,0,0,0,0,0,2,4,26,0,2,0,0,0,,0,0,0,0,0,0,0,0,0,0,0,,0
00-0039918,Caleb Williams,QB,2024,2,REG,2024_02_CHI_HOU,CHI,HOU,23,37,174,0,2,7,-40,5,44,0,1,0,0,0,0,0,0,0,0,0,,0,0,0,0,0,0,0,0,0,0,0,,0
00-0039919,Rome Odunze,WR,2024,2,REG,2024_02_CHI_HOU,CHI,HOU,0,0,0,0,0,0,0,0,0,0,0,0,2,5,33,0,1,0,0,0,,0,0,0,0,0,0,0,0,0,0,0,,0
00-0039920,Malachi Corley,WR,2024,2,REG,2024_02_NYJ_TEN,NYJ,TEN,0,0,0,0,0,0,0,0,0,0,0,0,1,1,4,0,0,0,0,0,,0,0,0,0,0,0,0,0,0,0,0,,0
00-0039921,Trey Benson,RB,2024,2,REG,2024_02_LA_ARI,ARI,LA,0,0,0,0,0,0,0,11,10,0,1,0,1,1,7,0,0,0,0,0,,0,0,0,0,0,0,0,0,0,0,0,,0
00-0023459,Aaron Rodgers,QB,2024,3,REG,2024_03_NE_NYJ,NYJ,NE,27,35,281,2,0,2,-14,3,18,0,2,0,0,0,0,0,0,0,0,0,,0,0,0,0,0,0,0,0,0,0,0,,0
00-0023853,Matt Prater,K,2024,3,REG,2024_03_DET_ARI,ARI,DET,0,0,0,0,0,0,0,0,0,0,0,0,0,0,0,0,0,0,2,2,45,0,0,0,2,0,0,1,1,0,0,0,,0
00-0025565,Nick Folk,K,2024,3,REG,2024_03_GB_TEN,TEN,GB,0,0,0,0,0,0,0,0,0,0,0,0,0,0,0,0,0,0,0,0,,0,0,0,0,0,0,2,2,0,0,0,,0
00-0026498,Matthew Stafford,QB,2024,3,REG,2024_03_SF_LA,LA,SF,16,25,221,1,0,3,-23,0,0,0,0,0,0,0,0,0,0,0,0,0,,0,0,0,0,0,0,0,0,0,0,0,,0
00-0027114,Thomas Morstead,P,2024,3,REG,2024_03_NE_NYJ,NYJ,NE,0,0,0,0,0,0,0,0,0,0,0,0,0,0,0,0,0,0,0,0,,0,0,0,0,0,0,0,0,3,122,90,43,1
00-0027973,Andy Dalton,QB,2024,3,REG,2024_03_CAR_LV,CAR,LV,26,37,319,3,0,2,-13,2,-2,0,0,0,0,0,0,0,0,0,0,0,,0,0,0,0,0,0,0,0,0,0,0,,0
00-0028872,Johnny Hekker,P,2024,3,REG,2024_03_CAR_LV,CAR,LV,0,0,0,0,0,0,0,0,0,0,0,0,0,0,0,0,0,0,0,0,,0,0,0,0,0,0,0,0,4,177,177,51,2
00-0029597,Justin Tucker,K,2024,3,REG,2024_03_BAL_DAL,BAL,DAL,0,0,0,0,0,0,0,0,0,0,0,0,0,0,0,0,0,0,0,1,,0,0,0,0,0,0,4,4,0,0,0,,0
00-0029604,Kirk Cousins,QB,2024,3,REG,2024_03_KC_ATL,ATL,KC,20,29,230,1,1,2,-1,1,-1,0,0,0,0,0,0,0,0,0,0,0,,0,0,0,0,0,0,0,0,0,0,0,,0
00-0029621,Greg Zuerlein,K,2024,3,REG,2024_03_NE_NYJ,NYJ,NE,0,0,0,0,0,0,0,0,0,0,0,0,0,0,0,0,0,0,1,2,28,0,1,0,0,0,0,3,3,0,0,0,,0
00-0029692,Bryan Anger,P,2024,3,REG,2024_03_BAL_DAL,DAL,BAL,0,0,0,0,0,0,0,0,0,0,0,0,0,0,0,0,0,0,0,0,,0,0,0,0,0,0,0,0,4,209,180,62,2
00-0029892,Kyle Juszczyk,FB,2024,3,REG,2024_03_SF_LA,SF,LA,0,0,0,0,0,0,0,0,0,0,0,0,1,1,6,0,0,0,0,0,,0,0,0,0,0,0,0,0,0,0,0,,0
00-0030035,Adam Thielen,WR,2024,3,REG,2024_03_CAR_LV,CAR,LV,0,0,0,0,0,0,0,0,0,0,0,0,3,5,40,1,2,0,0,0,,0,0,0,0,0,0,0,0,0,0,0,,0
00-0030061,Zach Ertz,TE,2024,3,REG,2024_03_WAS_CIN,WAS,CIN,0,0,0,0,0,0,0,0,0,0,0,0,5,5,38,0,2,0,0,0,,0,0,0,0,0,0,0,0,0,0,0,,0
00-0030092,Sam Martin,P,2024,3,REG,2024_03_JAX_BUF,BUF,JAX,0,0,0,0,0,0,0,0,0,0,0,0,0,0,0,0,0,0,0,0,,0,0,0,0,0,0,0,0,1,49,49,49,1
00-0030098,Dustin Hopkins,K,2024,3,REG,2024_03_NYG_CLE,CLE,NYG,0,0,0,0,0,0,0,0,0,0,0,0,0,0,0,0,0,0,0,1,,0,0,0,0,0,0,1,1,0,0,0,,0
00-0030431,Robert Woods,WR,2024,3,REG,2024_03_HOU_MIN,HOU,MIN,0,0,0,0,0,0,0,0,0,0,0,0,2,2,18,0,0,0,0,0,,0,0,0,0,0,0,0,0,0,0,0,,0
00-0030506,Travis Kelce,TE,2024,3,REG,2024_03_KC_ATL,KC,ATL,0,0,0,0,0,0,0,0,0,0,0,0,4,5,30,0,2,0,0,0,,0,0,0,0,0,0,0,0,0,0,0,,0
00-0030564,DeAndre Hopkins,WR,2024,3,REG,2024_03_GB_TEN,TEN,GB,0,0,0,0,0,0,0,0,0,0,0,0,6,7,73,1,5,0,0,0,,0,0,0,0,0,0,0,0,0,0,0,,0
00-0030565,Geno Smith,QB,2024,3,REG,2024_03_MIA_SEA,SEA,MIA,26,34,289,1,2,3,-19,2,-2,0,0,0,0,0,0,0,0,0,0,0,,0,0,0,0,0,0,0,0,0,0,0,,0
00-0030578,Cordarrelle Patterson,RB,2024,3,REG,2024_03_LAC_PIT,PIT,LAC,0,0,0,0,0,0,0,4,33,0,2,0,3,5,15,0,1,0,0,0,,0,0,0,0,0,0,0,0,0,0,0,,0
00-0031136,Chris Boswell,K,2024,3,REG,2024_03_LAC_PIT,PIT,LAC,0,0,0,0,0,0,0,0,0,0,0,0,0,0,0,0,0,0,2,3,38,0,0,2,0,0,0,2,2,0,0,0,,0
00-0031203,Cairo Santos,K,2024,3,REG,2024_03_CHI_IND,CHI,IND,0,0,0,0,0,0,0,0,0,0,0,0,0,0,0,0,0,0,1,2,53,0,0,0,0,1,0,1,1,0,0,0,,0
00-0031236,Brandin Cooks,WR,2024,3,REG,2024_03_BAL_DAL,DAL,BAL,0,0,0,0,0,0,0,0,0,0,0,0,2,6,16,0,1,0,0,0,,0,0,0,0,0,0,0,0,0,0,0,,0
00-0031280,Derek Carr,QB,2024,3,REG,2024_03_PHI_NO,NO,PHI,14,25,142,1,1,1,-12,2,3,0,0,0,0,0,0,0,0,0,0,0,,0,0,0,0,0,0,0,0,0,0,0,,0
00-0031381,Davante Adams,WR,2024,3,REG,2024_03_CAR_LV,LV,CAR,0,0,0,0,0,0,0,0,0,0,0,0,4,9,40,0,2,0,0,0,,0,0,0,0,0,0,0,0,0,0,0,,0
00-0031408,Mike Evans,WR,2024,3,REG,2024_03_DEN_TB,TB,DEN,0,0,0,0,0,0,0,0,0,0,0,0,2,3,17,0,0,0,0,0,,0,0,0,0,0,0,0,0,0,0,0,,0
00-0031492,Jason Myers,K,2024,3,REG,2024_03_MIA_SEA,SEA,MIA,0,0,0,0,0,0,0,0,0,0,0,0,0,0,0,0,0,0,1,2,56,0,0,0,0,1,0,3,3,0,0,0,,0
00-0031503,Jameis Winston,QB,2024,3,REG,2024_03_NYG_CLE,CLE,NYG,0,0,0,0,0,0,0,2,1,0,1,0,0,0,0,0,0,0,0,0,,0,0,0,0,0,0,0,0,0,0,0,,0
00-0031544,Amari Cooper,WR,2024,3,REG,2024_03_NYG_CLE,CLE,NYG,0,0,0,0,0,0,0,0,0,0,0,0,7,12,86,2,4,0,0,0,,0,0,0,0,0,0,0,0,0,0,0,,0
00-0031549,Nelson Agholor,WR,2024,3,REG,2024_03_BAL_DAL,BAL,DAL,0,0,0,0,0,0,0,0,0,0,0,0,1,1,56,0,1,0,0,0,,0,0,0,0,0,0,0,0,0,0,0,,0
00-0031588,Stefon Diggs,WR,2024,3,REG,2024_03_HOU_MIN,HOU,MIN,1,1,13,0,0,0,0,0,0,0,0,0,10,12,94,0,6,0,0,0,,0,0,0,0,0,0,0,0,0,0,0,,0
00-0031763,DeAndre Carter,WR,2024,3,REG,2024_03_CHI_IND,CHI,IND,0,0,0,0,0,0,0,0,0,0,0,0,3,6,22,0,1,0,0,0,,0,0,0,0,0,0,0,0,0,0,0,,0
00-0031800,Taylor Heinicke,QB,2024,3,REG,2024_03_LAC_PIT,LAC,PIT,2,2,24,0,0,3,-28,0,0,0,0,0,0,0,0,0,0,0,0,0,,0,0,0,0,0,0,0,0,0,0,0,,0
00-0032065,Bradley Pinion,P,2024,3,REG,2024_03_KC_ATL,ATL,KC,0,0,0,0,0,0,0,0,0,0,0,0,0,0,0,0,0,0,0,0,,0,0,0,0,0,0,0,0,3,162,130,65,0
00-0032104,Ameer Abdullah,RB,2024,3,REG,2024_03_CAR_LV,LV,CAR,0,0,0,0,0,0,0,0,0,0,0,0,2,2,13,0,0,0,0,0,,0,0,0,0,0,0,0,0,0,0,0,,0
00-0032211,Tyler Lockett,WR,2024,3,REG,2024_03_MIA_SEA,SEA,MIA,0,0,0,0,0,0,0,0,0,0,0,0,5,8,46,0,4,0,0,0,,0,0,0,0,0,0,0,0,0,0,0,,0
00-0032392,Austin Hooper,TE,2024,3,REG,2024_03_NE_NYJ,NE,NYJ,0,0,0,0,0,0,0,0,0,0,0,0,1,4,19,0,1,0,0,0,,0,0,0,0,0,0,0,0,0,0,0,,0
00-0032394,Nick Vannett,TE,2024,3,REG,2024_03_GB_TEN,TEN,GB,0,0,0,0,0,0,0,0,0,0,0,0,2,2,9,1,1,0,0,0,,0,0,0,0,0,0,0,0,0,0,0,,0
00-0032569,Wil Lutz,K,2024,3,REG,2024_03_DEN_TB,DEN,TB,0,0,0,0,0,0,0,0,0,0,0,0,0,0,0,0,0,0,4,4,43,0,0,2,2,0,0,2,2,0,0,0,,0
00-0032701,Jake Brendel,C,2024,3,REG,2024_03_SF_LA,SF,LA,0,0,0,0,0,0,0,0,0,0,0,0,0,0,2,0,0,0,0,0,,0,0,0,0,0,0,0,0,0,0,0,,0
00-0032726,Ka'imi Fairbairn,K,2024,3,REG,2024_03_HOU_MIN,HOU,MIN,0,0,0,0,0,0,0,0,0,0,0,0,0,0,0,0,0,0,0,1,,0,0,0,0,0,0,1,1,0,0,0,,0
00-0032764,Derrick Henry,RB,2024,3,REG,2024_03_BAL_DAL,BAL,DAL,0,0,0,0,0,0,0,25,151,2,8,0,1,1,23,0,1,0,0,0,,0,0,0,0,0,0,0,0,0,0,0,,0
00-0032775,Demarcus Robinson,WR,2024,3,REG,2024_03_SF_LA,LA,SF,0,0,0,0,0,0,0,0,0,0,0,0,1,4,32,0,1,0,0,0,,0,0,0,0,0,0,0,0,0,0,0,,0
00-0032943,Riley Dixon,P,2024,3,REG,2024_03_DEN_TB,DEN,TB,0,0,0,0,0,0,0,0,0,0,0,0,0,0,0,0,0,0,0,0,,0,0,0,0,0,0,0,0,2,96,96,49,1
00-0033009,Tyler Boyd,WR,2024,3,REG,2024_03_GB_TEN,TEN,GB,0,0,0,0,0,0,0,0,0,0,0,0,3,4,33,0,2,0,0,0,,0,0,0,0,0,0,0,0,0,0,0,,0
00-0033040,Tyreek Hill,WR,2024,3,REG,2024_03_MIA_SEA,MIA,SEA,0,0,0,0,0,0,0,0,0,0,0,0,3,5,40,0,2,0,0,0,,0,0,0,0,0,0,0,0,0,0,0,,0
00-0033045,Ezekiel Elliott,RB,2024,3,REG,2024_03_BAL_DAL,DAL,BAL,0,0,0,0,0,0,0,3,6,0,1,0,1,2,6,0,0,0,0,0,,0,0,0,0,0,0,0,0,0,0,0,,0
00-0033077,Dak Prescott,QB,2024,3,REG,2024_03_BAL_DAL,DAL,BAL,28,51,379,2,0,3,-18,2,7,1,1,0,0,0,0,0,0,0,0,0,,0,0,0,0,0,0,0,0,0,0,0,,0
00-0033090,Hunter Henry,TE,2024,3,REG,2024_03_NE_NYJ,NE,NYJ,0,0,0,0,0,0,0,0,0,0,0,0,2,3,9,0,1,0,0,0,,0,0,0,0,0,0,0,0,0,0,0,,0
00-0033106,Jared Goff,QB,2024,3,REG,2024_03_DET_ARI,DET,ARI,18,23,199,2,1,2,-13,3,6,0,1,0,0,0,0,0,0,0,0,0,,0,0,0,0,0,0,0,0,0,0,0,,0
00-0033119,Jacoby Brissett,QB,2024,3,REG,2024_03_NE_NYJ,NE,NYJ,12,18,98,0,0,5,-46,0,0,0,0,0,0,0,0,0,0,0,0,0,,0,0,0,0,0,0,0,0,0,0,0,,0
00-0033217,Mo Alie-Cox,TE,2024,3,REG,2024_03_CHI_IND,IND,CHI,0,0,0,0,0,0,0,0,0,0,0,0,0,1,0,0,0,0,0,0,,0,0,0,0,0,0,0,0,0,0,0,,0
00-0033246,Johnny Mundt,TE,2024,3,REG,2024_03_HOU_MIN,MIN,HOU,0,0,0,0,0,0,0,0,0,0,0,0,1,3,2,1,1,0,0,0,,0,0,0,0,0,0,0,0,0,0,0,,0
00-0033269,Rigoberto Sanchez,P,2024,3,REG,2024_03_CHI_IND,IND,CHI,0,0,0,0,0,0,0,0,0,0,0,0,0,0,0,0,0,0,0,0,,0,0,0,0,0,0,0,0,5,245,241,52,5
00-0033282,Curtis Samuel,WR,2024,3,REG,2024_03_JAX_BUF,BUF,JAX,0,0,0,0,0,0,0,1,0,0,0,0,3,3,22,0,1,0,0,0,,0,0,0,0,0,0,0,0,0,0,0,,0
00-0033293,Aaron Jones,RB,2024,3,REG,2024_03_HOU_MIN,MIN,HOU,0,0,0,0,0,0,0,19,102,0,4,0,5,6,46,1,2,0,0,0,,0,0,0,0,0,0,0,0,0,0,0,,0
00-0033303,Harrison Butker,K,2024,3,REG,2024_03_KC_ATL,KC,ATL,0,0,0,0,0,0,0,0,0,0,0,0,0,0,0,0,0,0,3,3,53,0,1,0,1,1,0,1,2,0,0,0,,0
00-0033319,Nick Mullens,QB,2024,3,REG,2024_03_HOU_MIN,MIN,HOU,0,0,0,0,0,0,0,1,0,0,0,0,0,0,0,0,0,0,0,0,,0,0,0,0,0,0,0,0,0,0,0,,0
00-0033375,Tim Patrick,WR,2024,3,REG,2024_03_DET_ARI,DET,ARI,0,0,0,0,0,0,0,0,0,0,0,0,1,1,8,0,0,0,0,0,,0,0,0,0,0,0,0,0,0,0,0,,0
00-0033439,Pharaoh Brown,TE,2024,3,REG,2024_03_MIA_SEA,SEA,MIA,0,0,0,0,0,0,0,0,0,0,0,0,1,2,9,0,0,0,0,0,,0,0,0,0,0,0,0,0,0,0,0,,0
00-0033526,Samaje Perine,RB,2024,3,REG,2024_03_KC_ATL,KC,ATL,0,0,0,0,0,0,0,6,25,0,1,0,3,4,15,0,0,0,0,0,,0,0,0,0,0,0,0,0,0,0,0,,0
00-0033536,Mike Williams,WR,2024,3,REG,2024_03_NE_NYJ,NYJ,NE,0,0,0,0,0,0,0,0,0,0,0,0,3,4,34,0,2,0,0,0,,0,0,0,0,0,0,0,0,0,0,0,,0
00-0033537,Deshaun Watson,QB,2024,3,REG,2024_03_NYG_CLE,CLE,NYG,21,37,196,2,0,8,-48,4,26,0,2,1,0,0,0,0,0,0,0,0,,0,0,0,0,0,0,0,0,0,0,0,,0
00-0033553,James Conner,RB,2024,3,REG,2024_03_DET_ARI,ARI,DET,0,0,0,0,0,0,0,9,17,0,0,0,1,1,8,0,0,0,0,0,,0,0,0,0,0,0,0,0,0,0,0,,0
00-0033555,Mack Hollins,WR,2024,3,REG,2024_03_JAX_BUF,BUF,JAX,0,0,0,0,0,0,0,0,0,0,0,0,1,2,16,0,1,0,0,0,,0,0,0,0,0,0,0,0,0,0,0,,0
00-0033576,Eric Saubert,TE,2024,3,REG,2024_03_SF_LA,SF,LA,0,0,0,0,0,0,0,0,0,0,0,0,2,2,41,0,0,0,0,0,,0,0,0,0,0,0,0,0,0,0,0,,0
00-0033591,Noah Brown,WR,2024,3,REG,2024_03_WAS_CIN,WAS,CIN,0,0,0,0,0,0,0,0,0,0,0,0,3,3,29,0,2,0,0,0,,0,0,0,0,0,0,0,0,0,0,0,,0
00-0033699,Austin Ekeler,RB,2024,3,REG,2024_03_WAS_CIN,WAS,CIN,0,0,0,0,0,0,0,3,35,1,1,0,2,2,22,0,2,0,0,0,,0,0,0,0,0,0,0,0,0,0,0,,0
00-0033702,Younghoe Koo,K,2024,3,REG,2024_03_KC_ATL,ATL,KC,0,0,0,0,0,0,0,0,0,0,0,0,0,0,0,0,0,0,1,1,54,0,0,0,0,1,0,2,2,0,0,0,,0
00-0033787,Jake Elliott,K,2024,3,REG,2024_03_PHI_NO,PHI,NO,0,0,0,0,0,0,0,0,0,0,0,0,0,0,0,0,0,0,0,1,,0,0,0,0,0,0,1,1,0,0,0,,0
00-0033854,Dare Ogunbowale,RB,2024,3,REG,2024_03_HOU_MIN,HOU,MIN,0,0,0,0,0,0,0,0,0,0,0,0,2,2,28,0,1,0,0,0,,0,0,0,0,0,0,0,0,0,0,0,,0
00-0033857,JuJu Smith-Schuster,WR,2024,3,REG,2024_03_KC_ATL,KC,ATL,0,0,0,0,0,0,0,0,0,0,0,0,2,3,17,1,1,0,0,0,,0,0,0,0,0,0,0,0,0,0,0,,0
00-0033858,Jonnu Smith,TE,2024,3,REG,2024_03_MIA_SEA,MIA,SEA,0,0,0,0,0,0,0,0,0,0,0,0,2,3,18,0,1,0,0,0,,0,0,0,0,0,0,0,0,0,0,0,,0
00-0033869,Mitchell Trubisky,QB,2024,3,REG,2024_03_JAX_BUF,BUF,JAX,1,1,3,0,0,0,0,1,-1,0,0,0,0,0,0,0,0,0,0,0,,0,0,0,0,0,0,0,0,0,0,0,,0
00-0033873,Patrick Mahomes,QB,2024,3,REG,2024_03_KC_ATL,KC,ATL,26,39,217,2,1,0,0,6,17,0,1,0,0,0,0,0,0,0,0,0,,0,0,0,0,0,0,0,0,0,0,0,,0
00-0033895,Gerald Everett,TE,2024,3,REG,2024_03_CHI_IND,CHI,IND,0,0,0,0,0,0,0,0,0,0,0,0,0,1,0,0,0,0,0,0,,0,0,0,0,0,0,0,0,0,0,0,,0
00-0033906,Alvin Kamara,RB,2024,3,REG,2024_03_PHI_NO,NO,PHI,0,0,0,0,0,0,0,26,87,0,5,0,3,3,40,0,1,0,0,0,,0,0,0,0,0,0,0,0,0,0,0,,0
00-0033921,Chris Godwin Jr.,WR,2024,3,REG,2024_03_DEN_TB,TB,DEN,0,0,0,0,0,0,0,0,0,0,0,0,6,9,53,1,5,0,0,0,,0,0,0,0,0,0,0,0,0,0,0,,0
00-0033925,D'Onta Foreman,RB,2024,3,REG,2024_03_NYG_CLE,CLE,NYG,0,0,0,0,0,0,0,2,5,0,0,0,0,0,0,0,0,0,0,0,,0,0,0,0,0,0,0,0,0,0,0,,0
00-0033943,Josh Reynolds,WR,2024,3,REG,2024_03_DEN_TB,DEN,TB,0,0,0,0,0,0,0,0,0,0,0,0,2,2,36,0,1,0,0,0,,0,0,0,0,0,0,0,0,0,0,0,,0
00-0033948,Jamaal Williams,RB,2024,3,REG,2024_03_PHI_NO,NO,PHI,0,0,0,0,0,0,0,1,-1,0,0,0,1,3,0,0,0,0,0,0,,0,0,0,0,0,0,0,0,0,0,0,,0
00-0033955,Jeremy McNichols,RB,2024,3,REG,2024_03_WAS_CIN,WAS,CIN,0,0,0,0,0,0,0,1,1,0,0,0,0,0,0,0,0,0,0,0,,0,0,0,0,0,0,0,0,0,0,0,,0
00-0034115,Jeff Wilson,RB,2024,3,REG,2024_03_MIA_SEA,MIA,SEA,0,0,0,0,0,0,0,3,14,0,0,0,0,0,0,0,0,0,0,0,,0,0,0,0,0,0,0,0,0,0,0,,0
00-0034159,Will Dissly,TE,2024,3,REG,2024_03_LAC_PIT,LAC,PIT,0,0,0,0,0,0,0,0,0,0,0,0,3,3,19,0,1,0,0,0,,0,0,0,0,0,0,0,0,0,0,0,,0
00-0034160,Michael Dickson,P,2024,3,REG,2024_03_MIA_SEA,SEA,MIA,0,0,0,0,0,0,0,0,0,0,0,0,0,0,0,0,0,0,0,0,,0,0,0,0,0,0,0,0,4,195,131,61,0
00-0034161,Daniel Carlson,K,2024,3,REG,2024_03_CAR_LV,LV,CAR,0,0,0,0,0,0,0,0,0,0,0,0,0,0,0,0,0,0,0,1,,0,0,0,0,0,0,2,2,0,0,0,,0
00-0034162,J.K. Scott,P,2024,3,REG,2024_03_LAC_PIT,LAC,PIT,0,0,0,0,0,0,0,0,0,0,0,0,0,0,0,0,0,0,0,0,,0,0,0,0,0,0,0,0,7,350,330,63,3
00-0034173,Eddy Pineiro,K,2024,3,REG,2024_03_CAR_LV,CAR,LV,0,0,0,0,0,0,0,0,0,0,0,0,0,0,0,0,0,0,3,3,43,0,1,1,1,0,0,3,3,0,0,0,,0
00-0034177,Tim Boyle,QB,2024,3,REG,2024_03_MIA_SEA,MIA,SEA,7,13,79,0,0,1,-9,1,6,0,0,0,0,0,0,0,0,0,0,0,,0,0,0,0,0,0,0,0,0,0,0,,0
00-0034184,Gus Edwards,RB,2024,3,REG,2024_03_LAC_PIT,LAC,PIT,0,0,0,0,0,0,0,3,9,0,0,0,0,0,0,0,0,0,0,0,,0,0,0,0,0,0,0,0,0,0,0,,0
00-0034270,Tyler Conklin,TE,2024,3,REG,2024_03_NE_NYJ,NYJ,NE,0,0,0,0,0,0,0,0,0,0,0,0,5,6,93,0,4,0,0,0,,0,0,0,0,0,0,0,0,0,0,0,,0
00-0034272,Marquez Valdes-Scantling,WR,2024,3,REG,2024_03_JAX_BUF,BUF,JAX,0,0,0,0,0,0,0,0,0,0,0,0,1,2,7,0,0,0,0,0,,0,0,0,0,0,0,0,0,0,0,0,,0
00-0034348,Courtland Sutton,WR,2024,3,REG,2024_03_DEN_TB,DEN,TB,0,0,0,0,0,0,0,0,0,0,0,0,7,11,68,0,5,0,0,0,,0,0,0,0,0,0,0,0,0,0,0,,0
00-0034351,Dallas Goedert,TE,2024,3,REG,2024_03_PHI_NO,PHI,NO,0,0,0,0,0,0,0,0,0,0,0,0,10,11,170,0,5,0,0,0,,0,0,0,0,0,0,0,0,0,0,0,,0
00-0034364,Jordan Akins,TE,2024,3,REG,2024_03_NYG_CLE,CLE,NYG,0,0,0,0,0,0,0,0,0,0,0,0,4,7,29,0,0,0,0,0,,0,0,0,0,0,0,0,0,0,0,0,,0
00-0034383,Dalton Schultz,TE,2024,3,REG,2024_03_HOU_MIN,HOU,MIN,0,0,0,0,0,0,0,0,0,0,0,0,2,5,11,0,1,0,0,0,,0,0,0,0,0,0,0,0,0,0,0,,0
00-0034386,Justin Watson,WR,2024,3,REG,2024_03_KC_ATL,KC,ATL,0,0,0,0,0,0,0,0,0,0,0,0,1,2,13,0,1,0,0,0,,0,0,0,0,0,0,0,0,0,0,0,,0
00-0034407,Ray-Ray McCloud,WR,2024,3,REG,2024_03_KC_ATL,ATL,KC,0,0,0,0,0,0,0,1,20,0,1,0,2,3,17,0,1,0,0,0,,0,0,0,0,0,0,0,0,0,0,0,,0
00-0034418,Cedrick Wilson Jr.,WR,2024,3,REG,2024_03_PHI_NO,NO,PHI,0,0,0,0,0,0,0,0,0,0,0,0,1,1,3,0,0,0,0,0,,0,0,0,0,0,0,0,0,0,0,0,,0
00-0034419,Braxton Berrios,WR,2024,3,REG,2024_03_MIA_SEA,MIA,SEA,0,0,0,0,0,0,0,0,0,0,0,0,0,1,0,0,0,0,0,0,,0,0,0,0,0,0,0,0,0,0,0,,0
00-0034437,Logan Cooke,P,2024,3,REG,2024_03_JAX_BUF,JAX,BUF,0,0,0,0,0,0,0,0,0,0,0,0,0,0,0,0,0,0,0,0,,0,0,0,0,0,0,0,0,2,109,68,59,0
00-0034450,Greg Joseph,K,2024,3,REG,2024_03_NYG_CLE,NYG,CLE,0,0,0,0,0,0,0,0,0,0,0,0,0,0,0,0,0,0,0,1,,0,0,0,0,0,0,3,3,0,0,0,,0
00-0034487,Trent Sherfield,WR,2024,3,REG,2024_03_HOU_MIN,MIN,HOU,0,0,0,0,0,0,0,0,0,0,0,0,1,1,8,0,0,0,0,0,,0,0,0,0,0,0,0,0,0,0,0,,0
00-0034521,Allen Lazard,WR,2024,3,REG,2024_03_NE_NYJ,NYJ,NE,0,0,0,0,0,0,0,0,0,0,0,0,3,3,48,1,3,0,0,0,,0,0,0,0,0,0,0,0,0,0,0,,0
00-0034571,Trent Scott,OT,2024,3,REG,2024_03_WAS_CIN,WAS,CIN,0,0,0,0,0,0,0,0,0,0,0,0,1,1,1,1,1,0,0,0,,0,0,0,0,0,0,0,0,0,0,0,,0
00-0034646,Brandon Powell,WR,2024,3,REG,2024_03_HOU_MIN,MIN,HOU,0,0,0,0,0,0,0,0,0,0,0,0,1,2,13,0,0,0,0,0,,0,0,0,0,0,0,0,0,0,0,0,,0
00-0034721,Corey Bojorquez,P,2024,3,REG,2024_03_NYG_CLE,CLE,NYG,0,0,0,0,0,0,0,0,0,0,0,0,0,0,0,0,0,0,0,0,,0,0,0,0,0,0,0,0,6,306,287,64,5
00-0034753,Mark Andrews,TE,2024,3,REG,2024_03_BAL_DAL,BAL,DAL,0,0,0,0,0,0,0,0,0,0,0,0,0,1,0,0,0,0,0,0,,0,0,0,0,0,0,0,0,0,0,0,,0
00-0034775,Christian Kirk,WR,2024,3,REG,2024_03_JAX_BUF,JAX,BUF,0,0,0,0,0,0,0,0,0,0,0,0,8,10,79,0,5,0,0,0,,0,0,0,0,0,0,0,0,0,0,0,,0
00-0034794,Jason Sanders,K,2024,3,REG,2024_03_MIA_SEA,MIA,SEA,0,0,0,0,0,0,0,0,0,0,0,0,0,0,0,0,0,0,1,2,23,0,1,0,0,0,0,0,0,0,0,0,,0
00-0034796,Lamar Jackson,QB,2024,3,REG,2024_03_BAL_DAL,BAL,DAL,12,15,182,1,0,0,0,14,87,1,6,0,0,0,0,0,0,0,0,0,,0,0,0,0,0,0,0,0,0,0,0,,0
00-0034798,Durham Smythe,TE,2024,3,REG,2024_03_MIA_SEA,MIA,SEA,0,0,0,0,0,0,0,0,0,0,0,0,1,2,3,0,0,0,0,0,,0,0,0,0,0,0,0,0,0,0,0,,0
00-0034827,DJ Moore,WR,2024,3,REG,2024_03_CHI_IND,CHI,IND,0,0,0,0,0,0,0,1,-6,0,0,0,8,10,78,0,3,0,0,0,,0,0,0,0,0,0,0,0,0,0,0,,0
00-0034829,Mike Gesicki,TE,2024,3,REG,2024_03_WAS_CIN,CIN,WAS,0,0,0,0,0,0,0,0,0,0,0,0,4,5,47,0,4,0,0,0,,0,0,0,0,0,0,0,0,0,0,0,,0
00-0034830,Hayden Hurst,TE,2024,3,REG,2024_03_LAC_PIT,LAC,PIT,0,0,0,0,0,0,0,0,0,0,0,0,2,2,15,0,0,0,0,0,,0,0,0,0,0,0,0,0,0,0,0,,0
00-0034837,Calvin Ridley,WR,2024,3,REG,2024_03_GB_TEN,TEN,GB,0,0,0,0,0,0,0,0,0,0,0,0,1,3,9,0,0,0,0,0,,0,0,0,0,0,0,0,0,0,0,0,,0
00-0034844,Saquon Barkley,RB,2024,3,REG,2024_03_PHI_NO,PHI,NO,0,0,0,0,0,0,0,17,147,2,7,0,4,4,9,0,0,0,0,0,,0,0,0,0,0,0,0,0,0,0,0,,0
00-0034855,Baker Mayfield,QB,2024,3,REG,2024_03_DEN_TB,TB,DEN,25,33,163,1,1,7,-31,0,0,0,0,0,0,0,0,0,0,0,0,0,,0,0,0,0,0,0,0,0,0,0,0,,0
00-0034857,Josh Allen,QB,2024,3,REG,2024_03_JAX_BUF,BUF,JAX,23,30,263,4,0,0,0,6,44,0,5,0,0,0,0,0,0,0,0,0,,0,0,0,0,0,0,0,0,0,0,0,,0
00-0034869,Sam Darnold,QB,2024,3,REG,2024_03_HOU_MIN,MIN,HOU,17,28,181,4,0,4,-25,0,0,0,0,0,0,0,0,0,0,0,0,0,,0,0,0,0,0,0,0,0,0,0,0,,0
00-0034941,Mitch Wishnowsky,P,2024,3,REG,2024_03_SF_LA,SF,LA,0,0,0,0,0,0,0,0,0,0,0,0,0,0,0,0,0,0,0,0,,0,0,0,0,0,0,0,0,2,90,52,47,1
00-0034960,Jakobi Meyers,WR,2024,3,REG,2024_03_CAR_LV,LV,CAR,0,0,0,0,0,0,0,0,0,0,0,0,7,9,62,1,4,0,0,0,,0,0,0,0,0,0,0,0,0,0,0,,0
00-0034972,Alexander Mattison,RB,2024,3,REG,2024_03_CAR_LV,LV,CAR,0,0,0,0,0,0,0,3,7,1,1,0,3,3,37,0,2,0,0,0,,0,0,0,0,0,0,0,0,0,0,0,,0
00-0034975,Justice Hill,RB,2024,3,REG,2024_03_BAL_DAL,BAL,DAL,0,0,0,0,0,0,0,5,33,0,2,0,2,2,21,0,2,0,0,0,,0,0,0,0,0,0,0,0,0,0,0,,0
00-0034981,Foster Moreau,TE,2024,3,REG,2024_03_PHI_NO,NO,PHI,0,0,0,0,0,0,0,0,0,0,0,0,1,2,2,0,1,0,0,0,,0,0,0,0,0,0,0,0,0,0,0,,0
00-0035021,Ashton Dulin,WR,2024,3,REG,2024_03_CHI_IND,IND,CHI,0,0,0,0,0,0,0,0,0,0,0,0,0,1,0,0,0,0,0,0,,0,0,0,0,0,0,0,0,0,0,0,,0
00-0035042,Jamie Gillan,P,2024,3,REG,2024_03_NYG_CLE,NYG,CLE,0,0,0,0,0,0,0,0,0,0,0,0,0,0,0,0,0,0,0,0,,0,0,0,0,0,0,0,0,7,361,283,67,2
00-0035125,Alec Ingold,FB,2024,3,REG,2024_03_MIA_SEA,MIA,SEA,0,0,0,0,0,0,0,1,-2,0,0,0,3,3,16,0,0,0,0,0,,0,0,0,0,0,0,0,0,0,0,0,,0
00-0035145,Austin Seibert,K,2024,3,REG,2024_03_WAS_CIN,WAS,CIN,0,0,0,0,0,0,0,0,0,0,0,0,0,0,0,0,0,0,1,1,42,0,0,0,1,0,0,5,5,0,0,0,,0
00-0035156,Jack Fox,P,2024,3,REG,2024_03_DET_ARI,DET,ARI,0,0,0,0,0,0,0,0,0,0,0,0,0,0,0,0,0,0,0,0,,0,0,0,0,0,0,0,0,5,247,227,68,4
00-0035190,AJ Cole,P,2024,3,REG,2024_03_CAR_LV,LV,CAR,0,0,0,0,0,0,0,0,0,0,0,0,0,0,0,0,0,0,0,0,,0,0,0,0,0,0,0,0,5,261,228,58,3
00-0035192,Joey Slye,K,2024,3,REG,2024_03_NE_NYJ,NE,NYJ,0,0,0,0,0,0,0,0,0,0,0,0,0,0,0,0,0,0,1,1,44,0,0,0,1,0,0,0,0,0,0,0,,0
00-0035216,Diontae Johnson,WR,2024,3,REG,2024_03_CAR_LV,CAR,LV,0,0,0,0,0,0,0,0,0,0,0,0,8,14,122,1,6,0,0,0,,0,0,0,0,0,0,0,0,0,0,0,,0
00-0035228,Kyler Murray,QB,2024,3,REG,2024_03_DET_ARI,ARI,DET,21,34,207,1,1,1,-7,5,45,0,2,0,0,0,0,0,0,0,0,0,,0,0,0,0,0,0,0,0,0,0,0,,0
00-0035243,Miles Sanders,RB,2024,3,REG,2024_03_CAR_LV,CAR,LV,0,0,0,0,0,0,0,7,17,1,1,0,2,2,13,0,0,0,0,0,,0,0,0,0,0,0,0,0,0,0,0,,0
00-0035249,Josh Oliver,TE,2024,3,REG,2024_03_HOU_MIN,MIN,HOU,0,0,0,0,0,0,0,0,0,0,0,0,0,1,0,0,0,0,0,0,,0,0,0,0,0,0,0,0,0,0,0,,0
00-0035250,Devin Singletary,RB,2024,3,REG,2024_03_NYG_CLE,NYG,CLE,0,0,0,0,0,0,0,16,65,1,4,1,4,4,43,0,1,0,0,0,,0,0,0,0,0,0,0,0,0,0,0,,0
00-0035261,Tony Pollard,RB,2024,3,REG,2024_03_GB_TEN,TEN,GB,0,0,0,0,0,0,0,6,14,0,1,0,3,4,15,0,0,0,0,0,,0,0,0,0,0,0,0,0,0,0,0,,0
00-0035269,Matt Gay,K,2024,3,REG,2024_03_CHI_IND,IND,CHI,0,0,0,0,0,0,0,0,0,0,0,0,0,0,0,0,0,0,0,0,,0,0,0,0,0,0,3,3,0,0,0,,0
00-0035280,Jake Bailey,P,2024,3,REG,2024_03_MIA_SEA,MIA,SEA,0,0,0,0,0,0,0,0,0,0,0,0,0,0,0,0,0,0,0,0,,0,0,0,0,0,0,0,0,6,277,238,53,3
00-0035289,Gardner Minshew,QB,2024,3,REG,2024_03_CAR_LV,LV,CAR,18,28,214,1,1,2,-8,3,14,0,1,0,0,0,0,0,0,0,0,0,,0,0,0,0,0,0,0,0,0,0,0,,0
00-0035298,Scott Miller,WR,2024,3,REG,2024_03_LAC_PIT,PIT,LAC,0,0,0,0,0,0,0,0,0,0,0,0,2,2,31,0,1,0,0,0,,0,0,0,0,0,0,0,0,0,0,0,,0
00-0035358,Chase McLaughlin,K,2024,3,REG,2024_03_DEN_TB,TB,DEN,0,0,0,0,0,0,0,0,0,0,0,0,0,0,0,0,0,0,0,0,,0,0,0,0,0,0,1,1,0,0,0,,0
00-0035406,Lil'Jordan Humphrey,WR,2024,3,REG,2024_03_DEN_TB,DEN,TB,0,0,0,0,0,0,0,0,0,0,0,0,6,8,37,0,1,0,0,0,,0,0,0,0,0,0,0,0,0,0,0,,0
00-0035500,Greg Dortch,WR,2024,3,REG,2024_03_DET_ARI,ARI,DET,0,0,0,0,0,0,0,0,0,0,0,0,3,6,35,0,2,0,0,0,,0,0,0,0,0,0,0,0,0,0,0,,0
00-0035535,Darius Slayton,WR,2024,3,REG,2024_03_NYG_CLE,NYG,CLE,0,0,0,0,0,0,0,0,0,0,0,0,1,2,7,0,1,0,0,0,,0,0,0,0,0,0,0,0,0,0,0,,0
00-0035537,Ty Johnson,RB,2024,3,REG,2024_03_JAX_BUF,BUF,JAX,0,0,0,0,0,0,0,3,18,0,1,0,3,3,28,1,2,0,0,0,,0,0,0,0,0,0,0,0,0,0,0,,0
00-0035628,D'Ernest Johnson,RB,2024,3,REG,2024_03_JAX_BUF,JAX,BUF,0,0,0,0,0,0,0,2,12,0,1,0,0,1,0,0,0,0,0,0,,0,0,0,0,0,0,0,0,0,0,0,,0
00-0035639,Parris Campbell,WR,2024,3,REG,2024_03_PHI_NO,PHI,NO,0,0,0,0,0,0,0,0,0,0,0,0,2,2,13,0,0,0,0,0,,0,0,0,0,0,0,0,0,0,0,0,,0
00-0035640,DK Metcalf,WR,2024,3,REG,2024_03_MIA_SEA,SEA,MIA,0,0,0,0,0,0,0,0,0,0,0,0,4,6,104,1,2,0,0,0,,0,0,0,0,0,0,0,0,0,0,0,,0
00-0035644,Noah Fant,TE,2024,3,REG,2024_03_MIA_SEA,SEA,MIA,0,0,0,0,0,0,0,0,0,0,0,0,6,6,60,0,3,0,0,0,,0,0,0,0,0,0,0,0,0,0,0,,0
00-0035659,Terry McLaurin,WR,2024,3,REG,2024_03_WAS_CIN,WAS,CIN,0,0,0,0,0,0,0,0,0,0,0,0,4,6,100,1,4,0,0,0,,0,0,0,0,0,0,0,0,0,0,0,,0
00-0035685,David Montgomery,RB,2024,3,REG,2024_03_DET_ARI,DET,ARI,0,0,0,0,0,0,0,23,105,1,7,0,3,3,17,0,0,0,0,0,,0,0,0,0,0,0,0,0,0,0,0,,0
00-0035689,Dawson Knox,TE,2024,3,REG,2024_03_JAX_BUF,BUF,JAX,0,0,0,0,0,0,0,0,0,0,0,0,1,2,7,0,0,0,0,0,,0,0,0,0,0,0,0,0,0,0,0,,0
00-0035700,Josh Jacobs,RB,2024,3,REG,2024_03_GB_TEN,GB,TEN,0,0,0,0,0,0,0,14,43,0,1,0,1,1,5,0,0,0,0,0,,0,0,0,0,0,0,0,0,0,0,0,,0
00-0035710,Daniel Jones,QB,2024,3,REG,2024_03_NYG_CLE,NYG,CLE,24,34,236,2,0,2,-8,8,20,0,1,0,0,0,0,0,0,0,0,0,,0,0,0,0,0,0,0,0,0,0,0,,0
00-0035806,JaMycal Hasty,RB,2024,3,REG,2024_03_NE_NYJ,NE,NYJ,0,0,0,0,0,0,0,1,5,0,0,0,0,0,0,0,0,0,0,0,,0,0,0,0,0,0,0,0,0,0,0,,0
00-0035821,Corliss Waitman,P,2024,3,REG,2024_03_LAC_PIT,PIT,LAC,0,0,0,0,0,0,0,0,0,0,0,0,0,0,0,0,0,0,0,0,,0,0,0,0,0,0,0,0,3,156,151,56,1
00-0035859,Blake Gillikin,P,2024,3,REG,2024_03_DET_ARI,ARI,DET,0,0,0,0,0,0,0,0,0,0,0,0,0,0,0,0,0,0,0,0,,0,0,0,0,0,0,0,0,5,260,220,63,1
00-0035889,Tommy Townsend,P,2024,3,REG,2024_03_HOU_MIN,HOU,MIN,0,0,0,0,0,0,0,0,0,0,0,0,0,0,0,0,0,0,0,0,,0,0,0,0,0,0,0,0,4,177,147,52,2
00-0036096,J.J. Taylor,RB,2024,3,REG,2024_03_HOU_MIN,HOU,MIN,0,0,0,0,0,0,0,1,3,0,0,0,2,2,0,0,0,0,0,0,,0,0,0,0,0,0,0,0,0,0,0,,0
00-0036139,Rico Dowdle,RB,2024,3,REG,2024_03_BAL_DAL,DAL,BAL,0,0,0,0,0,0,0,8,32,0,0,0,3,5,24,0,1,0,0,0,,0,0,0,0,0,0,0,0,0,0,0,,0
00-0036158,J.K. Dobbins,RB,2024,3,REG,2024_03_LAC_PIT,LAC,PIT,0,0,0,0,0,0,0,15,44,0,2,0,3,3,10,0,0,0,0,0,,0,0,0,0,0,0,0,0,0,0,0,,0
00-0036162,Tyler Bass,K,2024,3,REG,2024_03_JAX_BUF,BUF,JAX,0,0,0,0,0,0,0,0,0,0,0,0,0,0,0,0,0,0,2,2,43,0,1,0,1,0,0,5,6,0,0,0,,0
00-0036196,Gabe Davis,WR,2024,3,REG,2024_03_JAX_BUF,JAX,BUF,0,0,0,0,0,0,0,0,0,0,0,0,2,6,18,0,1,0,0,0,,0,0,0,0,0,0,0,0,0,0,0,,0
00-0036223,Jonathan Taylor,RB,2024,3,REG,2024_03_CHI_IND,IND,CHI,0,0,0,0,0,0,0,23,110,2,6,0,1,2,25,0,1,0,0,0,,0,0,0,0,0,0,0,0,0,0,0,,0
00-0036244,Colby Parkinson,TE,2024,3,REG,2024_03_SF_LA,LA,SF,0,0,0,0,0,0,0,0,0,0,0,0,3,5,21,0,1,0,0,0,,0,0,0,0,0,0,0,0,0,0,0,,0
00-0036251,Zack Moss,RB,2024,3,REG,2024_03_WAS_CIN,CIN,WAS,0,0,0,0,0,0,0,12,58,1,6,0,5,6,39,0,2,0,0,0,,0,0,0,0,0,0,0,0,0,0,0,,0
00-0036252,Michael Pittman,WR,2024,3,REG,2024_03_CHI_IND,IND,CHI,0,0,0,0,0,0,0,0,0,0,0,0,4,5,36,0,1,0,0,0,,0,0,0,0,0,0,0,0,0,0,0,,0
00-0036259,Jauan Jennings,WR,2024,3,REG,2024_03_SF_LA,SF,LA,0,0,0,0,0,0,0,0,0,0,0,0,11,12,175,3,7,0,0,0,,0,0,0,0,0,0,0,0,0,0,0,,0
00-0036261,Brandon Aiyuk,WR,2024,3,REG,2024_03_SF_LA,SF,LA,0,0,0,0,0,0,0,0,0,0,0,0,5,10,48,0,4,0,0,0,,0,0,0,0,0,0,0,0,0,0,0,,0
00-0036268,Laviska Shenault Jr.,WR,2024,3,REG,2024_03_MIA_SEA,SEA,MIA,0,0,0,0,0,0,0,0,0,0,0,0,1,1,2,0,0,0,0,0,,0,0,0,0,0,0,0,0,0,0,0,,0
00-0036275,D'Andre Swift,RB,2024,3,REG,2024_03_CHI_IND,CHI,IND,0,0,0,0,0,0,0,13,20,0,0,0,2,4,22,0,1,0,0,0,,0,0,0,0,0,0,0,0,0,0,0,,0
00-0036290,Cole Kmet,TE,2024,3,REG,2024_03_CHI_IND,CHI,IND,0,0,0,0,0,0,0,0,0,0,0,0,10,11,97,1,7,0,0,0,,0,0,0,0,0,0,0,0,0,0,0,,0
00-0036309,Darnell Mooney,WR,2024,3,REG,2024_03_KC_ATL,ATL,KC,0,0,0,0,0,0,0,0,0,0,0,0,8,8,66,0,3,0,0,0,,0,0,0,0,0,0,0,0,0,0,0,,0
00-0036313,Braden Mann,P,2024,3,REG,2024_03_PHI_NO,PHI,NO,0,0,0,0,0,0,0,0,0,0,0,0,0,0,0,0,0,0,0,0,,0,0,0,0,0,0,0,0,1,43,43,43,0
00-0036322,Justin Jefferson,WR,2024,3,REG,2024_03_HOU_MIN,MIN,HOU,0,0,0,0,0,0,0,0,0,0,0,0,6,8,81,1,6,0,0,0,,0,0,0,0,0,0,0,0,0,0,0,,0
00-0036328,Antonio Gibson,RB,2024,3,REG,2024_03_NE_NYJ,NE,NYJ,0,0,0,0,0,0,0,5,29,0,2,0,3,3,8,0,0,0,0,0,,0,0,0,0,0,0,0,0,0,0,0,,0
00-0036331,Devin Duvernay,WR,2024,3,REG,2024_03_JAX_BUF,JAX,BUF,0,0,0,0,0,0,0,0,0,0,0,0,1,1,-1,0,0,0,0,0,,0,0,0,0,0,0,0,0,0,0,0,,0
00-0036332,Josiah Deguara,TE,2024,3,REG,2024_03_JAX_BUF,JAX,BUF,0,0,0,0,0,0,0,0,0,0,0,0,1,1,8,0,0,0,0,0,,0,0,0,0,0,0,0,0,0,0,0,,0
00-0036355,Justin Herbert,QB,2024,3,REG,2024_03_LAC_PIT,LAC,PIT,12,18,125,1,0,2,-16,1,0,0,0,0,0,0,0,0,0,0,0,0,,0,0,0,0,0,0,0,0,0,0,0,,0
00-0036358,CeeDee Lamb,WR,2024,3,REG,2024_03_BAL_DAL,DAL,BAL,0,0,0,0,0,0,0,0,0,0,0,0,4,7,67,0,3,1,0,0,,0,0,0,0,0,0,0,0,0,0,0,,0
00-0036389,Jalen Hurts,QB,2024,3,REG,2024_03_PHI_NO,PHI,NO,29,38,311,0,1,4,-23,8,25,0,1,0,0,0,0,0,0,0,0,0,,0,0,0,0,0,0,0,0,0,0,0,,0
00-0036407,Jerry Jeudy,WR,2024,3,REG,2024_03_NYG_CLE,CLE,NYG,0,0,0,0,0,0,0,0,0,0,0,0,4,7,27,0,1,0,0,0,,0,0,0,0,0,0,0,0,0,0,0,,0
00-0036410,Tee Higgins,WR,2024,3,REG,2024_03_WAS_CIN,CIN,WAS,0,0,0,0,0,0,0,0,0,0,0,0,3,6,39,0,2,0,0,0,,0,0,0,0,0,0,0,0,0,0,0,,0
00-0036414,Cam Akers,RB,2024,3,REG,2024_03_HOU_MIN,HOU,MIN,0,0,0,0,0,0,0,9,21,0,0,0,1,3,8,1,1,0,0,0,,0,0,0,0,0,0,0,0,0,0,0,,0
00-0036422,Adam Trautman,TE,2024,3,REG,2024_03_DEN_TB,DEN,TB,0,0,0,0,0,0,0,0,0,0,0,0,1,1,13,0,1,0,0,0,,0,0,0,0,0,0,0,0,0,0,0,,0
00-0036427,Tyler Johnson,WR,2024,3,REG,2024_03_SF_LA,LA,SF,0,0,0,0,0,0,0,0,0,0,0,0,3,4,20,0,0,0,0,0,,0,0,0,0,0,0,0,0,0,0,0,,0
00-0036442,Joe Burrow,QB,2024,3,REG,2024_03_WAS_CIN,CIN,WAS,29,38,324,3,0,2,-12,1,4,0,1,0,0,0,0,0,0,0,0,0,,0,0,0,0,0,0,0,0,0,0,0,,0
00-0036550,Rashod Bateman,WR,2024,3,REG,2024_03_BAL_DAL,BAL,DAL,0,0,0,0,0,0,0,0,0,0,0,0,3,4,28,1,2,0,0,0,,0,0,0,0,0,0,0,0,0,0,0,,0
00-0036554,Nico Collins,WR,2024,3,REG,2024_03_HOU_MIN,HOU,MIN,0,0,0,0,0,0,0,0,0,0,0,0,4,10,86,0,4,0,0,0,,0,0,0,0,0,0,0,0,0,0,0,,0
00-0036555,Chuba Hubbard,RB,2024,3,REG,2024_03_CAR_LV,CAR,LV,0,0,0,0,0,0,0,21,114,0,7,0,5,5,55,1,4,0,0,0,,0,0,0,0,0,0,0,0,0,0,0,,0
00-0036613,Jaylen Waddle,WR,2024,3,REG,2024_03_MIA_SEA,MIA,SEA,0,0,0,0,0,0,0,0,0,0,0,0,4,5,26,0,1,0,0,0,,0,0,0,0,0,0,0,0,0,0,0,,0
00-0036620,Dee Eskridge,WR,2024,3,REG,2024_03_MIA_SEA,MIA,SEA,0,0,0,0,0,0,0,0,0,0,0,0,1,1,30,0,1,0,0,0,,0,0,0,0,0,0,0,0,0,0,0,,0
00-0036626,Dyami Brown,WR,2024,3,REG,2024_03_WAS_CIN,WAS,CIN,0,0,0,0,0,0,0,0,0,0,0,0,2,2,16,0,0,0,0,0,,0,0,0,0,0,0,0,0,0,0,0,,0
00-0036637,Noah Gray,TE,2024,3,REG,2024_03_KC_ATL,KC,ATL,0,0,0,0,0,0,0,0,0,0,0,0,1,2,13,0,1,0,0,0,,0,0,0,0,0,0,0,0,0,0,0,,0
00-0036646,Simi Fehoko,WR,2024,3,REG,2024_03_LAC_PIT,LAC,PIT,0,0,0,0,0,0,0,0,0,0,0,0,1,3,17,0,1,0,0,0,,0,0,0,0,0,0,0,0,0,0,0,,0
00-0036754,Brock Wright,TE,2024,3,REG,2024_03_DET_ARI,DET,ARI,0,0,0,0,0,0,0,0,0,0,0,0,4,5,34,0,2,0,0,0,,0,0,0,0,0,0,0,0,0,0,0,,0
00-0036849,Tutu Atwell,WR,2024,3,REG,2024_03_SF_LA,LA,SF,0,1,0,0,0,0,0,0,0,0,0,0,4,5,93,0,3,0,0,0,,0,0,0,0,0,0,0,0,0,0,0,,0
00-0036854,Evan McPherson,K,2024,3,REG,2024_03_WAS_CIN,CIN,WAS,0,0,0,0,0,0,0,0,0,0,0,0,0,0,0,0,0,0,2,3,31,0,1,1,0,0,0,3,3,0,0,0,,0
00-0036875,Rhamondre Stevenson,RB,2024,3,REG,2024_03_NE_NYJ,NE,NYJ,0,0,0,0,0,0,0,6,23,0,0,1,0,0,0,0,0,0,0,0,,0,0,0,0,0,0,0,0,0,0,0,,0
00-0036876,Kylen Granson,TE,2024,3,REG,2024_03_CHI_IND,IND,CHI,0,0,0,0,0,0,0,0,0,0,0,0,1,1,40,0,1,0,0,0,,0,0,0,0,0,0,0,0,0,0,0,,0
00-0036887,Luke Farrell,TE,2024,3,REG,2024_03_JAX_BUF,JAX,BUF,0,0,0,0,0,0,0,0,0,0,0,0,1,2,1,0,0,0,0,0,,0,0,0,0,0,0,0,0,0,0,0,,0
00-0036893,Najee Harris,RB,2024,3,REG,2024_03_LAC_PIT,PIT,LAC,0,0,0,0,0,0,0,18,70,0,3,0,5,5,16,0,0,0,0,0,,0,0,0,0,0,0,0,0,0,0,0,,0
00-0036894,Pat Freiermuth,TE,2024,3,REG,2024_03_LAC_PIT,PIT,LAC,0,0,0,0,0,0,0,0,0,0,0,0,4,5,33,0,2,0,0,0,,0,0,0,0,0,0,0,0,0,0,0,,0
00-0036898,Davis Mills,QB,2024,3,REG,2024_03_HOU_MIN,HOU,MIN,7,12,79,0,0,1,-7,0,0,0,0,0,0,0,0,0,0,0,0,0,,0,0,0,0,0,0,0,0,0,0,0,,0
00-0036900,Ja'Marr Chase,WR,2024,3,REG,2024_03_WAS_CIN,CIN,WAS,0,0,0,0,0,0,0,0,0,0,0,0,6,7,118,2,4,0,0,0,,0,0,0,0,0,0,0,0,0,0,0,,0
00-0036906,Khalil Herbert,RB,2024,3,REG,2024_03_CHI_IND,CHI,IND,0,0,0,0,0,0,0,4,9,0,0,0,0,0,0,0,0,0,0,0,,0,0,0,0,0,0,0,0,0,0,0,,0
00-0036912,DeVonta Smith,WR,2024,3,REG,2024_03_PHI_NO,PHI,NO,0,0,0,0,0,0,0,0,0,0,0,0,7,10,79,0,4,0,0,0,,0,0,0,0,0,0,0,0,0,0,0,,0
00-0036919,Kenny Gainwell,RB,2024,3,REG,2024_03_PHI_NO,PHI,NO,0,0,0,0,0,0,0,0,0,0,0,0,2,3,12,0,0,0,0,0,,0,0,0,0,0,0,0,0,0,0,0,,0
00-0036945,Justin Fields,QB,2024,3,REG,2024_03_LAC_PIT,PIT,LAC,25,32,245,1,1,2,-13,6,6,1,1,0,0,0,0,0,0,0,0,0,,0,0,0,0,0,0,0,0,0,0,0,,0
00-0036963,Amon-Ra St. Brown,WR,2024,3,REG,2024_03_DET_ARI,DET,ARI,0,0,0,0,0,0,0,0,0,0,0,0,7,8,75,1,6,0,0,0,,0,0,0,0,0,0,0,0,0,0,0,,0
00-0036970,Kyle Pitts,TE,2024,3,REG,2024_03_KC_ATL,ATL,KC,0,0,0,0,0,0,0,0,0,0,0,0,2,5,59,0,2,0,0,0,,0,0,0,0,0,0,0,0,0,0,0,,0
00-0036971,Trevor Lawrence,QB,2024,3,REG,2024_03_JAX_BUF,JAX,BUF,21,38,178,1,1,4,-36,2,3,0,1,0,0,0,0,0,0,0,0,0,,0,0,0,0,0,0,0,0,0,0,0,,0
00-0036972,Mac Jones,QB,2024,3,REG,2024_03_JAX_BUF,JAX,BUF,5,8,22,0,0,1,-17,0,0,0,0,0,0,0,0,0,0,0,0,0,,0,0,0,0,0,0,0,0,0,0,0,,0
00-0036973,Travis Etienne,RB,2024,3,REG,2024_03_JAX_BUF,JAX,BUF,0,0,0,0,0,0,0,11,68,0,4,0,4,6,17,0,0,0,0,0,,0,0,0,0,0,0,0,0,0,0,0,,0
00-0036980,Elijah Moore,WR,2024,3,REG,2024_03_NYG_CLE,CLE,NYG,0,0,0,0,0,0,0,0,0,0,0,0,2,3,17,0,0,0,0,0,,0,0,0,0,0,0,0,0,0,0,0,,0
00-0036984,Trey Sermon,RB,2024,3,REG,2024_03_CHI_IND,IND,CHI,0,0,0,0,0,0,0,2,16,1,2,0,0,0,0,0,0,0,0,0,,0,0,0,0,0,0,0,0,0,0,0,,0
00-0036997,Javonte Williams,RB,2024,3,REG,2024_03_DEN_TB,DEN,TB,0,0,0,0,0,0,0,5,12,0,0,1,4,4,29,0,0,0,0,0,,0,0,0,0,0,0,0,0,0,0,0,,0
00-0037005,Tommy Tremble,TE,2024,3,REG,2024_03_CAR_LV,CAR,LV,0,0,0,0,0,0,0,0,0,0,0,0,3,3,29,0,1,0,0,0,,0,0,0,0,0,0,0,0,0,0,0,,0
00-0037085,Tyler Badie,RB,2024,3,REG,2024_03_DEN_TB,DEN,TB,0,0,0,0,0,0,0,9,70,0,3,0,0,0,0,0,0,0,0,0,,0,0,0,0,0,0,0,0,0,0,0,,0
00-0037132,Britain Covey,WR,2024,3,REG,2024_03_PHI_NO,PHI,NO,0,0,0,0,0,0,0,0,0,0,0,0,1,1,11,0,1,0,0,0,,0,0,0,0,0,0,0,0,0,0,0,,0
00-0037224,Cameron Dicker,K,2024,3,REG,2024_03_LAC_PIT,LAC,PIT,0,0,0,0,0,0,0,0,0,0,0,0,0,0,0,0,0,0,1,1,28,0,1,0,0,0,0,1,1,0,0,0,,0
00-0037228,Jaylen Warren,RB,2024,3,REG,2024_03_LAC_PIT,PIT,LAC,0,0,0,0,0,0,0,3,5,0,1,0,1,1,-4,0,0,0,0,0,,0,0,0,0,0,0,0,0,0,0,0,,0
00-0037238,Drake London,WR,2024,3,REG,2024_03_KC_ATL,ATL,KC,0,0,0,0,0,0,0,0,0,0,0,0,6,9,67,1,4,0,0,0,,0,0,0,0,0,0,0,0,0,0,0,,0
00-0037239,Chris Olave,WR,2024,3,REG,2024_03_PHI_NO,NO,PHI,0,0,0,0,0,0,0,0,0,0,0,0,6,6,86,1,5,0,0,0,,0,0,0,0,0,0,0,0,0,0,0,,0
00-0037240,Jameson Williams,WR,2024,3,REG,2024_03_DET_ARI,DET,ARI,0,0,0,0,0,0,0,1,-7,0,0,0,1,3,9,0,1,0,0,0,,0,0,0,0,0,0,0,0,0,0,0,,0
00-0037243,Tyler Smith,OT,2024,3,REG,2024_03_BAL_DAL,DAL,BAL,0,0,0,0,0,0,0,0,0,0,0,0,1,1,0,0,0,0,0,0,,0,0,0,0,0,0,0,0,0,0,0,,0
00-0037247,George Pickens,WR,2024,3,REG,2024_03_LAC_PIT,PIT,LAC,0,0,0,0,0,0,0,0,0,0,0,0,5,7,57,0,3,0,0,0,,0,0,0,0,0,0,0,0,0,0,0,,0
00-0037248,James Cook,RB,2024,3,REG,2024_03_JAX_BUF,BUF,JAX,0,0,0,0,0,0,0,11,39,1,2,0,4,5,48,0,3,0,0,0,,0,0,0,0,0,0,0,0,0,0,0,,0
00-0037256,Rachaad White,RB,2024,3,REG,2024_03_DEN_TB,TB,DEN,0,0,0,0,0,0,0,6,17,0,1,0,5,6,18,0,0,0,0,0,,0,0,0,0,0,0,0,0,0,0,0,,0
00-0037261,Khalil Shakir,WR,2024,3,REG,2024_03_JAX_BUF,BUF,JAX,0,0,0,0,0,0,0,0,0,0,0,0,6,6,72,1,5,0,0,0,,0,0,0,0,0,0,0,0,0,0,0,,0
00-0037263,Tyler Allgeier,RB,2024,3,REG,2024_03_KC_ATL,ATL,KC,0,0,0,0,0,0,0,7,32,0,1,0,0,0,0,0,0,0,0,0,,0,0,0,0,0,0,0,0,0,0,0,,0
00-0037267,Jerome Ford,RB,2024,3,REG,2024_03_NYG_CLE,CLE,NYG,0,0,0,0,0,0,0,10,37,0,4,0,3,4,33,0,2,0,0,0,,0,0,0,0,0,0,0,0,0,0,0,,0
00-0037276,Ty Chandler,RB,2024,3,REG,2024_03_HOU_MIN,MIN,HOU,0,0,0,0,0,0,0,7,13,0,0,0,0,0,0,0,0,0,0,0,,0,0,0,0,0,0,0,0,0,0,0,,0
00-0037284,Matt Araiza,P,2024,3,REG,2024_03_KC_ATL,KC,ATL,0,0,0,0,0,0,0,0,0,0,0,0,0,0,0,0,0,0,0,0,,0,0,0,0,0,0,0,0,3,145,133,52,1
00-0037291,Jalen Nailor,WR,2024,3,REG,2024_03_HOU_MIN,MIN,HOU,0,0,0,0,0,0,0,1,3,0,1,0,3,4,31,1,3,0,0,0,,0,0,0,0,0,0,0,0,0,0,0,,0
00-0037304,Connor Heyward,FB,2024,3,REG,2024_03_LAC_PIT,PIT,LAC,0,0,0,0,0,0,0,0,0,0,0,0,1,1,2,0,0,0,0,0,,0,0,0,0,0,0,0,0,0,0,0,,0
00-0037327,Skylar Thompson,QB,2024,3,REG,2024_03_MIA_SEA,MIA,SEA,13,19,107,0,0,5,-37,0,0,0,0,0,0,0,0,0,0,0,0,0,,0,0,0,0,0,0,0,0,0,0,0,,0
00-0037348,Tanner Conner,TE,2024,3,REG,2024_03_MIA_SEA,MIA,SEA,0,0,0,0,0,0,0,0,0,0,0,0,1,2,1,0,0,0,0,0,,0,0,0,0,0,0,0,0,0,0,0,,0
00-0037500,Ryan Wright,P,2024,3,REG,2024_03_HOU_MIN,MIN,HOU,0,0,0,0,0,0,0,0,0,0,0,0,0,0,0,0,0,0,0,0,,0,0,0,0,0,0,0,0,4,193,188,55,2
00-0037525,Jordan Mason,RB,2024,3,REG,2024_03_SF_LA,SF,LA,0,0,0,0,0,0,0,19,77,0,4,0,2,2,11,0,1,0,0,0,,0,0,0,0,0,0,0,0,0,0,0,,0
00-0037545,Rashid Shaheed,WR,2024,3,REG,2024_03_PHI_NO,NO,PHI,0,0,0,0,0,0,0,0,0,0,0,0,0,5,0,0,0,0,0,0,,0,0,0,0,0,0,0,0,0,0,0,,0
00-0037547,Daniel Whelan,P,2024,3,REG,2024_03_GB_TEN,GB,TEN,0,0,0,0,0,0,0,0,0,0,0,0,0,0,0,0,0,0,0,0,,0,0,0,0,0,0,0,0,5,244,180,63,0
00-0037557,Ronnie Rivers,RB,2024,3,REG,2024_03_SF_LA,LA,SF,0,0,0,0,0,0,0,2,9,0,1,0,0,0,0,0,0,0,0,0,,0,0,0,0,0,0,0,0,0,0,0,,0
00-0037607,Ryan Stonehouse,P,2024,3,REG,2024_03_GB_TEN,TEN,GB,0,0,0,0,0,0,0,0,0,0,0,0,0,0,0,0,0,0,0,0,,0,0,0,0,0,0,0,0,4,187,172,57,1
00-0037664,Alec Pierce,WR,2024,3,REG,2024_03_CHI_IND,IND,CHI,0,0,0,0,0,0,0,0,0,0,0,0,1,2,44,0,1,0,0,0,,0,0,0,0,0,0,0,0,0,0,0,,0
00-0037666,Jalen Tolbert,WR,2024,3,REG,2024_03_BAL_DAL,DAL,BAL,0,0,0,0,0,0,0,0,0,0,0,0,3,5,42,1,3,0,0,0,,0,0,0,0,0,0,0,0,0,0,0,,0
00-0037692,Brandon Aubrey,K,2024,3,REG,2024_03_BAL_DAL,DAL,BAL,0,0,0,0,0,0,0,0,0,0,0,0,0,0,0,0,0,0,2,2,65,0,0,0,0,1,1,1,1,0,0,0,,0
00-0037740,Garrett Wilson,WR,2024,3,REG,2024_03_NE_NYJ,NYJ,NE,0,0,0,0,0,0,0,0,0,0,0,0,5,9,33,1,3,0,0,0,,0,0,0,0,0,0,0,0,0,0,0,,0
00-0037741,Jahan Dotson,WR,2024,3,REG,2024_03_PHI_NO,PHI,NO,0,0,0,0,0,0,0,0,0,0,0,0,2,3,8,0,0,0,0,0,,0,0,0,0,0,0,0,0,0,0,0,,0
00-0037742,Treylon Burks,WR,2024,3,REG,2024_03_GB_TEN,TEN,GB,0,0,0,0,0,0,0,0,0,0,0,0,1,3,9,0,1,0,0,0,,0,0,0,0,0,0,0,0,0,0,0,,0
00-0037744,Trey McBride,TE,2024,3,REG,2024_03_DET_ARI,ARI,DET,0,0,0,0,0,0,0,0,0,0,0,0,3,6,25,0,0,0,0,0,,0,0,0,0,0,0,0,0,0,0,0,,0
00-0037746,Brian Robinson,RB,2024,3,REG,2024_03_WAS_CIN,WAS,CIN,0,0,0,0,0,0,0,16,33,1,2,0,1,1,4,0,0,0,0,0,,0,0,0,0,0,0,0,0,0,0,0,,0
00-0037801,KaVontae Turpin,WR,2024,3,REG,2024_03_BAL_DAL,DAL,BAL,0,0,0,0,0,0,0,1,1,0,0,0,3,3,51,1,3,0,0,0,,0,0,0,0,0,0,0,0,0,0,0,,0
00-0037805,Jeremy Ruckert,TE,2024,3,REG,2024_03_NE_NYJ,NYJ,NE,0,0,0,0,0,0,0,0,0,0,0,0,2,2,15,0,2,0,0,0,,0,0,0,0,0,0,0,0,0,0,0,,0
00-0037809,Chig Okonkwo,TE,2024,3,REG,2024_03_GB_TEN,TEN,GB,0,0,0,0,0,0,0,0,0,0,0,0,2,2,15,0,0,0,0,0,,0,0,0,0,0,0,0,0,0,0,0,,0
00-0037816,Romeo Doubs,WR,2024,3,REG,2024_03_GB_TEN,GB,TEN,0,0,0,0,0,0,0,0,0,0,0,0,1,2,18,0,1,0,0,0,,0,0,0,0,0,0,0,0,0,0,0,,0
00-0037834,Brock Purdy,QB,2024,3,REG,2024_03_SF_LA,SF,LA,22,30,292,3,0,1,-4,10,41,0,4,0,0,0,0,0,0,0,0,0,,0,0,0,0,0,0,0,0,0,0,0,,0
00-0037837,Calvin Austin III,WR,2024,3,REG,2024_03_LAC_PIT,PIT,LAC,0,0,0,0,0,0,0,0,0,0,0,0,4,5,95,1,2,0,0,0,,0,0,0,0,0,0,0,0,0,0,0,,0
00-0037838,Isaiah Likely,TE,2024,3,REG,2024_03_BAL_DAL,BAL,DAL,0,0,0,0,0,0,0,0,0,0,0,0,1,1,4,0,0,0,0,0,,0,0,0,0,0,0,0,0,0,0,0,,0
00-0037840,Kyren Williams,RB,2024,3,REG,2024_03_SF_LA,LA,SF,0,0,0,0,0,0,0,24,89,2,7,0,2,2,27,1,1,0,0,0,,0,0,0,0,0,0,0,0,0,0,0,,0
00-0038040,Zamir White,RB,2024,3,REG,2024_03_CAR_LV,LV,CAR,0,0,0,0,0,0,0,10,34,0,1,0,0,0,0,0,0,0,0,0,,0,0,0,0,0,0,0,0,0,0,0,,0
00-0038041,Jake Ferguson,TE,2024,3,REG,2024_03_BAL_DAL,DAL,BAL,0,0,0,0,0,0,0,0,0,0,0,0,6,11,95,0,4,0,0,0,,0,0,0,0,0,0,0,0,0,0,0,,0
00-0038042,Jake Camarda,P,2024,3,REG,2024_03_DEN_TB,TB,DEN,0,0,0,0,0,0,0,0,0,0,0,0,0,0,0,0,0,0,0,0,,0,0,0,0,0,0,0,0,4,189,162,67,2
00-0038046,Charlie Kolar,TE,2024,3,REG,2024_03_BAL_DAL,BAL,DAL,0,0,0,0,0,0,0,0,0,0,0,0,1,1,30,0,1,0,0,0,,0,0,0,0,0,0,0,0,0,0,0,,0
00-0038092,Erik Ezukanma,WR,2024,3,REG,2024_03_MIA_SEA,MIA,SEA,0,0,0,0,0,0,0,0,0,0,0,0,0,2,0,0,0,0,0,0,,0,0,0,0,0,0,0,0,0,0,0,,0
00-0038094,Jordan Stout,P,2024,3,REG,2024_03_BAL_DAL,BAL,DAL,0,0,0,0,0,0,0,0,0,0,0,0,0,0,0,0,0,0,0,0,,0,0,0,0,0,0,0,0,4,171,171,55,3
00-0038104,Tyquan Thornton,WR,2024,3,REG,2024_03_NE_NYJ,NE,NYJ,0,0,0,0,0,0,0,0,0,0,0,0,0,1,0,0,0,0,0,0,,0,0,0,0,0,0,0,0,0,0,0,,0
00-0038115,Daniel Bellinger,TE,2024,3,REG,2024_03_NYG_CLE,NYG,CLE,0,0,0,0,0,0,0,0,0,0,0,0,1,1,17,0,1,0,0,0,,0,0,0,0,0,0,0,0,0,0,0,,0
00-0038117,Wan'Dale Robinson,WR,2024,3,REG,2024_03_NYG_CLE,NYG,CLE,0,0,0,0,0,0,0,0,0,0,0,0,7,8,61,0,4,0,0,0,,0,0,0,0,0,0,0,0,0,0,0,,0
00-0038120,Breece Hall,RB,2024,3,REG,2024_03_NE_NYJ,NYJ,NE,0,0,0,0,0,0,0,16,54,1,4,0,4,5,29,0,1,0,0,0,,0,0,0,0,0,0,0,0,0,0,0,,0
00-0038124,Christian Watson,WR,2024,3,REG,2024_03_GB_TEN,GB,TEN,0,0,0,0,0,0,0,0,0,0,0,0,2,2,67,0,2,0,0,0,,0,0,0,0,0,0,0,0,0,0,0,,0
00-0038128,Malik Willis,QB,2024,3,REG,2024_03_GB_TEN,GB,TEN,13,19,202,1,0,3,-12,6,73,1,4,0,0,0,0,0,0,0,0,0,,0,0,0,0,0,0,0,0,0,0,0,,0
00-0038129,Cade Otton,TE,2024,3,REG,2024_03_DEN_TB,TB,DEN,0,0,0,0,0,0,0,0,0,0,0,0,7,8,47,0,4,1,0,0,,0,0,0,0,0,0,0,0,0,0,0,,0
00-0038393,Dontayvion Wicks,WR,2024,3,REG,2024_03_GB_TEN,GB,TEN,0,0,0,0,0,0,0,0,0,0,0,0,0,2,0,0,0,0,0,0,,0,0,0,0,0,0,0,0,0,0,0,,0
00-0038396,Eric Gray,RB,2024,3,REG,2024_03_NYG_CLE,NYG,CLE,0,0,0,0,0,0,0,1,0,0,0,0,0,0,0,0,0,0,0,0,,0,0,0,0,0,0,0,0,0,0,0,,0
00-0038496,Xavier Gipson,WR,2024,3,REG,2024_03_NE_NYJ,NYJ,NE,0,0,0,0,0,0,0,0,0,0,0,0,2,2,16,0,1,0,0,0,,0,0,0,0,0,0,0,0,0,0,0,,0
00-0038542,Bijan Robinson,RB,2024,3,REG,2024_03_KC_ATL,ATL,KC,0,0,0,0,0,0,0,16,31,1,2,0,2,2,21,0,1,0,0,0,,0,0,0,0,0,0,0,0,0,0,0,,0
00-0038543,Jaxon Smith-Njigba,WR,2024,3,REG,2024_03_MIA_SEA,SEA,MIA,0,0,0,0,0,0,0,0,0,0,0,0,3,3,39,0,2,0,0,0,,0,0,0,0,0,0,0,0,0,0,0,,0
00-0038544,Quentin Johnston,WR,2024,3,REG,2024_03_LAC_PIT,LAC,PIT,0,0,0,0,0,0,0,0,0,0,0,0,2,2,44,1,2,0,0,0,,0,0,0,0,0,0,0,0,0,0,0,,0
00-0038547,Luke Schoonmaker,TE,2024,3,REG,2024_03_BAL_DAL,DAL,BAL,0,0,0,0,0,0,0,0,0,0,0,0,1,2,5,0,0,0,0,0,,0,0,0,0,0,0,0,0,0,0,0,,0
00-0038555,Tank Bigsby,RB,2024,3,REG,2024_03_JAX_BUF,JAX,BUF,0,0,0,0,0,0,0,2,9,0,1,0,0,0,0,0,0,0,0,0,,0,0,0,0,0,0,0,0,0,0,0,,0
00-0038559,Michael Wilson,WR,2024,3,REG,2024_03_DET_ARI,ARI,DET,0,0,0,0,0,0,0,0,0,0,0,0,8,9,64,0,2,0,0,0,,0,0,0,0,0,0,0,0,0,0,0,,0
00-0038562,Jake Moody,K,2024,3,REG,2024_03_SF_LA,SF,LA,0,0,0,0,0,0,0,0,0,0,0,0,0,0,0,0,0,0,1,2,26,0,1,0,0,0,0,3,3,0,0,0,,0
00-0038563,Tre Tucker,WR,2024,3,REG,2024_03_CAR_LV,LV,CAR,0,0,0,0,0,0,0,0,0,0,0,0,7,9,96,1,4,0,0,0,,0,0,0,0,0,0,0,0,0,0,0,,0
00-0038573,Derius Davis,WR,2024,3,REG,2024_03_LAC_PIT,LAC,PIT,0,0,0,0,0,0,0,1,8,0,1,0,0,0,0,0,0,0,0,0,,0,0,0,0,0,0,0,0,0,0,0,,0
00-0038579,Aidan O'Connell,QB,2024,3,REG,2024_03_CAR_LV,LV,CAR,9,12,82,1,0,1,-12,0,0,0,0,0,0,0,0,0,0,0,0,0,,0,0,0,0,0,0,0,0,0,0,0,,0
00-0038589,Josh Whyle,TE,2024,3,REG,2024_03_GB_TEN,TEN,GB,0,0,0,0,0,0,0,0,0,0,0,0,4,5,43,0,3,0,0,0,,0,0,0,0,0,0,0,0,0,0,0,,0
00-0038597,Chase Brown,RB,2024,3,REG,2024_03_WAS_CIN,CIN,WAS,0,0,0,0,0,0,0,7,62,0,4,0,2,3,7,0,0,0,0,0,,0,0,0,0,0,0,0,0,0,0,0,,0
00-0038606,Parker Washington,WR,2024,3,REG,2024_03_JAX_BUF,JAX,BUF,0,0,0,0,0,0,0,0,0,0,0,0,2,3,18,0,0,0,0,0,,0,0,0,0,0,0,0,0,0,0,0,,0
00-0038608,Kayshon Boutte,WR,2024,3,REG,2024_03_NE_NYJ,NE,NYJ,0,0,0,0,0,0,0,0,0,0,0,0,1,2,2,0,1,0,0,0,,0,0,0,0,0,0,0,0,0,0,0,,0
00-0038610,Bryce Baringer,P,2024,3,REG,2024_03_NE_NYJ,NE,NYJ,0,0,0,0,0,0,0,0,0,0,0,0,0,0,0,0,0,0,0,0,,0,0,0,0,0,0,0,0,5,245,218,57,3
00-0038618,Xavier Hutchinson,WR,2024,3,REG,2024_03_HOU_MIN,HOU,MIN,0,0,0,0,0,0,0,0,0,0,0,0,0,1,0,0,0,0,0,0,,0,0,0,0,0,0,0,0,0,0,0,,0
00-0038619,Andrei Iosivas,WR,2024,3,REG,2024_03_WAS_CIN,CIN,WAS,0,0,0,0,0,0,0,0,0,0,0,0,5,7,52,1,4,0,0,0,,0,0,0,0,0,0,0,0,0,0,0,,0
00-0038621,DeMario Douglas,WR,2024,3,REG,2024_03_NE_NYJ,NE,NYJ,0,0,0,0,0,0,0,1,9,0,0,0,7,9,69,0,3,0,0,0,,0,0,0,0,0,0,0,0,0,0,0,,0
00-0038622,Deuce Vaughn,RB,2024,3,REG,2024_03_BAL_DAL,DAL,BAL,0,0,0,0,0,0,0,2,5,0,0,0,1,2,8,0,0,0,0,0,,0,0,0,0,0,0,0,0,0,0,0,,0
00-0038636,Kenny McIntosh,RB,2024,3,REG,2024_03_MIA_SEA,SEA,MIA,0,0,0,0,0,0,0,3,11,0,1,0,0,0,0,0,0,0,0,0,,0,0,0,0,0,0,0,0,0,0,0,,0
00-0038640,Jalen Brooks,WR,2024,3,REG,2024_03_BAL_DAL,DAL,BAL,0,0,0,0,0,0,0,0,0,0,0,0,1,3,24,0,1,0,0,0,,0,0,0,0,0,0,0,0,0,0,0,,0
00-0038647,Ronnie Bell,WR,2024,3,REG,2024_03_SF_LA,SF,LA,0,0,0,0,0,0,0,0,0,0,0,0,1,3,12,0,1,0,0,0,,0,0,0,0,0,0,0,0,0,0,0,,0
00-0038685,Chris Brooks,RB,2024,3,REG,2024_03_GB_TEN,GB,TEN,0,0,0,0,0,0,0,3,3,0,0,0,0,0,0,0,0,0,0,0,,0,0,0,0,0,0,0,0,0,0,0,,0
00-0038705,Emari Demercado,RB,2024,3,REG,2024_03_DET_ARI,ARI,DET,0,0,0,0,0,0,0,2,7,0,0,0,0,0,0,0,0,0,0,0,,0,0,0,0,0,0,0,0,0,0,0,,0
00-0038720,Julian Hill,TE,2024,3,REG,2024_03_MIA_SEA,MIA,SEA,0,0,0,0,0,0,0,0,0,0,0,0,2,2,24,0,2,0,0,0,,0,0,0,0,0,0,0,0,0,0,0,,0
00-0038738,Hunter Luepke,RB,2024,3,REG,2024_03_BAL_DAL,DAL,BAL,0,0,0,0,0,0,0,0,0,0,0,0,2,3,41,0,2,0,0,0,,0,0,0,0,0,0,0,0,0,0,0,,0
00-0038783,Nate Adkins,TE,2024,3,REG,2024_03_DEN_TB,DEN,TB,0,0,0,0,0,0,0,0,0,0,0,0,1,1,6,0,0,0,0,0,,0,0,0,0,0,0,0,0,0,0,0,,0
00-0038794,Jaleel McLaughlin,RB,2024,3,REG,2024_03_DEN_TB,DEN,TB,0,0,0,0,0,0,0,5,7,1,1,0,1,1,7,0,0,0,0,0,,0,0,0,0,0,0,0,0,0,0,0,,0
00-0038797,Emanuel Wilson,RB,2024,3,REG,2024_03_GB_TEN,GB,TEN,0,0,0,0,0,0,0,12,50,0,3,0,2,2,35,1,1,0,0,0,,0,0,0,0,0,0,0,0,0,0,0,,0
00-0038905,Blake Grupe,K,2024,3,REG,2024_03_PHI_NO,NO,PHI,0,0,0,0,0,0,0,0,0,0,0,0,0,0,0,0,0,0,2,2,38,0,0,2,0,0,0,0,0,0,0,0,,0
00-0038933,Dalton Kincaid,TE,2024,3,REG,2024_03_JAX_BUF,BUF,JAX,0,0,0,0,0,0,0,0,0,0,0,0,3,5,41,1,2,0,0,0,,0,0,0,0,0,0,0,0,0,0,0,,0
00-0038935,Brenton Strange,TE,2024,3,REG,2024_03_JAX_BUF,JAX,BUF,0,0,0,0,0,0,0,0,0,0,0,0,2,5,12,1,1,0,0,0,,0,0,0,0,0,0,0,0,0,0,0,,0
00-0038938,Jalin Hyatt,WR,2024,3,REG,2024_03_NYG_CLE,NYG,CLE,0,0,0,0,0,0,0,0,0,0,0,0,0,1,0,0,0,0,0,0,,0,0,0,0,0,0,0,0,0,0,0,,0
00-0038951,Sean Tucker,RB,2024,3,REG,2024_03_DEN_TB,TB,DEN,0,0,0,0,0,0,0,1,4,0,0,0,0,0,0,0,0,0,0,0,,0,0,0,0,0,0,0,0,0,0,0,,0
00-0038976,Marvin Mims Jr.,WR,2024,3,REG,2024_03_DEN_TB,DEN,TB,0,0,0,0,0,0,0,0,0,0,0,0,1,1,9,0,0,0,0,0,,0,0,0,0,0,0,0,0,0,0,0,,0
00-0038977,Tank Dell,WR,2024,3,REG,2024_03_HOU_MIN,HOU,MIN,0,0,0,0,0,0,0,0,0,0,0,0,5,6,62,0,3,0,0,0,,0,0,0,0,0,0,0,0,0,0,0,,0
00-0038979,Cedric Tillman,WR,2024,3,REG,2024_03_NYG_CLE,CLE,NYG,0,0,0,0,0,0,0,0,0,0,0,0,1,2,4,0,0,0,0,0,,0,0,0,0,0,0,0,0,0,0,0,,0
00-0038996,Tucker Kraft,TE,2024,3,REG,2024_03_GB_TEN,GB,TEN,0,0,0,0,0,0,0,0,0,0,0,0,2,3,24,0,1,0,0,0,,0,0,0,0,0,0,0,0,0,0,0,,0
00-0038997,Josh Downs,WR,2024,3,REG,2024_03_CHI_IND,IND,CHI,0,0,0,0,0,0,0,0,0,0,0,0,3,5,22,0,0,0,0,0,,0,0,0,0,0,0,0,0,0,0,0,,0
00-0039021,Roschon Johnson,RB,2024,3,REG,2024_03_CHI_IND,CHI,IND,0,0,0,0,0,0,0,8,30,0,3,0,4,5,32,0,1,0,0,0,,0,0,0,0,0,0,0,0,0,0,0,,0
00-0039032,Tyjae Spears,RB,2024,3,REG,2024_03_GB_TEN,TEN,GB,0,0,0,0,0,0,0,2,7,0,0,0,4,4,54,0,2,0,0,0,,0,0,0,0,0,0,0,0,0,0,0,,0
00-0039040,De'Von Achane,RB,2024,3,REG,2024_03_MIA_SEA,MIA,SEA,0,0,0,0,0,0,0,11,30,0,2,0,3,5,28,0,1,0,0,0,,0,0,0,0,0,0,0,0,0,0,0,,0
00-0039041,Elijah Higgins,TE,2024,3,REG,2024_03_DET_ARI,ARI,DET,0,0,0,0,0,0,0,0,0,0,0,0,1,1,11,0,1,0,0,0,,0,0,0,0,0,0,0,0,0,0,0,,0
00-0039050,Payne Durham,TE,2024,3,REG,2024_03_DEN_TB,TB,DEN,0,0,0,0,0,0,0,0,0,0,0,0,1,1,8,0,0,0,0,0,,0,0,0,0,0,0,0,0,0,0,0,,0
00-0039052,Trey Palmer,WR,2024,3,REG,2024_03_DEN_TB,TB,DEN,0,0,0,0,0,0,0,0,0,0,0,0,0,1,0,0,0,0,0,0,,0,0,0,0,0,0,0,0,0,0,0,,0
00-0039059,Ethan Evans,P,2024,3,REG,2024_03_SF_LA,LA,SF,0,0,0,0,0,0,0,0,0,0,0,0,0,0,0,0,0,0,0,0,,0,0,0,0,0,0,0,0,3,127,118,48,2
00-0039062,Jonathan Mingo,WR,2024,3,REG,2024_03_CAR_LV,CAR,LV,0,0,0,0,0,0,0,1,2,0,0,0,3,4,18,0,1,0,0,0,,0,0,0,0,0,0,0,0,0,0,0,,0
00-0039064,Zay Flowers,WR,2024,3,REG,2024_03_BAL_DAL,BAL,DAL,0,0,0,0,0,0,0,1,3,0,0,0,3,4,20,0,1,0,0,0,,0,0,0,0,0,0,0,0,0,0,0,,0
00-0039065,Sam LaPorta,TE,2024,3,REG,2024_03_DET_ARI,DET,ARI,0,0,0,0,0,0,0,0,0,0,0,0,2,2,36,0,2,0,0,0,,0,0,0,0,0,0,0,0,0,0,0,,0
00-0039066,Michael Mayer,TE,2024,3,REG,2024_03_CAR_LV,LV,CAR,0,0,0,0,0,0,0,0,0,0,0,0,1,3,7,0,1,0,0,0,,0,0,0,0,0,0,0,0,0,0,0,,0
00-0039067,Rashee Rice,WR,2024,3,REG,2024_03_KC_ATL,KC,ATL,0,0,0,0,0,0,0,1,1,0,1,0,12,14,110,1,7,0,0,0,,0,0,0,0,0,0,0,0,0,0,0,,0
00-0039139,Jahmyr Gibbs,RB,2024,3,REG,2024_03_DET_ARI,DET,ARI,0,0,0,0,0,0,0,16,83,0,4,0,0,0,20,1,0,0,0,0,,0,0,0,0,0,0,0,0,0,0,0,,0
00-0039144,Luke Musgrave,TE,2024,3,REG,2024_03_GB_TEN,GB,TEN,0,0,0,0,0,0,0,0,0,0,0,0,1,1,3,0,0,0,0,0,,0,0,0,0,0,0,0,0,0,0,0,,0
00-0039146,Jayden Reed,WR,2024,3,REG,2024_03_GB_TEN,GB,TEN,0,0,0,0,0,0,0,2,19,0,1,0,4,6,50,0,1,0,0,0,,0,0,0,0,0,0,0,0,0,0,0,,0
00-0039152,Will Levis,QB,2024,3,REG,2024_03_GB_TEN,TEN,GB,26,34,260,2,2,8,-56,3,12,0,2,0,0,0,0,0,0,0,0,0,,0,0,0,0,0,0,0,0,0,0,0,,0
00-0039163,C.J. Stroud,QB,2024,3,REG,2024_03_HOU_MIN,HOU,MIN,20,31,215,1,2,4,-42,3,12,0,0,0,0,0,0,0,0,0,0,0,,0,0,0,0,0,0,0,0,0,0,0,,0
00-0039164,Anthony Richardson,QB,2024,3,REG,2024_03_CHI_IND,IND,CHI,10,20,167,0,2,1,-11,8,24,0,1,0,0,0,0,0,0,0,0,0,,0,0,0,0,0,0,0,0,0,0,0,,0
00-0039165,Zach Charbonnet,RB,2024,3,REG,2024_03_MIA_SEA,SEA,MIA,0,0,0,0,0,0,0,18,91,2,6,0,3,4,16,0,0,0,0,0,,0,0,0,0,0,0,0,0,0,0,0,,0
00-0039172,Jake Bates,K,2024,3,REG,2024_03_DET_ARI,DET,ARI,0,0,0,0,0,0,0,0,0,0,0,0,0,0,0,0,0,0,0,0,,0,0,0,0,0,0,2,3,0,0,0,,0
00-0039236,Johnny Wilson,WR,2024,3,REG,2024_03_PHI_NO,PHI,NO,0,0,0,0,0,0,0,0,0,0,0,0,1,2,9,0,1,0,0,0,,0,0,0,0,0,0,0,0,0,0,0,,0
00-0039325,Carson Steele,RB,2024,3,REG,2024_03_KC_ATL,KC,ATL,0,0,0,0,0,0,0,17,72,0,6,0,1,2,2,0,0,0,0,0,,0,0,0,0,0,0,0,0,0,0,0,,0
00-0039337,Malik Nabers,WR,2024,3,REG,2024_03_NYG_CLE,NYG,CLE,0,1,0,0,0,0,0,2,4,0,1,0,8,12,78,2,5,0,0,0,,0,0,0,0,0,0,0,0,0,0,0,,0
00-0039338,Brock Bowers,TE,2024,3,REG,2024_03_CAR_LV,LV,CAR,0,0,0,0,0,0,0,0,0,0,0,0,3,4,41,0,2,0,0,0,,0,0,0,0,0,0,0,0,0,0,0,,0
00-0039342,Xavier Legette,WR,2024,3,REG,2024_03_CAR_LV,CAR,LV,0,0,0,0,0,0,0,0,0,0,0,0,2,3,42,0,1,0,0,0,,0,0,0,0,0,0,0,0,0,0,0,,0
00-0039351,Dominick Puni,OT,2024,3,REG,2024_03_SF_LA,SF,LA,0,0,0,0,0,0,0,0,0,0,0,0,0,0,-3,0,0,0,0,0,,0,0,0,0,0,0,0,0,0,0,0,,0
00-0039355,Luke McCaffrey,WR,2024,3,REG,2024_03_WAS_CIN,WAS,CIN,0,0,0,0,0,0,0,0,0,0,0,0,3,3,44,0,2,0,0,0,,0,0,0,0,0,0,0,0,0,0,0,,0
00-0039356,Ja'Tavion Sanders,TE,2024,3,REG,2024_03_CAR_LV,CAR,LV,0,0,0,0,0,0,0,0,0,0,0,0,0,1,0,0,0,0,0,0,,0,0,0,0,0,0,0,0,0,0,0,,0
00-0039361,Bucky Irving,RB,2024,3,REG,2024_03_DEN_TB,TB,DEN,0,0,0,0,0,0,0,9,70,0,3,0,3,3,14,0,1,0,0,0,,0,0,0,0,0,0,0,0,0,0,0,,0
00-0039363,Isaac Guerendo,RB,2024,3,REG,2024_03_SF_LA,SF,LA,0,0,0,0,0,0,0,5,19,0,0,0,0,0,0,0,0,0,0,0,,0,0,0,0,0,0,0,0,0,0,0,,0
00-0039384,Tyrone Tracy Jr.,RB,2024,3,REG,2024_03_NYG_CLE,NYG,CLE,0,0,0,0,0,0,0,5,23,0,1,0,2,2,17,0,0,0,0,0,,0,0,0,0,0,0,0,0,0,0,0,,0
00-0039404,Will Reichard,K,2024,3,REG,2024_03_HOU_MIN,MIN,HOU,0,0,0,0,0,0,0,0,0,0,0,0,0,0,0,0,0,0,2,2,58,0,0,1,0,1,0,4,4,0,0,0,,0
00-0039409,Cam Little,K,2024,3,REG,2024_03_JAX_BUF,JAX,BUF,0,0,0,0,0,0,0,0,0,0,0,0,0,0,0,0,0,0,1,1,41,0,0,0,1,0,0,1,1,0,0,0,,0
00-0039603,British Brooks,RB,2024,3,REG,2024_03_HOU_MIN,HOU,MIN,0,0,0,0,0,0,0,1,2,0,0,0,0,0,0,0,0,0,0,0,,0,0,0,0,0,0,0,0,0,0,0,,0
00-0039611,Matthew Hayball,P,2024,3,REG,2024_03_PHI_NO,NO,PHI,0,0,0,0,0,0,0,0,0,0,0,0,0,0,0,0,0,0,0,0,,0,0,0,0,0,0,0,0,4,162,156,52,2
00-0039623,Mason Tipton,WR,2024,3,REG,2024_03_PHI_NO,NO,PHI,0,0,0,0,0,0,0,0,0,0,0,0,2,3,11,0,0,0,0,0,,0,0,0,0,0,0,0,0,0,0,0,,0
00-0039649,Brayden Narveson,K,2024,3,REG,2024_03_GB_TEN,GB,TEN,0,0,0,0,0,0,0,0,0,0,0,0,0,0,0,0,0,0,3,3,47,0,2,0,1,0,0,3,3,0,0,0,,0
00-0039732,Bo Nix,QB,2024,3,REG,2024_03_DEN_TB,DEN,TB,25,36,216,0,0,0,0,9,47,1,6,0,0,0,0,0,0,0,0,0,,0,0,0,0,0,0,0,0,0,0,0,,0
00-0039745,Tory Taylor,P,2024,3,REG,2024_03_CHI_IND,CHI,IND,0,0,0,0,0,0,0,0,0,0,0,0,0,0,0,0,0,0,0,0,,0,0,0,0,0,0,0,0,3,127,108,54,1
00-0039750,Joshua Karty,K,2024,3,REG,2024_03_SF_LA,LA,SF,0,0,0,0,0,0,0,0,0,0,0,0,0,0,0,0,0,0,2,2,37,0,0,2,0,0,0,3,3,0,0,0,,0
00-0039751,Jordan Whittington,WR,2024,3,REG,2024_03_SF_LA,LA,SF,0,0,0,0,0,0,0,0,0,0,0,0,3,3,28,0,2,0,0,0,,0,0,0,0,0,0,0,0,0,0,0,,0
00-0039793,AJ Barner,TE,2024,3,REG,2024_03_MIA_SEA,SEA,MIA,0,0,0,0,0,0,0,0,0,0,0,0,3,3,13,0,2,0,0,0,,0,0,0,0,0,0,0,0,0,0,0,,0
00-0039794,Braelon Allen,RB,2024,3,REG,2024_03_NE_NYJ,NYJ,NE,0,0,0,0,0,0,0,11,55,0,2,0,3,3,13,0,0,0,0,0,,0,0,0,0,0,0,0,0,0,0,0,,0
00-0039798,Isaiah Davis,RB,2024,3,REG,2024_03_NE_NYJ,NYJ,NE,0,0,0,0,0,0,0,3,6,0,1,0,0,0,0,0,0,0,0,0,,0,0,0,0,0,0,0,0,0,0,0,,0
00-0039814,Erick All,TE,2024,3,REG,2024_03_WAS_CIN,CIN,WAS,0,0,0,0,0,0,0,0,0,0,0,0,4,4,22,0,2,0,0,0,,0,0,0,0,0,0,0,0,0,0,0,,0
00-0039847,Theo Johnson,TE,2024,3,REG,2024_03_NYG_CLE,NYG,CLE,0,0,0,0,0,0,0,0,0,0,0,0,1,3,13,0,1,0,0,0,,0,0,0,0,0,0,0,0,0,0,0,,0
00-0039849,Marvin Harrison Jr.,WR,2024,3,REG,2024_03_DET_ARI,ARI,DET,0,0,0,0,0,0,0,0,0,0,0,0,5,11,64,1,5,0,0,0,,0,0,0,0,0,0,0,0,0,0,0,,0
00-0039851,Drake Maye,QB,2024,3,REG,2024_03_NE_NYJ,NE,NYJ,4,8,22,0,0,2,-13,2,12,0,1,0,0,0,0,0,0,0,0,0,,0,0,0,0,0,0,0,0,0,0,0,,0
00-0039855,Jalen McMillan,WR,2024,3,REG,2024_03_DEN_TB,TB,DEN,0,0,0,0,0,0,0,0,0,0,0,0,1,1,6,0,1,0,0,0,,0,0,0,0,0,0,0,0,0,0,0,,0
00-0039868,Troy Franklin,WR,2024,3,REG,2024_03_DEN_TB,DEN,TB,0,0,0,0,0,0,0,0,0,0,0,0,2,5,11,0,0,0,0,0,,0,0,0,0,0,0,0,0,0,0,0,,0
00-0039874,Jaylen Wright,RB,2024,3,REG,2024_03_MIA_SEA,MIA,SEA,0,0,0,0,0,0,0,2,17,0,0,0,0,0,0,0,0,0,0,0,,0,0,0,0,0,0,0,0,0,0,0,,0
00-0039875,Ray Davis,RB,2024,3,REG,2024_03_JAX_BUF,BUF,JAX,0,0,0,0,0,0,0,7,22,1,1,0,1,1,1,0,0,0,0,0,,0,0,0,0,0,0,0,0,0,0,0,,0
00-0039890,Adonai Mitchell,WR,2024,3,REG,2024_03_CHI_IND,IND,CHI,0,0,0,0,0,0,0,0,0,0,0,0,0,1,0,0,0,0,0,0,,0,0,0,0,0,0,0,0,0,0,0,,0
00-0039893,Brian Thomas Jr.,WR,2024,3,REG,2024_03_JAX_BUF,JAX,BUF,0,0,0,0,0,0,0,0,0,0,0,0,5,9,48,0,3,0,0,0,,0,0,0,0,0,0,0,0,0,0,0,,0
00-0039894,Xavier Worthy,WR,2024,3,REG,2024_03_KC_ATL,KC,ATL,0,0,0,0,0,0,0,3,13,0,0,0,2,4,17,0,1,0,0,0,,0,0,0,0,0,0,0,0,0,0,0,,0
00-0039901,Keon Coleman,WR,2024,3,REG,2024_03_JAX_BUF,BUF,JAX,0,0,0,0,0,0,0,0,0,0,0,0,1,1,24,1,1,0,0,0,,0,0,0,0,0,0,0,0,0,0,0,,0
00-0039907,Ja'Lynn Polk,WR,2024,3,REG,2024_03_NE_NYJ,NE,NYJ,0,0,0,0,0,0,0,0,0,0,0,0,2,2,13,0,0,0,0,0,,0,0,0,0,0,0,0,0,0,0,0,,0
00-0039910,Jayden Daniels,QB,2024,3,REG,2024_03_WAS_CIN,WAS,CIN,21,23,254,2,0,2,-6,12,39,1,5,0,0,0,0,0,0,0,0,0,,0,0,0,0,0,0,0,0,0,0,0,,0
00-0039915,Ladd McConkey,WR,2024,3,REG,2024_03_LAC_PIT,LAC,PIT,0,0,0,0,0,0,0,0,0,0,0,0,3,6,44,0,3,0,0,0,,0,0,0,0,0,0,0,0,0,0,0,,0
00-0039918,Caleb Williams,QB,2024,3,REG,2024_03_CHI_IND,CHI,IND,33,52,363,2,2,4,-31,1,8,0,1,0,0,0,0,0,0,0,0,0,,0,0,0,0,0,0,0,0,0,0,0,,0
00-0039919,Rome Odunze,WR,2024,3,REG,2024_03_CHI_IND,CHI,IND,0,0,0,0,0,0,0,1,2,0,0,0,6,11,112,1,5,0,0,0,,0,0,0,0,0,0,0,0,0,0,0,,0
00-0039921,Trey Benson,RB,2024,3,REG,2024_03_DET_ARI,ARI,DET,0,0,0,0,0,0,0,2,8,0,0,0,0,0,0,0,0,0,0,0,,0,0,0,0,0,0,0,0,0,0,0,,0
00-0023459,Aaron Rodgers,QB,2024,4,REG,2024_04_DEN_NYJ,NYJ,DEN,24,42,225,0,0,5,-41,5,26,0,1,0,0,0,0,0,0,0,0,0,,0,0,0,0,0,0,0,0,0,0,0,,0
00-0023853,Matt Prater,K,2024,4,REG,2024_04_WAS_ARI,ARI,WAS,0,0,0,0,0,0,0,0,0,0,0,0,0,0,0,0,0,0,0,0,,0,0,0,0,0,0,2,2,0,0,0,,0
00-0025565,Nick Folk,K,2024,4,REG,2024_04_TEN_MIA,TEN,MIA,0,0,0,0,0,0,0,0,0,0,0,0,0,0,0,0,0,0,5,5,53,0,1,0,1,3,0,2,2,0,0,0,,0
00-0026158,Joe Flacco,QB,2024,4,REG,2024_04_PIT_IND,IND,PIT,16,26,168,2,0,2,-14,2,3,0,0,0,0,0,0,0,0,0,0,0,,0,0,0,0,0,0,0,0,0,0,0,,0
00-0026300,Josh Johnson,QB,2024,4,REG,2024_04_BUF_BAL,BAL,BUF,1,1,1,0,0,0,0,0,0,0,0,0,0,0,0,0,0,0,0,0,,0,0,0,0,0,0,0,0,0,0,0,,0
00-0026498,Matthew Stafford,QB,2024,4,REG,2024_04_LA_CHI,LA,CHI,20,29,224,0,1,3,-21,1,-1,0,0,0,0,0,0,0,0,0,0,0,,0,0,0,0,0,0,0,0,0,0,0,,0
00-0027114,Thomas Morstead,P,2024,4,REG,2024_04_DEN_NYJ,NYJ,DEN,0,0,0,0,0,0,0,0,0,0,0,0,0,0,0,0,0,0,0,0,,0,0,0,0,0,0,0,0,7,316,311,56,3
00-0027973,Andy Dalton,QB,2024,4,REG,2024_04_CIN_CAR,CAR,CIN,25,40,220,2,1,0,0,3,9,0,1,0,0,0,0,0,0,0,0,0,,0,0,0,0,0,0,0,0,0,0,0,,0
00-0028872,Johnny Hekker,P,2024,4,REG,2024_04_CIN_CAR,CAR,CIN,0,1,0,0,0,0,0,0,0,0,0,0,0,0,0,0,0,0,0,0,,0,0,0,0,0,0,0,0,2,102,99,55,1
00-0029597,Justin Tucker,K,2024,4,REG,2024_04_BUF_BAL,BAL,BUF,0,0,0,0,0,0,0,0,0,0,0,0,0,0,0,0,0,0,0,0,,0,0,0,0,0,0,5,5,0,0,0,,0
00-0029604,Kirk Cousins,QB,2024,4,REG,2024_04_NO_ATL,ATL,NO,21,35,238,0,1,1,-11,0,0,0,0,0,0,0,0,0,0,0,0,0,,0,0,0,0,0,0,0,0,0,0,0,,0
00-0029621,Greg Zuerlein,K,2024,4,REG,2024_04_DEN_NYJ,NYJ,DEN,0,0,0,0,0,0,0,0,0,0,0,0,0,0,0,0,0,0,3,4,40,0,1,1,1,0,0,0,0,0,0,0,,0
00-0029692,Bryan Anger,P,2024,4,REG,2024_04_DAL_NYG,DAL,NYG,0,0,0,0,0,0,0,0,0,0,0,0,0,0,0,0,0,0,0,0,,0,0,0,0,0,0,0,0,3,165,123,60,1
00-0029892,Kyle Juszczyk,FB,2024,4,REG,2024_04_NE_SF,SF,NE,0,0,0,0,0,0,0,0,0,0,0,0,1,1,12,0,1,0,0,0,,0,0,0,0,0,0,0,0,0,0,0,,0
00-0030061,Zach Ertz,TE,2024,4,REG,2024_04_WAS_ARI,WAS,ARI,0,0,0,0,0,0,0,0,0,0,0,0,3,3,22,0,1,0,0,0,,0,0,0,0,0,0,0,0,0,0,0,,0
00-0030092,Sam Martin,P,2024,4,REG,2024_04_BUF_BAL,BUF,BAL,0,0,0,0,0,0,0,0,0,0,0,0,0,0,0,0,0,0,0,0,,0,0,0,0,0,0,0,0,6,289,235,59,2
00-0030098,Dustin Hopkins,K,2024,4,REG,2024_04_CLE_LV,CLE,LV,0,0,0,0,0,0,0,0,0,0,0,0,0,0,0,0,0,0,1,1,56,0,0,0,0,1,0,1,2,0,0,0,,0
00-0030140,Tress Way,P,2024,4,REG,2024_04_WAS_ARI,WAS,ARI,0,0,0,0,0,0,0,0,0,0,0,0,0,0,0,0,0,0,0,0,,0,0,0,0,0,0,0,0,1,51,47,51,0
00-0030279,Keenan Allen,WR,2024,4,REG,2024_04_LA_CHI,CHI,LA,0,0,0,0,0,0,0,0,0,0,0,0,3,3,19,0,1,0,0,0,,0,0,0,0,0,0,0,0,0,0,0,,0
00-0030431,Robert Woods,WR,2024,4,REG,2024_04_JAX_HOU,HOU,JAX,0,0,0,0,0,0,0,0,0,0,0,0,1,3,10,0,1,0,0,0,,0,0,0,0,0,0,0,0,0,0,0,,0
00-0030506,Travis Kelce,TE,2024,4,REG,2024_04_KC_LAC,KC,LAC,0,0,0,0,0,0,0,0,0,0,0,0,7,9,89,0,2,0,0,0,,0,0,0,0,0,0,0,0,0,0,0,,0
00-0030564,DeAndre Hopkins,WR,2024,4,REG,2024_04_TEN_MIA,TEN,MIA,0,0,0,0,0,0,0,0,0,0,0,0,2,4,31,0,1,0,0,0,,0,0,0,0,0,0,0,0,0,0,0,,0
00-0030565,Geno Smith,QB,2024,4,REG,2024_04_SEA_DET,SEA,DET,38,56,395,1,1,3,-12,5,38,0,4,0,0,0,0,0,0,0,0,0,,0,0,0,0,0,0,0,0,0,0,0,,0
00-0030578,Cordarrelle Patterson,RB,2024,4,REG,2024_04_PIT_IND,PIT,IND,0,0,0,0,0,0,0,6,43,0,3,0,2,2,19,0,1,0,0,0,,0,0,0,0,0,0,0,0,0,0,0,,0
00-0031136,Chris Boswell,K,2024,4,REG,2024_04_PIT_IND,PIT,IND,0,0,0,0,0,0,0,0,0,0,0,0,0,0,0,0,0,0,1,1,50,0,0,0,0,1,0,3,3,0,0,0,,0
00-0031203,Cairo Santos,K,2024,4,REG,2024_04_LA_CHI,CHI,LA,0,0,0,0,0,0,0,0,0,0,0,0,0,0,0,0,0,0,1,1,40,0,0,0,1,0,0,3,3,0,0,0,,0
00-0031236,Brandin Cooks,WR,2024,4,REG,2024_04_DAL_NYG,DAL,NYG,0,0,0,0,0,0,0,0,0,0,0,0,1,4,16,0,1,0,0,0,,0,0,0,0,0,0,0,0,0,0,0,,0
00-0031280,Derek Carr,QB,2024,4,REG,2024_04_NO_ATL,NO,ATL,28,36,239,0,1,1,-4,3,5,0,0,0,0,0,0,0,0,0,0,0,,0,0,0,0,0,0,0,0,0,0,0,,0
00-0031408,Mike Evans,WR,2024,4,REG,2024_04_PHI_TB,TB,PHI,0,0,0,0,0,0,0,0,0,0,0,0,8,14,94,1,6,0,0,0,,0,0,0,0,0,0,0,0,0,0,0,,0
00-0031492,Jason Myers,K,2024,4,REG,2024_04_SEA_DET,SEA,DET,0,0,0,0,0,0,0,0,0,0,0,0,0,0,0,0,0,0,0,1,,0,0,0,0,0,0,3,3,0,0,0,,0
00-0031544,Amari Cooper,WR,2024,4,REG,2024_04_CLE_LV,CLE,LV,0,0,0,0,0,0,0,0,0,0,0,0,4,8,35,0,2,0,0,0,,0,0,0,0,0,0,0,0,0,0,0,,0
00-0031549,Nelson Agholor,WR,2024,4,REG,2024_04_BUF_BAL,BAL,BUF,0,0,0,0,0,0,0,0,0,0,0,0,2,3,10,0,1,0,0,0,,0,0,0,0,0,0,0,0,0,0,0,,0
00-0031588,Stefon Diggs,WR,2024,4,REG,2024_04_JAX_HOU,HOU,JAX,0,0,0,0,0,0,0,1,6,1,1,0,5,9,69,0,4,0,0,0,,0,0,0,0,0,0,0,0,0,0,0,,0
00-0031595,Michael Burton,FB,2024,4,REG,2024_04_DEN_NYJ,DEN,NYJ,0,0,0,0,0,0,0,0,0,0,0,0,1,1,3,0,0,0,0,0,,0,0,0,0,0,0,0,0,0,0,0,,0
00-0032065,Bradley Pinion,P,2024,4,REG,2024_04_NO_ATL,ATL,NO,0,0,0,0,0,0,0,0,0,0,0,0,0,0,0,0,0,0,0,0,,0,0,0,0,0,0,0,0,3,86,69,45,2
00-0032128,Chris Conley,WR,2024,4,REG,2024_04_NE_SF,SF,NE,0,0,0,0,0,0,0,0,0,0,0,0,0,2,0,0,0,0,0,0,,0,0,0,0,0,0,0,0,0,0,0,,0
00-0032211,Tyler Lockett,WR,2024,4,REG,2024_04_SEA_DET,SEA,DET,0,0,0,0,0,0,0,0,0,0,0,0,5,9,61,0,4,0,0,0,,0,0,0,0,0,0,0,0,0,0,0,,0
00-0032385,Sterling Shepard,WR,2024,4,REG,2024_04_PHI_TB,TB,PHI,0,0,0,0,0,0,0,0,0,0,0,0,3,5,51,0,2,0,0,0,,0,0,0,0,0,0,0,0,0,0,0,,0
00-0032392,Austin Hooper,TE,2024,4,REG,2024_04_NE_SF,NE,SF,0,0,0,0,0,0,0,0,0,0,0,0,2,2,13,1,2,0,0,0,,0,0,0,0,0,0,0,0,0,0,0,,0
00-0032464,Kalif Raymond,WR,2024,4,REG,2024_04_SEA_DET,DET,SEA,0,0,0,0,0,0,0,0,0,0,0,0,1,1,9,0,0,0,0,0,,0,0,0,0,0,0,0,0,0,0,0,,0
00-0032569,Wil Lutz,K,2024,4,REG,2024_04_DEN_NYJ,DEN,NYJ,0,0,0,0,0,0,0,0,0,0,0,0,0,0,0,0,0,0,1,2,47,0,0,0,1,0,0,1,1,0,0,0,,0
00-0032726,Ka'imi Fairbairn,K,2024,4,REG,2024_04_JAX_HOU,HOU,JAX,0,0,0,0,0,0,0,0,0,0,0,0,0,0,0,0,0,0,1,1,30,0,0,1,0,0,0,3,3,0,0,0,,0
00-0032764,Derrick Henry,RB,2024,4,REG,2024_04_BUF_BAL,BAL,BUF,0,0,0,0,0,0,0,24,199,1,8,0,3,3,10,1,1,0,0,0,,0,0,0,0,0,0,0,0,0,0,0,,0
00-0032775,Demarcus Robinson,WR,2024,4,REG,2024_04_LA_CHI,LA,CHI,0,0,0,0,0,0,0,0,0,0,0,0,2,3,37,0,2,0,0,0,,0,0,0,0,0,0,0,0,0,0,0,,0
00-0032943,Riley Dixon,P,2024,4,REG,2024_04_DEN_NYJ,DEN,NYJ,0,0,0,0,0,0,0,0,0,0,0,0,0,0,0,0,0,0,0,0,,0,0,0,0,0,0,0,0,8,339,308,54,3
00-0033009,Tyler Boyd,WR,2024,4,REG,2024_04_TEN_MIA,TEN,MIA,0,0,0,0,0,0,0,0,0,0,0,0,2,2,31,0,1,0,0,0,,0,0,0,0,0,0,0,0,0,0,0,,0
00-0033040,Tyreek Hill,WR,2024,4,REG,2024_04_TEN_MIA,MIA,TEN,0,0,0,0,0,0,0,3,19,0,1,0,4,7,23,0,1,0,0,0,,0,0,0,0,0,0,0,0,0,0,0,,0
00-0033045,Ezekiel Elliott,RB,2024,4,REG,2024_04_DAL_NYG,DAL,NYG,0,0,0,0,0,0,0,5,19,0,0,0,1,1,5,0,0,0,0,0,,0,0,0,0,0,0,0,0,0,0,0,,0
00-0033077,Dak Prescott,QB,2024,4,REG,2024_04_DAL_NYG,DAL,NYG,22,27,221,2,0,1,-8,2,-1,0,0,0,0,0,0,0,0,0,0,0,,0,0,0,0,0,0,0,0,0,0,0,,0
00-0033090,Hunter Henry,TE,2024,4,REG,2024_04_NE_SF,NE,SF,0,0,0,0,0,0,0,0,0,0,0,0,2,3,12,0,1,0,0,0,,0,0,0,0,0,0,0,0,0,0,0,,0
00-0033106,Jared Goff,QB,2024,4,REG,2024_04_SEA_DET,DET,SEA,18,18,292,2,0,3,-26,2,-2,0,0,0,1,1,7,1,1,0,0,0,,0,0,0,0,0,0,0,0,0,0,0,,0
00-0033119,Jacoby Brissett,QB,2024,4,REG,2024_04_NE_SF,NE,SF,19,32,168,1,1,6,-25,2,3,0,1,0,0,0,0,0,0,0,0,0,,0,0,0,0,0,0,0,0,0,0,0,,0
00-0033246,Johnny Mundt,TE,2024,4,REG,2024_04_MIN_GB,MIN,GB,0,0,0,0,0,0,0,0,0,0,0,0,2,2,15,0,0,0,0,0,,0,0,0,0,0,0,0,0,0,0,0,,0
00-0033269,Rigoberto Sanchez,P,2024,4,REG,2024_04_PIT_IND,IND,PIT,0,0,0,0,0,0,0,0,0,0,0,0,0,0,0,0,0,0,0,0,,0,0,0,0,0,0,0,0,4,170,140,58,2
00-0033282,Curtis Samuel,WR,2024,4,REG,2024_04_BUF_BAL,BUF,BAL,0,0,0,0,0,0,0,1,7,0,0,0,2,2,8,0,0,0,0,0,,0,0,0,0,0,0,0,0,0,0,0,,0
00-0033288,George Kittle,TE,2024,4,REG,2024_04_NE_SF,SF,NE,0,0,0,0,0,0,0,0,0,0,0,0,4,4,45,1,3,0,0,0,,0,0,0,0,0,0,0,0,0,0,0,,0
00-0033293,Aaron Jones,RB,2024,4,REG,2024_04_MIN_GB,MIN,GB,0,0,0,0,0,0,0,22,93,0,5,0,4,5,46,0,2,0,0,0,,0,0,0,0,0,0,0,0,0,0,0,,0
00-0033303,Harrison Butker,K,2024,4,REG,2024_04_KC_LAC,KC,LAC,0,0,0,0,0,0,0,0,0,0,0,0,0,0,0,0,0,0,1,2,37,0,0,1,0,0,0,2,2,0,0,0,,0
00-0033357,Taysom Hill,TE,2024,4,REG,2024_04_NO_ATL,NO,ATL,0,0,0,0,0,0,0,6,24,2,4,0,0,0,0,0,0,0,0,0,,0,0,0,0,0,0,0,0,0,0,0,,0
00-0033375,Tim Patrick,WR,2024,4,REG,2024_04_SEA_DET,DET,SEA,0,0,0,0,0,0,0,0,0,0,0,0,2,2,52,0,2,0,0,0,,0,0,0,0,0,0,0,0,0,0,0,,0
00-0033439,Pharaoh Brown,TE,2024,4,REG,2024_04_SEA_DET,SEA,DET,0,0,0,0,0,0,0,0,0,0,0,0,1,2,3,0,0,0,0,0,,0,0,0,0,0,0,0,0,0,0,0,,0
00-0033460,John Ross,WR,2024,4,REG,2024_04_PHI_TB,PHI,TB,0,0,0,0,0,0,0,0,0,0,0,0,1,2,6,0,1,0,0,0,,0,0,0,0,0,0,0,0,0,0,0,,0
00-0033526,Samaje Perine,RB,2024,4,REG,2024_04_KC_LAC,KC,LAC,0,0,0,0,0,0,0,5,14,1,3,0,0,0,0,0,0,0,0,0,,0,0,0,0,0,0,0,0,0,0,0,,0
00-0033536,Mike Williams,WR,2024,4,REG,2024_04_DEN_NYJ,NYJ,DEN,0,0,0,0,0,0,0,0,0,0,0,0,4,5,67,0,3,0,0,0,,0,0,0,0,0,0,0,0,0,0,0,,0
00-0033537,Deshaun Watson,QB,2024,4,REG,2024_04_CLE_LV,CLE,LV,24,32,176,1,1,3,-27,8,32,0,1,0,0,0,0,0,0,0,0,0,,0,0,0,0,0,0,0,0,0,0,0,,0
00-0033553,James Conner,RB,2024,4,REG,2024_04_WAS_ARI,ARI,WAS,0,0,0,0,0,0,0,18,104,1,8,0,1,1,9,0,0,0,0,0,,0,0,0,0,0,0,0,0,0,0,0,,0
00-0033555,Mack Hollins,WR,2024,4,REG,2024_04_BUF_BAL,BUF,BAL,0,0,0,0,0,0,0,0,0,0,0,0,1,6,5,0,0,0,0,0,,0,0,0,0,0,0,0,0,0,0,0,,0
00-0033591,Noah Brown,WR,2024,4,REG,2024_04_WAS_ARI,WAS,ARI,0,0,0,0,0,0,0,0,0,0,0,0,3,4,26,0,2,0,0,0,,0,0,0,0,0,0,0,0,0,0,0,,0
00-0033702,Younghoe Koo,K,2024,4,REG,2024_04_NO_ATL,ATL,NO,0,0,0,0,0,0,0,0,0,0,0,0,0,0,0,0,0,0,4,4,58,0,0,0,2,2,0,2,2,0,0,0,,0
00-0033787,Jake Elliott,K,2024,4,REG,2024_04_PHI_TB,PHI,TB,0,0,0,0,0,0,0,0,0,0,0,0,0,0,0,0,0,0,0,0,,0,0,0,0,0,0,2,2,0,0,0,,0
00-0033854,Dare Ogunbowale,RB,2024,4,REG,2024_04_JAX_HOU,HOU,JAX,0,0,0,0,0,0,0,2,7,0,0,0,4,4,47,1,3,0,0,0,,0,0,0,0,0,0,0,0,0,0,0,,0
00-0033858,Jonnu Smith,TE,2024,4,REG,2024_04_TEN_MIA,MIA,TEN,0,0,0,0,0,0,0,0,0,0,0,0,0,1,0,0,0,0,0,0,,0,0,0,0,0,0,0,0,0,0,0,,0
00-0033869,Mitchell Trubisky,QB,2024,4,REG,2024_04_BUF_BAL,BUF,BAL,1,2,2,0,0,0,0,0,0,0,0,0,0,0,0,0,0,0,0,0,,0,0,0,0,0,0,0,0,0,0,0,,0
00-0033873,Patrick Mahomes,QB,2024,4,REG,2024_04_KC_LAC,KC,LAC,19,29,245,1,1,3,-17,5,12,0,1,0,0,0,0,0,0,0,0,0,,0,0,0,0,0,0,0,0,0,0,0,,0
00-0033906,Alvin Kamara,RB,2024,4,REG,2024_04_NO_ATL,NO,ATL,0,0,0,0,0,0,0,19,77,1,7,0,7,9,42,0,2,0,0,0,,0,0,0,0,0,0,0,0,0,0,0,,0
00-0033921,Chris Godwin Jr.,WR,2024,4,REG,2024_04_PHI_TB,TB,PHI,0,0,0,0,0,0,0,0,0,0,0,0,6,9,69,0,4,0,0,0,,0,0,0,0,0,0,0,0,0,0,0,,0
00-0033923,Kareem Hunt,RB,2024,4,REG,2024_04_KC_LAC,KC,LAC,0,0,0,0,0,0,0,14,69,0,2,0,2,3,16,0,1,0,0,0,,0,0,0,0,0,0,0,0,0,0,0,,0
00-0033925,D'Onta Foreman,RB,2024,4,REG,2024_04_CLE_LV,CLE,LV,0,0,0,0,0,0,0,4,2,0,1,0,1,1,5,0,0,0,0,0,,0,0,0,0,0,0,0,0,0,0,0,,0
00-0033943,Josh Reynolds,WR,2024,4,REG,2024_04_DEN_NYJ,DEN,NYJ,0,0,0,0,0,0,0,0,0,0,0,0,0,2,0,0,0,0,0,0,,0,0,0,0,0,0,0,0,0,0,0,,0
00-0033948,Jamaal Williams,RB,2024,4,REG,2024_04_NO_ATL,NO,ATL,0,0,0,0,0,0,0,3,11,0,0,0,2,2,8,0,0,0,0,0,,0,0,0,0,0,0,0,0,0,0,0,,0
00-0033955,Jeremy McNichols,RB,2024,4,REG,2024_04_WAS_ARI,WAS,ARI,0,0,0,0,0,0,0,8,68,2,4,0,1,1,6,0,0,0,0,0,,0,0,0,0,0,0,0,0,0,0,0,,0
00-0034159,Will Dissly,TE,2024,4,REG,2024_04_KC_LAC,LAC,KC,0,0,0,0,0,0,0,0,0,0,0,0,2,3,24,0,1,0,0,0,,0,0,0,0,0,0,0,0,0,0,0,,0
00-0034160,Michael Dickson,P,2024,4,REG,2024_04_SEA_DET,SEA,DET,0,0,0,0,0,0,0,0,0,0,0,0,0,0,0,0,0,0,0,0,,0,0,0,0,0,0,0,0,3,133,107,54,2
00-0034161,Daniel Carlson,K,2024,4,REG,2024_04_CLE_LV,LV,CLE,0,0,0,0,0,0,0,0,0,0,0,0,0,0,0,0,0,0,2,2,52,0,0,1,0,1,0,2,2,0,0,0,,0
00-0034162,J.K. Scott,P,2024,4,REG,2024_04_KC_LAC,LAC,KC,0,0,0,0,0,0,0,0,0,0,0,0,0,0,0,0,0,0,0,0,,0,0,0,0,0,0,0,0,6,318,303,59,1
00-0034173,Eddy Pineiro,K,2024,4,REG,2024_04_CIN_CAR,CAR,CIN,0,0,0,0,0,0,0,0,0,0,0,0,0,0,0,0,0,0,1,1,48,0,0,0,1,0,0,3,3,0,0,0,,0
00-0034184,Gus Edwards,RB,2024,4,REG,2024_04_KC_LAC,LAC,KC,0,0,0,0,0,0,0,6,19,0,1,0,0,0,0,0,0,0,0,0,,0,0,0,0,0,0,0,0,0,0,0,,0
00-0034270,Tyler Conklin,TE,2024,4,REG,2024_04_DEN_NYJ,NYJ,DEN,0,0,0,0,0,0,0,0,0,0,0,0,4,8,17,0,1,0,0,0,,0,0,0,0,0,0,0,0,0,0,0,,0
00-0034272,Marquez Valdes-Scantling,WR,2024,4,REG,2024_04_BUF_BAL,BUF,BAL,0,0,0,0,0,0,0,0,0,0,0,0,0,1,0,0,0,0,0,0,,0,0,0,0,0,0,0,0,0,0,0,,0
00-0034348,Courtland Sutton,WR,2024,4,REG,2024_04_DEN_NYJ,DEN,NYJ,0,0,0,0,0,0,0,0,0,0,0,0,3,9,60,1,3,0,0,0,,0,0,0,0,0,0,0,0,0,0,0,,0
00-0034351,Dallas Goedert,TE,2024,4,REG,2024_04_PHI_TB,PHI,TB,0,0,0,0,0,0,0,0,0,0,0,0,7,8,62,0,1,0,0,0,,0,0,0,0,0,0,0,0,0,0,0,,0
00-0034364,Jordan Akins,TE,2024,4,REG,2024_04_CLE_LV,CLE,LV,0,0,0,0,0,0,0,0,0,0,0,0,1,2,10,0,1,0,0,0,,0,0,0,0,0,0,0,0,0,0,0,,0
00-0034383,Dalton Schultz,TE,2024,4,REG,2024_04_JAX_HOU,HOU,JAX,0,0,0,0,0,0,0,0,0,0,0,0,3,5,34,0,2,0,0,0,,0,0,0,0,0,0,0,0,0,0,0,,0
00-0034386,Justin Watson,WR,2024,4,REG,2024_04_KC_LAC,KC,LAC,0,0,0,0,0,0,0,0,0,0,0,0,2,3,27,0,1,0,0,0,,0,0,0,0,0,0,0,0,0,0,0,,0
00-0034407,Ray-Ray McCloud,WR,2024,4,REG,2024_04_NO_ATL,ATL,NO,0,0,0,0,0,0,0,0,0,0,0,0,6,7,52,0,2,0,0,0,,0,0,0,0,0,0,0,0,0,0,0,,0
00-0034437,Logan Cooke,P,2024,4,REG,2024_04_JAX_HOU,JAX,HOU,0,0,0,0,0,0,0,0,0,0,0,0,0,0,0,0,0,0,0,0,,0,0,0,0,0,0,0,0,5,253,234,58,1
00-0034450,Greg Joseph,K,2024,4,REG,2024_04_DAL_NYG,NYG,DAL,0,0,0,0,0,0,0,0,0,0,0,0,0,0,0,0,0,0,5,5,52,0,1,1,2,1,0,0,0,0,0,0,,0
00-0034487,Trent Sherfield,WR,2024,4,REG,2024_04_MIN_GB,MIN,GB,0,0,0,0,0,0,0,0,0,0,0,0,1,1,8,0,0,0,0,0,,0,0,0,0,0,0,0,0,0,0,0,,0
00-0034521,Allen Lazard,WR,2024,4,REG,2024_04_DEN_NYJ,NYJ,DEN,0,0,0,0,0,0,0,0,0,0,0,0,5,8,58,0,3,0,0,0,,0,0,0,0,0,0,0,0,0,0,0,,0
00-0034646,Brandon Powell,WR,2024,4,REG,2024_04_MIN_GB,MIN,GB,0,0,0,0,0,0,0,0,0,0,0,0,0,2,0,0,0,0,0,0,,0,0,0,0,0,0,0,0,0,0,0,,0
00-0034721,Corey Bojorquez,P,2024,4,REG,2024_04_CLE_LV,CLE,LV,0,0,0,0,0,0,0,0,0,0,0,0,0,0,0,0,0,0,0,0,,0,0,0,0,0,0,0,0,5,316,252,84,1
00-0034753,Mark Andrews,TE,2024,4,REG,2024_04_BUF_BAL,BAL,BUF,0,0,0,0,0,0,0,0,0,0,0,0,0,1,0,0,0,0,0,0,,0,0,0,0,0,0,0,0,0,0,0,,0
00-0034771,Mason Rudolph,QB,2024,4,REG,2024_04_TEN_MIA,TEN,MIA,9,17,85,0,0,1,-8,0,0,0,0,0,0,0,0,0,0,0,0,0,,0,0,0,0,0,0,0,0,0,0,0,,0
00-0034775,Christian Kirk,WR,2024,4,REG,2024_04_JAX_HOU,JAX,HOU,0,0,0,0,0,0,0,0,0,0,0,0,7,12,61,1,4,0,0,0,,0,0,0,0,0,0,0,0,0,0,0,,0
00-0034794,Jason Sanders,K,2024,4,REG,2024_04_TEN_MIA,MIA,TEN,0,0,0,0,0,0,0,0,0,0,0,0,0,0,0,0,0,0,2,2,56,0,0,0,1,1,0,0,0,0,0,0,,0
00-0034796,Lamar Jackson,QB,2024,4,REG,2024_04_BUF_BAL,BAL,BUF,13,18,156,2,0,1,-1,6,54,1,2,1,0,0,0,0,0,0,0,0,,0,0,0,0,0,0,0,0,0,0,0,,0
00-0034827,DJ Moore,WR,2024,4,REG,2024_04_LA_CHI,CHI,LA,0,0,0,0,0,0,0,0,0,0,0,0,3,6,22,1,1,0,0,0,,0,0,0,0,0,0,0,0,0,0,0,,0
00-0034829,Mike Gesicki,TE,2024,4,REG,2024_04_CIN_CAR,CIN,CAR,0,0,0,0,0,0,0,0,0,0,0,0,1,1,-9,0,0,0,0,0,,0,0,0,0,0,0,0,0,0,0,0,,0
00-0034830,Hayden Hurst,TE,2024,4,REG,2024_04_KC_LAC,LAC,KC,0,0,0,0,0,0,0,0,0,0,0,0,1,3,6,0,0,0,0,0,,0,0,0,0,0,0,0,0,0,0,0,,0
00-0034837,Calvin Ridley,WR,2024,4,REG,2024_04_TEN_MIA,TEN,MIA,0,0,0,0,0,0,0,1,10,0,1,0,1,3,5,0,0,0,0,0,,0,0,0,0,0,0,0,0,0,0,0,,0
00-0034844,Saquon Barkley,RB,2024,4,REG,2024_04_PHI_TB,PHI,TB,0,0,0,0,0,0,0,10,84,0,2,0,2,4,32,0,1,0,0,0,,0,0,0,0,0,0,0,0,0,0,0,,0
00-0034855,Baker Mayfield,QB,2024,4,REG,2024_04_PHI_TB,TB,PHI,30,47,347,2,0,2,-13,4,10,1,2,0,0,0,0,0,0,0,0,0,,0,0,0,0,0,0,0,0,0,0,0,,0
00-0034857,Josh Allen,QB,2024,4,REG,2024_04_BUF_BAL,BUF,BAL,16,29,180,0,0,3,-27,5,21,0,2,0,0,0,0,0,0,0,0,0,,0,0,0,0,0,0,0,0,0,0,0,,0
00-0034869,Sam Darnold,QB,2024,4,REG,2024_04_MIN_GB,MIN,GB,20,28,275,3,1,2,-21,7,15,0,2,0,0,0,0,0,0,0,0,0,,0,0,0,0,0,0,0,0,0,0,0,,0
00-0034928,Steven Sims,WR,2024,4,REG,2024_04_JAX_HOU,HOU,JAX,0,0,0,0,0,0,0,1,0,0,0,0,0,0,0,0,0,0,0,0,,0,0,0,0,0,0,0,0,0,0,0,,0
00-0034941,Mitch Wishnowsky,P,2024,4,REG,2024_04_NE_SF,SF,NE,0,0,0,0,0,0,0,0,0,0,0,0,0,0,0,0,0,0,0,0,,0,0,0,0,0,0,0,0,3,133,94,47,0
00-0034960,Jakobi Meyers,WR,2024,4,REG,2024_04_CLE_LV,LV,CLE,0,0,0,0,0,0,0,0,0,0,0,0,5,10,49,0,3,0,0,0,,0,0,0,0,0,0,0,0,0,0,0,,0
00-0034972,Alexander Mattison,RB,2024,4,REG,2024_04_CLE_LV,LV,CLE,0,0,0,0,0,0,0,5,60,0,3,0,0,1,0,0,0,0,0,0,,0,0,0,0,0,0,0,0,0,0,0,,0
00-0034975,Justice Hill,RB,2024,4,REG,2024_04_BUF_BAL,BAL,BUF,0,0,0,0,0,0,0,4,18,0,1,0,6,6,78,1,4,0,0,0,,0,0,0,0,0,0,0,0,0,0,0,,0
00-0035042,Jamie Gillan,P,2024,4,REG,2024_04_DAL_NYG,NYG,DAL,0,0,0,0,0,0,0,0,0,0,0,0,0,0,0,0,0,0,0,0,,0,0,0,0,0,0,0,0,1,44,44,44,1
00-0035145,Austin Seibert,K,2024,4,REG,2024_04_WAS_ARI,WAS,ARI,0,0,0,0,0,0,0,0,0,0,0,0,0,0,0,0,0,0,2,2,45,0,0,1,1,0,0,4,4,0,0,0,,0
00-0035156,Jack Fox,P,2024,4,REG,2024_04_SEA_DET,DET,SEA,0,0,0,0,0,0,0,0,0,0,0,0,0,0,0,0,0,0,0,0,,0,0,0,0,0,0,0,0,3,140,139,50,0
00-0035190,AJ Cole,P,2024,4,REG,2024_04_CLE_LV,LV,CLE,0,0,0,0,0,0,0,0,0,0,0,0,0,0,0,0,0,0,0,0,,0,0,0,0,0,0,0,0,4,232,202,67,2
00-0035192,Joey Slye,K,2024,4,REG,2024_04_NE_SF,NE,SF,0,0,0,0,0,0,0,0,0,0,0,0,0,0,0,0,0,0,2,2,63,0,0,0,0,1,1,1,1,0,0,0,,0
00-0035208,Olamide Zaccheaus,WR,2024,4,REG,2024_04_WAS_ARI,WAS,ARI,0,0,0,0,0,0,0,0,0,0,0,0,6,6,85,0,6,0,0,0,,0,0,0,0,0,0,0,0,0,0,0,,0
00-0035216,Diontae Johnson,WR,2024,4,REG,2024_04_CIN_CAR,CAR,CIN,0,0,0,0,0,0,0,0,0,0,0,0,7,13,83,1,4,0,0,0,,0,0,0,0,0,0,0,0,0,0,0,,0
00-0035228,Kyler Murray,QB,2024,4,REG,2024_04_WAS_ARI,ARI,WAS,16,22,142,1,0,4,-27,1,3,0,0,0,0,0,0,0,0,0,0,0,,0,0,0,0,0,0,0,0,0,0,0,,0
00-0035243,Miles Sanders,RB,2024,4,REG,2024_04_CIN_CAR,CAR,CIN,0,0,0,0,0,0,0,6,32,0,3,0,3,4,14,0,0,0,0,0,,0,0,0,0,0,0,0,0,0,0,0,,0
00-0035249,Josh Oliver,TE,2024,4,REG,2024_04_MIN_GB,MIN,GB,0,0,0,0,0,0,0,0,0,0,0,0,2,2,10,1,1,0,0,0,,0,0,0,0,0,0,0,0,0,0,0,,0
00-0035250,Devin Singletary,RB,2024,4,REG,2024_04_DAL_NYG,NYG,DAL,0,0,0,0,0,0,0,14,24,0,3,0,1,1,14,0,1,0,0,0,,0,0,0,0,0,0,0,0,0,0,0,,0
00-0035261,Tony Pollard,RB,2024,4,REG,2024_04_TEN_MIA,TEN,MIA,0,0,0,0,0,0,0,22,88,1,3,0,2,2,20,0,1,0,0,0,,0,0,0,0,0,0,0,0,0,0,0,,0
00-0035269,Matt Gay,K,2024,4,REG,2024_04_PIT_IND,IND,PIT,0,0,0,0,0,0,0,0,0,0,0,0,0,0,0,0,0,0,2,3,35,0,0,2,0,0,0,3,3,0,0,0,,0
00-0035280,Jake Bailey,P,2024,4,REG,2024_04_TEN_MIA,MIA,TEN,0,0,0,0,0,0,0,0,0,0,0,0,0,0,0,0,0,0,0,0,,0,0,0,0,0,0,0,0,5,238,198,57,0
00-0035289,Gardner Minshew,QB,2024,4,REG,2024_04_CLE_LV,LV,CLE,14,24,130,0,0,2,-14,2,-2,0,0,0,0,0,0,0,0,0,0,0,,0,0,0,0,0,0,0,0,0,0,0,,0
00-0035358,Chase McLaughlin,K,2024,4,REG,2024_04_PHI_TB,TB,PHI,0,0,0,0,0,0,0,0,0,0,0,0,0,0,0,0,0,0,2,2,52,0,1,0,0,1,0,3,4,0,0,0,,0
00-0035406,Lil'Jordan Humphrey,WR,2024,4,REG,2024_04_DEN_NYJ,DEN,NYJ,0,0,0,0,0,0,0,0,0,0,0,0,0,1,0,0,0,0,0,0,,0,0,0,0,0,0,0,0,0,0,0,,0
00-0035500,Greg Dortch,WR,2024,4,REG,2024_04_WAS_ARI,ARI,WAS,0,0,0,0,0,0,0,0,0,0,0,0,4,4,38,0,1,0,0,0,,0,0,0,0,0,0,0,0,0,0,0,,0
00-0035535,Darius Slayton,WR,2024,4,REG,2024_04_DAL_NYG,NYG,DAL,0,0,0,0,0,0,0,0,0,0,0,0,3,5,56,0,3,0,0,0,,0,0,0,0,0,0,0,0,0,0,0,,0
00-0035537,Ty Johnson,RB,2024,4,REG,2024_04_BUF_BAL,BUF,BAL,0,0,0,0,0,0,0,1,3,1,1,0,0,0,0,0,0,0,0,0,,0,0,0,0,0,0,0,0,0,0,0,,0
00-0035628,D'Ernest Johnson,RB,2024,4,REG,2024_04_JAX_HOU,JAX,HOU,0,0,0,0,0,0,0,2,0,0,0,0,0,0,0,0,0,0,0,0,,0,0,0,0,0,0,0,0,0,0,0,,0
00-0035631,Drew Sample,TE,2024,4,REG,2024_04_CIN_CAR,CIN,CAR,0,0,0,0,0,0,0,0,0,0,0,0,1,1,0,0,0,0,0,0,,0,0,0,0,0,0,0,0,0,0,0,,0
00-0035639,Parris Campbell,WR,2024,4,REG,2024_04_PHI_TB,PHI,TB,0,0,0,0,0,0,0,0,0,0,0,0,4,4,17,1,1,0,0,0,,0,0,0,0,0,0,0,0,0,0,0,,0
00-0035640,DK Metcalf,WR,2024,4,REG,2024_04_SEA_DET,SEA,DET,0,0,0,0,0,0,0,0,0,0,0,0,7,12,104,0,4,1,0,0,,0,0,0,0,0,0,0,0,0,0,0,,0
00-0035644,Noah Fant,TE,2024,4,REG,2024_04_SEA_DET,SEA,DET,0,0,0,0,0,0,0,0,0,0,0,0,2,2,26,0,2,0,0,0,,0,0,0,0,0,0,0,0,0,0,0,,0
00-0035659,Terry McLaurin,WR,2024,4,REG,2024_04_WAS_ARI,WAS,ARI,0,0,0,0,0,0,0,0,0,0,0,0,7,10,52,1,4,0,0,0,,0,0,0,0,0,0,0,0,0,0,0,,0
00-0035685,David Montgomery,RB,2024,4,REG,2024_04_SEA_DET,DET,SEA,0,0,0,0,0,0,0,12,40,1,3,0,1,1,40,0,1,0,0,0,,0,0,0,0,0,0,0,0,0,0,0,,0
00-0035689,Dawson Knox,TE,2024,4,REG,2024_04_BUF_BAL,BUF,BAL,0,0,0,0,0,0,0,0,0,0,0,0,1,1,0,0,0,0,0,0,,0,0,0,0,0,0,0,0,0,0,0,,0
00-0035700,Josh Jacobs,RB,2024,4,REG,2024_04_MIN_GB,GB,MIN,0,0,0,0,0,0,0,9,51,0,2,0,4,6,27,0,0,0,0,0,,0,0,0,0,0,0,0,0,0,0,0,,0
00-0035710,Daniel Jones,QB,2024,4,REG,2024_04_DAL_NYG,NYG,DAL,29,40,281,0,1,1,-4,4,3,0,1,0,0,0,0,0,0,0,0,0,,0,0,0,0,0,0,0,0,0,0,0,,0
00-0035719,Deebo Samuel Sr.,WR,2024,4,REG,2024_04_NE_SF,SF,NE,0,0,0,0,0,0,0,2,14,0,0,0,3,5,58,0,1,0,0,0,,0,0,0,0,0,0,0,0,0,0,0,,0
00-0035806,JaMycal Hasty,RB,2024,4,REG,2024_04_NE_SF,NE,SF,0,0,0,0,0,0,0,3,15,0,0,0,0,1,0,0,0,0,0,0,,0,0,0,0,0,0,0,0,0,0,0,,0
00-0035821,Corliss Waitman,P,2024,4,REG,2024_04_PIT_IND,PIT,IND,0,0,0,0,0,0,0,0,0,0,0,0,0,0,0,0,0,0,0,0,,0,0,0,0,0,0,0,0,3,103,98,40,2
00-0035859,Blake Gillikin,P,2024,4,REG,2024_04_WAS_ARI,ARI,WAS,0,0,0,0,0,0,0,0,0,0,0,0,0,0,0,0,0,0,0,0,,0,0,0,0,0,0,0,0,4,192,176,62,1
00-0035889,Tommy Townsend,P,2024,4,REG,2024_04_JAX_HOU,HOU,JAX,0,0,0,0,0,0,0,0,0,0,0,0,0,0,0,0,0,0,0,0,,0,0,0,0,0,0,0,0,6,263,261,50,4
00-0035993,Tyler Huntley,QB,2024,4,REG,2024_04_TEN_MIA,MIA,TEN,14,22,96,0,0,2,-18,8,40,1,3,1,0,0,0,0,0,0,0,0,,0,0,0,0,0,0,0,0,0,0,0,,0
00-0036040,Juwan Johnson,TE,2024,4,REG,2024_04_NO_ATL,NO,ATL,0,0,0,0,0,0,0,0,0,0,0,0,2,3,13,0,0,0,0,0,,0,0,0,0,0,0,0,0,0,0,0,,0
00-0036096,J.J. Taylor,RB,2024,4,REG,2024_04_JAX_HOU,HOU,JAX,0,0,0,0,0,0,0,6,18,0,0,0,0,1,0,0,0,0,0,0,,0,0,0,0,0,0,0,0,0,0,0,,0
00-0036133,James Proche,WR,2024,4,REG,2024_04_CLE_LV,CLE,LV,0,0,0,0,0,0,0,0,0,0,0,0,1,1,3,0,0,0,0,0,,0,0,0,0,0,0,0,0,0,0,0,,0
00-0036139,Rico Dowdle,RB,2024,4,REG,2024_04_DAL_NYG,DAL,NYG,0,0,0,0,0,0,0,11,46,0,3,0,1,1,15,1,1,0,0,0,,0,0,0,0,0,0,0,0,0,0,0,,0
00-0036158,J.K. Dobbins,RB,2024,4,REG,2024_04_KC_LAC,LAC,KC,0,0,0,0,0,0,0,14,32,0,1,0,3,4,30,0,2,0,0,0,,0,0,0,0,0,0,0,0,0,0,0,,0
00-0036162,Tyler Bass,K,2024,4,REG,2024_04_BUF_BAL,BUF,BAL,0,0,0,0,0,0,0,0,0,0,0,0,0,0,0,0,0,0,1,2,50,0,0,0,0,1,0,1,1,0,0,0,,0
00-0036196,Gabe Davis,WR,2024,4,REG,2024_04_JAX_HOU,JAX,HOU,0,0,0,0,0,0,0,0,0,0,0,0,1,5,-2,0,0,0,0,0,,0,0,0,0,0,0,0,0,0,0,0,,0
00-0036223,Jonathan Taylor,RB,2024,4,REG,2024_04_PIT_IND,IND,PIT,0,0,0,0,0,0,0,21,88,1,4,0,3,4,20,0,1,0,0,0,,0,0,0,0,0,0,0,0,0,0,0,,0
00-0036232,Harrison Bryant,TE,2024,4,REG,2024_04_CLE_LV,LV,CLE,0,0,0,0,0,0,0,0,0,0,0,0,2,2,21,0,1,0,0,0,,0,0,0,0,0,0,0,0,0,0,0,,0
00-0036244,Colby Parkinson,TE,2024,4,REG,2024_04_LA_CHI,LA,CHI,0,0,0,0,0,0,0,0,0,0,0,0,4,7,33,0,2,0,0,0,,0,0,0,0,0,0,0,0,0,0,0,,0
00-0036251,Zack Moss,RB,2024,4,REG,2024_04_CIN_CAR,CIN,CAR,0,0,0,0,0,0,0,15,51,0,1,0,4,4,27,1,2,0,0,0,,0,0,0,0,0,0,0,0,0,0,0,,0
00-0036252,Michael Pittman,WR,2024,4,REG,2024_04_PIT_IND,IND,PIT,0,0,0,0,0,0,0,0,0,0,0,0,6,9,113,0,5,0,0,0,,0,0,0,0,0,0,0,0,0,0,0,,0
00-0036259,Jauan Jennings,WR,2024,4,REG,2024_04_NE_SF,SF,NE,0,0,0,0,0,0,0,0,0,0,0,0,3,6,88,0,3,0,0,0,,0,0,0,0,0,0,0,0,0,0,0,,0
00-0036261,Brandon Aiyuk,WR,2024,4,REG,2024_04_NE_SF,SF,NE,0,0,0,0,0,0,0,0,0,0,0,0,2,5,48,0,2,0,0,0,,0,0,0,0,0,0,0,0,0,0,0,,0
00-0036264,Jordan Love,QB,2024,4,REG,2024_04_MIN_GB,GB,MIN,32,54,389,4,3,1,-10,1,6,0,1,0,0,0,0,0,0,0,0,0,,0,0,0,0,0,0,0,0,0,0,0,,0
00-0036268,Laviska Shenault Jr.,WR,2024,4,REG,2024_04_SEA_DET,SEA,DET,0,0,0,0,0,0,0,0,0,0,0,0,1,1,18,0,1,0,0,0,,0,0,0,0,0,0,0,0,0,0,0,,0
00-0036275,D'Andre Swift,RB,2024,4,REG,2024_04_LA_CHI,CHI,LA,0,0,0,0,0,0,0,16,93,1,2,0,7,7,72,0,3,0,0,0,,0,0,0,0,0,0,0,0,0,0,0,,0
00-0036290,Cole Kmet,TE,2024,4,REG,2024_04_LA_CHI,CHI,LA,0,0,0,0,0,0,0,0,0,0,0,0,3,3,34,0,2,0,0,0,,0,0,0,0,0,0,0,0,0,0,0,,0
00-0036309,Darnell Mooney,WR,2024,4,REG,2024_04_NO_ATL,ATL,NO,0,0,0,0,0,0,0,0,0,0,0,0,3,6,56,0,2,0,0,0,,0,0,0,0,0,0,0,0,0,0,0,,0
00-0036313,Braden Mann,P,2024,4,REG,2024_04_PHI_TB,PHI,TB,0,0,0,0,0,0,0,0,0,0,0,0,0,0,0,0,0,0,0,0,,0,0,0,0,0,0,0,0,5,282,246,70,0
00-0036322,Justin Jefferson,WR,2024,4,REG,2024_04_MIN_GB,MIN,GB,0,0,0,0,0,0,0,0,0,0,0,0,6,8,85,1,4,0,0,0,,0,0,0,0,0,0,0,0,0,0,0,,0
00-0036328,Antonio Gibson,RB,2024,4,REG,2024_04_NE_SF,NE,SF,0,0,0,0,0,0,0,6,12,0,0,0,3,4,67,0,2,0,0,0,,0,0,0,0,0,0,0,0,0,0,0,,0
00-0036345,K.J. Osborn,WR,2024,4,REG,2024_04_NE_SF,NE,SF,0,0,0,0,0,0,0,0,0,0,0,0,1,5,3,0,0,0,0,0,,0,0,0,0,0,0,0,0,0,0,0,,0
00-0036355,Justin Herbert,QB,2024,4,REG,2024_04_KC_LAC,LAC,KC,16,27,179,1,0,2,-10,3,0,0,1,0,0,0,0,0,0,0,0,0,,0,0,0,0,0,0,0,0,0,0,0,,0
00-0036358,CeeDee Lamb,WR,2024,4,REG,2024_04_DAL_NYG,DAL,NYG,0,0,0,0,0,0,0,3,8,0,0,0,7,8,98,1,3,0,0,0,,0,0,0,0,0,0,0,0,0,0,0,,0
00-0036389,Jalen Hurts,QB,2024,4,REG,2024_04_PHI_TB,PHI,TB,18,30,158,1,0,6,-44,8,20,1,6,0,0,0,0,0,0,0,0,0,,0,0,0,0,0,0,0,0,0,0,0,,0
00-0036407,Jerry Jeudy,WR,2024,4,REG,2024_04_CLE_LV,CLE,LV,0,0,0,0,0,0,0,0,0,0,0,0,6,9,72,0,4,0,0,0,,0,0,0,0,0,0,0,0,0,0,0,,0
00-0036410,Tee Higgins,WR,2024,4,REG,2024_04_CIN_CAR,CIN,CAR,0,0,0,0,0,0,0,0,0,0,0,0,6,10,60,0,5,0,0,0,,0,0,0,0,0,0,0,0,0,0,0,,0
00-0036414,Cam Akers,RB,2024,4,REG,2024_04_JAX_HOU,HOU,JAX,0,0,0,0,0,0,0,13,53,0,1,0,0,0,0,0,0,0,0,0,,0,0,0,0,0,0,0,0,0,0,0,,0
00-0036415,Van Jefferson,WR,2024,4,REG,2024_04_PIT_IND,PIT,IND,0,0,0,0,0,0,0,0,0,0,0,0,2,3,21,0,1,0,0,0,,0,0,0,0,0,0,0,0,0,0,0,,0
00-0036427,Tyler Johnson,WR,2024,4,REG,2024_04_LA_CHI,LA,CHI,0,0,0,0,0,0,0,0,0,0,0,0,0,1,0,0,0,0,0,0,,0,0,0,0,0,0,0,0,0,0,0,,0
00-0036442,Joe Burrow,QB,2024,4,REG,2024_04_CIN_CAR,CIN,CAR,22,31,232,2,1,0,0,1,10,0,1,0,0,0,0,0,0,0,0,0,,0,0,0,0,0,0,0,0,0,0,0,,0
00-0036527,DJ Turner,WR,2024,4,REG,2024_04_CLE_LV,LV,CLE,0,0,0,0,0,0,0,1,18,1,1,0,0,1,0,0,0,0,0,0,,0,0,0,0,0,0,0,0,0,0,0,,0
00-0036550,Rashod Bateman,WR,2024,4,REG,2024_04_BUF_BAL,BAL,BUF,0,0,0,0,0,0,0,0,0,0,0,0,1,1,23,0,1,0,0,0,,0,0,0,0,0,0,0,0,0,0,0,,0
00-0036554,Nico Collins,WR,2024,4,REG,2024_04_JAX_HOU,HOU,JAX,0,0,0,0,0,0,0,0,0,0,0,0,12,15,151,1,9,0,0,0,,0,0,0,0,0,0,0,0,0,0,0,,0
00-0036555,Chuba Hubbard,RB,2024,4,REG,2024_04_CIN_CAR,CAR,CIN,0,0,0,0,0,0,0,18,104,1,6,0,4,4,17,0,1,0,0,0,,0,0,0,0,0,0,0,0,0,0,0,,0
00-0036613,Jaylen Waddle,WR,2024,4,REG,2024_04_TEN_MIA,MIA,TEN,0,0,0,0,0,0,0,0,0,0,0,0,4,6,36,0,2,0,0,0,,0,0,0,0,0,0,0,0,0,0,0,,0
00-0036626,Dyami Brown,WR,2024,4,REG,2024_04_WAS_ARI,WAS,ARI,0,0,0,0,0,0,0,0,0,0,0,0,1,1,4,0,0,0,0,0,,0,0,0,0,0,0,0,0,0,0,0,,0
00-0036628,John Bates,TE,2024,4,REG,2024_04_WAS_ARI,WAS,ARI,0,0,0,0,0,0,0,0,0,0,0,0,1,1,9,0,0,0,0,0,,0,0,0,0,0,0,0,0,0,0,0,,0
00-0036637,Noah Gray,TE,2024,4,REG,2024_04_KC_LAC,KC,LAC,0,0,0,0,0,0,0,0,0,0,0,0,4,4,40,0,1,0,0,0,,0,0,0,0,0,0,0,0,0,0,0,,0
00-0036741,Jack Stoll,TE,2024,4,REG,2024_04_PHI_TB,PHI,TB,0,0,0,0,0,0,0,0,0,0,0,0,1,2,4,0,0,0,0,0,,0,0,0,0,0,0,0,0,0,0,0,,0
00-0036754,Brock Wright,TE,2024,4,REG,2024_04_SEA_DET,DET,SEA,0,0,0,0,0,0,0,0,0,0,0,0,2,2,13,0,1,0,0,0,,0,0,0,0,0,0,0,0,0,0,0,,0
00-0036825,Feleipe Franks,TE,2024,4,REG,2024_04_CIN_CAR,CAR,CIN,0,0,0,0,0,0,0,0,0,0,0,0,0,1,0,0,0,0,0,0,,0,0,0,0,0,0,0,0,0,0,0,,0
00-0036849,Tutu Atwell,WR,2024,4,REG,2024_04_LA_CHI,LA,CHI,0,0,0,0,0,0,0,0,0,0,0,0,4,6,82,0,4,0,0,0,,0,0,0,0,0,0,0,0,0,0,0,,0
00-0036854,Evan McPherson,K,2024,4,REG,2024_04_CIN_CAR,CIN,CAR,0,0,0,0,0,0,0,0,0,0,0,0,0,0,0,0,0,0,2,2,56,0,0,0,1,1,0,4,4,0,0,0,,0
00-0036875,Rhamondre Stevenson,RB,2024,4,REG,2024_04_NE_SF,NE,SF,0,0,0,0,0,0,0,13,43,0,1,1,4,5,19,0,1,0,0,0,,0,0,0,0,0,0,0,0,0,0,0,,0
00-0036887,Luke Farrell,TE,2024,4,REG,2024_04_JAX_HOU,JAX,HOU,0,0,0,0,0,0,0,0,0,0,0,0,0,1,0,0,0,0,0,0,,0,0,0,0,0,0,0,0,0,0,0,,0
00-0036893,Najee Harris,RB,2024,4,REG,2024_04_PIT_IND,PIT,IND,0,0,0,0,0,0,0,13,19,0,2,0,3,6,54,0,2,0,0,0,,0,0,0,0,0,0,0,0,0,0,0,,0
00-0036894,Pat Freiermuth,TE,2024,4,REG,2024_04_PIT_IND,PIT,IND,0,0,0,0,0,0,0,0,0,0,0,0,5,7,57,1,2,0,0,0,,0,0,0,0,0,0,0,0,0,0,0,,0
00-0036900,Ja'Marr Chase,WR,2024,4,REG,2024_04_CIN_CAR,CIN,CAR,0,0,0,0,0,0,0,0,0,0,0,0,3,6,85,1,3,0,0,0,,0,0,0,0,0,0,0,0,0,0,0,,0
00-0036919,Kenny Gainwell,RB,2024,4,REG,2024_04_PHI_TB,PHI,TB,0,0,0,0,0,0,0,2,9,0,1,0,0,1,0,0,0,0,0,0,,0,0,0,0,0,0,0,0,0,0,0,,0
00-0036945,Justin Fields,QB,2024,4,REG,2024_04_PIT_IND,PIT,IND,22,34,312,1,0,4,-30,10,55,2,4,0,0,0,0,0,0,0,0,0,,0,0,0,0,0,0,0,0,0,0,0,,0
00-0036963,Amon-Ra St. Brown,WR,2024,4,REG,2024_04_SEA_DET,DET,SEA,1,1,7,1,0,0,0,0,0,0,0,0,6,6,45,1,2,0,0,0,,0,0,0,0,0,0,0,0,0,0,0,,0
00-0036970,Kyle Pitts,TE,2024,4,REG,2024_04_NO_ATL,ATL,NO,0,0,0,0,0,0,0,0,0,0,0,0,0,3,0,0,0,0,0,0,,0,0,0,0,0,0,0,0,0,0,0,,0
00-0036971,Trevor Lawrence,QB,2024,4,REG,2024_04_JAX_HOU,JAX,HOU,18,33,169,2,0,1,-14,3,5,0,0,0,0,0,-5,0,0,0,0,0,,0,0,0,0,0,0,0,0,0,0,0,,0
00-0036973,Travis Etienne,RB,2024,4,REG,2024_04_JAX_HOU,JAX,HOU,0,0,0,0,0,0,0,11,50,0,2,0,1,2,10,0,1,0,0,0,,0,0,0,0,0,0,0,0,0,0,0,,0
00-0036980,Elijah Moore,WR,2024,4,REG,2024_04_CLE_LV,CLE,LV,0,0,0,0,0,0,0,0,0,0,0,0,1,1,11,0,1,0,0,0,,0,0,0,0,0,0,0,0,0,0,0,,0
00-0036984,Trey Sermon,RB,2024,4,REG,2024_04_PIT_IND,IND,PIT,0,0,0,0,0,0,0,5,8,0,0,0,0,0,0,0,0,0,0,0,,0,0,0,0,0,0,0,0,0,0,0,,0
00-0036988,Josh Palmer,WR,2024,4,REG,2024_04_KC_LAC,LAC,KC,0,0,0,0,0,0,0,0,0,0,0,0,3,4,36,0,2,0,0,0,,0,0,0,0,0,0,0,0,0,0,0,,0
00-0036997,Javonte Williams,RB,2024,4,REG,2024_04_DEN_NYJ,DEN,NYJ,0,0,0,0,0,0,0,16,77,0,7,0,2,3,3,0,0,0,0,0,,0,0,0,0,0,0,0,0,0,0,0,,0
00-0037085,Tyler Badie,RB,2024,4,REG,2024_04_DEN_NYJ,DEN,NYJ,0,0,0,0,0,0,0,1,0,0,0,0,2,2,-4,0,0,1,0,0,,0,0,0,0,0,0,0,0,0,0,0,,0
00-0037086,Grant Calcaterra,TE,2024,4,REG,2024_04_PHI_TB,PHI,TB,0,0,0,0,0,0,0,0,0,0,0,0,1,2,26,0,1,0,0,0,,0,0,0,0,0,0,0,0,0,0,0,,0
00-0037091,Bo Melton,WR,2024,4,REG,2024_04_MIN_GB,GB,MIN,0,0,0,0,0,0,0,0,0,0,0,0,1,3,28,0,1,0,0,0,,0,0,0,0,0,0,0,0,0,0,0,,0
00-0037097,Trenton Gill,P,2024,4,REG,2024_04_PHI_TB,TB,PHI,0,0,0,0,0,0,0,0,0,0,0,0,0,0,0,0,0,0,0,0,,0,0,0,0,0,0,0,0,4,150,150,42,1
00-0037224,Cameron Dicker,K,2024,4,REG,2024_04_KC_LAC,LAC,KC,0,0,0,0,0,0,0,0,0,0,0,0,0,0,0,0,0,0,1,2,50,0,0,0,0,1,0,1,1,0,0,0,,0
00-0037238,Drake London,WR,2024,4,REG,2024_04_NO_ATL,ATL,NO,0,0,0,0,0,0,0,0,0,0,0,0,6,12,64,0,2,0,0,0,,0,0,0,0,0,0,0,0,0,0,0,,0
00-0037239,Chris Olave,WR,2024,4,REG,2024_04_NO_ATL,NO,ATL,0,0,0,0,0,0,0,0,0,0,0,0,8,10,87,0,5,0,0,0,,0,0,0,0,0,0,0,0,0,0,0,,0
00-0037240,Jameson Williams,WR,2024,4,REG,2024_04_SEA_DET,DET,SEA,0,0,0,0,0,0,0,0,0,0,0,0,2,2,80,1,2,0,0,0,,0,0,0,0,0,0,0,0,0,0,0,,0
00-0037247,George Pickens,WR,2024,4,REG,2024_04_PIT_IND,PIT,IND,0,0,0,0,0,0,0,0,0,0,0,0,7,11,113,0,3,1,0,0,,0,0,0,0,0,0,0,0,0,0,0,,0
00-0037248,James Cook,RB,2024,4,REG,2024_04_BUF_BAL,BUF,BAL,0,0,0,0,0,0,0,9,39,0,1,0,1,1,9,0,0,0,0,0,,0,0,0,0,0,0,0,0,0,0,0,,0
00-0037252,Greg Dulcich,TE,2024,4,REG,2024_04_DEN_NYJ,DEN,NYJ,0,0,0,0,0,0,0,0,0,0,0,0,0,1,0,0,0,0,0,0,,0,0,0,0,0,0,0,0,0,0,0,,0
00-0037256,Rachaad White,RB,2024,4,REG,2024_04_PHI_TB,TB,PHI,0,0,0,0,0,0,0,10,49,0,4,0,2,3,35,0,2,0,0,0,,0,0,0,0,0,0,0,0,0,0,0,,0
00-0037261,Khalil Shakir,WR,2024,4,REG,2024_04_BUF_BAL,BUF,BAL,0,0,0,0,0,0,0,0,0,0,0,0,4,5,62,0,1,0,0,0,,0,0,0,0,0,0,0,0,0,0,0,,0
00-0037263,Tyler Allgeier,RB,2024,4,REG,2024_04_NO_ATL,ATL,NO,0,0,0,0,0,0,0,8,60,0,3,0,2,2,20,0,1,0,0,0,,0,0,0,0,0,0,0,0,0,0,0,,0
00-0037267,Jerome Ford,RB,2024,4,REG,2024_04_CLE_LV,CLE,LV,0,0,0,0,0,0,0,10,58,0,4,0,7,7,27,0,0,0,0,0,,0,0,0,0,0,0,0,0,0,0,0,,0
00-0037276,Ty Chandler,RB,2024,4,REG,2024_04_MIN_GB,MIN,GB,0,0,0,0,0,0,0,3,5,0,0,0,1,1,8,0,0,0,0,0,,0,0,0,0,0,0,0,0,0,0,0,,0
00-0037284,Matt Araiza,P,2024,4,REG,2024_04_KC_LAC,KC,LAC,0,0,0,0,0,0,0,0,0,0,0,0,0,0,0,0,0,0,0,0,,0,0,0,0,0,0,0,0,4,200,200,53,4
00-0037291,Jalen Nailor,WR,2024,4,REG,2024_04_MIN_GB,MIN,GB,0,0,0,0,0,0,0,1,0,0,0,0,1,2,31,0,1,0,0,0,,0,0,0,0,0,0,0,0,0,0,0,,0
00-0037292,Andrew Ogletree,TE,2024,4,REG,2024_04_PIT_IND,IND,PIT,0,0,0,0,0,0,0,0,0,0,0,0,1,1,15,1,1,0,0,0,,0,0,0,0,0,0,0,0,0,0,0,,0
00-0037348,Tanner Conner,TE,2024,4,REG,2024_04_TEN_MIA,MIA,TEN,0,0,0,0,0,0,0,0,0,0,0,0,2,2,15,0,1,0,0,0,,0,0,0,0,0,0,0,0,0,0,0,,0
00-0037450,Tyreik McAllister,WR,2024,4,REG,2024_04_CLE_LV,LV,CLE,0,0,0,0,0,0,0,2,11,0,1,0,0,0,0,0,0,0,0,0,,0,0,0,0,0,0,0,0,0,0,0,,0
00-0037500,Ryan Wright,P,2024,4,REG,2024_04_MIN_GB,MIN,GB,0,0,0,0,0,0,0,0,0,0,0,0,0,0,0,0,0,0,0,0,,0,0,0,0,0,0,0,0,5,225,204,53,3
00-0037525,Jordan Mason,RB,2024,4,REG,2024_04_NE_SF,SF,NE,0,0,0,0,0,0,0,24,123,1,4,0,2,3,37,0,2,0,0,0,,0,0,0,0,0,0,0,0,0,0,0,,0
00-0037545,Rashid Shaheed,WR,2024,4,REG,2024_04_NO_ATL,NO,ATL,0,0,0,0,0,0,0,2,14,0,1,0,8,11,83,0,3,0,0,0,,0,0,0,0,0,0,0,0,0,0,0,,0
00-0037547,Daniel Whelan,P,2024,4,REG,2024_04_MIN_GB,GB,MIN,0,0,0,0,0,0,0,0,0,0,0,0,0,0,0,0,0,0,0,0,,0,0,0,0,0,0,0,0,3,180,170,74,2
00-0037557,Ronnie Rivers,RB,2024,4,REG,2024_04_LA_CHI,LA,CHI,0,0,0,0,0,0,0,6,26,0,2,0,0,0,0,0,0,0,0,0,,0,0,0,0,0,0,0,0,0,0,0,,0
00-0037607,Ryan Stonehouse,P,2024,4,REG,2024_04_TEN_MIA,TEN,MIA,0,0,0,0,0,0,0,0,0,0,0,0,0,0,0,0,0,0,0,0,,0,0,0,0,0,0,0,0,5,209,162,64,2
00-0037609,Aaron Shampklin,RB,2024,4,REG,2024_04_PIT_IND,PIT,IND,0,0,0,0,0,0,0,1,5,0,1,0,0,0,0,0,0,0,0,0,,0,0,0,0,0,0,0,0,0,0,0,,0
00-0037614,John Metchie III,WR,2024,4,REG,2024_04_JAX_HOU,HOU,JAX,0,0,0,0,0,0,0,0,0,0,0,0,1,1,7,0,0,0,0,0,,0,0,0,0,0,0,0,0,0,0,0,,0
00-0037664,Alec Pierce,WR,2024,4,REG,2024_04_PIT_IND,IND,PIT,0,0,0,0,0,0,0,0,0,0,0,0,1,2,9,0,0,0,0,0,,0,0,0,0,0,0,0,0,0,0,0,,0
00-0037666,Jalen Tolbert,WR,2024,4,REG,2024_04_DAL_NYG,DAL,NYG,0,0,0,0,0,0,0,0,0,0,0,0,3,3,24,0,1,0,0,0,,0,0,0,0,0,0,0,0,0,0,0,,0
00-0037692,Brandon Aubrey,K,2024,4,REG,2024_04_DAL_NYG,DAL,NYG,0,0,0,0,0,0,0,0,0,0,0,0,0,0,0,0,0,0,2,3,60,0,0,0,1,0,1,2,2,0,0,0,,0
00-0037740,Garrett Wilson,WR,2024,4,REG,2024_04_DEN_NYJ,NYJ,DEN,0,0,0,0,0,0,0,0,0,0,0,0,5,8,41,0,2,1,0,0,,0,0,0,0,0,0,0,0,0,0,0,,0
00-0037741,Jahan Dotson,WR,2024,4,REG,2024_04_PHI_TB,PHI,TB,0,0,0,0,0,0,0,0,0,0,0,0,2,4,11,0,1,0,0,0,,0,0,0,0,0,0,0,0,0,0,0,,0
00-0037742,Treylon Burks,WR,2024,4,REG,2024_04_TEN_MIA,TEN,MIA,0,0,0,0,0,0,0,0,0,0,0,0,1,1,13,0,1,0,0,0,,0,0,0,0,0,0,0,0,0,0,0,,0
00-0037746,Brian Robinson,RB,2024,4,REG,2024_04_WAS_ARI,WAS,ARI,0,0,0,0,0,0,0,21,101,1,6,0,3,3,12,0,0,0,0,0,,0,0,0,0,0,0,0,0,0,0,0,,0
00-0037805,Jeremy Ruckert,TE,2024,4,REG,2024_04_DEN_NYJ,NYJ,DEN,0,0,0,0,0,0,0,0,0,0,0,0,2,2,10,0,0,0,0,0,,0,0,0,0,0,0,0,0,0,0,0,,0
00-0037809,Chig Okonkwo,TE,2024,4,REG,2024_04_TEN_MIA,TEN,MIA,0,0,0,0,0,0,0,0,0,0,0,0,1,3,5,0,0,0,0,0,,0,0,0,0,0,0,0,0,0,0,0,,0
00-0037816,Romeo Doubs,WR,2024,4,REG,2024_04_MIN_GB,GB,MIN,0,0,0,0,0,0,0,0,0,0,0,0,4,8,39,0,3,0,0,0,,0,0,0,0,0,0,0,0,0,0,0,,0
00-0037834,Brock Purdy,QB,2024,4,REG,2024_04_NE_SF,SF,NE,15,27,288,1,1,1,-5,5,11,0,2,0,0,0,0,0,0,0,0,0,,0,0,0,0,0,0,0,0,0,0,0,,0
00-0037837,Calvin Austin III,WR,2024,4,REG,2024_04_PIT_IND,PIT,IND,0,0,0,0,0,0,0,0,0,0,0,0,1,1,17,0,1,0,0,0,,0,0,0,0,0,0,0,0,0,0,0,,0
00-0037838,Isaiah Likely,TE,2024,4,REG,2024_04_BUF_BAL,BAL,BUF,0,0,0,0,0,0,0,0,0,0,0,0,1,2,26,0,1,0,0,0,,0,0,0,0,0,0,0,0,0,0,0,,0
00-0037840,Kyren Williams,RB,2024,4,REG,2024_04_LA_CHI,LA,CHI,0,0,0,0,0,0,0,19,94,1,6,0,4,4,10,0,0,0,0,0,,0,0,0,0,0,0,0,0,0,0,0,,0
00-0038040,Zamir White,RB,2024,4,REG,2024_04_CLE_LV,LV,CLE,0,0,0,0,0,0,0,17,50,0,1,1,0,1,0,0,0,0,0,0,,0,0,0,0,0,0,0,0,0,0,0,,0
00-0038041,Jake Ferguson,TE,2024,4,REG,2024_04_DAL_NYG,DAL,NYG,0,0,0,0,0,0,0,0,0,0,0,0,7,7,49,0,2,0,0,0,,0,0,0,0,0,0,0,0,0,0,0,,0
00-0038090,Skyy Moore,WR,2024,4,REG,2024_04_KC_LAC,KC,LAC,0,0,0,0,0,0,0,0,0,0,0,0,0,2,0,0,0,0,0,0,,0,0,0,0,0,0,0,0,0,0,0,,0
00-0038094,Jordan Stout,P,2024,4,REG,2024_04_BUF_BAL,BAL,BUF,0,0,0,0,0,0,0,0,0,0,0,0,0,0,0,0,0,0,0,0,,0,0,0,0,0,0,0,0,4,177,171,54,3
00-0038104,Tyquan Thornton,WR,2024,4,REG,2024_04_NE_SF,NE,SF,0,0,0,0,0,0,0,0,0,0,0,0,0,1,0,0,0,0,0,0,,0,0,0,0,0,0,0,0,0,0,0,,0
00-0038117,Wan'Dale Robinson,WR,2024,4,REG,2024_04_DAL_NYG,NYG,DAL,0,0,0,0,0,0,0,0,0,0,0,0,11,14,71,0,2,0,0,0,,0,0,0,0,0,0,0,0,0,0,0,,0
00-0038120,Breece Hall,RB,2024,4,REG,2024_04_DEN_NYJ,NYJ,DEN,0,0,0,0,0,0,0,10,4,0,0,0,2,5,14,0,0,0,0,0,,0,0,0,0,0,0,0,0,0,0,0,,0
00-0038124,Christian Watson,WR,2024,4,REG,2024_04_MIN_GB,GB,MIN,0,0,0,0,0,0,0,0,0,0,0,0,0,1,0,0,0,0,0,0,,0,0,0,0,0,0,0,0,0,0,0,,0
00-0038129,Cade Otton,TE,2024,4,REG,2024_04_PHI_TB,TB,PHI,0,0,0,0,0,0,0,0,0,0,0,0,6,9,52,0,2,0,0,0,,0,0,0,0,0,0,0,0,0,0,0,,0
00-0038134,Kenneth Walker III,RB,2024,4,REG,2024_04_SEA_DET,SEA,DET,0,0,0,0,0,0,0,12,80,3,5,0,4,5,36,0,2,0,0,0,,0,0,0,0,0,0,0,0,0,0,0,,0
00-0038393,Dontayvion Wicks,WR,2024,4,REG,2024_04_MIN_GB,GB,MIN,0,0,0,0,0,0,0,0,0,0,0,0,5,13,78,2,5,0,0,0,,0,0,0,0,0,0,0,0,0,0,0,,0
00-0038396,Eric Gray,RB,2024,4,REG,2024_04_DAL_NYG,NYG,DAL,0,0,0,0,0,0,0,1,1,0,0,0,0,0,0,0,0,0,0,0,,0,0,0,0,0,0,0,0,0,0,0,,0
00-0038465,Malik Heath,WR,2024,4,REG,2024_04_MIN_GB,GB,MIN,0,0,0,0,0,0,0,0,0,0,0,0,2,2,12,0,1,0,0,0,,0,0,0,0,0,0,0,0,0,0,0,,0
00-0038496,Xavier Gipson,WR,2024,4,REG,2024_04_DEN_NYJ,NYJ,DEN,0,0,0,0,0,0,0,0,0,0,0,0,1,4,6,0,0,0,0,0,,0,0,0,0,0,0,0,0,0,0,0,,0
00-0038542,Bijan Robinson,RB,2024,4,REG,2024_04_NO_ATL,ATL,NO,0,0,0,0,0,0,0,7,28,0,1,0,4,4,46,0,2,0,0,0,,0,0,0,0,0,0,0,0,0,0,0,,0
00-0038543,Jaxon Smith-Njigba,WR,2024,4,REG,2024_04_SEA_DET,SEA,DET,0,0,0,0,0,0,0,0,0,0,0,0,8,12,51,0,4,0,0,0,,0,0,0,0,0,0,0,0,0,0,0,,0
00-0038544,Quentin Johnston,WR,2024,4,REG,2024_04_KC_LAC,LAC,KC,0,0,0,0,0,0,0,1,4,0,0,0,1,5,9,0,1,0,0,0,,0,0,0,0,0,0,0,0,0,0,0,,0
00-0038555,Tank Bigsby,RB,2024,4,REG,2024_04_JAX_HOU,JAX,HOU,0,0,0,0,0,0,0,7,90,0,2,0,0,0,0,0,0,0,0,0,,0,0,0,0,0,0,0,0,0,0,0,,0
00-0038558,Darnell Washington,TE,2024,4,REG,2024_04_PIT_IND,PIT,IND,0,0,0,0,0,0,0,0,0,0,0,0,2,2,31,0,1,0,0,0,,0,0,0,0,0,0,0,0,0,0,0,,0
00-0038559,Michael Wilson,WR,2024,4,REG,2024_04_WAS_ARI,ARI,WAS,0,0,0,0,0,0,0,0,0,0,0,0,3,7,38,0,1,1,0,0,,0,0,0,0,0,0,0,0,0,0,0,,0
00-0038562,Jake Moody,K,2024,4,REG,2024_04_NE_SF,SF,NE,0,0,0,0,0,0,0,0,0,0,0,0,0,0,0,0,0,0,3,3,41,0,2,0,1,0,0,3,3,0,0,0,,0
00-0038563,Tre Tucker,WR,2024,4,REG,2024_04_CLE_LV,LV,CLE,0,0,0,0,0,0,0,1,3,1,1,0,5,6,41,0,2,0,0,0,,0,0,0,0,0,0,0,0,0,0,0,,0
00-0038589,Josh Whyle,TE,2024,4,REG,2024_04_TEN_MIA,TEN,MIA,0,0,0,0,0,0,0,0,0,0,0,0,1,1,5,0,1,0,0,0,,0,0,0,0,0,0,0,0,0,0,0,,0
00-0038597,Chase Brown,RB,2024,4,REG,2024_04_CIN_CAR,CIN,CAR,0,0,0,0,0,0,0,15,80,2,4,0,2,3,12,0,1,0,0,0,,0,0,0,0,0,0,0,0,0,0,0,,0
00-0038608,Kayshon Boutte,WR,2024,4,REG,2024_04_NE_SF,NE,SF,0,0,0,0,0,0,0,0,0,0,0,0,1,1,11,0,0,0,0,0,,0,0,0,0,0,0,0,0,0,0,0,,0
00-0038610,Bryce Baringer,P,2024,4,REG,2024_04_NE_SF,NE,SF,0,0,0,0,0,0,0,0,0,0,0,0,0,0,0,0,0,0,0,0,,0,0,0,0,0,0,0,0,4,196,180,61,4
00-0038614,Scott Matlock,DT,2024,4,REG,2024_04_KC_LAC,LAC,KC,0,0,0,0,0,0,0,0,0,0,0,0,1,1,7,0,0,0,0,0,,0,0,0,0,0,0,0,0,0,0,0,,0
00-0038619,Andrei Iosivas,WR,2024,4,REG,2024_04_CIN_CAR,CIN,CAR,0,0,0,0,0,0,0,0,0,0,0,0,1,1,29,0,1,0,0,0,,0,0,0,0,0,0,0,0,0,0,0,,0
00-0038621,DeMario Douglas,WR,2024,4,REG,2024_04_NE_SF,NE,SF,0,0,0,0,0,0,0,0,0,0,0,0,3,3,13,0,1,0,0,0,,0,0,0,0,0,0,0,0,0,0,0,,0
00-0038705,Emari Demercado,RB,2024,4,REG,2024_04_WAS_ARI,ARI,WAS,0,0,0,0,0,0,0,4,24,0,1,0,1,1,0,0,0,0,0,0,,0,0,0,0,0,0,0,0,0,0,0,,0
00-0038710,Blake Whiteheart,TE,2024,4,REG,2024_04_CLE_LV,CLE,LV,0,0,0,0,0,0,0,0,0,0,0,0,3,3,13,1,1,0,0,0,,0,0,0,0,0,0,0,0,0,0,0,,0
00-0038738,Hunter Luepke,RB,2024,4,REG,2024_04_DAL_NYG,DAL,NYG,0,0,0,0,0,0,0,2,8,0,2,0,2,2,14,0,1,0,0,0,,0,0,0,0,0,0,0,0,0,0,0,,0
00-0038752,Jake Bobo,WR,2024,4,REG,2024_04_SEA_DET,SEA,DET,0,0,0,0,0,0,0,0,0,0,0,0,3,3,30,0,3,0,0,0,,0,0,0,0,0,0,0,0,0,0,0,,0
00-0038783,Nate Adkins,TE,2024,4,REG,2024_04_DEN_NYJ,DEN,NYJ,0,0,0,0,0,0,0,0,0,0,0,0,1,1,0,0,0,0,0,0,,0,0,0,0,0,0,0,0,0,0,0,,0
00-0038794,Jaleel McLaughlin,RB,2024,4,REG,2024_04_DEN_NYJ,DEN,NYJ,0,0,0,0,0,0,0,9,46,0,1,0,1,1,0,0,0,0,0,0,,0,0,0,0,0,0,0,0,0,0,0,,0
00-0038797,Emanuel Wilson,RB,2024,4,REG,2024_04_MIN_GB,GB,MIN,0,0,0,0,0,0,0,8,27,0,0,0,0,1,0,0,0,0,0,0,,0,0,0,0,0,0,0,0,0,0,0,,0
00-0038905,Blake Grupe,K,2024,4,REG,2024_04_NO_ATL,NO,ATL,0,0,0,0,0,0,0,0,0,0,0,0,0,0,0,0,0,0,1,1,43,0,0,0,1,0,0,3,3,0,0,0,,0
00-0038933,Dalton Kincaid,TE,2024,4,REG,2024_04_BUF_BAL,BUF,BAL,0,0,0,0,0,0,0,0,0,0,0,0,5,7,47,0,3,0,0,0,,0,0,0,0,0,0,0,0,0,0,0,,0
00-0038935,Brenton Strange,TE,2024,4,REG,2024_04_JAX_HOU,JAX,HOU,0,0,0,0,0,0,0,0,0,0,0,0,3,3,19,0,1,0,0,0,,0,0,0,0,0,0,0,0,0,0,0,,0
00-0038938,Jalin Hyatt,WR,2024,4,REG,2024_04_DAL_NYG,NYG,DAL,0,0,0,0,0,0,0,0,0,0,0,0,0,1,0,0,0,0,0,0,,0,0,0,0,0,0,0,0,0,0,0,,0
00-0038951,Sean Tucker,RB,2024,4,REG,2024_04_PHI_TB,TB,PHI,0,0,0,0,0,0,0,1,3,0,0,0,1,1,14,0,1,0,0,0,,0,0,0,0,0,0,0,0,0,0,0,,0
00-0038994,Jordan Addison,WR,2024,4,REG,2024_04_MIN_GB,MIN,GB,0,0,0,0,0,0,0,1,7,1,1,0,3,4,72,1,3,0,0,0,,0,0,0,0,0,0,0,0,0,0,0,,0
00-0038996,Tucker Kraft,TE,2024,4,REG,2024_04_MIN_GB,GB,MIN,0,0,0,0,0,0,0,0,0,0,0,0,6,9,53,1,2,1,0,0,,0,0,0,0,0,0,0,0,0,0,0,,0
00-0038997,Josh Downs,WR,2024,4,REG,2024_04_PIT_IND,IND,PIT,0,0,0,0,0,0,0,0,0,0,0,0,8,9,82,1,6,0,0,0,,0,0,0,0,0,0,0,0,0,0,0,,0
00-0039021,Roschon Johnson,RB,2024,4,REG,2024_04_LA_CHI,CHI,LA,0,0,0,0,0,0,0,7,26,1,4,0,0,0,0,0,0,0,0,0,,0,0,0,0,0,0,0,0,0,0,0,,0
00-0039032,Tyjae Spears,RB,2024,4,REG,2024_04_TEN_MIA,TEN,MIA,0,0,0,0,0,0,0,15,39,1,3,0,2,2,0,0,0,0,0,0,,0,0,0,0,0,0,0,0,0,0,0,,0
00-0039040,De'Von Achane,RB,2024,4,REG,2024_04_TEN_MIA,MIA,TEN,0,0,0,0,0,0,0,10,15,0,0,0,3,3,14,0,0,0,0,0,,0,0,0,0,0,0,0,0,0,0,0,,0
00-0039041,Elijah Higgins,TE,2024,4,REG,2024_04_WAS_ARI,ARI,WAS,0,0,0,0,0,0,0,0,0,0,0,0,2,3,12,0,0,0,0,0,,0,0,0,0,0,0,0,0,0,0,0,,0
00-0039052,Trey Palmer,WR,2024,4,REG,2024_04_PHI_TB,TB,PHI,0,0,0,0,0,0,0,0,0,0,0,0,3,3,26,1,1,0,0,0,,0,0,0,0,0,0,0,0,0,0,0,,0
00-0039059,Ethan Evans,P,2024,4,REG,2024_04_LA_CHI,LA,CHI,0,0,0,0,0,0,0,0,0,0,0,0,0,0,0,0,0,0,0,0,,0,0,0,0,0,0,0,0,1,67,51,67,0
00-0039062,Jonathan Mingo,WR,2024,4,REG,2024_04_CIN_CAR,CAR,CIN,0,0,0,0,0,0,0,0,0,0,0,0,3,5,24,0,1,0,0,0,,0,0,0,0,0,0,0,0,0,0,0,,0
00-0039064,Zay Flowers,WR,2024,4,REG,2024_04_BUF_BAL,BAL,BUF,0,0,0,0,0,0,0,0,0,0,0,0,1,2,10,0,1,0,0,0,,0,0,0,0,0,0,0,0,0,0,0,,0
00-0039065,Sam LaPorta,TE,2024,4,REG,2024_04_SEA_DET,DET,SEA,0,0,0,0,0,0,0,0,0,0,0,0,4,4,53,0,3,0,0,0,,0,0,0,0,0,0,0,0,0,0,0,,0
00-0039139,Jahmyr Gibbs,RB,2024,4,REG,2024_04_SEA_DET,DET,SEA,0,0,0,0,0,0,0,14,78,2,5,0,0,0,0,0,0,0,0,0,,0,0,0,0,0,0,0,0,0,0,0,,0
00-0039144,Luke Musgrave,TE,2024,4,REG,2024_04_MIN_GB,GB,MIN,0,0,0,0,0,0,0,0,0,0,0,0,3,3,13,0,1,0,0,0,,0,0,0,0,0,0,0,0,0,0,0,,0
00-0039146,Jayden Reed,WR,2024,4,REG,2024_04_MIN_GB,GB,MIN,0,0,0,0,0,0,0,1,2,0,0,0,7,8,139,1,6,0,0,0,,0,0,0,0,0,0,0,0,0,0,0,,0
00-0039152,Will Levis,QB,2024,4,REG,2024_04_TEN_MIA,TEN,MIA,3,4,25,0,1,0,0,2,5,0,1,0,0,0,0,0,0,0,0,0,,0,0,0,0,0,0,0,0,0,0,0,,0
00-0039163,C.J. Stroud,QB,2024,4,REG,2024_04_JAX_HOU,HOU,JAX,27,40,345,2,0,2,-11,3,17,0,2,0,0,0,0,0,0,0,0,0,,0,0,0,0,0,0,0,0,0,0,0,,0
00-0039164,Anthony Richardson,QB,2024,4,REG,2024_04_PIT_IND,IND,PIT,3,4,71,0,0,0,0,3,24,0,2,0,0,0,0,0,0,0,0,0,,0,0,0,0,0,0,0,0,0,0,0,,0
00-0039165,Zach Charbonnet,RB,2024,4,REG,2024_04_SEA_DET,SEA,DET,0,0,0,0,0,0,0,2,15,0,1,0,5,5,39,0,0,0,0,0,,0,0,0,0,0,0,0,0,0,0,0,,0
00-0039172,Jake Bates,K,2024,4,REG,2024_04_SEA_DET,DET,SEA,0,0,0,0,0,0,0,0,0,0,0,0,0,0,0,0,0,0,0,0,,0,0,0,0,0,0,6,6,0,0,0,,0
00-0039236,Johnny Wilson,WR,2024,4,REG,2024_04_PHI_TB,PHI,TB,0,0,0,0,0,0,0,0,0,0,0,0,0,2,0,0,0,0,0,0,,0,0,0,0,0,0,0,0,0,0,0,,0
00-0039323,Ryan Rehkow,P,2024,4,REG,2024_04_CIN_CAR,CIN,CAR,0,0,0,0,0,0,0,0,0,0,0,0,0,0,0,0,0,0,0,0,,0,0,0,0,0,0,0,0,3,170,154,63,2
00-0039325,Carson Steele,RB,2024,4,REG,2024_04_KC_LAC,KC,LAC,0,0,0,0,0,0,0,2,6,0,0,1,1,3,0,0,0,0,0,0,,0,0,0,0,0,0,0,0,0,0,0,,0
00-0039337,Malik Nabers,WR,2024,4,REG,2024_04_DAL_NYG,NYG,DAL,0,0,0,0,0,0,0,1,-4,0,0,0,12,15,115,0,5,0,0,0,,0,0,0,0,0,0,0,0,0,0,0,,0
00-0039338,Brock Bowers,TE,2024,4,REG,2024_04_CLE_LV,LV,CLE,0,0,0,0,0,0,0,1,12,0,1,0,2,3,19,0,1,0,0,0,,0,0,0,0,0,0,0,0,0,0,0,,0
00-0039342,Xavier Legette,WR,2024,4,REG,2024_04_CIN_CAR,CAR,CIN,0,0,0,0,0,0,0,2,10,0,0,0,6,10,66,1,5,0,0,0,,0,0,0,0,0,0,0,0,0,0,0,,0
00-0039355,Luke McCaffrey,WR,2024,4,REG,2024_04_WAS_ARI,WAS,ARI,0,0,0,0,0,0,0,0,0,0,0,0,1,1,17,0,1,0,0,0,,0,0,0,0,0,0,0,0,0,0,0,,0
00-0039356,Ja'Tavion Sanders,TE,2024,4,REG,2024_04_CIN_CAR,CAR,CIN,0,0,0,0,0,0,0,0,0,0,0,0,2,2,16,0,1,0,0,0,,0,0,0,0,0,0,0,0,0,0,0,,0
00-0039359,Cade Stover,TE,2024,4,REG,2024_04_JAX_HOU,HOU,JAX,0,0,0,0,0,0,0,0,0,0,0,0,1,1,27,0,1,0,0,0,,0,0,0,0,0,0,0,0,0,0,0,,0
00-0039361,Bucky Irving,RB,2024,4,REG,2024_04_PHI_TB,TB,PHI,0,0,0,0,0,0,0,10,49,1,3,0,1,2,6,0,0,0,0,0,,0,0,0,0,0,0,0,0,0,0,0,,0
00-0039363,Isaac Guerendo,RB,2024,4,REG,2024_04_NE_SF,SF,NE,0,0,0,0,0,0,0,1,0,0,0,0,0,0,0,0,0,0,0,0,,0,0,0,0,0,0,0,0,0,0,0,,0
00-0039384,Tyrone Tracy Jr.,RB,2024,4,REG,2024_04_DAL_NYG,NYG,DAL,0,0,0,0,0,0,0,4,2,0,0,0,1,1,19,0,1,0,0,0,,0,0,0,0,0,0,0,0,0,0,0,,0
00-0039404,Will Reichard,K,2024,4,REG,2024_04_MIN_GB,MIN,GB,0,0,0,0,0,0,0,0,0,0,0,0,0,0,0,0,0,0,1,1,33,0,0,1,0,0,0,4,4,0,0,0,,0
00-0039409,Cam Little,K,2024,4,REG,2024_04_JAX_HOU,JAX,HOU,0,0,0,0,0,0,0,0,0,0,0,0,0,0,0,0,0,0,2,2,52,0,0,0,1,1,0,2,2,0,0,0,,0
00-0039491,Jalen Coker,WR,2024,4,REG,2024_04_CIN_CAR,CAR,CIN,0,0,0,0,0,0,0,0,0,0,0,0,0,1,0,0,0,0,0,0,,0,0,0,0,0,0,0,0,0,0,0,,0
00-0039589,Kameron Johnson,WR,2024,4,REG,2024_04_PHI_TB,TB,PHI,0,0,0,0,0,0,0,0,0,0,0,0,0,1,0,0,0,0,0,0,,0,0,0,0,0,0,0,0,0,0,0,,0
00-0039611,Matthew Hayball,P,2024,4,REG,2024_04_NO_ATL,NO,ATL,0,0,0,0,0,0,0,0,0,0,0,0,0,0,0,0,0,0,0,0,,0,0,0,0,0,0,0,0,3,120,120,48,3
00-0039623,Mason Tipton,WR,2024,4,REG,2024_04_NO_ATL,NO,ATL,0,0,0,0,0,0,0,0,0,0,0,0,1,1,6,0,1,0,0,0,,0,0,0,0,0,0,0,0,0,0,0,,0
00-0039649,Brayden Narveson,K,2024,4,REG,2024_04_MIN_GB,GB,MIN,0,0,0,0,0,0,0,0,0,0,0,0,0,0,0,0,0,0,0,2,,0,0,0,0,0,0,3,3,0,0,0,,0
00-0039732,Bo Nix,QB,2024,4,REG,2024_04_DEN_NYJ,DEN,NYJ,12,25,60,1,0,0,0,5,3,0,0,0,0,0,0,0,0,0,0,0,,0,0,0,0,0,0,0,0,0,0,0,,0
00-0039745,Tory Taylor,P,2024,4,REG,2024_04_LA_CHI,CHI,LA,0,0,0,0,0,0,0,0,0,0,0,0,0,0,0,0,0,0,0,0,,0,0,0,0,0,0,0,0,5,277,240,66,3
00-0039750,Joshua Karty,K,2024,4,REG,2024_04_LA_CHI,LA,CHI,0,0,0,0,0,0,0,0,0,0,0,0,0,0,0,0,0,0,4,5,52,0,1,1,1,1,0,0,0,0,0,0,,0
00-0039751,Jordan Whittington,WR,2024,4,REG,2024_04_LA_CHI,LA,CHI,0,0,0,0,0,0,0,0,0,0,0,0,6,8,62,0,3,0,0,0,,0,0,0,0,0,0,0,0,0,0,0,,0
00-0039793,AJ Barner,TE,2024,4,REG,2024_04_SEA_DET,SEA,DET,0,0,0,0,0,0,0,0,0,0,0,0,2,2,27,1,2,0,0,0,,0,0,0,0,0,0,0,0,0,0,0,,0
00-0039794,Braelon Allen,RB,2024,4,REG,2024_04_DEN_NYJ,NYJ,DEN,0,0,0,0,0,0,0,8,34,0,3,0,1,1,12,0,1,0,0,0,,0,0,0,0,0,0,0,0,0,0,0,,0
00-0039814,Erick All,TE,2024,4,REG,2024_04_CIN_CAR,CIN,CAR,0,0,0,0,0,0,0,0,0,0,0,0,4,4,28,0,2,0,0,0,,0,0,0,0,0,0,0,0,0,0,0,,0
00-0039847,Theo Johnson,TE,2024,4,REG,2024_04_DAL_NYG,NYG,DAL,0,0,0,0,0,0,0,0,0,0,0,0,1,1,6,0,0,0,0,0,,0,0,0,0,0,0,0,0,0,0,0,,0
00-0039849,Marvin Harrison Jr.,WR,2024,4,REG,2024_04_WAS_ARI,ARI,WAS,0,0,0,0,0,0,0,0,0,0,0,0,5,6,45,1,3,0,0,0,,0,0,0,0,0,0,0,0,0,0,0,,0
00-0039868,Troy Franklin,WR,2024,4,REG,2024_04_DEN_NYJ,DEN,NYJ,0,0,0,0,0,0,0,0,0,0,0,0,2,4,-2,0,0,0,0,0,,0,0,0,0,0,0,0,0,0,0,0,,0
00-0039874,Jaylen Wright,RB,2024,4,REG,2024_04_TEN_MIA,MIA,TEN,0,0,0,0,0,0,0,9,32,0,2,0,0,1,0,0,0,0,0,0,,0,0,0,0,0,0,0,0,0,0,0,,0
00-0039875,Ray Davis,RB,2024,4,REG,2024_04_BUF_BAL,BUF,BAL,0,0,0,0,0,0,0,7,11,0,1,0,0,0,0,0,0,0,0,0,,0,0,0,0,0,0,0,0,0,0,0,,0
00-0039880,Malik Washington,WR,2024,4,REG,2024_04_TEN_MIA,MIA,TEN,0,0,0,0,0,0,0,0,0,0,0,0,1,1,8,0,0,0,0,0,,0,0,0,0,0,0,0,0,0,0,0,,0
00-0039890,Adonai Mitchell,WR,2024,4,REG,2024_04_PIT_IND,IND,PIT,0,0,0,0,0,0,0,1,10,0,1,0,0,3,0,0,0,0,0,0,,0,0,0,0,0,0,0,0,0,0,0,,0
00-0039893,Brian Thomas Jr.,WR,2024,4,REG,2024_04_JAX_HOU,JAX,HOU,0,0,0,0,0,0,0,1,13,0,1,0,6,9,86,1,5,0,0,0,,0,0,0,0,0,0,0,0,0,0,0,,0
00-0039894,Xavier Worthy,WR,2024,4,REG,2024_04_KC_LAC,KC,LAC,0,0,0,0,0,0,0,0,0,0,0,0,3,4,73,1,3,0,0,0,,0,0,0,0,0,0,0,0,0,0,0,,0
00-0039901,Keon Coleman,WR,2024,4,REG,2024_04_BUF_BAL,BUF,BAL,0,0,0,0,0,0,0,0,0,0,0,0,3,4,51,0,2,0,0,0,,0,0,0,0,0,0,0,0,0,0,0,,0
00-0039907,Ja'Lynn Polk,WR,2024,4,REG,2024_04_NE_SF,NE,SF,0,0,0,0,0,0,0,0,0,0,0,0,3,7,30,0,1,0,0,0,,0,0,0,0,0,0,0,0,0,0,0,,0
00-0039910,Jayden Daniels,QB,2024,4,REG,2024_04_WAS_ARI,WAS,ARI,26,30,233,1,1,0,0,8,47,1,3,0,0,0,0,0,0,0,0,0,,0,0,0,0,0,0,0,0,0,0,0,,0
00-0039915,Ladd McConkey,WR,2024,4,REG,2024_04_KC_LAC,LAC,KC,0,0,0,0,0,0,0,0,0,0,0,0,5,7,67,1,3,0,0,0,,0,0,0,0,0,0,0,0,0,0,0,,0
00-0039918,Caleb Williams,QB,2024,4,REG,2024_04_LA_CHI,CHI,LA,17,23,157,1,0,3,-24,5,12,0,1,0,0,0,0,0,0,0,0,0,,0,0,0,0,0,0,0,0,0,0,0,,0
00-0039919,Rome Odunze,WR,2024,4,REG,2024_04_LA_CHI,CHI,LA,0,0,0,0,0,0,0,0,0,0,0,0,1,3,10,0,0,0,0,0,,0,0,0,0,0,0,0,0,0,0,0,,0
00-0039921,Trey Benson,RB,2024,4,REG,2024_04_WAS_ARI,ARI,WAS,0,0,0,0,0,0,0,9,50,0,3,0,0,0,0,0,0,0,0,0,,0,0,0,0,0,0,0,0,0,0,0,,0
00-0023459,Aaron Rodgers,QB,2024,5,REG,2024_05_NYJ_MIN,NYJ,MIN,29,54,244,2,3,3,-26,0,0,0,0,0,0,0,0,0,0,0,0,0,,0,0,0,0,0,0,0,0,0,0,0,,0
00-0026158,Joe Flacco,QB,2024,5,REG,2024_05_IND_JAX,IND,JAX,33,44,359,3,0,4,-35,3,22,0,2,0,0,0,0,0,0,0,0,0,,0,0,0,0,0,0,0,0,0,0,0,,0
00-0026498,Matthew Stafford,QB,2024,5,REG,2024_05_GB_LA,LA,GB,29,45,260,1,1,3,-24,0,0,0,0,0,0,0,0,0,0,0,0,0,,0,0,0,0,0,0,0,0,0,0,0,,0
00-0027114,Thomas Morstead,P,2024,5,REG,2024_05_NYJ_MIN,NYJ,MIN,0,0,0,0,0,0,0,0,0,0,0,0,0,0,0,0,0,0,0,0,,0,0,0,0,0,0,0,0,6,295,269,56,2
00-0027973,Andy Dalton,QB,2024,5,REG,2024_05_CAR_CHI,CAR,CHI,18,28,136,0,1,3,-20,1,3,0,0,0,0,0,0,0,0,0,0,0,,0,0,0,0,0,0,0,0,0,0,0,,0
00-0028872,Johnny Hekker,P,2024,5,REG,2024_05_CAR_CHI,CAR,CHI,0,0,0,0,0,0,0,0,0,0,0,0,0,0,0,0,0,0,0,0,,0,0,0,0,0,0,0,0,4,206,160,65,1
00-0029597,Justin Tucker,K,2024,5,REG,2024_05_BAL_CIN,BAL,CIN,0,0,0,0,0,0,0,0,0,0,0,0,0,0,0,0,0,0,2,2,56,0,1,0,0,1,0,5,5,0,0,0,,0
00-0029604,Kirk Cousins,QB,2024,5,REG,2024_05_TB_ATL,ATL,TB,42,58,509,4,1,4,-32,0,0,0,0,0,0,0,0,0,0,0,0,0,,0,0,0,0,0,0,0,0,0,0,0,,0
00-0029621,Greg Zuerlein,K,2024,5,REG,2024_05_NYJ_MIN,NYJ,MIN,0,0,0,0,0,0,0,0,0,0,0,0,0,0,0,0,0,0,1,1,32,0,0,1,0,0,0,2,2,0,0,0,,0
00-0029692,Bryan Anger,P,2024,5,REG,2024_05_DAL_PIT,DAL,PIT,0,0,0,0,0,0,0,0,0,0,0,0,0,0,0,0,0,0,0,0,,0,0,0,0,0,0,0,0,1,45,45,45,0
00-0030061,Zach Ertz,TE,2024,5,REG,2024_05_CLE_WAS,WAS,CLE,0,0,0,0,0,0,0,0,0,0,0,0,2,8,10,0,0,0,0,0,,0,0,0,0,0,0,0,0,0,0,0,,0
00-0030092,Sam Martin,P,2024,5,REG,2024_05_BUF_HOU,BUF,HOU,0,0,0,0,0,0,0,0,0,0,0,0,0,0,0,0,0,0,0,0,,0,0,0,0,0,0,0,0,8,401,335,63,5
00-0030098,Dustin Hopkins,K,2024,5,REG,2024_05_CLE_WAS,CLE,WAS,0,0,0,0,0,0,0,0,0,0,0,0,0,0,0,0,0,0,2,2,51,0,0,1,0,1,0,1,1,0,0,0,,0
00-0030140,Tress Way,P,2024,5,REG,2024_05_CLE_WAS,WAS,CLE,0,0,0,0,0,0,0,0,0,0,0,0,0,0,0,0,0,0,0,0,,0,0,0,0,0,0,0,0,4,192,146,53,0
00-0030279,Keenan Allen,WR,2024,5,REG,2024_05_CAR_CHI,CHI,CAR,0,0,0,0,0,0,0,0,0,0,0,0,3,6,33,0,1,0,0,0,,0,0,0,0,0,0,0,0,0,0,0,,0
00-0030506,Travis Kelce,TE,2024,5,REG,2024_05_NO_KC,KC,NO,0,0,0,0,0,0,0,0,0,0,0,0,9,10,70,0,4,0,0,0,,0,0,0,0,0,0,0,0,0,0,0,,0
00-0030565,Geno Smith,QB,2024,5,REG,2024_05_NYG_SEA,SEA,NYG,28,40,284,1,0,7,-53,4,72,0,2,0,0,0,0,0,0,0,0,0,,0,0,0,0,0,0,0,0,0,0,0,,0
00-0031136,Chris Boswell,K,2024,5,REG,2024_05_DAL_PIT,PIT,DAL,0,0,0,0,0,0,0,0,0,0,0,0,0,0,0,0,0,0,1,1,41,0,0,0,1,0,0,2,2,0,0,0,,0
00-0031203,Cairo Santos,K,2024,5,REG,2024_05_CAR_CHI,CHI,CAR,0,0,0,0,0,0,0,0,0,0,0,0,0,0,0,0,0,0,1,1,33,0,0,1,0,0,0,3,4,0,0,0,,0
00-0031235,Odell Beckham Jr.,WR,2024,5,REG,2024_05_MIA_NE,MIA,NE,0,0,0,0,0,0,0,0,0,0,0,0,0,1,0,0,0,0,0,0,,0,0,0,0,0,0,0,0,0,0,0,,0
00-0031280,Derek Carr,QB,2024,5,REG,2024_05_NO_KC,NO,KC,18,28,165,2,1,1,-8,0,0,0,0,0,0,0,0,0,0,0,0,0,,0,0,0,0,0,0,0,0,0,0,0,,0
00-0031408,Mike Evans,WR,2024,5,REG,2024_05_TB_ATL,TB,ATL,0,0,0,0,0,0,0,0,0,0,0,0,5,7,62,2,5,0,0,0,,0,0,0,0,0,0,0,0,0,0,0,,0
00-0031492,Jason Myers,K,2024,5,REG,2024_05_NYG_SEA,SEA,NYG,0,0,0,0,0,0,0,0,0,0,0,0,0,0,0,0,0,0,2,3,48,0,0,0,2,0,0,2,2,0,0,0,,0
00-0031503,Jameis Winston,QB,2024,5,REG,2024_05_CLE_WAS,CLE,WAS,1,1,16,0,0,0,0,1,-3,0,0,0,0,0,0,0,0,0,0,0,,0,0,0,0,0,0,0,0,0,0,0,,0
00-0031544,Amari Cooper,WR,2024,5,REG,2024_05_CLE_WAS,CLE,WAS,0,0,0,0,0,0,0,0,0,0,0,0,4,10,60,0,2,0,0,0,,0,0,0,0,0,0,0,0,0,0,0,,0
00-0031549,Nelson Agholor,WR,2024,5,REG,2024_05_BAL_CIN,BAL,CIN,0,0,0,0,0,0,0,0,0,0,0,0,1,4,4,0,0,0,0,0,,0,0,0,0,0,0,0,0,0,0,0,,0
00-0031588,Stefon Diggs,WR,2024,5,REG,2024_05_BUF_HOU,HOU,BUF,0,0,0,0,0,0,0,0,0,0,0,0,6,8,82,0,5,0,0,0,,0,0,0,0,0,0,0,0,0,0,0,,0
00-0031595,Michael Burton,FB,2024,5,REG,2024_05_LV_DEN,DEN,LV,0,0,0,0,0,0,0,0,0,0,0,0,1,1,5,0,0,0,0,0,,0,0,0,0,0,0,0,0,0,0,0,,0
00-0031687,Raheem Mostert,RB,2024,5,REG,2024_05_MIA_NE,MIA,NE,0,0,0,0,0,0,0,19,80,0,3,0,2,2,18,0,1,0,0,0,,0,0,0,0,0,0,0,0,0,0,0,,0
00-0032065,Bradley Pinion,P,2024,5,REG,2024_05_TB_ATL,ATL,TB,0,0,0,0,0,0,0,0,0,0,0,0,0,0,0,0,0,0,0,0,,0,0,0,0,0,0,0,0,1,35,35,35,1
00-0032104,Ameer Abdullah,RB,2024,5,REG,2024_05_LV_DEN,LV,DEN,0,0,0,0,0,0,0,5,42,1,2,0,3,3,9,0,1,0,0,0,,0,0,0,0,0,0,0,0,0,0,0,,0
00-0032211,Tyler Lockett,WR,2024,5,REG,2024_05_NYG_SEA,SEA,NYG,0,0,0,0,0,0,0,0,0,0,0,0,4,6,75,0,3,0,0,0,,0,0,0,0,0,0,0,0,0,0,0,,0
00-0032268,Marcus Mariota,QB,2024,5,REG,2024_05_CLE_WAS,WAS,CLE,1,3,-2,0,0,0,0,2,2,0,0,0,0,0,0,0,0,0,0,0,,0,0,0,0,0,0,0,0,0,0,0,,0
00-0032385,Sterling Shepard,WR,2024,5,REG,2024_05_TB_ATL,TB,ATL,0,0,0,0,0,0,0,0,0,0,0,0,1,2,4,1,1,0,0,0,,0,0,0,0,0,0,0,0,0,0,0,,0
00-0032392,Austin Hooper,TE,2024,5,REG,2024_05_MIA_NE,NE,MIA,0,0,0,0,0,0,0,0,0,0,0,0,1,3,9,0,0,0,0,0,,0,0,0,0,0,0,0,0,0,0,0,,0
00-0032569,Wil Lutz,K,2024,5,REG,2024_05_LV_DEN,DEN,LV,0,0,0,0,0,0,0,0,0,0,0,0,0,0,0,0,0,0,2,2,51,0,0,0,1,1,0,4,4,0,0,0,,0
00-0032726,Ka'imi Fairbairn,K,2024,5,REG,2024_05_BUF_HOU,HOU,BUF,0,0,0,0,0,0,0,0,0,0,0,0,0,0,0,0,0,0,3,3,59,0,0,0,1,2,0,2,2,0,0,0,,0
00-0032764,Derrick Henry,RB,2024,5,REG,2024_05_BAL_CIN,BAL,CIN,0,0,0,0,0,0,0,15,92,1,6,0,1,1,4,0,0,0,0,0,,0,0,0,0,0,0,0,0,0,0,0,,0
00-0032775,Demarcus Robinson,WR,2024,5,REG,2024_05_GB_LA,LA,GB,0,0,0,0,0,0,0,0,0,0,0,0,3,5,28,1,3,0,0,0,,0,0,0,0,0,0,0,0,0,0,0,,0
00-0032918,C.J. Ham,FB,2024,5,REG,2024_05_NYJ_MIN,MIN,NYJ,0,0,0,0,0,0,0,2,10,1,1,0,0,0,0,0,0,0,0,0,,0,0,0,0,0,0,0,0,0,0,0,,0
00-0032943,Riley Dixon,P,2024,5,REG,2024_05_LV_DEN,DEN,LV,0,0,0,0,0,0,0,0,0,0,0,0,0,0,0,0,0,0,0,0,,0,0,0,0,0,0,0,0,6,259,239,53,3
00-0033040,Tyreek Hill,WR,2024,5,REG,2024_05_MIA_NE,MIA,NE,0,0,0,0,0,0,0,0,0,0,0,0,6,10,69,0,3,0,0,0,,0,0,0,0,0,0,0,0,0,0,0,,0
00-0033045,Ezekiel Elliott,RB,2024,5,REG,2024_05_DAL_PIT,DAL,PIT,0,0,0,0,0,0,0,6,17,0,2,0,0,1,0,0,0,0,0,0,,0,0,0,0,0,0,0,0,0,0,0,,0
00-0033077,Dak Prescott,QB,2024,5,REG,2024_05_DAL_PIT,DAL,PIT,29,42,352,2,2,2,-16,1,3,0,0,0,0,0,0,0,0,0,0,0,,0,0,0,0,0,0,0,0,0,0,0,,0
00-0033090,Hunter Henry,TE,2024,5,REG,2024_05_MIA_NE,NE,MIA,0,0,0,0,0,0,0,0,0,0,0,0,2,4,32,0,1,0,0,0,,0,0,0,0,0,0,0,0,0,0,0,,0
00-0033119,Jacoby Brissett,QB,2024,5,REG,2024_05_MIA_NE,NE,MIA,18,34,160,0,0,2,-12,1,10,0,0,0,0,0,0,0,0,0,0,0,,0,0,0,0,0,0,0,0,0,0,0,,0
00-0033217,Mo Alie-Cox,TE,2024,5,REG,2024_05_IND_JAX,IND,JAX,0,0,0,0,0,0,0,0,0,0,0,0,2,4,37,1,2,0,0,0,,0,0,0,0,0,0,0,0,0,0,0,,0
00-0033246,Johnny Mundt,TE,2024,5,REG,2024_05_NYJ_MIN,MIN,NYJ,0,0,0,0,0,0,0,0,0,0,0,0,2,2,31,0,2,0,0,0,,0,0,0,0,0,0,0,0,0,0,0,,0
00-0033269,Rigoberto Sanchez,P,2024,5,REG,2024_05_IND_JAX,IND,JAX,0,0,0,0,0,0,0,0,0,0,0,0,0,0,0,0,0,0,0,0,,0,0,0,0,0,0,0,0,4,210,142,65,2
00-0033282,Curtis Samuel,WR,2024,5,REG,2024_05_BUF_HOU,BUF,HOU,0,0,0,0,0,0,0,1,-1,0,0,0,1,4,0,0,0,0,0,0,,0,0,0,0,0,0,0,0,0,0,0,,0
00-0033288,George Kittle,TE,2024,5,REG,2024_05_ARI_SF,SF,ARI,0,0,0,0,0,0,0,0,0,0,0,0,8,12,64,1,5,0,0,0,,0,0,0,0,0,0,0,0,0,0,0,,0
00-0033293,Aaron Jones,RB,2024,5,REG,2024_05_NYJ_MIN,MIN,NYJ,0,0,0,0,0,0,0,7,29,0,0,0,1,1,24,0,1,0,0,0,,0,0,0,0,0,0,0,0,0,0,0,,0
00-0033303,Harrison Butker,K,2024,5,REG,2024_05_NO_KC,KC,NO,0,0,0,0,0,0,0,0,0,0,0,0,0,0,0,0,0,0,4,5,38,0,2,2,0,0,0,2,2,0,0,0,,0
00-0033307,Kendrick Bourne,WR,2024,5,REG,2024_05_MIA_NE,NE,MIA,0,0,0,0,0,0,0,0,0,0,0,0,1,1,6,0,0,0,0,0,,0,0,0,0,0,0,0,0,0,0,0,,0
00-0033319,Nick Mullens,QB,2024,5,REG,2024_05_NYJ_MIN,MIN,NYJ,1,1,24,0,0,0,0,0,0,0,0,0,0,0,0,0,0,0,0,0,,0,0,0,0,0,0,0,0,0,0,0,,0
00-0033439,Pharaoh Brown,TE,2024,5,REG,2024_05_NYG_SEA,SEA,NYG,0,0,0,0,0,0,0,0,0,0,0,0,1,1,7,0,0,0,0,0,,0,0,0,0,0,0,0,0,0,0,0,,0
00-0033526,Samaje Perine,RB,2024,5,REG,2024_05_NO_KC,KC,NO,0,0,0,0,0,0,0,0,0,0,0,0,1,2,24,0,0,0,0,0,,0,0,0,0,0,0,0,0,0,0,0,,0
00-0033536,Mike Williams,WR,2024,5,REG,2024_05_NYJ_MIN,NYJ,MIN,0,0,0,0,0,0,0,0,0,0,0,0,2,4,25,0,1,0,0,0,,0,0,0,0,0,0,0,0,0,0,0,,0
00-0033537,Deshaun Watson,QB,2024,5,REG,2024_05_CLE_WAS,CLE,WAS,15,28,125,1,0,7,-33,3,14,0,0,0,0,0,0,0,0,0,0,0,,0,0,0,0,0,0,0,0,0,0,0,,0
00-0033553,James Conner,RB,2024,5,REG,2024_05_ARI_SF,ARI,SF,0,0,0,0,0,0,0,19,86,0,6,0,2,3,14,0,1,0,0,0,,0,0,0,0,0,0,0,0,0,0,0,,0
00-0033555,Mack Hollins,WR,2024,5,REG,2024_05_BUF_HOU,BUF,HOU,0,0,0,0,0,0,0,0,0,0,0,0,2,6,27,0,2,0,0,0,,0,0,0,0,0,0,0,0,0,0,0,,0
00-0033589,David Moore,WR,2024,5,REG,2024_05_CAR_CHI,CAR,CHI,0,0,0,0,0,0,0,0,0,0,0,0,2,3,13,0,0,0,0,0,,0,0,0,0,0,0,0,0,0,0,0,,0
00-0033699,Austin Ekeler,RB,2024,5,REG,2024_05_CLE_WAS,WAS,CLE,0,0,0,0,0,0,0,6,67,0,2,0,2,2,30,0,1,0,0,0,,0,0,0,0,0,0,0,0,0,0,0,,0
00-0033702,Younghoe Koo,K,2024,5,REG,2024_05_TB_ATL,ATL,TB,0,0,0,0,0,0,0,0,0,0,0,0,0,0,0,0,0,0,3,5,54,0,0,0,1,2,0,3,3,0,0,0,,0
00-0033854,Dare Ogunbowale,RB,2024,5,REG,2024_05_BUF_HOU,HOU,BUF,0,0,0,0,0,0,0,15,30,0,1,0,6,7,57,0,2,0,0,0,,0,0,0,0,0,0,0,0,0,0,0,,0
00-0033857,JuJu Smith-Schuster,WR,2024,5,REG,2024_05_NO_KC,KC,NO,0,0,0,0,0,0,0,0,0,0,0,0,7,8,130,0,4,0,0,0,,0,0,0,0,0,0,0,0,0,0,0,,0
00-0033858,Jonnu Smith,TE,2024,5,REG,2024_05_MIA_NE,MIA,NE,0,0,0,0,0,0,0,1,-1,0,0,0,5,8,62,0,4,0,0,0,,0,0,0,0,0,0,0,0,0,0,0,,0
00-0033873,Patrick Mahomes,QB,2024,5,REG,2024_05_NO_KC,KC,NO,28,39,331,0,1,2,-10,6,22,0,3,0,0,0,0,0,0,0,0,0,,0,0,0,0,0,0,0,0,0,0,0,,0
00-0033885,David Njoku,TE,2024,5,REG,2024_05_CLE_WAS,CLE,WAS,0,0,0,0,0,0,0,0,0,0,0,0,1,3,14,0,1,0,0,0,,0,0,0,0,0,0,0,0,0,0,0,,0
00-0033895,Gerald Everett,TE,2024,5,REG,2024_05_CAR_CHI,CHI,CAR,0,0,0,0,0,0,0,0,0,0,0,0,2,2,22,0,1,0,0,0,,0,0,0,0,0,0,0,0,0,0,0,,0
00-0033906,Alvin Kamara,RB,2024,5,REG,2024_05_NO_KC,NO,KC,0,0,0,0,0,0,0,11,26,0,1,0,6,8,40,0,3,0,0,0,,0,0,0,0,0,0,0,0,0,0,0,,0
00-0033921,Chris Godwin Jr.,WR,2024,5,REG,2024_05_TB_ATL,TB,ATL,0,0,0,0,0,0,0,1,2,0,1,0,5,6,64,0,4,0,0,0,,0,0,0,0,0,0,0,0,0,0,0,,0
00-0033923,Kareem Hunt,RB,2024,5,REG,2024_05_NO_KC,KC,NO,0,0,0,0,0,0,0,27,102,1,5,0,1,1,15,0,1,0,0,0,,0,0,0,0,0,0,0,0,0,0,0,,0
00-0033925,D'Onta Foreman,RB,2024,5,REG,2024_05_CLE_WAS,CLE,WAS,0,0,0,0,0,0,0,9,44,0,1,0,1,1,16,0,1,0,0,0,,0,0,0,0,0,0,0,0,0,0,0,,0
00-0033943,Josh Reynolds,WR,2024,5,REG,2024_05_LV_DEN,DEN,LV,0,0,0,0,0,0,0,0,0,0,0,0,1,2,9,1,1,0,0,0,,0,0,0,0,0,0,0,0,0,0,0,,0
00-0033948,Jamaal Williams,RB,2024,5,REG,2024_05_NO_KC,NO,KC,0,0,0,0,0,0,0,2,9,0,0,0,0,0,0,0,0,0,0,0,,0,0,0,0,0,0,0,0,0,0,0,,0
00-0033955,Jeremy McNichols,RB,2024,5,REG,2024_05_CLE_WAS,WAS,CLE,0,0,0,0,0,0,0,7,44,1,2,0,0,0,0,0,0,0,0,0,,0,0,0,0,0,0,0,0,0,0,0,,0
00-0034160,Michael Dickson,P,2024,5,REG,2024_05_NYG_SEA,SEA,NYG,0,0,0,0,0,0,0,0,0,0,0,0,0,0,0,0,0,0,0,0,,0,0,0,0,0,0,0,0,4,193,167,55,2
00-0034161,Daniel Carlson,K,2024,5,REG,2024_05_LV_DEN,LV,DEN,0,0,0,0,0,0,0,0,0,0,0,0,0,0,0,0,0,0,1,1,40,0,0,0,1,0,0,1,1,0,0,0,,0
00-0034173,Eddy Pineiro,K,2024,5,REG,2024_05_CAR_CHI,CAR,CHI,0,0,0,0,0,0,0,0,0,0,0,0,0,0,0,0,0,0,1,2,27,0,1,0,0,0,0,1,1,0,0,0,,0
00-0034270,Tyler Conklin,TE,2024,5,REG,2024_05_NYJ_MIN,NYJ,MIN,0,0,0,0,0,0,0,0,0,0,0,0,6,9,55,0,2,0,0,0,,0,0,0,0,0,0,0,0,0,0,0,,0
00-0034272,Marquez Valdes-Scantling,WR,2024,5,REG,2024_05_BUF_HOU,BUF,HOU,0,0,0,0,0,0,0,0,0,0,0,0,0,3,0,0,0,0,0,0,,0,0,0,0,0,0,0,0,0,0,0,,0
00-0034348,Courtland Sutton,WR,2024,5,REG,2024_05_LV_DEN,DEN,LV,0,0,0,0,0,0,0,0,0,0,0,0,2,5,32,0,2,0,0,0,,0,0,0,0,0,0,0,0,0,0,0,,0
00-0034364,Jordan Akins,TE,2024,5,REG,2024_05_CLE_WAS,CLE,WAS,0,0,0,0,0,0,0,0,0,0,0,0,3,3,22,1,2,0,0,0,,0,0,0,0,0,0,0,0,0,0,0,,0
00-0034383,Dalton Schultz,TE,2024,5,REG,2024_05_BUF_HOU,HOU,BUF,0,0,0,0,0,0,0,0,0,0,0,0,4,6,34,0,2,0,0,0,,0,0,0,0,0,0,0,0,0,0,0,,0
00-0034407,Ray-Ray McCloud,WR,2024,5,REG,2024_05_TB_ATL,ATL,TB,0,0,0,0,0,0,0,0,0,0,0,0,6,9,66,0,2,0,0,0,,0,0,0,0,0,0,0,0,0,0,0,,0
00-0034437,Logan Cooke,P,2024,5,REG,2024_05_IND_JAX,JAX,IND,0,0,0,0,0,0,0,0,0,0,0,0,0,0,0,0,0,0,0,0,,0,0,0,0,0,0,0,0,2,102,91,58,1
00-0034450,Greg Joseph,K,2024,5,REG,2024_05_NYG_SEA,NYG,SEA,0,0,0,0,0,0,0,0,0,0,0,0,0,0,0,0,0,0,3,3,38,0,1,2,0,0,0,2,2,0,0,0,,0
00-0034521,Allen Lazard,WR,2024,5,REG,2024_05_NYJ_MIN,NYJ,MIN,0,0,0,0,0,0,0,0,0,0,0,0,4,9,34,1,2,0,0,0,,0,0,0,0,0,0,0,0,0,0,0,,0
00-0034577,Kyle Allen,QB,2024,5,REG,2024_05_DAL_PIT,PIT,DAL,1,1,19,0,0,0,0,0,0,0,0,0,0,0,0,0,0,0,0,0,,0,0,0,0,0,0,0,0,0,0,0,,0
00-0034721,Corey Bojorquez,P,2024,5,REG,2024_05_CLE_WAS,CLE,WAS,0,0,0,0,0,0,0,0,0,0,0,0,0,0,0,0,0,0,0,0,,0,0,0,0,0,0,0,0,7,361,328,65,4
00-0034753,Mark Andrews,TE,2024,5,REG,2024_05_BAL_CIN,BAL,CIN,0,0,0,0,0,0,0,0,0,0,0,0,4,5,55,0,3,0,0,0,,0,0,0,0,0,0,0,0,0,0,0,,0
00-0034775,Christian Kirk,WR,2024,5,REG,2024_05_IND_JAX,JAX,IND,0,0,0,0,0,0,0,0,0,0,0,0,4,4,88,0,2,0,0,0,,0,0,0,0,0,0,0,0,0,0,0,,0
00-0034794,Jason Sanders,K,2024,5,REG,2024_05_MIA_NE,MIA,NE,0,0,0,0,0,0,0,0,0,0,0,0,0,0,0,0,0,0,3,4,54,0,0,1,1,1,0,0,0,0,0,0,,0
00-0034796,Lamar Jackson,QB,2024,5,REG,2024_05_BAL_CIN,BAL,CIN,26,42,348,4,0,1,-3,12,55,0,1,1,0,0,0,0,0,0,0,0,,0,0,0,0,0,0,0,0,0,0,0,,0
00-0034798,Durham Smythe,TE,2024,5,REG,2024_05_MIA_NE,MIA,NE,0,0,0,0,0,0,0,0,0,0,0,0,0,1,0,0,0,0,0,0,,0,0,0,0,0,0,0,0,0,0,0,,0
00-0034827,DJ Moore,WR,2024,5,REG,2024_05_CAR_CHI,CHI,CAR,0,0,0,0,0,0,0,0,0,0,0,0,5,8,105,2,4,0,0,0,,0,0,0,0,0,0,0,0,0,0,0,,0
00-0034829,Mike Gesicki,TE,2024,5,REG,2024_05_BAL_CIN,CIN,BAL,0,0,0,0,0,0,0,0,0,0,0,0,2,2,31,0,2,0,0,0,,0,0,0,0,0,0,0,0,0,0,0,,0
00-0034854,KhaDarel Hodge,WR,2024,5,REG,2024_05_TB_ATL,ATL,TB,0,0,0,0,0,0,0,0,0,0,0,0,2,2,67,1,2,0,0,0,,0,0,0,0,0,0,0,0,0,0,0,,0
00-0034855,Baker Mayfield,QB,2024,5,REG,2024_05_TB_ATL,TB,ATL,19,24,180,3,0,1,-7,6,42,0,2,0,0,0,0,0,0,0,0,0,,0,0,0,0,0,0,0,0,0,0,0,,0
00-0034857,Josh Allen,QB,2024,5,REG,2024_05_BUF_HOU,BUF,HOU,9,30,131,1,0,1,-5,4,54,0,3,0,0,0,0,0,0,0,0,0,,0,0,0,0,0,0,0,0,0,0,0,,0
00-0034869,Sam Darnold,QB,2024,5,REG,2024_05_NYJ_MIN,MIN,NYJ,14,31,179,0,1,4,-32,5,11,0,2,1,0,0,0,0,0,0,0,0,,0,0,0,0,0,0,0,0,0,0,0,,0
00-0034941,Mitch Wishnowsky,P,2024,5,REG,2024_05_ARI_SF,SF,ARI,0,0,0,0,0,0,0,0,0,0,0,0,0,0,0,0,0,0,1,1,26,0,1,0,0,0,0,0,0,1,41,40,41,0
00-0034960,Jakobi Meyers,WR,2024,5,REG,2024_05_LV_DEN,LV,DEN,0,0,0,0,0,0,0,0,0,0,0,0,6,9,72,0,4,0,0,0,,0,0,0,0,0,0,0,0,0,0,0,,0
00-0034972,Alexander Mattison,RB,2024,5,REG,2024_05_LV_DEN,LV,DEN,0,0,0,0,0,0,0,15,38,0,1,0,2,3,23,0,2,0,0,0,,0,0,0,0,0,0,0,0,0,0,0,,0
00-0034975,Justice Hill,RB,2024,5,REG,2024_05_BAL_CIN,BAL,CIN,0,0,0,0,0,0,0,5,17,0,3,0,1,2,8,0,0,0,0,0,,0,0,0,0,0,0,0,0,0,0,0,,0
00-0034981,Foster Moreau,TE,2024,5,REG,2024_05_NO_KC,NO,KC,0,0,0,0,0,0,0,0,0,0,0,0,2,2,13,1,2,0,0,0,,0,0,0,0,0,0,0,0,0,0,0,,0
00-0035021,Ashton Dulin,WR,2024,5,REG,2024_05_IND_JAX,IND,JAX,0,0,0,0,0,0,0,1,9,0,0,0,0,0,0,0,0,0,0,0,,0,0,0,0,0,0,0,0,0,0,0,,0
00-0035042,Jamie Gillan,P,2024,5,REG,2024_05_NYG_SEA,NYG,SEA,0,0,0,0,0,0,0,0,0,0,0,0,0,0,0,0,0,0,0,0,,0,0,0,0,0,0,0,0,4,186,179,59,1
00-0035125,Alec Ingold,FB,2024,5,REG,2024_05_MIA_NE,MIA,NE,0,0,0,0,0,0,0,1,3,1,1,0,0,0,0,0,0,0,0,0,,0,0,0,0,0,0,0,0,0,0,0,,0
00-0035140,Mecole Hardman,WR,2024,5,REG,2024_05_NO_KC,KC,NO,0,0,0,0,0,0,0,0,0,0,0,0,4,4,33,0,2,0,0,0,,0,0,0,0,0,0,0,0,0,0,0,,0
00-0035145,Austin Seibert,K,2024,5,REG,2024_05_CLE_WAS,WAS,CLE,0,0,0,0,0,0,0,0,0,0,0,0,0,0,0,0,0,0,2,2,30,0,1,1,0,0,0,4,4,0,0,0,,0
00-0035190,AJ Cole,P,2024,5,REG,2024_05_LV_DEN,LV,DEN,0,0,0,0,0,0,0,0,0,0,0,0,0,0,0,0,0,0,0,0,,0,0,0,0,0,0,0,0,5,267,213,61,2
00-0035192,Joey Slye,K,2024,5,REG,2024_05_MIA_NE,NE,MIA,0,0,0,0,0,0,0,0,0,0,0,0,0,0,0,0,0,0,1,2,38,0,0,1,0,0,0,1,1,0,0,0,,0
00-0035208,Olamide Zaccheaus,WR,2024,5,REG,2024_05_CLE_WAS,WAS,CLE,0,0,0,0,0,0,0,0,0,0,0,0,1,3,10,0,0,0,0,0,,0,0,0,0,0,0,0,0,0,0,0,,0
00-0035216,Diontae Johnson,WR,2024,5,REG,2024_05_CAR_CHI,CAR,CHI,0,0,0,0,0,0,0,2,6,0,1,0,3,6,23,0,1,0,0,0,,0,0,0,0,0,0,0,0,0,0,0,,0
00-0035228,Kyler Murray,QB,2024,5,REG,2024_05_ARI_SF,ARI,SF,19,30,195,1,1,1,-6,7,83,1,3,0,0,0,0,0,0,0,0,0,,0,0,0,0,0,0,0,0,0,0,0,,0
00-0035243,Miles Sanders,RB,2024,5,REG,2024_05_CAR_CHI,CAR,CHI,0,0,0,0,0,0,0,2,6,0,0,0,2,3,27,0,1,0,0,0,,0,0,0,0,0,0,0,0,0,0,0,,0
00-0035269,Matt Gay,K,2024,5,REG,2024_05_IND_JAX,IND,JAX,0,0,0,0,0,0,0,0,0,0,0,0,0,0,0,0,0,0,2,2,37,0,0,2,0,0,0,4,4,0,0,0,,0
00-0035280,Jake Bailey,P,2024,5,REG,2024_05_MIA_NE,MIA,NE,0,0,0,0,0,0,0,1,0,0,0,0,0,0,0,0,0,0,0,0,,0,0,0,0,0,0,0,0,2,88,73,46,1
00-0035289,Gardner Minshew,QB,2024,5,REG,2024_05_LV_DEN,LV,DEN,12,17,137,1,2,2,-9,2,22,0,2,0,0,0,0,0,0,0,0,0,,0,0,0,0,0,0,0,0,0,0,0,,0
00-0035311,Myles Gaskin,RB,2024,5,REG,2024_05_NYJ_MIN,MIN,NYJ,0,0,0,0,0,0,0,2,2,0,0,0,1,1,11,0,0,0,0,0,,0,0,0,0,0,0,0,0,0,0,0,,0
00-0035358,Chase McLaughlin,K,2024,5,REG,2024_05_TB_ATL,TB,ATL,0,0,0,0,0,0,0,0,0,0,0,0,0,0,0,0,0,0,3,3,53,0,0,1,0,2,0,3,3,0,0,0,,0
00-0035406,Lil'Jordan Humphrey,WR,2024,5,REG,2024_05_LV_DEN,DEN,LV,0,0,0,0,0,0,0,0,0,0,0,0,2,2,48,0,2,0,0,0,,0,0,0,0,0,0,0,0,0,0,0,,0
00-0035500,Greg Dortch,WR,2024,5,REG,2024_05_ARI_SF,ARI,SF,0,0,0,0,0,0,0,0,0,0,0,0,1,2,7,0,0,0,0,0,,0,0,0,0,0,0,0,0,0,0,0,,0
00-0035535,Darius Slayton,WR,2024,5,REG,2024_05_NYG_SEA,NYG,SEA,0,0,0,0,0,0,0,0,0,0,0,0,8,11,122,1,6,0,0,0,,0,0,0,0,0,0,0,0,0,0,0,,0
00-0035537,Ty Johnson,RB,2024,5,REG,2024_05_BUF_HOU,BUF,HOU,0,0,0,0,0,0,0,3,15,0,1,0,0,0,0,0,0,0,0,0,,0,0,0,0,0,0,0,0,0,0,0,,0
00-0035547,Joseph Fortson,TE,2024,5,REG,2024_05_NO_KC,KC,NO,0,0,0,0,0,0,0,0,0,0,0,0,1,1,5,0,1,0,0,0,,0,0,0,0,0,0,0,0,0,0,0,,0
00-0035628,D'Ernest Johnson,RB,2024,5,REG,2024_05_IND_JAX,JAX,IND,0,0,0,0,0,0,0,1,1,0,0,0,2,3,9,0,0,0,0,0,,0,0,0,0,0,0,0,0,0,0,0,,0
00-0035640,DK Metcalf,WR,2024,5,REG,2024_05_NYG_SEA,SEA,NYG,0,0,0,0,0,0,0,0,0,0,0,0,4,7,55,0,2,1,0,0,,0,0,0,0,0,0,0,0,0,0,0,,0
00-0035644,Noah Fant,TE,2024,5,REG,2024_05_NYG_SEA,SEA,NYG,0,0,0,0,0,0,0,0,0,0,0,0,3,3,24,0,1,0,0,0,,0,0,0,0,0,0,0,0,0,0,0,,0
00-0035659,Terry McLaurin,WR,2024,5,REG,2024_05_CLE_WAS,WAS,CLE,0,0,0,0,0,0,0,1,2,0,0,1,4,8,112,0,4,0,0,0,,0,0,0,0,0,0,0,0,0,0,0,,0
00-0035700,Josh Jacobs,RB,2024,5,REG,2024_05_GB_LA,GB,LA,0,0,0,0,0,0,0,19,73,1,6,0,1,1,21,0,1,0,0,0,,0,0,0,0,0,0,0,0,0,0,0,,0
00-0035710,Daniel Jones,QB,2024,5,REG,2024_05_NYG_SEA,NYG,SEA,23,34,257,2,0,3,-12,11,38,0,3,0,0,0,0,0,0,0,0,0,,0,0,0,0,0,0,0,0,0,0,0,,0
00-0035719,Deebo Samuel Sr.,WR,2024,5,REG,2024_05_ARI_SF,SF,ARI,0,0,0,0,0,0,0,3,9,0,0,0,1,3,11,0,1,0,0,0,,0,0,0,0,0,0,0,0,0,0,0,,0
00-0035821,Corliss Waitman,P,2024,5,REG,2024_05_DAL_PIT,PIT,DAL,0,0,0,0,0,0,0,0,0,0,0,0,0,0,0,0,0,0,0,0,,0,0,0,0,0,0,0,0,5,222,202,48,2
00-0035859,Blake Gillikin,P,2024,5,REG,2024_05_ARI_SF,ARI,SF,0,0,0,0,0,0,0,0,0,0,0,0,0,0,0,0,0,0,0,0,,0,0,0,0,0,0,0,0,2,106,106,60,1
00-0035889,Tommy Townsend,P,2024,5,REG,2024_05_BUF_HOU,HOU,BUF,0,0,0,0,0,0,0,0,0,0,0,0,0,0,0,0,0,0,0,0,,0,0,0,0,0,0,0,0,5,221,216,61,2
00-0035924,Jonathan Ward,RB,2024,5,REG,2024_05_DAL_PIT,PIT,DAL,0,0,0,0,0,0,0,2,9,0,0,0,0,0,0,0,0,0,0,0,,0,0,0,0,0,0,0,0,0,0,0,,0
00-0035993,Tyler Huntley,QB,2024,5,REG,2024_05_MIA_NE,MIA,NE,18,31,194,0,1,3,-15,3,7,0,1,0,0,0,0,0,0,0,0,0,,0,0,0,0,0,0,0,0,0,0,0,,0
00-0036040,Juwan Johnson,TE,2024,5,REG,2024_05_NO_KC,NO,KC,0,0,0,0,0,0,0,0,0,0,0,0,5,5,31,0,2,0,0,0,,0,0,0,0,0,0,0,0,0,0,0,,0
00-0036139,Rico Dowdle,RB,2024,5,REG,2024_05_DAL_PIT,DAL,PIT,0,0,0,0,0,0,0,20,87,0,6,0,2,2,27,1,2,0,0,0,,0,0,0,0,0,0,0,0,0,0,0,,0
00-0036162,Tyler Bass,K,2024,5,REG,2024_05_BUF_HOU,BUF,HOU,0,0,0,0,0,0,0,0,0,0,0,0,0,0,0,0,0,0,2,2,38,0,0,2,0,0,0,2,2,0,0,0,,0
00-0036196,Gabe Davis,WR,2024,5,REG,2024_05_IND_JAX,JAX,IND,0,0,0,0,0,0,0,0,0,0,0,0,3,4,38,0,1,1,0,0,,0,0,0,0,0,0,0,0,0,0,0,,0
00-0036244,Colby Parkinson,TE,2024,5,REG,2024_05_GB_LA,LA,GB,0,0,0,0,0,0,0,0,0,0,0,0,7,13,52,0,1,0,0,0,,0,0,0,0,0,0,0,0,0,0,0,,0
00-0036251,Zack Moss,RB,2024,5,REG,2024_05_BAL_CIN,CIN,BAL,0,0,0,0,0,0,0,9,24,0,0,0,3,4,28,0,1,0,0,0,,0,0,0,0,0,0,0,0,0,0,0,,0
00-0036252,Michael Pittman,WR,2024,5,REG,2024_05_IND_JAX,IND,JAX,0,0,0,0,0,0,0,0,0,0,0,0,5,8,37,1,2,0,0,0,,0,0,0,0,0,0,0,0,0,0,0,,0
00-0036259,Jauan Jennings,WR,2024,5,REG,2024_05_ARI_SF,SF,ARI,0,0,0,0,0,0,0,0,0,0,0,0,1,4,13,0,1,0,0,0,,0,0,0,0,0,0,0,0,0,0,0,,0
00-0036261,Brandon Aiyuk,WR,2024,5,REG,2024_05_ARI_SF,SF,ARI,0,0,0,0,0,0,0,0,0,0,0,0,8,12,147,0,6,0,0,0,,0,0,0,0,0,0,0,0,0,0,0,,0
00-0036264,Jordan Love,QB,2024,5,REG,2024_05_GB_LA,GB,LA,15,26,224,2,1,2,-22,3,10,0,1,0,0,0,0,0,0,0,0,0,,0,0,0,0,0,0,0,0,0,0,0,,0
00-0036275,D'Andre Swift,RB,2024,5,REG,2024_05_CAR_CHI,CHI,CAR,0,0,0,0,0,0,0,21,73,1,5,0,2,2,47,0,1,0,0,0,,0,0,0,0,0,0,0,0,0,0,0,,0
00-0036290,Cole Kmet,TE,2024,5,REG,2024_05_CAR_CHI,CHI,CAR,0,0,0,0,0,0,0,0,0,0,0,0,3,4,57,0,2,0,0,0,,0,0,0,0,0,0,0,0,0,0,0,,0
00-0036309,Darnell Mooney,WR,2024,5,REG,2024_05_TB_ATL,ATL,TB,0,1,0,0,0,0,0,0,0,0,0,0,9,16,105,2,6,0,0,0,,0,0,0,0,0,0,0,0,0,0,0,,0
00-0036322,Justin Jefferson,WR,2024,5,REG,2024_05_NYJ_MIN,MIN,NYJ,0,0,0,0,0,0,0,0,0,0,0,0,6,14,92,0,4,0,0,0,,0,0,0,0,0,0,0,0,0,0,0,,0
00-0036328,Antonio Gibson,RB,2024,5,REG,2024_05_MIA_NE,NE,MIA,0,0,0,0,0,0,0,6,52,0,2,0,1,1,4,0,0,0,0,0,,0,0,0,0,0,0,0,0,0,0,0,,0
00-0036331,Devin Duvernay,WR,2024,5,REG,2024_05_IND_JAX,JAX,IND,0,0,0,0,0,0,0,1,3,0,0,0,0,0,0,0,0,0,0,0,,0,0,0,0,0,0,0,0,0,0,0,,0
00-0036332,Josiah Deguara,TE,2024,5,REG,2024_05_IND_JAX,JAX,IND,0,0,0,0,0,0,0,0,0,0,0,0,1,1,2,0,0,0,0,0,,0,0,0,0,0,0,0,0,0,0,0,,0
00-0036358,CeeDee Lamb,WR,2024,5,REG,2024_05_DAL_PIT,DAL,PIT,0,0,0,0,0,0,0,1,2,0,0,0,5,9,62,0,2,0,0,0,,0,0,0,0,0,0,0,0,0,0,0,,0
00-0036407,Jerry Jeudy,WR,2024,5,REG,2024_05_CLE_WAS,CLE,WAS,0,0,0,0,0,0,0,0,0,0,0,0,1,3,16,0,1,0,0,0,,0,0,0,0,0,0,0,0,0,0,0,,0
00-0036410,Tee Higgins,WR,2024,5,REG,2024_05_BAL_CIN,CIN,BAL,0,0,0,0,0,0,0,0,0,0,0,0,9,14,83,2,6,0,0,0,,0,0,0,0,0,0,0,0,0,0,0,,0
00-0036414,Cam Akers,RB,2024,5,REG,2024_05_BUF_HOU,HOU,BUF,0,0,0,0,0,0,0,9,42,1,2,0,2,3,5,0,0,0,0,0,,0,0,0,0,0,0,0,0,0,0,0,,0
00-0036415,Van Jefferson,WR,2024,5,REG,2024_05_DAL_PIT,PIT,DAL,0,0,0,0,0,0,0,0,0,0,0,0,3,5,26,0,1,0,0,0,,0,0,0,0,0,0,0,0,0,0,0,,0
00-0036422,Adam Trautman,TE,2024,5,REG,2024_05_LV_DEN,DEN,LV,0,0,0,0,0,0,0,0,0,0,0,0,1,1,19,0,1,0,0,0,,0,0,0,0,0,0,0,0,0,0,0,,0
00-0036442,Joe Burrow,QB,2024,5,REG,2024_05_BAL_CIN,CIN,BAL,30,39,392,5,1,3,-21,2,1,0,0,0,0,0,0,0,0,0,0,0,,0,0,0,0,0,0,0,0,0,0,0,,0
00-0036527,DJ Turner,WR,2024,5,REG,2024_05_LV_DEN,LV,DEN,0,0,0,0,0,0,0,1,5,0,0,0,1,4,12,0,1,0,0,0,,0,0,0,0,0,0,0,0,0,0,0,,0
00-0036550,Rashod Bateman,WR,2024,5,REG,2024_05_BAL_CIN,BAL,CIN,0,0,0,0,0,0,0,0,0,0,0,0,4,8,58,1,3,0,0,0,,0,0,0,0,0,0,0,0,0,0,0,,0
00-0036554,Nico Collins,WR,2024,5,REG,2024_05_BUF_HOU,HOU,BUF,0,0,0,0,0,0,0,0,0,0,0,0,2,2,78,1,2,0,0,0,,0,0,0,0,0,0,0,0,0,0,0,,0
00-0036555,Chuba Hubbard,RB,2024,5,REG,2024_05_CAR_CHI,CAR,CHI,0,0,0,0,0,0,0,13,97,1,3,0,4,4,-2,0,0,1,0,0,,0,0,0,0,0,0,0,0,0,0,0,,0
00-0036613,Jaylen Waddle,WR,2024,5,REG,2024_05_MIA_NE,MIA,NE,0,0,0,0,0,0,0,0,0,0,0,0,4,8,46,0,2,0,0,0,,0,0,0,0,0,0,0,0,0,0,0,,0
00-0036626,Dyami Brown,WR,2024,5,REG,2024_05_CLE_WAS,WAS,CLE,0,0,0,0,0,0,0,0,0,0,0,0,2,2,57,1,2,0,0,0,,0,0,0,0,0,0,0,0,0,0,0,,0
00-0036630,Tylan Wallace,WR,2024,5,REG,2024_05_BAL_CIN,BAL,CIN,0,0,0,0,0,0,0,0,0,0,0,0,2,2,31,0,2,0,0,0,,0,0,0,0,0,0,0,0,0,0,0,,0
00-0036637,Noah Gray,TE,2024,5,REG,2024_05_NO_KC,KC,NO,0,0,0,0,0,0,0,0,0,0,0,0,2,2,29,0,2,0,0,0,,0,0,0,0,0,0,0,0,0,0,0,,0
00-0036849,Tutu Atwell,WR,2024,5,REG,2024_05_GB_LA,LA,GB,0,0,0,0,0,0,0,1,7,0,0,0,6,10,58,0,2,0,0,0,,0,0,0,0,0,0,0,0,0,0,0,,0
00-0036854,Evan McPherson,K,2024,5,REG,2024_05_BAL_CIN,CIN,BAL,0,0,0,0,0,0,0,0,0,0,0,0,0,0,0,0,0,0,0,1,,0,0,0,0,0,0,4,4,0,0,0,,0
00-0036875,Rhamondre Stevenson,RB,2024,5,REG,2024_05_MIA_NE,NE,MIA,0,0,0,0,0,0,0,12,89,1,3,0,4,4,3,0,1,0,0,0,,0,0,0,0,0,0,0,0,0,0,0,,0
00-0036887,Luke Farrell,TE,2024,5,REG,2024_05_IND_JAX,JAX,IND,0,0,0,0,0,0,0,0,0,0,0,0,2,2,17,0,1,0,0,0,,0,0,0,0,0,0,0,0,0,0,0,,0
00-0036893,Najee Harris,RB,2024,5,REG,2024_05_DAL_PIT,PIT,DAL,0,0,0,0,0,0,0,14,42,0,4,0,2,2,35,0,2,0,0,0,,0,0,0,0,0,0,0,0,0,0,0,,0
00-0036894,Pat Freiermuth,TE,2024,5,REG,2024_05_DAL_PIT,PIT,DAL,0,0,0,0,0,0,0,0,0,0,0,0,3,3,22,1,2,0,0,0,,0,0,0,0,0,0,0,0,0,0,0,,0
00-0036900,Ja'Marr Chase,WR,2024,5,REG,2024_05_BAL_CIN,CIN,BAL,0,0,0,0,0,0,0,0,0,0,0,0,10,12,193,2,8,0,0,0,,0,0,0,0,0,0,0,0,0,0,0,,0
00-0036945,Justin Fields,QB,2024,5,REG,2024_05_DAL_PIT,PIT,DAL,15,27,131,2,0,3,-16,6,27,0,2,0,0,0,0,0,0,0,0,0,,0,0,0,0,0,0,0,0,0,0,0,,0
00-0036970,Kyle Pitts,TE,2024,5,REG,2024_05_TB_ATL,ATL,TB,0,0,0,0,0,0,0,0,0,0,0,0,7,8,88,0,4,0,0,0,,0,0,0,0,0,0,0,0,0,0,0,,0
00-0036971,Trevor Lawrence,QB,2024,5,REG,2024_05_IND_JAX,JAX,IND,28,34,371,2,1,0,0,2,4,0,2,0,0,0,0,0,0,0,0,0,,0,0,0,0,0,0,0,0,0,0,0,,0
00-0036973,Travis Etienne,RB,2024,5,REG,2024_05_IND_JAX,JAX,IND,0,0,0,0,0,0,0,6,17,0,1,0,6,7,43,0,3,0,0,0,,0,0,0,0,0,0,0,0,0,0,0,,0
00-0036980,Elijah Moore,WR,2024,5,REG,2024_05_CLE_WAS,CLE,WAS,0,0,0,0,0,0,0,0,0,0,0,0,3,4,11,0,0,0,0,0,,0,0,0,0,0,0,0,0,0,0,0,,0
00-0036984,Trey Sermon,RB,2024,5,REG,2024_05_IND_JAX,IND,JAX,0,0,0,0,0,0,0,10,38,1,4,0,6,6,25,0,1,0,0,0,,0,0,0,0,0,0,0,0,0,0,0,,0
00-0036997,Javonte Williams,RB,2024,5,REG,2024_05_LV_DEN,DEN,LV,0,0,0,0,0,0,0,13,61,0,3,0,5,6,50,0,1,0,0,0,,0,0,0,0,0,0,0,0,0,0,0,,0
00-0037004,Hunter Long,TE,2024,5,REG,2024_05_GB_LA,LA,GB,0,0,0,0,0,0,0,0,0,0,0,0,2,2,16,0,0,0,0,0,,0,0,0,0,0,0,0,0,0,0,0,,0
00-0037005,Tommy Tremble,TE,2024,5,REG,2024_05_CAR_CHI,CAR,CHI,0,0,0,0,0,0,0,0,0,0,0,0,1,2,7,0,0,1,0,0,,0,0,0,0,0,0,0,0,0,0,0,,0
00-0037091,Bo Melton,WR,2024,5,REG,2024_05_GB_LA,GB,LA,0,0,0,0,0,0,0,0,0,0,0,0,1,2,12,0,1,0,0,0,,0,0,0,0,0,0,0,0,0,0,0,,0
00-0037097,Trenton Gill,P,2024,5,REG,2024_05_TB_ATL,TB,ATL,0,0,0,0,0,0,0,0,0,0,0,0,0,0,0,0,0,0,0,0,,0,0,0,0,0,0,0,0,2,87,67,45,0
00-0037120,Tyler Goodson,RB,2024,5,REG,2024_05_IND_JAX,IND,JAX,0,0,0,0,0,0,0,5,26,0,1,0,3,3,31,0,1,0,0,0,,0,0,0,0,0,0,0,0,0,0,0,,0
00-0037238,Drake London,WR,2024,5,REG,2024_05_TB_ATL,ATL,TB,0,0,0,0,0,0,0,0,0,0,0,0,12,13,154,1,9,0,0,0,,0,0,0,0,0,0,0,0,0,0,0,,0
00-0037239,Chris Olave,WR,2024,5,REG,2024_05_NO_KC,NO,KC,0,0,0,0,0,0,0,0,0,0,0,0,2,4,10,0,1,0,0,0,,0,0,0,0,0,0,0,0,0,0,0,,0
00-0037247,George Pickens,WR,2024,5,REG,2024_05_DAL_PIT,PIT,DAL,0,0,0,0,0,0,0,0,0,0,0,0,3,7,26,0,1,0,0,0,,0,0,0,0,0,0,0,0,0,0,0,,0
00-0037248,James Cook,RB,2024,5,REG,2024_05_BUF_HOU,BUF,HOU,0,0,0,0,0,0,0,20,82,1,5,0,2,3,17,0,1,0,0,0,,0,0,0,0,0,0,0,0,0,0,0,,0
00-0037256,Rachaad White,RB,2024,5,REG,2024_05_TB_ATL,TB,ATL,0,0,0,0,0,0,0,10,72,0,2,0,3,3,-6,0,0,0,0,0,,0,0,0,0,0,0,0,0,0,0,0,,0
00-0037263,Tyler Allgeier,RB,2024,5,REG,2024_05_TB_ATL,ATL,TB,0,0,0,0,0,0,0,6,12,0,1,0,3,3,13,0,0,0,0,0,,0,0,0,0,0,0,0,0,0,0,0,,0
00-0037267,Jerome Ford,RB,2024,5,REG,2024_05_CLE_WAS,CLE,WAS,0,0,0,0,0,0,0,9,47,0,3,0,3,3,2,0,0,0,0,0,,0,0,0,0,0,0,0,0,0,0,0,,0
00-0037276,Ty Chandler,RB,2024,5,REG,2024_05_NYJ_MIN,MIN,NYJ,0,0,0,0,0,0,0,14,30,0,1,0,2,2,9,0,0,0,0,0,,0,0,0,0,0,0,0,0,0,0,0,,0
00-0037284,Matt Araiza,P,2024,5,REG,2024_05_NO_KC,KC,NO,0,0,0,0,0,0,0,0,0,0,0,0,0,0,0,0,0,0,0,0,,0,0,0,0,0,0,0,0,1,56,46,56,0
00-0037292,Andrew Ogletree,TE,2024,5,REG,2024_05_IND_JAX,IND,JAX,0,0,0,0,0,0,0,0,0,0,0,0,1,1,5,0,0,0,0,0,,0,0,0,0,0,0,0,0,0,0,0,,0
00-0037304,Connor Heyward,FB,2024,5,REG,2024_05_DAL_PIT,PIT,DAL,0,0,0,0,0,0,0,0,0,0,0,0,2,4,23,1,1,0,0,0,,0,0,0,0,0,0,0,0,0,0,0,,0
00-0037382,Brandon Johnson,WR,2024,5,REG,2024_05_DAL_PIT,PIT,DAL,0,0,0,0,0,0,0,0,0,0,0,0,1,1,9,0,0,0,0,0,,0,0,0,0,0,0,0,0,0,0,0,,0
00-0037500,Ryan Wright,P,2024,5,REG,2024_05_NYJ_MIN,MIN,NYJ,0,0,0,0,0,0,0,0,0,0,0,0,0,0,0,0,0,0,0,0,,0,0,0,0,0,0,0,0,4,185,154,58,2
00-0037525,Jordan Mason,RB,2024,5,REG,2024_05_ARI_SF,SF,ARI,0,0,0,0,0,0,0,14,89,0,5,1,1,1,9,0,0,0,0,0,,0,0,0,0,0,0,0,0,0,0,0,,0
00-0037539,Lucas Krull,TE,2024,5,REG,2024_05_LV_DEN,DEN,LV,0,0,0,0,0,0,0,0,0,0,0,0,1,1,5,0,0,0,0,0,,0,0,0,0,0,0,0,0,0,0,0,,0
00-0037545,Rashid Shaheed,WR,2024,5,REG,2024_05_NO_KC,NO,KC,0,0,0,0,0,0,0,0,0,0,0,0,4,9,86,1,3,0,0,0,,0,0,0,0,0,0,0,0,0,0,0,,0
00-0037547,Daniel Whelan,P,2024,5,REG,2024_05_GB_LA,GB,LA,0,0,0,0,0,0,0,0,0,0,0,0,0,0,0,0,0,0,0,0,,0,0,0,0,0,0,0,0,5,186,186,41,1
00-0037609,Aaron Shampklin,RB,2024,5,REG,2024_05_DAL_PIT,PIT,DAL,0,0,0,0,0,0,0,4,14,0,0,0,0,0,0,0,0,0,0,0,,0,0,0,0,0,0,0,0,0,0,0,,0
00-0037664,Alec Pierce,WR,2024,5,REG,2024_05_IND_JAX,IND,JAX,0,0,0,0,0,0,0,0,0,0,0,0,3,3,134,1,3,0,0,0,,0,0,0,0,0,0,0,0,0,0,0,,0
00-0037666,Jalen Tolbert,WR,2024,5,REG,2024_05_DAL_PIT,DAL,PIT,0,0,0,0,0,0,0,0,0,0,0,0,7,10,87,1,4,0,0,0,,0,0,0,0,0,0,0,0,0,0,0,,0
00-0037692,Brandon Aubrey,K,2024,5,REG,2024_05_DAL_PIT,DAL,PIT,0,0,0,0,0,0,0,0,0,0,0,0,0,0,0,0,0,0,2,3,55,0,0,1,0,1,0,2,2,0,0,0,,0
00-0037740,Garrett Wilson,WR,2024,5,REG,2024_05_NYJ_MIN,NYJ,MIN,0,0,0,0,0,0,0,0,0,0,0,0,13,23,101,1,7,0,0,0,,0,0,0,0,0,0,0,0,0,0,0,,0
00-0037744,Trey McBride,TE,2024,5,REG,2024_05_ARI_SF,ARI,SF,0,0,0,0,0,0,0,0,0,0,0,0,6,9,53,0,2,0,0,0,,0,0,0,0,0,0,0,0,0,0,0,,0
00-0037746,Brian Robinson,RB,2024,5,REG,2024_05_CLE_WAS,WAS,CLE,0,0,0,0,0,0,0,7,18,2,2,0,0,0,0,0,0,0,0,0,,0,0,0,0,0,0,0,0,0,0,0,,0
00-0037801,KaVontae Turpin,WR,2024,5,REG,2024_05_DAL_PIT,DAL,PIT,0,0,0,0,0,0,0,1,-6,0,0,0,4,5,50,0,1,0,0,0,,0,0,0,0,0,0,0,0,0,0,0,,0
00-0037834,Brock Purdy,QB,2024,5,REG,2024_05_ARI_SF,SF,ARI,19,35,244,1,2,2,-13,4,33,0,3,0,0,0,0,0,0,0,0,0,,0,0,0,0,0,0,0,0,0,0,0,,0
00-0037837,Calvin Austin III,WR,2024,5,REG,2024_05_DAL_PIT,PIT,DAL,0,0,0,0,0,0,0,0,0,0,0,0,1,2,6,0,0,0,0,0,,0,0,0,0,0,0,0,0,0,0,0,,0
00-0037838,Isaiah Likely,TE,2024,5,REG,2024_05_BAL_CIN,BAL,CIN,0,0,0,0,0,0,0,0,0,0,0,0,3,3,13,2,2,0,0,0,,0,0,0,0,0,0,0,0,0,0,0,,0
00-0037840,Kyren Williams,RB,2024,5,REG,2024_05_GB_LA,LA,GB,0,0,0,0,0,0,0,22,102,1,9,1,1,1,3,0,0,0,0,0,,0,0,0,0,0,0,0,0,0,0,0,,0
00-0038041,Jake Ferguson,TE,2024,5,REG,2024_05_DAL_PIT,DAL,PIT,0,0,0,0,0,0,0,0,0,0,0,0,6,7,70,0,3,0,0,0,,0,0,0,0,0,0,0,0,0,0,0,,0
00-0038046,Charlie Kolar,TE,2024,5,REG,2024_05_BAL_CIN,BAL,CIN,0,0,0,0,0,0,0,1,2,0,1,0,3,4,64,1,2,0,0,0,,0,0,0,0,0,0,0,0,0,0,0,,0
00-0038094,Jordan Stout,P,2024,5,REG,2024_05_BAL_CIN,BAL,CIN,0,0,0,0,0,0,0,0,0,0,0,0,0,0,0,0,0,0,0,0,,0,0,0,0,0,0,0,0,3,168,135,67,1
00-0038098,Pierre Strong,RB,2024,5,REG,2024_05_CLE_WAS,CLE,WAS,0,0,0,0,0,0,0,1,2,0,0,0,0,1,0,0,0,0,0,0,,0,0,0,0,0,0,0,0,0,0,0,,0
00-0038117,Wan'Dale Robinson,WR,2024,5,REG,2024_05_NYG_SEA,NYG,SEA,0,0,0,0,0,0,0,1,4,0,0,0,6,9,36,1,3,0,0,0,,0,0,0,0,0,0,0,0,0,0,0,,0
00-0038120,Breece Hall,RB,2024,5,REG,2024_05_NYJ_MIN,NYJ,MIN,0,0,0,0,0,0,0,9,23,0,2,0,3,4,14,0,0,0,0,0,,0,0,0,0,0,0,0,0,0,0,0,,0
00-0038129,Cade Otton,TE,2024,5,REG,2024_05_TB_ATL,TB,ATL,0,0,0,0,0,0,0,0,0,0,0,0,3,4,44,0,2,0,0,0,,0,0,0,0,0,0,0,0,0,0,0,,0
00-0038134,Kenneth Walker III,RB,2024,5,REG,2024_05_NYG_SEA,SEA,NYG,0,0,0,0,0,0,0,5,19,0,0,0,7,8,57,0,5,0,0,0,,0,0,0,0,0,0,0,0,0,0,0,,0
00-0038359,Xavier Smith,WR,2024,5,REG,2024_05_GB_LA,LA,GB,0,0,0,0,0,0,0,0,0,0,0,0,2,2,6,0,1,0,0,0,,0,0,0,0,0,0,0,0,0,0,0,,0
00-0038393,Dontayvion Wicks,WR,2024,5,REG,2024_05_GB_LA,GB,LA,0,0,0,0,0,0,0,0,0,0,0,0,2,7,20,0,1,0,0,0,,0,0,0,0,0,0,0,0,0,0,0,,0
00-0038394,Will Mallory,TE,2024,5,REG,2024_05_IND_JAX,IND,JAX,0,0,0,0,0,0,0,0,0,0,0,0,1,1,7,0,1,0,0,0,,0,0,0,0,0,0,0,0,0,0,0,,0
00-0038396,Eric Gray,RB,2024,5,REG,2024_05_NYG_SEA,NYG,SEA,0,0,0,0,0,0,0,4,4,0,0,1,3,4,50,0,3,0,0,0,,0,0,0,0,0,0,0,0,0,0,0,,0
00-0038416,Tyson Bagent,QB,2024,5,REG,2024_05_CAR_CHI,CHI,CAR,0,0,0,0,0,0,0,3,-4,0,0,0,0,0,0,0,0,0,0,0,,0,0,0,0,0,0,0,0,0,0,0,,0
00-0038465,Malik Heath,WR,2024,5,REG,2024_05_GB_LA,GB,LA,0,0,0,0,0,0,0,0,0,0,0,0,2,3,14,0,0,0,0,0,,0,0,0,0,0,0,0,0,0,0,0,,0
00-0038542,Bijan Robinson,RB,2024,5,REG,2024_05_TB_ATL,ATL,TB,0,0,0,0,0,0,0,12,61,0,1,0,3,3,16,0,1,0,0,0,,0,0,0,0,0,0,0,0,0,0,0,,0
00-0038543,Jaxon Smith-Njigba,WR,2024,5,REG,2024_05_NYG_SEA,SEA,NYG,0,0,0,0,0,0,0,0,0,0,0,0,4,7,31,1,2,0,0,0,,0,0,0,0,0,0,0,0,0,0,0,,0
00-0038547,Luke Schoonmaker,TE,2024,5,REG,2024_05_DAL_PIT,DAL,PIT,0,0,0,0,0,0,0,0,0,0,0,0,1,2,8,0,0,0,0,0,,0,0,0,0,0,0,0,0,0,0,0,,0
00-0038555,Tank Bigsby,RB,2024,5,REG,2024_05_IND_JAX,JAX,IND,0,0,0,0,0,0,0,13,101,2,3,0,1,1,28,0,1,0,0,0,,0,0,0,0,0,0,0,0,0,0,0,,0
00-0038558,Darnell Washington,TE,2024,5,REG,2024_05_DAL_PIT,PIT,DAL,0,0,0,0,0,0,0,0,0,0,0,0,1,2,5,0,0,0,0,0,,0,0,0,0,0,0,0,0,0,0,0,,0
00-0038559,Michael Wilson,WR,2024,5,REG,2024_05_ARI_SF,ARI,SF,0,0,0,0,0,0,0,0,0,0,0,0,5,6,78,0,4,0,0,0,,0,0,0,0,0,0,0,0,0,0,0,,0
00-0038562,Jake Moody,K,2024,5,REG,2024_05_ARI_SF,SF,ARI,0,0,0,0,0,0,0,0,0,0,0,0,0,0,0,0,0,0,2,2,28,0,2,0,0,0,0,2,2,0,0,0,,0
00-0038563,Tre Tucker,WR,2024,5,REG,2024_05_LV_DEN,LV,DEN,0,0,0,0,0,0,0,2,8,0,0,0,2,5,18,0,1,0,0,0,,0,0,0,0,0,0,0,0,0,0,0,,0
00-0038567,Chad Ryland,K,2024,5,REG,2024_05_ARI_SF,ARI,SF,0,0,0,0,0,0,0,0,0,0,0,0,0,0,0,0,0,0,3,4,42,0,0,2,1,0,0,1,1,0,0,0,,0
00-0038579,Aidan O'Connell,QB,2024,5,REG,2024_05_LV_DEN,LV,DEN,10,20,94,0,1,1,-7,0,0,0,0,0,0,0,0,0,0,0,0,0,,0,0,0,0,0,0,0,0,0,0,0,,0
00-0038597,Chase Brown,RB,2024,5,REG,2024_05_BAL_CIN,CIN,BAL,0,0,0,0,0,0,0,12,46,0,3,0,3,3,8,1,1,0,0,0,,0,0,0,0,0,0,0,0,0,0,0,,0
00-0038608,Kayshon Boutte,WR,2024,5,REG,2024_05_MIA_NE,NE,MIA,0,0,0,0,0,0,0,0,0,0,0,0,2,2,34,0,2,0,0,0,,0,0,0,0,0,0,0,0,0,0,0,,0
00-0038610,Bryce Baringer,P,2024,5,REG,2024_05_MIA_NE,NE,MIA,0,0,0,0,0,0,0,0,0,0,0,0,0,0,0,0,0,0,0,0,,0,0,0,0,0,0,0,0,6,310,238,69,1
00-0038618,Xavier Hutchinson,WR,2024,5,REG,2024_05_BUF_HOU,HOU,BUF,0,0,0,0,0,0,0,0,0,0,0,0,2,3,31,0,1,0,0,0,,0,0,0,0,0,0,0,0,0,0,0,,0
00-0038619,Andrei Iosivas,WR,2024,5,REG,2024_05_BAL_CIN,CIN,BAL,0,0,0,0,0,0,0,0,0,0,0,0,1,2,39,0,1,0,0,0,,0,0,0,0,0,0,0,0,0,0,0,,0
00-0038621,DeMario Douglas,WR,2024,5,REG,2024_05_MIA_NE,NE,MIA,0,0,0,0,0,0,0,0,0,0,0,0,6,9,59,0,3,0,0,0,,0,0,0,0,0,0,0,0,0,0,0,,0
00-0038640,Jalen Brooks,WR,2024,5,REG,2024_05_DAL_PIT,DAL,PIT,0,0,0,0,0,0,0,0,0,0,0,0,1,1,10,0,0,0,0,0,,0,0,0,0,0,0,0,0,0,0,0,,0
00-0038705,Emari Demercado,RB,2024,5,REG,2024_05_ARI_SF,ARI,SF,0,0,0,0,0,0,0,0,0,0,0,0,1,1,0,0,0,0,0,0,,0,0,0,0,0,0,0,0,0,0,0,,0
00-0038738,Hunter Luepke,RB,2024,5,REG,2024_05_DAL_PIT,DAL,PIT,0,0,0,0,0,0,0,2,6,0,1,0,1,1,18,0,1,0,0,0,,0,0,0,0,0,0,0,0,0,0,0,,0
00-0038752,Jake Bobo,WR,2024,5,REG,2024_05_NYG_SEA,SEA,NYG,0,0,0,0,0,0,0,0,0,0,0,0,1,1,3,0,0,0,0,0,,0,0,0,0,0,0,0,0,0,0,0,,0
00-0038783,Nate Adkins,TE,2024,5,REG,2024_05_LV_DEN,DEN,LV,0,0,0,0,0,0,0,0,0,0,0,0,1,1,8,0,0,0,0,0,,0,0,0,0,0,0,0,0,0,0,0,,0
00-0038794,Jaleel McLaughlin,RB,2024,5,REG,2024_05_LV_DEN,DEN,LV,0,0,0,0,0,0,0,6,22,0,0,0,3,4,3,1,1,0,0,0,,0,0,0,0,0,0,0,0,0,0,0,,0
00-0038797,Emanuel Wilson,RB,2024,5,REG,2024_05_GB_LA,GB,LA,0,0,0,0,0,0,0,6,24,0,1,0,1,1,-9,0,0,0,0,0,,0,0,0,0,0,0,0,0,0,0,0,,0
00-0038840,Brycen Tremayne,WR,2024,5,REG,2024_05_CLE_WAS,WAS,CLE,0,0,0,0,0,0,0,0,0,0,0,0,1,1,-2,0,0,0,0,0,,0,0,0,0,0,0,0,0,0,0,0,,0
00-0038905,Blake Grupe,K,2024,5,REG,2024_05_NO_KC,NO,KC,0,0,0,0,0,0,0,0,0,0,0,0,0,0,0,0,0,0,0,0,,0,0,0,0,0,0,1,2,0,0,0,,0
00-0038933,Dalton Kincaid,TE,2024,5,REG,2024_05_BUF_HOU,BUF,HOU,0,0,0,0,0,0,0,0,0,0,0,0,2,6,34,0,1,0,0,0,,0,0,0,0,0,0,0,0,0,0,0,,0
00-0038935,Brenton Strange,TE,2024,5,REG,2024_05_IND_JAX,JAX,IND,0,0,0,0,0,0,0,0,0,0,0,0,4,4,24,1,2,0,0,0,,0,0,0,0,0,0,0,0,0,0,0,,0
00-0038976,Marvin Mims Jr.,WR,2024,5,REG,2024_05_LV_DEN,DEN,LV,0,0,0,0,0,0,0,1,17,0,1,0,1,1,7,0,0,0,0,0,,0,0,0,0,0,0,0,0,0,0,0,,0
00-0038977,Tank Dell,WR,2024,5,REG,2024_05_BUF_HOU,HOU,BUF,0,0,0,0,0,0,0,1,-5,0,0,0,4,4,38,0,1,0,0,0,,0,0,0,0,0,0,0,0,0,0,0,,0
00-0038994,Jordan Addison,WR,2024,5,REG,2024_05_NYJ_MIN,MIN,NYJ,0,0,0,0,0,0,0,0,0,0,0,0,3,8,36,0,1,0,0,0,,0,0,0,0,0,0,0,0,0,0,0,,0
00-0038996,Tucker Kraft,TE,2024,5,REG,2024_05_GB_LA,GB,LA,0,0,0,0,0,0,0,0,0,0,0,0,4,5,88,2,3,0,0,0,,0,0,0,0,0,0,0,0,0,0,0,,0
00-0038997,Josh Downs,WR,2024,5,REG,2024_05_IND_JAX,IND,JAX,0,0,0,0,0,0,0,0,0,0,0,0,9,12,69,0,5,0,0,0,,0,0,0,0,0,0,0,0,0,0,0,,0
00-0038998,Jake Haener,QB,2024,5,REG,2024_05_NO_KC,NO,KC,2,7,17,0,0,0,0,2,11,0,0,0,0,0,0,0,0,0,0,0,,0,0,0,0,0,0,0,0,0,0,0,,0
00-0039021,Roschon Johnson,RB,2024,5,REG,2024_05_CAR_CHI,CHI,CAR,0,0,0,0,0,0,0,10,25,2,3,0,0,0,0,0,0,0,0,0,,0,0,0,0,0,0,0,0,0,0,0,,0
00-0039040,De'Von Achane,RB,2024,5,REG,2024_05_MIA_NE,MIA,NE,0,0,0,0,0,0,0,3,18,0,1,0,1,1,-1,0,0,0,0,0,,0,0,0,0,0,0,0,0,0,0,0,,0
00-0039041,Elijah Higgins,TE,2024,5,REG,2024_05_ARI_SF,ARI,SF,0,0,0,0,0,0,0,0,0,0,0,0,1,1,2,1,1,0,0,0,,0,0,0,0,0,0,0,0,0,0,0,,0
00-0039059,Ethan Evans,P,2024,5,REG,2024_05_GB_LA,LA,GB,0,0,0,0,0,0,0,0,0,0,0,0,0,0,0,0,0,0,0,0,,0,0,0,0,0,0,0,0,3,129,129,51,3
00-0039062,Jonathan Mingo,WR,2024,5,REG,2024_05_CAR_CHI,CAR,CHI,0,0,0,0,0,0,0,0,0,0,0,0,2,5,37,0,1,0,0,0,,0,0,0,0,0,0,0,0,0,0,0,,0
00-0039064,Zay Flowers,WR,2024,5,REG,2024_05_BAL_CIN,BAL,CIN,0,0,0,0,0,0,0,1,9,0,0,0,7,12,111,0,6,0,0,0,,0,0,0,0,0,0,0,0,0,0,0,,0
00-0039074,Davis Allen,TE,2024,5,REG,2024_05_GB_LA,LA,GB,0,0,0,0,0,0,0,0,0,0,0,0,0,1,0,0,0,0,0,0,,0,0,0,0,0,0,0,0,0,0,0,,0
00-0039146,Jayden Reed,WR,2024,5,REG,2024_05_GB_LA,GB,LA,0,0,0,0,0,0,0,2,19,0,1,0,4,6,78,0,2,0,0,0,,0,0,0,0,0,0,0,0,0,0,0,,0
00-0039150,Bryce Young,QB,2024,5,REG,2024_05_CAR_CHI,CAR,CHI,4,7,58,0,0,1,-2,1,8,0,0,0,0,0,0,0,0,0,0,0,,0,0,0,0,0,0,0,0,0,0,0,,0
00-0039163,C.J. Stroud,QB,2024,5,REG,2024_05_BUF_HOU,HOU,BUF,28,38,331,1,1,1,0,3,27,0,2,0,0,0,0,0,0,0,0,0,,0,0,0,0,0,0,0,0,0,0,0,,0
00-0039165,Zach Charbonnet,RB,2024,5,REG,2024_05_NYG_SEA,SEA,NYG,0,0,0,0,0,0,0,2,11,0,1,0,3,5,19,0,0,0,0,0,,0,0,0,0,0,0,0,0,0,0,0,,0
00-0039323,Ryan Rehkow,P,2024,5,REG,2024_05_BAL_CIN,CIN,BAL,0,0,0,0,0,0,0,0,0,0,0,0,0,0,0,0,0,0,0,0,,0,0,0,0,0,0,0,0,5,253,242,66,4
00-0039325,Carson Steele,RB,2024,5,REG,2024_05_NO_KC,KC,NO,0,0,0,0,0,0,0,5,12,0,2,0,0,0,0,0,0,0,0,0,,0,0,0,0,0,0,0,0,0,0,0,,0
00-0039338,Brock Bowers,TE,2024,5,REG,2024_05_LV_DEN,LV,DEN,0,0,0,0,0,0,0,0,0,0,0,0,8,12,97,1,4,0,0,0,,0,0,0,0,0,0,0,0,0,0,0,,0
00-0039342,Xavier Legette,WR,2024,5,REG,2024_05_CAR_CHI,CAR,CHI,0,0,0,0,0,0,0,0,0,0,0,0,1,1,8,0,1,0,0,0,,0,0,0,0,0,0,0,0,0,0,0,,0
00-0039355,Luke McCaffrey,WR,2024,5,REG,2024_05_CLE_WAS,WAS,CLE,0,0,0,0,0,0,0,0,0,0,0,0,3,3,19,0,1,0,0,0,,0,0,0,0,0,0,0,0,0,0,0,,0
00-0039356,Ja'Tavion Sanders,TE,2024,5,REG,2024_05_CAR_CHI,CAR,CHI,0,0,0,0,0,0,0,0,0,0,0,0,3,5,13,0,1,0,0,0,,0,0,0,0,0,0,0,0,0,0,0,,0
00-0039359,Cade Stover,TE,2024,5,REG,2024_05_BUF_HOU,HOU,BUF,0,0,0,0,0,0,0,0,0,0,0,0,2,2,6,0,0,0,0,0,,0,0,0,0,0,0,0,0,0,0,0,,0
00-0039361,Bucky Irving,RB,2024,5,REG,2024_05_TB_ATL,TB,ATL,0,0,0,0,0,0,0,9,44,0,3,1,2,2,12,0,0,0,0,0,,0,0,0,0,0,0,0,0,0,0,0,,0
00-0039363,Isaac Guerendo,RB,2024,5,REG,2024_05_ARI_SF,SF,ARI,0,0,0,0,0,0,0,5,22,0,1,0,0,0,0,0,0,0,0,0,,0,0,0,0,0,0,0,0,0,0,0,,0
00-0039384,Tyrone Tracy Jr.,RB,2024,5,REG,2024_05_NYG_SEA,NYG,SEA,0,0,0,0,0,0,0,18,129,0,5,0,1,2,1,0,0,0,0,0,,0,0,0,0,0,0,0,0,0,0,0,,0
00-0039404,Will Reichard,K,2024,5,REG,2024_05_NYJ_MIN,MIN,NYJ,0,0,0,0,0,0,0,0,0,0,0,0,0,0,0,0,0,0,3,3,54,0,0,0,1,2,0,2,2,0,0,0,,0
00-0039409,Cam Little,K,2024,5,REG,2024_05_IND_JAX,JAX,IND,0,0,0,0,0,0,0,0,0,0,0,0,0,0,0,0,0,0,3,3,49,0,1,1,1,0,0,4,4,0,0,0,,0
00-0039491,Jalen Coker,WR,2024,5,REG,2024_05_CAR_CHI,CAR,CHI,0,0,0,0,0,0,0,0,0,0,0,0,4,4,68,0,4,0,0,0,,0,0,0,0,0,0,0,0,0,0,0,,0
00-0039530,Brevyn Spann-Ford,TE,2024,5,REG,2024_05_DAL_PIT,DAL,PIT,0,0,0,0,0,0,0,0,0,0,0,0,2,3,20,0,1,0,0,0,,0,0,0,0,0,0,0,0,0,0,0,,0
00-0039611,Matthew Hayball,P,2024,5,REG,2024_05_NO_KC,NO,KC,0,0,0,0,0,0,0,0,0,0,0,0,0,0,0,0,0,0,0,0,,0,0,0,0,0,0,0,0,4,199,167,53,1
00-0039623,Mason Tipton,WR,2024,5,REG,2024_05_NO_KC,NO,KC,0,0,0,0,0,0,0,0,0,0,0,0,1,4,2,0,0,0,0,0,,0,0,0,0,0,0,0,0,0,0,0,,0
00-0039649,Brayden Narveson,K,2024,5,REG,2024_05_GB_LA,GB,LA,0,0,0,0,0,0,0,0,0,0,0,0,0,0,0,0,0,0,1,1,46,0,0,0,1,0,0,3,3,0,0,0,,0
00-0039732,Bo Nix,QB,2024,5,REG,2024_05_LV_DEN,DEN,LV,19,27,206,2,0,3,-26,8,9,1,2,0,0,0,0,0,0,0,0,0,,0,0,0,0,0,0,0,0,0,0,0,,0
00-0039737,Tip Reiman,TE,2024,5,REG,2024_05_ARI_SF,ARI,SF,0,0,0,0,0,0,0,0,0,0,0,0,1,1,5,0,0,0,0,0,,0,0,0,0,0,0,0,0,0,0,0,,0
00-0039738,Blake Corum,RB,2024,5,REG,2024_05_GB_LA,LA,GB,0,0,0,0,0,0,0,5,25,0,3,0,1,1,8,0,0,0,0,0,,0,0,0,0,0,0,0,0,0,0,0,,0
00-0039745,Tory Taylor,P,2024,5,REG,2024_05_CAR_CHI,CHI,CAR,0,0,0,0,0,0,0,0,0,0,0,0,0,0,0,0,0,0,0,0,,0,0,0,0,0,0,0,0,4,178,158,49,1
00-0039750,Joshua Karty,K,2024,5,REG,2024_05_GB_LA,LA,GB,0,0,0,0,0,0,0,0,0,0,0,0,0,0,0,0,0,0,0,0,,0,0,0,0,0,0,1,2,0,0,0,,0
00-0039751,Jordan Whittington,WR,2024,5,REG,2024_05_GB_LA,LA,GB,0,0,0,0,0,0,0,0,0,0,0,0,7,10,89,0,4,0,0,0,,0,0,0,0,0,0,0,0,0,0,0,,0
00-0039793,AJ Barner,TE,2024,5,REG,2024_05_NYG_SEA,SEA,NYG,0,0,0,0,0,0,0,0,0,0,0,0,1,1,13,0,1,0,0,0,,0,0,0,0,0,0,0,0,0,0,0,,0
00-0039794,Braelon Allen,RB,2024,5,REG,2024_05_NYJ_MIN,NYJ,MIN,0,0,0,0,0,0,0,5,13,0,0,0,1,2,15,0,1,0,0,0,,0,0,0,0,0,0,0,0,0,0,0,,0
00-0039814,Erick All,TE,2024,5,REG,2024_05_BAL_CIN,CIN,BAL,0,0,0,0,0,0,0,0,0,0,0,0,2,2,10,0,0,0,0,0,,0,0,0,0,0,0,0,0,0,0,0,,0
00-0039847,Theo Johnson,TE,2024,5,REG,2024_05_NYG_SEA,NYG,SEA,0,0,0,0,0,0,0,0,0,0,0,0,5,5,48,0,2,0,0,0,,0,0,0,0,0,0,0,0,0,0,0,,0
00-0039849,Marvin Harrison Jr.,WR,2024,5,REG,2024_05_ARI_SF,ARI,SF,0,0,0,0,0,0,0,0,0,0,0,0,2,7,36,0,2,0,0,0,,0,0,0,0,0,0,0,0,0,0,0,,0
00-0039868,Troy Franklin,WR,2024,5,REG,2024_05_LV_DEN,DEN,LV,0,0,0,0,0,0,0,0,0,0,0,0,1,2,20,0,1,0,0,0,,0,0,0,0,0,0,0,0,0,0,0,,0
00-0039874,Jaylen Wright,RB,2024,5,REG,2024_05_MIA_NE,MIA,NE,0,0,0,0,0,0,0,13,86,0,4,0,0,0,0,0,0,0,0,0,,0,0,0,0,0,0,0,0,0,0,0,,0
00-0039875,Ray Davis,RB,2024,5,REG,2024_05_BUF_HOU,BUF,HOU,0,0,0,0,0,0,0,0,0,0,0,0,1,2,4,0,0,0,0,0,,0,0,0,0,0,0,0,0,0,0,0,,0
00-0039890,Adonai Mitchell,WR,2024,5,REG,2024_05_IND_JAX,IND,JAX,1,1,24,0,0,0,0,1,4,0,0,0,4,7,38,0,2,0,0,0,,0,0,0,0,0,0,0,0,0,0,0,,0
00-0039893,Brian Thomas Jr.,WR,2024,5,REG,2024_05_IND_JAX,JAX,IND,0,0,0,0,0,0,0,0,0,0,0,0,5,8,122,1,3,0,0,0,,0,0,0,0,0,0,0,0,0,0,0,,0
00-0039894,Xavier Worthy,WR,2024,5,REG,2024_05_NO_KC,KC,NO,0,0,0,0,0,0,0,1,3,1,1,0,3,6,25,0,1,0,0,0,,0,0,0,0,0,0,0,0,0,0,0,,0
00-0039896,Zach Frazier,C,2024,5,REG,2024_05_DAL_PIT,PIT,DAL,0,0,0,0,0,0,0,0,0,0,0,0,0,0,-2,0,0,0,0,0,,0,0,0,0,0,0,0,0,0,0,0,,0
00-0039901,Keon Coleman,WR,2024,5,REG,2024_05_BUF_HOU,BUF,HOU,0,0,0,0,0,0,0,0,0,0,0,0,1,5,49,1,1,0,0,0,,0,0,0,0,0,0,0,0,0,0,0,,0
00-0039907,Ja'Lynn Polk,WR,2024,5,REG,2024_05_MIA_NE,NE,MIA,0,0,0,0,0,0,0,0,0,0,0,0,1,6,13,0,1,0,0,0,,0,0,0,0,0,0,0,0,0,0,0,,0
00-0039910,Jayden Daniels,QB,2024,5,REG,2024_05_CLE_WAS,WAS,CLE,14,25,238,1,1,3,-17,11,82,0,4,0,0,0,0,0,0,0,0,0,,0,0,0,0,0,0,0,0,0,0,0,,0
00-0039918,Caleb Williams,QB,2024,5,REG,2024_05_CAR_CHI,CHI,CAR,20,29,304,2,0,1,-8,5,34,0,3,0,0,0,0,0,0,0,0,0,,0,0,0,0,0,0,0,0,0,0,0,,0
00-0039919,Rome Odunze,WR,2024,5,REG,2024_05_CAR_CHI,CHI,CAR,0,0,0,0,0,0,0,0,0,0,0,0,5,6,40,0,3,0,0,0,,0,0,0,0,0,0,0,0,0,0,0,,0
00-0023459,Aaron Rodgers,QB,2024,6,REG,2024_06_BUF_NYJ,NYJ,BUF,23,35,294,2,1,3,-22,0,0,0,0,0,0,0,0,0,0,0,0,0,,0,0,0,0,0,0,0,0,0,0,0,,0
00-0024243,Marcedes Lewis,TE,2024,6,REG,2024_06_JAX_CHI,CHI,JAX,0,0,0,0,0,0,0,0,0,0,0,0,1,1,2,0,1,0,0,0,,0,0,0,0,0,0,0,0,0,0,0,,0
00-0025565,Nick Folk,K,2024,6,REG,2024_06_IND_TEN,TEN,IND,0,0,0,0,0,0,0,0,0,0,0,0,0,0,0,0,0,0,1,1,44,0,0,0,1,0,0,2,2,0,0,0,,0
00-0026158,Joe Flacco,QB,2024,6,REG,2024_06_IND_TEN,IND,TEN,22,38,189,2,1,0,0,1,1,0,0,0,0,0,0,0,0,0,0,0,,0,0,0,0,0,0,0,0,0,0,0,,0
00-0027114,Thomas Morstead,P,2024,6,REG,2024_06_BUF_NYJ,NYJ,BUF,0,0,0,0,0,0,0,0,0,0,0,0,0,0,0,0,0,0,0,0,,0,0,0,0,0,0,0,0,2,96,76,51,0
00-0027973,Andy Dalton,QB,2024,6,REG,2024_06_ATL_CAR,CAR,ATL,26,38,221,2,2,0,0,3,21,0,1,0,0,0,0,0,0,0,0,0,,0,0,0,0,0,0,0,0,0,0,0,,0
00-0028872,Johnny Hekker,P,2024,6,REG,2024_06_ATL_CAR,CAR,ATL,0,0,0,0,0,0,0,0,0,0,0,0,0,0,0,0,0,0,0,0,,0,0,0,0,0,0,0,0,3,120,91,58,1
00-0029597,Justin Tucker,K,2024,6,REG,2024_06_WAS_BAL,BAL,WAS,0,0,0,0,0,0,0,0,0,0,0,0,0,0,0,0,0,0,3,3,45,0,0,2,1,0,0,3,3,0,0,0,,0
00-0029604,Kirk Cousins,QB,2024,6,REG,2024_06_ATL_CAR,ATL,CAR,19,30,225,1,0,0,0,4,-5,0,0,0,0,0,0,0,0,0,0,0,,0,0,0,0,0,0,0,0,0,0,0,,0
00-0029621,Greg Zuerlein,K,2024,6,REG,2024_06_BUF_NYJ,NYJ,BUF,0,0,0,0,0,0,0,0,0,0,0,0,0,0,0,0,0,0,2,4,34,0,1,1,0,0,0,2,2,0,0,0,,0
00-0029692,Bryan Anger,P,2024,6,REG,2024_06_DET_DAL,DAL,DET,0,0,0,0,0,0,0,0,0,0,0,0,0,0,0,0,0,0,0,0,,0,0,0,0,0,0,0,0,2,93,87,55,0
00-0029892,Kyle Juszczyk,FB,2024,6,REG,2024_06_SF_SEA,SF,SEA,0,0,0,0,0,0,0,1,6,1,1,0,3,4,10,0,0,0,0,0,,0,0,0,0,0,0,0,0,0,0,0,,0
00-0030061,Zach Ertz,TE,2024,6,REG,2024_06_WAS_BAL,WAS,BAL,0,0,0,0,0,0,0,0,0,0,0,0,4,5,68,0,4,0,0,0,,0,0,0,0,0,0,0,0,0,0,0,,0
00-0030092,Sam Martin,P,2024,6,REG,2024_06_BUF_NYJ,BUF,NYJ,0,0,0,0,0,0,0,0,0,0,0,0,0,0,0,0,0,0,0,0,,0,0,0,0,0,0,0,0,3,159,131,62,0
00-0030098,Dustin Hopkins,K,2024,6,REG,2024_06_CLE_PHI,CLE,PHI,0,0,0,0,0,0,0,0,0,0,0,0,0,0,0,0,0,0,3,4,49,0,0,1,2,0,0,1,1,0,0,0,,0
00-0030140,Tress Way,P,2024,6,REG,2024_06_WAS_BAL,WAS,BAL,0,0,0,0,0,0,0,0,0,0,0,0,0,0,0,0,0,0,0,0,,0,0,0,0,0,0,0,0,3,127,123,54,2
00-0030279,Keenan Allen,WR,2024,6,REG,2024_06_JAX_CHI,CHI,JAX,0,0,0,0,0,0,0,0,0,0,0,0,5,5,41,2,5,0,0,0,,0,0,0,0,0,0,0,0,0,0,0,,0
00-0030564,DeAndre Hopkins,WR,2024,6,REG,2024_06_IND_TEN,TEN,IND,0,0,0,0,0,0,0,0,0,0,0,0,4,6,54,0,3,0,0,0,,0,0,0,0,0,0,0,0,0,0,0,,0
00-0030565,Geno Smith,QB,2024,6,REG,2024_06_SF_SEA,SEA,SF,30,52,312,1,2,1,-6,1,0,0,0,0,0,0,0,0,0,0,0,0,,0,0,0,0,0,0,0,0,0,0,0,,0
00-0031136,Chris Boswell,K,2024,6,REG,2024_06_PIT_LV,PIT,LV,0,0,0,0,0,0,0,0,0,0,0,0,0,0,0,0,0,0,4,4,52,0,0,2,1,1,0,2,2,0,0,0,,0
00-0031203,Cairo Santos,K,2024,6,REG,2024_06_JAX_CHI,CHI,JAX,0,0,0,0,0,0,0,0,0,0,0,0,0,0,0,0,0,0,0,1,,0,0,0,0,0,0,5,5,0,0,0,,0
00-0031408,Mike Evans,WR,2024,6,REG,2024_06_TB_NO,TB,NO,0,0,0,0,0,0,0,0,0,0,0,0,2,6,34,0,2,0,0,0,,0,0,0,0,0,0,0,0,0,0,0,,0
00-0031428,Allen Robinson,WR,2024,6,REG,2024_06_DET_DAL,DET,DAL,0,0,0,0,0,0,0,0,0,0,0,0,0,1,0,0,0,0,0,0,,0,0,0,0,0,0,0,0,0,0,0,,0
00-0031492,Jason Myers,K,2024,6,REG,2024_06_SF_SEA,SEA,SF,0,0,0,0,0,0,0,0,0,0,0,0,0,0,0,0,0,0,1,1,20,0,1,0,0,0,0,3,3,0,0,0,,0
00-0031544,Amari Cooper,WR,2024,6,REG,2024_06_CLE_PHI,CLE,PHI,0,0,0,0,0,0,0,0,0,0,0,0,4,6,42,0,1,0,0,0,,0,0,0,0,0,0,0,0,0,0,0,,0
00-0031549,Nelson Agholor,WR,2024,6,REG,2024_06_WAS_BAL,BAL,WAS,0,0,0,0,0,0,0,0,0,0,0,0,1,3,25,0,1,0,0,0,,0,0,0,0,0,0,0,0,0,0,0,,0
00-0031588,Stefon Diggs,WR,2024,6,REG,2024_06_HOU_NE,HOU,NE,0,0,0,0,0,0,0,0,0,0,0,0,6,7,77,1,5,0,0,0,,0,0,0,0,0,0,0,0,0,0,0,,0
00-0032065,Bradley Pinion,P,2024,6,REG,2024_06_ATL_CAR,ATL,CAR,0,0,0,0,0,0,0,0,0,0,0,0,0,0,0,0,0,0,0,0,,0,0,0,0,0,0,0,0,1,52,40,52,0
00-0032104,Ameer Abdullah,RB,2024,6,REG,2024_06_PIT_LV,LV,PIT,0,0,0,0,0,0,0,4,24,0,0,1,3,5,14,0,2,0,0,0,,0,0,0,0,0,0,0,0,0,0,0,,0
00-0032211,Tyler Lockett,WR,2024,6,REG,2024_06_SF_SEA,SEA,SF,0,0,0,0,0,0,0,0,0,0,0,0,4,8,65,1,4,0,0,0,,0,0,0,0,0,0,0,0,0,0,0,,0
00-0032381,Taylor Decker,OT,2024,6,REG,2024_06_DET_DAL,DET,DAL,0,0,0,0,0,0,0,0,0,0,0,0,0,1,0,0,0,0,0,0,,0,0,0,0,0,0,0,0,0,0,0,,0
00-0032385,Sterling Shepard,WR,2024,6,REG,2024_06_TB_NO,TB,NO,0,0,0,0,0,0,0,4,31,0,1,0,3,4,23,0,1,0,0,0,,0,0,0,0,0,0,0,0,0,0,0,,0
00-0032392,Austin Hooper,TE,2024,6,REG,2024_06_HOU_NE,NE,HOU,0,0,0,0,0,0,0,0,0,0,0,0,1,2,5,0,0,1,0,0,,0,0,0,0,0,0,0,0,0,0,0,,0
00-0032464,Kalif Raymond,WR,2024,6,REG,2024_06_DET_DAL,DET,DAL,0,0,0,0,0,0,0,0,0,0,0,0,4,6,73,0,3,0,0,0,,0,0,0,0,0,0,0,0,0,0,0,,0
00-0032569,Wil Lutz,K,2024,6,REG,2024_06_LAC_DEN,DEN,LAC,0,0,0,0,0,0,0,0,0,0,0,0,0,0,0,0,0,0,1,1,40,0,0,0,1,0,0,1,1,0,0,0,,0
00-0032726,Ka'imi Fairbairn,K,2024,6,REG,2024_06_HOU_NE,HOU,NE,0,0,0,0,0,0,0,0,0,0,0,0,0,0,0,0,0,0,2,3,46,0,0,1,1,0,0,5,5,0,0,0,,0
00-0032764,Derrick Henry,RB,2024,6,REG,2024_06_WAS_BAL,BAL,WAS,0,0,0,0,0,0,0,24,132,2,6,0,0,0,0,0,0,0,0,0,,0,0,0,0,0,0,0,0,0,0,0,,0
00-0032943,Riley Dixon,P,2024,6,REG,2024_06_LAC_DEN,DEN,LAC,0,0,0,0,0,0,0,0,0,0,0,0,0,0,0,0,0,0,0,0,,0,0,0,0,0,0,0,0,5,233,207,54,3
00-0033009,Tyler Boyd,WR,2024,6,REG,2024_06_IND_TEN,TEN,IND,0,0,0,0,0,0,0,0,0,0,0,0,3,3,19,0,1,0,0,0,,0,0,0,0,0,0,0,0,0,0,0,,0
00-0033045,Ezekiel Elliott,RB,2024,6,REG,2024_06_DET_DAL,DAL,DET,0,0,0,0,0,0,0,8,17,0,0,0,0,0,0,0,0,0,0,0,,0,0,0,0,0,0,0,0,0,0,0,,0
00-0033077,Dak Prescott,QB,2024,6,REG,2024_06_DET_DAL,DAL,DET,17,33,178,0,2,4,-26,1,1,0,0,0,0,0,0,0,0,0,0,0,,0,0,0,0,0,0,0,0,0,0,0,,0
00-0033090,Hunter Henry,TE,2024,6,REG,2024_06_HOU_NE,NE,HOU,0,0,0,0,0,0,0,0,0,0,0,0,3,5,41,1,3,0,0,0,,0,0,0,0,0,0,0,0,0,0,0,,0
00-0033106,Jared Goff,QB,2024,6,REG,2024_06_DET_DAL,DET,DAL,18,25,315,3,0,2,-17,3,5,0,0,0,0,0,0,0,0,0,0,0,,0,0,0,0,0,0,0,0,0,0,0,,0
00-0033217,Mo Alie-Cox,TE,2024,6,REG,2024_06_IND_TEN,IND,TEN,0,0,0,0,0,0,0,0,0,0,0,0,4,4,41,0,1,0,0,0,,0,0,0,0,0,0,0,0,0,0,0,,0
00-0033269,Rigoberto Sanchez,P,2024,6,REG,2024_06_IND_TEN,IND,TEN,0,0,0,0,0,0,0,0,0,0,0,0,0,0,0,0,0,0,0,0,,0,0,0,0,0,0,0,0,5,271,242,60,3
00-0033282,Curtis Samuel,WR,2024,6,REG,2024_06_BUF_NYJ,BUF,NYJ,0,0,0,0,0,0,0,0,0,0,0,0,3,4,44,0,1,0,0,0,,0,0,0,0,0,0,0,0,0,0,0,,0
00-0033288,George Kittle,TE,2024,6,REG,2024_06_SF_SEA,SF,SEA,0,0,0,0,0,0,0,0,0,0,0,0,5,6,58,2,3,0,0,0,,0,0,0,0,0,0,0,0,0,0,0,,0
00-0033307,Kendrick Bourne,WR,2024,6,REG,2024_06_HOU_NE,NE,HOU,0,0,0,0,0,0,0,0,0,0,0,0,2,2,9,0,0,0,0,0,,0,0,0,0,0,0,0,0,0,0,0,,0
00-0033375,Tim Patrick,WR,2024,6,REG,2024_06_DET_DAL,DET,DAL,0,0,0,0,0,0,0,0,0,0,0,0,3,3,68,0,2,0,0,0,,0,0,0,0,0,0,0,0,0,0,0,,0
00-0033400,Matt Haack,P,2024,6,REG,2024_06_CIN_NYG,NYG,CIN,0,0,0,0,0,0,0,0,0,0,0,0,0,0,0,0,0,0,0,0,,0,0,0,0,0,0,0,0,4,187,174,55,2
00-0033536,Mike Williams,WR,2024,6,REG,2024_06_BUF_NYJ,NYJ,BUF,0,0,0,0,0,0,0,0,0,0,0,0,0,3,0,0,0,0,0,0,,0,0,0,0,0,0,0,0,0,0,0,,0
00-0033537,Deshaun Watson,QB,2024,6,REG,2024_06_CLE_PHI,CLE,PHI,16,23,168,0,0,5,-24,4,17,0,1,0,0,0,0,0,0,0,0,0,,0,0,0,0,0,0,0,0,0,0,0,,0
00-0033553,James Conner,RB,2024,6,REG,2024_06_ARI_GB,ARI,GB,0,0,0,0,0,0,0,7,24,0,1,0,4,5,22,0,0,1,0,0,,0,0,0,0,0,0,0,0,0,0,0,,0
00-0033555,Mack Hollins,WR,2024,6,REG,2024_06_BUF_NYJ,BUF,NYJ,0,0,0,0,0,0,0,0,0,0,0,0,1,2,8,1,1,0,0,0,,0,0,0,0,0,0,0,0,0,0,0,,0
00-0033589,David Moore,WR,2024,6,REG,2024_06_ATL_CAR,CAR,ATL,0,0,0,0,0,0,0,0,0,0,0,0,2,2,17,0,0,0,0,0,,0,0,0,0,0,0,0,0,0,0,0,,0
00-0033591,Noah Brown,WR,2024,6,REG,2024_06_WAS_BAL,WAS,BAL,0,0,0,0,0,0,0,0,0,0,0,0,4,8,58,0,3,0,0,0,,0,0,0,0,0,0,0,0,0,0,0,,0
00-0033662,Cooper Rush,QB,2024,6,REG,2024_06_DET_DAL,DAL,DET,8,11,46,0,1,0,0,1,2,0,1,0,0,0,0,0,0,0,0,0,,0,0,0,0,0,0,0,0,0,0,0,,0
00-0033699,Austin Ekeler,RB,2024,6,REG,2024_06_WAS_BAL,WAS,BAL,0,0,0,0,0,0,0,9,21,0,0,0,4,5,47,0,2,0,0,0,,0,0,0,0,0,0,0,0,0,0,0,,0
00-0033702,Younghoe Koo,K,2024,6,REG,2024_06_ATL_CAR,ATL,CAR,0,0,0,0,0,0,0,0,0,0,0,0,0,0,0,0,0,0,3,3,35,0,1,2,0,0,0,3,3,0,0,0,,0
00-0033787,Jake Elliott,K,2024,6,REG,2024_06_CLE_PHI,PHI,CLE,0,0,0,0,0,0,0,0,0,0,0,0,0,0,0,0,0,0,2,3,49,0,0,0,2,0,0,2,2,0,0,0,,0
00-0033854,Dare Ogunbowale,RB,2024,6,REG,2024_06_HOU_NE,HOU,NE,0,0,0,0,0,0,0,2,8,0,0,0,0,0,0,0,0,0,0,0,,0,0,0,0,0,0,0,0,0,0,0,,0
00-0033881,Evan Engram,TE,2024,6,REG,2024_06_JAX_CHI,JAX,CHI,0,0,0,0,0,0,0,0,0,0,0,0,10,10,102,0,4,1,0,0,,0,0,0,0,0,0,0,0,0,0,0,,0
00-0033885,David Njoku,TE,2024,6,REG,2024_06_CLE_PHI,CLE,PHI,0,0,0,0,0,0,0,0,0,0,0,0,5,7,31,0,2,0,0,0,,0,0,0,0,0,0,0,0,0,0,0,,0
00-0033895,Gerald Everett,TE,2024,6,REG,2024_06_JAX_CHI,CHI,JAX,0,0,0,0,0,0,0,0,0,0,0,0,0,1,0,0,0,0,0,0,,0,0,0,0,0,0,0,0,0,0,0,,0
00-0033897,Joe Mixon,RB,2024,6,REG,2024_06_HOU_NE,HOU,NE,0,0,0,0,0,0,0,13,102,1,3,0,2,3,30,1,2,0,0,0,,0,0,0,0,0,0,0,0,0,0,0,,0
00-0033906,Alvin Kamara,RB,2024,6,REG,2024_06_TB_NO,NO,TB,0,0,0,0,0,0,0,13,40,1,2,0,5,8,24,0,1,0,0,0,,0,0,0,0,0,0,0,0,0,0,0,,0
00-0033921,Chris Godwin Jr.,WR,2024,6,REG,2024_06_TB_NO,TB,NO,0,0,0,0,0,0,0,0,0,0,0,0,11,13,125,2,5,0,0,0,,0,0,0,0,0,0,0,0,0,0,0,,0
00-0033925,D'Onta Foreman,RB,2024,6,REG,2024_06_CLE_PHI,CLE,PHI,0,0,0,0,0,0,0,10,31,0,1,0,2,2,16,0,0,0,0,0,,0,0,0,0,0,0,0,0,0,0,0,,0
00-0033948,Jamaal Williams,RB,2024,6,REG,2024_06_TB_NO,NO,TB,0,0,0,0,0,0,0,2,7,0,0,0,0,0,0,0,0,0,0,0,,0,0,0,0,0,0,0,0,0,0,0,,0
00-0033955,Jeremy McNichols,RB,2024,6,REG,2024_06_WAS_BAL,WAS,BAL,0,0,0,0,0,0,0,2,9,0,0,0,0,0,0,0,0,0,0,0,,0,0,0,0,0,0,0,0,0,0,0,,0
00-0034159,Will Dissly,TE,2024,6,REG,2024_06_LAC_DEN,LAC,DEN,0,0,0,0,0,0,0,0,0,0,0,0,4,5,26,0,1,0,0,0,,0,0,0,0,0,0,0,0,0,0,0,,0
00-0034160,Michael Dickson,P,2024,6,REG,2024_06_SF_SEA,SEA,SF,0,0,0,0,0,0,0,0,0,0,0,0,0,0,0,0,0,0,0,0,,0,0,0,0,0,0,0,0,4,216,205,62,2
00-0034161,Daniel Carlson,K,2024,6,REG,2024_06_PIT_LV,LV,PIT,0,0,0,0,0,0,0,0,0,0,0,0,0,0,0,0,0,0,0,0,,0,0,0,0,0,0,1,1,0,0,0,,0
00-0034162,J.K. Scott,P,2024,6,REG,2024_06_LAC_DEN,LAC,DEN,0,0,0,0,0,0,0,0,0,0,0,0,0,0,0,0,0,0,0,0,,0,0,0,0,0,0,0,0,4,159,149,43,3
00-0034173,Eddy Pineiro,K,2024,6,REG,2024_06_ATL_CAR,CAR,ATL,0,0,0,0,0,0,0,0,0,0,0,0,0,0,0,0,0,0,2,2,40,0,1,0,1,0,0,2,2,0,0,0,,0
00-0034270,Tyler Conklin,TE,2024,6,REG,2024_06_BUF_NYJ,NYJ,BUF,0,0,0,0,0,0,0,0,0,0,0,0,2,3,10,0,0,0,0,0,,0,0,0,0,0,0,0,0,0,0,0,,0
00-0034348,Courtland Sutton,WR,2024,6,REG,2024_06_LAC_DEN,DEN,LAC,0,0,0,0,0,0,0,0,0,0,0,0,4,6,53,1,3,0,0,0,,0,0,0,0,0,0,0,0,0,0,0,,0
00-0034351,Dallas Goedert,TE,2024,6,REG,2024_06_CLE_PHI,PHI,CLE,0,0,0,0,0,0,0,0,0,0,0,0,0,1,0,0,0,0,0,0,,0,0,0,0,0,0,0,0,0,0,0,,0
00-0034365,Ian Thomas,TE,2024,6,REG,2024_06_ATL_CAR,CAR,ATL,0,0,0,0,0,0,0,0,0,0,0,0,0,3,0,0,0,0,0,0,,0,0,0,0,0,0,0,0,0,0,0,,0
00-0034383,Dalton Schultz,TE,2024,6,REG,2024_06_HOU_NE,HOU,NE,0,0,0,0,0,0,0,0,0,0,0,0,4,8,27,0,1,0,0,0,,0,0,0,0,0,0,0,0,0,0,0,,0
00-0034407,Ray-Ray McCloud,WR,2024,6,REG,2024_06_ATL_CAR,ATL,CAR,0,0,0,0,0,0,0,1,3,0,0,0,3,4,30,0,2,1,0,0,,0,0,0,0,0,0,0,0,0,0,0,,0
00-0034418,Cedrick Wilson Jr.,WR,2024,6,REG,2024_06_TB_NO,NO,TB,0,0,0,0,0,0,0,0,0,0,0,0,2,3,28,0,1,0,0,0,,0,0,0,0,0,0,0,0,0,0,0,,0
00-0034437,Logan Cooke,P,2024,6,REG,2024_06_JAX_CHI,JAX,CHI,0,0,0,0,0,0,0,0,0,0,0,0,0,0,0,0,0,0,0,0,,0,0,0,0,0,0,0,0,4,193,193,56,4
00-0034450,Greg Joseph,K,2024,6,REG,2024_06_CIN_NYG,NYG,CIN,0,0,0,0,0,0,0,0,0,0,0,0,0,0,0,0,0,0,0,2,,0,0,0,0,0,0,1,1,0,0,0,,0
00-0034521,Allen Lazard,WR,2024,6,REG,2024_06_BUF_NYJ,NYJ,BUF,0,0,0,0,0,0,0,0,0,0,0,0,6,7,114,1,4,0,0,0,,0,0,0,0,0,0,0,0,0,0,0,,0
00-0034721,Corey Bojorquez,P,2024,6,REG,2024_06_CLE_PHI,CLE,PHI,0,0,0,0,0,0,0,0,0,0,0,0,0,0,0,0,0,0,0,0,,0,0,0,0,0,0,0,0,4,223,172,64,1
00-0034753,Mark Andrews,TE,2024,6,REG,2024_06_WAS_BAL,BAL,WAS,0,0,0,0,0,0,0,0,0,0,0,0,3,4,66,1,3,0,0,0,,0,0,0,0,0,0,0,0,0,0,0,,0
00-0034775,Christian Kirk,WR,2024,6,REG,2024_06_JAX_CHI,JAX,CHI,0,0,0,0,0,0,0,0,0,0,0,0,3,6,39,0,3,0,0,0,,0,0,0,0,0,0,0,0,0,0,0,,0
00-0034796,Lamar Jackson,QB,2024,6,REG,2024_06_WAS_BAL,BAL,WAS,20,26,323,1,1,2,-15,11,40,0,3,0,0,0,0,0,0,0,0,0,,0,0,0,0,0,0,0,0,0,0,0,,0
00-0034827,DJ Moore,WR,2024,6,REG,2024_06_JAX_CHI,CHI,JAX,0,0,0,0,0,0,0,0,0,0,0,0,4,5,20,0,0,0,0,0,,0,0,0,0,0,0,0,0,0,0,0,,0
00-0034837,Calvin Ridley,WR,2024,6,REG,2024_06_IND_TEN,TEN,IND,0,0,0,0,0,0,0,1,9,0,0,0,0,8,0,0,0,0,0,0,,0,0,0,0,0,0,0,0,0,0,0,,0
00-0034844,Saquon Barkley,RB,2024,6,REG,2024_06_CLE_PHI,PHI,CLE,0,0,0,0,0,0,0,18,47,0,1,0,2,2,7,0,0,0,0,0,,0,0,0,0,0,0,0,0,0,0,0,,0
00-0034855,Baker Mayfield,QB,2024,6,REG,2024_06_TB_NO,TB,NO,24,36,325,4,3,1,-8,3,29,0,1,0,0,0,0,0,0,0,0,0,,0,0,0,0,0,0,0,0,0,0,0,,0
00-0034857,Josh Allen,QB,2024,6,REG,2024_06_BUF_NYJ,BUF,NYJ,19,25,215,2,0,2,-5,9,18,1,3,0,0,0,0,0,0,0,0,0,,0,0,0,0,0,0,0,0,0,0,0,,0
00-0034941,Mitch Wishnowsky,P,2024,6,REG,2024_06_SF_SEA,SF,SEA,0,0,0,0,0,0,0,0,0,0,0,0,0,0,0,0,0,0,0,0,,0,0,0,0,0,0,0,0,4,173,173,49,3
00-0034959,Andrew Beck,FB,2024,6,REG,2024_06_ARI_GB,GB,ARI,0,0,0,0,0,0,0,0,0,0,0,0,0,1,0,0,0,0,0,0,,0,0,0,0,0,0,0,0,0,0,0,,0
00-0034972,Alexander Mattison,RB,2024,6,REG,2024_06_PIT_LV,LV,PIT,0,0,0,0,0,0,0,14,33,1,5,0,5,5,32,0,1,0,0,0,,0,0,0,0,0,0,0,0,0,0,0,,0
00-0034975,Justice Hill,RB,2024,6,REG,2024_06_WAS_BAL,BAL,WAS,0,0,0,0,0,0,0,1,2,0,0,0,1,1,2,0,0,0,0,0,,0,0,0,0,0,0,0,0,0,0,0,,0
00-0034981,Foster Moreau,TE,2024,6,REG,2024_06_TB_NO,NO,TB,0,0,0,0,0,0,0,0,0,0,0,0,2,2,54,0,2,0,0,0,,0,0,0,0,0,0,0,0,0,0,0,,0
00-0035021,Ashton Dulin,WR,2024,6,REG,2024_06_IND_TEN,IND,TEN,0,0,0,0,0,0,0,0,0,0,0,0,0,1,0,0,0,0,0,0,,0,0,0,0,0,0,0,0,0,0,0,,0
00-0035145,Austin Seibert,K,2024,6,REG,2024_06_WAS_BAL,WAS,BAL,0,0,0,0,0,0,0,0,0,0,0,0,0,0,0,0,0,0,3,4,55,0,0,0,2,1,0,2,2,0,0,0,,0
00-0035189,Matthew Wright,K,2024,6,REG,2024_06_SF_SEA,SF,SEA,0,0,0,0,0,0,0,0,0,0,0,0,0,0,0,0,0,0,3,3,41,0,1,1,1,0,0,3,3,0,0,0,,0
00-0035190,AJ Cole,P,2024,6,REG,2024_06_PIT_LV,LV,PIT,0,0,0,0,0,0,0,0,0,0,0,0,0,0,0,0,0,0,0,0,,0,0,0,0,0,0,0,0,3,170,130,66,0
00-0035192,Joey Slye,K,2024,6,REG,2024_06_HOU_NE,NE,HOU,0,0,0,0,0,0,0,0,0,0,0,0,0,0,0,0,0,0,0,0,,0,0,0,0,0,0,3,3,0,0,0,,0
00-0035208,Olamide Zaccheaus,WR,2024,6,REG,2024_06_WAS_BAL,WAS,BAL,0,0,0,0,0,0,0,0,0,0,0,0,4,6,27,0,1,0,0,0,,0,0,0,0,0,0,0,0,0,0,0,,0
00-0035216,Diontae Johnson,WR,2024,6,REG,2024_06_ATL_CAR,CAR,ATL,0,0,0,0,0,0,0,0,0,0,0,0,6,10,78,1,5,0,0,0,,0,0,0,0,0,0,0,0,0,0,0,,0
00-0035228,Kyler Murray,QB,2024,6,REG,2024_06_ARI_GB,ARI,GB,22,32,214,1,0,0,0,7,14,0,0,1,0,0,0,0,0,0,0,0,,0,0,0,0,0,0,0,0,0,0,0,,0
00-0035243,Miles Sanders,RB,2024,6,REG,2024_06_ATL_CAR,CAR,ATL,0,0,0,0,0,0,0,3,1,0,1,0,1,1,12,0,1,0,0,0,,0,0,0,0,0,0,0,0,0,0,0,,0
00-0035261,Tony Pollard,RB,2024,6,REG,2024_06_IND_TEN,TEN,IND,0,0,0,0,0,0,0,17,93,1,5,0,3,3,-5,0,0,0,0,0,,0,0,0,0,0,0,0,0,0,0,0,,0
00-0035269,Matt Gay,K,2024,6,REG,2024_06_IND_TEN,IND,TEN,0,0,0,0,0,0,0,0,0,0,0,0,0,0,0,0,0,0,2,2,26,0,2,0,0,0,0,2,2,0,0,0,,0
00-0035358,Chase McLaughlin,K,2024,6,REG,2024_06_TB_NO,TB,NO,0,0,0,0,0,0,0,0,0,0,0,0,0,0,0,0,0,0,1,1,26,0,1,0,0,0,0,6,6,0,0,0,,0
00-0035406,Lil'Jordan Humphrey,WR,2024,6,REG,2024_06_LAC_DEN,DEN,LAC,0,0,0,0,0,0,0,0,0,0,0,0,1,1,8,0,0,0,0,0,,0,0,0,0,0,0,0,0,0,0,0,,0
00-0035500,Greg Dortch,WR,2024,6,REG,2024_06_ARI_GB,ARI,GB,0,0,0,0,0,0,0,0,0,0,0,0,3,5,36,0,1,1,0,0,,0,0,0,0,0,0,0,0,0,0,0,,0
00-0035535,Darius Slayton,WR,2024,6,REG,2024_06_CIN_NYG,NYG,CIN,0,0,0,0,0,0,0,0,0,0,0,0,6,11,57,0,4,0,0,0,,0,0,0,0,0,0,0,0,0,0,0,,0
00-0035537,Ty Johnson,RB,2024,6,REG,2024_06_BUF_NYJ,BUF,NYJ,0,0,0,0,0,0,0,4,34,0,2,0,0,0,0,0,0,0,0,0,,0,0,0,0,0,0,0,0,0,0,0,,0
00-0035567,Craig Reynolds,RB,2024,6,REG,2024_06_DET_DAL,DET,DAL,0,0,0,0,0,0,0,6,21,0,1,0,0,0,0,0,0,0,0,0,,0,0,0,0,0,0,0,0,0,0,0,,0
00-0035602,Alex Bachman,WR,2024,6,REG,2024_06_PIT_LV,LV,PIT,0,0,0,0,0,0,0,0,0,0,0,0,3,3,31,0,2,0,0,0,,0,0,0,0,0,0,0,0,0,0,0,,0
00-0035628,D'Ernest Johnson,RB,2024,6,REG,2024_06_JAX_CHI,JAX,CHI,0,0,0,0,0,0,0,6,28,0,1,0,2,2,16,0,1,0,0,0,,0,0,0,0,0,0,0,0,0,0,0,,0
00-0035640,DK Metcalf,WR,2024,6,REG,2024_06_SF_SEA,SEA,SF,0,0,0,0,0,0,0,0,0,0,0,0,3,11,48,0,3,0,0,0,,0,0,0,0,0,0,0,0,0,0,0,,0
00-0035644,Noah Fant,TE,2024,6,REG,2024_06_SF_SEA,SEA,SF,0,0,0,0,0,0,0,0,0,0,0,0,6,6,63,0,4,0,0,0,,0,0,0,0,0,0,0,0,0,0,0,,0
00-0035659,Terry McLaurin,WR,2024,6,REG,2024_06_WAS_BAL,WAS,BAL,0,0,0,0,0,0,0,1,0,0,0,0,6,7,53,2,5,0,0,0,,0,0,0,0,0,0,0,0,0,0,0,,0
00-0035676,A.J. Brown,WR,2024,6,REG,2024_06_CLE_PHI,PHI,CLE,0,0,0,0,0,0,0,0,0,0,0,0,6,9,116,1,5,0,0,0,,0,0,0,0,0,0,0,0,0,0,0,,0
00-0035685,David Montgomery,RB,2024,6,REG,2024_06_DET_DAL,DET,DAL,0,0,0,0,0,0,0,12,80,2,5,0,1,1,0,0,0,0,0,0,,0,0,0,0,0,0,0,0,0,0,0,,0
00-0035689,Dawson Knox,TE,2024,6,REG,2024_06_BUF_NYJ,BUF,NYJ,0,0,0,0,0,0,0,0,0,0,0,0,1,1,12,1,1,0,0,0,,0,0,0,0,0,0,0,0,0,0,0,,0
00-0035700,Josh Jacobs,RB,2024,6,REG,2024_06_ARI_GB,GB,ARI,0,0,0,0,0,0,0,18,62,0,1,0,3,3,28,0,3,0,0,0,,0,0,0,0,0,0,0,0,0,0,0,,0
00-0035710,Daniel Jones,QB,2024,6,REG,2024_06_CIN_NYG,NYG,CIN,22,41,205,0,1,2,-15,11,56,0,6,0,0,0,0,0,0,0,0,0,,0,0,0,0,0,0,0,0,0,0,0,,0
00-0035719,Deebo Samuel Sr.,WR,2024,6,REG,2024_06_SF_SEA,SF,SEA,0,0,0,0,0,0,0,4,15,0,0,0,3,5,102,1,2,0,0,0,,0,0,0,0,0,0,0,0,0,0,0,,0
00-0035806,JaMycal Hasty,RB,2024,6,REG,2024_06_HOU_NE,NE,HOU,0,0,0,0,0,0,0,3,12,0,0,0,1,2,9,0,0,0,0,0,,0,0,0,0,0,0,0,0,0,0,0,,0
00-0035821,Corliss Waitman,P,2024,6,REG,2024_06_PIT_LV,PIT,LV,0,0,0,0,0,0,0,0,0,0,0,0,0,0,0,0,0,0,0,0,,0,0,0,0,0,0,0,0,3,137,138,47,2
00-0035859,Blake Gillikin,P,2024,6,REG,2024_06_ARI_GB,ARI,GB,0,0,0,0,0,0,0,0,0,0,0,0,0,0,0,0,0,0,0,0,,0,0,0,0,0,0,0,0,4,211,144,58,1
00-0035889,Tommy Townsend,P,2024,6,REG,2024_06_HOU_NE,HOU,NE,0,0,0,0,0,0,0,0,0,0,0,0,0,0,0,0,0,0,0,0,,0,0,0,0,0,0,0,0,4,185,169,65,1
00-0035924,Jonathan Ward,RB,2024,6,REG,2024_06_PIT_LV,PIT,LV,0,0,0,0,0,0,0,3,13,0,1,0,0,0,0,0,0,0,0,0,,0,0,0,0,0,0,0,0,0,0,0,,0
00-0035973,Patrick Taylor,RB,2024,6,REG,2024_06_SF_SEA,SF,SEA,0,0,0,0,0,0,0,5,16,0,1,0,1,1,12,0,1,0,0,0,,0,0,0,0,0,0,0,0,0,0,0,,0
00-0036040,Juwan Johnson,TE,2024,6,REG,2024_06_TB_NO,NO,TB,0,0,0,0,0,0,0,0,0,0,0,0,3,3,48,0,2,0,0,0,,0,0,0,0,0,0,0,0,0,0,0,,0
00-0036139,Rico Dowdle,RB,2024,6,REG,2024_06_DET_DAL,DAL,DET,0,0,0,0,0,0,0,5,25,0,1,0,5,6,30,0,2,0,0,0,,0,0,0,0,0,0,0,0,0,0,0,,0
00-0036158,J.K. Dobbins,RB,2024,6,REG,2024_06_LAC_DEN,LAC,DEN,0,0,0,0,0,0,0,25,96,1,6,0,2,2,6,0,0,0,0,0,,0,0,0,0,0,0,0,0,0,0,0,,0
00-0036162,Tyler Bass,K,2024,6,REG,2024_06_BUF_NYJ,BUF,NYJ,0,0,0,0,0,0,0,0,0,0,0,0,0,0,0,0,0,0,1,2,22,0,1,0,0,0,0,2,3,0,0,0,,0
00-0036165,Isaiah Hodgins,WR,2024,6,REG,2024_06_CIN_NYG,NYG,CIN,0,0,0,0,0,0,0,0,0,0,0,0,1,1,5,0,0,0,0,0,,0,0,0,0,0,0,0,0,0,0,0,,0
00-0036182,Nick Westbrook-Ikhine,WR,2024,6,REG,2024_06_IND_TEN,TEN,IND,0,0,0,0,0,0,0,0,0,0,0,0,1,2,9,1,1,0,0,0,,0,0,0,0,0,0,0,0,0,0,0,,0
00-0036183,Kristian Wilkerson,WR,2024,6,REG,2024_06_PIT_LV,LV,PIT,0,0,0,0,0,0,0,0,0,0,0,0,2,3,18,1,2,0,0,0,,0,0,0,0,0,0,0,0,0,0,0,,0
00-0036196,Gabe Davis,WR,2024,6,REG,2024_06_JAX_CHI,JAX,CHI,0,0,0,0,0,0,0,0,0,0,0,0,5,8,45,2,4,0,0,0,,0,0,0,0,0,0,0,0,0,0,0,,0
00-0036232,Harrison Bryant,TE,2024,6,REG,2024_06_PIT_LV,LV,PIT,0,0,0,0,0,0,0,0,0,0,0,0,3,5,24,0,1,0,0,0,,0,0,0,0,0,0,0,0,0,0,0,,0
00-0036251,Zack Moss,RB,2024,6,REG,2024_06_CIN_NYG,CIN,NYG,0,0,0,0,0,0,0,6,13,0,0,1,1,1,2,0,0,0,0,0,,0,0,0,0,0,0,0,0,0,0,0,,0
00-0036252,Michael Pittman,WR,2024,6,REG,2024_06_IND_TEN,IND,TEN,0,0,0,0,0,0,0,0,0,0,0,0,3,5,35,1,2,0,0,0,,0,0,0,0,0,0,0,0,0,0,0,,0
00-0036259,Jauan Jennings,WR,2024,6,REG,2024_06_SF_SEA,SF,SEA,0,0,0,0,0,0,0,0,0,0,0,0,3,5,27,0,2,0,0,0,,0,0,0,0,0,0,0,0,0,0,0,,0
00-0036261,Brandon Aiyuk,WR,2024,6,REG,2024_06_SF_SEA,SF,SEA,0,0,0,0,0,0,0,0,0,0,0,0,2,4,37,0,2,0,0,0,,0,0,0,0,0,0,0,0,0,0,0,,0
00-0036264,Jordan Love,QB,2024,6,REG,2024_06_ARI_GB,GB,ARI,22,32,258,4,1,0,0,5,13,0,2,0,0,0,0,0,0,0,0,0,,0,0,0,0,0,0,0,0,0,0,0,,0
00-0036275,D'Andre Swift,RB,2024,6,REG,2024_06_JAX_CHI,CHI,JAX,0,0,0,0,0,0,0,17,91,1,5,0,4,4,28,0,1,0,0,0,,0,0,0,0,0,0,0,0,0,0,0,,0
00-0036290,Cole Kmet,TE,2024,6,REG,2024_06_JAX_CHI,CHI,JAX,0,0,0,0,0,0,0,0,0,0,0,0,5,5,70,2,3,0,0,0,,0,0,0,0,0,0,0,0,0,0,0,,0
00-0036309,Darnell Mooney,WR,2024,6,REG,2024_06_ATL_CAR,ATL,CAR,0,0,0,0,0,0,0,0,0,0,0,0,3,5,38,0,3,0,0,0,,0,0,0,0,0,0,0,0,0,0,0,,0
00-0036313,Braden Mann,P,2024,6,REG,2024_06_CLE_PHI,PHI,CLE,0,0,0,0,0,0,0,0,0,0,0,0,0,0,0,0,0,0,0,0,,0,0,0,0,0,0,0,0,3,146,120,55,2
00-0036328,Antonio Gibson,RB,2024,6,REG,2024_06_HOU_NE,NE,HOU,0,0,0,0,0,0,0,13,19,0,0,0,3,4,24,0,3,0,0,0,,0,0,0,0,0,0,0,0,0,0,0,,0
00-0036355,Justin Herbert,QB,2024,6,REG,2024_06_LAC_DEN,LAC,DEN,21,34,237,1,0,3,-15,4,2,0,0,0,0,0,0,0,0,0,0,0,,0,0,0,0,0,0,0,0,0,0,0,,0
00-0036358,CeeDee Lamb,WR,2024,6,REG,2024_06_DET_DAL,DAL,DET,0,0,0,0,0,0,0,1,2,0,0,0,7,14,89,0,3,0,0,0,,0,0,0,0,0,0,0,0,0,0,0,,0
00-0036389,Jalen Hurts,QB,2024,6,REG,2024_06_CLE_PHI,PHI,CLE,16,25,264,2,0,1,-8,14,33,0,5,0,0,0,0,0,0,0,0,0,,0,0,0,0,0,0,0,0,0,0,0,,0
00-0036406,Tristan Wirfs,OT,2024,6,REG,2024_06_TB_NO,TB,NO,0,0,0,0,0,0,0,0,0,0,0,0,0,0,9,0,0,0,0,0,,0,0,0,0,0,0,0,0,0,0,0,,0
00-0036407,Jerry Jeudy,WR,2024,6,REG,2024_06_CLE_PHI,CLE,PHI,0,0,0,0,0,0,0,0,0,0,0,0,1,3,35,0,1,0,0,0,,0,0,0,0,0,0,0,0,0,0,0,,0
00-0036410,Tee Higgins,WR,2024,6,REG,2024_06_CIN_NYG,CIN,NYG,0,0,0,0,0,0,0,0,0,0,0,0,7,7,77,0,4,0,0,0,,0,0,0,0,0,0,0,0,0,0,0,,0
00-0036414,Cam Akers,RB,2024,6,REG,2024_06_HOU_NE,HOU,NE,0,0,0,0,0,0,0,2,-1,0,0,0,0,0,0,0,0,0,0,0,,0,0,0,0,0,0,0,0,0,0,0,,0
00-0036442,Joe Burrow,QB,2024,6,REG,2024_06_CIN_NYG,CIN,NYG,19,28,208,0,0,4,-25,4,55,1,2,0,0,0,0,0,0,0,0,0,,0,0,0,0,0,0,0,0,0,0,0,,0
00-0036527,DJ Turner,WR,2024,6,REG,2024_06_PIT_LV,LV,PIT,0,0,0,0,0,0,0,0,0,0,0,0,2,4,37,0,1,0,0,0,,0,0,0,0,0,0,0,0,0,0,0,,0
00-0036550,Rashod Bateman,WR,2024,6,REG,2024_06_WAS_BAL,BAL,WAS,0,0,0,0,0,0,0,0,0,0,0,0,4,4,71,0,4,0,0,0,,0,0,0,0,0,0,0,0,0,0,0,,0
00-0036555,Chuba Hubbard,RB,2024,6,REG,2024_06_ATL_CAR,CAR,ATL,0,0,0,0,0,0,0,18,92,0,6,0,5,6,11,0,1,0,0,0,,0,0,0,0,0,0,0,0,0,0,0,,0
00-0036626,Dyami Brown,WR,2024,6,REG,2024_06_WAS_BAL,WAS,BAL,0,0,0,0,0,0,0,0,0,0,0,0,1,1,11,0,1,0,0,0,,0,0,0,0,0,0,0,0,0,0,0,,0
00-0036646,Simi Fehoko,WR,2024,6,REG,2024_06_LAC_DEN,LAC,DEN,0,0,0,0,0,0,0,0,0,0,0,0,2,4,44,0,2,0,0,0,,0,0,0,0,0,0,0,0,0,0,0,,0
00-0036754,Brock Wright,TE,2024,6,REG,2024_06_DET_DAL,DET,DAL,0,0,0,0,0,0,0,0,0,0,0,0,0,1,0,0,0,0,0,0,,0,0,0,0,0,0,0,0,0,0,0,,0
00-0036854,Evan McPherson,K,2024,6,REG,2024_06_CIN_NYG,CIN,NYG,0,0,0,0,0,0,0,0,0,0,0,0,0,0,0,0,0,0,1,1,37,0,0,1,0,0,0,2,2,0,0,0,,0
00-0036876,Kylen Granson,TE,2024,6,REG,2024_06_IND_TEN,IND,TEN,0,0,0,0,0,0,0,0,0,0,0,0,0,1,0,0,0,0,0,0,,0,0,0,0,0,0,0,0,0,0,0,,0
00-0036877,Jaelon Darden,WR,2024,6,REG,2024_06_CLE_PHI,CLE,PHI,0,0,0,0,0,0,0,0,0,0,0,0,1,1,6,0,1,0,0,0,,0,0,0,0,0,0,0,0,0,0,0,,0
00-0036893,Najee Harris,RB,2024,6,REG,2024_06_PIT_LV,PIT,LV,0,0,0,0,0,0,0,14,106,1,4,0,2,2,16,0,1,0,0,0,,0,0,0,0,0,0,0,0,0,0,0,,0
00-0036894,Pat Freiermuth,TE,2024,6,REG,2024_06_PIT_LV,PIT,LV,0,0,0,0,0,0,0,0,0,0,0,0,2,3,16,0,0,0,0,0,,0,0,0,0,0,0,0,0,0,0,0,,0
00-0036898,Davis Mills,QB,2024,6,REG,2024_06_HOU_NE,HOU,NE,0,1,0,0,0,0,0,0,0,0,0,0,0,0,0,0,0,0,0,0,,0,0,0,0,0,0,0,0,0,0,0,,0
00-0036900,Ja'Marr Chase,WR,2024,6,REG,2024_06_CIN_NYG,CIN,NYG,0,0,0,0,0,0,0,0,0,0,0,0,5,6,72,0,3,0,0,0,,0,0,0,0,0,0,0,0,0,0,0,,0
00-0036912,DeVonta Smith,WR,2024,6,REG,2024_06_CLE_PHI,PHI,CLE,0,0,0,0,0,0,0,0,0,0,0,0,3,4,64,1,2,0,0,0,,0,0,0,0,0,0,0,0,0,0,0,,0
00-0036919,Kenny Gainwell,RB,2024,6,REG,2024_06_CLE_PHI,PHI,CLE,0,0,0,0,0,0,0,3,23,0,1,0,0,1,0,0,0,0,0,0,,0,0,0,0,0,0,0,0,0,0,0,,0
00-0036945,Justin Fields,QB,2024,6,REG,2024_06_PIT_LV,PIT,LV,14,24,145,0,0,3,-35,11,59,2,4,0,0,0,0,0,0,0,0,0,,0,0,0,0,0,0,0,0,0,0,0,,0
00-0036963,Amon-Ra St. Brown,WR,2024,6,REG,2024_06_DET_DAL,DET,DAL,0,0,0,0,0,0,0,0,0,0,0,0,4,4,37,1,4,0,0,0,,0,0,0,0,0,0,0,0,0,0,0,,0
00-0036970,Kyle Pitts,TE,2024,6,REG,2024_06_ATL_CAR,ATL,CAR,0,0,0,0,0,0,0,0,0,0,0,0,3,5,70,0,2,0,0,0,,0,0,0,0,0,0,0,0,0,0,0,,0
00-0036971,Trevor Lawrence,QB,2024,6,REG,2024_06_JAX_CHI,JAX,CHI,23,35,234,2,1,3,-20,4,17,0,1,0,0,0,0,0,0,0,0,0,,0,0,0,0,0,0,0,0,0,0,0,,0
00-0036972,Mac Jones,QB,2024,6,REG,2024_06_JAX_CHI,JAX,CHI,1,1,6,0,0,1,-10,0,0,0,0,0,0,0,0,0,0,0,0,0,,0,0,0,0,0,0,0,0,0,0,0,,0
00-0036973,Travis Etienne,RB,2024,6,REG,2024_06_JAX_CHI,JAX,CHI,0,0,0,0,0,0,0,3,-1,0,0,0,0,1,0,0,0,0,0,0,,0,0,0,0,0,0,0,0,0,0,0,,0
00-0036980,Elijah Moore,WR,2024,6,REG,2024_06_CLE_PHI,CLE,PHI,0,0,0,0,0,0,0,0,0,0,0,0,1,1,3,0,0,0,0,0,,0,0,0,0,0,0,0,0,0,0,0,,0
00-0036984,Trey Sermon,RB,2024,6,REG,2024_06_IND_TEN,IND,TEN,0,0,0,0,0,0,0,18,29,0,3,0,0,0,0,0,0,0,0,0,,0,0,0,0,0,0,0,0,0,0,0,,0
00-0036988,Josh Palmer,WR,2024,6,REG,2024_06_LAC_DEN,LAC,DEN,0,0,0,0,0,0,0,0,0,0,0,0,2,3,38,0,2,0,0,0,,0,0,0,0,0,0,0,0,0,0,0,,0
00-0036997,Javonte Williams,RB,2024,6,REG,2024_06_LAC_DEN,DEN,LAC,0,0,0,0,0,0,0,6,23,0,1,1,3,6,13,0,1,0,0,0,,0,0,0,0,0,0,0,0,0,0,0,,0
00-0037086,Grant Calcaterra,TE,2024,6,REG,2024_06_CLE_PHI,PHI,CLE,0,0,0,0,0,0,0,0,0,0,0,0,4,4,67,0,3,0,0,0,,0,0,0,0,0,0,0,0,0,0,0,,0
00-0037091,Bo Melton,WR,2024,6,REG,2024_06_ARI_GB,GB,ARI,0,0,0,0,0,0,0,2,27,0,2,0,1,2,6,0,0,0,0,0,,0,0,0,0,0,0,0,0,0,0,0,,0
00-0037120,Tyler Goodson,RB,2024,6,REG,2024_06_IND_TEN,IND,TEN,0,0,0,0,0,0,0,8,51,0,1,0,4,5,14,0,1,0,0,0,,0,0,0,0,0,0,0,0,0,0,0,,0
00-0037224,Cameron Dicker,K,2024,6,REG,2024_06_LAC_DEN,LAC,DEN,0,0,0,0,0,0,0,0,0,0,0,0,0,0,0,0,0,0,3,3,46,0,1,1,1,0,0,2,2,0,0,0,,0
00-0037228,Jaylen Warren,RB,2024,6,REG,2024_06_PIT_LV,PIT,LV,0,0,0,0,0,0,0,6,7,0,1,0,3,3,11,0,0,0,0,0,,0,0,0,0,0,0,0,0,0,0,0,,0
00-0037238,Drake London,WR,2024,6,REG,2024_06_ATL_CAR,ATL,CAR,0,0,0,0,0,0,0,0,0,0,0,0,6,10,74,1,4,0,0,0,,0,0,0,0,0,0,0,0,0,0,0,,0
00-0037239,Chris Olave,WR,2024,6,REG,2024_06_TB_NO,NO,TB,0,0,0,0,0,0,0,0,0,0,0,0,1,1,5,0,0,1,0,0,,0,0,0,0,0,0,0,0,0,0,0,,0
00-0037240,Jameson Williams,WR,2024,6,REG,2024_06_DET_DAL,DET,DAL,0,0,0,0,0,0,0,1,11,0,1,0,3,4,76,1,3,0,0,0,,0,0,0,0,0,0,0,0,0,0,0,,0
00-0037247,George Pickens,WR,2024,6,REG,2024_06_PIT_LV,PIT,LV,0,0,0,0,0,0,0,0,0,0,0,0,3,8,53,0,2,0,0,0,,0,0,0,0,0,0,0,0,0,0,0,,0
00-0037258,Dameon Pierce,RB,2024,6,REG,2024_06_HOU_NE,HOU,NE,0,0,0,0,0,0,0,8,76,1,1,0,1,1,1,0,0,0,0,0,,0,0,0,0,0,0,0,0,0,0,0,,0
00-0037261,Khalil Shakir,WR,2024,6,REG,2024_06_BUF_NYJ,BUF,NYJ,0,0,0,0,0,0,0,0,0,0,0,0,2,2,19,0,1,0,0,0,,0,0,0,0,0,0,0,0,0,0,0,,0
00-0037263,Tyler Allgeier,RB,2024,6,REG,2024_06_ATL_CAR,ATL,CAR,0,0,0,0,0,0,0,18,105,1,8,0,1,1,3,0,0,0,0,0,,0,0,0,0,0,0,0,0,0,0,0,,0
00-0037267,Jerome Ford,RB,2024,6,REG,2024_06_CLE_PHI,CLE,PHI,0,0,0,0,0,0,0,2,14,0,1,0,0,0,0,0,0,0,0,0,,0,0,0,0,0,0,0,0,0,0,0,,0
00-0037292,Andrew Ogletree,TE,2024,6,REG,2024_06_IND_TEN,IND,TEN,0,0,0,0,0,0,0,0,0,0,0,0,2,2,24,0,2,0,0,0,,0,0,0,0,0,0,0,0,0,0,0,,0
00-0037304,Connor Heyward,FB,2024,6,REG,2024_06_PIT_LV,PIT,LV,0,0,0,0,0,0,0,0,0,0,0,0,1,1,4,0,0,0,0,0,,0,0,0,0,0,0,0,0,0,0,0,,0
00-0037475,Stone Smartt,TE,2024,6,REG,2024_06_LAC_DEN,LAC,DEN,0,0,0,0,0,0,0,0,0,0,0,0,1,1,10,0,1,0,0,0,,0,0,0,0,0,0,0,0,0,0,0,,0
00-0037525,Jordan Mason,RB,2024,6,REG,2024_06_SF_SEA,SF,SEA,0,0,0,0,0,0,0,9,73,0,2,0,1,2,9,0,0,0,0,0,,0,0,0,0,0,0,0,0,0,0,0,,0
00-0037539,Lucas Krull,TE,2024,6,REG,2024_06_LAC_DEN,DEN,LAC,0,0,0,0,0,0,0,0,0,0,0,0,2,4,11,0,0,0,0,0,,0,0,0,0,0,0,0,0,0,0,0,,0
00-0037545,Rashid Shaheed,WR,2024,6,REG,2024_06_TB_NO,NO,TB,0,0,0,0,0,0,0,1,2,0,0,0,1,7,11,0,1,0,0,0,,0,0,0,0,0,0,0,0,0,0,0,,0
00-0037547,Daniel Whelan,P,2024,6,REG,2024_06_ARI_GB,GB,ARI,0,0,0,0,0,0,0,0,0,0,0,0,0,0,0,0,0,0,0,0,,0,0,0,0,0,0,0,0,1,46,46,46,1
00-0037594,Julius Chestnut,RB,2024,6,REG,2024_06_IND_TEN,TEN,IND,0,0,0,0,0,0,0,1,2,0,0,0,0,0,0,0,0,0,0,0,,0,0,0,0,0,0,0,0,0,0,0,,0
00-0037607,Ryan Stonehouse,P,2024,6,REG,2024_06_IND_TEN,TEN,IND,0,0,0,0,0,0,0,0,0,0,0,0,0,0,0,0,0,0,0,0,,0,0,0,0,0,0,0,0,5,289,202,75,0
00-0037609,Aaron Shampklin,RB,2024,6,REG,2024_06_PIT_LV,PIT,LV,0,0,0,0,0,0,0,1,-2,0,0,0,0,0,0,0,0,0,0,0,,0,0,0,0,0,0,0,0,0,0,0,,0
00-0037617,Hassan Haskins,RB,2024,6,REG,2024_06_LAC_DEN,LAC,DEN,0,0,0,0,0,0,0,2,5,0,2,0,0,0,0,0,0,0,0,0,,0,0,0,0,0,0,0,0,0,0,0,,0
00-0037664,Alec Pierce,WR,2024,6,REG,2024_06_IND_TEN,IND,TEN,0,0,0,0,0,0,0,0,0,0,0,0,0,4,0,0,0,0,0,0,,0,0,0,0,0,0,0,0,0,0,0,,0
00-0037666,Jalen Tolbert,WR,2024,6,REG,2024_06_DET_DAL,DAL,DET,0,0,0,0,0,0,0,0,0,0,0,0,4,5,43,0,2,0,0,0,,0,0,0,0,0,0,0,0,0,0,0,,0
00-0037692,Brandon Aubrey,K,2024,6,REG,2024_06_DET_DAL,DAL,DET,0,0,0,0,0,0,0,0,0,0,0,0,0,0,0,0,0,0,3,3,50,0,0,1,1,1,0,0,0,0,0,0,,0
00-0037740,Garrett Wilson,WR,2024,6,REG,2024_06_BUF_NYJ,NYJ,BUF,0,0,0,0,0,0,0,0,0,0,0,0,8,10,107,1,6,0,0,0,,0,0,0,0,0,0,0,0,0,0,0,,0
00-0037741,Jahan Dotson,WR,2024,6,REG,2024_06_CLE_PHI,PHI,CLE,0,0,0,0,0,0,0,1,13,0,1,0,1,3,10,0,1,0,0,0,,0,0,0,0,0,0,0,0,0,0,0,,0
00-0037742,Treylon Burks,WR,2024,6,REG,2024_06_IND_TEN,TEN,IND,0,0,0,0,0,0,0,0,0,0,0,0,1,1,10,0,1,0,0,0,,0,0,0,0,0,0,0,0,0,0,0,,0
00-0037744,Trey McBride,TE,2024,6,REG,2024_06_ARI_GB,ARI,GB,0,0,0,0,0,0,0,0,0,0,0,0,8,8,96,0,5,0,0,0,,0,0,0,0,0,0,0,0,0,0,0,,0
00-0037801,KaVontae Turpin,WR,2024,6,REG,2024_06_DET_DAL,DAL,DET,0,0,0,0,0,0,0,1,6,0,0,0,4,7,24,0,2,1,0,0,,0,0,0,0,0,0,0,0,0,0,0,,0
00-0037805,Jeremy Ruckert,TE,2024,6,REG,2024_06_BUF_NYJ,NYJ,BUF,0,0,0,0,0,0,0,0,0,0,0,0,2,3,7,0,0,0,0,0,,0,0,0,0,0,0,0,0,0,0,0,,0
00-0037809,Chig Okonkwo,TE,2024,6,REG,2024_06_IND_TEN,TEN,IND,0,0,0,0,0,0,0,0,0,0,0,0,3,3,6,0,1,0,0,0,,0,0,0,0,0,0,0,0,0,0,0,,0
00-0037816,Romeo Doubs,WR,2024,6,REG,2024_06_ARI_GB,GB,ARI,0,0,0,0,0,0,0,0,0,0,0,0,3,4,49,2,3,0,0,0,,0,0,0,0,0,0,0,0,0,0,0,,0
00-0037834,Brock Purdy,QB,2024,6,REG,2024_06_SF_SEA,SF,SEA,18,28,255,3,0,0,0,4,19,0,2,0,0,0,0,0,0,0,0,0,,0,0,0,0,0,0,0,0,0,0,0,,0
00-0037837,Calvin Austin III,WR,2024,6,REG,2024_06_PIT_LV,PIT,LV,0,0,0,0,0,0,0,0,0,0,0,0,2,5,36,0,2,0,0,0,,0,0,0,0,0,0,0,0,0,0,0,,0
00-0037838,Isaiah Likely,TE,2024,6,REG,2024_06_WAS_BAL,BAL,WAS,0,0,0,0,0,0,0,0,0,0,0,0,2,4,27,0,1,0,0,0,,0,0,0,0,0,0,0,0,0,0,0,,0
00-0038041,Jake Ferguson,TE,2024,6,REG,2024_06_DET_DAL,DAL,DET,0,0,0,0,0,0,0,0,0,0,0,0,3,4,11,0,0,0,0,0,,0,0,0,0,0,0,0,0,0,0,0,,0
00-0038042,Jake Camarda,P,2024,6,REG,2024_06_TB_NO,TB,NO,0,0,0,0,0,0,0,0,0,0,0,0,0,0,0,0,0,0,0,0,,0,0,0,0,0,0,0,0,3,132,76,47,1
00-0038094,Jordan Stout,P,2024,6,REG,2024_06_WAS_BAL,BAL,WAS,0,0,0,0,0,0,0,0,0,0,0,0,0,0,0,0,0,0,0,0,,0,0,0,0,0,0,0,0,1,50,40,50,0
00-0038098,Pierre Strong,RB,2024,6,REG,2024_06_CLE_PHI,CLE,PHI,0,0,0,0,0,0,0,8,43,0,3,0,2,3,35,0,2,0,0,0,,0,0,0,0,0,0,0,0,0,0,0,,0
00-0038117,Wan'Dale Robinson,WR,2024,6,REG,2024_06_CIN_NYG,NYG,CIN,0,0,0,0,0,0,0,0,0,0,0,0,5,11,50,0,2,0,0,0,,0,0,0,0,0,0,0,0,0,0,0,,0
00-0038120,Breece Hall,RB,2024,6,REG,2024_06_BUF_NYJ,NYJ,BUF,0,0,0,0,0,0,0,18,113,0,4,0,5,6,56,0,2,0,0,0,,0,0,0,0,0,0,0,0,0,0,0,,0
00-0038124,Christian Watson,WR,2024,6,REG,2024_06_ARI_GB,GB,ARI,0,0,0,0,0,0,0,0,0,0,0,0,3,4,68,1,3,0,0,0,,0,0,0,0,0,0,0,0,0,0,0,,0
00-0038129,Cade Otton,TE,2024,6,REG,2024_06_TB_NO,TB,NO,0,0,0,0,0,0,0,0,0,0,0,0,2,6,15,1,2,0,0,0,,0,0,0,0,0,0,0,0,0,0,0,,0
00-0038134,Kenneth Walker III,RB,2024,6,REG,2024_06_SF_SEA,SEA,SF,0,0,0,0,0,0,0,14,32,1,2,0,8,8,37,0,2,0,0,0,,0,0,0,0,0,0,0,0,0,0,0,,0
00-0038393,Dontayvion Wicks,WR,2024,6,REG,2024_06_ARI_GB,GB,ARI,0,0,0,0,0,0,0,0,0,0,0,0,1,3,9,0,1,0,0,0,,0,0,0,0,0,0,0,0,0,0,0,,0
00-0038394,Will Mallory,TE,2024,6,REG,2024_06_IND_TEN,IND,TEN,0,0,0,0,0,0,0,0,0,0,0,0,0,1,0,0,0,0,0,0,,0,0,0,0,0,0,0,0,0,0,0,,0
00-0038396,Eric Gray,RB,2024,6,REG,2024_06_CIN_NYG,NYG,CIN,0,0,0,0,0,0,0,3,13,0,0,0,0,0,0,0,0,0,0,0,,0,0,0,0,0,0,0,0,0,0,0,,0
00-0038416,Tyson Bagent,QB,2024,6,REG,2024_06_JAX_CHI,CHI,JAX,0,0,0,0,0,0,0,3,-3,0,0,0,0,0,0,0,0,0,0,0,,0,0,0,0,0,0,0,0,0,0,0,,0
00-0038542,Bijan Robinson,RB,2024,6,REG,2024_06_ATL_CAR,ATL,CAR,0,0,0,0,0,0,0,15,95,2,5,0,3,4,10,0,0,0,0,0,,0,0,0,0,0,0,0,0,0,0,0,,0
00-0038543,Jaxon Smith-Njigba,WR,2024,6,REG,2024_06_SF_SEA,SEA,SF,0,0,0,0,0,0,0,0,0,0,0,0,5,9,53,0,3,0,0,0,,0,0,0,0,0,0,0,0,0,0,0,,0
00-0038544,Quentin Johnston,WR,2024,6,REG,2024_06_LAC_DEN,LAC,DEN,0,0,0,0,0,0,0,1,0,0,0,0,3,4,22,0,1,0,0,0,,0,0,0,0,0,0,0,0,0,0,0,,0
00-0038550,Hendon Hooker,QB,2024,6,REG,2024_06_DET_DAL,DET,DAL,1,2,19,0,0,1,-9,1,-1,0,0,0,0,0,0,0,0,0,0,0,,0,0,0,0,0,0,0,0,0,0,0,,0
00-0038555,Tank Bigsby,RB,2024,6,REG,2024_06_JAX_CHI,JAX,CHI,0,0,0,0,0,0,0,7,24,0,1,0,0,0,0,0,0,0,0,0,,0,0,0,0,0,0,0,0,0,0,0,,0
00-0038558,Darnell Washington,TE,2024,6,REG,2024_06_PIT_LV,PIT,LV,0,0,0,0,0,0,0,0,0,0,0,0,1,1,9,0,1,0,0,0,,0,0,0,0,0,0,0,0,0,0,0,,0
00-0038559,Michael Wilson,WR,2024,6,REG,2024_06_ARI_GB,ARI,GB,0,0,0,0,0,0,0,0,0,0,0,0,2,4,21,1,2,0,0,0,,0,0,0,0,0,0,0,0,0,0,0,,0
00-0038563,Tre Tucker,WR,2024,6,REG,2024_06_PIT_LV,LV,PIT,0,0,0,0,0,0,0,0,0,0,0,0,0,2,0,0,0,0,0,0,,0,0,0,0,0,0,0,0,0,0,0,,0
00-0038567,Chad Ryland,K,2024,6,REG,2024_06_ARI_GB,ARI,GB,0,0,0,0,0,0,0,0,0,0,0,0,0,0,0,0,0,0,2,2,40,0,0,1,1,0,0,1,1,0,0,0,,0
00-0038573,Derius Davis,WR,2024,6,REG,2024_06_LAC_DEN,LAC,DEN,0,0,0,0,0,0,0,2,14,0,1,0,1,2,8,0,0,0,0,0,,0,0,0,0,0,0,0,0,0,0,0,,0
00-0038579,Aidan O'Connell,QB,2024,6,REG,2024_06_PIT_LV,LV,PIT,27,40,227,1,1,1,-9,0,0,0,0,0,0,0,0,0,0,0,0,0,,0,0,0,0,0,0,0,0,0,0,0,,0
00-0038589,Josh Whyle,TE,2024,6,REG,2024_06_IND_TEN,TEN,IND,0,0,0,0,0,0,0,0,0,0,0,0,1,1,2,0,0,0,0,0,,0,0,0,0,0,0,0,0,0,0,0,,0
00-0038597,Chase Brown,RB,2024,6,REG,2024_06_CIN_NYG,CIN,NYG,0,0,0,0,0,0,0,10,53,1,1,0,2,3,11,0,1,0,0,0,,0,0,0,0,0,0,0,0,0,0,0,,0
00-0038608,Kayshon Boutte,WR,2024,6,REG,2024_06_HOU_NE,NE,HOU,0,0,0,0,0,0,0,0,0,0,0,0,3,3,59,1,2,0,0,0,,0,0,0,0,0,0,0,0,0,0,0,,0
00-0038610,Bryce Baringer,P,2024,6,REG,2024_06_HOU_NE,NE,HOU,0,0,0,0,0,0,0,0,0,0,0,0,0,0,0,0,0,0,0,0,,0,0,0,0,0,0,0,0,6,299,269,58,2
00-0038618,Xavier Hutchinson,WR,2024,6,REG,2024_06_HOU_NE,HOU,NE,0,0,0,0,0,0,0,0,0,0,0,0,0,2,0,0,0,0,0,0,,0,0,0,0,0,0,0,0,0,0,0,,0
00-0038619,Andrei Iosivas,WR,2024,6,REG,2024_06_CIN_NYG,CIN,NYG,0,0,0,0,0,0,0,0,0,0,0,0,2,3,36,0,1,0,0,0,,0,0,0,0,0,0,0,0,0,0,0,,0
00-0038621,DeMario Douglas,WR,2024,6,REG,2024_06_HOU_NE,NE,HOU,0,0,0,0,0,0,0,0,0,0,0,0,6,9,92,1,4,0,0,0,,0,0,0,0,0,0,0,0,0,0,0,,0
00-0038640,Jalen Brooks,WR,2024,6,REG,2024_06_DET_DAL,DAL,DET,0,0,0,0,0,0,0,0,0,0,0,0,1,6,15,0,1,0,0,0,,0,0,0,0,0,0,0,0,0,0,0,,0
00-0038678,Jordan Mims,RB,2024,6,REG,2024_06_TB_NO,NO,TB,0,0,0,0,0,0,0,1,5,0,0,0,2,4,13,0,1,0,0,0,,0,0,0,0,0,0,0,0,0,0,0,,0
00-0038685,Chris Brooks,RB,2024,6,REG,2024_06_ARI_GB,GB,ARI,0,0,0,0,0,0,0,4,21,0,1,0,0,0,0,0,0,0,0,0,,0,0,0,0,0,0,0,0,0,0,0,,0
00-0038705,Emari Demercado,RB,2024,6,REG,2024_06_ARI_GB,ARI,GB,0,0,0,0,0,0,0,4,25,0,3,0,5,7,39,0,0,0,0,0,,0,0,0,0,0,0,0,0,0,0,0,,0
00-0038752,Jake Bobo,WR,2024,6,REG,2024_06_SF_SEA,SEA,SF,0,0,0,0,0,0,0,0,0,0,0,0,2,4,18,0,1,0,0,0,,0,0,0,0,0,0,0,0,0,0,0,,0
00-0038783,Nate Adkins,TE,2024,6,REG,2024_06_LAC_DEN,DEN,LAC,0,0,0,0,0,0,0,0,0,0,0,0,1,1,5,0,0,0,0,0,,0,0,0,0,0,0,0,0,0,0,0,,0
00-0038794,Jaleel McLaughlin,RB,2024,6,REG,2024_06_LAC_DEN,DEN,LAC,0,0,0,0,0,0,0,3,8,0,0,0,2,2,17,0,1,0,0,0,,0,0,0,0,0,0,0,0,0,0,0,,0
00-0038797,Emanuel Wilson,RB,2024,6,REG,2024_06_ARI_GB,GB,ARI,0,0,0,0,0,0,0,7,54,0,2,0,1,2,19,0,1,0,0,0,,0,0,0,0,0,0,0,0,0,0,0,,0
00-0038809,Ben Sims,TE,2024,6,REG,2024_06_ARI_GB,GB,ARI,0,0,0,0,0,0,0,0,0,0,0,0,2,2,38,0,1,0,0,0,,0,0,0,0,0,0,0,0,0,0,0,,0
00-0038824,Ryan Miller,WR,2024,6,REG,2024_06_TB_NO,TB,NO,0,0,0,0,0,0,0,0,0,0,0,0,1,1,39,0,1,0,0,0,,0,0,0,0,0,0,0,0,0,0,0,,0
00-0038905,Blake Grupe,K,2024,6,REG,2024_06_TB_NO,NO,TB,0,0,0,0,0,0,0,0,0,0,0,0,0,0,0,0,0,0,2,2,42,0,1,0,1,0,0,3,3,0,0,0,,0
00-0038933,Dalton Kincaid,TE,2024,6,REG,2024_06_BUF_NYJ,BUF,NYJ,0,0,0,0,0,0,0,0,0,0,0,0,6,7,51,0,3,0,0,0,,0,0,0,0,0,0,0,0,0,0,0,,0
00-0038935,Brenton Strange,TE,2024,6,REG,2024_06_JAX_CHI,JAX,CHI,0,0,0,0,0,0,0,0,0,0,0,0,1,2,11,0,1,0,0,0,,0,0,0,0,0,0,0,0,0,0,0,,0
00-0038938,Jalin Hyatt,WR,2024,6,REG,2024_06_CIN_NYG,NYG,CIN,0,0,0,0,0,0,0,0,0,0,0,0,1,4,6,0,0,0,0,0,,0,0,0,0,0,0,0,0,0,0,0,,0
00-0038951,Sean Tucker,RB,2024,6,REG,2024_06_TB_NO,TB,NO,0,0,0,0,0,0,0,14,136,1,7,0,3,3,56,1,3,0,0,0,,0,0,0,0,0,0,0,0,0,0,0,,0
00-0038976,Marvin Mims Jr.,WR,2024,6,REG,2024_06_LAC_DEN,DEN,LAC,0,0,0,0,0,0,0,0,0,0,0,0,0,3,0,0,0,0,0,0,,0,0,0,0,0,0,0,0,0,0,0,,0
00-0038977,Tank Dell,WR,2024,6,REG,2024_06_HOU_NE,HOU,NE,0,0,0,0,0,0,0,0,0,0,0,0,7,9,57,1,5,0,0,0,,0,0,0,0,0,0,0,0,0,0,0,,0
00-0038979,Cedric Tillman,WR,2024,6,REG,2024_06_CLE_PHI,CLE,PHI,0,0,0,0,0,0,0,1,-5,0,0,0,0,0,0,0,0,0,0,0,,0,0,0,0,0,0,0,0,0,0,0,,0
00-0038996,Tucker Kraft,TE,2024,6,REG,2024_06_ARI_GB,GB,ARI,0,0,0,0,0,0,0,1,2,0,1,0,2,4,13,0,1,0,0,0,,0,0,0,0,0,0,0,0,0,0,0,,0
00-0038997,Josh Downs,WR,2024,6,REG,2024_06_IND_TEN,IND,TEN,0,0,0,0,0,0,0,1,-1,0,0,0,7,9,66,1,4,0,0,0,,0,0,0,0,0,0,0,0,0,0,0,,0
00-0039021,Roschon Johnson,RB,2024,6,REG,2024_06_JAX_CHI,CHI,JAX,0,0,0,0,0,0,0,5,8,0,0,0,2,3,25,0,2,0,0,0,,0,0,0,0,0,0,0,0,0,0,0,,0
00-0039032,Tyjae Spears,RB,2024,6,REG,2024_06_IND_TEN,TEN,IND,0,0,0,0,0,0,0,6,27,0,1,0,0,0,0,0,0,0,0,0,,0,0,0,0,0,0,0,0,0,0,0,,0
00-0039062,Jonathan Mingo,WR,2024,6,REG,2024_06_ATL_CAR,CAR,ATL,0,0,0,0,0,0,0,0,0,0,0,0,1,1,1,0,0,0,0,0,,0,0,0,0,0,0,0,0,0,0,0,,0
00-0039064,Zay Flowers,WR,2024,6,REG,2024_06_WAS_BAL,BAL,WAS,0,0,0,0,0,0,0,1,2,0,0,0,9,9,132,0,7,0,0,0,,0,0,0,0,0,0,0,0,0,0,0,,0
00-0039065,Sam LaPorta,TE,2024,6,REG,2024_06_DET_DAL,DET,DAL,0,0,0,0,0,0,0,0,0,0,0,0,1,1,52,1,1,0,0,0,,0,0,0,0,0,0,0,0,0,0,0,,0
00-0039139,Jahmyr Gibbs,RB,2024,6,REG,2024_06_DET_DAL,DET,DAL,0,0,0,0,0,0,0,12,63,0,5,0,3,5,28,0,1,0,0,0,,0,0,0,0,0,0,0,0,0,0,0,,0
00-0039146,Jayden Reed,WR,2024,6,REG,2024_06_ARI_GB,GB,ARI,0,0,0,0,0,0,0,1,0,0,0,0,6,6,28,1,2,0,0,0,,0,0,0,0,0,0,0,0,0,0,0,,0
00-0039152,Will Levis,QB,2024,6,REG,2024_06_IND_TEN,TEN,IND,16,27,95,1,1,0,0,3,15,0,1,0,0,0,0,0,0,0,0,0,,0,0,0,0,0,0,0,0,0,0,0,,0
00-0039163,C.J. Stroud,QB,2024,6,REG,2024_06_HOU_NE,HOU,NE,20,31,192,3,1,2,-16,3,7,0,1,0,0,0,0,0,0,0,0,0,,0,0,0,0,0,0,0,0,0,0,0,,0
00-0039165,Zach Charbonnet,RB,2024,6,REG,2024_06_SF_SEA,SEA,SF,0,0,0,0,0,0,0,5,20,0,1,0,1,1,15,0,0,0,0,0,,0,0,0,0,0,0,0,0,0,0,0,,0
00-0039172,Jake Bates,K,2024,6,REG,2024_06_DET_DAL,DET,DAL,0,0,0,0,0,0,0,0,0,0,0,0,0,0,0,0,0,0,4,4,48,0,0,2,2,0,0,5,5,0,0,0,,0
00-0039323,Ryan Rehkow,P,2024,6,REG,2024_06_CIN_NYG,CIN,NYG,0,0,0,0,0,0,0,0,0,0,0,0,0,0,0,0,0,0,0,0,,0,0,0,0,0,0,0,0,6,278,257,57,4
00-0039338,Brock Bowers,TE,2024,6,REG,2024_06_PIT_LV,LV,PIT,0,0,0,0,0,0,0,0,0,0,0,0,9,10,71,0,2,0,0,0,,0,0,0,0,0,0,0,0,0,0,0,,0
00-0039342,Xavier Legette,WR,2024,6,REG,2024_06_ATL_CAR,CAR,ATL,0,0,0,0,0,0,0,0,0,0,0,0,3,4,23,1,2,0,0,0,,0,0,0,0,0,0,0,0,0,0,0,,0
00-0039355,Luke McCaffrey,WR,2024,6,REG,2024_06_WAS_BAL,WAS,BAL,0,0,0,0,0,0,0,0,0,0,0,0,1,1,5,0,0,0,0,0,,0,0,0,0,0,0,0,0,0,0,0,,0
00-0039356,Ja'Tavion Sanders,TE,2024,6,REG,2024_06_ATL_CAR,CAR,ATL,0,0,0,0,0,0,0,0,0,0,0,0,5,7,49,0,1,0,0,0,,0,0,0,0,0,0,0,0,0,0,0,,0
00-0039359,Cade Stover,TE,2024,6,REG,2024_06_HOU_NE,HOU,NE,0,0,0,0,0,0,0,0,0,0,0,0,0,1,0,0,0,0,0,0,,0,0,0,0,0,0,0,0,0,0,0,,0
00-0039361,Bucky Irving,RB,2024,6,REG,2024_06_TB_NO,TB,NO,0,0,0,0,0,0,0,14,81,1,4,0,2,2,24,0,1,0,0,0,,0,0,0,0,0,0,0,0,0,0,0,,0
00-0039363,Isaac Guerendo,RB,2024,6,REG,2024_06_SF_SEA,SF,SEA,0,0,0,0,0,0,0,10,99,0,3,0,0,0,0,0,0,0,0,0,,0,0,0,0,0,0,0,0,0,0,0,,0
00-0039364,Sione Vaki,RB,2024,6,REG,2024_06_DET_DAL,DET,DAL,0,0,0,0,0,0,0,1,5,0,0,0,0,0,0,0,0,0,0,0,,0,0,0,0,0,0,0,0,0,0,0,,0
00-0039373,Audric Estimé,RB,2024,6,REG,2024_06_LAC_DEN,DEN,LAC,0,0,0,0,0,0,0,2,13,0,1,0,0,0,0,0,0,0,0,0,,0,0,0,0,0,0,0,0,0,0,0,,0
00-0039376,Spencer Rattler,QB,2024,6,REG,2024_06_TB_NO,NO,TB,22,40,243,1,2,5,-21,4,27,0,1,0,0,0,0,0,0,0,0,0,,0,0,0,0,0,0,0,0,0,0,0,,0
00-0039384,Tyrone Tracy Jr.,RB,2024,6,REG,2024_06_CIN_NYG,NYG,CIN,0,0,0,0,0,0,0,17,50,1,5,0,6,6,57,0,3,0,0,0,,0,0,0,0,0,0,0,0,0,0,0,,0
00-0039386,Bub Means,WR,2024,6,REG,2024_06_TB_NO,NO,TB,0,0,0,0,0,0,0,0,0,0,0,0,5,8,45,1,4,0,0,0,,0,0,0,0,0,0,0,0,0,0,0,,0
00-0039391,Kimani Vidal,RB,2024,6,REG,2024_06_LAC_DEN,LAC,DEN,0,0,0,0,0,0,0,4,11,0,1,0,2,2,40,1,1,0,0,0,,0,0,0,0,0,0,0,0,0,0,0,,0
00-0039407,Dylan Laube,RB,2024,6,REG,2024_06_PIT_LV,LV,PIT,0,0,0,0,0,0,0,1,0,0,0,1,0,0,0,0,0,0,0,0,,0,0,0,0,0,0,0,0,0,0,0,,0
00-0039409,Cam Little,K,2024,6,REG,2024_06_JAX_CHI,JAX,CHI,0,0,0,0,0,0,0,0,0,0,0,0,0,0,0,0,0,0,1,1,30,0,0,1,0,0,0,1,1,0,0,0,,0
00-0039410,Ryan Flournoy,WR,2024,6,REG,2024_06_DET_DAL,DAL,DET,0,0,0,0,0,0,0,0,0,0,0,0,1,1,12,0,0,1,0,0,,0,0,0,0,0,0,0,0,0,0,0,,0
00-0039424,Devaughn Vele,WR,2024,6,REG,2024_06_LAC_DEN,DEN,LAC,0,0,0,0,0,0,0,0,0,0,0,0,4,6,78,0,3,0,0,0,,0,0,0,0,0,0,0,0,0,0,0,,0
00-0039491,Jalen Coker,WR,2024,6,REG,2024_06_ATL_CAR,CAR,ATL,0,0,0,0,0,0,0,0,0,0,0,0,3,3,30,0,2,0,0,0,,0,0,0,0,0,0,0,0,0,0,0,,0
00-0039521,Xavier Weaver,WR,2024,6,REG,2024_06_ARI_GB,ARI,GB,0,0,0,0,0,0,0,0,0,0,0,0,0,1,0,0,0,0,0,0,,0,0,0,0,0,0,0,0,0,0,0,,0
00-0039611,Matthew Hayball,P,2024,6,REG,2024_06_TB_NO,NO,TB,0,0,0,0,0,0,0,0,0,0,0,0,0,0,0,0,0,0,0,0,,0,0,0,0,0,0,0,0,6,266,254,58,3
00-0039623,Mason Tipton,WR,2024,6,REG,2024_06_TB_NO,NO,TB,0,0,0,0,0,0,0,0,0,0,0,0,1,2,15,0,1,0,0,0,,0,0,0,0,0,0,0,0,0,0,0,,0
00-0039649,Brayden Narveson,K,2024,6,REG,2024_06_ARI_GB,GB,ARI,0,0,0,0,0,0,0,0,0,0,0,0,0,0,0,0,0,0,2,3,41,0,0,1,1,0,0,4,4,0,0,0,,0
00-0039732,Bo Nix,QB,2024,6,REG,2024_06_LAC_DEN,DEN,LAC,19,33,216,2,1,2,-10,6,61,0,5,0,0,0,0,0,0,0,0,0,,0,0,0,0,0,0,0,0,0,0,0,,0
00-0039745,Tory Taylor,P,2024,6,REG,2024_06_JAX_CHI,CHI,JAX,0,0,0,0,0,0,0,0,0,0,0,0,0,0,0,0,0,0,0,0,,0,0,0,0,0,0,0,0,2,123,96,64,0
00-0039757,Terrell Jennings,RB,2024,6,REG,2024_06_HOU_NE,NE,HOU,0,0,0,0,0,0,0,5,13,0,0,0,0,0,0,0,0,0,0,0,,0,0,0,0,0,0,0,0,0,0,0,,0
00-0039793,AJ Barner,TE,2024,6,REG,2024_06_SF_SEA,SEA,SF,0,0,0,0,0,0,0,0,0,0,0,0,1,1,13,0,1,0,0,0,,0,0,0,0,0,0,0,0,0,0,0,,0
00-0039794,Braelon Allen,RB,2024,6,REG,2024_06_BUF_NYJ,NYJ,BUF,0,0,0,0,0,0,0,3,8,0,1,0,0,2,0,0,0,0,0,0,,0,0,0,0,0,0,0,0,0,0,0,,0
00-0039814,Erick All,TE,2024,6,REG,2024_06_CIN_NYG,CIN,NYG,0,0,0,0,0,0,0,0,0,0,0,0,2,3,10,0,1,0,0,0,,0,0,0,0,0,0,0,0,0,0,0,,0
00-0039847,Theo Johnson,TE,2024,6,REG,2024_06_CIN_NYG,NYG,CIN,0,0,0,0,0,0,0,0,0,0,0,0,3,3,30,0,1,0,0,0,,0,0,0,0,0,0,0,0,0,0,0,,0
00-0039849,Marvin Harrison Jr.,WR,2024,6,REG,2024_06_ARI_GB,ARI,GB,0,0,0,0,0,0,0,0,0,0,0,0,0,2,0,0,0,0,0,0,,0,0,0,0,0,0,0,0,0,0,0,,0
00-0039851,Drake Maye,QB,2024,6,REG,2024_06_HOU_NE,NE,HOU,20,33,243,3,2,4,-34,5,38,0,3,0,0,0,0,0,0,0,0,0,,0,0,0,0,0,0,0,0,0,0,0,,0
00-0039855,Jalen McMillan,WR,2024,6,REG,2024_06_TB_NO,TB,NO,0,0,0,0,0,0,0,0,0,0,0,0,0,1,0,0,0,0,0,0,,0,0,0,0,0,0,0,0,0,0,0,,0
00-0039868,Troy Franklin,WR,2024,6,REG,2024_06_LAC_DEN,DEN,LAC,0,0,0,0,0,0,0,1,5,0,0,0,2,3,31,1,2,0,0,0,,0,0,0,0,0,0,0,0,0,0,0,,0
00-0039875,Ray Davis,RB,2024,6,REG,2024_06_BUF_NYJ,BUF,NYJ,0,0,0,0,0,0,0,20,97,0,5,0,3,3,55,0,1,0,0,0,,0,0,0,0,0,0,0,0,0,0,0,,0
00-0039890,Adonai Mitchell,WR,2024,6,REG,2024_06_IND_TEN,IND,TEN,0,0,0,0,0,0,0,0,0,0,0,0,2,4,9,0,1,0,0,0,,0,0,0,0,0,0,0,0,0,0,0,,0
00-0039893,Brian Thomas Jr.,WR,2024,6,REG,2024_06_JAX_CHI,JAX,CHI,0,0,0,0,0,0,0,0,0,0,0,0,3,6,27,0,1,0,0,0,,0,0,0,0,0,0,0,0,0,0,0,,0
00-0039901,Keon Coleman,WR,2024,6,REG,2024_06_BUF_NYJ,BUF,NYJ,0,0,0,0,0,0,0,0,0,0,0,0,3,4,26,0,2,0,0,0,,0,0,0,0,0,0,0,0,0,0,0,,0
00-0039907,Ja'Lynn Polk,WR,2024,6,REG,2024_06_HOU_NE,NE,HOU,0,0,0,0,0,0,0,0,0,0,0,0,1,4,4,0,0,0,0,0,,0,0,0,0,0,0,0,0,0,0,0,,0
00-0039910,Jayden Daniels,QB,2024,6,REG,2024_06_WAS_BAL,WAS,BAL,24,35,269,2,0,3,-16,6,22,0,1,0,0,0,0,0,0,0,0,0,,0,0,0,0,0,0,0,0,0,0,0,,0
00-0039915,Ladd McConkey,WR,2024,6,REG,2024_06_LAC_DEN,LAC,DEN,0,0,0,0,0,0,0,0,0,0,0,0,4,8,43,0,2,0,0,0,,0,0,0,0,0,0,0,0,0,0,0,,0
00-0039918,Caleb Williams,QB,2024,6,REG,2024_06_JAX_CHI,CHI,JAX,23,29,226,4,1,3,-5,4,56,0,3,0,0,0,0,0,0,0,0,0,,0,0,0,0,0,0,0,0,0,0,0,,0
00-0039919,Rome Odunze,WR,2024,6,REG,2024_06_JAX_CHI,CHI,JAX,0,0,0,0,0,0,0,0,0,0,0,0,2,2,40,0,2,0,0,0,,0,0,0,0,0,0,0,0,0,0,0,,0
00-0039921,Trey Benson,RB,2024,6,REG,2024_06_ARI_GB,ARI,GB,0,0,0,0,0,0,0,5,26,0,1,0,0,0,0,0,0,0,0,0,,0,0,0,0,0,0,0,0,0,0,0,,0
00-0023459,Aaron Rodgers,QB,2024,7,REG,2024_07_NYJ_PIT,NYJ,PIT,24,39,276,1,2,1,-7,0,0,0,0,0,0,0,0,0,0,0,0,0,,0,0,0,0,0,0,0,0,0,0,0,,0
00-0025565,Nick Folk,K,2024,7,REG,2024_07_TEN_BUF,TEN,BUF,0,0,0,0,0,0,0,0,0,0,0,0,0,0,0,0,0,0,1,1,25,0,1,0,0,0,0,1,1,0,0,0,,0
00-0026498,Matthew Stafford,QB,2024,7,REG,2024_07_LV_LA,LA,LV,14,23,154,0,1,1,-10,2,-2,0,0,0,0,0,0,0,0,0,0,0,,0,0,0,0,0,0,0,0,0,0,0,,0
00-0027114,Thomas Morstead,P,2024,7,REG,2024_07_NYJ_PIT,NYJ,PIT,0,0,0,0,0,0,0,0,0,0,0,0,0,0,0,0,0,0,0,0,,0,0,0,0,0,0,0,0,4,177,168,47,0
00-0027973,Andy Dalton,QB,2024,7,REG,2024_07_CAR_WAS,CAR,WAS,11,16,93,0,2,2,-4,2,3,0,0,0,0,0,0,0,0,0,0,0,,0,0,0,0,0,0,0,0,0,0,0,,0
00-0028872,Johnny Hekker,P,2024,7,REG,2024_07_CAR_WAS,CAR,WAS,0,0,0,0,0,0,0,0,0,0,0,0,0,0,0,0,0,0,0,0,,0,0,0,0,0,0,0,0,5,252,237,62,2
00-0029263,Russell Wilson,QB,2024,7,REG,2024_07_NYJ_PIT,PIT,NYJ,16,29,264,2,0,1,-4,3,3,1,2,0,0,0,0,0,0,0,0,0,,0,0,0,0,0,0,0,0,0,0,0,,0
00-0029597,Justin Tucker,K,2024,7,REG,2024_07_BAL_TB,BAL,TB,0,0,0,0,0,0,0,0,0,0,0,0,0,0,0,0,0,0,2,2,52,0,1,0,0,1,0,5,5,0,0,0,,0
00-0029604,Kirk Cousins,QB,2024,7,REG,2024_07_SEA_ATL,ATL,SEA,24,35,232,1,2,3,-32,1,-1,0,0,0,0,0,0,0,0,0,0,0,,0,0,0,0,0,0,0,0,0,0,0,,0
00-0029621,Greg Zuerlein,K,2024,7,REG,2024_07_NYJ_PIT,NYJ,PIT,0,0,0,0,0,0,0,0,0,0,0,0,0,0,0,0,0,0,0,1,,0,0,0,0,0,0,1,1,0,0,0,,0
00-0029822,Brandon McManus,K,2024,7,REG,2024_07_HOU_GB,GB,HOU,0,0,0,0,0,0,0,0,0,0,0,0,0,0,0,0,0,0,1,1,45,0,0,0,1,0,0,3,3,0,0,0,,0
00-0029892,Kyle Juszczyk,FB,2024,7,REG,2024_07_KC_SF,SF,KC,0,0,0,0,0,0,0,1,14,0,0,0,0,3,0,0,0,0,0,0,,0,0,0,0,0,0,0,0,0,0,0,,0
00-0030061,Zach Ertz,TE,2024,7,REG,2024_07_CAR_WAS,WAS,CAR,0,0,0,0,0,0,0,0,0,0,0,0,4,5,40,1,2,0,0,0,,0,0,0,0,0,0,0,0,0,0,0,,0
00-0030092,Sam Martin,P,2024,7,REG,2024_07_TEN_BUF,BUF,TEN,0,0,0,0,0,0,0,0,0,0,0,0,0,0,0,0,0,0,0,0,,0,0,0,0,0,0,0,0,5,197,169,46,1
00-0030098,Dustin Hopkins,K,2024,7,REG,2024_07_CIN_CLE,CLE,CIN,0,0,0,0,0,0,0,0,0,0,0,0,0,0,0,0,0,0,0,1,,0,0,0,0,0,0,0,1,0,0,0,,0
00-0030140,Tress Way,P,2024,7,REG,2024_07_CAR_WAS,WAS,CAR,0,0,0,0,0,0,0,0,0,0,0,0,0,0,0,0,0,0,0,0,,0,0,0,0,0,0,0,0,1,40,40,40,1
00-0030506,Travis Kelce,TE,2024,7,REG,2024_07_KC_SF,KC,SF,0,0,0,0,0,0,0,0,0,0,0,0,4,5,17,0,2,0,0,0,,0,0,0,0,0,0,0,0,0,0,0,,0
00-0030564,DeAndre Hopkins,WR,2024,7,REG,2024_07_TEN_BUF,TEN,BUF,0,0,0,0,0,0,0,0,0,0,0,0,1,1,-2,0,1,0,0,0,,0,0,0,0,0,0,0,0,0,0,0,,0
00-0030565,Geno Smith,QB,2024,7,REG,2024_07_SEA_ATL,SEA,ATL,18,28,207,2,0,1,-6,4,15,0,0,0,0,0,0,0,0,0,0,0,,0,0,0,0,0,0,0,0,0,0,0,,0
00-0031136,Chris Boswell,K,2024,7,REG,2024_07_NYJ_PIT,PIT,NYJ,0,0,0,0,0,0,0,0,0,0,0,0,0,0,0,0,0,0,3,3,46,0,2,0,1,0,0,4,4,0,0,0,,0
00-0031235,Odell Beckham Jr.,WR,2024,7,REG,2024_07_MIA_IND,MIA,IND,0,0,0,0,0,0,0,0,0,0,0,0,0,2,0,0,0,0,0,0,,0,0,0,0,0,0,0,0,0,0,0,,0
00-0031381,Davante Adams,WR,2024,7,REG,2024_07_NYJ_PIT,NYJ,PIT,0,0,0,0,0,0,0,0,0,0,0,0,3,9,30,0,1,0,0,0,,0,0,0,0,0,0,0,0,0,0,0,,0
00-0031408,Mike Evans,WR,2024,7,REG,2024_07_BAL_TB,TB,BAL,0,0,0,0,0,0,0,0,0,0,0,0,1,3,25,1,1,0,0,0,,0,0,0,0,0,0,0,0,0,0,0,,0
00-0031492,Jason Myers,K,2024,7,REG,2024_07_SEA_ATL,SEA,ATL,0,0,0,0,0,0,0,0,0,0,0,0,0,0,0,0,0,0,2,2,59,0,0,1,0,1,0,4,4,0,0,0,,0
00-0031503,Jameis Winston,QB,2024,7,REG,2024_07_CIN_CLE,CLE,CIN,5,11,67,1,0,1,-2,0,0,0,0,0,0,0,0,0,0,0,0,0,,0,0,0,0,0,0,0,0,0,0,0,,0
00-0031544,Amari Cooper,WR,2024,7,REG,2024_07_TEN_BUF,BUF,TEN,0,0,0,0,0,0,0,0,0,0,0,0,4,5,66,1,4,0,0,0,,0,0,0,0,0,0,0,0,0,0,0,,0
00-0031549,Nelson Agholor,WR,2024,7,REG,2024_07_BAL_TB,BAL,TB,0,0,0,0,0,0,0,0,0,0,0,0,1,2,20,0,0,0,0,0,,0,0,0,0,0,0,0,0,0,0,0,,0
00-0031588,Stefon Diggs,WR,2024,7,REG,2024_07_HOU_GB,HOU,GB,0,0,0,0,0,0,0,0,0,0,0,0,5,7,23,0,3,0,0,0,,0,0,0,0,0,0,0,0,0,0,0,,0
00-0031687,Raheem Mostert,RB,2024,7,REG,2024_07_MIA_IND,MIA,IND,0,0,0,0,0,0,0,11,50,0,2,1,0,0,0,0,0,0,0,0,,0,0,0,0,0,0,0,0,0,0,0,,0
00-0031690,Eric Tomlinson,TE,2024,7,REG,2024_07_LAC_ARI,LAC,ARI,0,0,0,0,0,0,0,0,0,0,0,0,1,1,7,0,0,0,0,0,,0,0,0,0,0,0,0,0,0,0,0,,0
00-0032065,Bradley Pinion,P,2024,7,REG,2024_07_SEA_ATL,ATL,SEA,0,0,0,0,0,0,0,0,0,0,0,0,0,0,0,0,0,0,0,0,,0,0,0,0,0,0,0,0,3,133,115,47,1
00-0032128,Chris Conley,WR,2024,7,REG,2024_07_KC_SF,SF,KC,0,0,0,0,0,0,0,0,0,0,0,0,0,2,0,0,0,0,0,0,,0,0,0,0,0,0,0,0,0,0,0,,0
00-0032211,Tyler Lockett,WR,2024,7,REG,2024_07_SEA_ATL,SEA,ATL,0,0,0,0,0,0,0,0,0,0,0,0,4,6,45,0,4,0,0,0,,0,0,0,0,0,0,0,0,0,0,0,,0
00-0032268,Marcus Mariota,QB,2024,7,REG,2024_07_CAR_WAS,WAS,CAR,18,23,205,2,0,1,-4,11,34,0,3,0,0,0,0,0,0,0,0,0,,0,0,0,0,0,0,0,0,0,0,0,,0
00-0032385,Sterling Shepard,WR,2024,7,REG,2024_07_BAL_TB,TB,BAL,0,0,0,0,0,0,0,0,0,0,0,0,1,1,15,0,1,0,0,0,,0,0,0,0,0,0,0,0,0,0,0,,0
00-0032392,Austin Hooper,TE,2024,7,REG,2024_07_NE_JAX,NE,JAX,0,0,0,0,0,0,0,0,0,0,0,0,4,5,32,0,3,0,0,0,,0,0,0,0,0,0,0,0,0,0,0,,0
00-0032394,Nick Vannett,TE,2024,7,REG,2024_07_TEN_BUF,TEN,BUF,0,0,0,0,0,0,0,0,0,0,0,0,4,4,25,0,1,0,0,0,,0,0,0,0,0,0,0,0,0,0,0,,0
00-0032464,Kalif Raymond,WR,2024,7,REG,2024_07_DET_MIN,DET,MIN,0,0,0,0,0,0,0,0,0,0,0,0,3,4,39,1,2,0,0,0,,0,0,0,0,0,0,0,0,0,0,0,,0
00-0032569,Wil Lutz,K,2024,7,REG,2024_07_DEN_NO,DEN,NO,0,0,0,0,0,0,0,0,0,0,0,0,0,0,0,0,0,0,4,4,52,0,0,2,1,1,0,3,3,0,0,0,,0
00-0032726,Ka'imi Fairbairn,K,2024,7,REG,2024_07_HOU_GB,HOU,GB,0,0,0,0,0,0,0,0,0,0,0,0,0,0,0,0,0,0,3,3,52,0,1,1,0,1,0,1,1,0,0,0,,0
00-0032764,Derrick Henry,RB,2024,7,REG,2024_07_BAL_TB,BAL,TB,0,0,0,0,0,0,0,15,169,0,3,0,1,1,13,1,1,0,0,0,,0,0,0,0,0,0,0,0,0,0,0,,0
00-0032775,Demarcus Robinson,WR,2024,7,REG,2024_07_LV_LA,LA,LV,0,0,0,0,0,0,0,0,0,0,0,0,1,3,9,0,1,0,0,0,,0,0,0,0,0,0,0,0,0,0,0,,0
00-0032943,Riley Dixon,P,2024,7,REG,2024_07_DEN_NO,DEN,NO,0,0,0,0,0,0,0,0,0,0,0,0,0,0,0,0,0,0,0,0,,0,0,0,0,0,0,0,0,3,129,116,50,1
00-0033009,Tyler Boyd,WR,2024,7,REG,2024_07_TEN_BUF,TEN,BUF,0,0,0,0,0,0,0,0,0,0,0,0,5,5,43,0,3,0,0,0,,0,0,0,0,0,0,0,0,0,0,0,,0
00-0033040,Tyreek Hill,WR,2024,7,REG,2024_07_MIA_IND,MIA,IND,0,0,0,0,0,0,0,1,5,0,0,0,1,2,8,0,0,0,0,0,,0,0,0,0,0,0,0,0,0,0,0,,0
00-0033090,Hunter Henry,TE,2024,7,REG,2024_07_NE_JAX,NE,JAX,0,0,0,0,0,0,0,0,0,0,0,0,8,9,92,0,4,0,0,0,,0,0,0,0,0,0,0,0,0,0,0,,0
00-0033106,Jared Goff,QB,2024,7,REG,2024_07_DET_MIN,DET,MIN,22,25,280,2,0,4,-33,2,-4,0,0,0,0,0,0,0,0,0,0,0,,0,0,0,0,0,0,0,0,0,0,0,,0
00-0033217,Mo Alie-Cox,TE,2024,7,REG,2024_07_MIA_IND,IND,MIA,0,0,0,0,0,0,0,0,0,0,0,0,0,1,0,0,0,0,0,0,,0,0,0,0,0,0,0,0,0,0,0,,0
00-0033246,Johnny Mundt,TE,2024,7,REG,2024_07_DET_MIN,MIN,DET,0,0,0,0,0,0,0,0,0,0,0,0,4,5,8,0,0,0,0,0,,0,0,0,0,0,0,0,0,0,0,0,,0
00-0033269,Rigoberto Sanchez,P,2024,7,REG,2024_07_MIA_IND,IND,MIA,0,0,0,0,0,0,0,0,0,0,0,0,0,0,0,0,0,0,0,0,,0,0,0,0,0,0,0,0,7,337,299,55,0
00-0033282,Curtis Samuel,WR,2024,7,REG,2024_07_TEN_BUF,BUF,TEN,0,0,0,0,0,0,0,0,0,0,0,0,0,1,0,0,0,0,0,0,,0,0,0,0,0,0,0,0,0,0,0,,0
00-0033288,George Kittle,TE,2024,7,REG,2024_07_KC_SF,SF,KC,0,0,0,0,0,0,0,0,0,0,0,0,6,7,92,0,3,0,0,0,,0,0,0,0,0,0,0,0,0,0,0,,0
00-0033293,Aaron Jones,RB,2024,7,REG,2024_07_DET_MIN,MIN,DET,0,0,0,0,0,0,0,14,93,1,3,0,3,3,23,0,2,0,0,0,,0,0,0,0,0,0,0,0,0,0,0,,0
00-0033303,Harrison Butker,K,2024,7,REG,2024_07_KC_SF,KC,SF,0,0,0,0,0,0,0,0,0,0,0,0,0,0,0,0,0,0,0,0,,0,0,0,0,0,0,4,4,0,0,0,,0
00-0033307,Kendrick Bourne,WR,2024,7,REG,2024_07_NE_JAX,NE,JAX,0,0,0,0,0,0,0,0,0,0,0,0,1,2,14,0,1,0,0,0,,0,0,0,0,0,0,0,0,0,0,0,,0
00-0033375,Tim Patrick,WR,2024,7,REG,2024_07_DET_MIN,DET,MIN,0,0,0,0,0,0,0,0,0,0,0,0,2,2,25,0,1,0,0,0,,0,0,0,0,0,0,0,0,0,0,0,,0
00-0033376,Patrick Ricard,RB,2024,7,REG,2024_07_BAL_TB,BAL,TB,0,0,0,0,0,0,0,0,0,0,0,0,0,1,0,0,0,0,0,0,,0,0,0,0,0,0,0,0,0,0,0,,0
00-0033400,Matt Haack,P,2024,7,REG,2024_07_PHI_NYG,NYG,PHI,0,0,0,0,0,0,0,0,0,0,0,0,0,0,0,0,0,0,0,0,,0,0,0,0,0,0,0,0,11,517,472,64,4
00-0033526,Samaje Perine,RB,2024,7,REG,2024_07_KC_SF,KC,SF,0,0,0,0,0,0,0,2,6,0,0,0,1,1,22,0,1,0,0,0,,0,0,0,0,0,0,0,0,0,0,0,,0
00-0033536,Mike Williams,WR,2024,7,REG,2024_07_NYJ_PIT,NYJ,PIT,0,0,0,0,0,0,0,0,0,0,0,0,1,2,15,0,1,0,0,0,,0,0,0,0,0,0,0,0,0,0,0,,0
00-0033537,Deshaun Watson,QB,2024,7,REG,2024_07_CIN_CLE,CLE,CIN,15,17,128,0,0,2,-13,2,0,0,1,0,0,0,0,0,0,0,0,0,,0,0,0,0,0,0,0,0,0,0,0,,0
00-0033553,James Conner,RB,2024,7,REG,2024_07_LAC_ARI,ARI,LAC,0,0,0,0,0,0,0,19,101,0,7,0,2,4,51,0,2,0,0,0,,0,0,0,0,0,0,0,0,0,0,0,,0
00-0033555,Mack Hollins,WR,2024,7,REG,2024_07_TEN_BUF,BUF,TEN,0,0,0,0,0,0,0,0,0,0,0,0,0,1,0,0,0,0,0,0,,0,0,0,0,0,0,0,0,0,0,0,,0
00-0033557,Jalen Reeves-Maybin,LB,2024,7,REG,2024_07_DET_MIN,DET,MIN,0,0,0,0,0,0,0,1,1,0,0,0,0,0,0,0,0,0,0,0,,0,0,0,0,0,0,0,0,0,0,0,,0
00-0033591,Noah Brown,WR,2024,7,REG,2024_07_CAR_WAS,WAS,CAR,0,0,0,0,0,0,0,0,0,0,0,0,1,1,16,0,1,0,0,0,,0,0,0,0,0,0,0,0,0,0,0,,0
00-0033699,Austin Ekeler,RB,2024,7,REG,2024_07_CAR_WAS,WAS,CAR,0,0,0,0,0,0,0,4,17,0,0,0,2,2,3,0,0,0,0,0,,0,0,0,0,0,0,0,0,0,0,0,,0
00-0033702,Younghoe Koo,K,2024,7,REG,2024_07_SEA_ATL,ATL,SEA,0,0,0,0,0,0,0,0,0,0,0,0,0,0,0,0,0,0,0,1,,0,0,0,0,0,0,2,2,0,0,0,,0
00-0033787,Jake Elliott,K,2024,7,REG,2024_07_PHI_NYG,PHI,NYG,0,0,0,0,0,0,0,0,0,0,0,0,0,0,0,0,0,0,0,0,,0,0,0,0,0,0,4,4,0,0,0,,0
00-0033854,Dare Ogunbowale,RB,2024,7,REG,2024_07_HOU_GB,HOU,GB,0,0,0,0,0,0,0,1,6,0,1,0,0,1,0,0,0,0,0,0,,0,0,0,0,0,0,0,0,0,0,0,,0
00-0033858,Jonnu Smith,TE,2024,7,REG,2024_07_MIA_IND,MIA,IND,0,0,0,0,0,0,0,0,0,0,0,0,7,7,96,1,7,0,0,0,,0,0,0,0,0,0,0,0,0,0,0,,0
00-0033873,Patrick Mahomes,QB,2024,7,REG,2024_07_KC_SF,KC,SF,16,27,154,0,2,2,-9,5,39,1,3,0,0,0,0,0,0,0,0,0,,0,0,0,0,0,0,0,0,0,0,0,,0
00-0033881,Evan Engram,TE,2024,7,REG,2024_07_NE_JAX,JAX,NE,0,0,0,0,0,0,0,0,0,0,0,0,5,5,35,0,2,0,0,0,,0,0,0,0,0,0,0,0,0,0,0,,0
00-0033885,David Njoku,TE,2024,7,REG,2024_07_CIN_CLE,CLE,CIN,0,0,0,0,0,0,0,0,0,0,0,0,10,14,76,1,4,0,0,0,,0,0,0,0,0,0,0,0,0,0,0,,0
00-0033891,Zay Jones,WR,2024,7,REG,2024_07_LAC_ARI,ARI,LAC,0,0,0,0,0,0,0,0,0,0,0,0,0,1,0,0,0,0,0,0,,0,0,0,0,0,0,0,0,0,0,0,,0
00-0033897,Joe Mixon,RB,2024,7,REG,2024_07_HOU_GB,HOU,GB,0,0,0,0,0,0,0,25,115,2,6,0,2,3,9,0,1,0,0,0,,0,0,0,0,0,0,0,0,0,0,0,,0
00-0033906,Alvin Kamara,RB,2024,7,REG,2024_07_DEN_NO,NO,DEN,0,0,0,0,0,0,0,7,10,0,1,0,6,7,14,0,0,0,0,0,,0,0,0,0,0,0,0,0,0,0,0,,0
00-0033921,Chris Godwin Jr.,WR,2024,7,REG,2024_07_BAL_TB,TB,BAL,0,0,0,0,0,0,0,0,0,0,0,0,7,9,65,0,3,0,0,0,,0,0,0,0,0,0,0,0,0,0,0,,0
00-0033923,Kareem Hunt,RB,2024,7,REG,2024_07_KC_SF,KC,SF,0,0,0,0,0,0,0,22,78,2,5,0,2,2,5,0,1,0,0,0,,0,0,0,0,0,0,0,0,0,0,0,,0
00-0033925,D'Onta Foreman,RB,2024,7,REG,2024_07_CIN_CLE,CLE,CIN,0,0,0,0,0,0,0,2,5,0,1,0,0,0,0,0,0,0,0,0,,0,0,0,0,0,0,0,0,0,0,0,,0
00-0033948,Jamaal Williams,RB,2024,7,REG,2024_07_DEN_NO,NO,DEN,0,0,0,0,0,0,0,3,17,0,2,0,0,0,0,0,0,0,0,0,,0,0,0,0,0,0,0,0,0,0,0,,0
00-0033955,Jeremy McNichols,RB,2024,7,REG,2024_07_CAR_WAS,WAS,CAR,0,0,0,0,0,0,0,7,42,0,1,0,0,0,0,0,0,0,0,0,,0,0,0,0,0,0,0,0,0,0,0,,0
00-0034159,Will Dissly,TE,2024,7,REG,2024_07_LAC_ARI,LAC,ARI,0,0,0,0,0,0,0,0,0,0,0,0,8,11,81,0,4,0,0,0,,0,0,0,0,0,0,0,0,0,0,0,,0
00-0034160,Michael Dickson,P,2024,7,REG,2024_07_SEA_ATL,SEA,ATL,0,0,0,0,0,0,0,0,0,0,0,0,0,0,0,0,0,0,0,0,,0,0,0,0,0,0,0,0,4,156,156,42,3
00-0034161,Daniel Carlson,K,2024,7,REG,2024_07_LV_LA,LV,LA,0,0,0,0,0,0,0,0,0,0,0,0,0,0,0,0,0,0,5,5,47,0,2,2,1,0,0,0,0,0,0,0,,0
00-0034162,J.K. Scott,P,2024,7,REG,2024_07_LAC_ARI,LAC,ARI,0,0,0,0,0,0,0,0,0,0,0,0,0,0,0,0,0,0,0,0,,0,0,0,0,0,0,0,0,2,75,75,39,1
00-0034173,Eddy Pineiro,K,2024,7,REG,2024_07_CAR_WAS,CAR,WAS,0,0,0,0,0,0,0,0,0,0,0,0,0,0,0,0,0,0,0,0,,0,0,0,0,0,0,1,1,0,0,0,,0
00-0034177,Tim Boyle,QB,2024,7,REG,2024_07_MIA_IND,MIA,IND,8,13,74,0,0,0,0,1,4,0,1,0,0,0,0,0,0,0,0,0,,0,0,0,0,0,0,0,0,0,0,0,,0
00-0034270,Tyler Conklin,TE,2024,7,REG,2024_07_NYJ_PIT,NYJ,PIT,0,0,0,0,0,0,0,0,0,0,0,0,4,4,7,1,1,0,0,0,,0,0,0,0,0,0,0,0,0,0,0,,0
00-0034364,Jordan Akins,TE,2024,7,REG,2024_07_CIN_CLE,CLE,CIN,0,0,0,0,0,0,0,0,0,0,0,0,4,4,42,0,2,0,0,0,,0,0,0,0,0,0,0,0,0,0,0,,0
00-0034365,Ian Thomas,TE,2024,7,REG,2024_07_CAR_WAS,CAR,WAS,0,0,0,0,0,0,0,0,0,0,0,0,2,2,4,0,1,0,0,0,,0,0,0,0,0,0,0,0,0,0,0,,0
00-0034383,Dalton Schultz,TE,2024,7,REG,2024_07_HOU_GB,HOU,GB,0,0,0,0,0,0,0,0,0,0,0,0,1,2,28,0,1,0,0,0,,0,0,0,0,0,0,0,0,0,0,0,,0
00-0034386,Justin Watson,WR,2024,7,REG,2024_07_KC_SF,KC,SF,0,0,0,0,0,0,0,0,0,0,0,0,1,1,8,0,0,0,0,0,,0,0,0,0,0,0,0,0,0,0,0,,0
00-0034407,Ray-Ray McCloud,WR,2024,7,REG,2024_07_SEA_ATL,ATL,SEA,0,0,0,0,0,0,0,0,0,0,0,0,2,4,9,0,0,0,0,0,,0,0,0,0,0,0,0,0,0,0,0,,0
00-0034418,Cedrick Wilson Jr.,WR,2024,7,REG,2024_07_DEN_NO,NO,DEN,0,0,0,0,0,0,0,0,0,0,0,0,6,7,57,1,3,0,0,0,,0,0,0,0,0,0,0,0,0,0,0,,0
00-0034437,Logan Cooke,P,2024,7,REG,2024_07_NE_JAX,JAX,NE,0,0,0,0,0,0,0,0,0,0,0,0,0,0,0,0,0,0,0,0,,0,0,0,0,0,0,0,0,2,70,62,38,2
00-0034450,Greg Joseph,K,2024,7,REG,2024_07_PHI_NYG,NYG,PHI,0,0,0,0,0,0,0,0,0,0,0,0,0,0,0,0,0,0,1,1,38,0,0,1,0,0,0,0,0,0,0,0,,0
00-0034521,Allen Lazard,WR,2024,7,REG,2024_07_NYJ_PIT,NYJ,PIT,0,0,0,0,0,0,0,0,0,0,0,0,4,4,58,0,4,0,0,0,,0,0,0,0,0,0,0,0,0,0,0,,0
00-0034613,Tanner Hudson,TE,2024,7,REG,2024_07_CIN_CLE,CIN,CLE,0,0,0,0,0,0,0,0,0,0,0,0,0,1,0,0,0,0,0,0,,0,0,0,0,0,0,0,0,0,0,0,,0
00-0034721,Corey Bojorquez,P,2024,7,REG,2024_07_CIN_CLE,CLE,CIN,0,0,0,0,0,0,0,0,0,0,0,0,0,0,0,0,0,0,0,0,,0,0,0,0,0,0,0,0,7,355,316,58,3
00-0034753,Mark Andrews,TE,2024,7,REG,2024_07_BAL_TB,BAL,TB,0,0,0,0,0,0,0,0,0,0,0,0,4,4,41,2,3,0,0,0,,0,0,0,0,0,0,0,0,0,0,0,,0
00-0034771,Mason Rudolph,QB,2024,7,REG,2024_07_TEN_BUF,TEN,BUF,25,40,215,1,1,3,-15,5,13,0,1,1,0,0,0,0,0,0,0,0,,0,0,0,0,0,0,0,0,0,0,0,,0
00-0034775,Christian Kirk,WR,2024,7,REG,2024_07_NE_JAX,JAX,NE,0,0,0,0,0,0,0,0,0,0,0,0,1,3,24,0,1,0,0,0,,0,0,0,0,0,0,0,0,0,0,0,,0
00-0034791,Nick Chubb,RB,2024,7,REG,2024_07_CIN_CLE,CLE,CIN,0,0,0,0,0,0,0,11,22,1,1,0,1,3,10,0,1,0,0,0,,0,0,0,0,0,0,0,0,0,0,0,,0
00-0034794,Jason Sanders,K,2024,7,REG,2024_07_MIA_IND,MIA,IND,0,0,0,0,0,0,0,0,0,0,0,0,0,0,0,0,0,0,1,2,33,0,0,1,0,0,0,1,1,0,0,0,,0
00-0034796,Lamar Jackson,QB,2024,7,REG,2024_07_BAL_TB,BAL,TB,17,22,281,5,0,2,-17,9,52,0,3,1,0,0,0,0,0,0,0,0,,0,0,0,0,0,0,0,0,0,0,0,,0
00-0034829,Mike Gesicki,TE,2024,7,REG,2024_07_CIN_CLE,CIN,CLE,0,0,0,0,0,0,0,0,0,0,0,0,1,1,2,0,0,0,0,0,,0,0,0,0,0,0,0,0,0,0,0,,0
00-0034837,Calvin Ridley,WR,2024,7,REG,2024_07_TEN_BUF,TEN,BUF,0,0,0,0,0,0,0,0,0,0,0,0,3,9,42,0,1,0,0,0,,0,0,0,0,0,0,0,0,0,0,0,,0
00-0034844,Saquon Barkley,RB,2024,7,REG,2024_07_PHI_NYG,PHI,NYG,0,0,0,0,0,0,0,17,176,1,6,0,2,3,11,0,0,0,0,0,,0,0,0,0,0,0,0,0,0,0,0,,0
00-0034855,Baker Mayfield,QB,2024,7,REG,2024_07_BAL_TB,TB,BAL,31,45,370,3,2,3,-14,5,22,0,1,0,0,0,0,0,0,0,0,0,,0,0,0,0,0,0,0,0,0,0,0,,0
00-0034857,Josh Allen,QB,2024,7,REG,2024_07_TEN_BUF,BUF,TEN,21,33,323,2,0,1,-8,3,1,0,0,0,0,0,0,0,0,0,0,0,,0,0,0,0,0,0,0,0,0,0,0,,0
00-0034869,Sam Darnold,QB,2024,7,REG,2024_07_DET_MIN,MIN,DET,22,27,259,1,1,4,-15,4,39,0,1,0,0,0,0,0,0,0,0,0,,0,0,0,0,0,0,0,0,0,0,0,,0
00-0034941,Mitch Wishnowsky,P,2024,7,REG,2024_07_KC_SF,SF,KC,0,0,0,0,0,0,0,0,0,0,0,0,0,0,0,0,0,0,0,0,,0,0,0,0,0,0,0,0,4,193,138,51,3
00-0034972,Alexander Mattison,RB,2024,7,REG,2024_07_LV_LA,LV,LA,0,0,0,0,0,0,0,23,92,0,5,0,3,3,31,0,1,0,0,0,,0,0,0,0,0,0,0,0,0,0,0,,0
00-0034975,Justice Hill,RB,2024,7,REG,2024_07_BAL_TB,BAL,TB,0,0,0,0,0,0,0,5,4,0,0,0,3,3,44,1,1,0,0,0,,0,0,0,0,0,0,0,0,0,0,0,,0
00-0034981,Foster Moreau,TE,2024,7,REG,2024_07_DEN_NO,NO,DEN,0,0,0,0,0,0,0,0,0,0,0,0,2,2,38,0,1,0,0,0,,0,0,0,0,0,0,0,0,0,0,0,,0
00-0035021,Ashton Dulin,WR,2024,7,REG,2024_07_MIA_IND,IND,MIA,0,0,0,0,0,0,0,1,12,0,1,0,0,0,0,0,0,0,0,0,,0,0,0,0,0,0,0,0,0,0,0,,0
00-0035125,Alec Ingold,FB,2024,7,REG,2024_07_MIA_IND,MIA,IND,0,0,0,0,0,0,0,2,-1,0,0,1,1,1,25,0,1,0,0,0,,0,0,0,0,0,0,0,0,0,0,0,,0
00-0035140,Mecole Hardman,WR,2024,7,REG,2024_07_KC_SF,KC,SF,0,0,0,0,0,0,0,2,38,1,2,0,1,2,17,0,1,0,0,0,,0,0,0,0,0,0,0,0,0,0,0,,0
00-0035145,Austin Seibert,K,2024,7,REG,2024_07_CAR_WAS,WAS,CAR,0,0,0,0,0,0,0,0,0,0,0,0,0,0,0,0,0,0,4,4,49,0,2,1,1,0,0,4,4,0,0,0,,0
00-0035156,Jack Fox,P,2024,7,REG,2024_07_DET_MIN,DET,MIN,0,0,0,0,0,0,0,0,0,0,0,0,0,0,0,0,0,0,0,0,,0,0,0,0,0,0,0,0,4,219,184,63,1
00-0035190,AJ Cole,P,2024,7,REG,2024_07_LV_LA,LV,LA,0,0,0,0,0,0,0,0,0,0,0,0,0,0,0,0,0,0,0,0,,0,0,0,0,0,0,0,0,4,190,162,56,1
00-0035192,Joey Slye,K,2024,7,REG,2024_07_NE_JAX,NE,JAX,0,0,0,0,0,0,0,0,0,0,0,0,0,0,0,0,0,0,1,1,41,0,0,0,1,0,0,1,1,0,0,0,,0
00-0035208,Olamide Zaccheaus,WR,2024,7,REG,2024_07_CAR_WAS,WAS,CAR,0,0,0,0,0,0,0,0,0,0,0,0,4,6,25,0,2,0,0,0,,0,0,0,0,0,0,0,0,0,0,0,,0
00-0035216,Diontae Johnson,WR,2024,7,REG,2024_07_CAR_WAS,CAR,WAS,0,0,0,0,0,0,0,0,0,0,0,0,1,3,17,0,1,0,0,0,,0,0,0,0,0,0,0,0,0,0,0,,0
00-0035228,Kyler Murray,QB,2024,7,REG,2024_07_LAC_ARI,ARI,LAC,14,26,145,1,1,0,0,6,64,1,2,0,0,0,0,0,0,0,0,0,,0,0,0,0,0,0,0,0,0,0,0,,0
00-0035243,Miles Sanders,RB,2024,7,REG,2024_07_CAR_WAS,CAR,WAS,0,0,0,0,0,0,0,3,34,0,2,0,1,2,-6,0,0,0,0,0,,0,0,0,0,0,0,0,0,0,0,0,,0
00-0035249,Josh Oliver,TE,2024,7,REG,2024_07_DET_MIN,MIN,DET,0,0,0,0,0,0,0,0,0,0,0,0,1,1,5,0,0,0,0,0,,0,0,0,0,0,0,0,0,0,0,0,,0
00-0035250,Devin Singletary,RB,2024,7,REG,2024_07_PHI_NYG,NYG,PHI,0,0,0,0,0,0,0,5,18,0,0,0,1,1,3,0,0,0,0,0,,0,0,0,0,0,0,0,0,0,0,0,,0
00-0035261,Tony Pollard,RB,2024,7,REG,2024_07_TEN_BUF,TEN,BUF,0,0,0,0,0,0,0,16,61,0,1,0,2,6,4,0,0,0,0,0,,0,0,0,0,0,0,0,0,0,0,0,,0
00-0035264,Jarrett Stidham,QB,2024,7,REG,2024_07_DEN_NO,DEN,NO,0,0,0,0,0,0,0,2,-2,0,0,0,0,0,0,0,0,0,0,0,,0,0,0,0,0,0,0,0,0,0,0,,0
00-0035269,Matt Gay,K,2024,7,REG,2024_07_MIA_IND,IND,MIA,0,0,0,0,0,0,0,0,0,0,0,0,0,0,0,0,0,0,3,3,52,0,1,1,0,1,0,1,1,0,0,0,,0
00-0035280,Jake Bailey,P,2024,7,REG,2024_07_MIA_IND,MIA,IND,0,0,0,0,0,0,0,0,0,0,0,0,0,0,0,0,0,0,0,0,,0,0,0,0,0,0,0,0,6,286,273,59,3
00-0035289,Gardner Minshew,QB,2024,7,REG,2024_07_LV_LA,LV,LA,15,34,154,0,3,2,-11,1,2,0,1,0,0,0,0,0,0,0,0,0,,0,0,0,0,0,0,0,0,0,0,0,,0
00-0035358,Chase McLaughlin,K,2024,7,REG,2024_07_BAL_TB,TB,BAL,0,0,0,0,0,0,0,0,0,0,0,0,0,0,0,0,0,0,1,2,23,0,1,0,0,0,0,2,2,0,0,0,,0
00-0035406,Lil'Jordan Humphrey,WR,2024,7,REG,2024_07_DEN_NO,DEN,NO,0,0,0,0,0,0,0,0,0,0,0,0,2,3,12,0,1,0,0,0,,0,0,0,0,0,0,0,0,0,0,0,,0
00-0035500,Greg Dortch,WR,2024,7,REG,2024_07_LAC_ARI,ARI,LAC,0,0,0,0,0,0,0,0,0,0,0,0,1,2,5,1,1,0,0,0,,0,0,0,0,0,0,0,0,0,0,0,,0
00-0035535,Darius Slayton,WR,2024,7,REG,2024_07_PHI_NYG,NYG,PHI,0,0,0,0,0,0,0,0,0,0,0,0,1,3,11,0,1,0,0,0,,0,0,0,0,0,0,0,0,0,0,0,,0
00-0035537,Ty Johnson,RB,2024,7,REG,2024_07_TEN_BUF,BUF,TEN,0,0,0,0,0,0,0,0,0,0,0,0,1,1,4,1,1,0,0,0,,0,0,0,0,0,0,0,0,0,0,0,,0
00-0035547,Joseph Fortson,TE,2024,7,REG,2024_07_KC_SF,KC,SF,0,0,0,0,0,0,0,0,0,0,0,0,0,1,0,0,0,0,0,0,,0,0,0,0,0,0,0,0,0,0,0,,0
00-0035628,D'Ernest Johnson,RB,2024,7,REG,2024_07_NE_JAX,JAX,NE,0,0,0,0,0,0,0,9,38,0,3,0,3,4,32,0,1,0,0,0,,0,0,0,0,0,0,0,0,0,0,0,,0
00-0035631,Drew Sample,TE,2024,7,REG,2024_07_CIN_CLE,CIN,CLE,0,0,0,0,0,0,0,0,0,0,0,0,0,1,0,0,0,0,0,0,,0,0,0,0,0,0,0,0,0,0,0,,0
00-0035639,Parris Campbell,WR,2024,7,REG,2024_07_PHI_NYG,PHI,NYG,0,0,0,0,0,0,0,0,0,0,0,0,0,1,0,0,0,0,0,0,,0,0,0,0,0,0,0,0,0,0,0,,0
00-0035640,DK Metcalf,WR,2024,7,REG,2024_07_SEA_ATL,SEA,ATL,0,0,0,0,0,0,0,0,0,0,0,0,4,7,99,1,3,0,0,0,,0,0,0,0,0,0,0,0,0,0,0,,0
00-0035644,Noah Fant,TE,2024,7,REG,2024_07_SEA_ATL,SEA,ATL,0,0,0,0,0,0,0,0,0,0,0,0,4,4,65,0,3,0,0,0,,0,0,0,0,0,0,0,0,0,0,0,,0
00-0035659,Terry McLaurin,WR,2024,7,REG,2024_07_CAR_WAS,WAS,CAR,0,0,0,0,0,0,0,0,0,0,0,0,6,6,98,0,5,0,0,0,,0,0,0,0,0,0,0,0,0,0,0,,0
00-0035676,A.J. Brown,WR,2024,7,REG,2024_07_PHI_NYG,PHI,NYG,0,0,0,0,0,0,0,0,0,0,0,0,5,5,89,1,5,0,0,0,,0,0,0,0,0,0,0,0,0,0,0,,0
00-0035685,David Montgomery,RB,2024,7,REG,2024_07_DET_MIN,DET,MIN,0,0,0,0,0,0,0,9,31,0,0,1,3,4,39,0,1,0,0,0,,0,0,0,0,0,0,0,0,0,0,0,,0
00-0035689,Dawson Knox,TE,2024,7,REG,2024_07_TEN_BUF,BUF,TEN,0,0,0,0,0,0,0,0,0,0,0,0,1,3,5,0,0,0,0,0,,0,0,0,0,0,0,0,0,0,0,0,,0
00-0035700,Josh Jacobs,RB,2024,7,REG,2024_07_HOU_GB,GB,HOU,0,0,0,0,0,0,0,12,76,0,3,0,5,5,16,1,1,0,0,0,,0,0,0,0,0,0,0,0,0,0,0,,0
00-0035704,Drew Lock,QB,2024,7,REG,2024_07_PHI_NYG,NYG,PHI,3,8,6,0,0,1,-6,1,13,0,1,0,0,0,0,0,0,0,0,0,,0,0,0,0,0,0,0,0,0,0,0,,0
00-0035710,Daniel Jones,QB,2024,7,REG,2024_07_PHI_NYG,NYG,PHI,14,21,99,0,0,7,-56,5,20,0,1,0,0,0,0,0,0,0,0,0,,0,0,0,0,0,0,0,0,0,0,0,,0
00-0035806,JaMycal Hasty,RB,2024,7,REG,2024_07_NE_JAX,NE,JAX,0,0,0,0,0,0,0,2,-2,0,0,0,5,5,49,1,2,0,0,0,,0,0,0,0,0,0,0,0,0,0,0,,0
00-0035821,Corliss Waitman,P,2024,7,REG,2024_07_NYJ_PIT,PIT,NYJ,0,0,0,0,0,0,0,0,0,0,0,0,0,0,0,0,0,0,0,0,,0,0,0,0,0,0,0,0,4,184,180,55,3
00-0035859,Blake Gillikin,P,2024,7,REG,2024_07_LAC_ARI,ARI,LAC,0,0,0,0,0,0,0,0,0,0,0,0,0,0,0,0,0,0,0,0,,0,0,0,0,0,0,0,0,4,178,178,54,4
00-0035889,Tommy Townsend,P,2024,7,REG,2024_07_HOU_GB,HOU,GB,0,0,0,0,0,0,0,0,0,0,0,0,0,0,0,0,0,0,0,0,,0,0,0,0,0,0,0,0,6,241,208,58,4
00-0035993,Tyler Huntley,QB,2024,7,REG,2024_07_MIA_IND,MIA,IND,7,13,87,1,0,2,-12,5,20,0,2,0,0,0,0,0,0,0,0,0,,0,0,0,0,0,0,0,0,0,0,0,,0
00-0036040,Juwan Johnson,TE,2024,7,REG,2024_07_DEN_NO,NO,DEN,0,0,0,0,0,0,0,0,0,0,0,0,3,6,18,0,1,0,0,0,,0,0,0,0,0,0,0,0,0,0,0,,0
00-0036158,J.K. Dobbins,RB,2024,7,REG,2024_07_LAC_ARI,LAC,ARI,0,0,0,0,0,0,0,14,40,0,3,0,3,3,26,0,1,0,0,0,,0,0,0,0,0,0,0,0,0,0,0,,0
00-0036162,Tyler Bass,K,2024,7,REG,2024_07_TEN_BUF,BUF,TEN,0,0,0,0,0,0,0,0,0,0,0,0,0,0,0,0,0,0,2,2,30,0,1,1,0,0,0,4,4,0,0,0,,0
00-0036182,Nick Westbrook-Ikhine,WR,2024,7,REG,2024_07_TEN_BUF,TEN,BUF,0,0,0,0,0,0,0,0,0,0,0,0,2,4,10,1,2,0,0,0,,0,0,0,0,0,0,0,0,0,0,0,,0
00-0036196,Gabe Davis,WR,2024,7,REG,2024_07_NE_JAX,JAX,NE,0,0,0,0,0,0,0,0,0,0,0,0,1,2,13,0,1,0,0,0,,0,0,0,0,0,0,0,0,0,0,0,,0
00-0036232,Harrison Bryant,TE,2024,7,REG,2024_07_LV_LA,LV,LA,0,0,0,0,0,0,0,0,0,0,0,0,2,2,19,0,2,0,0,0,,0,0,0,0,0,0,0,0,0,0,0,,0
00-0036244,Colby Parkinson,TE,2024,7,REG,2024_07_LV_LA,LA,LV,0,0,0,0,0,0,0,0,0,0,0,0,2,2,32,0,1,0,0,0,,0,0,0,0,0,0,0,0,0,0,0,,0
00-0036251,Zack Moss,RB,2024,7,REG,2024_07_CIN_CLE,CIN,CLE,0,0,0,0,0,0,0,6,7,0,0,0,3,3,33,0,2,0,0,0,,0,0,0,0,0,0,0,0,0,0,0,,0
00-0036252,Michael Pittman,WR,2024,7,REG,2024_07_MIA_IND,IND,MIA,0,0,0,0,0,0,0,0,0,0,0,0,3,5,63,0,2,0,0,0,,0,0,0,0,0,0,0,0,0,0,0,,0
00-0036261,Brandon Aiyuk,WR,2024,7,REG,2024_07_KC_SF,SF,KC,0,0,0,0,0,0,0,0,0,0,0,0,2,6,23,0,1,0,0,0,,0,0,0,0,0,0,0,0,0,0,0,,0
00-0036264,Jordan Love,QB,2024,7,REG,2024_07_HOU_GB,GB,HOU,24,33,220,3,2,3,-25,0,0,0,0,0,0,0,0,0,0,0,0,0,,0,0,0,0,0,0,0,0,0,0,0,,0
00-0036309,Darnell Mooney,WR,2024,7,REG,2024_07_SEA_ATL,ATL,SEA,0,0,0,0,0,0,0,0,0,0,0,0,5,8,46,0,4,0,0,0,,0,0,0,0,0,0,0,0,0,0,0,,0
00-0036313,Braden Mann,P,2024,7,REG,2024_07_PHI_NYG,PHI,NYG,0,0,0,0,0,0,0,0,0,0,0,0,0,0,0,0,0,0,0,0,,0,0,0,0,0,0,0,0,8,419,364,67,2
00-0036322,Justin Jefferson,WR,2024,7,REG,2024_07_DET_MIN,MIN,DET,0,0,0,0,0,0,0,1,3,0,0,0,7,8,81,1,4,0,0,0,,0,0,0,0,0,0,0,0,0,0,0,,0
00-0036328,Antonio Gibson,RB,2024,7,REG,2024_07_NE_JAX,NE,JAX,0,0,0,0,0,0,0,3,4,0,0,0,1,1,9,0,0,0,0,0,,0,0,0,0,0,0,0,0,0,0,0,,0
00-0036345,K.J. Osborn,WR,2024,7,REG,2024_07_NE_JAX,NE,JAX,0,0,0,0,0,0,0,0,0,0,0,0,2,3,26,1,1,0,0,0,,0,0,0,0,0,0,0,0,0,0,0,,0
00-0036355,Justin Herbert,QB,2024,7,REG,2024_07_LAC_ARI,LAC,ARI,27,39,349,0,0,3,-13,2,8,0,0,0,0,0,0,0,0,0,0,0,,0,0,0,0,0,0,0,0,0,0,0,,0
00-0036387,Jalen Reagor,WR,2024,7,REG,2024_07_LAC_ARI,LAC,ARI,0,0,0,0,0,0,0,1,-1,0,0,0,1,1,41,0,0,1,0,0,,0,0,0,0,0,0,0,0,0,0,0,,0
00-0036389,Jalen Hurts,QB,2024,7,REG,2024_07_PHI_NYG,PHI,NYG,10,14,114,1,0,4,-36,7,22,2,4,0,0,0,0,0,0,0,0,0,,0,0,0,0,0,0,0,0,0,0,0,,0
00-0036407,Jerry Jeudy,WR,2024,7,REG,2024_07_CIN_CLE,CLE,CIN,0,0,0,0,0,0,0,0,0,0,0,0,1,6,18,0,1,0,0,0,,0,0,0,0,0,0,0,0,0,0,0,,0
00-0036410,Tee Higgins,WR,2024,7,REG,2024_07_CIN_CLE,CIN,CLE,0,0,0,0,0,0,0,0,0,0,0,0,4,8,82,1,4,0,0,0,,0,0,0,0,0,0,0,0,0,0,0,,0
00-0036415,Van Jefferson,WR,2024,7,REG,2024_07_NYJ_PIT,PIT,NYJ,0,0,0,0,0,0,0,0,0,0,0,0,2,3,15,1,2,0,0,0,,0,0,0,0,0,0,0,0,0,0,0,,0
00-0036422,Adam Trautman,TE,2024,7,REG,2024_07_DEN_NO,DEN,NO,0,0,0,0,0,0,0,0,0,0,0,0,0,3,0,0,0,0,0,0,,0,0,0,0,0,0,0,0,0,0,0,,0
00-0036427,Tyler Johnson,WR,2024,7,REG,2024_07_LV_LA,LA,LV,0,0,0,0,0,0,0,0,0,0,0,0,4,7,57,0,1,0,0,0,,0,0,0,0,0,0,0,0,0,0,0,,0
00-0036442,Joe Burrow,QB,2024,7,REG,2024_07_CIN_CLE,CIN,CLE,15,25,181,2,0,3,-17,3,-3,0,0,0,0,0,0,0,0,0,0,0,,0,0,0,0,0,0,0,0,0,0,0,,0
00-0036527,DJ Turner,WR,2024,7,REG,2024_07_LV_LA,LV,LA,0,0,0,0,0,0,0,1,4,0,0,0,2,7,13,0,0,0,0,0,,0,0,0,0,0,0,0,0,0,0,0,,0
00-0036550,Rashod Bateman,WR,2024,7,REG,2024_07_BAL_TB,BAL,TB,0,0,0,0,0,0,0,0,0,0,0,0,4,4,121,1,3,0,0,0,,0,0,0,0,0,0,0,0,0,0,0,,0
00-0036555,Chuba Hubbard,RB,2024,7,REG,2024_07_CAR_WAS,CAR,WAS,0,0,0,0,0,0,0,17,52,1,2,0,0,0,0,0,0,0,0,0,,0,0,0,0,0,0,0,0,0,0,0,,0
00-0036613,Jaylen Waddle,WR,2024,7,REG,2024_07_MIA_IND,MIA,IND,0,0,0,0,0,0,0,0,0,0,0,0,1,2,11,0,0,0,0,0,,0,0,0,0,0,0,0,0,0,0,0,,0
00-0036626,Dyami Brown,WR,2024,7,REG,2024_07_CAR_WAS,WAS,CAR,0,0,0,0,0,0,0,0,0,0,0,0,1,3,23,0,1,0,0,0,,0,0,0,0,0,0,0,0,0,0,0,,0
00-0036637,Noah Gray,TE,2024,7,REG,2024_07_KC_SF,KC,SF,0,0,0,0,0,0,0,0,0,0,0,0,4,4,66,0,4,0,0,0,,0,0,0,0,0,0,0,0,0,0,0,,0
00-0036646,Simi Fehoko,WR,2024,7,REG,2024_07_LAC_ARI,LAC,ARI,0,0,0,0,0,0,0,0,0,0,0,0,3,6,45,0,3,0,0,0,,0,0,0,0,0,0,0,0,0,0,0,,0
00-0036849,Tutu Atwell,WR,2024,7,REG,2024_07_LV_LA,LA,LV,0,0,0,0,0,0,0,0,0,0,0,0,6,9,51,0,3,0,0,0,,0,0,0,0,0,0,0,0,0,0,0,,0
00-0036854,Evan McPherson,K,2024,7,REG,2024_07_CIN_CLE,CIN,CLE,0,0,0,0,0,0,0,0,0,0,0,0,0,0,0,0,0,0,0,1,,0,0,0,0,0,0,3,3,0,0,0,,0
00-0036875,Rhamondre Stevenson,RB,2024,7,REG,2024_07_NE_JAX,NE,JAX,0,0,0,0,0,0,0,7,18,0,1,0,2,3,7,0,0,0,0,0,,0,0,0,0,0,0,0,0,0,0,0,,0
00-0036876,Kylen Granson,TE,2024,7,REG,2024_07_MIA_IND,IND,MIA,0,0,0,0,0,0,0,0,0,0,0,0,0,2,0,0,0,0,0,0,,0,0,0,0,0,0,0,0,0,0,0,,0
00-0036893,Najee Harris,RB,2024,7,REG,2024_07_NYJ_PIT,PIT,NYJ,0,0,0,0,0,0,0,21,102,1,4,0,0,1,0,0,0,0,0,0,,0,0,0,0,0,0,0,0,0,0,0,,0
00-0036894,Pat Freiermuth,TE,2024,7,REG,2024_07_NYJ_PIT,PIT,NYJ,0,0,0,0,0,0,0,0,0,0,0,0,2,3,51,0,2,0,0,0,,0,0,0,0,0,0,0,0,0,0,0,,0
00-0036900,Ja'Marr Chase,WR,2024,7,REG,2024_07_CIN_CLE,CIN,CLE,0,0,0,0,0,0,0,1,11,0,1,0,5,6,55,1,2,0,0,0,,0,0,0,0,0,0,0,0,0,0,0,,0
00-0036912,DeVonta Smith,WR,2024,7,REG,2024_07_PHI_NYG,PHI,NYG,0,0,0,0,0,0,0,0,0,0,0,0,1,2,-2,0,0,0,0,0,,0,0,0,0,0,0,0,0,0,0,0,,0
00-0036919,Kenny Gainwell,RB,2024,7,REG,2024_07_PHI_NYG,PHI,NYG,0,0,0,0,0,0,0,13,56,0,3,0,1,1,11,0,1,0,0,0,,0,0,0,0,0,0,0,0,0,0,0,,0
00-0036963,Amon-Ra St. Brown,WR,2024,7,REG,2024_07_DET_MIN,DET,MIN,0,0,0,0,0,0,0,0,0,0,0,0,8,8,112,1,7,0,0,0,,0,0,0,0,0,0,0,0,0,0,0,,0
00-0036970,Kyle Pitts,TE,2024,7,REG,2024_07_SEA_ATL,ATL,SEA,0,0,0,0,0,0,0,0,0,0,0,0,7,9,65,0,2,0,0,0,,0,0,0,0,0,0,0,0,0,0,0,,0
00-0036971,Trevor Lawrence,QB,2024,7,REG,2024_07_NE_JAX,JAX,NE,15,20,193,1,0,0,0,2,13,0,2,0,0,0,0,0,0,0,0,0,,0,0,0,0,0,0,0,0,0,0,0,,0
00-0036980,Elijah Moore,WR,2024,7,REG,2024_07_CIN_CLE,CLE,CIN,0,0,0,0,0,0,0,0,0,0,0,0,6,6,41,0,1,0,0,0,,0,0,0,0,0,0,0,0,0,0,0,,0
00-0036984,Trey Sermon,RB,2024,7,REG,2024_07_MIA_IND,IND,MIA,0,0,0,0,0,0,0,8,36,0,4,0,1,1,13,0,1,0,0,0,,0,0,0,0,0,0,0,0,0,0,0,,0
00-0036988,Josh Palmer,WR,2024,7,REG,2024_07_LAC_ARI,LAC,ARI,0,0,0,0,0,0,0,0,0,0,0,0,4,5,63,0,3,0,0,0,,0,0,0,0,0,0,0,0,0,0,0,,0
00-0036997,Javonte Williams,RB,2024,7,REG,2024_07_DEN_NO,DEN,NO,0,0,0,0,0,0,0,14,88,2,6,0,3,3,23,0,1,0,0,0,,0,0,0,0,0,0,0,0,0,0,0,,0
00-0037004,Hunter Long,TE,2024,7,REG,2024_07_LV_LA,LA,LV,0,0,0,0,0,0,0,0,0,0,0,0,1,1,5,0,0,0,0,0,,0,0,0,0,0,0,0,0,0,0,0,,0
00-0037086,Grant Calcaterra,TE,2024,7,REG,2024_07_PHI_NYG,PHI,NYG,0,0,0,0,0,0,0,0,0,0,0,0,1,1,5,0,0,0,0,0,,0,0,0,0,0,0,0,0,0,0,0,,0
00-0037091,Bo Melton,WR,2024,7,REG,2024_07_HOU_GB,GB,HOU,0,0,0,0,0,0,0,1,-1,0,0,0,1,1,8,0,1,0,0,0,,0,0,0,0,0,0,0,0,0,0,0,,0
00-0037097,Trenton Gill,P,2024,7,REG,2024_07_BAL_TB,TB,BAL,0,0,0,0,0,0,0,0,0,0,0,0,0,0,0,0,0,0,0,0,,0,0,0,0,0,0,0,0,2,93,93,52,1
00-0037120,Tyler Goodson,RB,2024,7,REG,2024_07_MIA_IND,IND,MIA,0,0,0,0,0,0,0,14,51,1,2,0,0,0,0,0,0,0,0,0,,0,0,0,0,0,0,0,0,0,0,0,,0
00-0037156,Irvin Charles,WR,2024,7,REG,2024_07_NYJ_PIT,NYJ,PIT,0,0,0,0,0,0,0,0,0,0,0,0,0,1,0,0,0,0,0,0,,0,0,0,0,0,0,0,0,0,0,0,,0
00-0037224,Cameron Dicker,K,2024,7,REG,2024_07_LAC_ARI,LAC,ARI,0,0,0,0,0,0,0,0,0,0,0,0,0,0,0,0,0,0,5,5,59,0,1,0,2,2,0,0,0,0,0,0,,0
00-0037228,Jaylen Warren,RB,2024,7,REG,2024_07_NYJ_PIT,PIT,NYJ,0,0,0,0,0,0,0,12,44,0,2,0,2,3,15,0,1,0,0,0,,0,0,0,0,0,0,0,0,0,0,0,,0
00-0037238,Drake London,WR,2024,7,REG,2024_07_SEA_ATL,ATL,SEA,0,0,0,0,0,0,0,0,0,0,0,0,6,8,63,1,5,0,0,0,,0,0,0,0,0,0,0,0,0,0,0,,0
00-0037240,Jameson Williams,WR,2024,7,REG,2024_07_DET_MIN,DET,MIN,0,0,0,0,0,0,0,0,0,0,0,0,1,1,-4,0,0,0,0,0,,0,0,0,0,0,0,0,0,0,0,0,,0
00-0037247,George Pickens,WR,2024,7,REG,2024_07_NYJ_PIT,PIT,NYJ,0,0,0,0,0,0,0,0,0,0,0,0,5,9,111,1,4,0,0,0,,0,0,0,0,0,0,0,0,0,0,0,,0
00-0037248,James Cook,RB,2024,7,REG,2024_07_TEN_BUF,BUF,TEN,0,0,0,0,0,0,0,12,32,1,1,0,0,0,0,0,0,0,0,0,,0,0,0,0,0,0,0,0,0,0,0,,0
00-0037256,Rachaad White,RB,2024,7,REG,2024_07_BAL_TB,TB,BAL,0,0,0,0,0,0,0,10,40,0,2,0,6,6,71,2,4,0,0,0,,0,0,0,0,0,0,0,0,0,0,0,,0
00-0037258,Dameon Pierce,RB,2024,7,REG,2024_07_HOU_GB,HOU,GB,0,0,0,0,0,0,0,2,2,0,0,0,0,0,0,0,0,0,0,0,,0,0,0,0,0,0,0,0,0,0,0,,0
00-0037261,Khalil Shakir,WR,2024,7,REG,2024_07_TEN_BUF,BUF,TEN,0,0,0,0,0,0,0,0,0,0,0,0,7,7,65,0,2,0,0,0,,0,0,0,0,0,0,0,0,0,0,0,,0
00-0037263,Tyler Allgeier,RB,2024,7,REG,2024_07_SEA_ATL,ATL,SEA,0,0,0,0,0,0,0,5,36,0,2,0,1,1,9,0,0,0,0,0,,0,0,0,0,0,0,0,0,0,0,0,,0
00-0037276,Ty Chandler,RB,2024,7,REG,2024_07_DET_MIN,MIN,DET,0,0,0,0,0,0,0,2,4,0,0,0,0,0,0,0,0,0,0,0,,0,0,0,0,0,0,0,0,0,0,0,,0
00-0037284,Matt Araiza,P,2024,7,REG,2024_07_KC_SF,KC,SF,0,0,0,0,0,0,0,0,0,0,0,0,0,0,0,0,0,0,0,0,,0,0,0,0,0,0,0,0,3,179,148,67,0
00-0037291,Jalen Nailor,WR,2024,7,REG,2024_07_DET_MIN,MIN,DET,0,0,0,0,0,0,0,0,0,0,0,0,4,5,76,0,3,0,0,0,,0,0,0,0,0,0,0,0,0,0,0,,0
00-0037292,Andrew Ogletree,TE,2024,7,REG,2024_07_MIA_IND,IND,MIA,0,0,0,0,0,0,0,0,0,0,0,0,0,1,0,0,0,0,0,0,,0,0,0,0,0,0,0,0,0,0,0,,0
00-0037475,Stone Smartt,TE,2024,7,REG,2024_07_LAC_ARI,LAC,ARI,0,0,0,0,0,0,0,0,0,0,0,0,1,2,31,0,1,0,0,0,,0,0,0,0,0,0,0,0,0,0,0,,0
00-0037500,Ryan Wright,P,2024,7,REG,2024_07_DET_MIN,MIN,DET,0,0,0,0,0,0,0,0,0,0,0,0,0,0,0,0,0,0,0,0,,0,0,0,0,0,0,0,0,3,145,122,60,1
00-0037525,Jordan Mason,RB,2024,7,REG,2024_07_KC_SF,SF,KC,0,0,0,0,0,0,0,14,58,0,3,0,2,2,11,0,0,0,0,0,,0,0,0,0,0,0,0,0,0,0,0,,0
00-0037539,Lucas Krull,TE,2024,7,REG,2024_07_DEN_NO,DEN,NO,0,0,0,0,0,0,0,0,0,0,0,0,3,4,41,0,2,0,0,0,,0,0,0,0,0,0,0,0,0,0,0,,0
00-0037547,Daniel Whelan,P,2024,7,REG,2024_07_HOU_GB,GB,HOU,0,0,0,0,0,0,0,0,0,0,0,0,0,0,0,0,0,0,0,0,,0,0,0,0,0,0,0,0,5,284,258,66,0
00-0037594,Julius Chestnut,RB,2024,7,REG,2024_07_TEN_BUF,TEN,BUF,0,0,0,0,0,0,0,3,15,0,0,0,1,1,9,0,0,0,0,0,,0,0,0,0,0,0,0,0,0,0,0,,0
00-0037607,Ryan Stonehouse,P,2024,7,REG,2024_07_TEN_BUF,TEN,BUF,0,0,0,0,0,0,0,0,0,0,0,0,0,0,0,0,0,0,0,0,,0,0,0,0,0,0,0,0,5,266,210,62,0
00-0037617,Hassan Haskins,RB,2024,7,REG,2024_07_LAC_ARI,LAC,ARI,0,0,0,0,0,0,0,2,2,0,1,0,0,0,0,0,0,0,0,0,,0,0,0,0,0,0,0,0,0,0,0,,0
00-0037664,Alec Pierce,WR,2024,7,REG,2024_07_MIA_IND,IND,MIA,0,0,0,0,0,0,0,0,0,0,0,0,2,5,15,0,1,0,0,0,,0,0,0,0,0,0,0,0,0,0,0,,0
00-0037740,Garrett Wilson,WR,2024,7,REG,2024_07_NYJ_PIT,NYJ,PIT,0,0,0,0,0,0,0,0,0,0,0,0,5,9,61,0,3,0,0,0,,0,0,0,0,0,0,0,0,0,0,0,,0
00-0037741,Jahan Dotson,WR,2024,7,REG,2024_07_PHI_NYG,PHI,NYG,0,0,0,0,0,0,0,0,0,0,0,0,0,1,0,0,0,0,0,0,,0,0,0,0,0,0,0,0,0,0,0,,0
00-0037744,Trey McBride,TE,2024,7,REG,2024_07_LAC_ARI,ARI,LAC,0,0,0,0,0,0,0,0,0,0,0,0,5,7,51,0,4,0,0,0,,0,0,0,0,0,0,0,0,0,0,0,,0
00-0037746,Brian Robinson,RB,2024,7,REG,2024_07_CAR_WAS,WAS,CAR,0,0,0,0,0,0,0,12,71,1,5,0,0,0,0,0,0,0,0,0,,0,0,0,0,0,0,0,0,0,0,0,,0
00-0037809,Chig Okonkwo,TE,2024,7,REG,2024_07_TEN_BUF,TEN,BUF,0,0,0,0,0,0,0,0,0,0,0,0,4,4,50,0,2,0,0,0,,0,0,0,0,0,0,0,0,0,0,0,,0
00-0037816,Romeo Doubs,WR,2024,7,REG,2024_07_HOU_GB,GB,HOU,0,0,0,0,0,0,0,0,0,0,0,0,8,10,94,0,6,0,0,0,,0,0,0,0,0,0,0,0,0,0,0,,0
00-0037834,Brock Purdy,QB,2024,7,REG,2024_07_KC_SF,SF,KC,17,31,212,0,3,1,-3,8,27,2,4,0,0,0,0,0,0,0,0,0,,0,0,0,0,0,0,0,0,0,0,0,,0
00-0037837,Calvin Austin III,WR,2024,7,REG,2024_07_NYJ_PIT,PIT,NYJ,0,0,0,0,0,0,0,0,0,0,0,0,1,4,36,0,1,0,0,0,,0,0,0,0,0,0,0,0,0,0,0,,0
00-0037838,Isaiah Likely,TE,2024,7,REG,2024_07_BAL_TB,BAL,TB,0,0,0,0,0,0,0,0,0,0,0,0,2,4,17,0,2,0,0,0,,0,0,0,0,0,0,0,0,0,0,0,,0
00-0037840,Kyren Williams,RB,2024,7,REG,2024_07_LV_LA,LA,LV,0,0,0,0,0,0,0,21,76,2,5,0,0,0,0,0,0,0,0,0,,0,0,0,0,0,0,0,0,0,0,0,,0
00-0038040,Zamir White,RB,2024,7,REG,2024_07_LV_LA,LV,LA,0,0,0,0,0,0,0,3,13,0,0,0,1,1,14,0,1,0,0,0,,0,0,0,0,0,0,0,0,0,0,0,,0
00-0038046,Charlie Kolar,TE,2024,7,REG,2024_07_BAL_TB,BAL,TB,0,0,0,0,0,0,0,0,0,0,0,0,1,1,14,0,1,0,0,0,,0,0,0,0,0,0,0,0,0,0,0,,0
00-0038090,Skyy Moore,WR,2024,7,REG,2024_07_KC_SF,KC,SF,0,0,0,0,0,0,0,0,0,0,0,0,0,1,0,0,0,0,0,0,,0,0,0,0,0,0,0,0,0,0,0,,0
00-0038094,Jordan Stout,P,2024,7,REG,2024_07_BAL_TB,BAL,TB,0,0,0,0,0,0,0,0,0,0,0,0,0,0,0,0,0,0,0,0,,0,0,0,0,0,0,0,0,2,87,60,57,0
00-0038098,Pierre Strong,RB,2024,7,REG,2024_07_CIN_CLE,CLE,CIN,0,0,0,0,0,0,0,3,6,0,0,0,1,3,9,0,0,0,0,0,,0,0,0,0,0,0,0,0,0,0,0,,0
00-0038102,Kenny Pickett,QB,2024,7,REG,2024_07_PHI_NYG,PHI,NYG,0,1,0,0,0,1,-8,0,0,0,0,0,0,0,0,0,0,0,0,0,,0,0,0,0,0,0,0,0,0,0,0,,0
00-0038115,Daniel Bellinger,TE,2024,7,REG,2024_07_PHI_NYG,NYG,PHI,0,0,0,0,0,0,0,0,0,0,0,0,1,1,11,0,1,0,0,0,,0,0,0,0,0,0,0,0,0,0,0,,0
00-0038117,Wan'Dale Robinson,WR,2024,7,REG,2024_07_PHI_NYG,NYG,PHI,0,0,0,0,0,0,0,0,0,0,0,0,6,9,23,0,0,0,0,0,,0,0,0,0,0,0,0,0,0,0,0,,0
00-0038120,Breece Hall,RB,2024,7,REG,2024_07_NYJ_PIT,NYJ,PIT,0,0,0,0,0,0,0,12,38,1,2,0,6,9,103,0,3,0,0,0,,0,0,0,0,0,0,0,0,0,0,0,,0
00-0038124,Christian Watson,WR,2024,7,REG,2024_07_HOU_GB,GB,HOU,0,0,0,0,0,0,0,1,-4,0,0,0,1,2,9,0,0,0,0,0,,0,0,0,0,0,0,0,0,0,0,0,,0
00-0038129,Cade Otton,TE,2024,7,REG,2024_07_BAL_TB,TB,BAL,0,0,0,0,0,0,0,0,0,0,0,0,8,10,100,0,4,0,0,0,,0,0,0,0,0,0,0,0,0,0,0,,0
00-0038134,Kenneth Walker III,RB,2024,7,REG,2024_07_SEA_ATL,SEA,ATL,0,0,0,0,0,0,0,14,69,1,4,0,2,2,24,1,2,0,0,0,,0,0,0,0,0,0,0,0,0,0,0,,0
00-0038359,Xavier Smith,WR,2024,7,REG,2024_07_LV_LA,LA,LV,0,0,0,0,0,0,0,2,30,0,1,0,0,0,0,0,0,0,0,0,,0,0,0,0,0,0,0,0,0,0,0,,0
00-0038393,Dontayvion Wicks,WR,2024,7,REG,2024_07_HOU_GB,GB,HOU,0,0,0,0,0,0,0,0,0,0,0,0,3,6,48,1,2,0,0,0,,0,0,0,0,0,0,0,0,0,0,0,,0
00-0038394,Will Mallory,TE,2024,7,REG,2024_07_MIA_IND,IND,MIA,0,0,0,0,0,0,0,0,0,0,0,0,1,1,5,0,0,0,0,0,,0,0,0,0,0,0,0,0,0,0,0,,0
00-0038396,Eric Gray,RB,2024,7,REG,2024_07_PHI_NYG,NYG,PHI,0,0,0,0,0,0,0,1,2,0,0,0,1,1,7,0,0,0,0,0,,0,0,0,0,0,0,0,0,0,0,0,,0
00-0038402,Anders Carlson,K,2024,7,REG,2024_07_KC_SF,SF,KC,0,0,0,0,0,0,0,0,0,0,0,0,0,0,0,0,0,0,2,2,55,0,1,0,0,1,0,0,1,0,0,0,,0
00-0038542,Bijan Robinson,RB,2024,7,REG,2024_07_SEA_ATL,ATL,SEA,0,0,0,0,0,0,0,21,103,1,5,0,3,5,40,0,1,0,0,0,,0,0,0,0,0,0,0,0,0,0,0,,0
00-0038543,Jaxon Smith-Njigba,WR,2024,7,REG,2024_07_SEA_ATL,SEA,ATL,1,1,35,0,0,0,0,0,0,0,0,0,3,6,9,0,0,0,0,0,,0,0,0,0,0,0,0,0,0,0,0,,0
00-0038551,Kendre Miller,RB,2024,7,REG,2024_07_DEN_NO,NO,DEN,0,0,0,0,0,0,0,6,36,0,1,0,2,3,1,0,0,0,0,0,,0,0,0,0,0,0,0,0,0,0,0,,0
00-0038555,Tank Bigsby,RB,2024,7,REG,2024_07_NE_JAX,JAX,NE,0,0,0,0,0,0,0,26,118,2,8,0,0,1,0,0,0,0,0,0,,0,0,0,0,0,0,0,0,0,0,0,,0
00-0038558,Darnell Washington,TE,2024,7,REG,2024_07_NYJ_PIT,PIT,NYJ,0,0,0,0,0,0,0,0,0,0,0,0,4,4,36,0,2,0,0,0,,0,0,0,0,0,0,0,0,0,0,0,,0
00-0038559,Michael Wilson,WR,2024,7,REG,2024_07_LAC_ARI,ARI,LAC,0,0,0,0,0,0,0,0,0,0,0,0,1,3,15,0,1,0,0,0,,0,0,0,0,0,0,0,0,0,0,0,,0
00-0038563,Tre Tucker,WR,2024,7,REG,2024_07_LV_LA,LV,LA,0,0,0,0,0,0,0,1,11,0,1,0,3,8,36,0,2,0,0,0,,0,0,0,0,0,0,0,0,0,0,0,,0
00-0038567,Chad Ryland,K,2024,7,REG,2024_07_LAC_ARI,ARI,LAC,0,0,0,0,0,0,0,0,0,0,0,0,0,0,0,0,0,0,1,1,32,0,0,1,0,0,0,2,2,0,0,0,,0
00-0038579,Aidan O'Connell,QB,2024,7,REG,2024_07_LV_LA,LV,LA,6,10,52,0,0,0,0,0,0,0,0,0,0,0,0,0,0,0,0,0,,0,0,0,0,0,0,0,0,0,0,0,,0
00-0038582,Clayton Tune,QB,2024,7,REG,2024_07_LAC_ARI,ARI,LAC,0,0,0,0,0,0,0,3,2,0,1,0,0,0,0,0,0,0,0,0,,0,0,0,0,0,0,0,0,0,0,0,,0
00-0038583,Dorian Thompson-Robinson,QB,2024,7,REG,2024_07_CIN_CLE,CLE,CIN,11,24,82,0,2,1,-3,3,44,0,2,0,0,0,0,0,0,0,0,0,,0,0,0,0,0,0,0,0,0,0,0,,0
00-0038589,Josh Whyle,TE,2024,7,REG,2024_07_TEN_BUF,TEN,BUF,0,0,0,0,0,0,0,0,0,0,0,0,3,4,34,0,3,0,0,0,,0,0,0,0,0,0,0,0,0,0,0,,0
00-0038597,Chase Brown,RB,2024,7,REG,2024_07_CIN_CLE,CIN,CLE,0,0,0,0,0,0,0,15,44,0,2,0,2,2,9,0,0,0,0,0,,0,0,0,0,0,0,0,0,0,0,0,,0
00-0038608,Kayshon Boutte,WR,2024,7,REG,2024_07_NE_JAX,NE,JAX,0,0,0,0,0,0,0,0,0,0,0,0,1,2,33,0,1,0,0,0,,0,0,0,0,0,0,0,0,0,0,0,,0
00-0038610,Bryce Baringer,P,2024,7,REG,2024_07_NE_JAX,NE,JAX,0,0,0,0,0,0,0,0,0,0,0,0,0,0,0,0,0,0,0,0,,0,0,0,0,0,0,0,0,4,209,113,66,3
00-0038618,Xavier Hutchinson,WR,2024,7,REG,2024_07_HOU_GB,HOU,GB,0,0,0,0,0,0,0,0,0,0,0,0,1,1,11,0,1,0,0,0,,0,0,0,0,0,0,0,0,0,0,0,,0
00-0038619,Andrei Iosivas,WR,2024,7,REG,2024_07_CIN_CLE,CIN,CLE,0,0,0,0,0,0,0,0,0,0,0,0,0,1,0,0,0,0,0,0,,0,0,0,0,0,0,0,0,0,0,0,,0
00-0038621,DeMario Douglas,WR,2024,7,REG,2024_07_NE_JAX,NE,JAX,0,0,0,0,0,0,0,0,0,0,0,0,2,3,14,0,1,0,0,0,,0,0,0,0,0,0,0,0,0,0,0,,0
00-0038636,Kenny McIntosh,RB,2024,7,REG,2024_07_SEA_ATL,SEA,ATL,0,0,0,0,0,0,0,1,5,0,0,0,0,0,0,0,0,0,0,0,,0,0,0,0,0,0,0,0,0,0,0,,0
00-0038647,Ronnie Bell,WR,2024,7,REG,2024_07_KC_SF,SF,KC,0,0,0,0,0,0,0,0,0,0,0,0,1,2,10,0,1,0,0,0,,0,0,0,0,0,0,0,0,0,0,0,,0
00-0038705,Emari Demercado,RB,2024,7,REG,2024_07_LAC_ARI,ARI,LAC,0,0,0,0,0,0,0,1,14,0,0,0,0,0,0,0,0,0,0,0,,0,0,0,0,0,0,0,0,0,0,0,,0
00-0038720,Julian Hill,TE,2024,7,REG,2024_07_MIA_IND,MIA,IND,0,0,0,0,0,0,0,0,0,0,0,0,1,2,4,0,0,0,0,0,,0,0,0,0,0,0,0,0,0,0,0,,0
00-0038752,Jake Bobo,WR,2024,7,REG,2024_07_SEA_ATL,SEA,ATL,0,0,0,0,0,0,0,0,0,0,0,0,0,1,0,0,0,0,0,0,,0,0,0,0,0,0,0,0,0,0,0,,0
00-0038794,Jaleel McLaughlin,RB,2024,7,REG,2024_07_DEN_NO,DEN,NO,0,0,0,0,0,0,0,4,35,0,1,0,0,0,0,0,0,0,0,0,,0,0,0,0,0,0,0,0,0,0,0,,0
00-0038797,Emanuel Wilson,RB,2024,7,REG,2024_07_HOU_GB,GB,HOU,0,0,0,0,0,0,0,5,11,0,1,0,0,0,0,0,0,0,0,0,,0,0,0,0,0,0,0,0,0,0,0,,0
00-0038809,Ben Sims,TE,2024,7,REG,2024_07_HOU_GB,GB,HOU,0,0,0,0,0,0,0,0,0,0,0,0,1,1,2,0,0,0,0,0,,0,0,0,0,0,0,0,0,0,0,0,,0
00-0038905,Blake Grupe,K,2024,7,REG,2024_07_DEN_NO,NO,DEN,0,0,0,0,0,0,0,0,0,0,0,0,0,0,0,0,0,0,1,1,35,0,0,1,0,0,0,1,1,0,0,0,,0
00-0038933,Dalton Kincaid,TE,2024,7,REG,2024_07_TEN_BUF,BUF,TEN,0,0,0,0,0,0,0,0,0,0,0,0,3,6,52,0,3,0,0,0,,0,0,0,0,0,0,0,0,0,0,0,,0
00-0038938,Jalin Hyatt,WR,2024,7,REG,2024_07_PHI_NYG,NYG,PHI,0,0,0,0,0,0,0,0,0,0,0,0,0,1,0,0,0,0,0,0,,0,0,0,0,0,0,0,0,0,0,0,,0
00-0038951,Sean Tucker,RB,2024,7,REG,2024_07_BAL_TB,TB,BAL,0,0,0,0,0,0,0,5,29,0,1,0,1,2,9,0,1,0,0,0,,0,0,0,0,0,0,0,0,0,0,0,,0
00-0038976,Marvin Mims Jr.,WR,2024,7,REG,2024_07_DEN_NO,DEN,NO,0,0,0,0,0,0,0,0,0,0,0,0,2,3,18,0,1,0,0,0,,0,0,0,0,0,0,0,0,0,0,0,,0
00-0038977,Tank Dell,WR,2024,7,REG,2024_07_HOU_GB,HOU,GB,0,0,0,0,0,0,0,0,0,0,0,0,0,4,0,0,0,0,0,0,,0,0,0,0,0,0,0,0,0,0,0,,0
00-0038979,Cedric Tillman,WR,2024,7,REG,2024_07_CIN_CLE,CLE,CIN,0,0,0,0,0,0,0,0,0,0,0,0,8,12,81,0,3,0,0,0,,0,0,0,0,0,0,0,0,0,0,0,,0
00-0038994,Jordan Addison,WR,2024,7,REG,2024_07_DET_MIN,MIN,DET,0,0,0,0,0,0,0,0,0,0,0,0,3,4,66,0,1,0,0,0,,0,0,0,0,0,0,0,0,0,0,0,,0
00-0038996,Tucker Kraft,TE,2024,7,REG,2024_07_HOU_GB,GB,HOU,0,0,0,0,0,0,0,0,0,0,0,0,3,4,33,1,2,0,0,0,,0,0,0,0,0,0,0,0,0,0,0,,0
00-0038997,Josh Downs,WR,2024,7,REG,2024_07_MIA_IND,IND,MIA,0,0,0,0,0,0,0,0,0,0,0,0,1,3,3,0,0,0,0,0,,0,0,0,0,0,0,0,0,0,0,0,,0
00-0038998,Jake Haener,QB,2024,7,REG,2024_07_DEN_NO,NO,DEN,3,4,38,1,0,0,0,0,0,0,0,0,0,0,0,0,0,0,0,0,,0,0,0,0,0,0,0,0,0,0,0,,0
00-0039040,De'Von Achane,RB,2024,7,REG,2024_07_MIA_IND,MIA,IND,0,0,0,0,0,0,0,15,77,0,3,0,2,3,8,0,0,0,0,0,,0,0,0,0,0,0,0,0,0,0,0,,0
00-0039041,Elijah Higgins,TE,2024,7,REG,2024_07_LAC_ARI,ARI,LAC,0,0,0,0,0,0,0,0,0,0,0,0,1,1,1,0,0,0,0,0,,0,0,0,0,0,0,0,0,0,0,0,,0
00-0039052,Trey Palmer,WR,2024,7,REG,2024_07_BAL_TB,TB,BAL,0,0,0,0,0,0,0,0,0,0,0,0,1,3,16,0,1,0,0,0,,0,0,0,0,0,0,0,0,0,0,0,,0
00-0039059,Ethan Evans,P,2024,7,REG,2024_07_LV_LA,LA,LV,0,0,0,0,0,0,0,0,0,0,0,0,0,0,0,0,0,0,0,0,,0,0,0,0,0,0,0,0,6,261,234,52,3
00-0039064,Zay Flowers,WR,2024,7,REG,2024_07_BAL_TB,BAL,TB,0,0,0,0,0,0,0,1,19,0,1,0,1,1,11,0,1,0,0,0,,0,0,0,0,0,0,0,0,0,0,0,,0
00-0039065,Sam LaPorta,TE,2024,7,REG,2024_07_DET_MIN,DET,MIN,0,0,0,0,0,0,0,0,0,0,0,0,1,2,25,0,1,0,0,0,,0,0,0,0,0,0,0,0,0,0,0,,0
00-0039139,Jahmyr Gibbs,RB,2024,7,REG,2024_07_DET_MIN,DET,MIN,0,0,0,0,0,0,0,15,116,2,3,0,4,4,44,0,3,0,0,0,,0,0,0,0,0,0,0,0,0,0,0,,0
00-0039146,Jayden Reed,WR,2024,7,REG,2024_07_HOU_GB,GB,HOU,0,0,0,0,0,0,0,1,0,0,0,0,2,4,10,0,0,0,0,0,,0,0,0,0,0,0,0,0,0,0,0,,0
00-0039150,Bryce Young,QB,2024,7,REG,2024_07_CAR_WAS,CAR,WAS,2,2,-4,0,0,0,0,0,0,0,0,0,0,0,0,0,0,0,0,0,,0,0,0,0,0,0,0,0,0,0,0,,0
00-0039163,C.J. Stroud,QB,2024,7,REG,2024_07_HOU_GB,HOU,GB,10,21,86,0,0,4,-31,5,19,0,2,0,0,0,0,0,0,0,0,0,,0,0,0,0,0,0,0,0,0,0,0,,0
00-0039164,Anthony Richardson,QB,2024,7,REG,2024_07_MIA_IND,IND,MIA,10,24,129,0,0,0,0,14,56,0,3,1,0,0,0,0,0,0,0,0,,0,0,0,0,0,0,0,0,0,0,0,,0
00-0039165,Zach Charbonnet,RB,2024,7,REG,2024_07_SEA_ATL,SEA,ATL,0,0,0,0,0,0,0,7,14,0,1,0,1,1,-5,0,0,0,0,0,,0,0,0,0,0,0,0,0,0,0,0,,0
00-0039172,Jake Bates,K,2024,7,REG,2024_07_DET_MIN,DET,MIN,0,0,0,0,0,0,0,0,0,0,0,0,0,0,0,0,0,0,1,1,44,0,0,0,1,0,0,4,4,0,0,0,,0
00-0039323,Ryan Rehkow,P,2024,7,REG,2024_07_CIN_CLE,CIN,CLE,0,0,0,0,0,0,0,0,0,0,0,0,0,0,0,0,0,0,0,0,,0,0,0,0,0,0,0,0,8,354,311,58,4
00-0039325,Carson Steele,RB,2024,7,REG,2024_07_KC_SF,KC,SF,0,0,0,0,0,0,0,6,17,0,1,0,0,0,0,0,0,0,0,0,,0,0,0,0,0,0,0,0,0,0,0,,0
00-0039337,Malik Nabers,WR,2024,7,REG,2024_07_PHI_NYG,NYG,PHI,0,0,0,0,0,0,0,0,0,0,0,0,4,8,41,0,4,0,0,0,,0,0,0,0,0,0,0,0,0,0,0,,0
00-0039338,Brock Bowers,TE,2024,7,REG,2024_07_LV_LA,LV,LA,0,0,0,0,0,0,0,0,0,0,0,0,10,14,93,0,6,0,0,0,,0,0,0,0,0,0,0,0,0,0,0,,0
00-0039342,Xavier Legette,WR,2024,7,REG,2024_07_CAR_WAS,CAR,WAS,0,0,0,0,0,0,0,1,6,0,1,0,2,3,3,0,0,0,0,0,,0,0,0,0,0,0,0,0,0,0,0,,0
00-0039356,Ja'Tavion Sanders,TE,2024,7,REG,2024_07_CAR_WAS,CAR,WAS,0,0,0,0,0,0,0,0,0,0,0,0,6,6,61,0,2,0,0,0,,0,0,0,0,0,0,0,0,0,0,0,,0
00-0039359,Cade Stover,TE,2024,7,REG,2024_07_HOU_GB,HOU,GB,0,0,0,0,0,0,0,0,0,0,0,0,1,1,15,0,0,0,0,0,,0,0,0,0,0,0,0,0,0,0,0,,0
00-0039361,Bucky Irving,RB,2024,7,REG,2024_07_BAL_TB,TB,BAL,0,0,0,0,0,0,0,9,23,1,2,0,3,3,54,0,3,0,0,0,,0,0,0,0,0,0,0,0,0,0,0,,0
00-0039363,Isaac Guerendo,RB,2024,7,REG,2024_07_KC_SF,SF,KC,0,0,0,0,0,0,0,1,2,0,0,0,1,1,5,0,1,0,0,0,,0,0,0,0,0,0,0,0,0,0,0,,0
00-0039365,Jacob Cowing,WR,2024,7,REG,2024_07_KC_SF,SF,KC,0,0,0,0,0,0,0,0,0,0,0,0,2,3,50,0,1,0,0,0,,0,0,0,0,0,0,0,0,0,0,0,,0
00-0039373,Audric Estimé,RB,2024,7,REG,2024_07_DEN_NO,DEN,NO,0,0,0,0,0,0,0,5,29,0,2,1,0,0,0,0,0,0,0,0,,0,0,0,0,0,0,0,0,0,0,0,,0
00-0039376,Spencer Rattler,QB,2024,7,REG,2024_07_DEN_NO,NO,DEN,25,35,172,0,0,6,-36,5,34,0,2,0,0,0,0,0,0,0,0,0,,0,0,0,0,0,0,0,0,0,0,0,,0
00-0039384,Tyrone Tracy Jr.,RB,2024,7,REG,2024_07_PHI_NYG,NYG,PHI,0,0,0,0,0,0,0,6,23,0,2,0,3,3,9,0,0,0,0,0,,0,0,0,0,0,0,0,0,0,0,0,,0
00-0039386,Bub Means,WR,2024,7,REG,2024_07_DEN_NO,NO,DEN,0,0,0,0,0,0,0,0,0,0,0,0,3,5,37,0,2,0,0,0,,0,0,0,0,0,0,0,0,0,0,0,,0
00-0039391,Kimani Vidal,RB,2024,7,REG,2024_07_LAC_ARI,LAC,ARI,0,0,0,0,0,0,0,3,10,0,1,0,1,1,9,0,0,0,0,0,,0,0,0,0,0,0,0,0,0,0,0,,0
00-0039393,Jase McClellan,RB,2024,7,REG,2024_07_SEA_ATL,ATL,SEA,0,0,0,0,0,0,0,5,17,0,1,0,0,0,0,0,0,0,0,0,,0,0,0,0,0,0,0,0,0,0,0,,0
00-0039394,Casey Washington,WR,2024,7,REG,2024_07_SEA_ATL,ATL,SEA,0,0,0,0,0,0,0,0,0,0,0,0,1,1,14,0,1,0,0,0,,0,0,0,0,0,0,0,0,0,0,0,,0
00-0039404,Will Reichard,K,2024,7,REG,2024_07_DET_MIN,MIN,DET,0,0,0,0,0,0,0,0,0,0,0,0,0,0,0,0,0,0,3,3,57,0,0,0,2,1,0,2,2,0,0,0,,0
00-0039409,Cam Little,K,2024,7,REG,2024_07_NE_JAX,JAX,NE,0,0,0,0,0,0,0,0,0,0,0,0,0,0,0,0,0,0,1,1,21,0,1,0,0,0,0,3,3,0,0,0,,0
00-0039424,Devaughn Vele,WR,2024,7,REG,2024_07_DEN_NO,DEN,NO,0,0,0,0,0,0,0,0,0,0,0,0,1,3,20,0,1,0,0,0,,0,0,0,0,0,0,0,0,0,0,0,,0
00-0039491,Jalen Coker,WR,2024,7,REG,2024_07_CAR_WAS,CAR,WAS,0,0,0,0,0,0,0,0,0,0,0,0,1,1,10,0,1,0,0,0,,0,0,0,0,0,0,0,0,0,0,0,,0
00-0039611,Matthew Hayball,P,2024,7,REG,2024_07_DEN_NO,NO,DEN,0,0,0,0,0,0,0,0,0,0,0,0,0,0,0,0,0,0,0,0,,0,0,0,0,0,0,0,0,6,267,234,52,3
00-0039623,Mason Tipton,WR,2024,7,REG,2024_07_DEN_NO,NO,DEN,0,0,0,0,0,0,0,0,0,0,0,0,6,9,45,0,0,0,0,0,,0,0,0,0,0,0,0,0,0,0,0,,0
00-0039732,Bo Nix,QB,2024,7,REG,2024_07_DEN_NO,DEN,NO,16,26,164,0,0,0,0,10,75,0,4,0,0,0,0,0,0,0,0,0,,0,0,0,0,0,0,0,0,0,0,0,,0
00-0039737,Tip Reiman,TE,2024,7,REG,2024_07_LAC_ARI,ARI,LAC,0,0,0,0,0,0,0,0,0,0,0,0,1,1,1,0,0,0,0,0,,0,0,0,0,0,0,0,0,0,0,0,,0
00-0039738,Blake Corum,RB,2024,7,REG,2024_07_LV_LA,LA,LV,0,0,0,0,0,0,0,3,11,0,1,0,0,0,0,0,0,0,0,0,,0,0,0,0,0,0,0,0,0,0,0,,0
00-0039746,Will Shipley,RB,2024,7,REG,2024_07_PHI_NYG,PHI,NYG,0,0,0,0,0,0,0,8,15,0,0,0,0,0,0,0,0,0,0,0,,0,0,0,0,0,0,0,0,0,0,0,,0
00-0039750,Joshua Karty,K,2024,7,REG,2024_07_LV_LA,LA,LV,0,0,0,0,0,0,0,0,0,0,0,0,0,0,0,0,0,0,0,1,,0,0,0,0,0,0,2,3,0,0,0,,0
00-0039793,AJ Barner,TE,2024,7,REG,2024_07_SEA_ATL,SEA,ATL,0,0,0,0,0,0,0,0,0,0,0,0,1,1,5,0,0,0,0,0,,0,0,0,0,0,0,0,0,0,0,0,,0
00-0039794,Braelon Allen,RB,2024,7,REG,2024_07_NYJ_PIT,NYJ,PIT,0,0,0,0,0,0,0,2,4,0,0,0,1,1,2,0,0,0,0,0,,0,0,0,0,0,0,0,0,0,0,0,,0
00-0039798,Isaiah Davis,RB,2024,7,REG,2024_07_NYJ_PIT,NYJ,PIT,0,0,0,0,0,0,0,1,12,0,1,0,0,0,0,0,0,0,0,0,,0,0,0,0,0,0,0,0,0,0,0,,0
00-0039814,Erick All,TE,2024,7,REG,2024_07_CIN_CLE,CIN,CLE,0,0,0,0,0,0,0,0,0,0,0,0,0,1,0,0,0,0,0,0,,0,0,0,0,0,0,0,0,0,0,0,,0
00-0039825,Jaden Hicks,SAF,2024,7,REG,2024_07_KC_SF,KC,SF,0,0,0,0,0,0,0,1,1,0,0,0,0,0,0,0,0,0,0,0,,0,0,0,0,0,0,0,0,0,0,0,,0
00-0039849,Marvin Harrison Jr.,WR,2024,7,REG,2024_07_LAC_ARI,ARI,LAC,0,0,0,0,0,0,0,0,0,0,0,0,3,6,21,0,2,0,0,0,,0,0,0,0,0,0,0,0,0,0,0,,0
00-0039851,Drake Maye,QB,2024,7,REG,2024_07_NE_JAX,NE,JAX,26,37,276,2,0,2,-19,3,18,0,1,0,0,0,0,0,0,0,0,0,,0,0,0,0,0,0,0,0,0,0,0,,0
00-0039855,Jalen McMillan,WR,2024,7,REG,2024_07_BAL_TB,TB,BAL,0,0,0,0,0,0,0,1,11,0,1,0,3,8,15,0,1,0,0,0,,0,0,0,0,0,0,0,0,0,0,0,,0
00-0039868,Troy Franklin,WR,2024,7,REG,2024_07_DEN_NO,DEN,NO,0,0,0,0,0,0,0,0,0,0,0,0,5,6,50,0,2,0,0,0,,0,0,0,0,0,0,0,0,0,0,0,,0
00-0039874,Jaylen Wright,RB,2024,7,REG,2024_07_MIA_IND,MIA,IND,0,0,0,0,0,0,0,5,33,0,1,0,0,0,0,0,0,0,0,0,,0,0,0,0,0,0,0,0,0,0,0,,0
00-0039875,Ray Davis,RB,2024,7,REG,2024_07_TEN_BUF,BUF,TEN,0,0,0,0,0,0,0,5,41,1,2,0,1,1,6,0,0,0,0,0,,0,0,0,0,0,0,0,0,0,0,0,,0
00-0039880,Malik Washington,WR,2024,7,REG,2024_07_MIA_IND,MIA,IND,0,0,0,0,0,0,0,0,0,0,0,0,2,3,9,0,0,0,0,0,,0,0,0,0,0,0,0,0,0,0,0,,0
00-0039890,Adonai Mitchell,WR,2024,7,REG,2024_07_MIA_IND,IND,MIA,0,0,0,0,0,0,0,0,0,0,0,0,2,3,30,0,2,0,0,0,,0,0,0,0,0,0,0,0,0,0,0,,0
00-0039893,Brian Thomas Jr.,WR,2024,7,REG,2024_07_NE_JAX,JAX,NE,0,0,0,0,0,0,0,2,2,0,0,0,5,5,89,1,4,0,0,0,,0,0,0,0,0,0,0,0,0,0,0,,0
00-0039894,Xavier Worthy,WR,2024,7,REG,2024_07_KC_SF,KC,SF,0,0,0,0,0,0,0,1,5,0,0,0,3,8,19,0,2,0,0,0,,0,0,0,0,0,0,0,0,0,0,0,,0
00-0039901,Keon Coleman,WR,2024,7,REG,2024_07_TEN_BUF,BUF,TEN,0,0,0,0,0,0,0,0,0,0,0,0,4,7,125,0,4,0,0,0,,0,0,0,0,0,0,0,0,0,0,0,,0
00-0039907,Ja'Lynn Polk,WR,2024,7,REG,2024_07_NE_JAX,NE,JAX,0,0,0,0,0,0,0,0,0,0,0,0,0,3,0,0,0,0,0,0,,0,0,0,0,0,0,0,0,0,0,0,,0
00-0039910,Jayden Daniels,QB,2024,7,REG,2024_07_CAR_WAS,WAS,CAR,2,2,6,0,0,0,0,3,50,0,1,0,0,0,0,0,0,0,0,0,,0,0,0,0,0,0,0,0,0,0,0,,0
00-0039912,Ben Sinnott,TE,2024,7,REG,2024_07_CAR_WAS,WAS,CAR,0,0,0,0,0,0,0,0,0,0,0,0,2,2,6,1,1,0,0,0,,0,0,0,0,0,0,0,0,0,0,0,,0
00-0039915,Ladd McConkey,WR,2024,7,REG,2024_07_LAC_ARI,LAC,ARI,0,0,0,0,0,0,0,0,0,0,0,0,5,7,46,0,2,0,0,0,,0,0,0,0,0,0,0,0,0,0,0,,0
00-0039916,Ricky Pearsall,WR,2024,7,REG,2024_07_KC_SF,SF,KC,0,0,0,0,0,0,0,0,0,0,0,0,3,5,21,0,1,0,0,0,,0,0,0,0,0,0,0,0,0,0,0,,0
00-0039917,Michael Penix Jr.,QB,2024,7,REG,2024_07_SEA_ATL,ATL,SEA,1,1,14,0,0,0,0,0,0,0,0,0,0,0,0,0,0,0,0,0,,0,0,0,0,0,0,0,0,0,0,0,,0
00-0023459,Aaron Rodgers,QB,2024,8,REG,2024_08_NYJ_NE,NYJ,NE,17,28,233,2,0,1,-9,0,0,0,0,0,0,0,0,0,0,0,0,0,,0,0,0,0,0,0,0,0,0,0,0,,0
00-0025565,Nick Folk,K,2024,8,REG,2024_08_TEN_DET,TEN,DET,0,0,0,0,0,0,0,0,0,0,0,0,0,0,0,0,0,0,0,0,,0,0,0,0,0,0,2,2,0,0,0,,0
00-0026498,Matthew Stafford,QB,2024,8,REG,2024_08_MIN_LA,LA,MIN,25,34,279,4,1,0,0,3,-4,0,0,0,0,0,0,0,0,0,0,0,,0,0,0,0,0,0,0,0,0,0,0,,0
00-0027114,Thomas Morstead,P,2024,8,REG,2024_08_NYJ_NE,NYJ,NE,0,0,0,0,0,0,0,0,0,0,0,0,0,0,0,0,0,0,0,0,,0,0,0,0,0,0,0,0,4,177,84,52,1
00-0028872,Johnny Hekker,P,2024,8,REG,2024_08_CAR_DEN,CAR,DEN,0,1,0,0,0,0,0,0,0,0,0,0,0,0,0,0,0,0,0,0,,0,0,0,0,0,0,0,0,5,247,247,53,1
00-0029263,Russell Wilson,QB,2024,8,REG,2024_08_NYG_PIT,PIT,NYG,20,28,278,1,0,4,-19,3,7,0,0,0,0,0,0,0,0,0,0,0,,0,0,0,0,0,0,0,0,0,0,0,,0
00-0029597,Justin Tucker,K,2024,8,REG,2024_08_BAL_CLE,BAL,CLE,0,0,0,0,0,0,0,0,0,0,0,0,0,0,0,0,0,0,1,2,49,0,0,0,1,0,0,3,3,0,0,0,,0
00-0029604,Kirk Cousins,QB,2024,8,REG,2024_08_ATL_TB,ATL,TB,23,29,276,4,0,2,-11,3,16,0,1,0,0,0,0,0,0,0,0,0,,0,0,0,0,0,0,0,0,0,0,0,,0
00-0029621,Greg Zuerlein,K,2024,8,REG,2024_08_NYJ_NE,NYJ,NE,0,0,0,0,0,0,0,0,0,0,0,0,0,0,0,0,0,0,1,2,29,0,1,0,0,0,0,1,2,0,0,0,,0
00-0029692,Bryan Anger,P,2024,8,REG,2024_08_DAL_SF,DAL,SF,0,0,0,0,0,0,0,0,0,0,0,0,0,0,0,0,0,0,0,0,,0,0,0,0,0,0,0,0,4,194,172,59,3
00-0029822,Brandon McManus,K,2024,8,REG,2024_08_GB_JAX,GB,JAX,0,0,0,0,0,0,0,0,0,0,0,0,0,0,0,0,0,0,3,3,38,0,1,2,0,0,0,3,3,0,0,0,,0
00-0029892,Kyle Juszczyk,FB,2024,8,REG,2024_08_DAL_SF,SF,DAL,0,0,0,0,0,0,0,1,1,0,0,0,1,1,6,0,0,0,0,0,,0,0,0,0,0,0,0,0,0,0,0,,0
00-0030061,Zach Ertz,TE,2024,8,REG,2024_08_CHI_WAS,WAS,CHI,0,0,0,0,0,0,0,0,0,0,0,0,7,11,77,0,6,0,0,0,,0,0,0,0,0,0,0,0,0,0,0,,0
00-0030092,Sam Martin,P,2024,8,REG,2024_08_BUF_SEA,BUF,SEA,0,0,0,0,0,0,0,0,0,0,0,0,0,0,0,0,0,0,0,0,,0,0,0,0,0,0,0,0,3,147,147,58,1
00-0030098,Dustin Hopkins,K,2024,8,REG,2024_08_BAL_CLE,CLE,BAL,0,0,0,0,0,0,0,0,0,0,0,0,0,0,0,0,0,0,3,3,48,0,1,1,1,0,0,2,2,0,0,0,,0
00-0030140,Tress Way,P,2024,8,REG,2024_08_CHI_WAS,WAS,CHI,0,0,0,0,0,0,0,0,0,0,0,0,0,0,0,0,0,0,0,0,,0,0,0,0,0,0,0,0,5,214,203,57,2
00-0030279,Keenan Allen,WR,2024,8,REG,2024_08_CHI_WAS,CHI,WAS,0,0,0,0,0,0,0,0,0,0,0,0,2,7,39,0,2,0,0,0,,0,0,0,0,0,0,0,0,0,0,0,,0
00-0030431,Robert Woods,WR,2024,8,REG,2024_08_IND_HOU,HOU,IND,0,0,0,0,0,0,0,0,0,0,0,0,2,2,18,0,2,0,0,0,,0,0,0,0,0,0,0,0,0,0,0,,0
00-0030506,Travis Kelce,TE,2024,8,REG,2024_08_KC_LV,KC,LV,0,0,0,0,0,0,0,0,0,0,0,0,10,12,90,1,6,0,0,0,,0,0,0,0,0,0,0,0,0,0,0,,0
00-0030564,DeAndre Hopkins,WR,2024,8,REG,2024_08_KC_LV,KC,LV,0,0,0,0,0,0,0,0,0,0,0,0,2,3,29,0,2,0,0,0,,0,0,0,0,0,0,0,0,0,0,0,,0
00-0030565,Geno Smith,QB,2024,8,REG,2024_08_BUF_SEA,SEA,BUF,21,29,212,0,1,1,-11,5,16,0,1,0,0,0,0,0,0,0,0,0,,0,0,0,0,0,0,0,0,0,0,0,,0
00-0031136,Chris Boswell,K,2024,8,REG,2024_08_NYG_PIT,PIT,NYG,0,0,0,0,0,0,0,0,0,0,0,0,0,0,0,0,0,0,4,4,31,0,3,1,0,0,0,2,2,0,0,0,,0
00-0031203,Cairo Santos,K,2024,8,REG,2024_08_CHI_WAS,CHI,WAS,0,0,0,0,0,0,0,0,0,0,0,0,0,0,0,0,0,0,0,0,,0,0,0,0,0,0,1,1,0,0,0,,0
00-0031381,Davante Adams,WR,2024,8,REG,2024_08_NYJ_NE,NYJ,NE,0,0,0,0,0,0,0,0,0,0,0,0,4,6,54,0,3,0,0,0,,0,0,0,0,0,0,0,0,0,0,0,,0
00-0031428,Allen Robinson,WR,2024,8,REG,2024_08_TEN_DET,DET,TEN,0,0,0,0,0,0,0,0,0,0,0,0,0,1,0,0,0,0,0,0,,0,0,0,0,0,0,0,0,0,0,0,,0
00-0031484,Chris Manhertz,TE,2024,8,REG,2024_08_NYG_PIT,NYG,PIT,0,0,0,0,0,0,0,0,0,0,0,0,0,1,0,0,0,0,0,0,,0,0,0,0,0,0,0,0,0,0,0,,0
00-0031492,Jason Myers,K,2024,8,REG,2024_08_BUF_SEA,SEA,BUF,0,0,0,0,0,0,0,0,0,0,0,0,0,0,0,0,0,0,1,1,38,0,0,1,0,0,0,1,1,0,0,0,,0
00-0031503,Jameis Winston,QB,2024,8,REG,2024_08_BAL_CLE,CLE,BAL,27,41,334,3,0,2,-13,2,2,0,2,0,0,0,0,0,0,0,0,0,,0,0,0,0,0,0,0,0,0,0,0,,0
00-0031544,Amari Cooper,WR,2024,8,REG,2024_08_BUF_SEA,BUF,SEA,0,0,0,0,0,0,0,0,0,0,0,0,1,2,3,0,0,0,0,0,,0,0,0,0,0,0,0,0,0,0,0,,0
00-0031549,Nelson Agholor,WR,2024,8,REG,2024_08_BAL_CLE,BAL,CLE,0,0,0,0,0,0,0,0,0,0,0,0,3,5,36,1,3,0,0,0,,0,0,0,0,0,0,0,0,0,0,0,,0
00-0031585,MyCole Pruitt,TE,2024,8,REG,2024_08_NYG_PIT,PIT,NYG,0,0,0,0,0,0,0,0,0,0,0,0,1,1,10,0,0,0,0,0,,0,0,0,0,0,0,0,0,0,0,0,,0
00-0031588,Stefon Diggs,WR,2024,8,REG,2024_08_IND_HOU,HOU,IND,0,0,0,0,0,0,0,1,-4,0,0,0,5,9,81,0,4,0,0,0,,0,0,0,0,0,0,0,0,0,0,0,,0
00-0031595,Michael Burton,FB,2024,8,REG,2024_08_CAR_DEN,DEN,CAR,0,0,0,0,0,0,0,0,0,0,0,0,1,1,28,0,1,0,0,0,,0,0,0,0,0,0,0,0,0,0,0,,0
00-0031687,Raheem Mostert,RB,2024,8,REG,2024_08_ARI_MIA,MIA,ARI,0,0,0,0,0,0,0,9,19,2,3,0,1,2,11,0,1,0,0,0,,0,0,0,0,0,0,0,0,0,0,0,,0
00-0031690,Eric Tomlinson,TE,2024,8,REG,2024_08_NO_LAC,LAC,NO,0,0,0,0,0,0,0,0,0,0,0,0,0,1,0,0,0,0,0,0,,0,0,0,0,0,0,0,0,0,0,0,,0
00-0031763,DeAndre Carter,WR,2024,8,REG,2024_08_CHI_WAS,CHI,WAS,0,0,0,0,0,0,0,0,0,0,0,0,1,1,7,0,0,0,0,0,,0,0,0,0,0,0,0,0,0,0,0,,0
00-0032065,Bradley Pinion,P,2024,8,REG,2024_08_ATL_TB,ATL,TB,0,0,0,0,0,0,0,0,0,0,0,0,0,0,0,0,0,0,0,0,,0,0,0,0,0,0,0,0,3,128,97,46,1
00-0032104,Ameer Abdullah,RB,2024,8,REG,2024_08_KC_LV,LV,KC,0,0,0,0,0,0,0,1,2,0,0,0,1,2,9,0,0,0,0,0,,0,0,0,0,0,0,0,0,0,0,0,,0
00-0032128,Chris Conley,WR,2024,8,REG,2024_08_DAL_SF,SF,DAL,0,0,0,0,0,0,0,0,0,0,0,0,0,1,0,0,0,0,0,0,,0,0,0,0,0,0,0,0,0,0,0,,0
00-0032141,Geoff Swaim,TE,2024,8,REG,2024_08_BAL_CLE,CLE,BAL,0,0,0,0,0,0,0,0,0,0,0,0,1,1,7,0,0,0,0,0,,0,0,0,0,0,0,0,0,0,0,0,,0
00-0032211,Tyler Lockett,WR,2024,8,REG,2024_08_BUF_SEA,SEA,BUF,0,0,0,0,0,0,0,0,0,0,0,0,1,3,9,0,0,0,0,0,,0,0,0,0,0,0,0,0,0,0,0,,0
00-0032385,Sterling Shepard,WR,2024,8,REG,2024_08_ATL_TB,TB,ATL,0,0,0,0,0,0,0,0,0,0,0,0,3,5,18,0,0,0,0,0,,0,0,0,0,0,0,0,0,0,0,0,,0
00-0032392,Austin Hooper,TE,2024,8,REG,2024_08_NYJ_NE,NE,NYJ,0,0,0,0,0,0,0,0,0,0,0,0,3,4,15,0,1,0,0,0,,0,0,0,0,0,0,0,0,0,0,0,,0
00-0032394,Nick Vannett,TE,2024,8,REG,2024_08_TEN_DET,TEN,DET,0,0,0,0,0,0,0,0,0,0,0,0,0,1,0,0,0,0,0,0,,0,0,0,0,0,0,0,0,0,0,0,,0
00-0032464,Kalif Raymond,WR,2024,8,REG,2024_08_TEN_DET,DET,TEN,0,0,0,0,0,0,0,0,0,0,0,0,2,2,14,1,2,0,0,0,,0,0,0,0,0,0,0,0,0,0,0,,0
00-0032569,Wil Lutz,K,2024,8,REG,2024_08_CAR_DEN,DEN,CAR,0,0,0,0,0,0,0,0,0,0,0,0,0,0,0,0,0,0,0,0,,0,0,0,0,0,0,4,4,0,0,0,,0
00-0032726,Ka'imi Fairbairn,K,2024,8,REG,2024_08_IND_HOU,HOU,IND,0,0,0,0,0,0,0,0,0,0,0,0,0,0,0,0,0,0,3,3,35,0,0,3,0,0,0,2,2,0,0,0,,0
00-0032764,Derrick Henry,RB,2024,8,REG,2024_08_BAL_CLE,BAL,CLE,0,0,0,0,0,0,0,11,73,1,2,0,1,1,4,0,0,0,0,0,,0,0,0,0,0,0,0,0,0,0,0,,0
00-0032775,Demarcus Robinson,WR,2024,8,REG,2024_08_MIN_LA,LA,MIN,0,0,0,0,0,0,0,0,0,0,0,0,2,3,35,2,2,0,0,0,,0,0,0,0,0,0,0,0,0,0,0,,0
00-0032943,Riley Dixon,P,2024,8,REG,2024_08_CAR_DEN,DEN,CAR,1,1,3,0,0,0,0,0,0,0,0,0,0,0,0,0,0,0,0,0,,0,0,0,0,0,0,0,0,3,153,133,60,2
00-0033009,Tyler Boyd,WR,2024,8,REG,2024_08_TEN_DET,TEN,DET,0,0,0,0,0,0,0,0,0,0,0,0,3,6,14,0,0,0,0,0,,0,0,0,0,0,0,0,0,0,0,0,,0
00-0033040,Tyreek Hill,WR,2024,8,REG,2024_08_ARI_MIA,MIA,ARI,0,0,0,0,0,0,0,0,0,0,0,0,6,9,72,0,3,0,0,0,,0,0,0,0,0,0,0,0,0,0,0,,0
00-0033045,Ezekiel Elliott,RB,2024,8,REG,2024_08_DAL_SF,DAL,SF,0,0,0,0,0,0,0,10,34,1,2,0,1,1,4,0,0,0,0,0,,0,0,0,0,0,0,0,0,0,0,0,,0
00-0033077,Dak Prescott,QB,2024,8,REG,2024_08_DAL_SF,DAL,SF,25,38,243,2,2,2,-7,1,-1,0,0,0,0,0,0,0,0,0,0,0,,0,0,0,0,0,0,0,0,0,0,0,,0
00-0033090,Hunter Henry,TE,2024,8,REG,2024_08_NYJ_NE,NE,NYJ,0,0,0,0,0,0,0,0,0,0,0,0,5,6,45,0,3,0,0,0,,0,0,0,0,0,0,0,0,0,0,0,,0
00-0033106,Jared Goff,QB,2024,8,REG,2024_08_TEN_DET,DET,TEN,12,15,85,3,0,4,-33,1,1,0,0,0,0,0,0,0,0,0,0,0,,0,0,0,0,0,0,0,0,0,0,0,,0
00-0033119,Jacoby Brissett,QB,2024,8,REG,2024_08_NYJ_NE,NE,NYJ,15,24,132,0,0,1,-11,3,11,0,1,0,0,0,0,0,0,0,0,0,,0,0,0,0,0,0,0,0,0,0,0,,0
00-0033217,Mo Alie-Cox,TE,2024,8,REG,2024_08_IND_HOU,IND,HOU,0,0,0,0,0,0,0,0,0,0,0,0,0,1,0,0,0,0,0,0,,0,0,0,0,0,0,0,0,0,0,0,,0
00-0033246,Johnny Mundt,TE,2024,8,REG,2024_08_MIN_LA,MIN,LA,0,0,0,0,0,0,0,0,0,0,0,0,1,2,10,0,1,0,0,0,,0,0,0,0,0,0,0,0,0,0,0,,0
00-0033269,Rigoberto Sanchez,P,2024,8,REG,2024_08_IND_HOU,IND,HOU,0,0,0,0,0,0,0,0,0,0,0,0,0,0,0,0,0,0,0,0,,0,0,0,0,0,0,0,0,6,283,260,57,2
00-0033288,George Kittle,TE,2024,8,REG,2024_08_DAL_SF,SF,DAL,0,0,0,0,0,0,0,0,0,0,0,0,6,7,128,1,5,0,0,0,,0,0,0,0,0,0,0,0,0,0,0,,0
00-0033293,Aaron Jones,RB,2024,8,REG,2024_08_MIN_LA,MIN,LA,0,0,0,0,0,0,0,19,58,0,2,0,2,2,37,0,2,0,0,0,,0,0,0,0,0,0,0,0,0,0,0,,0
00-0033303,Harrison Butker,K,2024,8,REG,2024_08_KC_LV,KC,LV,0,0,0,0,0,0,0,0,0,0,0,0,0,0,0,0,0,0,2,2,42,0,1,0,1,0,0,3,3,0,0,0,,0
00-0033307,Kendrick Bourne,WR,2024,8,REG,2024_08_NYJ_NE,NE,NYJ,0,0,0,0,0,0,0,0,0,0,0,0,0,3,0,0,0,0,0,0,,0,0,0,0,0,0,0,0,0,0,0,,0
00-0033357,Taysom Hill,TE,2024,8,REG,2024_08_NO_LAC,NO,LAC,1,1,3,0,0,0,0,4,20,0,0,0,2,4,21,0,0,0,0,0,,0,0,0,0,0,0,0,0,0,0,0,,0
00-0033375,Tim Patrick,WR,2024,8,REG,2024_08_TEN_DET,DET,TEN,0,0,0,0,0,0,0,0,0,0,0,0,0,1,0,0,0,0,0,0,,0,0,0,0,0,0,0,0,0,0,0,,0
00-0033400,Matt Haack,P,2024,8,REG,2024_08_NYG_PIT,NYG,PIT,0,0,0,0,0,0,0,0,0,0,0,0,0,0,0,0,0,0,0,0,,0,0,0,0,0,0,0,0,4,192,99,66,2
00-0033526,Samaje Perine,RB,2024,8,REG,2024_08_KC_LV,KC,LV,0,0,0,0,0,0,0,0,0,0,0,0,2,2,30,0,2,0,0,0,,0,0,0,0,0,0,0,0,0,0,0,,0
00-0033553,James Conner,RB,2024,8,REG,2024_08_ARI_MIA,ARI,MIA,0,0,0,0,0,0,0,20,53,1,4,0,2,3,16,0,1,0,0,0,,0,0,0,0,0,0,0,0,0,0,0,,0
00-0033589,David Moore,WR,2024,8,REG,2024_08_CAR_DEN,CAR,DEN,0,0,0,0,0,0,0,0,0,0,0,0,4,5,39,0,3,0,0,0,,0,0,0,0,0,0,0,0,0,0,0,,0
00-0033591,Noah Brown,WR,2024,8,REG,2024_08_CHI_WAS,WAS,CHI,0,0,0,0,0,0,0,0,0,0,0,0,3,6,73,1,2,0,0,0,,0,0,0,0,0,0,0,0,0,0,0,,0
00-0033699,Austin Ekeler,RB,2024,8,REG,2024_08_CHI_WAS,WAS,CHI,0,0,0,0,0,0,0,7,52,0,1,0,2,3,6,0,0,0,0,0,,0,0,0,0,0,0,0,0,0,0,0,,0
00-0033702,Younghoe Koo,K,2024,8,REG,2024_08_ATL_TB,ATL,TB,0,0,0,0,0,0,0,0,0,0,0,0,0,0,0,0,0,0,1,2,39,0,0,1,0,0,0,4,4,0,0,0,,0
00-0033787,Jake Elliott,K,2024,8,REG,2024_08_PHI_CIN,PHI,CIN,0,0,0,0,0,0,0,0,0,0,0,0,0,0,0,0,0,0,3,3,49,0,0,1,2,0,0,4,4,0,0,0,,0
00-0033854,Dare Ogunbowale,RB,2024,8,REG,2024_08_IND_HOU,HOU,IND,0,0,0,0,0,0,0,1,4,0,1,0,0,1,0,0,0,0,0,0,,0,0,0,0,0,0,0,0,0,0,0,,0
00-0033858,Jonnu Smith,TE,2024,8,REG,2024_08_ARI_MIA,MIA,ARI,0,0,0,0,0,0,0,0,0,0,0,0,4,6,20,0,3,0,0,0,,0,0,0,0,0,0,0,0,0,0,0,,0
00-0033869,Mitchell Trubisky,QB,2024,8,REG,2024_08_BUF_SEA,BUF,SEA,0,0,0,0,0,0,0,3,-3,0,0,0,0,0,0,0,0,0,0,0,,0,0,0,0,0,0,0,0,0,0,0,,0
00-0033873,Patrick Mahomes,QB,2024,8,REG,2024_08_KC_LV,KC,LV,27,38,262,2,1,1,-10,6,17,0,2,0,0,0,0,0,0,0,0,0,,0,0,0,0,0,0,0,0,0,0,0,,0
00-0033881,Evan Engram,TE,2024,8,REG,2024_08_GB_JAX,JAX,GB,0,0,0,0,0,0,0,0,0,0,0,0,4,5,36,1,2,0,0,0,,0,0,0,0,0,0,0,0,0,0,0,,0
00-0033885,David Njoku,TE,2024,8,REG,2024_08_BAL_CLE,CLE,BAL,0,0,0,0,0,0,0,0,0,0,0,0,5,7,61,1,2,0,0,0,,0,0,0,0,0,0,0,0,0,0,0,,0
00-0033891,Zay Jones,WR,2024,8,REG,2024_08_ARI_MIA,ARI,MIA,0,0,0,0,0,0,0,0,0,0,0,0,1,1,3,0,1,0,0,0,,0,0,0,0,0,0,0,0,0,0,0,,0
00-0033893,Dalvin Cook,RB,2024,8,REG,2024_08_DAL_SF,DAL,SF,0,0,0,0,0,0,0,6,12,0,0,0,1,1,10,0,1,0,0,0,,0,0,0,0,0,0,0,0,0,0,0,,0
00-0033895,Gerald Everett,TE,2024,8,REG,2024_08_CHI_WAS,CHI,WAS,0,0,0,0,0,0,0,0,0,0,0,0,1,2,3,0,0,0,0,0,,0,0,0,0,0,0,0,0,0,0,0,,0
00-0033897,Joe Mixon,RB,2024,8,REG,2024_08_IND_HOU,HOU,IND,0,0,0,0,0,0,0,25,102,1,4,0,4,6,32,0,1,0,0,0,,0,0,0,0,0,0,0,0,0,0,0,,0
00-0033906,Alvin Kamara,RB,2024,8,REG,2024_08_NO_LAC,NO,LAC,0,0,0,0,0,0,0,10,67,0,3,0,6,11,55,0,1,0,0,0,,0,0,0,0,0,0,0,0,0,0,0,,0
00-0033908,Cooper Kupp,WR,2024,8,REG,2024_08_MIN_LA,LA,MIN,0,0,0,0,0,0,0,0,0,0,0,0,5,8,51,1,2,0,0,0,,0,0,0,0,0,0,0,0,0,0,0,,0
00-0033923,Kareem Hunt,RB,2024,8,REG,2024_08_KC_LV,KC,LV,0,0,0,0,0,0,0,21,59,1,3,0,1,1,4,0,1,0,0,0,,0,0,0,0,0,0,0,0,0,0,0,,0
00-0033925,D'Onta Foreman,RB,2024,8,REG,2024_08_BAL_CLE,CLE,BAL,0,0,0,0,0,0,0,5,26,0,1,0,0,0,0,0,0,0,0,0,,0,0,0,0,0,0,0,0,0,0,0,,0
00-0033948,Jamaal Williams,RB,2024,8,REG,2024_08_NO_LAC,NO,LAC,0,0,0,0,0,0,0,2,4,0,0,0,0,0,0,0,0,0,0,0,,0,0,0,0,0,0,0,0,0,0,0,,0
00-0033955,Jeremy McNichols,RB,2024,8,REG,2024_08_CHI_WAS,WAS,CHI,0,0,0,0,0,0,0,1,-1,0,0,0,0,0,0,0,0,0,0,0,,0,0,0,0,0,0,0,0,0,0,0,,0
00-0034159,Will Dissly,TE,2024,8,REG,2024_08_NO_LAC,LAC,NO,0,0,0,0,0,0,0,0,0,0,0,0,5,7,41,0,2,0,0,0,,0,0,0,0,0,0,0,0,0,0,0,,0
00-0034160,Michael Dickson,P,2024,8,REG,2024_08_BUF_SEA,SEA,BUF,0,0,0,0,0,0,0,0,0,0,0,0,0,0,0,0,0,0,0,0,,0,0,0,0,0,0,0,0,4,177,142,61,2
00-0034161,Daniel Carlson,K,2024,8,REG,2024_08_KC_LV,LV,KC,0,0,0,0,0,0,0,0,0,0,0,0,0,0,0,0,0,0,2,2,54,0,0,1,0,1,0,2,2,0,0,0,,0
00-0034162,J.K. Scott,P,2024,8,REG,2024_08_NO_LAC,LAC,NO,0,0,0,0,0,0,0,1,0,0,0,0,0,0,0,0,0,0,0,0,,0,0,0,0,0,0,0,0,6,344,314,67,3
00-0034173,Eddy Pineiro,K,2024,8,REG,2024_08_CAR_DEN,CAR,DEN,0,0,0,0,0,0,0,0,0,0,0,0,0,0,0,0,0,0,0,0,,0,0,0,0,0,0,2,2,0,0,0,,0
00-0034270,Tyler Conklin,TE,2024,8,REG,2024_08_NYJ_NE,NYJ,NE,0,0,0,0,0,0,0,0,0,0,0,0,3,4,42,1,3,0,0,0,,0,0,0,0,0,0,0,0,0,0,0,,0
00-0034348,Courtland Sutton,WR,2024,8,REG,2024_08_CAR_DEN,DEN,CAR,1,1,28,0,0,0,0,0,0,0,0,0,8,11,100,0,4,1,0,0,,0,0,0,0,0,0,0,0,0,0,0,,0
00-0034364,Jordan Akins,TE,2024,8,REG,2024_08_BAL_CLE,CLE,BAL,0,0,0,0,0,0,0,0,0,0,0,0,0,1,0,0,0,0,0,0,,0,0,0,0,0,0,0,0,0,0,0,,0
00-0034383,Dalton Schultz,TE,2024,8,REG,2024_08_IND_HOU,HOU,IND,0,0,0,0,0,0,0,0,0,0,0,0,4,6,52,0,3,0,0,0,,0,0,0,0,0,0,0,0,0,0,0,,0
00-0034386,Justin Watson,WR,2024,8,REG,2024_08_KC_LV,KC,LV,0,0,0,0,0,0,0,0,0,0,0,0,3,3,33,0,1,0,0,0,,0,0,0,0,0,0,0,0,0,0,0,,0
00-0034407,Ray-Ray McCloud,WR,2024,8,REG,2024_08_ATL_TB,ATL,TB,0,0,0,0,0,0,0,1,17,0,1,0,3,3,9,0,0,0,0,0,,0,0,0,0,0,0,0,0,0,0,0,,0
00-0034437,Logan Cooke,P,2024,8,REG,2024_08_GB_JAX,JAX,GB,0,0,0,0,0,0,0,0,0,0,0,0,0,0,0,0,0,0,0,0,,0,0,0,0,0,0,0,0,5,298,245,73,2
00-0034450,Greg Joseph,K,2024,8,REG,2024_08_NYG_PIT,NYG,PIT,0,0,0,0,0,0,0,0,0,0,0,0,0,0,0,0,0,0,4,4,48,0,1,1,2,0,0,0,0,0,0,0,,0
00-0034487,Trent Sherfield,WR,2024,8,REG,2024_08_MIN_LA,MIN,LA,0,0,0,0,0,0,0,0,0,0,0,0,1,1,10,1,1,0,0,0,,0,0,0,0,0,0,0,0,0,0,0,,0
00-0034488,Tavierre Thomas,SAF,2024,8,REG,2024_08_ATL_TB,TB,ATL,0,0,0,0,0,0,0,1,-2,0,0,0,0,0,0,0,0,0,0,0,,0,0,0,0,0,0,0,0,0,0,0,,0
00-0034721,Corey Bojorquez,P,2024,8,REG,2024_08_BAL_CLE,CLE,BAL,0,0,0,0,0,0,0,0,0,0,0,0,0,0,0,0,0,0,0,0,,0,0,0,0,0,0,0,0,3,146,136,58,2
00-0034753,Mark Andrews,TE,2024,8,REG,2024_08_BAL_CLE,BAL,CLE,0,0,0,0,0,0,0,0,0,0,0,0,5,5,36,1,2,0,0,0,,0,0,0,0,0,0,0,0,0,0,0,,0
00-0034771,Mason Rudolph,QB,2024,8,REG,2024_08_TEN_DET,TEN,DET,22,38,266,1,2,1,-8,4,29,1,3,0,0,0,0,0,0,0,0,0,,0,0,0,0,0,0,0,0,0,0,0,,0
00-0034775,Christian Kirk,WR,2024,8,REG,2024_08_GB_JAX,JAX,GB,0,0,0,0,0,0,0,0,0,0,0,0,2,5,59,0,2,0,0,0,,0,0,0,0,0,0,0,0,0,0,0,,0
00-0034791,Nick Chubb,RB,2024,8,REG,2024_08_BAL_CLE,CLE,BAL,0,0,0,0,0,0,0,16,52,0,2,0,0,2,0,0,0,0,0,0,,0,0,0,0,0,0,0,0,0,0,0,,0
00-0034794,Jason Sanders,K,2024,8,REG,2024_08_ARI_MIA,MIA,ARI,0,0,0,0,0,0,0,0,0,0,0,0,0,0,0,0,0,0,2,2,53,0,1,0,0,1,0,3,3,0,0,0,,0
00-0034796,Lamar Jackson,QB,2024,8,REG,2024_08_BAL_CLE,BAL,CLE,23,38,289,2,0,3,-26,8,46,0,2,0,0,0,0,0,0,0,0,0,,0,0,0,0,0,0,0,0,0,0,0,,0
00-0034827,DJ Moore,WR,2024,8,REG,2024_08_CHI_WAS,CHI,WAS,0,0,0,0,0,0,0,2,7,0,0,0,2,4,27,0,1,0,0,0,,0,0,0,0,0,0,0,0,0,0,0,,0
00-0034829,Mike Gesicki,TE,2024,8,REG,2024_08_PHI_CIN,CIN,PHI,0,0,0,0,0,0,0,0,0,0,0,0,7,8,73,0,6,1,0,0,,0,0,0,0,0,0,0,0,0,0,0,,0
00-0034837,Calvin Ridley,WR,2024,8,REG,2024_08_TEN_DET,TEN,DET,0,0,0,0,0,0,0,1,3,0,0,1,10,15,143,0,6,0,0,0,,0,0,0,0,0,0,0,0,0,0,0,,0
00-0034844,Saquon Barkley,RB,2024,8,REG,2024_08_PHI_CIN,PHI,CIN,0,0,0,0,0,0,0,22,108,0,5,0,1,1,3,0,0,0,0,0,,0,0,0,0,0,0,0,0,0,0,0,,0
00-0034855,Baker Mayfield,QB,2024,8,REG,2024_08_ATL_TB,TB,ATL,37,50,330,3,2,0,0,3,11,0,2,0,0,0,0,0,0,0,0,0,,0,0,0,0,0,0,0,0,0,0,0,,0
00-0034857,Josh Allen,QB,2024,8,REG,2024_08_BUF_SEA,BUF,SEA,24,34,283,2,1,1,-2,7,25,0,3,0,0,0,0,0,0,0,0,0,,0,0,0,0,0,0,0,0,0,0,0,,0
00-0034869,Sam Darnold,QB,2024,8,REG,2024_08_MIN_LA,MIN,LA,18,25,240,2,0,3,-28,3,6,0,1,0,0,0,0,0,0,0,0,0,,0,0,0,0,0,0,0,0,0,0,0,,0
00-0034941,Mitch Wishnowsky,P,2024,8,REG,2024_08_DAL_SF,SF,DAL,0,0,0,0,0,0,0,0,0,0,0,0,0,0,0,0,0,0,0,0,,0,0,0,0,0,0,0,0,4,172,159,45,1
00-0034960,Jakobi Meyers,WR,2024,8,REG,2024_08_KC_LV,LV,KC,0,0,0,0,0,0,0,0,0,0,0,0,6,7,52,1,4,0,0,0,,0,0,0,0,0,0,0,0,0,0,0,,0
00-0034972,Alexander Mattison,RB,2024,8,REG,2024_08_KC_LV,LV,KC,0,0,0,0,0,0,0,14,15,0,1,0,5,5,29,0,1,0,0,0,,0,0,0,0,0,0,0,0,0,0,0,,0
00-0034975,Justice Hill,RB,2024,8,REG,2024_08_BAL_CLE,BAL,CLE,0,0,0,0,0,0,0,2,5,0,1,0,1,1,14,0,1,0,0,0,,0,0,0,0,0,0,0,0,0,0,0,,0
00-0034981,Foster Moreau,TE,2024,8,REG,2024_08_NO_LAC,NO,LAC,0,0,0,0,0,0,0,0,0,0,0,0,0,1,0,0,0,0,0,0,,0,0,0,0,0,0,0,0,0,0,0,,0
00-0035125,Alec Ingold,FB,2024,8,REG,2024_08_ARI_MIA,MIA,ARI,0,0,0,0,0,0,0,1,3,0,1,0,3,3,19,0,1,0,0,0,,0,0,0,0,0,0,0,0,0,0,0,,0
00-0035140,Mecole Hardman,WR,2024,8,REG,2024_08_KC_LV,KC,LV,0,0,0,0,0,0,0,0,0,0,0,0,1,1,8,0,0,0,0,0,,0,0,0,0,0,0,0,0,0,0,0,,0
00-0035145,Austin Seibert,K,2024,8,REG,2024_08_CHI_WAS,WAS,CHI,0,0,0,0,0,0,0,0,0,0,0,0,0,0,0,0,0,0,4,5,47,0,2,1,1,0,0,0,0,0,0,0,,0
00-0035156,Jack Fox,P,2024,8,REG,2024_08_TEN_DET,DET,TEN,0,0,0,0,0,0,0,0,0,0,0,0,0,0,0,0,0,0,0,0,,0,0,0,0,0,0,0,0,5,305,281,67,3
00-0035190,AJ Cole,P,2024,8,REG,2024_08_KC_LV,LV,KC,0,0,0,0,0,0,0,0,0,0,0,0,0,0,0,0,0,0,0,0,,0,0,0,0,0,0,0,0,2,128,102,68,1
00-0035192,Joey Slye,K,2024,8,REG,2024_08_NYJ_NE,NE,NYJ,0,0,0,0,0,0,0,0,0,0,0,0,0,0,0,0,0,0,1,1,23,0,1,0,0,0,0,2,2,0,0,0,,0
00-0035228,Kyler Murray,QB,2024,8,REG,2024_08_ARI_MIA,ARI,MIA,26,36,307,2,0,0,0,5,19,0,1,0,0,0,0,0,0,0,0,0,,0,0,0,0,0,0,0,0,0,0,0,,0
00-0035243,Miles Sanders,RB,2024,8,REG,2024_08_CAR_DEN,CAR,DEN,0,0,0,0,0,0,0,1,7,0,1,0,7,7,38,0,1,0,0,0,,0,0,0,0,0,0,0,0,0,0,0,,0
00-0035249,Josh Oliver,TE,2024,8,REG,2024_08_MIN_LA,MIN,LA,0,0,0,0,0,0,0,0,0,0,0,0,2,2,30,1,2,0,0,0,,0,0,0,0,0,0,0,0,0,0,0,,0
00-0035250,Devin Singletary,RB,2024,8,REG,2024_08_NYG_PIT,NYG,PIT,0,0,0,0,0,0,0,2,11,0,0,0,2,3,12,0,0,0,0,0,,0,0,0,0,0,0,0,0,0,0,0,,0
00-0035261,Tony Pollard,RB,2024,8,REG,2024_08_TEN_DET,TEN,DET,0,0,0,0,0,0,0,20,94,0,5,0,3,4,23,0,2,0,0,0,,0,0,0,0,0,0,0,0,0,0,0,,0
00-0035269,Matt Gay,K,2024,8,REG,2024_08_IND_HOU,IND,HOU,0,0,0,0,0,0,0,0,0,0,0,0,0,0,0,0,0,0,2,2,46,0,0,1,1,0,0,2,2,0,0,0,,0
00-0035280,Jake Bailey,P,2024,8,REG,2024_08_ARI_MIA,MIA,ARI,0,0,0,0,0,0,0,0,0,0,0,0,0,0,0,0,0,0,0,0,,0,0,0,0,0,0,0,0,2,92,72,56,1
00-0035289,Gardner Minshew,QB,2024,8,REG,2024_08_KC_LV,LV,KC,24,30,209,2,0,5,-14,2,6,0,0,0,0,0,0,0,0,0,0,0,,0,0,0,0,0,0,0,0,0,0,0,,0
00-0035298,Scott Miller,WR,2024,8,REG,2024_08_NYG_PIT,PIT,NYG,0,0,0,0,0,0,0,0,0,0,0,0,0,2,0,0,0,0,0,0,,0,0,0,0,0,0,0,0,0,0,0,,0
00-0035341,Trenton Irwin,WR,2024,8,REG,2024_08_PHI_CIN,CIN,PHI,0,0,0,0,0,0,0,0,0,0,0,0,1,1,4,0,0,0,0,0,,0,0,0,0,0,0,0,0,0,0,0,,0
00-0035358,Chase McLaughlin,K,2024,8,REG,2024_08_ATL_TB,TB,ATL,0,0,0,0,0,0,0,0,0,0,0,0,0,0,0,0,0,0,1,1,52,0,0,0,0,1,0,3,3,0,0,0,,0
00-0035406,Lil'Jordan Humphrey,WR,2024,8,REG,2024_08_CAR_DEN,DEN,CAR,0,0,0,0,0,0,0,0,0,0,0,0,4,6,22,0,1,1,0,0,,0,0,0,0,0,0,0,0,0,0,0,,0
00-0035500,Greg Dortch,WR,2024,8,REG,2024_08_ARI_MIA,ARI,MIA,0,0,0,0,0,0,0,0,0,0,0,0,1,2,9,0,1,0,0,0,,0,0,0,0,0,0,0,0,0,0,0,,0
00-0035535,Darius Slayton,WR,2024,8,REG,2024_08_NYG_PIT,NYG,PIT,0,0,0,0,0,0,0,0,0,0,0,0,4,7,108,0,4,0,0,0,,0,0,0,0,0,0,0,0,0,0,0,,0
00-0035537,Ty Johnson,RB,2024,8,REG,2024_08_BUF_SEA,BUF,SEA,0,0,0,0,0,0,0,0,0,0,0,0,0,1,0,0,0,0,0,0,,0,0,0,0,0,0,0,0,0,0,0,,0
00-0035547,Joseph Fortson,TE,2024,8,REG,2024_08_KC_LV,KC,LV,0,0,0,0,0,0,0,0,0,0,0,0,0,1,0,0,0,0,0,0,,0,0,0,0,0,0,0,0,0,0,0,,0
00-0035567,Craig Reynolds,RB,2024,8,REG,2024_08_TEN_DET,DET,TEN,0,0,0,0,0,0,0,3,3,0,0,0,0,0,0,0,0,0,0,0,,0,0,0,0,0,0,0,0,0,0,0,,0
00-0035628,D'Ernest Johnson,RB,2024,8,REG,2024_08_GB_JAX,JAX,GB,0,0,0,0,0,0,0,1,3,0,0,0,1,2,20,0,1,0,0,0,,0,0,0,0,0,0,0,0,0,0,0,,0
00-0035644,Noah Fant,TE,2024,8,REG,2024_08_BUF_SEA,SEA,BUF,0,0,0,0,0,0,0,0,0,0,0,0,3,4,22,0,1,0,0,0,,0,0,0,0,0,0,0,0,0,0,0,,0
00-0035659,Terry McLaurin,WR,2024,8,REG,2024_08_CHI_WAS,WAS,CHI,0,0,0,0,0,0,0,0,0,0,0,0,5,8,125,0,5,0,0,0,,0,0,0,0,0,0,0,0,0,0,0,,0
00-0035676,A.J. Brown,WR,2024,8,REG,2024_08_PHI_CIN,PHI,CIN,0,0,0,0,0,0,0,0,0,0,0,0,5,6,84,0,3,0,0,0,,0,0,0,0,0,0,0,0,0,0,0,,0
00-0035685,David Montgomery,RB,2024,8,REG,2024_08_TEN_DET,DET,TEN,1,1,3,1,0,0,0,9,33,1,2,0,1,1,5,0,1,0,0,0,,0,0,0,0,0,0,0,0,0,0,0,,0
00-0035689,Dawson Knox,TE,2024,8,REG,2024_08_BUF_SEA,BUF,SEA,0,0,0,0,0,0,0,0,0,0,0,0,2,2,50,0,2,0,0,0,,0,0,0,0,0,0,0,0,0,0,0,,0
00-0035700,Josh Jacobs,RB,2024,8,REG,2024_08_GB_JAX,GB,JAX,0,0,0,0,0,0,0,25,127,2,5,0,1,2,-2,0,0,0,0,0,,0,0,0,0,0,0,0,0,0,0,0,,0
00-0035710,Daniel Jones,QB,2024,8,REG,2024_08_NYG_PIT,NYG,PIT,24,38,264,0,1,4,-27,3,1,0,1,0,0,0,0,0,0,0,0,0,,0,0,0,0,0,0,0,0,0,0,0,,0
00-0035719,Deebo Samuel Sr.,WR,2024,8,REG,2024_08_DAL_SF,SF,DAL,0,0,0,0,0,0,0,4,15,0,0,0,4,7,71,0,2,0,0,0,,0,0,0,0,0,0,0,0,0,0,0,,0
00-0035821,Corliss Waitman,P,2024,8,REG,2024_08_NYG_PIT,PIT,NYG,0,0,0,0,0,0,0,0,0,0,0,0,0,0,0,0,0,0,0,0,,0,0,0,0,0,0,0,0,3,131,129,55,2
00-0035859,Blake Gillikin,P,2024,8,REG,2024_08_ARI_MIA,ARI,MIA,0,0,0,0,0,0,0,0,0,0,0,0,0,0,0,0,0,0,0,0,,0,0,0,0,0,0,0,0,3,160,135,60,2
00-0035889,Tommy Townsend,P,2024,8,REG,2024_08_IND_HOU,HOU,IND,0,0,0,0,0,0,0,0,0,0,0,0,0,0,0,0,0,0,0,0,,0,0,0,0,0,0,0,0,6,257,245,53,5
00-0035973,Patrick Taylor,RB,2024,8,REG,2024_08_DAL_SF,SF,DAL,0,0,0,0,0,0,0,2,9,0,0,0,0,0,0,0,0,0,0,0,,0,0,0,0,0,0,0,0,0,0,0,,0
00-0036037,Sam Franklin Jr.,SAF,2024,8,REG,2024_08_CAR_DEN,CAR,DEN,0,0,0,0,0,0,0,0,0,0,0,0,0,1,0,0,0,0,0,0,,0,0,0,0,0,0,0,0,0,0,0,,0
00-0036040,Juwan Johnson,TE,2024,8,REG,2024_08_NO_LAC,NO,LAC,0,0,0,0,0,0,0,0,0,0,0,0,3,4,48,0,2,0,0,0,,0,0,0,0,0,0,0,0,0,0,0,,0
00-0036158,J.K. Dobbins,RB,2024,8,REG,2024_08_NO_LAC,LAC,NO,0,0,0,0,0,0,0,17,57,1,5,0,4,7,11,0,1,0,0,0,,0,0,0,0,0,0,0,0,0,0,0,,0
00-0036162,Tyler Bass,K,2024,8,REG,2024_08_BUF_SEA,BUF,SEA,0,0,0,0,0,0,0,0,0,0,0,0,0,0,0,0,0,0,1,1,27,0,1,0,0,0,0,4,4,0,0,0,,0
00-0036182,Nick Westbrook-Ikhine,WR,2024,8,REG,2024_08_TEN_DET,TEN,DET,0,0,0,0,0,0,0,0,0,0,0,0,2,4,39,1,2,0,0,0,,0,0,0,0,0,0,0,0,0,0,0,,0
00-0036212,Tua Tagovailoa,QB,2024,8,REG,2024_08_ARI_MIA,MIA,ARI,28,38,234,1,0,1,-7,3,13,0,1,0,0,0,0,0,0,0,0,0,,0,0,0,0,0,0,0,0,0,0,0,,0
00-0036223,Jonathan Taylor,RB,2024,8,REG,2024_08_IND_HOU,IND,HOU,0,0,0,0,0,0,0,20,105,1,6,0,1,1,12,0,1,0,0,0,,0,0,0,0,0,0,0,0,0,0,0,,0
00-0036244,Colby Parkinson,TE,2024,8,REG,2024_08_MIN_LA,LA,MIN,0,0,0,0,0,0,0,0,0,0,0,0,2,2,17,0,2,0,0,0,,0,0,0,0,0,0,0,0,0,0,0,,0
00-0036251,Zack Moss,RB,2024,8,REG,2024_08_PHI_CIN,CIN,PHI,0,0,0,0,0,0,0,5,11,0,0,0,4,4,28,0,2,0,0,0,,0,0,0,0,0,0,0,0,0,0,0,,0
00-0036252,Michael Pittman,WR,2024,8,REG,2024_08_IND_HOU,IND,HOU,0,0,0,0,0,0,0,0,0,0,0,0,1,6,16,0,1,0,0,0,,0,0,0,0,0,0,0,0,0,0,0,,0
00-0036264,Jordan Love,QB,2024,8,REG,2024_08_GB_JAX,GB,JAX,14,22,196,0,1,0,0,1,-1,0,0,0,0,0,0,0,0,0,0,0,,0,0,0,0,0,0,0,0,0,0,0,,0
00-0036268,Laviska Shenault Jr.,WR,2024,8,REG,2024_08_BUF_SEA,SEA,BUF,0,0,0,0,0,0,0,0,0,0,0,0,1,1,10,0,1,0,0,0,,0,0,0,0,0,0,0,0,0,0,0,,0
00-0036275,D'Andre Swift,RB,2024,8,REG,2024_08_CHI_WAS,CHI,WAS,0,0,0,0,0,0,0,18,129,1,4,0,0,0,0,0,0,0,0,0,,0,0,0,0,0,0,0,0,0,0,0,,0
00-0036290,Cole Kmet,TE,2024,8,REG,2024_08_CHI_WAS,CHI,WAS,0,0,0,0,0,0,0,0,0,0,0,0,1,1,14,0,1,0,0,0,,0,0,0,0,0,0,0,0,0,0,0,,0
00-0036309,Darnell Mooney,WR,2024,8,REG,2024_08_ATL_TB,ATL,TB,0,0,0,0,0,0,0,0,0,0,0,0,4,6,86,1,4,0,0,0,,0,0,0,0,0,0,0,0,0,0,0,,0
00-0036313,Braden Mann,P,2024,8,REG,2024_08_PHI_CIN,PHI,CIN,0,0,0,0,0,0,0,0,0,0,0,0,0,0,0,0,0,0,0,0,,0,0,0,0,0,0,0,0,1,52,32,52,0
00-0036322,Justin Jefferson,WR,2024,8,REG,2024_08_MIN_LA,MIN,LA,0,0,0,0,0,0,0,0,0,0,0,0,8,9,115,0,6,0,0,0,,0,0,0,0,0,0,0,0,0,0,0,,0
00-0036328,Antonio Gibson,RB,2024,8,REG,2024_08_NYJ_NE,NE,NYJ,0,0,0,0,0,0,0,5,7,0,1,0,0,0,0,0,0,0,0,0,,0,0,0,0,0,0,0,0,0,0,0,,0
00-0036345,K.J. Osborn,WR,2024,8,REG,2024_08_NYJ_NE,NE,NYJ,0,0,0,0,0,0,0,0,0,0,0,0,0,1,0,0,0,0,0,0,,0,0,0,0,0,0,0,0,0,0,0,,0
00-0036355,Justin Herbert,QB,2024,8,REG,2024_08_NO_LAC,LAC,NO,20,32,279,2,0,3,-23,4,49,0,1,0,0,0,0,0,0,0,0,0,,0,0,0,0,0,0,0,0,0,0,0,,0
00-0036358,CeeDee Lamb,WR,2024,8,REG,2024_08_DAL_SF,DAL,SF,0,0,0,0,0,0,0,0,0,0,0,0,13,17,146,2,9,0,0,0,,0,0,0,0,0,0,0,0,0,0,0,,0
00-0036387,Jalen Reagor,WR,2024,8,REG,2024_08_NO_LAC,LAC,NO,0,0,0,0,0,0,0,0,0,0,0,0,2,2,35,0,2,0,0,0,,0,0,0,0,0,0,0,0,0,0,0,,0
00-0036389,Jalen Hurts,QB,2024,8,REG,2024_08_PHI_CIN,PHI,CIN,16,20,236,1,0,0,0,10,37,3,7,0,0,0,0,0,0,0,0,0,,0,0,0,0,0,0,0,0,0,0,0,,0
00-0036407,Jerry Jeudy,WR,2024,8,REG,2024_08_BAL_CLE,CLE,BAL,0,0,0,0,0,0,0,0,0,0,0,0,5,8,79,0,4,0,0,0,,0,0,0,0,0,0,0,0,0,0,0,,0
00-0036415,Van Jefferson,WR,2024,8,REG,2024_08_NYG_PIT,PIT,NYG,0,0,0,0,0,0,0,0,0,0,0,0,4,5,62,0,3,0,0,0,,0,0,0,0,0,0,0,0,0,0,0,,0
00-0036422,Adam Trautman,TE,2024,8,REG,2024_08_CAR_DEN,DEN,CAR,0,0,0,0,0,0,0,0,0,0,0,0,4,4,85,1,4,0,0,0,,0,0,0,0,0,0,0,0,0,0,0,,0
00-0036427,Tyler Johnson,WR,2024,8,REG,2024_08_MIN_LA,LA,MIN,0,0,0,0,0,0,0,0,0,0,0,0,1,1,6,0,0,0,0,0,,0,0,0,0,0,0,0,0,0,0,0,,0
00-0036429,Charlie Woerner,TE,2024,8,REG,2024_08_ATL_TB,ATL,TB,0,0,0,0,0,0,0,0,0,0,0,0,1,1,13,0,1,0,0,0,,0,0,0,0,0,0,0,0,0,0,0,,0
00-0036442,Joe Burrow,QB,2024,8,REG,2024_08_PHI_CIN,CIN,PHI,26,37,234,1,1,1,-12,3,15,0,1,0,0,0,0,0,0,0,0,0,,0,0,0,0,0,0,0,0,0,0,0,,0
00-0036497,Tim Jones,WR,2024,8,REG,2024_08_GB_JAX,JAX,GB,0,0,0,0,0,0,0,0,0,0,0,0,1,2,20,0,1,0,0,0,,0,0,0,0,0,0,0,0,0,0,0,,0
00-0036527,DJ Turner,WR,2024,8,REG,2024_08_KC_LV,LV,KC,0,0,0,0,0,0,0,1,4,0,0,0,4,4,28,1,3,0,0,0,,0,0,0,0,0,0,0,0,0,0,0,,0
00-0036550,Rashod Bateman,WR,2024,8,REG,2024_08_BAL_CLE,BAL,CLE,0,0,0,0,0,0,0,0,0,0,0,0,1,5,28,0,1,0,0,0,,0,0,0,0,0,0,0,0,0,0,0,,0
00-0036555,Chuba Hubbard,RB,2024,8,REG,2024_08_CAR_DEN,CAR,DEN,0,0,0,0,0,0,0,15,56,0,2,0,2,2,15,0,0,0,0,0,,0,0,0,0,0,0,0,0,0,0,0,,0
00-0036613,Jaylen Waddle,WR,2024,8,REG,2024_08_ARI_MIA,MIA,ARI,0,0,0,0,0,0,0,0,0,0,0,0,4,6,45,0,3,0,0,0,,0,0,0,0,0,0,0,0,0,0,0,,0
00-0036620,Dee Eskridge,WR,2024,8,REG,2024_08_ARI_MIA,MIA,ARI,0,0,0,0,0,0,0,0,0,0,0,0,1,1,6,0,1,0,0,0,,0,0,0,0,0,0,0,0,0,0,0,,0
00-0036626,Dyami Brown,WR,2024,8,REG,2024_08_CHI_WAS,WAS,CHI,0,0,0,0,0,0,0,0,0,0,0,0,1,1,6,0,0,0,0,0,,0,0,0,0,0,0,0,0,0,0,0,,0
00-0036628,John Bates,TE,2024,8,REG,2024_08_CHI_WAS,WAS,CHI,0,0,0,0,0,0,0,0,0,0,0,0,1,2,20,0,1,0,0,0,,0,0,0,0,0,0,0,0,0,0,0,,0
00-0036637,Noah Gray,TE,2024,8,REG,2024_08_KC_LV,KC,LV,0,0,0,0,0,0,0,0,0,0,0,0,3,3,23,0,2,0,0,0,,0,0,0,0,0,0,0,0,0,0,0,,0
00-0036646,Simi Fehoko,WR,2024,8,REG,2024_08_NO_LAC,LAC,NO,0,0,0,0,0,0,0,0,0,0,0,0,0,2,0,0,0,0,0,0,,0,0,0,0,0,0,0,0,0,0,0,,0
00-0036727,Adam Prentice,FB,2024,8,REG,2024_08_NO_LAC,NO,LAC,0,0,0,0,0,0,0,0,0,0,0,0,0,1,0,0,0,0,0,0,,0,0,0,0,0,0,0,0,0,0,0,,0
00-0036741,Jack Stoll,TE,2024,8,REG,2024_08_PHI_CIN,PHI,CIN,0,0,0,0,0,0,0,0,0,0,0,0,1,1,6,0,0,0,0,0,,0,0,0,0,0,0,0,0,0,0,0,,0
00-0036754,Brock Wright,TE,2024,8,REG,2024_08_TEN_DET,DET,TEN,0,0,0,0,0,0,0,0,0,0,0,0,1,1,8,1,1,0,0,0,,0,0,0,0,0,0,0,0,0,0,0,,0
00-0036849,Tutu Atwell,WR,2024,8,REG,2024_08_MIN_LA,LA,MIN,0,0,0,0,0,0,0,0,0,0,0,0,1,2,18,0,1,0,0,0,,0,0,0,0,0,0,0,0,0,0,0,,0
00-0036854,Evan McPherson,K,2024,8,REG,2024_08_PHI_CIN,CIN,PHI,0,0,0,0,0,0,0,0,0,0,0,0,0,0,0,0,0,0,1,2,27,0,1,0,0,0,0,2,2,0,0,0,,0
00-0036875,Rhamondre Stevenson,RB,2024,8,REG,2024_08_NYJ_NE,NE,NYJ,0,0,0,0,0,0,0,20,48,2,5,0,3,3,17,0,0,0,0,0,,0,0,0,0,0,0,0,0,0,0,0,,0
00-0036876,Kylen Granson,TE,2024,8,REG,2024_08_IND_HOU,IND,HOU,0,0,0,0,0,0,0,0,0,0,0,0,1,2,4,0,0,0,0,0,,0,0,0,0,0,0,0,0,0,0,0,,0
00-0036893,Najee Harris,RB,2024,8,REG,2024_08_NYG_PIT,PIT,NYG,0,0,0,0,0,0,0,19,114,0,4,0,3,4,17,0,1,0,0,0,,0,0,0,0,0,0,0,0,0,0,0,,0
00-0036894,Pat Freiermuth,TE,2024,8,REG,2024_08_NYG_PIT,PIT,NYG,0,0,0,0,0,0,0,0,0,0,0,0,2,2,19,0,1,0,0,0,,0,0,0,0,0,0,0,0,0,0,0,,0
00-0036900,Ja'Marr Chase,WR,2024,8,REG,2024_08_PHI_CIN,CIN,PHI,0,0,0,0,0,0,0,0,0,0,0,0,9,11,54,1,5,0,0,0,,0,0,0,0,0,0,0,0,0,0,0,,0
00-0036912,DeVonta Smith,WR,2024,8,REG,2024_08_PHI_CIN,PHI,CIN,0,0,0,0,0,0,0,0,0,0,0,0,6,7,85,1,4,0,0,0,,0,0,0,0,0,0,0,0,0,0,0,,0
00-0036919,Kenny Gainwell,RB,2024,8,REG,2024_08_PHI_CIN,PHI,CIN,0,0,0,0,0,0,0,5,19,0,1,0,0,1,0,0,0,0,0,0,,0,0,0,0,0,0,0,0,0,0,0,,0
00-0036963,Amon-Ra St. Brown,WR,2024,8,REG,2024_08_TEN_DET,DET,TEN,0,0,0,0,0,0,0,0,0,0,0,0,2,2,7,1,1,0,0,0,,0,0,0,0,0,0,0,0,0,0,0,,0
00-0036970,Kyle Pitts,TE,2024,8,REG,2024_08_ATL_TB,ATL,TB,0,0,0,0,0,0,0,0,0,0,0,0,4,5,91,2,3,0,0,0,,0,0,0,0,0,0,0,0,0,0,0,,0
00-0036971,Trevor Lawrence,QB,2024,8,REG,2024_08_GB_JAX,JAX,GB,21,32,308,2,1,1,-9,4,10,1,2,0,0,0,0,0,0,0,0,0,,0,0,0,0,0,0,0,0,0,0,0,,0
00-0036980,Elijah Moore,WR,2024,8,REG,2024_08_BAL_CLE,CLE,BAL,0,0,0,0,0,0,0,0,0,0,0,0,8,12,85,0,5,0,0,0,,0,0,0,0,0,0,0,0,0,0,0,,0
00-0036984,Trey Sermon,RB,2024,8,REG,2024_08_IND_HOU,IND,HOU,0,0,0,0,0,0,0,0,0,0,0,0,1,1,14,0,1,0,0,0,,0,0,0,0,0,0,0,0,0,0,0,,0
00-0036988,Josh Palmer,WR,2024,8,REG,2024_08_NO_LAC,LAC,NO,0,0,0,0,0,0,0,0,0,0,0,0,2,4,72,0,2,0,0,0,,0,0,0,0,0,0,0,0,0,0,0,,0
00-0036997,Javonte Williams,RB,2024,8,REG,2024_08_CAR_DEN,DEN,CAR,0,0,0,0,0,0,0,17,44,0,0,0,4,5,8,0,1,0,0,0,,0,0,0,0,0,0,0,0,0,0,0,,0
00-0037004,Hunter Long,TE,2024,8,REG,2024_08_MIN_LA,LA,MIN,0,0,0,0,0,0,0,0,0,0,0,0,1,1,18,0,1,0,0,0,,0,0,0,0,0,0,0,0,0,0,0,,0
00-0037005,Tommy Tremble,TE,2024,8,REG,2024_08_CAR_DEN,CAR,DEN,0,0,0,0,0,0,0,0,0,0,0,0,2,3,13,0,1,0,0,0,,0,0,0,0,0,0,0,0,0,0,0,,0
00-0037086,Grant Calcaterra,TE,2024,8,REG,2024_08_PHI_CIN,PHI,CIN,0,0,0,0,0,0,0,0,0,0,0,0,3,3,58,0,3,0,0,0,,0,0,0,0,0,0,0,0,0,0,0,,0
00-0037091,Bo Melton,WR,2024,8,REG,2024_08_GB_JAX,GB,JAX,0,0,0,0,0,0,0,0,0,0,0,0,0,1,0,0,0,0,0,0,,0,0,0,0,0,0,0,0,0,0,0,,0
00-0037097,Trenton Gill,P,2024,8,REG,2024_08_ATL_TB,TB,ATL,0,0,0,0,0,0,0,0,0,0,0,0,0,0,0,0,0,0,0,0,,0,0,0,0,0,0,0,0,1,42,28,42,0
00-0037120,Tyler Goodson,RB,2024,8,REG,2024_08_IND_HOU,IND,HOU,0,0,0,0,0,0,0,0,0,0,0,0,0,1,0,0,0,0,0,0,,0,0,0,0,0,0,0,0,0,0,0,,0
00-0037224,Cameron Dicker,K,2024,8,REG,2024_08_NO_LAC,LAC,NO,0,0,0,0,0,0,0,0,0,0,0,0,0,0,0,0,0,0,2,2,46,0,1,0,1,0,0,2,3,0,0,0,,0
00-0037228,Jaylen Warren,RB,2024,8,REG,2024_08_NYG_PIT,PIT,NYG,0,0,0,0,0,0,0,9,46,0,2,0,2,3,13,0,0,0,0,0,,0,0,0,0,0,0,0,0,0,0,0,,0
00-0037238,Drake London,WR,2024,8,REG,2024_08_ATL_TB,ATL,TB,0,0,0,0,0,0,0,0,0,0,0,0,4,6,34,0,1,0,0,0,,0,0,0,0,0,0,0,0,0,0,0,,0
00-0037239,Chris Olave,WR,2024,8,REG,2024_08_NO_LAC,NO,LAC,0,0,0,0,0,0,0,0,0,0,0,0,8,14,107,0,5,0,0,0,,0,0,0,0,0,0,0,0,0,0,0,,0
00-0037247,George Pickens,WR,2024,8,REG,2024_08_NYG_PIT,PIT,NYG,0,0,0,0,0,0,0,0,0,0,0,0,4,5,74,0,3,0,0,0,,0,0,0,0,0,0,0,0,0,0,0,,0
00-0037248,James Cook,RB,2024,8,REG,2024_08_BUF_SEA,BUF,SEA,0,0,0,0,0,0,0,17,111,2,8,0,3,3,22,0,2,0,0,0,,0,0,0,0,0,0,0,0,0,0,0,,0
00-0037256,Rachaad White,RB,2024,8,REG,2024_08_ATL_TB,TB,ATL,0,0,0,0,0,0,0,6,29,0,1,1,5,6,38,1,1,0,0,0,,0,0,0,0,0,0,0,0,0,0,0,,0
00-0037258,Dameon Pierce,RB,2024,8,REG,2024_08_IND_HOU,HOU,IND,0,0,0,0,0,0,0,1,4,0,0,0,0,0,0,0,0,0,0,0,,0,0,0,0,0,0,0,0,0,0,0,,0
00-0037261,Khalil Shakir,WR,2024,8,REG,2024_08_BUF_SEA,BUF,SEA,0,0,0,0,0,0,0,1,2,0,0,0,9,10,107,0,2,0,0,0,,0,0,0,0,0,0,0,0,0,0,0,,0
00-0037263,Tyler Allgeier,RB,2024,8,REG,2024_08_ATL_TB,ATL,TB,0,0,0,0,0,0,0,12,33,0,3,0,0,0,0,0,0,0,0,0,,0,0,0,0,0,0,0,0,0,0,0,,0
00-0037284,Matt Araiza,P,2024,8,REG,2024_08_KC_LV,KC,LV,0,0,0,0,0,0,0,0,0,0,0,0,0,0,0,0,0,0,0,0,,0,0,0,0,0,0,0,0,2,93,76,51,1
00-0037291,Jalen Nailor,WR,2024,8,REG,2024_08_MIN_LA,MIN,LA,0,0,0,0,0,0,0,0,0,0,0,0,2,4,16,0,0,0,0,0,,0,0,0,0,0,0,0,0,0,0,0,,0
00-0037500,Ryan Wright,P,2024,8,REG,2024_08_MIN_LA,MIN,LA,0,0,0,0,0,0,0,0,0,0,0,0,0,0,0,0,0,0,0,0,,0,0,0,0,0,0,0,0,3,151,147,61,3
00-0037525,Jordan Mason,RB,2024,8,REG,2024_08_DAL_SF,SF,DAL,0,0,0,0,0,0,0,6,18,0,0,0,0,0,0,0,0,0,0,0,,0,0,0,0,0,0,0,0,0,0,0,,0
00-0037539,Lucas Krull,TE,2024,8,REG,2024_08_CAR_DEN,DEN,CAR,0,0,0,0,0,0,0,0,0,0,0,0,2,2,18,0,1,0,0,0,,0,0,0,0,0,0,0,0,0,0,0,,0
00-0037547,Daniel Whelan,P,2024,8,REG,2024_08_GB_JAX,GB,JAX,0,0,0,0,0,0,0,0,0,0,0,0,0,0,0,0,0,0,0,0,,0,0,0,0,0,0,0,0,5,241,224,63,3
00-0037594,Julius Chestnut,RB,2024,8,REG,2024_08_TEN_DET,TEN,DET,0,0,0,0,0,0,0,7,32,0,1,0,0,0,0,0,0,0,0,0,,0,0,0,0,0,0,0,0,0,0,0,,0
00-0037607,Ryan Stonehouse,P,2024,8,REG,2024_08_TEN_DET,TEN,DET,0,0,0,0,0,0,0,0,0,0,0,0,0,0,0,0,0,0,0,0,,0,0,0,0,0,0,0,0,6,296,106,62,2
00-0037614,John Metchie III,WR,2024,8,REG,2024_08_IND_HOU,HOU,IND,0,0,0,0,0,0,0,0,0,0,0,0,3,4,29,0,1,0,0,0,,0,0,0,0,0,0,0,0,0,0,0,,0
00-0037617,Hassan Haskins,RB,2024,8,REG,2024_08_NO_LAC,LAC,NO,0,0,0,0,0,0,0,1,0,0,0,0,0,0,0,0,0,0,0,0,,0,0,0,0,0,0,0,0,0,0,0,,0
00-0037664,Alec Pierce,WR,2024,8,REG,2024_08_IND_HOU,IND,HOU,0,0,0,0,0,0,0,0,0,0,0,0,1,4,11,0,1,0,0,0,,0,0,0,0,0,0,0,0,0,0,0,,0
00-0037666,Jalen Tolbert,WR,2024,8,REG,2024_08_DAL_SF,DAL,SF,0,0,0,0,0,0,0,0,0,0,0,0,3,3,44,0,1,0,0,0,,0,0,0,0,0,0,0,0,0,0,0,,0
00-0037692,Brandon Aubrey,K,2024,8,REG,2024_08_DAL_SF,DAL,SF,0,0,0,0,0,0,0,0,0,0,0,0,0,0,0,0,0,0,1,1,29,0,1,0,0,0,0,3,3,0,0,0,,0
00-0037740,Garrett Wilson,WR,2024,8,REG,2024_08_NYJ_NE,NYJ,NE,0,0,0,0,0,0,0,0,0,0,0,0,5,8,113,0,4,0,0,0,,0,0,0,0,0,0,0,0,0,0,0,,0
00-0037744,Trey McBride,TE,2024,8,REG,2024_08_ARI_MIA,ARI,MIA,0,0,0,0,0,0,0,0,0,0,0,0,9,11,124,0,6,0,0,0,,0,0,0,0,0,0,0,0,0,0,0,,0
00-0037746,Brian Robinson,RB,2024,8,REG,2024_08_CHI_WAS,WAS,CHI,0,0,0,0,0,0,0,16,65,0,3,0,1,1,11,0,1,0,0,0,,0,0,0,0,0,0,0,0,0,0,0,,0
00-0037801,KaVontae Turpin,WR,2024,8,REG,2024_08_DAL_SF,DAL,SF,0,0,0,0,0,0,0,1,11,0,1,0,1,4,16,0,1,0,0,0,,0,0,0,0,0,0,0,0,0,0,0,,0
00-0037805,Jeremy Ruckert,TE,2024,8,REG,2024_08_NYJ_NE,NYJ,NE,0,0,0,0,0,0,0,0,0,0,0,0,3,3,14,0,1,0,0,0,,0,0,0,0,0,0,0,0,0,0,0,,0
00-0037809,Chig Okonkwo,TE,2024,8,REG,2024_08_TEN_DET,TEN,DET,0,0,0,0,0,0,0,0,0,0,0,0,2,5,14,0,1,1,0,0,,0,0,0,0,0,0,0,0,0,0,0,,0
00-0037816,Romeo Doubs,WR,2024,8,REG,2024_08_GB_JAX,GB,JAX,0,0,0,0,0,0,0,0,0,0,0,0,3,6,72,0,3,0,0,0,,0,0,0,0,0,0,0,0,0,0,0,,0
00-0037834,Brock Purdy,QB,2024,8,REG,2024_08_DAL_SF,SF,DAL,18,26,260,1,0,2,-14,8,56,1,5,0,0,0,0,0,0,0,0,0,,0,0,0,0,0,0,0,0,0,0,0,,0
00-0037837,Calvin Austin III,WR,2024,8,REG,2024_08_NYG_PIT,PIT,NYG,0,0,0,0,0,0,0,0,0,0,0,0,3,4,54,1,3,0,0,0,,0,0,0,0,0,0,0,0,0,0,0,,0
00-0037838,Isaiah Likely,TE,2024,8,REG,2024_08_BAL_CLE,BAL,CLE,0,0,0,0,0,0,0,0,0,0,0,0,4,4,47,0,2,0,0,0,,0,0,0,0,0,0,0,0,0,0,0,,0
00-0037840,Kyren Williams,RB,2024,8,REG,2024_08_MIN_LA,LA,MIN,0,0,0,0,0,0,0,23,97,0,5,0,5,7,19,1,1,0,0,0,,0,0,0,0,0,0,0,0,0,0,0,,0
00-0038040,Zamir White,RB,2024,8,REG,2024_08_KC_LV,LV,KC,0,0,0,0,0,0,0,2,-1,0,0,0,0,0,0,0,0,0,0,0,,0,0,0,0,0,0,0,0,0,0,0,,0
00-0038041,Jake Ferguson,TE,2024,8,REG,2024_08_DAL_SF,DAL,SF,0,0,0,0,0,0,0,0,0,0,0,0,6,8,23,0,1,0,0,0,,0,0,0,0,0,0,0,0,0,0,0,,0
00-0038046,Charlie Kolar,TE,2024,8,REG,2024_08_BAL_CLE,BAL,CLE,0,0,0,0,0,0,0,0,0,0,0,0,1,2,9,0,0,0,0,0,,0,0,0,0,0,0,0,0,0,0,0,,0
00-0038094,Jordan Stout,P,2024,8,REG,2024_08_BAL_CLE,BAL,CLE,0,0,0,0,0,0,0,0,0,0,0,0,0,0,0,0,0,0,0,0,,0,0,0,0,0,0,0,0,4,209,173,64,1
00-0038098,Pierre Strong,RB,2024,8,REG,2024_08_BAL_CLE,CLE,BAL,0,0,0,0,0,0,0,0,0,0,0,0,1,1,3,0,0,0,0,0,,0,0,0,0,0,0,0,0,0,0,0,,0
00-0038104,Tyquan Thornton,WR,2024,8,REG,2024_08_NYJ_NE,NE,NYJ,0,0,0,0,0,0,0,0,0,0,0,0,2,3,20,0,1,0,0,0,,0,0,0,0,0,0,0,0,0,0,0,,0
00-0038117,Wan'Dale Robinson,WR,2024,8,REG,2024_08_NYG_PIT,NYG,PIT,0,0,0,0,0,0,0,0,0,0,0,0,5,5,30,0,1,0,0,0,,0,0,0,0,0,0,0,0,0,0,0,,0
00-0038120,Breece Hall,RB,2024,8,REG,2024_08_NYJ_NE,NYJ,NE,0,0,0,0,0,0,0,16,80,0,2,0,1,3,9,0,0,0,0,0,,0,0,0,0,0,0,0,0,0,0,0,,0
00-0038124,Christian Watson,WR,2024,8,REG,2024_08_GB_JAX,GB,JAX,0,0,0,0,0,0,0,0,0,0,0,0,4,6,39,0,3,0,0,0,,0,0,0,0,0,0,0,0,0,0,0,,0
00-0038128,Malik Willis,QB,2024,8,REG,2024_08_GB_JAX,GB,JAX,4,5,56,1,0,1,0,4,23,0,1,0,0,0,0,0,0,0,0,0,,0,0,0,0,0,0,0,0,0,0,0,,0
00-0038129,Cade Otton,TE,2024,8,REG,2024_08_ATL_TB,TB,ATL,0,0,0,0,0,0,0,0,0,0,0,0,9,10,81,2,5,0,0,0,,0,0,0,0,0,0,0,0,0,0,0,,0
00-0038134,Kenneth Walker III,RB,2024,8,REG,2024_08_BUF_SEA,SEA,BUF,0,0,0,0,0,0,0,9,12,0,0,0,4,5,33,0,2,0,0,0,,0,0,0,0,0,0,0,0,0,0,0,,0
00-0038393,Dontayvion Wicks,WR,2024,8,REG,2024_08_GB_JAX,GB,JAX,0,0,0,0,0,0,0,0,0,0,0,0,2,2,11,0,1,0,0,0,,0,0,0,0,0,0,0,0,0,0,0,,0
00-0038394,Will Mallory,TE,2024,8,REG,2024_08_IND_HOU,IND,HOU,0,0,0,0,0,0,0,0,0,0,0,0,0,2,0,0,0,0,0,0,,0,0,0,0,0,0,0,0,0,0,0,,0
00-0038396,Eric Gray,RB,2024,8,REG,2024_08_NYG_PIT,NYG,PIT,0,0,0,0,0,0,0,0,0,0,0,0,1,1,3,0,0,0,0,0,,0,0,0,0,0,0,0,0,0,0,0,,0
00-0038402,Anders Carlson,K,2024,8,REG,2024_08_DAL_SF,SF,DAL,0,0,0,0,0,0,0,0,0,0,0,0,0,0,0,0,0,0,3,3,50,0,0,0,2,1,0,3,3,0,0,0,,0
00-0038496,Xavier Gipson,WR,2024,8,REG,2024_08_NYJ_NE,NYJ,NE,0,0,0,0,0,0,0,0,0,0,0,0,1,1,1,1,1,0,0,0,,0,0,0,0,0,0,0,0,0,0,0,,0
00-0038542,Bijan Robinson,RB,2024,8,REG,2024_08_ATL_TB,ATL,TB,0,0,0,0,0,0,0,13,63,0,3,0,7,7,43,1,2,0,0,0,,0,0,0,0,0,0,0,0,0,0,0,,0
00-0038543,Jaxon Smith-Njigba,WR,2024,8,REG,2024_08_BUF_SEA,SEA,BUF,0,0,0,0,0,0,0,0,0,0,0,0,6,7,69,0,5,0,0,0,,0,0,0,0,0,0,0,0,0,0,0,,0
00-0038550,Hendon Hooker,QB,2024,8,REG,2024_08_TEN_DET,DET,TEN,2,3,6,0,0,0,0,0,0,0,0,0,0,0,0,0,0,0,0,0,,0,0,0,0,0,0,0,0,0,0,0,,0
00-0038551,Kendre Miller,RB,2024,8,REG,2024_08_NO_LAC,NO,LAC,0,0,0,0,0,0,0,3,16,0,1,0,0,0,0,0,0,0,0,0,,0,0,0,0,0,0,0,0,0,0,0,,0
00-0038555,Tank Bigsby,RB,2024,8,REG,2024_08_GB_JAX,JAX,GB,0,0,0,0,0,0,0,18,78,0,3,0,2,3,8,0,0,0,0,0,,0,0,0,0,0,0,0,0,0,0,0,,0
00-0038558,Darnell Washington,TE,2024,8,REG,2024_08_NYG_PIT,PIT,NYG,0,0,0,0,0,0,0,0,0,0,0,0,1,1,29,0,1,0,0,0,,0,0,0,0,0,0,0,0,0,0,0,,0
00-0038559,Michael Wilson,WR,2024,8,REG,2024_08_ARI_MIA,ARI,MIA,0,0,0,0,0,0,0,0,0,0,0,0,5,6,31,1,1,0,0,0,,0,0,0,0,0,0,0,0,0,0,0,,0
00-0038563,Tre Tucker,WR,2024,8,REG,2024_08_KC_LV,LV,KC,0,0,0,0,0,0,0,1,7,0,0,0,2,3,26,0,2,0,0,0,,0,0,0,0,0,0,0,0,0,0,0,,0
00-0038567,Chad Ryland,K,2024,8,REG,2024_08_ARI_MIA,ARI,MIA,0,0,0,0,0,0,0,0,0,0,0,0,0,0,0,0,0,0,2,2,57,0,0,1,0,1,0,2,2,0,0,0,,0
00-0038589,Josh Whyle,TE,2024,8,REG,2024_08_TEN_DET,TEN,DET,0,0,0,0,0,0,0,0,0,0,0,0,2,2,33,0,1,0,0,0,,0,0,0,0,0,0,0,0,0,0,0,,0
00-0038597,Chase Brown,RB,2024,8,REG,2024_08_PHI_CIN,CIN,PHI,0,0,0,0,0,0,0,12,32,1,2,0,2,4,2,0,0,0,0,0,,0,0,0,0,0,0,0,0,0,0,0,,0
00-0038606,Parker Washington,WR,2024,8,REG,2024_08_GB_JAX,JAX,GB,0,0,0,0,0,0,0,0,0,0,0,0,3,4,46,0,3,0,0,0,,0,0,0,0,0,0,0,0,0,0,0,,0
00-0038608,Kayshon Boutte,WR,2024,8,REG,2024_08_NYJ_NE,NE,NYJ,0,0,0,0,0,0,0,0,0,0,0,0,3,6,46,0,2,0,0,0,,0,0,0,0,0,0,0,0,0,0,0,,0
00-0038610,Bryce Baringer,P,2024,8,REG,2024_08_NYJ_NE,NE,NYJ,0,0,0,0,0,0,0,0,0,0,0,0,0,0,0,0,0,0,0,0,,0,0,0,0,0,0,0,0,5,236,165,55,1
00-0038614,Scott Matlock,DT,2024,8,REG,2024_08_NO_LAC,LAC,NO,0,0,0,0,0,0,0,0,0,0,0,0,1,1,9,0,0,0,0,0,,0,0,0,0,0,0,0,0,0,0,0,,0
00-0038618,Xavier Hutchinson,WR,2024,8,REG,2024_08_IND_HOU,HOU,IND,0,0,0,0,0,0,0,0,0,0,0,0,1,1,19,0,1,0,0,0,,0,0,0,0,0,0,0,0,0,0,0,,0
00-0038619,Andrei Iosivas,WR,2024,8,REG,2024_08_PHI_CIN,CIN,PHI,0,0,0,0,0,0,0,0,0,0,0,0,0,3,0,0,0,0,0,0,,0,0,0,0,0,0,0,0,0,0,0,,0
00-0038621,DeMario Douglas,WR,2024,8,REG,2024_08_NYJ_NE,NE,NYJ,0,0,0,0,0,0,0,0,0,0,0,0,2,3,12,0,0,0,0,0,,0,0,0,0,0,0,0,0,0,0,0,,0
00-0038640,Jalen Brooks,WR,2024,8,REG,2024_08_DAL_SF,DAL,SF,0,0,0,0,0,0,0,0,0,0,0,0,0,1,0,0,0,0,0,0,,0,0,0,0,0,0,0,0,0,0,0,,0
00-0038647,Ronnie Bell,WR,2024,8,REG,2024_08_DAL_SF,SF,DAL,0,0,0,0,0,0,0,0,0,0,0,0,0,1,0,0,0,0,0,0,,0,0,0,0,0,0,0,0,0,0,0,,0
00-0038685,Chris Brooks,RB,2024,8,REG,2024_08_GB_JAX,GB,JAX,0,0,0,0,0,0,0,4,16,0,2,0,1,1,1,0,0,0,0,0,,0,0,0,0,0,0,0,0,0,0,0,,0
00-0038705,Emari Demercado,RB,2024,8,REG,2024_08_ARI_MIA,ARI,MIA,0,0,0,0,0,0,0,0,0,0,0,0,0,1,0,0,0,0,0,0,,0,0,0,0,0,0,0,0,0,0,0,,0
00-0038720,Julian Hill,TE,2024,8,REG,2024_08_ARI_MIA,MIA,ARI,0,0,0,0,0,0,0,0,0,0,0,0,3,3,11,0,0,0,0,0,,0,0,0,0,0,0,0,0,0,0,0,,0
00-0038738,Hunter Luepke,RB,2024,8,REG,2024_08_DAL_SF,DAL,SF,0,0,0,0,0,0,0,1,0,0,0,0,0,0,0,0,0,0,0,0,,0,0,0,0,0,0,0,0,0,0,0,,0
00-0038752,Jake Bobo,WR,2024,8,REG,2024_08_BUF_SEA,SEA,BUF,0,0,0,0,0,0,0,0,0,0,0,0,1,1,15,0,1,0,0,0,,0,0,0,0,0,0,0,0,0,0,0,,0
00-0038783,Nate Adkins,TE,2024,8,REG,2024_08_CAR_DEN,DEN,CAR,0,0,0,0,0,0,0,0,0,0,0,0,1,1,3,1,1,0,0,0,,0,0,0,0,0,0,0,0,0,0,0,,0
00-0038794,Jaleel McLaughlin,RB,2024,8,REG,2024_08_CAR_DEN,DEN,CAR,0,0,0,0,0,0,0,8,47,0,4,0,1,1,9,1,1,0,0,0,,0,0,0,0,0,0,0,0,0,0,0,,0
00-0038797,Emanuel Wilson,RB,2024,8,REG,2024_08_GB_JAX,GB,JAX,0,0,0,0,0,0,0,4,5,0,0,0,2,2,-2,0,0,0,0,0,,0,0,0,0,0,0,0,0,0,0,0,,0
00-0038809,Ben Sims,TE,2024,8,REG,2024_08_GB_JAX,GB,JAX,0,0,0,0,0,0,0,0,0,0,0,0,0,1,0,0,0,0,0,0,,0,0,0,0,0,0,0,0,0,0,0,,0
00-0038821,Rakim Jarrett,WR,2024,8,REG,2024_08_ATL_TB,TB,ATL,0,0,0,0,0,0,0,0,0,0,0,0,3,3,58,0,3,0,0,0,,0,0,0,0,0,0,0,0,0,0,0,,0
00-0038824,Ryan Miller,WR,2024,8,REG,2024_08_ATL_TB,TB,ATL,0,0,0,0,0,0,0,0,0,0,0,0,3,5,19,0,2,0,0,0,,0,0,0,0,0,0,0,0,0,0,0,,0
00-0038905,Blake Grupe,K,2024,8,REG,2024_08_NO_LAC,NO,LAC,0,0,0,0,0,0,0,0,0,0,0,0,0,0,0,0,0,0,2,3,43,0,0,0,2,0,0,0,0,0,0,0,,0
00-0038920,John Shenker,TE,2024,8,REG,2024_08_KC_LV,LV,KC,0,0,0,0,0,0,0,0,0,0,0,0,1,1,7,0,0,0,0,0,,0,0,0,0,0,0,0,0,0,0,0,,0
00-0038933,Dalton Kincaid,TE,2024,8,REG,2024_08_BUF_SEA,BUF,SEA,0,0,0,0,0,0,0,0,0,0,0,0,4,7,31,1,3,0,0,0,,0,0,0,0,0,0,0,0,0,0,0,,0
00-0038935,Brenton Strange,TE,2024,8,REG,2024_08_GB_JAX,JAX,GB,0,0,0,0,0,0,0,0,0,0,0,0,5,5,59,0,2,0,0,0,,0,0,0,0,0,0,0,0,0,0,0,,0
00-0038951,Sean Tucker,RB,2024,8,REG,2024_08_ATL_TB,TB,ATL,0,0,0,0,0,0,0,2,3,0,0,0,1,1,12,0,1,0,0,0,,0,0,0,0,0,0,0,0,0,0,0,,0
00-0038976,Marvin Mims Jr.,WR,2024,8,REG,2024_08_CAR_DEN,DEN,CAR,0,0,0,0,0,0,0,0,0,0,0,0,1,2,8,0,0,0,0,0,,0,0,0,0,0,0,0,0,0,0,0,,0
00-0038977,Tank Dell,WR,2024,8,REG,2024_08_IND_HOU,HOU,IND,0,0,0,0,0,0,0,0,0,0,0,0,4,4,35,1,2,0,0,0,,0,0,0,0,0,0,0,0,0,0,0,,0
00-0038979,Cedric Tillman,WR,2024,8,REG,2024_08_BAL_CLE,CLE,BAL,0,0,0,0,0,0,0,0,0,0,0,0,7,9,99,2,5,0,0,0,,0,0,0,0,0,0,0,0,0,0,0,,0
00-0038994,Jordan Addison,WR,2024,8,REG,2024_08_MIN_LA,MIN,LA,0,0,0,0,0,0,0,0,0,0,0,0,2,3,22,0,2,0,0,0,,0,0,0,0,0,0,0,0,0,0,0,,0
00-0038996,Tucker Kraft,TE,2024,8,REG,2024_08_GB_JAX,GB,JAX,0,0,0,0,0,0,0,0,0,0,0,0,3,3,78,1,3,0,0,0,,0,0,0,0,0,0,0,0,0,0,0,,0
00-0038997,Josh Downs,WR,2024,8,REG,2024_08_IND_HOU,IND,HOU,0,0,0,0,0,0,0,0,13,0,0,0,4,9,109,1,3,0,0,0,,0,0,0,0,0,0,0,0,0,0,0,,0
00-0038998,Jake Haener,QB,2024,8,REG,2024_08_NO_LAC,NO,LAC,9,17,122,0,0,2,-16,2,10,0,0,0,0,0,0,0,0,0,0,0,,0,0,0,0,0,0,0,0,0,0,0,,0
00-0039021,Roschon Johnson,RB,2024,8,REG,2024_08_CHI_WAS,CHI,WAS,0,0,0,0,0,0,0,2,6,1,1,0,0,0,0,0,0,0,0,0,,0,0,0,0,0,0,0,0,0,0,0,,0
00-0039040,De'Von Achane,RB,2024,8,REG,2024_08_ARI_MIA,MIA,ARI,0,0,0,0,0,0,0,10,97,0,2,0,6,8,50,1,3,0,0,0,,0,0,0,0,0,0,0,0,0,0,0,,0
00-0039041,Elijah Higgins,TE,2024,8,REG,2024_08_ARI_MIA,ARI,MIA,0,0,0,0,0,0,0,0,0,0,0,0,2,2,13,0,0,0,0,0,,0,0,0,0,0,0,0,0,0,0,0,,0
00-0039052,Trey Palmer,WR,2024,8,REG,2024_08_ATL_TB,TB,ATL,0,0,0,0,0,0,0,0,0,0,0,0,2,2,29,0,1,0,0,0,,0,0,0,0,0,0,0,0,0,0,0,,0
00-0039059,Ethan Evans,P,2024,8,REG,2024_08_MIN_LA,LA,MIN,0,0,0,0,0,0,0,0,0,0,0,0,0,0,0,0,0,0,0,0,,0,0,0,0,0,0,0,0,3,128,122,45,2
00-0039062,Jonathan Mingo,WR,2024,8,REG,2024_08_CAR_DEN,CAR,DEN,0,0,0,0,0,0,0,0,0,0,0,0,0,3,0,0,0,0,0,0,,0,0,0,0,0,0,0,0,0,0,0,,0
00-0039064,Zay Flowers,WR,2024,8,REG,2024_08_BAL_CLE,BAL,CLE,0,0,0,0,0,0,0,0,0,0,0,0,7,12,115,0,5,0,0,0,,0,0,0,0,0,0,0,0,0,0,0,,0
00-0039065,Sam LaPorta,TE,2024,8,REG,2024_08_TEN_DET,DET,TEN,0,0,0,0,0,0,0,0,0,0,0,0,6,6,48,1,4,0,0,0,,0,0,0,0,0,0,0,0,0,0,0,,0
00-0039075,Puka Nacua,WR,2024,8,REG,2024_08_MIN_LA,LA,MIN,0,0,0,0,0,0,0,2,5,0,0,0,7,9,106,0,6,0,0,0,,0,0,0,0,0,0,0,0,0,0,0,,0
00-0039139,Jahmyr Gibbs,RB,2024,8,REG,2024_08_TEN_DET,DET,TEN,0,0,0,0,0,0,0,11,127,1,3,0,1,1,6,0,0,0,0,0,,0,0,0,0,0,0,0,0,0,0,0,,0
00-0039146,Jayden Reed,WR,2024,8,REG,2024_08_GB_JAX,GB,JAX,0,0,0,0,0,0,0,1,0,0,0,0,2,3,55,0,1,0,0,0,,0,0,0,0,0,0,0,0,0,0,0,,0
00-0039150,Bryce Young,QB,2024,8,REG,2024_08_CAR_DEN,CAR,DEN,24,37,224,2,2,2,-9,3,6,0,0,0,0,0,0,0,0,0,0,0,,0,0,0,0,0,0,0,0,0,0,0,,0
00-0039163,C.J. Stroud,QB,2024,8,REG,2024_08_IND_HOU,HOU,IND,25,37,285,1,0,2,-18,1,-10,0,0,1,0,0,0,0,0,0,0,0,,0,0,0,0,0,0,0,0,0,0,0,,0
00-0039164,Anthony Richardson,QB,2024,8,REG,2024_08_IND_HOU,IND,HOU,10,32,175,1,1,5,-35,6,45,0,4,0,0,0,0,0,0,0,0,0,,0,0,0,0,0,0,0,0,0,0,0,,0
00-0039165,Zach Charbonnet,RB,2024,8,REG,2024_08_BUF_SEA,SEA,BUF,0,0,0,0,0,0,0,3,4,1,1,0,3,4,20,0,1,0,0,0,,0,0,0,0,0,0,0,0,0,0,0,,0
00-0039172,Jake Bates,K,2024,8,REG,2024_08_TEN_DET,DET,TEN,0,0,0,0,0,0,0,0,0,0,0,0,0,0,0,0,0,0,1,1,51,0,0,0,0,1,0,7,7,0,0,0,,0
00-0039325,Carson Steele,RB,2024,8,REG,2024_08_KC_LV,KC,LV,0,0,0,0,0,0,0,2,6,0,0,0,1,1,8,0,0,0,0,0,,0,0,0,0,0,0,0,0,0,0,0,,0
00-0039337,Malik Nabers,WR,2024,8,REG,2024_08_NYG_PIT,NYG,PIT,0,0,0,0,0,0,0,0,0,0,0,0,7,13,71,0,4,0,0,0,,0,0,0,0,0,0,0,0,0,0,0,,0
00-0039338,Brock Bowers,TE,2024,8,REG,2024_08_KC_LV,LV,KC,0,0,0,0,0,0,0,0,0,0,0,0,5,5,58,0,3,0,0,0,,0,0,0,0,0,0,0,0,0,0,0,,0
00-0039342,Xavier Legette,WR,2024,8,REG,2024_08_CAR_DEN,CAR,DEN,0,0,0,0,0,0,0,1,0,0,0,0,4,7,34,1,2,0,0,0,,0,0,0,0,0,0,0,0,0,0,0,,0
00-0039355,Luke McCaffrey,WR,2024,8,REG,2024_08_CHI_WAS,WAS,CHI,0,0,0,0,0,0,0,0,0,0,0,0,1,2,8,0,0,0,0,0,,0,0,0,0,0,0,0,0,0,0,0,,0
00-0039356,Ja'Tavion Sanders,TE,2024,8,REG,2024_08_CAR_DEN,CAR,DEN,0,0,0,0,0,0,0,0,0,0,0,0,1,1,7,0,0,0,0,0,,0,0,0,0,0,0,0,0,0,0,0,,0
00-0039359,Cade Stover,TE,2024,8,REG,2024_08_IND_HOU,HOU,IND,0,0,0,0,0,0,0,0,0,0,0,0,2,3,19,0,1,0,0,0,,0,0,0,0,0,0,0,0,0,0,0,,0
00-0039361,Bucky Irving,RB,2024,8,REG,2024_08_ATL_TB,TB,ATL,0,0,0,0,0,0,0,9,44,0,4,0,7,7,40,0,1,0,0,0,,0,0,0,0,0,0,0,0,0,0,0,,0
00-0039363,Isaac Guerendo,RB,2024,8,REG,2024_08_DAL_SF,SF,DAL,0,0,0,0,0,0,0,14,85,1,4,0,3,4,17,0,1,0,0,0,,0,0,0,0,0,0,0,0,0,0,0,,0
00-0039373,Audric Estimé,RB,2024,8,REG,2024_08_CAR_DEN,DEN,CAR,0,0,0,0,0,0,0,1,4,0,0,0,0,0,0,0,0,0,0,0,,0,0,0,0,0,0,0,0,0,0,0,,0
00-0039376,Spencer Rattler,QB,2024,8,REG,2024_08_NO_LAC,NO,LAC,12,24,156,0,0,3,-16,0,0,0,0,0,0,0,0,0,0,0,0,0,,0,0,0,0,0,0,0,0,0,0,0,,0
00-0039384,Tyrone Tracy Jr.,RB,2024,8,REG,2024_08_NYG_PIT,NYG,PIT,0,0,0,0,0,0,0,20,145,1,5,0,2,3,5,0,0,0,0,0,,0,0,0,0,0,0,0,0,0,0,0,,0
00-0039386,Bub Means,WR,2024,8,REG,2024_08_NO_LAC,NO,LAC,0,0,0,0,0,0,0,0,0,0,0,0,1,1,36,0,1,0,0,0,,0,0,0,0,0,0,0,0,0,0,0,,0
00-0039391,Kimani Vidal,RB,2024,8,REG,2024_08_NO_LAC,LAC,NO,0,0,0,0,0,0,0,6,16,0,0,0,0,0,0,0,0,0,0,0,,0,0,0,0,0,0,0,0,0,0,0,,0
00-0039392,Jha'Quan Jackson,WR,2024,8,REG,2024_08_TEN_DET,TEN,DET,0,0,0,0,0,0,0,0,0,0,0,0,0,1,0,0,0,0,0,0,,0,0,0,0,0,0,0,0,0,0,0,,0
00-0039404,Will Reichard,K,2024,8,REG,2024_08_MIN_LA,MIN,LA,0,0,0,0,0,0,0,0,0,0,0,0,0,0,0,0,0,0,2,2,35,0,1,1,0,0,0,2,2,0,0,0,,0
00-0039409,Cam Little,K,2024,8,REG,2024_08_GB_JAX,JAX,GB,0,0,0,0,0,0,0,0,0,0,0,0,0,0,0,0,0,0,2,2,47,0,0,1,1,0,0,3,3,0,0,0,,0
00-0039424,Devaughn Vele,WR,2024,8,REG,2024_08_CAR_DEN,DEN,CAR,0,0,0,0,0,0,0,0,0,0,0,0,3,3,28,0,2,0,0,0,,0,0,0,0,0,0,0,0,0,0,0,,0
00-0039451,Isaiah Williams,WR,2024,8,REG,2024_08_TEN_DET,DET,TEN,0,0,0,0,0,0,0,0,0,0,0,0,2,3,6,0,0,0,0,0,,0,0,0,0,0,0,0,0,0,0,0,,0
00-0039491,Jalen Coker,WR,2024,8,REG,2024_08_CAR_DEN,CAR,DEN,0,0,0,0,0,0,0,0,0,0,0,0,4,6,78,1,4,0,0,0,,0,0,0,0,0,0,0,0,0,0,0,,0
00-0039530,Brevyn Spann-Ford,TE,2024,8,REG,2024_08_DAL_SF,DAL,SF,0,0,0,0,0,0,0,0,0,0,0,0,0,2,0,0,0,0,0,0,,0,0,0,0,0,0,0,0,0,0,0,,0
00-0039611,Matthew Hayball,P,2024,8,REG,2024_08_NO_LAC,NO,LAC,0,0,0,0,0,0,0,0,0,0,0,0,0,0,0,0,0,0,0,0,,0,0,0,0,0,0,0,0,9,437,369,59,5
00-0039623,Mason Tipton,WR,2024,8,REG,2024_08_NO_LAC,NO,LAC,0,0,0,0,0,0,0,0,0,0,0,0,2,2,14,0,0,0,0,0,,0,0,0,0,0,0,0,0,0,0,0,,0
00-0039732,Bo Nix,QB,2024,8,REG,2024_08_CAR_DEN,DEN,CAR,28,37,284,3,0,2,-17,5,4,1,2,0,0,0,0,0,0,0,0,0,,0,0,0,0,0,0,0,0,0,0,0,,0
00-0039738,Blake Corum,RB,2024,8,REG,2024_08_MIN_LA,LA,MIN,0,0,0,0,0,0,0,4,9,0,0,0,1,1,9,0,1,0,0,0,,0,0,0,0,0,0,0,0,0,0,0,,0
00-0039745,Tory Taylor,P,2024,8,REG,2024_08_CHI_WAS,CHI,WAS,0,0,0,0,0,0,0,0,0,0,0,0,0,0,0,0,0,0,0,0,,0,0,0,0,0,0,0,0,7,341,312,68,5
00-0039746,Will Shipley,RB,2024,8,REG,2024_08_PHI_CIN,PHI,CIN,0,0,0,0,0,0,0,2,-3,0,0,0,0,0,0,0,0,0,0,0,,0,0,0,0,0,0,0,0,0,0,0,,0
00-0039750,Joshua Karty,K,2024,8,REG,2024_08_MIN_LA,LA,MIN,0,0,0,0,0,0,0,0,0,0,0,0,0,0,0,0,0,0,0,0,,0,0,0,0,0,0,4,4,0,0,0,,0
00-0039793,AJ Barner,TE,2024,8,REG,2024_08_BUF_SEA,SEA,BUF,0,0,0,0,0,0,0,0,0,0,0,0,2,2,34,0,2,0,0,0,,0,0,0,0,0,0,0,0,0,0,0,,0
00-0039794,Braelon Allen,RB,2024,8,REG,2024_08_NYJ_NE,NYJ,NE,0,0,0,0,0,0,0,12,32,1,4,0,0,0,0,0,0,0,0,0,,0,0,0,0,0,0,0,0,0,0,0,,0
00-0039810,Jermaine Burton,WR,2024,8,REG,2024_08_PHI_CIN,CIN,PHI,0,0,0,0,0,0,0,0,0,0,0,0,1,3,41,0,1,0,0,0,,0,0,0,0,0,0,0,0,0,0,0,,0
00-0039814,Erick All,TE,2024,8,REG,2024_08_PHI_CIN,CIN,PHI,0,0,0,0,0,0,0,0,0,0,0,0,2,2,32,0,1,0,0,0,,0,0,0,0,0,0,0,0,0,0,0,,0
00-0039847,Theo Johnson,TE,2024,8,REG,2024_08_NYG_PIT,NYG,PIT,0,0,0,0,0,0,0,0,0,0,0,0,3,4,35,0,1,0,0,0,,0,0,0,0,0,0,0,0,0,0,0,,0
00-0039849,Marvin Harrison Jr.,WR,2024,8,REG,2024_08_ARI_MIA,ARI,MIA,0,0,0,0,0,0,0,0,0,0,0,0,6,7,111,1,5,0,0,0,,0,0,0,0,0,0,0,0,0,0,0,,0
00-0039851,Drake Maye,QB,2024,8,REG,2024_08_NYJ_NE,NE,NYJ,3,6,23,0,0,1,-8,3,46,1,3,0,0,0,0,0,0,0,0,0,,0,0,0,0,0,0,0,0,0,0,0,,0
00-0039855,Jalen McMillan,WR,2024,8,REG,2024_08_ATL_TB,TB,ATL,0,0,0,0,0,0,0,1,17,0,1,0,4,7,35,0,2,0,0,0,,0,0,0,0,0,0,0,0,0,0,0,,0
00-0039868,Troy Franklin,WR,2024,8,REG,2024_08_CAR_DEN,DEN,CAR,0,0,0,0,0,0,0,1,3,0,0,0,1,2,6,0,0,0,0,0,,0,0,0,0,0,0,0,0,0,0,0,,0
00-0039874,Jaylen Wright,RB,2024,8,REG,2024_08_ARI_MIA,MIA,ARI,0,0,0,0,0,0,0,2,18,0,0,0,0,0,0,0,0,0,0,0,,0,0,0,0,0,0,0,0,0,0,0,,0
00-0039875,Ray Davis,RB,2024,8,REG,2024_08_BUF_SEA,BUF,SEA,0,0,0,0,0,0,0,6,29,0,2,0,0,0,0,0,0,0,0,0,,0,0,0,0,0,0,0,0,0,0,0,,0
00-0039890,Adonai Mitchell,WR,2024,8,REG,2024_08_IND_HOU,IND,HOU,0,0,0,0,0,0,0,0,0,0,0,0,1,4,9,0,0,0,0,0,,0,0,0,0,0,0,0,0,0,0,0,,0
00-0039893,Brian Thomas Jr.,WR,2024,8,REG,2024_08_GB_JAX,JAX,GB,0,0,0,0,0,0,0,0,0,0,0,0,3,4,60,1,3,0,0,0,,0,0,0,0,0,0,0,0,0,0,0,,0
00-0039894,Xavier Worthy,WR,2024,8,REG,2024_08_KC_LV,KC,LV,0,0,0,0,0,0,0,0,0,0,0,0,4,8,37,1,3,0,0,0,,0,0,0,0,0,0,0,0,0,0,0,,0
00-0039901,Keon Coleman,WR,2024,8,REG,2024_08_BUF_SEA,BUF,SEA,0,0,0,0,0,0,0,0,0,0,0,0,5,7,70,1,3,0,0,0,,0,0,0,0,0,0,0,0,0,0,0,,0
00-0039910,Jayden Daniels,QB,2024,8,REG,2024_08_CHI_WAS,WAS,CHI,21,38,326,1,0,2,-13,8,52,0,2,0,0,0,0,0,0,0,0,0,,0,0,0,0,0,0,0,0,0,0,0,,0
00-0039915,Ladd McConkey,WR,2024,8,REG,2024_08_NO_LAC,LAC,NO,0,0,0,0,0,0,0,0,0,0,0,0,6,6,111,2,5,0,0,0,,0,0,0,0,0,0,0,0,0,0,0,,0
00-0039916,Ricky Pearsall,WR,2024,8,REG,2024_08_DAL_SF,SF,DAL,0,0,0,0,0,0,0,1,39,0,1,0,4,4,38,0,1,0,0,0,,0,0,0,0,0,0,0,0,0,0,0,,0
00-0039918,Caleb Williams,QB,2024,8,REG,2024_08_CHI_WAS,CHI,WAS,10,24,131,0,0,3,-26,9,47,0,2,1,0,0,0,0,0,0,0,0,,0,0,0,0,0,0,0,0,0,0,0,,0
00-0039919,Rome Odunze,WR,2024,8,REG,2024_08_CHI_WAS,CHI,WAS,0,0,0,0,0,0,0,2,13,0,1,0,3,6,41,0,2,0,0,0,,0,0,0,0,0,0,0,0,0,0,0,,0
00-0039921,Trey Benson,RB,2024,8,REG,2024_08_ARI_MIA,ARI,MIA,0,0,0,0,0,0,0,1,10,0,1,0,0,0,0,0,0,0,0,0,,0,0,0,0,0,0,0,0,0,0,0,,0
00-0023459,Aaron Rodgers,QB,2024,9,REG,2024_09_HOU_NYJ,NYJ,HOU,22,32,211,3,0,2,-18,1,-1,0,0,0,0,0,0,0,0,0,0,0,,0,0,0,0,0,0,0,0,0,0,0,,0
00-0025565,Nick Folk,K,2024,9,REG,2024_09_NE_TEN,TEN,NE,0,0,0,0,0,0,0,0,0,0,0,0,0,0,0,0,0,0,2,2,25,0,2,0,0,0,0,2,2,0,0,0,,0
00-0026158,Joe Flacco,QB,2024,9,REG,2024_09_IND_MIN,IND,MIN,16,27,179,0,1,3,-20,2,-1,0,0,1,0,0,0,0,0,0,0,0,,0,0,0,0,0,0,0,0,0,0,0,,0
00-0026300,Josh Johnson,QB,2024,9,REG,2024_09_DEN_BAL,BAL,DEN,0,0,0,0,0,0,0,3,2,0,0,0,0,0,0,0,0,0,0,0,,0,0,0,0,0,0,0,0,0,0,0,,0
00-0026498,Matthew Stafford,QB,2024,9,REG,2024_09_LA_SEA,LA,SEA,25,44,298,2,1,0,0,1,0,0,0,0,0,0,0,0,0,0,0,0,,0,0,0,0,0,0,0,0,0,0,0,,0
00-0027114,Thomas Morstead,P,2024,9,REG,2024_09_HOU_NYJ,NYJ,HOU,0,0,0,0,0,0,0,0,0,0,0,0,0,0,0,0,0,0,0,0,,0,0,0,0,0,0,0,0,5,274,254,75,2
00-0028872,Johnny Hekker,P,2024,9,REG,2024_09_NO_CAR,CAR,NO,0,0,0,0,0,0,0,0,0,0,0,0,0,0,0,0,0,0,0,0,,0,0,0,0,0,0,0,0,5,216,209,52,3
00-0029597,Justin Tucker,K,2024,9,REG,2024_09_DEN_BAL,BAL,DEN,0,0,0,0,0,0,0,0,0,0,0,0,0,0,0,0,0,0,2,2,37,0,0,2,0,0,0,5,5,0,0,0,,0
00-0029604,Kirk Cousins,QB,2024,9,REG,2024_09_DAL_ATL,ATL,DAL,19,24,222,3,0,2,-12,4,-11,0,0,0,0,0,0,0,0,0,0,0,,0,0,0,0,0,0,0,0,0,0,0,,0
00-0029692,Bryan Anger,P,2024,9,REG,2024_09_DAL_ATL,DAL,ATL,0,1,0,0,0,0,0,0,0,0,0,0,0,0,0,0,0,0,0,0,,0,0,0,0,0,0,0,0,3,139,134,53,2
00-0029822,Brandon McManus,K,2024,9,REG,2024_09_DET_GB,GB,DET,0,0,0,0,0,0,0,0,0,0,0,0,0,0,0,0,0,0,2,3,38,0,0,2,0,0,0,0,0,0,0,0,,0
00-0030061,Zach Ertz,TE,2024,9,REG,2024_09_WAS_NYG,WAS,NYG,0,0,0,0,0,0,0,0,0,0,0,0,1,1,5,0,0,0,0,0,,0,0,0,0,0,0,0,0,0,0,0,,0
00-0030092,Sam Martin,P,2024,9,REG,2024_09_MIA_BUF,BUF,MIA,0,0,0,0,0,0,0,0,0,0,0,0,0,0,0,0,0,0,0,0,,0,0,0,0,0,0,0,0,1,49,50,49,1
00-0030098,Dustin Hopkins,K,2024,9,REG,2024_09_LAC_CLE,CLE,LAC,0,0,0,0,0,0,0,0,0,0,0,0,0,0,0,0,0,0,1,2,38,0,0,1,0,0,0,1,1,0,0,0,,0
00-0030140,Tress Way,P,2024,9,REG,2024_09_WAS_NYG,WAS,NYG,0,0,0,0,0,0,0,0,0,0,0,0,0,0,0,0,0,0,0,0,,0,0,0,0,0,0,0,0,2,109,97,56,1
00-0030279,Keenan Allen,WR,2024,9,REG,2024_09_CHI_ARI,CHI,ARI,0,0,0,0,0,0,0,0,0,0,0,0,4,10,36,0,3,0,0,0,,0,0,0,0,0,0,0,0,0,0,0,,0
00-0030431,Robert Woods,WR,2024,9,REG,2024_09_HOU_NYJ,HOU,NYJ,0,0,0,0,0,0,0,0,0,0,0,0,2,3,44,0,2,0,0,0,,0,0,0,0,0,0,0,0,0,0,0,,0
00-0030506,Travis Kelce,TE,2024,9,REG,2024_09_TB_KC,KC,TB,0,0,0,0,0,0,0,0,0,0,0,0,14,16,100,0,6,1,0,0,,0,0,0,0,0,0,0,0,0,0,0,,0
00-0030564,DeAndre Hopkins,WR,2024,9,REG,2024_09_TB_KC,KC,TB,0,0,0,0,0,0,0,0,0,0,0,0,8,9,86,2,5,0,0,0,,0,0,0,0,0,0,0,0,0,0,0,,0
00-0030565,Geno Smith,QB,2024,9,REG,2024_09_LA_SEA,SEA,LA,21,34,363,3,3,7,-46,6,16,0,1,0,0,0,0,0,0,0,0,0,,0,0,0,0,0,0,0,0,0,0,0,,0
00-0031203,Cairo Santos,K,2024,9,REG,2024_09_CHI_ARI,CHI,ARI,0,0,0,0,0,0,0,0,0,0,0,0,0,0,0,0,0,0,3,3,53,0,1,0,0,2,0,0,0,0,0,0,,0
00-0031235,Odell Beckham Jr.,WR,2024,9,REG,2024_09_MIA_BUF,MIA,BUF,0,0,0,0,0,0,0,0,0,0,0,0,3,3,15,0,0,0,0,0,,0,0,0,0,0,0,0,0,0,0,0,,0
00-0031280,Derek Carr,QB,2024,9,REG,2024_09_NO_CAR,NO,CAR,18,31,236,1,0,1,-6,0,0,0,0,0,0,0,0,0,0,0,0,0,,0,0,0,0,0,0,0,0,0,0,0,,0
00-0031357,C.J. Goodwin,CB,2024,9,REG,2024_09_DAL_ATL,DAL,ATL,0,0,0,0,0,0,0,0,0,0,0,0,0,1,0,0,0,0,0,0,,0,0,0,0,0,0,0,0,0,0,0,,0
00-0031381,Davante Adams,WR,2024,9,REG,2024_09_HOU_NYJ,NYJ,HOU,0,0,0,0,0,0,0,0,0,0,0,0,7,11,91,1,4,0,0,0,,0,0,0,0,0,0,0,0,0,0,0,,0
00-0031428,Allen Robinson,WR,2024,9,REG,2024_09_DET_GB,DET,GB,0,0,0,0,0,0,0,0,0,0,0,0,1,1,2,0,1,0,0,0,,0,0,0,0,0,0,0,0,0,0,0,,0
00-0031484,Chris Manhertz,TE,2024,9,REG,2024_09_WAS_NYG,NYG,WAS,0,0,0,0,0,0,0,0,0,0,0,0,1,1,2,1,1,0,0,0,,0,0,0,0,0,0,0,0,0,0,0,,0
00-0031492,Jason Myers,K,2024,9,REG,2024_09_LA_SEA,SEA,LA,0,0,0,0,0,0,0,0,0,0,0,0,0,0,0,0,0,0,0,0,,0,0,0,0,0,0,2,3,0,0,0,,0
00-0031503,Jameis Winston,QB,2024,9,REG,2024_09_LAC_CLE,CLE,LAC,26,46,235,1,3,6,-22,5,27,0,4,0,0,0,0,0,0,0,0,0,,0,0,0,0,0,0,0,0,0,0,0,,0
00-0031549,Nelson Agholor,WR,2024,9,REG,2024_09_DEN_BAL,BAL,DEN,0,0,0,0,0,0,0,0,0,0,0,0,1,1,29,0,1,0,0,0,,0,0,0,0,0,0,0,0,0,0,0,,0
00-0031595,Michael Burton,FB,2024,9,REG,2024_09_DEN_BAL,DEN,BAL,0,0,0,0,0,0,0,2,-1,0,0,0,0,0,0,0,0,0,0,0,,0,0,0,0,0,0,0,0,0,0,0,,0
00-0031687,Raheem Mostert,RB,2024,9,REG,2024_09_MIA_BUF,MIA,BUF,0,0,0,0,0,0,0,10,56,0,3,1,2,2,32,0,2,0,0,0,,0,0,0,0,0,0,0,0,0,0,0,,0
00-0031690,Eric Tomlinson,TE,2024,9,REG,2024_09_LAC_CLE,LAC,CLE,0,0,0,0,0,0,0,0,0,0,0,0,1,1,2,0,0,0,0,0,,0,0,0,0,0,0,0,0,0,0,0,,0
00-0032065,Bradley Pinion,P,2024,9,REG,2024_09_DAL_ATL,ATL,DAL,0,0,0,0,0,0,0,0,0,0,0,0,0,0,0,0,0,0,0,0,,0,0,0,0,0,0,0,0,5,245,208,62,1
00-0032104,Ameer Abdullah,RB,2024,9,REG,2024_09_LV_CIN,LV,CIN,0,0,0,0,0,0,0,4,12,0,1,0,3,3,14,0,0,0,0,0,,0,0,0,0,0,0,0,0,0,0,0,,0
00-0032211,Tyler Lockett,WR,2024,9,REG,2024_09_LA_SEA,SEA,LA,0,0,0,0,0,0,0,0,0,0,0,0,3,4,63,1,3,0,0,0,,0,0,0,0,0,0,0,0,0,0,0,,0
00-0032385,Sterling Shepard,WR,2024,9,REG,2024_09_TB_KC,TB,KC,0,0,0,0,0,0,0,2,21,0,2,0,4,5,48,0,2,0,0,0,,0,0,0,0,0,0,0,0,0,0,0,,0
00-0032392,Austin Hooper,TE,2024,9,REG,2024_09_NE_TEN,NE,TEN,0,0,0,0,0,0,0,0,0,0,0,0,1,1,8,0,0,0,0,0,,0,0,0,0,0,0,0,0,0,0,0,,0
00-0032394,Nick Vannett,TE,2024,9,REG,2024_09_NE_TEN,TEN,NE,0,0,0,0,0,0,0,0,0,0,0,0,2,2,33,1,2,0,0,0,,0,0,0,0,0,0,0,0,0,0,0,,0
00-0032464,Kalif Raymond,WR,2024,9,REG,2024_09_DET_GB,DET,GB,0,0,0,0,0,0,0,1,-12,0,0,0,1,1,12,0,0,0,0,0,,0,0,0,0,0,0,0,0,0,0,0,,0
00-0032569,Wil Lutz,K,2024,9,REG,2024_09_DEN_BAL,DEN,BAL,0,0,0,0,0,0,0,0,0,0,0,0,0,0,0,0,0,0,1,1,37,0,0,1,0,0,0,1,1,0,0,0,,0
00-0032726,Ka'imi Fairbairn,K,2024,9,REG,2024_09_HOU_NYJ,HOU,NYJ,0,0,0,0,0,0,0,0,0,0,0,0,0,0,0,0,0,0,2,4,54,0,1,0,0,1,0,1,1,0,0,0,,0
00-0032764,Derrick Henry,RB,2024,9,REG,2024_09_DEN_BAL,BAL,DEN,0,0,0,0,0,0,0,23,106,2,5,0,1,1,27,0,1,0,0,0,,0,0,0,0,0,0,0,0,0,0,0,,0
00-0032775,Demarcus Robinson,WR,2024,9,REG,2024_09_LA_SEA,LA,SEA,0,0,0,0,0,0,0,0,0,0,0,0,6,9,94,2,5,0,0,0,,0,0,0,0,0,0,0,0,0,0,0,,0
00-0032943,Riley Dixon,P,2024,9,REG,2024_09_DEN_BAL,DEN,BAL,0,0,0,0,0,0,0,0,0,0,0,0,0,0,0,0,0,0,0,0,,0,0,0,0,0,0,0,0,2,96,75,50,0
00-0033009,Tyler Boyd,WR,2024,9,REG,2024_09_NE_TEN,TEN,NE,0,0,0,0,0,0,0,1,3,0,1,0,0,0,0,0,0,0,0,0,,0,0,0,0,0,0,0,0,0,0,0,,0
00-0033040,Tyreek Hill,WR,2024,9,REG,2024_09_MIA_BUF,MIA,BUF,0,0,0,0,0,0,0,0,0,0,0,0,4,5,80,0,4,0,0,0,,0,0,0,0,0,0,0,0,0,0,0,,0
00-0033077,Dak Prescott,QB,2024,9,REG,2024_09_DAL_ATL,DAL,ATL,18,24,133,1,0,3,-7,3,30,0,2,0,0,0,0,0,0,0,0,0,,0,0,0,0,0,0,0,0,0,0,0,,0
00-0033090,Hunter Henry,TE,2024,9,REG,2024_09_NE_TEN,NE,TEN,0,0,0,0,0,0,0,0,0,0,0,0,7,8,56,0,3,0,0,0,,0,0,0,0,0,0,0,0,0,0,0,,0
00-0033106,Jared Goff,QB,2024,9,REG,2024_09_DET_GB,DET,GB,18,22,145,1,0,1,-8,3,-2,0,0,0,0,0,0,0,0,0,0,0,,0,0,0,0,0,0,0,0,0,0,0,,0
00-0033246,Johnny Mundt,TE,2024,9,REG,2024_09_IND_MIN,MIN,IND,0,0,0,0,0,0,0,0,0,0,0,0,0,1,0,0,0,0,0,0,,0,0,0,0,0,0,0,0,0,0,0,,0
00-0033269,Rigoberto Sanchez,P,2024,9,REG,2024_09_IND_MIN,IND,MIN,0,0,0,0,0,0,0,0,0,0,0,0,0,0,0,0,0,0,0,0,,0,0,0,0,0,0,0,0,3,148,113,54,0
00-0033282,Curtis Samuel,WR,2024,9,REG,2024_09_MIA_BUF,BUF,MIA,0,0,0,0,0,0,0,0,0,0,0,0,0,1,0,0,0,0,0,0,,0,0,0,0,0,0,0,0,0,0,0,,0
00-0033293,Aaron Jones,RB,2024,9,REG,2024_09_IND_MIN,MIN,IND,0,0,0,0,0,0,0,21,64,0,4,0,4,4,18,0,1,0,0,0,,0,0,0,0,0,0,0,0,0,0,0,,0
00-0033303,Harrison Butker,K,2024,9,REG,2024_09_TB_KC,KC,TB,0,0,0,0,0,0,0,0,0,0,0,0,0,0,0,0,0,0,1,1,40,0,0,0,1,0,0,3,3,0,0,0,,0
00-0033307,Kendrick Bourne,WR,2024,9,REG,2024_09_NE_TEN,NE,TEN,0,0,0,0,0,0,0,0,0,0,0,0,4,6,41,0,1,0,0,0,,0,0,0,0,0,0,0,0,0,0,0,,0
00-0033357,Taysom Hill,TE,2024,9,REG,2024_09_NO_CAR,NO,CAR,0,1,0,0,0,0,0,5,19,1,3,0,4,5,41,0,3,0,0,0,,0,0,0,0,0,0,0,0,0,0,0,,0
00-0033375,Tim Patrick,WR,2024,9,REG,2024_09_DET_GB,DET,GB,0,0,0,0,0,0,0,0,0,0,0,0,2,2,12,0,0,0,0,0,,0,0,0,0,0,0,0,0,0,0,0,,0
00-0033376,Patrick Ricard,RB,2024,9,REG,2024_09_DEN_BAL,BAL,DEN,0,0,0,0,0,0,0,0,0,0,0,0,1,1,3,1,1,0,0,0,,0,0,0,0,0,0,0,0,0,0,0,,0
00-0033400,Matt Haack,P,2024,9,REG,2024_09_WAS_NYG,NYG,WAS,0,0,0,0,0,0,0,0,0,0,0,0,0,0,0,0,0,0,0,0,,0,0,0,0,0,0,0,0,2,92,84,60,1
00-0033526,Samaje Perine,RB,2024,9,REG,2024_09_TB_KC,KC,TB,0,0,0,0,0,0,0,1,10,0,1,0,4,5,25,1,2,0,0,0,,0,0,0,0,0,0,0,0,0,0,0,,0
00-0033536,Mike Williams,WR,2024,9,REG,2024_09_HOU_NYJ,NYJ,HOU,0,0,0,0,0,0,0,0,0,0,0,0,1,2,6,0,1,0,0,0,,0,0,0,0,0,0,0,0,0,0,0,,0
00-0033553,James Conner,RB,2024,9,REG,2024_09_CHI_ARI,ARI,CHI,0,0,0,0,0,0,0,18,107,0,5,0,3,3,12,0,0,0,0,0,,0,0,0,0,0,0,0,0,0,0,0,,0
00-0033555,Mack Hollins,WR,2024,9,REG,2024_09_MIA_BUF,BUF,MIA,0,0,0,0,0,0,0,0,0,0,0,0,5,5,30,1,4,0,0,0,,0,0,0,0,0,0,0,0,0,0,0,,0
00-0033589,David Moore,WR,2024,9,REG,2024_09_NO_CAR,CAR,NO,0,0,0,0,0,0,0,0,0,0,0,0,2,4,20,0,1,0,0,0,,0,0,0,0,0,0,0,0,0,0,0,,0
00-0033591,Noah Brown,WR,2024,9,REG,2024_09_WAS_NYG,WAS,NYG,0,0,0,0,0,0,0,0,0,0,0,0,5,6,60,0,2,0,0,0,,0,0,0,0,0,0,0,0,0,0,0,,0
00-0033662,Cooper Rush,QB,2024,9,REG,2024_09_DAL_ATL,DAL,ATL,13,25,115,1,0,0,0,1,4,0,1,0,0,0,0,0,0,0,0,0,,0,0,0,0,0,0,0,0,0,0,0,,0
00-0033699,Austin Ekeler,RB,2024,9,REG,2024_09_WAS_NYG,WAS,NYG,0,0,0,0,0,0,0,11,42,1,4,0,3,4,41,0,1,0,0,0,,0,0,0,0,0,0,0,0,0,0,0,,0
00-0033702,Younghoe Koo,K,2024,9,REG,2024_09_DAL_ATL,ATL,DAL,0,0,0,0,0,0,0,0,0,0,0,0,0,0,0,0,0,0,0,0,,0,0,0,0,0,0,3,3,0,0,0,,0
00-0033787,Jake Elliott,K,2024,9,REG,2024_09_JAX_PHI,PHI,JAX,0,0,0,0,0,0,0,0,0,0,0,0,0,0,0,0,0,0,1,2,43,0,0,0,1,0,0,1,1,0,0,0,,0
00-0033854,Dare Ogunbowale,RB,2024,9,REG,2024_09_HOU_NYJ,HOU,NYJ,0,0,0,0,0,0,0,1,-1,0,0,0,0,3,0,0,0,0,0,0,,0,0,0,0,0,0,0,0,0,0,0,,0
00-0033858,Jonnu Smith,TE,2024,9,REG,2024_09_MIA_BUF,MIA,BUF,0,0,0,0,0,0,0,0,0,0,0,0,5,6,46,0,2,0,0,0,,0,0,0,0,0,0,0,0,0,0,0,,0
00-0033873,Patrick Mahomes,QB,2024,9,REG,2024_09_TB_KC,KC,TB,34,44,291,3,0,4,-31,2,9,0,1,0,0,0,0,0,0,0,0,0,,0,0,0,0,0,0,0,0,0,0,0,,0
00-0033881,Evan Engram,TE,2024,9,REG,2024_09_JAX_PHI,JAX,PHI,0,0,0,0,0,0,0,0,0,0,0,0,5,10,45,0,2,0,0,0,,0,0,0,0,0,0,0,0,0,0,0,,0
00-0033885,David Njoku,TE,2024,9,REG,2024_09_LAC_CLE,CLE,LAC,0,0,0,0,0,0,0,0,0,0,0,0,5,7,29,0,1,0,0,0,,0,0,0,0,0,0,0,0,0,0,0,,0
00-0033893,Dalvin Cook,RB,2024,9,REG,2024_09_DAL_ATL,DAL,ATL,0,0,0,0,0,0,0,2,8,0,0,0,0,0,0,0,0,0,0,0,,0,0,0,0,0,0,0,0,0,0,0,,0
00-0033895,Gerald Everett,TE,2024,9,REG,2024_09_CHI_ARI,CHI,ARI,0,0,0,0,0,0,0,0,0,0,0,0,1,1,5,0,0,0,0,0,,0,0,0,0,0,0,0,0,0,0,0,,0
00-0033897,Joe Mixon,RB,2024,9,REG,2024_09_HOU_NYJ,HOU,NYJ,0,1,0,0,0,0,0,24,106,1,6,0,0,0,0,0,0,0,0,0,,0,0,0,0,0,0,0,0,0,0,0,,0
00-0033906,Alvin Kamara,RB,2024,9,REG,2024_09_NO_CAR,NO,CAR,0,0,0,0,0,0,0,29,155,0,7,0,6,9,60,0,3,0,0,0,,0,0,0,0,0,0,0,0,0,0,0,,0
00-0033908,Cooper Kupp,WR,2024,9,REG,2024_09_LA_SEA,LA,SEA,0,0,0,0,0,0,0,0,0,0,0,0,11,14,104,0,4,0,0,0,,0,0,0,0,0,0,0,0,0,0,0,,0
00-0033923,Kareem Hunt,RB,2024,9,REG,2024_09_TB_KC,KC,TB,0,0,0,0,0,0,0,27,106,1,7,0,1,1,11,0,1,0,0,0,,0,0,0,0,0,0,0,0,0,0,0,,0
00-0033955,Jeremy McNichols,RB,2024,9,REG,2024_09_WAS_NYG,WAS,NYG,0,0,0,0,0,0,0,8,20,0,1,0,0,1,0,0,0,0,0,0,,0,0,0,0,0,0,0,0,0,0,0,,0
00-0034159,Will Dissly,TE,2024,9,REG,2024_09_LAC_CLE,LAC,CLE,0,0,0,0,0,0,0,0,0,0,0,0,2,3,9,0,0,0,0,0,,0,0,0,0,0,0,0,0,0,0,0,,0
00-0034160,Michael Dickson,P,2024,9,REG,2024_09_LA_SEA,SEA,LA,0,0,0,0,0,0,0,0,0,0,0,0,0,0,0,0,0,0,0,0,,0,0,0,0,0,0,0,0,7,330,313,62,2
00-0034161,Daniel Carlson,K,2024,9,REG,2024_09_LV_CIN,LV,CIN,0,0,0,0,0,0,0,0,0,0,0,0,0,0,0,0,0,0,1,1,46,0,0,0,1,0,0,3,3,0,0,0,,0
00-0034162,J.K. Scott,P,2024,9,REG,2024_09_LAC_CLE,LAC,CLE,0,0,0,0,0,0,0,0,0,0,0,0,0,0,0,0,0,0,0,0,,0,0,0,0,0,0,0,0,7,330,281,55,1
00-0034173,Eddy Pineiro,K,2024,9,REG,2024_09_NO_CAR,CAR,NO,0,0,0,0,0,0,0,0,0,0,0,0,0,0,0,0,0,0,1,1,48,0,0,0,1,0,0,2,2,0,0,0,,0
00-0034270,Tyler Conklin,TE,2024,9,REG,2024_09_HOU_NYJ,NYJ,HOU,0,0,0,0,0,0,0,0,0,0,0,0,1,2,-3,0,0,0,0,0,,0,0,0,0,0,0,0,0,0,0,0,,0
00-0034272,Marquez Valdes-Scantling,WR,2024,9,REG,2024_09_NO_CAR,NO,CAR,0,0,0,0,0,0,0,0,0,0,0,0,1,1,5,0,0,0,0,0,,0,0,0,0,0,0,0,0,0,0,0,,0
00-0034348,Courtland Sutton,WR,2024,9,REG,2024_09_DEN_BAL,DEN,BAL,1,1,2,1,0,0,0,0,0,0,0,0,7,10,122,0,5,0,0,0,,0,0,0,0,0,0,0,0,0,0,0,,0
00-0034364,Jordan Akins,TE,2024,9,REG,2024_09_LAC_CLE,CLE,LAC,0,0,0,0,0,0,0,0,0,0,0,0,3,4,32,0,2,0,0,0,,0,0,0,0,0,0,0,0,0,0,0,,0
00-0034383,Dalton Schultz,TE,2024,9,REG,2024_09_HOU_NYJ,HOU,NYJ,0,0,0,0,0,0,0,0,0,0,0,0,3,6,21,0,0,0,0,0,,0,0,0,0,0,0,0,0,0,0,0,,0
00-0034386,Justin Watson,WR,2024,9,REG,2024_09_TB_KC,KC,TB,0,0,0,0,0,0,0,0,0,0,0,0,3,4,43,0,3,0,0,0,,0,0,0,0,0,0,0,0,0,0,0,,0
00-0034407,Ray-Ray McCloud,WR,2024,9,REG,2024_09_DAL_ATL,ATL,DAL,0,0,0,0,0,0,0,1,7,0,0,0,3,3,28,1,2,0,0,0,,0,0,0,0,0,0,0,0,0,0,0,,0
00-0034418,Cedrick Wilson Jr.,WR,2024,9,REG,2024_09_NO_CAR,NO,CAR,0,0,0,0,0,0,0,0,0,0,0,0,2,3,34,0,1,0,0,0,,0,0,0,0,0,0,0,0,0,0,0,,0
00-0034437,Logan Cooke,P,2024,9,REG,2024_09_JAX_PHI,JAX,PHI,0,0,0,0,0,0,0,0,0,0,0,0,0,0,0,0,0,0,0,0,,0,0,0,0,0,0,0,0,5,238,238,56,3
00-0034487,Trent Sherfield,WR,2024,9,REG,2024_09_IND_MIN,MIN,IND,0,0,0,0,0,0,0,0,0,0,0,0,1,1,7,0,0,0,0,0,,0,0,0,0,0,0,0,0,0,0,0,,0
00-0034613,Tanner Hudson,TE,2024,9,REG,2024_09_LV_CIN,CIN,LV,0,0,0,0,0,0,0,0,0,0,0,0,2,3,14,0,2,0,0,0,,0,0,0,0,0,0,0,0,0,0,0,,0
00-0034646,Brandon Powell,WR,2024,9,REG,2024_09_IND_MIN,MIN,IND,0,0,0,0,0,0,0,0,0,0,0,0,1,1,9,0,1,0,0,0,,0,0,0,0,0,0,0,0,0,0,0,,0
00-0034721,Corey Bojorquez,P,2024,9,REG,2024_09_LAC_CLE,CLE,LAC,0,0,0,0,0,0,0,0,0,0,0,0,0,0,0,0,0,0,0,0,,0,0,0,0,0,0,0,0,6,318,254,62,3
00-0034753,Mark Andrews,TE,2024,9,REG,2024_09_DEN_BAL,BAL,DEN,0,0,0,0,0,0,0,0,0,0,0,0,2,2,26,0,2,0,0,0,,0,0,0,0,0,0,0,0,0,0,0,,0
00-0034771,Mason Rudolph,QB,2024,9,REG,2024_09_NE_TEN,TEN,NE,20,33,240,2,1,1,-7,4,19,0,2,0,0,0,0,0,0,0,0,0,,0,0,0,0,0,0,0,0,0,0,0,,0
00-0034791,Nick Chubb,RB,2024,9,REG,2024_09_LAC_CLE,CLE,LAC,0,0,0,0,0,0,0,15,39,0,2,0,1,1,-4,0,0,0,0,0,,0,0,0,0,0,0,0,0,0,0,0,,0
00-0034794,Jason Sanders,K,2024,9,REG,2024_09_MIA_BUF,MIA,BUF,0,0,0,0,0,0,0,0,0,0,0,0,0,0,0,0,0,0,2,2,39,0,1,1,0,0,0,3,3,0,0,0,,0
00-0034796,Lamar Jackson,QB,2024,9,REG,2024_09_DEN_BAL,BAL,DEN,16,19,280,3,0,1,-11,3,4,0,1,0,0,0,0,0,0,0,0,0,,0,0,0,0,0,0,0,0,0,0,0,,0
00-0034798,Durham Smythe,TE,2024,9,REG,2024_09_MIA_BUF,MIA,BUF,0,0,0,0,0,0,0,0,0,0,0,0,1,1,4,0,0,0,0,0,,0,0,0,0,0,0,0,0,0,0,0,,0
00-0034827,DJ Moore,WR,2024,9,REG,2024_09_CHI_ARI,CHI,ARI,0,0,0,0,0,0,0,0,0,0,0,0,4,9,33,0,2,0,0,0,,0,0,0,0,0,0,0,0,0,0,0,,0
00-0034829,Mike Gesicki,TE,2024,9,REG,2024_09_LV_CIN,CIN,LV,0,0,0,0,0,0,0,0,0,0,0,0,5,6,100,2,5,0,0,0,,0,0,0,0,0,0,0,0,0,0,0,,0
00-0034830,Hayden Hurst,TE,2024,9,REG,2024_09_LAC_CLE,LAC,CLE,0,0,0,0,0,0,0,0,0,0,0,0,1,1,6,0,0,0,0,0,,0,0,0,0,0,0,0,0,0,0,0,,0
00-0034837,Calvin Ridley,WR,2024,9,REG,2024_09_NE_TEN,TEN,NE,0,0,0,0,0,0,0,0,0,0,0,0,5,8,73,0,4,0,0,0,,0,0,0,0,0,0,0,0,0,0,0,,0
00-0034844,Saquon Barkley,RB,2024,9,REG,2024_09_JAX_PHI,PHI,JAX,0,0,0,0,0,0,0,27,159,1,5,1,3,4,40,1,3,0,0,0,,0,0,0,0,0,0,0,0,0,0,0,,0
00-0034854,KhaDarel Hodge,WR,2024,9,REG,2024_09_DAL_ATL,ATL,DAL,0,0,0,0,0,0,0,0,0,0,0,0,1,2,9,0,0,0,0,0,,0,0,0,0,0,0,0,0,0,0,0,,0
00-0034855,Baker Mayfield,QB,2024,9,REG,2024_09_TB_KC,TB,KC,23,31,200,2,0,2,-11,4,20,0,1,0,0,0,0,0,0,0,0,0,,0,0,0,0,0,0,0,0,0,0,0,,0
00-0034857,Josh Allen,QB,2024,9,REG,2024_09_MIA_BUF,BUF,MIA,25,39,235,3,1,1,-4,2,7,0,1,0,0,0,0,0,0,0,0,0,,0,0,0,0,0,0,0,0,0,0,0,,0
00-0034869,Sam Darnold,QB,2024,9,REG,2024_09_IND_MIN,MIN,IND,28,34,290,3,2,4,-30,4,14,0,3,0,0,0,0,0,0,0,0,0,,0,0,0,0,0,0,0,0,0,0,0,,0
00-0034960,Jakobi Meyers,WR,2024,9,REG,2024_09_LV_CIN,LV,CIN,0,0,0,0,0,0,0,0,0,0,0,0,8,11,105,0,6,0,0,0,,0,0,0,0,0,0,0,0,0,0,0,,0
00-0034972,Alexander Mattison,RB,2024,9,REG,2024_09_LV_CIN,LV,CIN,0,0,0,0,0,0,0,9,36,0,2,0,0,0,0,0,0,0,0,0,,0,0,0,0,0,0,0,0,0,0,0,,0
00-0034975,Justice Hill,RB,2024,9,REG,2024_09_DEN_BAL,BAL,DEN,0,0,0,0,0,0,0,5,15,0,2,0,3,3,43,0,2,0,0,0,,0,0,0,0,0,0,0,0,0,0,0,,0
00-0034981,Foster Moreau,TE,2024,9,REG,2024_09_NO_CAR,NO,CAR,0,0,0,0,0,0,0,0,0,0,0,0,1,2,17,1,1,0,0,0,,0,0,0,0,0,0,0,0,0,0,0,,0
00-0035021,Ashton Dulin,WR,2024,9,REG,2024_09_IND_MIN,IND,MIN,0,0,0,0,0,0,0,2,17,0,1,0,0,2,0,0,0,0,0,0,,0,0,0,0,0,0,0,0,0,0,0,,0
00-0035100,Jake Browning,QB,2024,9,REG,2024_09_LV_CIN,CIN,LV,0,0,0,0,0,0,0,1,-1,0,0,0,0,0,0,0,0,0,0,0,,0,0,0,0,0,0,0,0,0,0,0,,0
00-0035140,Mecole Hardman,WR,2024,9,REG,2024_09_TB_KC,KC,TB,0,0,0,0,0,0,0,0,0,0,0,0,3,3,17,0,2,0,0,0,,0,0,0,0,0,0,0,0,0,0,0,,0
00-0035145,Austin Seibert,K,2024,9,REG,2024_09_WAS_NYG,WAS,NYG,0,0,0,0,0,0,0,0,0,0,0,0,0,0,0,0,0,0,2,2,31,0,1,1,0,0,0,3,3,0,0,0,,0
00-0035156,Jack Fox,P,2024,9,REG,2024_09_DET_GB,DET,GB,0,0,0,0,0,0,0,0,0,0,0,0,0,0,0,0,0,0,0,0,,0,0,0,0,0,0,0,0,4,199,192,60,1
00-0035190,AJ Cole,P,2024,9,REG,2024_09_LV_CIN,LV,CIN,0,0,0,0,0,0,0,0,0,0,0,0,0,0,0,0,0,0,0,0,,0,0,0,0,0,0,0,0,5,280,254,70,3
00-0035192,Joey Slye,K,2024,9,REG,2024_09_NE_TEN,NE,TEN,0,0,0,0,0,0,0,0,0,0,0,0,0,0,0,0,0,0,1,2,52,0,0,0,0,1,0,2,2,0,0,0,,0
00-0035208,Olamide Zaccheaus,WR,2024,9,REG,2024_09_WAS_NYG,WAS,NYG,0,0,0,0,0,0,0,0,0,0,0,0,2,2,48,0,1,0,0,0,,0,0,0,0,0,0,0,0,0,0,0,,0
00-0035228,Kyler Murray,QB,2024,9,REG,2024_09_CHI_ARI,ARI,CHI,13,20,154,0,0,3,-17,2,6,0,1,1,0,0,0,0,0,0,0,0,,0,0,0,0,0,0,0,0,0,0,0,,0
00-0035229,T.J. Hockenson,TE,2024,9,REG,2024_09_IND_MIN,MIN,IND,0,0,0,0,0,0,0,0,0,0,0,0,3,4,27,0,1,0,0,0,,0,0,0,0,0,0,0,0,0,0,0,,0
00-0035243,Miles Sanders,RB,2024,9,REG,2024_09_NO_CAR,CAR,NO,0,0,0,0,0,0,0,2,-5,0,0,0,2,2,-5,0,0,0,0,0,,0,0,0,0,0,0,0,0,0,0,0,,0
00-0035249,Josh Oliver,TE,2024,9,REG,2024_09_IND_MIN,MIN,IND,0,0,0,0,0,0,0,0,0,0,0,0,5,5,58,1,4,0,0,0,,0,0,0,0,0,0,0,0,0,0,0,,0
00-0035250,Devin Singletary,RB,2024,9,REG,2024_09_WAS_NYG,NYG,WAS,0,0,0,0,0,0,0,7,33,0,3,0,0,0,0,0,0,0,0,0,,0,0,0,0,0,0,0,0,0,0,0,,0
00-0035261,Tony Pollard,RB,2024,9,REG,2024_09_NE_TEN,TEN,NE,0,0,0,0,0,0,0,28,128,0,6,0,3,3,26,0,0,0,0,0,,0,0,0,0,0,0,0,0,0,0,0,,0
00-0035269,Matt Gay,K,2024,9,REG,2024_09_IND_MIN,IND,MIN,0,0,0,0,0,0,0,0,0,0,0,0,0,0,0,0,0,0,2,3,54,0,0,0,1,1,0,1,1,0,0,0,,0
00-0035280,Jake Bailey,P,2024,9,REG,2024_09_MIA_BUF,MIA,BUF,0,0,0,0,0,0,0,0,0,0,0,0,0,0,0,0,0,0,0,0,,0,0,0,0,0,0,0,0,1,37,8,37,0
00-0035289,Gardner Minshew,QB,2024,9,REG,2024_09_LV_CIN,LV,CIN,10,17,124,0,0,1,-7,1,0,0,0,1,0,0,0,0,0,0,0,0,,0,0,0,0,0,0,0,0,0,0,0,,0
00-0035341,Trenton Irwin,WR,2024,9,REG,2024_09_LV_CIN,CIN,LV,0,0,0,0,0,0,0,0,0,0,0,0,0,1,0,0,0,0,0,0,,0,0,0,0,0,0,0,0,0,0,0,,0
00-0035358,Chase McLaughlin,K,2024,9,REG,2024_09_TB_KC,TB,KC,0,0,0,0,0,0,0,0,0,0,0,0,0,0,0,0,0,0,1,1,47,0,0,0,1,0,0,3,3,0,0,0,,0
00-0035406,Lil'Jordan Humphrey,WR,2024,9,REG,2024_09_DEN_BAL,DEN,BAL,0,0,0,0,0,0,0,0,0,0,0,0,2,5,11,0,0,0,0,0,,0,0,0,0,0,0,0,0,0,0,0,,0
00-0035500,Greg Dortch,WR,2024,9,REG,2024_09_CHI_ARI,ARI,CHI,0,0,0,0,0,0,0,0,0,0,0,0,0,1,0,0,0,0,0,0,,0,0,0,0,0,0,0,0,0,0,0,,0
00-0035535,Darius Slayton,WR,2024,9,REG,2024_09_WAS_NYG,NYG,WAS,0,0,0,0,0,0,0,1,11,0,1,0,3,3,49,0,2,0,0,0,,0,0,0,0,0,0,0,0,0,0,0,,0
00-0035537,Ty Johnson,RB,2024,9,REG,2024_09_MIA_BUF,BUF,MIA,0,0,0,0,0,0,0,3,23,0,2,0,0,0,0,0,0,0,0,0,,0,0,0,0,0,0,0,0,0,0,0,,0
00-0035628,D'Ernest Johnson,RB,2024,9,REG,2024_09_JAX_PHI,JAX,PHI,0,0,0,0,0,0,0,2,6,0,0,0,0,1,0,0,0,0,0,0,,0,0,0,0,0,0,0,0,0,0,0,,0
00-0035631,Drew Sample,TE,2024,9,REG,2024_09_LV_CIN,CIN,LV,0,0,0,0,0,0,0,0,0,0,0,0,4,4,14,1,2,0,0,0,,0,0,0,0,0,0,0,0,0,0,0,,0
00-0035659,Terry McLaurin,WR,2024,9,REG,2024_09_WAS_NYG,WAS,NYG,0,0,0,0,0,0,0,0,0,0,0,0,2,3,19,2,2,0,0,0,,0,0,0,0,0,0,0,0,0,0,0,,0
00-0035676,A.J. Brown,WR,2024,9,REG,2024_09_JAX_PHI,PHI,JAX,0,0,0,0,0,0,0,0,0,0,0,0,2,4,36,0,1,0,0,0,,0,0,0,0,0,0,0,0,0,0,0,,0
00-0035685,David Montgomery,RB,2024,9,REG,2024_09_DET_GB,DET,GB,0,0,0,0,0,0,0,17,73,0,6,0,3,3,23,0,1,0,0,0,,0,0,0,0,0,0,0,0,0,0,0,,0
00-0035689,Dawson Knox,TE,2024,9,REG,2024_09_MIA_BUF,BUF,MIA,0,0,0,0,0,0,0,0,0,0,0,0,1,2,5,0,1,0,0,0,,0,0,0,0,0,0,0,0,0,0,0,,0
00-0035700,Josh Jacobs,RB,2024,9,REG,2024_09_DET_GB,GB,DET,0,0,0,0,0,0,0,13,95,0,4,0,2,3,13,0,1,0,0,0,,0,0,0,0,0,0,0,0,0,0,0,,0
00-0035710,Daniel Jones,QB,2024,9,REG,2024_09_WAS_NYG,NYG,WAS,20,26,174,2,0,2,-12,7,54,1,6,0,0,0,0,0,0,0,0,0,,0,0,0,0,0,0,0,0,0,0,0,,0
00-0035806,JaMycal Hasty,RB,2024,9,REG,2024_09_NE_TEN,NE,TEN,0,0,0,0,0,0,0,1,0,0,0,0,1,1,-3,0,0,0,0,0,,0,0,0,0,0,0,0,0,0,0,0,,0
00-0035859,Blake Gillikin,P,2024,9,REG,2024_09_CHI_ARI,ARI,CHI,0,0,0,0,0,0,0,0,0,0,0,0,0,0,0,0,0,0,0,0,,0,0,0,0,0,0,0,0,4,187,174,55,3
00-0035889,Tommy Townsend,P,2024,9,REG,2024_09_HOU_NYJ,HOU,NYJ,0,0,0,0,0,0,0,0,0,0,0,0,0,0,0,0,0,0,0,0,,0,0,0,0,0,0,0,0,3,154,154,56,2
00-0035891,Cody White,WR,2024,9,REG,2024_09_LA_SEA,SEA,LA,0,0,0,0,0,0,0,0,0,0,0,0,2,3,44,0,2,0,0,0,,0,0,0,0,0,0,0,0,0,0,0,,0
00-0036040,Juwan Johnson,TE,2024,9,REG,2024_09_NO_CAR,NO,CAR,0,0,0,0,0,0,0,0,0,0,0,0,2,2,41,0,2,0,0,0,,0,0,0,0,0,0,0,0,0,0,0,,0
00-0036096,J.J. Taylor,RB,2024,9,REG,2024_09_HOU_NYJ,HOU,NYJ,0,0,0,0,0,0,0,3,23,0,1,0,0,0,0,0,0,0,0,0,,0,0,0,0,0,0,0,0,0,0,0,,0
00-0036139,Rico Dowdle,RB,2024,9,REG,2024_09_DAL_ATL,DAL,ATL,0,0,0,0,0,0,0,12,75,0,4,0,5,6,32,1,3,0,0,0,,0,0,0,0,0,0,0,0,0,0,0,,0
00-0036158,J.K. Dobbins,RB,2024,9,REG,2024_09_LAC_CLE,LAC,CLE,0,0,0,0,0,0,0,14,85,2,3,0,2,2,20,0,1,0,0,0,,0,0,0,0,0,0,0,0,0,0,0,,0
00-0036162,Tyler Bass,K,2024,9,REG,2024_09_MIA_BUF,BUF,MIA,0,0,0,0,0,0,0,0,0,0,0,0,0,0,0,0,0,0,3,3,61,0,0,0,2,0,1,1,2,0,0,0,,0
00-0036182,Nick Westbrook-Ikhine,WR,2024,9,REG,2024_09_NE_TEN,TEN,NE,0,0,0,0,0,0,0,0,0,0,0,0,5,6,50,1,4,0,0,0,,0,0,0,0,0,0,0,0,0,0,0,,0
00-0036212,Tua Tagovailoa,QB,2024,9,REG,2024_09_MIA_BUF,MIA,BUF,25,28,231,2,0,1,-7,2,3,0,1,0,0,0,0,0,0,0,0,0,,0,0,0,0,0,0,0,0,0,0,0,,0
00-0036223,Jonathan Taylor,RB,2024,9,REG,2024_09_IND_MIN,IND,MIN,0,0,0,0,0,0,0,13,48,0,2,0,3,5,11,0,1,0,0,0,,0,0,0,0,0,0,0,0,0,0,0,,0
00-0036232,Harrison Bryant,TE,2024,9,REG,2024_09_LV_CIN,LV,CIN,0,0,0,0,0,0,0,0,0,0,0,0,2,2,22,0,1,0,0,0,,0,0,0,0,0,0,0,0,0,0,0,,0
00-0036252,Michael Pittman,WR,2024,9,REG,2024_09_IND_MIN,IND,MIN,0,0,0,0,0,0,0,0,0,0,0,0,1,4,14,0,0,0,0,0,,0,0,0,0,0,0,0,0,0,0,0,,0
00-0036264,Jordan Love,QB,2024,9,REG,2024_09_DET_GB,GB,DET,23,39,273,0,1,0,0,3,0,0,0,0,0,0,0,0,0,0,0,0,,0,0,0,0,0,0,0,0,0,0,0,,0
00-0036275,D'Andre Swift,RB,2024,9,REG,2024_09_CHI_ARI,CHI,ARI,0,0,0,0,0,0,0,16,51,0,5,0,6,6,31,0,1,0,0,0,,0,0,0,0,0,0,0,0,0,0,0,,0
00-0036309,Darnell Mooney,WR,2024,9,REG,2024_09_DAL_ATL,ATL,DAL,0,0,0,0,0,0,0,0,0,0,0,0,5,9,88,1,4,0,0,0,,0,0,0,0,0,0,0,0,0,0,0,,0
00-0036313,Braden Mann,P,2024,9,REG,2024_09_JAX_PHI,PHI,JAX,0,0,0,0,0,0,0,0,0,0,0,0,0,0,0,0,0,0,0,0,,0,0,0,0,0,0,0,0,3,146,135,54,1
00-0036322,Justin Jefferson,WR,2024,9,REG,2024_09_IND_MIN,MIN,IND,1,1,22,0,0,0,0,0,0,0,0,0,7,9,137,0,5,0,0,0,,0,0,0,0,0,0,0,0,0,0,0,,0
00-0036328,Antonio Gibson,RB,2024,9,REG,2024_09_NE_TEN,NE,TEN,0,0,0,0,0,0,0,1,-1,0,0,0,1,1,12,0,0,0,0,0,,0,0,0,0,0,0,0,0,0,0,0,,0
00-0036355,Justin Herbert,QB,2024,9,REG,2024_09_LAC_CLE,LAC,CLE,18,27,282,2,0,6,-36,3,2,0,0,0,0,0,0,0,0,0,0,0,,0,0,0,0,0,0,0,0,0,0,0,,0
00-0036358,CeeDee Lamb,WR,2024,9,REG,2024_09_DAL_ATL,DAL,ATL,0,0,0,0,0,0,0,2,15,0,1,0,8,12,47,0,2,0,0,0,,0,0,0,0,0,0,0,0,0,0,0,,0
00-0036387,Jalen Reagor,WR,2024,9,REG,2024_09_LAC_CLE,LAC,CLE,0,0,0,0,0,0,0,0,0,0,0,0,1,2,0,0,0,0,0,0,,0,0,0,0,0,0,0,0,0,0,0,,0
00-0036389,Jalen Hurts,QB,2024,9,REG,2024_09_JAX_PHI,PHI,JAX,18,24,230,2,0,3,-20,13,67,1,4,0,0,0,0,0,0,0,0,0,,0,0,0,0,0,0,0,0,0,0,0,,0
00-0036407,Jerry Jeudy,WR,2024,9,REG,2024_09_LAC_CLE,CLE,LAC,0,0,0,0,0,0,0,0,0,0,0,0,7,11,73,0,5,0,0,0,,0,0,0,0,0,0,0,0,0,0,0,,0
00-0036414,Cam Akers,RB,2024,9,REG,2024_09_IND_MIN,MIN,IND,0,0,0,0,0,0,0,6,46,0,3,0,2,2,7,0,0,0,0,0,,0,0,0,0,0,0,0,0,0,0,0,,0
00-0036422,Adam Trautman,TE,2024,9,REG,2024_09_DEN_BAL,DEN,BAL,0,0,0,0,0,0,0,0,0,0,0,0,1,1,4,0,0,0,0,0,,0,0,0,0,0,0,0,0,0,0,0,,0
00-0036425,DeeJay Dallas,RB,2024,9,REG,2024_09_CHI_ARI,ARI,CHI,0,0,0,0,0,0,0,1,2,0,0,0,0,0,0,0,0,0,0,0,,0,0,0,0,0,0,0,0,0,0,0,,0
00-0036427,Tyler Johnson,WR,2024,9,REG,2024_09_LA_SEA,LA,SEA,0,0,0,0,0,0,0,0,0,0,0,0,3,5,38,0,1,0,0,0,,0,0,0,0,0,0,0,0,0,0,0,,0
00-0036442,Joe Burrow,QB,2024,9,REG,2024_09_LV_CIN,CIN,LV,27,39,251,5,1,1,-8,3,11,0,2,0,0,0,0,0,0,0,0,0,,0,0,0,0,0,0,0,0,0,0,0,,0
00-0036497,Tim Jones,WR,2024,9,REG,2024_09_JAX_PHI,JAX,PHI,0,0,0,0,0,0,0,0,0,0,0,0,1,2,10,0,1,0,0,0,,0,0,0,0,0,0,0,0,0,0,0,,0
00-0036510,Kenny Yeboah,TE,2024,9,REG,2024_09_HOU_NYJ,NYJ,HOU,0,0,0,0,0,0,0,0,0,0,0,0,1,1,12,0,1,0,0,0,,0,0,0,0,0,0,0,0,0,0,0,,0
00-0036550,Rashod Bateman,WR,2024,9,REG,2024_09_DEN_BAL,BAL,DEN,0,0,0,0,0,0,0,0,0,0,0,0,3,4,25,0,1,0,0,0,,0,0,0,0,0,0,0,0,0,0,0,,0
00-0036555,Chuba Hubbard,RB,2024,9,REG,2024_09_NO_CAR,CAR,NO,0,0,0,0,0,0,0,15,72,2,3,0,2,3,0,0,0,0,0,0,,0,0,0,0,0,0,0,0,0,0,0,,0
00-0036590,Quintin Morris,TE,2024,9,REG,2024_09_MIA_BUF,BUF,MIA,0,0,0,0,0,0,0,0,0,0,0,0,1,1,2,1,1,0,0,0,,0,0,0,0,0,0,0,0,0,0,0,,0
00-0036613,Jaylen Waddle,WR,2024,9,REG,2024_09_MIA_BUF,MIA,BUF,0,0,0,0,0,0,0,0,0,0,0,0,2,2,-4,1,2,0,0,0,,0,0,0,0,0,0,0,0,0,0,0,,0
00-0036626,Dyami Brown,WR,2024,9,REG,2024_09_WAS_NYG,WAS,NYG,0,0,0,0,0,0,0,0,0,0,0,0,1,1,24,0,1,0,0,0,,0,0,0,0,0,0,0,0,0,0,0,,0
00-0036637,Noah Gray,TE,2024,9,REG,2024_09_TB_KC,KC,TB,0,0,0,0,0,0,0,0,0,0,0,0,0,1,0,0,0,0,0,0,,0,0,0,0,0,0,0,0,0,0,0,,0
00-0036646,Simi Fehoko,WR,2024,9,REG,2024_09_LAC_CLE,LAC,CLE,0,0,0,0,0,0,0,0,0,0,0,0,0,1,0,0,0,0,0,0,,0,0,0,0,0,0,0,0,0,0,0,,0
00-0036727,Adam Prentice,FB,2024,9,REG,2024_09_NO_CAR,NO,CAR,0,0,0,0,0,0,0,0,0,0,0,0,0,1,0,0,0,0,0,0,,0,0,0,0,0,0,0,0,0,0,0,,0
00-0036754,Brock Wright,TE,2024,9,REG,2024_09_DET_GB,DET,GB,0,0,0,0,0,0,0,0,0,0,0,0,1,1,1,0,0,0,0,0,,0,0,0,0,0,0,0,0,0,0,0,,0
00-0036816,Riley Patterson,K,2024,9,REG,2024_09_HOU_NYJ,NYJ,HOU,0,0,0,0,0,0,0,0,0,0,0,0,0,0,0,0,0,0,0,0,,0,0,0,0,0,0,3,3,0,0,0,,0
00-0036841,Austin Trammell,WR,2024,9,REG,2024_09_JAX_PHI,JAX,PHI,0,0,0,0,0,0,0,0,0,0,0,0,2,3,40,0,2,0,0,0,,0,0,0,0,0,0,0,0,0,0,0,,0
00-0036849,Tutu Atwell,WR,2024,9,REG,2024_09_LA_SEA,LA,SEA,0,0,0,0,0,0,0,0,0,0,0,0,1,3,16,0,1,0,0,0,,0,0,0,0,0,0,0,0,0,0,0,,0
00-0036854,Evan McPherson,K,2024,9,REG,2024_09_LV_CIN,CIN,LV,0,0,0,0,0,0,0,0,0,0,0,0,0,0,0,0,0,0,2,2,44,0,1,0,1,0,0,5,5,0,0,0,,0
00-0036875,Rhamondre Stevenson,RB,2024,9,REG,2024_09_NE_TEN,NE,TEN,0,0,0,0,0,0,0,10,16,1,2,0,5,5,38,1,2,0,0,0,,0,0,0,0,0,0,0,0,0,0,0,,0
00-0036876,Kylen Granson,TE,2024,9,REG,2024_09_IND_MIN,IND,MIN,0,0,0,0,0,0,0,0,0,0,0,0,1,1,22,0,1,0,0,0,,0,0,0,0,0,0,0,0,0,0,0,,0
00-0036887,Luke Farrell,TE,2024,9,REG,2024_09_JAX_PHI,JAX,PHI,0,0,0,0,0,0,0,0,0,0,0,0,1,1,5,0,0,0,0,0,,0,0,0,0,0,0,0,0,0,0,0,,0
00-0036900,Ja'Marr Chase,WR,2024,9,REG,2024_09_LV_CIN,CIN,LV,0,0,0,0,0,0,0,0,0,0,0,0,7,11,43,0,3,0,0,0,,0,0,0,0,0,0,0,0,0,0,0,,0
00-0036912,DeVonta Smith,WR,2024,9,REG,2024_09_JAX_PHI,PHI,JAX,0,0,0,0,0,0,0,0,0,0,0,0,4,6,87,1,4,0,0,0,,0,0,0,0,0,0,0,0,0,0,0,,0
00-0036919,Kenny Gainwell,RB,2024,9,REG,2024_09_JAX_PHI,PHI,JAX,0,0,0,0,0,0,0,5,9,0,0,0,1,1,1,0,0,0,0,0,,0,0,0,0,0,0,0,0,0,0,0,,0
00-0036963,Amon-Ra St. Brown,WR,2024,9,REG,2024_09_DET_GB,DET,GB,0,0,0,0,0,0,0,0,0,0,0,0,7,7,56,1,4,0,0,0,,0,0,0,0,0,0,0,0,0,0,0,,0
00-0036970,Kyle Pitts,TE,2024,9,REG,2024_09_DAL_ATL,ATL,DAL,0,0,0,0,0,0,0,0,0,0,0,0,1,1,11,0,0,0,0,0,,0,0,0,0,0,0,0,0,0,0,0,,0
00-0036971,Trevor Lawrence,QB,2024,9,REG,2024_09_JAX_PHI,JAX,PHI,16,31,169,0,2,2,-14,5,8,2,2,0,0,0,0,0,0,0,0,0,,0,0,0,0,0,0,0,0,0,0,0,,0
00-0036973,Travis Etienne,RB,2024,9,REG,2024_09_JAX_PHI,JAX,PHI,0,0,0,0,0,0,0,3,24,0,1,0,2,3,6,0,0,0,0,0,,0,0,0,0,0,0,0,0,0,0,0,,0
00-0036980,Elijah Moore,WR,2024,9,REG,2024_09_LAC_CLE,CLE,LAC,0,0,0,0,0,0,0,0,0,0,0,0,3,9,28,0,1,0,0,0,,0,0,0,0,0,0,0,0,0,0,0,,0
00-0036984,Trey Sermon,RB,2024,9,REG,2024_09_IND_MIN,IND,MIN,0,0,0,0,0,0,0,2,4,0,0,0,1,2,9,0,0,0,0,0,,0,0,0,0,0,0,0,0,0,0,0,,0
00-0036988,Josh Palmer,WR,2024,9,REG,2024_09_LAC_CLE,LAC,CLE,0,0,0,0,0,0,0,0,0,0,0,0,2,4,63,1,2,0,0,0,,0,0,0,0,0,0,0,0,0,0,0,,0
00-0036997,Javonte Williams,RB,2024,9,REG,2024_09_DEN_BAL,DEN,BAL,0,0,0,0,0,0,0,12,42,0,2,0,2,3,42,0,2,0,0,0,,0,0,0,0,0,0,0,0,0,0,0,,0
00-0037004,Hunter Long,TE,2024,9,REG,2024_09_LA_SEA,LA,SEA,0,0,0,0,0,0,0,0,0,0,0,0,1,1,4,0,0,0,0,0,,0,0,0,0,0,0,0,0,0,0,0,,0
00-0037086,Grant Calcaterra,TE,2024,9,REG,2024_09_JAX_PHI,PHI,JAX,0,0,0,0,0,0,0,0,0,0,0,0,5,5,30,0,2,0,0,0,,0,0,0,0,0,0,0,0,0,0,0,,0
00-0037091,Bo Melton,WR,2024,9,REG,2024_09_DET_GB,GB,DET,0,0,0,0,0,0,0,0,0,0,0,0,1,2,19,0,1,0,0,0,,0,0,0,0,0,0,0,0,0,0,0,,0
00-0037097,Trenton Gill,P,2024,9,REG,2024_09_TB_KC,TB,KC,0,0,0,0,0,0,0,0,0,0,0,0,0,0,0,0,0,0,0,0,,0,0,0,0,0,0,0,0,5,216,186,57,2
00-0037224,Cameron Dicker,K,2024,9,REG,2024_09_LAC_CLE,LAC,CLE,0,0,0,0,0,0,0,0,0,0,0,0,0,0,0,0,0,0,0,1,,0,0,0,0,0,0,3,4,0,0,0,,0
00-0037238,Drake London,WR,2024,9,REG,2024_09_DAL_ATL,ATL,DAL,0,0,0,0,0,0,0,0,0,0,0,0,2,2,27,1,2,0,0,0,,0,0,0,0,0,0,0,0,0,0,0,,0
00-0037239,Chris Olave,WR,2024,9,REG,2024_09_NO_CAR,NO,CAR,0,0,0,0,0,0,0,0,0,0,0,0,1,1,13,0,1,0,0,0,,0,0,0,0,0,0,0,0,0,0,0,,0
00-0037248,James Cook,RB,2024,9,REG,2024_09_MIA_BUF,BUF,MIA,0,0,0,0,0,0,0,10,44,0,2,0,5,6,25,0,1,0,0,0,,0,0,0,0,0,0,0,0,0,0,0,,0
00-0037256,Rachaad White,RB,2024,9,REG,2024_09_TB_KC,TB,KC,0,0,0,0,0,0,0,3,19,1,2,0,3,3,16,0,1,0,0,0,,0,0,0,0,0,0,0,0,0,0,0,,0
00-0037261,Khalil Shakir,WR,2024,9,REG,2024_09_MIA_BUF,BUF,MIA,0,0,0,0,0,0,0,0,0,0,0,0,6,7,50,0,4,0,0,0,,0,0,0,0,0,0,0,0,0,0,0,,0
00-0037263,Tyler Allgeier,RB,2024,9,REG,2024_09_DAL_ATL,ATL,DAL,0,0,0,0,0,0,0,6,18,1,1,0,0,0,0,0,0,0,0,0,,0,0,0,0,0,0,0,0,0,0,0,,0
00-0037267,Jerome Ford,RB,2024,9,REG,2024_09_LAC_CLE,CLE,LAC,0,0,0,0,0,0,0,2,5,0,0,0,1,3,2,0,0,0,0,0,,0,0,0,0,0,0,0,0,0,0,0,,0
00-0037284,Matt Araiza,P,2024,9,REG,2024_09_TB_KC,KC,TB,0,0,0,0,0,0,0,0,0,0,0,0,0,0,0,0,0,0,0,0,,0,0,0,0,0,0,0,0,4,171,153,49,1
00-0037291,Jalen Nailor,WR,2024,9,REG,2024_09_IND_MIN,MIN,IND,0,0,0,0,0,0,0,0,0,0,0,0,1,1,7,1,1,0,0,0,,0,0,0,0,0,0,0,0,0,0,0,,0
00-0037422,Kendric Pryor,WR,2024,9,REG,2024_09_LV_CIN,CIN,LV,0,0,0,0,0,0,0,0,0,0,0,0,1,1,9,0,0,0,0,0,,0,0,0,0,0,0,0,0,0,0,0,,0
00-0037487,Deven Thompkins,WR,2024,9,REG,2024_09_NO_CAR,CAR,NO,0,0,0,0,0,0,0,1,-2,0,0,0,0,0,0,0,0,0,0,0,,0,0,0,0,0,0,0,0,0,0,0,,0
00-0037500,Ryan Wright,P,2024,9,REG,2024_09_IND_MIN,MIN,IND,0,0,0,0,0,0,0,0,0,0,0,0,0,0,0,0,0,0,0,0,,0,0,0,0,0,0,0,0,2,83,51,44,0
00-0037539,Lucas Krull,TE,2024,9,REG,2024_09_DEN_BAL,DEN,BAL,0,0,0,0,0,0,0,0,0,0,0,0,0,1,0,0,0,0,0,0,,0,0,0,0,0,0,0,0,0,0,0,,0
00-0037547,Daniel Whelan,P,2024,9,REG,2024_09_DET_GB,GB,DET,0,0,0,0,0,0,0,0,0,0,0,0,0,0,0,0,0,0,0,0,,0,0,0,0,0,0,0,0,2,84,84,51,2
00-0037569,Peyton Hendershot,TE,2024,9,REG,2024_09_TB_KC,KC,TB,0,0,0,0,0,0,0,0,0,0,0,0,1,1,9,0,0,0,0,0,,0,0,0,0,0,0,0,0,0,0,0,,0
00-0037594,Julius Chestnut,RB,2024,9,REG,2024_09_NE_TEN,TEN,NE,0,0,0,0,0,0,0,5,22,0,0,0,0,0,0,0,0,0,0,0,,0,0,0,0,0,0,0,0,0,0,0,,0
00-0037607,Ryan Stonehouse,P,2024,9,REG,2024_09_NE_TEN,TEN,NE,0,0,0,0,0,0,0,0,0,0,0,0,0,0,0,0,0,0,0,0,,0,0,0,0,0,0,0,0,5,233,144,58,2
00-0037614,John Metchie III,WR,2024,9,REG,2024_09_HOU_NYJ,HOU,NYJ,0,0,0,0,0,0,0,0,0,0,0,0,0,2,0,0,0,0,0,0,,0,0,0,0,0,0,0,0,0,0,0,,0
00-0037664,Alec Pierce,WR,2024,9,REG,2024_09_IND_MIN,IND,MIN,0,0,0,0,0,0,0,0,0,0,0,0,3,3,41,0,3,0,0,0,,0,0,0,0,0,0,0,0,0,0,0,,0
00-0037666,Jalen Tolbert,WR,2024,9,REG,2024_09_DAL_ATL,DAL,ATL,0,0,0,0,0,0,0,0,0,0,0,0,3,6,19,1,2,0,0,0,,0,0,0,0,0,0,0,0,0,0,0,,0
00-0037692,Brandon Aubrey,K,2024,9,REG,2024_09_DAL_ATL,DAL,ATL,0,0,0,0,0,0,0,0,0,0,0,0,0,0,0,0,0,0,2,2,57,0,0,1,0,1,0,1,1,0,0,0,,0
00-0037740,Garrett Wilson,WR,2024,9,REG,2024_09_HOU_NYJ,NYJ,HOU,0,0,0,0,0,0,0,0,0,0,0,0,9,10,90,2,4,0,0,0,,0,0,0,0,0,0,0,0,0,0,0,,0
00-0037741,Jahan Dotson,WR,2024,9,REG,2024_09_JAX_PHI,PHI,JAX,0,0,0,0,0,0,0,0,0,0,0,0,1,1,36,0,1,0,0,0,,0,0,0,0,0,0,0,0,0,0,0,,0
00-0037744,Trey McBride,TE,2024,9,REG,2024_09_CHI_ARI,ARI,CHI,0,0,0,0,0,0,0,1,2,1,1,0,3,4,35,0,2,0,0,0,,0,0,0,0,0,0,0,0,0,0,0,,0
00-0037801,KaVontae Turpin,WR,2024,9,REG,2024_09_DAL_ATL,DAL,ATL,0,0,0,0,0,0,0,0,0,0,0,0,3,4,36,0,1,0,0,0,,0,0,0,0,0,0,0,0,0,0,0,,0
00-0037805,Jeremy Ruckert,TE,2024,9,REG,2024_09_HOU_NYJ,NYJ,HOU,0,0,0,0,0,0,0,0,0,0,0,0,1,1,4,0,0,0,0,0,,0,0,0,0,0,0,0,0,0,0,0,,0
00-0037809,Chig Okonkwo,TE,2024,9,REG,2024_09_NE_TEN,TEN,NE,0,0,0,0,0,0,0,0,0,0,0,0,3,4,38,0,1,0,0,0,,0,0,0,0,0,0,0,0,0,0,0,,0
00-0037816,Romeo Doubs,WR,2024,9,REG,2024_09_DET_GB,GB,DET,0,0,0,0,0,0,0,0,0,0,0,0,4,5,28,0,0,0,0,0,,0,0,0,0,0,0,0,0,0,0,0,,0
00-0037838,Isaiah Likely,TE,2024,9,REG,2024_09_DEN_BAL,BAL,DEN,0,0,0,0,0,0,0,0,0,0,0,0,0,1,0,0,0,0,0,0,,0,0,0,0,0,0,0,0,0,0,0,,0
00-0037840,Kyren Williams,RB,2024,9,REG,2024_09_LA_SEA,LA,SEA,0,0,0,0,0,0,0,22,69,0,4,0,1,3,26,0,1,0,0,0,,0,0,0,0,0,0,0,0,0,0,0,,0
00-0038040,Zamir White,RB,2024,9,REG,2024_09_LV_CIN,LV,CIN,0,0,0,0,0,0,0,6,10,1,1,0,0,0,0,0,0,0,0,0,,0,0,0,0,0,0,0,0,0,0,0,,0
00-0038041,Jake Ferguson,TE,2024,9,REG,2024_09_DAL_ATL,DAL,ATL,0,0,0,0,0,0,0,0,0,0,0,0,7,10,71,0,3,0,0,0,,0,0,0,0,0,0,0,0,0,0,0,,0
00-0038094,Jordan Stout,P,2024,9,REG,2024_09_DEN_BAL,BAL,DEN,0,0,0,0,0,0,0,0,0,0,0,0,0,0,0,0,0,0,0,0,,0,0,0,0,0,0,0,0,2,98,80,58,1
00-0038098,Pierre Strong,RB,2024,9,REG,2024_09_LAC_CLE,CLE,LAC,0,0,0,0,0,0,0,2,8,0,0,0,0,0,0,0,0,0,0,0,,0,0,0,0,0,0,0,0,0,0,0,,0
00-0038117,Wan'Dale Robinson,WR,2024,9,REG,2024_09_WAS_NYG,NYG,WAS,0,0,0,0,0,0,0,0,0,0,0,0,3,4,10,0,1,0,0,0,,0,0,0,0,0,0,0,0,0,0,0,,0
00-0038120,Breece Hall,RB,2024,9,REG,2024_09_HOU_NYJ,NYJ,HOU,0,0,0,0,0,0,0,15,74,0,3,0,2,4,11,0,1,0,0,0,,0,0,0,0,0,0,0,0,0,0,0,,0
00-0038122,Desmond Ridder,QB,2024,9,REG,2024_09_LV_CIN,LV,CIN,11,16,74,1,0,4,-34,1,2,0,0,0,0,0,0,0,0,0,0,0,,0,0,0,0,0,0,0,0,0,0,0,,0
00-0038124,Christian Watson,WR,2024,9,REG,2024_09_DET_GB,GB,DET,0,0,0,0,0,0,0,0,0,0,0,0,3,7,37,0,2,0,0,0,,0,0,0,0,0,0,0,0,0,0,0,,0
00-0038129,Cade Otton,TE,2024,9,REG,2024_09_TB_KC,TB,KC,0,0,0,0,0,0,0,0,0,0,0,0,8,11,77,1,3,0,0,0,,0,0,0,0,0,0,0,0,0,0,0,,0
00-0038134,Kenneth Walker III,RB,2024,9,REG,2024_09_LA_SEA,SEA,LA,0,0,0,0,0,0,0,25,83,0,3,0,3,3,24,0,1,0,0,0,,0,0,0,0,0,0,0,0,0,0,0,,0
00-0038393,Dontayvion Wicks,WR,2024,9,REG,2024_09_DET_GB,GB,DET,0,0,0,0,0,0,0,0,0,0,0,0,0,3,0,0,0,0,0,0,,0,0,0,0,0,0,0,0,0,0,0,,0
00-0038489,Ben VanSumeren,RB,2024,9,REG,2024_09_JAX_PHI,PHI,JAX,0,0,0,0,0,0,0,0,0,0,0,0,1,1,0,0,0,0,0,0,,0,0,0,0,0,0,0,0,0,0,0,,0
00-0038490,Ty Zentner,P,2024,9,REG,2024_09_LA_SEA,LA,SEA,0,0,0,0,0,0,0,0,0,0,0,0,0,0,0,0,0,0,0,0,,0,0,0,0,0,0,0,0,7,281,268,53,3
00-0038542,Bijan Robinson,RB,2024,9,REG,2024_09_DAL_ATL,ATL,DAL,0,0,0,0,0,0,0,19,86,0,4,0,7,7,59,0,4,0,0,0,,0,0,0,0,0,0,0,0,0,0,0,,0
00-0038543,Jaxon Smith-Njigba,WR,2024,9,REG,2024_09_LA_SEA,SEA,LA,0,0,0,0,0,0,0,0,0,0,0,0,7,13,180,2,5,0,0,0,,0,0,0,0,0,0,0,0,0,0,0,,0
00-0038544,Quentin Johnston,WR,2024,9,REG,2024_09_LAC_CLE,LAC,CLE,0,0,0,0,0,0,0,1,2,0,0,0,4,5,118,1,3,0,0,0,,0,0,0,0,0,0,0,0,0,0,0,,0
00-0038555,Tank Bigsby,RB,2024,9,REG,2024_09_JAX_PHI,JAX,PHI,0,0,0,0,0,0,0,8,22,0,1,0,0,0,0,0,0,0,0,0,,0,0,0,0,0,0,0,0,0,0,0,,0
00-0038559,Michael Wilson,WR,2024,9,REG,2024_09_CHI_ARI,ARI,CHI,0,0,0,0,0,0,0,0,0,0,0,0,0,1,0,0,0,0,0,0,,0,0,0,0,0,0,0,0,0,0,0,,0
00-0038563,Tre Tucker,WR,2024,9,REG,2024_09_LV_CIN,LV,CIN,0,0,0,0,0,0,0,0,0,0,0,0,2,6,5,0,0,0,0,0,,0,0,0,0,0,0,0,0,0,0,0,,0
00-0038567,Chad Ryland,K,2024,9,REG,2024_09_CHI_ARI,ARI,CHI,0,0,0,0,0,0,0,0,0,0,0,0,0,0,0,0,0,0,2,2,55,0,1,0,0,1,0,3,3,0,0,0,,0
00-0038589,Josh Whyle,TE,2024,9,REG,2024_09_NE_TEN,TEN,NE,0,0,0,0,0,0,0,0,0,0,0,0,1,2,12,0,1,0,0,0,,0,0,0,0,0,0,0,0,0,0,0,,0
00-0038597,Chase Brown,RB,2024,9,REG,2024_09_LV_CIN,CIN,LV,0,0,0,0,0,0,0,27,120,0,3,0,5,5,37,1,4,0,0,0,,0,0,0,0,0,0,0,0,0,0,0,,0
00-0038606,Parker Washington,WR,2024,9,REG,2024_09_JAX_PHI,JAX,PHI,0,0,0,0,0,0,0,0,0,0,0,0,3,6,41,0,3,0,0,0,,0,0,0,0,0,0,0,0,0,0,0,,0
00-0038608,Kayshon Boutte,WR,2024,9,REG,2024_09_NE_TEN,NE,TEN,0,0,0,0,0,0,0,0,0,0,0,0,2,6,18,0,1,0,0,0,,0,0,0,0,0,0,0,0,0,0,0,,0
00-0038610,Bryce Baringer,P,2024,9,REG,2024_09_NE_TEN,NE,TEN,0,0,0,0,0,0,0,0,0,0,0,0,0,0,0,0,0,0,0,0,,0,0,0,0,0,0,0,0,4,169,162,60,1
00-0038611,Chris Rodriguez Jr.,RB,2024,9,REG,2024_09_WAS_NYG,WAS,NYG,0,0,0,0,0,0,0,11,52,0,3,0,0,0,0,0,0,0,0,0,,0,0,0,0,0,0,0,0,0,0,0,,0
00-0038618,Xavier Hutchinson,WR,2024,9,REG,2024_09_HOU_NYJ,HOU,NYJ,0,0,0,0,0,0,0,0,0,0,0,0,0,3,0,0,0,0,0,0,,0,0,0,0,0,0,0,0,0,0,0,,0
00-0038619,Andrei Iosivas,WR,2024,9,REG,2024_09_LV_CIN,CIN,LV,0,0,0,0,0,0,0,0,0,0,0,0,1,4,10,1,1,0,0,0,,0,0,0,0,0,0,0,0,0,0,0,,0
00-0038621,DeMario Douglas,WR,2024,9,REG,2024_09_NE_TEN,NE,TEN,0,0,0,0,0,0,0,0,0,0,0,0,7,9,35,0,3,0,0,0,,0,0,0,0,0,0,0,0,0,0,0,,0
00-0038640,Jalen Brooks,WR,2024,9,REG,2024_09_DAL_ATL,DAL,ATL,0,0,0,0,0,0,0,0,0,0,0,0,2,5,26,0,1,0,0,0,,0,0,0,0,0,0,0,0,0,0,0,,0
00-0038678,Jordan Mims,RB,2024,9,REG,2024_09_NO_CAR,NO,CAR,0,0,0,0,0,0,0,5,13,0,0,0,1,1,25,0,1,0,0,0,,0,0,0,0,0,0,0,0,0,0,0,,0
00-0038685,Chris Brooks,RB,2024,9,REG,2024_09_DET_GB,GB,DET,0,0,0,0,0,0,0,2,13,0,0,0,3,4,28,0,1,0,0,0,,0,0,0,0,0,0,0,0,0,0,0,,0
00-0038705,Emari Demercado,RB,2024,9,REG,2024_09_CHI_ARI,ARI,CHI,0,0,0,0,0,0,0,4,59,1,1,0,2,2,21,0,2,0,0,0,,0,0,0,0,0,0,0,0,0,0,0,,0
00-0038738,Hunter Luepke,RB,2024,9,REG,2024_09_DAL_ATL,DAL,ATL,0,0,0,0,0,0,0,1,5,0,1,0,2,2,4,0,0,0,0,0,,0,0,0,0,0,0,0,0,0,0,0,,0
00-0038752,Jake Bobo,WR,2024,9,REG,2024_09_LA_SEA,SEA,LA,0,0,0,0,0,0,0,0,0,0,0,0,0,1,0,0,0,0,0,0,,0,0,0,0,0,0,0,0,0,0,0,,0
00-0038794,Jaleel McLaughlin,RB,2024,9,REG,2024_09_DEN_BAL,DEN,BAL,0,0,0,0,0,0,0,5,10,0,0,0,3,3,10,0,0,0,0,0,,0,0,0,0,0,0,0,0,0,0,0,,0
00-0038797,Emanuel Wilson,RB,2024,9,REG,2024_09_DET_GB,GB,DET,0,0,0,0,0,0,0,4,28,1,2,0,1,1,1,0,0,0,0,0,,0,0,0,0,0,0,0,0,0,0,0,,0
00-0038821,Rakim Jarrett,WR,2024,9,REG,2024_09_TB_KC,TB,KC,0,0,0,0,0,0,0,0,0,0,0,0,1,1,9,0,0,0,0,0,,0,0,0,0,0,0,0,0,0,0,0,,0
00-0038824,Ryan Miller,WR,2024,9,REG,2024_09_TB_KC,TB,KC,0,0,0,0,0,0,0,0,0,0,0,0,1,3,1,1,1,0,0,0,,0,0,0,0,0,0,0,0,0,0,0,,0
00-0038905,Blake Grupe,K,2024,9,REG,2024_09_NO_CAR,NO,CAR,0,0,0,0,0,0,0,0,0,0,0,0,0,0,0,0,0,0,3,3,51,0,1,1,0,1,0,1,1,0,0,0,,0
00-0038933,Dalton Kincaid,TE,2024,9,REG,2024_09_MIA_BUF,BUF,MIA,0,0,0,0,0,0,0,0,0,0,0,0,4,10,32,0,1,0,0,0,,0,0,0,0,0,0,0,0,0,0,0,,0
00-0038951,Sean Tucker,RB,2024,9,REG,2024_09_TB_KC,TB,KC,0,0,0,0,0,0,0,3,11,0,1,0,1,1,6,0,0,0,0,0,,0,0,0,0,0,0,0,0,0,0,0,,0
00-0038976,Marvin Mims Jr.,WR,2024,9,REG,2024_09_DEN_BAL,DEN,BAL,0,0,0,0,0,0,0,0,0,0,0,0,1,2,4,0,0,0,0,0,,0,0,0,0,0,0,0,0,0,0,0,,0
00-0038977,Tank Dell,WR,2024,9,REG,2024_09_HOU_NYJ,HOU,NYJ,0,0,0,0,0,0,0,0,0,0,0,0,6,9,126,0,4,0,0,0,,0,0,0,0,0,0,0,0,0,0,0,,0
00-0038979,Cedric Tillman,WR,2024,9,REG,2024_09_LAC_CLE,CLE,LAC,0,0,0,0,0,0,0,0,0,0,0,0,6,11,75,1,5,0,0,0,,0,0,0,0,0,0,0,0,0,0,0,,0
00-0038994,Jordan Addison,WR,2024,9,REG,2024_09_IND_MIN,MIN,IND,0,0,0,0,0,0,0,1,9,0,0,0,5,5,42,1,4,0,0,0,,0,0,0,0,0,0,0,0,0,0,0,,0
00-0038996,Tucker Kraft,TE,2024,9,REG,2024_09_DET_GB,GB,DET,0,0,0,0,0,0,0,1,2,0,1,0,4,6,34,0,1,0,0,0,,0,0,0,0,0,0,0,0,0,0,0,,0
00-0038997,Josh Downs,WR,2024,9,REG,2024_09_IND_MIN,IND,MIN,0,0,0,0,0,0,0,0,0,0,0,0,6,9,60,0,4,0,0,0,,0,0,0,0,0,0,0,0,0,0,0,,0
00-0039021,Roschon Johnson,RB,2024,9,REG,2024_09_CHI_ARI,CHI,ARI,0,0,0,0,0,0,0,3,13,0,0,0,2,3,8,0,0,0,0,0,,0,0,0,0,0,0,0,0,0,0,0,,0
00-0039040,De'Von Achane,RB,2024,9,REG,2024_09_MIA_BUF,MIA,BUF,0,0,0,0,0,0,0,12,63,1,5,0,8,8,58,1,4,0,0,0,,0,0,0,0,0,0,0,0,0,0,0,,0
00-0039041,Elijah Higgins,TE,2024,9,REG,2024_09_CHI_ARI,ARI,CHI,0,0,0,0,0,0,0,0,0,0,0,0,2,2,34,0,2,0,0,0,,0,0,0,0,0,0,0,0,0,0,0,,0
00-0039052,Trey Palmer,WR,2024,9,REG,2024_09_TB_KC,TB,KC,0,0,0,0,0,0,0,0,0,0,0,0,2,4,33,0,1,0,0,0,,0,0,0,0,0,0,0,0,0,0,0,,0
00-0039062,Jonathan Mingo,WR,2024,9,REG,2024_09_NO_CAR,CAR,NO,0,0,0,0,0,0,0,0,0,0,0,0,0,1,0,0,0,0,0,0,,0,0,0,0,0,0,0,0,0,0,0,,0
00-0039064,Zay Flowers,WR,2024,9,REG,2024_09_DEN_BAL,BAL,DEN,0,0,0,0,0,0,0,0,0,0,0,0,5,6,127,2,4,0,0,0,,0,0,0,0,0,0,0,0,0,0,0,,0
00-0039065,Sam LaPorta,TE,2024,9,REG,2024_09_DET_GB,DET,GB,0,0,0,0,0,0,0,0,0,0,0,0,2,3,28,0,1,0,0,0,,0,0,0,0,0,0,0,0,0,0,0,,0
00-0039074,Davis Allen,TE,2024,9,REG,2024_09_LA_SEA,LA,SEA,0,0,0,0,0,0,0,0,0,0,0,0,1,3,5,0,0,0,0,0,,0,0,0,0,0,0,0,0,0,0,0,,0
00-0039075,Puka Nacua,WR,2024,9,REG,2024_09_LA_SEA,LA,SEA,0,0,0,0,0,0,0,0,0,0,0,0,1,4,11,0,1,0,0,0,,0,0,0,0,0,0,0,0,0,0,0,,0
00-0039139,Jahmyr Gibbs,RB,2024,9,REG,2024_09_DET_GB,DET,GB,0,0,0,0,0,0,0,11,65,1,2,0,1,2,11,0,1,0,0,0,,0,0,0,0,0,0,0,0,0,0,0,,0
00-0039146,Jayden Reed,WR,2024,9,REG,2024_09_DET_GB,GB,DET,0,0,0,0,0,0,0,0,0,0,0,0,5,6,113,0,4,0,0,0,,0,0,0,0,0,0,0,0,0,0,0,,0
00-0039150,Bryce Young,QB,2024,9,REG,2024_09_NO_CAR,CAR,NO,16,26,171,1,1,1,-5,4,9,0,1,0,0,0,0,0,0,0,0,0,,0,0,0,0,0,0,0,0,0,0,0,,0
00-0039163,C.J. Stroud,QB,2024,9,REG,2024_09_HOU_NYJ,HOU,NYJ,11,30,191,0,0,8,-56,8,59,0,3,0,0,1,0,0,0,0,0,0,,0,0,0,0,0,0,0,0,0,0,0,,0
00-0039165,Zach Charbonnet,RB,2024,9,REG,2024_09_LA_SEA,SEA,LA,0,0,0,0,0,0,0,2,8,0,0,0,2,3,25,0,1,0,0,0,,0,0,0,0,0,0,0,0,0,0,0,,0
00-0039172,Jake Bates,K,2024,9,REG,2024_09_DET_GB,DET,GB,0,0,0,0,0,0,0,0,0,0,0,0,0,0,0,0,0,0,1,1,27,0,1,0,0,0,0,3,3,0,0,0,,0
00-0039323,Ryan Rehkow,P,2024,9,REG,2024_09_LV_CIN,CIN,LV,0,0,0,0,0,0,0,0,0,0,0,0,0,0,0,0,0,0,0,0,,0,0,0,0,0,0,0,0,3,175,125,65,0
00-0039325,Carson Steele,RB,2024,9,REG,2024_09_TB_KC,KC,TB,0,0,0,0,0,0,0,3,9,0,0,0,0,0,0,0,0,0,0,0,,0,0,0,0,0,0,0,0,0,0,0,,0
00-0039337,Malik Nabers,WR,2024,9,REG,2024_09_WAS_NYG,NYG,WAS,0,0,0,0,0,0,0,0,0,0,0,0,9,11,59,0,4,0,0,0,,0,0,0,0,0,0,0,0,0,0,0,,0
00-0039338,Brock Bowers,TE,2024,9,REG,2024_09_LV_CIN,LV,CIN,0,0,0,0,0,0,0,0,0,0,0,0,5,8,45,1,2,0,0,0,,0,0,0,0,0,0,0,0,0,0,0,,0
00-0039342,Xavier Legette,WR,2024,9,REG,2024_09_NO_CAR,CAR,NO,0,0,0,0,0,0,0,1,6,0,1,0,4,6,33,1,2,0,0,0,,0,0,0,0,0,0,0,0,0,0,0,,0
00-0039356,Ja'Tavion Sanders,TE,2024,9,REG,2024_09_NO_CAR,CAR,NO,0,0,0,0,0,0,0,0,0,0,0,0,4,5,87,0,3,0,0,0,,0,0,0,0,0,0,0,0,0,0,0,,0
00-0039359,Cade Stover,TE,2024,9,REG,2024_09_HOU_NYJ,HOU,NYJ,0,0,0,0,0,0,0,0,0,0,0,0,0,2,0,0,0,0,0,0,,0,0,0,0,0,0,0,0,0,0,0,,0
00-0039361,Bucky Irving,RB,2024,9,REG,2024_09_TB_KC,TB,KC,0,0,0,0,0,0,0,7,24,0,1,0,3,3,10,0,0,0,0,0,,0,0,0,0,0,0,0,0,0,0,0,,0
00-0039373,Audric Estimé,RB,2024,9,REG,2024_09_DEN_BAL,DEN,BAL,0,0,0,0,0,0,0,5,35,0,1,0,0,0,0,0,0,0,0,0,,0,0,0,0,0,0,0,0,0,0,0,,0
00-0039384,Tyrone Tracy Jr.,RB,2024,9,REG,2024_09_WAS_NYG,NYG,WAS,0,0,0,0,0,0,0,16,66,0,2,0,1,1,3,0,0,0,0,0,,0,0,0,0,0,0,0,0,0,0,0,,0
00-0039391,Kimani Vidal,RB,2024,9,REG,2024_09_LAC_CLE,LAC,CLE,0,0,0,0,0,0,0,5,7,0,0,0,0,0,0,0,0,0,0,0,,0,0,0,0,0,0,0,0,0,0,0,,0
00-0039392,Jha'Quan Jackson,WR,2024,9,REG,2024_09_NE_TEN,TEN,NE,0,0,0,0,0,0,0,1,-5,0,0,0,1,2,8,0,1,0,0,0,,0,0,0,0,0,0,0,0,0,0,0,,0
00-0039404,Will Reichard,K,2024,9,REG,2024_09_IND_MIN,MIN,IND,0,0,0,0,0,0,0,0,0,0,0,0,0,0,0,0,0,0,0,2,,0,0,0,0,0,0,3,3,0,0,0,,0
00-0039409,Cam Little,K,2024,9,REG,2024_09_JAX_PHI,JAX,PHI,0,0,0,0,0,0,0,0,0,0,0,0,0,0,0,0,0,0,0,0,,0,0,0,0,0,0,1,1,0,0,0,,0
00-0039410,Ryan Flournoy,WR,2024,9,REG,2024_09_DAL_ATL,DAL,ATL,0,0,0,0,0,0,0,0,0,0,0,0,1,2,13,0,1,0,0,0,,0,0,0,0,0,0,0,0,0,0,0,,0
00-0039420,Jaheim Bell,TE,2024,9,REG,2024_09_NE_TEN,NE,TEN,0,0,0,0,0,0,0,0,0,0,0,0,1,1,1,0,0,0,0,0,,0,0,0,0,0,0,0,0,0,0,0,,0
00-0039424,Devaughn Vele,WR,2024,9,REG,2024_09_DEN_BAL,DEN,BAL,0,0,0,0,0,0,0,0,0,0,0,0,2,3,11,0,1,0,0,0,,0,0,0,0,0,0,0,0,0,0,0,,0
00-0039491,Jalen Coker,WR,2024,9,REG,2024_09_NO_CAR,CAR,NO,0,0,0,0,0,0,0,0,0,0,0,0,2,3,36,0,2,0,0,0,,0,0,0,0,0,0,0,0,0,0,0,,0
00-0039543,Ramel Keyton,WR,2024,9,REG,2024_09_LV_CIN,LV,CIN,0,0,0,0,0,0,0,0,0,0,0,0,1,2,7,0,1,0,0,0,,0,0,0,0,0,0,0,0,0,0,0,,0
00-0039611,Matthew Hayball,P,2024,9,REG,2024_09_NO_CAR,NO,CAR,0,0,0,0,0,0,0,1,11,0,1,0,0,0,0,0,0,0,0,0,,0,0,0,0,0,0,0,0,4,169,145,50,1
00-0039614,Jermaine Jackson,WR,2024,9,REG,2024_09_NO_CAR,NO,CAR,0,0,0,0,0,0,0,1,-1,0,0,0,0,0,0,0,0,0,0,0,,0,0,0,0,0,0,0,0,0,0,0,,0
00-0039623,Mason Tipton,WR,2024,9,REG,2024_09_NO_CAR,NO,CAR,0,0,0,0,0,0,0,0,0,0,0,0,0,3,0,0,0,0,0,0,,0,0,0,0,0,0,0,0,0,0,0,,0
00-0039732,Bo Nix,QB,2024,9,REG,2024_09_DEN_BAL,DEN,BAL,19,33,223,0,1,4,-28,6,36,0,3,0,1,1,2,1,1,0,0,0,,0,0,0,0,0,0,0,0,0,0,0,,0
00-0039738,Blake Corum,RB,2024,9,REG,2024_09_LA_SEA,LA,SEA,0,0,0,0,0,0,0,1,-1,0,0,0,0,0,0,0,0,0,0,0,,0,0,0,0,0,0,0,0,0,0,0,,0
00-0039745,Tory Taylor,P,2024,9,REG,2024_09_CHI_ARI,CHI,ARI,0,0,0,0,0,0,0,0,0,0,0,0,0,0,0,0,0,0,0,0,,0,0,0,0,0,0,0,0,4,218,153,67,1
00-0039747,Ainias Smith,WR,2024,9,REG,2024_09_JAX_PHI,PHI,JAX,0,0,0,0,0,0,0,1,2,0,0,0,1,1,0,0,0,0,0,0,,0,0,0,0,0,0,0,0,0,0,0,,0
00-0039750,Joshua Karty,K,2024,9,REG,2024_09_LA_SEA,LA,SEA,0,0,0,0,0,0,0,0,0,0,0,0,0,0,0,0,0,0,2,2,38,0,1,1,0,0,0,2,2,0,0,0,,0
00-0039793,AJ Barner,TE,2024,9,REG,2024_09_LA_SEA,SEA,LA,0,0,0,0,0,0,0,0,0,0,0,0,4,7,27,0,2,0,0,0,,0,0,0,0,0,0,0,0,0,0,0,,0
00-0039794,Braelon Allen,RB,2024,9,REG,2024_09_HOU_NYJ,NYJ,HOU,0,0,0,0,0,0,0,4,9,0,1,0,0,1,0,0,0,0,0,0,,0,0,0,0,0,0,0,0,0,0,0,,0
00-0039814,Erick All,TE,2024,9,REG,2024_09_LV_CIN,CIN,LV,0,0,0,0,0,0,0,0,0,0,0,0,2,2,24,0,1,0,0,0,,0,0,0,0,0,0,0,0,0,0,0,,0
00-0039847,Theo Johnson,TE,2024,9,REG,2024_09_WAS_NYG,NYG,WAS,0,0,0,0,0,0,0,0,0,0,0,0,3,6,51,1,2,0,0,0,,0,0,0,0,0,0,0,0,0,0,0,,0
00-0039849,Marvin Harrison Jr.,WR,2024,9,REG,2024_09_CHI_ARI,ARI,CHI,0,0,0,0,0,0,0,0,0,0,0,0,2,5,34,0,0,1,0,0,,0,0,0,0,0,0,0,0,0,0,0,,0
00-0039851,Drake Maye,QB,2024,9,REG,2024_09_NE_TEN,NE,TEN,29,41,206,1,2,4,-21,8,95,0,5,0,0,0,0,0,0,0,0,0,,0,0,0,0,0,0,0,0,0,0,0,,0
00-0039868,Troy Franklin,WR,2024,9,REG,2024_09_DEN_BAL,DEN,BAL,0,0,0,0,0,0,0,0,0,0,0,0,1,4,19,0,1,0,0,0,,0,0,0,0,0,0,0,0,0,0,0,,0
00-0039874,Jaylen Wright,RB,2024,9,REG,2024_09_MIA_BUF,MIA,BUF,0,0,0,0,0,0,0,6,18,0,1,0,0,0,0,0,0,0,0,0,,0,0,0,0,0,0,0,0,0,0,0,,0
00-0039875,Ray Davis,RB,2024,9,REG,2024_09_MIA_BUF,BUF,MIA,0,0,0,0,0,0,0,4,20,0,0,0,2,2,70,1,2,0,0,0,,0,0,0,0,0,0,0,0,0,0,0,,0
00-0039880,Malik Washington,WR,2024,9,REG,2024_09_MIA_BUF,MIA,BUF,0,0,0,0,0,0,0,1,9,0,0,0,0,0,0,0,0,0,0,0,,0,0,0,0,0,0,0,0,0,0,0,,0
00-0039890,Adonai Mitchell,WR,2024,9,REG,2024_09_IND_MIN,IND,MIN,0,0,0,0,0,0,0,0,0,0,0,0,1,1,22,0,0,0,0,0,,0,0,0,0,0,0,0,0,0,0,0,,0
00-0039893,Brian Thomas Jr.,WR,2024,9,REG,2024_09_JAX_PHI,JAX,PHI,0,0,0,0,0,0,0,0,0,0,0,0,2,4,22,0,1,0,0,0,,0,0,0,0,0,0,0,0,0,0,0,,0
00-0039894,Xavier Worthy,WR,2024,9,REG,2024_09_TB_KC,KC,TB,0,0,0,0,0,0,0,2,-10,0,0,0,0,2,0,0,0,0,0,0,,0,0,0,0,0,0,0,0,0,0,0,,0
00-0039901,Keon Coleman,WR,2024,9,REG,2024_09_MIA_BUF,BUF,MIA,0,0,0,0,0,0,0,0,0,0,0,0,1,2,21,0,1,0,0,0,,0,0,0,0,0,0,0,0,0,0,0,,0
00-0039907,Ja'Lynn Polk,WR,2024,9,REG,2024_09_NE_TEN,NE,TEN,0,0,0,0,0,0,0,0,0,0,0,0,0,1,0,0,0,0,0,0,,0,0,0,0,0,0,0,0,0,0,0,,0
00-0039910,Jayden Daniels,QB,2024,9,REG,2024_09_WAS_NYG,WAS,NYG,15,22,209,2,0,0,0,8,35,0,3,0,0,0,0,0,0,0,0,0,,0,0,0,0,0,0,0,0,0,0,0,,0
00-0039912,Ben Sinnott,TE,2024,9,REG,2024_09_WAS_NYG,WAS,NYG,0,0,0,0,0,0,0,0,0,0,0,0,1,1,12,0,1,0,0,0,,0,0,0,0,0,0,0,0,0,0,0,,0
00-0039915,Ladd McConkey,WR,2024,9,REG,2024_09_LAC_CLE,LAC,CLE,0,0,0,0,0,0,0,0,0,0,0,0,5,7,64,0,4,0,0,0,,0,0,0,0,0,0,0,0,0,0,0,,0
00-0039918,Caleb Williams,QB,2024,9,REG,2024_09_CHI_ARI,CHI,ARI,22,41,217,0,0,6,-45,4,5,0,0,0,0,0,0,0,0,0,0,0,,0,0,0,0,0,0,0,0,0,0,0,,0
00-0039919,Rome Odunze,WR,2024,9,REG,2024_09_CHI_ARI,CHI,ARI,0,0,0,0,0,0,0,0,0,0,0,0,5,7,104,0,4,0,0,0,,0,0,0,0,0,0,0,0,0,0,0,,0
00-0039920,Malachi Corley,WR,2024,9,REG,2024_09_HOU_NYJ,NYJ,HOU,0,0,0,0,0,0,0,1,18,0,0,1,0,0,0,0,0,0,0,0,,0,0,0,0,0,0,0,0,0,0,0,,0
00-0039921,Trey Benson,RB,2024,9,REG,2024_09_CHI_ARI,ARI,CHI,0,0,0,0,0,0,0,8,37,1,2,0,1,1,18,0,1,0,0,0,,0,0,0,0,0,0,0,0,0,0,0,,0
00-0039934,Jude McAtamney,K,2024,9,REG,2024_09_WAS_NYG,NYG,WAS,0,0,0,0,0,0,0,0,0,0,0,0,0,0,0,0,0,0,1,1,31,0,0,1,0,0,0,1,1,0,0,0,,0
00-0023459,Aaron Rodgers,QB,2024,10,REG,2024_10_NYJ_ARI,NYJ,ARI,22,35,151,0,0,3,-23,0,0,0,0,0,0,0,0,0,0,0,0,0,,0,0,0,0,0,0,0,0,0,0,0,,0
00-0025565,Nick Folk,K,2024,10,REG,2024_10_TEN_LAC,TEN,LAC,0,0,0,0,0,0,0,0,0,0,0,0,0,0,0,0,0,0,1,2,27,0,1,0,0,0,0,2,2,0,0,0,,0
00-0026158,Joe Flacco,QB,2024,10,REG,2024_10_BUF_IND,IND,BUF,26,35,272,2,3,4,-32,0,0,0,0,0,0,0,0,0,0,0,0,0,,0,0,0,0,0,0,0,0,0,0,0,,0
00-0026498,Matthew Stafford,QB,2024,10,REG,2024_10_MIA_LA,LA,MIA,32,46,293,0,1,4,-36,1,0,0,0,0,0,0,0,0,0,0,0,0,,0,0,0,0,0,0,0,0,0,0,0,,0
00-0026858,Graham Gano,K,2024,10,REG,2024_10_NYG_CAR,NYG,CAR,0,0,0,0,0,0,0,0,0,0,0,0,0,0,0,0,0,0,1,2,42,0,0,0,1,0,0,2,2,0,0,0,,0
00-0027114,Thomas Morstead,P,2024,10,REG,2024_10_NYJ_ARI,NYJ,ARI,0,0,0,0,0,0,0,0,0,0,0,0,0,0,0,0,0,0,0,0,,0,0,0,0,0,0,0,0,2,93,93,47,1
00-0028872,Johnny Hekker,P,2024,10,REG,2024_10_NYG_CAR,CAR,NYG,0,0,0,0,0,0,0,0,0,0,0,0,0,0,0,0,0,0,0,0,,0,0,0,0,0,0,0,0,7,337,320,55,3
00-0029263,Russell Wilson,QB,2024,10,REG,2024_10_PIT_WAS,PIT,WAS,14,28,195,3,1,3,-23,4,3,0,1,0,0,0,0,0,0,0,0,0,,0,0,0,0,0,0,0,0,0,0,0,,0
00-0029597,Justin Tucker,K,2024,10,REG,2024_10_CIN_BAL,BAL,CIN,0,0,0,0,0,0,0,0,0,0,0,0,0,0,0,0,0,0,0,0,,0,0,0,0,0,0,3,4,0,0,0,,0
00-0029604,Kirk Cousins,QB,2024,10,REG,2024_10_ATL_NO,ATL,NO,23,38,306,0,1,3,-19,0,0,0,0,0,0,0,0,0,0,0,0,0,,0,0,0,0,0,0,0,0,0,0,0,,0
00-0029692,Bryan Anger,P,2024,10,REG,2024_10_PHI_DAL,DAL,PHI,0,0,0,0,0,0,0,0,0,0,0,0,0,0,0,0,0,0,0,0,,0,0,0,0,0,0,0,0,6,304,261,59,2
00-0030061,Zach Ertz,TE,2024,10,REG,2024_10_PIT_WAS,WAS,PIT,0,0,0,0,0,0,0,0,0,0,0,0,4,8,31,0,0,0,0,0,,0,0,0,0,0,0,0,0,0,0,0,,0
00-0030092,Sam Martin,P,2024,10,REG,2024_10_BUF_IND,BUF,IND,0,0,0,0,0,0,0,0,0,0,0,0,0,0,0,0,0,0,0,0,,0,0,0,0,0,0,0,0,2,109,109,61,2
00-0030140,Tress Way,P,2024,10,REG,2024_10_PIT_WAS,WAS,PIT,0,0,0,0,0,0,0,0,0,0,0,0,0,0,0,0,0,0,0,0,,0,0,0,0,0,0,0,0,6,330,290,74,2
00-0030279,Keenan Allen,WR,2024,10,REG,2024_10_NE_CHI,CHI,NE,0,0,0,0,0,0,0,0,0,0,0,0,5,6,44,0,2,0,0,0,,0,0,0,0,0,0,0,0,0,0,0,,0
00-0030431,Robert Woods,WR,2024,10,REG,2024_10_DET_HOU,HOU,DET,0,0,0,0,0,0,0,0,0,0,0,0,1,3,1,0,0,0,0,0,,0,0,0,0,0,0,0,0,0,0,0,,0
00-0030506,Travis Kelce,TE,2024,10,REG,2024_10_DEN_KC,KC,DEN,0,0,0,0,0,0,0,0,0,0,0,0,8,12,64,1,5,0,0,0,,0,0,0,0,0,0,0,0,0,0,0,,0
00-0030564,DeAndre Hopkins,WR,2024,10,REG,2024_10_DEN_KC,KC,DEN,0,0,0,0,0,0,0,0,0,0,0,0,4,5,56,0,3,0,0,0,,0,0,0,0,0,0,0,0,0,0,0,,0
00-0030578,Cordarrelle Patterson,RB,2024,10,REG,2024_10_PIT_WAS,PIT,WAS,0,0,0,0,0,0,0,3,14,0,0,0,0,0,0,0,0,0,0,0,,0,0,0,0,0,0,0,0,0,0,0,,0
00-0031136,Chris Boswell,K,2024,10,REG,2024_10_PIT_WAS,PIT,WAS,0,0,0,0,0,0,0,0,0,0,0,0,0,0,0,0,0,0,0,0,,0,0,0,0,0,0,4,4,0,0,0,,0
00-0031203,Cairo Santos,K,2024,10,REG,2024_10_NE_CHI,CHI,NE,0,0,0,0,0,0,0,0,0,0,0,0,0,0,0,0,0,0,1,1,33,0,0,1,0,0,0,0,0,0,0,0,,0
00-0031235,Odell Beckham Jr.,WR,2024,10,REG,2024_10_MIA_LA,MIA,LA,0,0,0,0,0,0,0,0,0,0,0,0,2,2,17,0,1,0,0,0,,0,0,0,0,0,0,0,0,0,0,0,,0
00-0031280,Derek Carr,QB,2024,10,REG,2024_10_ATL_NO,NO,ATL,16,25,269,2,0,0,0,4,17,0,0,0,0,0,0,0,0,0,0,0,,0,0,0,0,0,0,0,0,0,0,0,,0
00-0031381,Davante Adams,WR,2024,10,REG,2024_10_NYJ_ARI,NYJ,ARI,0,0,0,0,0,0,0,0,0,0,0,0,6,13,31,0,1,0,0,0,,0,0,0,0,0,0,0,0,0,0,0,,0
00-0031549,Nelson Agholor,WR,2024,10,REG,2024_10_CIN_BAL,BAL,CIN,0,0,0,0,0,0,0,0,0,0,0,0,1,2,6,1,1,0,0,0,,0,0,0,0,0,0,0,0,0,0,0,,0
00-0031585,MyCole Pruitt,TE,2024,10,REG,2024_10_PIT_WAS,PIT,WAS,0,0,0,0,0,0,0,0,0,0,0,0,0,1,0,0,0,0,0,0,,0,0,0,0,0,0,0,0,0,0,0,,0
00-0031687,Raheem Mostert,RB,2024,10,REG,2024_10_MIA_LA,MIA,LA,0,0,0,0,0,0,0,0,0,0,0,0,2,3,34,0,2,0,0,0,,0,0,0,0,0,0,0,0,0,0,0,,0
00-0031763,DeAndre Carter,WR,2024,10,REG,2024_10_NE_CHI,CHI,NE,0,0,0,0,0,0,0,0,0,0,0,0,1,1,5,0,0,0,0,0,,0,0,0,0,0,0,0,0,0,0,0,,0
00-0032065,Bradley Pinion,P,2024,10,REG,2024_10_ATL_NO,ATL,NO,0,0,0,0,0,0,0,0,0,0,0,0,0,0,0,0,0,0,0,0,,0,0,0,0,0,0,0,0,3,144,126,57,1
00-0032385,Sterling Shepard,WR,2024,10,REG,2024_10_SF_TB,TB,SF,0,0,0,0,0,0,0,1,3,0,0,0,1,3,7,0,0,0,0,0,,0,0,0,0,0,0,0,0,0,0,0,,0
00-0032392,Austin Hooper,TE,2024,10,REG,2024_10_NE_CHI,NE,CHI,0,0,0,0,0,0,0,0,0,0,0,0,3,4,64,0,3,0,0,0,,0,0,0,0,0,0,0,0,0,0,0,,0
00-0032399,Miles Killebrew,SAF,2024,10,REG,2024_10_PIT_WAS,PIT,WAS,0,1,0,0,0,0,0,0,0,0,0,0,0,0,0,0,0,0,0,0,,0,0,0,0,0,0,0,0,0,0,0,,0
00-0032569,Wil Lutz,K,2024,10,REG,2024_10_DEN_KC,DEN,KC,0,0,0,0,0,0,0,0,0,0,0,0,0,0,0,0,0,0,0,2,,0,0,0,0,0,0,2,2,0,0,0,,0
00-0032726,Ka'imi Fairbairn,K,2024,10,REG,2024_10_DET_HOU,HOU,DET,0,0,0,0,0,0,0,0,0,0,0,0,0,0,0,0,0,0,3,4,56,0,1,1,0,1,0,2,2,0,0,0,,0
00-0032764,Derrick Henry,RB,2024,10,REG,2024_10_CIN_BAL,BAL,CIN,0,0,0,0,0,0,0,16,68,1,3,0,1,1,3,0,0,0,0,0,,0,0,0,0,0,0,0,0,0,0,0,,0
00-0032775,Demarcus Robinson,WR,2024,10,REG,2024_10_MIA_LA,LA,MIA,0,0,0,0,0,0,0,0,0,0,0,0,1,5,23,0,1,0,0,0,,0,0,0,0,0,0,0,0,0,0,0,,0
00-0032943,Riley Dixon,P,2024,10,REG,2024_10_DEN_KC,DEN,KC,0,0,0,0,0,0,0,0,0,0,0,0,0,0,0,0,0,0,0,0,,0,0,0,0,0,0,0,0,5,236,208,57,1
00-0033040,Tyreek Hill,WR,2024,10,REG,2024_10_MIA_LA,MIA,LA,0,0,0,0,0,0,0,2,11,0,0,0,3,4,16,1,2,0,0,0,,0,0,0,0,0,0,0,0,0,0,0,,0
00-0033045,Ezekiel Elliott,RB,2024,10,REG,2024_10_PHI_DAL,DAL,PHI,0,0,0,0,0,0,0,6,22,0,0,1,0,0,0,0,0,0,0,0,,0,0,0,0,0,0,0,0,0,0,0,,0
00-0033090,Hunter Henry,TE,2024,10,REG,2024_10_NE_CHI,NE,CHI,0,0,0,0,0,0,0,0,0,0,0,0,1,4,14,0,1,0,0,0,,0,0,0,0,0,0,0,0,0,0,0,,0
00-0033106,Jared Goff,QB,2024,10,REG,2024_10_DET_HOU,DET,HOU,15,30,240,2,5,0,0,1,2,0,1,0,0,0,0,0,0,0,0,0,,0,0,0,0,0,0,0,0,0,0,0,,0
00-0033269,Rigoberto Sanchez,P,2024,10,REG,2024_10_BUF_IND,IND,BUF,0,0,0,0,0,0,0,0,0,0,0,0,0,0,0,0,0,0,0,0,,0,0,0,0,0,0,0,0,2,108,100,55,1
00-0033280,Christian McCaffrey,RB,2024,10,REG,2024_10_SF_TB,SF,TB,0,0,0,0,0,0,0,13,39,0,1,0,6,7,68,0,3,0,0,0,,0,0,0,0,0,0,0,0,0,0,0,,0
00-0033282,Curtis Samuel,WR,2024,10,REG,2024_10_BUF_IND,BUF,IND,0,0,0,0,0,0,0,0,0,0,0,0,4,8,35,0,2,0,0,0,,0,0,0,0,0,0,0,0,0,0,0,,0
00-0033288,George Kittle,TE,2024,10,REG,2024_10_SF_TB,SF,TB,0,0,0,0,0,0,0,0,0,0,0,0,3,4,57,1,3,0,0,0,,0,0,0,0,0,0,0,0,0,0,0,,0
00-0033293,Aaron Jones,RB,2024,10,REG,2024_10_MIN_JAX,MIN,JAX,0,0,0,0,0,0,0,17,88,0,3,0,2,3,13,0,0,0,0,0,,0,0,0,0,0,0,0,0,0,0,0,,0
00-0033303,Harrison Butker,K,2024,10,REG,2024_10_DEN_KC,KC,DEN,0,0,0,0,0,0,0,0,0,0,0,0,0,0,0,0,0,0,3,3,36,0,2,1,0,0,0,1,1,0,0,0,,0
00-0033357,Taysom Hill,TE,2024,10,REG,2024_10_ATL_NO,NO,ATL,0,0,0,0,0,0,0,4,14,0,1,0,2,2,36,0,1,0,0,0,,0,0,0,0,0,0,0,0,0,0,0,,0
00-0033526,Samaje Perine,RB,2024,10,REG,2024_10_DEN_KC,KC,DEN,0,0,0,0,0,0,0,0,0,0,0,0,2,2,37,0,1,0,0,0,,0,0,0,0,0,0,0,0,0,0,0,,0
00-0033536,Mike Williams,WR,2024,10,REG,2024_10_PIT_WAS,PIT,WAS,0,0,0,0,0,0,0,0,0,0,0,0,1,1,32,1,1,0,0,0,,0,0,0,0,0,0,0,0,0,0,0,,0
00-0033553,James Conner,RB,2024,10,REG,2024_10_NYJ_ARI,ARI,NYJ,0,0,0,0,0,0,0,12,33,1,3,0,5,5,80,0,3,0,0,0,,0,0,0,0,0,0,0,0,0,0,0,,0
00-0033555,Mack Hollins,WR,2024,10,REG,2024_10_BUF_IND,BUF,IND,0,0,0,0,0,0,0,0,0,0,0,0,4,4,86,0,3,0,0,0,,0,0,0,0,0,0,0,0,0,0,0,,0
00-0033589,David Moore,WR,2024,10,REG,2024_10_NYG_CAR,CAR,NYG,0,0,0,0,0,0,0,0,0,0,0,0,2,4,18,0,1,0,0,0,,0,0,0,0,0,0,0,0,0,0,0,,0
00-0033591,Noah Brown,WR,2024,10,REG,2024_10_PIT_WAS,WAS,PIT,0,0,0,0,0,0,0,0,0,0,0,0,3,7,33,0,2,0,0,0,,0,0,0,0,0,0,0,0,0,0,0,,0
00-0033662,Cooper Rush,QB,2024,10,REG,2024_10_PHI_DAL,DAL,PHI,13,23,45,0,0,1,-10,2,2,0,1,1,0,0,0,0,0,0,0,0,,0,0,0,0,0,0,0,0,0,0,0,,0
00-0033699,Austin Ekeler,RB,2024,10,REG,2024_10_PIT_WAS,WAS,PIT,0,0,0,0,0,0,0,13,44,2,7,0,1,2,7,0,0,0,0,0,,0,0,0,0,0,0,0,0,0,0,0,,0
00-0033702,Younghoe Koo,K,2024,10,REG,2024_10_ATL_NO,ATL,NO,0,0,0,0,0,0,0,0,0,0,0,0,0,0,0,0,0,0,1,4,27,0,1,0,0,0,0,2,2,0,0,0,,0
00-0033787,Jake Elliott,K,2024,10,REG,2024_10_PHI_DAL,PHI,DAL,0,0,0,0,0,0,0,0,0,0,0,0,0,0,0,0,0,0,2,2,39,0,0,2,0,0,0,4,4,0,0,0,,0
00-0033854,Dare Ogunbowale,RB,2024,10,REG,2024_10_DET_HOU,HOU,DET,0,0,0,0,0,0,0,1,11,0,0,0,0,0,0,0,0,0,0,0,,0,0,0,0,0,0,0,0,0,0,0,,0
00-0033858,Jonnu Smith,TE,2024,10,REG,2024_10_MIA_LA,MIA,LA,0,0,0,0,0,0,0,0,0,0,0,0,3,4,45,0,2,0,0,0,,0,0,0,0,0,0,0,0,0,0,0,,0
00-0033862,Zane Gonzalez,K,2024,10,REG,2024_10_PIT_WAS,WAS,PIT,0,0,0,0,0,0,0,0,0,0,0,0,0,0,0,0,0,0,2,2,48,0,0,0,2,0,0,3,3,0,0,0,,0
00-0033869,Mitchell Trubisky,QB,2024,10,REG,2024_10_BUF_IND,BUF,IND,0,0,0,0,0,0,0,1,-1,0,0,0,0,0,0,0,0,0,0,0,,0,0,0,0,0,0,0,0,0,0,0,,0
00-0033873,Patrick Mahomes,QB,2024,10,REG,2024_10_DEN_KC,KC,DEN,28,42,266,1,0,4,-23,3,19,0,1,0,0,0,0,0,0,0,0,0,,0,0,0,0,0,0,0,0,0,0,0,,0
00-0033881,Evan Engram,TE,2024,10,REG,2024_10_MIN_JAX,JAX,MIN,0,0,0,0,0,0,0,0,0,0,0,0,6,8,40,0,2,0,0,0,,0,0,0,0,0,0,0,0,0,0,0,,0
00-0033897,Joe Mixon,RB,2024,10,REG,2024_10_DET_HOU,HOU,DET,0,0,0,0,0,0,0,25,46,1,3,0,2,4,44,0,1,0,0,0,,0,0,0,0,0,0,0,0,0,0,0,,0
00-0033906,Alvin Kamara,RB,2024,10,REG,2024_10_ATL_NO,NO,ATL,0,0,0,0,0,0,0,17,55,0,3,0,5,6,54,0,1,0,0,0,,0,0,0,0,0,0,0,0,0,0,0,,0
00-0033908,Cooper Kupp,WR,2024,10,REG,2024_10_MIA_LA,LA,MIA,0,0,0,0,0,0,0,0,0,0,0,0,7,7,80,0,4,0,0,0,,0,0,0,0,0,0,0,0,0,0,0,,0
00-0033923,Kareem Hunt,RB,2024,10,REG,2024_10_DEN_KC,KC,DEN,0,0,0,0,0,0,0,14,35,0,3,0,7,10,65,0,2,0,0,0,,0,0,0,0,0,0,0,0,0,0,0,,0
00-0033955,Jeremy McNichols,RB,2024,10,REG,2024_10_PIT_WAS,WAS,PIT,0,0,0,0,0,0,0,4,7,1,2,0,0,0,0,0,0,0,0,0,,0,0,0,0,0,0,0,0,0,0,0,,0
00-0034159,Will Dissly,TE,2024,10,REG,2024_10_TEN_LAC,LAC,TEN,0,0,0,0,0,0,0,0,0,0,0,0,5,6,30,0,2,0,0,0,,0,0,0,0,0,0,0,0,0,0,0,,0
00-0034162,J.K. Scott,P,2024,10,REG,2024_10_TEN_LAC,LAC,TEN,0,0,0,0,0,0,0,0,0,0,0,0,0,0,0,0,0,0,0,0,,0,0,0,0,0,0,0,0,3,116,116,47,1
00-0034173,Eddy Pineiro,K,2024,10,REG,2024_10_NYG_CAR,CAR,NYG,0,0,0,0,0,0,0,0,0,0,0,0,0,0,0,0,0,0,2,2,53,0,0,1,0,1,0,2,2,0,0,0,,0
00-0034184,Gus Edwards,RB,2024,10,REG,2024_10_TEN_LAC,LAC,TEN,0,0,0,0,0,0,0,10,55,0,2,0,0,0,0,0,0,0,0,0,,0,0,0,0,0,0,0,0,0,0,0,,0
00-0034270,Tyler Conklin,TE,2024,10,REG,2024_10_NYJ_ARI,NYJ,ARI,0,0,0,0,0,0,0,0,0,0,0,0,1,2,8,0,0,0,0,0,,0,0,0,0,0,0,0,0,0,0,0,,0
00-0034272,Marquez Valdes-Scantling,WR,2024,10,REG,2024_10_ATL_NO,NO,ATL,0,0,0,0,0,0,0,0,0,0,0,0,3,3,109,2,3,0,0,0,,0,0,0,0,0,0,0,0,0,0,0,,0
00-0034348,Courtland Sutton,WR,2024,10,REG,2024_10_DEN_KC,DEN,KC,0,0,0,0,0,0,0,0,0,0,0,0,6,9,70,1,4,0,0,0,,0,0,0,0,0,0,0,0,0,0,0,,0
00-0034351,Dallas Goedert,TE,2024,10,REG,2024_10_PHI_DAL,PHI,DAL,0,0,0,0,0,0,0,0,0,0,0,0,2,3,25,1,2,0,0,0,,0,0,0,0,0,0,0,0,0,0,0,,0
00-0034365,Ian Thomas,TE,2024,10,REG,2024_10_NYG_CAR,CAR,NYG,0,0,0,0,0,0,0,0,0,0,0,0,1,1,3,0,0,0,0,0,,0,0,0,0,0,0,0,0,0,0,0,,0
00-0034383,Dalton Schultz,TE,2024,10,REG,2024_10_DET_HOU,HOU,DET,0,0,0,0,0,0,0,0,0,0,0,0,3,4,66,0,3,0,0,0,,0,0,0,0,0,0,0,0,0,0,0,,0
00-0034386,Justin Watson,WR,2024,10,REG,2024_10_DEN_KC,KC,DEN,0,0,0,0,0,0,0,0,0,0,0,0,2,2,6,0,0,0,0,0,,0,0,0,0,0,0,0,0,0,0,0,,0
00-0034407,Ray-Ray McCloud,WR,2024,10,REG,2024_10_ATL_NO,ATL,NO,0,0,0,0,0,0,0,1,6,0,0,0,3,4,30,0,2,0,0,0,,0,0,0,0,0,0,0,0,0,0,0,,0
00-0034437,Logan Cooke,P,2024,10,REG,2024_10_MIN_JAX,JAX,MIN,0,0,0,0,0,0,0,0,0,0,0,0,0,0,0,0,0,0,0,0,,0,0,0,0,0,0,0,0,5,274,245,68,4
00-0034487,Trent Sherfield,WR,2024,10,REG,2024_10_MIN_JAX,MIN,JAX,0,0,0,0,0,0,0,0,0,0,0,0,1,1,11,0,0,0,0,0,,0,0,0,0,0,0,0,0,0,0,0,,0
00-0034613,Tanner Hudson,TE,2024,10,REG,2024_10_CIN_BAL,CIN,BAL,0,0,0,0,0,0,0,1,1,0,1,0,6,7,42,1,3,0,0,0,,0,0,0,0,0,0,0,0,0,0,0,,0
00-0034753,Mark Andrews,TE,2024,10,REG,2024_10_CIN_BAL,BAL,CIN,0,0,0,0,0,0,0,0,0,0,0,0,6,7,68,1,4,0,0,0,,0,0,0,0,0,0,0,0,0,0,0,,0
00-0034794,Jason Sanders,K,2024,10,REG,2024_10_MIA_LA,MIA,LA,0,0,0,0,0,0,0,0,0,0,0,0,0,0,0,0,0,0,3,3,50,0,0,1,0,2,0,2,2,0,0,0,,0
00-0034796,Lamar Jackson,QB,2024,10,REG,2024_10_CIN_BAL,BAL,CIN,25,33,290,4,0,0,0,7,33,0,2,0,0,0,0,0,0,0,0,0,,0,0,0,0,0,0,0,0,0,0,0,,0
00-0034798,Durham Smythe,TE,2024,10,REG,2024_10_MIA_LA,MIA,LA,0,0,0,0,0,0,0,0,0,0,0,0,1,1,6,0,0,0,0,0,,0,0,0,0,0,0,0,0,0,0,0,,0
00-0034827,DJ Moore,WR,2024,10,REG,2024_10_NE_CHI,CHI,NE,0,0,0,0,0,0,0,1,3,0,0,0,3,6,24,0,1,0,0,0,,0,0,0,0,0,0,0,0,0,0,0,,0
00-0034829,Mike Gesicki,TE,2024,10,REG,2024_10_CIN_BAL,CIN,BAL,0,0,0,0,0,0,0,0,0,0,0,0,4,9,30,0,1,0,0,0,,0,0,0,0,0,0,0,0,0,0,0,,0
00-0034830,Hayden Hurst,TE,2024,10,REG,2024_10_TEN_LAC,LAC,TEN,0,0,0,0,0,0,0,0,0,0,0,0,0,1,0,0,0,0,0,0,,0,0,0,0,0,0,0,0,0,0,0,,0
00-0034837,Calvin Ridley,WR,2024,10,REG,2024_10_TEN_LAC,TEN,LAC,0,0,0,0,0,0,0,0,0,0,0,0,5,9,84,2,4,0,0,0,,0,0,0,0,0,0,0,0,0,0,0,,0
00-0034844,Saquon Barkley,RB,2024,10,REG,2024_10_PHI_DAL,PHI,DAL,0,0,0,0,0,0,0,14,66,0,4,0,1,1,12,0,1,0,0,0,,0,0,0,0,0,0,0,0,0,0,0,,0
00-0034855,Baker Mayfield,QB,2024,10,REG,2024_10_SF_TB,TB,SF,18,29,116,1,0,2,-11,3,3,0,0,0,0,0,0,0,0,0,0,0,,0,0,0,0,0,0,0,0,0,0,0,,0
00-0034857,Josh Allen,QB,2024,10,REG,2024_10_BUF_IND,BUF,IND,22,37,280,0,2,2,0,8,50,1,5,0,0,0,0,0,0,0,0,0,,0,0,0,0,0,0,0,0,0,0,0,,0
00-0034860,Dante Pettis,WR,2024,10,REG,2024_10_ATL_NO,NO,ATL,0,0,0,0,0,0,0,0,0,0,0,0,1,1,8,0,0,0,0,0,,0,0,0,0,0,0,0,0,0,0,0,,0
00-0034869,Sam Darnold,QB,2024,10,REG,2024_10_MIN_JAX,MIN,JAX,24,38,241,0,3,1,-8,7,28,0,3,0,0,0,0,0,0,0,0,0,,0,0,0,0,0,0,0,0,0,0,0,,0
00-0034941,Mitch Wishnowsky,P,2024,10,REG,2024_10_SF_TB,SF,TB,0,0,0,0,0,0,0,0,0,0,0,0,0,0,0,0,0,0,0,0,,0,0,0,0,0,0,0,0,1,35,35,35,1
00-0034975,Justice Hill,RB,2024,10,REG,2024_10_CIN_BAL,BAL,CIN,0,0,0,0,0,0,0,2,-2,0,0,0,2,2,0,0,1,0,0,0,,0,0,0,0,0,0,0,0,0,0,0,,0
00-0034981,Foster Moreau,TE,2024,10,REG,2024_10_ATL_NO,NO,ATL,0,0,0,0,0,0,0,0,0,0,0,0,0,2,0,0,0,0,0,0,,0,0,0,0,0,0,0,0,0,0,0,,0
00-0035021,Ashton Dulin,WR,2024,10,REG,2024_10_BUF_IND,IND,BUF,0,0,0,0,0,0,0,1,7,0,0,0,0,0,0,0,0,0,0,0,,0,0,0,0,0,0,0,0,0,0,0,,0
00-0035042,Jamie Gillan,P,2024,10,REG,2024_10_NYG_CAR,NYG,CAR,0,0,0,0,0,0,0,0,0,0,0,0,0,0,0,0,0,0,0,0,,0,0,0,0,0,0,0,0,5,204,185,46,4
00-0035140,Mecole Hardman,WR,2024,10,REG,2024_10_DEN_KC,KC,DEN,0,0,0,0,0,0,0,0,0,0,0,0,1,1,3,0,0,0,0,0,,0,0,0,0,0,0,0,0,0,0,0,,0
00-0035156,Jack Fox,P,2024,10,REG,2024_10_DET_HOU,DET,HOU,0,0,0,0,0,0,0,0,0,0,0,0,0,0,0,0,0,0,0,0,,0,0,0,0,0,0,0,0,4,188,145,60,1
00-0035192,Joey Slye,K,2024,10,REG,2024_10_NE_CHI,NE,CHI,0,0,0,0,0,0,0,0,0,0,0,0,0,0,0,0,0,0,4,4,37,0,1,3,0,0,0,1,1,0,0,0,,0
00-0035208,Olamide Zaccheaus,WR,2024,10,REG,2024_10_PIT_WAS,WAS,PIT,0,0,0,0,0,0,0,0,0,0,0,0,1,3,8,0,0,0,0,0,,0,0,0,0,0,0,0,0,0,0,0,,0
00-0035216,Diontae Johnson,WR,2024,10,REG,2024_10_CIN_BAL,BAL,CIN,0,0,0,0,0,0,0,0,0,0,0,0,1,2,6,0,0,0,0,0,,0,0,0,0,0,0,0,0,0,0,0,,0
00-0035228,Kyler Murray,QB,2024,10,REG,2024_10_NYJ_ARI,ARI,NYJ,22,24,266,1,0,1,-7,3,21,2,3,0,0,0,0,0,0,0,0,0,,0,0,0,0,0,0,0,0,0,0,0,,0
00-0035229,T.J. Hockenson,TE,2024,10,REG,2024_10_MIN_JAX,MIN,JAX,0,0,0,0,0,0,0,0,0,0,0,0,8,9,72,0,6,0,0,0,,0,0,0,0,0,0,0,0,0,0,0,,0
00-0035243,Miles Sanders,RB,2024,10,REG,2024_10_NYG_CAR,CAR,NYG,0,0,0,0,0,0,0,2,5,0,0,0,0,0,0,0,0,0,0,0,,0,0,0,0,0,0,0,0,0,0,0,,0
00-0035249,Josh Oliver,TE,2024,10,REG,2024_10_MIN_JAX,MIN,JAX,0,0,0,0,0,0,0,0,0,0,0,0,4,6,52,0,3,0,0,0,,0,0,0,0,0,0,0,0,0,0,0,,0
00-0035250,Devin Singletary,RB,2024,10,REG,2024_10_NYG_CAR,NYG,CAR,0,0,0,0,0,0,0,8,40,0,2,0,1,1,5,0,0,0,0,0,,0,0,0,0,0,0,0,0,0,0,0,,0
00-0035261,Tony Pollard,RB,2024,10,REG,2024_10_TEN_LAC,TEN,LAC,0,0,0,0,0,0,0,9,44,0,2,0,4,4,19,0,1,0,0,0,,0,0,0,0,0,0,0,0,0,0,0,,0
00-0035269,Matt Gay,K,2024,10,REG,2024_10_BUF_IND,IND,BUF,0,0,0,0,0,0,0,0,0,0,0,0,0,0,0,0,0,0,2,2,27,0,2,0,0,0,0,2,2,0,0,0,,0
00-0035280,Jake Bailey,P,2024,10,REG,2024_10_MIA_LA,MIA,LA,0,0,0,0,0,0,0,0,0,0,0,0,0,0,0,0,0,0,0,0,,0,0,0,0,0,0,0,0,3,134,134,51,1
00-0035358,Chase McLaughlin,K,2024,10,REG,2024_10_SF_TB,TB,SF,0,0,0,0,0,0,0,0,0,0,0,0,0,0,0,0,0,0,2,2,30,0,1,1,0,0,0,2,2,0,0,0,,0
00-0035406,Lil'Jordan Humphrey,WR,2024,10,REG,2024_10_DEN_KC,DEN,KC,0,0,0,0,0,0,0,0,0,0,0,0,2,3,23,0,1,0,0,0,,0,0,0,0,0,0,0,0,0,0,0,,0
00-0035500,Greg Dortch,WR,2024,10,REG,2024_10_NYJ_ARI,ARI,NYJ,0,0,0,0,0,0,0,0,0,0,0,0,1,1,-1,0,0,0,0,0,,0,0,0,0,0,0,0,0,0,0,0,,0
00-0035537,Ty Johnson,RB,2024,10,REG,2024_10_BUF_IND,BUF,IND,0,0,0,0,0,0,0,0,0,0,0,0,3,3,32,0,2,0,0,0,,0,0,0,0,0,0,0,0,0,0,0,,0
00-0035659,Terry McLaurin,WR,2024,10,REG,2024_10_PIT_WAS,WAS,PIT,0,0,0,0,0,0,0,0,0,0,0,0,5,6,113,0,4,0,0,0,,0,0,0,0,0,0,0,0,0,0,0,,0
00-0035676,A.J. Brown,WR,2024,10,REG,2024_10_PHI_DAL,PHI,DAL,0,0,0,0,0,0,0,0,0,0,0,0,5,7,109,0,4,0,0,0,,0,0,0,0,0,0,0,0,0,0,0,,0
00-0035685,David Montgomery,RB,2024,10,REG,2024_10_DET_HOU,DET,HOU,0,0,0,0,0,0,0,12,32,1,3,0,1,2,24,0,1,0,0,0,,0,0,0,0,0,0,0,0,0,0,0,,0
00-0035689,Dawson Knox,TE,2024,10,REG,2024_10_BUF_IND,BUF,IND,0,0,0,0,0,0,0,0,0,0,0,0,2,3,40,0,1,0,0,0,,0,0,0,0,0,0,0,0,0,0,0,,0
00-0035710,Daniel Jones,QB,2024,10,REG,2024_10_NYG_CAR,NYG,CAR,22,37,190,0,2,2,-15,7,26,1,4,0,0,0,0,0,0,0,0,0,,0,0,0,0,0,0,0,0,0,0,0,,0
00-0035719,Deebo Samuel Sr.,WR,2024,10,REG,2024_10_SF_TB,SF,TB,0,0,0,0,0,0,0,3,14,0,1,0,5,6,62,0,3,0,0,0,,0,0,0,0,0,0,0,0,0,0,0,,0
00-0035795,James Pierre,CB,2024,10,REG,2024_10_PIT_WAS,PIT,WAS,0,0,0,0,0,0,0,0,0,0,0,0,0,1,0,0,0,0,0,0,,0,0,0,0,0,0,0,0,0,0,0,,0
00-0035806,JaMycal Hasty,RB,2024,10,REG,2024_10_NE_CHI,NE,CHI,0,0,0,0,0,0,0,6,20,0,2,0,1,1,4,0,0,0,0,0,,0,0,0,0,0,0,0,0,0,0,0,,0
00-0035821,Corliss Waitman,P,2024,10,REG,2024_10_PIT_WAS,PIT,WAS,0,0,0,0,0,0,0,0,0,0,0,0,0,0,0,0,0,0,0,0,,0,0,0,0,0,0,0,0,5,212,212,51,3
00-0035859,Blake Gillikin,P,2024,10,REG,2024_10_NYJ_ARI,ARI,NYJ,0,0,0,0,0,0,0,0,0,0,0,0,0,0,0,0,0,0,0,0,,0,0,0,0,0,0,0,0,1,40,40,40,1
00-0035889,Tommy Townsend,P,2024,10,REG,2024_10_DET_HOU,HOU,DET,0,0,0,0,0,0,0,0,0,0,0,0,0,0,0,0,0,0,0,0,,0,0,0,0,0,0,0,0,5,275,260,62,2
00-0036040,Juwan Johnson,TE,2024,10,REG,2024_10_ATL_NO,NO,ATL,0,0,0,0,0,0,0,0,0,0,0,0,2,3,22,0,1,0,0,0,,0,0,0,0,0,0,0,0,0,0,0,,0
00-0036139,Rico Dowdle,RB,2024,10,REG,2024_10_PHI_DAL,DAL,PHI,0,0,0,0,0,0,0,12,53,0,2,0,3,3,3,0,0,0,0,0,,0,0,0,0,0,0,0,0,0,0,0,,0
00-0036158,J.K. Dobbins,RB,2024,10,REG,2024_10_TEN_LAC,LAC,TEN,0,0,0,0,0,0,0,15,50,0,3,0,3,3,5,0,1,0,0,0,,0,0,0,0,0,0,0,0,0,0,0,,0
00-0036162,Tyler Bass,K,2024,10,REG,2024_10_BUF_IND,BUF,IND,0,0,0,0,0,0,0,0,0,0,0,0,0,0,0,0,0,0,3,3,47,0,2,0,1,0,0,3,3,0,0,0,,0
00-0036165,Isaiah Hodgins,WR,2024,10,REG,2024_10_NYG_CAR,NYG,CAR,0,0,0,0,0,0,0,0,0,0,0,0,1,1,7,0,0,0,0,0,,0,0,0,0,0,0,0,0,0,0,0,,0
00-0036182,Nick Westbrook-Ikhine,WR,2024,10,REG,2024_10_TEN_LAC,TEN,LAC,0,0,0,0,0,0,0,0,0,0,0,0,3,3,31,0,2,0,0,0,,0,0,0,0,0,0,0,0,0,0,0,,0
00-0036196,Gabe Davis,WR,2024,10,REG,2024_10_MIN_JAX,JAX,MIN,0,0,0,0,0,0,0,0,0,0,0,0,1,4,19,0,1,0,0,0,,0,0,0,0,0,0,0,0,0,0,0,,0
00-0036212,Tua Tagovailoa,QB,2024,10,REG,2024_10_MIA_LA,MIA,LA,20,28,207,1,1,3,-36,1,-1,0,0,0,0,0,0,0,0,0,0,0,,0,0,0,0,0,0,0,0,0,0,0,,0
00-0036223,Jonathan Taylor,RB,2024,10,REG,2024_10_BUF_IND,IND,BUF,0,0,0,0,0,0,0,21,114,0,4,0,2,4,8,0,0,0,0,0,,0,0,0,0,0,0,0,0,0,0,0,,0
00-0036259,Jauan Jennings,WR,2024,10,REG,2024_10_SF_TB,SF,TB,0,0,0,0,0,0,0,0,0,0,0,0,7,11,93,0,5,0,0,0,,0,0,0,0,0,0,0,0,0,0,0,,0
00-0036275,D'Andre Swift,RB,2024,10,REG,2024_10_NE_CHI,CHI,NE,0,0,0,0,0,0,0,16,59,0,2,0,1,1,6,0,0,0,0,0,,0,0,0,0,0,0,0,0,0,0,0,,0
00-0036290,Cole Kmet,TE,2024,10,REG,2024_10_NE_CHI,CHI,NE,0,0,0,0,0,0,0,0,0,0,0,0,2,4,13,0,1,0,0,0,,0,0,0,0,0,0,0,0,0,0,0,,0
00-0036309,Darnell Mooney,WR,2024,10,REG,2024_10_ATL_NO,ATL,NO,0,0,0,0,0,0,0,0,0,0,0,0,5,9,96,0,3,0,0,0,,0,0,0,0,0,0,0,0,0,0,0,,0
00-0036313,Braden Mann,P,2024,10,REG,2024_10_PHI_DAL,PHI,DAL,0,0,0,0,0,0,0,0,0,0,0,0,0,0,0,0,0,0,0,0,,0,0,0,0,0,0,0,0,4,208,168,55,1
00-0036322,Justin Jefferson,WR,2024,10,REG,2024_10_MIN_JAX,MIN,JAX,0,0,0,0,0,0,0,0,0,0,0,0,5,9,48,0,4,0,0,0,,0,0,0,0,0,0,0,0,0,0,0,,0
00-0036328,Antonio Gibson,RB,2024,10,REG,2024_10_NE_CHI,NE,CHI,0,0,0,0,0,0,0,5,26,0,1,0,0,0,0,0,0,0,0,0,,0,0,0,0,0,0,0,0,0,0,0,,0
00-0036345,K.J. Osborn,WR,2024,10,REG,2024_10_NE_CHI,NE,CHI,0,0,0,0,0,0,0,0,0,0,0,0,0,1,0,0,0,0,0,0,,0,0,0,0,0,0,0,0,0,0,0,,0
00-0036355,Justin Herbert,QB,2024,10,REG,2024_10_TEN_LAC,LAC,TEN,14,18,164,1,0,0,0,9,32,1,4,0,0,0,0,0,0,0,0,0,,0,0,0,0,0,0,0,0,0,0,0,,0
00-0036358,CeeDee Lamb,WR,2024,10,REG,2024_10_PHI_DAL,DAL,PHI,0,0,0,0,0,0,0,1,3,0,0,0,6,10,21,0,3,0,0,0,,0,0,0,0,0,0,0,0,0,0,0,,0
00-0036387,Jalen Reagor,WR,2024,10,REG,2024_10_TEN_LAC,LAC,TEN,0,0,0,0,0,0,0,2,-2,0,0,0,0,1,0,0,0,0,0,0,,0,0,0,0,0,0,0,0,0,0,0,,0
00-0036389,Jalen Hurts,QB,2024,10,REG,2024_10_PHI_DAL,PHI,DAL,14,20,202,2,1,5,-46,7,56,2,4,0,0,0,0,0,0,0,0,0,,0,0,0,0,0,0,0,0,0,0,0,,0
00-0036414,Cam Akers,RB,2024,10,REG,2024_10_MIN_JAX,MIN,JAX,0,0,0,0,0,0,0,13,38,0,3,0,1,1,9,0,0,0,0,0,,0,0,0,0,0,0,0,0,0,0,0,,0
00-0036415,Van Jefferson,WR,2024,10,REG,2024_10_PIT_WAS,PIT,WAS,0,0,0,0,0,0,0,0,0,0,0,0,0,2,0,0,0,0,0,0,,0,0,0,0,0,0,0,0,0,0,0,,0
00-0036422,Adam Trautman,TE,2024,10,REG,2024_10_DEN_KC,DEN,KC,0,0,0,0,0,0,0,0,0,0,0,0,1,1,34,0,1,0,0,0,,0,0,0,0,0,0,0,0,0,0,0,,0
00-0036425,DeeJay Dallas,RB,2024,10,REG,2024_10_NYJ_ARI,ARI,NYJ,0,0,0,0,0,0,0,3,10,0,1,0,0,0,0,0,0,0,0,0,,0,0,0,0,0,0,0,0,0,0,0,,0
00-0036427,Tyler Johnson,WR,2024,10,REG,2024_10_MIA_LA,LA,MIA,0,0,0,0,0,0,0,0,0,0,0,0,3,4,25,0,1,0,0,0,,0,0,0,0,0,0,0,0,0,0,0,,0
00-0036429,Charlie Woerner,TE,2024,10,REG,2024_10_ATL_NO,ATL,NO,0,0,0,0,0,0,0,0,0,0,0,0,0,1,0,0,0,0,0,0,,0,0,0,0,0,0,0,0,0,0,0,,0
00-0036442,Joe Burrow,QB,2024,10,REG,2024_10_CIN_BAL,CIN,BAL,34,56,428,4,0,3,-7,2,6,0,0,0,0,0,0,0,0,0,0,0,,0,0,0,0,0,0,0,0,0,0,0,,0
00-0036510,Kenny Yeboah,TE,2024,10,REG,2024_10_NYJ_ARI,NYJ,ARI,0,0,0,0,0,0,0,0,0,0,0,0,1,1,4,0,0,0,0,0,,0,0,0,0,0,0,0,0,0,0,0,,0
00-0036550,Rashod Bateman,WR,2024,10,REG,2024_10_CIN_BAL,BAL,CIN,0,0,0,0,0,0,0,0,0,0,0,0,6,8,54,1,4,0,0,0,,0,0,0,0,0,0,0,0,0,0,0,,0
00-0036555,Chuba Hubbard,RB,2024,10,REG,2024_10_NYG_CAR,CAR,NYG,0,0,0,0,0,0,0,28,153,1,7,0,4,6,16,0,1,1,0,0,,0,0,0,0,0,0,0,0,0,0,0,,0
00-0036613,Jaylen Waddle,WR,2024,10,REG,2024_10_MIA_LA,MIA,LA,0,0,0,0,0,0,0,1,-1,0,0,0,3,6,57,0,2,0,0,0,,0,0,0,0,0,0,0,0,0,0,0,,0
00-0036626,Dyami Brown,WR,2024,10,REG,2024_10_PIT_WAS,WAS,PIT,0,0,0,0,0,0,0,0,0,0,0,0,2,3,-13,0,0,0,0,0,,0,0,0,0,0,0,0,0,0,0,0,,0
00-0036630,Tylan Wallace,WR,2024,10,REG,2024_10_CIN_BAL,BAL,CIN,0,0,0,0,0,0,0,0,0,0,0,0,3,3,115,1,2,0,0,0,,0,0,0,0,0,0,0,0,0,0,0,,0
00-0036637,Noah Gray,TE,2024,10,REG,2024_10_DEN_KC,KC,DEN,0,0,0,0,0,0,0,0,0,0,0,0,2,2,18,0,1,0,0,0,,0,0,0,0,0,0,0,0,0,0,0,,0
00-0036849,Tutu Atwell,WR,2024,10,REG,2024_10_MIA_LA,LA,MIA,0,0,0,0,0,0,0,0,0,0,0,0,1,1,6,0,0,0,0,0,,0,0,0,0,0,0,0,0,0,0,0,,0
00-0036854,Evan McPherson,K,2024,10,REG,2024_10_CIN_BAL,CIN,BAL,0,0,0,0,0,0,0,0,0,0,0,0,0,0,0,0,0,0,0,0,,0,0,0,0,0,0,4,4,0,0,0,,0
00-0036875,Rhamondre Stevenson,RB,2024,10,REG,2024_10_NE_CHI,NE,CHI,0,0,0,0,0,0,0,20,74,0,3,0,1,1,3,0,0,0,0,0,,0,0,0,0,0,0,0,0,0,0,0,,0
00-0036876,Kylen Granson,TE,2024,10,REG,2024_10_BUF_IND,IND,BUF,0,0,0,0,0,0,0,0,0,0,0,0,2,2,15,0,1,0,0,0,,0,0,0,0,0,0,0,0,0,0,0,,0
00-0036887,Luke Farrell,TE,2024,10,REG,2024_10_MIN_JAX,JAX,MIN,0,0,0,0,0,0,0,0,0,0,0,0,2,2,16,0,0,0,0,0,,0,0,0,0,0,0,0,0,0,0,0,,0
00-0036893,Najee Harris,RB,2024,10,REG,2024_10_PIT_WAS,PIT,WAS,0,0,0,0,0,0,0,21,53,1,4,0,0,0,0,0,0,0,0,0,,0,0,0,0,0,0,0,0,0,0,0,,0
00-0036894,Pat Freiermuth,TE,2024,10,REG,2024_10_PIT_WAS,PIT,WAS,0,0,0,0,0,0,0,0,0,0,0,0,3,3,17,1,3,0,0,0,,0,0,0,0,0,0,0,0,0,0,0,,0
00-0036900,Ja'Marr Chase,WR,2024,10,REG,2024_10_CIN_BAL,CIN,BAL,0,0,0,0,0,0,0,0,0,0,0,0,11,17,264,3,11,0,0,0,,0,0,0,0,0,0,0,0,0,0,0,,0
00-0036912,DeVonta Smith,WR,2024,10,REG,2024_10_PHI_DAL,PHI,DAL,0,0,0,0,0,0,0,0,0,0,0,0,2,3,14,0,0,0,0,0,,0,0,0,0,0,0,0,0,0,0,0,,0
00-0036919,Kenny Gainwell,RB,2024,10,REG,2024_10_PHI_DAL,PHI,DAL,0,0,0,0,0,0,0,7,30,0,1,0,1,1,9,0,0,0,0,0,,0,0,0,0,0,0,0,0,0,0,0,,0
00-0036963,Amon-Ra St. Brown,WR,2024,10,REG,2024_10_DET_HOU,DET,HOU,0,0,0,0,0,0,0,0,0,0,0,0,6,8,60,1,4,0,0,0,,0,0,0,0,0,0,0,0,0,0,0,,0
00-0036970,Kyle Pitts,TE,2024,10,REG,2024_10_ATL_NO,ATL,NO,0,0,0,0,0,0,0,0,0,0,0,0,4,6,55,0,1,0,0,0,,0,0,0,0,0,0,0,0,0,0,0,,0
00-0036972,Mac Jones,QB,2024,10,REG,2024_10_MIN_JAX,JAX,MIN,14,22,111,0,2,3,-24,5,8,1,2,1,0,0,0,0,0,0,0,0,,0,0,0,0,0,0,0,0,0,0,0,,0
00-0036973,Travis Etienne,RB,2024,10,REG,2024_10_MIN_JAX,JAX,MIN,0,0,0,0,0,0,0,11,44,0,2,0,1,1,-1,0,0,0,0,0,,0,0,0,0,0,0,0,0,0,0,0,,0
00-0036984,Trey Sermon,RB,2024,10,REG,2024_10_BUF_IND,IND,BUF,0,0,0,0,0,0,0,0,0,0,0,0,1,1,4,0,0,0,0,0,,0,0,0,0,0,0,0,0,0,0,0,,0
00-0036988,Josh Palmer,WR,2024,10,REG,2024_10_TEN_LAC,LAC,TEN,0,0,0,0,0,0,0,0,0,0,0,0,1,2,36,0,1,0,0,0,,0,0,0,0,0,0,0,0,0,0,0,,0
00-0036997,Javonte Williams,RB,2024,10,REG,2024_10_DEN_KC,DEN,KC,0,0,0,0,0,0,0,1,1,0,0,0,2,2,6,0,0,0,0,0,,0,0,0,0,0,0,0,0,0,0,0,,0
00-0037012,Trey Lance,QB,2024,10,REG,2024_10_PHI_DAL,DAL,PHI,4,6,21,0,1,2,-7,3,17,0,2,0,0,0,0,0,0,0,0,0,,0,0,0,0,0,0,0,0,0,0,0,,0
00-0037086,Grant Calcaterra,TE,2024,10,REG,2024_10_PHI_DAL,PHI,DAL,0,0,0,0,0,0,0,0,0,0,0,0,0,1,0,0,0,0,0,0,,0,0,0,0,0,0,0,0,0,0,0,,0
00-0037097,Trenton Gill,P,2024,10,REG,2024_10_SF_TB,TB,SF,0,0,0,0,0,0,0,0,0,0,0,0,0,0,0,0,0,0,0,0,,0,0,0,0,0,0,0,0,6,273,237,50,2
00-0037120,Tyler Goodson,RB,2024,10,REG,2024_10_BUF_IND,IND,BUF,0,0,0,0,0,0,0,0,0,0,0,0,2,3,9,1,1,0,0,0,,0,0,0,0,0,0,0,0,0,0,0,,0
00-0037216,Justyn Ross,WR,2024,10,REG,2024_10_DEN_KC,KC,DEN,0,0,0,0,0,0,0,0,0,0,0,0,0,1,0,0,0,0,0,0,,0,0,0,0,0,0,0,0,0,0,0,,0
00-0037224,Cameron Dicker,K,2024,10,REG,2024_10_TEN_LAC,LAC,TEN,0,0,0,0,0,0,0,0,0,0,0,0,0,0,0,0,0,0,2,2,37,0,1,1,0,0,0,3,3,0,0,0,,0
00-0037228,Jaylen Warren,RB,2024,10,REG,2024_10_PIT_WAS,PIT,WAS,0,0,0,0,0,0,0,14,66,0,4,1,2,2,29,0,1,0,0,0,,0,0,0,0,0,0,0,0,0,0,0,,0
00-0037231,Kevin Austin Jr.,WR,2024,10,REG,2024_10_ATL_NO,NO,ATL,0,0,0,0,0,0,0,0,0,0,0,0,2,2,36,0,2,0,0,0,,0,0,0,0,0,0,0,0,0,0,0,,0
00-0037238,Drake London,WR,2024,10,REG,2024_10_ATL_NO,ATL,NO,0,0,0,0,0,0,0,0,0,0,0,0,8,13,97,0,6,0,0,0,,0,0,0,0,0,0,0,0,0,0,0,,0
00-0037240,Jameson Williams,WR,2024,10,REG,2024_10_DET_HOU,DET,HOU,0,0,0,0,0,0,0,0,0,0,0,0,3,5,53,0,3,0,0,0,,0,0,0,0,0,0,0,0,0,0,0,,0
00-0037247,George Pickens,WR,2024,10,REG,2024_10_PIT_WAS,PIT,WAS,0,0,0,0,0,0,0,1,4,0,0,0,5,7,91,1,4,0,0,0,,0,0,0,0,0,0,0,0,0,0,0,,0
00-0037248,James Cook,RB,2024,10,REG,2024_10_BUF_IND,BUF,IND,0,0,0,0,0,0,0,19,80,1,4,0,1,3,5,0,0,0,0,0,,0,0,0,0,0,0,0,0,0,0,0,,0
00-0037256,Rachaad White,RB,2024,10,REG,2024_10_SF_TB,TB,SF,0,0,0,0,0,0,0,10,31,0,2,0,6,7,39,1,3,0,0,0,,0,0,0,0,0,0,0,0,0,0,0,,0
00-0037261,Khalil Shakir,WR,2024,10,REG,2024_10_BUF_IND,BUF,IND,0,0,0,0,0,0,0,0,0,0,0,0,6,9,58,0,2,0,0,0,,0,0,0,0,0,0,0,0,0,0,0,,0
00-0037263,Tyler Allgeier,RB,2024,10,REG,2024_10_ATL_NO,ATL,NO,0,0,0,0,0,0,0,11,59,0,3,0,0,0,0,0,0,0,0,0,,0,0,0,0,0,0,0,0,0,0,0,,0
00-0037276,Ty Chandler,RB,2024,10,REG,2024_10_MIN_JAX,MIN,JAX,0,0,0,0,0,0,0,4,18,0,1,0,0,0,0,0,0,0,0,0,,0,0,0,0,0,0,0,0,0,0,0,,0
00-0037284,Matt Araiza,P,2024,10,REG,2024_10_DEN_KC,KC,DEN,0,0,0,0,0,0,0,0,0,0,0,0,0,0,0,0,0,0,0,0,,0,0,0,0,0,0,0,0,4,213,145,64,1
00-0037291,Jalen Nailor,WR,2024,10,REG,2024_10_MIN_JAX,MIN,JAX,0,0,0,0,0,0,0,1,-7,0,0,0,1,3,11,0,1,0,0,0,,0,0,0,0,0,0,0,0,0,0,0,,0
00-0037292,Andrew Ogletree,TE,2024,10,REG,2024_10_BUF_IND,IND,BUF,0,0,0,0,0,0,0,0,0,0,0,0,1,1,2,0,0,0,0,0,,0,0,0,0,0,0,0,0,0,0,0,,0
00-0037500,Ryan Wright,P,2024,10,REG,2024_10_MIN_JAX,MIN,JAX,0,0,0,0,0,0,0,0,0,0,0,0,0,0,0,0,0,0,0,0,,0,0,0,0,0,0,0,0,2,72,72,43,1
00-0037525,Jordan Mason,RB,2024,10,REG,2024_10_SF_TB,SF,TB,0,0,0,0,0,0,0,1,5,0,0,0,0,0,0,0,0,0,0,0,,0,0,0,0,0,0,0,0,0,0,0,,0
00-0037539,Lucas Krull,TE,2024,10,REG,2024_10_DEN_KC,DEN,KC,0,0,0,0,0,0,0,0,0,0,0,0,2,2,21,0,2,0,0,0,,0,0,0,0,0,0,0,0,0,0,0,,0
00-0037542,John Parker Romo,K,2024,10,REG,2024_10_MIN_JAX,MIN,JAX,0,0,0,0,0,0,0,0,0,0,0,0,0,0,0,0,0,0,4,4,45,0,1,2,1,0,0,0,0,0,0,0,,0
00-0037569,Peyton Hendershot,TE,2024,10,REG,2024_10_DEN_KC,KC,DEN,0,0,0,0,0,0,0,0,0,0,0,0,1,1,6,0,0,0,0,0,,0,0,0,0,0,0,0,0,0,0,0,,0
00-0037607,Ryan Stonehouse,P,2024,10,REG,2024_10_TEN_LAC,TEN,LAC,0,0,0,0,0,0,0,0,0,0,0,0,0,0,0,0,0,0,0,0,,0,0,0,0,0,0,0,0,4,214,200,58,3
00-0037614,John Metchie III,WR,2024,10,REG,2024_10_DET_HOU,HOU,DET,0,0,0,0,0,0,0,0,0,0,0,0,5,6,74,1,4,0,0,0,,0,0,0,0,0,0,0,0,0,0,0,,0
00-0037617,Hassan Haskins,RB,2024,10,REG,2024_10_TEN_LAC,LAC,TEN,0,0,0,0,0,0,0,2,4,1,2,0,0,0,0,0,0,0,0,0,,0,0,0,0,0,0,0,0,0,0,0,,0
00-0037664,Alec Pierce,WR,2024,10,REG,2024_10_BUF_IND,IND,BUF,0,0,0,0,0,0,0,0,0,0,0,0,4,7,81,1,4,0,0,0,,0,0,0,0,0,0,0,0,0,0,0,,0
00-0037666,Jalen Tolbert,WR,2024,10,REG,2024_10_PHI_DAL,DAL,PHI,0,0,0,0,0,0,0,0,0,0,0,0,3,5,14,0,0,0,0,0,,0,0,0,0,0,0,0,0,0,0,0,,0
00-0037692,Brandon Aubrey,K,2024,10,REG,2024_10_PHI_DAL,DAL,PHI,0,0,0,0,0,0,0,0,0,0,0,0,0,0,0,0,0,0,2,2,46,0,1,0,1,0,0,0,0,0,0,0,,0
00-0037740,Garrett Wilson,WR,2024,10,REG,2024_10_NYJ_ARI,NYJ,ARI,0,0,0,0,0,0,0,0,0,0,0,0,5,6,41,0,5,0,0,0,,0,0,0,0,0,0,0,0,0,0,0,,0
00-0037741,Jahan Dotson,WR,2024,10,REG,2024_10_PHI_DAL,PHI,DAL,0,0,0,0,0,0,0,0,0,0,0,0,1,1,27,0,1,0,0,0,,0,0,0,0,0,0,0,0,0,0,0,,0
00-0037744,Trey McBride,TE,2024,10,REG,2024_10_NYJ_ARI,ARI,NYJ,0,0,0,0,0,0,0,0,0,0,0,0,4,5,71,0,4,0,0,0,,0,0,0,0,0,0,0,0,0,0,0,,0
00-0037805,Jeremy Ruckert,TE,2024,10,REG,2024_10_NYJ_ARI,NYJ,ARI,0,0,0,0,0,0,0,0,0,0,0,0,2,2,17,0,1,0,0,0,,0,0,0,0,0,0,0,0,0,0,0,,0
00-0037809,Chig Okonkwo,TE,2024,10,REG,2024_10_TEN_LAC,TEN,LAC,0,0,0,0,0,0,0,0,0,0,0,0,1,1,14,0,1,0,0,0,,0,0,0,0,0,0,0,0,0,0,0,,0
00-0037834,Brock Purdy,QB,2024,10,REG,2024_10_SF_TB,SF,TB,25,36,353,2,0,3,-15,4,17,0,1,0,0,0,0,0,0,0,0,0,,0,0,0,0,0,0,0,0,0,0,0,,0
00-0037837,Calvin Austin III,WR,2024,10,REG,2024_10_PIT_WAS,PIT,WAS,0,0,0,0,0,0,0,0,0,0,0,0,2,6,20,0,0,0,0,0,,0,0,0,0,0,0,0,0,0,0,0,,0
00-0037840,Kyren Williams,RB,2024,10,REG,2024_10_MIA_LA,LA,MIA,0,0,0,0,0,0,0,15,62,0,4,1,5,6,20,0,2,0,0,0,,0,0,0,0,0,0,0,0,0,0,0,,0
00-0038041,Jake Ferguson,TE,2024,10,REG,2024_10_PHI_DAL,DAL,PHI,0,0,0,0,0,0,0,0,0,0,0,0,4,5,24,0,1,1,0,0,,0,0,0,0,0,0,0,0,0,0,0,,0
00-0038046,Charlie Kolar,TE,2024,10,REG,2024_10_CIN_BAL,BAL,CIN,0,0,0,0,0,0,0,0,0,0,0,0,1,1,4,0,0,0,0,0,,0,0,0,0,0,0,0,0,0,0,0,,0
00-0038094,Jordan Stout,P,2024,10,REG,2024_10_CIN_BAL,BAL,CIN,0,0,0,0,0,0,0,0,0,0,0,0,0,0,0,0,0,0,0,0,,0,0,0,0,0,0,0,0,5,231,235,54,2
00-0038102,Kenny Pickett,QB,2024,10,REG,2024_10_PHI_DAL,PHI,DAL,1,2,5,0,0,0,0,1,1,0,1,0,0,0,0,0,0,0,0,0,,0,0,0,0,0,0,0,0,0,0,0,,0
00-0038117,Wan'Dale Robinson,WR,2024,10,REG,2024_10_NYG_CAR,NYG,CAR,0,0,0,0,0,0,0,0,0,0,0,0,5,8,51,0,4,0,0,0,,0,0,0,0,0,0,0,0,0,0,0,,0
00-0038120,Breece Hall,RB,2024,10,REG,2024_10_NYJ_ARI,NYJ,ARI,0,0,0,0,0,0,0,10,52,0,2,0,4,4,31,0,1,0,0,0,,0,0,0,0,0,0,0,0,0,0,0,,0
00-0038129,Cade Otton,TE,2024,10,REG,2024_10_SF_TB,TB,SF,0,0,0,0,0,0,0,0,0,0,0,0,5,8,35,0,3,0,0,0,,0,0,0,0,0,0,0,0,0,0,0,,0
00-0038394,Will Mallory,TE,2024,10,REG,2024_10_BUF_IND,IND,BUF,0,0,0,0,0,0,0,0,0,0,0,0,1,1,10,0,0,0,0,0,,0,0,0,0,0,0,0,0,0,0,0,,0
00-0038496,Xavier Gipson,WR,2024,10,REG,2024_10_NYJ_ARI,NYJ,ARI,0,0,0,0,0,0,0,0,0,0,0,0,0,1,0,0,0,0,0,0,,0,0,0,0,0,0,0,0,0,0,0,,0
00-0038542,Bijan Robinson,RB,2024,10,REG,2024_10_ATL_NO,ATL,NO,0,0,0,0,0,0,0,20,116,2,6,0,3,4,28,0,0,0,0,0,,0,0,0,0,0,0,0,0,0,0,0,,0
00-0038544,Quentin Johnston,WR,2024,10,REG,2024_10_TEN_LAC,LAC,TEN,0,0,0,0,0,0,0,0,0,0,0,0,2,2,24,1,1,0,0,0,,0,0,0,0,0,0,0,0,0,0,0,,0
00-0038547,Luke Schoonmaker,TE,2024,10,REG,2024_10_PHI_DAL,DAL,PHI,0,0,0,0,0,0,0,0,0,0,0,0,0,1,0,0,0,0,0,0,,0,0,0,0,0,0,0,0,0,0,0,,0
00-0038555,Tank Bigsby,RB,2024,10,REG,2024_10_MIN_JAX,JAX,MIN,0,0,0,0,0,0,0,2,4,0,0,0,0,0,0,0,0,0,0,0,,0,0,0,0,0,0,0,0,0,0,0,,0
00-0038558,Darnell Washington,TE,2024,10,REG,2024_10_PIT_WAS,PIT,WAS,0,0,0,0,0,0,0,0,0,0,0,0,1,3,6,0,0,0,0,0,,0,0,0,0,0,0,0,0,0,0,0,,0
00-0038559,Michael Wilson,WR,2024,10,REG,2024_10_NYJ_ARI,ARI,NYJ,0,0,0,0,0,0,0,0,0,0,0,0,3,4,24,0,2,0,0,0,,0,0,0,0,0,0,0,0,0,0,0,,0
00-0038562,Jake Moody,K,2024,10,REG,2024_10_SF_TB,SF,TB,0,0,0,0,0,0,0,0,0,0,0,0,0,0,0,0,0,0,3,6,44,0,1,1,1,0,0,2,2,0,0,0,,0
00-0038567,Chad Ryland,K,2024,10,REG,2024_10_NYJ_ARI,ARI,NYJ,0,0,0,0,0,0,0,0,0,0,0,0,0,0,0,0,0,0,1,1,37,0,0,1,0,0,0,4,4,0,0,0,,0
00-0038573,Derius Davis,WR,2024,10,REG,2024_10_TEN_LAC,LAC,TEN,0,0,0,0,0,0,0,1,6,0,0,0,1,1,17,0,1,0,0,0,,0,0,0,0,0,0,0,0,0,0,0,,0
00-0038582,Clayton Tune,QB,2024,10,REG,2024_10_NYJ_ARI,ARI,NYJ,0,0,0,0,0,0,0,1,-1,0,0,0,0,0,0,0,0,0,0,0,,0,0,0,0,0,0,0,0,0,0,0,,0
00-0038589,Josh Whyle,TE,2024,10,REG,2024_10_TEN_LAC,TEN,LAC,0,0,0,0,0,0,0,0,0,0,0,0,0,1,0,0,0,0,0,0,,0,0,0,0,0,0,0,0,0,0,0,,0
00-0038597,Chase Brown,RB,2024,10,REG,2024_10_CIN_BAL,CIN,BAL,0,0,0,0,0,0,0,13,42,1,1,1,9,11,52,0,3,0,0,0,,0,0,0,0,0,0,0,0,0,0,0,,0
00-0038608,Kayshon Boutte,WR,2024,10,REG,2024_10_NE_CHI,NE,CHI,0,0,0,0,0,0,0,0,0,0,0,0,4,6,47,0,2,0,0,0,,0,0,0,0,0,0,0,0,0,0,0,,0
00-0038610,Bryce Baringer,P,2024,10,REG,2024_10_NE_CHI,NE,CHI,0,0,0,0,0,0,0,0,0,0,0,0,0,0,0,0,0,0,0,0,,0,0,0,0,0,0,0,0,5,285,207,75,1
00-0038611,Chris Rodriguez Jr.,RB,2024,10,REG,2024_10_PIT_WAS,WAS,PIT,0,0,0,0,0,0,0,2,4,0,0,0,0,0,0,0,0,0,0,0,,0,0,0,0,0,0,0,0,0,0,0,,0
00-0038618,Xavier Hutchinson,WR,2024,10,REG,2024_10_DET_HOU,HOU,DET,0,0,0,0,0,0,0,0,0,0,0,0,2,4,6,0,1,0,0,0,,0,0,0,0,0,0,0,0,0,0,0,,0
00-0038619,Andrei Iosivas,WR,2024,10,REG,2024_10_CIN_BAL,CIN,BAL,0,0,0,0,0,0,0,0,0,0,0,0,2,4,29,0,2,0,0,0,,0,0,0,0,0,0,0,0,0,0,0,,0
00-0038621,DeMario Douglas,WR,2024,10,REG,2024_10_NE_CHI,NE,CHI,0,0,0,0,0,0,0,0,0,0,0,0,4,5,50,0,2,0,0,0,,0,0,0,0,0,0,0,0,0,0,0,,0
00-0038640,Jalen Brooks,WR,2024,10,REG,2024_10_PHI_DAL,DAL,PHI,0,0,0,0,0,0,0,0,0,0,0,0,1,4,4,0,0,0,0,0,,0,0,0,0,0,0,0,0,0,0,0,,0
00-0038678,Jordan Mims,RB,2024,10,REG,2024_10_ATL_NO,NO,ATL,0,0,0,0,0,0,0,2,10,0,1,0,1,2,4,0,0,0,0,0,,0,0,0,0,0,0,0,0,0,0,0,,0
00-0038705,Emari Demercado,RB,2024,10,REG,2024_10_NYJ_ARI,ARI,NYJ,0,0,0,0,0,0,0,3,22,0,1,0,0,0,0,0,0,0,0,0,,0,0,0,0,0,0,0,0,0,0,0,,0
00-0038720,Julian Hill,TE,2024,10,REG,2024_10_MIA_LA,MIA,LA,0,0,0,0,0,0,0,0,0,0,0,0,0,1,0,0,0,0,0,0,,0,0,0,0,0,0,0,0,0,0,0,,0
00-0038738,Hunter Luepke,RB,2024,10,REG,2024_10_PHI_DAL,DAL,PHI,0,0,0,0,0,0,0,0,0,0,0,0,0,1,0,0,0,0,0,0,,0,0,0,0,0,0,0,0,0,0,0,,0
00-0038794,Jaleel McLaughlin,RB,2024,10,REG,2024_10_DEN_KC,DEN,KC,0,0,0,0,0,0,0,2,12,0,0,0,0,0,0,0,0,0,0,0,,0,0,0,0,0,0,0,0,0,0,0,,0
00-0038821,Rakim Jarrett,WR,2024,10,REG,2024_10_SF_TB,TB,SF,0,0,0,0,0,0,0,0,0,0,0,0,2,4,10,0,0,0,0,0,,0,0,0,0,0,0,0,0,0,0,0,,0
00-0038824,Ryan Miller,WR,2024,10,REG,2024_10_SF_TB,TB,SF,0,0,0,0,0,0,0,0,0,0,0,0,1,3,11,0,1,0,0,0,,0,0,0,0,0,0,0,0,0,0,0,,0
00-0038905,Blake Grupe,K,2024,10,REG,2024_10_ATL_NO,NO,ATL,0,0,0,0,0,0,0,0,0,0,0,0,0,0,0,0,0,0,2,2,38,0,1,1,0,0,0,2,2,0,0,0,,0
00-0038933,Dalton Kincaid,TE,2024,10,REG,2024_10_BUF_IND,BUF,IND,0,0,0,0,0,0,0,0,0,0,0,0,2,5,24,0,1,0,0,0,,0,0,0,0,0,0,0,0,0,0,0,,0
00-0038935,Brenton Strange,TE,2024,10,REG,2024_10_MIN_JAX,JAX,MIN,0,0,0,0,0,0,0,0,0,0,0,0,2,3,25,0,1,0,0,0,,0,0,0,0,0,0,0,0,0,0,0,,0
00-0038938,Jalin Hyatt,WR,2024,10,REG,2024_10_NYG_CAR,NYG,CAR,0,0,0,0,0,0,0,0,0,0,0,0,4,4,39,0,2,0,0,0,,0,0,0,0,0,0,0,0,0,0,0,,0
00-0038976,Marvin Mims Jr.,WR,2024,10,REG,2024_10_DEN_KC,DEN,KC,0,0,0,0,0,0,0,3,17,0,1,0,4,4,13,0,0,0,0,0,,0,0,0,0,0,0,0,0,0,0,0,,0
00-0038977,Tank Dell,WR,2024,10,REG,2024_10_DET_HOU,HOU,DET,0,0,0,0,0,0,0,1,-6,0,0,0,5,9,39,0,3,0,0,0,,0,0,0,0,0,0,0,0,0,0,0,,0
00-0038994,Jordan Addison,WR,2024,10,REG,2024_10_MIN_JAX,MIN,JAX,0,0,0,0,0,0,0,1,4,0,0,0,2,5,25,0,1,0,0,0,,0,0,0,0,0,0,0,0,0,0,0,,0
00-0038997,Josh Downs,WR,2024,10,REG,2024_10_BUF_IND,IND,BUF,0,0,0,0,0,0,0,0,0,0,0,0,7,10,72,0,3,0,0,0,,0,0,0,0,0,0,0,0,0,0,0,,0
00-0039021,Roschon Johnson,RB,2024,10,REG,2024_10_NE_CHI,CHI,NE,0,0,0,0,0,0,0,1,-4,0,0,0,1,2,5,0,0,0,0,0,,0,0,0,0,0,0,0,0,0,0,0,,0
00-0039032,Tyjae Spears,RB,2024,10,REG,2024_10_TEN_LAC,TEN,LAC,0,0,0,0,0,0,0,7,47,0,2,0,3,3,4,0,1,0,0,0,,0,0,0,0,0,0,0,0,0,0,0,,0
00-0039040,De'Von Achane,RB,2024,10,REG,2024_10_MIA_LA,MIA,LA,0,0,0,0,0,0,0,12,37,0,2,0,5,5,15,0,1,0,0,0,,0,0,0,0,0,0,0,0,0,0,0,,0
00-0039041,Elijah Higgins,TE,2024,10,REG,2024_10_NYJ_ARI,ARI,NYJ,0,0,0,0,0,0,0,0,0,0,0,0,2,2,13,0,1,0,0,0,,0,0,0,0,0,0,0,0,0,0,0,,0
00-0039052,Trey Palmer,WR,2024,10,REG,2024_10_SF_TB,TB,SF,0,0,0,0,0,0,0,0,0,0,0,0,0,1,0,0,0,0,0,0,,0,0,0,0,0,0,0,0,0,0,0,,0
00-0039059,Ethan Evans,P,2024,10,REG,2024_10_MIA_LA,LA,MIA,0,0,0,0,0,0,0,0,0,0,0,0,0,0,0,0,0,0,0,0,,0,0,0,0,0,0,0,0,3,148,127,51,2
00-0039064,Zay Flowers,WR,2024,10,REG,2024_10_CIN_BAL,BAL,CIN,0,0,0,0,0,0,0,0,0,0,0,0,4,6,34,0,2,0,0,0,,0,0,0,0,0,0,0,0,0,0,0,,0
00-0039065,Sam LaPorta,TE,2024,10,REG,2024_10_DET_HOU,DET,HOU,0,0,0,0,0,0,0,0,0,0,0,0,3,6,66,1,2,0,0,0,,0,0,0,0,0,0,0,0,0,0,0,,0
00-0039074,Davis Allen,TE,2024,10,REG,2024_10_MIA_LA,LA,MIA,0,0,0,0,0,0,0,0,0,0,0,0,5,6,34,0,2,0,0,0,,0,0,0,0,0,0,0,0,0,0,0,,0
00-0039075,Puka Nacua,WR,2024,10,REG,2024_10_MIA_LA,LA,MIA,0,0,0,0,0,0,0,0,0,0,0,0,9,14,98,0,5,0,0,0,,0,0,0,0,0,0,0,0,0,0,0,,0
00-0039139,Jahmyr Gibbs,RB,2024,10,REG,2024_10_DET_HOU,DET,HOU,0,0,0,0,0,0,0,19,71,0,3,0,2,3,37,0,1,0,0,0,,0,0,0,0,0,0,0,0,0,0,0,,0
00-0039150,Bryce Young,QB,2024,10,REG,2024_10_NYG_CAR,CAR,NYG,15,25,126,1,0,1,-8,2,30,0,1,0,0,0,0,0,0,0,0,0,,0,0,0,0,0,0,0,0,0,0,0,,0
00-0039152,Will Levis,QB,2024,10,REG,2024_10_TEN_LAC,TEN,LAC,18,23,175,2,0,7,-18,5,41,0,4,0,0,0,0,0,0,0,0,0,,0,0,0,0,0,0,0,0,0,0,0,,0
00-0039163,C.J. Stroud,QB,2024,10,REG,2024_10_DET_HOU,HOU,DET,19,33,232,1,2,4,-40,1,5,0,0,0,0,0,0,0,0,0,0,0,,0,0,0,0,0,0,0,0,0,0,0,,0
00-0039172,Jake Bates,K,2024,10,REG,2024_10_DET_HOU,DET,HOU,0,0,0,0,0,0,0,0,0,0,0,0,0,0,0,0,0,0,2,2,58,0,0,0,0,2,0,2,2,0,0,0,,0
00-0039236,Johnny Wilson,WR,2024,10,REG,2024_10_PHI_DAL,PHI,DAL,0,0,0,0,0,0,0,0,0,0,0,0,1,1,5,1,1,0,0,0,,0,0,0,0,0,0,0,0,0,0,0,,0
00-0039323,Ryan Rehkow,P,2024,10,REG,2024_10_CIN_BAL,CIN,BAL,0,0,0,0,0,0,0,0,0,0,0,0,0,0,0,0,0,0,0,0,,0,0,0,0,0,0,0,0,3,124,124,46,2
00-0039325,Carson Steele,RB,2024,10,REG,2024_10_DEN_KC,KC,DEN,0,0,0,0,0,0,0,2,3,0,0,0,0,0,0,0,0,0,0,0,,0,0,0,0,0,0,0,0,0,0,0,,0
00-0039337,Malik Nabers,WR,2024,10,REG,2024_10_NYG_CAR,NYG,CAR,0,0,0,0,0,0,0,1,-2,0,0,0,6,10,50,0,3,0,0,0,,0,0,0,0,0,0,0,0,0,0,0,,0
00-0039342,Xavier Legette,WR,2024,10,REG,2024_10_NYG_CAR,CAR,NYG,0,0,0,0,0,0,0,0,0,0,0,0,3,4,40,0,2,0,0,0,,0,0,0,0,0,0,0,0,0,0,0,,0
00-0039355,Luke McCaffrey,WR,2024,10,REG,2024_10_PIT_WAS,WAS,PIT,0,0,0,0,0,0,0,0,0,0,0,0,1,3,23,0,1,0,0,0,,0,0,0,0,0,0,0,0,0,0,0,,0
00-0039356,Ja'Tavion Sanders,TE,2024,10,REG,2024_10_NYG_CAR,CAR,NYG,0,0,0,0,0,0,0,0,0,0,0,0,2,2,8,1,1,0,0,0,,0,0,0,0,0,0,0,0,0,0,0,,0
00-0039359,Cade Stover,TE,2024,10,REG,2024_10_DET_HOU,HOU,DET,0,0,0,0,0,0,0,0,0,0,0,0,1,2,2,0,0,0,0,0,,0,0,0,0,0,0,0,0,0,0,0,,0
00-0039361,Bucky Irving,RB,2024,10,REG,2024_10_SF_TB,TB,SF,0,0,0,0,0,0,0,13,73,1,4,0,3,3,14,0,1,0,0,0,,0,0,0,0,0,0,0,0,0,0,0,,0
00-0039363,Isaac Guerendo,RB,2024,10,REG,2024_10_SF_TB,SF,TB,0,0,0,0,0,0,0,1,0,0,0,0,0,0,0,0,0,0,0,0,,0,0,0,0,0,0,0,0,0,0,0,,0
00-0039373,Audric Estimé,RB,2024,10,REG,2024_10_DEN_KC,DEN,KC,0,0,0,0,0,0,0,14,53,0,3,0,0,0,0,0,0,0,0,0,,0,0,0,0,0,0,0,0,0,0,0,,0
00-0039384,Tyrone Tracy Jr.,RB,2024,10,REG,2024_10_NYG_CAR,NYG,CAR,0,0,0,0,0,0,0,18,103,1,5,1,1,2,1,0,0,0,0,0,,0,0,0,0,0,0,0,0,0,0,0,,0
00-0039409,Cam Little,K,2024,10,REG,2024_10_MIN_JAX,JAX,MIN,0,0,0,0,0,0,0,0,0,0,0,0,0,0,0,0,0,0,0,0,,0,0,0,0,0,0,1,1,0,0,0,,0
00-0039424,Devaughn Vele,WR,2024,10,REG,2024_10_DEN_KC,DEN,KC,0,0,0,0,0,0,0,0,0,0,0,0,4,4,39,1,4,0,0,0,,0,0,0,0,0,0,0,0,0,0,0,,0
00-0039491,Jalen Coker,WR,2024,10,REG,2024_10_NYG_CAR,CAR,NYG,0,0,0,0,0,0,0,0,0,0,0,0,3,8,41,0,1,0,0,0,,0,0,0,0,0,0,0,0,0,0,0,,0
00-0039576,Spencer Shrader,K,2024,10,REG,2024_10_NYJ_ARI,NYJ,ARI,0,0,0,0,0,0,0,0,0,0,0,0,0,0,0,0,0,0,2,2,45,0,1,0,1,0,0,0,0,0,0,0,,0
00-0039611,Matthew Hayball,P,2024,10,REG,2024_10_ATL_NO,NO,ATL,0,0,0,0,0,0,0,0,0,0,0,0,0,0,0,0,0,0,0,0,,0,0,0,0,0,0,0,0,5,224,216,51,4
00-0039631,Cam Grandy,TE,2024,10,REG,2024_10_CIN_BAL,CIN,BAL,0,0,0,0,0,0,0,0,0,0,0,0,1,1,0,0,0,0,0,0,,0,0,0,0,0,0,0,0,0,0,0,,0
00-0039650,Bryce Oliver,WR,2024,10,REG,2024_10_TEN_LAC,TEN,LAC,0,0,0,0,0,0,0,0,0,0,0,0,2,2,23,0,1,0,0,0,,0,0,0,0,0,0,0,0,0,0,0,,0
00-0039732,Bo Nix,QB,2024,10,REG,2024_10_DEN_KC,DEN,KC,22,30,215,2,0,2,-33,3,-5,0,0,0,0,0,0,0,0,0,0,0,,0,0,0,0,0,0,0,0,0,0,0,,0
00-0039738,Blake Corum,RB,2024,10,REG,2024_10_MIA_LA,LA,MIA,0,0,0,0,0,0,0,2,8,0,0,0,1,1,7,0,1,0,0,0,,0,0,0,0,0,0,0,0,0,0,0,,0
00-0039745,Tory Taylor,P,2024,10,REG,2024_10_NE_CHI,CHI,NE,0,0,0,0,0,0,0,0,0,0,0,0,0,0,0,0,0,0,0,0,,0,0,0,0,0,0,0,0,8,335,270,62,2
00-0039746,Will Shipley,RB,2024,10,REG,2024_10_PHI_DAL,PHI,DAL,0,0,0,0,0,0,0,9,34,0,1,0,0,0,0,0,0,0,0,0,,0,0,0,0,0,0,0,0,0,0,0,,0
00-0039747,Ainias Smith,WR,2024,10,REG,2024_10_PHI_DAL,PHI,DAL,0,0,0,0,0,0,0,0,0,0,0,0,2,2,6,0,0,0,0,0,,0,0,0,0,0,0,0,0,0,0,0,,0
00-0039750,Joshua Karty,K,2024,10,REG,2024_10_MIA_LA,LA,MIA,0,0,0,0,0,0,0,0,0,0,0,0,0,0,0,0,0,0,5,6,55,0,1,2,0,2,0,0,0,0,0,0,,0
00-0039794,Braelon Allen,RB,2024,10,REG,2024_10_NYJ_ARI,NYJ,ARI,0,0,0,0,0,0,0,7,27,0,3,0,1,1,7,0,0,0,0,0,,0,0,0,0,0,0,0,0,0,0,0,,0
00-0039798,Isaiah Davis,RB,2024,10,REG,2024_10_NYJ_ARI,NYJ,ARI,0,0,0,0,0,0,0,0,0,0,0,0,1,1,10,0,1,0,0,0,,0,0,0,0,0,0,0,0,0,0,0,,0
00-0039810,Jermaine Burton,WR,2024,10,REG,2024_10_CIN_BAL,CIN,BAL,0,0,0,0,0,0,0,0,0,0,0,0,1,5,11,0,1,0,0,0,,0,0,0,0,0,0,0,0,0,0,0,,0
00-0039847,Theo Johnson,TE,2024,10,REG,2024_10_NYG_CAR,NYG,CAR,0,0,0,0,0,0,0,0,0,0,0,0,4,6,37,0,3,0,0,0,,0,0,0,0,0,0,0,0,0,0,0,,0
00-0039849,Marvin Harrison Jr.,WR,2024,10,REG,2024_10_NYJ_ARI,ARI,NYJ,0,0,0,0,0,0,0,0,0,0,0,0,5,5,54,1,3,0,0,0,,0,0,0,0,0,0,0,0,0,0,0,,0
00-0039851,Drake Maye,QB,2024,10,REG,2024_10_NE_CHI,NE,CHI,15,25,184,1,1,1,0,4,24,0,1,0,0,0,0,0,0,0,0,0,,0,0,0,0,0,0,0,0,0,0,0,,0
00-0039868,Troy Franklin,WR,2024,10,REG,2024_10_DEN_KC,DEN,KC,0,0,0,0,0,0,0,0,0,0,0,0,1,3,9,0,0,0,0,0,,0,0,0,0,0,0,0,0,0,0,0,,0
00-0039874,Jaylen Wright,RB,2024,10,REG,2024_10_MIA_LA,MIA,LA,0,0,0,0,0,0,0,5,3,0,0,0,0,0,0,0,0,0,0,0,,0,0,0,0,0,0,0,0,0,0,0,,0
00-0039875,Ray Davis,RB,2024,10,REG,2024_10_BUF_IND,BUF,IND,0,0,0,0,0,0,0,3,6,0,0,0,0,0,0,0,0,0,0,0,,0,0,0,0,0,0,0,0,0,0,0,,0
00-0039880,Malik Washington,WR,2024,10,REG,2024_10_MIA_LA,MIA,LA,0,0,0,0,0,0,0,1,18,1,1,0,1,2,17,0,1,0,0,0,,0,0,0,0,0,0,0,0,0,0,0,,0
00-0039890,Adonai Mitchell,WR,2024,10,REG,2024_10_BUF_IND,IND,BUF,0,0,0,0,0,0,0,0,0,0,0,0,6,6,71,0,5,0,0,0,,0,0,0,0,0,0,0,0,0,0,0,,0
00-0039893,Brian Thomas Jr.,WR,2024,10,REG,2024_10_MIN_JAX,JAX,MIN,0,0,0,0,0,0,0,0,0,0,0,0,2,3,12,0,1,0,0,0,,0,0,0,0,0,0,0,0,0,0,0,,0
00-0039894,Xavier Worthy,WR,2024,10,REG,2024_10_DEN_KC,KC,DEN,0,0,0,0,0,0,0,0,0,0,0,0,1,4,11,0,1,0,0,0,,0,0,0,0,0,0,0,0,0,0,0,,0
00-0039907,Ja'Lynn Polk,WR,2024,10,REG,2024_10_NE_CHI,NE,CHI,0,0,0,0,0,0,0,0,0,0,0,0,1,1,2,1,1,0,0,0,,0,0,0,0,0,0,0,0,0,0,0,,0
00-0039910,Jayden Daniels,QB,2024,10,REG,2024_10_PIT_WAS,WAS,PIT,17,34,202,0,0,3,-20,3,5,0,0,0,0,0,0,0,0,0,0,0,,0,0,0,0,0,0,0,0,0,0,0,,0
00-0039915,Ladd McConkey,WR,2024,10,REG,2024_10_TEN_LAC,LAC,TEN,0,0,0,0,0,0,0,0,0,0,0,0,2,2,52,0,2,0,0,0,,0,0,0,0,0,0,0,0,0,0,0,,0
00-0039916,Ricky Pearsall,WR,2024,10,REG,2024_10_SF_TB,SF,TB,0,0,0,0,0,0,0,0,0,0,0,0,4,6,73,1,3,0,0,0,,0,0,0,0,0,0,0,0,0,0,0,,0
00-0039918,Caleb Williams,QB,2024,10,REG,2024_10_NE_CHI,CHI,NE,16,30,120,0,0,9,-51,2,15,0,2,0,0,0,0,0,0,0,0,0,,0,0,0,0,0,0,0,0,0,0,0,,0
00-0039919,Rome Odunze,WR,2024,10,REG,2024_10_NE_CHI,CHI,NE,0,0,0,0,0,0,0,0,0,0,0,0,3,6,23,0,2,0,0,0,,0,0,0,0,0,0,0,0,0,0,0,,0
00-0039920,Malachi Corley,WR,2024,10,REG,2024_10_NYJ_ARI,NYJ,ARI,0,0,0,0,0,0,0,0,0,0,0,0,1,2,2,0,1,0,0,0,,0,0,0,0,0,0,0,0,0,0,0,,0
00-0039921,Trey Benson,RB,2024,10,REG,2024_10_NYJ_ARI,ARI,NYJ,0,0,0,0,0,0,0,10,62,0,3,0,2,2,25,0,2,0,0,0,,0,0,0,0,0,0,0,0,0,0,0,,0
00-0023459,Aaron Rodgers,QB,2024,11,REG,2024_11_IND_NYJ,NYJ,IND,22,29,184,2,0,3,-22,1,7,0,0,0,0,0,0,0,0,0,0,0,,0,0,0,0,0,0,0,0,0,0,0,,0
00-0025565,Nick Folk,K,2024,11,REG,2024_11_MIN_TEN,TEN,MIN,0,0,0,0,0,0,0,0,0,0,0,0,0,0,0,0,0,0,2,2,43,0,0,1,1,0,0,1,1,0,0,0,,0
00-0026498,Matthew Stafford,QB,2024,11,REG,2024_11_LA_NE,LA,NE,18,27,295,4,0,0,0,4,0,0,1,0,0,0,0,0,0,0,0,0,,0,0,0,0,0,0,0,0,0,0,0,,0
00-0027114,Thomas Morstead,P,2024,11,REG,2024_11_IND_NYJ,NYJ,IND,0,0,0,0,0,0,0,0,0,0,0,0,0,0,0,0,0,0,0,0,,0,0,0,0,0,0,0,0,5,277,220,63,1
00-0029263,Russell Wilson,QB,2024,11,REG,2024_11_BAL_PIT,PIT,BAL,23,36,205,0,1,4,-24,4,1,0,0,0,0,0,0,0,0,0,0,0,,0,0,0,0,0,0,0,0,0,0,0,,0
00-0029597,Justin Tucker,K,2024,11,REG,2024_11_BAL_PIT,BAL,PIT,0,0,0,0,0,0,0,0,0,0,0,0,0,0,0,0,0,0,1,3,54,0,0,0,0,1,0,1,1,0,0,0,,0
00-0029604,Kirk Cousins,QB,2024,11,REG,2024_11_ATL_DEN,ATL,DEN,18,27,173,0,1,3,-21,1,0,0,0,0,0,0,0,0,0,0,0,0,,0,0,0,0,0,0,0,0,0,0,0,,0
00-0029692,Bryan Anger,P,2024,11,REG,2024_11_HOU_DAL,DAL,HOU,1,1,4,0,0,0,0,0,0,0,0,0,0,0,0,0,0,0,0,0,,0,0,0,0,0,0,0,0,2,82,82,42,1
00-0029822,Brandon McManus,K,2024,11,REG,2024_11_GB_CHI,GB,CHI,0,0,0,0,0,0,0,0,0,0,0,0,0,0,0,0,0,0,0,0,,0,0,0,0,0,0,2,2,0,0,0,,0
00-0029892,Kyle Juszczyk,FB,2024,11,REG,2024_11_SEA_SF,SF,SEA,0,0,0,0,0,0,0,0,0,0,0,0,2,2,12,0,0,0,0,0,,0,0,0,0,0,0,0,0,0,0,0,,0
00-0030061,Zach Ertz,TE,2024,11,REG,2024_11_WAS_PHI,WAS,PHI,0,0,0,0,0,0,0,0,0,0,0,0,6,7,47,1,5,0,0,0,,0,0,0,0,0,0,0,0,0,0,0,,0
00-0030092,Sam Martin,P,2024,11,REG,2024_11_KC_BUF,BUF,KC,0,0,0,0,0,0,0,0,0,0,0,0,0,0,0,0,0,0,0,0,,0,0,0,0,0,0,0,0,3,126,118,47,2
00-0030098,Dustin Hopkins,K,2024,11,REG,2024_11_CLE_NO,CLE,NO,0,0,0,0,0,0,0,0,0,0,0,0,0,0,0,0,0,0,0,2,,0,0,0,0,0,0,0,0,0,0,0,,0
00-0030140,Tress Way,P,2024,11,REG,2024_11_WAS_PHI,WAS,PHI,0,0,0,0,0,0,0,0,0,0,0,0,0,0,0,0,0,0,0,0,,0,0,0,0,0,0,0,0,5,221,201,51,2
00-0030279,Keenan Allen,WR,2024,11,REG,2024_11_GB_CHI,CHI,GB,0,0,0,0,0,0,0,0,0,0,0,0,4,8,41,0,2,0,0,0,,0,0,0,0,0,0,0,0,0,0,0,,0
00-0030431,Robert Woods,WR,2024,11,REG,2024_11_HOU_DAL,HOU,DAL,0,0,0,0,0,0,0,0,0,0,0,0,2,2,13,0,1,0,0,0,,0,0,0,0,0,0,0,0,0,0,0,,0
00-0030506,Travis Kelce,TE,2024,11,REG,2024_11_KC_BUF,KC,BUF,0,0,0,0,0,0,0,0,0,0,0,0,2,4,8,0,0,0,0,0,,0,0,0,0,0,0,0,0,0,0,0,,0
00-0030564,DeAndre Hopkins,WR,2024,11,REG,2024_11_KC_BUF,KC,BUF,0,0,0,0,0,0,0,0,0,0,0,0,3,4,29,0,2,0,0,0,,0,0,0,0,0,0,0,0,0,0,0,,0
00-0030565,Geno Smith,QB,2024,11,REG,2024_11_SEA_SF,SEA,SF,25,32,221,0,1,4,-26,4,29,1,2,0,0,0,0,0,0,0,0,0,,0,0,0,0,0,0,0,0,0,0,0,,0
00-0030578,Cordarrelle Patterson,RB,2024,11,REG,2024_11_BAL_PIT,PIT,BAL,0,0,0,0,0,0,0,1,0,0,0,0,1,1,0,0,0,0,0,0,,0,0,0,0,0,0,0,0,0,0,0,,0
00-0031079,Pat O'Donnell,P,2024,11,REG,2024_11_SEA_SF,SF,SEA,0,0,0,0,0,0,0,0,0,0,0,0,0,0,0,0,0,0,0,0,,0,0,0,0,0,0,0,0,3,123,103,43,1
00-0031136,Chris Boswell,K,2024,11,REG,2024_11_BAL_PIT,PIT,BAL,0,0,0,0,0,0,0,0,0,0,0,0,0,0,0,0,0,0,6,6,57,0,1,2,0,3,0,0,0,0,0,0,,0
00-0031203,Cairo Santos,K,2024,11,REG,2024_11_GB_CHI,CHI,GB,0,0,0,0,0,0,0,0,0,0,0,0,0,0,0,0,0,0,2,3,53,0,1,0,0,1,0,1,1,0,0,0,,0
00-0031235,Odell Beckham Jr.,WR,2024,11,REG,2024_11_LV_MIA,MIA,LV,0,0,0,0,0,0,0,0,0,0,0,0,2,4,13,0,1,0,0,0,,0,0,0,0,0,0,0,0,0,0,0,,0
00-0031280,Derek Carr,QB,2024,11,REG,2024_11_CLE_NO,NO,CLE,21,27,248,2,0,1,-7,1,8,0,1,0,0,0,0,0,0,0,0,0,,0,0,0,0,0,0,0,0,0,0,0,,0
00-0031381,Davante Adams,WR,2024,11,REG,2024_11_IND_NYJ,NYJ,IND,0,0,0,0,0,0,0,0,0,0,0,0,6,7,72,0,3,0,0,0,,0,0,0,0,0,0,0,0,0,0,0,,0
00-0031428,Allen Robinson,WR,2024,11,REG,2024_11_JAX_DET,DET,JAX,0,0,0,0,0,0,0,0,0,0,0,0,1,2,7,0,1,0,0,0,,0,0,0,0,0,0,0,0,0,0,0,,0
00-0031492,Jason Myers,K,2024,11,REG,2024_11_SEA_SF,SEA,SF,0,0,0,0,0,0,0,0,0,0,0,0,0,0,0,0,0,0,2,2,57,0,0,0,0,2,0,2,2,0,0,0,,0
00-0031503,Jameis Winston,QB,2024,11,REG,2024_11_CLE_NO,CLE,NO,30,46,395,2,0,3,-18,1,8,0,0,0,0,0,0,0,0,0,0,0,,0,0,0,0,0,0,0,0,0,0,0,,0
00-0031544,Amari Cooper,WR,2024,11,REG,2024_11_KC_BUF,BUF,KC,0,0,0,0,0,0,0,0,0,0,0,0,2,3,55,0,2,0,0,0,,0,0,0,0,0,0,0,0,0,0,0,,0
00-0031549,Nelson Agholor,WR,2024,11,REG,2024_11_BAL_PIT,BAL,PIT,0,0,0,0,0,0,0,0,0,0,0,0,0,1,0,0,0,0,0,0,,0,0,0,0,0,0,0,0,0,0,0,,0
00-0031595,Michael Burton,FB,2024,11,REG,2024_11_ATL_DEN,DEN,ATL,0,0,0,0,0,0,0,2,2,0,1,0,1,1,-2,0,0,0,0,0,,0,0,0,0,0,0,0,0,0,0,0,,0
00-0031687,Raheem Mostert,RB,2024,11,REG,2024_11_LV_MIA,MIA,LV,0,0,0,0,0,0,0,3,-2,0,0,0,0,0,0,0,0,0,0,0,,0,0,0,0,0,0,0,0,0,0,0,,0
00-0032065,Bradley Pinion,P,2024,11,REG,2024_11_ATL_DEN,ATL,DEN,0,0,0,0,0,0,0,0,0,0,0,0,0,0,0,0,0,0,0,0,,0,0,0,0,0,0,0,0,5,250,193,59,1
00-0032104,Ameer Abdullah,RB,2024,11,REG,2024_11_LV_MIA,LV,MIA,0,0,0,0,0,0,0,1,1,0,0,0,3,3,16,1,2,0,0,0,,0,0,0,0,0,0,0,0,0,0,0,,0
00-0032211,Tyler Lockett,WR,2024,11,REG,2024_11_SEA_SF,SEA,SF,0,0,0,0,0,0,0,0,0,0,0,0,2,3,19,0,1,0,0,0,,0,0,0,0,0,0,0,0,0,0,0,,0
00-0032392,Austin Hooper,TE,2024,11,REG,2024_11_LA_NE,NE,LA,0,0,0,0,0,0,0,0,0,0,0,0,4,4,35,0,1,0,0,0,,0,0,0,0,0,0,0,0,0,0,0,,0
00-0032394,Nick Vannett,TE,2024,11,REG,2024_11_MIN_TEN,TEN,MIN,0,0,0,0,0,0,0,0,0,0,0,0,1,1,6,0,0,0,0,0,,0,0,0,0,0,0,0,0,0,0,0,,0
00-0032464,Kalif Raymond,WR,2024,11,REG,2024_11_JAX_DET,DET,JAX,0,0,0,0,0,0,0,0,0,0,0,0,2,2,30,0,1,0,0,0,,0,0,0,0,0,0,0,0,0,0,0,,0
00-0032569,Wil Lutz,K,2024,11,REG,2024_11_ATL_DEN,DEN,ATL,0,0,0,0,0,0,0,0,0,0,0,0,0,0,0,0,0,0,1,1,45,0,0,0,1,0,0,5,5,0,0,0,,0
00-0032726,Ka'imi Fairbairn,K,2024,11,REG,2024_11_HOU_DAL,HOU,DAL,0,0,0,0,0,0,0,0,0,0,0,0,0,0,0,0,0,0,2,2,33,0,1,1,0,0,0,4,4,0,0,0,,0
00-0032764,Derrick Henry,RB,2024,11,REG,2024_11_BAL_PIT,BAL,PIT,0,0,0,0,0,0,0,13,65,1,3,1,0,0,0,0,0,0,0,0,,0,0,0,0,0,0,0,0,0,0,0,,0
00-0032775,Demarcus Robinson,WR,2024,11,REG,2024_11_LA_NE,LA,NE,0,0,0,0,0,0,0,0,0,0,0,0,2,4,19,0,1,0,0,0,,0,0,0,0,0,0,0,0,0,0,0,,0
00-0032943,Riley Dixon,P,2024,11,REG,2024_11_ATL_DEN,DEN,ATL,0,0,0,0,0,0,0,0,0,0,0,0,0,0,0,0,0,0,0,0,,0,0,0,0,0,0,0,0,3,135,113,51,1
00-0033009,Tyler Boyd,WR,2024,11,REG,2024_11_MIN_TEN,TEN,MIN,0,0,0,0,0,0,0,0,0,0,0,0,2,3,34,0,1,0,0,0,,0,0,0,0,0,0,0,0,0,0,0,,0
00-0033040,Tyreek Hill,WR,2024,11,REG,2024_11_LV_MIA,MIA,LV,0,0,0,0,0,0,0,0,0,0,0,0,7,8,61,1,6,0,0,0,,0,0,0,0,0,0,0,0,0,0,0,,0
00-0033045,Ezekiel Elliott,RB,2024,11,REG,2024_11_HOU_DAL,DAL,HOU,0,0,0,0,0,0,0,1,8,0,1,0,3,3,16,0,0,0,0,0,,0,0,0,0,0,0,0,0,0,0,0,,0
00-0033090,Hunter Henry,TE,2024,11,REG,2024_11_LA_NE,NE,LA,0,0,0,0,0,0,0,0,0,0,0,0,6,9,63,0,4,0,0,0,,0,0,0,0,0,0,0,0,0,0,0,,0
00-0033106,Jared Goff,QB,2024,11,REG,2024_11_JAX_DET,DET,JAX,24,29,412,4,0,0,0,4,21,0,2,0,0,0,0,0,0,0,0,0,,0,0,0,0,0,0,0,0,0,0,0,,0
00-0033217,Mo Alie-Cox,TE,2024,11,REG,2024_11_IND_NYJ,IND,NYJ,0,0,0,0,0,0,0,0,0,0,0,0,2,3,17,0,1,0,0,0,,0,0,0,0,0,0,0,0,0,0,0,,0
00-0033246,Johnny Mundt,TE,2024,11,REG,2024_11_MIN_TEN,MIN,TEN,0,0,0,0,0,0,0,0,0,0,0,0,1,1,13,0,1,0,0,0,,0,0,0,0,0,0,0,0,0,0,0,,0
00-0033269,Rigoberto Sanchez,P,2024,11,REG,2024_11_IND_NYJ,IND,NYJ,0,0,0,0,0,0,0,0,0,0,0,0,0,0,0,0,0,0,0,0,,0,0,0,0,0,0,0,0,4,200,181,58,0
00-0033280,Christian McCaffrey,RB,2024,11,REG,2024_11_SEA_SF,SF,SEA,0,0,0,0,0,0,0,19,79,0,5,0,4,5,27,0,1,0,0,0,,0,0,0,0,0,0,0,0,0,0,0,,0
00-0033282,Curtis Samuel,WR,2024,11,REG,2024_11_KC_BUF,BUF,KC,0,0,0,0,0,0,0,0,0,0,0,0,5,6,58,1,3,0,0,0,,0,0,0,0,0,0,0,0,0,0,0,,0
00-0033293,Aaron Jones,RB,2024,11,REG,2024_11_MIN_TEN,MIN,TEN,0,0,0,0,0,0,0,15,39,0,0,0,1,1,4,0,0,0,0,0,,0,0,0,0,0,0,0,0,0,0,0,,0
00-0033307,Kendrick Bourne,WR,2024,11,REG,2024_11_LA_NE,NE,LA,0,0,0,0,0,0,0,0,0,0,0,0,5,5,70,1,4,0,0,0,,0,0,0,0,0,0,0,0,0,0,0,,0
00-0033357,Taysom Hill,TE,2024,11,REG,2024_11_CLE_NO,NO,CLE,1,2,18,0,1,0,0,7,138,3,4,0,8,10,50,0,2,1,0,0,,0,0,0,0,0,0,0,0,0,0,0,,0
00-0033375,Tim Patrick,WR,2024,11,REG,2024_11_JAX_DET,DET,JAX,0,0,0,0,0,0,0,0,0,0,0,0,3,4,26,0,2,0,0,0,,0,0,0,0,0,0,0,0,0,0,0,,0
00-0033376,Patrick Ricard,RB,2024,11,REG,2024_11_BAL_PIT,BAL,PIT,0,0,0,0,0,0,0,0,0,0,0,0,1,1,5,0,0,0,0,0,,0,0,0,0,0,0,0,0,0,0,0,,0
00-0033526,Samaje Perine,RB,2024,11,REG,2024_11_KC_BUF,KC,BUF,0,0,0,0,0,0,0,0,0,0,0,0,2,4,8,0,1,0,0,0,,0,0,0,0,0,0,0,0,0,0,0,,0
00-0033555,Mack Hollins,WR,2024,11,REG,2024_11_KC_BUF,BUF,KC,0,0,0,0,0,0,0,0,0,0,0,0,2,2,27,0,2,0,0,0,,0,0,0,0,0,0,0,0,0,0,0,,0
00-0033576,Eric Saubert,TE,2024,11,REG,2024_11_SEA_SF,SF,SEA,0,0,0,0,0,0,0,0,0,0,0,0,1,1,7,0,0,0,0,0,,0,0,0,0,0,0,0,0,0,0,0,,0
00-0033591,Noah Brown,WR,2024,11,REG,2024_11_WAS_PHI,WAS,PHI,0,0,0,0,0,0,0,0,0,0,0,0,1,4,4,0,0,0,0,0,,0,0,0,0,0,0,0,0,0,0,0,,0
00-0033662,Cooper Rush,QB,2024,11,REG,2024_11_HOU_DAL,DAL,HOU,32,55,354,1,1,5,-34,2,2,0,0,0,0,0,0,0,0,0,0,0,,0,0,0,0,0,0,0,0,0,0,0,,0
00-0033699,Austin Ekeler,RB,2024,11,REG,2024_11_WAS_PHI,WAS,PHI,0,0,0,0,0,0,0,2,7,0,0,0,8,9,89,0,3,0,0,0,,0,0,0,0,0,0,0,0,0,0,0,,0
00-0033702,Younghoe Koo,K,2024,11,REG,2024_11_ATL_DEN,ATL,DEN,0,0,0,0,0,0,0,0,0,0,0,0,0,0,0,0,0,0,2,2,51,0,0,0,1,1,0,0,0,0,0,0,,0
00-0033787,Jake Elliott,K,2024,11,REG,2024_11_WAS_PHI,PHI,WAS,0,0,0,0,0,0,0,0,0,0,0,0,0,0,0,0,0,0,2,4,31,0,1,1,0,0,0,2,3,0,0,0,,0
00-0033854,Dare Ogunbowale,RB,2024,11,REG,2024_11_HOU_DAL,HOU,DAL,0,0,0,0,0,0,0,0,0,0,0,0,1,1,11,0,0,0,0,0,,0,0,0,0,0,0,0,0,0,0,0,,0
00-0033857,JuJu Smith-Schuster,WR,2024,11,REG,2024_11_KC_BUF,KC,BUF,0,0,0,0,0,0,0,0,0,0,0,0,1,1,8,0,1,0,0,0,,0,0,0,0,0,0,0,0,0,0,0,,0
00-0033858,Jonnu Smith,TE,2024,11,REG,2024_11_LV_MIA,MIA,LV,0,0,0,0,0,0,0,0,0,0,0,0,6,8,101,2,6,0,0,0,,0,0,0,0,0,0,0,0,0,0,0,,0
00-0033862,Zane Gonzalez,K,2024,11,REG,2024_11_WAS_PHI,WAS,PHI,0,0,0,0,0,0,0,0,0,0,0,0,0,0,0,0,0,0,1,1,45,0,0,0,1,0,0,1,1,0,0,0,,0
00-0033873,Patrick Mahomes,QB,2024,11,REG,2024_11_KC_BUF,KC,BUF,23,33,196,3,2,2,-15,0,0,0,0,0,0,0,0,0,0,0,0,0,,0,0,0,0,0,0,0,0,0,0,0,,0
00-0033881,Evan Engram,TE,2024,11,REG,2024_11_JAX_DET,JAX,DET,0,0,0,0,0,0,0,0,0,0,0,0,5,7,28,0,2,0,0,0,,0,0,0,0,0,0,0,0,0,0,0,,0
00-0033885,David Njoku,TE,2024,11,REG,2024_11_CLE_NO,CLE,NO,0,0,0,0,0,0,0,0,0,0,0,0,9,9,81,0,4,0,0,0,,0,0,0,0,0,0,0,0,0,0,0,,0
00-0033897,Joe Mixon,RB,2024,11,REG,2024_11_HOU_DAL,HOU,DAL,0,0,0,0,0,0,0,20,109,3,5,0,2,4,44,0,2,0,0,0,,0,0,0,0,0,0,0,0,0,0,0,,0
00-0033906,Alvin Kamara,RB,2024,11,REG,2024_11_CLE_NO,NO,CLE,0,0,0,0,0,0,0,16,67,0,3,0,4,4,22,0,1,0,0,0,,0,0,0,0,0,0,0,0,0,0,0,,0
00-0033908,Cooper Kupp,WR,2024,11,REG,2024_11_LA_NE,LA,NE,0,0,0,0,0,0,0,0,0,0,0,0,6,10,106,2,3,0,0,0,,0,0,0,0,0,0,0,0,0,0,0,,0
00-0033923,Kareem Hunt,RB,2024,11,REG,2024_11_KC_BUF,KC,BUF,0,0,0,0,0,0,0,14,60,0,2,0,0,0,0,0,0,0,0,0,,0,0,0,0,0,0,0,0,0,0,0,,0
00-0033955,Jeremy McNichols,RB,2024,11,REG,2024_11_WAS_PHI,WAS,PHI,0,0,0,0,0,0,0,3,5,0,1,0,1,1,1,0,0,0,0,0,,0,0,0,0,0,0,0,0,0,0,0,,0
00-0034073,Ross Dwelley,TE,2024,11,REG,2024_11_ATL_DEN,ATL,DEN,0,0,0,0,0,0,0,0,0,0,0,0,1,1,5,0,0,0,0,0,,0,0,0,0,0,0,0,0,0,0,0,,0
00-0034159,Will Dissly,TE,2024,11,REG,2024_11_CIN_LAC,LAC,CIN,0,0,0,0,0,0,0,0,0,0,0,0,4,6,80,1,3,0,0,0,,0,0,0,0,0,0,0,0,0,0,0,,0
00-0034160,Michael Dickson,P,2024,11,REG,2024_11_SEA_SF,SEA,SF,0,0,0,0,0,0,0,0,0,0,0,0,0,0,0,0,0,0,0,0,,0,0,0,0,0,0,0,0,2,97,65,53,0
00-0034161,Daniel Carlson,K,2024,11,REG,2024_11_LV_MIA,LV,MIA,0,0,0,0,0,0,0,0,0,0,0,0,0,0,0,0,0,0,2,2,27,0,2,0,0,0,0,1,1,0,0,0,,0
00-0034162,J.K. Scott,P,2024,11,REG,2024_11_CIN_LAC,LAC,CIN,0,0,0,0,0,0,0,0,0,0,0,0,0,0,0,0,0,0,0,0,,0,0,0,0,0,0,0,0,6,280,246,58,2
00-0034184,Gus Edwards,RB,2024,11,REG,2024_11_CIN_LAC,LAC,CIN,0,0,0,0,0,0,0,6,27,0,1,0,0,0,0,0,0,0,0,0,,0,0,0,0,0,0,0,0,0,0,0,,0
00-0034270,Tyler Conklin,TE,2024,11,REG,2024_11_IND_NYJ,NYJ,IND,0,0,0,0,0,0,0,1,0,0,0,0,1,2,7,0,0,0,0,0,,0,0,0,0,0,0,0,0,0,0,0,,0
00-0034272,Marquez Valdes-Scantling,WR,2024,11,REG,2024_11_CLE_NO,NO,CLE,0,0,0,0,0,0,0,0,0,0,0,0,2,4,87,1,2,0,0,0,,0,0,0,0,0,0,0,0,0,0,0,,0
00-0034348,Courtland Sutton,WR,2024,11,REG,2024_11_ATL_DEN,DEN,ATL,0,0,0,0,0,0,0,0,0,0,0,0,7,8,78,0,3,0,0,0,,0,0,0,0,0,0,0,0,0,0,0,,0
00-0034351,Dallas Goedert,TE,2024,11,REG,2024_11_WAS_PHI,PHI,WAS,0,0,0,0,0,0,0,0,0,0,0,0,5,5,61,0,2,0,0,0,,0,0,0,0,0,0,0,0,0,0,0,,0
00-0034364,Jordan Akins,TE,2024,11,REG,2024_11_CLE_NO,CLE,NO,0,0,0,0,0,0,0,0,0,0,0,0,1,4,19,0,1,0,0,0,,0,0,0,0,0,0,0,0,0,0,0,,0
00-0034383,Dalton Schultz,TE,2024,11,REG,2024_11_HOU_DAL,HOU,DAL,0,0,0,0,0,0,0,0,0,0,0,0,5,7,33,0,2,0,0,0,,0,0,0,0,0,0,0,0,0,0,0,,0
00-0034386,Justin Watson,WR,2024,11,REG,2024_11_KC_BUF,KC,BUF,0,0,0,0,0,0,0,0,0,0,0,0,2,2,26,0,1,0,0,0,,0,0,0,0,0,0,0,0,0,0,0,,0
00-0034407,Ray-Ray McCloud,WR,2024,11,REG,2024_11_ATL_DEN,ATL,DEN,0,0,0,0,0,0,0,0,0,0,0,0,6,6,46,0,2,0,0,0,,0,0,0,0,0,0,0,0,0,0,0,,0
00-0034437,Logan Cooke,P,2024,11,REG,2024_11_JAX_DET,JAX,DET,0,0,0,0,0,0,0,0,0,0,0,0,0,0,0,0,0,0,0,0,,0,0,0,0,0,0,0,0,5,267,237,61,3
00-0034487,Trent Sherfield,WR,2024,11,REG,2024_11_MIN_TEN,MIN,TEN,0,0,0,0,0,0,0,0,0,0,0,0,1,1,16,0,1,0,0,0,,0,0,0,0,0,0,0,0,0,0,0,,0
00-0034613,Tanner Hudson,TE,2024,11,REG,2024_11_CIN_LAC,CIN,LAC,0,0,0,0,0,0,0,0,0,0,0,0,2,2,13,0,0,0,0,0,,0,0,0,0,0,0,0,0,0,0,0,,0
00-0034646,Brandon Powell,WR,2024,11,REG,2024_11_MIN_TEN,MIN,TEN,0,0,0,0,0,0,0,0,0,0,0,0,1,1,13,0,1,0,0,0,,0,0,0,0,0,0,0,0,0,0,0,,0
00-0034721,Corey Bojorquez,P,2024,11,REG,2024_11_CLE_NO,CLE,NO,0,0,0,0,0,0,0,0,0,0,0,0,0,0,0,0,0,0,0,0,,0,0,0,0,0,0,0,0,5,228,174,52,1
00-0034753,Mark Andrews,TE,2024,11,REG,2024_11_BAL_PIT,BAL,PIT,0,0,0,0,0,0,0,0,0,0,0,0,2,3,22,0,1,0,0,0,,0,0,0,0,0,0,0,0,0,0,0,,0
00-0034791,Nick Chubb,RB,2024,11,REG,2024_11_CLE_NO,CLE,NO,0,0,0,0,0,0,0,11,50,0,3,0,0,0,0,0,0,0,0,0,,0,0,0,0,0,0,0,0,0,0,0,,0
00-0034794,Jason Sanders,K,2024,11,REG,2024_11_LV_MIA,MIA,LV,0,0,0,0,0,0,0,0,0,0,0,0,0,0,0,0,0,0,2,2,46,0,0,1,1,0,0,4,4,0,0,0,,0
00-0034796,Lamar Jackson,QB,2024,11,REG,2024_11_BAL_PIT,BAL,PIT,16,33,207,1,1,2,-2,4,46,0,2,0,0,0,0,0,0,0,0,0,,0,0,0,0,0,0,0,0,0,0,0,,0
00-0034798,Durham Smythe,TE,2024,11,REG,2024_11_LV_MIA,MIA,LV,0,0,0,0,0,0,0,0,0,0,0,0,1,1,3,0,0,0,0,0,,0,0,0,0,0,0,0,0,0,0,0,,0
00-0034827,DJ Moore,WR,2024,11,REG,2024_11_GB_CHI,CHI,GB,0,0,0,0,0,0,0,1,5,0,0,0,7,7,62,0,4,0,0,0,,0,0,0,0,0,0,0,0,0,0,0,,0
00-0034829,Mike Gesicki,TE,2024,11,REG,2024_11_CIN_LAC,CIN,LAC,0,0,0,0,0,0,0,0,0,0,0,0,0,2,0,0,0,0,0,0,,0,0,0,0,0,0,0,0,0,0,0,,0
00-0034837,Calvin Ridley,WR,2024,11,REG,2024_11_MIN_TEN,TEN,MIN,0,0,0,0,0,0,0,0,0,0,0,0,4,6,58,0,3,0,0,0,,0,0,0,0,0,0,0,0,0,0,0,,0
00-0034844,Saquon Barkley,RB,2024,11,REG,2024_11_WAS_PHI,PHI,WAS,0,0,0,0,0,0,0,26,146,2,7,0,2,3,52,0,1,0,0,0,,0,0,0,0,0,0,0,0,0,0,0,,0
00-0034854,KhaDarel Hodge,WR,2024,11,REG,2024_11_ATL_DEN,ATL,DEN,0,0,0,0,0,0,0,0,0,0,0,0,2,2,22,0,2,0,0,0,,0,0,0,0,0,0,0,0,0,0,0,,0
00-0034857,Josh Allen,QB,2024,11,REG,2024_11_KC_BUF,BUF,KC,27,40,262,1,1,0,0,12,55,1,4,0,0,0,0,0,0,0,0,0,,0,0,0,0,0,0,0,0,0,0,0,,0
00-0034860,Dante Pettis,WR,2024,11,REG,2024_11_CLE_NO,NO,CLE,0,0,0,0,0,0,0,0,0,0,0,0,1,1,9,0,1,0,0,0,,0,0,0,0,0,0,0,0,0,0,0,,0
00-0034869,Sam Darnold,QB,2024,11,REG,2024_11_MIN_TEN,MIN,TEN,20,32,246,2,0,2,-10,8,18,1,4,1,0,0,0,0,0,0,0,0,,0,0,0,0,0,0,0,0,0,0,0,,0
00-0034960,Jakobi Meyers,WR,2024,11,REG,2024_11_LV_MIA,LV,MIA,0,0,0,0,0,0,0,1,20,0,1,0,4,6,28,0,1,0,0,0,,0,0,0,0,0,0,0,0,0,0,0,,0
00-0034972,Alexander Mattison,RB,2024,11,REG,2024_11_LV_MIA,LV,MIA,0,0,0,0,0,0,0,5,19,0,1,0,3,3,50,0,1,0,0,0,,0,0,0,0,0,0,0,0,0,0,0,,0
00-0034975,Justice Hill,RB,2024,11,REG,2024_11_BAL_PIT,BAL,PIT,0,0,0,0,0,0,0,2,13,0,0,0,4,7,28,0,1,0,0,0,,0,0,0,0,0,0,0,0,0,0,0,,0
00-0034981,Foster Moreau,TE,2024,11,REG,2024_11_CLE_NO,NO,CLE,0,0,0,0,0,0,0,0,0,0,0,0,3,4,50,0,2,0,0,0,,0,0,0,0,0,0,0,0,0,0,0,,0
00-0035140,Mecole Hardman,WR,2024,11,REG,2024_11_KC_BUF,KC,BUF,0,0,0,0,0,0,0,1,9,0,0,0,2,3,12,0,1,0,0,0,,0,0,0,0,0,0,0,0,0,0,0,,0
00-0035190,AJ Cole,P,2024,11,REG,2024_11_LV_MIA,LV,MIA,0,0,0,0,0,0,0,0,0,0,0,0,0,0,0,0,0,0,0,0,,0,0,0,0,0,0,0,0,1,54,54,54,1
00-0035192,Joey Slye,K,2024,11,REG,2024_11_LA_NE,NE,LA,0,0,0,0,0,0,0,0,0,0,0,0,0,0,0,0,0,0,3,3,42,0,1,1,1,0,0,1,2,0,0,0,,0
00-0035208,Olamide Zaccheaus,WR,2024,11,REG,2024_11_WAS_PHI,WAS,PHI,0,0,0,0,0,0,0,0,0,0,0,0,1,2,10,0,1,0,0,0,,0,0,0,0,0,0,0,0,0,0,0,,0
00-0035216,Diontae Johnson,WR,2024,11,REG,2024_11_BAL_PIT,BAL,PIT,0,0,0,0,0,0,0,0,0,0,0,0,0,2,0,0,0,0,0,0,,0,0,0,0,0,0,0,0,0,0,0,,0
00-0035229,T.J. Hockenson,TE,2024,11,REG,2024_11_MIN_TEN,MIN,TEN,0,0,0,0,0,0,0,0,0,0,0,0,2,3,13,0,2,0,0,0,,0,0,0,0,0,0,0,0,0,0,0,,0
00-0035249,Josh Oliver,TE,2024,11,REG,2024_11_MIN_TEN,MIN,TEN,0,0,0,0,0,0,0,0,0,0,0,0,3,3,34,0,1,0,0,0,,0,0,0,0,0,0,0,0,0,0,0,,0
00-0035261,Tony Pollard,RB,2024,11,REG,2024_11_MIN_TEN,TEN,MIN,0,0,0,0,0,0,0,9,15,0,1,0,2,4,14,0,1,0,0,0,,0,0,0,0,0,0,0,0,0,0,0,,0
00-0035269,Matt Gay,K,2024,11,REG,2024_11_IND_NYJ,IND,NYJ,0,0,0,0,0,0,0,0,0,0,0,0,0,0,0,0,0,0,3,3,56,0,0,0,2,1,0,1,1,0,0,0,,0
00-0035289,Gardner Minshew,QB,2024,11,REG,2024_11_LV_MIA,LV,MIA,30,43,282,2,1,3,-14,2,7,0,1,0,0,0,0,0,0,0,0,0,,0,0,0,0,0,0,0,0,0,0,0,,0
00-0035406,Lil'Jordan Humphrey,WR,2024,11,REG,2024_11_ATL_DEN,DEN,ATL,0,0,0,0,0,0,0,0,0,0,0,0,4,4,52,1,2,0,0,0,,0,0,0,0,0,0,0,0,0,0,0,,0
00-0035537,Ty Johnson,RB,2024,11,REG,2024_11_KC_BUF,BUF,KC,0,0,0,0,0,0,0,5,18,0,2,0,0,1,0,0,0,0,0,0,,0,0,0,0,0,0,0,0,0,0,0,,0
00-0035567,Craig Reynolds,RB,2024,11,REG,2024_11_JAX_DET,DET,JAX,0,0,0,0,0,0,0,2,21,0,1,0,0,0,0,0,0,0,0,0,,0,0,0,0,0,0,0,0,0,0,0,,0
00-0035628,D'Ernest Johnson,RB,2024,11,REG,2024_11_JAX_DET,JAX,DET,0,0,0,0,0,0,0,2,3,0,0,0,0,0,0,0,0,0,0,0,,0,0,0,0,0,0,0,0,0,0,0,,0
00-0035631,Drew Sample,TE,2024,11,REG,2024_11_CIN_LAC,CIN,LAC,0,0,0,0,0,0,0,1,-4,0,0,0,1,2,9,0,0,0,0,0,,0,0,0,0,0,0,0,0,0,0,0,,0
00-0035640,DK Metcalf,WR,2024,11,REG,2024_11_SEA_SF,SEA,SF,0,0,0,0,0,0,0,0,0,0,0,0,7,9,70,0,3,0,0,0,,0,0,0,0,0,0,0,0,0,0,0,,0
00-0035659,Terry McLaurin,WR,2024,11,REG,2024_11_WAS_PHI,WAS,PHI,0,0,0,0,0,0,0,0,0,0,0,0,1,2,10,0,1,0,0,0,,0,0,0,0,0,0,0,0,0,0,0,,0
00-0035676,A.J. Brown,WR,2024,11,REG,2024_11_WAS_PHI,PHI,WAS,0,0,0,0,0,0,0,0,0,0,0,0,5,8,65,0,4,0,0,0,,0,0,0,0,0,0,0,0,0,0,0,,0
00-0035685,David Montgomery,RB,2024,11,REG,2024_11_JAX_DET,DET,JAX,0,0,0,0,0,0,0,15,75,2,7,0,3,3,20,0,1,0,0,0,,0,0,0,0,0,0,0,0,0,0,0,,0
00-0035689,Dawson Knox,TE,2024,11,REG,2024_11_KC_BUF,BUF,KC,0,0,0,0,0,0,0,0,0,0,0,0,4,6,40,0,2,0,0,0,,0,0,0,0,0,0,0,0,0,0,0,,0
00-0035700,Josh Jacobs,RB,2024,11,REG,2024_11_GB_CHI,GB,CHI,0,0,0,0,0,0,0,18,76,1,5,0,4,5,58,0,2,0,0,0,,0,0,0,0,0,0,0,0,0,0,0,,0
00-0035719,Deebo Samuel Sr.,WR,2024,11,REG,2024_11_SEA_SF,SF,SEA,0,0,0,0,0,0,0,1,-1,0,0,0,4,7,22,0,2,0,0,0,,0,0,0,0,0,0,0,0,0,0,0,,0
00-0035806,JaMycal Hasty,RB,2024,11,REG,2024_11_LA_NE,NE,LA,0,0,0,0,0,0,0,2,2,0,1,0,0,0,0,0,0,0,0,0,,0,0,0,0,0,0,0,0,0,0,0,,0
00-0035821,Corliss Waitman,P,2024,11,REG,2024_11_BAL_PIT,PIT,BAL,0,0,0,0,0,0,0,0,0,0,0,0,0,0,0,0,0,0,0,0,,0,0,0,0,0,0,0,0,4,226,197,71,1
00-0035889,Tommy Townsend,P,2024,11,REG,2024_11_HOU_DAL,HOU,DAL,0,0,0,0,0,0,0,0,0,0,0,0,0,0,0,0,0,0,0,0,,0,0,0,0,0,0,0,0,4,210,190,59,3
00-0036040,Juwan Johnson,TE,2024,11,REG,2024_11_CLE_NO,NO,CLE,0,0,0,0,0,0,0,0,0,0,0,0,3,3,30,1,2,0,0,0,,0,0,0,0,0,0,0,0,0,0,0,,0
00-0036139,Rico Dowdle,RB,2024,11,REG,2024_11_HOU_DAL,DAL,HOU,0,0,0,0,0,0,0,10,28,0,1,0,2,5,6,0,1,0,0,0,,0,0,0,0,0,0,0,0,0,0,0,,0
00-0036158,J.K. Dobbins,RB,2024,11,REG,2024_11_CIN_LAC,LAC,CIN,0,0,0,0,0,0,0,11,56,2,3,0,1,1,3,0,0,0,0,0,,0,0,0,0,0,0,0,0,0,0,0,,0
00-0036162,Tyler Bass,K,2024,11,REG,2024_11_KC_BUF,BUF,KC,0,0,0,0,0,0,0,0,0,0,0,0,0,0,0,0,0,0,1,1,33,0,0,1,0,0,0,3,4,0,0,0,,0
00-0036182,Nick Westbrook-Ikhine,WR,2024,11,REG,2024_11_MIN_TEN,TEN,MIN,0,0,0,0,0,0,0,0,0,0,0,0,2,6,117,1,1,0,0,0,,0,0,0,0,0,0,0,0,0,0,0,,0
00-0036196,Gabe Davis,WR,2024,11,REG,2024_11_JAX_DET,JAX,DET,0,0,0,0,0,0,0,0,0,0,0,0,1,3,3,0,0,0,0,0,,0,0,0,0,0,0,0,0,0,0,0,,0
00-0036212,Tua Tagovailoa,QB,2024,11,REG,2024_11_LV_MIA,MIA,LV,28,36,288,3,0,2,-17,0,0,0,0,0,0,0,0,0,0,0,0,0,,0,0,0,0,0,0,0,0,0,0,0,,0
00-0036223,Jonathan Taylor,RB,2024,11,REG,2024_11_IND_NYJ,IND,NYJ,0,0,0,0,0,0,0,24,57,0,2,0,1,2,3,0,0,0,0,0,,0,0,0,0,0,0,0,0,0,0,0,,0
00-0036244,Colby Parkinson,TE,2024,11,REG,2024_11_LA_NE,LA,NE,0,0,0,0,0,0,0,0,0,0,0,0,1,1,19,1,1,0,0,0,,0,0,0,0,0,0,0,0,0,0,0,,0
00-0036252,Michael Pittman,WR,2024,11,REG,2024_11_IND_NYJ,IND,NYJ,0,0,0,0,0,0,0,0,0,0,0,0,5,8,46,0,2,0,0,0,,0,0,0,0,0,0,0,0,0,0,0,,0
00-0036259,Jauan Jennings,WR,2024,11,REG,2024_11_SEA_SF,SF,SEA,0,0,0,0,0,0,0,0,0,0,0,0,10,11,91,1,7,0,0,0,,0,0,0,0,0,0,0,0,0,0,0,,0
00-0036264,Jordan Love,QB,2024,11,REG,2024_11_GB_CHI,GB,CHI,13,17,261,1,1,1,-1,4,18,1,2,0,0,0,0,0,0,0,0,0,,0,0,0,0,0,0,0,0,0,0,0,,0
00-0036275,D'Andre Swift,RB,2024,11,REG,2024_11_GB_CHI,CHI,GB,0,0,0,0,0,0,0,14,71,1,2,0,2,2,13,0,0,0,0,0,,0,0,0,0,0,0,0,0,0,0,0,,0
00-0036290,Cole Kmet,TE,2024,11,REG,2024_11_GB_CHI,CHI,GB,0,0,0,0,0,0,0,0,0,0,0,0,3,3,42,0,2,0,0,0,,0,0,0,0,0,0,0,0,0,0,0,,0
00-0036309,Darnell Mooney,WR,2024,11,REG,2024_11_ATL_DEN,ATL,DEN,0,0,0,0,0,0,0,0,0,0,0,0,2,4,27,0,1,0,0,0,,0,0,0,0,0,0,0,0,0,0,0,,0
00-0036313,Braden Mann,P,2024,11,REG,2024_11_WAS_PHI,PHI,WAS,0,0,0,0,0,0,0,0,0,0,0,0,0,0,0,0,0,0,0,0,,0,0,0,0,0,0,0,0,3,133,126,51,1
00-0036322,Justin Jefferson,WR,2024,11,REG,2024_11_MIN_TEN,MIN,TEN,0,0,0,0,0,0,0,0,0,0,0,0,6,8,81,0,3,0,0,0,,0,0,0,0,0,0,0,0,0,0,0,,0
00-0036328,Antonio Gibson,RB,2024,11,REG,2024_11_LA_NE,NE,LA,0,0,0,0,0,0,0,4,18,0,1,0,1,1,2,0,0,0,0,0,,0,0,0,0,0,0,0,0,0,0,0,,0
00-0036331,Devin Duvernay,WR,2024,11,REG,2024_11_JAX_DET,JAX,DET,0,0,0,0,0,0,0,0,0,0,0,0,0,2,0,0,0,0,0,0,,0,0,0,0,0,0,0,0,0,0,0,,0
00-0036355,Justin Herbert,QB,2024,11,REG,2024_11_CIN_LAC,LAC,CIN,17,36,297,2,0,2,-17,5,65,0,3,1,0,0,0,0,0,0,0,0,,0,0,0,0,0,0,0,0,0,0,0,,0
00-0036358,CeeDee Lamb,WR,2024,11,REG,2024_11_HOU_DAL,DAL,HOU,0,0,0,0,0,0,0,1,13,0,1,0,8,12,93,0,4,0,0,0,,0,0,0,0,0,0,0,0,0,0,0,,0
00-0036387,Jalen Reagor,WR,2024,11,REG,2024_11_CIN_LAC,LAC,CIN,0,0,0,0,0,0,0,0,0,0,0,0,0,1,0,0,0,0,0,0,,0,0,0,0,0,0,0,0,0,0,0,,0
00-0036389,Jalen Hurts,QB,2024,11,REG,2024_11_WAS_PHI,PHI,WAS,18,28,221,0,0,2,-15,10,39,1,4,0,0,0,0,0,0,0,0,0,,0,0,0,0,0,0,0,0,0,0,0,,0
00-0036407,Jerry Jeudy,WR,2024,11,REG,2024_11_CLE_NO,CLE,NO,0,0,0,0,0,0,0,0,0,0,0,0,6,11,142,1,4,0,0,0,,0,0,0,0,0,0,0,0,0,0,0,,0
00-0036410,Tee Higgins,WR,2024,11,REG,2024_11_CIN_LAC,CIN,LAC,0,0,0,0,0,0,0,0,0,0,0,0,9,13,148,1,6,0,0,0,,0,0,0,0,0,0,0,0,0,0,0,,0
00-0036414,Cam Akers,RB,2024,11,REG,2024_11_MIN_TEN,MIN,TEN,0,0,0,0,0,0,0,10,25,0,1,0,2,2,11,1,1,0,0,0,,0,0,0,0,0,0,0,0,0,0,0,,0
00-0036415,Van Jefferson,WR,2024,11,REG,2024_11_BAL_PIT,PIT,BAL,0,0,0,0,0,0,0,0,0,0,0,0,0,1,0,0,0,0,0,0,,0,0,0,0,0,0,0,0,0,0,0,,0
00-0036422,Adam Trautman,TE,2024,11,REG,2024_11_ATL_DEN,DEN,ATL,0,0,0,0,0,0,0,0,0,0,0,0,0,1,0,0,0,0,0,0,,0,0,0,0,0,0,0,0,0,0,0,,0
00-0036442,Joe Burrow,QB,2024,11,REG,2024_11_CIN_LAC,CIN,LAC,28,50,356,3,0,3,-14,2,28,0,2,0,0,0,0,0,0,0,0,0,,0,0,0,0,0,0,0,0,0,0,0,,0
00-0036510,Kenny Yeboah,TE,2024,11,REG,2024_11_IND_NYJ,NYJ,IND,0,0,0,0,0,0,0,0,0,0,0,0,1,1,11,1,1,0,0,0,,0,0,0,0,0,0,0,0,0,0,0,,0
00-0036527,DJ Turner,WR,2024,11,REG,2024_11_LV_MIA,LV,MIA,0,0,0,0,0,0,0,0,0,0,0,0,3,3,29,0,2,0,0,0,,0,0,0,0,0,0,0,0,0,0,0,,0
00-0036534,Shane Zylstra,TE,2024,11,REG,2024_11_JAX_DET,DET,JAX,0,0,0,0,0,0,0,0,0,0,0,0,1,1,22,0,1,0,0,0,,0,0,0,0,0,0,0,0,0,0,0,,0
00-0036550,Rashod Bateman,WR,2024,11,REG,2024_11_BAL_PIT,BAL,PIT,0,0,0,0,0,0,0,0,0,0,0,0,2,5,30,0,2,0,0,0,,0,0,0,0,0,0,0,0,0,0,0,,0
00-0036554,Nico Collins,WR,2024,11,REG,2024_11_HOU_DAL,HOU,DAL,0,0,0,0,0,0,0,0,0,0,0,0,4,7,54,0,2,0,0,0,,0,0,0,0,0,0,0,0,0,0,0,,0
00-0036590,Quintin Morris,TE,2024,11,REG,2024_11_KC_BUF,BUF,KC,0,0,0,0,0,0,0,0,0,0,0,0,0,1,0,0,0,0,0,0,,0,0,0,0,0,0,0,0,0,0,0,,0
00-0036613,Jaylen Waddle,WR,2024,11,REG,2024_11_LV_MIA,MIA,LV,0,0,0,0,0,0,0,0,0,0,0,0,2,3,37,0,2,0,0,0,,0,0,0,0,0,0,0,0,0,0,0,,0
00-0036626,Dyami Brown,WR,2024,11,REG,2024_11_WAS_PHI,WAS,PHI,0,0,0,0,0,0,0,0,0,0,0,0,1,2,4,0,0,0,0,0,,0,0,0,0,0,0,0,0,0,0,0,,0
00-0036628,John Bates,TE,2024,11,REG,2024_11_WAS_PHI,WAS,PHI,0,0,0,0,0,0,0,0,0,0,0,0,2,3,17,0,0,0,0,0,,0,0,0,0,0,0,0,0,0,0,0,,0
00-0036630,Tylan Wallace,WR,2024,11,REG,2024_11_BAL_PIT,BAL,PIT,0,0,0,0,0,0,0,0,0,0,0,0,1,1,8,0,0,0,0,0,,0,0,0,0,0,0,0,0,0,0,0,,0
00-0036637,Noah Gray,TE,2024,11,REG,2024_11_KC_BUF,KC,BUF,0,0,0,0,0,0,0,0,0,0,0,0,4,5,23,2,4,0,0,0,,0,0,0,0,0,0,0,0,0,0,0,,0
00-0036640,Zach Davidson,TE,2024,11,REG,2024_11_KC_BUF,BUF,KC,0,0,0,0,0,0,0,0,0,0,0,0,1,1,5,0,0,0,0,0,,0,0,0,0,0,0,0,0,0,0,0,,0
00-0036754,Brock Wright,TE,2024,11,REG,2024_11_JAX_DET,DET,JAX,0,0,0,0,0,0,0,0,0,0,0,0,1,1,5,1,1,0,0,0,,0,0,0,0,0,0,0,0,0,0,0,,0
00-0036849,Tutu Atwell,WR,2024,11,REG,2024_11_LA_NE,LA,NE,0,0,0,0,0,0,0,0,0,0,0,0,1,2,21,0,1,0,0,0,,0,0,0,0,0,0,0,0,0,0,0,,0
00-0036854,Evan McPherson,K,2024,11,REG,2024_11_CIN_LAC,CIN,LAC,0,0,0,0,0,0,0,0,0,0,0,0,0,0,0,0,0,0,2,4,27,0,2,0,0,0,0,3,3,0,0,0,,0
00-0036862,Ben Skowronek,WR,2024,11,REG,2024_11_BAL_PIT,PIT,BAL,0,0,0,0,0,0,0,0,0,0,0,0,1,1,4,0,0,0,0,0,,0,0,0,0,0,0,0,0,0,0,0,,0
00-0036875,Rhamondre Stevenson,RB,2024,11,REG,2024_11_LA_NE,NE,LA,0,0,0,0,0,0,0,20,73,0,3,0,4,4,16,0,0,0,0,0,,0,0,0,0,0,0,0,0,0,0,0,,0
00-0036876,Kylen Granson,TE,2024,11,REG,2024_11_IND_NYJ,IND,NYJ,0,0,0,0,0,0,0,0,0,0,0,0,1,2,4,0,0,0,0,0,,0,0,0,0,0,0,0,0,0,0,0,,0
00-0036887,Luke Farrell,TE,2024,11,REG,2024_11_JAX_DET,JAX,DET,0,0,0,0,0,0,0,0,0,0,0,0,1,2,3,0,0,0,0,0,,0,0,0,0,0,0,0,0,0,0,0,,0
00-0036893,Najee Harris,RB,2024,11,REG,2024_11_BAL_PIT,PIT,BAL,0,0,0,0,0,0,0,18,63,0,5,0,4,5,30,0,1,0,0,0,,0,0,0,0,0,0,0,0,0,0,0,,0
00-0036894,Pat Freiermuth,TE,2024,11,REG,2024_11_BAL_PIT,PIT,BAL,0,0,0,0,0,0,0,0,0,0,0,0,2,2,14,0,0,0,0,0,,0,0,0,0,0,0,0,0,0,0,0,,0
00-0036900,Ja'Marr Chase,WR,2024,11,REG,2024_11_CIN_LAC,CIN,LAC,0,0,0,0,0,0,0,0,0,0,0,0,7,13,75,2,3,0,0,0,,0,0,0,0,0,0,0,0,0,0,0,,0
00-0036912,DeVonta Smith,WR,2024,11,REG,2024_11_WAS_PHI,PHI,WAS,0,0,0,0,0,0,0,0,0,0,0,0,4,6,29,0,2,0,0,0,,0,0,0,0,0,0,0,0,0,0,0,,0
00-0036913,Kadarius Toney,WR,2024,11,REG,2024_11_CLE_NO,CLE,NO,0,0,0,0,0,0,0,1,-7,0,0,0,0,0,0,0,0,0,0,0,,0,0,0,0,0,0,0,0,0,0,0,,0
00-0036919,Kenny Gainwell,RB,2024,11,REG,2024_11_WAS_PHI,PHI,WAS,0,0,0,0,0,0,0,4,43,0,2,0,1,1,6,0,0,0,0,0,,0,0,0,0,0,0,0,0,0,0,0,,0
00-0036945,Justin Fields,QB,2024,11,REG,2024_11_BAL_PIT,PIT,BAL,0,0,0,0,0,0,0,2,17,0,0,0,0,0,0,0,0,0,0,0,,0,0,0,0,0,0,0,0,0,0,0,,0
00-0036963,Amon-Ra St. Brown,WR,2024,11,REG,2024_11_JAX_DET,DET,JAX,0,0,0,0,0,0,0,1,-4,0,0,0,11,11,161,2,10,0,0,0,,0,0,0,0,0,0,0,0,0,0,0,,0
00-0036970,Kyle Pitts,TE,2024,11,REG,2024_11_ATL_DEN,ATL,DEN,0,0,0,0,0,0,0,0,0,0,0,0,1,3,9,0,0,0,0,0,,0,0,0,0,0,0,0,0,0,0,0,,0
00-0036972,Mac Jones,QB,2024,11,REG,2024_11_JAX_DET,JAX,DET,17,29,138,0,1,1,-9,2,7,0,1,0,0,0,0,0,0,0,0,0,,0,0,0,0,0,0,0,0,0,0,0,,0
00-0036973,Travis Etienne,RB,2024,11,REG,2024_11_JAX_DET,JAX,DET,0,0,0,0,0,0,0,12,27,0,1,0,3,3,6,0,0,0,0,0,,0,0,0,0,0,0,0,0,0,0,0,,0
00-0036980,Elijah Moore,WR,2024,11,REG,2024_11_CLE_NO,CLE,NO,0,0,0,0,0,0,0,0,0,0,0,0,6,8,66,1,3,0,0,0,,0,0,0,0,0,0,0,0,0,0,0,,0
00-0036984,Trey Sermon,RB,2024,11,REG,2024_11_IND_NYJ,IND,NYJ,0,0,0,0,0,0,0,0,0,0,0,0,1,1,3,0,0,0,0,0,,0,0,0,0,0,0,0,0,0,0,0,,0
00-0036988,Josh Palmer,WR,2024,11,REG,2024_11_CIN_LAC,LAC,CIN,0,0,0,0,0,0,0,0,0,0,0,0,2,4,23,0,2,0,0,0,,0,0,0,0,0,0,0,0,0,0,0,,0
00-0036997,Javonte Williams,RB,2024,11,REG,2024_11_ATL_DEN,DEN,ATL,0,0,0,0,0,0,0,9,59,1,4,0,4,5,28,0,2,0,0,0,,0,0,0,0,0,0,0,0,0,0,0,,0
00-0037207,Mike Caliendo,G,2024,11,REG,2024_11_KC_BUF,KC,BUF,0,0,0,0,0,0,0,0,0,0,0,0,1,1,5,0,1,0,0,0,,0,0,0,0,0,0,0,0,0,0,0,,0
00-0037224,Cameron Dicker,K,2024,11,REG,2024_11_CIN_LAC,LAC,CIN,0,0,0,0,0,0,0,0,0,0,0,0,0,0,0,0,0,0,2,2,53,1,0,0,0,1,0,4,4,0,0,0,,0
00-0037228,Jaylen Warren,RB,2024,11,REG,2024_11_BAL_PIT,PIT,BAL,0,0,0,0,0,0,0,9,41,0,2,0,4,4,27,0,2,0,0,0,,0,0,0,0,0,0,0,0,0,0,0,,0
00-0037231,Kevin Austin Jr.,WR,2024,11,REG,2024_11_CLE_NO,NO,CLE,0,0,0,0,0,0,0,0,0,0,0,0,1,2,18,0,1,0,0,0,,0,0,0,0,0,0,0,0,0,0,0,,0
00-0037238,Drake London,WR,2024,11,REG,2024_11_ATL_DEN,ATL,DEN,0,0,0,0,0,0,0,0,0,0,0,0,3,7,61,0,3,0,0,0,,0,0,0,0,0,0,0,0,0,0,0,,0
00-0037240,Jameson Williams,WR,2024,11,REG,2024_11_JAX_DET,DET,JAX,0,0,0,0,0,0,0,1,2,0,0,0,4,6,124,1,4,0,0,0,,0,0,0,0,0,0,0,0,0,0,0,,0
00-0037247,George Pickens,WR,2024,11,REG,2024_11_BAL_PIT,PIT,BAL,0,0,0,0,0,0,0,0,0,0,0,0,8,12,89,0,4,0,0,0,,0,0,0,0,0,0,0,0,0,0,0,,0
00-0037248,James Cook,RB,2024,11,REG,2024_11_KC_BUF,BUF,KC,0,0,0,0,0,0,0,9,20,2,2,0,5,6,7,0,0,0,0,0,,0,0,0,0,0,0,0,0,0,0,0,,0
00-0037253,Marcus Jones,CB,2024,11,REG,2024_11_LA_NE,NE,LA,0,0,0,0,0,0,0,1,5,0,0,0,0,0,0,0,0,0,0,0,,0,0,0,0,0,0,0,0,0,0,0,,0
00-0037258,Dameon Pierce,RB,2024,11,REG,2024_11_HOU_DAL,HOU,DAL,0,0,0,0,0,0,0,1,2,0,0,0,0,0,0,0,0,0,0,0,,0,0,0,0,0,0,0,0,0,0,0,,0
00-0037261,Khalil Shakir,WR,2024,11,REG,2024_11_KC_BUF,BUF,KC,0,0,0,0,0,0,0,0,0,0,0,0,8,12,70,0,4,0,0,0,,0,0,0,0,0,0,0,0,0,0,0,,0
00-0037263,Tyler Allgeier,RB,2024,11,REG,2024_11_ATL_DEN,ATL,DEN,0,0,0,0,0,0,0,0,0,0,0,0,1,1,-1,0,0,0,0,0,,0,0,0,0,0,0,0,0,0,0,0,,0
00-0037267,Jerome Ford,RB,2024,11,REG,2024_11_CLE_NO,CLE,NO,0,0,0,0,0,0,0,5,10,0,0,0,4,4,29,0,2,0,0,0,,0,0,0,0,0,0,0,0,0,0,0,,0
00-0037284,Matt Araiza,P,2024,11,REG,2024_11_KC_BUF,KC,BUF,0,0,0,0,0,0,0,0,0,0,0,0,0,0,0,0,0,0,0,0,,0,0,0,0,0,0,0,0,4,193,137,58,1
00-0037287,Vederian Lowe,OT,2024,11,REG,2024_11_LA_NE,NE,LA,0,0,0,0,0,0,0,0,0,0,0,0,1,1,4,1,1,0,0,0,,0,0,0,0,0,0,0,0,0,0,0,,0
00-0037291,Jalen Nailor,WR,2024,11,REG,2024_11_MIN_TEN,MIN,TEN,0,0,0,0,0,0,0,0,0,0,0,0,0,2,0,0,0,0,0,0,,0,0,0,0,0,0,0,0,0,0,0,,0
00-0037292,Andrew Ogletree,TE,2024,11,REG,2024_11_IND_NYJ,IND,NYJ,0,0,0,0,0,0,0,0,0,0,0,0,1,1,8,0,1,0,0,0,,0,0,0,0,0,0,0,0,0,0,0,,0
00-0037500,Ryan Wright,P,2024,11,REG,2024_11_MIN_TEN,MIN,TEN,0,0,0,0,0,0,0,0,0,0,0,0,0,0,0,0,0,0,0,0,,0,0,0,0,0,0,0,0,5,222,176,66,3
00-0037525,Jordan Mason,RB,2024,11,REG,2024_11_SEA_SF,SF,SEA,0,0,0,0,0,0,0,2,13,0,1,0,0,0,0,0,0,0,0,0,,0,0,0,0,0,0,0,0,0,0,0,,0
00-0037542,John Parker Romo,K,2024,11,REG,2024_11_MIN_TEN,MIN,TEN,0,0,0,0,0,0,0,0,0,0,0,0,0,0,0,0,0,0,1,1,40,0,0,0,1,0,0,2,3,0,0,0,,0
00-0037547,Daniel Whelan,P,2024,11,REG,2024_11_GB_CHI,GB,CHI,0,0,0,0,0,0,0,0,0,0,0,0,0,0,0,0,0,0,0,0,,0,0,0,0,0,0,0,0,1,47,47,47,1
00-0037569,Peyton Hendershot,TE,2024,11,REG,2024_11_KC_BUF,KC,BUF,0,0,0,0,0,0,0,0,0,0,0,0,1,1,11,0,1,0,0,0,,0,0,0,0,0,0,0,0,0,0,0,,0
00-0037578,Juanyeh Thomas,SAF,2024,11,REG,2024_11_HOU_DAL,DAL,HOU,0,0,0,0,0,0,0,0,0,0,0,0,1,1,4,0,0,0,0,0,,0,0,0,0,0,0,0,0,0,0,0,,0
00-0037607,Ryan Stonehouse,P,2024,11,REG,2024_11_MIN_TEN,TEN,MIN,0,0,0,0,0,0,0,0,0,0,0,0,0,0,0,0,0,0,0,0,,0,0,0,0,0,0,0,0,5,241,204,62,1
00-0037614,John Metchie III,WR,2024,11,REG,2024_11_HOU_DAL,HOU,DAL,0,0,0,0,0,0,0,0,0,0,0,0,3,3,33,0,2,0,0,0,,0,0,0,0,0,0,0,0,0,0,0,,0
00-0037617,Hassan Haskins,RB,2024,11,REG,2024_11_CIN_LAC,LAC,CIN,0,0,0,0,0,0,0,2,1,0,0,0,0,0,0,0,0,0,0,0,,0,0,0,0,0,0,0,0,0,0,0,,0
00-0037654,Tucker Fisk,TE,2024,11,REG,2024_11_CIN_LAC,LAC,CIN,0,0,0,0,0,0,0,0,0,0,0,0,1,2,6,0,0,0,0,0,,0,0,0,0,0,0,0,0,0,0,0,,0
00-0037664,Alec Pierce,WR,2024,11,REG,2024_11_IND_NYJ,IND,NYJ,0,0,0,0,0,0,0,0,0,0,0,0,3,4,74,0,3,0,0,0,,0,0,0,0,0,0,0,0,0,0,0,,0
00-0037666,Jalen Tolbert,WR,2024,11,REG,2024_11_HOU_DAL,DAL,HOU,0,0,0,0,0,0,0,0,0,0,0,0,2,5,21,0,1,0,0,0,,0,0,0,0,0,0,0,0,0,0,0,,0
00-0037692,Brandon Aubrey,K,2024,11,REG,2024_11_HOU_DAL,DAL,HOU,0,0,0,0,0,0,0,0,0,0,0,0,0,0,0,0,0,0,1,2,53,0,0,0,0,1,0,1,1,0,0,0,,0
00-0037740,Garrett Wilson,WR,2024,11,REG,2024_11_IND_NYJ,NYJ,IND,0,0,0,0,0,0,0,0,0,0,0,0,4,8,18,0,0,0,0,0,,0,0,0,0,0,0,0,0,0,0,0,,0
00-0037741,Jahan Dotson,WR,2024,11,REG,2024_11_WAS_PHI,PHI,WAS,0,0,0,0,0,0,0,0,0,0,0,0,1,2,8,0,0,0,0,0,,0,0,0,0,0,0,0,0,0,0,0,,0
00-0037746,Brian Robinson,RB,2024,11,REG,2024_11_WAS_PHI,WAS,PHI,0,0,0,0,0,0,0,16,63,1,4,0,1,1,9,0,0,0,0,0,,0,0,0,0,0,0,0,0,0,0,0,,0
00-0037801,KaVontae Turpin,WR,2024,11,REG,2024_11_HOU_DAL,DAL,HOU,0,0,0,0,0,0,0,0,0,0,0,0,3,3,86,1,3,0,0,0,,0,0,0,0,0,0,0,0,0,0,0,,0
00-0037805,Jeremy Ruckert,TE,2024,11,REG,2024_11_IND_NYJ,NYJ,IND,0,0,0,0,0,0,0,0,0,0,0,0,1,2,6,0,1,0,0,0,,0,0,0,0,0,0,0,0,0,0,0,,0
00-0037809,Chig Okonkwo,TE,2024,11,REG,2024_11_MIN_TEN,TEN,MIN,0,0,0,0,0,0,0,0,0,0,0,0,2,4,19,0,1,0,0,0,,0,0,0,0,0,0,0,0,0,0,0,,0
00-0037816,Romeo Doubs,WR,2024,11,REG,2024_11_GB_CHI,GB,CHI,0,0,0,0,0,0,0,0,0,0,0,0,1,2,17,0,1,0,0,0,,0,0,0,0,0,0,0,0,0,0,0,,0
00-0037834,Brock Purdy,QB,2024,11,REG,2024_11_SEA_SF,SF,SEA,21,28,159,1,1,2,-13,5,40,1,3,0,0,0,0,0,0,0,0,0,,0,0,0,0,0,0,0,0,0,0,0,,0
00-0037837,Calvin Austin III,WR,2024,11,REG,2024_11_BAL_PIT,PIT,BAL,0,0,0,0,0,0,0,0,0,0,0,0,1,2,-1,0,0,0,0,0,,0,0,0,0,0,0,0,0,0,0,0,,0
00-0037838,Isaiah Likely,TE,2024,11,REG,2024_11_BAL_PIT,BAL,PIT,0,0,0,0,0,0,0,0,0,0,0,0,4,5,75,0,3,1,0,0,,0,0,0,0,0,0,0,0,0,0,0,,0
00-0037840,Kyren Williams,RB,2024,11,REG,2024_11_LA_NE,LA,NE,0,0,0,0,0,0,0,15,86,0,3,0,0,0,0,0,0,0,0,0,,0,0,0,0,0,0,0,0,0,0,0,,0
00-0038040,Zamir White,RB,2024,11,REG,2024_11_LV_MIA,LV,MIA,0,0,0,0,0,0,0,5,9,0,0,0,0,0,0,0,0,0,0,0,,0,0,0,0,0,0,0,0,0,0,0,,0
00-0038041,Jake Ferguson,TE,2024,11,REG,2024_11_HOU_DAL,DAL,HOU,0,0,0,0,0,0,0,0,0,0,0,0,1,1,11,0,1,0,0,0,,0,0,0,0,0,0,0,0,0,0,0,,0
00-0038094,Jordan Stout,P,2024,11,REG,2024_11_BAL_PIT,BAL,PIT,0,0,0,0,0,0,0,0,0,0,0,0,0,0,0,0,0,0,0,0,,0,0,0,0,0,0,0,0,4,217,184,70,1
00-0038098,Pierre Strong,RB,2024,11,REG,2024_11_CLE_NO,CLE,NO,0,0,0,0,0,0,0,2,5,0,0,0,0,0,0,0,0,0,0,0,,0,0,0,0,0,0,0,0,0,0,0,,0
00-0038120,Breece Hall,RB,2024,11,REG,2024_11_IND_NYJ,NYJ,IND,0,0,0,0,0,0,0,16,78,1,3,0,7,7,43,1,1,0,0,0,,0,0,0,0,0,0,0,0,0,0,0,,0
00-0038124,Christian Watson,WR,2024,11,REG,2024_11_GB_CHI,GB,CHI,0,0,0,0,0,0,0,0,0,0,0,0,4,4,150,0,4,0,0,0,,0,0,0,0,0,0,0,0,0,0,0,,0
00-0038134,Kenneth Walker III,RB,2024,11,REG,2024_11_SEA_SF,SEA,SF,0,0,0,0,0,0,0,14,54,1,4,0,2,2,5,0,0,0,0,0,,0,0,0,0,0,0,0,0,0,0,0,,0
00-0038393,Dontayvion Wicks,WR,2024,11,REG,2024_11_GB_CHI,GB,CHI,0,0,0,0,0,0,0,0,0,0,0,0,0,1,0,0,0,0,0,0,,0,0,0,0,0,0,0,0,0,0,0,,0
00-0038402,Anders Carlson,K,2024,11,REG,2024_11_IND_NYJ,NYJ,IND,0,0,0,0,0,0,0,0,0,0,0,0,0,0,0,0,0,0,2,2,58,0,0,1,0,1,0,3,3,0,0,0,,0
00-0038496,Xavier Gipson,WR,2024,11,REG,2024_11_IND_NYJ,NYJ,IND,0,0,0,0,0,0,0,0,0,0,0,0,1,1,17,0,1,0,0,0,,0,0,0,0,0,0,0,0,0,0,0,,0
00-0038542,Bijan Robinson,RB,2024,11,REG,2024_11_ATL_DEN,ATL,DEN,0,0,0,0,0,0,0,12,35,0,1,0,4,4,28,0,2,0,0,0,,0,0,0,0,0,0,0,0,0,0,0,,0
00-0038543,Jaxon Smith-Njigba,WR,2024,11,REG,2024_11_SEA_SF,SEA,SF,0,0,0,0,0,0,0,1,8,0,1,0,10,11,110,0,6,0,0,0,,0,0,0,0,0,0,0,0,0,0,0,,0
00-0038544,Quentin Johnston,WR,2024,11,REG,2024_11_CIN_LAC,LAC,CIN,0,0,0,0,0,0,0,0,0,0,0,0,2,8,48,1,2,0,0,0,,0,0,0,0,0,0,0,0,0,0,0,,0
00-0038547,Luke Schoonmaker,TE,2024,11,REG,2024_11_HOU_DAL,DAL,HOU,0,0,0,0,0,0,0,0,0,0,0,0,6,10,56,0,2,0,0,0,,0,0,0,0,0,0,0,0,0,0,0,,0
00-0038550,Hendon Hooker,QB,2024,11,REG,2024_11_JAX_DET,DET,JAX,3,4,37,0,0,0,0,4,3,0,1,0,0,0,0,0,0,0,0,0,,0,0,0,0,0,0,0,0,0,0,0,,0
00-0038558,Darnell Washington,TE,2024,11,REG,2024_11_BAL_PIT,PIT,BAL,0,0,0,0,0,0,0,0,0,0,0,0,2,4,42,0,2,0,0,0,,0,0,0,0,0,0,0,0,0,0,0,,0
00-0038562,Jake Moody,K,2024,11,REG,2024_11_SEA_SF,SF,SEA,0,0,0,0,0,0,0,0,0,0,0,0,0,0,0,0,0,0,1,1,33,0,0,1,0,0,0,2,2,0,0,0,,0
00-0038563,Tre Tucker,WR,2024,11,REG,2024_11_LV_MIA,LV,MIA,0,0,0,0,0,0,0,1,7,0,0,0,3,4,28,0,1,0,0,0,,0,0,0,0,0,0,0,0,0,0,0,,0
00-0038573,Derius Davis,WR,2024,11,REG,2024_11_CIN_LAC,LAC,CIN,0,0,0,0,0,0,0,1,6,0,0,0,1,2,14,0,1,0,0,0,,0,0,0,0,0,0,0,0,0,0,0,,0
00-0038583,Dorian Thompson-Robinson,QB,2024,11,REG,2024_11_CLE_NO,CLE,NO,0,1,0,0,0,0,0,0,0,0,0,0,0,0,0,0,0,0,0,0,,0,0,0,0,0,0,0,0,0,0,0,,0
00-0038589,Josh Whyle,TE,2024,11,REG,2024_11_MIN_TEN,TEN,MIN,0,0,0,0,0,0,0,0,0,0,0,0,1,1,6,0,0,0,0,0,,0,0,0,0,0,0,0,0,0,0,0,,0
00-0038597,Chase Brown,RB,2024,11,REG,2024_11_CIN_LAC,CIN,LAC,0,0,0,0,0,0,0,22,86,0,4,0,5,7,57,0,2,0,0,0,,0,0,0,0,0,0,0,0,0,0,0,,0
00-0038606,Parker Washington,WR,2024,11,REG,2024_11_JAX_DET,JAX,DET,0,0,0,0,0,0,0,0,0,0,0,0,1,3,10,0,0,0,0,0,,0,0,0,0,0,0,0,0,0,0,0,,0
00-0038608,Kayshon Boutte,WR,2024,11,REG,2024_11_LA_NE,NE,LA,0,0,0,0,0,0,0,0,0,0,0,0,4,6,33,0,3,0,0,0,,0,0,0,0,0,0,0,0,0,0,0,,0
00-0038610,Bryce Baringer,P,2024,11,REG,2024_11_LA_NE,NE,LA,0,0,0,0,0,0,0,0,0,0,0,0,0,0,0,0,0,0,0,0,,0,0,0,0,0,0,0,0,2,74,54,42,1
00-0038619,Andrei Iosivas,WR,2024,11,REG,2024_11_CIN_LAC,CIN,LAC,0,0,0,0,0,0,0,0,0,0,0,0,3,3,46,0,2,0,0,0,,0,0,0,0,0,0,0,0,0,0,0,,0
00-0038621,DeMario Douglas,WR,2024,11,REG,2024_11_LA_NE,NE,LA,0,0,0,0,0,0,0,0,0,0,0,0,4,6,59,0,3,0,0,0,,0,0,0,0,0,0,0,0,0,0,0,,0
00-0038622,Deuce Vaughn,RB,2024,11,REG,2024_11_HOU_DAL,DAL,HOU,0,0,0,0,0,0,0,4,13,0,0,0,1,2,4,0,0,0,0,0,,0,0,0,0,0,0,0,0,0,0,0,,0
00-0038678,Jordan Mims,RB,2024,11,REG,2024_11_CLE_NO,NO,CLE,0,0,0,0,0,0,0,2,3,0,0,0,0,0,0,0,0,0,0,0,,0,0,0,0,0,0,0,0,0,0,0,,0
00-0038685,Chris Brooks,RB,2024,11,REG,2024_11_GB_CHI,GB,CHI,0,0,0,0,0,0,0,0,0,0,0,0,2,2,13,0,1,0,0,0,,0,0,0,0,0,0,0,0,0,0,0,,0
00-0038720,Julian Hill,TE,2024,11,REG,2024_11_LV_MIA,MIA,LV,0,0,0,0,0,0,0,0,0,0,0,0,2,3,28,0,2,0,0,0,,0,0,0,0,0,0,0,0,0,0,0,,0
00-0038783,Nate Adkins,TE,2024,11,REG,2024_11_ATL_DEN,DEN,ATL,0,0,0,0,0,0,0,0,0,0,0,0,1,1,12,1,1,0,0,0,,0,0,0,0,0,0,0,0,0,0,0,,0
00-0038794,Jaleel McLaughlin,RB,2024,11,REG,2024_11_ATL_DEN,DEN,ATL,0,0,0,0,0,0,0,4,19,0,1,0,0,0,0,0,0,0,0,0,,0,0,0,0,0,0,0,0,0,0,0,,0
00-0038797,Emanuel Wilson,RB,2024,11,REG,2024_11_GB_CHI,GB,CHI,0,0,0,0,0,0,0,2,17,0,1,0,0,0,0,0,0,0,0,0,,0,0,0,0,0,0,0,0,0,0,0,,0
00-0038905,Blake Grupe,K,2024,11,REG,2024_11_CLE_NO,NO,CLE,0,0,0,0,0,0,0,0,0,0,0,0,0,0,0,0,0,0,0,0,,0,0,0,0,0,0,5,5,0,0,0,,0
00-0038935,Brenton Strange,TE,2024,11,REG,2024_11_JAX_DET,JAX,DET,0,0,0,0,0,0,0,0,0,0,0,0,1,1,6,0,1,0,0,0,,0,0,0,0,0,0,0,0,0,0,0,,0
00-0038976,Marvin Mims Jr.,WR,2024,11,REG,2024_11_ATL_DEN,DEN,ATL,0,0,0,0,0,0,0,3,4,0,1,0,2,2,49,1,2,0,0,0,,0,0,0,0,0,0,0,0,0,0,0,,0
00-0038977,Tank Dell,WR,2024,11,REG,2024_11_HOU_DAL,HOU,DAL,0,0,0,0,0,0,0,1,4,0,0,0,4,7,54,0,3,0,0,0,,0,0,0,0,0,0,0,0,0,0,0,,0
00-0038979,Cedric Tillman,WR,2024,11,REG,2024_11_CLE_NO,CLE,NO,0,0,0,0,0,0,0,0,0,0,0,0,3,8,47,0,2,0,0,0,,0,0,0,0,0,0,0,0,0,0,0,,0
00-0038994,Jordan Addison,WR,2024,11,REG,2024_11_MIN_TEN,MIN,TEN,0,0,0,0,0,0,0,0,0,0,0,0,3,8,61,1,2,0,0,0,,0,0,0,0,0,0,0,0,0,0,0,,0
00-0038996,Tucker Kraft,TE,2024,11,REG,2024_11_GB_CHI,GB,CHI,0,0,0,0,0,0,0,0,0,0,0,0,0,1,0,0,0,0,0,0,,0,0,0,0,0,0,0,0,0,0,0,,0
00-0038997,Josh Downs,WR,2024,11,REG,2024_11_IND_NYJ,IND,NYJ,0,0,0,0,0,0,0,0,0,0,0,0,5,5,84,1,5,0,0,0,,0,0,0,0,0,0,0,0,0,0,0,,0
00-0038998,Jake Haener,QB,2024,11,REG,2024_11_CLE_NO,NO,CLE,0,0,0,0,0,0,0,2,-2,0,0,0,0,0,0,0,0,0,0,0,,0,0,0,0,0,0,0,0,0,0,0,,0
00-0039021,Roschon Johnson,RB,2024,11,REG,2024_11_GB_CHI,CHI,GB,0,0,0,0,0,0,0,10,33,1,3,0,1,1,8,0,1,0,0,0,,0,0,0,0,0,0,0,0,0,0,0,,0
00-0039032,Tyjae Spears,RB,2024,11,REG,2024_11_MIN_TEN,TEN,MIN,0,0,0,0,0,0,0,3,0,0,0,0,2,3,8,0,0,0,0,0,,0,0,0,0,0,0,0,0,0,0,0,,0
00-0039040,De'Von Achane,RB,2024,11,REG,2024_11_LV_MIA,MIA,LV,0,0,0,0,0,0,0,17,73,1,4,0,4,4,32,0,1,0,0,0,,0,0,0,0,0,0,0,0,0,0,0,,0
00-0039059,Ethan Evans,P,2024,11,REG,2024_11_LA_NE,LA,NE,0,0,0,0,0,0,0,0,0,0,0,0,0,0,0,0,0,0,0,0,,0,0,0,0,0,0,0,0,4,138,138,50,3
00-0039062,Jonathan Mingo,WR,2024,11,REG,2024_11_HOU_DAL,DAL,HOU,0,0,0,0,0,0,0,0,0,0,0,0,0,4,0,0,0,0,0,0,,0,0,0,0,0,0,0,0,0,0,0,,0
00-0039064,Zay Flowers,WR,2024,11,REG,2024_11_BAL_PIT,BAL,PIT,0,0,0,0,0,0,0,0,0,0,0,0,2,6,39,1,2,0,0,0,,0,0,0,0,0,0,0,0,0,0,0,,0
00-0039066,Michael Mayer,TE,2024,11,REG,2024_11_LV_MIA,LV,MIA,0,0,0,0,0,0,0,0,0,0,0,0,1,3,5,0,0,0,0,0,,0,0,0,0,0,0,0,0,0,0,0,,0
00-0039075,Puka Nacua,WR,2024,11,REG,2024_11_LA_NE,LA,NE,0,0,0,0,0,0,0,0,0,0,0,0,7,9,123,1,7,0,0,0,,0,0,0,0,0,0,0,0,0,0,0,,0
00-0039139,Jahmyr Gibbs,RB,2024,11,REG,2024_11_JAX_DET,DET,JAX,0,0,0,0,0,0,0,11,69,1,3,0,1,1,54,0,1,0,0,0,,0,0,0,0,0,0,0,0,0,0,0,,0
00-0039146,Jayden Reed,WR,2024,11,REG,2024_11_GB_CHI,GB,CHI,0,0,0,0,0,0,0,1,-5,0,0,0,2,2,23,1,2,0,0,0,,0,0,0,0,0,0,0,0,0,0,0,,0
00-0039152,Will Levis,QB,2024,11,REG,2024_11_MIN_TEN,TEN,MIN,17,31,295,1,1,5,-34,7,18,0,2,0,0,0,0,0,0,0,0,0,,0,0,0,0,0,0,0,0,0,0,0,,0
00-0039163,C.J. Stroud,QB,2024,11,REG,2024_11_HOU_DAL,HOU,DAL,23,34,257,0,1,1,-7,3,26,0,1,0,0,0,0,0,0,0,0,0,,0,0,0,0,0,0,0,0,0,0,0,,0
00-0039164,Anthony Richardson,QB,2024,11,REG,2024_11_IND_NYJ,IND,NYJ,20,30,272,1,0,2,-31,10,32,2,3,0,0,0,0,0,0,0,0,0,,0,0,0,0,0,0,0,0,0,0,0,,0
00-0039165,Zach Charbonnet,RB,2024,11,REG,2024_11_SEA_SF,SEA,SF,0,0,0,0,0,0,0,4,3,0,1,0,2,2,2,0,0,0,0,0,,0,0,0,0,0,0,0,0,0,0,0,,0
00-0039172,Jake Bates,K,2024,11,REG,2024_11_JAX_DET,DET,JAX,0,0,0,0,0,0,0,0,0,0,0,0,0,0,0,0,0,0,1,1,54,0,0,0,0,1,0,7,7,0,0,0,,0
00-0039323,Ryan Rehkow,P,2024,11,REG,2024_11_CIN_LAC,CIN,LAC,0,0,0,0,0,0,0,0,0,0,0,0,0,0,0,0,0,0,0,0,,0,0,0,0,0,0,0,0,5,250,212,64,2
00-0039325,Carson Steele,RB,2024,11,REG,2024_11_KC_BUF,KC,BUF,0,0,0,0,0,0,0,1,2,0,1,0,1,1,5,0,0,0,0,0,,0,0,0,0,0,0,0,0,0,0,0,,0
00-0039338,Brock Bowers,TE,2024,11,REG,2024_11_LV_MIA,LV,MIA,0,0,0,0,0,0,0,1,-3,0,0,0,13,16,126,1,10,0,0,0,,0,0,0,0,0,0,0,0,0,0,0,,0
00-0039355,Luke McCaffrey,WR,2024,11,REG,2024_11_WAS_PHI,WAS,PHI,0,0,0,0,0,0,0,0,0,0,0,0,0,1,0,0,0,0,0,0,,0,0,0,0,0,0,0,0,0,0,0,,0
00-0039359,Cade Stover,TE,2024,11,REG,2024_11_HOU_DAL,HOU,DAL,0,0,0,0,0,0,0,0,0,0,0,0,2,2,15,0,1,0,0,0,,0,0,0,0,0,0,0,0,0,0,0,,0
00-0039364,Sione Vaki,RB,2024,11,REG,2024_11_JAX_DET,DET,JAX,0,0,0,0,0,0,0,5,9,0,0,0,0,0,0,0,0,0,0,0,,0,0,0,0,0,0,0,0,0,0,0,,0
00-0039373,Audric Estimé,RB,2024,11,REG,2024_11_ATL_DEN,DEN,ATL,0,0,0,0,0,0,0,6,16,0,0,0,3,3,9,0,1,0,0,0,,0,0,0,0,0,0,0,0,0,0,0,,0
00-0039379,Jamari Thrash,WR,2024,11,REG,2024_11_CLE_NO,CLE,NO,0,0,0,0,0,0,0,0,0,0,0,0,1,1,11,0,1,0,0,0,,0,0,0,0,0,0,0,0,0,0,0,,0
00-0039393,Jase McClellan,RB,2024,11,REG,2024_11_ATL_DEN,ATL,DEN,0,0,0,0,0,0,0,8,15,0,1,0,0,0,0,0,0,0,0,0,,0,0,0,0,0,0,0,0,0,0,0,,0
00-0039394,Casey Washington,WR,2024,11,REG,2024_11_ATL_DEN,ATL,DEN,0,0,0,0,0,0,0,0,0,0,0,0,0,1,0,0,0,0,0,0,,0,0,0,0,0,0,0,0,0,0,0,,0
00-0039409,Cam Little,K,2024,11,REG,2024_11_JAX_DET,JAX,DET,0,0,0,0,0,0,0,0,0,0,0,0,0,0,0,0,0,0,2,2,59,0,0,1,0,1,0,0,0,0,0,0,,0
00-0039410,Ryan Flournoy,WR,2024,11,REG,2024_11_HOU_DAL,DAL,HOU,0,0,0,0,0,0,0,0,0,0,0,0,2,3,19,0,1,0,0,0,,0,0,0,0,0,0,0,0,0,0,0,,0
00-0039420,Jaheim Bell,TE,2024,11,REG,2024_11_LA_NE,NE,LA,0,0,0,0,0,0,0,0,0,0,0,0,0,1,0,0,0,0,0,0,,0,0,0,0,0,0,0,0,0,0,0,,0
00-0039424,Devaughn Vele,WR,2024,11,REG,2024_11_ATL_DEN,DEN,ATL,0,0,0,0,0,0,0,0,0,0,0,0,4,5,66,0,2,0,0,0,,0,0,0,0,0,0,0,0,0,0,0,,0
00-0039530,Brevyn Spann-Ford,TE,2024,11,REG,2024_11_HOU_DAL,DAL,HOU,0,0,0,0,0,0,0,0,0,0,0,0,4,5,42,0,4,0,0,0,,0,0,0,0,0,0,0,0,0,0,0,,0
00-0039543,Ramel Keyton,WR,2024,11,REG,2024_11_LV_MIA,LV,MIA,0,0,0,0,0,0,0,0,0,0,0,0,0,1,0,0,0,0,0,0,,0,0,0,0,0,0,0,0,0,0,0,,0
00-0039576,Spencer Shrader,K,2024,11,REG,2024_11_KC_BUF,KC,BUF,0,0,0,0,0,0,0,0,0,0,0,0,0,0,0,0,0,0,0,0,,0,0,0,0,0,0,3,3,0,0,0,,0
00-0039611,Matthew Hayball,P,2024,11,REG,2024_11_CLE_NO,NO,CLE,0,0,0,0,0,0,0,0,0,0,0,0,0,0,0,0,0,0,0,0,,0,0,0,0,0,0,0,0,3,110,110,43,3
00-0039650,Bryce Oliver,WR,2024,11,REG,2024_11_MIN_TEN,TEN,MIN,0,0,0,0,0,0,0,0,0,0,0,0,1,1,33,0,1,0,0,0,,0,0,0,0,0,0,0,0,0,0,0,,0
00-0039732,Bo Nix,QB,2024,11,REG,2024_11_ATL_DEN,DEN,ATL,28,33,307,4,0,1,-12,2,5,0,0,0,0,0,0,0,0,0,0,0,,0,0,0,0,0,0,0,0,0,0,0,,0
00-0039738,Blake Corum,RB,2024,11,REG,2024_11_LA_NE,LA,NE,0,0,0,0,0,0,0,5,21,0,1,0,1,1,7,0,0,0,0,0,,0,0,0,0,0,0,0,0,0,0,0,,0
00-0039745,Tory Taylor,P,2024,11,REG,2024_11_GB_CHI,CHI,GB,0,0,0,0,0,0,0,0,0,0,0,0,0,0,0,0,0,0,0,0,,0,0,0,0,0,0,0,0,2,83,67,48,1
00-0039750,Joshua Karty,K,2024,11,REG,2024_11_LA_NE,LA,NE,0,0,0,0,0,0,0,0,0,0,0,0,0,0,0,0,0,0,0,1,,0,0,0,0,0,0,4,4,0,0,0,,0
00-0039793,AJ Barner,TE,2024,11,REG,2024_11_SEA_SF,SEA,SF,0,0,0,0,0,0,0,0,0,0,0,0,2,4,15,0,0,0,0,0,,0,0,0,0,0,0,0,0,0,0,0,,0
00-0039794,Braelon Allen,RB,2024,11,REG,2024_11_IND_NYJ,NYJ,IND,0,0,0,0,0,0,0,2,6,0,0,0,0,0,0,0,0,0,0,0,,0,0,0,0,0,0,0,0,0,0,0,,0
00-0039810,Jermaine Burton,WR,2024,11,REG,2024_11_CIN_LAC,CIN,LAC,0,0,0,0,0,0,0,0,0,0,0,0,1,4,8,0,1,0,0,0,,0,0,0,0,0,0,0,0,0,0,0,,0
00-0039851,Drake Maye,QB,2024,11,REG,2024_11_LA_NE,NE,LA,29,39,282,2,1,3,-25,3,27,0,1,0,0,0,0,0,0,0,0,0,,0,0,0,0,0,0,0,0,0,0,0,,0
00-0039868,Troy Franklin,WR,2024,11,REG,2024_11_ATL_DEN,DEN,ATL,0,0,0,0,0,0,0,0,0,0,0,0,2,2,15,1,1,0,0,0,,0,0,0,0,0,0,0,0,0,0,0,,0
00-0039874,Jaylen Wright,RB,2024,11,REG,2024_11_LV_MIA,MIA,LV,0,0,0,0,0,0,0,5,4,0,0,0,1,1,2,0,0,0,0,0,,0,0,0,0,0,0,0,0,0,0,0,,0
00-0039875,Ray Davis,RB,2024,11,REG,2024_11_KC_BUF,BUF,KC,0,0,0,0,0,0,0,5,11,0,1,0,0,0,0,0,0,0,0,0,,0,0,0,0,0,0,0,0,0,0,0,,0
00-0039880,Malik Washington,WR,2024,11,REG,2024_11_LV_MIA,MIA,LV,0,0,0,0,0,0,0,1,7,0,0,0,3,3,11,0,0,0,0,0,,0,0,0,0,0,0,0,0,0,0,0,,0
00-0039890,Adonai Mitchell,WR,2024,11,REG,2024_11_IND_NYJ,IND,NYJ,0,0,0,0,0,0,0,1,2,0,0,0,1,2,33,0,1,0,0,0,,0,0,0,0,0,0,0,0,0,0,0,,0
00-0039893,Brian Thomas Jr.,WR,2024,11,REG,2024_11_JAX_DET,JAX,DET,0,0,0,0,0,0,0,1,4,0,0,0,5,7,82,0,4,0,0,0,,0,0,0,0,0,0,0,0,0,0,0,,0
00-0039894,Xavier Worthy,WR,2024,11,REG,2024_11_KC_BUF,KC,BUF,0,0,0,0,0,0,0,1,7,0,0,0,4,5,61,1,3,0,0,0,,0,0,0,0,0,0,0,0,0,0,0,,0
00-0039910,Jayden Daniels,QB,2024,11,REG,2024_11_WAS_PHI,WAS,PHI,22,32,191,1,1,3,-20,7,18,0,1,0,0,0,0,0,0,0,0,0,,0,0,0,0,0,0,0,0,0,0,0,,0
00-0039915,Ladd McConkey,WR,2024,11,REG,2024_11_CIN_LAC,LAC,CIN,0,0,0,0,0,0,0,0,0,0,0,0,6,9,123,0,6,0,0,0,,0,0,0,0,0,0,0,0,0,0,0,,0
00-0039916,Ricky Pearsall,WR,2024,11,REG,2024_11_SEA_SF,SF,SEA,0,0,0,0,0,0,0,0,0,0,0,0,0,2,0,0,0,0,0,0,,0,0,0,0,0,0,0,0,0,0,0,,0
00-0039917,Michael Penix Jr.,QB,2024,11,REG,2024_11_ATL_DEN,ATL,DEN,2,4,24,0,0,1,0,0,0,0,0,0,0,0,0,0,0,0,0,0,,0,0,0,0,0,0,0,0,0,0,0,,0
00-0039918,Caleb Williams,QB,2024,11,REG,2024_11_GB_CHI,CHI,GB,23,31,231,0,0,3,-19,9,70,0,5,0,0,0,0,0,0,0,0,0,,0,0,0,0,0,0,0,0,0,0,0,,0
00-0039919,Rome Odunze,WR,2024,11,REG,2024_11_GB_CHI,CHI,GB,0,0,0,0,0,0,0,0,0,0,0,0,6,10,65,0,3,0,0,0,,0,0,0,0,0,0,0,0,0,0,0,,0
00-0039920,Malachi Corley,WR,2024,11,REG,2024_11_IND_NYJ,NYJ,IND,0,0,0,0,0,0,0,0,0,0,0,0,1,1,10,0,0,0,0,0,,0,0,0,0,0,0,0,0,0,0,0,,0
00-0025565,Nick Folk,K,2024,12,REG,2024_12_TEN_HOU,TEN,HOU,0,0,0,0,0,0,0,0,0,0,0,0,0,0,0,0,0,0,3,3,56,0,0,0,0,3,0,3,3,0,0,0,,0
00-0026498,Matthew Stafford,QB,2024,12,REG,2024_12_PHI_LA,LA,PHI,24,36,243,2,0,5,-45,1,15,0,1,0,0,0,0,0,0,0,0,0,,0,0,0,0,0,0,0,0,0,0,0,,0
00-0026858,Graham Gano,K,2024,12,REG,2024_12_TB_NYG,NYG,TB,0,0,0,0,0,0,0,0,0,0,0,0,0,0,0,0,0,0,0,0,,0,0,0,0,0,0,1,1,0,0,0,,0
00-0028872,Johnny Hekker,P,2024,12,REG,2024_12_KC_CAR,CAR,KC,0,0,0,0,0,0,0,0,0,0,0,0,0,0,0,0,0,0,0,0,,0,0,0,0,0,0,0,0,2,103,107,55,1
00-0029263,Russell Wilson,QB,2024,12,REG,2024_12_PIT_CLE,PIT,CLE,21,28,270,1,0,4,-22,3,10,0,0,0,0,0,0,0,0,0,0,0,,0,0,0,0,0,0,0,0,0,0,0,,0
00-0029597,Justin Tucker,K,2024,12,REG,2024_12_BAL_LAC,BAL,LAC,0,0,0,0,0,0,0,0,0,0,0,0,0,0,0,0,0,0,1,1,45,0,0,0,1,0,0,3,3,0,0,0,,0
00-0029692,Bryan Anger,P,2024,12,REG,2024_12_DAL_WAS,DAL,WAS,0,0,0,0,0,0,0,0,0,0,0,0,0,0,0,0,0,0,0,0,,0,0,0,0,0,0,0,0,6,238,219,56,3
00-0029822,Brandon McManus,K,2024,12,REG,2024_12_SF_GB,GB,SF,0,0,0,0,0,0,0,0,0,0,0,0,0,0,0,0,0,0,1,1,51,0,0,0,0,1,0,5,5,0,0,0,,0
00-0029892,Kyle Juszczyk,FB,2024,12,REG,2024_12_SF_GB,SF,GB,0,0,0,0,0,0,0,0,0,0,0,0,1,1,14,0,1,0,0,0,,0,0,0,0,0,0,0,0,0,0,0,,0
00-0030035,Adam Thielen,WR,2024,12,REG,2024_12_KC_CAR,CAR,KC,0,0,0,0,0,0,0,0,0,0,0,0,3,4,57,0,2,0,0,0,,0,0,0,0,0,0,0,0,0,0,0,,0
00-0030061,Zach Ertz,TE,2024,12,REG,2024_12_DAL_WAS,WAS,DAL,0,0,0,0,0,0,0,0,0,0,0,0,6,8,38,1,3,0,0,0,,0,0,0,0,0,0,0,0,0,0,0,,0
00-0030098,Dustin Hopkins,K,2024,12,REG,2024_12_PIT_CLE,CLE,PIT,0,0,0,0,0,0,0,0,0,0,0,0,0,0,0,0,0,0,1,1,34,0,0,1,0,0,0,1,1,0,0,0,,0
00-0030140,Tress Way,P,2024,12,REG,2024_12_DAL_WAS,WAS,DAL,0,0,0,0,0,0,0,0,0,0,0,0,0,0,0,0,0,0,0,0,,0,0,0,0,0,0,0,0,6,247,249,51,5
00-0030279,Keenan Allen,WR,2024,12,REG,2024_12_MIN_CHI,CHI,MIN,0,0,0,0,0,0,0,0,0,0,0,0,9,15,86,1,4,0,0,0,,0,0,0,0,0,0,0,0,0,0,0,,0
00-0030431,Robert Woods,WR,2024,12,REG,2024_12_TEN_HOU,HOU,TEN,0,0,0,0,0,0,0,0,0,0,0,0,1,1,8,0,1,0,0,0,,0,0,0,0,0,0,0,0,0,0,0,,0
00-0030506,Travis Kelce,TE,2024,12,REG,2024_12_KC_CAR,KC,CAR,0,0,0,0,0,0,0,0,0,0,0,0,6,8,62,0,2,0,0,0,,0,0,0,0,0,0,0,0,0,0,0,,0
00-0030564,DeAndre Hopkins,WR,2024,12,REG,2024_12_KC_CAR,KC,CAR,0,0,0,0,0,0,0,0,0,0,0,0,5,6,35,1,4,0,0,0,,0,0,0,0,0,0,0,0,0,0,0,,0
00-0030565,Geno Smith,QB,2024,12,REG,2024_12_ARI_SEA,SEA,ARI,22,31,254,1,1,5,-34,3,2,0,0,0,0,0,0,0,0,0,0,0,,0,0,0,0,0,0,0,0,0,0,0,,0
00-0030578,Cordarrelle Patterson,RB,2024,12,REG,2024_12_PIT_CLE,PIT,CLE,0,0,0,0,0,0,0,1,-2,0,0,0,0,0,0,0,0,0,0,0,,0,0,0,0,0,0,0,0,0,0,0,,0
00-0031079,Pat O'Donnell,P,2024,12,REG,2024_12_SF_GB,SF,GB,0,0,0,0,0,0,0,0,0,0,0,0,0,0,0,0,0,0,0,0,,0,0,0,0,0,0,0,0,3,147,127,56,1
00-0031136,Chris Boswell,K,2024,12,REG,2024_12_PIT_CLE,PIT,CLE,0,0,0,0,0,0,0,0,0,0,0,0,0,0,0,0,0,0,2,3,48,0,1,0,1,0,0,1,1,0,0,0,,0
00-0031203,Cairo Santos,K,2024,12,REG,2024_12_MIN_CHI,CHI,MIN,0,0,0,0,0,0,0,0,0,0,0,0,0,0,0,0,0,0,2,3,49,0,0,0,2,0,0,1,1,0,0,0,,0
00-0031235,Odell Beckham Jr.,WR,2024,12,REG,2024_12_NE_MIA,MIA,NE,0,0,0,0,0,0,0,0,0,0,0,0,0,3,0,0,0,0,0,0,,0,0,0,0,0,0,0,0,0,0,0,,0
00-0031408,Mike Evans,WR,2024,12,REG,2024_12_TB_NYG,TB,NYG,0,0,0,0,0,0,0,0,0,0,0,0,5,6,68,0,3,0,0,0,,0,0,0,0,0,0,0,0,0,0,0,,0
00-0031492,Jason Myers,K,2024,12,REG,2024_12_ARI_SEA,SEA,ARI,0,0,0,0,0,0,0,0,0,0,0,0,0,0,0,0,0,0,1,1,50,0,0,0,0,1,0,1,2,0,0,0,,0
00-0031503,Jameis Winston,QB,2024,12,REG,2024_12_PIT_CLE,CLE,PIT,18,27,219,0,1,1,0,3,7,1,3,0,0,0,0,0,0,0,0,0,,0,0,0,0,0,0,0,0,0,0,0,,0
00-0031595,Michael Burton,FB,2024,12,REG,2024_12_DEN_LV,DEN,LV,0,0,0,0,0,0,0,1,3,0,1,0,1,1,8,0,0,0,0,0,,0,0,0,0,0,0,0,0,0,0,0,,0
00-0031687,Raheem Mostert,RB,2024,12,REG,2024_12_NE_MIA,MIA,NE,0,0,0,0,0,0,0,2,5,0,0,0,1,1,-3,0,0,0,0,0,,0,0,0,0,0,0,0,0,0,0,0,,0
00-0032104,Ameer Abdullah,RB,2024,12,REG,2024_12_DEN_LV,LV,DEN,0,0,0,0,0,0,0,8,28,0,2,0,5,6,37,1,2,0,0,0,,0,0,0,0,0,0,0,0,0,0,0,,0
00-0032128,Chris Conley,WR,2024,12,REG,2024_12_SF_GB,SF,GB,0,0,0,0,0,0,0,0,0,0,0,0,0,1,0,0,0,0,0,0,,0,0,0,0,0,0,0,0,0,0,0,,0
00-0032211,Tyler Lockett,WR,2024,12,REG,2024_12_ARI_SEA,SEA,ARI,0,0,0,0,0,0,0,0,0,0,0,0,2,3,20,0,1,0,0,0,,0,0,0,0,0,0,0,0,0,0,0,,0
00-0032385,Sterling Shepard,WR,2024,12,REG,2024_12_TB_NYG,TB,NYG,0,0,0,0,0,0,0,0,0,0,0,0,5,7,16,0,0,0,0,0,,0,0,0,0,0,0,0,0,0,0,0,,0
00-0032392,Austin Hooper,TE,2024,12,REG,2024_12_NE_MIA,NE,MIA,0,0,0,0,0,0,0,0,0,0,0,0,4,4,59,1,2,0,0,0,,0,0,0,0,0,0,0,0,0,0,0,,0
00-0032394,Nick Vannett,TE,2024,12,REG,2024_12_TEN_HOU,TEN,HOU,0,0,0,0,0,0,0,0,0,0,0,0,0,1,0,0,0,0,0,0,,0,0,0,0,0,0,0,0,0,0,0,,0
00-0032434,Brandon Allen,QB,2024,12,REG,2024_12_SF_GB,SF,GB,17,29,199,1,1,2,-2,2,5,0,0,0,0,0,0,0,0,0,0,0,,0,0,0,0,0,0,0,0,0,0,0,,0
00-0032464,Kalif Raymond,WR,2024,12,REG,2024_12_DET_IND,DET,IND,0,0,0,0,0,0,0,0,0,0,0,0,0,1,0,0,0,0,0,0,,0,0,0,0,0,0,0,0,0,0,0,,0
00-0032569,Wil Lutz,K,2024,12,REG,2024_12_DEN_LV,DEN,LV,0,0,0,0,0,0,0,0,0,0,0,0,0,0,0,0,0,0,5,5,54,0,0,2,1,2,0,2,2,0,0,0,,0
00-0032726,Ka'imi Fairbairn,K,2024,12,REG,2024_12_TEN_HOU,HOU,TEN,0,0,0,0,0,0,0,0,0,0,0,0,0,0,0,0,0,0,2,3,54,0,1,0,0,1,0,3,3,0,0,0,,0
00-0032764,Derrick Henry,RB,2024,12,REG,2024_12_BAL_LAC,BAL,LAC,0,0,0,0,0,0,0,24,140,0,9,0,0,0,0,0,0,0,0,0,,0,0,0,0,0,0,0,0,0,0,0,,0
00-0032775,Demarcus Robinson,WR,2024,12,REG,2024_12_PHI_LA,LA,PHI,0,0,0,0,0,0,0,0,0,0,0,0,2,3,15,1,2,0,0,0,,0,0,0,0,0,0,0,0,0,0,0,,0
00-0032918,C.J. Ham,FB,2024,12,REG,2024_12_MIN_CHI,MIN,CHI,0,0,0,0,0,0,0,0,0,0,0,0,0,1,0,0,0,0,0,0,,0,0,0,0,0,0,0,0,0,0,0,,0
00-0032943,Riley Dixon,P,2024,12,REG,2024_12_DEN_LV,DEN,LV,0,0,0,0,0,0,0,0,0,0,0,0,0,0,0,0,0,0,0,0,,0,0,0,0,0,0,0,0,4,192,178,54,2
00-0033009,Tyler Boyd,WR,2024,12,REG,2024_12_TEN_HOU,TEN,HOU,0,1,0,0,0,0,0,0,0,0,0,0,6,6,55,0,3,0,0,0,,0,0,0,0,0,0,0,0,0,0,0,,0
00-0033040,Tyreek Hill,WR,2024,12,REG,2024_12_NE_MIA,MIA,NE,0,0,0,0,0,0,0,0,0,0,0,0,5,6,48,0,3,0,0,0,,0,0,0,0,0,0,0,0,0,0,0,,0
00-0033045,Ezekiel Elliott,RB,2024,12,REG,2024_12_DAL_WAS,DAL,WAS,0,0,0,0,0,0,0,3,6,0,0,0,0,0,0,0,0,0,0,0,,0,0,0,0,0,0,0,0,0,0,0,,0
00-0033090,Hunter Henry,TE,2024,12,REG,2024_12_NE_MIA,NE,MIA,0,0,0,0,0,0,0,0,0,0,0,0,5,8,44,0,1,0,0,0,,0,0,0,0,0,0,0,0,0,0,0,,0
00-0033106,Jared Goff,QB,2024,12,REG,2024_12_DET_IND,DET,IND,26,36,269,0,0,3,-16,2,0,0,0,0,0,0,0,0,0,0,0,0,,0,0,0,0,0,0,0,0,0,0,0,,0
00-0033246,Johnny Mundt,TE,2024,12,REG,2024_12_MIN_CHI,MIN,CHI,0,0,0,0,0,0,0,0,0,0,0,0,1,1,7,0,0,0,0,0,,0,0,0,0,0,0,0,0,0,0,0,,0
00-0033269,Rigoberto Sanchez,P,2024,12,REG,2024_12_DET_IND,IND,DET,0,0,0,0,0,0,0,0,0,0,0,0,0,0,0,0,0,0,0,0,,0,0,0,0,0,0,0,0,6,317,272,62,2
00-0033280,Christian McCaffrey,RB,2024,12,REG,2024_12_SF_GB,SF,GB,0,0,0,0,0,0,0,11,31,0,2,0,3,4,37,0,1,1,0,0,,0,0,0,0,0,0,0,0,0,0,0,,0
00-0033288,George Kittle,TE,2024,12,REG,2024_12_SF_GB,SF,GB,0,0,0,0,0,0,0,0,0,0,0,0,6,6,82,1,4,0,0,0,,0,0,0,0,0,0,0,0,0,0,0,,0
00-0033293,Aaron Jones,RB,2024,12,REG,2024_12_MIN_CHI,MIN,CHI,0,0,0,0,0,0,0,22,106,1,5,1,3,4,23,0,1,0,0,0,,0,0,0,0,0,0,0,0,0,0,0,,0
00-0033307,Kendrick Bourne,WR,2024,12,REG,2024_12_NE_MIA,NE,MIA,0,1,0,0,0,0,0,0,0,0,0,0,3,5,30,0,2,0,0,0,,0,0,0,0,0,0,0,0,0,0,0,,0
00-0033319,Nick Mullens,QB,2024,12,REG,2024_12_MIN_CHI,MIN,CHI,1,1,14,0,0,0,0,0,0,0,0,0,0,0,0,0,0,0,0,0,,0,0,0,0,0,0,0,0,0,0,0,,0
00-0033375,Tim Patrick,WR,2024,12,REG,2024_12_DET_IND,DET,IND,0,0,0,0,0,0,0,0,0,0,0,0,4,4,55,0,3,0,0,0,,0,0,0,0,0,0,0,0,0,0,0,,0
00-0033439,Pharaoh Brown,TE,2024,12,REG,2024_12_ARI_SEA,SEA,ARI,0,0,0,0,0,0,0,0,0,0,0,0,2,2,19,0,1,0,0,0,,0,0,0,0,0,0,0,0,0,0,0,,0
00-0033526,Samaje Perine,RB,2024,12,REG,2024_12_KC_CAR,KC,CAR,0,0,0,0,0,0,0,1,13,0,1,0,2,2,11,0,1,0,0,0,,0,0,0,0,0,0,0,0,0,0,0,,0
00-0033553,James Conner,RB,2024,12,REG,2024_12_ARI_SEA,ARI,SEA,0,0,0,0,0,0,0,7,8,0,0,0,5,5,41,0,2,0,0,0,,0,0,0,0,0,0,0,0,0,0,0,,0
00-0033576,Eric Saubert,TE,2024,12,REG,2024_12_SF_GB,SF,GB,0,0,0,0,0,0,0,0,0,0,0,0,0,1,0,0,0,0,0,0,,0,0,0,0,0,0,0,0,0,0,0,,0
00-0033589,David Moore,WR,2024,12,REG,2024_12_KC_CAR,CAR,KC,0,0,0,0,0,0,0,0,0,0,0,0,6,10,81,1,6,0,0,0,,0,0,0,0,0,0,0,0,0,0,0,,0
00-0033591,Noah Brown,WR,2024,12,REG,2024_12_DAL_WAS,WAS,DAL,0,0,0,0,0,0,0,0,0,0,0,0,6,10,71,0,4,0,0,0,,0,0,0,0,0,0,0,0,0,0,0,,0
00-0033662,Cooper Rush,QB,2024,12,REG,2024_12_DAL_WAS,DAL,WAS,24,32,247,2,0,1,-6,4,1,0,0,0,0,0,0,0,0,0,0,0,,0,0,0,0,0,0,0,0,0,0,0,,0
00-0033699,Austin Ekeler,RB,2024,12,REG,2024_12_DAL_WAS,WAS,DAL,0,0,0,0,0,0,0,9,22,0,1,0,2,3,2,0,0,0,0,0,,0,0,0,0,0,0,0,0,0,0,0,,0
00-0033787,Jake Elliott,K,2024,12,REG,2024_12_PHI_LA,PHI,LA,0,0,0,0,0,0,0,0,0,0,0,0,0,0,0,0,0,0,3,3,31,0,2,1,0,0,0,4,4,0,0,0,,0
00-0033857,JuJu Smith-Schuster,WR,2024,12,REG,2024_12_KC_CAR,KC,CAR,0,0,0,0,0,0,0,0,0,0,0,0,1,2,6,0,0,0,0,0,,0,0,0,0,0,0,0,0,0,0,0,,0
00-0033858,Jonnu Smith,TE,2024,12,REG,2024_12_NE_MIA,MIA,NE,0,0,0,0,0,0,0,1,0,0,0,0,9,11,87,1,6,0,0,0,,0,0,0,0,0,0,0,0,0,0,0,,0
00-0033873,Patrick Mahomes,QB,2024,12,REG,2024_12_KC_CAR,KC,CAR,27,37,269,3,0,5,-43,5,60,0,3,0,0,0,0,0,0,0,0,0,,0,0,0,0,0,0,0,0,0,0,0,,0
00-0033885,David Njoku,TE,2024,12,REG,2024_12_PIT_CLE,CLE,PIT,0,0,0,0,0,0,0,0,0,0,0,0,1,5,9,0,0,0,0,0,,0,0,0,0,0,0,0,0,0,0,0,,0
00-0033897,Joe Mixon,RB,2024,12,REG,2024_12_TEN_HOU,HOU,TEN,0,0,0,0,0,0,0,14,22,0,0,0,5,6,23,0,1,0,0,0,,0,0,0,0,0,0,0,0,0,0,0,,0
00-0033908,Cooper Kupp,WR,2024,12,REG,2024_12_PHI_LA,LA,PHI,0,0,0,0,0,0,0,0,0,0,0,0,8,11,60,1,1,0,0,0,,0,0,0,0,0,0,0,0,0,0,0,,0
00-0033923,Kareem Hunt,RB,2024,12,REG,2024_12_KC_CAR,KC,CAR,0,0,0,0,0,0,0,16,68,0,4,0,3,4,19,0,1,0,0,0,,0,0,0,0,0,0,0,0,0,0,0,,0
00-0033955,Jeremy McNichols,RB,2024,12,REG,2024_12_DAL_WAS,WAS,DAL,0,0,0,0,0,0,0,3,22,0,1,0,0,0,0,0,0,0,0,0,,0,0,0,0,0,0,0,0,0,0,0,,0
00-0034159,Will Dissly,TE,2024,12,REG,2024_12_BAL_LAC,LAC,BAL,0,0,0,0,0,0,0,0,0,0,0,0,4,4,47,0,1,0,0,0,,0,0,0,0,0,0,0,0,0,0,0,,0
00-0034160,Michael Dickson,P,2024,12,REG,2024_12_ARI_SEA,SEA,ARI,0,0,0,0,0,0,0,0,0,0,0,0,0,0,0,0,0,0,0,0,,0,0,0,0,0,0,0,0,5,218,218,52,3
00-0034161,Daniel Carlson,K,2024,12,REG,2024_12_DEN_LV,LV,DEN,0,0,0,0,0,0,0,0,0,0,0,0,0,0,0,0,0,0,4,4,53,0,1,2,0,1,0,1,1,0,0,0,,0
00-0034162,J.K. Scott,P,2024,12,REG,2024_12_BAL_LAC,LAC,BAL,0,0,0,0,0,0,0,0,0,0,0,0,0,0,0,0,0,0,0,0,,0,0,0,0,0,0,0,0,4,165,165,45,2
00-0034173,Eddy Pineiro,K,2024,12,REG,2024_12_KC_CAR,CAR,KC,0,0,0,0,0,0,0,0,0,0,0,0,0,0,0,0,0,0,4,4,33,0,1,3,0,0,0,1,1,0,0,0,,0
00-0034184,Gus Edwards,RB,2024,12,REG,2024_12_BAL_LAC,LAC,BAL,0,0,0,0,0,0,0,9,11,1,3,0,0,1,0,0,0,0,0,0,,0,0,0,0,0,0,0,0,0,0,0,,0
00-0034348,Courtland Sutton,WR,2024,12,REG,2024_12_DEN_LV,DEN,LV,0,0,0,0,0,0,0,0,0,0,0,0,8,10,97,2,6,0,0,0,,0,0,0,0,0,0,0,0,0,0,0,,0
00-0034351,Dallas Goedert,TE,2024,12,REG,2024_12_PHI_LA,PHI,LA,0,0,0,0,0,0,0,0,0,0,0,0,4,5,19,0,1,0,0,0,,0,0,0,0,0,0,0,0,0,0,0,,0
00-0034364,Jordan Akins,TE,2024,12,REG,2024_12_PIT_CLE,CLE,PIT,0,0,0,0,0,0,0,0,0,0,0,0,3,4,38,0,2,0,0,0,,0,0,0,0,0,0,0,0,0,0,0,,0
00-0034383,Dalton Schultz,TE,2024,12,REG,2024_12_TEN_HOU,HOU,TEN,0,0,0,0,0,0,0,0,0,0,0,0,2,2,20,0,1,0,0,0,,0,0,0,0,0,0,0,0,0,0,0,,0
00-0034386,Justin Watson,WR,2024,12,REG,2024_12_KC_CAR,KC,CAR,0,0,0,0,0,0,0,0,0,0,0,0,1,2,15,0,1,0,0,0,,0,0,0,0,0,0,0,0,0,0,0,,0
00-0034721,Corey Bojorquez,P,2024,12,REG,2024_12_PIT_CLE,CLE,PIT,0,0,0,0,0,0,0,0,0,0,0,0,0,0,0,0,0,0,0,0,,0,0,0,0,0,0,0,0,3,92,72,41,1
00-0034753,Mark Andrews,TE,2024,12,REG,2024_12_BAL_LAC,BAL,LAC,0,0,0,0,0,0,0,1,2,0,1,0,5,5,44,1,3,0,0,0,,0,0,0,0,0,0,0,0,0,0,0,,0
00-0034791,Nick Chubb,RB,2024,12,REG,2024_12_PIT_CLE,CLE,PIT,0,0,0,0,0,0,0,20,59,2,5,0,1,1,1,0,0,0,0,0,,0,0,0,0,0,0,0,0,0,0,0,,0
00-0034794,Jason Sanders,K,2024,12,REG,2024_12_NE_MIA,MIA,NE,0,0,0,0,0,0,0,0,0,0,0,0,0,0,0,0,0,0,2,2,51,0,1,0,0,1,0,4,4,0,0,0,,0
00-0034796,Lamar Jackson,QB,2024,12,REG,2024_12_BAL_LAC,BAL,LAC,16,22,177,2,0,1,0,8,15,1,1,0,0,0,0,0,0,0,0,0,,0,0,0,0,0,0,0,0,0,0,0,,0
00-0034798,Durham Smythe,TE,2024,12,REG,2024_12_NE_MIA,MIA,NE,0,0,0,0,0,0,0,0,0,0,0,0,1,1,8,0,1,0,0,0,,0,0,0,0,0,0,0,0,0,0,0,,0
00-0034827,DJ Moore,WR,2024,12,REG,2024_12_MIN_CHI,CHI,MIN,0,1,0,0,0,0,0,1,13,0,1,0,7,7,106,1,4,0,0,0,,0,0,0,0,0,0,0,0,0,0,0,,0
00-0034837,Calvin Ridley,WR,2024,12,REG,2024_12_TEN_HOU,TEN,HOU,0,0,0,0,0,0,0,0,0,0,0,0,5,6,93,0,3,0,0,0,,0,0,0,0,0,0,0,0,0,0,0,,0
00-0034844,Saquon Barkley,RB,2024,12,REG,2024_12_PHI_LA,PHI,LA,0,0,0,0,0,0,0,26,255,2,7,0,4,4,47,0,2,0,0,0,,0,0,0,0,0,0,0,0,0,0,0,,0
00-0034855,Baker Mayfield,QB,2024,12,REG,2024_12_TB_NYG,TB,NYG,24,30,294,0,0,0,0,4,29,1,3,1,0,0,0,0,0,0,0,0,,0,0,0,0,0,0,0,0,0,0,0,,0
00-0034869,Sam Darnold,QB,2024,12,REG,2024_12_MIN_CHI,MIN,CHI,22,34,330,2,0,3,-16,2,-1,0,1,0,0,0,0,0,0,0,0,0,,0,0,0,0,0,0,0,0,0,0,0,,0
00-0034960,Jakobi Meyers,WR,2024,12,REG,2024_12_DEN_LV,LV,DEN,0,0,0,0,0,0,0,0,0,0,0,0,10,15,121,0,6,0,0,0,,0,0,0,0,0,0,0,0,0,0,0,,0
00-0034975,Justice Hill,RB,2024,12,REG,2024_12_BAL_LAC,BAL,LAC,0,0,0,0,0,0,0,4,55,1,1,0,2,2,7,0,0,0,0,0,,0,0,0,0,0,0,0,0,0,0,0,,0
00-0035021,Ashton Dulin,WR,2024,12,REG,2024_12_DET_IND,IND,DET,0,0,0,0,0,0,0,0,0,0,0,0,0,1,0,0,0,0,0,0,,0,0,0,0,0,0,0,0,0,0,0,,0
00-0035042,Jamie Gillan,P,2024,12,REG,2024_12_TB_NYG,NYG,TB,0,0,0,0,0,0,0,0,0,0,0,0,0,0,0,0,0,0,0,0,,0,0,0,0,0,0,0,0,4,168,153,53,3
00-0035140,Mecole Hardman,WR,2024,12,REG,2024_12_KC_CAR,KC,CAR,0,0,0,0,0,0,0,2,15,0,0,0,0,0,0,0,0,0,0,0,,0,0,0,0,0,0,0,0,0,0,0,,0
00-0035145,Austin Seibert,K,2024,12,REG,2024_12_DAL_WAS,WAS,DAL,0,0,0,0,0,0,0,0,0,0,0,0,0,0,0,0,0,0,2,3,51,0,0,0,1,1,0,0,2,0,0,0,,0
00-0035156,Jack Fox,P,2024,12,REG,2024_12_DET_IND,DET,IND,0,0,0,0,0,0,0,0,0,0,0,0,0,0,0,0,0,0,0,0,,0,0,0,0,0,0,0,0,4,192,188,60,4
00-0035190,AJ Cole,P,2024,12,REG,2024_12_DEN_LV,LV,DEN,1,1,34,0,0,0,0,0,0,0,0,0,0,0,0,0,0,0,0,0,,0,0,0,0,0,0,0,0,4,190,168,60,2
00-0035192,Joey Slye,K,2024,12,REG,2024_12_NE_MIA,NE,MIA,0,0,0,0,0,0,0,0,0,0,0,0,0,0,0,0,0,0,0,1,,0,0,0,0,0,0,1,1,0,0,0,,0
00-0035208,Olamide Zaccheaus,WR,2024,12,REG,2024_12_DAL_WAS,WAS,DAL,0,0,0,0,0,0,0,0,0,0,0,0,1,1,8,0,1,0,0,0,,0,0,0,0,0,0,0,0,0,0,0,,0
00-0035216,Diontae Johnson,WR,2024,12,REG,2024_12_BAL_LAC,BAL,LAC,0,0,0,0,0,0,0,0,0,0,0,0,0,1,0,0,0,0,0,0,,0,0,0,0,0,0,0,0,0,0,0,,0
00-0035228,Kyler Murray,QB,2024,12,REG,2024_12_ARI_SEA,ARI,SEA,24,37,285,0,1,5,-36,2,9,0,0,0,0,0,0,0,0,0,0,0,,0,0,0,0,0,0,0,0,0,0,0,,0
00-0035229,T.J. Hockenson,TE,2024,12,REG,2024_12_MIN_CHI,MIN,CHI,0,0,0,0,0,0,0,0,0,0,0,0,7,9,114,0,4,0,0,0,,0,0,0,0,0,0,0,0,0,0,0,,0
00-0035250,Devin Singletary,RB,2024,12,REG,2024_12_TB_NYG,NYG,TB,0,0,0,0,0,0,0,2,3,1,1,0,2,2,7,0,1,0,0,0,,0,0,0,0,0,0,0,0,0,0,0,,0
00-0035261,Tony Pollard,RB,2024,12,REG,2024_12_TEN_HOU,TEN,HOU,0,0,0,0,0,0,0,24,119,1,5,0,3,5,10,0,0,0,0,0,,0,0,0,0,0,0,0,0,0,0,0,,0
00-0035269,Matt Gay,K,2024,12,REG,2024_12_DET_IND,IND,DET,0,0,0,0,0,0,0,0,0,0,0,0,0,0,0,0,0,0,2,2,29,0,2,0,0,0,0,0,0,0,0,0,,0
00-0035280,Jake Bailey,P,2024,12,REG,2024_12_NE_MIA,MIA,NE,0,0,0,0,0,0,0,0,0,0,0,0,0,0,0,0,0,0,0,0,,0,0,0,0,0,0,0,0,5,240,202,53,2
00-0035289,Gardner Minshew,QB,2024,12,REG,2024_12_DEN_LV,LV,DEN,25,42,230,1,1,3,-12,2,5,0,0,0,0,0,0,0,0,0,0,0,,0,0,0,0,0,0,0,0,0,0,0,,0
00-0035358,Chase McLaughlin,K,2024,12,REG,2024_12_TB_NYG,TB,NYG,0,0,0,0,0,0,0,0,0,0,0,0,0,0,0,0,0,0,1,1,23,0,1,0,0,0,0,3,4,0,0,0,,0
00-0035406,Lil'Jordan Humphrey,WR,2024,12,REG,2024_12_DEN_LV,DEN,LV,0,0,0,0,0,0,0,0,0,0,0,0,2,3,4,0,0,0,0,0,,0,0,0,0,0,0,0,0,0,0,0,,0
00-0035500,Greg Dortch,WR,2024,12,REG,2024_12_ARI_SEA,ARI,SEA,0,0,0,0,0,0,0,0,0,0,0,0,1,2,5,0,0,0,0,0,,0,0,0,0,0,0,0,0,0,0,0,,0
00-0035535,Darius Slayton,WR,2024,12,REG,2024_12_TB_NYG,NYG,TB,0,0,0,0,0,0,0,0,0,0,0,0,0,2,0,0,0,0,0,0,,0,0,0,0,0,0,0,0,0,0,0,,0
00-0035567,Craig Reynolds,RB,2024,12,REG,2024_12_DET_IND,DET,IND,0,0,0,0,0,0,0,1,6,0,1,0,0,0,0,0,0,0,0,0,,0,0,0,0,0,0,0,0,0,0,0,,0
00-0035640,DK Metcalf,WR,2024,12,REG,2024_12_ARI_SEA,SEA,ARI,0,0,0,0,0,0,0,0,0,0,0,0,4,5,59,0,2,0,0,0,,0,0,0,0,0,0,0,0,0,0,0,,0
00-0035659,Terry McLaurin,WR,2024,12,REG,2024_12_DAL_WAS,WAS,DAL,0,0,0,0,0,0,0,0,0,0,0,0,5,6,102,1,1,0,0,0,,0,0,0,0,0,0,0,0,0,0,0,,0
00-0035676,A.J. Brown,WR,2024,12,REG,2024_12_PHI_LA,PHI,LA,0,0,0,0,0,0,0,0,0,0,0,0,6,7,109,1,6,0,0,0,,0,0,0,0,0,0,0,0,0,0,0,,0
00-0035685,David Montgomery,RB,2024,12,REG,2024_12_DET_IND,DET,IND,0,0,0,0,0,0,0,8,37,1,2,0,3,3,36,0,2,0,0,0,,0,0,0,0,0,0,0,0,0,0,0,,0
00-0035700,Josh Jacobs,RB,2024,12,REG,2024_12_SF_GB,GB,SF,0,0,0,0,0,0,0,26,106,3,8,0,0,1,0,0,0,0,0,0,,0,0,0,0,0,0,0,0,0,0,0,,0
00-0035704,Drew Lock,QB,2024,12,REG,2024_12_TB_NYG,NYG,TB,1,1,3,0,0,0,0,0,0,0,0,0,0,0,0,0,0,0,0,0,,0,0,0,0,0,0,0,0,0,0,0,,0
00-0035719,Deebo Samuel Sr.,WR,2024,12,REG,2024_12_SF_GB,SF,GB,0,0,0,0,0,0,0,0,0,0,0,0,1,4,21,0,1,0,0,0,,0,0,0,0,0,0,0,0,0,0,0,,0
00-0035806,JaMycal Hasty,RB,2024,12,REG,2024_12_NE_MIA,NE,MIA,0,0,0,0,0,0,0,1,15,0,1,0,2,2,0,0,0,0,0,0,,0,0,0,0,0,0,0,0,0,0,0,,0
00-0035821,Corliss Waitman,P,2024,12,REG,2024_12_PIT_CLE,PIT,CLE,0,0,0,0,0,0,0,0,0,0,0,0,0,0,0,0,0,0,0,0,,0,0,0,0,0,0,0,0,1,15,15,15,0
00-0035859,Blake Gillikin,P,2024,12,REG,2024_12_ARI_SEA,ARI,SEA,0,0,0,0,0,0,0,0,0,0,0,0,0,0,0,0,0,0,0,0,,0,0,0,0,0,0,0,0,6,310,301,58,4
00-0035889,Tommy Townsend,P,2024,12,REG,2024_12_TEN_HOU,HOU,TEN,0,0,0,0,0,0,0,0,0,0,0,0,0,0,0,0,0,0,0,0,,0,0,0,0,0,0,0,0,5,240,238,52,4
00-0036139,Rico Dowdle,RB,2024,12,REG,2024_12_DAL_WAS,DAL,WAS,0,0,0,0,0,0,0,19,86,0,3,1,3,3,12,0,1,0,0,0,,0,0,0,0,0,0,0,0,0,0,0,,0
00-0036158,J.K. Dobbins,RB,2024,12,REG,2024_12_BAL_LAC,LAC,BAL,0,0,0,0,0,0,0,6,40,0,2,0,3,5,19,0,0,0,0,0,,0,0,0,0,0,0,0,0,0,0,0,,0
00-0036182,Nick Westbrook-Ikhine,WR,2024,12,REG,2024_12_TEN_HOU,TEN,HOU,0,0,0,0,0,0,0,0,0,0,0,0,2,5,48,1,1,0,0,0,,0,0,0,0,0,0,0,0,0,0,0,,0
00-0036212,Tua Tagovailoa,QB,2024,12,REG,2024_12_NE_MIA,MIA,NE,29,40,317,4,0,2,-9,3,-2,0,0,0,0,0,0,0,0,0,0,0,,0,0,0,0,0,0,0,0,0,0,0,,0
00-0036223,Jonathan Taylor,RB,2024,12,REG,2024_12_DET_IND,IND,DET,0,0,0,0,0,0,0,11,35,0,0,0,0,0,0,0,0,0,0,0,,0,0,0,0,0,0,0,0,0,0,0,,0
00-0036244,Colby Parkinson,TE,2024,12,REG,2024_12_PHI_LA,LA,PHI,0,0,0,0,0,0,0,0,0,0,0,0,1,2,10,0,1,0,0,0,,0,0,0,0,0,0,0,0,0,0,0,,0
00-0036252,Michael Pittman,WR,2024,12,REG,2024_12_DET_IND,IND,DET,0,0,0,0,0,0,0,0,0,0,0,0,6,7,96,0,4,0,0,0,,0,0,0,0,0,0,0,0,0,0,0,,0
00-0036259,Jauan Jennings,WR,2024,12,REG,2024_12_SF_GB,SF,GB,0,0,0,0,0,0,0,0,0,0,0,0,5,7,40,0,1,0,0,0,,0,0,0,0,0,0,0,0,0,0,0,,0
00-0036264,Jordan Love,QB,2024,12,REG,2024_12_SF_GB,GB,SF,13,23,163,2,0,2,-7,1,2,0,1,0,0,0,0,0,0,0,0,0,,0,0,0,0,0,0,0,0,0,0,0,,0
00-0036275,D'Andre Swift,RB,2024,12,REG,2024_12_MIN_CHI,CHI,MIN,0,0,0,0,0,0,0,13,30,0,0,0,3,4,35,0,1,0,0,0,,0,0,0,0,0,0,0,0,0,0,0,,0
00-0036290,Cole Kmet,TE,2024,12,REG,2024_12_MIN_CHI,CHI,MIN,0,0,0,0,0,0,0,0,0,0,0,0,7,10,64,0,2,0,0,0,,0,0,0,0,0,0,0,0,0,0,0,,0
00-0036313,Braden Mann,P,2024,12,REG,2024_12_PHI_LA,PHI,LA,0,0,0,0,0,0,0,0,0,0,0,0,0,0,0,0,0,0,0,0,,0,0,0,0,0,0,0,0,1,54,43,54,0
00-0036322,Justin Jefferson,WR,2024,12,REG,2024_12_MIN_CHI,MIN,CHI,0,0,0,0,0,0,0,0,0,0,0,0,2,5,27,0,1,0,0,0,,0,0,0,0,0,0,0,0,0,0,0,,0
00-0036328,Antonio Gibson,RB,2024,12,REG,2024_12_NE_MIA,NE,MIA,0,0,0,0,0,0,0,6,31,0,2,0,1,2,14,0,1,0,0,0,,0,0,0,0,0,0,0,0,0,0,0,,0
00-0036355,Justin Herbert,QB,2024,12,REG,2024_12_BAL_LAC,LAC,BAL,21,36,218,0,0,4,-16,4,29,1,2,0,0,0,0,0,0,0,0,0,,0,0,0,0,0,0,0,0,0,0,0,,0
00-0036358,CeeDee Lamb,WR,2024,12,REG,2024_12_DAL_WAS,DAL,WAS,0,0,0,0,0,0,0,1,1,0,0,0,10,12,67,0,4,0,0,0,,0,0,0,0,0,0,0,0,0,0,0,,0
00-0036387,Jalen Reagor,WR,2024,12,REG,2024_12_BAL_LAC,LAC,BAL,0,0,0,0,0,0,0,0,0,0,0,0,2,4,20,0,1,0,0,0,,0,0,0,0,0,0,0,0,0,0,0,,0
00-0036389,Jalen Hurts,QB,2024,12,REG,2024_12_PHI_LA,PHI,LA,15,22,179,1,0,1,-12,12,39,0,4,0,0,0,0,0,0,0,0,0,,0,0,0,0,0,0,0,0,0,0,0,,0
00-0036407,Jerry Jeudy,WR,2024,12,REG,2024_12_PIT_CLE,CLE,PIT,0,0,0,0,0,0,0,0,0,0,0,0,6,6,85,0,5,0,0,0,,0,0,0,0,0,0,0,0,0,0,0,,0
00-0036414,Cam Akers,RB,2024,12,REG,2024_12_MIN_CHI,MIN,CHI,0,0,0,0,0,0,0,3,19,0,1,0,1,1,6,0,0,0,0,0,,0,0,0,0,0,0,0,0,0,0,0,,0
00-0036415,Van Jefferson,WR,2024,12,REG,2024_12_PIT_CLE,PIT,CLE,0,0,0,0,0,0,0,0,0,0,0,0,2,2,39,0,1,0,0,0,,0,0,0,0,0,0,0,0,0,0,0,,0
00-0036422,Adam Trautman,TE,2024,12,REG,2024_12_DEN_LV,DEN,LV,0,0,0,0,0,0,0,0,0,0,0,0,1,2,3,0,0,0,0,0,,0,0,0,0,0,0,0,0,0,0,0,,0
00-0036427,Tyler Johnson,WR,2024,12,REG,2024_12_PHI_LA,LA,PHI,0,0,0,0,0,0,0,0,0,0,0,0,1,1,11,0,1,0,0,0,,0,0,0,0,0,0,0,0,0,0,0,,0
00-0036527,DJ Turner,WR,2024,12,REG,2024_12_DEN_LV,LV,DEN,0,0,0,0,0,0,0,0,0,0,0,0,2,4,5,0,1,0,0,0,,0,0,0,0,0,0,0,0,0,0,0,,0
00-0036550,Rashod Bateman,WR,2024,12,REG,2024_12_BAL_LAC,BAL,LAC,0,0,0,0,0,0,0,0,0,0,0,0,2,3,43,1,1,0,0,0,,0,0,0,0,0,0,0,0,0,0,0,,0
00-0036554,Nico Collins,WR,2024,12,REG,2024_12_TEN_HOU,HOU,TEN,0,0,0,0,0,0,0,0,0,0,0,0,5,9,92,1,3,0,0,0,,0,0,0,0,0,0,0,0,0,0,0,,0
00-0036555,Chuba Hubbard,RB,2024,12,REG,2024_12_KC_CAR,CAR,KC,0,0,0,0,0,0,0,16,58,1,5,0,1,5,2,0,0,0,0,0,,0,0,0,0,0,0,0,0,0,0,0,,0
00-0036613,Jaylen Waddle,WR,2024,12,REG,2024_12_NE_MIA,MIA,NE,0,0,0,0,0,0,0,0,0,0,0,0,8,9,144,1,7,0,0,0,,0,0,0,0,0,0,0,0,0,0,0,,0
00-0036626,Dyami Brown,WR,2024,12,REG,2024_12_DAL_WAS,WAS,DAL,0,0,0,0,0,0,0,1,14,0,1,0,2,2,22,0,1,0,0,0,,0,0,0,0,0,0,0,0,0,0,0,,0
00-0036628,John Bates,TE,2024,12,REG,2024_12_DAL_WAS,WAS,DAL,0,0,0,0,0,0,0,0,0,0,0,0,1,1,13,0,0,1,0,0,,0,0,0,0,0,0,0,0,0,0,0,,0
00-0036630,Tylan Wallace,WR,2024,12,REG,2024_12_BAL_LAC,BAL,LAC,0,0,0,0,0,0,0,0,0,0,0,0,1,1,15,0,0,0,0,0,,0,0,0,0,0,0,0,0,0,0,0,,0
00-0036637,Noah Gray,TE,2024,12,REG,2024_12_KC_CAR,KC,CAR,0,0,0,0,0,0,0,0,0,0,0,0,4,4,66,2,3,0,0,0,,0,0,0,0,0,0,0,0,0,0,0,,0
00-0036754,Brock Wright,TE,2024,12,REG,2024_12_DET_IND,DET,IND,0,0,0,0,0,0,0,0,0,0,0,0,2,2,24,0,1,0,0,0,,0,0,0,0,0,0,0,0,0,0,0,,0
00-0036849,Tutu Atwell,WR,2024,12,REG,2024_12_PHI_LA,LA,PHI,0,0,0,0,0,0,0,0,0,0,0,0,3,3,30,0,3,0,0,0,,0,0,0,0,0,0,0,0,0,0,0,,0
00-0036875,Rhamondre Stevenson,RB,2024,12,REG,2024_12_NE_MIA,NE,MIA,0,0,0,0,0,0,0,8,13,0,1,0,0,2,0,0,0,0,0,0,,0,0,0,0,0,0,0,0,0,0,0,,0
00-0036876,Kylen Granson,TE,2024,12,REG,2024_12_DET_IND,IND,DET,0,0,0,0,0,0,0,0,0,0,0,0,0,2,0,0,0,0,0,0,,0,0,0,0,0,0,0,0,0,0,0,,0
00-0036893,Najee Harris,RB,2024,12,REG,2024_12_PIT_CLE,PIT,CLE,0,0,0,0,0,0,0,16,41,0,1,0,2,2,13,0,1,0,0,0,,0,0,0,0,0,0,0,0,0,0,0,,0
00-0036894,Pat Freiermuth,TE,2024,12,REG,2024_12_PIT_CLE,PIT,CLE,0,0,0,0,0,0,0,0,0,0,0,0,4,4,59,0,3,0,0,0,,0,0,0,0,0,0,0,0,0,0,0,,0
00-0036919,Kenny Gainwell,RB,2024,12,REG,2024_12_PHI_LA,PHI,LA,0,0,0,0,0,0,0,5,22,1,1,0,0,0,0,0,0,0,0,0,,0,0,0,0,0,0,0,0,0,0,0,,0
00-0036945,Justin Fields,QB,2024,12,REG,2024_12_PIT_CLE,PIT,CLE,0,1,0,0,0,0,0,3,26,0,1,0,0,0,0,0,0,0,0,0,,0,0,0,0,0,0,0,0,0,0,0,,0
00-0036963,Amon-Ra St. Brown,WR,2024,12,REG,2024_12_DET_IND,DET,IND,0,0,0,0,0,0,0,0,0,0,0,0,6,7,62,0,4,0,0,0,,0,0,0,0,0,0,0,0,0,0,0,,0
00-0036980,Elijah Moore,WR,2024,12,REG,2024_12_PIT_CLE,CLE,PIT,0,0,0,0,0,0,0,0,0,0,0,0,3,5,21,0,0,0,0,0,,0,0,0,0,0,0,0,0,0,0,0,,0
00-0036988,Josh Palmer,WR,2024,12,REG,2024_12_BAL_LAC,LAC,BAL,0,0,0,0,0,0,0,0,0,0,0,0,3,8,38,0,3,0,0,0,,0,0,0,0,0,0,0,0,0,0,0,,0
00-0036990,Divine Deablo,LB,2024,12,REG,2024_12_DEN_LV,LV,DEN,0,0,0,0,0,0,0,0,0,0,0,0,1,1,34,0,1,0,0,0,,0,0,0,0,0,0,0,0,0,0,0,,0
00-0036997,Javonte Williams,RB,2024,12,REG,2024_12_DEN_LV,DEN,LV,0,0,0,0,0,0,0,8,-2,0,0,0,2,4,6,0,0,0,0,0,,0,0,0,0,0,0,0,0,0,0,0,,0
00-0037005,Tommy Tremble,TE,2024,12,REG,2024_12_KC_CAR,CAR,KC,0,0,0,0,0,0,0,0,0,0,0,0,1,2,5,0,0,0,0,0,,0,0,0,0,0,0,0,0,0,0,0,,0
00-0037012,Trey Lance,QB,2024,12,REG,2024_12_DAL_WAS,DAL,WAS,0,0,0,0,0,0,0,1,-3,0,0,0,0,0,0,0,0,0,0,0,,0,0,0,0,0,0,0,0,0,0,0,,0
00-0037086,Grant Calcaterra,TE,2024,12,REG,2024_12_PHI_LA,PHI,LA,0,0,0,0,0,0,0,0,0,0,0,0,0,1,0,0,0,0,0,0,,0,0,0,0,0,0,0,0,0,0,0,,0
00-0037091,Bo Melton,WR,2024,12,REG,2024_12_SF_GB,GB,SF,0,0,0,0,0,0,0,1,5,0,0,0,0,1,0,0,0,0,0,0,,0,0,0,0,0,0,0,0,0,0,0,,0
00-0037097,Trenton Gill,P,2024,12,REG,2024_12_TB_NYG,TB,NYG,0,0,0,0,0,0,0,0,0,0,0,0,0,0,0,0,0,0,0,0,,0,0,0,0,0,0,0,0,2,80,72,47,1
00-0037224,Cameron Dicker,K,2024,12,REG,2024_12_BAL_LAC,LAC,BAL,0,0,0,0,0,0,0,0,0,0,0,0,0,0,0,0,0,0,3,3,52,0,0,0,1,2,0,2,2,0,0,0,,0
00-0037228,Jaylen Warren,RB,2024,12,REG,2024_12_PIT_CLE,PIT,CLE,0,0,0,0,0,0,0,11,45,1,3,0,3,4,19,0,1,0,0,0,,0,0,0,0,0,0,0,0,0,0,0,,0
00-0037240,Jameson Williams,WR,2024,12,REG,2024_12_DET_IND,DET,IND,0,0,0,0,0,0,0,1,4,0,0,0,5,7,64,0,4,0,0,0,,0,0,0,0,0,0,0,0,0,0,0,,0
00-0037247,George Pickens,WR,2024,12,REG,2024_12_PIT_CLE,PIT,CLE,0,0,0,0,0,0,0,0,0,0,0,0,4,7,48,0,2,0,0,0,,0,0,0,0,0,0,0,0,0,0,0,,0
00-0037256,Rachaad White,RB,2024,12,REG,2024_12_TB_NYG,TB,NYG,0,0,0,0,0,0,0,12,37,1,3,0,1,1,10,0,1,0,0,0,,0,0,0,0,0,0,0,0,0,0,0,,0
00-0037267,Jerome Ford,RB,2024,12,REG,2024_12_PIT_CLE,CLE,PIT,0,0,0,0,0,0,0,4,19,0,0,0,1,1,8,0,0,0,0,0,,0,0,0,0,0,0,0,0,0,0,0,,0
00-0037284,Matt Araiza,P,2024,12,REG,2024_12_KC_CAR,KC,CAR,0,0,0,0,0,0,0,0,0,0,0,0,0,0,0,0,0,0,0,0,,0,0,0,0,0,0,0,0,2,94,84,48,1
00-0037291,Jalen Nailor,WR,2024,12,REG,2024_12_MIN_CHI,MIN,CHI,0,0,0,0,0,0,0,0,0,0,0,0,1,2,5,1,1,0,0,0,,0,0,0,0,0,0,0,0,0,0,0,,0
00-0037292,Andrew Ogletree,TE,2024,12,REG,2024_12_DET_IND,IND,DET,0,0,0,0,0,0,0,0,0,0,0,0,0,1,0,0,0,0,0,0,,0,0,0,0,0,0,0,0,0,0,0,,0
00-0037306,John FitzPatrick,TE,2024,12,REG,2024_12_SF_GB,GB,SF,0,0,0,0,0,0,0,0,0,0,0,0,1,1,2,0,0,0,0,0,,0,0,0,0,0,0,0,0,0,0,0,,0
00-0037487,Deven Thompkins,WR,2024,12,REG,2024_12_KC_CAR,CAR,KC,0,0,0,0,0,0,0,0,0,0,0,0,3,3,13,0,1,0,0,0,,0,0,0,0,0,0,0,0,0,0,0,,0
00-0037500,Ryan Wright,P,2024,12,REG,2024_12_MIN_CHI,MIN,CHI,0,0,0,0,0,0,0,0,0,0,0,0,0,0,0,0,0,0,0,0,,0,0,0,0,0,0,0,0,4,167,162,46,1
00-0037509,Sincere McCormick,RB,2024,12,REG,2024_12_DEN_LV,LV,DEN,0,0,0,0,0,0,0,5,33,0,2,0,0,0,0,0,0,0,0,0,,0,0,0,0,0,0,0,0,0,0,0,,0
00-0037525,Jordan Mason,RB,2024,12,REG,2024_12_SF_GB,SF,GB,0,0,0,0,0,0,0,3,8,0,1,0,1,2,5,0,0,0,0,0,,0,0,0,0,0,0,0,0,0,0,0,,0
00-0037542,John Parker Romo,K,2024,12,REG,2024_12_MIN_CHI,MIN,CHI,0,0,0,0,0,0,0,0,0,0,0,0,0,0,0,0,0,0,3,3,40,0,2,0,1,0,0,3,3,0,0,0,,0
00-0037547,Daniel Whelan,P,2024,12,REG,2024_12_SF_GB,GB,SF,0,0,0,0,0,0,0,0,0,0,0,0,0,0,0,0,0,0,0,0,,0,0,0,0,0,0,0,0,4,195,154,59,1
00-0037594,Julius Chestnut,RB,2024,12,REG,2024_12_TEN_HOU,TEN,HOU,0,0,0,0,0,0,0,1,3,0,0,0,1,1,2,0,0,0,0,0,,0,0,0,0,0,0,0,0,0,0,0,,0
00-0037607,Ryan Stonehouse,P,2024,12,REG,2024_12_TEN_HOU,TEN,HOU,0,0,0,0,0,0,0,0,0,0,0,0,0,0,0,0,0,0,0,0,,0,0,0,0,0,0,0,0,5,250,226,62,2
00-0037614,John Metchie III,WR,2024,12,REG,2024_12_TEN_HOU,HOU,TEN,0,0,0,0,0,0,0,0,0,0,0,0,1,3,6,0,1,0,0,0,,0,0,0,0,0,0,0,0,0,0,0,,0
00-0037617,Hassan Haskins,RB,2024,12,REG,2024_12_BAL_LAC,LAC,BAL,0,0,0,0,0,0,0,1,3,0,0,0,0,0,0,0,0,0,0,0,,0,0,0,0,0,0,0,0,0,0,0,,0
00-0037654,Tucker Fisk,TE,2024,12,REG,2024_12_BAL_LAC,LAC,BAL,0,0,0,0,0,0,0,0,0,0,0,0,1,1,7,0,0,0,0,0,,0,0,0,0,0,0,0,0,0,0,0,,0
00-0037664,Alec Pierce,WR,2024,12,REG,2024_12_DET_IND,IND,DET,0,0,0,0,0,0,0,0,0,0,0,0,1,4,39,0,1,0,0,0,,0,0,0,0,0,0,0,0,0,0,0,,0
00-0037666,Jalen Tolbert,WR,2024,12,REG,2024_12_DAL_WAS,DAL,WAS,0,0,0,0,0,0,0,0,0,0,0,0,2,4,22,1,2,0,0,0,,0,0,0,0,0,0,0,0,0,0,0,,0
00-0037692,Brandon Aubrey,K,2024,12,REG,2024_12_DAL_WAS,DAL,WAS,0,0,0,0,0,0,0,0,0,0,0,0,0,0,0,0,0,0,2,4,48,0,0,0,2,0,0,4,4,0,0,0,,0
00-0037741,Jahan Dotson,WR,2024,12,REG,2024_12_PHI_LA,PHI,LA,0,0,0,0,0,0,0,0,0,0,0,0,1,1,4,0,1,0,0,0,,0,0,0,0,0,0,0,0,0,0,0,,0
00-0037744,Trey McBride,TE,2024,12,REG,2024_12_ARI_SEA,ARI,SEA,0,0,0,0,0,0,0,0,0,0,0,0,12,15,133,0,8,0,0,0,,0,0,0,0,0,0,0,0,0,0,0,,0
00-0037746,Brian Robinson,RB,2024,12,REG,2024_12_DAL_WAS,WAS,DAL,0,0,0,0,0,0,0,5,13,0,1,0,1,2,11,0,1,0,0,0,,0,0,0,0,0,0,0,0,0,0,0,,0
00-0037801,KaVontae Turpin,WR,2024,12,REG,2024_12_DAL_WAS,DAL,WAS,0,0,0,0,0,0,0,0,0,0,0,0,1,1,8,0,1,0,0,0,,0,0,0,0,0,0,0,0,0,0,0,,0
00-0037809,Chig Okonkwo,TE,2024,12,REG,2024_12_TEN_HOU,TEN,HOU,0,0,0,0,0,0,0,0,0,0,0,0,1,1,70,1,1,0,0,0,,0,0,0,0,0,0,0,0,0,0,0,,0
00-0037816,Romeo Doubs,WR,2024,12,REG,2024_12_SF_GB,GB,SF,0,0,0,0,0,0,0,0,0,0,0,0,3,6,54,0,3,0,0,0,,0,0,0,0,0,0,0,0,0,0,0,,0
00-0037837,Calvin Austin III,WR,2024,12,REG,2024_12_PIT_CLE,PIT,CLE,0,0,0,0,0,0,0,0,0,0,0,0,3,3,78,1,2,0,0,0,,0,0,0,0,0,0,0,0,0,0,0,,0
00-0037840,Kyren Williams,RB,2024,12,REG,2024_12_PHI_LA,LA,PHI,0,0,0,0,0,0,0,16,72,1,6,1,0,0,0,0,0,0,0,0,,0,0,0,0,0,0,0,0,0,0,0,,0
00-0038046,Charlie Kolar,TE,2024,12,REG,2024_12_BAL_LAC,BAL,LAC,0,0,0,0,0,0,0,0,0,0,0,0,1,1,6,0,0,0,0,0,,0,0,0,0,0,0,0,0,0,0,0,,0
00-0038094,Jordan Stout,P,2024,12,REG,2024_12_BAL_LAC,BAL,LAC,0,0,0,0,0,0,0,0,0,0,0,0,0,0,0,0,0,0,0,0,,0,0,0,0,0,0,0,0,3,163,144,62,1
00-0038102,Kenny Pickett,QB,2024,12,REG,2024_12_PHI_LA,PHI,LA,0,0,0,0,0,0,0,2,-2,0,0,0,0,0,0,0,0,0,0,0,,0,0,0,0,0,0,0,0,0,0,0,,0
00-0038117,Wan'Dale Robinson,WR,2024,12,REG,2024_12_TB_NYG,NYG,TB,0,0,0,0,0,0,0,1,0,0,0,0,5,5,47,0,2,0,0,0,,0,0,0,0,0,0,0,0,0,0,0,,0
00-0038122,Desmond Ridder,QB,2024,12,REG,2024_12_DEN_LV,LV,DEN,5,10,64,0,0,2,-16,1,3,0,0,0,0,0,0,0,0,0,0,0,,0,0,0,0,0,0,0,0,0,0,0,,0
00-0038124,Christian Watson,WR,2024,12,REG,2024_12_SF_GB,GB,SF,0,0,0,0,0,0,0,1,4,0,0,0,0,3,0,0,0,0,0,0,,0,0,0,0,0,0,0,0,0,0,0,,0
00-0038129,Cade Otton,TE,2024,12,REG,2024_12_TB_NYG,TB,NYG,0,0,0,0,0,0,0,0,0,0,0,0,1,3,30,0,1,0,0,0,,0,0,0,0,0,0,0,0,0,0,0,,0
00-0038134,Kenneth Walker III,RB,2024,12,REG,2024_12_ARI_SEA,SEA,ARI,0,0,0,0,0,0,0,16,41,0,2,0,4,6,52,0,3,0,0,0,,0,0,0,0,0,0,0,0,0,0,0,,0
00-0038393,Dontayvion Wicks,WR,2024,12,REG,2024_12_SF_GB,GB,SF,0,0,0,0,0,0,0,0,0,0,0,0,1,2,25,0,1,0,0,0,,0,0,0,0,0,0,0,0,0,0,0,,0
00-0038396,Eric Gray,RB,2024,12,REG,2024_12_TB_NYG,NYG,TB,0,0,0,0,0,0,0,1,-1,0,0,0,2,2,7,0,0,0,0,0,,0,0,0,0,0,0,0,0,0,0,0,,0
00-0038465,Malik Heath,WR,2024,12,REG,2024_12_SF_GB,GB,SF,0,0,0,0,0,0,0,0,0,0,0,0,2,2,15,1,2,0,0,0,,0,0,0,0,0,0,0,0,0,0,0,,0
00-0038476,Tommy DeVito,QB,2024,12,REG,2024_12_TB_NYG,NYG,TB,21,31,189,0,0,4,-23,7,32,0,1,0,0,0,0,0,0,0,0,0,,0,0,0,0,0,0,0,0,0,0,0,,0
00-0038543,Jaxon Smith-Njigba,WR,2024,12,REG,2024_12_ARI_SEA,SEA,ARI,0,0,0,0,0,0,0,0,0,0,0,0,6,7,77,1,4,0,0,0,,0,0,0,0,0,0,0,0,0,0,0,,0
00-0038544,Quentin Johnston,WR,2024,12,REG,2024_12_BAL_LAC,LAC,BAL,0,0,0,0,0,0,0,0,0,0,0,0,0,5,0,0,0,0,0,0,,0,0,0,0,0,0,0,0,0,0,0,,0
00-0038547,Luke Schoonmaker,TE,2024,12,REG,2024_12_DAL_WAS,DAL,WAS,0,0,0,0,0,0,0,0,0,0,0,0,3,4,55,1,2,0,0,0,,0,0,0,0,0,0,0,0,0,0,0,,0
00-0038558,Darnell Washington,TE,2024,12,REG,2024_12_PIT_CLE,PIT,CLE,0,0,0,0,0,0,0,0,0,0,0,0,3,3,14,0,0,0,0,0,,0,0,0,0,0,0,0,0,0,0,0,,0
00-0038559,Michael Wilson,WR,2024,12,REG,2024_12_ARI_SEA,ARI,SEA,0,0,0,0,0,0,0,0,0,0,0,0,2,4,54,0,2,0,0,0,,0,0,0,0,0,0,0,0,0,0,0,,0
00-0038562,Jake Moody,K,2024,12,REG,2024_12_SF_GB,SF,GB,0,0,0,0,0,0,0,0,0,0,0,0,0,0,0,0,0,0,1,1,48,0,0,0,1,0,0,1,1,0,0,0,,0
00-0038563,Tre Tucker,WR,2024,12,REG,2024_12_DEN_LV,LV,DEN,0,0,0,0,0,0,0,0,0,0,0,0,7,8,82,0,5,0,0,0,,0,0,0,0,0,0,0,0,0,0,0,,0
00-0038567,Chad Ryland,K,2024,12,REG,2024_12_ARI_SEA,ARI,SEA,0,0,0,0,0,0,0,0,0,0,0,0,0,0,0,0,0,0,2,3,35,0,1,1,0,0,0,0,0,0,0,0,,0
00-0038573,Derius Davis,WR,2024,12,REG,2024_12_BAL_LAC,LAC,BAL,0,0,0,0,0,0,0,0,0,0,0,0,2,2,4,0,0,0,0,0,,0,0,0,0,0,0,0,0,0,0,0,,0
00-0038608,Kayshon Boutte,WR,2024,12,REG,2024_12_NE_MIA,NE,MIA,0,0,0,0,0,0,0,0,0,0,0,0,1,4,6,0,0,0,0,0,,0,0,0,0,0,0,0,0,0,0,0,,0
00-0038610,Bryce Baringer,P,2024,12,REG,2024_12_NE_MIA,NE,MIA,0,0,0,0,0,0,0,0,0,0,0,0,0,0,0,0,0,0,0,0,,0,0,0,0,0,0,0,0,5,259,224,69,2
00-0038618,Xavier Hutchinson,WR,2024,12,REG,2024_12_TEN_HOU,HOU,TEN,0,0,0,0,0,0,0,0,0,0,0,0,0,1,0,0,0,0,0,0,,0,0,0,0,0,0,0,0,0,0,0,,0
00-0038621,DeMario Douglas,WR,2024,12,REG,2024_12_NE_MIA,NE,MIA,0,0,0,0,0,0,0,1,1,0,0,0,5,7,62,0,2,0,0,0,,0,0,0,0,0,0,0,0,0,0,0,,0
00-0038640,Jalen Brooks,WR,2024,12,REG,2024_12_DAL_WAS,DAL,WAS,0,0,0,0,0,0,0,0,0,0,0,0,1,3,41,0,1,0,0,0,,0,0,0,0,0,0,0,0,0,0,0,,0
00-0038685,Chris Brooks,RB,2024,12,REG,2024_12_SF_GB,GB,SF,0,0,0,0,0,0,0,4,11,0,0,0,1,1,15,0,0,0,0,0,,0,0,0,0,0,0,0,0,0,0,0,,0
00-0038705,Emari Demercado,RB,2024,12,REG,2024_12_ARI_SEA,ARI,SEA,0,0,0,0,0,0,0,1,14,0,0,0,0,0,0,0,0,0,0,0,,0,0,0,0,0,0,0,0,0,0,0,,0
00-0038710,Blake Whiteheart,TE,2024,12,REG,2024_12_PIT_CLE,CLE,PIT,0,0,0,0,0,0,0,0,0,0,0,0,1,1,29,0,1,0,0,0,,0,0,0,0,0,0,0,0,0,0,0,,0
00-0038720,Julian Hill,TE,2024,12,REG,2024_12_NE_MIA,MIA,NE,0,0,0,0,0,0,0,0,0,0,0,0,1,2,8,0,0,0,0,0,,0,0,0,0,0,0,0,0,0,0,0,,0
00-0038738,Hunter Luepke,RB,2024,12,REG,2024_12_DAL_WAS,DAL,WAS,0,0,0,0,0,0,0,0,0,0,0,0,1,1,10,0,0,0,0,0,,0,0,0,0,0,0,0,0,0,0,0,,0
00-0038752,Jake Bobo,WR,2024,12,REG,2024_12_ARI_SEA,SEA,ARI,0,0,0,0,0,0,0,0,0,0,0,0,1,1,8,0,0,0,0,0,,0,0,0,0,0,0,0,0,0,0,0,,0
00-0038794,Jaleel McLaughlin,RB,2024,12,REG,2024_12_DEN_LV,DEN,LV,0,0,0,0,0,0,0,7,44,0,3,0,0,1,0,0,0,0,0,0,,0,0,0,0,0,0,0,0,0,0,0,,0
00-0038797,Emanuel Wilson,RB,2024,12,REG,2024_12_SF_GB,GB,SF,0,0,0,0,0,0,0,9,41,0,3,0,0,0,0,0,0,0,0,0,,0,0,0,0,0,0,0,0,0,0,0,,0
00-0038821,Rakim Jarrett,WR,2024,12,REG,2024_12_TB_NYG,TB,NYG,0,0,0,0,0,0,0,0,0,0,0,0,1,1,30,0,1,0,0,0,,0,0,0,0,0,0,0,0,0,0,0,,0
00-0038824,Ryan Miller,WR,2024,12,REG,2024_12_TB_NYG,TB,NYG,0,0,0,0,0,0,0,0,0,0,0,0,1,1,14,0,1,0,0,0,,0,0,0,0,0,0,0,0,0,0,0,,0
00-0038951,Sean Tucker,RB,2024,12,REG,2024_12_TB_NYG,TB,NYG,0,0,0,0,0,0,0,4,3,1,2,0,1,1,7,0,0,0,0,0,,0,0,0,0,0,0,0,0,0,0,0,,0
00-0038976,Marvin Mims Jr.,WR,2024,12,REG,2024_12_DEN_LV,DEN,LV,0,0,0,0,0,0,0,2,-2,0,0,0,3,5,44,0,2,0,0,0,,0,0,0,0,0,0,0,0,0,0,0,,0
00-0038977,Tank Dell,WR,2024,12,REG,2024_12_TEN_HOU,HOU,TEN,0,0,0,0,0,0,0,0,0,0,0,0,3,5,72,0,3,0,0,0,,0,0,0,0,0,0,0,0,0,0,0,,0
00-0038979,Cedric Tillman,WR,2024,12,REG,2024_12_PIT_CLE,CLE,PIT,0,0,0,0,0,0,0,0,0,0,0,0,2,4,28,0,0,1,0,0,,0,0,0,0,0,0,0,0,0,0,0,,0
00-0038994,Jordan Addison,WR,2024,12,REG,2024_12_MIN_CHI,MIN,CHI,0,0,0,0,0,0,0,0,0,0,0,0,8,9,162,1,6,0,0,0,,0,0,0,0,0,0,0,0,0,0,0,,0
00-0038996,Tucker Kraft,TE,2024,12,REG,2024_12_SF_GB,GB,SF,0,0,0,0,0,0,0,0,0,0,0,0,2,2,26,1,2,0,0,0,,0,0,0,0,0,0,0,0,0,0,0,,0
00-0038997,Josh Downs,WR,2024,12,REG,2024_12_DET_IND,IND,DET,0,0,0,0,0,0,0,0,0,0,0,0,3,7,27,0,1,0,0,0,,0,0,0,0,0,0,0,0,0,0,0,,0
00-0039021,Roschon Johnson,RB,2024,12,REG,2024_12_MIN_CHI,CHI,MIN,0,0,0,0,0,0,0,2,2,1,2,0,1,1,10,0,1,0,0,0,,0,0,0,0,0,0,0,0,0,0,0,,0
00-0039040,De'Von Achane,RB,2024,12,REG,2024_12_NE_MIA,MIA,NE,0,0,0,0,0,0,0,10,32,0,0,0,3,4,24,2,2,0,0,0,,0,0,0,0,0,0,0,0,0,0,0,,0
00-0039041,Elijah Higgins,TE,2024,12,REG,2024_12_ARI_SEA,ARI,SEA,0,0,0,0,0,0,0,0,0,0,0,0,1,2,5,0,0,0,0,0,,0,0,0,0,0,0,0,0,0,0,0,,0
00-0039050,Payne Durham,TE,2024,12,REG,2024_12_TB_NYG,TB,NYG,0,0,0,0,0,0,0,0,0,0,0,0,1,1,26,0,1,0,0,0,,0,0,0,0,0,0,0,0,0,0,0,,0
00-0039052,Trey Palmer,WR,2024,12,REG,2024_12_TB_NYG,TB,NYG,0,0,0,0,0,0,0,0,0,0,0,0,1,1,18,0,1,0,0,0,,0,0,0,0,0,0,0,0,0,0,0,,0
00-0039059,Ethan Evans,P,2024,12,REG,2024_12_PHI_LA,LA,PHI,0,0,0,0,0,0,0,0,0,0,0,0,0,0,0,0,0,0,0,0,,0,0,0,0,0,0,0,0,4,159,151,48,1
00-0039062,Jonathan Mingo,WR,2024,12,REG,2024_12_DAL_WAS,DAL,WAS,0,0,0,0,0,0,0,0,0,0,0,0,1,2,8,0,0,0,0,0,,0,0,0,0,0,0,0,0,0,0,0,,0
00-0039064,Zay Flowers,WR,2024,12,REG,2024_12_BAL_LAC,BAL,LAC,0,0,0,0,0,0,0,0,0,0,0,0,5,8,62,0,2,0,0,0,,0,0,0,0,0,0,0,0,0,0,0,,0
00-0039065,Sam LaPorta,TE,2024,12,REG,2024_12_DET_IND,DET,IND,0,0,0,0,0,0,0,0,0,0,0,0,3,6,19,0,0,0,0,0,,0,0,0,0,0,0,0,0,0,0,0,,0
00-0039066,Michael Mayer,TE,2024,12,REG,2024_12_DEN_LV,LV,DEN,0,0,0,0,0,0,0,0,0,0,0,0,2,2,11,0,0,0,0,0,,0,0,0,0,0,0,0,0,0,0,0,,0
00-0039074,Davis Allen,TE,2024,12,REG,2024_12_PHI_LA,LA,PHI,0,0,0,0,0,0,0,0,0,0,0,0,0,1,0,0,0,0,0,0,,0,0,0,0,0,0,0,0,0,0,0,,0
00-0039075,Puka Nacua,WR,2024,12,REG,2024_12_PHI_LA,LA,PHI,0,0,0,0,0,0,0,0,0,0,0,0,9,13,117,0,5,0,0,0,,0,0,0,0,0,0,0,0,0,0,0,,0
00-0039139,Jahmyr Gibbs,RB,2024,12,REG,2024_12_DET_IND,DET,IND,0,0,0,0,0,0,0,21,90,2,7,0,3,3,9,0,1,0,0,0,,0,0,0,0,0,0,0,0,0,0,0,,0
00-0039146,Jayden Reed,WR,2024,12,REG,2024_12_SF_GB,GB,SF,0,0,0,0,0,0,0,0,0,0,0,0,3,3,26,0,1,0,0,0,,0,0,0,0,0,0,0,0,0,0,0,,0
00-0039150,Bryce Young,QB,2024,12,REG,2024_12_KC_CAR,CAR,KC,21,35,263,1,0,2,-14,3,20,0,1,0,0,0,0,0,0,0,0,0,,0,0,0,0,0,0,0,0,0,0,0,,0
00-0039152,Will Levis,QB,2024,12,REG,2024_12_TEN_HOU,TEN,HOU,18,24,278,2,1,8,-41,8,10,0,3,1,0,0,0,0,0,0,0,0,,0,0,0,0,0,0,0,0,0,0,0,,0
00-0039163,C.J. Stroud,QB,2024,12,REG,2024_12_TEN_HOU,HOU,TEN,20,33,247,2,2,4,-27,3,18,0,0,0,0,0,0,0,0,0,0,0,,0,0,0,0,0,0,0,0,0,0,0,,0
00-0039164,Anthony Richardson,QB,2024,12,REG,2024_12_DET_IND,IND,DET,11,28,172,0,0,0,0,10,61,0,3,0,0,0,0,0,0,0,0,0,,0,0,0,0,0,0,0,0,0,0,0,,0
00-0039165,Zach Charbonnet,RB,2024,12,REG,2024_12_ARI_SEA,SEA,ARI,0,0,0,0,0,0,0,6,22,0,2,0,0,0,0,0,0,0,0,0,,0,0,0,0,0,0,0,0,0,0,0,,0
00-0039172,Jake Bates,K,2024,12,REG,2024_12_DET_IND,DET,IND,0,0,0,0,0,0,0,0,0,0,0,0,0,0,0,0,0,0,1,1,56,0,0,0,0,1,0,3,3,0,0,0,,0
00-0039236,Johnny Wilson,WR,2024,12,REG,2024_12_PHI_LA,PHI,LA,0,0,0,0,0,0,0,0,0,0,0,0,0,1,0,0,0,0,0,0,,0,0,0,0,0,0,0,0,0,0,0,,0
00-0039325,Carson Steele,RB,2024,12,REG,2024_12_KC_CAR,KC,CAR,0,0,0,0,0,0,0,1,4,0,0,0,1,2,9,0,0,0,0,0,,0,0,0,0,0,0,0,0,0,0,0,,0
00-0039337,Malik Nabers,WR,2024,12,REG,2024_12_TB_NYG,NYG,TB,0,0,0,0,0,0,0,0,0,0,0,0,6,9,64,0,3,0,0,0,,0,0,0,0,0,0,0,0,0,0,0,,0
00-0039338,Brock Bowers,TE,2024,12,REG,2024_12_DEN_LV,LV,DEN,0,0,0,0,0,0,0,0,0,0,0,0,4,10,38,0,0,0,0,0,,0,0,0,0,0,0,0,0,0,0,0,,0
00-0039342,Xavier Legette,WR,2024,12,REG,2024_12_KC_CAR,CAR,KC,0,0,0,0,0,0,0,0,0,0,0,0,4,6,56,0,2,0,0,0,,0,0,0,0,0,0,0,0,0,0,0,,0
00-0039344,Jonathon Brooks,RB,2024,12,REG,2024_12_KC_CAR,CAR,KC,0,0,0,0,0,0,0,2,7,0,0,0,0,0,0,0,0,0,0,0,,0,0,0,0,0,0,0,0,0,0,0,,0
00-0039355,Luke McCaffrey,WR,2024,12,REG,2024_12_DAL_WAS,WAS,DAL,0,0,0,0,0,0,0,0,0,0,0,0,1,1,8,0,0,0,0,0,,0,0,0,0,0,0,0,0,0,0,0,,0
00-0039356,Ja'Tavion Sanders,TE,2024,12,REG,2024_12_KC_CAR,CAR,KC,0,0,0,0,0,0,0,0,0,0,0,0,3,3,49,0,2,0,0,0,,0,0,0,0,0,0,0,0,0,0,0,,0
00-0039359,Cade Stover,TE,2024,12,REG,2024_12_TEN_HOU,HOU,TEN,0,0,0,0,0,0,0,0,0,0,0,0,3,4,26,1,1,0,0,0,,0,0,0,0,0,0,0,0,0,0,0,,0
00-0039361,Bucky Irving,RB,2024,12,REG,2024_12_TB_NYG,TB,NYG,0,0,0,0,0,0,0,12,88,1,2,0,6,6,64,0,2,0,0,0,,0,0,0,0,0,0,0,0,0,0,0,,0
00-0039373,Audric Estimé,RB,2024,12,REG,2024_12_DEN_LV,DEN,LV,0,0,0,0,0,0,0,3,15,0,1,0,0,0,0,0,0,0,0,0,,0,0,0,0,0,0,0,0,0,0,0,,0
00-0039384,Tyrone Tracy Jr.,RB,2024,12,REG,2024_12_TB_NYG,NYG,TB,0,0,0,0,0,0,0,9,42,0,3,1,4,4,28,0,2,0,0,0,,0,0,0,0,0,0,0,0,0,0,0,,0
00-0039424,Devaughn Vele,WR,2024,12,REG,2024_12_DEN_LV,DEN,LV,0,0,0,0,0,0,0,0,0,0,0,0,6,9,80,0,4,0,0,0,,0,0,0,0,0,0,0,0,0,0,0,,0
00-0039530,Brevyn Spann-Ford,TE,2024,12,REG,2024_12_DAL_WAS,DAL,WAS,0,0,0,0,0,0,0,0,0,0,0,0,2,2,24,0,1,0,0,0,,0,0,0,0,0,0,0,0,0,0,0,,0
00-0039576,Spencer Shrader,K,2024,12,REG,2024_12_KC_CAR,KC,CAR,0,0,0,0,0,0,0,0,0,0,0,0,0,0,0,0,0,0,3,3,41,0,1,1,1,0,0,3,3,0,0,0,,0
00-0039732,Bo Nix,QB,2024,12,REG,2024_12_DEN_LV,DEN,LV,25,42,273,2,0,1,-11,1,5,0,0,0,0,0,0,0,0,0,0,0,,0,0,0,0,0,0,0,0,0,0,0,,0
00-0039738,Blake Corum,RB,2024,12,REG,2024_12_PHI_LA,LA,PHI,0,0,0,0,0,0,0,1,5,0,1,0,0,0,0,0,0,0,0,0,,0,0,0,0,0,0,0,0,0,0,0,,0
00-0039745,Tory Taylor,P,2024,12,REG,2024_12_MIN_CHI,CHI,MIN,0,0,0,0,0,0,0,0,0,0,0,0,0,0,0,0,0,0,0,0,,0,0,0,0,0,0,0,0,6,292,249,54,1
00-0039750,Joshua Karty,K,2024,12,REG,2024_12_PHI_LA,LA,PHI,0,0,0,0,0,0,0,0,0,0,0,0,0,0,0,0,0,0,0,1,,0,0,0,0,0,0,2,2,0,0,0,,0
00-0039793,AJ Barner,TE,2024,12,REG,2024_12_ARI_SEA,SEA,ARI,0,0,0,0,0,0,0,0,0,0,0,0,3,4,19,0,1,0,0,0,,0,0,0,0,0,0,0,0,0,0,0,,0
00-0039847,Theo Johnson,TE,2024,12,REG,2024_12_TB_NYG,NYG,TB,0,0,0,0,0,0,0,0,0,0,0,0,3,6,39,0,3,0,0,0,,0,0,0,0,0,0,0,0,0,0,0,,0
00-0039849,Marvin Harrison Jr.,WR,2024,12,REG,2024_12_ARI_SEA,ARI,SEA,0,0,0,0,0,0,0,0,0,0,0,0,3,6,47,0,3,0,0,0,,0,0,0,0,0,0,0,0,0,0,0,,0
00-0039851,Drake Maye,QB,2024,12,REG,2024_12_NE_MIA,NE,MIA,22,37,222,1,1,4,-39,5,26,0,0,0,0,0,0,0,0,0,0,0,,0,0,0,0,0,0,0,0,0,0,0,,0
00-0039853,Javon Baker,WR,2024,12,REG,2024_12_NE_MIA,NE,MIA,0,0,0,0,0,0,0,0,0,0,0,0,0,1,0,0,0,0,0,0,,0,0,0,0,0,0,0,0,0,0,0,,0
00-0039855,Jalen McMillan,WR,2024,12,REG,2024_12_TB_NYG,TB,NYG,0,0,0,0,0,0,0,0,0,0,0,0,1,2,11,0,1,0,0,0,,0,0,0,0,0,0,0,0,0,0,0,,0
00-0039868,Troy Franklin,WR,2024,12,REG,2024_12_DEN_LV,DEN,LV,0,0,0,0,0,0,0,0,0,0,0,0,2,4,31,0,1,0,0,0,,0,0,0,0,0,0,0,0,0,0,0,,0
00-0039874,Jaylen Wright,RB,2024,12,REG,2024_12_NE_MIA,MIA,NE,0,0,0,0,0,0,0,7,28,0,2,1,0,1,0,0,0,0,0,0,,0,0,0,0,0,0,0,0,0,0,0,,0
00-0039880,Malik Washington,WR,2024,12,REG,2024_12_NE_MIA,MIA,NE,0,0,0,0,0,0,0,1,2,0,0,0,1,2,1,0,0,0,0,0,,0,0,0,0,0,0,0,0,0,0,0,,0
00-0039890,Adonai Mitchell,WR,2024,12,REG,2024_12_DET_IND,IND,DET,0,0,0,0,0,0,0,0,0,0,0,0,1,3,10,0,1,0,0,0,,0,0,0,0,0,0,0,0,0,0,0,,0
00-0039894,Xavier Worthy,WR,2024,12,REG,2024_12_KC_CAR,KC,CAR,0,0,0,0,0,0,0,1,5,0,0,0,4,6,46,0,3,0,0,0,,0,0,0,0,0,0,0,0,0,0,0,,0
00-0039907,Ja'Lynn Polk,WR,2024,12,REG,2024_12_NE_MIA,NE,MIA,0,0,0,0,0,0,0,0,0,0,0,0,1,2,7,0,0,0,0,0,,0,0,0,0,0,0,0,0,0,0,0,,0
00-0039910,Jayden Daniels,QB,2024,12,REG,2024_12_DAL_WAS,WAS,DAL,25,38,275,2,2,4,-8,7,74,1,4,0,0,0,0,0,0,0,0,0,,0,0,0,0,0,0,0,0,0,0,0,,0
00-0039915,Ladd McConkey,WR,2024,12,REG,2024_12_BAL_LAC,LAC,BAL,0,0,0,0,0,0,0,0,0,0,0,0,6,6,83,0,4,0,0,0,,0,0,0,0,0,0,0,0,0,0,0,,0
00-0039918,Caleb Williams,QB,2024,12,REG,2024_12_MIN_CHI,CHI,MIN,32,47,340,2,0,3,-20,6,33,0,3,0,0,0,0,0,0,0,0,0,,0,0,0,0,0,0,0,0,0,0,0,,0
00-0039919,Rome Odunze,WR,2024,12,REG,2024_12_MIN_CHI,CHI,MIN,0,0,0,0,0,0,0,0,0,0,0,0,5,10,39,0,2,0,0,0,,0,0,0,0,0,0,0,0,0,0,0,,0
00-0039921,Trey Benson,RB,2024,12,REG,2024_12_ARI_SEA,ARI,SEA,0,0,0,0,0,0,0,4,18,0,0,0,0,0,0,0,0,0,0,0,,0,0,0,0,0,0,0,0,0,0,0,,0
00-0023459,Aaron Rodgers,QB,2024,13,REG,2024_13_SEA_NYJ,NYJ,SEA,21,39,185,2,1,2,-16,2,6,0,1,0,0,0,0,0,0,0,0,0,,0,0,0,0,0,0,0,0,0,0,0,,0
00-0025565,Nick Folk,K,2024,13,REG,2024_13_TEN_WAS,TEN,WAS,0,0,0,0,0,0,0,0,0,0,0,0,0,0,0,0,0,0,2,2,44,0,0,0,2,0,0,1,1,0,0,0,,0
00-0026498,Matthew Stafford,QB,2024,13,REG,2024_13_LA_NO,LA,NO,14,24,183,2,0,2,-17,4,3,0,2,0,0,0,0,0,0,0,0,0,,0,0,0,0,0,0,0,0,0,0,0,,0
00-0026858,Graham Gano,K,2024,13,REG,2024_13_NYG_DAL,NYG,DAL,0,0,0,0,0,0,0,0,0,0,0,0,0,0,0,0,0,0,2,2,47,0,0,0,2,0,0,2,2,0,0,0,,0
00-0027114,Thomas Morstead,P,2024,13,REG,2024_13_SEA_NYJ,NYJ,SEA,0,0,0,0,0,0,0,0,0,0,0,0,0,0,0,0,0,0,0,0,,0,0,0,0,0,0,0,0,4,162,136,51,1
00-0028872,Johnny Hekker,P,2024,13,REG,2024_13_TB_CAR,CAR,TB,0,0,0,0,0,0,0,0,0,0,0,0,0,0,0,0,0,0,0,0,,0,0,0,0,0,0,0,0,5,192,192,49,0
00-0029263,Russell Wilson,QB,2024,13,REG,2024_13_PIT_CIN,PIT,CIN,29,38,414,3,1,2,-4,3,3,0,0,0,0,0,0,0,0,0,0,0,,0,0,0,0,0,0,0,0,0,0,0,,0
00-0029597,Justin Tucker,K,2024,13,REG,2024_13_PHI_BAL,BAL,PHI,0,0,0,0,0,0,0,0,0,0,0,0,0,0,0,0,0,0,2,4,50,0,0,1,0,1,0,1,2,0,0,0,,0
00-0029604,Kirk Cousins,QB,2024,13,REG,2024_13_LAC_ATL,ATL,LAC,24,39,245,0,4,1,-11,1,3,0,1,0,0,0,0,0,0,0,0,0,,0,0,0,0,0,0,0,0,0,0,0,,0
00-0029692,Bryan Anger,P,2024,13,REG,2024_13_NYG_DAL,DAL,NYG,0,0,0,0,0,0,0,0,0,0,0,0,0,0,0,0,0,0,0,0,,0,0,0,0,0,0,0,0,5,236,167,55,2
00-0029822,Brandon McManus,K,2024,13,REG,2024_13_MIA_GB,GB,MIA,0,0,0,0,0,0,0,0,0,0,0,0,0,0,0,0,0,0,3,3,46,0,1,1,1,0,0,3,3,0,0,0,,0
00-0029892,Kyle Juszczyk,FB,2024,13,REG,2024_13_SF_BUF,SF,BUF,0,0,0,0,0,0,0,1,-1,0,0,1,0,0,0,0,0,0,0,0,,0,0,0,0,0,0,0,0,0,0,0,,0
00-0030035,Adam Thielen,WR,2024,13,REG,2024_13_TB_CAR,CAR,TB,0,0,0,0,0,0,0,0,0,0,0,0,8,10,99,1,4,0,0,0,,0,0,0,0,0,0,0,0,0,0,0,,0
00-0030061,Zach Ertz,TE,2024,13,REG,2024_13_TEN_WAS,WAS,TEN,0,0,0,0,0,0,0,0,0,0,0,0,3,6,35,1,2,0,0,0,,0,0,0,0,0,0,0,0,0,0,0,,0
00-0030092,Sam Martin,P,2024,13,REG,2024_13_SF_BUF,BUF,SF,0,0,0,0,0,0,0,0,0,0,0,0,0,0,0,0,0,0,0,0,,0,0,0,0,0,0,0,0,3,140,115,54,1
00-0030098,Dustin Hopkins,K,2024,13,REG,2024_13_CLE_DEN,CLE,DEN,0,0,0,0,0,0,0,0,0,0,0,0,0,0,0,0,0,0,1,2,45,0,0,0,1,0,0,3,3,0,0,0,,0
00-0030140,Tress Way,P,2024,13,REG,2024_13_TEN_WAS,WAS,TEN,0,0,0,0,0,0,0,0,0,0,0,0,0,0,0,0,0,0,0,0,,0,0,0,0,0,0,0,0,1,52,44,52,0
00-0030279,Keenan Allen,WR,2024,13,REG,2024_13_CHI_DET,CHI,DET,0,0,0,0,0,0,0,0,0,0,0,0,5,8,73,2,3,0,0,0,,0,0,0,0,0,0,0,0,0,0,0,,0
00-0030431,Robert Woods,WR,2024,13,REG,2024_13_HOU_JAX,HOU,JAX,0,0,0,0,0,0,0,0,0,0,0,0,0,1,0,0,0,0,0,0,,0,0,0,0,0,0,0,0,0,0,0,,0
00-0030506,Travis Kelce,TE,2024,13,REG,2024_13_LV_KC,KC,LV,0,0,0,0,0,0,0,0,0,0,0,0,7,13,68,0,5,0,0,0,,0,0,0,0,0,0,0,0,0,0,0,,0
00-0030564,DeAndre Hopkins,WR,2024,13,REG,2024_13_LV_KC,KC,LV,0,0,0,0,0,0,0,0,0,0,0,0,4,9,90,0,2,0,0,0,,0,0,0,0,0,0,0,0,0,0,0,,0
00-0030565,Geno Smith,QB,2024,13,REG,2024_13_SEA_NYJ,SEA,NYJ,20,31,206,1,0,3,-31,2,2,0,0,0,0,0,0,0,0,0,0,0,,0,0,0,0,0,0,0,0,0,0,0,,0
00-0030578,Cordarrelle Patterson,RB,2024,13,REG,2024_13_PIT_CIN,PIT,CIN,0,0,0,0,0,0,0,3,16,0,1,0,3,3,37,0,2,0,0,0,,0,0,0,0,0,0,0,0,0,0,0,,0
00-0031079,Pat O'Donnell,P,2024,13,REG,2024_13_SF_BUF,SF,BUF,0,0,0,0,0,0,0,0,0,0,0,0,0,0,0,0,0,0,0,0,,0,0,0,0,0,0,0,0,3,124,106,46,1
00-0031136,Chris Boswell,K,2024,13,REG,2024_13_PIT_CIN,PIT,CIN,0,0,0,0,0,0,0,0,0,0,0,0,0,0,0,0,0,0,3,4,50,0,0,2,0,1,0,5,5,0,0,0,,0
00-0031203,Cairo Santos,K,2024,13,REG,2024_13_CHI_DET,CHI,DET,0,0,0,0,0,0,0,0,0,0,0,0,0,0,0,0,0,0,0,0,,0,0,0,0,0,0,2,2,0,0,0,,0
00-0031235,Odell Beckham Jr.,WR,2024,13,REG,2024_13_MIA_GB,MIA,GB,0,0,0,0,0,0,0,0,0,0,0,0,1,2,9,0,1,0,0,0,,0,0,0,0,0,0,0,0,0,0,0,,0
00-0031236,Brandin Cooks,WR,2024,13,REG,2024_13_NYG_DAL,DAL,NYG,0,0,0,0,0,0,0,0,0,0,0,0,3,7,16,1,3,0,0,0,,0,0,0,0,0,0,0,0,0,0,0,,0
00-0031280,Derek Carr,QB,2024,13,REG,2024_13_LA_NO,NO,LA,24,37,184,1,0,0,0,2,12,0,1,0,0,0,0,0,0,0,0,0,,0,0,0,0,0,0,0,0,0,0,0,,0
00-0031381,Davante Adams,WR,2024,13,REG,2024_13_SEA_NYJ,NYJ,SEA,0,0,0,0,0,0,0,0,0,0,0,0,5,12,66,1,5,0,0,0,,0,0,0,0,0,0,0,0,0,0,0,,0
00-0031408,Mike Evans,WR,2024,13,REG,2024_13_TB_CAR,TB,CAR,0,0,0,0,0,0,0,0,0,0,0,0,8,12,118,1,8,0,0,0,,0,0,0,0,0,0,0,0,0,0,0,,0
00-0031492,Jason Myers,K,2024,13,REG,2024_13_SEA_NYJ,SEA,NYJ,0,0,0,0,0,0,0,0,0,0,0,0,0,0,0,0,0,0,2,2,54,0,0,0,1,1,0,2,3,0,0,0,,0
00-0031503,Jameis Winston,QB,2024,13,REG,2024_13_CLE_DEN,CLE,DEN,34,58,497,4,3,3,-22,3,11,0,1,0,0,0,0,0,0,0,0,0,,0,0,0,0,0,0,0,0,0,0,0,,0
00-0031544,Amari Cooper,WR,2024,13,REG,2024_13_SF_BUF,BUF,SF,0,0,0,0,0,0,0,0,0,0,0,0,3,3,12,0,1,0,0,0,,0,0,0,0,0,0,0,0,0,0,0,,0
00-0031549,Nelson Agholor,WR,2024,13,REG,2024_13_PHI_BAL,BAL,PHI,0,0,0,0,0,0,0,0,0,0,0,0,0,2,0,0,0,0,0,0,,0,0,0,0,0,0,0,0,0,0,0,,0
00-0031585,MyCole Pruitt,TE,2024,13,REG,2024_13_PIT_CIN,PIT,CIN,0,0,0,0,0,0,0,0,0,0,0,0,2,3,21,0,1,0,0,0,,0,0,0,0,0,0,0,0,0,0,0,,0
00-0031595,Michael Burton,FB,2024,13,REG,2024_13_CLE_DEN,DEN,CLE,0,0,0,0,0,0,0,1,1,1,1,0,0,0,0,0,0,0,0,0,,0,0,0,0,0,0,0,0,0,0,0,,0
00-0031687,Raheem Mostert,RB,2024,13,REG,2024_13_MIA_GB,MIA,GB,0,0,0,0,0,0,0,5,19,0,0,0,2,3,15,0,1,0,0,0,,0,0,0,0,0,0,0,0,0,0,0,,0
00-0032065,Bradley Pinion,P,2024,13,REG,2024_13_LAC_ATL,ATL,LAC,0,0,0,0,0,0,0,0,0,0,0,0,0,0,0,0,0,0,0,0,,0,0,0,0,0,0,0,0,2,82,82,43,1
00-0032104,Ameer Abdullah,RB,2024,13,REG,2024_13_LV_KC,LV,KC,0,0,0,0,0,0,0,10,39,0,2,0,2,2,14,0,1,0,0,0,,0,0,0,0,0,0,0,0,0,0,0,,0
00-0032211,Tyler Lockett,WR,2024,13,REG,2024_13_SEA_NYJ,SEA,NYJ,0,0,0,0,0,0,0,0,0,0,0,0,3,3,16,0,1,0,0,0,,0,0,0,0,0,0,0,0,0,0,0,,0
00-0032385,Sterling Shepard,WR,2024,13,REG,2024_13_TB_CAR,TB,CAR,0,0,0,0,0,0,0,0,0,0,0,0,4,7,42,0,2,0,0,0,,0,0,0,0,0,0,0,0,0,0,0,,0
00-0032392,Austin Hooper,TE,2024,13,REG,2024_13_IND_NE,NE,IND,0,0,0,0,0,0,0,0,0,0,0,0,4,4,42,1,3,0,0,0,,0,0,0,0,0,0,0,0,0,0,0,,0
00-0032394,Nick Vannett,TE,2024,13,REG,2024_13_TEN_WAS,TEN,WAS,0,0,0,0,0,0,0,0,0,0,0,0,1,1,6,0,0,0,0,0,,0,0,0,0,0,0,0,0,0,0,0,,0
00-0032569,Wil Lutz,K,2024,13,REG,2024_13_CLE_DEN,DEN,CLE,0,0,0,0,0,0,0,0,0,0,0,0,0,0,0,0,0,0,2,2,36,0,1,1,0,0,0,5,5,0,0,0,,0
00-0032726,Ka'imi Fairbairn,K,2024,13,REG,2024_13_HOU_JAX,HOU,JAX,0,0,0,0,0,0,0,0,0,0,0,0,0,0,0,0,0,0,3,3,53,0,1,1,0,1,0,2,2,0,0,0,,0
00-0032764,Derrick Henry,RB,2024,13,REG,2024_13_PHI_BAL,BAL,PHI,0,0,0,0,0,0,0,19,82,0,4,0,3,3,29,0,2,0,0,0,,0,0,0,0,0,0,0,0,0,0,0,,0
00-0032775,Demarcus Robinson,WR,2024,13,REG,2024_13_LA_NO,LA,NO,0,0,0,0,0,0,0,0,0,0,0,0,2,3,49,1,2,0,0,0,,0,0,0,0,0,0,0,0,0,0,0,,0
00-0032943,Riley Dixon,P,2024,13,REG,2024_13_CLE_DEN,DEN,CLE,0,0,0,0,0,0,0,0,0,0,0,0,0,0,0,0,0,0,0,0,,0,0,0,0,0,0,0,0,5,256,248,61,3
00-0033009,Tyler Boyd,WR,2024,13,REG,2024_13_TEN_WAS,TEN,WAS,0,0,0,0,0,0,0,0,0,0,0,0,3,4,37,0,2,0,0,0,,0,0,0,0,0,0,0,0,0,0,0,,0
00-0033040,Tyreek Hill,WR,2024,13,REG,2024_13_MIA_GB,MIA,GB,0,0,0,0,0,0,0,0,0,0,0,0,6,9,83,1,4,0,0,0,,0,0,0,0,0,0,0,0,0,0,0,,0
00-0033045,Ezekiel Elliott,RB,2024,13,REG,2024_13_NYG_DAL,DAL,NYG,0,0,0,0,0,0,0,1,4,0,1,0,0,0,0,0,0,0,0,0,,0,0,0,0,0,0,0,0,0,0,0,,0
00-0033090,Hunter Henry,TE,2024,13,REG,2024_13_IND_NE,NE,IND,0,0,0,0,0,0,0,0,0,0,0,0,7,9,75,0,5,0,0,0,,0,0,0,0,0,0,0,0,0,0,0,,0
00-0033106,Jared Goff,QB,2024,13,REG,2024_13_CHI_DET,DET,CHI,21,34,221,2,0,1,-9,1,1,0,1,0,0,0,0,0,0,0,0,0,,0,0,0,0,0,0,0,0,0,0,0,,0
00-0033217,Mo Alie-Cox,TE,2024,13,REG,2024_13_IND_NE,IND,NE,0,0,0,0,0,0,0,0,0,0,0,0,2,2,15,0,1,0,0,0,,0,0,0,0,0,0,0,0,0,0,0,,0
00-0033246,Johnny Mundt,TE,2024,13,REG,2024_13_ARI_MIN,MIN,ARI,0,0,0,0,0,0,0,0,0,0,0,0,2,2,22,1,2,0,0,0,,0,0,0,0,0,0,0,0,0,0,0,,0
00-0033269,Rigoberto Sanchez,P,2024,13,REG,2024_13_IND_NE,IND,NE,0,0,0,0,0,0,0,0,0,0,0,0,0,0,0,0,0,0,0,0,,0,0,0,0,0,0,0,0,2,100,69,51,0
00-0033280,Christian McCaffrey,RB,2024,13,REG,2024_13_SF_BUF,SF,BUF,0,0,0,0,0,0,0,7,53,0,4,0,2,3,14,0,1,0,0,0,,0,0,0,0,0,0,0,0,0,0,0,,0
00-0033282,Curtis Samuel,WR,2024,13,REG,2024_13_SF_BUF,BUF,SF,0,0,0,0,0,0,0,1,7,0,0,0,0,0,0,0,0,0,0,0,,0,0,0,0,0,0,0,0,0,0,0,,0
00-0033288,George Kittle,TE,2024,13,REG,2024_13_SF_BUF,SF,BUF,0,0,0,0,0,0,0,0,0,0,0,0,1,2,7,0,0,0,0,0,,0,0,0,0,0,0,0,0,0,0,0,,0
00-0033293,Aaron Jones,RB,2024,13,REG,2024_13_ARI_MIN,MIN,ARI,0,0,0,0,0,0,0,5,22,0,1,0,3,4,6,1,1,1,0,0,,0,0,0,0,0,0,0,0,0,0,0,,0
00-0033307,Kendrick Bourne,WR,2024,13,REG,2024_13_IND_NE,NE,IND,0,0,0,0,0,0,0,1,6,0,1,0,3,3,39,0,2,0,0,0,,0,0,0,0,0,0,0,0,0,0,0,,0
00-0033357,Taysom Hill,TE,2024,13,REG,2024_13_LA_NO,NO,LA,0,0,0,0,0,0,0,5,10,0,1,0,5,7,37,0,2,0,0,0,,0,0,0,0,0,0,0,0,0,0,0,,0
00-0033375,Tim Patrick,WR,2024,13,REG,2024_13_CHI_DET,DET,CHI,0,0,0,0,0,0,0,0,0,0,0,0,2,3,48,0,2,0,0,0,,0,0,0,0,0,0,0,0,0,0,0,,0
00-0033439,Pharaoh Brown,TE,2024,13,REG,2024_13_SEA_NYJ,SEA,NYJ,0,0,0,0,0,0,0,0,0,0,0,0,0,1,0,0,0,0,0,0,,0,0,0,0,0,0,0,0,0,0,0,,0
00-0033526,Samaje Perine,RB,2024,13,REG,2024_13_LV_KC,KC,LV,0,0,0,0,0,0,0,0,0,0,0,0,1,1,15,0,0,0,0,0,,0,0,0,0,0,0,0,0,0,0,0,,0
00-0033553,James Conner,RB,2024,13,REG,2024_13_ARI_MIN,ARI,MIN,0,0,0,0,0,0,0,17,68,0,6,0,3,4,13,0,0,0,0,0,,0,0,0,0,0,0,0,0,0,0,0,,0
00-0033555,Mack Hollins,WR,2024,13,REG,2024_13_SF_BUF,BUF,SF,0,0,0,0,0,0,0,0,0,0,0,0,1,1,7,1,1,0,0,0,,0,0,0,0,0,0,0,0,0,0,0,,0
00-0033589,David Moore,WR,2024,13,REG,2024_13_TB_CAR,CAR,TB,0,0,0,0,0,0,0,0,0,0,0,0,5,9,40,0,1,0,0,0,,0,0,0,0,0,0,0,0,0,0,0,,0
00-0033591,Noah Brown,WR,2024,13,REG,2024_13_TEN_WAS,WAS,TEN,0,0,0,0,0,0,0,0,0,0,0,0,3,4,27,0,1,0,0,0,,0,0,0,0,0,0,0,0,0,0,0,,0
00-0033662,Cooper Rush,QB,2024,13,REG,2024_13_NYG_DAL,DAL,NYG,21,36,195,1,0,0,0,5,0,0,0,0,0,0,0,0,0,0,0,0,,0,0,0,0,0,0,0,0,0,0,0,,0
00-0033702,Younghoe Koo,K,2024,13,REG,2024_13_LAC_ATL,ATL,LAC,0,0,0,0,0,0,0,0,0,0,0,0,0,0,0,0,0,0,2,3,41,0,1,0,1,0,0,1,1,0,0,0,,0
00-0033787,Jake Elliott,K,2024,13,REG,2024_13_PHI_BAL,PHI,BAL,0,0,0,0,0,0,0,0,0,0,0,0,0,0,0,0,0,0,1,1,35,0,0,1,0,0,0,3,3,0,0,0,,0
00-0033857,JuJu Smith-Schuster,WR,2024,13,REG,2024_13_LV_KC,KC,LV,0,0,0,0,0,0,0,0,0,0,0,0,1,1,10,0,1,0,0,0,,0,0,0,0,0,0,0,0,0,0,0,,0
00-0033858,Jonnu Smith,TE,2024,13,REG,2024_13_MIA_GB,MIA,GB,0,0,0,0,0,0,0,0,0,0,0,0,10,11,113,0,7,0,0,0,,0,0,0,0,0,0,0,0,0,0,0,,0
00-0033862,Zane Gonzalez,K,2024,13,REG,2024_13_TEN_WAS,WAS,TEN,0,0,0,0,0,0,0,0,0,0,0,0,0,0,0,0,0,0,0,2,,0,0,0,0,0,0,6,6,0,0,0,,0
00-0033869,Mitchell Trubisky,QB,2024,13,REG,2024_13_SF_BUF,BUF,SF,1,1,4,0,0,0,0,4,-3,0,0,0,0,0,0,0,0,0,0,0,,0,0,0,0,0,0,0,0,0,0,0,,0
00-0033873,Patrick Mahomes,QB,2024,13,REG,2024_13_LV_KC,KC,LV,26,46,306,1,0,5,-40,2,4,0,0,0,0,0,0,0,0,0,0,0,,0,0,0,0,0,0,0,0,0,0,0,,0
00-0033881,Evan Engram,TE,2024,13,REG,2024_13_HOU_JAX,JAX,HOU,0,0,0,0,0,0,0,0,0,0,0,0,7,9,41,0,2,0,0,0,,0,0,0,0,0,0,0,0,0,0,0,,0
00-0033885,David Njoku,TE,2024,13,REG,2024_13_CLE_DEN,CLE,DEN,0,0,0,0,0,0,0,0,0,0,0,0,9,17,52,2,3,0,0,0,,0,0,0,0,0,0,0,0,0,0,0,,0
00-0033897,Joe Mixon,RB,2024,13,REG,2024_13_HOU_JAX,HOU,JAX,0,0,0,0,0,0,0,20,101,1,9,0,4,6,18,0,0,0,0,0,,0,0,0,0,0,0,0,0,0,0,0,,0
00-0033906,Alvin Kamara,RB,2024,13,REG,2024_13_LA_NO,NO,LA,0,0,0,0,0,0,0,23,112,0,5,0,4,6,7,0,0,0,0,0,,0,0,0,0,0,0,0,0,0,0,0,,0
00-0033908,Cooper Kupp,WR,2024,13,REG,2024_13_LA_NO,LA,NO,0,0,0,0,0,0,0,0,0,0,0,0,3,6,17,0,0,0,0,0,,0,0,0,0,0,0,0,0,0,0,0,,0
00-0033923,Kareem Hunt,RB,2024,13,REG,2024_13_LV_KC,KC,LV,0,0,0,0,0,0,0,7,15,0,0,0,2,4,0,0,0,0,0,0,,0,0,0,0,0,0,0,0,0,0,0,,0
00-0033948,Jamaal Williams,RB,2024,13,REG,2024_13_LA_NO,NO,LA,0,0,0,0,0,0,0,0,0,0,0,0,1,1,7,0,1,0,0,0,,0,0,0,0,0,0,0,0,0,0,0,,0
00-0033955,Jeremy McNichols,RB,2024,13,REG,2024_13_TEN_WAS,WAS,TEN,0,0,0,0,0,0,0,6,32,0,2,0,0,0,0,0,0,0,0,0,,0,0,0,0,0,0,0,0,0,0,0,,0
00-0034159,Will Dissly,TE,2024,13,REG,2024_13_LAC_ATL,LAC,ATL,0,0,0,0,0,0,0,0,0,0,0,0,0,1,0,0,0,0,0,0,,0,0,0,0,0,0,0,0,0,0,0,,0
00-0034160,Michael Dickson,P,2024,13,REG,2024_13_SEA_NYJ,SEA,NYJ,0,0,0,0,0,0,0,0,0,0,0,0,0,0,0,0,0,0,0,0,,0,0,0,0,0,0,0,0,3,141,121,52,1
00-0034161,Daniel Carlson,K,2024,13,REG,2024_13_LV_KC,LV,KC,0,0,0,0,0,0,0,0,0,0,0,0,0,0,0,0,0,0,1,4,27,0,1,0,0,0,0,2,2,0,0,0,,0
00-0034162,J.K. Scott,P,2024,13,REG,2024_13_LAC_ATL,LAC,ATL,1,1,3,0,0,0,0,0,0,0,0,0,0,0,0,0,0,0,0,0,,0,0,0,0,0,0,0,0,3,146,136,52,2
00-0034173,Eddy Pineiro,K,2024,13,REG,2024_13_TB_CAR,CAR,TB,0,0,0,0,0,0,0,0,0,0,0,0,0,0,0,0,0,0,3,5,47,0,2,0,1,0,0,2,2,0,0,0,,0
00-0034184,Gus Edwards,RB,2024,13,REG,2024_13_LAC_ATL,LAC,ATL,0,0,0,0,0,0,0,6,32,0,2,0,1,1,1,0,0,0,0,0,,0,0,0,0,0,0,0,0,0,0,0,,0
00-0034270,Tyler Conklin,TE,2024,13,REG,2024_13_SEA_NYJ,NYJ,SEA,0,0,0,0,0,0,0,0,0,0,0,0,4,5,32,0,2,0,0,0,,0,0,0,0,0,0,0,0,0,0,0,,0
00-0034272,Marquez Valdes-Scantling,WR,2024,13,REG,2024_13_LA_NO,NO,LA,0,0,0,0,0,0,0,0,0,0,0,0,2,3,36,1,2,0,0,0,,0,0,0,0,0,0,0,0,0,0,0,,0
00-0034348,Courtland Sutton,WR,2024,13,REG,2024_13_CLE_DEN,DEN,CLE,0,0,0,0,0,0,0,0,0,0,0,0,6,9,102,0,6,0,0,0,,0,0,0,0,0,0,0,0,0,0,0,,0
00-0034351,Dallas Goedert,TE,2024,13,REG,2024_13_PHI_BAL,PHI,BAL,0,0,0,0,0,0,0,0,0,0,0,0,3,4,35,1,3,0,0,0,,0,0,0,0,0,0,0,0,0,0,0,,0
00-0034364,Jordan Akins,TE,2024,13,REG,2024_13_CLE_DEN,CLE,DEN,0,0,0,0,0,0,0,0,0,0,0,0,0,1,0,0,0,0,0,0,,0,0,0,0,0,0,0,0,0,0,0,,0
00-0034383,Dalton Schultz,TE,2024,13,REG,2024_13_HOU_JAX,HOU,JAX,0,0,0,0,0,0,0,0,0,0,0,0,5,7,61,1,4,0,0,0,,0,0,0,0,0,0,0,0,0,0,0,,0
00-0034386,Justin Watson,WR,2024,13,REG,2024_13_LV_KC,KC,LV,0,0,0,0,0,0,0,0,0,0,0,0,1,3,6,1,1,0,0,0,,0,0,0,0,0,0,0,0,0,0,0,,0
00-0034407,Ray-Ray McCloud,WR,2024,13,REG,2024_13_LAC_ATL,ATL,LAC,0,0,0,0,0,0,0,1,-2,0,0,0,4,6,95,0,3,0,0,0,,0,0,0,0,0,0,0,0,0,0,0,,0
00-0034418,Cedrick Wilson Jr.,WR,2024,13,REG,2024_13_LA_NO,NO,LA,0,0,0,0,0,0,0,0,0,0,0,0,1,1,19,0,1,0,0,0,,0,0,0,0,0,0,0,0,0,0,0,,0
00-0034437,Logan Cooke,P,2024,13,REG,2024_13_HOU_JAX,JAX,HOU,0,0,0,0,0,0,0,0,0,0,0,0,0,0,0,0,0,0,0,0,,0,0,0,0,0,0,0,0,4,191,164,64,2
00-0034613,Tanner Hudson,TE,2024,13,REG,2024_13_PIT_CIN,CIN,PIT,0,0,0,0,0,0,0,0,0,0,0,0,4,4,28,0,2,0,0,0,,0,0,0,0,0,0,0,0,0,0,0,,0
00-0034646,Brandon Powell,WR,2024,13,REG,2024_13_ARI_MIN,MIN,ARI,0,0,0,0,0,0,0,0,0,0,0,0,1,1,8,0,0,0,0,0,,0,0,0,0,0,0,0,0,0,0,0,,0
00-0034721,Corey Bojorquez,P,2024,13,REG,2024_13_CLE_DEN,CLE,DEN,0,0,0,0,0,0,0,0,0,0,0,0,0,0,0,0,0,0,0,0,,0,0,0,0,0,0,0,0,6,312,282,63,3
00-0034753,Mark Andrews,TE,2024,13,REG,2024_13_PHI_BAL,BAL,PHI,0,0,0,0,0,0,0,1,2,0,1,0,6,7,67,1,3,0,0,0,,0,0,0,0,0,0,0,0,0,0,0,,0
00-0034791,Nick Chubb,RB,2024,13,REG,2024_13_CLE_DEN,CLE,DEN,0,0,0,0,0,0,0,9,21,0,1,0,2,2,24,1,2,0,0,0,,0,0,0,0,0,0,0,0,0,0,0,,0
00-0034794,Jason Sanders,K,2024,13,REG,2024_13_MIA_GB,MIA,GB,0,0,0,0,0,0,0,0,0,0,0,0,0,0,0,0,0,0,1,1,33,0,0,1,0,0,0,0,0,0,0,0,,0
00-0034796,Lamar Jackson,QB,2024,13,REG,2024_13_PHI_BAL,BAL,PHI,23,36,237,2,0,3,-31,8,79,0,5,0,0,0,0,0,0,0,0,0,,0,0,0,0,0,0,0,0,0,0,0,,0
00-0034798,Durham Smythe,TE,2024,13,REG,2024_13_MIA_GB,MIA,GB,0,0,0,0,0,0,0,0,0,0,0,0,1,1,8,0,0,0,0,0,,0,0,0,0,0,0,0,0,0,0,0,,0
00-0034827,DJ Moore,WR,2024,13,REG,2024_13_CHI_DET,CHI,DET,0,0,0,0,0,0,0,0,0,0,0,0,8,16,97,1,3,0,0,0,,0,0,0,0,0,0,0,0,0,0,0,,0
00-0034829,Mike Gesicki,TE,2024,13,REG,2024_13_PIT_CIN,CIN,PIT,0,0,0,0,0,0,0,0,0,0,0,0,5,5,53,0,3,0,0,0,,0,0,0,0,0,0,0,0,0,0,0,,0
00-0034837,Calvin Ridley,WR,2024,13,REG,2024_13_TEN_WAS,TEN,WAS,0,0,0,0,0,0,0,0,0,0,0,0,2,7,45,0,2,0,0,0,,0,0,0,0,0,0,0,0,0,0,0,,0
00-0034844,Saquon Barkley,RB,2024,13,REG,2024_13_PHI_BAL,PHI,BAL,0,0,0,0,0,0,0,23,107,1,5,0,2,4,10,0,0,0,0,0,,0,0,0,0,0,0,0,0,0,0,0,,0
00-0034855,Baker Mayfield,QB,2024,13,REG,2024_13_TB_CAR,TB,CAR,21,33,235,1,2,4,-31,3,8,0,1,0,0,0,0,0,0,0,0,0,,0,0,0,0,0,0,0,0,0,0,0,,0
00-0034857,Josh Allen,QB,2024,13,REG,2024_13_SF_BUF,BUF,SF,13,17,148,2,0,0,0,3,18,1,3,0,0,0,7,1,0,0,0,0,,0,0,0,0,0,0,0,0,0,0,0,,0
00-0034860,Dante Pettis,WR,2024,13,REG,2024_13_LA_NO,NO,LA,0,0,0,0,0,0,0,0,0,0,0,0,1,2,5,0,0,0,0,0,,0,0,0,0,0,0,0,0,0,0,0,,0
00-0034869,Sam Darnold,QB,2024,13,REG,2024_13_ARI_MIN,MIN,ARI,21,31,235,2,0,5,-30,4,22,0,1,0,0,0,0,0,0,0,0,0,,0,0,0,0,0,0,0,0,0,0,0,,0
00-0034960,Jakobi Meyers,WR,2024,13,REG,2024_13_LV_KC,LV,KC,0,0,0,0,0,0,0,0,0,0,0,0,6,11,97,0,4,0,0,0,,0,0,0,0,0,0,0,0,0,0,0,,0
00-0034975,Justice Hill,RB,2024,13,REG,2024_13_PHI_BAL,BAL,PHI,0,0,0,0,0,0,0,3,6,0,0,0,4,6,15,0,0,0,0,0,,0,0,0,0,0,0,0,0,0,0,0,,0
00-0034981,Foster Moreau,TE,2024,13,REG,2024_13_LA_NO,NO,LA,0,0,0,0,0,0,0,0,0,0,0,0,2,4,6,0,0,0,0,0,,0,0,0,0,0,0,0,0,0,0,0,,0
00-0035042,Jamie Gillan,P,2024,13,REG,2024_13_NYG_DAL,NYG,DAL,0,0,0,0,0,0,0,0,0,0,0,0,0,0,0,0,0,0,0,0,,0,0,0,0,0,0,0,0,5,228,231,54,2
00-0035125,Alec Ingold,FB,2024,13,REG,2024_13_MIA_GB,MIA,GB,0,0,0,0,0,0,0,0,0,0,0,0,2,2,15,0,1,0,0,0,,0,0,0,0,0,0,0,0,0,0,0,,0
00-0035156,Jack Fox,P,2024,13,REG,2024_13_CHI_DET,DET,CHI,0,0,0,0,0,0,0,0,0,0,0,0,0,0,0,0,0,0,0,0,,0,0,0,0,0,0,0,0,2,100,100,61,2
00-0035189,Matthew Wright,K,2024,13,REG,2024_13_LV_KC,KC,LV,0,0,0,0,0,0,0,0,0,0,0,0,0,0,0,0,0,0,4,5,42,0,1,2,1,0,0,1,1,0,0,0,,0
00-0035190,AJ Cole,P,2024,13,REG,2024_13_LV_KC,LV,KC,0,0,0,0,0,0,0,0,0,0,0,0,0,0,0,0,0,0,0,0,,0,0,0,0,0,0,0,0,3,140,132,55,1
00-0035192,Joey Slye,K,2024,13,REG,2024_13_IND_NE,NE,IND,0,0,0,0,0,0,0,0,0,0,0,0,0,0,0,0,0,0,3,5,54,0,0,2,0,1,0,1,1,0,0,0,,0
00-0035208,Olamide Zaccheaus,WR,2024,13,REG,2024_13_TEN_WAS,WAS,TEN,0,0,0,0,0,0,0,0,0,0,0,0,3,3,14,0,0,0,0,0,,0,0,0,0,0,0,0,0,0,0,0,,0
00-0035228,Kyler Murray,QB,2024,13,REG,2024_13_ARI_MIN,ARI,MIN,31,45,260,1,2,1,-8,7,48,0,2,0,0,0,0,0,0,0,0,0,,0,0,0,0,0,0,0,0,0,0,0,,0
00-0035229,T.J. Hockenson,TE,2024,13,REG,2024_13_ARI_MIN,MIN,ARI,0,0,0,0,0,0,0,0,0,0,0,0,3,6,28,0,3,0,0,0,,0,0,0,0,0,0,0,0,0,0,0,,0
00-0035250,Devin Singletary,RB,2024,13,REG,2024_13_NYG_DAL,NYG,DAL,0,0,0,0,0,0,0,7,23,0,2,0,0,1,0,0,0,0,0,0,,0,0,0,0,0,0,0,0,0,0,0,,0
00-0035261,Tony Pollard,RB,2024,13,REG,2024_13_TEN_WAS,TEN,WAS,0,0,0,0,0,0,0,8,35,0,1,1,4,6,33,0,1,0,0,0,,0,0,0,0,0,0,0,0,0,0,0,,0
00-0035269,Matt Gay,K,2024,13,REG,2024_13_IND_NE,IND,NE,0,0,0,0,0,0,0,0,0,0,0,0,0,0,0,0,0,0,1,1,25,0,1,0,0,0,0,2,2,0,0,0,,0
00-0035280,Jake Bailey,P,2024,13,REG,2024_13_MIA_GB,MIA,GB,0,0,0,0,0,0,0,0,0,0,0,0,0,0,0,0,0,0,0,0,,0,0,0,0,0,0,0,0,3,146,146,53,0
00-0035358,Chase McLaughlin,K,2024,13,REG,2024_13_TB_CAR,TB,CAR,0,0,0,0,0,0,0,0,0,0,0,0,0,0,0,0,0,0,4,5,51,0,2,1,0,1,0,2,2,0,0,0,,0
00-0035500,Greg Dortch,WR,2024,13,REG,2024_13_ARI_MIN,ARI,MIN,0,0,0,0,0,0,0,1,6,0,0,0,2,3,1,0,0,0,0,0,,0,0,0,0,0,0,0,0,0,0,0,,0
00-0035535,Darius Slayton,WR,2024,13,REG,2024_13_NYG_DAL,NYG,DAL,0,0,0,0,0,0,0,0,0,0,0,0,2,6,8,0,0,0,0,0,,0,0,0,0,0,0,0,0,0,0,0,,0
00-0035537,Ty Johnson,RB,2024,13,REG,2024_13_SF_BUF,BUF,SF,0,0,0,0,0,0,0,5,28,0,1,0,1,1,9,0,0,0,0,0,,0,0,0,0,0,0,0,0,0,0,0,,0
00-0035631,Drew Sample,TE,2024,13,REG,2024_13_PIT_CIN,CIN,PIT,0,0,0,0,0,0,0,0,0,0,0,0,2,2,8,0,0,0,0,0,,0,0,0,0,0,0,0,0,0,0,0,,0
00-0035639,Parris Campbell,WR,2024,13,REG,2024_13_PHI_BAL,PHI,BAL,0,0,0,0,0,0,0,0,0,0,0,0,0,1,0,0,0,0,0,0,,0,0,0,0,0,0,0,0,0,0,0,,0
00-0035640,DK Metcalf,WR,2024,13,REG,2024_13_SEA_NYJ,SEA,NYJ,0,0,0,0,0,0,0,0,0,0,0,0,4,9,66,0,2,0,0,0,,0,0,0,0,0,0,0,0,0,0,0,,0
00-0035644,Noah Fant,TE,2024,13,REG,2024_13_SEA_NYJ,SEA,NYJ,0,0,0,0,0,0,0,0,0,0,0,0,3,4,26,0,0,0,0,0,,0,0,0,0,0,0,0,0,0,0,0,,0
00-0035659,Terry McLaurin,WR,2024,13,REG,2024_13_TEN_WAS,WAS,TEN,0,0,0,0,0,0,0,0,0,0,0,0,8,8,73,2,6,0,0,0,,0,0,0,0,0,0,0,0,0,0,0,,0
00-0035676,A.J. Brown,WR,2024,13,REG,2024_13_PHI_BAL,PHI,BAL,0,0,0,0,0,0,0,0,0,0,0,0,5,6,66,0,4,0,0,0,,0,0,0,0,0,0,0,0,0,0,0,,0
00-0035685,David Montgomery,RB,2024,13,REG,2024_13_CHI_DET,DET,CHI,0,0,0,0,0,0,0,21,88,0,4,0,3,3,36,0,3,0,0,0,,0,0,0,0,0,0,0,0,0,0,0,,0
00-0035689,Dawson Knox,TE,2024,13,REG,2024_13_SF_BUF,BUF,SF,0,0,0,0,0,0,0,0,0,0,0,0,2,2,56,0,2,0,0,0,,0,0,0,0,0,0,0,0,0,0,0,,0
00-0035700,Josh Jacobs,RB,2024,13,REG,2024_13_MIA_GB,GB,MIA,0,0,0,0,0,0,0,19,43,1,3,0,4,4,74,0,2,0,0,0,,0,0,0,0,0,0,0,0,0,0,0,,0
00-0035704,Drew Lock,QB,2024,13,REG,2024_13_NYG_DAL,NYG,DAL,21,32,178,0,1,6,-47,4,57,1,3,0,0,0,0,0,0,0,0,0,,0,0,0,0,0,0,0,0,0,0,0,,0
00-0035719,Deebo Samuel Sr.,WR,2024,13,REG,2024_13_SF_BUF,SF,BUF,0,0,0,0,0,0,0,0,0,0,0,0,4,5,20,0,0,0,0,0,,0,0,0,0,0,0,0,0,0,0,0,,0
00-0035821,Corliss Waitman,P,2024,13,REG,2024_13_PIT_CIN,PIT,CIN,0,0,0,0,0,0,0,0,0,0,0,0,0,0,0,0,0,0,0,0,,0,0,0,0,0,0,0,0,1,38,38,38,1
00-0035859,Blake Gillikin,P,2024,13,REG,2024_13_ARI_MIN,ARI,MIN,0,0,0,0,0,0,0,0,0,0,0,0,0,0,0,0,0,0,0,0,,0,0,0,0,0,0,0,0,1,42,42,42,1
00-0035889,Tommy Townsend,P,2024,13,REG,2024_13_HOU_JAX,HOU,JAX,0,0,0,0,0,0,0,0,0,0,0,0,0,0,0,0,0,0,0,0,,0,0,0,0,0,0,0,0,4,202,177,63,2
00-0035976,Dan Chisena,WR,2024,13,REG,2024_13_TB_CAR,CAR,TB,0,0,0,0,0,0,0,0,0,0,0,0,1,1,6,0,0,0,0,0,,0,0,0,0,0,0,0,0,0,0,0,,0
00-0036040,Juwan Johnson,TE,2024,13,REG,2024_13_LA_NO,NO,LA,0,0,0,0,0,0,0,0,0,0,0,0,5,7,36,0,2,0,0,0,,0,0,0,0,0,0,0,0,0,0,0,,0
00-0036139,Rico Dowdle,RB,2024,13,REG,2024_13_NYG_DAL,DAL,NYG,0,0,0,0,0,0,0,22,112,1,6,0,3,3,11,0,0,0,0,0,,0,0,0,0,0,0,0,0,0,0,0,,0
00-0036162,Tyler Bass,K,2024,13,REG,2024_13_SF_BUF,BUF,SF,0,0,0,0,0,0,0,0,0,0,0,0,0,0,0,0,0,0,0,1,,0,0,0,0,0,0,5,5,0,0,0,,0
00-0036182,Nick Westbrook-Ikhine,WR,2024,13,REG,2024_13_TEN_WAS,TEN,WAS,0,0,0,0,0,0,0,0,0,0,0,0,3,8,61,2,3,0,0,0,,0,0,0,0,0,0,0,0,0,0,0,,0
00-0036212,Tua Tagovailoa,QB,2024,13,REG,2024_13_MIA_GB,MIA,GB,37,46,365,2,0,5,-29,2,6,0,0,0,0,0,0,0,0,0,0,0,,0,0,0,0,0,0,0,0,0,0,0,,0
00-0036223,Jonathan Taylor,RB,2024,13,REG,2024_13_IND_NE,IND,NE,0,0,0,0,0,0,0,25,96,0,8,0,1,1,7,1,1,0,0,0,,0,0,0,0,0,0,0,0,0,0,0,,0
00-0036244,Colby Parkinson,TE,2024,13,REG,2024_13_LA_NO,LA,NO,0,0,0,0,0,0,0,0,0,0,0,0,1,1,13,0,1,0,0,0,,0,0,0,0,0,0,0,0,0,0,0,,0
00-0036252,Michael Pittman,WR,2024,13,REG,2024_13_IND_NE,IND,NE,0,0,0,0,0,0,0,0,0,0,0,0,5,7,42,0,0,0,0,0,,0,0,0,0,0,0,0,0,0,0,0,,0
00-0036259,Jauan Jennings,WR,2024,13,REG,2024_13_SF_BUF,SF,BUF,0,0,0,0,0,0,0,0,0,0,0,0,3,5,56,0,3,0,0,0,,0,0,0,0,0,0,0,0,0,0,0,,0
00-0036264,Jordan Love,QB,2024,13,REG,2024_13_MIA_GB,GB,MIA,21,28,274,2,0,0,0,0,0,0,0,0,0,0,0,0,0,0,0,0,,0,0,0,0,0,0,0,0,0,0,0,,0
00-0036275,D'Andre Swift,RB,2024,13,REG,2024_13_CHI_DET,CHI,DET,0,0,0,0,0,0,0,11,39,0,2,0,2,3,35,0,1,0,0,0,,0,0,0,0,0,0,0,0,0,0,0,,0
00-0036290,Cole Kmet,TE,2024,13,REG,2024_13_CHI_DET,CHI,DET,0,0,0,0,0,0,0,0,0,0,0,0,3,3,26,0,2,0,0,0,,0,0,0,0,0,0,0,0,0,0,0,,0
00-0036309,Darnell Mooney,WR,2024,13,REG,2024_13_LAC_ATL,ATL,LAC,0,0,0,0,0,0,0,0,0,0,0,0,3,6,20,0,2,0,0,0,,0,0,0,0,0,0,0,0,0,0,0,,0
00-0036313,Braden Mann,P,2024,13,REG,2024_13_PHI_BAL,PHI,BAL,0,0,0,0,0,0,0,0,0,0,0,0,0,0,0,0,0,0,0,0,,0,0,0,0,0,0,0,0,6,307,291,58,5
00-0036322,Justin Jefferson,WR,2024,13,REG,2024_13_ARI_MIN,MIN,ARI,0,0,0,0,0,0,0,0,0,0,0,0,7,9,99,0,4,0,0,0,,0,0,0,0,0,0,0,0,0,0,0,,0
00-0036328,Antonio Gibson,RB,2024,13,REG,2024_13_IND_NE,NE,IND,0,0,0,0,0,0,0,7,62,1,4,0,0,0,0,0,0,0,0,0,,0,0,0,0,0,0,0,0,0,0,0,,0
00-0036331,Devin Duvernay,WR,2024,13,REG,2024_13_HOU_JAX,JAX,HOU,0,0,0,0,0,0,0,0,0,0,0,0,2,4,23,0,2,0,0,0,,0,0,0,0,0,0,0,0,0,0,0,,0
00-0036355,Justin Herbert,QB,2024,13,REG,2024_13_LAC_ATL,LAC,ATL,16,23,147,0,0,5,-19,5,1,0,2,0,0,0,0,0,0,0,0,0,,0,0,0,0,0,0,0,0,0,0,0,,0
00-0036358,CeeDee Lamb,WR,2024,13,REG,2024_13_NYG_DAL,DAL,NYG,0,0,0,0,0,0,0,0,0,0,0,0,2,6,39,0,2,0,0,0,,0,0,0,0,0,0,0,0,0,0,0,,0
00-0036389,Jalen Hurts,QB,2024,13,REG,2024_13_PHI_BAL,PHI,BAL,11,19,118,1,0,2,-6,9,29,1,4,0,0,0,0,0,0,0,0,0,,0,0,0,0,0,0,0,0,0,0,0,,0
00-0036407,Jerry Jeudy,WR,2024,13,REG,2024_13_CLE_DEN,CLE,DEN,0,0,0,0,0,0,0,0,0,0,0,0,9,13,235,1,9,0,0,0,,0,0,0,0,0,0,0,0,0,0,0,,0
00-0036410,Tee Higgins,WR,2024,13,REG,2024_13_PIT_CIN,CIN,PIT,0,0,0,0,0,0,0,0,0,0,0,0,5,10,69,1,4,0,0,0,,0,0,0,0,0,0,0,0,0,0,0,,0
00-0036414,Cam Akers,RB,2024,13,REG,2024_13_ARI_MIN,MIN,ARI,0,0,0,0,0,0,0,4,22,0,1,0,0,0,0,0,0,0,0,0,,0,0,0,0,0,0,0,0,0,0,0,,0
00-0036415,Van Jefferson,WR,2024,13,REG,2024_13_PIT_CIN,PIT,CIN,0,0,0,0,0,0,0,0,0,0,0,0,1,3,43,0,1,0,0,0,,0,0,0,0,0,0,0,0,0,0,0,,0
00-0036422,Adam Trautman,TE,2024,13,REG,2024_13_CLE_DEN,DEN,CLE,0,0,0,0,0,0,0,0,0,0,0,0,0,1,0,0,0,0,0,0,,0,0,0,0,0,0,0,0,0,0,0,,0
00-0036427,Tyler Johnson,WR,2024,13,REG,2024_13_LA_NO,LA,NO,0,0,0,0,0,0,0,0,0,0,0,0,0,1,0,0,0,0,0,0,,0,0,0,0,0,0,0,0,0,0,0,,0
00-0036429,Charlie Woerner,TE,2024,13,REG,2024_13_LAC_ATL,ATL,LAC,0,0,0,0,0,0,0,0,0,0,0,0,1,1,5,0,1,0,0,0,,0,0,0,0,0,0,0,0,0,0,0,,0
00-0036438,Stephen Sullivan,TE,2024,13,REG,2024_13_TB_CAR,CAR,TB,0,0,0,0,0,0,0,0,0,0,0,0,0,1,0,0,0,0,0,0,,0,0,0,0,0,0,0,0,0,0,0,,0
00-0036442,Joe Burrow,QB,2024,13,REG,2024_13_PIT_CIN,CIN,PIT,28,38,309,3,1,4,-27,2,9,0,0,0,0,0,0,0,0,0,0,0,,0,0,0,0,0,0,0,0,0,0,0,,0
00-0036527,DJ Turner,WR,2024,13,REG,2024_13_LV_KC,LV,KC,0,0,0,0,0,0,0,0,0,0,0,0,1,1,25,0,1,0,0,0,,0,0,0,0,0,0,0,0,0,0,0,,0
00-0036554,Nico Collins,WR,2024,13,REG,2024_13_HOU_JAX,HOU,JAX,0,0,0,0,0,0,0,0,0,0,0,0,8,11,119,0,5,0,0,0,,0,0,0,0,0,0,0,0,0,0,0,,0
00-0036555,Chuba Hubbard,RB,2024,13,REG,2024_13_TB_CAR,CAR,TB,0,0,0,0,0,0,0,12,43,0,2,1,0,0,0,0,0,0,0,0,,0,0,0,0,0,0,0,0,0,0,0,,0
00-0036590,Quintin Morris,TE,2024,13,REG,2024_13_SF_BUF,BUF,SF,0,0,0,0,0,0,0,0,0,0,0,0,1,1,14,0,1,0,0,0,,0,0,0,0,0,0,0,0,0,0,0,,0
00-0036613,Jaylen Waddle,WR,2024,13,REG,2024_13_MIA_GB,MIA,GB,0,0,0,0,0,0,0,0,0,0,0,0,4,4,53,0,3,0,0,0,,0,0,0,0,0,0,0,0,0,0,0,,0
00-0036626,Dyami Brown,WR,2024,13,REG,2024_13_TEN_WAS,WAS,TEN,0,0,0,0,0,0,0,1,4,0,0,0,4,5,35,0,2,0,0,0,,0,0,0,0,0,0,0,0,0,0,0,,0
00-0036630,Tylan Wallace,WR,2024,13,REG,2024_13_PHI_BAL,BAL,PHI,0,0,0,0,0,0,0,0,0,0,0,0,2,2,14,0,1,0,0,0,,0,0,0,0,0,0,0,0,0,0,0,,0
00-0036637,Noah Gray,TE,2024,13,REG,2024_13_LV_KC,KC,LV,0,0,0,0,0,0,0,0,0,0,0,0,4,6,58,0,2,0,0,0,,0,0,0,0,0,0,0,0,0,0,0,,0
00-0036640,Zach Davidson,TE,2024,13,REG,2024_13_SF_BUF,BUF,SF,0,0,0,0,0,0,0,0,0,0,0,0,0,1,0,0,0,0,0,0,,0,0,0,0,0,0,0,0,0,0,0,,0
00-0036754,Brock Wright,TE,2024,13,REG,2024_13_CHI_DET,DET,CHI,0,0,0,0,0,0,0,0,0,0,0,0,1,1,13,0,1,0,0,0,,0,0,0,0,0,0,0,0,0,0,0,,0
00-0036825,Feleipe Franks,TE,2024,13,REG,2024_13_TB_CAR,CAR,TB,0,0,0,0,0,0,0,0,0,0,0,0,0,1,0,0,0,0,0,0,,0,0,0,0,0,0,0,0,0,0,0,,0
00-0036849,Tutu Atwell,WR,2024,13,REG,2024_13_LA_NO,LA,NO,0,0,0,0,0,0,0,1,0,0,0,0,2,2,39,0,2,0,0,0,,0,0,0,0,0,0,0,0,0,0,0,,0
00-0036854,Evan McPherson,K,2024,13,REG,2024_13_PIT_CIN,CIN,PIT,0,0,0,0,0,0,0,0,0,0,0,0,0,0,0,0,0,0,1,1,38,0,0,1,0,0,0,5,5,0,0,0,,0
00-0036862,Ben Skowronek,WR,2024,13,REG,2024_13_PIT_CIN,PIT,CIN,0,0,0,0,0,0,0,0,0,0,0,0,1,1,23,0,1,0,0,0,,0,0,0,0,0,0,0,0,0,0,0,,0
00-0036875,Rhamondre Stevenson,RB,2024,13,REG,2024_13_IND_NE,NE,IND,0,0,0,0,0,0,0,18,73,0,2,0,3,3,21,0,2,0,0,0,,0,0,0,0,0,0,0,0,0,0,0,,0
00-0036876,Kylen Granson,TE,2024,13,REG,2024_13_IND_NE,IND,NE,0,0,0,0,0,0,0,0,0,0,0,0,0,3,0,0,0,0,0,0,,0,0,0,0,0,0,0,0,0,0,0,,0
00-0036880,Penei Sewell,OT,2024,13,REG,2024_13_CHI_DET,DET,CHI,0,0,0,0,0,1,-1,0,0,0,0,0,0,0,0,0,0,0,0,0,,0,0,0,0,0,0,0,0,0,0,0,,0
00-0036887,Luke Farrell,TE,2024,13,REG,2024_13_HOU_JAX,JAX,HOU,0,0,0,0,0,0,0,0,0,0,0,0,0,1,0,0,0,0,0,0,,0,0,0,0,0,0,0,0,0,0,0,,0
00-0036893,Najee Harris,RB,2024,13,REG,2024_13_PIT_CIN,PIT,CIN,0,0,0,0,0,0,0,16,75,1,2,0,6,6,54,0,3,0,0,0,,0,0,0,0,0,0,0,0,0,0,0,,0
00-0036894,Pat Freiermuth,TE,2024,13,REG,2024_13_PIT_CIN,PIT,CIN,0,0,0,0,0,0,0,0,0,0,0,0,6,7,68,1,2,0,0,0,,0,0,0,0,0,0,0,0,0,0,0,,0
00-0036900,Ja'Marr Chase,WR,2024,13,REG,2024_13_PIT_CIN,CIN,PIT,0,0,0,0,0,0,0,0,0,0,0,0,6,9,86,1,2,0,0,0,,0,0,0,0,0,0,0,0,0,0,0,,0
00-0036906,Khalil Herbert,RB,2024,13,REG,2024_13_PIT_CIN,CIN,PIT,0,0,0,0,0,0,0,1,14,0,1,0,0,0,0,0,0,0,0,0,,0,0,0,0,0,0,0,0,0,0,0,,0
00-0036913,Kadarius Toney,WR,2024,13,REG,2024_13_CLE_DEN,CLE,DEN,0,0,0,0,0,0,0,1,3,0,0,0,0,1,0,0,0,0,0,0,,0,0,0,0,0,0,0,0,0,0,0,,0
00-0036928,Kyle Trask,QB,2024,13,REG,2024_13_TB_CAR,TB,CAR,1,1,5,0,0,0,0,0,0,0,0,0,0,0,0,0,0,0,0,0,,0,0,0,0,0,0,0,0,0,0,0,,0
00-0036945,Justin Fields,QB,2024,13,REG,2024_13_PIT_CIN,PIT,CIN,0,0,0,0,0,0,0,1,7,0,1,0,0,0,0,0,0,0,0,0,,0,0,0,0,0,0,0,0,0,0,0,,0
00-0036955,Terrace Marshall Jr.,WR,2024,13,REG,2024_13_LV_KC,LV,KC,0,0,0,0,0,0,0,0,0,0,0,0,0,1,0,0,0,0,0,0,,0,0,0,0,0,0,0,0,0,0,0,,0
00-0036963,Amon-Ra St. Brown,WR,2024,13,REG,2024_13_CHI_DET,DET,CHI,0,0,0,0,0,0,0,0,0,0,0,0,5,7,73,0,2,0,0,0,,0,0,0,0,0,0,0,0,0,0,0,,0
00-0036970,Kyle Pitts,TE,2024,13,REG,2024_13_LAC_ATL,ATL,LAC,0,0,0,0,0,0,0,0,0,0,0,0,0,2,0,0,0,0,0,0,,0,0,0,0,0,0,0,0,0,0,0,,0
00-0036971,Trevor Lawrence,QB,2024,13,REG,2024_13_HOU_JAX,JAX,HOU,4,10,41,0,1,0,0,1,6,0,0,0,0,0,0,0,0,0,0,0,,0,0,0,0,0,0,0,0,0,0,0,,0
00-0036972,Mac Jones,QB,2024,13,REG,2024_13_HOU_JAX,JAX,HOU,20,32,235,2,0,0,0,3,6,0,0,0,0,0,0,0,0,0,0,0,,0,0,0,0,0,0,0,0,0,0,0,,0
00-0036973,Travis Etienne,RB,2024,13,REG,2024_13_HOU_JAX,JAX,HOU,0,0,0,0,0,0,0,13,46,0,2,0,3,3,12,0,0,0,0,0,,0,0,0,0,0,0,0,0,0,0,0,,0
00-0036980,Elijah Moore,WR,2024,13,REG,2024_13_CLE_DEN,CLE,DEN,0,0,0,0,0,0,0,1,1,0,0,0,8,14,111,0,5,0,0,0,,0,0,0,0,0,0,0,0,0,0,0,,0
00-0036988,Josh Palmer,WR,2024,13,REG,2024_13_LAC_ATL,LAC,ATL,0,0,0,0,0,0,0,0,0,0,0,0,1,1,11,0,1,0,0,0,,0,0,0,0,0,0,0,0,0,0,0,,0
00-0036997,Javonte Williams,RB,2024,13,REG,2024_13_CLE_DEN,DEN,CLE,0,0,0,0,0,0,0,4,1,1,1,0,1,2,3,0,0,0,0,0,,0,0,0,0,0,0,0,0,0,0,0,,0
00-0037004,Hunter Long,TE,2024,13,REG,2024_13_LA_NO,LA,NO,0,0,0,0,0,0,0,0,0,0,0,0,0,1,0,0,0,0,0,0,,0,0,0,0,0,0,0,0,0,0,0,,0
00-0037005,Tommy Tremble,TE,2024,13,REG,2024_13_TB_CAR,CAR,TB,0,0,0,0,0,0,0,0,0,0,0,0,5,8,77,0,4,0,0,0,,0,0,0,0,0,0,0,0,0,0,0,,0
00-0037097,Trenton Gill,P,2024,13,REG,2024_13_TB_CAR,TB,CAR,0,0,0,0,0,0,0,0,0,0,0,0,0,0,0,0,0,0,0,0,,0,0,0,0,0,0,0,0,5,228,218,54,2
00-0037132,Britain Covey,WR,2024,13,REG,2024_13_PHI_BAL,PHI,BAL,0,0,0,0,0,0,0,0,0,0,0,0,0,1,0,0,0,0,0,0,,0,0,0,0,0,0,0,0,0,0,0,,0
00-0037197,Isiah Pacheco,RB,2024,13,REG,2024_13_LV_KC,KC,LV,0,0,0,0,0,0,0,7,44,0,2,0,1,1,5,0,0,0,0,0,,0,0,0,0,0,0,0,0,0,0,0,,0
00-0037224,Cameron Dicker,K,2024,13,REG,2024_13_LAC_ATL,LAC,ATL,0,0,0,0,0,0,0,0,0,0,0,0,0,0,0,0,0,0,3,3,51,0,0,1,1,1,0,0,0,0,0,0,,0
00-0037228,Jaylen Warren,RB,2024,13,REG,2024_13_PIT_CIN,PIT,CIN,0,0,0,0,0,0,0,3,9,0,1,0,4,4,55,0,3,0,0,0,,0,0,0,0,0,0,0,0,0,0,0,,0
00-0037231,Kevin Austin Jr.,WR,2024,13,REG,2024_13_LA_NO,NO,LA,0,0,0,0,0,0,0,1,9,0,0,0,3,3,31,0,3,0,0,0,,0,0,0,0,0,0,0,0,0,0,0,,0
00-0037238,Drake London,WR,2024,13,REG,2024_13_LAC_ATL,ATL,LAC,0,0,0,0,0,0,0,1,-3,0,0,0,9,16,86,0,6,0,0,0,,0,0,0,0,0,0,0,0,0,0,0,,0
00-0037240,Jameson Williams,WR,2024,13,REG,2024_13_CHI_DET,DET,CHI,0,0,0,0,0,0,0,2,18,0,1,0,5,7,28,0,2,0,0,0,,0,0,0,0,0,0,0,0,0,0,0,,0
00-0037247,George Pickens,WR,2024,13,REG,2024_13_PIT_CIN,PIT,CIN,0,0,0,0,0,0,0,0,0,0,0,0,3,6,74,1,3,0,0,0,,0,0,0,0,0,0,0,0,0,0,0,,0
00-0037248,James Cook,RB,2024,13,REG,2024_13_SF_BUF,BUF,SF,0,0,0,0,0,0,0,14,107,1,3,0,1,1,13,0,1,0,0,0,,0,0,0,0,0,0,0,0,0,0,0,,0
00-0037256,Rachaad White,RB,2024,13,REG,2024_13_TB_CAR,TB,CAR,0,0,0,0,0,0,0,11,76,0,3,0,1,1,2,0,0,0,0,0,,0,0,0,0,0,0,0,0,0,0,0,,0
00-0037258,Dameon Pierce,RB,2024,13,REG,2024_13_HOU_JAX,HOU,JAX,0,0,0,0,0,0,0,0,0,0,0,0,1,1,1,0,0,0,0,0,,0,0,0,0,0,0,0,0,0,0,0,,0
00-0037261,Khalil Shakir,WR,2024,13,REG,2024_13_SF_BUF,BUF,SF,0,0,0,0,0,0,0,0,0,0,0,0,4,7,30,0,1,0,0,0,,0,0,0,0,0,0,0,0,0,0,0,,0
00-0037263,Tyler Allgeier,RB,2024,13,REG,2024_13_LAC_ATL,ATL,LAC,0,0,0,0,0,0,0,8,16,0,1,0,1,1,6,0,0,0,0,0,,0,0,0,0,0,0,0,0,0,0,0,,0
00-0037267,Jerome Ford,RB,2024,13,REG,2024_13_CLE_DEN,CLE,DEN,0,0,0,0,0,0,0,9,41,0,1,0,1,1,21,0,1,0,0,0,,0,0,0,0,0,0,0,0,0,0,0,,0
00-0037276,Ty Chandler,RB,2024,13,REG,2024_13_ARI_MIN,MIN,ARI,0,0,0,0,0,0,0,2,2,0,1,0,0,0,0,0,0,0,0,0,,0,0,0,0,0,0,0,0,0,0,0,,0
00-0037284,Matt Araiza,P,2024,13,REG,2024_13_LV_KC,KC,LV,0,0,0,0,0,0,0,0,0,0,0,0,0,0,0,0,0,0,0,0,,0,0,0,0,0,0,0,0,5,217,178,54,2
00-0037291,Jalen Nailor,WR,2024,13,REG,2024_13_ARI_MIN,MIN,ARI,0,0,0,0,0,0,0,0,0,0,0,0,1,2,18,0,1,0,0,0,,0,0,0,0,0,0,0,0,0,0,0,,0
00-0037292,Andrew Ogletree,TE,2024,13,REG,2024_13_IND_NE,IND,NE,0,0,0,0,0,0,0,0,0,0,0,0,1,2,22,0,1,0,0,0,,0,0,0,0,0,0,0,0,0,0,0,,0
00-0037300,Mike Woods,WR,2024,13,REG,2024_13_CLE_DEN,CLE,DEN,0,0,0,0,0,0,0,0,0,0,0,0,3,5,43,0,3,0,0,0,,0,0,0,0,0,0,0,0,0,0,0,,0
00-0037475,Stone Smartt,TE,2024,13,REG,2024_13_LAC_ATL,LAC,ATL,0,0,0,0,0,0,0,0,0,0,0,0,1,2,3,0,0,0,0,0,,0,0,0,0,0,0,0,0,0,0,0,,0
00-0037500,Ryan Wright,P,2024,13,REG,2024_13_ARI_MIN,MIN,ARI,0,0,0,0,0,0,0,0,0,0,0,0,0,0,0,0,0,0,0,0,,0,0,0,0,0,0,0,0,2,110,100,59,1
00-0037509,Sincere McCormick,RB,2024,13,REG,2024_13_LV_KC,LV,KC,0,0,0,0,0,0,0,12,64,0,3,0,2,2,1,0,1,0,0,0,,0,0,0,0,0,0,0,0,0,0,0,,0
00-0037525,Jordan Mason,RB,2024,13,REG,2024_13_SF_BUF,SF,BUF,0,0,0,0,0,0,0,13,78,0,5,0,0,0,0,0,0,0,0,0,,0,0,0,0,0,0,0,0,0,0,0,,0
00-0037539,Lucas Krull,TE,2024,13,REG,2024_13_CLE_DEN,DEN,CLE,0,0,0,0,0,0,0,0,0,0,0,0,3,3,24,0,1,0,0,0,,0,0,0,0,0,0,0,0,0,0,0,,0
00-0037542,John Parker Romo,K,2024,13,REG,2024_13_ARI_MIN,MIN,ARI,0,0,0,0,0,0,0,0,0,0,0,0,0,0,0,0,0,0,3,4,55,0,0,1,1,1,0,2,2,0,0,0,,0
00-0037547,Daniel Whelan,P,2024,13,REG,2024_13_MIA_GB,GB,MIA,0,0,0,0,0,0,0,0,0,0,0,0,0,0,0,0,0,0,0,0,,0,0,0,0,0,0,0,0,4,172,147,50,3
00-0037607,Ryan Stonehouse,P,2024,13,REG,2024_13_TEN_WAS,TEN,WAS,0,0,0,0,0,0,0,0,0,0,0,0,0,0,0,0,0,0,0,0,,0,0,0,0,0,0,0,0,4,213,175,58,0
00-0037614,John Metchie III,WR,2024,13,REG,2024_13_HOU_JAX,HOU,JAX,0,0,0,0,0,0,0,0,0,0,0,0,2,2,16,0,0,0,0,0,,0,0,0,0,0,0,0,0,0,0,0,,0
00-0037617,Hassan Haskins,RB,2024,13,REG,2024_13_LAC_ATL,LAC,ATL,0,0,0,0,0,0,0,1,0,0,0,1,0,0,0,0,0,0,0,0,,0,0,0,0,0,0,0,0,0,0,0,,0
00-0037654,Tucker Fisk,TE,2024,13,REG,2024_13_LAC_ATL,LAC,ATL,0,0,0,0,0,0,0,0,0,0,0,0,1,1,1,0,0,0,0,0,,0,0,0,0,0,0,0,0,0,0,0,,0
00-0037664,Alec Pierce,WR,2024,13,REG,2024_13_IND_NE,IND,NE,0,0,0,0,0,0,0,0,0,0,0,0,2,6,16,1,2,0,0,0,,0,0,0,0,0,0,0,0,0,0,0,,0
00-0037666,Jalen Tolbert,WR,2024,13,REG,2024_13_NYG_DAL,DAL,NYG,0,0,0,0,0,0,0,0,0,0,0,0,2,4,41,0,1,0,0,0,,0,0,0,0,0,0,0,0,0,0,0,,0
00-0037692,Brandon Aubrey,K,2024,13,REG,2024_13_NYG_DAL,DAL,NYG,0,0,0,0,0,0,0,0,0,0,0,0,0,0,0,0,0,0,2,2,33,0,1,1,0,0,0,3,3,0,0,0,,0
00-0037740,Garrett Wilson,WR,2024,13,REG,2024_13_SEA_NYJ,NYJ,SEA,0,0,0,0,0,0,0,0,0,0,0,0,5,10,41,0,3,0,0,0,,0,0,0,0,0,0,0,0,0,0,0,,0
00-0037741,Jahan Dotson,WR,2024,13,REG,2024_13_PHI_BAL,PHI,BAL,0,0,0,0,0,0,0,0,0,0,0,0,1,1,7,0,0,0,0,0,,0,0,0,0,0,0,0,0,0,0,0,,0
00-0037744,Trey McBride,TE,2024,13,REG,2024_13_ARI_MIN,ARI,MIN,0,0,0,0,0,0,0,0,0,0,0,0,12,12,96,0,7,0,0,0,,0,0,0,0,0,0,0,0,0,0,0,,0
00-0037746,Brian Robinson,RB,2024,13,REG,2024_13_TEN_WAS,WAS,TEN,0,0,0,0,0,0,0,16,103,1,4,0,1,1,6,0,0,0,0,0,,0,0,0,0,0,0,0,0,0,0,0,,0
00-0037801,KaVontae Turpin,WR,2024,13,REG,2024_13_NYG_DAL,DAL,NYG,0,0,0,0,0,0,0,1,2,0,0,0,4,5,53,0,2,0,0,0,,0,0,0,0,0,0,0,0,0,0,0,,0
00-0037805,Jeremy Ruckert,TE,2024,13,REG,2024_13_SEA_NYJ,NYJ,SEA,0,0,0,0,0,0,0,0,0,0,0,0,1,2,3,0,0,0,0,0,,0,0,0,0,0,0,0,0,0,0,0,,0
00-0037809,Chig Okonkwo,TE,2024,13,REG,2024_13_TEN_WAS,TEN,WAS,0,0,0,0,0,0,0,0,0,0,0,0,3,6,27,0,1,0,0,0,,0,0,0,0,0,0,0,0,0,0,0,,0
00-0037834,Brock Purdy,QB,2024,13,REG,2024_13_SF_BUF,SF,BUF,11,18,94,0,0,2,-8,2,4,0,0,0,0,0,0,0,0,0,0,0,,0,0,0,0,0,0,0,0,0,0,0,,0
00-0037837,Calvin Austin III,WR,2024,13,REG,2024_13_PIT_CIN,PIT,CIN,0,0,0,0,0,0,0,0,0,0,0,0,2,2,29,1,1,0,0,0,,0,0,0,0,0,0,0,0,0,0,0,,0
00-0037838,Isaiah Likely,TE,2024,13,REG,2024_13_PHI_BAL,BAL,PHI,0,0,0,0,0,0,0,0,0,0,0,0,5,8,38,1,2,0,0,0,,0,0,0,0,0,0,0,0,0,0,0,,0
00-0037840,Kyren Williams,RB,2024,13,REG,2024_13_LA_NO,LA,NO,0,0,0,0,0,0,0,15,104,1,8,0,1,1,9,0,0,0,0,0,,0,0,0,0,0,0,0,0,0,0,0,,0
00-0038094,Jordan Stout,P,2024,13,REG,2024_13_PHI_BAL,BAL,PHI,0,0,0,0,0,0,0,0,0,0,0,0,0,0,0,0,0,0,0,0,,0,0,0,0,0,0,0,0,4,191,162,58,0
00-0038117,Wan'Dale Robinson,WR,2024,13,REG,2024_13_NYG_DAL,NYG,DAL,0,0,0,0,0,0,0,0,0,0,0,0,2,2,6,0,0,0,0,0,,0,0,0,0,0,0,0,0,0,0,0,,0
00-0038120,Breece Hall,RB,2024,13,REG,2024_13_SEA_NYJ,NYJ,SEA,0,0,0,0,0,0,0,12,60,0,1,1,0,1,0,0,0,0,0,0,,0,0,0,0,0,0,0,0,0,0,0,,0
00-0038124,Christian Watson,WR,2024,13,REG,2024_13_MIA_GB,GB,MIA,0,0,0,0,0,0,0,0,0,0,0,0,2,4,67,0,2,0,0,0,,0,0,0,0,0,0,0,0,0,0,0,,0
00-0038129,Cade Otton,TE,2024,13,REG,2024_13_TB_CAR,TB,CAR,0,0,0,0,0,0,0,0,0,0,0,0,4,7,20,0,1,0,0,0,,0,0,0,0,0,0,0,0,0,0,0,,0
00-0038134,Kenneth Walker III,RB,2024,13,REG,2024_13_SEA_NYJ,SEA,NYJ,0,0,0,0,0,0,0,16,49,0,2,0,2,3,-3,0,0,0,0,0,,0,0,0,0,0,0,0,0,0,0,0,,0
00-0038393,Dontayvion Wicks,WR,2024,13,REG,2024_13_MIA_GB,GB,MIA,0,0,0,0,0,0,0,0,0,0,0,0,4,5,30,0,1,0,0,0,,0,0,0,0,0,0,0,0,0,0,0,,0
00-0038394,Will Mallory,TE,2024,13,REG,2024_13_IND_NE,IND,NE,0,0,0,0,0,0,0,0,0,0,0,0,1,1,7,0,0,0,0,0,,0,0,0,0,0,0,0,0,0,0,0,,0
00-0038402,Anders Carlson,K,2024,13,REG,2024_13_SEA_NYJ,NYJ,SEA,0,0,0,0,0,0,0,0,0,0,0,0,0,0,0,0,0,0,0,0,,0,0,0,0,0,0,1,2,0,0,0,,0
00-0038496,Xavier Gipson,WR,2024,13,REG,2024_13_SEA_NYJ,NYJ,SEA,0,0,0,0,0,0,0,0,0,0,0,0,1,1,-1,0,0,0,0,0,,0,0,0,0,0,0,0,0,0,0,0,,0
00-0038542,Bijan Robinson,RB,2024,13,REG,2024_13_LAC_ATL,ATL,LAC,0,0,0,0,0,0,0,26,102,1,5,0,6,6,33,0,1,0,0,0,,0,0,0,0,0,0,0,0,0,0,0,,0
00-0038543,Jaxon Smith-Njigba,WR,2024,13,REG,2024_13_SEA_NYJ,SEA,NYJ,0,0,0,0,0,0,0,1,5,0,0,0,4,4,74,0,3,0,0,0,,0,0,0,0,0,0,0,0,0,0,0,,0
00-0038544,Quentin Johnston,WR,2024,13,REG,2024_13_LAC_ATL,LAC,ATL,0,0,0,0,0,0,0,0,0,0,0,0,2,4,12,0,1,0,0,0,,0,0,0,0,0,0,0,0,0,0,0,,0
00-0038547,Luke Schoonmaker,TE,2024,13,REG,2024_13_NYG_DAL,DAL,NYG,0,0,0,0,0,0,0,0,0,0,0,0,5,6,33,0,2,0,0,0,,0,0,0,0,0,0,0,0,0,0,0,,0
00-0038555,Tank Bigsby,RB,2024,13,REG,2024_13_HOU_JAX,JAX,HOU,0,0,0,0,0,0,0,7,28,0,2,0,1,1,7,0,0,0,0,0,,0,0,0,0,0,0,0,0,0,0,0,,0
00-0038558,Darnell Washington,TE,2024,13,REG,2024_13_PIT_CIN,PIT,CIN,0,0,0,0,0,0,0,0,0,0,0,0,1,1,10,0,1,0,0,0,,0,0,0,0,0,0,0,0,0,0,0,,0
00-0038559,Michael Wilson,WR,2024,13,REG,2024_13_ARI_MIN,ARI,MIN,0,0,0,0,0,0,0,0,0,0,0,0,5,7,55,0,2,0,0,0,,0,0,0,0,0,0,0,0,0,0,0,,0
00-0038562,Jake Moody,K,2024,13,REG,2024_13_SF_BUF,SF,BUF,0,0,0,0,0,0,0,0,0,0,0,0,0,0,0,0,0,0,1,3,33,0,0,1,0,0,0,1,1,0,0,0,,0
00-0038563,Tre Tucker,WR,2024,13,REG,2024_13_LV_KC,LV,KC,0,0,0,0,0,0,0,1,11,0,1,0,1,1,58,1,1,0,0,0,,0,0,0,0,0,0,0,0,0,0,0,,0
00-0038567,Chad Ryland,K,2024,13,REG,2024_13_ARI_MIN,ARI,MIN,0,0,0,0,0,0,0,0,0,0,0,0,0,0,0,0,0,0,5,6,40,0,2,2,1,0,0,1,1,0,0,0,,0
00-0038573,Derius Davis,WR,2024,13,REG,2024_13_LAC_ATL,LAC,ATL,0,0,0,0,0,0,0,1,3,0,0,0,1,1,3,0,0,0,0,0,,0,0,0,0,0,0,0,0,0,0,0,,0
00-0038579,Aidan O'Connell,QB,2024,13,REG,2024_13_LV_KC,LV,KC,23,35,340,2,0,3,-22,1,0,0,0,1,0,0,0,0,0,0,0,0,,0,0,0,0,0,0,0,0,0,0,0,,0
00-0038589,Josh Whyle,TE,2024,13,REG,2024_13_TEN_WAS,TEN,WAS,0,0,0,0,0,0,0,0,0,0,0,0,1,3,3,0,0,0,0,0,,0,0,0,0,0,0,0,0,0,0,0,,0
00-0038597,Chase Brown,RB,2024,13,REG,2024_13_PIT_CIN,CIN,PIT,0,0,0,0,0,0,0,12,70,1,4,0,3,3,30,0,2,0,0,0,,0,0,0,0,0,0,0,0,0,0,0,,0
00-0038606,Parker Washington,WR,2024,13,REG,2024_13_HOU_JAX,JAX,HOU,0,0,0,0,0,0,0,0,0,0,0,0,6,12,103,1,5,0,0,0,,0,0,0,0,0,0,0,0,0,0,0,,0
00-0038608,Kayshon Boutte,WR,2024,13,REG,2024_13_IND_NE,NE,IND,0,0,0,0,0,0,0,0,0,0,0,0,3,6,41,0,1,0,0,0,,0,0,0,0,0,0,0,0,0,0,0,,0
00-0038610,Bryce Baringer,P,2024,13,REG,2024_13_IND_NE,NE,IND,0,0,0,0,0,0,0,0,0,0,0,0,0,0,0,0,0,0,0,0,,0,0,0,0,0,0,0,0,1,38,35,38,0
00-0038611,Chris Rodriguez Jr.,RB,2024,13,REG,2024_13_TEN_WAS,WAS,TEN,0,0,0,0,0,0,0,13,94,1,5,0,0,0,0,0,0,0,0,0,,0,0,0,0,0,0,0,0,0,0,0,,0
00-0038614,Scott Matlock,DT,2024,13,REG,2024_13_LAC_ATL,LAC,ATL,0,0,0,0,0,0,0,0,0,0,0,0,1,1,2,0,0,0,0,0,,0,0,0,0,0,0,0,0,0,0,0,,0
00-0038619,Andrei Iosivas,WR,2024,13,REG,2024_13_PIT_CIN,CIN,PIT,0,0,0,0,0,0,0,0,0,0,0,0,3,4,35,1,3,0,0,0,,0,0,0,0,0,0,0,0,0,0,0,,0
00-0038621,DeMario Douglas,WR,2024,13,REG,2024_13_IND_NE,NE,IND,0,0,0,0,0,0,0,0,0,0,0,0,4,4,20,0,1,0,0,0,,0,0,0,0,0,0,0,0,0,0,0,,0
00-0038640,Jalen Brooks,WR,2024,13,REG,2024_13_NYG_DAL,DAL,NYG,0,0,0,0,0,0,0,0,0,0,0,0,1,1,0,0,0,0,0,0,,0,0,0,0,0,0,0,0,0,0,0,,0
00-0038685,Chris Brooks,RB,2024,13,REG,2024_13_MIA_GB,GB,MIA,0,0,0,0,0,0,0,3,28,0,2,0,2,2,1,0,0,0,0,0,,0,0,0,0,0,0,0,0,0,0,0,,0
00-0038705,Emari Demercado,RB,2024,13,REG,2024_13_ARI_MIN,ARI,MIN,0,0,0,0,0,0,0,3,12,0,1,0,1,2,3,0,0,0,0,0,,0,0,0,0,0,0,0,0,0,0,0,,0
00-0038710,Blake Whiteheart,TE,2024,13,REG,2024_13_CLE_DEN,CLE,DEN,0,0,0,0,0,0,0,0,0,0,0,0,0,1,0,0,0,0,0,0,,0,0,0,0,0,0,0,0,0,0,0,,0
00-0038720,Julian Hill,TE,2024,13,REG,2024_13_MIA_GB,MIA,GB,0,0,0,0,0,0,0,0,0,0,0,0,1,1,5,0,0,0,0,0,,0,0,0,0,0,0,0,0,0,0,0,,0
00-0038738,Hunter Luepke,RB,2024,13,REG,2024_13_NYG_DAL,DAL,NYG,0,0,0,0,0,0,0,3,4,0,0,0,0,0,0,0,0,0,0,0,,0,0,0,0,0,0,0,0,0,0,0,,0
00-0038783,Nate Adkins,TE,2024,13,REG,2024_13_CLE_DEN,DEN,CLE,0,0,0,0,0,0,0,0,0,0,0,0,1,1,16,0,1,0,0,0,,0,0,0,0,0,0,0,0,0,0,0,,0
00-0038794,Jaleel McLaughlin,RB,2024,13,REG,2024_13_CLE_DEN,DEN,CLE,0,0,0,0,0,0,0,14,84,0,3,0,1,2,0,0,0,0,0,0,,0,0,0,0,0,0,0,0,0,0,0,,0
00-0038797,Emanuel Wilson,RB,2024,13,REG,2024_13_MIA_GB,GB,MIA,0,0,0,0,0,0,0,2,20,0,1,0,0,0,0,0,0,0,0,0,,0,0,0,0,0,0,0,0,0,0,0,,0
00-0038905,Blake Grupe,K,2024,13,REG,2024_13_LA_NO,NO,LA,0,0,0,0,0,0,0,0,0,0,0,0,0,0,0,0,0,0,2,3,54,0,0,0,0,2,0,0,0,0,0,0,,0
00-0038935,Brenton Strange,TE,2024,13,REG,2024_13_HOU_JAX,JAX,HOU,0,0,0,0,0,0,0,0,0,0,0,0,1,2,14,0,1,0,0,0,,0,0,0,0,0,0,0,0,0,0,0,,0
00-0038938,Jalin Hyatt,WR,2024,13,REG,2024_13_NYG_DAL,NYG,DAL,0,0,0,0,0,0,0,0,0,0,0,0,2,2,8,0,1,0,0,0,,0,0,0,0,0,0,0,0,0,0,0,,0
00-0038976,Marvin Mims Jr.,WR,2024,13,REG,2024_13_CLE_DEN,DEN,CLE,0,0,0,0,0,0,0,1,4,0,0,0,3,4,105,1,1,0,0,0,,0,0,0,0,0,0,0,0,0,0,0,,0
00-0038977,Tank Dell,WR,2024,13,REG,2024_13_HOU_JAX,HOU,JAX,0,0,0,0,0,0,0,0,0,0,0,0,1,4,23,0,1,0,0,0,,0,0,0,0,0,0,0,0,0,0,0,,0
00-0038994,Jordan Addison,WR,2024,13,REG,2024_13_ARI_MIN,MIN,ARI,0,0,0,0,0,0,0,0,0,0,0,0,4,6,54,0,2,0,0,0,,0,0,0,0,0,0,0,0,0,0,0,,0
00-0038996,Tucker Kraft,TE,2024,13,REG,2024_13_MIA_GB,GB,MIA,0,0,0,0,0,0,0,0,0,0,0,0,6,7,78,0,4,0,0,0,,0,0,0,0,0,0,0,0,0,0,0,,0
00-0039032,Tyjae Spears,RB,2024,13,REG,2024_13_TEN_WAS,TEN,WAS,0,0,0,0,0,0,0,1,3,0,0,0,0,0,0,0,0,0,0,0,,0,0,0,0,0,0,0,0,0,0,0,,0
00-0039040,De'Von Achane,RB,2024,13,REG,2024_13_MIA_GB,MIA,GB,0,0,0,0,0,0,0,7,14,0,1,0,8,9,56,1,3,0,0,0,,0,0,0,0,0,0,0,0,0,0,0,,0
00-0039041,Elijah Higgins,TE,2024,13,REG,2024_13_ARI_MIN,ARI,MIN,0,0,0,0,0,0,0,0,0,0,0,0,2,2,23,0,1,0,0,0,,0,0,0,0,0,0,0,0,0,0,0,,0
00-0039052,Trey Palmer,WR,2024,13,REG,2024_13_TB_CAR,TB,CAR,0,0,0,0,0,0,0,0,0,0,0,0,0,1,0,0,0,0,0,0,,0,0,0,0,0,0,0,0,0,0,0,,0
00-0039059,Ethan Evans,P,2024,13,REG,2024_13_LA_NO,LA,NO,0,0,0,0,0,0,0,0,0,0,0,0,0,0,0,0,0,0,0,0,,0,0,0,0,0,0,0,0,3,116,116,45,2
00-0039062,Jonathan Mingo,WR,2024,13,REG,2024_13_NYG_DAL,DAL,NYG,0,0,0,0,0,0,0,0,0,0,0,0,1,4,2,0,0,0,0,0,,0,0,0,0,0,0,0,0,0,0,0,,0
00-0039064,Zay Flowers,WR,2024,13,REG,2024_13_PHI_BAL,BAL,PHI,0,0,0,0,0,0,0,1,-3,0,0,0,3,7,74,0,3,0,0,0,,0,0,0,0,0,0,0,0,0,0,0,,0
00-0039065,Sam LaPorta,TE,2024,13,REG,2024_13_CHI_DET,DET,CHI,0,0,0,0,0,0,0,0,0,0,0,0,3,6,6,2,2,0,0,0,,0,0,0,0,0,0,0,0,0,0,0,,0
00-0039066,Michael Mayer,TE,2024,13,REG,2024_13_LV_KC,LV,KC,0,0,0,0,0,0,0,0,0,0,0,0,1,2,5,0,0,0,0,0,,0,0,0,0,0,0,0,0,0,0,0,,0
00-0039075,Puka Nacua,WR,2024,13,REG,2024_13_LA_NO,LA,NO,0,0,0,0,0,0,0,1,7,0,0,0,5,8,56,1,4,0,0,0,,0,0,0,0,0,0,0,0,0,0,0,,0
00-0039139,Jahmyr Gibbs,RB,2024,13,REG,2024_13_CHI_DET,DET,CHI,0,0,0,0,0,0,0,9,87,0,4,0,2,4,17,0,0,1,0,0,,0,0,0,0,0,0,0,0,0,0,0,,0
00-0039146,Jayden Reed,WR,2024,13,REG,2024_13_MIA_GB,GB,MIA,0,0,0,0,0,0,0,1,23,0,1,0,3,6,24,2,2,0,0,0,,0,0,0,0,0,0,0,0,0,0,0,,0
00-0039150,Bryce Young,QB,2024,13,REG,2024_13_TB_CAR,CAR,TB,26,46,298,1,0,1,-9,3,17,1,1,0,0,0,0,0,0,0,0,0,,0,0,0,0,0,0,0,0,0,0,0,,0
00-0039152,Will Levis,QB,2024,13,REG,2024_13_TEN_WAS,TEN,WAS,18,37,212,2,0,2,-2,2,-3,0,0,0,0,0,0,0,0,0,0,0,,0,0,0,0,0,0,0,0,0,0,0,,0
00-0039163,C.J. Stroud,QB,2024,13,REG,2024_13_HOU_JAX,HOU,JAX,22,34,242,1,0,2,-24,5,7,0,0,0,0,0,0,0,0,0,0,0,,0,0,0,0,0,0,0,0,0,0,0,,0
00-0039164,Anthony Richardson,QB,2024,13,REG,2024_13_IND_NE,IND,NE,12,24,109,2,2,0,0,9,48,1,5,0,0,0,0,0,0,0,0,0,,0,0,0,0,0,0,0,0,0,0,0,,0
00-0039165,Zach Charbonnet,RB,2024,13,REG,2024_13_SEA_NYJ,SEA,NYJ,0,0,0,0,0,0,0,4,28,1,3,0,2,3,13,0,0,0,0,0,,0,0,0,0,0,0,0,0,0,0,0,,0
00-0039172,Jake Bates,K,2024,13,REG,2024_13_CHI_DET,DET,CHI,0,0,0,0,0,0,0,0,0,0,0,0,0,0,0,0,0,0,3,4,48,0,0,2,1,0,0,2,2,0,0,0,,0
00-0039323,Ryan Rehkow,P,2024,13,REG,2024_13_PIT_CIN,CIN,PIT,0,0,0,0,0,0,0,0,0,0,0,0,0,0,0,0,0,0,0,0,,0,0,0,0,0,0,0,0,2,87,87,46,2
00-0039337,Malik Nabers,WR,2024,13,REG,2024_13_NYG_DAL,NYG,DAL,0,0,0,0,0,0,0,1,4,0,0,0,8,13,69,0,3,0,0,0,,0,0,0,0,0,0,0,0,0,0,0,,0
00-0039338,Brock Bowers,TE,2024,13,REG,2024_13_LV_KC,LV,KC,0,0,0,0,0,0,0,1,2,0,1,0,10,14,140,1,5,0,0,0,,0,0,0,0,0,0,0,0,0,0,0,,0
00-0039342,Xavier Legette,WR,2024,13,REG,2024_13_TB_CAR,CAR,TB,0,0,0,0,0,0,0,0,0,0,0,0,4,8,53,0,3,0,0,0,,0,0,0,0,0,0,0,0,0,0,0,,0
00-0039344,Jonathon Brooks,RB,2024,13,REG,2024_13_TB_CAR,CAR,TB,0,0,0,0,0,0,0,6,18,0,0,0,3,3,23,0,2,0,0,0,,0,0,0,0,0,0,0,0,0,0,0,,0
00-0039355,Luke McCaffrey,WR,2024,13,REG,2024_13_TEN_WAS,WAS,TEN,0,0,0,0,0,0,0,0,0,0,0,0,2,2,13,0,1,0,0,0,,0,0,0,0,0,0,0,0,0,0,0,,0
00-0039359,Cade Stover,TE,2024,13,REG,2024_13_HOU_JAX,HOU,JAX,0,0,0,0,0,0,0,0,0,0,0,0,1,1,4,0,0,0,0,0,,0,0,0,0,0,0,0,0,0,0,0,,0
00-0039361,Bucky Irving,RB,2024,13,REG,2024_13_TB_CAR,TB,CAR,0,0,0,0,0,0,0,25,152,1,7,0,3,3,33,0,2,0,0,0,,0,0,0,0,0,0,0,0,0,0,0,,0
00-0039363,Isaac Guerendo,RB,2024,13,REG,2024_13_SF_BUF,SF,BUF,0,0,0,0,0,0,0,4,19,1,1,0,1,1,-3,0,0,0,0,0,,0,0,0,0,0,0,0,0,0,0,0,,0
00-0039373,Audric Estimé,RB,2024,13,REG,2024_13_CLE_DEN,DEN,CLE,0,0,0,0,0,0,0,3,12,0,0,0,0,0,0,0,0,0,0,0,,0,0,0,0,0,0,0,0,0,0,0,,0
00-0039379,Jamari Thrash,WR,2024,13,REG,2024_13_CLE_DEN,CLE,DEN,0,0,0,0,0,0,0,0,0,0,0,0,2,2,11,0,1,0,0,0,,0,0,0,0,0,0,0,0,0,0,0,,0
00-0039384,Tyrone Tracy Jr.,RB,2024,13,REG,2024_13_NYG_DAL,NYG,DAL,0,0,0,0,0,0,0,9,32,1,2,0,2,3,33,0,2,0,0,0,,0,0,0,0,0,0,0,0,0,0,0,,0
00-0039391,Kimani Vidal,RB,2024,13,REG,2024_13_LAC_ATL,LAC,ATL,0,0,0,0,0,0,0,4,20,0,1,0,0,0,0,0,0,0,0,0,,0,0,0,0,0,0,0,0,0,0,0,,0
00-0039409,Cam Little,K,2024,13,REG,2024_13_HOU_JAX,JAX,HOU,0,0,0,0,0,0,0,0,0,0,0,0,0,0,0,0,0,0,2,3,33,0,0,2,0,0,0,0,0,0,0,0,,0
00-0039424,Devaughn Vele,WR,2024,13,REG,2024_13_CLE_DEN,DEN,CLE,0,0,0,0,0,0,0,0,0,0,0,0,1,4,16,0,1,0,0,0,,0,0,0,0,0,0,0,0,0,0,0,,0
00-0039611,Matthew Hayball,P,2024,13,REG,2024_13_LA_NO,NO,LA,0,0,0,0,0,0,0,0,0,0,0,0,0,0,0,0,0,0,0,0,,0,0,0,0,0,0,0,0,3,128,128,49,2
00-0039731,JC Latham,OT,2024,13,REG,2024_13_TEN_WAS,TEN,WAS,0,0,0,0,0,0,0,0,0,0,0,0,1,1,0,0,0,0,0,0,,0,0,0,0,0,0,0,0,0,0,0,,0
00-0039732,Bo Nix,QB,2024,13,REG,2024_13_CLE_DEN,DEN,CLE,18,35,294,1,2,0,0,3,4,0,0,0,0,0,0,0,0,0,0,0,,0,0,0,0,0,0,0,0,0,0,0,,0
00-0039737,Tip Reiman,TE,2024,13,REG,2024_13_ARI_MIN,ARI,MIN,0,0,0,0,0,0,0,0,0,0,0,0,1,1,9,0,0,0,0,0,,0,0,0,0,0,0,0,0,0,0,0,,0
00-0039738,Blake Corum,RB,2024,13,REG,2024_13_LA_NO,LA,NO,0,0,0,0,0,0,0,8,42,0,2,0,0,0,0,0,0,0,0,0,,0,0,0,0,0,0,0,0,0,0,0,,0
00-0039745,Tory Taylor,P,2024,13,REG,2024_13_CHI_DET,CHI,DET,0,0,0,0,0,0,0,0,0,0,0,0,0,0,0,0,0,0,0,0,,0,0,0,0,0,0,0,0,4,223,181,58,1
00-0039746,Will Shipley,RB,2024,13,REG,2024_13_PHI_BAL,PHI,BAL,0,0,0,0,0,0,0,1,4,0,0,0,0,0,0,0,0,0,0,0,,0,0,0,0,0,0,0,0,0,0,0,,0
00-0039750,Joshua Karty,K,2024,13,REG,2024_13_LA_NO,LA,NO,0,0,0,0,0,0,0,0,0,0,0,0,0,0,0,0,0,0,0,0,,0,0,0,0,0,0,3,3,0,0,0,,0
00-0039793,AJ Barner,TE,2024,13,REG,2024_13_SEA_NYJ,SEA,NYJ,0,0,0,0,0,0,0,0,0,0,0,0,2,2,14,1,1,0,0,0,,0,0,0,0,0,0,0,0,0,0,0,,0
00-0039794,Braelon Allen,RB,2024,13,REG,2024_13_SEA_NYJ,NYJ,SEA,0,0,0,0,0,0,0,5,11,0,0,0,2,2,16,0,1,0,0,0,,0,0,0,0,0,0,0,0,0,0,0,,0
00-0039798,Isaiah Davis,RB,2024,13,REG,2024_13_SEA_NYJ,NYJ,SEA,0,0,0,0,0,0,0,1,4,0,0,0,3,3,28,1,1,0,0,0,,0,0,0,0,0,0,0,0,0,0,0,,0
00-0039847,Theo Johnson,TE,2024,13,REG,2024_13_NYG_DAL,NYG,DAL,0,0,0,0,0,0,0,0,0,0,0,0,5,5,54,0,2,0,0,0,,0,0,0,0,0,0,0,0,0,0,0,,0
00-0039849,Marvin Harrison Jr.,WR,2024,13,REG,2024_13_ARI_MIN,ARI,MIN,0,0,0,0,0,0,0,0,0,0,0,0,5,12,60,1,3,0,0,0,,0,0,0,0,0,0,0,0,0,0,0,,0
00-0039851,Drake Maye,QB,2024,13,REG,2024_13_IND_NE,NE,IND,24,30,238,1,1,4,-16,5,59,0,2,0,0,0,0,0,0,0,0,0,,0,0,0,0,0,0,0,0,0,0,0,,0
00-0039855,Jalen McMillan,WR,2024,13,REG,2024_13_TB_CAR,TB,CAR,0,0,0,0,0,0,0,0,0,0,0,0,2,3,25,0,1,0,0,0,,0,0,0,0,0,0,0,0,0,0,0,,0
00-0039868,Troy Franklin,WR,2024,13,REG,2024_13_CLE_DEN,DEN,CLE,0,0,0,0,0,0,0,0,0,0,0,0,2,5,28,0,1,0,0,0,,0,0,0,0,0,0,0,0,0,0,0,,0
00-0039875,Ray Davis,RB,2024,13,REG,2024_13_SF_BUF,BUF,SF,0,0,0,0,0,0,0,11,63,1,5,0,1,1,4,0,0,0,0,0,,0,0,0,0,0,0,0,0,0,0,0,,0
00-0039880,Malik Washington,WR,2024,13,REG,2024_13_MIA_GB,MIA,GB,0,0,0,0,0,0,0,0,0,0,0,0,2,4,8,0,0,0,0,0,,0,0,0,0,0,0,0,0,0,0,0,,0
00-0039890,Adonai Mitchell,WR,2024,13,REG,2024_13_IND_NE,IND,NE,0,0,0,0,0,0,0,0,0,0,0,0,0,2,0,0,0,0,0,0,,0,0,0,0,0,0,0,0,0,0,0,,0
00-0039893,Brian Thomas Jr.,WR,2024,13,REG,2024_13_HOU_JAX,JAX,HOU,0,0,0,0,0,0,0,1,11,0,1,0,4,10,76,1,3,0,0,0,,0,0,0,0,0,0,0,0,0,0,0,,0
00-0039894,Xavier Worthy,WR,2024,13,REG,2024_13_LV_KC,KC,LV,0,0,0,0,0,0,0,0,0,0,0,0,5,7,54,0,3,0,0,0,,0,0,0,0,0,0,0,0,0,0,0,,0
00-0039907,Ja'Lynn Polk,WR,2024,13,REG,2024_13_IND_NE,NE,IND,0,0,0,0,0,0,0,0,0,0,0,0,0,1,0,0,0,0,0,0,,0,0,0,0,0,0,0,0,0,0,0,,0
00-0039910,Jayden Daniels,QB,2024,13,REG,2024_13_TEN_WAS,WAS,TEN,25,30,206,3,1,2,-10,9,34,1,2,0,0,0,0,0,0,0,0,0,,0,0,0,0,0,0,0,0,0,0,0,,0
00-0039912,Ben Sinnott,TE,2024,13,REG,2024_13_TEN_WAS,WAS,TEN,0,0,0,0,0,0,0,0,0,0,0,0,1,1,3,0,0,0,0,0,,0,0,0,0,0,0,0,0,0,0,0,,0
00-0039915,Ladd McConkey,WR,2024,13,REG,2024_13_LAC_ATL,LAC,ATL,0,0,0,0,0,0,0,0,0,0,0,0,9,12,117,0,3,0,0,0,,0,0,0,0,0,0,0,0,0,0,0,,0
00-0039916,Ricky Pearsall,WR,2024,13,REG,2024_13_SF_BUF,SF,BUF,0,0,0,0,0,0,0,0,0,0,0,0,0,1,0,0,0,0,0,0,,0,0,0,0,0,0,0,0,0,0,0,,0
00-0039918,Caleb Williams,QB,2024,13,REG,2024_13_CHI_DET,CHI,DET,20,39,256,3,0,5,-33,4,39,0,1,0,0,0,0,0,0,0,0,0,,0,0,0,0,0,0,0,0,0,0,0,,0
00-0039919,Rome Odunze,WR,2024,13,REG,2024_13_CHI_DET,CHI,DET,0,0,0,0,0,0,0,0,0,0,0,0,2,6,25,0,2,0,0,0,,0,0,0,0,0,0,0,0,0,0,0,,0
00-0039920,Malachi Corley,WR,2024,13,REG,2024_13_SEA_NYJ,NYJ,SEA,0,0,0,0,0,0,0,1,8,0,1,0,0,2,0,0,0,0,0,0,,0,0,0,0,0,0,0,0,0,0,0,,0
00-0039921,Trey Benson,RB,2024,13,REG,2024_13_ARI_MIN,ARI,MIN,0,0,0,0,0,0,0,3,20,0,1,0,0,0,0,0,0,0,0,0,,0,0,0,0,0,0,0,0,0,0,0,,0
00-0023459,Aaron Rodgers,QB,2024,14,REG,2024_14_NYJ_MIA,NYJ,MIA,27,39,339,1,0,3,-20,0,0,0,0,0,0,0,0,0,0,0,0,0,,0,0,0,0,0,0,0,0,0,0,0,,0
00-0025565,Nick Folk,K,2024,14,REG,2024_14_JAX_TEN,TEN,JAX,0,0,0,0,0,0,0,0,0,0,0,0,0,0,0,0,0,0,2,2,46,0,0,1,1,0,0,0,0,0,0,0,,0
00-0026498,Matthew Stafford,QB,2024,14,REG,2024_14_BUF_LA,LA,BUF,23,30,320,2,0,0,0,0,0,0,0,0,0,0,0,0,0,0,0,0,,0,0,0,0,0,0,0,0,0,0,0,,0
00-0026858,Graham Gano,K,2024,14,REG,2024_14_NO_NYG,NYG,NO,0,0,0,0,0,0,0,0,0,0,0,0,0,0,0,0,0,0,1,2,43,0,0,0,1,0,0,0,0,0,0,0,,0
00-0027114,Thomas Morstead,P,2024,14,REG,2024_14_NYJ_MIA,NYJ,MIA,0,0,0,0,0,0,0,0,0,0,0,0,0,0,0,0,0,0,0,0,,0,0,0,0,0,0,0,0,2,96,86,52,0
00-0028872,Johnny Hekker,P,2024,14,REG,2024_14_CAR_PHI,CAR,PHI,0,0,0,0,0,0,0,0,0,0,0,0,0,0,0,0,0,0,0,0,,0,0,0,0,0,0,0,0,2,90,88,45,1
00-0029263,Russell Wilson,QB,2024,14,REG,2024_14_CLE_PIT,PIT,CLE,15,26,158,2,0,1,-11,6,17,0,3,0,0,0,0,0,0,0,0,0,,0,0,0,0,0,0,0,0,0,0,0,,0
00-0029604,Kirk Cousins,QB,2024,14,REG,2024_14_ATL_MIN,ATL,MIN,23,37,344,0,2,1,-6,0,0,0,0,0,0,0,0,0,0,0,0,0,,0,0,0,0,0,0,0,0,0,0,0,,0
00-0029692,Bryan Anger,P,2024,14,REG,2024_14_CIN_DAL,DAL,CIN,0,0,0,0,0,0,0,0,0,0,0,0,0,0,0,0,0,0,0,0,,0,0,0,0,0,0,0,0,4,198,173,52,1
00-0029822,Brandon McManus,K,2024,14,REG,2024_14_GB_DET,GB,DET,0,0,0,0,0,0,0,0,0,0,0,0,0,0,0,0,0,0,1,1,32,0,0,1,0,0,0,4,4,0,0,0,,0
00-0029892,Kyle Juszczyk,FB,2024,14,REG,2024_14_CHI_SF,SF,CHI,0,0,0,0,0,0,0,0,0,0,0,0,1,2,3,0,0,0,0,0,,0,0,0,0,0,0,0,0,0,0,0,,0
00-0030035,Adam Thielen,WR,2024,14,REG,2024_14_CAR_PHI,CAR,PHI,0,0,0,0,0,0,0,0,0,0,0,0,9,11,102,0,7,0,0,0,,0,0,0,0,0,0,0,0,0,0,0,,0
00-0030092,Sam Martin,P,2024,14,REG,2024_14_BUF_LA,BUF,LA,0,0,0,0,0,0,0,0,0,0,0,0,0,0,0,0,0,0,0,0,,0,0,0,0,0,0,0,0,2,101,93,55,1
00-0030098,Dustin Hopkins,K,2024,14,REG,2024_14_CLE_PIT,CLE,PIT,0,0,0,0,0,0,0,0,0,0,0,0,0,0,0,0,0,0,0,2,,0,0,0,0,0,0,2,2,0,0,0,,0
00-0030279,Keenan Allen,WR,2024,14,REG,2024_14_CHI_SF,CHI,SF,0,0,0,0,0,0,0,0,0,0,0,0,3,5,30,0,3,0,0,0,,0,0,0,0,0,0,0,0,0,0,0,,0
00-0030506,Travis Kelce,TE,2024,14,REG,2024_14_LAC_KC,KC,LAC,0,0,0,0,0,0,0,0,0,0,0,0,5,6,45,0,3,0,0,0,,0,0,0,0,0,0,0,0,0,0,0,,0
00-0030564,DeAndre Hopkins,WR,2024,14,REG,2024_14_LAC_KC,KC,LAC,0,0,0,0,0,0,0,0,0,0,0,0,4,9,32,1,1,0,0,0,,0,0,0,0,0,0,0,0,0,0,0,,0
00-0030565,Geno Smith,QB,2024,14,REG,2024_14_SEA_ARI,SEA,ARI,24,30,233,1,0,0,0,1,0,0,0,0,0,0,0,0,0,0,0,0,,0,0,0,0,0,0,0,0,0,0,0,,0
00-0030578,Cordarrelle Patterson,RB,2024,14,REG,2024_14_CLE_PIT,PIT,CLE,0,0,0,0,0,0,0,4,3,0,0,1,1,1,-2,0,0,0,0,0,,0,0,0,0,0,0,0,0,0,0,0,,0
00-0031079,Pat O'Donnell,P,2024,14,REG,2024_14_CHI_SF,SF,CHI,0,0,0,0,0,0,0,0,0,0,0,0,0,0,0,0,0,0,0,0,,0,0,0,0,0,0,0,0,2,92,78,47,1
00-0031136,Chris Boswell,K,2024,14,REG,2024_14_CLE_PIT,PIT,CLE,0,0,0,0,0,0,0,0,0,0,0,0,0,0,0,0,0,0,2,2,54,0,0,1,0,1,0,3,3,0,0,0,,0
00-0031203,Cairo Santos,K,2024,14,REG,2024_14_CHI_SF,CHI,SF,0,0,0,0,0,0,0,0,0,0,0,0,0,0,0,0,0,0,0,0,,0,0,0,0,0,0,1,1,0,0,0,,0
00-0031235,Odell Beckham Jr.,WR,2024,14,REG,2024_14_NYJ_MIA,MIA,NYJ,0,0,0,0,0,0,0,0,0,0,0,0,1,1,1,0,0,0,0,0,,0,0,0,0,0,0,0,0,0,0,0,,0
00-0031236,Brandin Cooks,WR,2024,14,REG,2024_14_CIN_DAL,DAL,CIN,0,0,0,0,0,0,0,0,0,0,0,0,1,3,3,1,1,0,0,0,,0,0,0,0,0,0,0,0,0,0,0,,0
00-0031280,Derek Carr,QB,2024,14,REG,2024_14_NO_NYG,NO,NYG,20,31,219,1,1,1,-9,2,12,0,0,0,0,0,0,0,0,0,0,0,,0,0,0,0,0,0,0,0,0,0,0,,0
00-0031381,Davante Adams,WR,2024,14,REG,2024_14_NYJ_MIA,NYJ,MIA,0,0,0,0,0,0,0,0,0,0,0,0,9,11,109,1,6,0,0,0,,0,0,0,0,0,0,0,0,0,0,0,,0
00-0031408,Mike Evans,WR,2024,14,REG,2024_14_LV_TB,TB,LV,0,0,0,0,0,0,0,0,0,0,0,0,4,5,69,0,2,0,0,0,,0,0,0,0,0,0,0,0,0,0,0,,0
00-0031492,Jason Myers,K,2024,14,REG,2024_14_SEA_ARI,SEA,ARI,0,0,0,0,0,0,0,0,0,0,0,0,0,0,0,0,0,0,3,3,36,0,1,2,0,0,0,3,3,0,0,0,,0
00-0031503,Jameis Winston,QB,2024,14,REG,2024_14_CLE_PIT,CLE,PIT,24,41,212,2,2,3,-16,4,28,0,4,0,0,0,0,0,0,0,0,0,,0,0,0,0,0,0,0,0,0,0,0,,0
00-0031544,Amari Cooper,WR,2024,14,REG,2024_14_BUF_LA,BUF,LA,0,0,0,0,0,0,0,0,0,0,0,0,6,14,95,0,5,0,0,0,,0,0,0,0,0,0,0,0,0,0,0,,0
00-0031585,MyCole Pruitt,TE,2024,14,REG,2024_14_CLE_PIT,PIT,CLE,0,0,0,0,0,0,0,0,0,0,0,0,1,1,-1,0,0,0,0,0,,0,0,0,0,0,0,0,0,0,0,0,,0
00-0031800,Taylor Heinicke,QB,2024,14,REG,2024_14_LAC_KC,LAC,KC,0,0,0,0,0,0,0,1,12,0,0,0,0,0,0,0,0,0,0,0,,0,0,0,0,0,0,0,0,0,0,0,,0
00-0032065,Bradley Pinion,P,2024,14,REG,2024_14_ATL_MIN,ATL,MIN,0,0,0,0,0,0,0,0,0,0,0,0,0,0,0,0,0,0,0,0,,0,0,0,0,0,0,0,0,1,53,33,53,0
00-0032104,Ameer Abdullah,RB,2024,14,REG,2024_14_LV_TB,LV,TB,0,0,0,0,0,0,0,1,1,0,0,0,1,2,-3,0,0,0,0,0,,0,0,0,0,0,0,0,0,0,0,0,,0
00-0032211,Tyler Lockett,WR,2024,14,REG,2024_14_SEA_ARI,SEA,ARI,0,0,0,0,0,0,0,0,0,0,0,0,0,1,0,0,0,0,0,0,,0,0,0,0,0,0,0,0,0,0,0,,0
00-0032385,Sterling Shepard,WR,2024,14,REG,2024_14_LV_TB,TB,LV,0,0,0,0,0,0,0,0,0,0,0,0,4,6,63,0,4,0,0,0,,0,0,0,0,0,0,0,0,0,0,0,,0
00-0032394,Nick Vannett,TE,2024,14,REG,2024_14_JAX_TEN,TEN,JAX,0,0,0,0,0,0,0,0,0,0,0,0,1,2,4,0,0,0,0,0,,0,0,0,0,0,0,0,0,0,0,0,,0
00-0032434,Brandon Allen,QB,2024,14,REG,2024_14_CHI_SF,SF,CHI,0,1,0,0,1,0,0,0,0,0,0,0,0,0,0,0,0,0,0,0,,0,0,0,0,0,0,0,0,0,0,0,,0
00-0032775,Demarcus Robinson,WR,2024,14,REG,2024_14_BUF_LA,LA,BUF,0,0,0,0,0,0,0,0,0,0,0,0,0,1,0,0,0,0,0,0,,0,0,0,0,0,0,0,0,0,0,0,,0
00-0033009,Tyler Boyd,WR,2024,14,REG,2024_14_JAX_TEN,TEN,JAX,0,0,0,0,0,0,0,0,0,0,0,0,1,4,7,0,1,0,0,0,,0,0,0,0,0,0,0,0,0,0,0,,0
00-0033040,Tyreek Hill,WR,2024,14,REG,2024_14_NYJ_MIA,MIA,NYJ,0,0,0,0,0,0,0,1,6,0,0,0,10,14,115,1,8,0,0,0,,0,0,0,0,0,0,0,0,0,0,0,,0
00-0033045,Ezekiel Elliott,RB,2024,14,REG,2024_14_CIN_DAL,DAL,CIN,0,0,0,0,0,0,0,2,4,0,0,0,1,1,2,0,0,0,0,0,,0,0,0,0,0,0,0,0,0,0,0,,0
00-0033106,Jared Goff,QB,2024,14,REG,2024_14_GB_DET,DET,GB,32,41,283,3,1,1,-3,4,7,0,1,0,0,0,0,0,0,0,0,0,,0,0,0,0,0,0,0,0,0,0,0,,0
00-0033282,Curtis Samuel,WR,2024,14,REG,2024_14_BUF_LA,BUF,LA,0,0,0,0,0,0,0,1,1,0,0,0,2,3,15,0,1,0,0,0,,0,0,0,0,0,0,0,0,0,0,0,,0
00-0033288,George Kittle,TE,2024,14,REG,2024_14_CHI_SF,SF,CHI,0,0,0,0,0,0,0,0,0,0,0,0,6,6,151,0,6,0,0,0,,0,0,0,0,0,0,0,0,0,0,0,,0
00-0033293,Aaron Jones,RB,2024,14,REG,2024_14_ATL_MIN,MIN,ATL,0,0,0,0,0,0,0,13,73,1,3,0,2,2,11,0,0,0,0,0,,0,0,0,0,0,0,0,0,0,0,0,,0
00-0033319,Nick Mullens,QB,2024,14,REG,2024_14_ATL_MIN,MIN,ATL,0,0,0,0,0,0,0,2,-2,0,0,0,0,0,0,0,0,0,0,0,,0,0,0,0,0,0,0,0,0,0,0,,0
00-0033375,Tim Patrick,WR,2024,14,REG,2024_14_GB_DET,DET,GB,0,0,0,0,0,0,0,0,0,0,0,0,6,7,43,2,5,0,0,0,,0,0,0,0,0,0,0,0,0,0,0,,0
00-0033439,Pharaoh Brown,TE,2024,14,REG,2024_14_SEA_ARI,SEA,ARI,0,0,0,0,0,0,0,0,0,0,0,0,1,2,6,0,0,0,0,0,,0,0,0,0,0,0,0,0,0,0,0,,0
00-0033526,Samaje Perine,RB,2024,14,REG,2024_14_LAC_KC,KC,LAC,0,0,0,0,0,0,0,1,3,0,1,0,1,2,16,0,1,0,0,0,,0,0,0,0,0,0,0,0,0,0,0,,0
00-0033536,Mike Williams,WR,2024,14,REG,2024_14_CLE_PIT,PIT,CLE,0,0,0,0,0,0,0,0,0,0,0,0,3,4,36,0,1,0,0,0,,0,0,0,0,0,0,0,0,0,0,0,,0
00-0033553,James Conner,RB,2024,14,REG,2024_14_SEA_ARI,ARI,SEA,0,0,0,0,0,0,0,18,90,0,5,0,4,4,32,1,3,0,0,0,,0,0,0,0,0,0,0,0,0,0,0,,0
00-0033555,Mack Hollins,WR,2024,14,REG,2024_14_BUF_LA,BUF,LA,0,0,0,0,0,0,0,0,0,0,0,0,4,6,57,1,3,0,0,0,,0,0,0,0,0,0,0,0,0,0,0,,0
00-0033576,Eric Saubert,TE,2024,14,REG,2024_14_CHI_SF,SF,CHI,0,0,0,0,0,0,0,0,0,0,0,0,1,1,4,0,0,0,0,0,,0,0,0,0,0,0,0,0,0,0,0,,0
00-0033589,David Moore,WR,2024,14,REG,2024_14_CAR_PHI,CAR,PHI,0,0,0,0,0,0,0,0,0,0,0,0,2,5,25,0,1,0,0,0,,0,0,0,0,0,0,0,0,0,0,0,,0
00-0033662,Cooper Rush,QB,2024,14,REG,2024_14_CIN_DAL,DAL,CIN,16,31,183,2,1,3,-17,2,5,0,1,0,0,0,0,0,0,0,0,0,,0,0,0,0,0,0,0,0,0,0,0,,0
00-0033702,Younghoe Koo,K,2024,14,REG,2024_14_ATL_MIN,ATL,MIN,0,0,0,0,0,0,0,0,0,0,0,0,0,0,0,0,0,0,2,2,29,0,2,0,0,0,0,1,1,0,0,0,,0
00-0033787,Jake Elliott,K,2024,14,REG,2024_14_CAR_PHI,PHI,CAR,0,0,0,0,0,0,0,0,0,0,0,0,0,0,0,0,0,0,0,1,,0,0,0,0,0,0,2,2,0,0,0,,0
00-0033857,JuJu Smith-Schuster,WR,2024,14,REG,2024_14_LAC_KC,KC,LAC,0,0,0,0,0,0,0,0,0,0,0,0,2,2,31,0,2,0,0,0,,0,0,0,0,0,0,0,0,0,0,0,,0
00-0033858,Jonnu Smith,TE,2024,14,REG,2024_14_NYJ_MIA,MIA,NYJ,0,0,0,0,0,0,0,0,0,0,0,0,3,4,44,1,3,0,0,0,,0,0,0,0,0,0,0,0,0,0,0,,0
00-0033873,Patrick Mahomes,QB,2024,14,REG,2024_14_LAC_KC,KC,LAC,24,37,210,1,0,3,-8,4,17,0,2,0,0,0,0,0,0,0,0,0,,0,0,0,0,0,0,0,0,0,0,0,,0
00-0033881,Evan Engram,TE,2024,14,REG,2024_14_JAX_TEN,JAX,TEN,0,0,0,0,0,0,0,0,0,0,0,0,4,6,33,0,1,0,0,0,,0,0,0,0,0,0,0,0,0,0,0,,0
00-0033885,David Njoku,TE,2024,14,REG,2024_14_CLE_PIT,CLE,PIT,0,0,0,0,0,0,0,0,0,0,0,0,7,13,42,1,2,0,0,0,,0,0,0,0,0,0,0,0,0,0,0,,0
00-0033891,Zay Jones,WR,2024,14,REG,2024_14_SEA_ARI,ARI,SEA,0,0,0,0,0,0,0,0,0,0,0,0,1,2,13,0,1,0,0,0,,0,0,0,0,0,0,0,0,0,0,0,,0
00-0033906,Alvin Kamara,RB,2024,14,REG,2024_14_NO_NYG,NO,NYG,0,0,0,0,0,0,0,17,44,0,2,0,5,5,35,0,2,0,0,0,,0,0,0,0,0,0,0,0,0,0,0,,0
00-0033908,Cooper Kupp,WR,2024,14,REG,2024_14_BUF_LA,LA,BUF,0,0,0,0,0,0,0,0,0,0,0,0,5,8,92,1,4,0,0,0,,0,0,0,0,0,0,0,0,0,0,0,,0
00-0033923,Kareem Hunt,RB,2024,14,REG,2024_14_LAC_KC,KC,LAC,0,0,0,0,0,0,0,5,16,0,0,0,1,1,13,0,1,0,0,0,,0,0,0,0,0,0,0,0,0,0,0,,0
00-0033948,Jamaal Williams,RB,2024,14,REG,2024_14_NO_NYG,NO,NYG,0,0,0,0,0,0,0,3,5,0,1,0,2,2,10,0,0,0,0,0,,0,0,0,0,0,0,0,0,0,0,0,,0
00-0034115,Jeff Wilson,RB,2024,14,REG,2024_14_NYJ_MIA,MIA,NYJ,0,0,0,0,0,0,0,1,4,0,1,0,1,1,7,0,0,0,0,0,,0,0,0,0,0,0,0,0,0,0,0,,0
00-0034159,Will Dissly,TE,2024,14,REG,2024_14_LAC_KC,LAC,KC,0,0,0,0,0,0,0,0,0,0,0,0,2,2,19,0,1,0,0,0,,0,0,0,0,0,0,0,0,0,0,0,,0
00-0034160,Michael Dickson,P,2024,14,REG,2024_14_SEA_ARI,SEA,ARI,0,0,0,0,0,0,0,0,0,0,0,0,0,0,0,0,0,0,0,0,,0,0,0,0,0,0,0,0,5,265,224,61,4
00-0034161,Daniel Carlson,K,2024,14,REG,2024_14_LV_TB,LV,TB,0,0,0,0,0,0,0,0,0,0,0,0,0,0,0,0,0,0,2,2,27,0,2,0,0,0,0,1,1,0,0,0,,0
00-0034162,J.K. Scott,P,2024,14,REG,2024_14_LAC_KC,LAC,KC,0,0,0,0,0,0,0,0,0,0,0,0,0,0,0,0,0,0,0,0,,0,0,0,0,0,0,0,0,5,213,179,58,3
00-0034173,Eddy Pineiro,K,2024,14,REG,2024_14_CAR_PHI,CAR,PHI,0,0,0,0,0,0,0,0,0,0,0,0,0,0,0,0,0,0,1,1,38,0,0,1,0,0,0,1,2,0,0,0,,0
00-0034184,Gus Edwards,RB,2024,14,REG,2024_14_LAC_KC,LAC,KC,0,0,0,0,0,0,0,10,36,1,2,0,0,0,0,0,0,0,0,0,,0,0,0,0,0,0,0,0,0,0,0,,0
00-0034270,Tyler Conklin,TE,2024,14,REG,2024_14_NYJ_MIA,NYJ,MIA,0,0,0,0,0,0,0,0,0,0,0,0,3,5,33,0,2,0,0,0,,0,0,0,0,0,0,0,0,0,0,0,,0
00-0034272,Marquez Valdes-Scantling,WR,2024,14,REG,2024_14_NO_NYG,NO,NYG,0,0,0,0,0,0,0,0,0,0,0,0,4,7,51,0,2,0,0,0,,0,0,0,0,0,0,0,0,0,0,0,,0
00-0034364,Jordan Akins,TE,2024,14,REG,2024_14_CLE_PIT,CLE,PIT,0,0,0,0,0,0,0,0,0,0,0,0,1,1,14,0,1,0,0,0,,0,0,0,0,0,0,0,0,0,0,0,,0
00-0034407,Ray-Ray McCloud,WR,2024,14,REG,2024_14_ATL_MIN,ATL,MIN,0,0,0,0,0,0,0,1,3,0,0,0,8,11,98,0,3,0,0,0,,0,0,0,0,0,0,0,0,0,0,0,,0
00-0034418,Cedrick Wilson Jr.,WR,2024,14,REG,2024_14_NO_NYG,NO,NYG,0,0,0,0,0,0,0,0,0,0,0,0,1,1,18,0,1,0,0,0,,0,0,0,0,0,0,0,0,0,0,0,,0
00-0034437,Logan Cooke,P,2024,14,REG,2024_14_JAX_TEN,JAX,TEN,0,0,0,0,0,0,0,0,0,0,0,0,0,0,0,0,0,0,0,0,,0,0,0,0,0,0,0,0,4,198,192,53,1
00-0034521,Allen Lazard,WR,2024,14,REG,2024_14_NYJ_MIA,NYJ,MIA,0,0,0,0,0,0,0,0,0,0,0,0,1,1,18,0,1,0,0,0,,0,0,0,0,0,0,0,0,0,0,0,,0
00-0034613,Tanner Hudson,TE,2024,14,REG,2024_14_CIN_DAL,CIN,DAL,0,0,0,0,0,0,0,0,0,0,0,0,1,1,19,0,1,0,0,0,,0,0,0,0,0,0,0,0,0,0,0,,0
00-0034721,Corey Bojorquez,P,2024,14,REG,2024_14_CLE_PIT,CLE,PIT,0,0,0,0,0,0,0,0,0,0,0,0,0,0,0,0,0,0,0,0,,0,0,0,0,0,0,0,0,5,226,186,63,3
00-0034777,DJ Chark,WR,2024,14,REG,2024_14_LAC_KC,LAC,KC,0,0,0,0,0,0,0,0,0,0,0,0,1,1,9,0,0,0,0,0,,0,0,0,0,0,0,0,0,0,0,0,,0
00-0034791,Nick Chubb,RB,2024,14,REG,2024_14_CLE_PIT,CLE,PIT,0,0,0,0,0,0,0,11,48,0,2,0,0,1,0,0,0,0,0,0,,0,0,0,0,0,0,0,0,0,0,0,,0
00-0034794,Jason Sanders,K,2024,14,REG,2024_14_NYJ_MIA,MIA,NYJ,0,0,0,0,0,0,0,0,0,0,0,0,0,0,0,0,0,0,4,4,57,0,1,1,0,2,0,0,1,0,0,0,,0
00-0034798,Durham Smythe,TE,2024,14,REG,2024_14_NYJ_MIA,MIA,NYJ,0,0,0,0,0,0,0,0,0,0,0,0,0,1,0,0,0,0,0,0,,0,0,0,0,0,0,0,0,0,0,0,,0
00-0034827,DJ Moore,WR,2024,14,REG,2024_14_CHI_SF,CHI,SF,0,0,0,0,0,0,0,0,0,0,0,0,6,8,49,0,3,0,0,0,,0,0,0,0,0,0,0,0,0,0,0,,0
00-0034829,Mike Gesicki,TE,2024,14,REG,2024_14_CIN_DAL,CIN,DAL,0,0,0,0,0,0,0,0,0,0,0,0,3,3,24,0,1,0,0,0,,0,0,0,0,0,0,0,0,0,0,0,,0
00-0034837,Calvin Ridley,WR,2024,14,REG,2024_14_JAX_TEN,TEN,JAX,0,0,0,0,0,0,0,0,0,0,0,0,7,12,59,0,1,0,0,0,,0,0,0,0,0,0,0,0,0,0,0,,0
00-0034844,Saquon Barkley,RB,2024,14,REG,2024_14_CAR_PHI,PHI,CAR,0,0,0,0,0,0,0,20,124,0,6,0,0,1,0,0,0,0,0,0,,0,0,0,0,0,0,0,0,0,0,0,,0
00-0034855,Baker Mayfield,QB,2024,14,REG,2024_14_LV_TB,TB,LV,18,29,295,3,2,4,-27,2,12,0,0,0,0,0,0,0,0,0,0,0,,0,0,0,0,0,0,0,0,0,0,0,,0
00-0034857,Josh Allen,QB,2024,14,REG,2024_14_BUF_LA,BUF,LA,22,37,342,3,0,0,0,10,82,3,6,0,0,0,0,0,0,0,0,0,,0,0,0,0,0,0,0,0,0,0,0,,0
00-0034860,Dante Pettis,WR,2024,14,REG,2024_14_NO_NYG,NO,NYG,0,0,0,0,0,0,0,0,0,0,0,0,0,2,0,0,0,0,0,0,,0,0,0,0,0,0,0,0,0,0,0,,0
00-0034869,Sam Darnold,QB,2024,14,REG,2024_14_ATL_MIN,MIN,ATL,22,28,347,5,0,4,-29,4,7,0,0,0,0,0,0,0,0,0,0,0,,0,0,0,0,0,0,0,0,0,0,0,,0
00-0034960,Jakobi Meyers,WR,2024,14,REG,2024_14_LV_TB,LV,TB,0,0,0,0,0,0,0,0,0,0,0,0,7,10,67,0,3,0,0,0,,0,0,0,0,0,0,0,0,0,0,0,,0
00-0034981,Foster Moreau,TE,2024,14,REG,2024_14_NO_NYG,NO,NYG,0,0,0,0,0,0,0,0,0,0,0,0,2,2,40,0,1,0,0,0,,0,0,0,0,0,0,0,0,0,0,0,,0
00-0035042,Jamie Gillan,P,2024,14,REG,2024_14_NO_NYG,NYG,NO,0,0,0,0,0,0,0,0,0,0,0,0,0,0,0,0,0,0,0,0,,0,0,0,0,0,0,0,0,8,299,299,47,4
00-0035156,Jack Fox,P,2024,14,REG,2024_14_GB_DET,DET,GB,0,0,0,0,0,0,0,0,0,0,0,0,0,0,0,0,0,0,0,0,,0,0,0,0,0,0,0,0,2,92,92,50,0
00-0035189,Matthew Wright,K,2024,14,REG,2024_14_LAC_KC,KC,LAC,0,0,0,0,0,0,0,0,0,0,0,0,0,0,0,0,0,0,4,4,50,0,0,2,1,1,0,1,1,0,0,0,,0
00-0035190,AJ Cole,P,2024,14,REG,2024_14_LV_TB,LV,TB,0,0,0,0,0,0,0,0,0,0,0,0,0,0,0,0,0,0,0,0,,0,0,0,0,0,0,0,0,4,177,154,51,0
00-0035228,Kyler Murray,QB,2024,14,REG,2024_14_SEA_ARI,ARI,SEA,25,38,259,2,2,2,-24,3,16,0,1,0,0,0,0,0,0,0,0,0,,0,0,0,0,0,0,0,0,0,0,0,,0
00-0035229,T.J. Hockenson,TE,2024,14,REG,2024_14_ATL_MIN,MIN,ATL,0,0,0,0,0,0,0,0,0,0,0,0,4,5,45,0,3,0,0,0,,0,0,0,0,0,0,0,0,0,0,0,,0
00-0035249,Josh Oliver,TE,2024,14,REG,2024_14_ATL_MIN,MIN,ATL,0,0,0,0,0,0,0,0,0,0,0,0,1,2,26,0,1,0,0,0,,0,0,0,0,0,0,0,0,0,0,0,,0
00-0035250,Devin Singletary,RB,2024,14,REG,2024_14_NO_NYG,NYG,NO,0,0,0,0,0,0,0,2,8,0,0,0,0,0,0,0,0,0,0,0,,0,0,0,0,0,0,0,0,0,0,0,,0
00-0035261,Tony Pollard,RB,2024,14,REG,2024_14_JAX_TEN,TEN,JAX,0,0,0,0,0,0,0,21,102,0,7,0,2,2,22,0,1,0,0,0,,0,0,0,0,0,0,0,0,0,0,0,,0
00-0035280,Jake Bailey,P,2024,14,REG,2024_14_NYJ_MIA,MIA,NYJ,0,0,0,0,0,0,0,0,0,0,0,0,0,0,0,0,0,0,0,0,,0,0,0,0,0,0,0,0,3,148,128,56,2
00-0035298,Scott Miller,WR,2024,14,REG,2024_14_CLE_PIT,PIT,CLE,0,0,0,0,0,0,0,0,0,0,0,0,3,4,38,0,1,0,0,0,,0,0,0,0,0,0,0,0,0,0,0,,0
00-0035358,Chase McLaughlin,K,2024,14,REG,2024_14_LV_TB,TB,LV,0,0,0,0,0,0,0,0,0,0,0,0,0,0,0,0,0,0,0,0,,0,0,0,0,0,0,4,4,0,0,0,,0
00-0035500,Greg Dortch,WR,2024,14,REG,2024_14_SEA_ARI,ARI,SEA,0,0,0,0,0,0,0,0,0,0,0,0,1,1,5,0,0,0,0,0,,0,0,0,0,0,0,0,0,0,0,0,,0
00-0035535,Darius Slayton,WR,2024,14,REG,2024_14_NO_NYG,NYG,NO,0,0,0,0,0,0,0,0,0,0,0,0,2,6,27,0,2,0,0,0,,0,0,0,0,0,0,0,0,0,0,0,,0
00-0035537,Ty Johnson,RB,2024,14,REG,2024_14_BUF_LA,BUF,LA,0,0,0,0,0,0,0,0,0,0,0,0,2,3,55,1,2,0,0,0,,0,0,0,0,0,0,0,0,0,0,0,,0
00-0035594,Travis Homer,RB,2024,14,REG,2024_14_CHI_SF,CHI,SF,0,0,0,0,0,0,0,0,0,0,0,0,3,3,11,0,0,0,0,0,,0,0,0,0,0,0,0,0,0,0,0,,0
00-0035631,Drew Sample,TE,2024,14,REG,2024_14_CIN_DAL,CIN,DAL,0,0,0,0,0,0,0,0,0,0,0,0,2,2,13,0,1,0,0,0,,0,0,0,0,0,0,0,0,0,0,0,,0
00-0035640,DK Metcalf,WR,2024,14,REG,2024_14_SEA_ARI,SEA,ARI,0,0,0,0,0,0,0,0,0,0,0,0,4,6,49,0,2,0,0,0,,0,0,0,0,0,0,0,0,0,0,0,,0
00-0035644,Noah Fant,TE,2024,14,REG,2024_14_SEA_ARI,SEA,ARI,0,0,0,0,0,0,0,0,0,0,0,0,3,4,18,0,2,0,0,0,,0,0,0,0,0,0,0,0,0,0,0,,0
00-0035676,A.J. Brown,WR,2024,14,REG,2024_14_CAR_PHI,PHI,CAR,0,0,0,0,0,0,0,0,0,0,0,0,4,4,43,0,4,0,0,0,,0,0,0,0,0,0,0,0,0,0,0,,0
00-0035685,David Montgomery,RB,2024,14,REG,2024_14_GB_DET,DET,GB,0,0,0,0,0,0,0,14,51,1,3,0,5,5,33,0,2,0,0,0,,0,0,0,0,0,0,0,0,0,0,0,,0
00-0035689,Dawson Knox,TE,2024,14,REG,2024_14_BUF_LA,BUF,LA,0,0,0,0,0,0,0,0,0,0,0,0,1,1,5,0,0,0,0,0,,0,0,0,0,0,0,0,0,0,0,0,,0
00-0035700,Josh Jacobs,RB,2024,14,REG,2024_14_GB_DET,GB,DET,0,0,0,0,0,0,0,18,66,3,5,0,0,0,0,0,0,0,0,0,,0,0,0,0,0,0,0,0,0,0,0,,0
00-0035704,Drew Lock,QB,2024,14,REG,2024_14_NO_NYG,NYG,NO,21,49,227,0,1,2,-14,5,59,0,3,0,0,0,0,0,0,0,0,0,,0,0,0,0,0,0,0,0,0,0,0,,0
00-0035719,Deebo Samuel Sr.,WR,2024,14,REG,2024_14_CHI_SF,SF,CHI,0,0,0,0,0,0,0,5,13,0,1,0,2,3,22,0,1,0,0,0,,0,0,0,0,0,0,0,0,0,0,0,,0
00-0035821,Corliss Waitman,P,2024,14,REG,2024_14_CLE_PIT,PIT,CLE,0,0,0,0,0,0,0,0,0,0,0,0,0,0,0,0,0,0,0,0,,0,0,0,0,0,0,0,0,6,314,270,60,1
00-0035859,Blake Gillikin,P,2024,14,REG,2024_14_SEA_ARI,ARI,SEA,0,0,0,0,0,0,0,0,0,0,0,0,0,0,0,0,0,0,0,0,,0,0,0,0,0,0,0,0,1,63,49,63,0
00-0035973,Patrick Taylor,RB,2024,14,REG,2024_14_CHI_SF,SF,CHI,0,0,0,0,0,0,0,7,25,1,2,0,0,1,0,0,0,0,0,0,,0,0,0,0,0,0,0,0,0,0,0,,0
00-0036040,Juwan Johnson,TE,2024,14,REG,2024_14_NO_NYG,NO,NYG,0,0,0,0,0,0,0,0,0,0,0,0,4,5,50,1,3,0,0,0,,0,0,0,0,0,0,0,0,0,0,0,,0
00-0036133,James Proche,WR,2024,14,REG,2024_14_CLE_PIT,CLE,PIT,0,0,0,0,0,0,0,0,0,0,0,0,2,2,18,0,1,0,0,0,,0,0,0,0,0,0,0,0,0,0,0,,0
00-0036139,Rico Dowdle,RB,2024,14,REG,2024_14_CIN_DAL,DAL,CIN,0,0,0,0,0,0,0,18,131,0,5,0,1,2,10,0,1,0,0,0,,0,0,0,0,0,0,0,0,0,0,0,,0
00-0036162,Tyler Bass,K,2024,14,REG,2024_14_BUF_LA,BUF,LA,0,0,0,0,0,0,0,0,0,0,0,0,0,0,0,0,0,0,0,0,,0,0,0,0,0,0,6,6,0,0,0,,0
00-0036182,Nick Westbrook-Ikhine,WR,2024,14,REG,2024_14_JAX_TEN,TEN,JAX,0,0,0,0,0,0,0,0,0,0,0,0,1,2,19,0,1,0,0,0,,0,0,0,0,0,0,0,0,0,0,0,,0
00-0036212,Tua Tagovailoa,QB,2024,14,REG,2024_14_NYJ_MIA,MIA,NYJ,33,47,331,2,0,0,0,1,3,0,0,0,0,0,0,0,0,0,0,0,,0,0,0,0,0,0,0,0,0,0,0,,0
00-0036244,Colby Parkinson,TE,2024,14,REG,2024_14_BUF_LA,LA,BUF,0,0,0,0,0,0,0,0,0,0,0,0,1,1,11,0,0,0,0,0,,0,0,0,0,0,0,0,0,0,0,0,,0
00-0036254,Collin Johnson,WR,2024,14,REG,2024_14_CHI_SF,CHI,SF,0,0,0,0,0,0,0,0,0,0,0,0,1,1,6,0,1,0,0,0,,0,0,0,0,0,0,0,0,0,0,0,,0
00-0036259,Jauan Jennings,WR,2024,14,REG,2024_14_CHI_SF,SF,CHI,0,0,0,0,0,0,0,0,0,0,0,0,7,8,90,2,4,0,0,0,,0,0,0,0,0,0,0,0,0,0,0,,0
00-0036264,Jordan Love,QB,2024,14,REG,2024_14_GB_DET,GB,DET,12,20,206,1,0,1,-7,4,23,0,1,0,0,0,0,0,0,0,0,0,,0,0,0,0,0,0,0,0,0,0,0,,0
00-0036275,D'Andre Swift,RB,2024,14,REG,2024_14_CHI_SF,CHI,SF,0,0,0,0,0,0,0,14,38,0,3,0,1,2,2,0,0,0,0,0,,0,0,0,0,0,0,0,0,0,0,0,,0
00-0036297,Darrynton Evans,RB,2024,14,REG,2024_14_CHI_SF,CHI,SF,0,0,0,0,0,0,0,3,3,0,0,0,0,0,0,0,0,0,0,0,,0,0,0,0,0,0,0,0,0,0,0,,0
00-0036309,Darnell Mooney,WR,2024,14,REG,2024_14_ATL_MIN,ATL,MIN,0,0,0,0,0,0,0,0,0,0,0,0,6,7,142,0,6,0,0,0,,0,0,0,0,0,0,0,0,0,0,0,,0
00-0036313,Braden Mann,P,2024,14,REG,2024_14_CAR_PHI,PHI,CAR,0,0,0,0,0,0,0,0,0,0,0,0,0,0,0,0,0,0,0,0,,0,0,0,0,0,0,0,0,4,172,156,47,1
00-0036322,Justin Jefferson,WR,2024,14,REG,2024_14_ATL_MIN,MIN,ATL,0,0,0,0,0,0,0,0,0,0,0,0,7,7,132,2,5,0,0,0,,0,0,0,0,0,0,0,0,0,0,0,,0
00-0036331,Devin Duvernay,WR,2024,14,REG,2024_14_JAX_TEN,JAX,TEN,0,0,0,0,0,0,0,1,-7,0,0,0,3,3,8,0,2,0,0,0,,0,0,0,0,0,0,0,0,0,0,0,,0
00-0036355,Justin Herbert,QB,2024,14,REG,2024_14_LAC_KC,LAC,KC,21,30,213,1,0,3,-19,4,12,0,2,0,0,0,0,0,0,0,0,0,,0,0,0,0,0,0,0,0,0,0,0,,0
00-0036358,CeeDee Lamb,WR,2024,14,REG,2024_14_CIN_DAL,DAL,CIN,0,0,0,0,0,0,0,1,1,0,0,0,6,7,93,1,4,0,0,0,,0,0,0,0,0,0,0,0,0,0,0,,0
00-0036387,Jalen Reagor,WR,2024,14,REG,2024_14_LAC_KC,LAC,KC,0,0,0,0,0,0,0,0,0,0,0,0,1,1,4,0,0,0,0,0,,0,0,0,0,0,0,0,0,0,0,0,,0
00-0036389,Jalen Hurts,QB,2024,14,REG,2024_14_CAR_PHI,PHI,CAR,14,21,108,2,0,4,-25,8,59,1,4,0,0,0,0,0,0,0,0,0,,0,0,0,0,0,0,0,0,0,0,0,,0
00-0036407,Jerry Jeudy,WR,2024,14,REG,2024_14_CLE_PIT,CLE,PIT,0,0,0,0,0,0,0,0,0,0,0,0,5,6,64,1,2,0,0,0,,0,0,0,0,0,0,0,0,0,0,0,,0
00-0036410,Tee Higgins,WR,2024,14,REG,2024_14_CIN_DAL,CIN,DAL,0,0,0,0,0,0,0,0,0,0,0,0,2,5,23,0,1,0,0,0,,0,0,0,0,0,0,0,0,0,0,0,,0
00-0036414,Cam Akers,RB,2024,14,REG,2024_14_ATL_MIN,MIN,ATL,0,0,0,0,0,0,0,5,37,0,2,0,0,0,0,0,0,0,0,0,,0,0,0,0,0,0,0,0,0,0,0,,0
00-0036415,Van Jefferson,WR,2024,14,REG,2024_14_CLE_PIT,PIT,CLE,0,0,0,0,0,0,0,0,0,0,0,0,1,1,10,1,1,0,0,0,,0,0,0,0,0,0,0,0,0,0,0,,0
00-0036429,Charlie Woerner,TE,2024,14,REG,2024_14_ATL_MIN,ATL,MIN,0,0,0,0,0,0,0,0,0,0,0,0,1,1,11,0,1,0,0,0,,0,0,0,0,0,0,0,0,0,0,0,,0
00-0036442,Joe Burrow,QB,2024,14,REG,2024_14_CIN_DAL,CIN,DAL,33,44,369,3,1,2,-10,2,-2,0,0,0,0,0,0,0,0,0,0,0,,0,0,0,0,0,0,0,0,0,0,0,,0
00-0036450,Ke'Shawn Vaughn,RB,2024,14,REG,2024_14_CHI_SF,SF,CHI,0,0,0,0,0,0,0,2,4,0,0,0,0,0,0,0,0,0,0,0,,0,0,0,0,0,0,0,0,0,0,0,,0
00-0036555,Chuba Hubbard,RB,2024,14,REG,2024_14_CAR_PHI,CAR,PHI,0,0,0,0,0,0,0,26,92,1,5,0,4,5,15,0,0,0,0,0,,0,0,0,0,0,0,0,0,0,0,0,,0
00-0036613,Jaylen Waddle,WR,2024,14,REG,2024_14_NYJ_MIA,MIA,NYJ,0,0,0,0,0,0,0,0,0,0,0,0,9,12,99,0,6,0,0,0,,0,0,0,0,0,0,0,0,0,0,0,,0
00-0036637,Noah Gray,TE,2024,14,REG,2024_14_LAC_KC,KC,LAC,0,0,0,0,0,0,0,0,0,0,0,0,4,5,26,0,1,0,0,0,,0,0,0,0,0,0,0,0,0,0,0,,0
00-0036754,Brock Wright,TE,2024,14,REG,2024_14_GB_DET,DET,GB,0,0,0,0,0,0,0,0,0,0,0,0,0,1,0,0,0,0,0,0,,0,0,0,0,0,0,0,0,0,0,0,,0
00-0036849,Tutu Atwell,WR,2024,14,REG,2024_14_BUF_LA,LA,BUF,0,0,0,0,0,0,0,0,0,0,0,0,3,3,45,0,3,0,0,0,,0,0,0,0,0,0,0,0,0,0,0,,0
00-0036893,Najee Harris,RB,2024,14,REG,2024_14_CLE_PIT,PIT,CLE,0,0,0,0,0,0,0,16,53,1,3,0,0,0,0,0,0,0,0,0,,0,0,0,0,0,0,0,0,0,0,0,,0
00-0036894,Pat Freiermuth,TE,2024,14,REG,2024_14_CLE_PIT,PIT,CLE,0,0,0,0,0,0,0,0,0,0,0,0,3,3,48,1,2,0,0,0,,0,0,0,0,0,0,0,0,0,0,0,,0
00-0036900,Ja'Marr Chase,WR,2024,14,REG,2024_14_CIN_DAL,CIN,DAL,0,0,0,0,0,0,0,1,14,0,1,0,14,18,177,2,9,0,0,0,,0,0,0,0,0,0,0,0,0,0,0,,0
00-0036906,Khalil Herbert,RB,2024,14,REG,2024_14_CIN_DAL,CIN,DAL,0,0,0,0,0,0,0,2,4,0,0,0,1,1,7,0,0,0,0,0,,0,0,0,0,0,0,0,0,0,0,0,,0
00-0036912,DeVonta Smith,WR,2024,14,REG,2024_14_CAR_PHI,PHI,CAR,0,0,0,0,0,0,0,0,0,0,0,0,4,6,37,1,2,0,0,0,,0,0,0,0,0,0,0,0,0,0,0,,0
00-0036919,Kenny Gainwell,RB,2024,14,REG,2024_14_CAR_PHI,PHI,CAR,0,0,0,0,0,0,0,3,26,0,1,0,2,2,7,0,0,0,0,0,,0,0,0,0,0,0,0,0,0,0,0,,0
00-0036955,Terrace Marshall Jr.,WR,2024,14,REG,2024_14_LV_TB,LV,TB,0,0,0,0,0,0,0,0,0,0,0,0,1,1,6,0,0,0,0,0,,0,0,0,0,0,0,0,0,0,0,0,,0
00-0036963,Amon-Ra St. Brown,WR,2024,14,REG,2024_14_GB_DET,DET,GB,0,0,0,0,0,0,0,1,10,0,1,0,5,6,43,0,2,0,0,0,,0,0,0,0,0,0,0,0,0,0,0,,0
00-0036970,Kyle Pitts,TE,2024,14,REG,2024_14_ATL_MIN,ATL,MIN,0,0,0,0,0,0,0,0,0,0,0,0,1,6,14,0,1,0,0,0,,0,0,0,0,0,0,0,0,0,0,0,,0
00-0036972,Mac Jones,QB,2024,14,REG,2024_14_JAX_TEN,JAX,TEN,23,31,220,0,2,1,0,3,3,0,0,0,0,0,0,0,0,0,0,0,,0,0,0,0,0,0,0,0,0,0,0,,0
00-0036973,Travis Etienne,RB,2024,14,REG,2024_14_JAX_TEN,JAX,TEN,0,0,0,0,0,0,0,4,20,0,1,0,4,4,50,0,2,0,0,0,,0,0,0,0,0,0,0,0,0,0,0,,0
00-0036980,Elijah Moore,WR,2024,14,REG,2024_14_CLE_PIT,CLE,PIT,0,0,0,0,0,0,0,0,0,0,0,0,3,4,34,0,3,0,0,0,,0,0,0,0,0,0,0,0,0,0,0,,0
00-0036988,Josh Palmer,WR,2024,14,REG,2024_14_LAC_KC,LAC,KC,0,0,0,0,0,0,0,0,0,0,0,0,6,9,78,0,4,0,0,0,,0,0,0,0,0,0,0,0,0,0,0,,0
00-0037004,Hunter Long,TE,2024,14,REG,2024_14_BUF_LA,LA,BUF,0,0,0,0,0,0,0,0,0,0,0,0,0,1,0,0,0,0,0,0,,0,0,0,0,0,0,0,0,0,0,0,,0
00-0037005,Tommy Tremble,TE,2024,14,REG,2024_14_CAR_PHI,CAR,PHI,0,0,0,0,0,0,0,0,0,0,0,0,1,2,3,1,1,0,0,0,,0,0,0,0,0,0,0,0,0,0,0,,0
00-0037086,Grant Calcaterra,TE,2024,14,REG,2024_14_CAR_PHI,PHI,CAR,0,0,0,0,0,0,0,0,0,0,0,0,3,3,16,1,1,0,0,0,,0,0,0,0,0,0,0,0,0,0,0,,0
00-0037197,Isiah Pacheco,RB,2024,14,REG,2024_14_LAC_KC,KC,LAC,0,0,0,0,0,0,0,14,55,0,4,0,2,4,6,0,0,0,0,0,,0,0,0,0,0,0,0,0,0,0,0,,0
00-0037224,Cameron Dicker,K,2024,14,REG,2024_14_LAC_KC,LAC,KC,0,0,0,0,0,0,0,0,0,0,0,0,0,0,0,0,0,0,1,1,37,0,0,1,0,0,0,2,2,0,0,0,,0
00-0037228,Jaylen Warren,RB,2024,14,REG,2024_14_CLE_PIT,PIT,CLE,0,0,0,0,0,0,0,9,47,0,2,0,2,5,25,0,1,0,0,0,,0,0,0,0,0,0,0,0,0,0,0,,0
00-0037231,Kevin Austin Jr.,WR,2024,14,REG,2024_14_NO_NYG,NO,NYG,0,0,0,0,0,0,0,0,0,0,0,0,1,5,5,0,0,0,0,0,,0,0,0,0,0,0,0,0,0,0,0,,0
00-0037238,Drake London,WR,2024,14,REG,2024_14_ATL_MIN,ATL,MIN,0,0,0,0,0,0,0,0,0,0,0,0,5,10,70,0,4,0,0,0,,0,0,0,0,0,0,0,0,0,0,0,,0
00-0037240,Jameson Williams,WR,2024,14,REG,2024_14_GB_DET,DET,GB,0,0,0,0,0,0,0,0,0,0,0,0,5,8,80,0,3,0,0,0,,0,0,0,0,0,0,0,0,0,0,0,,0
00-0037248,James Cook,RB,2024,14,REG,2024_14_BUF_LA,BUF,LA,0,0,0,0,0,0,0,6,20,0,0,0,2,2,9,0,0,0,0,0,,0,0,0,0,0,0,0,0,0,0,0,,0
00-0037256,Rachaad White,RB,2024,14,REG,2024_14_LV_TB,TB,LV,0,0,0,0,0,0,0,17,90,1,6,0,2,3,19,1,2,0,0,0,,0,0,0,0,0,0,0,0,0,0,0,,0
00-0037261,Khalil Shakir,WR,2024,14,REG,2024_14_BUF_LA,BUF,LA,0,0,0,0,0,0,0,0,0,0,0,0,5,8,106,1,3,0,0,0,,0,0,0,0,0,0,0,0,0,0,0,,0
00-0037263,Tyler Allgeier,RB,2024,14,REG,2024_14_ATL_MIN,ATL,MIN,0,0,0,0,0,0,0,9,63,1,5,0,0,0,0,0,0,0,0,0,,0,0,0,0,0,0,0,0,0,0,0,,0
00-0037267,Jerome Ford,RB,2024,14,REG,2024_14_CLE_PIT,CLE,PIT,0,0,0,0,0,0,0,10,28,0,1,0,3,4,19,0,1,0,0,0,,0,0,0,0,0,0,0,0,0,0,0,,0
00-0037284,Matt Araiza,P,2024,14,REG,2024_14_LAC_KC,KC,LAC,0,0,0,0,0,0,0,0,0,0,0,0,0,0,0,0,0,0,0,0,,0,0,0,0,0,0,0,0,4,207,207,59,2
00-0037300,Mike Woods,WR,2024,14,REG,2024_14_CLE_PIT,CLE,PIT,0,0,0,0,0,0,0,0,0,0,0,0,1,3,12,0,1,0,0,0,,0,0,0,0,0,0,0,0,0,0,0,,0
00-0037475,Stone Smartt,TE,2024,14,REG,2024_14_LAC_KC,LAC,KC,0,0,0,0,0,0,0,0,0,0,0,0,3,3,54,0,3,0,0,0,,0,0,0,0,0,0,0,0,0,0,0,,0
00-0037487,Deven Thompkins,WR,2024,14,REG,2024_14_CAR_PHI,CAR,PHI,0,0,0,0,0,0,0,0,0,0,0,0,1,1,7,0,1,0,0,0,,0,0,0,0,0,0,0,0,0,0,0,,0
00-0037500,Ryan Wright,P,2024,14,REG,2024_14_ATL_MIN,MIN,ATL,0,0,0,0,0,0,0,0,0,0,0,0,0,0,0,0,0,0,0,0,,0,0,0,0,0,0,0,0,2,102,71,57,1
00-0037509,Sincere McCormick,RB,2024,14,REG,2024_14_LV_TB,LV,TB,0,0,0,0,0,0,0,15,78,0,4,0,2,3,11,0,0,0,0,0,,0,0,0,0,0,0,0,0,0,0,0,,0
00-0037547,Daniel Whelan,P,2024,14,REG,2024_14_GB_DET,GB,DET,0,0,0,0,0,0,0,0,0,0,0,0,0,0,0,0,0,0,0,0,,0,0,0,0,0,0,0,0,3,125,125,43,2
00-0037607,Ryan Stonehouse,P,2024,14,REG,2024_14_JAX_TEN,TEN,JAX,0,0,0,0,0,0,0,0,0,0,0,0,0,0,0,0,0,0,0,0,,0,0,0,0,0,0,0,0,3,143,135,52,3
00-0037654,Tucker Fisk,TE,2024,14,REG,2024_14_LAC_KC,LAC,KC,0,0,0,0,0,0,0,0,0,0,0,0,1,1,0,0,0,0,0,0,,0,0,0,0,0,0,0,0,0,0,0,,0
00-0037666,Jalen Tolbert,WR,2024,14,REG,2024_14_CIN_DAL,DAL,CIN,0,0,0,0,0,0,0,0,0,0,0,0,0,3,0,0,0,0,0,0,,0,0,0,0,0,0,0,0,0,0,0,,0
00-0037692,Brandon Aubrey,K,2024,14,REG,2024_14_CIN_DAL,DAL,CIN,0,0,0,0,0,0,0,0,0,0,0,0,0,0,0,0,0,0,2,2,47,0,0,1,1,0,0,2,2,0,0,0,,0
00-0037740,Garrett Wilson,WR,2024,14,REG,2024_14_NYJ_MIA,NYJ,MIA,0,0,0,0,0,0,0,0,0,0,0,0,7,10,114,0,4,0,0,0,,0,0,0,0,0,0,0,0,0,0,0,,0
00-0037741,Jahan Dotson,WR,2024,14,REG,2024_14_CAR_PHI,PHI,CAR,0,0,0,0,0,0,0,0,0,0,0,0,1,2,5,0,0,0,0,0,,0,0,0,0,0,0,0,0,0,0,0,,0
00-0037744,Trey McBride,TE,2024,14,REG,2024_14_SEA_ARI,ARI,SEA,0,0,0,0,0,0,0,0,0,0,0,0,7,14,70,0,4,0,0,0,,0,0,0,0,0,0,0,0,0,0,0,,0
00-0037801,KaVontae Turpin,WR,2024,14,REG,2024_14_CIN_DAL,DAL,CIN,0,0,0,0,0,0,0,2,15,0,1,0,1,4,16,0,1,0,0,0,,0,0,0,0,0,0,0,0,0,0,0,,0
00-0037805,Jeremy Ruckert,TE,2024,14,REG,2024_14_NYJ_MIA,NYJ,MIA,0,0,0,0,0,0,0,0,0,0,0,0,0,1,0,0,0,0,0,0,,0,0,0,0,0,0,0,0,0,0,0,,0
00-0037809,Chig Okonkwo,TE,2024,14,REG,2024_14_JAX_TEN,TEN,JAX,0,0,0,0,0,0,0,0,0,0,0,0,3,4,8,0,2,0,0,0,,0,0,0,0,0,0,0,0,0,0,0,,0
00-0037834,Brock Purdy,QB,2024,14,REG,2024_14_CHI_SF,SF,CHI,20,25,325,2,0,1,-4,5,11,0,2,0,0,0,0,0,0,0,0,0,,0,0,0,0,0,0,0,0,0,0,0,,0
00-0037837,Calvin Austin III,WR,2024,14,REG,2024_14_CLE_PIT,PIT,CLE,0,0,0,0,0,0,0,0,0,0,0,0,1,4,4,0,0,0,0,0,,0,0,0,0,0,0,0,0,0,0,0,,0
00-0037840,Kyren Williams,RB,2024,14,REG,2024_14_BUF_LA,LA,BUF,0,0,0,0,0,0,0,29,87,2,6,0,2,2,10,0,0,0,0,0,,0,0,0,0,0,0,0,0,0,0,0,,0
00-0038041,Jake Ferguson,TE,2024,14,REG,2024_14_CIN_DAL,DAL,CIN,0,0,0,0,0,0,0,0,0,0,0,0,3,6,32,0,1,0,0,0,,0,0,0,0,0,0,0,0,0,0,0,,0
00-0038097,Cade York,K,2024,14,REG,2024_14_CIN_DAL,CIN,DAL,0,0,0,0,0,0,0,0,0,0,0,0,0,0,0,0,0,0,2,2,37,0,1,1,0,0,0,3,3,0,0,0,,0
00-0038098,Pierre Strong,RB,2024,14,REG,2024_14_CLE_PIT,CLE,PIT,0,0,0,0,0,0,0,0,0,0,0,0,2,2,9,0,0,0,0,0,,0,0,0,0,0,0,0,0,0,0,0,,0
00-0038115,Daniel Bellinger,TE,2024,14,REG,2024_14_NO_NYG,NYG,NO,0,0,0,0,0,0,0,0,0,0,0,0,5,7,45,0,3,0,0,0,,0,0,0,0,0,0,0,0,0,0,0,,0
00-0038117,Wan'Dale Robinson,WR,2024,14,REG,2024_14_NO_NYG,NYG,NO,0,0,0,0,0,0,0,0,0,0,0,0,4,11,38,0,2,0,0,0,,0,0,0,0,0,0,0,0,0,0,0,,0
00-0038122,Desmond Ridder,QB,2024,14,REG,2024_14_LV_TB,LV,TB,12,18,101,0,0,1,0,2,3,0,0,0,0,0,0,0,0,0,0,0,,0,0,0,0,0,0,0,0,0,0,0,,0
00-0038124,Christian Watson,WR,2024,14,REG,2024_14_GB_DET,GB,DET,0,0,0,0,0,0,0,0,0,0,0,0,4,7,114,0,2,1,0,0,,0,0,0,0,0,0,0,0,0,0,0,,0
00-0038129,Cade Otton,TE,2024,14,REG,2024_14_LV_TB,TB,LV,0,0,0,0,0,0,0,0,0,0,0,0,3,4,70,0,2,0,0,0,,0,0,0,0,0,0,0,0,0,0,0,,0
00-0038393,Dontayvion Wicks,WR,2024,14,REG,2024_14_GB_DET,GB,DET,0,0,0,0,0,0,0,0,0,0,0,0,4,5,49,0,3,0,0,0,,0,0,0,0,0,0,0,0,0,0,0,,0
00-0038402,Anders Carlson,K,2024,14,REG,2024_14_NYJ_MIA,NYJ,MIA,0,0,0,0,0,0,0,0,0,0,0,0,0,0,0,0,0,0,4,4,42,0,1,1,2,0,0,2,2,0,0,0,,0
00-0038416,Tyson Bagent,QB,2024,14,REG,2024_14_CHI_SF,CHI,SF,1,1,6,0,0,0,0,0,0,0,0,0,0,0,0,0,0,0,0,0,,0,0,0,0,0,0,0,0,0,0,0,,0
00-0038542,Bijan Robinson,RB,2024,14,REG,2024_14_ATL_MIN,ATL,MIN,0,0,0,0,0,0,0,22,92,1,5,0,2,2,9,0,0,0,0,0,,0,0,0,0,0,0,0,0,0,0,0,,0
00-0038543,Jaxon Smith-Njigba,WR,2024,14,REG,2024_14_SEA_ARI,SEA,ARI,0,0,0,0,0,0,0,1,4,0,0,0,5,5,82,1,4,0,0,0,,0,0,0,0,0,0,0,0,0,0,0,,0
00-0038544,Quentin Johnston,WR,2024,14,REG,2024_14_LAC_KC,LAC,KC,0,0,0,0,0,0,0,0,0,0,0,0,5,7,48,1,3,0,0,0,,0,0,0,0,0,0,0,0,0,0,0,,0
00-0038547,Luke Schoonmaker,TE,2024,14,REG,2024_14_CIN_DAL,DAL,CIN,0,0,0,0,0,0,0,0,0,0,0,0,2,2,22,0,1,0,0,0,,0,0,0,0,0,0,0,0,0,0,0,,0
00-0038551,Kendre Miller,RB,2024,14,REG,2024_14_NO_NYG,NO,NYG,0,0,0,0,0,0,0,10,32,1,4,0,0,1,0,0,0,0,0,0,,0,0,0,0,0,0,0,0,0,0,0,,0
00-0038555,Tank Bigsby,RB,2024,14,REG,2024_14_JAX_TEN,JAX,TEN,0,0,0,0,0,0,0,18,55,1,4,0,1,2,7,0,0,0,0,0,,0,0,0,0,0,0,0,0,0,0,0,,0
00-0038558,Darnell Washington,TE,2024,14,REG,2024_14_CLE_PIT,PIT,CLE,0,0,0,0,0,0,0,0,0,0,0,0,0,1,0,0,0,0,0,0,,0,0,0,0,0,0,0,0,0,0,0,,0
00-0038559,Michael Wilson,WR,2024,14,REG,2024_14_SEA_ARI,ARI,SEA,0,0,0,0,0,0,0,0,0,0,0,0,2,3,57,1,2,0,0,0,,0,0,0,0,0,0,0,0,0,0,0,,0
00-0038562,Jake Moody,K,2024,14,REG,2024_14_CHI_SF,SF,CHI,0,0,0,0,0,0,0,0,0,0,0,0,0,0,0,0,0,0,1,1,23,0,1,0,0,0,0,5,5,0,0,0,,0
00-0038563,Tre Tucker,WR,2024,14,REG,2024_14_LV_TB,LV,TB,0,0,0,0,0,0,0,0,0,0,0,0,2,5,7,0,0,0,0,0,,0,0,0,0,0,0,0,0,0,0,0,,0
00-0038567,Chad Ryland,K,2024,14,REG,2024_14_SEA_ARI,ARI,SEA,0,0,0,0,0,0,0,0,0,0,0,0,0,0,0,0,0,0,1,2,28,0,1,0,0,0,0,1,1,3,117,117,44,0
00-0038573,Derius Davis,WR,2024,14,REG,2024_14_LAC_KC,LAC,KC,0,0,0,0,0,0,0,1,0,0,0,0,2,4,1,0,0,0,0,0,,0,0,0,0,0,0,0,0,0,0,0,,0
00-0038579,Aidan O'Connell,QB,2024,14,REG,2024_14_LV_TB,LV,TB,11,19,104,0,1,1,-10,6,6,1,3,1,0,0,0,0,0,0,0,0,,0,0,0,0,0,0,0,0,0,0,0,,0
00-0038589,Josh Whyle,TE,2024,14,REG,2024_14_JAX_TEN,TEN,JAX,0,0,0,0,0,0,0,0,0,0,0,0,2,2,31,0,1,0,0,0,,0,0,0,0,0,0,0,0,0,0,0,,0
00-0038597,Chase Brown,RB,2024,14,REG,2024_14_CIN_DAL,CIN,DAL,0,0,0,0,0,0,0,14,58,0,3,0,6,8,65,1,4,0,0,0,,0,0,0,0,0,0,0,0,0,0,0,,0
00-0038606,Parker Washington,WR,2024,14,REG,2024_14_JAX_TEN,JAX,TEN,0,0,0,0,0,0,0,0,0,0,0,0,2,2,15,0,1,0,0,0,,0,0,0,0,0,0,0,0,0,0,0,,0
00-0038619,Andrei Iosivas,WR,2024,14,REG,2024_14_CIN_DAL,CIN,DAL,0,0,0,0,0,0,0,0,0,0,0,0,4,5,41,0,1,0,0,0,,0,0,0,0,0,0,0,0,0,0,0,,0
00-0038636,Kenny McIntosh,RB,2024,14,REG,2024_14_SEA_ARI,SEA,ARI,0,0,0,0,0,0,0,7,38,0,3,0,2,2,7,0,0,0,0,0,,0,0,0,0,0,0,0,0,0,0,0,,0
00-0038685,Chris Brooks,RB,2024,14,REG,2024_14_GB_DET,GB,DET,0,0,0,0,0,0,0,1,3,0,1,0,0,0,0,0,0,0,0,0,,0,0,0,0,0,0,0,0,0,0,0,,0
00-0038705,Emari Demercado,RB,2024,14,REG,2024_14_SEA_ARI,ARI,SEA,0,0,0,0,0,0,0,0,0,0,0,0,4,4,15,0,0,0,0,0,,0,0,0,0,0,0,0,0,0,0,0,,0
00-0038710,Blake Whiteheart,TE,2024,14,REG,2024_14_CLE_PIT,CLE,PIT,0,0,0,0,0,0,0,0,0,0,0,0,0,1,0,0,0,0,0,0,,0,0,0,0,0,0,0,0,0,0,0,,0
00-0038720,Julian Hill,TE,2024,14,REG,2024_14_NYJ_MIA,MIA,NYJ,0,0,0,0,0,0,0,0,0,0,0,0,1,1,14,0,1,0,0,0,,0,0,0,0,0,0,0,0,0,0,0,,0
00-0038738,Hunter Luepke,RB,2024,14,REG,2024_14_CIN_DAL,DAL,CIN,0,0,0,0,0,0,0,0,0,0,0,0,1,1,5,0,0,0,0,0,,0,0,0,0,0,0,0,0,0,0,0,,0
00-0038797,Emanuel Wilson,RB,2024,14,REG,2024_14_GB_DET,GB,DET,0,0,0,0,0,0,0,1,7,0,0,0,0,0,0,0,0,0,0,0,,0,0,0,0,0,0,0,0,0,0,0,,0
00-0038809,Ben Sims,TE,2024,14,REG,2024_14_GB_DET,GB,DET,0,0,0,0,0,0,0,0,0,0,0,0,1,1,2,0,0,0,0,0,,0,0,0,0,0,0,0,0,0,0,0,,0
00-0038905,Blake Grupe,K,2024,14,REG,2024_14_NO_NYG,NO,NYG,0,0,0,0,0,0,0,0,0,0,0,0,0,0,0,0,0,0,0,2,,0,0,0,0,0,0,2,2,0,0,0,,0
00-0038935,Brenton Strange,TE,2024,14,REG,2024_14_JAX_TEN,JAX,TEN,0,0,0,0,0,0,0,0,0,0,0,0,1,1,21,0,1,0,0,0,,0,0,0,0,0,0,0,0,0,0,0,,0
00-0038938,Jalin Hyatt,WR,2024,14,REG,2024_14_NO_NYG,NYG,NO,0,0,0,0,0,0,0,0,0,0,0,0,0,2,0,0,0,0,0,0,,0,0,0,0,0,0,0,0,0,0,0,,0
00-0038951,Sean Tucker,RB,2024,14,REG,2024_14_LV_TB,TB,LV,0,0,0,0,0,0,0,3,47,0,1,0,0,2,0,0,0,0,0,0,,0,0,0,0,0,0,0,0,0,0,0,,0
00-0038994,Jordan Addison,WR,2024,14,REG,2024_14_ATL_MIN,MIN,ATL,0,0,0,0,0,0,0,0,0,0,0,0,8,12,133,3,6,0,0,0,,0,0,0,0,0,0,0,0,0,0,0,,0
00-0038996,Tucker Kraft,TE,2024,14,REG,2024_14_GB_DET,GB,DET,0,0,0,0,0,0,0,0,0,0,0,0,3,5,41,1,2,0,0,0,,0,0,0,0,0,0,0,0,0,0,0,,0
00-0038998,Jake Haener,QB,2024,14,REG,2024_14_NO_NYG,NO,NYG,0,0,0,0,0,1,-10,1,-1,0,0,0,0,0,0,0,0,0,0,0,,0,0,0,0,0,0,0,0,0,0,0,,0
00-0039032,Tyjae Spears,RB,2024,14,REG,2024_14_JAX_TEN,TEN,JAX,0,0,0,0,0,0,0,6,21,0,0,0,1,2,2,0,0,0,0,0,,0,0,0,0,0,0,0,0,0,0,0,,0
00-0039040,De'Von Achane,RB,2024,14,REG,2024_14_NYJ_MIA,MIA,NYJ,0,0,0,0,0,0,0,14,24,1,2,0,6,7,45,0,2,0,0,0,,0,0,0,0,0,0,0,0,0,0,0,,0
00-0039059,Ethan Evans,P,2024,14,REG,2024_14_BUF_LA,LA,BUF,0,0,0,0,0,0,0,0,0,0,0,0,0,0,0,0,0,0,0,0,,0,0,0,0,0,0,0,0,2,95,75,53,1
00-0039062,Jonathan Mingo,WR,2024,14,REG,2024_14_CIN_DAL,DAL,CIN,0,0,0,0,0,0,0,0,0,0,0,0,0,1,0,0,0,0,0,0,,0,0,0,0,0,0,0,0,0,0,0,,0
00-0039065,Sam LaPorta,TE,2024,14,REG,2024_14_GB_DET,DET,GB,0,0,0,0,0,0,0,0,0,0,0,0,5,7,54,0,4,0,0,0,,0,0,0,0,0,0,0,0,0,0,0,,0
00-0039066,Michael Mayer,TE,2024,14,REG,2024_14_LV_TB,LV,TB,0,0,0,0,0,0,0,0,0,0,0,0,7,9,68,0,2,0,0,0,,0,0,0,0,0,0,0,0,0,0,0,,0
00-0039075,Puka Nacua,WR,2024,14,REG,2024_14_BUF_LA,LA,BUF,0,0,0,0,0,0,0,5,16,1,2,0,12,14,162,1,8,0,0,0,,0,0,0,0,0,0,0,0,0,0,0,,0
00-0039139,Jahmyr Gibbs,RB,2024,14,REG,2024_14_GB_DET,DET,GB,0,0,0,0,0,0,0,15,43,0,2,0,6,6,30,1,2,0,0,0,,0,0,0,0,0,0,0,0,0,0,0,,0
00-0039146,Jayden Reed,WR,2024,14,REG,2024_14_GB_DET,GB,DET,0,0,0,0,0,0,0,0,0,0,0,0,0,1,0,0,0,0,0,0,,0,0,0,0,0,0,0,0,0,0,0,,0
00-0039150,Bryce Young,QB,2024,14,REG,2024_14_CAR_PHI,CAR,PHI,19,34,191,1,1,1,-7,7,29,0,2,0,0,0,0,0,0,0,0,0,,0,0,0,0,0,0,0,0,0,0,0,,0
00-0039152,Will Levis,QB,2024,14,REG,2024_14_JAX_TEN,TEN,JAX,19,32,168,0,0,2,-22,1,3,0,1,0,0,0,0,0,0,0,0,0,,0,0,0,0,0,0,0,0,0,0,0,,0
00-0039165,Zach Charbonnet,RB,2024,14,REG,2024_14_SEA_ARI,SEA,ARI,0,0,0,0,0,0,0,22,134,2,5,0,7,7,59,0,1,0,0,0,,0,0,0,0,0,0,0,0,0,0,0,,0
00-0039172,Jake Bates,K,2024,14,REG,2024_14_GB_DET,DET,GB,0,0,0,0,0,0,0,0,0,0,0,0,0,0,0,0,0,0,2,2,43,0,0,1,1,0,0,4,4,0,0,0,,0
00-0039236,Johnny Wilson,WR,2024,14,REG,2024_14_CAR_PHI,PHI,CAR,0,0,0,0,0,0,0,0,0,0,0,0,0,1,0,0,0,0,0,0,,0,0,0,0,0,0,0,0,0,0,0,,0
00-0039299,George Holani,RB,2024,14,REG,2024_14_SEA_ARI,SEA,ARI,0,0,0,0,0,0,0,0,0,0,0,0,1,1,-1,0,0,0,0,0,,0,0,0,0,0,0,0,0,0,0,0,,0
00-0039316,Baylor Cupp,TE,2024,14,REG,2024_14_LAC_KC,KC,LAC,0,0,0,0,0,0,0,0,0,0,0,0,0,1,0,0,0,0,0,0,,0,0,0,0,0,0,0,0,0,0,0,,0
00-0039323,Ryan Rehkow,P,2024,14,REG,2024_14_CIN_DAL,CIN,DAL,0,0,0,0,0,0,0,0,0,0,0,0,0,0,0,0,0,0,0,0,,0,0,0,0,0,0,0,0,3,121,81,61,0
00-0039337,Malik Nabers,WR,2024,14,REG,2024_14_NO_NYG,NYG,NO,0,0,0,0,0,0,0,0,0,0,0,0,5,10,79,0,3,0,0,0,,0,0,0,0,0,0,0,0,0,0,0,,0
00-0039338,Brock Bowers,TE,2024,14,REG,2024_14_LV_TB,LV,TB,0,0,0,0,0,0,0,1,3,0,0,0,3,5,49,0,3,0,0,0,,0,0,0,0,0,0,0,0,0,0,0,,0
00-0039342,Xavier Legette,WR,2024,14,REG,2024_14_CAR_PHI,CAR,PHI,0,0,0,0,0,0,0,0,0,0,0,0,2,8,39,0,1,0,0,0,,0,0,0,0,0,0,0,0,0,0,0,,0
00-0039344,Jonathon Brooks,RB,2024,14,REG,2024_14_CAR_PHI,CAR,PHI,0,0,0,0,0,0,0,1,-3,0,0,0,0,0,0,0,0,0,0,0,,0,0,0,0,0,0,0,0,0,0,0,,0
00-0039356,Ja'Tavion Sanders,TE,2024,14,REG,2024_14_CAR_PHI,CAR,PHI,0,0,0,0,0,0,0,0,0,0,0,0,0,1,0,0,0,0,0,0,,0,0,0,0,0,0,0,0,0,0,0,,0
00-0039361,Bucky Irving,RB,2024,14,REG,2024_14_LV_TB,TB,LV,0,0,0,0,0,0,0,4,3,0,0,0,1,1,15,0,1,0,0,0,,0,0,0,0,0,0,0,0,0,0,0,,0
00-0039363,Isaac Guerendo,RB,2024,14,REG,2024_14_CHI_SF,SF,CHI,0,0,0,0,0,0,0,15,78,2,3,0,2,2,50,0,2,0,0,0,,0,0,0,0,0,0,0,0,0,0,0,,0
00-0039365,Jacob Cowing,WR,2024,14,REG,2024_14_CHI_SF,SF,CHI,0,0,0,0,0,0,0,0,0,0,0,0,0,1,0,0,0,0,0,0,,0,0,0,0,0,0,0,0,0,0,0,,0
00-0039384,Tyrone Tracy Jr.,RB,2024,14,REG,2024_14_NO_NYG,NYG,NO,0,0,0,0,0,0,0,16,45,1,1,0,5,10,38,0,2,0,0,0,,0,0,0,0,0,0,0,0,0,0,0,,0
00-0039391,Kimani Vidal,RB,2024,14,REG,2024_14_LAC_KC,LAC,KC,0,0,0,0,0,0,0,8,34,0,2,0,0,1,0,0,0,0,0,0,,0,0,0,0,0,0,0,0,0,0,0,,0
00-0039404,Will Reichard,K,2024,14,REG,2024_14_ATL_MIN,MIN,ATL,0,0,0,0,0,0,0,0,0,0,0,0,0,0,0,0,0,0,0,1,,0,0,0,0,0,0,6,6,0,0,0,,0
00-0039409,Cam Little,K,2024,14,REG,2024_14_JAX_TEN,JAX,TEN,0,0,0,0,0,0,0,0,0,0,0,0,0,0,0,0,0,0,1,1,23,0,1,0,0,0,0,1,1,0,0,0,,0
00-0039410,Ryan Flournoy,WR,2024,14,REG,2024_14_CIN_DAL,DAL,CIN,0,0,0,0,0,0,0,0,0,0,0,0,0,1,0,0,0,0,0,0,,0,0,0,0,0,0,0,0,0,0,0,,0
00-0039477,Jack Browning,P,2024,14,REG,2024_14_LV_TB,TB,LV,0,0,0,0,0,0,0,0,0,0,0,0,0,0,0,0,0,0,0,0,,0,0,0,0,0,0,0,0,3,128,98,49,0
00-0039611,Matthew Hayball,P,2024,14,REG,2024_14_NO_NYG,NO,NYG,0,0,0,0,0,0,0,0,0,0,0,0,0,0,0,0,0,0,0,0,,0,0,0,0,0,0,0,0,7,292,246,51,2
00-0039613,Dallin Holker,TE,2024,14,REG,2024_14_NO_NYG,NO,NYG,0,0,0,0,0,0,0,0,0,0,0,0,1,1,10,0,1,0,0,0,,0,0,0,0,0,0,0,0,0,0,0,,0
00-0039648,David Martin-Robinson,TE,2024,14,REG,2024_14_JAX_TEN,TEN,JAX,0,0,0,0,0,0,0,0,0,0,0,0,0,1,0,0,0,0,0,0,,0,0,0,0,0,0,0,0,0,0,0,,0
00-0039650,Bryce Oliver,WR,2024,14,REG,2024_14_JAX_TEN,TEN,JAX,0,0,0,0,0,0,0,0,0,0,0,0,1,1,16,0,1,0,0,0,,0,0,0,0,0,0,0,0,0,0,0,,0
00-0039737,Tip Reiman,TE,2024,14,REG,2024_14_SEA_ARI,ARI,SEA,0,0,0,0,0,0,0,0,0,0,0,0,1,1,14,0,1,0,0,0,,0,0,0,0,0,0,0,0,0,0,0,,0
00-0039738,Blake Corum,RB,2024,14,REG,2024_14_BUF_LA,LA,BUF,0,0,0,0,0,0,0,8,34,0,2,0,0,0,0,0,0,0,0,0,,0,0,0,0,0,0,0,0,0,0,0,,0
00-0039745,Tory Taylor,P,2024,14,REG,2024_14_CHI_SF,CHI,SF,0,0,0,0,0,0,0,0,0,0,0,0,0,0,0,0,0,0,0,0,,0,0,0,0,0,0,0,0,6,316,294,60,2
00-0039750,Joshua Karty,K,2024,14,REG,2024_14_BUF_LA,LA,BUF,0,0,0,0,0,0,0,0,0,0,0,0,0,0,0,0,0,0,1,1,22,0,1,0,0,0,0,5,6,0,0,0,,0
00-0039793,AJ Barner,TE,2024,14,REG,2024_14_SEA_ARI,SEA,ARI,0,0,0,0,0,0,0,0,0,0,0,0,1,1,13,0,1,0,0,0,,0,0,0,0,0,0,0,0,0,0,0,,0
00-0039794,Braelon Allen,RB,2024,14,REG,2024_14_NYJ_MIA,NYJ,MIA,0,0,0,0,0,0,0,11,43,0,1,0,4,5,38,0,3,0,0,0,,0,0,0,0,0,0,0,0,0,0,0,,0
00-0039798,Isaiah Davis,RB,2024,14,REG,2024_14_NYJ_MIA,NYJ,MIA,0,0,0,0,0,0,0,10,40,1,2,0,3,6,27,0,2,0,0,0,,0,0,0,0,0,0,0,0,0,0,0,,0
00-0039849,Marvin Harrison Jr.,WR,2024,14,REG,2024_14_SEA_ARI,ARI,SEA,0,0,0,0,0,0,0,0,0,0,0,0,4,8,49,0,3,0,0,0,,0,0,0,0,0,0,0,0,0,0,0,,0
00-0039855,Jalen McMillan,WR,2024,14,REG,2024_14_LV_TB,TB,LV,0,0,0,0,0,0,0,0,0,0,0,0,4,7,59,2,2,0,0,0,,0,0,0,0,0,0,0,0,0,0,0,,0
00-0039874,Jaylen Wright,RB,2024,14,REG,2024_14_NYJ_MIA,MIA,NYJ,0,0,0,0,0,0,0,2,7,0,0,0,2,3,6,0,1,0,0,0,,0,0,0,0,0,0,0,0,0,0,0,,0
00-0039880,Malik Washington,WR,2024,14,REG,2024_14_NYJ_MIA,MIA,NYJ,0,0,0,0,0,0,0,0,0,0,0,0,0,1,0,0,0,0,0,0,,0,0,0,0,0,0,0,0,0,0,0,,0
00-0039893,Brian Thomas Jr.,WR,2024,14,REG,2024_14_JAX_TEN,JAX,TEN,0,0,0,0,0,0,0,0,0,0,0,0,8,12,86,0,4,0,0,0,,0,0,0,0,0,0,0,0,0,0,0,,0
00-0039894,Xavier Worthy,WR,2024,14,REG,2024_14_LAC_KC,KC,LAC,0,0,0,0,0,0,0,1,5,0,0,0,5,6,41,0,2,0,0,0,,0,0,0,0,0,0,0,0,0,0,0,,0
00-0039916,Ricky Pearsall,WR,2024,14,REG,2024_14_CHI_SF,SF,CHI,0,0,0,0,0,0,0,0,0,0,0,0,1,2,5,0,0,0,0,0,,0,0,0,0,0,0,0,0,0,0,0,,0
00-0039918,Caleb Williams,QB,2024,14,REG,2024_14_CHI_SF,CHI,SF,17,23,134,2,0,7,-46,4,27,0,1,0,0,0,0,0,0,0,0,0,,0,0,0,0,0,0,0,0,0,0,0,,0
00-0039919,Rome Odunze,WR,2024,14,REG,2024_14_CHI_SF,CHI,SF,0,0,0,0,0,0,0,0,0,0,0,0,4,5,42,2,3,0,0,0,,0,0,0,0,0,0,0,0,0,0,0,,0
00-0039921,Trey Benson,RB,2024,14,REG,2024_14_SEA_ARI,ARI,SEA,0,0,0,0,0,0,0,2,15,0,1,0,1,1,4,0,0,0,0,0,,0,0,0,0,0,0,0,0,0,0,0,,0
00-0023459,Aaron Rodgers,QB,2024,15,REG,2024_15_NYJ_JAX,NYJ,JAX,16,30,289,3,0,1,-14,6,45,0,3,0,0,0,0,0,0,0,0,0,,0,0,0,0,0,0,0,0,0,0,0,,0
00-0025565,Nick Folk,K,2024,15,REG,2024_15_CIN_TEN,TEN,CIN,0,0,0,0,0,0,0,0,0,0,0,0,0,0,0,0,0,0,0,0,,0,0,0,0,0,0,3,3,0,0,0,,0
00-0026300,Josh Johnson,QB,2024,15,REG,2024_15_BAL_NYG,BAL,NYG,0,0,0,0,0,1,-5,1,-1,0,0,0,0,0,0,0,0,0,0,0,,0,0,0,0,0,0,0,0,0,0,0,,0
00-0026498,Matthew Stafford,QB,2024,15,REG,2024_15_LA_SF,LA,SF,16,27,160,0,0,0,0,4,18,0,3,0,0,0,0,0,0,0,0,0,,0,0,0,0,0,0,0,0,0,0,0,,0
00-0026858,Graham Gano,K,2024,15,REG,2024_15_BAL_NYG,NYG,BAL,0,0,0,0,0,0,0,0,0,0,0,0,0,0,0,0,0,0,0,0,,0,0,0,0,0,0,2,2,0,0,0,,0
00-0027114,Thomas Morstead,P,2024,15,REG,2024_15_NYJ_JAX,NYJ,JAX,0,0,0,0,0,0,0,0,0,0,0,0,0,0,0,0,0,0,0,0,,0,0,0,0,0,0,0,0,3,125,113,54,1
00-0028872,Johnny Hekker,P,2024,15,REG,2024_15_DAL_CAR,CAR,DAL,0,0,0,0,0,0,0,0,0,0,0,0,0,0,0,0,0,0,0,0,,0,0,0,0,0,0,0,0,4,190,185,53,0
00-0029263,Russell Wilson,QB,2024,15,REG,2024_15_PIT_PHI,PIT,PHI,14,22,128,1,0,2,-21,4,13,0,2,1,0,0,0,0,0,0,0,0,,0,0,0,0,0,0,0,0,0,0,0,,0
00-0029597,Justin Tucker,K,2024,15,REG,2024_15_BAL_NYG,BAL,NYG,0,0,0,0,0,0,0,0,0,0,0,0,0,0,0,0,0,0,0,0,,0,0,0,0,0,0,5,5,0,0,0,,0
00-0029604,Kirk Cousins,QB,2024,15,REG,2024_15_ATL_LV,ATL,LV,11,17,112,1,1,3,-19,3,0,0,0,0,0,0,0,0,0,0,0,0,,0,0,0,0,0,0,0,0,0,0,0,,0
00-0029692,Bryan Anger,P,2024,15,REG,2024_15_DAL_CAR,DAL,CAR,0,0,0,0,0,0,0,0,0,0,0,0,0,0,0,0,0,0,0,0,,0,0,0,0,0,0,0,0,2,113,113,57,1
00-0029822,Brandon McManus,K,2024,15,REG,2024_15_GB_SEA,GB,SEA,0,0,0,0,0,0,0,0,0,0,0,0,0,0,0,0,0,0,3,3,39,0,2,1,0,0,0,3,3,0,0,0,,0
00-0030035,Adam Thielen,WR,2024,15,REG,2024_15_DAL_CAR,CAR,DAL,0,0,0,0,0,0,0,0,0,0,0,0,5,7,51,0,1,0,0,0,,0,0,0,0,0,0,0,0,0,0,0,,0
00-0030061,Zach Ertz,TE,2024,15,REG,2024_15_WAS_NO,WAS,NO,0,0,0,0,0,0,0,0,0,0,0,0,2,2,25,0,1,0,0,0,,0,0,0,0,0,0,0,0,0,0,0,,0
00-0030092,Sam Martin,P,2024,15,REG,2024_15_BUF_DET,BUF,DET,0,0,0,0,0,0,0,0,0,0,0,0,0,0,0,0,0,0,0,0,,0,0,0,0,0,0,0,0,1,51,51,51,1
00-0030140,Tress Way,P,2024,15,REG,2024_15_WAS_NO,WAS,NO,0,0,0,0,0,0,0,0,0,0,0,0,0,0,0,0,0,0,0,0,,0,0,0,0,0,0,0,0,3,138,132,51,1
00-0030279,Keenan Allen,WR,2024,15,REG,2024_15_CHI_MIN,CHI,MIN,0,0,0,0,0,0,0,0,0,0,0,0,6,13,82,1,4,0,0,0,,0,0,0,0,0,0,0,0,0,0,0,,0
00-0030431,Robert Woods,WR,2024,15,REG,2024_15_MIA_HOU,HOU,MIA,0,0,0,0,0,0,0,0,0,0,0,0,2,2,12,0,1,0,0,0,,0,0,0,0,0,0,0,0,0,0,0,,0
00-0030506,Travis Kelce,TE,2024,15,REG,2024_15_KC_CLE,KC,CLE,0,0,0,0,0,0,0,0,0,0,0,0,4,8,27,0,2,0,0,0,,0,0,0,0,0,0,0,0,0,0,0,,0
00-0030564,DeAndre Hopkins,WR,2024,15,REG,2024_15_KC_CLE,KC,CLE,0,0,0,0,0,0,0,0,0,0,0,0,5,6,36,0,3,0,0,0,,0,0,0,0,0,0,0,0,0,0,0,,0
00-0030565,Geno Smith,QB,2024,15,REG,2024_15_GB_SEA,SEA,GB,15,19,149,0,1,3,-24,1,5,0,1,0,0,0,0,0,0,0,0,0,,0,0,0,0,0,0,0,0,0,0,0,,0
00-0030578,Cordarrelle Patterson,RB,2024,15,REG,2024_15_PIT_PHI,PIT,PHI,0,0,0,0,0,0,0,2,9,0,1,0,1,1,-1,0,0,0,0,0,,0,0,0,0,0,0,0,0,0,0,0,,0
00-0031079,Pat O'Donnell,P,2024,15,REG,2024_15_LA_SF,SF,LA,0,0,0,0,0,0,0,0,0,0,0,0,0,0,0,0,0,0,0,0,,0,0,0,0,0,0,0,0,7,316,306,55,2
00-0031136,Chris Boswell,K,2024,15,REG,2024_15_PIT_PHI,PIT,PHI,0,0,0,0,0,0,0,0,0,0,0,0,0,0,0,0,0,0,2,2,49,0,0,1,1,0,0,1,1,0,0,0,,0
00-0031203,Cairo Santos,K,2024,15,REG,2024_15_CHI_MIN,CHI,MIN,0,0,0,0,0,0,0,0,0,0,0,0,0,0,0,0,0,0,2,2,39,0,1,1,0,0,0,0,0,0,0,0,,0
00-0031236,Brandin Cooks,WR,2024,15,REG,2024_15_DAL_CAR,DAL,CAR,0,0,0,0,0,0,0,0,0,0,0,0,3,5,34,0,2,0,0,0,,0,0,0,0,0,0,0,0,0,0,0,,0
00-0031363,Michael Palardy,P,2024,15,REG,2024_15_NE_ARI,ARI,NE,0,0,0,0,0,0,0,0,0,0,0,0,0,0,0,0,0,0,0,0,,0,0,0,0,0,0,0,0,2,97,71,54,0
00-0031381,Davante Adams,WR,2024,15,REG,2024_15_NYJ_JAX,NYJ,JAX,0,0,0,0,0,0,0,0,0,0,0,0,9,12,198,2,6,0,0,0,,0,0,0,0,0,0,0,0,0,0,0,,0
00-0031408,Mike Evans,WR,2024,15,REG,2024_15_TB_LAC,TB,LAC,0,0,0,0,0,0,0,0,0,0,0,0,9,11,159,2,5,0,0,0,,0,0,0,0,0,0,0,0,0,0,0,,0
00-0031428,Allen Robinson,WR,2024,15,REG,2024_15_BUF_DET,DET,BUF,0,0,0,0,0,0,0,0,0,0,0,0,0,1,0,0,0,0,0,0,,0,0,0,0,0,0,0,0,0,0,0,,0
00-0031492,Jason Myers,K,2024,15,REG,2024_15_GB_SEA,SEA,GB,0,0,0,0,0,0,0,0,0,0,0,0,0,0,0,0,0,0,2,2,48,0,0,0,2,0,0,1,1,0,0,0,,0
00-0031503,Jameis Winston,QB,2024,15,REG,2024_15_KC_CLE,CLE,KC,16,25,146,0,3,5,-37,2,-2,0,0,0,0,0,0,0,0,0,0,0,,0,0,0,0,0,0,0,0,0,0,0,,0
00-0031549,Nelson Agholor,WR,2024,15,REG,2024_15_BAL_NYG,BAL,NYG,0,0,0,0,0,0,0,0,0,0,0,0,1,1,26,0,1,0,0,0,,0,0,0,0,0,0,0,0,0,0,0,,0
00-0031687,Raheem Mostert,RB,2024,15,REG,2024_15_MIA_HOU,MIA,HOU,0,0,0,0,0,0,0,6,8,0,1,0,3,3,13,0,1,0,0,0,,0,0,0,0,0,0,0,0,0,0,0,,0
00-0031800,Taylor Heinicke,QB,2024,15,REG,2024_15_TB_LAC,LAC,TB,1,1,4,0,0,0,0,0,0,0,0,0,0,0,0,0,0,0,0,0,,0,0,0,0,0,0,0,0,0,0,0,,0
00-0031941,Jamison Crowder,WR,2024,15,REG,2024_15_WAS_NO,WAS,NO,0,0,0,0,0,0,0,0,0,0,0,0,3,3,27,0,1,0,0,0,,0,0,0,0,0,0,0,0,0,0,0,,0
00-0032065,Bradley Pinion,P,2024,15,REG,2024_15_ATL_LV,ATL,LV,0,0,0,0,0,0,0,0,0,0,0,0,0,0,0,0,0,0,0,0,,0,0,0,0,0,0,0,0,6,265,225,63,4
00-0032104,Ameer Abdullah,RB,2024,15,REG,2024_15_ATL_LV,LV,ATL,0,0,0,0,0,0,0,3,8,0,0,0,7,7,58,1,4,0,0,0,,0,0,0,0,0,0,0,0,0,0,0,,0
00-0032211,Tyler Lockett,WR,2024,15,REG,2024_15_GB_SEA,SEA,GB,0,0,0,0,0,0,0,0,0,0,0,0,1,1,22,0,1,0,0,0,,0,0,0,0,0,0,0,0,0,0,0,,0
00-0032385,Sterling Shepard,WR,2024,15,REG,2024_15_TB_LAC,TB,LAC,0,0,0,0,0,0,0,0,0,0,0,0,1,1,16,0,1,0,0,0,,0,0,0,0,0,0,0,0,0,0,0,,0
00-0032392,Austin Hooper,TE,2024,15,REG,2024_15_NE_ARI,NE,ARI,0,0,0,0,0,0,0,0,0,0,0,0,3,3,38,0,1,0,0,0,,0,0,0,0,0,0,0,0,0,0,0,,0
00-0032394,Nick Vannett,TE,2024,15,REG,2024_15_CIN_TEN,TEN,CIN,0,0,0,0,0,0,0,0,0,0,0,0,1,1,7,0,0,0,0,0,,0,0,0,0,0,0,0,0,0,0,0,,0
00-0032569,Wil Lutz,K,2024,15,REG,2024_15_IND_DEN,DEN,IND,0,0,0,0,0,0,0,0,0,0,0,0,0,0,0,0,0,0,1,1,44,0,0,0,1,0,0,4,4,0,0,0,,0
00-0032726,Ka'imi Fairbairn,K,2024,15,REG,2024_15_MIA_HOU,HOU,MIA,0,0,0,0,0,0,0,0,0,0,0,0,0,0,0,0,0,0,2,2,44,0,1,0,1,0,0,2,2,0,0,0,,0
00-0032764,Derrick Henry,RB,2024,15,REG,2024_15_BAL_NYG,BAL,NYG,0,0,0,0,0,0,0,14,67,0,5,0,0,0,0,0,0,0,0,0,,0,0,0,0,0,0,0,0,0,0,0,,0
00-0032775,Demarcus Robinson,WR,2024,15,REG,2024_15_LA_SF,LA,SF,0,0,0,0,0,0,0,0,0,0,0,0,0,1,0,0,0,0,0,0,,0,0,0,0,0,0,0,0,0,0,0,,0
00-0032943,Riley Dixon,P,2024,15,REG,2024_15_IND_DEN,DEN,IND,0,0,0,0,0,0,0,0,0,0,0,0,0,0,0,0,0,0,0,0,,0,0,0,0,0,0,0,0,6,287,211,57,3
00-0032950,Carson Wentz,QB,2024,15,REG,2024_15_KC_CLE,KC,CLE,2,2,20,0,0,0,0,3,0,0,0,0,0,0,0,0,0,0,0,0,,0,0,0,0,0,0,0,0,0,0,0,,0
00-0033009,Tyler Boyd,WR,2024,15,REG,2024_15_CIN_TEN,TEN,CIN,0,0,0,0,0,0,0,0,0,0,0,0,2,3,39,0,1,0,0,0,,0,0,0,0,0,0,0,0,0,0,0,,0
00-0033040,Tyreek Hill,WR,2024,15,REG,2024_15_MIA_HOU,MIA,HOU,0,0,0,0,0,0,0,0,0,0,0,0,2,7,36,0,2,0,0,0,,0,0,0,0,0,0,0,0,0,0,0,,0
00-0033045,Ezekiel Elliott,RB,2024,15,REG,2024_15_DAL_CAR,DAL,CAR,0,0,0,0,0,0,0,9,30,0,3,0,1,1,11,0,1,0,0,0,,0,0,0,0,0,0,0,0,0,0,0,,0
00-0033090,Hunter Henry,TE,2024,15,REG,2024_15_NE_ARI,NE,ARI,0,0,0,0,0,0,0,0,0,0,0,0,4,4,25,0,1,0,0,0,,0,0,0,0,0,0,0,0,0,0,0,,0
00-0033106,Jared Goff,QB,2024,15,REG,2024_15_BUF_DET,DET,BUF,38,59,494,5,0,3,-21,2,13,0,1,0,0,0,0,0,0,0,0,0,,0,0,0,0,0,0,0,0,0,0,0,,0
00-0033246,Johnny Mundt,TE,2024,15,REG,2024_15_CHI_MIN,MIN,CHI,0,0,0,0,0,0,0,0,0,0,0,0,0,1,0,0,0,0,0,0,,0,0,0,0,0,0,0,0,0,0,0,,0
00-0033269,Rigoberto Sanchez,P,2024,15,REG,2024_15_IND_DEN,IND,DEN,0,0,0,0,0,0,0,0,0,0,0,0,0,0,0,0,0,0,0,0,,0,0,0,0,0,0,0,0,5,259,162,54,0
00-0033282,Curtis Samuel,WR,2024,15,REG,2024_15_BUF_DET,BUF,DET,0,0,0,0,0,0,0,0,0,0,0,0,1,2,1,0,0,0,0,0,,0,0,0,0,0,0,0,0,0,0,0,,0
00-0033288,George Kittle,TE,2024,15,REG,2024_15_LA_SF,SF,LA,0,0,0,0,0,0,0,0,0,0,0,0,4,7,61,0,3,0,0,0,,0,0,0,0,0,0,0,0,0,0,0,,0
00-0033293,Aaron Jones,RB,2024,15,REG,2024_15_CHI_MIN,MIN,CHI,0,0,0,0,0,0,0,18,86,1,5,0,2,3,20,0,1,0,0,0,,0,0,0,0,0,0,0,0,0,0,0,,0
00-0033303,Harrison Butker,K,2024,15,REG,2024_15_KC_CLE,KC,CLE,0,0,0,0,0,0,0,0,0,0,0,0,0,0,0,0,0,0,0,1,,0,0,0,0,0,0,3,3,0,0,0,,0
00-0033307,Kendrick Bourne,WR,2024,15,REG,2024_15_NE_ARI,NE,ARI,0,0,0,0,0,0,0,0,0,0,0,0,3,3,44,0,1,0,0,0,,0,0,0,0,0,0,0,0,0,0,0,,0
00-0033375,Tim Patrick,WR,2024,15,REG,2024_15_BUF_DET,DET,BUF,0,0,0,0,0,0,0,0,0,0,0,0,4,8,30,1,2,0,0,0,,0,0,0,0,0,0,0,0,0,0,0,,0
00-0033526,Samaje Perine,RB,2024,15,REG,2024_15_KC_CLE,KC,CLE,0,0,0,0,0,0,0,1,11,0,0,0,1,1,23,0,1,0,0,0,,0,0,0,0,0,0,0,0,0,0,0,,0
00-0033536,Mike Williams,WR,2024,15,REG,2024_15_PIT_PHI,PIT,PHI,0,0,0,0,0,0,0,0,0,0,0,0,1,2,15,0,0,0,0,0,,0,0,0,0,0,0,0,0,0,0,0,,0
00-0033553,James Conner,RB,2024,15,REG,2024_15_NE_ARI,ARI,NE,0,0,0,0,0,0,0,16,110,2,4,0,5,5,28,0,2,0,0,0,,0,0,0,0,0,0,0,0,0,0,0,,0
00-0033555,Mack Hollins,WR,2024,15,REG,2024_15_BUF_DET,BUF,DET,0,0,0,0,0,0,0,0,0,0,0,0,1,3,7,0,0,0,0,0,,0,0,0,0,0,0,0,0,0,0,0,,0
00-0033589,David Moore,WR,2024,15,REG,2024_15_DAL_CAR,CAR,DAL,0,0,0,0,0,0,0,0,0,0,0,0,2,4,19,0,1,0,0,0,,0,0,0,0,0,0,0,0,0,0,0,,0
00-0033662,Cooper Rush,QB,2024,15,REG,2024_15_DAL_CAR,DAL,CAR,18,29,214,3,0,1,-15,4,5,0,0,1,0,0,0,0,0,0,0,0,,0,0,0,0,0,0,0,0,0,0,0,,0
00-0033702,Younghoe Koo,K,2024,15,REG,2024_15_ATL_LV,ATL,LV,0,0,0,0,0,0,0,0,0,0,0,0,0,0,0,0,0,0,2,3,48,0,0,0,2,0,0,1,1,0,0,0,,0
00-0033787,Jake Elliott,K,2024,15,REG,2024_15_PIT_PHI,PHI,PIT,0,0,0,0,0,0,0,0,0,0,0,0,0,0,0,0,0,0,2,2,41,0,0,1,1,0,0,3,3,0,0,0,,0
00-0033854,Dare Ogunbowale,RB,2024,15,REG,2024_15_MIA_HOU,HOU,MIA,0,0,0,0,0,0,0,1,35,0,1,0,0,0,0,0,0,0,0,0,,0,0,0,0,0,0,0,0,0,0,0,,0
00-0033857,JuJu Smith-Schuster,WR,2024,15,REG,2024_15_KC_CLE,KC,CLE,0,0,0,0,0,0,0,0,0,0,0,0,1,3,7,1,1,0,0,0,,0,0,0,0,0,0,0,0,0,0,0,,0
00-0033858,Jonnu Smith,TE,2024,15,REG,2024_15_MIA_HOU,MIA,HOU,0,0,0,0,0,0,0,0,0,0,0,0,9,11,48,1,3,0,0,0,,0,0,0,0,0,0,0,0,0,0,0,,0
00-0033863,Dan Skipper,OT,2024,15,REG,2024_15_BUF_DET,DET,BUF,0,0,0,0,0,0,0,0,0,0,0,0,1,1,9,1,1,0,0,0,,0,0,0,0,0,0,0,0,0,0,0,,0
00-0033873,Patrick Mahomes,QB,2024,15,REG,2024_15_KC_CLE,KC,CLE,19,38,159,2,0,0,0,2,14,0,1,0,0,0,0,0,0,0,0,0,,0,0,0,0,0,0,0,0,0,0,0,,0
00-0033891,Zay Jones,WR,2024,15,REG,2024_15_NE_ARI,ARI,NE,0,0,0,0,0,0,0,0,0,0,0,0,1,1,3,0,0,0,0,0,,0,0,0,0,0,0,0,0,0,0,0,,0
00-0033897,Joe Mixon,RB,2024,15,REG,2024_15_MIA_HOU,HOU,MIA,0,0,0,0,0,0,0,12,23,0,0,0,5,6,33,0,1,0,0,0,,0,0,0,0,0,0,0,0,0,0,0,,0
00-0033906,Alvin Kamara,RB,2024,15,REG,2024_15_WAS_NO,NO,WAS,0,0,0,0,0,0,0,5,12,0,0,0,4,5,58,1,2,0,0,0,,0,0,0,0,0,0,0,0,0,0,0,,0
00-0033908,Cooper Kupp,WR,2024,15,REG,2024_15_LA_SF,LA,SF,0,0,0,0,0,0,0,0,0,0,0,0,0,3,0,0,0,0,0,0,,0,0,0,0,0,0,0,0,0,0,0,,0
00-0033923,Kareem Hunt,RB,2024,15,REG,2024_15_KC_CLE,KC,CLE,0,0,0,0,0,0,0,13,45,0,3,0,1,2,4,0,0,0,0,0,,0,0,0,0,0,0,0,0,0,0,0,,0
00-0033943,Josh Reynolds,WR,2024,15,REG,2024_15_NYJ_JAX,JAX,NYJ,0,0,0,0,0,0,0,0,0,0,0,0,0,1,0,0,0,0,0,0,,0,0,0,0,0,0,0,0,0,0,0,,0
00-0033955,Jeremy McNichols,RB,2024,15,REG,2024_15_WAS_NO,WAS,NO,0,0,0,0,0,0,0,2,4,0,0,0,1,2,0,0,0,0,0,0,,0,0,0,0,0,0,0,0,0,0,0,,0
00-0034054,River Cracraft,WR,2024,15,REG,2024_15_MIA_HOU,MIA,HOU,0,0,0,0,0,0,0,0,0,0,0,0,1,1,6,0,0,0,0,0,,0,0,0,0,0,0,0,0,0,0,0,,0
00-0034160,Michael Dickson,P,2024,15,REG,2024_15_GB_SEA,SEA,GB,0,0,0,0,0,0,0,0,0,0,0,0,0,0,0,0,0,0,0,0,,0,0,0,0,0,0,0,0,6,279,269,53,3
00-0034161,Daniel Carlson,K,2024,15,REG,2024_15_ATL_LV,LV,ATL,0,0,0,0,0,0,0,0,0,0,0,0,0,0,0,0,0,0,1,1,52,0,0,0,0,1,0,0,1,0,0,0,,0
00-0034162,J.K. Scott,P,2024,15,REG,2024_15_TB_LAC,LAC,TB,0,0,0,0,0,0,0,0,0,0,0,0,0,0,0,0,0,0,0,0,,0,0,0,0,0,0,0,0,3,141,111,57,2
00-0034173,Eddy Pineiro,K,2024,15,REG,2024_15_DAL_CAR,CAR,DAL,0,0,0,0,0,0,0,0,0,0,0,0,0,0,0,0,0,0,0,0,,0,0,0,0,0,0,2,2,0,0,0,,0
00-0034177,Tim Boyle,QB,2024,15,REG,2024_15_BAL_NYG,NYG,BAL,12,24,123,1,1,1,-2,1,-1,0,0,0,0,0,0,0,0,0,0,0,,0,0,0,0,0,0,0,0,0,0,0,,0
00-0034184,Gus Edwards,RB,2024,15,REG,2024_15_TB_LAC,LAC,TB,0,0,0,0,0,0,0,8,23,0,1,0,0,0,0,0,0,0,0,0,,0,0,0,0,0,0,0,0,0,0,0,,0
00-0034208,Mike Boone,RB,2024,15,REG,2024_15_DAL_CAR,CAR,DAL,0,0,0,0,0,0,0,2,14,0,1,0,0,0,0,0,0,0,0,0,,0,0,0,0,0,0,0,0,0,0,0,,0
00-0034272,Marquez Valdes-Scantling,WR,2024,15,REG,2024_15_WAS_NO,NO,WAS,0,0,0,0,0,0,0,1,4,0,0,0,2,7,64,0,2,0,0,0,,0,0,0,0,0,0,0,0,0,0,0,,0
00-0034348,Courtland Sutton,WR,2024,15,REG,2024_15_IND_DEN,DEN,IND,0,0,0,0,0,0,0,0,0,0,0,0,3,9,32,1,2,0,0,0,,0,0,0,0,0,0,0,0,0,0,0,,0
00-0034364,Jordan Akins,TE,2024,15,REG,2024_15_KC_CLE,CLE,KC,0,0,0,0,0,0,0,0,0,0,0,0,3,4,30,0,2,0,0,0,,0,0,0,0,0,0,0,0,0,0,0,,0
00-0034383,Dalton Schultz,TE,2024,15,REG,2024_15_MIA_HOU,HOU,MIA,0,0,0,0,0,0,0,0,0,0,0,0,2,4,13,0,1,0,0,0,,0,0,0,0,0,0,0,0,0,0,0,,0
00-0034386,Justin Watson,WR,2024,15,REG,2024_15_KC_CLE,KC,CLE,0,0,0,0,0,0,0,0,0,0,0,0,0,1,0,0,0,0,0,0,,0,0,0,0,0,0,0,0,0,0,0,,0
00-0034407,Ray-Ray McCloud,WR,2024,15,REG,2024_15_ATL_LV,ATL,LV,0,0,0,0,0,0,0,0,0,0,0,0,1,3,14,0,1,0,0,0,,0,0,0,0,0,0,0,0,0,0,0,,0
00-0034418,Cedrick Wilson Jr.,WR,2024,15,REG,2024_15_WAS_NO,NO,WAS,1,1,21,1,0,0,0,0,0,0,0,0,0,1,0,0,0,0,0,0,,0,0,0,0,0,0,0,0,0,0,0,,0
00-0034437,Logan Cooke,P,2024,15,REG,2024_15_NYJ_JAX,JAX,NYJ,0,0,0,0,0,0,0,0,0,0,0,0,0,0,0,0,0,0,0,0,,0,0,0,0,0,0,0,0,2,94,94,57,2
00-0034450,Greg Joseph,K,2024,15,REG,2024_15_WAS_NO,WAS,NO,0,0,0,0,0,0,0,0,0,0,0,0,0,0,0,0,0,0,2,3,41,0,1,0,1,0,0,2,2,0,0,0,,0
00-0034487,Trent Sherfield,WR,2024,15,REG,2024_15_CHI_MIN,MIN,CHI,0,0,0,0,0,0,0,0,0,0,0,0,1,1,6,0,1,0,0,0,,0,0,0,0,0,0,0,0,0,0,0,,0
00-0034521,Allen Lazard,WR,2024,15,REG,2024_15_NYJ_JAX,NYJ,JAX,0,0,0,0,0,0,0,0,0,0,0,0,0,4,0,0,0,0,0,0,,0,0,0,0,0,0,0,0,0,0,0,,0
00-0034613,Tanner Hudson,TE,2024,15,REG,2024_15_CIN_TEN,CIN,TEN,0,0,0,0,0,0,0,0,0,0,0,0,1,1,9,0,0,0,0,0,,0,0,0,0,0,0,0,0,0,0,0,,0
00-0034646,Brandon Powell,WR,2024,15,REG,2024_15_CHI_MIN,MIN,CHI,0,0,0,0,0,0,0,0,0,0,0,0,1,1,12,0,1,0,0,0,,0,0,0,0,0,0,0,0,0,0,0,,0
00-0034721,Corey Bojorquez,P,2024,15,REG,2024_15_KC_CLE,CLE,KC,0,0,0,0,0,0,0,0,0,0,0,0,0,0,0,0,0,0,0,0,,0,0,0,0,0,0,0,0,6,289,266,68,5
00-0034753,Mark Andrews,TE,2024,15,REG,2024_15_BAL_NYG,BAL,NYG,0,0,0,0,0,0,0,0,0,0,0,0,2,2,24,1,2,0,0,0,,0,0,0,0,0,0,0,0,0,0,0,,0
00-0034771,Mason Rudolph,QB,2024,15,REG,2024_15_CIN_TEN,TEN,CIN,21,26,209,2,1,0,0,2,14,0,2,0,0,0,0,0,0,0,0,0,,0,0,0,0,0,0,0,0,0,0,0,,0
00-0034777,DJ Chark,WR,2024,15,REG,2024_15_TB_LAC,LAC,TB,0,0,0,0,0,0,0,0,0,0,0,0,2,2,16,0,0,0,0,0,,0,0,0,0,0,0,0,0,0,0,0,,0
00-0034791,Nick Chubb,RB,2024,15,REG,2024_15_KC_CLE,CLE,KC,0,0,0,0,0,0,0,9,41,0,1,1,0,1,0,0,0,0,0,0,,0,0,0,0,0,0,0,0,0,0,0,,0
00-0034794,Jason Sanders,K,2024,15,REG,2024_15_MIA_HOU,MIA,HOU,0,0,0,0,0,0,0,0,0,0,0,0,0,0,0,0,0,0,2,2,55,0,0,1,0,1,0,0,1,0,0,0,,0
00-0034796,Lamar Jackson,QB,2024,15,REG,2024_15_BAL_NYG,BAL,NYG,21,25,290,5,0,2,-10,6,65,0,4,1,0,0,0,0,0,0,0,0,,0,0,0,0,0,0,0,0,0,0,0,,0
00-0034798,Durham Smythe,TE,2024,15,REG,2024_15_MIA_HOU,MIA,HOU,0,0,0,0,0,0,0,0,0,0,0,0,1,1,8,0,0,0,0,0,,0,0,0,0,0,0,0,0,0,0,0,,0
00-0034827,DJ Moore,WR,2024,15,REG,2024_15_CHI_MIN,CHI,MIN,0,0,0,0,0,0,0,3,24,0,1,0,8,8,46,0,0,0,0,0,,0,0,0,0,0,0,0,0,0,0,0,,0
00-0034829,Mike Gesicki,TE,2024,15,REG,2024_15_CIN_TEN,CIN,TEN,0,0,0,0,0,0,0,0,0,0,0,0,3,4,37,0,2,0,0,0,,0,0,0,0,0,0,0,0,0,0,0,,0
00-0034834,Sam Hubbard,DE,2024,15,REG,2024_15_CIN_TEN,CIN,TEN,0,0,0,0,0,0,0,0,0,0,0,0,1,1,2,1,1,0,0,0,,0,0,0,0,0,0,0,0,0,0,0,,0
00-0034837,Calvin Ridley,WR,2024,15,REG,2024_15_CIN_TEN,TEN,CIN,0,0,0,0,0,0,0,1,19,0,1,0,3,5,41,0,2,0,0,0,,0,0,0,0,0,0,0,0,0,0,0,,0
00-0034844,Saquon Barkley,RB,2024,15,REG,2024_15_PIT_PHI,PHI,PIT,0,0,0,0,0,0,0,19,65,0,4,0,2,2,9,0,0,0,0,0,,0,0,0,0,0,0,0,0,0,0,0,,0
00-0034855,Baker Mayfield,QB,2024,15,REG,2024_15_TB_LAC,TB,LAC,22,27,288,4,1,1,-5,2,25,0,1,0,0,0,0,0,0,0,0,0,,0,0,0,0,0,0,0,0,0,0,0,,0
00-0034857,Josh Allen,QB,2024,15,REG,2024_15_BUF_DET,BUF,DET,23,34,362,2,0,0,0,11,68,2,6,0,0,0,0,0,0,0,0,0,,0,0,0,0,0,0,0,0,0,0,0,,0
00-0034860,Dante Pettis,WR,2024,15,REG,2024_15_WAS_NO,NO,WAS,0,0,0,0,0,0,0,0,0,0,0,0,2,5,24,0,2,0,0,0,,0,0,0,0,0,0,0,0,0,0,0,,0
00-0034869,Sam Darnold,QB,2024,15,REG,2024_15_CHI_MIN,MIN,CHI,24,40,231,1,1,2,-16,0,0,0,0,0,0,0,0,0,0,0,0,0,,0,0,0,0,0,0,0,0,0,0,0,,0
00-0034960,Jakobi Meyers,WR,2024,15,REG,2024_15_ATL_LV,LV,ATL,0,0,0,0,0,1,-10,0,0,0,0,0,5,9,59,0,3,0,0,0,,0,0,0,0,0,0,0,0,0,0,0,,0
00-0034972,Alexander Mattison,RB,2024,15,REG,2024_15_ATL_LV,LV,ATL,0,0,0,0,0,0,0,7,21,0,2,1,2,4,3,0,0,0,0,0,,0,0,0,0,0,0,0,0,0,0,0,,0
00-0034975,Justice Hill,RB,2024,15,REG,2024_15_BAL_NYG,BAL,NYG,0,0,0,0,0,0,0,2,7,0,1,0,5,5,61,1,3,0,0,0,,0,0,0,0,0,0,0,0,0,0,0,,0
00-0034981,Foster Moreau,TE,2024,15,REG,2024_15_WAS_NO,NO,WAS,0,0,0,0,0,0,0,0,0,0,0,0,4,4,39,1,4,0,0,0,,0,0,0,0,0,0,0,0,0,0,0,,0
00-0035042,Jamie Gillan,P,2024,15,REG,2024_15_BAL_NYG,NYG,BAL,0,0,0,0,0,0,0,0,0,0,0,0,0,0,0,0,0,0,0,0,,0,0,0,0,0,0,0,0,3,118,96,51,1
00-0035156,Jack Fox,P,2024,15,REG,2024_15_BUF_DET,DET,BUF,0,0,0,0,0,0,0,0,0,0,0,0,0,0,0,0,0,0,0,0,,0,0,0,0,0,0,0,0,3,167,147,60,1
00-0035190,AJ Cole,P,2024,15,REG,2024_15_ATL_LV,LV,ATL,0,0,0,0,0,0,0,0,0,0,0,0,0,0,0,0,0,0,0,0,,0,0,0,0,0,0,0,0,4,159,147,47,1
00-0035192,Joey Slye,K,2024,15,REG,2024_15_NE_ARI,NE,ARI,0,0,0,0,0,0,0,0,0,0,0,0,0,0,0,0,0,0,1,2,50,0,0,0,0,1,0,2,2,0,0,0,,0
00-0035208,Olamide Zaccheaus,WR,2024,15,REG,2024_15_WAS_NO,WAS,NO,0,0,0,0,0,0,0,0,0,0,0,0,3,4,36,0,2,0,0,0,,0,0,0,0,0,0,0,0,0,0,0,,0
00-0035228,Kyler Murray,QB,2024,15,REG,2024_15_NE_ARI,ARI,NE,23,30,224,0,0,0,0,5,11,0,0,0,0,0,0,0,0,0,0,0,,0,0,0,0,0,0,0,0,0,0,0,,0
00-0035229,T.J. Hockenson,TE,2024,15,REG,2024_15_CHI_MIN,MIN,CHI,0,0,0,0,0,0,0,0,0,0,0,0,5,7,52,0,4,0,0,0,,0,0,0,0,0,0,0,0,0,0,0,,0
00-0035250,Devin Singletary,RB,2024,15,REG,2024_15_BAL_NYG,NYG,BAL,0,0,0,0,0,0,0,8,25,1,1,0,3,3,16,0,0,0,0,0,,0,0,0,0,0,0,0,0,0,0,0,,0
00-0035261,Tony Pollard,RB,2024,15,REG,2024_15_CIN_TEN,TEN,CIN,0,0,0,0,0,0,0,17,45,1,4,1,0,0,0,0,0,0,0,0,,0,0,0,0,0,0,0,0,0,0,0,,0
00-0035269,Matt Gay,K,2024,15,REG,2024_15_IND_DEN,IND,DEN,0,0,0,0,0,0,0,0,0,0,0,0,0,0,0,0,0,0,2,2,49,0,0,1,1,0,0,1,1,0,0,0,,0
00-0035280,Jake Bailey,P,2024,15,REG,2024_15_MIA_HOU,MIA,HOU,0,0,0,0,0,0,0,0,0,0,0,0,0,0,0,0,0,0,0,0,,0,0,0,0,0,0,0,0,3,181,136,64,1
00-0035298,Scott Miller,WR,2024,15,REG,2024_15_PIT_PHI,PIT,PHI,0,0,0,0,0,0,0,0,0,0,0,0,0,1,0,0,0,0,0,0,,0,0,0,0,0,0,0,0,0,0,0,,0
00-0035358,Chase McLaughlin,K,2024,15,REG,2024_15_TB_LAC,TB,LAC,0,0,0,0,0,0,0,0,0,0,0,0,0,0,0,0,0,0,4,4,43,0,1,1,2,0,0,4,4,0,0,0,,0
00-0035406,Lil'Jordan Humphrey,WR,2024,15,REG,2024_15_IND_DEN,DEN,IND,0,0,0,0,0,0,0,0,0,0,0,0,0,1,0,0,0,0,0,0,,0,0,0,0,0,0,0,0,0,0,0,,0
00-0035500,Greg Dortch,WR,2024,15,REG,2024_15_NE_ARI,ARI,NE,0,0,0,0,0,0,0,1,6,0,1,0,3,3,60,0,2,0,0,0,,0,0,0,0,0,0,0,0,0,0,0,,0
00-0035535,Darius Slayton,WR,2024,15,REG,2024_15_BAL_NYG,NYG,BAL,0,0,0,0,0,0,0,0,0,0,0,0,1,1,16,0,1,0,0,0,,0,0,0,0,0,0,0,0,0,0,0,,0
00-0035537,Ty Johnson,RB,2024,15,REG,2024_15_BUF_DET,BUF,DET,0,0,0,0,0,0,0,2,9,0,0,0,5,5,114,0,5,0,0,0,,0,0,0,0,0,0,0,0,0,0,0,,0
00-0035594,Travis Homer,RB,2024,15,REG,2024_15_CHI_MIN,CHI,MIN,0,0,0,0,0,0,0,3,7,0,1,0,0,0,0,0,0,0,0,0,,0,0,0,0,0,0,0,0,0,0,0,,0
00-0035631,Drew Sample,TE,2024,15,REG,2024_15_CIN_TEN,CIN,TEN,0,0,0,0,0,0,0,0,0,0,0,0,1,1,8,0,1,0,0,0,,0,0,0,0,0,0,0,0,0,0,0,,0
00-0035640,DK Metcalf,WR,2024,15,REG,2024_15_GB_SEA,SEA,GB,0,0,0,0,0,0,0,0,0,0,0,0,3,3,28,0,1,0,0,0,,0,0,0,0,0,0,0,0,0,0,0,,0
00-0035644,Noah Fant,TE,2024,15,REG,2024_15_GB_SEA,SEA,GB,0,0,0,0,0,0,0,0,0,0,0,0,3,7,15,0,0,0,0,0,,0,0,0,0,0,0,0,0,0,0,0,,0
00-0035659,Terry McLaurin,WR,2024,15,REG,2024_15_WAS_NO,WAS,NO,0,0,0,0,0,0,0,0,0,0,0,0,7,10,73,2,5,0,0,0,,0,0,0,0,0,0,0,0,0,0,0,,0
00-0035676,A.J. Brown,WR,2024,15,REG,2024_15_PIT_PHI,PHI,PIT,0,0,0,0,0,0,0,0,0,0,0,0,8,11,110,1,5,0,0,0,,0,0,0,0,0,0,0,0,0,0,0,,0
00-0035685,David Montgomery,RB,2024,15,REG,2024_15_BUF_DET,DET,BUF,0,0,0,0,0,0,0,5,4,0,0,0,4,4,31,0,2,0,0,0,,0,0,0,0,0,0,0,0,0,0,0,,0
00-0035689,Dawson Knox,TE,2024,15,REG,2024_15_BUF_DET,BUF,DET,0,0,0,0,0,0,0,0,0,0,0,0,2,3,42,0,1,0,0,0,,0,0,0,0,0,0,0,0,0,0,0,,0
00-0035700,Josh Jacobs,RB,2024,15,REG,2024_15_GB_SEA,GB,SEA,0,0,0,0,0,0,0,26,94,1,5,1,4,4,42,0,2,0,0,0,,0,0,0,0,0,0,0,0,0,0,0,,0
00-0035719,Deebo Samuel Sr.,WR,2024,15,REG,2024_15_LA_SF,SF,LA,0,0,0,0,0,0,0,2,3,0,0,0,3,7,16,0,0,0,0,0,,0,0,0,0,0,0,0,0,0,0,0,,0
00-0035821,Corliss Waitman,P,2024,15,REG,2024_15_PIT_PHI,PIT,PHI,0,0,0,0,0,0,0,0,0,0,0,0,0,0,0,0,0,0,0,0,,0,0,0,0,0,0,0,0,5,215,186,49,2
00-0035889,Tommy Townsend,P,2024,15,REG,2024_15_MIA_HOU,HOU,MIA,0,0,0,0,0,0,0,0,0,0,0,0,0,0,0,0,0,0,0,0,,0,0,0,0,0,0,0,0,5,250,226,58,1
00-0036040,Juwan Johnson,TE,2024,15,REG,2024_15_WAS_NO,NO,WAS,0,0,0,0,0,0,0,0,0,0,0,0,2,3,12,0,0,0,0,0,,0,0,0,0,0,0,0,0,0,0,0,,0
00-0036139,Rico Dowdle,RB,2024,15,REG,2024_15_DAL_CAR,DAL,CAR,0,0,0,0,0,0,0,25,149,0,7,0,0,0,0,0,0,0,0,0,,0,0,0,0,0,0,0,0,0,0,0,,0
00-0036162,Tyler Bass,K,2024,15,REG,2024_15_BUF_DET,BUF,DET,0,0,0,0,0,0,0,0,0,0,0,0,0,0,0,0,0,0,2,3,50,0,0,0,1,1,0,6,6,0,0,0,,0
00-0036176,Mason Kinsey,WR,2024,15,REG,2024_15_CIN_TEN,TEN,CIN,0,0,0,0,0,0,0,0,0,0,0,0,1,1,11,0,1,0,0,0,,0,0,0,0,0,0,0,0,0,0,0,,0
00-0036182,Nick Westbrook-Ikhine,WR,2024,15,REG,2024_15_CIN_TEN,TEN,CIN,0,0,0,0,0,0,0,0,0,0,0,0,2,3,9,0,2,0,0,0,,0,0,0,0,0,0,0,0,0,0,0,,0
00-0036212,Tua Tagovailoa,QB,2024,15,REG,2024_15_MIA_HOU,MIA,HOU,29,40,196,1,3,3,-24,0,0,0,0,0,0,0,0,0,0,0,0,0,,0,0,0,0,0,0,0,0,0,0,0,,0
00-0036223,Jonathan Taylor,RB,2024,15,REG,2024_15_IND_DEN,IND,DEN,0,0,0,0,0,0,0,22,107,0,4,1,1,2,4,0,0,0,0,0,,0,0,0,0,0,0,0,0,0,0,0,,0
00-0036244,Colby Parkinson,TE,2024,15,REG,2024_15_LA_SF,LA,SF,0,0,0,0,0,0,0,0,0,0,0,0,2,5,21,0,1,0,0,0,,0,0,0,0,0,0,0,0,0,0,0,,0
00-0036252,Michael Pittman,WR,2024,15,REG,2024_15_IND_DEN,IND,DEN,0,0,0,0,0,0,0,0,0,0,0,0,6,9,58,0,3,1,0,0,,0,0,0,0,0,0,0,0,0,0,0,,0
00-0036259,Jauan Jennings,WR,2024,15,REG,2024_15_LA_SF,SF,LA,0,0,0,0,0,0,0,0,0,0,0,0,2,9,31,0,2,0,0,0,,0,0,0,0,0,0,0,0,0,0,0,,0
00-0036264,Jordan Love,QB,2024,15,REG,2024_15_GB_SEA,GB,SEA,20,27,229,2,0,0,0,1,4,0,0,0,0,0,0,0,0,0,0,0,,0,0,0,0,0,0,0,0,0,0,0,,0
00-0036275,D'Andre Swift,RB,2024,15,REG,2024_15_CHI_MIN,CHI,MIN,0,0,0,0,0,0,0,19,79,0,5,0,1,1,10,0,1,0,0,0,,0,0,0,0,0,0,0,0,0,0,0,,0
00-0036290,Cole Kmet,TE,2024,15,REG,2024_15_CHI_MIN,CHI,MIN,0,0,0,0,0,0,0,0,0,0,0,0,1,1,14,0,1,0,0,0,,0,0,0,0,0,0,0,0,0,0,0,,0
00-0036309,Darnell Mooney,WR,2024,15,REG,2024_15_ATL_LV,ATL,LV,0,0,0,0,0,0,0,0,0,0,0,0,0,1,0,0,0,0,0,0,,0,0,0,0,0,0,0,0,0,0,0,,0
00-0036313,Braden Mann,P,2024,15,REG,2024_15_PIT_PHI,PHI,PIT,0,0,0,0,0,0,0,0,0,0,0,0,0,0,0,0,0,0,0,0,,0,0,0,0,0,0,0,0,1,29,29,29,0
00-0036322,Justin Jefferson,WR,2024,15,REG,2024_15_CHI_MIN,MIN,CHI,0,0,0,0,0,0,0,0,0,0,0,0,7,14,73,1,3,0,0,0,,0,0,0,0,0,0,0,0,0,0,0,,0
00-0036328,Antonio Gibson,RB,2024,15,REG,2024_15_NE_ARI,NE,ARI,0,0,0,0,0,0,0,7,33,0,1,0,2,2,31,0,2,0,0,0,,0,0,0,0,0,0,0,0,0,0,0,,0
00-0036329,Ashtyn Davis,SAF,2024,15,REG,2024_15_NYJ_JAX,NYJ,JAX,0,0,0,0,0,0,0,1,21,0,1,0,0,0,0,0,0,0,0,0,,0,0,0,0,0,0,0,0,0,0,0,,0
00-0036331,Devin Duvernay,WR,2024,15,REG,2024_15_NYJ_JAX,JAX,NYJ,0,0,0,0,0,0,0,0,0,0,0,0,3,4,42,0,2,0,0,0,,0,0,0,0,0,0,0,0,0,0,0,,0
00-0036355,Justin Herbert,QB,2024,15,REG,2024_15_TB_LAC,LAC,TB,21,33,195,2,1,3,-25,0,0,0,0,0,0,0,0,0,0,0,0,0,,0,0,0,0,0,0,0,0,0,0,0,,0
00-0036358,CeeDee Lamb,WR,2024,15,REG,2024_15_DAL_CAR,DAL,CAR,0,0,0,0,0,0,0,0,0,0,0,0,9,13,116,1,6,0,0,0,,0,0,0,0,0,0,0,0,0,0,0,,0
00-0036389,Jalen Hurts,QB,2024,15,REG,2024_15_PIT_PHI,PHI,PIT,25,32,290,2,0,3,-20,15,45,1,5,1,0,0,0,0,0,0,0,0,,0,0,0,0,0,0,0,0,0,0,0,,0
00-0036407,Jerry Jeudy,WR,2024,15,REG,2024_15_KC_CLE,CLE,KC,0,0,0,0,0,0,0,0,0,0,0,0,11,14,108,0,6,0,0,0,,0,0,0,0,0,0,0,0,0,0,0,,0
00-0036410,Tee Higgins,WR,2024,15,REG,2024_15_CIN_TEN,CIN,TEN,0,0,0,0,0,0,0,0,0,0,0,0,5,8,88,1,3,0,0,0,,0,0,0,0,0,0,0,0,0,0,0,,0
00-0036414,Cam Akers,RB,2024,15,REG,2024_15_CHI_MIN,MIN,CHI,0,0,0,0,0,0,0,10,24,1,3,0,0,0,0,0,0,0,0,0,,0,0,0,0,0,0,0,0,0,0,0,,0
00-0036415,Van Jefferson,WR,2024,15,REG,2024_15_PIT_PHI,PIT,PHI,0,0,0,0,0,0,0,0,0,0,0,0,1,2,0,0,0,0,0,0,,0,0,0,0,0,0,0,0,0,0,0,,0
00-0036422,Adam Trautman,TE,2024,15,REG,2024_15_IND_DEN,DEN,IND,0,0,0,0,0,0,0,0,0,0,0,0,2,2,20,1,1,0,0,0,,0,0,0,0,0,0,0,0,0,0,0,,0
00-0036425,DeeJay Dallas,RB,2024,15,REG,2024_15_NE_ARI,ARI,NE,0,0,0,0,0,0,0,4,15,0,2,0,0,0,0,0,0,0,0,0,,0,0,0,0,0,0,0,0,0,0,0,,0
00-0036429,Charlie Woerner,TE,2024,15,REG,2024_15_ATL_LV,ATL,LV,0,0,0,0,0,0,0,0,0,0,0,0,2,3,7,0,0,0,0,0,,0,0,0,0,0,0,0,0,0,0,0,,0
00-0036442,Joe Burrow,QB,2024,15,REG,2024_15_CIN_TEN,CIN,TEN,26,37,271,3,2,1,-2,0,0,0,0,0,0,0,0,0,0,0,0,0,,0,0,0,0,0,0,0,0,0,0,0,,0
00-0036550,Rashod Bateman,WR,2024,15,REG,2024_15_BAL_NYG,BAL,NYG,0,0,0,0,0,0,0,0,0,0,0,0,3,5,80,2,3,0,0,0,,0,0,0,0,0,0,0,0,0,0,0,,0
00-0036554,Nico Collins,WR,2024,15,REG,2024_15_MIA_HOU,HOU,MIA,0,0,0,0,0,0,0,0,0,0,0,0,4,6,17,2,2,0,0,0,,0,0,0,0,0,0,0,0,0,0,0,,0
00-0036555,Chuba Hubbard,RB,2024,15,REG,2024_15_DAL_CAR,CAR,DAL,0,0,0,0,0,0,0,10,32,0,2,0,4,4,17,0,3,0,0,0,,0,0,0,0,0,0,0,0,0,0,0,,0
00-0036613,Jaylen Waddle,WR,2024,15,REG,2024_15_MIA_HOU,MIA,HOU,0,0,0,0,0,0,0,0,0,0,0,0,0,2,0,0,0,0,0,0,,0,0,0,0,0,0,0,0,0,0,0,,0
00-0036626,Dyami Brown,WR,2024,15,REG,2024_15_WAS_NO,WAS,NO,0,0,0,0,0,0,0,0,0,0,0,0,3,4,30,0,1,0,0,0,,0,0,0,0,0,0,0,0,0,0,0,,0
00-0036628,John Bates,TE,2024,15,REG,2024_15_WAS_NO,WAS,NO,0,0,0,0,0,0,0,0,0,0,0,0,1,1,6,0,1,0,0,0,,0,0,0,0,0,0,0,0,0,0,0,,0
00-0036630,Tylan Wallace,WR,2024,15,REG,2024_15_BAL_NYG,BAL,NYG,0,0,0,0,0,0,0,0,0,0,0,0,1,1,8,0,0,0,0,0,,0,0,0,0,0,0,0,0,0,0,0,,0
00-0036637,Noah Gray,TE,2024,15,REG,2024_15_KC_CLE,KC,CLE,0,0,0,0,0,0,0,0,0,0,0,0,2,5,21,1,2,0,0,0,,0,0,0,0,0,0,0,0,0,0,0,,0
00-0036816,Riley Patterson,K,2024,15,REG,2024_15_KC_CLE,CLE,KC,0,0,0,0,0,0,0,0,0,0,0,0,0,0,0,0,0,0,0,0,,0,0,0,0,0,0,1,1,0,0,0,,0
00-0036849,Tutu Atwell,WR,2024,15,REG,2024_15_LA_SF,LA,SF,0,0,0,0,0,0,0,0,0,0,0,0,1,2,6,0,0,0,0,0,,0,0,0,0,0,0,0,0,0,0,0,,0
00-0036862,Ben Skowronek,WR,2024,15,REG,2024_15_PIT_PHI,PIT,PHI,0,0,0,0,0,0,0,0,0,0,0,0,1,1,17,0,1,0,0,0,,0,0,0,0,0,0,0,0,0,0,0,,0
00-0036875,Rhamondre Stevenson,RB,2024,15,REG,2024_15_NE_ARI,NE,ARI,0,0,0,0,0,0,0,13,69,0,5,0,1,1,16,0,1,0,0,0,,0,0,0,0,0,0,0,0,0,0,0,,0
00-0036876,Kylen Granson,TE,2024,15,REG,2024_15_IND_DEN,IND,DEN,0,0,0,0,0,0,0,0,0,0,0,0,3,4,47,0,3,0,0,0,,0,0,0,0,0,0,0,0,0,0,0,,0
00-0036893,Najee Harris,RB,2024,15,REG,2024_15_PIT_PHI,PIT,PHI,0,0,0,0,0,0,0,6,14,0,1,0,1,1,7,0,0,0,0,0,,0,0,0,0,0,0,0,0,0,0,0,,0
00-0036894,Pat Freiermuth,TE,2024,15,REG,2024_15_PIT_PHI,PIT,PHI,0,0,0,0,0,0,0,0,0,0,0,0,3,6,22,1,2,0,0,0,,0,0,0,0,0,0,0,0,0,0,0,,0
00-0036900,Ja'Marr Chase,WR,2024,15,REG,2024_15_CIN_TEN,CIN,TEN,0,0,0,0,0,0,0,0,0,0,0,0,9,11,94,0,3,0,0,0,,0,0,0,0,0,0,0,0,0,0,0,,0
00-0036906,Khalil Herbert,RB,2024,15,REG,2024_15_CIN_TEN,CIN,TEN,0,0,0,0,0,0,0,1,4,0,0,0,0,0,0,0,0,0,0,0,,0,0,0,0,0,0,0,0,0,0,0,,0
00-0036912,DeVonta Smith,WR,2024,15,REG,2024_15_PIT_PHI,PHI,PIT,0,0,0,0,0,0,0,1,1,0,0,0,11,12,109,1,6,0,0,0,,0,0,0,0,0,0,0,0,0,0,0,,0
00-0036919,Kenny Gainwell,RB,2024,15,REG,2024_15_PIT_PHI,PHI,PIT,0,0,0,0,0,0,0,7,20,0,1,0,3,3,40,0,3,0,0,0,,0,0,0,0,0,0,0,0,0,0,0,,0
00-0036945,Justin Fields,QB,2024,15,REG,2024_15_PIT_PHI,PIT,PHI,0,0,0,0,0,0,0,1,8,0,0,0,0,0,0,0,0,0,0,0,,0,0,0,0,0,0,0,0,0,0,0,,0
00-0036955,Terrace Marshall Jr.,WR,2024,15,REG,2024_15_ATL_LV,LV,ATL,0,0,0,0,0,0,0,0,0,0,0,0,1,1,7,0,0,0,0,0,,0,0,0,0,0,0,0,0,0,0,0,,0
00-0036963,Amon-Ra St. Brown,WR,2024,15,REG,2024_15_BUF_DET,DET,BUF,0,0,0,0,0,0,0,0,0,0,0,0,14,18,193,1,8,1,0,0,,0,0,0,0,0,0,0,0,0,0,0,,0
00-0036970,Kyle Pitts,TE,2024,15,REG,2024_15_ATL_LV,ATL,LV,0,0,0,0,0,0,0,0,0,0,0,0,4,4,28,0,1,0,0,0,,0,0,0,0,0,0,0,0,0,0,0,,0
00-0036972,Mac Jones,QB,2024,15,REG,2024_15_NYJ_JAX,JAX,NYJ,31,46,294,2,2,2,-9,4,29,0,3,0,0,0,0,0,0,0,0,0,,0,0,0,0,0,0,0,0,0,0,0,,0
00-0036973,Travis Etienne,RB,2024,15,REG,2024_15_NYJ_JAX,JAX,NYJ,0,0,0,0,0,0,0,14,65,0,4,0,4,5,20,0,1,0,0,0,,0,0,0,0,0,0,0,0,0,0,0,,0
00-0036980,Elijah Moore,WR,2024,15,REG,2024_15_KC_CLE,CLE,KC,0,0,0,0,0,0,0,0,0,0,0,0,2,6,-1,0,0,0,0,0,,0,0,0,0,0,0,0,0,0,0,0,,0
00-0036984,Trey Sermon,RB,2024,15,REG,2024_15_IND_DEN,IND,DEN,0,0,0,0,0,0,0,1,3,0,0,0,2,2,9,0,0,0,0,0,,0,0,0,0,0,0,0,0,0,0,0,,0
00-0036988,Josh Palmer,WR,2024,15,REG,2024_15_TB_LAC,LAC,TB,0,0,0,0,0,0,0,0,0,0,0,0,2,3,10,0,0,0,0,0,,0,0,0,0,0,0,0,0,0,0,0,,0
00-0036997,Javonte Williams,RB,2024,15,REG,2024_15_IND_DEN,DEN,IND,0,0,0,0,0,0,0,6,15,0,0,0,2,3,8,0,0,0,0,0,,0,0,0,0,0,0,0,0,0,0,0,,0
00-0037004,Hunter Long,TE,2024,15,REG,2024_15_LA_SF,LA,SF,0,0,0,0,0,0,0,0,0,0,0,0,2,2,17,0,1,0,0,0,,0,0,0,0,0,0,0,0,0,0,0,,0
00-0037005,Tommy Tremble,TE,2024,15,REG,2024_15_DAL_CAR,CAR,DAL,0,0,0,0,0,0,0,0,0,0,0,0,2,2,15,0,0,0,0,0,,0,0,0,0,0,0,0,0,0,0,0,,0
00-0037077,Sam Howell,QB,2024,15,REG,2024_15_GB_SEA,SEA,GB,5,14,24,0,1,4,-21,1,2,0,0,0,0,0,0,0,0,0,0,0,,0,0,0,0,0,0,0,0,0,0,0,,0
00-0037086,Grant Calcaterra,TE,2024,15,REG,2024_15_PIT_PHI,PHI,PIT,0,0,0,0,0,0,0,0,0,0,0,0,1,1,22,0,1,0,0,0,,0,0,0,0,0,0,0,0,0,0,0,,0
00-0037120,Tyler Goodson,RB,2024,15,REG,2024_15_IND_DEN,IND,DEN,0,0,0,0,0,0,0,1,3,0,1,0,0,0,0,0,0,0,0,0,,0,0,0,0,0,0,0,0,0,0,0,,0
00-0037197,Isiah Pacheco,RB,2024,15,REG,2024_15_KC_CLE,KC,CLE,0,0,0,0,0,0,0,13,32,0,0,0,1,1,15,0,1,0,0,0,,0,0,0,0,0,0,0,0,0,0,0,,0
00-0037224,Cameron Dicker,K,2024,15,REG,2024_15_TB_LAC,LAC,TB,0,0,0,0,0,0,0,0,0,0,0,0,0,0,0,0,0,0,1,1,41,0,0,0,1,0,0,2,2,0,0,0,,0
00-0037228,Jaylen Warren,RB,2024,15,REG,2024_15_PIT_PHI,PIT,PHI,0,0,0,0,0,0,0,4,12,0,0,0,1,2,3,0,0,0,0,0,,0,0,0,0,0,0,0,0,0,0,0,,0
00-0037231,Kevin Austin Jr.,WR,2024,15,REG,2024_15_WAS_NO,NO,WAS,0,0,0,0,0,0,0,0,0,0,0,0,1,3,8,0,1,0,0,0,,0,0,0,0,0,0,0,0,0,0,0,,0
00-0037238,Drake London,WR,2024,15,REG,2024_15_ATL_LV,ATL,LV,0,0,0,0,0,0,0,0,0,0,0,0,3,3,53,1,3,0,0,0,,0,0,0,0,0,0,0,0,0,0,0,,0
00-0037240,Jameson Williams,WR,2024,15,REG,2024_15_BUF_DET,DET,BUF,0,0,0,0,0,0,0,0,0,0,0,0,3,5,37,1,3,0,0,0,,0,0,0,0,0,0,0,0,0,0,0,,0
00-0037248,James Cook,RB,2024,15,REG,2024_15_BUF_DET,BUF,DET,0,0,0,0,0,0,0,14,105,2,4,0,1,1,28,0,1,0,0,0,,0,0,0,0,0,0,0,0,0,0,0,,0
00-0037253,Marcus Jones,CB,2024,15,REG,2024_15_NE_ARI,NE,ARI,0,0,0,0,0,0,0,0,0,0,0,0,1,1,18,0,1,0,0,0,,0,0,0,0,0,0,0,0,0,0,0,,0
00-0037256,Rachaad White,RB,2024,15,REG,2024_15_TB_LAC,TB,LAC,0,0,0,0,0,0,0,15,64,0,3,1,2,2,17,1,1,0,0,0,,0,0,0,0,0,0,0,0,0,0,0,,0
00-0037261,Khalil Shakir,WR,2024,15,REG,2024_15_BUF_DET,BUF,DET,0,0,0,0,0,0,0,0,0,0,0,0,6,7,39,1,3,0,0,0,,0,0,0,0,0,0,0,0,0,0,0,,0
00-0037263,Tyler Allgeier,RB,2024,15,REG,2024_15_ATL_LV,ATL,LV,0,0,0,0,0,0,0,12,43,0,2,0,0,0,0,0,0,0,0,0,,0,0,0,0,0,0,0,0,0,0,0,,0
00-0037267,Jerome Ford,RB,2024,15,REG,2024_15_KC_CLE,CLE,KC,0,0,0,0,0,0,0,7,84,1,2,0,2,2,20,0,1,0,0,0,,0,0,0,0,0,0,0,0,0,0,0,,0
00-0037276,Ty Chandler,RB,2024,15,REG,2024_15_CHI_MIN,MIN,CHI,0,0,0,0,0,0,0,1,4,0,0,0,0,0,0,0,0,0,0,0,,0,0,0,0,0,0,0,0,0,0,0,,0
00-0037284,Matt Araiza,P,2024,15,REG,2024_15_KC_CLE,KC,CLE,0,0,0,0,0,0,0,0,0,0,0,0,0,0,0,0,0,0,0,0,,0,0,0,0,0,0,0,0,9,399,365,58,2
00-0037291,Jalen Nailor,WR,2024,15,REG,2024_15_CHI_MIN,MIN,CHI,0,0,0,0,0,0,0,0,0,0,0,0,1,1,5,0,1,0,0,0,,0,0,0,0,0,0,0,0,0,0,0,,0
00-0037300,Mike Woods,WR,2024,15,REG,2024_15_KC_CLE,CLE,KC,0,0,0,0,0,0,0,0,0,0,0,0,2,3,7,0,0,0,0,0,,0,0,0,0,0,0,0,0,0,0,0,,0
00-0037475,Stone Smartt,TE,2024,15,REG,2024_15_TB_LAC,LAC,TB,0,0,0,0,0,0,0,0,0,0,0,0,5,6,50,0,2,1,0,0,,0,0,0,0,0,0,0,0,0,0,0,,0
00-0037500,Ryan Wright,P,2024,15,REG,2024_15_CHI_MIN,MIN,CHI,0,0,0,0,0,0,0,0,0,0,0,0,0,0,0,0,0,0,0,0,,0,0,0,0,0,0,0,0,2,104,96,55,0
00-0037509,Sincere McCormick,RB,2024,15,REG,2024_15_ATL_LV,LV,ATL,0,0,0,0,0,0,0,7,8,0,1,0,2,2,17,0,1,0,0,0,,0,0,0,0,0,0,0,0,0,0,0,,0
00-0037539,Lucas Krull,TE,2024,15,REG,2024_15_IND_DEN,DEN,IND,0,0,0,0,0,0,0,0,0,0,0,0,2,2,8,0,0,0,0,0,,0,0,0,0,0,0,0,0,0,0,0,,0
00-0037547,Daniel Whelan,P,2024,15,REG,2024_15_GB_SEA,GB,SEA,0,0,0,0,0,0,0,0,0,0,0,0,0,0,0,0,0,0,0,0,,0,0,0,0,0,0,0,0,4,170,158,51,1
00-0037607,Ryan Stonehouse,P,2024,15,REG,2024_15_CIN_TEN,TEN,CIN,0,0,0,0,0,0,0,0,0,0,0,0,0,0,0,0,0,0,0,0,,0,0,0,0,0,0,0,0,1,67,52,67,0
00-0037614,John Metchie III,WR,2024,15,REG,2024_15_MIA_HOU,HOU,MIA,0,0,0,0,0,0,0,0,0,0,0,0,2,4,17,0,1,0,0,0,,0,0,0,0,0,0,0,0,0,0,0,,0
00-0037654,Tucker Fisk,TE,2024,15,REG,2024_15_TB_LAC,LAC,TB,0,0,0,0,0,0,0,0,0,0,0,0,1,1,7,0,0,0,0,0,,0,0,0,0,0,0,0,0,0,0,0,,0
00-0037664,Alec Pierce,WR,2024,15,REG,2024_15_IND_DEN,IND,DEN,0,0,0,0,0,0,0,0,0,0,0,0,0,4,0,0,0,0,0,0,,0,0,0,0,0,0,0,0,0,0,0,,0
00-0037666,Jalen Tolbert,WR,2024,15,REG,2024_15_DAL_CAR,DAL,CAR,0,0,0,0,0,0,0,0,0,0,0,0,1,2,11,1,1,0,0,0,,0,0,0,0,0,0,0,0,0,0,0,,0
00-0037692,Brandon Aubrey,K,2024,15,REG,2024_15_DAL_CAR,DAL,CAR,0,0,0,0,0,0,0,0,0,0,0,0,0,0,0,0,0,0,3,4,52,0,0,0,2,1,0,3,3,0,0,0,,0
00-0037740,Garrett Wilson,WR,2024,15,REG,2024_15_NYJ_JAX,NYJ,JAX,0,0,0,0,0,0,0,0,0,0,0,0,3,6,56,1,3,0,0,0,,0,0,0,0,0,0,0,0,0,0,0,,0
00-0037741,Jahan Dotson,WR,2024,15,REG,2024_15_PIT_PHI,PHI,PIT,0,0,0,0,0,0,0,0,0,0,0,0,0,1,0,0,0,0,0,0,,0,0,0,0,0,0,0,0,0,0,0,,0
00-0037744,Trey McBride,TE,2024,15,REG,2024_15_NE_ARI,ARI,NE,0,0,0,0,0,0,0,0,0,0,0,0,9,10,87,0,3,0,0,0,,0,0,0,0,0,0,0,0,0,0,0,,0
00-0037746,Brian Robinson,RB,2024,15,REG,2024_15_WAS_NO,WAS,NO,0,0,0,0,0,0,0,21,65,0,5,0,3,3,22,0,0,0,0,0,,0,0,0,0,0,0,0,0,0,0,0,,0
00-0037801,KaVontae Turpin,WR,2024,15,REG,2024_15_DAL_CAR,DAL,CAR,0,0,0,0,0,0,0,2,27,0,2,0,0,1,0,0,0,0,0,0,,0,0,0,0,0,0,0,0,0,0,0,,0
00-0037805,Jeremy Ruckert,TE,2024,15,REG,2024_15_NYJ_JAX,NYJ,JAX,0,0,0,0,0,0,0,0,0,0,0,0,1,3,12,0,1,0,0,0,,0,0,0,0,0,0,0,0,0,0,0,,0
00-0037809,Chig Okonkwo,TE,2024,15,REG,2024_15_CIN_TEN,TEN,CIN,0,0,0,0,0,0,0,0,0,0,0,0,8,10,59,0,2,0,0,0,,0,0,0,0,0,0,0,0,0,0,0,,0
00-0037816,Romeo Doubs,WR,2024,15,REG,2024_15_GB_SEA,GB,SEA,0,0,0,0,0,0,0,0,0,0,0,0,3,5,40,2,2,0,0,0,,0,0,0,0,0,0,0,0,0,0,0,,0
00-0037834,Brock Purdy,QB,2024,15,REG,2024_15_LA_SF,SF,LA,14,31,142,0,1,3,-14,1,3,0,1,0,0,0,0,0,0,0,0,0,,0,0,0,0,0,0,0,0,0,0,0,,0
00-0037837,Calvin Austin III,WR,2024,15,REG,2024_15_PIT_PHI,PIT,PHI,0,0,0,0,0,0,0,0,0,0,0,0,5,5,65,0,2,0,0,0,,0,0,0,0,0,0,0,0,0,0,0,,0
00-0037838,Isaiah Likely,TE,2024,15,REG,2024_15_BAL_NYG,BAL,NYG,0,0,0,0,0,0,0,0,0,0,0,0,2,2,17,0,1,0,0,0,,0,0,0,0,0,0,0,0,0,0,0,,0
00-0037840,Kyren Williams,RB,2024,15,REG,2024_15_LA_SF,LA,SF,0,0,0,0,0,0,0,29,108,0,5,0,2,2,4,0,0,0,0,0,,0,0,0,0,0,0,0,0,0,0,0,,0
00-0038041,Jake Ferguson,TE,2024,15,REG,2024_15_DAL_CAR,DAL,CAR,0,0,0,0,0,0,0,0,0,0,0,0,2,4,23,0,0,0,0,0,,0,0,0,0,0,0,0,0,0,0,0,,0
00-0038094,Jordan Stout,P,2024,15,REG,2024_15_BAL_NYG,BAL,NYG,0,0,0,0,0,0,0,0,0,0,0,0,0,0,0,0,0,0,0,0,,0,0,0,0,0,0,0,0,2,92,92,50,2
00-0038097,Cade York,K,2024,15,REG,2024_15_CIN_TEN,CIN,TEN,0,0,0,0,0,0,0,0,0,0,0,0,0,0,0,0,0,0,1,1,21,0,1,0,0,0,0,4,5,0,0,0,,0
00-0038115,Daniel Bellinger,TE,2024,15,REG,2024_15_BAL_NYG,NYG,BAL,0,0,0,0,0,0,0,0,0,0,0,0,3,3,35,0,2,0,0,0,,0,0,0,0,0,0,0,0,0,0,0,,0
00-0038117,Wan'Dale Robinson,WR,2024,15,REG,2024_15_BAL_NYG,NYG,BAL,0,0,0,0,0,0,0,0,0,0,0,0,4,9,38,0,2,0,0,0,,0,0,0,0,0,0,0,0,0,0,0,,0
00-0038120,Breece Hall,RB,2024,15,REG,2024_15_NYJ_JAX,NYJ,JAX,0,0,0,0,0,0,0,9,30,1,3,0,2,2,21,0,0,0,0,0,,0,0,0,0,0,0,0,0,0,0,0,,0
00-0038122,Desmond Ridder,QB,2024,15,REG,2024_15_ATL_LV,LV,ATL,23,39,208,1,2,3,-14,5,28,0,2,0,0,0,0,0,0,0,0,0,,0,0,0,0,0,0,0,0,0,0,0,,0
00-0038124,Christian Watson,WR,2024,15,REG,2024_15_GB_SEA,GB,SEA,0,0,0,0,0,0,0,0,0,0,0,0,3,6,56,0,2,0,0,0,,0,0,0,0,0,0,0,0,0,0,0,,0
00-0038129,Cade Otton,TE,2024,15,REG,2024_15_TB_LAC,TB,LAC,0,0,0,0,0,0,0,0,0,0,0,0,2,3,24,0,2,0,0,0,,0,0,0,0,0,0,0,0,0,0,0,,0
00-0038393,Dontayvion Wicks,WR,2024,15,REG,2024_15_GB_SEA,GB,SEA,0,0,0,0,0,0,0,0,0,0,0,0,2,2,14,0,2,0,0,0,,0,0,0,0,0,0,0,0,0,0,0,,0
00-0038394,Will Mallory,TE,2024,15,REG,2024_15_IND_DEN,IND,DEN,0,0,0,0,0,0,0,0,0,0,0,0,0,1,0,0,0,0,0,0,,0,0,0,0,0,0,0,0,0,0,0,,0
00-0038402,Anders Carlson,K,2024,15,REG,2024_15_NYJ_JAX,NYJ,JAX,0,0,0,0,0,0,0,0,0,0,0,0,0,0,0,0,0,0,1,2,43,0,0,0,1,0,0,3,3,0,0,0,,0
00-0038416,Tyson Bagent,QB,2024,15,REG,2024_15_CHI_MIN,CHI,MIN,1,1,5,0,0,0,0,0,0,0,0,0,0,0,0,0,0,0,0,0,,0,0,0,0,0,0,0,0,0,0,0,,0
00-0038476,Tommy DeVito,QB,2024,15,REG,2024_15_BAL_NYG,NYG,BAL,10,13,68,0,0,2,-8,1,0,0,0,0,0,0,0,0,0,0,0,0,,0,0,0,0,0,0,0,0,0,0,0,,0
00-0038507,Grant DuBose,WR,2024,15,REG,2024_15_MIA_HOU,MIA,HOU,0,0,0,0,0,0,0,0,0,0,0,0,1,1,-2,0,0,0,0,0,,0,0,0,0,0,0,0,0,0,0,0,,0
00-0038542,Bijan Robinson,RB,2024,15,REG,2024_15_ATL_LV,ATL,LV,0,0,0,0,0,0,0,22,125,0,5,0,1,2,10,0,1,0,0,0,,0,0,0,0,0,0,0,0,0,0,0,,0
00-0038543,Jaxon Smith-Njigba,WR,2024,15,REG,2024_15_GB_SEA,SEA,GB,0,0,0,0,0,0,0,0,0,0,0,0,10,12,83,0,4,0,0,0,,0,0,0,0,0,0,0,0,0,0,0,,0
00-0038544,Quentin Johnston,WR,2024,15,REG,2024_15_TB_LAC,LAC,TB,0,0,0,0,0,0,0,0,0,0,0,0,5,10,45,1,3,0,0,0,,0,0,0,0,0,0,0,0,0,0,0,,0
00-0038551,Kendre Miller,RB,2024,15,REG,2024_15_WAS_NO,NO,WAS,0,0,0,0,0,0,0,9,46,0,3,0,0,1,0,0,0,0,0,0,,0,0,0,0,0,0,0,0,0,0,0,,0
00-0038555,Tank Bigsby,RB,2024,15,REG,2024_15_NYJ_JAX,JAX,NYJ,0,0,0,0,0,0,0,11,42,0,3,0,0,1,0,0,0,0,0,0,,0,0,0,0,0,0,0,0,0,0,0,,0
00-0038559,Michael Wilson,WR,2024,15,REG,2024_15_NE_ARI,ARI,NE,0,0,0,0,0,0,0,0,0,0,0,0,2,2,9,0,1,0,0,0,,0,0,0,0,0,0,0,0,0,0,0,,0
00-0038562,Jake Moody,K,2024,15,REG,2024_15_LA_SF,SF,LA,0,0,0,0,0,0,0,0,0,0,0,0,0,0,0,0,0,0,2,2,53,0,0,0,1,1,0,0,0,0,0,0,,0
00-0038563,Tre Tucker,WR,2024,15,REG,2024_15_ATL_LV,LV,ATL,0,0,0,0,0,0,0,0,0,0,0,0,2,3,18,0,1,0,0,0,,0,0,0,0,0,0,0,0,0,0,0,,0
00-0038567,Chad Ryland,K,2024,15,REG,2024_15_NE_ARI,ARI,NE,0,0,0,0,0,0,0,0,0,0,0,0,0,0,0,0,0,0,3,3,49,0,0,1,2,0,0,3,3,0,0,0,,0
00-0038582,Clayton Tune,QB,2024,15,REG,2024_15_NE_ARI,ARI,NE,2,2,8,0,0,0,0,1,-1,0,0,0,0,0,0,0,0,0,0,0,,0,0,0,0,0,0,0,0,0,0,0,,0
00-0038583,Dorian Thompson-Robinson,QB,2024,15,REG,2024_15_KC_CLE,CLE,KC,4,9,18,0,1,0,0,3,16,0,2,0,0,0,0,0,0,0,0,0,,0,0,0,0,0,0,0,0,0,0,0,,0
00-0038589,Josh Whyle,TE,2024,15,REG,2024_15_CIN_TEN,TEN,CIN,0,0,0,0,0,0,0,0,0,0,0,0,5,5,37,1,2,0,0,0,,0,0,0,0,0,0,0,0,0,0,0,,0
00-0038597,Chase Brown,RB,2024,15,REG,2024_15_CIN_TEN,CIN,TEN,0,0,0,0,0,0,0,25,97,1,9,0,3,3,16,1,1,0,0,0,,0,0,0,0,0,0,0,0,0,0,0,,0
00-0038606,Parker Washington,WR,2024,15,REG,2024_15_NYJ_JAX,JAX,NYJ,0,0,0,0,0,0,0,0,0,0,0,0,3,6,54,0,2,0,0,0,,0,0,0,0,0,0,0,0,0,0,0,,0
00-0038608,Kayshon Boutte,WR,2024,15,REG,2024_15_NE_ARI,NE,ARI,0,0,0,0,0,0,0,0,0,0,0,0,2,5,19,0,2,0,0,0,,0,0,0,0,0,0,0,0,0,0,0,,0
00-0038610,Bryce Baringer,P,2024,15,REG,2024_15_NE_ARI,NE,ARI,0,0,0,0,0,0,0,0,0,0,0,0,0,0,0,0,0,0,0,0,,0,0,0,0,0,0,0,0,2,110,97,57,1
00-0038611,Chris Rodriguez Jr.,RB,2024,15,REG,2024_15_WAS_NO,WAS,NO,0,0,0,0,0,0,0,1,2,0,0,0,0,0,0,0,0,0,0,0,,0,0,0,0,0,0,0,0,0,0,0,,0
00-0038618,Xavier Hutchinson,WR,2024,15,REG,2024_15_MIA_HOU,HOU,MIA,0,0,0,0,0,0,0,0,0,0,0,0,1,1,13,0,0,0,0,0,,0,0,0,0,0,0,0,0,0,0,0,,0
00-0038619,Andrei Iosivas,WR,2024,15,REG,2024_15_CIN_TEN,CIN,TEN,0,0,0,0,0,0,0,0,0,0,0,0,1,4,5,0,0,0,0,0,,0,0,0,0,0,0,0,0,0,0,0,,0
00-0038621,DeMario Douglas,WR,2024,15,REG,2024_15_NE_ARI,NE,ARI,0,0,0,0,0,0,0,0,0,0,0,0,3,3,11,1,1,0,0,0,,0,0,0,0,0,0,0,0,0,0,0,,0
00-0038636,Kenny McIntosh,RB,2024,15,REG,2024_15_GB_SEA,SEA,GB,0,0,0,0,0,0,0,3,9,0,0,0,0,0,0,0,0,0,0,0,,0,0,0,0,0,0,0,0,0,0,0,,0
00-0038640,Jalen Brooks,WR,2024,15,REG,2024_15_DAL_CAR,DAL,CAR,0,0,0,0,0,0,0,0,0,0,0,0,1,1,17,1,1,0,0,0,,0,0,0,0,0,0,0,0,0,0,0,,0
00-0038685,Chris Brooks,RB,2024,15,REG,2024_15_GB_SEA,GB,SEA,0,0,0,0,0,0,0,1,6,0,1,0,1,1,9,0,0,0,0,0,,0,0,0,0,0,0,0,0,0,0,0,,0
00-0038710,Blake Whiteheart,TE,2024,15,REG,2024_15_KC_CLE,CLE,KC,0,0,0,0,0,0,0,0,0,0,0,0,0,1,0,0,0,0,0,0,,0,0,0,0,0,0,0,0,0,0,0,,0
00-0038752,Jake Bobo,WR,2024,15,REG,2024_15_GB_SEA,SEA,GB,0,0,0,0,0,0,0,0,0,0,0,0,1,1,8,0,1,0,0,0,,0,0,0,0,0,0,0,0,0,0,0,,0
00-0038783,Nate Adkins,TE,2024,15,REG,2024_15_IND_DEN,DEN,IND,0,0,0,0,0,0,0,0,0,0,0,0,1,1,15,1,1,0,0,0,,0,0,0,0,0,0,0,0,0,0,0,,0
00-0038794,Jaleel McLaughlin,RB,2024,15,REG,2024_15_IND_DEN,DEN,IND,0,0,0,0,0,0,0,7,21,0,1,0,3,3,13,0,0,0,0,0,,0,0,0,0,0,0,0,0,0,0,0,,0
00-0038797,Emanuel Wilson,RB,2024,15,REG,2024_15_GB_SEA,GB,SEA,0,0,0,0,0,0,0,3,9,0,1,0,0,0,0,0,0,0,0,0,,0,0,0,0,0,0,0,0,0,0,0,,0
00-0038824,Ryan Miller,WR,2024,15,REG,2024_15_TB_LAC,TB,LAC,0,0,0,0,0,0,0,0,0,0,0,0,1,1,1,0,0,0,0,0,,0,0,0,0,0,0,0,0,0,0,0,,0
00-0038905,Blake Grupe,K,2024,15,REG,2024_15_WAS_NO,NO,WAS,0,0,0,0,0,0,0,0,0,0,0,0,0,0,0,0,0,0,2,2,51,0,0,0,1,1,0,1,1,0,0,0,,0
00-0038933,Dalton Kincaid,TE,2024,15,REG,2024_15_BUF_DET,BUF,DET,0,0,0,0,0,0,0,0,0,0,0,0,4,7,53,0,2,0,0,0,,0,0,0,0,0,0,0,0,0,0,0,,0
00-0038935,Brenton Strange,TE,2024,15,REG,2024_15_NYJ_JAX,JAX,NYJ,0,0,0,0,0,0,0,0,0,0,0,0,11,12,73,0,3,0,0,0,,0,0,0,0,0,0,0,0,0,0,0,,0
00-0038941,Tyler Scott,WR,2024,15,REG,2024_15_CHI_MIN,CHI,MIN,0,0,0,0,0,0,0,0,0,0,0,0,1,1,5,0,0,0,0,0,,0,0,0,0,0,0,0,0,0,0,0,,0
00-0038951,Sean Tucker,RB,2024,15,REG,2024_15_TB_LAC,TB,LAC,0,0,0,0,0,0,0,7,17,0,2,0,0,0,0,0,0,0,0,0,,0,0,0,0,0,0,0,0,0,0,0,,0
00-0038976,Marvin Mims Jr.,WR,2024,15,REG,2024_15_IND_DEN,DEN,IND,0,0,0,0,0,0,0,1,0,0,0,0,4,4,20,0,1,0,0,0,,0,0,0,0,0,0,0,0,0,0,0,,0
00-0038977,Tank Dell,WR,2024,15,REG,2024_15_MIA_HOU,HOU,MIA,0,0,0,0,0,0,0,1,15,0,1,0,2,2,26,0,2,0,0,0,,0,0,0,0,0,0,0,0,0,0,0,,0
00-0038994,Jordan Addison,WR,2024,15,REG,2024_15_CHI_MIN,MIN,CHI,0,0,0,0,0,0,0,0,0,0,0,0,7,9,63,0,3,0,0,0,,0,0,0,0,0,0,0,0,0,0,0,,0
00-0038996,Tucker Kraft,TE,2024,15,REG,2024_15_GB_SEA,GB,SEA,0,0,0,0,0,0,0,0,0,0,0,0,2,2,34,0,1,0,0,0,,0,0,0,0,0,0,0,0,0,0,0,,0
00-0038997,Josh Downs,WR,2024,15,REG,2024_15_IND_DEN,IND,DEN,0,0,0,0,0,0,0,0,0,0,0,0,3,8,32,0,1,0,0,0,,0,0,0,0,0,0,0,0,0,0,0,,0
00-0038998,Jake Haener,QB,2024,15,REG,2024_15_WAS_NO,NO,WAS,4,10,49,0,1,3,-29,1,7,0,0,0,0,0,0,0,0,0,0,0,,0,0,0,0,0,0,0,0,0,0,0,,0
00-0039032,Tyjae Spears,RB,2024,15,REG,2024_15_CIN_TEN,TEN,CIN,0,0,0,0,0,0,0,4,5,1,1,0,6,7,87,1,3,0,0,0,,0,0,0,0,0,0,0,0,0,0,0,,0
00-0039040,De'Von Achane,RB,2024,15,REG,2024_15_MIA_HOU,MIA,HOU,0,0,0,0,0,0,0,12,41,0,2,0,7,7,35,0,2,0,0,0,,0,0,0,0,0,0,0,0,0,0,0,,0
00-0039041,Elijah Higgins,TE,2024,15,REG,2024_15_NE_ARI,ARI,NE,0,0,0,0,0,0,0,0,0,0,0,0,1,1,5,0,0,0,0,0,,0,0,0,0,0,0,0,0,0,0,0,,0
00-0039059,Ethan Evans,P,2024,15,REG,2024_15_LA_SF,LA,SF,0,0,0,0,0,0,0,0,0,0,0,0,0,0,0,0,0,0,0,0,,0,0,0,0,0,0,0,0,6,325,274,68,2
00-0039064,Zay Flowers,WR,2024,15,REG,2024_15_BAL_NYG,BAL,NYG,0,0,0,0,0,0,0,0,0,0,0,0,6,7,53,0,2,0,0,0,,0,0,0,0,0,0,0,0,0,0,0,,0
00-0039065,Sam LaPorta,TE,2024,15,REG,2024_15_BUF_DET,DET,BUF,0,0,0,0,0,0,0,0,0,0,0,0,7,10,111,0,7,0,0,0,,0,0,0,0,0,0,0,0,0,0,0,,0
00-0039066,Michael Mayer,TE,2024,15,REG,2024_15_ATL_LV,LV,ATL,0,0,0,0,0,0,0,0,0,0,0,0,1,2,11,0,1,0,0,0,,0,0,0,0,0,0,0,0,0,0,0,,0
00-0039075,Puka Nacua,WR,2024,15,REG,2024_15_LA_SF,LA,SF,0,0,0,0,0,0,0,2,11,0,0,0,7,8,97,0,2,0,0,0,,0,0,0,0,0,0,0,0,0,0,0,,0
00-0039139,Jahmyr Gibbs,RB,2024,15,REG,2024_15_BUF_DET,DET,BUF,0,0,0,0,0,0,0,8,31,1,2,0,5,7,83,1,4,0,0,0,,0,0,0,0,0,0,0,0,0,0,0,,0
00-0039146,Jayden Reed,WR,2024,15,REG,2024_15_GB_SEA,GB,SEA,0,0,0,0,0,0,0,3,27,0,1,0,5,6,34,0,1,0,0,0,,0,0,0,0,0,0,0,0,0,0,0,,0
00-0039150,Bryce Young,QB,2024,15,REG,2024_15_DAL_CAR,CAR,DAL,19,28,219,1,2,6,-44,3,12,1,1,1,0,0,0,0,0,0,0,0,,0,0,0,0,0,0,0,0,0,0,0,,0
00-0039152,Will Levis,QB,2024,15,REG,2024_15_CIN_TEN,TEN,CIN,8,12,89,0,3,1,-7,2,0,0,1,1,0,0,0,0,0,0,0,0,,0,0,0,0,0,0,0,0,0,0,0,,0
00-0039163,C.J. Stroud,QB,2024,15,REG,2024_15_MIA_HOU,HOU,MIA,18,26,131,2,0,4,-27,6,4,0,1,1,0,0,0,0,0,0,0,0,,0,0,0,0,0,0,0,0,0,0,0,,0
00-0039164,Anthony Richardson,QB,2024,15,REG,2024_15_IND_DEN,IND,DEN,17,38,172,0,2,2,-11,7,46,1,2,0,1,1,-1,0,0,0,0,0,,0,0,0,0,0,0,0,0,0,0,0,,0
00-0039165,Zach Charbonnet,RB,2024,15,REG,2024_15_GB_SEA,SEA,GB,0,0,0,0,0,0,0,8,54,1,3,0,1,4,12,0,0,0,0,0,,0,0,0,0,0,0,0,0,0,0,0,,0
00-0039172,Jake Bates,K,2024,15,REG,2024_15_BUF_DET,DET,BUF,0,0,0,0,0,0,0,0,0,0,0,0,0,0,0,0,0,0,0,1,,0,0,0,0,0,0,6,6,0,0,0,,0
00-0039236,Johnny Wilson,WR,2024,15,REG,2024_15_PIT_PHI,PHI,PIT,0,0,0,0,0,0,0,0,0,0,0,0,0,1,0,0,0,0,0,0,,0,0,0,0,0,0,0,0,0,0,0,,0
00-0039299,George Holani,RB,2024,15,REG,2024_15_GB_SEA,SEA,GB,0,0,0,0,0,0,0,3,10,0,1,0,0,0,0,0,0,0,0,0,,0,0,0,0,0,0,0,0,0,0,0,,0
00-0039323,Ryan Rehkow,P,2024,15,REG,2024_15_CIN_TEN,CIN,TEN,0,0,0,0,0,0,0,0,0,0,0,0,0,0,0,0,0,0,0,0,,0,0,0,0,0,0,0,0,1,36,36,36,1
00-0039337,Malik Nabers,WR,2024,15,REG,2024_15_BAL_NYG,NYG,BAL,0,0,0,0,0,0,0,0,0,0,0,0,10,14,82,1,3,0,0,0,,0,0,0,0,0,0,0,0,0,0,0,,0
00-0039338,Brock Bowers,TE,2024,15,REG,2024_15_ATL_LV,LV,ATL,0,0,0,0,0,0,0,0,0,0,0,0,3,6,35,0,1,0,0,0,,0,0,0,0,0,0,0,0,0,0,0,,0
00-0039342,Xavier Legette,WR,2024,15,REG,2024_15_DAL_CAR,CAR,DAL,0,0,0,0,0,0,0,1,2,0,0,0,2,3,7,0,0,0,0,0,,0,0,0,0,0,0,0,0,0,0,0,,0
00-0039355,Luke McCaffrey,WR,2024,15,REG,2024_15_WAS_NO,WAS,NO,0,0,0,0,0,0,0,0,0,0,0,0,1,1,0,0,0,0,0,0,,0,0,0,0,0,0,0,0,0,0,0,,0
00-0039356,Ja'Tavion Sanders,TE,2024,15,REG,2024_15_DAL_CAR,CAR,DAL,0,0,0,0,0,0,0,0,0,0,0,0,0,1,0,0,0,0,0,0,,0,0,0,0,0,0,0,0,0,0,0,,0
00-0039361,Bucky Irving,RB,2024,15,REG,2024_15_TB_LAC,TB,LAC,0,0,0,0,0,0,0,15,117,0,3,0,2,2,-4,0,0,0,0,0,,0,0,0,0,0,0,0,0,0,0,0,,0
00-0039363,Isaac Guerendo,RB,2024,15,REG,2024_15_LA_SF,SF,LA,0,0,0,0,0,0,0,16,57,0,3,0,4,4,18,0,1,0,0,0,,0,0,0,0,0,0,0,0,0,0,0,,0
00-0039373,Audric Estimé,RB,2024,15,REG,2024_15_IND_DEN,DEN,IND,0,0,0,0,0,0,0,5,13,0,0,0,1,1,5,0,0,0,0,0,,0,0,0,0,0,0,0,0,0,0,0,,0
00-0039376,Spencer Rattler,QB,2024,15,REG,2024_15_WAS_NO,NO,WAS,10,21,135,1,0,0,0,0,0,0,0,0,0,0,0,0,0,0,0,0,,0,0,0,0,0,0,0,0,0,0,0,,0
00-0039379,Jamari Thrash,WR,2024,15,REG,2024_15_KC_CLE,CLE,KC,0,0,0,0,0,0,0,0,0,0,0,0,0,1,0,0,0,0,0,0,,0,0,0,0,0,0,0,0,0,0,0,,0
00-0039384,Tyrone Tracy Jr.,RB,2024,15,REG,2024_15_BAL_NYG,NYG,BAL,0,0,0,0,0,0,0,10,31,0,2,0,1,4,4,0,0,0,0,0,,0,0,0,0,0,0,0,0,0,0,0,,0
00-0039391,Kimani Vidal,RB,2024,15,REG,2024_15_TB_LAC,LAC,TB,0,0,0,0,0,0,0,3,9,0,0,0,2,3,13,0,1,0,0,0,,0,0,0,0,0,0,0,0,0,0,0,,0
00-0039404,Will Reichard,K,2024,15,REG,2024_15_CHI_MIN,MIN,CHI,0,0,0,0,0,0,0,0,0,0,0,0,0,0,0,0,0,0,3,3,52,0,0,1,1,1,0,3,3,0,0,0,,0
00-0039409,Cam Little,K,2024,15,REG,2024_15_NYJ_JAX,JAX,NYJ,0,0,0,0,0,0,0,0,0,0,0,0,0,0,0,0,0,0,4,4,43,0,2,0,2,0,0,1,1,0,0,0,,0
00-0039424,Devaughn Vele,WR,2024,15,REG,2024_15_IND_DEN,DEN,IND,0,0,0,0,0,0,0,0,0,0,0,0,0,1,0,0,0,0,0,0,,0,0,0,0,0,0,0,0,0,0,0,,0
00-0039491,Jalen Coker,WR,2024,15,REG,2024_15_DAL_CAR,CAR,DAL,0,0,0,0,0,0,0,0,0,0,0,0,4,6,110,1,2,0,0,0,,0,0,0,0,0,0,0,0,0,0,0,,0
00-0039530,Brevyn Spann-Ford,TE,2024,15,REG,2024_15_DAL_CAR,DAL,CAR,0,0,0,0,0,0,0,0,0,0,0,0,1,1,2,0,0,0,0,0,,0,0,0,0,0,0,0,0,0,0,0,,0
00-0039611,Matthew Hayball,P,2024,15,REG,2024_15_WAS_NO,NO,WAS,0,0,0,0,0,0,0,0,0,0,0,0,0,0,0,0,0,0,0,0,,0,0,0,0,0,0,0,0,4,187,175,53,2
00-0039631,Cam Grandy,TE,2024,15,REG,2024_15_CIN_TEN,CIN,TEN,0,0,0,0,0,0,0,0,0,0,0,0,2,2,12,0,1,0,0,0,,0,0,0,0,0,0,0,0,0,0,0,,0
00-0039650,Bryce Oliver,WR,2024,15,REG,2024_15_CIN_TEN,TEN,CIN,0,0,0,0,0,0,0,0,0,0,0,0,1,2,8,0,0,0,0,0,,0,0,0,0,0,0,0,0,0,0,0,,0
00-0039732,Bo Nix,QB,2024,15,REG,2024_15_IND_DEN,DEN,IND,20,33,130,3,3,1,-9,8,23,0,4,0,0,0,0,0,0,0,0,0,,0,0,0,0,0,0,0,0,0,0,0,,0
00-0039737,Tip Reiman,TE,2024,15,REG,2024_15_NE_ARI,ARI,NE,0,0,0,0,0,0,0,0,0,0,0,0,2,3,8,0,0,0,0,0,,0,0,0,0,0,0,0,0,0,0,0,,0
00-0039738,Blake Corum,RB,2024,15,REG,2024_15_LA_SF,LA,SF,0,0,0,0,0,0,0,3,5,0,0,0,2,3,15,0,2,0,0,0,,0,0,0,0,0,0,0,0,0,0,0,,0
00-0039745,Tory Taylor,P,2024,15,REG,2024_15_CHI_MIN,CHI,MIN,0,0,0,0,0,0,0,0,0,0,0,0,0,0,0,0,0,0,0,0,,0,0,0,0,0,0,0,0,3,142,131,51,2
00-0039750,Joshua Karty,K,2024,15,REG,2024_15_LA_SF,LA,SF,0,0,0,0,0,0,0,0,0,0,0,0,0,0,0,0,0,0,4,4,48,0,3,0,1,0,0,0,0,0,0,0,,0
00-0039792,Devontez Walker,WR,2024,15,REG,2024_15_BAL_NYG,BAL,NYG,0,0,0,0,0,0,0,0,0,0,0,0,1,1,21,1,1,0,0,0,,0,0,0,0,0,0,0,0,0,0,0,,0
00-0039793,AJ Barner,TE,2024,15,REG,2024_15_GB_SEA,SEA,GB,0,0,0,0,0,0,0,0,0,0,0,0,1,3,5,0,0,0,0,0,,0,0,0,0,0,0,0,0,0,0,0,,0
00-0039794,Braelon Allen,RB,2024,15,REG,2024_15_NYJ_JAX,NYJ,JAX,0,0,0,0,0,0,0,2,5,0,0,0,0,0,0,0,0,0,0,0,,0,0,0,0,0,0,0,0,0,0,0,,0
00-0039796,Rasheen Ali,RB,2024,15,REG,2024_15_BAL_NYG,BAL,NYG,0,0,0,0,0,0,0,8,32,0,2,0,0,0,0,0,0,0,0,0,,0,0,0,0,0,0,0,0,0,0,0,,0
00-0039798,Isaiah Davis,RB,2024,15,REG,2024_15_NYJ_JAX,NYJ,JAX,0,0,0,0,0,0,0,5,24,0,1,0,1,1,2,0,0,0,0,0,,0,0,0,0,0,0,0,0,0,0,0,,0
00-0039816,Anthony Gould,WR,2024,15,REG,2024_15_IND_DEN,IND,DEN,0,0,0,0,0,0,0,0,0,0,0,0,1,1,23,0,1,0,0,0,,0,0,0,0,0,0,0,0,0,0,0,,0
00-0039849,Marvin Harrison Jr.,WR,2024,15,REG,2024_15_NE_ARI,ARI,NE,0,0,0,0,0,0,0,0,0,0,0,0,2,6,32,0,1,0,0,0,,0,0,0,0,0,0,0,0,0,0,0,,0
00-0039851,Drake Maye,QB,2024,15,REG,2024_15_NE_ARI,NE,ARI,19,23,202,1,1,2,-7,4,14,1,1,0,0,0,0,0,0,0,0,0,,0,0,0,0,0,0,0,0,0,0,0,,0
00-0039855,Jalen McMillan,WR,2024,15,REG,2024_15_TB_LAC,TB,LAC,0,0,0,0,0,0,0,0,0,0,0,0,5,6,75,1,3,0,0,0,,0,0,0,0,0,0,0,0,0,0,0,,0
00-0039868,Troy Franklin,WR,2024,15,REG,2024_15_IND_DEN,DEN,IND,0,0,0,0,0,0,0,0,0,0,0,0,2,5,9,0,0,0,0,0,,0,0,0,0,0,0,0,0,0,0,0,,0
00-0039874,Jaylen Wright,RB,2024,15,REG,2024_15_MIA_HOU,MIA,HOU,0,0,0,0,0,0,0,1,3,0,0,0,0,0,0,0,0,0,0,0,,0,0,0,0,0,0,0,0,0,0,0,,0
00-0039875,Ray Davis,RB,2024,15,REG,2024_15_BUF_DET,BUF,DET,0,0,0,0,0,0,0,7,15,0,1,0,2,2,14,1,2,0,0,0,,0,0,0,0,0,0,0,0,0,0,0,,0
00-0039880,Malik Washington,WR,2024,15,REG,2024_15_MIA_HOU,MIA,HOU,0,0,0,0,0,0,0,0,0,0,0,0,5,6,52,0,3,0,0,0,,0,0,0,0,0,0,0,0,0,0,0,,0
00-0039890,Adonai Mitchell,WR,2024,15,REG,2024_15_IND_DEN,IND,DEN,0,0,0,0,0,0,0,1,-10,0,0,1,0,4,0,0,0,0,0,0,,0,0,0,0,0,0,0,0,0,0,0,,0
00-0039893,Brian Thomas Jr.,WR,2024,15,REG,2024_15_NYJ_JAX,JAX,NYJ,0,0,0,0,0,0,0,0,0,0,0,0,10,14,105,2,5,0,0,0,,0,0,0,0,0,0,0,0,0,0,0,,0
00-0039894,Xavier Worthy,WR,2024,15,REG,2024_15_KC_CLE,KC,CLE,0,0,0,0,0,0,0,3,30,1,2,0,6,11,46,0,2,0,0,0,,0,0,0,0,0,0,0,0,0,0,0,,0
00-0039901,Keon Coleman,WR,2024,15,REG,2024_15_BUF_DET,BUF,DET,0,0,0,0,0,0,0,0,0,0,0,0,1,2,64,0,1,0,0,0,,0,0,0,0,0,0,0,0,0,0,0,,0
00-0039907,Ja'Lynn Polk,WR,2024,15,REG,2024_15_NE_ARI,NE,ARI,0,0,0,0,0,0,0,0,0,0,0,0,0,1,0,0,0,0,0,0,,0,0,0,0,0,0,0,0,0,0,0,,0
00-0039910,Jayden Daniels,QB,2024,15,REG,2024_15_WAS_NO,WAS,NO,25,31,226,2,0,8,-37,11,66,0,6,0,0,0,0,0,0,0,0,0,,0,0,0,0,0,0,0,0,0,0,0,,0
00-0039912,Ben Sinnott,TE,2024,15,REG,2024_15_WAS_NO,WAS,NO,0,0,0,0,0,0,0,0,0,0,0,0,1,1,7,0,0,0,0,0,,0,0,0,0,0,0,0,0,0,0,0,,0
00-0039915,Ladd McConkey,WR,2024,15,REG,2024_15_TB_LAC,LAC,TB,0,0,0,0,0,0,0,0,0,0,0,0,5,7,58,1,4,0,0,0,,0,0,0,0,0,0,0,0,0,0,0,,0
00-0039916,Ricky Pearsall,WR,2024,15,REG,2024_15_LA_SF,SF,LA,0,0,0,0,0,0,0,0,0,0,0,0,1,4,16,0,1,0,0,0,,0,0,0,0,0,0,0,0,0,0,0,,0
00-0039918,Caleb Williams,QB,2024,15,REG,2024_15_CHI_MIN,CHI,MIN,18,31,191,1,0,2,-25,4,3,0,0,0,0,0,0,0,0,0,0,0,,0,0,0,0,0,0,0,0,0,0,0,,0
00-0039919,Rome Odunze,WR,2024,15,REG,2024_15_CHI_MIN,CHI,MIN,0,0,0,0,0,0,0,0,0,0,0,0,2,7,39,0,2,0,0,0,,0,0,0,0,0,0,0,0,0,0,0,,0
00-0039921,Trey Benson,RB,2024,15,REG,2024_15_NE_ARI,ARI,NE,0,0,0,0,0,0,0,5,22,0,2,0,0,0,0,0,0,0,0,0,,0,0,0,0,0,0,0,0,0,0,0,,0
00-0023459,Aaron Rodgers,QB,2024,16,REG,2024_16_LA_NYJ,NYJ,LA,28,42,256,1,0,1,-10,1,6,0,0,0,0,0,0,0,0,0,0,0,,0,0,0,0,0,0,0,0,0,0,0,,0
00-0026498,Matthew Stafford,QB,2024,16,REG,2024_16_LA_NYJ,LA,NYJ,14,19,110,1,1,0,0,3,-4,0,0,0,0,0,0,0,0,0,0,0,,0,0,0,0,0,0,0,0,0,0,0,,0
00-0026858,Graham Gano,K,2024,16,REG,2024_16_NYG_ATL,NYG,ATL,0,0,0,0,0,0,0,0,0,0,0,0,0,0,0,0,0,0,0,0,,0,0,0,0,0,0,1,1,0,0,0,,0
00-0028872,Johnny Hekker,P,2024,16,REG,2024_16_ARI_CAR,CAR,ARI,0,0,0,0,0,0,0,0,0,0,0,0,0,0,0,0,0,0,0,0,,0,0,0,0,0,0,0,0,5,223,190,57,1
00-0029263,Russell Wilson,QB,2024,16,REG,2024_16_PIT_BAL,PIT,BAL,22,33,217,2,1,3,-19,3,27,0,0,1,0,0,0,0,0,0,0,0,,0,0,0,0,0,0,0,0,0,0,0,,0
00-0029597,Justin Tucker,K,2024,16,REG,2024_16_PIT_BAL,BAL,PIT,0,0,0,0,0,0,0,0,0,0,0,0,0,0,0,0,0,0,2,2,51,0,1,0,0,1,0,4,4,0,0,0,,0
00-0029692,Bryan Anger,P,2024,16,REG,2024_16_TB_DAL,DAL,TB,0,0,0,0,0,0,0,0,0,0,0,0,0,0,0,0,0,0,0,0,,0,0,0,0,0,0,0,0,5,246,215,57,2
00-0029822,Brandon McManus,K,2024,16,REG,2024_16_NO_GB,GB,NO,0,0,0,0,0,0,0,0,0,0,0,0,0,0,0,0,0,0,2,2,55,0,0,0,1,1,0,4,4,0,0,0,,0
00-0029892,Kyle Juszczyk,FB,2024,16,REG,2024_16_SF_MIA,SF,MIA,0,0,0,0,0,0,0,1,6,0,0,0,1,3,20,0,1,0,0,0,,0,0,0,0,0,0,0,0,0,0,0,,0
00-0030035,Adam Thielen,WR,2024,16,REG,2024_16_ARI_CAR,CAR,ARI,0,0,0,0,0,0,0,0,0,0,0,0,5,6,43,1,4,0,0,0,,0,0,0,0,0,0,0,0,0,0,0,,0
00-0030061,Zach Ertz,TE,2024,16,REG,2024_16_PHI_WAS,WAS,PHI,0,0,0,0,0,0,0,0,0,0,0,0,1,2,12,0,1,0,0,0,,0,0,0,0,0,0,0,0,0,0,0,,0
00-0030092,Sam Martin,P,2024,16,REG,2024_16_NE_BUF,BUF,NE,0,0,0,0,0,0,0,0,0,0,0,0,0,0,0,0,0,0,0,0,,0,0,0,0,0,0,0,0,4,171,151,56,2
00-0030098,Dustin Hopkins,K,2024,16,REG,2024_16_CLE_CIN,CLE,CIN,0,0,0,0,0,0,0,0,0,0,0,0,0,0,0,0,0,0,0,0,,0,0,0,0,0,0,0,1,0,0,0,,0
00-0030140,Tress Way,P,2024,16,REG,2024_16_PHI_WAS,WAS,PHI,0,0,0,0,0,0,0,0,0,0,0,0,0,0,0,0,0,0,0,0,,0,0,0,0,0,0,0,0,2,92,92,49,0
00-0030279,Keenan Allen,WR,2024,16,REG,2024_16_DET_CHI,CHI,DET,0,0,0,0,0,0,0,0,0,0,0,0,9,13,141,1,7,0,0,0,,0,0,0,0,0,0,0,0,0,0,0,,0
00-0030431,Robert Woods,WR,2024,16,REG,2024_16_HOU_KC,HOU,KC,0,0,0,0,0,0,0,0,0,0,0,0,3,6,19,0,1,0,0,0,,0,0,0,0,0,0,0,0,0,0,0,,0
00-0030506,Travis Kelce,TE,2024,16,REG,2024_16_HOU_KC,KC,HOU,0,0,0,0,0,0,0,0,0,0,0,0,5,7,30,0,2,0,0,0,,0,0,0,0,0,0,0,0,0,0,0,,0
00-0030564,DeAndre Hopkins,WR,2024,16,REG,2024_16_HOU_KC,KC,HOU,0,0,0,0,0,0,0,0,0,0,0,0,4,4,37,0,3,0,0,0,,0,0,0,0,0,0,0,0,0,0,0,,0
00-0030565,Geno Smith,QB,2024,16,REG,2024_16_MIN_SEA,SEA,MIN,31,43,314,3,2,2,-12,1,8,0,0,0,0,0,0,0,0,0,0,0,,0,0,0,0,0,0,0,0,0,0,0,,0
00-0030578,Cordarrelle Patterson,RB,2024,16,REG,2024_16_PIT_BAL,PIT,BAL,0,0,0,0,0,0,0,0,0,0,0,0,1,1,12,1,1,0,0,0,,0,0,0,0,0,0,0,0,0,0,0,,0
00-0031079,Pat O'Donnell,P,2024,16,REG,2024_16_SF_MIA,SF,MIA,0,0,0,0,0,0,0,0,0,0,0,0,0,0,0,0,0,0,0,0,,0,0,0,0,0,0,0,0,4,180,165,51,1
00-0031136,Chris Boswell,K,2024,16,REG,2024_16_PIT_BAL,PIT,BAL,0,0,0,0,0,0,0,0,0,0,0,0,0,0,0,0,0,0,1,1,51,0,0,0,0,1,0,2,2,0,0,0,,0
00-0031203,Cairo Santos,K,2024,16,REG,2024_16_DET_CHI,CHI,DET,0,0,0,0,0,0,0,0,0,0,0,0,0,0,0,0,0,0,1,1,30,0,0,1,0,0,0,2,2,0,0,0,,0
00-0031236,Brandin Cooks,WR,2024,16,REG,2024_16_TB_DAL,DAL,TB,0,0,0,0,0,0,0,0,0,0,0,0,3,3,48,0,3,0,0,0,,0,0,0,0,0,0,0,0,0,0,0,,0
00-0031363,Michael Palardy,P,2024,16,REG,2024_16_ARI_CAR,ARI,CAR,0,0,0,0,0,0,0,0,0,0,0,0,0,0,0,0,0,0,0,0,,0,0,0,0,0,0,0,0,3,118,114,47,0
00-0031381,Davante Adams,WR,2024,16,REG,2024_16_LA_NYJ,NYJ,LA,0,0,0,0,0,0,0,0,0,0,0,0,7,13,68,1,5,0,0,0,,0,0,0,0,0,0,0,0,0,0,0,,0
00-0031408,Mike Evans,WR,2024,16,REG,2024_16_TB_DAL,TB,DAL,0,0,0,0,0,0,0,0,0,0,0,0,5,8,69,0,4,0,0,0,,0,0,0,0,0,0,0,0,0,0,0,,0
00-0031492,Jason Myers,K,2024,16,REG,2024_16_MIN_SEA,SEA,MIN,0,0,0,0,0,0,0,0,0,0,0,0,0,0,0,0,0,0,1,2,43,0,0,0,1,0,0,3,3,0,0,0,,0
00-0031544,Amari Cooper,WR,2024,16,REG,2024_16_NE_BUF,BUF,NE,0,0,0,0,0,0,0,0,0,0,0,0,1,2,10,0,1,0,0,0,,0,0,0,0,0,0,0,0,0,0,0,,0
00-0031585,MyCole Pruitt,TE,2024,16,REG,2024_16_PIT_BAL,PIT,BAL,0,0,0,0,0,0,0,0,0,0,0,0,1,2,1,1,1,0,0,0,,0,0,0,0,0,0,0,0,0,0,0,,0
00-0031595,Michael Burton,FB,2024,16,REG,2024_16_DEN_LAC,DEN,LAC,0,0,0,0,0,0,0,0,0,0,0,0,3,3,19,1,2,0,0,0,,0,0,0,0,0,0,0,0,0,0,0,,0
00-0031687,Raheem Mostert,RB,2024,16,REG,2024_16_SF_MIA,MIA,SF,0,0,0,0,0,0,0,8,31,0,1,0,2,2,15,0,1,0,0,0,,0,0,0,0,0,0,0,0,0,0,0,,0
00-0031941,Jamison Crowder,WR,2024,16,REG,2024_16_PHI_WAS,WAS,PHI,0,0,0,0,0,0,0,0,0,0,0,0,2,4,15,2,2,0,0,0,,0,0,0,0,0,0,0,0,0,0,0,,0
00-0032065,Bradley Pinion,P,2024,16,REG,2024_16_NYG_ATL,ATL,NYG,0,0,0,0,0,0,0,0,0,0,0,0,0,0,0,0,0,0,0,0,,0,0,0,0,0,0,0,0,2,88,82,46,1
00-0032104,Ameer Abdullah,RB,2024,16,REG,2024_16_JAX_LV,LV,JAX,0,0,0,0,0,0,0,7,38,1,2,0,5,6,47,0,2,0,0,0,,0,0,0,0,0,0,0,0,0,0,0,,0
00-0032211,Tyler Lockett,WR,2024,16,REG,2024_16_MIN_SEA,SEA,MIN,0,0,0,0,0,0,0,0,0,0,0,0,2,2,19,0,1,0,0,0,,0,0,0,0,0,0,0,0,0,0,0,,0
00-0032385,Sterling Shepard,WR,2024,16,REG,2024_16_TB_DAL,TB,DAL,0,0,0,0,0,0,0,1,14,0,1,0,1,3,20,0,1,0,0,0,,0,0,0,0,0,0,0,0,0,0,0,,0
00-0032392,Austin Hooper,TE,2024,16,REG,2024_16_NE_BUF,NE,BUF,0,0,0,0,0,0,0,0,0,0,0,0,4,5,55,0,4,0,0,0,,0,0,0,0,0,0,0,0,0,0,0,,0
00-0032569,Wil Lutz,K,2024,16,REG,2024_16_DEN_LAC,DEN,LAC,0,0,0,0,0,0,0,0,0,0,0,0,0,0,0,0,0,0,2,2,55,0,0,0,1,1,0,3,3,0,0,0,,0
00-0032726,Ka'imi Fairbairn,K,2024,16,REG,2024_16_HOU_KC,HOU,KC,0,0,0,0,0,0,0,0,0,0,0,0,0,0,0,0,0,0,2,2,38,0,0,2,0,0,0,1,2,0,0,0,,0
00-0032764,Derrick Henry,RB,2024,16,REG,2024_16_PIT_BAL,BAL,PIT,0,0,0,0,0,0,0,24,162,0,8,0,2,2,27,0,1,0,0,0,,0,0,0,0,0,0,0,0,0,0,0,,0
00-0032775,Demarcus Robinson,WR,2024,16,REG,2024_16_LA_NYJ,LA,NYJ,0,0,0,0,0,0,0,0,0,0,0,0,0,1,0,0,0,0,0,0,,0,0,0,0,0,0,0,0,0,0,0,,0
00-0032918,C.J. Ham,FB,2024,16,REG,2024_16_MIN_SEA,MIN,SEA,0,0,0,0,0,0,0,0,0,0,0,0,1,1,9,0,0,0,0,0,,0,0,0,0,0,0,0,0,0,0,0,,0
00-0032943,Riley Dixon,P,2024,16,REG,2024_16_DEN_LAC,DEN,LAC,0,0,0,0,0,0,0,0,0,0,0,0,0,0,0,0,0,0,0,0,,0,0,0,0,0,0,0,0,5,228,211,51,2
00-0033009,Tyler Boyd,WR,2024,16,REG,2024_16_TEN_IND,TEN,IND,0,0,0,0,0,0,0,0,0,0,0,0,2,3,20,0,1,0,0,0,,0,0,0,0,0,0,0,0,0,0,0,,0
00-0033040,Tyreek Hill,WR,2024,16,REG,2024_16_SF_MIA,MIA,SF,0,0,0,0,0,0,0,0,0,0,0,0,3,7,29,1,3,0,0,0,,0,0,0,0,0,0,0,0,0,0,0,,0
00-0033045,Ezekiel Elliott,RB,2024,16,REG,2024_16_TB_DAL,DAL,TB,0,0,0,0,0,0,0,1,1,1,1,0,0,0,0,0,0,0,0,0,,0,0,0,0,0,0,0,0,0,0,0,,0
00-0033090,Hunter Henry,TE,2024,16,REG,2024_16_NE_BUF,NE,BUF,0,0,0,0,0,0,0,0,0,0,0,0,4,8,39,1,4,0,0,0,,0,0,0,0,0,0,0,0,0,0,0,,0
00-0033106,Jared Goff,QB,2024,16,REG,2024_16_DET_CHI,DET,CHI,23,32,336,3,0,1,-7,1,-1,0,0,0,0,0,0,0,0,0,0,0,,0,0,0,0,0,0,0,0,0,0,0,,0
00-0033110,Tyler Higbee,TE,2024,16,REG,2024_16_LA_NYJ,LA,NYJ,0,0,0,0,0,0,0,0,0,0,0,0,1,2,11,1,1,0,0,0,,0,0,0,0,0,0,0,0,0,0,0,,0
00-0033217,Mo Alie-Cox,TE,2024,16,REG,2024_16_TEN_IND,IND,TEN,0,0,0,0,0,0,0,0,0,0,0,0,1,2,15,0,1,0,0,0,,0,0,0,0,0,0,0,0,0,0,0,,0
00-0033269,Rigoberto Sanchez,P,2024,16,REG,2024_16_TEN_IND,IND,TEN,0,0,0,0,0,0,0,0,0,0,0,0,0,0,0,0,0,0,0,0,,0,0,0,0,0,0,0,0,4,189,166,57,1
00-0033288,George Kittle,TE,2024,16,REG,2024_16_SF_MIA,SF,MIA,0,0,0,0,0,0,0,0,0,0,0,0,8,9,106,0,4,0,0,0,,0,0,0,0,0,0,0,0,0,0,0,,0
00-0033293,Aaron Jones,RB,2024,16,REG,2024_16_MIN_SEA,MIN,SEA,0,0,0,0,0,0,0,18,67,0,4,0,3,5,26,0,1,0,0,0,,0,0,0,0,0,0,0,0,0,0,0,,0
00-0033303,Harrison Butker,K,2024,16,REG,2024_16_HOU_KC,KC,HOU,0,0,0,0,0,0,0,0,0,0,0,0,0,0,0,0,0,0,2,2,44,0,1,0,1,0,0,3,3,0,0,0,,0
00-0033307,Kendrick Bourne,WR,2024,16,REG,2024_16_NE_BUF,NE,BUF,0,0,0,0,0,0,0,0,0,0,0,0,2,2,18,0,0,0,0,0,,0,0,0,0,0,0,0,0,0,0,0,,0
00-0033375,Tim Patrick,WR,2024,16,REG,2024_16_DET_CHI,DET,CHI,0,0,0,0,0,0,0,0,0,0,0,0,0,1,0,0,0,0,0,0,,0,0,0,0,0,0,0,0,0,0,0,,0
00-0033439,Pharaoh Brown,TE,2024,16,REG,2024_16_MIN_SEA,SEA,MIN,0,0,0,0,0,0,0,0,0,0,0,0,1,1,17,0,1,0,0,0,,0,0,0,0,0,0,0,0,0,0,0,,0
00-0033526,Samaje Perine,RB,2024,16,REG,2024_16_HOU_KC,KC,HOU,0,0,0,0,0,0,0,0,0,0,0,0,3,3,50,0,2,0,0,0,,0,0,0,0,0,0,0,0,0,0,0,,0
00-0033536,Mike Williams,WR,2024,16,REG,2024_16_PIT_BAL,PIT,BAL,0,0,0,0,0,0,0,0,0,0,0,0,3,3,24,0,2,0,0,0,,0,0,0,0,0,0,0,0,0,0,0,,0
00-0033553,James Conner,RB,2024,16,REG,2024_16_ARI_CAR,ARI,CAR,0,0,0,0,0,0,0,15,117,1,4,0,4,4,49,0,2,0,0,0,,0,0,0,0,0,0,0,0,0,0,0,,0
00-0033555,Mack Hollins,WR,2024,16,REG,2024_16_NE_BUF,BUF,NE,0,0,0,0,0,0,0,0,0,0,0,0,2,3,25,0,2,0,0,0,,0,0,0,0,0,0,0,0,0,0,0,,0
00-0033576,Eric Saubert,TE,2024,16,REG,2024_16_SF_MIA,SF,MIA,0,0,0,0,0,0,0,0,0,0,0,0,1,1,2,1,1,0,0,0,,0,0,0,0,0,0,0,0,0,0,0,,0
00-0033589,David Moore,WR,2024,16,REG,2024_16_ARI_CAR,CAR,ARI,0,0,0,0,0,0,0,1,0,0,0,0,2,3,39,1,2,0,0,0,,0,0,0,0,0,0,0,0,0,0,0,,0
00-0033662,Cooper Rush,QB,2024,16,REG,2024_16_TB_DAL,DAL,TB,26,35,292,1,0,1,-6,3,-4,0,0,0,0,0,0,0,0,0,0,0,,0,0,0,0,0,0,0,0,0,0,0,,0
00-0033787,Jake Elliott,K,2024,16,REG,2024_16_PHI_WAS,PHI,WAS,0,0,0,0,0,0,0,0,0,0,0,0,0,0,0,0,0,0,4,5,50,0,1,0,2,1,0,3,3,0,0,0,,0
00-0033854,Dare Ogunbowale,RB,2024,16,REG,2024_16_HOU_KC,HOU,KC,0,0,0,0,0,0,0,0,0,0,0,0,0,2,0,0,0,0,0,0,,0,0,0,0,0,0,0,0,0,0,0,,0
00-0033857,JuJu Smith-Schuster,WR,2024,16,REG,2024_16_HOU_KC,KC,HOU,0,0,0,0,0,0,0,0,0,0,0,0,0,1,0,0,0,0,0,0,,0,0,0,0,0,0,0,0,0,0,0,,0
00-0033858,Jonnu Smith,TE,2024,16,REG,2024_16_SF_MIA,MIA,SF,0,0,0,0,0,0,0,0,0,0,0,0,6,6,62,0,3,0,0,0,,0,0,0,0,0,0,0,0,0,0,0,,0
00-0033862,Zane Gonzalez,K,2024,16,REG,2024_16_PHI_WAS,WAS,PHI,0,0,0,0,0,0,0,0,0,0,0,0,0,0,0,0,0,0,0,0,,0,0,0,0,0,0,4,4,0,0,0,,0
00-0033873,Patrick Mahomes,QB,2024,16,REG,2024_16_HOU_KC,KC,HOU,28,41,260,1,0,1,-9,5,33,1,1,0,0,0,0,0,0,0,0,0,,0,0,0,0,0,0,0,0,0,0,0,,0
00-0033885,David Njoku,TE,2024,16,REG,2024_16_CLE_CIN,CLE,CIN,0,0,0,0,0,0,0,0,0,0,0,0,8,10,66,0,3,0,0,0,,0,0,0,0,0,0,0,0,0,0,0,,0
00-0033895,Gerald Everett,TE,2024,16,REG,2024_16_DET_CHI,CHI,DET,0,0,0,0,0,0,0,0,0,0,0,0,1,1,6,0,0,0,0,0,,0,0,0,0,0,0,0,0,0,0,0,,0
00-0033897,Joe Mixon,RB,2024,16,REG,2024_16_HOU_KC,HOU,KC,0,0,0,0,0,0,0,14,57,0,4,0,1,2,14,0,1,0,0,0,,0,0,0,0,0,0,0,0,0,0,0,,0
00-0033908,Cooper Kupp,WR,2024,16,REG,2024_16_LA_NYJ,LA,NYJ,0,0,0,0,0,0,0,0,0,0,0,0,3,3,24,0,2,0,0,0,,0,0,0,0,0,0,0,0,0,0,0,,0
00-0033923,Kareem Hunt,RB,2024,16,REG,2024_16_HOU_KC,KC,HOU,0,0,0,0,0,0,0,11,55,1,5,0,2,3,24,0,1,0,0,0,,0,0,0,0,0,0,0,0,0,0,0,,0
00-0033925,D'Onta Foreman,RB,2024,16,REG,2024_16_CLE_CIN,CLE,CIN,0,0,0,0,0,0,0,2,1,0,1,1,0,0,0,0,0,0,0,0,,0,0,0,0,0,0,0,0,0,0,0,,0
00-0033943,Josh Reynolds,WR,2024,16,REG,2024_16_JAX_LV,JAX,LV,0,0,0,0,0,0,0,0,0,0,0,0,0,1,0,0,0,0,0,0,,0,0,0,0,0,0,0,0,0,0,0,,0
00-0033948,Jamaal Williams,RB,2024,16,REG,2024_16_NO_GB,NO,GB,0,0,0,0,0,0,0,3,8,0,0,0,0,0,0,0,0,0,0,0,,0,0,0,0,0,0,0,0,0,0,0,,0
00-0033955,Jeremy McNichols,RB,2024,16,REG,2024_16_PHI_WAS,WAS,PHI,0,0,0,0,0,0,0,2,3,0,1,0,4,4,15,0,0,0,0,0,,0,0,0,0,0,0,0,0,0,0,0,,0
00-0034054,River Cracraft,WR,2024,16,REG,2024_16_SF_MIA,MIA,SF,0,0,0,0,0,0,0,0,0,0,0,0,1,3,6,0,0,0,0,0,,0,0,0,0,0,0,0,0,0,0,0,,0
00-0034115,Jeff Wilson,RB,2024,16,REG,2024_16_SF_MIA,MIA,SF,0,0,0,0,0,0,0,2,12,0,1,0,0,0,0,0,0,0,0,0,,0,0,0,0,0,0,0,0,0,0,0,,0
00-0034160,Michael Dickson,P,2024,16,REG,2024_16_MIN_SEA,SEA,MIN,0,0,0,0,0,0,0,0,0,0,0,0,0,0,0,0,0,0,0,0,,0,0,0,0,0,0,0,0,5,262,242,59,2
00-0034161,Daniel Carlson,K,2024,16,REG,2024_16_JAX_LV,LV,JAX,0,0,0,0,0,0,0,0,0,0,0,0,0,0,0,0,0,0,2,3,49,0,0,1,1,0,0,1,1,0,0,0,,0
00-0034162,J.K. Scott,P,2024,16,REG,2024_16_DEN_LAC,LAC,DEN,0,0,0,0,0,0,0,0,0,0,0,0,0,0,0,0,0,0,0,0,,0,0,0,0,0,0,0,0,3,125,125,46,0
00-0034173,Eddy Pineiro,K,2024,16,REG,2024_16_ARI_CAR,CAR,ARI,0,0,0,0,0,0,0,0,0,0,0,0,0,0,0,0,0,0,1,1,29,0,1,0,0,0,0,3,4,0,0,0,,0
00-0034184,Gus Edwards,RB,2024,16,REG,2024_16_DEN_LAC,LAC,DEN,0,0,0,0,0,0,0,14,68,2,3,0,1,2,3,0,0,0,0,0,,0,0,0,0,0,0,0,0,0,0,0,,0
00-0034208,Mike Boone,RB,2024,16,REG,2024_16_ARI_CAR,CAR,ARI,0,0,0,0,0,0,0,1,1,0,0,0,0,0,0,0,0,0,0,0,,0,0,0,0,0,0,0,0,0,0,0,,0
00-0034270,Tyler Conklin,TE,2024,16,REG,2024_16_LA_NYJ,NYJ,LA,0,0,0,0,0,0,0,0,0,0,0,0,5,7,59,0,3,0,0,0,,0,0,0,0,0,0,0,0,0,0,0,,0
00-0034348,Courtland Sutton,WR,2024,16,REG,2024_16_DEN_LAC,DEN,LAC,0,0,0,0,0,0,0,0,0,0,0,0,5,6,50,0,3,0,0,0,,0,0,0,0,0,0,0,0,0,0,0,,0
00-0034364,Jordan Akins,TE,2024,16,REG,2024_16_CLE_CIN,CLE,CIN,0,0,0,0,0,0,0,0,0,0,0,0,1,2,8,0,0,0,0,0,,0,0,0,0,0,0,0,0,0,0,0,,0
00-0034383,Dalton Schultz,TE,2024,16,REG,2024_16_HOU_KC,HOU,KC,0,0,0,0,0,0,0,0,0,0,0,0,5,8,45,1,2,0,0,0,,0,0,0,0,0,0,0,0,0,0,0,,0
00-0034386,Justin Watson,WR,2024,16,REG,2024_16_HOU_KC,KC,HOU,0,0,0,0,0,0,0,0,0,0,0,0,0,1,0,0,0,0,0,0,,0,0,0,0,0,0,0,0,0,0,0,,0
00-0034407,Ray-Ray McCloud,WR,2024,16,REG,2024_16_NYG_ATL,ATL,NYG,0,0,0,0,0,0,0,1,8,0,0,0,3,4,19,0,1,0,0,0,,0,0,0,0,0,0,0,0,0,0,0,,0
00-0034418,Cedrick Wilson Jr.,WR,2024,16,REG,2024_16_NO_GB,NO,GB,0,0,0,0,0,0,0,0,0,0,0,0,1,1,13,0,0,0,0,0,,0,0,0,0,0,0,0,0,0,0,0,,0
00-0034437,Logan Cooke,P,2024,16,REG,2024_16_JAX_LV,JAX,LV,0,0,0,0,0,0,0,0,0,0,0,0,0,0,0,0,0,0,0,0,,0,0,0,0,0,0,0,0,7,275,247,55,2
00-0034521,Allen Lazard,WR,2024,16,REG,2024_16_LA_NYJ,NYJ,LA,0,0,0,0,0,0,0,0,0,0,0,0,2,5,20,0,1,0,0,0,,0,0,0,0,0,0,0,0,0,0,0,,0
00-0034721,Corey Bojorquez,P,2024,16,REG,2024_16_CLE_CIN,CLE,CIN,0,0,0,0,0,0,0,0,0,0,0,0,0,0,0,0,0,0,0,0,,0,0,0,0,0,0,0,0,4,174,149,47,0
00-0034753,Mark Andrews,TE,2024,16,REG,2024_16_PIT_BAL,BAL,PIT,0,0,0,0,0,0,0,1,1,0,1,0,4,6,37,1,3,0,0,0,,0,0,0,0,0,0,0,0,0,0,0,,0
00-0034771,Mason Rudolph,QB,2024,16,REG,2024_16_TEN_IND,TEN,IND,23,34,252,2,3,1,-10,4,3,0,1,0,0,0,0,0,0,0,0,0,,0,0,0,0,0,0,0,0,0,0,0,,0
00-0034794,Jason Sanders,K,2024,16,REG,2024_16_SF_MIA,MIA,SF,0,0,0,0,0,0,0,0,0,0,0,0,0,0,0,0,0,0,5,5,54,0,0,2,2,1,0,2,2,0,0,0,,0
00-0034796,Lamar Jackson,QB,2024,16,REG,2024_16_PIT_BAL,BAL,PIT,15,23,207,3,1,1,-9,9,22,0,1,0,0,0,0,0,0,0,0,0,,0,0,0,0,0,0,0,0,0,0,0,,0
00-0034798,Durham Smythe,TE,2024,16,REG,2024_16_SF_MIA,MIA,SF,0,0,0,0,0,0,0,0,0,0,0,0,1,2,5,0,0,0,0,0,,0,0,0,0,0,0,0,0,0,0,0,,0
00-0034827,DJ Moore,WR,2024,16,REG,2024_16_DET_CHI,CHI,DET,0,0,0,0,0,0,0,1,2,0,0,0,7,10,68,0,4,0,0,0,,0,0,0,0,0,0,0,0,0,0,0,,0
00-0034829,Mike Gesicki,TE,2024,16,REG,2024_16_CLE_CIN,CIN,CLE,0,0,0,0,0,0,0,0,0,0,0,0,2,2,14,0,0,0,0,0,,0,0,0,0,0,0,0,0,0,0,0,,0
00-0034830,Hayden Hurst,TE,2024,16,REG,2024_16_DEN_LAC,LAC,DEN,0,0,0,0,0,0,0,0,0,0,0,0,1,1,8,0,1,0,0,0,,0,0,0,0,0,0,0,0,0,0,0,,0
00-0034837,Calvin Ridley,WR,2024,16,REG,2024_16_TEN_IND,TEN,IND,0,0,0,0,0,0,0,0,0,0,0,0,3,5,78,1,2,0,0,0,,0,0,0,0,0,0,0,0,0,0,0,,0
00-0034844,Saquon Barkley,RB,2024,16,REG,2024_16_PHI_WAS,PHI,WAS,0,0,0,0,0,1,-2,29,150,2,5,0,0,1,0,0,0,0,0,0,,0,0,0,0,0,0,0,0,0,0,0,,0
00-0034855,Baker Mayfield,QB,2024,16,REG,2024_16_TB_DAL,TB,DAL,31,43,303,2,1,4,-27,3,42,0,3,0,0,0,0,0,0,0,0,0,,0,0,0,0,0,0,0,0,0,0,0,,0
00-0034857,Josh Allen,QB,2024,16,REG,2024_16_NE_BUF,BUF,NE,16,29,154,1,1,1,-2,6,30,0,3,0,0,0,0,0,0,0,0,0,,0,0,0,0,0,0,0,0,0,0,0,,0
00-0034860,Dante Pettis,WR,2024,16,REG,2024_16_NO_GB,NO,GB,0,0,0,0,0,0,0,0,0,0,0,0,2,7,31,0,2,0,0,0,,0,0,0,0,0,0,0,0,0,0,0,,0
00-0034869,Sam Darnold,QB,2024,16,REG,2024_16_MIN_SEA,MIN,SEA,22,35,246,3,0,3,-29,5,11,0,1,0,0,0,0,0,0,0,0,0,,0,0,0,0,0,0,0,0,0,0,0,,0
00-0034959,Andrew Beck,FB,2024,16,REG,2024_16_HOU_KC,HOU,KC,0,0,0,0,0,0,0,0,0,0,0,0,0,1,0,0,0,0,0,0,,0,0,0,0,0,0,0,0,0,0,0,,0
00-0034960,Jakobi Meyers,WR,2024,16,REG,2024_16_JAX_LV,LV,JAX,0,0,0,0,0,0,0,0,0,0,0,0,2,5,41,0,2,0,0,0,,0,0,0,0,0,0,0,0,0,0,0,,0
00-0034972,Alexander Mattison,RB,2024,16,REG,2024_16_JAX_LV,LV,JAX,0,0,0,0,0,0,0,12,27,1,1,0,4,7,29,0,1,0,0,0,,0,0,0,0,0,0,0,0,0,0,0,,0
00-0034974,Julian Love,SAF,2024,16,REG,2024_16_MIN_SEA,SEA,MIN,0,0,0,0,0,0,0,1,2,0,1,0,0,0,0,0,0,0,0,0,,0,0,0,0,0,0,0,0,0,0,0,,0
00-0034975,Justice Hill,RB,2024,16,REG,2024_16_PIT_BAL,BAL,PIT,0,0,0,0,0,0,0,2,30,0,1,0,0,1,0,0,0,0,0,0,,0,0,0,0,0,0,0,0,0,0,0,,0
00-0034981,Foster Moreau,TE,2024,16,REG,2024_16_NO_GB,NO,GB,0,0,0,0,0,0,0,0,0,0,0,0,2,3,33,0,2,0,0,0,,0,0,0,0,0,0,0,0,0,0,0,,0
00-0035042,Jamie Gillan,P,2024,16,REG,2024_16_NYG_ATL,NYG,ATL,0,0,0,0,0,0,0,0,0,0,0,0,0,0,0,0,0,0,0,0,,0,0,0,0,0,0,0,0,5,210,204,51,3
00-0035100,Jake Browning,QB,2024,16,REG,2024_16_CLE_CIN,CIN,CLE,0,0,0,0,0,0,0,1,-1,0,0,0,0,0,0,0,0,0,0,0,,0,0,0,0,0,0,0,0,0,0,0,,0
00-0035125,Alec Ingold,FB,2024,16,REG,2024_16_SF_MIA,MIA,SF,0,0,0,0,0,0,0,1,4,0,1,0,0,0,0,0,0,0,0,0,,0,0,0,0,0,0,0,0,0,0,0,,0
00-0035156,Jack Fox,P,2024,16,REG,2024_16_DET_CHI,DET,CHI,0,0,0,0,0,0,0,0,0,0,0,0,0,0,0,0,0,0,0,0,,0,0,0,0,0,0,0,0,1,47,38,47,0
00-0035190,AJ Cole,P,2024,16,REG,2024_16_JAX_LV,LV,JAX,0,0,0,0,0,0,0,0,0,0,0,0,0,0,0,0,0,0,0,0,,0,0,0,0,0,0,0,0,6,285,248,60,3
00-0035192,Joey Slye,K,2024,16,REG,2024_16_NE_BUF,NE,BUF,0,0,0,0,0,0,0,0,0,0,0,0,0,0,0,0,0,0,0,0,,0,0,0,0,0,0,3,3,0,0,0,,0
00-0035208,Olamide Zaccheaus,WR,2024,16,REG,2024_16_PHI_WAS,WAS,PHI,0,0,0,0,0,0,0,0,0,0,0,0,5,8,70,2,3,0,0,0,,0,0,0,0,0,0,0,0,0,0,0,,0
00-0035228,Kyler Murray,QB,2024,16,REG,2024_16_ARI_CAR,ARI,CAR,20,32,202,1,1,3,-26,8,63,1,4,1,0,0,0,0,0,0,0,0,,0,0,0,0,0,0,0,0,0,0,0,,0
00-0035229,T.J. Hockenson,TE,2024,16,REG,2024_16_MIN_SEA,MIN,SEA,0,0,0,0,0,0,0,0,0,0,0,0,2,5,27,0,2,0,0,0,,0,0,0,0,0,0,0,0,0,0,0,,0
00-0035249,Josh Oliver,TE,2024,16,REG,2024_16_MIN_SEA,MIN,SEA,0,0,0,0,0,0,0,0,0,0,0,0,0,1,0,0,0,0,0,0,,0,0,0,0,0,0,0,0,0,0,0,,0
00-0035250,Devin Singletary,RB,2024,16,REG,2024_16_NYG_ATL,NYG,ATL,0,0,0,0,0,0,0,4,12,0,0,0,0,0,0,0,0,0,0,0,,0,0,0,0,0,0,0,0,0,0,0,,0
00-0035261,Tony Pollard,RB,2024,16,REG,2024_16_TEN_IND,TEN,IND,0,0,0,0,0,0,0,8,35,0,1,0,2,4,5,0,0,0,0,0,,0,0,0,0,0,0,0,0,0,0,0,,0
00-0035269,Matt Gay,K,2024,16,REG,2024_16_TEN_IND,IND,TEN,0,0,0,0,0,0,0,0,0,0,0,0,0,0,0,0,0,0,1,2,31,0,0,1,0,0,0,5,5,0,0,0,,0
00-0035280,Jake Bailey,P,2024,16,REG,2024_16_SF_MIA,MIA,SF,0,0,0,0,0,0,0,0,0,0,0,0,0,0,0,0,0,0,0,0,,0,0,0,0,0,0,0,0,2,98,90,58,1
00-0035358,Chase McLaughlin,K,2024,16,REG,2024_16_TB_DAL,TB,DAL,0,0,0,0,0,0,0,0,0,0,0,0,0,0,0,0,0,0,1,1,45,0,0,0,1,0,0,3,3,0,0,0,,0
00-0035500,Greg Dortch,WR,2024,16,REG,2024_16_ARI_CAR,ARI,CAR,0,0,0,0,0,0,0,1,8,0,0,0,1,1,19,0,1,0,0,0,,0,0,0,0,0,0,0,0,0,0,0,,0
00-0035535,Darius Slayton,WR,2024,16,REG,2024_16_NYG_ATL,NYG,ATL,0,0,0,0,0,0,0,1,6,0,0,0,1,2,21,0,1,0,0,0,,0,0,0,0,0,0,0,0,0,0,0,,0
00-0035537,Ty Johnson,RB,2024,16,REG,2024_16_NE_BUF,BUF,NE,0,0,0,0,0,0,0,6,30,0,1,0,0,1,0,0,0,0,0,0,,0,0,0,0,0,0,0,0,0,0,0,,0
00-0035567,Craig Reynolds,RB,2024,16,REG,2024_16_DET_CHI,DET,CHI,0,0,0,0,0,0,0,4,18,0,1,0,1,1,5,0,0,0,0,0,,0,0,0,0,0,0,0,0,0,0,0,,0
00-0035628,D'Ernest Johnson,RB,2024,16,REG,2024_16_JAX_LV,JAX,LV,0,0,0,0,0,0,0,0,0,0,0,0,1,2,8,0,0,0,0,0,,0,0,0,0,0,0,0,0,0,0,0,,0
00-0035631,Drew Sample,TE,2024,16,REG,2024_16_CLE_CIN,CIN,CLE,0,0,0,0,0,0,0,0,0,0,0,0,1,1,12,0,1,0,0,0,,0,0,0,0,0,0,0,0,0,0,0,,0
00-0035640,DK Metcalf,WR,2024,16,REG,2024_16_MIN_SEA,SEA,MIN,0,0,0,0,0,0,0,0,0,0,0,0,3,7,57,1,2,0,0,0,,0,0,0,0,0,0,0,0,0,0,0,,0
00-0035644,Noah Fant,TE,2024,16,REG,2024_16_MIN_SEA,SEA,MIN,0,0,0,0,0,0,0,0,0,0,0,0,3,6,50,0,3,0,0,0,,0,0,0,0,0,0,0,0,0,0,0,,0
00-0035659,Terry McLaurin,WR,2024,16,REG,2024_16_PHI_WAS,WAS,PHI,0,0,0,0,0,0,0,0,0,0,0,0,5,6,60,1,4,0,0,0,,0,0,0,0,0,0,0,0,0,0,0,,0
00-0035662,Marquise Brown,WR,2024,16,REG,2024_16_HOU_KC,KC,HOU,0,0,0,0,0,0,0,0,0,0,0,0,5,8,45,0,2,0,0,0,,0,0,0,0,0,0,0,0,0,0,0,,0
00-0035676,A.J. Brown,WR,2024,16,REG,2024_16_PHI_WAS,PHI,WAS,0,0,0,0,0,0,0,0,0,0,0,0,8,15,97,1,4,0,0,0,,0,0,0,0,0,0,0,0,0,0,0,,0
00-0035689,Dawson Knox,TE,2024,16,REG,2024_16_NE_BUF,BUF,NE,0,0,0,0,0,0,0,0,0,0,0,0,2,2,22,0,1,0,0,0,,0,0,0,0,0,0,0,0,0,0,0,,0
00-0035700,Josh Jacobs,RB,2024,16,REG,2024_16_NO_GB,GB,NO,0,0,0,0,0,0,0,13,69,1,5,0,4,4,38,0,2,0,0,0,,0,0,0,0,0,0,0,0,0,0,0,,0
00-0035704,Drew Lock,QB,2024,16,REG,2024_16_NYG_ATL,NYG,ATL,22,39,210,1,2,3,-21,1,1,0,0,0,0,0,0,0,0,0,0,0,,0,0,0,0,0,0,0,0,0,0,0,,0
00-0035719,Deebo Samuel Sr.,WR,2024,16,REG,2024_16_SF_MIA,SF,MIA,0,0,0,0,0,0,0,5,25,0,1,0,7,9,96,1,5,0,0,0,,0,0,0,0,0,0,0,0,0,0,0,,0
00-0035821,Corliss Waitman,P,2024,16,REG,2024_16_PIT_BAL,PIT,BAL,0,0,0,0,0,0,0,0,0,0,0,0,0,0,0,0,0,0,0,0,,0,0,0,0,0,0,0,0,5,247,231,58,3
00-0035889,Tommy Townsend,P,2024,16,REG,2024_16_HOU_KC,HOU,KC,0,0,0,0,0,0,0,0,0,0,0,0,0,0,0,0,0,0,0,0,,0,0,0,0,0,0,0,0,2,105,76,57,0
00-0035973,Patrick Taylor,RB,2024,16,REG,2024_16_SF_MIA,SF,MIA,0,0,0,0,0,0,0,8,24,0,0,0,1,5,1,0,0,0,0,0,,0,0,0,0,0,0,0,0,0,0,0,,0
00-0035976,Dan Chisena,WR,2024,16,REG,2024_16_ARI_CAR,CAR,ARI,0,0,0,0,0,0,0,0,0,0,0,0,1,2,23,0,1,0,0,0,,0,0,0,0,0,0,0,0,0,0,0,,0
00-0036040,Juwan Johnson,TE,2024,16,REG,2024_16_NO_GB,NO,GB,0,0,0,0,0,0,0,0,0,0,0,0,2,2,27,0,2,0,0,0,,0,0,0,0,0,0,0,0,0,0,0,,0
00-0036139,Rico Dowdle,RB,2024,16,REG,2024_16_TB_DAL,DAL,TB,0,0,0,0,0,0,0,13,23,0,0,0,3,3,28,0,0,0,0,0,,0,0,0,0,0,0,0,0,0,0,0,,0
00-0036162,Tyler Bass,K,2024,16,REG,2024_16_NE_BUF,BUF,NE,0,0,0,0,0,0,0,0,0,0,0,0,0,0,0,0,0,0,1,1,50,0,0,0,0,1,0,3,3,0,0,0,,0
00-0036176,Mason Kinsey,WR,2024,16,REG,2024_16_TEN_IND,TEN,IND,0,0,0,0,0,0,0,0,0,0,0,0,1,1,6,0,0,0,0,0,,0,0,0,0,0,0,0,0,0,0,0,,0
00-0036182,Nick Westbrook-Ikhine,WR,2024,16,REG,2024_16_TEN_IND,TEN,IND,0,0,0,0,0,0,0,0,0,0,0,0,2,4,17,1,2,0,0,0,,0,0,0,0,0,0,0,0,0,0,0,,0
00-0036212,Tua Tagovailoa,QB,2024,16,REG,2024_16_SF_MIA,MIA,SF,22,34,215,1,0,0,0,2,-1,0,0,0,0,0,0,0,0,0,0,0,,0,0,0,0,0,0,0,0,0,0,0,,0
00-0036223,Jonathan Taylor,RB,2024,16,REG,2024_16_TEN_IND,IND,TEN,0,0,0,0,0,0,0,29,218,3,6,0,0,0,0,0,0,0,0,0,,0,0,0,0,0,0,0,0,0,0,0,,0
00-0036244,Colby Parkinson,TE,2024,16,REG,2024_16_LA_NYJ,LA,NYJ,0,0,0,0,0,0,0,0,0,0,0,0,0,1,0,0,0,0,0,0,,0,0,0,0,0,0,0,0,0,0,0,,0
00-0036252,Michael Pittman,WR,2024,16,REG,2024_16_TEN_IND,IND,TEN,0,0,0,0,0,0,0,0,0,0,0,0,2,3,19,0,2,0,0,0,,0,0,0,0,0,0,0,0,0,0,0,,0
00-0036254,Collin Johnson,WR,2024,16,REG,2024_16_DET_CHI,CHI,DET,0,0,0,0,0,0,0,0,0,0,0,0,0,1,0,0,0,0,0,0,,0,0,0,0,0,0,0,0,0,0,0,,0
00-0036259,Jauan Jennings,WR,2024,16,REG,2024_16_SF_MIA,SF,MIA,0,0,0,0,0,0,0,0,0,0,0,0,4,6,51,0,3,0,0,0,,0,0,0,0,0,0,0,0,0,0,0,,0
00-0036264,Jordan Love,QB,2024,16,REG,2024_16_NO_GB,GB,NO,16,28,182,1,0,0,0,1,2,0,1,0,0,0,0,0,0,0,0,0,,0,0,0,0,0,0,0,0,0,0,0,,0
00-0036275,D'Andre Swift,RB,2024,16,REG,2024_16_DET_CHI,CHI,DET,0,0,0,0,0,0,0,9,20,0,1,0,3,3,33,0,0,0,0,0,,0,0,0,0,0,0,0,0,0,0,0,,0
00-0036290,Cole Kmet,TE,2024,16,REG,2024_16_DET_CHI,CHI,DET,0,0,0,0,0,0,0,0,0,0,0,0,2,2,9,1,1,0,0,0,,0,0,0,0,0,0,0,0,0,0,0,,0
00-0036309,Darnell Mooney,WR,2024,16,REG,2024_16_NYG_ATL,ATL,NYG,0,0,0,0,0,0,0,0,0,0,0,0,5,6,82,0,4,0,0,0,,0,0,0,0,0,0,0,0,0,0,0,,0
00-0036313,Braden Mann,P,2024,16,REG,2024_16_PHI_WAS,PHI,WAS,0,0,0,0,0,0,0,0,0,0,0,0,0,0,0,0,0,0,0,0,,0,0,0,0,0,0,0,0,4,160,155,43,2
00-0036322,Justin Jefferson,WR,2024,16,REG,2024_16_MIN_SEA,MIN,SEA,0,0,0,0,0,0,0,0,0,0,0,0,10,13,144,2,6,0,0,0,,0,0,0,0,0,0,0,0,0,0,0,,0
00-0036328,Antonio Gibson,RB,2024,16,REG,2024_16_NE_BUF,NE,BUF,0,0,0,0,0,0,0,10,28,0,1,0,2,2,8,0,0,0,0,0,,0,0,0,0,0,0,0,0,0,0,0,,0
00-0036331,Devin Duvernay,WR,2024,16,REG,2024_16_JAX_LV,JAX,LV,0,0,0,0,0,0,0,0,0,0,0,0,1,1,3,0,0,0,0,0,,0,0,0,0,0,0,0,0,0,0,0,,0
00-0036332,Josiah Deguara,TE,2024,16,REG,2024_16_JAX_LV,JAX,LV,0,0,0,0,0,0,0,0,0,0,0,0,1,1,4,0,0,0,0,0,,0,0,0,0,0,0,0,0,0,0,0,,0
00-0036355,Justin Herbert,QB,2024,16,REG,2024_16_DEN_LAC,LAC,DEN,23,31,284,2,1,2,-21,8,28,0,3,0,0,0,0,0,0,0,0,0,,0,0,0,0,0,0,0,0,0,0,0,,0
00-0036358,CeeDee Lamb,WR,2024,16,REG,2024_16_TB_DAL,DAL,TB,0,0,0,0,0,0,0,0,0,0,0,0,7,8,105,0,4,0,0,0,,0,0,0,0,0,0,0,0,0,0,0,,0
00-0036389,Jalen Hurts,QB,2024,16,REG,2024_16_PHI_WAS,PHI,WAS,1,4,11,0,0,0,0,3,41,0,1,0,0,0,0,0,0,0,0,0,,0,0,0,0,0,0,0,0,0,0,0,,0
00-0036407,Jerry Jeudy,WR,2024,16,REG,2024_16_CLE_CIN,CLE,CIN,0,0,0,0,0,0,0,0,0,0,0,0,2,3,20,0,1,0,0,0,,0,0,0,0,0,0,0,0,0,0,0,,0
00-0036410,Tee Higgins,WR,2024,16,REG,2024_16_CLE_CIN,CIN,CLE,0,0,0,0,0,0,0,0,0,0,0,0,8,11,58,1,2,0,0,0,,0,0,0,0,0,0,0,0,0,0,0,,0
00-0036414,Cam Akers,RB,2024,16,REG,2024_16_MIN_SEA,MIN,SEA,0,0,0,0,0,0,0,1,3,0,0,0,0,0,0,0,0,0,0,0,,0,0,0,0,0,0,0,0,0,0,0,,0
00-0036415,Van Jefferson,WR,2024,16,REG,2024_16_PIT_BAL,PIT,BAL,0,0,0,0,0,0,0,0,0,0,0,0,2,3,27,0,1,0,0,0,,0,0,0,0,0,0,0,0,0,0,0,,0
00-0036422,Adam Trautman,TE,2024,16,REG,2024_16_DEN_LAC,DEN,LAC,0,0,0,0,0,0,0,0,0,0,0,0,1,1,5,0,0,0,0,0,,0,0,0,0,0,0,0,0,0,0,0,,0
00-0036425,DeeJay Dallas,RB,2024,16,REG,2024_16_ARI_CAR,ARI,CAR,0,0,0,0,0,0,0,0,0,0,0,0,1,1,1,1,1,0,0,0,,0,0,0,0,0,0,0,0,0,0,0,,0
00-0036429,Charlie Woerner,TE,2024,16,REG,2024_16_NYG_ATL,ATL,NYG,0,0,0,0,0,0,0,0,0,0,0,0,0,2,0,0,0,0,0,0,,0,0,0,0,0,0,0,0,0,0,0,,0
00-0036442,Joe Burrow,QB,2024,16,REG,2024_16_CLE_CIN,CIN,CLE,23,30,252,3,0,4,-42,2,19,0,1,0,0,0,0,0,0,0,0,0,,0,0,0,0,0,0,0,0,0,0,0,,0
00-0036463,Chris Blair,WR,2024,16,REG,2024_16_NYG_ATL,ATL,NYG,0,0,0,0,0,0,0,0,0,0,0,0,1,1,17,0,1,0,0,0,,0,0,0,0,0,0,0,0,0,0,0,,0
00-0036510,Kenny Yeboah,TE,2024,16,REG,2024_16_LA_NYJ,NYJ,LA,0,0,0,0,0,0,0,0,0,0,0,0,0,1,0,0,0,0,0,0,,0,0,0,0,0,0,0,0,0,0,0,,0
00-0036550,Rashod Bateman,WR,2024,16,REG,2024_16_PIT_BAL,BAL,PIT,0,0,0,0,0,0,0,0,0,0,0,0,1,3,14,1,1,0,0,0,,0,0,0,0,0,0,0,0,0,0,0,,0
00-0036554,Nico Collins,WR,2024,16,REG,2024_16_HOU_KC,HOU,KC,0,0,0,0,0,0,0,0,0,0,0,0,7,10,60,0,3,0,0,0,,0,0,0,0,0,0,0,0,0,0,0,,0
00-0036555,Chuba Hubbard,RB,2024,16,REG,2024_16_ARI_CAR,CAR,ARI,0,0,0,0,0,0,0,25,152,2,8,0,4,5,13,0,0,0,0,0,,0,0,0,0,0,0,0,0,0,0,0,,0
00-0036626,Dyami Brown,WR,2024,16,REG,2024_16_PHI_WAS,WAS,PHI,0,0,0,0,0,0,0,0,0,0,0,0,4,5,56,0,1,1,0,0,,0,0,0,0,0,0,0,0,0,0,0,,0
00-0036628,John Bates,TE,2024,16,REG,2024_16_PHI_WAS,WAS,PHI,0,0,0,0,0,0,0,0,0,0,0,0,0,1,0,0,0,0,0,0,,0,0,0,0,0,0,0,0,0,0,0,,0
00-0036637,Noah Gray,TE,2024,16,REG,2024_16_HOU_KC,KC,HOU,0,0,0,0,0,0,0,0,0,0,0,0,1,1,10,0,0,0,0,0,,0,0,0,0,0,0,0,0,0,0,0,,0
00-0036670,Jermar Jefferson,RB,2024,16,REG,2024_16_DET_CHI,DET,CHI,0,0,0,0,0,0,0,3,13,0,1,0,1,1,10,0,1,0,0,0,,0,0,0,0,0,0,0,0,0,0,0,,0
00-0036816,Riley Patterson,K,2024,16,REG,2024_16_NYG_ATL,ATL,NYG,0,0,0,0,0,0,0,0,0,0,0,0,0,0,0,0,0,0,2,3,52,0,0,1,0,1,0,4,4,0,0,0,,0
00-0036849,Tutu Atwell,WR,2024,16,REG,2024_16_LA_NYJ,LA,NYJ,0,0,0,0,0,0,0,0,0,0,0,0,1,2,12,0,1,0,0,0,,0,0,0,0,0,0,0,0,0,0,0,,0
00-0036862,Ben Skowronek,WR,2024,16,REG,2024_16_PIT_BAL,PIT,BAL,0,0,0,0,0,0,0,0,0,0,0,0,2,2,25,0,2,0,0,0,,0,0,0,0,0,0,0,0,0,0,0,,0
00-0036875,Rhamondre Stevenson,RB,2024,16,REG,2024_16_NE_BUF,NE,BUF,0,0,0,0,0,0,0,12,60,1,3,1,1,1,13,0,1,0,0,0,,0,0,0,0,0,0,0,0,0,0,0,,0
00-0036887,Luke Farrell,TE,2024,16,REG,2024_16_JAX_LV,JAX,LV,0,0,0,0,0,0,0,0,0,0,0,0,2,3,8,0,1,0,0,0,,0,0,0,0,0,0,0,0,0,0,0,,0
00-0036893,Najee Harris,RB,2024,16,REG,2024_16_PIT_BAL,PIT,BAL,0,0,0,0,0,0,0,9,42,0,1,0,0,1,0,0,0,0,0,0,,0,0,0,0,0,0,0,0,0,0,0,,0
00-0036894,Pat Freiermuth,TE,2024,16,REG,2024_16_PIT_BAL,PIT,BAL,0,0,0,0,0,0,0,0,0,0,0,0,3,3,16,0,1,0,0,0,,0,0,0,0,0,0,0,0,0,0,0,,0
00-0036900,Ja'Marr Chase,WR,2024,16,REG,2024_16_CLE_CIN,CIN,CLE,0,0,0,0,0,0,0,1,7,0,0,0,6,8,97,1,6,0,0,0,,0,0,0,0,0,0,0,0,0,0,0,,0
00-0036912,DeVonta Smith,WR,2024,16,REG,2024_16_PHI_WAS,PHI,WAS,0,0,0,0,0,0,0,0,0,0,0,0,6,8,51,0,5,0,0,0,,0,0,0,0,0,0,0,0,0,0,0,,0
00-0036919,Kenny Gainwell,RB,2024,16,REG,2024_16_PHI_WAS,PHI,WAS,0,0,0,0,0,0,0,4,7,0,0,0,1,1,6,0,0,0,0,0,,0,0,0,0,0,0,0,0,0,0,0,,0
00-0036924,Michael Carter,RB,2024,16,REG,2024_16_ARI_CAR,ARI,CAR,0,0,0,0,0,0,0,5,18,0,1,0,5,5,30,0,2,0,0,0,,0,0,0,0,0,0,0,0,0,0,0,,0
00-0036955,Terrace Marshall Jr.,WR,2024,16,REG,2024_16_JAX_LV,LV,JAX,0,0,0,0,0,0,0,0,0,0,0,0,0,1,0,0,0,0,0,0,,0,0,0,0,0,0,0,0,0,0,0,,0
00-0036963,Amon-Ra St. Brown,WR,2024,16,REG,2024_16_DET_CHI,DET,CHI,0,0,0,0,0,0,0,0,0,0,0,0,6,8,70,1,4,0,0,0,,0,0,0,0,0,0,0,0,0,0,0,,0
00-0036970,Kyle Pitts,TE,2024,16,REG,2024_16_NYG_ATL,ATL,NYG,0,0,0,0,0,0,0,0,0,0,0,0,1,2,7,0,0,0,0,0,,0,0,0,0,0,0,0,0,0,0,0,,0
00-0036972,Mac Jones,QB,2024,16,REG,2024_16_JAX_LV,JAX,LV,25,39,247,1,0,1,-11,0,0,0,0,0,0,0,0,0,0,0,0,0,,0,0,0,0,0,0,0,0,0,0,0,,0
00-0036973,Travis Etienne,RB,2024,16,REG,2024_16_JAX_LV,JAX,LV,0,0,0,0,0,0,0,9,22,0,1,0,2,3,15,0,1,0,0,0,,0,0,0,0,0,0,0,0,0,0,0,,0
00-0036980,Elijah Moore,WR,2024,16,REG,2024_16_CLE_CIN,CLE,CIN,0,0,0,0,0,0,0,0,0,0,0,0,2,5,21,0,1,0,0,0,,0,0,0,0,0,0,0,0,0,0,0,,0
00-0036984,Trey Sermon,RB,2024,16,REG,2024_16_TEN_IND,IND,TEN,0,0,0,0,0,0,0,8,25,0,1,0,0,0,0,0,0,0,0,0,,0,0,0,0,0,0,0,0,0,0,0,,0
00-0036988,Josh Palmer,WR,2024,16,REG,2024_16_DEN_LAC,LAC,DEN,0,0,0,0,0,0,0,0,0,0,0,0,3,6,41,0,2,0,0,0,,0,0,0,0,0,0,0,0,0,0,0,,0
00-0036997,Javonte Williams,RB,2024,16,REG,2024_16_DEN_LAC,DEN,LAC,0,0,0,0,0,0,0,4,24,0,2,0,7,11,29,0,2,0,0,0,,0,0,0,0,0,0,0,0,0,0,0,,0
00-0037005,Tommy Tremble,TE,2024,16,REG,2024_16_ARI_CAR,CAR,ARI,0,0,0,0,0,0,0,0,0,0,0,0,3,3,32,0,2,0,0,0,,0,0,0,0,0,0,0,0,0,0,0,,0
00-0037091,Bo Melton,WR,2024,16,REG,2024_16_NO_GB,GB,NO,0,0,0,0,0,0,0,1,14,0,1,0,0,1,0,0,0,0,0,0,,0,0,0,0,0,0,0,0,0,0,0,,0
00-0037120,Tyler Goodson,RB,2024,16,REG,2024_16_TEN_IND,IND,TEN,0,0,0,0,0,0,0,4,22,0,1,0,0,0,0,0,0,0,0,0,,0,0,0,0,0,0,0,0,0,0,0,,0
00-0037197,Isiah Pacheco,RB,2024,16,REG,2024_16_HOU_KC,KC,HOU,0,0,0,0,0,0,0,9,26,0,2,0,1,2,-1,0,0,0,0,0,,0,0,0,0,0,0,0,0,0,0,0,,0
00-0037224,Cameron Dicker,K,2024,16,REG,2024_16_DEN_LAC,LAC,DEN,0,0,0,0,0,0,0,0,0,0,0,0,0,0,0,0,0,0,2,2,57,0,0,1,0,1,0,2,2,0,0,0,,0
00-0037228,Jaylen Warren,RB,2024,16,REG,2024_16_PIT_BAL,PIT,BAL,0,0,0,0,0,0,0,12,48,0,4,0,5,5,44,0,3,0,0,0,,0,0,0,0,0,0,0,0,0,0,0,,0
00-0037231,Kevin Austin Jr.,WR,2024,16,REG,2024_16_NO_GB,NO,GB,0,0,0,0,0,0,0,0,0,0,0,0,1,4,17,0,1,0,0,0,,0,0,0,0,0,0,0,0,0,0,0,,0
00-0037238,Drake London,WR,2024,16,REG,2024_16_NYG_ATL,ATL,NYG,0,0,0,0,0,0,0,0,0,0,0,0,5,8,59,0,3,0,0,0,,0,0,0,0,0,0,0,0,0,0,0,,0
00-0037240,Jameson Williams,WR,2024,16,REG,2024_16_DET_CHI,DET,CHI,0,0,0,0,0,0,0,1,7,0,0,0,5,7,143,1,5,0,0,0,,0,0,0,0,0,0,0,0,0,0,0,,0
00-0037248,James Cook,RB,2024,16,REG,2024_16_NE_BUF,BUF,NE,0,0,0,0,0,0,0,11,100,1,3,0,3,3,26,1,3,0,0,0,,0,0,0,0,0,0,0,0,0,0,0,,0
00-0037256,Rachaad White,RB,2024,16,REG,2024_16_TB_DAL,TB,DAL,0,0,0,0,0,0,0,3,10,0,2,0,7,8,50,0,1,1,0,0,,0,0,0,0,0,0,0,0,0,0,0,,0
00-0037258,Dameon Pierce,RB,2024,16,REG,2024_16_HOU_KC,HOU,KC,0,0,0,0,0,0,0,1,4,0,0,0,0,0,0,0,0,0,0,0,,0,0,0,0,0,0,0,0,0,0,0,,0
00-0037261,Khalil Shakir,WR,2024,16,REG,2024_16_NE_BUF,BUF,NE,0,0,0,0,0,0,0,0,0,0,0,0,2,6,22,0,1,0,0,0,,0,0,0,0,0,0,0,0,0,0,0,,0
00-0037263,Tyler Allgeier,RB,2024,16,REG,2024_16_NYG_ATL,ATL,NYG,0,0,0,0,0,0,0,11,22,0,3,0,1,1,9,0,0,0,0,0,,0,0,0,0,0,0,0,0,0,0,0,,0
00-0037267,Jerome Ford,RB,2024,16,REG,2024_16_CLE_CIN,CLE,CIN,0,0,0,0,0,0,0,11,92,1,3,0,5,5,39,0,3,0,0,0,,0,0,0,0,0,0,0,0,0,0,0,,0
00-0037284,Matt Araiza,P,2024,16,REG,2024_16_HOU_KC,KC,HOU,0,0,0,0,0,0,0,0,0,0,0,0,0,0,0,0,0,0,0,0,,0,0,0,0,0,0,0,0,2,90,78,49,1
00-0037291,Jalen Nailor,WR,2024,16,REG,2024_16_MIN_SEA,MIN,SEA,0,0,0,0,0,0,0,0,0,0,0,0,1,2,5,0,1,0,0,0,,0,0,0,0,0,0,0,0,0,0,0,,0
00-0037292,Andrew Ogletree,TE,2024,16,REG,2024_16_TEN_IND,IND,TEN,0,0,0,0,0,0,0,0,0,0,0,0,0,1,0,0,0,0,0,0,,0,0,0,0,0,0,0,0,0,0,0,,0
00-0037300,Mike Woods,WR,2024,16,REG,2024_16_CLE_CIN,CLE,CIN,0,0,0,0,0,0,0,0,0,0,0,0,0,3,0,0,0,0,0,0,,0,0,0,0,0,0,0,0,0,0,0,,0
00-0037304,Connor Heyward,FB,2024,16,REG,2024_16_PIT_BAL,PIT,BAL,0,0,0,0,0,0,0,0,0,0,0,0,1,1,3,0,1,0,0,0,,0,0,0,0,0,0,0,0,0,0,0,,0
00-0037429,Raheem Blackshear,RB,2024,16,REG,2024_16_ARI_CAR,CAR,ARI,0,0,0,0,0,0,0,3,13,0,0,0,0,0,0,0,0,0,0,0,,0,0,0,0,0,0,0,0,0,0,0,,0
00-0037475,Stone Smartt,TE,2024,16,REG,2024_16_DEN_LAC,LAC,DEN,0,0,0,0,0,0,0,0,0,0,0,0,3,3,37,0,2,0,0,0,,0,0,0,0,0,0,0,0,0,0,0,,0
00-0037487,Deven Thompkins,WR,2024,16,REG,2024_16_ARI_CAR,CAR,ARI,0,0,0,0,0,0,0,1,9,0,0,0,0,0,0,0,0,0,0,0,,0,0,0,0,0,0,0,0,0,0,0,,0
00-0037500,Ryan Wright,P,2024,16,REG,2024_16_MIN_SEA,MIN,SEA,0,0,0,0,0,0,0,0,0,0,0,0,0,0,0,0,0,0,0,0,,0,0,0,0,0,0,0,0,6,300,268,63,4
00-0037539,Lucas Krull,TE,2024,16,REG,2024_16_DEN_LAC,DEN,LAC,0,0,0,0,0,0,0,0,0,0,0,0,3,3,21,0,1,0,0,0,,0,0,0,0,0,0,0,0,0,0,0,,0
00-0037547,Daniel Whelan,P,2024,16,REG,2024_16_NO_GB,GB,NO,0,0,0,0,0,0,0,0,0,0,0,0,0,0,0,0,0,0,0,0,,0,0,0,0,0,0,0,0,2,93,73,60,0
00-0037607,Ryan Stonehouse,P,2024,16,REG,2024_16_TEN_IND,TEN,IND,0,0,0,0,0,0,0,0,0,0,0,0,0,0,0,0,0,0,0,0,,0,0,0,0,0,0,0,0,4,221,183,61,1
00-0037617,Hassan Haskins,RB,2024,16,REG,2024_16_DEN_LAC,LAC,DEN,0,0,0,0,0,0,0,0,0,0,0,0,2,2,39,1,1,0,0,0,,0,0,0,0,0,0,0,0,0,0,0,,0
00-0037654,Tucker Fisk,TE,2024,16,REG,2024_16_DEN_LAC,LAC,DEN,0,0,0,0,0,0,0,0,0,0,0,0,1,1,10,0,1,0,0,0,,0,0,0,0,0,0,0,0,0,0,0,,0
00-0037666,Jalen Tolbert,WR,2024,16,REG,2024_16_TB_DAL,DAL,TB,0,0,0,0,0,0,0,0,0,0,0,0,2,3,20,1,2,0,0,0,,0,0,0,0,0,0,0,0,0,0,0,,0
00-0037692,Brandon Aubrey,K,2024,16,REG,2024_16_TB_DAL,DAL,TB,0,0,0,0,0,0,0,0,0,0,0,0,0,0,0,0,0,0,4,4,58,0,0,0,1,3,0,2,2,0,0,0,,0
00-0037740,Garrett Wilson,WR,2024,16,REG,2024_16_LA_NYJ,NYJ,LA,0,0,0,0,0,0,0,0,0,0,0,0,6,7,54,0,3,0,0,0,,0,0,0,0,0,0,0,0,0,0,0,,0
00-0037744,Trey McBride,TE,2024,16,REG,2024_16_ARI_CAR,ARI,CAR,0,0,0,0,0,0,0,0,0,0,0,0,3,4,20,0,2,0,0,0,,0,0,0,0,0,0,0,0,0,0,0,,0
00-0037746,Brian Robinson,RB,2024,16,REG,2024_16_PHI_WAS,WAS,PHI,0,0,0,0,0,0,0,10,24,0,2,2,2,3,17,0,1,0,0,0,,0,0,0,0,0,0,0,0,0,0,0,,0
00-0037801,KaVontae Turpin,WR,2024,16,REG,2024_16_TB_DAL,DAL,TB,0,0,0,0,0,0,0,3,11,0,1,0,1,1,7,0,0,0,0,0,,0,0,0,0,0,0,0,0,0,0,0,,0
00-0037805,Jeremy Ruckert,TE,2024,16,REG,2024_16_LA_NYJ,NYJ,LA,0,0,0,0,0,0,0,0,0,0,0,0,2,2,12,0,0,0,0,0,,0,0,0,0,0,0,0,0,0,0,0,,0
00-0037809,Chig Okonkwo,TE,2024,16,REG,2024_16_TEN_IND,TEN,IND,0,0,0,0,0,0,0,0,0,0,0,0,9,11,81,0,3,0,0,0,,0,0,0,0,0,0,0,0,0,0,0,,0
00-0037816,Romeo Doubs,WR,2024,16,REG,2024_16_NO_GB,GB,NO,0,0,0,0,0,0,0,0,0,0,0,0,2,3,20,0,1,0,0,0,,0,0,0,0,0,0,0,0,0,0,0,,0
00-0037834,Brock Purdy,QB,2024,16,REG,2024_16_SF_MIA,SF,MIA,26,40,313,2,1,3,-20,4,26,0,2,0,0,0,0,0,0,0,0,0,,0,0,0,0,0,0,0,0,0,0,0,,0
00-0037837,Calvin Austin III,WR,2024,16,REG,2024_16_PIT_BAL,PIT,BAL,0,0,0,0,0,0,0,0,0,0,0,0,4,5,65,0,2,0,0,0,,0,0,0,0,0,0,0,0,0,0,0,,0
00-0037838,Isaiah Likely,TE,2024,16,REG,2024_16_PIT_BAL,BAL,PIT,0,0,0,0,0,0,0,0,0,0,0,0,3,3,29,1,2,0,0,0,,0,0,0,0,0,0,0,0,0,0,0,,0
00-0037840,Kyren Williams,RB,2024,16,REG,2024_16_LA_NYJ,LA,NYJ,0,0,0,0,0,0,0,23,122,1,9,0,1,1,7,0,0,0,0,0,,0,0,0,0,0,0,0,0,0,0,0,,0
00-0038041,Jake Ferguson,TE,2024,16,REG,2024_16_TB_DAL,DAL,TB,0,0,0,0,0,0,0,0,0,0,0,0,6,9,40,0,1,0,0,0,,0,0,0,0,0,0,0,0,0,0,0,,0
00-0038094,Jordan Stout,P,2024,16,REG,2024_16_PIT_BAL,BAL,PIT,0,0,0,0,0,0,0,0,0,0,0,0,0,0,0,0,0,0,0,0,,0,0,0,0,0,0,0,0,3,105,105,50,2
00-0038097,Cade York,K,2024,16,REG,2024_16_CLE_CIN,CIN,CLE,0,0,0,0,0,0,0,0,0,0,0,0,0,0,0,0,0,0,1,2,59,0,0,0,0,1,0,3,3,0,0,0,,0
00-0038098,Pierre Strong,RB,2024,16,REG,2024_16_CLE_CIN,CLE,CIN,0,0,0,0,0,0,0,2,6,0,0,0,2,2,3,0,0,0,0,0,,0,0,0,0,0,0,0,0,0,0,0,,0
00-0038102,Kenny Pickett,QB,2024,16,REG,2024_16_PHI_WAS,PHI,WAS,14,24,143,1,1,3,-25,3,13,0,0,0,0,0,0,0,0,0,0,0,,0,0,0,0,0,0,0,0,0,0,0,,0
00-0038115,Daniel Bellinger,TE,2024,16,REG,2024_16_NYG_ATL,NYG,ATL,0,0,0,0,0,0,0,0,0,0,0,0,1,2,5,0,1,0,0,0,,0,0,0,0,0,0,0,0,0,0,0,,0
00-0038117,Wan'Dale Robinson,WR,2024,16,REG,2024_16_NYG_ATL,NYG,ATL,0,0,0,0,0,0,0,0,0,0,0,0,7,12,62,0,3,0,0,0,,0,0,0,0,0,0,0,0,0,0,0,,0
00-0038120,Breece Hall,RB,2024,16,REG,2024_16_LA_NYJ,NYJ,LA,0,0,0,0,0,0,0,14,52,0,2,0,5,6,38,0,2,0,0,0,,0,0,0,0,0,0,0,0,0,0,0,,0
00-0038124,Christian Watson,WR,2024,16,REG,2024_16_NO_GB,GB,NO,0,0,0,0,0,0,0,2,23,0,1,0,0,1,0,0,0,0,0,0,,0,0,0,0,0,0,0,0,0,0,0,,0
00-0038128,Malik Willis,QB,2024,16,REG,2024_16_NO_GB,GB,NO,1,2,34,0,0,0,0,3,-2,0,0,0,0,0,0,0,0,0,0,0,,0,0,0,0,0,0,0,0,0,0,0,,0
00-0038134,Kenneth Walker III,RB,2024,16,REG,2024_16_MIN_SEA,SEA,MIN,0,0,0,0,0,0,0,8,31,0,2,0,8,8,28,0,1,0,0,0,,0,0,0,0,0,0,0,0,0,0,0,,0
00-0038393,Dontayvion Wicks,WR,2024,16,REG,2024_16_NO_GB,GB,NO,0,0,0,0,0,0,0,0,0,0,0,0,3,7,13,1,2,0,0,0,,0,0,0,0,0,0,0,0,0,0,0,,0
00-0038396,Eric Gray,RB,2024,16,REG,2024_16_NYG_ATL,NYG,ATL,0,0,0,0,0,0,0,0,0,0,0,0,1,1,2,0,0,0,0,0,,0,0,0,0,0,0,0,0,0,0,0,,0
00-0038402,Anders Carlson,K,2024,16,REG,2024_16_LA_NYJ,NYJ,LA,0,0,0,0,0,0,0,0,0,0,0,0,0,0,0,0,0,0,1,2,21,0,1,0,0,0,0,0,1,0,0,0,,0
00-0038542,Bijan Robinson,RB,2024,16,REG,2024_16_NYG_ATL,ATL,NYG,0,0,0,0,0,0,0,22,94,2,8,0,2,2,9,0,1,0,0,0,,0,0,0,0,0,0,0,0,0,0,0,,0
00-0038543,Jaxon Smith-Njigba,WR,2024,16,REG,2024_16_MIN_SEA,SEA,MIN,0,0,0,0,0,0,0,1,5,0,0,0,8,12,95,1,5,0,0,0,,0,0,0,0,0,0,0,0,0,0,0,,0
00-0038544,Quentin Johnston,WR,2024,16,REG,2024_16_DEN_LAC,LAC,DEN,0,0,0,0,0,0,0,0,0,0,0,0,3,6,18,0,1,0,0,0,,0,0,0,0,0,0,0,0,0,0,0,,0
00-0038547,Luke Schoonmaker,TE,2024,16,REG,2024_16_TB_DAL,DAL,TB,0,0,0,0,0,0,0,0,0,0,0,0,1,1,3,0,0,0,0,0,,0,0,0,0,0,0,0,0,0,0,0,,0
00-0038551,Kendre Miller,RB,2024,16,REG,2024_16_NO_GB,NO,GB,0,0,0,0,0,0,0,8,15,0,2,0,2,2,16,0,1,0,0,0,,0,0,0,0,0,0,0,0,0,0,0,,0
00-0038555,Tank Bigsby,RB,2024,16,REG,2024_16_JAX_LV,JAX,LV,0,0,0,0,0,0,0,12,50,1,4,1,1,1,1,0,0,0,0,0,,0,0,0,0,0,0,0,0,0,0,0,,0
00-0038559,Michael Wilson,WR,2024,16,REG,2024_16_ARI_CAR,ARI,CAR,0,0,0,0,0,0,0,0,0,0,0,0,2,5,44,0,1,0,0,0,,0,0,0,0,0,0,0,0,0,0,0,,0
00-0038562,Jake Moody,K,2024,16,REG,2024_16_SF_MIA,SF,MIA,0,0,0,0,0,0,0,0,0,0,0,0,0,0,0,0,0,0,1,2,21,0,1,0,0,0,0,2,2,0,0,0,,0
00-0038563,Tre Tucker,WR,2024,16,REG,2024_16_JAX_LV,LV,JAX,0,0,0,0,0,0,0,1,-8,0,0,0,2,4,41,0,2,0,0,0,,0,0,0,0,0,0,0,0,0,0,0,,0
00-0038567,Chad Ryland,K,2024,16,REG,2024_16_ARI_CAR,ARI,CAR,0,0,0,0,0,0,0,0,0,0,0,0,0,0,0,0,0,0,3,3,58,0,0,1,1,1,0,3,3,0,0,0,,0
00-0038573,Derius Davis,WR,2024,16,REG,2024_16_DEN_LAC,LAC,DEN,0,0,0,0,0,0,0,1,-3,0,0,0,2,2,31,1,2,0,0,0,,0,0,0,0,0,0,0,0,0,0,0,,0
00-0038579,Aidan O'Connell,QB,2024,16,REG,2024_16_JAX_LV,LV,JAX,24,38,257,0,0,2,-12,7,12,0,4,0,0,0,0,0,0,0,0,0,,0,0,0,0,0,0,0,0,0,0,0,,0
00-0038583,Dorian Thompson-Robinson,QB,2024,16,REG,2024_16_CLE_CIN,CLE,CIN,20,34,157,0,2,5,-32,9,49,0,3,0,0,0,0,0,0,0,0,0,,0,0,0,0,0,0,0,0,0,0,0,,0
00-0038597,Chase Brown,RB,2024,16,REG,2024_16_CLE_CIN,CIN,CLE,0,0,0,0,0,0,0,18,91,0,5,0,3,3,18,0,2,0,0,0,,0,0,0,0,0,0,0,0,0,0,0,,0
00-0038606,Parker Washington,WR,2024,16,REG,2024_16_JAX_LV,JAX,LV,0,0,0,0,0,0,0,0,0,0,0,0,6,6,54,0,2,0,0,0,,0,0,0,0,0,0,0,0,0,0,0,,0
00-0038608,Kayshon Boutte,WR,2024,16,REG,2024_16_NE_BUF,NE,BUF,0,0,0,0,0,0,0,0,0,0,0,0,5,7,95,1,3,0,0,0,,0,0,0,0,0,0,0,0,0,0,0,,0
00-0038610,Bryce Baringer,P,2024,16,REG,2024_16_NE_BUF,NE,BUF,0,0,0,0,0,0,0,0,0,0,0,0,0,0,0,0,0,0,0,0,,0,0,0,0,0,0,0,0,3,133,133,46,1
00-0038611,Chris Rodriguez Jr.,RB,2024,16,REG,2024_16_PHI_WAS,WAS,PHI,0,0,0,0,0,0,0,3,5,0,0,0,0,0,0,0,0,0,0,0,,0,0,0,0,0,0,0,0,0,0,0,,0
00-0038614,Scott Matlock,DT,2024,16,REG,2024_16_DEN_LAC,LAC,DEN,0,0,0,0,0,0,0,0,0,0,0,0,1,1,10,0,1,0,0,0,,0,0,0,0,0,0,0,0,0,0,0,,0
00-0038618,Xavier Hutchinson,WR,2024,16,REG,2024_16_HOU_KC,HOU,KC,0,0,0,0,0,0,0,0,0,0,0,0,1,1,8,0,1,0,0,0,,0,0,0,0,0,0,0,0,0,0,0,,0
00-0038619,Andrei Iosivas,WR,2024,16,REG,2024_16_CLE_CIN,CIN,CLE,0,0,0,0,0,0,0,0,0,0,0,0,3,3,53,1,3,0,0,0,,0,0,0,0,0,0,0,0,0,0,0,,0
00-0038621,DeMario Douglas,WR,2024,16,REG,2024_16_NE_BUF,NE,BUF,0,0,0,0,0,0,0,1,6,0,0,0,4,5,33,0,1,0,0,0,,0,0,0,0,0,0,0,0,0,0,0,,0
00-0038636,Kenny McIntosh,RB,2024,16,REG,2024_16_MIN_SEA,SEA,MIN,0,0,0,0,0,0,0,3,14,0,1,0,1,1,15,0,1,0,0,0,,0,0,0,0,0,0,0,0,0,0,0,,0
00-0038678,Jordan Mims,RB,2024,16,REG,2024_16_NO_GB,NO,GB,0,0,0,0,0,0,0,4,16,0,0,0,5,8,16,0,1,0,0,0,,0,0,0,0,0,0,0,0,0,0,0,,0
00-0038685,Chris Brooks,RB,2024,16,REG,2024_16_NO_GB,GB,NO,0,0,0,0,0,0,0,6,23,1,2,0,1,1,2,0,0,0,0,0,,0,0,0,0,0,0,0,0,0,0,0,,0
00-0038738,Hunter Luepke,RB,2024,16,REG,2024_16_TB_DAL,DAL,TB,0,0,0,0,0,0,0,0,0,0,0,0,0,2,0,0,0,0,0,0,,0,0,0,0,0,0,0,0,0,0,0,,0
00-0038752,Jake Bobo,WR,2024,16,REG,2024_16_MIN_SEA,SEA,MIN,0,0,0,0,0,0,0,0,0,0,0,0,1,1,6,0,1,0,0,0,,0,0,0,0,0,0,0,0,0,0,0,,0
00-0038783,Nate Adkins,TE,2024,16,REG,2024_16_DEN_LAC,DEN,LAC,0,0,0,0,0,0,0,0,0,0,0,0,2,2,18,0,1,0,0,0,,0,0,0,0,0,0,0,0,0,0,0,,0
00-0038797,Emanuel Wilson,RB,2024,16,REG,2024_16_NO_GB,GB,NO,0,0,0,0,0,0,0,11,52,1,3,0,1,1,4,0,0,0,0,0,,0,0,0,0,0,0,0,0,0,0,0,,0
00-0038821,Rakim Jarrett,WR,2024,16,REG,2024_16_TB_DAL,TB,DAL,0,0,0,0,0,0,0,0,0,0,0,0,1,1,6,0,0,0,0,0,,0,0,0,0,0,0,0,0,0,0,0,,0
00-0038824,Ryan Miller,WR,2024,16,REG,2024_16_TB_DAL,TB,DAL,0,0,0,0,0,0,0,0,0,0,0,0,2,2,17,1,1,0,0,0,,0,0,0,0,0,0,0,0,0,0,0,,0
00-0038933,Dalton Kincaid,TE,2024,16,REG,2024_16_NE_BUF,BUF,NE,0,0,0,0,0,0,0,0,0,0,0,0,4,7,15,0,1,0,0,0,,0,0,0,0,0,0,0,0,0,0,0,,0
00-0038935,Brenton Strange,TE,2024,16,REG,2024_16_JAX_LV,JAX,LV,0,0,0,0,0,0,0,0,0,0,0,0,2,4,22,0,1,1,0,0,,0,0,0,0,0,0,0,0,0,0,0,,0
00-0038938,Jalin Hyatt,WR,2024,16,REG,2024_16_NYG_ATL,NYG,ATL,0,0,0,0,0,0,0,0,0,0,0,0,1,2,9,0,0,0,0,0,,0,0,0,0,0,0,0,0,0,0,0,,0
00-0038976,Marvin Mims Jr.,WR,2024,16,REG,2024_16_DEN_LAC,DEN,LAC,0,0,0,0,0,0,0,1,3,0,0,0,3,5,62,0,2,0,0,0,,0,0,0,0,0,0,0,0,0,0,0,,0
00-0038977,Tank Dell,WR,2024,16,REG,2024_16_HOU_KC,HOU,KC,0,0,0,0,0,0,0,0,0,0,0,0,6,7,98,1,6,0,0,0,,0,0,0,0,0,0,0,0,0,0,0,,0
00-0038994,Jordan Addison,WR,2024,16,REG,2024_16_MIN_SEA,MIN,SEA,0,0,0,0,0,0,0,0,0,0,0,0,5,8,35,1,2,0,0,0,,0,0,0,0,0,0,0,0,0,0,0,,0
00-0038996,Tucker Kraft,TE,2024,16,REG,2024_16_NO_GB,GB,NO,0,0,0,0,0,0,0,1,2,0,1,0,3,4,63,0,3,0,0,0,,0,0,0,0,0,0,0,0,0,0,0,,0
00-0038997,Josh Downs,WR,2024,16,REG,2024_16_TEN_IND,IND,TEN,0,0,0,0,0,0,0,0,0,0,0,0,3,4,61,1,2,0,0,0,,0,0,0,0,0,0,0,0,0,0,0,,0
00-0039021,Roschon Johnson,RB,2024,16,REG,2024_16_DET_CHI,CHI,DET,0,0,0,0,0,0,0,1,3,0,0,0,0,0,0,0,0,0,0,0,,0,0,0,0,0,0,0,0,0,0,0,,0
00-0039032,Tyjae Spears,RB,2024,16,REG,2024_16_TEN_IND,TEN,IND,0,0,0,0,0,0,0,10,27,2,2,0,3,4,39,0,2,0,0,0,,0,0,0,0,0,0,0,0,0,0,0,,0
00-0039040,De'Von Achane,RB,2024,16,REG,2024_16_SF_MIA,MIA,SF,0,0,0,0,0,0,0,17,120,1,3,0,6,7,70,0,4,0,0,0,,0,0,0,0,0,0,0,0,0,0,0,,0
00-0039041,Elijah Higgins,TE,2024,16,REG,2024_16_ARI_CAR,ARI,CAR,0,0,0,0,0,0,0,0,0,0,0,0,0,1,0,0,0,0,0,0,,0,0,0,0,0,0,0,0,0,0,0,,0
00-0039050,Payne Durham,TE,2024,16,REG,2024_16_TB_DAL,TB,DAL,0,0,0,0,0,0,0,0,0,0,0,0,5,7,29,0,1,0,0,0,,0,0,0,0,0,0,0,0,0,0,0,,0
00-0039052,Trey Palmer,WR,2024,16,REG,2024_16_TB_DAL,TB,DAL,0,0,0,0,0,0,0,0,0,0,0,0,2,4,31,0,1,0,0,0,,0,0,0,0,0,0,0,0,0,0,0,,0
00-0039059,Ethan Evans,P,2024,16,REG,2024_16_LA_NYJ,LA,NYJ,0,0,0,0,0,0,0,0,0,0,0,0,0,0,0,0,0,0,0,0,,0,0,0,0,0,0,0,0,2,79,79,43,2
00-0039064,Zay Flowers,WR,2024,16,REG,2024_16_PIT_BAL,BAL,PIT,0,0,0,0,0,0,0,1,3,0,0,0,5,8,100,0,5,0,0,0,,0,0,0,0,0,0,0,0,0,0,0,,0
00-0039065,Sam LaPorta,TE,2024,16,REG,2024_16_DET_CHI,DET,CHI,0,0,0,0,0,0,0,0,0,0,0,0,4,7,43,1,2,0,0,0,,0,0,0,0,0,0,0,0,0,0,0,,0
00-0039066,Michael Mayer,TE,2024,16,REG,2024_16_JAX_LV,LV,JAX,0,0,0,0,0,0,0,0,0,0,0,0,0,1,0,0,0,0,0,0,,0,0,0,0,0,0,0,0,0,0,0,,0
00-0039075,Puka Nacua,WR,2024,16,REG,2024_16_LA_NYJ,LA,NYJ,0,0,0,0,0,0,0,0,0,0,0,0,8,9,56,0,3,0,0,0,,0,0,0,0,0,0,0,0,0,0,0,,0
00-0039139,Jahmyr Gibbs,RB,2024,16,REG,2024_16_DET_CHI,DET,CHI,0,0,0,0,0,0,0,23,109,1,8,0,4,5,45,0,2,0,0,0,,0,0,0,0,0,0,0,0,0,0,0,,0
00-0039144,Luke Musgrave,TE,2024,16,REG,2024_16_NO_GB,GB,NO,0,0,0,0,0,0,0,0,0,0,0,0,0,1,0,0,0,0,0,0,,0,0,0,0,0,0,0,0,0,0,0,,0
00-0039146,Jayden Reed,WR,2024,16,REG,2024_16_NO_GB,GB,NO,0,0,0,0,0,0,0,1,5,0,0,0,3,4,76,0,2,0,0,0,,0,0,0,0,0,0,0,0,0,0,0,,0
00-0039150,Bryce Young,QB,2024,16,REG,2024_16_ARI_CAR,CAR,ARI,17,26,158,2,0,3,-9,5,68,1,3,0,0,0,0,0,0,0,0,0,,0,0,0,0,0,0,0,0,0,0,0,,0
00-0039163,C.J. Stroud,QB,2024,16,REG,2024_16_HOU_KC,HOU,KC,23,39,244,2,2,2,-17,2,23,0,2,0,0,0,0,0,0,0,0,0,,0,0,0,0,0,0,0,0,0,0,0,,0
00-0039164,Anthony Richardson,QB,2024,16,REG,2024_16_TEN_IND,IND,TEN,7,11,131,1,1,1,-8,9,70,1,4,0,0,0,0,0,0,0,0,0,,0,0,0,0,0,0,0,0,0,0,0,,0
00-0039165,Zach Charbonnet,RB,2024,16,REG,2024_16_MIN_SEA,SEA,MIN,0,0,0,0,0,0,0,1,-1,0,0,0,2,2,14,0,1,0,0,0,,0,0,0,0,0,0,0,0,0,0,0,,0
00-0039172,Jake Bates,K,2024,16,REG,2024_16_DET_CHI,DET,CHI,0,0,0,0,0,0,0,0,0,0,0,0,0,0,0,0,0,0,2,3,34,0,0,2,0,0,0,4,4,0,0,0,,0
00-0039323,Ryan Rehkow,P,2024,16,REG,2024_16_CLE_CIN,CIN,CLE,0,0,0,0,0,0,0,0,0,0,0,0,0,0,0,0,0,0,0,0,,0,0,0,0,0,0,0,0,4,206,176,62,1
00-0039337,Malik Nabers,WR,2024,16,REG,2024_16_NYG_ATL,NYG,ATL,0,0,0,0,0,0,0,0,0,0,0,0,7,14,68,0,3,0,0,0,,0,0,0,0,0,0,0,0,0,0,0,,0
00-0039338,Brock Bowers,TE,2024,16,REG,2024_16_JAX_LV,LV,JAX,0,0,0,0,0,0,0,0,0,0,0,0,11,13,99,0,6,0,0,0,,0,0,0,0,0,0,0,0,0,0,0,,0
00-0039355,Luke McCaffrey,WR,2024,16,REG,2024_16_PHI_WAS,WAS,PHI,0,0,0,0,0,0,0,0,0,0,0,0,1,3,13,0,1,0,0,0,,0,0,0,0,0,0,0,0,0,0,0,,0
00-0039361,Bucky Irving,RB,2024,16,REG,2024_16_TB_DAL,TB,DAL,0,0,0,0,0,0,0,16,68,1,5,0,3,3,24,0,1,0,0,0,,0,0,0,0,0,0,0,0,0,0,0,,0
00-0039364,Sione Vaki,RB,2024,16,REG,2024_16_DET_CHI,DET,CHI,0,0,0,0,0,0,0,0,0,0,0,0,2,2,20,0,1,0,0,0,,0,0,0,0,0,0,0,0,0,0,0,,0
00-0039373,Audric Estimé,RB,2024,16,REG,2024_16_DEN_LAC,DEN,LAC,0,0,0,0,0,0,0,9,48,1,1,0,0,0,0,0,0,0,0,0,,0,0,0,0,0,0,0,0,0,0,0,,0
00-0039376,Spencer Rattler,QB,2024,16,REG,2024_16_NO_GB,NO,GB,15,30,153,0,1,3,-24,5,28,0,1,0,0,0,0,0,0,0,0,0,,0,0,0,0,0,0,0,0,0,0,0,,0
00-0039379,Jamari Thrash,WR,2024,16,REG,2024_16_CLE_CIN,CLE,CIN,0,0,0,0,0,0,0,0,0,0,0,0,0,1,0,0,0,0,0,0,,0,0,0,0,0,0,0,0,0,0,0,,0
00-0039384,Tyrone Tracy Jr.,RB,2024,16,REG,2024_16_NYG_ATL,NYG,ATL,0,0,0,0,0,0,0,7,26,0,3,0,4,4,43,1,3,0,0,0,,0,0,0,0,0,0,0,0,0,0,0,,0
00-0039391,Kimani Vidal,RB,2024,16,REG,2024_16_DEN_LAC,LAC,DEN,0,0,0,0,0,0,0,5,24,0,1,0,0,0,0,0,0,0,0,0,,0,0,0,0,0,0,0,0,0,0,0,,0
00-0039404,Will Reichard,K,2024,16,REG,2024_16_MIN_SEA,MIN,SEA,0,0,0,0,0,0,0,0,0,0,0,0,0,0,0,0,0,0,2,2,52,0,0,0,1,1,0,3,3,0,0,0,,0
00-0039409,Cam Little,K,2024,16,REG,2024_16_JAX_LV,JAX,LV,0,0,0,0,0,0,0,0,0,0,0,0,0,0,0,0,0,0,0,0,,0,0,0,0,0,0,2,2,0,0,0,,0
00-0039410,Ryan Flournoy,WR,2024,16,REG,2024_16_TB_DAL,DAL,TB,0,0,0,0,0,0,0,0,0,0,0,0,3,3,41,0,2,0,0,0,,0,0,0,0,0,0,0,0,0,0,0,,0
00-0039424,Devaughn Vele,WR,2024,16,REG,2024_16_DEN_LAC,DEN,LAC,0,0,0,0,0,0,0,0,0,0,0,0,2,3,21,1,2,0,0,0,,0,0,0,0,0,0,0,0,0,0,0,,0
00-0039477,Jack Browning,P,2024,16,REG,2024_16_TB_DAL,TB,DAL,0,0,0,0,0,0,0,0,0,0,0,0,0,0,0,0,0,0,0,0,,0,0,0,0,0,0,0,0,4,179,139,54,0
00-0039491,Jalen Coker,WR,2024,16,REG,2024_16_ARI_CAR,CAR,ARI,0,0,0,0,0,0,0,0,0,0,0,0,2,5,8,0,0,0,0,0,,0,0,0,0,0,0,0,0,0,0,0,,0
00-0039573,Blake Watson,RB,2024,16,REG,2024_16_DEN_LAC,DEN,LAC,0,0,0,0,0,0,0,4,10,0,2,0,1,2,13,0,0,0,0,0,,0,0,0,0,0,0,0,0,0,0,0,,0
00-0039611,Matthew Hayball,P,2024,16,REG,2024_16_NO_GB,NO,GB,0,0,0,0,0,0,0,0,0,0,0,0,0,0,0,0,0,0,0,0,,0,0,0,0,0,0,0,0,4,159,159,48,3
00-0039623,Mason Tipton,WR,2024,16,REG,2024_16_NO_GB,NO,GB,0,0,0,0,0,0,0,0,0,0,0,0,0,1,0,0,0,0,0,0,,0,0,0,0,0,0,0,0,0,0,0,,0
00-0039648,David Martin-Robinson,TE,2024,16,REG,2024_16_TEN_IND,TEN,IND,0,0,0,0,0,0,0,0,0,0,0,0,1,1,6,0,1,0,0,0,,0,0,0,0,0,0,0,0,0,0,0,,0
00-0039649,Brayden Narveson,K,2024,16,REG,2024_16_TEN_IND,TEN,IND,0,0,0,0,0,0,0,0,0,0,0,0,0,0,0,0,0,0,0,1,,0,0,0,0,0,0,2,2,0,0,0,,0
00-0039692,Dell Pettus,SAF,2024,16,REG,2024_16_NE_BUF,NE,BUF,0,0,0,0,0,0,0,1,2,0,1,0,0,0,0,0,0,0,0,0,,0,0,0,0,0,0,0,0,0,0,0,,0
00-0039732,Bo Nix,QB,2024,16,REG,2024_16_DEN_LAC,DEN,LAC,29,40,263,2,0,2,-18,3,25,0,2,0,0,0,0,0,0,0,0,0,,0,0,0,0,0,0,0,0,0,0,0,,0
00-0039738,Blake Corum,RB,2024,16,REG,2024_16_LA_NYJ,LA,NYJ,0,0,0,0,0,0,0,5,14,0,0,0,0,0,0,0,0,0,0,0,,0,0,0,0,0,0,0,0,0,0,0,,0
00-0039745,Tory Taylor,P,2024,16,REG,2024_16_DET_CHI,CHI,DET,0,0,0,0,0,0,0,0,0,0,0,0,0,0,0,0,0,0,0,0,,0,0,0,0,0,0,0,0,3,121,112,49,2
00-0039750,Joshua Karty,K,2024,16,REG,2024_16_LA_NYJ,LA,NYJ,0,0,0,0,0,0,0,0,0,0,0,0,0,0,0,0,0,0,2,2,45,0,0,1,1,0,0,1,2,0,0,0,,0
00-0039793,AJ Barner,TE,2024,16,REG,2024_16_MIN_SEA,SEA,MIN,0,0,0,0,0,0,0,0,0,0,0,0,2,2,13,1,1,0,0,0,,0,0,0,0,0,0,0,0,0,0,0,,0
00-0039794,Braelon Allen,RB,2024,16,REG,2024_16_LA_NYJ,NYJ,LA,0,0,0,0,0,0,0,2,5,0,0,0,1,1,5,0,0,0,0,0,,0,0,0,0,0,0,0,0,0,0,0,,0
00-0039796,Rasheen Ali,RB,2024,16,REG,2024_16_PIT_BAL,BAL,PIT,0,0,0,0,0,0,0,1,2,0,0,0,0,0,0,0,0,0,0,0,,0,0,0,0,0,0,0,0,0,0,0,,0
00-0039798,Isaiah Davis,RB,2024,16,REG,2024_16_LA_NYJ,NYJ,LA,0,0,0,0,0,0,0,3,12,0,1,0,0,0,0,0,0,0,0,0,,0,0,0,0,0,0,0,0,0,0,0,,0
00-0039849,Marvin Harrison Jr.,WR,2024,16,REG,2024_16_ARI_CAR,ARI,CAR,0,0,0,0,0,0,0,0,0,0,0,0,4,8,39,0,2,0,0,0,,0,0,0,0,0,0,0,0,0,0,0,,0
00-0039851,Drake Maye,QB,2024,16,REG,2024_16_NE_BUF,NE,BUF,22,36,261,2,1,2,-8,6,30,0,3,1,0,0,0,0,0,0,0,0,,0,0,0,0,0,0,0,0,0,0,0,,0
00-0039853,Javon Baker,WR,2024,16,REG,2024_16_NE_BUF,NE,BUF,0,0,0,0,0,0,0,0,0,0,0,0,0,1,0,0,0,0,0,0,,0,0,0,0,0,0,0,0,0,0,0,,0
00-0039855,Jalen McMillan,WR,2024,16,REG,2024_16_TB_DAL,TB,DAL,0,0,0,0,0,0,0,0,0,0,0,0,5,7,57,1,4,0,0,0,,0,0,0,0,0,0,0,0,0,0,0,,0
00-0039868,Troy Franklin,WR,2024,16,REG,2024_16_DEN_LAC,DEN,LAC,0,0,0,0,0,0,0,0,0,0,0,0,2,3,25,0,1,0,0,0,,0,0,0,0,0,0,0,0,0,0,0,,0
00-0039875,Ray Davis,RB,2024,16,REG,2024_16_NE_BUF,BUF,NE,0,0,0,0,0,0,0,5,12,0,1,0,1,1,17,0,1,0,0,0,,0,0,0,0,0,0,0,0,0,0,0,,0
00-0039880,Malik Washington,WR,2024,16,REG,2024_16_SF_MIA,MIA,SF,0,0,0,0,0,0,0,0,0,0,0,0,3,4,28,0,2,0,0,0,,0,0,0,0,0,0,0,0,0,0,0,,0
00-0039890,Adonai Mitchell,WR,2024,16,REG,2024_16_TEN_IND,IND,TEN,0,0,0,0,0,0,0,0,0,0,0,0,1,1,36,0,1,0,0,0,,0,0,0,0,0,0,0,0,0,0,0,,0
00-0039893,Brian Thomas Jr.,WR,2024,16,REG,2024_16_JAX_LV,JAX,LV,0,0,0,0,0,0,0,0,0,0,0,0,9,13,132,1,4,0,0,0,,0,0,0,0,0,0,0,0,0,0,0,,0
00-0039894,Xavier Worthy,WR,2024,16,REG,2024_16_HOU_KC,KC,HOU,0,0,0,0,0,0,0,3,10,0,0,0,7,11,65,1,4,0,0,0,,0,0,0,0,0,0,0,0,0,0,0,,0
00-0039901,Keon Coleman,WR,2024,16,REG,2024_16_NE_BUF,BUF,NE,0,0,0,0,0,0,0,0,0,0,0,0,1,2,17,0,1,0,0,0,,0,0,0,0,0,0,0,0,0,0,0,,0
00-0039910,Jayden Daniels,QB,2024,16,REG,2024_16_PHI_WAS,WAS,PHI,24,39,258,5,2,1,-3,9,81,0,4,0,0,0,0,0,0,0,0,0,,0,0,0,0,0,0,0,0,0,0,0,,0
00-0039915,Ladd McConkey,WR,2024,16,REG,2024_16_DEN_LAC,LAC,DEN,0,0,0,0,0,0,0,0,0,0,0,0,6,6,87,0,3,0,0,0,,0,0,0,0,0,0,0,0,0,0,0,,0
00-0039916,Ricky Pearsall,WR,2024,16,REG,2024_16_SF_MIA,SF,MIA,0,0,0,0,0,0,0,0,0,0,0,0,4,4,37,0,2,0,0,0,,0,0,0,0,0,0,0,0,0,0,0,,0
00-0039917,Michael Penix Jr.,QB,2024,16,REG,2024_16_NYG_ATL,ATL,NYG,18,27,202,0,1,0,0,4,3,0,0,0,0,0,0,0,0,0,0,0,,0,0,0,0,0,0,0,0,0,0,0,,0
00-0039918,Caleb Williams,QB,2024,16,REG,2024_16_DET_CHI,CHI,DET,26,40,334,2,0,2,-11,6,34,0,1,1,0,0,0,0,0,0,0,0,,0,0,0,0,0,0,0,0,0,0,0,,0
00-0039919,Rome Odunze,WR,2024,16,REG,2024_16_DET_CHI,CHI,DET,0,0,0,0,0,0,0,0,0,0,0,0,4,7,77,0,3,1,0,0,,0,0,0,0,0,0,0,0,0,0,0,,0
00-0023459,Aaron Rodgers,QB,2024,17,REG,2024_17_NYJ_BUF,NYJ,BUF,12,18,112,0,2,4,-26,0,0,0,0,0,0,0,0,0,0,0,0,0,,0,0,0,0,0,0,0,0,0,0,0,,0
00-0026158,Joe Flacco,QB,2024,17,REG,2024_17_IND_NYG,IND,NYG,26,38,330,2,2,2,-10,1,1,0,0,0,0,0,0,0,0,0,0,0,,0,0,0,0,0,0,0,0,0,0,0,,0
00-0026300,Josh Johnson,QB,2024,17,REG,2024_17_BAL_HOU,BAL,HOU,1,2,16,0,0,0,0,0,0,0,0,0,0,0,0,0,0,0,0,0,,0,0,0,0,0,0,0,0,0,0,0,,0
00-0026498,Matthew Stafford,QB,2024,17,REG,2024_17_ARI_LA,LA,ARI,17,32,189,0,0,0,0,6,16,0,3,0,0,0,0,0,0,0,0,0,,0,0,0,0,0,0,0,0,0,0,0,,0
00-0026858,Graham Gano,K,2024,17,REG,2024_17_IND_NYG,NYG,IND,0,0,0,0,0,0,0,0,0,0,0,0,0,0,0,0,0,0,1,1,30,0,0,1,0,0,0,6,6,0,0,0,,0
00-0027114,Thomas Morstead,P,2024,17,REG,2024_17_NYJ_BUF,NYJ,BUF,0,0,0,0,0,0,0,0,0,0,0,0,0,0,0,0,0,0,0,0,,0,0,0,0,0,0,0,0,3,143,111,56,1
00-0028118,Tyrod Taylor,QB,2024,17,REG,2024_17_NYJ_BUF,NYJ,BUF,11,14,83,2,0,0,0,2,6,0,0,0,0,0,0,0,0,0,0,0,,0,0,0,0,0,0,0,0,0,0,0,,0
00-0028872,Johnny Hekker,P,2024,17,REG,2024_17_CAR_TB,CAR,TB,0,0,0,0,0,0,0,0,0,0,0,0,0,0,0,0,0,0,0,0,,0,0,0,0,0,0,0,0,5,226,225,51,3
00-0029263,Russell Wilson,QB,2024,17,REG,2024_17_KC_PIT,PIT,KC,23,37,205,0,1,5,-43,6,55,1,6,0,0,0,0,0,0,0,0,0,,0,0,0,0,0,0,0,0,0,0,0,,0
00-0029597,Justin Tucker,K,2024,17,REG,2024_17_BAL_HOU,BAL,HOU,0,0,0,0,0,0,0,0,0,0,0,0,0,0,0,0,0,0,1,1,52,0,0,0,0,1,0,4,4,0,0,0,,0
00-0029692,Bryan Anger,P,2024,17,REG,2024_17_DAL_PHI,DAL,PHI,0,0,0,0,0,0,0,0,0,0,0,0,0,0,0,0,0,0,0,0,,0,0,0,0,0,0,0,0,4,198,183,62,2
00-0029822,Brandon McManus,K,2024,17,REG,2024_17_GB_MIN,GB,MIN,0,0,0,0,0,0,0,0,0,0,0,0,0,0,0,0,0,0,1,1,22,0,1,0,0,0,0,2,2,0,0,0,,0
00-0029892,Kyle Juszczyk,FB,2024,17,REG,2024_17_DET_SF,SF,DET,0,0,0,0,0,0,0,0,0,0,0,0,1,2,9,1,1,0,0,0,,0,0,0,0,0,0,0,0,0,0,0,,0
00-0030035,Adam Thielen,WR,2024,17,REG,2024_17_CAR_TB,CAR,TB,0,0,0,0,0,0,0,0,0,0,0,0,5,6,110,2,4,0,0,0,,0,0,0,0,0,0,0,0,0,0,0,,0
00-0030061,Zach Ertz,TE,2024,17,REG,2024_17_ATL_WAS,WAS,ATL,0,0,0,0,0,0,0,0,0,0,0,0,6,7,72,2,4,0,0,0,,0,0,0,0,0,0,0,0,0,0,0,,0
00-0030092,Sam Martin,P,2024,17,REG,2024_17_NYJ_BUF,BUF,NYJ,0,0,0,0,0,0,0,0,0,0,0,0,0,0,0,0,0,0,0,0,,0,0,0,0,0,0,0,0,3,137,112,51,1
00-0030098,Dustin Hopkins,K,2024,17,REG,2024_17_MIA_CLE,CLE,MIA,0,0,0,0,0,0,0,0,0,0,0,0,0,0,0,0,0,0,1,1,25,0,1,0,0,0,0,0,0,0,0,0,,0
00-0030140,Tress Way,P,2024,17,REG,2024_17_ATL_WAS,WAS,ATL,0,0,0,0,0,0,0,0,0,0,0,0,0,0,0,0,0,0,0,0,,0,0,0,0,0,0,0,0,3,153,130,61,2
00-0030279,Keenan Allen,WR,2024,17,REG,2024_17_SEA_CHI,CHI,SEA,0,0,0,0,0,0,0,0,0,0,0,0,5,8,25,0,2,0,0,0,,0,0,0,0,0,0,0,0,0,0,0,,0
00-0030431,Robert Woods,WR,2024,17,REG,2024_17_BAL_HOU,HOU,BAL,0,0,0,0,0,0,0,0,0,0,0,0,2,2,21,0,2,0,0,0,,0,0,0,0,0,0,0,0,0,0,0,,0
00-0030506,Travis Kelce,TE,2024,17,REG,2024_17_KC_PIT,KC,PIT,0,0,0,0,0,0,0,0,0,0,0,0,8,11,84,1,4,0,0,0,,0,0,0,0,0,0,0,0,0,0,0,,0
00-0030564,DeAndre Hopkins,WR,2024,17,REG,2024_17_KC_PIT,KC,PIT,0,0,0,0,0,0,0,0,0,0,0,0,2,4,7,0,0,0,0,0,,0,0,0,0,0,0,0,0,0,0,0,,0
00-0030565,Geno Smith,QB,2024,17,REG,2024_17_SEA_CHI,SEA,CHI,17,23,160,0,0,3,-17,3,19,0,1,0,0,0,0,0,0,0,0,0,,0,0,0,0,0,0,0,0,0,0,0,,0
00-0030578,Cordarrelle Patterson,RB,2024,17,REG,2024_17_KC_PIT,PIT,KC,0,0,0,0,0,0,0,1,2,0,0,0,0,0,0,0,0,0,0,0,,0,0,0,0,0,0,0,0,0,0,0,,0
00-0031136,Chris Boswell,K,2024,17,REG,2024_17_KC_PIT,PIT,KC,0,0,0,0,0,0,0,0,0,0,0,0,0,0,0,0,0,0,1,1,36,0,0,1,0,0,0,1,1,0,0,0,,0
00-0031203,Cairo Santos,K,2024,17,REG,2024_17_SEA_CHI,CHI,SEA,0,0,0,0,0,0,0,0,0,0,0,0,0,0,0,0,0,0,1,1,42,0,0,0,1,0,0,0,0,0,0,0,,0
00-0031236,Brandin Cooks,WR,2024,17,REG,2024_17_DAL_PHI,DAL,PHI,0,0,0,0,0,0,0,0,0,0,0,0,4,8,52,0,3,0,0,0,,0,0,0,0,0,0,0,0,0,0,0,,0
00-0031363,Michael Palardy,P,2024,17,REG,2024_17_ARI_LA,ARI,LA,0,0,0,0,0,0,0,0,0,0,0,0,0,0,0,0,0,0,0,0,,0,0,0,0,0,0,0,0,4,164,158,50,0
00-0031381,Davante Adams,WR,2024,17,REG,2024_17_NYJ_BUF,NYJ,BUF,0,0,0,0,0,0,0,0,0,0,0,0,5,8,47,0,1,0,0,0,,0,0,0,0,0,0,0,0,0,0,0,,0
00-0031408,Mike Evans,WR,2024,17,REG,2024_17_CAR_TB,TB,CAR,0,0,0,0,0,0,0,0,0,0,0,0,8,9,97,2,6,0,0,0,,0,0,0,0,0,0,0,0,0,0,0,,0
00-0031428,Allen Robinson,WR,2024,17,REG,2024_17_DET_SF,DET,SF,0,0,0,0,0,0,0,0,0,0,0,0,1,1,21,0,1,0,0,0,,0,0,0,0,0,0,0,0,0,0,0,,0
00-0031484,Chris Manhertz,TE,2024,17,REG,2024_17_IND_NYG,NYG,IND,0,0,0,0,0,0,0,0,0,0,0,0,1,1,12,0,0,0,0,0,,0,0,0,0,0,0,0,0,0,0,0,,0
00-0031492,Jason Myers,K,2024,17,REG,2024_17_SEA_CHI,SEA,CHI,0,0,0,0,0,0,0,0,0,0,0,0,0,0,0,0,0,0,2,2,50,0,1,0,0,1,0,0,0,0,0,0,,0
00-0031544,Amari Cooper,WR,2024,17,REG,2024_17_NYJ_BUF,BUF,NYJ,0,0,0,0,0,0,0,0,0,0,0,0,3,3,56,1,1,0,0,0,,0,0,0,0,0,0,0,0,0,0,0,,0
00-0031687,Raheem Mostert,RB,2024,17,REG,2024_17_MIA_CLE,MIA,CLE,0,0,0,0,0,0,0,6,3,0,0,0,2,2,16,0,0,0,0,0,,0,0,0,0,0,0,0,0,0,0,0,,0
00-0031800,Taylor Heinicke,QB,2024,17,REG,2024_17_LAC_NE,LAC,NE,0,2,0,0,0,0,0,1,8,0,1,0,0,0,0,0,0,0,0,0,,0,0,0,0,0,0,0,0,0,0,0,,0
00-0031941,Jamison Crowder,WR,2024,17,REG,2024_17_ATL_WAS,WAS,ATL,0,0,0,0,0,0,0,0,0,0,0,0,3,5,25,0,1,0,0,0,,0,0,0,0,0,0,0,0,0,0,0,,0
00-0032065,Bradley Pinion,P,2024,17,REG,2024_17_ATL_WAS,ATL,WAS,0,0,0,0,0,0,0,0,0,0,0,0,0,0,0,0,0,0,0,0,,0,0,0,0,0,0,0,0,3,141,100,61,0
00-0032104,Ameer Abdullah,RB,2024,17,REG,2024_17_LV_NO,LV,NO,0,0,0,0,0,0,0,20,115,0,5,0,3,4,32,0,2,0,0,0,,0,0,0,0,0,0,0,0,0,0,0,,0
00-0032128,Chris Conley,WR,2024,17,REG,2024_17_DET_SF,SF,DET,0,0,0,0,0,0,0,0,0,0,0,0,1,1,13,0,1,0,0,0,,0,0,0,0,0,0,0,0,0,0,0,,0
00-0032211,Tyler Lockett,WR,2024,17,REG,2024_17_SEA_CHI,SEA,CHI,0,0,0,0,0,0,0,0,0,0,0,0,3,4,20,0,1,0,0,0,,0,0,0,0,0,0,0,0,0,0,0,,0
00-0032392,Austin Hooper,TE,2024,17,REG,2024_17_LAC_NE,NE,LAC,0,0,0,0,0,0,0,0,0,0,0,0,3,3,19,0,1,0,0,0,,0,0,0,0,0,0,0,0,0,0,0,,0
00-0032394,Nick Vannett,TE,2024,17,REG,2024_17_TEN_JAX,TEN,JAX,0,0,0,0,0,0,0,0,0,0,0,0,1,1,8,1,1,0,0,0,,0,0,0,0,0,0,0,0,0,0,0,,0
00-0032569,Wil Lutz,K,2024,17,REG,2024_17_DEN_CIN,DEN,CIN,0,0,0,0,0,0,0,0,0,0,0,0,0,0,0,0,0,0,1,1,30,0,0,1,0,0,0,3,3,0,0,0,,0
00-0032764,Derrick Henry,RB,2024,17,REG,2024_17_BAL_HOU,BAL,HOU,0,0,0,0,0,0,0,27,147,1,11,0,2,2,18,0,1,0,0,0,,0,0,0,0,0,0,0,0,0,0,0,,0
00-0032775,Demarcus Robinson,WR,2024,17,REG,2024_17_ARI_LA,LA,ARI,0,0,0,0,0,0,0,0,0,0,0,0,0,2,0,0,0,0,0,0,,0,0,0,0,0,0,0,0,0,0,0,,0
00-0032918,C.J. Ham,FB,2024,17,REG,2024_17_GB_MIN,MIN,GB,0,0,0,0,0,0,0,0,0,0,0,0,2,2,15,0,1,0,0,0,,0,0,0,0,0,0,0,0,0,0,0,,0
00-0032943,Riley Dixon,P,2024,17,REG,2024_17_DEN_CIN,DEN,CIN,0,0,0,0,0,0,0,0,0,0,0,0,0,0,0,0,0,0,0,0,,0,0,0,0,0,0,0,0,4,166,162,48,0
00-0033009,Tyler Boyd,WR,2024,17,REG,2024_17_TEN_JAX,TEN,JAX,0,0,0,0,0,0,0,0,0,0,0,0,2,4,14,0,1,0,0,0,,0,0,0,0,0,0,0,0,0,0,0,,0
00-0033040,Tyreek Hill,WR,2024,17,REG,2024_17_MIA_CLE,MIA,CLE,0,0,0,0,0,0,0,0,0,0,0,0,9,9,105,0,6,0,0,0,,0,0,0,0,0,0,0,0,0,0,0,,0
00-0033045,Ezekiel Elliott,RB,2024,17,REG,2024_17_DAL_PHI,DAL,PHI,0,0,0,0,0,0,0,3,2,0,0,0,0,0,0,0,0,0,0,0,,0,0,0,0,0,0,0,0,0,0,0,,0
00-0033090,Hunter Henry,TE,2024,17,REG,2024_17_LAC_NE,NE,LAC,0,0,0,0,0,0,0,0,0,0,0,0,0,2,0,0,0,0,0,0,,0,0,0,0,0,0,0,0,0,0,0,,0
00-0033106,Jared Goff,QB,2024,17,REG,2024_17_DET_SF,DET,SF,26,34,303,3,0,2,-16,3,-3,0,0,0,0,0,0,0,0,0,0,0,,0,0,0,0,0,0,0,0,0,0,0,,0
00-0033110,Tyler Higbee,TE,2024,17,REG,2024_17_ARI_LA,LA,ARI,0,0,0,0,0,0,0,0,0,0,0,0,2,3,9,0,1,0,0,0,,0,0,0,0,0,0,0,0,0,0,0,,0
00-0033119,Jacoby Brissett,QB,2024,17,REG,2024_17_LAC_NE,NE,LAC,1,2,-2,0,0,0,0,0,0,0,0,0,0,0,0,0,0,0,0,0,,0,0,0,0,0,0,0,0,0,0,0,,0
00-0033217,Mo Alie-Cox,TE,2024,17,REG,2024_17_IND_NYG,IND,NYG,0,0,0,0,0,0,0,0,0,0,0,0,0,1,0,0,0,0,0,0,,0,0,0,0,0,0,0,0,0,0,0,,0
00-0033246,Johnny Mundt,TE,2024,17,REG,2024_17_GB_MIN,MIN,GB,0,0,0,0,0,0,0,0,0,0,0,0,1,1,7,0,1,0,0,0,,0,0,0,0,0,0,0,0,0,0,0,,0
00-0033269,Rigoberto Sanchez,P,2024,17,REG,2024_17_IND_NYG,IND,NYG,0,0,0,0,0,0,0,0,0,0,0,0,0,0,0,0,0,0,0,0,,0,0,0,0,0,0,0,0,1,32,32,32,1
00-0033288,George Kittle,TE,2024,17,REG,2024_17_DET_SF,SF,DET,0,0,0,0,0,0,0,0,0,0,0,0,8,8,112,0,5,0,0,0,,0,0,0,0,0,0,0,0,0,0,0,,0
00-0033293,Aaron Jones,RB,2024,17,REG,2024_17_GB_MIN,MIN,GB,0,0,0,0,0,0,0,12,47,0,2,0,4,5,30,0,3,0,0,0,,0,0,0,0,0,0,0,0,0,0,0,,0
00-0033303,Harrison Butker,K,2024,17,REG,2024_17_KC_PIT,KC,PIT,0,0,0,0,0,0,0,0,0,0,0,0,0,0,0,0,0,0,1,1,32,0,0,1,0,0,0,2,3,0,0,0,,0
00-0033307,Kendrick Bourne,WR,2024,17,REG,2024_17_LAC_NE,NE,LAC,0,0,0,0,0,0,0,0,0,0,0,0,2,4,22,0,1,0,0,0,,0,0,0,0,0,0,0,0,0,0,0,,0
00-0033439,Pharaoh Brown,TE,2024,17,REG,2024_17_SEA_CHI,SEA,CHI,0,0,0,0,0,0,0,0,0,0,0,0,1,1,4,0,0,1,0,0,,0,0,0,0,0,0,0,0,0,0,0,,0
00-0033526,Samaje Perine,RB,2024,17,REG,2024_17_KC_PIT,KC,PIT,0,0,0,0,0,0,0,2,9,0,0,0,2,2,20,0,1,0,0,0,,0,0,0,0,0,0,0,0,0,0,0,,0
00-0033536,Mike Williams,WR,2024,17,REG,2024_17_KC_PIT,PIT,KC,0,0,0,0,0,0,0,0,0,0,0,0,0,2,0,0,0,0,0,0,,0,0,0,0,0,0,0,0,0,0,0,,0
00-0033553,James Conner,RB,2024,17,REG,2024_17_ARI_LA,ARI,LA,0,0,0,0,0,0,0,4,4,0,1,0,2,3,4,0,0,0,0,0,,0,0,0,0,0,0,0,0,0,0,0,,0
00-0033555,Mack Hollins,WR,2024,17,REG,2024_17_NYJ_BUF,BUF,NYJ,0,0,0,0,0,0,0,0,0,0,0,0,2,2,33,0,2,0,0,0,,0,0,0,0,0,0,0,0,0,0,0,,0
00-0033589,David Moore,WR,2024,17,REG,2024_17_CAR_TB,CAR,TB,0,0,0,0,0,0,0,0,0,0,0,0,1,1,17,0,1,0,0,0,,0,0,0,0,0,0,0,0,0,0,0,,0
00-0033662,Cooper Rush,QB,2024,17,REG,2024_17_DAL_PHI,DAL,PHI,15,28,147,1,2,1,-7,1,2,0,1,0,0,0,0,0,0,0,0,0,,0,0,0,0,0,0,0,0,0,0,0,,0
00-0033787,Jake Elliott,K,2024,17,REG,2024_17_DAL_PHI,PHI,DAL,0,0,0,0,0,0,0,0,0,0,0,0,0,0,0,0,0,0,2,2,31,0,1,1,0,0,0,5,5,0,0,0,,0
00-0033854,Dare Ogunbowale,RB,2024,17,REG,2024_17_BAL_HOU,HOU,BAL,0,0,0,0,0,0,0,2,12,0,1,0,1,1,6,0,0,0,0,0,,0,0,0,0,0,0,0,0,0,0,0,,0
00-0033857,JuJu Smith-Schuster,WR,2024,17,REG,2024_17_KC_PIT,KC,PIT,0,0,0,0,0,0,0,0,0,0,0,0,2,2,18,0,1,0,0,0,,0,0,0,0,0,0,0,0,0,0,0,,0
00-0033858,Jonnu Smith,TE,2024,17,REG,2024_17_MIA_CLE,MIA,CLE,0,0,0,0,0,0,0,0,0,0,0,0,3,4,26,1,2,0,0,0,,0,0,0,0,0,0,0,0,0,0,0,,0
00-0033862,Zane Gonzalez,K,2024,17,REG,2024_17_ATL_WAS,WAS,ATL,0,0,0,0,0,0,0,0,0,0,0,0,0,0,0,0,0,0,1,1,31,0,0,1,0,0,0,3,3,0,0,0,,0
00-0033869,Mitchell Trubisky,QB,2024,17,REG,2024_17_NYJ_BUF,BUF,NYJ,1,1,69,1,0,0,0,2,-1,0,0,0,0,0,0,0,0,0,0,0,,0,0,0,0,0,0,0,0,0,0,0,,0
00-0033873,Patrick Mahomes,QB,2024,17,REG,2024_17_KC_PIT,KC,PIT,29,38,320,3,0,0,0,1,12,0,1,0,0,0,0,0,0,0,0,0,,0,0,0,0,0,0,0,0,0,0,0,,0
00-0033891,Zay Jones,WR,2024,17,REG,2024_17_ARI_LA,ARI,LA,0,0,0,0,0,0,0,0,0,0,0,0,1,1,19,0,1,0,0,0,,0,0,0,0,0,0,0,0,0,0,0,,0
00-0033895,Gerald Everett,TE,2024,17,REG,2024_17_SEA_CHI,CHI,SEA,0,0,0,0,0,0,0,0,0,0,0,0,0,1,0,0,0,0,0,0,,0,0,0,0,0,0,0,0,0,0,0,,0
00-0033897,Joe Mixon,RB,2024,17,REG,2024_17_BAL_HOU,HOU,BAL,0,0,0,0,0,0,0,9,26,0,0,0,2,3,13,0,0,0,0,0,,0,0,0,0,0,0,0,0,0,0,0,,0
00-0033908,Cooper Kupp,WR,2024,17,REG,2024_17_ARI_LA,LA,ARI,0,0,0,0,0,0,0,0,0,0,0,0,1,3,29,0,1,0,0,0,,0,0,0,0,0,0,0,0,0,0,0,,0
00-0033923,Kareem Hunt,RB,2024,17,REG,2024_17_KC_PIT,KC,PIT,0,0,0,0,0,0,0,9,20,1,3,0,0,0,0,0,0,0,0,0,,0,0,0,0,0,0,0,0,0,0,0,,0
00-0033925,D'Onta Foreman,RB,2024,17,REG,2024_17_MIA_CLE,CLE,MIA,0,0,0,0,0,0,0,13,49,0,3,0,0,2,0,0,0,0,0,0,,0,0,0,0,0,0,0,0,0,0,0,,0
00-0033948,Jamaal Williams,RB,2024,17,REG,2024_17_LV_NO,NO,LV,0,0,0,0,0,0,0,2,12,0,0,0,1,1,12,0,1,0,0,0,,0,0,0,0,0,0,0,0,0,0,0,,0
00-0033949,Joshua Dobbs,QB,2024,17,REG,2024_17_DET_SF,SF,DET,3,4,35,0,0,0,0,1,7,1,1,0,0,0,0,0,0,0,0,0,,0,0,0,0,0,0,0,0,0,0,0,,0
00-0033955,Jeremy McNichols,RB,2024,17,REG,2024_17_ATL_WAS,WAS,ATL,0,0,0,0,0,0,0,1,5,0,0,0,2,3,5,0,1,0,0,0,,0,0,0,0,0,0,0,0,0,0,0,,0
00-0034054,River Cracraft,WR,2024,17,REG,2024_17_MIA_CLE,MIA,CLE,0,0,0,0,0,0,0,0,0,0,0,0,1,1,16,0,1,0,0,0,,0,0,0,0,0,0,0,0,0,0,0,,0
00-0034115,Jeff Wilson,RB,2024,17,REG,2024_17_MIA_CLE,MIA,CLE,0,0,0,0,0,0,0,3,5,0,0,0,0,0,0,0,0,0,0,0,,0,0,0,0,0,0,0,0,0,0,0,,0
00-0034159,Will Dissly,TE,2024,17,REG,2024_17_LAC_NE,LAC,NE,0,0,0,0,0,0,0,0,0,0,0,0,2,3,21,0,2,0,0,0,,0,0,0,0,0,0,0,0,0,0,0,,0
00-0034160,Michael Dickson,P,2024,17,REG,2024_17_SEA_CHI,SEA,CHI,0,0,0,0,0,0,0,0,0,0,0,0,0,0,0,0,0,0,0,0,,0,0,0,0,0,0,0,0,6,288,267,58,3
00-0034161,Daniel Carlson,K,2024,17,REG,2024_17_LV_NO,LV,NO,0,0,0,0,0,0,0,0,0,0,0,0,0,0,0,0,0,0,4,4,54,0,1,2,0,1,0,1,2,0,0,0,,0
00-0034162,J.K. Scott,P,2024,17,REG,2024_17_LAC_NE,LAC,NE,0,0,0,0,0,0,0,0,0,0,0,0,0,0,0,0,0,0,0,0,,0,0,0,0,0,0,0,0,2,92,77,53,1
00-0034173,Eddy Pineiro,K,2024,17,REG,2024_17_CAR_TB,CAR,TB,0,0,0,0,0,0,0,0,0,0,0,0,0,0,0,0,0,0,0,1,,0,0,0,0,0,0,2,2,0,0,0,,0
00-0034208,Mike Boone,RB,2024,17,REG,2024_17_CAR_TB,CAR,TB,0,0,0,0,0,0,0,2,11,0,1,0,0,2,0,0,0,0,0,0,,0,0,0,0,0,0,0,0,0,0,0,,0
00-0034270,Tyler Conklin,TE,2024,17,REG,2024_17_NYJ_BUF,NYJ,BUF,0,0,0,0,0,0,0,0,0,0,0,0,8,8,57,1,3,0,0,0,,0,0,0,0,0,0,0,0,0,0,0,,0
00-0034272,Marquez Valdes-Scantling,WR,2024,17,REG,2024_17_LV_NO,NO,LV,0,0,0,0,0,0,0,0,0,0,0,0,0,2,0,0,0,0,0,0,,0,0,0,0,0,0,0,0,0,0,0,,0
00-0034348,Courtland Sutton,WR,2024,17,REG,2024_17_DEN_CIN,DEN,CIN,0,0,0,0,0,0,0,0,0,0,0,0,5,9,55,1,4,0,0,0,,0,0,0,0,0,0,0,0,0,0,0,,0
00-0034353,Anthony Miller,WR,2024,17,REG,2024_17_BAL_HOU,BAL,HOU,0,0,0,0,0,0,0,0,0,0,0,0,1,1,16,0,1,0,0,0,,0,0,0,0,0,0,0,0,0,0,0,,0
00-0034364,Jordan Akins,TE,2024,17,REG,2024_17_MIA_CLE,CLE,MIA,0,0,0,0,0,0,0,0,0,0,0,0,6,8,49,0,2,0,0,0,,0,0,0,0,0,0,0,0,0,0,0,,0
00-0034383,Dalton Schultz,TE,2024,17,REG,2024_17_BAL_HOU,HOU,BAL,0,0,0,0,0,0,0,0,0,0,0,0,2,6,21,0,1,0,0,0,,0,0,0,0,0,0,0,0,0,0,0,,0
00-0034386,Justin Watson,WR,2024,17,REG,2024_17_KC_PIT,KC,PIT,0,0,0,0,0,0,0,0,0,0,0,0,2,2,60,1,2,0,0,0,,0,0,0,0,0,0,0,0,0,0,0,,0
00-0034407,Ray-Ray McCloud,WR,2024,17,REG,2024_17_ATL_WAS,ATL,WAS,0,0,0,0,0,0,0,1,14,0,1,0,1,1,13,0,1,0,0,0,,0,0,0,0,0,0,0,0,0,0,0,,0
00-0034418,Cedrick Wilson Jr.,WR,2024,17,REG,2024_17_LV_NO,NO,LV,0,0,0,0,0,1,-3,0,0,0,0,0,3,4,17,0,0,0,0,0,,0,0,0,0,0,0,0,0,0,0,0,,0
00-0034437,Logan Cooke,P,2024,17,REG,2024_17_TEN_JAX,JAX,TEN,0,0,0,0,0,0,0,0,0,0,0,0,0,0,0,0,0,0,0,0,,0,0,0,0,0,0,0,0,3,130,121,48,1
00-0034521,Allen Lazard,WR,2024,17,REG,2024_17_NYJ_BUF,NYJ,BUF,0,0,0,0,0,0,0,0,0,0,0,0,1,3,9,0,1,0,0,0,,0,0,0,0,0,0,0,0,0,0,0,,0
00-0034721,Corey Bojorquez,P,2024,17,REG,2024_17_MIA_CLE,CLE,MIA,0,0,0,0,0,0,0,0,0,0,0,0,0,0,0,0,0,0,0,0,,0,0,0,0,0,0,0,0,5,250,212,68,0
00-0034753,Mark Andrews,TE,2024,17,REG,2024_17_BAL_HOU,BAL,HOU,0,0,0,0,0,0,0,0,0,0,0,0,2,2,68,1,2,0,0,0,,0,0,0,0,0,0,0,0,0,0,0,,0
00-0034771,Mason Rudolph,QB,2024,17,REG,2024_17_TEN_JAX,TEN,JAX,19,31,193,1,1,3,-15,5,23,0,3,0,0,0,0,0,0,0,0,0,,0,0,0,0,0,0,0,0,0,0,0,,0
00-0034777,DJ Chark,WR,2024,17,REG,2024_17_LAC_NE,LAC,NE,0,0,0,0,0,0,0,0,0,0,0,0,0,4,0,0,0,0,0,0,,0,0,0,0,0,0,0,0,0,0,0,,0
00-0034794,Jason Sanders,K,2024,17,REG,2024_17_MIA_CLE,MIA,CLE,0,0,0,0,0,0,0,0,0,0,0,0,0,0,0,0,0,0,2,2,54,0,0,1,0,1,0,2,2,0,0,0,,0
00-0034796,Lamar Jackson,QB,2024,17,REG,2024_17_BAL_HOU,BAL,HOU,10,15,168,2,0,1,-3,4,87,1,3,0,0,0,0,0,0,0,0,0,,0,0,0,0,0,0,0,0,0,0,0,,0
00-0034827,DJ Moore,WR,2024,17,REG,2024_17_SEA_CHI,CHI,SEA,0,0,0,0,0,0,0,2,8,0,0,0,6,8,54,0,2,0,0,0,,0,0,0,0,0,0,0,0,0,0,0,,0
00-0034829,Mike Gesicki,TE,2024,17,REG,2024_17_DEN_CIN,CIN,DEN,0,0,0,0,0,0,0,0,0,0,0,0,10,12,86,0,5,0,0,0,,0,0,0,0,0,0,0,0,0,0,0,,0
00-0034837,Calvin Ridley,WR,2024,17,REG,2024_17_TEN_JAX,TEN,JAX,0,0,0,0,0,0,0,1,7,0,0,0,5,6,84,0,5,0,0,0,,0,0,0,0,0,0,0,0,0,0,0,,0
00-0034844,Saquon Barkley,RB,2024,17,REG,2024_17_DAL_PHI,PHI,DAL,0,0,0,0,0,0,0,31,167,0,9,0,2,2,2,0,0,0,0,0,,0,0,0,0,0,0,0,0,0,0,0,,0
00-0034854,KhaDarel Hodge,WR,2024,17,REG,2024_17_ATL_WAS,ATL,WAS,0,0,0,0,0,0,0,0,0,0,0,0,1,4,9,0,1,0,0,0,,0,0,0,0,0,0,0,0,0,0,0,,0
00-0034855,Baker Mayfield,QB,2024,17,REG,2024_17_CAR_TB,TB,CAR,27,32,359,5,0,2,-10,1,2,0,0,0,0,0,0,0,0,0,0,0,,0,0,0,0,0,0,0,0,0,0,0,,0
00-0034857,Josh Allen,QB,2024,17,REG,2024_17_NYJ_BUF,BUF,NYJ,16,27,182,2,0,0,0,5,17,1,3,0,0,0,0,0,0,0,0,0,,0,0,0,0,0,0,0,0,0,0,0,,0
00-0034860,Dante Pettis,WR,2024,17,REG,2024_17_LV_NO,NO,LV,0,0,0,0,0,0,0,0,0,0,0,0,3,4,27,0,1,0,0,0,,0,0,0,0,0,0,0,0,0,0,0,,0
00-0034869,Sam Darnold,QB,2024,17,REG,2024_17_GB_MIN,MIN,GB,33,43,377,3,1,1,-5,3,-3,0,0,0,0,0,0,0,0,0,0,0,,0,0,0,0,0,0,0,0,0,0,0,,0
00-0034960,Jakobi Meyers,WR,2024,17,REG,2024_17_LV_NO,LV,NO,0,0,0,0,0,0,0,0,0,0,0,0,5,9,61,1,4,0,0,0,,0,0,0,0,0,0,0,0,0,0,0,,0
00-0034972,Alexander Mattison,RB,2024,17,REG,2024_17_LV_NO,LV,NO,0,0,0,0,0,0,0,10,32,0,1,0,1,3,6,0,0,0,0,0,,0,0,0,0,0,0,0,0,0,0,0,,0
00-0034981,Foster Moreau,TE,2024,17,REG,2024_17_LV_NO,NO,LV,0,0,0,0,0,0,0,0,0,0,0,0,3,5,47,1,1,0,0,0,,0,0,0,0,0,0,0,0,0,0,0,,0
00-0035042,Jamie Gillan,P,2024,17,REG,2024_17_IND_NYG,NYG,IND,0,0,0,0,0,0,0,0,0,0,0,0,0,0,0,0,0,0,0,0,,0,0,0,0,0,0,0,0,3,146,139,51,0
00-0035189,Matthew Wright,K,2024,17,REG,2024_17_TEN_JAX,TEN,JAX,0,0,0,0,0,0,0,0,0,0,0,0,0,0,0,0,0,0,2,2,39,0,1,1,0,0,0,1,1,0,0,0,,0
00-0035190,AJ Cole,P,2024,17,REG,2024_17_LV_NO,LV,NO,0,0,0,0,0,0,0,0,0,0,0,0,0,0,0,0,0,0,0,0,,0,0,0,0,0,0,0,0,4,198,157,71,2
00-0035192,Joey Slye,K,2024,17,REG,2024_17_LAC_NE,NE,LAC,0,0,0,0,0,0,0,0,0,0,0,0,0,0,0,0,0,0,0,0,,0,0,0,0,0,0,1,1,0,0,0,,0
00-0035208,Olamide Zaccheaus,WR,2024,17,REG,2024_17_ATL_WAS,WAS,ATL,0,0,0,0,0,0,0,1,8,0,1,0,8,9,85,1,5,0,0,0,,0,0,0,0,0,0,0,0,0,0,0,,0
00-0035228,Kyler Murray,QB,2024,17,REG,2024_17_ARI_LA,ARI,LA,33,48,321,1,2,4,-38,4,32,0,1,0,0,0,0,0,0,0,0,0,,0,0,0,0,0,0,0,0,0,0,0,,0
00-0035229,T.J. Hockenson,TE,2024,17,REG,2024_17_GB_MIN,MIN,GB,0,0,0,0,0,0,0,0,0,0,0,0,5,6,68,0,4,0,0,0,,0,0,0,0,0,0,0,0,0,0,0,,0
00-0035250,Devin Singletary,RB,2024,17,REG,2024_17_IND_NYG,NYG,IND,0,0,0,0,0,0,0,5,21,0,1,0,1,1,9,0,0,0,0,0,,0,0,0,0,0,0,0,0,0,0,0,,0
00-0035269,Matt Gay,K,2024,17,REG,2024_17_IND_NYG,IND,NYG,0,0,0,0,0,0,0,0,0,0,0,0,0,0,0,0,0,0,2,3,32,0,1,1,0,0,0,3,3,0,0,0,,0
00-0035280,Jake Bailey,P,2024,17,REG,2024_17_MIA_CLE,MIA,CLE,0,0,0,0,0,0,0,0,0,0,0,0,0,0,0,0,0,0,0,0,,0,0,0,0,0,0,0,0,7,307,258,53,2
00-0035358,Chase McLaughlin,K,2024,17,REG,2024_17_CAR_TB,TB,CAR,0,0,0,0,0,0,0,0,0,0,0,0,0,0,0,0,0,0,2,2,34,0,1,1,0,0,0,6,6,0,0,0,,0
00-0035500,Greg Dortch,WR,2024,17,REG,2024_17_ARI_LA,ARI,LA,0,0,0,0,0,0,0,0,0,0,0,0,3,3,18,0,0,0,0,0,,0,0,0,0,0,0,0,0,0,0,0,,0
00-0035535,Darius Slayton,WR,2024,17,REG,2024_17_IND_NYG,NYG,IND,0,0,0,0,0,0,0,0,0,0,0,0,1,3,32,1,1,0,0,0,,0,0,0,0,0,0,0,0,0,0,0,,0
00-0035537,Ty Johnson,RB,2024,17,REG,2024_17_NYJ_BUF,BUF,NYJ,0,0,0,0,0,0,0,4,16,0,1,0,1,1,9,0,1,0,0,0,,0,0,0,0,0,0,0,0,0,0,0,,0
00-0035567,Craig Reynolds,RB,2024,17,REG,2024_17_DET_SF,DET,SF,0,0,0,0,0,0,0,7,31,0,1,0,2,2,35,0,2,0,0,0,,0,0,0,0,0,0,0,0,0,0,0,,0
00-0035628,D'Ernest Johnson,RB,2024,17,REG,2024_17_TEN_JAX,JAX,TEN,0,0,0,0,0,0,0,0,0,0,0,0,2,2,11,0,0,0,0,0,,0,0,0,0,0,0,0,0,0,0,0,,0
00-0035631,Drew Sample,TE,2024,17,REG,2024_17_DEN_CIN,CIN,DEN,0,0,0,0,0,0,0,0,0,0,0,0,1,1,3,0,1,0,0,0,,0,0,0,0,0,0,0,0,0,0,0,,0
00-0035640,DK Metcalf,WR,2024,17,REG,2024_17_SEA_CHI,SEA,CHI,0,0,0,0,0,0,0,0,0,0,0,0,3,3,42,0,2,0,0,0,,0,0,0,0,0,0,0,0,0,0,0,,0
00-0035644,Noah Fant,TE,2024,17,REG,2024_17_SEA_CHI,SEA,CHI,0,0,0,0,0,0,0,0,0,0,0,0,4,5,43,0,2,0,0,0,,0,0,0,0,0,0,0,0,0,0,0,,0
00-0035659,Terry McLaurin,WR,2024,17,REG,2024_17_ATL_WAS,WAS,ATL,0,0,0,0,0,0,0,0,0,0,0,0,1,7,5,0,0,0,0,0,,0,0,0,0,0,0,0,0,0,0,0,,0
00-0035662,Marquise Brown,WR,2024,17,REG,2024_17_KC_PIT,KC,PIT,0,0,0,0,0,0,0,0,0,0,0,0,4,7,46,0,3,0,0,0,,0,0,0,0,0,0,0,0,0,0,0,,0
00-0035676,A.J. Brown,WR,2024,17,REG,2024_17_DAL_PHI,PHI,DAL,0,0,0,0,0,0,0,0,0,0,0,0,3,5,36,1,1,0,0,0,,0,0,0,0,0,0,0,0,0,0,0,,0
00-0035689,Dawson Knox,TE,2024,17,REG,2024_17_NYJ_BUF,BUF,NYJ,0,0,0,0,0,0,0,0,0,0,0,0,1,3,4,0,0,0,0,0,,0,0,0,0,0,0,0,0,0,0,0,,0
00-0035700,Josh Jacobs,RB,2024,17,REG,2024_17_GB_MIN,GB,MIN,0,0,0,0,0,0,0,17,69,1,3,1,0,0,0,0,0,0,0,0,,0,0,0,0,0,0,0,0,0,0,0,,0
00-0035704,Drew Lock,QB,2024,17,REG,2024_17_IND_NYG,NYG,IND,17,23,309,4,0,0,0,5,0,1,1,0,0,0,0,0,0,0,0,0,,0,0,0,0,0,0,0,0,0,0,0,,0
00-0035719,Deebo Samuel Sr.,WR,2024,17,REG,2024_17_DET_SF,SF,DET,0,0,0,0,0,0,0,3,16,0,1,0,1,1,5,1,1,0,0,0,,0,0,0,0,0,0,0,0,0,0,0,,0
00-0035821,Corliss Waitman,P,2024,17,REG,2024_17_KC_PIT,PIT,KC,0,0,0,0,0,0,0,0,0,0,0,0,0,0,0,0,0,0,0,0,,0,0,0,0,0,0,0,0,4,178,144,58,0
00-0035889,Tommy Townsend,P,2024,17,REG,2024_17_BAL_HOU,HOU,BAL,0,0,0,0,0,0,0,0,0,0,0,0,0,0,0,0,0,0,0,0,,0,0,0,0,0,0,0,0,6,289,262,69,3
00-0035976,Dan Chisena,WR,2024,17,REG,2024_17_CAR_TB,CAR,TB,0,0,0,0,0,0,0,0,0,0,0,0,1,1,8,0,1,0,0,0,,0,0,0,0,0,0,0,0,0,0,0,,0
00-0035993,Tyler Huntley,QB,2024,17,REG,2024_17_MIA_CLE,MIA,CLE,22,26,225,1,0,4,-19,7,52,1,3,0,0,0,0,0,0,0,0,0,,0,0,0,0,0,0,0,0,0,0,0,,0
00-0036040,Juwan Johnson,TE,2024,17,REG,2024_17_LV_NO,NO,LV,0,0,0,0,0,0,0,0,0,0,0,0,6,10,66,0,3,0,0,0,,0,0,0,0,0,0,0,0,0,0,0,,0
00-0036139,Rico Dowdle,RB,2024,17,REG,2024_17_DAL_PHI,DAL,PHI,0,0,0,0,0,0,0,23,104,0,6,1,1,1,4,0,0,0,0,0,,0,0,0,0,0,0,0,0,0,0,0,,0
00-0036158,J.K. Dobbins,RB,2024,17,REG,2024_17_LAC_NE,LAC,NE,0,0,0,0,0,0,0,19,76,1,4,0,1,1,7,0,0,0,0,0,,0,0,0,0,0,0,0,0,0,0,0,,0
00-0036162,Tyler Bass,K,2024,17,REG,2024_17_NYJ_BUF,BUF,NYJ,0,0,0,0,0,0,0,0,0,0,0,0,0,0,0,0,0,0,1,1,39,0,0,1,0,0,0,5,5,0,0,0,,0
00-0036182,Nick Westbrook-Ikhine,WR,2024,17,REG,2024_17_TEN_JAX,TEN,JAX,0,0,0,0,0,0,0,0,0,0,0,0,3,6,37,0,2,0,0,0,,0,0,0,0,0,0,0,0,0,0,0,,0
00-0036187,Reggie Gilliam,RB,2024,17,REG,2024_17_NYJ_BUF,BUF,NYJ,0,0,0,0,0,0,0,2,3,0,0,0,0,0,0,0,0,0,0,0,,0,0,0,0,0,0,0,0,0,0,0,,0
00-0036223,Jonathan Taylor,RB,2024,17,REG,2024_17_IND_NYG,IND,NYG,0,0,0,0,0,0,0,32,125,2,7,0,2,4,11,0,0,0,0,0,,0,0,0,0,0,0,0,0,0,0,0,,0
00-0036244,Colby Parkinson,TE,2024,17,REG,2024_17_ARI_LA,LA,ARI,0,0,0,0,0,0,0,0,0,0,0,0,0,1,0,0,0,0,0,0,,0,0,0,0,0,0,0,0,0,0,0,,0
00-0036252,Michael Pittman,WR,2024,17,REG,2024_17_IND_NYG,IND,NYG,0,0,0,0,0,0,0,0,0,0,0,0,9,10,109,1,6,0,0,0,,0,0,0,0,0,0,0,0,0,0,0,,0
00-0036259,Jauan Jennings,WR,2024,17,REG,2024_17_DET_SF,SF,DET,0,0,0,0,0,0,0,0,0,0,0,0,7,10,67,0,2,0,0,0,,0,0,0,0,0,0,0,0,0,0,0,,0
00-0036264,Jordan Love,QB,2024,17,REG,2024_17_GB_MIN,GB,MIN,19,30,185,1,0,3,-18,1,6,0,0,0,0,0,0,0,0,0,0,0,,0,0,0,0,0,0,0,0,0,0,0,,0
00-0036275,D'Andre Swift,RB,2024,17,REG,2024_17_SEA_CHI,CHI,SEA,0,0,0,0,0,0,0,12,53,0,2,0,4,5,28,0,2,0,0,0,,0,0,0,0,0,0,0,0,0,0,0,,0
00-0036309,Darnell Mooney,WR,2024,17,REG,2024_17_ATL_WAS,ATL,WAS,0,0,0,0,0,0,0,0,0,0,0,0,2,5,37,0,2,0,0,0,,0,0,0,0,0,0,0,0,0,0,0,,0
00-0036313,Braden Mann,P,2024,17,REG,2024_17_DAL_PHI,PHI,DAL,0,0,0,0,0,0,0,0,0,0,0,0,0,0,0,0,0,0,0,0,,0,0,0,0,0,0,0,0,3,148,108,54,1
00-0036322,Justin Jefferson,WR,2024,17,REG,2024_17_GB_MIN,MIN,GB,0,0,0,0,0,0,0,0,0,0,0,0,8,11,92,0,2,0,0,0,,0,0,0,0,0,0,0,0,0,0,0,,0
00-0036328,Antonio Gibson,RB,2024,17,REG,2024_17_LAC_NE,NE,LAC,0,0,0,0,0,0,0,12,63,0,3,0,0,1,0,0,0,0,0,0,,0,0,0,0,0,0,0,0,0,0,0,,0
00-0036331,Devin Duvernay,WR,2024,17,REG,2024_17_TEN_JAX,JAX,TEN,0,0,0,0,0,0,0,0,0,0,0,0,1,1,4,0,1,0,0,0,,0,0,0,0,0,0,0,0,0,0,0,,0
00-0036355,Justin Herbert,QB,2024,17,REG,2024_17_LAC_NE,LAC,NE,26,38,281,3,0,0,0,3,12,0,2,0,0,0,0,0,0,0,0,0,,0,0,0,0,0,0,0,0,0,0,0,,0
00-0036360,Clyde Edwards-Helaire,RB,2024,17,REG,2024_17_LV_NO,NO,LV,0,0,0,0,0,0,0,5,20,0,1,0,2,4,10,0,0,0,0,0,,0,0,0,0,0,0,0,0,0,0,0,,0
00-0036407,Jerry Jeudy,WR,2024,17,REG,2024_17_MIA_CLE,CLE,MIA,0,0,0,0,0,0,0,0,0,0,0,0,12,18,94,0,5,0,0,0,,0,0,0,0,0,0,0,0,0,0,0,,0
00-0036410,Tee Higgins,WR,2024,17,REG,2024_17_DEN_CIN,CIN,DEN,0,0,0,0,0,0,0,0,0,0,0,0,11,12,131,3,8,1,0,0,,0,0,0,0,0,0,0,0,0,0,0,,0
00-0036414,Cam Akers,RB,2024,17,REG,2024_17_GB_MIN,MIN,GB,0,0,0,0,0,0,0,6,18,0,1,0,2,3,15,1,2,0,0,0,,0,0,0,0,0,0,0,0,0,0,0,,0
00-0036415,Van Jefferson,WR,2024,17,REG,2024_17_KC_PIT,PIT,KC,0,0,0,0,0,0,0,0,0,0,0,0,0,1,0,0,0,0,0,0,,0,0,0,0,0,0,0,0,0,0,0,,0
00-0036422,Adam Trautman,TE,2024,17,REG,2024_17_DEN_CIN,DEN,CIN,0,0,0,0,0,0,0,0,0,0,0,0,1,3,5,0,0,0,0,0,,0,0,0,0,0,0,0,0,0,0,0,,0
00-0036425,DeeJay Dallas,RB,2024,17,REG,2024_17_ARI_LA,ARI,LA,0,0,0,0,0,0,0,0,0,0,0,0,1,1,5,0,0,0,0,0,,0,0,0,0,0,0,0,0,0,0,0,,0
00-0036429,Charlie Woerner,TE,2024,17,REG,2024_17_ATL_WAS,ATL,WAS,0,0,0,0,0,0,0,0,0,0,0,0,1,1,6,0,0,0,0,0,,0,0,0,0,0,0,0,0,0,0,0,,0
00-0036442,Joe Burrow,QB,2024,17,REG,2024_17_DEN_CIN,CIN,DEN,39,49,412,3,0,7,-28,4,25,1,2,0,0,0,0,0,0,0,0,0,,0,0,0,0,0,0,0,0,0,0,0,,0
00-0036463,Chris Blair,WR,2024,17,REG,2024_17_ATL_WAS,ATL,WAS,0,0,0,0,0,0,0,0,0,0,0,0,0,1,0,0,0,0,0,0,,0,0,0,0,0,0,0,0,0,0,0,,0
00-0036497,Tim Jones,WR,2024,17,REG,2024_17_TEN_JAX,JAX,TEN,0,0,0,0,0,0,0,0,0,0,0,0,1,1,11,0,1,0,0,0,,0,0,0,0,0,0,0,0,0,0,0,,0
00-0036510,Kenny Yeboah,TE,2024,17,REG,2024_17_NYJ_BUF,NYJ,BUF,0,0,0,0,0,0,0,0,0,0,0,0,0,2,0,0,0,0,0,0,,0,0,0,0,0,0,0,0,0,0,0,,0
00-0036550,Rashod Bateman,WR,2024,17,REG,2024_17_BAL_HOU,BAL,HOU,0,0,0,0,0,0,0,0,0,0,0,0,1,1,12,0,1,0,0,0,,0,0,0,0,0,0,0,0,0,0,0,,0
00-0036554,Nico Collins,WR,2024,17,REG,2024_17_BAL_HOU,HOU,BAL,0,0,0,0,0,0,0,0,0,0,0,0,3,6,59,0,3,0,0,0,,0,0,0,0,0,0,0,0,0,0,0,,0
00-0036590,Quintin Morris,TE,2024,17,REG,2024_17_NYJ_BUF,BUF,NYJ,0,0,0,0,0,0,0,0,0,0,0,0,0,1,0,0,0,0,0,0,,0,0,0,0,0,0,0,0,0,0,0,,0
00-0036620,Dee Eskridge,WR,2024,17,REG,2024_17_MIA_CLE,MIA,CLE,0,0,0,0,0,0,0,0,0,0,0,0,1,1,8,0,0,0,0,0,,0,0,0,0,0,0,0,0,0,0,0,,0
00-0036628,John Bates,TE,2024,17,REG,2024_17_ATL_WAS,WAS,ATL,0,0,0,0,0,0,0,0,0,0,0,0,1,1,14,0,1,0,0,0,,0,0,0,0,0,0,0,0,0,0,0,,0
00-0036630,Tylan Wallace,WR,2024,17,REG,2024_17_BAL_HOU,BAL,HOU,0,0,0,0,0,0,0,0,0,0,0,0,1,1,2,0,0,0,0,0,,0,0,0,0,0,0,0,0,0,0,0,,0
00-0036637,Noah Gray,TE,2024,17,REG,2024_17_KC_PIT,KC,PIT,0,0,0,0,0,0,0,0,0,0,0,0,1,1,6,0,0,0,0,0,,0,0,0,0,0,0,0,0,0,0,0,,0
00-0036670,Jermar Jefferson,RB,2024,17,REG,2024_17_DET_SF,DET,SF,0,0,0,0,0,0,0,3,9,0,0,0,0,0,0,0,0,0,0,0,,0,0,0,0,0,0,0,0,0,0,0,,0
00-0036727,Adam Prentice,FB,2024,17,REG,2024_17_LV_NO,NO,LV,0,0,0,0,0,0,0,0,0,0,0,0,0,1,0,0,0,0,0,0,,0,0,0,0,0,0,0,0,0,0,0,,0
00-0036816,Riley Patterson,K,2024,17,REG,2024_17_ATL_WAS,ATL,WAS,0,0,0,0,0,0,0,0,0,0,0,0,0,0,0,0,0,0,1,2,39,0,0,1,0,0,0,3,3,0,0,0,,0
00-0036875,Rhamondre Stevenson,RB,2024,17,REG,2024_17_LAC_NE,NE,LAC,0,0,0,0,0,0,0,2,1,0,0,0,0,1,0,0,0,0,0,0,,0,0,0,0,0,0,0,0,0,0,0,,0
00-0036876,Kylen Granson,TE,2024,17,REG,2024_17_IND_NYG,IND,NYG,0,0,0,0,0,0,0,0,0,0,0,0,3,4,34,0,2,0,0,0,,0,0,0,0,0,0,0,0,0,0,0,,0
00-0036893,Najee Harris,RB,2024,17,REG,2024_17_KC_PIT,PIT,KC,0,0,0,0,0,0,0,13,74,0,3,0,2,4,7,0,0,0,0,0,,0,0,0,0,0,0,0,0,0,0,0,,0
00-0036894,Pat Freiermuth,TE,2024,17,REG,2024_17_KC_PIT,PIT,KC,0,0,0,0,0,0,0,0,0,0,0,0,7,8,60,0,2,1,0,0,,0,0,0,0,0,0,0,0,0,0,0,,0
00-0036898,Davis Mills,QB,2024,17,REG,2024_17_BAL_HOU,HOU,BAL,1,1,5,0,0,0,0,0,0,0,0,0,0,0,0,0,0,0,0,0,,0,0,0,0,0,0,0,0,0,0,0,,0
00-0036900,Ja'Marr Chase,WR,2024,17,REG,2024_17_DEN_CIN,CIN,DEN,0,0,0,0,0,0,0,0,0,0,0,0,9,15,102,0,4,0,0,0,,0,0,0,0,0,0,0,0,0,0,0,,0
00-0036906,Khalil Herbert,RB,2024,17,REG,2024_17_DEN_CIN,CIN,DEN,0,0,0,0,0,0,0,4,23,0,1,0,0,0,0,0,0,0,0,0,,0,0,0,0,0,0,0,0,0,0,0,,0
00-0036912,DeVonta Smith,WR,2024,17,REG,2024_17_DAL_PHI,PHI,DAL,0,0,0,0,0,0,0,0,0,0,0,0,6,7,120,2,4,0,0,0,,0,0,0,0,0,0,0,0,0,0,0,,0
00-0036919,Kenny Gainwell,RB,2024,17,REG,2024_17_DAL_PHI,PHI,DAL,0,0,0,0,0,0,0,3,4,0,0,0,1,1,5,0,0,0,0,0,,0,0,0,0,0,0,0,0,0,0,0,,0
00-0036924,Michael Carter,RB,2024,17,REG,2024_17_ARI_LA,ARI,LA,0,0,0,0,0,0,0,13,70,0,5,0,2,2,11,0,0,0,0,0,,0,0,0,0,0,0,0,0,0,0,0,,0
00-0036928,Kyle Trask,QB,2024,17,REG,2024_17_CAR_TB,TB,CAR,0,0,0,0,0,0,0,3,-2,0,0,0,0,0,0,0,0,0,0,0,,0,0,0,0,0,0,0,0,0,0,0,,0
00-0036955,Terrace Marshall Jr.,WR,2024,17,REG,2024_17_LV_NO,LV,NO,0,0,0,0,0,0,0,0,0,0,0,0,1,2,28,0,1,0,0,0,,0,0,0,0,0,0,0,0,0,0,0,,0
00-0036963,Amon-Ra St. Brown,WR,2024,17,REG,2024_17_DET_SF,DET,SF,0,0,0,0,0,0,0,0,0,0,0,0,8,10,60,1,6,0,0,0,,0,0,0,0,0,0,0,0,0,0,0,,0
00-0036970,Kyle Pitts,TE,2024,17,REG,2024_17_ATL_WAS,ATL,WAS,0,0,0,0,0,0,0,0,0,0,0,0,4,5,44,1,2,0,0,0,,0,0,0,0,0,0,0,0,0,0,0,,0
00-0036972,Mac Jones,QB,2024,17,REG,2024_17_TEN_JAX,JAX,TEN,15,22,174,2,0,2,-1,6,22,0,4,0,0,0,0,0,0,0,0,0,,0,0,0,0,0,0,0,0,0,0,0,,0
00-0036973,Travis Etienne,RB,2024,17,REG,2024_17_TEN_JAX,JAX,TEN,0,0,0,0,0,0,0,15,49,0,2,0,1,2,26,0,1,0,0,0,,0,0,0,0,0,0,0,0,0,0,0,,0
00-0036980,Elijah Moore,WR,2024,17,REG,2024_17_MIA_CLE,CLE,MIA,0,0,0,0,0,0,0,0,0,0,0,0,1,5,1,0,0,0,0,0,,0,0,0,0,0,0,0,0,0,0,0,,0
00-0036984,Trey Sermon,RB,2024,17,REG,2024_17_IND_NYG,IND,NYG,0,0,0,0,0,0,0,0,0,0,0,0,1,1,10,0,0,0,0,0,,0,0,0,0,0,0,0,0,0,0,0,,0
00-0036988,Josh Palmer,WR,2024,17,REG,2024_17_LAC_NE,LAC,NE,0,0,0,0,0,0,0,0,0,0,0,0,4,6,41,0,2,0,0,0,,0,0,0,0,0,0,0,0,0,0,0,,0
00-0036997,Javonte Williams,RB,2024,17,REG,2024_17_DEN_CIN,DEN,CIN,0,0,0,0,0,0,0,0,0,0,0,0,2,2,0,0,0,0,0,0,,0,0,0,0,0,0,0,0,0,0,0,,0
00-0037012,Trey Lance,QB,2024,17,REG,2024_17_DAL_PHI,DAL,PHI,1,1,1,0,0,0,0,1,1,0,0,0,0,0,0,0,0,0,0,0,,0,0,0,0,0,0,0,0,0,0,0,,0
00-0037086,Grant Calcaterra,TE,2024,17,REG,2024_17_DAL_PHI,PHI,DAL,0,0,0,0,0,0,0,0,0,0,0,0,1,2,34,0,1,0,0,0,,0,0,0,0,0,0,0,0,0,0,0,,0
00-0037091,Bo Melton,WR,2024,17,REG,2024_17_GB_MIN,GB,MIN,0,0,0,0,0,0,0,0,0,0,0,0,3,4,18,0,1,0,0,0,,0,0,0,0,0,0,0,0,0,0,0,,0
00-0037197,Isiah Pacheco,RB,2024,17,REG,2024_17_KC_PIT,KC,PIT,0,0,0,0,0,0,0,6,18,0,0,0,0,0,0,0,0,0,0,0,,0,0,0,0,0,0,0,0,0,0,0,,0
00-0037224,Cameron Dicker,K,2024,17,REG,2024_17_LAC_NE,LAC,NE,0,0,0,0,0,0,0,0,0,0,0,0,0,0,0,0,0,0,4,4,41,0,1,2,1,0,0,4,4,0,0,0,,0
00-0037228,Jaylen Warren,RB,2024,17,REG,2024_17_KC_PIT,PIT,KC,0,0,0,0,0,0,0,11,71,0,4,0,5,6,41,0,3,0,0,0,,0,0,0,0,0,0,0,0,0,0,0,,0
00-0037231,Kevin Austin Jr.,WR,2024,17,REG,2024_17_LV_NO,NO,LV,0,0,0,0,0,0,0,0,0,0,0,0,1,2,23,0,1,0,0,0,,0,0,0,0,0,0,0,0,0,0,0,,0
00-0037238,Drake London,WR,2024,17,REG,2024_17_ATL_WAS,ATL,WAS,0,0,0,0,0,0,0,0,0,0,0,0,7,13,106,0,5,0,0,0,,0,0,0,0,0,0,0,0,0,0,0,,0
00-0037240,Jameson Williams,WR,2024,17,REG,2024_17_DET_SF,DET,SF,0,0,0,0,0,0,0,2,-2,1,1,0,5,8,77,1,2,0,0,0,,0,0,0,0,0,0,0,0,0,0,0,,0
00-0037247,George Pickens,WR,2024,17,REG,2024_17_KC_PIT,PIT,KC,0,0,0,0,0,0,0,0,0,0,0,0,3,7,50,0,2,0,0,0,,0,0,0,0,0,0,0,0,0,0,0,,0
00-0037248,James Cook,RB,2024,17,REG,2024_17_NYJ_BUF,BUF,NYJ,0,0,0,0,0,0,0,15,53,1,3,0,0,0,0,0,0,0,0,0,,0,0,0,0,0,0,0,0,0,0,0,,0
00-0037256,Rachaad White,RB,2024,17,REG,2024_17_CAR_TB,TB,CAR,0,0,0,0,0,0,0,6,30,0,3,0,1,1,4,0,0,0,0,0,,0,0,0,0,0,0,0,0,0,0,0,,0
00-0037258,Dameon Pierce,RB,2024,17,REG,2024_17_BAL_HOU,HOU,BAL,0,0,0,0,0,0,0,5,13,0,0,0,0,0,0,0,0,0,0,0,,0,0,0,0,0,0,0,0,0,0,0,,0
00-0037261,Khalil Shakir,WR,2024,17,REG,2024_17_NYJ_BUF,BUF,NYJ,0,0,0,0,0,0,0,0,0,0,0,0,3,6,25,0,1,0,0,0,,0,0,0,0,0,0,0,0,0,0,0,,0
00-0037263,Tyler Allgeier,RB,2024,17,REG,2024_17_ATL_WAS,ATL,WAS,0,0,0,0,0,0,0,3,19,0,1,0,0,0,0,0,0,0,0,0,,0,0,0,0,0,0,0,0,0,0,0,,0
00-0037267,Jerome Ford,RB,2024,17,REG,2024_17_MIA_CLE,CLE,MIA,0,0,0,0,0,0,0,6,22,0,1,0,0,0,0,0,0,0,0,0,,0,0,0,0,0,0,0,0,0,0,0,,0
00-0037276,Ty Chandler,RB,2024,17,REG,2024_17_GB_MIN,MIN,GB,0,0,0,0,0,0,0,5,7,0,1,0,0,0,0,0,0,0,0,0,,0,0,0,0,0,0,0,0,0,0,0,,0
00-0037284,Matt Araiza,P,2024,17,REG,2024_17_KC_PIT,KC,PIT,0,0,0,0,0,0,0,0,0,0,0,0,0,0,0,0,0,0,0,0,,0,0,0,0,0,0,0,0,5,269,215,72,2
00-0037291,Jalen Nailor,WR,2024,17,REG,2024_17_GB_MIN,MIN,GB,0,0,0,0,0,0,0,0,0,0,0,0,5,5,81,1,3,0,0,0,,0,0,0,0,0,0,0,0,0,0,0,,0
00-0037300,Mike Woods,WR,2024,17,REG,2024_17_MIA_CLE,CLE,MIA,0,0,0,0,0,0,0,0,0,0,0,0,1,3,3,0,0,0,0,0,,0,0,0,0,0,0,0,0,0,0,0,,0
00-0037304,Connor Heyward,FB,2024,17,REG,2024_17_KC_PIT,PIT,KC,0,0,0,0,0,0,0,0,0,0,0,0,1,1,8,0,1,0,0,0,,0,0,0,0,0,0,0,0,0,0,0,,0
00-0037429,Raheem Blackshear,RB,2024,17,REG,2024_17_CAR_TB,CAR,TB,0,0,0,0,0,0,0,8,20,0,0,0,0,0,0,0,0,0,0,0,,0,0,0,0,0,0,0,0,0,0,0,,0
00-0037475,Stone Smartt,TE,2024,17,REG,2024_17_LAC_NE,LAC,NE,0,0,0,0,0,0,0,0,0,0,0,0,2,2,23,0,2,0,0,0,,0,0,0,0,0,0,0,0,0,0,0,,0
00-0037500,Ryan Wright,P,2024,17,REG,2024_17_GB_MIN,MIN,GB,0,0,0,0,0,0,0,0,0,0,0,0,0,0,0,0,0,0,0,0,,0,0,0,0,0,0,0,0,2,71,71,41,1
00-0037539,Lucas Krull,TE,2024,17,REG,2024_17_DEN_CIN,DEN,CIN,0,0,0,0,0,0,0,0,0,0,0,0,1,1,3,0,0,0,0,0,,0,0,0,0,0,0,0,0,0,0,0,,0
00-0037547,Daniel Whelan,P,2024,17,REG,2024_17_GB_MIN,GB,MIN,0,0,0,0,0,0,0,0,0,0,0,0,0,0,0,0,0,0,0,0,,0,0,0,0,0,0,0,0,4,169,169,50,1
00-0037594,Julius Chestnut,RB,2024,17,REG,2024_17_TEN_JAX,TEN,JAX,0,0,0,0,0,0,0,3,17,0,0,0,0,1,0,0,0,0,0,0,,0,0,0,0,0,0,0,0,0,0,0,,0
00-0037607,Ryan Stonehouse,P,2024,17,REG,2024_17_TEN_JAX,TEN,JAX,0,0,0,0,0,0,0,0,0,0,0,0,0,0,0,0,0,0,0,0,,0,0,0,0,0,0,0,0,3,149,120,61,1
00-0037614,John Metchie III,WR,2024,17,REG,2024_17_BAL_HOU,HOU,BAL,0,0,0,0,0,0,0,0,0,0,0,0,5,8,48,0,1,0,0,0,,0,0,0,0,0,0,0,0,0,0,0,,0
00-0037617,Hassan Haskins,RB,2024,17,REG,2024_17_LAC_NE,LAC,NE,0,0,0,0,0,0,0,8,30,0,2,0,1,1,10,0,1,0,0,0,,0,0,0,0,0,0,0,0,0,0,0,,0
00-0037654,Tucker Fisk,TE,2024,17,REG,2024_17_LAC_NE,LAC,NE,0,0,0,0,0,0,0,0,0,0,0,0,1,1,8,0,0,0,0,0,,0,0,0,0,0,0,0,0,0,0,0,,0
00-0037664,Alec Pierce,WR,2024,17,REG,2024_17_IND_NYG,IND,NYG,0,0,0,0,0,0,0,0,0,0,0,0,6,9,122,1,5,0,0,0,,0,0,0,0,0,0,0,0,0,0,0,,0
00-0037666,Jalen Tolbert,WR,2024,17,REG,2024_17_DAL_PHI,DAL,PHI,0,0,0,0,0,0,0,0,0,0,0,0,3,4,30,1,2,0,0,0,,0,0,0,0,0,0,0,0,0,0,0,,0
00-0037692,Brandon Aubrey,K,2024,17,REG,2024_17_DAL_PHI,DAL,PHI,0,0,0,0,0,0,0,0,0,0,0,0,0,0,0,0,0,0,0,1,,0,0,0,0,0,0,1,1,0,0,0,,0
00-0037740,Garrett Wilson,WR,2024,17,REG,2024_17_NYJ_BUF,NYJ,BUF,0,0,0,0,0,0,0,0,0,0,0,0,7,8,66,1,4,1,0,0,,0,0,0,0,0,0,0,0,0,0,0,,0
00-0037744,Trey McBride,TE,2024,17,REG,2024_17_ARI_LA,ARI,LA,0,0,0,0,0,0,0,0,0,0,0,0,12,16,123,1,6,0,0,0,,0,0,0,0,0,0,0,0,0,0,0,,0
00-0037745,Velus Jones Jr.,WR,2024,17,REG,2024_17_CAR_TB,CAR,TB,0,0,0,0,0,0,0,1,0,0,0,0,0,0,0,0,0,0,0,0,,0,0,0,0,0,0,0,0,0,0,0,,0
00-0037746,Brian Robinson,RB,2024,17,REG,2024_17_ATL_WAS,WAS,ATL,0,0,0,0,0,0,0,13,60,0,4,0,2,2,9,0,0,0,0,0,,0,0,0,0,0,0,0,0,0,0,0,,0
00-0037801,KaVontae Turpin,WR,2024,17,REG,2024_17_DAL_PHI,DAL,PHI,0,0,0,0,0,0,0,2,18,0,1,0,1,4,16,0,1,0,0,0,,0,0,0,0,0,0,0,0,0,0,0,,0
00-0037809,Chig Okonkwo,TE,2024,17,REG,2024_17_TEN_JAX,TEN,JAX,0,0,0,0,0,0,0,1,17,0,1,0,5,7,42,0,2,0,0,0,,0,0,0,0,0,0,0,0,0,0,0,,0
00-0037816,Romeo Doubs,WR,2024,17,REG,2024_17_GB_MIN,GB,MIN,0,0,0,0,0,0,0,0,0,0,0,0,7,11,58,0,5,0,0,0,,0,0,0,0,0,0,0,0,0,0,0,,0
00-0037827,Tyrion Davis-Price,RB,2024,17,REG,2024_17_DAL_PHI,PHI,DAL,0,0,0,0,0,0,0,3,7,0,0,0,0,0,0,0,0,0,0,0,,0,0,0,0,0,0,0,0,0,0,0,,0
00-0037834,Brock Purdy,QB,2024,17,REG,2024_17_DET_SF,SF,DET,27,35,377,3,2,2,-12,3,12,1,2,0,0,0,0,0,0,0,0,0,,0,0,0,0,0,0,0,0,0,0,0,,0
00-0037837,Calvin Austin III,WR,2024,17,REG,2024_17_KC_PIT,PIT,KC,0,0,0,0,0,0,0,0,0,0,0,0,4,5,31,0,1,0,0,0,,0,0,0,0,0,0,0,0,0,0,0,,0
00-0037838,Isaiah Likely,TE,2024,17,REG,2024_17_BAL_HOU,BAL,HOU,0,0,0,0,0,0,0,0,0,0,0,0,1,1,9,1,1,0,0,0,,0,0,0,0,0,0,0,0,0,0,0,,0
00-0037840,Kyren Williams,RB,2024,17,REG,2024_17_ARI_LA,LA,ARI,0,0,0,0,0,0,0,13,56,1,1,0,3,3,16,0,0,0,0,0,,0,0,0,0,0,0,0,0,0,0,0,,0
00-0038041,Jake Ferguson,TE,2024,17,REG,2024_17_DAL_PHI,DAL,PHI,0,0,0,0,0,0,0,0,0,0,0,0,3,5,18,0,0,1,0,0,,0,0,0,0,0,0,0,0,0,0,0,,0
00-0038094,Jordan Stout,P,2024,17,REG,2024_17_BAL_HOU,BAL,HOU,0,0,0,0,0,0,0,0,0,0,0,0,0,0,0,0,0,0,0,0,,0,0,0,0,0,0,0,0,4,165,145,50,2
00-0038097,Cade York,K,2024,17,REG,2024_17_DEN_CIN,CIN,DEN,0,0,0,0,0,0,0,0,0,0,0,0,0,0,0,0,0,0,1,2,22,0,1,0,0,0,0,3,3,0,0,0,,0
00-0038098,Pierre Strong,RB,2024,17,REG,2024_17_MIA_CLE,CLE,MIA,0,0,0,0,0,0,0,5,33,0,2,0,3,5,15,0,0,0,0,0,,0,0,0,0,0,0,0,0,0,0,0,,0
00-0038102,Kenny Pickett,QB,2024,17,REG,2024_17_DAL_PHI,PHI,DAL,10,15,143,1,0,0,0,3,3,1,2,0,0,0,0,0,0,0,0,0,,0,0,0,0,0,0,0,0,0,0,0,,0
00-0038117,Wan'Dale Robinson,WR,2024,17,REG,2024_17_IND_NYG,NYG,IND,0,0,0,0,0,0,0,0,0,0,0,0,5,6,71,1,5,0,0,0,,0,0,0,0,0,0,0,0,0,0,0,,0
00-0038120,Breece Hall,RB,2024,17,REG,2024_17_NYJ_BUF,NYJ,BUF,0,0,0,0,0,0,0,10,45,0,4,0,1,1,8,0,0,0,0,0,,0,0,0,0,0,0,0,0,0,0,0,,0
00-0038393,Dontayvion Wicks,WR,2024,17,REG,2024_17_GB_MIN,GB,MIN,0,0,0,0,0,0,0,0,0,0,0,0,4,5,43,0,2,0,0,0,,0,0,0,0,0,0,0,0,0,0,0,,0
00-0038400,Tanner McKee,QB,2024,17,REG,2024_17_DAL_PHI,PHI,DAL,3,4,54,2,0,0,0,2,-2,0,0,0,0,0,0,0,0,0,0,0,,0,0,0,0,0,0,0,0,0,0,0,,0
00-0038454,Keaton Mitchell,RB,2024,17,REG,2024_17_BAL_HOU,BAL,HOU,0,0,0,0,0,0,0,11,20,0,2,0,1,1,28,0,1,0,0,0,,0,0,0,0,0,0,0,0,0,0,0,,0
00-0038465,Malik Heath,WR,2024,17,REG,2024_17_GB_MIN,GB,MIN,0,0,0,0,0,0,0,0,0,0,0,0,1,1,3,1,1,0,0,0,,0,0,0,0,0,0,0,0,0,0,0,,0
00-0038498,E.J. Jenkins,TE,2024,17,REG,2024_17_DAL_PHI,PHI,DAL,0,0,0,0,0,0,0,0,0,0,0,0,0,1,0,0,0,0,0,0,,0,0,0,0,0,0,0,0,0,0,0,,0
00-0038542,Bijan Robinson,RB,2024,17,REG,2024_17_ATL_WAS,ATL,WAS,0,0,0,0,0,0,0,17,90,2,6,0,3,5,8,0,0,0,0,0,,0,0,0,0,0,0,0,0,0,0,0,,0
00-0038543,Jaxon Smith-Njigba,WR,2024,17,REG,2024_17_SEA_CHI,SEA,CHI,0,0,0,0,0,0,0,0,0,0,0,0,3,6,32,0,2,0,0,0,,0,0,0,0,0,0,0,0,0,0,0,,0
00-0038544,Quentin Johnston,WR,2024,17,REG,2024_17_LAC_NE,LAC,NE,0,0,0,0,0,0,0,0,0,0,0,0,5,8,48,0,4,0,0,0,,0,0,0,0,0,0,0,0,0,0,0,,0
00-0038551,Kendre Miller,RB,2024,17,REG,2024_17_LV_NO,NO,LV,0,0,0,0,0,0,0,3,3,0,0,0,1,1,16,0,1,0,0,0,,0,0,0,0,0,0,0,0,0,0,0,,0
00-0038555,Tank Bigsby,RB,2024,17,REG,2024_17_TEN_JAX,JAX,TEN,0,0,0,0,0,0,0,11,33,0,2,0,0,1,0,0,0,0,0,0,,0,0,0,0,0,0,0,0,0,0,0,,0
00-0038558,Darnell Washington,TE,2024,17,REG,2024_17_KC_PIT,PIT,KC,0,0,0,0,0,0,0,0,0,0,0,0,1,1,8,0,0,0,0,0,,0,0,0,0,0,0,0,0,0,0,0,,0
00-0038559,Michael Wilson,WR,2024,17,REG,2024_17_ARI_LA,ARI,LA,0,0,0,0,0,0,0,1,7,0,0,0,4,6,22,0,3,0,0,0,,0,0,0,0,0,0,0,0,0,0,0,,0
00-0038562,Jake Moody,K,2024,17,REG,2024_17_DET_SF,SF,DET,0,0,0,0,0,0,0,0,0,0,0,0,0,0,0,0,0,0,0,2,,0,0,0,0,0,0,4,5,0,0,0,,0
00-0038563,Tre Tucker,WR,2024,17,REG,2024_17_LV_NO,LV,NO,0,0,0,0,0,0,0,1,5,0,0,0,2,8,24,1,1,0,0,0,,0,0,0,0,0,0,0,0,0,0,0,,0
00-0038567,Chad Ryland,K,2024,17,REG,2024_17_ARI_LA,ARI,LA,0,0,0,0,0,0,0,0,0,0,0,0,0,0,0,0,0,0,1,1,28,0,1,0,0,0,0,0,1,0,0,0,,0
00-0038573,Derius Davis,WR,2024,17,REG,2024_17_LAC_NE,LAC,NE,0,0,0,0,0,0,0,1,-3,0,0,0,2,2,29,1,1,0,0,0,,0,0,0,0,0,0,0,0,0,0,0,,0
00-0038579,Aidan O'Connell,QB,2024,17,REG,2024_17_LV_NO,LV,NO,20,35,242,2,0,1,-10,3,-1,0,1,0,0,0,0,0,0,0,0,0,,0,0,0,0,0,0,0,0,0,0,0,,0
00-0038583,Dorian Thompson-Robinson,QB,2024,17,REG,2024_17_MIA_CLE,CLE,MIA,24,47,170,0,1,1,-8,4,10,0,2,0,0,0,0,0,0,0,0,0,,0,0,0,0,0,0,0,0,0,0,0,,0
00-0038589,Josh Whyle,TE,2024,17,REG,2024_17_TEN_JAX,TEN,JAX,0,0,0,0,0,0,0,0,0,0,0,0,0,1,0,0,0,0,0,0,,0,0,0,0,0,0,0,0,0,0,0,,0
00-0038597,Chase Brown,RB,2024,17,REG,2024_17_DEN_CIN,CIN,DEN,0,0,0,0,0,0,0,20,67,0,3,0,4,4,24,0,2,0,0,0,,0,0,0,0,0,0,0,0,0,0,0,,0
00-0038606,Parker Washington,WR,2024,17,REG,2024_17_TEN_JAX,JAX,TEN,0,0,0,0,0,0,0,0,0,0,0,0,3,3,31,1,2,0,0,0,,0,0,0,0,0,0,0,0,0,0,0,,0
00-0038608,Kayshon Boutte,WR,2024,17,REG,2024_17_LAC_NE,NE,LAC,0,0,0,0,0,0,0,0,0,0,0,0,4,5,28,0,0,0,0,0,,0,0,0,0,0,0,0,0,0,0,0,,0
00-0038610,Bryce Baringer,P,2024,17,REG,2024_17_LAC_NE,NE,LAC,0,0,0,0,0,0,0,0,0,0,0,0,0,0,0,0,0,0,0,0,,0,0,0,0,0,0,0,0,4,220,202,64,2
00-0038611,Chris Rodriguez Jr.,RB,2024,17,REG,2024_17_ATL_WAS,WAS,ATL,0,0,0,0,0,0,0,5,16,1,2,0,1,1,12,0,1,0,0,0,,0,0,0,0,0,0,0,0,0,0,0,,0
00-0038618,Xavier Hutchinson,WR,2024,17,REG,2024_17_BAL_HOU,HOU,BAL,0,0,0,0,0,0,0,0,0,0,0,0,2,4,21,0,1,0,0,0,,0,0,0,0,0,0,0,0,0,0,0,,0
00-0038619,Andrei Iosivas,WR,2024,17,REG,2024_17_DEN_CIN,CIN,DEN,0,0,0,0,0,0,0,0,0,0,0,0,3,4,59,0,3,0,0,0,,0,0,0,0,0,0,0,0,0,0,0,,0
00-0038621,DeMario Douglas,WR,2024,17,REG,2024_17_LAC_NE,NE,LAC,0,0,0,0,0,0,0,0,0,0,0,0,4,5,46,1,2,0,0,0,,0,0,0,0,0,0,0,0,0,0,0,,0
00-0038636,Kenny McIntosh,RB,2024,17,REG,2024_17_SEA_CHI,SEA,CHI,0,0,0,0,0,0,0,7,46,0,1,0,0,0,0,0,0,0,0,0,,0,0,0,0,0,0,0,0,0,0,0,,0
00-0038640,Jalen Brooks,WR,2024,17,REG,2024_17_DAL_PHI,DAL,PHI,0,0,0,0,0,0,0,0,0,0,0,0,1,1,12,0,1,0,0,0,,0,0,0,0,0,0,0,0,0,0,0,,0
00-0038679,Tyrell Shavers,WR,2024,17,REG,2024_17_NYJ_BUF,BUF,NYJ,0,0,0,0,0,0,0,0,0,0,0,0,1,1,69,1,1,0,0,0,,0,0,0,0,0,0,0,0,0,0,0,,0
00-0038710,Blake Whiteheart,TE,2024,17,REG,2024_17_MIA_CLE,CLE,MIA,0,0,0,0,0,0,0,0,0,0,0,0,1,1,8,0,0,0,0,0,,0,0,0,0,0,0,0,0,0,0,0,,0
00-0038738,Hunter Luepke,RB,2024,17,REG,2024_17_DAL_PHI,DAL,PHI,0,0,0,0,0,0,0,0,0,0,0,0,1,1,1,0,0,0,0,0,,0,0,0,0,0,0,0,0,0,0,0,,0
00-0038783,Nate Adkins,TE,2024,17,REG,2024_17_DEN_CIN,DEN,CIN,0,0,0,0,0,0,0,0,0,0,0,0,1,1,7,0,0,0,0,0,,0,0,0,0,0,0,0,0,0,0,0,,0
00-0038794,Jaleel McLaughlin,RB,2024,17,REG,2024_17_DEN_CIN,DEN,CIN,0,0,0,0,0,0,0,10,69,0,4,0,2,2,7,0,0,0,0,0,,0,0,0,0,0,0,0,0,0,0,0,,0
00-0038797,Emanuel Wilson,RB,2024,17,REG,2024_17_GB_MIN,GB,MIN,0,0,0,0,0,0,0,6,29,1,1,0,0,0,0,0,0,0,0,0,,0,0,0,0,0,0,0,0,0,0,0,,0
00-0038821,Rakim Jarrett,WR,2024,17,REG,2024_17_CAR_TB,TB,CAR,0,0,0,0,0,0,0,0,0,0,0,0,1,1,11,0,1,0,0,0,,0,0,0,0,0,0,0,0,0,0,0,,0
00-0038824,Ryan Miller,WR,2024,17,REG,2024_17_CAR_TB,TB,CAR,0,0,0,0,0,0,0,0,0,0,0,0,2,4,26,0,0,0,0,0,,0,0,0,0,0,0,0,0,0,0,0,,0
00-0038905,Blake Grupe,K,2024,17,REG,2024_17_LV_NO,NO,LV,0,0,0,0,0,0,0,0,0,0,0,0,0,0,0,0,0,0,1,1,34,0,0,1,0,0,0,1,1,0,0,0,,0
00-0038933,Dalton Kincaid,TE,2024,17,REG,2024_17_NYJ_BUF,BUF,NYJ,0,0,0,0,0,0,0,0,0,0,0,0,2,2,24,0,2,0,0,0,,0,0,0,0,0,0,0,0,0,0,0,,0
00-0038935,Brenton Strange,TE,2024,17,REG,2024_17_TEN_JAX,JAX,TEN,0,0,0,0,0,0,0,0,0,0,0,0,0,1,0,0,0,0,0,0,,0,0,0,0,0,0,0,0,0,0,0,,0
00-0038951,Sean Tucker,RB,2024,17,REG,2024_17_CAR_TB,TB,CAR,0,0,0,0,0,0,0,8,39,0,2,0,1,1,5,0,0,0,0,0,,0,0,0,0,0,0,0,0,0,0,0,,0
00-0038976,Marvin Mims Jr.,WR,2024,17,REG,2024_17_DEN_CIN,DEN,CIN,0,0,0,0,0,0,0,1,-1,0,0,0,8,8,103,2,3,0,0,0,,0,0,0,0,0,0,0,0,0,0,0,,0
00-0038994,Jordan Addison,WR,2024,17,REG,2024_17_GB_MIN,MIN,GB,0,0,0,0,0,0,0,0,0,0,0,0,6,8,69,1,4,0,0,0,,0,0,0,0,0,0,0,0,0,0,0,,0
00-0038996,Tucker Kraft,TE,2024,17,REG,2024_17_GB_MIN,GB,MIN,0,0,0,0,0,0,0,0,0,0,0,0,2,3,53,0,2,0,0,0,,0,0,0,0,0,0,0,0,0,0,0,,0
00-0038997,Josh Downs,WR,2024,17,REG,2024_17_IND_NYG,IND,NYG,0,0,0,0,0,0,0,0,0,0,0,0,3,4,22,0,1,0,0,0,,0,0,0,0,0,0,0,0,0,0,0,,0
00-0039021,Roschon Johnson,RB,2024,17,REG,2024_17_SEA_CHI,CHI,SEA,0,0,0,0,0,0,0,4,5,0,1,0,0,0,0,0,0,0,0,0,,0,0,0,0,0,0,0,0,0,0,0,,0
00-0039032,Tyjae Spears,RB,2024,17,REG,2024_17_TEN_JAX,TEN,JAX,0,0,0,0,0,0,0,20,95,0,6,0,3,4,8,0,0,0,0,0,,0,0,0,0,0,0,0,0,0,0,0,,0
00-0039040,De'Von Achane,RB,2024,17,REG,2024_17_MIA_CLE,MIA,CLE,0,0,0,0,0,0,0,10,25,0,1,0,2,2,13,0,0,0,0,0,,0,0,0,0,0,0,0,0,0,0,0,,0
00-0039041,Elijah Higgins,TE,2024,17,REG,2024_17_ARI_LA,ARI,LA,0,0,0,0,0,0,0,0,0,0,0,0,2,3,23,0,2,0,0,0,,0,0,0,0,0,0,0,0,0,0,0,,0
00-0039050,Payne Durham,TE,2024,17,REG,2024_17_CAR_TB,TB,CAR,0,0,0,0,0,0,0,0,0,0,0,0,2,3,36,1,2,0,0,0,,0,0,0,0,0,0,0,0,0,0,0,,0
00-0039059,Ethan Evans,P,2024,17,REG,2024_17_ARI_LA,LA,ARI,0,0,0,0,0,0,0,0,0,0,0,0,0,0,0,0,0,0,0,0,,0,0,0,0,0,0,0,0,6,299,284,57,4
00-0039062,Jonathan Mingo,WR,2024,17,REG,2024_17_DAL_PHI,DAL,PHI,0,0,0,0,0,0,0,0,0,0,0,0,1,3,12,0,0,0,0,0,,0,0,0,0,0,0,0,0,0,0,0,,0
00-0039064,Zay Flowers,WR,2024,17,REG,2024_17_BAL_HOU,BAL,HOU,0,0,0,0,0,0,0,0,0,0,0,0,2,5,31,0,1,0,0,0,,0,0,0,0,0,0,0,0,0,0,0,,0
00-0039065,Sam LaPorta,TE,2024,17,REG,2024_17_DET_SF,DET,SF,0,0,0,0,0,0,0,0,0,0,0,0,6,8,64,1,4,0,0,0,,0,0,0,0,0,0,0,0,0,0,0,,0
00-0039066,Michael Mayer,TE,2024,17,REG,2024_17_LV_NO,LV,NO,0,0,0,0,0,0,0,0,0,0,0,0,1,2,14,0,1,0,0,0,,0,0,0,0,0,0,0,0,0,0,0,,0
00-0039074,Davis Allen,TE,2024,17,REG,2024_17_ARI_LA,LA,ARI,0,0,0,0,0,0,0,0,0,0,0,0,0,1,0,0,0,0,0,0,,0,0,0,0,0,0,0,0,0,0,0,,0
00-0039075,Puka Nacua,WR,2024,17,REG,2024_17_ARI_LA,LA,ARI,0,0,0,0,0,0,0,0,0,0,0,0,10,14,129,0,5,0,0,0,,0,0,0,0,0,0,0,0,0,0,0,,0
00-0039139,Jahmyr Gibbs,RB,2024,17,REG,2024_17_DET_SF,DET,SF,0,0,0,0,0,0,0,18,117,1,5,0,4,4,46,0,1,0,0,0,,0,0,0,0,0,0,0,0,0,0,0,,0
00-0039144,Luke Musgrave,TE,2024,17,REG,2024_17_GB_MIN,GB,MIN,0,0,0,0,0,0,0,0,0,0,0,0,1,1,4,0,0,0,0,0,,0,0,0,0,0,0,0,0,0,0,0,,0
00-0039146,Jayden Reed,WR,2024,17,REG,2024_17_GB_MIN,GB,MIN,0,0,0,0,0,0,0,0,0,0,0,0,1,4,6,0,0,0,0,0,,0,0,0,0,0,0,0,0,0,0,0,,0
00-0039150,Bryce Young,QB,2024,17,REG,2024_17_CAR_TB,CAR,TB,15,28,203,2,0,5,-38,2,8,0,1,0,0,0,0,0,0,0,0,0,,0,0,0,0,0,0,0,0,0,0,0,,0
00-0039163,C.J. Stroud,QB,2024,17,REG,2024_17_BAL_HOU,HOU,BAL,17,31,185,0,1,5,-37,1,7,0,0,0,0,0,0,0,0,0,0,0,,0,0,0,0,0,0,0,0,0,0,0,,0
00-0039165,Zach Charbonnet,RB,2024,17,REG,2024_17_SEA_CHI,SEA,CHI,0,0,0,0,0,0,0,15,57,0,3,0,3,3,19,0,0,0,0,0,,0,0,0,0,0,0,0,0,0,0,0,,0
00-0039172,Jake Bates,K,2024,17,REG,2024_17_DET_SF,DET,SF,0,0,0,0,0,0,0,0,0,0,0,0,0,0,0,0,0,0,2,2,57,0,0,0,1,1,0,2,4,0,0,0,,0
00-0039244,Chris Collier,RB,2024,17,REG,2024_17_LV_NO,LV,NO,0,0,0,0,0,0,0,3,6,0,0,0,0,0,0,0,0,0,0,0,,0,0,0,0,0,0,0,0,0,0,0,,0
00-0039323,Ryan Rehkow,P,2024,17,REG,2024_17_DEN_CIN,CIN,DEN,0,0,0,0,0,0,0,0,0,0,0,0,0,0,0,0,0,0,0,0,,0,0,0,0,0,0,0,0,1,47,47,47,1
00-0039337,Malik Nabers,WR,2024,17,REG,2024_17_IND_NYG,NYG,IND,0,0,0,0,0,0,0,0,0,0,0,0,7,8,171,2,4,0,0,0,,0,0,0,0,0,0,0,0,0,0,0,,0
00-0039338,Brock Bowers,TE,2024,17,REG,2024_17_LV_NO,LV,NO,0,0,0,0,0,0,0,1,-1,0,0,0,7,7,77,0,5,0,0,0,,0,0,0,0,0,0,0,0,0,0,0,,0
00-0039342,Xavier Legette,WR,2024,17,REG,2024_17_CAR_TB,CAR,TB,0,0,0,0,0,0,0,0,0,0,0,0,5,9,28,0,2,0,0,0,,0,0,0,0,0,0,0,0,0,0,0,,0
00-0039356,Ja'Tavion Sanders,TE,2024,17,REG,2024_17_CAR_TB,CAR,TB,0,0,0,0,0,0,0,0,0,0,0,0,1,1,5,0,0,0,0,0,,0,0,0,0,0,0,0,0,0,0,0,,0
00-0039359,Cade Stover,TE,2024,17,REG,2024_17_BAL_HOU,HOU,BAL,0,0,0,0,0,0,0,0,0,0,0,0,1,1,1,0,0,0,0,0,,0,0,0,0,0,0,0,0,0,0,0,,0
00-0039361,Bucky Irving,RB,2024,17,REG,2024_17_CAR_TB,TB,CAR,0,0,0,0,0,0,0,20,113,0,7,0,4,4,77,0,3,0,0,0,,0,0,0,0,0,0,0,0,0,0,0,,0
00-0039363,Isaac Guerendo,RB,2024,17,REG,2024_17_DET_SF,SF,DET,0,0,0,0,0,0,0,9,34,0,3,0,4,4,65,0,2,0,0,0,,0,0,0,0,0,0,0,0,0,0,0,,0
00-0039373,Audric Estimé,RB,2024,17,REG,2024_17_DEN_CIN,DEN,CIN,0,0,0,0,0,0,0,9,24,0,2,0,1,1,13,0,1,0,0,0,,0,0,0,0,0,0,0,0,0,0,0,,0
00-0039376,Spencer Rattler,QB,2024,17,REG,2024_17_LV_NO,NO,LV,20,36,218,1,2,3,-27,3,46,0,3,0,0,0,0,0,0,0,0,0,,0,0,0,0,0,0,0,0,0,0,0,,0
00-0039379,Jamari Thrash,WR,2024,17,REG,2024_17_MIA_CLE,CLE,MIA,0,0,0,0,0,0,0,0,0,0,0,0,0,1,0,0,0,0,0,0,,0,0,0,0,0,0,0,0,0,0,0,,0
00-0039384,Tyrone Tracy Jr.,RB,2024,17,REG,2024_17_IND_NYG,NYG,IND,0,0,0,0,0,0,0,20,59,0,1,0,2,3,14,0,0,0,0,0,,0,0,0,0,0,0,0,0,0,0,0,,0
00-0039391,Kimani Vidal,RB,2024,17,REG,2024_17_LAC_NE,LAC,NE,0,0,0,0,0,0,0,5,24,0,1,0,0,2,0,0,0,0,0,0,,0,0,0,0,0,0,0,0,0,0,0,,0
00-0039404,Will Reichard,K,2024,17,REG,2024_17_GB_MIN,MIN,GB,0,0,0,0,0,0,0,0,0,0,0,0,0,0,0,0,0,0,2,4,50,0,1,0,0,1,0,3,3,0,0,0,,0
00-0039409,Cam Little,K,2024,17,REG,2024_17_TEN_JAX,JAX,TEN,0,0,0,0,0,0,0,0,0,0,0,0,0,0,0,0,0,0,2,2,48,0,0,0,2,0,0,2,2,0,0,0,,0
00-0039410,Ryan Flournoy,WR,2024,17,REG,2024_17_DAL_PHI,DAL,PHI,0,0,0,0,0,0,0,0,0,0,0,0,1,2,3,0,0,0,0,0,,0,0,0,0,0,0,0,0,0,0,0,,0
00-0039424,Devaughn Vele,WR,2024,17,REG,2024_17_DEN_CIN,DEN,CIN,0,0,0,0,0,0,0,0,0,0,0,0,2,2,27,0,2,0,0,0,,0,0,0,0,0,0,0,0,0,0,0,,0
00-0039477,Jack Browning,P,2024,17,REG,2024_17_CAR_TB,TB,CAR,0,0,0,0,0,0,0,0,0,0,0,0,0,0,0,0,0,0,0,0,,0,0,0,0,0,0,0,0,1,52,52,52,0
00-0039491,Jalen Coker,WR,2024,17,REG,2024_17_CAR_TB,CAR,TB,0,0,0,0,0,0,0,0,0,0,0,0,2,2,35,0,2,0,0,0,,0,0,0,0,0,0,0,0,0,0,0,,0
00-0039589,Kameron Johnson,WR,2024,17,REG,2024_17_CAR_TB,TB,CAR,0,0,0,0,0,0,0,1,11,0,1,0,0,0,0,0,0,0,0,0,,0,0,0,0,0,0,0,0,0,0,0,,0
00-0039611,Matthew Hayball,P,2024,17,REG,2024_17_LV_NO,NO,LV,0,0,0,0,0,0,0,0,0,0,0,0,0,0,0,0,0,0,0,0,,0,0,0,0,0,0,0,0,7,330,298,64,3
00-0039631,Cam Grandy,TE,2024,17,REG,2024_17_DEN_CIN,CIN,DEN,0,0,0,0,0,0,0,0,0,0,0,0,1,1,7,0,0,0,0,0,,0,0,0,0,0,0,0,0,0,0,0,,0
00-0039732,Bo Nix,QB,2024,17,REG,2024_17_DEN_CIN,DEN,CIN,24,31,219,3,1,2,-13,7,31,0,3,0,0,0,0,0,0,0,0,0,,0,0,0,0,0,0,0,0,0,0,0,,0
00-0039738,Blake Corum,RB,2024,17,REG,2024_17_ARI_LA,LA,ARI,0,0,0,0,0,0,0,3,-4,0,0,0,0,0,0,0,0,0,0,0,,0,0,0,0,0,0,0,0,0,0,0,,0
00-0039745,Tory Taylor,P,2024,17,REG,2024_17_SEA_CHI,CHI,SEA,0,0,0,0,0,0,0,0,0,0,0,0,0,0,0,0,0,0,0,0,,0,0,0,0,0,0,0,0,7,327,327,50,5
00-0039750,Joshua Karty,K,2024,17,REG,2024_17_ARI_LA,LA,ARI,0,0,0,0,0,0,0,0,0,0,0,0,0,0,0,0,0,0,2,2,53,0,1,0,0,1,0,1,1,0,0,0,,0
00-0039751,Jordan Whittington,WR,2024,17,REG,2024_17_ARI_LA,LA,ARI,0,0,0,0,0,0,0,0,0,0,0,0,1,1,6,0,1,0,0,0,,0,0,0,0,0,0,0,0,0,0,0,,0
00-0039754,Devin Culp,TE,2024,17,REG,2024_17_CAR_TB,TB,CAR,0,0,0,0,0,0,0,0,0,0,0,0,3,4,52,0,2,0,0,0,,0,0,0,0,0,0,0,0,0,0,0,,0
00-0039792,Devontez Walker,WR,2024,17,REG,2024_17_BAL_HOU,BAL,HOU,0,0,0,0,0,0,0,0,0,0,0,0,0,2,0,0,0,0,0,0,,0,0,0,0,0,0,0,0,0,0,0,,0
00-0039794,Braelon Allen,RB,2024,17,REG,2024_17_NYJ_BUF,NYJ,BUF,0,0,0,0,0,0,0,6,26,0,2,0,0,0,0,0,0,0,0,0,,0,0,0,0,0,0,0,0,0,0,0,,0
00-0039796,Rasheen Ali,RB,2024,17,REG,2024_17_BAL_HOU,BAL,HOU,0,0,0,0,0,0,0,1,-3,0,0,0,0,0,0,0,0,0,0,0,,0,0,0,0,0,0,0,0,0,0,0,,0
00-0039798,Isaiah Davis,RB,2024,17,REG,2024_17_NYJ_BUF,NYJ,BUF,0,0,0,0,0,0,0,3,35,0,3,0,1,1,8,0,0,0,0,0,,0,0,0,0,0,0,0,0,0,0,0,,0
00-0039849,Marvin Harrison Jr.,WR,2024,17,REG,2024_17_ARI_LA,ARI,LA,0,0,0,0,0,0,0,0,0,0,0,0,6,10,96,0,4,0,0,0,,0,0,0,0,0,0,0,0,0,0,0,,0
00-0039851,Drake Maye,QB,2024,17,REG,2024_17_LAC_NE,NE,LAC,12,22,117,1,0,4,-30,6,32,0,1,1,0,0,0,0,0,0,0,0,,0,0,0,0,0,0,0,0,0,0,0,,0
00-0039853,Javon Baker,WR,2024,17,REG,2024_17_LAC_NE,NE,LAC,0,0,0,0,0,0,0,0,0,0,0,0,0,1,0,0,0,0,0,0,,0,0,0,0,0,0,0,0,0,0,0,,0
00-0039855,Jalen McMillan,WR,2024,17,REG,2024_17_CAR_TB,TB,CAR,0,0,0,0,0,0,0,1,9,0,1,0,5,5,51,2,3,0,0,0,,0,0,0,0,0,0,0,0,0,0,0,,0
00-0039868,Troy Franklin,WR,2024,17,REG,2024_17_DEN_CIN,DEN,CIN,0,0,0,0,0,0,0,0,0,0,0,0,1,2,-1,0,0,0,0,0,,0,0,0,0,0,0,0,0,0,0,0,,0
00-0039875,Ray Davis,RB,2024,17,REG,2024_17_NYJ_BUF,BUF,NYJ,0,0,0,0,0,0,0,6,9,0,0,0,1,1,4,0,0,0,0,0,,0,0,0,0,0,0,0,0,0,0,0,,0
00-0039880,Malik Washington,WR,2024,17,REG,2024_17_MIA_CLE,MIA,CLE,0,0,0,0,0,0,0,1,-11,0,0,0,4,5,41,0,3,0,0,0,,0,0,0,0,0,0,0,0,0,0,0,,0
00-0039890,Adonai Mitchell,WR,2024,17,REG,2024_17_IND_NYG,IND,NYG,0,0,0,0,0,0,0,0,0,0,0,0,2,4,22,0,2,0,0,0,,0,0,0,0,0,0,0,0,0,0,0,,0
00-0039893,Brian Thomas Jr.,WR,2024,17,REG,2024_17_TEN_JAX,JAX,TEN,0,0,0,0,0,0,0,1,18,0,1,0,7,10,91,1,4,0,0,0,,0,0,0,0,0,0,0,0,0,0,0,,0
00-0039894,Xavier Worthy,WR,2024,17,REG,2024_17_KC_PIT,KC,PIT,0,0,0,0,0,0,0,2,10,0,0,0,8,9,79,1,5,0,0,0,,0,0,0,0,0,0,0,0,0,0,0,,0
00-0039901,Keon Coleman,WR,2024,17,REG,2024_17_NYJ_BUF,BUF,NYJ,0,0,0,0,0,0,0,0,0,0,0,0,3,7,27,1,2,0,0,0,,0,0,0,0,0,0,0,0,0,0,0,,0
00-0039907,Ja'Lynn Polk,WR,2024,17,REG,2024_17_LAC_NE,NE,LAC,0,0,0,0,0,0,0,0,0,0,0,0,0,1,0,0,0,0,0,0,,0,0,0,0,0,0,0,0,0,0,0,,0
00-0039910,Jayden Daniels,QB,2024,17,REG,2024_17_ATL_WAS,WAS,ATL,24,36,227,3,1,5,-31,16,127,0,7,0,0,0,0,0,0,0,0,0,,0,0,0,0,0,0,0,0,0,0,0,,0
00-0039915,Ladd McConkey,WR,2024,17,REG,2024_17_LAC_NE,LAC,NE,0,0,0,0,0,0,0,0,0,0,0,0,8,10,94,2,4,0,0,0,,0,0,0,0,0,0,0,0,0,0,0,,0
00-0039916,Ricky Pearsall,WR,2024,17,REG,2024_17_DET_SF,SF,DET,0,1,0,0,0,0,0,2,6,0,0,0,8,10,141,1,7,0,0,0,,0,0,0,0,0,0,0,0,0,0,0,,0
00-0039917,Michael Penix Jr.,QB,2024,17,REG,2024_17_ATL_WAS,ATL,WAS,19,35,223,1,1,2,-12,2,3,0,0,0,0,0,0,0,0,0,0,0,,0,0,0,0,0,0,0,0,0,0,0,,0
00-0039918,Caleb Williams,QB,2024,17,REG,2024_17_SEA_CHI,CHI,SEA,16,28,122,0,1,7,-46,5,37,0,1,0,0,0,0,0,0,0,0,0,,0,0,0,0,0,0,0,0,0,0,0,,0
00-0039919,Rome Odunze,WR,2024,17,REG,2024_17_SEA_CHI,CHI,SEA,0,0,0,0,0,0,0,0,0,0,0,0,1,4,15,0,1,0,0,0,,0,0,0,0,0,0,0,0,0,0,0,,0
00-0023459,Aaron Rodgers,QB,2024,18,REG,2024_18_MIA_NYJ,NYJ,MIA,23,36,274,4,1,3,-17,0,0,0,0,0,0,0,0,0,0,0,0,0,,0,0,0,0,0,0,0,0,0,0,0,,0
00-0026158,Joe Flacco,QB,2024,18,REG,2024_18_JAX_IND,IND,JAX,23,40,264,1,0,3,-12,0,0,0,0,0,0,0,0,0,0,0,0,0,,0,0,0,0,0,0,0,0,0,0,0,,0
00-0026858,Graham Gano,K,2024,18,REG,2024_18_NYG_PHI,NYG,PHI,0,0,0,0,0,0,0,0,0,0,0,0,0,0,0,0,0,0,2,2,53,0,1,0,0,1,0,1,1,0,0,0,,0
00-0027114,Thomas Morstead,P,2024,18,REG,2024_18_MIA_NYJ,NYJ,MIA,0,0,0,0,0,0,0,0,0,0,0,0,0,0,0,0,0,0,0,0,,0,0,0,0,0,0,0,0,4,157,155,49,1
00-0028872,Johnny Hekker,P,2024,18,REG,2024_18_CAR_ATL,CAR,ATL,0,0,0,0,0,0,0,0,0,0,0,0,0,0,0,0,0,0,0,0,,0,0,0,0,0,0,0,0,3,155,146,57,2
00-0029263,Russell Wilson,QB,2024,18,REG,2024_18_CIN_PIT,PIT,CIN,17,31,148,1,0,4,-29,4,16,0,2,0,0,0,0,0,0,0,0,0,,0,0,0,0,0,0,0,0,0,0,0,,0
00-0029597,Justin Tucker,K,2024,18,REG,2024_18_CLE_BAL,BAL,CLE,0,0,0,0,0,0,0,0,0,0,0,0,0,0,0,0,0,0,0,0,,0,0,0,0,0,0,5,5,0,0,0,,0
00-0029692,Bryan Anger,P,2024,18,REG,2024_18_WAS_DAL,DAL,WAS,0,0,0,0,0,0,0,0,0,0,0,0,0,0,0,0,0,0,0,0,,0,0,0,0,0,0,0,0,4,198,175,58,1
00-0029822,Brandon McManus,K,2024,18,REG,2024_18_CHI_GB,GB,CHI,0,0,0,0,0,0,0,0,0,0,0,0,0,0,0,0,0,0,3,3,55,0,0,2,0,1,0,1,1,0,0,0,,0
00-0029892,Kyle Juszczyk,FB,2024,18,REG,2024_18_SF_ARI,SF,ARI,0,0,0,0,0,0,0,0,0,0,0,0,2,3,49,1,2,0,0,0,,0,0,0,0,0,0,0,0,0,0,0,,0
00-0030035,Adam Thielen,WR,2024,18,REG,2024_18_CAR_ATL,CAR,ATL,0,0,0,0,0,0,0,0,0,0,0,0,5,6,44,0,1,0,0,0,,0,0,0,0,0,0,0,0,0,0,0,,0
00-0030061,Zach Ertz,TE,2024,18,REG,2024_18_WAS_DAL,WAS,DAL,0,0,0,0,0,0,0,0,0,0,0,0,5,5,44,1,3,0,0,0,,0,0,0,0,0,0,0,0,0,0,0,,0
00-0030092,Sam Martin,P,2024,18,REG,2024_18_BUF_NE,BUF,NE,0,0,0,0,0,0,0,0,0,0,0,0,0,0,0,0,0,0,0,0,,0,0,0,0,0,0,0,0,4,163,137,53,1
00-0030098,Dustin Hopkins,K,2024,18,REG,2024_18_CLE_BAL,CLE,BAL,0,0,0,0,0,0,0,0,0,0,0,0,0,0,0,0,0,0,1,1,23,0,1,0,0,0,0,1,1,0,0,0,,0
00-0030140,Tress Way,P,2024,18,REG,2024_18_WAS_DAL,WAS,DAL,0,0,0,0,0,0,0,0,0,0,0,0,0,0,0,0,0,0,0,0,,0,0,0,0,0,0,0,0,5,238,237,56,3
00-0030279,Keenan Allen,WR,2024,18,REG,2024_18_CHI_GB,CHI,GB,0,1,0,0,1,0,0,0,0,0,0,0,3,3,25,0,2,0,0,0,,0,0,0,0,0,0,0,0,0,0,0,,0
00-0030431,Robert Woods,WR,2024,18,REG,2024_18_HOU_TEN,HOU,TEN,0,0,0,0,0,0,0,0,0,0,0,0,2,3,39,0,1,1,0,0,,0,0,0,0,0,0,0,0,0,0,0,,0
00-0030565,Geno Smith,QB,2024,18,REG,2024_18_SEA_LA,SEA,LA,20,27,223,4,0,2,-13,2,14,0,1,0,0,0,0,0,0,0,0,0,,0,0,0,0,0,0,0,0,0,0,0,,0
00-0030578,Cordarrelle Patterson,RB,2024,18,REG,2024_18_CIN_PIT,PIT,CIN,0,0,0,0,0,0,0,1,1,0,0,0,0,0,0,0,0,0,0,0,,0,0,0,0,0,0,0,0,0,0,0,,0
00-0031079,Pat O'Donnell,P,2024,18,REG,2024_18_SF_ARI,SF,ARI,0,0,0,0,0,0,0,0,0,0,0,0,0,0,0,0,0,0,0,0,,0,0,0,0,0,0,0,0,2,100,76,50,1
00-0031136,Chris Boswell,K,2024,18,REG,2024_18_CIN_PIT,PIT,CIN,0,0,0,0,0,0,0,0,0,0,0,0,0,0,0,0,0,0,1,1,54,0,0,0,0,1,0,2,2,0,0,0,,0
00-0031203,Cairo Santos,K,2024,18,REG,2024_18_CHI_GB,CHI,GB,0,0,0,0,0,0,0,0,0,0,0,0,0,0,0,0,0,0,1,1,51,0,0,0,0,1,0,3,3,0,0,0,,0
00-0031236,Brandin Cooks,WR,2024,18,REG,2024_18_WAS_DAL,DAL,WAS,0,0,0,0,0,0,0,1,-5,0,0,0,3,9,15,0,1,0,0,0,,0,0,0,0,0,0,0,0,0,0,0,,0
00-0031345,Jimmy Garoppolo,QB,2024,18,REG,2024_18_SEA_LA,LA,SEA,27,41,334,2,1,3,-15,2,5,0,0,0,0,0,0,0,0,0,0,0,,0,0,0,0,0,0,0,0,0,0,0,,0
00-0031363,Michael Palardy,P,2024,18,REG,2024_18_SF_ARI,ARI,SF,0,0,0,0,0,0,0,0,0,0,0,0,0,0,0,0,0,0,0,0,,0,0,0,0,0,0,0,0,4,180,165,48,1
00-0031381,Davante Adams,WR,2024,18,REG,2024_18_MIA_NYJ,NYJ,MIA,0,0,0,0,0,0,0,0,0,0,0,0,6,12,88,1,4,0,0,0,,0,0,0,0,0,0,0,0,0,0,0,,0
00-0031408,Mike Evans,WR,2024,18,REG,2024_18_NO_TB,TB,NO,0,0,0,0,0,0,0,0,0,0,0,0,9,14,89,0,4,0,0,0,,0,0,0,0,0,0,0,0,0,0,0,,0
00-0031484,Chris Manhertz,TE,2024,18,REG,2024_18_NYG_PHI,NYG,PHI,0,0,0,0,0,0,0,0,0,0,0,0,1,1,16,0,1,0,0,0,,0,0,0,0,0,0,0,0,0,0,0,,0
00-0031492,Jason Myers,K,2024,18,REG,2024_18_SEA_LA,SEA,LA,0,0,0,0,0,0,0,0,0,0,0,0,0,0,0,0,0,0,1,1,56,0,0,0,0,1,0,3,3,0,0,0,,0
00-0031595,Michael Burton,FB,2024,18,REG,2024_18_KC_DEN,DEN,KC,0,0,0,0,0,0,0,1,3,0,0,0,0,0,0,0,0,0,0,0,,0,0,0,0,0,0,0,0,0,0,0,,0
00-0032128,Chris Conley,WR,2024,18,REG,2024_18_SF_ARI,SF,ARI,0,0,0,0,0,0,0,0,0,0,0,0,4,4,59,0,2,0,0,0,,0,0,0,0,0,0,0,0,0,0,0,,0
00-0032211,Tyler Lockett,WR,2024,18,REG,2024_18_SEA_LA,SEA,LA,0,0,0,0,0,0,0,0,0,0,0,0,2,4,28,0,2,0,0,0,,0,0,0,0,0,0,0,0,0,0,0,,0
00-0032268,Marcus Mariota,QB,2024,18,REG,2024_18_WAS_DAL,WAS,DAL,15,18,161,2,0,2,-25,5,56,1,3,0,0,0,0,0,0,0,0,0,,0,0,0,0,0,0,0,0,0,0,0,,0
00-0032385,Sterling Shepard,WR,2024,18,REG,2024_18_NO_TB,TB,NO,0,0,0,0,0,0,0,0,0,0,0,0,1,2,11,0,1,0,0,0,,0,0,0,0,0,0,0,0,0,0,0,,0
00-0032392,Austin Hooper,TE,2024,18,REG,2024_18_BUF_NE,NE,BUF,0,0,0,0,0,0,0,0,0,0,0,0,4,6,27,0,1,0,0,0,,0,0,0,0,0,0,0,0,0,0,0,,0
00-0032394,Nick Vannett,TE,2024,18,REG,2024_18_HOU_TEN,TEN,HOU,0,0,0,0,0,0,0,0,0,0,0,0,2,2,26,0,2,0,0,0,,0,0,0,0,0,0,0,0,0,0,0,,0
00-0032464,Kalif Raymond,WR,2024,18,REG,2024_18_MIN_DET,DET,MIN,0,0,0,0,0,0,0,0,0,0,0,0,1,1,11,0,1,0,0,0,,0,0,0,0,0,0,0,0,0,0,0,,0
00-0032569,Wil Lutz,K,2024,18,REG,2024_18_KC_DEN,DEN,KC,0,0,0,0,0,0,0,0,0,0,0,0,0,0,0,0,0,0,1,1,33,0,0,1,0,0,0,5,5,0,0,0,,0
00-0032726,Ka'imi Fairbairn,K,2024,18,REG,2024_18_HOU_TEN,HOU,TEN,0,0,0,0,0,0,0,0,0,0,0,0,0,0,0,0,0,0,1,1,27,0,1,0,0,0,0,2,3,0,0,0,,0
00-0032764,Derrick Henry,RB,2024,18,REG,2024_18_CLE_BAL,BAL,CLE,0,0,0,0,0,0,0,20,138,2,5,0,2,3,23,0,2,0,0,0,,0,0,0,0,0,0,0,0,0,0,0,,0
00-0032775,Demarcus Robinson,WR,2024,18,REG,2024_18_SEA_LA,LA,SEA,0,0,0,0,0,0,0,0,0,0,0,0,3,6,72,0,3,0,0,0,,0,0,0,0,0,0,0,0,0,0,0,,0
00-0032943,Riley Dixon,P,2024,18,REG,2024_18_KC_DEN,DEN,KC,0,0,0,0,0,0,0,0,0,0,0,0,0,0,0,0,0,0,0,0,,0,0,0,0,0,0,0,0,2,88,84,44,1
00-0032950,Carson Wentz,QB,2024,18,REG,2024_18_KC_DEN,KC,DEN,10,17,98,0,0,4,-22,0,0,0,0,0,0,0,0,0,0,0,0,0,,0,0,0,0,0,0,0,0,0,0,0,,0
00-0033040,Tyreek Hill,WR,2024,18,REG,2024_18_MIA_NYJ,MIA,NYJ,0,0,0,0,0,0,0,0,0,0,0,0,2,3,20,0,1,0,0,0,,0,0,0,0,0,0,0,0,0,0,0,,0
00-0033106,Jared Goff,QB,2024,18,REG,2024_18_MIN_DET,DET,MIN,27,33,231,1,2,2,-15,0,0,0,0,0,0,0,0,0,0,0,0,0,,0,0,0,0,0,0,0,0,0,0,0,,0
00-0033110,Tyler Higbee,TE,2024,18,REG,2024_18_SEA_LA,LA,SEA,0,0,0,0,0,0,0,0,0,0,0,0,5,7,46,1,3,0,0,0,,0,0,0,0,0,0,0,0,0,0,0,,0
00-0033217,Mo Alie-Cox,TE,2024,18,REG,2024_18_JAX_IND,IND,JAX,0,0,0,0,0,0,0,0,0,0,0,0,0,1,0,0,0,0,0,0,,0,0,0,0,0,0,0,0,0,0,0,,0
00-0033269,Rigoberto Sanchez,P,2024,18,REG,2024_18_JAX_IND,IND,JAX,0,0,0,0,0,0,0,0,0,0,0,0,0,0,0,0,0,0,0,0,,0,0,0,0,0,0,0,0,4,200,185,61,3
00-0033282,Curtis Samuel,WR,2024,18,REG,2024_18_BUF_NE,BUF,NE,0,0,0,0,0,0,0,0,0,0,0,0,7,8,52,0,1,0,0,0,,0,0,0,0,0,0,0,0,0,0,0,,0
00-0033288,George Kittle,TE,2024,18,REG,2024_18_SF_ARI,SF,ARI,0,0,0,0,0,0,0,0,0,0,0,0,2,3,27,0,1,0,0,0,,0,0,0,0,0,0,0,0,0,0,0,,0
00-0033292,Trent Taylor,WR,2024,18,REG,2024_18_SF_ARI,SF,ARI,0,0,0,0,0,0,0,0,0,0,0,0,1,1,11,0,0,0,0,0,,0,0,0,0,0,0,0,0,0,0,0,,0
00-0033293,Aaron Jones,RB,2024,18,REG,2024_18_MIN_DET,MIN,DET,0,0,0,0,0,0,0,10,45,0,1,0,5,6,30,0,2,0,0,0,,0,0,0,0,0,0,0,0,0,0,0,,0
00-0033303,Harrison Butker,K,2024,18,REG,2024_18_KC_DEN,KC,DEN,0,0,0,0,0,0,0,0,0,0,0,0,0,0,0,0,0,0,0,1,,0,0,0,0,0,0,0,0,0,0,0,,0
00-0033307,Kendrick Bourne,WR,2024,18,REG,2024_18_BUF_NE,NE,BUF,0,0,0,0,0,0,0,0,0,0,0,0,2,2,12,0,1,0,0,0,,0,0,0,0,0,0,0,0,0,0,0,,0
00-0033375,Tim Patrick,WR,2024,18,REG,2024_18_MIN_DET,DET,MIN,0,0,0,0,0,0,0,0,0,0,0,0,2,2,15,0,0,0,0,0,,0,0,0,0,0,0,0,0,0,0,0,,0
00-0033376,Patrick Ricard,RB,2024,18,REG,2024_18_CLE_BAL,BAL,CLE,0,0,0,0,0,0,0,0,0,0,0,0,1,1,14,0,0,0,0,0,,0,0,0,0,0,0,0,0,0,0,0,,0
00-0033526,Samaje Perine,RB,2024,18,REG,2024_18_KC_DEN,KC,DEN,0,0,0,0,0,0,0,1,1,0,0,0,1,1,13,0,1,0,0,0,,0,0,0,0,0,0,0,0,0,0,0,,0
00-0033536,Mike Williams,WR,2024,18,REG,2024_18_CIN_PIT,PIT,CIN,0,0,0,0,0,0,0,0,0,0,0,0,1,1,25,0,1,0,0,0,,0,0,0,0,0,0,0,0,0,0,0,,0
00-0033555,Mack Hollins,WR,2024,18,REG,2024_18_BUF_NE,BUF,NE,0,0,0,0,0,0,0,0,0,0,0,0,3,4,25,0,2,0,0,0,,0,0,0,0,0,0,0,0,0,0,0,,0
00-0033576,Eric Saubert,TE,2024,18,REG,2024_18_SF_ARI,SF,ARI,0,0,0,0,0,0,0,0,0,0,0,0,4,5,17,0,2,0,0,0,,0,0,0,0,0,0,0,0,0,0,0,,0
00-0033589,David Moore,WR,2024,18,REG,2024_18_CAR_ATL,CAR,ATL,0,0,0,0,0,0,0,0,0,0,0,0,1,3,9,1,1,0,0,0,,0,0,0,0,0,0,0,0,0,0,0,,0
00-0033699,Austin Ekeler,RB,2024,18,REG,2024_18_WAS_DAL,WAS,DAL,0,0,0,0,0,0,0,3,12,0,1,0,2,2,20,0,1,0,0,0,,0,0,0,0,0,0,0,0,0,0,0,,0
00-0033787,Jake Elliott,K,2024,18,REG,2024_18_NYG_PHI,PHI,NYG,0,0,0,0,0,0,0,0,0,0,0,0,0,0,0,0,0,0,2,3,32,0,1,1,0,0,0,2,2,0,0,0,,0
00-0033854,Dare Ogunbowale,RB,2024,18,REG,2024_18_HOU_TEN,HOU,TEN,0,0,0,0,0,0,0,2,-3,0,0,0,2,3,26,0,1,0,0,0,,0,0,0,0,0,0,0,0,0,0,0,,0
00-0033857,JuJu Smith-Schuster,WR,2024,18,REG,2024_18_KC_DEN,KC,DEN,0,0,0,0,0,0,0,0,0,0,0,0,1,2,4,0,0,0,0,0,,0,0,0,0,0,0,0,0,0,0,0,,0
00-0033858,Jonnu Smith,TE,2024,18,REG,2024_18_MIA_NYJ,MIA,NYJ,0,0,0,0,0,0,0,0,0,0,0,0,9,12,56,1,4,1,0,0,,0,0,0,0,0,0,0,0,0,0,0,,0
00-0033862,Zane Gonzalez,K,2024,18,REG,2024_18_WAS_DAL,WAS,DAL,0,0,0,0,0,0,0,0,0,0,0,0,0,0,0,0,0,0,1,1,47,0,0,0,1,0,0,2,2,0,0,0,,0
00-0033869,Mitchell Trubisky,QB,2024,18,REG,2024_18_BUF_NE,BUF,NE,15,21,101,1,0,0,0,4,12,0,1,0,0,0,0,0,0,0,0,0,,0,0,0,0,0,0,0,0,0,0,0,,0
00-0033891,Zay Jones,WR,2024,18,REG,2024_18_SF_ARI,ARI,SF,0,0,0,0,0,0,0,0,0,0,0,0,4,5,46,0,2,0,0,0,,0,0,0,0,0,0,0,0,0,0,0,,0
00-0033897,Joe Mixon,RB,2024,18,REG,2024_18_HOU_TEN,HOU,TEN,0,0,0,0,0,0,0,5,23,0,2,0,1,1,5,0,0,0,0,0,,0,0,0,0,0,0,0,0,0,0,0,,0
00-0033925,D'Onta Foreman,RB,2024,18,REG,2024_18_CLE_BAL,CLE,BAL,0,0,0,0,0,0,0,10,27,0,0,0,1,1,8,0,0,0,0,0,,0,0,0,0,0,0,0,0,0,0,0,,0
00-0033943,Josh Reynolds,WR,2024,18,REG,2024_18_JAX_IND,JAX,IND,0,0,0,0,0,0,0,0,0,0,0,0,1,3,11,0,0,0,0,0,,0,0,0,0,0,0,0,0,0,0,0,,0
00-0033948,Jamaal Williams,RB,2024,18,REG,2024_18_NO_TB,NO,TB,0,0,0,0,0,0,0,8,15,0,2,0,1,1,7,0,0,0,0,0,,0,0,0,0,0,0,0,0,0,0,0,,0
00-0033949,Joshua Dobbs,QB,2024,18,REG,2024_18_SF_ARI,SF,ARI,29,43,326,2,2,2,-28,8,17,1,1,1,0,0,0,0,0,0,0,0,,0,0,0,0,0,0,0,0,0,0,0,,0
00-0034054,River Cracraft,WR,2024,18,REG,2024_18_MIA_NYJ,MIA,NYJ,0,0,0,0,0,0,0,0,0,0,0,0,4,4,38,0,3,0,0,0,,0,0,0,0,0,0,0,0,0,0,0,,0
00-0034115,Jeff Wilson,RB,2024,18,REG,2024_18_MIA_NYJ,MIA,NYJ,0,0,0,0,0,0,0,2,-4,0,0,0,0,0,0,0,0,0,0,0,,0,0,0,0,0,0,0,0,0,0,0,,0
00-0034159,Will Dissly,TE,2024,18,REG,2024_18_LAC_LV,LAC,LV,0,0,0,0,0,0,0,0,0,0,0,0,5,6,42,1,3,0,0,0,,0,0,0,0,0,0,0,0,0,0,0,,0
00-0034160,Michael Dickson,P,2024,18,REG,2024_18_SEA_LA,SEA,LA,0,0,0,0,0,0,0,0,0,0,0,0,0,0,0,0,0,0,0,0,,0,0,0,0,0,0,0,0,4,228,178,62,1
00-0034161,Daniel Carlson,K,2024,18,REG,2024_18_LAC_LV,LV,LAC,0,0,0,0,0,0,0,0,0,0,0,0,0,0,0,0,0,0,2,2,47,0,0,0,2,0,0,2,2,0,0,0,,0
00-0034162,J.K. Scott,P,2024,18,REG,2024_18_LAC_LV,LAC,LV,0,0,0,0,0,0,0,0,0,0,0,0,0,0,0,0,0,0,0,0,,0,0,0,0,0,0,0,0,1,47,47,47,0
00-0034173,Eddy Pineiro,K,2024,18,REG,2024_18_CAR_ATL,CAR,ATL,0,0,0,0,0,0,0,0,0,0,0,0,0,0,0,0,0,0,1,1,35,0,0,1,0,0,0,5,5,0,0,0,,0
00-0034208,Mike Boone,RB,2024,18,REG,2024_18_CAR_ATL,CAR,ATL,0,0,0,0,0,0,0,4,18,0,1,0,1,1,-2,0,0,0,0,0,,0,0,0,0,0,0,0,0,0,0,0,,0
00-0034270,Tyler Conklin,TE,2024,18,REG,2024_18_MIA_NYJ,NYJ,MIA,0,0,0,0,0,0,0,0,0,0,0,0,2,3,16,1,2,0,0,0,,0,0,0,0,0,0,0,0,0,0,0,,0
00-0034272,Marquez Valdes-Scantling,WR,2024,18,REG,2024_18_NO_TB,NO,TB,0,0,0,0,0,0,0,0,0,0,0,0,3,8,33,0,2,0,0,0,,0,0,0,0,0,0,0,0,0,0,0,,0
00-0034348,Courtland Sutton,WR,2024,18,REG,2024_18_KC_DEN,DEN,KC,0,0,0,0,0,0,0,0,0,0,0,0,5,7,98,1,4,0,0,0,,0,0,0,0,0,0,0,0,0,0,0,,0
00-0034351,Dallas Goedert,TE,2024,18,REG,2024_18_NYG_PHI,PHI,NYG,0,0,0,0,0,0,0,0,0,0,0,0,4,6,55,0,4,0,0,0,,0,0,0,0,0,0,0,0,0,0,0,,0
00-0034364,Jordan Akins,TE,2024,18,REG,2024_18_CLE_BAL,CLE,BAL,0,0,0,0,0,0,0,0,0,0,0,0,6,8,60,1,3,0,0,0,,0,0,0,0,0,0,0,0,0,0,0,,0
00-0034383,Dalton Schultz,TE,2024,18,REG,2024_18_HOU_TEN,HOU,TEN,0,0,0,0,0,0,0,0,0,0,0,0,3,3,29,0,1,0,0,0,,0,0,0,0,0,0,0,0,0,0,0,,0
00-0034386,Justin Watson,WR,2024,18,REG,2024_18_KC_DEN,KC,DEN,0,0,0,0,0,0,0,0,0,0,0,0,1,3,5,0,0,0,0,0,,0,0,0,0,0,0,0,0,0,0,0,,0
00-0034401,Mike White,QB,2024,18,REG,2024_18_BUF_NE,BUF,NE,3,11,28,0,0,0,0,0,0,0,0,0,0,0,0,0,0,0,0,0,,0,0,0,0,0,0,0,0,0,0,0,,0
00-0034407,Ray-Ray McCloud,WR,2024,18,REG,2024_18_CAR_ATL,ATL,CAR,0,0,0,0,0,0,0,0,0,0,0,0,4,7,66,0,2,0,0,0,,0,0,0,0,0,0,0,0,0,0,0,,0
00-0034418,Cedrick Wilson Jr.,WR,2024,18,REG,2024_18_NO_TB,NO,TB,0,0,0,0,0,0,0,0,0,0,0,0,3,5,22,0,1,0,0,0,,0,0,0,0,0,0,0,0,0,0,0,,0
00-0034437,Logan Cooke,P,2024,18,REG,2024_18_JAX_IND,JAX,IND,0,0,0,0,0,0,0,0,0,0,0,0,0,0,0,0,0,0,0,0,,0,0,0,0,0,0,0,0,4,200,188,62,2
00-0034450,Greg Joseph,K,2024,18,REG,2024_18_MIA_NYJ,NYJ,MIA,0,0,0,0,0,0,0,0,0,0,0,0,0,0,0,0,0,0,1,1,20,0,1,0,0,0,0,3,3,0,0,0,,0
00-0034521,Allen Lazard,WR,2024,18,REG,2024_18_MIA_NYJ,NYJ,MIA,0,1,0,0,0,0,0,0,0,0,0,0,3,3,71,1,3,0,0,0,,0,0,0,0,0,0,0,0,0,0,0,,0
00-0034613,Tanner Hudson,TE,2024,18,REG,2024_18_CIN_PIT,CIN,PIT,0,0,0,0,0,0,0,0,0,0,0,0,1,1,11,0,1,0,0,0,,0,0,0,0,0,0,0,0,0,0,0,,0
00-0034721,Corey Bojorquez,P,2024,18,REG,2024_18_CLE_BAL,CLE,BAL,0,0,0,0,0,0,0,0,0,0,0,0,0,0,0,0,0,0,0,0,,0,0,0,0,0,0,0,0,5,216,180,62,0
00-0034753,Mark Andrews,TE,2024,18,REG,2024_18_CLE_BAL,BAL,CLE,0,0,0,0,0,0,0,1,0,0,0,0,4,8,54,1,3,0,0,0,,0,0,0,0,0,0,0,0,0,0,0,,0
00-0034771,Mason Rudolph,QB,2024,18,REG,2024_18_HOU_TEN,TEN,HOU,7,9,70,0,0,1,-8,1,5,0,1,0,0,0,0,0,0,0,0,0,,0,0,0,0,0,0,0,0,0,0,0,,0
00-0034777,DJ Chark,WR,2024,18,REG,2024_18_LAC_LV,LAC,LV,0,0,0,0,0,0,0,0,0,0,0,0,1,3,6,1,1,0,0,0,,0,0,0,0,0,0,0,0,0,0,0,,0
00-0034794,Jason Sanders,K,2024,18,REG,2024_18_MIA_NYJ,MIA,NYJ,0,0,0,0,0,0,0,0,0,0,0,0,0,0,0,0,0,0,2,2,28,0,2,0,0,0,0,2,2,0,0,0,,0
00-0034796,Lamar Jackson,QB,2024,18,REG,2024_18_CLE_BAL,BAL,CLE,16,32,217,2,0,0,0,9,63,0,3,0,0,0,0,0,0,0,0,0,,0,0,0,0,0,0,0,0,0,0,0,,0
00-0034798,Durham Smythe,TE,2024,18,REG,2024_18_MIA_NYJ,MIA,NYJ,0,0,0,0,0,0,0,0,0,0,0,0,0,1,0,0,0,0,0,0,,0,0,0,0,0,0,0,0,0,0,0,,0
00-0034827,DJ Moore,WR,2024,18,REG,2024_18_CHI_GB,CHI,GB,0,0,0,0,0,0,0,1,5,0,0,0,9,10,86,1,6,1,0,0,,0,0,0,0,0,0,0,0,0,0,0,,0
00-0034829,Mike Gesicki,TE,2024,18,REG,2024_18_CIN_PIT,CIN,PIT,0,0,0,0,0,0,0,0,0,0,0,0,8,10,68,0,6,0,0,0,,0,0,0,0,0,0,0,0,0,0,0,,0
00-0034837,Calvin Ridley,WR,2024,18,REG,2024_18_HOU_TEN,TEN,HOU,0,0,0,0,0,0,0,2,-3,0,0,0,3,5,76,0,2,0,0,0,,0,0,0,0,0,0,0,0,0,0,0,,0
00-0034854,KhaDarel Hodge,WR,2024,18,REG,2024_18_CAR_ATL,ATL,CAR,0,0,0,0,0,0,0,0,0,0,0,0,1,2,24,0,1,0,0,0,,0,0,0,0,0,0,0,0,0,0,0,,0
00-0034855,Baker Mayfield,QB,2024,18,REG,2024_18_NO_TB,TB,NO,21,32,221,2,1,1,-5,9,68,0,3,0,0,0,0,0,0,0,0,0,,0,0,0,0,0,0,0,0,0,0,0,,0
00-0034860,Dante Pettis,WR,2024,18,REG,2024_18_NO_TB,NO,TB,0,0,0,0,0,0,0,0,0,0,0,0,2,6,16,1,2,0,0,0,,0,0,0,0,0,0,0,0,0,0,0,,0
00-0034869,Sam Darnold,QB,2024,18,REG,2024_18_MIN_DET,MIN,DET,18,41,166,0,0,2,-24,3,10,0,1,0,0,0,0,0,0,0,0,0,,0,0,0,0,0,0,0,0,0,0,0,,0
00-0034960,Jakobi Meyers,WR,2024,18,REG,2024_18_LAC_LV,LV,LAC,0,0,0,0,0,0,0,0,0,0,0,0,9,10,123,1,4,0,0,0,,0,0,0,0,0,0,0,0,0,0,0,,0
00-0034972,Alexander Mattison,RB,2024,18,REG,2024_18_LAC_LV,LV,LAC,0,0,0,0,0,0,0,6,20,0,1,0,4,5,11,0,2,0,0,0,,0,0,0,0,0,0,0,0,0,0,0,,0
00-0034981,Foster Moreau,TE,2024,18,REG,2024_18_NO_TB,NO,TB,0,0,0,0,0,0,0,0,0,0,0,0,4,4,31,0,2,0,0,0,,0,0,0,0,0,0,0,0,0,0,0,,0
00-0035042,Jamie Gillan,P,2024,18,REG,2024_18_NYG_PHI,NYG,PHI,0,0,0,0,0,0,0,0,0,0,0,0,0,0,0,0,0,0,0,0,,0,0,0,0,0,0,0,0,3,120,120,43,1
00-0035125,Alec Ingold,FB,2024,18,REG,2024_18_MIA_NYJ,MIA,NYJ,0,0,0,0,0,0,0,0,0,0,0,0,2,2,21,0,0,0,0,0,,0,0,0,0,0,0,0,0,0,0,0,,0
00-0035156,Jack Fox,P,2024,18,REG,2024_18_MIN_DET,DET,MIN,0,0,0,0,0,0,0,0,0,0,0,0,0,0,0,0,0,0,0,0,,0,0,0,0,0,0,0,0,2,102,90,56,1
00-0035189,Matthew Wright,K,2024,18,REG,2024_18_HOU_TEN,TEN,HOU,0,0,0,0,0,0,0,0,0,0,0,0,0,0,0,0,0,0,2,2,38,0,0,2,0,0,0,0,0,0,0,0,,0
00-0035190,AJ Cole,P,2024,18,REG,2024_18_LAC_LV,LV,LAC,0,0,0,0,0,0,0,0,0,0,0,0,0,0,0,0,0,0,0,0,,0,0,0,0,0,0,0,0,3,180,150,62,2
00-0035192,Joey Slye,K,2024,18,REG,2024_18_BUF_NE,NE,BUF,0,0,0,0,0,0,0,0,0,0,0,0,0,0,0,0,0,0,3,3,50,0,0,0,2,1,0,2,2,0,0,0,,0
00-0035208,Olamide Zaccheaus,WR,2024,18,REG,2024_18_WAS_DAL,WAS,DAL,0,0,0,0,0,0,0,0,0,0,0,0,2,5,51,0,2,0,0,0,,0,0,0,0,0,0,0,0,0,0,0,,0
00-0035216,Diontae Johnson,WR,2024,18,REG,2024_18_HOU_TEN,HOU,TEN,0,0,0,0,0,0,0,0,0,0,0,0,2,4,12,0,1,0,0,0,,0,0,0,0,0,0,0,0,0,0,0,,0
00-0035228,Kyler Murray,QB,2024,18,REG,2024_18_SF_ARI,ARI,SF,25,35,242,4,0,0,0,3,22,0,2,0,0,0,0,0,0,0,0,0,,0,0,0,0,0,0,0,0,0,0,0,,0
00-0035229,T.J. Hockenson,TE,2024,18,REG,2024_18_MIN_DET,MIN,DET,0,0,0,0,0,0,0,0,0,0,0,0,2,8,9,0,1,0,0,0,,0,0,0,0,0,0,0,0,0,0,0,,0
00-0035243,Miles Sanders,RB,2024,18,REG,2024_18_CAR_ATL,CAR,ATL,0,0,0,0,0,0,0,17,66,1,3,0,3,4,50,1,2,0,0,0,,0,0,0,0,0,0,0,0,0,0,0,,0
00-0035249,Josh Oliver,TE,2024,18,REG,2024_18_MIN_DET,MIN,DET,0,0,0,0,0,0,0,0,0,0,0,0,2,3,16,0,1,0,0,0,,0,0,0,0,0,0,0,0,0,0,0,,0
00-0035250,Devin Singletary,RB,2024,18,REG,2024_18_NYG_PHI,NYG,PHI,0,0,0,0,0,0,0,7,22,0,2,0,1,1,-5,0,0,0,0,0,,0,0,0,0,0,0,0,0,0,0,0,,0
00-0035261,Tony Pollard,RB,2024,18,REG,2024_18_HOU_TEN,TEN,HOU,0,0,0,0,0,0,0,22,62,0,3,0,0,0,0,0,0,0,0,0,,0,0,0,0,0,0,0,0,0,0,0,,0
00-0035264,Jarrett Stidham,QB,2024,18,REG,2024_18_KC_DEN,DEN,KC,0,0,0,0,0,0,0,2,7,0,1,0,0,0,0,0,0,0,0,0,,0,0,0,0,0,0,0,0,0,0,0,,0
00-0035269,Matt Gay,K,2024,18,REG,2024_18_JAX_IND,IND,JAX,0,0,0,0,0,0,0,0,0,0,0,0,0,0,0,0,0,0,4,5,49,0,0,2,2,0,0,2,2,0,0,0,,0
00-0035280,Jake Bailey,P,2024,18,REG,2024_18_MIA_NYJ,MIA,NYJ,0,0,0,0,0,0,0,0,0,0,0,0,0,0,0,0,0,0,0,0,,0,0,0,0,0,0,0,0,3,121,110,53,1
00-0035358,Chase McLaughlin,K,2024,18,REG,2024_18_NO_TB,TB,NO,0,0,0,0,0,0,0,0,0,0,0,0,0,0,0,0,0,0,2,2,52,0,1,0,0,1,0,3,3,0,0,0,,0
00-0035406,Lil'Jordan Humphrey,WR,2024,18,REG,2024_18_KC_DEN,DEN,KC,0,0,0,0,0,0,0,0,0,0,0,0,2,2,26,0,2,0,0,0,,0,0,0,0,0,0,0,0,0,0,0,,0
00-0035500,Greg Dortch,WR,2024,18,REG,2024_18_SF_ARI,ARI,SF,0,0,0,0,0,0,0,1,7,0,0,0,4,4,47,2,3,0,0,0,,0,0,0,0,0,0,0,0,0,0,0,,0
00-0035535,Darius Slayton,WR,2024,18,REG,2024_18_NYG_PHI,NYG,PHI,0,0,0,0,0,0,0,0,0,0,0,0,0,1,0,0,0,0,0,0,,0,0,0,0,0,0,0,0,0,0,0,,0
00-0035537,Ty Johnson,RB,2024,18,REG,2024_18_BUF_NE,BUF,NE,0,0,0,0,0,0,0,2,13,0,1,0,1,2,0,0,0,0,0,0,,0,0,0,0,0,0,0,0,0,0,0,,0
00-0035567,Craig Reynolds,RB,2024,18,REG,2024_18_MIN_DET,DET,MIN,0,0,0,0,0,0,0,8,39,0,1,0,0,2,0,0,0,0,0,0,,0,0,0,0,0,0,0,0,0,0,0,,0
00-0035628,D'Ernest Johnson,RB,2024,18,REG,2024_18_JAX_IND,JAX,IND,0,0,0,0,0,0,0,2,26,0,1,0,1,2,0,0,0,0,0,0,,0,0,0,0,0,0,0,0,0,0,0,,0
00-0035631,Drew Sample,TE,2024,18,REG,2024_18_CIN_PIT,CIN,PIT,0,0,0,0,0,0,0,0,0,0,0,0,4,4,14,0,1,0,0,0,,0,0,0,0,0,0,0,0,0,0,0,,0
00-0035640,DK Metcalf,WR,2024,18,REG,2024_18_SEA_LA,SEA,LA,0,0,0,0,0,0,0,0,0,0,0,0,3,5,53,1,2,0,0,0,,0,0,0,0,0,0,0,0,0,0,0,,0
00-0035644,Noah Fant,TE,2024,18,REG,2024_18_SEA_LA,SEA,LA,0,0,0,0,0,0,0,0,0,0,0,0,5,6,63,1,3,0,0,0,,0,0,0,0,0,0,0,0,0,0,0,,0
00-0035659,Terry McLaurin,WR,2024,18,REG,2024_18_WAS_DAL,WAS,DAL,0,0,0,0,0,0,0,0,0,0,0,0,8,12,62,1,4,0,0,0,,0,0,0,0,0,0,0,0,0,0,0,,0
00-0035700,Josh Jacobs,RB,2024,18,REG,2024_18_CHI_GB,GB,CHI,0,0,0,0,0,0,0,6,44,1,5,0,1,1,2,0,0,0,0,0,,0,0,0,0,0,0,0,0,0,0,0,,0
00-0035704,Drew Lock,QB,2024,18,REG,2024_18_NYG_PHI,NYG,PHI,22,29,138,1,1,0,0,2,3,0,1,0,0,0,0,0,0,0,0,0,,0,0,0,0,0,0,0,0,0,0,0,,0
00-0035821,Corliss Waitman,P,2024,18,REG,2024_18_CIN_PIT,PIT,CIN,0,0,0,0,0,0,0,0,0,0,0,0,0,0,0,0,0,0,0,0,,0,0,0,0,0,0,0,0,5,213,189,50,2
00-0035860,Tony Jones,RB,2024,18,REG,2024_18_SF_ARI,ARI,SF,0,0,0,0,0,0,0,4,55,1,1,0,0,0,0,0,0,0,0,0,,0,0,0,0,0,0,0,0,0,0,0,,0
00-0035889,Tommy Townsend,P,2024,18,REG,2024_18_HOU_TEN,HOU,TEN,0,0,0,0,0,0,0,0,0,0,0,0,0,0,0,0,0,0,0,0,,0,0,0,0,0,0,0,0,4,191,171,53,2
00-0035973,Patrick Taylor,RB,2024,18,REG,2024_18_SF_ARI,SF,ARI,0,0,0,0,0,0,0,17,109,0,8,0,1,4,12,0,1,0,0,0,,0,0,0,0,0,0,0,0,0,0,0,,0
00-0035993,Tyler Huntley,QB,2024,18,REG,2024_18_MIA_NYJ,MIA,NYJ,25,41,227,1,2,4,-28,3,16,0,1,0,0,0,0,0,0,0,0,0,,0,0,0,0,0,0,0,0,0,0,0,,0
00-0036040,Juwan Johnson,TE,2024,18,REG,2024_18_NO_TB,NO,TB,0,0,0,0,0,0,0,0,0,0,0,0,6,7,80,0,4,0,0,0,,0,0,0,0,0,0,0,0,0,0,0,,0
00-0036139,Rico Dowdle,RB,2024,18,REG,2024_18_WAS_DAL,DAL,WAS,0,0,0,0,0,0,0,22,72,1,4,0,2,3,12,0,1,0,0,0,,0,0,0,0,0,0,0,0,0,0,0,,0
00-0036158,J.K. Dobbins,RB,2024,18,REG,2024_18_LAC_LV,LAC,LV,0,0,0,0,0,0,0,18,63,0,4,0,3,3,12,0,0,0,0,0,,0,0,0,0,0,0,0,0,0,0,0,,0
00-0036162,Tyler Bass,K,2024,18,REG,2024_18_BUF_NE,BUF,NE,0,0,0,0,0,0,0,0,0,0,0,0,0,0,0,0,0,0,1,1,49,0,0,0,1,0,0,1,2,0,0,0,,0
00-0036182,Nick Westbrook-Ikhine,WR,2024,18,REG,2024_18_HOU_TEN,TEN,HOU,0,0,0,0,0,0,0,0,0,0,0,0,4,7,50,0,2,0,0,0,,0,0,0,0,0,0,0,0,0,0,0,,0
00-0036187,Reggie Gilliam,RB,2024,18,REG,2024_18_BUF_NE,BUF,NE,0,0,0,0,0,0,0,1,4,0,1,0,0,0,0,0,0,0,0,0,,0,0,0,0,0,0,0,0,0,0,0,,0
00-0036223,Jonathan Taylor,RB,2024,18,REG,2024_18_JAX_IND,IND,JAX,0,0,0,0,0,0,0,34,177,1,12,0,1,2,3,0,0,0,0,0,,0,0,0,0,0,0,0,0,0,0,0,,0
00-0036244,Colby Parkinson,TE,2024,18,REG,2024_18_SEA_LA,LA,SEA,0,0,0,0,0,0,0,0,0,0,0,0,1,1,6,0,0,0,0,0,,0,0,0,0,0,0,0,0,0,0,0,,0
00-0036252,Michael Pittman,WR,2024,18,REG,2024_18_JAX_IND,IND,JAX,0,0,0,0,0,0,0,0,0,0,0,0,6,10,72,0,3,0,0,0,,0,0,0,0,0,0,0,0,0,0,0,,0
00-0036259,Jauan Jennings,WR,2024,18,REG,2024_18_SF_ARI,SF,ARI,0,0,0,0,0,0,0,0,0,0,0,0,7,10,52,0,2,0,0,0,,0,0,0,0,0,0,0,0,0,0,0,,0
00-0036264,Jordan Love,QB,2024,18,REG,2024_18_CHI_GB,GB,CHI,7,12,69,0,0,0,0,0,0,0,0,0,0,0,0,0,0,0,0,0,,0,0,0,0,0,0,0,0,0,0,0,,0
00-0036275,D'Andre Swift,RB,2024,18,REG,2024_18_CHI_GB,CHI,GB,0,0,0,0,0,0,0,20,65,1,4,0,0,2,0,0,0,0,0,0,,0,0,0,0,0,0,0,0,0,0,0,,0
00-0036290,Cole Kmet,TE,2024,18,REG,2024_18_CHI_GB,CHI,GB,0,0,0,0,0,0,0,0,0,0,0,0,2,2,3,0,0,0,0,0,,0,0,0,0,0,0,0,0,0,0,0,,0
00-0036313,Braden Mann,P,2024,18,REG,2024_18_NYG_PHI,PHI,NYG,0,0,0,0,0,0,0,0,0,0,0,0,0,0,0,0,0,0,0,0,,0,0,0,0,0,0,0,0,3,140,115,59,2
00-0036322,Justin Jefferson,WR,2024,18,REG,2024_18_MIN_DET,MIN,DET,0,0,0,0,0,0,0,0,0,0,0,0,3,9,54,0,1,0,0,0,,0,0,0,0,0,0,0,0,0,0,0,,0
00-0036328,Antonio Gibson,RB,2024,18,REG,2024_18_BUF_NE,NE,BUF,0,0,0,0,0,0,0,12,41,0,1,0,4,6,20,0,2,0,0,0,,0,0,0,0,0,0,0,0,0,0,0,,0
00-0036355,Justin Herbert,QB,2024,18,REG,2024_18_LAC_LV,LAC,LV,28,36,346,2,0,1,-10,4,42,0,2,0,0,0,0,0,0,0,0,0,,0,0,0,0,0,0,0,0,0,0,0,,0
00-0036360,Clyde Edwards-Helaire,RB,2024,18,REG,2024_18_NO_TB,NO,TB,0,0,0,0,0,0,0,8,26,0,1,0,1,1,14,0,1,0,0,0,,0,0,0,0,0,0,0,0,0,0,0,,0
00-0036370,Joshua Kelley,RB,2024,18,REG,2024_18_HOU_TEN,TEN,HOU,0,0,0,0,0,0,0,1,2,0,0,0,0,0,0,0,0,0,0,0,,0,0,0,0,0,0,0,0,0,0,0,,0
00-0036407,Jerry Jeudy,WR,2024,18,REG,2024_18_CLE_BAL,CLE,BAL,0,0,0,0,0,0,0,0,0,0,0,0,6,13,63,0,3,0,0,0,,0,0,0,0,0,0,0,0,0,0,0,,0
00-0036410,Tee Higgins,WR,2024,18,REG,2024_18_CIN_PIT,CIN,PIT,0,0,0,0,0,0,0,0,0,0,0,0,4,5,53,0,3,0,0,0,,0,0,0,0,0,0,0,0,0,0,0,,0
00-0036414,Cam Akers,RB,2024,18,REG,2024_18_MIN_DET,MIN,DET,0,0,0,0,0,0,0,6,65,0,1,0,2,2,4,0,0,0,0,0,,0,0,0,0,0,0,0,0,0,0,0,,0
00-0036415,Van Jefferson,WR,2024,18,REG,2024_18_CIN_PIT,PIT,CIN,0,0,0,0,0,0,0,0,0,0,0,0,3,4,18,0,1,0,0,0,,0,0,0,0,0,0,0,0,0,0,0,,0
00-0036425,DeeJay Dallas,RB,2024,18,REG,2024_18_SF_ARI,ARI,SF,0,0,0,0,0,0,0,1,22,0,1,0,1,1,5,0,0,0,0,0,,0,0,0,0,0,0,0,0,0,0,0,,0
00-0036427,Tyler Johnson,WR,2024,18,REG,2024_18_SEA_LA,LA,SEA,0,0,0,0,0,0,0,0,0,0,0,0,4,7,35,1,3,0,0,0,,0,0,0,0,0,0,0,0,0,0,0,,0
00-0036442,Joe Burrow,QB,2024,18,REG,2024_18_CIN_PIT,CIN,PIT,37,46,277,1,1,4,-31,1,-1,0,0,0,0,0,0,0,0,0,0,0,,0,0,0,0,0,0,0,0,0,0,0,,0
00-0036510,Kenny Yeboah,TE,2024,18,REG,2024_18_MIA_NYJ,NYJ,MIA,0,0,0,0,0,0,0,0,0,0,0,0,2,2,20,0,1,0,0,0,,0,0,0,0,0,0,0,0,0,0,0,,0
00-0036550,Rashod Bateman,WR,2024,18,REG,2024_18_CLE_BAL,BAL,CLE,0,0,0,0,0,0,0,0,0,0,0,0,5,8,76,1,4,0,0,0,,0,0,0,0,0,0,0,0,0,0,0,,0
00-0036554,Nico Collins,WR,2024,18,REG,2024_18_HOU_TEN,HOU,TEN,0,0,0,0,0,0,0,0,0,0,0,0,5,5,38,1,3,0,0,0,,0,0,0,0,0,0,0,0,0,0,0,,0
00-0036590,Quintin Morris,TE,2024,18,REG,2024_18_BUF_NE,BUF,NE,0,0,0,0,0,0,0,0,0,0,0,0,3,4,20,0,1,0,0,0,,0,0,0,0,0,0,0,0,0,0,0,,0
00-0036613,Jaylen Waddle,WR,2024,18,REG,2024_18_MIA_NYJ,MIA,NYJ,0,0,0,0,0,0,0,1,6,0,1,0,4,9,44,0,2,0,0,0,,0,0,0,0,0,0,0,0,0,0,0,,0
00-0036626,Dyami Brown,WR,2024,18,REG,2024_18_WAS_DAL,WAS,DAL,0,1,0,0,0,0,0,1,8,0,0,0,3,4,16,0,1,0,0,0,,0,0,0,0,0,0,0,0,0,0,0,,0
00-0036628,John Bates,TE,2024,18,REG,2024_18_WAS_DAL,WAS,DAL,0,0,0,0,0,0,0,0,0,0,0,0,0,1,0,0,0,0,0,0,,0,0,0,0,0,0,0,0,0,0,0,,0
00-0036630,Tylan Wallace,WR,2024,18,REG,2024_18_CLE_BAL,BAL,CLE,0,0,0,0,0,0,0,0,0,0,0,0,0,1,0,0,0,0,0,0,,0,0,0,0,0,0,0,0,0,0,0,,0
00-0036637,Noah Gray,TE,2024,18,REG,2024_18_KC_DEN,KC,DEN,0,0,0,0,0,0,0,1,-4,0,0,0,1,1,1,0,0,0,0,0,,0,0,0,0,0,0,0,0,0,0,0,,0
00-0036816,Riley Patterson,K,2024,18,REG,2024_18_CAR_ATL,ATL,CAR,0,0,0,0,0,0,0,0,0,0,0,0,0,0,0,0,0,0,1,2,31,0,0,1,0,0,0,5,5,0,0,0,,0
00-0036825,Feleipe Franks,TE,2024,18,REG,2024_18_CAR_ATL,CAR,ATL,0,0,0,0,0,0,0,0,0,0,0,0,1,1,12,0,1,0,0,0,,0,0,0,0,0,0,0,0,0,0,0,,0
00-0036849,Tutu Atwell,WR,2024,18,REG,2024_18_SEA_LA,LA,SEA,0,0,0,0,0,0,0,0,0,0,0,0,5,8,37,0,2,0,0,0,,0,0,0,0,0,0,0,0,0,0,0,,0
00-0036876,Kylen Granson,TE,2024,18,REG,2024_18_JAX_IND,IND,JAX,0,0,0,0,0,0,0,0,0,0,0,0,1,4,7,0,0,0,0,0,,0,0,0,0,0,0,0,0,0,0,0,,0
00-0036887,Luke Farrell,TE,2024,18,REG,2024_18_JAX_IND,JAX,IND,0,0,0,0,0,0,0,0,0,0,0,0,1,1,4,0,0,0,0,0,,0,0,0,0,0,0,0,0,0,0,0,,0
00-0036893,Najee Harris,RB,2024,18,REG,2024_18_CIN_PIT,PIT,CIN,0,0,0,0,0,0,0,12,36,1,4,0,4,5,20,0,2,0,0,0,,0,0,0,0,0,0,0,0,0,0,0,,0
00-0036894,Pat Freiermuth,TE,2024,18,REG,2024_18_CIN_PIT,PIT,CIN,0,0,0,0,0,0,0,0,0,0,0,0,8,11,85,1,4,0,0,0,,0,0,0,0,0,0,0,0,0,0,0,,0
00-0036898,Davis Mills,QB,2024,18,REG,2024_18_HOU_TEN,HOU,TEN,12,22,128,0,0,1,-11,3,11,0,1,0,0,0,0,0,0,0,0,0,,0,0,0,0,0,0,0,0,0,0,0,,0
00-0036900,Ja'Marr Chase,WR,2024,18,REG,2024_18_CIN_PIT,CIN,PIT,0,0,0,0,0,0,0,0,0,0,0,0,10,14,96,1,4,0,0,0,,0,0,0,0,0,0,0,0,0,0,0,,0
00-0036906,Khalil Herbert,RB,2024,18,REG,2024_18_CIN_PIT,CIN,PIT,0,0,0,0,0,0,0,20,69,0,5,0,7,8,14,0,0,0,0,0,,0,0,0,0,0,0,0,0,0,0,0,,0
00-0036919,Kenny Gainwell,RB,2024,18,REG,2024_18_NYG_PHI,PHI,NYG,0,0,0,0,0,0,0,11,14,0,0,0,2,4,9,0,0,0,0,0,,0,0,0,0,0,0,0,0,0,0,0,,0
00-0036924,Michael Carter,RB,2024,18,REG,2024_18_SF_ARI,ARI,SF,0,0,0,0,0,0,0,17,43,1,3,0,4,4,16,0,0,0,0,0,,0,0,0,0,0,0,0,0,0,0,0,,0
00-0036963,Amon-Ra St. Brown,WR,2024,18,REG,2024_18_MIN_DET,DET,MIN,0,0,0,0,0,0,0,0,0,0,0,0,6,7,77,0,4,0,0,0,,0,0,0,0,0,0,0,0,0,0,0,,0
00-0036970,Kyle Pitts,TE,2024,18,REG,2024_18_CAR_ATL,ATL,CAR,0,0,0,0,0,0,0,0,0,0,0,0,2,3,15,0,1,0,0,0,,0,0,0,0,0,0,0,0,0,0,0,,0
00-0036972,Mac Jones,QB,2024,18,REG,2024_18_JAX_IND,JAX,IND,20,32,225,1,1,2,-19,5,17,0,2,0,0,0,0,0,0,0,0,0,,0,0,0,0,0,0,0,0,0,0,0,,0
00-0036973,Travis Etienne,RB,2024,18,REG,2024_18_JAX_IND,JAX,IND,0,0,0,0,0,0,0,13,31,0,3,0,3,5,29,0,2,0,0,0,,0,0,0,0,0,0,0,0,0,0,0,,0
00-0036980,Elijah Moore,WR,2024,18,REG,2024_18_CLE_BAL,CLE,BAL,0,0,0,0,0,0,0,0,0,0,0,0,3,5,36,0,2,0,0,0,,0,0,0,0,0,0,0,0,0,0,0,,0
00-0036984,Trey Sermon,RB,2024,18,REG,2024_18_JAX_IND,IND,JAX,0,0,0,0,0,0,0,0,0,0,0,0,1,3,5,0,0,0,0,0,,0,0,0,0,0,0,0,0,0,0,0,,0
00-0036997,Javonte Williams,RB,2024,18,REG,2024_18_KC_DEN,DEN,KC,0,0,0,0,0,0,0,5,28,0,2,0,3,4,50,0,2,0,0,0,,0,0,0,0,0,0,0,0,0,0,0,,0
00-0037005,Tommy Tremble,TE,2024,18,REG,2024_18_CAR_ATL,CAR,ATL,0,0,0,0,0,0,0,0,0,0,0,0,2,3,30,1,2,0,0,0,,0,0,0,0,0,0,0,0,0,0,0,,0
00-0037012,Trey Lance,QB,2024,18,REG,2024_18_WAS_DAL,DAL,WAS,20,34,244,0,0,2,-16,6,26,0,1,0,0,0,0,0,0,0,0,0,,0,0,0,0,0,0,0,0,0,0,0,,0
00-0037086,Grant Calcaterra,TE,2024,18,REG,2024_18_NYG_PHI,PHI,NYG,0,0,0,0,0,0,0,0,0,0,0,0,2,4,10,0,0,0,0,0,,0,0,0,0,0,0,0,0,0,0,0,,0
00-0037091,Bo Melton,WR,2024,18,REG,2024_18_CHI_GB,GB,CHI,0,0,0,0,0,0,0,1,1,0,0,0,0,0,0,0,0,0,0,0,,0,0,0,0,0,0,0,0,0,0,0,,0
00-0037120,Tyler Goodson,RB,2024,18,REG,2024_18_JAX_IND,IND,JAX,0,0,0,0,0,0,0,0,0,0,0,0,1,2,5,0,0,0,0,0,,0,0,0,0,0,0,0,0,0,0,0,,0
00-0037224,Cameron Dicker,K,2024,18,REG,2024_18_LAC_LV,LAC,LV,0,0,0,0,0,0,0,0,0,0,0,0,0,0,0,0,0,0,4,5,49,0,1,2,1,0,0,2,2,0,0,0,,0
00-0037228,Jaylen Warren,RB,2024,18,REG,2024_18_CIN_PIT,PIT,CIN,0,0,0,0,0,0,0,6,21,0,0,0,0,1,0,0,0,0,0,0,,0,0,0,0,0,0,0,0,0,0,0,,0
00-0037231,Kevin Austin Jr.,WR,2024,18,REG,2024_18_NO_TB,NO,TB,0,0,0,0,0,0,0,0,0,0,0,0,1,1,13,0,1,0,0,0,,0,0,0,0,0,0,0,0,0,0,0,,0
00-0037238,Drake London,WR,2024,18,REG,2024_18_CAR_ATL,ATL,CAR,0,0,0,0,0,0,0,0,0,0,0,0,10,18,187,2,7,0,0,0,,0,0,0,0,0,0,0,0,0,0,0,,0
00-0037240,Jameson Williams,WR,2024,18,REG,2024_18_MIN_DET,DET,MIN,0,0,0,0,0,0,0,0,0,0,0,0,6,8,34,0,3,0,0,0,,0,0,0,0,0,0,0,0,0,0,0,,0
00-0037247,George Pickens,WR,2024,18,REG,2024_18_CIN_PIT,PIT,CIN,0,0,0,0,0,0,0,0,0,0,0,0,1,6,0,0,0,0,0,0,,0,0,0,0,0,0,0,0,0,0,0,,0
00-0037248,James Cook,RB,2024,18,REG,2024_18_BUF_NE,BUF,NE,0,0,0,0,0,0,0,10,28,1,2,0,0,0,0,0,0,0,0,0,,0,0,0,0,0,0,0,0,0,0,0,,0
00-0037258,Dameon Pierce,RB,2024,18,REG,2024_18_HOU_TEN,HOU,TEN,0,0,0,0,0,0,0,19,176,1,5,0,0,2,0,0,0,0,0,0,,0,0,0,0,0,0,0,0,0,0,0,,0
00-0037263,Tyler Allgeier,RB,2024,18,REG,2024_18_CAR_ATL,ATL,CAR,0,0,0,0,0,0,0,9,52,0,4,0,2,2,17,0,0,0,0,0,,0,0,0,0,0,0,0,0,0,0,0,,0
00-0037284,Matt Araiza,P,2024,18,REG,2024_18_KC_DEN,KC,DEN,0,0,0,0,0,0,0,0,0,0,0,0,0,0,0,0,0,0,0,0,,0,0,0,0,0,0,0,0,5,245,225,60,3
00-0037291,Jalen Nailor,WR,2024,18,REG,2024_18_MIN_DET,MIN,DET,0,0,0,0,0,0,0,0,0,0,0,0,3,4,53,0,2,0,0,0,,0,0,0,0,0,0,0,0,0,0,0,,0
00-0037292,Andrew Ogletree,TE,2024,18,REG,2024_18_JAX_IND,IND,JAX,0,0,0,0,0,0,0,0,0,0,0,0,1,1,21,0,1,0,0,0,,0,0,0,0,0,0,0,0,0,0,0,,0
00-0037324,Chris Oladokun,QB,2024,18,REG,2024_18_KC_DEN,KC,DEN,0,0,0,0,0,1,-5,1,5,0,0,0,0,0,0,0,0,0,0,0,,0,0,0,0,0,0,0,0,0,0,0,,0
00-0037429,Raheem Blackshear,RB,2024,18,REG,2024_18_CAR_ATL,CAR,ATL,0,0,0,0,0,0,0,4,47,0,2,0,0,0,0,0,0,0,0,0,,0,0,0,0,0,0,0,0,0,0,0,,0
00-0037500,Ryan Wright,P,2024,18,REG,2024_18_MIN_DET,MIN,DET,0,0,0,0,0,0,0,0,0,0,0,0,0,0,0,0,0,0,0,0,,0,0,0,0,0,0,0,0,3,155,132,57,0
00-0037524,Tay Martin,WR,2024,18,REG,2024_18_HOU_TEN,TEN,HOU,0,0,0,0,0,0,0,0,0,0,0,0,1,2,49,1,1,0,0,0,,0,0,0,0,0,0,0,0,0,0,0,,0
00-0037547,Daniel Whelan,P,2024,18,REG,2024_18_CHI_GB,GB,CHI,0,0,0,0,0,0,0,0,0,0,0,0,0,0,0,0,0,0,0,0,,0,0,0,0,0,0,0,0,3,133,19,60,0
00-0037557,Ronnie Rivers,RB,2024,18,REG,2024_18_SEA_LA,LA,SEA,0,0,0,0,0,0,0,12,48,0,1,0,4,5,34,0,1,0,0,0,,0,0,0,0,0,0,0,0,0,0,0,,0
00-0037569,Peyton Hendershot,TE,2024,18,REG,2024_18_KC_DEN,KC,DEN,0,0,0,0,0,0,0,0,0,0,0,0,2,2,25,0,1,0,0,0,,0,0,0,0,0,0,0,0,0,0,0,,0
00-0037594,Julius Chestnut,RB,2024,18,REG,2024_18_HOU_TEN,TEN,HOU,0,0,0,0,0,0,0,2,11,0,1,0,0,0,0,0,0,0,0,0,,0,0,0,0,0,0,0,0,0,0,0,,0
00-0037607,Ryan Stonehouse,P,2024,18,REG,2024_18_HOU_TEN,TEN,HOU,0,0,0,0,0,0,0,0,0,0,0,0,0,0,0,0,0,0,0,0,,0,0,0,0,0,0,0,0,5,219,210,50,2
00-0037614,John Metchie III,WR,2024,18,REG,2024_18_HOU_TEN,HOU,TEN,0,0,0,0,0,0,0,0,0,0,0,0,2,4,24,0,1,0,0,0,,0,0,0,0,0,0,0,0,0,0,0,,0
00-0037617,Hassan Haskins,RB,2024,18,REG,2024_18_LAC_LV,LAC,LV,0,0,0,0,0,0,0,12,33,1,5,0,0,0,0,0,0,0,0,0,,0,0,0,0,0,0,0,0,0,0,0,,0
00-0037664,Alec Pierce,WR,2024,18,REG,2024_18_JAX_IND,IND,JAX,0,0,0,0,0,0,0,0,0,0,0,0,2,2,57,1,2,0,0,0,,0,0,0,0,0,0,0,0,0,0,0,,0
00-0037666,Jalen Tolbert,WR,2024,18,REG,2024_18_WAS_DAL,DAL,WAS,0,0,0,0,0,0,0,0,0,0,0,0,4,6,98,0,3,0,0,0,,0,0,0,0,0,0,0,0,0,0,0,,0
00-0037692,Brandon Aubrey,K,2024,18,REG,2024_18_WAS_DAL,DAL,WAS,0,0,0,0,0,0,0,0,0,0,0,0,0,0,0,0,0,0,4,4,41,0,1,2,1,0,0,1,1,0,0,0,,0
00-0037740,Garrett Wilson,WR,2024,18,REG,2024_18_MIA_NYJ,NYJ,MIA,0,0,0,0,0,0,0,1,0,0,0,0,4,5,51,0,3,0,0,0,,0,0,0,0,0,0,0,0,0,0,0,,0
00-0037741,Jahan Dotson,WR,2024,18,REG,2024_18_NYG_PHI,PHI,NYG,0,0,0,0,0,0,0,0,0,0,0,0,7,11,94,0,6,0,0,0,,0,0,0,0,0,0,0,0,0,0,0,,0
00-0037744,Trey McBride,TE,2024,18,REG,2024_18_SF_ARI,ARI,SF,0,0,0,0,0,0,0,0,0,0,0,0,7,11,65,1,6,0,0,0,,0,0,0,0,0,0,0,0,0,0,0,,0
00-0037746,Brian Robinson,RB,2024,18,REG,2024_18_WAS_DAL,WAS,DAL,0,0,0,0,0,0,0,5,10,0,0,0,1,1,6,0,0,0,0,0,,0,0,0,0,0,0,0,0,0,0,0,,0
00-0037801,KaVontae Turpin,WR,2024,18,REG,2024_18_WAS_DAL,DAL,WAS,0,0,0,0,0,0,0,1,5,0,0,0,3,5,53,0,2,0,0,0,,0,0,0,0,0,0,0,0,0,0,0,,0
00-0037805,Jeremy Ruckert,TE,2024,18,REG,2024_18_MIA_NYJ,NYJ,MIA,0,0,0,0,0,0,0,0,0,0,0,0,1,2,5,0,0,0,0,0,,0,0,0,0,0,0,0,0,0,0,0,,0
00-0037837,Calvin Austin III,WR,2024,18,REG,2024_18_CIN_PIT,PIT,CIN,0,0,0,0,0,0,0,0,0,0,0,0,0,1,0,0,0,0,0,0,,0,0,0,0,0,0,0,0,0,0,0,,0
00-0037838,Isaiah Likely,TE,2024,18,REG,2024_18_CLE_BAL,BAL,CLE,0,0,0,0,0,0,0,0,0,0,0,0,3,5,38,0,2,0,0,0,,0,0,0,0,0,0,0,0,0,0,0,,0
00-0038041,Jake Ferguson,TE,2024,18,REG,2024_18_WAS_DAL,DAL,WAS,0,0,0,0,0,0,0,0,0,0,0,0,2,4,12,0,1,0,0,0,,0,0,0,0,0,0,0,0,0,0,0,,0
00-0038094,Jordan Stout,P,2024,18,REG,2024_18_CLE_BAL,BAL,CLE,0,0,0,0,0,0,0,0,0,0,0,0,0,0,0,0,0,0,0,0,,0,0,0,0,0,0,0,0,4,179,139,70,1
00-0038097,Cade York,K,2024,18,REG,2024_18_CIN_PIT,CIN,PIT,0,0,0,0,0,0,0,0,0,0,0,0,0,0,0,0,0,0,4,4,48,0,2,1,1,0,0,1,1,0,0,0,,0
00-0038108,Bailey Zappe,QB,2024,18,REG,2024_18_CLE_BAL,CLE,BAL,16,31,170,1,2,1,-5,2,2,0,0,0,0,0,0,0,0,0,0,0,,0,0,0,0,0,0,0,0,0,0,0,,0
00-0038115,Daniel Bellinger,TE,2024,18,REG,2024_18_NYG_PHI,NYG,PHI,0,0,0,0,0,0,0,0,0,0,0,0,2,2,9,0,0,0,0,0,,0,0,0,0,0,0,0,0,0,0,0,,0
00-0038117,Wan'Dale Robinson,WR,2024,18,REG,2024_18_NYG_PHI,NYG,PHI,0,0,0,0,0,0,0,0,0,0,0,0,10,11,43,0,1,0,0,0,,0,0,0,0,0,0,0,0,0,0,0,,0
00-0038120,Breece Hall,RB,2024,18,REG,2024_18_MIA_NYJ,NYJ,MIA,0,0,0,0,0,0,0,12,57,0,3,0,3,5,15,1,1,0,0,0,,0,0,0,0,0,0,0,0,0,0,0,,0
00-0038122,Desmond Ridder,QB,2024,18,REG,2024_18_LAC_LV,LV,LAC,1,2,11,0,0,0,0,0,0,0,0,0,0,0,0,0,0,0,0,0,,0,0,0,0,0,0,0,0,0,0,0,,0
00-0038123,Dane Belton,SAF,2024,18,REG,2024_18_NYG_PHI,NYG,PHI,0,0,0,0,0,0,0,1,10,0,1,0,0,0,0,0,0,0,0,0,,0,0,0,0,0,0,0,0,0,0,0,,0
00-0038124,Christian Watson,WR,2024,18,REG,2024_18_CHI_GB,GB,CHI,0,0,0,0,0,0,0,0,0,0,0,0,0,1,0,0,0,0,0,0,,0,0,0,0,0,0,0,0,0,0,0,,0
00-0038128,Malik Willis,QB,2024,18,REG,2024_18_CHI_GB,GB,CHI,10,13,136,0,0,3,-21,1,3,0,0,0,0,0,0,0,0,0,0,0,,0,0,0,0,0,0,0,0,0,0,0,,0
00-0038359,Xavier Smith,WR,2024,18,REG,2024_18_SEA_LA,LA,SEA,0,0,0,0,0,0,0,2,6,0,0,0,0,0,0,0,0,0,0,0,,0,0,0,0,0,0,0,0,0,0,0,,0
00-0038393,Dontayvion Wicks,WR,2024,18,REG,2024_18_CHI_GB,GB,CHI,0,0,0,0,0,0,0,0,0,0,0,0,5,6,49,0,2,0,0,0,,0,0,0,0,0,0,0,0,0,0,0,,0
00-0038396,Eric Gray,RB,2024,18,REG,2024_18_NYG_PHI,NYG,PHI,0,0,0,0,0,0,0,1,6,0,0,0,1,1,4,0,0,0,0,0,,0,0,0,0,0,0,0,0,0,0,0,,0
00-0038400,Tanner McKee,QB,2024,18,REG,2024_18_NYG_PHI,PHI,NYG,27,41,269,2,0,2,-17,3,1,0,1,0,0,0,0,0,0,0,0,0,,0,0,0,0,0,0,0,0,0,0,0,,0
00-0038454,Keaton Mitchell,RB,2024,18,REG,2024_18_CLE_BAL,BAL,CLE,0,0,0,0,0,0,0,4,10,0,0,0,0,0,0,0,0,0,0,0,,0,0,0,0,0,0,0,0,0,0,0,,0
00-0038465,Malik Heath,WR,2024,18,REG,2024_18_CHI_GB,GB,CHI,0,0,0,0,0,0,0,0,0,0,0,0,3,5,53,0,1,0,0,0,,0,0,0,0,0,0,0,0,0,0,0,,0
00-0038496,Xavier Gipson,WR,2024,18,REG,2024_18_MIA_NYJ,NYJ,MIA,0,0,0,0,0,0,0,1,5,0,1,0,0,0,0,0,0,0,0,0,,0,0,0,0,0,0,0,0,0,0,0,,0
00-0038498,E.J. Jenkins,TE,2024,18,REG,2024_18_NYG_PHI,PHI,NYG,0,0,0,0,0,0,0,0,0,0,0,0,1,1,7,1,1,0,0,0,,0,0,0,0,0,0,0,0,0,0,0,,0
00-0038519,Nikko Remigio,WR,2024,18,REG,2024_18_KC_DEN,KC,DEN,0,0,0,0,0,0,0,0,0,0,0,0,2,6,48,0,2,0,0,0,,0,0,0,0,0,0,0,0,0,0,0,,0
00-0038542,Bijan Robinson,RB,2024,18,REG,2024_18_CAR_ATL,ATL,CAR,0,0,0,0,0,0,0,28,170,2,15,0,2,5,3,0,0,0,0,0,,0,0,0,0,0,0,0,0,0,0,0,,0
00-0038543,Jaxon Smith-Njigba,WR,2024,18,REG,2024_18_SEA_LA,SEA,LA,0,0,0,0,0,0,0,1,4,0,0,0,4,5,9,0,1,0,0,0,,0,0,0,0,0,0,0,0,0,0,0,,0
00-0038544,Quentin Johnston,WR,2024,18,REG,2024_18_LAC_LV,LAC,LV,0,0,0,0,0,0,0,0,0,0,0,0,13,14,186,0,6,0,0,0,,0,0,0,0,0,0,0,0,0,0,0,,0
00-0038547,Luke Schoonmaker,TE,2024,18,REG,2024_18_WAS_DAL,DAL,WAS,0,0,0,0,0,0,0,0,0,0,0,0,2,2,16,0,1,0,0,0,,0,0,0,0,0,0,0,0,0,0,0,,0
00-0038555,Tank Bigsby,RB,2024,18,REG,2024_18_JAX_IND,JAX,IND,0,0,0,0,0,0,0,14,39,1,3,0,1,1,3,0,0,0,0,0,,0,0,0,0,0,0,0,0,0,0,0,,0
00-0038562,Jake Moody,K,2024,18,REG,2024_18_SF_ARI,SF,ARI,0,0,0,0,0,0,0,0,0,0,0,0,0,0,0,0,0,0,1,2,51,0,0,0,0,1,0,3,3,0,0,0,,0
00-0038563,Tre Tucker,WR,2024,18,REG,2024_18_LAC_LV,LV,LAC,0,0,0,0,0,0,0,0,0,0,0,0,3,4,24,0,1,0,0,0,,0,0,0,0,0,0,0,0,0,0,0,,0
00-0038567,Chad Ryland,K,2024,18,REG,2024_18_SF_ARI,ARI,SF,0,0,0,0,0,0,0,0,0,0,0,0,0,0,0,0,0,0,2,2,51,0,0,0,1,1,0,5,5,0,0,0,,0
00-0038573,Derius Davis,WR,2024,18,REG,2024_18_LAC_LV,LAC,LV,0,0,0,0,0,0,0,1,-1,0,0,0,1,1,5,0,0,0,0,0,,0,0,0,0,0,0,0,0,0,0,0,,0
00-0038579,Aidan O'Connell,QB,2024,18,REG,2024_18_LAC_LV,LV,LAC,24,34,214,2,1,0,0,4,13,0,2,0,0,0,0,0,0,0,0,0,,0,0,0,0,0,0,0,0,0,0,0,,0
00-0038582,Clayton Tune,QB,2024,18,REG,2024_18_SF_ARI,ARI,SF,0,0,0,0,0,0,0,1,2,0,1,0,0,0,0,0,0,0,0,0,,0,0,0,0,0,0,0,0,0,0,0,,0
00-0038583,Dorian Thompson-Robinson,QB,2024,18,REG,2024_18_CLE_BAL,CLE,BAL,2,3,13,0,0,1,-4,2,3,0,0,0,0,0,0,0,0,0,0,0,,0,0,0,0,0,0,0,0,0,0,0,,0
00-0038589,Josh Whyle,TE,2024,18,REG,2024_18_HOU_TEN,TEN,HOU,0,0,0,0,0,0,0,0,0,0,0,0,5,7,29,0,1,0,0,0,,0,0,0,0,0,0,0,0,0,0,0,,0
00-0038606,Parker Washington,WR,2024,18,REG,2024_18_JAX_IND,JAX,IND,0,0,0,0,0,0,0,0,0,0,0,0,2,4,15,1,1,0,0,0,,0,0,0,0,0,0,0,0,0,0,0,,0
00-0038608,Kayshon Boutte,WR,2024,18,REG,2024_18_BUF_NE,NE,BUF,0,0,0,0,0,0,0,0,0,0,0,0,7,7,117,1,5,0,0,0,,0,0,0,0,0,0,0,0,0,0,0,,0
00-0038610,Bryce Baringer,P,2024,18,REG,2024_18_BUF_NE,NE,BUF,0,0,0,0,0,0,0,0,0,0,0,0,0,0,0,0,0,0,0,0,,0,0,0,0,0,0,0,0,3,111,111,39,2
00-0038618,Xavier Hutchinson,WR,2024,18,REG,2024_18_HOU_TEN,HOU,TEN,0,0,0,0,0,0,0,0,0,0,0,0,1,2,5,0,0,0,0,0,,0,0,0,0,0,0,0,0,0,0,0,,0
00-0038619,Andrei Iosivas,WR,2024,18,REG,2024_18_CIN_PIT,CIN,PIT,0,0,0,0,0,0,0,0,0,0,0,0,2,3,12,0,0,0,0,0,,0,0,0,0,0,0,0,0,0,0,0,,0
00-0038621,DeMario Douglas,WR,2024,18,REG,2024_18_BUF_NE,NE,BUF,0,0,0,0,0,0,0,0,0,0,0,0,3,4,34,0,3,0,0,0,,0,0,0,0,0,0,0,0,0,0,0,,0
00-0038622,Deuce Vaughn,RB,2024,18,REG,2024_18_WAS_DAL,DAL,WAS,0,0,0,0,0,0,0,6,37,0,2,0,0,0,0,0,0,0,0,0,,0,0,0,0,0,0,0,0,0,0,0,,0
00-0038636,Kenny McIntosh,RB,2024,18,REG,2024_18_SEA_LA,SEA,LA,0,0,0,0,0,0,0,7,49,0,2,0,0,1,0,0,0,0,0,0,,0,0,0,0,0,0,0,0,0,0,0,,0
00-0038643,Brayden Willis,TE,2024,18,REG,2024_18_SF_ARI,SF,ARI,0,0,0,0,0,0,0,0,0,0,0,0,0,2,0,0,0,0,0,0,,0,0,0,0,0,0,0,0,0,0,0,,0
00-0038678,Jordan Mims,RB,2024,18,REG,2024_18_NO_TB,NO,TB,0,0,0,0,0,0,0,2,12,0,1,0,3,3,13,0,1,0,0,0,,0,0,0,0,0,0,0,0,0,0,0,,0
00-0038685,Chris Brooks,RB,2024,18,REG,2024_18_CHI_GB,GB,CHI,0,0,0,0,0,0,0,8,59,0,3,0,0,1,0,0,0,0,0,0,,0,0,0,0,0,0,0,0,0,0,0,,0
00-0038710,Blake Whiteheart,TE,2024,18,REG,2024_18_CLE_BAL,CLE,BAL,0,0,0,0,0,0,0,0,0,0,0,0,1,1,1,0,0,0,0,0,,0,0,0,0,0,0,0,0,0,0,0,,0
00-0038720,Julian Hill,TE,2024,18,REG,2024_18_MIA_NYJ,MIA,NYJ,0,0,0,0,0,0,0,0,0,0,0,0,0,1,0,0,0,0,0,0,,0,0,0,0,0,0,0,0,0,0,0,,0
00-0038738,Hunter Luepke,RB,2024,18,REG,2024_18_WAS_DAL,DAL,WAS,0,0,0,0,0,0,0,3,15,0,2,0,0,0,0,0,0,0,0,0,,0,0,0,0,0,0,0,0,0,0,0,,0
00-0038752,Jake Bobo,WR,2024,18,REG,2024_18_SEA_LA,SEA,LA,0,0,0,0,0,0,0,0,0,0,0,0,1,1,4,1,1,0,0,0,,0,0,0,0,0,0,0,0,0,0,0,,0
00-0038783,Nate Adkins,TE,2024,18,REG,2024_18_KC_DEN,DEN,KC,0,0,0,0,0,0,0,0,0,0,0,0,3,3,25,0,1,0,0,0,,0,0,0,0,0,0,0,0,0,0,0,,0
00-0038794,Jaleel McLaughlin,RB,2024,18,REG,2024_18_KC_DEN,DEN,KC,0,0,0,0,0,0,0,16,39,0,3,0,2,2,9,0,0,0,0,0,,0,0,0,0,0,0,0,0,0,0,0,,0
00-0038797,Emanuel Wilson,RB,2024,18,REG,2024_18_CHI_GB,GB,CHI,0,0,0,0,0,0,0,14,73,1,5,0,1,1,-2,0,0,0,0,0,,0,0,0,0,0,0,0,0,0,0,0,,0
00-0038905,Blake Grupe,K,2024,18,REG,2024_18_NO_TB,NO,TB,0,0,0,0,0,0,0,0,0,0,0,0,0,0,0,0,0,0,4,4,49,0,0,3,1,0,0,1,1,0,0,0,,0
00-0038935,Brenton Strange,TE,2024,18,REG,2024_18_JAX_IND,JAX,IND,0,0,0,0,0,0,0,0,0,0,0,0,4,4,60,0,4,0,0,0,,0,0,0,0,0,0,0,0,0,0,0,,0
00-0038938,Jalin Hyatt,WR,2024,18,REG,2024_18_NYG_PHI,NYG,PHI,0,0,0,0,0,0,0,0,0,0,0,0,0,1,0,0,0,0,0,0,,0,0,0,0,0,0,0,0,0,0,0,,0
00-0038951,Sean Tucker,RB,2024,18,REG,2024_18_NO_TB,TB,NO,0,0,0,0,0,0,0,2,16,0,1,0,0,0,0,0,0,0,0,0,,0,0,0,0,0,0,0,0,0,0,0,,0
00-0038976,Marvin Mims Jr.,WR,2024,18,REG,2024_18_KC_DEN,DEN,KC,0,0,0,0,0,0,0,0,0,0,0,0,5,5,51,2,2,0,0,0,,0,0,0,0,0,0,0,0,0,0,0,,0
00-0038994,Jordan Addison,WR,2024,18,REG,2024_18_MIN_DET,MIN,DET,0,0,0,0,0,0,0,0,0,0,0,0,1,6,0,0,0,0,0,0,,0,0,0,0,0,0,0,0,0,0,0,,0
00-0038996,Tucker Kraft,TE,2024,18,REG,2024_18_CHI_GB,GB,CHI,0,0,0,0,0,0,0,0,0,0,0,0,4,7,36,0,1,0,0,0,,0,0,0,0,0,0,0,0,0,0,0,,0
00-0038997,Josh Downs,WR,2024,18,REG,2024_18_JAX_IND,IND,JAX,0,0,0,0,0,0,0,0,0,0,0,0,10,13,94,0,5,0,0,0,,0,0,0,0,0,0,0,0,0,0,0,,0
00-0039021,Roschon Johnson,RB,2024,18,REG,2024_18_CHI_GB,CHI,GB,0,0,0,0,0,0,0,2,3,0,0,0,5,5,16,0,1,0,0,0,,0,0,0,0,0,0,0,0,0,0,0,,0
00-0039040,De'Von Achane,RB,2024,18,REG,2024_18_MIA_NYJ,MIA,NYJ,0,0,0,0,0,0,0,11,121,1,4,0,0,0,0,0,0,0,0,0,,0,0,0,0,0,0,0,0,0,0,0,,0
00-0039050,Payne Durham,TE,2024,18,REG,2024_18_NO_TB,TB,NO,0,0,0,0,0,0,0,0,0,0,0,0,2,2,16,1,1,0,0,0,,0,0,0,0,0,0,0,0,0,0,0,,0
00-0039059,Ethan Evans,P,2024,18,REG,2024_18_SEA_LA,LA,SEA,0,0,0,0,0,0,0,0,0,0,0,0,0,0,0,0,0,0,0,0,,0,0,0,0,0,0,0,0,2,103,86,52,1
00-0039062,Jonathan Mingo,WR,2024,18,REG,2024_18_WAS_DAL,DAL,WAS,0,0,0,0,0,0,0,0,0,0,0,0,2,2,24,0,2,0,0,0,,0,0,0,0,0,0,0,0,0,0,0,,0
00-0039064,Zay Flowers,WR,2024,18,REG,2024_18_CLE_BAL,BAL,CLE,0,0,0,0,0,0,0,1,9,0,0,0,1,2,12,0,1,0,0,0,,0,0,0,0,0,0,0,0,0,0,0,,0
00-0039065,Sam LaPorta,TE,2024,18,REG,2024_18_MIN_DET,DET,MIN,0,0,0,0,0,0,0,0,0,0,0,0,7,7,63,0,3,0,0,0,,0,0,0,0,0,0,0,0,0,0,0,,0
00-0039066,Michael Mayer,TE,2024,18,REG,2024_18_LAC_LV,LV,LAC,0,0,0,0,0,0,0,0,0,0,0,0,4,4,21,0,1,0,0,0,,0,0,0,0,0,0,0,0,0,0,0,,0
00-0039139,Jahmyr Gibbs,RB,2024,18,REG,2024_18_MIN_DET,DET,MIN,0,0,0,0,0,0,0,23,139,3,8,0,5,5,31,1,3,0,0,0,,0,0,0,0,0,0,0,0,0,0,0,,0
00-0039144,Luke Musgrave,TE,2024,18,REG,2024_18_CHI_GB,GB,CHI,0,0,0,0,0,0,0,0,0,0,0,0,1,1,19,0,1,0,0,0,,0,0,0,0,0,0,0,0,0,0,0,,0
00-0039146,Jayden Reed,WR,2024,18,REG,2024_18_CHI_GB,GB,CHI,0,0,0,0,0,0,0,3,3,0,0,1,2,2,48,0,2,0,0,0,,0,0,0,0,0,0,0,0,0,0,0,,0
00-0039150,Bryce Young,QB,2024,18,REG,2024_18_CAR_ATL,CAR,ATL,25,34,251,3,0,0,0,5,24,2,3,0,0,0,0,0,0,0,0,0,,0,0,0,0,0,0,0,0,0,0,0,,0
00-0039152,Will Levis,QB,2024,18,REG,2024_18_HOU_TEN,TEN,HOU,9,17,175,1,0,1,-8,4,8,0,0,1,0,0,0,0,0,0,0,0,,0,0,0,0,0,0,0,0,0,0,0,,0
00-0039163,C.J. Stroud,QB,2024,18,REG,2024_18_HOU_TEN,HOU,TEN,6,6,50,1,0,0,0,0,0,0,0,0,0,0,0,0,0,0,0,0,,0,0,0,0,0,0,0,0,0,0,0,,0
00-0039165,Zach Charbonnet,RB,2024,18,REG,2024_18_SEA_LA,SEA,LA,0,0,0,0,0,0,0,14,59,0,2,0,0,0,32,0,0,0,0,0,,0,0,0,0,0,0,0,0,0,0,0,,0
00-0039172,Jake Bates,K,2024,18,REG,2024_18_MIN_DET,DET,MIN,0,0,0,0,0,0,0,0,0,0,0,0,0,0,0,0,0,0,1,1,48,0,0,0,1,0,0,4,4,0,0,0,,0
00-0039236,Johnny Wilson,WR,2024,18,REG,2024_18_NYG_PHI,PHI,NYG,0,0,0,0,0,0,0,0,0,0,0,0,3,5,24,0,1,0,0,0,,0,0,0,0,0,0,0,0,0,0,0,,0
00-0039244,Chris Collier,RB,2024,18,REG,2024_18_LAC_LV,LV,LAC,0,0,0,0,0,0,0,2,6,0,0,0,1,2,-4,0,0,0,0,0,,0,0,0,0,0,0,0,0,0,0,0,,0
00-0039323,Ryan Rehkow,P,2024,18,REG,2024_18_CIN_PIT,CIN,PIT,0,0,0,0,0,0,0,0,0,0,0,0,0,0,0,0,0,0,0,0,,0,0,0,0,0,0,0,0,3,146,130,57,1
00-0039325,Carson Steele,RB,2024,18,REG,2024_18_KC_DEN,KC,DEN,0,0,0,0,0,0,0,8,25,0,0,0,2,2,2,0,0,0,0,0,,0,0,0,0,0,0,0,0,0,0,0,,0
00-0039337,Malik Nabers,WR,2024,18,REG,2024_18_NYG_PHI,NYG,PHI,0,0,0,0,0,0,0,0,0,0,0,0,5,8,64,1,2,0,0,0,,0,0,0,0,0,0,0,0,0,0,0,,0
00-0039338,Brock Bowers,TE,2024,18,REG,2024_18_LAC_LV,LV,LAC,0,0,0,0,0,0,0,0,0,0,0,0,4,9,50,1,3,0,0,0,,0,0,0,0,0,0,0,0,0,0,0,,0
00-0039342,Xavier Legette,WR,2024,18,REG,2024_18_CAR_ATL,CAR,ATL,0,0,0,0,0,0,0,0,0,0,0,0,3,5,30,0,2,0,0,0,,0,0,0,0,0,0,0,0,0,0,0,,0
00-0039356,Ja'Tavion Sanders,TE,2024,18,REG,2024_18_CAR_ATL,CAR,ATL,0,0,0,0,0,0,0,0,0,0,0,0,3,5,35,0,2,0,0,0,,0,0,0,0,0,0,0,0,0,0,0,,0
00-0039359,Cade Stover,TE,2024,18,REG,2024_18_HOU_TEN,HOU,TEN,0,0,0,0,0,0,0,0,0,0,0,0,0,1,0,0,0,0,0,0,,0,0,0,0,0,0,0,0,0,0,0,,0
00-0039361,Bucky Irving,RB,2024,18,REG,2024_18_NO_TB,TB,NO,0,0,0,0,0,0,0,19,89,1,2,0,2,5,-5,0,0,0,0,0,,0,0,0,0,0,0,0,0,0,0,0,,0
00-0039363,Isaac Guerendo,RB,2024,18,REG,2024_18_SF_ARI,SF,ARI,0,0,0,0,0,0,0,2,5,0,0,0,0,0,0,0,0,0,0,0,,0,0,0,0,0,0,0,0,0,0,0,,0
00-0039365,Jacob Cowing,WR,2024,18,REG,2024_18_SF_ARI,SF,ARI,0,0,0,0,0,0,0,1,7,0,0,0,2,2,30,0,2,0,0,0,,0,0,0,0,0,0,0,0,0,0,0,,0
00-0039373,Audric Estimé,RB,2024,18,REG,2024_18_KC_DEN,DEN,KC,0,0,0,0,0,0,0,12,34,1,3,0,0,0,0,0,0,0,0,0,,0,0,0,0,0,0,0,0,0,0,0,,0
00-0039376,Spencer Rattler,QB,2024,18,REG,2024_18_NO_TB,NO,TB,26,42,240,1,0,2,-12,1,11,0,0,0,0,0,0,0,0,0,0,0,,0,0,0,0,0,0,0,0,0,0,0,,0
00-0039379,Jamari Thrash,WR,2024,18,REG,2024_18_CLE_BAL,CLE,BAL,0,0,0,0,0,0,0,0,0,0,0,0,0,1,0,0,0,0,0,0,,0,0,0,0,0,0,0,0,0,0,0,,0
00-0039384,Tyrone Tracy Jr.,RB,2024,18,REG,2024_18_NYG_PHI,NYG,PHI,0,0,0,0,0,0,0,14,59,0,2,0,2,2,7,0,0,0,0,0,,0,0,0,0,0,0,0,0,0,0,0,,0
00-0039398,Joe Milton III,QB,2024,18,REG,2024_18_BUF_NE,NE,BUF,22,29,241,1,0,0,0,10,16,1,4,1,0,0,0,0,0,0,0,0,,0,0,0,0,0,0,0,0,0,0,0,,0
00-0039404,Will Reichard,K,2024,18,REG,2024_18_MIN_DET,MIN,DET,0,0,0,0,0,0,0,0,0,0,0,0,0,0,0,0,0,0,3,4,51,0,1,1,0,1,0,0,0,0,0,0,,0
00-0039409,Cam Little,K,2024,18,REG,2024_18_JAX_IND,JAX,IND,0,0,0,0,0,0,0,0,0,0,0,0,0,0,0,0,0,0,3,3,53,0,1,0,0,2,0,2,2,0,0,0,,0
00-0039410,Ryan Flournoy,WR,2024,18,REG,2024_18_WAS_DAL,DAL,WAS,0,0,0,0,0,0,0,0,0,0,0,0,2,2,14,0,1,0,0,0,,0,0,0,0,0,0,0,0,0,0,0,,0
00-0039420,Jaheim Bell,TE,2024,18,REG,2024_18_BUF_NE,NE,BUF,0,0,0,0,0,0,0,0,0,0,0,0,1,1,19,0,1,0,0,0,,0,0,0,0,0,0,0,0,0,0,0,,0
00-0039424,Devaughn Vele,WR,2024,18,REG,2024_18_KC_DEN,DEN,KC,0,0,0,0,0,0,0,0,0,0,0,0,4,4,50,1,3,0,0,0,,0,0,0,0,0,0,0,0,0,0,0,,0
00-0039458,Brenden Bates,TE,2024,18,REG,2024_18_CLE_BAL,CLE,BAL,0,0,0,0,0,0,0,0,0,0,0,0,0,1,0,0,0,0,0,0,,0,0,0,0,0,0,0,0,0,0,0,,0
00-0039477,Jack Browning,P,2024,18,REG,2024_18_NO_TB,TB,NO,0,0,0,0,0,0,0,0,0,0,0,0,0,0,0,0,0,0,0,0,,0,0,0,0,0,0,0,0,2,66,57,52,0
00-0039491,Jalen Coker,WR,2024,18,REG,2024_18_CAR_ATL,CAR,ATL,1,1,19,0,0,0,0,0,0,0,0,0,7,7,62,0,5,0,0,0,,0,0,0,0,0,0,0,0,0,0,0,,0
00-0039521,Xavier Weaver,WR,2024,18,REG,2024_18_SF_ARI,ARI,SF,0,0,0,0,0,0,0,0,0,0,0,0,0,1,0,0,0,0,0,0,,0,0,0,0,0,0,0,0,0,0,0,,0
00-0039611,Matthew Hayball,P,2024,18,REG,2024_18_NO_TB,NO,TB,0,0,0,0,0,0,0,0,0,0,0,0,0,0,0,0,0,0,0,0,,0,0,0,0,0,0,0,0,3,131,131,51,2
00-0039613,Dallin Holker,TE,2024,18,REG,2024_18_NO_TB,NO,TB,0,0,0,0,0,0,0,0,0,0,0,0,2,3,11,0,0,0,0,0,,0,0,0,0,0,0,0,0,0,0,0,,0
00-0039617,Jacob Kibodi,RB,2024,18,REG,2024_18_CLE_BAL,CLE,BAL,0,0,0,0,0,0,0,5,24,0,1,0,1,3,15,0,1,0,0,0,,0,0,0,0,0,0,0,0,0,0,0,,0
00-0039631,Cam Grandy,TE,2024,18,REG,2024_18_CIN_PIT,CIN,PIT,0,0,0,0,0,0,0,0,0,0,0,0,1,1,9,0,0,0,0,0,,0,0,0,0,0,0,0,0,0,0,0,,0
00-0039650,Bryce Oliver,WR,2024,18,REG,2024_18_HOU_TEN,TEN,HOU,0,0,0,0,0,0,0,0,0,0,0,0,1,3,15,0,1,0,0,0,,0,0,0,0,0,0,0,0,0,0,0,,0
00-0039703,Cody Schrader,RB,2024,18,REG,2024_18_SEA_LA,LA,SEA,0,0,0,0,0,0,0,1,3,0,0,0,1,1,6,0,0,0,0,0,,0,0,0,0,0,0,0,0,0,0,0,,0
00-0039732,Bo Nix,QB,2024,18,REG,2024_18_KC_DEN,DEN,KC,26,29,321,4,0,0,0,7,47,0,5,0,0,0,0,0,0,0,0,0,,0,0,0,0,0,0,0,0,0,0,0,,0
00-0039738,Blake Corum,RB,2024,18,REG,2024_18_SEA_LA,LA,SEA,0,0,0,0,0,0,0,2,10,0,0,0,1,1,12,0,1,0,0,0,,0,0,0,0,0,0,0,0,0,0,0,,0
00-0039745,Tory Taylor,P,2024,18,REG,2024_18_CHI_GB,CHI,GB,0,0,0,0,0,0,0,0,0,0,0,0,0,0,0,0,0,0,0,0,,0,0,0,0,0,0,0,0,6,254,218,55,2
00-0039746,Will Shipley,RB,2024,18,REG,2024_18_NYG_PHI,PHI,NYG,0,0,0,0,0,0,0,10,32,0,1,0,4,4,35,0,2,0,0,0,,0,0,0,0,0,0,0,0,0,0,0,,0
00-0039747,Ainias Smith,WR,2024,18,REG,2024_18_NYG_PHI,PHI,NYG,0,0,0,0,0,0,0,1,4,0,1,0,4,6,35,1,1,0,0,0,,0,0,0,0,0,0,0,0,0,0,0,,0
00-0039750,Joshua Karty,K,2024,18,REG,2024_18_SEA_LA,LA,SEA,0,0,0,0,0,0,0,0,0,0,0,0,0,0,0,0,0,0,4,4,58,0,0,2,0,2,0,1,1,0,0,0,,0
00-0039751,Jordan Whittington,WR,2024,18,REG,2024_18_SEA_LA,LA,SEA,0,0,0,0,0,0,0,2,12,0,2,0,3,4,86,0,3,0,0,0,,0,0,0,0,0,0,0,0,0,0,0,,0
00-0039754,Devin Culp,TE,2024,18,REG,2024_18_NO_TB,TB,NO,0,0,0,0,0,0,0,0,0,0,0,0,2,2,36,0,2,0,0,0,,0,0,0,0,0,0,0,0,0,0,0,,0
00-0039757,Terrell Jennings,RB,2024,18,REG,2024_18_BUF_NE,NE,BUF,0,0,0,0,0,0,0,8,20,0,0,0,0,1,0,0,0,0,0,0,,0,0,0,0,0,0,0,0,0,0,0,,0
00-0039793,AJ Barner,TE,2024,18,REG,2024_18_SEA_LA,SEA,LA,0,0,0,0,0,0,0,0,0,0,0,0,5,5,34,1,4,0,0,0,,0,0,0,0,0,0,0,0,0,0,0,,0
00-0039794,Braelon Allen,RB,2024,18,REG,2024_18_MIA_NYJ,NYJ,MIA,0,0,0,0,0,0,0,4,15,0,2,0,2,3,8,0,0,0,0,0,,0,0,0,0,0,0,0,0,0,0,0,,0
00-0039796,Rasheen Ali,RB,2024,18,REG,2024_18_CLE_BAL,BAL,CLE,0,0,0,0,0,0,0,0,0,0,0,0,0,2,0,0,0,0,0,0,,0,0,0,0,0,0,0,0,0,0,0,,0
00-0039798,Isaiah Davis,RB,2024,18,REG,2024_18_MIA_NYJ,NYJ,MIA,0,0,0,0,0,0,0,4,41,0,1,0,0,0,0,0,0,0,0,0,,0,0,0,0,0,0,0,0,0,0,0,,0
00-0039849,Marvin Harrison Jr.,WR,2024,18,REG,2024_18_SF_ARI,ARI,SF,0,0,0,0,0,0,0,0,0,0,0,0,5,6,63,1,3,0,0,0,,0,0,0,0,0,0,0,0,0,0,0,,0
00-0039851,Drake Maye,QB,2024,18,REG,2024_18_BUF_NE,NE,BUF,0,1,0,0,0,1,-9,0,0,0,0,0,0,0,0,0,0,0,0,0,,0,0,0,0,0,0,0,0,0,0,0,,0
00-0039853,Javon Baker,WR,2024,18,REG,2024_18_BUF_NE,NE,BUF,0,0,0,0,0,0,0,0,0,0,0,0,1,1,12,0,1,0,0,0,,0,0,0,0,0,0,0,0,0,0,0,,0
00-0039855,Jalen McMillan,WR,2024,18,REG,2024_18_NO_TB,TB,NO,0,0,0,0,0,0,0,1,6,0,0,0,5,6,74,1,3,0,0,0,,0,0,0,0,0,0,0,0,0,0,0,,0
00-0039868,Troy Franklin,WR,2024,18,REG,2024_18_KC_DEN,DEN,KC,0,0,0,0,0,0,0,0,0,0,0,0,2,2,12,0,1,0,0,0,,0,0,0,0,0,0,0,0,0,0,0,,0
00-0039874,Jaylen Wright,RB,2024,18,REG,2024_18_MIA_NYJ,MIA,NYJ,0,0,0,0,0,0,0,6,-4,0,1,0,0,0,0,0,0,0,0,0,,0,0,0,0,0,0,0,0,0,0,0,,0
00-0039875,Ray Davis,RB,2024,18,REG,2024_18_BUF_NE,BUF,NE,0,0,0,0,0,0,0,15,64,0,3,0,2,3,1,1,1,0,0,0,,0,0,0,0,0,0,0,0,0,0,0,,0
00-0039880,Malik Washington,WR,2024,18,REG,2024_18_MIA_NYJ,MIA,NYJ,0,0,0,0,0,0,0,0,0,0,0,0,4,5,48,0,4,0,0,0,,0,0,0,0,0,0,0,0,0,0,0,,0
00-0039890,Adonai Mitchell,WR,2024,18,REG,2024_18_JAX_IND,IND,JAX,0,0,0,0,0,0,0,0,0,0,0,0,0,1,0,0,0,0,0,0,,0,0,0,0,0,0,0,0,0,0,0,,0
00-0039893,Brian Thomas Jr.,WR,2024,18,REG,2024_18_JAX_IND,JAX,IND,0,0,0,0,0,0,0,0,0,0,0,0,7,11,103,0,3,0,0,0,,0,0,0,0,0,0,0,0,0,0,0,,0
00-0039901,Keon Coleman,WR,2024,18,REG,2024_18_BUF_NE,BUF,NE,0,0,0,0,0,0,0,1,9,0,0,0,2,10,31,0,2,0,0,0,,0,0,0,0,0,0,0,0,0,0,0,,0
00-0039910,Jayden Daniels,QB,2024,18,REG,2024_18_WAS_DAL,WAS,DAL,6,12,38,0,0,4,-18,4,27,0,2,0,0,0,0,0,0,0,0,0,,0,0,0,0,0,0,0,0,0,0,0,,0
00-0039915,Ladd McConkey,WR,2024,18,REG,2024_18_LAC_LV,LAC,LV,0,0,0,0,0,0,0,0,0,0,0,0,5,8,95,0,3,0,0,0,,0,0,0,0,0,0,0,0,0,0,0,,0
00-0039916,Ricky Pearsall,WR,2024,18,REG,2024_18_SF_ARI,SF,ARI,0,0,0,0,0,0,0,0,0,0,0,0,6,8,69,1,4,0,0,0,,0,0,0,0,0,0,0,0,0,0,0,,0
00-0039917,Michael Penix Jr.,QB,2024,18,REG,2024_18_CAR_ATL,ATL,CAR,21,38,312,2,1,1,-2,1,5,1,1,0,0,0,0,0,0,0,0,0,,0,0,0,0,0,0,0,0,0,0,0,,0
00-0039918,Caleb Williams,QB,2024,18,REG,2024_18_CHI_GB,CHI,GB,21,29,148,1,0,1,-7,3,10,0,1,0,0,0,0,0,0,0,0,0,,0,0,0,0,0,0,0,0,0,0,0,,0
00-0039919,Rome Odunze,WR,2024,18,REG,2024_18_CHI_GB,CHI,GB,0,0,0,0,0,0,0,0,0,0,0,0,2,2,18,0,1,0,0,0,,0,0,0,0,0,0,0,0,0,0,0,,0
00-0026498,Matthew Stafford,QB,2024,19,POST,2024_19_MIN_LA,LA,MIN,19,27,209,2,0,2,-7,2,-1,0,0,0,0,0,0,0,0,0,0,0,,0,0,0,0,0,0,0,0,0,0,0,,0
00-0029263,Russell Wilson,QB,2024,19,POST,2024_19_PIT_BAL,PIT,BAL,20,29,270,2,0,4,-19,3,6,0,0,0,0,0,0,0,0,0,0,0,,0,0,0,0,0,0,0,0,0,0,0,,0
00-0029597,Justin Tucker,K,2024,19,POST,2024_19_PIT_BAL,BAL,PIT,0,0,0,0,0,0,0,0,0,0,0,0,0,0,0,0,0,0,0,0,,0,0,0,0,0,0,4,4,0,0,0,,0
00-0029822,Brandon McManus,K,2024,19,POST,2024_19_GB_PHI,GB,PHI,0,0,0,0,0,0,0,0,0,0,0,0,0,0,0,0,0,0,1,2,26,0,1,0,0,0,0,1,1,0,0,0,,0
00-0030061,Zach Ertz,TE,2024,19,POST,2024_19_WAS_TB,WAS,TB,0,0,0,0,0,0,0,0,0,0,0,0,2,4,23,0,2,0,0,0,,0,0,0,0,0,0,0,0,0,0,0,,0
00-0030092,Sam Martin,P,2024,19,POST,2024_19_DEN_BUF,BUF,DEN,0,0,0,0,0,0,0,0,0,0,0,0,0,0,0,0,0,0,0,0,,0,0,0,0,0,0,0,0,1,45,45,45,1
00-0030431,Robert Woods,WR,2024,19,POST,2024_19_LAC_HOU,HOU,LAC,0,0,0,0,0,0,0,0,0,0,0,0,2,4,22,0,2,0,0,0,,0,0,0,0,0,0,0,0,0,0,0,,0
00-0031136,Chris Boswell,K,2024,19,POST,2024_19_PIT_BAL,PIT,BAL,0,0,0,0,0,0,0,0,0,0,0,0,0,0,0,0,0,0,0,0,,0,0,0,0,0,0,2,2,0,0,0,,0
00-0031408,Mike Evans,WR,2024,19,POST,2024_19_WAS_TB,TB,WAS,0,0,0,0,0,0,0,0,0,0,0,0,7,7,92,1,7,0,0,0,,0,0,0,0,0,0,0,0,0,0,0,,0
00-0031544,Amari Cooper,WR,2024,19,POST,2024_19_DEN_BUF,BUF,DEN,0,0,0,0,0,0,0,0,0,0,0,0,2,3,8,0,0,0,0,0,,0,0,0,0,0,0,0,0,0,0,0,,0
00-0031549,Nelson Agholor,WR,2024,19,POST,2024_19_PIT_BAL,BAL,PIT,0,0,0,0,0,0,0,0,0,0,0,0,1,1,25,0,1,0,0,0,,0,0,0,0,0,0,0,0,0,0,0,,0
00-0032268,Marcus Mariota,QB,2024,19,POST,2024_19_WAS_TB,WAS,TB,0,0,0,0,0,0,0,1,2,0,1,0,0,0,0,0,0,0,0,0,,0,0,0,0,0,0,0,0,0,0,0,,0
00-0032569,Wil Lutz,K,2024,19,POST,2024_19_DEN_BUF,DEN,BUF,0,0,0,0,0,0,0,0,0,0,0,0,0,0,0,0,0,0,0,1,,0,0,0,0,0,0,1,1,0,0,0,,0
00-0032726,Ka'imi Fairbairn,K,2024,19,POST,2024_19_LAC_HOU,HOU,LAC,0,0,0,0,0,0,0,0,0,0,0,0,0,0,0,0,0,0,3,3,41,0,0,2,1,0,0,3,3,0,0,0,,0
00-0032764,Derrick Henry,RB,2024,19,POST,2024_19_PIT_BAL,BAL,PIT,0,0,0,0,0,0,0,26,186,2,7,0,0,0,0,0,0,0,0,0,,0,0,0,0,0,0,0,0,0,0,0,,0
00-0032775,Demarcus Robinson,WR,2024,19,POST,2024_19_MIN_LA,LA,MIN,0,0,0,0,0,0,0,0,0,0,0,0,1,2,23,0,1,0,0,0,,0,0,0,0,0,0,0,0,0,0,0,,0
00-0032918,C.J. Ham,FB,2024,19,POST,2024_19_MIN_LA,MIN,LA,0,0,0,0,0,0,0,0,0,0,0,0,1,1,8,0,0,0,0,0,,0,0,0,0,0,0,0,0,0,0,0,,0
00-0032943,Riley Dixon,P,2024,19,POST,2024_19_DEN_BUF,DEN,BUF,1,1,15,0,0,0,0,0,0,0,0,0,0,0,0,0,0,0,0,0,,0,0,0,0,0,0,0,0,4,192,162,53,2
00-0033110,Tyler Higbee,TE,2024,19,POST,2024_19_MIN_LA,LA,MIN,0,0,0,0,0,0,0,0,0,0,0,0,5,5,58,0,2,0,0,0,,0,0,0,0,0,0,0,0,0,0,0,,0
00-0033246,Johnny Mundt,TE,2024,19,POST,2024_19_MIN_LA,MIN,LA,0,0,0,0,0,0,0,0,0,0,0,0,2,3,28,0,2,0,0,0,,0,0,0,0,0,0,0,0,0,0,0,,0
00-0033282,Curtis Samuel,WR,2024,19,POST,2024_19_DEN_BUF,BUF,DEN,0,0,0,0,0,0,0,0,0,0,0,0,3,3,68,1,2,0,0,0,,0,0,0,0,0,0,0,0,0,0,0,,0
00-0033293,Aaron Jones,RB,2024,19,POST,2024_19_MIN_LA,MIN,LA,0,0,0,0,0,0,0,13,48,0,1,0,3,6,12,0,0,0,0,0,,0,0,0,0,0,0,0,0,0,0,0,,0
00-0033536,Mike Williams,WR,2024,19,POST,2024_19_PIT_BAL,PIT,BAL,0,0,0,0,0,0,0,0,0,0,0,0,1,2,37,0,1,0,0,0,,0,0,0,0,0,0,0,0,0,0,0,,0
00-0033555,Mack Hollins,WR,2024,19,POST,2024_19_DEN_BUF,BUF,DEN,0,0,0,0,0,0,0,0,0,0,0,0,1,2,19,0,1,0,0,0,,0,0,0,0,0,0,0,0,0,0,0,,0
00-0033699,Austin Ekeler,RB,2024,19,POST,2024_19_WAS_TB,WAS,TB,0,0,0,0,0,0,0,8,27,0,2,0,3,4,26,0,2,0,0,0,,0,0,0,0,0,0,0,0,0,0,0,,0
00-0033787,Jake Elliott,K,2024,19,POST,2024_19_GB_PHI,PHI,GB,0,0,0,0,0,0,0,0,0,0,0,0,0,0,0,0,0,0,3,3,32,0,0,3,0,0,0,1,2,0,0,0,,0
00-0033854,Dare Ogunbowale,RB,2024,19,POST,2024_19_LAC_HOU,HOU,LAC,0,0,0,0,0,0,0,1,5,0,0,0,0,0,0,0,0,0,0,0,,0,0,0,0,0,0,0,0,0,0,0,,0
00-0033862,Zane Gonzalez,K,2024,19,POST,2024_19_WAS_TB,WAS,TB,0,0,0,0,0,0,0,0,0,0,0,0,0,0,0,0,0,0,3,3,52,0,1,1,0,1,0,2,2,0,0,0,,0
00-0033869,Mitchell Trubisky,QB,2024,19,POST,2024_19_DEN_BUF,BUF,DEN,0,0,0,0,0,0,0,3,-3,0,0,0,0,0,0,0,0,0,0,0,,0,0,0,0,0,0,0,0,0,0,0,,0
00-0033897,Joe Mixon,RB,2024,19,POST,2024_19_LAC_HOU,HOU,LAC,0,0,0,0,0,0,0,25,106,1,5,1,1,2,13,0,0,0,0,0,,0,0,0,0,0,0,0,0,0,0,0,,0
00-0033908,Cooper Kupp,WR,2024,19,POST,2024_19_MIN_LA,LA,MIN,0,0,0,0,0,0,0,0,0,0,0,0,1,1,29,0,1,0,0,0,,0,0,0,0,0,0,0,0,0,0,0,,0
00-0033955,Jeremy McNichols,RB,2024,19,POST,2024_19_WAS_TB,WAS,TB,0,0,0,0,0,0,0,1,1,0,0,0,0,0,0,0,0,0,0,0,,0,0,0,0,0,0,0,0,0,0,0,,0
00-0034159,Will Dissly,TE,2024,19,POST,2024_19_LAC_HOU,LAC,HOU,0,0,0,0,0,0,0,0,0,0,0,0,2,5,16,0,0,0,0,0,,0,0,0,0,0,0,0,0,0,0,0,,0
00-0034162,J.K. Scott,P,2024,19,POST,2024_19_LAC_HOU,LAC,HOU,0,0,0,0,0,0,0,0,0,0,0,0,0,0,0,0,0,0,0,0,,0,0,0,0,0,0,0,0,5,221,211,55,2
00-0034184,Gus Edwards,RB,2024,19,POST,2024_19_LAC_HOU,LAC,HOU,0,0,0,0,0,0,0,7,22,0,1,0,0,0,0,0,0,0,0,0,,0,0,0,0,0,0,0,0,0,0,0,,0
00-0034348,Courtland Sutton,WR,2024,19,POST,2024_19_DEN_BUF,DEN,BUF,0,0,0,0,0,0,0,0,0,0,0,0,5,9,75,0,4,0,0,0,,0,0,0,0,0,0,0,0,0,0,0,,0
00-0034351,Dallas Goedert,TE,2024,19,POST,2024_19_GB_PHI,PHI,GB,0,0,0,0,0,0,0,0,0,0,0,0,4,6,47,1,2,0,0,0,,0,0,0,0,0,0,0,0,0,0,0,,0
00-0034353,Anthony Miller,WR,2024,19,POST,2024_19_PIT_BAL,BAL,PIT,0,0,0,0,0,0,0,0,0,0,0,0,3,3,12,0,0,0,0,0,,0,0,0,0,0,0,0,0,0,0,0,,0
00-0034383,Dalton Schultz,TE,2024,19,POST,2024_19_LAC_HOU,HOU,LAC,0,0,0,0,0,0,0,0,0,0,0,0,2,4,23,0,1,0,0,0,,0,0,0,0,0,0,0,0,0,0,0,,0
00-0034487,Trent Sherfield,WR,2024,19,POST,2024_19_MIN_LA,MIN,LA,0,0,0,0,0,0,0,0,0,0,0,0,2,3,8,0,0,0,0,0,,0,0,0,0,0,0,0,0,0,0,0,,0
00-0034753,Mark Andrews,TE,2024,19,POST,2024_19_PIT_BAL,BAL,PIT,0,0,0,0,0,0,0,2,5,0,2,0,2,3,27,0,2,0,0,0,,0,0,0,0,0,0,0,0,0,0,0,,0
00-0034777,DJ Chark,WR,2024,19,POST,2024_19_LAC_HOU,LAC,HOU,0,0,0,0,0,0,0,0,0,0,0,0,1,4,10,0,0,0,0,0,,0,0,0,0,0,0,0,0,0,0,0,,0
00-0034796,Lamar Jackson,QB,2024,19,POST,2024_19_PIT_BAL,BAL,PIT,16,21,175,2,0,1,-10,15,81,0,5,0,0,0,0,0,0,0,0,0,,0,0,0,0,0,0,0,0,0,0,0,,0
00-0034844,Saquon Barkley,RB,2024,19,POST,2024_19_GB_PHI,PHI,GB,0,0,0,0,0,0,0,25,119,0,4,0,2,2,4,0,0,0,0,0,,0,0,0,0,0,0,0,0,0,0,0,,0
00-0034855,Baker Mayfield,QB,2024,19,POST,2024_19_WAS_TB,TB,WAS,15,18,185,2,0,1,-2,7,23,0,1,1,0,0,0,0,0,0,0,0,,0,0,0,0,0,0,0,0,0,0,0,,0
00-0034857,Josh Allen,QB,2024,19,POST,2024_19_DEN_BUF,BUF,DEN,20,26,272,2,0,2,-11,8,46,0,5,0,0,0,0,0,0,0,0,0,,0,0,0,0,0,0,0,0,0,0,0,,0
00-0034869,Sam Darnold,QB,2024,19,POST,2024_19_MIN_LA,MIN,LA,25,40,245,1,1,9,-82,4,19,0,3,0,0,0,0,0,0,0,0,0,,0,0,0,0,0,0,0,0,0,0,0,,0
00-0034928,Steven Sims,WR,2024,19,POST,2024_19_PIT_BAL,BAL,PIT,0,0,0,0,0,0,0,1,15,0,1,0,0,0,0,0,0,0,0,0,,0,0,0,0,0,0,0,0,0,0,0,,0
00-0034975,Justice Hill,RB,2024,19,POST,2024_19_PIT_BAL,BAL,PIT,0,0,0,0,0,0,0,6,12,0,1,0,4,4,13,1,2,0,0,0,,0,0,0,0,0,0,0,0,0,0,0,,0
00-0035208,Olamide Zaccheaus,WR,2024,19,POST,2024_19_WAS_TB,WAS,TB,0,0,0,0,0,0,0,0,0,0,0,0,3,3,19,0,1,0,0,0,,0,0,0,0,0,0,0,0,0,0,0,,0
00-0035216,Diontae Johnson,WR,2024,19,POST,2024_19_LAC_HOU,HOU,LAC,0,0,0,0,0,0,0,0,0,0,0,0,1,1,12,0,0,0,0,0,,0,0,0,0,0,0,0,0,0,0,0,,0
00-0035229,T.J. Hockenson,TE,2024,19,POST,2024_19_MIN_LA,MIN,LA,0,0,0,0,0,0,0,0,0,0,0,0,5,5,64,1,3,0,0,0,,0,0,0,0,0,0,0,0,0,0,0,,0
00-0035249,Josh Oliver,TE,2024,19,POST,2024_19_MIN_LA,MIN,LA,0,0,0,0,0,0,0,0,0,0,0,0,1,1,5,0,0,0,0,0,,0,0,0,0,0,0,0,0,0,0,0,,0
00-0035358,Chase McLaughlin,K,2024,19,POST,2024_19_WAS_TB,TB,WAS,0,0,0,0,0,0,0,0,0,0,0,0,0,0,0,0,0,0,2,2,50,0,0,1,0,1,0,2,2,0,0,0,,0
00-0035537,Ty Johnson,RB,2024,19,POST,2024_19_DEN_BUF,BUF,DEN,0,0,0,0,0,0,0,9,44,0,2,0,2,2,26,1,2,0,0,0,,0,0,0,0,0,0,0,0,0,0,0,,0
00-0035659,Terry McLaurin,WR,2024,19,POST,2024_19_WAS_TB,WAS,TB,0,0,0,0,0,0,0,0,0,0,0,0,7,10,89,1,4,0,0,0,,0,0,0,0,0,0,0,0,0,0,0,,0
00-0035676,A.J. Brown,WR,2024,19,POST,2024_19_GB_PHI,PHI,GB,0,0,0,0,0,0,0,0,0,0,0,0,1,3,10,0,1,0,0,0,,0,0,0,0,0,0,0,0,0,0,0,,0
00-0035689,Dawson Knox,TE,2024,19,POST,2024_19_DEN_BUF,BUF,DEN,0,0,0,0,0,0,0,0,0,0,0,0,2,3,38,0,2,0,0,0,,0,0,0,0,0,0,0,0,0,0,0,,0
00-0035700,Josh Jacobs,RB,2024,19,POST,2024_19_GB_PHI,GB,PHI,0,0,0,0,0,0,0,18,81,1,2,0,3,3,40,0,3,0,0,0,,0,0,0,0,0,0,0,0,0,0,0,,0
00-0035821,Corliss Waitman,P,2024,19,POST,2024_19_PIT_BAL,PIT,BAL,0,0,0,0,0,0,0,0,0,0,0,0,0,0,0,0,0,0,0,0,,0,0,0,0,0,0,0,0,5,257,253,60,5
00-0035889,Tommy Townsend,P,2024,19,POST,2024_19_LAC_HOU,HOU,LAC,0,0,0,0,0,0,0,0,0,0,0,0,0,0,0,0,0,0,0,0,,0,0,0,0,0,0,0,0,4,183,163,67,1
00-0036158,J.K. Dobbins,RB,2024,19,POST,2024_19_LAC_HOU,LAC,HOU,0,0,0,0,0,0,0,9,26,0,2,0,0,1,0,0,0,0,0,0,,0,0,0,0,0,0,0,0,0,0,0,,0
00-0036162,Tyler Bass,K,2024,19,POST,2024_19_DEN_BUF,BUF,DEN,0,0,0,0,0,0,0,0,0,0,0,0,0,0,0,0,0,0,3,3,34,0,2,1,0,0,0,2,2,0,0,0,,0
00-0036244,Colby Parkinson,TE,2024,19,POST,2024_19_MIN_LA,LA,MIN,0,0,0,0,0,0,0,0,0,0,0,0,2,2,13,0,0,0,0,0,,0,0,0,0,0,0,0,0,0,0,0,,0
00-0036264,Jordan Love,QB,2024,19,POST,2024_19_GB_PHI,GB,PHI,20,33,212,0,3,2,-17,2,10,0,0,0,0,0,0,0,0,0,0,0,,0,0,0,0,0,0,0,0,0,0,0,,0
00-0036313,Braden Mann,P,2024,19,POST,2024_19_GB_PHI,PHI,GB,0,0,0,0,0,0,0,0,0,0,0,0,0,0,0,0,0,0,0,0,,0,0,0,0,0,0,0,0,5,243,197,63,2
00-0036322,Justin Jefferson,WR,2024,19,POST,2024_19_MIN_LA,MIN,LA,0,0,0,0,0,0,0,0,0,0,0,0,5,8,58,0,2,0,0,0,,0,0,0,0,0,0,0,0,0,0,0,,0
00-0036355,Justin Herbert,QB,2024,19,POST,2024_19_LAC_HOU,LAC,HOU,14,32,242,1,4,4,-31,0,0,0,0,0,0,0,0,0,0,0,0,0,,0,0,0,0,0,0,0,0,0,0,0,,0
00-0036389,Jalen Hurts,QB,2024,19,POST,2024_19_GB_PHI,PHI,GB,13,21,131,2,0,2,-10,6,36,0,2,0,0,0,0,0,0,0,0,0,,0,0,0,0,0,0,0,0,0,0,0,,0
00-0036414,Cam Akers,RB,2024,19,POST,2024_19_MIN_LA,MIN,LA,0,0,0,0,0,0,0,5,39,0,1,0,0,0,0,0,0,0,0,0,,0,0,0,0,0,0,0,0,0,0,0,,0
00-0036415,Van Jefferson,WR,2024,19,POST,2024_19_PIT_BAL,PIT,BAL,0,0,0,0,0,0,0,0,0,0,0,0,2,2,37,1,1,0,0,0,,0,0,0,0,0,0,0,0,0,0,0,,0
00-0036422,Adam Trautman,TE,2024,19,POST,2024_19_DEN_BUF,DEN,BUF,0,0,0,0,0,0,0,0,0,0,0,0,1,1,2,0,0,0,0,0,,0,0,0,0,0,0,0,0,0,0,0,,0
00-0036550,Rashod Bateman,WR,2024,19,POST,2024_19_PIT_BAL,BAL,PIT,0,0,0,0,0,0,0,0,0,0,0,0,2,2,24,1,2,0,0,0,,0,0,0,0,0,0,0,0,0,0,0,,0
00-0036554,Nico Collins,WR,2024,19,POST,2024_19_LAC_HOU,HOU,LAC,0,0,0,0,0,0,0,0,0,0,0,0,7,8,122,1,6,0,0,0,,0,0,0,0,0,0,0,0,0,0,0,,0
00-0036626,Dyami Brown,WR,2024,19,POST,2024_19_WAS_TB,WAS,TB,0,0,0,0,0,0,0,0,0,0,0,0,5,5,89,1,4,0,0,0,,0,0,0,0,0,0,0,0,0,0,0,,0
00-0036628,John Bates,TE,2024,19,POST,2024_19_WAS_TB,WAS,TB,0,0,0,0,0,0,0,0,0,0,0,0,0,1,0,0,0,0,0,0,,0,0,0,0,0,0,0,0,0,0,0,,0
00-0036630,Tylan Wallace,WR,2024,19,POST,2024_19_PIT_BAL,BAL,PIT,0,0,0,0,0,0,0,0,0,0,0,0,1,2,21,0,1,0,0,0,,0,0,0,0,0,0,0,0,0,0,0,,0
00-0036893,Najee Harris,RB,2024,19,POST,2024_19_PIT_BAL,PIT,BAL,0,0,0,0,0,0,0,6,17,0,1,0,3,3,41,0,1,0,0,0,,0,0,0,0,0,0,0,0,0,0,0,,0
00-0036894,Pat Freiermuth,TE,2024,19,POST,2024_19_PIT_BAL,PIT,BAL,0,0,0,0,0,0,0,0,0,0,0,0,3,4,15,0,0,0,0,0,,0,0,0,0,0,0,0,0,0,0,0,,0
00-0036912,DeVonta Smith,WR,2024,19,POST,2024_19_GB_PHI,PHI,GB,0,0,0,0,0,0,0,0,0,0,0,0,4,4,55,0,2,0,0,0,,0,0,0,0,0,0,0,0,0,0,0,,0
00-0036919,Kenny Gainwell,RB,2024,19,POST,2024_19_GB_PHI,PHI,GB,0,0,0,0,0,0,0,3,14,0,2,0,0,0,0,0,0,0,0,0,,0,0,0,0,0,0,0,0,0,0,0,,0
00-0036945,Justin Fields,QB,2024,19,POST,2024_19_PIT_BAL,PIT,BAL,0,1,0,0,0,0,0,0,0,0,0,0,0,0,0,0,0,0,0,0,,0,0,0,0,0,0,0,0,0,0,0,,0
00-0036997,Javonte Williams,RB,2024,19,POST,2024_19_DEN_BUF,DEN,BUF,0,0,0,0,0,0,0,7,29,0,0,0,2,2,14,0,0,0,0,0,,0,0,0,0,0,0,0,0,0,0,0,,0
00-0037004,Hunter Long,TE,2024,19,POST,2024_19_MIN_LA,LA,MIN,0,0,0,0,0,0,0,0,0,0,0,0,1,2,13,0,1,0,0,0,,0,0,0,0,0,0,0,0,0,0,0,,0
00-0037085,Tyler Badie,RB,2024,19,POST,2024_19_DEN_BUF,DEN,BUF,0,0,0,0,0,0,0,2,8,0,0,0,0,0,0,0,0,0,0,0,,0,0,0,0,0,0,0,0,0,0,0,,0
00-0037086,Grant Calcaterra,TE,2024,19,POST,2024_19_GB_PHI,PHI,GB,0,0,0,0,0,0,0,0,0,0,0,0,1,1,4,0,0,0,0,0,,0,0,0,0,0,0,0,0,0,0,0,,0
00-0037091,Bo Melton,WR,2024,19,POST,2024_19_GB_PHI,GB,PHI,0,0,0,0,0,0,0,0,0,0,0,0,1,3,16,0,1,0,0,0,,0,0,0,0,0,0,0,0,0,0,0,,0
00-0037224,Cameron Dicker,K,2024,19,POST,2024_19_LAC_HOU,LAC,HOU,0,0,0,0,0,0,0,0,0,0,0,0,0,0,0,0,0,0,2,2,39,0,0,2,0,0,0,0,1,0,0,0,,0
00-0037228,Jaylen Warren,RB,2024,19,POST,2024_19_PIT_BAL,PIT,BAL,0,0,0,0,0,0,0,2,6,0,1,0,4,5,19,0,1,0,0,0,,0,0,0,0,0,0,0,0,0,0,0,,0
00-0037247,George Pickens,WR,2024,19,POST,2024_19_PIT_BAL,PIT,BAL,0,0,0,0,0,0,0,0,0,0,0,0,5,5,87,1,4,0,0,0,,0,0,0,0,0,0,0,0,0,0,0,,0
00-0037248,James Cook,RB,2024,19,POST,2024_19_DEN_BUF,BUF,DEN,0,0,0,0,0,0,0,23,120,1,7,0,0,0,0,0,0,0,0,0,,0,0,0,0,0,0,0,0,0,0,0,,0
00-0037256,Rachaad White,RB,2024,19,POST,2024_19_WAS_TB,TB,WAS,0,0,0,0,0,0,0,1,1,0,0,0,2,2,14,0,0,0,0,0,,0,0,0,0,0,0,0,0,0,0,0,,0
00-0037258,Dameon Pierce,RB,2024,19,POST,2024_19_LAC_HOU,HOU,LAC,0,0,0,0,0,0,0,2,15,0,1,0,0,0,0,0,0,0,0,0,,0,0,0,0,0,0,0,0,0,0,0,,0
00-0037261,Khalil Shakir,WR,2024,19,POST,2024_19_DEN_BUF,BUF,DEN,0,0,0,0,0,0,0,0,0,0,0,0,6,6,61,0,3,0,0,0,,0,0,0,0,0,0,0,0,0,0,0,,0
00-0037291,Jalen Nailor,WR,2024,19,POST,2024_19_MIN_LA,MIN,LA,0,0,0,0,0,0,0,0,0,0,0,0,3,5,33,0,2,0,0,0,,0,0,0,0,0,0,0,0,0,0,0,,0
00-0037500,Ryan Wright,P,2024,19,POST,2024_19_MIN_LA,MIN,LA,0,0,0,0,0,0,0,0,0,0,0,0,0,0,0,0,0,0,0,0,,0,0,0,0,0,0,0,0,3,133,105,56,0
00-0037539,Lucas Krull,TE,2024,19,POST,2024_19_DEN_BUF,DEN,BUF,0,0,0,0,0,0,0,0,0,0,0,0,1,1,2,0,0,0,0,0,,0,0,0,0,0,0,0,0,0,0,0,,0
00-0037547,Daniel Whelan,P,2024,19,POST,2024_19_GB_PHI,GB,PHI,0,0,0,0,0,0,0,0,0,0,0,0,0,0,0,0,0,0,0,0,,0,0,0,0,0,0,0,0,2,100,89,50,0
00-0037557,Ronnie Rivers,RB,2024,19,POST,2024_19_MIN_LA,LA,MIN,0,0,0,0,0,0,0,3,8,0,0,0,0,0,0,0,0,0,0,0,,0,0,0,0,0,0,0,0,0,0,0,,0
00-0037614,John Metchie III,WR,2024,19,POST,2024_19_LAC_HOU,HOU,LAC,0,0,0,0,0,0,0,0,0,0,0,0,4,8,28,0,1,1,0,0,,0,0,0,0,0,0,0,0,0,0,0,,0
00-0037617,Hassan Haskins,RB,2024,19,POST,2024_19_LAC_HOU,LAC,HOU,0,0,0,0,0,0,0,1,5,0,1,0,0,1,0,0,0,0,0,0,,0,0,0,0,0,0,0,0,0,0,0,,0
00-0037654,Tucker Fisk,TE,2024,19,POST,2024_19_LAC_HOU,LAC,HOU,0,0,0,0,0,0,0,0,0,0,0,0,1,1,15,0,1,0,0,0,,0,0,0,0,0,0,0,0,0,0,0,,0
00-0037741,Jahan Dotson,WR,2024,19,POST,2024_19_GB_PHI,PHI,GB,0,0,0,0,0,0,0,0,0,0,0,0,1,2,11,1,1,0,0,0,,0,0,0,0,0,0,0,0,0,0,0,,0
00-0037746,Brian Robinson,RB,2024,19,POST,2024_19_WAS_TB,WAS,TB,0,0,0,0,0,0,0,10,16,0,0,0,4,5,22,0,1,0,0,0,,0,0,0,0,0,0,0,0,0,0,0,,0
00-0037816,Romeo Doubs,WR,2024,19,POST,2024_19_GB_PHI,GB,PHI,0,0,0,0,0,0,0,0,0,0,0,0,2,2,13,0,1,0,0,0,,0,0,0,0,0,0,0,0,0,0,0,,0
00-0037837,Calvin Austin III,WR,2024,19,POST,2024_19_PIT_BAL,PIT,BAL,0,0,0,0,0,0,0,0,0,0,0,0,1,2,25,0,1,0,0,0,,0,0,0,0,0,0,0,0,0,0,0,,0
00-0037838,Isaiah Likely,TE,2024,19,POST,2024_19_PIT_BAL,BAL,PIT,0,0,0,0,0,0,0,0,0,0,0,0,3,4,53,0,2,0,0,0,,0,0,0,0,0,0,0,0,0,0,0,,0
00-0037840,Kyren Williams,RB,2024,19,POST,2024_19_MIN_LA,LA,MIN,0,0,0,0,0,0,0,16,76,0,4,0,3,3,16,1,1,0,0,0,,0,0,0,0,0,0,0,0,0,0,0,,0
00-0038094,Jordan Stout,P,2024,19,POST,2024_19_PIT_BAL,BAL,PIT,0,0,0,0,0,0,0,0,0,0,0,0,0,0,0,0,0,0,0,0,,0,0,0,0,0,0,0,0,4,183,149,49,1
00-0038129,Cade Otton,TE,2024,19,POST,2024_19_WAS_TB,TB,WAS,0,0,0,0,0,0,0,0,0,0,0,0,2,2,32,0,2,0,0,0,,0,0,0,0,0,0,0,0,0,0,0,,0
00-0038393,Dontayvion Wicks,WR,2024,19,POST,2024_19_GB_PHI,GB,PHI,0,0,0,0,0,0,0,0,0,0,0,0,2,6,39,0,2,0,0,0,,0,0,0,0,0,0,0,0,0,0,0,,0
00-0038465,Malik Heath,WR,2024,19,POST,2024_19_GB_PHI,GB,PHI,0,0,0,0,0,0,0,0,0,0,0,0,0,4,0,0,0,0,0,0,,0,0,0,0,0,0,0,0,0,0,0,,0
00-0038544,Quentin Johnston,WR,2024,19,POST,2024_19_LAC_HOU,LAC,HOU,0,0,0,0,0,0,0,0,0,0,0,0,0,5,0,0,0,0,0,0,,0,0,0,0,0,0,0,0,0,0,0,,0
00-0038558,Darnell Washington,TE,2024,19,POST,2024_19_PIT_BAL,PIT,BAL,0,0,0,0,0,0,0,0,0,0,0,0,1,3,9,0,0,0,0,0,,0,0,0,0,0,0,0,0,0,0,0,,0
00-0038573,Derius Davis,WR,2024,19,POST,2024_19_LAC_HOU,LAC,HOU,0,0,0,0,0,0,0,1,-3,0,0,0,1,1,4,0,0,0,0,0,,0,0,0,0,0,0,0,0,0,0,0,,0
00-0038618,Xavier Hutchinson,WR,2024,19,POST,2024_19_LAC_HOU,HOU,LAC,0,0,0,0,0,0,0,0,0,0,0,0,1,1,34,0,1,0,0,0,,0,0,0,0,0,0,0,0,0,0,0,,0
00-0038685,Chris Brooks,RB,2024,19,POST,2024_19_GB_PHI,GB,PHI,0,0,0,0,0,0,0,0,0,0,0,0,2,3,9,0,0,0,0,0,,0,0,0,0,0,0,0,0,0,0,0,,0
00-0038794,Jaleel McLaughlin,RB,2024,19,POST,2024_19_DEN_BUF,DEN,BUF,0,0,0,0,0,0,0,2,-2,0,0,0,1,1,0,0,0,0,0,0,,0,0,0,0,0,0,0,0,0,0,0,,0
00-0038797,Emanuel Wilson,RB,2024,19,POST,2024_19_GB_PHI,GB,PHI,0,0,0,0,0,0,0,3,6,0,0,0,1,3,23,0,1,0,0,0,,0,0,0,0,0,0,0,0,0,0,0,,0
00-0038933,Dalton Kincaid,TE,2024,19,POST,2024_19_DEN_BUF,BUF,DEN,0,0,0,0,0,0,0,0,0,0,0,0,3,3,47,0,1,0,0,0,,0,0,0,0,0,0,0,0,0,0,0,,0
00-0038976,Marvin Mims Jr.,WR,2024,19,POST,2024_19_DEN_BUF,DEN,BUF,0,0,0,0,0,0,0,2,1,0,1,0,2,4,12,0,1,0,0,0,,0,0,0,0,0,0,0,0,0,0,0,,0
00-0038994,Jordan Addison,WR,2024,19,POST,2024_19_MIN_LA,MIN,LA,0,0,0,0,0,0,0,0,0,0,0,0,3,8,29,0,2,0,0,0,,0,0,0,0,0,0,0,0,0,0,0,,0
00-0038996,Tucker Kraft,TE,2024,19,POST,2024_19_GB_PHI,GB,PHI,0,0,0,0,0,0,0,2,10,0,2,0,5,5,26,0,1,0,0,0,,0,0,0,0,0,0,0,0,0,0,0,,0
00-0039059,Ethan Evans,P,2024,19,POST,2024_19_MIN_LA,LA,MIN,0,0,0,0,0,0,0,0,0,0,0,0,0,0,0,0,0,0,0,0,,0,0,0,0,0,0,0,0,5,251,231,59,3
00-0039074,Davis Allen,TE,2024,19,POST,2024_19_MIN_LA,LA,MIN,0,0,0,0,0,0,0,0,0,0,0,0,1,2,13,1,1,0,0,0,,0,0,0,0,0,0,0,0,0,0,0,,0
00-0039075,Puka Nacua,WR,2024,19,POST,2024_19_MIN_LA,LA,MIN,0,0,0,0,0,0,0,1,7,0,0,0,5,9,44,0,3,0,0,0,,0,0,0,0,0,0,0,0,0,0,0,,0
00-0039146,Jayden Reed,WR,2024,19,POST,2024_19_GB_PHI,GB,PHI,0,0,0,0,0,0,0,0,0,0,0,0,4,4,46,0,3,0,0,0,,0,0,0,0,0,0,0,0,0,0,0,,0
00-0039163,C.J. Stroud,QB,2024,19,POST,2024_19_LAC_HOU,HOU,LAC,22,33,282,1,1,3,-21,6,42,0,2,0,0,0,0,0,0,0,0,0,,0,0,0,0,0,0,0,0,0,0,0,,0
00-0039359,Cade Stover,TE,2024,19,POST,2024_19_LAC_HOU,HOU,LAC,0,0,0,0,0,0,0,0,0,0,0,0,4,4,28,0,1,0,0,0,,0,0,0,0,0,0,0,0,0,0,0,,0
00-0039361,Bucky Irving,RB,2024,19,POST,2024_19_WAS_TB,TB,WAS,0,0,0,0,0,0,0,17,77,0,3,0,2,2,6,1,1,0,0,0,,0,0,0,0,0,0,0,0,0,0,0,,0
00-0039404,Will Reichard,K,2024,19,POST,2024_19_MIN_LA,MIN,LA,0,0,0,0,0,0,0,0,0,0,0,0,0,0,0,0,0,0,1,1,34,0,0,1,0,0,0,0,0,0,0,0,,0
00-0039424,Devaughn Vele,WR,2024,19,POST,2024_19_DEN_BUF,DEN,BUF,0,0,0,0,0,0,0,0,0,0,0,0,0,2,0,0,0,0,0,0,,0,0,0,0,0,0,0,0,0,0,0,,0
00-0039477,Jack Browning,P,2024,19,POST,2024_19_WAS_TB,TB,WAS,0,0,0,0,0,0,0,0,0,0,0,0,0,0,0,0,0,0,0,0,,0,0,0,0,0,0,0,0,2,97,80,56,1
00-0039732,Bo Nix,QB,2024,19,POST,2024_19_DEN_BUF,DEN,BUF,13,22,144,1,0,2,-14,4,43,0,4,0,0,0,0,0,0,0,0,0,,0,0,0,0,0,0,0,0,0,0,0,,0
00-0039750,Joshua Karty,K,2024,19,POST,2024_19_MIN_LA,LA,MIN,0,0,0,0,0,0,0,0,0,0,0,0,0,0,0,0,0,0,2,2,44,0,0,1,1,0,0,3,3,0,0,0,,0
00-0039855,Jalen McMillan,WR,2024,19,POST,2024_19_WAS_TB,TB,WAS,0,0,0,0,0,0,0,0,0,0,0,0,2,4,41,0,2,0,0,0,,0,0,0,0,0,0,0,0,0,0,0,,0
00-0039868,Troy Franklin,WR,2024,19,POST,2024_19_DEN_BUF,DEN,BUF,0,0,0,0,0,0,0,0,0,0,0,0,2,3,54,1,2,0,0,0,,0,0,0,0,0,0,0,0,0,0,0,,0
00-0039875,Ray Davis,RB,2024,19,POST,2024_19_DEN_BUF,BUF,DEN,0,0,0,0,0,0,0,1,3,0,0,0,0,0,0,0,0,0,0,0,,0,0,0,0,0,0,0,0,0,0,0,,0
00-0039901,Keon Coleman,WR,2024,19,POST,2024_19_DEN_BUF,BUF,DEN,0,0,0,0,0,0,0,0,0,0,0,0,1,3,5,0,0,0,0,0,,0,0,0,0,0,0,0,0,0,0,0,,0
00-0039910,Jayden Daniels,QB,2024,19,POST,2024_19_WAS_TB,WAS,TB,24,35,268,2,0,1,0,13,36,0,2,0,0,0,0,0,0,0,0,0,,0,0,0,0,0,0,0,0,0,0,0,,0
00-0039915,Ladd McConkey,WR,2024,19,POST,2024_19_LAC_HOU,LAC,HOU,0,0,0,0,0,0,0,0,0,0,0,0,9,14,197,1,8,0,0,0,,0,0,0,0,0,0,0,0,0,0,0,,0
00-0026498,Matthew Stafford,QB,2024,20,POST,2024_20_LA_PHI,LA,PHI,26,44,324,2,0,5,-33,2,5,0,0,0,0,0,0,0,0,0,0,0,,0,0,0,0,0,0,0,0,0,0,0,,0
00-0029597,Justin Tucker,K,2024,20,POST,2024_20_BAL_BUF,BAL,BUF,0,0,0,0,0,0,0,0,0,0,0,0,0,0,0,0,0,0,2,2,47,0,1,0,1,0,0,1,1,0,0,0,,0
00-0030061,Zach Ertz,TE,2024,20,POST,2024_20_WAS_DET,WAS,DET,0,0,0,0,0,0,0,0,0,0,0,0,5,5,28,1,2,0,0,0,,0,0,0,0,0,0,0,0,0,0,0,,0
00-0030092,Sam Martin,P,2024,20,POST,2024_20_BAL_BUF,BUF,BAL,0,0,0,0,0,0,0,0,0,0,0,0,0,0,0,0,0,0,0,0,,0,0,0,0,0,0,0,0,3,150,114,54,1
00-0030140,Tress Way,P,2024,20,POST,2024_20_WAS_DET,WAS,DET,0,0,0,0,0,0,0,0,0,0,0,0,0,0,0,0,0,0,0,0,,0,0,0,0,0,0,0,0,1,48,48,48,1
00-0030506,Travis Kelce,TE,2024,20,POST,2024_20_HOU_KC,KC,HOU,0,0,0,0,0,0,0,0,0,0,0,0,7,8,117,1,5,0,0,0,,0,0,0,0,0,0,0,0,0,0,0,,0
00-0030564,DeAndre Hopkins,WR,2024,20,POST,2024_20_HOU_KC,KC,HOU,0,0,0,0,0,0,0,0,0,0,0,0,0,1,0,0,0,0,0,0,,0,0,0,0,0,0,0,0,0,0,0,,0
00-0031237,Teddy Bridgewater,QB,2024,20,POST,2024_20_WAS_DET,DET,WAS,1,1,3,0,0,0,0,0,0,0,0,0,0,0,0,0,0,0,0,0,,0,0,0,0,0,0,0,0,0,0,0,,0
00-0031544,Amari Cooper,WR,2024,20,POST,2024_20_BAL_BUF,BUF,BAL,0,0,0,0,0,0,0,0,0,0,0,0,0,1,0,0,0,0,0,0,,0,0,0,0,0,0,0,0,0,0,0,,0
00-0031549,Nelson Agholor,WR,2024,20,POST,2024_20_BAL_BUF,BAL,BUF,0,0,0,0,0,0,0,0,0,0,0,0,0,1,0,0,0,0,0,0,,0,0,0,0,0,0,0,0,0,0,0,,0
00-0031941,Jamison Crowder,WR,2024,20,POST,2024_20_WAS_DET,WAS,DET,0,0,0,0,0,0,0,0,0,0,0,0,2,2,25,0,1,0,0,0,,0,0,0,0,0,0,0,0,0,0,0,,0
00-0032268,Marcus Mariota,QB,2024,20,POST,2024_20_WAS_DET,WAS,DET,0,0,0,0,0,0,0,1,-1,0,0,0,0,0,0,0,0,0,0,0,,0,0,0,0,0,0,0,0,0,0,0,,0
00-0032464,Kalif Raymond,WR,2024,20,POST,2024_20_WAS_DET,DET,WAS,0,0,0,0,0,0,0,0,0,0,0,0,3,3,37,0,2,0,0,0,,0,0,0,0,0,0,0,0,0,0,0,,0
00-0032726,Ka'imi Fairbairn,K,2024,20,POST,2024_20_HOU_KC,HOU,KC,0,0,0,0,0,0,0,0,0,0,0,0,0,0,0,0,0,0,2,4,48,0,0,1,1,0,0,0,1,0,0,0,,0
00-0032764,Derrick Henry,RB,2024,20,POST,2024_20_BAL_BUF,BAL,BUF,0,0,0,0,0,0,0,16,84,1,5,0,0,2,0,0,0,0,0,0,,0,0,0,0,0,0,0,0,0,0,0,,0
00-0032775,Demarcus Robinson,WR,2024,20,POST,2024_20_LA_PHI,LA,PHI,0,0,0,0,0,0,0,0,0,0,0,0,3,7,74,0,3,0,0,0,,0,0,0,0,0,0,0,0,0,0,0,,0
00-0033106,Jared Goff,QB,2024,20,POST,2024_20_WAS_DET,DET,WAS,23,40,313,1,3,2,-16,1,7,0,1,0,0,0,0,0,0,0,0,0,,0,0,0,0,0,0,0,0,0,0,0,,0
00-0033110,Tyler Higbee,TE,2024,20,POST,2024_20_LA_PHI,LA,PHI,0,0,0,0,0,0,0,0,0,0,0,0,7,10,54,1,3,0,0,0,,0,0,0,0,0,0,0,0,0,0,0,,0
00-0033282,Curtis Samuel,WR,2024,20,POST,2024_20_BAL_BUF,BUF,BAL,0,0,0,0,0,0,0,0,0,0,0,0,2,2,9,0,1,0,0,0,,0,0,0,0,0,0,0,0,0,0,0,,0
00-0033303,Harrison Butker,K,2024,20,POST,2024_20_HOU_KC,KC,HOU,0,0,0,0,0,0,0,0,0,0,0,0,0,0,0,0,0,0,3,3,36,0,1,2,0,0,0,2,2,0,0,0,,0
00-0033375,Tim Patrick,WR,2024,20,POST,2024_20_WAS_DET,DET,WAS,0,0,0,0,0,0,0,0,0,0,0,0,1,4,22,0,1,0,0,0,,0,0,0,0,0,0,0,0,0,0,0,,0
00-0033526,Samaje Perine,RB,2024,20,POST,2024_20_HOU_KC,KC,HOU,0,0,0,0,0,0,0,0,0,0,0,0,0,1,0,0,0,0,0,0,,0,0,0,0,0,0,0,0,0,0,0,,0
00-0033555,Mack Hollins,WR,2024,20,POST,2024_20_BAL_BUF,BUF,BAL,0,0,0,0,0,0,0,0,0,0,0,0,1,2,12,0,1,0,0,0,,0,0,0,0,0,0,0,0,0,0,0,,0
00-0033699,Austin Ekeler,RB,2024,20,POST,2024_20_WAS_DET,WAS,DET,0,0,0,0,0,0,0,6,47,0,1,0,4,4,41,0,1,0,0,0,,0,0,0,0,0,0,0,0,0,0,0,,0
00-0033787,Jake Elliott,K,2024,20,POST,2024_20_LA_PHI,PHI,LA,0,0,0,0,0,0,0,0,0,0,0,0,0,0,0,0,0,0,3,3,44,0,1,1,1,0,0,1,3,0,0,0,,0
00-0033854,Dare Ogunbowale,RB,2024,20,POST,2024_20_HOU_KC,HOU,KC,0,0,0,0,0,0,0,1,9,0,0,0,1,1,0,0,0,0,0,0,,0,0,0,0,0,0,0,0,0,0,0,,0
00-0033857,JuJu Smith-Schuster,WR,2024,20,POST,2024_20_HOU_KC,KC,HOU,0,0,0,0,0,0,0,0,0,0,0,0,0,1,0,0,0,0,0,0,,0,0,0,0,0,0,0,0,0,0,0,,0
00-0033862,Zane Gonzalez,K,2024,20,POST,2024_20_WAS_DET,WAS,DET,0,0,0,0,0,0,0,0,0,0,0,0,0,0,0,0,0,0,1,2,47,0,0,0,1,0,0,6,6,0,0,0,,0
00-0033873,Patrick Mahomes,QB,2024,20,POST,2024_20_HOU_KC,KC,HOU,16,25,177,1,0,3,-15,7,14,0,1,0,0,0,0,0,0,0,0,0,,0,0,0,0,0,0,0,0,0,0,0,,0
00-0033897,Joe Mixon,RB,2024,20,POST,2024_20_HOU_KC,HOU,KC,0,0,0,0,0,0,0,18,88,1,3,0,2,3,12,0,1,0,0,0,,0,0,0,0,0,0,0,0,0,0,0,,0
00-0033908,Cooper Kupp,WR,2024,20,POST,2024_20_LA_PHI,LA,PHI,0,0,0,0,0,0,0,0,0,0,0,0,5,7,61,0,3,0,0,0,,0,0,0,0,0,0,0,0,0,0,0,,0
00-0033923,Kareem Hunt,RB,2024,20,POST,2024_20_HOU_KC,KC,HOU,0,0,0,0,0,0,0,8,44,1,4,0,1,1,2,0,0,0,0,0,,0,0,0,0,0,0,0,0,0,0,0,,0
00-0033955,Jeremy McNichols,RB,2024,20,POST,2024_20_WAS_DET,WAS,DET,0,0,0,0,0,0,0,4,8,1,1,0,0,0,0,0,0,0,0,0,,0,0,0,0,0,0,0,0,0,0,0,,0
00-0034351,Dallas Goedert,TE,2024,20,POST,2024_20_LA_PHI,PHI,LA,0,0,0,0,0,0,0,0,0,0,0,0,4,4,56,0,2,0,0,0,,0,0,0,0,0,0,0,0,0,0,0,,0
00-0034353,Anthony Miller,WR,2024,20,POST,2024_20_BAL_BUF,BAL,BUF,0,0,0,0,0,0,0,0,0,0,0,0,1,1,16,0,1,0,0,0,,0,0,0,0,0,0,0,0,0,0,0,,0
00-0034383,Dalton Schultz,TE,2024,20,POST,2024_20_HOU_KC,HOU,KC,0,0,0,0,0,0,0,0,0,0,0,0,4,4,63,0,3,0,0,0,,0,0,0,0,0,0,0,0,0,0,0,,0
00-0034753,Mark Andrews,TE,2024,20,POST,2024_20_BAL_BUF,BAL,BUF,0,0,0,0,0,0,0,2,3,0,2,0,5,7,61,0,3,1,0,0,,0,0,0,0,0,0,0,0,0,0,0,,0
00-0034796,Lamar Jackson,QB,2024,20,POST,2024_20_BAL_BUF,BAL,BUF,18,25,254,2,1,2,-14,6,39,0,3,0,0,0,0,0,0,0,0,0,,0,0,0,0,0,0,0,0,0,0,0,,0
00-0034844,Saquon Barkley,RB,2024,20,POST,2024_20_LA_PHI,PHI,LA,0,0,0,0,0,0,0,26,205,2,6,0,4,4,27,0,1,0,0,0,,0,0,0,0,0,0,0,0,0,0,0,,0
00-0034857,Josh Allen,QB,2024,20,POST,2024_20_BAL_BUF,BUF,BAL,16,22,127,0,0,1,-1,10,20,2,4,0,0,0,0,0,0,0,0,0,,0,0,0,0,0,0,0,0,0,0,0,,0
00-0034928,Steven Sims,WR,2024,20,POST,2024_20_BAL_BUF,BAL,BUF,0,0,0,0,0,0,0,0,0,0,0,0,1,1,4,0,0,0,0,0,,0,0,0,0,0,0,0,0,0,0,0,,0
00-0034970,Irv Smith,TE,2024,20,POST,2024_20_HOU_KC,HOU,KC,0,0,0,0,0,0,0,0,0,0,0,0,1,1,2,0,0,0,0,0,,0,0,0,0,0,0,0,0,0,0,0,,0
00-0034975,Justice Hill,RB,2024,20,POST,2024_20_BAL_BUF,BAL,BUF,0,0,0,0,0,0,0,6,50,0,3,0,2,2,7,0,1,0,0,0,,0,0,0,0,0,0,0,0,0,0,0,,0
00-0035156,Jack Fox,P,2024,20,POST,2024_20_WAS_DET,DET,WAS,0,0,0,0,0,0,0,0,0,0,0,0,0,0,0,0,0,0,0,0,,0,0,0,0,0,0,0,0,1,43,43,43,0
00-0035208,Olamide Zaccheaus,WR,2024,20,POST,2024_20_WAS_DET,WAS,DET,0,0,0,0,0,0,0,0,0,0,0,0,0,2,0,0,0,0,0,0,,0,0,0,0,0,0,0,0,0,0,0,,0
00-0035537,Ty Johnson,RB,2024,20,POST,2024_20_BAL_BUF,BUF,BAL,0,0,0,0,0,0,0,5,31,0,2,0,1,1,8,0,1,0,0,0,,0,0,0,0,0,0,0,0,0,0,0,,0
00-0035659,Terry McLaurin,WR,2024,20,POST,2024_20_WAS_DET,WAS,DET,0,0,0,0,0,0,0,0,0,0,0,0,4,6,87,1,4,0,0,0,,0,0,0,0,0,0,0,0,0,0,0,,0
00-0035662,Marquise Brown,WR,2024,20,POST,2024_20_HOU_KC,KC,HOU,0,0,0,0,0,0,0,0,0,0,0,0,0,2,0,0,0,0,0,0,,0,0,0,0,0,0,0,0,0,0,0,,0
00-0035676,A.J. Brown,WR,2024,20,POST,2024_20_LA_PHI,PHI,LA,0,0,0,0,0,0,0,0,0,0,0,0,2,7,14,0,2,0,0,0,,0,0,0,0,0,0,0,0,0,0,0,,0
00-0035685,David Montgomery,RB,2024,20,POST,2024_20_WAS_DET,DET,WAS,1,1,20,0,0,0,0,7,28,0,2,0,0,0,0,0,0,0,0,0,,0,0,0,0,0,0,0,0,0,0,0,,0
00-0035689,Dawson Knox,TE,2024,20,POST,2024_20_BAL_BUF,BUF,BAL,0,0,0,0,0,0,0,0,0,0,0,0,1,2,0,0,0,0,0,0,,0,0,0,0,0,0,0,0,0,0,0,,0
00-0035889,Tommy Townsend,P,2024,20,POST,2024_20_HOU_KC,HOU,KC,0,0,0,0,0,0,0,0,0,0,0,0,0,0,0,0,0,0,0,0,,0,0,0,0,0,0,0,0,2,83,72,49,0
00-0036162,Tyler Bass,K,2024,20,POST,2024_20_BAL_BUF,BUF,BAL,0,0,0,0,0,0,0,0,0,0,0,0,0,0,0,0,0,0,2,2,51,0,1,0,0,1,0,3,3,0,0,0,,0
00-0036244,Colby Parkinson,TE,2024,20,POST,2024_20_LA_PHI,LA,PHI,0,0,0,0,0,0,0,0,0,0,0,0,2,2,9,1,1,0,0,0,,0,0,0,0,0,0,0,0,0,0,0,,0
00-0036313,Braden Mann,P,2024,20,POST,2024_20_LA_PHI,PHI,LA,0,0,0,0,0,0,0,0,0,0,0,0,0,0,0,0,0,0,0,0,,0,0,0,0,0,0,0,0,4,199,178,57,2
00-0036389,Jalen Hurts,QB,2024,20,POST,2024_20_LA_PHI,PHI,LA,15,20,128,0,0,7,-63,7,70,1,2,0,0,0,0,0,0,0,0,0,,0,0,0,0,0,0,0,0,0,0,0,,0
00-0036550,Rashod Bateman,WR,2024,20,POST,2024_20_BAL_BUF,BAL,BUF,0,0,0,0,0,0,0,0,0,0,0,0,4,5,66,1,2,0,0,0,,0,0,0,0,0,0,0,0,0,0,0,,0
00-0036554,Nico Collins,WR,2024,20,POST,2024_20_HOU_KC,HOU,KC,0,0,0,0,0,0,0,0,0,0,0,0,5,8,81,0,5,0,0,0,,0,0,0,0,0,0,0,0,0,0,0,,0
00-0036626,Dyami Brown,WR,2024,20,POST,2024_20_WAS_DET,WAS,DET,0,0,0,0,0,0,0,0,0,0,0,0,6,8,98,0,3,0,0,0,,0,0,0,0,0,0,0,0,0,0,0,,0
00-0036628,John Bates,TE,2024,20,POST,2024_20_WAS_DET,WAS,DET,0,0,0,0,0,0,0,0,0,0,0,0,1,2,20,0,1,0,0,0,,0,0,0,0,0,0,0,0,0,0,0,,0
00-0036630,Tylan Wallace,WR,2024,20,POST,2024_20_BAL_BUF,BAL,BUF,0,0,0,0,0,0,0,0,0,0,0,0,1,1,27,0,1,0,0,0,,0,0,0,0,0,0,0,0,0,0,0,,0
00-0036637,Noah Gray,TE,2024,20,POST,2024_20_HOU_KC,KC,HOU,0,0,0,0,0,0,0,0,0,0,0,0,3,3,13,0,0,0,0,0,,0,0,0,0,0,0,0,0,0,0,0,,0
00-0036849,Tutu Atwell,WR,2024,20,POST,2024_20_LA_PHI,LA,PHI,0,0,0,0,0,0,0,0,0,0,0,0,1,1,18,0,1,0,0,0,,0,0,0,0,0,0,0,0,0,0,0,,0
00-0036912,DeVonta Smith,WR,2024,20,POST,2024_20_LA_PHI,PHI,LA,0,0,0,0,0,0,0,0,0,0,0,0,4,4,21,0,0,0,0,0,,0,0,0,0,0,0,0,0,0,0,0,,0
00-0036919,Kenny Gainwell,RB,2024,20,POST,2024_20_LA_PHI,PHI,LA,0,0,0,0,0,0,0,1,10,0,1,0,1,1,10,0,1,0,0,0,,0,0,0,0,0,0,0,0,0,0,0,,0
00-0036963,Amon-Ra St. Brown,WR,2024,20,POST,2024_20_WAS_DET,DET,WAS,0,0,0,0,0,0,0,0,0,0,0,0,8,10,137,0,7,0,0,0,,0,0,0,0,0,0,0,0,0,0,0,,0
00-0037197,Isiah Pacheco,RB,2024,20,POST,2024_20_HOU_KC,KC,HOU,0,0,0,0,0,0,0,5,18,0,0,0,0,1,0,0,0,0,0,0,,0,0,0,0,0,0,0,0,0,0,0,,0
00-0037240,Jameson Williams,WR,2024,20,POST,2024_20_WAS_DET,DET,WAS,0,1,0,0,1,0,0,1,61,1,1,0,1,4,19,0,1,0,0,0,,0,0,0,0,0,0,0,0,0,0,0,,0
00-0037248,James Cook,RB,2024,20,POST,2024_20_BAL_BUF,BUF,BAL,0,0,0,0,0,0,0,17,67,0,4,0,3,3,15,0,0,0,0,0,,0,0,0,0,0,0,0,0,0,0,0,,0
00-0037258,Dameon Pierce,RB,2024,20,POST,2024_20_HOU_KC,HOU,KC,0,0,0,0,0,0,0,4,10,0,0,0,0,1,0,0,0,0,0,0,,0,0,0,0,0,0,0,0,0,0,0,,0
00-0037261,Khalil Shakir,WR,2024,20,POST,2024_20_BAL_BUF,BUF,BAL,0,0,0,0,0,0,0,0,0,0,0,0,6,7,67,0,2,0,0,0,,0,0,0,0,0,0,0,0,0,0,0,,0
00-0037284,Matt Araiza,P,2024,20,POST,2024_20_HOU_KC,KC,HOU,0,0,0,0,0,0,0,1,-18,0,0,0,0,0,0,0,0,0,0,0,,0,0,0,0,0,0,0,0,2,87,67,51,1
00-0037614,John Metchie III,WR,2024,20,POST,2024_20_HOU_KC,HOU,KC,0,0,0,0,0,0,0,0,0,0,0,0,2,2,35,0,2,0,0,0,,0,0,0,0,0,0,0,0,0,0,0,,0
00-0037746,Brian Robinson,RB,2024,20,POST,2024_20_WAS_DET,WAS,DET,0,0,0,0,0,0,0,15,77,2,6,0,0,0,0,0,0,0,0,0,,0,0,0,0,0,0,0,0,0,0,0,,0
00-0037838,Isaiah Likely,TE,2024,20,POST,2024_20_BAL_BUF,BAL,BUF,0,0,0,0,0,0,0,0,0,0,0,0,4,5,73,1,2,0,0,0,,0,0,0,0,0,0,0,0,0,0,0,,0
00-0037840,Kyren Williams,RB,2024,20,POST,2024_20_LA_PHI,LA,PHI,0,0,0,0,0,0,0,19,106,0,3,1,1,2,-1,0,0,0,0,0,,0,0,0,0,0,0,0,0,0,0,0,,0
00-0038618,Xavier Hutchinson,WR,2024,20,POST,2024_20_HOU_KC,HOU,KC,0,0,0,0,0,0,0,0,0,0,0,0,4,6,52,0,1,0,0,0,,0,0,0,0,0,0,0,0,0,0,0,,0
00-0038728,Jared Wayne,WR,2024,20,POST,2024_20_HOU_KC,HOU,KC,0,0,0,0,0,0,0,0,0,0,0,0,0,2,0,0,0,0,0,0,,0,0,0,0,0,0,0,0,0,0,0,,0
00-0038933,Dalton Kincaid,TE,2024,20,POST,2024_20_BAL_BUF,BUF,BAL,0,0,0,0,0,0,0,0,0,0,0,0,1,2,11,0,1,0,0,0,,0,0,0,0,0,0,0,0,0,0,0,,0
00-0039059,Ethan Evans,P,2024,20,POST,2024_20_LA_PHI,LA,PHI,0,0,0,0,0,0,0,0,0,0,0,0,0,0,0,0,0,0,0,0,,0,0,0,0,0,0,0,0,5,257,252,58,4
00-0039065,Sam LaPorta,TE,2024,20,POST,2024_20_WAS_DET,DET,WAS,0,0,0,0,0,0,0,0,0,0,0,0,6,7,51,1,3,0,0,0,,0,0,0,0,0,0,0,0,0,0,0,,0
00-0039075,Puka Nacua,WR,2024,20,POST,2024_20_LA_PHI,LA,PHI,0,0,0,0,0,0,0,0,0,0,0,0,6,14,97,0,3,0,0,0,,0,0,0,0,0,0,0,0,0,0,0,,0
00-0039139,Jahmyr Gibbs,RB,2024,20,POST,2024_20_WAS_DET,DET,WAS,0,0,0,0,0,0,0,14,105,2,6,0,6,11,70,0,5,0,0,0,,0,0,0,0,0,0,0,0,0,0,0,,0
00-0039163,C.J. Stroud,QB,2024,20,POST,2024_20_HOU_KC,HOU,KC,19,28,245,0,0,8,-58,6,42,0,3,0,0,0,0,0,0,0,0,0,,0,0,0,0,0,0,0,0,0,0,0,,0
00-0039172,Jake Bates,K,2024,20,POST,2024_20_WAS_DET,DET,WAS,0,0,0,0,0,0,0,0,0,0,0,0,0,0,0,0,0,0,1,1,28,0,1,0,0,0,0,4,4,0,0,0,,0
00-0039750,Joshua Karty,K,2024,20,POST,2024_20_LA_PHI,LA,PHI,0,0,0,0,0,0,0,0,0,0,0,0,0,0,0,0,0,0,2,2,34,0,0,2,0,0,0,2,2,0,0,0,,0
00-0039751,Jordan Whittington,WR,2024,20,POST,2024_20_LA_PHI,LA,PHI,0,0,0,0,0,0,0,0,0,0,0,0,1,1,12,0,1,0,0,0,,0,0,0,0,0,0,0,0,0,0,0,,0
00-0039875,Ray Davis,RB,2024,20,POST,2024_20_BAL_BUF,BUF,BAL,0,0,0,0,0,0,0,4,29,1,2,0,0,0,0,0,0,0,0,0,,0,0,0,0,0,0,0,0,0,0,0,,0
00-0039894,Xavier Worthy,WR,2024,20,POST,2024_20_HOU_KC,KC,HOU,0,0,0,0,0,0,0,1,-8,0,0,0,5,6,45,0,2,0,0,0,,0,0,0,0,0,0,0,0,0,0,0,,0
00-0039901,Keon Coleman,WR,2024,20,POST,2024_20_BAL_BUF,BUF,BAL,0,0,0,0,0,0,0,0,0,0,0,0,1,1,5,0,0,0,0,0,,0,0,0,0,0,0,0,0,0,0,0,,0
00-0039910,Jayden Daniels,QB,2024,20,POST,2024_20_WAS_DET,WAS,DET,22,31,299,2,0,0,0,16,51,0,4,0,0,0,0,0,0,0,0,0,,0,0,0,0,0,0,0,0,0,0,0,,0
00-0030061,Zach Ertz,TE,2024,21,POST,2024_21_WAS_PHI,WAS,PHI,0,0,0,0,0,0,0,0,0,0,0,0,11,16,104,0,9,0,0,0,,0,0,0,0,0,0,0,0,0,0,0,,0
00-0030092,Sam Martin,P,2024,21,POST,2024_21_BUF_KC,BUF,KC,0,0,0,0,0,0,0,0,0,0,0,0,0,0,0,0,0,0,0,0,,0,0,0,0,0,0,0,0,2,101,60,56,1
00-0030140,Tress Way,P,2024,21,POST,2024_21_WAS_PHI,WAS,PHI,1,1,23,0,0,0,0,0,0,0,0,0,0,0,0,0,0,0,0,0,,0,0,0,0,0,0,0,0,1,45,35,45,0
00-0030506,Travis Kelce,TE,2024,21,POST,2024_21_BUF_KC,KC,BUF,0,0,0,0,0,0,0,0,0,0,0,0,2,4,19,0,1,0,0,0,,0,0,0,0,0,0,0,0,0,0,0,,0
00-0030564,DeAndre Hopkins,WR,2024,21,POST,2024_21_BUF_KC,KC,BUF,0,0,0,0,0,0,0,0,0,0,0,0,1,2,11,0,1,0,0,0,,0,0,0,0,0,0,0,0,0,0,0,,0
00-0031544,Amari Cooper,WR,2024,21,POST,2024_21_BUF_KC,BUF,KC,0,0,0,0,0,0,0,0,0,0,0,0,4,4,33,0,1,0,0,0,,0,0,0,0,0,0,0,0,0,0,0,,0
00-0031941,Jamison Crowder,WR,2024,21,POST,2024_21_WAS_PHI,WAS,PHI,0,0,0,0,0,0,0,0,0,0,0,0,1,3,4,0,0,0,0,0,,0,0,0,0,0,0,0,0,0,0,0,,0
00-0033282,Curtis Samuel,WR,2024,21,POST,2024_21_BUF_KC,BUF,KC,0,0,0,0,0,0,0,0,0,0,0,0,1,3,4,1,1,0,0,0,,0,0,0,0,0,0,0,0,0,0,0,,0
00-0033303,Harrison Butker,K,2024,21,POST,2024_21_BUF_KC,KC,BUF,0,0,0,0,0,0,0,0,0,0,0,0,0,0,0,0,0,0,1,1,35,0,0,1,0,0,0,3,3,0,0,0,,0
00-0033526,Samaje Perine,RB,2024,21,POST,2024_21_BUF_KC,KC,BUF,0,0,0,0,0,0,0,0,0,0,0,0,1,1,17,0,1,0,0,0,,0,0,0,0,0,0,0,0,0,0,0,,0
00-0033555,Mack Hollins,WR,2024,21,POST,2024_21_BUF_KC,BUF,KC,0,0,0,0,0,0,0,0,0,0,0,0,3,4,73,1,2,0,0,0,,0,0,0,0,0,0,0,0,0,0,0,,0
00-0033699,Austin Ekeler,RB,2024,21,POST,2024_21_WAS_PHI,WAS,PHI,0,0,0,0,0,0,0,8,15,0,0,0,5,7,17,0,0,1,0,0,,0,0,0,0,0,0,0,0,0,0,0,,0
00-0033787,Jake Elliott,K,2024,21,POST,2024_21_WAS_PHI,PHI,WAS,0,0,0,0,0,0,0,0,0,0,0,0,0,0,0,0,0,0,0,1,,0,0,0,0,0,0,7,7,0,0,0,,0
00-0033857,JuJu Smith-Schuster,WR,2024,21,POST,2024_21_BUF_KC,KC,BUF,0,0,0,0,0,0,0,0,0,0,0,0,2,3,60,0,2,0,0,0,,0,0,0,0,0,0,0,0,0,0,0,,0
00-0033862,Zane Gonzalez,K,2024,21,POST,2024_21_WAS_PHI,WAS,PHI,0,0,0,0,0,0,0,0,0,0,0,0,0,0,0,0,0,0,3,3,46,0,0,1,2,0,0,0,0,0,0,0,,0
00-0033873,Patrick Mahomes,QB,2024,21,POST,2024_21_BUF_KC,KC,BUF,18,26,245,1,0,2,-12,11,43,2,6,1,0,0,0,0,0,0,0,0,,0,0,0,0,0,0,0,0,0,0,0,,0
00-0033923,Kareem Hunt,RB,2024,21,POST,2024_21_BUF_KC,KC,BUF,0,0,0,0,0,0,0,17,64,1,4,0,1,1,6,0,0,0,0,0,,0,0,0,0,0,0,0,0,0,0,0,,0
00-0034351,Dallas Goedert,TE,2024,21,POST,2024_21_WAS_PHI,PHI,WAS,0,0,0,0,0,0,0,2,13,0,0,0,7,8,85,0,4,0,0,0,,0,0,0,0,0,0,0,0,0,0,0,,0
00-0034844,Saquon Barkley,RB,2024,21,POST,2024_21_WAS_PHI,PHI,WAS,0,0,0,0,0,0,0,15,118,3,5,0,1,2,4,0,0,0,0,0,,0,0,0,0,0,0,0,0,0,0,0,,0
00-0034857,Josh Allen,QB,2024,21,POST,2024_21_BUF_KC,BUF,KC,22,34,237,2,0,2,-10,11,39,0,5,0,0,0,0,0,0,0,0,0,,0,0,0,0,0,0,0,0,0,0,0,,0
00-0035208,Olamide Zaccheaus,WR,2024,21,POST,2024_21_WAS_PHI,WAS,PHI,0,0,0,0,0,0,0,0,0,0,0,0,4,5,26,0,3,0,0,0,,0,0,0,0,0,0,0,0,0,0,0,,0
00-0035537,Ty Johnson,RB,2024,21,POST,2024_21_BUF_KC,BUF,KC,0,0,0,0,0,0,0,6,19,0,1,0,1,1,0,0,0,0,0,0,,0,0,0,0,0,0,0,0,0,0,0,,0
00-0035659,Terry McLaurin,WR,2024,21,POST,2024_21_WAS_PHI,WAS,PHI,0,0,0,0,0,0,0,0,0,0,0,0,3,7,51,1,2,0,0,0,,0,0,0,0,0,0,0,0,0,0,0,,0
00-0035662,Marquise Brown,WR,2024,21,POST,2024_21_BUF_KC,KC,BUF,0,0,0,0,0,0,0,0,0,0,0,0,3,5,35,0,2,0,0,0,,0,0,0,0,0,0,0,0,0,0,0,,0
00-0035676,A.J. Brown,WR,2024,21,POST,2024_21_WAS_PHI,PHI,WAS,0,0,0,0,0,0,0,0,0,0,0,0,6,8,96,1,6,0,0,0,,0,0,0,0,0,0,0,0,0,0,0,,0
00-0035689,Dawson Knox,TE,2024,21,POST,2024_21_BUF_KC,BUF,KC,0,0,0,0,0,0,0,0,0,0,0,0,1,1,7,0,0,0,0,0,,0,0,0,0,0,0,0,0,0,0,0,,0
00-0036162,Tyler Bass,K,2024,21,POST,2024_21_BUF_KC,BUF,KC,0,0,0,0,0,0,0,0,0,0,0,0,0,0,0,0,0,0,1,1,53,0,0,0,0,1,0,2,2,0,0,0,,0
00-0036313,Braden Mann,P,2024,21,POST,2024_21_WAS_PHI,PHI,WAS,0,0,0,0,0,0,0,0,0,0,0,0,0,0,0,0,0,0,0,0,,0,0,0,0,0,0,0,0,2,83,63,43,0
00-0036389,Jalen Hurts,QB,2024,21,POST,2024_21_WAS_PHI,PHI,WAS,20,28,246,1,0,2,-16,10,16,3,5,0,0,0,0,0,0,0,0,0,,0,0,0,0,0,0,0,0,0,0,0,,0
00-0036626,Dyami Brown,WR,2024,21,POST,2024_21_WAS_PHI,WAS,PHI,0,0,0,0,0,0,0,0,0,0,0,0,3,5,42,0,2,1,0,0,,0,0,0,0,0,0,0,0,0,0,0,,0
00-0036628,John Bates,TE,2024,21,POST,2024_21_WAS_PHI,WAS,PHI,0,0,0,0,0,0,0,0,0,0,0,0,2,2,11,0,1,0,0,0,,0,0,0,0,0,0,0,0,0,0,0,,0
00-0036912,DeVonta Smith,WR,2024,21,POST,2024_21_WAS_PHI,PHI,WAS,0,0,0,0,0,0,0,0,0,0,0,0,4,4,45,0,2,0,0,0,,0,0,0,0,0,0,0,0,0,0,0,,0
00-0036919,Kenny Gainwell,RB,2024,21,POST,2024_21_WAS_PHI,PHI,WAS,0,0,0,0,0,0,0,3,8,0,0,0,2,2,16,0,0,0,0,0,,0,0,0,0,0,0,0,0,0,0,0,,0
00-0037197,Isiah Pacheco,RB,2024,21,POST,2024_21_BUF_KC,KC,BUF,0,0,0,0,0,0,0,5,12,0,0,0,2,2,12,0,1,0,0,0,,0,0,0,0,0,0,0,0,0,0,0,,0
00-0037248,James Cook,RB,2024,21,POST,2024_21_BUF_KC,BUF,KC,0,0,0,0,0,0,0,13,85,2,4,0,3,3,49,0,2,0,0,0,,0,0,0,0,0,0,0,0,0,0,0,,0
00-0037261,Khalil Shakir,WR,2024,21,POST,2024_21_BUF_KC,BUF,KC,0,0,0,0,0,0,0,0,0,0,0,0,6,7,46,0,2,0,0,0,,0,0,0,0,0,0,0,0,0,0,0,,0
00-0037284,Matt Araiza,P,2024,21,POST,2024_21_BUF_KC,KC,BUF,0,0,0,0,0,0,0,0,0,0,0,0,0,0,0,0,0,0,0,0,,0,0,0,0,0,0,0,0,2,93,67,51,0
00-0037746,Brian Robinson,RB,2024,21,POST,2024_21_WAS_PHI,WAS,PHI,0,0,0,0,0,0,0,11,36,0,1,0,0,0,0,0,0,0,0,0,,0,0,0,0,0,0,0,0,0,0,0,,0
00-0038102,Kenny Pickett,QB,2024,21,POST,2024_21_WAS_PHI,PHI,WAS,0,0,0,0,0,0,0,2,-3,0,0,0,0,0,0,0,0,0,0,0,,0,0,0,0,0,0,0,0,0,0,0,,0
00-0038933,Dalton Kincaid,TE,2024,21,POST,2024_21_BUF_KC,BUF,KC,0,0,0,0,0,0,0,0,0,0,0,0,2,4,13,0,0,0,0,0,,0,0,0,0,0,0,0,0,0,0,0,,0
00-0039355,Luke McCaffrey,WR,2024,21,POST,2024_21_WAS_PHI,WAS,PHI,0,0,0,0,0,0,0,0,0,0,0,0,0,1,0,0,0,0,0,0,,0,0,0,0,0,0,0,0,0,0,0,,0
00-0039746,Will Shipley,RB,2024,21,POST,2024_21_WAS_PHI,PHI,WAS,0,0,0,0,0,0,0,4,77,1,3,0,0,0,0,0,0,0,0,0,,0,0,0,0,0,0,0,0,0,0,0,,0
00-0039875,Ray Davis,RB,2024,21,POST,2024_21_BUF_KC,BUF,KC,0,0,0,0,0,0,0,2,4,0,0,0,0,0,0,0,0,0,0,0,,0,0,0,0,0,0,0,0,0,0,0,,0
00-0039894,Xavier Worthy,WR,2024,21,POST,2024_21_BUF_KC,KC,BUF,0,0,0,0,0,0,0,2,16,0,0,0,6,7,85,1,6,0,0,0,,0,0,0,0,0,0,0,0,0,0,0,,0
00-0039901,Keon Coleman,WR,2024,21,POST,2024_21_BUF_KC,BUF,KC,0,0,0,0,0,0,0,0,0,0,0,0,1,4,12,0,1,0,0,0,,0,0,0,0,0,0,0,0,0,0,0,,0
00-0039910,Jayden Daniels,QB,2024,21,POST,2024_21_WAS_PHI,WAS,PHI,29,48,255,1,1,3,-27,6,48,1,3,0,0,0,0,0,0,0,0,0,,0,0,0,0,0,0,0,0,0,0,0,,0
00-0039912,Ben Sinnott,TE,2024,21,POST,2024_21_WAS_PHI,WAS,PHI,0,0,0,0,0,0,0,0,0,0,0,0,1,1,23,0,1,0,0,0,,0,0,0,0,0,0,0,0,0,0,0,,0
00-0030506,Travis Kelce,TE,2024,22,POST,2024_22_KC_PHI,KC,PHI,0,0,0,0,0,0,0,0,0,0,0,0,4,6,39,0,1,0,0,0,,0,0,0,0,0,0,0,0,0,0,0,,0
00-0030564,DeAndre Hopkins,WR,2024,22,POST,2024_22_KC_PHI,KC,PHI,0,0,0,0,0,0,0,0,0,0,0,0,2,5,18,1,2,0,0,0,,0,0,0,0,0,0,0,0,0,0,0,,0
00-0033526,Samaje Perine,RB,2024,22,POST,2024_22_KC_PHI,KC,PHI,0,0,0,0,0,0,0,1,8,0,1,0,0,1,0,0,0,0,0,0,,0,0,0,0,0,0,0,0,0,0,0,,0
00-0033787,Jake Elliott,K,2024,22,POST,2024_22_KC_PHI,PHI,KC,0,0,0,0,0,0,0,0,0,0,0,0,0,0,0,0,0,0,4,4,50,0,1,0,2,1,0,4,4,0,0,0,,0
00-0033857,JuJu Smith-Schuster,WR,2024,22,POST,2024_22_KC_PHI,KC,PHI,0,0,0,0,0,0,0,0,0,0,0,0,2,2,16,0,1,0,0,0,,0,0,0,0,0,0,0,0,0,0,0,,0
00-0033873,Patrick Mahomes,QB,2024,22,POST,2024_22_KC_PHI,KC,PHI,21,32,257,3,2,6,-31,4,25,0,0,0,0,0,0,0,0,0,0,0,,0,0,0,0,0,0,0,0,0,0,0,,0
00-0033923,Kareem Hunt,RB,2024,22,POST,2024_22_KC_PHI,KC,PHI,0,0,0,0,0,0,0,3,9,0,0,0,1,1,5,0,0,0,0,0,,0,0,0,0,0,0,0,0,0,0,0,,0
00-0034351,Dallas Goedert,TE,2024,22,POST,2024_22_KC_PHI,PHI,KC,0,0,0,0,0,0,0,0,0,0,0,0,2,2,27,0,1,0,0,0,,0,0,0,0,0,0,0,0,0,0,0,,0
00-0034844,Saquon Barkley,RB,2024,22,POST,2024_22_KC_PHI,PHI,KC,0,0,0,0,0,0,0,25,57,0,2,0,6,7,40,0,2,0,0,0,,0,0,0,0,0,0,0,0,0,0,0,,0
00-0035662,Marquise Brown,WR,2024,22,POST,2024_22_KC_PHI,KC,PHI,0,0,0,0,0,0,0,0,0,0,0,0,2,6,15,0,1,0,0,0,,0,0,0,0,0,0,0,0,0,0,0,,0
00-0035676,A.J. Brown,WR,2024,22,POST,2024_22_KC_PHI,PHI,KC,0,0,0,0,0,0,0,0,0,0,0,0,3,5,43,1,3,0,0,0,,0,0,0,0,0,0,0,0,0,0,0,,0
00-0036313,Braden Mann,P,2024,22,POST,2024_22_KC_PHI,PHI,KC,0,0,0,0,0,0,0,0,0,0,0,0,0,0,0,0,0,0,0,0,,0,0,0,0,0,0,0,0,2,96,91,53,2
00-0036389,Jalen Hurts,QB,2024,22,POST,2024_22_KC_PHI,PHI,KC,17,22,221,2,1,2,-11,11,72,1,5,0,0,0,0,0,0,0,0,0,,0,0,0,0,0,0,0,0,0,0,0,,0
00-0036637,Noah Gray,TE,2024,22,POST,2024_22_KC_PHI,KC,PHI,0,0,0,0,0,0,0,0,0,0,0,0,1,1,2,0,0,0,0,0,,0,0,0,0,0,0,0,0,0,0,0,,0
00-0036912,DeVonta Smith,WR,2024,22,POST,2024_22_KC_PHI,PHI,KC,0,0,0,0,0,0,0,0,0,0,0,0,4,5,69,1,3,0,0,0,,0,0,0,0,0,0,0,0,0,0,0,,0
00-0036919,Kenny Gainwell,RB,2024,22,POST,2024_22_KC_PHI,PHI,KC,0,0,0,0,0,0,0,6,10,0,0,0,0,0,0,0,0,0,0,0,,0,0,0,0,0,0,0,0,0,0,0,,0
00-0037197,Isiah Pacheco,RB,2024,22,POST,2024_22_KC_PHI,KC,PHI,0,0,0,0,0,0,0,3,7,0,0,0,1,2,5,0,1,0,0,0,,0,0,0,0,0,0,0,0,0,0,0,,0
00-0037284,Matt Araiza,P,2024,22,POST,2024_22_KC_PHI,KC,PHI,0,0,0,0,0,0,0,0,0,0,0,0,0,0,0,0,0,0,0,0,,0,0,0,0,0,0,0,0,6,311,244,60,0
00-0037741,Jahan Dotson,WR,2024,22,POST,2024_22_KC_PHI,PHI,KC,0,0,0,0,0,0,0,0,0,0,0,0,2,3,42,0,2,0,0,0,,0,0,0,0,0,0,0,0,0,0,0,,0
00-0038102,Kenny Pickett,QB,2024,22,POST,2024_22_KC_PHI,PHI,KC,0,1,0,0,0,0,0,3,-4,0,0,0,0,0,0,0,0,0,0,0,,0,0,0,0,0,0,0,0,0,0,0,,0
00-0039236,Johnny Wilson,WR,2024,22,POST,2024_22_KC_PHI,PHI,KC,0,0,0,0,0,0,0,0,0,0,0,0,0,1,0,0,0,0,0,0,,0,0,0,0,0,0,0,0,0,0,0,,0
00-0039894,Xavier Worthy,WR,2024,22,POST,2024_22_KC_PHI,KC,PHI,0,0,0,0,0,0,0,0,0,0,0,0,8,8,157,2,5,0,0,0,,0,0,0,0,0,0,0,0,0,0,0,,0
