player_id,player_display_name,position,season,week,season_type,game_id,team,opponent_team,completions,attempts,passing_yards,passing_tds,passing_interceptions,sacks_suffered,sack_yards_lost,carries,rushing_yards,rushing_tds
00-0000251,Mike Alstott,FB,2003,1,REG,2003_01_TB_PHI,TB,PHI,0,0,0,0,0,0,0,12,23,0
00-0000339,Richie Anderson,FB,2003,1,REG,2003_01_ATL_DAL,DAL,ATL,0,0,0,0,0,0,0,4,8,0
00-0000745,Tiki Barber,RB,2003,1,REG,2003_01_STL_NYG,NYG,LA,0,0,0,0,0,0,0,24,146,0
00-0000942,Fred Beasley,FB,2003,1,REG,2003_01_CHI_SF,SF,CHI,0,0,0,0,0,0,0,2,0,0
00-0001098,Brandon Bennett,RB,2003,1,REG,2003_01_DEN_CIN,CIN,DEN,0,0,0,0,0,0,0,3,1,0
00-0001215,Jerome Bettis,RB,2003,1,REG,2003_01_BAL_PIT,PIT,BAL,0,0,0,0,0,0,0,4,14,0
00-0001218,Steve Beuerlein,QB,2003,1,REG,2003_01_DEN_CIN,DEN,CIN,0,0,0,0,0,1,-6,1,7,0
00-0001335,Jeff Blake,QB,2003,1,REG,2003_01_ARI_DET,ARI,DET,28,46,363,3,1,2,-19,3,12,0
00-0001361,Drew Bledsoe,QB,2003,1,REG,2003_01_NE_BUF,BUF,NE,17,28,230,1,1,2,-15,1,0,0
00-0001477,Marty Booker,WR,2003,1,REG,2003_01_CHI_SF,CHI,SF,0,0,0,0,0,0,0,1,1,0
00-0001823,Aaron Brooks,QB,2003,1,REG,2003_01_NO_SEA,NO,SEA,29,47,274,1,1,3,-18,2,2,0
00-0002110,Mark Brunell,QB,2003,1,REG,2003_01_JAX_CAR,JAX,CAR,23,27,272,2,0,4,-16,3,-2,0
00-0002159,Shawn Bryson,RB,2003,1,REG,2003_01_ARI_DET,DET,ARI,0,0,0,0,0,0,0,5,8,0
00-0002846,Larry Centers,FB,2003,1,REG,2003_01_NE_BUF,NE,BUF,0,0,0,0,0,0,0,5,36,0
00-0003292,Kerry Collins,QB,2003,1,REG,2003_01_STL_NYG,NYG,LA,14,26,202,0,0,2,-15,2,2,0
00-0003739,Daunte Culpepper,QB,2003,1,REG,2003_01_MIN_GB,MIN,GB,15,30,195,3,0,2,-12,9,50,0
00-0004052,Stephen Davis,RB,2003,1,REG,2003_01_JAX_CAR,CAR,JAX,0,0,0,0,0,0,0,22,111,0
00-0004161,Jake Delhomme,QB,2003,1,REG,2003_01_JAX_CAR,CAR,JAX,12,20,122,3,2,1,-1,3,1,0
00-0004229,Koy Detmer,QB,2003,1,REG,2003_01_TB_PHI,PHI,TB,0,1,0,0,0,0,0,0,0,0
00-0004304,Corey Dillon,RB,2003,1,REG,2003_01_DEN_CIN,CIN,DEN,0,0,0,0,0,0,0,14,34,0
00-0004541,Donald Driver,WR,2003,1,REG,2003_01_MIN_GB,GB,MIN,0,0,0,0,0,0,0,1,1,0
00-0004640,Warrick Dunn,RB,2003,1,REG,2003_01_ATL_DAL,ATL,DAL,0,0,0,0,0,0,0,13,41,0
00-0004768,Marc Edwards,FB,2003,1,REG,2003_01_JAX_CAR,JAX,CAR,0,0,0,0,0,0,0,1,2,1
00-0005091,Kevin Faulk,RB,2003,1,REG,2003_01_NE_BUF,NE,BUF,0,0,0,0,0,0,0,10,62,0
00-0005092,Marshall Faulk,RB,2003,1,REG,2003_01_STL_NYG,LA,NYG,0,0,0,0,0,0,0,9,28,0
00-0005106,Brett Favre,QB,2003,1,REG,2003_01_MIN_GB,GB,MIN,25,41,248,1,4,1,-6,0,0,0
00-0005180,Jay Fiedler,QB,2003,1,REG,2003_01_HOU_MIA,MIA,HOU,17,32,227,3,2,2,-12,3,2,0
00-0005741,Rich Gannon,QB,2003,1,REG,2003_01_OAK_TEN,LV,TEN,24,38,264,2,0,4,-18,1,6,0
00-0005755,Jeff Garcia,QB,2003,1,REG,2003_01_CHI_SF,SF,CHI,19,35,229,2,1,0,0,7,36,1
00-0005779,Charlie Garner,RB,2003,1,REG,2003_01_OAK_TEN,LV,TEN,0,0,0,0,0,0,0,7,22,0
00-0005816,Olandis Gary,RB,2003,1,REG,2003_01_ARI_DET,DET,ARI,0,0,0,0,0,0,0,12,44,0
00-0005883,Eddie George,RB,2003,1,REG,2003_01_OAK_TEN,TEN,LV,0,0,0,0,0,0,0,20,42,0
00-0006305,Ahman Green,RB,2003,1,REG,2003_01_MIN_GB,GB,MIN,0,0,0,0,0,0,0,15,53,2
00-0006355,Trent Green,QB,2003,1,REG,2003_01_SD_KC,KC,LAC,21,32,282,1,1,3,-23,4,10,0
00-0007091,Matt Hasselbeck,QB,2003,1,REG,2003_01_NO_SEA,SEA,NO,12,23,137,2,0,3,-18,4,11,0
00-0007180,Garrison Hearst,RB,2003,1,REG,2003_01_CHI_SF,SF,CHI,0,0,0,0,0,0,0,11,56,1
00-0007576,Kelly Holcomb,QB,2003,1,REG,2003_01_IND_CLE,CLE,IND,20,29,182,0,2,0,0,0,0,0
00-0007579,Robert Holcombe,FB,2003,1,REG,2003_01_OAK_TEN,TEN,LV,0,0,0,0,0,0,0,6,15,0
00-0007661,Priest Holmes,RB,2003,1,REG,2003_01_SD_KC,KC,LAC,0,0,0,0,0,0,0,18,85,2
00-0008241,Edgerrin James,RB,2003,1,REG,2003_01_IND_CLE,IND,CLE,0,0,0,0,0,0,0,15,67,0
00-0008442,Brad Johnson,QB,2003,1,REG,2003_01_TB_PHI,TB,PHI,27,36,238,2,1,0,0,0,0,0
00-0009311,Jon Kitna,QB,2003,1,REG,2003_01_DEN_CIN,CIN,DEN,20,37,264,1,2,4,-21,3,5,0
00-0010240,Stacey Mack,RB,2003,1,REG,2003_01_HOU_MIA,HOU,MIA,0,0,0,0,0,0,0,27,89,0
00-0010261,Tommy Maddox,QB,2003,1,REG,2003_01_BAL_PIT,PIT,BAL,21,29,260,3,0,2,-9,0,0,0
00-0010346,Peyton Manning,QB,2003,1,REG,2003_01_IND_CLE,IND,CLE,27,43,211,0,2,1,-7,0,0,0
00-0010442,Curtis Martin,RB,2003,1,REG,2003_01_NYJ_WAS,NYJ,WAS,0,0,0,0,0,0,0,15,48,0
00-0011022,Donovan McNabb,QB,2003,1,REG,2003_01_TB_PHI,PHI,TB,19,36,148,0,1,3,-24,5,55,0
00-0011024,Steve McNair,QB,2003,1,REG,2003_01_OAK_TEN,TEN,LV,25,38,269,2,1,1,-11,2,19,0
00-0011399,Brian Mitchell,RB,2003,1,REG,2003_01_STL_NYG,NYG,LA,0,0,0,0,0,0,0,1,1,1
00-0011958,Lorenzo Neal,FB,2003,1,REG,2003_01_SD_KC,LAC,KC,0,0,0,0,0,0,0,1,1,0
00-0012478,Terrell Owens,WR,2003,1,REG,2003_01_CHI_SF,SF,CHI,0,0,0,0,0,0,0,1,-1,0
00-0012732,Rodney Peete,QB,2003,1,REG,2003_01_JAX_CAR,CAR,JAX,4,10,19,0,0,3,-20,0,0,0
00-0013013,Michael Pittman,RB,2003,1,REG,2003_01_TB_PHI,TB,PHI,0,0,0,0,0,0,0,8,35,0
00-0013042,Jake Plummer,QB,2003,1,REG,2003_01_DEN_CIN,DEN,CIN,12,25,115,0,3,0,0,3,7,0
00-0013262,Stanley Pritchett,RB,2003,1,REG,2003_01_CHI_SF,CHI,SF,0,0,0,0,0,0,0,2,6,0
00-0013694,Tony Richardson,FB,2003,1,REG,2003_01_SD_KC,KC,LAC,0,0,0,0,0,0,0,4,7,0
00-0014450,Cory Schlesinger,FB,2003,1,REG,2003_01_ARI_DET,DET,ARI,0,0,0,0,0,0,0,1,-1,0
00-0015091,Antowain Smith,RB,2003,1,REG,2003_01_NE_BUF,NE,BUF,0,0,0,0,0,0,0,6,7,0
00-0015165,Emmitt Smith,RB,2003,1,REG,2003_01_ARI_DET,ARI,DET,0,0,0,0,0,0,0,13,64,0
00-0015290,Rod Smith,WR,2003,1,REG,2003_01_DEN_CIN,DEN,CIN,0,0,0,0,0,0,0,3,23,0
00-0015523,Duce Staley,RB,2003,1,REG,2003_01_TB_PHI,PHI,TB,0,0,0,0,0,0,0,7,14,0
00-0015601,Aaron Stecker,RB,2003,1,REG,2003_01_TB_PHI,TB,PHI,0,0,0,0,0,0,0,1,2,0
00-0015700,Kordell Stewart,QB,2003,1,REG,2003_01_CHI_SF,CHI,SF,14,34,95,1,3,5,-23,6,21,0
00-0015830,Mack Strong,FB,2003,1,REG,2003_01_NO_SEA,SEA,NO,0,0,0,0,0,0,0,5,32,0
00-0016098,Fred Taylor,RB,2003,1,REG,2003_01_JAX_CAR,JAX,CAR,0,0,0,0,0,0,0,22,71,0
00-0016193,Vinny Testaverde,QB,2003,1,REG,2003_01_NYJ_WAS,NYJ,WAS,15,24,105,0,0,1,-4,0,0,0
00-0016440,James Thrash,WR,2003,1,REG,2003_01_TB_PHI,PHI,TB,0,0,0,0,0,0,0,1,47,0
00-0017200,Kurt Warner,QB,2003,1,REG,2003_01_STL_NYG,LA,NYG,34,54,342,1,1,6,-38,1,0,0
00-0017892,Moe Williams,RB,2003,1,REG,2003_01_MIN_GB,MIN,GB,0,0,0,0,0,0,0,22,80,0
00-0017915,Ricky Williams,RB,2003,1,REG,2003_01_HOU_MIA,MIA,HOU,0,0,0,0,0,0,0,17,69,0
00-0018501,Amos Zereoue,RB,2003,1,REG,2003_01_BAL_PIT,PIT,BAL,0,0,0,0,0,0,0,15,56,1
00-0018588,Alan Ricard,RB,2003,1,REG,2003_01_BAL_PIT,BAL,PIT,0,0,0,0,0,0,0,2,6,0
00-0019057,Jamel White,RB,2003,1,REG,2003_01_IND_CLE,CLE,IND,0,0,0,0,0,0,0,2,7,0
00-0019087,Doug Johnson,QB,2003,1,REG,2003_01_ATL_DAL,ATL,DAL,16,27,228,2,1,2,-8,5,-2,1
00-0019135,Dan Kreider,FB,2003,1,REG,2003_01_BAL_PIT,PIT,BAL,0,0,0,0,0,0,0,1,9,0
00-0019242,Dane Looker,WR,2003,1,REG,2003_01_STL_NYG,LA,NYG,1,1,11,0,0,0,0,0,0,0
00-0019455,Peter Warrick,WR,2003,1,REG,2003_01_DEN_CIN,CIN,DEN,0,0,0,0,0,0,0,2,11,0
00-0019484,Sammy Morris,RB,2003,1,REG,2003_01_NE_BUF,BUF,NE,0,0,0,0,0,0,0,2,14,0
00-0019516,Troy Hambrick,RB,2003,1,REG,2003_01_ATL_DAL,DAL,ATL,0,0,0,0,0,0,0,14,53,0
00-0019539,Dante Hall,WR,2003,1,REG,2003_01_SD_KC,KC,LAC,0,0,0,0,0,0,0,2,18,0
00-0019590,Chad Morton,RB,2003,1,REG,2003_01_NYJ_WAS,WAS,NYJ,0,0,0,0,0,0,0,3,6,0
00-0019594,Mike Anderson,RB,2003,1,REG,2003_01_DEN_CIN,DEN,CIN,0,0,0,0,0,0,0,7,15,0
00-0019596,Tom Brady,QB,2003,1,REG,2003_01_NE_BUF,NE,BUF,14,29,123,0,4,2,-20,0,0,0
00-0019600,Michael L. Lewis,WR,2003,1,REG,2003_01_NO_SEA,NO,SEA,0,0,0,0,0,0,0,1,2,0
00-0019641,Thomas Jones,RB,2003,1,REG,2003_01_TB_PHI,TB,PHI,0,0,0,0,0,0,0,10,30,0
00-0019647,Shaun Alexander,RB,2003,1,REG,2003_01_NO_SEA,SEA,NO,0,0,0,0,0,0,0,24,108,1
00-0019649,Trung Canidate,RB,2003,1,REG,2003_01_NYJ_WAS,WAS,NYJ,0,0,0,0,0,0,0,10,46,0
00-0019650,Dennis Northcutt,WR,2003,1,REG,2003_01_IND_CLE,CLE,IND,0,0,0,0,0,0,0,1,-1,0
00-0019693,Jamal Lewis,RB,2003,1,REG,2003_01_BAL_PIT,BAL,PIT,0,0,0,0,0,0,0,15,69,1
00-0019712,Doug Chapman,RB,2003,1,REG,2003_01_MIN_GB,MIN,GB,0,0,0,0,0,0,0,4,9,0
00-0019794,Aveion Cason,RB,2003,1,REG,2003_01_ATL_DAL,DAL,ATL,0,0,0,0,0,0,0,2,77,1
00-0019831,Nick Goings,RB,2003,1,REG,2003_01_JAX_CAR,CAR,JAX,0,0,0,0,0,0,0,1,4,0
00-0020022,Marcel Shipp,RB,2003,1,REG,2003_01_ARI_DET,ARI,DET,0,0,0,0,0,0,0,4,19,0
00-0020270,Correll Buckhalter,RB,2003,1,REG,2003_01_TB_PHI,PHI,TB,0,0,0,0,0,0,0,1,0,0
00-0020315,Derrick Blaylock,RB,2003,1,REG,2003_01_SD_KC,KC,LAC,0,0,0,0,0,0,0,4,11,0
00-0020340,Quentin McCord,WR,2003,1,REG,2003_01_ATL_DAL,ATL,DAL,0,0,0,0,0,0,0,2,2,0
00-0020403,Anthony Thomas,RB,2003,1,REG,2003_01_CHI_SF,CHI,SF,0,0,0,0,0,0,0,6,15,0
00-0020404,Quincy Carter,QB,2003,1,REG,2003_01_ATL_DAL,DAL,ATL,15,32,268,1,1,3,-14,4,11,0
00-0020405,Marques Tuiasosopo,QB,2003,1,REG,2003_01_OAK_TEN,LV,TEN,0,1,0,0,0,0,0,0,0,0
00-0020430,James Jackson,RB,2003,1,REG,2003_01_IND_CLE,CLE,IND,0,0,0,0,0,0,0,2,6,0
00-0020446,Chris Chambers,WR,2003,1,REG,2003_01_HOU_MIA,MIA,HOU,0,0,0,0,0,0,0,1,12,0
00-0020448,Travis Minor,RB,2003,1,REG,2003_01_HOU_MIA,MIA,HOU,0,0,0,0,0,0,0,1,3,0
00-0020462,LaMont Jordan,RB,2003,1,REG,2003_01_NYJ_WAS,NYJ,WAS,0,0,0,0,0,0,0,6,0,1
00-0020471,Travis Henry,RB,2003,1,REG,2003_01_NE_BUF,BUF,NE,0,0,0,0,0,0,0,28,86,2
00-0020474,Kevan Barlow,RB,2003,1,REG,2003_01_CHI_SF,SF,CHI,0,0,0,0,0,0,0,15,62,0
00-0020494,Santana Moss,WR,2003,1,REG,2003_01_NYJ_WAS,NYJ,WAS,0,0,0,0,0,0,0,1,9,0
00-0020527,Deuce McAllister,RB,2003,1,REG,2003_01_NO_SEA,NO,SEA,0,0,0,0,0,0,0,22,99,0
00-0020531,Drew Brees,QB,2003,1,REG,2003_01_SD_KC,LAC,KC,18,33,202,2,2,3,-34,3,15,0
00-0020536,LaDainian Tomlinson,RB,2003,1,REG,2003_01_SD_KC,LAC,KC,0,0,0,0,0,0,0,13,34,0
00-0020587,Jamal Robertson,RB,2003,1,REG,2003_01_CHI_SF,SF,CHI,0,0,0,0,0,0,0,6,9,0
00-0020608,David Carr,QB,2003,1,REG,2003_01_HOU_MIA,HOU,MIA,17,31,266,1,0,0,0,1,2,0
00-0020754,Kelly Campbell,WR,2003,1,REG,2003_01_MIN_GB,MIN,GB,0,0,0,0,0,0,0,1,15,0
00-0020917,Joe Burns,RB,2003,1,REG,2003_01_NE_BUF,BUF,NE,0,0,0,0,0,0,0,2,4,0
00-0021141,Joey Harrington,QB,2003,1,REG,2003_01_ARI_DET,DET,ARI,17,30,195,4,0,0,0,1,-1,0
00-0021150,William Green,RB,2003,1,REG,2003_01_IND_CLE,CLE,IND,0,0,0,0,0,0,0,21,86,0
00-0021152,Ashley Lelie,WR,2003,1,REG,2003_01_DEN_CIN,DEN,CIN,0,0,0,0,0,0,0,2,12,0
00-0021163,Jabar Gaffney,WR,2003,1,REG,2003_01_HOU_MIA,HOU,MIA,0,1,0,0,0,0,0,0,0,0
00-0021164,DeShaun Foster,RB,2003,1,REG,2003_01_JAX_CAR,CAR,JAX,0,0,0,0,0,0,0,1,6,0
00-0021176,Reche Caldwell,WR,2003,1,REG,2003_01_SD_KC,LAC,KC,0,0,0,0,0,0,0,1,14,0
00-0021179,Clinton Portis,RB,2003,1,REG,2003_01_DEN_CIN,DEN,CIN,0,0,0,0,0,0,0,24,120,2
00-0021184,Ladell Betts,RB,2003,1,REG,2003_01_NYJ_WAS,WAS,NYJ,0,0,0,0,0,0,0,18,77,0
00-0021190,Antwaan Randle El,WR,2003,1,REG,2003_01_BAL_PIT,PIT,BAL,0,0,0,0,0,1,-10,2,1,0
00-0021216,Brian Westbrook,RB,2003,1,REG,2003_01_TB_PHI,PHI,TB,0,0,0,0,0,0,0,2,5,0
00-0021238,Rohan Davey,QB,2003,1,REG,2003_01_NE_BUF,NE,BUF,3,6,31,0,0,0,0,0,0,0
00-0021252,Najeh Davenport,RB,2003,1,REG,2003_01_MIN_GB,GB,MIN,0,0,0,0,0,0,0,3,8,0
00-0021279,Verron Haynes,FB,2003,1,REG,2003_01_BAL_PIT,PIT,BAL,0,0,0,0,0,0,0,11,18,0
00-0021306,Adrian Peterson,RB,2003,1,REG,2003_01_CHI_SF,CHI,SF,0,0,0,0,0,0,0,5,12,0
00-0021314,Chester Taylor,RB,2003,1,REG,2003_01_BAL_PIT,BAL,PIT,0,0,0,0,0,0,0,1,-1,0
00-0021357,Rock Cartwright,RB,2003,1,REG,2003_01_NYJ_WAS,WAS,NYJ,0,0,0,0,0,0,0,1,4,0
00-0021376,T.J. Duckett,RB,2003,1,REG,2003_01_ATL_DAL,ATL,DAL,0,0,0,0,0,0,0,5,21,0
00-0021379,Patrick Ramsey,QB,2003,1,REG,2003_01_NYJ_WAS,WAS,NYJ,17,23,185,1,1,4,-18,2,27,0
00-0021528,Avon Cobourne,RB,2003,1,REG,2003_01_ARI_DET,DET,ARI,0,0,0,0,0,0,0,3,4,0
00-0021750,Arlen Harris,RB,2003,1,REG,2003_01_STL_NYG,LA,NYG,0,0,0,0,0,0,0,1,5,0
00-0021979,Domanick Williams,RB,2003,1,REG,2003_01_HOU_MIA,HOU,MIA,0,0,0,0,0,0,0,6,36,0
00-0021981,Shaun McDonald,WR,2003,1,REG,2003_01_STL_NYG,LA,NYG,0,0,0,0,0,0,0,2,7,0
00-0022011,Justin Griffith,RB,2003,1,REG,2003_01_ATL_DAL,ATL,DAL,0,0,0,0,0,0,0,5,36,0
00-0022057,LaBrandon Toefield,RB,2003,1,REG,2003_01_JAX_CAR,JAX,CAR,0,0,0,0,0,0,0,2,4,0
00-0022072,Charles Rogers,WR,2003,1,REG,2003_01_ARI_DET,DET,ARI,0,0,0,0,0,0,0,1,12,0
00-0022093,Justin Fargas,RB,2003,1,REG,2003_01_OAK_TEN,LV,TEN,0,0,0,0,0,0,0,2,6,0
00-0022164,Kyle Boller,QB,2003,1,REG,2003_01_BAL_PIT,BAL,PIT,22,43,152,1,1,2,-9,5,14,0
00-0000007,Rabih Abdullah,RB,2003,2,REG,2003_02_CHI_MIN,CHI,MIN,0,0,0,0,0,0,0,1,2,0
00-0000251,Mike Alstott,FB,2003,2,REG,2003_02_CAR_TB,TB,CAR,0,0,0,0,0,0,0,4,9,0
00-0000339,Richie Anderson,FB,2003,2,REG,2003_02_DAL_NYG,DAL,NYG,0,0,0,0,0,0,0,6,19,0
00-0000745,Tiki Barber,RB,2003,2,REG,2003_02_DAL_NYG,NYG,DAL,0,0,0,0,0,0,0,15,41,0
00-0000942,Fred Beasley,FB,2003,2,REG,2003_02_SF_STL,SF,LA,0,0,0,0,0,0,0,2,0,0
00-0001098,Brandon Bennett,RB,2003,2,REG,2003_02_CIN_OAK,CIN,LV,0,0,0,0,0,0,0,19,43,0
00-0001215,Jerome Bettis,RB,2003,2,REG,2003_02_PIT_KC,PIT,KC,0,0,0,0,0,0,0,4,7,0
00-0001218,Steve Beuerlein,QB,2003,2,REG,2003_02_DEN_SD,DEN,LAC,7,16,98,0,0,1,-7,3,1,0
00-0001335,Jeff Blake,QB,2003,2,REG,2003_02_SEA_ARI,ARI,SEA,7,14,55,0,2,0,0,0,0,0
00-0001361,Drew Bledsoe,QB,2003,2,REG,2003_02_BUF_JAX,BUF,JAX,19,25,314,2,0,0,0,1,0,0
00-0001823,Aaron Brooks,QB,2003,2,REG,2003_02_HOU_NO,NO,HOU,18,27,189,2,0,2,-7,3,4,0
00-0002110,Mark Brunell,QB,2003,2,REG,2003_02_BUF_JAX,JAX,BUF,19,32,122,0,0,3,-22,2,13,1
00-0002159,Shawn Bryson,RB,2003,2,REG,2003_02_DET_GB,DET,GB,0,0,0,0,0,0,0,7,43,0
00-0002846,Larry Centers,FB,2003,2,REG,2003_02_NE_PHI,NE,PHI,0,0,0,0,0,0,0,3,7,0
00-0002876,Chris Chandler,QB,2003,2,REG,2003_02_CHI_MIN,CHI,MIN,1,2,8,0,1,0,0,0,0,0
00-0003292,Kerry Collins,QB,2003,2,REG,2003_02_DAL_NYG,NYG,DAL,21,51,265,3,2,2,-9,1,-1,0
00-0003739,Daunte Culpepper,QB,2003,2,REG,2003_02_CHI_MIN,MIN,CHI,20,26,214,2,0,3,-16,7,17,0
00-0004052,Stephen Davis,RB,2003,2,REG,2003_02_CAR_TB,CAR,TB,0,0,0,0,0,0,0,33,142,0
00-0004161,Jake Delhomme,QB,2003,2,REG,2003_02_CAR_TB,CAR,TB,9,23,96,0,2,1,-9,1,2,0
00-0004229,Koy Detmer,QB,2003,2,REG,2003_02_NE_PHI,PHI,NE,2,2,25,0,0,0,0,0,0,0
00-0004293,Trent Dilfer,QB,2003,2,REG,2003_02_SEA_ARI,SEA,ARI,2,2,20,0,0,0,0,1,-1,0
00-0004304,Corey Dillon,RB,2003,2,REG,2003_02_CIN_OAK,CIN,LV,0,0,0,0,0,0,0,19,84,1
00-0004640,Warrick Dunn,RB,2003,2,REG,2003_02_WAS_ATL,ATL,WAS,0,0,0,0,0,1,-3,13,62,0
00-0004673,Tim Dwight,WR,2003,2,REG,2003_02_DEN_SD,LAC,DEN,0,0,0,0,0,0,0,2,28,0
00-0005091,Kevin Faulk,RB,2003,2,REG,2003_02_NE_PHI,NE,PHI,0,0,0,0,0,0,0,7,23,0
00-0005092,Marshall Faulk,RB,2003,2,REG,2003_02_SF_STL,LA,SF,0,0,0,0,0,0,0,18,57,1
00-0005106,Brett Favre,QB,2003,2,REG,2003_02_DET_GB,GB,DET,15,28,132,2,1,0,0,0,0,0
00-0005180,Jay Fiedler,QB,2003,2,REG,2003_02_MIA_NYJ,MIA,NYJ,14,19,190,1,0,1,-1,5,35,1
00-0005741,Rich Gannon,QB,2003,2,REG,2003_02_CIN_OAK,LV,CIN,13,28,103,0,0,0,0,1,1,0
00-0005755,Jeff Garcia,QB,2003,2,REG,2003_02_SF_STL,SF,LA,19,35,222,2,1,1,-1,2,14,0
00-0005779,Charlie Garner,RB,2003,2,REG,2003_02_CIN_OAK,LV,CIN,0,0,0,0,0,0,0,13,63,0
00-0005816,Olandis Gary,RB,2003,2,REG,2003_02_DET_GB,DET,GB,0,0,0,0,0,0,0,9,8,0
00-0005883,Eddie George,RB,2003,2,REG,2003_02_TEN_IND,TEN,IND,0,0,0,0,0,0,0,15,46,0
00-0006305,Ahman Green,RB,2003,2,REG,2003_02_DET_GB,GB,DET,0,0,0,0,0,0,0,23,160,1
00-0006355,Trent Green,QB,2003,2,REG,2003_02_PIT_KC,KC,PIT,15,21,125,1,2,1,-1,2,-2,0
00-0007091,Matt Hasselbeck,QB,2003,2,REG,2003_02_SEA_ARI,SEA,ARI,8,19,175,2,0,1,-2,1,2,1
00-0007180,Garrison Hearst,RB,2003,2,REG,2003_02_SF_STL,SF,LA,0,0,0,0,0,0,0,11,89,0
00-0007308,Craig Hentrich,P,2003,2,REG,2003_02_TEN_IND,TEN,IND,1,1,10,0,0,0,0,0,0,0
00-0007468,Ike Hilliard,WR,2003,2,REG,2003_02_DAL_NYG,NYG,DAL,0,0,0,0,0,0,0,1,13,0
00-0007576,Kelly Holcomb,QB,2003,2,REG,2003_02_CLE_BAL,CLE,BAL,17,37,147,1,2,3,-32,2,6,0
00-0007579,Robert Holcombe,FB,2003,2,REG,2003_02_TEN_IND,TEN,IND,0,0,0,0,0,0,0,3,8,0
00-0007661,Priest Holmes,RB,2003,2,REG,2003_02_PIT_KC,KC,PIT,0,0,0,0,0,0,0,26,122,3
00-0007744,Joe Horn,WR,2003,2,REG,2003_02_HOU_NO,NO,HOU,0,0,0,0,0,0,0,1,2,0
00-0008241,Edgerrin James,RB,2003,2,REG,2003_02_TEN_IND,IND,TEN,0,0,0,0,0,0,0,30,120,1
00-0008442,Brad Johnson,QB,2003,2,REG,2003_02_CAR_TB,TB,CAR,34,61,339,1,1,1,-2,1,-1,0
00-0009311,Jon Kitna,QB,2003,2,REG,2003_02_CIN_OAK,CIN,LV,25,41,303,1,2,2,-16,0,0,0
00-0009869,Jermaine Lewis,WR,2003,2,REG,2003_02_BUF_JAX,JAX,BUF,0,0,0,0,0,0,0,1,6,0
00-0010240,Stacey Mack,RB,2003,2,REG,2003_02_HOU_NO,HOU,NO,0,0,0,0,0,0,0,13,31,0
00-0010261,Tommy Maddox,QB,2003,2,REG,2003_02_PIT_KC,PIT,KC,28,47,336,1,3,4,-16,0,0,0
00-0010346,Peyton Manning,QB,2003,2,REG,2003_02_TEN_IND,IND,TEN,14,21,173,1,0,1,-9,2,0,0
00-0010442,Curtis Martin,RB,2003,2,REG,2003_02_MIA_NYJ,NYJ,MIA,0,0,0,0,0,0,0,10,32,0
00-0010747,Fred McCrary,RB,2003,2,REG,2003_02_NE_PHI,NE,PHI,0,0,0,0,0,0,0,1,0,0
00-0011022,Donovan McNabb,QB,2003,2,REG,2003_02_NE_PHI,PHI,NE,18,46,186,0,2,7,-42,6,53,0
00-0011024,Steve McNair,QB,2003,2,REG,2003_02_TEN_IND,TEN,IND,15,24,138,1,0,3,-13,0,0,0
00-0011754,Randy Moss,WR,2003,2,REG,2003_02_CHI_MIN,MIN,CHI,0,0,0,0,0,0,0,1,11,0
00-0013013,Michael Pittman,RB,2003,2,REG,2003_02_CAR_TB,TB,CAR,0,0,0,0,0,0,0,10,38,0
00-0013042,Jake Plummer,QB,2003,2,REG,2003_02_DEN_SD,DEN,LAC,9,13,94,3,0,0,0,1,2,0
00-0013694,Tony Richardson,FB,2003,2,REG,2003_02_PIT_KC,KC,PIT,0,0,0,0,0,0,0,5,19,0
00-0014902,Jason Simmons,DB,2003,2,REG,2003_02_HOU_NO,HOU,NO,0,0,0,0,0,0,0,1,7,0
00-0015091,Antowain Smith,RB,2003,2,REG,2003_02_NE_PHI,NE,PHI,0,0,0,0,0,0,0,12,25,0
00-0015165,Emmitt Smith,RB,2003,2,REG,2003_02_SEA_ARI,ARI,SEA,0,0,0,0,0,0,0,14,54,0
00-0015523,Duce Staley,RB,2003,2,REG,2003_02_NE_PHI,PHI,NE,0,0,0,0,0,0,0,5,17,1
00-0015601,Aaron Stecker,RB,2003,2,REG,2003_02_CAR_TB,TB,CAR,0,0,0,0,0,0,0,3,6,0
00-0015700,Kordell Stewart,QB,2003,2,REG,2003_02_CHI_MIN,CHI,MIN,13,21,137,1,0,3,-17,6,25,0
00-0015830,Mack Strong,FB,2003,2,REG,2003_02_SEA_ARI,SEA,ARI,0,0,0,0,0,0,0,1,3,0
00-0016098,Fred Taylor,RB,2003,2,REG,2003_02_BUF_JAX,JAX,BUF,0,0,0,0,0,0,0,14,71,0
00-0016193,Vinny Testaverde,QB,2003,2,REG,2003_02_MIA_NYJ,NYJ,MIA,29,45,373,1,1,1,-7,0,0,0
00-0016838,Alex Van Pelt,QB,2003,2,REG,2003_02_BUF_JAX,BUF,JAX,1,2,14,0,0,0,0,2,-3,0
00-0017127,Ken Walter,P,2003,2,REG,2003_02_NE_PHI,NE,PHI,0,0,0,0,0,0,0,1,0,0
00-0017162,Hines Ward,WR,2003,2,REG,2003_02_PIT_KC,PIT,KC,0,0,0,0,0,0,0,1,5,0
00-0017486,Tyrone Wheatley,RB,2003,2,REG,2003_02_CIN_OAK,LV,CIN,0,0,0,0,0,0,0,4,14,1
00-0017892,Moe Williams,RB,2003,2,REG,2003_02_CHI_MIN,MIN,CHI,0,0,0,0,0,0,0,21,108,1
00-0017915,Ricky Williams,RB,2003,2,REG,2003_02_MIA_NYJ,MIA,NYJ,0,0,0,0,0,0,0,34,125,1
00-0018501,Amos Zereoue,RB,2003,2,REG,2003_02_PIT_KC,PIT,KC,0,0,0,0,0,0,0,11,48,0
00-0018588,Alan Ricard,RB,2003,2,REG,2003_02_CLE_BAL,BAL,CLE,0,0,0,0,0,0,0,2,36,0
00-0019041,Billy Volek,QB,2003,2,REG,2003_02_TEN_IND,TEN,IND,6,9,61,0,1,2,-13,1,-1,0
00-0019057,Jamel White,RB,2003,2,REG,2003_02_CLE_BAL,CLE,BAL,0,0,0,0,0,0,0,1,0,0
00-0019087,Doug Johnson,QB,2003,2,REG,2003_02_WAS_ATL,ATL,WAS,16,36,197,2,2,2,-10,1,-1,0
00-0019100,Brad Hoover,FB,2003,2,REG,2003_02_CAR_TB,CAR,TB,0,0,0,0,0,0,0,1,2,0
00-0019172,Bryan Johnson,FB,2003,2,REG,2003_02_WAS_ATL,WAS,ATL,0,0,0,0,0,0,0,1,1,0
00-0019453,Rod Smart,RB,2003,2,REG,2003_02_CAR_TB,CAR,TB,0,0,0,0,0,0,0,2,5,0
00-0019455,Peter Warrick,WR,2003,2,REG,2003_02_CIN_OAK,CIN,LV,0,0,0,0,0,0,0,1,2,0
00-0019484,Sammy Morris,RB,2003,2,REG,2003_02_BUF_JAX,BUF,JAX,0,0,0,0,0,0,0,1,-2,0
00-0019516,Troy Hambrick,RB,2003,2,REG,2003_02_DAL_NYG,DAL,NYG,0,0,0,0,0,0,0,23,60,0
00-0019539,Dante Hall,WR,2003,2,REG,2003_02_PIT_KC,KC,PIT,0,0,0,0,0,0,0,2,19,0
00-0019590,Chad Morton,RB,2003,2,REG,2003_02_WAS_ATL,WAS,ATL,0,0,0,0,0,0,0,1,0,0
00-0019594,Mike Anderson,RB,2003,2,REG,2003_02_DEN_SD,DEN,LAC,0,0,0,0,0,0,0,16,65,1
00-0019596,Tom Brady,QB,2003,2,REG,2003_02_NE_PHI,NE,PHI,30,44,255,3,0,2,-8,6,7,0
00-0019599,Marc Bulger,QB,2003,2,REG,2003_02_SF_STL,LA,SF,25,36,236,2,0,5,-46,0,0,0
00-0019623,Tim Rattay,QB,2003,2,REG,2003_02_SF_STL,SF,LA,1,2,15,0,0,0,0,0,0,0
00-0019641,Thomas Jones,RB,2003,2,REG,2003_02_CAR_TB,TB,CAR,0,0,0,0,0,0,0,4,8,0
00-0019647,Shaun Alexander,RB,2003,2,REG,2003_02_SEA_ARI,SEA,ARI,0,0,0,0,0,0,0,13,51,1
00-0019649,Trung Canidate,RB,2003,2,REG,2003_02_WAS_ATL,WAS,ATL,0,0,0,0,0,0,0,15,89,0
00-0019661,Chris Cole,WR,2003,2,REG,2003_02_DEN_SD,DEN,LAC,0,0,0,0,0,0,0,1,0,0
00-0019693,Jamal Lewis,RB,2003,2,REG,2003_02_CLE_BAL,BAL,CLE,0,0,0,0,0,0,0,30,295,2
00-0019709,Chris Redman,QB,2003,2,REG,2003_02_CLE_BAL,BAL,CLE,0,1,0,0,0,1,-7,0,0,0
00-0019721,Travis Taylor,WR,2003,2,REG,2003_02_CLE_BAL,BAL,CLE,0,0,0,0,0,0,0,1,1,0
00-0019794,Aveion Cason,RB,2003,2,REG,2003_02_DAL_NYG,DAL,NYG,0,0,0,0,0,0,0,3,11,0
00-0020022,Marcel Shipp,RB,2003,2,REG,2003_02_SEA_ARI,ARI,SEA,0,0,0,0,0,0,0,4,6,0
00-0020173,James Fenderson,RB,2003,2,REG,2003_02_HOU_NO,NO,HOU,0,0,0,0,0,0,0,3,8,0
00-0020403,Anthony Thomas,RB,2003,2,REG,2003_02_CHI_MIN,CHI,MIN,0,0,0,0,0,0,0,10,53,0
00-0020404,Quincy Carter,QB,2003,2,REG,2003_02_DAL_NYG,DAL,NYG,25,40,321,0,1,4,-25,4,17,1
00-0020448,Travis Minor,RB,2003,2,REG,2003_02_MIA_NYJ,MIA,NYJ,0,0,0,0,0,0,0,5,27,0
00-0020452,Cedrick Wilson,WR,2003,2,REG,2003_02_SF_STL,SF,LA,1,1,6,0,0,0,0,0,0,0
00-0020471,Travis Henry,RB,2003,2,REG,2003_02_BUF_JAX,BUF,JAX,0,0,0,0,0,0,0,21,26,3
00-0020474,Kevan Barlow,RB,2003,2,REG,2003_02_SF_STL,SF,LA,0,0,0,0,0,0,0,11,45,1
00-0020494,Santana Moss,WR,2003,2,REG,2003_02_MIA_NYJ,NYJ,MIA,0,0,0,0,0,0,0,1,-11,0
00-0020507,Heath Evans,FB,2003,2,REG,2003_02_SEA_ARI,SEA,ARI,0,0,0,0,0,0,0,3,8,0
00-0020527,Deuce McAllister,RB,2003,2,REG,2003_02_HOU_NO,NO,HOU,0,0,0,0,0,0,0,20,96,1
00-0020531,Drew Brees,QB,2003,2,REG,2003_02_DEN_SD,LAC,DEN,20,41,182,1,1,0,0,0,0,0
00-0020536,LaDainian Tomlinson,RB,2003,2,REG,2003_02_DEN_SD,LAC,DEN,0,0,0,0,0,0,0,16,93,0
00-0020608,David Carr,QB,2003,2,REG,2003_02_HOU_NO,HOU,NO,17,36,213,0,2,5,-30,4,14,1
00-0020739,Ricky Williams,RB,2003,2,REG,2003_02_TEN_IND,IND,TEN,0,0,0,0,0,0,0,2,7,0
00-0020754,Kelly Campbell,WR,2003,2,REG,2003_02_CHI_MIN,MIN,CHI,0,0,0,0,0,0,0,1,19,0
00-0020917,Joe Burns,RB,2003,2,REG,2003_02_BUF_JAX,BUF,JAX,0,0,0,0,0,0,0,7,22,0
00-0020964,Tony Fisher,RB,2003,2,REG,2003_02_DET_GB,GB,DET,0,0,0,0,0,0,0,4,8,0
00-0021141,Joey Harrington,QB,2003,2,REG,2003_02_DET_GB,DET,GB,26,55,241,0,3,1,-4,0,0,0
00-0021150,William Green,RB,2003,2,REG,2003_02_CLE_BAL,CLE,BAL,0,0,0,0,0,0,0,17,54,0
00-0021164,DeShaun Foster,RB,2003,2,REG,2003_02_CAR_TB,CAR,TB,0,0,0,0,0,0,0,3,20,0
00-0021179,Clinton Portis,RB,2003,2,REG,2003_02_DEN_SD,DEN,LAC,0,0,0,0,0,0,0,12,129,0
00-0021182,Maurice Morris,RB,2003,2,REG,2003_02_SEA_ARI,SEA,ARI,0,0,0,0,0,0,0,11,67,0
00-0021184,Ladell Betts,RB,2003,2,REG,2003_02_WAS_ATL,WAS,ATL,0,0,0,0,0,0,0,11,34,1
00-0021206,Josh McCown,QB,2003,2,REG,2003_02_SEA_ARI,ARI,SEA,18,32,150,0,2,2,-12,6,33,0
00-0021209,Lamar Gordon,RB,2003,2,REG,2003_02_SF_STL,LA,SF,0,0,0,0,0,0,0,6,31,0
00-0021216,Brian Westbrook,RB,2003,2,REG,2003_02_NE_PHI,PHI,NE,0,0,0,0,0,0,0,6,29,0
00-0021252,Najeh Davenport,RB,2003,2,REG,2003_02_DET_GB,GB,DET,0,0,0,0,0,0,0,8,32,0
00-0021314,Chester Taylor,RB,2003,2,REG,2003_02_CLE_BAL,BAL,CLE,0,0,0,0,0,0,0,5,8,0
00-0021357,Rock Cartwright,RB,2003,2,REG,2003_02_WAS_ATL,WAS,ATL,0,0,0,0,0,0,0,3,1,1
00-0021376,T.J. Duckett,RB,2003,2,REG,2003_02_WAS_ATL,ATL,WAS,0,0,0,0,0,0,0,7,35,2
00-0021379,Patrick Ramsey,QB,2003,2,REG,2003_02_WAS_ATL,WAS,ATL,25,39,356,2,0,6,-46,0,0,0
00-0021979,Domanick Williams,RB,2003,2,REG,2003_02_HOU_NO,HOU,NO,0,0,0,0,0,0,0,6,23,0
00-0022011,Justin Griffith,RB,2003,2,REG,2003_02_WAS_ATL,ATL,WAS,0,0,0,0,0,0,0,1,3,0
00-0022057,LaBrandon Toefield,RB,2003,2,REG,2003_02_BUF_JAX,JAX,BUF,0,0,0,0,0,0,0,5,5,0
00-0022072,Charles Rogers,WR,2003,2,REG,2003_02_DET_GB,DET,GB,0,0,0,0,0,0,0,1,5,0
00-0022093,Justin Fargas,RB,2003,2,REG,2003_02_CIN_OAK,LV,CIN,0,0,0,0,0,0,0,2,56,0
00-0022138,Onterrio Smith,RB,2003,2,REG,2003_02_CHI_MIN,MIN,CHI,0,0,0,0,0,0,0,9,47,0
00-0022164,Kyle Boller,QB,2003,2,REG,2003_02_CLE_BAL,BAL,CLE,7,17,78,0,1,3,-21,3,3,0
00-0022177,Byron Leftwich,QB,2003,2,REG,2003_02_BUF_JAX,JAX,BUF,7,8,92,1,0,0,0,0,0,0
00-0000251,Mike Alstott,FB,2003,3,REG,2003_03_TB_ATL,TB,ATL,0,0,0,0,0,0,0,8,44,2
00-0000722,Tony Banks,QB,2003,3,REG,2003_03_KC_HOU,HOU,KC,7,11,51,1,0,0,0,1,3,0
00-0000745,Tiki Barber,RB,2003,3,REG,2003_03_NYG_WAS,NYG,WAS,0,0,0,0,0,0,0,28,126,0
00-0000942,Fred Beasley,FB,2003,3,REG,2003_03_CLE_SF,SF,CLE,0,0,0,0,0,0,0,2,0,0
00-0001098,Brandon Bennett,RB,2003,3,REG,2003_03_PIT_CIN,CIN,PIT,0,0,0,0,0,0,0,6,12,0
00-0001215,Jerome Bettis,RB,2003,3,REG,2003_03_PIT_CIN,PIT,CIN,0,0,0,0,0,0,0,16,59,1
00-0001335,Jeff Blake,QB,2003,3,REG,2003_03_GB_ARI,ARI,GB,20,31,273,1,1,0,0,4,7,1
00-0001361,Drew Bledsoe,QB,2003,3,REG,2003_03_BUF_MIA,BUF,MIA,10,25,98,0,2,4,-21,2,9,0
00-0001532,David Boston,WR,2003,3,REG,2003_03_BAL_SD,LAC,BAL,0,0,0,0,0,0,0,1,5,0
00-0001823,Aaron Brooks,QB,2003,3,REG,2003_03_NO_TEN,NO,TEN,15,23,185,1,0,3,-20,4,15,0
00-0002068,Troy Brown,WR,2003,3,REG,2003_03_NYJ_NE,NE,NYJ,0,0,0,0,0,0,0,1,7,0
00-0002099,Isaac Bruce,WR,2003,3,REG,2003_03_STL_SEA,LA,SEA,0,0,0,0,0,0,0,1,3,0
00-0002110,Mark Brunell,QB,2003,3,REG,2003_03_JAX_IND,JAX,IND,12,23,90,0,0,2,-8,3,8,0
00-0002159,Shawn Bryson,RB,2003,3,REG,2003_03_MIN_DET,DET,MIN,0,0,0,0,0,0,0,17,49,1
00-0002846,Larry Centers,FB,2003,3,REG,2003_03_NYJ_NE,NE,NYJ,0,0,0,0,0,0,0,2,7,0
00-0003292,Kerry Collins,QB,2003,3,REG,2003_03_NYG_WAS,NYG,WAS,24,39,276,3,0,1,-6,2,-3,0
00-0003315,Todd Collins,QB,2003,3,REG,2003_03_KC_HOU,KC,HOU,0,0,0,0,0,0,0,2,-4,0
00-0003663,Zack Crockett,RB,2003,3,REG,2003_03_OAK_DEN,LV,DEN,0,0,0,0,0,0,0,1,4,1
00-0003739,Daunte Culpepper,QB,2003,3,REG,2003_03_MIN_DET,MIN,DET,7,13,105,0,0,1,-1,2,16,2
00-0004304,Corey Dillon,RB,2003,3,REG,2003_03_PIT_CIN,CIN,PIT,0,0,0,0,0,0,0,7,26,0
00-0004640,Warrick Dunn,RB,2003,3,REG,2003_03_TB_ATL,ATL,TB,0,0,0,0,0,0,0,9,7,0
00-0004673,Tim Dwight,WR,2003,3,REG,2003_03_BAL_SD,LAC,BAL,0,0,0,0,0,0,0,1,9,0
00-0004768,Marc Edwards,FB,2003,3,REG,2003_03_JAX_IND,JAX,IND,0,0,0,0,0,0,0,2,4,0
00-0005091,Kevin Faulk,RB,2003,3,REG,2003_03_NYJ_NE,NE,NYJ,0,1,0,0,0,0,0,17,79,0
00-0005092,Marshall Faulk,RB,2003,3,REG,2003_03_STL_SEA,LA,SEA,0,0,0,0,0,0,0,15,31,0
00-0005106,Brett Favre,QB,2003,3,REG,2003_03_GB_ARI,GB,ARI,23,33,245,1,1,0,0,0,0,0
00-0005180,Jay Fiedler,QB,2003,3,REG,2003_03_BUF_MIA,MIA,BUF,16,28,154,1,2,1,-7,2,13,0
00-0005589,Gus Frerotte,QB,2003,3,REG,2003_03_MIN_DET,MIN,DET,8,19,184,1,1,1,-1,4,1,0
00-0005741,Rich Gannon,QB,2003,3,REG,2003_03_OAK_DEN,LV,DEN,14,29,149,0,0,5,-28,0,0,0
00-0005755,Jeff Garcia,QB,2003,3,REG,2003_03_CLE_SF,SF,CLE,21,35,198,0,1,2,-8,5,40,0
00-0005779,Charlie Garner,RB,2003,3,REG,2003_03_OAK_DEN,LV,DEN,0,0,0,0,0,0,0,4,9,0
00-0005816,Olandis Gary,RB,2003,3,REG,2003_03_MIN_DET,DET,MIN,0,0,0,0,0,0,0,5,8,0
00-0005822,Sam Gash,FB,2003,3,REG,2003_03_BUF_MIA,BUF,MIA,0,0,0,0,0,0,0,1,3,0
00-0005883,Eddie George,RB,2003,3,REG,2003_03_NO_TEN,TEN,NO,0,0,0,0,0,0,0,29,100,1
00-0006305,Ahman Green,RB,2003,3,REG,2003_03_GB_ARI,GB,ARI,0,0,0,0,0,0,0,21,53,0
00-0006355,Trent Green,QB,2003,3,REG,2003_03_KC_HOU,KC,HOU,16,28,262,1,2,1,-4,3,6,0
00-0007091,Matt Hasselbeck,QB,2003,3,REG,2003_03_STL_SEA,SEA,LA,22,39,256,2,1,4,-36,5,28,0
00-0007180,Garrison Hearst,RB,2003,3,REG,2003_03_CLE_SF,SF,CLE,0,0,0,0,0,0,0,9,18,0
00-0007308,Craig Hentrich,P,2003,3,REG,2003_03_NO_TEN,TEN,NO,1,1,15,0,0,0,0,0,0,0
00-0007468,Ike Hilliard,WR,2003,3,REG,2003_03_NYG_WAS,NYG,WAS,0,0,0,0,0,0,0,1,6,0
00-0007576,Kelly Holcomb,QB,2003,3,REG,2003_03_CLE_SF,CLE,SF,25,38,222,2,1,3,-22,2,1,0
00-0007579,Robert Holcombe,FB,2003,3,REG,2003_03_NO_TEN,TEN,NO,0,0,0,0,0,0,0,2,-2,0
00-0007661,Priest Holmes,RB,2003,3,REG,2003_03_KC_HOU,KC,HOU,0,0,0,0,0,0,0,18,89,2
00-0007681,Torry Holt,WR,2003,3,REG,2003_03_STL_SEA,LA,SEA,0,0,0,0,0,0,0,1,5,0
00-0008241,Edgerrin James,RB,2003,3,REG,2003_03_JAX_IND,IND,JAX,0,0,0,0,0,0,0,27,76,0
00-0008442,Brad Johnson,QB,2003,3,REG,2003_03_TB_ATL,TB,ATL,16,24,192,2,0,0,0,3,-4,0
00-0009266,Shaun King,QB,2003,3,REG,2003_03_TB_ATL,TB,ATL,0,0,0,0,0,1,-8,0,0,0
00-0009311,Jon Kitna,QB,2003,3,REG,2003_03_PIT_CIN,CIN,PIT,16,24,157,1,1,4,-32,2,14,0
00-0010240,Stacey Mack,RB,2003,3,REG,2003_03_KC_HOU,HOU,KC,0,0,0,0,0,0,0,13,39,0
00-0010261,Tommy Maddox,QB,2003,3,REG,2003_03_PIT_CIN,PIT,CIN,21,34,240,1,1,1,-2,1,-1,0
00-0010346,Peyton Manning,QB,2003,3,REG,2003_03_JAX_IND,IND,JAX,21,33,216,2,1,0,0,3,-3,0
00-0010442,Curtis Martin,RB,2003,3,REG,2003_03_NYJ_NE,NYJ,NE,0,0,0,0,0,0,0,15,53,0
00-0011024,Steve McNair,QB,2003,3,REG,2003_03_NO_TEN,TEN,NO,22,33,252,2,0,2,-1,4,7,0
00-0011958,Lorenzo Neal,FB,2003,3,REG,2003_03_BAL_SD,LAC,BAL,0,0,0,0,0,0,0,3,7,0
00-0012478,Terrell Owens,WR,2003,3,REG,2003_03_CLE_SF,SF,CLE,0,0,0,0,0,0,0,1,3,0
00-0013013,Michael Pittman,RB,2003,3,REG,2003_03_TB_ATL,TB,ATL,0,0,0,0,0,0,0,20,82,0
00-0013042,Jake Plummer,QB,2003,3,REG,2003_03_OAK_DEN,DEN,LV,14,21,197,2,0,2,-4,5,48,1
00-0013639,Jerry Rice,WR,2003,3,REG,2003_03_OAK_DEN,LV,DEN,0,1,0,0,0,0,0,0,0,0
00-0015091,Antowain Smith,RB,2003,3,REG,2003_03_NYJ_NE,NE,NYJ,0,0,0,0,0,0,0,13,55,0
00-0015165,Emmitt Smith,RB,2003,3,REG,2003_03_GB_ARI,ARI,GB,0,0,0,0,0,0,0,20,50,0
00-0015290,Rod Smith,WR,2003,3,REG,2003_03_OAK_DEN,DEN,LV,0,0,0,0,0,0,0,1,-5,0
00-0015601,Aaron Stecker,RB,2003,3,REG,2003_03_TB_ATL,TB,ATL,0,0,0,0,0,0,0,4,9,0
00-0015830,Mack Strong,FB,2003,3,REG,2003_03_STL_SEA,SEA,LA,0,0,0,0,0,0,0,2,6,0
00-0015842,Dan Stryzinski,P,2003,3,REG,2003_03_NYJ_NE,NYJ,NE,0,1,0,0,0,0,0,0,0,0
00-0016098,Fred Taylor,RB,2003,3,REG,2003_03_JAX_IND,JAX,IND,0,0,0,0,0,0,0,17,126,0
00-0016193,Vinny Testaverde,QB,2003,3,REG,2003_03_NYJ_NE,NYJ,NE,25,43,264,1,1,0,0,1,7,0
00-0017486,Tyrone Wheatley,RB,2003,3,REG,2003_03_OAK_DEN,LV,DEN,0,0,0,0,0,0,0,5,16,0
00-0017847,Karl Williams,WR,2003,3,REG,2003_03_TB_ATL,TB,ATL,0,0,0,0,0,0,0,1,2,0
00-0017892,Moe Williams,RB,2003,3,REG,2003_03_MIN_DET,MIN,DET,0,0,0,0,0,0,0,13,95,0
00-0017915,Ricky Williams,RB,2003,3,REG,2003_03_BUF_MIA,MIA,BUF,0,0,0,0,0,0,0,42,153,1
00-0018501,Amos Zereoue,RB,2003,3,REG,2003_03_PIT_CIN,PIT,CIN,0,0,0,0,0,0,0,16,69,0
00-0018588,Alan Ricard,RB,2003,3,REG,2003_03_BAL_SD,BAL,LAC,0,0,0,0,0,0,0,2,3,0
00-0018958,Laveranues Coles,WR,2003,3,REG,2003_03_NYG_WAS,WAS,NYG,0,0,0,0,0,0,0,1,23,0
00-0019057,Jamel White,RB,2003,3,REG,2003_03_CLE_SF,CLE,SF,0,0,0,0,0,0,0,1,0,0
00-0019087,Doug Johnson,QB,2003,3,REG,2003_03_TB_ATL,ATL,TB,13,19,95,0,3,2,-20,1,4,0
00-0019135,Dan Kreider,FB,2003,3,REG,2003_03_PIT_CIN,PIT,CIN,0,0,0,0,0,0,0,3,13,0
00-0019455,Peter Warrick,WR,2003,3,REG,2003_03_PIT_CIN,CIN,PIT,0,0,0,0,0,0,0,1,5,0
00-0019539,Dante Hall,WR,2003,3,REG,2003_03_KC_HOU,KC,HOU,0,0,0,0,0,0,0,4,33,0
00-0019594,Mike Anderson,RB,2003,3,REG,2003_03_OAK_DEN,DEN,LV,0,0,0,0,0,0,0,14,70,1
00-0019596,Tom Brady,QB,2003,3,REG,2003_03_NYJ_NE,NE,NYJ,15,25,181,0,0,5,-34,3,-1,1
00-0019599,Marc Bulger,QB,2003,3,REG,2003_03_STL_SEA,LA,SEA,21,34,226,1,2,0,0,3,2,1
00-0019641,Thomas Jones,RB,2003,3,REG,2003_03_TB_ATL,TB,ATL,0,0,0,0,0,0,0,1,-1,0
00-0019642,Plaxico Burress,WR,2003,3,REG,2003_03_PIT_CIN,PIT,CIN,0,0,0,0,0,0,0,1,-7,0
00-0019647,Shaun Alexander,RB,2003,3,REG,2003_03_STL_SEA,SEA,LA,0,0,0,0,0,0,0,14,58,0
00-0019649,Trung Canidate,RB,2003,3,REG,2003_03_NYG_WAS,WAS,NYG,0,0,0,0,0,0,0,9,46,0
00-0019693,Jamal Lewis,RB,2003,3,REG,2003_03_BAL_SD,BAL,LAC,0,0,0,0,0,0,0,23,132,1
00-0019721,Travis Taylor,WR,2003,3,REG,2003_03_BAL_SD,BAL,LAC,0,0,0,0,0,0,0,1,5,0
00-0019976,Drew Bennett,WR,2003,3,REG,2003_03_NO_TEN,TEN,NO,1,1,14,0,0,0,0,0,0,0
00-0020022,Marcel Shipp,RB,2003,3,REG,2003_03_GB_ARI,ARI,GB,0,0,0,0,0,0,0,7,24,0
00-0020308,Mike McMahon,QB,2003,3,REG,2003_03_MIN_DET,DET,MIN,0,0,0,0,0,1,-9,0,0,0
00-0020315,Derrick Blaylock,RB,2003,3,REG,2003_03_KC_HOU,KC,HOU,0,0,0,0,0,0,0,2,19,1
00-0020405,Marques Tuiasosopo,QB,2003,3,REG,2003_03_OAK_DEN,LV,DEN,3,5,35,0,1,0,0,1,1,0
00-0020462,LaMont Jordan,RB,2003,3,REG,2003_03_NYJ_NE,NYJ,NE,0,0,0,0,0,0,0,1,5,0
00-0020471,Travis Henry,RB,2003,3,REG,2003_03_BUF_MIA,BUF,MIA,0,1,0,0,1,0,0,5,7,0
00-0020474,Kevan Barlow,RB,2003,3,REG,2003_03_CLE_SF,SF,CLE,0,0,0,0,0,0,0,7,14,0
00-0020490,Koren Robinson,WR,2003,3,REG,2003_03_STL_SEA,SEA,LA,0,0,0,0,0,0,0,1,4,0
00-0020527,Deuce McAllister,RB,2003,3,REG,2003_03_NO_TEN,NO,TEN,0,0,0,0,0,0,0,11,8,0
00-0020531,Drew Brees,QB,2003,3,REG,2003_03_BAL_SD,LAC,BAL,28,45,270,0,3,1,-13,1,5,0
00-0020536,LaDainian Tomlinson,RB,2003,3,REG,2003_03_BAL_SD,LAC,BAL,0,0,0,0,0,0,0,23,105,1
00-0020608,David Carr,QB,2003,3,REG,2003_03_KC_HOU,HOU,KC,17,27,167,1,2,1,-9,1,10,0
00-0020692,Eddie Drummond,WR,2003,3,REG,2003_03_MIN_DET,DET,MIN,0,0,0,0,0,0,0,1,1,0
00-0020754,Kelly Campbell,WR,2003,3,REG,2003_03_MIN_DET,MIN,DET,0,0,0,0,0,0,0,1,12,0
00-0020820,Jesse Chatman,RB,2003,3,REG,2003_03_BAL_SD,LAC,BAL,0,0,0,0,0,0,0,1,1,0
00-0020917,Joe Burns,RB,2003,3,REG,2003_03_BUF_MIA,BUF,MIA,0,0,0,0,0,0,0,6,22,0
00-0020964,Tony Fisher,RB,2003,3,REG,2003_03_GB_ARI,GB,ARI,0,0,0,0,0,0,0,2,13,0
00-0020973,Woody Dantzler,RB,2003,3,REG,2003_03_TB_ATL,ATL,TB,0,0,0,0,0,0,0,3,6,1
00-0021141,Joey Harrington,QB,2003,3,REG,2003_03_MIN_DET,DET,MIN,24,42,235,0,3,1,-1,3,19,0
00-0021150,William Green,RB,2003,3,REG,2003_03_CLE_SF,CLE,SF,0,0,0,0,0,0,0,15,47,0
00-0021152,Ashley Lelie,WR,2003,3,REG,2003_03_OAK_DEN,DEN,LV,0,0,0,0,0,0,0,2,9,0
00-0021175,Andre Davis,WR,2003,3,REG,2003_03_CLE_SF,CLE,SF,0,0,0,0,0,0,0,1,3,0
00-0021179,Clinton Portis,RB,2003,3,REG,2003_03_OAK_DEN,DEN,LV,0,0,0,0,0,0,0,10,42,0
00-0021184,Ladell Betts,RB,2003,3,REG,2003_03_NYG_WAS,WAS,NYG,0,0,0,0,0,0,0,8,39,0
00-0021190,Antwaan Randle El,WR,2003,3,REG,2003_03_PIT_CIN,PIT,CIN,0,0,0,0,0,0,0,1,5,0
00-0021209,Lamar Gordon,RB,2003,3,REG,2003_03_STL_SEA,LA,SEA,0,0,0,0,0,0,0,8,41,0
00-0021223,Jonathan Wells,RB,2003,3,REG,2003_03_KC_HOU,HOU,KC,0,0,0,0,0,0,0,4,14,0
00-0021271,Kurt Kittner,QB,2003,3,REG,2003_03_TB_ATL,ATL,TB,5,12,32,0,1,0,0,0,0,0
00-0021314,Chester Taylor,RB,2003,3,REG,2003_03_BAL_SD,BAL,LAC,0,0,0,0,0,0,0,3,12,0
00-0021337,Ronald Curry,WR,2003,3,REG,2003_03_OAK_DEN,LV,DEN,0,0,0,0,0,0,0,1,0,0
00-0021357,Rock Cartwright,RB,2003,3,REG,2003_03_NYG_WAS,WAS,NYG,0,0,0,0,0,0,0,1,-3,0
00-0021376,T.J. Duckett,RB,2003,3,REG,2003_03_TB_ATL,ATL,TB,0,0,0,0,0,0,0,3,6,0
00-0021379,Patrick Ramsey,QB,2003,3,REG,2003_03_NYG_WAS,WAS,NYG,23,45,348,2,1,3,-16,3,19,0
00-0021976,Larry Johnson,RB,2003,3,REG,2003_03_KC_HOU,KC,HOU,0,0,0,0,0,0,0,6,25,0
00-0022011,Justin Griffith,RB,2003,3,REG,2003_03_TB_ATL,ATL,TB,0,0,0,0,0,0,0,3,6,0
00-0022057,LaBrandon Toefield,RB,2003,3,REG,2003_03_JAX_IND,JAX,IND,0,0,0,0,0,0,0,3,14,0
00-0022093,Justin Fargas,RB,2003,3,REG,2003_03_OAK_DEN,LV,DEN,0,0,0,0,0,0,0,4,9,0
00-0022095,Quentin Griffin,RB,2003,3,REG,2003_03_OAK_DEN,DEN,LV,0,0,0,0,0,0,0,7,26,0
00-0022116,Tony Hollings,RB,2003,3,REG,2003_03_KC_HOU,HOU,KC,0,0,0,0,0,0,0,7,41,0
00-0022138,Onterrio Smith,RB,2003,3,REG,2003_03_MIN_DET,MIN,DET,0,0,0,0,0,0,0,2,3,0
00-0022164,Kyle Boller,QB,2003,3,REG,2003_03_BAL_SD,BAL,LAC,12,21,98,1,1,1,-1,3,0,0
00-0022177,Byron Leftwich,QB,2003,3,REG,2003_03_JAX_IND,JAX,IND,4,5,32,1,0,0,0,0,0,0
00-0000007,Rabih Abdullah,RB,2003,4,REG,2003_04_GB_CHI,CHI,GB,0,0,0,0,0,0,0,1,-4,0
00-0000339,Richie Anderson,FB,2003,4,REG,2003_04_DAL_NYJ,DAL,NYJ,0,0,0,0,0,0,0,5,37,0
00-0000541,John Avery,RB,2003,4,REG,2003_04_SF_MIN,MIN,SF,0,0,0,0,0,0,0,1,0,0
00-0001098,Brandon Bennett,RB,2003,4,REG,2003_04_CIN_CLE,CIN,CLE,0,0,0,0,0,0,0,5,7,0
00-0001215,Jerome Bettis,RB,2003,4,REG,2003_04_TEN_PIT,PIT,TEN,0,0,0,0,0,0,0,3,6,0
00-0001335,Jeff Blake,QB,2003,4,REG,2003_04_ARI_STL,ARI,LA,10,17,88,0,0,1,-10,0,0,0
00-0001361,Drew Bledsoe,QB,2003,4,REG,2003_04_PHI_BUF,BUF,PHI,27,43,296,1,0,2,-9,2,0,1
00-0001545,Todd Bouman,QB,2003,4,REG,2003_04_IND_NO,NO,IND,5,8,62,1,0,0,0,0,0,0
00-0001823,Aaron Brooks,QB,2003,4,REG,2003_04_IND_NO,NO,IND,16,28,166,0,2,2,-20,2,9,0
00-0002068,Troy Brown,WR,2003,4,REG,2003_04_NE_WAS,NE,WAS,0,0,0,0,0,0,0,1,10,0
00-0002159,Shawn Bryson,RB,2003,4,REG,2003_04_DET_DEN,DET,DEN,0,0,0,0,0,0,0,13,73,0
00-0002655,John Carney,K,2003,4,REG,2003_04_IND_NO,NO,IND,0,0,0,0,0,0,0,1,3,0
00-0002743,Ki-Jana Carter,RB,2003,4,REG,2003_04_IND_NO,NO,IND,0,0,0,0,0,0,0,4,36,0
00-0002846,Larry Centers,FB,2003,4,REG,2003_04_NE_WAS,NE,WAS,0,0,0,0,0,0,0,3,15,0
00-0003103,Cameron Cleeland,TE,2003,4,REG,2003_04_ARI_STL,LA,ARI,0,0,0,0,0,0,0,1,0,0
00-0003535,Tim Couch,QB,2003,4,REG,2003_04_CIN_CLE,CLE,CIN,23,36,280,2,1,2,-10,2,3,0
00-0003663,Zack Crockett,RB,2003,4,REG,2003_04_SD_OAK,LV,LAC,0,0,0,0,0,0,0,1,2,0
00-0004052,Stephen Davis,RB,2003,4,REG,2003_04_ATL_CAR,CAR,ATL,0,0,0,0,0,0,0,21,153,1
00-0004161,Jake Delhomme,QB,2003,4,REG,2003_04_ATL_CAR,CAR,ATL,17,27,168,1,0,0,0,5,-3,0
00-0004304,Corey Dillon,RB,2003,4,REG,2003_04_CIN_CLE,CIN,CLE,0,0,0,0,0,0,0,4,20,0
00-0004640,Warrick Dunn,RB,2003,4,REG,2003_04_ATL_CAR,ATL,CAR,0,0,0,0,0,0,0,4,20,0
00-0004768,Marc Edwards,FB,2003,4,REG,2003_04_JAX_HOU,JAX,HOU,0,0,0,0,0,0,0,1,1,0
00-0005091,Kevin Faulk,RB,2003,4,REG,2003_04_NE_WAS,NE,WAS,0,0,0,0,0,0,0,10,12,0
00-0005106,Brett Favre,QB,2003,4,REG,2003_04_GB_CHI,GB,CHI,21,30,179,3,1,0,0,0,0,0
00-0005589,Gus Frerotte,QB,2003,4,REG,2003_04_SF_MIN,MIN,SF,16,21,267,4,0,2,-15,3,-4,0
00-0005720,Joey Galloway,WR,2003,4,REG,2003_04_DAL_NYJ,DAL,NYJ,0,0,0,0,0,0,0,1,3,0
00-0005741,Rich Gannon,QB,2003,4,REG,2003_04_SD_OAK,LV,LAC,26,43,348,3,1,3,-20,1,6,0
00-0005755,Jeff Garcia,QB,2003,4,REG,2003_04_SF_MIN,SF,MIN,11,23,108,0,3,2,-8,1,17,0
00-0005779,Charlie Garner,RB,2003,4,REG,2003_04_SD_OAK,LV,LAC,0,0,0,0,0,0,0,12,70,1
00-0005816,Olandis Gary,RB,2003,4,REG,2003_04_DET_DEN,DET,DEN,0,0,0,0,0,0,0,7,42,0
00-0005883,Eddie George,RB,2003,4,REG,2003_04_TEN_PIT,TEN,PIT,0,0,0,0,0,0,0,11,21,0
00-0006305,Ahman Green,RB,2003,4,REG,2003_04_GB_CHI,GB,CHI,0,0,0,0,0,0,0,19,176,2
00-0006355,Trent Green,QB,2003,4,REG,2003_04_KC_BAL,KC,BAL,17,28,159,1,0,3,-23,2,4,0
00-0007180,Garrison Hearst,RB,2003,4,REG,2003_04_SF_MIN,SF,MIN,0,0,0,0,0,0,0,13,56,0
00-0007546,James Hodgins,RB,2003,4,REG,2003_04_ARI_STL,ARI,LA,0,0,0,0,0,0,0,1,3,0
00-0007579,Robert Holcombe,FB,2003,4,REG,2003_04_TEN_PIT,TEN,PIT,0,0,0,0,0,0,0,3,11,0
00-0007661,Priest Holmes,RB,2003,4,REG,2003_04_KC_BAL,KC,BAL,0,0,0,0,0,0,0,22,90,0
00-0007834,Brock Huard,QB,2003,4,REG,2003_04_IND_NO,IND,NO,1,2,13,0,0,0,0,1,0,0
00-0009311,Jon Kitna,QB,2003,4,REG,2003_04_CIN_CLE,CIN,CLE,23,31,215,3,0,0,0,3,-1,0
00-0009323,Jimmy Kleinsasser,TE,2003,4,REG,2003_04_SF_MIN,MIN,SF,0,0,0,0,0,0,0,1,12,0
00-0010240,Stacey Mack,RB,2003,4,REG,2003_04_JAX_HOU,HOU,JAX,0,1,0,0,1,0,0,16,39,1
00-0010261,Tommy Maddox,QB,2003,4,REG,2003_04_TEN_PIT,PIT,TEN,31,47,332,0,2,3,-25,2,-1,0
00-0010346,Peyton Manning,QB,2003,4,REG,2003_04_IND_NO,IND,NO,20,25,314,6,0,1,-9,1,1,0
00-0010442,Curtis Martin,RB,2003,4,REG,2003_04_DAL_NYJ,NYJ,DAL,0,0,0,0,0,0,0,21,64,0
00-0011022,Donovan McNabb,QB,2003,4,REG,2003_04_PHI_BUF,PHI,BUF,18,29,172,0,0,2,-14,9,47,0
00-0011024,Steve McNair,QB,2003,4,REG,2003_04_TEN_PIT,TEN,PIT,15,16,161,3,0,1,-3,2,5,0
00-0011727,Johnnie Morton,WR,2003,4,REG,2003_04_KC_BAL,KC,BAL,0,0,0,0,0,0,0,1,36,0
00-0011795,Muhsin Muhammad,WR,2003,4,REG,2003_04_ATL_CAR,CAR,ATL,0,0,0,0,0,0,0,1,-2,0
00-0011958,Lorenzo Neal,FB,2003,4,REG,2003_04_SD_OAK,LAC,LV,0,0,0,0,0,0,0,3,5,1
00-0012726,Doug Pederson,QB,2003,4,REG,2003_04_GB_CHI,GB,CHI,1,1,14,0,0,0,0,1,-2,0
00-0013042,Jake Plummer,QB,2003,4,REG,2003_04_DET_DEN,DEN,DET,25,34,277,2,0,3,-24,6,40,0
00-0013694,Tony Richardson,FB,2003,4,REG,2003_04_KC_BAL,KC,BAL,0,0,0,0,0,0,0,1,4,0
00-0015091,Antowain Smith,RB,2003,4,REG,2003_04_NE_WAS,NE,WAS,0,0,0,0,0,0,0,14,56,0
00-0015165,Emmitt Smith,RB,2003,4,REG,2003_04_ARI_STL,ARI,LA,0,0,0,0,0,0,0,12,25,1
00-0015523,Duce Staley,RB,2003,4,REG,2003_04_PHI_BUF,PHI,BUF,0,0,0,0,0,0,0,2,4,0
00-0015700,Kordell Stewart,QB,2003,4,REG,2003_04_GB_CHI,CHI,GB,25,44,201,0,2,5,-21,12,71,1
00-0016098,Fred Taylor,RB,2003,4,REG,2003_04_JAX_HOU,JAX,HOU,0,0,0,0,0,0,0,19,67,1
00-0016193,Vinny Testaverde,QB,2003,4,REG,2003_04_DAL_NYJ,NYJ,DAL,21,29,219,0,0,0,0,1,-1,0
00-0016440,James Thrash,WR,2003,4,REG,2003_04_PHI_BUF,PHI,BUF,0,0,0,0,0,0,0,1,5,0
00-0017486,Tyrone Wheatley,RB,2003,4,REG,2003_04_SD_OAK,LV,LAC,0,0,0,0,0,0,0,8,28,0
00-0017611,Alvis Whitted,WR,2003,4,REG,2003_04_SD_OAK,LV,LAC,0,0,0,0,0,0,0,1,16,0
00-0017892,Moe Williams,RB,2003,4,REG,2003_04_SF_MIN,MIN,SF,0,0,0,0,0,0,0,13,43,0
00-0018501,Amos Zereoue,RB,2003,4,REG,2003_04_TEN_PIT,PIT,TEN,0,0,0,0,0,0,0,18,51,1
00-0018958,Laveranues Coles,WR,2003,4,REG,2003_04_NE_WAS,WAS,NE,0,0,0,0,0,0,0,1,2,0
00-0019087,Doug Johnson,QB,2003,4,REG,2003_04_ATL_CAR,ATL,CAR,14,23,152,0,1,6,-29,0,0,0
00-0019172,Bryan Johnson,FB,2003,4,REG,2003_04_NE_WAS,WAS,NE,0,0,0,0,0,0,0,1,4,0
00-0019516,Troy Hambrick,RB,2003,4,REG,2003_04_DAL_NYJ,DAL,NYJ,0,0,0,0,0,0,0,24,127,1
00-0019539,Dante Hall,WR,2003,4,REG,2003_04_KC_BAL,KC,BAL,0,0,0,0,0,0,0,2,-5,0
00-0019594,Mike Anderson,RB,2003,4,REG,2003_04_DET_DEN,DEN,DET,0,0,0,0,0,0,0,7,21,0
00-0019596,Tom Brady,QB,2003,4,REG,2003_04_NE_WAS,NE,WAS,25,38,289,2,3,1,-8,1,2,0
00-0019599,Marc Bulger,QB,2003,4,REG,2003_04_ARI_STL,LA,ARI,28,42,272,2,1,1,-4,4,-1,1
00-0019623,Tim Rattay,QB,2003,4,REG,2003_04_SF_MIN,SF,MIN,12,18,146,1,0,2,-19,0,0,0
00-0019649,Trung Canidate,RB,2003,4,REG,2003_04_NE_WAS,WAS,NE,0,0,0,0,0,0,0,12,67,0
00-0019660,Dez White,WR,2003,4,REG,2003_04_GB_CHI,CHI,GB,0,0,0,0,0,0,0,1,1,0
00-0019693,Jamal Lewis,RB,2003,4,REG,2003_04_KC_BAL,BAL,KC,0,0,0,0,0,0,0,26,115,1
00-0019712,Doug Chapman,RB,2003,4,REG,2003_04_SF_MIN,MIN,SF,0,0,0,0,0,0,0,1,2,0
00-0019721,Travis Taylor,WR,2003,4,REG,2003_04_KC_BAL,BAL,KC,0,0,0,0,0,0,0,1,16,0
00-0019794,Aveion Cason,RB,2003,4,REG,2003_04_DAL_NYJ,DAL,NYJ,0,0,0,0,0,0,0,5,37,0
00-0019863,Dominic Rhodes,RB,2003,4,REG,2003_04_IND_NO,IND,NO,0,0,0,0,0,0,0,6,36,0
00-0020173,James Fenderson,RB,2003,4,REG,2003_04_IND_NO,NO,IND,0,0,0,0,0,0,0,1,6,0
00-0020270,Correll Buckhalter,RB,2003,4,REG,2003_04_PHI_BUF,PHI,BUF,0,0,0,0,0,0,0,11,25,1
00-0020337,Steve Smith,WR,2003,4,REG,2003_04_ATL_CAR,CAR,ATL,0,0,0,0,0,0,0,2,-1,0
00-0020342,Brandon Manumaleuna,TE,2003,4,REG,2003_04_ARI_STL,LA,ARI,0,0,0,0,0,0,0,2,7,0
00-0020403,Anthony Thomas,RB,2003,4,REG,2003_04_GB_CHI,CHI,GB,0,0,0,0,0,0,0,13,110,1
00-0020404,Quincy Carter,QB,2003,4,REG,2003_04_DAL_NYJ,DAL,NYJ,11,23,165,1,1,2,-7,6,-2,0
00-0020407,Rudi Johnson,RB,2003,4,REG,2003_04_CIN_CLE,CIN,CLE,0,0,0,0,0,0,0,15,51,0
00-0020430,James Jackson,RB,2003,4,REG,2003_04_CIN_CLE,CLE,CIN,0,0,0,0,0,0,0,2,8,0
00-0020462,LaMont Jordan,RB,2003,4,REG,2003_04_DAL_NYJ,NYJ,DAL,0,0,0,0,0,0,0,3,-2,0
00-0020474,Kevan Barlow,RB,2003,4,REG,2003_04_SF_MIN,SF,MIN,0,0,0,0,0,0,0,11,72,0
00-0020494,Santana Moss,WR,2003,4,REG,2003_04_DAL_NYJ,NYJ,DAL,0,0,0,0,0,0,0,1,5,0
00-0020516,Todd Heap,TE,2003,4,REG,2003_04_KC_BAL,BAL,KC,0,0,0,0,0,0,0,1,9,0
00-0020527,Deuce McAllister,RB,2003,4,REG,2003_04_IND_NO,NO,IND,0,0,0,0,0,0,0,17,101,1
00-0020531,Drew Brees,QB,2003,4,REG,2003_04_SD_OAK,LAC,LV,21,31,187,1,1,0,0,1,-1,0
00-0020536,LaDainian Tomlinson,RB,2003,4,REG,2003_04_SD_OAK,LAC,LV,1,1,21,1,0,0,0,28,187,1
00-0020608,David Carr,QB,2003,4,REG,2003_04_JAX_HOU,HOU,JAX,23,36,234,1,1,1,-5,5,18,1
00-0020700,James Mungro,RB,2003,4,REG,2003_04_IND_NO,IND,NO,0,0,0,0,0,0,0,10,30,0
00-0020739,Ricky Williams,RB,2003,4,REG,2003_04_IND_NO,IND,NO,0,0,0,0,0,0,0,9,34,0
00-0020754,Kelly Campbell,WR,2003,4,REG,2003_04_SF_MIN,MIN,SF,0,0,0,0,0,0,0,1,6,0
00-0020786,Ken Simonton,RB,2003,4,REG,2003_04_PHI_BUF,BUF,PHI,0,0,0,0,0,0,0,2,4,0
00-0020820,Jesse Chatman,RB,2003,4,REG,2003_04_SD_OAK,LAC,LV,0,0,0,0,0,0,0,4,10,0
00-0020904,Eric Parker,WR,2003,4,REG,2003_04_SD_OAK,LAC,LV,0,0,0,0,0,0,0,3,21,0
00-0020917,Joe Burns,RB,2003,4,REG,2003_04_PHI_BUF,BUF,PHI,0,0,0,0,0,0,0,8,17,0
00-0020964,Tony Fisher,RB,2003,4,REG,2003_04_GB_CHI,GB,CHI,0,0,0,0,0,0,0,4,12,0
00-0020973,Woody Dantzler,RB,2003,4,REG,2003_04_ATL_CAR,ATL,CAR,0,0,0,0,0,0,0,3,12,0
00-0021141,Joey Harrington,QB,2003,4,REG,2003_04_DET_DEN,DET,DEN,15,33,149,2,0,1,-8,3,10,0
00-0021150,William Green,RB,2003,4,REG,2003_04_CIN_CLE,CLE,CIN,0,0,0,0,0,0,0,16,47,0
00-0021152,Ashley Lelie,WR,2003,4,REG,2003_04_DET_DEN,DEN,DET,0,0,0,0,0,0,0,1,6,0
00-0021153,Javon Walker,WR,2003,4,REG,2003_04_GB_CHI,GB,CHI,0,0,0,0,0,0,0,1,1,0
00-0021164,DeShaun Foster,RB,2003,4,REG,2003_04_ATL_CAR,CAR,ATL,0,0,0,0,0,0,0,10,46,0
00-0021175,Andre Davis,WR,2003,4,REG,2003_04_CIN_CLE,CLE,CIN,0,0,0,0,0,0,0,2,11,0
00-0021184,Ladell Betts,RB,2003,4,REG,2003_04_NE_WAS,WAS,NE,0,0,0,0,0,0,0,11,35,1
00-0021190,Antwaan Randle El,WR,2003,4,REG,2003_04_TEN_PIT,PIT,TEN,0,0,0,0,0,0,0,1,15,0
00-0021192,Deion Branch,WR,2003,4,REG,2003_04_NE_WAS,NE,WAS,0,0,0,0,0,0,0,1,11,0
00-0021206,Josh McCown,QB,2003,4,REG,2003_04_ARI_STL,ARI,LA,3,4,47,0,0,0,0,1,8,0
00-0021209,Lamar Gordon,RB,2003,4,REG,2003_04_ARI_STL,LA,ARI,0,0,0,0,0,0,0,21,81,1
00-0021216,Brian Westbrook,RB,2003,4,REG,2003_04_PHI_BUF,PHI,BUF,0,0,0,0,0,0,0,11,96,1
00-0021279,Verron Haynes,FB,2003,4,REG,2003_04_TEN_PIT,PIT,TEN,0,0,0,0,0,0,0,1,-2,0
00-0021306,Adrian Peterson,RB,2003,4,REG,2003_04_GB_CHI,CHI,GB,0,0,0,0,0,0,0,1,3,0
00-0021314,Chester Taylor,RB,2003,4,REG,2003_04_KC_BAL,BAL,KC,0,0,0,0,0,0,0,5,47,0
00-0021345,Chris Massey,LS,2003,4,REG,2003_04_ARI_STL,LA,ARI,0,0,0,0,0,0,0,1,-1,0
00-0021357,Rock Cartwright,RB,2003,4,REG,2003_04_NE_WAS,WAS,NE,0,0,0,0,0,0,0,1,3,1
00-0021376,T.J. Duckett,RB,2003,4,REG,2003_04_ATL_CAR,ATL,CAR,0,0,0,0,0,0,0,14,100,0
00-0021379,Patrick Ramsey,QB,2003,4,REG,2003_04_NE_WAS,WAS,NE,10,22,147,0,0,2,-13,3,5,0
00-0021528,Avon Cobourne,RB,2003,4,REG,2003_04_DET_DEN,DET,DEN,0,0,0,0,0,0,0,1,19,0
00-0021750,Arlen Harris,RB,2003,4,REG,2003_04_ARI_STL,LA,ARI,0,0,0,0,0,0,0,12,47,0
00-0021979,Domanick Williams,RB,2003,4,REG,2003_04_JAX_HOU,HOU,JAX,0,0,0,0,0,0,0,16,53,0
00-0022011,Justin Griffith,RB,2003,4,REG,2003_04_ATL_CAR,ATL,CAR,0,0,0,0,0,0,0,2,12,0
00-0022057,LaBrandon Toefield,RB,2003,4,REG,2003_04_JAX_HOU,JAX,HOU,1,1,32,0,0,0,0,0,0,0
00-0022092,Chris Brown,RB,2003,4,REG,2003_04_TEN_PIT,TEN,PIT,0,0,0,0,0,0,0,6,3,0
00-0022093,Justin Fargas,RB,2003,4,REG,2003_04_SD_OAK,LV,LAC,0,0,0,0,0,0,0,1,-2,0
00-0022095,Quentin Griffin,RB,2003,4,REG,2003_04_DET_DEN,DEN,DET,0,0,0,0,0,0,0,9,12,0
00-0022138,Onterrio Smith,RB,2003,4,REG,2003_04_SF_MIN,MIN,SF,0,0,0,0,0,0,0,10,43,1
00-0022141,Jeremi Johnson,FB,2003,4,REG,2003_04_CIN_CLE,CIN,CLE,0,0,0,0,0,0,0,2,3,0
00-0022164,Kyle Boller,QB,2003,4,REG,2003_04_KC_BAL,BAL,KC,15,26,140,0,3,3,-16,3,15,0
00-0022177,Byron Leftwich,QB,2003,4,REG,2003_04_JAX_HOU,JAX,HOU,17,36,231,1,3,0,0,2,11,0
,,,2003,4,REG,2003_04_PHI_BUF,PHI,BUF,0,0,0,0,0,0,0,1,-1,0
00-0000007,Rabih Abdullah,RB,2003,5,REG,2003_05_OAK_CHI,CHI,LV,0,0,0,0,0,0,0,2,8,0
00-0000251,Mike Alstott,FB,2003,5,REG,2003_05_IND_TB,TB,IND,0,0,0,0,0,0,0,3,1,0
00-0000339,Richie Anderson,FB,2003,5,REG,2003_05_ARI_DAL,DAL,ARI,0,0,0,0,0,0,0,5,22,0
00-0000745,Tiki Barber,RB,2003,5,REG,2003_05_MIA_NYG,NYG,MIA,0,0,0,0,0,0,0,20,71,1
00-0000865,Charlie Batch,QB,2003,5,REG,2003_05_CLE_PIT,PIT,CLE,3,6,25,0,0,0,0,1,11,0
00-0000942,Fred Beasley,FB,2003,5,REG,2003_05_DET_SF,SF,DET,0,0,0,0,0,0,0,1,0,0
00-0001098,Brandon Bennett,RB,2003,5,REG,2003_05_CIN_BUF,CIN,BUF,0,0,0,0,0,0,0,6,-1,0
00-0001215,Jerome Bettis,RB,2003,5,REG,2003_05_CLE_PIT,PIT,CLE,0,0,0,0,0,0,0,3,8,1
00-0001335,Jeff Blake,QB,2003,5,REG,2003_05_ARI_DAL,ARI,DAL,14,28,121,1,2,3,-2,1,2,0
00-0001361,Drew Bledsoe,QB,2003,5,REG,2003_05_CIN_BUF,BUF,CIN,19,35,211,1,0,4,-34,1,0,0
00-0001532,David Boston,WR,2003,5,REG,2003_05_SD_JAX,LAC,JAX,0,0,0,0,0,0,0,1,13,0
00-0001823,Aaron Brooks,QB,2003,5,REG,2003_05_NO_CAR,NO,CAR,16,31,189,1,1,0,0,4,23,0
00-0002058,Tim Brown,WR,2003,5,REG,2003_05_OAK_CHI,LV,CHI,0,0,0,0,0,0,0,1,4,0
00-0002159,Shawn Bryson,RB,2003,5,REG,2003_05_DET_SF,DET,SF,0,0,0,0,0,0,0,6,20,0
00-0002743,Ki-Jana Carter,RB,2003,5,REG,2003_05_NO_CAR,NO,CAR,0,0,0,0,0,0,0,2,8,0
00-0002846,Larry Centers,FB,2003,5,REG,2003_05_TEN_NE,NE,TEN,0,0,0,0,0,0,0,1,6,0
00-0003136,Mike Cloud,RB,2003,5,REG,2003_05_TEN_NE,NE,TEN,0,0,0,0,0,0,0,7,73,2
00-0003292,Kerry Collins,QB,2003,5,REG,2003_05_MIA_NYG,NYG,MIA,31,43,276,0,3,1,-3,0,0,0
00-0003535,Tim Couch,QB,2003,5,REG,2003_05_CLE_PIT,CLE,PIT,20,25,208,2,1,1,-8,4,11,1
00-0003663,Zack Crockett,RB,2003,5,REG,2003_05_OAK_CHI,LV,CHI,0,0,0,0,0,0,0,4,3,1
00-0004052,Stephen Davis,RB,2003,5,REG,2003_05_NO_CAR,CAR,NO,0,0,0,0,0,0,0,30,159,1
00-0004161,Jake Delhomme,QB,2003,5,REG,2003_05_NO_CAR,CAR,NO,15,23,124,0,0,0,0,2,-2,0
00-0004541,Donald Driver,WR,2003,5,REG,2003_05_SEA_GB,GB,SEA,0,0,0,0,0,0,0,1,5,0
00-0004640,Warrick Dunn,RB,2003,5,REG,2003_05_MIN_ATL,ATL,MIN,0,0,0,0,0,0,0,3,15,1
00-0004673,Tim Dwight,WR,2003,5,REG,2003_05_SD_JAX,LAC,JAX,0,0,0,0,0,0,0,1,5,0
00-0005106,Brett Favre,QB,2003,5,REG,2003_05_SEA_GB,GB,SEA,19,25,185,2,0,1,-8,3,1,0
00-0005180,Jay Fiedler,QB,2003,5,REG,2003_05_MIA_NYG,MIA,NYG,14,26,167,0,0,2,-16,4,12,0
00-0005589,Gus Frerotte,QB,2003,5,REG,2003_05_MIN_ATL,MIN,ATL,14,24,239,2,1,2,-6,3,3,0
00-0005620,Chris Fuamatu-Ma'afala,RB,2003,5,REG,2003_05_SD_JAX,JAX,LAC,0,0,0,0,0,0,0,6,30,0
00-0005720,Joey Galloway,WR,2003,5,REG,2003_05_ARI_DAL,DAL,ARI,0,0,0,0,0,0,0,1,7,0
00-0005741,Rich Gannon,QB,2003,5,REG,2003_05_OAK_CHI,LV,CHI,16,34,183,0,2,1,-5,1,3,0
00-0005755,Jeff Garcia,QB,2003,5,REG,2003_05_DET_SF,SF,DET,15,27,192,2,1,2,-9,11,35,1
00-0005779,Charlie Garner,RB,2003,5,REG,2003_05_OAK_CHI,LV,CHI,0,0,0,0,0,0,0,15,92,0
00-0005816,Olandis Gary,RB,2003,5,REG,2003_05_DET_SF,DET,SF,0,0,0,0,0,0,0,14,64,1
00-0005883,Eddie George,RB,2003,5,REG,2003_05_TEN_NE,TEN,NE,0,0,0,0,0,0,0,15,35,0
00-0006043,Terry Glenn,WR,2003,5,REG,2003_05_ARI_DAL,DAL,ARI,0,0,0,0,0,0,0,1,4,0
00-0006305,Ahman Green,RB,2003,5,REG,2003_05_SEA_GB,GB,SEA,0,0,0,0,0,0,0,27,118,2
00-0006355,Trent Green,QB,2003,5,REG,2003_05_DEN_KC,KC,DEN,15,28,128,2,1,0,0,5,10,0
00-0006627,Az-Zahir Hakim,WR,2003,5,REG,2003_05_DET_SF,DET,SF,1,1,21,0,0,0,0,0,0,0
00-0007091,Matt Hasselbeck,QB,2003,5,REG,2003_05_SEA_GB,SEA,GB,23,39,225,0,1,2,-10,1,7,0
00-0007180,Garrison Hearst,RB,2003,5,REG,2003_05_DET_SF,SF,DET,0,0,0,0,0,0,0,19,74,0
00-0007546,James Hodgins,RB,2003,5,REG,2003_05_ARI_DAL,ARI,DAL,0,0,0,0,0,0,0,1,3,0
00-0007579,Robert Holcombe,FB,2003,5,REG,2003_05_TEN_NE,TEN,NE,0,0,0,0,0,0,0,3,4,0
00-0007661,Priest Holmes,RB,2003,5,REG,2003_05_DEN_KC,KC,DEN,0,1,0,0,0,0,0,17,97,0
00-0008442,Brad Johnson,QB,2003,5,REG,2003_05_IND_TB,TB,IND,26,39,318,3,1,0,0,3,8,0
00-0009311,Jon Kitna,QB,2003,5,REG,2003_05_CIN_BUF,CIN,BUF,26,44,225,0,1,1,-13,1,-1,0
00-0009417,Rob Konrad,FB,2003,5,REG,2003_05_MIA_NYG,MIA,NYG,0,0,0,0,0,0,0,3,15,0
00-0010261,Tommy Maddox,QB,2003,5,REG,2003_05_CLE_PIT,PIT,CLE,11,24,136,0,2,3,-12,0,0,0
00-0010346,Peyton Manning,QB,2003,5,REG,2003_05_IND_TB,IND,TB,34,47,386,2,1,1,-5,0,0,0
00-0010500,Derrick Mason,WR,2003,5,REG,2003_05_TEN_NE,TEN,NE,0,0,0,0,0,0,0,1,7,0
00-0010974,James McKnight,WR,2003,5,REG,2003_05_MIA_NYG,MIA,NYG,0,0,0,0,0,0,0,1,68,1
00-0011022,Donovan McNabb,QB,2003,5,REG,2003_05_WAS_PHI,PHI,WAS,16,30,157,1,2,3,-17,6,18,0
00-0011024,Steve McNair,QB,2003,5,REG,2003_05_TEN_NE,TEN,NE,23,45,391,0,1,2,-19,6,18,2
00-0011727,Johnnie Morton,WR,2003,5,REG,2003_05_DEN_KC,KC,DEN,0,0,0,0,0,0,0,1,27,0
00-0013013,Michael Pittman,RB,2003,5,REG,2003_05_IND_TB,TB,IND,0,0,0,0,0,0,0,16,106,0
00-0013042,Jake Plummer,QB,2003,5,REG,2003_05_DEN_KC,DEN,KC,20,38,221,1,0,0,0,3,22,0
00-0013262,Stanley Pritchett,RB,2003,5,REG,2003_05_OAK_CHI,CHI,LV,0,0,0,0,0,0,0,2,17,1
00-0013694,Tony Richardson,FB,2003,5,REG,2003_05_DEN_KC,KC,DEN,0,0,0,0,0,0,0,1,-1,0
00-0015091,Antowain Smith,RB,2003,5,REG,2003_05_TEN_NE,NE,TEN,0,0,0,0,0,0,0,16,80,1
00-0015165,Emmitt Smith,RB,2003,5,REG,2003_05_ARI_DAL,ARI,DAL,0,0,0,0,0,0,0,6,-1,0
00-0015290,Rod Smith,WR,2003,5,REG,2003_05_DEN_KC,DEN,KC,1,1,72,0,0,0,0,0,0,0
00-0015523,Duce Staley,RB,2003,5,REG,2003_05_WAS_PHI,PHI,WAS,0,0,0,0,0,0,0,10,36,0
00-0015601,Aaron Stecker,RB,2003,5,REG,2003_05_IND_TB,TB,IND,0,0,0,0,0,0,0,9,22,0
00-0015700,Kordell Stewart,QB,2003,5,REG,2003_05_OAK_CHI,CHI,LV,13,24,160,1,2,2,-16,9,52,0
00-0015830,Mack Strong,FB,2003,5,REG,2003_05_SEA_GB,SEA,GB,0,0,0,0,0,0,0,1,1,0
00-0016098,Fred Taylor,RB,2003,5,REG,2003_05_SD_JAX,JAX,LAC,0,0,0,0,0,0,0,27,87,1
00-0017486,Tyrone Wheatley,RB,2003,5,REG,2003_05_OAK_CHI,LV,CHI,0,0,0,0,0,0,0,6,21,0
00-0017892,Moe Williams,RB,2003,5,REG,2003_05_MIN_ATL,MIN,ATL,0,0,0,0,0,0,0,11,71,2
00-0017915,Ricky Williams,RB,2003,5,REG,2003_05_MIA_NYG,MIA,NYG,0,0,0,0,0,0,0,22,39,1
00-0018501,Amos Zereoue,RB,2003,5,REG,2003_05_CLE_PIT,PIT,CLE,0,0,0,0,0,0,0,13,38,0
00-0018958,Laveranues Coles,WR,2003,5,REG,2003_05_WAS_PHI,WAS,PHI,0,0,0,0,0,0,0,1,4,0
00-0019057,Jamel White,RB,2003,5,REG,2003_05_CLE_PIT,CLE,PIT,0,0,0,0,0,0,0,1,-3,0
00-0019087,Doug Johnson,QB,2003,5,REG,2003_05_MIN_ATL,ATL,MIN,28,40,352,2,2,2,-16,2,20,0
00-0019100,Brad Hoover,FB,2003,5,REG,2003_05_NO_CAR,CAR,NO,0,0,0,0,0,0,0,1,3,0
00-0019516,Troy Hambrick,RB,2003,5,REG,2003_05_ARI_DAL,DAL,ARI,0,0,0,0,0,0,0,23,59,0
00-0019590,Chad Morton,RB,2003,5,REG,2003_05_WAS_PHI,WAS,PHI,0,0,0,0,0,0,0,1,6,0
00-0019594,Mike Anderson,RB,2003,5,REG,2003_05_DEN_KC,DEN,KC,0,0,0,0,0,0,0,4,14,0
00-0019596,Tom Brady,QB,2003,5,REG,2003_05_TEN_NE,NE,TEN,17,31,219,1,0,3,-26,3,2,0
00-0019610,Reuben Droughns,RB,2003,5,REG,2003_05_DEN_KC,DEN,KC,0,0,0,0,0,0,0,1,-1,0
00-0019641,Thomas Jones,RB,2003,5,REG,2003_05_IND_TB,TB,IND,0,0,0,0,0,0,0,2,2,0
00-0019647,Shaun Alexander,RB,2003,5,REG,2003_05_SEA_GB,SEA,GB,0,0,0,0,0,0,0,20,102,1
00-0019649,Trung Canidate,RB,2003,5,REG,2003_05_WAS_PHI,WAS,PHI,0,0,0,0,0,0,0,8,17,0
00-0019712,Doug Chapman,RB,2003,5,REG,2003_05_MIN_ATL,MIN,ATL,0,0,0,0,0,0,0,10,22,0
00-0019794,Aveion Cason,RB,2003,5,REG,2003_05_ARI_DAL,DAL,ARI,0,0,0,0,0,0,0,2,-4,0
00-0019863,Dominic Rhodes,RB,2003,5,REG,2003_05_IND_TB,IND,TB,0,0,0,0,0,0,0,3,-2,0
00-0020022,Marcel Shipp,RB,2003,5,REG,2003_05_ARI_DAL,ARI,DAL,0,0,0,0,0,0,0,9,31,0
00-0020270,Correll Buckhalter,RB,2003,5,REG,2003_05_WAS_PHI,PHI,WAS,0,0,0,0,0,0,0,3,3,0
00-0020403,Anthony Thomas,RB,2003,5,REG,2003_05_OAK_CHI,CHI,LV,0,0,0,0,0,0,0,22,123,0
00-0020404,Quincy Carter,QB,2003,5,REG,2003_05_ARI_DAL,DAL,ARI,20,31,277,2,1,1,-9,3,6,0
00-0020407,Rudi Johnson,RB,2003,5,REG,2003_05_CIN_BUF,CIN,BUF,0,0,0,0,0,0,0,20,69,1
00-0020427,Quincy Morgan,WR,2003,5,REG,2003_05_CLE_PIT,CLE,PIT,0,0,0,0,0,0,0,1,1,0
00-0020471,Travis Henry,RB,2003,5,REG,2003_05_CIN_BUF,BUF,CIN,0,0,0,0,0,0,0,25,85,1
00-0020474,Kevan Barlow,RB,2003,5,REG,2003_05_DET_SF,SF,DET,0,0,0,0,0,0,0,7,24,0
00-0020527,Deuce McAllister,RB,2003,5,REG,2003_05_NO_CAR,NO,CAR,0,0,0,0,0,0,0,23,124,0
00-0020531,Drew Brees,QB,2003,5,REG,2003_05_SD_JAX,LAC,JAX,24,41,296,3,0,4,-19,1,13,0
00-0020536,LaDainian Tomlinson,RB,2003,5,REG,2003_05_SD_JAX,LAC,JAX,0,0,0,0,0,0,0,10,38,0
00-0020564,Delvin Joyce,RB,2003,5,REG,2003_05_MIA_NYG,NYG,MIA,0,0,0,0,0,0,0,3,6,0
00-0020700,James Mungro,RB,2003,5,REG,2003_05_IND_TB,IND,TB,0,0,0,0,0,0,0,6,20,1
00-0020739,Ricky Williams,RB,2003,5,REG,2003_05_IND_TB,IND,TB,0,0,0,0,0,0,0,13,56,2
00-0020754,Kelly Campbell,WR,2003,5,REG,2003_05_MIN_ATL,MIN,ATL,0,0,0,0,0,0,0,1,7,0
00-0020917,Joe Burns,RB,2003,5,REG,2003_05_CIN_BUF,BUF,CIN,0,0,0,0,0,0,0,1,-5,0
00-0020964,Tony Fisher,RB,2003,5,REG,2003_05_SEA_GB,GB,SEA,0,0,0,0,0,0,0,3,33,1
00-0020973,Woody Dantzler,RB,2003,5,REG,2003_05_MIN_ATL,ATL,MIN,0,1,0,0,0,0,0,1,0,0
00-0021048,Damien Anderson,RB,2003,5,REG,2003_05_ARI_DAL,ARI,DAL,0,0,0,0,0,0,0,1,-3,0
00-0021141,Joey Harrington,QB,2003,5,REG,2003_05_DET_SF,DET,SF,19,35,200,1,2,0,0,0,0,0
00-0021150,William Green,RB,2003,5,REG,2003_05_CLE_PIT,CLE,PIT,0,0,0,0,0,0,0,33,115,0
00-0021164,DeShaun Foster,RB,2003,5,REG,2003_05_NO_CAR,CAR,NO,0,0,0,0,0,0,0,7,25,0
00-0021179,Clinton Portis,RB,2003,5,REG,2003_05_DEN_KC,DEN,KC,0,0,0,0,0,0,0,23,141,1
00-0021182,Maurice Morris,RB,2003,5,REG,2003_05_SEA_GB,SEA,GB,0,0,0,0,0,0,0,1,18,0
00-0021184,Ladell Betts,RB,2003,5,REG,2003_05_WAS_PHI,WAS,PHI,0,0,0,0,0,0,0,5,11,0
00-0021190,Antwaan Randle El,WR,2003,5,REG,2003_05_CLE_PIT,PIT,CLE,0,0,0,0,0,0,0,1,3,0
00-0021216,Brian Westbrook,RB,2003,5,REG,2003_05_WAS_PHI,PHI,WAS,0,0,0,0,0,0,0,11,64,1
00-0021252,Najeh Davenport,RB,2003,5,REG,2003_05_SEA_GB,GB,SEA,0,0,0,0,0,0,0,1,2,0
00-0021357,Rock Cartwright,RB,2003,5,REG,2003_05_WAS_PHI,WAS,PHI,0,0,0,0,0,0,0,3,3,0
00-0021376,T.J. Duckett,RB,2003,5,REG,2003_05_MIN_ATL,ATL,MIN,0,0,0,0,0,0,0,11,69,0
00-0021379,Patrick Ramsey,QB,2003,5,REG,2003_05_WAS_PHI,WAS,PHI,25,50,271,1,2,2,-13,3,8,1
00-0021387,Jamar Martin,RB,2003,5,REG,2003_05_ARI_DAL,DAL,ARI,0,0,0,0,0,0,0,1,3,0
00-0022057,LaBrandon Toefield,RB,2003,5,REG,2003_05_SD_JAX,JAX,LAC,0,0,0,0,0,0,0,2,7,0
00-0022064,Arnaz Battle,WR,2003,5,REG,2003_05_DET_SF,SF,DET,0,0,0,0,0,0,0,1,9,0
00-0022092,Chris Brown,RB,2003,5,REG,2003_05_TEN_NE,TEN,NE,0,0,0,0,0,0,0,2,6,0
00-0022138,Onterrio Smith,RB,2003,5,REG,2003_05_MIN_ATL,MIN,ATL,0,0,0,0,0,0,0,13,63,0
00-0022157,Jeff Faine,C,2003,5,REG,2003_05_CLE_PIT,CLE,PIT,0,0,0,0,0,0,0,1,0,0
00-0022177,Byron Leftwich,QB,2003,5,REG,2003_05_SD_JAX,JAX,LAC,19,28,336,2,0,3,-23,2,-1,0
00-0000339,Richie Anderson,FB,2003,6,REG,2003_06_PHI_DAL,DAL,PHI,0,0,0,0,0,0,0,4,11,0
00-0000745,Tiki Barber,RB,2003,6,REG,2003_06_NYG_NE,NYG,NE,0,0,0,0,0,0,0,22,71,0
00-0001215,Jerome Bettis,RB,2003,6,REG,2003_06_PIT_DEN,PIT,DEN,0,0,0,0,0,0,0,14,34,1
00-0001218,Steve Beuerlein,QB,2003,6,REG,2003_06_PIT_DEN,DEN,PIT,17,28,172,2,2,2,-7,1,5,0
00-0001335,Jeff Blake,QB,2003,6,REG,2003_06_BAL_ARI,ARI,BAL,22,36,247,2,3,2,-17,4,29,0
00-0001361,Drew Bledsoe,QB,2003,6,REG,2003_06_BUF_NYJ,BUF,NYJ,24,40,202,0,1,7,-62,1,0,0
00-0001477,Marty Booker,WR,2003,6,REG,2003_06_CHI_NO,CHI,NO,0,0,0,0,0,0,0,1,-4,0
00-0001823,Aaron Brooks,QB,2003,6,REG,2003_06_CHI_NO,NO,CHI,14,29,153,2,0,0,0,5,14,0
00-0002068,Troy Brown,WR,2003,6,REG,2003_06_NYG_NE,NE,NYG,0,0,0,0,0,0,0,2,12,0
00-0002099,Isaac Bruce,WR,2003,6,REG,2003_06_ATL_STL,LA,ATL,1,1,25,0,0,0,0,0,0,0
00-0002846,Larry Centers,FB,2003,6,REG,2003_06_NYG_NE,NE,NYG,0,0,0,0,0,0,0,1,-2,0
00-0003136,Mike Cloud,RB,2003,6,REG,2003_06_NYG_NE,NE,NYG,0,0,0,0,0,0,0,9,23,1
00-0003292,Kerry Collins,QB,2003,6,REG,2003_06_NYG_NE,NYG,NE,35,59,314,0,4,2,-8,1,4,0
00-0003535,Tim Couch,QB,2003,6,REG,2003_06_OAK_CLE,CLE,LV,16,26,127,0,0,2,-14,2,1,0
00-0003663,Zack Crockett,RB,2003,6,REG,2003_06_OAK_CLE,LV,CLE,0,0,0,0,0,0,0,1,3,0
00-0004052,Stephen Davis,RB,2003,6,REG,2003_06_CAR_IND,CAR,IND,0,0,0,0,0,0,0,15,76,1
00-0004091,Phil Dawson,K,2003,6,REG,2003_06_OAK_CLE,CLE,LV,0,0,0,0,0,0,0,1,14,0
00-0004161,Jake Delhomme,QB,2003,6,REG,2003_06_CAR_IND,CAR,IND,12,20,181,1,1,3,-29,2,1,0
00-0004640,Warrick Dunn,RB,2003,6,REG,2003_06_ATL_STL,ATL,LA,0,0,0,0,0,0,0,5,23,0
00-0004768,Marc Edwards,FB,2003,6,REG,2003_06_MIA_JAX,JAX,MIA,0,0,0,0,0,0,0,2,3,0
00-0005091,Kevin Faulk,RB,2003,6,REG,2003_06_NYG_NE,NE,NYG,0,0,0,0,0,0,0,14,87,0
00-0005106,Brett Favre,QB,2003,6,REG,2003_06_KC_GB,GB,KC,25,36,272,2,1,3,-15,2,1,0
00-0005180,Jay Fiedler,QB,2003,6,REG,2003_06_MIA_JAX,MIA,JAX,14,27,147,0,1,1,-4,3,3,0
00-0005620,Chris Fuamatu-Ma'afala,RB,2003,6,REG,2003_06_MIA_JAX,JAX,MIA,0,0,0,0,0,0,0,3,11,0
00-0005741,Rich Gannon,QB,2003,6,REG,2003_06_OAK_CLE,LV,CLE,21,33,165,1,0,1,-1,1,1,0
00-0005755,Jeff Garcia,QB,2003,6,REG,2003_06_SF_SEA,SF,SEA,16,27,168,0,0,4,-18,3,4,1
00-0005779,Charlie Garner,RB,2003,6,REG,2003_06_OAK_CLE,LV,CLE,0,0,0,0,0,0,0,9,28,0
00-0005883,Eddie George,RB,2003,6,REG,2003_06_HOU_TEN,TEN,HOU,0,0,0,0,0,0,0,19,60,0
00-0006305,Ahman Green,RB,2003,6,REG,2003_06_KC_GB,GB,KC,0,0,0,0,0,0,0,26,139,1
00-0006355,Trent Green,QB,2003,6,REG,2003_06_KC_GB,KC,GB,27,45,400,3,0,0,0,2,7,0
00-0007024,Marvin Harrison,WR,2003,6,REG,2003_06_CAR_IND,IND,CAR,0,0,0,0,0,0,0,1,3,0
00-0007091,Matt Hasselbeck,QB,2003,6,REG,2003_06_SF_SEA,SEA,SF,17,27,207,1,1,4,-21,5,17,0
00-0007180,Garrison Hearst,RB,2003,6,REG,2003_06_SF_SEA,SF,SEA,0,0,0,0,0,0,0,16,62,1
00-0007579,Robert Holcombe,FB,2003,6,REG,2003_06_HOU_TEN,TEN,HOU,0,0,0,0,0,0,0,3,25,1
00-0007661,Priest Holmes,RB,2003,6,REG,2003_06_KC_GB,KC,GB,0,0,0,0,0,0,0,22,81,1
00-0008442,Brad Johnson,QB,2003,6,REG,2003_06_TB_WAS,TB,WAS,22,30,268,4,0,0,0,2,3,0
00-0008612,Rob Johnson,QB,2003,6,REG,2003_06_TB_WAS,WAS,TB,4,4,35,0,0,2,-9,0,0,0
00-0009417,Rob Konrad,FB,2003,6,REG,2003_06_MIA_JAX,MIA,JAX,0,0,0,0,0,0,0,1,2,0
00-0010240,Stacey Mack,RB,2003,6,REG,2003_06_HOU_TEN,HOU,TEN,0,0,0,0,0,0,0,4,13,0
00-0010261,Tommy Maddox,QB,2003,6,REG,2003_06_PIT_DEN,PIT,DEN,19,30,182,0,0,7,-56,0,0,0
00-0010346,Peyton Manning,QB,2003,6,REG,2003_06_CAR_IND,IND,CAR,23,34,293,1,1,0,0,1,6,0
00-0010442,Curtis Martin,RB,2003,6,REG,2003_06_BUF_NYJ,NYJ,BUF,0,0,0,0,0,0,0,20,77,0
00-0011022,Donovan McNabb,QB,2003,6,REG,2003_06_PHI_DAL,PHI,DAL,11,26,126,1,0,3,-16,5,5,0
00-0011024,Steve McNair,QB,2003,6,REG,2003_06_HOU_TEN,TEN,HOU,18,27,421,3,0,1,0,5,2,0
00-0012642,David Patten,WR,2003,6,REG,2003_06_NYG_NE,NE,NYG,0,0,0,0,0,0,0,1,4,0
00-0013013,Michael Pittman,RB,2003,6,REG,2003_06_TB_WAS,TB,WAS,0,0,0,0,0,0,0,17,62,0
00-0013262,Stanley Pritchett,RB,2003,6,REG,2003_06_CHI_NO,CHI,NO,0,0,0,0,0,0,0,1,6,0
00-0015290,Rod Smith,WR,2003,6,REG,2003_06_PIT_DEN,DEN,PIT,0,0,0,0,0,0,0,1,26,0
00-0015523,Duce Staley,RB,2003,6,REG,2003_06_PHI_DAL,PHI,DAL,0,0,0,0,0,0,0,7,28,0
00-0015601,Aaron Stecker,RB,2003,6,REG,2003_06_TB_WAS,TB,WAS,0,0,0,0,0,0,0,1,13,0
00-0015700,Kordell Stewart,QB,2003,6,REG,2003_06_CHI_NO,CHI,NO,10,21,152,1,0,3,-21,9,42,0
00-0015830,Mack Strong,FB,2003,6,REG,2003_06_SF_SEA,SEA,SF,0,0,0,0,0,0,0,3,26,1
00-0016098,Fred Taylor,RB,2003,6,REG,2003_06_MIA_JAX,JAX,MIA,0,0,0,0,0,0,0,16,35,0
00-0016193,Vinny Testaverde,QB,2003,6,REG,2003_06_BUF_NYJ,NYJ,BUF,11,17,130,3,0,2,-15,1,-1,0
00-0016838,Alex Van Pelt,QB,2003,6,REG,2003_06_BUF_NYJ,BUF,NYJ,0,1,0,0,1,0,0,0,0,0
00-0017162,Hines Ward,WR,2003,6,REG,2003_06_PIT_DEN,PIT,DEN,0,0,0,0,0,0,0,2,9,0
00-0017486,Tyrone Wheatley,RB,2003,6,REG,2003_06_OAK_CLE,LV,CLE,0,0,0,0,0,0,0,3,15,0
00-0017611,Alvis Whitted,WR,2003,6,REG,2003_06_OAK_CLE,LV,CLE,0,0,0,0,0,0,0,1,10,0
00-0017915,Ricky Williams,RB,2003,6,REG,2003_06_MIA_JAX,MIA,JAX,0,0,0,0,0,0,0,19,75,1
00-0018501,Amos Zereoue,RB,2003,6,REG,2003_06_PIT_DEN,PIT,DEN,0,0,0,0,0,0,0,10,15,0
00-0018588,Alan Ricard,RB,2003,6,REG,2003_06_BAL_ARI,BAL,ARI,0,0,0,0,0,0,0,2,3,0
00-0019041,Billy Volek,QB,2003,6,REG,2003_06_HOU_TEN,TEN,HOU,0,0,0,0,0,0,0,1,-1,0
00-0019057,Jamel White,RB,2003,6,REG,2003_06_OAK_CLE,CLE,LV,0,0,0,0,0,0,0,1,0,0
00-0019087,Doug Johnson,QB,2003,6,REG,2003_06_ATL_STL,ATL,LA,10,23,134,0,1,2,-14,0,0,0
00-0019453,Rod Smart,RB,2003,6,REG,2003_06_CAR_IND,CAR,IND,0,0,0,0,0,0,0,7,17,0
00-0019516,Troy Hambrick,RB,2003,6,REG,2003_06_PHI_DAL,DAL,PHI,0,0,0,0,0,0,0,18,46,1
00-0019539,Dante Hall,WR,2003,6,REG,2003_06_KC_GB,KC,GB,0,0,0,0,0,0,0,2,-6,0
00-0019596,Tom Brady,QB,2003,6,REG,2003_06_NYG_NE,NE,NYG,8,21,112,0,0,2,-21,3,0,0
00-0019599,Marc Bulger,QB,2003,6,REG,2003_06_ATL_STL,LA,ATL,23,34,352,2,2,0,0,2,4,1
00-0019610,Reuben Droughns,RB,2003,6,REG,2003_06_PIT_DEN,DEN,PIT,0,0,0,0,0,0,0,1,-1,0
00-0019641,Thomas Jones,RB,2003,6,REG,2003_06_TB_WAS,TB,WAS,0,0,0,0,0,0,0,5,33,0
00-0019647,Shaun Alexander,RB,2003,6,REG,2003_06_SF_SEA,SEA,SF,0,0,0,0,0,0,0,22,77,0
00-0019649,Trung Canidate,RB,2003,6,REG,2003_06_TB_WAS,WAS,TB,0,0,0,0,0,0,0,8,27,0
00-0019650,Dennis Northcutt,WR,2003,6,REG,2003_06_OAK_CLE,CLE,LV,0,0,0,0,0,0,0,1,8,0
00-0019693,Jamal Lewis,RB,2003,6,REG,2003_06_BAL_ARI,BAL,ARI,0,0,0,0,0,0,0,21,131,0
00-0019721,Travis Taylor,WR,2003,6,REG,2003_06_BAL_ARI,BAL,ARI,0,0,0,0,0,0,0,3,29,0
00-0019794,Aveion Cason,RB,2003,6,REG,2003_06_PHI_DAL,DAL,PHI,1,1,37,0,0,0,0,7,31,0
00-0020022,Marcel Shipp,RB,2003,6,REG,2003_06_BAL_ARI,ARI,BAL,0,0,0,0,0,0,0,14,61,0
00-0020256,Kevin Kasper,WR,2003,6,REG,2003_06_BAL_ARI,ARI,BAL,0,0,0,0,0,0,0,1,-4,0
00-0020270,Correll Buckhalter,RB,2003,6,REG,2003_06_PHI_DAL,PHI,DAL,0,0,0,0,0,0,0,11,52,1
00-0020337,Steve Smith,WR,2003,6,REG,2003_06_CAR_IND,CAR,IND,0,0,0,0,0,0,0,1,10,0
00-0020381,Justin McCareins,WR,2003,6,REG,2003_06_HOU_TEN,TEN,HOU,0,0,0,0,0,0,0,1,13,0
00-0020403,Anthony Thomas,RB,2003,6,REG,2003_06_CHI_NO,CHI,NO,0,0,0,0,0,0,0,21,96,0
00-0020404,Quincy Carter,QB,2003,6,REG,2003_06_PHI_DAL,DAL,PHI,14,25,146,0,1,1,-10,7,31,0
00-0020430,James Jackson,RB,2003,6,REG,2003_06_OAK_CLE,CLE,LV,0,0,0,0,0,0,0,1,3,0
00-0020448,Travis Minor,RB,2003,6,REG,2003_06_MIA_JAX,MIA,JAX,0,0,0,0,0,0,0,1,11,0
00-0020462,LaMont Jordan,RB,2003,6,REG,2003_06_BUF_NYJ,NYJ,BUF,0,0,0,0,0,0,0,10,33,0
00-0020471,Travis Henry,RB,2003,6,REG,2003_06_BUF_NYJ,BUF,NYJ,0,0,0,0,0,0,0,18,53,0
00-0020474,Kevan Barlow,RB,2003,6,REG,2003_06_SF_SEA,SF,SEA,0,0,0,0,0,0,0,9,40,0
00-0020490,Koren Robinson,WR,2003,6,REG,2003_06_SF_SEA,SEA,SF,0,0,0,0,0,0,0,1,16,0
00-0020507,Heath Evans,FB,2003,6,REG,2003_06_SF_SEA,SEA,SF,0,0,0,0,0,0,0,2,6,0
00-0020527,Deuce McAllister,RB,2003,6,REG,2003_06_CHI_NO,NO,CHI,0,0,0,0,0,0,0,29,116,0
00-0020564,Delvin Joyce,RB,2003,6,REG,2003_06_NYG_NE,NYG,NE,0,0,0,0,0,0,0,1,0,0
00-0020608,David Carr,QB,2003,6,REG,2003_06_HOU_TEN,HOU,TEN,25,42,371,2,3,1,-4,0,0,0
00-0020700,James Mungro,RB,2003,6,REG,2003_06_CAR_IND,IND,CAR,0,0,0,0,0,0,0,8,10,1
00-0020739,Ricky Williams,RB,2003,6,REG,2003_06_CAR_IND,IND,CAR,0,0,0,0,0,0,0,17,57,0
00-0020973,Woody Dantzler,RB,2003,6,REG,2003_06_ATL_STL,ATL,LA,0,0,0,0,0,1,-5,0,0,0
00-0021048,Damien Anderson,RB,2003,6,REG,2003_06_BAL_ARI,ARI,BAL,0,0,0,0,0,0,0,1,4,0
00-0021150,William Green,RB,2003,6,REG,2003_06_OAK_CLE,CLE,LV,0,0,0,0,0,0,0,26,145,1
00-0021153,Javon Walker,WR,2003,6,REG,2003_06_KC_GB,GB,KC,0,0,0,0,0,0,0,1,0,0
00-0021164,DeShaun Foster,RB,2003,6,REG,2003_06_CAR_IND,CAR,IND,0,0,0,0,0,0,0,16,85,0
00-0021179,Clinton Portis,RB,2003,6,REG,2003_06_PIT_DEN,DEN,PIT,0,0,0,0,0,0,0,15,47,0
00-0021182,Maurice Morris,RB,2003,6,REG,2003_06_SF_SEA,SEA,SF,0,0,0,0,0,0,0,1,5,0
00-0021184,Ladell Betts,RB,2003,6,REG,2003_06_TB_WAS,WAS,TB,0,0,0,0,0,0,0,13,37,0
00-0021190,Antwaan Randle El,WR,2003,6,REG,2003_06_PIT_DEN,PIT,DEN,1,1,4,0,0,0,0,2,7,0
00-0021209,Lamar Gordon,RB,2003,6,REG,2003_06_ATL_STL,LA,ATL,0,0,0,0,0,0,0,19,92,0
00-0021216,Brian Westbrook,RB,2003,6,REG,2003_06_PHI_DAL,PHI,DAL,0,0,0,0,0,0,0,8,37,1
00-0021252,Najeh Davenport,RB,2003,6,REG,2003_06_KC_GB,GB,KC,0,0,0,0,0,0,0,6,43,1
00-0021271,Kurt Kittner,QB,2003,6,REG,2003_06_ATL_STL,ATL,LA,2,5,21,0,1,0,0,0,0,0
00-0021279,Verron Haynes,FB,2003,6,REG,2003_06_PIT_DEN,PIT,DEN,0,0,0,0,0,0,0,2,20,0
00-0021314,Chester Taylor,RB,2003,6,REG,2003_06_BAL_ARI,BAL,ARI,0,0,0,0,0,0,0,10,45,0
00-0021357,Rock Cartwright,RB,2003,6,REG,2003_06_TB_WAS,WAS,TB,0,0,0,0,0,0,0,2,4,0
00-0021376,T.J. Duckett,RB,2003,6,REG,2003_06_ATL_STL,ATL,LA,0,0,0,0,0,0,0,16,50,0
00-0021379,Patrick Ramsey,QB,2003,6,REG,2003_06_TB_WAS,WAS,TB,21,32,211,1,2,4,-30,0,0,0
00-0021750,Arlen Harris,RB,2003,6,REG,2003_06_ATL_STL,LA,ATL,0,0,0,0,0,0,0,10,23,0
00-0021955,Dan Klecko,FB,2003,6,REG,2003_06_NYG_NE,NE,NYG,0,0,0,0,0,0,0,1,5,0
00-0021979,Domanick Williams,RB,2003,6,REG,2003_06_HOU_TEN,HOU,TEN,0,0,0,0,0,0,0,7,59,0
00-0022003,B.J. Askew,FB,2003,6,REG,2003_06_BUF_NYJ,NYJ,BUF,0,0,0,0,0,0,0,2,9,0
00-0022057,LaBrandon Toefield,RB,2003,6,REG,2003_06_MIA_JAX,JAX,MIA,0,0,0,0,0,0,0,4,15,0
00-0022064,Arnaz Battle,WR,2003,6,REG,2003_06_SF_SEA,SF,SEA,0,0,0,0,0,0,0,1,5,0
00-0022092,Chris Brown,RB,2003,6,REG,2003_06_HOU_TEN,TEN,HOU,0,0,0,0,0,0,0,4,15,0
00-0022093,Justin Fargas,RB,2003,6,REG,2003_06_OAK_CLE,LV,CLE,0,0,0,0,0,0,0,6,33,0
00-0022116,Tony Hollings,RB,2003,6,REG,2003_06_HOU_TEN,HOU,TEN,0,0,0,0,0,0,0,5,19,0
00-0022164,Kyle Boller,QB,2003,6,REG,2003_06_BAL_ARI,BAL,ARI,9,18,75,0,0,1,-3,2,5,0
00-0022177,Byron Leftwich,QB,2003,6,REG,2003_06_MIA_JAX,JAX,MIA,24,42,256,0,3,4,-12,5,24,1
00-0000007,Rabih Abdullah,RB,2003,7,REG,2003_07_CHI_SEA,CHI,SEA,0,0,0,0,0,0,0,3,4,0
00-0000339,Richie Anderson,FB,2003,7,REG,2003_07_DAL_DET,DAL,DET,0,0,0,0,0,0,0,7,52,0
00-0000552,Obafemi Ayanbadejo,RB,2003,7,REG,2003_07_NE_MIA,MIA,NE,0,0,0,0,0,0,0,1,-2,0
00-0000745,Tiki Barber,RB,2003,7,REG,2003_07_PHI_NYG,NYG,PHI,0,0,0,0,0,0,0,19,79,0
00-0000942,Fred Beasley,FB,2003,7,REG,2003_07_TB_SF,SF,TB,0,0,0,0,0,0,0,1,3,0
00-0001098,Brandon Bennett,RB,2003,7,REG,2003_07_BAL_CIN,CIN,BAL,0,0,0,0,0,0,0,2,5,0
00-0001101,Darren Bennett,P,2003,7,REG,2003_07_SD_CLE,LAC,CLE,0,1,0,0,0,0,0,0,0,0
00-0001218,Steve Beuerlein,QB,2003,7,REG,2003_07_DEN_MIN,DEN,MIN,9,19,119,0,3,5,-40,0,0,0
00-0001361,Drew Bledsoe,QB,2003,7,REG,2003_07_WAS_BUF,BUF,WAS,19,26,244,1,1,1,-8,3,7,0
00-0001532,David Boston,WR,2003,7,REG,2003_07_SD_CLE,LAC,CLE,0,0,0,0,0,0,0,1,0,0
00-0001545,Todd Bouman,QB,2003,7,REG,2003_07_NO_ATL,NO,ATL,0,1,0,0,0,0,0,1,0,0
00-0001823,Aaron Brooks,QB,2003,7,REG,2003_07_NO_ATL,NO,ATL,23,30,352,3,0,3,-10,3,15,0
00-0002159,Shawn Bryson,RB,2003,7,REG,2003_07_DAL_DET,DET,DAL,0,0,0,0,0,0,0,6,20,0
00-0002743,Ki-Jana Carter,RB,2003,7,REG,2003_07_NO_ATL,NO,ATL,0,0,0,0,0,0,0,10,21,1
00-0002876,Chris Chandler,QB,2003,7,REG,2003_07_CHI_SEA,CHI,SEA,19,34,149,0,2,3,-25,4,4,0
00-0003136,Mike Cloud,RB,2003,7,REG,2003_07_NE_MIA,NE,MIA,0,0,0,0,0,0,0,5,8,0
00-0003292,Kerry Collins,QB,2003,7,REG,2003_07_PHI_NYG,NYG,PHI,22,36,174,1,0,3,-15,4,28,0
00-0003535,Tim Couch,QB,2003,7,REG,2003_07_SD_CLE,CLE,LAC,13,24,102,0,2,3,-16,0,0,0
00-0003663,Zack Crockett,RB,2003,7,REG,2003_07_KC_OAK,LV,KC,0,0,0,0,0,0,0,1,1,1
00-0003739,Daunte Culpepper,QB,2003,7,REG,2003_07_DEN_MIN,MIN,DEN,19,26,277,2,0,2,-9,2,1,0
00-0004052,Stephen Davis,RB,2003,7,REG,2003_07_TEN_CAR,CAR,TEN,0,0,0,0,0,0,0,11,20,0
00-0004161,Jake Delhomme,QB,2003,7,REG,2003_07_TEN_CAR,CAR,TEN,31,49,362,2,0,4,-23,2,9,0
00-0004304,Corey Dillon,RB,2003,7,REG,2003_07_BAL_CIN,CIN,BAL,0,0,0,0,0,0,0,18,39,1
00-0004541,Donald Driver,WR,2003,7,REG,2003_07_GB_STL,GB,LA,0,0,0,0,0,0,0,1,7,0
00-0004640,Warrick Dunn,RB,2003,7,REG,2003_07_NO_ATL,ATL,NO,0,0,0,0,0,0,0,6,82,1
00-0004673,Tim Dwight,WR,2003,7,REG,2003_07_SD_CLE,LAC,CLE,0,0,0,0,0,0,0,1,6,0
00-0005091,Kevin Faulk,RB,2003,7,REG,2003_07_NE_MIA,NE,MIA,0,0,0,0,0,0,0,18,38,0
00-0005106,Brett Favre,QB,2003,7,REG,2003_07_GB_STL,GB,LA,23,32,268,2,1,1,-12,0,0,0
00-0005180,Jay Fiedler,QB,2003,7,REG,2003_07_NE_MIA,MIA,NE,20,35,230,1,2,1,-1,1,5,0
00-0005741,Rich Gannon,QB,2003,7,REG,2003_07_KC_OAK,LV,KC,10,19,58,0,1,3,-18,1,1,0
00-0005755,Jeff Garcia,QB,2003,7,REG,2003_07_TB_SF,SF,TB,15,29,253,2,1,1,-7,5,17,0
00-0005779,Charlie Garner,RB,2003,7,REG,2003_07_KC_OAK,LV,KC,0,0,0,0,0,0,0,10,32,0
00-0005816,Olandis Gary,RB,2003,7,REG,2003_07_DAL_DET,DET,DAL,0,0,0,0,0,0,0,11,37,0
00-0005883,Eddie George,RB,2003,7,REG,2003_07_TEN_CAR,TEN,CAR,0,0,0,0,0,0,0,18,51,0
00-0006305,Ahman Green,RB,2003,7,REG,2003_07_GB_STL,GB,LA,0,0,0,0,0,0,0,20,35,0
00-0006355,Trent Green,QB,2003,7,REG,2003_07_KC_OAK,KC,LV,11,22,206,0,1,2,-12,2,6,1
00-0006627,Az-Zahir Hakim,WR,2003,7,REG,2003_07_DAL_DET,DET,DAL,0,0,0,0,0,0,0,1,8,0
00-0007091,Matt Hasselbeck,QB,2003,7,REG,2003_07_CHI_SEA,SEA,CHI,19,27,215,1,1,2,-4,4,12,0
00-0007180,Garrison Hearst,RB,2003,7,REG,2003_07_TB_SF,SF,TB,0,0,0,0,0,0,0,20,117,1
00-0007308,Craig Hentrich,P,2003,7,REG,2003_07_TEN_CAR,TEN,CAR,0,1,0,0,0,0,0,0,0,0
00-0007576,Kelly Holcomb,QB,2003,7,REG,2003_07_SD_CLE,CLE,LAC,11,19,90,2,0,0,0,0,0,0
00-0007579,Robert Holcombe,FB,2003,7,REG,2003_07_TEN_CAR,TEN,CAR,0,0,0,0,0,0,0,16,53,0
00-0007661,Priest Holmes,RB,2003,7,REG,2003_07_KC_OAK,KC,LV,0,0,0,0,0,0,0,27,123,1
00-0008442,Brad Johnson,QB,2003,7,REG,2003_07_TB_SF,TB,SF,21,34,241,1,3,2,-7,1,1,0
00-0008560,Kevin Johnson,WR,2003,7,REG,2003_07_SD_CLE,CLE,LAC,0,1,0,0,0,0,0,0,0,0
00-0008612,Rob Johnson,QB,2003,7,REG,2003_07_WAS_BUF,WAS,BUF,1,3,4,0,0,1,-6,1,6,0
00-0009007,Danny Kanell,QB,2003,7,REG,2003_07_DEN_MIN,DEN,MIN,12,18,104,1,0,0,0,0,0,0
00-0009266,Shaun King,QB,2003,7,REG,2003_07_TB_SF,TB,SF,4,7,24,0,0,0,0,2,18,0
00-0009311,Jon Kitna,QB,2003,7,REG,2003_07_BAL_CIN,CIN,BAL,16,27,274,3,0,4,-30,4,7,0
00-0009829,Dorsey Levens,RB,2003,7,REG,2003_07_PHI_NYG,NYG,PHI,0,0,0,0,0,0,0,16,64,0
00-0010240,Stacey Mack,RB,2003,7,REG,2003_07_NYJ_HOU,HOU,NYJ,0,0,0,0,0,0,0,4,13,2
00-0010442,Curtis Martin,RB,2003,7,REG,2003_07_NYJ_HOU,NYJ,HOU,0,0,0,0,0,0,0,17,88,0
00-0010632,Fred McAfee,RB,2003,7,REG,2003_07_NO_ATL,NO,ATL,0,0,0,0,0,0,0,1,13,0
00-0010747,Fred McCrary,RB,2003,7,REG,2003_07_NE_MIA,NE,MIA,0,0,0,0,0,0,0,2,3,0
00-0011022,Donovan McNabb,QB,2003,7,REG,2003_07_PHI_NYG,PHI,NYG,9,23,64,0,1,3,-17,3,-1,0
00-0011024,Steve McNair,QB,2003,7,REG,2003_07_TEN_CAR,TEN,CAR,12,22,190,1,0,3,-26,2,30,1
00-0011727,Johnnie Morton,WR,2003,7,REG,2003_07_KC_OAK,KC,LV,0,0,0,0,0,0,0,1,-9,0
00-0011958,Lorenzo Neal,FB,2003,7,REG,2003_07_SD_CLE,LAC,CLE,0,0,0,0,0,0,0,7,22,0
00-0013013,Michael Pittman,RB,2003,7,REG,2003_07_TB_SF,TB,SF,0,0,0,0,0,0,0,6,29,0
00-0013262,Stanley Pritchett,RB,2003,7,REG,2003_07_CHI_SEA,CHI,SEA,0,0,0,0,0,0,0,4,19,1
00-0013694,Tony Richardson,FB,2003,7,REG,2003_07_KC_OAK,KC,LV,0,0,0,0,0,0,0,1,5,0
00-0015523,Duce Staley,RB,2003,7,REG,2003_07_PHI_NYG,PHI,NYG,0,0,0,0,0,0,0,1,5,0
00-0015601,Aaron Stecker,RB,2003,7,REG,2003_07_TB_SF,TB,SF,0,0,0,0,0,0,0,2,14,0
00-0015830,Mack Strong,FB,2003,7,REG,2003_07_CHI_SEA,SEA,CHI,0,0,0,0,0,0,0,3,11,0
00-0016193,Vinny Testaverde,QB,2003,7,REG,2003_07_NYJ_HOU,NYJ,HOU,15,29,182,1,0,2,-22,3,8,0
00-0016440,James Thrash,WR,2003,7,REG,2003_07_PHI_NYG,PHI,NYG,0,0,0,0,0,0,0,1,-3,0
00-0016838,Alex Van Pelt,QB,2003,7,REG,2003_07_WAS_BUF,BUF,WAS,0,0,0,0,0,0,0,1,-1,0
00-0017486,Tyrone Wheatley,RB,2003,7,REG,2003_07_KC_OAK,LV,KC,0,0,0,0,0,0,0,5,32,0
00-0017611,Alvis Whitted,WR,2003,7,REG,2003_07_KC_OAK,LV,KC,0,0,0,0,0,0,0,1,11,0
00-0017892,Moe Williams,RB,2003,7,REG,2003_07_DEN_MIN,MIN,DEN,0,0,0,0,0,0,0,14,42,0
00-0017915,Ricky Williams,RB,2003,7,REG,2003_07_NE_MIA,MIA,NE,0,0,0,0,0,0,0,27,94,0
00-0018958,Laveranues Coles,WR,2003,7,REG,2003_07_WAS_BUF,WAS,BUF,0,0,0,0,0,0,0,1,-11,0
00-0019041,Billy Volek,QB,2003,7,REG,2003_07_TEN_CAR,TEN,CAR,1,2,50,1,0,0,0,0,0,0
00-0019057,Jamel White,RB,2003,7,REG,2003_07_SD_CLE,CLE,LAC,0,0,0,0,0,0,0,3,9,0
00-0019455,Peter Warrick,WR,2003,7,REG,2003_07_BAL_CIN,CIN,BAL,0,0,0,0,0,0,0,1,3,0
00-0019516,Troy Hambrick,RB,2003,7,REG,2003_07_DAL_DET,DAL,DET,0,0,0,0,0,0,0,24,74,1
00-0019590,Chad Morton,RB,2003,7,REG,2003_07_WAS_BUF,WAS,BUF,0,0,0,0,0,0,0,7,32,0
00-0019594,Mike Anderson,RB,2003,7,REG,2003_07_DEN_MIN,DEN,MIN,0,0,0,0,0,0,0,1,13,0
00-0019596,Tom Brady,QB,2003,7,REG,2003_07_NE_MIA,NE,MIA,24,34,283,2,0,1,-10,3,10,0
00-0019599,Marc Bulger,QB,2003,7,REG,2003_07_GB_STL,LA,GB,22,34,247,3,2,2,-8,4,26,0
00-0019641,Thomas Jones,RB,2003,7,REG,2003_07_TB_SF,TB,SF,0,0,0,0,0,0,0,2,7,0
00-0019647,Shaun Alexander,RB,2003,7,REG,2003_07_CHI_SEA,SEA,CHI,0,0,0,0,0,0,0,21,101,2
00-0019661,Chris Cole,WR,2003,7,REG,2003_07_DEN_MIN,DEN,MIN,0,0,0,0,0,0,0,1,8,0
00-0019693,Jamal Lewis,RB,2003,7,REG,2003_07_BAL_CIN,BAL,CIN,0,0,0,0,0,0,0,19,101,0
00-0019721,Travis Taylor,WR,2003,7,REG,2003_07_BAL_CIN,BAL,CIN,0,0,0,0,0,0,0,1,1,0
00-0019794,Aveion Cason,RB,2003,7,REG,2003_07_DAL_DET,DAL,DET,0,0,0,0,0,0,0,6,0,0
00-0019831,Nick Goings,RB,2003,7,REG,2003_07_TEN_CAR,CAR,TEN,0,0,0,0,0,0,0,1,7,0
00-0020270,Correll Buckhalter,RB,2003,7,REG,2003_07_PHI_NYG,PHI,NYG,0,0,0,0,0,0,0,3,19,0
00-0020308,Mike McMahon,QB,2003,7,REG,2003_07_DAL_DET,DET,DAL,5,20,51,0,1,0,0,3,18,0
00-0020337,Steve Smith,WR,2003,7,REG,2003_07_TEN_CAR,CAR,TEN,0,0,0,0,0,0,0,1,-2,0
00-0020342,Brandon Manumaleuna,TE,2003,7,REG,2003_07_GB_STL,LA,GB,0,0,0,0,0,0,0,1,0,0
00-0020391,Jameel Cook,RB,2003,7,REG,2003_07_TB_SF,TB,SF,0,0,0,0,0,0,0,1,-1,0
00-0020404,Quincy Carter,QB,2003,7,REG,2003_07_DAL_DET,DAL,DET,18,25,190,3,0,1,-1,2,13,0
00-0020405,Marques Tuiasosopo,QB,2003,7,REG,2003_07_KC_OAK,LV,KC,16,28,224,0,1,1,-7,4,20,0
00-0020407,Rudi Johnson,RB,2003,7,REG,2003_07_BAL_CIN,CIN,BAL,0,0,0,0,0,0,0,3,5,0
00-0020430,James Jackson,RB,2003,7,REG,2003_07_SD_CLE,CLE,LAC,0,0,0,0,0,0,0,5,27,0
00-0020462,LaMont Jordan,RB,2003,7,REG,2003_07_NYJ_HOU,NYJ,HOU,0,0,0,0,0,0,0,7,40,1
00-0020471,Travis Henry,RB,2003,7,REG,2003_07_WAS_BUF,BUF,WAS,0,0,0,0,0,0,0,31,167,2
00-0020474,Kevan Barlow,RB,2003,7,REG,2003_07_TB_SF,SF,TB,0,0,0,0,0,0,0,15,75,0
00-0020527,Deuce McAllister,RB,2003,7,REG,2003_07_NO_ATL,NO,ATL,0,0,0,0,0,0,0,21,116,2
00-0020531,Drew Brees,QB,2003,7,REG,2003_07_SD_CLE,LAC,CLE,9,18,74,0,1,1,-13,1,0,0
00-0020536,LaDainian Tomlinson,RB,2003,7,REG,2003_07_SD_CLE,LAC,CLE,0,0,0,0,0,0,0,26,200,1
00-0020562,Chad Hutchinson,QB,2003,7,REG,2003_07_DAL_DET,DAL,DET,1,2,8,0,0,0,0,2,-3,0
00-0020564,Delvin Joyce,RB,2003,7,REG,2003_07_PHI_NYG,NYG,PHI,0,0,0,0,0,0,0,2,9,0
00-0020608,David Carr,QB,2003,7,REG,2003_07_NYJ_HOU,HOU,NYJ,15,23,170,0,0,2,-14,3,16,0
00-0020849,Charles Stackhouse,RB,2003,7,REG,2003_07_DEN_MIN,MIN,DEN,0,0,0,0,0,0,0,1,0,0
00-0020917,Joe Burns,RB,2003,7,REG,2003_07_WAS_BUF,BUF,WAS,0,0,0,0,0,0,0,3,6,0
00-0021141,Joey Harrington,QB,2003,7,REG,2003_07_DAL_DET,DET,DAL,5,13,30,0,2,1,-7,0,0,0
00-0021150,William Green,RB,2003,7,REG,2003_07_SD_CLE,CLE,LAC,0,0,0,0,0,0,0,14,65,0
00-0021164,DeShaun Foster,RB,2003,7,REG,2003_07_TEN_CAR,CAR,TEN,0,0,0,0,0,0,0,2,10,0
00-0021179,Clinton Portis,RB,2003,7,REG,2003_07_DEN_MIN,DEN,MIN,0,0,0,0,0,0,0,25,117,1
00-0021184,Ladell Betts,RB,2003,7,REG,2003_07_WAS_BUF,WAS,BUF,0,0,0,0,0,0,0,8,11,0
00-0021191,Antonio Bryant,WR,2003,7,REG,2003_07_DAL_DET,DAL,DET,0,0,0,0,0,0,0,1,-2,0
00-0021209,Lamar Gordon,RB,2003,7,REG,2003_07_GB_STL,LA,GB,0,0,0,0,0,0,0,4,20,0
00-0021216,Brian Westbrook,RB,2003,7,REG,2003_07_PHI_NYG,PHI,NYG,0,0,0,0,0,0,0,15,67,1
00-0021252,Najeh Davenport,RB,2003,7,REG,2003_07_GB_STL,GB,LA,0,0,0,0,0,0,0,5,74,1
00-0021271,Kurt Kittner,QB,2003,7,REG,2003_07_NO_ATL,ATL,NO,9,29,115,1,1,1,-7,1,2,0
00-0021306,Adrian Peterson,RB,2003,7,REG,2003_07_CHI_SEA,CHI,SEA,0,0,0,0,0,0,0,16,55,0
00-0021314,Chester Taylor,RB,2003,7,REG,2003_07_BAL_CIN,BAL,CIN,0,0,0,0,0,0,0,5,10,1
00-0021357,Rock Cartwright,RB,2003,7,REG,2003_07_WAS_BUF,WAS,BUF,0,0,0,0,0,0,0,4,18,0
00-0021376,T.J. Duckett,RB,2003,7,REG,2003_07_NO_ATL,ATL,NO,0,0,0,0,0,0,0,14,42,0
00-0021379,Patrick Ramsey,QB,2003,7,REG,2003_07_WAS_BUF,WAS,BUF,9,26,115,1,0,1,0,1,0,0
00-0021387,Jamar Martin,RB,2003,7,REG,2003_07_DAL_DET,DAL,DET,0,0,0,0,0,0,0,1,0,0
00-0021425,Antonio Brown,WR,2003,7,REG,2003_07_WAS_BUF,BUF,WAS,0,0,0,0,0,0,0,1,17,0
00-0021750,Arlen Harris,RB,2003,7,REG,2003_07_GB_STL,LA,GB,0,0,0,0,0,0,0,18,85,1
00-0021938,Brock Forsey,RB,2003,7,REG,2003_07_CHI_SEA,CHI,SEA,0,0,0,0,0,0,0,1,5,0
00-0021955,Dan Klecko,FB,2003,7,REG,2003_07_NE_MIA,NE,MIA,0,0,0,0,0,0,0,1,0,0
00-0021979,Domanick Williams,RB,2003,7,REG,2003_07_NYJ_HOU,HOU,NYJ,0,0,0,0,0,0,0,27,129,0
00-0022011,Justin Griffith,RB,2003,7,REG,2003_07_NO_ATL,ATL,NO,0,0,0,0,0,0,0,1,4,0
00-0022044,Andre Johnson,WR,2003,7,REG,2003_07_NYJ_HOU,HOU,NYJ,0,0,0,0,0,0,0,1,10,0
00-0022093,Justin Fargas,RB,2003,7,REG,2003_07_KC_OAK,LV,KC,0,0,0,0,0,0,0,3,3,0
00-0022116,Tony Hollings,RB,2003,7,REG,2003_07_NYJ_HOU,HOU,NYJ,0,0,0,0,0,0,0,1,1,0
00-0022138,Onterrio Smith,RB,2003,7,REG,2003_07_DEN_MIN,MIN,DEN,0,0,0,0,0,0,0,5,29,1
00-0022164,Kyle Boller,QB,2003,7,REG,2003_07_BAL_CIN,BAL,CIN,15,27,302,2,1,3,-21,4,-2,0
00-0000007,Rabih Abdullah,RB,2003,8,REG,2003_08_DET_CHI,CHI,DET,0,0,0,0,0,0,0,1,6,0
00-0000339,Richie Anderson,FB,2003,8,REG,2003_08_DAL_TB,DAL,TB,0,0,0,0,0,0,0,6,17,0
00-0000722,Tony Banks,QB,2003,8,REG,2003_08_HOU_IND,HOU,IND,12,17,88,0,1,1,-10,1,7,0
00-0000745,Tiki Barber,RB,2003,8,REG,2003_08_NYG_MIN,NYG,MIN,0,0,0,0,0,0,0,20,75,1
00-0001098,Brandon Bennett,RB,2003,8,REG,2003_08_SEA_CIN,CIN,SEA,0,0,0,0,0,0,0,1,-1,0
00-0001215,Jerome Bettis,RB,2003,8,REG,2003_08_STL_PIT,PIT,LA,0,0,0,0,0,0,0,12,42,0
00-0001335,Jeff Blake,QB,2003,8,REG,2003_08_SF_ARI,ARI,SF,14,24,97,0,0,1,-4,4,29,1
00-0001361,Drew Bledsoe,QB,2003,8,REG,2003_08_BUF_KC,BUF,KC,23,34,153,0,3,3,-32,1,0,0
00-0001611,Brant Boyer,OLB,2003,8,REG,2003_08_CLE_NE,CLE,NE,0,0,0,0,0,0,0,1,7,0
00-0001823,Aaron Brooks,QB,2003,8,REG,2003_08_CAR_NO,NO,CAR,20,33,187,2,1,3,-11,2,3,0
00-0002068,Troy Brown,WR,2003,8,REG,2003_08_CLE_NE,NE,CLE,0,0,0,0,0,0,0,1,3,0
00-0002159,Shawn Bryson,RB,2003,8,REG,2003_08_DET_CHI,DET,CHI,0,0,0,0,0,0,0,14,67,0
00-0002743,Ki-Jana Carter,RB,2003,8,REG,2003_08_CAR_NO,NO,CAR,0,0,0,0,0,0,0,1,0,0
00-0002876,Chris Chandler,QB,2003,8,REG,2003_08_DET_CHI,CHI,DET,20,31,207,1,0,2,-14,4,10,0
00-0003292,Kerry Collins,QB,2003,8,REG,2003_08_NYG_MIN,NYG,MIN,23,39,375,2,1,1,-8,3,1,0
00-0003315,Todd Collins,QB,2003,8,REG,2003_08_BUF_KC,KC,BUF,1,2,2,0,0,0,0,0,0,0
00-0003535,Tim Couch,QB,2003,8,REG,2003_08_CLE_NE,CLE,NE,7,11,40,0,0,1,-13,0,0,0
00-0003739,Daunte Culpepper,QB,2003,8,REG,2003_08_NYG_MIN,MIN,NYG,18,31,241,2,2,4,-19,5,48,0
00-0004052,Stephen Davis,RB,2003,8,REG,2003_08_CAR_NO,CAR,NO,0,0,0,0,0,0,0,31,178,2
00-0004161,Jake Delhomme,QB,2003,8,REG,2003_08_CAR_NO,CAR,NO,12,27,148,0,0,1,-3,3,6,0
00-0004673,Tim Dwight,WR,2003,8,REG,2003_08_MIA_SD,LAC,MIA,0,0,0,0,0,0,0,2,14,0
00-0004780,Troy Edwards,WR,2003,8,REG,2003_08_TEN_JAX,JAX,TEN,0,0,0,0,0,0,0,1,0,0
00-0005091,Kevin Faulk,RB,2003,8,REG,2003_08_CLE_NE,NE,CLE,0,0,0,0,0,0,0,23,96,0
00-0005620,Chris Fuamatu-Ma'afala,RB,2003,8,REG,2003_08_TEN_JAX,JAX,TEN,0,0,0,0,0,0,0,1,6,0
00-0005755,Jeff Garcia,QB,2003,8,REG,2003_08_SF_ARI,SF,ARI,13,24,153,0,0,2,-6,4,44,1
00-0005816,Olandis Gary,RB,2003,8,REG,2003_08_DET_CHI,DET,CHI,0,0,0,0,0,0,0,8,18,0
00-0005883,Eddie George,RB,2003,8,REG,2003_08_TEN_JAX,TEN,JAX,0,0,0,0,0,0,0,27,88,2
00-0006043,Terry Glenn,WR,2003,8,REG,2003_08_DAL_TB,DAL,TB,0,0,0,0,0,0,0,1,4,0
00-0006355,Trent Green,QB,2003,8,REG,2003_08_BUF_KC,KC,BUF,20,35,273,2,0,0,0,2,7,0
00-0006423,Brian Griese,QB,2003,8,REG,2003_08_MIA_SD,MIA,LAC,20,29,192,3,0,1,-9,2,-2,0
00-0007091,Matt Hasselbeck,QB,2003,8,REG,2003_08_SEA_CIN,SEA,CIN,26,43,347,3,3,2,-6,1,11,0
00-0007180,Garrison Hearst,RB,2003,8,REG,2003_08_SF_ARI,SF,ARI,0,0,0,0,0,0,0,14,43,0
00-0007576,Kelly Holcomb,QB,2003,8,REG,2003_08_CLE_NE,CLE,NE,15,25,115,0,1,3,-23,0,0,0
00-0007579,Robert Holcombe,FB,2003,8,REG,2003_08_TEN_JAX,TEN,JAX,0,0,0,0,0,0,0,11,45,0
00-0007661,Priest Holmes,RB,2003,8,REG,2003_08_BUF_KC,KC,BUF,0,0,0,0,0,0,0,15,83,3
00-0007744,Joe Horn,WR,2003,8,REG,2003_08_CAR_NO,NO,CAR,1,1,14,0,0,0,0,0,0,0
00-0008241,Edgerrin James,RB,2003,8,REG,2003_08_HOU_IND,IND,HOU,0,0,0,0,0,0,0,23,104,0
00-0008442,Brad Johnson,QB,2003,8,REG,2003_08_DAL_TB,TB,DAL,13,26,151,1,0,2,-18,0,0,0
00-0009007,Danny Kanell,QB,2003,8,REG,2003_08_DEN_BAL,DEN,BAL,16,31,114,0,2,2,-24,2,9,0
00-0009311,Jon Kitna,QB,2003,8,REG,2003_08_SEA_CIN,CIN,SEA,19,31,240,2,0,2,-8,3,27,0
00-0009829,Dorsey Levens,RB,2003,8,REG,2003_08_NYG_MIN,NYG,MIN,0,0,0,0,0,0,0,5,7,0
00-0010240,Stacey Mack,RB,2003,8,REG,2003_08_HOU_IND,HOU,IND,0,0,0,0,0,0,0,1,3,0
00-0010261,Tommy Maddox,QB,2003,8,REG,2003_08_STL_PIT,PIT,LA,12,28,159,2,3,2,-8,1,4,0
00-0010346,Peyton Manning,QB,2003,8,REG,2003_08_HOU_IND,IND,HOU,22,30,269,3,0,0,0,2,4,0
00-0010442,Curtis Martin,RB,2003,8,REG,2003_08_NYJ_PHI,NYJ,PHI,0,0,0,0,0,0,0,20,110,0
00-0011022,Donovan McNabb,QB,2003,8,REG,2003_08_NYJ_PHI,PHI,NYJ,17,23,141,1,1,5,-29,2,18,0
00-0011024,Steve McNair,QB,2003,8,REG,2003_08_TEN_JAX,TEN,JAX,21,27,187,1,1,0,0,0,0,0
00-0011727,Johnnie Morton,WR,2003,8,REG,2003_08_BUF_KC,KC,BUF,0,0,0,0,0,0,0,1,-1,0
00-0011754,Randy Moss,WR,2003,8,REG,2003_08_NYG_MIN,MIN,NYG,0,0,0,0,0,0,0,1,-12,0
00-0011958,Lorenzo Neal,FB,2003,8,REG,2003_08_MIA_SD,LAC,MIA,0,0,0,0,0,0,0,3,5,0
00-0013013,Michael Pittman,RB,2003,8,REG,2003_08_DAL_TB,TB,DAL,0,0,0,0,0,0,0,30,113,0
00-0013262,Stanley Pritchett,RB,2003,8,REG,2003_08_DET_CHI,CHI,DET,0,0,0,0,0,0,0,2,-4,0
00-0013694,Tony Richardson,FB,2003,8,REG,2003_08_BUF_KC,KC,BUF,0,0,0,0,0,0,0,6,11,0
00-0014450,Cory Schlesinger,FB,2003,8,REG,2003_08_DET_CHI,DET,CHI,0,0,0,0,0,0,0,1,1,0
00-0015091,Antowain Smith,RB,2003,8,REG,2003_08_CLE_NE,NE,CLE,0,0,0,0,0,0,0,3,9,0
00-0015290,Rod Smith,WR,2003,8,REG,2003_08_DEN_BAL,DEN,BAL,0,0,0,0,0,0,0,2,9,0
00-0015523,Duce Staley,RB,2003,8,REG,2003_08_NYJ_PHI,PHI,NYJ,0,0,0,0,0,0,0,9,47,0
00-0015550,Chad Stanley,P,2003,8,REG,2003_08_HOU_IND,HOU,IND,0,0,0,0,0,0,0,1,12,0
00-0015601,Aaron Stecker,RB,2003,8,REG,2003_08_DAL_TB,TB,DAL,0,0,0,0,0,0,0,5,15,0
00-0016098,Fred Taylor,RB,2003,8,REG,2003_08_TEN_JAX,JAX,TEN,0,0,0,0,0,0,0,9,48,0
00-0016193,Vinny Testaverde,QB,2003,8,REG,2003_08_NYJ_PHI,NYJ,PHI,7,11,112,1,0,0,0,0,0,0
00-0016440,James Thrash,WR,2003,8,REG,2003_08_NYJ_PHI,PHI,NYJ,0,0,0,0,0,0,0,1,4,0
00-0016689,Matt Turk,P,2003,8,REG,2003_08_MIA_SD,MIA,LAC,0,0,0,0,0,0,0,1,7,0
00-0016838,Alex Van Pelt,QB,2003,8,REG,2003_08_BUF_KC,BUF,KC,2,4,12,0,2,0,0,0,0,0
00-0017162,Hines Ward,WR,2003,8,REG,2003_08_STL_PIT,PIT,LA,0,0,0,0,0,0,0,1,3,0
00-0017892,Moe Williams,RB,2003,8,REG,2003_08_NYG_MIN,MIN,NYG,0,0,0,0,0,0,0,11,69,0
00-0017915,Ricky Williams,RB,2003,8,REG,2003_08_MIA_SD,MIA,LAC,0,0,0,0,0,0,0,23,69,0
00-0018501,Amos Zereoue,RB,2003,8,REG,2003_08_STL_PIT,PIT,LA,0,0,0,0,0,0,0,2,6,0
00-0019057,Jamel White,RB,2003,8,REG,2003_08_CLE_NE,CLE,NE,0,0,0,0,0,0,0,2,4,0
00-0019100,Brad Hoover,FB,2003,8,REG,2003_08_CAR_NO,CAR,NO,0,0,0,0,0,0,0,1,4,0
00-0019302,Bryan Gilmore,WR,2003,8,REG,2003_08_SF_ARI,ARI,SF,0,0,0,0,0,0,0,1,0,0
00-0019455,Peter Warrick,WR,2003,8,REG,2003_08_SEA_CIN,CIN,SEA,0,0,0,0,0,0,0,1,50,0
00-0019484,Sammy Morris,RB,2003,8,REG,2003_08_BUF_KC,BUF,KC,0,0,0,0,0,0,0,3,9,0
00-0019516,Troy Hambrick,RB,2003,8,REG,2003_08_DAL_TB,DAL,TB,0,0,0,0,0,0,0,11,25,0
00-0019559,Chad Pennington,QB,2003,8,REG,2003_08_NYJ_PHI,NYJ,PHI,14,24,154,0,1,2,-14,0,0,0
00-0019594,Mike Anderson,RB,2003,8,REG,2003_08_DEN_BAL,DEN,BAL,0,0,0,0,0,0,0,1,0,0
00-0019596,Tom Brady,QB,2003,8,REG,2003_08_CLE_NE,NE,CLE,20,33,259,0,0,1,-6,2,-2,0
00-0019599,Marc Bulger,QB,2003,8,REG,2003_08_STL_PIT,LA,PIT,22,37,375,1,0,2,-16,3,8,0
00-0019623,Tim Rattay,QB,2003,8,REG,2003_08_SF_ARI,SF,ARI,2,4,2,0,0,0,0,0,0,0
00-0019647,Shaun Alexander,RB,2003,8,REG,2003_08_SEA_CIN,SEA,CIN,0,0,0,0,0,0,0,20,86,0
00-0019693,Jamal Lewis,RB,2003,8,REG,2003_08_DEN_BAL,BAL,DEN,0,0,0,0,0,0,0,32,134,1
00-0019794,Aveion Cason,RB,2003,8,REG,2003_08_DAL_TB,DAL,TB,0,0,0,0,0,0,0,2,-1,0
00-0019863,Dominic Rhodes,RB,2003,8,REG,2003_08_HOU_IND,IND,HOU,0,0,0,0,0,0,0,2,14,0
00-0020022,Marcel Shipp,RB,2003,8,REG,2003_08_SF_ARI,ARI,SF,0,0,0,0,0,0,0,35,165,0
00-0020270,Correll Buckhalter,RB,2003,8,REG,2003_08_NYJ_PHI,PHI,NYJ,0,0,0,0,0,0,0,15,100,2
00-0020337,Steve Smith,WR,2003,8,REG,2003_08_CAR_NO,CAR,NO,0,0,0,0,0,0,0,1,10,0
00-0020404,Quincy Carter,QB,2003,8,REG,2003_08_DAL_TB,DAL,TB,15,25,140,0,2,4,-22,2,15,0
00-0020407,Rudi Johnson,RB,2003,8,REG,2003_08_SEA_CIN,CIN,SEA,0,0,0,0,0,0,0,27,101,1
00-0020427,Quincy Morgan,WR,2003,8,REG,2003_08_CLE_NE,CLE,NE,0,0,0,0,0,0,0,1,2,0
00-0020430,James Jackson,RB,2003,8,REG,2003_08_CLE_NE,CLE,NE,0,0,0,0,0,0,0,15,71,0
00-0020446,Chris Chambers,WR,2003,8,REG,2003_08_MIA_SD,MIA,LAC,0,0,0,0,0,0,0,1,7,0
00-0020462,LaMont Jordan,RB,2003,8,REG,2003_08_NYJ_PHI,NYJ,PHI,0,0,0,0,0,0,0,3,6,1
00-0020471,Travis Henry,RB,2003,8,REG,2003_08_BUF_KC,BUF,KC,0,0,0,0,0,0,0,22,124,0
00-0020474,Kevan Barlow,RB,2003,8,REG,2003_08_SF_ARI,SF,ARI,0,0,0,0,0,0,0,9,19,0
00-0020494,Santana Moss,WR,2003,8,REG,2003_08_NYJ_PHI,NYJ,PHI,0,0,0,0,0,0,0,1,9,0
00-0020527,Deuce McAllister,RB,2003,8,REG,2003_08_CAR_NO,NO,CAR,0,0,0,0,0,0,0,26,101,0
00-0020531,Drew Brees,QB,2003,8,REG,2003_08_MIA_SD,LAC,MIA,19,30,190,0,3,6,-44,2,23,0
00-0020536,LaDainian Tomlinson,RB,2003,8,REG,2003_08_MIA_SD,LAC,MIA,0,0,0,0,0,0,0,24,62,1
00-0020608,David Carr,QB,2003,8,REG,2003_08_HOU_IND,HOU,IND,8,9,62,1,0,1,-1,0,0,0
00-0021048,Damien Anderson,RB,2003,8,REG,2003_08_SF_ARI,ARI,SF,0,0,0,0,0,0,0,4,27,0
00-0021141,Joey Harrington,QB,2003,8,REG,2003_08_DET_CHI,DET,CHI,23,40,180,1,2,1,-6,0,0,0
00-0021164,DeShaun Foster,RB,2003,8,REG,2003_08_CAR_NO,CAR,NO,0,0,0,0,0,0,0,3,25,0
00-0021179,Clinton Portis,RB,2003,8,REG,2003_08_DEN_BAL,DEN,BAL,0,0,0,0,0,0,0,22,86,0
00-0021182,Maurice Morris,RB,2003,8,REG,2003_08_SEA_CIN,SEA,CIN,0,0,0,0,0,0,0,3,24,0
00-0021190,Antwaan Randle El,WR,2003,8,REG,2003_08_STL_PIT,PIT,LA,0,0,0,0,0,0,0,2,39,0
00-0021216,Brian Westbrook,RB,2003,8,REG,2003_08_NYJ_PHI,PHI,NYJ,0,0,0,0,0,0,0,5,25,0
00-0021231,David Garrard,QB,2003,8,REG,2003_08_TEN_JAX,JAX,TEN,9,12,86,1,0,0,0,0,0,0
00-0021314,Chester Taylor,RB,2003,8,REG,2003_08_DEN_BAL,BAL,DEN,0,0,0,0,0,0,0,2,6,0
00-0021750,Arlen Harris,RB,2003,8,REG,2003_08_STL_PIT,LA,PIT,0,0,0,0,0,0,0,34,81,3
00-0021938,Brock Forsey,RB,2003,8,REG,2003_08_DET_CHI,CHI,DET,0,0,0,0,0,0,0,19,56,1
00-0021979,Domanick Williams,RB,2003,8,REG,2003_08_HOU_IND,HOU,IND,0,0,0,0,0,0,0,25,109,2
00-0021993,Bethel Johnson,WR,2003,8,REG,2003_08_CLE_NE,NE,CLE,0,0,0,0,0,0,0,1,-12,0
00-0022084,Anquan Boldin,WR,2003,8,REG,2003_08_SF_ARI,ARI,SF,0,1,0,0,1,0,0,0,0,0
00-0022138,Onterrio Smith,RB,2003,8,REG,2003_08_NYG_MIN,MIN,NYG,0,0,0,0,0,0,0,11,32,0
00-0022141,Jeremi Johnson,FB,2003,8,REG,2003_08_SEA_CIN,CIN,SEA,0,0,0,0,0,0,0,1,3,0
00-0022164,Kyle Boller,QB,2003,8,REG,2003_08_DEN_BAL,BAL,DEN,15,27,137,1,0,2,-11,3,11,0
00-0022177,Byron Leftwich,QB,2003,8,REG,2003_08_TEN_JAX,JAX,TEN,15,28,158,1,3,1,-1,0,0,0
00-0000007,Rabih Abdullah,RB,2003,9,REG,2003_09_SD_CHI,CHI,LAC,0,0,0,0,0,0,0,1,3,0
00-0000722,Tony Banks,QB,2003,9,REG,2003_09_CAR_HOU,HOU,CAR,13,19,154,1,0,2,-5,2,12,0
00-0000745,Tiki Barber,RB,2003,9,REG,2003_09_NYG_NYJ,NYG,NYJ,0,0,0,0,0,0,0,21,77,0
00-0000942,Fred Beasley,FB,2003,9,REG,2003_09_STL_SF,SF,LA,0,0,0,0,0,0,0,1,5,0
00-0001157,Mitch Berger,P,2003,9,REG,2003_09_NO_TB,NO,TB,0,1,0,0,0,0,0,0,0,0
00-0001215,Jerome Bettis,RB,2003,9,REG,2003_09_PIT_SEA,PIT,SEA,0,0,0,0,0,0,0,17,50,0
00-0001335,Jeff Blake,QB,2003,9,REG,2003_09_CIN_ARI,ARI,CIN,18,28,166,2,0,2,-23,2,11,0
00-0001823,Aaron Brooks,QB,2003,9,REG,2003_09_NO_TB,NO,TB,13,29,142,1,1,1,-9,1,15,0
00-0002068,Troy Brown,WR,2003,9,REG,2003_09_NE_DEN,NE,DEN,0,0,0,0,0,0,0,1,-5,0
00-0002159,Shawn Bryson,RB,2003,9,REG,2003_09_OAK_DET,DET,LV,0,0,0,0,0,0,0,12,53,0
00-0002743,Ki-Jana Carter,RB,2003,9,REG,2003_09_NO_TB,NO,TB,0,0,0,0,0,0,0,1,-1,0
00-0002876,Chris Chandler,QB,2003,9,REG,2003_09_SD_CHI,CHI,LAC,21,30,224,0,1,2,-8,1,11,0
00-0003292,Kerry Collins,QB,2003,9,REG,2003_09_NYG_NYJ,NYG,NYJ,24,40,303,2,0,1,-5,1,-1,0
00-0003663,Zack Crockett,RB,2003,9,REG,2003_09_OAK_DET,LV,DET,0,0,0,0,0,0,0,2,3,0
00-0003739,Daunte Culpepper,QB,2003,9,REG,2003_09_GB_MIN,MIN,GB,21,34,202,2,0,2,-4,4,16,1
00-0004052,Stephen Davis,RB,2003,9,REG,2003_09_CAR_HOU,CAR,HOU,0,0,0,0,0,0,0,30,153,0
00-0004161,Jake Delhomme,QB,2003,9,REG,2003_09_CAR_HOU,CAR,HOU,13,23,193,1,1,0,0,1,2,0
00-0004304,Corey Dillon,RB,2003,9,REG,2003_09_CIN_ARI,CIN,ARI,0,0,0,0,0,0,0,7,5,0
00-0004541,Donald Driver,WR,2003,9,REG,2003_09_GB_MIN,GB,MIN,0,0,0,0,0,0,0,1,45,0
00-0004640,Warrick Dunn,RB,2003,9,REG,2003_09_PHI_ATL,ATL,PHI,0,0,0,0,0,0,0,10,68,0
00-0004780,Troy Edwards,WR,2003,9,REG,2003_09_JAX_BAL,JAX,BAL,0,0,0,0,0,0,0,1,4,0
00-0005091,Kevin Faulk,RB,2003,9,REG,2003_09_NE_DEN,NE,DEN,0,0,0,0,0,0,0,5,20,0
00-0005106,Brett Favre,QB,2003,9,REG,2003_09_GB_MIN,GB,MIN,18,28,194,3,1,1,-4,2,-2,0
00-0005363,Doug Flutie,QB,2003,9,REG,2003_09_SD_CHI,LAC,CHI,8,11,70,0,0,0,0,2,19,0
00-0005620,Chris Fuamatu-Ma'afala,RB,2003,9,REG,2003_09_JAX_BAL,JAX,BAL,0,0,0,0,0,0,0,4,24,0
00-0005779,Charlie Garner,RB,2003,9,REG,2003_09_OAK_DET,LV,DET,0,0,0,0,0,0,0,15,66,1
00-0005816,Olandis Gary,RB,2003,9,REG,2003_09_OAK_DET,DET,LV,0,0,0,0,0,0,0,15,46,1
00-0006043,Terry Glenn,WR,2003,9,REG,2003_09_WAS_DAL,DAL,WAS,0,0,0,0,0,0,0,1,47,0
00-0006305,Ahman Green,RB,2003,9,REG,2003_09_GB_MIN,GB,MIN,0,0,0,0,0,0,0,21,137,0
00-0006423,Brian Griese,QB,2003,9,REG,2003_09_IND_MIA,MIA,IND,18,29,231,1,0,5,-39,0,0,0
00-0007091,Matt Hasselbeck,QB,2003,9,REG,2003_09_PIT_SEA,SEA,PIT,18,31,215,1,0,5,-24,2,3,0
00-0007180,Garrison Hearst,RB,2003,9,REG,2003_09_STL_SF,SF,LA,0,0,0,0,0,0,0,17,80,0
00-0008241,Edgerrin James,RB,2003,9,REG,2003_09_IND_MIA,IND,MIA,0,0,0,0,0,0,0,26,89,1
00-0008313,Shawn Jefferson,WR,2003,9,REG,2003_09_OAK_DET,DET,LV,0,0,0,0,0,0,0,1,3,0
00-0008442,Brad Johnson,QB,2003,9,REG,2003_09_NO_TB,TB,NO,27,46,333,2,2,4,-27,1,9,0
00-0009007,Danny Kanell,QB,2003,9,REG,2003_09_NE_DEN,DEN,NE,16,35,163,1,1,0,0,0,0,0
00-0009311,Jon Kitna,QB,2003,9,REG,2003_09_CIN_ARI,CIN,ARI,21,38,218,1,2,1,-2,2,1,0
00-0009323,Jimmy Kleinsasser,TE,2003,9,REG,2003_09_GB_MIN,MIN,GB,0,0,0,0,0,0,0,1,3,0
00-0009829,Dorsey Levens,RB,2003,9,REG,2003_09_NYG_NYJ,NYG,NYJ,0,0,0,0,0,0,0,11,39,1
00-0010240,Stacey Mack,RB,2003,9,REG,2003_09_CAR_HOU,HOU,CAR,0,0,0,0,0,0,0,15,26,1
00-0010261,Tommy Maddox,QB,2003,9,REG,2003_09_PIT_SEA,PIT,SEA,21,35,226,1,0,2,-11,2,5,0
00-0010346,Peyton Manning,QB,2003,9,REG,2003_09_IND_MIA,IND,MIA,23,37,266,1,1,4,-25,3,-2,0
00-0010442,Curtis Martin,RB,2003,9,REG,2003_09_NYG_NYJ,NYJ,NYG,0,0,0,0,0,0,0,28,108,0
00-0011022,Donovan McNabb,QB,2003,9,REG,2003_09_PHI_ATL,PHI,ATL,21,33,312,1,0,2,-10,2,22,0
00-0011378,Rick Mirer,QB,2003,9,REG,2003_09_OAK_DET,LV,DET,15,28,125,0,2,2,-12,0,0,0
00-0011869,Adrian Murrell,RB,2003,9,REG,2003_09_WAS_DAL,DAL,WAS,0,0,0,0,0,0,0,9,20,0
00-0013013,Michael Pittman,RB,2003,9,REG,2003_09_NO_TB,TB,NO,0,0,0,0,0,0,0,16,48,0
00-0014450,Cory Schlesinger,FB,2003,9,REG,2003_09_OAK_DET,DET,LV,0,0,0,0,0,0,0,1,3,0
00-0015091,Antowain Smith,RB,2003,9,REG,2003_09_NE_DEN,NE,DEN,0,0,0,0,0,0,0,17,55,0
00-0015523,Duce Staley,RB,2003,9,REG,2003_09_PHI_ATL,PHI,ATL,0,0,0,0,0,0,0,3,14,1
00-0015601,Aaron Stecker,RB,2003,9,REG,2003_09_NO_TB,TB,NO,0,0,0,0,0,0,0,1,-1,0
00-0016098,Fred Taylor,RB,2003,9,REG,2003_09_JAX_BAL,JAX,BAL,0,0,0,0,0,0,0,22,78,0
00-0017127,Ken Walter,P,2003,9,REG,2003_09_NE_DEN,NE,DEN,0,0,0,0,0,0,0,1,0,0
00-0017162,Hines Ward,WR,2003,9,REG,2003_09_PIT_SEA,PIT,SEA,0,0,0,0,0,0,0,3,14,0
00-0017486,Tyrone Wheatley,RB,2003,9,REG,2003_09_OAK_DET,LV,DET,0,0,0,0,0,0,0,4,11,0
00-0017611,Alvis Whitted,WR,2003,9,REG,2003_09_OAK_DET,LV,DET,0,0,0,0,0,0,0,1,1,0
00-0017892,Moe Williams,RB,2003,9,REG,2003_09_GB_MIN,MIN,GB,0,0,0,0,0,0,0,12,63,0
00-0017915,Ricky Williams,RB,2003,9,REG,2003_09_IND_MIA,MIA,IND,0,0,0,0,0,0,0,13,36,1
00-0018501,Amos Zereoue,RB,2003,9,REG,2003_09_PIT_SEA,PIT,SEA,0,0,0,0,0,0,0,7,32,0
00-0019087,Doug Johnson,QB,2003,9,REG,2003_09_PHI_ATL,ATL,PHI,5,10,86,0,0,1,-5,0,0,0
00-0019135,Dan Kreider,FB,2003,9,REG,2003_09_PIT_SEA,PIT,SEA,0,0,0,0,0,0,0,1,4,0
00-0019455,Peter Warrick,WR,2003,9,REG,2003_09_CIN_ARI,CIN,ARI,0,0,0,0,0,0,0,2,7,0
00-0019516,Troy Hambrick,RB,2003,9,REG,2003_09_WAS_DAL,DAL,WAS,0,0,0,0,0,0,0,21,100,2
00-0019552,Troy Walters,WR,2003,9,REG,2003_09_IND_MIA,IND,MIA,0,0,0,0,0,0,0,1,6,0
00-0019559,Chad Pennington,QB,2003,9,REG,2003_09_NYG_NYJ,NYJ,NYG,27,45,281,4,2,3,-21,2,1,0
00-0019590,Chad Morton,RB,2003,9,REG,2003_09_WAS_DAL,WAS,DAL,0,0,0,0,0,0,0,6,37,0
00-0019596,Tom Brady,QB,2003,9,REG,2003_09_NE_DEN,NE,DEN,20,35,350,3,1,0,0,2,-1,0
00-0019599,Marc Bulger,QB,2003,9,REG,2003_09_STL_SF,LA,SF,26,42,378,1,2,5,-47,0,0,0
00-0019623,Tim Rattay,QB,2003,9,REG,2003_09_STL_SF,SF,LA,19,29,236,3,1,1,-12,3,4,0
00-0019647,Shaun Alexander,RB,2003,9,REG,2003_09_PIT_SEA,SEA,PIT,0,0,0,0,0,0,0,20,48,1
00-0019693,Jamal Lewis,RB,2003,9,REG,2003_09_JAX_BAL,BAL,JAX,0,0,0,0,0,0,0,21,68,0
00-0019721,Travis Taylor,WR,2003,9,REG,2003_09_JAX_BAL,BAL,JAX,0,0,0,0,0,0,0,1,-2,0
00-0019794,Aveion Cason,RB,2003,9,REG,2003_09_WAS_DAL,DAL,WAS,0,0,0,0,0,0,0,3,18,0
00-0019816,Tim Hasselbeck,QB,2003,9,REG,2003_09_WAS_DAL,WAS,DAL,2,3,20,0,0,0,0,1,-1,0
00-0019863,Dominic Rhodes,RB,2003,9,REG,2003_09_IND_MIA,IND,MIA,0,0,0,0,0,0,0,5,22,0
00-0020022,Marcel Shipp,RB,2003,9,REG,2003_09_CIN_ARI,ARI,CIN,0,0,0,0,0,0,0,29,141,0
00-0020270,Correll Buckhalter,RB,2003,9,REG,2003_09_PHI_ATL,PHI,ATL,0,0,0,0,0,0,0,23,92,0
00-0020337,Steve Smith,WR,2003,9,REG,2003_09_CAR_HOU,CAR,HOU,0,0,0,0,0,0,0,1,6,0
00-0020403,Anthony Thomas,RB,2003,9,REG,2003_09_SD_CHI,CHI,LAC,0,0,0,0,0,0,0,31,111,2
00-0020404,Quincy Carter,QB,2003,9,REG,2003_09_WAS_DAL,DAL,WAS,17,33,196,1,2,1,-4,5,20,0
00-0020405,Marques Tuiasosopo,QB,2003,9,REG,2003_09_OAK_DET,LV,DET,6,11,65,0,1,1,-7,1,1,0
00-0020407,Rudi Johnson,RB,2003,9,REG,2003_09_CIN_ARI,CIN,ARI,0,0,0,0,0,0,0,8,34,1
00-0020448,Travis Minor,RB,2003,9,REG,2003_09_IND_MIA,MIA,IND,0,0,0,0,0,0,0,1,11,0
00-0020462,LaMont Jordan,RB,2003,9,REG,2003_09_NYG_NYJ,NYJ,NYG,0,0,0,0,0,0,0,6,12,0
00-0020474,Kevan Barlow,RB,2003,9,REG,2003_09_STL_SF,SF,LA,0,0,0,0,0,0,0,14,76,0
00-0020494,Santana Moss,WR,2003,9,REG,2003_09_NYG_NYJ,NYJ,NYG,0,0,0,0,0,0,0,2,11,0
00-0020514,Michael Bennett,RB,2003,9,REG,2003_09_GB_MIN,MIN,GB,0,0,0,0,0,0,0,8,43,0
00-0020527,Deuce McAllister,RB,2003,9,REG,2003_09_NO_TB,NO,TB,0,0,0,0,0,0,0,26,110,0
00-0020531,Drew Brees,QB,2003,9,REG,2003_09_SD_CHI,LAC,CHI,7,15,49,0,1,0,0,0,0,0
00-0020536,LaDainian Tomlinson,RB,2003,9,REG,2003_09_SD_CHI,LAC,CHI,0,0,0,0,0,0,0,16,61,1
00-0020820,Jesse Chatman,RB,2003,9,REG,2003_09_SD_CHI,LAC,CHI,0,0,0,0,0,0,0,1,0,0
00-0020964,Tony Fisher,RB,2003,9,REG,2003_09_GB_MIN,GB,MIN,0,0,0,0,0,0,0,4,38,0
00-0021048,Damien Anderson,RB,2003,9,REG,2003_09_CIN_ARI,ARI,CIN,0,0,0,0,0,0,0,6,9,0
00-0021141,Joey Harrington,QB,2003,9,REG,2003_09_OAK_DET,DET,LV,13,21,117,1,1,0,0,4,7,0
00-0021164,DeShaun Foster,RB,2003,9,REG,2003_09_CAR_HOU,CAR,HOU,0,0,0,0,0,0,0,3,13,0
00-0021179,Clinton Portis,RB,2003,9,REG,2003_09_NE_DEN,DEN,NE,0,0,0,0,0,0,0,26,111,1
00-0021182,Maurice Morris,RB,2003,9,REG,2003_09_PIT_SEA,SEA,PIT,0,0,0,0,0,0,0,3,47,0
00-0021252,Najeh Davenport,RB,2003,9,REG,2003_09_GB_MIN,GB,MIN,0,0,0,0,0,0,0,6,43,0
00-0021271,Kurt Kittner,QB,2003,9,REG,2003_09_PHI_ATL,ATL,PHI,11,18,78,0,1,2,-12,1,7,0
00-0021314,Chester Taylor,RB,2003,9,REG,2003_09_JAX_BAL,BAL,JAX,0,0,0,0,0,0,0,2,33,1
00-0021357,Rock Cartwright,RB,2003,9,REG,2003_09_WAS_DAL,WAS,DAL,0,0,0,0,0,0,0,8,44,0
00-0021376,T.J. Duckett,RB,2003,9,REG,2003_09_PHI_ATL,ATL,PHI,0,0,0,0,0,0,0,16,55,1
00-0021379,Patrick Ramsey,QB,2003,9,REG,2003_09_WAS_DAL,WAS,DAL,16,30,147,2,0,4,-43,0,0,0
00-0021387,Jamar Martin,RB,2003,9,REG,2003_09_WAS_DAL,DAL,WAS,0,0,0,0,0,0,0,1,3,0
00-0021581,Sultan McCullough,RB,2003,9,REG,2003_09_WAS_DAL,WAS,DAL,0,0,0,0,0,0,0,1,9,0
00-0021750,Arlen Harris,RB,2003,9,REG,2003_09_STL_SF,LA,SF,0,0,0,0,0,0,0,8,9,0
00-0021979,Domanick Williams,RB,2003,9,REG,2003_09_CAR_HOU,HOU,CAR,0,0,0,0,0,0,0,12,74,0
00-0022011,Justin Griffith,RB,2003,9,REG,2003_09_PHI_ATL,ATL,PHI,0,0,0,0,0,0,0,1,1,0
00-0022057,LaBrandon Toefield,RB,2003,9,REG,2003_09_JAX_BAL,JAX,BAL,0,0,0,0,0,0,0,6,28,0
00-0022093,Justin Fargas,RB,2003,9,REG,2003_09_OAK_DET,LV,DET,0,0,0,0,0,0,0,3,12,0
00-0022095,Quentin Griffin,RB,2003,9,REG,2003_09_NE_DEN,DEN,NE,0,0,0,0,0,0,0,3,3,0
00-0022116,Tony Hollings,RB,2003,9,REG,2003_09_CAR_HOU,HOU,CAR,0,0,0,0,0,0,0,1,6,0
00-0022164,Kyle Boller,QB,2003,9,REG,2003_09_JAX_BAL,BAL,JAX,10,23,156,1,1,0,0,6,4,0
00-0022177,Byron Leftwich,QB,2003,9,REG,2003_09_JAX_BAL,JAX,BAL,22,34,208,1,1,4,-22,0,0,0
00-0000007,Rabih Abdullah,RB,2003,10,REG,2003_10_CHI_DET,CHI,DET,0,0,0,0,0,0,0,2,3,0
00-0000339,Richie Anderson,FB,2003,10,REG,2003_10_BUF_DAL,DAL,BUF,0,0,0,0,0,0,0,2,9,0
00-0000745,Tiki Barber,RB,2003,10,REG,2003_10_ATL_NYG,NYG,ATL,0,0,0,0,0,0,0,16,120,0
00-0001098,Brandon Bennett,RB,2003,10,REG,2003_10_HOU_CIN,CIN,HOU,0,0,0,0,0,0,0,2,6,0
00-0001215,Jerome Bettis,RB,2003,10,REG,2003_10_ARI_PIT,PIT,ARI,0,0,0,0,0,0,0,18,54,0
00-0001335,Jeff Blake,QB,2003,10,REG,2003_10_ARI_PIT,ARI,PIT,23,43,307,2,0,5,-24,5,30,0
00-0001361,Drew Bledsoe,QB,2003,10,REG,2003_10_BUF_DAL,BUF,DAL,17,34,104,0,0,3,-19,0,0,0
00-0002159,Shawn Bryson,RB,2003,10,REG,2003_10_CHI_DET,DET,CHI,0,0,0,0,0,0,0,10,8,0
00-0002876,Chris Chandler,QB,2003,10,REG,2003_10_CHI_DET,CHI,DET,16,28,149,1,1,2,-16,1,2,0
00-0003292,Kerry Collins,QB,2003,10,REG,2003_10_ATL_NYG,NYG,ATL,25,40,202,0,2,2,-9,0,0,0
00-0003315,Todd Collins,QB,2003,10,REG,2003_10_CLE_KC,KC,CLE,0,0,0,0,0,0,0,2,-1,0
00-0003663,Zack Crockett,RB,2003,10,REG,2003_10_NYJ_OAK,LV,NYJ,0,0,0,0,0,0,0,10,15,1
00-0003739,Daunte Culpepper,QB,2003,10,REG,2003_10_MIN_SD,MIN,LAC,32,44,370,4,1,3,-20,6,42,0
00-0004161,Jake Delhomme,QB,2003,10,REG,2003_10_TB_CAR,CAR,TB,20,32,277,2,2,2,-14,5,5,0
00-0004640,Warrick Dunn,RB,2003,10,REG,2003_10_ATL_NYG,ATL,NYG,0,0,0,0,0,0,0,25,178,1
00-0004673,Tim Dwight,WR,2003,10,REG,2003_10_MIN_SD,LAC,MIN,0,0,0,0,0,0,0,2,26,0
00-0005092,Marshall Faulk,RB,2003,10,REG,2003_10_BAL_STL,LA,BAL,0,0,0,0,0,0,0,20,48,2
00-0005106,Brett Favre,QB,2003,10,REG,2003_10_PHI_GB,GB,PHI,14,22,109,1,1,4,-43,2,8,0
00-0005363,Doug Flutie,QB,2003,10,REG,2003_10_MIN_SD,LAC,MIN,21,29,248,2,0,2,-1,6,18,2
00-0005620,Chris Fuamatu-Ma'afala,RB,2003,10,REG,2003_10_IND_JAX,JAX,IND,0,0,0,0,0,0,0,4,11,0
00-0005779,Charlie Garner,RB,2003,10,REG,2003_10_NYJ_OAK,LV,NYJ,0,0,0,0,0,0,0,1,9,0
00-0005816,Olandis Gary,RB,2003,10,REG,2003_10_CHI_DET,DET,CHI,0,0,0,0,0,0,0,1,-2,0
00-0005883,Eddie George,RB,2003,10,REG,2003_10_MIA_TEN,TEN,MIA,0,0,0,0,0,0,0,15,43,1
00-0006043,Terry Glenn,WR,2003,10,REG,2003_10_BUF_DAL,DAL,BUF,0,1,0,0,0,0,0,0,0,0
00-0006305,Ahman Green,RB,2003,10,REG,2003_10_PHI_GB,GB,PHI,0,0,0,0,0,0,0,29,192,1
00-0006355,Trent Green,QB,2003,10,REG,2003_10_CLE_KC,KC,CLE,29,42,368,3,0,3,-18,0,0,0
00-0006423,Brian Griese,QB,2003,10,REG,2003_10_MIA_TEN,MIA,TEN,15,27,131,0,3,4,-16,0,0,0
00-0007091,Matt Hasselbeck,QB,2003,10,REG,2003_10_SEA_WAS,SEA,WAS,19,29,241,1,1,3,-20,1,1,0
00-0007308,Craig Hentrich,P,2003,10,REG,2003_10_MIA_TEN,TEN,MIA,0,1,0,0,0,0,0,0,0,0
00-0007576,Kelly Holcomb,QB,2003,10,REG,2003_10_CLE_KC,CLE,KC,19,27,149,1,1,3,-30,1,2,0
00-0007579,Robert Holcombe,FB,2003,10,REG,2003_10_MIA_TEN,TEN,MIA,0,0,0,0,0,0,0,7,9,0
00-0007661,Priest Holmes,RB,2003,10,REG,2003_10_CLE_KC,KC,CLE,0,0,0,0,0,0,0,19,92,2
00-0008241,Edgerrin James,RB,2003,10,REG,2003_10_IND_JAX,IND,JAX,0,0,0,0,0,0,0,15,44,0
00-0008442,Brad Johnson,QB,2003,10,REG,2003_10_TB_CAR,TB,CAR,24,43,275,2,1,3,-17,2,14,0
00-0009311,Jon Kitna,QB,2003,10,REG,2003_10_HOU_CIN,CIN,HOU,18,26,182,1,1,0,0,5,23,0
00-0009829,Dorsey Levens,RB,2003,10,REG,2003_10_ATL_NYG,NYG,ATL,0,0,0,0,0,0,0,2,1,1
00-0010261,Tommy Maddox,QB,2003,10,REG,2003_10_ARI_PIT,PIT,ARI,12,24,159,3,0,1,0,1,-1,0
00-0010346,Peyton Manning,QB,2003,10,REG,2003_10_IND_JAX,IND,JAX,28,45,347,2,2,0,0,0,0,0
00-0010442,Curtis Martin,RB,2003,10,REG,2003_10_NYJ_OAK,NYJ,LV,0,0,0,0,0,0,0,19,61,0
00-0011022,Donovan McNabb,QB,2003,10,REG,2003_10_PHI_GB,PHI,GB,15,31,198,1,0,1,-8,5,26,1
00-0011024,Steve McNair,QB,2003,10,REG,2003_10_MIA_TEN,TEN,MIA,17,23,201,2,0,0,0,2,3,0
00-0011378,Rick Mirer,QB,2003,10,REG,2003_10_NYJ_OAK,LV,NYJ,18,25,186,1,0,0,0,1,2,0
00-0011795,Muhsin Muhammad,WR,2003,10,REG,2003_10_TB_CAR,CAR,TB,0,0,0,0,0,0,0,1,0,0
00-0011869,Adrian Murrell,RB,2003,10,REG,2003_10_BUF_DAL,DAL,BUF,0,0,0,0,0,0,0,16,76,0
00-0013013,Michael Pittman,RB,2003,10,REG,2003_10_TB_CAR,TB,CAR,0,0,0,0,0,0,0,12,50,0
00-0013694,Tony Richardson,FB,2003,10,REG,2003_10_CLE_KC,KC,CLE,0,0,0,0,0,0,0,2,3,0
00-0014115,Mark Royals,P,2003,10,REG,2003_10_IND_JAX,JAX,IND,0,1,0,0,1,0,0,0,0,0
00-0015523,Duce Staley,RB,2003,10,REG,2003_10_PHI_GB,PHI,GB,0,0,0,0,0,0,0,10,53,0
00-0015601,Aaron Stecker,RB,2003,10,REG,2003_10_TB_CAR,TB,CAR,0,0,0,0,0,0,0,2,13,0
00-0015830,Mack Strong,FB,2003,10,REG,2003_10_SEA_WAS,SEA,WAS,0,0,0,0,0,0,0,2,4,0
00-0015980,Reggie Swinton,WR,2003,10,REG,2003_10_CHI_DET,DET,CHI,0,0,0,0,0,0,0,1,9,0
00-0016098,Fred Taylor,RB,2003,10,REG,2003_10_IND_JAX,JAX,IND,0,0,0,0,0,0,0,28,152,2
00-0017486,Tyrone Wheatley,RB,2003,10,REG,2003_10_NYJ_OAK,LV,NYJ,0,0,0,0,0,0,0,23,75,0
00-0017611,Alvis Whitted,WR,2003,10,REG,2003_10_NYJ_OAK,LV,NYJ,0,0,0,0,0,0,0,1,6,0
00-0017892,Moe Williams,RB,2003,10,REG,2003_10_MIN_SD,MIN,LAC,0,0,0,0,0,0,0,12,45,0
00-0017915,Ricky Williams,RB,2003,10,REG,2003_10_MIA_TEN,MIA,TEN,0,0,0,0,0,0,0,13,37,0
00-0018501,Amos Zereoue,RB,2003,10,REG,2003_10_ARI_PIT,PIT,ARI,0,0,0,0,0,0,0,5,22,0
00-0018588,Alan Ricard,RB,2003,10,REG,2003_10_BAL_STL,BAL,LA,0,0,0,0,0,0,0,2,4,0
00-0018958,Laveranues Coles,WR,2003,10,REG,2003_10_SEA_WAS,WAS,SEA,0,0,0,0,0,0,0,1,14,0
00-0019041,Billy Volek,QB,2003,10,REG,2003_10_MIA_TEN,TEN,MIA,2,2,22,0,0,0,0,2,0,0
00-0019057,Jamel White,RB,2003,10,REG,2003_10_CLE_KC,CLE,KC,0,0,0,0,0,0,0,2,6,0
00-0019453,Rod Smart,RB,2003,10,REG,2003_10_TB_CAR,CAR,TB,0,0,0,0,0,0,0,1,1,0
00-0019455,Peter Warrick,WR,2003,10,REG,2003_10_HOU_CIN,CIN,HOU,0,0,0,0,0,0,0,2,23,0
00-0019484,Sammy Morris,RB,2003,10,REG,2003_10_BUF_DAL,BUF,DAL,0,0,0,0,0,0,0,3,12,0
00-0019516,Troy Hambrick,RB,2003,10,REG,2003_10_BUF_DAL,DAL,BUF,0,0,0,0,0,0,0,13,33,0
00-0019539,Dante Hall,WR,2003,10,REG,2003_10_CLE_KC,KC,CLE,0,0,0,0,0,0,0,2,-8,0
00-0019559,Chad Pennington,QB,2003,10,REG,2003_10_NYJ_OAK,NYJ,LV,18,27,269,2,0,0,0,3,0,0
00-0019599,Marc Bulger,QB,2003,10,REG,2003_10_BAL_STL,LA,BAL,13,26,110,0,2,4,-36,1,-1,0
00-0019606,Todd Pinkston,WR,2003,10,REG,2003_10_PHI_GB,PHI,GB,0,0,0,0,0,0,0,1,-11,0
00-0019641,Thomas Jones,RB,2003,10,REG,2003_10_TB_CAR,TB,CAR,0,0,0,0,0,0,0,3,12,0
00-0019647,Shaun Alexander,RB,2003,10,REG,2003_10_SEA_WAS,SEA,WAS,0,0,0,0,0,0,0,22,94,1
00-0019649,Trung Canidate,RB,2003,10,REG,2003_10_SEA_WAS,WAS,SEA,0,0,0,0,0,0,0,15,34,0
00-0019650,Dennis Northcutt,WR,2003,10,REG,2003_10_CLE_KC,CLE,KC,0,0,0,0,0,0,0,1,6,0
00-0019693,Jamal Lewis,RB,2003,10,REG,2003_10_BAL_STL,BAL,LA,0,0,0,0,0,0,0,27,111,1
00-0019709,Chris Redman,QB,2003,10,REG,2003_10_BAL_STL,BAL,LA,7,12,58,0,2,5,-38,2,4,0
00-0019721,Travis Taylor,WR,2003,10,REG,2003_10_BAL_STL,BAL,LA,0,0,0,0,0,0,0,1,1,0
00-0019831,Nick Goings,RB,2003,10,REG,2003_10_TB_CAR,CAR,TB,0,0,0,0,0,0,0,1,2,0
00-0020022,Marcel Shipp,RB,2003,10,REG,2003_10_ARI_PIT,ARI,PIT,0,0,0,0,0,0,0,22,63,0
00-0020267,Nick Harris,P,2003,10,REG,2003_10_CHI_DET,DET,CHI,0,1,0,0,0,0,0,0,0,0
00-0020270,Correll Buckhalter,RB,2003,10,REG,2003_10_PHI_GB,PHI,GB,0,0,0,0,0,0,0,9,23,0
00-0020337,Steve Smith,WR,2003,10,REG,2003_10_TB_CAR,CAR,TB,0,0,0,0,0,0,0,1,14,0
00-0020403,Anthony Thomas,RB,2003,10,REG,2003_10_CHI_DET,CHI,DET,0,0,0,0,0,0,0,21,61,0
00-0020404,Quincy Carter,QB,2003,10,REG,2003_10_BUF_DAL,DAL,BUF,15,32,116,1,0,1,-2,4,4,0
00-0020407,Rudi Johnson,RB,2003,10,REG,2003_10_HOU_CIN,CIN,HOU,0,0,0,0,0,0,0,43,182,2
00-0020430,James Jackson,RB,2003,10,REG,2003_10_CLE_KC,CLE,KC,0,0,0,0,0,0,0,17,66,1
00-0020448,Travis Minor,RB,2003,10,REG,2003_10_MIA_TEN,MIA,TEN,0,0,0,0,0,0,0,3,22,0
00-0020462,LaMont Jordan,RB,2003,10,REG,2003_10_NYJ_OAK,NYJ,LV,0,0,0,0,0,0,0,7,69,1
00-0020471,Travis Henry,RB,2003,10,REG,2003_10_BUF_DAL,BUF,DAL,0,0,0,0,0,0,0,21,80,0
00-0020480,Sage Rosenfels,QB,2003,10,REG,2003_10_MIA_TEN,MIA,TEN,4,6,50,1,0,0,0,0,0,0
00-0020483,Jesse Palmer,QB,2003,10,REG,2003_10_ATL_NYG,NYG,ATL,2,4,9,0,0,1,-6,0,0,0
00-0020494,Santana Moss,WR,2003,10,REG,2003_10_NYJ_OAK,NYJ,LV,0,0,0,0,0,0,0,1,25,0
00-0020514,Michael Bennett,RB,2003,10,REG,2003_10_MIN_SD,MIN,LAC,0,0,0,0,0,0,0,5,23,0
00-0020516,Todd Heap,TE,2003,10,REG,2003_10_BAL_STL,BAL,LA,0,0,0,0,0,0,0,1,5,0
00-0020525,Rod Gardner,WR,2003,10,REG,2003_10_SEA_WAS,WAS,SEA,1,1,10,1,0,0,0,0,0,0
00-0020536,LaDainian Tomlinson,RB,2003,10,REG,2003_10_MIN_SD,LAC,MIN,0,0,0,0,0,0,0,16,162,2
00-0020564,Delvin Joyce,RB,2003,10,REG,2003_10_ATL_NYG,NYG,ATL,0,0,0,0,0,0,0,1,3,0
00-0020608,David Carr,QB,2003,10,REG,2003_10_HOU_CIN,HOU,CIN,11,25,146,2,1,2,-17,2,21,0
00-0020739,Ricky Williams,RB,2003,10,REG,2003_10_IND_JAX,IND,JAX,0,0,0,0,0,0,0,6,3,0
00-0020820,Jesse Chatman,RB,2003,10,REG,2003_10_MIN_SD,LAC,MIN,0,0,0,0,0,0,0,1,0,0
00-0020964,Tony Fisher,RB,2003,10,REG,2003_10_PHI_GB,GB,PHI,0,0,0,0,0,0,0,2,17,0
00-0021031,John Simon,RB,2003,10,REG,2003_10_SEA_WAS,WAS,SEA,0,0,0,0,0,0,0,2,9,0
00-0021048,Damien Anderson,RB,2003,10,REG,2003_10_ARI_PIT,ARI,PIT,0,0,0,0,0,0,0,1,3,0
00-0021141,Joey Harrington,QB,2003,10,REG,2003_10_CHI_DET,DET,CHI,24,38,238,0,0,1,-7,2,-2,0
00-0021164,DeShaun Foster,RB,2003,10,REG,2003_10_TB_CAR,CAR,TB,0,0,0,0,0,0,0,22,56,0
00-0021166,Josh Reed,WR,2003,10,REG,2003_10_BUF_DAL,BUF,DAL,0,0,0,0,0,0,0,1,8,0
00-0021176,Reche Caldwell,WR,2003,10,REG,2003_10_MIN_SD,LAC,MIN,0,0,0,0,0,0,0,1,5,0
00-0021182,Maurice Morris,RB,2003,10,REG,2003_10_SEA_WAS,SEA,WAS,0,0,0,0,0,0,0,3,26,0
00-0021190,Antwaan Randle El,WR,2003,10,REG,2003_10_ARI_PIT,PIT,ARI,0,0,0,0,0,0,0,1,-3,0
00-0021216,Brian Westbrook,RB,2003,10,REG,2003_10_PHI_GB,PHI,GB,0,0,0,0,0,0,0,5,1,0
00-0021252,Najeh Davenport,RB,2003,10,REG,2003_10_PHI_GB,GB,PHI,0,0,0,0,0,0,0,4,24,0
00-0021271,Kurt Kittner,QB,2003,10,REG,2003_10_ATL_NYG,ATL,NYG,9,23,65,1,0,1,-7,5,5,0
00-0021279,Verron Haynes,FB,2003,10,REG,2003_10_ARI_PIT,PIT,ARI,0,0,0,0,0,0,0,2,15,0
00-0021314,Chester Taylor,RB,2003,10,REG,2003_10_BAL_STL,BAL,LA,0,0,0,0,0,0,0,4,18,0
00-0021357,Rock Cartwright,RB,2003,10,REG,2003_10_SEA_WAS,WAS,SEA,0,0,0,0,0,0,0,13,81,0
00-0021376,T.J. Duckett,RB,2003,10,REG,2003_10_ATL_NYG,ATL,NYG,0,0,0,0,0,0,0,7,33,2
00-0021379,Patrick Ramsey,QB,2003,10,REG,2003_10_SEA_WAS,WAS,SEA,17,32,232,2,2,0,0,1,-1,0
00-0021528,Avon Cobourne,RB,2003,10,REG,2003_10_CHI_DET,DET,CHI,0,0,0,0,0,0,0,6,4,0
00-0021976,Larry Johnson,RB,2003,10,REG,2003_10_CLE_KC,KC,CLE,0,0,0,0,0,0,0,2,2,0
00-0021979,Domanick Williams,RB,2003,10,REG,2003_10_HOU_CIN,HOU,CIN,0,0,0,0,0,0,0,15,104,1
00-0022044,Andre Johnson,WR,2003,10,REG,2003_10_HOU_CIN,HOU,CIN,0,0,0,0,0,0,0,1,11,0
00-0022057,LaBrandon Toefield,RB,2003,10,REG,2003_10_IND_JAX,JAX,IND,0,1,0,0,0,0,0,3,5,0
00-0022092,Chris Brown,RB,2003,10,REG,2003_10_MIA_TEN,TEN,MIA,0,0,0,0,0,0,0,12,46,0
00-0022093,Justin Fargas,RB,2003,10,REG,2003_10_NYJ_OAK,LV,NYJ,0,0,0,0,0,0,0,16,62,0
00-0022116,Tony Hollings,RB,2003,10,REG,2003_10_HOU_CIN,HOU,CIN,0,0,0,0,0,0,0,1,4,0
00-0022141,Jeremi Johnson,FB,2003,10,REG,2003_10_HOU_CIN,CIN,HOU,0,0,0,0,0,0,0,5,6,1
00-0022164,Kyle Boller,QB,2003,10,REG,2003_10_BAL_STL,BAL,LA,10,21,112,1,1,2,-10,1,2,0
00-0022177,Byron Leftwich,QB,2003,10,REG,2003_10_IND_JAX,JAX,IND,12,22,179,1,0,0,0,3,6,1
00-0000007,Rabih Abdullah,RB,2003,11,REG,2003_11_STL_CHI,CHI,LA,0,0,0,0,0,0,0,1,1,0
00-0000339,Richie Anderson,FB,2003,11,REG,2003_11_DAL_NE,DAL,NE,0,0,0,0,0,0,0,2,-3,0
00-0000722,Tony Banks,QB,2003,11,REG,2003_11_HOU_BUF,HOU,BUF,11,16,207,1,1,3,-5,0,0,0
00-0000745,Tiki Barber,RB,2003,11,REG,2003_11_NYG_PHI,NYG,PHI,0,0,0,0,0,0,0,19,111,0
00-0000942,Fred Beasley,FB,2003,11,REG,2003_11_PIT_SF,SF,PIT,0,0,0,0,0,0,0,2,6,0
00-0001215,Jerome Bettis,RB,2003,11,REG,2003_11_PIT_SF,PIT,SF,0,0,0,0,0,0,0,13,39,1
00-0001335,Jeff Blake,QB,2003,11,REG,2003_11_ARI_CLE,ARI,CLE,9,21,121,0,1,1,-6,1,3,0
00-0001361,Drew Bledsoe,QB,2003,11,REG,2003_11_HOU_BUF,BUF,HOU,15,26,184,0,0,4,-31,1,2,0
00-0001823,Aaron Brooks,QB,2003,11,REG,2003_11_ATL_NO,NO,ATL,21,37,228,0,2,7,-35,8,37,0
00-0002159,Shawn Bryson,RB,2003,11,REG,2003_11_DET_SEA,DET,SEA,0,0,0,0,0,0,0,8,35,0
00-0002876,Chris Chandler,QB,2003,11,REG,2003_11_STL_CHI,CHI,LA,16,32,153,1,2,1,-7,2,2,0
00-0003103,Cameron Cleeland,TE,2003,11,REG,2003_11_STL_CHI,LA,CHI,0,0,0,0,0,0,0,1,-5,0
00-0003292,Kerry Collins,QB,2003,11,REG,2003_11_NYG_PHI,NYG,PHI,25,44,268,1,1,3,-16,1,-3,0
00-0003663,Zack Crockett,RB,2003,11,REG,2003_11_MIN_OAK,LV,MIN,0,0,0,0,0,0,0,6,54,2
00-0003739,Daunte Culpepper,QB,2003,11,REG,2003_11_MIN_OAK,MIN,LV,27,49,396,1,3,3,-23,7,42,1
00-0004052,Stephen Davis,RB,2003,11,REG,2003_11_WAS_CAR,CAR,WAS,0,0,0,0,0,0,0,28,92,1
00-0004161,Jake Delhomme,QB,2003,11,REG,2003_11_WAS_CAR,CAR,WAS,20,30,317,0,2,0,0,3,-2,1
00-0004293,Trent Dilfer,QB,2003,11,REG,2003_11_DET_SEA,SEA,DET,0,1,0,0,0,0,0,0,0,0
00-0004304,Corey Dillon,RB,2003,11,REG,2003_11_KC_CIN,CIN,KC,0,0,0,0,0,0,0,6,21,0
00-0004640,Warrick Dunn,RB,2003,11,REG,2003_11_ATL_NO,ATL,NO,0,0,0,0,0,0,0,23,162,0
00-0005091,Kevin Faulk,RB,2003,11,REG,2003_11_DAL_NE,NE,DAL,0,0,0,0,0,0,0,8,11,0
00-0005092,Marshall Faulk,RB,2003,11,REG,2003_11_STL_CHI,LA,CHI,0,0,0,0,0,0,0,20,103,0
00-0005106,Brett Favre,QB,2003,11,REG,2003_11_GB_TB,GB,TB,13,28,92,1,1,0,0,0,0,0
00-0005363,Doug Flutie,QB,2003,11,REG,2003_11_SD_DEN,LAC,DEN,9,25,70,1,1,2,-14,5,11,0
00-0005620,Chris Fuamatu-Ma'afala,RB,2003,11,REG,2003_11_JAX_TEN,JAX,TEN,0,0,0,0,0,0,0,9,40,0
00-0005816,Olandis Gary,RB,2003,11,REG,2003_11_DET_SEA,DET,SEA,0,0,0,0,0,0,0,6,43,0
00-0005883,Eddie George,RB,2003,11,REG,2003_11_JAX_TEN,TEN,JAX,0,0,0,0,0,0,0,20,73,0
00-0006305,Ahman Green,RB,2003,11,REG,2003_11_GB_TB,GB,TB,0,0,0,0,0,0,0,21,109,1
00-0006355,Trent Green,QB,2003,11,REG,2003_11_KC_CIN,KC,CIN,28,42,313,2,0,1,-9,0,0,0
00-0006423,Brian Griese,QB,2003,11,REG,2003_11_BAL_MIA,MIA,BAL,13,32,126,0,1,0,0,1,6,0
00-0007091,Matt Hasselbeck,QB,2003,11,REG,2003_11_DET_SEA,SEA,DET,21,28,207,1,0,0,0,3,15,1
00-0007180,Garrison Hearst,RB,2003,11,REG,2003_11_PIT_SF,SF,PIT,0,0,0,0,0,0,0,20,67,0
00-0007308,Craig Hentrich,P,2003,11,REG,2003_11_JAX_TEN,TEN,JAX,0,1,0,0,0,0,0,0,0,0
00-0007576,Kelly Holcomb,QB,2003,11,REG,2003_11_ARI_CLE,CLE,ARI,29,35,392,3,0,0,0,3,-2,0
00-0007579,Robert Holcombe,FB,2003,11,REG,2003_11_JAX_TEN,TEN,JAX,0,0,0,0,0,0,0,3,-5,0
00-0007661,Priest Holmes,RB,2003,11,REG,2003_11_KC_CIN,KC,CIN,0,0,0,0,0,0,0,16,62,0
00-0008241,Edgerrin James,RB,2003,11,REG,2003_11_NYJ_IND,IND,NYJ,0,0,0,0,0,0,0,36,127,3
00-0008442,Brad Johnson,QB,2003,11,REG,2003_11_GB_TB,TB,GB,17,28,149,1,2,3,-18,1,2,0
00-0009007,Danny Kanell,QB,2003,11,REG,2003_11_SD_DEN,DEN,LAC,0,1,0,0,1,0,0,4,-4,0
00-0009163,Eddie Kennison,WR,2003,11,REG,2003_11_KC_CIN,KC,CIN,0,0,0,0,0,0,0,1,5,0
00-0009311,Jon Kitna,QB,2003,11,REG,2003_11_KC_CIN,CIN,KC,19,32,233,2,0,2,-11,4,3,0
00-0009829,Dorsey Levens,RB,2003,11,REG,2003_11_NYG_PHI,NYG,PHI,0,0,0,0,0,0,0,4,1,0
00-0010261,Tommy Maddox,QB,2003,11,REG,2003_11_PIT_SF,PIT,SF,25,44,327,1,1,2,-15,0,0,0
00-0010346,Peyton Manning,QB,2003,11,REG,2003_11_NYJ_IND,IND,NYJ,27,36,401,1,0,1,-8,2,-3,0
00-0010442,Curtis Martin,RB,2003,11,REG,2003_11_NYJ_IND,NYJ,IND,0,0,0,0,0,0,0,13,105,0
00-0011022,Donovan McNabb,QB,2003,11,REG,2003_11_NYG_PHI,PHI,NYG,24,30,314,2,0,0,0,4,0,0
00-0011024,Steve McNair,QB,2003,11,REG,2003_11_JAX_TEN,TEN,JAX,13,25,166,1,1,2,-16,5,21,0
00-0011378,Rick Mirer,QB,2003,11,REG,2003_11_MIN_OAK,LV,MIN,9,13,195,0,0,3,-11,2,4,0
00-0011869,Adrian Murrell,RB,2003,11,REG,2003_11_DAL_NE,DAL,NE,0,0,0,0,0,0,0,3,11,0
00-0013013,Michael Pittman,RB,2003,11,REG,2003_11_GB_TB,TB,GB,0,0,0,0,0,0,0,8,18,0
00-0013042,Jake Plummer,QB,2003,11,REG,2003_11_SD_DEN,DEN,LAC,23,34,253,3,1,1,-6,2,14,0
00-0015091,Antowain Smith,RB,2003,11,REG,2003_11_DAL_NE,NE,DAL,0,0,0,0,0,0,0,16,51,1
00-0015194,Hunter Smith,P,2003,11,REG,2003_11_NYJ_IND,IND,NYJ,0,0,0,0,0,0,0,1,21,1
00-0015523,Duce Staley,RB,2003,11,REG,2003_11_NYG_PHI,PHI,NYG,0,0,0,0,0,0,0,3,12,0
00-0015830,Mack Strong,FB,2003,11,REG,2003_11_DET_SEA,SEA,DET,0,0,0,0,0,0,0,3,17,0
00-0016098,Fred Taylor,RB,2003,11,REG,2003_11_JAX_TEN,JAX,TEN,0,0,0,0,0,0,0,14,65,0
00-0017162,Hines Ward,WR,2003,11,REG,2003_11_PIT_SF,PIT,SF,0,0,0,0,0,0,0,1,-2,0
00-0017486,Tyrone Wheatley,RB,2003,11,REG,2003_11_MIN_OAK,LV,MIN,0,0,0,0,0,0,0,32,109,1
00-0017892,Moe Williams,RB,2003,11,REG,2003_11_MIN_OAK,MIN,LV,0,0,0,0,0,0,0,10,39,0
00-0017915,Ricky Williams,RB,2003,11,REG,2003_11_BAL_MIA,MIA,BAL,0,0,0,0,0,0,0,36,105,0
00-0018272,Anthony Wright,QB,2003,11,REG,2003_11_BAL_MIA,BAL,MIA,14,25,112,0,2,3,-10,2,11,0
00-0018501,Amos Zereoue,RB,2003,11,REG,2003_11_PIT_SF,PIT,SF,0,0,0,0,0,0,0,5,-2,0
00-0018958,Laveranues Coles,WR,2003,11,REG,2003_11_WAS_CAR,WAS,CAR,0,0,0,0,0,0,0,1,0,0
00-0019057,Jamel White,RB,2003,11,REG,2003_11_ARI_CLE,CLE,ARI,0,0,0,0,0,0,0,4,27,0
00-0019281,Mike Furrey,WR,2003,11,REG,2003_11_STL_CHI,LA,CHI,0,0,0,0,0,0,0,2,4,0
00-0019455,Peter Warrick,WR,2003,11,REG,2003_11_KC_CIN,CIN,KC,0,0,0,0,0,0,0,1,11,0
00-0019484,Sammy Morris,RB,2003,11,REG,2003_11_HOU_BUF,BUF,HOU,0,0,0,0,0,0,0,2,10,0
00-0019516,Troy Hambrick,RB,2003,11,REG,2003_11_DAL_NE,DAL,NE,0,0,0,0,0,0,0,16,41,0
00-0019559,Chad Pennington,QB,2003,11,REG,2003_11_NYJ_IND,NYJ,IND,11,14,219,3,0,3,-27,2,2,0
00-0019596,Tom Brady,QB,2003,11,REG,2003_11_DAL_NE,NE,DAL,15,34,212,0,0,2,-9,1,3,0
00-0019599,Marc Bulger,QB,2003,11,REG,2003_11_STL_CHI,LA,CHI,29,46,240,2,2,4,-32,0,0,0
00-0019623,Tim Rattay,QB,2003,11,REG,2003_11_PIT_SF,SF,PIT,21,27,254,2,0,0,0,2,-2,0
00-0019641,Thomas Jones,RB,2003,11,REG,2003_11_GB_TB,TB,GB,0,0,0,0,0,0,0,9,134,0
00-0019647,Shaun Alexander,RB,2003,11,REG,2003_11_DET_SEA,SEA,DET,0,0,0,0,0,0,0,20,110,1
00-0019649,Trung Canidate,RB,2003,11,REG,2003_11_WAS_CAR,WAS,CAR,0,0,0,0,0,0,0,10,18,0
00-0019650,Dennis Northcutt,WR,2003,11,REG,2003_11_ARI_CLE,CLE,ARI,0,0,0,0,0,0,0,2,14,0
00-0019693,Jamal Lewis,RB,2003,11,REG,2003_11_BAL_MIA,BAL,MIA,0,0,0,0,0,0,0,26,88,0
00-0019831,Nick Goings,RB,2003,11,REG,2003_11_WAS_CAR,CAR,WAS,0,0,0,0,0,0,0,2,20,0
00-0019863,Dominic Rhodes,RB,2003,11,REG,2003_11_NYJ_IND,IND,NYJ,0,0,0,0,0,0,0,1,0,0
00-0020022,Marcel Shipp,RB,2003,11,REG,2003_11_ARI_CLE,ARI,CLE,0,0,0,0,0,0,0,9,23,0
00-0020270,Correll Buckhalter,RB,2003,11,REG,2003_11_NYG_PHI,PHI,NYG,0,0,0,0,0,0,0,5,2,1
00-0020337,Steve Smith,WR,2003,11,REG,2003_11_WAS_CAR,CAR,WAS,0,0,0,0,0,0,0,1,-2,0
00-0020403,Anthony Thomas,RB,2003,11,REG,2003_11_STL_CHI,CHI,LA,0,0,0,0,0,0,0,23,92,1
00-0020404,Quincy Carter,QB,2003,11,REG,2003_11_DAL_NE,DAL,NE,20,36,210,0,3,1,-3,6,33,0
00-0020407,Rudi Johnson,RB,2003,11,REG,2003_11_KC_CIN,CIN,KC,0,0,0,0,0,0,0,22,165,0
00-0020430,James Jackson,RB,2003,11,REG,2003_11_ARI_CLE,CLE,ARI,0,0,0,0,0,0,0,19,45,2
00-0020448,Travis Minor,RB,2003,11,REG,2003_11_BAL_MIA,MIA,BAL,0,0,0,0,0,0,0,5,30,0
00-0020462,LaMont Jordan,RB,2003,11,REG,2003_11_NYJ_IND,NYJ,IND,0,0,0,0,0,0,0,2,25,0
00-0020471,Travis Henry,RB,2003,11,REG,2003_11_HOU_BUF,BUF,HOU,0,0,0,0,0,0,0,23,149,0
00-0020474,Kevan Barlow,RB,2003,11,REG,2003_11_PIT_SF,SF,PIT,0,0,0,0,0,0,0,8,98,1
00-0020507,Heath Evans,FB,2003,11,REG,2003_11_DET_SEA,SEA,DET,0,0,0,0,0,0,0,1,2,0
00-0020514,Michael Bennett,RB,2003,11,REG,2003_11_MIN_OAK,MIN,LV,0,0,0,0,0,0,0,5,13,0
00-0020527,Deuce McAllister,RB,2003,11,REG,2003_11_ATL_NO,NO,ATL,0,1,0,0,0,0,0,28,173,2
00-0020536,LaDainian Tomlinson,RB,2003,11,REG,2003_11_SD_DEN,LAC,DEN,0,0,0,0,0,0,0,8,29,0
00-0020608,David Carr,QB,2003,11,REG,2003_11_HOU_BUF,HOU,BUF,2,4,12,0,0,1,-3,1,0,0
00-0020917,Joe Burns,RB,2003,11,REG,2003_11_HOU_BUF,BUF,HOU,0,0,0,0,0,0,0,1,5,0
00-0020964,Tony Fisher,RB,2003,11,REG,2003_11_GB_TB,GB,TB,0,0,0,0,0,0,0,4,11,0
00-0021141,Joey Harrington,QB,2003,11,REG,2003_11_DET_SEA,DET,SEA,26,48,285,2,2,1,-9,3,3,0
00-0021152,Ashley Lelie,WR,2003,11,REG,2003_11_SD_DEN,DEN,LAC,0,0,0,0,0,0,0,2,20,0
00-0021164,DeShaun Foster,RB,2003,11,REG,2003_11_WAS_CAR,CAR,WAS,0,0,0,0,0,0,0,1,2,0
00-0021166,Josh Reed,WR,2003,11,REG,2003_11_HOU_BUF,BUF,HOU,0,0,0,0,0,0,0,1,16,0
00-0021179,Clinton Portis,RB,2003,11,REG,2003_11_SD_DEN,DEN,LAC,0,0,0,0,0,0,0,25,106,0
00-0021182,Maurice Morris,RB,2003,11,REG,2003_11_DET_SEA,SEA,DET,0,0,0,0,0,0,0,3,17,0
00-0021190,Antwaan Randle El,WR,2003,11,REG,2003_11_PIT_SF,PIT,SF,1,1,-7,0,0,0,0,0,0,0
00-0021191,Antonio Bryant,WR,2003,11,REG,2003_11_DAL_NE,DAL,NE,0,0,0,0,0,0,0,1,2,0
00-0021206,Josh McCown,QB,2003,11,REG,2003_11_ARI_CLE,ARI,CLE,4,11,31,0,2,0,0,2,9,0
00-0021209,Lamar Gordon,RB,2003,11,REG,2003_11_STL_CHI,LA,CHI,0,0,0,0,0,0,0,2,10,0
00-0021216,Brian Westbrook,RB,2003,11,REG,2003_11_NYG_PHI,PHI,NYG,0,0,0,0,0,0,0,9,48,1
00-0021252,Najeh Davenport,RB,2003,11,REG,2003_11_GB_TB,GB,TB,0,0,0,0,0,0,0,13,70,0
00-0021271,Kurt Kittner,QB,2003,11,REG,2003_11_ATL_NO,ATL,NO,8,27,80,0,2,1,-4,1,-1,0
00-0021279,Verron Haynes,FB,2003,11,REG,2003_11_PIT_SF,PIT,SF,0,0,0,0,0,0,0,1,9,0
00-0021314,Chester Taylor,RB,2003,11,REG,2003_11_BAL_MIA,BAL,MIA,0,0,0,0,0,0,0,4,19,0
00-0021357,Rock Cartwright,RB,2003,11,REG,2003_11_WAS_CAR,WAS,CAR,0,0,0,0,0,0,0,9,32,0
00-0021376,T.J. Duckett,RB,2003,11,REG,2003_11_ATL_NO,ATL,NO,0,0,0,0,0,0,0,4,7,1
00-0021379,Patrick Ramsey,QB,2003,11,REG,2003_11_WAS_CAR,WAS,CAR,16,35,150,2,1,3,-23,2,4,0
00-0021747,Kerry Carter,RB,2003,11,REG,2003_11_DET_SEA,SEA,DET,0,0,0,0,0,0,0,3,-2,0
00-0021921,Adrian Madise,WR,2003,11,REG,2003_11_SD_DEN,DEN,LAC,0,0,0,0,0,0,0,1,10,0
00-0021979,Domanick Williams,RB,2003,11,REG,2003_11_HOU_BUF,HOU,BUF,0,0,0,0,0,0,0,26,68,0
00-0022044,Andre Johnson,WR,2003,11,REG,2003_11_HOU_BUF,HOU,BUF,0,0,0,0,0,0,0,1,-34,0
00-0022057,LaBrandon Toefield,RB,2003,11,REG,2003_11_JAX_TEN,JAX,TEN,0,0,0,0,0,0,0,6,20,0
00-0022084,Anquan Boldin,WR,2003,11,REG,2003_11_ARI_CLE,ARI,CLE,0,0,0,0,0,0,0,1,6,0
00-0022087,Tyrone Calico,WR,2003,11,REG,2003_11_JAX_TEN,TEN,JAX,0,0,0,0,0,0,0,1,5,0
00-0022092,Chris Brown,RB,2003,11,REG,2003_11_JAX_TEN,TEN,JAX,0,0,0,0,0,0,0,3,2,0
00-0022093,Justin Fargas,RB,2003,11,REG,2003_11_MIN_OAK,LV,MIN,0,0,0,0,0,0,0,3,24,0
00-0022095,Quentin Griffin,RB,2003,11,REG,2003_11_SD_DEN,DEN,LAC,0,0,0,0,0,0,0,15,55,0
00-0022177,Byron Leftwich,QB,2003,11,REG,2003_11_JAX_TEN,JAX,TEN,15,31,151,0,2,1,-6,1,1,0
00-0022180,Lee Suggs,RB,2003,11,REG,2003_11_ARI_CLE,CLE,ARI,0,0,0,0,0,0,0,5,5,0
00-0000339,Richie Anderson,FB,2003,12,REG,2003_12_CAR_DAL,DAL,CAR,0,0,0,0,0,0,0,1,8,0
00-0000722,Tony Banks,QB,2003,12,REG,2003_12_NE_HOU,HOU,NE,10,25,93,2,1,3,-13,2,5,0
00-0000745,Tiki Barber,RB,2003,12,REG,2003_12_NYG_TB,NYG,TB,0,0,0,0,0,0,0,13,55,0
00-0001098,Brandon Bennett,RB,2003,12,REG,2003_12_CIN_SD,CIN,LAC,0,0,0,0,0,0,0,1,7,0
00-0001215,Jerome Bettis,RB,2003,12,REG,2003_12_PIT_CLE,PIT,CLE,0,0,0,0,0,0,0,24,93,0
00-0001335,Jeff Blake,QB,2003,12,REG,2003_12_STL_ARI,ARI,LA,15,28,192,2,2,0,0,3,31,0
00-0001361,Drew Bledsoe,QB,2003,12,REG,2003_12_IND_BUF,BUF,IND,15,28,135,0,1,2,-17,3,5,1
00-0001823,Aaron Brooks,QB,2003,12,REG,2003_12_NO_PHI,NO,PHI,24,39,287,1,0,2,-20,4,7,0
00-0002159,Shawn Bryson,RB,2003,12,REG,2003_12_DET_MIN,DET,MIN,0,0,0,0,0,0,0,7,21,0
00-0002743,Ki-Jana Carter,RB,2003,12,REG,2003_12_NO_PHI,NO,PHI,0,0,0,0,0,0,0,1,8,0
00-0002876,Chris Chandler,QB,2003,12,REG,2003_12_CHI_DEN,CHI,DEN,8,18,79,0,0,1,-8,1,2,0
00-0003136,Mike Cloud,RB,2003,12,REG,2003_12_NE_HOU,NE,HOU,0,0,0,0,0,0,0,2,8,0
00-0003292,Kerry Collins,QB,2003,12,REG,2003_12_NYG_TB,NYG,TB,18,34,160,0,2,3,-27,2,22,0
00-0003663,Zack Crockett,RB,2003,12,REG,2003_12_OAK_KC,LV,KC,0,0,0,0,0,0,0,1,5,0
00-0003739,Daunte Culpepper,QB,2003,12,REG,2003_12_DET_MIN,MIN,DET,20,30,196,0,1,3,-10,7,41,0
00-0004052,Stephen Davis,RB,2003,12,REG,2003_12_CAR_DAL,CAR,DAL,0,0,0,0,0,0,0,26,59,1
00-0004161,Jake Delhomme,QB,2003,12,REG,2003_12_CAR_DAL,CAR,DAL,9,24,175,1,1,1,-6,0,0,0
00-0004293,Trent Dilfer,QB,2003,12,REG,2003_12_SEA_BAL,SEA,BAL,0,1,0,0,0,0,0,0,0,0
00-0004304,Corey Dillon,RB,2003,12,REG,2003_12_CIN_SD,CIN,LAC,0,0,0,0,0,0,0,18,108,0
00-0004640,Warrick Dunn,RB,2003,12,REG,2003_12_TEN_ATL,ATL,TEN,0,0,0,0,0,0,0,14,14,0
00-0005091,Kevin Faulk,RB,2003,12,REG,2003_12_NE_HOU,NE,HOU,0,0,0,0,0,0,0,23,80,0
00-0005092,Marshall Faulk,RB,2003,12,REG,2003_12_STL_ARI,LA,ARI,0,0,0,0,0,0,0,24,100,1
00-0005106,Brett Favre,QB,2003,12,REG,2003_12_SF_GB,GB,SF,10,15,138,2,3,1,-2,4,2,0
00-0005180,Jay Fiedler,QB,2003,12,REG,2003_12_WAS_MIA,MIA,WAS,5,10,59,0,0,0,0,3,-3,0
00-0005363,Doug Flutie,QB,2003,12,REG,2003_12_CIN_SD,LAC,CIN,15,33,210,2,0,2,-3,2,14,0
00-0005620,Chris Fuamatu-Ma'afala,RB,2003,12,REG,2003_12_JAX_NYJ,JAX,NYJ,0,0,0,0,0,0,0,2,2,1
00-0005779,Charlie Garner,RB,2003,12,REG,2003_12_OAK_KC,LV,KC,0,0,0,0,0,0,0,9,36,0
00-0005816,Olandis Gary,RB,2003,12,REG,2003_12_DET_MIN,DET,MIN,0,0,0,0,0,0,0,10,19,0
00-0005883,Eddie George,RB,2003,12,REG,2003_12_TEN_ATL,TEN,ATL,0,0,0,0,0,0,0,26,115,1
00-0006305,Ahman Green,RB,2003,12,REG,2003_12_SF_GB,GB,SF,0,0,0,0,0,0,0,27,154,0
00-0006355,Trent Green,QB,2003,12,REG,2003_12_OAK_KC,KC,LV,23,33,244,1,0,1,-2,1,11,0
00-0006423,Brian Griese,QB,2003,12,REG,2003_12_WAS_MIA,MIA,WAS,8,13,133,1,2,2,-19,2,11,0
00-0007091,Matt Hasselbeck,QB,2003,12,REG,2003_12_SEA_BAL,SEA,BAL,23,41,333,5,0,6,-40,3,26,0
00-0007180,Garrison Hearst,RB,2003,12,REG,2003_12_SF_GB,SF,GB,0,0,0,0,0,0,0,16,59,0
00-0007576,Kelly Holcomb,QB,2003,12,REG,2003_12_PIT_CLE,CLE,PIT,25,44,234,0,2,3,-21,0,0,0
00-0007579,Robert Holcombe,FB,2003,12,REG,2003_12_TEN_ATL,TEN,ATL,0,0,0,0,0,0,0,1,1,0
00-0007661,Priest Holmes,RB,2003,12,REG,2003_12_OAK_KC,KC,LV,0,0,0,0,0,0,0,21,91,1
00-0008241,Edgerrin James,RB,2003,12,REG,2003_12_IND_BUF,IND,BUF,0,0,0,0,0,0,0,28,108,2
00-0008442,Brad Johnson,QB,2003,12,REG,2003_12_NYG_TB,TB,NYG,22,32,269,1,1,2,-4,5,-4,0
00-0009311,Jon Kitna,QB,2003,12,REG,2003_12_CIN_SD,CIN,LAC,24,38,243,4,0,2,-14,4,11,0
00-0009829,Dorsey Levens,RB,2003,12,REG,2003_12_NYG_TB,NYG,TB,0,0,0,0,0,0,0,1,2,0
00-0010261,Tommy Maddox,QB,2003,12,REG,2003_12_PIT_CLE,PIT,CLE,9,24,73,1,0,2,-14,0,0,0
00-0010346,Peyton Manning,QB,2003,12,REG,2003_12_IND_BUF,IND,BUF,26,42,229,0,0,1,-6,2,-5,0
00-0010442,Curtis Martin,RB,2003,12,REG,2003_12_JAX_NYJ,NYJ,JAX,0,0,0,0,0,0,0,20,56,0
00-0011022,Donovan McNabb,QB,2003,12,REG,2003_12_NO_PHI,PHI,NO,16,25,259,1,0,3,-12,7,54,0
00-0011024,Steve McNair,QB,2003,12,REG,2003_12_TEN_ATL,TEN,ATL,9,11,95,2,0,1,-9,2,9,0
00-0011378,Rick Mirer,QB,2003,12,REG,2003_12_OAK_KC,LV,KC,19,31,219,1,0,3,-6,5,38,1
00-0011626,Brian Moorman,P,2003,12,REG,2003_12_IND_BUF,BUF,IND,0,0,0,0,0,0,0,1,21,0
00-0012478,Terrell Owens,WR,2003,12,REG,2003_12_SF_GB,SF,GB,0,0,0,0,0,0,0,1,-4,0
00-0013013,Michael Pittman,RB,2003,12,REG,2003_12_NYG_TB,TB,NYG,0,0,0,0,0,0,0,19,55,0
00-0013042,Jake Plummer,QB,2003,12,REG,2003_12_CHI_DEN,DEN,CHI,19,35,176,1,0,2,-11,2,9,0
00-0013262,Stanley Pritchett,RB,2003,12,REG,2003_12_CHI_DEN,CHI,DEN,0,0,0,0,0,0,0,2,11,0
00-0014377,Todd Sauerbrun,P,2003,12,REG,2003_12_CAR_DAL,CAR,DAL,0,1,0,0,0,0,0,0,0,0
00-0015091,Antowain Smith,RB,2003,12,REG,2003_12_NE_HOU,NE,HOU,0,0,0,0,0,0,0,8,10,0
00-0015523,Duce Staley,RB,2003,12,REG,2003_12_NO_PHI,PHI,NO,0,0,0,0,0,0,0,8,77,0
00-0015601,Aaron Stecker,RB,2003,12,REG,2003_12_NYG_TB,TB,NYG,0,0,0,0,0,0,0,4,15,0
00-0015700,Kordell Stewart,QB,2003,12,REG,2003_12_CHI_DEN,CHI,DEN,7,15,47,0,0,1,-7,8,29,1
00-0015830,Mack Strong,FB,2003,12,REG,2003_12_SEA_BAL,SEA,BAL,0,0,0,0,0,0,0,6,33,0
00-0016098,Fred Taylor,RB,2003,12,REG,2003_12_JAX_NYJ,JAX,NYJ,0,0,0,0,0,0,0,32,119,0
00-0016440,James Thrash,WR,2003,12,REG,2003_12_NO_PHI,PHI,NO,0,0,0,0,0,0,0,1,0,0
00-0017486,Tyrone Wheatley,RB,2003,12,REG,2003_12_OAK_KC,LV,KC,0,0,0,0,0,0,0,19,77,1
00-0017892,Moe Williams,RB,2003,12,REG,2003_12_DET_MIN,MIN,DET,0,0,0,0,0,0,0,5,14,0
00-0017915,Ricky Williams,RB,2003,12,REG,2003_12_WAS_MIA,MIA,WAS,0,0,0,0,0,0,0,23,107,2
00-0018272,Anthony Wright,QB,2003,12,REG,2003_12_SEA_BAL,BAL,SEA,20,37,319,4,0,6,-43,5,27,0
00-0018501,Amos Zereoue,RB,2003,12,REG,2003_12_PIT_CLE,PIT,CLE,0,0,0,0,0,0,0,6,18,0
00-0018958,Laveranues Coles,WR,2003,12,REG,2003_12_WAS_MIA,WAS,MIA,0,0,0,0,0,0,0,2,3,0
00-0019019,Micah Knorr,P,2003,12,REG,2003_12_CHI_DEN,DEN,CHI,0,1,0,0,0,0,0,0,0,0
00-0019041,Billy Volek,QB,2003,12,REG,2003_12_TEN_ATL,TEN,ATL,9,15,117,1,0,0,0,4,2,0
00-0019057,Jamel White,RB,2003,12,REG,2003_12_PIT_CLE,CLE,PIT,0,0,0,0,0,0,0,1,-12,0
00-0019087,Doug Johnson,QB,2003,12,REG,2003_12_TEN_ATL,ATL,TEN,19,32,276,2,1,2,-19,2,3,0
00-0019100,Brad Hoover,FB,2003,12,REG,2003_12_CAR_DAL,CAR,DAL,0,0,0,0,0,0,0,1,4,0
00-0019455,Peter Warrick,WR,2003,12,REG,2003_12_CIN_SD,CIN,LAC,0,0,0,0,0,0,0,3,17,0
00-0019484,Sammy Morris,RB,2003,12,REG,2003_12_IND_BUF,BUF,IND,0,0,0,0,0,0,0,1,7,1
00-0019516,Troy Hambrick,RB,2003,12,REG,2003_12_CAR_DAL,DAL,CAR,0,0,0,0,0,0,0,12,26,0
00-0019533,Patrick Pass,RB,2003,12,REG,2003_12_NE_HOU,NE,HOU,0,0,0,0,0,0,0,2,15,0
00-0019559,Chad Pennington,QB,2003,12,REG,2003_12_JAX_NYJ,NYJ,JAX,25,39,236,1,1,2,-15,0,0,0
00-0019590,Chad Morton,RB,2003,12,REG,2003_12_WAS_MIA,WAS,MIA,0,0,0,0,0,0,0,8,47,0
00-0019596,Tom Brady,QB,2003,12,REG,2003_12_NE_HOU,NE,HOU,29,47,368,2,2,4,-24,6,15,0
00-0019599,Marc Bulger,QB,2003,12,REG,2003_12_STL_ARI,LA,ARI,28,44,329,1,4,4,-31,1,18,0
00-0019623,Tim Rattay,QB,2003,12,REG,2003_12_SF_GB,SF,GB,14,30,142,1,1,4,-23,0,0,0
00-0019641,Thomas Jones,RB,2003,12,REG,2003_12_NYG_TB,TB,NYG,0,0,0,0,0,0,0,10,27,1
00-0019647,Shaun Alexander,RB,2003,12,REG,2003_12_SEA_BAL,SEA,BAL,0,0,0,0,0,0,0,22,72,0
00-0019649,Trung Canidate,RB,2003,12,REG,2003_12_WAS_MIA,WAS,MIA,0,0,0,0,0,0,0,20,69,1
00-0019650,Dennis Northcutt,WR,2003,12,REG,2003_12_PIT_CLE,CLE,PIT,0,0,0,0,0,0,0,2,8,0
00-0019693,Jamal Lewis,RB,2003,12,REG,2003_12_SEA_BAL,BAL,SEA,0,0,0,0,0,0,0,26,117,0
00-0019703,Jerry Porter,WR,2003,12,REG,2003_12_OAK_KC,LV,KC,0,0,0,0,0,0,0,1,10,0
00-0019794,Aveion Cason,RB,2003,12,REG,2003_12_CAR_DAL,DAL,CAR,0,0,0,0,0,0,0,6,26,1
00-0019816,Tim Hasselbeck,QB,2003,12,REG,2003_12_WAS_MIA,WAS,MIA,15,30,150,1,1,1,-5,2,10,0
00-0020022,Marcel Shipp,RB,2003,12,REG,2003_12_STL_ARI,ARI,LA,0,0,0,0,0,0,0,24,95,0
00-0020270,Correll Buckhalter,RB,2003,12,REG,2003_12_NO_PHI,PHI,NO,0,0,0,0,0,0,0,7,18,1
00-0020315,Derrick Blaylock,RB,2003,12,REG,2003_12_OAK_KC,KC,LV,0,0,0,0,0,0,0,3,40,1
00-0020337,Steve Smith,WR,2003,12,REG,2003_12_CAR_DAL,CAR,DAL,0,0,0,0,0,0,0,1,12,0
00-0020403,Anthony Thomas,RB,2003,12,REG,2003_12_CHI_DEN,CHI,DEN,0,0,0,0,0,0,0,21,60,0
00-0020404,Quincy Carter,QB,2003,12,REG,2003_12_CAR_DAL,DAL,CAR,29,44,254,2,1,1,0,6,5,0
00-0020407,Rudi Johnson,RB,2003,12,REG,2003_12_CIN_SD,CIN,LAC,0,0,0,0,0,0,0,16,65,0
00-0020430,James Jackson,RB,2003,12,REG,2003_12_PIT_CLE,CLE,PIT,0,0,0,0,0,0,0,25,94,0
00-0020446,Chris Chambers,WR,2003,12,REG,2003_12_WAS_MIA,MIA,WAS,0,0,0,0,0,0,0,1,9,0
00-0020448,Travis Minor,RB,2003,12,REG,2003_12_WAS_MIA,MIA,WAS,0,0,0,0,0,0,0,3,20,0
00-0020471,Travis Henry,RB,2003,12,REG,2003_12_IND_BUF,BUF,IND,0,0,0,0,0,0,0,22,77,0
00-0020474,Kevan Barlow,RB,2003,12,REG,2003_12_SF_GB,SF,GB,0,0,0,0,0,0,0,4,18,0
00-0020494,Santana Moss,WR,2003,12,REG,2003_12_JAX_NYJ,NYJ,JAX,0,0,0,0,0,0,0,1,5,0
00-0020514,Michael Bennett,RB,2003,12,REG,2003_12_DET_MIN,MIN,DET,0,0,0,0,0,0,0,15,73,1
00-0020516,Todd Heap,TE,2003,12,REG,2003_12_SEA_BAL,BAL,SEA,0,0,0,0,0,0,0,1,7,0
00-0020527,Deuce McAllister,RB,2003,12,REG,2003_12_NO_PHI,NO,PHI,0,0,0,0,0,0,0,19,184,2
00-0020536,LaDainian Tomlinson,RB,2003,12,REG,2003_12_CIN_SD,LAC,CIN,0,0,0,0,0,0,0,16,95,1
00-0020754,Kelly Campbell,WR,2003,12,REG,2003_12_DET_MIN,MIN,DET,0,0,0,0,0,0,0,1,-7,0
00-0020820,Jesse Chatman,RB,2003,12,REG,2003_12_CIN_SD,LAC,CIN,0,0,0,0,0,0,0,1,6,0
00-0020964,Tony Fisher,RB,2003,12,REG,2003_12_SF_GB,GB,SF,0,0,0,0,0,0,0,6,25,0
00-0021048,Damien Anderson,RB,2003,12,REG,2003_12_STL_ARI,ARI,LA,0,0,0,0,0,0,0,1,12,0
00-0021141,Joey Harrington,QB,2003,12,REG,2003_12_DET_MIN,DET,MIN,21,41,167,1,4,0,0,2,34,0
00-0021163,Jabar Gaffney,WR,2003,12,REG,2003_12_NE_HOU,HOU,NE,0,0,0,0,0,0,0,1,13,0
00-0021176,Reche Caldwell,WR,2003,12,REG,2003_12_CIN_SD,LAC,CIN,0,0,0,0,0,0,0,1,3,0
00-0021179,Clinton Portis,RB,2003,12,REG,2003_12_CHI_DEN,DEN,CHI,0,0,0,0,0,0,0,14,165,0
00-0021182,Maurice Morris,RB,2003,12,REG,2003_12_SEA_BAL,SEA,BAL,0,0,0,0,0,0,0,1,2,0
00-0021216,Brian Westbrook,RB,2003,12,REG,2003_12_NO_PHI,PHI,NO,0,0,0,0,0,0,0,9,52,1
00-0021252,Najeh Davenport,RB,2003,12,REG,2003_12_SF_GB,GB,SF,0,0,0,0,0,0,0,11,62,0
00-0021279,Verron Haynes,FB,2003,12,REG,2003_12_PIT_CLE,PIT,CLE,0,0,0,0,0,0,0,1,-2,0
00-0021314,Chester Taylor,RB,2003,12,REG,2003_12_SEA_BAL,BAL,SEA,0,0,0,0,0,0,0,3,-1,0
00-0021376,T.J. Duckett,RB,2003,12,REG,2003_12_TEN_ATL,ATL,TEN,0,0,0,0,0,0,0,4,8,1
00-0021379,Patrick Ramsey,QB,2003,12,REG,2003_12_WAS_MIA,WAS,MIA,1,4,7,0,0,1,-4,0,0,0
00-0021750,Arlen Harris,RB,2003,12,REG,2003_12_STL_ARI,LA,ARI,0,0,0,0,0,0,0,1,-1,0
00-0021918,Carson Dach,C,2003,12,REG,2003_12_NYG_TB,NYG,TB,0,0,0,0,0,0,0,1,0,0
00-0021979,Domanick Williams,RB,2003,12,REG,2003_12_NE_HOU,HOU,NE,0,0,0,0,0,0,0,24,69,0
00-0022044,Andre Johnson,WR,2003,12,REG,2003_12_NE_HOU,HOU,NE,0,0,0,0,0,0,0,2,3,0
00-0022057,LaBrandon Toefield,RB,2003,12,REG,2003_12_JAX_NYJ,JAX,NYJ,0,0,0,0,0,0,0,3,37,0
00-0022084,Anquan Boldin,WR,2003,12,REG,2003_12_STL_ARI,ARI,LA,0,0,0,0,0,0,0,2,28,0
00-0022092,Chris Brown,RB,2003,12,REG,2003_12_TEN_ATL,TEN,ATL,0,0,0,0,0,0,0,2,17,0
00-0022095,Quentin Griffin,RB,2003,12,REG,2003_12_CHI_DEN,DEN,CHI,0,0,0,0,0,0,0,5,26,0
00-0022116,Tony Hollings,RB,2003,12,REG,2003_12_NE_HOU,HOU,NE,0,0,0,0,0,0,0,1,-1,0
00-0022141,Jeremi Johnson,FB,2003,12,REG,2003_12_CIN_SD,CIN,LAC,0,0,0,0,0,0,0,3,17,0
00-0022144,Bobby Wade,WR,2003,12,REG,2003_12_CHI_DEN,CHI,DEN,0,0,0,0,0,0,0,1,4,0
00-0022177,Byron Leftwich,QB,2003,12,REG,2003_12_JAX_NYJ,JAX,NYJ,17,33,172,0,1,1,0,0,0,0
00-0000007,Rabih Abdullah,RB,2003,13,REG,2003_13_ARI_CHI,CHI,ARI,0,0,0,0,0,0,0,1,0,0
00-0000339,Richie Anderson,FB,2003,13,REG,2003_13_MIA_DAL,DAL,MIA,0,0,0,0,0,0,0,5,22,1
00-0000722,Tony Banks,QB,2003,13,REG,2003_13_ATL_HOU,HOU,ATL,8,14,100,0,0,4,-24,0,0,0
00-0000745,Tiki Barber,RB,2003,13,REG,2003_13_BUF_NYG,NYG,BUF,0,0,0,0,0,0,0,12,20,0
00-0000865,Charlie Batch,QB,2003,13,REG,2003_13_CIN_PIT,PIT,CIN,1,2,22,0,0,1,-2,0,0,0
00-0000942,Fred Beasley,FB,2003,13,REG,2003_13_SF_BAL,SF,BAL,0,0,0,0,0,0,0,2,2,0
00-0001098,Brandon Bennett,RB,2003,13,REG,2003_13_CIN_PIT,CIN,PIT,0,0,0,0,0,0,0,1,16,0
00-0001215,Jerome Bettis,RB,2003,13,REG,2003_13_CIN_PIT,PIT,CIN,0,0,0,0,0,0,0,20,62,1
00-0001335,Jeff Blake,QB,2003,13,REG,2003_13_ARI_CHI,ARI,CHI,20,32,163,0,2,1,-12,2,8,0
00-0001361,Drew Bledsoe,QB,2003,13,REG,2003_13_BUF_NYG,BUF,NYG,19,29,252,2,0,3,-16,2,-1,0
00-0001823,Aaron Brooks,QB,2003,13,REG,2003_13_NO_WAS,NO,WAS,14,30,121,1,0,0,0,6,11,2
00-0002099,Isaac Bruce,WR,2003,13,REG,2003_13_MIN_STL,LA,MIN,1,1,41,0,0,0,0,1,14,0
00-0002159,Shawn Bryson,RB,2003,13,REG,2003_13_GB_DET,DET,GB,0,0,0,0,0,0,0,16,50,1
00-0003136,Mike Cloud,RB,2003,13,REG,2003_13_NE_IND,NE,IND,0,0,0,0,0,0,0,4,6,2
00-0003292,Kerry Collins,QB,2003,13,REG,2003_13_BUF_NYG,NYG,BUF,17,35,233,1,0,6,-35,0,0,0
00-0003535,Tim Couch,QB,2003,13,REG,2003_13_CLE_SEA,CLE,SEA,1,3,5,0,0,0,0,0,0,0
00-0003663,Zack Crockett,RB,2003,13,REG,2003_13_DEN_OAK,LV,DEN,0,0,0,0,0,0,0,5,12,0
00-0003739,Daunte Culpepper,QB,2003,13,REG,2003_13_MIN_STL,MIN,LA,33,47,330,1,1,8,-54,4,70,0
00-0004052,Stephen Davis,RB,2003,13,REG,2003_13_PHI_CAR,CAR,PHI,0,0,0,0,0,0,0,23,115,0
00-0004161,Jake Delhomme,QB,2003,13,REG,2003_13_PHI_CAR,CAR,PHI,18,29,216,2,0,2,-16,3,13,0
00-0004293,Trent Dilfer,QB,2003,13,REG,2003_13_CLE_SEA,SEA,CLE,0,1,0,0,0,1,-8,0,0,0
00-0004304,Corey Dillon,RB,2003,13,REG,2003_13_CIN_PIT,CIN,PIT,0,0,0,0,0,0,0,10,48,0
00-0004541,Donald Driver,WR,2003,13,REG,2003_13_GB_DET,GB,DET,0,0,0,0,0,0,0,1,-7,0
00-0005091,Kevin Faulk,RB,2003,13,REG,2003_13_NE_IND,NE,IND,0,0,0,0,0,0,0,15,42,0
00-0005092,Marshall Faulk,RB,2003,13,REG,2003_13_MIN_STL,LA,MIN,0,0,0,0,0,0,0,17,108,3
00-0005106,Brett Favre,QB,2003,13,REG,2003_13_GB_DET,GB,DET,23,37,296,2,3,4,-28,0,0,0
00-0005180,Jay Fiedler,QB,2003,13,REG,2003_13_MIA_DAL,MIA,DAL,16,20,239,3,0,1,-7,3,4,1
00-0005363,Doug Flutie,QB,2003,13,REG,2003_13_KC_SD,LAC,KC,16,34,213,2,2,1,-2,8,53,0
00-0005589,Gus Frerotte,QB,2003,13,REG,2003_13_MIN_STL,MIN,LA,0,1,0,0,0,0,0,0,0,0
00-0005620,Chris Fuamatu-Ma'afala,RB,2003,13,REG,2003_13_TB_JAX,JAX,TB,0,0,0,0,0,0,0,1,5,0
00-0005755,Jeff Garcia,QB,2003,13,REG,2003_13_SF_BAL,SF,BAL,14,29,112,0,4,0,0,0,0,0
00-0005779,Charlie Garner,RB,2003,13,REG,2003_13_DEN_OAK,LV,DEN,0,0,0,0,0,0,0,6,14,0
00-0005816,Olandis Gary,RB,2003,13,REG,2003_13_GB_DET,DET,GB,0,0,0,0,0,0,0,10,37,0
00-0005883,Eddie George,RB,2003,13,REG,2003_13_TEN_NYJ,TEN,NYJ,0,0,0,0,0,0,0,18,73,0
00-0006305,Ahman Green,RB,2003,13,REG,2003_13_GB_DET,GB,DET,0,0,0,0,0,0,0,13,57,0
00-0006355,Trent Green,QB,2003,13,REG,2003_13_KC_SD,KC,LAC,17,30,155,2,2,1,-14,0,0,0
00-0007091,Matt Hasselbeck,QB,2003,13,REG,2003_13_CLE_SEA,SEA,CLE,26,35,328,3,1,2,-14,0,0,0
00-0007180,Garrison Hearst,RB,2003,13,REG,2003_13_SF_BAL,SF,BAL,0,0,0,0,0,0,0,12,47,0
00-0007576,Kelly Holcomb,QB,2003,13,REG,2003_13_CLE_SEA,CLE,SEA,22,31,186,0,1,4,-24,0,0,0
00-0007579,Robert Holcombe,FB,2003,13,REG,2003_13_TEN_NYJ,TEN,NYJ,0,0,0,0,0,0,0,1,4,0
00-0007661,Priest Holmes,RB,2003,13,REG,2003_13_KC_SD,KC,LAC,0,0,0,0,0,0,0,31,162,2
00-0007744,Joe Horn,WR,2003,13,REG,2003_13_NO_WAS,NO,WAS,0,0,0,0,0,0,0,1,13,0
00-0008241,Edgerrin James,RB,2003,13,REG,2003_13_NE_IND,IND,NE,0,0,0,0,0,0,0,25,88,0
00-0008442,Brad Johnson,QB,2003,13,REG,2003_13_TB_JAX,TB,JAX,21,38,156,0,1,2,-12,2,6,0
00-0009163,Eddie Kennison,WR,2003,13,REG,2003_13_KC_SD,KC,LAC,0,0,0,0,0,0,0,1,4,0
00-0009311,Jon Kitna,QB,2003,13,REG,2003_13_CIN_PIT,CIN,PIT,18,32,271,3,0,1,-5,3,18,0
00-0009829,Dorsey Levens,RB,2003,13,REG,2003_13_BUF_NYG,NYG,BUF,0,0,0,0,0,0,0,1,4,0
00-0010261,Tommy Maddox,QB,2003,13,REG,2003_13_CIN_PIT,PIT,CIN,28,42,313,1,1,5,-34,2,4,0
00-0010346,Peyton Manning,QB,2003,13,REG,2003_13_NE_IND,IND,NE,29,48,278,4,1,2,-6,2,1,0
00-0010442,Curtis Martin,RB,2003,13,REG,2003_13_TEN_NYJ,NYJ,TEN,0,0,0,0,0,0,0,24,67,1
00-0010609,Brad Maynard,P,2003,13,REG,2003_13_ARI_CHI,CHI,ARI,0,0,0,0,0,0,0,1,0,0
00-0011022,Donovan McNabb,QB,2003,13,REG,2003_13_PHI_CAR,PHI,CAR,18,26,182,1,1,3,-23,2,6,0
00-0011024,Steve McNair,QB,2003,13,REG,2003_13_TEN_NYJ,TEN,NYJ,21,35,272,2,2,3,-13,1,-1,0
00-0011378,Rick Mirer,QB,2003,13,REG,2003_13_DEN_OAK,LV,DEN,13,30,153,0,0,2,-11,3,16,0
00-0011754,Randy Moss,WR,2003,13,REG,2003_13_MIN_STL,MIN,LA,0,0,0,0,0,0,0,1,5,0
00-0011958,Lorenzo Neal,FB,2003,13,REG,2003_13_KC_SD,LAC,KC,0,0,0,0,0,0,0,1,0,0
00-0013013,Michael Pittman,RB,2003,13,REG,2003_13_TB_JAX,TB,JAX,0,0,0,0,0,0,0,10,60,0
00-0013042,Jake Plummer,QB,2003,13,REG,2003_13_DEN_OAK,DEN,LV,11,20,105,1,1,3,-11,5,8,0
00-0013232,Peerless Price,WR,2003,13,REG,2003_13_ATL_HOU,ATL,HOU,0,0,0,0,0,0,0,1,5,0
00-0013262,Stanley Pritchett,RB,2003,13,REG,2003_13_ARI_CHI,CHI,ARI,0,0,0,0,0,0,0,1,0,0
00-0014450,Cory Schlesinger,FB,2003,13,REG,2003_13_GB_DET,DET,GB,0,0,0,0,0,0,0,2,5,0
00-0015165,Emmitt Smith,RB,2003,13,REG,2003_13_ARI_CHI,ARI,CHI,0,0,0,0,0,0,0,1,-3,0
00-0015523,Duce Staley,RB,2003,13,REG,2003_13_PHI_CAR,PHI,CAR,0,0,0,0,0,0,0,8,24,1
00-0015700,Kordell Stewart,QB,2003,13,REG,2003_13_ARI_CHI,CHI,ARI,22,37,284,2,0,3,-16,5,26,1
00-0015830,Mack Strong,FB,2003,13,REG,2003_13_CLE_SEA,SEA,CLE,0,0,0,0,0,0,0,4,22,0
00-0016098,Fred Taylor,RB,2003,13,REG,2003_13_TB_JAX,JAX,TB,0,0,0,0,0,0,0,29,118,0
00-0016838,Alex Van Pelt,QB,2003,13,REG,2003_13_BUF_NYG,BUF,NYG,2,5,23,0,0,1,-7,1,-2,0
00-0017486,Tyrone Wheatley,RB,2003,13,REG,2003_13_DEN_OAK,LV,DEN,0,0,0,0,0,0,0,8,85,0
00-0017611,Alvis Whitted,WR,2003,13,REG,2003_13_DEN_OAK,LV,DEN,0,0,0,0,0,0,0,1,-7,0
00-0017892,Moe Williams,RB,2003,13,REG,2003_13_MIN_STL,MIN,LA,0,0,0,0,0,0,0,6,2,1
00-0017915,Ricky Williams,RB,2003,13,REG,2003_13_MIA_DAL,MIA,DAL,0,0,0,0,0,0,0,31,104,0
00-0018272,Anthony Wright,QB,2003,13,REG,2003_13_SF_BAL,BAL,SF,14,25,177,2,1,1,-12,3,26,0
00-0018501,Amos Zereoue,RB,2003,13,REG,2003_13_CIN_PIT,PIT,CIN,0,0,0,0,0,0,0,3,19,0
00-0018578,Ryan Neufeld,FB,2003,13,REG,2003_13_BUF_NYG,BUF,NYG,0,0,0,0,0,0,0,1,14,0
00-0018588,Alan Ricard,RB,2003,13,REG,2003_13_SF_BAL,BAL,SF,0,0,0,0,0,0,0,1,4,0
00-0019057,Jamel White,RB,2003,13,REG,2003_13_CLE_SEA,CLE,SEA,0,0,0,0,0,0,0,3,8,0
00-0019087,Doug Johnson,QB,2003,13,REG,2003_13_ATL_HOU,ATL,HOU,12,27,116,0,1,0,0,2,-2,0
00-0019453,Rod Smart,RB,2003,13,REG,2003_13_PHI_CAR,CAR,PHI,0,0,0,0,0,0,0,1,2,0
00-0019516,Troy Hambrick,RB,2003,13,REG,2003_13_MIA_DAL,DAL,MIA,0,0,0,0,0,0,0,3,2,0
00-0019533,Patrick Pass,RB,2003,13,REG,2003_13_NE_IND,NE,IND,0,0,0,0,0,0,0,2,9,0
00-0019559,Chad Pennington,QB,2003,13,REG,2003_13_TEN_NYJ,NYJ,TEN,18,23,231,2,2,2,-8,4,16,0
00-0019590,Chad Morton,RB,2003,13,REG,2003_13_NO_WAS,WAS,NO,0,0,0,0,0,0,0,1,1,0
00-0019596,Tom Brady,QB,2003,13,REG,2003_13_NE_IND,NE,IND,26,35,236,2,2,2,-10,2,-1,0
00-0019599,Marc Bulger,QB,2003,13,REG,2003_13_MIN_STL,LA,MIN,15,20,222,1,1,1,-8,2,13,1
00-0019610,Reuben Droughns,RB,2003,13,REG,2003_13_DEN_OAK,DEN,LV,0,0,0,0,0,0,0,4,16,0
00-0019623,Tim Rattay,QB,2003,13,REG,2003_13_SF_BAL,SF,BAL,3,7,46,0,0,0,0,0,0,0
00-0019641,Thomas Jones,RB,2003,13,REG,2003_13_TB_JAX,TB,JAX,0,0,0,0,0,0,0,7,11,1
00-0019645,Deltha O'Neal,CB,2003,13,REG,2003_13_DEN_OAK,DEN,LV,0,0,0,0,0,0,0,1,0,0
00-0019647,Shaun Alexander,RB,2003,13,REG,2003_13_CLE_SEA,SEA,CLE,0,0,0,0,0,0,0,27,127,1
00-0019649,Trung Canidate,RB,2003,13,REG,2003_13_NO_WAS,WAS,NO,0,0,0,0,0,0,0,16,115,0
00-0019693,Jamal Lewis,RB,2003,13,REG,2003_13_SF_BAL,BAL,SF,0,0,0,0,0,0,0,19,78,1
00-0019794,Aveion Cason,RB,2003,13,REG,2003_13_MIA_DAL,DAL,MIA,0,0,0,0,0,0,0,4,25,0
00-0019816,Tim Hasselbeck,QB,2003,13,REG,2003_13_NO_WAS,WAS,NO,22,42,231,0,1,0,0,3,10,0
00-0019831,Nick Goings,RB,2003,13,REG,2003_13_PHI_CAR,CAR,PHI,0,0,0,0,0,0,0,1,8,0
00-0019863,Dominic Rhodes,RB,2003,13,REG,2003_13_NE_IND,IND,NE,0,0,0,0,0,0,0,2,9,0
00-0020022,Marcel Shipp,RB,2003,13,REG,2003_13_ARI_CHI,ARI,CHI,0,0,0,0,0,0,0,14,34,0
00-0020245,Mike Vick,QB,2003,13,REG,2003_13_ATL_HOU,ATL,HOU,8,11,60,0,0,1,-2,3,16,0
00-0020270,Correll Buckhalter,RB,2003,13,REG,2003_13_PHI_CAR,PHI,CAR,0,0,0,0,0,0,0,6,30,0
00-0020315,Derrick Blaylock,RB,2003,13,REG,2003_13_KC_SD,KC,LAC,0,0,0,0,0,0,0,6,22,0
00-0020337,Steve Smith,WR,2003,13,REG,2003_13_PHI_CAR,CAR,PHI,0,0,0,0,0,0,0,1,-2,0
00-0020404,Quincy Carter,QB,2003,13,REG,2003_13_MIA_DAL,DAL,MIA,24,40,288,2,3,5,-25,4,42,0
00-0020407,Rudi Johnson,RB,2003,13,REG,2003_13_CIN_PIT,CIN,PIT,0,0,0,0,0,0,0,10,29,0
00-0020430,James Jackson,RB,2003,13,REG,2003_13_CLE_SEA,CLE,SEA,0,0,0,0,0,0,0,12,32,0
00-0020448,Travis Minor,RB,2003,13,REG,2003_13_MIA_DAL,MIA,DAL,0,0,0,0,0,0,0,9,26,0
00-0020471,Travis Henry,RB,2003,13,REG,2003_13_BUF_NYG,BUF,NYG,0,0,0,0,0,0,0,26,113,1
00-0020474,Kevan Barlow,RB,2003,13,REG,2003_13_SF_BAL,SF,BAL,0,0,0,0,0,0,0,11,48,0
00-0020480,Sage Rosenfels,QB,2003,13,REG,2003_13_MIA_DAL,MIA,DAL,0,0,0,0,0,0,0,1,-1,0
00-0020494,Santana Moss,WR,2003,13,REG,2003_13_TEN_NYJ,NYJ,TEN,0,0,0,0,0,0,0,2,14,0
00-0020507,Heath Evans,FB,2003,13,REG,2003_13_CLE_SEA,SEA,CLE,0,0,0,0,0,0,0,1,8,0
00-0020514,Michael Bennett,RB,2003,13,REG,2003_13_MIN_STL,MIN,LA,0,0,0,0,0,0,0,14,98,0
00-0020527,Deuce McAllister,RB,2003,13,REG,2003_13_NO_WAS,NO,WAS,0,0,0,0,0,0,0,30,165,0
00-0020536,LaDainian Tomlinson,RB,2003,13,REG,2003_13_KC_SD,LAC,KC,0,0,0,0,0,0,0,19,106,1
00-0020587,Jamal Robertson,RB,2003,13,REG,2003_13_SF_BAL,SF,BAL,0,0,0,0,0,0,0,5,9,0
00-0020608,David Carr,QB,2003,13,REG,2003_13_ATL_HOU,HOU,ATL,2,5,25,0,1,0,0,4,30,0
00-0020754,Kelly Campbell,WR,2003,13,REG,2003_13_MIN_STL,MIN,LA,0,0,0,0,0,0,0,1,14,0
00-0020917,Joe Burns,RB,2003,13,REG,2003_13_BUF_NYG,BUF,NYG,0,0,0,0,0,0,0,5,13,0
00-0021048,Damien Anderson,RB,2003,13,REG,2003_13_ARI_CHI,ARI,CHI,0,0,0,0,0,0,0,1,7,0
00-0021141,Joey Harrington,QB,2003,13,REG,2003_13_GB_DET,DET,GB,21,32,183,0,1,3,-17,5,8,0
00-0021152,Ashley Lelie,WR,2003,13,REG,2003_13_DEN_OAK,DEN,LV,0,0,0,0,0,0,0,1,-4,0
00-0021166,Josh Reed,WR,2003,13,REG,2003_13_BUF_NYG,BUF,NYG,0,0,0,0,0,0,0,1,14,0
00-0021175,Andre Davis,WR,2003,13,REG,2003_13_CLE_SEA,CLE,SEA,0,0,0,0,0,0,0,1,7,0
00-0021179,Clinton Portis,RB,2003,13,REG,2003_13_DEN_OAK,DEN,LV,0,0,0,0,0,0,0,34,170,2
00-0021182,Maurice Morris,RB,2003,13,REG,2003_13_CLE_SEA,SEA,CLE,0,0,0,0,0,0,0,4,0,0
00-0021184,Ladell Betts,RB,2003,13,REG,2003_13_NO_WAS,WAS,NO,0,0,0,0,0,0,0,2,8,0
00-0021209,Lamar Gordon,RB,2003,13,REG,2003_13_MIN_STL,LA,MIN,0,0,0,0,0,0,0,5,6,0
00-0021216,Brian Westbrook,RB,2003,13,REG,2003_13_PHI_CAR,PHI,CAR,0,0,0,0,0,0,0,12,64,0
00-0021223,Jonathan Wells,RB,2003,13,REG,2003_13_ATL_HOU,HOU,ATL,0,0,0,0,0,0,0,1,0,0
00-0021252,Najeh Davenport,RB,2003,13,REG,2003_13_GB_DET,GB,DET,0,0,0,0,0,0,0,2,2,0
00-0021314,Chester Taylor,RB,2003,13,REG,2003_13_SF_BAL,BAL,SF,0,0,0,0,0,0,0,1,-1,0
00-0021357,Rock Cartwright,RB,2003,13,REG,2003_13_NO_WAS,WAS,NO,0,0,0,0,0,0,0,4,27,1
00-0021376,T.J. Duckett,RB,2003,13,REG,2003_13_ATL_HOU,ATL,HOU,0,1,0,0,0,0,0,12,31,1
00-0021938,Brock Forsey,RB,2003,13,REG,2003_13_ARI_CHI,CHI,ARI,0,0,0,0,0,0,0,27,134,1
00-0021976,Larry Johnson,RB,2003,13,REG,2003_13_KC_SD,KC,LAC,0,0,0,0,0,0,0,1,6,0
00-0021979,Domanick Williams,RB,2003,13,REG,2003_13_ATL_HOU,HOU,ATL,0,0,0,0,0,0,0,24,101,2
00-0022011,Justin Griffith,RB,2003,13,REG,2003_13_ATL_HOU,ATL,HOU,0,0,0,0,0,0,0,6,19,0
00-0022057,LaBrandon Toefield,RB,2003,13,REG,2003_13_TB_JAX,JAX,TB,0,0,0,0,0,0,0,2,9,0
00-0022092,Chris Brown,RB,2003,13,REG,2003_13_TEN_NYJ,TEN,NYJ,0,0,0,0,0,0,0,2,8,0
00-0022095,Quentin Griffin,RB,2003,13,REG,2003_13_DEN_OAK,DEN,LV,0,0,0,0,0,0,0,1,3,0
00-0022116,Tony Hollings,RB,2003,13,REG,2003_13_ATL_HOU,HOU,ATL,0,0,0,0,0,0,0,2,4,0
00-0022130,Musa Smith,RB,2003,13,REG,2003_13_SF_BAL,BAL,SF,0,0,0,0,0,0,0,5,10,1
00-0022141,Jeremi Johnson,FB,2003,13,REG,2003_13_CIN_PIT,CIN,PIT,0,0,0,0,0,0,0,1,2,0
00-0022144,Bobby Wade,WR,2003,13,REG,2003_13_ARI_CHI,CHI,ARI,0,0,0,0,0,0,0,1,-6,0
00-0022177,Byron Leftwich,QB,2003,13,REG,2003_13_TB_JAX,JAX,TB,20,34,224,2,0,0,0,3,3,0
00-0000007,Rabih Abdullah,RB,2003,14,REG,2003_14_CHI_GB,CHI,GB,0,0,0,0,0,0,0,2,3,0
00-0000339,Richie Anderson,FB,2003,14,REG,2003_14_DAL_PHI,DAL,PHI,0,0,0,0,0,0,0,6,32,0
00-0000745,Tiki Barber,RB,2003,14,REG,2003_14_WAS_NYG,NYG,WAS,0,0,0,0,0,0,0,16,99,0
00-0000942,Fred Beasley,FB,2003,14,REG,2003_14_ARI_SF,SF,ARI,0,0,0,0,0,0,0,2,2,0
00-0001098,Brandon Bennett,RB,2003,14,REG,2003_14_CIN_BAL,CIN,BAL,0,0,0,0,0,0,0,5,43,0
00-0001215,Jerome Bettis,RB,2003,14,REG,2003_14_OAK_PIT,PIT,LV,0,0,0,0,0,0,0,27,106,1
00-0001335,Jeff Blake,QB,2003,14,REG,2003_14_ARI_SF,ARI,SF,8,20,59,0,1,1,-15,1,15,0
00-0001361,Drew Bledsoe,QB,2003,14,REG,2003_14_NYJ_BUF,BUF,NYJ,9,15,72,1,1,2,-19,3,5,0
00-0001477,Marty Booker,WR,2003,14,REG,2003_14_CHI_GB,CHI,GB,0,0,0,0,0,0,0,1,-4,0
00-0001823,Aaron Brooks,QB,2003,14,REG,2003_14_TB_NO,NO,TB,20,30,238,1,0,7,-36,1,4,0
00-0002159,Shawn Bryson,RB,2003,14,REG,2003_14_SD_DET,DET,LAC,0,0,0,0,0,0,0,10,28,0
00-0003292,Kerry Collins,QB,2003,14,REG,2003_14_WAS_NYG,NYG,WAS,5,14,62,0,1,1,-8,0,0,0
00-0003535,Tim Couch,QB,2003,14,REG,2003_14_STL_CLE,CLE,LA,6,9,98,1,0,3,-17,1,8,0
00-0003663,Zack Crockett,RB,2003,14,REG,2003_14_OAK_PIT,LV,PIT,0,0,0,0,0,0,0,1,0,0
00-0003739,Daunte Culpepper,QB,2003,14,REG,2003_14_SEA_MIN,MIN,SEA,21,33,274,3,0,2,-2,5,7,0
00-0004052,Stephen Davis,RB,2003,14,REG,2003_14_CAR_ATL,CAR,ATL,0,0,0,0,0,0,0,24,81,1
00-0004161,Jake Delhomme,QB,2003,14,REG,2003_14_CAR_ATL,CAR,ATL,13,25,153,1,2,1,-12,5,0,0
00-0004304,Corey Dillon,RB,2003,14,REG,2003_14_CIN_BAL,CIN,BAL,0,0,0,0,0,0,0,11,45,0
00-0004768,Marc Edwards,FB,2003,14,REG,2003_14_HOU_JAX,JAX,HOU,0,0,0,0,0,0,0,1,3,0
00-0004780,Troy Edwards,WR,2003,14,REG,2003_14_HOU_JAX,JAX,HOU,0,0,0,0,0,0,0,1,-13,0
00-0005091,Kevin Faulk,RB,2003,14,REG,2003_14_MIA_NE,NE,MIA,0,0,0,0,0,0,0,5,20,0
00-0005092,Marshall Faulk,RB,2003,14,REG,2003_14_STL_CLE,LA,CLE,0,0,0,0,0,0,0,24,102,0
00-0005106,Brett Favre,QB,2003,14,REG,2003_14_CHI_GB,GB,CHI,22,33,210,1,1,0,0,4,1,0
00-0005180,Jay Fiedler,QB,2003,14,REG,2003_14_MIA_NE,MIA,NE,13,31,111,0,2,5,-45,0,0,0
00-0005363,Doug Flutie,QB,2003,14,REG,2003_14_SD_DET,LAC,DET,17,25,244,2,1,0,0,7,30,0
00-0005720,Joey Galloway,WR,2003,14,REG,2003_14_DAL_PHI,DAL,PHI,0,0,0,0,0,0,0,1,2,0
00-0005755,Jeff Garcia,QB,2003,14,REG,2003_14_ARI_SF,SF,ARI,19,28,252,4,0,1,-3,5,32,2
00-0005779,Charlie Garner,RB,2003,14,REG,2003_14_OAK_PIT,LV,PIT,0,0,0,0,0,0,0,9,57,0
00-0005816,Olandis Gary,RB,2003,14,REG,2003_14_SD_DET,DET,LAC,0,0,0,0,0,0,0,5,20,0
00-0005883,Eddie George,RB,2003,14,REG,2003_14_IND_TEN,TEN,IND,0,0,0,0,0,0,0,11,51,0
00-0006305,Ahman Green,RB,2003,14,REG,2003_14_CHI_GB,GB,CHI,0,0,0,0,0,0,0,30,80,1
00-0006355,Trent Green,QB,2003,14,REG,2003_14_KC_DEN,KC,DEN,34,47,397,1,0,3,-16,1,1,1
00-0007091,Matt Hasselbeck,QB,2003,14,REG,2003_14_SEA_MIN,SEA,MIN,17,34,218,0,2,3,-16,0,0,0
00-0007576,Kelly Holcomb,QB,2003,14,REG,2003_14_STL_CLE,CLE,LA,10,17,80,1,2,2,-14,0,0,0
00-0007579,Robert Holcombe,FB,2003,14,REG,2003_14_IND_TEN,TEN,IND,0,0,0,0,0,0,0,1,-1,0
00-0007661,Priest Holmes,RB,2003,14,REG,2003_14_KC_DEN,KC,DEN,0,0,0,0,0,0,0,12,44,2
00-0008241,Edgerrin James,RB,2003,14,REG,2003_14_IND_TEN,IND,TEN,0,0,0,0,0,0,0,27,95,2
00-0008442,Brad Johnson,QB,2003,14,REG,2003_14_TB_NO,TB,NO,20,34,213,2,1,1,-6,2,-3,0
00-0008568,Leon Johnson,RB,2003,14,REG,2003_14_SD_DET,LAC,DET,0,0,0,0,0,0,0,2,8,0
00-0009311,Jon Kitna,QB,2003,14,REG,2003_14_CIN_BAL,CIN,BAL,23,31,214,1,2,6,-46,0,0,0
00-0009829,Dorsey Levens,RB,2003,14,REG,2003_14_WAS_NYG,NYG,WAS,0,0,0,0,0,0,0,7,21,1
00-0010261,Tommy Maddox,QB,2003,14,REG,2003_14_OAK_PIT,PIT,LV,19,28,266,1,1,0,0,3,3,0
00-0010346,Peyton Manning,QB,2003,14,REG,2003_14_IND_TEN,IND,TEN,22,34,228,0,0,3,-7,4,20,0
00-0010442,Curtis Martin,RB,2003,14,REG,2003_14_NYJ_BUF,NYJ,BUF,0,0,0,0,0,0,0,25,84,0
00-0011022,Donovan McNabb,QB,2003,14,REG,2003_14_DAL_PHI,PHI,DAL,19,35,248,3,0,2,-12,1,21,0
00-0011024,Steve McNair,QB,2003,14,REG,2003_14_IND_TEN,TEN,IND,22,38,235,2,0,1,-1,3,20,1
00-0011378,Rick Mirer,QB,2003,14,REG,2003_14_OAK_PIT,LV,PIT,10,25,68,0,2,4,-29,0,0,0
00-0011463,Chris Mohr,P,2003,14,REG,2003_14_CAR_ATL,ATL,CAR,0,1,0,0,0,0,0,0,0,0
00-0013013,Michael Pittman,RB,2003,14,REG,2003_14_TB_NO,TB,NO,0,0,0,0,0,0,0,6,13,0
00-0013042,Jake Plummer,QB,2003,14,REG,2003_14_KC_DEN,DEN,KC,20,29,238,1,0,0,0,3,10,0
00-0013262,Stanley Pritchett,RB,2003,14,REG,2003_14_CHI_GB,CHI,GB,0,0,0,0,0,0,0,2,5,0
00-0014489,Bill Schroeder,WR,2003,14,REG,2003_14_SD_DET,DET,LAC,0,1,0,0,0,0,0,0,0,0
00-0015091,Antowain Smith,RB,2003,14,REG,2003_14_MIA_NE,NE,MIA,0,0,0,0,0,0,0,27,60,0
00-0015165,Emmitt Smith,RB,2003,14,REG,2003_14_ARI_SF,ARI,SF,0,0,0,0,0,0,0,4,15,0
00-0015242,Lamar Smith,RB,2003,14,REG,2003_14_TB_NO,NO,TB,0,0,0,0,0,0,0,1,17,0
00-0015290,Rod Smith,WR,2003,14,REG,2003_14_KC_DEN,DEN,KC,0,0,0,0,0,0,0,2,32,0
00-0015523,Duce Staley,RB,2003,14,REG,2003_14_DAL_PHI,PHI,DAL,0,0,0,0,0,0,0,2,8,0
00-0015700,Kordell Stewart,QB,2003,14,REG,2003_14_CHI_GB,CHI,GB,17,40,256,1,3,3,-25,3,22,0
00-0015830,Mack Strong,FB,2003,14,REG,2003_14_SEA_MIN,SEA,MIN,0,0,0,0,0,0,0,1,1,0
00-0016098,Fred Taylor,RB,2003,14,REG,2003_14_HOU_JAX,JAX,HOU,0,0,0,0,0,0,0,24,163,1
00-0017486,Tyrone Wheatley,RB,2003,14,REG,2003_14_OAK_PIT,LV,PIT,0,0,0,0,0,0,0,13,65,1
00-0017693,Jeff Wilkins,K,2003,14,REG,2003_14_STL_CLE,LA,CLE,0,0,0,0,0,0,0,1,7,0
00-0017892,Moe Williams,RB,2003,14,REG,2003_14_SEA_MIN,MIN,SEA,0,0,0,0,0,0,0,8,28,0
00-0017915,Ricky Williams,RB,2003,14,REG,2003_14_MIA_NE,MIA,NE,0,0,0,0,0,0,0,25,68,0
00-0018272,Anthony Wright,QB,2003,14,REG,2003_14_CIN_BAL,BAL,CIN,8,19,145,1,2,2,-15,7,3,0
00-0018501,Amos Zereoue,RB,2003,14,REG,2003_14_OAK_PIT,PIT,LV,0,0,0,0,0,0,0,5,7,0
00-0018588,Alan Ricard,RB,2003,14,REG,2003_14_CIN_BAL,BAL,CIN,0,0,0,0,0,0,0,1,6,0
00-0018958,Laveranues Coles,WR,2003,14,REG,2003_14_WAS_NYG,WAS,NYG,0,0,0,0,0,0,0,1,5,0
00-0019057,Jamel White,RB,2003,14,REG,2003_14_STL_CLE,CLE,LA,0,0,0,0,0,0,0,16,101,1
00-0019100,Brad Hoover,FB,2003,14,REG,2003_14_CAR_ATL,CAR,ATL,0,0,0,0,0,0,0,1,3,0
00-0019135,Dan Kreider,FB,2003,14,REG,2003_14_OAK_PIT,PIT,LV,0,0,0,0,0,0,0,1,1,1
00-0019505,Charles Lee,WR,2003,14,REG,2003_14_TB_NO,TB,NO,0,0,0,0,0,0,0,1,8,0
00-0019516,Troy Hambrick,RB,2003,14,REG,2003_14_DAL_PHI,DAL,PHI,0,0,0,0,0,0,0,17,75,0
00-0019539,Dante Hall,WR,2003,14,REG,2003_14_KC_DEN,KC,DEN,0,0,0,0,0,0,0,2,15,0
00-0019559,Chad Pennington,QB,2003,14,REG,2003_14_NYJ_BUF,NYJ,BUF,15,29,155,0,1,5,-28,1,4,0
00-0019590,Chad Morton,RB,2003,14,REG,2003_14_WAS_NYG,WAS,NYG,0,0,0,0,0,0,0,13,56,0
00-0019596,Tom Brady,QB,2003,14,REG,2003_14_MIA_NE,NE,MIA,16,31,163,0,0,3,-13,2,-2,0
00-0019599,Marc Bulger,QB,2003,14,REG,2003_14_STL_CLE,LA,CLE,22,36,223,1,1,3,-13,6,9,0
00-0019623,Tim Rattay,QB,2003,14,REG,2003_14_ARI_SF,SF,ARI,1,1,15,0,0,0,0,3,-2,0
00-0019641,Thomas Jones,RB,2003,14,REG,2003_14_TB_NO,TB,NO,0,0,0,0,0,0,0,20,89,0
00-0019647,Shaun Alexander,RB,2003,14,REG,2003_14_SEA_MIN,SEA,MIN,0,0,0,0,0,0,0,14,56,1
00-0019649,Trung Canidate,RB,2003,14,REG,2003_14_WAS_NYG,WAS,NYG,0,0,0,0,0,0,0,19,69,0
00-0019650,Dennis Northcutt,WR,2003,14,REG,2003_14_STL_CLE,CLE,LA,0,0,0,0,0,0,0,2,16,0
00-0019693,Jamal Lewis,RB,2003,14,REG,2003_14_CIN_BAL,BAL,CIN,0,0,0,0,0,0,0,30,180,3
00-0019721,Travis Taylor,WR,2003,14,REG,2003_14_CIN_BAL,BAL,CIN,0,0,0,0,0,0,0,1,8,0
00-0019816,Tim Hasselbeck,QB,2003,14,REG,2003_14_WAS_NYG,WAS,NYG,13,19,154,2,0,2,-16,2,-2,0
00-0019863,Dominic Rhodes,RB,2003,14,REG,2003_14_IND_TEN,IND,TEN,0,0,0,0,0,0,0,1,2,0
00-0020022,Marcel Shipp,RB,2003,14,REG,2003_14_ARI_SF,ARI,SF,0,0,0,0,0,0,0,13,30,0
00-0020058,David Allen,RB,2003,14,REG,2003_14_HOU_JAX,JAX,HOU,0,0,0,0,0,0,0,3,3,0
00-0020245,Mike Vick,QB,2003,14,REG,2003_14_CAR_ATL,ATL,CAR,16,33,179,0,1,3,-23,14,141,1
00-0020270,Correll Buckhalter,RB,2003,14,REG,2003_14_DAL_PHI,PHI,DAL,0,0,0,0,0,0,0,13,115,1
00-0020315,Derrick Blaylock,RB,2003,14,REG,2003_14_KC_DEN,KC,DEN,0,0,0,0,0,0,0,4,3,0
00-0020403,Anthony Thomas,RB,2003,14,REG,2003_14_CHI_GB,CHI,GB,0,0,0,0,0,0,0,9,22,0
00-0020404,Quincy Carter,QB,2003,14,REG,2003_14_DAL_PHI,DAL,PHI,15,24,93,1,2,3,-18,1,0,0
00-0020407,Rudi Johnson,RB,2003,14,REG,2003_14_CIN_BAL,CIN,BAL,0,0,0,0,0,0,0,4,10,0
00-0020430,James Jackson,RB,2003,14,REG,2003_14_STL_CLE,CLE,LA,0,0,0,0,0,0,0,4,30,0
00-0020471,Travis Henry,RB,2003,14,REG,2003_14_NYJ_BUF,BUF,NYJ,0,0,0,0,0,0,0,32,169,1
00-0020474,Kevan Barlow,RB,2003,14,REG,2003_14_ARI_SF,SF,ARI,0,0,0,0,0,0,0,18,154,1
00-0020483,Jesse Palmer,QB,2003,14,REG,2003_14_WAS_NYG,NYG,WAS,7,11,83,0,0,5,-37,0,0,0
00-0020490,Koren Robinson,WR,2003,14,REG,2003_14_SEA_MIN,SEA,MIN,0,0,0,0,0,0,0,1,-1,0
00-0020514,Michael Bennett,RB,2003,14,REG,2003_14_SEA_MIN,MIN,SEA,0,0,0,0,0,0,0,25,103,0
00-0020527,Deuce McAllister,RB,2003,14,REG,2003_14_TB_NO,NO,TB,0,0,0,0,0,0,0,22,69,0
00-0020536,LaDainian Tomlinson,RB,2003,14,REG,2003_14_SD_DET,LAC,DET,0,0,0,0,0,0,0,25,88,0
00-0020587,Jamal Robertson,RB,2003,14,REG,2003_14_ARI_SF,SF,ARI,0,0,0,0,0,0,0,8,46,0
00-0020917,Joe Burns,RB,2003,14,REG,2003_14_NYJ_BUF,BUF,NYJ,0,0,0,0,0,0,0,6,29,0
00-0021048,Damien Anderson,RB,2003,14,REG,2003_14_ARI_SF,ARI,SF,0,0,0,0,0,0,0,2,4,0
00-0021141,Joey Harrington,QB,2003,14,REG,2003_14_SD_DET,DET,LAC,26,46,208,1,0,0,0,3,20,0
00-0021164,DeShaun Foster,RB,2003,14,REG,2003_14_CAR_ATL,CAR,ATL,0,0,0,0,0,0,0,3,6,0
00-0021175,Andre Davis,WR,2003,14,REG,2003_14_STL_CLE,CLE,LA,0,0,0,0,0,0,0,1,7,0
00-0021176,Reche Caldwell,WR,2003,14,REG,2003_14_SD_DET,LAC,DET,0,0,0,0,0,0,0,1,5,0
00-0021179,Clinton Portis,RB,2003,14,REG,2003_14_KC_DEN,DEN,KC,0,0,0,0,0,0,0,22,218,5
00-0021184,Ladell Betts,RB,2003,14,REG,2003_14_WAS_NYG,WAS,NYG,0,0,0,0,0,0,0,1,3,0
00-0021190,Antwaan Randle El,WR,2003,14,REG,2003_14_OAK_PIT,PIT,LV,0,0,0,0,0,0,0,2,11,0
00-0021206,Josh McCown,QB,2003,14,REG,2003_14_ARI_SF,ARI,SF,11,20,120,2,0,2,-13,2,2,0
00-0021216,Brian Westbrook,RB,2003,14,REG,2003_14_DAL_PHI,PHI,DAL,0,0,0,0,0,0,0,6,23,0
00-0021252,Najeh Davenport,RB,2003,14,REG,2003_14_CHI_GB,GB,CHI,0,0,0,0,0,0,0,4,16,0
00-0021279,Verron Haynes,FB,2003,14,REG,2003_14_OAK_PIT,PIT,LV,0,0,0,0,0,0,0,2,5,0
00-0021314,Chester Taylor,RB,2003,14,REG,2003_14_CIN_BAL,BAL,CIN,0,0,0,0,0,0,0,6,26,0
00-0021357,Rock Cartwright,RB,2003,14,REG,2003_14_WAS_NYG,WAS,NYG,0,0,0,0,0,0,0,12,19,0
00-0021376,T.J. Duckett,RB,2003,14,REG,2003_14_CAR_ATL,ATL,CAR,0,0,0,0,0,0,0,17,59,1
00-0021938,Brock Forsey,RB,2003,14,REG,2003_14_CHI_GB,CHI,GB,0,0,0,0,0,0,0,3,-4,0
00-0022011,Justin Griffith,RB,2003,14,REG,2003_14_CAR_ATL,ATL,CAR,0,0,0,0,0,0,0,6,24,0
00-0022057,LaBrandon Toefield,RB,2003,14,REG,2003_14_HOU_JAX,JAX,HOU,0,0,0,0,0,0,0,10,54,1
00-0022091,Dave Ragone,QB,2003,14,REG,2003_14_HOU_JAX,HOU,JAX,11,23,71,0,1,3,-17,5,51,0
00-0022092,Chris Brown,RB,2003,14,REG,2003_14_IND_TEN,TEN,IND,0,0,0,0,0,0,0,4,23,0
00-0022095,Quentin Griffin,RB,2003,14,REG,2003_14_KC_DEN,DEN,KC,0,0,0,0,0,0,0,5,10,0
00-0022105,Eddie Johnson,P,2003,14,REG,2003_14_SEA_MIN,MIN,SEA,0,0,0,0,0,0,0,1,15,0
00-0022116,Tony Hollings,RB,2003,14,REG,2003_14_HOU_JAX,HOU,JAX,0,0,0,0,0,0,0,18,19,0
00-0022138,Onterrio Smith,RB,2003,14,REG,2003_14_SEA_MIN,MIN,SEA,0,0,0,0,0,0,0,4,40,0
00-0022141,Jeremi Johnson,FB,2003,14,REG,2003_14_CIN_BAL,CIN,BAL,0,0,0,0,0,0,0,1,2,0
00-0022174,Erik Bickerstaff,RB,2003,14,REG,2003_14_DAL_PHI,DAL,PHI,0,0,0,0,0,0,0,9,41,0
00-0022177,Byron Leftwich,QB,2003,14,REG,2003_14_HOU_JAX,JAX,HOU,18,29,194,1,0,1,-12,1,-2,0
00-0000007,Rabih Abdullah,RB,2003,15,REG,2003_15_MIN_CHI,CHI,MIN,0,0,0,0,0,0,0,1,3,0
00-0000339,Richie Anderson,FB,2003,15,REG,2003_15_DAL_WAS,DAL,WAS,0,0,0,0,0,0,0,4,12,0
00-0000745,Tiki Barber,RB,2003,15,REG,2003_15_NYG_NO,NYG,NO,0,0,0,0,0,0,0,11,37,0
00-0000754,Bryan Barker,P,2003,15,REG,2003_15_DAL_WAS,WAS,DAL,1,1,3,0,0,0,0,0,0,0
00-0000942,Fred Beasley,FB,2003,15,REG,2003_15_SF_CIN,SF,CIN,0,0,0,0,0,0,0,1,2,0
00-0001098,Brandon Bennett,RB,2003,15,REG,2003_15_SF_CIN,CIN,SF,0,0,0,0,0,0,0,2,14,0
00-0001215,Jerome Bettis,RB,2003,15,REG,2003_15_PIT_NYJ,PIT,NYJ,0,0,0,0,0,0,0,16,68,0
00-0001361,Drew Bledsoe,QB,2003,15,REG,2003_15_BUF_TEN,BUF,TEN,17,30,168,2,0,3,-16,0,0,0
00-0001545,Todd Bouman,QB,2003,15,REG,2003_15_NYG_NO,NO,NYG,2,4,19,0,0,1,-7,3,1,0
00-0001611,Brant Boyer,OLB,2003,15,REG,2003_15_CLE_DEN,CLE,DEN,0,1,0,0,0,0,0,0,0,0
00-0001823,Aaron Brooks,QB,2003,15,REG,2003_15_NYG_NO,NO,NYG,26,35,296,5,0,0,0,3,11,0
00-0002159,Shawn Bryson,RB,2003,15,REG,2003_15_DET_KC,DET,KC,0,0,0,0,0,0,0,18,105,1
00-0002846,Larry Centers,FB,2003,15,REG,2003_15_JAX_NE,NE,JAX,0,0,0,0,0,0,0,1,1,0
00-0003315,Todd Collins,QB,2003,15,REG,2003_15_DET_KC,KC,DET,5,7,31,0,0,0,0,0,0,0
00-0003535,Tim Couch,QB,2003,15,REG,2003_15_CLE_DEN,CLE,DEN,8,18,181,2,1,2,-8,1,17,0
00-0003663,Zack Crockett,RB,2003,15,REG,2003_15_BAL_OAK,LV,BAL,0,0,0,0,0,0,0,5,4,1
00-0003739,Daunte Culpepper,QB,2003,15,REG,2003_15_MIN_CHI,MIN,CHI,24,34,222,1,1,2,-7,4,16,0
00-0004052,Stephen Davis,RB,2003,15,REG,2003_15_CAR_ARI,CAR,ARI,0,0,0,0,0,0,0,13,48,0
00-0004161,Jake Delhomme,QB,2003,15,REG,2003_15_CAR_ARI,CAR,ARI,20,32,236,1,1,1,-5,1,3,0
00-0004304,Corey Dillon,RB,2003,15,REG,2003_15_SF_CIN,CIN,SF,0,0,0,0,0,0,0,9,24,0
00-0005091,Kevin Faulk,RB,2003,15,REG,2003_15_JAX_NE,NE,JAX,0,0,0,0,0,0,0,11,34,0
00-0005092,Marshall Faulk,RB,2003,15,REG,2003_15_SEA_STL,LA,SEA,0,0,0,0,0,0,0,28,85,1
00-0005106,Brett Favre,QB,2003,15,REG,2003_15_GB_SD,GB,LAC,23,33,278,4,1,0,0,0,0,0
00-0005180,Jay Fiedler,QB,2003,15,REG,2003_15_PHI_MIA,MIA,PHI,21,40,240,0,2,2,-19,4,16,1
00-0005755,Jeff Garcia,QB,2003,15,REG,2003_15_SF_CIN,SF,CIN,26,33,344,2,0,1,-13,4,51,1
00-0005779,Charlie Garner,RB,2003,15,REG,2003_15_BAL_OAK,LV,BAL,0,0,0,0,0,0,0,7,28,0
00-0005883,Eddie George,RB,2003,15,REG,2003_15_BUF_TEN,TEN,BUF,0,0,0,0,0,0,0,23,67,0
00-0006305,Ahman Green,RB,2003,15,REG,2003_15_GB_SD,GB,LAC,0,0,0,0,0,0,0,19,75,1
00-0006355,Trent Green,QB,2003,15,REG,2003_15_DET_KC,KC,DET,20,25,341,3,0,0,0,1,14,0
00-0007091,Matt Hasselbeck,QB,2003,15,REG,2003_15_SEA_STL,SEA,LA,21,37,246,1,1,2,-15,0,0,0
00-0007579,Robert Holcombe,FB,2003,15,REG,2003_15_BUF_TEN,TEN,BUF,0,0,0,0,0,0,0,1,9,0
00-0007661,Priest Holmes,RB,2003,15,REG,2003_15_DET_KC,KC,DET,0,0,0,0,0,0,0,18,94,3
00-0007834,Brock Huard,QB,2003,15,REG,2003_15_ATL_IND,IND,ATL,1,1,9,0,0,1,-3,1,9,0
00-0008241,Edgerrin James,RB,2003,15,REG,2003_15_ATL_IND,IND,ATL,0,0,0,0,0,0,0,20,126,0
00-0008442,Brad Johnson,QB,2003,15,REG,2003_15_HOU_TB,TB,HOU,17,28,237,0,0,0,0,1,1,0
00-0009311,Jon Kitna,QB,2003,15,REG,2003_15_SF_CIN,CIN,SF,18,25,189,2,0,2,-21,3,1,0
00-0009829,Dorsey Levens,RB,2003,15,REG,2003_15_NYG_NO,NYG,NO,0,0,0,0,0,0,0,8,37,0
00-0010261,Tommy Maddox,QB,2003,15,REG,2003_15_PIT_NYJ,PIT,NYJ,16,38,137,0,0,0,0,0,0,0
00-0010346,Peyton Manning,QB,2003,15,REG,2003_15_ATL_IND,IND,ATL,25,30,290,5,0,1,-9,0,0,0
00-0010442,Curtis Martin,RB,2003,15,REG,2003_15_PIT_NYJ,NYJ,PIT,0,0,0,0,0,0,0,30,174,0
00-0010500,Derrick Mason,WR,2003,15,REG,2003_15_BUF_TEN,TEN,BUF,0,0,0,0,0,0,0,1,0,0
00-0010974,James McKnight,WR,2003,15,REG,2003_15_PHI_MIA,MIA,PHI,0,0,0,0,0,0,0,1,7,0
00-0011022,Donovan McNabb,QB,2003,15,REG,2003_15_PHI_MIA,PHI,MIA,15,27,236,0,1,1,0,8,14,1
00-0011378,Rick Mirer,QB,2003,15,REG,2003_15_BAL_OAK,LV,BAL,16,35,186,1,0,0,0,6,8,0
00-0011727,Johnnie Morton,WR,2003,15,REG,2003_15_DET_KC,KC,DET,0,0,0,0,0,0,0,2,8,0
00-0011754,Randy Moss,WR,2003,15,REG,2003_15_MIN_CHI,MIN,CHI,0,0,0,0,0,0,0,2,14,0
00-0012726,Doug Pederson,QB,2003,15,REG,2003_15_GB_SD,GB,LAC,0,0,0,0,0,0,0,3,-2,0
00-0013013,Michael Pittman,RB,2003,15,REG,2003_15_HOU_TB,TB,HOU,0,0,0,0,0,0,0,1,3,0
00-0013042,Jake Plummer,QB,2003,15,REG,2003_15_CLE_DEN,DEN,CLE,22,36,269,0,1,3,-17,1,23,0
00-0013232,Peerless Price,WR,2003,15,REG,2003_15_ATL_IND,ATL,IND,0,0,0,0,0,0,0,1,-2,0
00-0014450,Cory Schlesinger,FB,2003,15,REG,2003_15_DET_KC,DET,KC,0,0,0,0,0,0,0,2,4,0
00-0015091,Antowain Smith,RB,2003,15,REG,2003_15_JAX_NE,NE,JAX,0,0,0,0,0,0,0,17,39,1
00-0015165,Emmitt Smith,RB,2003,15,REG,2003_15_CAR_ARI,ARI,CAR,0,0,0,0,0,0,0,9,23,1
00-0015242,Lamar Smith,RB,2003,15,REG,2003_15_NYG_NO,NO,NYG,0,0,0,0,0,0,0,8,40,0
00-0015420,Jerald Sowell,FB,2003,15,REG,2003_15_PIT_NYJ,NYJ,PIT,0,0,0,0,0,0,0,1,2,0
00-0015523,Duce Staley,RB,2003,15,REG,2003_15_PHI_MIA,PHI,MIA,0,0,0,0,0,0,0,6,58,0
00-0015601,Aaron Stecker,RB,2003,15,REG,2003_15_HOU_TB,TB,HOU,0,0,0,0,0,0,0,5,17,0
00-0015980,Reggie Swinton,WR,2003,15,REG,2003_15_DET_KC,DET,KC,0,0,0,0,0,0,0,1,2,0
00-0016098,Fred Taylor,RB,2003,15,REG,2003_15_JAX_NE,JAX,NE,0,0,0,0,0,0,0,16,57,0
00-0016689,Matt Turk,P,2003,15,REG,2003_15_PHI_MIA,MIA,PHI,0,0,0,0,0,0,0,1,23,0
00-0017486,Tyrone Wheatley,RB,2003,15,REG,2003_15_BAL_OAK,LV,BAL,0,0,0,0,0,0,0,13,39,0
00-0017892,Moe Williams,RB,2003,15,REG,2003_15_MIN_CHI,MIN,CHI,0,0,0,0,0,0,0,4,0,0
00-0017915,Ricky Williams,RB,2003,15,REG,2003_15_PHI_MIA,MIA,PHI,0,0,0,0,0,0,0,18,107,1
00-0018272,Anthony Wright,QB,2003,15,REG,2003_15_BAL_OAK,BAL,LV,12,27,193,1,1,3,-23,3,-2,0
00-0018501,Amos Zereoue,RB,2003,15,REG,2003_15_PIT_NYJ,PIT,NYJ,0,0,0,0,0,0,0,7,24,0
00-0018588,Alan Ricard,RB,2003,15,REG,2003_15_BAL_OAK,BAL,LV,0,0,0,0,0,0,0,1,2,0
00-0018958,Laveranues Coles,WR,2003,15,REG,2003_15_DAL_WAS,WAS,DAL,0,0,0,0,0,0,0,1,-1,0
00-0019041,Billy Volek,QB,2003,15,REG,2003_15_BUF_TEN,TEN,BUF,26,41,295,2,0,4,-32,3,4,1
00-0019057,Jamel White,RB,2003,15,REG,2003_15_CLE_DEN,CLE,DEN,0,0,0,0,0,0,0,20,55,0
00-0019087,Doug Johnson,QB,2003,15,REG,2003_15_ATL_IND,ATL,IND,3,6,19,0,0,0,0,1,-1,0
00-0019135,Dan Kreider,FB,2003,15,REG,2003_15_PIT_NYJ,PIT,NYJ,0,0,0,0,0,0,0,1,2,0
00-0019455,Peter Warrick,WR,2003,15,REG,2003_15_SF_CIN,CIN,SF,0,0,0,0,0,0,0,2,12,0
00-0019484,Sammy Morris,RB,2003,15,REG,2003_15_BUF_TEN,BUF,TEN,0,0,0,0,0,0,0,1,1,0
00-0019505,Charles Lee,WR,2003,15,REG,2003_15_HOU_TB,TB,HOU,0,0,0,0,0,0,0,1,6,0
00-0019516,Troy Hambrick,RB,2003,15,REG,2003_15_DAL_WAS,DAL,WAS,0,0,0,0,0,0,0,33,189,0
00-0019533,Patrick Pass,RB,2003,15,REG,2003_15_JAX_NE,NE,JAX,0,0,0,0,0,0,0,2,3,0
00-0019539,Dante Hall,WR,2003,15,REG,2003_15_DET_KC,KC,DET,0,0,0,0,0,0,0,1,0,0
00-0019559,Chad Pennington,QB,2003,15,REG,2003_15_PIT_NYJ,NYJ,PIT,15,25,144,0,0,0,0,5,-1,0
00-0019590,Chad Morton,RB,2003,15,REG,2003_15_DAL_WAS,WAS,DAL,0,0,0,0,0,0,0,3,11,0
00-0019594,Mike Anderson,RB,2003,15,REG,2003_15_CLE_DEN,DEN,CLE,0,0,0,0,0,0,0,1,3,0
00-0019596,Tom Brady,QB,2003,15,REG,2003_15_JAX_NE,NE,JAX,22,34,228,2,0,2,-16,1,7,0
00-0019599,Marc Bulger,QB,2003,15,REG,2003_15_SEA_STL,LA,SEA,20,32,236,2,1,1,-6,1,-1,0
00-0019641,Thomas Jones,RB,2003,15,REG,2003_15_HOU_TB,TB,HOU,0,0,0,0,0,0,0,34,134,1
00-0019647,Shaun Alexander,RB,2003,15,REG,2003_15_SEA_STL,SEA,LA,0,0,0,0,0,0,0,25,126,1
00-0019650,Dennis Northcutt,WR,2003,15,REG,2003_15_CLE_DEN,CLE,DEN,0,1,0,0,0,0,0,0,0,0
00-0019693,Jamal Lewis,RB,2003,15,REG,2003_15_BAL_OAK,BAL,LV,0,0,0,0,0,0,0,24,125,0
00-0019816,Tim Hasselbeck,QB,2003,15,REG,2003_15_DAL_WAS,WAS,DAL,6,26,56,0,4,1,-4,1,2,0
00-0019863,Dominic Rhodes,RB,2003,15,REG,2003_15_ATL_IND,IND,ATL,0,0,0,0,0,0,0,9,45,0
00-0020022,Marcel Shipp,RB,2003,15,REG,2003_15_CAR_ARI,ARI,CAR,0,0,0,0,0,0,0,23,89,0
00-0020058,David Allen,RB,2003,15,REG,2003_15_JAX_NE,JAX,NE,0,0,0,0,0,0,0,1,5,0
00-0020245,Mike Vick,QB,2003,15,REG,2003_15_ATL_IND,ATL,IND,6,19,47,0,1,4,-37,4,30,0
00-0020270,Correll Buckhalter,RB,2003,15,REG,2003_15_PHI_MIA,PHI,MIA,0,0,0,0,0,0,0,6,9,1
00-0020315,Derrick Blaylock,RB,2003,15,REG,2003_15_DET_KC,KC,DET,0,0,0,0,0,0,0,2,7,0
00-0020403,Anthony Thomas,RB,2003,15,REG,2003_15_MIN_CHI,CHI,MIN,0,0,0,0,0,0,0,19,79,1
00-0020404,Quincy Carter,QB,2003,15,REG,2003_15_DAL_WAS,DAL,WAS,10,24,108,1,0,3,-4,7,19,1
00-0020407,Rudi Johnson,RB,2003,15,REG,2003_15_SF_CIN,CIN,SF,0,0,0,0,0,0,0,21,174,2
00-0020428,Robert Ferguson,WR,2003,15,REG,2003_15_GB_SD,GB,LAC,0,0,0,0,0,0,0,1,-8,0
00-0020448,Travis Minor,RB,2003,15,REG,2003_15_PHI_MIA,MIA,PHI,0,0,0,0,0,0,0,5,24,1
00-0020471,Travis Henry,RB,2003,15,REG,2003_15_BUF_TEN,BUF,TEN,0,0,0,0,0,0,0,19,88,0
00-0020474,Kevan Barlow,RB,2003,15,REG,2003_15_SF_CIN,SF,CIN,0,0,0,0,0,0,0,18,85,2
00-0020479,George Layne,RB,2003,15,REG,2003_15_ATL_IND,ATL,IND,0,0,0,0,0,0,0,1,15,0
00-0020483,Jesse Palmer,QB,2003,15,REG,2003_15_NYG_NO,NYG,NO,15,26,140,1,0,3,-10,2,25,0
00-0020497,Freddie Mitchell,WR,2003,15,REG,2003_15_PHI_MIA,PHI,MIA,1,1,25,1,0,0,0,0,0,0
00-0020527,Deuce McAllister,RB,2003,15,REG,2003_15_NYG_NO,NO,NYG,0,0,0,0,0,0,0,15,80,0
00-0020531,Drew Brees,QB,2003,15,REG,2003_15_GB_SD,LAC,GB,28,48,363,2,1,2,-27,6,25,0
00-0020536,LaDainian Tomlinson,RB,2003,15,REG,2003_15_GB_SD,LAC,GB,0,0,0,0,0,0,0,20,51,0
00-0020564,Delvin Joyce,RB,2003,15,REG,2003_15_NYG_NO,NYG,NO,0,0,0,0,0,0,0,4,21,0
00-0020587,Jamal Robertson,RB,2003,15,REG,2003_15_SF_CIN,SF,CIN,0,0,0,0,0,0,0,4,33,0
00-0020739,Ricky Williams,RB,2003,15,REG,2003_15_ATL_IND,IND,ATL,0,0,0,0,0,0,0,1,-2,0
00-0020780,Frisman Jackson,WR,2003,15,REG,2003_15_CLE_DEN,CLE,DEN,0,1,0,0,0,0,0,0,0,0
00-0020964,Tony Fisher,RB,2003,15,REG,2003_15_GB_SD,GB,LAC,0,0,0,0,0,0,0,2,13,0
00-0021141,Joey Harrington,QB,2003,15,REG,2003_15_DET_KC,DET,KC,20,36,197,1,1,0,0,0,0,0
00-0021164,DeShaun Foster,RB,2003,15,REG,2003_15_CAR_ARI,CAR,ARI,0,0,0,0,0,0,0,4,16,0
00-0021176,Reche Caldwell,WR,2003,15,REG,2003_15_GB_SD,LAC,GB,0,0,0,0,0,0,0,1,12,0
00-0021179,Clinton Portis,RB,2003,15,REG,2003_15_CLE_DEN,DEN,CLE,0,0,0,0,0,0,0,38,139,2
00-0021182,Maurice Morris,RB,2003,15,REG,2003_15_SEA_STL,SEA,LA,0,0,0,0,0,0,0,2,9,0
00-0021206,Josh McCown,QB,2003,15,REG,2003_15_CAR_ARI,ARI,CAR,14,25,172,0,1,4,-25,7,47,1
00-0021209,Lamar Gordon,RB,2003,15,REG,2003_15_SEA_STL,LA,SEA,0,0,0,0,0,0,0,1,2,0
00-0021216,Brian Westbrook,RB,2003,15,REG,2003_15_PHI_MIA,PHI,MIA,0,0,0,0,0,0,0,8,59,1
00-0021252,Najeh Davenport,RB,2003,15,REG,2003_15_GB_SD,GB,LAC,0,0,0,0,0,0,0,2,5,0
00-0021314,Chester Taylor,RB,2003,15,REG,2003_15_BAL_OAK,BAL,LV,0,0,0,0,0,0,0,3,24,0
00-0021357,Rock Cartwright,RB,2003,15,REG,2003_15_DAL_WAS,WAS,DAL,0,0,0,0,0,0,0,21,94,0
00-0021376,T.J. Duckett,RB,2003,15,REG,2003_15_ATL_IND,ATL,IND,0,0,0,0,0,0,0,18,74,1
00-0021927,David Tyree,WR,2003,15,REG,2003_15_NYG_NO,NYG,NO,0,0,0,0,0,0,0,1,-9,0
00-0021976,Larry Johnson,RB,2003,15,REG,2003_15_DET_KC,KC,DET,0,0,0,0,0,0,0,4,26,0
00-0021979,Domanick Williams,RB,2003,15,REG,2003_15_HOU_TB,HOU,TB,0,0,0,0,0,0,0,16,56,0
00-0022006,Artose Pinner,RB,2003,15,REG,2003_15_DET_KC,DET,KC,0,0,0,0,0,0,0,9,26,0
00-0022011,Justin Griffith,RB,2003,15,REG,2003_15_ATL_IND,ATL,IND,0,0,0,0,0,0,0,1,9,0
00-0022084,Anquan Boldin,WR,2003,15,REG,2003_15_CAR_ARI,ARI,CAR,0,0,0,0,0,0,0,1,11,0
00-0022091,Dave Ragone,QB,2003,15,REG,2003_15_HOU_TB,HOU,TB,9,17,64,0,0,5,-22,1,0,0
00-0022092,Chris Brown,RB,2003,15,REG,2003_15_BUF_TEN,TEN,BUF,0,0,0,0,0,0,0,4,6,0
00-0022105,Eddie Johnson,P,2003,15,REG,2003_15_MIN_CHI,MIN,CHI,0,0,0,0,0,0,0,1,0,0
00-0022116,Tony Hollings,RB,2003,15,REG,2003_15_HOU_TB,HOU,TB,0,0,0,0,0,0,0,2,9,0
00-0022121,Rex Grossman,QB,2003,15,REG,2003_15_MIN_CHI,CHI,MIN,13,30,157,0,0,1,-12,2,-1,0
00-0022138,Onterrio Smith,RB,2003,15,REG,2003_15_MIN_CHI,MIN,CHI,0,0,0,0,0,0,0,27,148,0
00-0022144,Bobby Wade,WR,2003,15,REG,2003_15_MIN_CHI,CHI,MIN,0,0,0,0,0,0,0,1,6,0
00-0022174,Erik Bickerstaff,RB,2003,15,REG,2003_15_DAL_WAS,DAL,WAS,0,0,0,0,0,0,0,1,2,1
00-0022177,Byron Leftwich,QB,2003,15,REG,2003_15_JAX_NE,JAX,NE,21,40,288,1,2,1,-6,3,10,0
00-0022180,Lee Suggs,RB,2003,15,REG,2003_15_CLE_DEN,CLE,DEN,0,0,0,0,0,0,0,5,30,0
00-0000339,Richie Anderson,FB,2003,16,REG,2003_16_NYG_DAL,DAL,NYG,0,1,0,0,0,0,0,7,34,0
00-0000745,Tiki Barber,RB,2003,16,REG,2003_16_NYG_DAL,NYG,DAL,0,0,0,0,0,0,0,13,47,0
00-0001098,Brandon Bennett,RB,2003,16,REG,2003_16_CIN_STL,CIN,LA,0,0,0,0,0,0,0,3,21,0
00-0001215,Jerome Bettis,RB,2003,16,REG,2003_16_SD_PIT,PIT,LAC,0,0,0,0,0,0,0,32,115,1
00-0001361,Drew Bledsoe,QB,2003,16,REG,2003_16_MIA_BUF,BUF,MIA,12,24,114,0,1,6,-51,1,-1,0
00-0001823,Aaron Brooks,QB,2003,16,REG,2003_16_NO_JAX,NO,JAX,22,38,296,2,0,1,-7,2,6,0
00-0002159,Shawn Bryson,RB,2003,16,REG,2003_16_DET_CAR,DET,CAR,0,0,0,0,0,0,0,6,17,0
00-0002846,Larry Centers,FB,2003,16,REG,2003_16_NE_NYJ,NE,NYJ,0,0,0,0,0,0,0,1,3,0
00-0003535,Tim Couch,QB,2003,16,REG,2003_16_BAL_CLE,CLE,BAL,17,33,163,0,1,5,-30,0,0,0
00-0003739,Daunte Culpepper,QB,2003,16,REG,2003_16_KC_MIN,MIN,KC,20,29,260,3,1,2,-14,3,16,0
00-0004161,Jake Delhomme,QB,2003,16,REG,2003_16_DET_CAR,CAR,DET,29,35,260,2,1,0,0,3,11,0
00-0004293,Trent Dilfer,QB,2003,16,REG,2003_16_ARI_SEA,SEA,ARI,2,3,11,1,1,0,0,1,0,0
00-0004304,Corey Dillon,RB,2003,16,REG,2003_16_CIN_STL,CIN,LA,0,0,0,0,0,0,0,7,37,0
00-0005091,Kevin Faulk,RB,2003,16,REG,2003_16_NE_NYJ,NE,NYJ,0,0,0,0,0,0,0,3,8,0
00-0005092,Marshall Faulk,RB,2003,16,REG,2003_16_CIN_STL,LA,CIN,0,0,0,0,0,0,0,22,121,1
00-0005106,Brett Favre,QB,2003,16,REG,2003_16_GB_OAK,GB,LV,22,30,399,4,0,1,-7,0,0,0
00-0005180,Jay Fiedler,QB,2003,16,REG,2003_16_MIA_BUF,MIA,BUF,8,17,46,1,1,2,-9,2,2,0
00-0005363,Doug Flutie,QB,2003,16,REG,2003_16_SD_PIT,LAC,PIT,5,10,42,0,0,1,-7,3,23,0
00-0005589,Gus Frerotte,QB,2003,16,REG,2003_16_KC_MIN,MIN,KC,0,0,0,0,0,0,0,2,-2,0
00-0005620,Chris Fuamatu-Ma'afala,RB,2003,16,REG,2003_16_NO_JAX,JAX,NO,0,0,0,0,0,0,0,5,15,0
00-0005755,Jeff Garcia,QB,2003,16,REG,2003_16_SF_PHI,SF,PHI,15,29,225,2,0,3,-17,5,20,0
00-0005779,Charlie Garner,RB,2003,16,REG,2003_16_GB_OAK,LV,GB,0,0,0,0,0,0,0,3,27,1
00-0005883,Eddie George,RB,2003,16,REG,2003_16_TEN_HOU,TEN,HOU,0,0,0,0,0,0,0,19,79,0
00-0006305,Ahman Green,RB,2003,16,REG,2003_16_GB_OAK,GB,LV,0,0,0,0,0,0,0,24,127,1
00-0006355,Trent Green,QB,2003,16,REG,2003_16_KC_MIN,KC,MIN,18,38,224,0,2,0,0,0,0,0
00-0007091,Matt Hasselbeck,QB,2003,16,REG,2003_16_ARI_SEA,SEA,ARI,17,24,179,1,1,2,-10,3,-5,0
00-0007579,Robert Holcombe,FB,2003,16,REG,2003_16_TEN_HOU,TEN,HOU,0,0,0,0,0,0,0,2,25,0
00-0007661,Priest Holmes,RB,2003,16,REG,2003_16_KC_MIN,KC,MIN,0,0,0,0,0,0,0,18,55,3
00-0008241,Edgerrin James,RB,2003,16,REG,2003_16_DEN_IND,IND,DEN,0,0,0,0,0,0,0,10,42,1
00-0008442,Brad Johnson,QB,2003,16,REG,2003_16_ATL_TB,TB,ATL,34,48,346,4,4,0,0,1,1,0
00-0008568,Leon Johnson,RB,2003,16,REG,2003_16_SD_PIT,LAC,PIT,0,0,0,0,0,0,0,1,0,0
00-0008612,Rob Johnson,QB,2003,16,REG,2003_16_GB_OAK,LV,GB,6,13,54,0,1,1,-6,2,15,0
00-0009311,Jon Kitna,QB,2003,16,REG,2003_16_CIN_STL,CIN,LA,16,29,202,1,3,3,-15,0,0,0
00-0009829,Dorsey Levens,RB,2003,16,REG,2003_16_NYG_DAL,NYG,DAL,0,0,0,0,0,0,0,6,4,0
00-0010261,Tommy Maddox,QB,2003,16,REG,2003_16_SD_PIT,PIT,LAC,11,18,160,3,0,2,-9,1,-1,0
00-0010346,Peyton Manning,QB,2003,16,REG,2003_16_DEN_IND,IND,DEN,12,23,146,0,0,2,-10,2,5,0
00-0010442,Curtis Martin,RB,2003,16,REG,2003_16_NE_NYJ,NYJ,NE,0,0,0,0,0,0,0,22,89,0
00-0010500,Derrick Mason,WR,2003,16,REG,2003_16_TEN_HOU,TEN,HOU,0,0,0,0,0,0,0,1,4,0
00-0011022,Donovan McNabb,QB,2003,16,REG,2003_16_SF_PHI,PHI,SF,17,27,238,1,2,5,-33,2,5,0
00-0011024,Steve McNair,QB,2003,16,REG,2003_16_TEN_HOU,TEN,HOU,17,36,268,2,1,0,0,3,5,0
00-0011378,Rick Mirer,QB,2003,16,REG,2003_16_GB_OAK,LV,GB,12,23,114,0,1,3,-18,0,0,0
00-0011727,Johnnie Morton,WR,2003,16,REG,2003_16_KC_MIN,KC,MIN,0,0,0,0,0,0,0,1,39,0
00-0011754,Randy Moss,WR,2003,16,REG,2003_16_KC_MIN,MIN,KC,0,1,0,0,0,0,0,0,0,0
00-0012726,Doug Pederson,QB,2003,16,REG,2003_16_GB_OAK,GB,LV,0,0,0,0,0,0,0,2,-2,0
00-0013013,Michael Pittman,RB,2003,16,REG,2003_16_ATL_TB,TB,ATL,0,0,0,0,0,0,0,4,20,0
00-0013042,Jake Plummer,QB,2003,16,REG,2003_16_DEN_IND,DEN,IND,14,17,238,1,1,0,0,6,22,2
00-0013262,Stanley Pritchett,RB,2003,16,REG,2003_16_WAS_CHI,CHI,WAS,0,0,0,0,0,0,0,5,33,0
00-0013694,Tony Richardson,FB,2003,16,REG,2003_16_KC_MIN,KC,MIN,0,0,0,0,0,0,0,4,11,0
00-0013773,Jon Ritchie,FB,2003,16,REG,2003_16_SF_PHI,PHI,SF,0,0,0,0,0,0,0,1,1,0
00-0014450,Cory Schlesinger,FB,2003,16,REG,2003_16_DET_CAR,DET,CAR,0,0,0,0,0,0,0,1,0,0
00-0015091,Antowain Smith,RB,2003,16,REG,2003_16_NE_NYJ,NE,NYJ,0,0,0,0,0,0,0,18,121,0
00-0015165,Emmitt Smith,RB,2003,16,REG,2003_16_ARI_SEA,ARI,SEA,0,0,0,0,0,0,0,4,9,0
00-0015242,Lamar Smith,RB,2003,16,REG,2003_16_NO_JAX,NO,JAX,0,0,0,0,0,0,0,1,2,0
00-0015290,Rod Smith,WR,2003,16,REG,2003_16_DEN_IND,DEN,IND,0,0,0,0,0,0,0,1,13,0
00-0015523,Duce Staley,RB,2003,16,REG,2003_16_SF_PHI,PHI,SF,0,0,0,0,0,0,0,11,53,2
00-0015830,Mack Strong,FB,2003,16,REG,2003_16_ARI_SEA,SEA,ARI,0,0,0,0,0,0,0,4,17,0
00-0016098,Fred Taylor,RB,2003,16,REG,2003_16_NO_JAX,JAX,NO,0,0,0,0,0,0,0,34,194,1
00-0016550,Amani Toomer,WR,2003,16,REG,2003_16_NYG_DAL,NYG,DAL,0,0,0,0,0,0,0,1,5,0
00-0017162,Hines Ward,WR,2003,16,REG,2003_16_SD_PIT,PIT,LAC,0,0,0,0,0,0,0,3,32,0
00-0017486,Tyrone Wheatley,RB,2003,16,REG,2003_16_GB_OAK,LV,GB,0,0,0,0,0,0,0,10,56,0
00-0017892,Moe Williams,RB,2003,16,REG,2003_16_KC_MIN,MIN,KC,0,0,0,0,0,0,0,5,34,0
00-0017915,Ricky Williams,RB,2003,16,REG,2003_16_MIA_BUF,MIA,BUF,0,0,0,0,0,0,0,29,111,0
00-0018272,Anthony Wright,QB,2003,16,REG,2003_16_BAL_CLE,BAL,CLE,10,18,90,1,1,3,-17,3,16,0
00-0018501,Amos Zereoue,RB,2003,16,REG,2003_16_SD_PIT,PIT,LAC,0,0,0,0,0,0,0,6,29,0
00-0018588,Alan Ricard,RB,2003,16,REG,2003_16_BAL_CLE,BAL,CLE,0,0,0,0,0,0,0,4,9,0
00-0019057,Jamel White,RB,2003,16,REG,2003_16_BAL_CLE,CLE,BAL,0,0,0,0,0,0,0,4,10,0
00-0019084,Bill Lafleur,P,2003,16,REG,2003_16_SF_PHI,SF,PHI,0,0,0,0,0,0,0,1,0,0
00-0019100,Brad Hoover,FB,2003,16,REG,2003_16_DET_CAR,CAR,DET,0,0,0,0,0,0,0,1,5,0
00-0019192,Travis Brown,QB,2003,16,REG,2003_16_MIA_BUF,BUF,MIA,3,4,41,0,0,0,0,1,5,0
00-0019281,Mike Furrey,WR,2003,16,REG,2003_16_CIN_STL,LA,CIN,0,0,0,0,0,0,0,1,1,0
00-0019453,Rod Smart,RB,2003,16,REG,2003_16_DET_CAR,CAR,DET,0,0,0,0,0,0,0,9,24,0
00-0019484,Sammy Morris,RB,2003,16,REG,2003_16_MIA_BUF,BUF,MIA,0,0,0,0,0,0,0,2,2,0
00-0019516,Troy Hambrick,RB,2003,16,REG,2003_16_NYG_DAL,DAL,NYG,0,0,0,0,0,0,0,12,36,0
00-0019559,Chad Pennington,QB,2003,16,REG,2003_16_NE_NYJ,NYJ,NE,24,43,229,0,5,4,-17,4,20,2
00-0019590,Chad Morton,RB,2003,16,REG,2003_16_WAS_CHI,WAS,CHI,0,0,0,0,0,0,0,2,-2,0
00-0019594,Mike Anderson,RB,2003,16,REG,2003_16_DEN_IND,DEN,IND,0,0,0,0,0,0,0,19,56,1
00-0019596,Tom Brady,QB,2003,16,REG,2003_16_NE_NYJ,NE,NYJ,15,25,138,2,0,0,0,2,1,0
00-0019599,Marc Bulger,QB,2003,16,REG,2003_16_CIN_STL,LA,CIN,24,38,229,2,1,1,-1,2,-2,0
00-0019633,Tee Martin,QB,2003,16,REG,2003_16_GB_OAK,LV,GB,4,5,55,0,0,1,-5,1,6,0
00-0019641,Thomas Jones,RB,2003,16,REG,2003_16_ATL_TB,TB,ATL,0,0,0,0,0,0,0,17,73,0
00-0019647,Shaun Alexander,RB,2003,16,REG,2003_16_ARI_SEA,SEA,ARI,0,0,0,0,0,0,0,21,135,2
00-0019660,Dez White,WR,2003,16,REG,2003_16_WAS_CHI,CHI,WAS,0,0,0,0,0,0,0,1,12,0
00-0019693,Jamal Lewis,RB,2003,16,REG,2003_16_BAL_CLE,BAL,CLE,0,0,0,0,0,0,0,22,205,2
00-0019721,Travis Taylor,WR,2003,16,REG,2003_16_BAL_CLE,BAL,CLE,0,0,0,0,0,0,0,1,3,0
00-0019816,Tim Hasselbeck,QB,2003,16,REG,2003_16_WAS_CHI,WAS,CHI,16,25,209,2,0,1,-3,3,5,0
00-0019831,Nick Goings,RB,2003,16,REG,2003_16_DET_CAR,CAR,DET,0,0,0,0,0,0,0,1,11,0
00-0020022,Marcel Shipp,RB,2003,16,REG,2003_16_ARI_SEA,ARI,SEA,0,0,0,0,0,0,0,12,32,0
00-0020245,Mike Vick,QB,2003,16,REG,2003_16_ATL_TB,ATL,TB,8,15,119,2,0,0,0,12,39,0
00-0020308,Mike McMahon,QB,2003,16,REG,2003_16_DET_CAR,DET,CAR,4,11,36,0,1,1,0,2,14,0
00-0020337,Steve Smith,WR,2003,16,REG,2003_16_DET_CAR,CAR,DET,0,0,0,0,0,0,0,1,-3,0
00-0020342,Brandon Manumaleuna,TE,2003,16,REG,2003_16_CIN_STL,LA,CIN,0,0,0,0,0,0,0,1,8,0
00-0020403,Anthony Thomas,RB,2003,16,REG,2003_16_WAS_CHI,CHI,WAS,0,0,0,0,0,0,0,32,141,1
00-0020404,Quincy Carter,QB,2003,16,REG,2003_16_NYG_DAL,DAL,NYG,17,25,240,1,0,3,-18,5,26,0
00-0020407,Rudi Johnson,RB,2003,16,REG,2003_16_CIN_STL,CIN,LA,0,0,0,0,0,0,0,11,30,0
00-0020448,Travis Minor,RB,2003,16,REG,2003_16_MIA_BUF,MIA,BUF,0,0,0,0,0,0,0,7,19,0
00-0020452,Cedrick Wilson,WR,2003,16,REG,2003_16_SF_PHI,SF,PHI,0,0,0,0,0,0,0,1,-4,0
00-0020471,Travis Henry,RB,2003,16,REG,2003_16_MIA_BUF,BUF,MIA,0,0,0,0,0,0,0,24,67,0
00-0020474,Kevan Barlow,RB,2003,16,REG,2003_16_SF_PHI,SF,PHI,0,0,0,0,0,0,0,30,154,1
00-0020483,Jesse Palmer,QB,2003,16,REG,2003_16_NYG_DAL,NYG,DAL,18,32,190,0,0,5,-31,2,-2,0
00-0020514,Michael Bennett,RB,2003,16,REG,2003_16_KC_MIN,MIN,KC,0,0,0,0,0,0,0,6,31,0
00-0020525,Rod Gardner,WR,2003,16,REG,2003_16_WAS_CHI,WAS,CHI,1,2,36,1,0,0,0,0,0,0
00-0020527,Deuce McAllister,RB,2003,16,REG,2003_16_NO_JAX,NO,JAX,0,0,0,0,0,0,0,21,50,0
00-0020531,Drew Brees,QB,2003,16,REG,2003_16_SD_PIT,LAC,PIT,16,26,198,1,2,1,-5,1,2,0
00-0020536,LaDainian Tomlinson,RB,2003,16,REG,2003_16_SD_PIT,LAC,PIT,0,0,0,0,0,0,0,22,91,2
00-0020587,Jamal Robertson,RB,2003,16,REG,2003_16_SF_PHI,SF,PHI,0,0,0,0,0,0,0,4,39,0
00-0020608,David Carr,QB,2003,16,REG,2003_16_TEN_HOU,HOU,TEN,17,34,242,1,2,1,-7,4,40,0
00-0020754,Kelly Campbell,WR,2003,16,REG,2003_16_KC_MIN,MIN,KC,0,0,0,0,0,0,0,2,-2,0
00-0020964,Tony Fisher,RB,2003,16,REG,2003_16_GB_OAK,GB,LV,0,0,0,0,0,0,0,6,13,0
00-0021048,Damien Anderson,RB,2003,16,REG,2003_16_ARI_SEA,ARI,SEA,0,0,0,0,0,0,0,1,5,0
00-0021141,Joey Harrington,QB,2003,16,REG,2003_16_DET_CAR,DET,CAR,3,8,17,0,0,0,0,0,0,0
00-0021147,Donte' Stallworth,WR,2003,16,REG,2003_16_NO_JAX,NO,JAX,0,0,0,0,0,0,0,1,3,0
00-0021164,DeShaun Foster,RB,2003,16,REG,2003_16_DET_CAR,CAR,DET,0,0,0,0,0,0,0,21,76,0
00-0021182,Maurice Morris,RB,2003,16,REG,2003_16_ARI_SEA,SEA,ARI,0,0,0,0,0,0,0,1,13,0
00-0021190,Antwaan Randle El,WR,2003,16,REG,2003_16_SD_PIT,PIT,LAC,1,1,9,0,0,0,0,1,6,0
00-0021206,Josh McCown,QB,2003,16,REG,2003_16_ARI_SEA,ARI,SEA,25,40,274,1,0,8,-54,8,38,0
00-0021209,Lamar Gordon,RB,2003,16,REG,2003_16_CIN_STL,LA,CIN,0,0,0,0,0,0,0,5,15,0
00-0021216,Brian Westbrook,RB,2003,16,REG,2003_16_SF_PHI,PHI,SF,0,0,0,0,0,0,0,5,29,0
00-0021252,Najeh Davenport,RB,2003,16,REG,2003_16_GB_OAK,GB,LV,0,0,0,0,0,0,0,5,18,0
00-0021314,Chester Taylor,RB,2003,16,REG,2003_16_BAL_CLE,BAL,CLE,0,0,0,0,0,0,0,7,22,0
00-0021353,David Givens,WR,2003,16,REG,2003_16_NE_NYJ,NE,NYJ,0,1,0,0,1,0,0,0,0,0
00-0021357,Rock Cartwright,RB,2003,16,REG,2003_16_WAS_CHI,WAS,CHI,0,0,0,0,0,0,0,13,41,0
00-0021376,T.J. Duckett,RB,2003,16,REG,2003_16_ATL_TB,ATL,TB,0,0,0,0,0,0,0,27,93,0
00-0021979,Domanick Williams,RB,2003,16,REG,2003_16_TEN_HOU,HOU,TEN,0,0,0,0,0,0,0,14,51,1
00-0022006,Artose Pinner,RB,2003,16,REG,2003_16_DET_CAR,DET,CAR,0,0,0,0,0,0,0,12,22,0
00-0022011,Justin Griffith,RB,2003,16,REG,2003_16_ATL_TB,ATL,TB,0,0,0,0,0,0,0,3,16,0
00-0022057,LaBrandon Toefield,RB,2003,16,REG,2003_16_NO_JAX,JAX,NO,0,0,0,0,0,0,0,4,11,0
00-0022084,Anquan Boldin,WR,2003,16,REG,2003_16_ARI_SEA,ARI,SEA,0,0,0,0,0,0,0,1,-5,0
00-0022092,Chris Brown,RB,2003,16,REG,2003_16_TEN_HOU,TEN,HOU,0,0,0,0,0,0,0,10,69,0
00-0022095,Quentin Griffin,RB,2003,16,REG,2003_16_DEN_IND,DEN,IND,0,0,0,0,0,0,0,28,136,0
00-0022121,Rex Grossman,QB,2003,16,REG,2003_16_WAS_CHI,CHI,WAS,19,32,249,2,1,2,-11,1,0,0
00-0022130,Musa Smith,RB,2003,16,REG,2003_16_BAL_CLE,BAL,CLE,0,0,0,0,0,0,0,4,21,1
00-0022138,Onterrio Smith,RB,2003,16,REG,2003_16_KC_MIN,MIN,KC,0,0,0,0,0,0,0,21,146,3
00-0022141,Jeremi Johnson,FB,2003,16,REG,2003_16_CIN_STL,CIN,LA,0,0,0,0,0,0,0,1,6,0
00-0022144,Bobby Wade,WR,2003,16,REG,2003_16_WAS_CHI,CHI,WAS,0,0,0,0,0,0,0,1,5,0
00-0022164,Kyle Boller,QB,2003,16,REG,2003_16_BAL_CLE,BAL,CLE,1,1,10,0,0,0,0,0,0,0
00-0022171,Kelley Washington,WR,2003,16,REG,2003_16_CIN_STL,CIN,LA,0,0,0,0,0,0,0,1,5,0
00-0022174,Erik Bickerstaff,RB,2003,16,REG,2003_16_NYG_DAL,DAL,NYG,0,0,0,0,0,0,0,7,8,0
00-0022177,Byron Leftwich,QB,2003,16,REG,2003_16_NO_JAX,JAX,NO,9,17,131,1,2,1,0,2,23,0
00-0022180,Lee Suggs,RB,2003,16,REG,2003_16_BAL_CLE,CLE,BAL,0,0,0,0,0,0,0,20,68,0
00-0000007,Rabih Abdullah,RB,2003,17,REG,2003_17_CHI_KC,CHI,KC,0,0,0,0,0,0,0,2,8,0
00-0000339,Richie Anderson,FB,2003,17,REG,2003_17_DAL_NO,DAL,NO,0,0,0,0,0,0,0,6,26,0
00-0000745,Tiki Barber,RB,2003,17,REG,2003_17_CAR_NYG,NYG,CAR,0,0,0,0,0,0,0,9,40,0
00-0000942,Fred Beasley,FB,2003,17,REG,2003_17_SEA_SF,SF,SEA,0,0,0,0,0,0,0,1,4,0
00-0001215,Jerome Bettis,RB,2003,17,REG,2003_17_PIT_BAL,PIT,BAL,0,0,0,0,0,0,0,23,54,0
00-0001361,Drew Bledsoe,QB,2003,17,REG,2003_17_BUF_NE,BUF,NE,12,29,83,0,1,3,-21,1,3,0
00-0001823,Aaron Brooks,QB,2003,17,REG,2003_17_DAL_NO,NO,DAL,15,32,243,1,0,2,-10,2,7,0
00-0002159,Shawn Bryson,RB,2003,17,REG,2003_17_STL_DET,DET,LA,0,0,0,0,0,0,0,3,9,0
00-0002846,Larry Centers,FB,2003,17,REG,2003_17_BUF_NE,NE,BUF,0,0,0,0,0,0,0,4,9,0
00-0002876,Chris Chandler,QB,2003,17,REG,2003_17_CHI_KC,CHI,KC,6,17,81,0,0,3,-23,1,4,0
00-0003315,Todd Collins,QB,2003,17,REG,2003_17_CHI_KC,KC,CHI,3,3,41,0,0,0,0,4,-2,0
00-0003535,Tim Couch,QB,2003,17,REG,2003_17_CLE_CIN,CLE,CIN,9,18,115,0,0,0,0,1,-1,0
00-0003663,Zack Crockett,RB,2003,17,REG,2003_17_OAK_SD,LV,LAC,0,0,0,0,0,0,0,10,39,0
00-0003739,Daunte Culpepper,QB,2003,17,REG,2003_17_MIN_ARI,MIN,ARI,18,28,197,1,1,1,-5,7,40,0
00-0004052,Stephen Davis,RB,2003,17,REG,2003_17_CAR_NYG,CAR,NYG,0,0,0,0,0,0,0,11,57,0
00-0004161,Jake Delhomme,QB,2003,17,REG,2003_17_CAR_NYG,CAR,NYG,16,30,191,2,1,6,-54,3,-3,0
00-0004229,Koy Detmer,QB,2003,17,REG,2003_17_PHI_WAS,PHI,WAS,1,2,7,0,0,0,0,0,0,0
00-0004304,Corey Dillon,RB,2003,17,REG,2003_17_CLE_CIN,CIN,CLE,0,0,0,0,0,0,0,8,50,0
00-0005091,Kevin Faulk,RB,2003,17,REG,2003_17_BUF_NE,NE,BUF,0,0,0,0,0,0,0,9,26,0
00-0005092,Marshall Faulk,RB,2003,17,REG,2003_17_STL_DET,LA,DET,0,0,0,0,0,0,0,12,35,1
00-0005106,Brett Favre,QB,2003,17,REG,2003_17_DEN_GB,GB,DEN,12,21,116,1,1,2,-14,1,4,0
00-0005180,Jay Fiedler,QB,2003,17,REG,2003_17_NYJ_MIA,MIA,NYJ,21,29,328,1,1,2,-12,3,6,0
00-0005720,Joey Galloway,WR,2003,17,REG,2003_17_DAL_NO,DAL,NO,0,0,0,0,0,0,0,1,10,0
00-0005755,Jeff Garcia,QB,2003,17,REG,2003_17_SEA_SF,SF,SEA,22,38,248,2,1,3,-17,2,15,0
00-0005883,Eddie George,RB,2003,17,REG,2003_17_TB_TEN,TEN,TB,0,0,0,0,0,0,0,26,87,0
00-0006305,Ahman Green,RB,2003,17,REG,2003_17_DEN_GB,GB,DEN,0,0,0,0,0,0,0,20,218,2
00-0006355,Trent Green,QB,2003,17,REG,2003_17_CHI_KC,KC,CHI,19,27,162,1,1,1,-8,1,9,0
00-0006627,Az-Zahir Hakim,WR,2003,17,REG,2003_17_STL_DET,DET,LA,0,0,0,0,0,0,0,2,43,0
00-0007091,Matt Hasselbeck,QB,2003,17,REG,2003_17_SEA_SF,SEA,SF,24,37,315,2,2,1,-10,3,-3,0
00-0007661,Priest Holmes,RB,2003,17,REG,2003_17_CHI_KC,KC,CHI,0,0,0,0,0,0,0,20,50,2
00-0007835,Damon Huard,QB,2003,17,REG,2003_17_BUF_NE,NE,BUF,0,1,0,0,0,0,0,1,-1,0
00-0008241,Edgerrin James,RB,2003,17,REG,2003_17_IND_HOU,IND,HOU,0,0,0,0,0,0,0,27,171,1
00-0008442,Brad Johnson,QB,2003,17,REG,2003_17_TB_TEN,TB,TEN,13,23,96,0,3,0,0,0,0,0
00-0008568,Leon Johnson,RB,2003,17,REG,2003_17_OAK_SD,LAC,LV,0,0,0,0,0,0,0,1,18,0
00-0009007,Danny Kanell,QB,2003,17,REG,2003_17_DEN_GB,DEN,GB,9,18,61,0,1,0,0,0,0,0
00-0009266,Shaun King,QB,2003,17,REG,2003_17_TB_TEN,TB,TEN,11,15,106,1,1,2,-17,2,2,0
00-0009311,Jon Kitna,QB,2003,17,REG,2003_17_CLE_CIN,CIN,CLE,23,35,175,0,1,3,-19,1,9,0
00-0009829,Dorsey Levens,RB,2003,17,REG,2003_17_CAR_NYG,NYG,CAR,0,0,0,0,0,0,0,7,17,0
00-0010261,Tommy Maddox,QB,2003,17,REG,2003_17_PIT_BAL,PIT,BAL,14,27,108,0,3,5,-31,0,0,0
00-0010346,Peyton Manning,QB,2003,17,REG,2003_17_IND_HOU,IND,HOU,26,38,220,1,1,1,-9,3,5,0
00-0010442,Curtis Martin,RB,2003,17,REG,2003_17_NYJ_MIA,NYJ,MIA,0,0,0,0,0,0,0,24,92,1
00-0011022,Donovan McNabb,QB,2003,17,REG,2003_17_PHI_WAS,PHI,WAS,23,32,242,3,0,0,0,3,16,1
00-0011279,Josh Miller,P,2003,17,REG,2003_17_PIT_BAL,PIT,BAL,1,1,81,1,0,0,0,0,0,0
00-0011378,Rick Mirer,QB,2003,17,REG,2003_17_OAK_SD,LV,LAC,4,11,21,0,0,5,-35,3,15,0
00-0011399,Brian Mitchell,RB,2003,17,REG,2003_17_CAR_NYG,NYG,CAR,0,0,0,0,0,0,0,3,19,0
00-0011727,Johnnie Morton,WR,2003,17,REG,2003_17_CHI_KC,KC,CHI,0,0,0,0,0,0,0,1,-6,0
00-0011754,Randy Moss,WR,2003,17,REG,2003_17_MIN_ARI,MIN,ARI,0,0,0,0,0,0,0,1,0,0
00-0012261,Neil O'Donnell,QB,2003,17,REG,2003_17_TB_TEN,TEN,TB,18,27,232,2,1,0,0,1,-1,0
00-0012726,Doug Pederson,QB,2003,17,REG,2003_17_DEN_GB,GB,DEN,1,1,2,0,0,0,0,2,-1,0
00-0013013,Michael Pittman,RB,2003,17,REG,2003_17_TB_TEN,TB,TEN,0,0,0,0,0,0,0,4,19,0
00-0014450,Cory Schlesinger,FB,2003,17,REG,2003_17_STL_DET,DET,LA,0,0,0,0,0,0,0,1,4,0
00-0015091,Antowain Smith,RB,2003,17,REG,2003_17_BUF_NE,NE,BUF,0,0,0,0,0,0,0,15,74,0
00-0015165,Emmitt Smith,RB,2003,17,REG,2003_17_MIN_ARI,ARI,MIN,0,0,0,0,0,0,0,7,20,0
00-0015242,Lamar Smith,RB,2003,17,REG,2003_17_DAL_NO,NO,DAL,0,0,0,0,0,0,0,1,2,0
00-0015523,Duce Staley,RB,2003,17,REG,2003_17_PHI_WAS,PHI,WAS,0,0,0,0,0,0,0,5,7,0
00-0015700,Kordell Stewart,QB,2003,17,REG,2003_17_CHI_KC,CHI,KC,5,15,86,0,2,0,0,1,2,0
00-0015830,Mack Strong,FB,2003,17,REG,2003_17_SEA_SF,SEA,SF,0,0,0,0,0,0,0,2,1,0
00-0015980,Reggie Swinton,WR,2003,17,REG,2003_17_STL_DET,DET,LA,0,0,0,0,0,0,0,1,0,0
00-0016098,Fred Taylor,RB,2003,17,REG,2003_17_JAX_ATL,JAX,ATL,0,0,0,0,0,0,0,22,121,0
00-0016689,Matt Turk,P,2003,17,REG,2003_17_NYJ_MIA,MIA,NYJ,0,0,0,0,0,0,0,1,0,0
00-0017200,Kurt Warner,QB,2003,17,REG,2003_17_STL_DET,LA,DET,4,11,23,0,0,0,0,0,0,0
00-0017486,Tyrone Wheatley,RB,2003,17,REG,2003_17_OAK_SD,LV,LAC,0,0,0,0,0,0,0,6,35,0
00-0017892,Moe Williams,RB,2003,17,REG,2003_17_MIN_ARI,MIN,ARI,0,0,0,0,0,0,0,7,12,1
00-0017896,Nicolas Luchey,RB,2003,17,REG,2003_17_DEN_GB,GB,DEN,0,0,0,0,0,0,0,1,3,0
00-0017915,Ricky Williams,RB,2003,17,REG,2003_17_NYJ_MIA,MIA,NYJ,0,0,0,0,0,0,0,20,73,1
00-0018272,Anthony Wright,QB,2003,17,REG,2003_17_PIT_BAL,BAL,PIT,16,27,163,0,1,1,-7,4,-6,0
00-0018501,Amos Zereoue,RB,2003,17,REG,2003_17_PIT_BAL,PIT,BAL,0,0,0,0,0,0,0,3,1,0
00-0018588,Alan Ricard,RB,2003,17,REG,2003_17_PIT_BAL,BAL,PIT,0,0,0,0,0,0,0,2,6,0
00-0019057,Jamel White,RB,2003,17,REG,2003_17_CLE_CIN,CLE,CIN,0,0,0,0,0,0,0,9,54,0
00-0019192,Travis Brown,QB,2003,17,REG,2003_17_BUF_NE,BUF,NE,11,14,119,0,1,1,-7,0,0,0
00-0019455,Peter Warrick,WR,2003,17,REG,2003_17_CLE_CIN,CIN,CLE,0,0,0,0,0,0,0,1,2,0
00-0019484,Sammy Morris,RB,2003,17,REG,2003_17_BUF_NE,BUF,NE,0,0,0,0,0,0,0,4,17,0
00-0019516,Troy Hambrick,RB,2003,17,REG,2003_17_DAL_NO,DAL,NO,0,0,0,0,0,0,0,11,26,0
00-0019559,Chad Pennington,QB,2003,17,REG,2003_17_NYJ_MIA,NYJ,MIA,22,28,221,1,0,4,-30,0,0,0
00-0019590,Chad Morton,RB,2003,17,REG,2003_17_PHI_WAS,WAS,PHI,0,0,0,0,0,0,0,2,19,0
00-0019596,Tom Brady,QB,2003,17,REG,2003_17_BUF_NE,NE,BUF,21,32,204,4,0,2,-14,5,23,0
00-0019599,Marc Bulger,QB,2003,17,REG,2003_17_STL_DET,LA,DET,18,31,170,1,1,4,-40,0,0,0
00-0019633,Tee Martin,QB,2003,17,REG,2003_17_OAK_SD,LV,LAC,2,11,14,0,1,0,0,4,22,0
00-0019641,Thomas Jones,RB,2003,17,REG,2003_17_TB_TEN,TB,TEN,0,0,0,0,0,0,0,13,68,0
00-0019647,Shaun Alexander,RB,2003,17,REG,2003_17_SEA_SF,SEA,SF,0,0,0,0,0,0,0,21,84,1
00-0019650,Dennis Northcutt,WR,2003,17,REG,2003_17_CLE_CIN,CLE,CIN,0,0,0,0,0,0,0,3,32,0
00-0019673,Paul Smith,RB,2003,17,REG,2003_17_STL_DET,DET,LA,0,0,0,0,0,0,0,2,5,0
00-0019682,Jarious Jackson,QB,2003,17,REG,2003_17_DEN_GB,DEN,GB,4,9,41,0,1,0,0,1,9,0
00-0019693,Jamal Lewis,RB,2003,17,REG,2003_17_PIT_BAL,BAL,PIT,0,0,0,0,0,0,0,27,114,1
00-0019722,J.R. Redmond,RB,2003,17,REG,2003_17_OAK_SD,LV,LAC,0,0,0,0,0,0,0,9,30,0
00-0019816,Tim Hasselbeck,QB,2003,17,REG,2003_17_PHI_WAS,WAS,PHI,21,32,192,0,1,4,-16,3,17,0
00-0019831,Nick Goings,RB,2003,17,REG,2003_17_CAR_NYG,CAR,NYG,0,0,0,0,0,0,0,3,17,0
00-0019863,Dominic Rhodes,RB,2003,17,REG,2003_17_IND_HOU,IND,HOU,0,0,0,0,0,0,0,8,31,0
00-0020022,Marcel Shipp,RB,2003,17,REG,2003_17_MIN_ARI,ARI,MIN,0,0,0,0,0,0,0,9,17,0
00-0020245,Mike Vick,QB,2003,17,REG,2003_17_JAX_ATL,ATL,JAX,12,22,180,2,1,1,-2,7,29,0
00-0020270,Correll Buckhalter,RB,2003,17,REG,2003_17_PHI_WAS,PHI,WAS,0,0,0,0,0,0,0,13,54,0
00-0020315,Derrick Blaylock,RB,2003,17,REG,2003_17_CHI_KC,KC,CHI,0,0,0,0,0,0,0,1,10,0
00-0020403,Anthony Thomas,RB,2003,17,REG,2003_17_CHI_KC,CHI,KC,0,0,0,0,0,0,0,16,61,0
00-0020404,Quincy Carter,QB,2003,17,REG,2003_17_DAL_NO,DAL,NO,27,47,290,1,3,3,-23,2,17,0
00-0020407,Rudi Johnson,RB,2003,17,REG,2003_17_CLE_CIN,CIN,CLE,0,0,0,0,0,0,0,14,52,2
00-0020427,Quincy Morgan,WR,2003,17,REG,2003_17_CLE_CIN,CLE,CIN,0,0,0,0,0,0,0,1,-7,0
00-0020446,Chris Chambers,WR,2003,17,REG,2003_17_NYJ_MIA,MIA,NYJ,0,0,0,0,0,0,0,1,2,0
00-0020448,Travis Minor,RB,2003,17,REG,2003_17_NYJ_MIA,MIA,NYJ,0,0,0,0,0,0,0,1,0,0
00-0020462,LaMont Jordan,RB,2003,17,REG,2003_17_NYJ_MIA,NYJ,MIA,0,0,0,0,0,0,0,1,2,0
00-0020471,Travis Henry,RB,2003,17,REG,2003_17_BUF_NE,BUF,NE,0,0,0,0,0,0,0,15,62,0
00-0020474,Kevan Barlow,RB,2003,17,REG,2003_17_SEA_SF,SF,SEA,0,0,0,0,0,0,0,14,40,0
00-0020483,Jesse Palmer,QB,2003,17,REG,2003_17_CAR_NYG,NYG,CAR,18,43,110,2,4,2,-11,0,0,0
00-0020490,Koren Robinson,WR,2003,17,REG,2003_17_SEA_SF,SEA,SF,0,0,0,0,0,0,0,1,-4,0
00-0020513,David Terrell,WR,2003,17,REG,2003_17_CHI_KC,CHI,KC,0,0,0,0,0,0,0,1,4,0
00-0020514,Michael Bennett,RB,2003,17,REG,2003_17_MIN_ARI,MIN,ARI,0,0,0,0,0,0,0,12,63,0
00-0020527,Deuce McAllister,RB,2003,17,REG,2003_17_DAL_NO,NO,DAL,0,1,0,0,0,0,0,21,49,0
00-0020531,Drew Brees,QB,2003,17,REG,2003_17_OAK_SD,LAC,LV,15,28,97,1,0,3,-23,5,2,0
00-0020536,LaDainian Tomlinson,RB,2003,17,REG,2003_17_OAK_SD,LAC,LV,0,0,0,0,0,0,0,31,243,2
00-0020587,Jamal Robertson,RB,2003,17,REG,2003_17_SEA_SF,SF,SEA,0,0,0,0,0,0,0,5,0,0
00-0020608,David Carr,QB,2003,17,REG,2003_17_IND_HOU,HOU,IND,13,23,105,0,1,0,0,2,0,0
00-0020754,Kelly Campbell,WR,2003,17,REG,2003_17_MIN_ARI,MIN,ARI,0,0,0,0,0,0,0,1,7,0
00-0020964,Tony Fisher,RB,2003,17,REG,2003_17_DEN_GB,GB,DEN,0,0,0,0,0,0,0,3,17,0
00-0020973,Woody Dantzler,RB,2003,17,REG,2003_17_JAX_ATL,ATL,JAX,0,0,0,0,0,0,0,1,3,0
00-0021031,John Simon,RB,2003,17,REG,2003_17_PHI_WAS,WAS,PHI,0,0,0,0,0,0,0,1,0,0
00-0021141,Joey Harrington,QB,2003,17,REG,2003_17_STL_DET,DET,LA,26,36,238,3,1,1,-8,2,0,0
00-0021164,DeShaun Foster,RB,2003,17,REG,2003_17_CAR_NYG,CAR,NYG,0,0,0,0,0,0,0,17,43,0
00-0021182,Maurice Morris,RB,2003,17,REG,2003_17_SEA_SF,SEA,SF,0,0,0,0,0,0,0,5,11,0
00-0021190,Antwaan Randle El,WR,2003,17,REG,2003_17_PIT_BAL,PIT,BAL,0,1,0,0,0,0,0,1,1,0
00-0021206,Josh McCown,QB,2003,17,REG,2003_17_MIN_ARI,ARI,MIN,20,33,224,2,1,8,-69,3,27,0
00-0021216,Brian Westbrook,RB,2003,17,REG,2003_17_PHI_WAS,PHI,WAS,0,0,0,0,0,0,0,4,6,0
00-0021252,Najeh Davenport,RB,2003,17,REG,2003_17_DEN_GB,GB,DEN,0,0,0,0,0,0,0,7,21,0
00-0021314,Chester Taylor,RB,2003,17,REG,2003_17_PIT_BAL,BAL,PIT,0,0,0,0,0,0,0,2,9,0
00-0021357,Rock Cartwright,RB,2003,17,REG,2003_17_PHI_WAS,WAS,PHI,0,0,0,0,0,0,0,12,43,1
00-0021376,T.J. Duckett,RB,2003,17,REG,2003_17_JAX_ATL,ATL,JAX,0,0,0,0,0,0,0,22,96,1
00-0021387,Jamar Martin,RB,2003,17,REG,2003_17_DAL_NO,DAL,NO,0,0,0,0,0,0,0,1,1,0
00-0021750,Arlen Harris,RB,2003,17,REG,2003_17_STL_DET,LA,DET,0,0,0,0,0,0,0,1,6,0
00-0021845,Cecil Sapp,RB,2003,17,REG,2003_17_DEN_GB,DEN,GB,0,0,0,0,0,0,0,12,31,0
00-0021976,Larry Johnson,RB,2003,17,REG,2003_17_CHI_KC,KC,CHI,0,0,0,0,0,0,0,7,26,1
00-0021979,Domanick Williams,RB,2003,17,REG,2003_17_IND_HOU,HOU,IND,0,0,0,0,0,0,0,20,99,2
00-0022006,Artose Pinner,RB,2003,17,REG,2003_17_STL_DET,DET,LA,0,0,0,0,0,0,0,18,51,0
00-0022011,Justin Griffith,RB,2003,17,REG,2003_17_JAX_ATL,ATL,JAX,0,0,0,0,0,0,0,9,38,0
00-0022057,LaBrandon Toefield,RB,2003,17,REG,2003_17_JAX_ATL,JAX,ATL,0,0,0,0,0,0,0,3,3,1
00-0022092,Chris Brown,RB,2003,17,REG,2003_17_TB_TEN,TEN,TB,0,0,0,0,0,0,0,7,26,0
00-0022095,Quentin Griffin,RB,2003,17,REG,2003_17_DEN_GB,DEN,GB,0,0,0,0,0,0,0,21,74,0
00-0022112,Gibran Hamdan,QB,2003,17,REG,2003_17_PHI_WAS,WAS,PHI,1,2,7,0,0,1,-2,0,0,0
00-0022121,Rex Grossman,QB,2003,17,REG,2003_17_CHI_KC,CHI,KC,6,10,31,0,0,1,-18,0,0,0
00-0022138,Onterrio Smith,RB,2003,17,REG,2003_17_MIN_ARI,MIN,ARI,0,0,0,0,0,0,0,5,28,0
00-0022141,Jeremi Johnson,FB,2003,17,REG,2003_17_CLE_CIN,CIN,CLE,0,0,0,0,0,0,0,1,2,0
00-0022144,Bobby Wade,WR,2003,17,REG,2003_17_CHI_KC,CHI,KC,0,0,0,0,0,0,0,1,5,0
00-0022174,Erik Bickerstaff,RB,2003,17,REG,2003_17_DAL_NO,DAL,NO,0,0,0,0,0,0,0,2,5,0
00-0022177,Byron Leftwich,QB,2003,17,REG,2003_17_JAX_ATL,JAX,ATL,19,32,167,1,0,1,-4,3,33,0
00-0022180,Lee Suggs,RB,2003,17,REG,2003_17_CLE_CIN,CLE,CIN,0,0,0,0,0,0,0,26,186,2
00-0000339,Richie Anderson,FB,2003,18,POST,2003_18_DAL_CAR,DAL,CAR,0,0,0,0,0,0,0,6,18,0
00-0004052,Stephen Davis,RB,2003,18,POST,2003_18_DAL_CAR,CAR,DAL,0,0,0,0,0,0,0,26,104,1
00-0004161,Jake Delhomme,QB,2003,18,POST,2003_18_DAL_CAR,CAR,DAL,18,29,273,1,0,1,0,2,-2,0
00-0005106,Brett Favre,QB,2003,18,POST,2003_18_SEA_GB,GB,SEA,26,38,319,1,0,0,0,1,-1,0
00-0005883,Eddie George,RB,2003,18,POST,2003_18_TEN_BAL,TEN,BAL,0,0,0,0,0,0,0,25,88,0
00-0006305,Ahman Green,RB,2003,18,POST,2003_18_SEA_GB,GB,SEA,0,0,0,0,0,0,0,23,66,2
00-0007091,Matt Hasselbeck,QB,2003,18,POST,2003_18_SEA_GB,SEA,GB,25,45,305,0,1,2,-14,0,0,0
00-0007834,Brock Huard,QB,2003,18,POST,2003_18_DEN_IND,IND,DEN,4,5,17,0,0,0,0,0,0,0
00-0008241,Edgerrin James,RB,2003,18,POST,2003_18_DEN_IND,IND,DEN,0,0,0,0,0,0,0,17,78,0
00-0010346,Peyton Manning,QB,2003,18,POST,2003_18_DEN_IND,IND,DEN,22,26,377,5,0,0,0,1,0,0
00-0011024,Steve McNair,QB,2003,18,POST,2003_18_TEN_BAL,TEN,BAL,14,23,159,1,3,0,0,4,16,0
00-0011795,Muhsin Muhammad,WR,2003,18,POST,2003_18_DAL_CAR,CAR,DAL,0,0,0,0,0,0,0,1,6,0
00-0013042,Jake Plummer,QB,2003,18,POST,2003_18_DEN_IND,DEN,IND,23,30,181,1,2,2,-5,3,18,0
00-0018272,Anthony Wright,QB,2003,18,POST,2003_18_TEN_BAL,BAL,TEN,20,37,214,1,2,2,-13,2,19,0
00-0019100,Brad Hoover,FB,2003,18,POST,2003_18_DAL_CAR,CAR,DAL,0,0,0,0,0,0,0,1,1,0
00-0019516,Troy Hambrick,RB,2003,18,POST,2003_18_DAL_CAR,DAL,CAR,0,0,0,0,0,0,0,8,29,0
00-0019647,Shaun Alexander,RB,2003,18,POST,2003_18_SEA_GB,SEA,GB,0,0,0,0,0,0,0,20,45,3
00-0019693,Jamal Lewis,RB,2003,18,POST,2003_18_TEN_BAL,BAL,TEN,0,0,0,0,0,0,0,14,35,0
00-0019863,Dominic Rhodes,RB,2003,18,POST,2003_18_DEN_IND,IND,DEN,0,0,0,0,0,0,0,4,8,0
00-0020404,Quincy Carter,QB,2003,18,POST,2003_18_DAL_CAR,DAL,CAR,21,36,154,0,1,3,-22,4,25,1
00-0020739,Ricky Williams,RB,2003,18,POST,2003_18_DEN_IND,IND,DEN,0,0,0,0,0,0,0,1,-1,0
00-0021153,Javon Walker,WR,2003,18,POST,2003_18_SEA_GB,GB,SEA,0,0,0,0,0,0,0,1,-8,0
00-0021164,DeShaun Foster,RB,2003,18,POST,2003_18_DAL_CAR,CAR,DAL,0,0,0,0,0,0,0,4,-2,0
00-0021179,Clinton Portis,RB,2003,18,POST,2003_18_DEN_IND,DEN,IND,0,0,0,0,0,0,0,17,68,0
00-0021182,Maurice Morris,RB,2003,18,POST,2003_18_SEA_GB,SEA,GB,0,0,0,0,0,0,0,1,4,0
00-0021252,Najeh Davenport,RB,2003,18,POST,2003_18_SEA_GB,GB,SEA,0,0,0,0,0,0,0,7,21,0
00-0022092,Chris Brown,RB,2003,18,POST,2003_18_TEN_BAL,TEN,BAL,0,0,0,0,0,0,0,11,61,1
00-0022095,Quentin Griffin,RB,2003,18,POST,2003_18_DEN_IND,DEN,IND,0,0,0,0,0,0,0,6,60,0
00-0002846,Larry Centers,FB,2003,19,POST,2003_19_TEN_NE,NE,TEN,0,0,0,0,0,0,0,1,0,0
00-0004052,Stephen Davis,RB,2003,19,POST,2003_19_CAR_STL,CAR,LA,0,0,0,0,0,0,0,6,86,0
00-0004161,Jake Delhomme,QB,2003,19,POST,2003_19_CAR_STL,CAR,LA,16,26,290,1,1,3,-21,4,-6,0
00-0005091,Kevin Faulk,RB,2003,19,POST,2003_19_TEN_NE,NE,TEN,0,0,0,0,0,0,0,5,22,0
00-0005092,Marshall Faulk,RB,2003,19,POST,2003_19_CAR_STL,LA,CAR,0,0,0,0,0,0,0,19,53,1
00-0005106,Brett Favre,QB,2003,19,POST,2003_19_GB_PHI,GB,PHI,15,28,180,2,1,1,-9,1,3,0
00-0005883,Eddie George,RB,2003,19,POST,2003_19_TEN_NE,TEN,NE,0,0,0,0,0,0,0,16,48,0
00-0006305,Ahman Green,RB,2003,19,POST,2003_19_GB_PHI,GB,PHI,0,0,0,0,0,0,0,25,156,0
00-0006355,Trent Green,QB,2003,19,POST,2003_19_IND_KC,KC,IND,18,30,212,1,0,0,0,3,18,0
00-0007661,Priest Holmes,RB,2003,19,POST,2003_19_IND_KC,KC,IND,0,0,0,0,0,0,0,24,176,2
00-0008241,Edgerrin James,RB,2003,19,POST,2003_19_IND_KC,IND,KC,0,0,0,0,0,0,0,26,125,2
00-0010346,Peyton Manning,QB,2003,19,POST,2003_19_IND_KC,IND,KC,22,30,304,3,0,1,-12,1,-1,0
00-0011022,Donovan McNabb,QB,2003,19,POST,2003_19_GB_PHI,PHI,GB,21,39,248,2,0,8,-49,11,107,0
00-0011024,Steve McNair,QB,2003,19,POST,2003_19_TEN_NE,TEN,NE,18,26,210,1,1,3,-10,2,11,0
00-0011727,Johnnie Morton,WR,2003,19,POST,2003_19_IND_KC,KC,IND,0,0,0,0,0,0,0,1,5,0
00-0011795,Muhsin Muhammad,WR,2003,19,POST,2003_19_CAR_STL,CAR,LA,0,0,0,0,0,0,0,1,3,0
00-0015091,Antowain Smith,RB,2003,19,POST,2003_19_TEN_NE,NE,TEN,0,0,0,0,0,0,0,16,69,1
00-0015523,Duce Staley,RB,2003,19,POST,2003_19_GB_PHI,PHI,GB,0,0,0,0,0,0,0,5,45,0
00-0018343,Frank Wycheck,TE,2003,19,POST,2003_19_TEN_NE,TEN,NE,0,0,0,0,0,0,0,1,-10,0
00-0019100,Brad Hoover,FB,2003,19,POST,2003_19_CAR_STL,CAR,LA,0,0,0,0,0,0,0,2,9,1
00-0019596,Tom Brady,QB,2003,19,POST,2003_19_TEN_NE,NE,TEN,21,41,201,1,0,0,0,5,5,0
00-0019599,Marc Bulger,QB,2003,19,POST,2003_19_CAR_STL,LA,CAR,27,46,332,0,3,2,-16,4,11,0
00-0019831,Nick Goings,RB,2003,19,POST,2003_19_CAR_STL,CAR,LA,0,0,0,0,0,0,0,6,22,0
00-0019863,Dominic Rhodes,RB,2003,19,POST,2003_19_IND_KC,IND,KC,0,0,0,0,0,0,0,5,18,0
00-0020270,Correll Buckhalter,RB,2003,19,POST,2003_19_GB_PHI,PHI,GB,0,0,0,0,0,0,0,9,12,0
00-0020315,Derrick Blaylock,RB,2003,19,POST,2003_19_IND_KC,KC,IND,0,0,0,0,0,0,0,2,-3,0
00-0020337,Steve Smith,WR,2003,19,POST,2003_19_CAR_STL,CAR,LA,0,1,0,0,0,0,0,1,7,0
00-0020964,Tony Fisher,RB,2003,19,POST,2003_19_GB_PHI,GB,PHI,0,0,0,0,0,0,0,2,9,0
00-0021164,DeShaun Foster,RB,2003,19,POST,2003_19_CAR_STL,CAR,LA,0,0,0,0,0,0,0,21,95,0
00-0021252,Najeh Davenport,RB,2003,19,POST,2003_19_GB_PHI,GB,PHI,0,0,0,0,0,0,0,9,42,0
00-0022092,Chris Brown,RB,2003,19,POST,2003_19_TEN_NE,TEN,NE,0,0,0,0,0,0,0,7,35,1
00-0002846,Larry Centers,FB,2003,20,POST,2003_20_IND_NE,NE,IND,0,0,0,0,0,0,0,1,0,0
00-0004052,Stephen Davis,RB,2003,20,POST,2003_20_CAR_PHI,CAR,PHI,0,0,0,0,0,0,0,19,76,0
00-0004161,Jake Delhomme,QB,2003,20,POST,2003_20_CAR_PHI,CAR,PHI,9,14,101,1,0,0,0,4,7,0
00-0004229,Koy Detmer,QB,2003,20,POST,2003_20_CAR_PHI,PHI,CAR,7,14,88,0,1,1,-8,0,0,0
00-0005091,Kevin Faulk,RB,2003,20,POST,2003_20_IND_NE,NE,IND,0,0,0,0,0,0,0,3,8,0
00-0008241,Edgerrin James,RB,2003,20,POST,2003_20_IND_NE,IND,NE,0,0,0,0,0,0,0,19,78,1
00-0010346,Peyton Manning,QB,2003,20,POST,2003_20_IND_NE,IND,NE,23,47,237,1,4,4,-29,2,4,0
00-0011022,Donovan McNabb,QB,2003,20,POST,2003_20_CAR_PHI,PHI,CAR,10,22,100,0,3,4,-28,2,10,0
00-0011795,Muhsin Muhammad,WR,2003,20,POST,2003_20_CAR_PHI,CAR,PHI,0,0,0,0,0,0,0,1,5,0
00-0015091,Antowain Smith,RB,2003,20,POST,2003_20_IND_NE,NE,IND,0,0,0,0,0,0,0,22,100,0
00-0015194,Hunter Smith,P,2003,20,POST,2003_20_IND_NE,IND,NE,0,0,0,0,0,0,0,1,0,0
00-0015523,Duce Staley,RB,2003,20,POST,2003_20_CAR_PHI,PHI,CAR,0,0,0,0,0,0,0,13,79,0
00-0019100,Brad Hoover,FB,2003,20,POST,2003_20_CAR_PHI,CAR,PHI,0,0,0,0,0,0,0,1,2,0
00-0019453,Rod Smart,RB,2003,20,POST,2003_20_CAR_PHI,CAR,PHI,0,0,0,0,0,0,0,1,5,0
00-0019596,Tom Brady,QB,2003,20,POST,2003_20_IND_NE,NE,IND,22,37,237,1,1,0,0,5,1,0
00-0019863,Dominic Rhodes,RB,2003,20,POST,2003_20_IND_NE,IND,NE,0,0,0,0,0,0,0,3,16,0
00-0020270,Correll Buckhalter,RB,2003,20,POST,2003_20_CAR_PHI,PHI,CAR,0,0,0,0,0,0,0,11,48,0
00-0021164,DeShaun Foster,RB,2003,20,POST,2003_20_CAR_PHI,CAR,PHI,0,0,0,0,0,0,0,14,60,1
00-0021993,Bethel Johnson,WR,2003,20,POST,2003_20_IND_NE,NE,IND,0,0,0,0,0,0,0,1,3,0
00-0002068,Troy Brown,WR,2003,21,POST,2003_21_CAR_NE,NE,CAR,0,0,0,0,0,0,0,1,-10,0
00-0004052,Stephen Davis,RB,2003,21,POST,2003_21_CAR_NE,CAR,NE,0,0,0,0,0,0,0,13,49,0
00-0004161,Jake Delhomme,QB,2003,21,POST,2003_21_CAR_NE,CAR,NE,16,33,323,3,0,4,-28,0,0,0
00-0005091,Kevin Faulk,RB,2003,21,POST,2003_21_CAR_NE,NE,CAR,0,0,0,0,0,0,0,6,42,0
00-0015091,Antowain Smith,RB,2003,21,POST,2003_21_CAR_NE,NE,CAR,0,0,0,0,0,0,0,26,83,1
00-0019596,Tom Brady,QB,2003,21,POST,2003_21_CAR_NE,NE,CAR,32,48,354,3,1,0,0,2,12,0
00-0021164,DeShaun Foster,RB,2003,21,POST,2003_21_CAR_NE,CAR,NE,0,0,0,0,0,0,0,3,43,1
